0.05052,0.05052,56.00392,5342.09016,-0.51623,45.00011,3.6646068180673375,1.3651624613385176,0.0
0.10102,0.10102,55.93063,5340.16503,-0.53197,45.00027,3.6999087192041937,1.3783133483609171,0.0
0.1515,0.15151,55.8552,5338.22369,-0.54719,45.00049,3.73665012959092,1.3920004904546617,0.0
0.20197,0.20197,55.77771,5336.2652,-0.56187,45.00077,3.774825585841714,1.4062218523647887,0.0
0.25242,0.25242,55.69824,5334.28861,-0.57599,45.00111,3.814427858395949,1.4209747408897437,0.0
0.30285,0.30285,55.61687,5332.293,-0.58952,45.00151,3.8554477712070843,1.4362557377107543,0.0
0.35326,0.35327,55.53368,5330.27743,-0.60245,45.00196,3.8978740148268183,1.4520606297607588,0.0
0.40365,0.40366,55.44876,5328.24094,-0.61475,45.00247,3.9416929534251848,1.468384337334314,0.0
0.45402,0.45404,55.36221,5326.18261,-0.62639,45.00304,3.9868884264566313,1.485220840202992,0.0
0.50437,0.5044,55.27411,5324.10151,-0.63736,45.00366,4.033441545779806,1.5025631020371628,0.0
0.5547,0.55474,55.18457,5321.99671,-0.64763,45.00434,4.08133048918092,1.5204029934880126,0.0
0.60501,0.60506,55.09368,5319.8673,-0.65719,45.00508,4.13053029141777,1.538731214345946,0.0
0.65531,0.65537,55.00155,5317.71235,-0.66601,45.00587,4.181012634047089,1.5575372152457423,0.0
0.70558,0.70565,54.90828,5315.53099,-0.67407,45.00672,4.2327456354625435,1.5768091194501879,0.0
0.75583,0.75592,54.81398,5313.32232,-0.68136,45.00763,4.285693642750417,1.5965336453108376,0.0
0.80606,0.80617,54.71876,5311.08548,-0.68785,45.00859,4.339817027130212,1.616696030064261,0.0
0.85626,0.8564,54.62274,5308.81962,-0.69352,45.0096,4.3950719849456386,1.6372799556959459,0.0
0.90645,0.90661,54.52603,5306.52392,-0.69836,45.01068,4.451410346319286,1.6582674776591317,0.0
0.95661,0.9568,54.42875,5304.19756,-0.70235,45.01181,4.508779393776778,1.6796389573075319,0.0
1.00676,1.00697,54.33102,5301.83978,-0.70547,45.01299,4.567121693300817,1.7013729989585242,0.0
1.05687,1.05712,54.23295,5299.44982,-0.70772,45.01423,4.626374940430387,1.723446392561051,0.0
1.10697,1.10725,54.13469,5297.02697,-0.70907,45.01552,4.686471824151808,1.7458340629914568,0.0
1.15704,1.15736,54.03634,5294.57055,-0.70951,45.01687,4.747339911443092,1.7685090270432238,0.0
1.20709,1.20745,53.93804,5292.07993,-0.70903,45.01827,4.808901555450991,1.7914423592205053,0.0
1.25711,1.25752,53.83992,5289.5545,-0.70762,45.01972,4.871073830292913,1.8146031674501246,0.0
1.30711,1.30757,53.74211,5286.9937,-0.70527,45.02123,4.933768495551011,1.8379585798546885,0.0
1.35709,1.35759,53.64473,5284.39704,-0.70198,45.0228,4.996891993488133,1.861473743715456,0.0
1.40704,1.4076,53.54793,5281.76407,-0.69773,45.02441,5.060345481949865,1.8851118377292133,0.0
1.45696,1.45758,53.45182,5279.09437,-0.69252,45.02608,5.124024905839729,1.9088340986346692,0.0
1.50686,1.50754,53.35655,5276.38763,-0.68635,45.02781,5.187821109860336,1.9325998632114973,0.0
1.55673,1.55748,53.26225,5273.64355,-0.67922,45.02958,5.2516199950083395,1.9563666265788247,0.0
1.60657,1.6074,53.16905,5270.86193,-0.67113,45.03141,5.315302721027754,1.980090117614422,0.0
1.65639,1.65729,53.07708,5268.04262,-0.66208,45.03329,5.378745956696049,2.003724392192858,0.0
1.70618,1.70716,52.98647,5265.18556,-0.65208,45.03522,5.441822179374524,2.0272219447758917,0.0
1.75594,1.75701,52.89736,5262.29074,-0.64114,45.03721,5.5044000248275475,2.0505338387293515,0.0
1.80567,1.80683,52.80986,5259.35824,-0.62925,45.03924,5.566344687766708,2.0736098555363625,0.0
1.85538,1.85663,52.72412,5256.38821,-0.61644,45.04133,5.62751837296899,2.096398662850741,0.0
1.90505,1.9064,52.64025,5253.3809,-0.60272,45.04347,5.6877807962224844,2.1188480011124518,0.0
1.9547,1.95615,52.55838,5250.33663,-0.5881,45.04566,5.746989733626159,2.140904888176223,0.0
2.00431,2.00588,52.47862,5247.25579,-0.57261,45.0479,5.8050016170764165,2.1625158411459617,0.0
2.05389,2.05558,52.4011,5244.13888,-0.55625,45.05019,5.861672173027032,2.1836271143296337,0.0
2.10345,2.10525,52.32592,5240.98647,-0.53906,45.05253,5.916857100847569,2.2041849519456216,0.0
2.15297,2.1549,52.2532,5237.79923,-0.52107,45.05492,5.970412786360052,2.2241358539339156,0.0
2.20246,2.20453,52.18305,5234.5779,-0.50229,45.05736,6.0221970453894755,2.2434268529482333,0.0
2.25192,2.25412,52.11557,5231.32332,-0.48276,45.05985,6.0720698914701305,2.262005800346833,0.0
2.30134,2.30369,52.05085,5228.03641,-0.46251,45.06239,6.119894321197221,2.2798216587566524,0.0
2.35074,2.35324,51.989,5224.71817,-0.44157,45.06498,6.165537110123505,2.296824798565747,0.0
2.40009,2.40275,51.93009,5221.36969,-0.41999,45.06762,6.208869611600725,2.3129672955127436,0.0
2.44942,2.45224,51.8742,5217.99214,-0.3978,45.07031,6.249768550565419,2.328203226392942,0.0
2.49871,2.5017,51.82143,5214.58675,-0.37504,45.07304,6.288116803974146,2.3424889597909657,0.0
2.54797,2.55114,51.77183,5211.15485,-0.35175,45.07583,6.323804159437643,2.3557834386919523,0.0
2.5972,2.60054,51.72547,5207.69783,-0.32798,45.07866,6.35672804355848,2.3680484518064917,0.0
2.64638,2.64992,51.68241,5204.21714,-0.30378,45.08154,6.386794211584323,2.37924889048461,0.0
2.69555,2.69926,51.6424,5200.71482,-0.28381,45.05355,6.414202641079502,2.3894592516307465,-16.999999710011267
2.74471,2.74854,51.60514,5197.19277,-0.26352,45.02547,6.439166790365376,2.398759054086035,-16.999999710011267
2.79386,2.79777,51.5707,5193.65231,-0.24295,44.99729,6.4616267724358485,2.40712598836498,-16.999999710011267
2.843,2.84694,51.53909,5190.09477,-0.22213,44.96904,6.481529854507492,2.4145404101182737,-16.999999710011267
2.89213,2.89605,51.51034,5186.52154,-0.20111,44.94072,6.49883121375456,2.4209856216639656,-16.999999710011267
2.94125,2.94511,51.48448,5182.93405,-0.17994,44.91235,6.513494215603755,2.4264479756595887,-16.999999710011267
2.99036,2.99412,51.46151,5179.33373,-0.15864,44.88394,6.525490640035395,2.4309169594052986,-16.999999710011267
3.03947,3.04307,51.44146,5175.72206,-0.13727,44.85551,6.53480085341166,2.4343852588544146,-16.999999710011267
3.08856,3.09196,51.42431,5172.10053,-0.11587,44.82706,6.541413923965579,2.436848801636107,-16.999999710011267
3.13764,3.14079,51.41008,5168.47064,-0.09447,44.7986,6.545327679756972,2.438306778645514,-16.999999710011267
3.18672,3.18957,51.39874,5164.83392,-0.07313,44.77016,6.546548708580816,2.438761644009597,-16.999999710011267
3.23578,3.23829,51.39029,5161.19187,-0.05189,44.74175,6.545092300020068,2.438219093500303,-16.999999710011267
3.28483,3.28696,51.38471,5157.54602,-0.03078,44.71336,6.54098233048437,2.4366880217084486,-16.999999710011267
3.33387,3.33557,51.38197,5153.89789,-0.00986,44.68503,6.534251092781951,2.4341804585547746,-16.999999710011267
3.3829,3.38412,51.38204,5150.24897,0.01084,44.65677,6.524939072394202,2.430711485946336,-16.999999710011267
3.43192,3.43262,51.38488,5146.60076,0.03128,44.62857,6.513094673195925,2.426299135600079,-16.999999710011267
3.48093,3.48106,51.39046,5142.95473,0.05142,44.60047,6.498773895966234,2.4209642692796924,-16.999999710011267
3.52993,3.52945,51.39871,5139.31233,0.07122,44.57246,6.482039973447807,2.4147304428455785,-16.999999710011267
3.57891,3.57778,51.4096,5135.67498,0.09063,44.54456,6.462962966188383,2.4076237556951727,-16.999999710011267
3.62789,3.62605,51.42306,5132.04406,0.10963,44.51678,6.441619323737226,2.399672687297085,-16.999999710011267
3.67685,3.67427,51.43904,5128.42094,0.12817,44.48914,6.418091415978231,2.390907922600349,-16.999999710011267
3.7258,3.72243,51.45746,5124.80692,0.14623,44.46164,6.392467039662381,2.3813621682047765,-16.999999710011267
3.77474,3.77054,51.47825,5121.20329,0.16376,44.4343,6.364838905252779,2.3710699611972337,-16.999999710011267
3.82367,3.8186,51.50134,5117.61126,0.18074,44.40712,6.335304109238787,2.3600674725747686,-16.999999710011267
3.87259,3.8666,51.52666,5114.03203,0.19714,44.38011,6.303963597046254,2.348392307164546,-16.999999710011267
3.92149,3.91454,51.5541,5110.46671,0.21293,44.35328,6.270921621559313,2.336083301908962,-16.999999710011267
3.97038,3.96244,51.5836,5106.9164,0.22807,44.32665,6.236285202078476,2.3231803243133053,-16.999999710011267
4.01926,4.01027,51.61506,5103.38212,0.24256,44.30021,6.2001635883295245,2.3097240727749626,-16.999999710011267
4.06813,4.05806,51.64839,5099.86483,0.25636,44.27398,6.162667733817231,2.295755880393825,-16.999999710011267
4.11699,4.10579,51.68348,5096.36545,0.26944,44.24796,6.123909782534332,2.2813175237578722,-16.999999710011267
4.16583,4.15348,51.72025,5092.88484,0.28181,44.22216,6.084002572633456,2.2664510380479093,-16.999999710011267
4.21466,4.2011,51.75859,5089.42378,0.29342,44.19658,6.0430591603007215,2.2511985396679517,-16.999999710011267
4.26348,4.24868,51.79841,5085.98303,0.30427,44.17124,6.001192366663707,2.235602057456525,-16.999999710011267
4.31229,4.29621,51.83959,5082.56326,0.31435,44.14612,5.958514350130628,2.2197033733717553,-16.999999710011267
4.36108,4.34369,51.88203,5079.16509,0.32364,44.12125,5.915136206158235,2.20354387339438,-16.999999710011267
4.40986,4.39111,51.92562,5075.78909,0.33212,44.09662,5.8711675960209675,2.1871644092344895,-16.999999710011267
4.45863,4.43849,51.97026,5072.43574,0.3398,44.07223,5.826716405739092,2.1706051712732846,-16.999999710011267
4.50739,4.48582,52.01583,5069.10551,0.34666,44.04809,5.781888435948899,2.1539055730315653,-16.999999710011267
4.55614,4.5331,52.06223,5065.79878,0.3527,44.02421,5.7367871231173755,2.1371041473148624,-16.999999710011267
4.60487,4.58033,52.10935,5062.51589,0.35792,44.00057,5.691513292161156,2.1202384540574855,-16.999999710011267
4.65359,4.62751,52.15707,5059.2571,0.3623,43.97719,5.646164940221166,2.103344999772889,-16.999999710011267
4.70229,4.67465,52.20528,5056.02265,0.36586,43.95406,5.600837051045264,2.0864591684063223,-16.999999710011267
4.75099,4.72174,52.25389,5052.81271,0.36859,43.93118,5.555621439177753,2.0696151632913256,-16.999999710011267
4.79967,4.76878,52.30276,5049.62739,0.37049,43.90856,5.510606622931537,2.052845959828512,-16.999999710011267
4.84834,4.81578,52.35181,5046.46678,0.37157,43.88619,5.465877724945025,2.0361832684404,-16.999999710011267
4.89699,4.86273,52.40091,5043.3309,0.37184,43.86407,5.421516398920388,2.019657507279487,-16.999999710011267
4.94564,4.90964,52.44996,5040.21972,0.37129,43.8422,5.377600781068461,2.0032977841401967,-16.999999710011267
4.99427,4.9565,52.49886,5037.13318,0.36994,43.82057,5.33420546462795,1.9871318869666128,-16.999999710011267
5.04289,5.00332,52.54749,5034.07117,0.3678,43.7992,5.291401495816177,1.9711862823440263,-16.999999710011267
5.09149,5.05009,52.59577,5031.03354,0.36487,43.77806,5.24925638945021,1.9554861213182162,-16.999999710011267
5.14009,5.09683,52.64357,5028.0201,0.36117,43.75717,5.207834162529152,1.9400552519057384,-16.999999710011267
5.18867,5.14352,52.69082,5025.03062,0.35671,43.73651,5.167195384000031,1.9249162376330247,-16.999999710011267
5.23724,5.19017,52.7374,5022.06484,0.3515,43.71609,5.127397238994685,1.9100903814663157,-16.999999710011267
5.28579,5.23677,52.78321,5019.12247,0.34556,43.69589,5.088493605827877,1.8955977544954856,-16.999999710011267
5.33434,5.28334,52.82818,5016.20317,0.3389,43.67592,5.050535144110868,1.8814572287586633,-16.999999710011267
5.38287,5.32987,52.87219,5013.30658,0.33154,43.65617,5.013569392381927,1.8676865136121685,-16.999999710011267
5.43139,5.37635,52.91517,5010.4323,0.32349,43.63663,4.977640873734739,1.8543021950798713,-16.999999710011267
5.4799,5.4228,52.95703,5007.57993,0.31477,43.61731,4.942791207989686,1.8413197776399468,-16.999999710011267
5.52839,5.46921,52.99768,5004.749,0.3054,43.59819,4.9090592290367185,1.8287537279381847,-16.999999710011267
5.57687,5.51558,53.03703,5001.93906,0.2954,43.57927,4.876481106073082,1.8166175199522259,-16.999999710011267
5.62534,5.56191,53.07502,4999.14959,0.28478,43.56054,4.845090467529687,1.8049236811574034,-16.999999710011267
5.6738,5.6082,53.11155,4996.38009,0.27358,43.542,4.814918526585633,1.7936838392841985,-16.999999710011267
5.72225,5.65445,53.14656,4993.63001,0.26179,43.52365,4.785994207238146,1.7829087692826144,-16.999999710011267
5.77068,5.70067,53.17998,4990.89879,0.24946,43.50547,4.758344270000925,1.772608440148116,-16.999999710011267
5.8191,5.74685,53.21173,4988.18584,0.23659,43.48747,4.731993436370174,1.7627920612885006,-16.999999710011267
5.86751,5.793,53.24175,4985.49057,0.22322,43.46962,4.706964511292029,1.7534681281462392,-16.999999710011267
5.91591,5.8391,53.26998,4982.81235,0.20936,43.45194,4.683278502930766,1.74464446681528,-16.999999710011267
5.9643,5.88518,53.29635,4980.15055,0.19503,43.43441,4.66095473911702,1.736328277421084,-16.999999710011267
6.01267,5.93121,53.32081,4977.50453,0.18026,43.41702,4.640010979918852,1.7285261760562964,-16.999999710011267
6.06103,5.97721,53.34331,4974.8736,0.16506,43.39977,4.620463525846664,1.7212442350899355,-16.999999710011267
6.10938,6.02318,53.36379,4972.2571,0.14947,43.38264,4.602327321255615,1.714488021687508,-16.999999710011267
6.15772,6.06911,53.38221,4969.65432,0.13351,43.36565,4.585616052566542,1.708262634400886,-16.999999710011267
6.20604,6.11501,53.39852,4967.06456,0.1172,43.34877,4.570342240978821,1.7025727377062903,-16.999999710011267
6.25436,6.16088,53.41268,4964.4871,0.10056,43.332,4.556517329375742,1.6974225943788264,-16.999999710011267
6.30266,6.20671,53.42465,4961.92119,0.08363,43.31533,4.544151763189747,1.692816095616916,-16.999999710011267
6.35095,6.2525,53.43439,4959.36611,0.06641,43.29876,4.533255065006236,1.6887567888341737,-16.999999710011267
6.39923,6.29827,53.44188,4956.82109,0.04894,43.28227,4.523835902722607,1.685247903050446,-16.999999710011267
6.4475,6.344,53.44709,4954.28537,0.03124,43.26586,4.515902151111809,1.6822923718258553,-16.999999710011267
6.49575,6.38969,53.44998,4951.75816,0.01334,43.24953,4.509460946654867,1.6798928536873554,-16.999999710011267
6.544,6.43536,53.45054,4949.23868,-0.00474,43.23326,4.504518735532148,1.6780517500067422,-16.999999710011267
6.59223,6.48099,53.44874,4946.72613,-0.02297,43.21705,4.501081314676647,1.6767712202940819,-16.999999710011267
6.64045,6.52659,53.44458,4944.21971,-0.04134,43.20089,4.499153865810466,1.6760531948771975,-16.999999710011267
6.68866,6.57216,53.43804,4941.7186,-0.0598,43.18477,4.498740982394048,1.675899384940965,-16.999999710011267
6.73685,6.61769,53.42911,4939.22198,-0.07835,43.16869,4.499846689433917,1.6763112899062194,-16.999999710011267
6.78504,6.6632,53.41778,4936.72901,-0.09695,43.15263,4.502474456092061,1.6772902021270806,-16.999999710011267
6.83321,6.70867,53.40405,4934.23885,-0.11557,43.13659,4.506627201069007,1.678837208896289,-16.999999710011267
6.88138,6.75411,53.38792,4931.75066,-0.1342,43.12056,4.512307290716489,1.6809531917421296,-16.999999710011267
6.92953,6.79952,53.36939,4929.26357,-0.15281,43.10454,4.519516529857771,1.683638823008755,-16.999999710011267
6.97767,6.84489,53.34848,4926.77672,-0.17136,43.08851,4.528256145293986,1.6868945597118663,-16.999999710011267
7.02579,6.89024,53.32519,4924.28925,-0.18984,43.07247,4.538526761995287,1.690720634669291,-16.999999710011267
7.07391,6.93555,53.29954,4921.80027,-0.20823,43.0564,4.5503283719617516,1.6951170449008448,-16.999999710011267
7.122,6.98084,53.27176,4919.30848,-0.22301,43.06358,4.563515709672087,1.7000296751776824,0.0
7.17007,7.02612,53.24211,4916.8127,-0.23762,43.07081,4.577941000383966,1.705403475520099,0.0
7.21811,7.07139,53.2106,4914.31219,-0.25206,43.07809,4.593598597729013,1.71123634250731,0.0
7.26611,7.11664,53.17726,4911.80621,-0.26629,43.08542,4.610481970423205,1.7175258430641678,0.0
7.31409,7.16189,53.14212,4909.29403,-0.28029,43.09279,4.628583519062975,1.724269146212891,0.0
7.36203,7.20712,53.10522,4906.7749,-0.29404,43.10021,4.647894520121422,1.7314630022101805,0.0
7.40995,7.25234,53.06659,4904.2481,-0.30753,43.10769,4.668405066085005,1.7391037202465585,0.0
7.45783,7.29754,53.02627,4901.71287,-0.32072,43.11521,4.690104001949729,1.7471871447895324,0.0
7.50569,7.34274,52.98429,4899.16849,-0.33361,43.12278,4.712978858377815,1.7557086306826897,0.0
7.55351,7.38792,52.9407,4896.61422,-0.34617,43.13039,4.737015781811441,1.7646630171112345,0.0
7.6013,7.4331,52.89555,4894.04932,-0.35837,43.13806,4.762199461915954,1.7740446005726687,0.0
7.64906,7.47826,52.84889,4891.47308,-0.3702,43.14577,4.788513056727239,1.7838471069922197,0.0
7.6968,7.5234,52.80076,4888.88477,-0.38164,43.15353,4.8159381159538475,1.794063663150869,0.0
7.7445,7.56854,52.75121,4886.28367,-0.39268,43.16134,4.844454502908178,1.8046867676026546,0.0
7.79216,7.61366,52.70031,4883.66908,-0.40328,43.1692,4.874040315603393,1.8157082612812045,0.0
7.8398,7.65878,52.64811,4881.04028,-0.41343,43.1771,4.90467180757291,1.82711929800291,0.0
7.88741,7.70387,52.59467,4878.3966,-0.42312,43.18505,4.936323309062161,1.8389103151087811,0.0
7.93498,7.74896,52.54005,4875.73734,-0.43233,43.19305,4.968967149245743,1.8510710044882936,0.0
7.98252,7.79404,52.48432,4873.06183,-0.44103,43.2011,5.00257358020471,1.8635902842589238,0.0
8.03003,7.8391,52.42755,4870.36943,-0.44922,43.20919,5.037110703433042,1.876456271387881,0.0
8.07751,7.88415,52.36979,4867.65947,-0.45687,43.21733,5.072544399698566,1.8896562555634484,0.0
8.12496,7.92919,52.31113,4864.93134,-0.46397,43.22551,5.108838263114199,1.9031766746347907,0.0
8.17237,7.97421,52.25163,4862.18443,-0.47051,43.23375,5.145953540343216,1.917003091964317,0.0
8.21975,8.01922,52.19137,4859.41815,-0.47647,43.24202,5.183849075871623,1.9311201760401973,0.0
8.2671,8.06422,52.13043,4856.63191,-0.48184,43.25035,5.2224812643439975,1.945511682720211,0.0
8.31441,8.1092,52.06887,4853.82517,-0.4866,43.25872,5.261804010961617,1.9601604404790072,0.0
8.36169,8.15418,52.00679,4850.99741,-0.49075,43.26714,5.301768700978689,1.9750483390446467,0.0
8.40894,8.19913,51.94425,4848.14812,-0.49427,43.2756,5.342324179347346,1.9901563218158282,0.0
8.45615,8.24408,51.88135,4845.27683,-0.49715,43.2841,5.383416741543305,2.005464382444206,0.0
8.50333,8.28901,51.81815,4842.38309,-0.49938,43.29266,5.4249901366325215,2.020951565976797,0.0
8.55047,8.33393,51.75476,4839.46648,-0.50096,43.30125,5.466985583581429,2.0365959749319757,0.0
8.59758,8.37883,51.69125,4836.52662,-0.50187,43.3099,5.509341801814695,2.052374780683042,0.0
8.64465,8.42372,51.6277,4833.56315,-0.50212,43.31858,5.551995056957684,2.0682642404984914,0.0
8.69169,8.46859,51.5642,4830.57576,-0.50169,43.32731,5.594879222648363,2.084239720568577,0.0
8.73869,8.51346,51.50083,4827.56417,-0.50059,43.33609,5.637925859230356,2.1002757253205444,0.0
8.78566,8.5583,51.43769,4824.52814,-0.4988,43.34491,5.681064310036403,2.116345933286749,0.0
8.83259,8.60313,51.37486,4821.46745,-0.49634,43.35377,5.724221815879417,2.1324232397555924,0.0
8.87948,8.64795,51.31242,4818.38195,-0.4932,43.36268,5.7673236482262435,2.1484798063822477,0.0
8.92634,8.69275,51.25046,4815.27153,-0.48937,43.37163,5.810293261403293,2.1644871178892653,0.0
8.97316,8.73753,51.18907,4812.13609,-0.48487,43.38062,5.853052464015358,2.1804160459245905,0.0
9.01995,8.7823,51.12832,4808.97562,-0.4797,43.38966,5.895521609586851,2.1962369200804432,0.0
9.0667,8.82706,51.06831,4805.79013,-0.47386,43.39874,5.937619806266249,2.2119196060137383,0.0
9.1134,8.87179,51.00911,4802.57968,-0.46736,43.40786,5.979265145206818,2.227433590523915,0.0
9.16008,8.91651,50.95081,4799.34437,-0.46021,43.41703,6.020374947061701,2.2427480733788445,0.0
9.20671,8.96122,50.89349,4796.08438,-0.45243,43.42623,6.060866025775244,2.2578320655840396,0.0
9.2533,9.00591,50.83723,4792.7999,-0.44401,43.43548,6.100654968675657,2.2726544937245383,0.0
9.29986,9.05058,50.7821,4789.4912,-0.43497,43.44477,6.139658431618097,2.2871843099134708,0.0
9.34638,9.09524,50.72817,4786.15859,-0.42533,43.4541,6.177793447695091,2.3013906067948127,0.0
9.39285,9.13987,50.67553,4782.80241,-0.41511,43.46348,6.214977747854544,2.3152427369820288,0.0
9.43929,9.18449,50.62424,4779.42309,-0.40432,43.47289,6.251130091508396,2.3287104362184987,0.0
9.48569,9.2291,50.57437,4776.02107,-0.39298,43.48235,6.286170605034962,2.341763949478543,0.0
9.53205,9.27368,50.52599,4772.59686,-0.38111,43.49185,6.320021125896735,2.3543741591603613,0.0
9.57837,9.31825,50.47916,4769.15102,-0.36874,43.50138,6.352605549919611,2.366512714456677,0.0
9.62465,9.3628,50.43393,4765.68415,-0.35588,43.51096,6.383850179150504,2.378152160940857,0.0
9.67088,9.40733,50.39037,4762.19691,-0.34256,43.52058,6.4136840675689895,2.3892660693535905,0.0
9.71708,9.45184,50.34853,4758.68997,-0.32881,43.53024,6.442039361890088,2.3998291625608954,0.0
9.76323,9.49634,50.30846,4755.16409,-0.31465,43.53994,6.4688516345785825,2.409817439610712,0.0
9.80935,9.54081,50.27021,4751.62005,-0.30011,43.54967,6.494060206247366,2.419208295834773,0.0
9.85542,9.58527,50.23381,4748.05865,-0.28522,43.55945,6.517608454570251,2.427980637926751,0.0
9.90145,9.62971,50.19931,4744.48077,-0.27002,43.56927,6.539444106929791,2.4361149929612713,0.0
9.94744,9.67413,50.16674,4740.88728,-0.25453,43.57913,6.559519514115368,2.443593610353652,0.0
9.99338,9.71853,50.13614,4737.27913,-0.23878,43.58902,6.577791902506065,2.4504005558046607,0.0
10.03929,9.76291,50.10752,4733.65727,-0.22281,43.59896,6.594223602343146,2.4565217963380155,0.0
10.08515,9.80727,50.08092,4730.02268,-0.20665,43.60893,6.608782249911305,2.4619452756182265,0.0
10.13097,9.85161,50.05635,4726.37638,-0.19033,43.61894,6.621440961695125,2.4666609788284517,0.0
10.17674,9.89593,50.03382,4722.71939,-0.1739,43.629,6.6321784787931835,2.4706609864685567,0.0
10.22248,9.94024,50.01335,4719.05278,-0.15738,43.63909,6.640979280239413,2.4739395165703,0.0
10.26817,9.98452,49.99494,4715.3776,-0.14081,43.64922,6.647833664134746,2.4764929549210057,0.0
10.31381,10.02878,49.97858,4711.69494,-0.12423,43.65938,6.652737795828511,2.4783198730124036,0.0
10.35941,10.07303,49.96429,4708.00589,-0.10766,43.66959,6.655693722786064,2.4794210335792117,0.0
10.40497,10.11725,49.95204,4704.31154,-0.09116,43.67983,6.656709356017354,2.4797993836807857,0.0
10.45049,10.16145,49.94183,4700.613,-0.07474,43.69011,6.655798418412952,2.479460035454935,0.0
10.49596,10.20564,49.93364,4696.91136,-0.05845,43.70043,6.652980360567798,2.4784102347600507,0.0
10.54139,10.2498,49.92745,4693.20773,-0.04233,43.71079,6.648280245061966,2.4766593180666465,0.0
10.58678,10.29394,49.92323,4689.50318,-0.0264,43.72119,6.641728600463847,2.474218658069703,0.0
10.63212,10.33807,49.92095,4685.79879,-0.0107,43.73162,6.6333612466141965,2.4711015986023783,0.0
10.67742,10.38217,49.92059,4682.09564,0.00474,43.7421,6.623219093011306,2.4673233795291796,0.0
10.72267,10.42626,49.9221,4678.39477,0.01988,43.75261,6.611347912367118,2.462901052389659,0.0
10.76788,10.47032,49.92545,4674.69722,0.03469,43.76315,6.597798091596647,2.457853387635417,0.0
10.81305,10.51437,49.93058,4671.00399,0.04915,43.77374,6.582624362691553,2.452200774373434,0.0
10.85817,10.55839,49.93745,4667.31607,0.06322,43.78436,6.565885516055363,2.4459651135758915,0.0
10.90325,10.6024,49.94601,4663.63441,0.07687,43.79503,6.547644098963839,2.4391697057487294,0.0
10.94829,10.64638,49.9562,4659.95995,0.09008,43.80573,6.52796610192093,2.4318391340909824,0.0
10.99328,10.69035,49.96797,4656.29359,0.10282,43.81646,6.506920635635891,2.4239991441602613,0.0
11.03823,10.73429,49.98125,4652.6362,0.11507,43.82724,6.484579601423354,2.4156765210881033,0.0
11.08313,10.77822,49.99598,4648.98859,0.12679,43.83805,6.461017357693313,2.406898965338718,0.0
11.128,10.82213,50.01209,4645.35158,0.13798,43.8489,6.436310385212079,2.3976949680098882,0.0
11.17281,10.86602,50.02952,4641.72591,0.14861,43.85979,6.410536953629987,2.3880936866057607,0.0
11.21759,10.90989,50.04818,4638.11231,0.15865,43.87072,6.3837767917037755,2.3781248221860114,0.0
11.26232,10.95374,50.06802,4634.51145,0.1681,43.88169,6.356110763463157,2.3678184987293673,0.0
11.30701,10.99757,50.08895,4630.92398,0.17693,43.89269,6.327620552389939,2.3572051454820246,0.0
11.35165,11.04139,50.11089,4627.35047,0.18513,43.90373,6.298388355519062,2.3463153830022336,0.0
11.39626,11.08518,50.13378,4623.7915,0.19269,43.91481,6.268496589138756,2.3351799135258613,0.0
11.44082,11.12896,50.15752,4620.24757,0.19959,43.92593,6.238027607616337,2.323829416221607,0.0
11.48534,11.17272,50.18203,4616.71914,0.20583,43.93709,6.207063436579298,2.312294447793937,0.0
11.52981,11.21647,50.20725,4613.20664,0.21139,43.94828,6.175685521568573,2.30060534884981,0.0
11.57424,11.26019,50.23307,4609.71045,0.21627,43.95951,6.143974492984893,2.2887921563350115,0.0
11.61863,11.3039,50.25942,4606.2309,0.22046,43.97079,6.112009948008635,2.27688452229356,0.0
11.66298,11.34759,50.28621,4602.7683,0.22395,43.9821,6.079870249926845,2.264911639111742,0.0
11.70729,11.39126,50.31336,4599.3229,0.22676,43.99344,6.047632345144622,2.2529021713500392,0.0
11.75155,11.43492,50.34079,4595.89489,0.22886,44.00483,6.0153715979603986,2.2408841941925717,0.0
11.79578,11.47856,50.36841,4592.48446,0.23026,44.01626,5.983161643032723,2.2288851384870925,0.0
11.83996,11.52218,50.39613,4589.09173,0.23097,44.02773,5.951074255294741,2.2169317422847112,0.0
11.8841,11.56579,50.42388,4585.71679,0.23099,44.03923,5.919179236955943,2.205050008745069,0.0
11.9282,11.60938,50.45156,4582.35968,0.23031,44.05077,5.887544321089529,2.1932651702200987,0.0
11.97226,11.65295,50.47911,4579.02043,0.22895,44.06236,5.856235091212386,2.1816016582954454,0.0
12.01627,11.69651,50.50643,4575.69899,0.22691,44.07398,5.825314916149863,2.1700830795258863,0.0
12.06025,11.74006,50.53345,4572.39531,0.2242,44.08564,5.794844899418616,2.1587321965791064,0.0
12.10419,11.78358,50.56008,4569.10929,0.22083,44.09734,5.764883842279887,2.147570914472072,0.0
12.14808,11.8271,50.58625,4565.84079,0.2168,44.10908,5.735488219592457,2.1366202715756217,0.0
12.19194,11.8706,50.61188,4562.58965,0.21213,44.12086,5.7067121675035395,2.1259004350290014,0.0
12.23575,11.91408,50.6369,4559.35566,0.20683,44.13268,5.678607482059687,2.115430700222387,0.0
12.27953,11.95755,50.66124,4556.1386,0.20091,44.14454,5.651223627740773,2.105229493976022,0.0
12.32326,12.00101,50.68481,4552.9382,0.19439,44.15644,5.6246077549601186,2.095314381059467,0.0
12.36696,12.04445,50.70755,4549.75418,0.18728,44.16837,5.598804725551266,2.0857020736861056,0.0
12.41062,12.08788,50.7294,4546.58621,0.17959,44.18035,5.573857145284378,2.076408443626348,0.0
12.45423,12.13129,50.75028,4543.43395,0.17135,44.19237,5.5498054024838055,2.067448536593695,0.0
12.49781,12.17469,50.77014,4540.29703,0.16256,44.20443,5.526687711816144,2.0588365885569413,0.0
12.54135,12.21808,50.78891,4537.17504,0.15325,44.21653,5.504540162382601,2.0505860436558496,0.0
12.58485,12.26145,50.80653,4534.06757,0.14344,44.22866,5.483396769249651,2.042709573397671,0.0
12.62831,12.30481,50.82294,4530.97417,0.13314,44.24084,5.463289527626305,2.0352190968396067,0.0
12.67173,12.34816,50.8381,4527.89437,0.12238,44.25306,5.444248468893339,2.0281258014611696,0.0
12.71512,12.39149,50.85194,4524.8277,0.11117,44.26532,5.426301717782028,2.021440164464765,0.0
12.75846,12.43482,50.86442,4521.77362,0.09954,44.27762,5.409475549986963,2.015171974237984,0.0
12.80177,12.47813,50.87549,4518.73163,0.0875,44.28996,5.39379444959324,2.009330351746739,0.0
12.84504,12.52143,50.88511,4515.70117,0.07508,44.30234,5.3792811657132225,2.0039237716339513,0.0
12.88827,12.56471,50.89323,4512.68168,0.0623,44.31476,5.365956767768219,1.998960082813428,0.0
12.93146,12.60799,50.89982,4509.67257,0.04919,44.32722,5.353840698922318,1.9944465283753723,0.0
12.97462,12.65125,50.90483,4506.67325,0.03576,44.33972,5.342950827172275,1.9903897646187103,0.0
13.01774,12.6945,50.90824,4503.6831,0.02204,44.35226,5.333303493704232,1.9867958790652447,0.0
13.06083,12.73773,50.90946,4500.70262,-0.00148,44.32185,5.325336950216909,1.983828132003842,-24.999999573545978
13.10392,12.78091,50.90789,4497.73199,-0.02522,44.29149,5.3194837075328145,1.981647645095933,-24.999999573545978
13.147,12.82404,50.90351,4494.77007,-0.04915,44.26118,5.315749841856332,1.980256681887525,-24.999999573545978
13.19008,12.86713,50.89631,4491.81571,-0.07324,44.2309,5.314140559765521,1.9796571819659377,-24.999999573545978
13.23315,12.91018,50.88628,4488.86777,-0.09744,44.20063,5.314660304796449,1.979850800665273,-24.999999573545978
13.27621,12.95318,50.87341,4485.92508,-0.12172,44.17036,5.317312781884315,1.9808389181713755,-24.999999573545978
13.31927,12.99614,50.85769,4482.98646,-0.14605,44.14006,5.322100968244235,1.982622643575211,-24.999999573545978
13.36232,13.03905,50.83913,4480.05073,-0.17038,44.10972,5.3290271106686955,1.9852028138660975,-24.999999573545978
13.40537,13.08192,50.81773,4477.11668,-0.19468,44.07931,5.3380927092282295,1.9885799878597779,-24.999999573545978
13.44841,13.12475,50.7935,4474.18311,-0.2189,44.04884,5.3492984873616685,1.9927544350562512,-24.999999573545978
13.49144,13.16754,50.76645,4471.24879,-0.24303,44.01826,5.362644348360928,1.997726119429212,-24.999999573545978
13.53447,13.21027,50.73661,4468.31251,-0.267,43.98758,5.378129318263266,2.0034946781519123,-24.999999573545978
13.5775,13.25297,50.70399,4465.37302,-0.2908,43.95677,5.395751475183817,2.0100593952716714,-24.999999573545978
13.62051,13.29562,50.66863,4462.42909,-0.31438,43.9258,5.415507865138843,2.017419170351823,-24.999999573545978
13.66352,13.33823,50.63055,4459.47945,-0.3377,43.89468,5.437394404439004,2.0255724821106407,-24.999999573545978
13.70653,13.38079,50.58979,4456.52286,-0.36073,43.86337,5.461405768763017,2.0345173470983533,-24.999999573545978
13.74953,13.42331,50.54639,4453.55804,-0.38343,43.83186,5.487535269060822,2.0442512734678155,-24.999999573545978
13.79252,13.46578,50.50039,4450.58374,-0.40576,43.80013,5.515774714492584,2.0547712099156747,-24.999999573545978
13.83551,13.50821,50.45185,4447.59867,-0.42769,43.76816,5.546114262652794,2.066073489886909,-24.999999573545978
13.87849,13.55059,50.40081,4444.60156,-0.44918,43.73594,5.57854225742322,2.0781537711707863,-24.999999573545978
13.92147,13.59293,50.34734,4441.59113,-0.47019,43.70345,5.61304505483662,2.091006971030515,-24.999999573545978
13.96444,13.63522,50.29149,4438.56609,-0.49068,43.67067,5.6496068374735415,2.104627197061166,-24.999999573545978
14.0074,13.67747,50.23333,4435.52518,-0.51063,43.63758,5.6882094179788165,2.119007673994403,-24.999999573545978
14.05036,13.71967,50.17292,4432.4671,-0.52999,43.60416,5.728832032422425,2.1341406667199605,-24.999999573545978
14.09332,13.76182,50.11035,4429.39059,-0.54873,43.57041,5.771451124345158,2.1500173998369756,-24.999999573545978
14.13627,13.80392,50.04569,4426.29438,-0.56682,43.53629,5.8160401204897205,2.1666279741079224,-24.999999573545978
14.17921,13.84598,49.97902,4423.17721,-0.58421,43.5018,5.8625691993469315,2.1839612802359785,-24.999999573545978
14.22215,13.88799,49.91042,4420.03781,-0.60088,43.46691,5.911005053849327,2.202004910462153,-24.999999573545978
14.26508,13.92995,49.83999,4416.87495,-0.61679,43.43161,5.961310649680513,2.2207450685291574,-24.999999573545978
14.30801,13.97186,49.76781,4413.68739,-0.63191,43.39589,6.013444980910339,2.240166478649079,-24.999999573545978
14.35093,14.01372,49.69399,4410.47393,-0.64621,43.35972,6.067362824816998,2.2602522941681635,-24.999999573545978
14.39385,14.05553,49.61862,4407.23337,-0.65965,43.3231,6.123014497997889,2.280984006711693,-24.999999573545978
14.43676,14.09729,49.5418,4403.96454,-0.67221,43.286,6.180345616070528,2.3023413566662536,-24.999999573545978
14.47967,14.139,49.46365,4400.66628,-0.68385,43.24841,6.239296859472569,2.3243022459340805,-24.999999573545978
14.52257,14.18065,49.38427,4397.33748,-0.69455,43.21031,6.299803748098914,2.346842653979448,-24.999999573545978
14.56547,14.22226,49.30378,4393.97703,-0.70428,43.1717,6.361796427705846,2.3699365582585985,-24.999999573545978
14.60836,14.26381,49.22228,4390.58389,-0.71301,43.13256,6.425199471222313,2.393555860202959,-24.999999573545978
14.65124,14.3053,49.13991,4387.15703,-0.72073,43.09287,6.489931698283891,2.4176703179907966,-24.999999573545978
14.69413,14.34674,49.05677,4383.69548,-0.72739,43.05263,6.555906016476527,2.442247487406338,-24.999999573545978
14.737,14.38813,48.97299,4380.19829,-0.733,43.01181,6.62302928789501,2.4672526721292867,-24.999999573545978
14.77987,14.42945,48.88871,4376.66458,-0.73751,42.97042,6.691202224771269,2.492648884853617,-24.999999573545978
14.82274,14.47073,48.80403,4373.09352,-0.74092,42.92844,6.760319317930324,2.5183968206355356,-24.999999573545978
14.8656,14.51194,48.7191,4369.48432,-0.74321,42.88586,6.830268801927903,2.5444548439063253,-24.999999573545978
14.90845,14.55309,48.63404,4365.83627,-0.74437,42.84267,6.9009326606232095,2.570778990548348,-24.999999573545978
14.9513,14.59419,48.54899,4362.14872,-0.74437,42.79886,6.972186676917069,2.5973229864238134,-24.999999573545978
14.99414,14.63522,48.46408,4358.42108,-0.74322,42.75443,7.043900530185111,2.6240382836712004,-24.999999573545978
15.03698,14.6762,48.37943,4354.65283,-0.7409,42.70938,7.115937944743003,2.650874116012466,-24.999999573545978
15.07982,14.71711,48.29519,4350.84354,-0.73742,42.6637,7.188156892389521,2.677777574205668,-24.999999573545978
15.12264,14.75796,48.21149,4346.99285,-0.73275,42.61738,7.260409851681332,2.7046937026316424,-24.999999573545978
15.16547,14.79874,48.12846,4343.10049,-0.72691,42.57042,7.332544126155937,2.7315656178404213,-24.999999573545978
15.20828,14.83946,48.04624,4339.16627,-0.71991,42.52283,7.404402223195623,2.7583346496880283,-24.999999573545978
15.25109,14.88012,47.96495,4335.19009,-0.71173,42.4746,7.4758222945932316,2.784940505458812,-24.999999573545978
15.2939,14.92071,47.88473,4331.17196,-0.7024,42.42574,7.5466386392195135,2.8113214571222698,-24.999999573545978
15.3367,14.96123,47.80571,4327.11195,-0.69192,42.37625,7.616682267426526,2.8374145515881573,-24.999999573545978
15.37949,15.00169,47.72801,4323.01027,-0.68031,42.32613,7.685781525982454,2.8631558435111537,-24.999999573545978
15.42228,15.04207,47.65176,4318.8672,-0.66758,42.27539,7.753762781506738,2.8884806498884337,-24.999999573545978
15.46506,15.08239,47.57709,4314.68313,-0.65376,42.22404,7.820451159422911,2.9133238253390354,-24.999999573545978
15.50784,15.12263,47.50411,4310.45858,-0.63886,42.17209,7.885671334523126,2.937620056609951,-24.999999573545978
15.55061,15.16281,47.43294,4306.19412,-0.62293,42.11955,7.94924836830403,2.961304174505773,-24.999999573545978
15.59338,15.20291,47.3637,4301.89048,-0.60598,42.06642,8.011008587275033,2.984311481081632,-24.999999573545978
15.63613,15.24294,47.29649,4297.54846,-0.58805,42.01274,8.070780495554452,3.006578089609274,-24.999999573545978
15.67888,15.2829,47.23141,4293.16898,-0.56918,41.9585,8.128395714205551,3.0280412745044476,-24.999999573545978
15.72163,15.32278,47.16858,4288.75305,-0.5494,41.90373,8.183689938963761,3.0486398281054945,-24.999999573545978
15.76436,15.36259,47.10807,4284.30179,-0.52876,41.84844,8.236503907352091,3.0683144209492883,-24.999999573545978
15.8071,15.40232,47.04999,4279.81642,-0.50731,41.79266,8.286684365572526,3.087007961963719,-24.999999573545978
15.84982,15.44197,46.99442,4275.29825,-0.48508,41.7364,8.334085025112925,3.1046659548289313,-24.999999573545978
15.89254,15.48155,46.94143,4270.74868,-0.46214,41.67969,8.378567498755093,3.121236846664959,-24.999999573545978
15.93524,15.52105,46.8911,4266.1692,-0.43854,41.62256,8.42000220547897,3.136672365132352,-24.999999573545978
15.97795,15.56047,46.84349,4261.5614,-0.41432,41.56501,8.45826923385867,3.150927840069904,-24.999999573545978
16.02064,15.59982,46.79867,4256.92691,-0.38956,41.50709,8.493259153706521,3.1639625058534273,-24.999999573545978
16.06332,15.63908,46.75668,4252.26748,-0.36431,41.44882,8.52487376620428,3.175739780839361,-24.999999573545978
16.106,15.67827,46.71757,4247.5849,-0.33863,41.39022,8.553026783256254,3.1862275204416806,-24.999999573545978
16.14867,15.71737,46.68138,4242.88101,-0.31258,41.33133,8.577644427653837,3.1953982407089874,-24.999999573545978
16.19133,15.7564,46.64814,4238.15774,-0.28623,41.27218,8.598665946495537,3.20322930958697,-24.999999573545978
16.23398,15.79534,46.61787,4233.41703,-0.25965,41.21278,8.616044031410807,3.2097031034628416,-24.999999573545978
16.27663,15.83421,46.59059,4228.66087,-0.23291,41.15318,8.629745140341011,3.214807127037215,-24.999999573545978
16.31926,15.87299,46.5663,4223.89131,-0.20606,41.0934,8.639749716905719,3.21853409504382,-24.999999573545978
16.36189,15.91169,46.54501,4219.11038,-0.17918,41.03348,8.64605230479832,3.220881974864882,-24.999999573545978
16.4045,15.95031,46.52672,4214.32015,-0.15234,40.97345,8.648661556037588,3.2218539896050404,-24.999999573545978
16.44711,15.98884,46.51139,4209.52271,-0.12561,40.91333,8.647600133402504,3.221458581745762,-24.999999573545978
16.48971,16.0273,46.49902,4204.72012,-0.09905,40.85317,8.642904508751842,3.2197093380140696,-24.999999573545978
16.5323,16.06567,46.48958,4199.91446,-0.07272,40.79298,8.63462466037455,3.216624876637607,-24.999999573545978
16.57487,16.10396,46.48302,4195.10779,-0.04671,40.7328,8.622823673799441,3.2122286986357347,-24.999999573545978
16.61744,16.14217,46.4793,4190.30212,-0.02106,40.67266,8.607577251738606,3.206549005260565,-24.999999573545978
16.66,16.18029,46.47838,4185.49948,0.00415,40.6126,8.588973139916375,3.199618484103142,-24.999999573545978
16.70254,16.21834,46.48019,4180.70182,0.02887,40.55263,8.567110476536135,3.191474066752709,-24.999999573545978
16.74508,16.2563,46.48467,4175.91107,0.05302,40.49279,8.54209907390869,3.1821566611843757,-24.999999573545978
16.7876,16.29418,46.49176,4171.1291,0.07657,40.4331,8.514058641423762,3.171710862295559,-24.999999573545978
16.83011,16.33198,46.50137,4166.35774,0.09943,40.37359,8.483117959508085,3.160184644183632,-24.999999573545978
16.87262,16.3697,46.51342,4161.59874,0.12158,40.31429,8.449414014495586,3.147629037862311,-24.999999573545978
16.91511,16.40734,46.52783,4156.8538,0.14295,40.25522,8.41309110446355,3.134097798162096,-24.999999573545978
16.95759,16.4449,46.5445,4152.12455,0.16349,40.1964,8.374299926017404,3.1196470635335736,-24.999999573545978
17.00005,16.48238,46.56334,4147.41253,0.18315,40.13786,8.333196651812381,3.1043350123999702,-24.999999573545978
17.04251,16.51978,46.58424,4142.71922,0.20191,40.07962,8.289942008223651,3.088221519565,-24.999999573545978
17.08495,16.5571,46.6071,4138.04601,0.2197,40.02168,8.244700362110441,3.0713678160084785,-24.999999573545978
17.12738,16.59435,46.63181,4133.39422,0.23651,39.96409,8.197638824999736,3.0538361551711755,-24.999999573545978
17.1698,16.63151,46.65825,4128.76506,0.25229,39.90684,8.148926382327744,3.035689488574354,-24.999999573545978
17.21221,16.6686,46.68631,4124.15968,0.26701,39.84995,8.09873305461538,3.0169911533355624,-24.999999573545978
17.2546,16.70561,46.71587,4119.57913,0.28064,39.79345,8.047229096622743,2.997804573832612,-24.999999573545978
17.29698,16.74254,46.7468,4115.02438,0.29317,39.73733,7.99458423969797,2.978192979458583,-24.999999573545978
17.33935,16.7794,46.77899,4110.49629,0.30456,39.68162,7.9409669815981845,2.9582191400614475,-24.999999573545978
17.38171,16.81618,46.81231,4105.99565,0.31481,39.62632,7.8865439272883435,2.937945120374292,-24.999999573545978
17.42405,16.85289,46.84663,4101.52317,0.32388,39.57144,7.831479183267933,2.917432054386076,-24.999999573545978
17.46638,16.88953,46.88182,4097.07945,0.33178,39.51698,7.775933807226774,2.8967399403239424,-24.999999573545978
17.5087,16.92609,46.91776,4092.66501,0.3385,39.46295,7.720065314017638,2.875927456615013,-24.999999573545978
17.55101,16.96258,46.95432,4088.28029,0.34402,39.40936,7.6640272381856605,2.8550517989170876,-24.999999573545978
17.5933,16.99899,46.99136,4083.92566,0.34834,39.35621,7.607968752692289,2.8341685380832824,-24.999999573545978
17.63558,17.03534,47.02876,4079.60138,0.35147,39.30349,7.5520343427749586,2.813331498666178,-24.999999573545978
17.67784,17.07161,47.06639,4075.30765,0.3534,39.25121,7.496363533442989,2.7925926574028686,-24.999999573545978
17.72009,17.10782,47.10413,4071.04458,0.35415,39.19937,7.441090668555886,2.7720020609158205,-24.999999573545978
17.76233,17.14395,47.14184,4066.81222,0.35371,39.14797,7.38634473912813,2.751607761751886,-24.999999573545978
17.80456,17.18002,47.1794,4062.61054,0.3521,39.09699,7.332249258094217,2.731455771728985,-24.999999573545978
17.84677,17.21602,47.2167,4058.43943,0.34933,39.04644,7.278922178583506,2.7115900314913386,-24.999999573545978
17.88897,17.25195,47.25359,4054.29873,0.34541,38.99631,7.226475852501016,2.6920523950797204,-24.999999573545978
17.93115,17.28781,47.28998,4050.1882,0.34037,38.9466,7.175017026142467,2.672882628297952,-24.999999573545978
17.97333,17.32361,47.32574,4046.10754,0.33421,38.89729,7.124646869415275,2.6541184195984866,-24.999999573545978
18.01548,17.35934,47.36075,4042.0564,0.32697,38.84838,7.075461035281727,2.635795402226556,-24.999999573545978
18.05763,17.39501,47.3949,4038.03437,0.31865,38.79986,7.027549746004297,2.617947186348823,-24.999999573545978
18.09976,17.43061,47.42808,4034.04097,0.3093,38.75171,6.9809979028473546,2.6006053999201515,-24.999999573545978
18.14188,17.46615,47.46019,4030.07569,0.29893,38.70393,6.935885215968325,2.583799737071484,-24.999999573545978
18.18398,17.50163,47.49113,4026.13795,0.28757,38.6565,6.892286351334596,2.567558012840251,-24.999999573545978
18.22608,17.53704,47.52078,4022.22713,0.27525,38.60942,6.850271091660298,2.55190622312356,-24.999999573545978
18.26815,17.57239,47.54906,4018.34257,0.262,38.56266,6.809904508460675,2.5368686087729744,-24.999999573545978
18.31022,17.60768,47.57588,4014.48356,0.24785,38.51622,6.771247142553586,2.522467722836071,-24.999999573545978
18.35227,17.64291,47.60113,4010.64936,0.23284,38.47008,6.734355190430016,2.5087244999843614,-24.999999573545978
18.39431,17.67808,47.62474,4006.83917,0.21699,38.42422,6.699280694155311,2.495658327256495,-24.999999573545978
18.43633,17.71319,47.64663,4003.05218,0.20035,38.37863,6.666071732601856,2.483287115297466,-24.999999573545978
18.47834,17.74824,47.66671,3999.28753,0.18295,38.3333,6.6347726120180734,2.471627369350581,-24.999999573545978
18.52034,17.78322,47.68492,3995.54433,0.16483,38.2882,6.605424054084756,2.4606942593133874,-24.999999573545978
18.56232,17.81815,47.70117,3991.82164,0.14602,38.24332,6.578063379809415,2.450501688243155,-24.999999573545978
18.6043,17.85303,47.71541,3988.11853,0.12657,38.19864,6.5527246877381,2.441062358745477,-24.999999573545978
18.64625,17.88784,47.72758,3984.43402,0.10651,38.15414,6.529439025150343,2.4323878367488816,-24.999999573545978
18.6882,17.92259,47.73762,3980.76708,0.08588,38.10981,6.508234551023487,2.424488612213335,-24.999999573545978
18.73013,17.95729,47.74546,3977.11671,0.06472,38.06563,6.489136689715842,2.417374156381264,-24.999999573545978
18.77205,17.99193,47.75108,3973.48183,0.04308,38.02157,6.472168274411486,2.411052975214515,-24.999999573545978
18.81395,18.02651,47.75441,3969.86137,0.02099,37.97763,6.457349679525319,2.4055326587187205,-24.999999573545978
18.85585,18.06104,47.75543,3966.25423,-0.0015,37.93377,6.444698941345109,2.4008199258856373,-24.999999573545978
18.89773,18.09551,47.75409,3962.65929,-0.02434,37.88999,6.434231866315758,2.396920665031885,-24.999999573545978
18.93959,18.12993,47.75037,3959.07542,-0.04751,37.84625,6.425962126438185,2.393839969337538,-24.999999573545978
18.98145,18.16428,47.74423,3955.50145,-0.07095,37.80255,6.4199013413609975,2.3915821674274325,-24.999999573545978
19.02329,18.19858,47.73567,3951.93622,-0.09462,37.75885,6.416059146806938,2.3901508488618224,-24.999999573545978
19.06511,18.23283,47.72465,3948.37853,-0.11847,37.71515,6.414443249070371,2.389548884438123,-24.999999573545978
19.10693,18.26702,47.71117,3944.82719,-0.14247,37.67141,6.415059465355379,2.3897784412179144,-24.999999573545978
19.14873,18.30115,47.69522,3941.28096,-0.16657,37.62763,6.417911749824067,2.390840992230622,-24.999999573545978
19.19052,18.33523,47.6768,3937.73863,-0.19072,37.58377,6.423002205281198,2.392737320826347,-24.999999573545978
19.23229,18.36925,47.6559,3934.19895,-0.21488,37.53982,6.430331080444415,2.3954675196589568,-24.999999573545978
19.27406,18.40322,47.63254,3930.66066,-0.239,37.49575,6.439896752867421,2.399030984324515,-24.999999573545978
19.31581,18.43713,47.60672,3927.12251,-0.26305,37.45155,6.451695697590812,2.4034264016828986,-24.999999573545978
19.35754,18.47098,47.57845,3923.58321,-0.28698,37.40719,6.465722441694637,2.408651732927422,-24.999999573545978
19.39927,18.50478,47.54777,3920.0415,-0.31074,37.36266,6.481969504971015,2.4147041914838363,-24.999999573545978
19.44098,18.53852,47.51468,3916.49609,-0.33428,37.31793,6.500427327006314,2.421580215846511,-24.999999573545978
19.48268,18.57221,47.47923,3912.94568,-0.35757,37.27298,6.521084181036617,2.4292754374873398,-24.999999573545978
19.52437,18.60584,47.44143,3909.38898,-0.38057,37.22779,6.54392607502662,2.4377846440050175,-24.999999573545978
19.56604,18.63941,47.40134,3905.82469,-0.40321,37.18233,6.5689366404831855,2.4471017377051707,-24.999999573545978
19.6077,18.67292,47.35899,3902.25151,-0.42548,37.1366,6.5960970096348515,2.4572196898464878,-24.999999573545978
19.64935,18.70638,47.31442,3898.66815,-0.44731,37.09056,6.625385681691992,2.468130490819114,-24.999999573545978
19.69098,18.73978,47.2677,3895.0733,-0.46867,37.0442,6.656778378992243,2.479825096555036,-24.999999573545978
19.7326,18.77312,47.21886,3891.46568,-0.48952,36.99749,6.690247894000303,2.492293371531479,-24.999999573545978
19.77421,18.80641,47.16798,3887.844,-0.50981,36.95042,6.725763928185129,2.5055240287484266,-24.999999573545978
19.81581,18.83963,47.1151,3884.20697,-0.5295,36.90296,6.7632929239988915,2.519504567136361,-24.999999573545978
19.8574,18.8728,47.06031,3880.55333,-0.54856,36.8551,6.802797891264705,2.534221206881123,-24.999999573545978
19.89897,18.90591,47.00367,3876.88182,-0.56694,36.80681,6.844238229458093,2.5496588232190804,-24.999999573545978
19.94052,18.93895,46.94526,3873.19119,-0.5846,36.75808,6.887569547511872,2.5658008793097085,-24.999999573545978
19.98207,18.97194,46.88514,3869.48021,-0.6015,36.70888,6.932743482917603,2.582629358846118,-24.999999573545978
20.0236,19.00487,46.82342,3865.74767,-0.61762,36.6592,6.979707522081749,2.6001246991330023,-24.999999573545978
20.06512,19.03773,46.76016,3861.99238,-0.63291,36.60902,7.028404824027818,2.6182657254110415,-24.999999573545978
20.10663,19.07053,46.69547,3858.21318,-0.64733,36.55833,7.078774049712811,2.637029587272791,-24.999999573545978
20.14812,19.10327,46.62943,3854.40893,-0.66086,36.50709,7.130749199385706,2.6563916980744366,-24.999999573545978
20.1896,19.13595,46.56213,3850.57851,-0.67345,36.4553,7.184259460539648,2.6763256782939866,-24.999999573545978
20.23107,19.16856,46.49368,3846.72085,-0.68509,36.40295,7.2392290691719,2.6968033038469503,-24.999999573545978
20.27252,19.20111,46.42418,3842.83492,-0.69573,36.35001,7.295577187191807,2.71779446041758,-24.999999573545978
20.31396,19.23359,46.35373,3838.9197,-0.70535,36.29647,7.353217798887986,2.7392671048901764,-24.999999573545978
20.35539,19.26601,46.28244,3834.97425,-0.71393,36.24232,7.412059629482316,2.761187235008306,-24.999999573545978
20.3968,19.29836,46.21042,3830.99765,-0.72144,36.18754,7.472006088848636,2.7835188684085344,-24.999999573545978
20.4382,19.33064,46.13777,3826.98903,-0.72786,36.13212,7.532955243460996,2.806224032170411,-24.999999573545978
20.47958,19.36286,46.06461,3822.94758,-0.73316,36.07605,7.594799819674894,2.829262764038822,-24.999999573545978
20.52096,19.395,45.99106,3818.87256,-0.73733,36.01933,7.657427241343518,2.8525931264370215,-24.999999573545978
20.56231,19.42708,45.91722,3814.76327,-0.74036,35.96193,7.720719704665605,2.8761712343494352,-24.999999573545978
20.60366,19.45909,45.84322,3810.61908,-0.74222,35.90385,7.784554293061282,2.89995129811593,-24.999999573545978
20.64499,19.49103,45.76917,3806.43943,-0.74291,35.84508,7.848803134578443,2.9238856820698333,-24.999999573545978
20.6863,19.52289,45.6952,3802.22381,-0.74241,35.78562,7.9133336041449995,2.9479249798822162,-24.999999573545978
20.7276,19.55468,45.62141,3797.97182,-0.74073,35.72547,7.978008572606422,2.9720181073349323,-24.999999573545978
20.76889,19.5864,45.54794,3793.68311,-0.73786,35.66461,8.042686704127822,2.9961124131107146,-24.999999573545978
20.81016,19.61805,45.47489,3789.35742,-0.7338,35.60306,8.107222803083225,3.0201538080185606,-24.999999573545978
20.85142,19.64962,45.40239,3784.99456,-0.72855,35.54079,8.171468211053721,3.0440869128859895,-24.999999573545978
20.89266,19.68111,45.33055,3780.59445,-0.72212,35.47783,8.235271254017526,3.0678552251491022,-24.999999573545978
20.93389,19.71253,45.25949,3776.15706,-0.71451,35.41416,8.298477739166614,3.0914013039298514,-24.999999573545978
20.9751,19.74387,45.18932,3771.68249,-0.70574,35.34979,8.360931500177784,3.114666973163863,-24.999999573545978
21.0163,19.77513,45.12015,3767.1709,-0.69583,35.28474,8.422474989060508,3.1375935420793257,-24.999999573545978
21.05748,19.80632,45.05211,3762.62256,-0.68479,35.21899,8.482949911968529,3.16012204205355,-24.999999573545978
21.09864,19.83742,44.98528,3758.03783,-0.67264,35.15257,8.542197905685612,3.1821934786216994,-24.999999573545978
21.13979,19.86844,44.91979,3753.41715,-0.65941,35.08548,8.600061250708,3.203749097118776,-24.999999573545978
21.18092,19.89939,44.85573,3748.76109,-0.64513,35.01773,8.656383616176322,3.22473066018635,-24.999999573545978
21.22203,19.93025,44.7932,3744.07027,-0.62983,34.94933,8.711010831187398,3.245080735106507,-24.999999573545978
21.26313,19.96102,44.73229,3739.34543,-0.61355,34.88031,8.76379167638222,3.2647429886891963,-24.999999573545978
21.30421,19.99172,44.6731,3734.58741,-0.59632,34.81067,8.814578689107526,3.283662487216101,-24.999999573545978
21.34528,20.02233,44.61571,3729.79711,-0.57818,34.74043,8.863228974929763,3.301785998750943,-24.999999573545978
21.38633,20.05286,44.56021,3724.97556,-0.55918,34.66961,8.909605017855895,3.319062294968055,-24.999999573545978
21.42736,20.0833,44.50668,3720.12383,-0.53937,34.59824,8.953575481275603,3.3354424495244177,-24.999999573545978
21.46837,20.11365,44.45518,3715.24312,-0.51879,34.52632,8.995015991435654,3.3508801299244824,-24.999999573545978
21.50936,20.14392,44.40578,3710.33468,-0.4975,34.4539,9.033809895138111,3.3653318797826857,-24.999999573545978
21.55034,20.1741,44.35855,3705.39985,-0.47556,34.38098,9.069848983439384,3.378757388420392,-24.999999573545978
21.59129,20.20419,44.31354,3700.44004,-0.45301,34.30759,9.10303417324703,3.391119744778634,-24.999999573545978
21.63223,20.2342,44.27079,3695.45671,-0.42993,34.23377,9.133276139068883,3.4023856727612847,-24.999999573545978
21.67315,20.26411,44.23036,3690.45142,-0.40637,34.15954,9.160495887571182,3.412525745273078,-24.999999573545978
21.71405,20.29394,44.19228,3685.42575,-0.3824,34.08492,9.184625268237342,3.421514574453437,-24.999999573545978
21.75493,20.32368,44.15658,3680.38135,-0.35808,34.00995,9.205607414052217,3.4293309758429613,-24.999999573545978
21.79579,20.35332,44.12328,3675.31992,-0.33348,33.93465,9.223397107024748,3.4359581045502225,-24.999999573545978
21.83663,20.38288,44.09241,3670.24317,-0.30866,33.85906,9.237961064194334,3.441383561796668,-24.999999573545978
21.87745,20.41235,44.06397,3665.15289,-0.28369,33.7832,9.249278140831823,3.4455994706143396,-24.999999573545978
21.91826,20.44173,44.03797,3660.05085,-0.25865,33.70711,9.257339448523707,3.448602519835337,-24.999999573545978
21.95904,20.47101,44.0144,3654.93886,-0.23359,33.63082,9.262148386985361,3.4503939759430895,-24.999999573545978
21.9998,20.50021,43.99326,3649.81874,-0.2086,33.55435,9.263720589513383,3.4509796627519167,-24.999999573545978
22.04053,20.52931,43.97453,3644.69232,-0.18374,33.47775,9.262083783113864,3.4503699093011275,-24.999999573545978
22.08125,20.55832,43.95819,3639.56142,-0.15907,33.40104,9.257277565423724,3.4485794667523515,-24.999999573545978
22.12195,20.58725,43.94421,3634.42786,-0.13466,33.32425,9.249353101571323,3.44562739546214,-24.999999573545978
22.16262,20.61608,43.93255,3629.29344,-0.11059,33.24741,9.238372745085481,3.441536923760597,-24.999999573545978
22.20328,20.64482,43.92318,3624.15993,-0.08691,33.17056,9.224409587867648,3.4363352803041765,-24.999999573545978
22.24391,20.67346,43.91604,3619.0291,-0.0637,33.09372,9.207546945000285,3.430053502153247,-24.999999573545978
22.28452,20.70202,43.91109,3613.90265,-0.041,33.01692,9.187877780855969,3.4227262209826335,-24.999999573545978
22.3251,20.73049,43.90826,3608.78227,-0.01889,32.94018,9.165504083505823,3.4143914300322966,-24.999999573545978
22.36567,20.75886,43.9075,3603.6696,0.00258,32.86355,9.140536194866703,3.4050902345695375,-24.999999573545978
22.40621,20.78715,43.90873,3598.56622,0.02335,32.78704,9.113092104303357,3.3948665887372096,-24.999999573545978
22.44673,20.81534,43.91187,3593.47366,0.04338,32.71067,9.083296713561586,3.3837670217219866,-24.999999573545978
22.48721,20.84348,43.91782,3588.39106,0.08293,32.7262,9.050052678008067,3.371382743775083,0.0
22.52762,20.8716,43.92742,3583.31839,0.12154,32.74175,9.01230242204658,3.3573197801604158,0.0
22.56797,20.8997,43.94058,3578.25836,0.1591,32.75731,8.970247197014801,3.341653102296511,0.0
22.60825,20.92778,43.95719,3573.21361,0.19552,32.77288,8.924103753325124,3.3244634554150325,0.0
22.64847,20.95584,43.97712,3568.18665,0.23069,32.78846,8.8741020736705,3.3058365141203137,0.0
22.68862,20.98388,44.00024,3563.1799,0.26451,32.80405,8.820483496250535,3.2858621832416977,0.0
22.72872,21.0119,44.02642,3558.19567,0.29691,32.81966,8.76349881857014,3.2646338914486432,0.0
22.76875,21.0399,44.05551,3553.23614,0.32781,32.83529,8.703406406229902,3.242247886725377,0.0
22.80871,21.06789,44.08736,3548.30337,0.35711,32.85092,8.640470329637935,3.218802542247033,0.0
22.84861,21.09585,44.12181,3543.39927,0.38476,32.86657,8.574958549694884,3.1943976804995753,0.0
22.88845,21.1238,44.15869,3538.52564,0.4107,32.88223,8.50714117135344,3.169133922684773,0.0
22.92823,21.15172,44.19784,3533.68413,0.43486,32.89791,8.4372887816098,3.1431120695782773,0.0
22.96795,21.17963,44.23909,3528.87627,0.45721,32.91361,8.365670885987702,3.1164325190788023,0.0
23.00761,21.20752,44.28226,3524.10344,0.47768,32.92931,8.292554455029522,3.0891947247377987,0.0
23.0472,21.23539,44.32717,3519.36687,0.49625,32.94504,8.21820258971064,3.061496698591199,0.0
23.08673,21.26325,44.37364,3514.66766,0.51288,32.96078,8.14287331227329,3.0334345607132103,0.0
23.12621,21.29109,44.42149,3510.0068,0.52756,32.97653,8.066818486510803,3.0051021369937825,0.0
23.16562,21.31891,44.47054,3505.38512,0.54026,32.9923,7.9902828693474754,2.9765906058271585,0.0
23.20498,21.34671,44.52059,3500.80331,0.55096,33.00809,7.913503293484219,2.947988193625871,0.0
23.24428,21.3745,44.57147,3496.26197,0.55967,33.0239,7.836707979024374,2.9193799183832474,0.0
23.28351,21.40227,44.62298,3491.76154,0.56637,33.03972,7.760115970436716,2.8908473799273113,0.0
23.3227,21.43002,44.67495,3487.30236,0.57108,33.05557,7.683936693741381,2.862468594960897,0.0
23.36182,21.45776,44.7272,3482.88464,0.5738,33.07143,7.608369627728419,2.834317874581898,0.0
23.40089,21.48549,44.77953,3478.5085,0.57455,33.08731,7.533604082064055,2.806465741622022,0.0
23.4399,21.5132,44.83178,3474.17394,0.57334,33.10321,7.4598190744436454,2.7789788848830277,0.0
23.47885,21.54089,44.88377,3469.88084,0.5702,33.11913,7.3871832984887895,2.7519201471775565,0.0
23.51775,21.56857,44.93532,3465.62902,0.56515,33.13506,7.315855173724858,2.7253485439470784,0.0
23.5566,21.59624,44.98626,3461.41817,0.55822,33.15102,7.245982968917691,2.699319309208055,0.0
23.59539,21.62389,45.03643,3457.24792,0.54946,33.167,7.177704990008265,2.6738839655625477,0.0
23.63412,21.65153,45.08567,3453.1178,0.53889,33.18301,7.111149824054244,2.6490904150728656,0.0
23.67281,21.67915,45.13381,3449.02726,0.52656,33.19903,7.046436630864933,2.6249830479032585,0.0
23.71144,21.70677,45.18071,3444.97569,0.51252,33.21507,6.983675474310304,2.601602865741246,0.0
23.75002,21.73437,45.22621,3440.9624,0.4968,33.23114,6.922967685764596,2.5789876171899193,0.0
23.78854,21.76196,45.27017,3436.98662,0.47947,33.24723,6.864406252545517,2.5571719424717707,0.0
23.82702,21.78953,45.31245,3433.04755,0.46056,33.26334,6.808076224767743,2.536187524992318,0.0
23.86544,21.8171,45.35291,3429.14429,0.44015,33.27948,6.754055134508172,2.516063247490198,0.0
23.90381,21.84465,45.39143,3425.27592,0.41828,33.29564,6.702413421751334,2.496825350713037,0.0
23.94213,21.87219,45.42789,3421.44145,0.39501,33.31182,6.6532148620632885,2.4784975927372273,0.0
23.98041,21.89973,45.46216,3417.63984,0.3704,33.32803,6.606516991526456,2.461101407267335,0.0
24.01863,21.92725,45.49413,3413.87002,0.34452,33.34426,6.562371524891177,2.4446560594085605,0.0
24.0568,21.95476,45.52371,3410.13086,0.31742,33.36052,6.520824763445142,2.4291787976088277,0.0
24.09493,21.98226,45.55078,3406.4212,0.28918,33.3768,6.481917989492512,2.41468500061264,0.0
24.133,22.00975,45.57525,3402.73982,0.25985,33.39311,6.445687844799667,2.401188318442076,0.0
24.17103,22.03723,45.59705,3399.0855,0.2295,33.40944,6.412166690702164,2.38870080654611,0.0
24.20901,22.0647,45.61607,3395.45696,0.19821,33.4258,6.381382947943939,2.3772330523996517,0.0
24.24694,22.09217,45.63226,3391.8529,0.16604,33.44218,6.353361414628209,2.3667942939486277,0.0
24.28483,22.11962,45.64554,3388.27197,0.13306,33.45859,6.328123560929251,2.35739252939787,0.0
24.32267,22.14707,45.65585,3384.71282,0.09933,33.47502,6.305687799475157,2.3490346179358084,0.0
24.36046,22.1745,45.66313,3381.17405,0.06494,33.49149,6.286069730525149,2.3417263710694702,0.0
24.3982,22.20193,45.66733,3377.65425,0.02995,33.50797,6.269282361241862,2.335472634309176,0.0
24.4359,22.22935,45.66841,3374.15197,-0.00557,33.52449,6.255336298552933,2.3302773590145565,0.0
24.47355,22.25676,45.66633,3370.66576,-0.04155,33.54103,6.244239915186373,2.326143664247095,0.0
24.51116,22.28416,45.66107,3367.19411,-0.07791,33.55759,6.235999488647494,2.323073888542692,0.0
24.54872,22.31156,45.65259,3363.73552,-0.11457,33.57419,6.230619312936828,2.321069631529526,0.0
24.58623,22.33895,45.64088,3360.28846,-0.15148,33.59081,6.228101782965737,2.3201317853750947,0.0
24.6237,22.36633,45.62593,3356.85139,-0.18855,33.60745,6.228447451639657,2.32026055605122,0.0
24.66112,22.3937,45.60774,3353.42273,-0.22571,33.62413,6.231655059689409,2.3214554744469997,0.0
24.6985,22.42106,45.58631,3350.00091,-0.26288,33.64083,6.237721538383583,2.32371539737924,0.0
24.73583,22.44842,45.56163,3346.58431,-0.30001,33.65755,6.24664198529253,2.327038498563907,0.0
24.77312,22.47577,45.53374,3343.17132,-0.337,33.67431,6.258409613378062,2.3314222496506973,0.0
24.81036,22.50311,45.50265,3339.76032,-0.37379,33.69109,6.273015673701807,2.3368633914298687,0.0
24.84756,22.53044,45.46839,3336.34966,-0.4103,33.70789,6.290449352154848,2.3433578953613132,0.0
24.88471,22.55776,45.43099,3332.93768,-0.44646,33.72472,6.310697640680765,2.350900915601753,0.0
24.92182,22.58508,45.39049,3329.52272,-0.4822,33.74158,6.333745183521948,2.359486731727442,0.0
24.95888,22.61239,45.34694,3326.1031,-0.51744,33.75846,6.359574099213228,2.3691086824221164,0.0
24.99589,22.63969,45.3004,3322.67714,-0.55212,33.77537,6.3881637790649,2.379759090406615,0.0
25.03286,22.66699,45.25091,3319.24315,-0.58615,33.79231,6.41949066311306,2.391429178974481,0.0
25.06979,22.69427,45.19855,3315.79943,-0.61948,33.80927,6.453527994630857,2.404108980540952,0.0
25.10666,22.72155,45.14339,3312.3443,-0.65202,33.82625,6.490245554489221,2.417787237685336,0.0
25.1435,22.74882,45.0855,3308.87605,-0.68371,33.84327,6.529609376886492,2.432451297252821,0.0
25.18028,22.77608,45.02496,3305.393,-0.71448,33.8603,6.571581448191458,2.448086998165581,0.0
25.21703,22.80334,44.96188,3301.89345,-0.74426,33.87736,6.616119390898459,2.464678553687739,0.0
25.25372,22.83058,44.89633,3298.37573,-0.77298,33.89444,6.663176135013854,2.482208429008178,0.0
25.29037,22.85782,44.82842,3294.83816,-0.80058,33.91155,6.712699579444303,2.5006572150987654,0.0
25.32697,22.88505,44.75826,3291.2791,-0.82698,33.92868,6.76463224637258,2.520003499960253,0.0
25.36353,22.91226,44.68595,3287.6969,-0.85213,33.94584,6.818910931873064,2.540223738467351,0.0
25.40003,22.93947,44.61161,3284.08994,-0.87597,33.96302,6.875466356460734,2.5612921221890366,0.0
25.43649,22.96667,44.53537,3280.45664,-0.89843,33.98022,6.934222819599047,2.583180450683647,0.0
25.47291,22.99386,44.45734,3276.79542,-0.91946,33.99744,6.995097862583224,2.605858005914032,0.0
25.50927,23.02104,44.37766,3273.10477,-0.93899,34.01468,7.0580019446290185,2.6292914315820997,0.0
25.54559,23.04821,44.29647,3269.38319,-0.95698,34.03195,7.122838137325156,2.6534446193043117,0.0
25.58185,23.07537,44.2139,3265.62922,-0.97337,34.04923,7.189501842978247,2.6782786036877484,0.0
25.61807,23.10252,44.13009,3261.84147,-0.98811,34.06654,7.257880542719204,2.7037514684931256,0.0
25.65424,23.12966,44.0452,3258.01859,-1.00116,34.08387,7.32785358048317,2.7298182661616317,0.0
25.69036,23.15678,43.95936,3254.1593,-1.01248,34.10121,7.399291989225871,2.7564309530759474,0.0
25.72643,23.1839,43.87275,3250.26235,-1.02201,34.11858,7.472058365879822,2.783538342978142,0.0
25.76245,23.211,43.7855,3246.32661,-1.02974,34.13596,7.546006801650343,2.811086081003107,0.0
25.79842,23.23809,43.69778,3242.35098,-1.03562,34.15336,7.620982874203583,2.839016640768385,0.0
25.83434,23.26517,43.60974,3238.33447,-1.03963,34.17078,7.69682370816764,2.8672693469124346,0.0
25.8702,23.29223,43.52156,3234.27616,-1.04174,34.18822,7.77335811016185,2.89578042539659,0.0
25.90602,23.31928,43.43339,3230.17523,-1.04193,34.20567,7.850406784103034,2.9244830837123015,0.0
25.94178,23.34632,43.3454,3226.03095,-1.0402,34.22314,7.927782632067073,2.953307622959994,0.0
25.97749,23.37334,43.25775,3221.84272,-1.03652,34.24063,8.005291145280374,2.9821815835036687,0.0
26.01314,23.40035,43.17061,3217.61001,-1.03089,34.25812,8.082730888959404,3.011029925586393,0.0
26.04874,23.42734,43.08414,3213.33243,-1.02332,34.27564,8.159894083734372,3.039775245925914,0.0
26.08429,23.45432,42.9985,3209.0097,-1.01381,34.29317,8.236567285240822,3.068338030880414,0.0
26.11978,23.48128,42.91386,3204.64166,-1.00237,34.31071,8.312532162147615,3.0966369462843994,0.0
26.15521,23.50823,42.83037,3200.22829,-0.98903,34.32826,8.387566371463905,3.1245891635235834,0.0
26.19059,23.53516,42.74819,3195.76968,-0.97379,34.34583,8.461444528436605,3.1521107208472134,0.0
26.22592,23.56207,42.66748,3191.26608,-0.9567,34.3634,8.533939266666414,3.179116918289178,0.0
26.26118,23.58896,42.58839,3186.71784,-0.93779,34.38099,8.604822382413895,3.205522743952137,0.0
26.29639,23.61584,42.51106,3182.12548,-0.9171,34.39859,8.673866055301483,3.2312433287511304,0.0
26.33154,23.6427,42.43564,3177.48964,-0.89469,34.4162,8.740844135913168,3.2561944260783453,0.0
26.36664,23.66954,42.36226,3172.81111,-0.87059,34.43382,8.805533489097686,3.280292912218899,0.0
26.40167,23.69636,42.29106,3168.09082,-0.84489,34.45145,8.867715380231497,3.303457302770267,0.0
26.43665,23.72316,42.22216,3163.32981,-0.81763,34.46908,8.927176890227237,3.3256082797701683,0.0
26.47156,23.74994,42.15567,3158.52928,-0.7889,34.48673,8.983712343847271,3.3466692237809412,0.0
26.50642,23.7767,42.09173,3153.69056,-0.75878,34.50438,9.037124734821312,3.3665667447833587,0.0
26.54121,23.80344,42.03042,3148.81511,-0.72734,34.52204,9.08722713053915,3.3852312054616247,0.0
26.57595,23.83016,41.97184,3143.90449,-0.69467,34.5397,9.133844038598916,3.4025972302785576,0.0
26.61062,23.85686,41.9161,3138.96041,-0.66088,34.55737,9.176812717394832,3.4186041937040175,0.0
26.64523,23.88353,41.86325,3133.98467,-0.62606,34.57505,9.215984413099337,3.43319668102329,0.0
26.67978,23.91019,41.81339,3128.97918,-0.5903,34.59273,9.25122550601062,3.4463249153817035,0.0
26.71427,23.93682,41.76656,3123.94594,-0.55373,34.61042,9.282418550159662,3.4579451450656085,0.0
26.74869,23.96343,41.72283,3118.88707,-0.51644,34.62811,9.309463191339931,3.468019985492594,0.0
26.78306,23.99002,41.68224,3113.80472,-0.47856,34.64581,9.33227695034698,3.476518710988846,0.0
26.81736,24.01658,41.64482,3108.70114,-0.44019,34.66351,9.350795860114546,3.4834174921391066,0.0
26.85159,24.04312,41.6106,3103.57864,-0.40146,34.68122,9.364974947598396,3.488699575301085,0.0
26.88576,24.06963,41.57958,3098.43958,-0.36248,34.69893,9.374788553625347,3.492355401757639,0.0
26.91987,24.09613,41.55179,3093.28635,-0.32338,34.71664,9.380230486442818,3.494382664918016,0.0
26.95392,24.12259,41.52721,3088.12138,-0.28427,34.73436,9.381314007297142,3.4947863049454027,0.0
26.9879,24.14904,41.50582,3082.94709,-0.24528,34.75208,9.378071649036041,3.4935784411815614,0.0
27.02181,24.17546,41.4876,3077.76595,-0.20652,34.7698,9.370554871282902,3.4907782436901917,0.0
27.05567,24.20185,41.47252,3072.5804,-0.16812,34.78753,9.35883355826437,3.486411746184482,0.0
27.08945,24.22822,41.46054,3067.39286,-0.13019,34.80526,9.342995367687447,3.480511603466704,0.0
27.12318,24.25456,41.45159,3062.20574,-0.09285,34.82299,9.323144941200159,3.4731167973040336,0.0
27.15684,24.28088,41.44563,3057.02142,-0.0562,34.84073,9.299402988826971,3.4642722953566585,0.0
27.19043,24.30718,41.44257,3051.84223,-0.02037,34.85847,9.271905261388268,3.454028668376988,0.0
27.22397,24.33345,41.44235,3046.67043,0.01455,34.87621,9.240801426098288,3.4424416713403105,0.0
27.25743,24.35969,41.44486,3041.50825,0.04846,34.89396,9.206253861536169,3.42957179453979,0.0
27.29084,24.38591,41.45003,3036.35784,0.08125,34.9117,9.168436388716497,3.4154837908768667,0.0
27.32418,24.41211,41.45775,3031.22125,0.11283,34.92946,9.12753295522378,3.4002461856667225,0.0
27.35745,24.43828,41.4679,3026.10049,0.14312,34.94721,9.083736289306541,3.3839307752529164,0.0
27.39066,24.46442,41.48038,3020.99745,0.17203,34.96497,9.037246540401584,3.366612120566909,0.0
27.42381,24.49055,41.49507,3015.91393,0.19949,34.98274,8.988269921891272,3.3483670415194275,0.0
27.4569,24.51664,41.51184,3010.85166,0.22541,35.0005,8.937017370994521,3.3292741177746143,0.0
27.48992,24.54271,41.53057,3005.81224,0.24975,35.01828,8.883703239481974,3.3094132010069655,0.0
27.52288,24.56876,41.5511,3000.79716,0.27243,35.03605,8.828544027706277,3.2888649432943087,0.0
27.55578,24.59478,41.57332,2995.80784,0.29339,35.05384,8.771757172906828,3.26771034572944,0.0
27.58862,24.62078,41.59708,2990.84555,0.31261,35.07162,8.713559901287432,3.246030330788841,0.0
27.62139,24.64676,41.62223,2985.91148,0.33002,35.08942,8.654168151779148,3.2239053414060264,0.0
27.65411,24.67271,41.64862,2981.00669,0.3456,35.10721,8.593795577815213,3.201414969106437,0.0
27.68676,24.69864,41.67612,2976.13215,0.35931,35.12502,8.532652631893624,3.1786376129829157,0.0
27.71935,24.72454,41.70456,2971.28871,0.37112,35.14283,8.470945736210675,3.155650170734877,0.0
27.75188,24.75042,41.73381,2966.4771,0.38104,35.16065,8.408876541208262,3.132527762457668,0.0
27.78436,24.77628,41.7637,2961.69795,0.38902,35.17848,8.346641272565792,3.109343487379878,0.0
27.81677,24.80212,41.79408,2956.95181,0.39508,35.19631,8.284430165939627,3.0861682132889023,0.0
27.84912,24.82793,41.82482,2952.23908,0.39921,35.21415,8.222426987712016,3.0630703979973135,0.0
27.88142,24.85372,41.85574,2947.56011,0.40141,35.232,8.16080863898951,3.04011594182185,0.0
27.91365,24.87949,41.88672,2942.9151,0.4017,35.24986,8.099744839359358,3.0173680697743532,0.0
27.94583,24.90524,41.91759,2938.30419,0.40007,35.26773,8.039397886184146,2.9948872418926866,0.0
27.97795,24.93097,41.94822,2933.72742,0.39656,35.28561,7.979922484682472,2.9727310899413175,0.0
28.01002,24.95667,41.97846,2929.18473,0.39119,35.30349,7.9214656436342255,2.950954378558789,0.0
28.04203,24.98236,42.00817,2924.67599,0.38398,35.32139,7.864166631264063,2.9296089888231536,0.0
28.07398,25.00802,42.03722,2920.20097,0.37497,35.3393,7.808156985640383,2.908743922125862,0.0
28.10587,25.03367,42.06546,2915.75938,0.36419,35.35722,7.753560573855982,2.8884053222181234,0.0
28.13771,25.05929,42.09277,2911.35082,0.35168,35.37515,7.700493694290763,2.8686365133064444,0.0
28.1695,25.08489,42.11903,2906.97486,0.33748,35.39309,7.649065216241969,2.8494780520685725,0.0
28.20123,25.11048,42.1441,2902.63096,0.32164,35.41104,7.599376751458881,2.8309677915546803,0.0
28.2329,25.13604,42.16787,2898.31855,0.3042,35.429,7.55152285224056,2.813140954983988,0.0
28.26452,25.16159,42.19023,2894.03696,0.28523,35.44698,7.5055912310181485,2.7960302175449514,0.0
28.29609,25.18712,42.21106,2889.78548,0.26477,35.46497,7.461662996603562,2.7796657944041083,0.0
28.32761,25.21263,42.23025,2885.56335,0.24289,35.48297,7.41981290261576,2.764075533251408,0.0
28.35907,25.23812,42.24772,2881.36973,0.21963,35.50099,7.38010960384448,2.7492850098024437,0.0
28.39048,25.26359,42.26336,2877.20375,0.19508,35.51902,7.342615916720195,2.735317624830366,0.0
28.42183,25.28904,42.27708,2873.06448,0.16928,35.53706,7.307389080276391,2.722194701381199,0.0
28.45314,25.31448,42.2888,2868.95095,0.1423,35.55512,7.274481014425043,2.7099355809882484,0.0
28.48439,25.3399,42.29843,2864.86213,0.11422,35.57319,7.24393857257981,2.698557717780889,0.0
28.51559,25.3653,42.30591,2860.79697,0.0851,35.59128,7.2158037860524455,2.6880767695286596,0.0
28.54674,25.39068,42.31115,2856.75435,0.05501,35.60938,7.19011409786029,2.6785066847407046,0.0
28.57784,25.41605,42.31411,2852.73315,0.02403,35.62749,7.166902583937344,2.66985978507272,0.0
28.60889,25.4414,42.31473,2848.73219,-0.00777,35.64562,7.146198159953186,2.6621468423724397,0.0
28.63988,25.46673,42.31294,2844.75026,-0.04032,35.66377,7.128025772205309,2.655377149792057,0.0
28.67083,25.49205,42.3087,2840.78611,-0.07354,35.68193,7.112406571293453,2.6495585864864815,0.0
28.70173,25.51735,42.30199,2836.83847,-0.10736,35.7001,7.099358067482555,2.6446976754901237,0.0
28.73257,25.54263,42.29275,2832.90606,-0.14169,35.71829,7.088894266879216,2.6407996344462163,0.0
28.76337,25.5679,42.28096,2828.98753,-0.17647,35.7365,7.08102578771929,2.6378684189269967,0.0
28.79412,25.59315,42.2666,2825.08154,-0.2116,35.75472,7.0757599562578015,2.635906758155228,0.0
28.82482,25.61838,42.24966,2821.18672,-0.24701,35.77295,7.073100881894996,2.6349161829906262,0.0
28.85547,25.6436,42.23011,2817.30167,-0.28263,35.7912,7.073049511349032,2.6348970461106136,0.0
28.88607,25.6688,42.20796,2813.42498,-0.31838,35.80947,7.075603661835355,2.635848534370513,0.0
28.91662,25.69399,42.18321,2809.5552,-0.35416,35.82775,7.080758033334392,2.6377686733735803,0.0
28.94712,25.71916,42.15587,2805.6909,-0.38992,35.84605,7.088504200207532,2.640654324347742,0.0
28.97757,25.74431,42.12594,2801.83061,-0.42555,35.86436,7.098830582527875,2.6445011734655415,0.0
29.00798,25.76945,42.09344,2797.97285,-0.461,35.88269,7.1117223976643675,2.6493037138079556,0.0
29.03833,25.79457,42.05841,2794.11614,-0.49617,35.90104,7.127161592777988,2.6550552202174513,0.0
29.06864,25.81968,42.02087,2790.25897,-0.53098,35.91939,7.145126759051159,2.6617477173461808,0.0
29.09889,25.84477,41.98085,2786.39984,-0.56537,35.93777,7.165593028625553,2.669371941262604,0.0
29.1291,25.86984,41.9384,2782.53725,-0.59925,35.95615,7.1885319553713325,2.6779172950348937,0.0
29.15926,25.89489,41.89356,2778.66968,-0.63254,35.97456,7.213911380802533,2.6873717987808887,0.0
29.18937,25.91993,41.84639,2774.79563,-0.66517,35.99297,7.241695286595809,2.697722034727442,0.0
29.21943,25.94496,41.79694,2770.91357,-0.69706,36.0114,7.271843635397321,2.7089530879068033,0.0
29.24944,25.96996,41.74528,2767.02202,-0.72814,36.02985,7.30431220175402,2.7210484831740698,0.0
29.27941,25.99495,41.69147,2763.11946,-0.75833,36.04831,7.339052395225798,2.7339901193118097,0.0
29.30932,26.01993,41.6356,2759.2044,-0.78757,36.06678,7.376011077950101,2.747758201068081,0.0
29.33919,26.04488,41.57772,2755.27539,-0.81578,36.08526,7.415130379120062,2.7623311700446522,0.0
29.369,26.06982,41.51794,2751.33095,-0.84289,36.10376,7.4563475090645355,2.777685635436927,0.0
29.39876,26.09474,41.45633,2747.36964,-0.86884,36.12227,7.499594575829618,2.7937963057057296,0.0
29.42848,26.11965,41.39299,2743.39005,-0.89356,36.14079,7.54479840738239,2.8106359223435273,0.0
29.45814,26.14453,41.32802,2739.39079,-0.91699,36.15932,7.59188038273201,2.828175196962588,0.0
29.48776,26.1694,41.2615,2735.37049,-0.93906,36.17787,7.640756275482149,2.846382753014151,0.0
29.51732,26.19425,41.19356,2731.32783,-0.95973,36.19643,7.6913361134959395,2.865225073509921,0.0
29.54684,26.21908,41.12429,2727.26152,-0.97893,36.21499,7.743524058497443,2.8846664561704554,0.0
29.5763,26.24389,41.05382,2723.17031,-0.99661,36.23357,7.79721830954674,2.9046689774670913,0.0
29.60571,26.26869,40.98224,2719.05299,-1.01273,36.25216,7.852311034458941,2.9251924670737197,0.0
29.63507,26.29346,40.90968,2714.90841,-1.02723,36.27075,7.908688333209025,2.9461944942341316,0.0
29.66438,26.31821,40.83626,2710.73548,-1.04007,36.28936,7.966230237419945,2.9676303675713194,0.0
29.69363,26.34295,40.76211,2706.53314,-1.05122,36.30797,8.024810749941263,2.9894531498315593,0.0
29.72284,26.36766,40.68734,2702.30043,-1.06064,36.32659,8.084297928402831,3.0116136890103586,0.0
29.75199,26.39236,40.61209,2698.03643,-1.06829,36.34522,8.144554016451712,3.0340606672416612,0.0
29.78109,26.41703,40.53648,2693.7403,-1.07416,36.36386,8.205435626081432,3.0567406687202894,0.0
29.81013,26.44168,40.46064,2689.41128,-1.07822,36.3825,8.266793974148538,3.0795982678105873,0.0
29.83912,26.46631,40.3847,2685.04867,-1.08044,36.40115,8.328475175725103,3.102576138327946,0.0
29.86806,26.49092,40.30879,2680.65189,-1.08083,36.4198,8.390320596432222,3.125615184792302,0.0
29.89695,26.51551,40.23305,2676.22041,-1.07936,36.43846,8.45216726529748,3.1486546962284043,0.0
29.92577,26.54007,40.1576,2671.7538,-1.07605,36.45713,8.513848349004533,3.1716325228362687,0.0
29.95455,26.56461,40.08257,2667.25175,-1.07088,36.47579,8.575193687669303,3.1944852755818984,0.0
29.98327,26.58913,40.00809,2662.71401,-1.06388,36.49446,8.636030391415163,3.2171485484372444,0.0
30.01193,26.61362,39.93429,2658.14045,-1.05504,36.51314,8.696183496182057,3.2395571626863537,0.0
30.04054,26.63809,39.8613,2653.53105,-1.0444,36.53181,8.755476676258269,3.261645432362204,0.0
30.06909,26.66254,39.78923,2648.88587,-1.03198,36.55049,8.813733010026331,3.2833474495072,0.0
30.09758,26.68696,39.71822,2644.20511,-1.01781,36.56917,8.870775794497352,3.3045973876086436,0.0
30.12602,26.71135,39.64836,2639.48903,-1.00192,36.58785,8.926429403186496,3.325329821179924,0.0
30.1544,26.73572,39.57979,2634.73805,-0.98436,36.60653,8.980520180922818,3.345480059100722,0.0
30.18272,26.76006,39.51261,2629.95265,-0.96518,36.62521,9.032877368310883,3.3649844890032856,0.0
30.21099,26.78438,39.44692,2625.13346,-0.94443,36.64389,9.083334047685689,3.383780929665535,0.0
30.23919,26.80867,39.38284,2620.28118,-0.92216,36.66257,9.13172810164888,3.4018089880910183,0.0
30.26734,26.83294,39.32044,2615.39665,-0.89846,36.68125,9.177903174665035,3.419010417728826,0.0
30.29543,26.85717,39.25983,2610.48077,-0.87338,36.69993,9.221709627646614,3.435329474081611,0.0
30.32346,26.88138,39.2011,2605.53458,-0.847,36.7186,9.263005475118453,3.4507132638240128,0.0
30.35142,26.90556,39.14431,2600.5592,-0.8194,36.73727,9.301657294356403,3.4651120834807196,0.0
30.37933,26.92971,39.08955,2595.55583,-0.79067,36.75594,9.3375410958886,3.4784797437111044,0.0
30.40718,26.95383,39.03688,2590.52579,-0.76089,36.7746,9.370543144910169,3.490773875307809,0.0
30.43497,26.97792,38.98637,2585.47046,-0.73016,36.79326,9.40056072354372,3.501956213158835,0.0
30.4627,27.00199,38.93806,2580.39129,-0.69858,36.81191,9.427502824406822,3.511992854619678,0.0
30.49036,27.02602,38.892,2575.28984,-0.66625,36.83056,9.45129076674153,3.5208544890377884,0.0
30.51797,27.05003,38.84823,2570.16769,-0.63327,36.84921,9.471858727199374,3.5285165954839455,0.0
30.54551,27.074,38.80679,2565.02652,-0.59974,36.86785,9.489154178526178,3.5349596061738917,0.0
30.57299,27.09794,38.76769,2559.86804,-0.56578,36.88648,9.503138230526424,3.5401690334865368,0.0
30.60042,27.12185,38.73096,2554.69401,-0.53149,36.90511,9.513785869058522,3.5441355589959733,0.0
30.62777,27.14573,38.6966,2549.50622,-0.49698,36.92373,9.521086090172275,3.546855083441225,0.0
30.65507,27.16958,38.66462,2544.30651,-0.46237,36.94234,9.525041927997618,3.548328737115522,0.0
30.6823,27.1934,38.635,2539.09674,-0.42777,36.96095,9.52567037643231,3.548562850692918,0.0
30.70948,27.21719,38.60774,2533.87876,-0.39329,36.97956,9.523002206180673,3.547568887070399,0.0
30.73659,27.24094,38.58282,2528.65445,-0.35904,36.99815,9.517081680091326,3.5453633353237004,0.0
30.76363,27.26466,38.5602,2523.42569,-0.32513,37.01674,9.50796617113091,3.54196756839247,0.0
30.79062,27.28835,38.53984,2518.19434,-0.29167,37.03532,9.495725688564207,3.5374076665698926,0.0
30.81754,27.31201,38.52172,2512.96226,-0.25877,37.0539,9.480442319049313,3.5317142092959415,0.0
30.8444,27.33564,38.50578,2507.73127,-0.22653,37.07247,9.462209590370737,3.5249220381312076,0.0
30.8712,27.35923,38.49196,2502.50318,-0.19505,37.09103,9.441131766316229,3.517069994079975,0.0
30.89793,27.38279,38.4802,2497.27974,-0.16443,37.10958,9.417323081901069,3.5082006326911386,0.0
30.92461,27.40632,38.47043,2492.06269,-0.13477,37.12813,9.390906928605158,3.4983599205375886,0.0
30.95122,27.42982,38.46259,2486.85369,-0.10616,37.14667,9.36201499957852,3.487596916782761,0.0
30.97777,27.45328,38.45658,2481.65437,-0.07868,37.16521,9.330786404868403,3.475963443579465,0.0
31.00425,27.47671,38.45234,2476.46629,-0.05241,37.18374,9.297366766720149,3.4635137490456382,0.0
31.03068,27.50011,38.44976,2471.29095,-0.02744,37.20226,9.261907304682413,3.4503041664419842,0.0
31.05704,27.52347,38.44875,2466.1298,-0.00384,37.22077,9.224563920012134,3.43639277308872,0.0
31.08334,27.54681,38.44923,2460.98418,0.01833,37.23928,9.185496288212388,3.4218390523120563,0.0
31.10958,27.57011,38.45108,2455.85539,0.039,37.25779,9.14486696806426,3.406703561535128,0.0
31.13576,27.59338,38.45421,2450.74466,0.05812,37.27629,9.102840534707846,3.3910476093278517,0.0
31.16188,27.61661,38.4585,2445.6531,0.07563,37.29478,9.059582743580105,3.374932943951783,0.0
31.18794,27.63982,38.46386,2440.58179,0.09149,37.31327,9.015259731175993,3.358421455622608,0.0
31.21394,27.66299,38.47016,2435.53168,0.10565,37.33175,8.970037257716188,3.3415748943839416,0.0
31.23987,27.68613,38.47729,2430.50368,0.11809,37.35023,8.924079995943355,3.3244546051652293,0.0
31.26575,27.70924,38.48515,2425.4986,0.12876,37.3687,8.877550869347587,3.3071212812533046,0.0
31.29157,27.73232,38.49361,2420.51714,0.13766,37.38717,8.830610442317056,3.289634737107464,0.0
31.31733,27.75536,38.50256,2415.55997,0.14475,37.40564,8.783416363817347,3.272053701115384,0.0
31.34303,27.77838,38.51188,2410.62763,0.15004,37.4241,8.73612286547068,3.254435628614417,0.0
31.36867,27.80136,38.52145,2405.7206,0.1535,37.44256,8.68888031415262,3.2368365352221034,0.0
31.39425,27.82432,38.53117,2400.83927,0.15514,37.46102,8.641834818568249,3.219310850275439,0.0
31.41977,27.84724,38.54092,2395.98396,0.15496,37.47947,8.59512788866477,3.2019112899531055,0.0
31.44524,27.87013,38.55058,2391.15489,0.15297,37.49792,8.548896146206607,3.1846887494570852,0.0
31.47065,27.89299,38.56003,2386.35223,0.14919,37.51637,8.503271084411423,3.167692213470755,0.0
31.496,27.91583,38.56918,2381.57605,0.14362,37.53482,8.458378874109089,3.150968683947994,0.0
31.52129,27.93863,38.57791,2376.82636,0.1363,37.55327,8.414340213638484,3.134563124195799,0.0
31.54653,27.9614,38.58611,2372.1031,0.12725,37.57171,8.371270219406533,3.118518418104646,0.0
31.57171,27.98414,38.59368,2367.40612,0.1165,37.59016,8.329278353852787,3.102875343313397,0.0
31.59684,28.00686,38.60052,2362.73522,0.10409,37.6086,8.288468387478025,3.087672557063959,0.0
31.62191,28.02954,38.60652,2358.09014,0.09005,37.62705,8.248938391493617,3.0729465934629756,0.0
31.64692,28.05219,38.6116,2353.47053,0.07443,37.64549,8.210780757653197,3.0587318708696483,0.0
31.67188,28.07482,38.61566,2348.876,0.05728,37.66394,8.174082241827492,3.0450607081285086,0.0
31.69679,28.09742,38.61862,2344.30609,0.03864,37.68238,8.138924027990745,3.03196334840604,0.0
31.72164,28.11999,38.62038,2339.7603,0.01858,37.70083,8.105381809336558,3.019467989408467,0.0
31.74643,28.14253,38.62087,2335.23806,-0.00286,37.71928,8.073525883388474,3.0076008188129486,0.0
31.77117,28.16504,38.62,2330.73875,-0.02562,37.73773,8.043421258141649,2.996386053808144,0.0
31.79586,28.18753,38.61772,2326.2617,-0.04963,37.75618,8.015127766371293,2.9858459836771143,0.0
31.82049,28.20998,38.61394,2321.80619,-0.07483,37.77463,7.988700185485378,2.9760010144456084,0.0
31.84508,28.23241,38.6086,2317.37146,-0.10116,37.79308,7.964188360469126,2.9668697146821232,0.0
31.8696,28.25482,38.60164,2312.9567,-0.12853,37.81154,7.941637327633691,2.958468861597539,0.0
31.89408,28.27719,38.59301,2308.56106,-0.1569,37.83,7.921087437119292,2.9508134866807643,0.0
31.9185,28.29954,38.58266,2304.18367,-0.18617,37.84846,7.902574472286134,2.9439169201749924,0.0
31.94287,28.32186,38.57054,2299.82358,-0.21628,37.86692,7.8861297643309305,2.937790833775372,0.0
31.96719,28.34415,38.55661,2295.47985,-0.24716,37.88539,7.871780300662418,2.932445281001739,0.0
31.99146,28.36642,38.54082,2291.15147,-0.27871,37.90386,7.859548825756184,2.927888734769692,0.0
32.01567,28.38866,38.52316,2286.83743,-0.31088,37.92233,7.849453933429386,2.924128121765358,0.0
32.03983,28.41087,38.50359,2282.53667,-0.34357,37.94081,7.841510149626185,2.921168853285134,0.0
32.06394,28.43305,38.48209,2278.24811,-0.37671,37.95928,7.83572800502522,2.919014852283894,0.0
32.088,28.45521,38.45865,2273.97064,-0.41022,37.97776,7.83211409691806,2.9176685764263324,0.0
32.11201,28.47735,38.43325,2269.70313,-0.44402,37.99625,7.830671140019975,2.9171310370153147,0.0
32.13597,28.49945,38.40588,2265.44443,-0.47801,38.01474,7.8313980060269355,2.9174018137279027,0.0
32.15988,28.52153,38.37655,2261.19338,-0.51214,38.03323,7.834289751885138,2.918479065146496,0.0
32.18373,28.54358,38.34525,2256.94878,-0.5463,38.05172,7.839337636929794,2.9203595351434797,0.0
32.20754,28.56561,38.31199,2252.70944,-0.58041,38.07022,7.846529129196265,2.9230385552322895,0.0
32.23129,28.58761,38.27679,2248.47414,-0.61441,38.08871,7.855847901335552,2.9265100430458255,0.0
32.25499,28.60958,38.23967,2244.24165,-0.6482,38.10722,7.867273816790807,2.9307664971868377,0.0
32.27865,28.63153,38.20063,2240.01075,-0.6817,38.12572,7.88078290694581,2.9357989887151295,0.0
32.30225,28.65345,38.15972,2235.78018,-0.71483,38.14423,7.896347340197111,2.9415971496261255,0.0
32.3258,28.67534,38.11697,2231.54872,-0.74751,38.16274,7.9139353839992825,2.948149158711718,0.0
32.3493,28.69721,38.0724,2227.31511,-0.77967,38.18125,7.9335113610699475,2.955441725245496,0.0
32.37275,28.71904,38.02606,2223.07811,-0.81122,38.19976,7.955035601121304,2.9634600710014674,0.0
32.39615,28.74086,37.97799,2218.83649,-0.84209,38.21828,7.978464389589145,2.9721879111542626,0.0
32.4195,28.76264,37.92824,2214.589,-0.87221,38.2368,8.003749914976554,2.9816074346632866,0.0
32.4428,28.7844,37.87687,2210.33442,-0.90149,38.25532,8.030840216563748,2.991699284793249,0.0
32.46605,28.80613,37.82394,2206.07155,-0.92987,38.27384,8.059679134325693,3.002442540457168,0.0
32.48924,28.82783,37.76949,2201.79917,-0.95728,38.29236,8.090206263058787,3.013814699127343,0.0
32.51239,28.84951,37.7136,2197.51612,-0.98364,38.31088,8.122356912769229,3.0257916620789884,0.0
32.53548,28.87115,37.65634,2193.22122,-1.0089,38.3294,8.156062077481979,3.0383477227707445,0.0
32.55853,28.89277,37.59777,2188.91335,-1.03299,38.34792,8.191248414730381,3.0514555592040264,0.0
32.58152,28.91436,37.53798,2184.59139,-1.05584,38.36644,8.22783823796838,3.065086231096372,0.0
32.60446,28.93593,37.47703,2180.25426,-1.07741,38.38496,8.265749524250339,3.079209182742378,0.0
32.62735,28.95746,37.41502,2175.90091,-1.09763,38.40348,8.304895939494648,3.0937922524250583,0.0
32.65019,28.97897,37.35202,2171.53032,-1.11646,38.422,8.345186883630864,3.108801689234341,0.0
32.67297,29.00044,37.28811,2167.14153,-1.13384,38.44052,8.386527557893686,3.1242021781358464,0.0
32.69571,29.02189,37.2234,2162.73361,-1.14974,38.45904,8.428819056446715,3.1399568741031474,0.0
32.71839,29.04331,37.15796,2158.30566,-1.1641,38.47755,8.471958484371571,3.156027446071818,0.0
32.74102,29.0647,37.09188,2153.85685,-1.17689,38.49606,8.51583910397124,3.1723741314412828,0.0
32.7636,29.08605,37.02527,2149.38639,-1.18809,38.51456,8.560350511075507,3.188955801753229,0.0
32.78612,29.10738,36.95821,2144.89355,-1.19765,38.53307,8.605378842871813,3.2057300401140667,0.0
32.80859,29.12868,36.89081,2140.37766,-1.20556,38.55156,8.650807018456284,3.2226532308065194,0.0
32.83101,29.14994,36.82315,2135.83811,-1.2118,38.57006,8.696515013038805,3.2396806614382267,0.0
32.85338,29.17118,36.75533,2131.27434,-1.21635,38.58855,8.742380166367616,3.2567666378380213,0.0
32.87569,29.19238,36.68746,2126.68588,-1.2192,38.60703,8.78827752556296,3.2738646117704877,0.0
32.89795,29.21355,36.61961,2122.0723,-1.22034,38.62551,8.834080222114164,3.290927321377288,0.0
32.92015,29.23469,36.5519,2117.43327,-1.21978,38.64398,8.879659882394654,3.307906944104809,0.0
32.9423,29.2558,36.48442,2112.7685,-1.21752,38.66244,8.924887070519102,3.3247552616801053,0.0
32.9644,29.27688,36.41726,2108.07781,-1.21357,38.6809,8.96963176192557,3.3414238365327007,0.0
32.98644,29.29792,36.35051,2103.36107,-1.20794,38.69934,9.013763845555152,3.3578641988697253,0.0
33.00842,29.31893,36.28426,2098.61824,-1.20066,38.71778,9.057153651990054,3.374028043421243,0.0
33.03036,29.3399,36.21861,2093.84935,-1.19176,38.73621,9.099672504428671,3.389867434692966,0.0
33.05223,29.36084,36.15365,2089.05451,-1.18125,38.75464,9.141193288891044,3.4053350193827883,0.0
33.07405,29.38175,36.08944,2084.23392,-1.16919,38.77305,9.181591039592645,3.420384244447927,0.0
33.09581,29.40262,36.02609,2079.38784,-1.15562,38.79145,9.220743535008445,3.4349695791544668,0.0
33.11752,29.42346,35.96366,2074.51663,-1.14057,38.80984,9.258531899784922,3.4490467393054205,0.0
33.13917,29.44426,35.90223,2069.62071,-1.1241,38.82822,9.294841207312372,3.462572911714774,0.0
33.16077,29.46502,35.84188,2064.70058,-1.10628,38.84659,9.32956107755267,3.4755069769140525,0.0
33.18231,29.48575,35.78266,2059.75683,-1.08715,38.86495,9.362586264490371,3.4878097279933105,0.0
33.20379,29.50645,35.72466,2054.79011,-1.0668,38.88329,9.393817227530116,3.499444083461708,0.0
33.22521,29.52711,35.66791,2049.80115,-1.04529,38.90162,9.423160681078116,3.510375291981068,0.0
33.24658,29.54773,35.61249,2044.79073,-1.02269,38.91994,9.450530116663439,3.520571126869791,0.0
33.26789,29.56831,35.55844,2039.75972,-0.99909,38.93825,9.475846292109653,3.5300020683321716,0.0
33.28914,29.58886,35.50581,2034.70904,-0.97456,38.95654,9.499037682473377,3.5386414714448633,0.0
33.31034,29.60936,35.45463,2029.63967,-0.9492,38.97482,9.520040887881677,3.5464657180870485,0.0
33.33147,29.62984,35.40495,2024.55265,-0.9231,38.99308,9.538800993743736,3.553454351128759,0.0
33.35255,29.65027,35.35679,2019.44907,-0.89634,39.01133,9.55527187936325,3.5595901893971096,0.0
33.37357,29.67066,35.31018,2014.33005,-0.86902,39.02957,9.569416471538831,3.564859422149133,0.0
33.39453,29.69102,35.26515,2009.19679,-0.84124,39.04778,9.581206940350086,3.56925168200723,0.0
33.41543,29.71133,35.22169,2004.0505,-0.8131,39.06599,9.590624835036316,3.5727600955775736,0.0
33.43627,29.73161,35.17983,1998.89242,-0.7847,39.08418,9.597661158547197,3.5753813112221917,0.0
33.45706,29.75185,35.13957,1993.72383,-0.75613,39.10235,9.602316380135514,3.5771155037500906,0.0
33.47778,29.77205,35.1009,1988.54604,-0.7275,39.1205,9.60460038606687,3.577966356055334,0.0
33.49845,29.79221,35.06382,1983.36035,-0.69892,39.13864,9.604532369265884,3.5779410180073365,0.0
33.51906,29.81233,35.02831,1978.1681,-0.67047,39.15677,9.602140659451777,3.577050043171909,0.0
33.5396,29.83241,34.99437,1972.97062,-0.64226,39.17487,9.597462495997206,3.5753073041951935,0.0
33.56009,29.85245,34.96196,1967.76926,-0.6144,39.19297,9.590543746382076,3.572729887920299,0.0
33.58052,29.87244,34.93106,1962.56535,-0.58698,39.21104,9.581438573703352,3.5693379715259623,0.0
33.60089,29.8924,34.90163,1957.36022,-0.56009,39.2291,9.570209057219156,3.5651546811692376,0.0
33.62121,29.91232,34.87364,1952.15518,-0.53383,39.24714,9.556924770359633,3.5602059347834425,0.0
33.64146,29.9322,34.84705,1946.95154,-0.50829,39.26516,9.541662320974414,3.5545202708082364,0.0
33.66165,29.95204,34.82181,1941.75057,-0.48356,39.28317,9.52450485892373,3.548128664754361,0.0
33.68179,29.97183,34.79787,1936.55352,-0.45973,39.30116,9.505541556246985,3.5410643355527514,0.0
33.70186,29.99159,34.77518,1931.36161,-0.43688,39.31914,9.484867065326082,3.5333625437061187,0.0
33.72188,30.0113,34.75367,1926.17602,-0.41508,39.3371,9.462580960426438,3.5250603832482916,0.0
33.74183,30.03098,34.73329,1920.99792,-0.39441,39.35504,9.438787167988979,3.5161965695129807,0.0
33.76173,30.05061,34.71398,1915.82841,-0.37494,39.37297,9.413593390899976,3.506811224659156,0.0
33.78157,30.0702,34.69566,1910.66855,-0.35675,39.39088,9.387110531769281,3.4969456628270117,0.0
33.80136,30.08976,34.67826,1905.51936,-0.33988,39.40877,9.359452120007317,3.4866421767090685,0.0
33.82108,30.10927,34.66172,1900.38182,-0.32439,39.42665,9.330733747144079,3.4759438271916463,0.0
33.84075,30.12874,34.64596,1895.25684,-0.31035,39.44451,9.301072514531425,3.464894237609432,0.0
33.86035,30.14817,34.6309,1890.14528,-0.29779,39.46236,9.270586497124118,3.453537393989816,0.0
33.8799,30.16756,34.61646,1885.04796,-0.28676,39.48019,9.23939422666521,3.441917452525844,0.0
33.89939,30.18691,34.60257,1879.96564,-0.27729,39.49801,9.207614197124004,3.430078555338841,0.0
33.91883,30.20621,34.58914,1874.899,-0.26941,39.51581,9.175364394844545,3.418064655446377,0.0
33.93821,30.22548,34.5761,1869.84869,-0.26316,39.5336,9.142761855357856,3.4059193516631434,0.0
33.95753,30.24471,34.56335,1864.81529,-0.25856,39.55137,9.109922248424839,3.393685734018533,0.0
33.97679,30.2639,34.55082,1859.79932,-0.25561,39.56913,9.076959492426832,3.3814062401069678,0.0
33.996,30.28305,34.53843,1854.80125,-0.25433,39.58688,9.043985398814991,3.369122522635938,0.0
34.01515,30.30215,34.5261,1849.82146,-0.25474,39.60461,9.011109346950313,3.3568753282953603,0.0
34.03424,30.32122,34.51373,1844.86031,-0.25682,39.62233,8.97843798932386,3.3447043879443514,0.0
34.05328,30.34025,34.50126,1839.91807,-0.26057,39.64004,8.946074986794475,3.3326483179803104,0.0
34.07226,30.35924,34.4886,1834.99498,-0.26599,39.65773,8.914120773213915,3.3207445326555916,0.0
34.09119,30.37819,34.47568,1830.09119,-0.27306,39.67541,8.882672348535742,3.3090291670051193,0.0
34.11006,30.3971,34.46241,1825.20683,-0.28177,39.69308,8.851823099275533,3.297537009963093,0.0
34.12888,30.41597,34.44873,1820.34193,-0.29209,39.71073,8.82166264503438,3.286301447188951,0.0
34.14764,30.4348,34.43455,1815.4965,-0.30399,39.72838,8.792276709585536,3.275354413043762,0.0
34.16634,30.45359,34.41981,1810.67048,-0.31744,39.74601,8.763747014947205,3.2647263511295406,0.0
34.185,30.47235,34.40443,1805.86375,-0.33241,39.76363,8.736151196768182,3.2544461827681777,0.0
34.20359,30.49106,34.38835,1801.07617,-0.34886,39.78124,8.709562739251375,3.244541282758746,0.0
34.22214,30.50974,34.37151,1796.30752,-0.36675,39.79884,8.684050927846508,3.235037461754277,0.0
34.24063,30.52838,34.35384,1791.55753,-0.38602,39.81643,8.65968081793478,3.225958954595975,0.0
34.25906,30.54698,34.33528,1786.8259,-0.40663,39.834,8.636513217702442,3.217328413933181,0.0
34.27745,30.56554,34.31578,1782.11227,-0.42853,39.85157,8.614604683476358,3.209166908485736,0.0
34.29578,30.58406,34.29528,1777.41625,-0.45165,39.86913,8.59400752581714,3.2014939253138426,0.0
34.31405,30.60255,34.27373,1772.7374,-0.47595,39.88667,8.574769824748595,3.1943273754914303,0.0
34.33228,30.621,34.25108,1768.07522,-0.50135,39.90421,8.556935452577047,3.1876836026069553,0.0
34.35045,30.63941,34.2273,1763.42921,-0.5278,39.92174,8.540544102870799,3.1815773935590106,0.0
34.36857,30.65778,34.20234,1758.79879,-0.55522,39.93926,8.525631324209405,3.1760219911288203,0.0
34.38664,30.67611,34.17616,1754.18338,-0.58355,39.95677,8.512228557500562,3.1710291078817607,0.0
34.40465,30.69441,34.14873,1749.58235,-0.61272,39.97427,8.500363175739935,3.1666089409789433,0.0
34.42262,30.71267,34.12002,1744.99503,-0.64265,39.99176,8.490058525202608,3.1627701875221157,0.0
34.44053,30.73089,34.09001,1740.42073,-0.67327,40.00924,8.481333967191878,3.159520060106182,0.0
34.45839,30.74908,34.05866,1735.85873,-0.7045,40.02671,8.474204919620334,3.1568643023092515,0.0
34.4762,30.76723,34.02597,1731.30828,-0.73627,40.04417,8.468682897780148,3.154807203880643,0.0
34.49395,30.78534,33.99192,1726.76861,-0.76849,40.06163,8.464775553819704,3.1533516154469705,0.0
34.51166,30.80341,33.95649,1722.23891,-0.8011,40.07907,8.462486714581036,3.1524989626075812,0.0
34.52931,30.82145,33.91968,1717.71838,-0.834,40.09651,8.461816417538182,3.1522492593225424,0.0
34.54692,30.83945,33.88148,1713.20617,-0.86713,40.11394,8.462760944741019,3.1526011205576046,0.0
34.56447,30.85741,33.8419,1708.70143,-0.90039,40.13136,8.465312854775554,3.1535517741902637,0.0
34.58197,30.87533,33.80093,1704.20329,-0.93371,40.14877,8.469461012861254,3.1550970722217944,0.0
34.59943,30.89322,33.75859,1699.71087,-0.96701,40.16617,8.475190619351633,3.1572315013944805,0.0
34.61683,30.91107,33.71488,1695.22327,-1.0002,40.18356,8.482483236960768,3.1599481933342,0.0
34.63418,30.92889,33.66982,1690.73959,-1.03322,40.20095,8.491316817214699,3.1632389344042746,0.0
34.65148,30.94666,33.62342,1686.25891,-1.06597,40.21832,8.50166572665311,3.167094175466278,0.0
34.66873,30.9644,33.57571,1681.78033,-1.09838,40.23569,8.513500773477116,3.171503041807043,0.0
34.68593,30.9821,33.52671,1677.30293,-1.13038,40.25305,8.526789235341354,3.176453343491947,0.0
34.70308,30.99977,33.47645,1672.82578,-1.16188,40.27039,8.541494889151481,3.181931586465258,0.0
34.72018,31.0174,33.42496,1668.34798,-1.19281,40.28773,8.557578043740062,3.187922984722769,0.0
34.73723,31.03499,33.37228,1663.86861,-1.2231,40.30506,8.574995576376645,3.194411473912762,0.0
34.75423,31.05254,33.31843,1659.38676,-1.25268,40.32237,8.593700974137233,3.2013797267472164,0.0
34.77118,31.07006,33.26346,1654.90154,-1.28148,40.33968,8.613644381149408,3.2088091706018718,0.0
34.78807,31.08753,33.20741,1650.41207,-1.30943,40.35698,8.634772652829348,3.2166800077209348,0.0
34.80492,31.10497,33.15033,1645.91748,-1.33646,40.37426,8.65702941817786,3.224971238423997,0.0
34.82172,31.12238,33.09226,1641.41691,-1.36252,40.39154,8.680355151224184,3.233660687720726,0.0
34.83847,31.13974,33.03326,1636.90952,-1.38754,40.4088,8.704687252743602,3.2427250357528306,0.0
34.85516,31.15707,32.97337,1632.3945,-1.41147,40.42606,8.72996014324674,3.252139852435019,0.0
34.87181,31.17435,32.91265,1627.87106,-1.43425,40.4433,8.756105368293818,3.2618796366873286,0.0
34.88841,31.1916,32.85115,1623.33844,-1.45584,40.46053,8.783051717061964,3.27191786060457,0.0
34.90495,31.20881,32.78894,1618.7959,-1.47619,40.47774,8.81072535504173,3.282227018889271,0.0
34.92145,31.22598,32.72606,1614.24272,-1.49524,40.49495,8.839049971645172,3.2927786838395683,0.0
34.93789,31.24312,32.66259,1609.67825,-1.51298,40.51214,8.867946943345197,3.303543566122913,0.0
34.95428,31.26021,32.59858,1605.10183,-1.52935,40.52932,8.897335512931587,3.3144915815536464,0.0
34.97063,31.27726,32.53409,1600.51286,-1.54433,40.54648,8.927132985212461,3.325591923996953,0.0
34.98692,31.29428,32.4692,1595.91079,-1.55789,40.56363,8.957254939390833,3.336813144484711,0.0
35.00316,31.31125,32.40395,1591.29509,-1.57,40.58077,8.987615458134636,3.348123236550103,0.0
35.01935,31.32819,32.33842,1586.66529,-1.58066,40.59789,9.018127373207426,3.359489727731519,0.0
35.03549,31.34508,32.27267,1582.02094,-1.58984,40.615,9.04870252723474,3.3708797770874135,0.0
35.05157,31.36194,32.20677,1577.36167,-1.59754,40.63209,9.079252051074322,3.3822602785240066,0.0
35.06761,31.37875,32.14077,1572.68713,-1.60374,40.64917,9.10968665593644,3.393597969617794,0.0
35.08359,31.39553,32.07474,1567.99704,-1.60846,40.66623,9.139916939246422,3.404859545557387,0.0
35.09952,31.41226,32.00875,1563.29115,-1.6117,40.68327,9.169853702965954,3.416011777726572,0.0
35.1154,31.42895,31.94286,1558.56929,-1.61347,40.7003,9.199408282894302,3.42702163637768,0.0
35.13123,31.4456,31.87712,1553.8313,-1.61378,40.71731,9.228492887231868,3.4378564167554204,0.0
35.14701,31.46221,31.8116,1549.07712,-1.61265,40.7343,9.257020942495837,3.448483867959558,0.0
35.16273,31.47878,31.74636,1544.30672,-1.61011,40.75128,9.28490744466947,3.458872323757267,0.0
35.1784,31.4953,31.68144,1539.52011,-1.60618,40.76823,9.312069313309056,3.468990834497289,0.0
35.19402,31.51178,31.61692,1534.71739,-1.60091,40.78517,9.338425746149905,3.47880929920999,0.0
35.20958,31.52822,31.55283,1529.89869,-1.59433,40.80209,9.363898571649614,3.488298596939008,0.0
35.2251,31.54462,31.48924,1525.06418,-1.58649,40.81899,9.388412596811014,3.4974307163144505,0.0
35.24056,31.56097,31.42618,1520.21412,-1.57742,40.83587,9.411895947516912,3.5061788823365414,0.0
35.25596,31.57728,31.36371,1515.34879,-1.5672,40.85272,9.434280398626745,3.51451767934531,0.0
35.27132,31.59355,31.30186,1510.46854,-1.55587,40.86956,9.455501691070436,3.522423169146393,0.0
35.28662,31.60977,31.24069,1505.57376,-1.54349,40.88638,9.475499833177047,3.5298730032638916,0.0
35.30187,31.62595,31.18021,1500.66489,-1.53013,40.90318,9.49421938361866,3.536846528344408,0.0
35.31706,31.64208,31.12048,1495.74242,-1.51585,40.91995,9.511609713410062,3.54332488375882,0.0
35.3322,31.65818,31.06152,1490.80688,-1.50074,40.93671,9.527625244598426,3.549291090520472,0.0
35.34729,31.67422,31.00336,1485.85884,-1.48486,40.95344,9.542225663417762,3.5547301306908152,0.0
35.36232,31.69022,30.94602,1480.89893,-1.46829,40.97015,9.55537610595734,3.5596290165457756,0.0
35.3773,31.70618,30.88953,1475.92779,-1.45111,40.98684,9.567047314600554,3.563976848853353,0.0
35.39222,31.72209,30.8339,1470.94611,-1.43341,41.00351,9.577215763789452,3.5677648637242196,0.0
35.40709,31.73795,30.77914,1465.95461,-1.41527,41.02015,9.585863753961128,3.570986467605485,0.0
35.42191,31.75377,30.72528,1460.95406,-1.39677,41.03677,9.592979472821156,3.5736372601066764,0.0
35.43667,31.76955,30.67231,1455.94522,-1.378,41.05337,9.598557023435102,3.57571504446456,0.0
35.45138,31.78528,30.62024,1450.92889,-1.35906,41.06994,9.602596418987249,3.5772198255906273,0.0
35.46604,31.80096,30.56907,1445.90591,-1.34002,41.08649,9.605103544334685,3.5781537957489857,0.0
35.48064,31.8166,30.5188,1440.87711,-1.32099,41.10302,9.606090084869214,3.5785213080555414,0.0
35.49518,31.83219,30.46942,1435.84335,-1.30205,41.11952,9.605573423494947,3.5783288380994476,0.0
35.50967,31.84773,30.42091,1430.8055,-1.28329,41.136,9.60357650684232,3.577584934104305,0.0
35.52411,31.86323,30.37328,1425.76443,-1.2648,41.15246,9.60012768212767,3.576300156154059,0.0
35.53849,31.87868,30.32649,1420.72102,-1.24666,41.16889,9.595260506322896,3.574487005103678,0.0
35.55282,31.89408,30.28054,1415.67617,-1.22897,41.18529,9.589013529553812,3.572159841889342,0.0
35.56709,31.90944,30.2354,1410.63075,-1.2118,41.20168,9.581430054825868,3.569334798019955,0.0
35.58131,31.92475,30.19103,1405.58563,-1.19525,41.21804,9.572557876402493,3.5660296781161844,0.0
35.59548,31.94001,30.14743,1400.5417,-1.17939,41.23437,9.562448999197787,3.5622638553768637,0.0
35.60959,31.95523,30.10454,1395.49982,-1.1643,41.25068,9.551159341792962,3.5580581609448023,0.0
35.62365,31.9704,30.06235,1390.46082,-1.15006,41.26697,9.538748425622897,3.5534347681205958,0.0
35.63765,31.98552,30.02081,1385.42555,-1.13673,41.28324,9.525279052966198,3.5484170724054516,0.0
35.6516,32.00059,29.97988,1380.39483,-1.1244,41.29948,9.5108169764108,3.5430295683684294,0.0
35.66549,32.01562,29.93953,1375.36944,-1.11312,41.31569,9.495430562343632,3.5372977242874915,0.0
35.67933,32.0306,29.89971,1370.35017,-1.10295,41.33189,9.479190451024547,3.5312478555180857,0.0
35.69312,32.04553,29.86038,1365.33775,-1.09397,41.34806,9.462169215680964,3.524906997496945,0.0
35.70685,32.06042,29.82149,1360.33292,-1.08621,41.3642,9.444441022931535,3.5183027792409587,0.0
35.72053,32.07526,29.783,1355.33637,-1.07974,41.38032,9.426081296745473,3.511463298163181,0.0
35.73416,32.09005,29.74486,1350.34875,-1.07459,41.39642,9.407166387945614,3.5044169969540304,0.0
35.74773,32.10479,29.70701,1345.37071,-1.07081,41.4125,9.387773251117414,3.4971925432213866,0.0
35.76125,32.11949,29.66941,1340.40284,-1.06844,41.42855,9.367979130591504,3.4898187125108286,0.0
35.77471,32.13414,29.63201,1335.44571,-1.0675,41.44459,9.347861256983,3.48232427525855,0.0
35.78813,32.14874,29.59476,1330.49984,-1.06804,41.4606,9.327496555574639,3.474737888156393,0.0
35.80149,32.1633,29.5576,1325.56573,-1.07006,41.47658,9.306961367612859,3.467087990327316,0.0
35.81479,32.17781,29.52048,1320.64384,-1.07359,41.49255,9.286331185441952,3.4594027046558917,0.0
35.82805,32.19227,29.48335,1315.73458,-1.07864,41.50849,9.265680402146193,3.451709744523411,0.0
35.84125,32.20668,29.44615,1310.83833,-1.08522,41.52441,9.245082076229002,3.4440363261446842,0.0
35.8544,32.22105,29.40885,1305.95543,-1.09334,41.54031,9.224607711681987,3.4364090866379677,0.0
35.86749,32.23537,29.37138,1301.08619,-1.10299,41.55619,9.204327053595243,3.428854007884427,0.0
35.88054,32.24965,29.3337,1296.23087,-1.11418,41.57205,9.18430789936567,3.421396346198262,0.0
35.89353,32.26388,29.29575,1291.3897,-1.12688,41.58788,9.164615925357927,3.414060567753359,0.0
35.90647,32.27806,29.25749,1286.56285,-1.1411,41.6037,9.145314528807804,3.406870289688129,0.0
35.91936,32.2922,29.21887,1281.75048,-1.1568,41.6195,9.126464684589298,3.3998482267474857,0.0
35.9322,32.30629,29.17984,1276.9527,-1.17396,41.63527,9.1081248164171,3.3930161433023684,0.0
35.94499,32.32033,29.14037,1272.16956,-1.19257,41.65103,9.090350681962907,3.3863948105525576,0.0
35.95773,32.33433,29.1004,1267.40111,-1.21258,41.66676,9.073195271271278,3.3800039686839036,0.0
35.97041,32.34828,29.05989,1262.64734,-1.23397,41.68248,9.056708717851135,3.3738622937475737,0.0
35.98305,32.36219,29.01881,1257.9082,-1.2567,41.69818,9.040938221750322,3.3679873690032958,0.0
35.99563,32.37605,28.97711,1253.18363,-1.28072,41.71385,9.025927983906046,3.362395660463176,0.0
36.00817,32.38986,28.93477,1248.4735,-1.30598,41.72951,9.011719151056486,3.3571024963698224,0.0
36.02065,32.40363,28.89174,1243.77767,-1.33245,41.74515,8.998349770493604,3.352122050340575,0.0
36.03308,32.41735,28.84799,1239.09597,-1.36006,41.76077,8.985854753936025,3.347467327909204,0.0
36.04547,32.43103,28.8035,1234.42817,-1.38877,41.77638,8.97426584984919,3.34315015621444,0.0
36.0578,32.44466,28.75823,1229.77404,-1.41851,41.79196,8.96361162353072,3.3391811765812442,0.0
36.07009,32.45825,28.71216,1225.1333,-1.44923,41.80753,8.953917444343908,3.3355698397649514,0.0
36.08232,32.47179,28.66527,1220.50566,-1.48087,41.82308,8.945205479519641,3.332324403642322,0.0
36.09451,32.48529,28.61753,1215.89077,-1.51335,41.83861,8.937494693970484,3.3294519331422823,0.0
36.10664,32.49874,28.56893,1211.28829,-1.54661,41.85412,8.930800855644813,3.3269583022404845,0.0
36.11873,32.51215,28.51944,1206.69783,-1.58058,41.86962,8.925136545991569,3.324848197857694,0.0
36.13077,32.52551,28.46907,1202.11899,-1.61521,41.88509,8.920511175154473,3.323125125520045,0.0
36.14276,32.53883,28.41779,1197.55135,-1.6504,41.90055,8.916931001591621,3.321791416667846,0.0
36.1547,32.5521,28.36559,1192.99444,-1.68609,41.916,8.91439915587653,3.320848237522105,0.0
36.16659,32.56533,28.31248,1188.44782,-1.72221,41.93142,8.912915668476698,3.3202955994327636,0.0
36.17844,32.57851,28.25844,1183.91098,-1.75869,41.94683,8.912477501391288,3.32013237066458,0.0
36.19023,32.59165,28.20348,1179.38344,-1.79544,41.96222,8.91307858357817,3.320356289594617,0.0
36.20198,32.60475,28.14759,1174.86466,-1.8324,41.97759,8.914709850162696,3.3209639793185604,0.0
36.21368,32.61779,28.09078,1170.35413,-1.86949,41.99295,8.917359285461817,3.321950963678322,0.0
36.22534,32.6308,28.03305,1165.8513,-1.90663,42.00829,8.921011969922967,3.323311684748011,0.0
36.23694,32.64376,27.97441,1161.35563,-1.94376,42.02361,8.925650131119415,3.3250395218310547,0.0
36.2485,32.65668,27.91488,1156.86654,-1.98079,42.03891,8.931253198982212,3.3271268120355346,0.0
36.26001,32.66955,27.85446,1152.38348,-2.01766,42.0542,8.937797865480952,3.3295648725068547,0.0
36.27147,32.68238,27.79317,1147.90588,-2.05429,42.06947,8.94525814902499,3.332344024418883,0.0
36.28288,32.69516,27.73102,1143.43317,-2.09061,42.08472,8.953605463823543,3.3354536188124144,0.0
36.29425,32.7079,27.66804,1138.96476,-2.12656,42.09995,8.962808694533019,3.338882064403267,0.0
36.30557,32.72059,27.60424,1134.50009,-2.16207,42.11517,8.972834276485791,3.3426168574696127,0.0
36.31684,32.73324,27.53964,1130.03859,-2.19707,42.13036,8.98364628177205,3.3466446139197243,0.0
36.32806,32.74585,27.47428,1125.57969,-2.2315,42.14555,8.995206511544163,3.350951103677787,0.0
36.33924,32.75841,27.40817,1121.12283,-2.26529,42.16071,9.007474594766725,3.3555212874708884,0.0
36.35037,32.77092,27.34135,1116.66747,-2.2984,42.17585,9.020408093724631,3.360339356133547,0.0
36.36145,32.78339,27.27383,1112.21305,-2.33076,42.19098,9.033962616506212,3.3653887725106437,0.0
36.37249,32.79582,27.20566,1107.75905,-2.36233,42.20608,9.048091936685141,3.3706523160420825,0.0
36.38348,32.8082,27.13686,1103.30495,-2.39305,42.22117,9.062748120334044,3.3761121300787007,0.0
36.39442,32.82054,27.06747,1098.85025,-2.42288,42.23624,9.077881660505632,3.3817497719800236,0.0
36.40532,32.83283,26.99751,1094.39446,-2.45177,42.25129,9.093441619205652,3.3875462660029343,0.0
36.41617,32.84508,26.92703,1089.93712,-2.47969,42.26632,9.109375776837638,3.3934821589737685,0.0
36.42697,32.85728,26.85605,1085.47778,-2.50659,42.28134,9.125630789040883,3.3995375787145887,0.0
36.43772,32.86944,26.78462,1081.01602,-2.53246,42.29633,9.142152350733518,3.4056922951535458,0.0
36.44843,32.88155,26.71277,1076.55143,-2.55726,42.3113,9.158885367093413,3.4119257840197648,0.0
36.45909,32.89362,26.64054,1072.08363,-2.58096,42.32625,9.175774131170192,3.418217293008492,0.0
36.4697,32.90564,26.56795,1067.61228,-2.60356,42.34119,9.19276250762758,3.4245459102299547,0.0
36.48027,32.91762,26.49506,1063.13705,-2.62503,42.3561,9.209794122163647,3.4308906347733887,0.0
36.49079,32.92955,26.42189,1058.65764,-2.64536,42.37099,9.226812555906948,3.437230449124709,0.0
36.50126,32.94144,26.34849,1054.17378,-2.66455,42.38586,9.243761544144675,3.443544393197983,0.0
36.51169,32.95328,26.27488,1049.68525,-2.6826,42.40071,9.260585178526142,3.4498116396615406,0.0
36.52207,32.96508,26.20111,1045.19183,-2.69951,42.41553,9.277228111887979,3.456011570240757,0.0
36.5324,32.97683,26.12722,1040.69335,-2.71528,42.43034,9.293635764704145,3.4621238526261062,0.0
36.54268,32.98853,26.05322,1036.18968,-2.72994,42.44512,9.30975453214209,3.468128517607037,0.0
36.55292,33.00019,25.97917,1031.6807,-2.74349,42.45988,9.325531990598959,3.4740060360121365,0.0
36.56311,33.0118,25.90509,1027.16633,-2.75596,42.47462,9.340917102558995,3.4797373950239083,0.0
36.57325,33.02336,25.83102,1022.64656,-2.76738,42.48934,9.355860418562708,3.485304173417598,0.0
36.58335,33.03488,25.75698,1018.12135,-2.77777,42.50403,9.370314275051191,3.490688615263411,0.0
36.5934,33.04636,25.68301,1013.59076,-2.78717,42.5187,9.384232986811568,3.495873701617499,0.0
36.6034,33.05778,25.60913,1009.05483,-2.79561,42.53335,9.397573032760475,3.5008432197312,0.0
36.61335,33.06916,25.53537,1004.51368,-2.80315,42.54797,9.410293233817395,3.5055818293135363,0.0
36.62326,33.0805,25.46176,999.96742,-2.80983,42.56257,9.422354921606102,3.510075125376935,0.0
