0.05094,0.05094,54.0858,5384.4134,-0.49571,45.00011,4.875787894401857,1.816359280365198,0.0
0.10185,0.10185,54.01628,5381.8015,-0.49081,45.00027,4.91892133134406,1.8324276205351981,0.0
0.15274,0.15274,53.94752,5379.16424,-0.48529,45.00048,4.961851389790771,1.848420196864417,0.0
0.20361,0.20361,53.87962,5376.50159,-0.47917,45.00075,5.004505763588851,1.8643100734083211,0.0
0.25445,0.25445,53.81266,5373.81358,-0.47244,45.00108,5.0468106937299595,1.880069772995588,0.0
0.30526,0.30527,53.74672,5371.10027,-0.46511,45.00146,5.088691161064776,1.8956713490192219,0.0
0.35605,0.35606,53.68189,5368.36177,-0.4572,45.0019,5.130071096613535,1.9110864637827658,0.0
0.40681,0.40683,53.61824,5365.59823,-0.4487,45.00239,5.170873608975675,1.9262864732163756,0.0
0.45755,0.45757,53.55586,5362.80986,-0.43963,45.00294,5.211021228120104,1.9412425176951105,0.0
0.50826,0.50829,53.49482,5359.99688,-0.43,45.00354,5.25043616465378,1.9559256186233,0.0
0.55895,0.55898,53.4352,5357.15961,-0.41982,45.00419,5.28904058344274,1.9703067803655774,0.0
0.6096,0.60965,53.37709,5354.29837,-0.4091,45.0049,5.3267568902668945,1.9843570970333333,0.0
0.66023,0.66029,53.32054,5351.41354,-0.39787,45.00566,5.363508029975475,1.9980478635554617,0.0
0.71083,0.71091,53.26563,5348.50556,-0.38613,45.00648,5.39921779441706,2.011350690390403,0.0
0.76141,0.7615,53.21242,5345.57492,-0.37391,45.00735,5.433811138242885,2.0242376211711783,0.0
0.81195,0.81207,53.16099,5342.62212,-0.36122,45.00827,5.467214500476305,2.036681252498483,0.0
0.86247,0.8626,53.1114,5339.64774,-0.34808,45.00925,5.4993561296260065,2.048654855053907,0.0
0.91296,0.91312,53.0637,5336.65239,-0.33451,45.01028,5.5301664099601195,2.0601324951456297,0.0
0.96342,0.9636,53.01794,5333.63673,-0.32054,45.01136,5.559578186438215,2.0710891557541338,0.0
1.01385,1.01406,52.9742,5330.60146,-0.30619,45.0125,5.587527085741019,2.081500856124227,0.0
1.06425,1.06449,52.9325,5327.54733,-0.29147,45.01368,5.61395183075784,2.0913447689198796,0.0
1.11463,1.1149,52.89291,5324.4751,-0.27642,45.01493,5.638794545869613,2.1005993339501887,0.0
1.16497,1.16528,52.85545,5321.38561,-0.26107,45.01622,5.662001050391599,2.109244367484511,0.0
1.21528,1.21563,52.82018,5318.2797,-0.24543,45.01756,5.68352113755432,2.1172611661801954,0.0
1.26556,1.26596,52.78712,5315.15825,-0.22955,45.01896,5.703308836499862,2.1246326046831037,0.0
1.31581,1.31626,52.7563,5312.0222,-0.21343,45.02041,5.72132265488672,2.1313432260042955,0.0
1.36603,1.36653,52.72776,5308.87249,-0.19712,45.02191,5.737525799817521,2.137379323821421,0.0
1.41622,1.41677,52.70152,5305.71009,-0.18065,45.02347,5.751886375019302,2.142729015933558,0.0
1.46638,1.46699,52.67758,5302.53601,-0.16403,45.02507,5.764377552375532,2.14738230816141,0.0
1.51651,1.51718,52.65598,5299.35125,-0.14732,45.02673,5.7749777161908,2.1513311480896933,0.0
1.5666,1.56734,52.63671,5296.15687,-0.13052,45.02844,5.783670578787928,2.154569468130104,0.0
1.61667,1.61747,52.61978,5292.95392,-0.11369,45.03019,5.790445266366156,2.1570932175057522,0.0
1.6667,1.66758,52.6052,5289.74345,-0.09684,45.03201,5.795296374299631,2.158900382851303,0.0
1.7167,1.71766,52.59296,5286.52655,-0.08,45.03387,5.798223991408147,2.1599909972544675,0.0
1.76667,1.76771,52.58305,5283.30431,-0.06322,45.03578,5.79923369302731,2.160367137674454,0.0
1.8166,1.81774,52.57547,5280.07779,-0.04652,45.03775,5.798336503034908,2.160032910795795,0.0
1.86651,1.86773,52.57019,5276.8481,-0.02993,45.03976,5.795548825300328,2.1589944274914483,0.0
1.91638,1.9177,52.56719,5273.61631,-0.01349,45.04183,5.790892345332288,2.1572597661839916,0.0
1.96622,1.96765,52.56645,5270.3835,0.00279,45.04394,5.784393903212876,2.1548389255102083,0.0
2.01602,2.01756,52.56795,5267.15074,0.01886,45.04611,5.7760853391529015,2.15174376678639,0.0
2.0658,2.06745,52.57164,5263.91908,0.0347,45.04833,5.766003313282051,2.147987946875433,0.0
2.11554,2.11731,52.5775,5260.68957,0.05028,45.0506,5.754189101526105,2.143586842145723,0.0
2.16525,2.16714,52.58548,5257.46323,0.06557,45.05292,5.740688369585581,2.1385574642722416,0.0
2.21493,2.21695,52.59553,5254.24107,0.08054,45.05529,5.725550927269119,2.1329183687192814,0.0
2.26457,2.26673,52.60762,5251.02407,0.09517,45.05771,5.70883046549062,2.1266895567649637,0.0
2.31418,2.31649,52.62168,5247.81319,0.10943,45.06019,5.690584278436433,2.119892372001204,0.0
2.36376,2.36621,52.63767,5244.60935,0.1233,45.06271,5.670872973397997,2.1125493922387375,0.0
2.41331,2.41591,52.65552,5241.41347,0.13675,45.06528,5.6497601708681735,2.104684317785111,0.0
2.46282,2.46559,52.67518,5238.22642,0.14977,45.06791,5.627312197459946,2.0963218570488182,0.0
2.5123,2.51523,52.69658,5235.04904,0.16232,45.07058,5.603597774214024,2.087487610425684,0.0
2.56175,2.56486,52.71965,5231.88213,0.17439,45.07331,5.578687702767531,2.078207953388439,0.0
2.61117,2.61445,52.74433,5228.72646,0.18596,45.07608,5.552654551819203,2.0685099196867616,0.0
2.66055,2.66402,52.77054,5225.58278,0.19702,45.07891,5.525572346169176,2.05842108550641,0.0
2.70989,2.71358,52.79787,5222.45236,0.2026,45.11131,5.497778514052876,2.0480671517433526,18.99999967589494
2.75917,2.76314,52.82591,5219.33623,0.20767,45.14363,5.4696033083405355,2.037571146281227,18.99999967589494
2.80839,2.81269,52.8546,5216.23473,0.21221,45.17587,5.4411094293176525,2.0269564266261244,18.99999967589494
2.85756,2.86225,52.88385,5213.14813,0.21623,45.20802,5.412358969454188,2.0162461238568574,18.99999967589494
2.90667,2.91181,52.9136,5210.07671,0.21972,45.24009,5.383413135368887,2.005463039049351,18.99999967589494
2.95572,2.96137,52.94376,5207.0207,0.22268,45.27207,5.354332118264155,1.9946295950102273,18.99999967589494
3.00472,3.01092,52.97428,5203.98027,0.2251,45.30397,5.3251749761361555,1.9837677923969668,18.99999967589494
3.05366,3.06048,53.00508,5200.9556,0.22699,45.33578,5.295999527747344,1.972899170219887,18.99999967589494
3.10254,3.11004,53.03607,5197.94682,0.22835,45.3675,5.266862258249614,1.962044770684282,18.99999967589494
3.15137,3.1596,53.0672,5194.95402,0.22917,45.39913,5.237818236279912,1.9512251083063576,18.99999967589494
3.20014,3.20916,53.09838,5191.97727,0.22946,45.43068,5.208921042253482,1.940460143200578,18.99999967589494
3.24886,3.25872,53.12955,5189.01661,0.22921,45.46214,5.180222707520285,1.92976925841383,18.99999967589494
3.29752,3.30828,53.16064,5186.07205,0.22845,45.49352,5.1517736639974,1.9191712411621702,18.99999967589494
3.34613,3.35784,53.19156,5183.14356,0.22716,45.52481,5.123622703819742,1.908684267799652,18.99999967589494
3.39468,3.40741,53.22226,5180.2311,0.22535,45.55601,5.09581694853928,1.8983258923442272,18.99999967589494
3.44318,3.45697,53.25266,5177.3346,0.22303,45.58714,5.068401827324747,1.8881130383565614,18.99999967589494
3.49162,3.50654,53.2827,5174.45395,0.2202,45.61819,5.041421063629988,1.8780619939736456,18.99999967589494
3.54001,3.5561,53.3123,5171.58902,0.21688,45.64916,5.014916669737927,1.8681884098762787,18.99999967589494
3.58835,3.60567,53.3414,5168.73966,0.21307,45.68006,4.9889289486101545,1.8585072999780883,18.99999967589494
3.63663,3.65524,53.36994,5165.90569,0.20878,45.71089,4.963496502429331,1.8490330446077994,18.99999967589494
3.68486,3.70481,53.39785,5163.08692,0.20401,45.74164,4.938656247243698,1.8397793959647013,18.99999967589494
3.73304,3.75438,53.42507,5160.28312,0.19878,45.77234,4.91444343311026,1.830759485622514,18.99999967589494
3.78116,3.80395,53.45154,5157.49404,0.19309,45.80297,4.8908916691515545,1.821985833863691,18.99999967589494
3.82924,3.85352,53.4772,5154.71943,0.18696,45.83354,4.868032952934951,1.813470360623985,18.99999967589494
3.87725,3.9031,53.50198,5151.959,0.1804,45.86406,4.845897703618393,1.805224397840106,18.99999967589494
3.92522,3.95268,53.52584,5149.21244,0.17342,45.89452,4.8245147983050485,1.7972587029927856,18.99999967589494
3.97314,4.00226,53.54872,5146.47942,0.16603,45.92494,4.8039116110789495,1.7895834736485812,18.99999967589494
4.021,4.05184,53.57057,5143.75962,0.15825,45.95532,4.784114054211167,1.7822083628102618,18.99999967589494
4.06881,4.10142,53.59133,5141.05266,0.15008,45.98565,4.765146621046707,1.7751424948932975,18.99999967589494
4.11657,4.15101,53.61095,5138.35818,0.14155,46.01596,4.747032430109294,1.7683944821560629,18.99999967589494
4.16428,4.20059,53.62939,5135.67578,0.13265,46.04623,4.729793269995423,1.7619724414240447,18.99999967589494
4.21194,4.25018,53.64661,5133.00505,0.12342,46.07648,4.713449644621688,1.7558840109456646,18.99999967589494
4.25955,4.29978,53.66255,5130.34558,0.11386,46.10671,4.698020818459806,1.7501363672435144,18.99999967589494
4.3071,4.34937,53.67718,5127.69693,0.10398,46.13692,4.683524861382161,1.7447362418205064,18.99999967589494
4.35461,4.39897,53.69045,5125.05865,0.09381,46.16712,4.669978692777422,1.7396899375940946,18.99999967589494
4.40207,4.44857,53.70234,5122.43027,0.08335,46.19732,4.6573981246369,1.7350033449470799,18.99999967589494
4.44947,4.49817,53.7128,5119.81134,0.07262,46.22752,4.645797903296299,1.7306819572775132,18.99999967589494
4.49682,4.54778,53.72179,5117.20135,0.06165,46.25772,4.635191749586778,1.7267308859560175,18.99999967589494
4.54413,4.59738,53.7293,5114.59981,0.05044,46.28794,4.625592397138002,1.7231548745946839,18.99999967589494
4.59138,4.647,53.73529,5112.00621,0.039,46.31817,4.61701162860843,1.719958312543811,18.99999967589494
4.63859,4.69661,53.73973,5109.42004,0.02737,46.34842,4.6094603096394255,1.7171452475406968,18.99999967589494
4.68574,4.74623,53.74261,5106.84076,0.01554,46.3787,4.6029484203516455,1.7147193974428798,18.99999967589494
4.73285,4.79585,53.74388,5104.26784,0.00355,46.40901,4.597485084204216,1.7126841609789363,18.99999967589494
4.7799,4.84547,53.74355,5101.70073,-0.0086,46.43936,4.593078594079215,1.711042627465641,18.99999967589494
4.8269,4.8951,53.74158,5099.13888,-0.02089,46.46976,4.589736435452653,1.7097975854397607,18.99999967589494
4.87386,4.94473,53.73797,5096.58171,-0.03329,46.5002,4.587465306529934,1.7089515301590494,18.99999967589494
4.92076,4.99437,53.73269,5094.02866,-0.0458,46.5307,4.586271135250967,1.7085066699370968,18.99999967589494
4.96762,5.04401,53.72575,5091.47916,-0.0584,46.56127,4.5861590930689875,1.7084649312763023,18.99999967589494
5.01442,5.09365,53.71712,5088.9326,-0.07106,46.5919,4.58713360543265,1.70882796277273,18.99999967589494
5.06118,5.1433,53.70681,5086.3884,-0.08377,46.6226,4.5891983589049055,1.7095971377680785,18.99999967589494
5.10788,5.19295,53.69481,5083.84597,-0.09652,46.65339,4.592356304874803,1.7107735557324246,18.99999967589494
5.15454,5.2426,53.68112,5081.30468,-0.10929,46.68426,4.596609659828259,1.712358042365091,18.99999967589494
5.20115,5.29226,53.66574,5078.76395,-0.12205,46.71522,4.601959902137832,1.7143511483987548,18.99999967589494
5.2477,5.34193,53.64866,5076.22314,-0.13479,46.74628,4.608407765390634,1.7167531471139161,18.99999967589494
5.29421,5.39159,53.62991,5073.68163,-0.1475,46.77744,4.6159532282230575,1.7195640305520694,18.99999967589494
5.34066,5.44126,53.60948,5071.13882,-0.16015,46.80872,4.624595500705747,1.7227835044437458,18.99999967589494
5.38707,5.49094,53.58739,5068.59405,-0.17274,46.84011,4.634333007290548,1.726410981855802,18.99999967589494
5.43342,5.54062,53.56364,5066.04671,-0.18523,46.87162,4.645163366364571,1.730445575574773,18.99999967589494
5.47973,5.59031,53.53826,5063.49616,-0.19762,46.90326,4.657083366481367,1.734886089252358,18.99999967589494
5.52598,5.64,53.51126,5060.94177,-0.20988,46.93503,4.670088939323826,1.7397310073333903,18.99999967589494
5.57219,5.68969,53.48265,5058.38288,-0.222,46.96695,4.68417512950427,1.7449784838055762,18.99999967589494
5.61834,5.73939,53.45247,5055.81887,-0.23396,46.99901,4.699336061298979,1.7506263298072282,18.99999967589494
5.66444,5.7891,53.42073,5053.2491,-0.24575,47.03122,4.715564902443029,1.7566720001398968,18.99999967589494
5.71049,5.83881,53.38746,5050.67291,-0.25734,47.06359,4.73285382514175,1.763112578744104,18.99999967589494
5.75649,5.88852,53.35268,5048.08968,-0.26873,47.09613,4.751193964445465,1.7699447631928453,18.99999967589494
5.80244,5.93824,53.31644,5045.49875,-0.27989,47.12883,4.770575374190621,1.7771648482784972,18.99999967589494
5.84833,5.98797,53.27875,5042.8995,-0.2908,47.16171,4.7909869807093965,1.7847687087684316,18.99999967589494
5.89418,6.0377,53.23966,5040.29129,-0.30145,47.19477,4.812416534551029,1.7927517814199354,18.99999967589494
5.93997,6.08743,53.19921,5037.67348,-0.31183,47.22802,4.834850560459787,1.8011090463456951,18.99999967589494
5.98571,6.13717,53.15743,5035.04544,-0.32192,47.26147,4.858274305918291,1.8098350078448229,18.99999967589494
6.0314,6.18692,53.11435,5032.40656,-0.3317,47.29511,4.882671688549522,1.8189236748087279,18.99999967589494
6.07703,6.23667,53.07004,5029.75621,-0.34115,47.32895,4.908025242742046,1.8283685408376025,18.99999967589494
6.12261,6.28643,53.02453,5027.09377,-0.35027,47.363,4.934316065848614,1.838162564197987,18.99999967589494
6.16814,6.33619,52.97786,5024.41866,-0.35903,47.39727,4.961523764386866,1.848298147781119,18.99999967589494
6.21361,6.38596,52.93009,5021.73025,-0.36742,47.43176,4.989626400654439,1.8587671192156516,18.99999967589494
6.25903,6.43573,52.88127,5019.02798,-0.37543,47.46647,5.018600440228631,1.869560711309901,18.99999967589494
6.3044,6.48551,52.83145,5016.31125,-0.38304,47.50142,5.048420700858235,1.8806695430127074,18.99999967589494
6.34971,6.5353,52.78068,5013.57951,-0.39025,47.5366,5.079060303245946,1.892083601078588,18.99999967589494
6.39496,6.58509,52.72902,5010.83219,-0.39703,47.57201,5.110490624299684,1.9037922226526236,18.99999967589494
6.44017,6.63488,52.67653,5008.06876,-0.40337,47.60767,5.14268125340724,1.915784078981615,18.99999967589494
6.48531,6.68468,52.62327,5005.28868,-0.40927,47.64358,5.175599952366206,1.9280471604869276,18.99999967589494
6.5304,6.73449,52.5693,5002.49145,-0.41471,47.67974,5.209212619569255,1.9405687634225641,18.99999967589494
6.57543,6.7843,52.51467,4999.67656,-0.41967,47.71616,5.24348325910778,1.95333547836546,18.99999967589494
6.62041,6.83412,52.45946,4996.84355,-0.42416,47.75284,5.278373955451331,1.966333180782904,18.99999967589494
6.66533,6.88394,52.40372,4993.99196,-0.42815,47.78978,5.313844854378234,1.9795470239286959,18.99999967589494
6.71019,6.93377,52.34752,4991.12134,-0.43165,47.82699,5.349854150832332,1.9929614343194595,18.99999967589494
6.755,6.98361,52.29094,4988.23127,-0.43463,47.86447,5.386358084396099,2.0065601100482606,18.99999967589494
6.79974,7.03345,52.23403,4985.32138,-0.4371,47.90222,5.423310943050791,2.02032602218536,18.99999967589494
6.84443,7.0833,52.17687,4982.39128,-0.43905,47.94024,5.460665075887558,2.034241419513443,18.99999967589494
6.88906,7.13315,52.11952,4979.44064,-0.44047,47.97855,5.498370915420547,2.048287836839828,18.99999967589494
6.93363,7.18301,52.06205,4976.46913,-0.44135,48.01713,5.536377010115512,2.062446107114238,18.99999967589494
6.97815,7.23286,52.00488,4973.47586,-0.43647,48.02475,5.574361907561236,2.0765964808555726,0.0
7.02264,7.28269,51.94842,4970.46016,-0.43102,48.03242,5.611995029969901,2.0906158091398446,0.0
7.0671,7.3325,51.89273,4967.42209,-0.42501,48.04013,5.649207469736207,2.1044784220710113,0.0
7.11152,7.3823,51.8379,4964.36177,-0.41844,48.04788,5.68593018702957,2.118158600495633,0.0
7.15591,7.43207,51.78399,4961.27936,-0.41133,48.05568,5.722093839960624,2.131630512735425,0.0
7.20027,7.48183,51.73107,4958.17505,-0.40368,48.06352,5.75762900619783,2.1448682971452797,0.0
7.24459,7.53156,51.67921,4955.04907,-0.39551,48.07141,5.792466415317211,2.1578461486696496,0.0
7.28887,7.58128,51.62848,4951.90171,-0.38683,48.07934,5.826537190793731,2.1705384089907085,0.0
7.33313,7.63097,51.57894,4948.73328,-0.37765,48.08731,5.8597731003572076,2.1829196597925145,0.0
7.37734,7.68065,51.53065,4945.54415,-0.36799,48.09533,5.892106813311709,2.194964818619256,0.0
7.42153,7.7303,51.48367,4942.33472,-0.35786,48.10339,5.923472163284067,2.206649236755985,0.0
7.46567,7.77993,51.43806,4939.10542,-0.34729,48.1115,5.953804414719576,2.21794879850528,0.0
7.50978,7.82955,51.39387,4935.85675,-0.33628,48.11964,5.983040531373977,2.22884002120757,0.0
7.55386,7.87914,51.35117,4932.58923,-0.32486,48.12784,6.011119444908925,2.2393001553000174,0.0
7.5979,7.92871,51.30999,4929.30342,-0.31305,48.13607,6.037982321650774,2.2493072836911816,0.0
7.6419,7.97826,51.27038,4925.99991,-0.30087,48.14435,6.063572825519719,2.2588404197090437,0.0
7.68587,8.02779,51.2324,4922.67935,-0.28834,48.15267,6.087837375076006,2.267879602857484,0.0
7.7298,8.07729,51.19608,4919.34241,-0.27549,48.16103,6.1107253926384235,2.2764059916194697,0.0
7.77369,8.12678,51.16145,4915.98978,-0.26234,48.16943,6.132189543446172,2.284401952551154,0.0
7.81755,8.17624,51.12856,4912.6222,-0.24892,48.17788,6.152185962857238,2.2918511449192356,0.0
7.86137,8.22568,51.09744,4909.24044,-0.23525,48.18637,6.17067446964162,2.2987386001583086,0.0
7.90515,8.2751,51.0681,4905.84529,-0.22136,48.1949,6.187618763543565,2.305050795467988,0.0
7.9489,8.3245,51.04058,4902.43758,-0.20727,48.20347,6.202986605353931,2.3107757208946027,0.0
7.9926,8.37387,51.0149,4899.01814,-0.19301,48.21208,6.2167499779262325,2.315902939313912,0.0
8.03627,8.42322,50.99108,4895.58783,-0.17862,48.22074,6.228885226658374,2.320423638764246,0.0
8.07991,8.47255,50.96912,4892.14755,-0.16412,48.22943,6.239373178228914,2.3243306766788856,0.0
8.1235,8.52186,50.94904,4888.6982,-0.14954,48.23817,6.248199236481466,2.3276186156055307,0.0
8.16706,8.57114,50.93084,4885.24068,-0.13491,48.24695,6.255353454635826,2.330283750106838,0.0
8.21057,8.62041,50.91453,4881.77593,-0.12025,48.25577,6.260830583190893,2.332324124605526,0.0
8.25405,8.66965,50.90011,4878.30488,-0.10561,48.26463,6.264630093107857,2.3337395420207176,0.0
8.29749,8.71886,50.88756,4874.82847,-0.091,48.27354,6.266756174143928,2.3345315631472134,0.0
8.3409,8.76806,50.87688,4871.34765,-0.07645,48.28248,6.267217708398417,2.3347034968007074,0.0
8.38426,8.81723,50.86805,4867.86337,-0.06201,48.29146,6.266028219386049,2.3342603808462608,0.0
8.42759,8.86638,50.86106,4864.37656,-0.04769,48.30049,6.263205797204202,2.3332089543211256,0.0
8.47087,8.9155,50.8559,4860.88818,-0.03352,48.30955,6.2587730005488895,2.3315576209331224,0.0
8.51412,8.9646,50.85253,4857.39916,-0.01953,48.31866,6.252756736583658,2.329316404308642,0.0
8.55733,9.01368,50.85092,4853.91043,-0.00576,48.32781,6.245188119816184,2.326496895420466,0.0
8.6005,9.06274,50.85105,4850.42289,0.00778,48.33699,6.236102311365558,2.323112192710599,0.0
8.64363,9.11178,50.85288,4846.93746,0.02105,48.34622,6.225538340121096,2.319176835467225,0.0
8.68672,9.16079,50.85638,4843.455,0.03404,48.35549,6.21353890745602,2.314706731075409,0.0
8.72978,9.20978,50.8615,4839.9764,0.0467,48.3648,6.200150177268581,2.3097190768018954,0.0
8.77279,9.25875,50.8682,4836.50249,0.05903,48.37415,6.185421553194175,2.304232276800756,0.0
8.81577,9.30769,50.87644,4833.0341,0.071,48.38354,6.169405444935059,2.298265855065065,0.0
8.85871,9.35661,50.88615,4829.57203,0.08258,48.39297,6.152157025658467,2.2918403650513097,0.0
8.9016,9.40551,50.8973,4826.11705,0.09375,48.40244,6.1337339824479065,2.2849772967159354,0.0
8.94446,9.45439,50.90982,4822.6699,0.10449,48.41195,6.11419626179497,2.277698981704347,0.0
8.98729,9.50325,50.92366,4819.23131,0.11478,48.4215,6.093605812053858,2.270028497408445,0.0
9.03007,9.55208,50.93877,4815.80196,0.12461,48.4311,6.072026324786812,2.2619895706109885,0.0
9.07281,9.60089,50.95506,4812.3825,0.13395,48.44073,6.049522976795574,2.253606481385531,0.0
9.11552,9.64968,50.9725,4808.97356,0.1428,48.4504,6.026162174594724,2.244903967906016,0.0
9.15818,9.69845,50.991,4805.57572,0.15113,48.46011,6.002011302960084,2.2359071327744364,0.0
9.20081,9.7472,51.0105,4802.18954,0.15893,48.46987,5.9771384790720425,2.2266413514327574,0.0
9.2434,9.79593,51.03094,4798.81554,0.16618,48.47966,5.951612313635707,2.217132183173888,0.0
9.28595,9.84463,51.05223,4795.45421,0.17289,48.4895,5.925501680265918,2.2074052852315305,0.0
9.32847,9.89331,51.07432,4792.10599,0.17903,48.49937,5.898875494216869,2.197486330351141,0.0
9.37094,9.94198,51.09713,4788.77129,0.1846,48.50929,5.871802501464797,2.1874009282176843,0.0
9.41338,9.99062,51.12058,4785.4505,0.18959,48.51925,5.844351078942651,2.1771745510377873,0.0
9.45578,10.03924,51.14461,4782.14394,0.19399,48.52924,5.816589046633553,2.166832463539616,0.0
9.49814,10.08785,51.16913,4778.85193,0.1978,48.53928,5.788583492033245,2.1563996575805118,0.0
9.54047,10.13643,51.19408,4775.57474,0.20102,48.54936,5.76040060740196,2.145900791519035,0.0
9.58275,10.18499,51.21937,4772.31259,0.20364,48.55948,5.732105540054236,2.1353601344439794,0.0
9.625,10.23353,51.24494,4769.06568,0.20565,48.56964,5.703762255826057,2.1248015153122917,0.0
9.66721,10.28206,51.2707,4765.83417,0.20707,48.57984,5.67543341573395,2.1142482770013395,0.0
9.70939,10.33056,51.29658,4762.6182,0.20788,48.59009,5.647180265724868,2.1037232352378394,0.0
9.75152,10.37905,51.32252,4759.41785,0.2081,48.60037,5.619062539324906,2.0932486423319463,0.0
9.79362,10.42751,51.34842,4756.23317,0.20772,48.61069,5.591138372885235,2.082846155604131,0.0
9.83569,10.47596,51.37422,4753.06421,0.20675,48.62106,5.563464233049931,2.072536810365038,0.0
9.87771,10.52439,51.39985,4749.91095,0.20519,48.63147,5.536094856010323,2.0623409972861335,0.0
9.9197,10.5728,51.42523,4746.77335,0.20304,48.64191,5.50908319800866,2.052278443961018,0.0
9.96166,10.62119,51.45029,4743.65136,0.20032,48.6524,5.482480396556488,2.042368200458251,0.0
10.00357,10.66956,51.47496,4740.54486,0.19704,48.66293,5.456335741734641,2.032628628629844,0.0
10.04546,10.71792,51.49917,4737.45373,0.19319,48.6735,5.430696656938073,2.0230773949382006,0.0
10.0873,10.76626,51.52286,4734.37782,0.1888,48.68412,5.405608688405214,2.013731466555531,0.0
10.12911,10.81458,51.54595,4731.31695,0.18386,48.69477,5.3811155028303,2.0046071104743777,0.0
10.17088,10.86289,51.56838,4728.27091,0.17839,48.70547,5.357258892371422,1.9957198953732462,0.0
10.21262,10.91118,51.59009,4725.23945,0.17241,48.7162,5.33407878633396,1.9870846959689947,0.0
10.25432,10.95945,51.61102,4722.22233,0.16593,48.72698,5.311613268856129,1.9787156996051625,0.0
10.29598,11.0077,51.6311,4719.21926,0.15895,48.7378,5.289898601879053,1.970626414808928,0.0
10.33761,11.05594,51.65028,4716.22993,0.15149,48.74866,5.2689692527233385,1.9628296815641058,0.0
10.37921,11.10416,51.66849,4713.25402,0.14357,48.75957,5.248857925625738,1.9553376830593865,0.0
10.42077,11.15237,51.68569,4710.29117,0.1352,48.77051,5.229595596567106,1.9481619586626655,0.0
10.46229,11.20056,51.70182,4707.341,0.1264,48.7815,5.211211550785635,1.9413134178957112,0.0
10.50378,11.24873,51.71683,4704.40314,0.11718,48.79253,5.193733422373573,1.9348023551849831,0.0
10.54523,11.29689,51.73067,4701.47717,0.10757,48.8036,5.1771872353880015,1.928638465176476,0.0
10.58665,11.34503,51.74329,4698.56266,0.09757,48.81471,5.1615974459336424,1.9228308584126794,0.0
10.62803,11.39316,51.75466,4695.65917,0.0872,48.82586,5.146986984712433,1.9173880771834084,0.0
10.66938,11.44127,51.76472,4692.76623,0.07649,48.83706,5.133377299548387,1.9123181113674328,0.0
10.7107,11.48937,51.77344,4689.88336,0.06544,48.84829,5.120788397451423,1.9076284141023647,0.0
10.75198,11.53746,51.78078,4687.01007,0.05409,48.85957,5.109238885784356,1.9033259171204406,0.0
10.79322,11.58553,51.7867,4684.14585,0.04245,48.87089,5.098746012159506,1.8994170456110633,0.0
10.83443,11.63358,51.79118,4681.29017,0.03053,48.88226,5.0893257026928245,1.8959077324714653,0.0
10.87561,11.68162,51.79417,4678.4425,0.01837,48.89366,5.080992598294789,1.8928034318260245,0.0
10.91675,11.72965,51.79567,4675.60228,0.00597,48.90511,5.073760088691301,1.8901091316999443,0.0
10.95785,11.77766,51.79563,4672.76896,-0.00664,48.91659,5.067640343904765,1.887829365746783,0.0
10.99893,11.82566,51.79404,4669.94196,-0.01944,48.92812,5.062644342947804,1.8859682239376194,0.0
11.03997,11.87364,51.79087,4667.1207,-0.03241,48.9397,5.0587818995152976,1.8845293621320076,0.0
11.08097,11.92161,51.78611,4664.30457,-0.04553,48.95131,5.0560616844745665,1.8835160104561697,0.0
11.12194,11.96957,51.77974,4661.49298,-0.05878,48.96296,5.054491244990015,1.8829309804274241,0.0
11.16287,12.01751,51.77176,4658.68531,-0.07214,48.97466,5.054077020139244,1.882776670771601,0.0
11.20378,12.06544,51.76214,4655.88094,-0.08558,48.9864,5.054824352902603,1.8830550718894608,0.0
11.24464,12.11335,51.75089,4653.07923,-0.09908,48.99818,5.0567374984209215,1.883767768932922,0.0
11.28548,12.16126,51.738,4650.27955,-0.11263,49.01,5.059819628460349,1.8849159434683307,0.0
11.32627,12.20915,51.72347,4647.48125,-0.1262,49.02186,5.064072832026645,1.8865003737052968,0.0
11.36704,12.25702,51.70729,4644.68368,-0.13977,49.03376,5.069498112101105,1.888521433280743,0.0
11.40777,12.30488,51.68948,4641.88618,-0.15332,49.04571,5.076095378500684,1.8909790885991122,0.0
11.44846,12.35273,51.67003,4639.08809,-0.16682,49.0577,5.083863436873735,1.8938728947329913,0.0
11.48913,12.40057,51.64896,4636.28874,-0.18026,49.06972,5.092799973869664,1.8972019898984143,0.0
11.52975,12.44839,51.62628,4633.48746,-0.19361,49.08179,5.1029015385598475,1.9009650885336702,0.0
11.57035,12.4962,51.602,4630.68358,-0.20685,49.0939,5.11416352019131,1.9051604730119611,0.0
11.61091,12.544,51.57613,4627.87641,-0.21996,49.10606,5.12658012238658,1.909785984030165,0.0
11.65143,12.59178,51.5487,4625.06528,-0.23292,49.11825,5.140144333934473,1.9148390097276402,0.0
11.69192,12.63955,51.51974,4622.24951,-0.2457,49.13048,5.154847896334495,1.9203164735956588,0.0
11.73237,12.68731,51.48925,4619.42842,-0.25829,49.14276,5.17068126829548,1.9262148212522148,0.0
11.77279,12.73506,51.45727,4616.60133,-0.27067,49.15507,5.1876335874060215,1.9325300061632524,0.0
11.81318,12.78279,51.42383,4613.76756,-0.28281,49.16743,5.2056926292295875,1.9392574744045186,0.0
11.85353,12.8305,51.38896,4610.92643,-0.2947,49.17982,5.224844764115255,1.9463921485724265,0.0
11.89385,12.87821,51.3527,4608.07727,-0.3063,49.19226,5.245074912027449,1.9539284109569452,0.0
11.93413,12.9259,51.31507,4605.21941,-0.31761,49.20474,5.266366495753395,1.9618600861101443,0.0
11.97438,12.97358,51.27612,4602.35218,-0.32861,49.21725,5.2887013928585445,1.9701804229483233,0.0
12.01459,13.02124,51.2359,4599.47492,-0.33927,49.22981,5.3120598868179165,1.9788820765471546,0.0
12.05476,13.06889,51.19443,4596.58698,-0.34957,49.24241,5.336420617752547,1.9879570897897116,0.0
12.0949,13.11653,51.15178,4593.68772,-0.3595,49.25504,5.361760533277416,1.9973968750560298,0.0
12.13501,13.16416,51.10798,4590.77649,-0.36904,49.26772,5.388054839959734,2.00719219614004,0.0
12.17508,13.21177,51.06309,4587.85268,-0.37816,49.28044,5.415276955953723,2.017333150604779,0.0
12.21511,13.25936,51.01716,4584.91565,-0.38687,49.29319,5.443398465379157,2.0278091527871984,0.0
12.25511,13.30695,50.97024,4581.96482,-0.39512,49.30599,5.472389075077518,2.038608917688687,0.0
12.29508,13.35451,50.92238,4578.99958,-0.40292,49.31882,5.502216574382347,2.0497204459884752,0.0
12.335,13.40207,50.87365,4576.01937,-0.41025,49.33169,5.5328467985805565,2.0611310104320113,0.0
12.37489,13.44961,50.82411,4573.02361,-0.41708,49.3446,5.564243596757818,2.0728271438525194,0.0
12.41475,13.49713,50.77381,4570.01178,-0.42341,49.35755,5.596368804752166,2.0847946290955077,0.0
12.45453,13.54467,50.72134,4566.98624,-0.45391,49.43843,5.630358567314351,2.097456709974399,39.99999931767356
12.49423,13.59224,50.66529,4563.94852,-0.484,49.51983,5.667376453560571,2.1112468466003227,39.99999931767356
12.53384,13.63984,50.6057,4560.89684,-0.51364,49.60179,5.707430602340524,2.1261680709089363,39.99999931767356
12.57335,13.68748,50.54265,4557.82936,-0.54277,49.68436,5.750526994729599,2.142222611008196,39.99999931767356
12.61277,13.73515,50.47619,4554.74426,-0.57137,49.76756,5.796670576096765,2.159412309178161,39.99999931767356
12.65209,13.78285,50.40641,4551.63969,-0.59937,49.85145,5.845864940300912,2.1777385042258293,39.99999931767356
12.69132,13.83059,50.33338,4548.51378,-0.62674,49.93605,5.89811198777341,2.197201904111889,39.99999931767356
12.73045,13.87836,50.25718,4545.36467,-0.65343,50.0214,5.953411557178004,2.21780244873434,39.99999931767356
12.76949,13.92617,50.1779,4542.19048,-0.67941,50.10755,6.0117610305463725,2.2395391628311008,39.99999931767356
12.80843,13.97401,50.09563,4538.98931,-0.70462,50.19453,6.073154911942389,2.2624099990213558,39.99999931767356
12.84727,14.02188,50.01048,4535.75927,-0.72902,50.28237,6.137584379932379,2.286411671088956,39.99999931767356
12.88601,14.0698,49.92254,4532.49846,-0.75256,50.37113,6.20503681440233,2.311539477709378,39.99999931767356
12.92465,14.11774,49.83192,4529.20496,-0.77521,50.46083,6.2754952985858745,2.337787116942041,39.99999931767356
12.96319,14.16572,49.73874,4525.87688,-0.79692,50.55152,6.348938097480765,2.3651464919267258,39.99999931767356
13.00163,14.21374,49.64312,4522.51231,-0.81764,50.64323,6.425338114288957,2.3936075083932025,39.99999931767356
13.03996,14.26179,49.54517,4519.10935,-0.83733,50.73599,6.504662326893406,2.423157864734006,39.99999931767356
13.07819,14.30988,49.44504,4515.66611,-0.85596,50.82986,6.5868712069560145,2.453782835603144,39.99999931767356
13.11631,14.358,49.34285,4512.18072,-0.87347,50.92486,6.671918124696298,2.4854650501804803,39.99999931767356
13.15432,14.40616,49.23873,4508.65132,-0.88983,51.02104,6.759748743044978,2.518184266478015,39.99999931767356
13.19223,14.45435,49.13284,4505.07607,-0.90499,51.11842,6.850300405473595,2.551917143290306,39.99999931767356
13.23003,14.50258,49.02532,4501.45317,-0.91892,51.21704,6.943501522479737,2.5866370116440702,39.99999931767356
13.26771,14.55085,48.91631,4497.78085,-0.93157,51.31694,7.039270962380667,2.6223136478527853,39.99999931767356
13.30528,14.59915,48.80599,4494.05736,-0.94292,51.41816,7.137517452814394,2.6589130505600886,39.99999931767356
13.34274,14.64749,48.6945,4490.28101,-0.95292,51.52072,7.238139000037836,2.696397224413066,39.99999931767356
13.38008,14.69587,48.58201,4486.45016,-0.96154,51.62465,7.341022333847253,2.7347239732805066,39.99999931767356
13.4173,14.74428,48.46869,4482.56324,-0.96874,51.72999,7.446042386642702,2.773846706190704,39.99999931767356
13.45441,14.79273,48.35471,4478.61871,-0.9745,51.83677,7.553061815810161,2.8137142594062334,39.99999931767356
13.49139,14.84122,48.24024,4474.61514,-0.97878,51.945,7.661930579189852,2.8542707382747308,39.99999931767356
13.52825,14.88974,48.12546,4470.55115,-0.98156,52.05473,7.77248557392171,2.8954553826893275,39.99999931767356
13.56499,14.9383,48.01055,4466.42548,-0.98281,52.16596,7.884550349389027,2.937202460152605,39.99999931767356
13.6016,14.9869,47.8957,4462.23694,-0.98252,52.27873,7.997934905205219,2.9794411905213485,39.99999931767356
13.63809,15.03553,47.78107,4457.98446,-0.98065,52.39305,8.11243558536717,3.0220957065758864,39.99999931767356
13.67444,15.0842,47.66686,4453.66707,-0.97721,52.50893,8.22783507961314,3.065085054525944,39.99999931767356
13.71067,15.13291,47.55326,4449.28394,-0.97216,52.6264,8.343902542727543,3.1083232384548114,39.99999931767356
13.74676,15.18165,47.44046,4444.83434,-0.96551,52.74546,8.460393842057261,3.1517193125256853,39.99999931767356
13.78271,15.23043,47.32863,4440.31771,-0.95725,52.86611,8.57705194274054,3.1951775244895684,39.99999931767356
13.81853,15.27925,47.21798,4435.73362,-0.94737,52.98838,8.6936074390816,3.238597513636292,39.99999931767356
13.85421,15.32811,47.10868,4431.08179,-0.93588,53.11225,8.809779239213226,3.281874565849347,39.99999931767356
13.88975,15.377,47.00091,4426.36212,-0.92278,53.23772,8.925275408588387,3.3248999278287035,39.99999931767356
13.92515,15.42592,46.89488,4421.57465,-0.90808,53.36479,9.039794175892643,3.367561181819652,39.99999931767356
13.96041,15.47489,46.79075,4416.71962,-0.8918,53.49346,9.153025102875233,3.409742681405661,39.99999931767356
13.99552,15.52389,46.68871,4411.79744,-0.87396,53.62369,9.264650417071216,3.4513260479824446,39.99999931767356
14.03048,15.57293,46.58893,4406.8087,-0.85458,53.75549,9.37434650382975,3.492190726577749,39.99999931767356
14.06529,15.622,46.49159,4401.75418,-0.83369,53.88882,9.481785551122913,3.5322145985859197,39.99999931767356
14.09996,15.67111,46.39685,4396.63486,-0.81133,54.02367,9.586637337723717,3.5712746479112627,39.99999931767356
14.13447,15.72025,46.30488,4391.4519,-0.78753,54.15999,9.68857115221838,3.6092476758506,39.99999931767356
14.16882,15.76943,46.21583,4386.20668,-0.76233,54.29776,9.787257827307169,3.6460110589238695,39.99999931767356
14.20302,15.81864,46.12985,4380.90074,-0.7358,54.43695,9.882371870855668,3.681443542746788,39.99999931767356
14.23706,15.86789,46.0471,4375.53585,-0.70797,54.5775,9.973593672334383,3.7154260639876595,39.99999931767356
14.27095,15.91717,45.9677,4370.11394,-0.67892,54.71936,10.060611760701084,3.7478425914879576,39.99999931767356
14.30467,15.96648,45.8918,4364.63714,-0.64869,54.8625,10.143125087524043,3.7785809767858014,39.99999931767356
14.33823,16.01583,45.8195,4359.10777,-0.61737,55.00686,10.220845307288734,3.8075338035902044,39.99999931767356
14.37163,16.06521,45.75092,4353.5283,-0.58502,55.15237,10.293499025465847,3.8345992252455545,39.99999931767356
14.40486,16.11462,45.68618,4347.9014,-0.55172,55.29897,10.360829984092593,3.85968177891816,39.99999931767356
14.43793,16.16407,45.62535,4342.22986,-0.51755,55.4466,10.4226011543899,3.882693165151215,39.99999931767356
14.47083,16.21354,45.56854,4336.51666,-0.4826,55.5952,10.478596706360275,3.903552981591822,39.99999931767356
14.50357,16.26305,45.5158,4330.76487,-0.44695,55.74468,10.528623826375076,3.9221894000900837,39.99999931767356
14.53613,16.31258,45.46721,4324.97773,-0.41069,55.89498,10.57251435545552,3.9385397770018713,39.99999931767356
14.56853,16.36215,45.42281,4319.15856,-0.37391,56.04601,10.610126223329573,3.9525511874127597,39.99999931767356
14.60075,16.41174,45.38266,4313.31077,-0.33672,56.19771,10.641344656259777,3.9641808750856673,39.99999931767356
14.63281,16.46137,45.34678,4307.43788,-0.29921,56.34998,10.666083140115433,3.9733966112305827,39.99999931767356
14.66469,16.51102,45.31518,4301.54346,-0.26147,56.50276,10.684284124029253,3.9801769566351894,39.99999931767356
14.69641,16.5607,45.28789,4295.63111,-0.22361,56.65594,10.695919454301377,3.9845114233055208,39.99999931767356
14.72795,16.6104,45.26488,4289.7045,-0.18573,56.80946,10.700990532621084,3.986400533407712,39.99999931767356
14.75932,16.66013,45.24616,4283.76729,-0.14793,56.96323,10.699528197405805,3.9858557750636656,39.99999931767356
14.79051,16.70989,45.23169,4277.82315,-0.11031,57.11716,10.691592331572268,3.982899456235476,39.99999931767356
14.82153,16.75967,45.22144,4271.87573,-0.07296,57.27118,10.677271204678883,3.9775644596561635,39.99999931767356
14.85239,16.80948,45.21536,4265.92865,-0.03599,57.4252,10.656680561586805,3.969893903331939,39.99999931767356
14.88306,16.8593,45.21338,4259.98548,0.00051,57.57913,10.629962473786694,3.959940712631198,39.99999931767356
14.91357,16.90916,45.21545,4254.04974,0.03644,57.73291,10.597283973081232,3.9477671112953123,39.99999931767356
14.94391,16.95903,45.22147,4248.12485,0.07172,57.88645,10.558835490302098,3.9334440398196175,39.99999931767356
14.97407,17.00892,45.23137,4242.21416,0.10625,58.03968,10.514829124251857,3.9170505105887274,39.99999931767356
15.00406,17.05884,45.24504,4236.32091,0.13994,58.19252,10.465496767907286,3.8986729098379587,39.99999931767356
15.03389,17.10877,45.26237,4230.44823,0.17272,58.34492,10.411088120176931,3.878404256980722,39.99999931767356
15.06354,17.15872,45.28325,4224.59913,0.20451,58.49679,10.351868612100343,3.856343432063159,39.99999931767356
15.09302,17.2087,45.30756,4218.77647,0.23522,58.64807,10.28811727645871,3.8325943821380557,39.99999931767356
15.12234,17.25869,45.33517,4212.983,0.2648,58.79871,10.220124589129464,3.8072653171126394,39.99999931767356
15.15149,17.30869,45.36593,4207.22129,0.29317,58.94865,10.148190309483528,3.78046790523972,39.99999931767356
15.18048,17.35872,45.3997,4201.49378,0.32027,59.09784,10.07262134559761,3.7523164778531095,39.99999931767356
15.20929,17.40876,45.43633,4195.80273,0.34605,59.24622,9.993729668076371,3.7229272522114845,39.99999931767356
15.23795,17.45882,45.47567,4190.15027,0.37045,59.39375,9.911830294037461,3.692417580479769,39.99999931767356
15.26644,17.50889,45.51755,4184.53834,0.39342,59.54039,9.82723936034649,3.6609052319584623,39.99999931767356
15.29477,17.55897,45.56182,4178.96871,0.41493,59.68611,9.740272302456706,3.6285077146535096,39.99999931767356
15.32295,17.60907,45.60829,4173.44301,0.43494,59.83086,9.651242152528596,3.5953416412810615,39.99999931767356
15.35096,17.65919,45.6568,4167.96269,0.4534,59.97463,9.560457967662769,3.5615221437428772,39.99999931767356
15.37881,17.70931,45.70718,4162.52904,0.4703,60.11737,9.468223396401637,3.5271623391104785,39.99999931767356
15.40651,17.75945,45.75924,4157.14319,0.48561,60.25909,9.37483538895388,3.4923728491498296,39.99999931767356
15.43405,17.8096,45.81282,4151.8061,0.49932,60.39974,9.280583054193443,3.457261374523386,39.99999931767356
15.46144,17.85977,45.86773,4146.51859,0.5114,60.53933,9.18574666410636,3.4219323239203474,39.99999931767356
15.48868,17.90994,45.92379,4141.28132,0.52185,60.67783,9.09059680428703,3.386486497594161,39.99999931767356
15.51577,17.96013,45.98082,4136.0948,0.53066,60.81525,8.995393667262416,3.3510208241071995,39.99999931767356
15.5427,18.01032,46.03865,4130.95942,0.53783,60.95158,8.90038648376378,3.3156281484645134,39.99999931767356
15.56949,18.06053,46.09709,4125.87541,0.54336,61.08683,8.805813085733295,3.2803970693222944,39.99999931767356
15.59613,18.11074,46.15597,4120.84288,0.54726,61.22098,8.711899593738604,3.2454118225415813,39.99999931767356
15.62263,18.16097,46.21511,4115.86181,0.54954,61.35405,8.618860220587752,3.2107522080296502,39.99999931767356
15.64898,18.2112,46.27434,4110.93207,0.55021,61.48605,8.52689718230603,3.1764935565765446,39.99999931767356
15.67519,18.26144,46.33348,4106.05341,0.54929,61.61699,8.436200707177552,3.1427067332233043,39.99999931767356
15.70126,18.31169,46.39238,4101.22546,0.5468,61.74689,8.346949133375398,3.1094581736317615,39.99999931767356
15.72719,18.36195,46.45085,4096.44778,0.54276,61.87575,8.259309085557124,3.0768099498710146,39.99999931767356
15.75298,18.41221,46.50874,4091.7198,0.53719,62.0036,8.173435720960757,3.044819862094662,39.99999931767356
15.77863,18.46249,46.56588,4087.04088,0.53013,62.13047,8.089473035709249,3.013541552647268,39.99999931767356
15.80415,18.51277,46.62213,4082.4103,0.52159,62.25636,8.007554222350388,2.983024639257391,39.99999931767356
15.82953,18.56306,46.67732,4077.82723,0.51162,62.38132,7.927802070104864,2.9533148641405167,39.99999931767356
15.85478,18.61335,46.73132,4073.29081,0.50025,62.50535,7.850329399725003,2.92445425599538,39.99999931767356
15.87989,18.66366,46.78397,4068.80007,0.48752,62.62851,7.775239525408519,2.8964813020789886,39.99999931767356
15.90488,18.71396,46.83513,4064.354,0.47345,62.7508,7.7026267367897905,2.869431127761058,39.99999931767356
15.92973,18.76428,46.88468,4059.95152,0.4581,62.87227,7.632576794564839,2.843335681157357,39.99999931767356
15.95446,18.8146,46.93247,4055.5915,0.4415,62.99294,7.565167433923483,2.8182239206714277,39.99999931767356
15.97906,18.86493,46.97839,4051.27276,0.42369,63.11286,7.500468870512987,2.7941220034793623,39.99999931767356
16.00353,18.91526,47.0223,4046.99406,0.40472,63.23204,7.438544304246918,2.771053473211853,39.99999931767356
16.02787,18.9656,47.06411,4042.75412,0.38463,63.35054,7.379450416775146,2.749039445274861,39.99999931767356
16.05209,19.01594,47.10368,4038.55162,0.36347,63.46839,7.323237858996707,2.7280987884609824,39.99999931767356
16.07618,19.06629,47.14093,4034.38522,0.34128,63.58561,7.269951725420594,2.708248301661325,39.99999931767356
16.10015,19.11664,47.17574,4030.25351,0.31811,63.70226,7.2196320126803295,2.6895028846742512,39.99999931767356
16.124,19.167,47.20803,4026.15507,0.29401,63.81837,7.172314059888228,2.6718757022489252,39.99999931767356
16.14773,19.21737,47.23769,4022.08844,0.26903,63.93398,7.12802896889503,2.6553783406430873,39.99999931767356
16.17133,19.26773,47.26466,4018.05214,0.24321,64.04913,7.086804002875722,2.6400209561067585,39.99999931767356
16.19482,19.31811,47.28883,4014.04466,0.2166,64.16386,7.048662961923011,2.6258124148006883,39.99999931767356
16.21818,19.36849,47.31016,4010.06446,0.18927,64.27822,7.013626534644033,2.612760423775386,39.99999931767356
16.24142,19.41887,47.32855,4006.10997,0.16125,64.39223,6.981712624934547,2.6008716527031006,39.99999931767356
16.26455,19.46926,47.34396,4002.17962,0.13259,64.50595,6.952936653340375,2.5901518461428914,39.99999931767356
16.28756,19.51965,47.35632,3998.27181,0.10336,64.61942,6.927311832558832,2.5806059261721543,39.99999931767356
16.31045,19.57004,47.36558,3994.3849,0.07359,64.73267,6.904849416773871,2.572238085270526,39.99999931767356
16.33322,19.62044,47.3717,3990.51727,0.04335,64.84576,6.885558924647667,2.5650518693901208,39.99999931767356
16.35587,19.67084,47.37462,3986.66723,0.01268,64.95872,6.8694483358520655,2.5590502511686557,39.99999931767356
16.37841,19.72125,47.37433,3982.83313,-0.01837,65.0716,6.856524261114162,2.5542356932759147,39.99999931767356
16.40083,19.77166,47.37079,3979.01327,-0.04973,65.18444,6.846792085795431,2.5506102019007435,39.99999931767356
16.42313,19.82207,47.36396,3975.20593,-0.08137,65.29728,6.840256087050362,2.5481753703957284,39.99999931767356
16.44532,19.87249,47.35384,3971.40939,-0.11322,65.41018,6.8369195246534,2.5469324131126196,39.99999931767356
16.46739,19.92291,47.34042,3967.62191,-0.14524,65.52317,6.8367847055669095,2.546882189455598,39.99999931767356
16.48934,19.97333,47.32367,3963.84174,-0.17736,65.6363,6.8398530223676035,2.548025218196131,39.99999931767356
16.51118,20.02376,47.30361,3960.0671,-0.20954,65.74961,6.846124965602968,2.5503616820760624,39.99999931767356
16.5329,20.07418,47.28022,3956.29622,-0.24173,65.86315,6.8556001101907365,2.5538914227410645,39.99999931767356
16.55451,20.12461,47.25354,3952.5273,-0.27386,65.97696,6.8682770759470975,2.5586139260363527,39.99999931767356
16.57599,20.17505,47.22355,3948.75852,-0.30589,66.09108,6.884153462341852,2.5645282977012656,39.99999931767356
16.59736,20.22548,47.1903,3944.98808,-0.33777,66.20557,6.903225757580412,2.571633229499919,39.99999931767356
16.61862,20.27592,47.15379,3941.21414,-0.36943,66.32047,6.92548922212085,2.579926955828239,39.99999931767356
16.63975,20.32636,47.11407,3937.43486,-0.40084,66.43582,6.950937746763097,2.5894072008484583,39.99999931767356
16.66077,20.3768,47.07117,3933.64838,-0.43192,66.55167,6.979563685498874,2.6000711162213133,39.99999931767356
16.68167,20.42724,47.02513,3929.85286,-0.46264,66.66807,7.0113576633191705,2.6119152095092772,39.99999931767356
16.70246,20.47768,46.97599,3926.04642,-0.49293,66.78505,7.0463083592846045,2.624935263364558,39.99999931767356
16.72312,20.52813,46.92382,3922.22718,-0.52274,66.90267,7.084402265222618,2.6391262456374562,39.99999931767356
16.74366,20.57857,46.86866,3918.39327,-0.55203,67.02097,7.12562342053547,2.654482210585366,39.99999931767356
16.76409,20.62902,46.81058,3914.54281,-0.58073,67.13999,7.169953123728435,2.670996191409434,39.99999931767356
16.78439,20.67946,46.74966,3910.67391,-0.60879,67.25979,7.217369621413259,2.6886600844001713,39.99999931767356
16.80457,20.72991,46.68595,3906.78468,-0.63617,67.3804,7.267847775742904,2.707464525048138,39.99999931767356
16.82463,20.78035,46.61955,3902.87324,-0.66281,67.50187,7.321358711418083,2.7273987565445967,39.99999931767356
16.84457,20.8308,46.55054,3898.93772,-0.68866,67.62426,7.377869443681069,2.7484504911994114,39.99999931767356
16.86438,20.88124,46.479,3894.97624,-0.71367,67.74759,7.437342488927236,2.770605765383608,39.99999931767356
16.88407,20.93168,46.40503,3890.98693,-0.73778,67.87191,7.499735459920426,2.793848788736439,39.99999931767356
16.90364,20.98212,46.32872,3886.96795,-0.76096,67.99728,7.565000647888117,2.8181617884848493,39.99999931767356
16.92307,21.03256,46.2502,3882.91746,-0.78314,68.12372,7.633084594146277,2.843524849862454,39.99999931767356
16.94239,21.083,46.16955,3878.83364,-0.80428,68.25129,7.703927654282039,2.8699157537561204,39.99999931767356
16.96157,21.13343,46.08689,3874.71471,-0.82433,68.38002,7.7774635583327525,2.8973098128610935,39.99999931767356
16.98062,21.18386,46.00235,3870.5589,-0.84326,68.50996,7.853618970821767,2.925679707782749,39.99999931767356
16.99954,21.23429,45.91605,3866.36447,-0.861,68.64115,7.932313054968394,2.9549953246933365,39.99999931767356
17.01834,21.28471,45.8281,3862.12973,-0.87752,68.77363,8.013457045818397,2.9852235963118567,39.99999931767356
17.037,21.33513,45.73864,3857.85301,-0.89278,68.90742,8.096953837516354,3.016328348152156,39.99999931767356
17.05552,21.38554,45.64781,3853.53272,-0.90673,69.04258,8.18269759037443,3.0482701521457045,39.99999931767356
17.07391,21.43595,45.55575,3849.16728,-0.91934,69.17913,8.270573363830655,3.0810061899089045,39.99999931767356
17.09217,21.48635,45.46258,3844.7552,-0.93057,69.31712,8.360456781772035,3.1144901280671276,39.99999931767356
17.11028,21.53675,45.36847,3840.29503,-0.94038,69.45656,8.45221373707622,3.1486720081887314,39.99999931767356
17.12826,21.58713,45.27355,3835.78542,-0.94875,69.5975,8.545700142517166,3.183498153990851,39.99999931767356
17.1461,21.63751,45.17798,3831.22505,-0.95563,69.73996,8.640761735424954,3.2189110985700453,39.99999931767356
17.1638,21.68788,45.08191,3826.61273,-0.96101,69.88396,8.737233943624608,3.2548495344609814,39.99999931767356
17.18135,21.73825,44.98549,3821.94732,-0.96486,70.02954,8.834941820226666,3.2912482893442054,39.99999931767356
17.19876,21.7886,44.88889,3817.2278,-0.96716,70.1767,8.933700054809911,3.328038330212004,39.99999931767356
17.21603,21.83894,44.79225,3812.45324,-0.96788,70.32548,9.0333130682752,3.3651467987039503,39.99999931767356
17.23315,21.88927,44.69574,3807.62281,-0.96702,70.47589,9.133575198359237,3.4024970802156647,39.99999931767356
17.25012,21.93959,44.59952,3802.73582,-0.96456,70.62794,9.234270982266224,3.4400089091865484,39.99999931767356
17.26694,21.9899,44.50375,3797.79166,-0.96049,70.78164,9.335175542217184,3.4775985127270395,39.99999931767356
17.28361,22.0402,44.40859,3792.78989,-0.95481,70.937,9.43605507885917,3.5151787944265345,39.99999931767356
17.30012,22.09048,44.3142,3787.73017,-0.94752,71.09402,9.536667476453166,3.552659559801803,39.99999931767356
17.31648,22.14074,44.22073,3782.61232,-0.93862,71.2527,9.636763022574723,3.5899477844044063,39.99999931767356
17.33269,22.19099,44.12836,3777.43629,-0.92812,71.41304,9.73608524365822,3.626947925082926,39.99999931767356
17.34874,22.24123,44.03722,3772.20218,-0.91604,71.57504,9.834371856197064,3.663562274330063,39.99999931767356
17.36463,22.29144,43.94749,3766.91024,-0.90238,71.73867,9.931355831712285,3.6996913570114556,39.99999931767356
17.38036,22.34164,43.8593,3761.56089,-0.88718,71.90393,10.026766571828697,3.735234368112479,39.99999931767356
17.39593,22.39182,43.77281,3756.15468,-0.87046,72.0708,10.120331187851693,3.770089649414256,39.99999931767356
17.41134,22.44198,43.68816,3750.69234,-0.85225,72.23925,10.211775877303554,3.8041552022896594,39.99999931767356
17.42659,22.49212,43.60549,3745.17477,-0.83259,72.40926,10.300827387911522,3.8373292330773885,39.99999931767356
17.44167,22.54223,43.52494,3739.603,-0.81151,72.5808,10.387214557536891,3.8695107267460696,39.99999931767356
17.45658,22.59233,43.44664,3733.97826,-0.78907,72.75382,10.470669916676659,3.9006000438682857,39.99999931767356
17.47133,22.6424,43.37072,3728.30191,-0.76532,72.9283,10.55093133838466,3.930499535259618,39.99999931767356
17.48591,22.69244,43.29728,3722.57548,-0.74031,73.10419,10.627743718882053,3.959114168050264,39.99999931767356
17.50032,22.74246,43.22646,3716.80066,-0.7141,73.28144,10.700860670693633,3.9863521564228646,39.99999931767356
17.51456,22.79246,43.15835,3710.97928,-0.68676,73.45999,10.770046209088434,4.012125589856001,39.99999931767356
17.52863,22.84242,43.09305,3705.11333,-0.65835,73.63981,10.835076411769858,4.036351051402441,39.99999931767356
17.54253,22.89236,43.03066,3699.20492,-0.62895,73.82082,10.895741031281146,4.0589502183526,39.99999931767356
17.55625,22.94227,42.97126,3693.2563,-0.59864,74.00296,10.951845039577117,4.079850437628151,39.99999931767356
17.5698,22.99214,42.91493,3687.26986,-0.56749,74.18618,11.003210084421632,4.098985268328401,39.99999931767356
17.58318,23.04199,42.86172,3681.24808,-0.53559,74.37039,11.049675838097551,4.116294984160239,39.99999931767356
17.59638,23.0918,42.81171,3675.19357,-0.50303,74.55554,11.091101219932716,4.131727028861234,39.99999931767356
17.6094,23.14158,42.76494,3669.10901,-0.46989,74.74156,11.127365475743158,4.1452364183206205,39.99999931767356
17.62226,23.19133,42.72145,3662.99718,-0.43627,74.92835,11.158369099093905,4.1567860837731985,39.99999931767356
17.63493,23.24104,42.68128,3656.86095,-0.40226,75.11586,11.184034581535764,4.1663471512822765,39.99999931767356
17.64743,23.29071,42.64444,3650.70321,-0.36796,75.30399,11.204306981413119,4.173899153635534,39.99999931767356
17.65975,23.34035,42.61094,3644.52693,-0.33347,75.49268,11.219154303581336,4.179430171799753,39.99999931767356
17.6719,23.38995,42.5808,3638.33511,-0.29887,75.68183,11.228567685239096,4.182936904148246,39.99999931767356
17.68387,23.43951,42.554,3632.13077,-0.26427,75.87138,11.232561386007887,4.184424662765212,39.99999931767356
17.69566,23.48903,42.53054,3625.91694,-0.22977,76.06123,11.231172583465359,4.1839072972765265,39.99999931767356
17.70727,23.5385,42.51037,3619.69664,-0.19547,76.25132,11.22446097822197,4.181407047730402,39.99999931767356
17.71871,23.58794,42.49348,3613.4729,-0.16146,76.44155,11.21250821546691,4.176954329108026,39.99999931767356
17.72998,23.63734,42.47981,3607.2487,-0.12783,76.63186,11.195417132639763,4.1705874510614604,39.99999931767356
17.74107,23.68669,42.46931,3601.02698,-0.09468,76.82215,11.173310845201737,4.162352277339367,39.99999931767356
17.75198,23.736,42.46193,3594.81064,-0.0621,77.01236,11.146331684684021,4.152301830182083,39.99999931767356
17.76272,23.78526,42.4576,3588.60252,-0.03018,77.20242,11.11464000502431,4.140495845650563,39.99999931767356
17.77328,23.83448,42.45624,3582.40539,0.00098,77.39224,11.078412874515427,4.127000286342833,39.99999931767356
17.78368,23.88366,42.45776,3576.22191,0.03132,77.58176,11.03784267195008,4.111886818420968,39.99999931767356
17.7939,23.93278,42.46207,3570.05469,0.06075,77.77091,10.993135606084856,4.095232260072473,39.99999931767356
17.80394,23.98186,42.46908,3563.90622,0.08919,77.95962,10.944510177904801,4.077118008663388,39.99999931767356
17.81382,24.0309,42.47868,3557.77888,0.11657,78.14784,10.892195605143197,4.057629453830438,39.99999931767356
17.82353,24.07988,42.49075,3551.67494,0.14281,78.3355,10.83643022802482,4.036855383578463,39.99999931767356
17.83307,24.12882,42.50519,3545.59656,0.16787,78.52256,10.777459914539314,4.014887390202783,39.99999931767356
17.84244,24.17771,42.52188,3539.54577,0.19166,78.70896,10.715536482509531,3.991819282468134,39.99999931767356
17.85164,24.22654,42.54067,3533.52448,0.21415,78.89464,10.650916154458068,3.9677465100058043,39.99999931767356
17.86068,24.27533,42.56145,3527.53446,0.23527,79.07957,10.583858059881182,3.9427656053712568,39.99999931767356
17.86955,24.32407,42.58408,3521.57736,0.25499,79.26371,10.514622797874983,3.916973648584568,39.99999931767356
17.87826,24.37276,42.60842,3515.65467,0.27325,79.44702,10.443471071418438,3.89046775836491,39.99999931767356
17.88681,24.4214,42.63433,3509.76776,0.29003,79.62947,10.370662402797713,3.8633446135923237,39.99999931767356
17.89519,24.46998,42.66167,3503.91789,0.30528,79.81102,10.296453937911416,3.835700007879954,39.99999931767356
17.90342,24.51852,42.69029,3498.10614,0.31899,79.99166,10.221099345423927,3.807628439479709,39.99999931767356
17.91149,24.567,42.72005,3492.33348,0.33112,80.17136,10.144847814997298,3.779222738097278,39.99999931767356
17.91939,24.61544,42.75079,3486.60075,0.34166,80.35011,10.067943157222407,3.7505737295928028,39.99999931767356
17.92721,24.66381,42.78501,3480.902,0.40845,80.36884,9.986878636892781,3.720375062834118,0.0
17.935,24.7121,42.82516,3475.234,0.47308,80.38755,9.898329635663966,3.6873882300119414,0.0
17.94276,24.76032,42.87102,3469.60134,0.53538,80.40624,9.802843906028873,3.6518172833421167,0.0
17.9505,24.80846,42.92234,3464.00836,0.59516,80.42492,9.70098837943137,3.6138734197043507,0.0
17.9582,24.85654,42.97888,3458.45912,0.65228,80.44358,9.59334492087016,3.573773399120447,0.0
17.96588,24.90454,43.04037,3452.95737,0.70658,80.46223,9.480504529505183,3.531737384327609,0.0
17.97354,24.95246,43.10653,3447.5066,0.75794,80.48085,9.363061804343632,3.4879868791008573,0.0
17.98116,25.00032,43.17708,3442.10996,0.80625,80.49946,9.24160974759755,3.4427427923670044,0.0
17.98876,25.0481,43.25174,3436.77032,0.85139,80.51806,9.116734964906758,3.396223650161407,0.0
17.99633,25.09582,43.33018,3431.49025,0.8933,80.53664,8.989013307833602,3.348643972342607,0.0
18.00388,25.14346,43.41213,3426.27201,0.93188,80.55521,8.85900599054306,3.3002128259534897,0.0
18.0114,25.19104,43.49725,3421.11758,0.96708,80.57376,8.72725619972174,3.251132562326921,0.0
18.01889,25.23854,43.58525,3416.02865,0.99887,80.59229,8.594286204808222,3.2015977405705063,0.0
18.02636,25.28598,43.6758,3411.00663,1.02719,80.61081,8.460594964959293,3.1517942360985542,0.0
18.0338,25.33336,43.76859,3406.05267,1.05204,80.62932,8.326656219766491,3.101898529373752,0.0
18.04121,25.38067,43.8633,3401.16767,1.07341,80.64782,8.192917042882216,3.0520771670948346,0.0
18.04861,25.42792,43.95963,3396.35227,1.09129,80.6663,8.05979683134534,3.0024863856937816,0.0
18.05597,25.4751,44.05726,3391.60691,1.1057,80.68477,7.92768669846226,2.953271885168036,0.0
18.06331,25.52222,44.15587,3386.9318,1.11667,80.70322,7.796949234604028,2.904568739971143,0.0
18.07063,25.56928,44.25517,3382.32695,1.12421,80.72167,7.6679185980835864,2.856501432866906,0.0
18.07792,25.61628,44.35486,3377.79217,1.12838,80.7401,7.540900897182771,2.8091839972445043,0.0
18.08519,25.66323,44.45463,3373.32711,1.12923,80.75852,7.416174824374148,2.7627202533828075,0.0
18.09243,25.71011,44.5542,3368.93126,1.12679,80.77693,7.293992504568859,2.717204124445023,0.0
18.09965,25.75694,44.65328,3364.60396,1.12115,80.79533,7.1745805207358195,2.672720018548828,0.0
18.10685,25.80371,44.75161,3360.3444,1.11236,80.81372,7.05814108224128,2.6293432640035976,0.0
18.11402,25.85042,44.8489,3356.15165,1.1005,80.8321,6.944853303741531,2.5871405857315932,0.0
18.12117,25.89709,44.9449,3352.02469,1.08564,80.85048,6.834874565128189,2.5461706118833556,0.0
18.1283,25.94369,45.03935,3347.96238,1.06787,80.86884,6.728341925954878,2.506484400748861,0.0
18.1354,25.99025,45.132,3343.96347,1.04726,80.88719,6.625373570646455,2.468125979135992,0.0
18.14249,26.03676,45.22262,3340.02666,1.02392,80.90554,6.526070263795539,2.4311328845067712,0.0
18.14955,26.08321,45.31098,3336.15055,0.99793,80.92388,6.430516797602027,2.39553670418668,0.0
18.15658,26.12962,45.39686,3332.3337,0.96938,80.94221,6.338783416316298,2.3613636060072203,0.0
18.1636,26.17597,45.48005,3328.57457,0.93838,80.96053,6.250927204992291,2.328634855652984,0.0
18.17059,26.22228,45.56033,3324.87161,0.90501,80.97885,6.166993432245279,2.2973673168742486,0.0
18.17756,26.26854,45.63753,3321.2232,0.86937,80.99716,6.087016838847476,2.2675739315227488,0.0
18.18451,26.31476,45.71145,3317.62768,0.83157,81.01546,6.011022865846716,2.2392641770581965,0.0
18.19144,26.36093,45.78192,3314.08336,0.79171,81.03376,5.939028817618359,2.212444499815719,0.0
18.19835,26.40705,45.84877,3310.5885,0.74988,81.05205,5.87104495671606,2.1871187228665776,0.0
18.20523,26.45314,45.91185,3307.14134,0.7062,81.07034,5.807075528626522,2.163288427766273,0.0
18.21209,26.49917,45.97101,3303.74011,0.66076,81.08862,5.747119715607491,2.140953309884301,0.0
18.21894,26.54517,46.0261,3300.383,0.61366,81.10689,5.691172519649627,2.1201115073306767,0.0
18.22576,26.59112,46.07701,3297.06816,0.56501,81.12516,5.639225575329535,2.100759903765077,0.0
18.23256,26.63703,46.1236,3293.79375,0.51491,81.14343,5.591267893837788,2.0828944055668583,0.0
18.23934,26.6829,46.16577,3290.55789,0.46346,81.16169,5.547286539928464,2.0665101940165678,0.0
18.2461,26.72873,46.20342,3287.3587,0.41077,81.17994,5.507267243802921,2.0516019532387495,0.0
18.25284,26.77451,46.23645,3284.19428,0.35694,81.1982,5.471194950126423,2.0381640747250858,0.0
18.25956,26.82026,46.26477,3281.06268,0.30207,81.21644,5.43905430649654,2.0261908393017243,0.0
18.26626,26.86597,46.28832,3277.96197,0.24626,81.23469,5.410830093693016,2.0156765774086782,0.0
18.27294,26.91164,46.30702,3274.89019,0.18962,81.25293,5.386507599962387,2.006615808530694,0.0
18.2796,26.95727,46.32081,3271.84537,0.13224,81.27116,5.366072941529912,1.999003360596374,0.0
18.28624,27.00287,46.32966,3268.8255,0.07424,81.28939,5.349513331347335,1.9928344700937977,0.0
18.29286,27.04842,46.33351,3265.82857,0.0157,81.30762,5.336817297898428,1.9881048635813352,0.0
18.29946,27.09394,46.33233,3262.85255,-0.04326,81.32585,5.327974855681391,1.9848108211968316,0.0
18.30604,27.13942,46.32611,3259.89538,-0.10255,81.34407,5.3229776287272355,1.9829492226714545,0.0
18.3126,27.18486,46.31483,3256.95498,-0.16207,81.36229,5.321818928260417,1.9825175762603204,0.0
18.31915,27.23027,46.29847,3254.02926,-0.2217,81.3805,5.324493785348072,1.9835140309051977,0.0
18.32567,27.27563,46.27706,3251.11608,-0.28136,81.39871,5.330998939108962,1.9859373718420257,0.0
18.33217,27.32097,46.25058,3248.21332,-0.34094,81.41692,5.341332780764,1.989786999758265,0.0
18.33865,27.36626,46.21908,3245.31878,-0.40033,81.43512,5.355495253585251,1.9950628935212678,0.0
18.34512,27.41152,46.18257,3242.43028,-0.45945,81.45332,5.373487708506798,2.001765556389525,0.0
18.35156,27.45674,46.14109,3239.54559,-0.51817,81.47152,5.395312714954471,2.0098959455417638,0.0
18.35798,27.50193,46.09469,3236.66245,-0.57641,81.48971,5.42097382621606,2.0194553846711782,0.0
18.36439,27.54708,46.04343,3233.77859,-0.63405,81.5079,5.450475298504837,2.0304454593292,0.0
18.37077,27.59219,45.98736,3230.89169,-0.691,81.52608,5.483821762699797,2.042867894640101,0.0
18.37714,27.63727,45.92656,3227.99941,-0.74715,81.54427,5.521017847665822,2.0567244149778428,0.0
18.38349,27.68231,45.86111,3225.0994,-0.8024,81.56244,5.562067753944633,2.0720165851547376,0.0
18.38982,27.72731,45.7911,3222.18925,-0.85664,81.58062,5.606974776653734,2.0887456326887577,0.0
18.39612,27.77227,45.71662,3219.26654,-0.90978,81.59879,5.655740776442691,2.1069122507208213,0.0
18.40241,27.8172,45.63779,3216.32882,-0.9617,81.61695,5.7083655975156695,2.1265163812128822,0.0
18.40868,27.86209,45.55471,3213.37361,-1.0123,81.63511,5.764846431928421,2.147556978131825,0.0
18.41493,27.90695,45.46752,3210.39842,-1.06148,81.65327,5.825177129661487,2.1700317504335853,0.0
18.42117,27.95176,45.37634,3207.40072,-1.10913,81.67142,5.889347454403897,2.193936884822994,0.0
18.42738,27.99654,45.28131,3204.37798,-1.15515,81.68957,5.95734228546646,2.2192667484454756,0.0
18.43357,28.04127,45.18259,3201.32763,-1.19943,81.70771,6.029140766895625,2.246013571909582,0.0
18.43974,28.08597,45.08033,3198.2471,-1.24188,81.72585,6.104715405638773,2.2741671133298254,0.0
18.4459,28.13063,44.9747,3195.13382,-1.28238,81.74398,6.184031121473952,2.303714304400513,0.0
18.45203,28.17525,44.86587,3191.9852,-1.32084,81.76211,6.267044252510761,2.334638879918656,0.0
18.45815,28.21983,44.75403,3188.79866,-1.35715,81.78022,6.353701521214749,2.3669209926008565,0.0
18.46424,28.26437,44.63936,3185.57162,-1.39121,81.79834,6.443938967265545,2.400536815544879,0.0
18.47032,28.30886,44.52207,3182.30153,-1.42293,81.81644,6.537680855013105,2.435458135228355,0.0
18.47638,28.35332,44.40236,3178.98585,-1.45221,81.83454,6.634838564918053,2.4716519385411484,0.0
18.48241,28.39773,44.28044,3175.62206,-1.47896,81.85264,6.735309480056267,2.5090799979790104,0.0
18.48843,28.44209,44.15655,3172.20769,-1.50308,81.87072,6.838975880588818,2.547698459804544,0.0
18.49443,28.48642,44.03089,3168.74032,-1.52449,81.8888,6.945703860970691,2.5874574406789637,0.0
18.50041,28.53069,43.90372,3165.21758,-1.5431,81.90687,7.055342286557389,2.628300638970602,0.0
18.50636,28.57493,43.77527,3161.63716,-1.55883,81.92493,7.167721808169469,2.6701649676542734,0.0
18.5123,28.61911,43.64578,3157.99686,-1.5716,81.94298,7.282653954946457,2.712980216375482,0.0
18.51822,28.66325,43.51552,3154.29454,-1.58135,81.96102,7.399930327502876,2.756668750879822,0.0
18.52412,28.70734,43.38473,3150.52819,-1.588,81.97906,7.519321914844586,2.8011452585463337,0.0
18.52999,28.75138,43.25368,3146.69589,-1.59151,81.99708,7.640578559653833,2.8463165491921183,0.0
18.53585,28.79538,43.12263,3142.79587,-1.5918,82.01509,7.763428597332263,2.8920814206063628,0.0
18.54169,28.83932,42.99186,3138.82651,-1.58885,82.0331,7.887578694513025,2.9383305983918504,0.0
18.54751,28.88321,42.86163,3134.78634,-1.58262,82.05109,8.012713912497153,2.9849467595966797,0.0
18.5533,28.92705,42.73222,3130.67406,-1.57306,82.06907,8.138498020193945,3.0318046492927913,0.0
18.55908,28.97083,42.6039,3126.48856,-1.56018,82.08703,8.264574079536425,3.078771298658633,0.0
18.56483,29.01456,42.47694,3122.22895,-1.54394,82.10499,8.390565323964136,3.125706352237108,0.0
18.57057,29.05823,42.35162,3117.89452,-1.52437,82.12293,8.51607634733416,3.172462510836219,0.0
18.57628,29.10185,42.2282,3113.48481,-1.50146,82.14086,8.640694616540214,3.2188860950194753,0.0
18.58198,29.14541,42.10696,3108.9996,-1.47523,82.15877,8.763992316180481,3.264817732293199,0.0
18.58765,29.18891,41.98817,3104.43891,-1.44574,82.17667,8.885528527870388,3.3100931689578768,0.0
18.5933,29.23235,41.87207,3099.80303,-1.41302,82.19456,9.00485174026252,3.3545442051566163,0.0
18.59893,29.27573,41.75893,3095.0925,-1.37712,82.21243,9.12150267869704,3.3979997489943865,0.0
18.60454,29.31905,41.649,3090.30816,-1.33813,82.23028,9.235017435781195,3.4402869827612483,0.0
18.61012,29.36231,41.54251,3085.45111,-1.29613,82.24812,9.344930876233688,3.4812326313264723,0.0
18.61569,29.4055,41.4397,3080.52273,-1.25122,82.26594,9.450780281341226,3.5206643197944967,0.0
18.62123,29.44863,41.34078,3075.52471,-1.2035,82.28375,9.55210919052001,3.558412004587652,0.0
18.62676,29.49169,41.24598,3070.45899,-1.15311,82.30154,9.648471390126293,3.5943094593830573,0.0
18.63226,29.53468,41.15548,3065.32781,-1.10017,82.3193,9.739434992978365,3.628195794841889,0.0
18.63774,29.57761,41.06947,3060.13368,-1.04485,82.33706,9.824586546463948,3.6599169889874825,0.0
18.64319,29.62047,40.98813,3054.87936,-0.98729,82.35479,9.903535102787954,3.689327403479709,0.0
18.64863,29.66326,40.91161,3049.56788,-0.92767,82.3725,9.975916182083996,3.7162912599783,0.0
18.65404,29.70597,40.84005,3044.2025,-0.86618,82.3902,10.04139555806693,3.7406840503980145,0.0
18.65943,29.74862,40.77359,3038.78671,-0.803,82.40787,10.099672796697128,3.762393855154195,0.0
18.6648,29.7912,40.71232,3033.32421,-0.73835,82.42553,10.150484481003335,3.7813225444941345,0.0
18.67015,29.8337,40.65635,3027.81888,-0.67242,82.44316,10.193607059926103,3.797386839766203,0.0
18.67548,29.87613,40.60575,3022.27478,-0.60543,82.46078,10.228859265483674,3.81051921387775,0.0
18.68078,29.91848,40.56056,3016.6961,-0.53761,82.47837,10.256104050769435,3.820668613250141,0.0
18.68606,29.96076,40.52084,3011.08716,-0.46917,82.49594,10.275250010942843,3.827800987175265,0.0
18.69132,30.00296,40.4866,3005.45238,-0.40036,82.5135,10.28625226014422,3.8318996144893775,0.0
18.69656,30.04509,40.45783,2999.79623,-0.3314,82.53103,10.289112748898189,3.8329652218142187,0.0
18.70178,30.08714,40.43454,2994.12325,-0.26252,82.54853,10.283880018596502,3.831015892095421,0.0
18.70697,30.12912,40.41666,2988.43799,-0.19395,82.56602,10.270648401727229,3.826086766666823,0.0
18.71214,30.17102,40.40417,2982.74498,-0.12592,82.58349,10.24955668819269,3.818229548418826,0.0
18.71729,30.21284,40.39697,2977.04873,-0.05866,82.60093,10.220786289051821,3.807511817744091,0.0
18.72242,30.25459,40.39499,2971.35371,0.00761,82.61835,10.18455893882067,3.794016176584034,0.0
18.72753,30.29626,40.39812,2965.66427,0.07268,82.63575,10.141133986031004,3.777839239090611,0.0
18.73261,30.33785,40.40623,2959.9847,0.13635,82.65313,10.090805328566086,3.7590904899582536,0.0
18.73768,30.37936,40.4192,2954.31915,0.1984,82.67048,10.033898055460678,3.737891033406019,0.0
18.74272,30.4208,40.43687,2948.67163,0.25865,82.68782,9.97076486019008,3.71437225703338,0.0
18.74774,30.46216,40.45908,2943.04599,0.31691,82.70513,9.901782291876662,3.688674435296023,0.0
18.75274,30.50345,40.48565,2937.44592,0.37303,82.72242,9.82734691061224,3.6609452972622734,0.0
18.75771,30.54466,40.51639,2931.87492,0.42682,82.73969,9.747871411105827,3.6313385825698896,0.0
18.76267,30.58579,40.5511,2926.3363,0.47815,82.75694,9.663780775509531,3.6000126082524857,0.0
18.7676,30.62685,40.58958,2920.83315,0.52687,82.77416,9.575508511556434,3.56712886734691,0.0
18.77252,30.66783,40.6316,2915.36838,0.57287,82.79137,9.483493026549068,3.532850678108546,0.0
18.77741,30.70874,40.67695,2909.94465,0.61603,82.80856,9.388174181236113,3.4973419002397086,0.0
18.78228,30.74958,40.72538,2904.56442,0.65624,82.82572,9.289990060800507,3.4607657319977574,0.0
18.78714,30.79034,40.77667,2899.22994,0.69342,82.84287,9.189373992920162,3.4232835993442543,0.0
18.79197,30.83103,40.83056,2893.94322,0.7275,82.85999,9.086751835775129,3.385054145656269,0.0
18.79678,30.87165,40.88682,2888.70606,0.75841,82.8771,8.982539551806937,3.346232327887902,0.0
18.80157,30.91219,40.94519,2883.52004,0.7861,82.89418,8.877141076460548,3.3069686226205826,0.0
18.80634,30.95267,41.00542,2878.38656,0.81053,82.91125,8.770946484965743,3.267408343140902,0.0
18.81109,30.99307,41.06725,2873.30677,0.83167,82.92829,8.664330454719943,3.227691066637755,0.0
18.81582,31.03341,41.13045,2868.28165,0.8495,82.94532,8.55765101595233,3.1879501687918546,0.0
18.82053,31.07368,41.19475,2863.31198,0.86402,82.96233,8.451248579256264,3.148312461505968,0.0
18.82522,31.11388,41.2599,2858.39835,0.87523,82.97933,8.3454452251602,3.108897928251393,0.0
18.8299,31.15402,41.32565,2853.54118,0.88315,82.9963,8.24054423822765,3.069819550507938,0.0
18.83455,31.19409,41.39176,2848.74072,0.88779,83.01326,8.136829866234091,3.0311832180509737,0.0
18.83918,31.23409,41.45799,2843.99706,0.88918,83.0302,8.034567283584105,2.9930877153233673,0.0
18.8438,31.27403,41.52409,2839.31014,0.88737,83.04713,7.934002737397809,2.9556247758565144,0.0
18.8484,31.31391,41.58983,2834.67976,0.8824,83.06403,7.835363854464502,2.9188791966186494,0.0
18.85297,31.35372,41.65497,2830.10556,0.87432,83.08093,7.738860087461853,2.8829290042432345,0.0
18.85753,31.39347,41.71931,2825.58709,0.8632,83.0978,7.64468327941061,2.8478456653031947,0.0
18.86207,31.43317,41.78261,2821.12376,0.84909,83.11466,7.553008326247536,2.8136943331367603,0.0
18.8666,31.4728,41.84466,2816.71488,0.83208,83.13151,7.4639939184839195,2.7805341241347867,0.0
18.8711,31.51237,41.90525,2812.35963,0.81223,83.14834,7.377783344249857,2.748418416895873,0.0
18.87559,31.55188,41.96419,2808.05714,0.78963,83.16516,7.294505337391148,2.717395168164769,0.0
18.88006,31.59134,42.02128,2803.80642,0.76436,83.18196,7.214274955824432,2.6875072400427804,0.0
18.88451,31.63074,42.07634,2799.60639,0.73651,83.19875,7.1371944767838436,2.6587927334906976,0.0
18.88894,31.67008,42.12918,2795.45592,0.70618,83.21552,7.063354297155263,2.631285323726997,0.0
18.89336,31.70937,42.17964,2791.3538,0.67345,83.23228,6.9928338285092915,2.6050145936511706,0.0
18.89776,31.7486,42.22756,2787.29873,0.63843,83.24903,6.925702377810873,2.5800063619312357,0.0
18.90214,31.78778,42.27277,2783.28938,0.60122,83.26577,6.8620200061415115,2.556283002900357,0.0
18.90651,31.8269,42.31513,2779.32434,0.56192,83.28249,6.801838358935843,2.533863755841807,0.0
18.91086,31.86597,42.35449,2775.40218,0.52064,83.2992,6.74520146233813,2.512765021652723,0.0
18.91519,31.90499,42.39074,2771.52138,0.47748,83.3159,6.692146481336635,2.4930006452691007,0.0
18.9195,31.94395,42.42374,2767.68039,0.43255,83.33258,6.642704436150805,2.474582182538877,0.0
18.9238,31.98287,42.45339,2763.87762,0.38596,83.34926,6.596900874186443,2.4575191505429053,0.0
18.92808,32.02173,42.47956,2760.11145,0.33783,83.36592,6.554756495527051,2.4418192606069415,0.0
18.93234,32.06055,42.50218,2756.3802,0.28825,83.38257,6.516287730531181,2.4274886334718566,0.0
18.93659,32.09931,42.52114,2752.68216,0.23735,83.39921,6.481507268574051,2.414531996263795,0.0
18.94083,32.13802,42.53636,2749.0156,0.18524,83.41584,6.450424537385467,2.40295286106017,0.0
18.94504,32.17669,42.54778,2745.37873,0.13204,83.43245,6.423046132765658,2.3927536849701103,0.0
18.94924,32.21531,42.55532,2741.76974,0.07785,83.44906,6.3993761987296836,2.383936011748263,0.0
18.95342,32.25387,42.55894,2738.18681,0.02279,83.46565,6.379416758285526,2.3765005950183298,0.0
18.95759,32.29239,42.55858,2734.62805,-0.03301,83.48224,6.363167995256674,2.3704475032593963,0.0
18.96174,32.33087,42.5542,2731.09158,-0.08945,83.49881,6.3506284875922425,2.365776206720092,0.0
18.96588,32.36929,42.54577,2727.57547,-0.14642,83.51537,6.341795392715074,2.3624856464656334,0.0
18.97,32.40767,42.53328,2724.07776,-0.20378,83.53193,6.336664585462964,2.360574285764559,0.0
18.9741,32.446,42.51671,2720.59648,-0.26143,83.54847,6.335230749201865,2.3600401440307968,0.0
18.97819,32.48428,42.49604,2717.12961,-0.31925,83.565,6.33748742065314,2.360880813522996,0.0
18.98226,32.52252,42.47129,2713.67514,-0.37712,83.58152,6.343426988996337,2.3630934590102854,0.0
18.98632,32.56071,42.44246,2710.23099,-0.43493,83.59803,6.353040649763592,2.366674800596726,0.0
18.99036,32.59885,42.40958,2706.7951,-0.49255,83.61453,6.366318314031762,2.371621079892992,0.0
18.99439,32.63695,42.37267,2703.36535,-0.54988,83.63102,6.383248473413005,2.377928009721808,0.0
18.9984,32.675,42.33176,2699.93961,-0.60679,83.6475,6.403818021370692,2.3855907075534257,0.0
19.0024,32.71301,42.2869,2696.51574,-0.66316,83.66397,6.428012031411262,2.3946036128762542,0.0
19.00638,32.75097,42.23815,2693.09157,-0.71889,83.68043,6.455813492747713,2.404960388724555,0.0
19.01034,32.78888,42.18556,2689.6649,-0.77385,83.69688,6.487203004182894,2.4166538076419126,0.0
19.01429,32.82675,42.12919,2686.23354,-0.82793,83.71331,6.522158427039396,2.4296756223884888,0.0
19.01822,32.86457,42.06914,2682.79525,-0.88101,83.72974,6.560654498192005,2.4440164217854274,0.0
19.02214,32.90234,42.00547,2679.34779,-0.93297,83.74616,6.602662404471058,2.4596654721689095,0.0
19.02605,32.94007,41.93829,2675.88893,-0.98371,83.76256,6.648149320003977,2.4766105450377,0.0
19.02993,32.97775,41.86769,2672.41639,-1.03311,83.77896,6.697077908411099,2.4948377316079946,0.0
19.03381,33.01538,41.79377,2668.92792,-1.08105,83.79534,6.7494057921857324,2.514331245143531,0.0
19.03766,33.05297,41.71666,2665.42124,-1.12743,83.81171,6.805084992054061,2.5350732121024024,0.0
19.04151,33.09051,41.63648,2661.89409,-1.17213,83.82807,6.864061339667734,2.5570434533495923,0.0
19.04533,33.12799,41.55335,2658.3442,-1.21505,83.84442,6.926273867591757,2.5802192569114157,0.0
19.04915,33.16544,41.46742,2654.76932,-1.25608,83.86076,6.9916541811859725,2.6045751439848446,0.0
19.05294,33.20283,41.37882,2651.1672,-1.29511,83.87708,7.060125817771509,2.6300826302101434,0.0
19.05672,33.24017,41.2877,2647.53562,-1.33204,83.89339,7.131603599183028,2.656709984479551,0.0
19.06049,33.27747,41.19423,2643.87239,-1.36676,83.90969,7.205992984707232,2.684421987889849,0.0
19.06424,33.31471,41.09857,2640.17533,-1.39919,83.92598,7.283189432211156,2.713179695745838,0.0
19.06798,33.35191,41.00089,2636.44231,-1.42923,83.94226,7.36307777617038,2.7429402058594845,0.0
19.0717,33.38905,40.90135,2632.67125,-1.45679,83.95852,7.445531632167287,2.773656436709853,0.0
19.0754,33.42614,40.80016,2628.86011,-1.48178,83.97477,7.5304128382966455,2.805276919351985,0.0
19.07909,33.46318,40.69748,2625.00692,-1.50411,83.991,7.617570944720142,2.8377456072625358,0.0
19.08277,33.50017,40.59351,2621.10975,-1.52372,84.00722,7.7068427632978755,2.871001708565654,0.0
19.08643,33.5371,40.48845,2617.16679,-1.54052,84.02343,7.798051989909067,2.904979545337508,0.0
19.09007,33.57398,40.3825,2613.17628,-1.55446,84.03963,7.8910089125084495,2.939608444849612,0.0
19.0937,33.61081,40.27586,2609.13655,-1.56546,84.0558,7.985510218243864,2.9748126677150557,0.0
19.09731,33.64758,40.16873,2605.04607,-1.57348,84.07197,8.081338913105178,3.0105113779556048,0.0
19.10091,33.6843,40.06133,2600.90339,-1.57847,84.08812,8.178264367331561,3.0466186599171188,0.0
19.10449,33.72096,39.95387,2596.70719,-1.58038,84.10425,8.276042499388403,3.083043586805782,0.0
19.10806,33.75756,39.84656,2592.45628,-1.57919,84.12037,8.374416110530484,3.1196903453216955,0.0
19.11161,33.7941,39.73961,2588.14961,-1.57488,84.13647,8.47311538084053,3.1564584204462833,0.0
19.11514,33.83059,39.63323,2583.78628,-1.56742,84.15255,8.571858536111057,3.193242843873334,0.0
19.11866,33.86702,39.52765,2579.36555,-1.55682,84.16862,8.67035269310825,3.2299345088920277,0.0
19.12217,33.90338,39.42307,2574.88684,-1.54307,84.18467,8.768294888444508,3.266420553669039,0.0
19.12566,33.93969,39.31971,2570.34976,-1.52619,84.2007,8.865373293650745,3.3025848138949305,0.0
19.12913,33.97593,39.21777,2565.75408,-1.50621,84.21672,8.96126861610308,3.338308344666213,0.0
19.13259,34.01211,39.11745,2561.09977,-1.48316,84.23271,9.05565568209944,3.37347001022303,0.0
19.13603,34.04823,39.01897,2556.38699,-1.45709,84.24869,9.148205194874773,3.407947138856077,0.0
19.13945,34.08428,38.9225,2551.61609,-1.42805,84.26465,9.238585656574115,3.441616238892151,0.0
19.14286,34.12027,38.82826,2546.78765,-1.39611,84.28059,9.326465439381991,3.474353770244331,0.0
19.14626,34.1562,38.73641,2541.90242,-1.36136,84.29651,9.411514987154034,3.506036964577698,0.0
19.14964,34.19205,38.64714,2536.96137,-1.32388,84.31241,9.493409125131134,3.536544685738621,0.0
19.153,34.22784,38.56062,2531.96567,-1.28378,84.32829,9.571829451819514,3.56575832079302,0.0
19.15635,34.26356,38.47702,2526.91669,-1.24118,84.34415,9.64646678388573,3.5935626908140827,0.0
19.15968,34.29921,38.39647,2521.81602,-1.19618,84.35998,9.717023622226545,3.619846969558183,0.0
19.16299,34.33479,38.31913,2516.66542,-1.14894,84.3758,9.783216605144158,3.6445055973371936,0.0
19.16629,34.37031,38.24512,2511.46685,-1.09958,84.3916,9.844778913082466,3.6674391768460217,0.0
19.16957,34.40575,38.17458,2506.22246,-1.04828,84.40737,9.901462588602294,3.6885553374144218,0.0
19.17284,34.44112,38.1076,2500.93455,-0.99519,84.42312,9.953040735363212,3.70776955418558,0.0
19.17609,34.47641,38.0443,2495.60561,-0.94048,84.43885,9.99930956073523,3.725005909042722,0.0
19.17932,34.51163,37.98474,2490.23826,-0.88433,84.45456,10.040090228490028,3.7401977807853295,0.0
19.18254,34.54678,37.92902,2484.83527,-0.82693,84.47024,10.07523049065123,3.7532884530363213,0.0
19.18574,34.58186,37.87718,2479.39953,-0.76847,84.4859,10.104606070950892,3.764231629615981,0.0
19.18893,34.61686,37.82927,2473.93405,-0.70914,84.50154,10.128121776575513,3.7729918486966056,0.0
19.1921,34.65179,37.78533,2468.44192,-0.64915,84.51715,10.145712319564408,3.7795447887950098,0.0
19.19526,34.68664,37.74538,2462.92633,-0.58869,84.53274,10.157342834558598,3.783877461647612,0.0
19.1984,34.72141,37.70941,2457.39051,-0.52798,84.54831,10.163009085125095,3.785988289071658,0.0
19.20152,34.75611,37.67744,2451.83776,-0.46722,84.56385,10.162737356706133,3.7858870630859895,0.0
19.20463,34.79073,37.64942,2446.27138,-0.40662,84.57937,10.156584040022492,3.783594790717827,0.0
19.20772,34.82527,37.62534,2440.69471,-0.34638,84.59487,10.144634914382594,3.779143427016548,0.0
19.21079,34.85974,37.60514,2435.11108,-0.2867,84.61034,10.127004145731577,3.772575501800601,0.0
19.21385,34.89413,37.58876,2429.52378,-0.22779,84.62578,10.103833019113965,3.763943647466508,0.0
19.21689,34.92844,37.57614,2423.93609,-0.16984,84.64121,10.075288429545717,3.753310036798981,0.0
19.21992,34.96268,37.56718,2418.35123,-0.11304,84.6566,10.041561158937549,3.7407457410795413,0.0
19.22294,34.99684,37.56179,2412.77235,-0.05758,84.67198,10.002863969559947,3.7263300198520537,0.0
19.22593,35.03092,37.55987,2407.20253,-0.00363,84.68733,9.959429546606378,3.7101495544734004,0.0
19.22891,35.06492,37.56129,2401.64474,0.04863,84.70265,9.911508323705396,3.6922976380595256,0.0
19.23188,35.09885,37.56594,2396.10188,0.09905,84.71795,9.859366225645992,3.672873334591228,0.0
19.23483,35.1327,37.57367,2390.57671,0.14746,84.73323,9.803282362224667,3.651980619811527,0.0
19.23776,35.16647,37.58435,2385.07188,0.19372,84.74848,9.743546706140007,3.629727516180286,0.0
19.24068,35.20017,37.59781,2379.58992,0.23771,84.76371,9.680457786105537,3.6062252334980562,0.0
19.24359,35.23379,37.61391,2374.1332,0.27928,84.77892,9.614320424171384,3.58158732599886,0.0
19.24648,35.26733,37.63247,2368.70397,0.31834,84.7941,9.545443543514805,3.5559288756944856,0.0
19.24935,35.3008,37.65333,2363.30434,0.35476,84.80926,9.474138069952946,3.529365710632768,0.0
19.25221,35.3342,37.67631,2357.93625,0.38847,84.8244,9.400714947170039,3.502013665517507,0.0
19.25506,35.36752,37.70123,2352.60149,0.41937,84.83951,9.325483282222326,3.4739878908602457,0.0
19.25789,35.40076,37.72791,2347.30172,0.4474,84.8546,9.24874863449661,3.445402215572323,0.0
19.2607,35.43394,37.75616,2342.03844,0.47249,84.86967,9.170811457843381,3.4163685666184613,0.0
19.26351,35.46703,37.78579,2336.81297,0.4946,84.88471,9.091965702405545,3.386996448161186,0.0
19.26629,35.50006,37.81661,2331.62652,0.51367,84.89974,9.012497579565602,3.3573924814711544,0.0
19.26907,35.53301,37.84844,2326.48013,0.52969,84.91474,8.932684490616625,3.3276600058289025,0.0
19.27182,35.5659,37.88107,2321.37469,0.54263,84.92972,8.852794117188473,3.2978987396846824,0.0
19.27457,35.59871,37.91433,2316.31096,0.55248,84.94467,8.77308366927819,3.268204500529992,0.0
19.2773,35.63145,37.94801,2311.28955,0.55925,84.95961,8.69379928474088,3.2386689811921365,0.0
19.28001,35.66412,37.98194,2306.31095,0.56293,84.97452,8.615175572551335,3.2093795796871603,0.0
19.28272,35.69673,38.01593,2301.37551,0.56355,84.98942,8.537435290853857,3.1804192792849335,0.0
19.2854,35.72926,38.04979,2296.48343,0.56113,85.00429,8.4607891498242,3.1518665750700423,0.0
19.28808,35.76173,38.08334,2291.63484,0.5557,85.01915,8.385435728697532,3.1237954430325248,0.0
19.29074,35.79413,38.11641,2286.8297,0.54731,85.03398,8.311561495879,3.0962753475595717,0.0
19.29339,35.82646,38.14882,2282.06789,0.53601,85.04879,8.23934092085383,3.0693712831250037,0.0
19.29602,35.85873,38.1804,2277.34918,0.52184,85.06359,8.168936666651502,3.043143845987221,0.0
19.29864,35.89093,38.21099,2272.67322,0.50487,85.07836,8.100499851749026,3.017649331755076,0.0
19.30125,35.92307,38.24042,2268.03958,0.48517,85.09312,8.034170370709017,2.992939854833991,0.0
19.30385,35.95514,38.26855,2263.44772,0.46281,85.10786,7.970077263227204,2.969063485905864,0.0
19.30643,35.98715,38.29522,2258.89705,0.43787,85.12257,7.908339121883824,2.9460644038271915,0.0
19.309,36.01909,38.32029,2254.38684,0.41043,85.13727,7.849064529431576,2.9239830585303377,0.0
19.31155,36.05098,38.34362,2249.91632,0.38058,85.15195,7.792352517191223,2.9028563417879587,0.0
19.3141,36.0828,38.36508,2245.48463,0.34842,85.16662,7.738293036735748,2.8827177629277587,0.0
19.31663,36.11456,38.38455,2241.09085,0.31402,85.18126,7.686967437829508,2.8635976268774006,0.0
19.31914,36.14626,38.40189,2236.73397,0.27751,85.19589,7.638448946191069,2.845523212143736,0.0
19.32165,36.1779,38.41701,2232.41294,0.23898,85.2105,7.592803135397293,2.8285189466094907,0.0
19.32414,36.20948,38.42979,2228.12663,0.19853,85.2251,7.5500883878681355,2.8126065792622312,0.0
19.32662,36.241,38.44014,2223.87387,0.15627,85.23967,7.5103563404929226,2.79780534620188,0.0
19.32909,36.27246,38.44796,2219.65341,0.11232,85.25423,7.473652311049726,2.784132129493153,0.0
19.33155,36.30387,38.45317,2215.46398,0.06679,85.26877,7.440015702120971,2.7716016076347456,0.0
19.33399,36.33521,38.45568,2211.30423,0.01979,85.2833,7.409480379676023,2.7602263965913156,0.0
19.33643,36.3665,38.45544,2207.17278,-0.02855,85.29781,7.382075024020559,2.7500171805313505,0.0
19.33885,36.39773,38.45236,2203.06821,-0.07813,85.3123,7.357823451122622,2.7409828315295823,0.0
19.34125,36.42891,38.44641,2198.98904,-0.12881,85.32678,7.33674490283213,2.7331305176813903,0.0
19.34365,36.46002,38.43752,2194.93376,-0.18048,85.34124,7.318854304734403,2.72646579916002,0.0
19.34603,36.49109,38.42565,2190.90081,-0.23302,85.35568,7.304162490761428,2.7209927118901964,0.0
19.34841,36.52209,38.41077,2186.88863,-0.2863,85.37011,7.292676393928387,2.7167138386024923,0.0
19.35077,36.55304,38.39286,2182.89558,-0.34019,85.38453,7.284399202816482,2.7136303671273025,0.0
19.35312,36.58393,38.37189,2178.92002,-0.39457,85.39892,7.279330483650038,2.711742135871774,0.0
19.35546,36.61477,38.34784,2174.96025,-0.44931,85.4133,7.277466268030466,2.711047666503018,0.0
19.35778,36.64556,38.32072,2171.01457,-0.5043,85.42767,7.278799106561978,2.711544183925098,0.0
19.3601,36.67629,38.29052,2167.08124,-0.55939,85.44202,7.283318088827153,2.713227623720456,0.0
19.3624,36.70696,38.25725,2163.1585,-0.61447,85.45635,7.291008830310191,2.7160926272784747,0.0
19.36469,36.73758,38.22093,2159.24455,-0.66941,85.47067,7.301853427063705,2.720132524907672,0.0
19.36697,36.76815,38.18158,2155.33759,-0.72407,85.48497,7.315830379091482,2.7253393072937597,0.0
19.36924,36.79866,38.13923,2151.43579,-0.77835,85.49926,7.3329144836210025,2.7317035857408496,0.0
19.3715,36.82911,38.09392,2147.53731,-0.8321,85.51353,7.353076699594622,2.7392145416908527,0.0
19.37375,36.85951,38.04568,2143.6403,-0.88521,85.52779,7.376283984972871,2.7478598661146787,0.0
19.37598,36.88986,37.99458,2139.74286,-0.93755,85.54203,7.4024991086258884,2.7576256894368436,0.0
19.37821,36.92016,37.94067,2135.84314,-0.989,85.55626,7.431680438846023,2.768496502750852,0.0
19.38042,36.95039,37.88401,2131.93925,-1.03944,85.57046,7.463781710776005,2.780455071180068,0.0
19.38262,36.98058,37.82467,2128.02928,-1.08875,85.58466,7.498751775317294,2.793482340339473,0.0
19.38481,37.01071,37.76273,2124.11136,-1.1368,85.59884,7.536534332389109,2.8075573369676308,0.0
19.38699,37.04078,37.69827,2120.18359,-1.18348,85.613,7.577067651722589,2.82265706491517,0.0
19.38916,37.0708,37.63139,2116.2441,-1.22868,85.62714,7.6202842846853915,2.838756397791862,0.0
19.39132,37.10077,37.56217,2112.29102,-1.27228,85.64127,7.6661107710306275,2.855827969722886,0.0
19.39347,37.13067,37.49072,2108.32248,-1.31418,85.65538,7.7144673447328636,2.8738420657649977,0.0
19.3956,37.16053,37.41714,2104.33666,-1.35427,85.66948,7.765267643520937,2.892766513699861,0.0
19.39773,37.19033,37.34156,2100.33175,-1.39243,85.68356,7.8184184270045645,2.912566579028792,0.0
19.39984,37.22007,37.26407,2096.30595,-1.42859,85.69762,7.873819308671375,2.9332048651346048,0.0
19.40195,37.24975,37.18481,2092.25751,-1.46262,85.71167,7.931362507348598,2.9546412206945494,0.0
19.40404,37.27938,37.1039,2088.18472,-1.49446,85.7257,7.990932624002713,2.9768326565323084,0.0
19.40612,37.30895,37.02147,2084.08592,-1.524,85.73971,8.052406450051214,2.9997332742090848,0.0
19.40819,37.33847,36.93766,2079.95948,-1.55116,85.75371,8.115652813498597,3.023294208705211,0.0
19.41025,37.36792,36.85261,2075.80383,-1.57586,85.76769,8.180532469423143,3.0474635876235907,0.0
19.4123,37.39732,36.76645,2071.61747,-1.59804,85.78165,8.24689804133253,3.072186509343126,0.0
19.41433,37.42666,36.67934,2067.39897,-1.61762,85.79559,8.314594019937985,3.097405042562055,0.0
19.41636,37.45594,36.59142,2063.14695,-1.63454,85.80951,8.383456825697905,3.123058249597092,0.0
19.41838,37.48516,36.50284,2058.86014,-1.64875,85.82342,8.453314941288928,3.149082235732392,0.0
19.42038,37.51432,36.41376,2054.53732,-1.66021,85.83731,8.523989119747604,3.1754102267577995,0.0
19.42238,37.54342,36.32432,2050.1774,-1.66886,85.85118,8.595292673503074,3.201972676641124,0.0
19.42436,37.57246,36.23469,2045.77935,-1.67469,85.86503,8.667031848874691,3.2286974070383567,0.0
19.42633,37.60144,36.14501,2041.34227,-1.67765,85.87886,8.7390062897812,3.2555097800375457,0.0
19.42829,37.63036,36.05545,2036.86535,-1.67775,85.89267,8.811009593436873,3.282332905170223,0.0
19.43024,37.65921,35.96616,2032.34791,-1.67496,85.90646,8.882829959702821,3.309087881311856,0.0
19.43218,37.688,35.87729,2027.78938,-1.6693,85.92023,8.954250934501042,3.335694073623138,0.0
19.43411,37.71673,35.789,2023.18931,-1.66077,85.93399,9.025052246325972,3.362069425172554,0.0
19.43603,37.74539,35.70143,2018.54738,-1.64939,85.94772,9.095010733371554,3.3881308023156107,0.0
19.43794,37.77399,35.61474,2013.86341,-1.63518,85.96143,9.16390135722772,3.4137943723234376,0.0
19.43983,37.80252,35.52908,2009.13734,-1.6182,85.97512,9.231498297465123,3.438976011144411,0.0
19.44172,37.83099,35.44458,2004.36926,-1.59848,85.98879,9.297576119714954,3.463591738544612,0.0
19.44359,37.85939,35.36139,1999.55939,-1.57608,86.00244,9.361911008271376,3.4875581772846744,0.0
19.44546,37.88773,35.27964,1994.70809,-1.55108,86.01607,9.424282052527815,3.5107930323511387,0.0
19.44731,37.91599,35.19945,1989.81587,-1.52355,86.02967,9.484472575143364,3.5332155857333953,0.0
19.44915,37.94419,35.12096,1984.88338,-1.49357,86.04325,9.542271488364626,3.5547472016892496,0.0
19.45099,37.97232,35.04428,1979.91139,-1.46125,86.05682,9.597474663780153,3.5753118370144947,0.0
19.45281,38.00038,34.96953,1974.90083,-1.42668,86.07035,9.649886299769538,3.5948365504536786,0.0
19.45462,38.02837,34.89681,1969.85276,-1.38999,86.08387,9.699320270178632,3.6132520051171086,0.0
19.45642,38.05629,34.82621,1964.76835,-1.35129,86.09736,9.745601437317763,3.6304929576072307,0.0
19.4582,38.08414,34.75783,1959.64894,-1.31072,86.11083,9.788566912241842,3.6464987275061334,0.0
19.45998,38.11191,34.69176,1954.49595,-1.26842,86.12428,9.82806724549368,3.6612136409587603,0.0
19.46175,38.13962,34.62806,1949.31093,-1.22453,86.13771,9.863967532006773,3.674587442278276,0.0
19.4635,38.16725,34.56681,1944.09554,-1.1792,86.15111,9.896148414817585,3.6865756678552897,0.0
19.46525,38.19481,34.50805,1938.85155,-1.1326,86.16448,9.924506973356,3.697139977069431,0.0
19.46698,38.2223,34.45185,1933.58082,-1.08489,86.17783,9.948957483765804,3.706248435528731,0.0
19.46871,38.24971,34.39824,1928.28528,-1.03623,86.19116,9.969432040336851,3.713875746569451,0.0
19.47042,38.27705,34.34724,1922.96695,-0.98681,86.20447,9.985881029371539,3.720003427783822,0.0
19.47212,38.30432,34.29889,1917.62792,-0.93679,86.21775,9.99827344891523,3.7246199301280285,0.0
19.47381,38.33151,34.25319,1912.27033,-0.88636,86.231,10.006597070265206,3.7277206980885538,0.0
19.47549,38.35862,34.21014,1906.89637,-0.83569,86.24423,10.010858439559913,3.729308170274206,0.0
19.47717,38.38566,34.16975,1901.50826,-0.78496,86.25744,10.011082720347936,3.729391720768927,0.0
19.47883,38.41263,34.13199,1896.10826,-0.73436,86.27062,10.007313380413938,3.727987542466211,0.0
19.48047,38.43952,34.09683,1890.69863,-0.68406,86.28377,9.999611728513045,3.7251184744904697,0.0
19.48211,38.46633,34.06426,1885.28166,-0.63425,86.29691,9.98805630891301,3.7208137766480687,0.0
19.48374,38.49307,34.03421,1879.85961,-0.58509,86.31001,9.972742163621136,3.7151088545874322,0.0
19.48536,38.51973,34.00665,1874.43474,-0.53677,86.32309,9.953779973936859,3.7080449400048012,0.0
19.48697,38.54632,33.98151,1869.00929,-0.48944,86.33615,9.931295094456638,3.699668730785634,0.0
19.48857,38.57282,33.95873,1863.58547,-0.44328,86.34918,9.905426493880261,3.6900319964270887,0.0
19.49015,38.59926,33.93823,1858.16543,-0.39844,86.36219,9.876325617761236,3.6791911543826186,0.0
19.49173,38.62561,33.91993,1852.7513,-0.35507,86.37517,9.844155188965225,3.6672068232011807,0.0
19.4933,38.6519,33.90375,1847.34514,-0.31332,86.38812,9.809087961756273,3.6541433583915675,0.0
19.49485,38.6781,33.8896,1841.94894,-0.27333,86.40106,9.771305445402449,3.6400683769319326,0.0
19.4964,38.70423,33.87736,1836.56464,-0.23523,86.41396,9.730996612756366,3.625052276182049,0.0
19.49794,38.73028,33.86694,1831.19408,-0.19915,86.42684,9.688356608693448,3.609167752742583,0.0
19.49946,38.75626,33.85823,1825.83904,-0.16519,86.4397,9.643585472375193,3.5924893264645394,0.0
19.50098,38.78216,33.85111,1820.50122,-0.13348,86.45253,9.59688688626417,3.5750928744244335,0.0
19.50248,38.80799,33.84546,1815.18221,-0.10409,86.46534,9.548466963599948,3.5570551792271714,0.0
19.50398,38.83375,33.84117,1809.88352,-0.07714,86.47813,9.498533084688965,3.5384534954934033,0.0
19.50547,38.85942,33.83811,1804.60656,-0.05269,86.49089,9.447292790968223,3.519365137869158,0.0
19.50695,38.88503,33.83615,1799.35266,-0.03081,86.50362,9.394952744315232,3.4998670933414093,0.0
19.50841,38.91056,33.83517,1794.12304,-0.01157,86.51633,9.34171775760506,3.4800356600950697,0.0
19.50987,38.93602,33.83502,1788.91882,0.00498,86.52902,9.287789901082634,3.4599461146131634,0.0
19.51132,38.9614,33.83559,1783.74101,0.01879,86.54168,9.233367687708807,3.4396724081968,0.0
19.51276,38.98671,33.83673,1778.59055,0.02984,86.55432,9.178645339282482,3.419286893576351,0.0
19.51419,39.01195,33.83832,1773.46824,0.0381,86.56694,9.123812133951871,3.3988600818422356,0.0
19.51561,39.03712,33.84023,1768.37483,0.04355,86.57953,9.069051834552155,3.3784604294856497,0.0
19.51702,39.06221,33.84231,1763.31092,0.04618,86.5921,9.014542196220123,3.3581541549720657,0.0
19.51842,39.08723,33.84445,1758.27704,0.04601,86.60465,8.960454550842647,3.3380050839373556,0.0
19.51982,39.11219,33.8465,1753.27364,0.04303,86.61718,8.90695346511897,3.3180745218069996,0.0
19.5212,39.13707,33.84836,1748.30104,0.03726,86.62968,8.854196468391653,3.2984211524059477,0.0
19.52257,39.16188,33.84987,1743.3595,0.02874,86.64216,8.802333845887961,3.279100960935598,0.0
19.52394,39.18662,33.85094,1738.44917,0.01749,86.65462,8.751508492616892,3.2601671795465954,0.0
19.5253,39.2113,33.85143,1733.57012,0.00356,86.66705,8.70185582287435,3.2416702536271313,0.0
19.52664,39.2359,33.85122,1728.72234,-0.013,86.67946,8.653503730144518,3.223657826865141,0.0
19.52798,39.26044,33.85021,1723.90573,-0.03215,86.69186,8.606572592069348,3.20617474309958,0.0
19.52931,39.28491,33.84828,1719.12012,-0.05382,86.70423,8.561175315187292,3.1892630629867713,0.0
19.53064,39.30931,33.84533,1714.36524,-0.07794,86.71657,8.517417414172867,3.1729620935192298,0.0
19.53195,39.33365,33.84125,1709.64078,-0.10445,86.7289,8.475397120454428,3.1573084284886423,0.0
19.53325,39.35792,33.83595,1704.94632,-0.13325,86.74121,8.435205515264563,3.142335998050641,0.0
19.53455,39.38212,33.82933,1700.2814,-0.16428,86.75349,8.396926682405477,3.1280761256339225,0.0
19.53584,39.40626,33.8213,1695.64549,-0.19743,86.76576,8.360637876241997,3.1145575905220717,0.0
19.53712,39.43033,33.81177,1691.03798,-0.23262,86.778,8.326409700756583,3.101806694556256,0.0
19.53839,39.45433,33.80068,1686.4582,-0.26975,86.79022,8.294306295755735,3.089847331502017,0.0
19.53965,39.47828,33.78793,1681.90543,-0.30872,86.80243,8.264385526674394,3.078701057756402,0.0
19.54091,39.50216,33.77347,1677.3789,-0.34942,86.81461,8.23669917469156,3.068387163171033,0.0
19.54215,39.52597,33.75722,1672.87777,-0.39175,86.82677,8.211293124255418,3.0589227409101523,0.0
19.54339,39.54972,33.73913,1668.40115,-0.43559,86.83892,8.188207545364433,3.0503227553551224,0.0
19.54462,39.57341,33.71915,1663.94811,-0.48082,86.85104,8.167477068320968,3.0426001072047537,0.0
19.54584,39.59703,33.69723,1659.51765,-0.52735,86.86314,8.149130948961968,3.0357656950280743,0.0
19.54706,39.6206,33.67332,1655.10877,-0.57503,86.87522,8.133193222643802,3.0298284726277394,0.0
19.54827,39.6441,33.64738,1650.72038,-0.62376,86.88729,8.119682845608644,3.0247955017027293,0.0
19.54946,39.66754,33.6194,1646.35137,-0.6734,86.89933,8.108613822570753,3.02067199937759,0.0
19.55066,39.69091,33.58933,1642.0006,-0.72384,86.91136,8.099995319681156,3.0174613802847574,0.0
19.55184,39.71423,33.55716,1637.66688,-0.77495,86.92336,8.093831762248303,3.0151652929680632,0.0
19.55301,39.73748,33.52288,1633.34899,-0.8266,86.93535,8.090122916896858,3.0137836504890547,0.0
19.55418,39.76068,33.48647,1629.04568,-0.87866,86.94732,8.08886395800629,3.013314655177116,0.0
19.55534,39.78381,33.44793,1624.75568,-0.93101,86.95926,8.090045518573012,3.0137548175769506,0.0
19.5565,39.80688,33.40727,1620.47768,-0.98351,86.97119,8.09365372585232,3.015098969726139,0.0
19.55764,39.82989,33.36449,1616.21036,-1.03604,86.9831,8.099670222304049,3.017340272957957,0.0
19.55878,39.85284,33.31961,1611.95236,-1.08847,86.99499,8.108072172644492,3.0204702205283915,0.0
19.55991,39.87573,33.27263,1607.70232,-1.14067,87.00686,8.118832257966991,3.024478635425906,0.0
19.56103,39.89857,33.2236,1603.45886,-1.19252,87.01872,8.13191865812791,3.0293536638097596,0.0
19.56215,39.92134,33.17253,1599.22058,-1.24388,87.03055,8.147295023750944,3.0350817645808683,0.0
19.56325,39.94405,33.11946,1594.98607,-1.29463,87.04237,8.164920439446494,3.041647695680058,0.0
19.56435,39.9667,33.06444,1590.75392,-1.34465,87.05416,8.184749379979127,3.0490344977592887,0.0
19.56545,39.98929,33.00749,1586.52271,-1.39382,87.06594,8.206731661334427,3.0572234759527706,0.0
19.56653,40.01182,32.94868,1582.29102,-1.44201,87.0777,8.230812388784733,3.0661941805300814,0.0
19.56761,40.03429,32.88805,1578.05743,-1.48911,87.08943,8.256931904241485,3.0759243872835342,0.0
19.56868,40.0567,32.82567,1573.82052,-1.53501,87.10115,8.285025735304574,3.0863900785477183,0.0
19.56975,40.07905,32.7616,1569.5789,-1.57958,87.11285,8.315024548601144,3.097565425816973,0.0
19.5708,40.10133,32.6959,1565.33116,-1.62272,87.12454,8.346854110086554,3.1094227749564536,0.0
19.57185,40.12356,32.62864,1561.07594,-1.66433,87.1362,8.380435255150346,3.1219326350658196,0.0
19.5729,40.14573,32.5599,1556.81187,-1.70431,87.14784,8.415683871359557,3.1350636720506615,0.0
19.57393,40.16784,32.48976,1552.53761,-1.74254,87.15946,8.452510896855609,3.148782708025298,0.0
19.57496,40.18989,32.4183,1548.25187,-1.77895,87.17107,8.490822337334816,3.1630547276384697,0.0
19.57598,40.21187,32.3456,1543.95335,-1.81344,87.18265,8.53051930462666,3.177842892444753,0.0
19.577,40.2338,32.27175,1539.64082,-1.84593,87.19422,8.571498079802682,3.1931085644142874,0.0
19.578,40.25566,32.19685,1535.31307,-1.87634,87.20576,8.613650203659944,3.208811339640245,0.0
19.57901,40.27747,32.12098,1530.96894,-1.9046,87.21729,8.65686259735845,3.2249090932794457,0.0
19.58,40.29921,32.04423,1526.60731,-1.93063,87.22879,8.701017715752561,3.2413580366723393,0.0
19.58099,40.32089,31.96672,1522.22711,-1.95439,87.24028,8.745993735756214,3.2581127875140075,0.0
19.58197,40.34251,31.88852,1517.82735,-1.9758,87.25174,8.791664781857023,3.2751264538641034,0.0
19.58294,40.36406,31.80976,1513.40705,-1.99483,87.26319,8.8379011904788,3.2923507326288424,0.0
19.5839,40.38555,31.73052,1508.96534,-2.01144,87.27461,8.88456981460224,3.3097360230402275,0.0
19.58486,40.40698,31.6509,1504.50139,-2.02559,87.28602,8.93153436954856,3.327231555469542,0.0
19.58582,40.42835,31.57102,1500.01444,-2.03725,87.2974,8.978655820404063,3.344785535753207,0.0
19.58676,40.44965,31.49096,1495.50381,-2.04641,87.30876,9.025792811002493,3.362345304999989,0.0
19.5877,40.47089,31.41084,1490.96889,-2.05305,87.3201,9.072802133828622,3.3798575146424463,0.0
19.58863,40.49206,31.33075,1486.40916,-2.05718,87.33143,9.119539239588729,3.3972683162653485,0.0
19.58956,40.51317,31.2508,1481.82416,-2.0588,87.34273,9.165858784594816,3.414523565520694,0.0
19.59047,40.53422,31.17108,1477.21354,-2.05792,87.354,9.211615213416081,3.431569039180715,0.0
19.59139,40.5552,31.09169,1472.57701,-2.05457,87.36526,9.25666337365984,3.4483506641599466,0.0
19.59229,40.57611,31.01273,1467.9144,-2.04877,87.3765,9.30085915903269,3.464814757072433,0.0
19.59319,40.59696,30.93429,1463.22559,-2.04058,87.38771,9.344060176261683,3.4809082726774063,0.0
19.59408,40.61775,30.85646,1458.51057,-2.03003,87.3989,9.386126430845131,3.4965790593395116,0.0
19.59496,40.63846,30.77932,1453.76944,-2.01718,87.41007,9.426921026032018,3.5117761194170267,0.0
19.59584,40.65911,30.70297,1449.00235,-2.0021,87.42122,9.466310868993615,3.5264498723293656,0.0
19.59671,40.67969,30.62748,1444.20958,-1.98486,87.43234,9.504167377674289,3.540552417877607,0.0
19.59758,40.70021,30.55293,1439.39146,-1.96555,87.44345,9.540367181558175,3.554037797298519,0.0
19.59844,40.72065,30.4794,1434.54845,-1.94425,87.45453,9.574792809291774,3.566862249422064,0.0
19.59929,40.74103,30.40695,1429.68107,-1.92105,87.46558,9.60733335602267,3.578984459272637,0.0
19.60013,40.76134,30.33564,1424.78994,-1.89607,87.47662,9.637885123287328,3.590365796444098,0.0
19.60097,40.78158,30.26554,1419.87575,-1.86941,87.48763,9.666352224420638,3.600970540630766,0.0
19.6018,40.80175,30.1967,1414.93928,-1.8412,87.49862,9.692647148628215,3.6107660917591833,0.0
19.60263,40.82185,30.12917,1409.98139,-1.81155,87.50958,9.716691277307925,3.6197231623314754,0.0
19.60345,40.84188,30.063,1405.003,-1.78059,87.52053,9.738415346578828,3.627815949729551,0.0
19.60426,40.86185,29.99822,1400.00511,-1.74847,87.53144,9.757759850641138,3.635022286477296,0.0
19.60507,40.88174,29.93486,1394.98879,-1.71531,87.54234,9.774675381187638,3.641323766680263,0.0
19.60587,40.90156,29.87295,1389.95515,-1.68126,87.55321,9.789122898923415,3.646705847173908,0.0
19.60666,40.92131,29.81252,1384.90538,-1.64648,87.56406,9.80107393405021,3.6511579222092996,0.0
19.60745,40.94098,29.75358,1379.8407,-1.6111,87.57488,9.810510713479832,3.654673370843444,0.0
19.60823,40.96059,29.69614,1374.7624,-1.57528,87.58568,9.817426213478736,3.6572495765507913,0.0
19.609,40.98013,29.6402,1369.67178,-1.53918,87.59646,9.821824137383189,3.658887918921542,0.0
19.60977,40.99959,29.58577,1364.57021,-1.50294,87.60721,9.823718819043666,3.659593737692145,0.0
19.61053,41.01898,29.53283,1359.45904,-1.46673,87.61794,9.823135053498078,3.659376269666617,0.0
19.61129,41.0383,29.48137,1354.3397,-1.4307,87.62864,9.820107857343176,3.6582485594485914,0.0
19.61204,41.05755,29.43138,1349.21359,-1.39501,87.63932,9.81468216212179,3.656227345219992,0.0
19.61278,41.07672,29.38282,1344.08214,-1.3598,87.64997,9.806912444768384,3.653332921072282,0.0
19.61352,41.09582,29.33568,1338.94679,-1.32523,87.6606,9.796862299895961,3.649588977672078,0.0
19.61425,41.11485,29.28991,1333.80897,-1.29144,87.67121,9.784603959290708,3.645022423260268,0.0
19.61497,41.13381,29.24548,1328.67012,-1.25858,87.68179,9.770217764441268,3.6396631871552847,0.0
19.61569,41.15269,29.20235,1323.53165,-1.2268,87.69235,9.7537915983664,3.633544008093955,0.0
19.6164,41.17151,29.16045,1318.39497,-1.19623,87.70288,9.735420283229267,3.62670020982698,0.0
19.61711,41.19024,29.11976,1313.26146,-1.16699,87.71339,9.715204950413915,3.619169466455843,0.0
19.61781,41.20891,29.0802,1308.13248,-1.13923,87.72388,9.693252389735157,3.610991559996372,0.0
19.6185,41.22751,29.04171,1303.00936,-1.11305,87.73434,9.669674384488358,3.602208132667284,0.0
19.61919,41.24603,29.00424,1297.89339,-1.08857,87.74477,9.644587038756272,3.5928624362942894,0.0
19.61987,41.26448,28.96772,1292.78583,-1.0659,87.75519,9.618110103255841,3.5829990811702785,0.0
19.62055,41.28285,28.93207,1287.68789,-1.04515,87.76557,9.590366305613724,3.5726637865653403,0.0
19.62122,41.30116,28.89723,1282.60075,-1.02641,87.77594,9.561480690568866,3.5619031349348567,0.0
19.62189,41.31939,28.86312,1277.52554,-1.00975,87.78628,9.531579975159342,3.550764331709638,0.0
19.62255,41.33755,28.82966,1272.46332,-0.99527,87.79659,9.50079192343383,3.5392949723594898,0.0
19.6232,41.35564,28.79678,1267.41513,-0.98304,87.80689,9.469244744699564,3.5275428182247466,0.0
19.62385,41.37366,28.7644,1262.38192,-0.97311,87.81716,9.437066518767255,3.515555582404882,0.0
19.62449,41.39161,28.73244,1257.36461,-0.96555,87.8274,9.404384651081944,3.503380726780412,0.0
19.62513,41.40948,28.70081,1252.36407,-0.9604,87.83762,9.371325360073627,3.491065271037517,0.0
19.62576,41.42729,28.66944,1247.38107,-0.9577,87.84782,9.338013198515357,3.4786556143613403,0.0
19.62639,41.44502,28.63824,1242.41636,-0.95748,87.85799,9.304570610120031,3.466197370256622,0.0
19.62701,41.46269,28.60713,1237.47061,-0.95977,87.86814,9.271117522126131,3.453735214775175,0.0
19.62762,41.48028,28.57603,1232.54443,-0.96458,87.87827,9.237770974173484,3.4413127482623316,0.0
19.62823,41.49781,28.54485,1227.63838,-0.97191,87.88838,9.204644783257473,3.4289723705435784,0.0
19.62884,41.51526,28.51353,1222.75295,-0.98177,87.89846,9.1718492442575,3.416755169363524,0.0
19.62944,41.53265,28.48197,1217.88856,-0.99415,87.90851,9.139490865105481,3.404700821729201,0.0
19.63003,41.54996,28.45011,1213.04558,-1.00902,87.91855,9.107672135404458,3.392847507714405,0.0
19.63062,41.56721,28.41786,1208.22432,-1.02638,87.92856,9.076491327023508,3.3812318361760565,0.0
19.63121,41.58439,28.38516,1203.42501,-1.04618,87.93855,9.046042325008102,3.369888781763858,0.0
19.63178,41.6015,28.35192,1198.64785,-1.06838,87.94852,9.016414486932034,3.3588516325251856,0.0
19.63236,41.61854,28.31809,1193.89296,-1.09295,87.95847,8.98769252874128,3.3481519473789274,0.0
19.63293,41.63552,28.28358,1189.1604,-1.11983,87.96839,8.959956435005198,3.3378195226816896,0.0
19.63349,41.65243,28.24834,1184.45019,-1.14896,87.97829,8.933281391469983,3.3278823671021858,0.0
19.63405,41.66927,28.21231,1179.76227,-1.18028,87.98817,8.907737737775575,3.31836668400704,0.0
19.6346,41.68605,28.17542,1175.09656,-1.21372,87.99803,8.883390938218252,3.3092968605690865,0.0
19.63515,41.70276,28.13762,1170.45288,-1.2492,88.00786,8.860301568463093,3.3006954628174094,0.0
19.63569,41.7194,28.09885,1165.83103,-1.28664,88.01768,8.838525316210522,3.2925832358856453,0.0
19.63623,41.73598,28.05907,1161.23076,-1.32596,88.02747,8.81811299386219,3.2849791087303677,0.0
19.63677,41.75249,28.01823,1156.65176,-1.36706,88.03724,8.799110561382427,3.2779002026475665,0.0
19.6373,41.76894,27.97627,1152.09366,-1.40985,88.04699,8.781559157604017,3.2713618429348816,0.0
19.63782,41.78532,27.93317,1147.55606,-1.45424,88.05672,8.76549513847024,3.2653775731377683,0.0
19.63834,41.80164,27.88889,1143.03853,-1.50011,88.06642,8.750950120689836,3.259959171312118,0.0
19.63886,41.81789,27.84339,1138.54056,-1.54736,88.07611,8.737951029587062,3.255116667849663,0.0
19.63937,41.83408,27.79665,1134.06163,-1.59589,88.08577,8.726520149988692,3.250858364434727,0.0
19.63988,41.8502,27.74863,1129.60116,-1.64557,88.09542,8.71667517915609,3.247190853762809,0.0
19.64038,41.86627,27.69933,1125.15854,-1.6963,88.10504,8.708429280983244,3.2441190397307866,0.0
19.64087,41.88227,27.64871,1120.73314,-1.74796,88.11464,8.7017911407782,3.2416461578444267,0.0
19.64137,41.8982,27.59677,1116.32427,-1.80043,88.12422,8.696765020160003,3.239773795668955,0.0
19.64186,41.91407,27.54349,1111.93122,-1.85358,88.13378,8.693350811700299,3.2385019131844848,0.0
19.64234,41.92988,27.48887,1107.55325,-1.90731,88.14332,8.691544093176907,3.237828862996896,0.0
19.64282,41.94563,27.4329,1103.18959,-1.96147,88.15284,8.691336181360066,3.237751410374633,0.0
19.64329,41.96132,27.37559,1098.83946,-2.01596,88.16234,8.692714185482115,3.238264753167568,0.0
19.64377,41.97694,27.31694,1094.50204,-2.07065,88.17182,8.69566106061817,3.2393625416926985,0.0
19.64423,41.9925,27.25695,1090.17649,-2.12541,88.18128,8.70015566137605,3.2410368987350724,0.0
19.64469,42.008,27.19565,1085.86196,-2.18013,88.19072,8.706172796399986,3.2432784398518404,0.0
19.64515,42.02344,27.13304,1081.55758,-2.23467,88.20014,8.713683284290253,3.2460762942037937,0.0
19.64561,42.03881,27.06914,1077.26246,-2.28893,88.20954,8.722654011692669,3.2494181261952373,0.0
19.64606,42.05413,27.00397,1072.97571,-2.34278,88.21891,8.733047994348581,3.2532901582167075,0.0
19.6465,42.06938,26.93756,1068.69643,-2.3961,88.22827,8.744824442023663,3.257677194832663,0.0
19.64694,42.08457,26.86994,1064.42371,-2.44878,88.23761,8.757938828269415,3.262562648769474,0.0
19.64738,42.0997,26.80114,1060.15663,-2.50071,88.24693,8.772342966047434,3.267928569087461,0.0
19.64781,42.11477,26.73118,1055.89429,-2.55178,88.25622,8.787985090270105,3.2737556719294645,0.0
19.64824,42.12978,26.66012,1051.63578,-2.60187,88.2655,8.804809948354158,3.2800233742544322,0.0
19.64867,42.14473,26.58798,1047.38018,-2.6509,88.27476,8.822758899874316,3.2867098309610285,0.0
19.64909,42.15962,26.51481,1043.12661,-2.69875,88.284,8.841770026396096,3.2937919758032357,0.0
19.64951,42.17444,26.44065,1038.87418,-2.74534,88.29321,8.861778252551474,3.3012455664942277,0.0
19.64992,42.18921,26.36555,1034.62202,-2.79057,88.30241,8.8827154793617,3.3090452343726295,0.0
19.65033,42.20391,26.28955,1030.36927,-2.83436,88.31159,8.90451073072916,3.317164538974585,0.0
19.65073,42.21856,26.21271,1026.11509,-2.87664,88.32074,8.927090313986943,3.3255760278427013,0.0
19.65114,42.23314,26.13508,1021.85868,-2.91731,88.32988,8.950377995206459,3.33425130183274,0.0
19.65153,42.24766,26.05671,1017.59924,-2.95632,88.339,8.974295189904305,3.343161086156954,0.0
19.65193,42.26212,25.97765,1013.33602,-2.9936,88.34809,8.998761169627093,3.3522753073423615,0.0
19.65232,42.27652,25.89796,1009.06827,-3.0291,88.35717,9.023693284682386,3.3615631762038864,0.0
19.6527,42.29086,25.8177,1004.79531,-3.06276,88.36622,9.049007203178666,3.3709932768930315,0.0
19.65309,42.30514,25.73692,1000.51647,-3.09454,88.37526,9.074617166261985,3.3805336619802513,0.0
19.65346,42.31936,25.65569,996.23113,-3.12441,88.38427,9.100436259287276,3.3901519534733957,0.0
