0.05051,0.05051,50.93889,5335.63197,-0.446,45.0001,8.06123242701716,3.00302118285433,0.0
0.10098,0.10098,50.88043,5331.21812,-0.39117,45.00025,8.114342239345206,3.022805985349791,0.0
0.15141,0.15141,50.82973,5326.76305,-0.33563,45.00044,8.158767069282488,3.0393554033890524,0.0
0.20179,0.2018,50.78685,5322.27151,-0.27953,45.00069,8.194287697216476,3.0525877718984327,0.0
0.25214,0.25214,50.75185,5317.7484,-0.22301,45.00097,8.220736604930774,3.0624406859346527,0.0
0.30244,0.30245,50.72476,5313.19873,-0.16622,45.00131,8.237999974169137,3.0688717452025256,0.0
0.3527,0.35271,50.70561,5308.62761,-0.1093,45.00169,8.246018989299658,3.0718590393316307,0.0
0.40291,0.40293,50.69437,5304.0402,-0.05242,45.00211,8.244790417282973,3.07140136392974,0.0
0.45308,0.4531,50.69104,5299.44166,0.00429,45.00259,8.234366454667844,3.067518163584642,0.0
0.50321,0.50324,50.69555,5294.83719,0.06068,45.0031,8.21485384834402,3.060249204321446,0.0
0.55329,0.55333,50.70783,5290.23191,0.1166,45.00367,8.186412313263622,3.049653984162172,0.0
0.60333,0.60337,50.72781,5285.6309,0.1719,45.00428,8.149252286082385,3.0358108962980013,0.0
0.65332,0.65338,50.75537,5281.03913,0.22644,45.00493,8.103632067909645,3.0188161646884737,0.0
0.70327,0.70334,50.79038,5276.46146,0.28009,45.00563,8.049854421708106,2.99878257650337,0.0
0.75318,0.75326,50.8327,5271.90259,0.33272,45.00638,7.988262700022371,2.975838039599704,0.0
0.80304,0.80314,50.88216,5267.36706,0.38421,45.00717,7.919236586337354,2.9501239960656775,0.0
0.85285,0.85297,50.9386,5262.85922,0.43442,45.00801,7.843187538293853,2.921793724698593,0.0
0.90263,0.90276,51.00181,5258.3832,0.48326,45.00889,7.760554023301711,2.891010566145387,0.0
0.95236,0.95252,51.07158,5253.94292,0.53062,45.00982,7.671796636770802,2.8579461043152325,0.0
1.00204,1.00223,51.1477,5249.54206,0.57639,45.0108,7.57739319044129,2.8227783366533257,0.0
1.05168,1.0519,51.22993,5245.18404,0.62049,45.01182,7.477833853418564,2.7856898640485466,0.0
1.10128,1.10152,51.31802,5240.87205,0.66283,45.01289,7.373616421789717,2.746866128641143,0.0
1.15084,1.15111,51.41173,5236.60901,0.70335,45.014,7.265241784539688,2.7064937247571845,0.0
1.20035,1.20066,51.51078,5232.39756,0.74198,45.01517,7.153209644186306,2.66475880473253,0.0
1.24982,1.25017,51.61491,5228.2401,0.77865,45.01638,7.038014540669234,2.6218455977068307,0.0
1.29925,1.29965,51.72384,5224.13876,0.81333,45.01763,6.92014221672253,2.5779350556291853,0.0
1.34864,1.34908,51.83728,5220.09542,0.84596,45.01894,6.800066352793524,2.533203636929506,0.0
1.39799,1.39848,51.95495,5216.1117,0.87651,45.02029,6.678245689671747,2.487822234622089,0.0
1.4473,1.44784,52.07656,5212.18899,0.90496,45.02169,6.55512154772624,2.4419552521562413,0.0
1.49657,1.49716,52.20182,5208.32842,0.93129,45.02313,6.431115743178712,2.3957598271732015,0.0
1.5458,1.54645,52.33042,5204.53092,0.95548,45.02463,6.3066288943219035,2.3493852005279168,0.0
1.595,1.59571,52.46208,5200.79719,0.97754,45.02617,6.182039104092727,2.3029722255128746,0.0
1.64415,1.64493,52.59651,5197.12773,0.99744,45.02776,6.0577010000397955,2.256653010220746,0.0
1.69327,1.69412,52.7334,5193.52284,1.01522,45.02941,5.9339451084318675,2.2105506843833123,0.0
1.74235,1.74327,52.87247,5189.98266,1.03086,45.0311,5.811077535998098,2.164779280811337,0.0
1.7914,1.7924,53.01342,5186.50715,1.0444,45.03284,5.689379930607279,2.1194437207465455,0.0
1.84041,1.84149,53.15598,5183.0961,1.05585,45.03463,5.569109690846039,2.0746398919350226,0.0
1.88939,1.89055,53.29986,5179.74918,1.06524,45.03647,5.450500393972656,2.0304548080512643,0.0
1.93833,1.93959,53.44477,5176.46593,1.07259,45.03836,5.333762411954289,1.986966838188256,0.0
1.98724,1.98859,53.59046,5173.24575,1.07793,45.0403,5.219083686073983,1.9442459954189664,0.0
2.03611,2.03757,53.73665,5170.08794,1.08131,45.04229,5.1066306319107255,1.902354273925224,0.0
2.08495,2.08652,53.88307,5166.99172,1.08275,45.04434,4.996549148166106,1.8613460248121978,0.0
2.13376,2.13544,54.02948,5163.95621,1.08231,45.04643,4.888965704728475,1.8212683614409204,0.0
2.18254,2.18433,54.17561,5160.98045,1.08001,45.04858,4.783988487539817,1.7821615859213251,0.0
2.23129,2.2332,54.32123,5158.06342,1.07591,45.05078,4.681708580017242,1.7440596292228354,0.0
2.28001,2.28205,54.46609,5155.20405,1.07004,45.05303,4.58220116310133,1.706990498223945,0.0
2.3287,2.33087,54.60997,5152.4012,1.06247,45.05533,4.485526718225075,1.6709767238498074,0.0
2.37736,2.37966,54.75263,5149.65371,1.05322,45.05768,4.391732219709617,1.6360358052710158,0.0
2.42599,2.42844,54.89387,5146.96036,1.04236,45.06009,4.300852305153107,1.602180645904252,0.0
2.47459,2.47719,55.03346,5144.31994,1.02993,45.06255,4.212910414367803,1.5694199776963202,0.0
2.52317,2.52592,55.1712,5141.73118,1.01598,45.06506,4.127919889197023,1.5377587708349016,0.0
2.57172,2.57463,55.3069,5139.1928,1.00056,45.06763,4.0458850282167385,1.5071986266526478,0.0
2.62024,2.62332,55.44036,5136.70353,0.98371,45.07025,3.9668020917986375,1.4777381520396171,0.0
2.66871,2.67201,55.5697,5134.2651,0.94023,45.12475,3.8915939292741717,1.4497211326534023,51.99999911297563
2.71712,2.72072,55.69308,5131.87846,0.89593,45.17836,3.8210911649257935,1.4234569978942573,51.99999911297563
2.76545,2.76946,55.8104,5129.54124,0.85084,45.23116,3.755135706170938,1.3988868541155108,51.99999911297563
2.81372,2.81823,55.92156,5127.25114,0.80502,45.2832,3.69358120376259,1.3759561823719688,51.99999911297563
2.86193,2.86701,56.02648,5125.0059,0.75851,45.33454,3.6362899357612912,1.3546136776175008,51.99999911297563
2.91007,2.91582,56.12507,5122.80335,0.71136,45.38522,3.5831327767964147,1.3348112372540555,51.99999911297563
2.95814,2.96466,56.21726,5120.64137,0.66361,45.43531,3.5339891431032573,1.316503940656531,51.99999911297563
3.00616,3.01351,56.30297,5118.51789,0.61531,45.48486,3.4887469190040776,1.2996500217850278,51.99999911297563
3.05411,3.06239,56.38214,5116.4309,0.56648,45.53391,3.4473023698126983,1.2842108367395209,51.99999911297563
3.102,3.1113,56.45471,5114.37843,0.51717,45.58251,3.409560045506821,1.2701508278752622,51.99999911297563
3.14983,3.16022,56.52061,5112.35854,0.46743,45.63072,3.375432678946411,1.2574374858864532,51.99999911297563
3.1976,3.20917,56.57981,5110.36936,0.41728,45.67857,3.3448410819086236,1.2460413110765163,51.99999911297563
3.24531,3.25815,56.63225,5108.40901,0.36676,45.72612,3.3177140417547113,1.2359357748638007,51.99999911297563
3.29296,3.30714,56.6779,5106.47567,0.31592,45.77341,3.293988221128532,1.2270972824166375,51.99999911297563
3.34056,3.35616,56.71671,5104.56753,0.26478,45.82049,3.273608062732108,1.2195051371797292,51.99999911297563
3.38809,3.4052,56.74866,5102.68281,0.21338,45.86739,3.2565257008941018,1.2131415079310819,51.99999911297563
3.43557,3.45427,56.77371,5100.81974,0.16176,45.91416,3.242700881341949,1.2079913988950102,51.99999911297563
3.48299,3.50336,56.79185,5098.97654,0.10994,45.96084,3.232100890339825,1.2040426233441703,51.99999911297563
3.53036,3.55247,56.80306,5097.15149,0.05797,46.00749,3.224700494097771,1.201285781027861,51.99999911297563
3.57766,3.6016,56.80732,5095.34282,0.00587,46.05413,3.220481889147101,1.1997142396855598,51.99999911297563
3.62492,3.65076,56.80462,5093.5488,-0.04631,46.10081,3.2194346641558265,1.1993241208221626,51.99999911297563
3.67211,3.69995,56.79497,5091.76766,-0.09856,46.14757,3.2215557734801723,1.2001142898552264,51.99999911297563
3.71925,3.74915,56.77835,5089.99765,-0.15082,46.19445,3.2268495225471154,1.2020863506695836,51.99999911297563
3.76633,3.79839,56.75477,5088.23699,-0.20308,46.24151,3.2353275649840505,1.2052446445480633,51.99999911297563
3.81335,3.84764,56.72425,5086.4839,-0.2553,46.28877,3.2470089112289986,1.2095962533790245,51.99999911297563
3.86032,3.89692,56.68678,5084.73656,-0.30744,46.33629,3.2619199481638863,1.2151510069702638,51.99999911297563
3.90723,3.94623,56.6424,5082.99313,-0.35947,46.3841,3.280094469119362,1.2219214942266052,51.99999911297563
3.95409,3.99556,56.59112,5081.25176,-0.41135,46.43225,3.301573713399513,1.2299230778738919,51.99999911297563
4.00088,4.04492,56.53297,5079.51053,-0.46306,46.48078,3.326406414240627,1.2391739123248895,51.99999911297563
4.04762,4.0943,56.46798,5077.76751,-0.51455,46.52974,3.354648853894923,1.2496949641994246,51.99999911297563
4.0943,4.14371,56.39618,5076.02072,-0.5658,46.57918,3.386364924249525,1.261510034906549,51.99999911297563
4.14092,4.19314,56.31762,5074.26813,-0.61675,46.62914,3.4216261911188477,1.2746457845951407,51.99999911297563
4.18748,4.24261,56.23234,5072.50766,-0.66739,46.67967,3.4605119600130245,1.289131756654378,51.99999911297563
4.23399,4.2921,56.14038,5070.73719,-0.71766,46.73083,3.50310934084047,1.305000401817146,51.99999911297563
4.28043,4.34161,56.04182,5068.9545,-0.76753,46.78265,3.549513308606629,1.3222871007719144,51.99999911297563
4.32681,4.39116,55.9367,5067.15735,-0.81696,46.83519,3.5998267567251534,1.3410301840225582,51.99999911297563
4.37313,4.44073,55.8251,5065.34339,-0.86591,46.88852,3.6541605390863134,1.361270947559944,51.99999911297563
4.41938,4.49034,55.70708,5063.51024,-0.91434,46.94267,3.7126334964829657,1.3830536627063,51.99999911297563
4.46558,4.53997,55.58272,5061.65539,-0.9622,46.99771,3.7753724624049725,1.4064255782737907,51.99999911297563
4.5117,4.58963,55.45211,5059.77629,-1.00944,47.0537,3.8425122425775897,1.4314369129420257,51.99999911297563
4.55777,4.63932,55.31533,5057.87027,-1.05603,47.1107,3.914195561889683,1.4581408354874248,51.99999911297563
4.60376,4.68905,55.17249,5055.93459,-1.10192,47.16877,3.990572971620645,1.4865934302228048,51.99999911297563
4.64969,4.7388,55.02368,5053.96639,-1.14705,47.22797,4.071802709018568,1.5168536446865528,51.99999911297563
4.69554,4.78859,54.86901,5051.96272,-1.19137,47.28838,4.15805050041481,1.5489832162976214,51.99999911297563
4.74133,4.83841,54.7086,5049.92052,-1.23483,47.35006,4.249489298099619,1.583046574334777,51.99999911297563
4.78705,4.88827,54.54257,5047.83662,-1.27738,47.41309,4.346298940215231,1.6191107132378284,51.99999911297563
4.83269,4.93815,54.37105,5045.70772,-1.31897,47.47753,4.4486657218545735,1.6572450328306103,51.99999911297563
4.87825,4.98808,54.19419,5043.53043,-1.35952,47.54348,4.556781864524199,1.697521140681965,51.99999911297563
4.92374,5.03803,54.01212,5041.30119,-1.39899,47.611,4.6708448700342995,1.7400126114127763,51.99999911297563
4.96915,5.08803,53.825,5039.01636,-1.4373,47.68018,4.7910567438437,1.784794697371538,51.99999911297563
5.01447,5.13806,53.63299,5036.67215,-1.4744,47.75111,4.917623071833744,1.8319439847083416,51.99999911297563
5.05972,5.18813,53.43627,5034.26462,-1.51022,47.82387,5.050751933588753,1.8815379885432502,51.99999911297563
5.10488,5.23823,53.23502,5031.78973,-1.54468,47.89857,5.1906526343954305,1.933654680602714,51.99999911297563
5.14995,5.28838,53.02942,5029.24328,-1.57772,47.97529,5.337534237566926,1.9883719424716688,51.99999911297563
5.19493,5.33856,52.81968,5026.62094,-1.60927,48.05413,5.491603878252223,2.045766937443163,51.99999911297563
5.23981,5.38879,52.606,5023.91826,-1.63925,48.13519,5.653064839822769,2.1059153939217707,51.99999911297563
5.28461,5.43906,52.3886,5021.13064,-1.66757,48.21858,5.822114374194311,2.168890793436116,51.99999911297563
5.3293,5.48937,52.16772,5018.25337,-1.69416,48.3044,5.998941248237245,2.234763456612178,51.99999911297563
5.37389,5.53972,51.9436,5015.2816,-1.71895,48.39278,6.183722999800363,2.303599520969932,51.99999911297563
5.41838,5.59012,51.71648,5012.21037,-1.74184,48.4838,6.376622888930867,2.3754598051725915,51.99999911297563
5.46276,5.64057,51.48663,5009.03462,-1.76274,48.57761,6.577786532825975,2.450398555457541,51.99999911297563
5.50703,5.69106,51.25433,5005.74918,-1.78158,48.6743,6.787338216861023,2.5284620713972377,51.99999911297563
5.55119,5.7416,51.01985,5002.3488,-1.79826,48.77401,7.005376879030849,2.609687209997972,51.99999911297563
5.59522,5.79218,50.7835,4998.82817,-1.81269,48.87685,7.231971771270613,2.6940997694277216,51.99999911297563
5.63914,5.84282,50.54559,4995.1819,-1.82479,48.98294,7.467157808584268,2.781712756444126,51.99999911297563
5.68293,5.89351,50.30642,4991.40461,-1.83446,49.09241,7.710930625812907,2.8725245449106387,51.99999911297563
5.72659,5.94425,50.06635,4987.49087,-1.84161,49.20538,7.963241372145738,2.9665169366148993,51.99999911297563
5.77011,5.99504,49.8257,4983.43529,-1.84615,49.32198,8.223991285366715,3.0636531400328377,51.99999911297563
5.8135,6.04588,49.58483,4979.23253,-1.84799,49.44233,8.493026100980947,3.163875687581165,51.99999911297563
5.85674,6.09678,49.34411,4974.87732,-1.84705,49.56655,8.770130365978549,3.2671043173447893,51.99999911297563
5.89983,6.14774,49.10391,4970.36451,-1.84324,49.69475,9.055021742623417,3.373233851088259,51.99999911297563
5.94277,6.19875,48.86462,4965.6891,-1.83647,49.82705,9.347345404111149,3.4821321064908797,51.99999911297563
5.98555,6.24983,48.62664,4960.84631,-1.82668,49.96357,9.646668640792873,3.593637887823169,51.99999911297563
6.02817,6.30096,48.39036,4955.83159,-1.81377,50.10439,9.952475812297504,3.7075591054795844,51.99999911297563
6.07062,6.35215,48.15621,4950.64067,-1.79769,50.24963,10.264163796724693,3.8236710806831526,51.99999911297563
6.1129,6.4034,47.92459,4945.26966,-1.77838,50.39937,10.581038102179503,3.9417150969298285,51.99999911297563
6.15499,6.45472,47.69594,4939.71504,-1.75577,50.55369,10.902309817548774,4.06139726407246,51.99999911297563
6.1969,6.5061,47.47069,4933.97376,-1.72983,50.71267,11.227093587295597,4.182387763878442,51.99999911297563
6.23862,6.55754,47.24927,4928.04328,-1.70052,50.87635,11.554406798415219,4.3043205471494,51.99999911297563
6.28014,6.60905,47.03211,4921.92161,-1.66781,51.04478,11.88317016513396,4.4267935515369174,51.99999911297563
6.32146,6.66062,46.81966,4915.60741,-1.63168,51.21799,12.212209887716526,4.549369505755073,51.99999911297563
6.36257,6.71226,46.61235,4909.1,-1.59214,51.39599,12.540261544752822,4.671577379559672,51.99999911297563
6.40346,6.76397,46.41061,4902.39945,-1.54919,51.57878,12.86597585295164,4.792914529422962,51.99999911297563
6.44413,6.81575,46.21488,4895.5066,-1.50287,51.76634,13.187926394375022,4.912849577131739,51.99999911297563
6.48458,6.86759,46.02557,4888.4231,-1.45321,51.95863,13.504619368194536,5.030826042573145,51.99999911297563
6.5248,6.9195,45.84309,4881.1515,-1.40028,52.15557,13.81450537289803,5.146266732916697,51.99999911297563
6.56477,6.97149,45.66786,4873.6952,-1.34415,52.35708,14.11599316658824,5.25857886868757,51.99999911297563
6.60451,7.02354,45.50024,4866.05856,-1.28491,52.56306,14.407465288895658,5.367159903340179,51.99999911297563
6.64399,7.07565,45.34063,4858.24685,-1.22267,52.77338,14.687295360516606,5.4714039677912885,51.99999911297563
6.68322,7.12784,45.18936,4850.26628,-1.15756,52.98788,14.95386680789522,5.570708845856729,51.99999911297563
6.7222,7.1801,45.04678,4842.124,-1.08972,53.20638,15.20559269436831,5.664483361874646,51.99999911297563
6.7609,7.23242,44.9132,4833.82805,-1.01932,53.42869,15.4409362782563,5.752155039135291,51.99999911297563
6.79934,7.28481,44.7889,4825.38737,-0.94654,53.65459,15.658431866641578,5.83317786846215,51.99999911297563
6.83761,7.3372,44.68093,4816.80093,-0.76371,53.66241,15.841454175811773,5.901358494234826,0.0
6.8758,7.3895,44.59639,4808.07978,-0.57799,53.67024,15.972977265288623,5.950354305645708,0.0
6.91392,7.44173,44.53548,4799.25261,-0.39032,53.67807,16.051314376801326,5.979536940857644,0.0
6.95196,7.49386,44.49832,4790.34901,-0.20163,53.68592,16.075639241401323,5.9885985929468495,0.0
6.98993,7.54591,44.48488,4781.39909,-0.01291,53.69377,16.04595161627006,5.977539171457026,0.0
7.02781,7.59787,44.49502,4772.43293,0.17489,53.70163,15.963070600304066,5.946663812278917,0.0
7.06562,7.64974,44.52848,4763.48021,0.36083,53.70949,15.828601001579775,5.896570348646038,0.0
7.10335,7.70152,44.58487,4754.56971,0.54398,53.71737,15.64487493202664,5.828127553613668,0.0
7.141,7.75322,44.66372,4745.729,0.72348,53.72525,15.414872117512148,5.742445453468751,0.0
7.17857,7.80482,44.76443,4736.98398,0.8985,53.73314,15.142123416573043,5.640839385918704,0.0
7.21607,7.85634,44.88632,4728.3587,1.0683,53.74104,14.830602673179273,5.5247897124004615,0.0
7.25348,7.90776,45.02863,4719.87505,1.23217,53.74895,14.484612265007865,5.3958991818010835,0.0
7.29082,7.95911,45.19052,4711.55262,1.38952,53.75686,14.108667566893633,5.255849890053202,0.0
7.32808,8.01036,45.37108,4703.40859,1.53983,53.76479,13.70738508169931,5.106361605940684,0.0
7.36527,8.06154,45.56936,4695.45768,1.68263,53.77273,13.285378274235617,4.949152966493089,0.0
7.40239,8.11263,45.78436,4687.71216,1.81759,53.78068,12.84716426686589,4.785906718643402,0.0
7.43943,8.16364,46.01506,4680.18189,1.9444,53.78865,12.397083607824483,4.618239830815618,0.0
7.47641,8.21458,46.2604,4672.87444,2.06287,53.79663,11.939234385679418,4.447678948828524,0.0
7.51331,8.26544,46.51932,4665.79523,2.17287,53.80463,11.477421101752771,4.2756413495270476,0.0
7.55015,8.31623,46.79075,4658.94763,2.27432,53.81264,11.015117973138306,4.103421270190771,0.0
7.58693,8.36695,47.07362,4652.33321,2.36724,53.82068,10.55544574969133,3.9321812722526643,0.0
7.62364,8.41761,47.36688,4645.95187,2.45166,53.82873,10.10116069859033,3.7629481377584684,0.0
7.6603,8.4682,47.66949,4639.80207,2.5277,53.83681,9.654654134649464,3.5966126943957373,0.0
7.69689,8.51872,47.98042,4633.88097,2.5955,53.84491,9.217960738107578,3.4339329140891013,0.0
7.73343,8.56919,48.29869,4628.18468,2.65524,53.85303,8.792773881750447,3.2755396227565785,0.0
7.76991,8.61961,48.62332,4622.70839,2.70712,53.86118,8.380466260680766,3.1219441854417065,0.0
7.80634,8.66997,48.95338,4617.44655,2.75139,53.86935,7.982114255605336,2.9735475822790485,0.0
7.84272,8.72028,49.28797,4612.39302,2.78829,53.87755,7.598524640441987,2.8306503577804967,0.0
7.87905,8.77054,49.62622,4607.54121,2.8181,53.88578,7.230262447318842,2.6934630012806666,0.0
7.91534,8.82075,49.96729,4602.88422,2.8411,53.89404,6.877679010277753,2.562116393954302,0.0
7.95157,8.87092,50.3104,4598.41492,2.85757,53.90233,6.540939410773503,2.436672032986866,0.0
7.98777,8.92105,50.65479,4594.12606,2.86779,53.91065,6.220048734854431,2.3171318130651843,0.0
8.02392,8.97114,50.99972,4590.01036,2.87206,53.91901,5.91487671831611,2.203447207345653,0.0
8.06003,9.0212,51.34452,4586.06056,2.87067,53.9274,5.6251804994038865,2.095527743434585,0.0
8.0961,9.07122,51.68854,4582.26951,2.86389,53.93582,5.350625318164586,1.9932487144413578,0.0
8.13213,9.1212,52.03116,4578.63018,2.852,53.94428,5.0908030981029,1.8964581011343307,0.0
8.16813,9.17116,52.3718,4575.13573,2.83526,53.95278,4.845248921212246,1.8049827093233237,0.0
8.20409,9.22108,52.7099,4571.7795,2.81395,53.96131,4.613455464020663,1.718633547666546,0.0
8.24001,9.27098,53.04496,4568.55509,2.7883,53.96988,4.394885502756946,1.637210486174016,0.0
8.27591,9.32085,53.37647,4565.45631,2.75857,53.97849,4.188982622655542,1.5605062457054126,0.0
8.31177,9.3707,53.70398,4562.47726,2.72498,53.98714,3.995180282399612,1.4883097747136127,0.0
8.3476,9.42053,54.02706,4559.61226,2.68775,53.99583,3.812909392005109,1.4204090722059006,0.0
8.38339,9.47033,54.34529,4556.85593,2.64709,54.00456,3.641604563169016,1.3565935161631413,0.0
8.41916,9.52011,54.6583,4554.20313,2.60322,54.01333,3.4807091869079216,1.29665575509375,0.0
8.45491,9.56988,54.96572,4551.64899,2.55631,54.02214,3.3296794857150687,1.2403932175688124,0.0
8.49062,9.61962,55.26721,4549.18887,2.50654,54.031,3.18798767759111,1.1876092909067912,0.0
8.52631,9.66935,55.56247,4546.8184,2.4541,54.0399,3.0551243780881534,1.138114215998136,0.0
8.56197,9.71907,55.85119,4544.53344,2.39914,54.04884,2.9306003547217423,1.0917257408699044,0.0
8.5976,9.76877,56.13309,4542.33006,2.34182,54.05782,2.8139477361733616,1.0482695711455141,0.0
8.63321,9.81845,56.40792,4540.20458,2.28227,54.06685,2.7047207671470237,1.007579651248683,0.0
8.6688,9.86813,56.67542,4538.1535,2.22065,54.07592,2.60249618870753,0.9694983060894362,0.0
8.70436,9.91779,56.93538,4536.17353,2.15708,54.08503,2.5068733136827204,0.9338762691534301,0.0
8.7399,9.96744,57.18757,4534.26155,2.09167,54.09419,2.417473857259297,0.9005726193944389,0.0
8.77542,10.01708,57.43179,4532.41464,2.02456,54.1034,2.333941574399649,0.8694546461625814,0.0
8.81091,10.06672,57.66787,4530.63003,1.95584,54.11265,2.255941748029692,0.8403976585408245,0.0
8.84639,10.11634,57.89562,4528.9051,1.88561,54.12195,2.1831605651916752,0.813284752945491,0.0
8.88184,10.16596,58.11487,4527.23738,1.81399,54.13129,2.115304412367412,0.7880065506156191,0.0
8.91727,10.21557,58.32549,4525.62454,1.74105,54.14068,2.0520991159979687,0.764460914686566,0.0
8.95268,10.26517,58.52733,4524.06436,1.66689,54.15011,1.9932891497004572,0.7425526548574016,0.0
8.98808,10.31477,58.72025,4522.55476,1.59158,54.15959,1.9386368258194853,0.7221932262225541,0.0
9.02345,10.36436,58.90413,4521.09375,1.51521,54.16912,1.887921485629448,0.7033004276008554,0.0
9.0588,10.41395,59.07885,4519.67945,1.43786,54.1787,1.8409386997009598,0.6857981036509966,0.0
9.09414,10.46353,59.24433,4518.31005,1.35958,54.18832,1.797499487567294,0.6696158541767471,0.0
9.12945,10.51311,59.40044,4516.98386,1.28045,54.19799,1.7574295638433572,0.654688753286435,0.0
9.16475,10.56269,59.54711,4515.69923,1.20053,54.20771,1.720568616301716,0.6409570804572731,0.0
9.20003,10.61226,59.68425,4514.45461,1.11988,54.21747,1.686769620039565,0.6283660650445082,0.0
9.23529,10.66184,59.81178,4513.24849,1.03857,54.22728,1.6558981907682058,0.6168656453647365,0.0
9.27054,10.71141,59.92964,4512.07944,0.95663,54.23714,1.6278319793367064,0.6064102431400363,0.0
9.30577,10.76098,60.03776,4510.94606,0.87414,54.24705,1.602460108899317,0.5969585538280202,0.0
9.34098,10.81055,60.13608,4509.84702,0.79114,54.25701,1.5796826555512244,0.5884733531449892,0.0
9.37617,10.86012,60.22455,4508.78101,0.70768,54.26701,1.5594101728204166,0.5809213199266403,0.0
9.41135,10.90969,60.30313,4507.74675,0.62381,54.27706,1.54156326007684,0.5742728753491224,0.0
9.44651,10.95925,60.37177,4506.74302,0.53958,54.28717,1.5260721746631214,0.5685020384375242,0.0
9.48165,11.00882,60.43044,4505.76859,0.45503,54.29731,1.512876487395389,0.563586297730866,0.0
9.51678,11.0584,60.47911,4504.82227,0.3702,54.30751,1.5019247809652188,0.5595064989288889,0.0
9.5519,11.10797,60.51775,4503.90289,0.28514,54.31776,1.493174390718479,0.5562467483253544,0.0
9.58699,11.15754,60.54635,4503.00928,0.19989,54.32805,1.486591187270337,0.5537943318264141,0.0
9.62207,11.20712,60.56488,4502.14027,0.1145,54.3384,1.482149400422183,0.5521396493550309,0.0
9.65714,11.2567,60.57334,4501.2947,0.029,54.34879,1.4798314838902342,0.5512761644588255,0.0
9.69219,11.30628,60.57171,4500.47142,-0.05657,54.35923,1.4796280204054266,0.5512003689572881,0.0
9.72723,11.35586,60.56001,4499.66925,-0.14215,54.36972,1.481537666811529,0.5519117624893823,0.0
9.76225,11.40544,60.53822,4498.88701,-0.22772,54.38025,1.485567138860512,0.5534128468494189,0.0
9.79725,11.45503,60.50637,4498.12351,-0.31323,54.39084,1.49173123547837,0.555709135026714,0.0
9.83224,11.50463,60.46445,4497.37752,-0.39863,54.40148,1.5000529023446334,0.5588091748906302,0.0
9.86722,11.55422,60.4125,4496.6478,-0.4839,54.41216,1.5105633346894771,0.5627245874852032,0.0
9.90218,11.60382,60.35053,4495.93307,-0.56897,54.42289,1.523302119261224,0.5674701199157733,0.0
9.93712,11.65343,60.27858,4495.23203,-0.65382,54.43367,1.538317415445195,0.5730637128205225,0.0
9.97205,11.70303,60.19666,4494.54333,-0.73839,54.4445,1.5556661755150665,0.5795265824198994,0.0
10.00697,11.75265,60.10483,4493.86556,-0.82264,54.45538,1.5754144039708464,0.5868833171268403,0.0
10.04187,11.80226,60.00312,4493.19729,-0.90652,54.46631,1.5976374558512112,0.5951619886759622,0.0
10.07676,11.85188,59.89158,4492.53701,-0.98999,54.47728,1.6224203737801395,0.6043942776823034,0.0
10.11163,11.90151,59.77027,4491.88315,-1.07299,54.48831,1.649858263339964,0.6146156134776614,0.0
10.14649,11.95114,59.63926,4491.23408,-1.15547,54.49938,1.680056706106345,0.6258653279769879,0.0
10.18133,12.00077,59.4986,4490.58809,-1.23738,54.5105,1.7131322093566914,0.6381868232066089,0.0
10.21615,12.05041,59.34836,4489.94338,-1.31866,54.52167,1.7492126910184131,0.6516277519602076,0.0
10.25097,12.10006,59.18864,4489.29808,-1.39926,54.53288,1.7884379978827787,0.6662402108471221,0.0
10.28576,12.14971,59.01952,4488.65021,-1.47911,54.54415,1.8309604544144067,0.6820809447383211,0.0
10.32055,12.19936,58.84109,4487.99768,-1.55814,54.55546,1.8769454386380384,0.6992115612993779,0.0
10.35532,12.24902,58.65345,4487.3383,-1.63629,54.56682,1.9265719805390156,0.7176987539103947,0.0
10.39007,12.29868,58.45672,4486.66976,-1.71349,54.57823,1.980033377168249,0.7376145308087878,0.0
10.4248,12.34835,58.25101,4485.9896,-1.78967,54.58968,2.0375378171221468,0.7590364477244904,0.0
10.45953,12.39802,58.03646,4485.29523,-1.86474,54.60119,2.0993090052872136,0.7820478406137557,0.0
10.49423,12.4477,57.81321,4484.58393,-1.93861,54.61273,2.165586776615827,0.8067380543067814,0.0
10.52892,12.49738,57.58139,4483.8528,-2.01121,54.62433,2.236627685220876,0.8332026619609636,0.0
10.5636,12.54707,57.34118,4483.09876,-2.08244,54.63597,2.3127055521839166,0.8615436691338485,0.0
10.59826,12.59676,57.09274,4482.31856,-2.15221,54.64766,2.3941119521356837,0.8918696950471747,0.0
10.6329,12.64645,56.83625,4481.50877,-2.22039,54.6594,2.481156614818928,0.9242961221795969,0.0
10.66752,12.69615,56.57192,4480.66573,-2.2869,54.67118,2.574167713488332,0.9589452037032428,0.0
10.70213,12.74585,56.29994,4479.78558,-2.35161,54.68301,2.6734920070509895,0.9959461164347803,0.0
10.73672,12.79555,56.02055,4478.86422,-2.41439,54.69488,2.7794947973390447,1.0354349449183529,0.0
10.7713,12.84526,55.73399,4477.89732,-2.47512,54.7068,2.892559656781562,1.0775545799761852,0.0
10.80586,12.89496,55.4405,4476.88028,-2.53366,54.71876,3.013087875047278,1.1224545125684482,0.0
10.84039,12.94467,55.14036,4475.80825,-2.58986,54.73077,3.1414975660181184,1.1702905011173979,0.0
10.87491,12.99438,54.83387,4474.67611,-2.64357,54.74281,3.2782223687826333,1.2212240875932492,0.0
10.90941,13.04409,54.52132,4473.47843,-2.69463,54.75491,3.42370966840588,1.2754219347041469,0.0
10.94389,13.0938,54.20305,4472.2095,-2.74286,54.76704,3.578418254181995,1.3330549535336287,0.0
10.97836,13.14351,53.87939,4470.86333,-2.78826,54.77431,3.7428206409175124,1.3942991682797414,-3.999999931767356
11.0128,13.19321,53.55072,4469.43361,-2.83048,54.78139,3.917395218160498,1.4593327916363266,-3.999999931767356
11.04723,13.24291,53.21741,4467.9137,-2.86932,54.78826,4.102616175443503,1.5283324716809366,-3.999999931767356
11.08165,13.2926,52.87989,4466.29664,-2.90457,54.79492,4.2989524911867765,1.60147291521468,-3.999999931767356
11.11604,13.34229,52.53861,4464.57515,-2.93601,54.80134,4.50686137289773,1.67892444406392,-3.999999931767356
11.15042,13.39196,52.19402,4462.74167,-2.96342,54.80751,4.726780480720083,1.7608500981477238,-3.999999931767356
11.18478,13.44163,51.84663,4460.78832,-2.98657,54.81341,4.9591188712152965,1.847402261798162,-3.999999931767356
11.21912,13.49128,51.49695,4458.70695,-3.00521,54.81902,5.204246571957916,1.9387187800227639,-3.999999931767356
11.25344,13.54092,51.14555,4456.48915,-3.0191,54.82433,5.462482717340726,2.0349185387797726,-3.999999931767356
11.28773,13.59055,50.793,4454.12629,-3.02798,54.82931,5.7340822048330065,2.136096494083252,-3.999999931767356
11.32201,13.64016,50.43991,4451.60955,-3.0316,54.83394,6.019220870248485,2.2423181494003326,-3.999999931767356
11.35627,13.68976,50.08692,4448.92998,-3.02968,54.83821,6.317979231930659,2.3536134999325347,-3.999999931767356
11.3905,13.73933,49.73472,4446.07853,-3.02197,54.8421,6.630324918286222,2.4699704864096015,-3.999999931767356
11.42471,13.78888,49.38399,4443.04616,-3.00821,54.84558,6.956093971567803,2.5913280302566504,-3.999999931767356
11.45889,13.83841,49.03546,4439.82389,-2.98813,54.84863,7.2949713132565,2.717568756435176,-3.999999931767356
11.49305,13.88792,48.68991,4436.40287,-2.96149,54.85124,7.6464707619503205,2.8485115495807323,-3.999999931767356
11.52719,13.93739,48.34811,4432.77455,-2.92803,54.85338,8.009915111114598,2.983904132440781,-3.999999931767356
11.56129,13.98684,48.01089,4428.93074,-2.88754,54.85504,8.384416897552972,3.123415901624115,-3.999999931767356
11.59537,14.03625,47.67907,4424.86373,-2.83979,54.85619,8.768860616551546,3.2666313022741127,-3.999999931767356
11.62942,14.08563,47.35351,4420.5665,-2.78461,54.85684,9.161887258570406,3.413044067579463,-3.999999931767356
11.66343,14.13497,47.03509,4416.03276,-2.72183,54.85695,9.56188214556736,3.5620526874847136,-3.999999931767356
11.69742,14.18427,46.72469,4411.25719,-2.65131,54.85652,9.96696712105466,3.7129574992809062,-3.999999931767356
11.73137,14.23352,46.42322,4406.23557,-2.57298,54.85554,10.374998184080306,3.8649598062013606,-3.999999931767356
11.76529,14.28273,46.13158,4400.9649,-2.48677,54.85401,10.783569640185215,4.0171634237624385,-3.999999931767356
11.79917,14.33189,45.85067,4395.44362,-2.39269,54.85192,11.190025759424907,4.168579022683361,-3.999999931767356
11.83301,14.38099,45.58137,4389.67172,-2.29079,54.84927,11.59148077246727,4.318131577958754,-3.999999931767356
11.86681,14.43004,45.32457,4383.65085,-2.18118,54.84607,11.984847793838044,4.464671143528612,-3.999999931767356
11.90057,14.47903,45.08113,4377.38451,-2.06402,54.84232,12.36687693611208,4.606987050817381,-3.999999931767356
11.9343,14.52796,44.85188,4370.87807,-1.93955,54.83805,12.73420247637298,4.743825479481205,-3.999999931767356
11.96797,14.57682,44.63759,4364.13888,-1.80807,54.83326,13.0833984720018,4.8739101757525525,-3.999999931767356
12.0016,14.62562,44.43903,4357.17629,-1.66994,54.82799,13.411041720102965,4.995965906482929,-3.999999931767356
12.03519,14.67434,44.25689,4350.00165,-1.52561,54.82225,13.713780446313857,5.108744047531773,-3.999999931767356
12.06873,14.72299,44.09179,4342.62825,-1.37557,54.81609,13.988406632036707,5.211049527563362,-3.999999931767356
12.10222,14.77156,43.94432,4335.07128,-1.22038,54.80954,14.231929486496407,5.301768198321529,-3.999999931767356
12.13565,14.82005,43.81496,4327.34764,-1.06066,54.80264,14.441647281909143,5.379893595120066,-3.999999931767356
12.16904,14.86846,43.70413,4319.47583,-0.8971,54.79544,14.615214631813325,5.444551999791201,-3.999999931767356
12.20237,14.91679,43.61217,4311.47572,-0.73041,54.78798,14.750702329499127,5.495024732075038,-3.999999931767356
12.23565,14.96503,43.53932,4303.36832,-0.56134,54.78032,14.846647086418573,5.53076667848602,-3.999999931767356
12.26887,15.01318,43.48572,4295.1755,-0.3907,54.77251,14.90208891390627,5.551420217987462,-3.999999931767356
12.30204,15.06124,43.45146,4286.91976,-0.21927,54.7646,14.916594452819862,5.556823912896474,-3.999999931767356
12.33515,15.10921,43.43648,4278.62385,-0.04788,54.75666,14.890265236145375,5.5470155869218445,-3.999999931767356
12.3682,15.15709,43.44067,4270.31056,0.12266,54.74874,14.823730619080527,5.5222296914340525,-3.999999931767356
12.40119,15.20488,43.46382,4262.00238,0.29156,54.74089,14.718125872172473,5.482889144582683,-3.999999931767356
12.43413,15.25257,43.50562,4253.72122,0.45805,54.73317,14.575056648457622,5.429592094371069,-3.999999931767356
12.467,15.30018,43.5657,4245.48819,0.62137,54.72562,14.396551652798458,5.363094286738924,-3.999999931767356
12.49982,15.34769,43.64358,4237.32332,0.78082,54.71831,14.185005819920347,5.284287897885973,-3.999999931767356
12.53258,15.39511,43.73874,4229.24541,0.93576,54.71128,13.943116620261351,5.194177806525113,-3.999999931767356
12.56528,15.44244,43.85058,4221.27183,1.08558,54.70456,13.673816249317191,5.093856332629207,-3.999999931767356
12.59792,15.48967,43.97844,4213.41841,1.22972,54.6982,13.380202422374035,4.984477456648144,-3.999999931767356
12.63051,15.53682,44.12161,4205.69934,1.36772,54.69224,13.06547031148213,4.867231464240682,-3.999999931767356
12.66303,15.58389,44.27934,4198.12716,1.49915,54.6867,12.732847854848426,4.743320847321072,-3.999999931767356
12.6955,15.63087,44.45083,4190.71267,1.62366,54.68161,12.385536275927501,4.613938145855404,-3.999999931767356
12.72792,15.67776,44.63528,4183.46501,1.74096,54.67699,12.026657207901899,4.480246250339288,-3.999999931767356
12.76028,15.72458,44.83184,4176.39166,1.8508,54.67287,11.659207364378753,4.343361515439661,-3.999999931767356
12.79259,15.77131,45.03965,4169.49852,1.95304,54.66925,11.286021259905326,4.204339872405947,-3.999999931767356
12.82484,15.81797,45.25785,4162.79001,2.04754,54.66614,10.90974208827676,4.064165980473448,-3.999999931767356
12.85704,15.86456,45.48555,4156.26913,2.13425,54.66356,10.532800529542957,3.9237453319157924,-3.999999931767356
12.88919,15.91107,45.72191,4149.93761,2.21316,54.66151,10.157400987394029,3.7838991251089027,-3.999999931767356
12.92129,15.95752,45.96605,4143.79601,2.2843,54.65997,9.78551456001244,3.6453616459884604,-3.999999931767356
12.95334,16.0039,46.21712,4137.84382,2.34773,54.65897,9.418877916989882,3.5087798496718956,-3.999999931767356
12.98535,16.05021,46.47428,4132.07964,2.40357,54.65847,9.058997186074352,3.374714808373945,-3.999999931767356
13.01731,16.09646,46.73672,4126.50122,2.45195,54.65849,8.707155937207858,3.2436446856707635,-3.999999931767356
13.04922,16.14266,47.00363,4121.10563,2.49303,54.65901,8.36442637717765,3.1159689068020615,-3.999999931767356
13.08109,16.1888,47.27424,4115.88936,2.52699,54.66002,8.031682925948303,2.9920132162120145,-3.999999931767356
13.11292,16.23488,47.54779,4110.84841,2.55403,54.66151,7.709617425161119,2.87203534311546,-3.999999931767356
13.1447,16.28091,47.82356,4105.97837,2.57438,54.66347,7.39875532189849,2.7562310303759308,-3.999999931767356
13.17645,16.3269,48.10084,4101.27455,2.58825,54.66587,7.0994722689868315,2.644740218555289,-3.999999931767356
13.20815,16.37284,48.37896,4096.73202,2.59588,54.66871,6.81201068116615,2.5376532135225025,-3.999999931767356
13.23982,16.41873,48.65727,4092.34566,2.59751,54.67198,6.536495880014252,2.4350167008627137,-3.999999931767356
13.27145,16.46458,48.93515,4088.11029,2.59338,54.67565,6.272951546499233,2.336839502359622,-3.999999931767356
13.30304,16.51039,49.212,4084.02066,2.58374,54.67971,6.021314276670375,2.243097998373325,-3.999999931767356
13.3346,16.55616,49.48728,4080.0715,2.56882,54.68415,5.781447102382229,2.153741164665796,-3.999999931767356
13.36612,16.6019,49.76043,4076.25761,2.54886,54.68896,5.553151894872828,2.06869519306012,-3.999999931767356
13.39761,16.6476,50.03094,4072.57382,2.5241,54.6941,5.336180614861535,1.9878676823979529,-3.999999931767356
13.42907,16.69327,50.29833,4069.01507,2.49478,54.69958,5.1302454094293415,1.9111513998930998,-3.999999931767356
13.4605,16.7389,50.56214,4065.57641,2.46111,54.70538,4.935027584044399,1.8384276234470873,-3.999999931767356
13.49189,16.78451,50.82193,4062.253,2.42331,54.71148,4.750185498995957,1.7695690832785806,-3.999999931767356
13.52325,16.83009,51.07729,4059.04017,2.3816,54.71787,4.575361454109175,1.7044425266607923,-3.999999931767356
13.55459,16.87565,51.32783,4055.93337,2.33619,54.72454,4.410187635088718,1.6429109330909344,-3.999999931767356
13.58589,16.92118,51.57317,4052.92824,2.28726,54.73147,4.2542912000828155,1.5848354091691628,-3.999999931767356
13.61717,16.96669,51.81297,4050.02055,2.23502,54.73865,4.1072985870501855,1.5300767932060904,-3.999999931767356
13.64842,17.01217,52.04689,4047.20624,2.17964,54.74607,3.9688391218941823,1.4784969993476949,-3.999999931767356
13.67964,17.05763,52.27464,4044.48142,2.1213,54.75372,3.838548004854,1.4299601300846165,-3.999999931767356
13.71083,17.10308,52.49592,4041.84234,2.06017,54.76159,3.7160687488229205,1.3843333845898622,-3.999999931767356
13.742,17.1485,52.71046,4039.28542,1.99642,54.76966,3.6010551385465965,1.341487788571717,-3.999999931767356
13.77315,17.19391,52.91799,4036.80722,1.93019,54.77793,3.493172774401815,1.3012987693719487,-3.999999931767356
13.80426,17.2393,53.11828,4034.40445,1.86163,54.78639,3.3921002589509635,1.2636465979885727,-3.999999931767356
13.83536,17.28468,53.3111,4032.07396,1.7909,54.79502,3.2975300789272484,1.2284167176385468,-3.999999931767356
13.86643,17.33004,53.49624,4029.81274,1.71811,54.80383,3.209169229876775,1.1954999764533842,-3.999999931767356
13.89747,17.37539,53.6735,4027.61788,1.64341,54.81279,3.1267396254937694,1.1647927799672928,-3.999999931767356
13.9285,17.42073,53.84271,4025.48662,1.56691,54.82191,3.0499783287978954,1.1361971772368091,-3.999999931767356
13.9595,17.46605,54.00367,4023.41629,1.48874,54.83118,2.978637637771616,1.109620892742968,-3.999999931767356
13.99047,17.51137,54.15624,4021.40434,1.409,54.84058,2.9124850539295206,1.0849773146825514,-3.999999931767356
14.02143,17.55667,54.30027,4019.4483,1.32782,54.85011,2.8513031585075432,1.0621854488453124,-3.999999931767356
14.05236,17.60196,54.43562,4017.54582,1.24528,54.85977,2.794889417593473,1.0411698460199643,-3.999999931767356
14.08327,17.64724,54.56217,4015.6946,1.1615,54.86954,2.74305593448468,1.021860509740918,-3.999999931767356
14.11416,17.69252,54.67979,4013.89243,1.07658,54.87943,2.695629164880779,1.0041927901900543,-3.999999931767356
14.14503,17.73779,54.78838,4012.13717,0.99059,54.88941,2.6524496081680313,0.9881072691920425,-3.999999931767356
14.17588,17.78305,54.88785,4010.42675,0.90365,54.8995,2.6133714859890254,0.9735496404730862,-3.999999931767356
14.20671,17.8283,54.9781,4008.75914,0.81582,54.90968,2.578262417478425,0.9604705886776987,-3.999999931767356
14.23752,17.87354,55.05906,4007.13237,0.7272,54.91995,2.5470030990108605,0.9488256700663614,-3.999999931767356
14.26831,17.91879,55.13065,4005.5445,0.63787,54.9303,2.519486994936385,0.9385751973063482,-3.999999931767356
14.29908,17.96402,55.19281,4003.99364,0.54792,54.94073,2.495620044636204,0.9296841303422739,-3.999999931767356
14.32982,18.00925,55.2455,4002.47792,0.45741,54.95123,2.4753203902288585,0.9221219749594852,-3.999999931767356
14.36055,18.05448,55.28866,4000.9955,0.36642,54.96179,2.4585181283984094,0.9158626903335272,-3.999999931767356
14.39126,18.0997,55.32225,3999.54455,0.27504,54.97242,2.4451550890870677,0.9108846065873272,-3.999999931767356
14.42196,18.14491,55.34625,3998.12325,0.18334,54.9831,2.4351846431536552,0.9071703531389098,-3.999999931767356
14.45263,18.19013,55.36062,3996.72978,0.09138,54.99384,2.4285715405481794,0.9047067984171685,-3.999999931767356
14.48328,18.23534,55.36537,3995.36234,-0.00076,55.00462,2.425291780068409,0.903485001342762,-3.999999931767356
14.51392,18.28054,55.36046,3994.0191,-0.093,55.01544,2.4253325113202875,0.9035001748057905,-3.999999931767356
14.54453,18.32575,55.34592,3992.69822,-0.18527,55.0263,2.428691969113372,0.9047516612263691,-3.999999931767356
14.57513,18.37095,55.32174,3991.39785,-0.27751,55.03719,2.435379440128536,0.9072429201374699,-3.999999931767356
14.60571,18.41615,55.28793,3990.11611,-0.36963,55.04811,2.4454152613361444,0.9109815275956522,-3.999999931767356
14.63627,18.46134,55.24452,3988.85107,-0.46157,55.05904,2.4588308492483315,0.9159791870783038,-3.999999931767356
14.66681,18.50654,55.19154,3987.60078,-0.55325,55.07,2.47566875871081,0.9222517513851387,-3.999999931767356
14.69734,18.55173,55.12902,3986.36324,-0.6446,55.08096,2.4959827694874366,0.9298192548932236,-3.999999931767356
14.72785,18.59692,55.05701,3985.1364,-0.73554,55.09194,2.5198379984320436,0.9387059553439387,-3.999999931767356
14.75833,18.64211,54.97557,3983.91815,-0.82599,55.10291,2.547311034495737,0.9489403841367482,-3.999999931767356
14.78881,18.6873,54.88474,3982.70631,-0.91587,55.11388,2.5784900932079142,0.9605554038774422,-3.999999931767356
14.81926,18.73248,54.78461,3981.49862,-1.00511,55.12483,2.613475186564847,0.9735882716661062,-3.999999931767356
14.84969,18.77766,54.67524,3980.29276,-1.09362,55.13577,2.6523783034617834,0.9880807063128249,-3.999999931767356
14.88011,18.82285,54.55673,3979.08631,-1.1813,55.14669,2.6953235948539827,1.0040789573150413,-3.999999931767356
14.91051,18.86803,54.42917,3977.87677,-1.26809,55.15757,2.7424475567841893,1.0216338730401044,-3.999999931767356
14.94089,18.9132,54.29267,3976.6615,-1.35387,55.16842,2.7938992031568164,1.0408009650881997,-3.999999931767356
14.97126,18.95838,54.14734,3975.43779,-1.43856,55.17923,2.849840218768085,1.061640465300103,-3.999999931767356
15.0016,19.00355,53.99331,3974.2028,-1.52206,55.18998,2.910445081459132,1.0842173712624257,-3.999999931767356
15.03193,19.04872,53.8307,3972.95356,-1.60427,55.20068,2.97590114049706,1.1086014755066194,-3.999999931767356
15.06224,19.09389,53.65968,3971.68696,-1.68507,55.21132,3.0464086362086564,1.1348673728230527,-3.999999931767356
15.09253,19.13905,53.48038,3970.39975,-1.76436,55.22187,3.1221806436551183,1.1630944392783633,-3.999999931767356
15.1228,19.18422,53.293,3969.08854,-1.84203,55.23235,3.203442920601414,1.1933667755800474,-3.999999931767356
15.15306,19.22937,53.0977,3967.74977,-1.91795,55.24274,3.2904336372720637,1.2257731064033734,-3.999999931767356
15.18329,19.27453,52.89469,3966.37971,-1.99199,55.25302,3.3834029623848783,1.2604066261780609,-3.999999931767356
15.21351,19.31968,52.68416,3964.97446,-2.06403,55.2632,3.482612476741268,1.2973647806352409,-3.999999931767356
15.24371,19.36482,52.46635,3963.52994,-2.13392,55.27325,3.5883343822245575,1.3367489721385144,-3.999999931767356
15.27389,19.40996,52.24149,3962.04188,-2.20153,55.28317,3.700850470520823,1.37866417550533,-3.999999931767356
15.30405,19.4551,52.00984,3960.5058,-2.26671,55.29295,3.820450812285396,1.4232184496870173,-3.999999931767356
15.33419,19.50023,51.77166,3958.91703,-2.32929,55.30258,3.947432123883825,1.4705223293368201,-3.999999931767356
15.36431,19.54535,51.52723,3957.27069,-2.38912,55.31204,4.082095765497797,1.5206880790516812,-3.999999931767356
15.39441,19.59046,51.27687,3955.56169,-2.44603,55.32132,4.224745321333262,1.5738287919360967,-3.999999931767356
15.42449,19.63556,51.02089,3953.78472,-2.49984,55.33041,4.37568371024548,1.6300573132339273,-3.999999931767356
15.45455,19.68066,50.75964,3951.93427,-2.55038,55.33929,4.535209773531533,1.689484969191323,-3.999999931767356
15.48459,19.72575,50.49346,3950.0046,-2.59744,55.34795,4.703614286235699,1.7522200811630295,-3.999999931767356
15.5146,19.77082,50.22274,3947.98977,-2.64084,55.35638,4.881175339549957,1.8183662454350784,-3.999999931767356
15.5446,19.81588,49.94788,3945.88365,-2.68037,55.36456,5.068153045112736,1.8880203604367332,-3.999999931767356
15.57457,19.86093,49.66931,3943.6799,-2.71584,55.37247,5.264783517848665,1.9612703851899769,-3.999999931767356
15.60452,19.90597,49.38745,3941.37202,-2.74701,55.38009,5.4712721028666795,2.038192816150842,-3.999999931767356
15.63445,19.95099,49.10278,3938.95334,-2.77369,55.38742,5.687785824625733,2.1188498743249666,-3.999999931767356
15.66436,19.99599,48.81579,3936.41706,-2.79565,55.39444,5.914445053449187,2.2032864008249375,-3.999999931767356
15.69424,20.04097,48.52697,3933.75627,-2.81266,55.40111,6.151314406361259,2.2915264671924516,-3.999999931767356
15.72409,20.08594,48.23687,3930.96398,-2.8245,55.40744,6.398392926386495,2.3835697169289727,-3.999999931767356
15.75392,20.13088,47.94604,3928.03317,-2.83095,55.4134,6.655603617424274,2.47938746696113,-3.999999931767356
15.78373,20.1758,47.65506,3924.95682,-2.83178,55.41898,6.922782450672699,2.5789186122443595,-3.999999931767356
15.81351,20.2207,47.36452,3921.728,-2.82678,55.42415,7.199667003160721,2.6820653933171816,-3.999999931767356
15.84326,20.26557,47.07505,3918.33986,-2.81574,55.4289,7.485884938717568,2.7886891051592295,-3.999999931767356
15.87298,20.31041,46.78729,3914.78577,-2.79844,55.43322,7.780942595679663,2.8986058458117996,-3.999999931767356
15.90267,20.35523,46.50189,3911.05935,-2.77469,55.43709,8.084214001999324,3.0115824242168157,-3.999999931767356
15.93234,20.40001,46.21953,3907.15457,-2.74432,55.44048,8.394930695049194,3.1273325678261186,-3.999999931767356
15.96197,20.44475,45.94091,3903.0658,-2.70717,55.4434,8.7121727770806,3.245513590524361,-3.999999931767356
15.99157,20.48946,45.66672,3898.78796,-2.66308,55.44583,9.03486168437884,3.3657236989490973,-3.999999931767356
16.02114,20.53413,45.3977,3894.31658,-2.61195,55.44775,9.361755184103886,3.4875001286823037,-3.999999931767356
16.05068,20.57876,45.13456,3889.64788,-2.55368,55.44916,9.691445132765557,3.6103183092234032,-3.999999931767356
16.08018,20.62335,44.87803,3884.77892,-2.48821,55.45005,10.02235852912055,3.7335922562211095,-3.999999931767356
16.10965,20.66789,44.62884,3879.70766,-2.41553,55.45042,10.352762366917581,3.8566763792486847,-3.999999931767356
16.13908,20.71238,44.38772,3874.43307,-2.33564,55.45026,10.680772735019014,3.9788688718386704,-3.999999931767356
16.16847,20.75682,44.15539,3868.95523,-2.24861,55.44958,11.004368520671928,4.099416816311928,-3.999999931767356
16.19782,20.80121,43.93255,3863.27539,-2.15453,55.44839,11.321409944733384,4.217523088636735,-3.999999931767356
16.22714,20.84554,43.7199,3857.39606,-2.05356,55.44668,11.62966199618158,4.332355088400791,-3.999999931767356
16.25641,20.88981,43.5181,3851.32107,-1.9459,55.44447,11.92682264109921,4.443055247399742,-3.999999931767356
16.28564,20.93402,43.32778,3845.05558,-1.83179,55.44178,12.210555465192286,4.548753189834317,-3.999999931767356
16.31483,20.97817,43.14957,3838.60616,-1.71154,55.43863,12.478526178906593,4.648579331426718,-3.999999931767356
16.34397,21.02225,42.98402,3831.98073,-1.58552,55.43503,12.728442183096037,4.741679618673106,-3.999999931767356
16.37307,21.06626,42.83166,3825.1886,-1.45411,55.43102,12.958094176099348,4.827231028574439,-3.999999931767356
16.40212,21.1102,42.69296,3818.24035,-1.31779,55.42661,13.165398596094867,4.904457379530335,-3.999999931767356
16.43112,21.15407,42.56835,3811.14782,-1.17705,55.42186,13.348439551897483,4.972644951664209,-3.999999931767356
16.46007,21.19786,42.45821,3803.92402,-1.03245,55.41679,13.505508814943374,5.031157384889839,-3.999999931767356
16.48898,21.24158,42.36282,3796.58295,-0.88456,55.41144,13.635142436076826,5.079449319627901,-3.999999931767356
16.51783,21.28521,42.28244,3789.13954,-0.73401,55.40586,13.736152619144798,5.117078270558593,-3.999999931767356
16.54663,21.32877,42.21725,3781.60944,-0.58143,55.40008,13.807653629587337,5.143714278253246,-3.999999931767356
16.57538,21.37224,42.16734,3774.00889,-0.42751,55.39415,13.849080734431524,5.1591469648204376,-3.999999931767356
16.60408,21.41563,42.13277,3766.3545,-0.2729,55.38813,13.860201448757628,5.163289723510515,-3.999999931767356
16.63272,21.45894,42.11351,3758.66312,-0.11831,55.38205,13.841118685406494,5.156180892064495,-3.999999931767356
16.66131,21.50216,42.10945,3750.9516,0.0356,55.37596,13.792265749297284,5.137981887965704,-3.999999931767356
16.68984,21.54529,42.12043,3743.23664,0.18814,55.36991,13.71439346218496,5.108972412073177,-3.999999931767356
16.71832,21.58834,42.14623,3735.53462,0.33865,55.36395,13.608550026240897,5.069542947275606,-3.999999931767356
16.74674,21.6313,42.18656,3727.86139,0.48652,55.35812,13.476054515173614,5.020184883236334,-3.999999931767356
16.77511,21.67418,42.24107,3720.23218,0.63112,55.35246,13.318465104043053,4.9614786811632445,-3.999999931767356
16.80343,21.71697,42.30935,3712.66144,0.7719,55.34701,13.137543302490702,4.894080549745898,-3.999999931767356
16.83169,21.75968,42.39096,3705.1627,0.90831,55.34182,12.935215536149808,4.81870813321999,-3.999999931767356
16.85989,21.8023,42.48539,3697.74854,1.03987,55.33691,12.713533428139021,4.736125715178667,-3.999999931767356
16.88804,21.84484,42.59209,3690.43046,1.16614,55.33232,12.474634073059482,4.6471294195912,-3.999999931767356
16.91614,21.88729,42.71051,3683.21888,1.28672,55.32808,12.220701479886474,4.552532847265615,-3.999999931767356
16.94418,21.92967,42.84001,3676.12308,1.40127,55.32421,11.95393020046117,4.453153526504885,-3.999999931767356
16.97217,21.97197,42.97998,3669.15118,1.50949,55.32073,11.6764919714483,4.349800486358451,-3.999999931767356
17.00011,22.01418,43.12976,3662.31021,1.61113,55.31767,11.390505993923687,4.243263184986594,-3.999999931767356
17.028,22.05633,43.28866,3655.60606,1.706,55.31504,11.098013269375954,4.134301949145806,-3.999999931767356
17.05583,22.09839,43.45602,3649.04356,1.79394,55.31285,10.800955215366754,4.023640007959575,-3.999999931767356
17.08362,22.14039,43.63113,3642.62653,1.87484,55.31112,10.501156607045395,3.9119571381837406,-3.999999931767356
17.11135,22.18231,43.81331,3636.35781,1.94863,55.30984,10.200312738511204,3.7998848814761756,-3.999999931767356
17.13904,22.22417,44.00185,3630.23935,2.01529,55.30903,9.89998057410172,3.688003248018809,-3.999999931767356
17.16668,22.26596,44.19606,3624.27227,2.07481,55.30868,9.601573565321003,3.576838785687052,-3.999999931767356
17.19428,22.30768,44.39526,3618.45696,2.12725,55.30879,9.306359743517534,3.4668638695221246,-3.999999931767356
17.22182,22.34934,44.59878,3612.79308,2.17267,55.30937,9.015462659399809,3.358497051725342,-3.999999931767356
17.24933,22.39095,44.80594,3607.27973,2.21117,55.31041,8.729864724629627,3.2521043064895294,-3.999999931767356
17.27679,22.43249,45.0161,3601.91542,2.24286,55.31189,8.450412514341854,3.1480010053271577,-3.999999931767356
17.3042,22.47398,45.22862,3596.69825,2.26788,55.31382,8.177823608351385,3.0464544655999366,-3.999999931767356
17.33158,22.51541,45.44288,3591.62586,2.28638,55.31619,7.912694579098047,2.9476869262384655,-3.999999931767356
17.35891,22.55679,45.65828,3586.69558,2.29854,55.31898,7.655509772369833,2.851878818792679,-3.999999931767356
17.3862,22.59813,45.87423,3581.90445,2.30453,55.32218,7.406650569334079,2.7591722177821505,-3.999999931767356
17.41346,22.63941,46.09018,3577.24926,2.30454,55.32579,7.16640486270212,2.669674370816765,-3.999999931767356
17.44067,22.68065,46.30559,3572.72663,2.29878,55.32979,6.934976523815128,2.583461225335288,-3.999999931767356
17.46785,22.72184,46.51993,3568.33304,2.28744,55.33417,6.712494679466753,2.500580884465885,-3.999999931767356
17.49499,22.76299,46.73269,3564.06484,2.27073,55.33891,6.499022656188733,2.4210569390078485,-3.999999931767356
17.52209,22.8041,46.94341,3559.91833,2.24886,55.34401,6.294566484852036,2.344891635619297,-3.999999931767356
17.54916,22.84517,47.15161,3555.88977,2.22203,55.34944,6.099082889287368,2.2720688527885025,-3.999999931767356
17.5762,22.8862,47.35687,3551.97538,2.19045,55.35521,5.912486709228189,2.2025568660754784,-3.999999931767356
17.6032,22.9272,47.55876,3548.17141,2.15434,55.36129,5.734657730172775,2.1363108924152985,-3.999999931767356
17.63017,22.96816,47.75688,3544.47412,2.11389,55.36767,5.565446911111944,2.0732754101105377,-3.999999931767356
17.65711,23.00909,47.95086,3540.87981,2.0693,55.37434,5.404682015690855,2.013386256587206,-3.999999931767356
17.68401,23.04999,48.14033,3537.38484,2.02078,55.38129,5.252172663764438,1.9565725102320612,-3.999999931767356
17.71089,23.09086,48.32496,3533.98561,1.96851,55.3885,5.107714828811091,1.9027581657975479,-3.999999931767356
17.73773,23.1317,48.50441,3530.67862,1.91269,55.39596,4.971094812712044,1.8518636151116856,-3.999999931767356
17.76454,23.17251,48.67838,3527.46041,1.8535,55.40366,4.842092733407187,1.8038069463216397,-3.999999931767356
17.79133,23.2133,48.84659,3524.32763,1.79113,55.41159,4.7204855632352904,1.7585050757553915,-3.999999931767356
17.81809,23.25406,49.00876,3521.27697,1.72573,55.41974,4.6060497567062555,1.7158747268360424,-3.999999931767356
17.84481,23.29479,49.16464,3518.30524,1.6575,55.4281,4.49856350633701,1.675833270440043,-3.999999931767356
17.87151,23.33551,49.31398,3515.40932,1.58658,55.43665,4.397808664227571,1.6382994407348315,-3.999999931767356
17.89819,23.3762,49.45657,3512.58614,1.51315,55.44539,4.303572365522832,1.6031939399610702,-3.999999931767356
17.92483,23.41687,49.59218,3509.83276,1.43736,55.4543,4.215648387926683,1.5704399448874227,-3.999999931767356
17.95145,23.45751,49.72063,3507.14626,1.35935,55.46338,4.133838279213022,1.5399635268380747,-3.999999931767356
17.97805,23.49814,49.84172,3504.52384,1.27928,55.47262,4.0579522822415965,1.5116939962854694,-3.999999931767356
18.00462,23.53875,49.9553,3501.96272,1.19729,55.482,3.9878100845620317,1.485564182097538,-3.999999931767356
18.03116,23.57935,50.06119,3499.46022,1.11352,55.49152,3.9232414171809205,1.461510654594188,-3.999999931767356
18.05768,23.61992,50.15927,3497.0137,1.0281,55.50117,3.8640865246912943,1.439473900682907,-3.999999931767356
18.08417,23.66048,50.24939,3494.62057,0.94117,55.51095,3.8101965266145488,1.419398458468133,-3.999999931767356
18.11064,23.70102,50.33144,3492.2783,0.85285,55.52083,3.7614336876352708,1.4012330179208403,-3.999999931767356
18.13709,23.74155,50.4053,3489.98439,0.76326,55.53082,3.717671612322729,1.384930493417418,-3.999999931767356
18.1635,23.78206,50.47089,3487.73636,0.67276,55.54726,3.6787900711890704,1.3704460963102123,0.0
18.1899,23.82256,50.52812,3485.53176,0.58123,55.56373,3.6446806331524404,1.3577394331682393,0.0
18.21626,23.86305,50.57694,3483.36818,0.4888,55.58023,3.6152518671331393,1.346776443508614,0.0
18.2426,23.90353,50.61726,3481.24325,0.39558,55.59676,3.590423863050252,1.337527358723635,0.0
18.26891,23.944,50.64903,3479.1546,0.30169,55.61333,3.570128230471899,1.3299667015779661,0.0
18.29519,23.98446,50.6722,3477.09988,0.20723,55.62992,3.5543080722782756,1.324073276397428,0.0
18.32145,24.02491,50.68674,3475.07672,0.11233,55.64655,3.5429179450748314,1.3198301543218613,0.0
18.34768,24.06535,50.69263,3473.08275,0.01708,55.6632,3.535923810101128,1.3172246550173903,0.0
18.37389,24.10579,50.68985,3471.11561,-0.0784,55.67989,3.5333029773637734,1.3162483258644662,0.0
18.40007,24.14621,50.67838,3469.17289,-0.174,55.69661,3.53504404470998,1.3168969192611668,0.0
18.42622,24.18662,50.65824,3467.25217,-0.26962,55.71336,3.5411468326245408,1.319170368333355,0.0
18.45235,24.22703,50.62944,3465.35101,-0.36514,55.73015,3.55162231461921,1.3230727610028887,0.0
18.47845,24.26743,50.592,3463.46691,-0.46045,55.74696,3.566492542136794,1.3286123120124225,0.0
18.50453,24.30782,50.54595,3461.59736,-0.55545,55.7638,3.5857905620275554,1.3358013321831939,0.0
18.53058,24.34821,50.49134,3459.73976,-0.65001,55.78068,3.6095603236872775,1.3446561938215098,0.0
18.5566,24.38858,50.42822,3457.89148,-0.74404,55.79759,3.6378565719961564,1.3551972908356684,0.0
18.5826,24.42895,50.35666,3456.04983,-0.83741,55.81453,3.670744721224584,1.3674489917625434,0.0
18.60858,24.46931,50.27672,3454.21204,-0.93001,55.8315,3.708300704000869,1.3814395835040878,0.0
18.63453,24.50966,50.18849,3452.37527,-1.02171,55.8485,3.7506107883431197,1.3972012031668952,0.0
18.66045,24.55001,50.09207,3450.53659,-1.11241,55.86553,3.7977713545991376,1.4147697549664402,0.0
18.68635,24.59035,49.98756,3448.693,-1.20198,55.88259,3.8498886228866747,1.4341848086914066,0.0
18.71222,24.63067,49.87508,3446.84139,-1.29028,55.89969,3.9070783203290054,1.4554894757401764,0.0
18.73807,24.671,49.75476,3444.97856,-1.3772,55.91681,3.9694652760017455,1.4787302582278683,0.0
18.76389,24.71131,49.62674,3443.10121,-1.4626,55.93396,4.037182930057551,1.5039568661223677,0.0
18.78968,24.75161,49.49117,3441.20591,-1.54634,55.95115,4.110372742016368,1.531221996816879,0.0
18.81545,24.79191,49.34821,3439.28914,-1.62829,55.96836,4.189183481664009,1.560581070970985,0.0
18.84119,24.8322,49.19804,3437.34724,-1.7083,55.9856,4.273770384490001,1.5920919178890267,0.0
18.86691,24.87247,49.04086,3435.37642,-1.78623,56.00287,4.364294152070268,1.6258144031363495,0.0
18.89259,24.91274,48.87686,3433.37279,-1.86193,56.02016,4.460919776384308,1.6618099905665153,0.0
18.91826,24.953,48.70627,3431.3323,-1.93523,56.03749,4.563815165766339,1.7001412304519563,0.0
18.94389,24.99325,48.52932,3429.25078,-2.00598,56.05484,4.673149549101935,1.740871165005226,0.0
18.9695,25.03348,48.34625,3427.12392,-2.07402,56.07222,4.789091634117952,1.7840626422935484,0.0
18.99508,25.07371,48.15732,3424.94727,-2.13918,56.08962,4.911807495250067,1.8297775294138927,0.0
19.02063,25.11392,47.96281,3422.71626,-2.20128,56.10705,5.041458166747712,1.8780758158612398,0.0
19.04615,25.15412,47.76302,3420.42618,-2.26014,56.12451,5.178196917570584,1.9290145983558247,0.0
19.07164,25.19431,47.55825,3418.07217,-2.3156,56.14199,5.322166186347918,1.9826469390348247,0.0
19.0971,25.23448,47.34882,3415.64929,-2.36746,56.15949,5.473494157472152,2.0390205899571563,0.0
19.12254,25.27464,47.13508,3413.15246,-2.41553,56.17702,5.632290963429979,2.0981765783718718,0.0
19.14794,25.31479,46.91739,3410.57649,-2.45962,56.19457,5.798644503951773,2.1601476492413187,0.0
19.17331,25.35491,46.69611,3407.91611,-2.49955,56.21214,5.9726158797549305,2.2249565641903835,0.0
19.19865,25.39502,46.47165,3405.16599,-2.53511,56.22973,6.1542344476593005,2.2926142594068826,0.0
19.22396,25.43512,46.2444,3402.32072,-2.56611,56.24734,6.343492514974733,2.363117869161331,0.0
19.24923,25.47519,46.01481,3399.37486,-2.59235,56.26497,6.540339704303491,2.436448626547559,0.0
19.27448,25.51524,45.7833,3396.32298,-2.61365,56.28261,6.74467703549166,2.512569658853912,0.0
19.29968,25.55527,45.55034,3393.15965,-2.6298,56.30027,6.956350789195437,2.591423701580223,0.0
19.32485,25.59528,45.3164,3389.8795,-2.64062,56.31795,7.175146236478929,2.6729307625480123,0.0
19.34999,25.63527,45.08197,3386.47726,-2.64593,56.33565,7.400781340585875,2.7569857756447416,0.0
19.37509,25.67523,44.84757,3382.94778,-2.64555,56.35335,7.632900560122386,2.843456292346328,0.0
19.40015,25.71516,44.61371,3379.28609,-2.63931,56.37107,7.871068906761535,2.93218026805576,0.0
19.42518,25.75506,44.38092,3375.48746,-2.62706,56.3888,8.114766434207425,3.0229640090972065,0.0
19.45016,25.79494,44.14975,3371.54741,-2.60866,56.40654,8.363383357541457,3.1155803545440803,0.0
19.47511,25.83478,43.92075,3367.46183,-2.58398,56.42429,8.616216021754406,3.2097671743911698,0.0
19.50001,25.8746,43.69448,3363.22695,-2.55291,56.44205,8.872463953765687,3.305226271354242,0.0
19.52488,25.91437,43.47152,3358.83949,-2.51536,56.45981,9.13122824173872,3.4016227771223773,0.0
19.5497,25.95412,43.25244,3354.29666,-2.47127,56.47758,9.391511487208255,3.498585134524136,0.0
19.57447,25.99382,43.03782,3349.59625,-2.4206,56.49535,9.652219567718358,3.5957057541565893,0.0
19.5992,26.03348,42.82823,3344.73668,-2.36333,56.51312,9.912165428494472,3.692542426882923,0.0
19.62389,26.07311,42.62424,3339.71704,-2.29948,56.53089,10.170075090062046,3.788620561828451,0.0
19.64852,26.11269,42.42642,3334.5372,-2.22912,56.54866,10.424596013519585,3.883436302664924,0.0
19.67311,26.15222,42.23532,3329.19779,-2.15231,56.56643,10.674307906407094,3.976460553080852,0.0
19.69765,26.19171,42.0515,3323.70028,-2.06919,56.58419,10.917735980384922,4.067143915615697,0.0
19.72214,26.23115,41.87548,3318.04702,-1.97992,56.60195,11.153366588697901,4.154922517026717,0.0
19.74658,26.27054,41.70776,3312.24126,-1.88469,56.6197,11.379665079497535,4.239224659121227,0.0
19.77096,26.30988,41.54883,3306.28716,-1.78376,56.63744,11.595095604031378,4.319478197828326,0.0
19.79529,26.34916,41.39916,3300.18979,-1.6774,56.65518,11.798142521141033,4.395118516937595,0.0
19.81956,26.38838,41.25916,3293.95515,-1.56592,56.6729,11.987332946714563,4.465596928363422,0.0
19.84378,26.42755,41.12924,3287.59012,-1.4497,56.69061,12.161259914490385,4.530389300153859,0.0
19.86795,26.46666,41.00976,3281.10244,-1.32913,56.70831,12.318605548624202,4.589004688881503,0.0
19.89205,26.5057,40.90102,3274.50067,-1.20463,56.72599,12.458163603979562,4.6409937364948055,0.0
19.9161,26.54469,40.80332,3267.7941,-1.07667,56.74366,12.578860711680552,4.685956584845458,0.0
19.94008,26.58361,40.71688,3260.99274,-0.94575,56.76131,12.679775678030667,4.723550065043443,0.0
19.96401,26.62246,40.6419,3254.10714,-0.81238,56.77894,12.760156225757557,4.753493934011205,0.0
19.98787,26.66124,40.57851,3247.14841,-0.67709,56.79656,12.819432637138316,4.775575956906789,0.0
20.01167,26.69996,40.5268,3240.12803,-0.54045,56.81416,12.857227856107112,4.789655670424726,0.0
20.03542,26.73861,40.48683,3233.05778,-0.40301,56.83173,12.873363726404435,4.7956667066707785,0.0
20.05909,26.77719,40.45857,3225.94964,-0.26534,56.84929,12.8678631789249,4.793617608006537,0.0
20.08271,26.81569,40.44198,3218.81566,-0.12802,56.86683,12.840948326371432,4.783591117257979,0.0
20.10626,26.85413,40.43695,3211.66786,0.00838,56.88435,12.793034569017198,4.7657419819566975,0.0
20.12975,26.89249,40.44333,3204.51812,0.14332,56.90185,12.724720953990351,4.740293362919808,0.0
20.15317,26.93078,40.46093,3197.37806,0.27625,56.91932,12.636777154591908,4.707531983703262,0.0
20.17654,26.969,40.4895,3190.25899,0.40665,56.93678,12.53012753972908,4.66780219604661,0.0
20.19984,27.00714,40.52876,3183.17177,0.53402,56.95422,12.405832882008106,4.621499165656276,0.0
20.22307,27.04522,40.57839,3176.12678,0.65788,56.97164,12.265070303661844,4.569061401535954,0.0
20.24624,27.08322,40.63803,3169.13381,0.77779,56.98903,12.109112081567773,4.510962860298123,0.0
20.26935,27.12115,40.70731,3162.20203,0.89334,57.00641,11.939303927201072,4.447704854875088,0.0
20.2924,27.159,40.7858,3155.33996,1.00416,57.02377,11.757043327057623,4.3798079857566465,0.0
20.31539,27.19679,40.87305,3148.55541,1.1099,57.04112,11.563758477719633,4.307804293747785,0.0
20.33831,27.23451,40.9686,3141.85545,1.21027,57.05844,11.360888282129995,4.232229808054545,0.0
20.36118,27.27216,41.07197,3135.24645,1.305,57.07576,11.14986379472125,4.153617634106359,0.0
20.38398,27.30974,41.18264,3128.73403,1.39386,57.09305,10.932091418012154,4.072491693846138,0.0
20.40673,27.34725,41.30011,3122.3231,1.47666,57.11033,10.708938066856103,3.989361199022468,0.0
20.42942,27.3847,41.42385,3116.01786,1.55325,57.1276,10.481718432909148,3.9047159068688457,0.0
20.45205,27.42209,41.55332,3109.82181,1.62351,57.14486,10.251684404288978,3.819022178648271,0.0
20.47462,27.45941,41.68799,3103.73781,1.68735,57.1621,10.020016626686145,3.732719835945133,0.0
20.49714,27.49667,41.82732,3097.76812,1.74473,57.17934,9.787818133587413,3.646219787755806,0.0
20.5196,27.53387,41.97076,3091.91437,1.79561,57.19657,9.55610992600418,3.559902383821191,0.0
20.54202,27.57101,42.11779,3086.17768,1.84,57.21379,9.325828346138023,3.474116436248022,0.0
20.56437,27.60809,42.26786,3080.55865,1.87793,57.231,9.097824064220895,3.3891788420801796,0.0
20.58668,27.64512,42.42047,3075.05743,1.90945,57.24821,8.8728624827038,3.3053747338696176,0.0
20.60894,27.68209,42.57508,3069.67374,1.93464,57.26541,8.651625355567969,3.222958082912367,0.0
20.63114,27.71901,42.73119,3064.40692,1.95359,57.28261,8.434713421641888,3.1421526802284316,0.0
20.6533,27.75588,42.88831,3059.25597,1.96641,57.29981,8.222649857886806,3.06315342300149,0.0
20.67541,27.7927,43.04595,3054.2196,1.97322,57.31701,8.01588437029274,2.9861278385453005,0.0
20.69747,27.82947,43.20365,3049.29624,1.97417,57.33421,7.814797754964347,2.911217783428196,0.0
20.71949,27.86619,43.36094,3044.4841,1.96939,57.35141,7.619706779117516,2.838541261772743,0.0
20.74146,27.90287,43.51738,3039.78118,1.95905,57.36861,7.430869249776284,2.768194313478705,0.0
20.76338,27.9395,43.67254,3035.18531,1.94332,57.38582,7.248489156518782,2.700252930031226,0.0
20.78527,27.97609,43.82602,3030.69419,1.92236,57.40303,7.072721792556578,2.634774962237624,0.0
20.80711,28.01264,43.97741,3026.30539,1.89635,57.42025,6.903678775626698,2.5718019906417826,0.0
20.82891,28.04915,44.12633,3022.01639,1.86547,57.43747,6.741432906029596,2.51136113527111,0.0
20.85067,28.08562,44.27242,3017.82458,1.82992,57.4547,6.586022813552539,2.453466786737775,0.0
20.87239,28.12205,44.41532,3013.7273,1.78986,57.47194,6.437457357789404,2.3981222454736066,0.0
20.89406,28.15844,44.5547,3009.72186,1.74549,57.48918,6.295719757521054,2.345321260032936,0.0
20.91571,28.1948,44.69024,3005.8055,1.697,57.50644,6.160771434336952,2.2950494589427795,0.0
20.93731,28.23113,44.82164,3001.97548,1.64457,57.52371,6.032555563646275,2.2472856735479088,0.0
20.95887,28.26742,44.94861,2998.22902,1.58839,57.54099,5.911000332797394,2.2020031517460894,0.0
20.9804,28.30368,45.07088,2994.56334,1.52864,57.55828,5.796021911241653,2.159170664452232,0.0
21.00189,28.3399,45.18818,2990.97569,1.4655,57.57558,5.687527141788614,2.1187535081617854,0.0
21.02335,28.3761,45.30028,2987.4633,1.39915,57.5929,5.585415965030867,2.0807144081127666,0.0
21.04477,28.41227,45.40695,2984.02342,1.32978,57.61023,5.489583591241018,2.045014327374539,0.0
21.06616,28.44841,45.50796,2980.65332,1.25756,57.62757,5.399922435455285,2.011613187717363,0.0
21.08751,28.48452,45.60313,2977.35027,1.18265,57.64493,5.316323832308261,1.980470508433466,0.0
21.10883,28.5206,45.69226,2974.11157,1.10524,57.66231,5.238679547473305,1.9515459693883581,0.0
21.13012,28.55666,45.77518,2970.93455,1.02549,57.6797,5.166883102484723,1.9247999045519508,0.0
21.15138,28.59269,45.85172,2967.81653,0.94357,57.69711,5.100830929288044,1.9001937320989148,0.0
21.1726,28.6287,45.92175,2964.75486,0.85963,57.71454,5.040423370199034,1.8776903269197212,0.0
21.19379,28.66468,45.98512,2961.7469,0.77385,57.73198,4.98556553809669,1.857254341065166,0.0
21.21495,28.70064,46.04171,2958.79002,0.68638,57.74944,4.9361680506673595,1.8388524772716235,0.0
21.23608,28.73658,46.09142,2955.8816,0.59738,57.76692,4.8921476514509905,1.8224537203171145,0.0
21.25718,28.77249,46.13413,2953.01903,0.507,57.78441,4.853427729284166,1.8080295305275058,0.0
21.27825,28.80838,46.16978,2950.1997,0.4154,57.80193,4.819938746558411,1.7955540033139956,0.0
21.29928,28.84425,46.19828,2947.42098,0.32272,57.81946,4.791618585512968,1.785003998176284,0.0
21.32029,28.8801,46.21957,2944.68026,0.22913,57.83701,4.768412820621335,1.7763592401737294,0.0
21.34127,28.91593,46.23359,2941.9749,0.13476,57.85459,4.750274923918316,1.7696023964150707,0.0
21.36222,28.95173,46.24031,2939.30227,0.03977,57.87218,4.737166408986484,1.7647191296971778,0.0
21.38314,28.98752,46.2397,2936.6597,-0.05569,57.88979,4.729056918191097,1.7616981310023516,0.0
21.40403,29.02328,46.23175,2934.04451,-0.15149,57.90742,4.725924256624143,1.7605311321433748,0.0
21.42489,29.05903,46.21643,2931.45397,-0.24747,57.92507,4.72775437516731,1.7612128994540208,0.0
21.44573,29.09476,46.19377,2928.88536,-0.34348,57.94274,4.734541304008143,1.7637412090220768,0.0
21.46653,29.13046,46.16376,2926.3359,-0.43938,57.96042,4.746287036928721,1.7681168035838244,0.0
21.48731,29.16615,46.12645,2923.80275,-0.53502,57.97813,4.763001365666858,1.774343330819238,0.0
21.50806,29.20182,46.08187,2921.28306,-0.63025,57.99586,4.784701662660884,1.7824272624186894,0.0
21.52878,29.23747,46.03007,2918.77391,-0.72493,58.01361,4.811412609533943,1.7923777929362141,0.0
21.54947,29.2731,45.97111,2916.27233,-0.81891,58.03137,4.843165867711771,1.8042067170859601,0.0
21.57013,29.30871,45.90506,2913.77531,-0.91203,58.04916,4.8799996866566735,1.8179282837990407,0.0
21.59077,29.3443,45.832,2911.27975,-1.00414,58.06696,4.921958444289854,1.8335590250187572,0.0
21.61137,29.37988,45.75203,2908.78251,-1.09508,58.08479,4.969092113341238,1.8511175569018683,0.0
21.63195,29.41543,45.66526,2906.28035,-1.18471,58.10263,5.0214556465225035,1.8706243507793678,0.0
21.6525,29.45097,45.57181,2903.77,-1.27287,58.12049,5.079108272686353,1.892101470957291,0.0
21.67302,29.48648,45.4718,2901.24808,-1.35939,58.13837,5.14211269545223,1.9155722761837133,0.0
21.69352,29.52198,45.36537,2898.71115,-1.44411,58.15626,5.210534185202728,1.9410610813935176,0.0
21.71398,29.55745,45.25269,2896.1557,-1.52687,58.17418,5.284439554913633,1.9685927761781388,0.0
21.73442,29.59291,45.13392,2893.57812,-1.60751,58.19211,5.363896009992043,1.9981923963200021,0.0
21.75482,29.62834,45.00924,2890.97474,-1.68585,58.21006,5.448969862225016,2.029884644704554,0.0
21.7752,29.66376,44.87883,2888.34179,-1.76173,58.22802,5.539725098082621,2.0636933579754824,0.0
21.79555,29.69915,44.74292,2885.67544,-1.83498,58.246,5.636221792108266,2.0996409154808613,0.0
21.81587,29.73452,44.6017,2882.97178,-1.90541,58.26399,5.738514356933331,2.1377475873575635,0.0
21.83615,29.76987,44.45542,2880.22682,-1.97285,58.282,5.846649622686205,2.1780308190605875,0.0
21.85641,29.8052,44.30432,2877.43652,-2.03713,58.30003,5.960664740287072,2.220504450285201,0.0
21.87664,29.8405,44.14866,2874.59674,-2.09807,58.31806,6.08058490539041,2.265177867075637,0.0
21.89684,29.87578,43.9887,2871.70332,-2.15547,58.33611,6.206420902616156,2.31205508698658,0.0
21.917,29.91103,43.82473,2868.75205,-2.20918,58.35418,6.338166473309408,2.3611337785044064,0.0
21.93714,29.94626,43.65705,2865.73866,-2.25899,58.37225,6.475795514329436,2.4124042175223774,0.0
21.95724,29.98147,43.48596,2862.65887,-2.30474,58.39034,6.6192591205375795,2.46584818558957,0.0
21.97731,30.01664,43.3118,2859.5084,-2.34625,58.40843,6.76848248950433,2.5214378168328238,0.0
21.99735,30.05179,43.13488,2856.28294,-2.38333,58.42654,6.923361713737452,2.5791344029773087,0.0
22.01735,30.08692,42.95558,2852.97825,-2.41581,58.44465,7.083760493199223,2.638887168672704,0.0
22.03732,30.12201,42.77424,2849.59008,-2.44353,58.46277,7.249506809165841,2.700632032418308,0.0
22.05726,30.15707,42.59123,2846.1143,-2.46631,58.4809,7.420389609232768,2.7642903716403078,0.0
22.07716,30.1921,42.40694,2842.54681,-2.48401,58.49903,7.596155562592442,2.8297678139473517,0.0
22.09703,30.2271,42.22177,2838.88367,-2.49646,58.51717,7.776505954062214,2.8969530800742334,0.0
22.11686,30.26207,42.03611,2835.12106,-2.50352,58.53531,7.961093794644474,2.965716907489513,0.0
22.13666,30.297,41.85039,2831.25534,-2.50506,58.55345,8.149521235180613,3.0359110869135675,0.0
22.15641,30.33189,41.66501,2827.28308,-2.50096,58.57159,8.341337377432673,3.1073676468889118,0.0
22.17614,30.36675,41.48042,2823.20107,-2.49112,58.58974,8.536036583287329,3.1798982239141904,0.0
22.19582,30.40157,41.29703,2819.0064,-2.47544,58.60788,8.733057386986923,3.2532936572216244,0.0
22.21546,30.43635,41.1153,2814.69643,-2.45384,58.62603,8.931782116996082,3.3273238479123717,0.0
22.23506,30.47109,40.93565,2810.2689,-2.42627,58.64416,9.131537332436201,3.4017379215398544,0.0
22.25463,30.50579,40.75854,2805.7219,-2.39269,58.6623,9.331595173645894,3.476264731229067,0.0
22.27415,30.54045,40.5844,2801.05397,-2.35309,58.68043,9.531175716655333,3.5506137347802134,0.0
22.29363,30.57506,40.41367,2796.26406,-2.30748,58.69855,9.729450406951633,3.624476273836663,0.0
22.31306,30.60962,40.24679,2791.35163,-2.25589,58.71666,9.925546628612253,3.697527276007361,0.0
22.33246,30.64414,40.08419,2786.31663,-2.19839,58.73477,10.11855344060612,3.769427391789935,0.0
22.35181,30.6786,39.92628,2781.15956,-2.13506,58.75286,10.30752848324879,3.8398255674069515,0.0
22.37111,30.71302,39.77348,2775.88148,-2.06602,58.77095,10.491506024835875,3.9083620423885956,0.0
22.39037,30.74738,39.62619,2770.48401,-1.99143,58.78902,10.669506082302675,3.97467174725836,0.0
22.40958,30.78169,39.48478,2764.96939,-1.91146,58.80707,10.84054451159597,4.038388062462033,0.0
22.42874,30.81594,39.34963,2759.34043,-1.82632,58.82511,11.00364392464932,4.099146885228238,0.0
22.44786,30.85014,39.22108,2753.60055,-1.73625,58.84313,11.15784525218645,4.156590937016929,0.0
22.46693,30.88428,39.09945,2747.75377,-1.64153,58.86114,11.302219736929155,4.210374231304904,0.0
22.48595,30.91835,38.98504,2741.80467,-1.54245,58.87912,11.435881111947143,4.260166610341539,0.0
22.50491,30.95237,38.87812,2735.75842,-1.43934,58.89709,11.557997695829554,4.3056582509184365,0.0
22.52383,30.98633,38.77896,2729.6207,-1.33256,58.91504,11.667804121709272,4.346564033739579,0.0
22.5427,31.02022,38.68776,2723.39769,-1.22249,58.93296,11.76461241208129,4.382627669082575,0.0
22.56151,31.05404,38.60471,2717.09604,-1.10953,58.95086,11.847822117128603,4.413625473591804,0.0
22.58027,31.0878,38.52996,2710.72282,-0.9941,58.96874,11.916929250700642,4.439369699165508,0.0
22.59898,31.12149,38.46365,2704.28544,-0.87665,58.9866,11.971533785529573,4.459711325121064,0.0
22.61763,31.15512,38.40586,2697.79164,-0.75763,59.00443,12.011345506343803,4.474542238633783,0.0
22.63623,31.18867,38.35665,2691.24939,-0.63749,59.02223,12.03618806522689,4.483796745464796,0.0
22.65478,31.22216,38.31603,2684.66685,-0.51672,59.04001,12.0460011356426,4.487452372392071,0.0
22.67327,31.25557,38.28401,2678.05232,-0.39579,59.05776,12.040840617886829,4.48552994374665,0.0
22.69171,31.28892,38.26051,2671.41413,-0.27517,59.07549,12.02087690657755,4.478092936007087,0.0
22.71009,31.32219,38.24548,2664.76062,-0.15534,59.09319,11.986391287622256,4.465246135574996,0.0
22.72842,31.35539,38.2388,2658.10007,-0.03676,59.11086,11.937770585399496,4.44713364470935,0.0
22.74669,31.38851,38.24031,2651.4406,0.08012,59.12851,11.87550022812615,4.42393629819332,0.0
22.7649,31.42157,38.24986,2644.79019,0.19486,59.14613,11.800155939020732,4.395868568073996,0.0
22.78306,31.45455,38.26723,2638.15655,0.30703,59.16372,11.712394291170616,4.363175045101898,0.0
22.80117,31.48746,38.29219,2631.54713,0.41623,59.18129,11.6129423843152,4.3261265930611,0.0
22.81922,31.52029,38.32449,2624.96905,0.52208,59.19883,11.502586911873504,4.285016275949337,0.0
22.83721,31.55306,38.36385,2618.42906,0.62421,59.21634,11.38216288647517,4.240155157941652,0.0
22.85516,31.58575,38.40996,2611.93355,0.7223,59.23383,11.252542283135641,4.191868072674345,0.0
22.87304,31.61837,38.46252,2605.48847,0.81603,59.2513,11.114622841904984,4.140489451937024,0.0
22.89088,31.65092,38.52117,2599.09934,0.90514,59.26874,10.969317247966158,4.086359294974539,0.0
22.90866,31.6834,38.58557,2592.77124,0.98935,59.28615,10.817542878363897,4.029819348873691,0.0
22.92638,31.7158,38.65535,2586.50882,1.06846,59.30355,10.660212272356846,3.971209558518681,0.0
22.94406,31.74814,38.73014,2580.31623,1.14227,59.32092,10.49822444862634,3.9108648320229116,0.0
22.96168,31.78041,38.80954,2574.19721,1.21062,59.33828,10.332457158682251,3.849112154918841,0.0
22.97925,31.81262,38.89316,2568.15504,1.27336,59.35561,10.163760133024216,3.786268074175339,0.0
22.99678,31.84476,38.98062,2562.19257,1.33039,59.37292,9.992949346116264,3.7226365617498387,0.0
23.01425,31.87683,39.07149,2556.31221,1.38163,59.39021,9.820802298866695,3.6585072571879587,0.0
23.03167,31.90884,39.16539,2550.51599,1.42701,59.40749,9.648054293481133,3.594154079908262,0.0
23.04904,31.94078,39.26191,2544.80554,1.46651,59.42475,9.4753956557391,3.529834194427183,0.0
23.06637,31.97266,39.36064,2539.18213,1.50011,59.44199,9.303469844022748,3.4657873059224857,0.0
23.08365,32.00448,39.4612,2533.64667,1.52782,59.45922,9.132872372580591,3.4022352591206593,0.0
23.10088,32.03624,39.56317,2528.19977,1.54967,59.47644,8.964150468478216,3.339381910502051,0.0
23.11806,32.06794,39.66618,2522.8417,1.56572,59.49364,8.79780337704126,3.2774132420863915,0.0
23.1352,32.09959,39.76985,2517.57249,1.57602,59.51083,8.634283228900726,3.216497684430004,0.0
23.1523,32.13118,39.87378,2512.39189,1.58066,59.52801,8.473996382586483,3.156786616777202,0.0
23.16935,32.16271,39.97763,2507.29941,1.57973,59.54518,8.317305159549223,3.0984150134016173,0.0
23.18636,32.19419,40.08103,2502.29434,1.57335,59.56234,8.164529893006343,3.0415022068552062,0.0
23.20333,32.22561,40.18363,2497.3758,1.56163,59.5795,8.015951217679563,2.986152740955752,0.0
23.22025,32.25698,40.28509,2492.5427,1.5447,59.59665,7.871812534031249,2.9324572887797395,0.0
23.23713,32.2883,40.3851,2487.79381,1.52271,59.61379,7.732322587541381,2.880493613510884,0.0
23.25398,32.31958,40.48332,2483.12774,1.49579,59.63092,7.597658110713866,2.830327552657002,0.0
23.27078,32.3508,40.57945,2478.54298,1.46411,59.64805,7.467966482596055,2.78201400879101,0.0
23.28754,32.38197,40.67321,2474.03792,1.42782,59.66518,7.343368367422511,2.7355979325151485,0.0
23.30427,32.4131,40.7643,2469.61082,1.3871,59.6823,7.2239603004494795,2.6911152857523652,0.0
23.32095,32.44418,40.85246,2465.25987,1.3421,59.69943,7.10981719506408,2.6485939757104506,0.0
23.3376,32.47522,40.93744,2460.98316,1.293,59.71655,7.000994750651382,2.6080547518758834,0.0
23.35421,32.50621,41.01898,2456.77874,1.23998,59.73367,6.897531745610387,2.5695120602226122,0.0
23.37079,32.53716,41.09686,2452.64456,1.18321,59.75079,6.7994522041582695,2.5329748504036504,0.0
23.38733,32.56807,41.17085,2448.57855,1.12288,59.76791,6.706767429291153,2.4984473330824524,0.0
23.40383,32.59894,41.24074,2444.57858,1.05917,59.78504,6.619477897404264,2.4659296857287756,0.0
23.4203,32.62977,41.30635,2440.64245,0.99226,59.80216,6.537575012729717,2.435418706192915,0.0
23.43673,32.66055,41.36748,2436.76796,0.92232,59.81929,6.461042721865816,2.4069084141603474,0.0
23.45313,32.6913,41.42397,2432.95286,0.84955,59.83642,6.389858990438679,2.380390601247043,0.0
23.4695,32.72201,41.47565,2429.19485,0.77413,59.85355,6.323997145195095,2.355855330964365,0.0
23.48583,32.75268,41.52238,2425.49163,0.69624,59.87069,6.2634270858872565,2.3332913901780192,0.0
23.50213,32.78331,41.56402,2421.84084,0.61606,59.88784,6.208116371904428,2.3126866939069437,0.0
23.5184,32.81391,41.60046,2418.24012,0.53378,59.90498,6.158031189102262,2.294028645492666,0.0
23.53463,32.84447,41.63157,2414.68705,0.44957,59.92214,6.113137202420099,2.2773044542216794,0.0
23.55084,32.875,41.65727,2411.17923,0.36363,59.9393,6.073400299929023,2.2625014125029237,0.0
23.56701,32.90549,41.67745,2407.71419,0.27613,59.95646,6.038787233799323,2.2496071346450295,0.0
23.58315,32.93595,41.69206,2404.28944,0.18725,59.97363,6.0092661634070295,2.2386097591777903,0.0
23.59925,32.96637,41.70101,2400.90249,0.09717,59.99081,5.984807105442882,2.2294981165295984,0.0
23.61533,32.99676,41.70426,2397.55079,0.00608,60.008,5.965382295456134,2.222261863712024,0.0
23.63138,33.02712,41.70176,2394.23176,-0.08585,60.02519,5.95096646473476,2.216891587464978,0.0
23.6474,33.05744,41.69348,2390.94281,-0.17844,60.04238,5.941537035915249,2.2133788771265057,0.0
23.66338,33.08773,41.67941,2387.6813,-0.2715,60.05959,5.937074240142606,2.2117163682779726,0.0
23.67934,33.11799,41.65954,2384.44456,-0.36486,60.0768,5.937561158000575,2.2118977579916455,0.0
23.69526,33.14822,41.63387,2381.22988,-0.45834,60.09402,5.942983685895842,2.2139177923079285,0.0
23.71116,33.17841,41.6024,2378.0345,-0.55175,60.11125,5.953330428966955,2.217772226341113,0.0
23.72703,33.20858,41.56518,2374.85566,-0.64493,60.12848,5.968592521086704,2.223457757225531,0.0
23.74286,33.23871,41.52222,2371.6905,-0.73769,60.14573,5.988763371975765,2.2309719299087347,0.0
23.75867,33.26881,41.47359,2368.53617,-0.82984,60.16298,6.01383834101532,2.2403130156381112,0.0
23.77445,33.29887,41.41933,2365.38976,-0.92121,60.18023,6.043814336894587,2.2514798628190578,0.0
23.7902,33.32891,41.35953,2362.24829,-1.01162,60.19749,6.078689341916676,2.264471719806395,0.0
23.80591,33.35891,41.29424,2359.10878,-1.10089,60.21476,6.118461859487423,2.2792880290794164,0.0
23.8216,33.38889,41.22358,2355.96816,-1.18883,60.23204,6.163130283156001,2.2959281921929224,0.0
23.83726,33.41883,41.14764,2352.82335,-1.27526,60.24932,6.212692185509477,2.3143913048717266,0.0
23.85289,33.44874,41.06653,2349.6712,-1.36,60.26661,6.2671435252626795,2.3346758616307692,0.0
23.86849,33.47861,40.98038,2346.50855,-1.44287,60.28391,6.326477771094286,2.356779429381009,0.0
23.88406,33.50846,40.88932,2343.33215,-1.52368,60.30121,6.390684941146347,2.38069828961772,0.0
23.89961,33.53827,40.7935,2340.13875,-1.60226,60.31851,6.459750557620992,2.406427048980263,0.0
23.91512,33.56805,40.69308,2336.92505,-1.67841,60.33582,6.5336545166517315,2.4339582182494057,0.0
23.9306,33.59779,40.58822,2333.68772,-1.75195,60.35314,6.612369874583599,2.4632817602047417,0.0
23.94605,33.62751,40.4791,2330.42339,-1.82271,60.37046,6.695861552961275,2.4943846071986973,0.0
23.96147,33.65719,40.36591,2327.12868,-1.8905,60.38778,6.784084965982461,2.5272501498467905,0.0
23.97686,33.68683,40.24885,2323.80018,-1.95514,60.40511,6.876984575843679,2.56185769885594,0.0
23.99222,33.71644,40.12814,2320.43448,-2.01645,60.42243,6.974492383394196,2.598181922753332,0.0
24.00755,33.74602,40.00398,2317.02816,-2.07427,60.43976,7.0765263637439135,2.6361922651092,0.0
24.02285,33.77556,39.87662,2313.57781,-2.1284,60.45709,7.1829888589646975,2.6758523457757786,0.0
24.03812,33.80506,39.74629,2310.08003,-2.17869,60.47442,7.293764942795235,2.7171193516968373,0.0
24.05335,33.83453,39.61325,2306.53145,-2.22496,60.49175,7.40872077520961,2.7599434239411798,0.0
24.06855,33.86396,39.47774,2302.92874,-2.26706,60.50908,7.527701967892618,2.8042670487991916,0.0
24.08373,33.89335,39.34004,2299.26862,-2.30483,60.52641,7.650531984920414,2.850024461994299,0.0
24.09886,33.9227,39.20043,2295.54787,-2.33812,60.54374,7.7770106062653,2.8971410762980816,0.0
24.11397,33.95201,39.05919,2291.76338,-2.36678,60.56106,7.906912485039916,2.9455329440657607,0.0
24.12904,33.98128,38.91661,2287.91209,-2.39068,60.57838,8.039985832508252,2.9951062673682154,0.0
24.14408,34.01052,38.77298,2283.9911,-2.40969,60.59569,8.175951267718021,3.045756969449761,0.0
24.15909,34.03971,38.62862,2279.99761,-2.4237,60.613,8.314500871046972,3.0973703421492575,0.0
24.17406,34.06885,38.48383,2275.92899,-2.4326,60.6303,8.45529748269972,3.149820784571716,0.0
24.18899,34.09796,38.33892,2271.78279,-2.43631,60.6476,8.597974288301394,3.2029716487110287,0.0
24.20389,34.12702,38.19422,2267.55672,-2.43473,60.66488,8.742134733793387,3.256675207746401,0.0
24.21876,34.15603,38.05005,2263.24873,-2.42781,60.68216,8.88735281082474,3.3107727623581464,0.0
24.23359,34.185,37.90671,2258.85699,-2.41549,60.69943,9.033173751535944,3.365094899552933,0.0
24.24838,34.21391,37.76455,2254.37993,-2.39776,60.71668,9.179115167928554,3.4194619171089493,0.0
24.26314,34.24278,37.62387,2249.81623,-2.37458,60.73392,9.32466866577803,3.4736844248008985,0.0
24.27786,34.27161,37.48501,2245.16488,-2.34597,60.75115,9.469301956202093,3.5275641310147647,0.0
24.29254,34.30038,37.34827,2240.42518,-2.31196,60.76837,9.612461479623539,3.5808948202430138,0.0
24.30718,34.32909,37.21397,2235.59673,-2.27258,60.78557,9.753575546913346,3.633463523243036,0.0
24.32178,34.35776,37.08242,2230.67948,-2.22792,60.80275,9.892057991147425,3.685051877412631,0.0
24.33634,34.38637,36.95392,2225.67375,-2.17805,60.81991,10.027312310985804,3.7354376703077636,0.0
24.35087,34.41493,36.82876,2220.58019,-2.1231,60.83706,10.158736273279285,3.7843965542346467,0.0
24.36535,34.44342,36.70722,2215.39984,-2.0632,60.85419,10.285726928652979,3.831703914686585,0.0
24.37979,34.47187,36.58957,2210.13409,-1.99851,60.8713,10.407685980028639,3.8771368702597875,0.0
24.39419,34.50025,36.47608,2204.78474,-1.92922,60.88838,10.524025430580675,3.920476376665594,0.0
24.40855,34.52857,36.36698,2199.35394,-1.85553,60.90544,10.634173425337277,3.9615094028805933,0.0
24.42287,34.55684,36.26251,2193.84421,-1.77768,60.92248,10.73758018983806,4.000031143452858,0.0
24.43714,34.58504,36.16288,2188.25843,-1.69592,60.9395,10.83372396062047,4.035847227764163,0.0
24.45137,34.61317,36.06829,2182.59985,-1.61052,60.95649,10.922116796363508,4.068775884833927,0.0
24.46556,34.64125,35.97891,2176.87202,-1.52178,60.97345,11.002310155487736,4.098650021121969,0.0
24.4797,34.66926,35.8949,2171.07884,-1.43,60.99039,11.073900126438588,4.125319168946662,0.0
24.49379,34.6972,35.81641,2165.22447,-1.33553,61.0073,11.136532200730077,4.148651264569297,0.0
24.50785,34.72508,35.74354,2159.31338,-1.23869,61.02419,11.189905486368149,4.168534217805144,0.0
24.52185,34.75289,35.6764,2153.35024,-1.13987,61.04104,11.233776269988814,4.184877239013629,0.0
24.53581,34.78063,35.61505,2147.33995,-1.03941,61.05786,11.267960850117682,4.197611894562067,0.0
24.54973,34.8083,35.55955,2141.2876,-0.9377,61.07466,11.292337580494511,4.206692868017815,0.0
24.5636,34.8359,35.50993,2135.19842,-0.83514,61.09143,11.306848081077828,4.2120984112793485,0.0
24.57742,34.86343,35.46619,2129.07775,-0.7321,61.10816,11.311497594434542,4.2138304773407835,0.0
24.59119,34.89089,35.42831,2122.93101,-0.62898,61.12487,11.306354485919982,4.211914534095782,0.0
24.60492,34.91828,35.39626,2116.76367,-0.52617,61.14154,11.29154890657437,4.206399066231302,0.0
24.6186,34.9456,35.36997,2110.58121,-0.42406,61.15818,11.267270657395668,4.197354779613055,0.0
24.63224,34.97284,35.34937,2104.38907,-0.32303,61.17479,11.233766311658904,4.184873529273719,0.0
24.64583,35.00002,35.33434,2098.19265,-0.22346,61.19137,11.191335667875734,4.169066998047058,0.0
24.65937,35.02712,35.32477,2091.99727,-0.12571,61.20792,11.140327619043662,4.150065157754574,0.0
24.67286,35.05414,35.32052,2085.80811,-0.03014,61.22444,11.08113553402478,4.12801454864755,0.0
24.68631,35.0811,35.32143,2079.63023,0.06292,61.24093,11.014192253602488,4.103076415306532,0.0
24.69971,35.10798,35.32731,2073.46851,0.15313,61.25738,10.93996480734309,4.075424738533252,0.0
24.71306,35.13479,35.33798,2067.32764,0.2402,61.27381,10.858948957596578,4.045244202847377,0.0
24.72636,35.16152,35.35324,2061.21211,0.32382,61.2902,10.771663674221587,4.012728138176168,0.0
24.73962,35.18819,35.37286,2055.12619,0.40375,61.30657,10.678645638196425,3.97807647230497,0.0
24.75284,35.21478,35.39661,2049.0739,0.47971,61.3229,10.58044386453765,3.9414937277729045,0.0
24.76601,35.2413,35.42424,2043.05902,0.5515,61.33921,10.477614525411452,3.9031870933456494,0.0
24.77913,35.26775,35.45551,2037.08506,0.61889,61.35549,10.370716043459378,3.8633645961501633,0.0
24.79221,35.29413,35.49016,2031.15529,0.68171,61.37174,10.260304513608336,3.82223339617846,0.0
24.80524,35.32044,35.52792,2025.27271,0.73979,61.38796,10.146929499608241,3.779998220387273,0.0
24.81822,35.34667,35.56852,2019.44003,0.79299,61.40416,10.031130239391972,3.7368599490948022,0.0
24.83117,35.37284,35.61168,2013.65972,0.84119,61.42033,9.913432281841777,3.693014363087712,0.0
24.84407,35.39895,35.65711,2007.934,0.88429,61.43648,9.794344566544694,3.6486510557531795,0.0
24.85692,35.42498,35.70455,2002.26479,0.92222,61.4526,9.67435694825029,3.6039525108742723,0.0
24.86974,35.45094,35.7537,1996.6538,0.95492,61.4687,9.553938158920415,3.5590933434398586,0.0
24.88251,35.47684,35.80428,1991.10247,0.98235,61.48478,9.4335341927407,3.5142396980188986,0.0
24.89523,35.50268,35.85601,1985.61202,1.0045,61.50083,9.313567093165293,3.4695487969026972,0.0
24.90792,35.52845,35.90862,1980.18344,1.02135,61.51686,9.19443411617139,3.425168628395193,0.0
24.92056,35.55415,35.96181,1974.8175,1.03294,61.53288,9.076507240127349,3.381237764225936,0.0
24.93317,35.5798,36.01533,1969.51477,1.03929,61.54887,8.960132990144677,3.3378852941165906,0.0
24.94573,35.60538,36.06889,1964.2756,1.04046,61.56484,8.845632543296075,3.2952308649774134,0.0
24.95826,35.6309,36.12225,1959.10018,1.03649,61.5808,8.73330208047226,3.2533848119831856,0.0
24.97074,35.65636,36.17512,1953.98852,1.02748,61.59673,8.623413350963661,3.2124483688947465,0.0
24.98319,35.68175,36.22728,1948.94045,1.01351,61.61265,8.516214416640807,3.1725139452857674,0.0
24.9956,35.70709,36.27846,1943.95564,0.99467,61.62856,8.41193054417703,3.133665458919188,0.0
25.00797,35.73237,36.32844,1939.03365,0.97109,61.64445,8.310765215478282,3.0959787121589075,0.0
25.0203,35.7576,36.37697,1934.17386,0.94287,61.66032,8.212901228732084,3.0595218021394865,0.0
25.03259,35.78277,36.42385,1929.37555,0.91016,61.67619,8.118501864772083,3.0243555552676344,0.0
25.04485,35.80788,36.46885,1924.63785,0.87309,61.69204,8.027712095891411,2.990533977536996,0.0
25.05707,35.83293,36.51176,1919.95981,0.8318,61.70787,7.940659816771718,2.9581047130815956,0.0
25.06926,35.85794,36.5524,1915.34036,0.78644,61.7237,7.8574570795481495,2.9271095042700446,0.0
25.08141,35.88288,36.59057,1910.77834,0.73718,61.73951,7.778201317473875,2.897584647552773,0.0
25.09353,35.90778,36.62609,1906.27247,0.68419,61.75532,7.702976543810884,2.869561440080392,0.0
25.10561,35.93262,36.6588,1901.82143,0.62762,61.77111,7.631854514695246,2.8430666129016067,0.0
25.11766,35.95742,36.68854,1897.42378,0.56765,61.78689,7.564895846639601,2.8181227472622905,0.0
25.12967,35.98216,36.71515,1893.07803,0.50446,61.80267,7.502151081023231,2.7947486711560505,0.0
25.14165,36.00685,36.73849,1888.78259,0.43824,61.81844,7.443661689565803,2.7729598338896495,0.0
25.1536,36.03149,36.75845,1884.53585,0.36916,61.8342,7.389461016030968,2.7527686568923735,0.0
25.16551,36.05608,36.77488,1880.33608,0.29741,61.84995,7.339575150676198,2.7341848594716076,0.0
25.1774,36.08063,36.78769,1876.18153,0.22318,61.8657,7.294023734973872,2.7172157585926113,0.0
25.18925,36.10512,36.79678,1872.07039,0.14667,61.88144,7.25282069495648,2.7018665420689034,0.0
25.20106,36.12957,36.80204,1868.00076,0.06807,61.89717,7.215974902283406,2.688140514827032,0.0
25.21285,36.15397,36.80341,1863.97072,-0.01243,61.9129,7.183490762716585,2.6760393181292383,0.0
25.2246,36.17833,36.80081,1859.9783,-0.09463,61.92862,7.155368732144503,2.6655631218059823,0.0
25.23633,36.20264,36.79417,1856.02146,-0.17834,61.94434,7.1316057606688394,2.656710789689888,0.0
25.24802,36.2269,36.78346,1852.09812,-0.26335,61.96005,7.112195665546083,2.6494800185463214,0.0
25.25968,36.25112,36.76862,1848.20617,-0.34946,61.97576,7.097129433997827,2.6438674508781856,0.0
25.27131,36.27529,36.74963,1844.34342,-0.43648,61.99146,7.08639545702262,2.63986876202699,0.0
25.28292,36.29942,36.72647,1840.50768,-0.5242,62.00716,7.079979695497347,2.63747872204998,0.0
25.29449,36.32351,36.69911,1836.69668,-0.61242,62.02286,7.077865779863378,2.63669123285586,0.0
25.30603,36.34754,36.66757,1832.90813,-0.70094,62.03855,7.080035044801492,2.6374993411221017,0.0
25.31754,36.37154,36.63185,1829.13969,-0.78957,62.05424,7.0864665003170115,2.639895227523413,0.0
25.32902,36.39549,36.59196,1825.38899,-0.87808,62.06992,7.097136740719996,2.643870172824446,0.0
25.34047,36.4194,36.54794,1821.65361,-0.9663,62.0856,7.11201979302322,2.649414501404071,0.0
25.35189,36.44326,36.49981,1817.93111,-1.05401,62.10127,7.131086906419498,2.6565175028301318,0.0
25.36329,36.46708,36.44763,1814.21899,-1.14101,62.11694,7.154306284546406,2.665167332121012,0.0
25.37465,36.49086,36.39145,1810.51475,-1.22711,62.13261,7.181642762497865,2.6753508894239535,0.0
25.38598,36.51459,36.33134,1806.81585,-1.31209,62.14827,7.21305743067078,2.687053679888031,0.0
25.39729,36.53828,36.26736,1803.1197,-1.39578,62.16393,7.248507207898586,2.700259654645163,0.0
25.40857,36.56193,36.1996,1799.42371,-1.47796,62.17959,7.28794436657844,2.7149510339075045,0.0
25.41981,36.58553,36.12816,1795.72526,-1.55844,62.19523,7.331316012970786,2.7311081133653503,0.0
25.43103,36.60909,36.05313,1792.02172,-1.63704,62.21088,7.378563526302184,2.74870905523819,0.0
25.44222,36.63261,35.97461,1788.31042,-1.71354,62.22652,7.429621960883748,2.7677296655480896,0.0
25.45337,36.65608,35.89274,1784.58872,-1.78778,62.24215,7.484419416091842,2.7881431594209247,0.0
25.4645,36.67951,35.80763,1780.85393,-1.85955,62.25778,7.5428763797618235,2.809919916483276,0.0
25.4756,36.70289,35.71942,1777.10339,-1.92868,62.2734,7.604905051378357,2.8330272287330103,0.0
25.48667,36.72623,35.62825,1773.33444,-1.99499,62.28901,7.670408652247598,2.857429043560269,0.0
25.49771,36.74953,35.53427,1769.54442,-2.0583,62.30462,7.739280730811276,2.8830857049586878,0.0
25.50873,36.77278,35.43764,1765.7307,-2.11843,62.32021,7.8114044721775935,2.909953696307487,0.0
25.51971,36.79598,35.33852,1761.89068,-2.17522,62.3358,7.886652021941196,2.937985388476621,0.0
25.53066,36.81914,35.23708,1758.02178,-2.22851,62.35139,7.9648838353778,2.9671287973846505,0.0
25.54158,36.84225,35.1335,1754.12146,-2.27815,62.36696,8.045948064023019,2.9973273554832187,0.0
25.55247,36.86532,35.02796,1750.18723,-2.32398,62.38252,8.129679992598952,3.0285197019973866,0.0
25.56333,36.88833,34.92065,1746.21668,-2.36587,62.39808,8.215901540057107,3.0606394970509987,0.0
25.57416,36.9113,34.81177,1742.20745,-2.40368,62.41362,8.304420839226509,3.0936152650745368,0.0
25.58496,36.93423,34.70151,1738.15725,-2.43728,62.42915,8.395031910090845,3.127370273092262,0.0
25.59573,36.9571,34.59009,1734.06391,-2.46657,62.44467,8.487514442044267,3.161822449606777,0.0
25.60647,36.97993,34.4777,1729.92532,-2.49144,62.46017,8.581633700548194,3.196884349826223,0.0
25.61717,37.0027,34.36456,1725.7395,-2.5118,62.47566,8.67714057340008,3.2324631729006144,0.0
25.62785,37.02543,34.25088,1721.50461,-2.52756,62.49114,8.773771771243052,3.268460836616955,0.0
25.63849,37.0481,34.13687,1717.2189,-2.53866,62.5066,8.871250196007363,3.304774114653378,0.0
25.6491,37.07073,34.02276,1712.8808,-2.54505,62.52205,8.969285489608673,3.341294840983683,0.0
25.65968,37.0933,33.90877,1708.48888,-2.54667,62.53748,9.067574773417729,3.377910185349258,0.0
25.67022,37.11582,33.7951,1704.04186,-2.54351,62.55289,9.165803586790547,3.4145030028862617,0.0
25.68074,37.13828,33.68197,1699.53866,-2.53555,62.56829,9.263647030200392,3.4509522599723654,0.0
25.69122,37.16069,33.56961,1694.97835,-2.5228,62.58367,9.3607711154281,3.487133537208169,0.0
25.70166,37.18305,33.45822,1690.36024,-2.50529,62.59902,9.456834321669726,3.52291960910825,0.0
25.71207,37.20535,33.34801,1685.68378,-2.48304,62.61436,9.551489352562658,3.5581810986396203,0.0
25.72245,37.22759,33.2392,1680.94869,-2.45612,62.62967,9.644385084927288,3.592787203179267,0.0
25.7328,37.24978,33.13197,1676.15484,-2.42461,62.64497,9.735168695682903,3.6266064868462924,0.0
25.74311,37.27191,33.02653,1671.30238,-2.38859,62.66024,9.823487948882411,3.6595077324825183,0.0
25.75338,37.29398,32.92307,1666.39164,-2.34818,62.67549,9.90899362046682,3.691360844937332,0.0
25.76362,37.31599,32.82177,1661.42318,-2.3035,62.69071,9.991342033991092,3.7220377956922843,0.0
25.77382,37.33794,32.7228,1656.3978,-2.2547,62.70591,10.07019767670438,3.751413597419815,0.0
25.78399,37.35983,32.62632,1651.31652,-2.20196,62.72108,10.145235861832843,3.7793672957536444,0.0
25.79412,37.38166,32.53251,1646.18056,-2.14545,62.73623,10.216145400011733,3.805782964467519,0.0
25.80422,37.40343,32.44149,1640.99139,-2.08536,62.75135,10.282631240630272,3.8305506894456736,0.0
25.81428,37.42513,32.35341,1635.75067,-2.02193,62.76644,10.34441704251702,3.853567526330775,0.0
25.8243,37.44677,32.26839,1630.46028,-1.95538,62.7815,10.401247632940803,3.8747384165664616,0.0
25.83429,37.46834,32.18655,1625.12229,-1.88595,62.79653,10.452891314487855,3.89397704676978,0.0
25.84423,37.48985,32.10797,1619.73895,-1.81391,62.81154,10.499141980905119,3.9112066369384837,0.0
25.85414,37.5113,32.03276,1614.3127,-1.73952,62.82651,10.539821005654082,3.9263606439870298,0.0
25.86401,37.53267,31.96099,1608.84612,-1.66308,62.84146,10.574778870389395,3.9393833683977126,0.0
25.87385,37.55398,31.8927,1603.34197,-1.58488,62.85637,10.60389650504662,3.9502304534386066,0.0
25.88364,37.57523,31.82796,1597.80312,-1.50522,62.87125,10.62708631646779,3.958869268353653,0.0
25.8934,37.5964,31.7668,1592.23257,-1.4244,62.8861,10.644292888228819,3.9652791690667866,0.0
25.90312,37.61751,31.70923,1586.63341,-1.34274,62.90092,10.655493340723567,3.969451632322722,0.0
25.9128,37.63854,31.65526,1581.00882,-1.26056,62.9157,10.660697347048222,3.9713902616043035,0.0
25.92244,37.65951,31.60488,1575.36205,-1.17817,62.93045,10.65994680691403,3.9711106656564175,0.0
25.93204,37.68041,31.55807,1569.69638,-1.09591,62.94517,10.653315187256704,3.9686402128456475,0.0
25.9416,37.70123,31.5148,1564.01516,-1.01407,62.95986,10.640906544508109,3.9640176669307565,0.0
25.95113,37.72199,31.47502,1558.32173,-0.93299,62.97451,10.622854249060891,3.9572927118921877,0.0
25.96061,37.74268,31.43866,1552.61941,-0.85297,62.98913,10.599319437650369,3.9485253754036114,0.0
25.97005,37.76329,31.40565,1546.91153,-0.77431,63.00372,10.570489223567272,3.937785362089071,0.0
25.97946,37.78383,31.37591,1541.20138,-0.69732,63.01827,10.536574698065209,3.9251513089946823,0.0
25.98883,37.80431,31.34935,1535.4922,-0.62227,63.03279,10.49780875884655,3.910709976642484,0.0
25.99815,37.82471,31.32585,1529.78714,-0.54945,63.04727,10.454443803031666,3.894555389600782,0.0
26.00744,37.84503,31.3053,1524.08932,-0.47913,63.06173,10.40674932262498,3.876787940731986,0.0
26.01669,37.86529,31.28757,1518.40174,-0.41155,63.07615,10.355009440210056,3.857513473174188,0.0
26.0259,37.88548,31.27253,1512.7273,-0.34695,63.09054,10.29952042148224,3.8368423536941245,0.0
26.03507,37.90559,31.26004,1507.0688,-0.28557,63.10489,10.240588199347068,3.814888550348687,0.0
26.0442,37.92564,31.24995,1501.42893,-0.2276,63.11922,10.178525941827196,3.791768726466261,0.0
26.0533,37.94561,31.24209,1495.81023,-0.17326,63.13351,10.113651692975862,3.7676013618249216,0.0
26.06235,37.96552,31.23632,1490.21515,-0.1227,63.14777,10.046286112612709,3.7425059106445513,0.0
26.07137,37.98535,31.23246,1484.64596,-0.07611,63.162,9.976750336987285,3.7166020046277124,0.0
26.08035,38.00511,31.23035,1479.10481,-0.03361,63.17621,9.905363978672876,3.6900087078674635,0.0
26.08929,38.0248,31.2298,1473.59371,0.00465,63.19038,9.832443280098317,3.6628438289893888,0.0
26.09819,38.04443,31.23065,1468.11453,0.03858,63.20452,9.758299431370576,3.6352232944962353,0.0
26.10706,38.06398,31.23271,1462.66897,0.06807,63.21863,9.68323705934862,3.6072605859081848,0.0
26.11589,38.08347,31.2358,1457.25861,0.09305,63.23272,9.607552891547712,3.5790662420320425,0.0
26.12468,38.10289,31.23975,1451.88486,0.11346,63.24678,9.531534595305544,3.5507474265200827,0.0
26.13343,38.12224,31.24437,1446.54902,0.12926,63.26081,9.455459789831952,3.52240755983257,0.0
26.14215,38.14152,31.24948,1441.2522,0.14041,63.27481,9.379595226295514,3.4941460137984457,0.0
26.15083,38.16074,31.2549,1435.99542,0.14691,63.28879,9.304196129062733,3.4660578662095896,0.0
26.15948,38.17989,31.26046,1430.77951,0.14875,63.30275,9.229505689387722,3.438233712206904,0.0
26.16809,38.19897,31.26599,1425.60522,0.14595,63.31667,9.155754701576452,3.410759528741929,0.0
26.17667,38.21799,31.2713,1420.47312,0.13856,63.33058,9.083161330581193,3.38371658799965,0.0
26.18521,38.23695,31.27624,1415.38367,0.1266,63.34446,9.011930999262546,3.3571814154006403,0.0
26.19372,38.25584,31.28063,1410.33722,0.11015,63.35832,8.942256383170276,3.3312257876567886,0.0
26.20219,38.27466,31.28432,1405.33398,0.08926,63.37216,8.874317500506518,3.3059167662849522,0.0
26.21063,38.29343,31.28715,1400.37406,0.06402,63.38597,8.808281885026478,3.281316762017023,0.0
26.21903,38.31213,31.28896,1395.45743,0.03454,63.39976,8.74430482983158,3.2574836256192925,0.0
26.2274,38.33077,31.28962,1390.58398,0.0009,63.41354,8.682529690482644,3.234470760810073,0.0
26.23574,38.34935,31.28898,1385.75349,-0.03678,63.42729,8.623088236366932,3.2123272551531854,0.0
26.24405,38.36786,31.28691,1380.96562,-0.07836,63.44102,8.566101039850302,3.191098025027358,0.0
26.25232,38.38632,31.28328,1376.21995,-0.12373,63.45474,8.511677893529777,3.1708239710638018,0.0
26.26056,38.40472,31.27795,1371.51598,-0.17273,63.46844,8.45991824657112,3.1515421406934276,0.0
26.26877,38.42306,31.27083,1366.85308,-0.22523,63.48212,8.410911651927485,3.1332858947475644,0.0
26.27694,38.44134,31.2618,1362.23057,-0.28105,63.49578,8.36473821703025,3.1160850753521547,0.0
26.28509,38.45956,31.25075,1357.64767,-0.34005,63.50942,8.321469051272484,3.0999661726271173,0.0
26.2932,38.47772,31.2376,1353.10353,-0.40206,63.52305,8.281166704422626,3.084952488006979,0.0
26.30128,38.49583,31.22224,1348.59722,-0.46689,63.53666,8.243885590787528,3.0710642922527693,0.0
26.30933,38.51388,31.2046,1344.12773,-0.53437,63.55026,8.209672394666969,3.0583189764944927,0.0
26.31736,38.53187,31.18461,1339.69399,-0.60432,63.56384,8.17856645330553,3.0467311948907825,0.0
26.32535,38.54981,31.16219,1335.29486,-0.67654,63.57741,8.150600114151727,3.0363129977173213,0.0
26.33331,38.56769,31.13729,1330.92913,-0.75085,63.59096,8.12579906382825,3.027073953916919,0.0
26.34124,38.58551,31.10985,1326.59553,-0.82704,63.6045,8.104182626734534,3.0190212623368193,0.0
26.34914,38.60329,31.07983,1322.29274,-0.90493,63.61802,8.085764031727791,3.012159851074406,0.0
26.35701,38.621,31.04719,1318.01936,-0.9843,63.63153,8.070550645777384,3.006492464519605,0.0
26.36486,38.63866,31.0119,1313.77397,-1.06496,63.64503,8.05854417391151,3.0020197378402793,0.0
26.37267,38.65627,30.97393,1309.55507,-1.14669,63.65852,8.04974082517861,2.9987402588072287,0.0
26.38045,38.67383,30.93327,1305.36111,-1.2293,63.67199,8.04413144472982,2.9966506169983718,0.0
26.38821,38.69133,30.88991,1301.19053,-1.31257,63.68544,8.041701612456235,2.9957454405437254,0.0
26.39594,38.70878,30.84386,1297.04168,-1.39629,63.69889,8.042431708982726,2.9960174207098396,0.0
26.40364,38.72617,30.7951,1292.9129,-1.48026,63.71232,8.046296950093051,2.99745732472405,0.0
26.41131,38.74351,30.74366,1288.80247,-1.56426,63.72574,8.053267391025667,3.0000539973747893,0.0
26.41895,38.7608,30.68956,1284.70866,-1.64809,63.73915,8.063307902334785,3.0037943520191877,0.0
26.42656,38.77804,30.63283,1280.6297,-1.73154,63.75254,8.07637811933486,3.0086633517498216,0.0
26.43415,38.79523,30.57349,1276.56377,-1.8144,63.76593,8.092432367449534,3.014643981585228,0.0
26.44171,38.81236,30.51159,1272.50904,-1.89647,63.77929,8.111419566062095,3.02171721265167,0.0
26.44924,38.82944,30.44717,1268.46368,-1.97754,63.79265,8.133283113769213,3.0298619594371337,0.0
26.45674,38.84647,30.38029,1264.4258,-2.05741,63.806,8.157960758263744,3.0390550313192506,0.0
26.46421,38.86345,30.31101,1260.39353,-2.13588,63.81933,8.18538445432526,3.049271079663035,0.0
26.47166,38.88037,30.23939,1256.36496,-2.21276,63.83265,8.215480213734754,3.06048254191016,0.0
26.47908,38.89725,30.16551,1252.33821,-2.28786,63.84595,8.248167951194025,3.0726595841798723,0.0
26.48647,38.91407,30.08944,1248.31136,-2.36099,63.85924,8.283361330638579,3.085770044016513,0.0
26.49384,38.93084,30.01126,1244.28252,-2.43197,63.87252,8.320967616567456,3.0997793750059532,0.0
26.50117,38.94756,29.93107,1240.2498,-2.50062,63.88578,8.360887535294792,3.114650595088162,0.0
26.50848,38.96423,29.84896,1236.21132,-2.56677,63.89903,8.403015151247066,3.1303442404746704,0.0
26.51576,38.98084,29.76502,1232.16522,-2.63025,63.91227,8.447237763586601,3.1468183271381065,0.0
26.52302,38.9974,29.67936,1228.10966,-2.6909,63.92549,8.493435828637397,3.164028321913776,0.0
26.53024,39.01391,29.59208,1224.04285,-2.74859,63.93869,8.541482913644217,3.181927125273707,0.0
26.53744,39.03037,29.5033,1219.963,-2.80315,63.95188,8.591245687438121,3.200465067849317,0.0
26.54461,39.04677,29.41313,1215.86839,-2.85446,63.96506,8.642583953551982,3.2195899227678075,0.0
26.55176,39.06312,29.32169,1211.75733,-2.9024,63.97822,8.695350731186693,3.2392469358142155,0.0
26.55887,39.07942,29.2291,1207.6282,-2.94683,63.99136,8.749392389246399,3.2593788753630557,0.0
26.56596,39.09567,29.13549,1203.47942,-2.98767,64.00448,8.804548838313655,3.2799261038941263,0.0
26.57302,39.11186,29.04097,1199.30949,-3.02481,64.01759,8.860653785032936,3.300826672757051,0.0
26.58005,39.128,28.94567,1195.11697,-3.05816,64.03068,8.917535052853227,3.3220164416563396,0.0
26.58705,39.14408,28.84973,1190.90052,-3.08766,64.04375,8.975014972398919,3.3434292240748147,0.0
26.59403,39.16011,28.75328,1186.65885,-3.11325,64.0568,9.032910844012946,3.3649969595831033,0.0
26.60098,39.17608,28.65643,1182.39079,-3.13488,64.06983,9.091035474097547,3.386649913640677,0.0
26.6079,39.192,28.55934,1178.09525,-3.15251,64.08284,9.149197785929717,3.4083169051406865,0.0
26.61479,39.20787,28.46211,1173.77124,-3.16611,64.09583,9.207203504511222,3.4299255615346076,0.0
26.62165,39.22368,28.36489,1169.41789,-3.1757,64.1088,9.264855913849622,3.4514026009393466,0.0
26.62848,39.23943,28.26781,1165.03441,-3.18126,64.12175,9.32195668381662,3.4726741401637313,0.0
26.63529,39.25512,28.17098,1160.62016,-3.18283,64.13468,9.378306762449354,3.4936660271142275,0.0
26.64206,39.27076,28.07453,1156.17459,-3.18043,64.14758,9.43370732821012,3.5143041955367265,0.0
26.64881,39.28634,27.97858,1151.6973,-3.17413,64.16046,9.487960795444504,3.53451503957617,0.0
26.65552,39.30187,27.88325,1147.18798,-3.16398,64.17332,9.540871864937943,3.5542258051365017,0.0
26.66221,39.31733,27.78866,1142.64648,-3.15006,64.18615,9.592248610282452,3.5733649945808588,0.0
26.66887,39.33274,27.69492,1138.07275,-3.13247,64.19895,9.641903589655094,3.591862780898304,0.0
26.6755,39.34809,27.60213,1133.46689,-3.11133,64.21174,9.689654971543316,3.6096514270661415,0.0
26.6821,39.36338,27.51039,1128.82913,-3.08675,64.22449,9.735327662205624,3.626665706058668,0.0
26.68866,39.3786,27.41981,1124.15981,-3.05887,64.23722,9.778754421940304,3.6428433166866516,0.0
26.6952,39.39377,27.33046,1119.45941,-3.02785,64.24992,9.819776956833575,3.6581252903022485,0.0
26.70171,39.40888,27.24244,1114.72853,-2.99385,64.2626,9.858246972489356,3.6724563833410584,0.0
26.70819,39.42393,27.15582,1109.96791,-2.95706,64.27525,9.894027176276468,3.6857854506855787,0.0
26.71464,39.43891,27.07068,1105.1784,-2.91765,64.28787,9.926992214967218,3.6980657949602516,0.0
26.72105,39.45384,26.98708,1100.36095,-2.87583,64.30046,9.957029535235526,3.709255487089658,0.0
26.72744,39.4687,26.90508,1095.51665,-2.83182,64.31302,9.984040155358489,3.71931765377765,0.0
26.7338,39.4835,26.82473,1090.64667,-2.78583,64.32555,10.007939337533141,3.728220727963036,0.0
26.74012,39.49823,26.74607,1085.75231,-2.7381,64.33805,10.02865715156972,3.735938658810157,0.0
26.74641,39.5129,26.66913,1080.83495,-2.68887,64.35053,10.046138922255858,3.742451078363813,0.0
26.75268,39.52751,26.59396,1075.89603,-2.63838,64.36297,10.060345554350494,3.7477434226180524,0.0
26.75891,39.54206,26.52056,1070.93713,-2.58687,64.37538,10.07125373104858,3.7518070054494914,0.0
26.76511,39.55654,26.44896,1065.95984,-2.53461,64.38776,10.078855983578391,3.7546390445441484,0.0
26.77128,39.57096,26.37914,1060.96587,-2.48186,64.40011,10.083160631618323,3.7562426392011306,0.0
26.77741,39.58531,26.31112,1055.95694,-2.42887,64.41243,10.08419159609947,3.7566267005966654,0.0
26.78352,39.59959,26.24489,1050.93486,-2.3759,64.42472,10.081988087873277,3.755805835804618,0.0
26.78959,39.61381,26.18042,1045.90145,-2.32322,64.43697,10.076604177508948,3.7538001875346976,0.0
26.79564,39.62797,26.11769,1040.85857,-2.27109,64.4492,10.06810825312223,3.7506352321594214,0.0
26.80165,39.64206,26.05667,1035.80812,-2.21976,64.46139,10.056582374626315,3.7463415391555777,0.0
26.80763,39.65608,25.99731,1030.752,-2.16949,64.47355,10.042121534096534,3.740954495570621,0.0
26.81357,39.67004,25.93959,1025.69211,-2.12053,64.48568,10.02483283294912,3.7345139995001033,0.0
26.81949,39.68393,25.88344,1020.63038,-2.07312,64.49778,10.004834587526748,3.7270641268947657,0.0
26.82537,39.69776,25.82881,1015.56869,-2.02749,64.50985,9.982255375155049,3.7186527761914747,0.0
26.83123,39.71152,25.77563,1010.50894,-1.98388,64.52188,9.957233033193596,3.709331295433393,0.0
26.83705,39.72521,25.72384,1005.453,-1.9425,64.53389,9.929913623545653,3.699154096522605,0.0
26.84284,39.73884,25.67336,1000.4027,-1.90357,64.54586,9.900450375063889,3.6881782612384244,0.0
26.84859,39.7524,25.62412,995.35984,-1.86728,64.5578,9.869002615835667,3.6764631434855675,0.0
