0.05173,0.05173,51.68796,5464.8841,-0.45071,45.0001,7.61091915051639,2.835267638902399,0.0
0.10341,0.10341,51.62707,5460.72352,-0.40059,45.00026,7.664689363268554,2.8552984579320255,0.0
0.15506,0.15506,51.57345,5456.52223,-0.34977,45.00046,7.710838014807308,2.8724900448743114,0.0
0.20667,0.20667,51.52717,5452.28442,-0.29837,45.00071,7.749146237321371,2.886760865710797,0.0
0.25824,0.25825,51.48829,5448.01436,-0.24651,45.00101,7.779437436300156,2.8980451343398066,0.0
0.30977,0.30978,51.45686,5443.71649,-0.19432,45.00136,7.801579308348801,2.9062935642656424,0.0
0.36126,0.36127,51.43291,5439.39532,-0.14192,45.00177,7.815485325592218,2.9114739215781507,0.0
0.41271,0.41272,51.41644,5435.05541,-0.08946,45.00222,7.821115656839632,2.9135713681107434,0.0
0.46411,0.46413,51.40744,5430.70141,-0.03705,45.00271,7.818477507866469,2.9125885882043625,0.0
0.51547,0.5155,51.40589,5426.33794,0.01517,45.00326,7.807624875740883,2.9085456971876447,0.0
0.5668,0.56683,51.41173,5421.96964,0.06707,45.00386,7.788657724933279,2.90147993445604,0.0
0.61808,0.61813,51.4249,5417.60109,0.11852,45.00451,7.761720605346493,2.8914451486516897,0.0
0.66932,0.66938,51.44532,5413.23684,0.16941,45.0052,7.727000744154717,2.878511086823224,0.0
0.72051,0.72058,51.47288,5408.88132,0.2196,45.00594,7.684725653925151,2.862762503388143,0.0
0.77166,0.77175,51.50747,5404.53888,0.26897,45.00673,7.63516030872357,2.8442981081578327,0.0
0.82278,0.82288,51.54895,5400.21372,0.31742,45.00757,7.578603947425835,2.8232293754870015,0.0
0.87385,0.87397,51.59717,5395.90992,0.36484,45.00846,7.515386569118473,2.7996792387181784,0.0
0.92487,0.92502,51.65197,5391.63138,0.41111,45.0094,7.445865189247642,2.7737806954986994,0.0
0.97586,0.97603,51.71317,5387.38181,0.45615,45.01039,7.370419926877384,2.7456753501814553,0.0
1.0268,1.027,51.78058,5383.16473,0.49986,45.01142,7.289449993313352,2.7155119194816826,0.0
1.0777,1.07793,51.85399,5378.98347,0.54215,45.01251,7.203369650376478,2.6834447268275627,0.0
1.12856,1.12883,51.93319,5374.84113,0.58294,45.01364,7.112604203081822,2.6496322095276543,0.0
1.17938,1.17968,52.01796,5370.74061,0.62217,45.01483,7.017586086556682,2.6142354610449288,0.0
1.23016,1.2305,52.10807,5366.68455,0.65976,45.01606,6.9187511009961975,2.577416828418669,0.0
1.2809,1.28128,52.20327,5362.6754,0.69565,45.01734,6.816534841547985,2.53933858230256,0.0
1.3316,1.33202,52.30331,5358.71536,0.72981,45.01867,6.71136936263462,2.500161674337048,0.0
1.38226,1.38273,52.40795,5354.8064,0.76217,45.02006,6.603680108449155,2.4600445936781545,0.0
1.43288,1.4334,52.51691,5350.95028,0.7927,45.02149,6.493883133611997,2.419142331619037,0.0
1.48346,1.48404,52.62995,5347.14853,0.82137,45.02297,6.382382630434148,2.3776054604304844,0.0
1.534,1.53464,52.74678,5343.40246,0.84816,45.02451,6.2695687720056466,2.335579329854607,0.0
1.58451,1.58521,52.86714,5339.71318,0.87304,45.02609,6.155815873742009,2.2932033822325164,0.0
1.63497,1.63574,52.99077,5336.08161,0.896,45.02772,6.041480869995423,2.2506105850019105,0.0
1.6854,1.68625,53.11738,5332.50846,0.91704,45.02941,5.92690209715178,2.2079269773687,0.0
1.7358,1.73672,53.24671,5328.99426,0.93614,45.03115,5.812398370174591,2.165271326295319,0.0
1.78616,1.78715,53.37849,5325.53937,0.95333,45.03294,5.6982683359325055,2.1227548855982117,0.0
1.83648,1.83756,53.51244,5322.144,0.96859,45.03478,5.584790083836798,2.0804812509000503,0.0
1.88677,1.88794,53.6483,5318.80819,0.98195,45.03667,5.4722209922158305,2.0385463024001824,0.0
1.93702,1.93829,53.7858,5315.53184,0.99341,45.03862,5.360797787543971,1.9970382269389564,0.0
1.98724,1.98861,53.92469,5312.31474,1.00301,45.04061,5.25073679287571,1.956037610545973,0.0
2.03743,2.0389,54.06469,5309.15653,1.01075,45.04266,5.142234341742639,1.9156175926275973,0.0
2.08759,2.08916,54.20557,5306.05675,1.01668,45.04477,5.035467334077759,1.875844073063388,0.0
2.13771,2.1394,54.34705,5303.01486,1.02081,45.04692,4.930593911505629,1.8367759637694503,0.0
2.1878,2.18961,54.48891,5300.03019,1.02318,45.04913,4.827754230415543,1.798465476688533,0.0
2.23786,2.2398,54.6309,5297.10203,1.02382,45.0514,4.727071312560479,1.760958440660518,0.0
2.28789,2.28996,54.77278,5294.22956,1.02277,45.05372,4.628651954457482,1.7242946401979882,0.0
2.33789,2.3401,54.91433,5291.41192,1.02007,45.05609,4.532587678496873,1.6885081697994397,0.0
2.38786,2.39021,55.05531,5288.64818,1.01575,45.05851,4.438955710369811,1.6536277980667577,0.0
2.4378,2.4403,55.19552,5285.93737,1.00985,45.06099,4.347819969152482,1.6196773365376345,0.0
2.48772,2.49037,55.33472,5283.27847,1.00241,45.06353,4.259232058098098,1.586676008781654,0.0
2.5376,2.54041,55.47273,5280.67043,0.99349,45.06612,4.173232245811933,1.5546388159138123,0.0
2.58746,2.59044,55.60934,5278.11217,0.98311,45.06876,4.089850429078839,1.523576895273098,0.0
2.63729,2.64044,55.74435,5275.60257,0.97132,45.07146,4.009107070076939,1.493497869559254,0.0
2.68709,2.69043,55.87757,5273.14052,0.95816,45.07422,3.9310141020784135,1.4644061842301521,0.0
2.73687,2.7404,56.00879,5270.72492,0.94322,45.08476,3.8555935555122383,1.4363100462002403,6.999999880592873
2.78661,2.79035,56.13781,5268.35465,0.927,45.09522,3.7828589234228627,1.4092144819835994,6.999999880592873
2.83632,2.84029,56.26444,5266.02855,0.90956,45.1056,3.712798842958155,1.3831152586188362,6.999999880592873
2.88599,2.89023,56.38853,5263.74541,0.89094,45.1159,3.6453969125381,1.3580062660858425,6.999999880592873
2.93564,2.94015,56.50993,5261.50405,0.87118,45.12612,3.580632322660747,1.3338797522976118,6.999999880592873
2.98526,2.99006,56.62848,5259.30329,0.85032,45.13628,3.5184805044006113,1.3107265646829527,6.999999880592873
3.03484,3.03996,56.74403,5257.14195,0.82841,45.14638,3.458913732503569,1.2885363748552092,6.999999880592873
3.0844,3.08985,56.85646,5255.01884,0.8055,45.15642,3.401901684059619,1.2672978867325626,6.999999880592873
3.13393,3.13973,56.96562,5252.9328,0.78161,45.16641,3.3474119541128258,1.2469990286163006,6.999999880592873
3.18343,3.1896,57.07138,5250.88268,0.75679,45.17636,3.295410529824082,1.227627129828924,6.999999880592873
3.2329,3.23947,57.17364,5248.8673,0.73109,45.18626,3.2458622250285067,1.2091690825982113,6.999999880592873
3.28234,3.28932,57.27226,5246.88555,0.70454,45.19613,3.198731077169163,1.1916114899254717,6.999999880592873
3.33176,3.33917,57.36715,5244.93627,0.67717,45.20596,3.1539807087026683,1.174940800218644,6.999999880592873
3.38114,3.38901,57.4582,5243.01836,0.64904,45.21577,3.111574655112858,1.159143429486018,6.999999880592873
3.43051,3.43884,57.54529,5241.13069,0.62018,45.22555,3.0714766617075604,1.1442058719008417,6.999999880592873
3.47984,3.48866,57.62835,5239.27218,0.59063,45.23532,3.033650951353708,1.1301147995396936,6.999999880592873
3.52915,3.53848,57.70729,5237.44172,0.56041,45.24507,2.9980624652638967,1.1168571520818138,6.999999880592873
3.57843,3.58829,57.78201,5235.63825,0.52958,45.25482,2.9646770789034713,1.1044202172401731,6.999999880592873
3.62769,3.63809,57.85244,5233.86069,0.49816,45.26455,2.9334617950081276,1.092791702665608,6.999999880592873
3.67692,3.68789,57.9185,5232.10797,0.4662,45.27429,2.9043849156103567,1.0819598000311967,6.999999880592873
3.72613,3.73768,57.98013,5230.37905,0.43372,45.28404,2.8774161948827652,1.0719132419704205,6.999999880592873
3.77531,3.78747,58.03726,5228.67288,0.40076,45.29379,2.8525269745020156,1.06264135250379,6.999999880592873
3.82447,3.83725,58.08983,5226.98842,0.36735,45.30355,2.82969030312548,1.054134091547044,6.999999880592873
3.8736,3.88703,58.13778,5225.32465,0.33353,45.31333,2.8088810414608294,1.046382094052335,6.999999880592873
3.92271,3.9368,58.18106,5223.68053,0.29934,45.32313,2.7900759542991147,1.0393767042929742,6.999999880592873
3.97179,3.98657,58.21964,5222.05504,0.2648,45.33295,2.773253790760914,1.033110005757233,6.999999880592873
4.02085,4.03633,58.25345,5220.44716,0.22994,45.3428,2.7583953539014434,1.0275748470780777,6.999999880592873
4.06989,4.08609,58.28248,5218.85588,0.1948,45.35269,2.7454835606914907,1.0227648643776448,6.999999880592873
4.1189,4.13585,58.30667,5217.28017,0.15942,45.36261,2.7345034933003722,1.0186745003714928,6.999999880592873
4.16789,4.1856,58.32602,5215.71903,0.12382,45.37257,2.7254424424760986,1.0152990205288548,6.999999880592873
4.21686,4.23535,58.34048,5214.17142,0.08803,45.38257,2.718289943726834,1.0126345265511858,6.999999880592873
4.2658,4.2851,58.35004,5212.63634,0.05208,45.39262,2.7130378068951546,1.010677967389348,6.999999880592873
4.31472,4.33484,58.35469,5211.11275,0.01602,45.40272,2.7096801396078214,1.0094271479792731,6.999999880592873
4.36362,4.38458,58.35441,5209.59962,-0.02014,45.41288,2.708213364991396,1.0088807358414917,6.999999880592873
4.41249,4.43432,58.34919,5208.09593,-0.05636,45.4231,2.708636233936163,1.009038265649769,6.999999880592873
4.46135,4.48405,58.33904,5206.60062,-0.09261,45.43337,2.710949832087681,1.0099001418356406,6.999999880592873
4.51017,4.53379,58.32395,5205.11263,-0.12886,45.44372,2.7151575816570848,1.0114676392627977,6.999999880592873
4.55898,4.58352,58.30392,5203.63092,-0.16507,45.45414,2.7212652380269087,1.013742901962668,6.999999880592873
4.60776,4.63325,58.27898,5202.15439,-0.20123,45.46463,2.7292808810426985,1.0167289398903105,6.999999880592873
4.65652,4.68298,58.24912,5200.68197,-0.23728,45.47519,2.739214900775888,1.0204296236207138,6.999999880592873
4.70526,4.73271,58.21437,5199.21254,-0.27321,45.48584,2.751079977434854,1.0248496768651343,6.999999880592873
4.75398,4.78243,58.17475,5197.74499,-0.30899,45.49658,2.7648910550193024,1.0299946666566628,6.999999880592873
4.80267,4.83216,58.13029,5196.27819,-0.34457,45.5074,2.780665308182011,1.0358709910053516,6.999999880592873
4.85134,4.88188,58.08101,5194.81097,-0.37993,45.51832,2.7984221016850768,1.0424858637945993,6.999999880592873
4.89998,4.93161,58.02696,5193.34217,-0.41503,45.52933,2.81818294170817,1.0498472966421946,6.999999880592873
4.9486,4.98133,57.96817,5191.87059,-0.44984,45.54045,2.8399714181711757,1.057964077413983,6.999999880592873
4.9972,5.03105,57.90469,5190.39502,-0.48434,45.55167,2.8638131371200166,1.0668457450358062,6.999999880592873
5.04578,5.08077,57.83656,5188.9142,-0.51847,45.563,2.8897356421096925,1.0765025602066158,6.999999880592873
5.09433,5.13049,57.76385,5187.42689,-0.55222,45.57445,2.9177683234036804,1.086945471572862,6.999999880592873
5.14286,5.18021,57.6866,5185.93179,-0.58554,45.58601,2.947942313707861,1.098186076886636,6.999999880592873
5.19136,5.22993,57.60488,5184.42758,-0.6184,45.5977,2.980290369024818,1.1102365786207624,6.999999880592873
5.23984,5.27965,57.51876,5182.91292,-0.65076,45.60951,3.0148467331160864,1.1231097334774205,6.999999880592873
5.2883,5.32937,57.4283,5181.38643,-0.68259,45.62145,3.0516469839541736,1.1368187951874822,6.999999880592873
5.33673,5.37909,57.3336,5179.84671,-0.71385,45.63353,3.090727860419527,1.1513774499505722,6.999999880592873
5.38514,5.42881,57.23473,5178.29234,-0.74451,45.64575,3.1321270674279584,1.1667997438399067,6.999999880592873
5.43353,5.47853,57.13178,5176.72183,-0.77451,45.65812,3.1758830575636856,1.1831000014548545,6.999999880592873
5.48188,5.52824,57.02483,5175.13371,-0.80384,45.67063,3.2220347872339175,1.2002927350821069,6.999999880592873
5.53022,5.57796,56.914,5173.52645,-0.83244,45.6833,3.270621445273829,1.218392543593886,6.999999880592873
5.57852,5.62768,56.79938,5171.89847,-0.86027,45.69613,3.321682151928237,1.2374140003107017,6.999999880592873
5.62681,5.6774,56.68109,5170.24821,-0.8873,45.70912,3.375255626074243,1.2573715290330294,6.999999880592873
5.67506,5.72712,56.55923,5168.57402,-0.91349,45.72229,3.431379818598412,1.2782792674646624,6.999999880592873
5.72329,5.77683,56.43392,5166.87426,-0.93878,45.73562,3.4900915098680696,1.3001509172601795,6.999999880592873
5.77149,5.82655,56.30531,5165.14724,-0.96315,45.74914,3.5514258693290643,1.322999579963523,6.999999880592873
5.81966,5.87627,56.1735,5163.39126,-0.98654,45.76284,3.615415975397511,1.346837578155041,6.999999880592873
5.86781,5.92598,56.03865,5161.60455,-1.00892,45.77674,3.6820922940078114,1.3716762611969051,6.999999880592873
5.91593,5.9757,55.90089,5159.78536,-1.03023,45.79082,3.751482114431939,1.397525795060949,6.999999880592873
5.96402,6.02541,55.76038,5157.93189,-1.05043,45.80512,3.8236089413082395,1.4243949358434025,6.999999880592873
6.01208,6.07513,55.61727,5156.04232,-1.06949,45.81961,3.8984918422283665,1.4522907867238528,6.999999880592873
6.06011,6.12484,55.47173,5154.1148,-1.08734,45.83432,3.9761447507099863,1.4812185383042449,6.999999880592873
6.10811,6.17455,55.32391,5152.14748,-1.10396,45.84925,4.05657572499249,1.511181192490776,6.999999880592873
6.15608,6.22426,55.17399,5150.1385,-1.11928,45.8644,4.139786163771031,1.5421792703341946,6.999999880592873
6.20402,6.27397,55.02216,5148.08595,-1.13327,45.87978,4.225769980776309,1.5742105045390442,6.999999880592873
6.25193,6.32368,54.8686,5145.98796,-1.14589,45.8954,4.314512741026764,1.6072695176948888,6.999999880592873
6.2998,6.37339,54.7135,5143.84265,-1.15708,45.91125,4.405990762627798,1.6413474876728815,6.999999880592873
6.34764,6.42309,54.55705,5141.64811,-1.1668,45.92736,4.500170189091963,1.67643180204063,6.999999880592873
6.39545,6.4728,54.39947,5139.40248,-1.175,45.94371,4.597006038459752,1.7125057038346716,6.999999880592873
6.44323,6.5225,54.24095,5137.10391,-1.18165,45.96032,4.69644123684018,1.7495479315289102,6.999999880592873
6.49096,6.57219,54.08172,5134.75055,-1.1867,45.97719,4.798405645442663,1.7875323565783898,6.999999880592873
6.53867,6.62189,53.922,5132.34062,-1.19012,45.99433,4.902815091737604,1.826427622501124,6.999999880592873
6.58633,6.67158,53.762,5129.87235,-1.19185,46.01174,5.009570416940285,1.86619679004078,6.999999880592873
6.63396,6.72127,53.60197,5127.34403,-1.19186,46.02943,5.118556553672614,1.9067969935714144,6.999999880592873
6.68156,6.77095,53.44213,5124.75401,-1.19012,46.04739,5.229641649224551,1.948179114489283,6.999999880592873
6.72911,6.82063,53.28272,5122.10072,-1.18659,46.06564,5.3426762514347885,1.9902874779319748,6.999999880592873
6.77662,6.8703,53.124,5119.38266,-1.18125,46.08419,5.457492575649618,2.0330595797013054,6.999999880592873
6.8241,6.91998,52.9662,5116.59841,-1.17405,46.10302,5.573903872513972,2.076425850748839,6.999999880592873
6.87153,6.96964,52.80957,5113.74667,-1.16499,46.12215,5.6917039174402,2.120309466989582,6.999999880592873
6.91892,7.0193,52.65437,5110.82625,-1.15403,46.14157,5.810666643377865,2.1646262124990647,6.999999880592873
6.96626,7.06895,52.50086,5107.8361,-1.14115,46.1613,5.930545938935271,2.209284404308298,6.999999880592873
7.01357,7.1186,52.34928,5104.77527,-1.12636,46.18133,6.051075633907538,2.2541848870126056,6.999999880592873
7.06083,7.16824,52.1999,5101.64301,-1.10963,46.20166,6.17196969374537,2.299221105216353,6.999999880592873
7.10804,7.21787,52.05298,5098.4387,-1.09096,46.22229,6.292922643421483,2.344279261434344,6.999999880592873
7.15521,7.2675,51.90877,5095.1619,-1.07035,46.24323,6.413610239438581,2.3892385664324784,6.999999880592873
7.20233,7.31712,51.76753,5091.81238,-1.04781,46.26447,6.533690406339996,2.4339715881025987,6.999999880592873
7.2494,7.36672,51.62957,5088.38998,-1.02252,46.27244,6.652752547892186,2.478325368544273,0.0
7.29644,7.4163,51.4952,5084.89481,-0.99532,46.28046,6.770366915651073,2.522139815154721,0.0
7.34344,7.46586,51.36467,5081.3273,-0.96624,46.28852,6.886139742598391,2.565268239359005,0.0
7.39041,7.5154,51.23822,5077.68813,-0.9353,46.29662,6.999666638904692,2.607559995305518,0.0
7.43733,7.56492,51.1161,5073.97819,-0.90255,46.30476,7.11053491217245,2.6488613442175923,0.0
7.48421,7.61441,50.99853,5070.19865,-0.86803,46.31295,7.218326325176252,2.689016481724277,0.0
7.53105,7.66388,50.88574,5066.35088,-0.83181,46.32118,7.322620107042746,2.7278686596040993,0.0
7.57785,7.71333,50.77795,5062.43655,-0.79393,46.32945,7.422996189811838,2.765261391489274,0.0
7.62461,7.76275,50.67536,5058.45754,-0.75448,46.33776,7.519038635360799,2.8010397294850913,0.0
7.67132,7.81214,50.57819,5054.416,-0.71352,46.34611,7.610339211076778,2.8350515962020184,0.0
7.71799,7.86151,50.4866,5050.31432,-0.67114,46.3545,7.696501066580683,2.867149154432082,0.0
7.76462,7.91085,50.40077,5046.15513,-0.62742,46.36293,7.777142458436803,2.897190194701205,0.0
7.8112,7.96017,50.32088,5041.94128,-0.58247,46.37141,7.85190046554292,2.925039519349783,0.0
7.85774,8.00945,50.24705,5037.67587,-0.53638,46.37992,7.920434634736181,2.9505703006167914,0.0
7.90423,8.05871,50.17944,5033.36218,-0.48927,46.38847,7.982430494519715,2.9736653895954013,0.0
7.95067,8.10794,50.11815,5029.00371,-0.44124,46.39705,8.037602874649455,2.9942185528664185,0.0
7.99707,8.15714,50.06328,5024.60412,-0.39241,46.40568,8.08569897087473,3.0121356141947873,0.0
8.04342,8.20631,50.01493,5020.16723,-0.34291,46.41434,8.126501097278242,3.0273354798486527,0.0
8.08972,8.25544,49.97317,5015.69703,-0.29286,46.42305,8.15982907353663,3.0397510279167337,0.0
8.13597,8.30455,49.93804,5011.1976,-0.24239,46.43178,8.185542200779327,3.049329844367735,0.0
8.18217,8.35363,49.90958,5006.67315,-0.19162,46.44056,8.203540787508663,3.05603479149573,0.0
8.22833,8.40268,49.88781,5002.12793,-0.1407,46.44937,8.213767196004817,3.059844397733549,0.0
8.27443,8.45169,49.87272,4997.56629,-0.08976,46.45822,8.216206389427175,3.0607530614624188,0.0
8.32049,8.50067,49.86431,4992.99257,-0.03892,46.46711,8.210885970300003,3.0587710653488944,0.0
8.3665,8.54962,49.86253,4988.41113,0.01167,46.47604,8.197875711691978,3.053924401696899,0.0
8.41245,8.59854,49.86734,4983.82633,0.06189,46.485,8.177286593013237,3.046254413256752,0.0
8.45836,8.64743,49.87866,4979.24247,0.1116,46.49399,8.149269362507464,3.0358172577156513,0.0
8.50422,8.69628,49.8964,4974.66379,0.16069,46.50303,8.114012657870434,3.022683207578628,0.0
8.55002,8.74511,49.92048,4970.09446,0.20902,46.5121,8.07174072484692,3.0069358002858713,0.0
8.59578,8.7939,49.95076,4965.53852,0.25648,46.52121,8.022710780746824,2.9886708560531154,0.0
8.64149,8.84266,49.98711,4960.99991,0.30294,46.53035,7.967210075470196,2.9679953830261283,0.0
8.68715,8.89138,50.0294,4956.48243,0.34831,46.53953,7.905552706755758,2.9450263908769925,0.0
8.73275,8.94008,50.07745,4951.98972,0.39247,46.54875,7.8380762488464155,2.9198896348933028,0.0
8.77831,8.98875,50.1311,4947.52524,0.43532,46.558,7.765138254650155,2.8927183129410685,0.0
8.82382,9.03738,50.19015,4943.0923,0.47678,46.56729,7.687112690829208,2.863651737441625,0.0
8.86928,9.08598,50.25443,4938.69398,0.51675,46.57662,7.604386363162284,2.8328340037250146,0.0
8.91469,9.13455,50.32371,4934.33319,0.55516,46.58599,7.51735538621261,2.800412674888441,0.0
8.96005,9.1831,50.39778,4930.01263,0.59193,46.59539,7.426421746921698,2.766537501644529,0.0
9.00536,9.23161,50.47643,4925.73479,0.627,46.60483,7.331990006513285,2.7313591936937685,0.0
9.05063,9.28009,50.55941,4921.50196,0.6603,46.61431,7.2344641792107645,2.695028256964627,0.0
9.09585,9.32855,50.6465,4917.3162,0.69179,46.62383,7.134244819967049,2.6576939087163005,0.0
9.14102,9.37697,50.73744,4913.17937,0.72142,46.63338,7.031726346989952,2.6195030801089656,0.0
9.18614,9.42537,50.83199,4909.09314,0.74915,46.64298,6.9272946183423185,2.5805995134235697,0.0
9.23122,9.47375,50.92991,4905.05893,0.77494,46.65261,6.821324775653034,2.5411229587874424,0.0
9.27625,9.52209,51.03093,4901.07802,0.79878,46.66228,6.714179362049582,2.5012084730546555,0.0
9.32124,9.57041,51.1348,4897.15144,0.82065,46.672,6.6062067159496936,2.4609858214511493,0.0
9.36618,9.6187,51.24126,4893.28008,0.84052,46.68175,6.497739637436777,2.42057898076449,0.0
9.41108,9.66697,51.35006,4889.46463,0.8584,46.69154,6.389094319655374,2.380105741260562,0.0
9.45593,9.71521,51.46093,4885.7056,0.87428,46.70138,6.280569534016964,2.339677403151291,0.0
9.50074,9.76344,51.57362,4882.00336,0.88816,46.71125,6.172446054995356,2.2993985623157913,0.0
9.54551,9.81163,51.68787,4878.35811,0.90006,46.72117,6.0649863080005675,2.259366979124122,0.0
9.59024,9.85981,51.80343,4874.76991,0.90998,46.73112,5.958434222075796,2.219673523563035,0.0
9.63492,9.90796,51.92004,4871.2387,0.91794,46.74112,5.8530152680213074,2.180402189438121,0.0
9.67956,9.95609,52.03746,4867.76427,0.92397,46.75116,5.74893666197721,2.1416301702137575,0.0
9.72416,10.0042,52.15545,4864.3463,0.92808,46.76125,5.646387714315727,2.103427988984652,0.0
9.76872,10.05229,52.27375,4860.98438,0.9303,46.77137,5.545540303979746,2.0658596751794374,0.0
9.81324,10.10036,52.39214,4857.67797,0.93067,46.78154,5.446549458982248,2.028982980811981,0.0
9.85772,10.14842,52.51038,4854.42648,0.92921,46.79175,5.349554024663877,1.992849629424915,0.0
9.90217,10.19645,52.62824,4851.22921,0.92597,46.80201,5.254677402386237,1.9575055912723216,0.0
9.94657,10.24447,52.7455,4848.08538,0.92098,46.81231,5.16202834256863,1.9229913787467852,0.0
9.99094,10.29247,52.86194,4844.99417,0.91428,46.82265,5.071701777338973,1.8893423565637713,0.0
10.03527,10.34045,52.97736,4841.95467,0.90591,46.83304,4.983779679454161,1.856589061732055,0.0
10.07956,10.38842,53.09154,4838.96595,0.89592,46.84347,4.898331935588017,1.8247575288764653,0.0
10.12382,10.43637,53.20428,4836.02701,0.88434,46.85395,4.815417223495833,1.793869617004753,0.0
10.16804,10.48431,53.31539,4833.13681,0.87123,46.86447,4.73508388394027,1.763943334322931,0.0
10.21222,10.53223,53.42468,4830.29428,0.85662,46.87504,4.65737077958278,1.7349931581949285,0.0
10.25637,10.58014,53.53198,4827.49832,0.84057,46.88566,4.582308134289796,1.70703034780623,0.0
10.30049,10.62803,53.63709,4824.74779,0.82313,46.89632,4.509918347461949,1.6800632475229331,0.0
10.34457,10.67592,53.73985,4822.04156,0.80433,46.90702,4.440216779047143,1.6540975793297776,0.0
10.38862,10.72379,53.84011,4819.37844,0.78424,46.91778,4.373212501869393,1.6291367230924296,0.0
10.43263,10.77165,53.93769,4816.75726,0.76289,46.92858,4.308909018767584,1.605181983710538,0.0
10.47661,10.8195,54.03246,4814.17681,0.74033,46.93942,4.247304942803441,1.5822328445131038,0.0
10.52056,10.86734,54.12426,4811.63588,0.71662,46.95032,4.188394639462151,1.5602872064951057,0.0
10.56447,10.91517,54.21295,4809.13326,0.6918,46.96126,4.132168830355553,1.5393416132128241,0.0
10.60836,10.96298,54.29841,4806.66773,0.66591,46.97224,4.078615158420056,1.5193914613349384,0.0
10.65221,11.01079,54.3805,4804.23805,0.63901,46.98328,4.027718715023972,1.500431197003875,0.0
10.69603,11.05859,54.45911,4801.84301,0.61115,46.99436,3.979462529730946,1.482454498285572,0.0
10.73982,11.10639,54.53412,4799.48135,0.58236,47.0055,3.933828023738411,1.4654544440872361,0.0
10.78358,11.15417,54.60542,4797.15186,0.55271,47.01668,3.8907954282299064,1.4494236700045866,0.0
10.82731,11.20195,54.67291,4794.85329,0.52223,47.0279,3.8503441690319056,1.4343545116166456,0.0
10.871,11.24971,54.73649,4792.58442,0.49097,47.03918,3.8124532190816267,1.420239135789272,0.0
10.91467,11.29748,54.79608,4790.34401,0.45897,47.0505,3.7771014202795743,1.4070696605736996,0.0
10.95831,11.34523,54.85158,4788.13082,0.42629,47.06188,3.744267776346413,1.3948382643034318,0.0
11.00192,11.39298,54.90293,4785.94362,0.39296,47.0733,3.7139317182915508,1.3835372844882696,0.0
11.0455,11.44072,54.95003,4783.78118,0.35904,47.08477,3.6860733440947318,1.3731593071020147,0.0
11.08905,11.48846,54.99284,4781.64227,0.32456,47.09629,3.6606736341502284,1.3636972468410968,0.0
11.13257,11.53619,55.03127,4779.52564,0.28958,47.10786,3.6377146439580867,1.355144418907136,0.0
11.17606,11.58392,55.06529,4777.43007,0.25413,47.11948,3.617179675482419,1.3474946028424115,0.0
11.21952,11.63164,55.09482,4775.35431,0.21825,47.13115,3.599053428484449,1.340742098905405,0.0
11.26296,11.67936,55.11984,4773.29713,0.182,47.14286,3.5833221330619907,1.334881777445246,0.0
11.30637,11.72708,55.1403,4771.25727,0.14542,47.15463,3.5699736645021707,1.329909121687367,0.0
11.34974,11.77479,55.15616,4769.23349,0.10854,47.16644,3.5589976414381805,1.3258202642994832,0.0
11.3931,11.82249,55.16739,4767.22453,0.07141,47.17831,3.5503855081961753,1.322612018067973,0.0
11.43642,11.87019,55.17398,4765.22914,0.03408,47.19022,3.5441306020744143,1.3202819009611322,0.0
11.47971,11.91789,55.17589,4763.24604,-0.00342,47.20218,3.5402282061838566,1.3188281558136838,0.0
11.52298,11.96559,55.17312,4761.27396,-0.04104,47.2142,3.5386755883509817,1.3182497648191038,0.0
11.56622,12.01328,55.16566,4759.3116,-0.07873,47.22626,3.539472026435023,1.3185464589609566,0.0
11.60943,12.06097,55.1535,4757.35768,-0.11647,47.23837,3.5426188203055204,1.3197187224748468,0.0
11.65262,12.10866,55.13665,4755.41087,-0.15419,47.25053,3.548119290580041,1.3217677923781888,0.0
11.69577,12.15634,55.11511,4753.46986,-0.19187,47.26274,3.5559787640862175,1.324695653054433,0.0
11.7389,12.20402,55.0889,4751.53331,-0.22945,47.275,3.5662045458925262,1.3285050258337954,0.0
11.782,12.2517,55.05803,4749.59986,-0.2669,47.28731,3.578805877618747,1.3331993534628053,0.0
11.82508,12.29938,55.02253,4747.66814,-0.30417,47.29967,3.5937938815945043,1.3387827793018934,0.0
11.86813,12.34705,54.98243,4745.73678,-0.34122,47.31207,3.6111814903281947,1.345260121050713,0.0
11.91114,12.39472,54.93776,4743.80435,-0.37801,47.32453,3.6309833606008466,1.3526368387458398,0.0
11.95414,12.44239,54.88855,4741.86944,-0.41448,47.33703,3.653215771401472,1.3609189967390065,0.0
11.9971,12.49006,54.83486,4739.9306,-0.4506,47.34959,3.677896504776314,1.3701132193103134,0.0
12.04004,12.53773,54.77674,4737.98636,-0.48633,47.36219,3.705044708572337,1.380226639536564,0.0
12.08295,12.58539,54.71424,4736.03523,-0.52161,47.37484,3.7346807399397464,1.391266840991839,0.0
12.12583,12.63305,54.64742,4734.0757,-0.5564,47.38755,3.7668259883608224,1.4032417918210793,0.0
12.16868,12.68071,54.57635,4732.10623,-0.59066,47.40029,3.801502676891856,1.4161597706974764,0.0
12.21151,12.72837,54.5011,4730.12526,-0.62434,47.41309,3.838733640214179,1.4300292841406432,0.0
12.2543,12.77602,54.42175,4728.1312,-0.65739,47.42594,3.8785420780576567,1.4448589746603768,0.0
12.29707,12.82368,54.33838,4726.12245,-0.68977,47.43883,3.920951282489181,1.4606575191644449,0.0
12.33981,12.87133,54.25109,4724.09736,-0.72142,47.45177,3.965984337559213,1.4774335170690223,0.0
12.38252,12.91898,54.15997,4722.05428,-0.75231,47.46476,4.01366378980186,1.495195367551299,0.0
12.4252,12.96662,54.06509,4719.99159,-0.78293,47.48676,4.064030729514398,1.5139583778281616,6.999999880592873
12.46784,13.01428,53.96652,4717.90764,-0.81269,47.50893,4.117126077723087,1.5337377920585882,6.999999880592873
12.51045,13.06193,53.86438,4715.80066,-0.84154,47.53127,4.17297045162964,1.5545412906926883,6.999999880592873
12.55302,13.10959,53.75878,4713.66888,-0.86943,47.55379,4.231582400718464,1.5763757839014703,6.999999880592873
12.59555,13.15726,53.64985,4711.5105,-0.89631,47.5765,4.2929779440356945,1.5992472392011057,6.999999880592873
12.63804,13.20493,53.53772,4709.3237,-0.92213,47.5994,4.357170035716166,1.623160482347664,6.999999880592873
12.6805,13.2526,53.42253,4707.10665,-0.94684,47.62249,4.424167992730823,1.6481189841579664,6.999999880592873
12.72292,13.30027,53.30442,4704.85748,-0.97038,47.6458,4.49397688471684,1.6741246332052513,6.999999880592873
12.7653,13.34795,53.18354,4702.57433,-0.99272,47.66931,4.566596886214987,1.7011774945105473,6.999999880592873
12.80764,13.39563,53.06005,4700.25531,-1.01379,47.69304,4.642022592182571,1.7292755545532354,6.999999880592873
12.84993,13.44332,52.93411,4697.89854,-1.03355,47.71699,4.7202422982864345,1.7584144531612562,6.999999880592873
12.89219,13.49101,52.80589,4695.50211,-1.05194,47.74117,4.801237248177937,1.788587203101232,6.999999880592873
12.93441,13.5387,52.67556,4693.06414,-1.06892,47.76559,4.884980850788002,1.819783898500277,6.999999880592873
12.97659,13.58639,52.5433,4690.58274,-1.08443,47.79025,4.971437871577041,1.8519914135653188,6.999999880592873
13.01872,13.63408,52.40931,4688.05601,-1.09843,47.81516,5.060563602672229,1.8851930934373955,6.999999880592873
13.06082,13.68178,52.27376,4685.48211,-1.11087,47.84032,5.152303017907514,1.919368439421828,6.999999880592873
13.10286,13.72948,52.13686,4682.85918,-1.1217,47.86574,5.246589919950192,1.9544927912704244,6.999999880592873
13.14487,13.77718,51.99881,4680.18542,-1.13087,47.89143,5.343346087947521,1.9905370096574266,6.999999880592873
13.18683,13.82488,51.85982,4677.45904,-1.13835,47.91738,5.442480435369936,2.0274671624539407,6.999999880592873
13.22875,13.87258,51.72011,4674.67831,-1.14408,47.94361,5.543888189103376,2.065244218918231,6.999999880592873
13.27062,13.92028,51.57988,4671.84154,-1.14803,47.97013,5.647450102112289,2.103823756391977,6.999999880592873
13.31244,13.96798,51.43937,4668.94711,-1.15016,47.99692,5.753031713331591,2.1431556845905506,6.999999880592873
13.35422,14.01568,51.2988,4665.99347,-1.15043,48.02401,5.860482669655497,2.1831839930260193,6.999999880592873
13.39595,14.06338,51.1584,4662.97915,-1.14882,48.05139,5.969636126035883,2.223846527527999,6.999999880592873
13.43763,14.11108,51.01841,4659.90276,-1.14527,48.07907,6.080308240671812,2.265074802188473,6.999999880592873
13.47926,14.15878,50.87906,4656.76302,-1.13979,48.10705,6.192297783058358,2.306793853349661,6.999999880592873
13.52084,14.20647,50.7406,4653.55877,-1.13233,48.13534,6.305385873160101,2.34892214243929,6.999999880592873
13.56237,14.25417,50.60326,4650.28893,-1.12288,48.16393,6.4193358701985614,2.3913715145409835,6.999999880592873
13.60385,14.30186,50.46729,4646.95262,-1.11142,48.19282,6.533893429355016,2.43404721951755,6.999999880592873
13.64527,14.34954,50.33293,4643.54904,-1.09796,48.22203,6.648786744088489,2.4768480022808177,6.999999880592873
13.68665,14.39722,50.20044,4640.07758,-1.08247,48.25155,6.7637269907292135,2.5196662684143893,6.999999880592873
13.72797,14.4449,50.07004,4636.53778,-1.06496,48.28137,6.8784089903581895,2.5623883307411965,6.999999880592873
13.76923,14.49257,49.94199,4632.92938,-1.04544,48.31151,6.99251210087912,2.604894741643768,6.999999880592873
13.81044,14.54024,49.81653,4629.25227,-1.02392,48.34195,7.105701349455316,2.647060714926771,6.999999880592873
13.85159,14.5879,49.6939,4625.50656,-1.00042,48.3727,7.217628812172372,2.68875663977766,6.999999880592873
13.89268,14.63556,49.57433,4621.69256,-0.97496,48.40374,7.327935243975816,2.7298486879613377,6.999999880592873
13.93372,14.68321,49.45806,4617.81077,-0.94757,48.43509,7.436251957513125,2.7701995137382425,6.999999880592873
13.97469,14.73085,49.3453,4613.86195,-0.9183,48.46673,7.542202944746715,2.809669044221007,6.999999880592873
14.01561,14.77848,49.23629,4609.84703,-0.88718,48.49866,7.645407229935631,2.848115355922049,6.999999880592873
14.05646,14.82611,49.13124,4605.7672,-0.85428,48.53086,7.74548143721821,2.8853956312456748,6.999999880592873
14.09726,14.87372,49.03035,4601.62387,-0.81964,48.56334,7.842042550378792,2.921367186573787,6.999999880592873
14.13799,14.92133,48.93383,4597.41868,-0.78334,48.59609,7.934710836919174,2.9558885615594424,6.999999880592873
14.17866,14.96892,48.84186,4593.1535,-0.74545,48.6291,8.023112903143549,2.988820657226373,6.999999880592873
14.21926,15.01651,48.75461,4588.83042,-0.70605,48.66235,8.106884842095807,3.020027908658459,6.999999880592873
14.2598,15.06408,48.67227,4584.45174,-0.66523,48.69583,8.185675431739854,3.0493794764060476,6.999999880592873
14.30028,15.11164,48.59498,4580.02001,-0.62308,48.72954,8.259149337178368,3.076750439396695,6.999999880592873
14.34069,15.15919,48.5229,4575.53796,-0.5797,48.76346,8.326990268000973,3.1020229711304346,6.999999880592873
14.38103,15.20673,48.45615,4571.00852,-0.5352,48.79759,8.38890404015719,3.1250874803080135,6.999999880592873
14.42131,15.25426,48.39485,4566.4348,-0.48968,48.83189,8.444621491361858,3.1458436968961245,6.999999880592873
14.46152,15.30177,48.3391,4561.8201,-0.44328,48.86637,8.49390119975226,3.164201684898714,6.999999880592873
14.50166,15.34926,48.28899,4557.16786,-0.39609,48.901,8.536531957708162,3.180082763920036,6.999999880592873
14.54173,15.39675,48.24461,4552.48167,-0.34826,48.93578,8.572334956074618,3.1934203228451232,6.999999880592873
14.58173,15.44421,48.206,4547.76524,-0.29991,48.97067,8.60116563872881,3.204160510714725,6.999999880592873
14.62167,15.49167,48.1732,4543.02237,-0.25117,49.00568,8.622915193163157,3.2122627920067375,6.999999880592873
14.66153,15.5391,48.14626,4538.25697,-0.20217,49.04078,8.637511649547344,3.2177003560657296,6.999999880592873
14.70133,15.58652,48.12516,4533.473,-0.15305,49.07596,8.644920568295063,3.2204603732396393,6.999999880592873
14.74105,15.63393,48.10992,4528.67445,-0.10395,49.11119,8.645145304250292,3.220544093296121,6.999999880592873
14.78071,15.68132,48.10051,4523.86536,-0.05499,49.14647,8.638226844099002,3.217966784854123,6.999999880592873
14.82029,15.72869,48.09688,4519.04974,-0.00631,49.18177,8.62424322209239,3.2127575177254215,6.999999880592873
14.8598,15.77605,48.09899,4514.23161,0.04196,49.21708,8.603308527523682,3.2049587931736125,6.999999880592873
14.89925,15.82339,48.10677,4509.41493,0.08968,49.25239,8.575571525213677,3.194626030008683,6.999999880592873
14.93862,15.87071,48.12014,4504.60361,0.13673,49.28768,8.54121391749008,3.1818269171285762,6.999999880592873
14.97792,15.91802,48.13899,4499.80147,0.18298,49.32292,8.500448282437189,3.1666406454629623,6.999999880592873
15.01716,15.96531,48.16321,4495.01224,0.22832,49.35812,8.45351572847065,3.1491570342406123,6.999999880592873
15.05632,16.01258,48.19268,4490.23955,0.27263,49.39325,8.400683309371066,3.1294755680214084,6.999999880592873
15.09541,16.05983,48.22726,4485.48689,0.31579,49.4283,8.34224124682821,3.1077043620209848,6.999999880592873
15.13444,16.10707,48.26679,4480.7576,0.3577,49.46325,8.27850000911316,3.083959073839226,6.999999880592873
15.17339,16.15429,48.31112,4476.0549,0.39826,49.49811,8.209787294925025,3.058361779863826,6.999999880592873
15.21228,16.20149,48.36007,4471.38181,0.43739,49.53284,8.136444970625027,3.031039834309384,6.999999880592873
15.25109,16.24868,48.41346,4466.7412,0.47498,49.56745,8.05882600720323,3.0021247281569257,6.999999880592873
15.28984,16.29585,48.47109,4462.13576,0.51096,49.60192,7.977291460527708,2.971750964217257,6.999999880592873
15.32852,16.34301,48.53277,4457.568,0.54527,49.63624,7.892207534767101,2.9400549631786093,6.999999880592873
15.36714,16.39014,48.59828,4453.04022,0.57782,49.67041,7.803942764634933,2.907174013918504,6.999999880592873
15.40569,16.43727,48.66742,4448.55455,0.60856,49.70441,7.712865347413511,2.8732452796124526,6.999999880592873
15.44417,16.48437,48.73996,4444.11293,0.63744,49.73825,7.619340650651917,2.838404869285887,6.999999880592873
15.48258,16.53146,48.81567,4439.71711,0.66442,49.77192,7.523728916309022,2.8027869825470235,6.999999880592873
15.52093,16.57854,48.89433,4435.36863,0.68944,49.8054,7.426383177024461,2.766523133342973,6.999999880592873
15.55922,16.6256,48.9757,4431.06887,0.71249,49.8387,7.327647395136668,2.7297414566949967,6.999999880592873
15.59744,16.67265,49.05955,4426.81902,0.73353,49.87182,7.227854830450021,2.692566100648818,6.999999880592873
15.6356,16.71968,49.14564,4422.62009,0.75254,49.90474,7.127326638327811,2.6551167040273698,6.999999880592873
15.6737,16.7667,49.23373,4418.47291,0.76951,49.93748,7.026370695801715,2.617507959125683,6.999999880592873
15.71173,16.8137,49.32358,4414.37817,0.78444,49.97002,6.925280649907886,2.5798492571910443,6.999999880592873
15.7497,16.86069,49.41496,4410.33637,0.79732,50.00237,6.824335179509501,2.5422444134324684,6.999999880592873
15.78761,16.90767,49.50762,4406.34788,0.80815,50.03454,6.723797459450787,2.5047914674039773,6.999999880592873
15.82547,16.95464,49.60132,4402.41293,0.81694,50.06651,6.623914813910105,2.4675825538695007,6.999999880592873
15.86326,17.0016,49.69584,4398.53158,0.82371,50.09829,6.524918544390475,2.4307038387248237,6.999999880592873
15.90099,17.04854,49.79094,4394.70381,0.82846,50.12988,6.427023916814903,2.3942355141902514,6.999999880592873
15.93867,17.09548,49.8864,4390.92943,0.83123,50.16129,6.330430291545646,2.358251847246213,6.999999880592873
15.97629,17.1424,49.98197,4387.20818,0.83204,50.19252,6.235321380016571,2.322821275235561,6.999999880592873
16.01385,17.18931,50.07745,4383.53967,0.83092,50.22357,6.141865611719866,2.2880065425757836,6.999999880592873
16.05136,17.23621,50.17261,4379.92341,0.8279,50.25445,6.050216595710967,2.2538648726817274,6.999999880592873
16.08881,17.28311,50.26723,4376.35883,0.82301,50.28515,5.9605136614062655,2.2204481694269766,6.999999880592873
16.1262,17.32999,50.36112,4372.84528,0.81629,50.3157,5.872882464224525,2.187803242761213,6.999999880592873
16.16355,17.37687,50.45406,4369.38203,0.80778,50.34608,5.787435642585082,2.1559720534593345,6.999999880592873
16.20083,17.42374,50.54585,4365.96827,0.79753,50.37631,5.704273513775955,2.124991972350635,6.999999880592873
16.23807,17.4706,50.6363,4362.60314,0.78557,50.40638,5.62348479730557,2.094896049786354,6.999999880592873
16.27525,17.51745,50.72523,4359.28571,0.77196,50.43632,5.545147355464713,2.0657132915184895,6.999999880592873
16.31238,17.5643,50.81244,4356.015,0.75674,50.46611,5.469328941953734,2.037468937583129,6.999999880592873
16.34946,17.61114,50.89776,4352.79,0.73996,50.49578,5.396087950510258,2.01018474118397,6.999999880592873
16.38649,17.65797,50.98102,4349.60964,0.72167,50.52531,5.3254741565564805,1.9838792449754485,6.999999880592873
16.42347,17.7048,51.06206,4346.47281,0.70193,50.55473,5.25752944586987,1.9585680525117553,6.999999880592873
16.4604,17.75162,51.14071,4343.37837,0.68078,50.58403,5.192288525253526,1.934264092990233,6.999999880592873
16.49727,17.79844,51.21683,4340.32515,0.65827,50.61323,5.129779611035183,1.9109778777353825,6.999999880592873
16.5341,17.84525,51.29026,4337.31195,0.63446,50.64233,5.070025092033524,1.8887177471712464,6.999999880592873
16.57089,17.89206,51.36087,4334.33756,0.60941,50.67133,5.013042164368228,1.8674901073048615,6.999999880592873
16.60762,17.93887,51.42852,4331.40072,0.58317,50.70025,4.958843436110025,1.8472996549743148,6.999999880592873
16.64431,17.98567,51.49308,4328.50017,0.55579,50.72908,4.907437500357983,1.828149591335106,6.999999880592873
16.68094,18.03247,51.55444,4325.63464,0.52732,50.75784,4.858829475826339,1.8100418232429705,6.999999880592873
16.71754,18.07926,51.61248,4322.80282,0.49783,50.78653,4.813021514433619,1.7929771523441793,6.999999880592873
16.75408,18.12606,51.66708,4320.0034,0.46737,50.81517,4.770013275777723,1.776955451829994,6.999999880592873
16.79058,18.17285,51.71816,4317.23505,0.43598,50.84375,4.729802368643294,1.7619758309097766,6.999999880592873
16.82704,18.21964,51.76561,4314.49645,0.40374,50.87228,4.692384759963512,1.7480367871600209,6.999999880592873
16.86345,18.26642,51.80934,4311.78623,0.37068,50.90077,4.657755151828142,1.7351363469697685,6.999999880592873
16.89981,18.31321,51.84927,4309.10305,0.33688,50.92923,4.62590732728054,1.7232721943590905,6.999999880592873
16.93613,18.35999,51.88532,4306.44553,0.30237,50.95766,4.596834465761695,1.7124417884902965,6.999999880592873
16.9724,18.40678,51.91742,4303.8123,0.26723,50.98607,4.570529429093994,1.7026424702044076,6.999999880592873
17.00863,18.45356,51.94552,4301.20195,0.23149,51.01447,4.546985018968313,1.693871557941878,6.999999880592873
17.04482,18.50034,51.96954,4298.61311,0.19522,51.04286,4.5261942068740995,1.6861264333975936,6.999999880592873
17.08096,18.54712,51.98944,4296.04434,0.15847,51.07125,4.508150337406217,1.6794046172580288,6.999999880592873
17.11706,18.5939,52.00517,4293.49425,0.1213,51.09965,4.492847305826984,1.6737038353477705,6.999999880592873
17.15311,18.64069,52.0167,4290.96139,0.08376,51.12806,4.480279710722943,1.6690220754981873,6.999999880592873
17.18912,18.68747,52.02398,4288.44433,0.0459,51.15649,4.470442982499861,1.6653576354151924,6.999999880592873
17.22509,18.73425,52.02699,4285.94162,0.00778,51.18494,4.46333348838378,1.6627091617949041,6.999999880592873
17.26102,18.78103,52.02572,4283.45178,-0.03055,51.21343,4.458948614490175,1.66107568089656,6.999999880592873
17.2969,18.82782,52.02014,4280.97335,-0.06903,51.24196,4.457286825431305,1.6604566207478297,6.999999880592873
17.33274,18.8746,52.01024,4278.50484,-0.10761,51.27054,4.458347701803247,1.660851825109715,6.999999880592873
17.36853,18.92139,51.99603,4276.04473,-0.14623,51.29917,4.4621319557913655,1.6622615592900045,6.999999880592873
17.40429,18.96817,51.97751,4273.59152,-0.18484,51.32785,4.468641425012123,1.6646865078491795,6.999999880592873
17.44,19.01496,51.95468,4271.14367,-0.22338,51.35661,4.4778790445950705,1.668127764200227,6.999999880592873
17.47566,19.06175,51.92756,4268.69963,-0.26181,51.38543,4.489848797375392,1.6725868120540468,6.999999880592873
17.51129,19.10854,51.89617,4266.25783,-0.30006,51.41434,4.504555641995097,1.678065498635258,6.999999880592873
17.54687,19.15533,51.86054,4263.8167,-0.33808,51.44333,4.522005418545381,1.6845659995314919,6.999999880592873
17.58241,19.20212,51.8207,4261.37464,-0.37582,51.47242,4.54220473134034,1.6920907750235206,6.999999880592873
17.6179,19.24892,51.7767,4258.93002,-0.41321,51.50161,4.565160808279832,1.7006425176942175,6.999999880592873
17.65336,19.29571,51.72857,4256.48121,-0.45022,51.5309,4.590881336191659,1.710224091089192,6.999999880592873
17.68877,19.34251,51.67638,4254.02657,-0.48677,51.5603,4.619374271487894,1.7208384591812866,6.999999880592873
17.72413,19.38931,51.62017,4251.56441,-0.52281,51.58983,4.650647625393934,1.7324886063627505,6.999999880592873
17.75946,19.43611,51.56002,4249.09305,-0.55829,51.61948,4.684709222999375,1.7451774476853479,6.999999880592873
17.79474,19.48291,51.49599,4246.61077,-0.59315,51.64927,4.721566435352482,1.7589077290585022,6.999999880592873
17.82997,19.52971,51.42816,4244.11585,-0.62733,51.6792,4.7612258838543795,1.7736819171283513,6.999999880592873
17.86516,19.57651,51.35661,4241.60655,-0.66079,51.70927,4.803693116215041,1.78950207856283,6.999999880592873
17.90031,19.62332,51.28144,4239.0811,-0.69345,51.7395,4.84897225336259,1.8063697485160917,6.999999880592873
17.93541,19.67012,51.20273,4236.53772,-0.72527,51.76989,4.897065606749164,1.824285788064876,6.999999880592873
17.97047,19.71693,51.1206,4233.97463,-0.75618,51.80045,4.947973265696155,1.843250230483751,6.999999880592873
18.00549,19.76374,51.03514,4231.39,-0.78614,51.83119,5.001692654586877,1.8632621162877334,6.999999880592873
18.04045,19.81055,50.94647,4228.78204,-0.81508,51.86211,5.058218059973329,1.884319317067113,6.999999880592873
18.07538,19.85736,50.85471,4226.14889,-0.84295,51.89322,5.117540127958957,1.9064183482493071,6.999999880592873
18.11025,19.90416,50.75999,4223.48874,-0.86968,51.92452,5.179645332559893,1.9295541710494346,6.999999880592873
18.14509,19.95097,50.66244,4220.79973,-0.89523,51.95603,5.244515416176733,1.953719984031332,6.999999880592873
18.17987,19.99778,50.5622,4218.08001,-0.91954,51.98775,5.31212680377298,1.9789070048736064,6.999999880592873
18.21461,20.04459,50.45941,4215.32776,-0.94255,52.01968,5.38244999288873,2.005104243133689,6.999999880592873
18.2493,20.0914,50.35423,4212.54112,-0.9642,52.05184,5.455448922238133,2.0322982650337695,6.999999880592873
18.28394,20.13821,50.2468,4209.71826,-0.98445,52.08423,5.531080322294963,2.06047295153684,6.999999880592873
18.31853,20.18501,50.1373,4206.85736,-1.00324,52.11685,5.609293051987983,2.0896092512482607,6.999999880592873
18.35308,20.23182,50.02589,4203.95662,-1.02052,52.14972,5.690027426451929,2.119684929985319,6.999999880592873
18.38758,20.27862,49.91273,4201.01427,-1.03623,52.18284,5.773214541577471,2.1506743191543123,6.999999880592873
18.42202,20.32542,49.79803,4198.02854,-1.05033,52.21622,5.85877560201413,2.182548065413957,6.999999880592873
18.45642,20.37222,49.68194,4194.99773,-1.06276,52.24985,5.946621260171786,2.215272884436057,6.999999880592873
18.49077,20.41902,49.56467,4191.92016,-1.07349,52.28375,6.036650974721792,2.24881132193029,6.999999880592873
18.52506,20.46581,49.4464,4188.7942,-1.08246,52.31793,6.128752397981032,2.2831215254286485,6.999999880592873
18.5593,20.5126,49.32734,4185.61828,-1.08964,52.35238,6.222800802506056,2.3181570306766726,6.999999880592873
18.59349,20.55939,49.20768,4182.39089,-1.09499,52.38712,6.318658558052978,2.3538665667872443,6.999999880592873
18.62763,20.60617,49.08763,4179.11059,-1.09846,52.42214,6.416174670820964,2.3901938845966666,6.999999880592873
18.66172,20.65295,48.9674,4175.77603,-1.10003,52.45746,6.51518439758099,2.427077612917474,6.999999880592873
18.69574,20.69972,48.8472,4172.38593,-1.09967,52.49307,6.615508947783904,2.4644511475658426,6.999999880592873
18.72972,20.74649,48.72725,4168.93911,-1.09734,52.52898,6.716955287095218,2.502242578173139,6.999999880592873
18.76364,20.79325,48.60776,4165.43451,-1.09303,52.56518,6.819316055890337,2.54037465782324,6.999999880592873
18.7975,20.84,48.48894,4161.87118,-1.08672,52.6017,6.922369616145038,2.5787648205204756,6.999999880592873
18.83131,20.88675,48.37103,4158.24828,-1.0784,52.63851,7.02588023966868,2.6173252513114504,6.999999880592873
18.86506,20.93349,48.25424,4154.56511,-1.06805,52.67563,7.129598449899062,2.6559630136126207,6.999999880592873
18.89875,20.98022,48.13878,4150.82113,-1.05567,52.71306,7.233261528360457,2.69458023787924,6.999999880592873
18.93238,21.02694,48.02489,4147.01591,-1.04127,52.7508,7.336594195377824,2.733074375189309,6.999999880592873
18.96595,21.07366,47.91277,4143.14922,-1.02484,52.78884,7.439309472777919,2.771338518622447,6.999999880592873
18.99946,21.12036,47.80265,4139.22097,-1.00642,52.82718,7.54110973400793,2.809261794456703,6.999999880592873
19.03292,21.16705,47.69473,4135.23125,-0.986,52.86583,7.641687944474861,2.8467298242276224,6.999999880592873
19.0663,21.21373,47.58924,4131.18034,-0.96363,52.90477,7.7407290918737734,2.883625257563141,6.999999880592873
19.09963,21.2604,47.48637,4127.06868,-0.93933,52.944,7.837911802918932,2.9198283744584828,6.999999880592873
19.1329,21.30706,47.38633,4122.89693,-0.91314,52.98353,7.9329101393297545,2.955217754328179,6.999999880592873
19.1661,21.35371,47.28932,4118.66592,-0.88511,53.02334,8.025395562045059,2.989671007727555,6.999999880592873
19.19923,21.40034,47.19552,4114.37669,-0.85529,53.06342,8.1150390487967,3.0230655652046323,6.999999880592873
19.2323,21.44696,47.10513,4110.03046,-0.82374,53.10378,8.201513346146651,3.055279516243188,6.999999880592873
19.26531,21.49356,47.01832,4105.62868,-0.79053,53.1444,8.284495333317869,3.086192489851955,6.999999880592873
19.29825,21.54015,46.93525,4101.17297,-0.75573,53.18526,8.363668471434766,3.115686566971136,6.999999880592873
19.33112,21.58672,46.85609,4096.66515,-0.71941,53.22638,8.438725308542375,3.1436472136579607,6.999999880592873
19.36393,21.63328,46.78099,4092.10724,-0.68167,53.26772,8.509370007859625,3.1699642229275438,6.999999880592873
19.39667,21.67982,46.71008,4087.50141,-0.6426,53.30928,8.57532086443991,3.194532652275172,6.999999880592873
19.42934,21.72634,46.6435,4082.85006,-0.6023,53.35106,8.636312773784839,3.2172537432998767,6.999999880592873
19.46194,21.77285,46.58136,4078.15572,-0.56087,53.39302,8.692099615113111,3.2380358095347943,6.999999880592873
19.49447,21.81933,46.52377,4073.42108,-0.51841,53.43517,8.742456511911653,3.256795078561947,6.999999880592873
19.52693,21.8658,46.47083,4068.649,-0.47505,53.47749,8.787181933272976,3.2734564748157005,6.999999880592873
19.55932,21.91225,46.4226,4063.84245,-0.4309,53.51997,8.826099601257646,3.287954330125463,6.999999880592873
19.59164,21.95868,46.37916,4059.00455,-0.38609,53.56258,8.859060172091132,3.300233010005749,6.999999880592873
19.62389,22.00509,46.34056,4054.13849,-0.34073,53.60531,8.885942662540074,3.310247445018873,6.999999880592873
19.65607,22.05147,46.30684,4049.24759,-0.29496,53.64815,8.906655596910692,3.317963558062032,6.999999880592873
19.68818,22.09784,46.27803,4044.33521,-0.2489,53.69109,8.921137855080108,3.323358580281285,6.999999880592873
19.72022,22.14419,46.25413,4039.4048,-0.20269,53.7341,8.929359207272736,3.326421250289833,6.999999880592873
19.75218,22.19051,46.23516,4034.45984,-0.15646,53.77717,8.931320527122827,3.3271518935394235,6.999999880592873
19.78407,22.23682,46.22108,4029.50381,-0.11034,53.82028,8.927053680497044,3.3255623809038277,6.999999880592873
19.8159,22.2831,46.21186,4024.54024,-0.06446,53.86342,8.916621093604327,3.3216759677884093,6.999999880592873
19.84764,22.32935,46.20748,4019.57262,-0.01895,53.90657,8.900115009784518,3.3155270172643267,6.999999880592873
19.87932,22.37559,46.20785,4014.60442,0.02606,53.94972,8.877656449955833,3.307160612807869,6.999999880592873
19.91093,22.4218,46.21293,4009.63907,0.07044,53.99284,8.849393896885125,3.2966320681565042,6.999999880592873
19.94246,22.46799,46.22261,4004.67994,0.11408,54.03593,8.81550172795154,3.2840063434721096,6.999999880592873
19.97392,22.51416,46.23682,3999.73033,0.15685,54.07897,8.776178424977987,3.2693573784560894,6.999999880592873
20.00531,22.56031,46.25542,3994.79344,0.19864,54.12195,8.731644592787664,3.252767354209548,6.999999880592873
20.03663,22.60643,46.27832,3989.87239,0.23933,54.16485,8.68214082037806,3.2343258964643273,6.999999880592873
20.06788,22.65253,46.30538,3984.97016,0.27883,54.20766,8.627925420056963,3.214129233351684,6.999999880592873
20.09906,22.6986,46.33645,3980.08964,0.31703,54.25036,8.569272080365312,3.192279321054297,6.999999880592873
20.13016,22.74465,46.37139,3975.23357,0.35383,54.29295,8.506467468416332,3.168882950614508,6.999999880592873
20.1612,22.79068,46.41004,3970.40454,0.38916,54.33542,8.439808816212187,3.1440508487737673,6.999999880592873
20.19216,22.83669,46.45224,3965.60501,0.42292,54.37775,8.369601523796137,3.1178967850837496,6.999999880592873
20.22306,22.88268,46.4978,3960.83728,0.45504,54.41993,8.296156809797004,3.0905366966723453,6.999999880592873
20.25389,22.92864,46.54655,3956.10351,0.48546,54.46196,8.21978943713665,3.0620878410098578,6.999999880592873
20.28465,22.97458,46.59829,3951.40567,0.5141,54.50383,8.14081553850568,3.03266798584149,6.999999880592873
20.31534,23.0205,46.65284,3946.74559,0.54091,54.54554,8.059550562786596,3.002394644175934,6.999999880592873
20.34596,23.06639,46.71,3942.12494,0.56585,54.58706,7.976307360007688,2.971384360880306,6.999999880592873
20.37652,23.11227,46.76957,3937.54521,0.58887,54.62841,7.891394418803423,2.9397520560877712,6.999999880592873
20.40701,23.15812,46.83134,3933.00774,0.60993,54.66957,7.805114266754102,2.907610429281971,6.999999880592873
20.43743,23.20395,46.8951,3928.51371,0.62901,54.71055,7.717762040508999,2.8750694266302723,6.999999880592873
20.46779,23.24977,46.96065,3924.06415,0.64608,54.75133,7.629624229363417,2.8422357729331615,6.999999880592873
20.49808,23.29556,47.02778,3919.65993,0.66113,54.79192,7.540977592917507,2.8092125684236797,6.999999880592873
20.52831,23.34133,47.09627,3915.30178,0.67413,54.83232,7.452088250773835,2.77609894965581,6.999999880592873
20.55847,23.38708,47.16591,3910.99027,0.6851,54.87252,7.363210939780685,2.7429898128080685,6.999999880592873
20.58857,23.43282,47.23649,3906.72585,0.69402,54.91253,7.274588432366724,2.7099755969978605,6.999999880592873
20.61861,23.47853,47.3078,3902.50883,0.7009,54.95234,7.186451107741,2.6771421245421987,6.999999880592873
20.64858,23.52423,47.37963,3898.33939,0.70575,54.99196,7.09901666641331,2.644570494609027,6.999999880592873
20.6785,23.56991,47.45178,3894.2176,0.70859,55.03139,7.012489977463012,2.6123370263208368,6.999999880592873
20.70835,23.61557,47.52404,3890.14339,0.70944,55.07063,6.927063047240652,2.580513247095196,6.999999880592873
20.73814,23.66121,47.59621,3886.11661,0.70831,55.10968,6.8429150977790325,2.5491659218549407,6.999999880592873
20.76787,23.70683,47.6681,3882.13699,0.70524,55.14855,6.760212742975507,2.5183571186607105,6.999999880592873
20.79754,23.75244,47.7395,3878.20417,0.70026,55.18723,6.679110250679391,2.4881443063454056,6.999999880592873
20.82716,23.79804,47.81023,3874.31769,0.6934,55.22575,6.599749879018718,2.4585804798047564,6.999999880592873
20.85671,23.84362,47.8801,3870.47702,0.68469,55.26409,6.522262275717177,2.429714308753385,6.999999880592873
20.88621,23.88918,47.94892,3866.68153,0.67419,55.30227,6.446766929635647,2.4015903059359096,6.999999880592873
20.91565,23.93473,48.01653,3862.93053,0.66193,55.34028,6.373372664431159,2.3742490110278975,6.999999880592873
20.94503,23.98026,48.08275,3859.22326,0.64795,55.37814,6.302178164883564,2.347727186706396,6.999999880592873
20.97437,24.02577,48.14746,3855.55876,0.63335,55.39883,6.233226117083105,2.322040734663159,0.0
21.00366,24.07126,48.21055,3851.93607,0.61713,55.41954,6.166552940570284,2.297203222135279,0.0
21.0329,24.11673,48.27187,3848.3543,0.59932,55.44028,6.102234768258607,2.273243010636216,0.0
21.06211,24.16218,48.33126,3844.8125,0.57998,55.46103,6.040339612882124,2.2501854366989247,0.0
21.09127,24.2076,48.38858,3841.30967,0.55917,55.48181,5.980928007044823,2.2280530503111,0.0
21.12039,24.25301,48.44368,3837.8448,0.53695,55.50261,5.924053557086784,2.206865821244889,0.0
21.14947,24.29839,48.49643,3834.41679,0.51335,55.52343,5.869763487794397,2.186641341975781,0.0
21.17851,24.34375,48.5467,3831.02452,0.48846,55.54428,5.8180991740087356,2.167395025720714,0.0
21.2075,24.3891,48.59437,3827.66685,0.46231,55.56514,5.769096655801636,2.1491402983547183,0.0
21.23646,24.43442,48.63932,3824.34258,0.43498,55.58604,5.722787134417469,2.131888783162275,0.0
21.26537,24.47972,48.68143,3821.0505,0.40652,55.60695,5.67919744666821,2.1156504775619656,0.0
21.29425,24.52501,48.72061,3817.78935,0.37699,55.62789,5.638350515925675,2.10043392111294,0.0
21.32308,24.57028,48.75676,3814.55787,0.34645,55.64885,5.600265778240345,2.086246354255398,0.0
21.35188,24.61553,48.78978,3811.35474,0.31497,55.66984,5.564959582448753,2.07309386736111,0.0
21.38063,24.66076,48.81959,3808.17865,0.2826,55.69085,5.532445563438936,2.060981539784625,0.0
21.40935,24.70597,48.8461,3805.02824,0.24941,55.71189,5.5027349880045255,2.0499135687030203,0.0
21.43803,24.75117,48.86926,3801.90215,0.21547,55.73295,5.475837072905695,2.039893387601966,0.0
21.46666,24.79635,48.88898,3798.79899,0.18083,55.75403,5.45175927495203,2.030923774339233,0.0
21.49526,24.84151,48.90521,3795.71734,0.14557,55.77514,5.430507553038611,2.0230069487600284,0.0
21.52382,24.88666,48.91789,3792.65578,0.10973,55.79628,5.412086602194922,2.016144659886367,0.0
21.55234,24.93179,48.92698,3789.61286,0.07339,55.81744,5.396500059758561,2.010338262722209,0.0
21.58083,24.9769,48.93244,3786.58711,0.03662,55.83862,5.383750683866961,2.005588784746319,0.0
21.60927,25.022,48.93423,3783.57706,-0.00053,55.85983,5.373840504461483,2.001896982165265,0.0
21.63768,25.06708,48.93233,3780.58119,-0.03799,55.88106,5.366770947038674,1.9992633860140183,0.0
21.66605,25.11215,48.9267,3777.598,-0.0757,55.90232,5.362542929362905,1.9976883381839545,0.0
21.69438,25.1572,48.91735,3774.62595,-0.11359,55.92361,5.361156931341,1.9971720174529919,0.0
21.72267,25.20224,48.90425,3771.66348,-0.15159,55.94492,5.362613038252915,1.9977144555901585,0.0
21.75093,25.24726,48.88741,3768.70904,-0.18964,55.96625,5.366910957482871,1.999315543588378,0.0
21.77915,25.29227,48.86683,3765.76104,-0.22768,55.98761,5.374050008867853,2.001975028069031,0.0
21.80733,25.33726,48.84253,3762.81788,-0.26564,56.009,5.384029088758346,2.005692497893634,0.0
21.83547,25.38224,48.8145,3759.87794,-0.30346,56.03041,5.396846607844194,2.0104673610023363,0.0
21.86358,25.4272,48.78279,3756.9396,-0.34107,56.05184,5.412500402760079,2.0162988114846363,0.0
21.89164,25.47215,48.74742,3754.00121,-0.3784,56.0733,5.4309876215076995,2.0231857868961254,0.0
21.91967,25.51708,48.70843,3751.06111,-0.4154,56.09479,5.452304582683076,2.031126915816958,0.0
21.94767,25.562,48.66585,3748.11763,-0.45199,56.1163,5.476446608508051,2.04012045565169,0.0
21.97562,25.6069,48.61974,3745.16907,-0.48811,56.13783,5.503407831723339,2.0501642206918618,0.0
22.00354,25.65179,48.57016,3742.21375,-0.5237,56.15939,5.533180976397802,2.061255500461683,0.0
22.03142,25.69666,48.51715,3739.24994,-0.55868,56.18097,5.5657571127924665,2.0733909683984297,0.0
22.05926,25.74152,48.4608,3736.27593,-0.593,56.20258,5.601125386518118,2.0865665809565233,0.0
22.08707,25.78636,48.40117,3733.28998,-0.6266,56.22421,5.639272722301084,2.1007774672524904,0.0
22.11483,25.83119,48.33834,3730.29036,-0.6594,56.24586,5.680183502870116,2.116017809441875,0.0
22.14256,25.87599,48.27241,3727.2753,-0.69134,56.26754,5.72383922361722,2.1322807140713156,0.0
22.17025,25.92079,48.20346,3724.24306,-0.72236,56.28924,5.770218123905376,2.1495580747309626,0.0
22.1979,25.96557,48.13159,3721.19189,-0.7524,56.31096,5.819294796161521,2.1678404264313387,0.0
22.22552,26.01033,48.0569,3718.12003,-0.78139,56.33271,5.871039774180695,2.187116792235793,0.0
22.25309,26.05507,47.97951,3715.02572,-0.80927,56.35447,5.925419102362522,2.2073745227897597,0.0
22.28063,26.0998,47.89953,3711.90722,-0.83597,56.37626,5.982393888029824,2.228599129547663,0.0
22.30813,26.14451,47.81708,3708.76278,-0.86145,56.39808,6.041919839340811,2.250774112633046,0.0
22.33559,26.1892,47.73229,3705.59067,-0.88564,56.41991,6.1039467917635974,2.2738807844378743,0.0
22.36301,26.23387,47.6453,3702.38917,-0.90847,56.44176,6.168418226591885,2.297898090256955,0.0
22.39039,26.27853,47.55623,3699.1566,-0.9299,56.46364,6.23527078545787,2.322802427431222,0.0
22.41773,26.32317,47.46524,3695.89127,-0.94987,56.48553,6.3044337853786345,2.3485674646897565,0.0
22.44503,26.36779,47.37248,3692.59153,-0.96832,56.50745,6.375828739404405,2.3751639635786534,0.0
22.47229,26.41238,47.27809,3689.25578,-0.9852,56.52938,6.449368888550725,2.402559604093436,0.0
22.49951,26.45696,47.18223,3685.88244,-1.00046,56.55134,6.524958751236527,2.4307188168328833,0.0
22.52669,26.50152,47.08507,3682.46997,-1.01406,56.57331,6.6024936970437755,2.459602624213288,0.0
22.55383,26.54606,46.98677,3679.0169,-1.02594,56.5953,6.681859552151153,2.489168493482112,0.0
22.58093,26.59057,46.88751,3675.52179,-1.03606,56.61731,6.76293224429771,2.5193702044576174,0.0
22.60798,26.63507,46.78745,3671.98327,-1.04439,56.63933,6.8455774955646715,2.5501577350819935,0.0
22.635,26.67954,46.68678,3668.40006,-1.05088,56.66138,6.929650571656357,2.5814771680219115,0.0
22.66197,26.72398,46.58567,3664.77092,-1.05551,56.68343,7.014996096589914,2.61327062163557,0.0
22.6889,26.76841,46.48431,3661.09471,-1.05824,56.70551,7.101447941904473,2.645476208700194,0.0
22.71579,26.81281,46.38289,3657.37038,-1.05904,56.7276,7.188829199415537,2.678028026262321,0.0
22.74264,26.85718,46.28158,3653.59698,-1.0579,56.74971,7.276952246499447,2.710856179957993,0.0
22.76944,26.90153,46.18058,3649.77364,-1.05479,56.77183,7.365618912424394,2.7438868459754238,0.0
22.7962,26.94585,46.08008,3645.89962,-1.0497,56.79396,7.454620753782357,2.777042373660649,0.0
22.82292,26.99015,45.98027,3641.97429,-1.04263,56.81611,7.543739446276601,2.810241431468677,0.0
22.84959,27.03442,45.88133,3637.99715,-1.03357,56.83827,7.632747299092589,2.843399198580188,0.0
22.87621,27.07866,45.78346,3633.96782,-1.02253,56.86044,7.721407896904559,2.8764276040658725,0.0
22.90279,27.12287,45.68685,3629.88606,-1.00951,56.88262,7.809476873025279,2.9092356149050644,0.0
22.92933,27.16706,45.59167,3625.75177,-0.99452,56.90482,7.896702815538429,2.9417295735438853,0.0
22.95582,27.21121,45.49811,3621.565,-0.97759,56.92702,7.982828306326947,2.9738135849606544,0.0
22.98226,27.25533,45.40636,3617.32594,-0.95874,56.94924,8.06759109074318,3.005389952398784,0.0
23.00866,27.29942,45.31659,3613.03495,-0.938,56.97146,8.150725373417393,3.0363596600895515,0.0
23.03501,27.34348,45.22898,3608.69253,-0.91542,56.9937,8.231963233267718,3.066622900380534,0.0
23.06132,27.38751,45.14369,3604.29937,-0.89103,57.01594,8.311036148264341,3.096079641750385,0.0
23.08757,27.4315,45.06088,3599.85629,-0.86489,57.03819,8.387676617991803,3.1246302332559863,0.0
23.11378,27.47546,44.98072,3595.3643,-0.83706,57.06045,8.461619869567945,3.1521760400321406,0.0
23.13994,27.51939,44.90336,3590.82454,-0.8076,57.08272,8.532605630112085,3.1786201035826016,0.0
23.16605,27.56327,44.82893,3586.23833,-0.77657,57.10499,8.600379946718396,3.2038678197680452,0.0
23.19212,27.60713,44.75759,3581.60716,-0.74407,57.12726,8.664697032999522,3.2278276266921533,0.0
23.21813,27.65094,44.68944,3576.93266,-0.71016,57.14955,8.72532111955281,3.2504116940489713,0.0
23.2441,27.69472,44.62462,3572.21661,-0.67495,57.17184,8.782028284541752,3.2715366050626606,0.0
23.27001,27.73846,44.56324,3567.46094,-0.63851,57.19413,8.83460823966351,3.2911240218073976,0.0
23.29588,27.78217,44.50539,3562.6677,-0.60096,57.21642,8.882866046539027,3.3091013246078442,0.0
23.3217,27.82583,44.45116,3557.8391,-0.56239,57.23872,8.926623738695266,3.325402216270216,0.0
23.34746,27.86946,44.40065,3552.97745,-0.52292,57.26103,8.965721825047016,3.3399672821688084,0.0
23.37318,27.91304,44.35391,3548.08518,-0.48265,57.28333,9.00002065209983,3.3527444977024348,0.0
23.39884,27.95659,44.311,3543.16482,-0.4417,57.30564,9.02940160384248,3.3636896752859378,0.0
23.42445,28.00009,44.27198,3538.21898,-0.40019,57.32795,9.053768120656137,3.3727668439206684,0.0
23.45001,28.04355,44.23687,3533.25036,-0.35824,57.35027,9.073046521288559,3.3799485554014943,0.0
23.47553,28.08697,44.20571,3528.26173,-0.31597,57.37258,9.087186615112874,3.3852161123993114,0.0
23.50098,28.13035,44.1785,3523.25589,-0.27352,57.3949,9.09616209533576,3.3885597149414344,0.0
23.52639,28.17369,44.15525,3518.23571,-0.23099,57.41722,9.099970707500436,3.3899785231833928,0.0
23.55175,28.21698,44.13594,3513.20406,-0.18853,57.43954,9.098634191457714,3.389480635791625,0.0
23.57705,28.26024,44.12056,3508.16384,-0.14625,57.46186,9.092197998797484,3.3870829846792687,0.0
23.60231,28.30344,44.10907,3503.11795,-0.10428,57.48418,9.080730791503669,3.3828111482419407,0.0
23.62751,28.34661,44.10142,3498.06925,-0.06274,57.5065,9.064323731222705,3.3766990865915436,0.0
23.65266,28.38973,44.09756,3493.02062,-0.02175,57.52882,9.043089571813898,3.368788803507403,0.0
23.67776,28.43281,44.09741,3487.97485,0.01857,57.55115,9.017161570926238,3.3591299409699893,0.0
23.7028,28.47585,44.10092,3482.93473,0.0581,57.57347,8.9866922388675,3.3477793130817344,0.0
23.7278,28.51884,44.10798,3477.90295,0.09673,57.59579,8.951851945216456,3.3348003869934226,0.0
23.75274,28.56179,44.1185,3472.88215,0.13436,57.61812,8.912827405220206,3.3202627190473755,0.0
23.77763,28.6047,44.13237,3467.87487,0.17088,57.64044,8.869820069179408,3.304241354781063,0.0
23.80247,28.64756,44.14949,3462.88358,0.20619,57.66277,8.823044438580714,3.2868162016421376,0.0
23.82726,28.69038,44.16972,3457.91064,0.2402,57.6851,8.772726332849166,3.268071383308093,0.0
23.852,28.73316,44.19293,3452.9583,0.27282,57.70742,8.719101130170477,3.248094584346282,0.0
23.87669,28.77589,44.219,3448.02871,0.30398,57.72975,8.662412005037751,3.2269763936536897,0.0
23.90133,28.81858,44.24776,3443.12389,0.33358,57.75208,8.602908183888443,3.204809654635812,0.0
23.92591,28.86123,44.27908,3438.24575,0.36156,57.77442,8.540843238663712,3.181688829512608,0.0
23.95045,28.90384,44.3128,3433.39606,0.38787,57.79675,8.47647343627298,3.157709384450627,0.0
23.97494,28.9464,44.34876,3428.57648,0.41243,57.81909,8.410056159846878,3.132967201438187,0.0
23.99937,28.98892,44.38678,3423.78852,0.43519,57.84142,8.3418484155387,3.1075580220296275,0.0
24.02376,29.03141,44.42671,3419.03358,0.45612,57.86376,8.27210543624967,3.0815769271962385,0.0
24.0481,29.07385,44.46838,3414.31291,0.47517,57.88611,8.201079391433403,3.0551178566944674,0.0
24.07239,29.11625,44.5116,3409.62765,0.49231,57.90845,8.129018209806762,3.028273170494743,0.0
24.09663,29.15861,44.55621,3404.97879,0.50751,57.9308,8.05616451960264,3.0011332539977515,0.0
24.12082,29.20093,44.60202,3400.3672,0.52075,57.95315,7.982754708935991,2.9737861679960593,0.0
24.14497,29.24322,44.64886,3395.79363,0.53201,57.97551,7.909018106912583,2.9463173436155756,0.0
24.16907,29.28546,44.69656,3391.2587,0.54129,57.99787,7.835176284375348,2.9188093218251727,0.0
24.19312,29.32767,44.74492,3386.76291,0.54858,58.02023,7.761442471606259,2.8913415365153123,0.0
24.21712,29.36983,44.79377,3382.30666,0.55388,58.0426,7.688021088970551,2.863990139650669,0.0
24.24108,29.41196,44.84295,3377.89021,0.5572,58.06498,7.615107385349199,2.8368278665767113,0.0
24.26499,29.45406,44.89226,3373.51372,0.55855,58.08736,7.542887178256037,2.809923939206496,0.0
24.28885,29.49611,44.94155,3369.17727,0.55794,58.10975,7.471536688825802,2.7833440045493703,0.0
24.31267,29.53813,44.99063,3364.8808,0.5554,58.13214,7.401222464305537,2.757150105836979,0.0
24.33644,29.58012,45.03934,3360.62419,0.55096,58.15454,7.332101380327416,2.731400683369954,0.0
24.36017,29.62207,45.08752,3356.4072,0.54463,58.17694,7.264320715034781,2.70615060213181,0.0
24.38386,29.66398,45.135,3352.22952,0.53646,58.19935,7.198018287063005,2.681451203190451,0.0
24.4075,29.70586,45.18163,3348.09075,0.52648,58.22177,7.133322649484039,2.657350375947613,0.0
24.43109,29.74771,45.22725,3343.99041,0.51472,58.2442,7.070353331947187,2.633892648342677,0.0
24.45464,29.78952,45.2717,3339.92794,0.50124,58.26664,7.009221123550117,2.61111929222956,0.0
24.47815,29.83131,45.31485,3335.90274,0.48607,58.28908,6.95002838929714,2.5890684412657543,0.0
24.50161,29.87305,45.35656,3331.9141,0.46927,58.31153,6.892869413388782,2.567775218796721,0.0
24.52504,29.91477,45.39668,3327.96127,0.45089,58.33399,6.83783076303156,2.5472718733846094,0.0
24.54841,29.95646,45.43508,3324.04345,0.43098,58.35646,6.784991666893471,2.527587919792879,0.0
24.57175,29.99811,45.47164,3320.15975,0.40959,58.37894,6.73442440283772,2.5087502834273194,0.0
24.59505,30.03973,45.50625,3316.30926,0.38679,58.40143,6.68619468999028,2.4907834463915286,0.0
24.6183,30.08133,45.53877,3312.49101,0.36263,58.42393,6.640362080739009,2.4737095935169036,0.0
24.64151,30.12289,45.5691,3308.70397,0.33717,58.44644,6.596980348652997,2.457548756872796,0.0
24.66468,30.16442,45.59715,3304.94709,0.31048,58.46896,6.556097868811243,2.4423189574489585,0.0
24.68781,30.20592,45.6228,3301.21927,0.28262,58.49149,6.517757987401266,2.428036342840749,0.0
24.7109,30.2474,45.64597,3297.51935,0.25365,58.51403,6.4819993778801654,2.4147153199284976,0.0
24.73394,30.28884,45.66657,3293.84616,0.22364,58.53658,6.448856381328265,2.402368681668192,0.0
24.75695,30.33026,45.68451,3290.19848,0.19266,58.55914,6.418359328984821,2.3910077272445194,0.0
24.77992,30.37165,45.69973,3286.57506,0.16078,58.58171,6.390534845233096,2.380642374940773,0.0
24.80284,30.41301,45.71216,3282.97463,0.12807,58.6043,6.36540612961204,2.3712812671956294,0.0
24.82573,30.45434,45.72173,3279.39586,0.09459,58.62689,6.342993216647389,2.3629318673970654,0.0
24.84858,30.49565,45.72838,3275.83744,0.06042,58.6495,6.323313212524723,2.355600548049299,0.0
24.87138,30.53693,45.73207,3272.29799,0.02562,58.67212,6.306380507837722,2.3492926700271175,0.0
24.89415,30.57818,45.73276,3268.77611,-0.00973,58.69475,6.292206965770373,2.344012652678694,0.0
24.91688,30.61941,45.7304,3265.27041,-0.04555,58.71739,6.280802085278373,2.3397640346149577,0.0
24.93957,30.66061,45.72496,3261.77943,-0.08178,58.74004,6.27217313889536,2.336549525046042,0.0
24.96222,30.70178,45.71642,3258.30172,-0.11835,58.76271,6.266325284966173,2.3343710455911233,0.0
24.98483,30.74292,45.70477,3254.83581,-0.15517,58.78539,6.263261654140272,2.3332297624994958,0.0
25.00741,30.78404,45.68998,3251.38019,-0.19218,58.80808,6.262983410117214,2.333126109279866,0.0
25.02994,30.82513,45.67205,3247.93334,-0.2293,58.83078,6.265489784640195,2.3340597997363592,0.0
25.05244,30.8662,45.65098,3244.49373,-0.26647,58.85349,6.27077808685173,2.3360298314537613,0.0
25.07489,30.90724,45.62678,3241.0598,-0.30359,58.87622,6.278843687194814,2.3390344798002776,0.0
25.09731,30.94826,45.59947,3237.62999,-0.34061,58.89895,6.289679976074385,2.3430712825278377,0.0
25.11969,30.98925,45.56905,3234.20271,-0.37745,58.9217,6.30327829761231,2.3481370150940877,0.0
25.14203,31.03021,45.53556,3230.77637,-0.41403,58.94446,6.319627858870907,2.3542276568457625,0.0
25.16434,31.07114,45.49902,3227.34936,-0.45028,58.96723,6.338715615024535,2.361338348242079,0.0
25.1866,31.11206,45.45948,3223.92007,-0.48613,58.99001,6.360526131042184,2.369463339327868,0.0
25.20883,31.15294,45.41698,3220.48686,-0.5215,59.01281,6.385041420574485,2.3785959297147388,0.0
25.23102,31.1938,45.37156,3217.04809,-0.55632,59.03561,6.412240762819671,2.3887284003588363,0.0
25.25317,31.23463,45.32329,3213.60214,-0.59052,59.05843,6.442100498334231,2.3998519374949354,0.0
25.27528,31.27543,45.27222,3210.14734,-0.62403,59.08125,6.47459380487278,2.4119565491308936,0.0
25.29735,31.31621,45.21843,3206.68206,-0.65678,59.10409,6.509690454536499,2.4250309745790593,0.0
25.31939,31.35696,45.16198,3203.20465,-0.68869,59.12694,6.547356553715296,2.4390625875778764,0.0
25.34138,31.39769,45.10295,3199.71346,-0.7197,59.1498,6.587554267509517,2.4540372936317283,0.0
25.36334,31.43838,45.04144,3196.20685,-0.74973,59.17266,6.630241530586566,2.469939422297417,0.0
25.38526,31.47905,44.97752,3192.68319,-0.77872,59.19554,6.675371746658981,2.4867516152318423,0.0
25.40714,31.51969,44.91129,3189.14085,-0.80661,59.21843,6.7228934790900094,2.504454710934433,0.0
25.42898,31.56031,44.84287,3185.57823,-0.83332,59.24132,6.77275013541473,2.5230276272229695,0.0
25.45078,31.60089,44.77234,3181.99373,-0.85879,59.26422,6.82487964888237,2.5424472425997138,0.0
25.47255,31.64145,44.69983,3178.38578,-0.88297,59.28714,6.879214160460205,2.562688277789498,0.0
25.49427,31.68198,44.62544,3174.75283,-0.90579,59.31006,6.935679705096546,2.5837231788644295,0.0
25.51595,31.72247,44.54931,3171.09336,-0.92718,59.33298,6.994195906351173,2.6055220034856963,0.0
25.5376,31.76294,44.47154,3167.40589,-0.94711,59.35592,7.054675683853257,2.6280523119239407,0.0
25.5592,31.80338,44.39228,3163.68896,-0.9655,59.37886,7.117024978391358,2.651279064648055,0.0
25.58077,31.84379,44.31166,3159.94115,-0.98231,59.40181,7.181142499722992,2.675164528377608,0.0
25.60229,31.88416,44.22981,3156.16112,-0.99749,59.42476,7.246919502479944,2.699668192601676,0.0
25.62378,31.92451,44.14687,3152.34753,-1.011,59.44772,7.314239595784394,2.7247466986558413,0.0
25.64522,31.96482,44.063,3148.49914,-1.02278,59.47069,7.38297859237783,2.750353783518748,0.0
25.66662,32.0051,43.97832,3144.61474,-1.0328,59.49366,7.453004403196235,2.7764402405385753,0.0
25.68799,32.04535,43.893,3140.6932,-1.04103,59.51663,7.5241769833673615,2.8029538993156087,0.0
25.70931,32.08557,43.80719,3136.73348,-1.04743,59.53961,7.5963483355716495,2.8298396269542687,0.0
25.73059,32.12575,43.72104,3132.73457,-1.05197,59.56259,7.669362576572359,2.857039352847335,0.0
25.75182,32.16589,43.6347,3128.69558,-1.05462,59.58558,7.743056072492981,2.8844921190703405,0.0
25.77302,32.206,43.54833,3124.61571,-1.05538,59.60857,7.81725764802037,2.912134158315246,0.0
25.79418,32.24608,43.4621,3120.49423,-1.05422,59.63155,7.891788874253835,2.939899001121797,0.0
25.81529,32.28612,43.37615,3116.33052,-1.05112,59.65455,7.966464439258502,2.967717613918403,0.0
25.83636,32.32612,43.29065,3112.12406,-1.0461,59.67754,8.041092604646302,2.995518569110566,0.0
25.85739,32.36609,43.20575,3107.87446,-1.03914,59.70053,8.115475750583517,3.0232282481105375,0.0
25.87837,32.40602,43.12161,3103.58139,-1.03026,59.72352,8.18941101054801,3.05077107780108,0.0
25.89931,32.44591,43.03839,3099.2447,-1.01946,59.74651,8.26269099608546,3.0780698005262415,0.0
25.92021,32.48576,42.95624,3094.86432,-1.00676,59.7695,8.335104610385244,3.1050457771697726,0.0
25.94106,32.52557,42.8753,3090.44032,-0.99218,59.79249,8.406437948237336,3.1316193224127553,0.0
25.96187,32.56534,42.79574,3085.97288,-0.97575,59.81548,8.47647527837581,3.1577100706823997,0.0
25.98264,32.60507,42.7177,3081.46232,-0.95751,59.83846,8.545000102724225,3.183237370748825,0.0
26.00336,32.64476,42.64131,3076.9091,-0.9375,59.86144,8.611796285499574,3.2081207063459853,0.0
26.02404,32.68441,42.56671,3072.3138,-0.91576,59.88442,8.676649243587459,3.2322801396177465,0.0
26.04467,32.72401,42.49404,3067.67712,-0.89234,59.90739,8.739347188112687,3.255636773635599,0.0
26.06526,32.76357,42.42343,3062.99993,-0.86731,59.93036,8.79968240569667,3.2781132297007516,0.0
26.0858,32.80309,42.35499,3058.28318,-0.84074,59.95333,8.857452566606444,3.299634134664057,0.0
26.10629,32.84256,42.28884,3053.52799,-0.81268,59.97628,8.912462045891669,3.3201266130843132,0.0
26.12674,32.88199,42.2251,3048.73558,-0.78322,59.99924,8.964523242633234,3.339520778683073,0.0
26.14714,32.92137,42.16385,3043.9073,-0.75244,60.02218,9.01345788174755,3.3577502193010016,0.0
26.1675,32.96071,42.10521,3039.04464,-0.72042,60.04512,9.059098282391453,3.374752469412069,0.0
26.18781,33.0,42.04925,3034.14915,-0.68726,60.06805,9.10128857679261,3.3904694641699558,0.0
26.20808,33.03924,41.99605,3029.22255,-0.65306,60.09098,9.139885863562217,3.404847969047369,0.0
26.22829,33.07844,41.94569,3024.26662,-0.61791,60.11389,9.174761279997526,3.417839979296956,0.0
26.24847,33.11759,41.89823,3019.28324,-0.58192,60.1368,9.205800978677003,3.429403083758685,0.0
26.26859,33.15668,41.85371,3014.27438,-0.5452,60.1597,9.232906994752842,3.4395007879491417,0.0
26.28866,33.19573,41.81219,3009.24211,-0.50785,60.18259,9.25599799177173,3.4481027918993745,0.0
26.30869,33.23473,41.7737,3004.18852,-0.46999,60.20547,9.275009875481729,3.455185218814116,0.0
26.32868,33.27369,41.73827,2999.1158,-0.43175,60.22834,9.289896267007787,3.4607307913421064,0.0
26.34861,33.31259,41.70591,2994.02619,-0.39322,60.2512,9.30062882886359,3.4647289530240912,0.0
26.3685,33.35144,41.67663,2988.92194,-0.35454,60.27405,9.30719743948459,3.4671759333109606,0.0
26.38833,33.39024,41.65042,2983.80537,-0.31582,60.29689,9.30961021427521,3.4680747554043925,0.0
26.40812,33.42899,41.62728,2978.67878,-0.27718,60.31972,9.307893373576137,3.4674351870711897,0.0
26.42787,33.46769,41.60718,2973.54452,-0.23874,60.34254,9.302090960198306,3.4652736354172644,0.0
26.44756,33.50633,41.5901,2968.40491,-0.20061,60.36535,9.292264411514681,3.461612987480557,0.0
26.46721,33.54493,41.57599,2963.26227,-0.16292,60.38814,9.278491993175487,3.456482399275071,0.0
26.48681,33.58347,41.56481,2958.11891,-0.12577,60.41093,9.26086810346822,3.4499170366466676,0.0
26.50636,33.62197,41.55649,2952.97711,-0.08928,60.43371,9.239502459134286,3.441957771968341,0.0
26.52587,33.66041,41.55098,2947.8391,-0.05356,60.45647,9.214519174843986,3.432650841220433,0.0
26.54532,33.6988,41.5482,2942.70707,-0.01871,60.47923,9.186055749848862,3.4220474664919656,0.0
26.56473,33.73713,41.54807,2937.58316,0.01517,60.50197,9.154261976141937,3.4102034492416022,0.0
26.5841,33.77542,41.5505,2932.46945,0.04797,60.5247,9.119298783151994,3.3971787399158746,0.0
26.60341,33.81365,41.5554,2927.36795,0.07961,60.54742,9.081337034253846,3.3830369896175876,0.0
26.62268,33.85184,41.56267,2922.28058,0.10999,60.57013,9.040556290403954,3.367845089527555,0.0
26.6419,33.88997,41.57219,2917.2092,0.13903,60.59283,8.997143555956029,3.3516727036879144,0.0
26.66107,33.92805,41.58387,2912.15558,0.16666,60.61552,8.95129202117473,3.334591800555392,0.0
26.6802,33.96608,41.59756,2907.1214,0.1928,60.6382,8.903199815226388,3.3166761884575404,0.0
26.69928,34.00405,41.61317,2902.10823,0.21737,60.66087,8.853068782463714,3.298001059726587,0.0
26.71832,34.04198,41.63055,2897.11756,0.24033,60.68352,8.801103293726017,3.2786425478774976,0.0
26.7373,34.07986,41.64958,2892.15079,0.26161,60.70617,8.747509103120919,3.2586773017290747,0.0
26.75625,34.11768,41.67012,2887.20918,0.28117,60.72881,8.692492259429985,3.2381820798739227,0.0
26.77514,34.15546,41.69204,2882.29393,0.29895,60.75144,8.636258079897766,3.2172333683878587,0.0
26.79399,34.19319,41.71519,2877.40611,0.31493,60.77406,8.579010192746615,3.19590702414149,0.0
26.8128,34.23086,41.73944,2872.5467,0.32907,60.79667,8.520949653338652,3.1742779455472907,0.0
26.83156,34.26849,41.76464,2867.71656,0.34133,60.81927,8.462274137605803,3.1524197720910707,0.0
26.85028,34.30607,41.79065,2862.91647,0.35171,60.84187,8.403177214958765,3.130404613471431,0.0
26.86895,34.3436,41.81731,2858.14707,0.36019,60.86445,8.343847701750477,3.108302808747901,0.0
26.88758,34.38108,41.8445,2853.40895,0.36675,60.88703,8.284469095187747,3.0861827154581167,0.0
26.90616,34.41852,41.87206,2848.70256,0.37139,60.9096,8.225219086573368,3.0641105282877095,0.0
26.9247,34.4559,41.89985,2844.02826,0.37412,60.93216,8.166269151844777,3.0421501265351774,0.0
26.94319,34.49324,41.92772,2839.38634,0.37494,60.95472,8.107784216591172,3.02036294932195,0.0
26.96165,34.53054,41.95554,2834.77696,0.37386,60.97727,8.049922392067705,2.998807897250728,0.0
26.98006,34.56778,41.98317,2830.20022,0.3709,60.99981,7.992834778150395,2.9775412590010073,0.0
26.99842,34.60498,42.01046,2825.65612,0.36607,61.02235,7.9366653287800455,2.956616661203393,0.0
27.01675,34.64214,42.03728,2821.14457,0.35941,61.04488,7.881550775079638,2.9360850397988068,0.0
27.03503,34.67925,42.0635,2816.66542,0.35095,61.0674,7.827620601131036,2.915994631014676,0.0
27.05327,34.71632,42.089,2812.21842,0.3407,61.08992,7.774997067270307,2.896390980043047,0.0
27.07147,34.75334,42.11363,2807.80325,0.32873,61.11244,7.723795275675122,2.8773169654736237,0.0
27.08962,34.79031,42.13728,2803.41952,0.31506,61.13494,7.674123273120642,2.8588128375730353,0.0
27.10774,34.82725,42.15984,2799.06678,0.29974,61.15745,7.626082185771742,2.840916268498486,0.0
27.12581,34.86414,42.18118,2794.7445,0.28281,61.17995,7.579766381124075,2.823662412625067,0.0
27.14385,34.90098,42.20119,2790.45209,0.26433,61.20245,7.535263652305823,2.807083975203001,0.0
27.16184,34.93779,42.21976,2786.1889,0.24436,61.22494,7.492655420261709,2.7912112876765116,0.0
27.17979,34.97455,42.2368,2781.95423,0.22294,61.24743,7.452016949502001,2.7760723880560025,0.0
27.19771,35.01127,42.2522,2777.74731,0.20013,61.26991,7.413417573442063,2.7616931048629674,0.0
27.21558,35.04795,42.26588,2773.56732,0.17601,61.2924,7.376920925609604,2.748097143260779,0.0
27.23341,35.08459,42.27773,2769.41342,0.15062,61.31488,7.342585173276421,2.735306172088652,0.0
27.25121,35.12118,42.28769,2765.28467,0.12404,61.33735,7.310463250382136,2.723339910631873,0.0
27.26896,35.15774,42.29567,2761.18014,0.09633,61.35983,7.280603086897263,2.712216214065572,0.0
27.28668,35.19425,42.3016,2757.09881,0.06757,61.3823,7.253047832043063,2.7019511566099927,0.0
27.30436,35.23073,42.3054,2753.03965,0.03781,61.40477,7.227836069081891,2.692559111545548,0.0
27.32199,35.26716,42.30703,2749.00159,0.00714,61.42724,7.205002019628898,2.6840528273243085,0.0
27.33959,35.30356,42.30641,2744.9835,-0.02438,61.4497,7.1845757357127455,2.676443499117666,0.0
27.35716,35.33991,42.30351,2740.98425,-0.05666,61.47217,7.166583278009756,2.6697408352132483,0.0
27.37468,35.37623,42.29826,2737.00264,-0.08964,61.49463,7.151046878941924,2.6639531177732194,0.0
27.39216,35.41251,42.29065,2733.03747,-0.12324,61.51709,7.1379850895226715,2.6590872575381845,0.0
27.40961,35.44874,42.28062,2729.0875,-0.15738,61.53955,7.127412909008405,2.655148842125809,0.0
27.42702,35.48494,42.26815,2725.15146,-0.19198,61.562,7.11934189664832,2.6521421776605614,0.0
27.44439,35.5211,42.25322,2721.22805,-0.22696,61.58446,7.113780264947968,2.6500703235168435,0.0
27.46173,35.55722,42.23581,2717.31597,-0.26225,61.60691,7.110732954062782,2.6489351200325366,0.0
27.47902,35.59331,42.2159,2713.41388,-0.29777,61.62936,7.110201687090045,2.648737209106717,0.0
27.49628,35.62935,42.1935,2709.52041,-0.33344,61.65181,7.112185006156444,2.6494760476432155,0.0
27.51351,35.66535,42.1686,2705.63419,-0.36917,61.67426,7.116678289370727,2.651149913865933,0.0
27.53069,35.70132,42.1412,2701.75382,-0.40489,61.69671,7.123673748844841,2.6537559065816576,0.0
27.54784,35.73725,42.11133,2697.87791,-0.44052,61.71916,7.133160410121566,2.6572899375163175,0.0
27.56495,35.77314,42.07898,2694.00502,-0.47597,61.7416,7.145124073493177,2.6617467169051707,0.0
27.58202,35.80899,42.0442,2690.13372,-0.51118,61.76404,7.159547257838305,2.6671197325705513,0.0
27.59906,35.84481,42.00699,2686.26257,-0.54605,61.78649,7.176409127769773,2.673401222782522,0.0
27.61606,35.88058,41.96741,2682.39013,-0.58052,61.80892,7.195685404964416,2.6805821432269044,0.0
27.63302,35.91632,41.92548,2678.51493,-0.61449,61.83136,7.217348264828144,2.6886521285102893,0.0
27.64995,35.95202,41.88124,2674.63553,-0.64791,61.85379,7.241366219650875,2.697599448632182,0.0
27.66684,35.98768,41.83476,2670.75045,-0.68068,61.87623,7.2677039897279405,2.7074109609743267,0.0
27.68369,36.0233,41.78608,2666.85824,-0.71274,61.89866,7.296322363974356,2.7180720583758613,0.0
27.70051,36.05888,41.73526,2662.95745,-0.744,61.92108,7.32717805181086,2.729566613956967,0.0
27.71729,36.09442,41.68237,2659.04664,-0.7744,61.94351,7.36022352825146,2.7418769234099045,0.0
27.73403,36.12992,41.62747,2655.12435,-0.80387,61.96593,7.395406874327597,2.7549836455528154,0.0
27.75073,36.16538,41.57064,2651.18918,-0.83232,61.98834,7.432671615156303,2.768865742005849,0.0
27.7674,36.20081,41.51196,2647.23971,-0.8597,62.01076,7.471956558172685,2.7835004169285114,0.0
27.78403,36.23619,41.45151,2643.27454,-0.88594,62.03317,7.5131956342176816,2.7988630578206672,0.0
27.80062,36.27153,41.38938,2639.2923,-0.91096,62.05557,7.556317744371777,2.8149271784640715,0.0
27.81718,36.30683,41.32566,2635.29166,-0.93472,62.07797,7.601246615598215,2.8316643651456688,0.0
27.8337,36.3421,41.26044,2631.27129,-0.95714,62.10037,7.647900668397937,2.8490442273555727,0.0
27.85018,36.37732,41.19383,2627.22991,-0.97817,62.12276,7.6961928998922335,2.867034354232281,0.0
27.86662,36.41249,41.12592,2623.16627,-0.99776,62.14514,7.746030785780783,2.885600278039464,0.0
27.88303,36.44763,41.05683,2619.07915,-1.01585,62.16752,7.797316204804222,2.904705446026282,0.0
27.8994,36.48272,40.98666,2614.9674,-1.03239,62.18989,7.84994538935197,2.924311202027504,0.0
27.91573,36.51778,40.91552,2610.82989,-1.04733,62.21226,7.903808905898586,2.9443767791755344,0.0
27.93202,36.55279,40.84353,2606.66555,-1.06064,62.23462,7.958791668938438,2.9648593050914416,0.0
27.94828,36.58775,40.77081,2602.47338,-1.07226,62.25697,8.014772992001571,2.985713820889717,0.0
27.96449,36.62267,40.69747,2598.25241,-1.08218,62.27932,8.071626679205803,3.006893315283835,0.0
27.98067,36.65755,40.62363,2594.00177,-1.09036,62.30165,8.129221160639647,3.0283487750199507,0.0
27.99681,36.69238,40.54943,2589.72062,-1.09676,62.32398,8.187419674568162,3.0500292527533834,0.0
28.01291,36.72717,40.47497,2585.40822,-1.10137,62.3463,8.246080499168169,3.071881953376073,0.0
28.02897,36.76191,40.40038,2581.0639,-1.10417,62.36861,8.30505723607479,3.0938523396451294,0.0
28.045,36.79661,40.3258,2576.68705,-1.10514,62.39091,8.36419914756884,3.1158842577940087,0.0
28.06098,36.83126,40.25133,2572.27716,-1.10429,62.41319,8.423351548697262,3.1379200836076895,0.0
28.07693,36.86586,40.17712,2567.83381,-1.1016,62.43547,8.48235625494867,3.1599008891935965,0.0
28.09284,36.90042,40.10327,2563.35666,-1.09707,62.45774,8.541052085535506,3.181766630467443,0.0
28.1087,36.93492,40.02992,2558.84546,-1.09072,62.47999,8.599275421462453,3.203456355048398,0.0
28.12453,36.96938,39.95718,2554.30006,-1.08256,62.50224,8.656860816903684,3.2249084300131985,0.0
28.14032,37.00379,39.88518,2549.72041,-1.0726,62.52447,8.713641661464619,3.246060788606083,0.0
28.15606,37.03815,39.81404,2545.10655,-1.06088,62.54669,8.769450890142378,3.2668511947177303,0.0
28.17177,37.07246,39.74386,2540.45861,-1.04742,62.56889,8.824121736854238,3.287217523594449,0.0
28.18744,37.10672,39.67476,2535.77686,-1.03225,62.59108,8.877488526608927,3.307098056942818,0.0
28.20306,37.14093,39.60684,2531.06163,-1.01542,62.61326,8.929387500479667,3.3264317902538547,0.0
28.21865,37.17509,39.54023,2526.31337,-0.99697,62.63542,8.97965766679881,3.3451587498954156,0.0
28.2342,37.20919,39.47501,2521.53264,-0.97697,62.65756,9.028141671209376,3.3632203172292843,0.0
28.2497,37.24325,39.41128,2516.72008,-0.95545,62.67969,9.074686677585179,3.3805595567770945,0.0
28.26516,37.27724,39.34914,2511.87645,-0.9325,62.70181,9.1191452512143,3.3971215452294166,0.0
28.28059,37.31119,39.28867,2507.0026,-0.90817,62.72391,9.161376235264825,3.4128536979523014,0.0
28.29597,37.34508,39.22996,2502.09946,-0.88255,62.74599,9.20124561117203,3.4277060895041505,0.0
28.31131,37.37892,39.17308,2497.16807,-0.85571,62.76805,9.238627333480645,3.4416317646364187,0.0
28.3266,37.4127,39.1181,2492.20955,-0.82772,62.7901,9.273404129596809,3.4545870362222666,0.0
28.34186,37.44643,39.06509,2487.22512,-0.79869,62.81212,9.305468255146438,3.4665317666474214,0.0
28.35708,37.4801,39.01411,2482.21607,-0.7687,62.83413,9.334722195867993,3.477429629283705,0.0
28.37225,37.51372,38.9652,2477.18374,-0.73785,62.85613,9.361079307517782,3.4872483468705964,0.0
28.38738,37.54728,38.91842,2472.12959,-0.70623,62.8781,9.384464385901847,3.4959599038671048,0.0
28.40247,37.58078,38.8738,2467.05509,-0.67395,62.90005,9.404814159925383,3.5035407301256503,0.0
28.41751,37.61423,38.83137,2461.96182,-0.64111,62.92198,9.422077701516411,3.509971853599426,0.0
28.43252,37.64762,38.79117,2456.85138,-0.60781,62.9439,9.436216747336825,3.515239020188215,0.0
28.44748,37.68095,38.75319,2451.72541,-0.57417,62.96579,9.447205928323866,3.5193327792486415,0.0
28.4624,37.71422,38.71746,2446.58561,-0.54029,62.98767,9.455032904391027,3.522248533773794,0.0
28.47728,37.74743,38.68398,2441.4337,-0.50628,63.00952,9.459698402833554,3.5239865547002873,0.0
28.49211,37.78059,38.65274,2436.27143,-0.47226,63.03135,9.461216160367556,3.524551959316307,0.0
28.50691,37.81368,38.62373,2431.10054,-0.43833,63.05316,9.459612769959072,3.5239546542014053,0.0
28.52166,37.84672,38.59694,2425.92283,-0.4046,63.07496,9.454927434930685,3.522209243624747,0.0
28.53636,37.8797,38.57233,2420.74005,-0.37118,63.09673,9.447211634001953,3.519334904763854,0.0
28.55103,37.91261,38.54988,2415.55398,-0.33819,63.11848,9.436528702068328,3.5153552315337224,0.0
28.56565,37.94547,38.52954,2410.36637,-0.30571,63.1402,9.422953332552082,3.5102980491994518,0.0
28.58023,37.97827,38.51128,2405.17897,-0.27387,63.16191,9.406571008036071,3.5041952022723373,0.0
28.59477,38.01101,38.49504,2399.99349,-0.24275,63.1836,9.387477366677864,3.497082318482466,0.0
28.60927,38.04369,38.48075,2394.81161,-0.21246,63.20526,9.365777512503419,3.4889985518449596,0.0
28.62372,38.07631,38.46837,2389.63498,-0.18309,63.22691,9.34158527813921,3.4799863080082964,0.0
28.63814,38.10887,38.45782,2384.4652,-0.15473,63.24853,9.315022448845122,3.4700909551861465,0.0
28.65251,38.14137,38.44903,2379.30384,-0.12747,63.27013,9.286217956829475,3.459360524018521,0.0
28.66684,38.17381,38.44191,2374.15238,-0.1014,63.29171,9.255307054848494,3.4478453997158245,0.0
28.68112,38.20619,38.4364,2369.01229,-0.07658,63.31327,9.222430477892384,3.4355980097648726,0.0
28.69537,38.23852,38.43239,2363.88496,-0.05309,63.33481,9.187733601532146,3.4226725103909232,0.0
28.70957,38.27078,38.42979,2358.77169,-0.03101,63.35632,9.1513656049993,3.409124474782859,0.0
28.72374,38.30298,38.42852,2353.67375,-0.01039,63.37782,9.113478646647494,3.395010585930941,0.0
28.73786,38.33512,38.42848,2348.59233,0.0087,63.3993,9.074227058775826,3.3803883366773118,0.0
28.75194,38.36721,38.42956,2343.52854,0.02622,63.42075,9.033766568147325,3.3653157393386164,0.0
28.76598,38.39923,38.43166,2338.48341,0.04212,63.44219,8.992253547811346,3.3498510469901617,0.0
28.77998,38.4312,38.43468,2333.4579,0.05635,63.46361,8.949844305060148,3.334052488211007,0.0
28.79394,38.46311,38.43851,2328.45292,0.06888,63.485,8.906694409586285,3.3179780168049127,0.0
28.80786,38.49496,38.44304,2323.46925,0.07967,63.50638,8.862958065120814,3.301685077719043,0.0
28.82173,38.52675,38.44817,2318.50763,0.08871,63.52774,8.818787527064964,3.285230390096438,0.0
28.83557,38.55849,38.45378,2313.5687,0.09597,63.54907,8.774332567864363,3.268669748113841,0.0
28.84937,38.59017,38.45976,2308.65305,0.10143,63.57039,8.729739991199503,3.2520578400048747,0.0
28.86313,38.62179,38.466,2303.76116,0.1051,63.59169,8.685153195366826,3.2354480854079983,0.0
28.87685,38.65335,38.4724,2298.89345,0.10696,63.61298,8.640711785628675,3.2188924909566725,0.0
28.89053,38.68486,38.47884,2294.05026,0.10701,63.63424,8.59655123475545,3.202441523822374,0.0
28.90417,38.71631,38.48522,2289.23185,0.10527,63.65549,8.552802590480214,3.1861440027337387,0.0
28.91777,38.7477,38.49142,2284.43841,0.10174,63.67672,8.50959222814993,3.17004700583265,0.0
28.93134,38.77904,38.49735,2279.67007,0.09644,63.69793,8.467041646510761,3.1541957945988766,0.0
28.94486,38.81032,38.5029,2274.92685,0.08938,63.71912,8.425267304210612,3.1386337529429733,0.0
28.95835,38.84155,38.50796,2270.20875,0.08061,63.7403,8.384380494427111,3.123402340501908,0.0
28.9718,38.87272,38.51245,2265.51566,0.07014,63.76146,8.344487254755133,3.108541059069788,0.0
28.98521,38.90384,38.51625,2260.84744,0.05801,63.7826,8.305688309440283,3.0940874310783157,0.0
28.99858,38.9349,38.51928,2256.20386,0.04425,63.80373,8.26807904088067,3.080076988980448,0.0
29.01192,38.96591,38.52145,2251.58463,0.02892,63.82484,8.231749487341979,3.0665432743992027,0.0
29.02522,38.99687,38.52266,2246.98942,0.01204,63.84593,8.196784363800434,3.053517845892208,0.0
29.03848,39.02777,38.52284,2242.41783,-0.00632,63.86701,8.163263102878336,3.0410302942012697,0.0
29.05171,39.05862,38.52189,2237.86939,-0.02612,63.88808,8.131259912906797,3.029108263882265,0.0
29.06489,39.08942,38.51975,2233.3436,-0.0473,63.90912,8.10084385023223,3.017777480241215,0.0
29.07805,39.12016,38.51634,2228.8399,-0.0698,63.93016,8.07207890303753,3.007061780559878,0.0
29.09116,39.15085,38.51158,2224.35768,-0.09357,63.95118,8.045024084050748,2.9969831486321707,0.0
29.10424,39.18149,38.50542,2219.89627,-0.11854,63.97218,8.019733529683638,2.987561751695889,0.0
29.11729,39.21207,38.49779,2215.45498,-0.14464,63.99317,7.996256603303408,2.9788159789041435,0.0
29.13029,39.24261,38.48862,2211.03305,-0.17181,64.01414,7.974638000526043,2.970762480549902,0.0
29.14327,39.27309,38.47788,2206.62971,-0.19997,64.0351,7.954917854574028,2.9634162073145087,0.0
29.1562,39.30352,38.4655,2202.24412,-0.22906,64.05605,7.93713183992685,2.956790448880225,0.0
29.1691,39.3339,38.45145,2197.87542,-0.259,64.07698,7.921311272705154,2.9508968713259667,0.0
29.18197,39.36423,38.43569,2193.52271,-0.28972,64.0979,7.907483206364636,2.9457455527758016,0.0
29.1948,39.39451,38.41817,2189.18506,-0.32114,64.11881,7.895670521503701,2.9413450168546578,0.0
29.2076,39.42474,38.39887,2184.8615,-0.35318,64.1397,7.885892008716412,2.9377022635532373,0.0
29.22036,39.45492,38.37776,2180.55105,-0.38576,64.16057,7.878162443658823,2.9348227971921883,0.0
29.23308,39.48504,38.35482,2176.25268,-0.41881,64.18144,7.872492653603241,2.9327106512153294,0.0
29.24577,39.51512,38.33003,2171.96534,-0.45225,64.20229,7.86888957499543,2.9313684096312156,0.0
29.25843,39.54515,38.30338,2167.68798,-0.48598,64.22312,7.867356301602388,2.930797224949457,0.0
29.27105,39.57512,38.27487,2163.41949,-0.51994,64.24395,7.867892123114657,2.9309968325610893,0.0
29.28364,39.60505,38.24448,2159.15877,-0.55404,64.26475,7.870492554115387,2.931965561530319,0.0
29.2962,39.63492,38.21223,2154.9047,-0.58819,64.28555,7.875149353552959,2.9337003418485823,0.0
29.30872,39.66475,38.17812,2150.65613,-0.62232,64.30633,7.881850534983493,2.936196708250151,0.0
29.3212,39.69453,38.14216,2146.41191,-0.65635,64.3271,7.890580367987601,2.9394488007399118,0.0
29.33365,39.72425,38.10437,2142.17087,-0.69018,64.34785,7.901319371331887,2.943449362045842,0.0
29.34607,39.75393,38.06476,2137.93183,-0.72375,64.3686,7.914044298567518,2.9481897322540997,0.0
29.35846,39.78355,38.02336,2133.69362,-0.75696,64.38932,7.928728116923768,2.953659840946317,0.0
29.3708,39.81313,37.9802,2129.45506,-0.78975,64.41004,7.945339980461188,2.959848197198441,0.0
29.38312,39.84265,37.93532,2125.21495,-0.82203,64.43073,7.963845198604178,2.966741877858298,0.0
29.3954,39.87213,37.88875,2120.97211,-0.85372,64.45142,7.984205201291358,2.9743265145631836,0.0
29.40765,39.90155,37.84053,2116.72535,-0.88474,64.47209,8.006377502128034,2.9825862800131913,0.0
29.41987,39.93093,37.79071,2112.4735,-0.91503,64.49275,8.030315661002343,2.991503874044738,0.0
29.43205,39.96025,37.73934,2108.21539,-0.94451,64.51339,8.055969247786631,3.001060510108378,0.0
29.44419,39.98953,37.68647,2103.94986,-0.9731,64.53401,8.083283808811194,3.0112359027793816,0.0
29.45631,40.01875,37.63217,2099.67576,-1.00073,64.55462,8.112200837937802,3.022008256981871,0.0
29.46839,40.04792,37.57648,2095.39197,-1.02735,64.57522,8.142657754081428,3.033354259615064,0.0
29.48043,40.07704,37.51948,2091.09737,-1.05287,64.5958,8.174587887166027,3.0452490743214415,0.0
29.49244,40.10611,37.46123,2086.79088,-1.07725,64.61636,8.20792047449798,3.0576663401357513,0.0
29.50442,40.13513,37.40181,2082.47143,-1.10041,64.63691,8.242580669639748,3.0705781747906786,0.0
29.51636,40.16409,37.34128,2078.13799,-1.12231,64.65745,8.27848956579998,3.083955183430286,0.0
29.52827,40.193,37.27972,2073.78956,-1.14288,64.67796,8.315564235849024,3.0977664735168333,0.0
29.54015,40.22186,37.21721,2069.42516,-1.16207,64.69846,8.353717790955312,3.111979676674379,0.0
29.55199,40.25067,37.15384,2065.04387,-1.17985,64.71894,8.392859459832891,3.126560978210568,0.0
29.5638,40.27943,37.08968,2060.64479,-1.19615,64.73941,8.432894690482037,3.1414751550176905,0.0
29.57557,40.30813,37.02482,2056.22706,-1.21094,64.75986,8.473725276198705,3.156685622514516,0.0
29.58731,40.33678,36.95934,2051.78989,-1.22419,64.78028,8.515249507468457,3.1721544912307786,0.0
29.59902,40.36538,36.89334,2047.33252,-1.23586,64.8007,8.557362351182253,3.1878426335697734,0.0
29.61069,40.39392,36.8269,2042.85425,-1.24593,64.82109,8.5999556584055,3.203709761207794,0.0
29.62233,40.4224,36.76011,2038.35442,-1.25436,64.84146,8.642918401659767,3.2197145134878165,0.0
29.63393,40.45083,36.69307,2033.83245,-1.26114,64.86182,8.686136942393489,3.2358145570593733,0.0
29.6455,40.47921,36.62585,2029.2878,-1.26625,64.88215,8.72949532902853,3.2519666969087386,0.0
29.65703,40.50753,36.55856,2024.72001,-1.26969,64.90246,8.772875625573953,3.2681269987762045,0.0
29.66853,40.5358,36.49129,2020.12866,-1.27145,64.92276,8.816158270462584,3.284250922832147,0.0
29.68,40.56401,36.42412,2015.51343,-1.27153,64.94303,8.859222464845615,3.3002934683269745,0.0
29.69143,40.59216,36.35714,2010.87403,-1.26993,64.96328,8.90194658917703,3.3162093287797925,0.0
29.70282,40.62026,36.29045,2006.21027,-1.26666,64.98351,8.944208646454532,3.331953057097312,0.0
29.71418,40.6483,36.22413,2001.52202,-1.26174,65.00372,8.98588673011354,3.347479239876673,0.0
29.7255,40.67628,36.15826,1996.80922,-1.25519,65.02391,9.02685951404919,3.3627426799515296,0.0
29.73679,40.7042,36.09293,1992.07189,-1.24704,65.04407,9.067006761881807,3.377698586106845,0.0
29.74805,40.73207,36.02822,1987.31011,-1.23731,65.06422,9.106209852129249,3.3923027687194,0.0
29.75927,40.75987,35.96422,1982.52406,-1.22605,65.08433,9.144352315584532,3.406511839945108,0.0
29.77045,40.78762,35.90099,1977.71397,-1.21329,65.10443,9.181320380823879,3.420283416935101,0.0
29.7816,40.8153,35.83861,1972.88016,-1.19908,65.1245,9.217003523462239,3.433576326447879,0.0
29.79271,40.84293,35.77716,1968.023,-1.18348,65.14455,9.251295014527363,3.4463508091330697,0.0
29.80379,40.8705,35.71669,1963.14297,-1.16653,65.16457,9.284092463104274,3.458568721680777,0.0
29.81483,40.898,35.65728,1958.24058,-1.1483,65.18457,9.31529834824052,3.4701937349702825,0.0
29.82583,40.92545,35.59898,1953.31644,-1.12886,65.20454,9.3448205350796,3.481191526343325,0.0
29.8368,40.95283,35.54185,1948.37121,-1.10828,65.22448,9.372572770141891,3.4915299641092794,0.0
29.84773,40.98016,35.48594,1943.40562,-1.08663,65.2444,9.398475150783215,3.501179282430825,0.0
29.85863,41.00742,35.4313,1938.42046,-1.06398,65.2643,9.422454564010147,3.510112244794191,0.0
29.86949,41.03461,35.37797,1933.41659,-1.04043,65.28417,9.44444509004492,3.518304294347707,0.0
29.88032,41.06175,35.32599,1928.39491,-1.01605,65.30401,9.46438836637825,3.525733689521054,0.0
29.89111,41.08882,35.27539,1923.35638,-0.99093,65.32382,9.482233908402211,3.532381623469449,0.0
29.90186,41.11583,35.22621,1918.30201,-0.96517,65.34361,9.49793938317912,3.5382323260597586,0.0
29.91257,41.14277,35.17846,1913.23285,-0.93886,65.36337,9.51147083338757,3.543273147296289,0.0
29.92325,41.16965,35.13217,1908.14999,-0.91208,65.3831,9.522802849074479,3.54749462130294,0.0
29.9339,41.19647,35.08734,1903.05458,-0.88495,65.4028,9.531918685404621,3.550890510188007,0.0
29.94451,41.22322,35.04399,1897.94775,-0.85756,65.42248,9.538810325255927,3.5534578273625765,0.0
29.95508,41.24991,35.00213,1892.83072,-0.83,65.44213,9.543478486133775,3.5551968401162806,0.0
29.96561,41.27653,34.96174,1887.70468,-0.80237,65.46175,9.545932571528345,3.556111051496631,0.0
29.97611,41.30309,34.92282,1882.57086,-0.77478,65.48134,9.546190567506759,3.556207161786872,0.0
29.98657,41.32959,34.88536,1877.43051,-0.74733,65.5009,9.544278885907545,3.5554950100917955,0.0
29.997,41.35601,34.84935,1872.28488,-0.72011,65.52043,9.540232156177527,3.5539874967914953,0.0
30.00739,41.38238,34.81476,1867.13521,-0.69322,65.53994,9.534092968382323,3.5517004878060305,0.0
30.01774,41.40867,34.78157,1861.98277,-0.66676,65.55941,9.52591157043913,3.5486527018066543,0.0
30.02806,41.4349,34.74975,1856.82879,-0.64082,65.57886,9.515745523150763,3.5448655817069357,0.0
30.03834,41.46107,34.71926,1851.67451,-0.6155,65.59828,9.503659316874248,3.540363151861708,0.0
30.04859,41.48717,34.69006,1846.52116,-0.59089,65.61767,9.489723954107554,3.535171862569652,0.0
30.05879,41.5132,34.66211,1841.36994,-0.56707,65.63703,9.474016502447538,3.52932042353837,0.0
30.06897,41.53917,34.63537,1836.22202,-0.54412,65.65636,9.456619622574113,3.522839628046062,0.0
30.0791,41.56507,34.60978,1831.07857,-0.52214,65.67566,9.437621076019958,3.515762169572793,0.0
30.08921,41.59091,34.58529,1825.94069,-0.50119,65.69494,9.417113217490678,3.5081224526764037,0.0
30.09927,41.61668,34.56185,1820.80949,-0.48136,65.71418,9.39519247651056,3.4999563998919023,0.0
30.1093,41.64239,34.53938,1815.68602,-0.46271,65.7334,9.37195883299669,3.4913012563690335,0.0
30.11929,41.66802,34.51784,1810.57128,-0.4453,65.75259,9.347515291252895,3.4821953939211796,0.0
30.12925,41.6936,34.49715,1805.46626,-0.4292,65.77175,9.321967356638266,3.4726781160706137,0.0
30.13918,41.71911,34.47724,1800.37188,-0.41447,65.79088,9.295422518885045,3.4627894655708227,0.0
30.14906,41.74455,34.45805,1795.28901,-0.40115,65.80998,9.267989745776607,3.4525700357882285,0.0
30.15892,41.76992,34.43951,1790.2185,-0.3893,65.82906,9.239778990497435,3.4420607871770925,0.0
30.16873,41.79524,34.42154,1785.16111,-0.37895,65.8481,9.210900715686753,3.4313028699769736,0.0
30.17852,41.82048,34.40406,1780.11759,-0.37015,65.86712,9.181465436772829,3.420337454092737,0.0
30.18826,41.84566,34.38701,1775.08861,-0.36292,65.88611,9.15158328683338,3.4092055669936077,0.0
30.19798,41.87078,34.37031,1770.07479,-0.35729,65.90507,9.121363604826616,3.3979479403184008,0.0
30.20766,41.89583,34.35387,1765.07671,-0.35329,65.92401,9.090914548635471,3.386604865724313,0.0
30.2173,41.92082,34.33763,1760.09486,-0.35093,65.94292,9.060342734021425,3.3752160603877273,0.0
30.22691,41.94574,34.3215,1755.12972,-0.35022,65.9618,9.029752900220231,3.363820542429814,0.0
30.23648,41.9706,34.30542,1750.18169,-0.35117,65.98065,8.999247602536366,3.352456516399886,0.0
30.24603,41.9954,34.2893,1745.25111,-0.35378,65.99948,8.968926932055682,3.3411612688609775,0.0
30.25553,42.02013,34.27307,1740.33827,-0.35805,66.01828,8.938888262214663,3.3299710739802264,0.0
30.26501,42.0448,34.25665,1735.44341,-0.36397,66.03706,8.90922602176645,3.31892110895275,0.0
30.27445,42.0694,34.23997,1730.56672,-0.37153,66.05581,8.880031493415062,3.308045378987587,0.0
30.28385,42.09394,34.22296,1725.70831,-0.3807,66.07453,8.851392637212378,3.297376651518429,0.0
30.29323,42.11842,34.20555,1720.86828,-0.39148,66.09322,8.823393937607975,3.286946399225665,0.0
30.30257,42.14283,34.18766,1716.04663,-0.40383,66.1119,8.79611627291754,3.276784751409925,0.0
30.31188,42.16719,34.16924,1711.24334,-0.41771,66.13054,8.769636805853157,3.2669204532117324,0.0
30.32115,42.19148,34.15021,1706.45834,-0.43311,66.14916,8.744028893672809,3.257380832139832,0.0
30.33039,42.21571,34.13052,1701.69149,-0.44997,66.16776,8.719362016432614,3.248191771343258,0.0
30.3396,42.23987,34.1101,1696.94261,-0.46826,66.18633,8.695701721807978,3.239377689055763,0.0
30.34878,42.26398,34.0889,1692.21149,-0.48794,66.20488,8.673109584920274,3.230961523630196,0.0
30.35792,42.28802,34.06685,1687.49786,-0.50894,66.2234,8.65164318160569,3.2229647235804495,0.0
30.36704,42.312,34.04391,1682.8014,-0.53122,66.2419,8.631356073605469,3.2154072420644297,0.0
30.37612,42.33593,34.02003,1678.12177,-0.55472,66.26037,8.612297804184884,3.208307535252014,0.0
30.38517,42.35979,33.99516,1673.45855,-0.57939,66.27882,8.594513902749968,3.2016825640448996,0.0
30.39418,42.38359,33.96925,1668.81133,-0.60517,66.29724,8.578045897087547,3.195547798636341,0.0
30.40317,42.40732,33.94226,1664.17962,-0.63198,66.31564,8.562931331963679,3.1899172254395576,0.0
30.41212,42.431,33.91417,1659.56292,-0.65977,66.33402,8.549203792861581,3.1848033559307347,0.0
30.42105,42.45462,33.88492,1654.96069,-0.68846,66.35238,8.53689293377692,3.1802172370035007,0.0
30.42994,42.47818,33.8545,1650.37233,-0.71799,66.37071,8.526024508074858,3.176168462463992,0.0
30.4388,42.50168,33.82287,1645.79725,-0.74828,66.38902,8.516620401503705,3.1726651853293015,0.0
30.44763,42.52512,33.79002,1641.23481,-0.77925,66.4073,8.50869866661209,3.169714130648785,0.0
30.45642,42.5485,33.7559,1636.68434,-0.81084,66.42556,8.50227355789387,3.167320608596465,0.0
30.46519,42.57181,33.72053,1632.14514,-0.84297,66.4438,8.497355567109906,3.165488527629312,0.0
30.47393,42.59507,33.68386,1627.61651,-0.87556,66.46202,8.493951458366436,3.164220407554877,0.0
30.48263,42.61827,33.64591,1623.0977,-0.90853,66.48021,8.492064302632683,3.1635173923899984,0.0
30.49131,42.64142,33.60665,1618.58794,-0.9418,66.49838,8.491693511470292,3.1633792629259054,0.0
30.49995,42.6645,33.5661,1614.08646,-0.97529,66.51652,8.492834869930277,3.163804448983199,0.0
30.50857,42.68752,33.52423,1609.59247,-1.00892,66.53465,8.495480568592063,3.1647900413472363,0.0
30.51715,42.71049,33.48107,1605.10515,-1.04262,66.55275,8.499619234902754,3.1663318034428323,0.0
30.52571,42.73339,33.43662,1600.62368,-1.07629,66.57082,8.505235964024923,3.168424182825877,0.0
30.53423,42.75624,33.39088,1596.14722,-1.10987,66.58888,8.512312349534286,3.1710603226190237,0.0
30.54272,42.77902,33.34387,1591.67493,-1.14328,66.60691,8.52082651438353,3.174232073046526,0.0
30.55119,42.80175,33.29561,1587.20595,-1.17642,66.62492,8.530753142637717,3.1779300032565203,0.0
30.55962,42.82442,33.24612,1582.73943,-1.20924,66.64291,8.542063512586813,3.182143413656302,0.0
30.56803,42.84703,33.19541,1578.27452,-1.24164,66.66087,8.55472553187748,3.1868603489998537,0.0
30.5764,42.86958,33.14353,1573.81035,-1.27356,66.67881,8.568703775420518,3.1920676125093577,0.0
30.58474,42.89207,33.09049,1569.34606,-1.30492,66.69672,8.583959526856292,3.1977507813221626,0.0
30.59306,42.91451,33.03632,1564.88081,-1.33565,66.71462,8.600450824418257,3.203894223576148,0.0
30.60134,42.93688,32.98107,1560.41374,-1.36568,66.73248,8.618132512088915,3.21048111746667,0.0
30.6096,42.9592,32.92476,1555.94402,-1.39494,66.75033,8.636956296926364,3.2174934726022077,0.0
30.61782,42.98145,32.86745,1551.47081,-1.42336,66.76815,8.656870813535427,3.2249121540215504,0.0
30.62602,43.00365,32.80916,1546.99331,-1.45088,66.78595,8.677821696586589,3.2327169092090187,0.0
30.63419,43.02579,32.74996,1542.51071,-1.47744,66.80372,8.699751662317965,3.2408863984560807,0.0
30.64232,43.04786,32.68987,1538.02223,-1.50298,66.82147,8.722600599913655,3.2493982289022054,0.0
30.65043,43.06988,32.62895,1533.52712,-1.52744,66.8392,8.746305673654803,3.258228992588812,0.0
30.65851,43.09184,32.56725,1529.02461,-1.55078,66.8569,8.770801436633487,3.2673543088206856,0.0
30.66656,43.11374,32.50483,1524.51402,-1.57294,66.87457,8.79601995679257,3.2767488711191435,0.0
30.67457,43.13558,32.44173,1519.99463,-1.59388,66.89222,8.821890955966563,3.2863864990184113,0.0
30.68256,43.15735,32.37801,1515.4658,-1.61356,66.90985,8.848341962485117,3.296240194914441,0.0
30.69052,43.17907,32.31373,1510.9269,-1.63194,66.92745,8.875298477817209,3.30628220614425,0.0
30.69845,43.20073,32.24894,1506.37732,-1.64898,66.94502,8.902684157574624,3.3164840924144885,0.0
30.70635,43.22232,32.18371,1501.8165,-1.66465,66.96257,8.93042100708405,3.3268167986571826,0.0
30.71422,43.24386,32.11808,1497.24393,-1.67894,66.98009,8.958429591544007,3.3372507333187267,0.0
30.72206,43.26533,32.05212,1492.65912,-1.69181,66.99759,8.986629260674281,3.347755852047704,0.0
30.72987,43.28675,31.98589,1488.06161,-1.70326,67.01506,9.014938387506188,3.3583017466505445,0.0
30.73765,43.3081,31.91945,1483.45101,-1.71326,67.0325,9.043274620878178,3.368857739152782,0.0
30.7454,43.32939,31.85286,1478.82696,-1.72182,67.04991,9.071555150911184,3.379392980695606,0.0
30.75313,43.35061,31.78617,1474.18915,-1.72892,67.0673,9.09969698660004,3.3898765549459657,0.0
30.76082,43.37178,31.71945,1469.5373,-1.73458,67.08466,9.127617244477868,3.4002775856316543,0.0
30.76848,43.39288,31.65274,1464.87119,-1.73879,67.102,9.155233447022557,3.41056534770557,0.0
30.77611,43.41392,31.58612,1460.19065,-1.74157,67.1193,9.182463829416726,3.4207093816218803,0.0
30.78371,43.4349,31.51963,1455.49556,-1.74294,67.13658,9.209227652968647,3.4306796100935495,0.0
30.79129,43.45581,31.45333,1450.78585,-1.74291,67.15382,9.235445523410736,3.4404464566669155,0.0
30.79883,43.47666,31.38727,1446.06148,-1.74152,67.17104,9.261039712092135,3.4499809653743716,0.0
30.80634,43.49745,31.32151,1441.32249,-1.73879,67.18823,9.285934477990962,3.459254920692396,0.0
30.81383,43.51817,31.25608,1436.56894,-1.73476,67.20539,9.310056388270455,3.4682409669571657,0.0
30.82128,43.53883,31.19105,1431.80098,-1.72947,67.22253,9.333334635126901,3.476912726398728,0.0
30.8287,43.55943,31.12646,1427.01876,-1.72297,67.23963,9.355701346499647,3.4852449148886717,0.0
30.83609,43.57996,31.06235,1422.22252,-1.71529,67.2567,9.377091888253625,3.493213454511055,0.0
30.84346,43.60042,30.99876,1417.41252,-1.70651,67.27374,9.397445155382062,3.5007955820430845,0.0
30.85079,43.62082,30.93573,1412.5891,-1.69667,67.29075,9.416703849853862,3.5079699524605794,0.0
30.85809,43.64116,30.8733,1407.7526,-1.68583,67.30773,9.43481474273773,3.5147167365860903,0.0
30.86537,43.66142,30.8115,1402.90345,-1.67406,67.32468,9.451728918347445,3.5210177120394546,0.0
30.87261,43.68163,30.75036,1398.0421,-1.66143,67.3416,9.467401998276703,3.526856346696655,0.0
30.87982,43.70177,30.68991,1393.16903,-1.64801,67.35848,9.48179434332623,3.532217873912993,0.0
30.887,43.72184,30.63017,1388.28479,-1.63388,67.37534,9.494871231533075,3.537089358843679,0.0
30.89415,43.74184,30.57116,1383.38994,-1.61911,67.39216,9.506603010676749,3.5414597552563847,0.0
30.90128,43.76178,30.51291,1378.4851,-1.60378,67.40895,9.516965223904478,3.545319952329953,0.0
30.90837,43.78166,30.45542,1373.57089,-1.58797,67.42571,9.525938707355957,3.548662811022188,0.0
30.91543,43.80146,30.39872,1368.648,-1.57177,67.44244,9.533509658919998,3.5514831896835184,0.0
30.92246,43.8212,30.3428,1363.7171,-1.55527,67.45913,9.539669677566906,3.5537779587093365,0.0
30.92946,43.84087,30.28768,1358.77894,-1.53854,67.4758,9.544415772946401,3.555546004115484,0.0
30.93643,43.86047,30.23336,1353.83425,-1.52168,67.49243,9.547750345257407,3.556788220039211,0.0
30.94337,43.88001,30.17983,1348.8838,-1.50478,67.50902,9.54968113569663,3.557507490279975,0.0
30.95028,43.89948,30.12709,1343.92836,-1.48792,67.52559,9.550221148019899,3.557708659078972,0.0
30.95716,43.91888,30.07513,1338.96874,-1.47119,67.54212,9.549388542091865,3.557398491463599,0.0
30.96401,43.93822,30.02395,1334.00573,-1.45467,67.55862,9.547206500522329,3.556585623565978,0.0
30.97083,43.95748,29.97353,1329.04015,-1.43847,67.57509,9.543703069700209,3.5552805034039254,0.0
30.97762,43.97668,29.92386,1324.07282,-1.42266,67.59152,9.538910976825182,3.5534953227204267,0.0
30.98438,43.99581,29.87491,1319.10455,-1.40732,67.60792,9.532867424652649,3.5512439405207297,0.0
30.99111,44.01487,29.82666,1314.13618,-1.39255,67.62429,9.525613865901313,3.5485417990332397,0.0
30.99781,44.03386,29.77909,1309.1685,-1.37842,67.64062,9.517195759353669,3.5454058328505296,0.0
31.00448,44.05279,29.73217,1304.20235,-1.36501,67.65692,9.507662309838727,3.5418543720660596,0.0
31.01112,44.07165,29.68587,1299.23851,-1.35239,67.67319,9.497066194327271,3.5379070402374646,0.0
31.01773,44.09044,29.64017,1294.27777,-1.34065,67.68943,9.485463276425033,3.5335846480277366,0.0
31.02432,44.10916,29.59502,1289.32092,-1.32985,67.70563,9.472912311600398,3.5289090833948,0.0
31.03087,44.12781,29.55039,1284.36872,-1.32006,67.7218,9.459474645416586,3.523903199175054,0.0
31.03739,44.1464,29.50624,1279.42191,-1.31134,67.73794,9.445213907042278,3.518590698908016,0.0
31.04388,44.16491,29.46253,1274.4812,-1.30375,67.75404,9.43019570025175,3.512996021725741,0.0
31.05034,44.18336,29.41923,1269.54731,-1.29736,67.77011,9.414487294007744,3.507144227086806,0.0
31.05678,44.20174,29.37629,1264.62091,-1.29221,67.78615,9.398157314630769,3.5010608801012655,0.0
31.06318,44.22005,29.33366,1259.70264,-1.28835,67.80216,9.381275441483027,3.494771938164916,0.0
31.06955,44.2383,29.2913,1254.79314,-1.28583,67.81813,9.363912107831792,3.488303639523028,0.0
31.0759,44.25648,29.24917,1249.89299,-1.28468,67.83407,9.346138208570679,3.4816823943888275,0.0
31.08221,44.27459,29.20722,1245.00276,-1.28494,67.84998,9.328024816162051,3.474934679124576,0.0
31.0885,44.29263,29.1654,1240.12299,-1.28665,67.86586,9.309642906123004,3.4680869339778697,0.0
31.09476,44.3106,29.12367,1235.25418,-1.28982,67.88171,9.291063093116252,3.4611654647685524,0.0
31.10099,44.32851,29.08197,1230.39679,-1.29449,67.89752,9.272355378596556,3.454196348880372,0.0
31.10719,44.34635,29.04026,1225.55125,-1.30066,67.9133,9.25358891077654,3.4472053458419305,0.0
31.11336,44.36412,28.9985,1220.71797,-1.30835,67.92905,9.234831757506026,3.4402178127182585,0.0
31.11951,44.38183,28.95663,1215.89731,-1.31756,67.94477,9.216150692517186,3.4332586244815135,0.0
31.12562,44.39947,28.91461,1211.0896,-1.32831,67.96046,9.197610995311045,3.426352099463434,0.0
31.13171,44.41704,28.87239,1206.29513,-1.34059,67.97612,9.179276264868296,3.419521929957719,0.0
31.13777,44.43455,28.82993,1201.51417,-1.35438,67.99175,9.161208247206396,3.4127911179805053,0.0
31.1438,44.45198,28.78718,1196.74692,-1.36969,68.00734,9.143466676657876,3.4061819161423657,0.0
31.1498,44.46936,28.74409,1191.99357,-1.38649,68.02291,9.12610913071968,3.3997157735758674,0.0
31.15578,44.48666,28.70064,1187.25428,-1.40477,68.03844,9.109190898155388,3.3934132868001794,0.0
31.16172,44.50391,28.65676,1182.52915,-1.42451,68.05395,9.092764859989542,3.387294155388326,0.0
31.16764,44.52108,28.61243,1177.81826,-1.44567,68.06942,9.076881382943654,3.3813771422692995,0.0
31.17354,44.53819,28.5676,1173.12166,-1.46822,68.08487,9.061588224846092,3.375680038490751,0.0
31.1794,44.55524,28.52224,1168.43936,-1.49213,68.10029,9.04693045145872,3.370219632234726,0.0
31.18524,44.57222,28.47631,1163.77132,-1.51736,68.11567,9.032950364155376,3.365011681875995,0.0
31.19105,44.58913,28.42978,1159.11749,-1.54387,68.13103,9.019687437873648,3.3600708928674585,0.0
31.19683,44.60598,28.38262,1154.47778,-1.5716,68.14636,9.007178268753004,3.3554108982339703,0.0
31.20259,44.62276,28.33478,1149.85206,-1.60052,68.16165,8.995456530837712,3.3510442424430376,0.0
31.20831,44.63948,28.28626,1145.24018,-1.63056,68.17692,8.984552941283109,3.3469823684432405,0.0
31.21402,44.65614,28.23701,1140.64195,-1.66168,68.19216,8.974495233493903,3.3432356076575434,0.0
31.21969,44.67273,28.18702,1136.05717,-1.69381,68.20738,8.96530813763756,3.339813172724015,0.0
31.22534,44.68926,28.13627,1131.48559,-1.7269,68.22256,8.957013368048399,3.33672315280353,0.0
31.23096,44.70572,28.08472,1126.92694,-1.76088,68.23771,8.949629617021854,3.33397251126796,0.0
31.23656,44.72212,28.03237,1122.38092,-1.79569,68.25284,8.943172554577178,3.33156708561178,0.0
31.24213,44.73845,27.97921,1117.84722,-1.83126,68.26794,8.937654833807164,3.3295115894449787,0.0
31.24767,44.75473,27.9252,1113.3255,-1.86751,68.28301,8.933086101465301,3.3278096164370523,0.0
31.25319,44.77094,27.87036,1108.81539,-1.9044,68.29805,8.92947301350372,3.326463646105297,0.0
31.25868,44.78708,27.81466,1104.31651,-1.94183,68.31306,8.92681925532449,3.3254750513589544,0.0
31.26414,44.80316,27.7581,1099.82844,-1.97974,68.32805,8.925125566554836,3.3248441077286244,0.0
31.26958,44.81918,27.70067,1095.35078,-2.01807,68.34301,8.924389770216031,3.324570004232453,0.0
31.275,44.83514,27.64238,1090.88307,-2.05672,68.35794,8.924606806194136,3.3246508558448578,0.0
31.28038,44.85103,27.58322,1086.42487,-2.09563,68.37284,8.925768768972663,3.325083717552939,0.0
31.28574,44.86686,27.5232,1081.9757,-2.13473,68.38771,8.927864949644428,3.325864600007005,0.0
31.29108,44.88263,27.46231,1077.53509,-2.17395,68.40256,8.930881882246545,3.3269884867815676,0.0
31.29639,44.89833,27.40058,1073.10254,-2.2132,68.41738,8.934803394520983,3.328449353284994,0.0
31.30168,44.91398,27.33799,1068.67756,-2.25242,68.43217,8.939610663202322,3.3302401873556438,0.0
31.30694,44.92956,27.27458,1064.25964,-2.29153,68.44693,8.94528227402132,3.3323530116147824,0.0
31.31217,44.94508,27.21034,1059.84827,-2.33047,68.46167,8.951794286577632,3.334778907633371,0.0
31.31738,44.96053,27.14529,1055.44293,-2.36916,68.47638,8.959120304299109,3.337508041993748,0.0
31.32257,44.97593,27.07945,1051.0431,-2.40754,68.49106,8.967231549702214,3.3405296943261162,0.0
31.32773,44.99126,27.01284,1046.64827,-2.44553,68.50571,8.976096945162142,3.343832287397533,0.0
31.33286,45.00653,26.94548,1042.25792,-2.48308,68.52034,8.985683199425662,3.347403419340223,0.0
31.33797,45.02173,26.87739,1037.87153,-2.52012,68.53494,8.995954900087332,3.3512298981014057,0.0
31.34305,45.03688,26.80858,1033.48859,-2.5566,68.54951,9.00687461221818,3.355297778185064,0.0
31.34811,45.05196,26.73909,1029.10861,-2.59244,68.56405,9.018402983340316,3.3595923997577595,0.0
31.35315,45.06698,26.66895,1024.73108,-2.62761,68.57857,9.030498854886112,3.3640984301701033,0.0
31.35816,45.08194,26.59817,1020.35552,-2.66204,68.59305,9.043119380290102,3.368799907949098,0.0
31.36314,45.09684,26.52679,1015.98146,-2.69569,68.60751,9.056220149746173,3.3736802892734747,0.0
31.3681,45.11168,26.45483,1011.60843,-2.72852,68.62194,9.069755321701464,3.378722496958629,0.0
31.37304,45.12645,26.38233,1007.236,-2.76047,68.63635,9.083677761041951,3.383908971934386,0.0
31.37795,45.14116,26.30931,1002.86373,-2.79151,68.65072,9.097939183874491,3.3892217271801246,0.0
31.38284,45.15581,26.23582,998.49121,-2.82161,68.66507,9.112490308763787,3.3946424040645256,0.0
