0.05023,0.05023,57.26583,5312.30392,-0.52329,45.00011,3.2819556791447098,1.2226148439324303,0.0
0.10044,0.10044,57.19147,5310.59608,-0.54613,45.00027,3.3143267903095577,1.2346739345765319,0.0
0.15063,0.15063,57.11399,5308.87536,-0.56849,45.0005,3.3484682289801553,1.2473925187966453,0.0
0.20081,0.20081,57.03347,5307.14066,-0.59034,45.00078,3.3843928059542563,1.260775368952006,0.0
0.25098,0.25098,56.94998,5305.39083,-0.61165,45.00112,3.4221127205820667,1.2748270296215503,0.0
0.30112,0.30113,56.86359,5303.62474,-0.6324,45.00152,3.461639364209236,1.2895517443812567,0.0
0.35125,0.35126,56.77439,5301.84122,-0.65256,45.00197,3.502983108802568,1.3049533770616624,0.0
0.40136,0.40138,56.68247,5300.03911,-0.67209,45.00249,3.5461530803620613,1.321035327337887,0.0
0.45146,0.45148,56.58792,5298.21722,-0.69096,45.00306,3.5911569167888153,1.3378004405290547,0.0
0.50154,0.50157,56.49083,5296.37435,-0.70915,45.00369,3.638000509988942,1.3552509115252176,0.0
0.5516,0.55164,56.3913,5294.50931,-0.72663,45.00437,3.6866877321059515,1.3733881828017154,0.0
0.60164,0.60169,56.28943,5292.62086,-0.74337,45.00512,3.737220145905139,1.3922128365297404,0.0
0.65167,0.65173,56.18534,5290.70781,-0.75933,45.00592,3.7895966995201698,1.4117244808614053,0.0
0.70167,0.70175,56.07912,5288.76891,-0.7745,45.00677,3.84381340593298,1.431921630527577,0.0
0.75166,0.75176,55.97091,5286.80293,-0.78883,45.00769,3.8998630077921472,1.4528015819738984,0.0
0.80163,0.80174,55.86081,5284.80864,-0.8023,45.00866,3.9577346284075157,1.4743602833471035,0.0
0.85158,0.85172,55.74895,5282.78481,-0.81488,45.00969,4.017413410030655,1.4965921997449712,0.0
0.90151,0.90167,55.63546,5280.7302,-0.82654,45.01077,4.0788801408368105,1.5194901742572864,0.0
0.95142,0.95161,55.52047,5278.64358,-0.83726,45.01191,4.142110872330682,1.5430452854394279,0.0
1.00131,1.00153,55.4041,5276.52374,-0.847,45.0131,4.20707652927035,1.567246701998764,0.0
1.05118,1.05143,55.28651,5274.36945,-0.85573,45.01435,4.273742514575862,1.5920815356127085,0.0
1.10103,1.10131,55.16784,5272.17954,-0.86344,45.01566,4.342068312082577,1.6175346929438887,0.0
1.15086,1.15118,55.04822,5269.95281,-0.87008,45.01702,4.412007090422407,1.6435887280754853,0.0
1.20067,1.20103,54.92781,5267.68812,-0.87565,45.01843,4.483505311759679,1.670223696755042,0.0
1.25045,1.25086,54.80676,5265.38433,-0.88011,45.0199,4.556502349531873,1.697417013992842,0.0
1.30022,1.30067,54.68523,5263.04033,-0.88344,45.02143,4.630930119804049,1.7251433167317227,0.0
1.34995,1.35046,54.56338,5260.65507,-0.88561,45.023,4.706712731269809,1.7533743334632308,0.0
1.39967,1.40023,54.44136,5258.22751,-0.88661,45.02464,4.783766159373463,1.7820787628295522,0.0
1.44936,1.44998,54.31934,5255.75668,-0.88641,45.02632,4.861997950378619,1.8112221633812775,0.0
1.49903,1.49972,54.19749,5253.24162,-0.885,45.02806,4.9413069616132566,1.8407668568118543,0.0
1.54868,1.54943,54.07598,5250.68148,-0.88236,45.02985,5.0215831443652625,1.8706718470804657,0.0
1.5983,1.59912,53.95497,5248.07541,-0.87848,45.0317,5.102707376179595,1.9008927579383068,0.0
1.64789,1.64879,53.83465,5245.42268,-0.87334,45.03359,5.184551349421676,1.9313817914155216,0.0
1.69746,1.69844,53.71518,5242.72259,-0.86693,45.03554,5.266977523032663,1.9620877098487666,0.0
1.747,1.74806,53.59674,5239.97454,-0.85924,45.03755,5.349839144346773,1.992955844008744,0.0
1.79651,1.79767,53.4795,5237.178,-0.85028,45.0396,5.432980347626165,2.0239281298070337,0.0
1.846,1.84725,53.36364,5234.33254,-0.84002,45.0417,5.516236335655639,2.0549431759448975,0.0
1.89546,1.89681,53.24934,5231.43783,-0.82848,45.04386,5.599433650234139,2.085936364678481,0.0
1.94489,1.94635,53.13677,5228.49361,-0.81566,45.04607,5.682390536750451,2.1168399876328565,0.0
1.99429,1.99586,53.02611,5225.49974,-0.80155,45.04832,5.764917407211312,2.147583418292174,0.0
2.04366,2.04535,52.91753,5222.45621,-0.78618,45.05063,5.846817405086656,2.1780933224193757,0.0
2.093,2.09481,52.8112,5219.36309,-0.76954,45.05299,5.927887074168509,2.208293907223736,0.0
2.14231,2.14425,52.70729,5216.2206,-0.75167,45.0554,6.0079171323064795,2.238107209597691,0.0
2.19159,2.19366,52.60596,5213.02906,-0.73256,45.05785,6.086693349390291,2.267453423188427,0.0
2.24084,2.24305,52.50739,5209.78892,-0.71226,45.06036,6.163997527315953,2.296251263461072,0.0
2.29006,2.29241,52.41173,5206.50077,-0.69078,45.06291,6.239608577965384,2.3244183692744604,0.0
2.33924,2.34174,52.31913,5203.16532,-0.66814,45.06552,6.313303693348103,2.3518717387897086,0.0
2.3884,2.39105,52.22975,5199.78341,-0.6444,45.06817,6.384859600253666,2.3785281968612533,0.0
2.43751,2.44033,52.14374,5196.35604,-0.61957,45.07087,6.4540538898178585,2.404304890335245,0.0
2.4866,2.48958,52.06123,5192.8843,-0.5937,45.07362,6.520666410616604,2.429119807013684,0.0
2.53565,2.53881,51.98236,5189.36944,-0.56685,45.07641,6.58448071210075,2.452892313371852,0.0
2.58466,2.58801,51.90725,5185.81285,-0.53904,45.07926,6.645285523604216,2.475543705527771,0.0
2.63364,2.63717,51.83604,5182.21602,-0.51034,45.08215,6.702876252667071,2.4969977674069637,0.0
2.68259,2.68631,51.76876,5178.58069,-0.48163,45.07147,6.75711042777857,2.517201424623026,-6.999999880592873
2.73151,2.7354,51.70548,5174.90866,-0.45214,45.06073,6.807856988107149,2.5361058535677827,-6.999999880592873
2.78041,2.78445,51.64628,5171.20174,-0.42194,45.04993,6.854943092059708,2.553646666200069,-6.999999880592873
2.82928,2.83346,51.59126,5167.46185,-0.39107,45.03907,6.898207595637195,2.569763832140283,-6.999999880592873
2.87813,2.88242,51.5405,5163.691,-0.35962,45.02816,6.937502462401734,2.5844022039202432,-6.999999880592873
2.92695,2.93135,51.49405,5159.89131,-0.32764,45.01721,6.972693958310118,2.597511962090101,-6.999999880592873
2.97575,2.98023,51.452,5156.06498,-0.2952,45.00623,7.003663745180739,2.609049022563542,-6.999999880592873
3.02452,3.02906,51.41437,5152.21429,-0.26237,44.99523,7.030309857043001,2.6189754003336327,-6.999999880592873
3.07326,3.07786,51.38123,5148.3416,-0.22923,44.98421,7.052547545117655,2.627259524250228,-6.999999880592873
3.12197,3.12661,51.35259,5144.44931,-0.19585,44.97318,7.070309978964193,2.6338764982158263,-6.999999880592873
3.17066,3.17531,51.32848,5140.53989,-0.1623,44.96215,7.083548793466505,2.638808304952111,-6.999999880592873
3.21932,3.22398,51.30891,5136.61585,-0.12865,44.95114,7.092234473624709,2.642043949345041,-6.999999880592873
3.26796,3.27259,51.29388,5132.67971,-0.09499,44.94014,7.096356571682854,2.6435795393306276,-6.999999880592873
3.31656,3.32117,51.28338,5128.73403,-0.06138,44.92918,7.095923753716888,2.6434183032501792,-6.999999880592873
3.36514,3.3697,51.27738,5124.78137,-0.02791,44.91825,7.090963675556809,2.641570543628039,-6.999999880592873
3.41369,3.41819,51.27587,5120.82429,0.00535,44.90737,7.081522690576664,2.6380535283156696,-6.999999880592873
3.46221,3.46663,51.2788,5116.86535,0.03833,44.89655,7.067665394529242,2.6328913209306024,-6.999999880592873
3.5107,3.51502,51.28612,5112.90707,0.07095,44.88579,7.049474015101664,2.62611455344983,-6.999999880592873
3.55916,3.56338,51.29777,5108.95194,0.10314,44.87511,7.027047656125514,2.6177601446581966,-6.999999880592873
3.6076,3.61169,51.31369,5105.00241,0.13483,44.86451,7.0005014084767225,2.6078709689352095,-6.999999880592873
3.656,3.65995,51.33379,5101.06089,0.16596,44.854,6.969965341442936,2.596495480512845,-6.999999880592873
3.70438,3.70817,51.35799,5097.12973,0.19646,44.84358,6.9355833897761245,2.5836872988733637,-6.999999880592873
3.75273,3.75635,51.38619,5093.21118,0.22625,44.83328,6.897512152781621,2.569504761378379,-6.999999880592873
3.80105,3.80449,51.41829,5089.30746,0.2553,44.82309,6.855919622506873,2.5540104494857,-6.999999880592873
3.84934,3.85258,51.45418,5085.42067,0.28352,44.81303,6.810983858535538,2.5372706950752706,-6.999999880592873
3.8976,3.90063,51.49374,5081.55286,0.31088,44.80309,6.762891626890312,2.519355073404653,-6.999999880592873
3.94583,3.94864,51.53685,5077.70595,0.33732,44.79329,6.711837020288539,2.500335889117946,-6.999999880592873
3.99403,3.9966,51.58338,5073.88179,0.36278,44.78363,6.658020076399567,2.480287661510289,-6.999999880592873
4.04221,4.04452,51.63318,5070.08211,0.38723,44.77411,6.601645409900275,2.4592866149325556,-6.999999880592873
4.09036,4.0924,51.68613,5066.30855,0.41062,44.76475,6.542920872990882,2.437410179798248,-6.999999880592873
4.13848,4.14024,51.74206,5062.56263,0.43291,44.75555,6.482056257775985,2.414736509186291,-6.999999880592873
4.18656,4.18804,51.80083,5058.84578,0.45407,44.74651,6.419262052448073,2.3913440154866645,-6.999999880592873
4.23463,4.2358,51.86228,5055.15931,0.47407,44.73763,6.354748261663523,2.3673109309594236,-6.999999880592873
4.28266,4.28352,51.92625,5051.50441,0.49288,44.72893,6.2887232998717675,2.342714895470697,-6.999999880592873
4.33067,4.3312,51.99259,5047.88218,0.51047,44.7204,6.221392964720444,2.3176325740590906,-6.999999880592873
4.37864,4.37885,52.06111,5044.2936,0.52682,44.71204,6.152959496011649,2.2921393063721354,-6.999999880592873
4.42659,4.42645,52.13167,5040.73954,0.54192,44.70387,6.08362072410944,2.2663087894256733,-6.999999880592873
4.47451,4.47402,52.20409,5037.22078,0.55575,44.69587,6.013569310154343,2.24021279456377,-6.999999880592873
4.52241,4.52154,52.27819,5033.73799,0.5683,44.68806,5.942992079063027,2.213920918983543,-6.999999880592873
4.57028,4.56904,52.35381,5030.29174,0.57956,44.68043,5.8720694449409505,2.187500371686257,-6.999999880592873
4.61812,4.61649,52.43078,5026.88249,0.58953,44.67299,5.800974927393643,2.161015793290547,-6.999999880592873
4.66593,4.66391,52.50892,5023.51062,0.5982,44.66573,5.729874756189699,2.1345291087589833,-6.999999880592873
4.71372,4.7113,52.58806,5020.17642,0.60558,44.65866,5.6589275608262595,2.1080994117530447,-6.999999880592873
4.76148,4.75865,52.66804,5016.88009,0.61167,44.65178,5.588284140813841,2.081782879058171,-6.999999880592873
4.80921,4.80597,52.74868,5013.62174,0.61647,44.64508,5.518087311913362,2.055632713303015,-6.999999880592873
4.85692,4.85325,52.82981,5010.40141,0.61999,44.63856,5.4484718230758995,2.0296991120173096,-6.999999880592873
4.9046,4.9005,52.91127,5007.21906,0.62225,44.63223,5.379564338524491,2.004029260956874,-6.999999880592873
4.95226,4.94772,52.99289,5004.07459,0.62325,44.62608,5.311483479199741,1.978667349543187,-6.999999880592873
4.99989,4.9949,53.07451,5000.96781,0.62301,44.62011,5.2443399176984355,1.9536546062305233,-6.999999880592873
5.0475,5.04206,53.15597,4997.89848,0.62155,44.61433,5.178236520827698,1.9290293516111243,-6.999999880592873
5.09508,5.08918,53.23711,4994.8663,0.61888,44.60872,5.113268533973636,1.9048270670973726,-6.999999880592873
5.14263,5.13628,53.31777,4991.87092,0.61503,44.60328,5.049523801665021,1.8810804770875649,-6.999999880592873
5.19016,5.18334,53.39781,4988.91192,0.61002,44.59802,4.987083018881533,1.8578196425848426,-6.999999880592873
5.23767,5.23038,53.47707,4985.98884,0.60386,44.59293,4.926020007974735,1.835072064357548,-6.999999880592873
5.28516,5.27739,53.55541,4983.10119,0.59659,44.58801,4.866402016330963,1.8128627938264747,-6.999999880592873
5.33262,5.32437,53.63268,4980.24842,0.58822,44.58325,4.808290030244976,1.791214549991068,-6.999999880592873
5.38005,5.37132,53.70875,4977.42994,0.57879,44.57866,4.751739100829794,1.7701478408394093,-6.999999880592873
5.42746,5.41824,53.78347,4974.64513,0.56831,44.57423,4.696798678131688,1.7496810878148434,-6.999999880592873
5.47485,5.46514,53.85673,4971.89334,0.55683,44.56995,4.6435129499855785,1.7298307520485297,-6.999999880592873
5.52222,5.51201,53.92839,4969.17388,0.54436,44.56583,4.5919211824982,1.710611461198381,-6.999999880592873
5.56956,5.55886,53.99832,4966.48605,0.53094,44.56185,4.542058059396392,1.6920361358652287,-6.999999880592873
5.61688,5.60568,54.06641,4963.8291,0.5166,44.55802,4.493954017813959,1.6741161146822638,-6.999999880592873
5.66418,5.65248,54.13255,4961.20228,0.50136,44.55434,4.447635578402488,1.6568612772900027,-6.999999880592873
5.71146,5.69925,54.19661,4958.6048,0.48526,44.5508,4.403125667949633,1.6402801645200866,-6.999999880592873
5.75871,5.746,54.2585,4956.03585,0.46833,44.54739,4.360443932987281,1.6243800952225762,-6.999999880592873
5.80594,5.79273,54.31811,4953.49463,0.4506,44.54411,4.319607043102599,1.6091672792572922,-6.999999880592873
5.85315,5.83943,54.37534,4950.98029,0.4321,44.54097,4.280628982919415,1.5946469262645695,-6.999999880592873
5.90034,5.88611,54.43009,4948.49197,0.41287,44.53795,4.243521331920623,1.5808233499064603,-6.999999880592873
5.9475,5.93277,54.48228,4946.02882,0.39293,44.53505,4.208293531478075,1.5677000673423966,-6.999999880592873
5.99465,5.97941,54.53182,4943.58996,0.37232,44.53226,4.174953138623194,1.5552798937654218,-6.999999880592873
6.04177,6.02602,54.57863,4941.17448,0.35108,44.5296,4.143506066243237,1.5435650318816156,-6.999999880592873
6.08888,6.07262,54.62263,4938.7815,0.32923,44.52704,4.113956809503621,1.5325571562583715,-6.999999880592873
6.13596,6.11919,54.66374,4936.41009,0.30681,44.52458,4.086308658428311,1.5222574925161816,-6.999999880592873
6.18302,6.16575,54.7019,4934.05934,0.28384,44.52223,4.060563896632408,1.5126668913617567,-6.999999880592873
6.23006,6.21228,54.73705,4931.72831,0.26038,44.51998,4.036723986303807,1.5037858974985612,-6.999999880592873
6.27708,6.25879,54.76912,4929.41606,0.23644,44.51782,4.014789739576721,1.495614813467956,-6.999999880592873
6.32408,6.30529,54.79806,4927.12164,0.21206,44.51576,3.9947614764713193,1.4881537584858764,-6.999999880592873
6.37106,6.35176,54.82381,4924.84409,0.18727,44.51377,3.9766391696461745,1.48140272236692,-6.999999880592873
6.41802,6.39822,54.84633,4922.58246,0.16211,44.51188,3.9604225761859992,1.4753616146187511,-6.999999880592873
6.46496,6.44466,54.86558,4920.33575,0.1366,44.51006,3.9461113566927533,1.4700303088066695,-6.999999880592873
6.51188,6.49108,54.88151,4918.10299,0.11079,44.50831,3.9337051819303888,1.465408682281585,-6.999999880592873
6.55878,6.53748,54.8941,4915.8832,0.08471,44.50663,3.923203827279643,1.4614966513669123,-6.999999880592873
6.60566,6.58386,54.90331,4913.67536,0.05838,44.50503,3.9146072552336557,1.4582942020903584,-6.999999880592873
6.65252,6.63023,54.90911,4911.47847,0.03185,44.50348,3.9079156861622257,1.4558014165454722,-6.999999880592873
6.69936,6.67658,54.91149,4909.29151,0.00514,44.50199,3.903129657537359,1.4540184949547175,-6.999999880592873
6.74618,6.72291,54.91043,4907.11347,-0.02171,44.50056,3.900250071775467,1.4529457734919513,-6.999999880592873
6.79298,6.76922,54.90591,4904.94331,-0.04867,44.49918,3.899278232852096,1.4525837379223745,-6.999999880592873
6.83976,6.81552,54.89793,4902.77997,-0.0757,44.49784,3.9002158717643898,1.4529330330879686,-6.999999880592873
6.88652,6.8618,54.88647,4900.62242,-0.10278,44.49654,3.9030651609169142,1.4539944682665937,-6.999999880592873
6.93326,6.90806,54.87155,4898.46958,-0.12987,44.49529,3.907828717458418,1.4557690184150194,-6.999999880592873
6.97998,6.95431,54.85317,4896.32039,-0.15693,44.49406,3.9145095955370754,1.458257821283801,-6.999999880592873
7.02669,7.00053,54.83133,4894.17376,-0.18393,44.49287,3.923111267435116,1.46146217038943,-6.999999880592873
7.07337,7.04675,54.80604,4892.02861,-0.21084,44.4917,3.9336375934788035,1.4653835038050107,-6.999999880592873
7.12003,7.09295,54.77736,4889.88375,-0.23711,44.49899,3.9460743264025484,1.470016514049243,0.0
7.16667,7.13914,54.74534,4887.73804,-0.26322,44.50634,3.9604072128138665,1.475355891358397,0.0
7.21328,7.18532,54.71001,4885.59036,-0.28913,44.51373,3.9766403684748006,1.4814031689621263,0.0
7.25986,7.23149,54.67139,4883.4396,-0.31481,44.52117,3.994778001666913,1.4881599145560391,0.0
7.30641,7.27765,54.62952,4881.28463,-0.34023,44.52866,4.014824304898874,1.4956276899599263,0.0
7.35294,7.32381,54.58445,4879.12431,-0.36536,44.5362,4.036783354627029,1.503808013761036,0.0
7.39945,7.36995,54.5362,4876.9575,-0.39015,44.54379,4.060658998611463,1.5127023193512388,0.0
7.44592,7.41609,54.48483,4874.78303,-0.41459,44.55144,4.086454730668251,1.5223119082689511,0.0
7.49237,7.46221,54.4304,4872.59974,-0.43862,44.55913,4.114173552568211,1.5326378987527844,0.0
7.5388,7.50833,54.37295,4870.40645,-0.46223,44.56687,4.1438178228517515,1.5436811694210975,0.0
7.58519,7.55444,54.31255,4868.20196,-0.48537,44.57466,4.175389092370196,1.5554422980068132,0.0
7.63156,7.60054,54.24925,4865.98508,-0.50801,44.5825,4.2088879263743495,1.56792149508073,0.0
7.6779,7.64662,54.18314,4863.7546,-0.53012,44.59039,4.244313713045538,1.581118532724293,0.0
7.72422,7.6927,54.11428,4861.50931,-0.55166,44.59833,4.281664458419881,1.595032668133493,0.0
7.77051,7.73877,54.04274,4859.24799,-0.5726,44.60631,4.320936567726878,1.6096625621617342,0.0
7.81677,7.78483,53.96862,4856.9694,-0.59291,44.61435,4.362124613275061,1.6250061928511335,0.0
7.863,7.83088,53.89199,4854.67231,-0.61254,44.62243,4.405221089119361,1.6410607640396595,0.0
7.9092,7.87692,53.81295,4852.35549,-0.63148,44.63057,4.450216152878331,1.657822609181255,0.0
7.95538,7.92296,53.73159,4850.0177,-0.64968,44.63875,4.497097355222153,1.675287090573001,0.0
8.00152,7.96898,53.64801,4847.6577,-0.66711,44.64697,4.545849357716361,1.6934484942444796,0.0
8.04764,8.01499,53.5623,4845.27424,-0.68374,44.65525,4.596453639908194,1.7122999208397358,0.0
8.09373,8.06099,53.47458,4842.8661,-0.69954,44.66358,4.648888196747863,1.731833172898735,0.0
8.13979,8.10698,53.38496,4840.43205,-0.71446,44.67195,4.703127227657942,1.7520386390275327,0.0
8.18582,8.15296,53.29355,4837.97085,-0.72849,44.68037,4.759140818846633,1.7729051755516037,0.0
8.23183,8.19893,53.20047,4835.48131,-0.7416,44.68883,4.816894620699108,1.794419986335633,0.0
8.2778,8.24488,53.10584,4832.96221,-0.75374,44.69735,4.876349522390558,1.8165685015683106,0.0
8.32374,8.29083,53.00978,4830.41237,-0.76489,44.70591,4.937461326158286,1.8393342564201196,0.0
8.36965,8.33676,52.91243,4827.83063,-0.77502,44.71451,5.000180423998264,1.8626987706042932,0.0
8.41553,8.38269,52.81392,4825.21584,-0.7841,44.72316,5.064451479854514,1.8866414299840022,0.0
8.46138,8.4286,52.71438,4822.56689,-0.79211,44.73186,5.1302131207258075,1.9111393715014664,0.0
8.50719,8.4745,52.61396,4819.88268,-0.79902,44.74061,5.197397640413453,1.9361673728162168,0.0
8.55298,8.52038,52.51279,4817.16216,-0.8048,44.74939,5.265930719971449,1.961697748165418,0.0
8.59873,8.56626,52.41102,4814.40431,-0.80944,44.75823,5.335731169218491,1.9877002520702927,0.0
8.64445,8.61212,52.3088,4811.60815,-0.8129,44.76711,5.406710693936541,2.0141419926114605,0.0
8.69013,8.65797,52.20628,4808.77276,-0.81517,44.77603,5.478773693659883,2.0409873561000436,0.0
8.73579,8.7038,52.10361,4805.89725,-0.81624,44.785,5.551817095126757,2.0681979450340133,0.0
8.78141,8.74962,52.00094,4802.98079,-0.81607,44.79401,5.625730226643685,2.0957325312956034,0.0
8.82699,8.79542,51.89844,4800.02263,-0.81466,44.80306,5.700394738695136,2.123547026576315,0.0
8.87254,8.84121,51.79625,4797.02205,-0.812,44.81216,5.775684576135372,2.151594472017651,0.0
8.91806,8.88699,51.69455,4793.97843,-0.80808,44.8213,5.851466007251857,2.1798250490379973,0.0
8.96354,8.93275,51.59348,4790.89122,-0.80288,44.83048,5.927597714805395,2.208186113247473,0.0
9.00898,8.97849,51.4932,4787.75993,-0.7964,44.83971,6.003930953887384,2.2366222532539113,0.0
9.05439,9.02422,51.39389,4784.58417,-0.78864,44.84898,6.080309781063832,2.2650753760250297,0.0
9.09976,9.06993,51.29569,4781.36363,-0.7796,44.85829,6.156571358762538,2.293484820280671,0.0
9.14509,9.11563,51.19877,4778.09812,-0.76928,44.86764,6.232546338223799,2.321787499152009,0.0
9.19038,9.1613,51.10329,4774.7875,-0.75769,44.87703,6.308059323621027,2.3499180730787,0.0
9.23564,9.20696,51.0094,4771.43177,-0.74484,44.88646,6.382929419031251,2.377809153569779,0.0
9.28086,9.2526,50.91726,4768.03102,-0.73074,44.89593,6.456970858981376,2.4053915380987334,0.0
9.32604,9.29823,50.82703,4764.58546,-0.7154,44.90544,6.52999372215369,2.4325944759775844,0.0
9.37118,9.34383,50.73884,4761.09539,-0.69885,44.915,6.601804726652882,2.4593459646147777,0.0
9.41628,9.38941,50.65286,4757.56124,-0.6811,44.92459,6.6722081039069385,2.485573075066256,0.0
9.46134,9.43498,50.56923,4753.98356,-0.66219,44.93422,6.74100654696443,2.5112023053011536,0.0
9.50635,9.48052,50.48808,4750.36301,-0.64215,44.94389,6.808002227503274,2.5361599590643182,0.0
9.55133,9.52605,50.40956,4746.70035,-0.621,44.9536,6.872997874486467,2.5603725477039525,0.0
9.59626,9.57155,50.33379,4742.9965,-0.59879,44.96334,6.935797906015472,2.5837672118167836,0.0
9.64116,9.61703,50.2609,4739.25247,-0.57555,44.97312,6.996209604558457,2.606272159051498,0.0
9.68601,9.66249,50.19101,4735.46939,-0.55133,44.98295,7.054044324526313,2.6278171139625894,0.0
9.73081,9.70793,50.12423,4731.64851,-0.52618,44.9928,7.109118719994563,2.6483337753690708,0.0
9.77558,9.75335,50.06068,4727.7912,-0.50015,45.0027,7.161255979447128,2.667756276329009,0.0
9.8203,9.79874,50.00046,4723.89891,-0.47329,45.01263,7.210287053584919,2.6860216415305396,0.0
9.86497,9.84412,49.94365,4719.97324,-0.44566,45.0226,7.256051861722007,2.7030702367061767,0.0
9.9096,9.88946,49.89035,4716.01587,-0.41731,45.0326,7.298400461968979,2.7188462045569066,0.0
9.95419,9.93479,49.84063,4712.02856,-0.38833,45.04265,7.3371941703448735,2.733297881650827,0.0
9.99873,9.98009,49.79456,4708.01318,-0.35876,45.05272,7.372306614196624,2.746378190849603,0.0
10.04323,10.02536,49.75221,4703.9717,-0.32867,45.06283,7.403624705836225,2.758045004013939,0.0
10.08768,10.07061,49.71363,4699.90612,-0.29814,45.07298,7.4310495231113185,2.768261470039283,0.0
10.13208,10.11584,49.67886,4695.81855,-0.26723,45.08316,7.4544970847100975,2.7769963036773033,0.0
10.17644,10.16104,49.64793,4691.71114,-0.23603,45.09338,7.473899009329451,2.7842240310933732,0.0
10.22075,10.20622,49.62088,4687.58611,-0.2046,45.10363,7.4892030494723745,2.7899251887201424,0.0
10.26501,10.25137,49.59772,4683.4457,-0.17302,45.11392,7.500373492351718,2.794086472604739,0.0
10.30923,10.2965,49.57846,4679.29221,-0.14136,45.12424,7.507391422401709,2.7967008362012136,0.0
10.3534,10.3416,49.56308,4675.12794,-0.1097,45.13459,7.510254841899714,2.7977675353053217,0.0
10.39752,10.38668,49.5516,4670.95523,-0.07812,45.14498,7.508978648408786,2.79729211965128,0.0
10.4416,10.43173,49.54397,4666.7764,-0.0467,45.15541,7.503594469862366,2.7952863714764744,0.0
10.48563,10.47675,49.54017,4662.59379,-0.0155,45.16587,7.49415036028244,2.7917681921684734,0.0
10.52961,10.52175,49.54017,4658.40971,0.0154,45.17636,7.480710361172156,2.786761438872234,0.0
10.57354,10.56672,49.54391,4654.22647,0.04592,45.18688,7.463353935560155,2.7802957136567206,0.0
10.61742,10.61167,49.55134,4650.04633,0.07599,45.19744,7.442175283444933,2.772406108499926,0.0
10.66126,10.65659,49.56239,4645.87152,0.10554,45.20804,7.417282548954141,2.763132909934843,0.0
10.70505,10.70149,49.57699,4641.70423,0.13451,45.21867,7.388796930873662,2.7525212676981448,0.0
10.74879,10.74636,49.59505,4637.54657,0.16282,45.22933,7.356851709275806,2.7406208321235765,0.0
10.79249,10.7912,49.61649,4633.40062,0.19042,45.24002,7.32159120177774,2.7274853653207587,0.0
10.83614,10.83602,49.64122,4629.26837,0.21725,45.25075,7.2831696635112175,2.713172331384965,0.0
10.87974,10.88081,49.66912,4625.15175,0.24324,45.26152,7.241750145091888,2.6977424709606455,0.0
10.92329,10.92558,49.70008,4621.05261,0.26834,45.27232,7.197503322925601,2.681259365499746,0.0
10.96679,10.97032,49.734,4616.97271,0.29249,45.28315,7.150606315854143,2.6637889964311086,0.0
11.01025,11.01504,49.77075,4612.91372,0.31566,45.29402,7.101241501669306,2.6453993042808244,0.0
11.05366,11.05973,49.8102,4608.87723,0.3378,45.30492,7.049595346289466,2.626159752509702,0.0
11.09703,11.1044,49.85222,4604.86473,0.35885,45.31585,6.9958572575289955,2.606140900512215,0.0
11.14035,11.14905,49.89668,4600.87761,0.3788,45.32683,6.9402184742916715,2.585413989811819,0.0
11.18362,11.19367,49.94343,4596.91716,0.39759,45.33783,6.882871000918089,2.564050547077323,0.0
11.22685,11.23827,49.99232,4592.98459,0.4152,45.34887,6.824006595118662,2.5421220071013053,0.0
11.27003,11.28284,50.04323,4589.08098,0.4316,45.35995,6.763815816678764,2.519699358417748,0.0
11.31316,11.32739,50.09598,4585.20734,0.44677,45.37106,6.702487142759031,2.4968528137281205,0.0
11.35625,11.37192,50.15043,4581.36457,0.46068,45.38221,6.640206154361835,2.473651506838736,0.0
11.3993,11.41643,50.20643,4577.55347,0.47332,45.39339,6.5771547971984035,2.4501632173143055,0.0
11.4423,11.46091,50.26383,4573.77473,0.48468,45.40461,6.513510719050792,2.4264541236278423,0.0
11.48525,11.50538,50.32245,4570.02898,0.49474,45.41586,6.449446684504023,2.402588585132974,0.0
11.52817,11.54982,50.38216,4566.31672,0.5035,45.42715,6.3851300669427316,2.3786289528193367,0.0
11.57103,11.59424,50.44278,4562.63839,0.51095,45.43848,6.320722416692325,2.35463540843379,0.0
11.61386,11.63864,50.50417,4558.99432,0.51709,45.44984,6.256379103399769,2.33066583125785,0.0
11.65664,11.68302,50.56616,4555.38476,0.52193,45.46124,6.192249029968509,2.3067756915409214,0.0
11.69938,11.72738,50.6286,4551.80989,0.52546,45.47268,6.128474414777217,2.2830179693710493,0.0
11.74208,11.77172,50.69134,4548.2698,0.52769,45.48415,6.065190638400017,2.2594430975741733,0.0
11.78473,11.81604,50.75422,4544.76451,0.52864,45.49567,6.002526150623514,2.236098927075522,0.0
11.82734,11.86034,50.81709,4541.29395,0.52831,45.50722,5.940602433320469,2.213030713069076,0.0
11.86991,11.90462,50.87979,4537.85801,0.52672,45.5188,5.879534014468547,2.190281120239931,0.0
11.91244,11.94889,50.94219,4534.45649,0.52389,45.53043,5.819428528554664,2.167890245266496,0.0
11.95493,11.99314,51.00413,4531.08914,0.51984,45.54209,5.760386818533417,2.1458956548026955,0.0
11.99738,12.03737,51.06547,4527.75564,0.51457,45.55379,5.702503074568872,2.1243324371629373,0.0
12.03979,12.08158,51.12607,4524.45563,0.50813,45.56553,5.645865004869325,2.103233265962554,0.0
12.08216,12.12578,51.1858,4521.18868,0.50052,45.57731,5.590554034092662,2.082628474029019,0.0
12.12448,12.16996,51.24451,4517.95431,0.49178,45.58913,5.5366455249599165,2.0625461359588297,0.0
12.16677,12.21412,51.30209,4514.75202,0.48194,45.60098,5.484209018964943,2.0430121577881932,0.0
12.20902,12.25827,51.3584,4511.58123,0.47101,45.61288,5.433308492295656,2.0240503723304246,0.0
12.25123,12.30241,51.41331,4508.44134,0.45903,45.62482,5.384002623359242,2.005682638836121,0.0
12.2934,12.34654,51.46654,4505.33207,0.443,45.66152,5.336480231948869,1.9879792976463855,13.999999761185746
12.3355,12.39067,51.51778,4502.25298,0.42602,45.69807,5.290919003415601,1.971006541229672,13.999999761185746
12.37755,12.43481,51.56693,4499.20321,0.40811,45.73448,5.247352974753634,1.9547770492618866,13.999999761185746
12.41955,12.47895,51.61389,4496.18186,0.38933,45.77075,5.205812590955425,1.9393021633037757,13.999999761185746
12.46148,12.52309,51.65855,4493.18802,0.36969,45.80689,5.16632483211419,1.92459193414995,13.999999761185746
12.50337,12.56724,51.70083,4490.22073,0.34926,45.84292,5.128913514091838,1.9106552338356044,13.999999761185746
12.5452,12.6114,51.74063,4487.27903,0.32805,45.87884,5.093599577296074,1.8974998632135844,13.999999761185746
12.58697,12.65556,51.77788,4484.36193,0.30611,45.91465,5.0604013625087685,1.8851326547077112,13.999999761185746
12.62869,12.69973,51.81248,4481.46843,0.28349,45.95038,5.0293348729339655,1.8735595699325613,13.999999761185746
12.67036,12.7439,51.84437,4478.59749,0.26021,45.98603,5.0004140217940884,1.862785791929566,13.999999761185746
12.71197,12.78807,51.87348,4475.74808,0.23632,46.02162,4.973650864942927,1.8528158118214713,13.999999761185746
12.75353,12.83225,51.89974,4472.91914,0.21187,46.05714,4.949055818115788,1.8436535097437332,13.999999761185746
12.79504,12.87644,51.92308,4470.10958,0.18688,46.09261,4.926637858517075,1.8353022299411952,13.999999761185746
12.83649,12.92064,51.94346,4467.31832,0.1614,46.12804,4.906404710568463,1.827764849964175,13.999999761185746
12.87789,12.96483,51.96082,4464.54426,0.13548,46.16344,4.88836301569615,1.8210438439186765,13.999999761185746
12.91924,13.00904,51.97511,4461.78628,0.10914,46.19882,4.872518486104628,1.8151413397511709,13.999999761185746
12.96054,13.05325,51.9863,4459.04325,0.08244,46.2342,4.858876042525267,1.8100591705635647,13.999999761185746
13.00178,13.09747,51.99435,4456.31402,0.05542,46.26957,4.8474399359740845,1.8057989199711761,13.999999761185746
13.04297,13.14169,51.99922,4453.59743,0.02811,46.30496,4.838213853557942,1.8023619615183253,13.999999761185746
13.08412,13.18592,52.0009,4450.89232,0.00056,46.34036,4.831201008397257,1.7997494921769086,13.999999761185746
13.12521,13.23016,51.99935,4448.19751,-0.0272,46.3758,4.826404213740025,1.7979625599558262,13.999999761185746
13.16624,13.27441,51.99456,4445.51179,-0.05511,46.41128,4.823825941318599,1.797002085640415,13.999999761185746
13.20723,13.31866,51.98652,4442.83398,-0.08314,46.44681,4.823468364017368,1.796868878687281,13.999999761185746
13.24817,13.36292,51.97521,4440.16284,-0.11125,46.4824,4.8253333829001495,1.7975636472927177,13.999999761185746
13.28905,13.40718,51.96065,4437.49716,-0.13939,46.51806,4.829422638625592,1.7990870026452381,13.999999761185746
13.32988,13.45145,51.94283,4434.83568,-0.16753,46.55381,4.835737507270669,1.8014394573697234,13.999999761185746
13.37066,13.49573,51.92175,4432.17717,-0.19561,46.58966,4.844279080560824,1.8046214181626254,13.999999761185746
13.4114,13.54002,51.89744,4429.52036,-0.22361,46.6256,4.8550481304838495,1.8086331726097093,13.999999761185746
13.45207,13.58431,51.8699,4426.86397,-0.25147,46.66166,4.868045058272748,1.8134748701808256,13.999999761185746
13.4927,13.62861,51.83916,4424.20672,-0.27915,46.69785,4.883269827699416,1.8191464973800517,13.999999761185746
13.53328,13.67292,51.80524,4421.54732,-0.30662,46.73417,4.9007218826439685,1.8256478470380995,13.999999761185746
13.5738,13.71724,51.76819,4418.88446,-0.33383,46.77064,4.920400048885926,1.832978481726943,13.999999761185746
13.61427,13.76156,51.72802,4416.21684,-0.36073,46.80726,4.942302420078218,1.841137691282141,13.999999761185746
13.65469,13.80589,51.68479,4413.54312,-0.3873,46.84405,4.96642622787328,1.8501244444213858,13.999999761185746
13.69506,13.85023,51.63853,4410.86197,-0.41348,46.88102,4.99276769621661,1.8599373344650212,13.999999761185746
13.73538,13.89458,51.58931,4408.17205,-0.43923,46.91818,5.021321879815819,1.870574519161514,13.999999761185746
13.77564,13.93893,51.53718,4405.47202,-0.46451,46.95553,5.052082486898252,1.882033654660003,13.999999761185746
13.81585,13.9833,51.48219,4402.76051,-0.48927,46.9931,5.085041686380855,1.8943118236760037,13.999999761185746
13.85601,14.02766,51.42441,4400.03618,-0.51349,47.03088,5.120189899689514,1.9074054579386295,13.999999761185746
13.89612,14.07204,51.36391,4397.29765,-0.53711,47.0689,5.1575155775303,1.921310255032013,13.999999761185746
13.93617,14.11643,51.30077,4394.54356,-0.56009,47.10716,5.197004962066042,1.9360210897998167,13.999999761185746
13.97617,14.16082,51.23507,4391.77253,-0.5824,47.14566,5.23864183502237,1.9515319205081103,13.999999761185746
14.01611,14.20522,51.16688,4388.9832,-0.60399,47.18443,5.28240725246437,1.967835690042693,13.999999761185746
14.056,14.24963,51.0963,4386.17419,-0.62482,47.22347,5.328279267087203,1.9849242224550425,13.999999761185746
14.09583,14.29404,51.02342,4383.34414,-0.64485,47.26279,5.376232639119486,2.0027881152662226,13.999999761185746
14.13561,14.33847,50.94833,4380.49169,-0.66404,47.30241,5.426238537084287,2.0214166279924726,13.999999761185746
14.17534,14.3829,50.87115,4377.61547,-0.68236,47.34232,5.478264229943777,2.0407975674609964,13.999999761185746
14.215,14.42734,50.79197,4374.71415,-0.69976,47.38255,5.532272772374209,2.0609171705666087,13.999999761185746
14.25461,14.47178,50.7109,4371.7864,-0.71621,47.4231,5.588222685204679,2.0817599852267636,13.999999761185746
14.29417,14.51624,50.62807,4368.83089,-0.73166,47.46398,5.646067633317195,2.1033087503908607,13.999999761185746
14.33366,14.5607,50.54358,4365.84633,-0.74609,47.5052,5.705756103624337,2.1255442760784446,13.999999761185746
14.3731,14.60516,50.45756,4362.83143,-0.75946,47.54677,5.767231086045359,2.14844532453441,13.999999761185746
14.41248,14.64964,50.37014,4359.78495,-0.77173,47.5887,5.830429760706758,2.1719884937029894,13.999999761185746
14.45181,14.69412,50.28144,4356.70565,-0.78287,47.63099,5.895283194932284,2.1961481043485502,13.999999761185746
14.49107,14.73861,50.1916,4353.59235,-0.79286,47.67366,5.961716053885048,2.2208960922621737,13.999999761185746
14.53027,14.7831,50.10076,4350.44389,-0.80165,47.71671,6.029646329038757,2.246201907110039,13.999999761185746
14.56941,14.8276,50.00905,4347.25915,-0.80922,47.76014,6.0989850889503705,2.272032419589689,13.999999761185746
14.60849,14.87211,49.91662,4344.03705,-0.81555,47.80398,6.169636257046303,2.2983518386495354,13.999999761185746
14.64751,14.91663,49.8236,4340.77658,-0.82061,47.84822,6.2414964213847925,2.32512164062034,13.999999761185746
14.68647,14.96115,49.73016,4337.47677,-0.82437,47.89287,6.314454681526285,2.352300512170403,13.999999761185746
14.72536,15.00567,49.63644,4334.1367,-0.82682,47.93793,6.388392537785689,2.3798443090491124,13.999999761185746
14.76419,15.05021,49.54258,4330.75553,-0.82794,47.98341,6.463183828171532,2.4077060325951236,13.999999761185746
14.80296,15.09474,49.44875,4327.33248,-0.82771,48.02932,6.538694718354644,2.4358358259994284,13.999999761185746
14.84166,15.13929,49.3551,4323.86684,-0.82612,48.07565,6.614783749856758,2.464180992256875,13.999999761185746
14.8803,15.18383,49.26178,4320.35799,-0.82315,48.12242,6.691301951496311,2.492686035682663,13.999999761185746
14.91887,15.22839,49.16895,4316.80537,-0.8188,48.16961,6.768093018789435,2.521292728743934,13.999999761185746
14.95737,15.27295,49.07677,4313.20854,-0.81307,48.21725,6.844993565621675,2.5499402058141056,13.999999761185746
14.9958,15.31751,48.98539,4309.56712,-0.80594,48.26531,6.921833451954847,2.578565085252301,13.999999761185746
15.03417,15.36208,48.89497,4305.88084,-0.79744,48.31382,6.998436190696787,2.607101620973033,13.999999761185746
15.07247,15.40665,48.80566,4302.14955,-0.78755,48.36276,7.0746194360360155,2.63548188436372,13.999999761185746
15.11069,15.45122,48.71762,4298.37318,-0.77629,48.41213,7.150195554714,2.6636359770986298,13.999999761185746
15.14885,15.4958,48.631,4294.55177,-0.76366,48.46193,7.224972280621477,2.6914922749932355,13.999999761185746
15.18694,15.54038,48.54596,4290.68549,-0.7497,48.51215,7.298753452023823,2.718977702640063,13.999999761185746
15.22495,15.58497,48.46263,4286.7746,-0.73441,48.5628,7.371339829482971,2.746018038106131,13.999999761185746
15.26289,15.62956,48.38117,4282.8195,-0.71782,48.61387,7.44252999125263,2.772538246491217,13.999999761185746
15.30076,15.67415,48.30171,4278.8207,-0.69996,48.66534,7.512121301561644,2.7984628406388996,13.999999761185746
15.33856,15.71874,48.2244,4274.77883,-0.68085,48.71722,7.579910945830726,2.823716266782021,13.999999761185746
15.37628,15.76333,48.14937,4270.69465,-0.66054,48.76949,7.645697025462007,2.8482233123806036,13.999999761185746
15.41392,15.80793,48.07674,4266.56902,-0.63907,48.82215,7.709279703486727,2.8719095329057565,13.999999761185746
15.45149,15.85253,48.00664,4262.40295,-0.61647,48.87518,7.770462391054155,2.8947016938380177,13.999999761185746
15.48899,15.89713,47.9392,4258.19754,-0.59279,48.92857,7.82905296353446,2.916528223697674,13.999999761185746
15.52641,15.94173,47.87451,4253.95405,-0.5681,48.98231,7.884864993916347,2.9373196735178273,13.999999761185746
15.56375,15.98633,47.8127,4249.6738,-0.54243,49.03639,7.937718990297789,2.9570091778422554,13.999999761185746
15.60101,16.03093,47.75385,4245.35828,-0.51585,49.09079,7.9874436234939,2.975532912041647,13.999999761185746
15.63819,16.07553,47.69806,4241.00904,-0.48842,49.1455,8.03387693033678,2.992830540574452,13.999999761185746
15.6753,16.12013,47.64542,4236.62777,-0.46021,49.2005,8.076867477938386,3.0088456507054353,13.999999761185746
15.71232,16.16473,47.596,4232.21623,-0.43128,49.25577,8.116275474241217,3.023526166215026,13.999999761185746
15.74927,16.20933,47.54987,4227.7763,-0.40171,49.3113,8.151973810444934,3.0368247357306664,13.999999761185746
15.78613,16.25392,47.5071,4223.30992,-0.37157,49.36707,8.18384902148002,3.048699090528513,13.999999761185746
15.82292,16.29852,47.46772,4218.81912,-0.34092,49.42307,8.211802151540125,3.0591123669670197,13.999999761185746
15.85962,16.34311,47.4318,4214.306,-0.30986,49.47926,8.235749512813967,3.068033389134522,13.999999761185746
15.89624,16.38771,47.39936,4209.77273,-0.27846,49.53563,8.255623326940851,3.0754369078083075,13.999999761185746
15.93278,16.4323,47.37043,4205.22151,-0.2468,49.59217,8.27137224029027,3.0813037924098157,13.999999761185746
15.96924,16.47688,47.34502,4200.6546,-0.21496,49.64885,8.282961705962819,3.085621173310034,13.999999761185746
16.00562,16.52147,47.32315,4196.07432,-0.18303,49.70565,8.290374227368892,3.088382532568972,13.999999761185746
16.04192,16.56605,47.30481,4191.48296,-0.15108,49.76255,8.293609460272616,3.0895877419497104,13.999999761185746
16.07813,16.61063,47.28999,4186.88288,-0.1192,49.81953,8.29268417231653,3.0892430478402764,13.999999761185746
16.11426,16.65521,47.27867,4182.27641,-0.08748,49.87657,8.287632061168129,3.087361003508453,13.999999761185746
16.15031,16.69978,47.27082,4177.6659,-0.05599,49.93365,8.278503434539484,3.083960349900661,13.999999761185746
16.18628,16.74435,47.26641,4173.05367,-0.02482,49.99075,8.2653647573102,3.0790658469333487,13.999999761185746
16.22216,16.78891,47.26538,4168.44204,0.00596,50.04784,8.248298072886229,3.0727080579339265,13.999999761185746
16.25796,16.83347,47.26769,4163.83329,0.03626,50.10492,8.227400307669651,3.0649230905374565,13.999999761185746
16.29368,16.87803,47.27326,4159.22965,0.06601,50.16196,8.202782468972307,3.055752297888376,13.999999761185746
16.32932,16.92258,47.28204,4154.63331,0.09514,50.21894,8.174568748025685,3.0452419444880827,13.999999761185746
16.36488,16.96713,47.29393,4150.04643,0.12357,50.27585,8.142895540768146,3.0334428414124113,13.999999761185746
16.40035,17.01167,47.30886,4145.47107,0.15124,50.33266,8.107910399830697,3.020409955898754,13.999999761185746
16.43574,17.05621,47.32673,4140.90924,0.17808,50.38936,8.069770931652268,3.006202000492486,13.999999761185746
16.47105,17.10075,47.34744,4136.36288,0.20402,50.44594,8.028643652864567,2.990881007020235,13.999999761185746
16.50628,17.14528,47.37088,4131.83385,0.22901,50.50238,7.984702820048812,2.9745118906434733,13.999999761185746
16.54143,17.1898,47.39694,4127.32391,0.25299,50.55866,7.938129246681631,2.9571620091397315,13.999999761185746
16.5765,17.23432,47.42551,4122.83476,0.2759,50.61477,7.889109120548352,2.9389007223579413,13.999999761185746
16.61149,17.27884,47.45646,4118.36796,0.2977,50.67071,7.837832834217467,2.919798956539396,13.999999761185746
16.6464,17.32335,47.48966,4113.92504,0.31834,50.72645,7.7844938402453785,2.8999287778513962,13.999999761185746
16.68123,17.36785,47.52499,4109.50737,0.33779,50.78199,7.729287541784718,2.8793629791096667,13.999999761185746
16.71598,17.41235,47.5623,4105.11625,0.35599,50.83731,7.672410228063278,2.8581746832162382,13.999999761185746
16.75066,17.45685,47.60146,4100.7529,0.37293,50.89242,7.614058063061258,2.836436966415123,13.999999761185746
16.78525,17.50134,47.64232,4096.41839,0.38856,50.94729,7.554426134360681,2.8142225039636837,13.999999761185746
16.81977,17.54583,47.68475,4092.11372,0.40286,51.00194,7.493707567911572,2.7916032403597573,13.999999761185746
16.85421,17.59031,47.72859,4087.83979,0.41582,51.05634,7.432092713143213,2.7686500857741447,13.999999761185746
16.88858,17.63479,47.7737,4083.59739,0.42741,51.11049,7.3697684016320455,2.745432639884906,13.999999761185746
16.92286,17.67926,47.81993,4079.38722,0.43762,51.16439,7.30691728131554,2.722018943854505,13.999999761185746
16.95708,17.72373,47.86712,4075.20986,0.44644,51.21805,7.243717227160889,2.6984752607883933,13.999999761185746
16.99122,17.76819,47.91514,4071.06582,0.45385,51.27144,7.180340828135497,2.6748658846180167,13.999999761185746
17.02528,17.81265,47.96381,4066.9555,0.45986,51.32458,7.116954949410412,2.6512529770100794,13.999999761185746
17.05927,17.85711,48.01301,4062.87923,0.46447,51.37747,7.053720367901638,2.6276964315960867,13.999999761185746
17.09319,17.90156,48.06257,4058.83723,0.46768,51.43009,6.990791478527059,2.604253764545326,13.999999761185746
17.12703,17.94601,48.11235,4054.82963,0.46949,51.48247,6.9283160679523785,2.5809800302792736,13.999999761185746
17.1608,17.99045,48.1622,4050.85651,0.46992,51.53459,6.8664351521087035,2.5579277609426176,13.999999761185746
17.1945,18.03489,48.21197,4046.91783,0.46897,51.58646,6.8052828733588235,2.535146928094996,13.999999761185746
17.22813,18.07933,48.26152,4043.01351,0.46666,51.63808,6.7449864528905925,2.5126849249762766,13.999999761185746
17.26169,18.12376,48.31071,4039.14337,0.46301,51.68946,6.685666193747501,2.4905865676355203,13.999999761185746
17.29517,18.1682,48.3594,4035.30717,0.45804,51.7406,6.627435529743597,2.4688941131530853,13.999999761185746
17.32859,18.21262,48.40744,4031.50461,0.45176,51.79151,6.570401115507867,2.447647293184522,13.999999761185746
17.36194,18.25705,48.45471,4027.73531,0.44422,51.84219,6.51466295291047,2.4268833610576697,13.999999761185746
17.39522,18.30147,48.50108,4023.99884,0.43542,51.89265,6.460314549219366,2.4066371506901696,13.999999761185746
17.42843,18.34589,48.54641,4020.29472,0.4254,51.9429,6.407443102475204,2.3869411456464813,13.999999761185746
17.46158,18.39031,48.59059,4016.6224,0.41419,51.99294,6.356129709732729,2.3678255567132895,13.999999761185746
17.49465,18.43472,48.63348,4012.98129,0.40182,52.04278,6.306449594039026,2.3493184064548704,13.999999761185746
17.52766,18.47913,48.67498,4009.37075,0.38833,52.09243,6.2584723462506116,2.3314456192963235,13.999999761185746
17.56061,18.52354,48.71496,4005.79007,0.37374,52.14189,6.212262178040846,2.3142311157754847,13.999999761185746
17.59349,18.56795,48.75333,4002.23854,0.35811,52.19118,6.167878182708011,2.297696909700802,13.999999761185746
17.6263,18.61236,48.78997,3998.71538,0.34145,52.24031,6.125374600648477,2.281863207047075,13.999999761185746
17.65905,18.65676,48.82479,3995.21977,0.32382,52.28928,6.084801086670958,2.2667485055370475,13.999999761185746
17.69173,18.70117,48.85768,3991.75087,0.30525,52.33811,6.046202976533029,2.2523696939332694,13.999999761185746
17.72435,18.74557,48.88856,3988.3078,0.28579,52.3868,6.0096215503679815,2.238742150171539,13.999999761185746
17.7569,18.78997,48.91733,3984.88963,0.26547,52.43537,5.975094290928907,2.2258798375636117,13.999999761185746
17.78939,18.83437,48.94392,3981.49542,0.24434,52.48382,5.9426551347780805,2.2137953983718623,13.999999761185746
17.82182,18.87877,48.96824,3978.12419,0.22244,52.53216,5.912334714782301,2.202500244145171,13.999999761185746
17.85418,18.92316,48.99023,3974.77495,0.19981,52.58041,5.884160592501589,2.1920046422898336,13.999999761185746
17.88648,18.96756,49.00981,3971.44666,0.17651,52.62858,5.858157479204384,2.1823177984035365,13.999999761185746
17.91872,19.01196,49.02691,3968.13827,0.15257,52.67668,5.834347444447692,2.173447933976951,13.999999761185746
17.9509,19.05635,49.04149,3964.8487,0.12804,52.72472,5.812750111308506,2.1654023591225684,13.999999761185746
17.98301,19.10075,49.05347,3961.57686,0.10297,52.77271,5.7933828374907685,2.1581875400418182,13.999999761185746
18.01507,19.14515,49.06283,3958.32163,0.07741,52.82066,5.776260881651522,2.1518091609859273,13.999999761185746
18.04706,19.18954,49.0695,3955.08186,0.0514,52.86859,5.7613975544166465,2.14627218051326,13.999999761185746
18.07899,19.23394,49.07346,3951.8564,0.02498,52.9165,5.748804353642353,2.141580881877782,13.999999761185746
18.11086,19.27833,49.07466,3948.64407,-0.00178,52.96441,5.738491083562417,2.1377389174145383,13.999999761185746
18.14266,19.32273,49.07308,3945.44369,-0.02885,53.01233,5.730465957548815,2.1347493468206977,13.999999761185746
18.17441,19.36712,49.0687,3942.25403,-0.05618,53.06027,5.724735684263489,2.1326146692493495,13.999999761185746
18.20609,19.41152,49.06148,3939.07388,-0.08372,53.10825,5.721305537041613,2.131336849156596,13.999999761185746
18.23772,19.45591,49.05142,3935.902,-0.11141,53.15627,5.720179406399092,2.130917335861976,13.999999761185746
18.26928,19.50031,49.03852,3932.73713,-0.13922,53.20435,5.721359835589594,2.1313570767943992,13.999999761185746
18.30078,19.5447,49.02276,3929.578,-0.16708,53.2525,5.7248480391989816,2.1326565244190574,13.999999761185746
18.33223,19.5891,49.00414,3926.42333,-0.19496,53.30073,5.730643904766374,2.1348156368413123,13.999999761185746
18.36361,19.6335,48.98268,3923.27184,-0.22281,53.34905,5.738745977497112,2.137833872111875,13.999999761185746
18.39493,19.67789,48.95838,3920.12222,-0.25056,53.39749,5.749151428135044,2.141710176258389,13.999999761185746
18.42619,19.72229,48.93125,3916.97315,-0.27819,53.44604,5.7618560041177975,2.1464429650894767,13.999999761185746
18.45739,19.76669,48.90133,3913.82331,-0.30562,53.49472,5.776853964187411,2.1520300998354864,13.999999761185746
18.48853,19.81109,48.86863,3910.67137,-0.33283,53.54354,5.79413799664232,2.158468856695204,13.999999761185746
18.51961,19.85549,48.83319,3907.51599,-0.35975,53.59253,5.813699121514551,2.165755890394282,13.999999761185746
18.55062,19.89989,48.79504,3904.35583,-0.38635,53.64167,5.835526576961021,2.173887191863009,13.999999761185746
18.58158,19.94428,48.75422,3901.18952,-0.41256,53.691,5.859607690291024,2.18285804019066,13.999999761185746
18.61247,19.98868,48.71079,3898.01572,-0.43835,53.74052,5.885927734052345,2.1926629490137826,13.999999761185746
18.6433,20.03308,48.66478,3894.83306,-0.46366,53.79025,5.91446976776689,2.2032956075585552,13.999999761185746
18.67407,20.07748,48.61625,3891.64018,-0.48845,53.84019,5.945214465942131,2.214748816570527,13.999999761185746
18.70478,20.12188,48.56527,3888.43572,-0.51267,53.89036,5.978139933130318,2.2270144194193073,13.999999761185746
18.73543,20.16628,48.51189,3885.21831,-0.53627,53.94077,6.013221506926906,2.2400832287102954,13.999999761185746
18.76601,20.21068,48.4562,3881.9866,-0.55921,53.99143,6.050431549937976,2.2539449487870744,13.999999761185746
18.79654,20.25508,48.39826,3878.73923,-0.58143,54.04236,6.089739231904821,2.268588094567082,13.999999761185746
18.827,20.29948,48.33815,3875.47485,-0.60291,54.09356,6.131110303316208,2.283999907206225,13.999999761185746
18.85739,20.34388,48.27595,3872.19213,-0.62358,54.14504,6.174506862066127,2.3001662671727505,13.999999761185746
18.88772,20.38828,48.21175,3868.88973,-0.6434,54.19683,6.2198871148562045,2.317071605363367,13.999999761185746
18.91799,20.43268,48.14564,3865.56634,-0.66234,54.24892,6.267205135283325,2.3346988129845174,13.999999761185746
18.9482,20.47708,48.07773,3862.22067,-0.68035,54.30133,6.316410620742679,2.3530291509923673,13.999999761185746
18.97834,20.52147,48.0081,3858.85142,-0.6974,54.35407,6.367448650510839,2.3720421599723918,13.999999761185746
19.00841,20.56587,47.93686,3855.45736,-0.71343,54.40715,6.42025944759911,2.3917155714234717,13.999999761185746
19.03842,20.61026,47.86412,3852.03723,-0.72841,54.46058,6.474778147167729,2.4120252214861004,13.999999761185746
19.06836,20.65465,47.78998,3848.58984,-0.74231,54.51437,6.530934574560986,2.432944968254619,13.999999761185746
19.09824,20.69904,47.71457,3845.11401,-0.75508,54.56853,6.588653036198602,2.454446613878757,13.999999761185746
19.12805,20.74343,47.63801,3841.60861,-0.76671,54.62306,6.647852126778309,2.4764998327415144,13.999999761185746
19.1578,20.78782,47.5604,3838.07253,-0.77714,54.67798,6.708444556441833,2.4990721070739523,13.999999761185746
19.18747,20.8322,47.48188,3834.50472,-0.78635,54.7333,6.770337001704516,2.5221286714225455,13.999999761185746
19.21708,20.87658,47.40257,3830.90416,-0.79432,54.78902,6.833429984076344,2.5456324674323283,13.999999761185746
19.24662,20.92096,47.3226,3827.2699,-0.80102,54.84514,6.8976177804150955,2.569544110451078,13.999999761185746
19.27609,20.96534,47.2421,3823.60103,-0.80641,54.90168,6.962788369098271,2.5938218694769497,13.999999761185746
19.30549,21.00971,47.1612,3819.89671,-0.81049,54.95864,7.0288234160726315,2.618421661961554,13.999999761185746
19.33482,21.05408,47.08004,3816.15613,-0.81323,55.01602,7.095598304815134,2.6432970649712,13.999999761185746
19.36408,21.09844,46.99876,3812.3786,-0.81462,55.07383,7.162982214094589,2.6683993441551546,13.999999761185746
19.39327,21.1428,46.91748,3808.56346,-0.81464,55.13208,7.230838247208304,2.693677501889698,13.999999761185746
19.42239,21.18716,46.83636,3804.71014,-0.81328,55.19077,7.299023616115441,2.7190783458726364,13.999999761185746
19.45144,21.23151,46.75552,3800.81815,-0.81054,55.24989,7.367389883526225,2.74454657930791,13.999999761185746
19.48041,21.27585,46.6751,3796.88707,-0.8064,55.30945,7.435783265516988,2.7700249136376534,13.999999761185746
19.50931,21.32019,46.59525,3792.91658,-0.80088,55.36946,7.504044996776108,2.7954542046059205,13.999999761185746
19.53814,21.36453,46.5161,3788.90646,-0.79397,55.4299,7.572011759906663,2.8207736121852176,13.999999761185746
19.56689,21.40885,46.43779,3784.85656,-0.78568,55.49079,7.6395161795307125,2.845920784643352,13.999999761185746
19.59556,21.45317,46.36045,3780.76683,-0.77601,55.55211,7.706387381145527,2.8708320667320786,13.999999761185746
19.62416,21.49749,46.28422,3776.63734,-0.76499,55.61387,7.772451613860205,2.895442731672874,13.999999761185746
19.65269,21.54179,46.20922,3772.46824,-0.75263,55.67606,7.8375329351405965,2.9196872362424418,13.999999761185746
19.68114,21.58609,46.1356,3768.2598,-0.73895,55.73867,7.9014539548327845,2.9434994979410307,13.999999761185746
19.70951,21.63038,46.06347,3764.01238,-0.72398,55.80171,7.964036634626177,2.9668131928134778,13.999999761185746
19.7378,21.67467,45.99296,3759.72645,-0.70775,55.86516,8.0251031381775,2.9895620721427547,13.999999761185746
19.76601,21.71894,45.92419,3755.40259,-0.69028,55.92901,8.084476726058558,3.0116802958415665,13.999999761185746
19.79415,21.7632,45.85727,3751.0415,-0.67162,55.99326,8.141982688720176,3.0331027800059607,13.999999761185746
19.82221,21.80746,45.79232,3746.64397,-0.65182,56.05789,8.197449309715934,3.0537655557415113,13.999999761185746
19.85018,21.8517,45.72944,3742.21089,-0.63091,56.1229,8.250708850556782,3.0736061360475855,13.999999761185746
19.87808,21.89593,45.66873,3737.74328,-0.60894,56.18828,8.30159854780296,3.092563887260307,13.999999761185746
19.9059,21.94016,45.6103,3733.24224,-0.58596,56.254,8.349961612347196,3.110580401311848,13.999999761185746
19.93363,21.98437,45.55422,3728.70897,-0.56204,56.32006,8.395648220299664,3.1275998648611454,13.999999761185746
19.96129,22.02857,45.5006,3724.14478,-0.53723,56.38645,8.438516484557367,3.1435694212290555,13.999999761185746
19.98886,22.07276,45.44949,3719.55106,-0.5116,56.45314,8.478433395969128,3.158439521007086,13.999999761185746
20.01635,22.11693,45.40098,3714.9293,-0.48521,56.52012,8.515275722956694,3.1721642571899182,13.999999761185746
20.04375,22.1611,45.35513,3710.28106,-0.45812,56.58738,8.548930858727996,3.184701680784644,13.999999761185746
20.07108,22.20525,45.312,3705.60799,-0.43042,56.6549,8.579297605574903,3.1960140929823138,13.999999761185746
20.09832,22.24938,45.27164,3700.91179,-0.40217,56.72265,8.606286886374573,3.2060683102109073,13.999999761185746
20.12548,22.29351,45.23409,3696.19426,-0.37345,56.79063,8.62982237417598,3.2148358986728853,13.999999761185746
20.15255,22.33762,45.19938,3691.45722,-0.34434,56.8588,8.649841031790057,3.2222933753567107,13.999999761185746
20.17954,22.38171,45.16754,3686.70258,-0.31491,56.92716,8.666293554360552,3.228422372906142,13.999999761185746
20.20645,22.42579,45.13859,3681.93226,-0.28526,56.99568,8.679144709235361,3.2332097662312433,13.999999761185746
20.23327,22.46986,45.11255,3677.14823,-0.25545,57.06435,8.688373568816305,3.2366477592510545,13.999999761185746
20.26001,22.5139,45.08941,3672.35249,-0.22557,57.13313,8.693973633578109,3.2387339307213985,13.999999761185746
20.28666,22.55794,45.06917,3667.54706,-0.1957,57.20202,8.695952843913807,3.2394712386476043,13.999999761185746
20.31323,22.60196,45.05182,3662.73397,-0.16593,57.27099,8.694333481138592,3.2388679834058385,13.999999761185746
20.33971,22.64596,45.03734,3657.91526,-0.13633,57.34001,8.689151959380181,3.236937730216787,13.999999761185746
20.36611,22.68994,45.0257,3653.09295,-0.10699,57.40909,8.680458511710832,3.233699192221579,13.999999761185746
20.39243,22.73391,45.01686,3648.26908,-0.07799,57.47818,8.668316775217809,3.2291760759096144,13.999999761185746
20.41866,22.77787,45.01079,3643.44563,-0.0494,57.54727,8.652803281057432,3.223396891150277,13.999999761185746
20.44482,22.82179,45.00771,3638.62389,-0.01525,57.56698,8.633653063521546,3.216262931245611,0.0
20.47094,22.86567,45.00786,3633.80536,0.0183,57.5867,8.610620707424513,3.2076827725817045,0.0
20.497,22.90951,45.01117,3628.99233,0.05117,57.60642,8.583832199832056,3.197703348655459,0.0
20.52302,22.95331,45.01756,3624.18705,0.08327,57.62616,8.553427246591092,3.1863767035707316,0.0
20.54899,22.99707,45.02694,3619.39171,0.1145,57.64589,8.519558043993323,3.17375953445071,0.0
20.57491,23.04079,45.03922,3614.60842,0.14479,57.66563,8.482388092442722,3.159912749497826,0.0
20.60079,23.08447,45.05431,3609.83924,0.17405,57.68538,8.442090959571534,3.14490100722193,0.0
20.62661,23.12811,45.07208,3605.08613,0.20222,57.70514,8.3988490087654,3.1287922427824446,0.0
20.65239,23.1717,45.09244,3600.35097,0.22923,57.7249,8.352852108808564,3.111657187297247,0.0
20.67811,23.21526,45.11526,3595.63554,0.255,57.74467,8.304296339825132,3.0935688857717474,0.0
20.70379,23.25877,45.14041,3590.94154,0.27948,57.76444,8.25338270995064,3.074602219025273,0.0
20.72943,23.30225,45.16776,3586.27057,0.30261,57.78422,8.20031589616734,3.0548334346190895,0.0
20.75501,23.34568,45.19718,3581.62412,0.32434,57.80401,8.145303021582732,3.0343396913604774,0.0
20.78055,23.38907,45.22854,3577.00358,0.34463,57.82381,8.088552480180356,3.013198621491482,0.0
20.80604,23.43243,45.26168,3572.41023,0.36342,57.84361,8.030272818614684,2.9914879141280846,0.0
20.83149,23.47575,45.29647,3567.84527,0.38068,57.86342,7.970671683242041,2.9692849230015224,0.0
20.85688,23.51902,45.33275,3563.30975,0.39638,57.88324,7.909954839068125,2.946666300990421,0.0
20.88223,23.56226,45.37037,3558.80464,0.4105,57.90306,7.848325265801379,2.9237076633768933,0.0
20.90754,23.60546,45.40919,3554.33081,0.42301,57.92289,7.785982334826243,2.900483281247418,0.0
20.9328,23.64863,45.44904,3549.88901,0.43388,57.94273,7.72312106947273,2.8770658059238,0.0
20.95801,23.69175,45.48978,3545.47988,0.44312,57.96258,7.659931489724923,2.8535260248498355,0.0
20.98318,23.73484,45.53125,3541.10399,0.45071,57.98244,7.5965980412781775,2.8299326489001033,0.0
21.0083,23.77789,45.5733,3536.76177,0.45664,58.00231,7.53329910780419,2.8063521306858665,0.0
21.03338,23.82091,45.61576,3532.45357,0.46092,58.02219,7.47020660432691,2.782848513076903,0.0
21.05841,23.86389,45.65849,3528.17967,0.46355,58.04207,7.407485648759848,2.7594833068405116,0.0
21.0834,23.90683,45.70134,3523.94021,0.46453,58.06197,7.345294307992278,2.7363153960519333,0.0
21.10835,23.94974,45.74416,3519.73528,0.46389,58.08187,7.283783414316341,2.7134009697086285,0.0
21.13325,23.99261,45.78678,3515.56487,0.46163,58.10179,7.223096447523473,2.690793477808089,0.0
21.15811,24.03545,45.82908,3511.42889,0.45778,58.12171,7.163369477703576,2.668543610039022,0.0
21.18292,24.07826,45.8709,3507.32716,0.45235,58.14165,7.104731163510708,2.646699295135276,0.0
21.2077,24.12103,45.9121,3503.25943,0.44537,58.1616,7.047302800544383,2.62530571889915,0.0
21.23243,24.16377,45.95255,3499.22539,0.43688,58.18156,6.991198414470167,2.6044053588912632,0.0
21.25711,24.20647,45.9921,3495.22466,0.4269,58.20153,6.936524893512966,2.5840380337877917,0.0
21.28176,24.24915,46.03063,3491.25676,0.41547,58.22151,6.883382155068745,2.564240965447717,0.0
21.30636,24.29179,46.06801,3487.32119,0.40262,58.2415,6.831863341353461,2.5450488517972034,0.0
21.33092,24.3344,46.10411,3483.41737,0.38839,58.26151,6.782055039186823,2.526493948704827,0.0
21.35544,24.37697,46.13881,3479.54466,0.37282,58.28152,6.734037519268755,2.5086061591183593,0.0
21.37992,24.41952,46.17199,3475.70237,0.35597,58.30155,6.6878849905538145,2.49141312782593,0.0
21.40436,24.46204,46.20355,3471.88977,0.33786,58.3216,6.643665865650013,2.474940340324065,0.0
21.42876,24.50452,46.23338,3468.10606,0.31856,58.34165,6.601443033420391,2.4592112243689535,0.0
21.45312,24.54698,46.26136,3464.35041,0.2981,58.36172,6.561274135305346,2.44424725291378,0.0
21.47743,24.58941,46.28742,3460.62195,0.27654,58.3818,6.523211842166865,2.4300680472404905,0.0
21.50171,24.6318,46.31144,3456.91976,0.25393,58.4019,6.4873041287661435,2.4166914792099217,0.0
21.52595,24.67417,46.33335,3453.24287,0.23032,58.422,6.45359454326095,2.4041337716566606,0.0
21.55015,24.71651,46.35306,3449.5903,0.20577,58.44213,6.422122469396298,2.392409596061978,0.0
21.5743,24.75882,46.37049,3445.96102,0.18032,58.46226,6.3929233793200595,2.3815321667342815,0.0
21.59842,24.8011,46.38557,3442.35397,0.15405,58.48241,6.3660290752118645,2.371513330822249,0.0
21.6225,24.84335,46.39824,3438.76805,0.127,58.50257,6.341467918109919,2.362363653558837,0.0
21.64655,24.88558,46.40842,3435.20215,0.09923,58.52275,6.319265042595022,2.3540924982367244,0.0
21.67055,24.92778,46.41607,3431.6551,0.0708,58.54294,6.299442556115816,2.346708100462211,0.0
21.69451,24.96995,46.42112,3428.12575,0.04178,58.56315,6.282019721961212,2.3402176363172646,0.0
21.71844,25.01209,46.42355,3424.61288,0.01221,58.58337,6.267013125050449,2.334627284120678,0.0
21.74233,25.05421,46.4233,3421.11527,-0.01784,58.6036,6.254436819806547,2.3299422795148175,0.0
21.76617,25.0963,46.42034,3417.63168,-0.04831,58.62385,6.2443024595828565,2.3261669636804276,0.0
21.78999,25.13836,46.41465,3414.16083,-0.07913,58.64411,6.236619407174679,2.3233048245051062,0.0
21.81376,25.1804,46.40619,3410.70143,-0.11025,58.66439,6.231394826074933,2.3213585305784483,0.0
21.83749,25.22241,46.39495,3407.25219,-0.14161,58.68468,6.228633752228696,2.3203299579225,0.0
21.86119,25.26439,46.38092,3403.81177,-0.17314,58.70499,6.2283391461371505,2.320220209401847,0.0
21.88485,25.30635,46.36409,3400.37882,-0.20478,58.72531,6.230511925233002,2.32102962678431,0.0
21.90847,25.34828,46.34446,3396.952,-0.23647,58.74565,6.235150976528553,2.322757795452689,0.0
21.93206,25.39019,46.32204,3393.52993,-0.26814,58.76599,6.242253149633426,2.3254035418036745,0.0
21.95561,25.43207,46.29682,3390.11122,-0.29974,58.78636,6.251813230277756,2.328964923384549,0.0
21.97912,25.47392,46.26884,3386.69447,-0.3312,58.80674,6.2638238945965234,2.333439211862887,0.0
22.00259,25.51574,46.2381,3383.27828,-0.36246,58.82713,6.27827564447148,2.3388228689397317,0.0
22.02602,25.55754,46.20464,3379.86122,-0.39345,58.84753,6.295156724341831,2.3451115153593816,0.0
22.04942,25.59932,46.16848,3376.44187,-0.42411,58.86795,6.3144530199614755,2.352299893193793,0.0
22.07278,25.64107,46.12967,3373.01878,-0.45439,58.88839,6.336147939698336,2.360381821623466,0.0
22.0961,25.68279,46.08825,3369.59053,-0.48422,58.90884,6.36022227906375,2.3693501464710742,0.0
22.11939,25.72448,46.04426,3366.15566,-0.51354,58.9293,6.3866540692905405,2.3791966837928102,0.0
22.14263,25.76615,45.99776,3362.71273,-0.54229,58.94977,6.415418410898394,2.389912157877113,0.0
22.16584,25.80779,45.9488,3359.26029,-0.5704,58.97026,6.446487293334292,2.4014861340559808,0.0
22.18902,25.8494,45.89745,3355.79689,-0.59783,58.99076,6.47982940192715,2.413906946790496,0.0
22.21215,25.89099,45.84378,3352.32109,-0.62451,59.01127,6.51540991355496,2.4271616235514593,0.0
22.23525,25.93255,45.78786,3348.83145,-0.65038,59.0318,6.553190282634613,2.4412358050949674,0.0
22.25831,25.97408,45.72977,3345.32655,-0.67538,59.05234,6.593128019194574,2.4561136627886446,0.0
22.28133,26.01559,45.66959,3341.80497,-0.69946,59.07289,6.635176461028096,2.471777813732722,0.0
22.30431,26.05706,45.60742,3338.26529,-0.72257,59.09345,6.679284542131492,2.4882092344971976,0.0
22.32726,26.09851,45.54333,3334.70614,-0.74466,59.11403,6.725396559852399,2.505387174378442,0.0
22.35016,26.13993,45.47743,3331.12613,-0.76565,59.13461,6.773451943399339,2.523289069162916,0.0
22.37303,26.18132,45.40982,3327.52393,-0.78552,59.15521,6.82338502661791,2.5418904564803237,0.0
22.39586,26.22269,45.34061,3323.89821,-0.80421,59.17582,6.875124828122159,2.561164893896766,0.0
22.41866,26.26402,45.2699,3320.24768,-0.82167,59.19643,6.928594842169498,2.5810838810101413,0.0
22.44141,26.30532,45.19781,3316.57107,-0.83785,59.21706,6.9837128438059075,2.6016167868616087,0.0
22.46412,26.3466,45.12445,3312.86716,-0.85271,59.2377,7.040390712049246,2.622730784066717,0.0
22.4868,26.38784,45.04994,3309.13477,-0.86622,59.25835,7.098534275062688,2.6443907911384406,0.0
22.50943,26.42905,44.97441,3305.37276,-0.87833,59.279,7.158043181387918,2.6665594245181485,0.0
22.53203,26.47023,44.89798,3301.58003,-0.88901,59.29967,7.218810801434287,2.689196961877732,0.0
22.55459,26.51138,44.82078,3297.75554,-0.89821,59.32034,7.280724163498606,2.712261318285289,0.0
22.5771,26.5525,44.74293,3293.89831,-0.90592,59.34102,7.343663928580663,2.7357080368232425,0.0
22.59958,26.59359,44.66459,3290.00743,-0.91211,59.36171,7.407504408248911,2.7594902952437796,0.0
22.62202,26.63464,44.58586,3286.08202,-0.91674,59.38241,7.472113629659041,2.783558930189979,0.0
22.64442,26.67566,44.5069,3282.12131,-0.9198,59.40311,7.537353451683487,2.807862480457112,0.0
22.66677,26.71664,44.42785,3278.12458,-0.92127,59.42382,7.603079735831875,2.832347250665003,0.0
22.68909,26.75759,44.34883,3274.09121,-0.92114,59.44454,7.669142575289732,2.856957396580974,0.0
22.71136,26.79851,44.26999,3270.02062,-0.9194,59.46526,7.735386584949084,2.8816350331638767,0.0
22.7336,26.83939,44.19146,3265.91237,-0.91605,59.48599,7.80165125482923,2.9063203662226282,0.0
22.75579,26.88024,44.11339,3261.76607,-0.91107,59.50672,7.867771368609655,2.930951848330734,0.0
22.77794,26.92105,44.03592,3257.58144,-0.90447,59.52745,7.933577488311051,2.9554663593827204,0.0
22.80005,26.96182,43.95917,3253.3583,-0.89627,59.54819,7.998896505359534,2.9797994118800535,0.0
22.82211,27.00255,43.88329,3249.09655,-0.88647,59.56894,8.063552257417031,3.0038853807166936,0.0
22.84414,27.04325,43.80841,3244.79623,-0.8751,59.58968,8.127366209381105,3.0276577568694383,0.0
22.86612,27.08391,43.73467,3240.45744,-0.86216,59.61043,8.190158195994197,3.0510494240394177,0.0
22.88806,27.12453,43.66218,3236.08043,-0.84769,59.63118,8.251747222458647,3.0739929569022397,0.0
22.90995,27.16511,43.59108,3231.66552,-0.83172,59.65194,8.311952318359243,3.096420939216622,0.0
22.93181,27.20565,43.52149,3227.21317,-0.81428,59.67269,8.370593439209554,3.1182662996741124,0.0
22.95361,27.24615,43.45353,3222.72393,-0.79542,59.69345,8.427492408802367,3.1394626629494273,0.0
22.97538,27.28661,43.38731,3218.19847,-0.77518,59.7142,8.482473894637096,3.1599447130728215,0.0
22.9971,27.32703,43.32295,3213.63756,-0.75361,59.73496,8.535366407699332,3.179648565874281,0.0
23.01878,27.36741,43.26054,3209.04209,-0.73076,59.75571,8.58600331709909,3.1985121469629627,0.0
23.04041,27.40774,43.2002,3204.41304,-0.7067,59.77647,8.634223869295626,3.2164755714152595,0.0
23.062,27.44803,43.142,3199.75152,-0.68149,59.79722,8.679874201125626,3.233481521154454,0.0
23.08355,27.48828,43.08605,3195.05871,-0.6552,59.81798,8.722808335402304,3.2494756158375777,0.0
23.10505,27.52848,43.03242,3190.33591,-0.6279,59.83873,8.762889147642023,3.2644067729865123,0.0
23.1265,27.56864,42.98119,3185.58449,-0.59966,59.85948,8.799989292442497,3.2782275530882483,0.0
23.14791,27.60876,42.93242,3180.80593,-0.57057,59.88022,8.833992078200424,3.2908944854502136,0.0
23.16927,27.64883,42.88619,3176.00179,-0.5407,59.90097,8.86479227926003,3.302368370746981,0.0
23.19059,27.68885,42.84253,3171.17369,-0.51015,59.92171,8.89229687512743,3.3126145563970586,0.0
23.21186,27.72883,42.80149,3166.32333,-0.479,59.94244,8.916425707252477,3.3216031812314215,0.0
23.23309,27.76876,42.76313,3161.45249,-0.44734,59.96318,8.937112044774112,3.329309386248528,0.0
23.25427,27.80865,42.72745,3156.56297,-0.41527,59.98391,8.954303051871124,3.3357134887147843,0.0
23.27541,27.84848,42.6945,3151.65666,-0.38287,60.00464,8.967960150608775,3.3408011173344536,0.0
23.2965,27.88828,42.66428,3146.73546,-0.35025,60.02536,8.978059274613429,3.344563306750132,0.0
23.31754,27.92802,42.63679,3141.80133,-0.31751,60.04608,8.984591010470751,3.3469965502172982,0.0
23.33854,27.96772,42.61204,3136.85623,-0.28473,60.06679,8.987560625281647,3.3481028098696246,0.0
23.35949,28.00737,42.59002,3131.90215,-0.25202,60.0875,8.986987980460679,3.3478894846066223,0.0
23.3804,28.04697,42.57071,3126.9411,-0.21947,60.1082,8.982907333454326,3.3463693362284714,0.0
23.40126,28.08652,42.55408,3121.97507,-0.18718,60.1289,8.9753670306007,3.3435603750181873,0.0
23.42207,28.12603,42.5401,3117.00605,-0.15525,60.1496,8.964429095880421,3.3394857065405006,0.0
23.44284,28.16548,42.52873,3112.03604,-0.12376,60.17028,8.95016872160734,3.334173341910749,0.0
23.46356,28.20489,42.51992,3107.06698,-0.09281,60.19097,8.93267366845183,3.3276559742877687,0.0
23.48423,28.24425,42.51361,3102.1008,-0.06248,60.21165,8.912043583131712,3.319970724695812,0.0
23.50486,28.28356,42.50974,3097.1394,-0.03287,60.23232,8.888389243145957,3.311158860667975,0.0
23.52544,28.32282,42.50825,3092.18462,-0.00406,60.25299,8.861831738536392,3.3012654914309105,0.0
23.54598,28.36203,42.50906,3087.23827,0.02386,60.27365,8.832501601213954,3.2903392435559438,0.0
23.56647,28.4012,42.51208,3082.30208,0.05084,60.29431,8.800537892696537,3.2784319211174195,0.0
23.58692,28.44031,42.51723,3077.37773,0.07678,60.31496,8.766087261211515,3.2655981544385804,0.0
23.60731,28.47938,42.52442,3072.46686,0.10162,60.33561,8.729302979030395,3.2518950414733996,0.0
23.62767,28.5184,42.53355,3067.571,0.12529,60.35625,8.690343970668149,3.23738178578526,0.0
23.64798,28.55737,42.54451,3062.69164,0.14773,60.37689,8.649373842131364,3.2221193349163477,0.0
23.66824,28.5963,42.5572,3057.83015,0.16889,60.39752,8.606559920866697,3.2061700227431937,0.0
23.68846,28.63517,42.57151,3052.98787,0.18871,60.41815,8.562072315332582,3.189597219142386,0.0
23.70863,28.674,42.58733,3048.16602,0.20714,60.43877,8.516083002360974,3.1724649900088115,0.0
23.72876,28.71278,42.60454,3043.36575,0.22415,60.45939,8.468764949598203,3.154837770341781,0.0
23.74885,28.75151,42.62301,3038.58813,0.23968,60.48001,8.420291279371876,3.136780052763451,0.0
23.76889,28.7902,42.64263,3033.83413,0.25371,60.50062,8.370834479394631,3.1183560934852026,0.0
23.78888,28.82884,42.66327,3029.10464,0.2662,60.52123,8.32056566472018,3.0996296373668533,0.0
23.80884,28.86743,42.68481,3024.40044,0.27714,60.54183,8.269653894433462,3.0806636633657534,0.0
23.82875,28.90598,42.70711,3019.72227,0.28651,60.56243,8.218265545573685,3.061520151306652,0.0
23.84861,28.94448,42.73006,3015.07073,0.29428,60.58303,8.16656374593017,3.0422598705832224,0.0
23.86843,28.98293,42.75353,3010.44636,0.30044,60.60363,8.11470786647278,3.022942191075041,0.0
23.88821,29.02134,42.77738,3005.84962,0.305,60.62422,8.062853073404511,3.0036249162753914,0.0
23.90795,29.05971,42.80149,3001.28087,0.30795,60.64481,8.011149939102944,2.9843641383567197,0.0
23.92764,29.09803,42.82573,2996.74039,0.30929,60.6654,7.95974411057934,2.9652141146629254,0.0
23.94729,29.1363,42.84998,2992.22838,0.30903,60.68598,7.908776033533593,2.946227164912568,0.0
23.9669,29.17453,42.8741,2987.74496,0.30718,60.70656,7.858380729555271,2.927453588200392,0.0
23.98647,29.21272,42.89799,2983.29019,0.30375,60.72715,7.808687623708598,2.9089415987682004,0.0
24.00599,29.25086,42.92151,2978.86403,0.29876,60.74773,7.759820419312523,2.8907372793571313,0.0
24.02548,29.28896,42.94455,2974.46638,0.29224,60.7683,7.711897016553781,2.8728845508888847,0.0
24.04492,29.32702,42.96699,2970.09706,0.28421,60.78888,7.665029471355317,2.855425157143127,0.0
24.06432,29.36504,42.98871,2965.75584,0.27469,60.80946,7.619323990812196,2.838398663057245,0.0
24.08368,29.40301,43.00961,2961.44241,0.26373,60.83004,7.574880961444344,2.8218424652512395,0.0
24.103,29.44094,43.02957,2957.1564,0.25135,60.85061,7.531795006537299,2.8057918133886632,0.0
24.12228,29.47883,43.04849,2952.89738,0.23759,60.87119,7.490155068832728,2.790279840981011,0.0
24.14152,29.51668,43.06627,2948.66486,0.2225,60.89177,7.45004451495495,2.77533760428935,0.0
24.16072,29.55449,43.08281,2944.45831,0.20611,60.91234,7.411541258046186,2.7609941280091745,0.0
24.17988,29.59226,43.09802,2940.27712,0.18848,60.93292,7.3747178952383035,2.7472764564822514,0.0
24.199,29.62998,43.1118,2936.12065,0.16964,60.9535,7.339641856737039,2.7342097092344133,0.0
24.21809,29.66767,43.12407,2931.9882,0.14965,60.97407,7.306375563472842,2.7218171397046453,0.0
24.23713,29.70532,43.13474,2927.87903,0.12856,60.99465,7.27497659048765,2.7101201961109602,0.0
24.25613,29.74292,43.14375,2923.79236,0.10643,61.01523,7.2454978333848,2.699138583457369,0.0
24.2751,29.78049,43.15101,2919.72735,0.0833,61.03581,7.217987675394596,2.688890325770198,0.0
24.29402,29.81802,43.15646,2915.68314,0.05924,61.0564,7.19249015282349,2.6793918277322657,0.0
24.31291,29.85551,43.16004,2911.65883,0.0343,61.07698,7.169045116825131,2.6706579349468536,0.0
24.33176,29.89296,43.16167,2907.65346,0.00855,61.09757,7.147688389652247,2.6627019921456423,0.0
24.35057,29.93037,43.16132,2903.66606,-0.01797,61.11815,7.128451913740676,2.6555358987264404,0.0
24.36934,29.96775,43.15893,2899.69563,-0.04517,61.13874,7.11136389215277,2.6491701610720377,0.0
24.38808,30.00508,43.15445,2895.74112,-0.07301,61.15933,7.0964489190928814,2.64361394117067,0.0
24.40677,30.04238,43.14784,2891.80146,-0.10141,61.17992,7.083728099397462,2.6388751011292153,0.0
24.42543,30.07964,43.13908,2887.87557,-0.13032,61.20052,7.073219156027883,2.634960243217106,0.0
24.44406,30.11687,43.12813,2883.96232,-0.15967,61.22111,7.064936524805767,2.6318747451577247,0.0
24.46264,30.15405,43.11496,2880.06056,-0.18938,61.24171,7.058891435717785,2.6296227904165845,0.0
24.48119,30.1912,43.09956,2876.16914,-0.21941,61.26231,7.055091980330907,2.628207393315285,0.0
24.4997,30.22831,43.08192,2872.28685,-0.24967,61.28292,7.0535431649328055,2.627630418827706,0.0
24.51817,30.26538,43.06201,2868.4125,-0.2801,61.30352,7.054246949192635,2.627892596982171,0.0
24.53661,30.30242,43.03985,2864.54486,-0.31064,61.32413,7.057202270246008,2.6289935318337294,0.0
24.55501,30.33942,43.01542,2860.68269,-0.34121,61.34473,7.062405052242096,2.6309317050207053,0.0
24.57337,30.37638,42.98874,2856.82474,-0.37176,61.36534,7.069848201493171,2.6337044739577737,0.0
24.5917,30.4133,42.95982,2852.96975,-0.4022,61.38596,7.079521587543844,2.637308064783755,0.0
24.60999,30.45019,42.92867,2849.11644,-0.43248,61.40657,7.091412010536702,2.641737560204452,0.0
24.62824,30.48704,42.89531,2845.26351,-0.46252,61.42719,7.105503155417892,2.646986882433031,0.0
24.64645,30.52385,42.85977,2841.40969,-0.49227,61.4478,7.121775533650255,2.653048771476626,0.0
24.66463,30.56063,42.82209,2837.55368,-0.52165,61.46842,7.1402064131945595,2.6599147590525054,0.0
24.68277,30.59737,42.78228,2833.69416,-0.5506,61.48904,7.160769737709134,2.6675751384878157,0.0
24.70088,30.63407,42.74041,2829.82985,-0.57904,61.50966,7.183436035999172,2.6760189309870555,0.0
24.71895,30.67073,42.6965,2825.95945,-0.60693,61.53028,7.208172322905915,2.685233848710697,0.0
24.73698,30.70736,42.65062,2822.08165,-0.63419,61.55091,7.234941992983842,2.6952062551671356,0.0
24.75498,30.74395,42.60281,2818.19516,-0.66076,61.57153,7.263704708417496,2.7059211234587615,0.0
24.77293,30.7805,42.55314,2814.2987,-0.68659,61.59215,7.294416282821426,2.7173619929943813,0.0
24.79086,30.81701,42.50167,2810.391,-0.7116,61.61278,7.327028562662609,2.729510925315947,0.0
24.80874,30.85348,42.44845,2806.4708,-0.73574,61.6334,7.361489308247259,2.742348459763016,0.0
24.82659,30.88991,42.39358,2802.53684,-0.75895,61.65403,7.397742076303999,2.755853569731886,0.0
24.8444,30.92631,42.33711,2798.58791,-0.78118,61.67465,7.435726106366879,2.7700036203502894,0.0
24.86218,30.96267,42.27914,2794.6228,-0.80237,61.69527,7.475376213297546,2.7847743284390636,0.0
24.87991,30.99898,42.21974,2790.64033,-0.82247,61.7159,7.516622688383595,2.800139725668692,0.0
24.89761,31.03526,42.159,2786.63933,-0.84143,61.73652,7.559391211586277,2.8160721258692627,0.0
24.91528,31.0715,42.097,2782.6187,-0.8592,61.75714,7.603602777599683,2.8325420974855686,0.0
24.9329,31.1077,42.03385,2778.57733,-0.87573,61.77775,7.649173638456789,2.8495184421963526,0.0
24.95049,31.14386,41.96963,2774.51418,-0.89099,61.79837,7.6960152654780085,2.8669681807391396,0.0
24.96804,31.17997,41.90445,2770.42823,-0.90492,61.81898,7.744034333373661,2.884856546987987,0.0
24.98555,31.21605,41.8384,2766.3185,-0.9175,61.8396,7.79313272932165,2.9031469913351597,0.0
25.00303,31.25208,41.7716,2762.18409,-0.92869,61.8602,7.843207589790438,2.9218011944086575,0.0
25.02047,31.28808,41.70413,2758.0241,-0.93844,61.88081,7.894151367803534,2.9407790921300068,0.0
25.03787,31.32403,41.63612,2753.83773,-0.94675,61.90141,7.945851933218042,2.960038913070656,0.0
25.05523,31.35994,41.56766,2749.62421,-0.95357,61.92201,7.998192708421118,2.979537229002482,0.0
25.07255,31.3958,41.49887,2745.38284,-0.9589,61.9426,8.051052841633739,2.999229019457994,0.0
25.08984,31.43162,41.42987,2741.11298,-0.9627,61.96319,8.104307419737594,3.019067751013961,0.0
25.10708,31.4674,41.36075,2736.81406,-0.96497,61.98377,8.157827722241864,3.0390054719007114,0.0
25.12429,31.50314,41.29163,2732.48557,-0.9657,62.00435,8.211481517596049,3.0589929223864645,0.0
25.14146,31.53883,41.22263,2728.12709,-0.96487,62.02492,8.265133402677089,3.078979661245208,0.0
25.15859,31.57447,41.15385,2723.73825,-0.9625,62.04548,8.318645185763213,3.09891420842454,0.0
25.17568,31.61007,41.0854,2719.3188,-0.95857,62.06604,8.37187631283259,3.118744203853131,0.0
25.19273,31.64562,41.01741,2714.86852,-0.95311,62.08659,8.42468433643026,3.138416582105987,0.0
25.20975,31.68113,40.94996,2710.38732,-0.94611,62.10714,8.476925425775335,3.157877762432814,0.0
25.22672,31.71659,40.88318,2705.87514,-0.93759,62.12767,8.528454916147151,3.177073853418806,0.0
25.24365,31.752,40.81717,2701.33206,-0.92759,62.1482,8.579127894981623,3.1959508713209623,0.0
25.26055,31.78737,40.75202,2696.75822,-0.91611,62.16872,8.628799821416736,3.2144549708650847,0.0
25.2774,31.82269,40.68785,2692.15384,-0.90319,62.18923,8.677327175445905,3.2325326870724793,0.0
25.29422,31.85796,40.62474,2687.51924,-0.88887,62.20973,8.724568132175882,3.250131186438775,0.0
25.31099,31.89318,40.5628,2682.85484,-0.87318,62.23022,8.770383256105998,3.2671985255712035,0.0
25.32772,31.92835,40.50212,2678.16111,-0.85617,62.2507,8.814636209825732,3.2836839151970936,0.0
25.34442,31.96347,40.44278,2673.43865,-0.83789,62.27118,8.857194471002845,3.2995379872608126,0.0
25.36107,31.99854,40.38486,2668.68812,-0.81838,62.29164,8.89793005113862,3.3147130626790084,0.0
25.37768,32.03356,40.32845,2663.91027,-0.79771,62.31208,8.936720209253163,3.329163417207162,0.0
25.39425,32.06853,40.27362,2659.10593,-0.77593,62.33252,8.973448153373624,3.342845542762402,0.0
25.41078,32.10344,40.22044,2654.27601,-0.75312,62.35295,9.008003722621028,3.3557184015188084,0.0
25.42727,32.13831,40.16898,2649.4215,-0.72933,62.37336,9.040284042630923,3.3677436700688306,0.0
25.44372,32.17312,40.11929,2644.54345,-0.70465,62.39376,9.070194147165974,3.378885970990351,0.0
25.46012,32.20788,40.07143,2639.64301,-0.67914,62.41415,9.097647558949825,3.3891130892225734,0.0
25.47649,32.24259,40.02544,2634.72136,-0.65289,62.43453,9.12256682314649,3.3983961708011328,0.0
25.49281,32.27724,39.98137,2629.77977,-0.62597,62.45489,9.144883987307585,3.40670990165107,0.0
25.50909,32.31184,39.93926,2624.81953,-0.59847,62.47524,9.164541022190262,3.4140326643525825,0.0
25.52533,32.34639,39.89913,2619.84203,-0.57048,62.49557,9.181490178513057,3.4203466710419668,0.0
25.54153,32.38088,39.86101,2614.84866,-0.54208,62.51589,9.19569427547698,3.4256380708933114,0.0
25.55768,32.41532,39.82492,2609.84087,-0.51336,62.5362,9.207126917684596,3.4298970309265693,0.0
25.5738,32.4497,39.79087,2604.82015,-0.48442,62.55649,9.215772638017556,3.4331177892331888,0.0
25.58987,32.48403,39.75885,2599.78802,-0.45533,62.57677,9.221626964938872,3.435298680047991,0.0
25.6059,32.5183,39.72888,2594.746,-0.4262,62.59703,9.22469641365443,3.436442130456593,0.0
25.62189,32.55252,39.70095,2589.69565,-0.39712,62.61728,9.224998401552027,3.436554628894228,0.0
25.63784,32.58668,39.67503,2584.63853,-0.36817,62.63751,9.222561089273048,3.435646665940762,0.0
25.65374,32.62079,39.65111,2579.57621,-0.33945,62.65773,9.217423149706567,3.4337326482649217,0.0
25.6696,32.65484,39.62917,2574.51024,-0.31105,62.67793,9.209633468036579,3.430830786883991,0.0
25.68543,32.68883,39.60917,2569.4422,-0.28306,62.69812,9.199250776856024,3.4269629612341888,0.0
25.7012,32.72277,39.59108,2564.37362,-0.25555,62.71829,9.186343230987433,3.4221545607801667,0.0
25.71694,32.75665,39.57484,2559.30603,-0.22863,62.73845,9.170987927375403,3.4164343061623312,0.0
25.73264,32.79048,39.56042,2554.24093,-0.20236,62.75859,9.153270375897602,3.409834052060015,0.0
25.74829,32.82424,39.54776,2549.17979,-0.17684,62.77872,9.133283927382777,3.4023885741131337,0.0
25.7639,32.85796,39.5368,2544.12405,-0.15213,62.79883,9.111129165438143,3.3941353423618876,0.0
25.77947,32.89161,39.52747,2539.07512,-0.12832,62.81893,9.086913268880247,3.3851142837354855,0.0
25.795,32.92521,39.51972,2534.03433,-0.10546,62.83901,9.060749351654707,3.375367536154877,0.0
25.81049,32.95876,39.51346,2529.00301,-0.08364,62.85907,9.032755787097729,3.364939196802392,0.0
25.82594,32.99224,39.50861,2523.98241,-0.06291,62.87912,9.00305552327865,3.3538750670688118,0.0
25.84134,33.02568,39.50511,2518.97374,-0.04333,62.89916,8.971775395908766,3.3422223965938453,0.0
25.85671,33.05905,39.50287,2513.97813,-0.02497,62.91918,8.939045445043826,3.330029628719819,0.0
25.87203,33.09237,39.5018,2508.99669,-0.00786,62.93918,8.904998241376218,3.3173461495177916,0.0
25.88731,33.12563,39.50181,2504.03043,0.00794,62.95917,8.86976822748212,3.304222042384786,0.0
25.90255,33.15884,39.50281,2499.08031,0.0224,62.97915,8.833491078897556,3.2907078500278106,0.0
25.91775,33.192,39.50471,2494.14723,0.03546,62.99911,8.79630308935913,3.2768543454498533,0.0
25.93292,33.22509,39.50741,2489.23201,0.0471,63.01905,8.758340583969469,3.262712313338573,0.0
25.94804,33.25814,39.51081,2484.33542,0.05729,63.03899,8.719739363486148,3.248332343049298,0.0
25.96312,33.29112,39.51483,2479.45815,0.066,63.0589,8.680634182335616,3.2337646341514845,0.0
25.97816,33.32406,39.51935,2474.60081,0.07322,63.07881,8.641158262391318,3.2190588152982684,0.0
25.99316,33.35693,39.52428,2469.76397,0.07893,63.0987,8.601442843993922,3.204263776969689,0.0
26.00812,33.38976,39.52952,2464.9481,0.08311,63.11858,8.561616775150505,3.1894275184385794,0.0
26.02304,33.42253,39.53498,2460.15361,0.08577,63.13844,8.521806139345385,3.1745970091203017,0.0
26.03793,33.45524,39.54054,2455.38086,0.08689,63.15829,8.482133921938907,3.1598180642975264,0.0
26.05277,33.48791,39.54611,2450.63012,0.08649,63.17813,8.442719714682282,3.1451352350442265,0.0
26.06758,33.52052,39.5516,2445.9016,0.08456,63.19795,8.403679457500763,3.130591712033122,0.0
26.08234,33.55307,39.55691,2441.19545,0.08111,63.21776,8.365125216365676,3.1162292427871656,0.0
26.09707,33.58558,39.56194,2436.51175,0.07617,63.23756,8.327164995747967,3.1020880618135536,0.0
26.11176,33.61803,39.5666,2431.85051,0.06974,63.25735,8.289902583946684,3.0882068329845147,0.0
26.12641,33.65043,39.57079,2427.21169,0.06186,63.27713,8.253437429327919,3.0746226034330624,0.0
26.14103,33.68277,39.57443,2422.59519,0.05254,63.29689,8.217864545381218,3.061370768184009,0.0
26.1556,33.71507,39.57743,2418.00085,0.04181,63.31664,8.183274442360894,3.0484850446885527,0.0
26.17014,33.74731,39.57969,2413.42843,0.02972,63.33638,8.149753083217,3.0359974564074106,0.0
26.18464,33.7795,39.58115,2408.87767,0.01628,63.35611,8.117381861446686,3.023938324559863,0.0
26.1991,33.81164,39.58172,2404.34824,0.00154,63.37583,8.086237598489639,3.0123362671534863,0.0
26.21353,33.84373,39.58132,2399.83975,-0.01445,63.39554,8.05639255832201,3.001218204420777,0.0
26.22792,33.87577,39.57988,2395.35178,-0.03166,63.41523,8.027914476903728,2.9906093697890492,0.0
26.24227,33.90776,39.57733,2390.88384,-0.05004,63.43492,8.000866604246617,2.9805333255519137,0.0
26.25659,33.9397,39.5736,2386.43542,-0.06954,63.45459,7.975307756874719,2.971011982412134,0.0
26.27087,33.97159,39.56862,2382.00593,-0.0901,63.47426,7.951292378632724,2.9620656221343595,0.0
26.28511,34.00343,39.56234,2377.59478,-0.11168,63.49391,7.9288706078375615,2.9537129225608663,0.0
26.29932,34.03522,39.5547,2373.20129,-0.13422,63.51355,7.9080883489066265,2.9459709842949513,0.0
26.31349,34.06696,39.54564,2368.8248,-0.15766,63.53319,7.88898734675392,2.9388553584154544,0.0
26.32763,34.09865,39.53513,2364.46455,-0.18194,63.55281,7.871605262319428,2.9323800746134396,0.0
26.34173,34.13029,39.5231,2360.1198,-0.207,63.57243,7.855975747803233,2.9265576692188793,0.0
26.35579,34.16189,39.50953,2355.78974,-0.23278,63.59203,7.842128520255461,2.92139921261485,0.0
26.36982,34.19343,39.49438,2351.47354,-0.25921,63.61162,7.830089432358424,2.9169143356057368,0.0
26.38382,34.22493,39.47761,2347.17036,-0.28623,63.63121,7.819880539369879,2.9131112543553632,0.0
26.39778,34.25637,39.45919,2342.87929,-0.31378,63.65079,7.811520161315216,2.9099967935552153,0.0
26.4117,34.28777,39.43911,2338.59942,-0.34179,63.67035,7.805022939694598,2.907576407549346,0.0
26.42559,34.31912,39.41734,2334.32983,-0.37019,63.68991,7.800399888100054,2.90585419919057,0.0
26.43944,34.35043,39.39386,2330.06955,-0.3989,63.70946,7.797658436247208,2.9048329362434453,0.0
26.45326,34.38168,39.36867,2325.8176,-0.42787,63.72899,7.796802467114605,2.9045140652196477,0.0
26.46704,34.41289,39.34175,2321.57298,-0.45702,63.74852,7.797832346968207,2.904897722562884,0.0
26.48079,34.44405,39.31311,2317.33468,-0.48629,63.76804,7.800744948214013,2.905982743162098,0.0
26.49451,34.47516,39.28275,2313.10167,-0.5156,63.78755,7.8055336651476495,2.907766666218603,0.0
26.50819,34.50622,39.25067,2308.8729,-0.54488,63.80705,7.8121884227689495,2.9102457385297487,0.0
26.52183,34.53723,39.21688,2304.64733,-0.57407,63.82654,7.820695678991545,2.9134149153120483,0.0
26.53545,34.5682,39.1814,2300.42388,-0.6031,63.84602,7.831038420685074,2.9172678587267997,0.0
26.54902,34.59912,39.14425,2296.20149,-0.63189,63.86549,7.843196154102285,2.9217969343139294,0.0
26.56257,34.62999,39.10544,2291.97907,-0.66037,63.88495,7.857144890362023,2.9269932055840213,0.0
26.57607,34.66081,39.06501,2287.75556,-0.68849,63.9044,7.872857126798549,2.932846427070449,0.0
26.58955,34.69159,39.02298,2283.52987,-0.71617,63.92384,7.890301825059222,2.9393450361701854,0.0
26.60299,34.72231,38.97939,2279.30093,-0.74335,63.94327,7.909444386970765,2.946476144153351,0.0
26.61639,34.75299,38.93428,2275.06766,-0.76995,63.96269,7.930246629292046,2.9542255267579653,0.0
26.62977,34.78362,38.88769,2270.82899,-0.79593,63.9821,7.952666758562447,2.9625776148202942,0.0
26.6431,34.8142,38.83967,2266.58386,-0.82121,64.0015,7.976659347354681,2.971515485428405,0.0
26.65641,34.84473,38.79025,2262.33123,-0.84573,64.02089,8.00217531331452,2.981020854113915,0.0
26.66968,34.87522,38.73951,2258.07005,-0.86944,64.04027,8.029161902487374,2.9910740686406996,0.0
26.68291,34.90565,38.68748,2253.79931,-0.89227,64.05963,8.057562678419522,3.0016541049448127,0.0
26.69611,34.93604,38.63424,2249.51801,-0.91417,64.07899,8.087317518685017,3.0127385658406753,0.0
26.70928,34.96638,38.57983,2245.22515,-0.93509,64.09833,8.118362620413727,3.024303683080407,0.0
26.72241,34.99666,38.52433,2240.91979,-0.95497,64.11766,8.150630516550518,3.036324323410806,0.0
26.73551,35.0269,38.46781,2236.60099,-0.97378,64.13698,8.184050104457729,3.048773999228521,0.0
26.74857,35.05709,38.41033,2232.26785,-0.99145,64.15629,8.218546688595705,3.061624884479673,0.0
26.7616,35.08723,38.35196,2227.9195,-1.00794,64.17559,8.25404203887657,3.07484783639817,0.0
26.77459,35.11731,38.29278,2223.55509,-1.02322,64.19487,8.290454466332308,3.0884124236940593,0.0
26.78755,35.14735,38.23286,2219.17382,-1.03725,64.21414,8.327698917588314,3.1022869617474123,0.0
26.80048,35.17733,38.17229,2214.77494,-1.04999,64.23339,8.365687089614898,3.1164385553562766,0.0
26.81337,35.20727,38.11113,2210.35772,-1.06141,64.25263,8.40432756603931,3.1308331495164925,0.0
26.82623,35.23715,38.04948,2205.92147,-1.07148,64.27186,8.443525976216254,3.145435588679649,0.0
26.83905,35.26698,37.98741,2201.46559,-1.08018,64.29108,8.483185178010265,3.160209684844319,0.0
26.85183,35.29676,37.925,2196.98947,-1.08749,64.31028,8.523205465132703,3.1751182947945553,0.0
26.86459,35.32649,37.86234,2192.4926,-1.09338,64.32946,8.5634847995537,3.190123406679449,0.0
26.8773,35.35616,37.79952,2187.97449,-1.09785,64.34863,8.603919069324444,3.2051862360587187,0.0
26.88998,35.38578,37.73661,2183.43473,-1.10089,64.36779,8.644402371861874,3.2202673314337074,0.0
26.90263,35.41535,37.6737,2178.87295,-1.10249,64.38692,8.684827322387294,3.2353266891488888,0.0
26.91524,35.44486,37.61086,2174.28885,-1.10265,64.40605,8.72508538699596,3.250323877469048,0.0
26.92782,35.47432,37.5482,2169.6822,-1.10138,64.42515,8.765067239396641,3.265218169474151,0.0
26.94036,35.50373,37.48578,2165.0528,-1.09867,64.44424,8.804663140121756,3.2799686843251052,0.0
26.95286,35.53308,37.42369,2160.40055,-1.09455,64.46332,8.843763336554842,3.2945345362845146,0.0
26.96533,35.56237,37.362,2155.7254,-1.08903,64.48237,8.882258481865728,3.308874990781052,0.0
26.97777,35.59161,37.3008,2151.02735,-1.08213,64.50141,8.920040070526904,3.322949626650766,0.0
26.99017,35.6208,37.24015,2146.3065,-1.07388,64.52043,8.957000887819316,3.336718503589821,0.0
27.00253,35.64993,37.18014,2141.56299,-1.0643,64.53943,8.993035470330142,3.350142333702032,0.0
27.01486,35.679,37.12084,2136.79703,-1.05343,64.55841,9.028040574265273,3.3631826559575853,0.0
27.02715,35.70801,37.06231,2132.00891,-1.0413,64.57738,9.061915648034354,3.375802012243401,0.0
27.0394,35.73697,37.00463,2127.19896,-1.02797,64.59632,9.094563305397399,3.3879641236227,0.0
27.05162,35.76587,36.94785,2122.36761,-1.01347,64.61525,9.125889795281873,3.3996340653542227,0.0
27.06381,35.79471,36.89203,2117.51532,-0.99786,64.63416,9.155805464217146,3.4107784391612332,0.0
27.07595,35.8235,36.83723,2112.64263,-0.98119,64.65304,9.184225207253789,3.421365541210826,0.0
27.08806,35.85222,36.78351,2107.75013,-0.96352,64.67191,9.211068903257766,3.431365524272458,0.0
27.10014,35.88089,36.73092,2102.83848,-0.9449,64.69075,9.236261830423052,3.4407505525073345,0.0
27.11217,35.9095,36.67949,2097.9084,-0.92541,64.70957,9.259735058009547,3.449494947401092,0.0
27.12418,35.93805,36.62928,2092.96064,-0.90512,64.72838,9.28142581044674,3.457575323401991,0.0
27.13614,35.96654,36.58032,2087.99602,-0.88408,64.74716,9.301277800117973,3.46497071189181,0.0
27.14807,35.99497,36.53264,2083.01541,-0.86238,64.76592,9.31924152549643,3.471662672249346,0.0
27.15996,36.02334,36.48628,2078.01971,-0.84009,64.78466,9.335274531549555,3.477635388857913,0.0
27.17181,36.05164,36.44125,2073.00987,-0.81729,64.80337,9.349341629740282,3.4828757530615895,0.0
27.18363,36.07989,36.39757,2067.98687,-0.79406,64.82207,9.3614150753913,3.4873734292380663,0.0
27.19541,36.10808,36.35527,2062.95175,-0.77048,64.84074,9.371474700600213,3.491120904313056,0.0
27.20716,36.1362,36.31436,2057.90554,-0.74663,64.85939,9.379508001387565,3.4941135202252087,0.0
27.21887,36.16427,36.27483,2052.84932,-0.7226,64.87801,9.385510178295078,3.4963494890500377,0.0
27.23054,36.19227,36.23669,2047.7842,-0.69846,64.89662,9.389484130126736,3.4978298906682954,0.0
27.24217,36.22021,36.19994,2042.71129,-0.67431,64.9152,9.39144040107364,3.498558653068603,0.0
27.25377,36.24809,36.16457,2037.63171,-0.65022,64.93376,9.391397081965707,3.4985425155611045,0.0
27.26533,36.27591,36.13056,2032.5466,-0.62628,64.95229,9.389379666898927,3.497790975367343,0.0
27.27685,36.30366,36.09791,2027.45712,-0.60258,64.9708,9.385420866939903,3.4963162182203114,0.0
27.28834,36.33135,36.06659,2022.36439,-0.5792,64.98929,9.379560383102145,3.494133033792137,0.0
27.29979,36.35898,36.03657,2017.26957,-0.55621,65.00775,9.371844641091451,3.4912587168797624,0.0
27.3112,36.38655,36.00783,2012.17378,-0.5337,65.02619,9.362326490821902,3.4877129554667494,0.0
27.32258,36.41405,35.98033,2007.07814,-0.51174,65.04461,9.351064873850886,3.4835177068340712,0.0
27.33392,36.4415,35.95404,2001.98377,-0.49042,65.063,9.338124462256959,3.4786970630326115,0.0
27.34522,36.46888,35.92891,1996.89176,-0.46979,65.08137,9.323575272631011,3.4732771070847286,0.0
27.35649,36.49619,35.9049,1991.80316,-0.44994,65.09972,9.307492258990052,3.467285761333913,0.0
27.36772,36.52345,35.88197,1986.71901,-0.43094,65.11804,9.289954888506216,3.4607526293926956,0.0
27.37892,36.55064,35.86006,1981.64034,-0.41283,65.13634,9.271046703996019,3.453708833158371,0.0
27.39008,36.57777,35.83911,1976.56812,-0.3957,65.15462,9.250854877044443,3.446186846339967,0.0
27.4012,36.60483,35.81909,1971.50329,-0.3796,65.17287,9.229469755600022,3.438220325925511,0.0
27.41228,36.63184,35.79991,1966.44676,-0.36457,65.1911,9.206984409701784,3.4298439429533607,0.0
27.42333,36.65878,35.78153,1961.39941,-0.35068,65.20931,9.183494178873334,3.421093213904592,0.0
27.43435,36.68566,35.76388,1956.36206,-0.33796,65.22749,9.15909622451158,3.4120043339560246,0.0
27.44533,36.71247,35.74689,1951.3355,-0.32647,65.24565,9.133889090305685,3.402614013224711,0.0
27.45627,36.73923,35.7305,1946.32047,-0.31624,65.26379,9.107972273515596,3.392959317057913,0.0
27.46718,36.76592,35.71464,1941.31765,-0.30731,65.28191,9.081445809632923,3.383077511308347,0.0
27.47805,36.79255,35.69924,1936.3277,-0.2997,65.3,9.054409872642209,3.373005913420991,0.0
27.48889,36.81912,35.68423,1931.35122,-0.29344,65.31807,9.026964392796812,3.3627817500445447,0.0
27.49969,36.84562,35.66954,1926.38875,-0.28856,65.33611,8.999208693516835,3.352442021766353,0.0
27.51045,36.87207,35.6551,1921.44079,-0.28507,65.35414,8.971241148701093,3.3420233754520976,0.0
27.52118,36.89845,35.64084,1916.50778,-0.28299,65.37214,8.943158861446799,3.3315619845604254,0.0
27.53188,36.92477,35.62668,1911.59013,-0.28233,65.39012,8.915057364891997,3.3210934376988877,0.0
27.54254,36.95104,35.61255,1906.68818,-0.28309,65.40808,8.887030345564671,3.3106526355641988,0.0
27.55317,36.97724,35.59839,1901.80222,-0.28527,65.42602,8.85916938944342,3.300273696343158,0.0
27.56376,37.00337,35.58412,1896.93249,-0.28887,65.44393,8.831563750620537,3.289989869533562,0.0
27.57432,37.02945,35.56968,1892.0792,-0.29388,65.46183,8.804300142273293,3.2798334580755046,0.0
27.58484,37.05547,35.55499,1887.24247,-0.30029,65.4797,8.777462549433777,3.2698357486032195,0.0
27.59533,37.08143,35.53998,1882.42241,-0.30809,65.49755,8.75113206289379,3.2600269495702783,0.0
27.60579,37.10733,35.5246,1877.61907,-0.31725,65.51538,8.72538673340352,3.2504361369347645,0.0
27.61621,37.13316,35.50877,1872.83243,-0.32776,65.53319,8.700301445203893,3.2410912070467477,0.0
27.6266,37.15894,35.49244,1868.06244,-0.33958,65.55098,8.67594780784511,3.2320188363478373,0.0
27.63695,37.18466,35.47554,1863.30902,-0.3527,65.56875,8.652394065120179,3.2232444474465303,0.0
27.64728,37.21032,35.45801,1858.57201,-0.36707,65.5865,8.62970501992835,3.214792181127867,0.0
27.65757,37.23592,35.4398,1853.85124,-0.38266,65.60423,8.607941973793716,3.2066848738225087,0.0
27.66782,37.26146,35.42085,1849.14647,-0.39944,65.62194,8.587162679795108,3.198944040071898,0.0
27.67804,37.28694,35.40111,1844.45743,-0.41735,65.63963,8.567421307606574,3.1915898595049055,0.0
27.68823,37.31237,35.38053,1839.78382,-0.43635,65.65729,8.548768419383661,3.1846411678548434,0.0
27.69839,37.33773,35.35906,1835.12529,-0.45641,65.67494,8.531250955277963,3.17811545156325,0.0
27.70851,37.36304,35.33666,1830.48144,-0.47745,65.69257,8.51491222733683,3.1720288455073735,0.0
27.71861,37.38829,35.31328,1825.85185,-0.49945,65.71018,8.499791920682826,3.1663961334395454,0.0
27.72866,37.41348,35.2889,1821.23608,-0.52233,65.72777,8.485926100841743,3.1612307507170647,0.0
27.73869,37.43861,35.26346,1816.63362,-0.54605,65.74534,8.473347226217465,3.1565447889494105,0.0
27.74869,37.46369,35.23695,1812.04395,-0.57054,65.7629,8.462084164753842,3.1523490022052276,0.0
27.75865,37.4887,35.20932,1807.46653,-0.59575,65.78043,8.45216221392886,3.148652814460684,0.0
27.76858,37.51366,35.18056,1802.90076,-0.62161,65.79794,8.4436031232998,3.1454643279981314,0.0
27.77848,37.53857,35.15064,1798.34605,-0.64806,65.81544,8.436425118893514,3.142790332492128,0.0
27.78835,37.56341,35.11953,1793.80175,-0.67504,65.83291,8.430642928875569,3.140636314571867,0.0
27.79818,37.5882,35.08723,1789.26721,-0.70248,65.85037,8.426267809972272,3.1390064676640823,0.0
27.80799,37.61293,35.05372,1784.74175,-0.73032,65.86781,8.423307574260715,3.137903701973039,0.0
27.81776,37.6376,35.01898,1780.22468,-0.75848,65.88523,8.421766616009473,3.137329654479399,0.0
27.8275,37.66222,34.98302,1775.71526,-0.7869,65.90263,8.421645938356699,3.1372846988785206,0.0
27.83721,37.68678,34.94582,1771.21277,-0.81552,65.92001,8.42294317972829,3.1377679554219124,0.0
27.84689,37.71128,34.90739,1766.71645,-0.84425,65.93738,8.425652639954542,3.138777300646381,0.0
27.85654,37.73573,34.86773,1762.22555,-0.87305,65.95472,8.429765306167171,3.1403093770213455,0.0
27.86616,37.76012,34.82684,1757.73928,-0.90183,65.97205,8.435268878630524,3.142359602571651,0.0
27.87574,37.78445,34.78473,1753.25687,-0.93053,65.98935,8.442147796758702,3.144922180569626,0.0
27.8853,37.80873,34.74143,1748.77751,-0.95908,66.00664,8.450383265639665,3.147990109416013,0.0
27.89482,37.83295,34.69693,1744.30042,-0.98741,66.02391,8.459953283465726,3.1515551928585444,0.0
27.90431,37.85711,34.65125,1739.82478,-1.01546,66.04116,8.470832670364368,3.155608050732186,0.0
27.91378,37.88122,34.60443,1735.3498,-1.04316,66.05839,8.482993099146114,3.1601381304135234,0.0
27.92321,37.90527,34.55648,1730.87467,-1.07045,66.0756,8.496403128597674,3.1651337192233395,0.0
27.93261,37.92926,34.50743,1726.39859,-1.09726,66.0928,8.511028239967203,3.1705819580183294,0.0
27.94198,37.95319,34.45731,1721.92076,-1.12353,66.10997,8.526830877335277,3.17646885623035,0.0
27.95132,37.97707,34.40615,1717.44038,-1.1492,66.12712,8.543770492635165,3.1827793086376617,0.0
27.96063,38.00089,34.35399,1712.95669,-1.17421,66.14426,8.561803596075766,3.189497114148793,0.0
27.9699,38.02466,34.30086,1708.4689,-1.19851,66.16137,8.580883812763084,3.196604996895534,0.0
27.97915,38.04837,34.2468,1703.97625,-1.22203,66.17847,8.600961946315143,3.204084629931164,0.0
27.98837,38.07202,34.19185,1699.47799,-1.24473,66.19554,8.62198605029459,3.2119166618409762,0.0
27.99755,38.09561,34.13606,1694.97341,-1.26655,66.21259,8.643901508200921,3.2200807465414867,0.0
28.00671,38.11914,34.07947,1690.46178,-1.28744,66.22963,8.666651122820253,3.2285555765655736,0.0
28.01584,38.14262,34.02213,1685.94242,-1.30737,66.24664,8.690175215647422,3.237318920099827,0.0
28.02493,38.16604,33.96409,1681.41465,-1.32629,66.26363,8.714411737041228,3.2463476620202774,0.0
28.03399,38.1894,33.9054,1676.87785,-1.34415,66.28061,8.739296387746796,3.255617849162667,0.0
28.04303,38.2127,33.8461,1672.33138,-1.36093,66.29756,8.764762752298985,3.265104740018736,0.0
28.05203,38.23595,33.78626,1667.77466,-1.37658,66.31449,8.790742444761056,3.2747828590277064,0.0
28.061,38.25913,33.72592,1663.20715,-1.39108,66.3314,8.817165267150221,3.284626055593968,0.0
28.06994,38.28226,33.66515,1658.6283,-1.40439,66.34828,8.843959380757514,3.294607567908244,0.0
28.07886,38.30533,33.60399,1654.03764,-1.41651,66.36515,8.871051490491942,3.3047000916206266,0.0
28.08774,38.32834,33.5425,1649.4347,-1.4274,66.38199,8.89836704218812,3.314875853342873,0.0
28.09659,38.35129,33.48074,1644.81908,-1.43705,66.39881,8.925830432716943,3.3251066889201533,0.0
28.1054,38.37418,33.41877,1640.19038,-1.44545,66.41561,8.953365232541206,3.335364126338878,0.0
28.11419,38.39701,33.35664,1635.54829,-1.45258,66.43238,8.980894420250067,3.3456194730969506,0.0
28.12295,38.41979,33.29441,1630.89249,-1.45845,66.44913,9.008340628380534,3.3558439077787474,0.0
28.13168,38.4425,33.23213,1626.22273,-1.46306,66.46586,9.035626399697303,3.366008575526096,0.0
28.14037,38.46515,33.16986,1621.53881,-1.46641,66.48257,9.062674452945899,3.3760846870383108,0.0
28.14904,38.48774,33.10766,1616.84056,-1.4685,66.49925,9.089407956904411,3.38604362066368,0.0
28.15767,38.51027,33.04557,1612.12785,-1.46935,66.51591,9.11575081138987,3.395857027081729,0.0
28.16627,38.53274,32.98366,1607.40062,-1.46897,66.53254,9.141627933770096,3.40549693603643,0.0
28.17485,38.55514,32.92197,1602.65884,-1.46739,66.54915,9.166965549314112,3.4149358644993644,0.0
28.18339,38.57749,32.86055,1597.90251,-1.46463,66.56573,9.191691483652072,3.4241469256187416,0.0
28.1919,38.59977,32.79946,1593.13172,-1.46071,66.58229,9.21573545547454,3.433103937757584,0.0
28.20038,38.622,32.73874,1588.34656,-1.45567,66.59882,9.239029367475831,3.441781532877777,0.0
28.20883,38.64416,32.67843,1583.5472,-1.44954,66.61533,9.26150759353348,3.4501552635219737,0.0
28.21724,38.66626,32.61857,1578.73384,-1.44237,66.63182,9.28310726001125,3.458201707606371,0.0
28.22563,38.68829,32.55922,1573.90672,-1.4342,66.64827,9.303768519051275,3.4658985702292244,0.0
28.23398,38.71026,32.50041,1569.06613,-1.42507,66.6647,9.323434811749047,3.4732247817104476,0.0
28.24231,38.73217,32.44217,1564.21241,-1.41503,66.68111,9.342053119091402,3.4801605910726243,0.0
28.2506,38.75402,32.38454,1559.34594,-1.40415,66.69749,9.359574198621777,3.4866876542050367,0.0
28.25886,38.7758,32.32754,1554.46713,-1.39246,66.71384,9.375952804846115,3.492789115970668,0.0
28.26709,38.79752,32.27122,1549.57643,-1.38004,66.73016,9.391147891526417,3.4984496855658733,0.0
28.27529,38.81917,32.21559,1544.67434,-1.36695,66.74646,9.405122794123834,3.503655704485228,0.0
28.28346,38.84077,32.16068,1539.76139,-1.35324,66.76273,9.417845390803263,3.5083952064999813,0.0
28.29159,38.86229,32.10651,1534.83813,-1.339,66.77898,9.429288240625901,3.5126579691384126,0.0
28.2997,38.88375,32.05309,1529.90516,-1.32427,66.79519,9.439428697696092,3.5164355562085423,0.0
28.30777,38.90515,32.00044,1524.96309,-1.30915,66.81138,9.448249000304967,3.5197213510064773,0.0
28.31581,38.92648,31.94857,1520.01259,-1.29369,66.82754,9.455736334305575,3.5225105799253176,0.0
28.32382,38.94775,31.89749,1515.05431,-1.27797,66.84368,9.461882870195284,3.524800326269326,0.0
28.3318,38.96896,31.8472,1510.08895,-1.26207,66.85978,9.466685773661137,3.526589534182353,0.0
28.33975,38.99009,31.79771,1505.11723,-1.24606,66.87586,9.470147189539897,3.527879002672524,0.0
28.34767,39.01116,31.74901,1500.13987,-1.23002,66.89191,9.472274199445009,3.5286713698271766,0.0
28.35555,39.03217,31.7011,1495.15762,-1.21402,66.90793,9.473078753526076,3.5289710873914673,0.0
28.36341,39.05311,31.65397,1490.17123,-1.19813,66.92392,9.47257757708823,3.528784385981623,0.0
28.37123,39.07399,31.60762,1485.18146,-1.18243,66.93988,9.470792052969264,3.5281192312673415,0.0
28.37902,39.0948,31.56202,1480.18909,-1.167,66.95582,9.467748080868482,3.5269852715680727,0.0
28.38678,39.11554,31.51717,1475.19488,-1.15192,66.97172,9.463475914919265,3.5253937773445387,0.0
28.39451,39.13622,31.47305,1470.19961,-1.13724,66.9876,9.458009981050818,3.5233575731611664,0.0
28.40221,39.15683,31.42963,1465.20405,-1.12304,67.00345,9.451388675761928,3.520890962724028,0.0
28.40987,39.17738,31.38689,1460.20896,-1.1094,67.01927,9.44365414811279,3.5180096476670544,0.0
28.41751,39.19786,31.3448,1455.2151,-1.09638,67.03506,9.43485206680604,3.5147306407835917,0.0
28.42511,39.21827,31.30334,1450.22322,-1.08404,67.05083,9.425031374315271,3.5110721744328095,0.0
28.43269,39.23862,31.26248,1445.23406,-1.07245,67.06656,9.414244030053615,3.5070536048632324,0.0
28.44023,39.2589,31.22218,1440.24834,-1.06167,67.08227,9.402544744636838,3.5026953132187586,0.0
28.44774,39.27911,31.18241,1435.26677,-1.05176,67.09794,9.38999070723661,3.4980186039705687,0.0
28.45522,39.29926,31.14313,1430.29003,-1.04276,67.11359,9.376641308030816,3.4930456015225784,0.0
28.46268,39.31935,31.10431,1425.31879,-1.03474,67.12921,9.362557857725664,3.48779914572603,0.0
28.4701,39.33936,31.0659,1420.35371,-1.02773,67.14481,9.347803306006954,3.482302686995191,0.0
28.47748,39.35932,31.02787,1415.3954,-1.02179,67.16037,9.332441960738157,3.476580181701244,0.0
28.48484,39.3792,30.99017,1410.44445,-1.01696,67.17591,9.31653920959053,3.4706559884721884,0.0
28.49217,39.39902,30.95276,1405.50145,-1.01328,67.19141,9.300161245705011,3.4645547659946674,0.0
28.49947,39.41877,30.91559,1400.56693,-1.01077,67.20689,9.28337479882355,3.458301372853323,0.0
28.50674,39.43846,30.87862,1395.64141,-1.00947,67.22235,9.266246873232971,3.4519207699079875,0.0
28.51398,39.45808,30.84181,1390.72536,-1.0094,67.23777,9.24884449368182,3.4454379256410217,0.0
28.52118,39.47764,30.80511,1385.81925,-1.0106,67.25317,9.231234460332049,3.4388777248703666,0.0
28.52836,39.49713,30.76847,1380.92349,-1.01307,67.26854,9.213483113596869,3.43226488114547,0.0
28.53551,39.51656,30.73185,1376.03847,-1.01683,67.28388,9.195656109664313,3.4256238531238896,0.0
28.54263,39.53592,30.69519,1371.16454,-1.02189,67.29919,9.177818207251374,3.4189787651316106,0.0
28.54971,39.55522,30.65847,1366.30203,-1.02827,67.31448,9.160033066098363,3.4123533320968864,0.0
28.55677,39.57445,30.62162,1361.45122,-1.03595,67.32974,9.142363057500441,3.4057707889682534,0.0
28.5638,39.59361,30.58461,1356.61236,-1.04495,67.34497,9.124869087108673,3.399253824703256,0.0
28.5708,39.61272,30.54739,1351.78568,-1.05525,67.36018,9.107610430060177,3.392824520850095,0.0
28.57777,39.63175,30.50991,1346.97135,-1.06685,67.37535,9.09064457844391,3.386504294724614,0.0
28.58471,39.65072,30.47213,1342.16953,-1.07974,67.39051,9.074027100969893,3.3803138471333947,0.0
28.59162,39.66963,30.43402,1337.38033,-1.09389,67.40563,9.057811514637102,3.374273114566676,0.0
28.59851,39.68848,30.39552,1332.60383,-1.1093,67.42073,9.0420491681246,3.368401225758472,0.0
28.60536,39.70726,30.35661,1327.84009,-1.12593,67.4358,9.026789136558572,3.362716462484531,0.0
28.61218,39.72597,30.31724,1323.08911,-1.14376,67.45085,9.012078127243853,3.357236224444848,0.0
28.61898,39.74462,30.27737,1318.35088,-1.16276,67.46587,8.997960395921186,3.3519769980672875,0.0
28.62575,39.76321,30.23697,1313.62535,-1.18289,67.48087,8.984477673071636,3.346954329054041,0.0
28.63249,39.78174,30.196,1308.91244,-1.20413,67.49584,8.971669099765021,3.342182798483481,0.0
28.6392,39.8002,30.15444,1304.21204,-1.22643,67.51078,8.959571172528282,3.337676002272172,0.0
28.64588,39.8186,30.11225,1299.52401,-1.24975,67.5257,8.94821769671051,3.333446533802125,0.0
28.65253,39.83693,30.0694,1294.84817,-1.27404,67.54059,8.93763974784265,3.329505969526262,0.0
28.65916,39.85521,30.02587,1290.18432,-1.29926,67.55546,8.927865640449086,3.3258648573499165,0.0
28.66576,39.87342,29.98163,1285.53225,-1.32537,67.5703,8.918920903843206,3.322532707614041,0.0
28.67233,39.89156,29.93666,1280.89169,-1.3523,67.58512,8.910828264438535,3.3195179865056432,0.0
28.67887,39.90965,29.89094,1276.26238,-1.38,67.59991,8.903607634106057,3.3168281117205773,0.0
28.68539,39.92767,29.84444,1271.64401,-1.40843,67.61468,8.897276104204458,3.3144694502396543,0.0
28.69187,39.94563,29.79716,1267.03625,-1.43752,67.62942,8.891847944889896,3.312447318071512,0.0
28.69833,39.96353,29.74908,1262.43876,-1.46722,67.64414,8.887334609384096,3.3107659818425974,0.0
28.70476,39.98136,29.70018,1257.85118,-1.49746,67.65883,8.883744742894253,3.309428662120058,0.0
28.71117,39.99914,29.65046,1253.2731,-1.52819,67.6735,8.881084195974948,3.3084375383894153,0.0
28.71754,40.01685,29.59991,1248.70415,-1.55934,67.68815,8.87935604208488,3.307793755594899,0.0
28.72389,40.0345,29.54852,1244.14388,-1.59085,67.70276,8.878560599236502,3.3074974322045176,0.0
28.73022,40.05209,29.49629,1239.59186,-1.62266,67.71736,8.878695455572508,3.3075476697379633,0.0
28.73651,40.06961,29.44322,1235.04765,-1.65471,67.73193,8.879755498860975,3.3079425637543354,0.0
28.74278,40.08708,29.3893,1230.51078,-1.68693,67.74648,8.88173294983096,3.3086792162705208,0.0
28.74902,40.10448,29.33455,1225.98078,-1.71925,67.761,8.884617399419996,3.3097537496368736,0.0
28.75523,40.12182,29.27896,1221.45716,-1.75163,67.77549,8.888395849934772,3.3111613218706437,0.0
28.76142,40.1391,29.22254,1216.93943,-1.78398,67.78997,8.893052760266464,3.3128961434998843,0.0
28.76758,40.15632,29.16531,1212.4271,-1.81625,67.80441,8.898570095235916,3.3149514959458246,0.0
28.77372,40.17348,29.10726,1207.91965,-1.84838,67.81884,8.904927379250632,3.3173197515115156,0.0
28.77982,40.19057,29.04843,1203.41659,-1.88031,67.83324,8.912101754431896,3.3199923950357086,0.0
28.7859,40.20761,28.98881,1198.9174,-1.91197,67.84761,8.92006804339519,3.3229600472802137,0.0
28.79196,40.22458,28.92843,1194.42158,-1.94331,67.86196,8.928798816891831,3.326212490128188,0.0
28.79799,40.2415,28.86731,1189.92862,-1.97427,67.87629,8.938264466517728,3.329738693670066,0.0
28.80399,40.25835,28.80546,1185.438,-2.0048,67.89059,8.948433282693173,3.3335268452530755,0.0
28.80996,40.27514,28.7429,1180.94924,-2.03484,67.90486,8.95927153813336,3.3375643805762087,0.0
28.81591,40.29187,28.67967,1176.46184,-2.06434,67.91912,8.97074357697344,3.341838016891647,0.0
28.82183,40.30854,28.61578,1171.9753,-2.09326,67.93334,8.982811909753202,3.346333788389055,0.0
28.82773,40.32514,28.55125,1167.48916,-2.12153,67.94754,8.995437314398446,3.351037083813796,0.0
28.8336,40.34169,28.48613,1163.00294,-2.14913,67.96172,9.008578943314339,3.3559326863620336,0.0
28.83944,40.35817,28.42042,1158.51619,-2.176,67.97587,9.022194436693956,3.3610048158911328,0.0
28.84526,40.37459,28.35417,1154.02847,-2.20212,67.99,9.036240042066424,3.366237173454495,0.0
28.85105,40.39096,28.2874,1149.53935,-2.22743,68.0041,9.050670740089048,3.37161298816244,0.0
28.85681,40.40726,28.22015,1145.04842,-2.25191,68.01817,9.065440376541838,3.377115066353628,0.0
28.86255,40.4235,28.15244,1140.55529,-2.27553,68.03222,9.080501800361494,3.38272584301636,0.0
28.86827,40.43967,28.0843,1136.05959,-2.29826,68.04625,9.095807007602515,3.388427435417879,0.0
28.87395,40.45579,28.01577,1131.56096,-2.32008,68.06025,9.111307291021134,3.394201698828318,0.0
28.87961,40.47184,27.94689,1127.05908,-2.34097,68.07422,9.126953395028107,3.4000302842446875,0.0
28.88525,40.48784,27.87768,1122.55364,-2.3609,68.08817,9.142695675562946,3.4058946979482445,0.0
28.89086,40.50377,27.80817,1118.04435,-2.37988,68.10209,9.158484264508973,3.4117763627534163,0.0
28.89644,40.51964,27.73841,1113.53096,-2.39788,68.11598,9.174269238057546,3.4176566807279096,0.0
28.902,40.53544,27.66842,1109.01324,-2.41491,68.12985,9.19000078847163,3.4235170971791598,0.0
28.90753,40.55119,27.59823,1104.49097,-2.43096,68.14369,9.205629398563564,3.4293391656518852,0.0
28.91303,40.56687,27.52789,1099.96399,-2.44603,68.15751,9.221106018156908,3.4351046136647745,0.0
28.91851,40.58249,27.45741,1095.43215,-2.46013,68.1713,9.23638224174638,3.4407954088934862,0.0
28.92396,40.59805,27.38683,1090.89532,-2.47327,68.18506,9.251410486498383,3.446393825480525,0.0
28.92939,40.61355,27.31619,1086.35341,-2.48547,68.1988,9.26614416970138,3.4518825101401776,0.0
28.93479,40.62898,27.24551,1081.80636,-2.49673,68.2125,9.280537884713247,3.457244547703533,0.0
28.94017,40.64436,27.17482,1077.25414,-2.50709,68.22618,9.29454757444405,3.462463525745379,0.0
28.94552,40.65967,27.10415,1072.69674,-2.51657,68.23984,9.30813070135013,3.467523597911472,0.0
28.95084,40.67491,27.03353,1068.13421,-2.52519,68.25346,9.321246412944204,3.4724095455754065,0.0
28.95614,40.6901,26.96298,1063.56659,-2.53298,68.26706,9.333855701782179,3.4771068374379084,0.0
28.96141,40.70522,26.89253,1058.99397,-2.54,68.28063,9.34592155890433,3.4816016866877164,0.0
28.96666,40.72028,26.8222,1054.41647,-2.54626,68.29417,9.357409119751088,3.4858811053590513,0.0
28.97188,40.73527,26.752,1049.83425,-2.55182,68.30769,9.368285801560383,3.4899329555157355,0.0
28.97707,40.7502,26.68198,1045.24747,-2.55672,68.32117,9.378521431313962,3.4937459969145706,0.0
28.98224,40.76507,26.61213,1040.65634,-2.56101,68.33463,9.388088363363151,3.497309930824026,0.0
28.98738,40.77988,26.54248,1036.06108,-2.56473,68.34806,9.396961585898639,3.5006154396870315,0.0
28.9925,40.79462,26.47305,1031.46197,-2.56795,68.36146,9.405118815514543,3.5036542223485836,0.0
28.99759,40.8093,26.40385,1026.85928,-2.57071,68.37483,9.412540579209015,3.50641902460313,0.0
29.00266,40.82391,26.33488,1022.25332,-2.57309,68.38818,9.419210283215943,3.5089036648361853,0.0
29.0077,40.83847,26.26617,1017.64442,-2.57513,68.40149,9.425114268206071,3.5111030545882023,0.0
29.01271,40.85295,26.19772,1013.03293,-2.57689,68.41478,9.430241850464313,3.5130132138942067,0.0
29.0177,40.86738,26.12953,1008.41924,-2.57845,68.42804,9.434585348763171,3.5146312812948493,0.0
29.02267,40.88174,26.06162,1003.80373,-2.57987,68.44126,9.4381400967693,3.5159555184581817,0.0
29.0276,40.89604,25.99399,999.18681,-2.58121,68.45446,9.440904440934737,3.5169853093940797,0.0
