0.04883,0.04883,55.931,5163.04826,-0.52071,45.00011,3.740360769248864,1.3933828013600509,0.0
0.09764,0.09764,55.85926,5161.08258,-0.54092,45.00027,3.775415632631732,1.406441660319136,0.0
0.14643,0.14643,55.78485,5159.10188,-0.56059,45.00048,3.8122052161582416,1.4201467481749612,0.0
0.1952,0.1952,55.70785,5157.10503,-0.57971,45.00075,3.8507308325968435,1.4344985539683155,0.0
0.24395,0.24396,55.62835,5155.09093,-0.59823,45.00108,3.890992302988583,1.44949701103228,0.0
0.29269,0.29269,55.54641,5153.05845,-0.61614,45.00146,3.932987738973202,1.4651414159029732,0.0
0.3414,0.34141,55.46214,5151.00647,-0.6334,45.00189,3.9767133132264516,1.4814303428014082,0.0
0.3901,0.39011,55.37562,5148.93386,-0.64998,45.00239,4.0221630182670385,1.498361553782738,0.0
0.43877,0.43879,55.28694,5146.83948,-0.66586,45.00293,4.0693284140368275,1.5159319047032354,0.0
0.48743,0.48746,55.19621,5144.72219,-0.68101,45.00353,4.118198364802455,1.5341372472092236,0.0
0.53607,0.5361,55.10353,5142.58085,-0.6954,45.00418,4.168758766115258,1.5529723270224656,0.0
0.58468,0.58473,55.00901,5140.41433,-0.709,45.00489,4.220992262737066,1.5724306788600988,0.0
0.63328,0.63334,54.91274,5138.22151,-0.72178,45.00565,4.274877958662528,1.5925045184103237,0.0
0.68185,0.68192,54.81486,5136.00125,-0.73372,45.00646,4.330391120594345,1.6131846318691232,0.0
0.7304,0.73049,54.71548,5133.75243,-0.74479,45.00733,4.38750287647492,1.6344602636353733,0.0
0.77894,0.77904,54.61471,5131.47395,-0.75496,45.00825,4.446179910922718,1.6563190028528718,0.0
0.82745,0.82757,54.51268,5129.16471,-0.76422,45.00922,4.506384159723466,1.6787466696002724,0.0
0.87593,0.87608,54.40952,5126.82364,-0.77252,45.01025,4.568072505795416,1.701727201630145,0.0
0.9244,0.92457,54.30535,5124.44968,-0.77985,45.01133,4.6311964793441085,1.725242542668736,0.0
0.97284,0.97304,54.20032,5122.04179,-0.78619,45.01246,4.695701965229723,1.7492725334026085,0.0
1.02126,1.02149,54.09456,5119.59897,-0.79151,45.01364,4.761528920866744,1.773794806388841,0.0
1.06965,1.06991,53.9882,5117.12023,-0.79579,45.01488,4.828611108277232,1.798784686237826,0.0
1.11803,1.11832,53.8814,5114.60462,-0.79901,45.01616,4.896875844178175,1.8242150965142288,0.0
1.16637,1.1667,53.77428,5112.05124,-0.80115,45.0175,4.9662437722978465,1.850056474918842,0.0
1.2147,1.21507,53.66701,5109.45922,-0.8022,45.01889,5.036628662293991,1.8762766983803187,0.0
1.26299,1.26341,53.55973,5106.82774,-0.80213,45.02033,5.107937239899799,1.9028410197800791,0.0
1.31126,1.31173,53.45258,5104.15602,-0.80093,45.02182,5.180069053067271,1.9297120180871905,0.0
1.35951,1.36003,53.34573,5101.44335,-0.7986,45.02336,5.252916378964753,1.9568495637125034,0.0
1.40773,1.4083,53.23933,5098.68908,-0.79511,45.02496,5.326364176766552,1.9842108009215418,0.0
1.45592,1.45655,53.13352,5095.8926,-0.79046,45.0266,5.400290091114868,2.01175014912416,0.0
1.50409,1.50478,53.02848,5093.05339,-0.78464,45.02829,5.474564511033573,2.0394193248214822,0.0
1.55223,1.55298,52.92434,5090.171,-0.77765,45.03003,5.549050688878866,2.067167385918145,0.0
1.60034,1.60116,52.82127,5087.24505,-0.76949,45.03182,5.623604923589555,2.0949407999878513,0.0
1.64842,1.64932,52.71943,5084.27525,-0.76015,45.03366,5.698076812117038,2.1226835379376556,0.0
1.69647,1.69745,52.61897,5081.26139,-0.74963,45.03554,5.772309572382402,2.1503371943179763,0.0
1.74449,1.74556,52.52005,5078.20335,-0.73795,45.03748,5.846140440489199,2.1778411352948126,0.0
1.79249,1.79364,52.42281,5075.10111,-0.7251,45.03946,5.919401144153124,2.205132675014749,0.0
1.84045,1.84169,52.32742,5071.95475,-0.71111,45.0415,5.9919184534924845,2.2321472807889036,0.0
1.88838,1.88972,52.23402,5068.76443,-0.69598,45.04357,6.063514809315061,2.2588188071463104,0.0
1.93628,1.93772,52.14276,5065.53045,-0.67973,45.0457,6.134009028019948,2.285079758428406,0.0
1.98415,1.9857,52.05379,5062.25318,-0.66238,45.04787,6.203217081058004,2.310861579158551,0.0
2.03199,2.03365,51.96724,5058.93312,-0.64395,45.05009,6.27095294571332,2.3360949709805174,0.0
2.07979,2.08157,51.88326,5055.57087,-0.62448,45.05236,6.337029522681965,2.3607102344807127,0.0
2.12756,2.12946,51.80198,5052.16716,-0.60398,45.05467,6.401259614657015,2.3846376337368493,0.0
2.1753,2.17732,51.72354,5048.72281,-0.5825,45.05703,6.463456958847694,2.4078077809584952,0.0
2.223,2.22516,51.64805,5045.23876,-0.56006,45.05944,6.52343730509553,2.430152038113705,0.0
2.27067,2.27297,51.57563,5041.71606,-0.53671,45.06189,6.581019530086911,2.4516029320025177,0.0
2.31831,2.32074,51.5064,5038.15589,-0.51248,45.06438,6.636026777015831,2.4720945788113133,0.0
2.36591,2.36849,51.44047,5034.55951,-0.48743,45.06692,6.688287609133243,2.4915631138402996,0.0
2.41347,2.41621,51.37795,5030.9283,-0.4616,45.06951,6.737637164750541,2.5099471217726976,0.0
2.461,2.4639,51.31891,5027.26373,-0.43503,45.07214,6.783918300657878,2.5271880626281544,0.0
2.50849,2.51156,51.26346,5023.56739,-0.4078,45.07482,6.826982710467206,2.543230688374946,0.0
2.55594,2.55918,51.21168,5019.84095,-0.37994,45.07753,6.866692004224076,2.5580234451137795,0.0
2.60333,2.60681,51.16215,5016.08875,-0.37403,45.14962,6.904361603738739,2.572056362079806,35.99999938590621
2.65062,2.65446,51.11346,5012.31413,-0.36769,45.22218,6.941344929826572,2.5858336241373983,35.99999938590621
2.69782,2.70214,51.06567,5008.51741,-0.36095,45.29522,6.977578573858028,2.599331609903667,35.99999938590621
2.74492,2.74984,51.01882,5004.6989,-0.35379,45.36872,7.012997820310658,2.6125262111437335,35.99999938590621
2.79193,2.79757,50.97297,5000.85899,-0.34625,45.44267,7.047538881538137,2.6253936652809884,35.99999938590621
2.83883,2.84533,50.92817,4996.99808,-0.33833,45.51708,7.08113912284683,2.637910639244032,35.99999938590621
2.88564,2.89311,50.88447,4993.11663,-0.33004,45.59192,7.113737289972678,2.6500543142078086,35.99999938590621
2.93235,2.94092,50.8419,4989.21511,-0.32141,45.66719,7.145273737587295,2.661802470718129,35.99999938590621
2.97896,2.98876,50.80052,4985.29405,-0.31243,45.74289,7.175690657398542,2.6731335736651456,35.99999938590621
3.02547,3.03662,50.76036,4981.35401,-0.30314,45.81899,7.2049323043431945,2.6840268565460645,35.99999938590621
3.07188,3.08451,50.72147,4977.39558,-0.29354,45.89549,7.232945219364106,2.694462404455508,35.99999938590621
3.11819,3.13242,50.68387,4973.41939,-0.28365,45.97237,7.259678447213807,2.7044212352230796,35.99999938590621
3.1644,3.18036,50.64761,4969.4261,-0.2735,46.04962,7.285083747726718,2.7138853781178254,35.99999938590621
3.21051,3.22833,50.61272,4965.41639,-0.2631,46.12724,7.30911579903419,2.7228379495511845,35.99999938590621
3.25652,3.27632,50.57922,4961.39098,-0.25247,46.2052,7.331732391195697,2.7312632252097,35.99999938590621
3.30242,3.32434,50.54714,4957.35063,-0.24162,46.28349,7.352894608792402,2.7391467080759284,35.99999938590621
3.34822,3.37239,50.51651,4953.29609,-0.23059,46.3621,7.372567001061008,2.7464751918077774,35.99999938590621
3.39392,3.42046,50.48735,4949.22818,-0.21939,46.44101,7.390717738258802,2.753236818988593,35.99999938590621
3.43951,3.46856,50.45966,4945.1477,-0.20804,46.52021,7.40731875302071,2.759421133786391,35.99999938590621
3.485,3.51668,50.43348,4941.05549,-0.19657,46.59969,7.4223458655944325,2.7650191286072303,35.99999938590621
3.53038,3.56483,50.40881,4936.95242,-0.18499,46.67941,7.4357788919517125,2.7700232843695125,35.99999938590621
3.57567,3.61301,50.38567,4932.83934,-0.17333,46.75938,7.447601733926105,2.774427604082668,35.99999938590621
3.62084,3.66121,50.36405,4928.71716,-0.16162,46.83958,7.457802450660954,2.77822763946341,35.99999938590621
3.66591,3.70944,50.34396,4924.58676,-0.14987,46.91998,7.466373310805753,2.78142051038025,35.99999938590621
3.71088,3.75769,50.3254,4920.44906,-0.13811,47.00057,7.473310825097374,2.784004916990866,35.99999938590621
3.75574,3.80597,50.30838,4916.30496,-0.12636,47.08133,7.47861575906917,2.785981144476573,35.99999938590621
3.80049,3.85427,50.29287,4912.15538,-0.11464,47.16226,7.48229312585375,2.7873510603611726,35.99999938590621
3.84514,3.9026,50.27889,4908.00124,-0.10298,47.24332,7.48435215919918,2.788118104458773,35.99999938590621
3.88968,3.95096,50.26641,4903.84346,-0.09141,47.32452,7.484806266979264,2.7882872715551494,35.99999938590621
3.93412,3.99933,50.25541,4899.68295,-0.07993,47.40582,7.483672965646649,2.7878650869897976,35.99999938590621
3.97845,4.04774,50.24589,4895.52063,-0.06858,47.48721,7.480973796242994,2.7868595753675147,35.99999938590621
4.02268,4.09616,50.23782,4891.35739,-0.05738,47.56868,7.476734222721584,2.7852802226808966,35.99999938590621
4.06679,4.14462,50.23119,4887.19413,-0.04635,47.65021,7.470983513481243,2.783137932178603,35.99999938590621
4.1108,4.19309,50.22595,4883.03173,-0.03551,47.73179,7.463754607127964,2.780444974358033,35.99999938590621
4.15471,4.24159,50.2221,4878.87106,-0.02489,47.81339,7.455083963610633,2.777214931509466,35.99999938590621
4.19851,4.29012,50.21959,4874.71297,-0.01449,47.89502,7.445011401960377,2.773462637269698,35.99999938590621
4.2422,4.33867,50.21839,4870.55828,-0.00435,47.97664,7.43357992595312,2.7692041116767596,35.99999938590621
4.28579,4.38724,50.21846,4866.40783,0.00552,48.05825,7.420835539096803,2.764456492247782,35.99999938590621
4.32927,4.43583,50.21978,4862.26238,0.0151,48.13984,7.4068270503461,2.759237961602623,35.99999938590621
4.37264,4.48445,50.2223,4858.12272,0.02437,48.22138,7.3916058720591415,2.753567672197427,35.99999938590621
4.41591,4.53309,50.22597,4853.98959,0.03332,48.30287,7.3752258116552865,2.7474656687116625,35.99999938590621
4.45908,4.58176,50.23075,4849.8637,0.04192,48.3843,7.357742858473951,2.740952808647432,35.99999938590621
4.50213,4.63045,50.2366,4845.74574,0.05017,48.46565,7.339214967312807,2.73405068169175,35.99999938590621
4.54508,4.67916,50.24346,4841.63637,0.05804,48.54692,7.319701840089012,2.7267815283796093,35.99999938590621
4.58793,4.72789,50.25129,4837.53623,0.06553,48.62808,7.299264707033643,2.7191681585831504,35.99999938590621
4.63067,4.77665,50.26004,4833.4459,0.07261,48.70914,7.277966108762527,2.7112338703273124,35.99999938590621
4.67331,4.82542,50.26965,4829.36596,0.07929,48.79009,7.255869680515207,2.7030023694131686,35.99999938590621
4.71584,4.87422,50.28007,4825.29694,0.08554,48.87091,7.233039939761358,2.6944976902957283,35.99999938590621
4.75827,4.92305,50.29125,4821.23933,0.09136,48.95159,7.209542078303866,2.685744118636868,35.99999938590621
4.80059,4.97189,50.30312,4817.19362,0.09673,49.03214,7.185441759914648,2.6767661159193423,35.99999938590621
4.84281,5.02075,50.31562,4813.16022,0.10165,49.11254,7.160804924425796,2.667588246465591,35.99999938590621
4.88493,5.06964,50.32871,4809.13953,0.10611,49.19279,7.135697599117658,2.6582351071748214,35.99999938590621
4.92694,5.11855,50.34232,4805.13192,0.11011,49.27288,7.110185718145329,2.648731260254642,35.99999938590621
4.96885,5.16748,50.3564,4801.13772,0.11363,49.35281,7.084334950607694,2.639101169172243,35.99999938590621
5.01066,5.21643,50.37087,4797.1572,0.11668,49.43258,7.058210537801077,2.6293691380271085,35.99999938590621
5.05236,5.2654,50.38568,4793.19064,0.11924,49.51217,7.031877140070169,2.619559254498951,35.99999938590621
5.09396,5.31439,50.40078,4789.23824,0.12133,49.5916,7.005398693575481,2.609695336489823,35.99999938590621
5.13546,5.3634,50.41609,4785.3002,0.12292,49.67085,6.978838277194977,2.5998008825414702,35.99999938590621
5.17686,5.41243,50.43155,4781.37667,0.12403,49.74993,6.952257989707123,2.58989902608279,35.99999938590621
5.21816,5.46148,50.44712,4777.46777,0.12465,49.82883,6.925718837267128,2.580012493511766,35.99999938590621
5.25935,5.51055,50.46272,4773.57357,0.12479,49.90756,6.8992806311561985,2.5701635661043754,35.99999938590621
5.30045,5.55965,50.47829,4769.69414,0.12444,49.98612,6.873001895691358,2.560374045708579,35.99999938590621
5.34144,5.60876,50.49377,4765.82947,0.12361,50.0645,6.846939786086364,2.550665224145344,35.99999938590621
5.38234,5.65789,50.50911,4761.97957,0.1223,50.14272,6.821150016026771,2.5410578562284565,35.99999938590621
5.42313,5.70704,50.52425,4758.14439,0.12051,50.22076,6.7956867946514645,2.531572136288479,35.99999938590621
5.46383,5.75621,50.53912,4754.32384,0.11825,50.29864,6.770602772577199,2.522227678065472,35.99999938590621
5.50443,5.8054,50.55366,4750.51782,0.11553,50.37636,6.745948996566767,2.5130434978216996,35.99999938590621
5.54492,5.8546,50.56784,4746.72619,0.11235,50.45393,6.721774872405304,2.5040380005120673,35.99999938590621
5.58532,5.90383,50.58157,4742.94878,0.10872,50.53134,6.698128135505207,2.495228968833687,35.99999938590621
5.62562,5.95308,50.59482,4739.18541,0.10465,50.6086,6.675054828763749,2.4866335549772565,35.99999938590621
5.66583,6.00234,50.60752,4735.43584,0.10014,50.68573,6.652599287141725,2.478268274882193,35.99999938590621
5.70593,6.05163,50.61963,4731.69984,0.09521,50.76272,6.6308041284565675,2.4701490048068333,35.99999938590621
5.74594,6.10093,50.63109,4727.97712,0.08986,50.83958,6.609710249839875,2.462290980008766,35.99999938590621
5.78585,6.15025,50.64186,4724.26739,0.0841,50.91632,6.589356829328299,2.45470879533748,35.99999938590621
5.82566,6.19959,50.65188,4720.57032,0.07795,50.99295,6.569781332059504,2.4474164075425224,35.99999938590621
5.86538,6.24894,50.66111,4716.88558,0.07141,51.06948,6.551019520524649,2.440427139092817,35.99999938590621
5.905,6.29832,50.6695,4713.21278,0.0645,51.14591,6.533105468371298,2.4337536833186144,35.99999938590621
5.94452,6.34771,50.67701,4709.55154,0.05724,51.22225,6.5160715772228714,2.427408110677175,35.99999938590621
5.98395,6.39712,50.6836,4705.90145,0.04963,51.29851,6.499948596039011,2.421401875965021,35.99999938590621
6.02328,6.44655,50.68923,4702.26207,0.04168,51.37471,6.4847656425160976,2.415745826290186,35.99999938590621
6.06252,6.496,50.69385,4698.63297,0.03342,51.45084,6.470550226065649,2.4104502096322764,35.99999938590621
6.10166,6.54547,50.69744,4695.01366,0.02485,51.52693,6.457328271926389,2.405524683824851,35.99999938590621
6.1407,6.59495,50.69995,4691.40365,0.01599,51.60298,6.445124145996135,2.4009783258059523,35.99999938590621
6.17965,6.64445,50.70135,4687.80246,0.00686,51.679,6.433960679952428,2.3968196409762017,35.99999938590621
6.2185,6.69397,50.70162,4684.20955,-0.00253,51.755,6.423859196315831,2.393056572535539,35.99999938590621
6.25726,6.7435,50.70073,4680.62439,-0.01216,51.831,6.414839533072846,2.389696510655904,35.99999938590621
6.29593,6.79305,50.69863,4677.04643,-0.02202,51.90701,6.406920067540463,2.3867463013714127,35.99999938590621
6.3345,6.84262,50.69532,4673.47511,-0.03209,51.98303,6.400117739157117,2.3842122550685847,35.99999938590621
6.37297,6.89221,50.69077,4669.90984,-0.04236,52.05909,6.394448070922952,2.3821001544734095,35.99999938590621
6.41135,6.94182,50.68496,4666.35005,-0.0528,52.13518,6.389925189228755,2.380415262038141,35.99999938590621
6.44964,6.99144,50.67787,4662.79512,-0.06341,52.21134,6.386561841827765,2.379162326636276,35.99999938590621
6.48783,7.04108,50.66947,4659.24445,-0.07415,52.28755,6.384369413760346,2.3783455894949084,35.99999938590621
6.52592,7.09073,50.65977,4655.69741,-0.08503,52.36385,6.3833579410303685,2.3779687892895427,35.99999938590621
6.56396,7.14038,50.65011,4652.15075,-0.07351,52.37095,6.382298299679714,2.377574045005582,0.0
6.60195,7.19,50.64186,4648.60213,-0.06211,52.37809,6.379967870402254,2.3767058987824434,0.0
6.63991,7.23959,50.63499,4645.05231,-0.05086,52.38526,6.376386440748355,2.3753717220032806,0.0
6.67784,7.28916,50.62948,4641.50201,-0.03979,52.39246,6.3715774605717455,2.373580250355609,0.0
6.71573,7.33869,50.62531,4637.95195,-0.02891,52.39971,6.365567461569899,2.3713413675948307,0.0
6.75358,7.38819,50.62245,4634.40285,-0.01825,52.40698,6.358385937248335,2.368666060827771,0.0
6.79141,7.43767,50.62087,4630.85542,-0.00782,52.4143,6.350065211410191,2.3655663715215893,0.0
6.82919,7.48711,50.62054,4627.31034,0.00234,52.42165,6.340640296217945,2.362055342628034,0.0
6.86694,7.53653,50.62143,4623.76829,0.01223,52.42903,6.330148740975989,2.358146962250973,0.0
6.90465,7.58592,50.62349,4620.22993,0.02182,52.43646,6.318630472820515,2.3538561042991852,0.0
6.94233,7.63528,50.62669,4616.69589,0.03109,52.44391,6.3061276305052845,2.3491984665671817,0.0
6.97998,7.68461,50.63099,4613.16681,0.04002,52.45141,6.2926843925520854,2.3441905067167363,0.0
7.01759,7.73391,50.63635,4609.64327,0.0486,52.45893,6.278346800975074,2.338849376609561,0.0
7.05516,7.78318,50.64271,4606.12585,0.05681,52.4665,6.263162581829072,2.333192855456825,0.0
7.0927,7.83242,50.65003,4602.61512,0.06463,52.4741,6.247180963784398,2.3272392822335055,0.0
7.1302,7.88164,50.65827,4599.1116,0.07206,52.48173,6.230452495922742,2.3210074878025586,0.0
7.16767,7.93082,50.66737,4595.6158,0.07906,52.48941,6.213028865867318,2.314516727163616,0.0
7.2051,7.97998,50.67728,4592.1282,0.08565,52.49711,6.194962719362647,2.3077866122417032,0.0
7.2425,8.02911,50.68794,4588.64925,0.09179,52.50485,6.176307482305735,2.3008370455891747,0.0
7.27987,8.07822,50.69931,4585.17937,0.09748,52.51263,6.1571171861962215,2.2936881553613016,0.0
7.31719,8.12729,50.71133,4581.71898,0.10272,52.52045,6.137446297891278,2.2863602318954888,0.0
7.35449,8.17634,50.72393,4578.26843,0.10748,52.52829,6.117349554452061,2.2788736661872373,0.0
7.39175,8.22535,50.73707,4574.82808,0.11177,52.53618,6.09688180382274,2.2712488905388843,0.0
7.42897,8.27434,50.75069,4571.39822,0.11557,52.5441,6.076097851959643,2.263506321611195,0.0
7.46616,8.32331,50.76472,4567.97916,0.11889,52.55205,6.055052316958577,2.2556663060819453,0.0
7.50331,8.37224,50.7791,4564.57114,0.12171,52.56005,6.033799490652642,2.2477490690874706,0.0
7.54043,8.42115,50.79379,4561.17439,0.12404,52.56807,6.012393208036123,2.2397746655796236,0.0
7.57752,8.47003,50.80871,4557.78911,0.12587,52.57614,5.990886724815165,2.231762934710187,0.0
7.61457,8.51889,50.8238,4554.41546,0.12719,52.58423,5.969332603290503,2.223733457319181,0.0
7.65159,8.56772,50.83902,4551.05358,0.12801,52.59237,5.947782606681754,2.215705516567886,0.0
7.68857,8.61652,50.85429,4547.70359,0.12833,52.60054,5.926287601981346,2.2076980617493724,0.0
7.72552,8.66529,50.86956,4544.36557,0.12815,52.60874,5.904897471277921,2.1997296752541353,0.0
7.76243,8.71404,50.88476,4541.03957,0.12747,52.61698,5.883661031495522,2.1918185426708323,0.0
7.79931,8.76277,50.89984,4537.72561,0.12629,52.62526,5.862625962398029,2.1839824259660383,0.0
7.83616,8.81146,50.91475,4534.42371,0.12463,52.63357,5.84183874264544,2.1762386396635303,0.0
7.87297,8.86013,50.92941,4531.13382,0.12247,52.64192,5.821344593674413,2.1686040299383094,0.0
7.90975,8.90878,50.94379,4527.8559,0.11983,52.6503,5.8011874311009795,2.1610949565128386,0.0
7.9465,8.9574,50.95781,4524.58987,0.11672,52.65872,5.78140982331644,2.1537272772329183,0.0
7.98321,9.00599,50.97142,4521.33562,0.11314,52.66718,5.762052956912999,2.146516335187829,0.0
8.01989,9.05456,50.98457,4518.09302,0.1091,52.67567,5.743156608559583,2.1394769482333333,0.0
8.05653,9.10311,50.99721,4514.86192,0.10461,52.6842,5.724759122907824,2.1326234007610725,0.0
8.09314,9.15163,51.00929,4511.64215,0.09968,52.69276,5.706897396104642,2.12596943755657,0.0
8.12972,9.20012,51.02074,4508.4335,0.09432,52.70136,5.689606864472008,2.1195282595821467,0.0
8.16626,9.24859,51.03154,4505.23576,0.08854,52.70999,5.67292149791212,2.1133125215201716,0.0
8.20277,9.29704,51.04161,4502.04868,0.08235,52.71866,5.656873797570267,2.1073343309024235,0.0
8.23925,9.34546,51.05093,4498.872,0.07576,52.72737,5.641494797330751,2.1016052486673544,0.0
8.2757,9.39386,51.05945,4495.70543,0.06879,52.73611,5.626814068676863,2.0961362909705623,0.0
8.31211,9.44223,51.06711,4492.54867,0.06146,52.74489,5.6128597284858435,2.09093793208862,0.0
8.34849,9.49058,51.07389,4489.40141,0.05376,52.7537,5.599658449316268,2.086020108251394,0.0
8.38483,9.53891,51.07974,4486.2633,0.04573,52.76255,5.587235471784748,2.0813922222526915,0.0
8.42115,9.58721,51.08462,4483.13398,0.03736,52.77143,5.575614618610542,2.077063148682251,0.0
8.45743,9.63549,51.0885,4480.01307,0.02869,52.78036,5.564818309945507,2.073041239636548,0.0
8.49368,9.68375,51.09134,4476.9002,0.01972,52.78931,5.5548675796088345,2.0693343307666647,0.0
8.52989,9.73198,51.09311,4473.79496,0.01048,52.7983,5.545782091880559,2.0659497475343125,0.0
8.56607,9.78019,51.09378,4470.69691,0.00097,52.80733,5.537580158510145,2.062894311547978,0.0
8.60222,9.82838,51.09333,4467.60564,-0.00879,52.8164,5.530278755629567,2.060174346863491,0.0
8.63834,9.87654,51.09172,4464.52069,-0.01877,52.8255,5.523893540267527,2.0577956861360036,0.0
8.67443,9.92468,51.08893,4461.4416,-0.02896,52.83463,5.518438866212852,2.055763676529525,0.0
8.71048,9.9728,51.08494,4458.36789,-0.03935,52.8438,5.513927798941067,2.0540831852774617,0.0
8.7465,10.02089,51.07974,4455.2991,-0.0499,52.85301,5.510372129418498,2.052758604825009,0.0
8.78249,10.06897,51.0733,4452.23471,-0.06062,52.86225,5.507782386536032,2.0517938574610546,0.0
8.81844,10.11702,51.0656,4449.17422,-0.07147,52.87153,5.50616784802206,2.051192399383535,0.0
8.85437,10.16504,51.05664,4446.11712,-0.08244,52.88084,5.505536549650057,2.0509572241295038,0.0
8.89026,10.21305,51.04641,4443.06289,-0.0935,52.89019,5.505895292623586,2.0510908653262394,0.0
8.92612,10.26103,51.03489,4440.01099,-0.10465,52.89957,5.5072496490042235,2.0515953987132884,0.0
8.96194,10.30899,51.02208,4436.96088,-0.11586,52.90899,5.5096039651071465,2.052472443407411,0.0
8.99774,10.35693,51.00797,4433.91202,-0.12711,52.91845,5.512961362778102,2.0537231623782914,0.0
9.0335,10.40485,50.99257,4430.86385,-0.13838,52.92794,5.51732373853105,2.0553482621272785,0.0
9.06923,10.45274,50.97587,4427.81581,-0.14965,52.93746,5.522691760497289,2.057347991550862,0.0
9.10492,10.50062,50.95787,4424.76735,-0.16091,52.94702,5.529064863195439,2.0597221399923464,0.0
9.14059,10.54847,50.93859,4421.71789,-0.17213,52.95662,5.536441240161844,2.062470034496491,0.0
9.17622,10.5963,50.91803,4418.66685,-0.18329,52.96625,5.5448178344653725,2.065590536276016,0.0
9.21182,10.6441,50.89619,4415.61368,-0.19437,52.97592,5.554190327190201,2.06908203642114,0.0
9.24739,10.69189,50.87309,4412.55778,-0.20537,52.98562,5.564553123978185,2.0729424508862575,0.0
9.28292,10.73965,50.84875,4409.49859,-0.21624,52.99535,5.575899339753848,2.077169214799596,0.0
9.31842,10.78739,50.82317,4406.43551,-0.22699,53.00512,5.588220781768675,2.08175927614677,0.0
9.35389,10.83511,50.79638,4403.36799,-0.23758,53.01493,5.601507931130797,2.086709088890101,0.0
9.38933,10.88281,50.7684,4400.29543,-0.248,53.02477,5.615749923022329,2.0920146055990565,0.0
9.42473,10.93048,50.73925,4397.21726,-0.25823,53.03464,5.630934525804846,2.097671269666488,0.0
9.4601,10.97813,50.70896,4394.13291,-0.26825,53.04455,5.647048119265027,2.103674007204566,0.0
9.49544,11.02576,50.67754,4391.04181,-0.27805,53.05449,5.664075672257078,2.1100172187159885,0.0
9.53075,11.07337,50.64504,4387.94339,-0.2876,53.06447,5.682000720030204,2.11669477064787,0.0
9.56602,11.12095,50.61148,4384.83709,-0.29689,53.07448,5.700805341562459,2.1236999869480053,0.0
9.60126,11.16852,50.57689,4381.72236,-0.3059,53.08452,5.720470137215582,2.131025640740707,0.0
9.63646,11.21606,50.54131,4378.59865,-0.31461,53.0946,5.74097420709388,2.138663946264921,0.0
9.67164,11.26358,50.50477,4375.46542,-0.32301,53.10471,5.762295130452042,2.146606551203092,0.0
9.70678,11.31107,50.46732,4372.32214,-0.33109,53.11486,5.7844089465851924,2.154844529562211,0.0
9.74188,11.35855,50.42899,4369.16828,-0.33882,53.12504,5.807290137592129,2.1633683752526633,0.0
9.77695,11.406,50.38983,4366.00335,-0.34619,53.13525,5.830911613451311,2.172167996528644,0.0
9.81199,11.45342,50.34987,4362.82683,-0.35319,53.1455,5.855244699866564,2.181232711460362,0.0
9.847,11.50083,50.30916,4359.63825,-0.3598,53.15577,5.8802591293307005,2.1905512446050035,0.0
9.88197,11.54821,50.26775,4356.43714,-0.36601,53.16609,5.90592303588644,2.2001117250550375,0.0
9.91691,11.59557,50.22569,4353.22303,-0.37181,53.17643,5.932202954055473,2.209901686039265,0.0
9.95181,11.6429,50.18302,4349.99548,-0.37718,53.18681,5.959063822422556,2.219908066257985,0.0
9.98668,11.69021,50.1398,4346.75408,-0.38212,53.19722,5.986468992341947,2.2301172131263756,0.0
10.02152,11.7375,50.09607,4343.49842,-0.38661,53.20766,6.014380242256293,2.2405148881086543,0.0
10.05632,11.78477,50.05189,4340.22811,-0.39064,53.21813,6.042757798079281,2.2510862743111475,0.0
10.09108,11.83201,50.00731,4336.94278,-0.39421,53.22864,6.071560360101626,2.261815986505488,0.0
10.12581,11.87922,49.96239,4333.64209,-0.3973,53.23918,6.100745136843231,2.272688083739427,0.0
10.16051,11.92641,49.91718,4330.32572,-0.39991,53.24975,6.130267886267779,2.2836860846903595,0.0
10.19517,11.97358,49.87174,4326.99337,-0.40203,53.26035,6.160082964724727,2.2947929858975,0.0
10.2298,12.02073,49.82612,4323.64477,-0.40365,53.27098,6.190143383966194,2.305991283002178,0.0
10.26439,12.06785,49.78038,4320.27966,-0.40478,53.28164,6.220400876525806,2.317262995103177,0.0
10.29894,12.11494,49.73457,4316.89782,-0.40541,53.29234,6.250805969712767,2.328589692321469,0.0
10.33346,12.16201,49.68876,4313.49906,-0.40552,53.30306,6.281308068419782,2.3399525266483505,0.0
10.36795,12.20905,49.643,4310.08321,-0.40514,53.31382,6.311855546855682,2.3513322661182543,0.0
10.4024,12.25607,49.59735,4306.65012,-0.40424,53.32461,6.3423958492998995,2.362709332342444,0.0
10.43681,12.30307,49.55187,4303.1997,-0.40284,53.33543,6.372875599843923,2.3740638413905955,0.0
10.47119,12.35003,49.50661,4299.73185,-0.40093,53.34627,6.403240721052998,2.3853756479953994,0.0
10.50553,12.39698,49.46163,4296.24653,-0.39851,53.35715,6.433436561383703,2.396624393018962,0.0
10.53983,12.44389,49.41698,4292.74373,-0.3956,53.36806,6.463408031111884,2.4077895540895398,0.0
10.5741,12.49078,49.37273,4289.22346,-0.39219,53.379,6.493099746421176,2.418850499278299,0.0
10.60833,12.53765,49.32892,4285.68576,-0.38829,53.38997,6.5224561812568,2.429786543668856,0.0
10.64252,12.58448,49.28562,4282.13072,-0.3839,53.40096,6.551421826398565,2.4405770086161556,0.0
10.67668,12.63129,49.24287,4278.55845,-0.37904,53.41199,6.579941355167184,2.4512012834764296,0.0
10.7108,12.67808,49.20072,4274.96909,-0.37372,53.42304,6.607959795067397,2.461638889548781,0.0
10.7449,12.72482,49.15878,4271.36375,-0.37597,53.38857,6.6358449342905566,2.472026837611578,-19.99999965883678
10.779,12.77151,49.11665,4267.74329,-0.3778,53.3539,6.663971320305191,2.4825046564517854,-19.99999965883678
10.8131,12.81814,49.07438,4264.10746,-0.37922,53.31901,6.6922963503440975,2.4930564754176716,-19.99999965883678
10.84719,12.86472,49.032,4260.45607,-0.38021,53.28392,6.720775865153351,2.503665844025252,-19.99999965883678
10.88129,12.91124,48.98958,4256.78893,-0.38078,53.24861,6.749364781937793,2.514315967747129,-19.99999965883678
10.91538,12.9577,48.94715,4253.10588,-0.38092,53.21308,6.778017176628624,2.5249897386593396,-19.99999965883678
10.94948,13.00411,48.90476,4249.4068,-0.38063,53.17735,6.806686373042149,2.5356697686553344,-19.99999965883678
10.98357,13.05047,48.86247,4245.69158,-0.37991,53.14139,6.835325038877438,2.546338425207628,-19.99999965883678
11.01767,13.09676,48.82032,4241.96014,-0.37876,53.10522,6.863885288476579,2.5569778696487013,-19.99999965883678
11.05176,13.143,48.77836,4238.21243,-0.37719,53.06884,6.892318792174983,2.5675700979068647,-19.99999965883678
11.08585,13.18918,48.73664,4234.44843,-0.37519,53.03224,6.920576892031604,2.578096983618811,-19.99999965883678
11.11994,13.23531,48.69519,4230.66814,-0.37277,52.99542,6.9486107236668735,2.5885403235174524,-19.99999965883678
11.15402,13.28137,48.65408,4226.8716,-0.36993,52.95839,6.976371343854584,2.5988818849632516,-19.99999965883678
11.18811,13.32738,48.61334,4223.05886,-0.36668,52.92115,7.003809863459513,2.6091034554669887,-19.99999965883678
11.2222,13.37333,48.57301,4219.23002,-0.36303,52.88369,7.030877585250912,2.6191868940289074,-19.99999965883678
11.25628,13.41922,48.53315,4215.38519,-0.35898,52.84602,7.057526146045998,2.62911418409091,-19.99999965883678
11.29036,13.46505,48.4938,4211.52452,-0.35454,52.80815,7.083707662602611,2.6388674878854097,-19.99999965883678
11.32444,13.51082,48.45499,4207.6482,-0.34972,52.77008,7.109374880574589,2.648429201925121,-19.99999965883678
11.35853,13.55653,48.41676,4203.75642,-0.34452,52.7318,7.134481325833322,2.657782013374331,-19.99999965883678
11.3926,13.60219,48.37917,4199.84942,-0.33897,52.69332,7.158981457390675,2.6669089570167035,-19.99999965883678
11.42668,13.64778,48.34223,4195.92746,-0.33307,52.65465,7.182830821105638,2.675793472515052,-19.99999965883678
11.46076,13.69331,48.306,4191.99083,-0.32684,52.61579,7.205986203327537,2.684419461647483,-19.99999965883678
11.49483,13.73878,48.27051,4188.03984,-0.32028,52.57674,7.228405783582696,2.692771345187189,-19.99999965883678
11.52891,13.78419,48.23578,4184.07484,-0.31341,52.53751,7.250049285411412,2.7008341190931926,-19.99999965883678
11.56298,13.82954,48.20186,4180.0962,-0.30626,52.4981,7.270878124412145,2.7085934096607023,-19.99999965883678
11.59705,13.87483,48.16876,4176.10431,-0.29882,52.45853,7.2908555525668355,2.716035527286095,-19.99999965883678
11.63111,13.92005,48.13653,4172.09959,-0.29112,52.41878,7.309946797905989,2.7231475184958263,-19.99999965883678
11.66518,13.96522,48.10517,4168.08247,-0.28319,52.37888,7.32811919858838,2.7299172158946545,-19.99999965883678
11.69924,14.01032,48.07473,4164.05343,-0.27502,52.33882,7.345342330497254,2.736333285698585,-19.99999965883678
11.73331,14.05536,48.04522,4160.01293,-0.26665,52.29861,7.3615881274550645,2.742385272518013,-19.99999965883678
11.76737,14.10034,48.01666,4155.9615,-0.25809,52.25826,7.37683099323709,2.748063641085754,-19.99999965883678
11.80143,14.14525,47.98906,4151.89965,-0.24936,52.21777,7.391047904587301,2.7533598146331584,-19.99999965883678
11.83548,14.1901,47.96245,4147.82791,-0.24049,52.17716,7.404218504479135,2.758266209632206,-19.99999965883678
11.86954,14.23489,47.93684,4143.74685,-0.23148,52.13642,7.416325184990886,2.762776266668769,-19.99999965883678
11.90359,14.27962,47.91223,4139.65703,-0.22237,52.09557,7.427353159143737,2.7668844772041687,-19.99999965883678
11.93764,14.32428,47.88864,4135.55903,-0.21317,52.05461,7.437290521238956,2.770586406052371,-19.99999965883678
11.97168,14.36888,47.86607,4131.45344,-0.20391,52.01355,7.446128295208442,2.7738787093918327,-19.99999965883678
12.00573,14.41342,47.84453,4127.34088,-0.1946,51.9724,7.453860470663801,2.7767591481947345,-19.99999965883678
12.03977,14.45789,47.82402,4123.22195,-0.18527,51.93116,7.460484026396356,2.7792265969813514,-19.99999965883678
12.07381,14.5023,47.80453,4119.09726,-0.17594,51.88985,7.465998941146369,2.7812810478318712,-19.99999965883678
12.10785,14.54664,47.78607,4114.96743,-0.16663,51.84846,7.4704081916125045,2.7829236096448686,-19.99999965883678
12.14188,14.59092,47.76863,4110.8331,-0.15737,51.80701,7.473717737736041,2.7841565026552852,-19.99999965883678
12.17591,14.63514,47.7522,4106.69489,-0.14817,51.76551,7.475936495400247,2.7849830482642295,-19.99999965883678
12.20994,14.67929,47.73677,4102.55342,-0.13905,51.72396,7.4770762967806235,2.7854076542683983,-19.99999965883678
12.24397,14.72338,47.72232,4098.40932,-0.13005,51.68237,7.477151838684439,2.7854357956151974,-19.99999965883678
12.27799,14.7674,47.70885,4094.2632,-0.12117,51.64074,7.47618061928776,2.7850739908356137,-19.99999965883678
12.31201,14.81137,47.69634,4090.11568,-0.11244,51.59909,7.474182863777004,2.784329774343746,-19.99999965883678
12.34603,14.85526,47.68477,4085.96737,-0.10387,51.55743,7.471181439471504,2.7832116648177214,-19.99999965883678
12.38004,14.89909,47.67411,4081.81886,-0.0955,51.51575,7.46720176108457,2.7817291299069473,-19.99999965883678
12.41405,14.94286,47.66435,4077.67075,-0.08734,51.47406,7.462271686814766,2.7798925475233855,-19.99999965883678
12.44805,14.98657,47.65546,4073.52362,-0.0794,51.43238,7.456421406052731,2.777713164009376,-19.99999965883678
12.48206,15.03021,47.64741,4069.37803,-0.0717,51.39071,7.449683319489474,2.775203049474835,-19.99999965883678
12.51606,15.07378,47.64017,4065.23452,-0.06427,51.34905,7.442091912495858,2.772375050627774,-19.99999965883678
12.55005,15.1173,47.63371,4061.09364,-0.05712,51.30741,7.433683622629671,2.769242741417198,-19.99999965883678
12.58404,15.16075,47.62801,4056.9559,-0.05027,51.2658,7.424496702148052,2.7658203718153693,-19.99999965883678
12.61803,15.20413,47.62302,4052.82181,-0.04372,51.22422,7.414571076454651,2.7621228150856476,-19.99999965883678
12.65201,15.24745,47.61872,4048.69184,-0.0375,51.18267,7.403948199341678,2.758165513856347,-19.99999965883678
12.68599,15.29071,47.61506,4044.56647,-0.03163,51.14117,7.392670905937153,2.753964425339714,-19.99999965883678
12.71997,15.3339,47.61201,4040.44612,-0.0261,51.09972,7.380783264210895,2.749535966014004,-19.99999965883678
12.75394,15.37703,47.60953,4036.33122,-0.02094,51.05832,7.368330425904693,2.744896956091049,-19.99999965883678
12.78791,15.4201,47.60757,4032.22217,-0.01615,51.01697,7.355358477659784,2.74006456405732,-19.99999965883678
12.82187,15.46311,47.6061,4028.11933,-0.01175,50.97568,7.341914293165002,2.7350562515952297,-19.99999965883678
12.85583,15.50605,47.60508,4024.02307,-0.00775,50.93446,7.328045387005979,2.7298897191381113,-19.99999965883678
12.88978,15.54893,47.60446,4019.9337,-0.00415,50.8933,7.3137997709370035,2.724582852327701,-19.99999965883678
12.92373,15.59174,47.60419,4015.85152,-0.00096,50.85221,7.2992258131725185,2.719153669596523,-19.99999965883678
12.95767,15.6345,47.60424,4011.77682,0.0018,50.81119,7.2843721012926,2.713620271096572,-19.99999965883678
12.99162,15.67719,47.60455,4007.70983,0.00415,50.77024,7.269287309261049,2.7080007891600535,-19.99999965883678
13.02555,15.71981,47.60509,4003.65079,0.00606,50.72937,7.254020069024043,2.7023133404665023,-19.99999965883678
13.05948,15.76238,47.60581,3999.59989,0.00754,50.68858,7.238618847072239,2.696575980058917,-19.99999965883678
13.09341,15.80489,47.60666,3995.5573,0.00859,50.64786,7.223131826307253,2.6908066573359193,-19.99999965883678
13.12733,15.84733,47.60759,3991.52316,0.0092,50.60722,7.207606793485742,2.6850231741217083,-19.99999965883678
13.16124,15.88971,47.60856,3987.4976,0.00937,50.56666,7.192091032442073,2.6792431448886984,-19.99999965883678
13.19515,15.93203,47.60953,3983.48072,0.00911,50.52618,7.176631223266152,2.673483959198607,-19.99999965883678
13.22906,15.97429,47.61045,3979.47256,0.0084,50.48577,7.161273347529251,2.667762746396581,-19.99999965883678
13.26296,16.01648,47.61127,3975.47318,0.00727,50.44544,7.1460625996003175,2.662096342574189,-19.99999965883678
13.29686,16.05862,47.61195,3971.4826,0.0057,50.40519,7.131043304056306,2.656501259802595,-19.99999965883678
13.33075,16.1007,47.61244,3967.50079,0.0037,50.36502,7.116258839155675,2.650993657624426,-19.99999965883678
13.36463,16.14271,47.6127,3963.52773,0.00128,50.32491,7.101751566254061,2.6455893167592524,-19.99999965883678
13.39851,16.18466,47.61269,3959.56335,-0.00156,50.28488,7.087562765066989,2.64030361498724,-19.99999965883678
13.43238,16.22656,47.61236,3955.60758,-0.00481,50.24492,7.073732574585252,2.6351515051385808,-19.99999965883678
13.46625,16.26839,47.61168,3951.6603,-0.00846,50.20502,7.060299939478631,2.6301474951274644,-19.99999965883678
13.50012,16.31016,47.6106,3947.72138,-0.0125,50.16519,7.047302561734535,2.625305629936198,-19.99999965883678
13.53397,16.35188,47.60908,3943.79066,-0.01694,50.12542,7.034776857315432,2.620639475468964,-19.99999965883678
13.56782,16.39353,47.60709,3939.86798,-0.02175,50.08571,7.022757917539896,2.6161621041652383,-19.99999965883678
13.60167,16.43513,47.60458,3935.95313,-0.02693,50.04605,7.011279474941006,2.611886082281151,-19.99999965883678
13.63551,16.47666,47.60153,3932.04589,-0.03247,50.00644,7.000373873269337,2.607823458714804,-19.99999965883678
13.66935,16.51814,47.59789,3928.14603,-0.03834,49.96687,6.990072041372727,2.603985755275807,-19.99999965883678
13.70318,16.55955,47.59363,3924.25327,-0.04456,49.92734,6.980403470624194,2.6003839582765713,-19.99999965883678
13.737,16.60091,47.58872,3920.36735,-0.05109,49.88785,6.971396195600027,2.5970285113344,-19.99999965883678
13.77082,16.64221,47.58313,3916.48797,-0.05792,49.8484,6.963076777687275,2.5939293092648406,-19.99999965883678
13.80463,16.68345,47.57684,3912.6148,-0.06505,49.80896,6.955470291331891,2.5910956929587585,-19.99999965883678
13.83843,16.72463,47.5698,3908.74752,-0.07245,49.76955,6.948600312616607,2.5885364451272967,-19.99999965883678
13.87223,16.76575,47.562,3904.88578,-0.08011,49.73015,6.942488909875962,2.5862597868057224,-19.99999965883678
13.90603,16.80682,47.55341,3901.02921,-0.08803,49.69076,6.93715663607976,2.5842733745160693,-19.99999965883678
13.93982,16.84782,47.54401,3897.17743,-0.09617,49.65138,6.932622522710487,2.582584297986313,-19.99999965883678
13.9736,16.88877,47.53378,3893.33004,-0.10452,49.61199,6.928904074880061,2.5811990783312284,-19.99999965883678
14.00737,16.92966,47.5227,3889.48664,-0.11307,49.57259,6.926017267455395,2.5801236666090657,-19.99999965883678
14.04114,16.97049,47.51075,3885.64681,-0.1218,49.53318,6.923976541969553,2.579363442670871,-19.99999965883678
14.07491,17.01126,47.49791,3881.81011,-0.13069,49.49375,6.922794804121862,2.5789232142292113,-19.99999965883678
14.10867,17.05197,47.48418,3877.9761,-0.13972,49.45429,6.92248342167508,2.57880721607482,-19.99999965883678
14.14242,17.09263,47.46954,3874.14432,-0.14888,49.41479,6.923052222616224,2.57901910939145,-19.99999965883678
14.17616,17.13323,47.45398,3870.31431,-0.15815,49.37525,6.924509493407164,2.579561981104177,-19.99999965883678
14.2099,17.17377,47.43749,3866.48559,-0.1675,49.33566,6.92686197723894,2.5804383432290883,-19.99999965883678
14.24363,17.21425,47.42007,3862.65769,-0.17693,49.29601,6.930114872187485,2.581650132186238,-19.99999965883678
14.27736,17.25467,47.40171,3858.83012,-0.18641,49.2563,6.934271829193508,2.5831987080471035,-19.99999965883678
14.31108,17.29504,47.3824,3855.00237,-0.19592,49.21652,6.9393349498405765,2.5850848537068587,-19.99999965883678
14.3448,17.33535,47.36216,3851.17395,-0.20544,49.17667,6.945304783888273,2.587308773965413,-19.99999965883678
14.37851,17.3756,47.34098,3847.34436,-0.21496,49.13673,6.952180326579978,2.589870094524489,-19.99999965883678
14.41221,17.41579,47.31886,3843.51307,-0.22445,49.09669,6.9599590157466205,2.592767860908693,-19.99999965883678
14.4459,17.45592,47.29581,3839.6796,-0.2339,49.05656,6.9686367287504565,2.5960005373269928,-19.99999965883678
14.47959,17.496,47.27184,3835.8434,-0.24329,49.01632,6.97820777936415,2.5995660055100913,-19.99999965883678
14.51328,17.53601,47.24695,3832.00399,-0.2526,48.97597,6.988664914664322,2.603461563553194,-19.99999965883678
14.54695,17.57597,47.22116,3828.16082,-0.2618,48.93549,6.999999312062463,2.607683924809946,-19.99999965883678
14.58062,17.61587,47.19448,3824.3134,-0.27089,48.89489,7.012200576638935,2.6122292168992742,-19.99999965883678
14.61429,17.65571,47.16692,3820.46121,-0.27984,48.85416,7.025256738921036,2.617092980877661,-19.99999965883678
14.64794,17.6955,47.1385,3816.60374,-0.28864,48.81328,7.039154253305791,2.6222701706515927,-19.99999965883678
14.6816,17.73522,47.10925,3812.74047,-0.29726,48.77225,7.05387799733598,2.6277551527078593,-19.99999965883678
14.71524,17.77489,47.07917,3808.87092,-0.3057,48.73107,7.069411272055187,2.6335417062458197,-19.99999965883678
14.74888,17.81449,47.04829,3804.99457,-0.31392,48.68972,7.085735803680466,2.639623023800514,-19.99999965883678
14.78251,17.85404,47.01663,3801.11094,-0.32192,48.64821,7.102831746864132,2.645991712457767,-19.99999965883678
14.81614,17.89352,46.98423,3797.21954,-0.32968,48.60652,7.120677689802906,2.6526397957574783,-19.99999965883678
14.84975,17.93295,46.95109,3793.3199,-0.33719,48.56464,7.139250661509206,2.6595587164023717,-19.99999965883678
14.88337,17.97232,46.91726,3789.41156,-0.34442,48.52258,7.158526141517341,2.666739339873804,-19.99999965883678
14.91697,18.01163,46.88277,3785.49405,-0.35136,48.48032,7.178478072336829,2.6741719590709585,-19.99999965883678
14.95057,18.05088,46.84763,3781.56693,-0.35801,48.43787,7.199078874989467,2.681846300098806,-19.99999965883678
14.98416,18.09006,46.81189,3777.62977,-0.36433,48.3952,7.220299467897856,2.689751529304584,-19.99999965883678
15.01775,18.12919,46.77558,3773.68215,-0.37033,48.35233,7.242109289495463,2.697876261700635,-19.99999965883678
15.05133,18.16826,46.73873,3769.72366,-0.37599,48.30924,7.264476324835171,2.706208570876796,-19.99999965883678
15.0849,18.20726,46.70138,3765.75391,-0.38129,48.26593,7.287367136507578,2.714736000518271,-19.99999965883678
15.11847,18.24621,46.66356,3761.77253,-0.38623,48.22239,7.310746900183226,2.723445577646054,-19.99999965883678
15.15203,18.28509,46.62532,3757.77917,-0.39079,48.17862,7.33457944504436,2.7323238276788224,-19.99999965883678
15.18558,18.32391,46.58669,3753.77348,-0.39497,48.13461,7.358827299380745,2.7413567914185704,-19.99999965883678
15.21912,18.36267,46.5477,3749.75514,-0.39875,48.09036,7.383451741596392,2.7505300440519673,-19.99999965883678
15.25266,18.40137,46.50841,3745.72385,-0.40213,48.04587,7.408412856843984,2.759828716248165,-19.99999965883678
15.28619,18.44,46.46885,3741.67934,-0.40509,48.00114,7.433669599482756,2.7692375174260007,-19.99999965883678
15.31972,18.47858,46.42906,3737.62134,-0.40765,47.95615,7.45917986151609,2.778740761248809,-19.99999965883678
15.35323,18.51708,46.38909,3733.54962,-0.40978,47.91091,7.484900547132424,2.7883223933928614,-19.99999965883678
15.38674,18.55553,46.34897,3729.46397,-0.41148,47.86542,7.510787653437996,2.797966021622447,-19.99999965883678
15.42025,18.59391,46.30875,3725.36419,-0.41275,47.81967,7.53679635740383,2.807654948179907,-19.99999965883678
15.45374,18.63223,46.26847,3721.25012,-0.41359,47.77365,7.562881109031038,2.817372204492164,-19.99999965883678
15.48723,18.67049,46.22818,3717.12163,-0.414,47.72738,7.588995730678429,2.827100588172866,-19.99999965883678
15.52072,18.70868,46.18791,3712.9786,-0.41396,47.68085,7.615093522418262,2.8368227022701817,-19.99999965883678
15.55419,18.74681,46.14772,3708.82093,-0.4135,47.63405,7.641127373268988,2.846520996703919,-19.99999965883678
15.58766,18.78487,46.10763,3704.64858,-0.4126,47.587,7.667049878080975,2.856177811808535,-19.99999965883678
15.62112,18.82287,46.0677,3700.4615,-0.41126,47.53967,7.692813459769641,2.8657754238681945,-19.99999965883678
15.65457,18.8608,46.02796,3696.25969,-0.4095,47.49209,7.718370496568279,2.875296092521796,-19.99999965883678
15.68801,18.89866,45.98846,3692.04317,-0.40731,47.44425,7.7436734538973635,2.884722109887756,-19.99999965883678
15.72145,18.93646,45.94923,3687.81198,-0.40471,47.39614,7.768675020363397,2.894035851227158,-19.99999965883678
15.75488,18.9742,45.91033,3683.56621,-0.40169,47.34777,7.793328247397739,2.903219826962893,-19.99999965883678
15.7883,19.01186,45.87177,3679.30595,-0.39827,47.29915,7.817586691933074,2.9122567358303955,-19.99999965883678
15.82172,19.04946,45.83361,3675.03135,-0.39445,47.25027,7.8414045614871855,2.9211295189251656,-19.99999965883678
15.85513,19.087,45.79589,3670.74255,-0.39024,47.20114,7.864736860995598,2.9298214144017973,-19.99999965883678
15.88852,19.12446,45.75862,3666.43975,-0.38566,47.15176,7.887539540643487,2.9383160125452457,-19.99999965883678
15.92191,19.16186,45.72186,3662.12316,-0.38071,47.10214,7.909769643937962,2.9465973109316583,-19.99999965883678
15.9553,19.19919,45.68563,3657.79301,-0.37541,47.05227,7.931385455226429,2.9546497693828364,-19.99999965883678
15.98867,19.23645,45.64997,3653.44959,-0.36977,47.00217,7.9523466458298735,2.9624583644047373,-19.99999965883678
16.02204,19.27365,45.61491,3649.09317,-0.36381,46.95183,7.972614417943466,2.97000864279423,-19.99999965883678
16.0554,19.31077,45.58047,3644.72408,-0.35754,46.90126,7.99215164542951,2.9772867740881743,-19.99999965883678
16.08875,19.34783,45.54669,3640.34266,-0.35097,46.85047,8.010923010668416,2.9842796015440114,-19.99999965883678
16.12209,19.38482,45.51358,3635.94928,-0.34413,46.79945,8.028895136566478,2.990974691316131,-19.99999965883678
16.15542,19.42174,45.48118,3631.54431,-0.33703,46.74823,8.046036712887163,2.997360379517604,-19.99999965883678
16.18875,19.45859,45.4495,3627.12818,-0.32968,46.6968,8.062318616081628,3.0034258168601986,-19.99999965883678
16.22206,19.49537,45.41857,3622.7013,-0.32212,46.64517,8.077714021800231,3.009161010567882,-19.99999965883678
16.25537,19.53208,45.38841,3618.26414,-0.31436,46.59334,8.09219850932498,3.0145568632806543,-19.99999965883678
16.28867,19.56872,45.35902,3613.81715,-0.30641,46.54133,8.105750157219786,3.019605208686785,-19.99999965883678
16.32196,19.60529,45.33044,3609.36082,-0.2983,46.48913,8.118349629501076,3.024298843623632,-19.99999965883678
16.35524,19.64179,45.30265,3604.89564,-0.29005,46.43676,8.129980251773476,3.028631556440192,-19.99999965883678
16.38851,19.67821,45.27569,3600.42213,-0.28168,46.38423,8.140628076739949,3.032598151401339,-19.99999965883678
16.42177,19.71457,45.24955,3595.94082,-0.27322,46.33153,8.150281938681337,3.036194468982901,-19.99999965883678
16.45503,19.75086,45.22425,3591.45224,-0.26468,46.27868,8.158933496483547,3.03941740190041,-19.99999965883678
16.48827,19.78707,45.19978,3586.95694,-0.25609,46.22569,8.166577264927156,3.0422649067653063,-19.99999965883678
16.5215,19.82322,45.17615,3582.45546,-0.24747,46.17257,8.173210634045118,3.044736011296193,-19.99999965883678
16.55473,19.85929,45.15336,3577.94838,-0.23885,46.11931,8.178833876402457,3.0468308170307132,-19.99999965883678
16.58794,19.8953,45.13141,3573.43625,-0.23024,46.06593,8.183450142281748,3.048550497532014,-19.99999965883678
16.62115,19.93123,45.11028,3568.91964,-0.22167,46.01244,8.18706544283878,3.049897292113791,-19.99999965883678
16.65435,19.96709,45.08998,3564.39913,-0.21316,45.95884,8.18968862135971,3.050874495132818,-19.99999965883678
16.68753,20.00287,45.0705,3559.87528,-0.20473,45.90514,8.191331312875676,3.05148644094433,-19.99999965883678
16.72071,20.03859,45.05182,3555.34865,-0.19641,45.85136,8.192007892444689,3.0517384846356683,-19.99999965883678
16.75387,20.07423,45.03393,3550.81983,-0.18822,45.79749,8.191735412500229,3.0516369786869775,-19.99999965883678
16.78703,20.10981,45.01682,3546.28936,-0.18018,45.74354,8.190533529759307,3.0511892457425462,-19.99999965883678
16.82018,20.14531,45.00047,3541.7578,-0.17231,45.68953,8.188424422212902,3.050403547687551,-19.99999965883678
16.85331,20.18074,44.98486,3537.22569,-0.16463,45.63546,8.185432696819136,3.04928905126134,-19.99999965883678
16.88644,20.2161,44.96997,3532.69358,-0.15716,45.58133,8.181585288563591,3.047855790454746,-19.99999965883678
16.91955,20.25138,44.95578,3528.16198,-0.14992,45.52716,8.176911351596635,3.0461146259558722,-19.99999965883678
16.95266,20.2866,44.94226,3523.63142,-0.14293,45.47294,8.171442143202077,3.0440772019253655,-19.99999965883678
16.98575,20.32174,44.9294,3519.10238,-0.13621,45.41869,8.165210901370855,3.041755900389396,-19.99999965883678
17.01883,20.35681,44.91716,3514.57537,-0.12978,45.36441,8.158252716797605,3.0391637935550055,-19.99999965883678
17.0519,20.39181,44.90551,3510.05085,-0.12365,45.31011,8.15060440012264,3.0363145943542578,-19.99999965883678
17.08497,20.42674,44.89442,3505.52927,-0.11783,45.25579,8.142304345232672,3.033222605520157,-19.99999965883678
17.11802,20.46159,44.88387,3501.01107,-0.11235,45.20146,8.13339238946338,3.029902667508427,-19.99999965883678
17.15105,20.49638,44.87381,3496.49667,-0.10722,45.14713,8.12390967151454,3.0263701055671577,-19.99999965883678
17.18408,20.53109,44.86423,3491.98645,-0.10245,45.09279,8.11389848787698,3.0226406762520726,-19.99999965883678
17.2171,20.56573,44.85507,3487.48081,-0.09805,45.03846,8.103402148553705,3.018730513678844,-19.99999965883678
17.25011,20.6003,44.84631,3482.98009,-0.09403,44.98413,8.092464832814791,3.0146560757880017,-19.99999965883678
17.2831,20.6348,44.83791,3478.48463,-0.09042,44.92981,8.081131445719295,3.010434090895568,-19.99999965883678
17.31608,20.66923,44.82983,3473.99474,-0.0872,44.8755,8.069447476046294,3.006081504768631,-19.99999965883678
17.34906,20.70359,44.82204,3469.5107,-0.0844,44.82122,8.057458856289434,3.00161542846963,-19.99999965883678
17.38202,20.73788,44.81449,3465.03277,-0.08201,44.76694,8.04521182528834,2.9970530871829437,-19.99999965883678
17.41496,20.77209,44.80714,3460.5612,-0.08006,44.7127,8.032752794021468,2.9924117702191917,-19.99999965883678
17.4479,20.80624,44.79997,3456.0962,-0.07853,44.65847,8.020128215041321,2.9877087823764223,-19.99999965883678
17.48083,20.84031,44.79292,3451.63796,-0.07744,44.60427,8.007384455985763,2.982961396819746,-19.99999965883678
17.51374,20.87432,44.78596,3447.18664,-0.07679,44.55009,7.994567677508044,2.9781868096070583,-19.99999965883678
17.54664,20.90825,44.77904,3442.74238,-0.07658,44.49594,7.98172371596546,2.9734020959874785,-19.99999965883678
17.57953,20.94212,44.77214,3438.3053,-0.07681,44.44181,7.968897971116867,2.9686241685657206,-19.99999965883678
17.61241,20.97591,44.7652,3433.87548,-0.07748,44.38771,7.956135299023155,2.9638697374047,-19.99999965883678
17.64528,21.00964,44.7582,3429.45299,-0.07859,44.33364,7.943479910326842,2.9591552721320067,-19.99999965883678
17.67813,21.04329,44.75108,3425.03787,-0.08013,44.27959,7.9309752739973165,2.954496966082475,-19.99999965883678
17.71097,21.07688,44.74381,3420.63014,-0.08212,44.22556,7.9186640266122295,2.9499107025031157,-19.99999965883678
17.7438,21.11039,44.73636,3416.22977,-0.08453,44.17156,7.906587887167875,2.9454120228177416,-19.99999965883678
17.77662,21.14384,44.72868,3411.83675,-0.08736,44.11757,7.8947875774269525,2.9410160969544132,-19.99999965883678
17.80942,21.17721,44.72074,3407.451,-0.09061,44.0636,7.883302747688875,2.936737695692921,-19.99999965883678
17.84222,21.21052,44.7125,3403.07245,-0.09428,44.00965,7.8721719079291175,2.9325911650123917,-19.99999965883678
17.875,21.24376,44.70393,3398.701,-0.09834,43.95571,7.861432364151884,2.928590402380969,-19.99999965883678
17.90777,21.27693,44.69499,3394.3365,-0.1028,43.90177,7.85112015978678,2.9247488349245416,-19.99999965883678
17.94052,21.31003,44.68565,3389.97882,-0.10764,43.84784,7.84127002198002,2.9210793994187996,-19.99999965883678
17.97327,21.34306,44.67587,3385.62779,-0.11286,43.79391,7.831915312549454,2.9175945240186953,-19.99999965883678
18.006,21.37603,44.66563,3381.2832,-0.11844,43.73998,7.823087983388636,2.9143061116452817,-19.99999965883678
18.03872,21.40892,44.65489,3376.94485,-0.12436,43.68604,7.81481853610914,2.9112255249514165,-19.99999965883678
18.07142,21.44175,44.64363,3372.61251,-0.13063,43.63208,7.807135985661433,2.908363572769578,-19.99999965883678
18.10412,21.47451,44.63182,3368.28591,-0.13721,43.57811,7.800067827685185,2.905730497948996,-19.99999965883678
18.1368,21.5072,44.61943,3363.9648,-0.1441,43.52411,7.79364000936007,2.9033359664968117,-19.99999965883678
18.16947,21.53982,44.60643,3359.64887,-0.15128,43.47008,7.787876903491201,2.901189057924217,-19.99999965883678
18.20212,21.57237,44.59281,3355.33784,-0.15874,43.41602,7.782801285599672,2.899298256712078,-19.99999965883678
18.23477,21.60486,44.57853,3351.03136,-0.16646,43.36191,7.7784343137520695,2.8976714447969014,-19.99999965883678
18.2674,21.63727,44.56359,3346.72912,-0.17442,43.30776,7.774795510934633,2.8963158950047423,-19.99999965883678
18.30001,21.66962,44.54796,3342.43074,-0.18261,43.25355,7.771902749726477,2.8952382653415754,-19.99999965883678
18.33262,21.70191,44.53163,3338.13588,-0.19101,43.19928,7.769772239071843,2.894444594065616,-19.99999965883678
18.36521,21.73412,44.51457,3333.84414,-0.19959,43.14494,7.768418512954169,2.8939402954681044,-19.99999965883678
18.39779,21.76627,44.49678,3329.55513,-0.20835,43.09052,7.7678544208072555,2.893730156301221,-19.99999965883678
18.43036,21.79834,44.47825,3325.26846,-0.21726,43.03602,7.768091119498342,2.8938183327915685,-19.99999965883678
18.46291,21.83036,44.45895,3320.9837,-0.2263,42.98144,7.769138066728611,2.8942083481816825,-19.99999965883678
18.49545,21.8623,44.43889,3316.70044,-0.23545,42.92675,7.771003015765215,2.894903090767581,-19.99999965883678
18.52798,21.89417,44.41806,3312.41824,-0.24469,42.87196,7.773692011373088,2.8959048123832454,-19.99999965883678
18.56049,21.92598,44.39645,3308.13666,-0.25401,42.81705,7.777209386883279,2.8972151273085114,-19.99999965883678
18.59299,21.95772,44.37406,3303.85525,-0.26338,42.76203,7.78155776235102,2.89883501158289,-19.99999965883678
18.62548,21.98939,44.35089,3299.57357,-0.27278,42.70688,7.786738043759287,2.9007648027088755,-19.99999965883678
18.65794,22.02101,44.32747,3295.28969,-0.26995,42.72103,7.7921633945390125,2.9027858886238938,0.0
18.69034,22.05261,44.30431,3291.00217,-0.26711,42.7352,7.797247690922768,2.904679922802732,0.0
18.7227,22.08418,44.28144,3286.71117,-0.26426,42.74939,7.801990251970987,2.9064466515774847,0.0
18.75501,22.11573,44.25884,3282.4169,-0.26142,42.76359,7.806391796385395,2.908086342683455,0.0
18.78727,22.14724,44.23651,3278.11954,-0.25858,42.7778,7.810453939774348,2.9095995979772655,0.0
18.81948,22.17873,44.21445,3273.8193,-0.25577,42.79203,7.814179188213489,2.91098735103803,0.0
18.85164,22.2102,44.19266,3269.51635,-0.25299,42.80628,7.817570928993672,2.9122508637207196,0.0
18.88375,22.24164,44.17114,3265.2109,-0.25024,42.82054,7.82063341861644,2.9133917216841523,0.0
18.91581,22.27305,44.14988,3260.90315,-0.24754,42.83481,7.823371768080943,2.9144118289099903,0.0
18.94782,22.30443,44.12887,3256.59327,-0.2449,42.84909,7.825791925556115,2.915313401247667,0.0
18.97978,22.33579,44.10812,3252.28147,-0.24232,42.86339,7.827900656492697,2.9160989590055952,0.0
19.01169,22.36712,44.08761,3247.96793,-0.23982,42.87771,7.829705521296643,2.916771318633915,0.0
19.04355,22.39842,44.06733,3243.65284,-0.23739,42.89204,7.831214850645156,2.917333583529082,0.0
19.07537,22.42969,44.04729,3239.33638,-0.23506,42.90638,7.832437718588068,2.9177891340134083,0.0
19.10713,22.46094,44.02746,3235.01874,-0.23281,42.92073,7.833383913519052,2.918141616521087,0.0
19.13884,22.49216,44.00785,3230.70009,-0.23067,42.9351,7.834063907176246,2.9183949320501017,0.0
19.1705,22.52336,43.98844,3226.3806,-0.22864,42.94949,7.834488821804415,2.9185532239292713,0.0
19.20212,22.55452,43.96922,3222.06044,-0.22673,42.96388,7.834670395607717,2.9186208649484966,0.0
19.23368,22.58566,43.95018,3217.73978,-0.22494,42.97829,7.834620946659982,2.918602443914384,0.0
19.2652,22.61678,43.93132,3213.41877,-0.22328,42.99271,7.834353335401162,2.9185027516791986,0.0
19.29666,22.64786,43.91261,3209.09757,-0.22176,43.00715,7.83388092589345,2.9183267667077324,0.0
19.32808,22.67892,43.89405,3204.77631,-0.22037,43.0216,7.8332175459823645,2.918079640236278,0.0
19.35944,22.70995,43.87563,3200.45514,-0.21913,43.03606,7.832377446516651,2.9177666810809524,0.0
19.39076,22.74095,43.85733,3196.13419,-0.21805,43.05054,7.831375259790814,2.9173933401564587,0.0
19.42202,22.77192,43.83913,3191.81359,-0.21711,43.06503,7.830225957351477,2.916965194757838,0.0
19.45324,22.80287,43.82104,3187.49345,-0.21634,43.07953,7.828944807338423,2.9164879326688906,0.0
19.48441,22.83379,43.80302,3183.17389,-0.21573,43.09405,7.827547331488119,2.915967336144849,0.0
19.51552,22.86468,43.78508,3178.855,-0.21528,43.10858,7.826049261959394,2.9154092658288175,0.0
19.54659,22.89555,43.76719,3174.53688,-0.215,43.12312,7.824466498120876,2.9148196446539467,0.0
19.57761,22.92639,43.74934,3170.21962,-0.2149,43.13767,7.822815063428946,2.9142044417793405,0.0
19.60858,22.9572,43.73151,3165.90329,-0.21497,43.15224,7.821111062539193,2.9135696566129465,0.0
19.6395,22.98798,43.7137,3161.58796,-0.21521,43.16682,7.819370638752646,2.9129213029591514,0.0
19.67037,23.01873,43.69588,3157.2737,-0.21562,43.18141,7.817609931952704,2.912265393349189,0.0
19.70119,23.04946,43.67805,3152.96055,-0.21622,43.19602,7.8158450371041335,2.911607923580918,0.0
19.73196,23.08016,43.66018,3148.64855,-0.21699,43.21064,7.814091963447183,2.91095485751756,0.0
19.76268,23.11083,43.64227,3144.33775,-0.21793,43.22527,7.812366594467934,2.9103121121756,0.0
19.79335,23.14147,43.6243,3140.02816,-0.21905,43.23991,7.810684648746464,2.9096855431396964,0.0
19.82398,23.17209,43.60625,3135.7198,-0.22034,43.25456,7.80906164175786,2.909080930332558,0.0
19.85455,23.20268,43.58811,3131.41268,-0.22181,43.26923,7.8075128487029275,2.908503964168397,0.0
19.88507,23.23324,43.56988,3127.1068,-0.22345,43.28391,7.806053268443557,2.907960232117914,0.0
19.91555,23.26377,43.55152,3122.80214,-0.22526,43.29861,7.804697588594936,2.90745520570422,0.0
19.94598,23.29428,43.53304,3118.49868,-0.22723,43.31331,7.8034601518398174,2.906994227954017,0.0
19.97635,23.32475,43.51442,3114.1964,-0.22936,43.32803,7.802354923498292,2.9065825013164917,0.0
20.00668,23.3552,43.49564,3109.89526,-0.23165,43.34276,7.801395460421665,2.9062250760754544,0.0
20.03696,23.38562,43.47669,3105.59521,-0.2341,43.3575,7.80059488121355,2.905926839255925,0.0
20.06719,23.41602,43.45757,3101.29621,-0.2367,43.37225,7.799965837836126,2.9056925040467076,0.0
20.09737,23.44638,43.43825,3096.99818,-0.23944,43.38702,7.799520488609203,2.905526599741835,0.0
20.1275,23.47672,43.41874,3092.70106,-0.24233,43.4018,7.79927047264174,2.905433462215639,0.0
20.15758,23.50703,43.39901,3088.40477,-0.24535,43.41659,7.799226885688468,2.9054172249287036,0.0
20.18761,23.53731,43.37906,3084.10923,-0.2485,43.43139,7.799400257466101,2.9054818104775575,0.0
20.2176,23.56757,43.35888,3079.81435,-0.25177,43.4462,7.799800530428916,2.905630922688022,0.0
20.24753,23.59779,43.33846,3075.52002,-0.25516,43.46103,7.800437040010433,2.9058680392547123,0.0
20.27742,23.62799,43.31778,3071.22614,-0.25866,43.47587,7.80131849633278,2.9061964049272975,0.0
20.30725,23.65816,43.29686,3066.9326,-0.26227,43.49072,7.802452967391792,2.90661902524651,0.0
20.33704,23.6883,43.27567,3062.63929,-0.26597,43.50558,7.803847863713944,2.9071386608284424,0.0
20.36678,23.71842,43.2542,3058.34607,-0.26976,43.52045,7.805509924483819,2.907757822196672,0.0
20.39647,23.7485,43.23247,3054.05281,-0.27364,43.53533,7.807445205134881,2.908478765159491,0.0
20.42611,23.77856,43.21045,3049.7594,-0.27759,43.55023,7.809659066409006,2.9093034867342986,0.0
20.4557,23.80859,43.18814,3045.46567,-0.2816,43.56513,7.812156164880421,2.910233721617516,0.0
20.48524,23.83859,43.16554,3041.1715,-0.28568,43.58005,7.814940444922528,2.911270939192018,0.0
20.51474,23.86856,43.14265,3036.87673,-0.2898,43.59498,7.818015132142912,2.9124163410815,0.0
20.54418,23.89851,43.11946,3032.58121,-0.29397,43.60992,7.82138272825821,2.913670859241235,0.0
20.57358,23.92842,43.09597,3028.2848,-0.29817,43.62487,7.8250450074175815,2.9150351545884647,0.0
20.60293,23.95831,43.07218,3023.98732,-0.3024,43.63983,7.829003013966824,2.9165096161694777,0.0
20.63223,23.98817,43.04809,3019.68862,-0.30664,43.65481,7.833257061660961,2.918094360866275,0.0
20.66148,24.018,43.0237,3015.38854,-0.3109,43.66979,7.837806734308463,2.9197892336365614,0.0
20.69068,24.0478,42.999,3011.08692,-0.31515,43.68479,7.842650887855234,2.921593808290084,0.0
20.71983,24.07758,42.97401,3006.78359,-0.31939,43.69979,7.847787653914314,2.9235073888035408,0.0
20.74893,24.10732,42.94872,3002.47838,-0.32362,43.71481,7.8532144447309475,2.9255290111701964,0.0
20.77799,24.13704,42.92313,2998.17112,-0.32783,43.72983,7.858927959585988,2.927657445785323,0.0
20.80699,24.16672,42.89726,2993.86166,-0.332,43.74487,7.864924192646403,2.9298912003707143,0.0
20.83595,24.19638,42.87109,2989.54983,-0.33612,43.75992,7.8711984422537205,2.932228523434883,0.0
20.86485,24.22601,42.84465,2985.23545,-0.3402,43.77498,7.877745321661265,2.9346674082729574,0.0
20.89371,24.25561,42.81792,2980.91837,-0.34422,43.79004,7.884558771212553,2.9372055975034597,0.0
20.92252,24.28519,42.79092,2976.59842,-0.34818,43.80512,7.89163207196835,2.939840588144738,0.0
20.95128,24.31473,42.76366,2972.27544,-0.35206,43.82021,7.8989578607720565,2.9425696372272223,0.0
20.97999,24.34424,42.73613,2967.94927,-0.35586,43.83531,7.906528146768959,2.945389767947282,0.0
21.00866,24.37373,42.70836,2963.61976,-0.35957,43.85041,7.914334329346193,2.9482977763503255,0.0
21.03727,24.40318,42.68034,2959.28676,-0.36319,43.86553,7.922367217517463,2.951290238552132,0.0
21.06583,24.43261,42.65209,2954.95011,-0.36671,43.88066,7.93061705073032,2.954363518490097,0.0
21.09435,24.46201,42.62361,2950.60968,-0.37012,43.89579,7.939073521074142,2.9575137761962966,0.0
21.12282,24.49138,42.59491,2946.26531,-0.37341,43.91094,7.947725796903749,2.9607369765979037,0.0
21.15123,24.52071,42.56601,2941.91688,-0.37658,43.92609,7.956562547818573,2.9640288988225856,0.0
21.1796,24.55002,42.5369,2937.56425,-0.37963,43.94125,7.965571971020721,2.967385146017577,0.0
21.20792,24.5793,42.50762,2933.2073,-0.38255,43.95643,7.974741818985984,2.970801155657858,0.0
21.23619,24.60855,42.47816,2928.84591,-0.38533,43.97161,7.984059428442678,2.974272210341536,0.0
21.26441,24.63777,42.44853,2924.47996,-0.38797,43.9868,7.993511750603263,2.977793449051918,0.0
21.29258,24.66696,42.41875,2920.10935,-0.39047,44.002,8.003085382629086,2.9813598788789557,0.0
21.32071,24.69612,42.38883,2915.73397,-0.39281,44.0172,8.012766600240894,2.9849663871675207,0.0
21.34878,24.72525,42.35879,2911.35373,-0.39501,44.03242,8.022541391471368,2.9886077540911082,0.0
21.3768,24.75435,42.32862,2906.96855,-0.39705,44.04764,8.032395491463857,2.992278665615286,0.0
21.40478,24.78342,42.29836,2902.57834,-0.39893,44.06288,8.042314418256929,2.9959737268283755,0.0
21.4327,24.81246,42.268,2898.18303,-0.40065,44.07812,8.05228350948763,2.999687475614389,0.0
21.46058,24.84147,42.23756,2893.78255,-0.40221,44.09336,8.06228795993742,3.003414396639869,0.0
21.48841,24.87044,42.20706,2889.37686,-0.4036,44.10862,8.072312859826848,3.007148935619672,0.0
21.51618,24.89939,42.17651,2884.9659,-0.40484,44.12388,8.082343233758923,3.010885513824392,0.0
21.54391,24.92831,42.14592,2880.54962,-0.40591,44.13916,8.092364080232919,3.0146185428002945,0.0
21.57159,24.9572,42.11529,2876.128,-0.40681,44.15443,8.102360411609427,3.018342439257352,0.0
21.59922,24.98605,42.08466,2871.70102,-0.40755,44.16972,8.112317294419418,3.022051640085427,0.0
21.62679,25.01487,42.05402,2867.26866,-0.40813,44.18501,8.122219889886189,3.025740617449767,0.0
21.65432,25.04367,42.02339,2862.83091,-0.40854,44.20031,8.13205349457507,3.029403893934086,0.0
21.6818,25.07243,41.99278,2858.38777,-0.4088,44.21562,8.141803580996202,3.0330360576661715,0.0
21.70923,25.10116,41.96221,2853.93925,-0.4089,44.23094,8.151455838074668,3.0366317773940694,0.0
21.73661,25.12986,41.93169,2849.48538,-0.40884,44.24626,8.160996211318256,3.040185817449633,0.0
21.76394,25.15853,41.90122,2845.02618,-0.40863,44.26158,8.17041094256335,3.043693052554918,0.0
21.79122,25.18717,41.87082,2840.56169,-0.40827,44.27692,8.179686609162184,3.047148482420461,0.0
21.81845,25.21577,41.8405,2836.09195,-0.40777,44.29226,8.188810162453956,3.0505472460767806,0.0
21.84563,25.24435,41.81027,2831.617,-0.40712,44.30761,8.197768965390855,3.0538846358910674,0.0
21.87276,25.27289,41.78014,2827.13693,-0.40635,44.32296,8.206550829181893,3.0571561112179713,0.0
21.89984,25.3014,41.75012,2822.65178,-0.40544,44.33832,8.2151440487849,3.060357311621307,0.0
21.92688,25.32988,41.72022,2818.16164,-0.4044,44.35368,8.22353743714684,3.0634840696294687,0.0
21.95386,25.35832,41.69045,2813.6666,-0.40325,44.36905,8.231720358026937,3.066532422962911,0.0
21.98079,25.38674,41.66082,2809.16673,-0.40198,44.38443,8.239682757273734,3.0694986261856756,0.0
22.00767,25.41512,41.63133,2804.66215,-0.40061,44.39981,8.247415192440673,3.072379161737975,0.0
22.0345,25.44347,41.60199,2800.15295,-0.39914,44.4152,8.254908860608147,3.075170750300635,0.0
22.06128,25.47178,41.57281,2795.63925,-0.39757,44.43059,8.262155624286647,3.0778703604447033,0.0
22.08801,25.50007,41.5438,2791.12116,-0.39592,44.44599,8.26914803530106,3.0804752175289787,0.0
22.11469,25.52832,41.51495,2786.59881,-0.39419,44.46139,8.275879356556523,3.082982811808361,0.0
22.14132,25.55654,41.48628,2782.07233,-0.39239,44.4768,8.282343581588828,3.0853909057168907,0.0
22.1679,25.58473,41.4578,2777.54184,-0.39053,44.49221,8.288535451795818,3.087697540286906,0.0
22.19443,25.61288,41.42949,2773.0075,-0.38862,44.50763,8.294450471315008,3.089901040691334,0.0
22.22091,25.641,41.40137,2768.46944,-0.38666,44.52305,8.300084919442853,3.0920000208702083,0.0
22.24734,25.66909,41.37344,2763.9278,-0.38466,44.53848,8.305435860566824,3.0939933872306224,0.0
22.27371,25.69715,41.34571,2759.38275,-0.38264,44.55391,8.310501151561507,3.0958803414019687,0.0
22.30004,25.72517,41.31816,2754.83443,-0.38059,44.56935,8.315279446606246,3.097660382030643,0.0
22.32632,25.75316,41.29081,2750.283,-0.37854,44.58479,8.319770199430938,3.0993333056166588,0.0
22.35255,25.78111,41.26365,2745.72862,-0.37648,44.60023,8.323973662963214,3.1008992063822136,0.0
22.37873,25.80903,41.23668,2741.17145,-0.37443,44.61568,8.327890886378023,3.1023584751725815,0.0
22.40485,25.83692,41.20991,2736.61165,-0.37239,44.63113,8.331523709589916,3.1037117974043427,0.0
22.43093,25.86478,41.18332,2732.0494,-0.37038,44.64659,8.334874755190262,3.1049601500617876,0.0
22.45696,25.8926,41.15693,2727.48484,-0.36841,44.66205,8.337947417893607,3.1061047977654055,0.0
22.48293,25.92039,41.13071,2722.91814,-0.36647,44.67751,8.340745851516921,3.1071472879213107,0.0
22.50886,25.94814,41.10468,2718.34947,-0.36459,44.69298,8.343274953587748,3.1080894449873733,0.0
22.53473,25.97586,41.07882,2713.77899,-0.36276,44.70845,8.345540347625462,3.1089333638725263,0.0
22.56056,26.00355,41.05313,2709.20687,-0.361,44.72392,8.34754836318423,3.1096814025022366,0.0
22.58633,26.0312,41.02761,2704.63326,-0.35932,44.7394,8.349306013765663,3.1103361735903894,0.0
22.61206,26.05882,41.00224,2700.05831,-0.35772,44.75488,8.35082097267963,3.110900535646811,0.0
22.63773,26.08641,40.97703,2695.4822,-0.35621,44.77037,8.352101546970989,3.11137758326428,0.0
22.66336,26.11396,40.95197,2690.90506,-0.3548,44.78586,8.353156649525651,3.1117706367273104,0.0
22.68893,26.14147,40.92704,2686.32705,-0.3535,44.80135,8.353995769476402,3.11208323098754,0.0
22.71445,26.16896,40.90224,2681.74831,-0.35231,44.81684,8.354628941039435,3.112319104054516,0.0
22.73992,26.1964,40.87757,2677.16898,-0.35123,44.83234,8.355066710898175,3.1124821848453155,0.0
22.76535,26.22382,40.853,2672.58921,-0.35029,44.84784,8.355320104282344,3.1125765805480987,0.0
22.79072,26.2512,40.82855,2668.00912,-0.34947,44.86334,8.355400589873451,3.1126065635484896,0.0
22.81604,26.27854,40.80418,2663.42884,-0.34879,44.87885,8.355320043677983,3.11257655797138,0.0
22.84131,26.30586,40.7799,2658.8485,-0.34826,44.89436,8.355090712000193,3.1124911258873236,0.0
22.86654,26.33313,40.75569,2654.26821,-0.34787,44.90987,8.354725173668886,3.112354953241019,0.0
22.89171,26.36038,40.73155,2649.68807,-0.34763,44.92539,8.354236301636293,3.112172835545881,0.0
22.91683,26.38758,40.70746,2645.10821,-0.34755,44.9409,8.353637224118126,3.1119496634076858,0.0
22.9419,26.41476,40.68341,2640.5287,-0.34763,44.95642,8.352941285375207,3.1116904079146983,0.0
22.96692,26.4419,40.6594,2635.94965,-0.34787,44.97194,8.352162006293137,3.1114001059525602,0.0
22.99189,26.469,40.6354,2631.37114,-0.34828,44.98747,8.351313044894116,3.1110838454939063,0.0
23.01681,26.49607,40.61141,2626.79324,-0.34885,45.00299,8.3504081568863,3.1107467509019586,0.0
23.04168,26.5231,40.58741,2622.21603,-0.34959,45.01852,8.349461156393883,3.110393968301451,0.0
23.0665,26.5501,40.56341,2617.63956,-0.35051,45.03406,8.34848587697508,3.1100306510568,0.0
23.09127,26.57707,40.53937,2613.06391,-0.3516,45.04959,8.34749613303819,3.1096619453985785,0.0
23.116,26.604,40.5153,2608.4891,-0.35286,45.06512,8.346505681773618,3.1092929762421844,0.0
23.14067,26.63089,40.49117,2603.91519,-0.35429,45.08066,8.345528185696033,3.1089288332338136,0.0
23.16529,26.65775,40.46699,2599.34221,-0.3559,45.0962,8.344577175888137,3.108574557057799,0.0
23.18986,26.68458,40.44273,2594.77017,-0.35768,45.11174,8.343666016061142,3.1082351260481857,0.0
23.21438,26.71137,40.41839,2590.19911,-0.35963,45.12729,8.342807867465355,3.107915443117007,0.0
23.23885,26.73813,40.39395,2585.62902,-0.36175,45.14283,8.342015654791814,3.107620323051743,0.0
23.26327,26.76485,40.36941,2581.05992,-0.36404,45.15838,8.341302033092829,3.107354480192353,0.0
23.28764,26.79153,40.34475,2576.49179,-0.3665,45.17393,8.340679355795917,3.1071225165156284,0.0
23.31197,26.81818,40.31996,2571.92463,-0.36911,45.18948,8.34015964388161,3.106928910153105,0.0
23.33624,26.8448,40.29504,2567.35841,-0.37188,45.20504,8.339754556279058,3.106778004362659,0.0
23.36046,26.87138,40.26997,2562.79311,-0.37481,45.22059,8.339475361522682,3.1066739969698522,0.0
23.38464,26.89792,40.24474,2558.22869,-0.37789,45.23615,8.339332910709018,3.1066209302936563,0.0
23.40876,26.92443,40.21935,2553.6651,-0.38112,45.2517,8.33933761180931,3.1066226815772082,0.0
23.43283,26.95091,40.19378,2549.10232,-0.38449,45.26726,8.339499405356054,3.1066829539304153,0.0
23.45686,26.97735,40.16803,2544.54026,-0.38799,45.28282,8.339827741550854,3.106805267802023,0.0
23.48083,27.00375,40.14209,2539.97889,-0.39163,45.29839,8.340331558800994,3.10699295298393,0.0
23.50476,27.03012,40.11594,2535.41812,-0.39539,45.31395,8.34101926371893,3.107249141160466,0.0
23.52863,27.05645,40.08959,2530.85788,-0.39927,45.32951,8.34189871260462,3.107576759010079,0.0
23.55246,27.08275,40.06303,2526.2981,-0.40326,45.34508,8.34297719441433,3.10797852186076,0.0
23.57624,27.10901,40.03625,2521.73868,-0.40736,45.36065,8.344261415242151,3.1084569279090064,0.0
23.59997,27.13524,40.00924,2517.17955,-0.41156,45.37621,8.34575748432379,3.109014253005864,0.0
23.62364,27.16143,39.98201,2512.62059,-0.41585,45.39178,8.347470901552423,3.109652546006251,0.0
23.64727,27.18758,39.95453,2508.06172,-0.42022,45.40735,8.349406546539596,3.110373624693857,0.0
23.67085,27.2137,39.92682,2503.50282,-0.42467,45.42292,8.351568669196704,3.1111790722725003,0.0
23.69438,27.23978,39.89887,2498.94379,-0.42919,45.4385,8.35396088186677,3.1120702344350044,0.0
23.71786,27.26583,39.87066,2494.38451,-0.43377,45.45407,8.356586152977428,3.113048216998764,0.0
23.7413,27.29184,39.84221,2489.82487,-0.4384,45.46964,8.35944680224455,3.114113884118979,0.0
23.76468,27.31782,39.81351,2485.26476,-0.44308,45.48522,8.36254449740774,3.1152678570725323,0.0
23.78801,27.34376,39.78456,2480.70403,-0.44779,45.50079,8.365880252484496,3.116510513607622,0.0
23.8113,27.36966,39.75535,2476.14258,-0.45254,45.51636,8.369454427564467,3.1178419878671177,0.0
23.83453,27.39553,39.72589,2471.58027,-0.4573,45.53194,8.373266730119203,3.1192621708764743,0.0
23.85772,27.42136,39.69617,2467.01698,-0.46207,45.54751,8.377316217837244,3.1207707115998784,0.0
23.88085,27.44716,39.6662,2462.45257,-0.46685,45.56309,8.38160130294763,3.122367018550872,0.0
23.90394,27.47292,39.63598,2457.88692,-0.47162,45.57866,8.38611975806834,3.1240502619710457,0.0
23.92698,27.49864,39.60551,2453.31989,-0.47638,45.59424,8.390868723523482,3.1258193765558886,0.0
23.94997,27.52433,39.57479,2448.75135,-0.48112,45.60982,8.39584471616239,3.127673064740127,0.0
23.97291,27.54998,39.54382,2444.18116,-0.48583,45.62539,8.401043639629904,3.129609800523686,0.0
23.9958,27.57559,39.51261,2439.6092,-0.4905,45.64097,8.406460796106188,3.1316278338450667,0.0
24.01864,27.60117,39.48117,2435.03534,-0.49512,45.65654,8.412090899475261,3.1337251954869814,0.0
24.04143,27.62671,39.44949,2430.45944,-0.49969,45.67211,8.417928089925073,3.1358997025152604,0.0
24.06418,27.65222,39.41758,2425.88137,-0.5042,45.68769,8.423965949951803,3.1381489642408757,0.0
24.08687,27.67769,39.38545,2421.30102,-0.50864,45.70326,8.43019752174791,3.1404703886974477,0.0
24.10952,27.70312,39.3531,2416.71825,-0.51301,45.71883,8.436615325943583,3.1428611896229266,0.0
24.13211,27.72851,39.32053,2412.13295,-0.51729,45.73441,8.443211381694102,3.1453183939426665,0.0
24.15466,27.75387,39.28777,2407.54498,-0.52149,45.74998,8.449977228055484,3.1478388497324135,0.0
24.17716,27.77919,39.2548,2402.95425,-0.52558,45.76555,8.456903946649328,3.1504192346615554,0.0
24.19961,27.80447,39.22164,2398.36063,-0.52958,45.78112,8.463982185545847,3.153056064890183,0.0
24.22201,27.82972,39.1883,2393.76403,-0.53347,45.79668,8.471202184351291,3.1557457044148127,0.0
24.24436,27.85492,39.15478,2389.16432,-0.53725,45.81225,8.478553800441786,3.158484374841182,0.0
24.26666,27.8801,39.1211,2384.56142,-0.54091,45.82781,8.486026536306642,3.161268165570356,0.0
24.28891,27.90523,39.08725,2379.95522,-0.54445,45.84338,8.493609567931053,3.1640930443720183,0.0
24.31112,27.93033,39.05325,2375.34565,-0.54786,45.85894,8.501291774183409,3.1669548683320334,0.0
24.33327,27.95538,39.01912,2370.73261,-0.55114,45.8745,8.50906176713456,3.1698493951471547,0.0
24.35537,27.98041,38.98484,2366.11602,-0.55428,45.89005,8.51690792323127,3.1727722947379724,0.0
24.37743,28.00539,38.95045,2361.49581,-0.55729,45.90561,8.524818415284173,3.17571916116525,0.0
24.39944,28.03033,38.91594,2356.87191,-0.56016,45.92116,8.532781245166191,3.1786855248109656,0.0
24.42139,28.05524,38.88133,2352.24427,-0.56288,45.93672,8.540784277148262,3.1816668647967314,0.0
24.4433,28.08011,38.84662,2347.61281,-0.56546,45.95226,8.548815271800416,3.184658621612846,0.0
24.46516,28.10494,38.81183,2342.97751,-0.56789,45.96781,8.556861920355331,3.1876562099196173,0.0
24.48697,28.12974,38.77696,2338.3383,-0.57018,45.98336,8.564911879448243,3.190655031488898,0.0
24.50873,28.15449,38.74202,2333.69517,-0.57232,45.9989,8.572952806123865,3.193650488245081,0.0
24.53044,28.17921,38.70703,2329.04807,-0.57431,46.01444,8.580972393038726,3.1966379953788984,0.0
24.5521,28.20389,38.67199,2324.39699,-0.57615,46.02997,8.588958403708402,3.199612994477939,0.0
24.57372,28.22853,38.63691,2319.74191,-0.57785,46.0455,8.596898707729322,3.2025709666477047,0.0
24.59528,28.25313,38.60181,2315.08282,-0.5794,46.06103,8.604781315860885,3.2055074455806136,0.0
24.61679,28.27769,38.56668,2310.41972,-0.58081,46.07656,8.612594414822,3.208418030518636,0.0
24.63826,28.30221,38.53155,2305.75262,-0.58207,46.09208,8.620326401728938,3.211298399082289,0.0
24.65967,28.3267,38.49641,2301.08153,-0.5832,46.1076,8.627965918035745,3.2141443199143462,0.0
24.68104,28.35114,38.46128,2296.40647,-0.58419,46.12312,8.635501882851724,3.2169516650914662,0.0
24.70236,28.37555,38.42617,2291.72747,-0.58504,46.13863,8.642923525550309,3.2197164222718615,0.0
24.72362,28.39992,38.39109,2287.04456,-0.58577,46.15414,8.650220417510488,3.2224347065198096,0.0
24.74484,28.42425,38.35603,2282.35777,-0.58637,46.16964,8.657382502906318,3.2251027717755654,0.0
24.76601,28.44854,38.32102,2277.66717,-0.58686,46.18514,8.664400128427085,3.2277170219268907,0.0
24.78713,28.47279,38.28605,2272.97279,-0.58722,46.20064,8.671264071800973,3.2302740214348837,0.0
24.8082,28.497,38.25113,2268.27471,-0.58748,46.21613,8.677965569016033,3.232770505474497,0.0
24.82922,28.52117,38.21628,2263.57298,-0.58763,46.23162,8.684496340153606,3.2352033895581735,0.0
24.85019,28.5453,38.18149,2258.86768,-0.58769,46.2471,8.690848613706814,3.23756977859512,0.0
24.87111,28.56939,38.14677,2254.15888,-0.58765,46.26258,8.697015149313891,3.2398669753600733,0.0
24.89198,28.59344,38.11213,2249.44667,-0.58753,46.27805,8.702989258787191,3.2420924883271574,0.0
24.91281,28.61745,38.07758,2244.73115,-0.58733,46.29352,8.708764825379351,3.24424403884704,0.0
24.93358,28.64142,38.0431,2240.01239,-0.58706,46.30898,8.714336321203447,3.2463195676363936,0.0
24.9543,28.66535,38.00872,2235.2905,-0.58673,46.32444,8.71969882272491,3.248317240549045,0.0
24.97498,28.68924,37.97444,2230.56559,-0.58634,46.3399,8.7248480242841,3.2502354536134908,0.0
24.9956,28.71309,37.94025,2225.83775,-0.5859,46.35535,8.729780249570913,3.252072837307486,0.0
25.01618,28.7369,37.90615,2221.10711,-0.58542,46.37079,8.734492461036323,3.253828260064097,0.0
25.0367,28.76067,37.87216,2216.37377,-0.58491,46.38623,8.738982267174874,3.255500830984617,0.0
25.05718,28.7844,37.83828,2211.63785,-0.58438,46.40166,8.7432479276726,3.2570899017563013,0.0
25.0776,28.80809,37.80449,2206.89948,-0.58384,46.41709,8.74728835639277,3.258595067764644,0.0
25.09798,28.83174,37.77081,2202.15877,-0.58328,46.43251,8.751103122191571,3.2600161683972257,0.0
25.11831,28.85534,37.73724,2197.41586,-0.58273,46.44792,8.754692447576108,3.261353286543801,0.0
25.13859,28.87891,37.70377,2192.67086,-0.58219,46.46333,8.758057205190877,3.262606747287403,0.0
25.15882,28.90243,37.6704,2187.92392,-0.58167,46.47874,8.761198912187687,3.2637771158070006,0.0
25.17899,28.92592,37.63713,2183.17515,-0.58118,46.49413,8.764119722472769,3.2648651944893374,0.0
25.19912,28.94936,37.60396,2178.4247,-0.58073,46.50952,8.766822416893836,3.2658720192733552,0.0
25.21921,28.97276,37.57089,2173.67268,-0.58032,46.52491,8.769310391412844,3.2667988552442355,0.0
25.23924,28.99612,37.53792,2168.91924,-0.57996,46.54029,8.771587643299812,3.2676471914902336,0.0
25.25922,29.01944,37.50503,2164.1645,-0.57967,46.55566,8.77365875544385,3.268418735258129,0.0
25.27915,29.04272,37.47223,2159.4086,-0.57944,46.57103,8.775528878813494,3.269115405419228,0.0
25.29903,29.06596,37.43952,2154.65166,-0.57929,46.58639,8.777203713190078,3.2697393252920497,0.0
25.31887,29.08915,37.40688,2149.89382,-0.57923,46.60174,8.778689486214647,3.2702928148367425,0.0
25.33865,29.11231,37.37431,2145.13519,-0.57926,46.61709,8.779992930874442,3.27077838226821,0.0
25.35838,29.13542,37.34181,2140.3759,-0.5794,46.63243,8.781121261498491,3.271198715113833,0.0
25.37807,29.15849,37.30938,2135.61608,-0.57964,46.64776,8.782082148387925,3.2715566707626027,0.0
25.39771,29.18152,37.277,2130.85585,-0.57999,46.66308,8.782883691167036,3.271855266537682,0.0
25.41729,29.20451,37.24467,2126.09532,-0.58046,46.6784,8.783534390969761,3.2720976693351385,0.0
25.43683,29.22745,37.21238,2121.3346,-0.58107,46.69372,8.784043121583132,3.272287184874127,0.0
25.45632,29.25035,37.18012,2116.5738,-0.5818,46.70902,8.78441909964124,3.272427246593352,0.0
25.47576,29.27322,37.1479,2111.81304,-0.58267,46.72432,8.784671854007007,3.2725214042449666,0.0
25.49515,29.29604,37.11569,2107.05241,-0.58369,46.73961,8.784811194448253,3.2725733122255987,0.0
25.51449,29.31881,37.0835,2102.29201,-0.58486,46.75489,8.784847179713225,3.2725867176836294,0.0
25.53378,29.34155,37.05131,2097.53193,-0.58617,46.77017,8.78479008514448,3.272565448454524,0.0
25.55302,29.36424,37.01912,2092.77226,-0.58765,46.78544,8.784650369936095,3.2725134008632715,0.0
25.57222,29.38689,36.98692,2088.01309,-0.58928,46.8007,8.784438644140641,3.272434527433625,0.0
25.59136,29.4095,36.9547,2083.25449,-0.59108,46.81596,8.784165635553974,3.2723328245518033,0.0
25.61046,29.43207,36.92244,2078.49654,-0.59304,46.8312,8.783842156565765,3.272212320117451,0.0
25.6295,29.45459,36.89015,2073.7393,-0.59517,46.84644,8.783479071121917,3.2720770612362644,0.0
25.6485,29.47708,36.85782,2068.98284,-0.59748,46.86168,8.783087261855163,3.271931101975276,0.0
25.66745,29.49952,36.82543,2064.22721,-0.59995,46.8769,8.782677597513322,3.271778491229023,0.0
25.68635,29.52191,36.79297,2059.47247,-0.6026,46.89212,8.782260900787783,3.271623260734809,0.0
25.7052,29.54427,36.76045,2054.71865,-0.60542,46.90733,8.781847916608768,3.2714694132618596,0.0
25.724,29.56658,36.72784,2049.9658,-0.60841,46.92253,8.781449281023304,3.2713209110175394,0.0
25.74276,29.58885,36.69514,2045.21395,-0.61158,46.93772,8.781075490720388,3.271181664294688,0.0
25.76146,29.61108,36.66234,2040.46313,-0.61492,46.95291,8.780736873299485,3.2710555203958416,0.0
25.78012,29.63326,36.62944,2035.71336,-0.61843,46.96808,8.780443558337542,3.2709462528549365,0.0
25.79872,29.65541,36.59642,2030.96465,-0.6221,46.98325,8.780205449353906,3.270857550993507,0.0
25.81728,29.67751,36.56328,2026.21702,-0.62595,46.99842,8.780032196708223,3.2707930098244393,0.0
25.83579,29.69956,36.53001,2021.47046,-0.62996,47.01357,8.779933171507304,3.270756120331587,0.0
25.85425,29.72158,36.49661,2016.72498,-0.63413,47.02872,8.77991744058818,3.270750260150308,0.0
25.87267,29.74355,36.46305,2011.98056,-0.63847,47.04385,8.77999374260425,3.270778684658921,0.0
25.89103,29.76548,36.42934,2007.2372,-0.64295,47.05898,8.780170465291887,3.2708445185099198,0.0
25.90935,29.78736,36.39548,2002.49486,-0.64759,47.0741,8.780455623923917,3.2709507476033255,0.0
25.92761,29.80921,36.36144,1997.75354,-0.65237,47.08922,8.780856841032445,3.27110021153291,0.0
25.94583,29.831,36.32724,1993.01319,-0.6573,47.10432,8.7813813273971,3.2712955965038106,0.0
25.964,29.85276,36.29285,1988.27379,-0.66236,47.11942,8.782035864355354,3.2715394287426633,0.0
25.98213,29.87448,36.25828,1983.53528,-0.66755,47.13451,8.782826787448935,3.2718340684054614,0.0
26.0002,29.89615,36.22352,1978.79763,-0.67287,47.14958,8.783759971438085,3.272181703994969,0.0
26.01823,29.91777,36.18857,1974.06079,-0.67831,47.16466,8.78484081669257,3.272584347291015,0.0
26.03621,29.93936,36.15341,1969.3247,-0.68386,47.17972,8.786074236993462,3.2730438288063386,0.0
26.05414,29.9609,36.11805,1964.58931,-0.68951,47.19477,8.787464648745859,3.273561793768041,0.0
26.07202,29.9824,36.08248,1959.85454,-0.69527,47.20982,8.789015961610769,3.2741396986277183,0.0
26.08985,30.00385,36.0467,1955.12034,-0.70112,47.22485,8.790731570586274,3.2747788081114826,0.0
26.10763,30.02526,36.01071,1950.38663,-0.70705,47.23988,8.792614349506083,3.275480192798007,0.0
26.12537,30.04663,35.9745,1945.65335,-0.71307,47.2549,8.794666646006934,3.2762447272437445,0.0
26.14306,30.06795,35.93807,1940.92041,-0.71915,47.26991,8.796890277908425,3.2770730886343267,0.0
26.1607,30.08923,35.90142,1936.18773,-0.7253,47.28491,8.799286531062126,3.2779657559832946,0.0
26.1783,30.11047,35.86454,1931.45524,-0.7315,47.2999,8.801856158610189,3.2789230098559186,0.0
26.19584,30.13167,35.82744,1926.72285,-0.73775,47.31488,8.80459938169074,3.2799449326319676,0.0
26.21334,30.15282,35.79012,1921.99048,-0.74404,47.32985,8.80751589155217,3.2810314092933424,0.0
26.23079,30.17392,35.75257,1917.25803,-0.75036,47.34482,8.810604853086218,3.282182128740245,0.0
26.24819,30.19499,35.71479,1912.52542,-0.75671,47.35977,8.813864909747538,3.28339658562384,0.0
26.26554,30.216,35.67679,1907.79256,-0.76307,47.37472,8.81729418984799,3.2846740826910477,0.0
26.28285,30.23698,35.63857,1903.05936,-0.76944,47.38965,8.82089031423574,3.286013733645212,0.0
26.30011,30.25791,35.60013,1898.32573,-0.77582,47.40458,8.824650405287,3.2874144664957567,0.0
26.31732,30.2788,35.56146,1893.59157,-0.78218,47.41949,8.828571097234086,3.288875027405659,0.0
26.33448,30.29964,35.52258,1888.85679,-0.78853,47.4344,8.832648547790168,3.290393985021981,0.0
26.35159,30.32044,35.48348,1884.12131,-0.79486,47.4493,8.836878451028674,3.291969735273777,0.0
26.36866,30.3412,35.44416,1879.38503,-0.80117,47.46418,8.841256051511214,3.2936005066351237,0.0
26.38568,30.36191,35.40464,1874.64787,-0.80743,47.47906,8.84577615961211,3.2952843658339095,0.0
26.40265,30.38257,35.36491,1869.90973,-0.81365,47.49393,8.850433168026713,3.2970192240016147,0.0
26.41957,30.4032,35.32498,1865.17053,-0.81983,47.50878,8.855221069392131,3.2988028432375,0.0
26.43645,30.42378,35.28485,1860.43019,-0.82595,47.52363,8.860133475017207,3.3006328435860115,0.0
26.45328,30.44431,35.24453,1855.68862,-0.832,47.53846,8.865163634649672,3.3025067104005705,0.0
26.47006,30.4648,35.20402,1850.94574,-0.83799,47.55329,8.87030445725651,3.3044218020848013,0.0
26.48679,30.48524,35.16332,1846.20148,-0.84391,47.56811,8.875548532738977,3.3063753581819495,0.0
26.50348,30.50564,35.12244,1841.45575,-0.84975,47.58291,8.88088815456345,3.308364507805472,0.0
26.52012,30.526,35.08139,1836.70849,-0.8555,47.5977,8.886315343223524,3.310386278379277,0.0
26.53671,30.54631,35.04018,1831.95963,-0.86117,47.61249,8.891821870495665,3.312437604673603,0.0
26.55325,30.56658,34.9988,1827.20911,-0.86674,47.62726,8.897399284408737,3.3145153381068138,0.0
26.56975,30.5868,34.95726,1822.45686,-0.87222,47.64202,8.903038934875914,3.3166162562939716,0.0
26.5862,30.60697,34.91557,1817.70283,-0.87759,47.65677,8.908731999911325,3.318737072813218,0.0
26.6026,30.6271,34.87374,1812.94696,-0.88287,47.67151,8.914469512364352,3.3208744471650093,0.0
26.61895,30.64719,34.83177,1808.1892,-0.88804,47.68624,8.920242387102487,3.3230249948984403,0.0
26.63526,30.66723,34.78967,1803.42951,-0.8931,47.70096,8.926041448545568,3.3251852978684777,0.0
26.65151,30.68723,34.74744,1798.66786,-0.89806,47.71566,8.93185745850236,3.327351914605815,0.0
26.66772,30.70718,34.7051,1793.9042,-0.9029,47.73036,8.937681144201637,3.329521390759188,0.0
26.68389,30.72708,34.66264,1789.13851,-0.90763,47.74504,8.943503226441788,3.331690269581848,0.0
26.7,30.74694,34.62008,1784.37075,-0.91225,47.75971,8.949314447783774,3.333855102434173,0.0
26.71607,30.76676,34.57741,1779.60092,-0.91675,47.77437,8.955105600677486,3.3360124592614846,0.0
26.73209,30.78653,34.53466,1774.829,-0.92115,47.78902,8.96086755545095,3.3381589390207536,0.0
26.74806,30.80625,34.49182,1770.05497,-0.92543,47.80365,8.96659128806887,3.3402911800213975,0.0
26.76399,30.82593,34.4489,1765.27884,-0.9296,47.81827,8.972267907558775,3.342405870142235,0.0
26.77987,30.84556,34.4059,1760.50059,-0.93366,47.83288,8.977888683020895,3.344499756893378,0.0
26.7957,30.86514,34.36284,1755.72025,-0.93762,47.84748,8.9834450701467,3.3465696572950847,0.0
26.81148,30.88468,34.31971,1750.93782,-0.94148,47.86207,8.988928737112735,3.3486124675238944,0.0
26.82722,30.90418,34.27653,1746.15332,-0.94523,47.87664,8.994331589812283,3.350625172312086,0.0
26.84291,30.92363,34.2333,1741.36677,-0.94888,47.89121,8.999645796294518,3.352604854051906,0.0
26.85855,30.94303,34.19002,1736.57819,-0.95245,47.90575,9.004863810346267,3.3545487015803954,0.0
26.87414,30.96238,34.1467,1731.78763,-0.95592,47.92029,9.009978394127202,3.356454018611592,0.0
26.88969,30.98169,34.10334,1726.99512,-0.95931,47.93481,9.014982639774113,3.358318231784694,0.0
26.90519,31.00095,34.05996,1722.20069,-0.96261,47.94932,9.019869989900318,3.3601388983006264,0.0
26.92064,31.02017,34.01655,1717.40441,-0.96585,47.96382,9.024634256908142,3.36191371311645,0.0
26.93605,31.03934,33.97311,1712.60631,-0.96901,47.97831,9.029269641057779,3.363640515676487,0.0
26.9514,31.05846,33.92966,1707.80646,-0.97211,47.99278,9.033770747206788,3.365317296148224,0.0
26.96671,31.07754,33.88619,1703.00492,-0.97516,48.00723,9.038132600168533,3.366942201143732,0.0
26.98198,31.09657,33.84271,1698.20175,-0.97815,48.02168,9.042350658648223,3.3685135389112144,0.0
26.99719,31.11555,33.79922,1693.39703,-0.9811,48.03611,9.046420827669197,3.3700297839641196,0.0
27.01236,31.13449,33.75573,1688.59082,-0.98401,48.05053,9.05033946947934,3.3714895811440697,0.0
27.02748,31.15338,33.71223,1683.78321,-0.9869,48.06493,9.054103412889651,3.372891749099722,0.0
27.04256,31.17222,33.66872,1678.97427,-0.98976,48.07932,9.057709960990813,3.374235283161396,0.0
27.05758,31.19102,33.62522,1674.16409,-0.99261,48.0937,9.061156897259087,3.37551935761568,0.0
27.07256,31.20976,33.58172,1669.35276,-0.99545,48.10806,9.064442489998536,3.3767433273602716,0.0
27.08749,31.22847,33.53822,1664.54036,-0.99829,48.12241,9.067565495133685,3.3779067289443265,0.0
27.10238,31.24712,33.49472,1659.72699,-1.00114,48.13675,9.070525157319201,3.3790092809818297,0.0
27.11722,31.26573,33.45122,1654.91274,-1.00402,48.15107,9.073321209404694,3.3800508839522343,0.0
27.13201,31.28429,33.40772,1650.09771,-1.00691,48.16537,9.075953870220829,3.3810316193757193,0.0
27.14675,31.3028,33.36423,1645.28201,-1.00985,48.17967,9.078423840745627,3.381951748385042,0.0
27.16145,31.32126,33.32073,1640.46572,-1.01282,48.19395,9.080732298635152,3.3828117096880725,0.0
27.1761,31.33968,33.27723,1635.64895,-1.01585,48.20821,9.08288089116882,3.3836121169397364,0.0
27.1907,31.35805,33.23373,1630.83181,-1.01894,48.22246,9.084871726645721,3.384353755536916,0.0
27.20525,31.37637,33.19023,1626.0144,-1.02209,48.2367,9.086707364257279,3.385037578845753,0.0
27.21976,31.39464,33.14672,1621.19682,-1.02532,48.25092,9.088390802503541,3.385664703886412,0.0
27.23422,31.41287,33.1032,1616.37918,-1.02863,48.26512,9.089925466195671,3.3862364064911623,0.0
27.24864,31.43105,33.05967,1611.56157,-1.03204,48.27931,9.091315192094552,3.3867541159543846,0.0
27.263,31.44918,33.01612,1606.74412,-1.03555,48.29349,9.092564213268627,3.3872194092054526,0.0
27.27732,31.46726,32.97255,1601.92691,-1.03916,48.30765,9.093677142230153,3.387634004526544,0.0
27.2916,31.4853,32.92896,1597.11005,-1.04289,48.3218,9.094658952912072,3.3879997548385528,0.0
27.30582,31.50328,32.88534,1592.29365,-1.04674,48.33594,9.095514961580541,3.3883186405905015,0.0
27.32,31.52122,32.84169,1587.47781,-1.05072,48.35005,9.096250806741688,3.38859276227428,0.0
27.33414,31.53911,32.79801,1582.66261,-1.05483,48.36416,9.096872428152277,3.388824332605568,0.0
27.34822,31.55696,32.75429,1577.84817,-1.05909,48.37825,9.097386044984736,3.389015668389731,0.0
27.36226,31.57475,32.71052,1573.03458,-1.06349,48.39232,9.09779813325606,3.389169182113494,0.0
27.37626,31.5925,32.6667,1568.22193,-1.06805,48.40638,9.09811540261925,3.3892873732991418,0.0
27.3902,31.6102,32.62282,1563.41031,-1.07277,48.42042,9.098344772566103,3.3893728196394304,0.0
27.4041,31.62785,32.57888,1558.59981,-1.07765,48.43445,9.098493348175774,3.3894281679632936,0.0
27.41795,31.64545,32.53488,1553.79051,-1.08271,48.44846,9.098568395469455,3.389456125054802,0.0
27.43176,31.663,32.4908,1548.9825,-1.08793,48.46246,9.098577316480581,3.3894594483661735,0.0
27.44552,31.68051,32.44665,1544.17586,-1.09334,48.47644,9.098527624109936,3.389440936650623,0.0
27.45923,31.69797,32.4024,1539.37067,-1.09892,48.49041,9.098426916879358,3.389403420557466,0.0
27.4729,31.71538,32.35807,1534.56699,-1.1047,48.50436,9.098282853647257,3.3893497532129766,0.0
27.48652,31.73274,32.31365,1529.7649,-1.11066,48.5183,9.098103128383967,3.3892828008235436,0.0
27.5001,31.75005,32.26912,1524.96447,-1.11681,48.53222,9.097895445096482,3.38920543333448,0.0
27.51362,31.76731,32.22448,1520.16574,-1.12315,48.54613,9.097667492960987,3.389120515166227,0.0
27.52711,31.78453,32.17972,1515.3688,-1.12969,48.56002,9.09742692177334,3.3890308960690194,0.0
27.54054,31.80169,32.13485,1510.57368,-1.13642,48.57389,9.097181317776238,3.3889394021178685,0.0
27.55393,31.81881,32.08984,1505.78044,-1.14335,48.58775,9.096938179921356,3.3888488268695824,0.0
27.56727,31.83588,32.0447,1500.98913,-1.15048,48.6016,9.096704896679315,3.3887619227238712,0.0
27.58057,31.8529,31.99943,1496.19978,-1.1578,48.61542,9.096488723419354,3.388681392496675,0.0
27.59382,31.86987,31.95401,1491.41245,-1.16532,48.62924,9.096296760456813,3.3886098812422785,0.0
27.60703,31.88679,31.90843,1486.62715,-1.17303,48.64303,9.09613593180182,3.3885499683366374,0.0
27.62019,31.90367,31.8627,1481.84393,-1.18094,48.65682,9.096012964691676,3.388504159852649,0.0
27.6333,31.92049,31.81681,1477.0628,-1.18904,48.67058,9.095934369941546,3.3884748812402736,0.0
27.64637,31.93727,31.77075,1472.2838,-1.19734,48.68433,9.095906423167438,3.388464470331594,0.0
27.65939,31.954,31.72451,1467.50693,-1.20582,48.69807,9.095935146932202,3.3884751706897376,0.0
27.67236,31.97068,31.6781,1462.73221,-1.21448,48.71179,9.096026293860731,3.388509125318834,0.0
27.68529,31.98731,31.6315,1457.95966,-1.22333,48.72549,9.096185330746325,3.3885683707432297,0.0
27.69818,32.00389,31.58472,1453.18928,-1.23235,48.73918,9.096417423693213,3.388654831472679,0.0
27.71102,32.02042,31.53774,1448.42108,-1.24156,48.75285,9.096727424347215,3.388770314872903,0.0
27.72381,32.03691,31.49057,1443.65504,-1.25093,48.76651,9.097119857194532,3.3889165064340574,0.0
27.73656,32.05334,31.44319,1438.89117,-1.26047,48.78015,9.097598908013508,3.3890949654687126,0.0
27.74926,32.06973,31.39561,1434.12947,-1.27017,48.79377,9.098168413440316,3.3893071212247876,0.0
27.76192,32.08607,31.34782,1429.36991,-1.28002,48.80738,9.09883185171308,3.389554269437503,0.0
27.77453,32.10235,31.29982,1424.61249,-1.29003,48.82097,9.099592334596098,3.3898375693209366,0.0
27.78709,32.11859,31.2516,1419.85718,-1.30018,48.83455,9.100452600474336,3.390158040995538,0.0
27.79961,32.13478,31.20316,1415.10397,-1.31048,48.84811,9.101415008653728,3.3905165633648444,0.0
27.81209,32.15092,31.15451,1410.35284,-1.32091,48.86165,9.102481534872593,3.390913872443366,0.0
27.82452,32.16702,31.10563,1405.60376,-1.33146,48.87518,9.103653767992956,3.391350560124011,0.0
27.8369,32.18306,31.05652,1400.85671,-1.34214,48.88869,9.104932907918585,3.391827073402504,0.0
27.84924,32.19905,31.00719,1396.11164,-1.35294,48.90218,9.106319764693035,3.3923437140413855,0.0
27.86153,32.215,30.95763,1391.36854,-1.36384,48.91566,9.107814758805771,3.3929006386840417,0.0
27.87378,32.23089,30.90784,1386.62737,-1.37485,48.92913,9.109417922677482,3.393497859408035,0.0
27.88599,32.24674,30.85782,1381.88809,-1.38596,48.94257,9.111128903311169,3.3941352447126922,0.0
27.89815,32.26254,30.80757,1377.15067,-1.39715,48.956,9.112946966103204,3.3948125209388365,0.0
27.91026,32.27829,30.75709,1372.41507,-1.40843,48.96942,9.114870999799688,3.3955292741151504,0.0
27.92233,32.29399,30.70637,1367.68125,-1.41979,48.98282,9.116899522568588,3.396284952220211,0.0
27.93435,32.30964,30.65542,1362.94918,-1.43121,48.9962,9.119030689165989,3.397078867852111,0.0
27.94633,32.32524,30.60424,1358.21881,-1.4427,49.00956,9.121262299176479,3.3979102012982123,0.0
27.95827,32.34079,30.55283,1353.4901,-1.45425,49.02291,9.123591806301055,3.3987780039951385,0.0
27.97016,32.35629,30.5012,1348.76302,-1.46585,49.03624,9.126016328654375,3.3996812023647722,0.0
27.982,32.37174,30.44933,1344.03752,-1.4775,49.04956,9.12853266004323,3.400618602015785,0.0
27.9938,32.38714,30.39723,1339.31356,-1.48918,49.06286,9.131137282186277,3.4015888922958024,0.0
28.00556,32.4025,30.34491,1334.59111,-1.5009,49.07614,9.133826377853323,3.4025906511861423,0.0
28.01727,32.4178,30.29236,1329.87013,-1.51264,49.0894,9.136595844856018,3.4036223505137078,0.0
28.02893,32.43306,30.23959,1325.15058,-1.52441,49.10265,9.139441310869257,3.4046823614723567,0.0
28.04056,32.44826,30.1866,1320.43243,-1.5362,49.11588,9.142358149039305,3.4057689604373307,0.0
28.05213,32.46342,30.1334,1315.71563,-1.548,49.1291,9.145341494304994,3.4068803350453387,0.0
28.06367,32.47852,30.07997,1311.00016,-1.55981,49.14229,9.148386260416238,3.4080145905343944,0.0
28.07515,32.49358,30.02634,1306.28599,-1.57162,49.15547,9.151487157573298,3.4091697563149137,0.0
28.0866,32.50859,29.9725,1301.57309,-1.58343,49.16864,9.15463871064635,3.410343792756977,0.0
28.098,32.52354,29.91844,1296.86142,-1.59524,49.18178,9.157835277905145,3.4115345981676253,0.0
28.10935,32.53845,29.86419,1292.15097,-1.60704,49.19491,9.161071070218279,3.412740015943087,0.0
28.12067,32.55331,29.80973,1287.44171,-1.61883,49.20802,9.164340170650854,3.4139578418694314,0.0
28.13193,32.56812,29.75508,1282.73363,-1.63061,49.22112,9.167636554398285,3.4151858315484254,0.0
28.14315,32.58288,29.70023,1278.0267,-1.64237,49.23419,9.170954108992161,3.416421707924759,0.0
28.15433,32.59758,29.64519,1273.32091,-1.65412,49.24725,9.174286654737056,3.417663168899288,0.0
28.16547,32.61224,29.58996,1268.61625,-1.66585,49.2603,9.177627965263738,3.418907894985648,0.0
28.17656,32.62685,29.53455,1263.91272,-1.67756,49.27332,9.18097178817522,3.420153557001451,0.0
28.1876,32.64141,29.47896,1259.2103,-1.68925,49.28633,9.18431186571515,3.421397823767804,0.0
28.19861,32.65592,29.4232,1254.50901,-1.70092,49.29932,9.187641955354245,3.4226383697782987,0.0
28.20956,32.67038,29.36725,1249.80883,-1.71257,49.31229,9.190955850270955,3.4238728828285954,0.0
28.22048,32.68479,29.31114,1245.10978,-1.7242,49.32525,9.194247399630116,3.4250990715707603,0.0
28.23135,32.69915,29.25487,1240.41186,-1.73581,49.33818,9.19751052859002,3.4263146729664142,0.0
28.24217,32.71346,29.19842,1235.71509,-1.74741,49.3511,9.200739257998206,3.4275174596239464,0.0
28.25296,32.72772,29.14182,1231.01949,-1.75899,49.364,9.20392772366568,3.4287052469786623,0.0
28.2637,32.74193,29.08507,1226.32508,-1.77057,49.37689,9.207070195194527,3.429875900306559,0.0
28.27439,32.75609,29.02815,1221.63188,-1.78213,49.38975,9.21016109425742,3.431027341533936,0.0
28.28504,32.7702,28.97109,1216.93991,-1.79369,49.4026,9.21319501230481,3.4321575558337765,0.0
28.29565,32.78425,28.91388,1212.24922,-1.80524,49.41543,9.216166727590574,3.4332645979682583,0.0
28.30621,32.79826,28.85653,1207.55984,-1.8168,49.42824,9.219071221497948,3.43434659837059,0.0
28.31673,32.81222,28.79903,1202.87181,-1.82836,49.44103,9.221903694098316,3.435401768941067,0.0
28.32721,32.82613,28.74139,1198.18517,-1.83993,49.45381,9.224659578855661,3.4364284085248693,0.0
28.33764,32.83999,28.68362,1193.49997,-1.85152,49.46656,9.227334556479324,3.4374249080725803,0.0
28.34803,32.8538,28.62571,1188.81626,-1.86313,49.4793,9.229924567833688,3.438389755449382,0.0
28.35838,32.86755,28.56767,1184.1341,-1.87477,49.49202,9.232425825873925,3.4393215398814294,0.0
28.36868,32.88126,28.50949,1179.45354,-1.88645,49.50472,9.234834826575959,3.4402189560275604,0.0
28.37894,32.89492,28.45119,1174.77465,-1.89816,49.51741,9.237148358808893,3.441080807657026,0.0
28.38915,32.90852,28.39276,1170.09749,-1.90992,49.53007,9.239363513118262,3.4419060109214827,0.0
28.39933,32.92208,28.3342,1165.42214,-1.92174,49.54272,9.241477689402371,3.4426935972146393,0.0
28.40945,32.93559,28.27551,1160.74866,-1.93362,49.55534,9.24348860344771,3.443442715606862,0.0
28.41954,32.94904,28.2167,1156.07712,-1.94556,49.56795,9.245394292303788,3.4441526348474416,0.0
28.42958,32.96245,28.15777,1151.40761,-1.95759,49.58054,9.24719311847895,3.4448227449276545,0.0
28.43958,32.9758,28.09871,1146.74022,-1.9697,49.59312,9.248883772965362,3.44545255820764,0.0
28.44954,32.9891,28.03952,1142.07501,-1.9819,49.60567,9.250465277059984,3.446041710094763,0.0
28.45945,33.00236,27.98021,1137.41207,-1.99421,49.6182,9.251936982998306,3.4465899592797036,0.0
28.46932,33.01556,27.92078,1132.75151,-2.00663,49.63072,9.253298573404082,3.4470971875314547,0.0
28.47915,33.02871,27.86122,1128.0934,-2.01916,49.64322,9.254550059557227,3.447563399052083,0.0
28.48893,33.04182,27.80154,1123.43784,-2.03182,49.6557,9.25569177849901,3.4479887193983307,0.0
28.49867,33.05487,27.74173,1118.78493,-2.04462,49.66816,9.256724388990072,3.448373393975869,0.0
28.50837,33.06787,27.68179,1114.13476,-2.05757,49.6806,9.25764886633649,3.448717786111872,0.0
28.51802,33.08082,27.62173,1109.48742,-2.07067,49.69302,9.258466496139409,3.449022374726594,0.0
28.52764,33.09372,27.56153,1104.84303,-2.08393,49.70542,9.259178866954127,3.44928775159868,0.0
28.5372,33.10657,27.5012,1100.20168,-2.09737,49.71781,9.259787861941508,3.4495146182551024,0.0
28.54673,33.11937,27.44073,1095.56347,-2.11098,49.73017,9.260295649515289,3.449703782487031,0.0
28.55622,33.13211,27.38013,1090.92851,-2.12478,49.74252,9.260704673051642,3.4498561545163793,0.0
28.56566,33.14481,27.31939,1086.29689,-2.13878,49.75485,9.261017639695138,3.44997274282573,0.0
28.57506,33.15746,27.25851,1081.66873,-2.15299,49.76716,9.261237508309547,3.4500546496696884,0.0
28.58441,33.17005,27.19748,1077.04413,-2.16741,49.77945,9.261367476646155,3.450103066294748,0.0
28.59373,33.1826,27.13631,1072.4232,-2.18206,49.79172,9.261410967754596,3.4501192678769623,0.0
28.603,33.1951,27.07498,1067.80603,-2.19693,49.80397,9.261371615720797,3.450104608208958,0.0
28.61223,33.20754,27.01351,1063.19274,-2.21204,49.8162,9.261253250769364,3.4500605141501794,0.0
28.62142,33.21993,26.95187,1058.58342,-2.2274,49.82842,9.261059883820113,3.4499884798737925,0.0
28.63056,33.23228,26.89008,1053.97819,-2.24301,49.84061,9.260795690533792,3.4498900609232943,0.0
28.63966,33.24457,26.82812,1049.37714,-2.25887,49.85279,9.260464994920683,3.4497668681062863,0.0
28.64872,33.25681,26.76599,1044.78039,-2.27501,49.86495,9.260072252589282,3.449620561254167,0.0
28.65774,33.26901,26.7037,1040.18802,-2.29142,49.87709,9.259622033683724,3.449452842865874,0.0
28.66672,33.28115,26.64123,1035.60015,-2.3081,49.88921,9.259119005589001,3.449265451665124,0.0
28.67565,33.29324,26.57857,1031.01687,-2.32507,49.90131,9.25856791545899,3.4490601560916403,0.0
28.68455,33.30528,26.51574,1026.43829,-2.34233,49.91339,9.257973572643852,3.448838747754901,0.0
28.6934,33.31727,26.45272,1021.86449,-2.35988,49.92545,9.257340831072236,3.448603034871042,0.0
28.70221,33.32921,26.38951,1017.29557,-2.37773,49.9375,9.25667457165459,3.4483548357076277,0.0
28.71098,33.3411,26.32611,1012.73164,-2.39589,49.94953,9.255979684789622,3.4480959720668536,0.0
28.7197,33.35294,26.2625,1008.17278,-2.41435,49.96153,9.25526105299771,3.4478282628160266,0.0
28.72839,33.36473,26.19869,1003.61908,-2.43313,49.97352,9.254523533785651,3.447553517504235,0.0
28.73703,33.37646,26.13468,999.07063,-2.45222,49.98549,9.253771942762727,3.4472735300726467,0.0
