0.05151,0.05151,58.43492,5449.50004,-0.52435,45.00011,2.9300142835569885,1.0915074139405732,0.0
0.10301,0.10301,58.35841,5447.98986,-0.54829,45.00028,2.9600723668093685,1.102704840827853,0.0
0.1545,0.1545,58.27853,5446.4684,-0.5718,45.00051,2.9918404489373183,1.1145392872890612,0.0
0.20597,0.20597,58.19537,5444.93458,-0.59485,45.0008,3.0253374976505687,1.1270178192951426,0.0
0.25743,0.25743,58.10897,5443.38732,-0.6174,45.00115,3.0605824548424323,1.1401474931997473,0.0
0.30887,0.30888,58.01943,5441.8255,-0.63944,45.00157,3.0975940726900495,1.1539352946822596,0.0
0.3603,0.36031,57.92681,5440.24801,-0.66093,45.00204,3.1363907351708615,1.168388072257988,0.0
0.41171,0.41173,57.83119,5438.65369,-0.68185,45.00257,3.1769902642461028,1.1835124650764164,0.0
0.46311,0.46313,57.73267,5437.04139,-0.70217,45.00317,3.2194097100228727,1.1993148247510543,0.0
0.51449,0.51452,57.63133,5435.40993,-0.72186,45.00382,3.2636651242283152,1.2158011309726098,0.0
0.56586,0.5659,57.52727,5433.75812,-0.74089,45.00454,3.3097713163988853,1.232976900683074,0.0
0.61721,0.61726,57.42058,5432.08475,-0.75924,45.00532,3.35774159227634,1.250847090621347,0.0
0.66854,0.66861,57.31136,5430.3886,-0.77686,45.00615,3.4075874739866596,1.269415993082522,0.0
0.71986,0.71994,57.19973,5428.66843,-0.79374,45.00705,3.45931840173107,1.2886871247899416,0.0
0.77116,0.77126,57.08579,5426.923,-0.80985,45.008,3.512941416829408,1.3086631088205143,0.0
0.82245,0.82257,56.96966,5425.15105,-0.82514,45.00902,3.568460826180419,1.3293455496073427,0.0
0.87372,0.87386,56.85145,5423.35131,-0.83961,45.01009,3.6258778483766596,1.3507349011082188,0.0
0.92497,0.92514,56.73129,5421.52251,-0.85321,45.01122,3.68519024196998,1.3728303283247292,0.0
0.9762,0.9764,56.6093,5419.66337,-0.86591,45.01241,3.746391916652905,1.3956295624570954,0.0
1.02742,1.02765,56.48562,5417.77261,-0.87769,45.01366,3.8094725284222917,1.419128750091978,0.0
1.07862,1.07888,56.36038,5415.84893,-0.88852,45.01497,3.8744170601467705,1.443322296952818,0.0
1.12979,1.13009,56.23372,5413.89108,-0.89836,45.01634,3.9412053893316052,1.4682027068808723,0.0
1.18095,1.18129,56.10578,5411.89776,-0.9072,45.01776,4.009811845279583,1.493760416865991,0.0
1.23209,1.23248,55.97671,5409.86771,-0.91499,45.01925,4.080204758307753,1.5199836291179958,0.0
1.28321,1.28365,55.84666,5407.79968,-0.92172,45.02079,4.152346004144535,1.5468581413426137,0.0
1.33431,1.3348,55.71578,5405.69243,-0.92736,45.02238,4.226190547134441,1.5743671765732157,0.0
1.38539,1.38593,55.58424,5403.54475,-0.93187,45.02404,4.3016859864163015,1.6024912141102663,0.0
1.43645,1.43705,55.4522,5401.35544,-0.93524,45.02575,4.3787721097532515,1.631207823311254,0.0
1.48749,1.48815,55.31981,5399.12334,-0.93744,45.02752,4.457380460273709,1.6604915021903062,0.0
1.5385,1.53924,55.18726,5396.84732,-0.93844,45.02934,4.537433921891692,1.690313522976348,0.0
1.5895,1.5903,55.0547,5394.52629,-0.93823,45.03122,4.618846329731866,1.7206417869861828,0.0
1.64047,1.64135,54.92232,5392.15921,-0.93678,45.03316,4.701522112366058,1.7514406913481808,0.0
1.69141,1.69238,54.79029,5389.7451,-0.93408,45.03515,4.785355973136726,1.7826710102868857,0.0
1.74234,1.74339,54.65879,5387.283,-0.9301,45.0372,4.870232618235658,1.8142897938251763,0.0
1.79324,1.79438,54.528,5384.77206,-0.92484,45.0393,4.956026539533355,1.8462502868824957,0.0
1.84411,1.84535,54.3981,5382.21147,-0.91828,45.04146,5.042601860372307,1.8785018718287918,0.0
1.89496,1.8963,54.26929,5379.6005,-0.9104,45.04367,5.12981225265153,1.9109900375963245,0.0
1.94578,1.94723,54.14174,5376.9385,-0.9012,45.04594,5.217500933507181,1.9436563784431062,0.0
1.99658,1.99815,54.01564,5374.22493,-0.89067,45.04826,5.30550074969475,1.9764386253874906,0.0
2.04735,2.04903,53.89118,5371.45932,-0.87881,45.05064,5.3936343574581675,2.009270713214147,0.0
2.09809,2.0999,53.76855,5368.64131,-0.86562,45.05306,5.481714505076718,2.0420828857302196,0.0
2.1488,2.15075,53.64793,5365.77065,-0.85109,45.05555,5.569544424598166,2.0748018416962237,0.0
2.19949,2.20157,53.5295,5362.84719,-0.83525,45.05808,5.656918338247703,2.1073509234767043,0.0
2.25015,2.25237,53.41346,5359.87093,-0.81808,45.06067,5.74362208386511,2.1396503500320345,0.0
2.30078,2.30315,53.29998,5356.84195,-0.79962,45.0633,5.829433862322513,2.1716174953511946,0.0
2.35137,2.3539,53.18925,5353.7605,-0.77986,45.06599,5.914125108251313,2.203167212820465,0.0
2.40194,2.40463,53.08144,5350.62695,-0.75884,45.06874,5.997461483647401,2.234212205367511,0.0
2.45248,2.45534,52.97672,5347.4418,-0.73657,45.07153,6.079203991911673,2.264663440470787,0.0
2.50298,2.50602,52.87526,5344.20569,-0.71309,45.07438,6.1591102077832796,2.294430608342035,0.0
2.55345,2.55667,52.77724,5340.91942,-0.68842,45.07727,6.2369356163906104,2.3234226207580053,0.0
2.60389,2.6073,52.6828,5337.58392,-0.66259,45.08022,6.312435052346876,2.351548147161431,0.0
2.6543,2.6579,52.59211,5334.20027,-0.63566,45.08321,6.3853642275160905,2.3787161837940483,0.0
2.70467,2.70848,52.50532,5330.7697,-0.60765,45.08626,6.455481333793142,2.40483665077435,0.0
2.75503,2.759,52.42138,5327.29551,-0.59551,45.03235,6.523634083480081,2.4302253432395005,-32.99999943708069
2.80541,2.80945,52.33925,5323.78036,-0.58255,44.97786,6.590723300229722,2.455217841702273,-32.99999943708069
2.8558,2.85982,52.25903,5320.22468,-0.5688,44.92279,6.656601726800903,2.479759288965763,-32.99999943708069
2.90621,2.9101,52.18084,5316.62899,-0.55426,44.86716,6.72111861051131,2.5037935256892645,-32.99999943708069
2.95663,2.96031,52.10478,5312.99389,-0.53897,44.81098,6.784122931586382,2.5272642930331863,-32.99999943708069
3.00707,3.01044,52.03094,5309.32008,-0.52294,44.75426,6.845464099325293,2.5501154919991897,-32.99999943708069
3.05753,3.06048,51.95943,5305.60836,-0.50619,44.69701,6.904992678921485,2.572291454189967,-32.99999943708069
3.10799,3.11044,51.89035,5301.85959,-0.48876,44.63925,6.962561143624845,2.5937372220094366,-32.99999943708069
3.15848,3.16032,51.82378,5298.07474,-0.47066,44.581,7.018024646377077,2.6143988361172292,-32.99999943708069
3.20898,3.21011,51.75982,5294.25486,-0.45193,44.52226,7.071241804430578,2.6342236277198583,-32.99999943708069
3.2595,3.25982,51.69853,5290.4011,-0.4326,44.46307,7.122075490030357,2.6531605131205414,-32.99999943708069
3.31003,3.30944,51.64001,5286.51466,-0.4127,44.40345,7.170393619803739,2.671160287787634,-32.99999943708069
3.36057,3.35898,51.58432,5282.59686,-0.39227,44.3434,7.216069935184056,2.6881759170829898,-32.99999943708069
3.41113,3.40843,51.53153,5278.64908,-0.37135,44.28296,7.258984766025621,2.70416282072863,-32.99999943708069
3.46171,3.45779,51.4817,5274.67275,-0.34996,44.22216,7.299025769436574,2.7190791480414163,-32.99999943708069
3.5123,3.50706,51.4349,5270.66942,-0.32816,44.161,7.336088635931312,2.7328860409934137,-32.99999943708069
3.5629,3.55625,51.39116,5266.64067,-0.30598,44.09953,7.3700777551337735,2.7455478822038804,-32.99999943708069
3.61352,3.60534,51.35053,5262.58816,-0.28347,44.03777,7.400906833577797,2.7570325250861516,-32.99999943708069
3.66415,3.65435,51.31306,5258.51358,-0.26066,43.97574,7.42849945755285,2.7673115035224902,-32.99999943708069
3.7148,3.70326,51.27877,5254.41871,-0.23762,43.91347,7.452789594491915,2.776360218644259,-32.99999943708069
3.76546,3.75209,51.2477,5250.30534,-0.21437,43.85099,7.4737220270733795,2.784158100546303,-32.99999943708069
3.81613,3.80082,51.21985,5246.17533,-0.19096,43.78834,7.491252714930751,2.790688743033332,-32.99999943708069
3.86682,3.84947,51.19524,5242.03054,-0.16746,43.72553,7.505349079789786,2.7959400098410034,-32.99999943708069
3.91752,3.89802,51.17389,5237.87288,-0.14389,43.66261,7.515990210697169,2.799904111089009,-32.99999943708069
3.96824,3.94648,51.15578,5233.70428,-0.12031,43.59959,7.523166987098794,2.802577649130966,-32.99999943708069
4.01896,3.99485,51.14091,5229.52667,-0.09676,43.53652,7.52688211848524,2.8039616333234068,-32.99999943708069
4.0697,4.04313,51.12928,5225.34201,-0.0733,43.47342,7.527150100390351,2.8040614636340893,-32.99999943708069
4.12046,4.09132,51.12085,5221.15223,-0.04997,43.41032,7.523997087644851,2.8028868834256326,-32.99999943708069
4.17122,4.13942,51.11561,5216.95928,-0.02682,43.34726,7.5174606867320515,2.8004519021025556,-32.99999943708069
4.222,4.18742,51.11351,5212.76509,-0.00389,43.28426,7.507589670158973,2.7967746887070066,-32.99999943708069
4.27279,4.23533,51.11453,5208.57156,0.01876,43.22135,7.494443616650994,2.7918774378818,-32.99999943708069
4.32359,4.28315,51.11861,5204.38059,0.0411,43.15856,7.478092481864427,2.785786209949554,-32.99999943708069
4.3744,4.33088,51.12571,5200.19402,0.06308,43.09592,7.458616105066711,2.7785307471380905,-32.99999943708069
4.42522,4.37852,51.13577,5196.01368,0.08466,43.03346,7.436103657888033,2.770144268225898,-32.99999943708069
4.47605,4.42607,51.14872,5191.84134,0.10579,42.97121,7.410653041834935,2.7606632441001078,-32.99999943708069
4.52689,4.47353,51.16451,5187.67873,0.12644,42.90918,7.382370241654197,2.750127156867524,-32.99999943708069
4.57775,4.5209,51.18304,5183.52753,0.14657,42.84742,7.351368641965224,2.738578245282201,-32.99999943708069
4.62861,4.56818,51.20426,5179.38937,0.16613,42.78593,7.3177683147454635,2.7260612393150243,-32.99999943708069
4.67948,4.61537,51.22807,5175.2658,0.1851,42.72475,7.281695285345874,2.7126230867251504,-32.99999943708069
4.73036,4.66247,51.25439,5171.15833,0.20344,42.66389,7.2432807846107,2.698312674454953,-32.99999943708069
4.78125,4.70949,51.28312,5167.0684,0.22111,42.60339,7.2026604945603285,2.683180547627034,-32.99999943708069
4.83215,4.75641,51.31418,5162.99736,0.2381,42.54325,7.159973794784786,2.6672786288059775,-32.99999943708069
4.88306,4.80325,51.34745,5158.94651,0.25436,42.4835,7.115363016352236,2.650659940059629,-32.99999943708069
4.93398,4.85,51.38285,5154.91708,0.26988,42.42416,7.068972709599872,2.633378330191942,-32.99999943708069
4.9849,4.89667,51.42026,5150.9102,0.28462,42.36523,7.020948931661486,2.6154882093282477,-32.99999943708069
5.03583,4.94325,51.45958,5146.92695,0.29857,42.30674,6.971438559021299,2.5970442928234725,-32.99999943708069
5.08677,4.98975,51.50069,5142.96832,0.31171,42.24871,6.920588629799151,2.5781013562460617,-32.99999943708069
5.13772,5.03616,51.54348,5139.03523,0.32402,42.19113,6.868545719828497,2.5587140029506195,-32.99999943708069
5.18867,5.08249,51.58783,5135.12852,0.33547,42.13403,6.815455355960814,2.538936445518364,-32.99999943708069
5.23963,5.12873,51.63364,5131.24894,0.34607,42.07741,6.761461469394754,2.5188223021078495,-32.99999943708069
5.2906,5.1749,51.68077,5127.39718,0.35579,42.02129,6.706705891165462,2.4984244085114673,-32.99999943708069
5.34157,5.22098,51.72912,5123.57386,0.36463,41.96567,6.651327891370716,2.477794646505056,-32.99999943708069
5.39255,5.26699,51.77855,5119.7795,0.37258,41.91055,6.595463763066895,2.4569837888382042,-32.99999943708069
5.44354,5.31291,51.82895,5116.01456,0.37963,41.85594,6.539246451267061,2.4360413610262706,-32.99999943708069
5.49453,5.35876,51.8802,5112.27944,0.38577,41.80185,6.482805226931104,2.415015519903137,-32.99999943708069
5.54552,5.40452,51.93217,5108.57445,0.39101,41.74827,6.426265405399087,2.393952948730224,-32.99999943708069
5.59652,5.45021,51.98475,5104.89985,0.39534,41.69521,6.369748108276245,2.3728987684923797,-32.99999943708069
5.64753,5.49583,52.0378,5101.25582,0.39877,41.64268,6.313370067440158,2.3518964648854066,-32.99999943708069
5.69854,5.54137,52.09122,5097.64247,0.4013,41.59066,6.257243469511878,2.330987830377452,-32.99999943708069
5.74955,5.58683,52.14487,5094.05987,0.40292,41.53915,6.201475838857583,2.310212920624054,-32.99999943708069
5.80057,5.63222,52.19865,5090.508,0.40366,41.48817,6.146169956999333,2.2896100244465254,-32.99999943708069
5.85159,5.67754,52.25242,5086.98682,0.4035,41.43769,6.091423816110515,2.269215646507781,-32.99999943708069
5.90262,5.72278,52.30608,5083.49621,0.40247,41.38772,6.037330604183858,2.249064501787037,-32.99999943708069
5.95365,5.76795,52.35951,5080.03599,0.40057,41.33825,5.983978719340957,2.2291895209104817,-32.99999943708069
6.00469,5.81305,52.41259,5076.60594,0.39782,41.28927,5.931451810738824,2.2096218653900426,-32.99999943708069
6.05572,5.85809,52.46522,5073.20581,0.39421,41.24078,5.879828843491798,2.1903909518085105,-32.99999943708069
6.10676,5.90305,52.51727,5069.83527,0.38978,41.19277,5.829184185070277,2.171524484005333,-32.99999943708069
6.15781,5.94794,52.56865,5066.49396,0.38453,41.14524,5.779587710660303,2.153048492325838,-32.99999943708069
6.20886,5.99277,52.61924,5063.1815,0.37847,41.09816,5.731104925067254,2.134987379033564,-32.99999943708069
6.2599,6.03753,52.66895,5059.89743,0.37163,41.05154,5.683797098788757,2.1173639690010004,-32.99999943708069
6.31096,6.08222,52.71767,5056.64128,0.36403,41.00536,5.637721416044753,2.1001995648546834,-32.99999943708069
6.36201,6.12684,52.7653,5053.41254,0.35567,40.95962,5.59293113260607,2.0835140057704895,-32.99999943708069
6.41307,6.17141,52.81174,5050.21067,0.34657,40.91429,5.549475741433789,2.0673257291786595,-32.99999943708069
6.46413,6.2159,52.85691,5047.03509,0.33677,40.86937,5.507401144247874,2.0516518346776276,-32.99999943708069
6.51519,6.26034,52.90071,5043.8852,0.32627,40.82485,5.466749827286027,2.0365081495088173,-32.99999943708069
6.56625,6.30471,52.94305,5040.76035,0.31509,40.78072,5.427561039641908,2.0219092949923225,-32.99999943708069
6.61732,6.34901,52.98384,5037.65989,0.30327,40.73695,5.389870972707746,2.0078687533740025,-32.99999943708069
6.66839,6.39326,53.02301,5034.58314,0.29082,40.69354,5.353712939391975,1.9943989345887634,-32.99999943708069
6.71946,6.43744,53.06048,5031.52939,0.27776,40.65048,5.319117551881243,1.981511242481588,-32.99999943708069
6.77053,6.48157,53.09616,5028.4979,0.26411,40.60774,5.286112896877693,1.969216140088028,-32.99999943708069
6.8216,6.52563,53.12999,5025.48792,0.2499,40.56532,5.2547247073118974,1.9575232136017977,-32.99999943708069
6.87267,6.56963,53.1619,5022.4987,0.23515,40.52321,5.224976529696561,1.9464412347184241,-32.99999943708069
6.92375,6.61358,53.19181,5019.52942,0.21989,40.48137,5.196889886336633,1.9359782210627876,-32.99999943708069
6.97483,6.65746,53.21967,5016.57929,0.20414,40.43981,5.170484431752007,1.9261414944606905,-32.99999943708069
7.02591,6.70129,53.24541,5013.64749,0.18792,40.39851,5.145778102720298,1.9169377368337381,-32.99999943708069
7.07699,6.74506,53.26898,5010.73317,0.17125,40.35744,5.122787261452568,1.9083730435360682,-32.99999943708069
7.12807,6.78877,53.29032,5007.83549,0.15417,40.3166,5.1015268314770745,1.9004529739746174,-32.99999943708069
7.17915,6.83243,53.30939,5004.95356,0.1367,40.27597,5.082010425862867,1.8931825993757883,-32.99999943708069
7.23023,6.87603,53.32613,5002.08652,0.11886,40.23553,5.064250467498858,1.8865665475925668,-32.99999943708069
7.28132,6.91957,53.34051,4999.23346,0.10068,40.19527,5.048258301150138,1.8806090448484483,-32.99999943708069
7.3324,6.96306,53.35247,4996.39348,0.08218,40.15516,5.034044297109952,1.8753139543505244,-32.99999943708069
7.38349,7.00649,53.36199,4993.56565,0.0634,40.1152,5.021617946255573,1.8706848117002992,-32.99999943708069
7.43458,7.04986,53.36904,4990.74906,0.04435,40.07537,5.010987946372357,1.8667248570516715,-32.99999943708069
7.48565,7.0932,53.37448,4987.9411,0.03897,40.08262,5.001519745973604,1.86319770327979,0.0
7.53669,7.13653,53.3792,4985.13968,0.03335,40.08991,4.99258552686271,1.859869471587529,0.0
7.58769,7.17985,53.38318,4982.34455,0.0275,40.09726,4.984202993202837,1.856746757241492,0.0
7.63866,7.22315,53.38637,4979.55545,0.02143,40.10465,4.976389020069933,1.8538358466514786,0.0
7.68959,7.26644,53.38876,4976.77211,0.01515,40.1121,4.969159604551834,1.851142699153616,0.0
7.74049,7.30972,53.39031,4973.99427,0.00866,40.11959,4.962529870197789,1.8486729486679252,0.0
7.79136,7.35298,53.391,4971.22162,0.00199,40.12713,4.956514071959384,1.8464319055389413,0.0
7.84219,7.39624,53.39082,4968.45387,-0.00487,40.13471,4.951125601463784,1.844424558500139,0.0
7.89299,7.43948,53.38973,4965.6907,-0.0119,40.14235,4.9463769924557255,1.8426555767012143,0.0
7.94376,7.48271,53.38772,4962.93181,-0.01908,40.15003,4.942279926264359,1.841129311744631,0.0
7.99449,7.52593,53.38477,4960.17685,-0.02641,40.15777,4.938845237156415,1.8398497996798122,0.0
8.04518,7.56913,53.38085,4957.4255,-0.03388,40.16555,4.936082917449141,1.8388207629078475,0.0
8.09585,7.61233,53.37597,4954.67741,-0.04147,40.17338,4.934002122255548,1.8380456119492175,0.0
8.14648,7.65551,53.37009,4951.93222,-0.04918,40.18126,4.932611173768212,1.8375274470396272,0.0
8.19707,7.69868,53.36321,4949.18957,-0.05698,40.18918,4.931917564959823,1.8372690595085566,0.0
8.24763,7.74185,53.35532,4946.4491,-0.06487,40.19716,4.931927962633885,1.8372729329157236,0.0
8.29816,7.785,53.34641,4943.71044,-0.07284,40.20518,4.932648209737275,1.8375412439125782,0.0
8.34865,7.82813,53.33646,4940.97319,-0.08087,40.21326,4.934083326859895,1.838075862800958,0.0
8.39911,7.87126,53.32548,4938.23698,-0.08896,40.22138,4.936237512879805,1.8388783537734197,0.0
8.44954,7.91438,53.31346,4935.50141,-0.09708,40.22954,4.939114144696651,1.8399499748139339,0.0
8.49993,7.95748,53.30039,4932.76608,-0.10523,40.23776,4.942715776021892,1.8412916772472092,0.0
8.55029,8.00058,53.28628,4930.03061,-0.11339,40.24603,4.947044135199366,1.8429041049268027,0.0
8.60061,8.04366,53.27113,4927.29457,-0.12155,40.25434,4.952100122049079,1.844787593059341,0.0
8.6509,8.08674,53.25493,4924.55757,-0.1297,40.2627,4.95788380372859,1.8469421666627825,0.0
8.70116,8.1298,53.23769,4921.8192,-0.13782,40.27111,4.964394409621142,1.849367538662109,0.0
8.75138,8.17285,53.21941,4919.07903,-0.14591,40.27956,4.971630325272428,1.852063107630612,0.0
8.80157,8.21589,53.20011,4916.33665,-0.15394,40.28807,4.979589085413063,1.8550279551905813,0.0
8.85172,8.25892,53.17979,4913.59166,-0.16192,40.29662,4.988267366109482,1.8582608430893048,0.0
8.90184,8.30194,53.15845,4910.84362,-0.16982,40.30522,4.99766097609115,1.8617602099682298,0.0
8.95192,8.34496,53.13612,4908.09211,-0.17763,40.31387,5.007764847334581,1.8655241678552605,0.0
9.00197,8.38795,53.11281,4905.33673,-0.18534,40.32256,5.018573024980271,1.8695504984085487,0.0
9.05199,8.43094,53.08853,4902.57705,-0.19294,40.33131,5.030078656666933,1.873836648943219,0.0
9.10197,8.47392,53.06329,4899.81266,-0.20042,40.3401,5.042273981397084,1.8783797282835064,0.0
9.15192,8.51689,53.03711,4897.04313,-0.20776,40.34893,5.055150318040314,1.8831765024799167,0.0
9.20183,8.55985,53.01002,4894.26806,-0.21495,40.35782,5.068698053606486,1.8882233904406918,0.0
9.25171,8.6028,52.98204,4891.48703,-0.22198,40.36675,5.082906631424066,1.8935164595279224,0.0
9.30155,8.64574,52.95318,4888.69963,-0.22883,40.37573,5.097764539373569,1.8990514211741985,0.0
9.35136,8.68866,52.92347,4885.90547,-0.23551,40.38476,5.1132592983382334,1.904823626580181,0.0
9.40113,8.73158,52.89294,4883.10414,-0.24199,40.39383,5.129377451039653,1.910828062555581,0.0
9.45087,8.77449,52.86161,4880.29524,-0.24827,40.40295,5.1461045514429875,1.9170593475723228,0.0
9.50057,8.81739,52.82951,4877.47839,-0.25433,40.41212,5.163425154920539,1.9235117281002163,0.0
9.55024,8.86027,52.79667,4874.65321,-0.26017,40.42133,5.1813228093733255,1.9301790752995096,0.0
9.59987,8.90315,52.76311,4871.81931,-0.26577,40.43059,5.1997800475190985,1.9370548821479734,0.0
9.64947,8.94601,52.72888,4868.97634,-0.27112,40.4399,5.218778380565277,1.9441322610839022,0.0
9.69903,8.98887,52.69401,4866.12392,-0.27622,40.44925,5.238298293484768,1.951403942246232,0.0
9.74855,9.03171,52.65852,4863.26172,-0.28106,40.45865,5.258319242125356,1.9588622723977136,0.0
9.79804,9.07455,52.62245,4860.38938,-0.28562,40.4681,5.278819652379781,1.966499214615744,0.0
9.84749,9.11737,52.58584,4857.50657,-0.2899,40.47759,5.2997769216552895,1.974306348839812,0.0
9.89691,9.16019,52.54873,4854.61298,-0.2939,40.48712,5.321167422879736,1.9822748733638784,0.0
9.94629,9.20299,52.51115,4851.7083,-0.29759,40.49671,5.342966511267933,1.990395607357017,0.0
9.99564,9.24578,52.47314,4848.79222,-0.30098,40.50634,5.365148534097804,1.9986589945052904,0.0
10.04494,9.28856,52.43475,4845.86447,-0.30407,40.51601,5.387686843710123,2.007055107854496,0.0
10.09421,9.33134,52.39601,4842.92477,-0.30683,40.52573,5.410553813955076,2.015573655936939,0.0
10.14345,9.3741,52.35696,4839.97287,-0.30928,40.5355,5.43372086031343,2.024203990267101,0.0
10.19265,9.41685,52.31764,4837.00852,-0.3114,40.54531,5.457158463874131,2.032935114273926,0.0
10.24181,9.45958,52.27811,4834.03151,-0.31318,40.55516,5.480836199375773,2.041755693747003,0.0
10.29093,9.50231,52.23839,4831.04161,-0.31463,40.56506,5.504722767470615,2.050654068855764,0.0
10.34001,9.54503,52.19854,4828.03864,-0.31574,40.57501,5.5287860313705,2.0596182678010497,0.0
10.38906,9.58774,52.15859,4825.02242,-0.31651,40.585,5.552993058023465,2.0686360221544833,0.0
10.43807,9.63043,52.11859,4821.99279,-0.31694,40.59503,5.577310163903892,2.077694783916505,0.0
10.48704,9.67312,52.07858,4818.94961,-0.31701,40.60511,5.601702965528512,2.086781744334914,0.0
10.53598,9.71579,52.03861,4815.89277,-0.31674,40.61523,5.626136434738107,2.0958838544987537,0.0
10.58487,9.75845,51.99873,4812.82216,-0.31613,40.6254,5.650574958773485,2.104987847718199,0.0
10.63373,9.8011,51.95897,4809.73771,-0.31516,40.63561,5.674982405146496,2.11408026369071,0.0
10.68255,9.84374,51.91937,4806.63934,-0.31385,40.64587,5.699322191249839,2.1231474744325203,0.0
10.73133,9.88637,51.87999,4803.52703,-0.31219,40.65617,5.7235573586418615,2.132175711951681,0.0
10.78007,9.92898,51.84087,4800.40075,-0.31019,40.66651,5.747650651880268,2.1411510976156842,0.0
10.82877,9.97158,51.80204,4797.26051,-0.30784,40.6769,5.771564601742572,2.1500596731532826,0.0
10.87744,10.01418,51.76356,4794.10633,-0.30516,40.68733,5.795261612650812,2.158887433222484,0.0
10.92606,10.05676,51.72545,4790.93825,-0.30215,40.6978,5.818704054046828,2.1676203594502548,0.0
10.97464,10.09933,51.68778,4787.75636,-0.29881,40.70832,5.841854355439512,2.176244455840119,0.0
11.02319,10.14188,51.65056,4784.56073,-0.29515,40.71887,5.864675104816018,2.184745785432921,0.0
11.07169,10.18443,51.61385,4781.35149,-0.29116,40.72948,5.887129150034152,2.1931105080781625,0.0
11.12016,10.22696,51.57768,4778.12876,-0.28687,40.74012,5.909179702808661,2.2013249191716286,0.0
11.16858,10.26948,51.54209,4774.89271,-0.28228,40.75081,5.930790444847059,2.2093754891937762,0.0
11.21696,10.31199,51.50712,4771.64352,-0.27739,40.76154,5.951925635662299,2.217248903872792,0.0
11.26531,10.35448,51.4728,4768.38138,-0.27221,40.77231,5.972550221556001,2.2249321047837105,0.0
11.31361,10.39696,51.43917,4765.10653,-0.26676,40.78312,5.992629945229903,2.2324123301815657,0.0
11.36187,10.43943,51.40625,4761.81921,-0.26105,40.79398,6.012131455470221,2.239677155861701,0.0
11.41009,10.48189,51.37409,4758.51967,-0.25507,40.80488,6.031022416314333,2.246714535827227,0.0
11.45827,10.52434,51.34271,4755.20822,-0.24885,40.81582,6.049271615103548,2.253512842541528,0.0
11.50641,10.56677,51.31214,4751.88516,-0.2424,40.8268,6.066849068807757,2.2600609065369874,0.0
11.55451,10.60919,51.28241,4748.55081,-0.23573,40.83782,6.083726127988604,2.2663480551440047,0.0
11.60256,10.65159,51.25354,4745.20551,-0.22885,40.84889,6.099875577801627,2.272364150116954,0.0
11.65057,10.69399,51.22555,4741.84964,-0.22178,40.86,6.115271735395812,2.2780996239180746,0.0
11.69854,10.73637,51.19848,4738.48357,-0.21453,40.87114,6.129890543115971,2.2835455144378143,0.0
11.74647,10.77874,51.17234,4735.10769,-0.20711,40.88233,6.143709656909271,2.288693497928586,0.0
11.79436,10.82109,51.14714,4731.72243,-0.19954,40.89356,6.156708529369073,2.2935359199407808,0.0
11.84221,10.86343,51.12291,4728.3282,-0.19183,40.90483,6.1688684868592,2.29806582405359,0.0
11.89001,10.90576,51.09965,4724.92545,-0.184,40.91614,6.180172800235063,2.302276978220485,0.0
11.93777,10.94807,51.07739,4721.51463,-0.17606,40.9275,6.190606748651012,2.3061638985391317,0.0
11.98549,10.99037,51.05613,4718.0962,-0.16804,40.93889,6.200157676060604,2.309721870299229,0.0
12.03316,11.03266,51.03588,4714.67065,-0.15994,40.95032,6.208815040009259,2.3129469661590574,0.0
12.0808,11.07494,51.01665,4711.23846,-0.15178,40.9618,6.216570452390795,2.3158360613283606,0.0
12.12839,11.1172,50.99844,4707.80012,-0.14358,40.97331,6.223417711898231,2.318386845657121,0.0
12.17593,11.15945,50.98126,4704.35613,-0.13536,40.98486,6.229352827956483,2.320597832551122,0.0
12.22344,11.20168,50.9651,4700.90699,-0.12713,40.99646,6.23437403597314,2.3224683646532602,0.0
12.2709,11.2439,50.94996,4697.45323,-0.11891,41.00809,6.238481803817848,2.323998616257291,0.0
12.31831,11.28611,50.93585,4693.99535,-0.11071,41.01977,6.241678829513458,2.325189592447715,0.0
12.36569,11.3283,50.92275,4690.53386,-0.10256,41.03148,6.243970030145257,2.326043124968176,0.0
12.41302,11.37048,50.91066,4687.06929,-0.09447,41.04324,6.245362522119953,2.32656186486742,0.0
12.46031,11.41265,50.89956,4683.60216,-0.08645,41.05503,6.2458655929041695,2.3267492719711296,0.0
12.50755,11.4548,50.88945,4680.13297,-0.07853,41.06687,6.245490664473737,2.3266096012658326,0.0
12.55475,11.49694,50.88032,4676.66224,-0.07071,41.07874,6.244251248747618,2.3261478862968628,0.0
12.60191,11.53907,50.87213,4673.19048,-0.06301,41.09066,6.242162895333842,2.3253699197023465,0.0
12.64902,11.58118,50.86489,4669.71819,-0.05546,41.10261,6.239243131963893,2.324282231023443,0.0
12.69609,11.62328,50.85857,4666.24586,-0.04806,41.11461,6.235511398042301,2.3228920619498203,0.0
12.74312,11.66537,50.85314,4662.77399,-0.04083,41.12664,6.230988971783134,2.321207339176084,0.0
12.7901,11.70744,50.84859,4659.30306,-0.03378,41.13871,6.22569889142221,2.319236645051249,0.0
12.83704,11.7495,50.84489,4655.83354,-0.02693,41.15083,6.219665871040121,2.316989186220601,0.0
12.88394,11.79155,50.84202,4652.36588,-0.02029,41.16298,6.212916211562395,2.314474760470919,0.0
12.93079,11.83358,50.83994,4648.90053,-0.01388,41.17517,6.205477707508359,2.31170372199197,0.0
12.9776,11.8756,50.83863,4645.43793,-0.0077,41.1874,6.197379550066209,2.308686945269423,0.0
13.02436,11.91761,50.83806,4641.97851,-0.00178,41.19967,6.188652227103124,2.3054357878359863,0.0
13.07108,11.9596,50.83819,4638.52266,0.00389,41.21198,6.17932742072556,2.3019620521099213,0.0
13.11776,12.00159,50.83899,4635.07079,0.00928,41.22433,6.169437902946596,2.298277946528384,0.0
13.16441,12.04353,50.83983,4631.62441,0.00451,41.19021,6.159539948522745,2.2945906980746456,-23.999999590604137
13.21105,12.08543,50.84007,4628.18466,-0.00054,41.15616,6.1501839639565,2.2911053476529495,-23.999999590604137
13.25768,12.12728,50.83969,4624.75129,-0.00585,41.12217,6.1413942915083535,2.287830963395814,-23.999999590604137
13.3043,12.16907,50.83864,4621.32404,-0.01141,41.08825,6.133194012151264,2.284776143572963,-23.999999590604137
13.35091,12.21081,50.83692,4617.90264,-0.01722,41.05438,6.125605107981235,2.2819490770935404,-23.999999590604137
13.39751,12.2525,50.83447,4614.48681,-0.02326,41.02057,6.118648456588642,2.2793575414092855,-23.999999590604137
13.44409,12.29415,50.83129,4611.07624,-0.02952,40.9868,6.112343826821238,2.277008900936135,-23.999999590604137
13.49067,12.33573,50.82734,4607.67061,-0.03599,40.95308,6.106709875717814,2.2749101059119345,-23.999999590604137
13.53724,12.37727,50.8226,4604.26961,-0.04266,40.9194,6.101764146425147,2.2730676916204464,-23.999999590604137
13.58379,12.41876,50.81705,4600.87289,-0.04951,40.88574,6.097523066887698,2.2714877779032276,-23.999999590604137
13.63034,12.4602,50.81066,4597.48009,-0.05654,40.85212,6.094001949125749,2.270176068890718,-23.999999590604137
13.67688,12.50159,50.80343,4594.09085,-0.06374,40.81852,6.091214988930744,2.2691378528887425,-23.999999590604137
13.7234,12.54292,50.79533,4590.70481,-0.07109,40.78493,6.0891752658204075,2.2683780023617968,-23.999999590604137
13.76991,12.58421,50.78634,4587.32157,-0.07857,40.75135,6.08789474307743,2.267900973947457,-23.999999590604137
13.81642,12.62545,50.77645,4583.94073,-0.08618,40.71778,6.087384267754233,2.267710808458152,-23.999999590604137
13.86291,12.66663,50.76565,4580.56191,-0.0939,40.6842,6.087653570506399,2.2678111308191156,-23.999999590604137
13.90939,12.70777,50.75393,4577.18468,-0.10172,40.65062,6.0887112651408675,2.2682051499000755,-23.999999590604137
13.95586,12.74886,50.74127,4573.80863,-0.10962,40.61703,6.090564847776082,2.268895658202388,-23.999999590604137
14.00232,12.78989,50.72767,4570.43333,-0.11759,40.58341,6.093220695538964,2.2698850313736214,-23.999999590604137
14.04877,12.83088,50.71313,4567.05835,-0.12562,40.54977,6.096684064717788,2.271175227519461,-23.999999590604137
14.0952,12.87182,50.69763,4563.68324,-0.1337,40.51609,6.100959088314006,2.2727677862916926,-23.999999590604137
14.14163,12.9127,50.68118,4560.30756,-0.1418,40.48238,6.106048772963242,2.2746638277411964,-23.999999590604137
14.18805,12.95354,50.66377,4556.93086,-0.14992,40.44862,6.111954995187486,2.276864050921786,-23.999999590604137
14.23445,12.99432,50.64541,4553.55269,-0.15804,40.4148,6.118678496977237,2.2793687322444476,-23.999999590604137
14.28085,13.03506,50.62609,4550.17258,-0.16615,40.38093,6.126218880708255,2.282177723583689,-23.999999590604137
14.32723,13.07575,50.60583,4546.79009,-0.17423,40.34699,6.13457460340971,2.285290450142276,-23.999999590604137
14.3736,13.11638,50.58462,4543.40474,-0.18227,40.31298,6.143742970427314,2.2887059080905883,-23.999999590604137
14.41996,13.15697,50.56247,4540.01606,-0.19025,40.2789,6.153720128532768,2.292422661999699,-23.999999590604137
14.46631,13.1975,50.5394,4536.6236,-0.19817,40.24472,6.164501058551301,2.2964388420949433,-23.999999590604137
14.51265,13.23799,50.5154,4533.22689,-0.206,40.21046,6.176079567589348,2.3007521413605234,-23.999999590604137
14.55898,13.27842,50.4905,4529.82545,-0.21374,40.1761,6.188448280965829,2.3053598125336983,-23.999999590604137
14.60529,13.31881,50.46471,4526.41883,-0.22136,40.14163,6.201598633959106,2.310258665030305,-23.999999590604137
14.6516,13.35914,50.43805,4523.00656,-0.22887,40.10706,6.215520863516098,2.3154450618561913,-23.999999590604137
14.69789,13.39942,50.41052,4519.58818,-0.23623,40.07236,6.2302040000468635,2.3209149165504743,-23.999999590604137
14.74418,13.43966,50.38215,4516.16323,-0.24345,40.03754,6.245635859488178,2.3266636902290228,-23.999999590604137
14.79045,13.47984,50.35296,4512.73126,-0.2505,40.0026,6.2618030358001775,2.332686388789252,-23.999999590604137
14.83671,13.51997,50.32296,4509.29181,-0.25738,39.96751,6.278690894081465,2.338977560345326,-23.999999590604137
14.88296,13.56005,50.2922,4505.84445,-0.26407,39.93229,6.29628356451382,2.345531292972397,-23.999999590604137
14.92919,13.60007,50.26067,4502.38874,-0.27056,39.89692,6.314563937348581,2.352341212838901,-23.999999590604137
14.97542,13.64005,50.22842,4498.92423,-0.27684,39.86139,6.333513659150075,2.3594004828071466,-23.999999590604137
15.02163,13.67997,50.19547,4495.45052,-0.28289,39.82571,6.3531131305324955,2.3667018015902266,-23.999999590604137
15.06784,13.71985,50.16184,4491.96718,-0.28871,39.78986,6.373341505649154,2.3742374035617635,-23.999999590604137
15.11403,13.75967,50.12757,4488.47381,-0.29428,39.75384,6.394176693648655,2.3819990592983675,-23.999999590604137
15.16021,13.79943,50.09269,4484.97001,-0.2996,39.71764,6.415595362396925,2.3899780769661896,-23.999999590604137
15.20638,13.83915,50.05723,4481.4554,-0.30465,39.68126,6.437572944688239,2.398165304634697,-23.999999590604137
15.25253,13.87881,50.02122,4477.92961,-0.30942,39.6447,6.460083647229524,2.406551133623556,-23.999999590604137
15.29868,13.91842,49.98469,4474.39226,-0.31391,39.60795,6.483100462638994,2.415125502972445,-23.999999590604137
15.34481,13.95798,49.94769,4470.84301,-0.3181,39.57101,6.50659518474099,2.4238779051387827,-23.999999590604137
15.39093,13.99748,49.91024,4467.28154,-0.32199,39.53386,6.5305384274005425,2.432797393014095,-23.999999590604137
15.43704,14.03693,49.87239,4463.70751,-0.32557,39.49651,6.554899647142622,2.441872588350288,-23.999999590604137
15.48314,14.07633,49.83416,4460.12063,-0.32883,39.45896,6.579647169803292,2.451091691687898,-23.999999590604137
15.52923,14.11567,49.79561,4456.52061,-0.33177,39.42119,6.60474822143088,2.4604424938675904,-23.999999590604137
15.5753,14.15495,49.75676,4452.90717,-0.33438,39.38321,6.630168963664123,2.4699123892094565,-23.999999590604137
15.62136,14.19419,49.71766,4449.28006,-0.33665,39.34501,6.655874533757756,2.4794883904235894,-23.999999590604137
15.66741,14.23336,49.67835,4445.63905,-0.33858,39.3066,6.681829089459108,2.4891571453278045,-23.999999590604137
15.71345,14.27249,49.63886,4441.98393,-0.34017,39.26796,6.7079958588561,2.498904955417323,-23.999999590604137
15.75947,14.31155,49.59925,4438.31449,-0.3414,39.22909,6.734337195342917,2.508717796340937,-23.999999590604137
15.80549,14.35056,49.55954,4434.63056,-0.34229,39.19,6.760814637785437,2.5185813403142148,-23.999999590604137
15.85149,14.38952,49.51978,4430.93199,-0.34282,39.15068,6.787388975951877,2.528480980494132,-23.999999590604137
15.89748,14.42842,49.48002,4427.21864,-0.343,39.11113,6.814020321229329,2.5384018573228495,-23.999999590604137
15.94345,14.46726,49.44028,4423.4904,-0.34282,39.07134,6.8406681826329585,2.548328886843133,-23.999999590604137
15.98942,14.50604,49.40063,4419.74719,-0.34228,39.03133,6.867291548035326,2.558246790958418,-23.999999590604137
16.03537,14.54477,49.36109,4415.98894,-0.34139,38.99108,6.893848970533736,2.568140129606916,-23.999999590604137
16.0813,14.58344,49.32171,4412.2156,-0.34014,38.9506,6.920298659832035,2.5779933348037423,-23.999999590604137
16.12723,14.62205,49.28252,4408.42717,-0.33854,38.90989,6.946598578422908,2.5877907464713465,-23.999999590604137
16.17314,14.66061,49.24358,4404.62364,-0.3366,38.86894,6.972706542383089,2.59751664998839,-23.999999590604137
16.21904,14.6991,49.20491,4400.80506,-0.3343,38.82777,6.9985803264784705,2.6071553153441513,-23.999999590604137
16.26493,14.73754,49.16656,4396.97146,-0.33166,38.78636,7.0241777732716475,2.616691037783969,-23.999999590604137
16.3108,14.77592,49.12856,4393.12295,-0.32869,38.74472,7.049456905858628,2.6261081798066277,-23.999999590604137
16.35666,14.81424,49.09096,4389.25961,-0.32538,38.70286,7.074376043829747,2.6353912143628504,-23.999999590604137
16.40251,14.8525,49.0538,4385.38157,-0.32175,38.66077,7.098893921992611,2.6445247690827167,-23.999999590604137
16.44834,14.8907,49.0171,4381.48901,-0.31781,38.61846,7.12296981135569,2.653493671345238,-23.999999590604137
16.49416,14.92883,48.9809,4377.58208,-0.31355,38.57593,7.1465636418349,2.6622829939897854,-23.999999590604137
16.53997,14.96691,48.94524,4373.661,-0.309,38.53319,7.169636126120943,2.670878101459934,-23.999999590604137
16.58576,15.00493,48.91015,4369.72599,-0.30415,38.49023,7.192148884074382,2.6792646961439015,-23.999999590604137
16.63154,15.04289,48.87566,4365.7773,-0.29902,38.44706,7.214064567036258,2.6874288646835236,-23.999999590604137
16.67731,15.08079,48.84181,4361.81521,-0.29362,38.40369,7.23534698138127,2.695357124001064,-23.999999590604137
16.72306,15.11862,48.80861,4357.84002,-0.28797,38.36011,7.25596121063603,2.703036466791476,-23.999999590604137
16.7688,15.15639,48.77611,4353.85204,-0.28206,38.31634,7.27587373547486,2.710454406224002,-23.999999590604137
16.81452,15.1941,48.74432,4349.85161,-0.27593,38.27238,7.295052550883836,2.7175990195888486,-23.999999590604137
16.86023,15.23175,48.71327,4345.83909,-0.26957,38.22823,7.313467279809242,2.7244589906342416,-23.999999590604137
16.90593,15.26934,48.68299,4341.81487,-0.26301,38.18391,7.331089282589162,2.73102365033256,-23.999999590604137
16.95161,15.30686,48.65349,4337.77935,-0.25625,38.13941,7.347891761471886,2.737283015816201,-23.999999590604137
16.99727,15.34433,48.62479,4333.73294,-0.24932,38.09474,7.363849859584541,2.743227827245997,-23.999999590604137
17.04293,15.38172,48.59692,4329.67607,-0.24223,38.04991,7.378940753698462,2.7488495823687535,-23.999999590604137
17.08856,15.41906,48.56988,4325.60921,-0.23499,38.00492,7.3931437401866615,2.7541405685386735,-23.999999590604137
17.13419,15.45633,48.5437,4321.53282,-0.22762,37.95978,7.406440313608178,2.759093891992091,-23.999999590604137
17.1798,15.49354,48.51838,4317.44737,-0.22014,37.9145,7.418814237406068,2.7637035041843343,-23.999999590604137
17.22539,15.53068,48.49394,4313.35336,-0.21256,37.86909,7.430251606228189,2.76796422500586,-23.999999590604137
17.27097,15.56777,48.47038,4309.25129,-0.2049,37.82355,7.440740899467758,2.7718717627275145,-23.999999590604137
17.31653,15.60478,48.44771,4305.14168,-0.19718,37.77788,7.450273025657394,2.775422730538488,-23.999999590604137
17.36208,15.64174,48.42593,4301.02506,-0.18941,37.7321,7.4588413574207095,2.7786146595667005,-23.999999590604137
17.40761,15.67862,48.40505,4296.90195,-0.18162,37.68622,7.466441756764193,2.781446008300691,-23.999999590604137
17.45313,15.71545,48.38507,4292.77288,-0.17382,37.64024,7.473072590523675,2.7839161683438336,-23.999999590604137
17.49863,15.75221,48.36598,4288.63841,-0.16602,37.59416,7.4787347359041165,2.7860254664780593,-23.999999590604137
17.54412,15.7889,48.34779,4284.49908,-0.15825,37.548,7.483431576065266,2.78777516301939,-23.999999590604137
17.58959,15.82553,48.33048,4280.35542,-0.15053,37.50176,7.4871689858339705,2.7891674464954015,-23.999999590604137
17.63504,15.8621,48.31405,4276.208,-0.14287,37.45546,7.489955307633147,2.7902054246781334,-23.999999590604137
17.68048,15.8986,48.29849,4272.05735,-0.13528,37.40909,7.4918013178486875,2.790893112054875,-23.999999590604137
17.72591,15.93504,48.28378,4267.90401,-0.12779,37.36266,7.492720183868784,2.791235413824181,-23.999999590604137
17.77131,15.97141,48.26993,4263.74854,-0.12042,37.31619,7.492727412123243,2.7912381065391534,-23.999999590604137
17.81671,16.00772,48.2569,4259.59147,-0.11317,37.26968,7.491840787513439,2.790907815543504,-23.999999590604137
17.86208,16.04396,48.24468,4255.43332,-0.10607,37.22314,7.490080304637405,2.7902519893510886,-23.999999590604137
17.90744,16.08014,48.23326,4251.27461,-0.09913,37.17657,7.487468091336836,2.7892788711651586,-23.999999590604137
17.95278,16.11625,48.22261,4247.11586,-0.09237,37.12997,7.4840283250513835,2.7879974677181303,-23.999999590604137
17.99811,16.1523,48.21271,4242.95757,-0.0858,37.08337,7.479787142580071,2.7864175156553386,-23.999999590604137
18.04342,16.18828,48.20354,4238.80023,-0.07944,37.03676,7.474772543840923,2.784549445682973,-23.999999590604137
18.08871,16.2242,48.19507,4234.64432,-0.07331,36.99015,7.469014290244105,2.782404344709387,-23.999999590604137
18.13399,16.26005,48.18727,4230.4903,-0.06741,36.94354,7.4625437983442025,2.779993916227785,-23.999999590604137
18.17925,16.29584,48.18013,4226.33863,-0.06175,36.89695,7.455394029420575,2.777330439181992,-23.999999590604137
18.22449,16.33157,48.1736,4222.18973,-0.05636,36.85037,7.447599375658615,2.7744267255659776,-23.999999590604137
18.26972,16.36723,48.16766,4218.04403,-0.05124,36.80381,7.439195543597188,2.7712960770049677,-23.999999590604137
18.31493,16.40282,48.16227,4213.90193,-0.04641,36.75728,7.430219435505123,2.7679522405650547,-23.999999590604137
18.36012,16.43835,48.1574,4209.76381,-0.04187,36.71078,7.420709029350917,2.7644093640387677,-23.999999590604137
18.4053,16.47382,48.15303,4205.63003,-0.03764,36.66432,7.410703257980989,2.7606819509357803,-23.999999590604137
18.45045,16.50922,48.1491,4201.50095,-0.03372,36.6179,7.400241888142854,2.7567848154158683,-23.999999590604137
18.4956,16.54456,48.1456,4197.37687,-0.03013,36.57151,7.389365399932865,2.7527330373800187,-23.999999590604137
18.54072,16.57984,48.14247,4193.25811,-0.02687,36.52518,7.378114867227107,2.748541917927793,-23.999999590604137
18.58583,16.61505,48.13968,4189.14495,-0.02394,36.4789,7.36653183962815,2.744226935379383,-23.999999590604137
18.63092,16.6502,48.1372,4185.03764,-0.02136,36.43266,7.354658226401065,2.739803702038727,-23.999999590604137
18.67599,16.68528,48.13499,4180.93643,-0.01913,36.38649,7.3425361828803295,2.7352879218770925,-23.999999590604137
18.72104,16.72031,48.13301,4176.84154,-0.01725,36.34037,7.3302079997252205,2.7306953492777937,-23.999999590604137
18.76608,16.75526,48.13121,4172.75315,-0.01573,36.29431,7.317715995406675,2.726041748984721,-23.999999590604137
18.8111,16.79016,48.12956,4168.67143,-0.01457,36.2483,7.305102412254103,2.721342857377041,-23.999999590604137
18.8561,16.82499,48.12801,4164.59654,-0.01377,36.20236,7.29240931632674,2.716614345168644,-23.999999590604137
18.90109,16.85976,48.12654,4160.5286,-0.01334,36.15648,7.279678501368376,2.7118717816287523,-23.999999590604137
18.94605,16.89447,48.1251,4156.46772,-0.01327,36.11067,7.2669513970200095,2.7071306003887163,-23.999999590604137
18.991,16.92911,48.12364,4152.41396,-0.01357,36.06491,7.254268981450965,2.7024060668948104,-23.999999590604137
19.03594,16.96369,48.12213,4148.36739,-0.01423,36.01922,7.241671698520878,2.6977132475488905,-23.999999590604137
19.08085,16.99821,48.12054,4144.32804,-0.01525,35.97359,7.22919937953507,2.6930669805602148,-23.999999590604137
19.12575,17.03267,48.11881,4140.29592,-0.01664,35.92802,7.216891169646841,2.6884818485283564,-23.999999590604137
19.17062,17.06707,48.11692,4136.27102,-0.01838,35.8825,7.204785458875391,2.683972152745571,-23.999999590604137
19.21548,17.1014,48.11482,4132.2533,-0.02048,35.83704,7.1929198177302105,2.6795518892151833,-23.999999590604137
19.26033,17.13567,48.11247,4128.24272,-0.02293,35.79164,7.1813309373741525,2.675234726360758,-23.999999590604137
19.30515,17.16988,48.10985,4124.23918,-0.02571,35.74629,7.17005457421098,2.671033984383505,-23.999999590604137
19.34996,17.20403,48.10691,4120.24261,-0.02884,35.70099,7.159125498810239,2.6669626162354483,-23.999999590604137
19.39475,17.23812,48.10361,4116.25286,-0.0323,35.65574,7.148577449009066,2.6630331901486173,-23.999999590604137
19.43952,17.27215,48.09993,4112.26982,-0.03608,35.61053,7.138443087028808,2.6592578736598593,-23.999999590604137
19.48427,17.30612,48.09583,4108.29331,-0.04018,35.56536,7.128753960447863,2.6556484190721945,-23.999999590604137
19.52901,17.34002,48.09128,4104.32317,-0.04458,35.52023,7.119540466818496,2.6522161502736474,-23.999999590604137
19.57372,17.37387,48.08624,4100.35918,-0.04929,35.47513,7.1108318217400255,2.648971950843675,-23.999999590604137
19.61842,17.40765,48.08069,4096.40114,-0.05428,35.43006,7.102656030174258,2.645926253367404,-23.999999590604137
19.6631,17.44137,48.07459,4092.44882,-0.05955,35.38501,7.095039860772231,2.643089029871671,-23.999999590604137
19.70776,17.47504,48.06792,4088.50196,-0.06509,35.33998,7.0880088230210765,2.640469783311629,-23.999999590604137
19.75241,17.50864,48.06065,4084.56029,-0.07089,35.29496,7.081587146955012,2.6380775400125533,-23.999999590604137
19.79703,17.54218,48.05275,4080.62353,-0.07693,35.24995,7.075797765225079,2.6359208429903527,-23.999999590604137
19.84164,17.57567,48.0442,4076.69139,-0.0832,35.20495,7.070662297316495,2.634007746072113,-23.999999590604137
19.88623,17.60909,48.03498,4072.76355,-0.0897,35.15994,7.066201035676444,2.6323458087283353,-23.999999590604137
19.9308,17.64245,48.02507,4068.83968,-0.0964,35.11492,7.06243293356967,2.6309420915488277,-23.999999590604137
19.97536,17.67575,48.01444,4064.91944,-0.10329,35.06989,7.059375594440933,2.6298031522799397,-23.999999590604137
20.01989,17.709,48.00308,4061.00247,-0.11037,35.02484,7.057045262612179,2.628935042359008,-23.999999590604137
20.06441,17.74218,47.99097,4057.08841,-0.11761,34.97976,7.055456815119603,2.6283433038734554,-23.999999590604137
20.10891,17.7753,47.97809,4053.17689,-0.125,34.93464,7.054623754538453,2.628032966887834,-23.999999590604137
20.15339,17.80837,47.96443,4049.2675,-0.13254,34.88949,7.054558202628961,2.6280085470767736,-23.999999590604137
20.19785,17.84137,47.94999,4045.35986,-0.14019,34.84428,7.055270894685388,2.6282740436198493,-23.999999590604137
20.24229,17.87431,47.93474,4041.45355,-0.14795,34.79902,7.056771174434156,2.628832937301001,-23.999999590604137
20.28672,17.9072,47.91868,4037.54817,-0.1558,34.7537,7.059066989414509,2.6296881887877097,-23.999999590604137
20.33112,17.94002,47.9018,4033.64327,-0.16373,34.70832,7.062164886712604,2.630842237041834,-23.999999590604137
20.37551,17.97279,47.88409,4029.73843,-0.17173,34.66285,7.066070009005405,2.6322969978458537,-23.999999590604137
20.41988,18.00549,47.86556,4025.83322,-0.17976,34.6173,7.070786090845003,2.6340538624186856,-23.999999590604137
20.46423,18.03814,47.8462,4021.92718,-0.18783,34.57166,7.076315455156536,2.636113696111062,-23.999999590604137
20.50856,18.07072,47.82601,4018.01987,-0.19591,34.52593,7.08265900992268,2.638476837170422,-23.999999590604137
20.55287,18.10325,47.80499,4014.11083,-0.20399,34.48008,7.089816245068659,2.6411430955804898,-23.999999590604137
20.59717,18.13571,47.78314,4010.19962,-0.21204,34.43413,7.097785229554319,2.644111751977999,-23.999999590604137
20.64145,18.16812,47.76046,4006.28576,-0.22007,34.38805,7.106562608724688,2.647381556665707,-23.999999590604137
20.6857,18.20046,47.73697,4002.3688,-0.22805,34.34184,7.116143601969343,2.6509507287404452,-23.999999590604137
20.72994,18.23275,47.71268,3998.44827,-0.23596,34.2955,7.126522000762503,2.6548169553630045,-23.999999590604137
20.77416,18.26497,47.68758,3994.52372,-0.24378,34.24902,7.137690167193524,2.658977391210703,-23.999999590604137
20.81836,18.29713,47.66169,3990.59468,-0.25152,34.20239,7.149639033082079,2.6634286581477733,-23.999999590604137
20.86254,18.32924,47.63503,3986.66069,-0.25914,34.15559,7.162358099817221,2.6681668451654,-23.999999590604137
20.90671,18.36128,47.6076,3982.7213,-0.26663,34.10864,7.175835439055151,2.6731875086416665,-23.999999590604137
20.95085,18.39326,47.57943,3978.77605,-0.27398,34.06151,7.190057694448233,2.6784856729856505,-23.999999590604137
20.99498,18.42518,47.55053,3974.82449,-0.28117,34.0142,7.205010084573211,2.684055831728267,-23.999999590604137
21.03908,18.45704,47.52092,3970.86617,-0.2882,33.9667,7.220676407243058,2.6898919491285427,-23.999999590604137
21.08317,18.48883,47.49062,3966.90067,-0.29503,33.91901,7.237039045409126,2.6959874623723237,-23.999999590604137
21.12724,18.52057,47.45965,3962.92753,-0.30167,33.87113,7.25407897485497,2.702335284438428,-23.999999590604137
21.17128,18.55224,47.42803,3958.94634,-0.30809,33.82303,7.271775773919739,2.708927807720861,-23.999999590604137
21.21531,18.58386,47.39579,3954.95669,-0.31429,33.77472,7.290107635451703,2.715756908481824,-23.999999590604137
21.25932,18.6154,47.36296,3950.95816,-0.32025,33.72619,7.309051381252541,2.722813952232586,-23.999999590604137
21.30331,18.64689,47.32955,3946.95036,-0.32596,33.67744,7.328582479222733,2.730089800120599,-23.999999590604137
21.34728,18.67832,47.2956,3942.93291,-0.33141,33.62845,7.348675063478542,2.7375748164235967,-23.999999590604137
21.39124,18.70968,47.26114,3938.90542,-0.33658,33.57922,7.3693019576325565,2.745258877222216,-23.999999590604137
21.43517,18.74098,47.2262,3934.86753,-0.34147,33.52976,7.390434701526196,2.7531313803585533,-23.999999590604137
21.47908,18.77221,47.1908,3930.81891,-0.34607,33.48004,7.412043581586378,2.7611812567448233,-23.999999590604137
21.52297,18.80338,47.15498,3926.75921,-0.35036,33.43007,7.434097665075029,2.7693969831222067,-23.999999590604137
21.56684,18.83449,47.11878,3922.68812,-0.35434,33.37984,7.456564838407781,2.777766596335564,-23.999999590604137
21.61069,18.86553,47.08222,3918.60534,-0.35799,33.32935,7.479411849747536,2.786277709200671,-23.999999590604137
21.65453,18.89651,47.04534,3914.51058,-0.36132,33.27859,7.502604356054611,2.7949175280316236,-23.999999590604137
21.69834,18.92742,47.00817,3910.40357,-0.36431,33.22756,7.526106974742311,2.8036728718839066,-23.999999590604137
21.74213,18.95827,46.97076,3906.28407,-0.36696,33.17626,7.549883340068116,2.8125301935615914,-23.999999590604137
21.7859,18.98906,46.93313,3902.15184,-0.36926,33.12468,7.573896164392622,2.8214756024379035,-23.999999590604137
21.82965,19.01977,46.89532,3898.00667,-0.37121,33.07281,7.598107304358645,2.830494889108679,-23.999999590604137
21.87338,19.05043,46.85738,3893.84838,-0.37281,33.02066,7.622477832050253,2.839573551900978,-23.999999590604137
21.91709,19.08101,46.81933,3889.6768,-0.37404,32.96823,7.6469681111456245,2.848696825242028,-23.999999590604137
21.96078,19.11153,46.78121,3885.49177,-0.37491,32.91551,7.671537878048089,2.857849709882671,-23.999999590604137
22.00445,19.14198,46.74307,3881.29318,-0.37542,32.86249,7.696146327912571,2.8670170049444743,-23.999999590604137
22.0481,19.17237,46.70493,3877.08092,-0.37556,32.80919,7.720752205494608,2.876183341763387,-23.999999590604137
22.09173,19.20269,46.66684,3872.85491,-0.37534,32.75559,7.745313900648881,2.8853332194654477,-23.999999590604137
22.13533,19.23294,46.62883,3868.6151,-0.37475,32.7017,7.76978954831166,2.8944510422128813,-23.999999590604137
22.17892,19.26312,46.59094,3864.36145,-0.37381,32.64752,7.794137132711118,2.90352115802518,-23.999999590604137
22.22248,19.29323,46.55321,3860.09396,-0.3725,32.59304,7.818314595552644,2.9125278990809815,-23.999999590604137
22.26602,19.32328,46.51567,3855.81263,-0.37083,32.53828,7.842279947832857,2.9214556233717293,-23.999999590604137
22.30954,19.35326,46.47835,3851.51752,-0.36882,32.48321,7.865991384931461,2.9302887575764176,-23.999999590604137
22.35304,19.38316,46.4413,3847.20869,-0.36645,32.42786,7.889407404544949,2.9390118409949983,-23.999999590604137
22.39652,19.413,46.40455,3842.88623,-0.36375,32.37222,7.91248692703591,2.947609570381665,-23.999999590604137
22.43997,19.44277,46.36812,3838.55024,-0.36071,32.3163,7.935189417689326,2.956066845488542,-23.999999590604137
22.4834,19.47247,46.33206,3834.20087,-0.35734,32.26009,7.9574750103296665,2.9643688151163015,-23.999999590604137
22.52681,19.50209,46.29639,3829.83828,-0.35366,32.20359,7.979304631765364,2.9725009234730067,-23.999999590604137
22.5702,19.53165,46.26115,3825.46266,-0.34966,32.14682,8.000640126425914,2.9804489566047114,-23.999999590604137
22.61357,19.56114,46.22637,3821.07421,-0.34537,32.08978,8.021444380594268,2.9881990886752954,-23.999999590604137
22.65691,19.59055,46.19206,3816.67318,-0.34079,32.03246,8.041681445573111,2.9957379278491403,-23.999999590604137
22.70023,19.61989,46.15827,3812.2598,-0.33593,31.97488,8.061316659137795,3.0030525615355463,-23.999999590604137
22.74353,19.64916,46.12502,3807.83437,-0.33081,31.91703,8.080316764574937,3.010130600733744,-23.999999590604137
22.78681,19.67836,46.09232,3803.39717,-0.32544,31.85893,8.098650026661952,3.0169602232383133,-23.999999590604137
22.83006,19.70749,46.06022,3798.94853,-0.31983,31.80058,8.11628634387767,3.023530215440602,-23.999999590604137
22.87329,19.73654,46.02871,3794.48879,-0.31399,31.74197,8.133197356197716,3.029830012485333,-23.999999590604137
22.9165,19.76552,45.99784,3790.01831,-0.30795,31.68313,8.149356547793591,3.0358497365287165,-23.999999590604137
22.95968,19.79443,45.96761,3785.53745,-0.30172,31.62405,8.16473934401625,3.041580232867384,-23.999999590604137
23.00284,19.82326,45.93804,3781.04662,-0.29531,31.56475,8.179323202038939,3.047013103705235,-23.999999590604137
23.04597,19.85203,45.90915,3776.54622,-0.28873,31.50522,8.193087694586707,3.0521407393448743,-23.999999590604137
23.08909,19.88071,45.88095,3772.03669,-0.28202,31.44548,8.206014586209601,3.056956346601391,-23.999999590604137
23.13217,19.90933,45.85345,3767.51845,-0.27517,31.38553,8.218087901595275,3.0614539742506013,-23.999999590604137
23.17524,19.93787,45.82667,3762.99195,-0.26822,31.32537,8.229293985490918,3.06562853535154,-23.999999590604137
23.21828,19.96633,45.80061,3758.45767,-0.26118,31.26503,8.239621553817765,3.069475826287967,-23.999999590604137
23.26129,19.99472,45.77527,3753.91607,-0.25407,31.20449,8.249061735650404,3.072992542406759,-23.999999590604137
23.30429,20.02304,45.75067,3749.36763,-0.2469,31.14378,8.257608105806062,3.0761762901582737,-23.999999590604137
23.34725,20.05128,45.7268,3744.81285,-0.2397,31.08289,8.265256707796299,3.079025595646467,-23.999999590604137
23.3902,20.07945,45.70367,3740.25222,-0.23248,31.02185,8.272006067029533,3.081539909547176,-23.999999590604137
23.43311,20.10754,45.68128,3735.68624,-0.22526,30.96064,8.277857194179187,3.083719608362843,-23.999999590604137
23.47601,20.13555,45.65961,3731.11541,-0.21807,30.89929,8.282813578713055,3.085565992012034,-23.999999590604137
23.51888,20.16349,45.63867,3726.54025,-0.21091,30.83779,8.28688117263388,3.0870812777723793,-23.999999590604137
23.56172,20.19136,45.61845,3721.96125,-0.20381,30.77617,8.290068364582014,3.0882685906331258,-23.999999590604137
23.60454,20.21915,45.59895,3717.37892,-0.19679,30.71441,8.292385944486309,3.0891319501266734,-23.999999590604137
23.64733,20.24687,45.58015,3712.79378,-0.18987,30.65254,8.29384705901975,3.089676253734617,-23.999999590604137
23.6901,20.27451,45.56203,3708.20631,-0.18306,30.59056,8.294467158187432,3.089907256990369,-23.999999590604137
23.73284,20.30207,45.5446,3703.61702,-0.17638,30.52848,8.29426393341604,3.0898315504158607,-23.999999590604137
23.77554,20.32959,45.52863,3699.02445,-0.1532,30.54464,8.292307717944013,3.089102808681404,0.0
23.81818,20.3571,45.51492,3694.42788,-0.1302,30.56083,8.287680159016096,3.0873789212223515,0.0
23.86076,20.38459,45.50344,3689.82883,-0.10744,30.57703,8.280421759748252,3.084674976515101,0.0
23.90328,20.41208,45.49415,3685.22882,-0.08498,30.59324,8.270583008221912,3.0810097826984064,0.0
23.94574,20.43955,45.48703,3680.62938,-0.06288,30.60948,8.258223262997241,3.0764054523977467,0.0
23.98814,20.46701,45.48202,3676.03198,-0.0412,30.62574,8.243410350847597,3.070887252870829,0.0
24.03048,20.49446,45.47908,3671.43809,-0.02,30.64201,8.226220116925992,3.064483438432756,0.0
24.07276,20.5219,45.47816,3666.84914,0.00067,30.6583,8.206735932677779,3.0572250671405543,0.0
24.11498,20.54932,45.47919,3662.26654,0.02075,30.67461,8.185048167127627,3.0491458038336683,0.0
24.15714,20.57673,45.48211,3657.69164,0.0402,30.69094,8.161253627461907,3.04028171173617,0.0
24.19924,20.60413,45.48686,3653.12576,0.05895,30.70729,8.135454974968798,3.030671034879086,0.0
24.24128,20.63152,45.49337,3648.57016,0.07697,30.72365,8.10776012243509,3.0203539736148537,0.0
24.28326,20.65889,45.50154,3644.02608,0.09422,30.74004,8.078281619102283,3.0093724554972794,0.0
24.32518,20.68626,45.51131,3639.49467,0.11064,30.75644,8.047136029118642,2.9977699037385803,0.0
24.36704,20.71361,45.5226,3634.97706,0.1262,30.77286,8.014443309252778,2.985591005391316,0.0
24.40884,20.74095,45.5353,3630.47428,0.14086,30.78931,7.980326191342151,2.9728814812942104,0.0
24.45059,20.76828,45.54934,3625.98734,0.15459,30.80577,7.9449095746037015,2.959687859691867,0.0
24.49227,20.7956,45.56462,3621.51716,0.16736,30.82225,7.908319932530977,2.9460572552883537,0.0
24.5339,20.8229,45.58104,3617.06462,0.17913,30.83875,7.87068473871285,2.932037155349555,0.0
24.57546,20.8502,45.59851,3612.63051,0.1899,30.85527,7.832131915347461,2.9176752142601146,0.0
24.61697,20.87748,45.61693,3608.21558,0.19962,30.87181,7.792789307826813,2.90301905779237,0.0
24.65843,20.90475,45.63619,3603.82049,0.20829,30.88837,7.752784188182828,2.888116098126937,0.0
24.69982,20.93201,45.6562,3599.44585,0.21588,30.90495,7.712242789733702,2.873013360496246,0.0
24.74116,20.95926,45.67684,3595.0922,0.22239,30.92155,7.671289874707248,2.857757322112847,0.0
24.78244,20.9865,45.69803,3590.76001,0.2278,30.93817,7.630048336197788,2.8423937638878876,0.0
24.82366,21.01373,45.71964,3586.44969,0.23211,30.95481,7.5886388352623095,2.8269676352398787,0.0
24.86482,21.04094,45.74158,3582.16157,0.2353,30.97147,7.547179473579382,2.8115229321515294,0.0
24.90593,21.06815,45.76374,3577.89594,0.23739,30.98815,7.505785501655578,2.796102588468962,0.0
24.94699,21.09535,45.78601,3573.65301,0.23837,31.00486,7.464569062183814,2.780748380295939,0.0
24.98798,21.12254,45.80831,3569.43292,0.23824,31.02158,7.423638967797687,2.765500843201509,0.0
25.02892,21.14971,45.83051,3565.23578,0.23702,31.03833,7.383100512217453,2.750399201866912,0.0
25.06981,21.17688,45.85252,3561.0616,0.2347,31.0551,7.343055313439276,2.735481311669447,0.0
25.11064,21.20404,45.87424,3556.91036,0.23131,31.07189,7.303601187475732,2.720783611647496,0.0
25.15142,21.23119,45.89556,3552.78198,0.22685,31.08871,7.264832050888676,2.706341088191442,0.0
25.19214,21.25833,45.9164,3548.67631,0.22134,31.10554,7.22683785027854,2.692187248776583,0.0
25.23281,21.28546,45.93666,3544.59316,0.2148,31.1224,7.189704516723559,2.678354104990545,0.0
25.27342,21.31258,45.95624,3540.53229,0.20725,31.13928,7.153513943118233,2.6648721640912596,0.0
25.31398,21.33969,45.97505,3536.49341,0.19871,31.15619,7.11834398228327,2.651770428302873,0.0
25.35449,21.36679,45.993,3532.47615,0.18921,31.17312,7.084268463717864,2.6390764010564065,0.0
25.39494,21.39389,46.01002,3528.48015,0.17876,31.19007,7.051357226864924,2.626816099381928,0.0
25.43534,21.42098,46.026,3524.50496,0.16741,31.20704,7.019676168756224,2.6150140716576304,0.0
25.47568,21.44805,46.04088,3520.5501,0.15518,31.22404,6.989287303991435,2.6036934199535926,0.0
25.51598,21.47513,46.05458,3516.61506,0.14209,31.24106,6.960248835031915,2.592875826218069,0.0
25.55622,21.50219,46.06702,3512.69927,0.12819,31.25811,6.932615230881853,2.5825815815882875,0.0
25.59641,21.52924,46.07814,3508.80214,0.11351,31.27518,6.9064373123045355,2.572829618135745,0.0
25.63655,21.55629,46.08786,3504.92304,0.09807,31.29228,6.881762341819008,2.563637542392339,0.0
25.67664,21.58333,46.09611,3501.0613,0.08192,31.3094,6.8586341168271305,2.5550216700426405,0.0
25.71667,21.61036,46.10285,3497.21622,0.0651,31.32654,6.837093064316519,2.546997061203235,0.0
25.75666,21.63739,46.10802,3493.38707,0.04764,31.34371,6.8171763357058826,2.539577555755104,0.0
25.79659,21.66441,46.11155,3489.57309,0.02959,31.3609,6.798917900488838,2.5327758082284118,0.0
25.83647,21.69142,46.11341,3485.77349,0.01098,31.37812,6.782348637478977,2.52660332179369,0.0
25.8763,21.71842,46.11354,3481.98744,-0.00815,31.39536,6.767496422524648,2.5210704809379085,0.0
25.91608,21.74542,46.11191,3478.21412,-0.02774,31.41263,6.754386211700665,2.516186582455567,0.0
25.95582,21.77241,46.10848,3474.45266,-0.04777,31.42993,6.743040119090513,2.511959864424622,0.0
25.9955,21.79939,46.10321,3470.70216,-0.06819,31.44724,6.733477488353411,2.508397532867094,0.0
26.03513,21.82637,46.09608,3466.96172,-0.08895,31.46459,6.725714957400434,2.5055057858426286,0.0
26.07471,21.85334,46.08705,3463.23041,-0.11,31.48195,6.719766515589744,2.5032898347552233,0.0
26.11424,21.8803,46.07612,3459.50729,-0.13131,31.49935,6.71564355292786,2.5017539226819947,0.0
26.15372,21.90726,46.06326,3455.79138,-0.15283,31.51677,6.713354900919883,2.5009013395909645,0.0
26.19315,21.93421,46.04846,3452.08172,-0.17451,31.53421,6.712906864712494,2.50073443431517,0.0
26.23253,21.96116,46.03172,3448.3773,-0.19631,31.55168,6.714303246343851,2.5012546232138626,0.0
26.27186,21.9881,46.01302,3444.67711,-0.21818,31.56917,6.717545358956773,2.5024623954672927,0.0
26.31114,22.01503,45.99237,3440.98015,-0.24008,31.58669,6.722632031938464,2.504357314991394,0.0
26.35038,22.04195,45.96977,3437.28538,-0.26195,31.60424,6.729559607012963,2.5069380189821144,0.0
26.38956,22.06887,45.94523,3433.59176,-0.28376,31.62181,6.738321925436711,2.5102022131454342,0.0
26.42869,22.09578,45.91876,3429.89824,-0.30545,31.6394,6.748910306478104,2.5141466636804255,0.0
26.46778,22.12269,45.89038,3426.20378,-0.32698,31.65702,6.761313517507747,2.5187671861370906,0.0
26.50681,22.14959,45.86011,3422.50732,-0.34831,31.67466,6.775517736065029,2.5240586312851616,0.0
26.5458,22.17648,45.82797,3418.8078,-0.36939,31.69233,6.791506504372951,2.5300148681696757,0.0
26.58473,22.20337,45.79399,3415.10415,-0.39018,31.71003,6.809260676870741,2.536628764565495,0.0
26.62362,22.23025,45.75821,3411.39532,-0.41062,31.72774,6.828758361393961,2.54389216506535,0.0
26.66246,22.25713,45.72066,3407.68025,-0.43068,31.74549,6.849974854768664,2.5517958670869647,0.0
26.70125,22.28399,45.68138,3403.95789,-0.45032,31.76325,6.8728825736281465,2.5603295951004803,0.0
26.73998,22.31085,45.64042,3400.22717,-0.46948,31.78104,6.897450981382929,2.5694819734228496,0.0
26.77867,22.33771,45.59781,3396.48707,-0.48813,31.79886,6.923646512381281,2.579240497965638,0.0
26.81731,22.36455,45.55363,3392.73653,-0.50622,31.81669,6.951432494357028,2.58959150734479,0.0
26.8559,22.39139,45.50791,3388.97456,-0.52372,31.83455,6.980769070376521,2.600520153803822,0.0
26.89443,22.41823,45.46071,3385.20012,-0.54059,31.85244,7.011613121581613,2.6120103744335483,0.0
26.93292,22.44505,45.41211,3381.41222,-0.55678,31.87034,7.043918192138972,2.624044863213727,0.0
26.97136,22.47187,45.36216,3377.6099,-0.57226,31.88827,7.077634417833159,2.6366050444121014,0.0
27.00974,22.49868,45.31093,3373.79219,-0.58699,31.90623,7.112708459898277,2.6496710479349455,0.0
27.04808,22.52549,45.25849,3369.95814,-0.60094,31.9242,7.149083445686234,2.6632216872244365,0.0
27.08636,22.55228,45.20492,3366.10686,-0.61408,31.9422,7.186698917880322,2.6772344403393737,0.0
27.1246,22.57907,45.15029,3362.23745,-0.62636,31.96022,7.225490793999912,2.6916854348696098,0.0
27.16278,22.60585,45.09468,3358.34906,-0.63777,31.97826,7.265391337970793,2.706549437345259,0.0
27.20091,22.63262,45.03817,3354.44086,-0.64827,31.99632,7.306329145593007,2.7217998478230787,0.0
27.23899,22.65938,44.98085,3350.51206,-0.65783,32.0144,7.348229145719667,2.737408700325614,0.0
27.27701,22.68614,44.9228,3346.5619,-0.66644,32.03251,7.391012618953721,2.7533466698062283,0.0
27.31499,22.71288,44.8641,3342.58966,-0.67406,32.05063,7.434597235648508,2.7695830863053197,0.0
27.35291,22.73962,44.80486,3338.59467,-0.68067,32.06877,7.478897114945391,2.786085956943384,0.0
27.39078,22.76635,44.74515,3334.5763,-0.68626,32.08694,7.5238229064706115,2.802821996355246,0.0
27.4286,22.79306,44.68507,3330.53396,-0.69081,32.10512,7.569281896239027,2.8197566661419873,0.0
27.46636,22.81977,44.62472,3326.46712,-0.6943,32.12332,7.615178138167538,2.836854223863161,0.0
27.50407,22.84647,44.56418,3322.37528,-0.69673,32.14154,7.661412612411325,2.8540777820212035,0.0
27.54173,22.87316,44.50355,3318.25802,-0.69808,32.15978,7.707883411566552,2.8713893774268393,0.0
27.57933,22.89984,44.44292,3314.11496,-0.69835,32.17804,7.754485955537836,2.8887500512428717,0.0
27.61687,22.92651,44.3824,3309.94578,-0.69753,32.19631,7.801113235614904,2.906119939909155,0.0
27.65437,22.95316,44.32207,3305.75023,-0.69563,32.21461,7.8476560880191935,2.9234583770459017,0.0
27.69181,22.97981,44.26203,3301.52809,-0.69263,32.23292,7.894003496864872,2.940724006314636,0.0
27.72919,23.00644,44.20237,3297.27925,-0.68855,32.25124,7.940042926129077,2.9578749050858417,0.0
27.76652,23.03307,44.14319,3293.00362,-0.6834,32.26959,7.985660679889918,2.9748687186370946,0.0
27.80379,23.05968,44.08457,3288.70121,-0.67718,32.28795,8.030742289691533,2.991662804456738,0.0
27.841,23.08628,44.02661,3284.37207,-0.66991,32.30632,8.075172927515364,3.0082143860865536,0.0
27.87816,23.11286,43.9694,3280.01635,-0.66161,32.32471,8.1188378424507,3.0244807157930236,0.0
27.91527,23.13944,43.91302,3275.63423,-0.65228,32.34312,8.161622818748814,3.040419245204549,0.0
27.95231,23.166,43.85756,3271.22599,-0.64197,32.36154,8.203414652551118,3.0559878029052334,0.0
27.9893,23.19255,43.80309,3266.79197,-0.63069,32.37997,8.244101644246983,3.071144777851125,0.0
28.02623,23.21908,43.74971,3262.33257,-0.61846,32.39842,8.283574102993374,3.085849307317051,0.0
28.06311,23.2456,43.69748,3257.84826,-0.60533,32.41688,8.321724859687583,3.100061467992466,0.0
28.09992,23.27211,43.64647,3253.33959,-0.59132,32.43536,8.358449784300207,3.1137424687015907,0.0
28.13668,23.29861,43.59677,3248.80716,-0.57648,32.45385,8.393648303340425,3.126854843172846,0.0
28.17338,23.32509,43.54843,3244.25165,-0.56084,32.47235,8.427223912914668,3.139362641166708,0.0
28.21002,23.35155,43.50152,3239.67379,-0.54444,32.49086,8.459084682804754,3.151231616258073,0.0
28.2466,23.378,43.4561,3235.07437,-0.52733,32.50939,8.48914374683807,3.1624294085120583,0.0
28.28312,23.40444,43.41222,3230.45427,-0.50956,32.52793,8.517319774853009,3.172925720303537,0.0
28.31958,23.43086,43.36993,3225.81437,-0.49117,32.54648,8.54353742160333,3.1826924835458357,0.0
28.35598,23.45726,43.32928,3221.15566,-0.47222,32.56504,8.567727748085515,3.1917040166462445,0.0
28.39233,23.48365,43.2903,3216.47914,-0.45276,32.58361,8.58982861094346,3.199937169569528,0.0
28.42861,23.51003,43.25304,3211.78587,-0.43285,32.6022,8.609785015911028,3.207371455504564,0.0
28.46483,23.53638,43.21752,3207.07696,-0.41254,32.62079,8.627549431546008,3.2139891677385006,0.0
28.50099,23.56272,43.18377,3202.35356,-0.39189,32.63939,8.643082059933159,3.219775480500763,0.0
28.5371,23.58905,43.15182,3197.61683,-0.37096,32.65801,8.656351061470765,3.2247185327019636,0.0
28.57314,23.61536,43.12167,3192.86799,-0.34981,32.67664,8.66733273133577,3.2288094936718026,0.0
28.60911,23.64165,43.09334,3188.10827,-0.3285,32.69527,8.67601162580642,3.232042610217577,0.0
28.64503,23.66793,43.06683,3183.33893,-0.3071,32.71392,8.682380637136625,3.2344152345168515,0.0
28.68089,23.69418,43.04215,3178.56124,-0.28566,32.73257,8.686441016296074,3.2359278325887524,0.0
28.71669,23.72043,43.01929,3173.77649,-0.26425,32.75124,8.688202343495785,3.236583973313952,0.0
28.75242,23.74665,42.99823,3168.98598,-0.24293,32.76991,8.687682446987068,3.2363902981851544,0.0
28.7881,23.77286,42.97897,3164.191,-0.22176,32.78859,8.684907271219249,3.2353564721923727,0.0
28.82371,23.79905,42.96149,3159.39285,-0.2008,32.80729,8.679910696051145,3.2334951164744488,0.0
28.85926,23.82522,42.94575,3154.59281,-0.18012,32.82599,8.672734309135775,3.23082172352637,0.0
28.89475,23.85137,42.93172,3149.79219,-0.15976,32.8447,8.663427134241047,3.227354555991574,0.0
28.93018,23.87751,42.91939,3144.99222,-0.1398,32.86342,8.652045318560692,3.223114530177048,0.0
28.96554,23.90363,42.90869,3140.19418,-0.12028,32.88215,8.638651782573655,3.2181250856167347,0.0
29.00085,23.92973,42.89959,3135.39928,-0.10126,32.90089,8.62331583626968,3.212412042105472,0.0
29.03609,23.95581,42.89205,3130.60872,-0.0828,32.91964,8.606112765871003,3.206003445741941,0.0
29.07127,23.98188,42.886,3125.82366,-0.06494,32.93839,8.587123395327032,3.198929405573902,0.0
29.1064,24.00793,42.8814,3121.04525,-0.04774,32.95716,8.56643362703743,3.1912219225054588,0.0
29.14146,24.03396,42.87818,3116.27458,-0.03125,32.97594,8.544133966294778,3.182914712139435,0.0
29.17646,24.05997,42.87628,3111.51271,-0.0155,32.99472,8.52031903393094,3.174043023225323,0.0
29.21139,24.08597,42.87563,3106.76066,-0.00054,33.01352,8.495087071620004,3.164643453371615,0.0
29.24627,24.11194,42.87617,3102.01938,0.01359,33.03232,8.468539444118246,3.1547537636170913,0.0
29.28109,24.1379,42.87782,3097.2898,0.02686,33.05113,8.440780142588435,3.1444126934060557,0.0
29.31585,24.16384,42.8805,3092.5728,0.03922,33.06996,8.411915292919895,3.133659777424621,0.0
29.35054,24.18977,42.88414,3087.8692,0.05065,33.08879,8.382052672679366,3.122535165652197,0.0
29.38518,24.21568,42.88866,3083.17976,0.06112,33.10763,8.351301240051658,3.111079447879486,0.0
29.41975,24.24156,42.89398,3078.50519,0.07061,33.12649,8.319770677790581,3.0993334838182127,0.0
29.45427,24.26744,42.90002,3073.84615,0.07908,33.14535,8.287570954864139,3.087338239802413,0.0
29.48873,24.29329,42.90668,3069.20325,0.08653,33.16422,8.254811908121086,3.075134632948231,0.0
29.52312,24.31913,42.91389,3064.57703,0.09293,33.18311,8.221602845932788,3.0627633835000756,0.0
29.55746,24.34495,42.92156,3059.96798,0.09827,33.202,8.18805217542935,3.050264875966275,0.0
29.59174,24.37075,42.92961,3055.37653,0.10254,33.22091,8.154267054542652,3.0376790294959504,0.0
29.62596,24.39654,42.93794,3050.80305,0.10574,33.23982,8.120353069773198,3.025045177838685,0.0
29.66012,24.42231,42.94647,3046.24785,0.10785,33.25875,8.08641394022943,3.0124019590913895,0.0
29.69422,24.44806,42.95511,3041.71121,0.10889,33.27769,8.052551248201215,2.999787215329829,0.0
29.72827,24.47379,42.96378,3037.19332,0.10884,33.29664,8.018864196178255,2.9872379020915925,0.0
29.76226,24.49951,42.97239,3032.69433,0.10771,33.3156,7.985449390057981,2.9747900076153275,0.0
29.79619,24.52522,42.98086,3028.21434,0.1055,33.33458,7.952400647929386,2.962478481607686,0.0
29.83006,24.5509,42.98909,3023.75338,0.10224,33.35356,7.919808833686864,2.950337173260104,0.0
29.86387,24.57657,42.99702,3019.31146,0.09793,33.37256,7.887761714485228,2.938398778147041,0.0
29.89763,24.60223,43.00455,3014.88849,0.09257,33.39157,7.856343840930173,2.9266947935937777,0.0
29.93133,24.62787,43.01161,3010.48437,0.0862,33.41059,7.825636448726169,2.9152554820376717,0.0
29.96497,24.65349,43.01811,3006.09894,0.07883,33.42963,7.795717380396007,2.9041098418666196,0.0
29.99856,24.67909,43.02399,3001.73198,0.07048,33.44868,7.766661025639343,2.8932855852010575,0.0
30.03209,24.70469,43.02916,2997.38324,0.06117,33.46774,7.738538278792579,2.8828091220466345,0.0
30.06557,24.73026,43.03357,2993.05242,0.05094,33.48681,7.711416511829578,2.87270555023628,0.0
30.09899,24.75582,43.03712,2988.73917,0.0398,33.5059,7.685359561335177,2.8629986505774854,0.0
30.13235,24.78137,43.03977,2984.4431,0.02779,33.525,7.660427727873967,2.853710886617166,0.0
30.16566,24.8069,43.04144,2980.1638,0.01493,33.54411,7.636677786169384,2.844863408433634,0.0
30.19892,24.83241,43.04208,2975.90078,0.00127,33.56324,7.614163004601957,2.836476059900211,0.0
30.23212,24.85791,43.04162,2971.65355,-0.01316,33.58238,7.592933172491418,2.828567388848534,0.0
30.26526,24.88339,43.04002,2967.42158,-0.02833,33.60154,7.5730346337700185,2.8211546596127484,0.0
30.29835,24.90886,43.0372,2963.20427,-0.04421,33.62071,7.554510325654854,2.814253867435969,0.0
30.33139,24.93432,43.03314,2959.00104,-0.06074,33.63989,7.537399821021293,2.8078797542554956,0.0
30.36437,24.95976,43.02778,2954.81123,-0.07789,33.65909,7.521739373275961,2.8020458254191807,0.0
30.3973,24.98518,43.02108,2950.63419,-0.09562,33.6783,7.5075619625719705,2.7967643669018183,0.0
30.43017,25.01059,43.01299,2946.46922,-0.11389,33.69753,7.494897342339974,2.792046462639186,0.0
30.46299,25.03599,43.0035,2942.31559,-0.13264,33.71677,7.483772085160279,2.7879020116166155,0.0
30.49576,25.06137,42.99255,2938.17255,-0.15185,33.73602,7.474209627130248,2.784339744397016,0.0
30.52847,25.08674,42.98013,2934.03935,-0.17146,33.75529,7.466230309939003,2.781367238794807,0.0
30.56113,25.11209,42.9662,2929.91517,-0.19143,33.77457,7.459851419995495,2.7789909344521537,0.0
30.59374,25.13743,42.95075,2925.79922,-0.21171,33.79387,7.455087224021867,2.7772161460984375,0.0
30.62629,25.16276,42.93376,2921.69065,-0.23225,33.81318,7.451949000627484,2.7760470753124027,0.0
30.65879,25.18807,42.91522,2917.58862,-0.25301,33.83251,7.450445067489852,2.7754868206477723,0.0
30.69124,25.21336,42.89511,2913.49226,-0.27393,33.85185,7.450580803844431,2.7755373860112913,0.0
30.72364,25.23865,42.87343,2909.40069,-0.29498,33.87121,7.452358668077736,2.7761996872166206,0.0
30.75598,25.26391,42.85017,2905.31301,-0.31609,33.89057,7.4557782103375505,2.777473556681973,0.0
30.78827,25.28917,42.82535,2901.22833,-0.33723,33.90996,7.460836080142673,2.7793577462649455,0.0
30.8205,25.3144,42.79895,2897.14572,-0.35834,33.92936,7.467526029069089,2.781849928263186,0.0
30.85269,25.33963,42.77099,2893.06427,-0.37938,33.94877,7.475838908682525,2.784946694644217,0.0
30.88482,25.36484,42.74148,2888.98305,-0.4003,33.9682,7.485762664001289,2.7886435546101738,0.0
30.9169,25.39003,42.71044,2884.90112,-0.42104,33.98764,7.49728232279899,2.7929349306127818,0.0
30.94892,25.41522,42.67789,2880.81755,-0.44157,34.00709,7.510379981225468,2.7978141529967786,0.0
30.9809,25.44038,42.64385,2876.7314,-0.46183,34.02656,7.525034786243457,2.8032734534571064,0.0
31.01282,25.46554,42.60834,2872.64174,-0.48178,34.04604,7.541222915489676,2.8093039575366383,0.0
31.04469,25.49067,42.57139,2868.54762,-0.50137,34.06553,7.558917555255976,2.8158956764235774,0.0
31.0765,25.5158,42.53305,2864.44812,-0.52055,34.08504,7.578088877361701,2.823037498335803,0.0
31.10827,25.5409,42.49333,2860.34232,-0.53929,34.10456,7.598704015739119,2.8307171797983273,0.0
31.13998,25.566,42.45229,2856.22929,-0.55753,34.1241,7.620727043672152,2.83892133716412,0.0
31.17163,25.59107,42.40997,2852.10813,-0.57523,34.14365,7.644118952657995,2.847635438739515,0.0
31.20324,25.61614,42.36641,2847.97795,-0.59235,34.1632,7.668837633949492,2.856843797908245,0.0
31.23479,25.64118,42.32166,2843.83787,-0.60886,34.18278,7.694837863874303,2.866529567662459,0.0
31.26628,25.66622,42.27577,2839.68702,-0.6247,34.20236,7.7220712940855005,2.876674736970804,0.0
31.29773,25.69123,42.22879,2835.52455,-0.63985,34.22196,7.750486447957287,2.8872601294357394,0.0
31.32912,25.71623,42.18079,2831.34964,-0.65427,34.24156,7.780028724329853,2.8982654046885923,0.0
31.36046,25.74122,42.13182,2827.16148,-0.66792,34.26118,7.810640409879513,2.9096690629977626,0.0
31.39174,25.76619,42.08194,2822.9593,-0.68076,34.28081,7.84226070137763,2.9214484535607532,0.0
31.42297,25.79114,42.03122,2818.74233,-0.69277,34.30045,7.874825739075475,2.9335797869409097,0.0
31.45415,25.81607,41.97972,2814.50986,-0.70391,34.32011,7.908268652495729,2.946038152125965,0.0
31.48527,25.84099,41.92751,2810.2612,-0.71417,34.33977,7.942519619827923,2.958797538654395,0.0
31.51634,25.8659,41.87466,2805.99567,-0.7235,34.35944,7.977505942096834,2.971830864245106,0.0
31.54735,25.89078,41.82124,2801.71266,-0.7319,34.37912,8.013152133211307,2.9851100083429825,0.0
31.57831,25.91565,41.76732,2797.41157,-0.73933,34.39881,8.049380026915673,2.99860585196111,0.0
31.60922,25.9405,41.71298,2793.09186,-0.74578,34.41851,8.086108901559685,3.012288324160859,0.0
31.64007,25.96533,41.65828,2788.75302,-0.75123,34.43822,8.123255623484175,3.0261264554668084,0.0
31.67086,25.99015,41.60331,2784.39458,-0.75566,34.45794,8.160734809675558,3.0400884384598363,0.0
31.7016,26.01495,41.54814,2780.01613,-0.75908,34.47766,8.198459010210776,3.0541416957426595,0.0
31.73229,26.03973,41.49285,2775.61729,-0.76145,34.4974,8.23633891075982,3.068252955377346,0.0
31.76291,26.06449,41.43751,2771.19773,-0.76279,34.51714,8.274283555337878,3.082388333866358,0.0
31.79349,26.08923,41.3822,2766.75719,-0.76309,34.53688,8.312200589152601,3.0965134266195458,0.0
31.824,26.11395,41.32699,2762.29543,-0.76234,34.55664,8.349996521275212,3.110593405806044,0.0
31.85446,26.13866,41.27197,2757.81229,-0.76055,34.5764,8.38757700655918,3.1245931253764,0.0
31.88486,26.16334,41.2172,2753.30765,-0.75773,34.59617,8.424847145996011,3.138477232953007,0.0
31.91521,26.188,41.16276,2748.78144,-0.75387,34.61594,8.461711804477043,3.152210288204732,0.0
31.9455,26.21265,41.10872,2744.23367,-0.749,34.63572,8.49807594459508,3.1657568871968116,0.0
31.97573,26.23727,41.05516,2739.66439,-0.74313,34.6555,8.533844974952029,3.1790817921446055,0.0
32.00591,26.26188,41.00215,2735.07369,-0.73628,34.67529,8.568925111115384,3.192150065879388,0.0
32.03603,26.28646,40.94975,2730.46174,-0.72845,34.69508,8.603223747149572,3.2049272102535507,0.0
32.06608,26.31102,40.89803,2725.82876,-0.71969,34.71488,8.63664983541442,3.2173793076255204,0.0
32.09609,26.33556,40.84705,2721.17503,-0.71001,34.73468,8.669114272114982,3.2294731644872186,0.0
32.12603,26.36008,40.79689,2716.50089,-0.69944,34.75448,8.700530285876528,3.2411764562184646,0.0
32.15591,26.38458,40.74759,2711.80671,-0.68802,34.77429,8.730813826486102,3.25245787190344,0.0
32.18574,26.40905,40.69922,2707.09294,-0.67578,34.7941,8.75988395076749,3.2632872580792602,0.0
32.21551,26.43351,40.65182,2702.36009,-0.66275,34.81391,8.787663202493212,3.2736357602631934,0.0
32.24521,26.45794,40.60546,2697.60869,-0.64898,34.83372,8.814077983163804,3.283475961077698,0.0
32.27486,26.48234,40.56017,2692.83934,-0.63451,34.85354,8.83905891046054,3.2927820137834876,0.0
32.30445,26.50673,40.51601,2688.05269,-0.61938,34.87336,8.86254116119151,3.301529770035976,0.0
32.33398,26.53109,40.47301,2683.24944,-0.60365,34.89317,8.884464795654885,3.3096969007191235,0.0
32.36345,26.55543,40.43121,2678.43033,-0.58735,34.91299,8.904775060374723,3.3172630087224895,0.0
32.39286,26.57974,40.39065,2673.59612,-0.57053,34.93281,8.92342266643485,3.324209732627931,0.0
32.42221,26.60403,40.35136,2668.74764,-0.55326,34.95263,8.940364040692128,3.330520840293151,0.0
32.4515,26.6283,40.31335,2663.88575,-0.53559,34.97246,8.955561547508331,3.3361823114526574,0.0
32.48073,26.65254,40.27666,2659.01133,-0.51756,34.99228,8.968983678828906,3.341182408527101,0.0
32.5099,26.67676,40.2413,2654.1253,-0.49925,35.0121,8.980605210788804,3.345511734963071,0.0
32.53901,26.70095,40.20728,2649.2286,-0.48069,35.03192,8.990407325317163,3.3491632805340408,0.0
32.56806,26.72512,40.17462,2644.32221,-0.46196,35.05174,8.998377695614765,3.3521324531829615,0.0
32.59705,26.74927,40.14332,2639.4071,-0.44311,35.07156,9.004510534706638,3.354417097109392,0.0
32.62597,26.77338,40.11339,2634.48429,-0.42421,35.09138,9.008806606696734,3.35601749696216,0.0
32.65484,26.79748,40.08481,2629.55479,-0.4053,35.1112,9.011273200691225,3.3569363681251017,0.0
32.68365,26.82155,40.05758,2624.61962,-0.38645,35.13101,9.01192406779204,3.3571788332454995,0.0
32.71239,26.84559,40.0317,2619.67982,-0.36772,35.15083,9.010779321923426,3.356752385289364,0.0
32.74107,26.86961,40.00714,2614.73643,-0.34917,35.17064,9.007865305598687,3.355666837536015,0.0
32.76969,26.8936,39.98389,2609.79047,-0.33085,35.19046,9.003214422128604,3.3539342610713003,0.0
32.79826,26.91756,39.96192,2604.84297,-0.31283,35.21027,8.996864936013997,3.351568910428575,0.0
32.82676,26.9415,39.94121,2599.89496,-0.29515,35.23008,8.988860743661942,3.3485871381744583,0.0
32.85519,26.96541,39.92173,2594.94742,-0.27788,35.24989,8.979251116726658,3.345007299296563,0.0
32.88357,26.9893,39.90344,2590.00137,-0.26106,35.2697,8.968090420632151,3.340849646345772,0.0
32.91189,27.01316,39.88631,2585.05777,-0.24476,35.2895,8.955437811025568,3.3361362163571253,0.0
32.94015,27.037,39.8703,2580.11757,-0.22901,35.3093,8.94135691104175,3.330890710622376,0.0
32.96834,27.0608,39.85536,2575.1817,-0.21387,35.32911,8.925915472326073,3.3251383684120825,0.0
32.99648,27.08459,39.84145,2570.25106,-0.19938,35.34891,8.909185022864799,3.3189058357831382,0.0
33.02455,27.10834,39.82851,2565.32652,-0.18559,35.36871,8.891240504651986,3.312221030600176,0.0
33.05256,27.13207,39.8165,2560.40892,-0.17254,35.3885,8.872159904217291,3.30511300489744,0.0
33.08052,27.15577,39.80536,2555.49907,-0.16027,35.4083,8.852023878950455,3.2976118056748325,0.0
33.10841,27.17945,39.79504,2550.59773,-0.14881,35.4281,8.830915382086081,3.2897483351948735,0.0
33.13624,27.2031,39.78547,2545.70564,-0.1382,35.44789,8.80891928909156,3.2815542118023773,0.0
33.16401,27.22672,39.7766,2540.82348,-0.12847,35.46768,8.786122027993558,3.2730616322113315,0.0
33.19172,27.25032,39.76836,2535.95191,-0.11965,35.48747,8.762611216074346,3.264303236164733,0.0
33.21938,27.27389,39.76069,2531.09153,-0.11176,35.50726,8.73847530509656,3.2553119742714696,0.0
33.24697,27.29744,39.75353,2526.24291,-0.10482,35.52705,8.713803237066461,3.246120979769078,0.0
33.2745,27.32095,39.7468,2521.40657,-0.09887,35.54684,8.688684112281273,3.2367634448626457,0.0
33.30197,27.34445,39.74045,2516.58299,-0.0939,35.56663,8.663206871178868,3.2272725022054423,0.0
33.32939,27.36791,39.73441,2511.77259,-0.08994,35.58641,8.637459991283665,3.217681112003298,0.0
33.35674,27.39135,39.7286,2506.97575,-0.08701,35.6062,8.611531200314642,3.2080219551397877,0.0
33.38404,27.41477,39.72296,2502.19282,-0.08509,35.62599,8.585507206273471,3.1983273326269575,0.0
33.41128,27.43815,39.71743,2497.42408,-0.08421,35.64577,8.559473445101244,3.1886290716008214,0.0
33.43846,27.46152,39.71193,2492.66977,-0.08436,35.66556,8.533513846318966,3.1789584380162705,0.0
33.46558,27.48485,39.7064,2487.93011,-0.08554,35.68534,8.507710616817715,3.1693460561032256,0.0
33.49264,27.50816,39.70076,2483.20523,-0.08775,35.70513,8.482144042788345,3.159821834580238,0.0
33.51964,27.53145,39.69496,2478.49524,-0.09099,35.72492,8.45689230963774,3.1504148995685504,0.0
33.54659,27.5547,39.68893,2473.80021,-0.09523,35.7447,8.432031339515916,3.1411535340666785,0.0
33.57348,27.57794,39.68261,2469.12015,-0.10048,35.76449,8.407634646016293,3.13206512382243,0.0
33.60031,27.60115,39.67592,2464.45504,-0.10672,35.78428,8.38377320539904,3.1231761093602155,0.0
33.62708,27.62433,39.66882,2459.80479,-0.11392,35.80406,8.360515343665897,3.1145119439134477,0.0
33.6538,27.64748,39.66123,2455.16932,-0.12208,35.82385,8.337926638668245,3.1060970569572244,0.0
33.68046,27.67061,39.6531,2450.54845,-0.13117,35.84364,8.316069836361251,3.0979548230107885,0.0
33.70706,27.69372,39.64438,2445.942,-0.14116,35.86344,8.295004780291789,3.0901075353699317,0.0
33.73361,27.7168,39.63501,2441.34974,-0.15203,35.88323,8.274788353334605,3.082576384402174,0.0
33.7601,27.73986,39.62493,2436.77139,-0.16376,35.90302,8.255474430678888,3.0753814400330293,0.0
33.78653,27.76289,39.6141,2432.20666,-0.1763,35.92282,8.237113843055234,3.0685416380470834,0.0
33.81291,27.78589,39.60246,2427.65519,-0.18964,35.94262,8.219754349173442,3.0620747698203425,0.0
33.83923,27.80887,39.58998,2423.11662,-0.20373,35.96241,8.203440616379726,3.0559974751145407,0.0
33.86549,27.83183,39.5766,2418.59053,-0.21854,35.98222,8.188214208566992,3.0503252375733947,0.0
33.8917,27.85476,39.56229,2414.07648,-0.23403,36.00202,8.174113580338455,3.0450723825484083,0.0
33.91786,27.87766,39.54701,2409.574,-0.25016,36.02182,8.161174076569928,3.0402520769357975,0.0
33.94396,27.90054,39.53072,2405.0826,-0.2669,36.04163,8.149427936475902,3.0358763306912264,0.0
33.97,27.9234,39.51338,2400.60175,-0.2842,36.06144,8.138904301355476,3.031955999715362,0.0
33.99599,27.94623,39.49498,2396.13088,-0.30201,36.08125,8.129629225317087,3.0285007898491254,0.0
34.02193,27.96904,39.47549,2391.66943,-0.32031,36.10106,8.121625688231504,3.02551926169901,0.0
34.04781,27.99182,39.45486,2387.2168,-0.33903,36.12087,8.114913610337911,3.023018836078249,0.0
34.07363,28.01458,39.4331,2382.77235,-0.35814,36.14069,8.109509867930806,3.0210057998505824,0.0
34.0994,28.03731,39.41018,2378.33546,-0.37759,36.16051,8.105428309659935,3.019485312002422,0.0
34.12512,28.06002,39.38608,2373.90545,-0.39732,36.18033,8.102679773035685,3.0184614097915374,0.0
34.15078,28.0827,39.36079,2369.48164,-0.4173,36.20015,8.101272100806835,3.017937014848206,0.0
34.17639,28.10536,39.3343,2365.06334,-0.43748,36.21998,8.101210156980523,3.017913939143064,0.0
34.20194,28.12799,39.30661,2360.64985,-0.4578,36.23981,8.102495842292237,3.018392890750093,0.0
34.22744,28.1506,39.27772,2356.24044,-0.47822,36.25964,8.10512810902517,3.0193734793672173,0.0
34.25288,28.17319,39.24761,2351.83437,-0.49869,36.27947,8.109102975193371,3.020854221599896,0.0
34.27827,28.19575,39.21631,2347.43091,-0.51915,36.2993,8.114413538079042,3.0228325460041274,0.0
34.30361,28.21828,39.18381,2343.0293,-0.53957,36.31914,8.12104998732829,3.0253047979649605,0.0
34.32889,28.24079,39.15012,2338.6288,-0.55989,36.33897,8.128999617728583,3.0282662444564346,0.0
34.35412,28.26328,39.11526,2334.22863,-0.58006,36.35881,8.138246841996637,3.031711078805398,0.0
34.3793,28.28574,39.07923,2329.82803,-0.60004,36.37865,8.148773203863197,3.0356324255659413,0.0
34.40442,28.30817,39.04207,2325.42625,-0.61977,36.39849,8.160557391886515,3.040022345665275,0.0
34.42949,28.33058,39.00378,2321.02251,-0.63922,36.41833,8.173575254423762,3.0448718419809775,0.0
34.4545,28.35297,38.96439,2316.61606,-0.65832,36.43818,8.18779981629133,3.0501708655473947,0.0
34.47946,28.37533,38.92394,2312.20614,-0.67705,36.45802,8.203201297661131,3.0559083225950094,0.0
34.50437,28.39766,38.88244,2307.79199,-0.69535,36.47787,8.2197471358089,3.0620720826522554,0.0
34.52922,28.41997,38.83993,2303.37288,-0.71318,36.49771,8.237402010362914,3.0686489879513323,0.0
34.55402,28.44225,38.79644,2298.94807,-0.7305,36.51756,8.256127872717679,3.075624864385574,0.0
34.57876,28.46451,38.75201,2294.51683,-0.74726,36.5374,8.275883980347086,3.0829845342920037,0.0
34.60345,28.48674,38.70668,2290.07846,-0.76343,36.55725,8.296626936715374,3.0907118313192212,0.0
34.62809,28.50895,38.66048,2285.63227,-0.77897,36.5771,8.318310737540921,3.098789617661874,0.0
34.65267,28.53113,38.61347,2281.17757,-0.79384,36.59694,8.340886824140634,3.107199803932856,0.0
34.6772,28.55328,38.56568,2276.71371,-0.80801,36.61679,8.364304144594758,3.115923371948801,0.0
34.70167,28.5754,38.51717,2272.24006,-0.82143,36.63663,8.38850922344371,3.12494040069399,0.0
34.72609,28.5975,38.46797,2267.75598,-0.8341,36.65647,8.413446240598063,3.1342300957163953,0.0
34.75045,28.61958,38.41815,2263.2609,-0.84596,36.67631,8.439057120112004,3.143770822198135,0.0
34.77476,28.64162,38.36775,2258.75424,-0.857,36.69615,8.465281629435593,3.1535401419295397,0.0
34.79902,28.66364,38.31682,2254.23548,-0.86718,36.71599,8.492057489656956,3.1635148543772806,0.0
34.82322,28.68563,38.26541,2249.70409,-0.8765,36.73583,8.519320497218247,3.173671042026763,0.0
34.84736,28.70759,38.21359,2245.15961,-0.88492,36.75566,8.547004657488122,3.1839841201413868,0.0
34.87145,28.72953,38.16141,2240.60158,-0.89243,36.77549,8.57504233046925,3.194428891042431,0.0
34.89549,28.75144,38.10892,2236.02959,-0.89901,36.79531,8.603364388839365,3.2049796029835043,0.0
34.91947,28.77332,38.05618,2231.44327,-0.90465,36.81514,8.631900388365251,3.215610013634232,0.0
34.94339,28.79517,38.00324,2226.84227,-0.90933,36.83496,8.660578750674986,3.226293458167734,0.0
34.96726,28.81699,37.95017,2222.22631,-0.91306,36.85477,8.689326958155537,3.2370029218651015,0.0
34.99108,28.83878,37.89703,2217.5951,-0.91583,36.87458,8.718071760670444,3.2477111171231785,0.0
35.01484,28.86055,37.84386,2212.94843,-0.91763,36.89439,8.746739393617526,3.258390564686785,0.0
35.03854,28.88228,37.79072,2208.28613,-0.91846,36.91419,8.775255806699796,3.269013678871916,0.0
35.06218,28.90399,37.73768,2203.60804,-0.91834,36.93398,8.803546902625174,3.2795528564876526,0.0
35.08577,28.92567,37.68479,2198.91407,-0.91725,36.95377,8.831538784819061,3.289980569115623,0.0
35.10931,28.94731,37.6321,2194.20417,-0.91523,36.97356,8.859158013064823,3.3002694583428003,0.0
35.13278,28.96893,37.57966,2189.47832,-0.91226,36.99334,8.886331865840031,3.3103924334886625,0.0
35.15621,28.99052,37.52754,2184.73657,-0.90838,37.01311,8.91298860800632,3.320322771326704,0.0
35.17957,29.01207,37.47577,2179.97899,-0.9036,37.03287,8.939057762332352,3.330034217233883,0.0
35.20288,29.03359,37.42442,2175.20569,-0.89794,37.05263,8.964470383271921,3.3395010871801705,0.0
35.22613,29.05509,37.37352,2170.41685,-0.89142,37.07238,8.989159331248745,3.3486983699068547,0.0
35.24932,29.07655,37.32313,2165.61268,-0.88408,37.09212,9.013059545672434,3.357601828632167,0.0
35.27246,29.09798,37.27329,2160.79341,-0.87593,37.11185,9.036108314804254,3.3661881015833846,0.0
35.29553,29.11938,37.22405,2155.95936,-0.86701,37.13158,9.058245540532702,3.3744348006326965,0.0
35.31855,29.14075,37.17544,2151.11085,-0.85736,37.15129,9.079413996145867,3.3823206073241883,0.0
35.34152,29.16208,37.1275,2146.24825,-0.84701,37.171,9.099559575105037,3.3898253655485626,0.0
35.36442,29.18338,37.08027,2141.37198,-0.836,37.1907,9.118631528896675,3.396930170149253,0.0
35.38727,29.20465,37.03378,2136.4825,-0.82437,37.21038,9.136582692075907,3.403617450757047,0.0
35.41006,29.22589,36.98806,2131.58028,-0.81217,37.23006,9.153369692653321,3.4098710501647016,0.0
35.43279,29.24709,36.94315,2126.66585,-0.79944,37.24973,9.16895314610446,3.4156762966005876,0.0
35.45546,29.26826,36.89905,2121.73975,-0.78622,37.26939,9.183297831359006,3.421020069289291,0.0
35.47808,29.2894,36.85581,2116.80259,-0.77257,37.28904,9.19637284729276,3.4258908567489885,0.0
35.50064,29.3105,36.81344,2111.85496,-0.75853,37.30867,9.208151748395153,3.43027880733117,0.0
35.52313,29.33157,36.77194,2106.89751,-0.74416,37.3283,9.218612658433129,3.434175771563424,0.0
35.54557,29.35261,36.73135,2101.93091,-0.72951,37.34791,9.227738361176621,3.437575335947065,0.0
35.56795,29.37361,36.69166,2096.95583,-0.71463,37.36752,9.235516367396409,3.440472847915596,0.0
35.59027,29.39457,36.65289,2091.97297,-0.69958,37.38711,9.241938957598093,3.4428654317542424,0.0
35.61254,29.41551,36.61503,2086.98308,-0.68441,37.40669,9.247003200181094,3.444751995364652,0.0
35.63474,29.4364,36.5781,2081.98686,-0.66918,37.42626,9.250710944890507,3.4461332278255434,0.0
35.65689,29.45727,36.54209,2076.98508,-0.65394,37.44581,9.25306879173391,3.4470115878133947,0.0
35.67897,29.47809,36.50698,2071.9785,-0.63874,37.46536,9.254088035673277,3.4473912829987317,0.0
35.701,29.49889,36.47279,2066.96786,-0.62365,37.48489,9.253784587678677,3.4472782406365456,0.0
35.72297,29.51964,36.43949,2061.95394,-0.60871,37.50441,9.252178872936057,3.446680069646021,0.0
35.74488,29.54036,36.40706,2056.93751,-0.59399,37.52391,9.249295707143837,3.4456060145277627,0.0
35.76673,29.56105,36.37551,2051.91934,-0.57953,37.54341,9.245164152095198,3.4440669015643883,0.0
35.78852,29.5817,36.3448,2046.90018,-0.56539,37.56289,9.239817351835125,3.4420750777847298,0.0
35.81026,29.60232,36.31491,2041.88079,-0.55161,37.58236,9.23329235086934,3.4396443432418673,0.0
35.83193,29.6229,36.28581,2036.86191,-0.53826,37.60182,9.225629896003472,3.4367898771930094,0.0
35.85355,29.64344,36.25749,2031.8443,-0.52537,37.62126,9.216874223518944,3.4335281588169155,0.0
35.8751,29.66395,36.22991,2026.82866,-0.513,37.64069,9.207072833421895,3.42987688311567,0.0
35.8966,29.68442,36.20304,2021.8157,-0.50118,37.66011,9.196276252637643,3.425854872698399,0.0
35.91804,29.70485,36.17684,2016.80612,-0.48997,37.67951,9.18453778895774,3.4214819861200674,0.0
35.93942,29.72525,36.15129,2011.80058,-0.47941,37.69891,9.1719132776522,3.4167790234878694,0.0
35.96074,29.74562,36.12633,2006.79973,-0.46953,37.71829,9.158460822569111,3.411767630014023,0.0
35.98201,29.76594,36.10194,2001.80419,-0.46037,37.73765,9.144240533579834,3.4064701982071957,0.0
36.00321,29.78623,36.07806,1996.81457,-0.45197,37.75701,9.129314262102703,3.400909769348126,0.0
36.02436,29.80649,36.05467,1991.83144,-0.44435,37.77635,9.113745336471558,3.3951099349074365,0.0
36.04545,29.82671,36.03171,1986.85534,-0.43755,37.79568,9.097598298696917,3.3890947384822505,0.0
36.06648,29.84689,36.00913,1981.88678,-0.4316,37.815,9.080938644206155,3.38288857884255,0.0
36.08745,29.86704,35.9869,1976.92627,-0.42652,37.8343,9.063832565946411,3.376516114602788,0.0
36.10837,29.88715,35.96497,1971.97424,-0.42232,37.85359,9.046346704149233,3.3700021710026262,0.0
36.12922,29.90722,35.94328,1967.03112,-0.41904,37.87287,9.02854790291723,3.3633716492290593,0.0
36.15002,29.92726,35.9218,1962.09731,-0.41669,37.89214,9.010502974710477,3.356649438681408,0.0
36.17076,29.94726,35.90046,1957.17315,-0.41527,37.91139,8.992278473574409,3.3498603324927383,0.0
36.19145,29.96722,35.87922,1952.25897,-0.4148,37.93064,8.973940477939033,3.343028946616857,0.0
36.21207,29.98715,35.85804,1947.35506,-0.41529,37.94987,8.955554383584502,3.336179642702537,0.0
36.23264,30.00704,35.83686,1942.46167,-0.41675,37.96909,8.937184707303958,3.3293364549527618,0.0
36.25316,30.0269,35.81564,1937.57902,-0.41917,37.9883,8.918894901629326,3.3225230211052112,0.0
36.27361,30.04672,35.79432,1932.70729,-0.42255,38.00749,8.900747180866666,3.315762517625849,0.0
36.29401,30.0665,35.77286,1927.84662,-0.42689,38.02668,8.88280235861679,3.309077599181081,0.0
36.31435,30.08625,35.75122,1922.99715,-0.43219,38.04585,8.865119696779605,3.302490342387896,0.0
36.33464,30.10596,35.72933,1918.15893,-0.43843,38.06501,8.84775676599236,3.296022193823443,0.0
36.35487,30.12563,35.70717,1913.33202,-0.4456,38.08416,8.830769317366222,3.2896939222435333,0.0
36.37504,30.14527,35.68468,1908.51642,-0.4537,38.1033,8.814211165256426,3.283525574911431,0.0
36.39516,30.16488,35.66182,1903.71212,-0.46269,38.12243,8.798134080790547,3.27753643793434,0.0
36.41522,30.18444,35.63854,1898.91906,-0.47257,38.14154,8.7825876957762,3.2717450004664888,0.0
36.43523,30.20397,35.61482,1894.13715,-0.48332,38.16065,8.767619416576329,3.2661689226254076,0.0
36.45518,30.22347,35.5906,1889.36627,-0.4949,38.17974,8.753274347507363,3.260825006955734,0.0
36.47507,30.24293,35.56585,1884.60627,-0.50729,38.19883,8.73959522326407,3.2557291732556877,0.0
36.49491,30.26235,35.54053,1879.85697,-0.52047,38.2179,8.726622349854328,3.250896436573716,0.0
36.5147,30.28174,35.51461,1875.11817,-0.5344,38.23696,8.714393553553025,3.2463408881924853,0.0
36.53443,30.30109,35.48805,1870.38961,-0.54906,38.25602,8.70294413730548,3.242075679388002,0.0
36.5541,30.32041,35.46083,1865.67105,-0.56441,38.27506,8.692306844093885,3.2381130077826548,0.0
36.57372,30.33969,35.43291,1860.96218,-0.58041,38.29409,8.682511826717592,3.2344641060875676,0.0
36.59329,30.35894,35.40426,1856.26269,-0.59703,38.31311,8.67358662350998,3.2311392330565023,0.0
36.6128,30.37815,35.37487,1851.57224,-0.61422,38.33212,8.665556139493226,3.2281476664655107,0.0
36.63226,30.39732,35.34471,1846.89046,-0.63196,38.35113,8.658442632527208,3.225497697953036,0.0
36.65166,30.41646,35.31376,1842.21698,-0.65019,38.37012,8.652265704041142,3.223196629567206,0.0
36.67101,30.43556,35.28199,1837.55137,-0.66888,38.3891,8.64704229391265,3.2212507718581507,0.0
36.6903,30.45463,35.2494,1832.89323,-0.68798,38.40807,8.642786679219494,3.219665443412989,0.0
36.70954,30.47366,35.21596,1828.24209,-0.70745,38.42703,8.639510476475685,3.2184449716888386,0.0
36.72873,30.49266,35.18167,1823.5975,-0.72724,38.44598,8.637222647148786,3.2175926950681557,0.0
36.74786,30.51162,35.14652,1818.95898,-0.74731,38.46492,8.635929506183288,3.217110966033921,0.0
36.76694,30.53054,35.1105,1814.32604,-0.76761,38.48385,8.635634733399868,3.217001155416158,0.0
36.78596,30.54943,35.0736,1809.69818,-0.7881,38.50277,8.636339387615065,3.217263657651887,0.0
36.80493,30.56828,35.03582,1805.07487,-0.80872,38.52168,8.638041923392581,3.2178978970254244,0.0
36.82385,30.5871,34.99717,1800.45559,-0.82943,38.54058,8.640738210396222,3.218902334877862,0.0
36.84272,30.60588,34.95764,1795.8398,-0.85019,38.55946,8.644421555356482,3.220274477790197,0.0
36.86153,30.62463,34.91723,1791.22697,-0.87094,38.57834,8.649082726675225,3.222010886749227,0.0
36.88029,30.64334,34.87596,1786.61653,-0.89164,38.59721,8.654709981782782,3.2241071873387854,0.0
36.89899,30.66201,34.83383,1782.00793,-0.91224,38.61607,8.661289097347826,3.226558080993713,0.0
36.91764,30.68065,34.79085,1777.40062,-0.9327,38.63491,8.668803402534714,3.2293573573890964,0.0
36.93624,30.69925,34.74703,1772.79404,-0.95297,38.65375,8.677233815467284,3.232497908023994,0.0
36.95479,30.71782,34.7024,1768.18762,-0.973,38.67257,8.6865588831557,3.2359717410952262,0.0
36.97328,30.73635,34.65696,1763.58081,-0.99275,38.69139,8.696754825105241,3.239769997742809,0.0
36.99172,30.75484,34.61074,1758.97304,-1.01218,38.71019,8.707795580908027,3.2438829697791154,0.0
37.0101,30.7733,34.56375,1754.36378,-1.03124,38.72898,8.719652862068418,3.2483001189952043,0.0
37.02844,30.79172,34.51602,1749.75247,-1.04989,38.74776,8.732296208392773,3.25301009816749,0.0
37.04672,30.8101,34.46758,1745.13858,-1.0681,38.76653,8.745693049206087,3.258000773862546,0.0
37.06494,30.82845,34.41844,1740.52157,-1.08582,38.78528,8.759808769731125,3.2632592511650818,0.0
37.08312,30.84676,34.36864,1735.90092,-1.10302,38.80403,8.774606782907064,3.2687719004322795,0.0
37.10124,30.86504,34.3182,1731.27614,-1.11965,38.82276,8.7900486069283,3.2745243861790323,0.0
37.11931,30.88327,34.26716,1726.64671,-1.1357,38.84148,8.80609394877319,3.2805016981946062,0.0
37.13732,30.90147,34.21554,1722.01216,-1.15112,38.86018,8.822700793959916,3.286688184979056,0.0
37.15528,30.91964,34.16339,1717.37203,-1.16588,38.87888,8.839825502739092,3.293067589577505,0.0
37.17319,30.93776,34.11073,1712.72587,-1.17996,38.89756,8.857422912888865,3.299623087874022,0.0
37.19105,30.95585,34.05759,1708.07325,-1.19333,38.91622,8.875446449254193,3.30633732939789,0.0
37.20885,30.9739,34.00402,1703.41376,-1.20596,38.93488,8.893848240082399,3.313192480661653,0.0
37.2266,30.99191,33.95005,1698.74702,-1.21784,38.95352,8.912579240217157,3.320170271054126,0.0
37.24429,31.00989,33.89572,1694.07265,-1.22894,38.97215,8.931589361077869,3.327252041261124,0.0
37.26194,31.02782,33.84106,1689.39033,-1.23925,38.99076,8.950827607354121,3.3344187941877514,0.0
37.27952,31.04572,33.78612,1684.69973,-1.24875,39.00935,8.970242220224085,3.3416512483110217,0.0
37.29706,31.06358,33.73093,1680.00056,-1.25743,39.02794,8.989780826868895,3.3489298933778944,0.0
37.31454,31.0814,33.67553,1675.29256,-1.26529,39.04651,9.009390595968457,3.3562350483315595,0.0
37.33197,31.09919,33.61997,1670.5755,-1.2723,39.06506,9.029018398775175,3.363546921315635,0.0
37.34934,31.11693,33.56427,1665.84915,-1.27848,39.0836,9.048610975310433,3.3708456715867334,0.0
37.36666,31.13463,33.50847,1661.11335,-1.28382,39.10212,9.068115105119405,3.378111473125116,0.0
37.38393,31.1523,33.45263,1656.36795,-1.28832,39.12062,9.08747778198153,3.3853245797189477,0.0
37.40114,31.16992,33.39676,1651.61282,-1.29198,39.13911,9.106646391857014,3.392465391254045,0.0
37.4183,31.18751,33.34092,1646.84787,-1.29481,39.15759,9.125568893313083,3.399514520927409,0.0
37.43541,31.20506,33.28514,1642.07306,-1.29682,39.17604,9.144193999607332,3.4064528630780564,0.0
37.45246,31.22256,33.22944,1637.28834,-1.29803,39.19448,9.162471361488318,3.413261661285058,0.0
37.46946,31.24003,33.17388,1632.49374,-1.29844,39.2129,9.180351749828466,3.4199225764030943,0.0
37.4864,31.25746,33.11848,1627.68927,-1.29808,39.23131,9.197787237030145,3.4264177541409975,0.0
37.50329,31.27484,33.06327,1622.87502,-1.29696,39.24969,9.214731376218788,3.432729891815901,0.0
37.52012,31.29219,33.00829,1618.05107,-1.29511,39.26806,9.231139377131674,3.438842303876438,0.0
37.5369,31.30949,32.95357,1613.21756,-1.29255,39.28641,9.246968277645319,3.4447389858012087,0.0
37.55363,31.32675,32.89913,1608.37464,-1.28932,39.30474,9.262177109840794,3.4504046759624827,0.0
37.5703,31.34398,32.84501,1603.52251,-1.28544,39.32306,9.276727059529964,3.4558249150539155,0.0
37.58692,31.36116,32.79122,1598.66138,-1.28094,39.34135,9.290581618191847,3.460986102690844,0.0
37.60348,31.3783,32.7378,1593.7915,-1.27586,39.35962,9.303706726272374,3.4658755507932186,0.0
37.61998,31.39539,32.68477,1588.91313,-1.27023,39.37788,9.316070906845168,3.4704815333777534,0.0
37.63644,31.41245,32.63214,1584.02659,-1.2641,39.39611,9.327645388736633,3.4747933324252713,0.0
37.65283,31.42946,32.57994,1579.13218,-1.2575,39.41433,9.338404218167438,3.478801279470086,0.0
37.66918,31.44643,32.52818,1574.23028,-1.25048,39.43252,9.348324358175711,3.48249679263776,0.0
37.68546,31.46336,32.47688,1569.32123,-1.24308,39.4507,9.357385775067533,3.4858724088501916,0.0
37.7017,31.48025,32.42605,1564.40545,-1.23534,39.46885,9.365571511270435,3.488921810965454,0.0
37.71787,31.49709,32.3757,1559.48333,-1.22731,39.48699,9.372867744078702,3.4916398496619725,0.0
37.734,31.51389,32.32584,1554.55533,-1.21904,39.5051,9.379263829864785,3.494022559908434,0.0
37.75006,31.53065,32.27648,1549.62187,-1.21057,39.52319,9.384752333450338,3.496067171905273,0.0
37.76608,31.54736,32.22763,1544.68343,-1.20196,39.54126,9.38932904245346,3.4977721164293976,0.0
37.78203,31.56404,32.17928,1539.7405,-1.19326,39.55931,9.392992966538742,3.499137024554809,0.0
37.79794,31.58066,32.13143,1534.79355,-1.1845,39.57734,9.39574632161182,3.5001627217646636,0.0
37.81378,31.59725,32.0841,1529.84309,-1.17576,39.59535,9.397594499139188,3.5008512165220864,0.0
37.82957,31.61379,32.03726,1524.88964,-1.16707,39.61333,9.39854602085509,3.501205683397301,0.0
37.84531,31.63029,31.99092,1519.93371,-1.15848,39.6313,9.398612479260539,3.501230440901957,0.0
37.86099,31.64674,31.94507,1514.97582,-1.15005,39.64924,9.397808464404624,3.5009309242132263,0.0
37.87662,31.66315,31.89969,1510.01651,-1.14182,39.66716,9.396151477554405,3.50031365301357,0.0
37.89219,31.67952,31.85479,1505.0563,-1.13385,39.68505,9.39366183241968,3.4993861946943796,0.0
37.90771,31.69584,31.81034,1500.09571,-1.12618,39.70293,9.390362544731985,3.498157123221229,0.0
37.92317,31.71211,31.76634,1495.13529,-1.11886,39.72078,9.386279211001783,3.4966359739677526,0.0
37.93857,31.72835,31.72275,1490.17555,-1.11193,39.73862,9.381439877356895,3.4948331948545013,0.0
37.95392,31.74454,31.67958,1485.21702,-1.10544,39.75643,9.375874899430736,3.4927600941536245,0.0
37.96922,31.76068,31.63679,1480.2602,-1.09944,39.77421,9.36961679429183,3.4904287853287257,0.0
37.98446,31.77678,31.59436,1475.30561,-1.09396,39.79198,9.362700085442901,3.4878521292929365,0.0
37.99965,31.79284,31.55228,1470.35374,-1.08904,39.80972,9.355161141924915,3.4850436744709454,0.0
38.01478,31.80885,31.51051,1465.40508,-1.08473,39.82744,9.34703801259484,3.482017595063096,0.0
38.02986,31.82481,31.46904,1460.46009,-1.08106,39.84514,9.338370256605675,3.478788627894747,0.0
38.04488,31.84073,31.42784,1455.51925,-1.07806,39.86282,9.3291987711357,3.4753720082408743,0.0
38.05984,31.85661,31.38688,1450.58299,-1.07578,39.88047,9.319565617370026,3.471783404999632,0.0
38.07476,31.87244,31.34613,1445.65175,-1.07422,39.8981,9.3095138457195,3.4680388555817814,0.0
38.08962,31.88823,31.30556,1440.72594,-1.07344,39.91571,9.29908732120279,3.464154700860936,0.0
38.10442,31.90397,31.26515,1435.80595,-1.07344,39.9333,9.288330549893862,3.460147520520673,0.0
38.11917,31.91967,31.22486,1430.89216,-1.07426,39.95087,9.27728850727809,3.456034069112672,0.0
38.13386,31.93532,31.18466,1425.98493,-1.07591,39.96841,9.266006469278858,3.451831213109672,0.0
38.14851,31.95093,31.14452,1421.08459,-1.07842,39.98593,9.254529846695169,3.447555869229133,0.0
38.16309,31.96649,31.10441,1416.19146,-1.08179,40.00344,9.242904023685085,3.443224944264065,0.0
38.17763,31.98201,31.0643,1411.30583,-1.08605,40.02091,9.231174200910425,3.4388552766502922,0.0
38.19211,31.99748,31.02415,1406.42798,-1.09119,40.03837,9.219385243822982,3.4344635799490892,0.0
38.20653,32.01291,30.98393,1401.55814,-1.09723,40.05581,9.207581536591485,3.4300663884311278,0.0
38.2209,32.0283,30.94362,1396.69656,-1.10418,40.07322,9.195806842015992,3.4256800048908973,0.0
38.23522,32.04364,30.90318,1391.84342,-1.11203,40.09062,9.184104167774912,3.4213204508202035,0.0
38.24949,32.05893,30.86258,1386.9989,-1.12079,40.10799,9.172515639243827,3.417003419029838,0.0
38.2637,32.07418,30.82178,1382.16317,-1.13045,40.12534,9.16108237911112,3.4127442288032257,0.0
38.27786,32.08938,30.78076,1377.33636,-1.14101,40.14267,9.149844393890358,3.4085577836193055,0.0
38.29196,32.10454,30.73949,1372.51856,-1.15245,40.15998,9.138840467453502,3.404458531490846,0.0
38.30602,32.11966,30.69793,1367.70987,-1.16478,40.17727,9.128108061597485,3.4004604279228867,0.0
38.32002,32.13473,30.65607,1362.91034,-1.17797,40.19454,9.117683223663878,3.396576901498624,0.0
38.33396,32.14976,30.61387,1358.12002,-1.192,40.21178,9.107600501119874,3.3928208220585865,0.0
38.34786,32.16474,30.5713,1353.3389,-1.20687,40.22901,9.097892863082352,3.38920447146628,0.0
38.3617,32.17967,30.52835,1348.567,-1.22256,40.24621,9.088591628607208,3.3857395168940805,0.0
38.37549,32.19457,30.48498,1343.80427,-1.23903,40.2634,9.079726401664658,3.382436986599821,0.0
38.38923,32.20941,30.44117,1339.05066,-1.25627,40.28056,9.07132501258995,3.3793072481156425,0.0
38.40291,32.22422,30.3969,1334.3061,-1.27424,40.29771,9.06341346588229,3.376359988801717,0.0
38.41655,32.23898,30.35214,1329.57048,-1.29293,40.31483,9.056015894132793,3.373604198683202,0.0
38.43013,32.25369,30.30689,1324.84371,-1.3123,40.33194,9.04915451789816,3.3710481555021277,0.0
38.44366,32.26836,30.26111,1320.12563,-1.33232,40.34902,9.04284961132876,3.36869941191295,0.0
38.45714,32.28299,30.2148,1315.4161,-1.35296,40.36609,9.037119473343985,3.3665647847446167,0.0
38.47056,32.29757,30.16793,1310.71493,-1.37418,40.38313,9.031980404162924,3.364650346257623,0.0
38.48394,32.3121,30.1205,1306.02195,-1.39594,40.40015,9.027446687015,3.3629614173307445,0.0
38.49726,32.32659,30.07248,1301.33694,-1.41821,40.41716,9.023530574819436,3.3615025624987833,0.0
38.51054,32.34104,30.02387,1296.65968,-1.44095,40.43414,9.020242281707274,3.360277586794304,0.0
38.52376,32.35545,29.97466,1291.98994,-1.46412,40.45111,9.017589979188346,3.3592895343197244,0.0
38.53693,32.3698,29.92483,1287.32745,-1.48769,40.46805,9.015579796859777,3.3585406885112525,0.0
38.55005,32.38412,29.87439,1282.67195,-1.5116,40.48498,9.014215827502154,3.3580325740373445,0.0
38.56312,32.39839,29.82332,1278.02317,-1.53582,40.50188,9.013500136464248,3.3577659602947594,0.0
38.57614,32.41262,29.77163,1273.38082,-1.5603,40.51877,9.013432775248958,3.357740866469684,0.0
38.5891,32.4268,29.7193,1268.74459,-1.585,40.53563,9.01401179920969,3.3579565681300934,0.0
38.60202,32.44093,29.66635,1264.11418,-1.60989,40.55248,9.01523328931513,3.358411605333709,0.0
38.61489,32.45503,29.61276,1259.48927,-1.63491,40.5693,9.017091377916966,3.359103792227147,0.0
38.6277,32.46908,29.55855,1254.86953,-1.66002,40.58611,9.019578278511029,3.3600302281327274,0.0
38.64047,32.48308,29.50371,1250.25464,-1.68518,40.6029,9.022684319454315,3.361187310108958,0.0
38.65318,32.49704,29.44825,1245.64426,-1.71035,40.61966,9.026397981652268,3.3625707469900283,0.0
38.66585,32.51096,29.39217,1241.03805,-1.73549,40.63641,9.03070594020587,3.364175574900456,0.0
38.67846,32.52483,29.33549,1236.43567,-1.76055,40.65314,9.035593110037745,3.3659961742520066,0.0
38.69103,32.53865,29.27822,1231.83678,-1.78549,40.66984,9.04104269550276,3.3680262882249488,0.0
38.70354,32.55244,29.22035,1227.24103,-1.81028,40.68653,9.047036244031741,3.3702590427517465,0.0
38.71601,32.56617,29.16191,1222.64808,-1.83487,40.70319,9.053553703789431,3.372686967996173,0.0
38.72842,32.57987,29.10291,1218.05758,-1.85922,40.71984,9.060573485397311,3.3753020213466787,0.0
38.74079,32.59351,29.04336,1213.4692,-1.88331,40.73646,9.068072527718822,3.37809561192312,0.0
38.7531,32.60712,28.98328,1208.88261,-1.90708,40.75307,9.076026367702214,3.3810586265950584,0.0
38.76537,32.62068,28.92268,1204.29747,-1.93052,40.76965,9.084409214300138,3.384181457518754,0.0
38.77759,32.63419,28.86158,1199.71346,-1.95358,40.78622,9.093194026408193,3.3874540311713215,0.0
38.78975,32.64766,28.79999,1195.13027,-1.97623,40.80276,9.102352594824143,3.3908658388827013,0.0
38.80187,32.66109,28.73794,1190.54759,-1.99845,40.81928,9.11185562811921,3.394405968824968,0.0
38.81394,32.67447,28.67545,1185.96512,-2.02021,40.83578,9.121672842391694,3.3980631394479217,0.0
38.82596,32.6878,28.61252,1181.38257,-2.04148,40.85226,9.131773054757192,3.4018257343066516,0.0
38.83792,32.70109,28.5492,1176.79966,-2.06224,40.86871,9.142124280453338,3.405681838235605,0.0
38.84984,32.71434,28.48549,1172.21614,-2.08247,40.88515,9.152693833406357,3.4096192748122798,0.0
38.86171,32.72754,28.42142,1167.63175,-2.10214,40.90156,9.163448430035134,3.413625645026968,0.0
38.87353,32.74069,28.35701,1163.04626,-2.12125,40.91796,9.174354296106507,3.4176883670891605,0.0
38.8853,32.7538,28.29228,1158.45944,-2.13977,40.93433,9.18537727633381,3.421794717255896,0.0
38.89702,32.76686,28.22725,1153.87109,-2.1577,40.95067,9.196482946474328,3.4259318715910063,0.0
38.90869,32.77988,28.16196,1149.28102,-2.17502,40.967,9.207636727541376,3.4300869485121246,0.0
38.92032,32.79285,28.09641,1144.68905,-2.19173,40.9833,9.218804001830616,3.434247052013537,0.0
38.93189,32.80578,28.03063,1140.09504,-2.20783,40.99958,9.229950230303409,3.4383993153945736,0.0
38.94341,32.81866,27.96465,1135.49884,-2.2233,41.01584,9.24104107095162,3.4425309453536124,0.0
38.95488,32.8315,27.89849,1130.90034,-2.23816,41.03208,9.252042497663433,3.4466292662687215,0.0
38.96631,32.84429,27.83216,1126.29945,-2.25239,41.04829,9.262920919105163,3.4506817644842593,0.0
38.97768,32.85703,27.7657,1121.69607,-2.26602,41.06448,9.273643297128888,3.454676132420842,0.0
38.98901,32.86973,27.69912,1117.09017,-2.27905,41.08064,9.284177264157446,3.458600312304333,0.0
39.00029,32.88238,27.63244,1112.48169,-2.29148,41.09678,9.294491239026225,3.4624425393199654,0.0
39.01151,32.89499,27.56568,1107.87062,-2.30334,41.1129,9.3045545406973,3.4661913839738427,0.0
39.02269,32.90755,27.49887,1103.25696,-2.31463,41.12899,9.314337499296014,3.4698357934569963,0.0
39.03382,32.92006,27.43202,1098.64074,-2.32538,41.14506,9.323811563906796,3.4733651318021557,0.0
39.0449,32.93253,27.36514,1094.02201,-2.33561,41.16111,9.332949406527254,3.4767692186093853,0.0
39.05593,32.94495,27.29827,1089.40082,-2.34533,41.17713,9.341725021655005,3.480038366144803,0.0
39.06691,32.95732,27.23141,1084.77726,-2.35458,41.19312,9.350113820941843,3.483163414601743,0.0
39.07784,32.96965,27.16457,1080.15143,-2.36338,41.2091,9.358092722367957,3.486135765320502,0.0
39.08872,32.98192,27.09778,1075.52347,-2.37176,41.22504,9.365640233442898,3.4889474117828865,0.0
39.09955,32.99416,27.03105,1070.89351,-2.37975,41.24096,9.372736527955752,3.4915909682036697,0.0
39.11033,33.00634,26.96439,1066.26172,-2.38739,41.25686,9.379363515799541,3.4940596955420253,0.0
39.12107,33.01848,26.89781,1061.62828,-2.39471,41.27273,9.385504905473079,3.496347524785106,0.0
39.13175,33.03057,26.83132,1056.99338,-2.40174,41.28858,9.391146258901488,3.49844907737013,0.0
39.14239,33.04262,26.76493,1052.35725,-2.40854,41.3044,9.396275038223028,3.50035968261371,0.0
39.15297,33.05461,26.69865,1047.72012,-2.41512,41.32019,9.400880644279873,3.5020753920506724,0.0
39.16351,33.06656,26.63248,1043.08223,-2.42155,41.33596,9.404954446607256,3.5035929906058128,0.0
39.174,33.07847,26.56643,1038.44385,-2.42786,41.3517,9.408489804723564,3.504910004525009,0.0
39.18443,33.09032,26.50051,1033.80525,-2.43409,41.36742,9.411482080625735,3.506024706030084,0.0
39.19482,33.10213,26.43472,1029.16672,-2.44028,41.38311,9.413928642440894,3.506936114679147,0.0
39.20516,33.11389,26.36905,1024.52858,-2.44649,41.39878,9.415828859236203,3.507643995433113,0.0
39.21545,33.1256,26.30352,1019.89112,-2.45275,41.41442,9.417184087041676,3.508148853448841,0.0
39.22569,33.13726,26.23811,1015.25468,-2.45912,41.43003,9.417997646224096,3.5084519256503226,0.0
39.23589,33.14888,26.17283,1010.61959,-2.46564,41.44562,9.418274790374538,3.5085551691384635,0.0
39.24603,33.16045,26.10768,1005.98619,-2.47235,41.46118,9.418022666952586,3.5084612465300204,0.0
39.25612,33.17197,26.04264,1001.35483,-2.4793,41.47671,9.417250269965686,3.5081735083294117,0.0
39.26617,33.18344,25.97772,996.72586,-2.48654,41.49222,9.415968385014482,3.507695972456666,0.0
