0.04986,0.04986,51.48178,5267.07021,-0.45999,45.0001,7.277918538056459,2.7112161489876416,0.0
0.09967,0.09967,51.42118,5263.10003,-0.41918,45.00025,7.329155148349759,2.730303134438248,0.0
0.14945,0.14946,51.36629,5259.09239,-0.37767,45.00045,7.374707847734962,2.747272713522891,0.0
0.1992,0.1992,51.31721,5255.05034,-0.33555,45.00069,7.41438886243117,2.7620549355675617,0.0
0.2489,0.24891,51.27399,5250.97708,-0.29291,45.00098,7.448037117437462,2.774589795896278,0.0
0.29857,0.29858,51.23669,5246.8759,-0.24985,45.00132,7.4755198393924225,2.784827832938435,0.0
0.3482,0.34821,51.20536,5242.75016,-0.20648,45.00171,7.496733875797437,2.792730619674194,0.0
0.39779,0.3978,51.18002,5238.60335,-0.1629,45.00214,7.511606707275139,2.7982711407273864,0.0
0.44734,0.44736,51.16068,5234.43896,-0.11922,45.00262,7.520097135111366,2.801434048492982,0.0
0.49685,0.49687,51.14734,5230.26056,-0.07553,45.00315,7.522195632362247,2.8022157939337213,0.0
0.54632,0.54635,51.13998,5226.07173,-0.03194,45.00372,7.51792435312327,2.8006246300330817,0.0
0.59575,0.59579,51.13858,5221.87605,0.01144,45.00434,7.507336801124145,2.7966804883381484,0.0
0.64514,0.64519,51.14309,5217.67709,0.05451,45.00501,7.490517165163597,2.790414731391588,0.0
0.69449,0.69455,51.15345,5213.4784,0.09716,45.00572,7.467579335128983,2.7818697861730626,0.0
0.74379,0.74388,51.16959,5209.28347,0.13931,45.00648,7.438665618092661,2.771098665811352,0.0
0.79306,0.79316,51.19142,5205.09575,0.18084,45.00728,7.403945179138447,2.758164388751177,0.0
0.84229,0.84241,51.21884,5200.91858,0.22167,45.00813,7.3636122360924094,2.7431393062429277,0.0
0.89148,0.89161,51.25175,5196.75524,0.26171,45.00903,7.317884040925497,2.7261043503620255,0.0
0.94062,0.94078,51.29001,5192.60889,0.30086,45.00997,7.26699868344662,2.7071482158268094,0.0
0.98973,0.98991,51.3335,5188.48257,0.33904,45.01096,7.211212754644424,2.6863664895318653,0.0
1.0388,1.03901,51.38207,5184.3792,0.37617,45.012,7.15079890804826,2.6638607420908227,0.0
1.08782,1.08806,51.43556,5180.30157,0.41218,45.01308,7.08604335739318,2.6397375956507245,0.0
1.13681,1.13708,51.49381,5176.2523,0.447,45.01421,7.017243348055266,2.6141077819351586,0.0
1.18575,1.18606,51.55665,5172.23389,0.48055,45.01538,6.9447046380908395,2.5870852038650827,0.0
1.23466,1.23501,51.62389,5168.24867,0.51279,45.0166,6.868739022364813,2.5587860132314932,0.0
1.28352,1.28391,51.69535,5164.2988,0.54366,45.01787,6.789661930387505,2.5293277158264345,0.0
1.33235,1.33278,51.77082,5160.38629,0.57309,45.01919,6.707790125143053,2.4988283141960332,0.0
1.38114,1.38162,51.85012,5156.51298,0.60106,45.02055,6.6234395265271635,2.4674054968137917,0.0
1.42989,1.43042,51.93303,5152.68054,0.62752,45.02196,6.536923179137436,2.435175881029017,0.0
1.4786,1.47919,52.01935,5148.89049,0.65243,45.02342,6.44854938023625,2.4022543156837326,0.0
1.52728,1.52792,52.10885,5145.14417,0.67577,45.02492,6.358619979771782,2.3687532478257847,0.0
1.57591,1.57662,52.20132,5141.44277,0.69751,45.02647,6.26742886053532,2.334782156527451,0.0
1.62451,1.62528,52.29654,5137.78732,0.71763,45.02807,6.175260602941334,2.300447055480882,0.0
1.67308,1.67392,52.39429,5134.17871,0.73611,45.02972,6.0823893355764165,2.2658500647973403,0.0
1.7216,1.72252,52.49435,5130.61767,0.75296,45.03141,5.989077769666577,2.2310890513208634,0.0
1.77009,1.77108,52.59649,5127.10479,0.76815,45.03316,5.895576412904668,2.196257335758293,0.0
1.81855,1.81962,52.70048,5123.64053,0.78169,45.03495,5.802122955867084,2.1614434641033506,0.0
1.86697,1.86813,52.80611,5120.22521,0.79358,45.03679,5.7089418222803054,2.1267310400990946,0.0
1.91536,1.9166,52.91316,5116.85905,0.80382,45.03868,5.616243872918922,2.0921986149321405,0.0
1.96371,1.96505,53.02139,5113.54212,0.81243,45.04062,5.524226251744591,2.057919629915376,0.0
2.01203,2.01347,53.1306,5110.27442,0.81942,45.04261,5.4330723620912424,2.0239624076163207,0.0
2.06031,2.06186,53.24057,5107.05582,0.82479,45.04465,5.342951960193543,1.9903901866989446,0.0
2.10856,2.11022,53.35108,5103.88609,0.82858,45.04673,5.254021353179166,1.9572611956809935,0.0
2.15678,2.15855,53.46192,5100.76495,0.8308,45.04887,5.1664236886592905,1.924628760814072,0.0
2.20497,2.20686,53.57289,5097.69199,0.83147,45.05106,5.080289323314584,1.8925414433916197,0.0
2.25313,2.25514,53.68377,5094.66676,0.83062,45.05329,4.995736258329644,1.8610432019596965,0.0
2.30125,2.30339,53.79438,5091.68872,0.82827,45.05558,4.912870630094562,1.8301735751162287,0.0
2.34935,2.35162,53.90452,5088.75727,0.82446,45.05792,4.831787245287081,1.799967880843189,0.0
2.39741,2.39983,54.01399,5085.87177,0.81921,45.06031,4.752570150235786,1.7704574286093673,0.0
2.44545,2.44801,54.1226,5083.03151,0.81256,45.06275,4.6752932252929,1.7416697407898758,0.0
2.49345,2.49617,54.23018,5080.23573,0.80455,45.06524,4.600020795797581,1.7136287802660533,0.0
2.54143,2.5443,54.33655,5077.48364,0.79519,45.06778,4.526808252096333,1.6863551813993778,0.0
2.58938,2.59241,54.44152,5074.77441,0.78454,45.07037,4.4557026719371144,1.6598664818896565,0.0
2.6373,2.6405,54.54495,5072.10718,0.77261,45.07171,4.3867439131539205,1.6341775298287742,-0.999999982941839
2.68519,2.68857,54.64665,5069.48105,0.75945,45.07312,4.319964720525839,1.6093005235085083,-0.999999982941839
2.73305,2.73661,54.74647,5066.8951,0.7451,45.07459,4.255390867512003,1.585245064220526,-0.999999982941839
2.7809,2.78463,54.84427,5064.3484,0.72959,45.07614,4.193042225092277,1.5620185544276648,-0.999999982941839
2.82871,2.83263,54.93989,5061.83997,0.71297,45.07776,4.132933324379537,1.5396264073518064,-0.999999982941839
2.8765,2.88061,55.03318,5059.36885,0.69528,45.07945,4.075073897347647,1.5180722484092795,-0.999999982941839
2.92426,2.92857,55.12402,5056.93404,0.67654,45.0812,4.019469394237121,1.4973581079580802,-0.999999982941839
2.972,2.97651,55.21227,5054.53453,0.65681,45.08302,3.9661214763920447,1.4774846048925918,-0.999999982941839
3.01972,3.02444,55.2978,5052.16931,0.63611,45.08491,3.9150284836591913,1.4584511207620572,-0.999999982941839
3.06741,3.07234,55.3805,5049.83737,0.61449,45.08687,3.8661858758948697,1.4402559642434933,-0.999999982941839
3.11508,3.12022,55.46024,5047.53768,0.59198,45.08889,3.819586648429818,1.4228965259132949,-0.999999982941839
3.16272,3.16808,55.53691,5045.26919,0.56862,45.09098,3.7752217216125774,1.406369423362395,-0.999999982941839
3.21034,3.21593,55.61041,5043.03089,0.54446,45.09314,3.7330803047923506,1.390670636789451,-0.999999982941839
3.25794,3.26376,55.68064,5040.82171,0.51953,45.09536,3.6931502352839987,1.3757956352742304,-0.999999982941839
3.30551,3.31157,55.7475,5038.64063,0.49386,45.09764,3.655418293009719,1.36173949398991,-0.999999982941839
3.35306,3.35937,55.8109,5036.4866,0.4675,45.09999,3.6198704916299964,1.3484970026570176,-0.999999982941839
3.40059,3.40715,55.87076,5034.35858,0.44048,45.1024,3.5864923470573453,1.3360627655718658,-0.999999982941839
3.4481,3.45491,55.92698,5032.25551,0.41283,45.10487,3.5552691243217467,1.3244312935704219,-0.999999982941839
3.49558,3.50266,55.97951,5030.17635,0.38461,45.1074,3.5261860637764997,1.3135970882959402,-0.999999982941839
3.54304,3.55039,56.02826,5028.12004,0.35583,45.11,3.4992285876593536,1.3035547191484185,-0.999999982941839
3.59048,3.59811,56.07317,5026.08555,0.32655,45.11265,3.474382488020675,1.2942988932927844,-0.999999982941839
3.6379,3.64582,56.11417,5024.07181,0.29679,45.11537,3.451634097011347,1.2858245190956192,-0.999999982941839
3.6853,3.6935,56.15122,5022.07778,0.26659,45.11814,3.4309704404980903,1.2781267633509066,-0.999999982941839
3.73268,3.74118,56.18426,5020.10239,0.23598,45.12098,3.4123793759247514,1.2712011026369892,-0.999999982941839
3.78003,3.78884,56.21323,5018.14459,0.20501,45.12387,3.395849715293871,1.2650433691304397,-0.999999982941839
3.82737,3.83649,56.23811,5016.20333,0.17371,45.12682,3.3813713340884433,1.2596497911822813,-0.999999982941839
3.87468,3.88412,56.25885,5014.27753,0.14211,45.12983,3.3689352668777386,1.2550170289336724,-0.999999982941839
3.92197,3.93174,56.27541,5012.36612,0.11025,45.13289,3.3585337902913595,1.251142205225926,-0.999999982941839
3.96925,3.97935,56.28777,5010.46804,0.07816,45.13601,3.350160493967451,1.2480229320305847,-0.999999982941839
4.0165,4.02694,56.29591,5008.58221,0.04588,45.13918,3.343810340003222,1.2456573325963025,-0.999999982941839
4.06373,4.07453,56.2998,5006.70753,0.01344,45.14241,3.339479711358225,1.2440440594803441,-0.999999982941839
4.11094,4.1221,56.29943,5004.84292,-0.01912,45.1457,3.337166449579624,1.2431823086022344,-0.999999982941839
4.15813,4.16966,56.29479,5002.98727,-0.05176,45.14904,3.3368698821236356,1.2430718294217193,-0.999999982941839
4.2053,4.2172,56.28587,5001.13948,-0.08446,45.15243,3.3385908394832873,1.243712931319303,-0.999999982941839
4.25245,4.26474,56.27267,4999.29843,-0.11718,45.15587,3.3423316622224983,1.2451064862166292,-0.999999982941839
4.29958,4.31226,56.2552,4997.46299,-0.14989,45.15937,3.348096197951967,1.2472539274499195,-0.999999982941839
4.3467,4.35977,56.23345,4995.63201,-0.18254,45.16291,3.3558897881813277,1.2501572448720568,-0.999999982941839
4.39379,4.40727,56.20745,4993.80435,-0.2151,45.16651,3.3657192448994446,1.253818976128127,-0.999999982941839
4.44086,4.45476,56.17722,4991.97884,-0.24754,45.17015,3.3775928166521267,1.258242194018476,-0.999999982941839
4.48791,4.50224,56.14276,4990.1543,-0.27983,45.17385,3.3915201438053693,1.2634304898330906,-0.999999982941839
4.53494,4.5497,56.10411,4988.32953,-0.31192,45.17759,3.4075122025785403,1.2693879525024876,-0.999999982941839
4.58195,4.59716,56.0613,4986.50332,-0.34378,45.18138,3.4255812373795487,1.2761191433907817,-0.999999982941839
4.62894,4.6446,56.01437,4984.67445,-0.37538,45.18522,3.4457406808715394,1.2836290665184298,-0.999999982941839
4.6759,4.69204,55.96334,4982.84168,-0.40668,45.1891,3.468005061130423,1.2919231339759651,-0.999999982941839
4.72285,4.73946,55.90828,4981.00374,-0.43765,45.19303,3.4923898951882135,1.3010071262660907,-0.999999982941839
4.76978,4.78687,55.84922,4979.15936,-0.46824,45.19701,3.5189115681734804,1.3108871472803167,-0.999999982941839
4.81669,4.83427,55.78623,4977.30723,-0.49842,45.20102,3.547587197215326,1.3215695735996134,-0.999999982941839
4.86358,4.88166,55.71935,4975.44605,-0.52815,45.20508,3.578434479202464,1.3330609977806596,-0.999999982941839
4.91045,4.92904,55.64866,4973.57447,-0.55739,45.20919,3.6114715214695075,1.3453681652820306,-0.999999982941839
4.95729,4.97641,55.57422,4971.69115,-0.58612,45.21333,3.646716654409685,1.3584979046575063,-0.999999982941839
5.00412,5.02377,55.49611,4969.79469,-0.61428,45.21752,3.684188225027851,1.3724570506491338,-0.999999982941839
5.05092,5.07111,55.41441,4967.88372,-0.64185,45.22175,3.7239043704126518,1.3872523597996491,-0.999999982941839
5.0977,5.11845,55.32919,4965.95681,-0.66877,45.22601,3.7658827701172304,1.4028904182077755,-0.999999982941839
5.14447,5.16577,55.24055,4964.01254,-0.69502,45.23031,3.8101403764763027,1.419377541064237,-0.999999982941839
5.19121,5.21309,55.14858,4962.04943,-0.72055,45.23465,3.8566931219224085,1.436719663619362,-0.999999982941839
5.23792,5.26039,55.05338,4960.06603,-0.74533,45.23903,3.9055556024463947,1.4549222232637853,-0.999999982941839
5.28462,5.30768,54.95505,4958.06085,-0.7693,45.24344,3.956740736446626,1.4739900324408002,-0.999999982941839
5.33129,5.35496,54.85371,4956.03237,-0.79245,45.24789,4.010259398346213,1.493927142159141,-0.999999982941839
5.37795,5.40223,54.74946,4953.97908,-0.81471,45.25237,4.066120026534335,1.5147366959408008,-0.999999982941839
5.42458,5.44948,54.64243,4951.89943,-0.83606,45.25689,4.124328205379399,1.5364207741099476,-0.999999982941839
5.47118,5.49672,54.53274,4949.79189,-0.85645,45.26143,4.184886221341096,1.558980228432976,-0.999999982941839
5.51777,5.54396,54.42051,4947.65488,-0.87584,45.26601,4.247792593478374,1.5824145072203772,-0.999999982941839
5.56432,5.59117,54.3059,4945.48684,-0.89419,45.27062,4.313041579021009,1.606721471139143,-0.999999982941839
5.61086,5.63838,54.18902,4943.2862,-0.91146,45.27525,4.380622655054744,1.6318972001268366,-0.999999982941839
5.65737,5.68557,54.07004,4941.05139,-0.92762,45.27992,4.45051997783555,1.657935791971935,-0.999999982941839
5.70386,5.73275,53.9491,4938.78082,-0.94261,45.28461,4.522711821744167,1.6848291533096267,-0.999999982941839
5.75032,5.77992,53.82635,4936.47292,-0.9564,45.28933,4.597170000478023,1.7125667840005778,-0.999999982941839
5.79676,5.82707,53.70196,4934.12613,-0.96896,45.29407,4.673859273658441,1.7411355560765014,-0.999999982941839
5.84317,5.87421,53.57609,4931.73889,-0.98024,45.29884,4.75273674274938,1.7705194887039937,-0.999999982941839
5.88956,5.92133,53.44891,4929.30968,-0.9902,45.30363,4.833751240859993,1.8006995208699317,-0.999999982941839
5.93592,5.96844,53.32059,4926.83697,-0.99882,45.30844,4.9168427217871695,1.8316532837837476,-0.999999982941839
5.98225,6.01553,53.19132,4924.31928,-1.00605,45.31327,5.001941654439369,1.8633548752843672,-0.999999982941839
6.02856,6.06261,53.06127,4921.75515,-1.01185,45.31813,5.088968429594518,1.8957746388419252,-0.999999982941839
6.07484,6.10968,52.93064,4919.14317,-1.01621,45.323,5.177832786781049,1.9288789500558656,-0.999999982941839
6.12109,6.15672,52.79961,4916.48197,-1.01907,45.32789,5.268433269853137,1.9626300138423973,-0.999999982941839
6.16731,6.20375,52.66838,4913.77023,-1.02043,45.3328,5.3606567206580324,1.9969856758122513,-0.999999982941839
6.21351,6.25076,52.53715,4911.00669,-1.02024,45.33773,5.45437782089073,2.031899251599489,-0.999999982941839
6.25967,6.29776,52.40612,4908.19015,-1.01848,45.34267,5.5494586929088525,2.0673193781545467,-0.999999982941839
6.30581,6.34473,52.27549,4905.31951,-1.01514,45.34763,5.645748570822273,2.1031898912164633,-0.999999982941839
6.35191,6.39169,52.14547,4902.39372,-1.01018,45.3526,5.743083553596825,2.139449733337514,-0.999999982941839
6.39799,6.43863,52.01627,4899.41184,-1.0036,45.35758,5.841286452145468,2.1760328969206526,-0.999999982941839
6.44403,6.48555,51.8881,4896.37303,-0.99538,45.36258,5.940166742467007,2.2128684067624453,-0.999999982941839
6.49004,6.53245,51.76117,4893.27654,-0.9855,45.36759,6.039520636671469,2.249880346511895,-0.999999982941839
6.53602,6.57933,51.63569,4890.12175,-0.97396,45.37261,6.139131283320439,2.2869879333024867,-0.999999982941839
6.58197,6.62619,51.51187,4886.90817,-0.96077,45.37764,6.238769107771978,2.324105644539627,-0.999999982941839
6.62788,6.67302,51.38993,4883.63542,-0.94591,45.38269,6.338192302184246,2.361143400439882,-0.999999982941839
6.67376,6.71984,51.27008,4880.30327,-0.92939,45.38774,6.437147473451434,2.398006805404165,-0.999999982941839
6.7196,6.76663,51.15252,4876.91164,-0.91123,45.3928,6.5353704556498675,2.4345974506752834,-0.999999982941839
6.76541,6.8134,51.03747,4873.46059,-0.89144,45.39788,6.632587291503893,2.4708132799598066,-0.999999982941839
6.81118,6.86014,50.92513,4869.95037,-0.87003,45.40296,6.728515385024959,2.50654901881645,-0.999999982941839
6.85692,6.90686,50.81569,4866.38136,-0.84703,45.40806,6.82286482474263,2.5416966675944472,-0.999999982941839
6.90261,6.95356,50.70937,4862.75413,-0.82248,45.41316,6.915339874037823,2.5761460566218912,-0.999999982941839
6.94828,7.00023,50.60635,4859.06942,-0.7964,45.41827,7.005640621838019,2.6097854611331344,-0.999999982941839
6.9939,7.04687,50.50682,4855.32815,-0.76881,45.42558,7.093463561924447,2.6425018170759533,0.0
7.03948,7.09349,50.41097,4851.5314,-0.73979,45.43292,7.178504671345786,2.674181867901657,0.0
7.08502,7.14008,50.31896,4847.68047,-0.70938,45.4403,7.260462702069211,2.7047133907917043,0.0
7.13052,7.18665,50.23097,4843.77681,-0.67763,45.44772,7.339040203289744,2.733985577494841,0.0
7.17598,7.2332,50.14715,4839.82206,-0.64461,45.45517,7.413945749444288,2.7618898643209437,0.0
7.2214,7.27971,50.06767,4835.81805,-0.61039,45.46267,7.484896224108679,2.7883207829527707,0.0
7.26677,7.3262,49.99265,4831.76675,-0.57503,45.4702,7.55161912403716,2.813176818761286,0.0
7.3121,7.37266,49.92223,4827.67033,-0.53862,45.47777,7.613854852281329,2.8363612650528007,0.0
7.35738,7.41909,49.85654,4823.53111,-0.50123,45.48538,7.6713589678734735,2.857783061135216,0.0
7.40262,7.4655,49.79568,4819.35156,-0.46295,45.49302,7.723904358792998,2.877357601805182,0.0
7.44782,7.51187,49.73975,4815.13428,-0.42386,45.5007,7.771283304863477,2.895007505831533,0.0
7.49297,7.55822,49.68884,4810.88204,-0.38407,45.50842,7.813309397989501,2.910663331294037,0.0
7.53808,7.60454,49.64303,4806.5977,-0.34367,45.51617,7.849819288573884,2.924264226169756,0.0
7.58314,7.65082,49.60237,4802.28423,-0.30275,45.52396,7.880674229249094,2.935758503413621,0.0
7.62815,7.69708,49.56692,4797.94473,-0.26142,45.53178,7.905761390066405,2.945104130900997,0.0
7.67311,7.74331,49.53671,4793.58233,-0.21978,45.53964,7.924994922909924,2.952269127949914,0.0
7.71803,7.7895,49.51176,4789.20027,-0.17793,45.54754,7.938316757160697,2.957231861726882,0.0
7.7629,7.83567,49.49209,4784.80181,-0.13599,45.55547,7.945697113387033,2.959981238610051,0.0
7.80773,7.8818,49.47769,4780.39028,-0.09406,45.56343,7.947134726842135,2.9605167874479634,0.0
7.8525,7.9279,49.46854,4775.969,-0.05224,45.57143,7.942656777885487,2.958848633639684,0.0
7.89723,7.97397,49.46461,4771.5413,-0.01065,45.57947,7.932318531700529,2.954997364920158,0.0
7.94191,8.02001,49.46586,4767.1105,0.03062,45.58754,7.916202695003633,2.948993791717381,0.0
7.98655,8.06602,49.47223,4762.67991,0.07146,45.59564,7.894418502369635,2.9408786067846124,0.0
8.03113,8.112,49.48366,4758.25277,0.11176,45.60378,7.867100549464308,2.9307019505487784,0.0
8.07567,8.15794,49.50005,4753.83228,0.15144,45.61195,7.834407394634212,2.918522890165893,0.0
8.12016,8.20385,49.52132,4749.42157,0.19039,45.62016,7.796519953824467,2.9044088215856996,0.0
8.1646,8.24974,49.54736,4745.02367,0.22852,45.6284,7.753639716705716,2.888434805012024,0.0
8.20899,8.29559,49.57805,4740.64155,0.26574,45.63668,7.705986814042936,2.8706828449468085,0.0
8.25333,8.34141,49.61327,4736.27803,0.30196,45.64499,7.653797967768983,2.851241126538572,0.0
8.29763,8.3872,49.65289,4731.93585,0.33711,45.65333,7.597324355890153,2.8302032202035514,0.0
8.34188,8.43295,49.69675,4727.61761,0.37111,45.66171,7.536829424287892,2.8076672664642626,0.0
8.38608,8.47868,49.7447,4723.32579,0.40388,45.67013,7.4725866767295015,2.783735152670342,0.0
8.43024,8.52438,49.79658,4719.06272,0.43536,45.67858,7.404877473076959,2.758511692773402,0.0
8.47435,8.57005,49.85221,4714.83058,0.46549,45.68707,7.333988863704632,2.732103820590643,0.0
8.51841,8.61569,49.91143,4710.63144,0.4942,45.69559,7.260211485849752,2.7046198061400597,0.0
8.56242,8.6613,49.97404,4706.46717,0.52146,45.70415,7.183837544834613,2.676168503592591,0.0
8.60639,8.70688,50.03987,4702.33954,0.54721,45.71274,7.105158900146331,2.6468586382864734,0.0
8.65031,8.75243,50.1087,4698.25013,0.5714,45.72137,7.024465273185431,2.6167981390664306,0.0
8.69419,8.79795,50.18036,4694.20038,0.59402,45.73004,6.942042590284153,2.5860935210143983,0.0
8.73802,8.84345,50.25464,4690.19159,0.61502,45.73874,6.858171471357638,2.5548493224323194,0.0
8.78181,8.88892,50.33133,4686.22491,0.63437,45.74748,6.773125871436833,2.523167598777413,0.0
8.82555,8.93436,50.41022,4682.30133,0.65207,45.75626,6.687171879362064,2.491147475143918,0.0
8.86925,8.97977,50.49112,4678.42171,0.66809,45.76507,6.60056667510507,2.4588847578381214,0.0
8.91291,9.02516,50.5738,4674.58678,0.68242,45.77392,6.513557644741653,2.4264716046823773,0.0
8.95652,9.07053,50.65807,4670.79711,0.69505,45.78281,6.426381649770255,2.393996252817057,0.0
9.00009,9.11587,50.74371,4667.05318,0.70599,45.79174,6.3392644455983485,2.361542802071426,0.0
9.04362,9.16118,50.83052,4663.35531,0.71523,45.8007,6.252420242339484,2.3291910513489906,0.0
9.0871,9.20647,50.91828,4659.70373,0.72278,45.8097,6.1660513997491835,2.2970163849830865,0.0
9.13055,9.25174,51.00679,4656.09853,0.72864,45.81874,6.080348247096684,2.2650897056343697,0.0
9.17395,9.29698,51.09584,4652.53974,0.73284,45.82782,5.995489017991713,2.2334774100120725,0.0
9.21731,9.34221,51.18524,4649.02723,0.73539,45.83694,5.911639889719823,2.2022414035274496,0.0
9.26063,9.3874,51.27478,4645.56083,0.7363,45.8461,5.8289551163770685,2.171439149889953,0.0
9.30391,9.43258,51.36427,4642.14026,0.7356,45.8553,5.747577245034568,2.1411237516342108,0.0
9.34716,9.47774,51.45351,4638.76514,0.73331,45.86454,5.667637404324613,2.1113440576259555,0.0
9.39036,9.52288,51.54231,4635.43505,0.72947,45.87382,5.589255655115555,2.0821447936976396,0.0
9.43352,9.56799,51.63049,4632.14947,0.72409,45.88313,5.512541393371395,2.0535667127242334,0.0
9.47665,9.61309,51.71787,4628.90782,0.71721,45.89249,5.437593795815491,2.025646760644685,0.0
9.51974,9.65817,51.80426,4625.70946,0.70886,45.90189,5.364502299606595,1.9984182551538627,0.0
9.56279,9.70323,51.88949,4622.55372,0.69907,45.91133,5.2933471078946095,1.9719110740353771,0.0
9.6058,9.74827,51.9734,4619.43983,0.68789,45.92082,5.224199713823923,1.9461518503666109,0.0
9.64878,9.79329,52.05582,4616.367,0.67536,45.93034,5.157123436204263,1.9211641720702053,0.0
9.69172,9.8383,52.13659,4613.33441,0.66149,45.9399,5.092173960850169,1.8969687835772584,0.0
9.73463,9.88329,52.21555,4610.34119,0.64635,45.94951,5.02939988219944,1.873583787594447,0.0
9.7775,9.92826,52.29256,4607.38641,0.62997,45.95916,4.96884324055608,1.85102484524116,0.0
9.82033,9.97322,52.36747,4604.46914,0.61238,45.96885,4.910540050892929,1.829305373042391,0.0
9.86313,10.01816,52.44015,4601.58842,0.59364,45.97859,4.8545208197821665,1.8084367354989528,0.0
9.9059,10.06308,52.51046,4598.74323,0.57378,45.98836,4.800811047563058,1.788428432158176,0.0
9.94863,10.108,52.57827,4595.93257,0.55285,45.99818,4.749431713377889,1.7692882783025567,0.0
9.99133,10.15289,52.64345,4593.1554,0.53089,46.00804,4.7003997411762555,1.7510225785486158,0.0
10.03399,10.19778,52.7059,4590.41064,0.50794,46.01795,4.65372844519949,1.7336362928015676,0.0
10.07662,10.24265,52.7655,4587.69723,0.48405,46.0279,4.609427953849839,1.7171331941577437,0.0
10.11922,10.2875,52.82214,4585.01406,0.45927,46.03789,4.567505611162003,1.7015160184633031,0.0
10.16179,10.33235,52.87573,4582.36003,0.43364,46.04793,4.527966355390333,1.6867866053479248,0.0
10.20432,10.37718,52.92615,4579.73402,0.40719,46.058,4.490813074465036,1.6729460306415964,0.0
10.24682,10.422,52.97334,4577.13488,0.37999,46.06813,4.456046938290404,1.65999473016445,0.0
10.28929,10.46681,53.01719,4574.56148,0.35206,46.07829,4.42366770800535,1.6479326149344447,0.0
10.33173,10.5116,53.05764,4572.01266,0.32346,46.0885,4.393674022483918,1.636759177896349,0.0
10.37413,10.55639,53.0946,4569.48723,0.29424,46.09876,4.366063662458643,1.6264735923146398,0.0
10.41651,10.60116,53.12802,4566.98404,0.26443,46.10906,4.340833792719522,1.6170748019989916,0.0
10.45885,10.64592,53.15781,4564.50189,0.23408,46.1194,4.317981182905655,1.6085616035549737,0.0
10.50116,10.69068,53.18394,4562.03958,0.20324,46.12979,4.297502407432555,1.6009327208622326,0.0
10.54344,10.73542,53.20635,4559.59591,0.17195,46.14022,4.279394025123372,1.5941868719918477,0.0
10.58569,10.78015,53.22498,4557.16967,0.14025,46.1507,4.263652739093093,1.5883228287674065,0.0
10.62791,10.82487,53.2398,4554.75961,0.10819,46.16122,4.250275537432499,1.5833394691734766,0.0
10.6701,10.86959,53.25077,4552.36452,0.07582,46.17178,4.239259815199914,1.579235822800743,0.0
10.71226,10.91429,53.25786,4549.98315,0.04318,46.18239,4.230603478174172,1.5760111094967189,0.0
10.75439,10.95899,53.26105,4547.61424,0.01031,46.19305,4.224305028808021,1.573664771385651,0.0
10.79649,11.00367,53.26031,4545.25652,-0.02274,46.20375,4.2203636347088835,1.5721964983794021,0.0
10.83856,11.04835,53.25563,4542.90872,-0.05592,46.21449,4.2187791799687275,1.5716062472991807,0.0
10.88059,11.09302,53.24701,4540.56955,-0.0892,46.22528,4.219552299542661,1.5718942546824717,0.0
10.9226,11.13768,53.23443,4538.23771,-0.12253,46.23611,4.222684396830432,1.5730610433326053,0.0
10.96458,11.18233,53.21789,4535.91189,-0.15586,46.24699,4.228177644551369,1.5751074226447013,0.0
11.00653,11.22697,53.19741,4533.59076,-0.18914,46.25791,4.236034968884271,1.5780344826973525,0.0
11.04845,11.27161,53.173,4531.27299,-0.22234,46.26887,4.24626001682723,1.5818435820933077,0.0
11.09034,11.31623,53.14467,4528.95722,-0.25541,46.27988,4.25885710660307,1.5865363294841883,0.0
11.1322,11.36085,53.11244,4526.64208,-0.28829,46.29094,4.273831160901371,1.592114558701386,0.0
11.17403,11.40546,53.07635,4524.3262,-0.32096,46.30204,4.291187622681433,1.5985802973904533,0.0
11.21583,11.45006,53.03642,4522.00819,-0.35336,46.31318,4.310932353166457,1.6059357290112504,0.0
11.2576,11.49466,52.9927,4519.68663,-0.38544,46.32437,4.333071511649656,1.61418314806256,0.0
11.29934,11.53924,52.94522,4517.36009,-0.41717,46.3356,4.357611416657384,1.6233249083616987,0.0
11.34106,11.58382,52.89404,4515.02714,-0.44849,46.34687,4.3845583879924765,1.6333633642015088,0.0
11.38274,11.62839,52.83922,4512.68633,-0.47935,46.35819,4.413918569147922,1.6443008041947709,0.0
11.42439,11.67295,52.7808,4510.33618,-0.50973,46.36955,4.44569772959131,1.656139377619968,0.0
11.46601,11.71751,52.71886,4507.97521,-0.53955,46.38096,4.4799010464046045,1.6688810130763478,0.0
11.5076,11.76205,52.65347,4505.60193,-0.56879,46.39241,4.516532864800852,1.6825273292700997,0.0
11.54916,11.80659,52.58471,4503.21481,-0.59739,46.4039,4.555596437092979,1.6970795377733634,0.0
11.59069,11.85112,52.51265,4500.81233,-0.62531,46.41544,4.59709363973952,1.7125383376163141,0.0
11.63219,11.89564,52.43738,4498.39296,-0.6525,46.42701,4.641024668203605,1.7289038016141112,0.0
11.67365,11.94015,52.35899,4495.95514,-0.67892,46.43863,4.6873877094738265,1.746175254372302,0.0
11.71509,11.98466,52.27759,4493.49732,-0.70451,46.4503,4.736178592261649,1.764351141976154,0.0
11.75649,12.02915,52.19328,4491.01793,-0.72924,46.462,4.787390415053645,1.7834288934303262,0.0
11.79787,12.07364,52.10615,4488.51539,-0.75305,46.47375,4.841013152451533,1.8034047740101744,0.0
11.83921,12.11812,52.01634,4485.98812,-0.77589,46.48554,4.897033240464943,1.8242737307723946,0.0
11.88052,12.16258,51.92395,4483.43454,-0.79773,46.49737,4.9554331417324535,1.8460292305884238,0.0
11.9218,12.20704,51.82912,4480.85306,-0.81852,46.50924,5.016190892001904,1.8686630911964164,0.0
11.96304,12.25149,51.73197,4478.24211,-0.83821,46.52116,5.079279629556251,1.8921653058999988,0.0
12.00427,12.29592,51.63225,4475.60087,-0.86328,46.49794,5.144945283562131,1.91662748978453,-20.999999641778622
12.04549,12.3403,51.52972,4472.92836,-0.88724,46.47427,5.21344461567599,1.9421452933228422,-20.999999641778622
12.0867,12.38466,51.42451,4470.2227,-0.91005,46.45014,5.284762770847045,1.9687131826176572,-20.999999641778622
12.12791,12.42897,51.31677,4467.48204,-0.93166,46.42551,5.35887846472839,1.9963232286897294,-20.999999641778622
12.16911,12.47325,51.20664,4464.7045,-0.95201,46.40038,5.435764019939626,2.024965120986624,-20.999999641778622
12.2103,12.51748,51.09427,4461.88823,-0.97106,46.37472,5.515384696696812,2.0546259180247644,-20.999999641778622
12.25149,12.56168,50.97984,4459.03137,-0.98875,46.34852,5.597698004824905,2.085289791095962,-20.999999641778622
12.29267,12.60584,50.86349,4456.13208,-1.00505,46.32174,5.682653001518484,2.1169377626648127,-20.999999641778622
12.33385,12.64995,50.74541,4453.18854,-1.01989,46.29437,5.77018958009871,2.149547441411947,-20.999999641778622
12.37502,12.69402,50.62576,4450.19896,-1.03325,46.2664,5.860237755872379,2.183092756197738,-20.999999641778622
12.41618,12.73805,50.50472,4447.16157,-1.04506,46.23779,5.952716956156023,2.2175436915775997,-20.999999641778622
12.45734,12.78204,50.38249,4444.07465,-1.05529,46.20855,6.047535322501122,2.252866027862516,-20.999999641778622
12.49849,12.82598,50.25924,4440.93651,-1.06389,46.17864,6.144589034122384,2.2890210890782776,-20.999999641778622
12.53964,12.86988,50.13519,4437.74552,-1.07083,46.14804,6.243761662530362,2.3259655025491464,-20.999999641778622
12.58078,12.91373,50.01051,4434.50009,-1.07607,46.11676,6.344923568311479,2.3636509741825478,-20.999999641778622
12.62191,12.95753,49.88542,4431.19874,-1.07957,46.08476,6.447931351891291,2.402024083863931,-20.999999641778622
12.66304,13.00128,49.76011,4427.84002,-1.0813,46.05203,6.552627370934692,2.4410261056756495,-20.999999641778622
12.70416,13.04498,49.63481,4424.42258,-1.08122,46.01857,6.658839337719142,2.4805928579078933,-20.999999641778622
12.74527,13.08863,49.50972,4420.94517,-1.07932,45.98435,6.766380010363376,2.520654588033263,-20.999999641778622
12.78638,13.13223,49.38506,4417.40665,-1.07557,45.94937,6.875046992099852,2.561135897930468,-20.999999641778622
12.82749,13.17578,49.26103,4413.80596,-1.06995,45.91361,6.9846226529387625,2.601955714702116,-20.999999641778622
12.86859,13.21927,49.13787,4410.14219,-1.06244,45.87708,7.094874187838389,2.6430273123446977,-20.999999641778622
12.90968,13.2627,49.01579,4406.41455,-1.05304,45.83975,7.205553825064015,2.6842583893677645,-20.999999641778622
12.95076,13.30608,48.895,4402.62239,-1.04173,45.80164,7.3163991975583516,2.7255512071391834,-20.999999641778622
12.99184,13.3494,48.77573,4398.76522,-1.02851,45.76273,7.4271338889510075,2.766802793288031,-20.999999641778622
13.03291,13.39267,48.6582,4394.84269,-1.01339,45.72302,7.537468164250012,2.807905213906412,-20.999999641778622
13.07398,13.43587,48.54262,4390.85463,-0.99638,45.68252,7.6470998931942775,2.848745917522545,-20.999999641778622
13.11504,13.47901,48.42921,4386.80104,-0.97748,45.64122,7.755715671873178,2.8892081529335707,-20.999999641778622
13.15609,13.52209,48.31818,4382.6821,-0.95673,45.59914,7.862992145345004,2.9291714619157196,-20.999999641778622
13.19713,13.5651,48.20975,4378.49819,-0.93413,45.55628,7.96859753080144,2.9685122466431637,-20.999999641778622
13.23817,13.60805,48.1041,4374.24988,-0.90973,45.51265,8.072193337256609,3.0071044103174307,-20.999999641778622
13.2792,13.65093,48.00146,4369.93792,-0.88357,45.46827,8.173436273946933,3.0448200680965627,-20.999999641778622
13.32023,13.69375,47.90201,4365.56328,-0.85568,45.42314,8.27198033554999,3.0815303238940106,-20.999999641778622
13.36124,13.73649,47.80594,4361.12715,-0.82612,45.37728,8.367479048229251,3.1171061070893917,-20.999999641778622
13.40225,13.77917,47.71343,4356.6309,-0.79495,45.33073,8.459587856335638,3.1514190616376205,-20.999999641778622
13.44325,13.82178,47.62466,4352.07612,-0.76222,45.28349,8.54796662554672,3.1843424785541186,-20.999999641778622
13.48425,13.86431,47.5398,4347.4646,-0.72801,45.23559,8.632282234402394,3.215752261330042,-20.999999641778622
13.52523,13.90678,47.459,4342.79834,-0.6924,45.18706,8.71221122271014,3.24552791253293,-20.999999641778622
13.56621,13.94917,47.38241,4338.07953,-0.65546,45.13793,8.78744246236132,3.2735535287560418,-20.999999641778622
13.60718,13.99148,47.31016,4333.31055,-0.61729,45.08823,8.857679813640157,3.2997187901633445,-20.999999641778622
13.64814,14.03372,47.24239,4328.49397,-0.57797,45.03799,8.922644728522295,3.323919930286726,-20.999999641778622
13.68909,14.07588,47.17921,4323.63254,-0.53761,44.98726,8.982078761541604,3.346060671389944,-20.999999641778622
13.73003,14.11797,47.12072,4318.72915,-0.4963,44.93606,9.03574594887426,3.3660531107400407,-20.999999641778622
13.77096,14.15998,47.06701,4313.78686,-0.45416,44.88445,9.08343501719798,3.3838185434655315,-20.999999641778622
13.81188,14.20191,47.01816,4308.80888,-0.4113,44.83245,9.124961385811007,3.3992882083984006,-20.999999641778622
13.8528,14.24376,46.97424,4303.79851,-0.36783,44.78012,9.160168928281218,3.4124039443347494,-20.999999641778622
13.8937,14.28553,46.93529,4298.75919,-0.32386,44.72749,9.188931463599848,3.4231187455287904,-20.999999641778622
13.93459,14.32722,46.90136,4293.69443,-0.27953,44.67462,9.211153951289877,3.431397206902168,-20.999999641778622
13.97547,14.36883,46.87245,4288.60784,-0.23495,44.62154,9.226773370085954,3.437215851375349,-20.999999641778622
14.01634,14.41036,46.8486,4283.50306,-0.19024,44.56831,9.235759265501093,3.4405633338506245,-20.999999641778622
14.0572,14.45181,46.82978,4278.38378,-0.14553,44.51497,9.23811395771707,3.441440518656758,-20.999999641778622
14.09805,14.49318,46.81599,4273.25372,-0.10095,44.46156,9.233872407484984,3.4398604295934025,-20.999999641778622
14.13889,14.53446,46.80718,4268.11659,-0.05661,44.40815,9.223101744145499,3.4358480741062367,-20.999999641778622
14.17971,14.57567,46.80332,4262.97609,-0.01264,44.35476,9.2059004659933,3.429440145401675,-20.999999641778622
14.22053,14.61679,46.80434,4257.83589,0.03085,44.30145,9.182397329099864,3.42068460850412,-20.999999641778622
14.26133,14.65783,46.81017,4252.69961,0.07372,44.24826,9.152749946145597,3.409640178284063,-20.999999641778622
14.30211,14.69879,46.82072,4247.5708,0.11588,44.19524,9.117143121510619,3.396375699235592,-20.999999641778622
14.34289,14.73967,46.83591,4242.45292,0.1572,44.14243,9.07578695292347,3.3809694382905944,-20.999999641778622
14.38365,14.78047,46.85561,4237.34935,0.19758,44.08988,9.028914733225276,3.3635083031706925,-20.999999641778622
14.4244,14.82119,46.8797,4232.26336,0.23692,44.03761,8.976780688033987,3.344086999607652,-20.999999641778622
14.46514,14.86183,46.90806,4227.19808,0.27512,43.98567,8.919657586630985,3.322807141335779,-20.999999641778622
14.50586,14.90239,46.94054,4222.15653,0.31207,43.9341,8.857834263852363,3.2997763269312204,-20.999999641778622
14.54657,14.94287,46.977,4217.14157,0.3477,43.88293,8.791613090468338,3.2751071974617365,-20.999999641778622
14.58726,14.98327,47.01727,4212.15593,0.38193,43.8322,8.72130742841034,3.2489164884918313,-20.999999641778622
14.62795,15.0236,47.06117,4207.20216,0.41466,43.78193,8.647239105371105,3.2213240893048463,-20.999999641778622
14.66861,15.06384,47.10855,4202.28265,0.44584,43.73215,8.569735940838926,3.192452121285622,-20.999999641778622
14.70926,15.10402,47.15921,4197.39964,0.4754,43.68289,8.489129352684381,3.1624240463110755,-20.999999641778622
14.7499,15.14411,47.21297,4192.55519,0.50328,43.63417,8.405752070046022,3.13136381473995,-20.999999641778622
14.79053,15.18413,47.26962,4187.75119,0.52943,43.58602,8.319935974657215,3.0993950612502554,-20.999999641778622
14.83114,15.22408,47.32899,4182.98935,0.55379,43.53845,8.232010088985888,3.066640355368401,-20.999999641778622
14.87173,15.26396,47.39085,4178.27121,0.57634,43.49147,8.142298725702283,3.033220512097228,-20.999999641778622
14.91231,15.30376,47.455,4173.59816,0.59704,43.44511,8.051119809261495,2.999253966661358,-20.999999641778622
14.95287,15.34349,47.52124,4168.97139,0.61585,43.39938,7.958783376713567,2.964856216019496,-20.999999641778622
14.99342,15.38315,47.58936,4164.39195,0.63276,43.35428,7.86559026144431,2.9301393285232598,-20.999999641778622
15.03396,15.42274,47.65914,4159.86072,0.64775,43.30982,7.7718309604159925,2.89521152193453,-20.999999641778622
15.07448,15.46227,47.73037,4155.37842,0.66081,43.26601,7.6777846825943925,2.8601768089394883,-20.999999641778622
15.11498,15.50172,47.80284,4150.94563,0.67194,43.22286,7.583718573788564,2.8251347083810376,-20.999999641778622
15.15547,15.54111,47.87634,4146.56279,0.68113,43.18035,7.489887110978475,2.7901800196299065,-20.999999641778622
15.19595,15.58044,47.95065,4142.23018,0.68838,43.13851,7.396531657428999,2.7554026568529117,-20.999999641778622
15.2364,15.6197,48.02557,4137.94795,0.69372,43.09731,7.303880168497826,2.720887539418659,-20.999999641778622
15.27685,15.6589,48.10088,4133.71615,0.69714,43.05676,7.212147036937641,2.6867145342685355,-20.999999641778622
15.31728,15.69803,48.17639,4129.53468,0.69867,43.01686,7.12153306580534,2.6529584458246824,-20.999999641778622
15.35769,15.73711,48.25188,4125.40334,0.69834,42.97759,7.03222555658481,2.619689048818045,-20.999999641778622
15.39809,15.77612,48.32716,4121.32182,0.69615,42.93895,6.94439849998518,2.586971159365746,-20.999999641778622
15.43847,15.81508,48.40204,4117.28972,0.69215,42.90093,6.858212856919933,2.5548647396431945,-20.999999641778622
15.47884,15.85397,48.47631,4113.30652,0.68636,42.86352,6.77381691741442,2.523425031586578,-20.999999641778622
15.5192,15.89281,48.54979,4109.37165,0.67882,42.8267,6.6913467256223225,2.4927027152226806,-20.999999641778622
15.55954,15.9316,48.62231,4105.48442,0.66957,42.79047,6.6109265596623015,2.462744087420658,-20.999999641778622
15.59986,15.97032,48.69366,4101.64409,0.65864,42.75481,6.532669455665346,2.433591257113463,-20.999999641778622
15.64017,16.009,48.7637,4097.84984,0.64608,42.7197,6.456677766133804,2.4052823533012755,-20.999999641778622
15.68046,16.04762,48.83223,4094.10078,0.63193,42.68514,6.3830437435184,2.3778517424493004,-20.999999641778622
15.72074,16.08618,48.8991,4090.39597,0.61623,42.65109,6.311850140678593,2.3513302521750434,-20.999999641778622
15.76101,16.1247,48.96416,4086.73442,0.59904,42.61756,6.243170820793218,2.3257453984560787,-20.999999641778622
15.80126,16.16316,49.02723,4083.11506,0.5804,42.58451,6.177071369998305,2.3011216138537516,-20.999999641778622
15.84149,16.20157,49.08819,4079.5368,0.56037,42.55194,6.113609706899534,2.27748047457261,-20.999999641778622
15.88171,16.23993,49.14688,4075.9985,0.53899,42.51982,6.052836683804126,2.254840924435096,-20.999999641778622
15.92192,16.27825,49.20317,4072.49898,0.51631,42.48813,5.99479667526197,2.233219494128609,-20.999999641778622
15.96211,16.31651,49.25693,4069.03702,0.49239,42.45686,5.93952815015843,2.2126305143251255,-20.999999641778622
16.00229,16.35473,49.30804,4065.61137,0.46729,42.42598,5.887064224210984,2.1930863215007315,-20.999999641778622
16.04246,16.3929,49.35637,4062.22074,0.44106,42.39547,5.8374331902954015,2.174597455496082,-20.999999641778622
16.0826,16.43103,49.40181,4058.86383,0.41375,42.36533,5.790659024509951,2.1571728480386314,-20.999999641778622
16.12274,16.46911,49.44427,4055.5393,0.38542,42.33551,5.746761866354313,2.1408200016219117,-20.999999641778622
16.16286,16.50714,49.48362,4052.24579,0.35613,42.30601,5.7057584717874095,2.125545158281499,-20.999999641778622
16.20297,16.54513,49.5198,4048.98191,0.32593,42.2768,5.667662638252408,2.111353457928004,-20.999999641778622
16.24307,16.58308,49.55269,4045.74625,0.29488,42.24786,5.6324856010826485,2.098249086018716,-20.999999641778622
16.28315,16.62098,49.58224,4042.53739,0.26305,42.21917,5.600236400919862,2.0862354104305547,-20.999999641778622
16.32321,16.65884,49.60835,4039.35389,0.23047,42.1907,5.570922221989959,2.0753151074766976,-20.999999641778622
16.36327,16.69666,49.63096,4036.19428,0.19723,42.16245,5.544548701244579,2.0654902770699493,-20.999999641778622
16.40331,16.73443,49.65001,4033.05708,0.16336,42.13438,5.521120208487708,2.05676254707727,-20.999999641778622
16.44333,16.77216,49.66544,4029.94079,0.12894,42.10646,5.500640097724079,2.0491331669536734,-20.999999641778622
16.48335,16.80985,49.6772,4026.8439,0.09402,42.07869,5.48311093000195,2.042603090757019,-20.999999641778622
16.52335,16.8475,49.68525,4023.76487,0.05866,42.05104,5.468534668087554,2.037173049669373,-20.999999641778622
16.56333,16.88511,49.68955,4020.70217,0.02291,42.02349,5.456912843287411,2.0328436141427066,-20.999999641778622
16.60331,16.92268,49.69006,4017.65422,-0.01316,41.996,5.448246694776745,2.029615245802393,-20.999999641778622
16.64327,16.96021,49.68677,4014.61946,-0.04949,41.96857,5.442537281724027,2.027488339216557,-20.999999641778622
16.68322,16.99769,49.67966,4011.59628,-0.08603,41.94117,5.43978556850385,2.0264632536401086,-20.999999641778622
16.72315,17.03514,49.6687,4008.58308,-0.12271,41.91377,5.439992483233215,2.026540334821051,-20.999999641778622
16.76307,17.07254,49.6539,4005.57824,-0.15948,41.88635,5.443158949802709,2.0277199269329373,-20.999999641778622
16.80298,17.10991,49.63525,4002.58011,-0.19628,41.8589,5.449285893545001,2.0300023746865334,-20.999999641778622
16.84288,17.14724,49.61277,3999.58705,-0.23305,41.83138,5.45837422060743,2.0333880156455653,-20.999999641778622
16.88276,17.18452,49.58645,3996.59738,-0.26973,41.80378,5.470424771035156,2.0378771627489574,-20.999999641778622
16.92264,17.22177,49.55633,3993.60941,-0.30625,41.77607,5.485438245531527,2.043470077027144,-20.999999641778622
16.96249,17.25897,49.52242,3990.62144,-0.34256,41.74823,5.503415105809995,2.0501669304805343,-20.999999641778622
17.00234,17.29614,49.48476,3987.63176,-0.37861,41.72023,5.524355448398557,2.057967759068347,-20.999999641778622
17.04218,17.33326,49.44339,3984.63864,-0.41432,41.69205,5.548258851751672,2.066872405753777,-20.999999641778622
17.082,17.37035,49.39834,3981.64033,-0.44964,41.66367,5.57512419650537,2.076880453544292,-20.999999641778622
17.12181,17.40739,49.34967,3978.63506,-0.48451,41.63507,5.604949458688522,2.0879911484573936,-20.999999641778622
17.1616,17.4444,49.29743,3975.62107,-0.51887,41.60621,5.637731475776486,2.1002033123694415,-20.999999641778622
17.20139,17.48136,49.24168,3972.59656,-0.55266,41.57709,5.6734656854550805,2.113515245698361,-20.999999641778622
17.24116,17.51828,49.18249,3969.55974,-0.58582,41.54766,5.712145837105493,2.127924619924181,-20.999999641778622
17.28092,17.55516,49.11995,3966.5088,-0.6183,41.51792,5.753763676051037,2.143428359962642,-20.999999641778622
17.32067,17.592,49.05411,3963.44191,-0.65002,41.48783,5.798308600796513,2.1600225164778406,-20.999999641778622
17.36041,17.62879,48.98508,3960.35725,-0.68093,41.45738,5.845767293609319,2.177702128263972,-20.999999641778622
17.40013,17.66554,48.91295,3957.25298,-0.71097,41.42653,5.8961233250463385,2.196461074921189,-20.999999641778622
17.43985,17.70225,48.83781,3954.12726,-0.74009,41.39527,5.94935673322123,2.2162919201216034,-20.999999641778622
17.47955,17.73891,48.75976,3950.97824,-0.76822,41.36357,6.005443578943365,2.237185745886825,-20.999999641778622
17.51923,17.77553,48.67893,3947.8041,-0.7953,41.33141,6.064355478150997,2.259131978407025,-20.999999641778622
17.55891,17.81211,48.59541,3944.60297,-0.82129,41.29876,6.126059113469645,2.282118206083577,-20.999999641778622
17.59858,17.84864,48.50935,3941.37303,-0.84611,41.2656,6.190515727134985,2.3061299906294916,-20.999999641778622
17.63823,17.88512,48.42085,3938.11246,-0.86972,41.23191,6.257680597984258,2.3311506722349558,-20.999999641778622
17.67787,17.92156,48.33006,3934.81943,-0.89206,41.19767,6.327502505752793,2.3571611700036943,-20.999999641778622
17.7175,17.95795,48.23712,3931.49215,-0.91307,41.16284,6.399923186451129,2.384139779066614,-20.999999641778622
17.75711,17.99429,48.14216,3928.12885,-0.9327,41.12742,6.474876783205434,2.4120619660054157,-20.999999641778622
17.79672,18.03059,48.04534,3924.72777,-0.95091,41.09138,6.5522892975572455,2.440900164447304,-20.999999641778622
17.83631,18.06683,47.94681,3921.2872,-0.96763,41.05469,6.632078046880373,2.470623572938513,-20.999999641778622
17.87589,18.10302,47.84673,3917.80544,-0.98282,41.01734,6.714151134243508,2.501197957454175,-20.999999641778622
17.91545,18.13916,47.74527,3914.28087,-0.99644,40.97931,6.798406937687349,2.532585461140617,-20.999999641778622
17.95501,18.17525,47.64258,3910.71189,-1.00843,40.94058,6.884733626585706,2.564744424147141,-20.999999641778622
17.99455,18.21129,47.53884,3907.09694,-1.01876,40.90112,6.973008713351852,2.59762921662485,-20.999999641778622
18.03408,18.24727,47.43424,3903.43457,-1.02738,40.86093,7.063098649356895,2.631190088195606,-20.999999641778622
18.0736,18.2832,47.32894,3899.72336,-1.03426,40.81999,7.15485847444075,2.6653730373856455,-20.999999641778622
18.1131,18.31907,47.22312,3895.96197,-1.03937,40.77827,7.248131529821017,2.7001197046765837,-20.999999641778622
18.15259,18.35489,47.11699,3892.14914,-1.04267,40.73577,7.342749244537344,2.73536729295032,-20.999999641778622
18.19207,18.39065,47.01071,3888.28373,-1.04413,40.69248,7.438531005698818,2.7710485191527803,-20.999999641778622
18.23154,18.42635,46.90449,3884.36466,-1.04373,40.64837,7.53528412288728,2.8070916010332074,-20.999999641778622
18.27099,18.46198,46.79851,3880.39096,-1.04146,40.60345,7.6328038968344565,2.8434202827282093,-20.999999641778622
18.31043,18.49756,46.69296,3876.36181,-1.03729,40.5577,7.730873802119804,2.8799539028215073,-20.999999641778622
18.34986,18.53308,46.58805,3872.27646,-1.03121,40.51111,7.829265793025446,2.9166075082829472,-20.999999641778622
18.38927,18.56853,46.48396,3868.13432,-1.02322,40.46369,7.927740740782557,2.953292017354286,-20.999999641778622
18.42867,18.60392,46.38089,3863.93493,-1.01331,40.41542,8.026049009326952,2.9899144340332935,-20.999999641778622
18.46805,18.63925,46.27903,3859.67797,-1.00149,40.36632,8.123931175246756,3.0263781162732064,-20.999999641778622
18.50743,18.6745,46.17857,3855.36327,-0.98777,40.31637,8.221118895900752,3.062583099379651,-20.999999641778622
18.54678,18.70969,46.0797,3850.99081,-0.97216,40.26558,8.31733592776134,3.098426475370191,-20.999999641778622
18.58613,18.74482,45.98262,3846.56074,-0.95468,40.21396,8.412299294773751,3.133802828218879,-20.999999641778622
18.62545,18.77987,45.8875,3842.07337,-0.93536,40.16151,8.50572060412234,3.168604724013814,-20.999999641778622
18.66477,18.81485,45.79452,3837.52917,-0.91423,40.10824,8.597307504154585,3.2027232540721964,-20.999999641778622
18.70406,18.84976,45.70386,3832.9288,-0.89133,40.05417,8.686765276396695,3.23604862800803,-20.999999641778622
18.74335,18.8846,45.6157,3828.2731,-0.86671,39.99931,8.773798550827177,3.268470812716655,-20.999999641778622
18.78262,18.91936,45.53019,3823.56305,-0.84041,39.94368,8.85811313058049,3.2998802121248727,-20.999999641778622
18.82187,18.95405,45.44751,3818.79986,-0.81249,39.8873,8.939417909505531,3.3301683815319336,-20.999999641778622
18.8611,18.98866,45.36779,3813.98487,-0.78301,39.83018,9.017426863246541,3.3592287693395635,-20.999999641778622
18.90032,19.0232,45.29119,3809.11962,-0.75205,39.77236,9.09186109205303,3.38695747805241,-20.999999641778622
18.93953,19.05766,45.21785,3804.20582,-0.71968,39.71386,9.162450891302365,3.4132540356021868,-20.999999641778622
18.97871,19.09204,45.14789,3799.24534,-0.68597,39.65471,9.228937823883621,3.4380221673651867,-20.999999641778622
19.01788,19.12634,45.08143,3794.2402,-0.65103,39.59493,9.291076767246324,3.4611705587417925,-20.999999641778622
19.05703,19.16056,45.01859,3789.19262,-0.61493,39.53457,9.348637906992805,3.4826135978220933,-20.999999641778622
19.09617,19.1947,44.95946,3784.10491,-0.57777,39.47366,9.401408648619482,3.5022720875598075,-20.999999641778622
19.13529,19.22876,44.90414,3778.97957,-0.53966,39.41224,9.449195419328001,3.5200739169943405,-20.999999641778622
19.17438,19.26273,44.85271,3773.81918,-0.50071,39.35033,9.491825332687709,3.5359546813813583,-20.999999641778622
19.21346,19.29663,44.80523,3768.62648,-0.46101,39.288,9.529147690531392,3.5498582416884665,-20.999999641778622
19.25253,19.33044,44.76176,3763.4043,-0.42069,39.22526,9.561035298592337,3.5617372147046322,-20.999999641778622
19.29157,19.36416,44.72234,3758.15556,-0.37986,39.16218,9.587385575129383,3.571553386032184,-20.999999641778622
19.33059,19.3978,44.68702,3752.88325,-0.33863,39.09879,9.60812143498009,3.579278039419881,-20.999999641778622
19.3696,19.43136,44.65581,3747.59045,-0.29712,39.03514,9.623191935201353,3.5848921972810275,-20.999999641778622
19.40858,19.46483,44.62872,3742.28027,-0.25547,38.97127,9.63257267239033,3.588386768705971,-20.999999641778622
19.44755,19.49822,44.60575,3736.95588,-0.21378,38.90723,9.636265926109347,3.5897626028916587,-20.999999641778622
19.48649,19.53152,44.58688,3731.62045,-0.17218,38.84306,9.634300547105868,3.5890304475006287,-20.999999641778622
19.52542,19.56473,44.57209,3726.27716,-0.13079,38.77881,9.626731593494549,3.586210813129257,-20.999999641778622
19.56432,19.59786,44.56135,3720.9292,-0.08974,38.71453,9.613639722276654,3.581333746632728,-20.999999641778622
19.6032,19.6309,44.55459,3715.57971,-0.04913,38.65026,9.595130347639923,3.5744385175695887,-20.999999641778622
19.64207,19.66386,44.55177,3710.23183,-0.00909,38.58604,9.571332581254618,3.5655732234341446,-20.999999641778622
19.68091,19.69673,44.5528,3704.88862,0.03028,38.52192,9.54239797305796,3.5547943205655286,-20.999999641778622
19.71973,19.72952,44.55761,3699.55309,0.06885,38.45794,9.50849907390284,3.5421660886965296,-20.999999641778622
19.75852,19.76222,44.56611,3694.22819,0.10653,38.39415,9.469827843730872,3.5277600379561687,-20.999999641778622
19.7973,19.79483,44.57818,3688.91674,0.1432,38.33057,9.426593930651087,3.511654267781233,-20.999999641778622
19.83605,19.82737,44.59373,3683.62152,0.17878,38.26726,9.379022847447079,3.4939327876172097,-20.999999641778622
19.87478,19.85981,44.61262,3678.34517,0.21316,38.20424,9.327354072553574,3.474684809482092,-20.999999641778622
19.91349,19.89218,44.63474,3673.09022,0.24626,38.14156,9.271839102491418,3.454004022447167,-20.999999641778622
19.95218,19.92446,44.65994,3667.85909,0.27799,38.07924,9.212739482173243,3.4319878588740482,-20.999999641778622
19.99085,19.95665,44.68808,3662.65406,0.30828,38.01731,9.150324838369675,3.408736761829106,-20.999999641778622
20.02949,19.98877,44.71901,3657.47728,0.33705,37.95581,9.084870940144969,3.3843534625446914,-20.999999641778622
20.06811,20.0208,44.75257,3652.33076,0.36423,37.89476,9.016657808148643,3.3589422760805387,-20.999999641778622
20.1067,20.05275,44.7886,3647.21639,0.38977,37.83418,8.945967892451005,3.3326084225195465,-20.999999641778622
20.14528,20.08462,44.82695,3642.13588,0.41361,37.7741,8.873084336267267,3.3054573801593268,-20.999999641778622
20.18383,20.11642,44.86742,3637.09083,0.4357,37.71454,8.798289340265685,3.2775942761739523,-20.999999641778622
20.22236,20.14813,44.90986,3632.08267,0.45599,37.65551,8.721862639637084,3.2491233192822797,-20.999999641778622
20.26087,20.17977,44.95408,3627.1127,0.47446,37.59704,8.644080103391541,3.2201472779491147,-20.999999641778622
20.29935,20.21132,44.99991,3622.18206,0.49107,37.53912,8.565212462820373,3.1907670067038416,-20.999999641778622
20.33781,20.24281,45.04715,3617.29176,0.50579,37.48178,8.485524173576493,3.161081022235416,-20.999999641778622
20.37625,20.27421,45.09564,3612.44267,0.51861,37.42502,8.405272413522782,3.13118513006452,-20.999999641778622
20.41466,20.30554,45.14519,3607.63552,0.52952,37.36886,8.324706216355095,3.1011721017953287,-20.999999641778622
20.45305,20.3368,45.1956,3602.8709,0.5385,37.31328,8.244065739088505,3.07113140223487,-20.999999641778622
20.49142,20.36798,45.24671,3598.14928,0.54555,37.2583,8.163581659823762,3.041148965045178,-20.999999641778622
20.52977,20.3991,45.29832,3593.471,0.55067,37.20392,8.083474700737558,3.011307015044621,-20.999999641778622
20.56809,20.43014,45.35026,3588.83627,0.55388,37.15014,8.003955270047708,2.981683934830508,-20.999999641778622
20.6064,20.46111,45.40234,3584.2452,0.55518,37.09695,7.9252232157196865,2.9523541730282963,-20.999999641778622
20.64468,20.49201,45.45439,3579.69777,0.55459,37.04434,7.847467682933889,2.9233881911943893,-20.999999641778622
20.68293,20.52284,45.50623,3575.19386,0.55213,36.99232,7.770867066826322,2.8948524462108107,-20.999999641778622
20.72117,20.5536,45.55769,3570.73325,0.54783,36.94088,7.695589051620248,2.8668094048627624,-20.999999641778622
20.75938,20.5843,45.6086,3566.31563,0.54171,36.88999,7.621790727181291,2.839317587258473,-20.999999641778622
20.79757,20.61493,45.65879,3561.94057,0.53381,36.83966,7.549618773975371,2.8124316357308907,-20.999999641778622
20.83574,20.64549,45.7081,3557.60759,0.52416,36.78988,7.4792097075397646,2.7862024059095942,-20.999999641778622
20.87389,20.67599,45.75637,3553.31609,0.51279,36.74062,7.410690173870227,2.760677076760257,-20.999999641778622
20.91201,20.70643,45.80345,3549.06542,0.49976,36.69187,7.344177287420292,2.7358992764982886,-20.999999641778622
20.95012,20.7368,45.84919,3544.85484,0.48511,36.64363,7.279779003847413,2.711909221446573,-20.999999641778622
20.9882,20.76711,45.89344,3540.68355,0.46887,36.59587,7.217594520097818,2.68874386507761,-20.999999641778622
21.02626,20.79736,45.93607,3536.55067,0.4511,36.54857,7.157714694958378,2.666437054680147,-20.999999641778622
21.0643,20.82755,45.97693,3532.45529,0.43186,36.50171,7.100222483693305,2.6450196932727876,-20.999999641778622
21.10232,20.85767,46.0159,3528.3964,0.41119,36.45529,7.045193380976482,2.6245199046079373,-20.999999641778622
21.14032,20.88774,46.05285,3524.37298,0.38915,36.40927,6.992695866828407,2.60496319929505,-20.999999641778622
21.17829,20.91775,46.08767,3520.38392,0.36579,36.36364,6.9427918508343565,2.5863726402835807,-20.999999641778622
21.21625,20.9477,46.12024,3516.42809,0.34118,36.31838,6.8955371104271155,2.568769006134834,-20.999999641778622
21.25418,20.97759,46.15046,3512.50431,0.31538,36.27346,6.8509817195017195,2.552170950692233,-20.999999641778622
21.2921,21.00742,46.17821,3508.61134,0.28843,36.22886,6.809170464095761,2.536595157933174,-20.999999641778622
21.32999,21.0372,46.20341,3504.74792,0.26042,36.18456,6.770143242325241,2.5220564909556495,-20.999999641778622
21.36787,21.06692,46.22597,3500.91276,0.23139,36.14053,6.7339354461257965,2.5085681341869015,-20.999999641778622
21.40571,21.09661,46.2463,3497.1032,0.21237,36.15589,6.700100350009317,2.4959636706285555,0.0
21.4435,21.12628,46.26483,3493.31696,0.19242,36.17127,6.66820118730279,2.48408039320289,0.0
21.48124,21.15594,46.28147,3489.55316,0.17158,36.18668,6.638283174336525,2.4729351461826585,0.0
21.51894,21.18559,46.29616,3485.8109,0.14989,36.20211,6.610387428065169,2.46254324671532,0.0
21.55658,21.21522,46.30881,3482.08925,0.12742,36.21757,6.584551286267988,2.4529186041060664,0.0
21.59418,21.24484,46.31937,3478.38725,0.1042,36.23305,6.560808492068244,2.4440737885561483,0.0
21.63173,21.27444,46.32777,3474.70389,0.08029,36.24856,6.539189369890525,2.4360200967116095,0.0
21.66924,21.30404,46.33396,3471.03816,0.05575,36.26409,6.519720991455083,2.4287676135005416,0.0
21.7067,21.33362,46.33788,3467.38899,0.03062,36.27965,6.502427330643177,2.4223252698245057,0.0
21.74411,21.36319,46.3395,3463.75531,0.00495,36.29523,6.487329406178347,2.4167008957110556,0.0
21.78147,21.39274,46.33877,3460.13601,-0.02119,36.31084,6.474445411231402,2.411901268595009,0.0
21.81879,21.42229,46.33565,3456.52996,-0.04775,36.32647,6.463790829194979,2.4079321564475165,0.0
21.85606,21.45182,46.33012,3452.93603,-0.07468,36.34213,6.455378534997839,2.4047983555183006,0.0
21.89329,21.48134,46.32214,3449.35303,-0.10193,36.35781,6.449218881443394,2.40250372249903,0.0
21.93047,21.51085,46.3117,3445.77978,-0.12943,36.37352,6.445319770181613,2.4010512009622254,0.0
21.9676,21.54035,46.29878,3442.21506,-0.15713,36.38925,6.443686706997046,2.4004428419574952,0.0
22.00469,21.56983,46.28338,3438.65767,-0.18498,36.40501,6.444322841242812,2.4006798187017426,0.0
22.04173,21.5993,46.26548,3435.10636,-0.21291,36.4208,6.447228989291373,2.4017624353151894,0.0
22.07873,21.62877,46.24509,3431.55987,-0.24087,36.43661,6.452403642004937,2.4036901296042985,0.0
22.11568,21.65821,46.2222,3428.01693,-0.2688,36.45244,6.459842956299174,2.4064614699190416,0.0
22.15258,21.68765,46.19684,3424.47628,-0.29666,36.4683,6.469540730966238,2.410074146146331,0.0
22.18944,21.71708,46.16902,3420.93663,-0.32437,36.48419,6.481488367007921,2.4145249549330816,0.0
22.22625,21.74649,46.13875,3417.39667,-0.35188,36.5001,6.495674812836094,2.419809779271931,0.0
22.26302,21.7759,46.10606,3413.8551,-0.37914,36.51603,6.512086494791185,2.425923562617543,0.0
22.29974,21.80529,46.07099,3410.31061,-0.40609,36.53199,6.530707233500233,2.4328602777277855,0.0
22.33642,21.83467,46.03356,3406.76189,-0.43267,36.54798,6.551518146747221,2.440612890480371,0.0
22.37305,21.86404,45.99383,3403.20762,-0.45884,36.56399,6.574497539605855,2.4491733189444274,0.0
22.40964,21.89339,45.95182,3399.64649,-0.48452,36.58002,6.599620782716481,2.4585323880354446,0.0
22.44617,21.92274,45.9076,3396.07716,-0.50968,36.59608,6.6268601797083795,2.468679780126597,0.0
22.48267,21.95207,45.86121,3392.49834,-0.53425,36.61216,6.656184824909216,2.479603982041761,0.0
22.51912,21.98139,45.81272,3388.9087,-0.55818,36.62827,6.687560452617587,2.4912922289055786,0.0
22.55552,22.0107,45.76219,3385.30694,-0.58142,36.6444,6.720949279362145,2.5037304453808304,0.0
22.59187,22.03999,45.70968,3381.69178,-0.60392,36.66055,6.7563098407310855,2.516903184883125,0.0
22.62818,22.06928,45.65528,3378.06192,-0.62563,36.67673,6.793596824502285,2.530793567417485,0.0
22.66444,22.09855,45.59906,3374.41609,-0.64649,36.69293,6.832760901998434,2.5453832167536974,0.0
22.70066,22.1278,45.54109,3370.75305,-0.66646,36.70915,6.873748559715481,2.5606521977034777,0.0
22.73683,22.15705,45.48146,3367.07155,-0.6855,36.72539,6.9165019334763995,2.5765789543383857,0.0
22.77295,22.18628,45.42027,3363.37039,-0.70355,36.74166,6.960958647522862,2.593140250047238,0.0
22.80902,22.2155,45.3576,3359.64837,-0.72057,36.75795,7.0070516611010385,2.610311110385286,0.0
22.84505,22.24471,45.29355,3355.90434,-0.73652,36.77426,7.054709125269987,2.628064769731569,0.0
22.88103,22.2739,45.22822,3352.13717,-0.75136,36.79059,7.103854252807166,2.646372622825297,0.0
22.91696,22.30308,45.16171,3348.34576,-0.76505,36.80695,7.1544052041830275,2.665204182288386,0.0
22.95284,22.33224,45.09413,3344.52905,-0.77756,36.82332,7.206274992718546,2.684527043294141,0.0
22.98867,22.36139,45.02558,3340.68603,-0.78884,36.83971,7.2593714120989326,2.7043068565642083,0.0
23.02446,22.39052,44.95619,3336.81573,-0.79887,36.85613,7.3135969894745125,2.7245073108974216,0.0
23.0602,22.41964,44.88605,3332.91722,-0.80762,36.87256,7.36884896738266,2.7450901264352394,0.0
23.09588,22.44875,44.81529,3328.98963,-0.81505,36.88901,7.425019317728566,2.7660150598699547,0.0
23.13152,22.47784,44.74403,3325.03214,-0.82115,36.90549,7.481994790958073,2.787239922762869,0.0
23.16711,22.50691,44.67238,3321.044,-0.8259,36.92198,7.539657003447893,2.808720614099448,0.0
23.20265,22.53597,44.60046,3317.0245,-0.82926,36.93848,7.59788256598035,2.8304111681495416,0.0
23.23813,22.56502,44.5284,3312.97303,-0.83124,36.95501,7.656543255896717,2.852263818599031,0.0
23.27357,22.59404,44.45631,3308.88901,-0.83182,36.97155,7.715506235266346,2.8742290798235755,0.0
23.30895,22.62305,44.38433,3304.77197,-0.83098,36.98811,7.774634317022973,2.896255846031382,0.0
23.34429,22.65204,44.31257,3300.62148,-0.82873,37.00469,7.833786280614003,2.9182915088508716,0.0
23.37957,22.68102,44.24115,3296.43722,-0.82506,37.02128,7.8928172382041994,2.940282093751192,0.0
23.4148,22.70997,44.17021,3292.21894,-0.81997,37.03789,7.951579051945745,2.962172415486289,0.0
23.44998,22.73891,44.09985,3287.96647,-0.81348,37.05451,8.00992080220486,2.983906252521646,0.0
23.4851,22.76783,44.0302,3283.67973,-0.80558,37.07115,8.06768930600139,3.0054265401666655,0.0
23.52017,22.79673,43.96139,3279.35874,-0.7963,37.0878,8.124729684177897,3.0266755818600917,0.0
23.55519,22.82562,43.89352,3275.00358,-0.78566,37.10447,8.180885975133776,3.0475952778020967,0.0
23.59015,22.85448,43.82671,3270.61447,-0.77367,37.12115,8.236001792142915,3.0681273698224247,0.0
23.62506,22.88332,43.76107,3266.19168,-0.76036,37.13784,8.289921020541334,3.0882137011011177,0.0
23.65991,22.91215,43.69671,3261.7356,-0.74576,37.15455,8.342488550299768,3.107796489071086,0.0
23.69471,22.94095,43.63374,3257.2467,-0.72991,37.17127,8.39355103872902,3.1268186095459107,0.0
23.72946,22.96973,43.57226,3252.72555,-0.71285,37.188,8.442957697371142,3.1452238898575278,0.0
23.76415,22.99849,43.51237,3248.17282,-0.69462,37.20474,8.490561096463727,3.1629574085403283,0.0
23.79878,23.02723,43.45416,3243.58926,-0.67526,37.22149,8.536217979764459,3.17996579887475,0.0
23.83335,23.05595,43.39772,3238.97572,-0.65483,37.23826,8.579790082036922,3.1961975534222518,0.0
23.86787,23.08465,43.34314,3234.33314,-0.63338,37.25503,8.621144941067847,3.211603326523099,0.0
23.90233,23.11332,43.29049,3229.66254,-0.61097,37.27181,8.660156695813379,3.226136231626854,0.0
23.93674,23.14197,43.23984,3224.96502,-0.58766,37.28861,8.696706862111427,3.239752130265631,0.0
23.97109,23.1706,43.19128,3220.24178,-0.56352,37.30541,8.730685077346967,3.252409909461518,0.0
24.00538,23.19921,43.14485,3215.49407,-0.5386,37.32223,8.76198980560866,3.2640717444159715,0.0
24.03961,23.22779,43.10062,3210.72324,-0.513,37.33905,8.790528995108955,3.274703343416101,0.0
24.07378,23.25635,43.05862,3205.93068,-0.48677,37.35588,8.8162206800756,3.284274172055091,0.0
24.1079,23.28489,43.01892,3201.11785,-0.45999,37.37272,8.838993519846953,3.2927576540593964,0.0
24.14196,23.3134,42.98154,3196.28627,-0.43274,37.38956,8.858787268617201,3.300131346281187,0.0
24.17595,23.34188,42.94651,3191.43751,-0.40511,37.40642,8.87555317009742,3.306377085719986,0.0
24.20989,23.37034,42.91385,3186.5732,-0.37716,37.42328,8.889254272227195,3.3114811067610206,0.0
24.24377,23.39878,42.88358,3181.69497,-0.34899,37.44015,8.899865658178989,3.315434127230432,0.0
24.27759,23.42719,42.85571,3176.80451,-0.32067,37.45703,8.907374590882672,3.3182314022344643,0.0
24.31135,23.45558,42.83024,3171.90353,-0.29229,37.47391,8.911780569525831,3.3198727452073156,0.0
24.34505,23.48394,42.80717,3166.99376,-0.26393,37.49081,8.913095297591543,3.3203625160043715,0.0
24.3787,23.51228,42.78647,3162.07693,-0.23568,37.5077,8.91134256319954,3.319709576326132,0.0
24.41228,23.54059,42.76814,3157.15479,-0.20762,37.52461,8.90655803363052,3.3179272131731223,0.0
24.4458,23.56888,42.75214,3152.22907,-0.17983,37.54152,8.898788967071129,3.3150330314633063,0.0
24.47926,23.59713,42.73844,3147.3015,-0.15239,37.55844,8.888093845596137,3.3110488173082895,0.0
24.51266,23.62537,42.72701,3142.37381,-0.12538,37.57537,8.874541934395664,3.3060003738138697,0.0
24.54601,23.65358,42.7178,3137.44768,-0.09889,37.5923,8.858212773095413,3.2999173315834343,0.0
24.57929,23.68176,42.71075,3132.52478,-0.07298,37.60924,8.839195605735886,3.292832936370223,0.0
24.61251,23.70992,42.70581,3127.60675,-0.04773,37.62618,8.817588756621598,3.2847838165647354,0.0
24.64568,23.73805,42.70291,3122.69518,-0.02321,37.64313,8.793498959645806,3.275809733350547,0.0
24.67878,23.76615,42.70199,3117.79161,0.00051,37.66009,8.767040649107631,3.2659533165150294,0.0
24.71182,23.79423,42.70297,3112.89756,0.02337,37.67706,8.738335220151397,3.2552597889435395,0.0
24.74481,23.82228,42.70577,3108.01446,0.04529,37.69403,8.707510267069514,3.2437766828672103,0.0
24.77773,23.85031,42.71031,3103.14371,0.06623,37.71101,8.674698807553929,3.231553550876196,0.0
24.8106,23.87831,42.7165,3098.28664,0.08613,37.728,8.640038500855093,3.2186416746633246,0.0
24.84341,23.90628,42.72425,3093.44451,0.10493,37.74499,8.603670867414612,3.2050937743167207,0.0
24.87615,23.93423,42.73347,3088.61852,0.12259,37.76199,8.565740517156117,3.1909637208378516,0.0
24.90884,23.96216,42.74404,3083.8098,0.13906,37.779,8.526394393107877,3.176306254371052,0.0
24.94148,23.99006,42.75588,3079.0194,0.15431,37.79602,8.485781036439972,3.161176710410531,0.0
24.97405,24.01793,42.76889,3074.2483,0.16829,37.81304,8.444049878374836,3.1456307560184156,0.0
25.00656,24.04578,42.78294,3069.49743,0.18097,37.83008,8.401350563767304,3.1297241378405265,0.0
25.03902,24.0736,42.79793,3064.76759,0.19233,37.84712,8.35783231043385,3.113512443439657,0.0
25.07142,24.1014,42.81376,3060.05956,0.20234,37.86417,8.313643307611562,3.0970508772057155,0.0
25.10376,24.12917,42.83032,3055.37401,0.21098,37.88123,8.268930156248796,3.080394051849268,0.0
25.13605,24.15692,42.84748,3050.71154,0.21824,37.89829,8.223837353086957,3.063595796208425,0.0
25.16828,24.18465,42.86514,3046.07267,0.2241,37.91537,8.17850681990132,3.0467089798786655,0.0
25.20045,24.21235,42.88318,3041.45786,0.22856,37.93246,8.133077478570138,3.0297853549148894,0.0
25.23257,24.24002,42.9015,3036.86749,0.2316,37.94955,8.087684872124564,3.0128754146625565,0.0
25.26463,24.26767,42.91997,3032.30184,0.23324,37.96666,8.042460831337388,2.9960282695532072,0.0
25.29663,24.2953,42.93849,3027.76115,0.23347,37.98377,7.997533185965706,2.9792915395347603,0.0
25.32858,24.32291,42.95695,3023.24557,0.2323,38.0009,7.95302551931765,2.9627112626411707,0.0
25.36048,24.35049,42.97523,3018.75519,0.22974,38.01803,7.909056964427286,2.946331819062205,0.0
25.39231,24.37805,42.99323,3014.29003,0.22581,38.03518,7.865742039848129,2.930195869972213,0.0
25.4241,24.40558,43.01083,3009.85003,0.22051,38.05234,7.82319052275467,2.9143443102571025,0.0
25.45583,24.4331,43.02794,3005.43509,0.21388,38.06951,7.781507356892552,2.8988162342233625,0.0
25.48751,24.46059,43.04446,3001.04502,0.20593,38.08669,7.740792592718445,2.8836489132985883,0.0
25.51913,24.48805,43.06027,2996.6796,0.1967,38.10388,7.701141356979926,2.868877784699188,0.0
25.5507,24.5155,43.07529,2992.33851,0.1862,38.12108,7.662643848925821,2.8545364500186357,0.0
25.58222,24.54292,43.08941,2988.02141,0.17447,38.1383,7.625385360285727,2.8406566826703643,0.0
25.61368,24.57032,43.10255,2983.72789,0.16155,38.15553,7.589446316204411,2.8272684431369135,0.0
25.64509,24.5977,43.11462,2979.4575,0.14748,38.17277,7.5549023343073785,2.814399900973403,0.0
25.67645,24.62506,43.12553,2975.20971,0.13228,38.19002,7.521824299189686,2.8020774625565785,0.0
25.70775,24.6524,43.1352,2970.98397,0.11601,38.20729,7.490278449678364,2.7903258035923555,0.0
25.73901,24.67972,43.14355,2966.77968,0.0987,38.22457,7.460326476329929,2.7791679054362146,0.0
25.77021,24.70701,43.15051,2962.59618,0.0804,38.24186,7.432025626764295,2.7686250943328488,0.0
25.80136,24.73429,43.156,2958.43279,0.06116,38.25917,7.40542881654041,2.7587170827202576,0.0
25.83247,24.76154,43.15996,2954.28876,0.04102,38.27649,7.380584743460779,2.7494620118111905,0.0
25.86351,24.78877,43.16233,2950.16333,0.02004,38.29382,7.3575380033045965,2.740876494706784,0.0
25.89451,24.81598,43.16304,2946.0557,-0.00173,38.31117,7.336329205165377,2.732975659362861,0.0
25.92546,24.84318,43.16204,2941.96501,-0.02425,38.32853,7.316995084716256,2.725773190784238,0.0
25.95636,24.87035,43.15929,2937.89039,-0.04745,38.3459,7.299568613877725,2.7192813718788416,0.0
25.98721,24.8975,43.15473,2933.83093,-0.07129,38.36329,7.284079105526714,2.7135111224645967,0.0
26.01801,24.92463,43.14832,2929.78571,-0.0957,38.38069,7.270552312014046,2.7084720359697707,0.0
26.04876,24.95175,43.14004,2925.75374,-0.12063,38.39811,7.259010516438565,2.7041724134349856,0.0
26.07945,24.97884,43.12983,2921.73406,-0.14602,38.41554,7.2494726157425085,2.7006192944684333,0.0
26.1101,25.00591,43.11769,2917.72562,-0.17182,38.43299,7.241954194849319,2.69781848486416,0.0
26.1407,25.03297,43.10358,2913.72742,-0.19796,38.45045,7.2364675911891565,2.6957745806395197,0.0
26.17125,25.06,43.08748,2909.73837,-0.22438,38.46792,7.233021949106399,2.6944909883033925,0.0
26.20175,25.08701,43.06939,2905.75741,-0.25103,38.48541,7.231623263755939,2.693969941208721,0.0
26.23221,25.11401,43.04929,2901.78344,-0.27784,38.50292,7.232274414248855,2.694212511900132,0.0
26.26261,25.14098,43.02717,2897.81535,-0.30476,38.52043,7.234975185878773,2.695218620393855,0.0
26.29296,25.16794,43.00305,2893.85202,-0.33172,38.53797,7.239722281461381,2.6969870384019785,0.0
26.32327,25.19487,42.97691,2889.89229,-0.35866,38.55551,7.246509321853191,2.699515389525708,0.0
26.35353,25.22179,42.94878,2885.93504,-0.38552,38.57307,7.2553268358993535,2.7028001455106607,0.0
26.38373,25.24869,42.91866,2881.97909,-0.41224,38.59065,7.266162240148943,2.706836618690277,0.0
26.41389,25.27557,42.88658,2878.02327,-0.43876,38.60824,7.278999808794287,2.7116189507874275,0.0
26.444,25.30243,42.85256,2874.06643,-0.46502,38.62584,7.293820634417574,2.7171400982914933,0.0
26.47406,25.32926,42.81661,2870.10738,-0.49096,38.64345,7.310602580239706,2.7233918146698075,0.0
26.50408,25.35608,42.77879,2866.14494,-0.51653,38.66108,7.329320224696609,2.730364629720869,0.0
26.53404,25.38288,42.73911,2862.17795,-0.54165,38.67873,7.349944799257927,2.7380478264101766,0.0
26.56395,25.40966,42.69763,2858.20521,-0.56628,38.69638,7.372444120566262,2.746429415590304,0.0
26.59382,25.43642,42.65438,2854.22557,-0.59036,38.71405,7.396782518051214,2.7554961090352275,0.0
26.62364,25.46316,42.60942,2850.23786,-0.61383,38.73173,7.422920758324635,2.765233291275569,0.0
26.65341,25.48988,42.5628,2846.24092,-0.63663,38.74943,7.450815967762727,2.7756249907583914,0.0
26.68313,25.51658,42.51456,2842.23361,-0.65872,38.76714,7.480421554804753,2.786653850901423,0.0
26.71279,25.54326,42.46479,2838.2148,-0.68004,38.78486,7.511687133608311,2.7983011016526373,0.0
26.74242,25.56992,42.41353,2834.18337,-0.70053,38.80259,7.544558450803135,2.810546532204117,0.0
26.77199,25.59656,42.36086,2830.13824,-0.72016,38.82033,7.578977317190683,2.8233684655483566,0.0
26.80151,25.62317,42.30684,2826.07832,-0.73886,38.83809,7.614881546341247,2.8367437356040672,0.0
26.83098,25.64977,42.25155,2822.00256,-0.7566,38.85586,7.652204902093388,2.850647667658332,0.0
26.8604,25.67634,42.19507,2817.90995,-0.77333,38.87363,7.69087705705893,2.8650540629086323,0.0
26.88977,25.7029,42.13748,2813.79948,-0.78901,38.89142,7.730823564258099,2.879935187896184,0.0
26.9191,25.72943,42.07886,2809.67019,-0.8036,38.90922,7.771965844086621,2.895261769650842,0.0
26.94837,25.75594,42.01929,2805.52116,-0.81705,38.92703,7.814221188782298,2.9110029973550136,0.0
26.97759,25.78243,41.95887,2801.3515,-0.82934,38.94485,7.857502786586786,2.9271265313445616,0.0
27.00676,25.80889,41.89768,2797.16036,-0.84043,38.96267,7.901719767723625,2.943598520236827,0.0
27.03588,25.83533,41.83582,2792.94693,-0.85029,38.98051,7.9467772743057825,2.9603836269730297,0.0
27.06495,25.86176,41.77337,2788.71046,-0.8589,38.99835,7.992576556115453,2.9774450644987613,0.0
27.09396,25.88815,41.71044,2784.45024,-0.86622,39.01621,8.039015094120119,2.994744641776972,0.0
27.12293,25.91453,41.64712,2780.16561,-0.87224,39.03407,8.085986753405352,3.0122428207594583,0.0
27.15184,25.94088,41.58351,2775.85598,-0.87694,39.05194,8.133381966999778,3.029898784866503,0.0
27.1807,25.9672,41.5197,2771.5208,-0.88031,39.06981,8.181087951814034,3.0476705194298184,0.0
27.20951,25.99351,41.4558,2767.15959,-0.88233,39.0877,8.228988957672442,3.0655149044633925,0.0
27.23827,26.01978,41.3919,2762.77193,-0.88299,39.10558,8.27696655004942,3.0833878199902465,0.0
27.26697,26.04604,41.3281,2758.35747,-0.8823,39.12348,8.324899926813526,3.1012442640379234,0.0
27.29562,26.07227,41.26451,2753.91592,-0.88025,39.14138,8.372666268869736,3.1190384832619618,0.0
27.32422,26.09847,41.20121,2749.44707,-0.87684,39.15928,8.420141124197109,3.1367241160100305,0.0
27.35277,26.12465,41.13832,2744.95077,-0.87209,39.17719,8.467198824316721,3.154254347467193,0.0
27.38126,26.1508,41.07591,2740.42695,-0.866,39.19511,8.513712931785705,3.1715820763592144,0.0
27.40969,26.17692,41.01409,2735.87561,-0.85859,39.21303,8.559556716829844,3.1886600925107365,0.0
27.43807,26.20302,40.95295,2731.29683,-0.84987,39.23095,8.604603660745175,3.2054412643756254,0.0
27.4664,26.22909,40.89258,2726.69075,-0.83988,39.24887,8.648727983238214,3.2218787354850784,0.0
27.49467,26.25514,40.83308,2722.05762,-0.82864,39.2668,8.691805190385887,3.237926128577122,0.0
27.52289,26.28115,40.77451,2717.39773,-0.81617,39.28473,8.733712639460611,3.2535377560088037,0.0
27.55105,26.30714,40.71698,2712.71146,-0.80252,39.30266,8.77433011646508,3.268668834903108,0.0
27.57916,26.33311,40.66056,2707.99928,-0.78772,39.3206,8.813540421793887,3.283275705323313,0.0
27.60721,26.35904,40.60532,2703.26172,-0.77182,39.33853,8.851229959172978,3.297316049668435,0.0
27.6352,26.38494,40.55134,2698.49938,-0.75487,39.35647,8.887289322689071,3.310749111357136,0.0
27.66314,26.41082,40.49869,2693.71294,-0.73691,39.3744,8.921613876568793,3.323535910810699,0.0
27.69102,26.43666,40.44743,2688.90315,-0.71799,39.39234,8.954104322171982,3.335639456672961,0.0
27.71885,26.46248,40.39762,2684.07083,-0.69818,39.41027,8.984667246680193,3.3470249502112104,0.0
27.74662,26.48827,40.34933,2679.21685,-0.67753,39.42821,9.013215647892821,3.357659980816558,0.0
27.77433,26.51402,40.30259,2674.34216,-0.65611,39.44614,9.039669429727997,3.367514710591052,0.0
27.80198,26.53975,40.25747,2669.44777,-0.63398,39.46408,9.063955863198338,3.3765620460732766,0.0
27.82958,26.56544,40.214,2664.53473,-0.61122,39.48201,9.08601000788701,3.3847777952492772,0.0
27.85711,26.59111,40.17221,2659.60415,-0.58789,39.49994,9.10577508935495,3.392140808146678,0.0
27.88459,26.61674,40.13214,2654.6572,-0.56406,39.51787,9.123202828331069,3.398633099466692,0.0
27.91202,26.64235,40.09381,2649.69506,-0.53981,39.53579,9.13825371803717,3.4042399518949567,0.0
27.93938,26.66792,40.05725,2644.71899,-0.51521,39.55372,9.150897246619877,3.408949998963273,0.0
27.96669,26.69345,40.02247,2639.73025,-0.49035,39.57164,9.161112062255993,3.4127552865557016,0.0
27.99393,26.71896,39.98948,2634.73015,-0.4653,39.58956,9.168886079156831,3.415651312397959,0.0
28.02112,26.74444,39.95829,2629.72002,-0.44014,39.60747,9.174216523462972,3.4176370431544263,0.0
28.04825,26.76988,39.92888,2624.70119,-0.41495,39.62539,9.17710991866504,3.418714908997007,0.0
28.07532,26.79529,39.90126,2619.67503,-0.3898,39.6433,9.177582010945269,3.4188907757928884,0.0
28.10234,26.82067,39.87541,2614.64292,-0.36478,39.6612,9.17565763553726,3.4181738953200393,0.0
28.12929,26.84601,39.85131,2609.60621,-0.33997,39.67911,9.17137052589569,3.416576834177911,0.0
28.15619,26.87132,39.82895,2604.56628,-0.31543,39.69701,9.164763068084387,3.414115382290523,0.0
28.18302,26.8966,39.80828,2599.5245,-0.29126,39.7149,9.155886003452922,3.410808442145675,0.0
28.2098,26.92185,39.78929,2594.48222,-0.26752,39.73279,9.144798083133185,3.406677900085831,0.0
28.23652,26.94706,39.77193,2589.44077,-0.24429,39.75068,9.131565678465115,3.401748481181454,0.0
28.26318,26.97224,39.75615,2584.40147,-0.22164,39.76857,9.116262351765386,3.3960475893310456,0.0
28.28978,26.99739,39.74192,2579.36561,-0.19964,39.78645,9.098968392264068,3.389605134385345,0.0
28.31632,27.0225,39.72917,2574.33446,-0.17835,39.80433,9.079770322226167,3.382453348164603,0.0
28.34281,27.04758,39.71786,2569.30923,-0.15785,39.8222,9.05876037845311,3.3746265913042492,0.0
28.36923,27.07262,39.70792,2564.29113,-0.13818,39.84007,9.036035974462672,3.3661611529027566,0.0
28.3956,27.09764,39.69929,2559.28131,-0.11941,39.85794,9.011699148591045,3.357095044925149,0.0
28.42191,27.12262,39.69189,2554.28086,-0.1016,39.8758,8.98585600326291,3.3474677933163406,0.0
28.44816,27.14756,39.68567,2549.29085,-0.0848,39.89366,8.95861614046095,3.3373202276986853,0.0
28.47435,27.17248,39.68055,2544.3123,-0.06905,39.91152,8.93009209823975,3.3266942714585688,0.0
28.50048,27.19736,39.67645,2539.34616,-0.0544,39.92938,8.900398792894439,3.3156327339395557,0.0
28.52656,27.2222,39.67329,2534.39333,-0.0409,39.94723,8.869652971006127,3.304179106314898,0.0
28.55258,27.24702,39.67099,2529.45467,-0.02857,39.96508,8.8379726753111,3.292377362609754,0.0
28.57854,27.2718,39.66948,2524.53098,-0.01746,39.98292,8.805476727888097,3.2802717671748503,0.0
28.60445,27.29655,39.66866,2519.62297,-0.00759,40.00077,8.772284233772016,3.267906689769528,0.0
28.63029,27.32126,39.66845,2514.73133,0.00101,40.01861,8.738514107676208,3.2553264292533464,0.0
28.65608,27.34595,39.66876,2509.85668,0.00832,40.03645,8.704284626081982,3.242575046727632,0.0
28.68182,27.3706,39.66951,2504.99957,0.01432,40.05428,8.669713006473781,3.22969620878952,0.0
28.7075,27.39521,39.67061,2500.16048,0.019,40.07212,8.634915015143761,3.216733041428832,0.0
28.73312,27.4198,39.67197,2495.33986,0.02235,40.08995,8.60000460451965,3.2037279949231645,0.0
28.75868,27.44435,39.6735,2490.53808,0.02435,40.10779,8.565093580599264,3.1907227199484987,0.0
28.78419,27.46887,39.67512,2485.75543,0.02502,40.12562,8.530291300721217,3.1777579549908315,0.0
28.80964,27.49336,39.67673,2480.99218,0.02435,40.14345,8.495704401521817,3.164873425002967,0.0
28.83504,27.51782,39.67825,2476.24851,0.02233,40.16128,8.461436556659365,3.152107751150442,0.0
28.86039,27.54224,39.6796,2471.52456,0.019,40.17911,8.427588263575979,3.139498371374689,0.0
28.88567,27.56663,39.68068,2466.82039,0.01435,40.19694,8.394256658314003,3.127081471407286,0.0
28.91091,27.591,39.68142,2462.13603,0.00839,40.21476,8.361535357244508,3.1148919258096526,0.0
28.93609,27.61533,39.68174,2457.47144,0.00116,40.23259,8.329514324298405,3.1029632485131464,0.0
28.96121,27.63963,39.68154,2452.82652,-0.00733,40.25042,8.298279762219126,3.0913275523078254,0.0
28.98628,27.66389,39.68077,2448.20113,-0.01705,40.26825,8.267914026193695,3.080015516667752,0.0
29.0113,27.68813,39.67933,2443.59507,-0.02798,40.28608,8.238495558146228,3.069056363273591,0.0
29.03626,27.71234,39.67716,2439.00809,-0.04009,40.30391,8.210098839924534,3.058477838573386,0.0
29.06117,27.73651,39.67419,2434.4399,-0.05333,40.32174,8.18279436355313,3.0483062027010273,0.0
29.08603,27.76066,39.67034,2429.89014,-0.06768,40.33958,8.15664861675067,3.038566224081109,0.0
29.11083,27.78477,39.66556,2425.35844,-0.08309,40.35741,8.1317240818758,3.029281179036239,0.0
29.13558,27.80886,39.65977,2420.84435,-0.09953,40.37524,8.108079246558281,3.0204728557474025,0.0
29.16028,27.83291,39.65292,2416.34741,-0.11695,40.39308,8.085768624239734,3.0121615619059416,0.0
29.18493,27.85694,39.64496,2411.86709,-0.13531,40.41092,8.06484278299816,3.0043661354514346,0.0
29.20952,27.88093,39.63582,2407.40284,-0.15455,40.42876,8.045348381023208,2.99710395778718,0.0
29.23406,27.90489,39.62546,2402.95407,-0.17463,40.4466,8.027328207247429,2.9903909689163943,0.0
29.25855,27.92883,39.61383,2398.52014,-0.1955,40.46445,8.010821225726401,2.984241683974988,0.0
29.28299,27.95273,39.60089,2394.10041,-0.21711,40.48229,7.995862622435541,2.978669210664602,0.0
29.30738,27.97661,39.5866,2389.69416,-0.23939,40.50014,7.982483853274216,2.9736852671354064,0.0
29.33171,28.00045,39.57093,2385.30069,-0.2623,40.51799,7.970712692208751,2.969300199920633,0.0
29.356,28.02427,39.55383,2380.91922,-0.28578,40.53585,7.960573278526979,2.965523001540143,0.0
29.38023,28.04806,39.53529,2376.54899,-0.30977,40.5537,7.952086162373886,2.9623613274636496,0.0
29.40441,28.07182,39.51528,2372.18919,-0.33421,40.57156,7.945268347796767,2.9598215121461755,0.0
29.42854,28.09554,39.49377,2367.83898,-0.35904,40.58942,7.940133332675086,2.9579085839029697,0.0
29.45262,28.11924,39.47076,2363.49752,-0.38421,40.60728,7.936691145037662,2.956626278438622,0.0
29.47666,28.14291,39.44623,2359.16394,-0.40964,40.62515,7.934948375338498,2.9559770508706524,0.0
29.50064,28.16655,39.42016,2354.83734,-0.43528,40.64302,7.934908204441727,2.9559620861546456,0.0
29.52456,28.19017,39.39255,2350.51682,-0.46108,40.66089,7.936570427141883,2.9565813078461654,0.0
29.54844,28.21375,39.36341,2346.20146,-0.48695,40.67876,7.939931471164259,2.957833385178891,0.0
29.57227,28.2373,39.33274,2341.89032,-0.51285,40.69664,7.944984411723616,2.959715738488119,0.0
29.59605,28.26082,39.30053,2337.58247,-0.53871,40.71451,7.951718981796317,2.962224543037403,0.0
29.61978,28.28432,39.2668,2333.27694,-0.56447,40.73239,7.960121578407061,2.9653547313605277,0.0
29.64346,28.30778,39.23157,2328.97278,-0.59007,40.75028,7.9701752652901785,2.9690999942529115,0.0
29.66709,28.33122,39.19486,2324.66901,-0.61544,40.76816,7.981859772449412,2.973452780607612,0.0
29.69067,28.35463,39.15667,2320.36468,-0.64053,40.78605,7.99515149317265,2.978404296303239,0.0
29.7142,28.378,39.11705,2316.05881,-0.66527,40.80393,8.01002347921629,2.9839445024099978,0.0
29.73767,28.40135,39.07601,2311.75043,-0.68961,40.82182,8.026445434901888,2.990062112990542,0.0
29.7611,28.42467,39.03359,2307.43857,-0.71349,40.83972,8.044383711036637,2.9967445928351877,0.0
29.78448,28.44796,38.98982,2303.12227,-0.73684,40.85761,8.063801299558683,3.003978155467152,0.0
29.80781,28.47122,38.94475,2298.80058,-0.75962,40.8755,8.084657829963732,3.011747761811374,0.0
29.83109,28.49445,38.89841,2294.47256,-0.78177,40.8934,8.106909568591787,3.0200371199288045,0.0
29.85432,28.51765,38.85084,2290.13726,-0.80323,40.91129,8.1305094219306,3.028828686247026,0.0
29.87749,28.54082,38.80211,2285.79376,-0.82395,40.92919,8.155406945153189,3.0381036687407024,0.0
29.90062,28.56395,38.75225,2281.44118,-0.84388,40.94708,8.181548357122713,3.047842032521295,0.0
29.9237,28.58706,38.70132,2277.07861,-0.86298,40.96498,8.208876563167534,3.058022508321366,0.0
29.94673,28.61014,38.64938,2272.70519,-0.88119,40.98287,8.237331186916645,3.0686226043541205,0.0
29.9697,28.63319,38.59649,2268.32009,-0.89848,41.00077,8.266848612503244,3.0796186220353374,0.0
29.99263,28.6562,38.5427,2263.92248,-0.91479,41.01866,8.297362038440884,3.0909856760536645,0.0
30.01551,28.67919,38.48808,2259.51158,-0.9301,41.03656,8.328801544443454,3.1026977192628102,0.0
30.03833,28.70214,38.43269,2255.08663,-0.94436,41.05445,8.361094172419829,3.1147275728541888,0.0
30.0611,28.72506,38.3766,2250.64691,-0.95754,41.07234,8.39416402282062,3.1270469622486137,0.0
30.08383,28.74795,38.31987,2246.19171,-0.9696,41.09023,8.427932367417865,3.1396265591097077,0.0
30.1065,28.77081,38.26259,2241.7204,-0.98052,41.10812,8.462317779517692,3.1524360298515366,0.0
30.12912,28.79364,38.20481,2237.23234,-0.99027,41.126,8.49723628247914,3.1654440909657837,0.0
30.15169,28.81643,38.14662,2232.72698,-0.99883,41.14388,8.532601517266178,3.1786185714392854,0.0
30.1742,28.83919,38.08808,2228.20377,-1.00617,41.16176,8.568324929614889,3.1919264824787286,0.0
30.19667,28.86192,38.02926,2223.66224,-1.01229,41.17963,8.604315977198356,3.205334094685025,0.0
30.21908,28.88462,37.97025,2219.10194,-1.01717,41.1975,8.64048235699053,3.2188070227523333,0.0
30.24145,28.90728,37.91111,2214.5225,-1.02079,41.21537,8.67673025281003,3.2323103176846355,0.0
30.26375,28.92991,37.85191,2209.92356,-1.02316,41.23323,8.712964602775466,3.2458085664298872,0.0
30.28601,28.9525,37.79275,2205.30485,-1.02426,41.25108,8.749089386200536,3.2592659987559824,0.0
30.30822,28.97507,37.73367,2200.66613,-1.02411,41.26893,8.785007929145584,3.272646601076756,0.0
30.33037,28.99759,37.67477,2196.00722,-1.02271,41.28678,8.820623227619429,3.2859142368531638,0.0
30.35247,29.02008,37.61611,2191.32801,-1.02006,41.30462,8.855838287162687,3.299032773097009,0.0
30.37451,29.04254,37.55776,2186.62844,-1.01618,41.32245,8.890556477230218,3.311966212387723,0.0
30.39651,29.06496,37.49979,2181.90849,-1.01108,41.34028,8.924681898577983,3.324678829733639,0.0
30.41844,29.08735,37.44228,2177.16821,-1.0048,41.35809,8.958119761566019,3.3371353134998083,0.0
30.44033,29.1097,37.38528,2172.40773,-0.99734,41.3759,8.990776773089783,3.3493009095500974,0.0
30.46216,29.13202,37.32886,2167.62719,-0.98873,41.39371,9.022561529565186,3.3611415676444607,0.0
30.48394,29.1543,37.27309,2162.82684,-0.97902,41.4115,9.053384913268054,3.3726240890858143,0.0
30.50566,29.17654,37.21802,2158.00695,-0.96823,41.42929,9.083160489083717,3.383716274519699,0.0
30.52733,29.19875,37.16371,2153.16787,-0.9564,41.44706,9.111804898633459,3.3943870707567525,0.0
30.54895,29.22091,37.11022,2148.30999,-0.94358,41.46483,9.139238248594184,3.4046067154320023,0.0
30.57051,29.24305,37.05759,2143.43375,-0.92981,41.48259,9.165384490001122,3.4143468783051016,0.0
30.59202,29.26514,37.00588,2138.53968,-0.91515,41.50034,9.190171785262846,3.423580797983083,0.0
30.61347,29.2872,36.95514,2133.62832,-0.89963,41.51807,9.21353285964754,3.4322834128582422,0.0
30.63486,29.30922,36.9054,2128.70027,-0.88332,41.5358,9.235405334055693,3.4404314850747175,0.0
30.6562,29.3312,36.8567,2123.7562,-0.86628,41.55352,9.25573203601735,3.4480037163831514,0.0
30.67749,29.35314,36.80908,2118.7968,-0.84856,41.57122,9.274461285985248,3.454980854792418,0.0
30.69872,29.37504,36.76257,2113.82281,-0.83022,41.58892,9.291547156190243,3.46134579100008,0.0
30.7199,29.39691,36.71721,2108.83501,-0.81134,41.6066,9.306949699585362,3.467083643680069,0.0
30.74101,29.41873,36.673,2103.83423,-0.79198,41.62427,9.3206351466478,3.472181832796611,0.0
30.76208,29.44052,36.62997,2098.82132,-0.77221,41.64193,9.332576068146755,3.4766301402395245,0.0
30.78309,29.46226,36.58814,2093.79716,-0.75209,41.65957,9.342751502296094,3.4804207571919403,0.0
30.80404,29.48397,36.54753,2088.76267,-0.7317,41.67721,9.351147045112175,3.483548317790956,0.0
30.82493,29.50564,36.50812,2083.71877,-0.71112,41.69483,9.357754903123878,3.4860099187635227,0.0
30.84577,29.52726,36.46994,2078.66644,-0.6904,41.71244,9.362573908030903,3.4878051248870405,0.0
30.86656,29.54885,36.43298,2073.60664,-0.66963,41.73003,9.365609493265847,3.488935960258111,0.0
30.88728,29.5704,36.39724,2068.54037,-0.64888,41.74761,9.366873632835944,3.4894068855094864,0.0
30.90795,29.5919,36.3627,2063.46861,-0.62822,41.76518,9.366384743171196,3.4892247612459064,0.0
30.92857,29.61337,36.32936,2058.39239,-0.60772,41.78274,9.364167549160449,3.4883987981390185,0.0
30.94913,29.63479,36.2972,2053.3127,-0.58746,41.80028,9.3602529158005,3.4869404942122344,0.0
30.96963,29.65618,36.26619,2048.23055,-0.56751,41.81781,9.354677647306278,3.484863560003995,0.0
30.99008,29.67752,36.23633,2043.14695,-0.54794,41.83533,9.347484255788654,3.4821838323941576,0.0
31.01047,29.69882,36.20757,2038.06289,-0.52881,41.85283,9.338720701852308,3.4789191779698867,0.0
31.0308,29.72008,36.17989,2032.97936,-0.51019,41.87032,9.328440109728211,3.475089386905002,0.0
31.05108,29.7413,36.15325,2027.89733,-0.49215,41.88779,9.316700459729526,3.470716058391711,0.0
31.0713,29.76248,36.12762,2022.81774,-0.47476,41.90525,9.303564260924519,3.465822478702653,0.0
31.09147,29.78362,36.10295,2017.74154,-0.45806,41.9227,9.289098207076837,3.460433493019607,0.0
31.11158,29.80471,36.07921,2012.66962,-0.44212,41.94014,9.273372818932684,3.4545753721760466,0.0
31.13163,29.82577,36.05634,2007.60288,-0.427,41.95756,9.256462075906343,3.4482756754503057,0.0
31.15163,29.84678,36.03431,2002.54217,-0.41275,41.97496,9.23844304028975,3.4415631105737647,0.0
31.17157,29.86775,36.01305,1997.48831,-0.39941,41.99236,9.219395476943422,3.4344673920557023,0.0
31.19145,29.88868,35.99252,1992.4421,-0.38703,42.00974,9.199401471387475,3.427019098912165,0.0
31.21128,29.90957,35.97265,1987.40429,-0.37567,42.02711,9.178545049058519,3.4192495328291312,0.0
31.23106,29.93042,35.95341,1982.37559,-0.36535,42.04446,9.156911798350917,3.4111905777354665,0.0
31.25078,29.95122,35.93471,1977.35669,-0.35611,42.0618,9.134588499883005,3.4028745616948366,0.0
31.27044,29.97199,35.91652,1972.34824,-0.34799,42.07913,9.11166276417322,3.3943341219305316,0.0
31.29005,29.99271,35.89876,1967.35082,-0.34101,42.09645,9.088222679799413,3.38560207375555,0.0
31.30961,30.01339,35.88137,1962.365,-0.33521,42.11375,9.06435647376508,3.3767112840500872,0.0
31.32911,30.03403,35.86429,1957.39129,-0.3306,42.13104,9.040152185662448,3.3676945498787076,0.0
31.34855,30.05463,35.84747,1952.43016,-0.3272,42.14832,9.015697356916814,3.3585844827256897,0.0
31.36794,30.07519,35.83082,1947.48204,-0.32502,42.16559,8.991078736189774,3.3494133987499715,0.0
31.38728,30.09571,35.8143,1942.54731,-0.32409,42.18284,8.96638200179617,3.3402132153781636,0.0
31.40656,30.11618,35.79784,1937.6263,-0.32439,42.20008,8.941691501718914,3.3310153544532306,0.0
31.42579,30.13662,35.78137,1932.7193,-0.32595,42.21731,8.917090011644,3.3218506520961637,0.0
31.44496,30.15702,35.76483,1927.82656,-0.32875,42.23453,8.892658511190792,3.3127492753458783,0.0
31.46408,30.17737,35.74816,1922.94827,-0.33279,42.25174,8.868475978357635,3.303740645584795,0.0
31.48315,30.19768,35.7313,1918.0846,-0.33807,42.26894,8.844619202007108,3.294853368684659,0.0
31.50216,30.21796,35.71419,1913.23565,-0.34457,42.28612,8.821162612043949,3.2861151717433565,0.0
31.52112,30.23819,35.69677,1908.40148,-0.35229,42.3033,8.798178126852878,3.2775528462514805,0.0
31.54003,30.25838,35.67897,1903.58212,-0.3612,42.32046,8.775735017362294,3.269192197452488,0.0
31.55888,30.27853,35.66075,1898.77756,-0.37128,42.33761,8.753899787071338,3.261057999649621,0.0
31.57769,30.29865,35.64204,1893.98771,-0.3825,42.35476,8.732736067244712,3.25317395716322,0.0
31.59643,30.31872,35.6228,1889.21249,-0.39485,42.37189,8.712304526412055,3.2455626706168617,0.0
31.61513,30.33875,35.60297,1884.45175,-0.40829,42.38901,8.692662793274769,3.2382456082181204,0.0
31.63378,30.35874,35.5825,1879.7053,-0.42279,42.40612,8.67386539207439,3.2312430816815874,0.0
31.65237,30.3787,35.56134,1874.97293,-0.43831,42.42322,8.655963689451976,3.2245742264325945,0.0
31.67091,30.39861,35.53945,1870.25437,-0.45482,42.44032,8.63900585182329,3.2182569857283476,0.0
31.6894,30.41848,35.51679,1865.54933,-0.47227,42.4574,8.6230368123047,3.2123080983369547,0.0
31.70784,30.43831,35.49331,1860.85749,-0.49063,42.47447,8.608098246216642,3.206743089411824,0.0
31.72622,30.45811,35.46897,1856.17847,-0.50984,42.49154,8.594228554265015,3.201576264226284,0.0
31.74456,30.47786,35.44374,1851.51188,-0.52986,42.50859,8.581462852476244,3.196820704424138,0.0
31.76284,30.49758,35.41759,1846.8573,-0.55065,42.52564,8.569832968070731,3.192488266482409,0.0
31.78107,30.51725,35.39049,1842.21428,-0.57215,42.54268,8.559367440453848,3.188589582080516,0.0
31.79926,30.53689,35.3624,1837.58232,-0.5943,42.5597,8.55009152660949,3.1851340601095113,0.0
31.81739,30.55649,35.3333,1832.96092,-0.61707,42.57672,8.542027210206884,3.1821298900646053,0.0
31.83547,30.57605,35.30317,1828.34954,-0.64038,42.59373,8.53519321383622,3.1795840466032668,0.0
31.8535,30.59557,35.27199,1823.74763,-0.66419,42.61073,8.529605013823684,3.177502295064205,0.0
31.87148,30.61505,35.23974,1819.15459,-0.68843,42.62773,8.525274857182342,3.1758891977820274,0.0
31.88941,30.63449,35.20641,1814.56985,-0.71305,42.64471,8.522211780313496,3.1747481210539794,0.0
31.90729,30.65389,35.17199,1809.99276,-0.738,42.66169,8.520421629148728,3.1740812426433913,0.0
31.92512,30.67325,35.13647,1805.42269,-0.7632,42.67865,8.51990708053022,3.1738895597444086,0.0
31.9429,30.69258,35.09985,1800.85899,-0.78861,42.69561,8.520667664641309,3.1741728973379613,0.0
31.96063,30.71186,35.06211,1796.301,-0.81415,42.71256,8.52269978846825,3.1749299169318923,0.0
31.97831,30.73111,35.02328,1791.74802,-0.83978,42.7295,8.525996760259467,3.17615812567267,0.0
31.99594,30.75032,34.98333,1787.19937,-0.86542,42.74643,8.530548815068391,3.1778538858607646,0.0
32.01352,30.76948,34.9423,1782.65434,-0.89102,42.76335,8.536343141537616,3.1800124249284556,0.0
32.03106,30.78861,34.90017,1778.11224,-0.91652,42.78026,8.54336391014047,3.1826278459605586,0.0
32.04854,30.8077,34.85698,1773.57234,-0.94186,42.79716,8.551592303156252,3.1856931388609873,0.0
32.06597,30.82675,34.81272,1769.03393,-0.96698,42.81406,8.561006546710418,3.18920019228857,0.0
32.08335,30.84577,34.76742,1764.49629,-0.99181,42.83094,8.571581945306145,3.193139806520962,0.0
32.10069,30.86474,34.7211,1759.9587,-1.01632,42.84782,8.583290919242938,3.1975017073940624,0.0
32.11797,30.88367,34.67378,1755.42045,-1.04042,42.86469,8.596103045477362,3.2022745615237156,0.0
32.13521,30.90257,34.62548,1750.88081,-1.06408,42.88154,8.609985102380081,3.2074459929788786,0.0
32.15239,30.92142,34.57624,1746.33908,-1.08724,42.89839,8.624901119010842,3.2130026016378537,0.0
32.16953,30.94024,34.52608,1741.79456,-1.10984,42.91522,8.640812429448337,3.2189299834275955,0.0
32.18662,30.95901,34.47504,1737.24655,-1.13184,42.93205,8.657677732799462,3.2252127526787278,0.0
32.20366,30.97775,34.42315,1732.69438,-1.15317,42.94887,8.675453159462228,3.2318345668102313,0.0
32.22064,30.99644,34.37044,1728.13737,-1.17381,42.96567,8.694092344275974,3.2387781535798204,0.0
32.23758,31.0151,34.31696,1723.57488,-1.19369,42.98247,8.713546507113593,3.2460253411066637,0.0
32.25447,31.03372,34.26274,1719.00626,-1.21279,42.99925,8.733764541509633,3.2535570908876887,0.0
32.27131,31.05229,34.20782,1714.4309,-1.23105,43.01602,8.754693111842634,3.261353534000559,0.0
32.28811,31.07083,34.15225,1709.8482,-1.24843,43.03278,8.776276759565663,3.2693940106773374,0.0
32.30485,31.08932,34.09607,1705.25758,-1.26491,43.04953,8.798458018942505,3.27765711341927,0.0
32.32154,31.10778,34.03933,1700.65849,-1.28045,43.06627,8.82117754264596,3.2861207337854537,0.0
32.33818,31.12619,33.98208,1696.0504,-1.29502,43.08299,8.844374237526507,3.2947621129702322,0.0
32.35477,31.14457,33.92436,1691.43281,-1.30859,43.09971,8.867985410796404,3.3035578962606267,0.0
32.37132,31.1629,33.86621,1686.80526,-1.32113,43.11641,8.891946926723941,3.3124841914090624,0.0
32.38781,31.18119,33.8077,1682.16729,-1.33263,43.13309,8.916193373897737,3.3215166309437216,0.0
32.40425,31.19944,33.74886,1677.51852,-1.34306,43.14977,8.940658242946396,3.330630438373793,0.0
32.42065,31.21765,33.68976,1672.85854,-1.35242,43.16643,8.965274114554372,3.3398004982303267,0.0
32.43699,31.23582,33.63043,1668.18703,-1.36068,43.18307,8.989972857424865,3.3490014298126214,0.0
32.45328,31.25394,33.57094,1663.50369,-1.36785,43.1997,9.014685835730392,3.358207664469023,0.0
32.46952,31.27202,33.51132,1658.80823,-1.37391,43.21632,9.039344125514074,3.3673935262120964,0.0
32.48572,31.29006,33.45163,1654.10043,-1.37886,43.23292,9.063878739302313,3.3765333153927557,0.0
32.50186,31.30806,33.39193,1649.38011,-1.38272,43.24951,9.08822085806816,3.385601395112725,0.0
32.51795,31.32602,33.33225,1644.64709,-1.38547,43.26608,9.112302069611687,3.3945722800274982,0.0
32.53399,31.34393,33.27265,1639.90128,-1.38714,43.28264,9.136054612240484,3.4034207271237347,0.0
32.54998,31.3618,33.21317,1635.14259,-1.38773,43.29918,9.159411622511701,3.41212182800969,0.0
32.56592,31.37963,33.15386,1630.37101,-1.38727,43.31571,9.182307385738724,3.4206511022355435,0.0
32.58181,31.39741,33.09477,1625.58652,-1.38576,43.33222,9.204677587819893,3.42898459110622,0.0
32.59765,31.41515,33.03594,1620.7892,-1.38325,43.34871,9.226459566861992,3.437098951417763,0.0
32.61344,31.43284,32.97741,1615.97912,-1.37974,43.36518,9.24759256301202,3.444971548526242,0.0
32.62917,31.4505,32.91922,1611.15641,-1.37528,43.38164,9.268017964850145,3.4525805481356096,0.0
32.64486,31.4681,32.86141,1606.32126,-1.36989,43.39808,9.287679550647232,3.4599050061724816,0.0
32.66049,31.48567,32.80403,1601.47387,-1.36362,43.4145,9.306523722774228,3.4669249561097972,0.0
32.67608,31.50318,32.74709,1596.6145,-1.3565,43.4309,9.324499733552823,3.4736214931021334,0.0
32.69161,31.52066,32.69065,1591.74342,-1.34857,43.44729,9.341559900836302,3.4799768542952454,0.0
32.70709,31.53809,32.63472,1586.86097,-1.33989,43.46366,9.35765981168125,3.4859744946991382,0.0
32.72251,31.55547,32.57934,1581.9675,-1.3305,43.48,9.37275851250505,3.491599158026731,0.0
32.73789,31.57281,32.52453,1577.06342,-1.32045,43.49633,9.386818684208162,3.496836941931524,0.0
32.75321,31.5901,32.47032,1572.14916,-1.30979,43.51264,9.39980680086709,3.5016753571248898,0.0
32.76849,31.60735,32.41673,1567.22516,-1.29859,43.52893,9.411693270680203,3.5061033798821195,0.0
32.78371,31.62455,32.36377,1562.29193,-1.28689,43.5452,9.422452558026206,3.5101114975123933,0.0
32.79888,31.64171,32.31147,1557.34998,-1.27477,43.56145,9.432063285639428,3.5136917464217796,0.0
32.81399,31.65881,32.25984,1552.39985,-1.26227,43.57768,9.440508316048986,3.516837742451464,0.0
32.82906,31.67588,32.20888,1547.44212,-1.24946,43.59389,9.447774811635565,3.519544703250469,0.0
32.84407,31.69289,32.15861,1542.47737,-1.2364,43.61008,9.453854272846545,3.5218094625118117,0.0
32.85903,31.70986,32.10903,1537.50622,-1.22317,43.62625,9.458742554272778,3.523630475961509,0.0
32.87394,31.72679,32.06015,1532.52929,-1.20981,43.6424,9.462439858539314,3.5250078190827234,0.0
32.8888,31.74366,32.01196,1527.54722,-1.19641,43.65852,9.464950708086302,3.5259431766034033,0.0
32.9036,31.76049,31.96446,1522.56068,-1.18302,43.67463,9.466283895205184,3.526439823883451,0.0
32.91835,31.77727,31.91765,1517.57032,-1.16972,43.69071,9.466452410778762,3.526502600368521,0.0
32.93305,31.79401,31.87152,1512.57683,-1.15656,43.70678,9.465473352447107,3.526137875379405,0.0
32.9477,31.8107,31.82606,1507.58088,-1.14361,43.72282,9.463367813049766,3.5253535065538193,0.0
32.96229,31.82734,31.78125,1502.58316,-1.13094,43.73884,9.460160750320929,3.524158791304429,0.0
32.97684,31.84393,31.73708,1497.58435,-1.11861,43.75484,9.455880839044577,3.522564411742744,0.0
32.99133,31.86047,31.69353,1492.58515,-1.10668,43.77082,9.450560306908189,3.520582373530315,0.0
33.00577,31.87697,31.65059,1487.58622,-1.09522,43.78678,9.444234755479943,3.5182259391880177,0.0
33.02015,31.89342,31.60823,1482.58826,-1.08428,43.80271,9.436942967751481,3.5155095564006835,0.0
33.03449,31.90982,31.56642,1477.59192,-1.07392,43.81863,9.428726703845006,3.512448781912608,0.0
33.04877,31.92618,31.52514,1472.59786,-1.06419,43.83452,9.419630486443795,3.509060201594772,0.0
33.063,31.94248,31.48436,1467.60674,-1.05516,43.85039,9.409701377608963,3.50536134730322,0.0
33.07718,31.95874,31.44405,1462.61919,-1.04687,43.86624,9.398988748610636,3.5013706111351115,0.0
33.09131,31.97495,31.40418,1457.63582,-1.03937,43.88207,9.387544044422805,3.497107157696853,0.0
33.10538,31.99111,31.36471,1452.65724,-1.0327,43.89788,9.375420544487964,3.4925908349826438,0.0
33.1194,32.00723,31.32562,1447.68402,-1.02692,43.91366,9.362673121327132,3.487842084450344,0.0
33.13338,32.02329,31.28687,1442.71674,-1.02205,43.92943,9.349357998507221,3.482881850857962,0.0
33.1473,32.03931,31.24841,1437.75593,-1.01815,43.94517,9.335532509416414,3.4777314924011242,0.0
33.16116,32.05528,31.21021,1432.80211,-1.01524,43.96089,9.321254858208547,3.4724126916585822,0.0
33.17498,32.07121,31.17223,1427.85578,-1.01335,43.9766,9.30658388418405,3.4669473678178986,0.0
33.18875,32.08708,31.13444,1422.91739,-1.01251,43.99228,9.291578830779745,3.4613575906180776,0.0
33.20246,32.10291,31.09679,1417.98739,-1.01276,44.00794,9.276299120243651,3.455665496410003,0.0
33.21613,32.11869,31.05924,1413.0662,-1.0141,44.02358,9.260804134929504,3.449893206682883,0.0
33.22974,32.13442,31.02175,1408.1542,-1.01656,44.0392,9.245153006065674,3.444062749375121,0.0
33.2433,32.1501,30.98428,1403.25175,-1.02015,44.0548,9.229404410713284,3.4381959832358744,0.0
33.25681,32.16574,30.94678,1398.35918,-1.02488,44.07038,9.213616377542799,3.4323145254717145,0.0
33.27027,32.18132,30.90923,1393.47678,-1.03076,44.08594,9.197846101896806,3.4264396828526564,0.0
33.28368,32.19687,30.87157,1388.60482,-1.0378,44.10148,9.182149770563836,3.420592386435793,0.0
33.29704,32.21236,30.83376,1383.74354,-1.046,44.117,9.166582396526548,3.414793130004641,0.0
33.31035,32.2278,30.79577,1378.89315,-1.05534,44.1325,9.151197663883014,3.409061912298246,0.0
33.32361,32.2432,30.75756,1374.05382,-1.06583,44.14798,9.13604778303004,3.403418183063157,0.0
33.33682,32.25855,30.71908,1369.2257,-1.07746,44.16344,9.12118335612997,3.397880792936271,0.0
33.34998,32.27385,30.68031,1364.4089,-1.09022,44.17889,9.10665325278952,3.3924679471319252,0.0
33.36309,32.28911,30.64119,1359.6035,-1.10408,44.19431,9.092504495804034,3.38719716287863,0.0
33.37615,32.30432,30.6017,1354.80957,-1.11904,44.20972,9.078782156802756,3.3820852305441855,0.0
33.38916,32.31948,30.5618,1350.02712,-1.13506,44.2251,9.06552926151244,3.377148178343881,0.0
33.40212,32.33459,30.52146,1345.25616,-1.15213,44.24047,9.052786704375313,3.3724012405334447,0.0
33.41503,32.34966,30.48064,1340.49664,-1.17021,44.25582,9.040593172177633,3.367858828958668,0.0
33.42789,32.36468,30.43932,1335.74851,-1.18927,44.27115,9.028985076344979,3.3635345078336205,0.0
33.44071,32.37965,30.39746,1331.01167,-1.20929,44.28646,9.017996493517682,3.3594409716034384,0.0
33.45347,32.39458,30.35504,1326.28601,-1.23023,44.30176,9.007659114043154,3.355590025756353,0.0
33.46619,32.40946,30.31203,1321.57139,-1.25205,44.31703,8.998002197970862,3.3519925704306694,0.0
33.47885,32.42429,30.2684,1316.86763,-1.2747,44.33229,8.989052538166588,3.3486585866738556,0.0
33.49147,32.43908,30.22414,1312.17455,-1.29816,44.34753,8.980834430177188,3.3455971252163694,0.0
33.50405,32.45382,30.17921,1307.49192,-1.32236,44.36276,8.973369648454982,3.3428162976146196,0.0
33.51657,32.46851,30.13361,1302.8195,-1.34727,44.37796,8.966677428598825,3.3403232696352996,0.0
33.52904,32.48315,30.08731,1298.15704,-1.37284,44.39315,8.960774455278056,3.3381242567567377,0.0
33.54147,32.49775,30.0403,1293.50424,-1.39902,44.40832,8.95567485554358,3.3362245216771003,0.0
33.55385,32.51231,29.99256,1288.86081,-1.42576,44.42347,8.951390197227237,3.334628373718118,0.0
33.56618,32.52682,29.94409,1284.22643,-1.45301,44.43861,8.947929492192076,3.3333391700358903,0.0
33.57846,32.54128,29.89487,1279.60075,-1.48071,44.45373,8.945299204222502,3.332359318560183,0.0
33.5907,32.55569,29.84489,1274.98341,-1.50882,44.46883,8.943503261361272,3.3316902825902743,0.0
33.60289,32.57006,29.79415,1270.37406,-1.53727,44.48392,8.942543072557392,3.3313325869967407,0.0
33.61503,32.58438,29.74265,1265.77229,-1.56601,44.49898,8.942417548492058,3.331285825979667,0.0
33.62712,32.59866,29.69038,1261.17772,-1.59498,44.51403,8.943123126516415,3.3315486723586147,0.0
33.63917,32.61289,29.63734,1256.58993,-1.62414,44.52907,8.944653799647616,3.332118888374422,0.0
33.65117,32.62707,29.58353,1252.00851,-1.65342,44.54408,8.947001149614104,3.3329933379994325,0.0
33.66313,32.64121,29.52896,1247.43302,-1.68277,44.55908,8.950154383938482,3.334168000751853,0.0
33.67503,32.6553,29.47364,1242.86303,-1.71213,44.57406,8.954100377127682,3.3356379870401587,0.0
33.68689,32.66934,29.41756,1238.29809,-1.74146,44.58903,8.958823716022158,3.3373975550568775,0.0
33.6987,32.68334,29.36075,1233.73777,-1.77068,44.60397,8.964306749364095,3.3394401292440383,0.0
33.71047,32.69729,29.3032,1229.1816,-1.79975,44.6189,8.970529641737098,3.341758320387134,0.0
33.72219,32.7112,29.24494,1224.62914,-1.82863,44.63381,8.977470431941557,3.3443439473614767,0.0
33.73386,32.72506,29.18597,1220.07994,-1.85724,44.64871,8.985105095962231,3.3471880605892785,0.0
33.74549,32.73888,29.12632,1215.53354,-1.88555,44.66358,8.99340761464778,3.3502809672520586,0.0
33.75707,32.75265,29.06599,1210.9895,-1.91351,44.67844,9.002350046227113,3.3536122583048957,0.0
33.7686,32.76637,29.00502,1206.44736,-1.94107,44.69329,9.01190260380482,3.357170837345508,0.0
33.78009,32.78004,28.94341,1201.90669,-1.96818,44.70811,9.02203373792734,3.3609449513723284,0.0
33.79153,32.79367,28.88119,1197.36706,-1.99479,44.72291,9.032710224338791,3.3649222234758582,0.0
33.80292,32.80726,28.81838,1192.82804,-2.02087,44.7377,9.043897257015473,3.3690896874964675,0.0
33.81427,32.82079,28.75501,1188.28921,-2.04638,44.75247,9.055558546515751,3.3734338246623135,0.0
33.82558,32.83428,28.69109,1183.75017,-2.07128,44.76722,9.067656423682564,3.377940602221257,0.0
33.83683,32.84773,28.62666,1179.21052,-2.09553,44.78195,9.080151948708233,3.382595514070369,0.0
33.84804,32.86113,28.56174,1174.66989,-2.1191,44.79667,9.093005025491806,3.3873836233570542,0.0
33.8592,32.87448,28.49636,1170.12791,-2.14197,44.81136,9.106174521231603,3.392289607030417,0.0
33.87032,32.88778,28.43055,1165.58423,-2.16409,44.82604,9.119618391088402,3.3972978022815794,0.0
33.88139,32.90104,28.36433,1161.03853,-2.18546,44.84069,9.133293807770354,3.4023922548174736,0.0
33.89242,32.91425,28.29773,1156.49047,-2.20604,44.85533,9.147157295777284,3.4075567688703785,0.0
33.9034,32.92741,28.23079,1151.93978,-2.22582,44.86995,9.16116487003743,3.4127749588437433,0.0
33.91433,32.94053,28.16353,1147.38618,-2.24478,44.88455,9.175272178578973,3.418030302461095,0.0
33.92522,32.9536,28.09597,1142.82942,-2.26292,44.89913,9.18943464883783,3.4233061952695385,0.0
33.93606,32.96662,28.02816,1138.26926,-2.28022,44.91368,9.203607637150977,3.428586006329952,0.0
33.94685,32.9796,27.96012,1133.70549,-2.29667,44.92822,9.217746580907948,3.4338531348974235,0.0
33.9576,32.99253,27.89188,1129.13794,-2.31228,44.94274,9.23180715279969,3.439091067883009,0.0
33.9683,33.00541,27.82346,1124.56645,-2.32704,44.95724,9.24574541656103,3.444283437871899,0.0
33.97896,33.01824,27.7549,1119.99087,-2.34097,44.97171,9.25951798349879,3.44941408143426,0.0
33.98957,33.03103,27.68623,1115.41111,-2.35406,44.98617,9.273082169133406,3.4544670974783593,0.0
34.00014,33.04377,27.61747,1110.82708,-2.36632,45.0006,9.286396149172695,3.4594269053548925,0.0
34.01065,33.05646,27.54864,1106.23872,-2.37778,45.01501,9.29941911405605,3.46427830242877,0.0
34.02113,33.0691,27.47979,1101.64601,-2.38845,45.0294,9.312111421234995,3.469006520807628,0.0
34.03155,33.0817,27.41092,1097.04893,-2.39835,45.04377,9.324434744370311,3.4735972829216797,0.0
34.04193,33.09425,27.34207,1092.44752,-2.4075,45.05812,9.33635221859219,3.4780368556369474,0.0
34.05226,33.10675,27.27326,1087.84183,-2.41594,45.07244,9.347828580987358,3.482312102590416,0.0
34.06255,33.1192,27.20451,1083.23193,-2.42369,45.08675,9.358830305454353,3.4864105344271645,0.0
34.07279,33.1316,27.13584,1078.61792,-2.43078,45.10103,9.369325731110445,3.4903203566353276,0.0
34.08299,33.14396,27.06728,1073.99993,-2.43726,45.11528,9.379285183426145,3.4940305146718877,0.0
34.09313,33.15626,26.99883,1069.37813,-2.44315,45.12952,9.388681087334732,3.4975307360989456,0.0
34.10324,33.16852,26.93052,1064.75268,-2.4485,45.14373,9.397488071550606,3.50081156944506,0.0
34.11329,33.18073,26.86237,1060.1238,-2.45336,45.15792,9.405683063423242,3.5038644195408297,0.0
34.1233,33.19289,26.79439,1055.4917,-2.45777,45.17208,9.41324537371467,3.506681579100747,0.0
34.13327,33.205,26.72659,1050.85664,-2.46178,45.18622,9.420156770699515,3.5092562563274003,0.0
34.14318,33.21706,26.65898,1046.2189,-2.46544,45.20034,9.4264015431031,3.5115825983575863,0.0
34.15305,33.22908,26.59158,1041.57876,-2.4688,45.21444,9.43196655147245,3.513655710399352,0.0
34.16288,33.24104,26.52438,1036.93654,-2.47192,45.22851,9.436841267626288,3.5154716704281577,0.0
34.17266,33.25296,26.45741,1032.29258,-2.47484,45.24255,9.441017801942655,3.5170275393522363,0.0
34.18239,33.26483,26.39066,1027.64721,-2.47763,45.25658,9.444490918304126,3.518321366580075,0.0
34.19208,33.27664,26.32414,1023.00082,-2.48035,45.27058,9.447258036654722,3.5193521909729375,0.0
34.20172,33.28841,26.25784,1018.35378,-2.48304,45.28455,9.449319223164899,3.5201200371810604,0.0
34.21131,33.30013,26.19178,1013.70648,-2.48578,45.2985,9.450677168125127,3.520625907408427,0.0
34.22086,33.3118,26.12595,1009.05935,-2.48862,45.31243,9.451337151757906,3.5208717686768525,0.0
34.23036,33.32342,26.06034,1004.4128,-2.49162,45.32633,9.451306998256866,3.520860535704328,0.0
34.23981,33.33499,25.99495,999.76725,-2.49483,45.34021,9.450597018392374,3.5205960495241104,0.0
