0.04862,0.04862,58.85379,5143.76286,-0.54252,45.00011,2.4611172758511253,0.9168309411473491,0.0
0.09723,0.09723,58.7779,5142.52294,-0.58468,45.00027,2.4863280284528906,0.9262226098263299,0.0
0.14582,0.14582,58.69638,5141.2789,-0.62646,45.00049,2.5137829285504196,0.936450282494557,0.0
0.19441,0.19441,58.60929,5140.02937,-0.6678,45.00078,2.5435282447257905,0.9475311954162543,0.0
0.24298,0.24298,58.51668,5138.77296,-0.70867,45.00112,2.5756135289844386,0.9594838080172375,0.0
0.29154,0.29155,58.41864,5137.50821,-0.74904,45.00151,2.610091547800686,0.9723277771975622,0.0
0.34009,0.3401,58.31522,5136.23364,-0.78886,45.00197,2.6470181968516657,0.9860839255676633,0.0
0.38863,0.38864,58.20652,5134.94772,-0.82809,45.00248,2.686452396821772,1.0007742026327748,0.0
0.43715,0.43717,58.09262,5133.64889,-0.86668,45.00305,2.7284559674118736,1.0164216378580442,0.0
0.48566,0.48569,57.9736,5132.33551,-0.90461,45.00368,2.773093476415727,1.0330502844455267,0.0
0.53416,0.5342,57.84957,5131.00593,-0.94181,45.00437,2.8204320604530233,1.0506851525525283,0.0
0.58265,0.5827,57.72062,5129.65844,-0.97825,45.00511,2.8705412136820594,1.0693521305815155,0.0
0.63112,0.63118,57.58687,5128.29126,-1.01388,45.00591,2.9234925405283865,1.0890778930650322,0.0
0.67958,0.67965,57.44843,5126.90259,-1.04865,45.00677,2.979359468202689,1.1098897935710446,0.0
0.72803,0.72812,57.30542,5125.49053,-1.08251,45.00768,3.0382169145167817,1.1318157409556595,0.0
0.77646,0.77657,57.15798,5124.05318,-1.11542,45.00865,3.1001409062631624,1.154884057199468,0.0
0.82488,0.82501,57.00623,5122.58855,-1.14731,45.00968,3.165208143214415,1.1791233149858504,0.0
0.87328,0.87343,56.85032,5121.09459,-1.17814,45.01076,3.233495502617826,1.204562153112183,0.0
0.92167,0.92185,56.6904,5119.56922,-1.20786,45.0119,3.3050794789361513,1.2312290677785322,0.0
0.97005,0.97025,56.52662,5118.01029,-1.2364,45.0131,3.3800355535306483,1.2591521777780008,0.0
1.01841,1.01864,56.35915,5116.41558,-1.26372,45.01435,3.4584374890037743,1.2883589616208153,0.0
1.06675,1.06702,56.18816,5114.78283,-1.28975,45.01566,3.5403565430458084,1.318875964671507,0.0
1.11508,1.11539,56.01383,5113.10973,-1.31443,45.01702,3.625860596871133,1.3507284744684955,0.0
1.16339,1.16374,55.83635,5111.39391,-1.33771,45.01843,3.7150131937442974,1.3839401625497496,0.0
1.21169,1.21208,55.65592,5109.63296,-1.35952,45.0199,3.8078724836360687,1.4185326913093979,0.0
1.25997,1.2604,55.47273,5107.8244,-1.3798,45.02143,3.904490070830462,1.4545252847010262,0.0
1.30823,1.30871,55.287,5105.96574,-1.39849,45.023,4.0049097622887535,1.4919342619703408,0.0
1.35647,1.35701,55.09896,5104.05443,-1.41553,45.02464,4.109166215810315,1.5307725340595084,0.0
1.4047,1.40529,54.90882,5102.08789,-1.43084,45.02632,4.217283488557132,1.5710490628943519,0.0
1.4529,1.45355,54.71684,5100.06352,-1.44437,45.02806,4.329273488325723,1.6127682844423865,0.0
1.50108,1.5018,54.52325,5097.9787,-1.45605,45.02985,4.445134332102655,1.6559294972315644,0.0
1.54925,1.55004,54.3283,5095.83079,-1.46582,45.03169,4.564848618932753,1.7005262189482344,0.0
1.59739,1.59825,54.13227,5093.61716,-1.47361,45.03359,4.688381626962021,1.7465455147881972,0.0
1.64552,1.64645,53.93542,5091.33518,-1.47936,45.03554,4.81567944771045,1.7939673024242322,0.0
1.69362,1.69463,53.73804,5088.98225,-1.483,45.03753,4.946667074168675,1.8427636397717975,0.0
1.74169,1.7428,53.54041,5086.55578,-1.48448,45.03958,5.081246463123155,1.8928980031541764,0.0
1.78975,1.79094,53.34282,5084.05324,-1.48373,45.04168,5.219294596231294,1.944324565001945,0.0
1.83778,1.83907,53.14558,5081.47219,-1.4807,45.04383,5.36066156867097,1.9969874818246298,0.0
1.88578,1.88717,52.949,5078.81021,-1.47534,45.04603,5.50516873855242,2.050820204817942,0.0
1.93376,1.93526,52.7534,5076.06502,-1.46758,45.04828,5.6526069747196015,2.1057448271236847,0.0
1.98171,1.98332,52.5591,5073.23443,-1.45739,45.05057,5.802735044777768,2.161671483327609,0.0
2.02964,2.03136,52.36642,5070.31639,-1.44471,45.05292,5.955278189134473,2.2184978182521675,0.0
2.07753,2.07938,52.17571,5067.30902,-1.42952,45.05531,6.109926930269498,2.276108543378236,0.0
2.1254,2.12737,51.98729,5064.21057,-1.41177,45.05775,6.266336169121523,2.3343751002253703,0.0
2.17324,2.17534,51.80151,5061.01953,-1.39145,45.06023,6.424124622286462,2.393155450693377,0.0
2.22104,2.22329,51.61871,5057.73458,-1.36852,45.06277,6.582874654242595,2.4522940145617644,0.0
2.26882,2.2712,51.43925,5054.35464,-1.34298,45.06534,6.742132557982674,2.5116217740325824,0.0
2.31656,2.3191,51.26345,5050.87892,-1.31481,45.06797,6.901409334884535,2.570956564252747,0.0
2.36427,2.36696,51.09167,5047.30687,-1.28403,45.07063,7.060182020314869,2.6301035671363233,0.0
2.41194,2.41479,50.92425,5043.63826,-1.25064,45.07334,7.217895595014933,2.688856023405992,0.0
2.45958,2.4626,50.76154,5039.8732,-1.21466,45.0761,7.373965513813461,2.7469961746051514,0.0
2.50718,2.51038,50.60385,5036.01213,-1.17613,45.0789,7.527780872553598,2.8042964428615136,0.0
2.55474,2.55812,50.45154,5032.05582,-1.13509,45.08174,7.678708221361558,2.860520851430025,0.0
2.60227,2.60583,50.30488,5028.00551,-1.09209,45.07307,7.826132779205413,2.9154403782004303,-4.999999914709195
2.64978,2.65349,50.16415,5023.86277,-1.0467,45.06422,7.969429857494032,2.9688223102359874,-4.999999914709195
2.69725,2.70111,50.02966,5019.6295,-0.999,45.05519,8.107932720737457,3.0204182710238197,-4.999999914709195
2.74469,2.74869,49.90169,5015.30799,-0.94908,45.04599,8.24097274008753,3.0699791787253052,-4.999999914709195
2.79209,2.79622,49.78053,5010.90092,-0.89702,45.03662,8.367886050420354,3.11725772611445,-4.999999914709195
2.83947,2.84371,49.66644,5006.41137,-0.84294,45.0271,8.488020395434697,3.1620109305571478,-4.999999914709195
2.88681,2.89114,49.55966,5001.84281,-0.78695,45.01743,8.600742214628353,3.2040027740963457,-4.999999914709195
2.93411,2.93853,49.46042,4997.19908,-0.72919,45.00762,8.705443849784327,3.2430068880577676,-4.999999914709195
2.98139,2.98587,49.36893,4992.4844,-0.66979,44.99769,8.801550737089414,3.278809232303306,-4.999999914709195
3.02862,3.03316,49.28539,4987.70332,-0.60891,44.98765,8.88852844291152,3.311210716243213,-4.999999914709195
3.07582,3.0804,49.20997,4982.86072,-0.5467,44.9775,8.965889397240208,3.340029707219862,-4.999999914709195
3.12299,3.12759,49.14281,4977.96179,-0.48333,44.96727,9.033199179223127,3.365104372035451,-4.999999914709195
3.17011,3.17472,49.08403,4973.01198,-0.41898,44.95698,9.090082214255833,3.3862947992678625,-4.999999914709195
3.2172,3.2218,49.03374,4968.01697,-0.35382,44.94662,9.136226752053364,3.403484853733304,-4.999999914709195
3.26425,3.26883,48.99201,4962.98267,-0.28805,44.93623,9.171389009511445,3.416583719811114,-4.999999914709195
3.31127,3.31581,48.9589,4957.91511,-0.22184,44.92581,9.195396380794454,3.425527097285989,-4.999999914709195
3.35824,3.36273,48.93443,4952.82049,-0.15539,44.91539,9.208149639257737,3.4302780216219873,-4.999999914709195
3.40517,3.4096,48.9186,4947.70506,-0.08891,44.90498,9.20962408074697,3.4308272898716172,-4.999999914709195
3.45206,3.45641,48.91138,4942.57513,-0.02258,44.89459,9.199869584521998,3.4271934833715734,-4.999999914709195
3.49892,3.50317,48.91273,4937.43701,0.04341,44.88425,9.179009595611909,3.419422588643224,-4.999999914709195
3.54573,3.54987,48.92258,4932.29696,0.10886,44.87396,9.147239059556814,3.407587228029588,-4.999999914709195
3.5925,3.59652,48.94081,4927.16117,0.17359,44.86376,9.104821366394345,3.391785521249891,-4.999999914709195
3.63923,3.64312,48.96732,4922.03571,0.23741,44.85365,9.052084384267692,3.3721396078142014,-4.999999914709195
3.68592,3.68965,49.00194,4916.92649,0.30014,44.84364,8.989415683418976,3.3487938678352975,-4.999999914709195
3.73257,3.73614,49.04453,4911.83924,0.36162,44.83376,8.91725706786389,3.321912884933586,-4.999999914709195
3.77918,3.78257,49.09488,4906.77946,0.42168,44.82402,8.836098544343596,3.291679199513005,-4.999999914709195
3.82574,3.82895,49.15279,4901.75242,0.48017,44.81443,8.74647186585474,3.2582909035560683,-4.999999914709195
3.87227,3.87527,49.21804,4896.7631,0.53694,44.805,8.648943790230227,3.221959129267828,-4.999999914709195
3.91876,3.92154,49.29038,4891.81621,0.59186,44.79575,8.544109193025045,3.1829054834446358,-4.999999914709195
3.9652,3.96776,49.36954,4886.91616,0.64479,44.78669,8.432584168659883,3.141359477468617,-4.999999914709195
4.01161,4.01392,49.45527,4882.06701,0.69564,44.77782,8.314999244983891,3.0975559995537676,-4.999999914709195
4.05797,4.06004,49.54726,4877.27253,0.74429,44.76917,8.191992824664997,3.0517328714912755,-4.999999914709195
4.1043,4.1061,49.64523,4872.53612,0.79065,44.76073,8.06420495275626,3.004128526904004,-4.999999914709195
4.15059,4.15212,49.74887,4867.86088,0.83464,44.75251,7.932271494265788,2.954979842238088,-4.999999914709195
4.19683,4.19808,49.85785,4863.24956,0.87619,44.74453,7.796818789059954,2.9045201455737466,-4.999999914709195
4.24304,4.244,49.97186,4858.70457,0.91524,44.73678,7.658458834777622,2.8529774221340816,-4.999999914709195
4.28921,4.28987,50.09057,4854.22802,0.95174,44.72927,7.517785032115525,2.8005727292919405,-4.999999914709195
4.33535,4.33569,50.21364,4849.82168,0.98565,44.72201,7.3753685113649805,2.7475188281081793,-4.999999914709195
4.38144,4.38147,50.34073,4845.48705,1.01695,44.715,7.231755044925567,2.694019033161778,-4.999999914709195
4.4275,4.4272,50.47152,4841.2253,1.04561,44.70824,7.087462537773071,2.6402662776831174,-4.999999914709195
4.47353,4.47289,50.60565,4837.03735,1.07163,44.70174,6.94297907702874,2.586442386967206,-4.999999914709195
4.51951,4.51854,50.7428,4832.92384,1.09499,44.69548,6.798761512626813,2.5327175496349947,-4.999999914709195
4.56547,4.56414,50.88261,4828.88518,1.11572,44.68949,6.655234533948655,2.4792499736552913,-4.999999914709195
4.61138,4.60971,51.02477,4824.92154,1.13382,44.68374,6.51279020182427,2.4261857120030133,-4.999999914709195
4.65727,4.65523,51.16892,4821.03288,1.14931,44.67825,6.3717878916845825,2.373658641481917,-4.999999914709195
4.70312,4.70072,51.31476,4817.21894,1.16221,44.673,6.232554601504939,2.321790577441654,-4.999999914709195
4.74893,4.74616,51.46194,4813.47932,1.17257,44.66801,6.095385577426356,2.2706915068381464,-4.999999914709195
4.79472,4.79157,51.61016,4809.81342,1.18042,44.66326,5.96054521043565,2.220459922270527,-4.999999914709195
4.84047,4.83695,51.75909,4806.2205,1.18579,44.65876,5.828268158859558,2.1711832401397397,-4.999999914709195
4.88619,4.88229,51.90844,4802.69969,1.18874,44.65449,5.6987606537198605,2.1229382869276616,-4.999999914709195
4.93188,4.92759,52.0579,4799.25001,1.18931,44.65046,5.572201946737955,2.0757918386169107,-4.999999914709195
4.97754,4.97286,52.20719,4795.87035,1.18756,44.64667,5.448745864103044,2.0298011995103744,-4.999999914709195
5.02317,5.0181,52.356,4792.55952,1.18354,44.6431,5.328522432565234,1.985014807993678,-4.999999914709195
5.06877,5.06331,52.50407,4789.31625,1.17731,44.63975,5.211639548105275,1.9414728581585647,-4.999999914709195
5.11434,5.10849,52.65112,4786.1392,1.16894,44.63663,5.09818466109047,1.8992079275678122,-4.999999914709195
5.15988,5.15363,52.7969,4783.02697,1.15847,44.63371,4.988226455412449,1.8582456027782346,-4.999999914709195
5.20539,5.19875,52.94114,4779.97811,1.14597,44.63101,4.881816502582311,1.8186050955346444,-4.999999914709195
5.25088,5.24384,53.08361,4776.99113,1.13151,44.62851,4.778990874985196,1.7802998437496285,-4.999999914709195
5.29634,5.2889,53.22407,4774.06452,1.11516,44.62621,4.679771705518913,1.7433380925099724,-4.999999914709195
5.34177,5.33394,53.36227,4771.19671,1.09696,44.62411,4.584168683595516,1.7077234513766089,-4.999999914709195
5.38718,5.37895,53.49802,4768.38616,1.077,44.62219,4.492180479942978,1.6734554251607332,-4.999999914709195
5.43256,5.42394,53.63109,4765.63127,1.05532,44.62046,4.40379609483645,1.6405299161754192,-4.999999914709195
5.47792,5.4689,53.76127,4762.93047,1.03201,44.61891,4.318996126313789,1.6089396966792722,-4.999999914709195
5.52325,5.51384,53.88838,4760.28216,1.00712,44.61753,4.237753956560548,1.5786748508360533,-4.999999914709195
5.56856,5.55875,54.01222,4757.68476,0.98071,44.61631,4.160036856055777,1.549723186038044,-4.999999914709195
5.61384,5.60364,54.13261,4755.13668,0.95285,44.61527,4.085807006239154,1.522070613876457,-4.999999914709195
5.6591,5.64852,54.24939,4752.63633,0.9236,44.61438,4.015022442397732,1.4957015013915627,-4.999999914709195
5.70433,5.69337,54.36238,4750.18216,0.89302,44.61364,3.947637919248099,1.4705989935248143,-4.999999914709195
5.74954,5.7382,54.47144,4747.7726,0.86118,44.61305,3.8836057022677277,1.4467453079105999,-4.999999914709195
5.79473,5.78301,54.57641,4745.4061,0.82813,44.61261,3.822876288273975,1.424122003310877,-4.999999914709195
5.8399,5.8278,54.67715,4743.08114,0.79394,44.6123,3.765399059064232,1.40271022311333,-4.999999914709195
5.88505,5.87257,54.77353,4740.79618,0.75865,44.61213,3.7111228721128984,1.382490915381531,-4.999999914709195
5.93017,5.91732,54.86542,4738.54972,0.72233,44.61209,3.65999659244681,1.3634450309925343,-4.999999914709195
5.97527,5.96206,54.95271,4736.34026,0.68504,44.61217,3.6119695698193253,1.3455537013967787,-4.999999914709195
6.02035,6.00678,55.03527,4734.16634,0.64684,44.61237,3.566992065288405,1.3287983975296425,-4.999999914709195
6.06541,6.05148,55.11301,4732.02647,0.60776,44.61269,3.525015631182406,1.3131610713587052,-4.999999914709195
6.11045,6.09617,55.18582,4729.91921,0.56788,44.61311,3.4859934483268717,1.2986242815095947,-4.999999914709195
6.15547,6.14084,55.25362,4727.84313,0.52725,44.61365,3.449880624207962,1.2851713043397124,-4.999999914709195
6.20047,6.1855,55.31631,4725.79677,0.48591,44.61428,3.416634455582158,1.2727862317672571,-4.999999914709195
6.24545,6.23014,55.37382,4723.77874,0.44391,44.61502,3.3862146588042012,1.261454057074444,-4.999999914709195
6.29041,6.27476,55.42608,4721.78761,0.40132,44.61584,3.3585835709346226,1.251160749825349,-4.999999914709195
6.33534,6.31937,55.47302,4719.82198,0.35818,44.61676,3.3337063244488148,1.2418933209496368,-4.999999914709195
6.38026,6.36397,55.51458,4717.88046,0.31454,44.61776,3.31155099812749,1.2336398789532237,-4.999999914709195
6.42516,6.40855,55.5507,4715.96165,0.27045,44.61884,3.292088746476712,1.2263896781306487,-4.999999914709195
6.47005,6.45313,55.58135,4714.06417,0.22596,44.62,3.275293909784005,1.2201331595638665,-4.999999914709195
6.51491,6.49768,55.60646,4712.18661,0.18111,44.62123,3.2611441066632882,1.214861985597673,-4.999999914709195
6.55975,6.54223,55.62602,4710.3276,0.13596,44.62253,3.2496203107375,1.2105690684059975,-4.999999914709195
6.60458,6.58676,55.63999,4708.48573,0.09056,44.62389,3.2407069128457064,1.207248593165691,-4.999999914709195
6.64938,6.63128,55.64834,4706.65962,0.04495,44.62531,3.2343917699496267,1.2048960362754912,-4.999999914709195
6.69417,6.67579,55.65106,4704.84787,-0.00083,44.62679,3.2306662416967846,1.20350817897676,-4.999999914709195
6.73894,6.72029,55.64813,4703.04905,-0.04672,44.62832,3.2295252153558422,1.203083116642549,-4.999999914709195
6.78369,6.76477,55.63955,4701.26175,-0.09268,44.6299,3.2309671196470853,1.2036202639298221,-4.999999914709195
6.82842,6.80924,55.62532,4699.48454,-0.13865,44.63152,3.2349939277535276,1.20512035590117,-4.999999914709195
6.87314,6.85371,55.60545,4697.71594,-0.18437,44.63835,3.2416047823185914,1.2075830731687085,0.0
6.91783,6.89817,55.57997,4695.95447,-0.23002,44.64522,3.2508022560449263,1.2110093741318666,0.0
6.9625,6.94262,55.5489,4694.19865,-0.27554,44.65215,3.262598657691931,1.2154038441273831,0.0
7.00714,6.98706,55.51226,4692.447,-0.32089,44.65912,3.2770096891957947,1.2207723325396318,0.0
7.05177,7.0315,55.47007,4690.69799,-0.36602,44.66615,3.2940543849130806,1.2271219301672558,0.0
7.09637,7.07593,55.42237,4688.95008,-0.41088,44.67322,3.3137550430890963,1.234460943693335,0.0
7.14095,7.12035,55.36921,4687.20171,-0.45543,44.68035,3.336137142523731,1.2427988646412158,0.0
7.18551,7.16477,55.31062,4685.4513,-0.4996,44.68752,3.361229243019825,1.252146332288909,0.0
7.23005,7.20918,55.24666,4683.69721,-0.54336,44.69475,3.389062868003956,1.2625150899422468,0.0
7.27456,7.25358,55.17739,4681.9378,-0.58665,44.70202,3.419672367463014,1.2739179338751483,0.0
7.31905,7.29798,55.10287,4680.17137,-0.62943,44.70935,3.4530947591393004,1.2863686541706154,0.0
7.36353,7.34237,55.02317,4678.39622,-0.67163,44.71672,3.489369545707115,1.2998819666142036,0.0
7.40797,7.38675,54.93838,4676.61058,-0.71321,44.72414,3.5285385054249088,1.3144734347064375,0.0
7.4524,7.43113,54.84857,4674.81266,-0.75411,44.73162,3.570645453578358,1.3301593807940815,0.0
7.4968,7.4755,54.75383,4673.00063,-0.79428,44.73914,3.6157359717942548,1.34695678523244,0.0
7.54118,7.51987,54.65426,4671.17262,-0.83366,44.74671,3.6638571021581487,1.3648831724361319,0.0
7.58554,7.56422,54.54997,4669.32672,-0.87221,44.75433,3.7150570028780723,1.3839564826047688,0.0
7.62987,7.60858,54.44107,4667.46096,-0.90985,44.762,3.769384562105858,1.4041949278612318,0.0
7.67418,7.65292,54.32767,4665.57337,-0.94653,44.76971,3.8268889664257837,1.4256168315023423,0.0
7.71847,7.69726,54.2099,4663.6619,-0.9822,44.77748,3.887619220440427,1.448240449031949,0.0
7.76273,7.74159,54.08788,4661.72447,-1.01679,44.78529,3.9516236138879934,1.4720837696481124,0.0
7.80697,7.78591,53.96177,4659.75896,-1.05025,44.79315,4.0189491327448605,1.4971642968633094,0.0
7.85118,7.83022,53.8317,4657.7632,-1.08251,44.80106,4.089640810918626,1.5234988069930329,0.0
7.89537,7.87453,53.69784,4655.735,-1.11351,44.80902,4.163741019313722,1.5511030843140294,0.0
7.93954,7.91883,53.56033,4653.67212,-1.14318,44.81702,4.241288689379165,1.5799916318154066,0.0
7.98368,7.96312,53.41936,4651.57227,-1.17147,44.82507,4.322318468670397,1.6101773566231972,0.0
8.02779,8.0074,53.27509,4649.43314,-1.19831,44.83316,4.40685980651141,1.641671229385448,0.0
8.07188,8.05168,53.12772,4647.25239,-1.22363,44.8413,4.494935968555521,1.6744819171701744,0.0
8.11594,8.09594,52.97743,4645.02765,-1.24737,44.84949,4.586562979930545,1.7086153897591358,0.0
8.15997,8.1402,52.82443,4642.75653,-1.26947,44.85772,4.6817484976878525,1.7440744996054345,0.0
8.20398,8.18444,52.66893,4640.43661,-1.28985,44.866,4.780490614572623,1.7808585362064688,0.0
8.24795,8.22868,52.51114,4638.06547,-1.30845,44.87432,4.88277659755084,1.8189627561720403,0.0
8.2919,8.2729,52.35128,4635.64067,-1.32521,44.88269,4.988581566265742,1.858377890914615,0.0
8.33583,8.31711,52.18959,4633.15979,-1.34006,44.8911,5.0978671184680815,1.899089634585923,0.0
8.37972,8.36131,52.0263,4630.62041,-1.35293,44.89955,5.210579911624748,1.9410781156888548,0.0
8.42358,8.4055,51.86167,4628.02011,-1.36377,44.90805,5.326650212233355,1.984317356658972,0.0
8.46741,8.44968,51.69595,4625.35654,-1.37251,44.91658,5.445990426951368,2.0287747266714606,0.0
8.51121,8.49384,51.52939,4622.62735,-1.37909,44.92516,5.568493632321207,2.0744103939250476,0.0
8.55498,8.53799,51.36227,4619.83025,-1.38346,44.93379,5.694032122744624,2.121176784724249,0.0
8.59872,8.58213,51.19487,4616.96302,-1.38555,44.94245,5.8224559992690175,2.169018057765141,0.0
8.64242,8.62625,51.02745,4614.02352,-1.38532,44.95115,5.953591824684671,2.217869603123697,0.0
8.68609,8.67036,50.86032,4611.00969,-1.38272,44.9599,6.08724137326142,2.2676575764997984,0.0
8.72973,8.71444,50.69375,4607.91959,-1.37769,44.96868,6.223180506168483,2.3182984802815323,0.0
8.77333,8.75852,50.52805,4604.75137,-1.3702,44.97751,6.3611582059912175,2.369698803877276,0.0
8.81689,8.80257,50.36352,4601.50336,-1.36022,44.98637,6.500895805726649,2.4217547364962533,0.0
8.86042,8.84661,50.20046,4598.17401,-1.3477,44.99527,6.642086449114677,2.474351966107702,0.0
8.90391,8.89063,50.03918,4594.76196,-1.33263,45.0042,6.784394819834129,2.5273655785592823,0.0
8.94736,8.93463,49.87999,4591.26605,-1.31498,45.01318,6.9274571770238955,2.580660070809633,0.0
8.99077,8.9786,49.72319,4587.68529,-1.29475,45.02219,7.070881733461364,2.6340894918097892,0.0
9.03415,9.02256,49.5691,4584.01896,-1.27192,45.03123,7.214249410513852,2.6874977237424518,0.0
9.07748,9.0665,49.41803,4580.26654,-1.24651,45.04031,7.357115000500407,2.74071891503235,0.0
9.12077,9.11041,49.27029,4576.42779,-1.21852,45.04943,7.499008762349157,2.7935780747705774,0.0
9.16402,9.1543,49.12618,4572.50275,-1.18797,45.05858,7.639438470235288,2.845891835886152,0.0
9.20723,9.19816,48.98599,4568.49172,-1.15489,45.06776,7.777891927398341,2.8974693916090937,0.0
9.25039,9.242,48.85004,4564.39533,-1.11932,45.07697,7.913839948486074,2.9481136064719884,0.0
9.29351,9.28582,48.7186,4560.21449,-1.08132,45.08622,8.046739803767132,2.9976222993698265,0.0
9.33659,9.3296,48.59195,4555.95046,-1.04093,45.0955,8.176039107492276,3.045789692076874,0.0
9.37961,9.37336,48.47039,4551.6048,-0.99824,45.10481,8.301180120941583,3.0924080122449715,0.0
9.42259,9.4171,48.35415,4547.17943,-0.95332,45.11415,8.421604428476709,3.137269235356033,0.0
9.46552,9.4608,48.2435,4542.67657,-0.90626,45.12352,8.536757932700182,3.1801669455503228,0.0
9.50841,9.50447,48.13868,4538.0988,-0.85716,45.13291,8.64609610292122,3.2208982908180603,0.0
9.55124,9.54811,48.03991,4533.44901,-0.80614,45.14234,8.749089400198686,3.259266003970662,0.0
9.59402,9.59172,47.9474,4528.73041,-0.75332,45.1518,8.845228792510364,3.2950804571864136,0.0
9.63676,9.6353,47.86135,4523.94653,-0.69883,45.16128,8.934031265752385,3.32816171500276,0.0
9.67944,9.67885,47.78193,4519.1012,-0.64281,45.17079,9.015045230644002,3.3583415485305923,0.0
9.72207,9.72236,47.7093,4514.19851,-0.58541,45.18033,9.087855722534815,3.3854653725192607,0.0
9.76464,9.76584,47.6436,4509.24283,-0.52678,45.18989,9.152089290981165,3.4093940668524283,0.0
9.80717,9.80929,47.58496,4504.23874,-0.4671,45.19948,9.207418478849767,3.430005645132031,0.0
9.84964,9.8527,47.53347,4499.19106,-0.40653,45.2091,9.253565796703494,3.447196735241553,0.0
9.89205,9.89607,47.48922,4494.10477,-0.34525,45.21874,9.290307107283237,3.4608838401545694,0.0
9.93441,9.93941,47.45225,4488.98504,-0.28344,45.22841,9.317474346707911,3.471004351653351,0.0
9.97672,9.98271,47.4226,4483.83712,-0.22128,45.2381,9.334957523393662,3.477517294978857,0.0
10.01896,10.02598,47.4003,4478.66638,-0.15895,45.24781,9.34270595191906,3.480403788477992,0.0
10.06116,10.06921,47.38532,4473.47825,-0.09665,45.25755,9.340728696844605,3.479667208938046,0.0
10.1033,10.1124,47.37765,4468.27816,-0.03455,45.26732,9.329094220024604,3.475333060201087,0.0
10.14538,10.15556,47.37722,4463.07156,0.02715,45.27711,9.30792924358645,3.4674485495938283,0.0
10.1874,10.19867,47.38396,4457.86386,0.08828,45.28692,9.277416858901884,3.456081883469669,0.0
10.22937,10.24175,47.39779,4452.66037,0.14865,45.29676,9.237793928778446,3.441321299456652,0.0
10.27128,10.2848,47.41858,4447.46632,0.20809,45.30663,9.189347845305841,3.4232738586699356,0.0
10.31314,10.3278,47.4462,4442.28681,0.26644,45.31651,9.132412718707725,3.4020640259587966,0.0
10.35494,10.37077,47.4805,4437.12678,0.32352,45.32642,9.067365082901796,3.377832070114784,0.0
10.39668,10.4137,47.5213,4431.99098,0.3792,45.33636,8.994619210884954,3.350732318729421,0.0
10.43836,10.45659,47.56843,4426.88398,0.43331,45.34632,8.914622137587198,3.320931304076331,0.0
10.48,10.49945,47.62167,4421.81011,0.48571,45.35631,8.827848489342804,3.288605836953199,0.0
10.52157,10.54227,47.68081,4416.77346,0.53629,45.36632,8.734795217789454,3.2539410449206474,0.0
10.56309,10.58505,47.74561,4411.77788,0.58492,45.37635,8.635976332171786,3.2171284099467026,0.0
10.60456,10.6278,47.81584,4406.82696,0.63148,45.38642,8.531917717774704,3.1783638381368635,0.0
10.64597,10.67051,47.89123,4401.924,0.67588,45.3965,8.423152120224437,3.137845791254283,0.0
10.68732,10.71319,47.97152,4397.07206,0.71803,45.40662,8.31021436586988,3.0957735061860516,0.0
10.72862,10.75583,48.05645,4392.27389,0.75785,45.41676,8.19363687790289,3.0523453245800343,0.0
10.76987,10.79844,48.14571,4387.53198,0.79527,45.42693,8.0739455368203,3.00775715075805,0.0
10.81107,10.84102,48.23904,4382.84855,0.83022,45.43712,7.951655922495862,2.962201051788793,0.0
10.85222,10.88356,48.33613,4378.22553,0.86267,45.44734,7.827269964042167,2.915864009473255,0.0
10.89331,10.92607,48.43669,4373.6646,0.89256,45.4576,7.701273013082829,2.868926830061601,0.0
10.93435,10.96855,48.54042,4369.16718,0.91987,45.46787,7.5741313462130115,2.8215632138540045,0.0
10.97534,11.011,48.64702,4364.73445,0.94458,45.47818,7.446290093555529,2.773938983533293,0.0
11.01628,11.05341,48.75618,4360.36733,0.96667,45.48852,7.318171582619525,2.726211467208728,0.0
11.05718,11.0958,48.86761,4356.06654,0.98613,45.49889,7.190174080058234,2.6785290296876654,0.0
11.09802,11.13816,48.98099,4351.83256,1.00298,45.50928,7.062670908598251,2.6310307435084748,0.0
11.13882,11.18049,49.09604,4347.66569,1.01722,45.51971,6.936009912247331,2.5838461897163705,0.0
11.17957,11.22279,49.21245,4343.56601,1.02886,45.53017,6.810513239884313,2.5370953772449667,0.0
11.22027,11.26507,49.32992,4339.53345,1.03794,45.54066,6.686477415373044,2.490888769035561,0.0
11.26093,11.30732,49.44817,4335.56776,1.04448,45.55118,6.564173661391995,2.44532740267218,0.0
11.30154,11.34954,49.56692,4331.66855,1.0485,45.56174,6.443848443938301,2.400503093223668,0.0
11.3421,11.39174,49.68587,4327.83527,1.05006,45.57233,6.325724205127246,2.3564987062307723,0.0
11.38263,11.43392,49.80476,4324.06726,1.0492,45.58295,6.210000252993692,2.313388489180589,0.0
11.42311,11.47607,49.92332,4320.36373,1.04595,45.5936,6.096853778647927,2.2712384504238803,0.0
11.46354,11.5182,50.04127,4316.7238,1.04038,45.60429,5.986440973126292,2.2301067752313144,0.0
11.50394,11.5603,50.15837,4313.14647,1.03254,45.61501,5.878898218485425,2.1900442695074185,0.0
11.54429,11.60239,50.27436,4309.63069,1.02248,45.62577,5.774343330088885,2.1510948225750273,0.0
11.5846,11.64445,50.389,4306.1753,1.01026,45.63656,5.672876829465535,2.1132958813485216,0.0
11.62487,11.68649,50.50206,4302.77909,0.99595,45.64739,5.574583229613125,2.076678929143235,0.0
11.66511,11.72852,50.6133,4299.44079,0.9796,45.65826,5.479532316995802,2.0412699632532543,0.0
11.7053,11.77052,50.7225,4296.15909,0.96127,45.66916,5.387780416819964,2.0070899662999677,0.0
11.74545,11.81251,50.82945,4292.9326,0.94105,45.6801,5.299371630334724,1.974155367159045,0.0
11.78557,11.85448,50.93395,4289.75994,0.91898,45.69107,5.214339034962712,1.9424784880407335,0.0
11.82564,11.89643,51.03579,4286.63966,0.89508,45.7057,5.132708404958126,1.9120689305328846,1.999999965883678
11.86568,11.93837,51.13478,4283.57032,0.86948,45.72032,5.054496532996815,1.8829329503490935,1.999999965883678
11.90568,11.9803,51.23074,4280.55041,0.84224,45.73492,4.9797097885095365,1.8550729202699068,1.999999965883678
11.94564,12.02221,51.32349,4277.57843,0.81343,45.74951,4.908347858454481,1.8284887236790148,1.999999965883678
11.98556,12.06411,51.41286,4274.65286,0.78313,45.7641,4.840404671524706,1.803178098854835,1.999999965883678
12.02544,12.106,51.49871,4271.77215,0.75139,45.77868,4.775869272522581,1.779136964698001,1.999999965883678
12.06529,12.14787,51.58087,4268.93477,0.71829,45.79326,4.714726636916984,1.7563597241753512,1.999999965883678
12.10509,12.18974,51.65921,4266.13914,0.6839,45.80783,4.656958426380452,1.7348395457773957,1.999999965883678
12.14487,12.23159,51.73359,4263.38373,0.64827,45.82241,4.602543686611978,1.7145686234756679,1.999999965883678
12.1846,12.27344,51.80388,4260.66695,0.61149,45.837,4.551459489210968,1.6955384158376645,1.999999965883678
12.2243,12.31527,51.86997,4257.98723,0.57361,45.85159,4.503681519664647,1.6777398650676225,1.999999965883678
12.26397,12.35709,51.93173,4255.34302,0.5347,45.8662,4.459184613756488,1.6611635968327763,1.999999965883678
12.3036,12.39891,51.98907,4252.73272,0.49483,45.88081,4.417943244845555,1.6458001017877302,1.999999965883678
12.34319,12.44071,52.04188,4250.15477,0.45406,45.89544,4.379931964549623,1.631639899740519,1.999999965883678
12.38275,12.48251,52.09008,4247.60758,0.41247,45.91009,4.345125799380053,1.6186736874095313,1.999999965883678
12.42228,12.5243,52.13359,4245.08957,0.3701,45.92476,4.313500605846935,1.6068924707095233,1.999999965883678
12.46177,12.56608,52.17232,4242.59915,0.32703,45.93945,4.285033386483103,1.5962876824788754,1.999999965883678
12.50123,12.60785,52.20621,4240.13474,0.28332,45.95416,4.259702569120283,1.586851286517308,1.999999965883678
12.54066,12.64962,52.2352,4237.69475,0.23904,45.9689,4.237488251615041,1.578575868752734,1.999999965883678
12.58005,12.69137,52.25924,4235.27757,0.19424,45.98367,4.2183724140617285,1.5714547162961687,1.999999965883678
12.61941,12.73313,52.27826,4232.88159,0.149,45.99847,4.202339100339495,1.5654818850727636,1.999999965883678
12.65874,12.77487,52.29225,4230.50521,0.10337,46.0133,4.1893745706574395,1.5606522566488918,1.999999965883678
12.69804,12.81661,52.30115,4228.14681,0.05741,46.02816,4.1794674265450835,1.5569615847943894,1.999999965883678
12.7373,12.85834,52.30495,4225.80474,0.01119,46.04307,4.172608709513465,1.5544065322364051,1.999999965883678
12.77653,12.90007,52.30362,4223.47738,-0.03523,46.05801,4.168791974411067,1.5529846979864175,1.999999965883678
12.81573,12.94179,52.29715,4221.16306,-0.08179,46.073,4.16801333823866,1.5526946355250455,1.999999965883678
12.85489,12.9835,52.28554,4218.86011,-0.12843,46.08803,4.170271504986882,1.5535358620547008,1.999999965883678
12.89403,13.02521,52.26878,4216.56685,-0.17508,46.1031,4.175567766808431,1.5555088589362633,1.999999965883678
12.93313,13.06691,52.24689,4214.28158,-0.22168,46.11823,4.183905981621071,1.5586150633456073,1.999999965883678
12.9722,13.10861,52.21988,4212.00257,-0.26817,46.1334,4.195292526997235,1.5628568510962684,1.999999965883678
13.01124,13.1503,52.18776,4209.72808,-0.31449,46.14863,4.20973622996852,1.5682375104897694,1.999999965883678
13.05024,13.19199,52.15057,4207.45635,-0.36058,46.16391,4.227248272162983,1.574761206976768,1.999999965883678
13.08922,13.23367,52.10833,4205.1856,-0.40636,46.17925,4.247842069466571,1.582432938327772,1.999999965883678
13.12816,13.27534,52.06111,4202.91401,-0.45179,46.19465,4.271533125179144,1.5912584799298974,1.999999965883678
13.16707,13.31702,52.00893,4200.63976,-0.49679,46.21011,4.298338855474596,1.6012443197661652,1.999999965883678
13.20595,13.35868,51.95186,4198.36097,-0.5413,46.22563,4.32827838573311,1.6123975825439134,1.999999965883678
13.24479,13.40034,51.88996,4196.07577,-0.58526,46.24121,4.361372316188498,1.6247259423922613,1.999999965883678
13.28361,13.442,51.8233,4193.78223,-0.6286,46.25687,4.397642455139685,1.6382375234763695,1.999999965883678
13.32239,13.48365,51.75196,4191.47841,-0.67125,46.27259,4.4371115178767,1.6529407878394493,1.999999965883678
13.36114,13.5253,51.67602,4189.16234,-0.71316,46.28839,4.4798027893307015,1.6688444097310198,1.999999965883678
13.39986,13.56694,51.59557,4186.83201,-0.75424,46.30426,4.525739748413639,1.6859571356635508,1.999999965883678
13.43854,13.60857,51.51071,4184.48539,-0.79445,46.3202,4.574945651948646,1.7042876294155822,1.999999965883678
13.47719,13.6502,51.42155,4182.12041,-0.8337,46.33623,4.627443076115088,1.7238443012079432,1.999999965883678
13.51581,13.69183,51.3282,4179.73497,-0.87194,46.35233,4.683253413385159,1.744635120299396,1.999999965883678
13.5544,13.73344,51.23077,4177.32696,-0.90908,46.36852,4.7423963230469335,1.7666674102920157,1.999999965883678
13.59295,13.77506,51.12941,4174.89423,-0.94507,46.38479,4.804889133585159,1.7899476265023098,1.999999965883678
13.63147,13.81666,51.02424,4172.4346,-0.97984,46.40115,4.870746195477142,1.814481114860659,1.999999965883678
13.66995,13.85826,50.91541,4169.94587,-1.01331,46.4176,4.939978183280305,1.840271851920568,1.999999965883678
13.7084,13.89986,50.80306,4167.4258,-1.04541,46.43414,5.012591346360313,1.867322165735178,1.999999965883678
13.74681,13.94144,50.68736,4164.87217,-1.07608,46.45078,5.088586708152275,1.895632437560994,1.999999965883678
13.78519,13.98302,50.56847,4162.28271,-1.10524,46.46751,5.167959214520476,1.9252007845994805,1.999999965883678
13.82354,14.02459,50.44656,4159.65515,-1.13283,46.48434,5.250696832573642,1.9560227242820343,1.999999965883678
13.86184,14.06616,50.32181,4156.98721,-1.15877,46.50127,5.336779602240843,1.988090820957052,1.999999965883678
13.90012,14.10772,50.19442,4154.27659,-1.183,46.5183,5.426178643955351,2.021394316226061,1.999999965883678
13.93835,14.14927,50.06458,4151.52102,-1.20544,46.53544,5.518855127021878,2.055918744633368,1.999999965883678
13.97655,14.19081,49.93248,4148.71821,-1.22604,46.55269,5.614759204596593,2.0916455369180986,1.999999965883678
14.01471,14.23234,49.79834,4145.86591,-1.24471,46.57004,5.713828922704682,2.1285516135945266,1.999999965883678
14.05283,14.27386,49.66237,4142.96187,-1.2614,46.5875,5.81598911231861,2.166608972222078,1.999999965883678
14.09091,14.31537,49.52481,4140.00388,-1.27604,46.60508,5.9211502753021135,2.2057842723901584,1.999999965883678
14.12896,14.35687,49.38587,4136.98977,-1.28858,46.62277,6.029207476816637,2.2460384231104027,1.999999965883678
14.16696,14.39836,49.24579,4133.91741,-1.29894,46.64058,6.14003925872253,2.2873261780300367,1.999999965883678
14.20492,14.43984,49.10482,4130.78473,-1.30707,46.6585,6.253506590410407,2.3295957445889472,1.999999965883678
14.24285,14.48131,48.96319,4127.58973,-1.31292,46.67655,6.36945187543616,2.372788413965093,1.999999965883678
14.28073,14.52277,48.82118,4124.33049,-1.31644,46.69472,6.487698034162104,2.416838219334191,1.999999965883678
14.31857,14.56421,48.67902,4121.00518,-1.31757,46.713,6.608047684347594,2.4616716306181607,1.999999965883678
14.35636,14.60564,48.53699,4117.61208,-1.31629,46.73142,6.730282443104543,2.507207294445191,1.999999965883678
14.39411,14.64706,48.39535,4114.14958,-1.31253,46.74995,6.854162374879125,2.5533558285083964,1.999999965883678
14.43182,14.68846,48.25436,4110.61621,-1.30628,46.76861,6.97942561101759,2.6000196798440776,1.999999965883678
14.46949,14.72984,48.11431,4107.01063,-1.29751,46.7874,7.105788166790568,2.647093056668453,1.999999965883678
14.5071,14.77121,47.97546,4103.33168,-1.28618,46.80631,7.23294398166988,2.6944619433818433,1.999999965883678
14.54468,14.81257,47.83809,4099.57835,-1.27229,46.82535,7.360565207866066,2.742004208056477,1.999999965883678
14.5822,14.8539,47.70247,4095.74983,-1.25583,46.84452,7.488302770582182,2.7895898111457824,1.999999965883678
14.61968,14.89522,47.56889,4091.8455,-1.2368,46.86381,7.6157872212267375,2.8370811233286526,1.999999965883678
14.6571,14.93652,47.4376,4087.86497,-1.21519,46.88322,7.742629901650281,2.8843333592182057,1.999999965883678
14.69448,14.9778,47.3089,4083.80804,-1.19104,46.90276,7.868424433533163,2.9311951321979133,1.999999965883678
14.73181,15.01906,47.18303,4079.67479,-1.16435,46.92242,7.992748542138097,2.9775091338174207,1.999999965883678
14.76909,15.0603,47.06028,4075.46551,-1.13516,46.94221,8.115166217989614,3.0231129390750167,1.999999965883678
14.80632,15.10152,46.9409,4071.18077,-1.10351,46.96211,8.23523021357003,3.067839936502571,1.999999965883678
14.84349,15.14272,46.82515,4066.82139,-1.06946,46.98213,8.352484864936327,3.111520379292071,1.999999965883678
14.88061,15.18389,46.71327,4062.38847,-1.03306,47.00226,8.46646922054806,3.153982550866336,1.999999965883678
14.91768,15.22505,46.6055,4057.88337,-0.99438,47.02251,8.576720451563512,3.1950540353040675,1.999999965883678
14.95469,15.26617,46.50208,4053.30774,-0.95351,47.04287,8.68277750974256,3.2345630800049094,1.999999965883678
14.99165,15.30727,46.40322,4048.66352,-0.91053,47.06332,8.784184991107697,3.27234003500484,1.999999965883678
15.02855,15.34835,46.30913,4043.95289,-0.86554,47.08389,8.880497155928534,3.3082188505261727,1.999999965883678
15.0654,15.3894,46.22002,4039.17834,-0.81865,47.10454,8.971282048736585,3.3420386117914624,1.999999965883678
15.10219,15.43042,46.13606,4034.34259,-0.76999,47.12529,9.056125656121058,3.373645087911842,1.999999965883678
15.13892,15.47142,46.05743,4029.44865,-0.71967,47.14613,9.134636035519124,3.402892269970029,1.999999965883678
15.17559,15.51238,45.98428,4024.49976,-0.66783,47.16705,9.206447344985323,3.4296438722154563,1.999999965883678
15.2122,15.55332,45.91675,4019.49937,-0.61461,47.18805,9.271223702612144,3.4537747697999914,1.999999965883678
15.24876,15.59423,45.85497,4014.45119,-0.56018,47.20912,9.328662804685678,3.4751723466361155,1.999999965883678
15.28525,15.63511,45.79904,4009.3591,-0.50467,47.23025,9.378499234115509,3.493737727874104,1.999999965883678
15.32168,15.67596,45.74905,4004.22715,-0.44826,47.25145,9.420507395069805,3.5093868731308153,1.999999965883678
15.35805,15.71678,45.70508,3999.05957,-0.39112,47.27269,9.45450401602916,3.5220515089431075,1.999999965883678
15.39437,15.75757,45.66717,3993.86071,-0.33341,47.29399,9.480350171559635,3.5316798819314905,1.999999965883678
15.43061,15.79832,45.63536,3988.63502,-0.27531,47.31533,9.497952782668838,3.5382373177222406,1.999999965883678
15.4668,15.83904,45.60967,3983.38707,-0.21699,47.3367,9.507265566433018,3.5417065747084857,1.999999965883678
15.50293,15.87973,45.5901,3978.12144,-0.15864,47.3581,9.508289417346218,3.5420879861127914,1.999999965883678
15.53899,15.92039,45.57662,3972.84277,-0.10044,47.37953,9.501072215046827,3.539399388360247,1.999999965883678
15.57499,15.96102,45.56919,3967.5557,-0.04255,47.40097,9.485708065450895,3.5336758383806575,1.999999965883678
15.61093,16.00161,45.56776,3962.26485,0.01484,47.42242,9.462335994357739,3.5249691269422554,1.999999965883678
15.64681,16.04217,45.57224,3956.97479,0.07156,47.44387,9.431138123929982,3.5133470993425417,1.999999965883678
15.68262,16.0827,45.58255,3951.69003,0.12745,47.46532,9.392337372786802,3.498892798632503,1.999999965883678
15.71837,16.12319,45.59857,3946.41497,0.18234,47.48677,9.346194729358581,3.4817034498694723,1.999999965883678
15.75406,16.16365,45.62018,3941.15391,0.23607,47.5082,9.29300615549266,3.4618893066288123,1.999999965883678
15.78968,16.20408,45.64724,3935.91101,0.28848,47.52961,9.233099182903786,3.439572383092144,1.999999965883678
15.82525,16.24447,45.67958,3930.69029,0.33944,47.551,9.166829268707918,3.4148850963877986,1.999999965883678
15.86075,16.28483,45.71704,3925.49557,0.38881,47.57236,9.094575978122958,3.3879688445464096,1.999999965883678
15.89619,16.32516,45.75943,3920.33051,0.43645,47.59369,9.016739062384113,3.358972545421179,1.999999965883678
15.93157,16.36545,45.80656,3915.19856,0.48224,47.61498,8.933734498194477,3.328051161279015,1.999999965883678
15.96688,16.40571,45.85822,3910.10299,0.52608,47.63623,8.845990551673312,3.2953642325177013,1.999999965883678
16.00214,16.44594,45.91419,3905.04682,0.56786,47.65744,8.753943925258085,3.2610744422855293,1.999999965883678
16.03734,16.48614,45.97425,3900.03288,0.60747,47.6786,8.658036040209854,3.2253462316167334,1.999999965883678
16.07247,16.52631,46.03816,3895.06375,0.64485,47.69971,8.558709500921045,3.1883444822931155,1.999999965883678
16.10755,16.56644,46.10568,3890.14179,0.67991,47.72077,8.456404780080089,3.1502332819806513,1.999999965883678
16.14257,16.60655,46.17656,3885.26916,0.7126,47.74178,8.351557156459801,3.1111747834750862,1.999999965883678
16.17753,16.64662,46.25055,3880.44775,0.74284,47.76273,8.244593929583544,3.071328167091801,1.999999965883678
16.21243,16.68667,46.3274,3875.67926,0.7706,47.78362,8.13593192832146,3.03084871255235,1.999999965883678
16.24728,16.72668,46.40684,3870.96517,0.79584,47.80446,8.025975323512853,2.9898869841287508,1.999999965883678
16.28206,16.76667,46.48861,3866.30671,0.81853,47.82523,7.915113748314783,2.9485881304238735,1.999999965883678
16.3168,16.80663,46.57245,3861.70496,0.83865,47.84595,7.803720724177543,2.907091298005891,1.999999965883678
16.35147,16.84656,46.65809,3857.16075,0.85618,47.86661,7.692152385216103,2.8655291562030833,1.999999965883678
16.38609,16.88646,46.74527,3852.67474,0.87113,47.8872,7.580746489441482,2.8240275287615035,1.999999965883678
16.42066,16.92633,46.83373,3848.24741,0.88349,47.90774,7.469821701671799,2.7827051267104768,1.999999965883678
16.45517,16.96618,46.92319,3843.87907,0.89327,47.92822,7.359677130131015,2.7416733757334386,1.999999965883678
16.48963,17.00601,47.01342,3839.56984,0.9005,47.94865,7.250592096624423,2.7010363305522618,1.999999965883678
16.52404,17.04581,47.10414,3835.31971,0.90518,47.96902,7.142826118759844,2.660890668304176,1.999999965883678
16.5584,17.08558,47.1951,3831.12851,0.90736,47.98933,7.036619081844132,2.6213257525777496,1.999999965883678
16.5927,17.12533,47.28606,3826.99593,0.90707,48.00959,6.932191577837376,2.582423759682237,1.999999965883678
16.62696,17.16506,47.37677,3822.92156,0.90433,48.0298,6.82974538893531,2.544259858794759,1.999999965883678
16.66116,17.20476,47.46699,3818.90484,0.89921,48.04996,6.729464093995243,2.506902437869916,1.999999965883678
16.69531,17.24444,47.55649,3814.94511,0.89174,48.07007,6.631513776885619,2.470413367518629,1.999999965883678
16.72942,17.2841,47.64503,3811.04162,0.88197,48.09013,6.536043817094555,2.434848295530635,1.999999965883678
16.76348,17.32374,47.7324,3807.19351,0.86996,48.11015,6.443187744247362,2.4002569652047385,1.999999965883678
16.79749,17.36336,47.81838,3803.39986,0.85577,48.13013,6.353064139721663,2.3666835512241655,1.999999965883678
16.83145,17.40295,47.90275,3799.65965,0.83946,48.15007,6.2657775700836575,2.33416700738614,1.999999965883678
16.86536,17.44253,47.98532,3795.9718,0.82109,48.16998,6.181419538698067,2.302741421101617,1.999999965883678
16.89923,17.48209,48.06588,3792.33516,0.80072,48.18985,6.100069443431891,2.272436370165139,1.999999965883678
16.93306,17.52163,48.14425,3788.74853,0.77843,48.20968,6.021795529949304,2.243277277882262,1.999999965883678
16.96683,17.56115,48.22024,3785.21066,0.75427,48.22949,5.946655831522306,2.215285763173753,1.999999965883678
17.00057,17.60066,48.29368,3781.72023,0.72833,48.24928,5.874699087737156,2.1884799828179093,1.999999965883678
17.03426,17.64015,48.3644,3778.2759,0.70067,48.26904,5.805965635722255,2.162874963456394,1.999999965883678
17.0679,17.67962,48.43223,3774.87629,0.67136,48.28877,5.740488268745359,2.138482921444289,1.999999965883678
17.10151,17.71907,48.49704,3771.51998,0.64047,48.3085,5.6782930580586095,2.1153135690089924,1.999999965883678
17.13507,17.75851,48.55866,3768.20551,0.60809,48.3282,5.619400134868783,2.093374405554714,1.999999965883678
17.16859,17.79793,48.61697,3764.93142,0.57428,48.34789,5.563824430130106,2.0726709932547593,1.999999965883678
17.20206,17.83734,48.67183,3761.69618,0.53912,48.36758,5.511576370590215,2.0532072163469657,1.999999965883678
17.2355,17.87674,48.72311,3758.49828,0.50268,48.38725,5.4626625301505145,2.0349855237825785,1.999999965883678
17.26889,17.91612,48.77071,3755.33615,0.46504,48.40693,5.41708623613088,2.0180071550757974,1.999999965883678
17.30224,17.95548,48.81452,3752.20824,0.42628,48.4266,5.374848130461518,2.0022723493625145,1.999999965883678
17.33555,17.99483,48.85443,3749.11294,0.38647,48.44627,5.335946686174552,1.987780537807018,1.999999965883678
17.36882,18.03417,48.89035,3746.04866,0.34569,48.46595,5.3003786798382295,1.9745305195961675,1.999999965883678
17.40206,18.0735,48.92221,3743.01377,0.304,48.48563,5.268139620796046,1.962520621842259,1.999999965883678
17.43525,18.11281,48.94991,3740.00661,0.2615,48.50532,5.239224138175829,1.9517488437540922,1.999999965883678
17.4684,18.15211,48.97339,3737.02555,0.21825,48.52503,5.213626326777094,1.9422129854891104,1.999999965883678
17.50151,18.1914,48.99259,3734.0689,0.17433,48.54475,5.191340052932943,1.9339107620950078,1.999999965883678
17.53459,18.23068,49.00746,3731.13498,0.12982,48.56449,5.172359221460706,1.9268399029558663,1.999999965883678
17.56762,18.26994,49.01794,3728.22208,0.08479,48.58424,5.156678004786281,1.9209982371470007,1.999999965883678
17.60062,18.30919,49.024,3725.32848,0.03932,48.60403,5.144291035244224,1.916383765071801,1.999999965883678
17.63358,18.34844,49.0256,3722.45244,-0.00652,48.62383,5.135193561473375,1.9129947167232177,1.999999965883678
17.6665,18.38767,49.02272,3719.59221,-0.05265,48.64367,5.129381569705345,1.9108295968669202,1.999999965883678
17.69938,18.42689,49.01534,3716.74602,-0.09899,48.66354,5.126851870637696,1.9098872174038328,1.999999965883678
17.73222,18.4661,49.00346,3713.91207,-0.14547,48.68344,5.127602152417,1.9101667171077252,1.999999965883678
17.76503,18.5053,48.98706,3711.08857,-0.19201,48.70338,5.131631000140109,1.9116675688899467,1.999999965883678
17.79779,18.54448,48.96615,3708.27369,-0.23854,48.72335,5.1389378821069,1.9143895746782116,1.999999965883678
17.83052,18.58366,48.94075,3705.46558,-0.28498,48.74337,5.149523102940784,1.9183328479527557,1.999999965883678
17.86321,18.62283,48.91087,3702.66237,-0.33125,48.76343,5.163387723518757,1.9234977839181728,1.999999965883678
17.89587,18.66199,48.87654,3699.86219,-0.37728,48.78354,5.180533447532816,1.9298850172445594,1.999999965883678
17.92848,18.70113,48.83779,3697.06312,-0.42299,48.8037,5.200962474380306,1.9374953672652966,1.999999965883678
17.96106,18.74027,48.79467,3694.26325,-0.4683,48.82391,5.224677317962137,1.9463297704746165,1.999999965883678
17.9936,18.77939,48.74723,3691.46062,-0.51314,48.84418,5.251680590870949,1.9563892001320198,1.999999965883678
18.02611,18.81851,48.69551,3688.65327,-0.55743,48.8645,5.281974753411852,1.9676745727658946,1.999999965883678
18.05857,18.85761,48.63959,3685.83921,-0.60109,48.88489,5.315561826801995,1.98018664133281,1.999999965883678
18.091,18.89671,48.57953,3683.01644,-0.64405,48.90533,5.352443069948144,1.993925874808661,1.999999965883678
18.12339,18.93579,48.51542,3680.18291,-0.68622,48.92584,5.3926186191741134,2.008892323977654,1.999999965883678
18.15574,18.97487,48.44734,3677.33659,-0.72754,48.94642,5.436087090373958,2.0250854732239074,1.999999965883678
18.18805,19.01393,48.37537,3674.47541,-0.76792,48.96707,5.4828451431550365,2.042504078163271,1.999999965883678
18.22032,19.05298,48.29963,3671.59729,-0.80729,48.98779,5.532887006731258,2.0611459890260875,1.999999965883678
18.25256,19.09202,48.22022,3668.70013,-0.84556,49.00859,5.586203967517767,2.0810079597727302,1.999999965883678
18.28475,19.13105,48.13725,3665.78181,-0.88266,49.02946,5.642783818717348,2.1020854430500555,1.999999965883678
18.31691,19.17007,48.05085,3662.84021,-0.91852,49.05041,5.702610272471516,2.124372371202219,1.999999965883678
18.34903,19.20907,47.96114,3659.87319,-0.95305,49.07145,5.765662335676863,2.1478609237458395,1.999999965883678
18.38111,19.24807,47.86827,3656.87863,-0.98619,49.09257,5.831913651007607,2.1725412818835594,1.999999965883678
18.41314,19.28705,47.77237,3653.85437,-1.01784,49.11378,5.901331805295449,2.1984013708573467,1.999999965883678
18.44514,19.32602,47.6736,3650.79827,-1.04795,49.13508,5.973877608123293,2.22542659120567,1.999999965883678
18.4771,19.36498,47.57212,3647.7082,-1.07643,49.15647,6.049504344219491,2.253599540260688,1.999999965883678
18.50902,19.40392,47.46808,3644.58204,-1.10322,49.17796,6.128157004109838,2.2828997255458736,1.999999965883678
18.54089,19.44285,47.36166,3641.41766,-1.12823,49.19954,6.209771498412268,2.3133032720801134,1.999999965883678
18.57273,19.48177,47.25304,3638.21297,-1.1514,49.22122,6.2942738621489145,2.3447826259630173,1.999999965883678
18.60452,19.52067,47.1424,3634.96592,-1.17266,49.243,6.381579456546737,2.377306257024647,1.999999965883678
18.63627,19.55956,47.02993,3631.67447,-1.19195,49.26489,6.471592176903121,2.410838363734611,1.999999965883678
18.66797,19.59843,46.91583,3628.33662,-1.20919,49.28688,6.564203676261417,2.445338584000778,1.999999965883678
18.69964,19.63729,46.80029,3624.95045,-1.22433,49.30898,6.659292615822678,2.480761715927925,1.999999965883678
18.73126,19.67613,46.68354,3621.51404,-1.23731,49.33118,6.756723954160343,2.517057453031503,1.999999965883678
18.76283,19.71496,46.56576,3618.0256,-1.24807,49.3535,6.856348288470712,2.5541701388361107,1.999999965883678
18.79437,19.75376,46.44719,3614.48335,-1.25655,49.37592,6.958001262080481,2.5920385461564566,1.999999965883678
18.82585,19.79255,46.32805,3610.88565,-1.26272,49.39846,7.061503053398038,2.630595686718276,1.999999965883678
18.85729,19.83133,46.20855,3607.23092,-1.26652,49.42112,7.166657962257334,2.6697686570605326,1.999999965883678
18.88869,19.87008,46.08893,3603.51769,-1.26792,49.44389,7.273254110133555,2.709478526857875,1.999999965883678
18.92004,19.90882,45.96942,3599.74459,-1.26687,49.46677,7.381063271017318,2.749640275916819,1.999999965883678
18.95134,19.94753,45.85025,3595.91041,-1.26336,49.48977,7.489840849733313,2.7901627860988776,1.999999965883678
18.98259,19.98623,45.73165,3592.01404,-1.25736,49.51289,7.599326024082008,2.830948894272077,1.999999965883678
19.0138,20.0249,45.61386,3588.05453,-1.24884,49.53613,7.7092420664476835,2.8718955121184226,1.999999965883678
19.04495,20.06356,45.49713,3584.03108,-1.23781,49.55948,7.819296859229003,2.912893818145338,1.999999965883678
19.07606,20.10219,45.38167,3579.94306,-1.22425,49.58295,7.929183616817731,2.9538295266417416,1.999999965883678
19.10712,20.1408,45.26774,3575.79002,-1.20817,49.60653,8.038581824561643,2.994583237466431,1.999999965883678
19.13812,20.17938,45.15557,3571.57167,-1.18958,49.63023,8.14715840248585,3.035030869564899,1.999999965883678
19.16908,20.21794,45.04538,3567.28795,-1.1685,49.65405,8.254569098300736,3.07504417990144,1.999999965883678
19.19998,20.25648,44.9374,3562.93897,-1.14496,49.67798,8.360460110517131,3.1144913681122612,1.999999965883678
19.23083,20.29499,44.83187,3558.52506,-1.11899,49.70202,8.464469938335856,3.1532377656380093,1.999999965883678
19.26163,20.33347,44.72899,3554.04677,-1.09064,49.72616,8.566231450509418,3.1911466064291907,1.999999965883678
19.29237,20.37193,44.62899,3549.50485,-1.05997,49.75042,8.665374160529957,3.2280798745135377,1.999999965883678
19.32306,20.41036,44.53208,3544.9003,-1.02703,49.77478,8.761526690581462,3.26389922188305,1.999999965883678
19.3537,20.44876,44.43844,3540.23432,-0.9919,49.79924,8.854319401658179,3.2984669482822975,1.999999965883678
19.38428,20.48714,44.34828,3535.50835,-0.95466,49.8238,8.943387162348476,3.3316470326532586,1.999999965883678
19.4148,20.52548,44.26178,3530.72404,-0.9154,49.84845,9.028372224116419,3.363306204253369,1.999999965883678
19.44527,20.56379,44.17912,3525.88326,-0.87422,49.8732,9.108927166700598,3.3933150398940772,1.999999965883678
19.47568,20.60207,44.10045,3520.98813,-0.83122,49.89803,9.184717873539801,3.421549072365196,1.999999965883678
19.50603,20.64033,44.02593,3516.04093,-0.78653,49.92294,9.255426494240984,3.4478898940321674,1.999999965883678
19.53633,20.67854,43.9557,3511.04419,-0.74026,49.94793,9.320754349008709,3.472226238812453,1.999999965883678
19.56656,20.71673,43.88989,3506.00059,-0.69254,49.97299,9.380424728911773,3.4944550253485294,1.999999965883678
19.59674,20.75488,43.8286,3500.91303,-0.64352,49.99813,9.434185545846296,3.514482344188865,1.999999965883678
19.62686,20.793,43.77196,3495.78455,-0.59334,50.02332,9.481811787238955,3.5322243722294604,1.999999965883678
19.65692,20.83109,43.72003,3490.61837,-0.54214,50.04857,9.523107732811846,3.5476081985170835,1.999999965883678
19.68692,20.86914,43.67289,3485.41782,-0.49009,50.07387,9.557908894204983,3.560572546809692,1.999999965883678
19.71686,20.90715,43.63061,3480.18639,-0.43734,50.09922,9.586083642754808,3.571068381966752,1.999999965883678
19.74674,20.94513,43.59321,3474.92764,-0.38405,50.1246,9.607534496197756,3.579059389280173,1.999999965883678
19.77656,20.98308,43.56074,3469.64524,-0.3304,50.15002,9.622199041411832,3.5845223182198227,1.999999965883678
19.80631,21.02098,43.53319,3464.34291,-0.27653,50.17547,9.630050477167226,3.5874471846224147,1.999999965883678
19.83601,21.05886,43.51057,3459.02442,-0.22264,50.20094,9.631097768335852,3.5878373281386176,1.999999965883678
19.86564,21.09669,43.49286,3453.69359,-0.16887,50.22643,9.625385410483876,3.5857093245375755,1.999999965883678
19.89522,21.13449,43.48002,3448.35423,-0.11541,50.25192,9.612992811445364,3.5810927553268255,1.999999965883678
19.92473,21.17224,43.472,3443.01012,-0.06241,50.27742,9.594033303756776,3.5740298398581545,1.999999965883678
19.95418,21.20997,43.46875,3437.66505,-0.01003,50.30292,9.568652808723895,3.5645749376573908,1.999999965883678
19.98357,21.24765,43.47017,3432.32272,0.04155,50.32841,9.537028179126258,3.552793931038188,1.999999965883678
20.01289,21.2853,43.47618,3426.9868,0.09219,50.35388,9.499365252979485,3.538763500077288,1.999999965883678
20.04216,21.32291,43.48667,3421.66085,0.14174,50.37934,9.455896655243313,3.5225703036929232,1.999999965883678
20.07137,21.36047,43.50154,3416.34833,0.19019,50.3965,9.406870780062178,3.5043068752395397,0.0
20.10052,21.398,43.52065,3411.05258,0.23727,50.41367,9.352558201563523,3.4840740106988446,0.0
20.12961,21.43548,43.54386,3405.77683,0.28283,50.43084,9.293257534357219,3.461982951870037,0.0
20.15865,21.47293,43.57103,3400.5242,0.32675,50.44801,9.229283782626656,3.4381510460996894,0.0
20.18764,21.51033,43.60199,3395.29762,0.36891,50.46518,9.160965513525841,3.412700693297791,0.0
20.21656,21.54769,43.63656,3390.0999,0.4092,50.48236,9.088642023345303,3.3857582902599863,0.0
20.24544,21.585,43.67456,3384.93366,0.44753,50.49954,9.012660545607247,3.357453190609562,0.0
20.27426,21.62228,43.71581,3379.80136,0.4838,50.51673,8.93337353678111,3.3279166936550695,0.0
20.30302,21.65952,43.76011,3374.70529,0.51791,50.53392,8.851136071485978,3.2972810740346943,0.0
20.33173,21.69671,43.80725,3369.64753,0.5498,50.55112,8.766303374771345,3.265678662425907,0.0
20.36039,21.73387,43.85704,3364.63003,0.57941,50.56833,8.679228514612655,3.233240985939338,0.0
20.38899,21.77098,43.90926,3359.65453,0.60666,50.58553,8.590260273150767,3.2000979750994674,0.0
20.41754,21.80806,43.96368,3354.72258,0.63152,50.60275,8.49974121065748,3.166377242620843,0.0
20.44604,21.8451,44.02011,3349.83558,0.65393,50.61997,8.408005931789674,3.1322034375421315,0.0
20.47449,21.8821,44.07831,3344.99473,0.67387,50.6372,8.31537955947039,3.097697676706665,0.0
20.50288,21.91906,44.13806,3340.20108,0.69132,50.65444,8.222176417958236,3.0629770541711436,0.0
20.53122,21.95599,44.19913,3335.45551,0.70625,50.67168,8.128698923063471,3.0281542277819273,0.0
20.55952,21.99287,44.26132,3330.75871,0.71865,50.68893,8.035236674482954,2.9933370810459237,0.0
20.58776,22.02973,44.32439,3326.11125,0.72853,50.70619,7.942065742537166,2.958628457421358,0.0
20.61595,22.06654,44.38812,3321.51352,0.73589,50.72346,7.849448139436083,2.924125963350404,0.0
20.64409,22.10332,44.45229,3316.9658,0.74075,50.74074,7.757631463424442,2.8899218356939262,0.0
20.67219,22.14007,44.51669,3312.46819,0.74311,50.75803,7.666848702883704,2.8561028687543133,0.0
20.70023,22.17678,44.5811,3308.02068,0.74301,50.77533,7.577318186469037,2.8227503957001874,0.0
20.72823,22.21346,44.64532,3303.62315,0.74047,50.79264,7.489243664888173,2.789940319031183,0.0
20.75618,22.25011,44.70912,3299.27533,0.73554,50.80997,7.402814509632473,2.7577431846104967,0.0
20.78408,22.28672,44.77231,3294.97686,0.72824,50.8273,7.318206014050672,2.726224293822776,0.0
20.81193,22.3233,44.83469,3290.72727,0.71864,50.84465,7.235579782454321,2.69544384852614,0.0
20.83974,22.35985,44.89606,3286.52598,0.70676,50.862,7.15508419342836,2.665457123647555,0.0
20.8675,22.39637,44.95624,3282.37235,0.69268,50.87938,7.076854924193985,2.6363146625217966,0.0
20.89522,22.43286,45.01505,3278.26561,0.67644,50.89676,7.001015523637767,2.608062490359882,0.0
20.92289,22.46931,45.07229,3274.20494,0.65811,50.91416,6.927678022514489,2.5807423415656734,0.0
20.95052,22.50574,45.12781,3270.18944,0.63775,50.93157,6.856943570232535,2.5543918969551958,0.0
20.9781,22.54214,45.18144,3266.21813,0.61542,50.949,6.788903088606132,2.5290450272965437,0.0
21.00564,22.57851,45.23301,3262.28997,0.5912,50.96644,6.723637933919084,2.504732039946049,0.0
21.03314,22.61486,45.28237,3258.40386,0.56515,50.9839,6.661220559576063,2.481479925703314,0.0
21.06059,22.65117,45.32938,3254.55865,0.53735,51.00137,6.6017151725747505,2.4593126033643644,0.0
21.08801,22.68746,45.37389,3250.75312,0.50788,51.01886,6.545178377873395,2.4382511597655117,0.0
21.11537,22.72373,45.41578,3246.98602,0.47681,51.03637,6.491659805551012,2.418314083417038,0.0
21.1427,22.75996,45.45491,3243.25604,0.44421,51.05389,6.441202716465287,2.399517490126691,0.0
21.16999,22.79617,45.49118,3239.56184,0.41018,51.07142,6.393844582752841,2.381875339251313,0.0
21.19723,22.83236,45.52445,3235.90203,0.37478,51.08898,6.349617640196592,2.3653996394682166,0.0
21.22443,22.86852,45.55464,3232.27519,0.3381,51.10655,6.308549410028549,2.350100643160452,0.0
21.25159,22.90465,45.58164,3228.67986,0.30023,51.12414,6.270663188249608,2.335987028701307,0.0
21.27872,22.94076,45.60537,3225.11455,0.26125,51.14175,6.235978500975745,2.3230660700827457,0.0
21.3058,22.97685,45.62573,3221.57773,0.22123,51.15937,6.204511524688506,2.3113437934697747,0.0
21.33284,23.01291,45.64266,3218.06786,0.18028,51.17701,6.176275470623888,2.3008251203954084,0.0
21.35984,23.04895,45.65609,3214.58335,0.13846,51.19467,6.151280932739914,2.291513997387757,0.0
21.3868,23.08496,45.66595,3211.1226,0.09587,51.21235,6.129536198973365,2.2834135119213386,0.0
21.41372,23.12096,45.67219,3207.68397,0.0526,51.23005,6.111047525638032,2.276525994637654,0.0
21.44061,23.15692,45.67477,3204.2658,0.00873,51.24776,6.095819374974851,2.2708531078388607,0.0
21.46745,23.19287,45.67364,3200.86642,-0.03566,51.2655,6.08385461592903,2.2663959202825352,0.0
21.49426,23.2288,45.66878,3197.48412,-0.08047,51.28325,6.075154688354575,2.2631549683521794,0.0
21.52103,23.2647,45.66016,3194.11717,-0.12561,51.30102,6.069719730843966,2.261130303677139,0.0
21.54776,23.30058,45.64777,3190.76382,-0.17101,51.31881,6.067548672444556,2.260321527299374,0.0
21.57445,23.33643,45.63159,3187.4223,-0.21657,51.33662,6.068639288526123,2.2607278104855943,0.0
21.6011,23.37227,45.61163,3184.09081,-0.2622,51.35445,6.072988221075894,2.262347902287686,0.0
21.62771,23.40808,45.58788,3180.76755,-0.30781,51.37229,6.080590963690058,2.2651801239516596,0.0
21.65429,23.44387,45.56037,3177.45069,-0.35332,51.39016,6.091441811557258,2.269222350285182,0.0
21.68083,23.47964,45.52911,3174.13837,-0.39865,51.40804,6.105533776693086,2.2744719780801956,0.0
21.70733,23.51539,45.49412,3170.82872,-0.44369,51.42594,6.1228584687530185,2.2809258817126024,0.0
21.73379,23.55112,45.45546,3167.51987,-0.48836,51.44386,6.143405941730145,2.288580356033134,0.0
21.76021,23.58682,45.41314,3164.2099,-0.53258,51.4618,6.167164506927756,2.2974310466947174,0.0
21.7866,23.6225,45.36724,3160.89691,-0.57626,51.47975,6.194120512627918,2.3074728680732233,0.0
21.81294,23.65816,45.31779,3157.57896,-0.6193,51.49772,6.224258090999411,2.3186999089840152,0.0
21.83925,23.6938,45.26487,3154.25411,-0.66163,51.51571,6.2575588728851885,2.331105326432772,0.0
21.86552,23.72942,45.20855,3150.92039,-0.70315,51.53372,6.294001671275089,2.3446812277007445,0.0
21.89176,23.76501,45.1489,3147.57586,-0.74378,51.55175,6.3335621344601645,2.359418541135617,0.0
21.91795,23.80058,45.086,3144.21854,-0.78343,51.56979,6.376212370073261,2.3753068760967326,0.0
21.94411,23.83613,45.01996,3140.84645,-0.82201,51.58785,6.4219205415166325,2.3923343726137603,0.0
21.97023,23.87166,44.95086,3137.45761,-0.85945,51.60593,6.47065043858482,2.4104875414324174,0.0
21.99631,23.90716,44.87881,3134.05005,-0.89566,51.62402,6.522361024421541,2.429751095243995,0.0
22.02235,23.94264,44.80393,3130.62179,-0.93055,51.64213,6.577005961415655,2.4501077720691273,0.0
22.04835,23.9781,44.72632,3127.17086,-0.96404,51.66025,6.6345331190286965,2.4715381519105986,0.0
22.07431,24.01353,44.64613,3123.6953,-0.99605,51.67839,6.69488406710433,2.4940204679977835,0.0
22.10024,24.04894,44.56347,3120.19317,-1.02651,51.69655,6.757993558692975,2.517530414125215,0.0
22.12612,24.08432,44.47848,3116.66254,-1.05534,51.71472,6.823789007060596,2.5420409498245897,0.0
22.15196,24.11968,44.3913,3113.10151,-1.08245,51.7329,6.892189962112559,2.5675221053188886,0.0
22.17777,24.15502,44.3021,3109.50822,-1.10779,51.7511,6.963107592138737,2.5939407884587875,0.0
22.20353,24.19032,44.21101,3105.88081,-1.13126,51.76931,7.036444177394216,2.6212605960681428,0.0
22.22926,24.22561,44.11819,3102.21748,-1.15282,51.78753,7.11209262272793,2.64944163238534,0.0
22.25494,24.26086,44.02382,3098.51649,-1.17239,51.80577,7.189935997058294,2.678440337505847,0.0
22.28058,24.29609,43.92806,3094.77613,-1.18991,51.82401,7.269847108150401,2.7082093289755322,0.0
22.30618,24.3313,43.83108,3090.99475,-1.20532,51.84227,7.351688121678782,2.7386972598815187,0.0
22.33174,24.36647,43.73306,3087.17078,-1.21857,51.86054,7.435310234054038,2.769848696971497,0.0
22.35726,24.40162,43.63418,3083.30271,-1.2296,51.87882,7.520553408904172,2.801604022486088,0.0
22.38273,24.43674,43.53463,3079.38911,-1.23837,51.89711,7.607246187351612,2.833899363482043,0.0
22.40816,24.47183,43.43459,3075.42865,-1.24483,51.91541,7.695205582394042,2.866666552486318,0.0
22.43355,24.50688,43.33425,3071.42008,-1.24895,51.93372,7.784237067628149,2.8998331232953847,0.0
22.4589,24.54191,43.23381,3067.36226,-1.2507,51.95203,7.874134670351195,2.9333223456580027,0.0
22.4842,24.57691,43.13346,3063.25417,-1.25005,51.97036,7.964681178619391,2.967053302409923,0.0
22.50946,24.61188,43.03339,3059.0949,-1.24699,51.98869,8.055648471145044,3.0009410123692457,0.0
22.53467,24.64681,42.93381,3054.88365,-1.24149,52.00703,8.146797977972295,3.0348966019502597,0.0
22.55984,24.68171,42.83489,3050.61978,-1.23355,52.02537,8.237881278672404,3.068827528006926,0.0
22.58497,24.71658,42.73685,3046.30278,-1.22317,52.04372,8.32864084327574,3.1026378538495347,0.0
22.61005,24.75142,42.63987,3041.93228,-1.21036,52.06207,8.418810919421285,3.1362285797312413,0.0
22.63508,24.78621,42.54415,3037.50808,-1.19513,52.08043,8.508118567149062,3.1694980283354717,0.0
22.66006,24.82098,42.44987,3033.03013,-1.1775,52.09879,8.596284840499592,3.202342284952812,0.0
22.685,24.85571,42.35723,3028.49853,-1.15752,52.11715,8.683026112584018,3.2346556911044866,0.0
22.70989,24.8904,42.2664,3023.91356,-1.1352,52.13551,8.768055538104917,3.2663313893698547,0.0
22.73474,24.92505,42.17756,3019.27569,-1.11061,52.15388,8.851084644534502,3.2972619161421455,0.0
22.75953,24.95967,42.09089,3014.58554,-1.0838,52.17225,8.931825040255148,3.327339837955753,0.0
22.78428,24.99425,42.00655,3009.8439,-1.05482,52.19062,9.009990225153807,3.3564584259802954,0.0
22.80898,25.02879,41.92472,3005.05176,-1.02376,52.20898,9.085297486302572,3.3845123622115034,0.0
22.83363,25.06329,41.84553,3000.21027,-0.99069,52.22735,9.157469858807927,3.4113984699391566,0.0
22.85823,25.09775,41.76914,2995.32076,-0.95569,52.24572,9.226238129441624,3.4370164601523063,0.0
22.88278,25.13217,41.6957,2990.38473,-0.91887,52.26408,9.291342858671483,3.4612696847989506,0.0
22.90728,25.16654,41.62532,2985.40385,-0.88033,52.28244,9.352536394982026,3.484065887173471,0.0
22.93173,25.20088,41.55813,2980.37993,-0.84018,52.3008,9.409584854226466,3.505317939277326,0.0
22.95613,25.23517,41.49425,2975.31497,-0.79853,52.31916,9.462270036086036,3.524944555750579,0.0
22.98048,25.26942,41.43377,2970.2111,-0.75551,52.33751,9.510391249607027,3.5428709739324784,0.0
23.00477,25.30363,41.37678,2965.07058,-0.71125,52.35586,9.553767020376156,3.559029589829195,0.0
23.02902,25.33779,41.32337,2959.89582,-0.66589,52.3742,9.592236653031366,3.573360540190214,0.0
23.05321,25.3719,41.27361,2954.68934,-0.61957,52.39254,9.625661624585113,3.5858122215579162,0.0
23.07735,25.40597,41.22754,2949.45375,-0.57242,52.41087,9.653926786462263,3.5963417380583222,0.0
23.10143,25.44,41.18522,2944.19178,-0.52461,52.42919,9.676941356028394,3.6049152707714756,0.0
23.12547,25.47398,41.14668,2938.90623,-0.47628,52.44751,9.694639681825063,3.611508362801714,0.0
23.14945,25.50791,41.11193,2933.59998,-0.42759,52.46583,9.706981770512739,3.6161061155777703,0.0
23.17338,25.5418,41.081,2928.27594,-0.37868,52.48414,9.713953567629806,3.6187032934429,0.0
23.19725,25.57564,41.05387,2922.93708,-0.32973,52.50244,9.715566988530036,3.619304335179894,0.0
23.22107,25.60943,41.03053,2917.5864,-0.28087,52.52073,9.711859700238122,3.6179232727465305,0.0
23.24484,25.64317,41.01095,2912.2269,-0.23228,52.53902,9.702894659283707,3.614583559106588,0.0
23.26855,25.67687,40.9951,2906.86157,-0.18411,52.5573,9.688759414666475,3.609317808565998,0.0
23.29222,25.71052,40.98291,2901.49339,-0.13649,52.57557,9.669565189036668,3.6021674544884243,0.0
23.31582,25.74412,40.97434,2896.12534,-0.0896,52.59384,9.645445754664262,3.59318233056419,0.0
23.33938,25.77768,40.9693,2890.7603,-0.04357,52.6121,9.61655612385957,3.5824201829575086,0.0
23.36288,25.81118,40.96771,2885.40114,0.00146,52.63035,9.583071075998449,3.5699461215846067,0.0
23.38632,25.84464,40.96949,2880.05065,0.04535,52.64859,9.545183545388715,3.5558320195515543,0.0
23.40972,25.87805,40.97452,2874.71152,0.08797,52.66683,9.503102895524174,3.540155870268479,0.0
23.43306,25.91141,40.98269,2869.3864,0.12918,52.68506,9.457053106131404,3.5230011120767912,0.0
23.45635,25.94472,40.99388,2864.07778,0.16888,52.70328,9.407270899605294,3.5044559302971297,0.0
23.47958,25.97799,41.00797,2858.7881,0.20695,52.7215,9.354003833114476,3.4846125464884286,0.0
23.50276,26.01121,41.02481,2853.51966,0.24327,52.73971,9.297508381744832,3.4635665043684494,0.0
23.52589,26.04438,41.04427,2848.27463,0.27777,52.75791,9.238048036791252,3.4414159613774067,0.0
23.54897,26.0775,41.06619,2843.05509,0.31033,52.77611,9.17589144154566,3.4182609942099758,0.0
23.572,26.11058,41.09041,2837.86296,0.34088,52.7943,9.111310584908203,3.394202925887918,0.0
23.59497,26.14361,41.11678,2832.70004,0.36935,52.81248,9.044579070853235,3.3693436810906356,0.0
23.61789,26.17659,41.14514,2827.56799,0.39566,52.83067,8.975970479324065,3.343785175545332,0.0
23.64076,26.20952,41.1753,2822.46835,0.41975,52.84884,8.905756831536243,3.3176287443121084,0.0
23.66359,26.24242,41.20711,2817.4025,0.44158,52.86701,8.83420717011115,3.2909746128463677,0.0
23.68636,26.27526,41.24039,2812.3717,0.4611,52.88518,8.76158626186912,3.263921413755118,0.0
23.70907,26.30806,41.27495,2807.37706,0.47828,52.90334,8.688153428621696,3.2365657512363266,0.0
23.73174,26.34082,41.31063,2802.41956,0.49308,52.9215,8.614161508983836,3.209001814326648,0.0
23.75436,26.37353,41.34724,2797.50006,0.50548,52.93966,8.539855952028821,3.1813210392640365,0.0
23.77693,26.40619,41.38461,2792.61927,0.51548,52.95782,8.465474041631534,3.1536118205351973,0.0
23.79946,26.43882,41.42256,2787.77778,0.52306,52.97597,8.391244248606831,3.1259592695300955,0.0
23.82193,26.4714,41.4609,2782.97606,0.52823,52.99412,8.317385706217191,3.098445019154746,0.0
23.84436,26.50393,41.49947,2778.21446,0.53099,53.01227,8.24410780334153,3.071147072275899,0.0
23.86673,26.53643,41.53808,2773.4932,0.53136,53.03041,8.171609888547511,3.044139691480186,0.0
23.88906,26.56888,41.57657,2768.81239,0.52936,53.04856,8.100081077496705,3.0174933273274727,0.0
23.91135,26.60129,41.61477,2764.17205,0.52502,53.06671,8.029700155504127,2.991274582051729,0.0
23.93358,26.63367,41.6525,2759.57208,0.51836,53.08485,7.96063556665912,2.9655462055082653,0.0
23.95577,26.666,41.68961,2755.01227,0.50943,53.103,7.893045480713744,2.940367120091419,0.0
23.97792,26.69829,41.72594,2750.49233,0.49827,53.12115,7.8270779288707955,2.915792471319169,0.0
24.00001,26.73054,41.76132,2746.01189,0.48492,53.1393,7.762870999670362,2.8918737008060273,0.0
24.02207,26.76275,41.79561,2741.57046,0.46943,53.15745,7.700553086410509,2.868658638433751,0.0
24.04408,26.79492,41.82866,2737.1675,0.45186,53.1756,7.640243177793171,2.8461916106245937,0.0
24.06604,26.82705,41.86032,2732.80236,0.43228,53.19375,7.582051183904898,2.824513561777703,0.0
24.08796,26.85915,41.89046,2728.47434,0.41073,53.21191,7.52607829004072,2.803662186077824,0.0
24.10983,26.89121,41.91896,2724.18267,0.3873,53.23007,7.472417331394005,2.7836720670771262,0.0
24.13167,26.92323,41.94567,2719.9265,0.36205,53.24823,7.421153182136826,2.764574822637882,0.0
24.15345,26.95521,41.97048,2715.70492,0.33505,53.2664,7.372363152934883,2.7463992530172288,0.0
24.1752,26.98716,41.99327,2711.51695,0.30638,53.28457,7.326117391466817,2.729171490071158,0.0
24.1969,27.01907,42.01394,2707.36158,0.27611,53.30274,7.282479281085594,2.7129151457663654,0.0
24.21856,27.05094,42.03238,2703.23773,0.24433,53.32092,7.241505833185359,2.697651458347231,0.0
24.24018,27.08278,42.04849,2699.14426,0.21112,53.33911,7.203248069436953,2.6833994347286025,0.0
24.26176,27.11459,42.06219,2695.08,0.17656,53.35729,7.1677513904174175,2.67017598781999,0.0
24.28329,27.14636,42.07338,2691.04373,0.14074,53.37549,7.135055927687326,2.657996067683632,0.0
24.30479,27.17809,42.08199,2687.03417,0.10375,53.39369,7.1051968766838,2.6468727855459036,0.0
24.32624,27.20979,42.08795,2683.05003,0.06567,53.41189,7.078204808275893,2.6368175298598953,0.0
24.34765,27.24146,42.0912,2679.08995,0.0266,53.4301,7.054105957083091,2.62784007371164,0.0
24.36902,27.27309,42.09167,2675.15255,-0.01338,53.44832,7.0329224850313405,2.6199486730016686,0.0
24.39035,27.30469,42.08931,2671.23642,-0.05416,53.46654,7.014672718870606,2.613150154926548,0.0
24.41164,27.33626,42.08408,2667.3401,-0.09567,53.48477,6.99937136065911,2.607449996389801,0.0
24.43289,27.36779,42.07593,2663.46212,-0.1378,53.503,6.98702967042271,2.602852392047328,0.0
24.4541,27.39929,42.06485,2659.60097,-0.18045,53.52124,6.977655620441048,2.59936031178306,0.0
24.47527,27.43076,42.0508,2655.7551,-0.22354,53.53949,6.971254020762782,2.5969755474666814,0.0
24.4964,27.46219,42.03376,2651.92296,-0.26697,53.55774,6.967826615754773,2.595698748920745,0.0
24.51749,27.49359,42.01373,2648.10295,-0.31064,53.576,6.967372151638441,2.5955294490797405,0.0
24.53855,27.52496,41.99069,2644.29347,-0.35446,53.59426,6.969886415099255,2.5964660783731466,0.0
24.55956,27.5563,41.96465,2640.49288,-0.39832,53.61253,6.975362243232967,2.5985059684306635,0.0
24.58053,27.5876,41.93562,2636.69954,-0.44214,53.63081,6.983789505183626,2.601645345241891,0.0
24.60146,27.61887,41.90362,2632.91176,-0.48581,53.64909,6.995155056015037,2.6058793119722314,0.0
24.62236,27.65011,41.86866,2629.12787,-0.52924,53.66738,7.009442663468522,2.611201821678232,0.0
24.64321,27.68132,41.83077,2625.34617,-0.57233,53.68568,7.026632908398346,2.6176056402171577,0.0
24.66403,27.71249,41.79,2621.56493,-0.61499,53.70398,7.046703059881147,2.6250822997219676,0.0
24.68481,27.74364,41.74637,2617.78245,-0.65712,53.72229,7.069626926094257,2.6336220430495723,0.0
24.70555,27.77474,41.69995,2613.99698,-0.69863,53.7406,7.0953746822961525,2.6432137596990164,0.0
24.72624,27.80582,41.65077,2610.20678,-0.73943,53.75892,7.123912677398404,2.653844913754447,0.0
24.7469,27.83686,41.59891,2606.41013,-0.77941,53.77725,7.155203220867375,2.6655014645003874,0.0
24.76752,27.86788,41.54443,2602.60526,-0.81849,53.79558,7.189204351875626,2.6781677804245603,0.0
24.78811,27.89885,41.48741,2598.79044,-0.85658,53.81391,7.225869592904385,2.6918265474283247,0.0
24.80865,27.9298,41.42791,2594.96394,-0.89359,53.83225,7.265147690270658,2.706458672166202,0.0
24.82915,27.96071,41.36603,2591.12402,-0.92942,53.85059,7.306982344289491,2.722043181524211,0.0
24.84962,27.99159,41.30185,2587.26896,-0.964,53.86894,7.351311932125168,2.7385571193746547,0.0
24.87004,28.02243,41.23547,2583.39706,-0.99723,53.88729,7.398069226654462,2.755975441845278,0.0
24.89042,28.05324,41.167,2579.50663,-1.02904,53.90564,7.447181115023993,2.7742709124744818,0.0
24.91077,28.08402,41.09653,2575.59601,-1.05935,53.924,7.498568320860311,2.793413998727269,0.0
24.93107,28.11476,41.02418,2571.66355,-1.08807,53.94236,7.5521451344406065,2.8133727714767356,0.0
24.95134,28.14546,40.95007,2567.70765,-1.11512,53.96073,7.607819155435854,2.83411280916912,0.0
24.97156,28.17613,40.87431,2563.72673,-1.14045,53.97909,7.665491053144235,2.8555971085044463,0.0
24.99175,28.20677,40.79703,2559.71925,-1.16398,53.99746,7.725054349391976,2.8777860035613747,0.0
25.01189,28.23737,40.71836,2555.68374,-1.18564,54.01582,7.7863952295302665,2.90063709538858,0.0
25.03199,28.26793,40.63843,2551.61873,-1.20536,54.03419,7.849392387168151,2.9241051941636678,0.0
25.05206,28.29846,40.55738,2547.52286,-1.2231,54.05256,7.9139169083942855,2.9481422760627334,0.0
25.07208,28.32895,40.47534,2543.39479,-1.2388,54.07093,7.97983220136358,2.9726974570295335,0.0
25.09206,28.3594,40.39247,2539.23325,-1.2524,54.0893,8.046993977085965,2.9977169856187946,0.0
25.112,28.38982,40.30889,2535.03706,-1.26387,54.10766,8.115250287189138,3.023144257063832,0.0
25.13189,28.4202,40.22477,2530.80511,-1.27315,54.12603,8.184441624255786,3.0489198506548045,0.0
25.15175,28.45053,40.14025,2526.53635,-1.28022,54.14439,8.254401090006954,3.074981592391442,0.0
25.17156,28.48083,40.05548,2522.22985,-1.28505,54.16275,8.324954636220342,3.101264644731454,0.0
25.19133,28.51109,39.97061,2517.88474,-1.28761,54.18111,8.395921382713974,3.1277016250478114,0.0
25.21106,28.54131,39.88579,2513.50028,-1.28789,54.19946,8.467114016063098,3.1542227541612795,0.0
25.23074,28.57149,39.80118,2509.07581,-1.28588,54.21781,8.538339271917433,3.1807560360162883,0.0
25.25038,28.60163,39.71692,2504.61077,-1.28156,54.23616,8.609398502837273,3.207227469214819,0.0
25.26998,28.63172,39.63317,2500.10475,-1.27495,54.25449,8.680088332520427,3.233561290733153,0.0
25.28953,28.66178,39.55009,2495.55741,-1.26605,54.27283,8.750201396098824,3.2596802517018357,0.0
25.30904,28.69179,39.46781,2490.96857,-1.25488,54.29116,8.819527164908385,3.2855059246541547,0.0
25.32851,28.72175,39.38648,2486.33814,-1.24145,54.30948,8.887852852752081,3.3109590411329752,0.0
25.34793,28.75168,39.30625,2481.66618,-1.22581,54.32779,8.954964399232786,3.3359598580080996,0.0
25.36731,28.78156,39.22725,2476.95287,-1.208,54.34609,9.020647524287996,3.360428550318198,0.0
25.38664,28.81139,39.14964,2472.19852,-1.18804,54.36439,9.084688846499782,3.384285627870687,0.0
25.40592,28.84118,39.07352,2467.40356,-1.16601,54.38268,9.146877056380626,3.40745237232158,0.0
25.42516,28.87092,38.99905,2462.56858,-1.14196,54.40095,9.20700413432964,3.429851290896223,0.0
25.44435,28.90062,38.92633,2457.69427,-1.11596,54.41922,9.264866601736978,3.451406582458602,0.0
25.4635,28.93027,38.85549,2452.78147,-1.08808,54.43748,9.320266792459758,3.4720446111695837,0.0
25.4826,28.95987,38.78664,2447.83114,-1.05841,54.45572,9.373014130932006,3.4916943826164983,0.0
25.50165,28.98943,38.71988,2442.84438,-1.02703,54.47396,9.42292640237287,3.51028801699912,0.0
25.52066,29.01893,38.65531,2437.82239,-0.99405,54.49218,9.469830999944117,3.527761213728647,0.0
25.53962,29.04839,38.59303,2432.7665,-0.95956,54.51039,9.513566133486993,3.544053701713988,0.0
25.55853,29.0778,38.53311,2427.67816,-0.92368,54.52858,9.553981984367761,3.559109669572111,0.0
25.57739,29.10715,38.47564,2422.55892,-0.88652,54.54677,9.590941791295359,3.5728781701236882,0.0
25.59621,29.13646,38.42069,2417.41045,-0.84819,54.56494,9.624322852558537,3.585313493752805,0.0
25.61497,29.16572,38.36831,2412.23447,-0.80882,54.58309,9.654017430979406,3.59637550552596,0.0
25.63369,29.19492,38.31855,2407.03285,-0.76855,54.60123,9.679933549072814,3.6060299414098598,0.0
25.65236,29.22408,38.27146,2401.80748,-0.72749,54.61936,9.701995663373758,3.614248659476124,0.0
25.67099,29.25318,38.22707,2396.56037,-0.6858,54.63747,9.72014520851552,3.621009842584705,0.0
25.68956,29.28223,38.18541,2391.29357,-0.6436,54.65557,9.734341003569336,3.6262981497560984,0.0
25.70808,29.31122,38.1465,2386.00918,-0.60104,54.67365,9.744559515217981,3.630104814210441,0.0
25.72656,29.34017,38.11033,2380.70934,-0.55825,54.69171,9.750794974452633,3.632427686840156,0.0
25.74498,29.36906,38.07691,2375.39626,-0.51538,54.70976,9.753059345752954,3.63327122472872,0.0
25.76336,29.39789,38.04622,2370.07213,-0.47258,54.72779,9.75138214992864,3.6326464251544843,0.0
25.78169,29.42668,38.01825,2364.73918,-0.42997,54.74581,9.745810144014712,3.630570706343248,0.0
25.79997,29.45541,37.99297,2359.39963,-0.38772,54.76381,9.736406863691032,3.6270677370074815,0.0
25.8182,29.48408,37.97034,2354.05572,-0.34594,54.78179,9.723252035697705,3.622167217455612,0.0
25.83638,29.5127,37.95032,2348.70965,-0.30479,54.79976,9.706440869461918,3.615904615704376,0.0
25.85451,29.54127,37.93284,2343.3636,-0.26439,54.81771,9.686083238752824,3.608320862623737,0.0
25.87259,29.56979,37.91785,2338.01974,-0.22488,54.83564,9.662302765464105,3.5994620106217803,0.0
25.89062,29.59824,37.90529,2332.68019,-0.18638,54.85356,9.635235818693609,3.5893788607755384,0.0
25.9086,29.62665,37.89506,2327.347,-0.14901,54.87146,9.605030443030387,3.5781265635897235,0.0
25.92654,29.655,37.8871,2322.02219,-0.1129,54.88935,9.571845230456772,3.5657641987505597,0.0
25.94442,29.6833,37.88131,2316.70772,-0.07814,54.90722,9.535848150440044,3.55235433930415,0.0
25.96226,29.71154,37.87759,2311.40546,-0.04486,54.92507,9.497215352719918,3.5379626056633193,0.0
25.98005,29.73972,37.87584,2306.11723,-0.01315,54.9429,9.45612995694611,3.522657214715752,0.0
25.99778,29.76786,37.87596,2300.84475,0.01689,54.96072,9.41278084278197,3.5065085291057705,0.0
26.01548,29.79594,37.87784,2295.58967,0.04518,54.97853,9.367361453239424,3.4895886114451105,0.0
26.03312,29.82396,37.88136,2290.35355,0.07164,54.99632,9.320068623142548,3.4719707878847736,0.0
26.05071,29.85194,37.88639,2285.13784,0.09618,55.01409,9.271101443439742,3.453729225041439,0.0
26.06826,29.87985,37.89282,2279.94394,0.11876,55.03185,9.220660170940459,3.4349385238457004,0.0
26.08576,29.90772,37.90052,2274.77311,0.13929,55.04959,9.168945191743514,3.4156733333918434,0.0
26.10321,29.93553,37.90937,2269.62653,0.15774,55.06732,9.116156045281128,3.396007987368568,0.0
26.12061,29.96329,37.91923,2264.50529,0.17406,55.08504,9.062490514635206,3.3760161651778686,0.0
26.13797,29.991,37.92996,2259.41037,0.1882,55.10274,9.00814378737144,3.355770579323661,0.0
26.15528,30.01865,37.94145,2254.34265,0.20014,55.12043,8.953307689957217,3.335342690212306,0.0
26.17255,30.04626,37.95354,2249.30291,0.20986,55.13811,8.898169997525036,3.3148024490213173,0.0
26.18976,30.07381,37.96612,2244.29184,0.21733,55.15577,8.8429138196853,3.294218068898477,0.0
26.20694,30.10131,37.97904,2239.31002,0.22254,55.17342,8.7877170619911,3.273655824343286,0.0
26.22406,30.12876,37.99217,2234.35796,0.2255,55.19105,8.732751961754104,3.2531798782861783,0.0
26.24114,30.15615,38.00537,2229.43604,0.22621,55.20868,8.678184696072732,3.2328521360686975,0.0
26.25818,30.1835,38.01853,2224.54457,0.22467,55.22629,8.624175059219839,3.212732125261923,0.0
26.27517,30.2108,38.0315,2219.68376,0.2209,55.2439,8.570876205925595,3.192876900032586,0.0
26.29212,30.23805,38.04416,2214.85374,0.21493,55.26149,8.518434456622547,3.173340968591733,0.0
26.30902,30.26525,38.05638,2210.05454,0.20678,55.27907,8.46698916031509,3.1541762421099944,0.0
26.32588,30.29239,38.06805,2205.28613,0.19648,55.29664,8.41667261046311,3.135432003382026,0.0
26.34269,30.3195,38.07903,2200.54837,0.18408,55.3142,8.36761000908254,3.117154893453029,0.0
26.35946,30.34655,38.08922,2195.84106,0.16961,55.33175,8.319919474156427,3.099388914379559,0.0
26.37619,30.37355,38.0985,2191.16393,0.15313,55.34929,8.273712085439433,3.0821754462929096,0.0
26.39287,30.40051,38.10675,2186.51662,0.13469,55.36683,8.229091963739277,3.065553276933542,0.0
26.40952,30.42742,38.11388,2181.8987,0.11434,55.38435,8.186156378915316,3.0495586418833893,0.0
26.42612,30.45428,38.11978,2177.30968,0.09215,55.40187,8.144995881927876,3.0342252737577127,0.0
26.44267,30.48109,38.12435,2172.74902,0.06818,55.41938,8.10569445649585,3.019584458701545,0.0
26.45919,30.50786,38.12751,2168.21608,0.0425,55.43688,8.06832968611679,3.005665098609067,0.0
26.47566,30.53458,38.12915,2163.71021,0.01518,55.45437,8.032972932465244,2.9924937775816898,0.0
26.49209,30.56126,38.1292,2159.23064,-0.01369,55.47185,7.99968952143406,2.9800948312333233,0.0
26.50849,30.58789,38.12758,2154.77662,-0.04405,55.48933,7.968538933385976,2.9684904175641122,0.0
26.52484,30.61447,38.12421,2150.34728,-0.07581,55.5068,7.939574994406396,2.9577005882071186,0.0
26.54114,30.64101,38.11902,2145.94173,-0.10888,55.52427,7.91284606570651,2.9477433589859703,0.0
26.55741,30.6675,38.11195,2141.55906,-0.14319,55.54173,7.888395228566445,2.938634778811052,0.0
26.57364,30.69395,38.10294,2137.19826,-0.17864,55.55918,7.866260462480285,2.9303889960432112,0.0
26.58983,30.72036,38.09194,2132.85831,-0.21514,55.57662,7.846474814468981,2.9230183215672696,0.0
26.60598,30.74672,38.0789,2128.53815,-0.2526,55.59406,7.829066557778614,2.9165332879113075,0.0
26.62209,30.77303,38.06378,2124.23668,-0.29092,55.6115,7.8140593384240535,2.9109427038380282,0.0
26.63815,30.79931,38.04653,2119.95276,-0.33001,55.62893,7.8014723083218485,2.9062537039402625,0.0
26.65418,30.82553,38.02714,2115.68521,-0.36978,55.64635,7.791320243939337,2.902471792840888,0.0
26.67017,30.85172,38.00556,2111.43283,-0.41013,55.66377,7.783613649679713,2.899600883706478,0.0
26.68612,30.87786,37.98179,2107.19438,-0.45095,55.68118,7.778358845392776,2.8976433308473726,0.0
26.70204,30.90396,37.95581,2102.96861,-0.49215,55.69859,7.775558037624925,2.89659995626016,0.0
26.71791,30.93001,37.9276,2098.75422,-0.53363,55.71599,7.775209374437075,2.8964700700488057,0.0
26.73374,30.95602,37.89717,2094.5499,-0.57529,55.73338,7.777306983805996,2.897251484730153,0.0
26.74954,30.98199,37.86451,2090.35433,-0.61703,55.75077,7.781840995823257,2.8989405235036183,0.0
26.76529,31.00792,37.82964,2086.16615,-0.65875,55.76816,7.788797549075141,2.901532022627877,0.0
26.78101,31.0338,37.79256,2081.984,-0.70035,55.78554,7.798158781801874,2.9050193281274423,0.0
26.79669,31.05964,37.7533,2077.80649,-0.74172,55.80291,7.809902808583523,2.909394287107548,0.0
26.81233,31.08543,37.71188,2073.63224,-0.78278,55.82028,7.824003683502498,2.9146472340312153,0.0
26.82793,31.11119,37.66832,2069.45984,-0.82341,55.83764,7.840431350909774,2.920766972378369,0.0
26.84349,31.1369,37.62267,2065.28788,-0.86353,55.855,7.859151585084146,2.9277407521673275,0.0
26.85902,31.16256,37.57496,2061.11494,-0.90304,55.87235,7.880125920257318,2.9355542438873066,0.0
26.8745,31.18818,37.52523,2056.93962,-0.94183,55.8897,7.90331157267993,2.94419150946596,0.0
26.88995,31.21376,37.47354,2052.7605,-0.97982,55.90703,7.928661356539598,2.953634970946642,0.0
26.90536,31.2393,37.41994,2048.57616,-1.01692,55.92437,7.956123595727159,2.963865377619009,0.0
26.92073,31.26479,37.36449,2044.3852,-1.05303,55.94169,7.985642033642108,2.974861772419173,0.0
26.93607,31.29024,37.30725,2040.18623,-1.08806,55.95901,8.017155743345,2.9866014584591056,0.0
26.95136,31.31565,37.24829,2035.97786,-1.12192,55.97632,8.050599040572676,2.9990599666225237,0.0
26.96662,31.34101,37.18768,2031.75874,-1.15454,55.99363,8.08590140222225,3.0122110251980274,0.0
26.98184,31.36633,37.1255,2027.52752,-1.18583,56.01092,8.122987393095894,3.026026532589607,0.0
26.99701,31.3916,37.06183,2023.28287,-1.21571,56.02821,8.161776603768583,3.0404765341707414,0.0
27.01215,31.41683,36.99675,2019.0235,-1.24411,56.04549,8.2021836025703,3.055529204396505,0.0
27.02726,31.44201,36.93035,2014.74815,-1.27095,56.06276,8.244117904733418,3.071150835310161,0.0
27.04232,31.46715,36.86272,2010.45558,-1.29616,56.08003,8.28748396177035,3.087305832586051,0.0
27.05734,31.49224,36.79395,2006.1446,-1.31968,56.09728,8.332181174238046,3.103956720284707,0.0
27.07233,31.51729,36.72414,2001.81405,-1.34145,56.11453,8.378103930914158,3.1210641554470073,0.0
27.08727,31.54229,36.65339,1997.46284,-1.36141,56.13176,8.425141677414326,3.1385869536559166,0.0
27.10218,31.56725,36.5818,1993.08991,-1.37951,56.14898,8.473179017168697,3.1564821266528975,0.0
27.11705,31.59216,36.50948,1988.69424,-1.3957,56.1662,8.522095847445494,3.174704933010271,0.0
27.13187,31.61702,36.43652,1984.2749,-1.40994,56.1834,8.571767532993023,3.1932089428174297,0.0
27.14666,31.64184,36.36304,1979.831,-1.42219,56.20059,8.622065119505539,3.2119461172024906,0.0
27.16141,31.6666,36.28914,1975.36171,-1.43241,56.21777,8.672855588867565,3.2308669034175233,0.0
27.17612,31.69132,36.21494,1970.86628,-1.44059,56.23494,8.724002157720475,3.2499203460624515,0.0
27.19079,31.716,36.14053,1966.34402,-1.44669,56.25209,8.775364620428025,3.269054214848742,0.0
27.20542,31.74062,36.06604,1961.79433,-1.45072,56.26923,8.826799737083098,3.2882151491421254,0.0
27.22,31.7652,35.99157,1957.21668,-1.45265,56.28636,8.878161666613883,3.3073488193060427,0.0
27.23455,31.78972,35.91723,1952.61062,-1.45248,56.30347,8.929302444440655,3.326400104641364,0.0
27.24906,31.8142,35.84312,1947.97578,-1.45022,56.32057,8.980072503584008,3.3453132875129152,0.0
27.26352,31.83862,35.76936,1943.31188,-1.44589,56.33765,9.030321237345046,3.3640322629626573,0.0
27.27795,31.863,35.69605,1938.61872,-1.43949,56.35472,9.079897601112764,3.3825007628987698,0.0
27.29233,31.88733,35.62329,1933.8962,-1.43105,56.37177,9.128650750077231,3.4006625936605857,0.0
27.30667,31.9116,35.55119,1929.14432,-1.4206,56.38881,9.176430708979176,3.4184618855179396,0.0
27.32097,31.93582,35.47985,1924.36314,-1.40818,56.40582,9.22308906933081,3.4358433524042704,0.0
27.33523,31.95999,35.40935,1919.55284,-1.39383,56.42282,9.26847970891257,3.4527525599480806,0.0
27.34945,31.98411,35.3398,1914.71369,-1.37761,56.43981,9.312459527730624,3.4691361996364827,0.0
27.36362,32.00818,35.27128,1909.84605,-1.35957,56.45677,9.354889194107002,3.484942366753394,0.0
27.37776,32.03219,35.20389,1904.95035,-1.33978,56.47372,9.395633894055868,3.500120839541924,0.0
27.39185,32.05615,35.13769,1900.02715,-1.3183,56.49065,9.434564076812052,3.5146233569333583,0.0
27.40589,32.08005,35.07277,1895.07707,-1.29522,56.50756,9.47155618897063,3.5284038920334786,0.0
27.4199,32.1039,35.0092,1890.10084,-1.27061,56.52445,9.506493389667714,3.541418918546217,0.0
27.43386,32.12769,34.94706,1885.09924,-1.24456,56.54131,9.53926623909118,3.553627667262023,0.0
27.44778,32.15143,34.88639,1880.07318,-1.21717,56.55816,9.569773352702592,3.564992369772743,0.0
27.46166,32.17512,34.82726,1875.0236,-1.18854,56.57499,9.597922013802771,3.5754784866684073,0.0
27.47549,32.19875,34.76973,1869.95155,-1.15877,56.5918,9.62362873737597,3.5850549175840283,0.0
27.48928,32.22232,34.71383,1864.85814,-1.12796,56.60858,9.646819778614836,3.5936941906385242,0.0
27.50302,32.24584,34.65961,1859.74455,-1.09624,56.62534,9.667431580130271,3.601372629032163,0.0
27.51672,32.2693,34.6071,1854.61199,-1.0637,56.64208,9.685411152514833,3.6080704928164327,0.0
27.53038,32.2927,34.55633,1849.46178,-1.03048,56.6588,9.70071638379206,3.613772094172071,0.0
27.544,32.31604,34.50732,1844.29526,-0.99669,56.6755,9.713316274064866,3.6184658848217564,0.0
27.55757,32.33933,34.46009,1839.11381,-0.96246,56.69217,9.723191092721017,3.6221445145932885,0.0
27.57109,32.36256,34.41465,1833.91886,-0.92791,56.70882,9.73033245648951,3.6248048604976417,0.0
27.58458,32.38573,34.371,1828.71187,-0.89316,56.72545,9.734743327682018,3.6264480260738576,0.0
27.59802,32.40884,34.32913,1823.49433,-0.85835,56.74205,9.736437932996395,3.6270793111412125,0.0
27.61141,32.4319,34.28904,1818.26776,-0.8236,56.75863,9.735441604259167,3.6267081524716076,0.0
27.62476,32.45489,34.25072,1813.03367,-0.78904,56.77519,9.731790543478324,3.6253480362655526,0.0
27.63807,32.47783,34.21413,1807.7936,-0.75478,56.79172,9.725531515504562,3.6230163836603886,0.0
27.65133,32.50071,34.17926,1802.54908,-0.72096,56.80823,9.716721472463936,3.6197344108215717,0.0
27.66454,32.52353,34.14608,1797.30166,-0.6877,56.82471,9.705427114877086,3.615526965448038,0.0
27.67772,32.54628,34.11453,1792.05285,-0.65512,56.84118,9.69172439508383,3.610422341784794,0.0
27.69085,32.56898,34.08459,1786.80417,-0.62333,56.85761,9.675697969128118,3.6044520764356442,0.0
27.70393,32.59163,34.0562,1781.55709,-0.59244,56.87403,9.657440603729015,3.5976507274442837,0.0
27.71697,32.61421,34.02931,1776.31309,-0.56258,56.89042,9.637052545248716,3.5900556392182685,0.0
27.72997,32.63673,34.00386,1771.0736,-0.53383,56.90678,9.614640857824156,3.5817066959656354,0.0
27.74292,32.65919,33.97978,1765.84002,-0.50631,56.92313,9.590318737861544,3.5726460663260706,0.0
27.75583,32.68159,33.95702,1760.6137,-0.48012,56.93944,9.56420481209279,3.5629179418784704,0.0
27.7687,32.70394,33.9355,1755.39596,-0.45533,56.95574,9.53642242620983,3.552568272138501,0.0
27.78152,32.72622,33.91515,1750.18807,-0.43204,56.97201,9.507098930894806,3.5416444985860576,0.0
27.7943,32.74844,33.89588,1744.99123,-0.41033,56.98826,9.476364971686706,3.5301952901219047,0.0
27.80703,32.77061,33.87763,1739.80663,-0.39028,57.00449,9.444353788731258,3.5182702822060854,0.0
27.81972,32.79272,33.8603,1734.63535,-0.37195,57.02069,9.411200531974961,3.505919821749681,0.0
27.83237,32.81476,33.84382,1729.47845,-0.3554,57.03687,9.37704159682233,3.49319471962965,0.0
27.84498,32.83675,33.82809,1724.33691,-0.34069,57.05303,9.342013984734644,3.480146012495044,0.0
27.85754,32.85868,33.81303,1719.21165,-0.32788,57.06916,9.3062546926172,3.466824735297695,0.0
27.87006,32.88055,33.79855,1714.10353,-0.317,57.08528,9.269900134243427,3.453281705757465,0.0
27.88254,32.90237,33.78455,1709.01335,-0.30809,57.10137,9.233085596363086,3.4395673217482483,0.0
27.89497,32.92412,33.77095,1703.94182,-0.30119,57.11744,9.1959447315245,3.4257313723609077,0.0
27.90736,32.94582,33.75765,1698.88961,-0.29631,57.13349,9.158609089074949,3.4118228631885748,0.0
27.91971,32.96746,33.74456,1693.85731,-0.29348,57.14952,9.121207685222762,3.3978898561634727,0.0
27.93202,32.98904,33.73159,1688.84543,-0.2927,57.16553,9.08386661254539,3.383979324088399,0.0
27.94429,33.01056,33.71864,1683.85444,-0.29398,57.18151,9.046708688837136,3.3701370198232596,0.0
27.95651,33.03203,33.70564,1678.88472,-0.29732,57.19748,9.009853144736859,3.3564073599181796,0.0
27.9687,33.05344,33.69248,1673.9366,-0.30271,57.21343,8.973415349221845,3.3428333223527362,0.0
27.98084,33.07479,33.67908,1669.01032,-0.31014,57.22936,8.937506571657469,3.329456357893205,0.0
27.99294,33.09608,33.66535,1664.10609,-0.31958,57.24527,8.90223377884251,3.316316314486598,0.0
28.005,33.11732,33.6512,1659.22402,-0.33102,57.26115,8.867699465215713,3.3034513740081386,0.0
28.01702,33.13851,33.63656,1654.36418,-0.34442,57.27703,8.83400151420818,3.29089800061138,0.0
28.02901,33.15964,33.62134,1649.52656,-0.35975,57.29288,8.80123308854659,3.278690899863268,0.0
28.04095,33.18071,33.60547,1644.71113,-0.37697,57.30871,8.769482547244257,3.2668629878211286,0.0
28.05285,33.20172,33.58885,1639.91774,-0.39603,57.32453,8.738833386887856,3.2554453691604266,0.0
28.06471,33.22269,33.57144,1635.14623,-0.41688,57.34032,8.70936420484023,3.2444673234668406,0.0
28.07653,33.24359,33.55314,1630.39637,-0.43946,57.3561,8.681148681976408,3.23395629880498,0.0
28.08831,33.26444,33.5339,1625.66787,-0.46372,57.37187,8.654255582554732,3.223937911670374,0.0
28.10005,33.28524,33.51365,1620.96039,-0.48959,57.38761,8.628748768940769,3.2144359524745143,0.0
28.11175,33.30598,33.49233,1616.27354,-0.517,57.40334,8.604687228939337,3.2054723957267615,0.0
28.12342,33.32667,33.46988,1611.60688,-0.54589,57.41906,8.582125113597145,3.197067414116813,0.0
28.13505,33.34731,33.44625,1606.95994,-0.57619,57.43475,8.561111783471143,3.1892393957508856,0.0
28.14663,33.36789,33.42138,1602.33216,-0.6078,57.45043,8.54169186146123,3.182004963833293,0.0
28.15818,33.38842,33.39524,1597.72299,-0.64065,57.4661,8.5239052904699,3.175378998146173,0.0
28.16969,33.40889,33.36777,1593.1318,-0.67467,57.48175,8.507787394269382,3.1693746577241084,0.0
28.18117,33.42931,33.33895,1588.55794,-0.70975,57.49738,8.493368940169123,3.1640034041994025,0.0
28.1926,33.44968,33.30873,1584.00071,-0.74583,57.51299,8.480676202145764,3.159275025319665,0.0
28.204,33.47,33.27708,1579.45937,-0.7828,57.5286,8.469731023375603,3.155197658242794,0.0
28.21536,33.49026,33.24399,1574.93317,-0.82057,57.54418,8.460550877156512,3.151777812231998,0.0
28.22668,33.51047,33.20941,1570.42131,-0.85905,57.55975,8.453148925460972,3.149020390468339,0.0
28.23797,33.53063,33.17335,1565.92296,-0.89814,57.57531,8.44753407448187,3.146928710743003,0.0
28.24921,33.55074,33.13577,1561.43726,-0.93776,57.59085,8.443711026707616,3.1455045248566527,0.0
28.26042,33.57079,33.09668,1556.96334,-0.9778,57.60638,8.44168032920236,3.144748036605077,0.0
28.2716,33.59079,33.05606,1552.50028,-1.01816,57.62189,8.441438417961908,3.1446579183029413,0.0
28.28273,33.61074,33.01392,1548.04715,-1.05874,57.63738,8.442977658341373,3.1452313258441436,0.0
28.29384,33.63064,32.97025,1543.60303,-1.09946,57.65286,8.44628638168634,3.1464639123478952,0.0
28.3049,33.65049,32.92507,1539.16693,-1.14021,57.66833,8.451348918482903,3.1483498405079753,0.0
28.31593,33.67028,32.87837,1534.73787,-1.18088,57.68378,8.458145628442619,3.1508817938001705,0.0
28.32692,33.69002,32.83018,1530.31488,-1.22139,57.69922,8.466652928090593,3.154050986759566,0.0
28.33787,33.70971,32.78052,1525.89694,-1.26164,57.71464,8.476843316538512,3.157847174581673,0.0
28.34879,33.72935,32.7294,1521.48304,-1.30153,57.73005,8.488685400261478,3.1622586623524533,0.0
28.35967,33.74894,32.67685,1517.07217,-1.34096,57.74544,8.502143917768715,3.1672723142388066,0.0
28.37051,33.76848,32.6229,1512.6633,-1.37985,57.76081,8.517179765231022,3.1728735630354725,0.0
28.38132,33.78796,32.56759,1508.25543,-1.41809,57.77617,8.533750024118296,3.179046420460733,0.0
28.3921,33.80739,32.51094,1503.84751,-1.4556,57.79152,8.551807992093309,3.1857734886651587,0.0
28.40283,33.82677,32.45299,1499.43856,-1.4923,57.80685,8.571303218387659,3.1930359734100784,0.0
28.41353,33.8461,32.3938,1495.02754,-1.52809,57.82216,8.592181544998562,3.2008136994144754,0.0
28.4242,33.86538,32.33341,1490.61348,-1.56289,57.83746,8.61438515505511,3.2090851283726805,0.0
28.43482,33.8846,32.27185,1486.19538,-1.59663,57.85274,8.637852629771709,3.217827380171035,0.0
28.44542,33.90378,32.2092,1481.77228,-1.62922,57.86801,8.662519015347172,3.2270162578095594,0.0
28.45597,33.9229,32.14549,1477.34322,-1.66059,57.88325,8.688315901252826,3.236626276566334,0.0
28.46649,33.94196,32.08078,1472.90727,-1.69067,57.89849,8.71517151125102,3.2466306979042874,0.0
28.47697,33.96098,32.01514,1468.46353,-1.71939,57.9137,8.74301080847827,3.2570015686174325,0.0
28.48742,33.97994,31.94862,1464.01111,-1.74669,57.9289,8.771755615853694,3.2677097656861784,0.0
28.49783,33.99885,31.88129,1459.54916,-1.77251,57.94408,8.801324752979344,3.278725047276305,0.0
28.50821,34.01771,31.8132,1455.07686,-1.79679,57.95924,8.83163419059992,3.2900161102792693,0.0
28.51855,34.03652,31.74444,1450.59342,-1.81949,57.97439,8.862597223535792,3.3015506547343096,0.0
28.52885,34.05527,31.67505,1446.0981,-1.84056,57.98951,8.894124662865496,3.3132954554214775,0.0
28.53911,34.07397,31.60512,1441.59019,-1.85997,58.00462,8.926125047943874,3.3252164408439797,0.0
28.54934,34.09261,31.53471,1437.06902,-1.87766,58.01971,8.958504878645499,3.337278779744955,0.0
28.55954,34.1112,31.46389,1432.53396,-1.89362,58.03478,8.991168868002841,3.3494469752218503,0.0
28.56969,34.12974,31.39272,1427.98444,-1.90783,58.04983,9.024020215149562,3.3616849664049684,0.0
28.57981,34.14822,31.32129,1423.41993,-1.92025,58.06486,9.056960898251239,3.3739562375818775,0.0
28.5899,34.16665,31.24966,1418.83996,-1.93088,58.07987,9.08989198683916,3.386223934549967,0.0
28.59994,34.18502,31.17789,1414.2441,-1.93972,58.09486,9.122713972608,3.398450987847281,0.0
28.60995,34.20334,31.10607,1409.63198,-1.94675,58.10983,9.15532711757333,3.410600242450353,0.0
28.61992,34.2216,31.03426,1405.00329,-1.95199,58.12477,9.187631818086606,3.4226345933793767,0.0
28.62986,34.23981,30.96252,1400.35778,-1.95545,58.1397,9.21952898295871,3.4345171265591534,0.0
28.63976,34.25796,30.89093,1395.69525,-1.95714,58.1546,9.250920423683144,3.446211264187519,0.0
28.64962,34.27606,30.81955,1391.01556,-1.95709,58.16949,9.28170925443462,3.457680913745337,0.0
28.65945,34.2941,30.74844,1386.31863,-1.95532,58.18435,9.311800299290827,3.4688906196973135,0.0
28.66923,34.31209,30.67766,1381.60445,-1.95188,58.19918,9.341100503916072,3.479805716855,0.0
28.67898,34.33001,30.60728,1376.87307,-1.9468,58.214,9.369519348681372,3.490392484274882,0.0
28.6887,34.34789,30.53736,1372.12459,-1.94012,58.22879,9.396969260094172,3.500618298526788,0.0
28.69837,34.3657,30.46794,1367.35918,-1.93191,58.24355,9.423366017225195,3.5104517850985735,0.0
28.70801,34.38346,30.39909,1362.57706,-1.92222,58.2583,9.44862914976969,3.5198629666844212,0.0
28.71761,34.40115,30.33084,1357.77852,-1.91112,58.27301,9.472682324290016,3.528823407070353,0.0
28.72717,34.4188,30.26326,1352.96391,-1.89867,58.28771,9.495453715210061,3.537306349339425,0.0
28.73669,34.43638,30.19638,1348.13362,-1.88495,58.30238,9.516876357192736,3.545286847141604,0.0
28.74618,34.4539,30.13024,1343.28812,-1.87004,58.31702,9.536888475593457,3.5527418877963988,0.0
28.75563,34.47137,30.06489,1338.42792,-1.85401,58.33164,9.55543379184681,3.559650506057411,0.0
28.76504,34.48878,30.00035,1333.55357,-1.83697,58.34623,9.572461800854821,3.5659938874467763,0.0
28.77441,34.50613,29.93665,1328.66569,-1.819,58.3608,9.587928017658385,3.5717554601467594,0.0
28.78375,34.52342,29.87383,1323.76495,-1.8002,58.37534,9.601794190963412,3.5769209745438584,0.0
28.79304,34.54065,29.8119,1318.85204,-1.78066,58.38985,9.614028481434246,3.5814785696478006,0.0
28.8023,34.55782,29.75089,1313.9277,-1.76049,58.40434,9.624605602995615,3.585418825730227,0.0
28.81152,34.57493,29.69081,1308.99273,-1.7398,58.4188,9.633506925783703,3.5887348026766888,0.0
28.8207,34.59198,29.63167,1304.04794,-1.71868,58.43323,9.64072053978763,3.591422063694758,0.0
28.82984,34.60897,29.57348,1299.09418,-1.69724,58.44764,9.646241278629608,3.5934786841727773,0.0
28.83895,34.6259,29.51624,1294.13233,-1.67561,58.46202,9.650070703395052,3.594905245656135,0.0
28.84802,34.64277,29.45995,1289.16329,-1.65387,58.47637,9.652217046782019,3.5957048150414734,0.0
28.85704,34.65958,29.40462,1284.188,-1.63215,58.49069,9.652695118330493,3.5958829092720994,0.0
28.86603,34.67632,29.35022,1279.20739,-1.61056,58.50499,9.651526171835838,3.5954474459460073,0.0
28.87498,34.69301,29.29675,1274.22242,-1.58921,58.51926,9.648737736481058,3.5944086804082014,0.0
28.8839,34.70964,29.2442,1269.23407,-1.5682,58.5335,9.6443634135376,3.5927791300163996,0.0
28.89277,34.72621,29.19254,1264.24331,-1.54765,58.54771,9.638442640810485,3.5905734863906438,0.0
28.90161,34.74271,29.14176,1259.25112,-1.52766,58.5619,9.631020427330709,3.587808516579237,0.0
28.9104,34.75915,29.09182,1254.25848,-1.50833,58.57606,9.622147060982362,3.584502954142158,0.0
28.91916,34.77554,29.0427,1249.26638,-1.48977,58.59019,9.61187779197613,3.580677381236607,0.0
28.92788,34.79186,28.99437,1244.27578,-1.47208,58.60429,9.600272495262507,3.576354102857048,0.0
28.93657,34.80812,28.94679,1239.28764,-1.45534,58.61837,9.587395315019444,3.571557014397503,0.0
28.94521,34.82432,28.89993,1234.30291,-1.43967,58.63242,9.57331429448784,3.5663114637555333,0.0
28.95382,34.84045,28.85375,1229.32253,-1.42514,58.64644,9.558100994378862,3.5606441091789214,0.0
28.96238,34.85653,28.80819,1224.3474,-1.41184,58.66043,9.54183010307993,3.5545827740571543,0.0
28.97091,34.87254,28.76323,1219.37843,-1.39985,58.6744,9.52457904182152,3.548156299835657,0.0
28.97941,34.8885,28.71881,1214.41648,-1.38924,58.68834,9.506427567853393,3.5413943981885057,0.0
28.98786,34.90439,28.67489,1209.46239,-1.38009,58.70225,9.487457378519359,3.534327503525857,0.0
28.99628,34.92022,28.63141,1204.51698,-1.37246,58.71614,9.467751718999791,3.526986626867711,0.0
29.00466,34.93599,28.58832,1199.58103,-1.36642,58.72999,9.44739499624022,3.5194032120221594,0.0
29.013,34.9517,28.54557,1194.65529,-1.36202,58.74383,9.42647240141524,3.511608994943252,0.0
29.0213,34.96735,28.50311,1189.74048,-1.3593,58.75763,9.405069543022053,3.503635867048694,0.0
29.02957,34.98294,28.46088,1184.83727,-1.35832,58.77141,9.383272092463926,3.4955157431903503,0.0
29.03779,34.99846,28.41883,1179.94631,-1.35911,58.78516,9.361165443729357,3.4872804348757898,0.0
29.04599,35.01393,28.37691,1175.06821,-1.3617,58.79889,9.338834388557157,3.47896152925872,0.0
29.05414,35.02934,28.33504,1170.20352,-1.36612,58.81259,9.31636280816355,3.4705902742992363,0.0
29.06226,35.04468,28.29319,1165.35278,-1.3724,58.82627,9.293833382427295,3.462197470427614,0.0
29.07034,35.05997,28.25129,1160.51647,-1.38054,58.83992,9.271327317191469,3.4538133689570536,0.0
29.07838,35.07519,28.20929,1155.69502,-1.39056,58.85355,9.248924090038537,3.4454675773782037,0.0
29.08639,35.09036,28.16714,1150.88884,-1.40245,58.86715,9.226701214814605,3.437188971638252,0.0
29.09436,35.10546,28.12477,1146.09829,-1.41623,58.88073,9.20473402487514,3.429005615394247,0.0
29.1023,35.12051,28.08214,1141.32368,-1.43187,58.89428,9.183095474904604,3.420944686185708,0.0
29.11019,35.1355,28.03919,1136.56527,-1.44937,58.90781,9.161855960980496,3.4130324084037316,0.0
29.11806,35.15042,27.99588,1131.82331,-1.4687,58.92132,9.141083158457839,3.405293992898713,0.0
29.12588,35.16529,27.95215,1127.09796,-1.48984,58.9348,9.120841877043944,3.39775358299187,0.0
29.13367,35.1801,27.90795,1122.38939,-1.51277,58.94826,9.101193932434075,3.390434206656159,0.0
29.14143,35.19485,27.86324,1117.69768,-1.53744,58.96169,9.082198033722289,3.3833577345738424,0.0
29.14915,35.20954,27.81797,1113.0229,-1.56382,58.9751,9.06390968577259,3.3765448437671846,0.0
29.15683,35.22418,27.7721,1108.36507,-1.59186,58.98849,9.046381105694774,3.3700149864834996,0.0
29.16448,35.23875,27.72559,1103.72417,-1.62152,59.00186,9.029661152505266,3.3637863639919625,0.0
29.1721,35.25327,27.67839,1099.10014,-1.65273,59.01521,9.013795269089227,3.357875904962971,0.0
29.17968,35.26773,27.63048,1094.49287,-1.68545,59.02853,8.998825435546564,3.352299248088303,0.0
29.18722,35.28213,27.58181,1089.90224,-1.71961,59.04183,8.98479013302429,3.3470707286077217,0.0
29.19473,35.29648,27.53235,1085.32806,-1.75514,59.05511,8.971724317186137,3.342203368425704,0.0
29.20221,35.31076,27.48207,1080.77013,-1.79198,59.06837,8.95965940047123,3.337708869502337,0.0
29.20965,35.32499,27.43095,1076.22821,-1.83005,59.08161,8.94862324238277,3.33359761023559,0.0
29.21705,35.33916,27.37896,1071.70202,-1.86928,59.09482,8.938640147065353,3.3298786445588062,0.0
29.22443,35.35328,27.32607,1067.19126,-1.90959,59.10802,8.92973086750498,3.326559703505313,0.0
29.23177,35.36734,27.27227,1062.69557,-1.9509,59.12119,8.921912615772543,3.323647199024397,0.0
29.23907,35.38134,27.21753,1058.21459,-1.99313,59.13435,8.915199078767106,3.3211462298460828,0.0
29.24634,35.39529,27.16185,1053.74793,-2.03619,59.14748,8.9096004389977,3.3190605892229006,0.0
29.25358,35.40918,27.10521,1049.29516,-2.08,59.16059,8.90512340006054,3.3173927744208247,0.0
29.26078,35.42301,27.04759,1044.85583,-2.12447,59.17369,8.901771216481517,3.3161439978363805,0.0
29.26795,35.43679,26.989,1040.42948,-2.16951,59.18676,8.899543727707211,3.315314199659194,0.0
29.27509,35.45051,26.92943,1036.0156,-2.21502,59.19981,8.898437396118252,3.314902062032971,0.0
29.2822,35.46418,26.86888,1031.61368,-2.26092,59.21284,8.898445348959928,3.3149050246757477,0.0
29.28927,35.47779,26.80734,1027.2232,-2.30712,59.22586,8.899557424224424,3.315319301972233,0.0
29.2963,35.49134,26.74482,1022.8436,-2.35353,59.23885,8.901760220505754,3.316139901546087,0.0
29.30331,35.50484,26.68133,1018.47431,-2.40005,59.25182,8.905037151014856,3.3173606443819583,0.0
29.31028,35.51829,26.61688,1014.11476,-2.44659,59.26477,8.909368501876559,3.318974186542642,0.0
29.31722,35.53168,26.55146,1009.76437,-2.49307,59.27771,8.914731495005057,3.32097204259185,0.0
29.32413,35.54501,26.48511,1005.42253,-2.53939,59.29062,8.921100355792861,3.3233446108101194,0.0
29.331,35.55829,26.41783,1001.08864,-2.58547,59.30351,8.928446385962499,3.326081200333996,0.0
29.33785,35.57151,26.34964,996.76209,-2.63123,59.31638,8.936738041927155,3.3291700603474292,0.0
