0.04907,0.04907,56.79527,5189.26852,-0.52634,45.00011,3.345969437229678,1.2464616531224244,0.0
0.09812,0.09812,56.72201,5187.52608,-0.55222,45.00027,3.378351553878062,1.2585248435987146,0.0
0.14715,0.14716,56.6453,5185.77149,-0.5776,45.00049,3.412688739578707,1.2713163487379355,0.0
0.19617,0.19618,56.56521,5184.0035,-0.60247,45.00076,3.4489977534990133,1.2848424117709023,0.0
0.24517,0.24518,56.4818,5182.22088,-0.62677,45.0011,3.4872950306957886,1.2991091551887095,0.0
0.29416,0.29417,56.39517,5180.42238,-0.65049,45.00148,3.527596468856018,1.314122501298052,0.0
0.34313,0.34314,56.30539,5178.6067,-0.67358,45.00193,3.5699171970615886,1.3298880860800024,0.0
0.39208,0.39209,56.21256,5176.77257,-0.69602,45.00243,3.6142713258741073,1.3464111660900315,0.0
0.44101,0.44103,56.11677,5174.91867,-0.71777,45.00298,3.6606716781116475,1.3636965181652592,0.0
0.48993,0.48996,56.01811,5173.04367,-0.73879,45.0036,3.709129499762243,1.3817483317321286,0.0
0.53883,0.53886,55.9167,5171.14624,-0.75906,45.00426,3.759654150616219,1.4005700935588064,0.0
0.58771,0.58775,55.81264,5169.22503,-0.77853,45.00499,3.8122527743132197,1.4201644648390208,0.0
0.63657,0.63663,55.70603,5167.27866,-0.79718,45.00576,3.8669299477071037,1.440533150571258,0.0
0.68541,0.68549,55.597,5165.30577,-0.81497,45.0066,3.9236873096160783,1.4616767612584203,0.0
0.73424,0.73432,55.48567,5163.30498,-0.83186,45.00749,3.982523169296937,1.483594667054177,0.0
0.78304,0.78315,55.37216,5161.27488,-0.84783,45.00843,4.0434320952343175,1.5062848445761448,0.0
0.83183,0.83195,55.2566,5159.21409,-0.86283,45.00942,4.106404485177492,1.5297437167332761,0.0
0.88059,0.88074,55.13913,5157.12122,-0.87683,45.01048,4.1714261186628905,1.5539659860287283,0.0
0.92934,0.92951,55.01989,5154.99486,-0.88981,45.01158,4.238477693712709,1.578944461967904,0.0
0.97806,0.97826,54.89902,5152.83362,-0.90172,45.01274,4.307534349793593,1.6046698833480086,0.0
1.02677,1.027,54.77666,5150.63612,-0.91253,45.01395,4.378565179605891,1.631130736386702,0.0
1.07545,1.07571,54.65298,5148.40099,-0.92221,45.01522,4.451532732787659,1.6583130698387822,0.0
1.12411,1.12441,54.52813,5146.12686,-0.93074,45.01654,4.5263925151604045,1.6862003084520474,0.0
1.17275,1.17309,54.40226,5143.8124,-0.93807,45.01791,4.603092487734992,1.7147730663338174,0.0
1.22137,1.22175,54.27554,5141.45629,-0.94417,45.01933,4.681572570257021,1.7440089620085206,0.0
1.26996,1.27039,54.14815,5139.05723,-0.94903,45.02081,4.761764154735507,1.7738824371943311,0.0
1.31853,1.31901,54.02025,5136.61398,-0.95261,45.02233,4.843589634986149,1.804364581545654,0.0
1.36708,1.36761,53.89201,5134.12532,-0.95488,45.02391,4.926961958834375,1.8354229658369827,0.0
1.4156,1.41619,53.76363,5131.59008,-0.95582,45.02555,5.011784210240339,1.8670214862934578,0.0
1.4641,1.46475,53.63527,5129.00714,-0.95541,45.02723,5.097949229136678,1.899120222970437,0.0
1.51258,1.51328,53.50712,5126.37543,-0.95362,45.02896,5.185339277288404,1.9316753152775072,0.0
1.56102,1.5618,53.37937,5123.69397,-0.95044,45.03075,5.273825758908839,1.964638857900573,0.0
1.60945,1.61029,53.25221,5120.9618,-0.94584,45.03258,5.363269005092271,1.997958820497345,0.0
1.65784,1.65877,53.12584,5118.17809,-0.93982,45.03447,5.453518131342727,2.0315789946230645,0.0
1.70621,1.70721,53.00043,5115.34207,-0.93236,45.0364,5.544410977548253,2.0654389713693395,0.0
1.75455,1.75564,52.87619,5112.45306,-0.92345,45.03839,5.635774139657779,2.09947415316461,0.0
1.80286,1.80404,52.75331,5109.51048,-0.91308,45.04042,5.727423102042344,2.133615803082191,0.0
1.85114,1.85242,52.63199,5106.51385,-0.90125,45.0425,5.819162479036455,2.167791134820779,0.0
1.8994,1.90077,52.51241,5103.46282,-0.88797,45.04463,5.910786373452538,2.2019234462605217,0.0
1.94762,1.9491,52.39478,5100.35714,-0.87323,45.04681,6.0020788588999885,2.2359322991395545,0.0
1.99582,1.9974,52.27928,5097.19668,-0.85703,45.04904,6.092814591566024,2.2697337469584635,0.0
2.04398,2.04568,52.16612,5093.98146,-0.8394,45.05131,6.182759555665957,2.303240612680124,0.0
2.09211,2.09393,52.05547,5090.71163,-0.82035,45.05363,6.271671945057808,2.3363628171543507,0.0
2.14021,2.14216,51.94752,5087.38747,-0.79989,45.056,6.359303181631746,2.369007758494744,0.0
2.18828,2.19035,51.84247,5084.00941,-0.77805,45.05842,6.445399068892552,2.4010807418185247,0.0
2.23631,2.23852,51.74047,5080.57805,-0.75486,45.06088,6.529701076875279,2.4324854579114157,0.0
2.28431,2.28667,51.64172,5077.09411,-0.73034,45.06339,6.6119477520094145,2.463124508439145,0.0
2.33227,2.33478,51.54638,5073.55849,-0.70454,45.06594,6.691876243003909,2.492899974379762,0.0
2.38021,2.38286,51.45462,5069.97224,-0.67749,45.06854,6.769223931198011,2.521714023372225,0.0
2.4281,2.43092,51.36659,5066.33655,-0.64925,45.07118,6.843730151196928,2.5494695506984533,0.0
2.47596,2.47894,51.28245,5062.6528,-0.61985,45.07387,6.915137985122059,2.576070847688752,0.0
2.52378,2.52693,51.20233,5058.9225,-0.58935,45.07661,6.983196111435695,2.601424290457658,0.0
2.57157,2.5749,51.12638,5055.14731,-0.55782,45.07938,7.047660687179955,2.6254390410874646,0.0
2.61929,2.62286,51.05337,5051.33141,-0.54588,45.14953,7.109664437527775,2.6485370695088846,33.99999942002253
2.66691,2.67084,50.98204,5047.4781,-0.53317,45.22037,7.170397016042808,2.6711615529760477,33.99999942002253
2.71444,2.71885,50.91249,5043.58793,-0.5197,45.29188,7.229720126293966,2.6932609724295755,33.99999942002253
2.76188,2.76689,50.84483,5039.66153,-0.5055,45.36405,7.287493412628714,2.714783041695918,33.99999942002253
2.80922,2.81495,50.77914,5035.69964,-0.49059,45.43686,7.343577798647095,2.7356759511567734,33.99999942002253
2.85645,2.86303,50.71551,5031.70305,-0.47499,45.51031,7.397836157824171,2.7558886175735844,33.99999942002253
2.90359,2.91114,50.65403,5027.67266,-0.45872,45.58437,7.450133999857187,2.7753709397699224,33.99999942002253
2.95063,2.95928,50.59478,5023.60943,-0.44183,45.65902,7.500340167196709,2.794074058107661,33.99999942002253
2.99757,3.00744,50.53784,5019.51441,-0.42433,45.73425,7.548327535785983,2.8119506155308227,33.99999942002253
3.04441,3.05562,50.48328,5015.38872,-0.40627,45.81004,7.593973713703089,2.828955017828168,33.99999942002253
3.09115,3.10383,50.43117,5011.23357,-0.38766,45.88636,7.637161731200541,2.8450436906910994,33.99999942002253
3.13778,3.15207,50.38158,5007.05023,-0.36856,45.96319,7.677780715426647,2.8601753310651206,33.99999942002253
3.18431,3.20033,50.33457,5002.84004,-0.34899,46.04051,7.715726543063143,2.8743111502745298,33.99999942002253
3.23074,3.24861,50.29018,4998.60442,-0.32899,46.11829,7.7509024641855895,2.8874151064268276,33.99999942002253
3.27706,3.29692,50.24848,4994.34482,-0.30861,46.1965,7.783219690724424,2.89945412362995,33.99999942002253
3.32328,3.34526,50.20949,4990.06278,-0.28788,46.27512,7.812597943236653,2.9103982956790992,33.99999942002253
3.36939,3.39362,50.17327,4985.75987,-0.26685,46.35412,7.838965949977067,2.920221071973916,33.99999942002253
3.41539,3.442,50.13984,4981.43774,-0.24556,46.43348,7.862261892738632,2.9288994236057433,33.99999942002253
3.46129,3.49041,50.10923,4977.09804,-0.22406,46.51315,7.882433794488294,2.93641398776217,33.99999942002253
3.50708,3.53884,50.08146,4972.74248,-0.20238,46.59312,7.899439844431035,2.9427491888219452,33.99999942002253
3.55276,3.5873,50.05654,4968.37282,-0.18058,46.67335,7.913248656880926,2.947893334791252,33.99999942002253
3.59834,3.63578,50.03448,4963.9908,-0.1587,46.75382,7.92383946103842,2.951838688000747,33.99999942002253
3.6438,3.68428,50.01529,4959.59823,-0.13678,46.83448,7.931202219649826,2.954581509309334,33.99999942002253
3.68916,3.73281,49.99896,4955.1969,-0.11488,46.91532,7.9353376753560525,2.9561220753702915,33.99999942002253
3.73441,3.78136,49.98548,4950.78862,-0.09304,46.99629,7.936257324417664,2.956464668843165,33.99999942002253
3.77956,3.82994,49.97483,4946.37521,-0.0713,47.07737,7.933983318384113,2.9556175417629675,33.99999942002253
3.82459,3.87853,49.967,4941.95847,-0.04971,47.15853,7.92854829514904,2.9535928526038346,33.99999942002253
3.86951,3.92716,49.96196,4937.54019,-0.02833,47.23974,7.9199951416650025,2.950406577884019,33.99999942002253
3.91433,3.9758,49.95967,4933.12218,-0.00718,47.32096,7.908376691371987,2.9460783994500446,33.99999942002253
3.95903,4.02447,49.96009,4928.70618,0.01368,47.40218,7.893755360144655,2.940631568857486,33.99999942002253
4.00363,4.07316,49.96318,4924.29394,0.03421,47.48334,7.876202725222435,2.934092750511339,33.99999942002253
4.04812,4.12187,49.9689,4919.88715,0.05438,47.56444,7.855799052146152,2.9264918454374746,33.99999942002253
4.0925,4.1706,49.97717,4915.48749,0.07412,47.64544,7.832632775237368,2.917861797747522,33.99999942002253
4.13677,4.21936,49.98795,4911.09658,0.09342,47.72632,7.80679993753628,2.908238386001,33.99999942002253
4.18093,4.26813,50.00117,4906.71601,0.11223,47.80704,7.778403596421836,2.8976600017831675,33.99999942002253
4.22499,4.31693,50.01676,4902.3473,0.13051,47.88759,7.747553201297638,2.886167417876656,33.99999942002253
4.26894,4.36575,50.03465,4897.99193,0.14823,47.96794,7.714363949862098,2.8738035484551547,33.99999942002253
4.31278,4.41459,50.05475,4893.65133,0.16535,48.04806,7.67895612943069,2.8606132037086307,33.99999942002253
4.35651,4.46345,50.07699,4889.32684,0.18184,48.12794,7.641454449715891,2.846642841286289,33.99999942002253
4.40014,4.51234,50.10127,4885.01978,0.19767,48.20756,7.601987373249267,2.8319403168611927,33.99999942002253
4.44366,4.56124,50.12752,4880.73137,0.21282,48.28688,7.560686449382595,2.816554636028148,33.99999942002253
4.48707,4.61016,50.15563,4876.46277,0.22726,48.36591,7.517685657476227,2.8005357096240973,33.99999942002253
4.53038,4.6591,50.18551,4872.21509,0.24095,48.44461,7.47312076446436,2.783934114404272,33.99999942002253
4.57359,4.70806,50.21706,4867.98935,0.25389,48.52297,7.427128701573799,2.766800860853533,33.99999942002253
4.61669,4.75704,50.25019,4863.78649,0.26605,48.60099,7.379846964451051,2.749187169717933,33.99999942002253
4.65969,4.80604,50.28478,4859.60741,0.27741,48.67864,7.331413040490238,2.731144258669294,33.99999942002253
4.70258,4.85506,50.32074,4855.45291,0.28795,48.75591,7.281963866576014,2.712723140300175,33.99999942002253
4.74537,4.9041,50.35795,4851.32374,0.29766,48.8328,7.231635319983204,2.6939744324705948,33.99999942002253
4.78806,4.95315,50.39631,4847.22055,0.30653,48.9093,7.180561744570206,2.6749481818026073,33.99999942002253
4.83065,5.00223,50.43571,4843.14394,0.31454,48.98539,7.128875513953371,2.655693700951261,33.99999942002253
4.87314,5.05132,50.47604,4839.09444,0.3217,49.06106,7.076706632787284,2.6362594200710188,33.99999942002253
4.91552,5.10043,50.51718,4835.07249,0.32798,49.13633,7.0241823768502964,2.6166927527381434,33.99999942002253
4.95781,5.14956,50.55903,4831.07849,0.33339,49.21117,6.971426972134618,2.597039976403315,33.99999942002253
5.0,5.1987,50.60148,4827.11274,0.33792,49.2856,6.918561312770912,2.577346127311121,33.99999942002253
5.04209,5.24786,50.6444,4823.17551,0.34157,49.3596,6.865702717207643,2.557654909670451,33.99999942002253
5.08408,5.29704,50.6877,4819.26697,0.34435,49.43317,6.812964721751012,2.538008618742682,33.99999942002253
5.12598,5.34624,50.73126,4815.38725,0.34625,49.50632,6.760456910251885,2.518448077395589,33.99999942002253
5.16778,5.39545,50.77496,4811.53641,0.34727,49.57905,6.708284778495107,2.4990125855847864,33.99999942002253
5.20948,5.44468,50.81871,4807.71446,0.34743,49.65136,6.6565496316251025,2.4797398821420704,33.99999942002253
5.25109,5.49393,50.86239,4803.92135,0.34673,49.72326,6.60534851272542,2.4606661181694207,33.99999942002253
5.29261,5.54319,50.90589,4800.15696,0.34517,49.79474,6.5547741606267,2.441825841321358,33.99999942002253
5.33403,5.59247,50.94911,4796.42114,0.34277,49.86582,6.504914994798868,2.4232519901768836,33.99999942002253
5.37536,5.64177,50.99194,4792.71367,0.33954,49.9365,6.4558551252175524,2.4049758979149862,33.99999942002253
5.41659,5.69108,51.03428,4789.0343,0.33549,50.00679,6.407674384992149,2.3870273044694525,33.99999942002253
5.45774,5.74041,51.07603,4785.38272,0.33062,50.07669,6.360448383559453,2.3694343763448913,33.99999942002253
5.49879,5.78975,51.11709,4781.75857,0.32497,50.14622,6.3142485782686295,2.352223733284023,33.99999942002253
5.53975,5.83911,51.15736,4778.16147,0.31854,50.21539,6.269142362182317,2.3354204809758983,33.99999942002253
5.58062,5.88849,51.19675,4774.59098,0.31134,50.2842,6.225193166032816,2.3190482490372637,33.99999942002253
5.6214,5.93788,51.23516,4771.04663,0.3034,50.35267,6.182460572280948,2.3031292335024824,33.99999942002253
5.6621,5.98728,51.27251,4767.5279,0.29474,50.42081,6.141000439344315,2.2876842431018356,33.99999942002253
5.7027,6.03671,51.30871,4764.03425,0.28537,50.48863,6.100865034158287,2.272732748643973,33.99999942002253
5.74322,6.08614,51.34367,4760.56511,0.27531,50.55614,6.06210317129877,2.2582929348428107,33.99999942002253
5.78365,6.13559,51.3773,4757.11987,0.26458,50.62336,6.024760357039296,2.2443817539825797,33.99999942002253
5.82399,6.18506,51.40954,4753.69788,0.25321,50.6903,5.988878936800352,2.2310149808465867,33.99999942002253
5.86425,6.23454,51.4403,4750.29848,0.24122,50.75697,5.954498244568111,2.2182072683796212,33.99999942002253
5.90442,6.28404,51.46952,4746.92098,0.22862,50.8234,5.921654752964622,2.2059722035930487,33.99999942002253
5.9445,6.33355,51.4971,4743.56465,0.21545,50.88958,5.890382222760373,2.1943223632621747,33.99999942002253
5.9845,6.38308,51.52301,4740.22875,0.20172,50.95555,5.860711850735018,2.1832693690082574,33.99999942002253
6.02442,6.43262,51.54715,4736.91252,0.18747,51.02131,5.83267241487807,2.172823941389586,33.99999942002253
6.06425,6.48218,51.56948,4733.61517,0.17271,51.08689,5.806290416017665,2.1629959526619182,33.99999942002253
6.10399,6.53175,51.58994,4730.33588,0.15746,51.15229,5.781590215089883,2.1537944779149187,33.99999942002253
6.14366,6.58134,51.60846,4727.07384,0.14176,51.21754,5.758594165297843,2.145227844304899,33.99999942002253
6.18323,6.63094,51.62501,4723.82819,0.12564,51.28265,5.737322738525623,2.1373036781473242,33.99999942002253
6.22273,6.68055,51.63952,4720.59807,0.10911,51.34764,5.717794645440744,2.130028949658154,33.99999942002253
6.26214,6.73018,51.65196,4717.38261,0.0922,51.41253,5.7000269487805015,2.123410015155979,33.99999942002253
6.30147,6.77983,51.66228,4714.1809,0.07494,51.47732,5.684035169373094,2.11745265655768,33.99999942002253
6.34072,6.82949,51.67045,4710.99203,0.05736,51.54205,5.66983338452979,2.112162118032101,33.99999942002253
6.37989,6.87916,51.67642,4707.81509,0.03948,51.60674,5.6574343184678755,2.1075431396849753,33.99999942002253
6.41897,6.92885,51.68017,4704.64912,0.02133,51.67138,5.646849424469397,2.103599988165219,33.99999942002253
6.45797,6.97856,51.68166,4701.49318,0.00294,51.73602,5.638088958555919,2.100336484110718,33.99999942002253
6.49689,7.02828,51.68088,4698.3463,-0.01567,51.80066,5.631162044454201,2.097756026349749,33.99999942002253
6.53573,7.07801,51.6778,4695.20751,-0.03446,51.86532,5.626076729679922,2.0958616127936454,33.99999942002253
6.57448,7.12776,51.67241,4692.07582,-0.05341,51.93002,5.622840032606291,2.0946558579710923,33.99999942002253
6.61318,7.1775,51.66576,4688.94816,-0.05488,51.93718,5.6205986019767655,2.093820866086005,0.0
6.65185,7.22722,51.65893,4685.82211,-0.05649,51.94438,5.618503273132535,2.0930403009601095,0.0
6.69049,7.27692,51.65189,4682.69761,-0.05823,51.95162,5.616565941978891,2.092318594131126,0.0
6.72909,7.32659,51.64465,4679.5746,-0.06009,51.95889,5.614798376841858,2.091660129610143,0.0
6.76766,7.37624,51.63717,4676.45301,-0.06208,51.96621,5.613212009643515,2.091069166088928,0.0
6.8062,7.42586,51.62944,4673.33277,-0.06418,51.97356,5.611817920461581,2.090549831187963,0.0
6.84471,7.47546,51.62146,4670.2138,-0.0664,51.98096,5.610626822850545,2.090106115988188,0.0
6.88318,7.52503,51.6132,4667.09602,-0.06873,51.98839,5.609649049916275,2.0897418698434187,0.0
6.92163,7.57458,51.60466,4663.97932,-0.07117,51.99586,5.60889454113801,2.089460795471194,0.0
6.96004,7.62411,51.59582,4660.86361,-0.07371,52.00337,5.608372829902784,2.0892664443090236,0.0
6.99842,7.67361,51.58666,4657.74878,-0.07635,52.01092,5.6080930317449,2.0891622121332794,0.0
7.03677,7.72309,51.57719,4654.63472,-0.07909,52.0185,5.608063833272348,2.0891513349339954,0.0
7.07508,7.77255,51.56738,4651.52131,-0.08192,52.02613,5.608293481744546,2.0892368850323044,0.0
7.11336,7.82198,51.55724,4648.40842,-0.08483,52.03379,5.608789775304923,2.0894217674418143,0.0
7.15161,7.87138,51.54673,4645.29592,-0.08782,52.04149,5.609560053826765,2.0897087164584485,0.0
7.18983,7.92077,51.53587,4642.18368,-0.09089,52.04923,5.610611190365344,2.090100292476136,0.0
7.22802,7.97013,51.52464,4639.07156,-0.09403,52.05701,5.611949583194773,2.0905988790203325,0.0
7.26617,8.01946,51.51303,4635.95941,-0.09723,52.06483,5.613581148398853,2.0912066799879168,0.0
7.3043,8.06878,51.50104,4632.84708,-0.10049,52.07269,5.615511313025602,2.0919257170970678,0.0
7.34239,8.11807,51.48865,4629.73443,-0.10381,52.08058,5.617745008756196,2.0927578275287866,0.0
7.38044,8.16733,51.47587,4626.62128,-0.10717,52.08851,5.620286666103371,2.0937046617656385,0.0
7.41847,8.21658,51.46269,4623.50748,-0.11058,52.09648,5.62314020910678,2.0947676816156444,0.0
7.45646,8.26579,51.4491,4620.39287,-0.11402,52.10449,5.6263090505206845,2.0959481584195587,0.0
7.49442,8.31499,51.4351,4617.27728,-0.1175,52.11254,5.629796087486673,2.0972471714388536,0.0
7.53235,8.36416,51.42069,4614.16052,-0.12099,52.12062,5.63360369768167,2.098665606420744,0.0
7.57025,8.41331,51.40587,4611.04244,-0.12451,52.12875,5.637733735939867,2.100204154339769,0.0
7.60811,8.46244,51.39063,4607.92285,-0.12804,52.13691,5.642187531335295,2.101863310310976,0.0
7.64594,8.51154,51.37498,4604.80158,-0.13158,52.1451,5.646965884741142,2.1036433726806987,0.0
7.68374,8.56062,51.35891,4601.67844,-0.13512,52.15334,5.652069066852889,2.105544442290126,0.0
7.7215,8.60967,51.34242,4598.55326,-0.13865,52.16161,5.657496816692087,2.1075664219179213,0.0
7.75924,8.6587,51.32552,4595.42584,-0.14217,52.16992,5.663248340584246,2.109709015899452,0.0
7.79694,8.70771,51.30821,4592.29601,-0.14568,52.17827,5.669322311631311,2.1119717299302803,0.0
7.8346,8.7567,51.29049,4589.16358,-0.14916,52.18666,5.675716869688313,2.1143538710574616,0.0
7.87224,8.80566,51.27237,4586.02836,-0.15261,52.19508,5.682429621852697,2.116854547861834,0.0
7.90984,8.8546,51.25385,4582.89018,-0.15603,52.20354,5.689457643488916,2.1194726708397043,0.0
7.94741,8.90351,51.23493,4579.74883,-0.15941,52.21204,5.6967974797993595,2.1222069529880607,0.0
7.98495,8.95241,51.21563,4576.60415,-0.16274,52.22057,5.7044451479741705,2.1250559106054383,0.0
8.02245,9.00127,51.19594,4573.45595,-0.16601,52.22914,5.712396139929436,2.1280178643119636,0.0
8.05992,9.05012,51.17588,4570.30405,-0.16923,52.23775,5.720645425663115,2.1310909402995297,0.0
8.09736,9.09894,51.15544,4567.14826,-0.17239,52.2464,5.729187457254122,2.1342730718215575,0.0
8.13476,9.14774,51.13465,4563.9884,-0.17547,52.25508,5.738016173534673,2.1375620009335687,0.0
8.17214,9.19652,51.11351,4560.82431,-0.17848,52.2638,5.747125005457157,2.140955280492486,0.0
8.20947,9.24527,51.09203,4557.6558,-0.18142,52.27255,5.7565068821902,2.144450276427578,0.0
8.24678,9.294,51.07023,4554.4827,-0.18426,52.28134,5.766154237970735,2.148044170293035,0.0
8.28405,9.3427,51.0481,4551.30485,-0.18702,52.29017,5.776059019744509,2.151733962114259,0.0
8.32129,9.39138,51.02566,4548.12208,-0.18968,52.29904,5.786212695616752,2.1555164735359598,0.0
8.35849,9.44004,51.00293,4544.93423,-0.19224,52.30794,5.796606264159387,2.159388351289339,0.0
8.39567,9.48868,50.97992,4541.74115,-0.1947,52.31688,5.807230264582259,2.1633460709811327,0.0
8.4328,9.53729,50.95664,4538.54267,-0.19705,52.32585,5.818074787820894,2.167385941224104,0.0
8.46991,9.58588,50.9331,4535.33866,-0.19929,52.33486,5.829129488540204,2.1715041081087283,0.0
8.50698,9.63444,50.90932,4532.12896,-0.20141,52.3439,5.840383598107167,2.175696560035866,0.0
8.54402,9.68298,50.88531,4528.91345,-0.20341,52.35298,5.851825938533259,2.1799591329106813,0.0
8.58102,9.7315,50.86109,4525.69198,-0.20529,52.3621,5.863444937422828,2.184287515711306,0.0
8.61799,9.77999,50.83667,4522.46444,-0.20704,52.37125,5.875228643937442,2.1886772564359775,0.0
8.65492,9.82846,50.81206,4519.23069,-0.20866,52.38044,5.8871647457934895,2.1931237684350964,0.0
8.69183,9.87691,50.7873,4515.99063,-0.21015,52.38967,5.8992405873023355,2.1976223371316546,0.0
8.72869,9.92533,50.76238,4512.74414,-0.2115,52.39892,5.91144318847324,2.202168127137577,0.0
8.76553,9.97373,50.73733,4509.49113,-0.21272,52.40822,5.923759265155479,2.206756189757191,0.0
8.80233,10.0221,50.71216,4506.2315,-0.2138,52.41755,5.936175250253575,2.211381470890461,0.0
8.83909,10.07045,50.68689,4502.96516,-0.21473,52.42691,5.9486773159804285,2.216038819322861,0.0
8.87582,10.11878,50.66153,4499.69203,-0.21552,52.43631,5.961251397152865,2.2207229954035803,0.0
8.91252,10.16708,50.63612,4496.41204,-0.21617,52.44575,5.973883215508435,2.2254286801041743,0.0
8.94918,10.21536,50.61065,4493.12513,-0.21667,52.45522,5.986558305020596,2.23015048444913,0.0
8.9858,10.26361,50.58515,4489.83123,-0.21703,52.46472,5.999262038190908,2.2348829593104087,0.0
9.0224,10.31184,50.55963,4486.5303,-0.21724,52.47426,6.01197965327212,2.2396206055487515,0.0
9.05895,10.36004,50.53412,4483.2223,-0.2173,52.48383,6.024696282392781,2.2443578844908467,0.0
9.09548,10.40823,50.50863,4479.9072,-0.21722,52.49344,6.037396980525525,2.2490892287207744,0.0
9.13196,10.45638,50.48317,4476.58497,-0.21699,52.50308,6.050066755264078,2.2538090531727217,0.0
9.16842,10.50451,50.45777,4473.25559,-0.21661,52.51276,6.062690597326393,2.258511766494209,0.0
9.20483,10.55262,50.43245,4469.91906,-0.21609,52.52247,6.075253511733236,2.2631917826609302,0.0
9.24122,10.60071,50.40721,4466.57539,-0.21542,52.53221,6.087740549590169,2.2678435328163777,0.0
9.27756,10.64876,50.38207,4463.22457,-0.21461,52.54199,6.100136840381896,2.2724614773023366,0.0
9.31388,10.6968,50.35706,4459.86664,-0.21367,52.5518,6.112427624710195,2.2770401178546265,0.0
9.35015,10.74481,50.33218,4456.50161,-0.21258,52.56164,6.124598287372139,2.2815740099256083,0.0
9.38639,10.79279,50.30746,4453.12953,-0.21136,52.57152,6.136634390692783,2.2860577751014857,0.0
9.4226,10.84075,50.2829,4449.75043,-0.21001,52.58144,6.148521708009171,2.290486113575983,0.0
9.45877,10.88869,50.25853,4446.36438,-0.20852,52.59138,6.160246257193987,2.2948538166387826,0.0
9.49491,10.9366,50.23436,4442.97144,-0.20691,52.60136,6.1717943341199355,2.299155779141889,0.0
9.531,10.98448,50.21041,4439.57167,-0.20517,52.61137,6.1831525459459975,2.3033870118996367,0.0
9.56707,11.03234,50.18667,4436.16516,-0.20332,52.62142,6.194307844110544,2.30754265397949,0.0
9.6031,11.08018,50.16318,4432.75199,-0.20135,52.6315,6.20524755691543,2.3116179848404768,0.0
9.63909,11.12798,50.13995,4429.33226,-0.19927,52.64161,6.215959421577141,2.3156084362730867,0.0
9.67504,11.17577,50.11697,4425.90606,-0.19708,52.65175,6.226431615627512,2.3195096040968584,0.0
9.71096,11.22353,50.09428,4422.47352,-0.19479,52.66193,6.236652787542446,2.32331725957039,0.0
9.74684,11.27126,50.07187,4419.03475,-0.1924,52.67214,6.246612086478418,2.327027360468965,0.0
9.78269,11.31897,50.04977,4415.58987,-0.18991,52.68238,6.25629919099072,2.3306360617828576,0.0
9.8185,11.36665,50.02797,4412.13902,-0.18735,52.69266,6.265704336629513,2.334139725997583,0.0
9.85428,11.41431,50.00649,4408.68234,-0.1847,52.70297,6.274818342280455,2.3375349329064803,0.0
9.89001,11.46194,49.98534,4405.21996,-0.18197,52.7133,6.283632635158074,2.3408184889213963,0.0
9.92572,11.50955,49.96452,4401.75205,-0.17917,52.72368,6.292139274330735,2.3439874358363597,0.0
9.96138,11.55713,49.94404,4398.27875,-0.17632,52.73408,6.300330972679095,2.3470390590076793,0.0
9.99701,11.60469,49.92392,4394.80024,-0.1734,52.74452,6.308201117193631,2.349970894915309,0.0
10.0326,11.65221,49.90414,4391.31667,-0.17043,52.75498,6.315743787522672,2.3527807380724775,0.0
10.06816,11.69972,49.88473,4387.82823,-0.16742,52.76548,6.322953772683224,2.3554666472509096,0.0
10.10368,11.7472,49.86568,4384.33508,-0.16436,52.77601,6.329826585865678,2.358026950995972,0.0
10.13916,11.79465,49.847,4380.83741,-0.16128,52.78658,6.336358477257177,2.360460252403711,0.0
10.1746,11.84207,49.82869,4377.33541,-0.15817,52.79717,6.342546444839292,2.3627654331432755,0.0
10.21001,11.88948,49.81075,4373.82925,-0.15505,52.8078,6.34838824309135,2.3649416566991293,0.0
10.24538,11.93685,49.79318,4370.31914,-0.15191,52.81845,6.353882389584275,2.3669883708274386,0.0
10.28071,11.9842,49.77599,4366.80525,-0.14876,52.82914,6.359028169411958,2.3689053092068657,0.0
10.31601,12.03152,49.75917,4363.2878,-0.14562,52.83986,6.363825637459488,2.370692492283552,0.0
10.35127,12.07882,49.74272,4359.76696,-0.14249,52.85061,6.368275618478953,2.372350227299351,0.0
10.38649,12.12609,49.72664,4356.24295,-0.13938,52.8614,6.37237970500121,2.3738791075139063,0.0
10.42168,12.17333,49.71093,4352.71595,-0.13628,52.87221,6.376140253060618,2.3752800106120104,0.0
10.45683,12.22055,49.69558,4349.18617,-0.13322,52.88305,6.3795603757860375,2.3765540963160747,0.0
10.49194,12.26774,49.68059,4345.6538,-0.13019,52.89393,6.382643934861889,2.3777028032051506,0.0
10.52701,12.31491,49.66595,4342.11904,-0.12721,52.90484,6.385395529917662,2.3787278447622495,0.0
10.56205,12.36205,49.65166,4338.58208,-0.12427,52.91577,6.387820485881733,2.3796312046632977,0.0
10.59705,12.40916,49.63772,4335.04312,-0.12139,52.92674,6.389924838377788,2.3804151313369246,0.0
10.63201,12.45625,49.62411,4331.50236,-0.11858,52.93774,6.391715317202938,2.381082131809626,0.0
10.66694,12.50331,49.61082,4327.95997,-0.11583,52.94877,6.39319932798198,2.381634964871493,0.0
10.70182,12.55035,49.59786,4324.41616,-0.11316,52.95982,6.394384932075529,2.382076633591461,0.0
10.73667,12.59736,49.5852,4320.87109,-0.11056,52.97091,6.395280824826386,2.382410377213512,0.0
10.77148,12.64434,49.57284,4317.32496,-0.10806,52.98203,6.3958963122355215,2.382639662467863,0.0
10.80626,12.6913,49.56077,4313.77794,-0.10564,52.99318,6.3962412861869415,2.3827681743415785,0.0
10.841,12.73823,49.54897,4310.2302,-0.10332,53.00436,6.396326198285841,2.3827998063325904,0.0
10.8757,12.78513,49.53743,4306.68194,-0.10142,53.00667,6.396177934384965,2.3827445741284556,-3.999999931767356
10.91037,12.832,49.5261,4303.13336,-0.09962,53.00901,6.395823830647007,2.3826126611690364,-3.999999931767356
10.94501,12.87884,49.51498,4299.58459,-0.09794,53.01136,6.395275796992058,2.3824085042129344,-3.999999931767356
10.97963,12.92564,49.50405,4296.03577,-0.09637,53.01374,6.39454609765025,2.3821366720085653,-3.999999931767356
11.01421,12.97242,49.49329,4292.48702,-0.09492,53.01614,6.393647339128647,2.3818018608115086,-3.999999931767356
11.04876,13.01916,49.48271,4288.93846,-0.0936,53.01856,6.392592439708493,2.3814088830214275,-3.999999931767356
11.08328,13.06588,49.47227,4285.39022,-0.0924,53.021,6.391394598538099,2.380962655668357,-3.999999931767356
11.11777,13.11256,49.46197,4281.84239,-0.09133,53.02347,6.3900672644627186,2.3804681888010166,-3.999999931767356
11.15223,13.1592,49.45179,4278.29508,-0.09039,53.02596,6.3886241046363015,2.3799305737938563,-3.999999931767356
11.18666,13.20582,49.44172,4274.74839,-0.08958,53.02848,6.3870789730564415,2.3793549716255,-3.999999931767356
11.22106,13.25241,49.43173,4271.2024,-0.08891,53.03102,6.3854458790894375,2.3787466011535026,-3.999999931767356
11.25543,13.29896,49.42183,4267.6572,-0.08838,53.03358,6.383738956086402,2.3781107274230244,-3.999999931767356
11.28976,13.34548,49.41198,4264.11284,-0.08799,53.03616,6.381972430160261,2.3774526500354427,-3.999999931767356
11.32407,13.39198,49.40218,4260.56941,-0.08773,53.03877,6.380160589230289,2.376777691616624,-3.999999931767356
11.35835,13.43844,49.3924,4257.02695,-0.08762,53.0414,6.378317752385438,2.3760911864039618,-3.999999931767356
11.39259,13.48487,49.38264,4253.48551,-0.08765,53.04406,6.376458239637642,2.375398468978682,-3.999999931767356
11.42681,13.53126,49.37288,4249.94514,-0.08782,53.04674,6.374596342156781,2.37470486317759,-3.999999931767356
11.46099,13.57763,49.36309,4246.40587,-0.08813,53.04944,6.3727462930238215,2.374015671197841,-3.999999931767356
11.49515,13.62396,49.35328,4242.86773,-0.08859,53.05217,6.370922238557463,2.3733361629153604,-3.999999931767356
11.52927,13.67027,49.34341,4239.33072,-0.08919,53.05492,6.369138210294781,2.372671565446903,-3.999999931767356
11.56337,13.71654,49.33347,4235.79487,-0.08992,53.05769,6.367408097624462,2.3720270529552048,-3.999999931767356
11.59743,13.76278,49.32346,4232.26017,-0.0908,53.06049,6.3657456211641055,2.3714077367313338,-3.999999931767356
11.63146,13.80899,49.31335,4228.72662,-0.09181,53.06331,6.364164306875672,2.3708186555520094,-3.999999931767356
11.66546,13.85517,49.30313,4225.1942,-0.09296,53.06615,6.362677460978999,2.370264766334229,-3.999999931767356
11.69943,13.90132,49.29278,4221.66288,-0.09424,53.06901,6.361298145667062,2.3697509350885624,-3.999999931767356
11.73337,13.94743,49.28229,4218.13265,-0.09566,53.0719,6.360039155673002,2.3692819281897544,-3.999999931767356
11.76728,13.99352,49.27165,4214.60346,-0.0972,53.0748,6.35891299567154,2.3688624039581576,-3.999999931767356
11.80116,14.03957,49.26083,4211.07527,-0.09888,53.07773,6.357931858558481,2.3684969045682718,-3.999999931767356
11.83501,14.08559,49.24984,4207.54802,-0.10067,53.08068,6.357107604607514,2.3681898482841097,-3.999999931767356
11.86883,14.13159,49.23865,4204.02165,-0.10259,53.08366,6.3564517415012425,2.367945522020227,-3.999999931767356
11.90261,14.17755,49.22725,4200.4961,-0.10462,53.08665,6.355975405260098,2.3677680742372393,-3.999999931767356
11.93637,14.22348,49.21564,4196.9713,-0.10677,53.08966,6.355689342052103,2.367661508165485,-3.999999931767356
11.9701,14.26938,49.20379,4193.44715,-0.10903,53.0927,6.355603890888768,2.3676296753587875,-3.999999931767356
12.00379,14.31525,49.19169,4189.92358,-0.11139,53.09575,6.355728967206372,2.367676269578051,-3.999999931767356
12.03746,14.36108,49.17935,4186.40049,-0.11386,53.09882,6.356074047318329,2.367804820999359,-3.999999931767356
12.07109,14.40689,49.16673,4182.87779,-0.11642,53.10192,6.356648153740504,2.3680186907472685,-3.999999931767356
12.10469,14.45267,49.15384,4179.35535,-0.11907,53.10503,6.357459841368367,2.368321065745434,-3.999999931767356
12.13827,14.49841,49.14067,4175.83308,-0.12181,53.10816,6.3585171845132695,2.368714953887283,-3.999999931767356
12.17181,14.54413,49.12721,4172.31085,-0.12463,53.1113,6.359827764768695,2.3692031795158703,-3.999999931767356
12.20532,14.58981,49.11344,4168.78853,-0.12753,53.11447,6.3613986597102565,2.369788379214336,-3.999999931767356
12.2388,14.63546,49.09937,4165.26601,-0.13051,53.11765,6.363236432411671,2.3704729979003227,-3.999999931767356
12.27225,14.68108,49.08498,4161.74315,-0.13354,53.12085,6.365347121766248,2.3712592852204817,-3.999999931767356
12.30567,14.72667,49.07027,4158.21981,-0.13664,53.12406,6.367736233608535,2.3721492922430496,-3.999999931767356
12.33906,14.77223,49.05523,4154.69584,-0.13979,53.12729,6.370408732616658,2.3731448684412566,-3.999999931767356
12.37241,14.81776,49.03985,4151.17111,-0.14299,53.13053,6.373369034997904,2.374247658968514,-3.999999931767356
12.40574,14.86326,49.02414,4147.64546,-0.14624,53.13379,6.376621001948463,2.3754591022219973,-3.999999931767356
12.43903,14.90873,49.00809,4144.11873,-0.14952,53.13706,6.38016793386263,2.3767804276854196,-3.999999931767356
12.4723,14.95416,48.9917,4140.59077,-0.15283,53.14035,6.38401256532246,2.3782126540625486,-3.999999931767356
12.50553,14.99957,48.97496,4137.06143,-0.15617,53.14365,6.388157060824144,2.3797565876851654,-3.999999931767356
12.53874,15.04495,48.95787,4133.53053,-0.15952,53.14696,6.392603011273313,2.3814128212074777,-3.999999931767356
12.57191,15.09029,48.94043,4129.99791,-0.16289,53.15028,6.397351431224498,2.383181732577742,-3.999999931767356
12.60505,15.1356,48.92265,4126.46341,-0.16626,53.15362,6.402402756886074,2.385063484295056,-3.999999931767356
12.63816,15.18089,48.90451,4122.92686,-0.16963,53.15697,6.407756844874126,2.3870580229451392,-3.999999931767356
12.67124,15.22614,48.88603,4119.38808,-0.173,53.16032,6.4134129717408594,2.389165079024652,-3.999999931767356
12.70429,15.27136,48.8672,4115.84691,-0.17635,53.16369,6.419369834276094,2.3913841670535128,-3.999999931767356
12.73731,15.31655,48.84802,4112.30317,-0.17969,53.16706,6.425625550579836,2.393714585974459,-3.999999931767356
12.7703,15.36171,48.82851,4108.7567,-0.183,53.17044,6.432177661939555,2.3961554198523793,-3.999999931767356
12.80325,15.40684,48.80866,4105.20732,-0.18627,53.17384,6.439023135503301,2.398705538870124,-3.999999931767356
12.83618,15.45193,48.78847,4101.65485,-0.18951,53.17723,6.446158367781965,2.4013636006331867,-3.999999931767356
12.86907,15.497,48.76796,4098.09914,-0.19271,53.18064,6.45357918897534,2.4041280517812758,-3.999999931767356
12.90194,15.54203,48.74712,4094.54,-0.19585,53.18405,6.461280868151149,2.4069971299176394,-3.999999931767356
12.93477,15.58704,48.72597,4090.97727,-0.19894,53.18747,6.469258119300011,2.409968865864701,-3.999999931767356
12.96757,15.63201,48.70451,4087.41078,-0.20197,53.19089,6.477505108260417,2.4130410862437914,-3.999999931767356
13.00034,15.67695,48.68275,4083.84037,-0.20493,53.19432,6.486015460568445,2.4162114163993778,-3.999999931767356
13.03308,15.72186,48.66069,4080.26588,-0.20782,53.19775,6.494782270217369,2.4194772836622462,-3.999999931767356
13.06579,15.76674,48.63835,4076.68713,-0.21063,53.20119,6.503798109363921,2.4228359209653414,-3.999999931767356
13.09846,15.81159,48.61574,4073.10399,-0.21336,53.20463,6.513055038996038,2.426284370817782,-3.999999931767356
13.13111,15.85641,48.59285,4069.51628,-0.216,53.20807,6.522544620585071,2.4298194896456162,-3.999999931767356
13.16372,15.90119,48.56972,4065.92387,-0.21855,53.21152,6.532257928724416,2.4334379525000407,-3.999999931767356
13.1963,15.94594,48.54633,4062.3266,-0.22099,53.21497,6.542185564799794,2.437136258149945,-3.999999931767356
13.22885,15.99067,48.52271,4058.72433,-0.22334,53.21841,6.552317671663838,2.4409107345485777,-3.999999931767356
13.26137,16.03536,48.49887,4055.11693,-0.22558,53.22186,6.562643949371835,2.4447575446955248,-3.999999931767356
13.29386,16.08002,48.47482,4051.50426,-0.22771,53.22531,6.57315367195127,2.448672692883808,-3.999999931767356
13.32632,16.12464,48.45057,4047.88619,-0.22972,53.22876,6.583835705242739,2.452652031346092,-3.999999931767356
13.35874,16.16924,48.42614,4044.2626,-0.23162,53.23221,6.594678525790852,2.456691267292042,-3.999999931767356
13.39114,16.2138,48.40153,4040.63338,-0.23339,53.23566,6.605670240810674,2.460785970346354,-3.999999931767356
13.4235,16.25833,48.37676,4036.99841,-0.23504,53.23911,6.616798609202855,2.464931580377436,-3.999999931767356
13.45583,16.30283,48.35185,4033.35759,-0.23656,53.24256,6.628051063631818,2.4691234157221196,-3.999999931767356
13.48813,16.3473,48.32681,4029.71082,-0.23795,53.246,6.639414733641312,2.4733566817968082,-3.999999931767356
13.52039,16.39174,48.30165,4026.05801,-0.23921,53.24945,6.650876469801326,2.4776264800928423,-3.999999931767356
13.55263,16.43614,48.27639,4022.39907,-0.24033,53.25289,6.662422868856183,2.481927817544819,-3.999999931767356
13.58483,16.48051,48.25104,4018.73392,-0.24132,53.25633,6.674040299860077,2.486255616266777,-3.999999931767356
13.617,16.52485,48.22561,4015.0625,-0.24217,53.25976,6.685714931257201,2.4906047236402444,-3.999999931767356
13.64914,16.56916,48.20013,4011.38474,-0.24288,53.26319,6.6974327588717015,2.4949699227412463,-3.999999931767356
13.68125,16.61343,48.17461,4007.70059,-0.24344,53.26662,6.7091796347769925,2.4993459430948737,-3.999999931767356
13.71333,16.65767,48.14905,4004.00999,-0.24387,53.27005,6.720941296977297,2.503727471732445,-3.999999931767356
13.74537,16.70188,48.12348,4000.31291,-0.24416,53.27347,6.732703399857164,2.5081091645347477,-3.999999931767356
13.77738,16.74606,48.09792,3996.60932,-0.2443,53.27689,6.744451545338828,2.512485657838979,-3.999999931767356
13.80936,16.7902,48.07237,3992.89919,-0.24431,53.2803,6.756171314680174,2.5168515802843205,-3.999999931767356
13.84131,16.83431,48.04685,3989.1825,-0.24417,53.28371,6.767848300836982,2.521201564867728,-3.999999931767356
13.87323,16.87839,48.02137,3985.45926,-0.24389,53.28711,6.779468141316345,2.5255302611826944,-3.999999931767356
13.90511,16.92243,47.99596,3981.72945,-0.24348,53.29051,6.791016551432141,2.5298323478077864,-3.999999931767356
13.93696,16.96645,47.97061,3977.99309,-0.24293,53.29391,6.802479357881956,2.5341025448149317,-3.999999931767356
13.96878,17.01042,47.94536,3974.2502,-0.24224,53.2973,6.813842532540135,2.5383356263582226,-3.999999931767356
14.00056,17.05437,47.92021,3970.50079,-0.24142,53.30069,6.825092226382768,2.542526433311863,-3.999999931767356
14.03232,17.09828,47.89518,3966.74492,-0.24047,53.30407,6.8362148034191454,2.546669885910528,-3.999999931767356
14.06404,17.14216,47.87027,3962.98261,-0.2394,53.30745,6.847196874552469,2.5507609963633735,-3.999999931767356
14.09573,17.18601,47.84551,3959.21392,-0.2382,53.31083,6.858025331227579,2.5547948813886943,-3.999999931767356
14.12738,17.22982,47.8209,3955.4389,-0.23687,53.3142,6.8686873787824725,2.558766774638247,-3.999999931767356
14.15901,17.27359,47.79645,3951.65763,-0.23543,53.31756,6.879170569360843,2.5626720389580346,-3.999999931767356
14.1906,17.31734,47.77219,3947.87017,-0.23388,53.32092,6.889462834288597,2.5665061784494116,-3.999999931767356
14.22216,17.36105,47.74811,3944.07661,-0.23221,53.32428,6.899552515785487,2.5702648502825003,-3.999999931767356
14.25368,17.40472,47.72424,3940.27704,-0.23044,53.32764,6.909428397896926,2.5739438762191087,-3.999999931767356
14.28517,17.44837,47.70057,3936.47155,-0.22858,53.33099,6.919079736530934,2.5775392538022794,-3.999999931767356
14.31663,17.49198,47.67713,3932.66024,-0.22661,53.33433,6.928496288472096,2.5810471671647557,-3.999999931767356
14.34806,17.53555,47.65391,3928.84324,-0.22455,53.33768,6.937668339268464,2.5844639974175836,-3.999999931767356
14.37946,17.57909,47.63094,3925.02064,-0.22241,53.34102,6.9465867298791375,2.587786332577039,-3.999999931767356
14.41082,17.6226,47.60821,3921.19259,-0.22019,53.34436,6.9552428819644785,2.591010976985897,-3.999999931767356
14.44214,17.66607,47.58573,3917.3592,-0.21789,53.34769,6.963628821720764,2.594134960192468,-3.999999931767356
14.47344,17.7095,47.56352,3913.52061,-0.21553,53.35102,6.97173720215001,2.5971555452466912,-3.999999931767356
14.5047,17.75291,47.54157,3909.67697,-0.2131,53.35435,6.9795613236948135,2.600070236387158,-3.999999931767356
14.53593,17.79627,47.51989,3905.82841,-0.21062,53.35768,6.987095153111385,2.6028767860718127,-3.999999931767356
14.56713,17.83961,47.4985,3901.97509,-0.20809,53.36101,6.994333340534936,2.605573201335259,-3.999999931767356
14.59829,17.88291,47.47738,3898.11716,-0.20552,53.36434,7.001271234633114,2.60815774943381,-3.999999931767356
14.62942,17.92617,47.45655,3894.25478,-0.2029,53.36766,7.0079048958130885,2.610628962765481,-3.999999931767356
14.66052,17.9694,47.43601,3890.38812,-0.20026,53.37099,7.014231107388203,2.6129856430298553,-3.999999931767356
14.69158,18.01259,47.41576,3886.51734,-0.1976,53.37431,7.020247384683562,2.6152268646201593,-3.999999931767356
14.72261,18.05575,47.3958,3882.6426,-0.19492,53.37764,7.025951982030819,2.617351977229002,-3.999999931767356
14.75361,18.09888,47.37613,3878.76409,-0.19223,53.38096,7.031343897609587,2.6193606076519305,-3.999999931767356
14.78457,18.14197,47.35676,3874.88196,-0.18953,53.38429,7.036422876132009,2.6212526607875004,-3.999999931767356
14.8155,18.18502,47.33768,3870.99641,-0.18684,53.38762,7.04118940935416,2.623028319827789,-3.999999931767356
14.8464,18.22804,47.31889,3867.1076,-0.18417,53.39095,7.045644734403293,2.6246880456352484,-3.999999931767356
14.87726,18.27103,47.30039,3863.21571,-0.18151,53.39428,7.049790829938598,2.6262325753124878,-3.999999931767356
14.90809,18.31398,47.28217,3859.32092,-0.17887,53.39761,7.053630410165425,2.627662919972417,-3.999999931767356
14.93889,18.35689,47.26424,3855.4234,-0.17627,53.40095,7.057166916717556,2.628980361714173,-3.999999931767356
14.96965,18.39977,47.24659,3851.52334,-0.1737,53.40429,7.06040450846095,2.6301864498247536,-3.999999931767356
15.00038,18.44261,47.22921,3847.62091,-0.17118,53.40763,7.063348049251843,2.63128299621858,-3.999999931767356
15.03108,18.48542,47.2121,3843.71628,-0.16872,53.41098,7.066003093711215,2.632272070138121,-3.999999931767356
15.06174,18.52819,47.19525,3839.80963,-0.16631,53.41433,7.068375871075129,2.633155992137708,-3.999999931767356
15.09237,18.57093,47.17866,3835.90113,-0.16396,53.41768,7.070473267197844,2.6339373273792326,-3.999999931767356
15.12296,18.61363,47.16232,3831.99095,-0.16168,53.42104,7.072302804766454,2.634618878261571,-3.999999931767356
15.15353,18.6563,47.14622,3828.07925,-0.15948,53.42441,7.073872621847914,2.6352036764287883,-3.999999931767356
15.18405,18.69893,47.13035,3824.16619,-0.15737,53.42778,7.075191448815774,2.6356949741747417,-3.999999931767356
15.21455,18.74153,47.1147,3820.25195,-0.15534,53.43115,7.0762685837891,2.636096235293433,-3.999999931767356
15.24501,18.78409,47.09927,3816.33666,-0.1534,53.43453,7.077113866655599,2.636411125401934,-3.999999931767356
15.27544,18.82661,47.08405,3812.42049,-0.15156,53.43792,7.07773765181496,2.636643501786572,-3.999999931767356
15.30583,18.8691,47.06901,3808.50357,-0.14983,53.44131,7.07815077971401,2.6367974027990173,-3.999999931767356
15.33619,18.91155,47.05416,3804.58606,-0.1482,53.44471,7.078364547316755,2.636877036855604,-3.999999931767356
15.36652,18.95397,47.03949,3800.66808,-0.14669,53.44812,7.078390677598345,2.636886771073025,-3.999999931767356
15.39681,18.99635,47.02497,3796.74976,-0.14529,53.45153,7.078241288194506,2.6368311195894227,-3.999999931767356
15.42707,19.0387,47.0106,3792.83124,-0.14401,53.45495,7.0779288593063745,2.6367147316080954,-3.999999931767356
15.4573,19.08101,46.99637,3788.91263,-0.14286,53.45838,7.077466200984755,2.6365423792100193,-3.999999931767356
15.48749,19.12329,46.98225,3784.99404,-0.14184,53.46182,7.076866419901922,2.6363189449754736,-3.999999931767356
15.51765,19.16553,46.96825,3781.07557,-0.14094,53.46526,7.076142885719527,2.6360494094552016,-3.999999931767356
15.54778,19.20773,46.95435,3777.15734,-0.14018,53.46871,7.075309197172206,2.635738838535659,-3.999999931767356
15.57787,19.2499,46.94052,3773.23942,-0.13956,53.47217,7.074379147967707,2.6353923707359153,-3.999999931767356
15.60793,19.29203,46.92677,3769.3219,-0.13907,53.47564,7.073366692601228,2.6350152044725985,-3.999999931767356
15.63795,19.33413,46.91307,3765.40486,-0.13873,53.47911,7.072285912202888,2.6346125853371727,-3.999999931767356
15.66794,19.37619,46.89941,3761.48838,-0.13852,53.4826,7.071150980488462,2.6341897934116982,-3.999999931767356
15.6979,19.41822,46.88578,3757.5725,-0.13846,53.48609,7.06997612993786,2.6337521306694205,-3.999999931767356
15.72782,19.46021,46.87217,3753.6573,-0.13855,53.48959,7.068775618258933,2.6333049084816573,-3.999999931767356
15.75771,19.50216,46.85855,3749.74281,-0.13877,53.49309,7.067563695240469,2.632853435269665,-3.999999931767356
15.78757,19.54408,46.84492,3745.82907,-0.13915,53.49661,7.0663545700559025,2.6324030043244164,-3.999999931767356
15.81739,19.58597,46.83125,3741.91612,-0.13966,53.50013,7.065162379114541,2.6319588818303266,-3.999999931767356
15.84718,19.62782,46.81755,3738.00397,-0.14033,53.50366,7.06400115450211,2.6315262951085376,-3.999999931767356
15.87694,19.66963,46.80378,3734.09265,-0.14113,53.5072,7.06288479308661,2.631110421108028,-3.999999931767356
15.90666,19.7114,46.78995,3730.18215,-0.14208,53.51074,7.0618270263479745,2.6307163751663682,-3.999999931767356
15.93635,19.75315,46.77603,3726.27249,-0.14317,53.51429,7.060841390974442,2.6303492000560995,-3.999999931767356
15.966,19.79485,46.76201,3722.36365,-0.1444,53.51785,7.059941200284686,2.630013855338724,-3.999999931767356
15.99562,19.83652,46.74788,3718.45561,-0.14576,53.52142,7.059139516506721,2.6297152070378615,-3.999999931767356
16.02521,19.87816,46.73363,3714.54836,-0.14727,53.52499,7.058449123958317,2.62945801764826,-3.999999931767356
16.05477,19.91976,46.71924,3710.64185,-0.1489,53.52857,7.057882503152785,2.6292469364895092,-3.999999931767356
16.08429,19.96132,46.70469,3706.73606,-0.15067,53.53215,7.057451805871798,2.6290864904200135,-3.999999931767356
16.11377,20.00285,46.68999,3702.83092,-0.15256,53.53574,7.05716883121186,2.6289810749136753,-3.999999931767356
16.14323,20.04434,46.67511,3698.9264,-0.15457,53.53934,7.057045002638808,2.6289349455120874,-3.999999931767356
16.17265,20.0858,46.66005,3695.02243,-0.15671,53.54294,7.057091346053859,2.6289522096535625,-3.999999931767356
16.20203,20.12722,46.64479,3691.11893,-0.15896,53.54654,7.057318468902416,2.6290368188906115,-3.999999931767356
16.23139,20.1686,46.62932,3687.21584,-0.16132,53.55015,7.057736540307895,2.629192561489273,-3.999999931767356
16.26071,20.20995,46.61364,3683.31307,-0.16379,53.55376,7.058355272268198,2.6294230554243043,-3.999999931767356
16.28999,20.25127,46.59773,3679.41054,-0.16636,53.55738,7.059183901894875,2.629731741762799,-3.999999931767356
16.31925,20.29254,46.58159,3675.50815,-0.16903,53.561,7.060231174706983,2.630121878440715,-3.999999931767356
16.34847,20.33379,46.5652,3671.6058,-0.1718,53.56462,7.061505328993038,2.630596534437287,-3.999999931767356
16.37765,20.375,46.54856,3667.70339,-0.17465,53.56825,7.063014081210111,2.6311585843358074,-3.999999931767356
16.4068,20.41617,46.53166,3663.80079,-0.17758,53.57187,7.064764612449632,2.6318107032817775,-3.999999931767356
16.43592,20.4573,46.51449,3659.8979,-0.18059,53.5755,7.0667635559491,2.6325553623306988,-3.999999931767356
16.46501,20.4984,46.49705,3655.9946,-0.18367,53.57913,7.069016985648268,2.6333948241849425,-3.999999931767356
16.49406,20.53947,46.47933,3652.09075,-0.18681,53.58275,7.071530405797915,2.63433113932275,-3.999999931767356
16.52308,20.5805,46.46133,3648.18623,-0.19001,53.58638,7.074308741596299,2.6353661425100627,-3.999999931767356
16.55207,20.62149,46.44303,3644.2809,-0.19326,53.59001,7.077356330873627,2.636501449702768,-3.999999931767356
16.58102,20.66245,46.42445,3640.37462,-0.19656,53.59363,7.080676916807547,2.6377384553330265,-3.999999931767356
16.60994,20.70337,46.40556,3636.46725,-0.1999,53.59725,7.084273641663152,2.6390783299772664,-3.999999931767356
16.63882,20.74426,46.38638,3632.55864,-0.20327,53.60087,7.088149041576166,2.640522018412772,-3.999999931767356
16.66767,20.78511,46.3669,3628.64865,-0.20667,53.60449,7.092305042345369,2.6420702380502616,-3.999999931767356
16.69649,20.82592,46.34712,3624.73711,-0.21009,53.6081,7.096742956273356,2.64372347775698,-3.999999931767356
16.72527,20.8667,46.32703,3620.82389,-0.21351,53.61171,7.101463480026386,2.6454819970594388,-3.999999931767356
16.75402,20.90744,46.30664,3616.90882,-0.21695,53.61531,7.106466693521947,2.6473458257290052,-3.999999931767356
16.78274,20.94815,46.28594,3612.99175,-0.22039,53.61891,7.1117520598614385,2.6493147637568235,-3.999999931767356
16.81143,20.98882,46.26495,3609.07252,-0.22381,53.6225,7.117318426293637,2.6513883817127333,-3.999999931767356
16.84008,21.02945,46.24365,3605.15096,-0.22723,53.62609,7.123164026228581,2.653566021495491,-3.999999931767356
16.86869,21.07005,46.22206,3601.22692,-0.23062,53.62966,7.1292864822892605,2.6558467974696076,-3.999999931767356
16.89728,21.11062,46.20017,3597.30025,-0.23399,53.63323,7.135682810433952,2.6582295980010273,-3.999999931767356
16.92583,21.15114,46.17798,3593.37077,-0.23732,53.63679,7.142349425140214,2.6607130873883,-3.999999931767356
16.95434,21.19163,46.15552,3589.43833,-0.24061,53.64034,7.1492821456546585,2.663295708190786,-3.999999931767356
16.98283,21.23209,46.13277,3585.50277,-0.24386,53.64388,7.156476203328834,2.6659756839614652,-3.999999931767356
17.01128,21.2725,46.10974,3581.56394,-0.24705,53.64742,7.163926250050785,2.6687510223879194,-3.999999931767356
17.03969,21.31288,46.08644,3577.62168,-0.25018,53.65093,7.171626367763939,2.67161951883836,-3.999999931767356
17.06807,21.35323,46.06288,3573.67583,-0.25325,53.65444,7.179570079108111,2.674578760325688,-3.999999931767356
17.09642,21.39354,46.03905,3569.72624,-0.25624,53.65794,7.187750359161562,2.6776261298817206,-3.999999931767356
17.12474,21.43381,46.01498,3565.77277,-0.25916,53.66142,7.196159648322687,2.680758811355954,-3.999999931767356
17.15302,21.47405,45.99067,3561.81527,-0.262,53.66489,7.204789866301818,2.6839737946278817,-3.999999931767356
17.18127,21.51424,45.96613,3557.8536,-0.26475,53.66835,7.213632427263473,2.6872678812478794,-3.999999931767356
17.20948,21.55441,45.94135,3553.88761,-0.26741,53.67179,7.222678256096112,2.6906376904981184,-3.999999931767356
17.23766,21.59453,45.91637,3549.91717,-0.26996,53.67522,7.231917805823623,2.694079665878801,-3.999999931767356
17.26581,21.63462,45.89118,3545.94216,-0.27242,53.67863,7.241341076144662,2.697590082014552,-3.999999931767356
17.29392,21.67467,45.86579,3541.96244,-0.27477,53.68202,7.250937633112154,2.7011650519855532,-3.999999931767356
17.322,21.71469,45.84023,3537.97789,-0.277,53.6854,7.260696629931655,2.704800535075478,-3.999999931767356
17.35005,21.75466,45.81448,3533.9884,-0.27912,53.68877,7.270606828871431,2.708492344933571,-3.999999931767356
17.37806,21.7946,45.78858,3529.99385,-0.28113,53.69211,7.280656624272166,2.7122361581463768,-3.999999931767356
17.40604,21.83451,45.76253,3525.99415,-0.28301,53.69544,7.290834066634029,2.716027523210796,-3.999999931767356
17.43398,21.87437,45.73634,3521.98919,-0.28476,53.69875,7.301126887759728,2.719861869900541,-3.999999931767356
17.46189,21.9142,45.71002,3517.97887,-0.28638,53.70204,7.3115225269212765,2.7237345190139464,-3.999999931767356
17.48977,21.95399,45.68359,3513.96312,-0.28788,53.70531,7.3220081580293135,2.7276406924952488,-3.999999931767356
17.51761,21.99374,45.65706,3509.94185,-0.28924,53.70857,7.332570717752817,2.7315755239099264,-3.999999931767356
17.54542,22.03346,45.63044,3505.91498,-0.29046,53.7118,7.3431969345562065,2.73553406926178,-3.999999931767356
17.57319,22.07314,45.60374,3501.88245,-0.29155,53.71502,7.353873358596312,2.7395113181303428,-3.999999931767356
17.60093,22.11278,45.57698,3497.84421,-0.29249,53.71821,7.36458639244007,2.743502205114027,-3.999999931767356
17.62864,22.15238,45.55018,3493.8002,-0.2933,53.72139,7.375322322524594,2.7475016215498345,-3.999999931767356
17.65631,22.19194,45.52333,3489.75037,-0.29397,53.72454,7.386067351310722,2.7515044274913882,-3.999999931767356
17.68395,22.23147,45.49647,3485.69469,-0.2945,53.72767,7.396807630045543,2.755505463913851,-3.999999931767356
17.71155,22.27096,45.46959,3481.63313,-0.29488,53.73078,7.407529292072,2.7594995651226126,-3.999999931767356
17.73912,22.31041,45.44271,3477.56567,-0.29513,53.73387,7.418218486589436,2.763481571329992,-3.999999931767356
17.76666,22.34982,45.41585,3473.49229,-0.29524,53.73694,7.42886141278717,2.7674463413708894,-3.999999931767356
17.79416,22.38919,45.38902,3469.41299,-0.29521,53.73999,7.439444354258827,2.7713887655230307,-3.999999931767356
17.82163,22.42852,45.36223,3465.32778,-0.29504,53.74302,7.449953713591679,2.775303778392404,-3.999999931767356
17.84906,22.46782,45.33549,3461.23665,-0.29473,53.74602,7.460376047047981,2.7791863718329735,-3.999999931767356
17.87646,22.50708,45.30882,3457.13964,-0.29429,53.74901,7.470698099214665,2.783031607854601,-3.999999931767356
17.90383,22.54629,45.28223,3453.03676,-0.29373,53.75197,7.480906837514101,2.7868346314792123,-3.999999931767356
17.93116,22.58547,45.25572,3448.92805,-0.29303,53.75491,7.490989486485961,2.7905906835116903,-3.999999931767356
17.95845,22.62461,45.22931,3444.81355,-0.29221,53.75783,7.500933561702568,2.7942951131742424,-3.999999931767356
17.98571,22.66371,45.20302,3440.69332,-0.29126,53.76073,7.510726903201942,2.7979433905610818,-3.999999931767356
18.01294,22.70277,45.17685,3436.5674,-0.2902,53.7636,7.52035770834434,2.8015311188783594,-3.999999931767356
18.04013,22.7418,45.1508,3432.43587,-0.28902,53.76646,7.5298145639398255,2.8050540464125233,-3.999999931767356
18.06729,22.78078,45.12491,3428.29879,-0.28774,53.76929,7.539086477566484,2.8085080781971845,-3.999999931767356
18.09442,22.81972,45.09916,3424.15624,-0.28634,53.7721,7.548162907927177,2.8118892873217978,-3.999999931767356
18.12151,22.85863,45.07357,3420.00832,-0.28485,53.77489,7.557033794147066,2.8151939258457706,-3.999999931767356
18.14856,22.89749,45.04815,3415.85511,-0.28326,53.77766,7.56568958390149,2.8184184352768287,-3.999999931767356
18.17558,22.93632,45.02293,3411.69665,-0.28111,53.79371,7.574098888436496,2.821551122478237,0.0
18.20255,22.97511,44.99794,3407.53302,-0.27888,53.80977,7.582230882592091,2.8245805042668404,0.0
18.22948,23.01388,44.97318,3403.36435,-0.27657,53.82584,7.590077647777727,2.8275036307593067,0.0
18.25637,23.0526,44.94866,3399.19078,-0.27419,53.84192,7.597632024515933,2.8303178348619036,0.0
18.28321,23.0913,44.92438,3395.01246,-0.27174,53.85801,7.604887602508367,2.8330207285698314,0.0
18.31001,23.12996,44.90035,3390.82954,-0.26923,53.87411,7.611838739226371,2.8356102098927027,0.0
18.33677,23.16859,44.87658,3386.64219,-0.26668,53.89023,7.618480576217216,2.838084468929041,0.0
18.36348,23.20718,44.85306,3382.45055,-0.26408,53.90636,7.624809053031516,2.8404419930546143,0.0
18.39015,23.24574,44.82981,3378.25481,-0.26144,53.9225,7.6308209187199525,2.8426815712052624,0.0
18.41678,23.28427,44.80682,3374.05512,-0.25878,53.93865,7.636513740855112,2.8448022972377753,0.0
18.44336,23.32276,44.78409,3369.85167,-0.2561,53.95482,7.641885912023165,2.846803572348205,0.0
18.4699,23.36122,44.76163,3365.64463,-0.25341,53.97099,7.6469366537589565,2.8486851065378005,0.0
18.4964,23.39964,44.73944,3361.43417,-0.25072,53.98718,7.651666017925258,2.8504469191268087,0.0
18.52285,23.43803,44.7175,3357.22047,-0.24804,54.00337,7.65607488550333,2.8520893383039274,0.0
18.54926,23.47639,44.69583,3353.00372,-0.24536,54.01958,7.660164962829949,2.8536129997245046,0.0
18.57563,23.51471,44.67443,3348.7841,-0.24271,54.0358,7.66393877528162,2.8550188441577333,0.0
18.60195,23.55299,44.65328,3344.5618,-0.24009,54.05203,7.667399658441258,2.8563081141960147,0.0
18.62823,23.59125,44.63238,3340.33698,-0.23751,54.06827,7.670551746791278,2.857482350042834,0.0
18.65447,23.62946,44.61173,3336.10984,-0.23498,54.08452,7.673399959995035,2.8585433844022323,0.0
18.68066,23.66765,44.59133,3331.88056,-0.23249,54.10078,7.675949986811416,2.859493336486578,0.0
18.70681,23.7058,44.57117,3327.64931,-0.23007,54.11706,7.678208266729208,2.8603346051748764,0.0
18.73292,23.74391,44.55124,3323.41628,-0.22772,54.13334,7.680181969421776,2.861069861359101,0.0
18.75898,23.78199,44.53154,3319.18163,-0.22545,54.14963,7.681878972072396,2.861702039497284,0.0
18.785,23.82003,44.51206,3314.94555,-0.22325,54.16594,7.683307834714916,2.8622343284272613,0.0
18.81098,23.85804,44.49279,3310.70819,-0.22115,54.18225,7.684477773671125,2.8626701614713967,0.0
18.83691,23.89602,44.47372,3306.46973,-0.21915,54.19857,7.685398633221464,2.86301320588317,0.0
18.8628,23.93396,44.45485,3302.23033,-0.21725,54.21491,7.686080855601229,2.863267351669984,0.0
18.88865,23.97187,44.43615,3297.99015,-0.21546,54.23125,7.686535449483993,2.863436699852399,0.0
18.91445,24.00974,44.41764,3293.74933,-0.21378,54.24761,7.686773957051912,2.86352555019696,0.0
18.94021,24.04757,44.39928,3289.50802,-0.21223,54.26397,7.686808419800126,2.8635383884774397,0.0
18.96592,24.08537,44.38108,3285.26638,-0.2108,54.28034,7.686651343218837,2.8634798733179756,0.0
18.9916,24.12314,44.36302,3281.02452,-0.2095,54.29673,7.686315660471133,2.863354822662111,0.0
19.01723,24.16087,44.34509,3276.78259,-0.20834,54.31312,7.685814695218793,2.8631681999244254,0.0
19.04281,24.19856,44.32727,3272.54071,-0.20732,54.32952,7.685162123728558,2.862925099874124,0.0
19.06835,24.23622,44.30956,3268.29899,-0.20645,54.34594,7.684371936405343,2.862630734305146,0.0
19.09385,24.27385,44.29194,3264.05755,-0.20572,54.36236,7.683458398860541,2.8622904175330883,0.0
19.11931,24.31144,44.27439,3259.81648,-0.20514,54.37879,7.682436012682631,2.861909551781217,0.0
19.14472,24.34899,44.25692,3255.57588,-0.20472,54.39523,7.681319476015409,2.861493612494829,0.0
19.17009,24.38651,44.23949,3251.33584,-0.20446,54.41168,7.680123644080336,2.8610481336347826,0.0
19.19542,24.42399,44.22211,3247.09645,-0.20436,54.42814,7.6788634897563,2.8605786929924237,0.0
19.2207,24.46144,44.20474,3242.85777,-0.20441,54.44461,7.677554064346947,2.8600908975743837,0.0
19.24595,24.49885,44.18739,3238.61986,-0.20463,54.46109,7.6762104586287805,2.859590369091972,0.0
19.27114,24.53623,44.17004,3234.38279,-0.20502,54.47757,7.6748477643013295,2.859082729600351,0.0
19.2963,24.57357,44.15267,3230.1466,-0.20556,54.49407,7.6734810359395045,2.8585735873247837,0.0
19.32141,24.61088,44.13527,3225.91133,-0.20627,54.51058,7.672125253524902,2.8580685227025624,0.0
19.34648,24.64815,44.11782,3221.67701,-0.20715,54.52709,7.67079528567546,2.8575730746850847,0.0
19.3715,24.68538,44.10032,3217.44367,-0.20818,54.54361,7.669505853616047,2.8570927273159543,0.0
19.39648,24.72258,44.08275,3213.21131,-0.20938,54.56014,7.668271496004748,2.8566328966278425,0.0
19.42142,24.75975,44.06509,3208.97996,-0.21074,54.57668,7.667106534658153,2.856198917874258,0.0
19.44632,24.79688,44.04733,3204.74959,-0.21226,54.59323,7.666025041248321,2.855796033123291,0.0
19.47117,24.83397,44.02947,3200.52021,-0.21393,54.60979,7.665040805027559,2.855429379234244,0.0
19.49599,24.87103,44.01148,3196.2918,-0.21576,54.62636,7.664167301634565,2.855103976237096,0.0
19.52075,24.90805,43.99335,3192.06432,-0.21774,54.64293,7.663417663024822,2.854824716130788,0.0
19.54548,24.94504,43.97508,3187.83774,-0.21987,54.65952,7.662804648562426,2.854596352114164,0.0
19.57016,24.98199,43.95665,3183.61203,-0.22215,54.67611,7.662340617320115,2.854423488267007,0.0
19.5948,25.0189,43.93805,3179.38712,-0.22456,54.69271,7.662037501596558,2.8543105696845266,0.0
19.6194,25.05578,43.91926,3175.16296,-0.22711,54.70932,7.661906781704358,2.8542618730852345,0.0
19.64395,25.09263,43.90029,3170.93949,-0.22979,54.72593,7.661959462018228,2.8542814978882536,0.0
19.66846,25.12943,43.88111,3166.71664,-0.2326,54.74256,7.662206048337894,2.8543733577804056,0.0
19.69293,25.16621,43.86172,3162.49431,-0.23553,54.75919,7.66265652653725,2.854541172762461,0.0
19.71736,25.20294,43.8421,3158.27244,-0.23857,54.77583,7.66332034254907,2.854788461692914,0.0
19.74174,25.23964,43.82226,3154.05092,-0.24172,54.79248,7.664206383662398,2.8551185353207735,0.0
19.76609,25.27631,43.80218,3149.82965,-0.24498,54.80914,7.665322961173341,2.855534489822522,0.0
19.79038,25.31294,43.78186,3145.60853,-0.24834,54.8258,7.666677794344174,2.856039200826464,0.0
19.81464,25.34953,43.76128,3141.38745,-0.25178,54.84248,7.668277995726626,2.8566353179452597,0.0
19.83885,25.38609,43.74044,3137.16629,-0.25532,54.85916,7.6701300578075005,2.8573252598010717,0.0
19.86302,25.42261,43.71934,3132.94493,-0.25893,54.87585,7.672239840990653,2.8581112095485324,0.0
19.88715,25.45909,43.69796,3128.72324,-0.26261,54.89254,7.674612562933286,2.8589951109022347,0.0
19.91124,25.49554,43.67632,3124.50109,-0.26635,54.90925,7.677252789194541,2.8599786646530863,0.0
19.93528,25.53195,43.65439,3120.27835,-0.27015,54.92596,7.680164425235391,2.8610633256880575,0.0
19.95929,25.56833,43.63218,3116.05488,-0.274,54.94267,7.683350709732782,2.862250300499527,0.0
19.98324,25.60467,43.60968,3111.83053,-0.27789,54.9594,7.68681420923553,2.8635405451944567,0.0
20.00716,25.64097,43.5869,3107.60515,-0.28181,54.97613,7.690556814139952,2.8649347639952145,0.0
20.03104,25.67724,43.56383,3103.37861,-0.28576,54.99287,7.694579735988619,2.866433408233288,0.0
20.05487,25.71347,43.54047,3099.15075,-0.28972,55.00962,7.698883506099559,2.86803667583862,0.0
20.07866,25.74967,43.51682,3094.9214,-0.2937,55.02637,7.703467975517797,2.869744511321564,0.0
20.1024,25.78583,43.49288,3090.69043,-0.29767,55.04314,7.7083323162837925,2.8715566062454054,0.0
20.12611,25.82195,43.46865,3086.45767,-0.30164,55.0599,7.713475024036211,2.873472400195966,0.0
20.14977,25.85803,43.44413,3082.22297,-0.3056,55.07668,7.718893921930948,2.875491082241541,0.0
20.17339,25.89408,43.41933,3077.98616,-0.30954,55.09346,7.724586165898057,2.8776115928912405,0.0
20.19697,25.93009,43.39424,3073.74709,-0.31345,55.11025,7.730548251211251,2.8798326265423113,0.0
20.2205,25.96607,43.36888,3069.5056,-0.31732,55.12704,7.736776020407651,2.8821526344304402,0.0
20.244,26.00201,43.34325,3065.26154,-0.32114,55.14384,7.7432646725186,2.884569828068481,0.0
20.26745,26.03791,43.31734,3061.01475,-0.32492,55.16065,7.7500087736501895,2.887082183187978,0.0
20.29086,26.07377,43.29117,3056.76506,-0.32863,55.17746,7.757002268881899,2.8896874441717237,0.0
20.31422,26.1096,43.26475,3052.51234,-0.33228,55.19428,7.7642384955149675,2.892383128989124,0.0
20.33755,26.14539,43.23807,3048.25642,-0.33586,55.21111,7.771710197634248,2.8951665346208704,0.0
20.36083,26.18115,43.21114,3043.99716,-0.33935,55.22794,7.779409542020152,2.898034742986562,0.0
20.38407,26.21686,43.18398,3039.73441,-0.34276,55.24477,7.787328135359297,2.9009846273561237,0.0
20.40727,26.25254,43.15659,3035.46803,-0.34608,55.26162,7.79545704279735,2.904012859261226,0.0
20.43042,26.28819,43.12898,3031.19789,-0.3493,55.27847,7.803786807781353,2.907115915887074,0.0
20.45353,26.32379,43.10116,3026.92384,-0.35241,55.29532,7.812307473210667,2.9102900879516933,0.0
20.4766,26.35936,43.07313,3022.64575,-0.35542,55.31218,7.821008603860691,2.9135314880593537,0.0
20.49963,26.39489,43.04491,3018.3635,-0.3583,55.32904,7.829879310076633,2.91683605952712,0.0
20.52262,26.43038,43.01651,3014.07697,-0.36107,55.34591,7.838908272699264,2.9201995856703538,0.0
20.54556,26.46583,42.98793,3009.78604,-0.36371,55.36279,7.848083769207789,2.9236176995416225,0.0
20.56846,26.50125,42.9592,3005.4906,-0.36622,55.37967,7.857393701045219,2.9270858941101148,0.0
20.59132,26.53663,42.93031,3001.19054,-0.3686,55.39655,7.8668256220906185,2.930599532868305,0.0
20.61413,26.57197,42.90128,2996.88577,-0.37084,55.41344,7.87636676823109,2.934153860848294,0.0
20.63691,26.60727,42.87212,2992.57618,-0.37294,55.43033,7.886004088000159,2.937744016035416,0.0
20.65964,26.64253,42.84284,2988.26171,-0.3749,55.44723,7.8957242742135225,2.941365041153386,0.0
20.68233,26.67776,42.81347,2983.94226,-0.37671,55.46414,7.905513796567751,2.9450118958081717,0.0
20.70497,26.71294,42.78399,2979.61777,-0.37837,55.48104,7.915358935112793,2.9486794689573848,0.0
20.72758,26.74809,42.75444,2975.28816,-0.37988,55.49795,7.925245814546196,2.952362591685781,0.0
20.75014,26.7832,42.72482,2970.95339,-0.38124,55.51487,7.935160439247737,2.956056050256581,0.0
20.77266,26.81827,42.69514,2966.6134,-0.38244,55.53179,7.945088728986102,2.9597545994131473,0.0
20.79513,26.8533,42.66542,2962.26815,-0.38349,55.54871,7.955016555184978,2.963452975889057,0.0
20.81757,26.8883,42.63566,2957.9176,-0.38439,55.56564,7.964929777679982,2.967145912101028,0.0
20.83996,26.92325,42.60589,2953.56173,-0.38513,55.58257,7.974814281867763,2.9708281499879337,0.0
20.86231,26.95817,42.57611,2949.20052,-0.38573,55.5995,7.984656016118087,2.9744944549477927,0.0
20.88461,26.99304,42.54633,2944.83395,-0.38616,55.61644,7.994441029383983,2.978139629848533,0.0
20.90688,27.02788,42.51657,2940.46203,-0.38645,55.63338,8.00415550885128,2.9817585290534394,0.0
20.9291,27.06267,42.48684,2936.08476,-0.38659,55.65032,8.013785817555362,2.9853460724343814,0.0
20.95128,27.09743,42.45714,2931.70215,-0.38658,55.66727,8.023318531806563,2.9888972593137613,0.0
20.97341,27.13215,42.4275,2927.31423,-0.38643,55.68422,8.032740478326666,2.9924071822988325,0.0
20.9955,27.16683,42.39791,2922.92102,-0.38614,55.70117,8.042038770960891,2.995871040957885,0.0
21.01755,27.20147,42.3684,2918.52256,-0.38571,55.71812,8.051200846842471,2.9992841552924987,0.0
21.03956,27.23606,42.33898,2914.11889,-0.38515,55.73508,8.060214501869162,3.002641978953478,0.0
21.06153,27.27062,42.30964,2909.71008,-0.38445,55.75204,8.069067925380235,3.005940112158945,0.0
21.08345,27.30514,42.28041,2905.29617,-0.38363,55.769,8.07774973389097,3.0091743142613234,0.0
21.10533,27.33962,42.25129,2900.87724,-0.38269,55.78597,8.086249003767296,3.0123405159195045,0.0
21.12717,27.37406,42.22228,2896.45337,-0.38164,55.80293,8.094555302699106,3.0154348308234824,0.0
21.14896,27.40845,42.19341,2892.02462,-0.38047,55.8199,8.102658719864523,3.0184535669313375,0.0
21.17071,27.44281,42.16467,2887.5911,-0.37921,55.83687,8.110549894659535,3.0213932371717838,0.0
21.19242,27.47713,42.13608,2883.1529,-0.37784,55.85384,8.11822004387169,3.024250569567083,0.0
21.21408,27.5114,42.10764,2878.71012,-0.37638,55.87081,8.125660987188914,3.0270225167357516,0.0
21.23571,27.54563,42.07935,2874.26287,-0.37484,55.88779,8.132865170947573,3.029706264739335,0.0
21.25729,27.57983,42.05123,2869.81125,-0.37322,55.90476,8.139825690002878,3.032299241229715,0.0
21.27883,27.61398,42.02327,2865.3554,-0.37152,55.92174,8.146536307644423,3.0347991228681663,0.0
21.30032,27.64809,41.99549,2860.89543,-0.36977,55.93872,8.152991473464903,3.0372038419819303,0.0
21.32177,27.68216,41.96788,2856.43148,-0.36795,55.9557,8.159186339110056,3.039511592431474,0.0
21.34318,27.71619,41.94046,2851.96367,-0.36609,55.97268,8.165116771833626,3.0417208346600804,0.0
21.36455,27.75018,41.91322,2847.49215,-0.36419,55.98966,8.170779365825426,3.0438302999138407,0.0
21.38587,27.78412,41.88616,2843.01705,-0.36226,56.00664,8.17617145121479,3.0458389935956838,0.0
21.40715,27.81803,41.85929,2838.53852,-0.3603,56.02363,8.18129110077883,3.047746197764376,0.0
21.42839,27.85189,41.83261,2834.05671,-0.35832,56.04061,8.186137134264134,3.049551472744467,0.0
21.44958,27.88571,41.80612,2829.57176,-0.35634,56.05759,8.190709120337418,3.051254657852959,0.0
21.47073,27.91949,41.77982,2825.08383,-0.35435,56.07458,8.19500737617365,3.052855871245873,0.0
21.49184,27.95323,41.75371,2820.59308,-0.35237,56.09156,8.19903296464197,3.0543555088699286,0.0
21.51291,27.98692,41.72778,2816.09965,-0.35041,56.10855,8.202787689144326,3.055754242539804,0.0
21.53393,28.02058,41.70204,2811.60371,-0.34847,56.12553,8.206274086116986,3.0570530171447454,0.0
21.55491,28.05419,41.67648,2807.1054,-0.34657,56.14252,8.209495415226124,3.058253046996169,0.0
21.57585,28.08776,41.6511,2802.60489,-0.3447,56.1595,8.21245564732025,3.059355811339625,0.0
21.59675,28.12128,41.62589,2798.10233,-0.34288,56.17649,8.215159450173225,3.060363049043693,0.0
21.6176,28.15477,41.60086,2793.59788,-0.34112,56.19347,8.217612172105392,3.0612767524984226,0.0
21.63841,28.18821,41.576,2789.09168,-0.33943,56.21046,8.21981982354285,3.0620991607456816,0.0
21.65918,28.22161,41.55129,2784.5839,-0.3378,56.22744,8.221789056599974,3.0628327518731,0.0
21.6799,28.25497,41.52674,2780.07468,-0.33625,56.24442,8.223527142779025,3.063480234706596,0.0
21.70058,28.28828,41.50234,2775.56417,-0.33479,56.26141,8.225041948876616,3.064044539834896,0.0
21.72122,28.32155,41.47809,2771.05252,-0.33342,56.27839,8.226341911209996,3.064528810008148,0.0
21.74182,28.35478,41.45396,2766.53986,-0.33215,56.29537,8.22743600826682,3.0649363899492403,0.0
21.76237,28.38797,41.42997,2762.02634,-0.33098,56.31235,8.228333731885222,3.065270815617626,0.0
21.78288,28.42111,41.4061,2757.51209,-0.32993,56.32933,8.229045057097094,3.0655358029751403,0.0
21.80335,28.45422,41.38233,2752.99724,-0.32899,56.34631,8.229580410740898,3.0657352362934596,0.0
21.82378,28.48727,41.35867,2748.48191,-0.32818,56.36329,8.229950638979968,3.0658731560538044,0.0
21.84416,28.52029,41.3351,2743.96623,-0.32749,56.38027,8.23016697384308,3.0659537464824265,0.0
21.8645,28.55326,41.31162,2739.45032,-0.32694,56.39725,8.230240998923362,3.0659813227725485,0.0
21.8848,28.58619,41.2882,2734.93427,-0.32653,56.41422,8.230184614343298,3.0659603180329067,0.0
21.90506,28.61908,41.26485,2730.41821,-0.32625,56.4312,8.230010001142912,3.065895270021413,0.0
21.92527,28.65192,41.24156,2725.90222,-0.32613,56.44817,8.229729585187005,3.0657908076996505,0.0
21.94544,28.68472,41.2183,2721.38641,-0.32615,56.46514,8.229356000739683,3.0656516376634246,0.0
21.96557,28.71748,41.19508,2716.87085,-0.32632,56.48211,8.228902053808149,3.065482530487366,0.0
21.98566,28.75019,41.17188,2712.35562,-0.32665,56.49908,8.22838068538957,3.0652883070334154,0.0
22.0057,28.78286,41.14869,2707.84081,-0.32713,56.51605,8.227804934727505,3.0650738247628846,0.0
22.02571,28.81549,41.12549,2703.32648,-0.32778,56.53301,8.227187902704955,3.0648439640993956,0.0
22.04567,28.84807,41.10229,2698.81268,-0.32858,56.54998,8.22654271545857,3.0646036148742195,0.0
22.06558,28.88061,41.07906,2694.29948,-0.32954,56.56694,8.225882488339318,3.0643576629006772,0.0
22.08546,28.91311,41.05579,2689.78691,-0.33067,56.5839,8.225220290310123,3.064110976711323,0.0
22.10529,28.94556,41.03248,2685.27501,-0.33196,56.60086,8.22456910887363,3.063868394492615,0.0
22.12508,28.97797,41.00912,2680.76382,-0.33341,56.61782,8.223941815629736,3.0636347112541853,0.0
22.14483,29.01034,40.98568,2676.25336,-0.33502,56.63477,8.223351132523408,3.063414666255271,0.0
22.16454,29.04266,40.96217,2671.74365,-0.33679,56.65172,8.222809598889514,3.0632129307280374,0.0
22.1842,29.07494,40.93857,2667.23469,-0.33872,56.66868,8.222329539346884,3.0630340959172813,0.0
22.20383,29.10718,40.91486,2662.7265,-0.3408,56.68563,8.221923032624902,3.062882661467507,0.0
22.22341,29.13937,40.89105,2658.21905,-0.34304,56.70257,8.221601881372326,3.0627630241759247,0.0
22.24295,29.17152,40.86711,2653.71235,-0.34543,56.71952,8.221377583015066,3.0626794671362,0.0
22.26244,29.20362,40.84305,2649.20637,-0.34797,56.73646,8.221261301713996,3.0626361492920062,0.0
22.2819,29.23568,40.81884,2644.70108,-0.35066,56.7534,8.221263841455487,3.0626370954125366,0.0
22.30131,29.2677,40.79449,2640.19646,-0.35349,56.77034,8.221395620353592,3.062686186519392,0.0
22.32068,29.29967,40.76997,2635.69246,-0.35645,56.78728,8.221666646154622,3.0627871507613937,0.0
22.34001,29.3316,40.74529,2631.18904,-0.35955,56.80421,8.22208649302111,3.0629435547659964,0.0
22.3593,29.36348,40.72044,2626.68614,-0.36277,56.82114,8.222664279595934,3.063158795467598,0.0
22.37855,29.39533,40.6954,2622.18371,-0.36612,56.83807,8.223408648386076,3.0634360924274477,0.0
22.39776,29.42712,40.67017,2617.68168,-0.36958,56.85499,8.224327746490232,3.0637784806541717,0.0
22.41692,29.45888,40.64474,2613.17998,-0.37316,56.87192,8.225429207681922,3.064188803929265,0.0
22.43604,29.49059,40.61911,2608.67854,-0.37685,56.88884,8.226720135869096,3.0646697086453516,0.0
22.45512,29.52225,40.59326,2604.17727,-0.38063,56.90575,8.22820708994122,3.0652236381613345,0.0
22.47416,29.55387,40.56721,2599.67608,-0.38451,56.92267,8.229896070025863,3.0658528276826047,0.0
22.49316,29.58545,40.54092,2595.17489,-0.38847,56.93958,8.231792505141513,3.066559299661395,0.0
22.51211,29.61698,40.51442,2590.6736,-0.39251,56.95649,8.23390124228152,3.067344859730262,0.0
22.53103,29.64847,40.48768,2586.1721,-0.39663,56.97339,8.236226536911971,3.068211093162288,0.0
22.5499,29.67991,40.46071,2581.6703,-0.40081,56.9903,8.23877204489448,3.0691593618621194,0.0
22.56873,29.71131,40.4335,2577.16809,-0.40505,57.0072,8.241540815842695,3.0701908018910777,0.0
22.58752,29.74267,40.40605,2572.66535,-0.40935,57.02409,8.244535287900126,3.0713063215217717,0.0
22.60627,29.77398,40.37836,2568.16196,-0.41368,57.04098,8.24775728395761,3.072506599829002,0.0
22.62498,29.80525,40.35042,2563.65782,-0.41805,57.05787,8.251208009280557,3.0737920858058483,0.0
22.64365,29.83647,40.32224,2559.15281,-0.42245,57.07476,8.254888050580488,3.0751629980177864,0.0
22.66227,29.86765,40.29382,2554.64679,-0.42687,57.09164,8.25879737649891,3.0766193247829547,0.0
22.68086,29.89878,40.26514,2550.13965,-0.4313,57.10852,8.262935339497385,3.0781608248762455,0.0
22.6994,29.92987,40.23623,2545.63125,-0.43574,57.12539,8.267300679180055,3.079787028767039,0.0
22.7179,29.96091,40.20707,2541.12149,-0.44017,57.14226,8.271891527008162,3.081497240375486,0.0
22.73636,29.99191,40.17766,2536.61022,-0.4446,57.15913,8.27670541241876,3.0832905393518826,0.0
22.75478,30.02286,40.14802,2532.09732,-0.449,57.17599,8.281739270327252,3.0851657838715676,0.0
22.77316,30.05377,40.11813,2527.58266,-0.45338,57.19285,8.286989450020274,3.0871216139477604,0.0
22.7915,30.08463,40.08802,2523.06612,-0.45772,57.20971,8.292451725404735,3.089156455249587,0.0
22.80979,30.11545,40.05767,2518.54757,-0.46202,57.22656,8.298121306627147,3.0912685234305957,0.0
22.82805,30.14622,40.02709,2514.02688,-0.46628,57.2434,8.303992853029563,3.093455828955179,0.0
22.84626,30.17695,39.99629,2509.50393,-0.47048,57.26024,8.310060487435063,3.095716182420297,0.0
22.86444,30.20763,39.96528,2504.97859,-0.47461,57.27708,8.316317811730933,3.09804720036062,0.0
22.88257,30.23827,39.93404,2500.45075,-0.47868,57.29391,8.322757923764575,3.100446311542698,0.0
22.90066,30.26886,39.90261,2495.92028,-0.48267,57.31074,8.329373435477766,3.1029107637204505,0.0
22.91871,30.29941,39.87097,2491.38708,-0.48658,57.32756,8.336156492303493,3.105437630860999,0.0
22.93672,30.32991,39.83914,2486.85102,-0.4904,57.34438,8.343098793758278,3.1080238208158515,0.0
22.95469,30.36036,39.80712,2482.312,-0.49413,57.3612,8.35019161522526,3.110666083435667,0.0
22.97261,30.39077,39.77492,2477.76991,-0.49776,57.378,8.35742583088022,3.1133610191108096,0.0
22.9905,30.42113,39.74254,2473.22465,-0.50128,57.39481,8.364791937722345,3.116105087723436,0.0
23.00834,30.45145,39.71,2468.67613,-0.5047,57.4116,8.37228008067346,3.1188946179976256,0.0
23.02615,30.48172,39.67731,2464.12424,-0.508,57.4284,8.37988007869578,3.1217258172289224,0.0
23.04391,30.51195,39.64447,2459.5689,-0.51118,57.44518,8.387581451876187,3.124594781373948,0.0
23.06163,30.54212,39.61148,2455.01002,-0.51424,57.46196,8.39537344942941,3.127497505482318,0.0
23.07932,30.57226,39.57837,2450.44754,-0.51717,57.47874,8.403245078554718,3.130429894446523,0.0
23.09696,30.60234,39.54513,2445.88136,-0.51998,57.49551,8.411185134086622,3.1333877740475917,0.0
23.11456,30.63238,39.51178,2441.31142,-0.52265,57.51227,8.419182228874156,3.136366902272176,0.0
23.13211,30.66238,39.47832,2436.73767,-0.52519,57.52903,8.427224824815475,3.1393629808737513,0.0
23.14963,30.69232,39.44478,2432.16004,-0.5276,57.54578,8.43530126446392,3.1423716671467146,0.0
23.16711,30.72222,39.41114,2427.57849,-0.52987,57.56253,8.443399803148713,3.1453885858921766,0.0
23.18454,30.75207,39.37743,2422.99297,-0.53199,57.57927,8.45150864149753,3.148409341533488,0.0
23.20194,30.78188,39.34365,2418.40344,-0.53398,57.596,8.459615958287165,3.1514295303539708,0.0
23.21929,30.81164,39.30982,2413.80987,-0.53583,57.61272,8.467709943537683,3.1544447528253574,0.0
23.23661,30.84135,39.27593,2409.21224,-0.53754,57.62944,8.475778831741422,3.157450625986477,0.0
23.25388,30.87102,39.24201,2404.61053,-0.53911,57.64616,8.483810935130704,3.1604427958363432,0.0
23.27111,30.90063,39.20806,2400.00472,-0.54054,57.66286,8.491794676888492,3.1634169497060074,0.0
23.2883,30.9302,39.17409,2395.39482,-0.54183,57.67956,8.499718624197703,3.1663688285702905,0.0
23.30545,30.95973,39.14011,2390.78082,-0.54299,57.69625,8.50757152101253,3.1692942392559638,0.0
23.32256,30.9892,39.10612,2386.16274,-0.54402,57.71294,8.515342320461919,3.1721890665129004,0.0
23.33963,31.01863,39.07214,2381.54058,-0.54491,57.72961,8.523020216757194,3.1750492849004996,0.0
23.35665,31.04801,39.03818,2376.91437,-0.54568,57.74628,8.530594676512804,3.177870970455495,0.0
23.37364,31.07734,39.00423,2372.28415,-0.54632,57.76294,8.538055469355676,3.1806503120947394,0.0
23.39059,31.10662,38.97032,2367.64993,-0.54684,57.7796,8.545392697726749,3.183383622717061,0.0
23.40749,31.13586,38.93645,2363.01178,-0.54725,57.79625,8.552596825753728,3.186067349959128,0.0
23.42435,31.16505,38.90261,2358.36972,-0.54754,57.81288,8.55965870709968,3.188698086569776,0.0
23.44118,31.19419,38.86884,2353.72383,-0.54772,57.82952,8.566569611683605,3.1912725803641306,0.0
23.45796,31.22328,38.83512,2349.07415,-0.54781,57.84614,8.57332125116573,3.1937877437175484,0.0
23.4747,31.25232,38.80146,2344.42075,-0.54779,57.86275,8.57990580310078,3.1962406625633433,0.0
23.4914,31.28131,38.76788,2339.76371,-0.54769,57.87936,8.586315933674634,3.1986286048627894,0.0
23.50806,31.31026,38.73437,2335.10311,-0.5475,57.89596,8.592544818923246,3.2009490285097324,0.0
23.52468,31.33916,38.70094,2330.43901,-0.54723,57.91255,8.598586164367351,3.2031995886450266,0.0
23.54126,31.368,38.66759,2325.77152,-0.54689,57.92913,8.604434222964287,3.2053781443440674,0.0
23.55779,31.3968,38.63434,2321.10073,-0.54648,57.9457,8.61008381132798,3.207482764659159,0.0
23.57429,31.42555,38.60118,2316.42672,-0.54602,57.96227,8.615530324130706,3.209511733984552,0.0
23.59075,31.45425,38.56812,2311.7496,-0.5455,57.97882,8.620769746659802,3.2114635567341434,0.0
23.60716,31.48291,38.53515,2307.06948,-0.54494,57.99537,8.62579866544187,3.213336961299281,0.0
23.62353,31.51151,38.50229,2302.38647,-0.54434,58.0119,8.630614276924987,3.215130903283106,0.0
23.63987,31.54006,38.46953,2297.70067,-0.54372,58.02843,8.635214394175076,3.216844567995133,0.0
23.65616,31.56857,38.43688,2293.01219,-0.54307,58.04495,8.639597451552202,3.2184773721932927,0.0
23.67241,31.59702,38.40433,2288.32117,-0.54242,58.06146,8.64376250736737,3.2200289650736558,0.0
23.68862,31.62543,38.37189,2283.62771,-0.54175,58.07796,8.64770924450399,3.221499228501951,0.0
23.70479,31.65378,38.33956,2278.93195,-0.54109,58.09445,8.65143796900067,3.22288827648561,0.0
23.72092,31.68209,38.30733,2274.23399,-0.54044,58.11093,8.654949606616372,3.224196453894206,0.0
23.73701,31.71034,38.2752,2269.53397,-0.53982,58.1274,8.658245697393241,3.2254243344339577,0.0
23.75306,31.73855,38.24318,2264.83202,-0.53921,58.14387,8.661328388235155,3.2265727178830486,0.0
23.76907,31.76671,38.21126,2260.12825,-0.53865,58.16032,8.664200423556142,3.227642626607913,0.0
23.78504,31.79481,38.17944,2255.4228,-0.53812,58.17676,8.66686513402243,3.228635301369357,0.0
23.80096,31.82287,38.14771,2250.71579,-0.53765,58.19319,8.669326423461193,3.2295521964457197,0.0
23.81685,31.85088,38.11607,2246.00735,-0.53724,58.20962,8.671588753971632,3.2303949740863556,0.0
23.83269,31.87883,38.08453,2241.29761,-0.53689,58.22603,8.673657129321652,3.23116549832647,0.0
23.8485,31.90674,38.05307,2236.58668,-0.53661,58.24243,8.675537076701746,3.2318658281899464,0.0
23.86426,31.9346,38.02169,2231.8747,-0.53642,58.25882,8.677234626903507,3.2324982103053372,0.0
23.87999,31.9624,37.99038,2227.16178,-0.53631,58.2752,8.67875629301802,3.2330650709704383,0.0
23.89567,31.99016,37.95914,2222.44805,-0.5363,58.29158,8.68010904774433,3.2335690076991073,0.0
23.91132,32.01786,37.92797,2217.73361,-0.53639,58.30794,8.681300299385736,3.2340127802792487,0.0
23.92692,32.04552,37.89686,2213.01859,-0.53658,58.32429,8.682337866656257,3.234399301387555,0.0
23.94248,32.07312,37.8658,2208.3031,-0.53689,58.34063,8.6832299523743,3.234731626789714,0.0
23.958,32.10067,37.83478,2203.58724,-0.53732,58.35696,8.683985116163704,3.235012945170822,0.0
23.97349,32.12818,37.8038,2198.87112,-0.53787,58.37328,8.684612246265814,3.2352465676346447,0.0
23.98893,32.15563,37.77285,2194.15484,-0.53856,58.38958,8.685120530556727,3.2354359169067752,0.0
24.00433,32.18303,37.74192,2189.43851,-0.53937,58.40588,8.685519426897638,3.235584516289358,0.0
24.01969,32.21038,37.71101,2184.7222,-0.54033,58.42217,8.685818632907848,3.2356959784007455,0.0
24.03501,32.23768,37.68011,2180.00601,-0.54143,58.43844,8.686028055288178,3.2357739937476526,0.0
24.05029,32.26493,37.64921,2175.29003,-0.54267,58.45471,8.686157778780753,3.235822319161868,0.0
24.06553,32.29213,37.6183,2170.57434,-0.54407,58.47096,8.68621803488951,3.235844766147813,0.0
24.08074,32.31927,37.58738,2165.859,-0.54561,58.48721,8.686219170467352,3.235845189180438,0.0
24.0959,32.34637,37.55643,2161.14408,-0.54731,58.50344,8.686171616247812,3.2358274739824324,0.0
24.11102,32.37341,37.52544,2156.42966,-0.54917,58.51966,8.686085855462522,3.23579552583341,0.0
24.1261,32.40041,37.49442,2151.71579,-0.55119,58.53587,8.68597239259714,3.2357532579306674,0.0
24.14114,32.42735,37.46334,2147.00253,-0.55337,58.55207,8.685841722418969,3.2357045798511597,0.0
24.15614,32.45424,37.43221,2142.28991,-0.55571,58.56825,8.685704299340754,3.2356533861387056,0.0
24.1711,32.48108,37.401,2137.57799,-0.55821,58.58443,8.685570507228787,3.2356035450567155,0.0
24.18603,32.50787,37.36973,2132.86679,-0.56087,58.60059,8.685450629716074,3.235558887529062,0.0
24.20091,32.53461,37.33837,2128.15636,-0.5637,58.61675,8.685354821122509,3.235523196307084,0.0
24.21575,32.56129,37.30691,2123.4467,-0.56668,58.63289,8.685293078044246,3.235500195385873,0.0
24.23055,32.58793,37.27536,2118.73785,-0.56983,58.64902,8.685275211690227,3.2354935396989086,0.0
24.24532,32.61451,37.2437,2114.02982,-0.57313,58.66514,8.68531082102958,3.235506805114756,0.0
24.26004,32.64105,37.21192,2109.32261,-0.57659,58.68124,8.685409266809314,3.2355434787579704,0.0
24.27472,32.66753,37.18001,2104.61623,-0.5802,58.69734,8.685579646507982,3.2356069496786843,0.0
24.28937,32.69396,37.14798,2099.91066,-0.58396,58.71342,8.685830770277102,3.2357004998901457,0.0
24.30397,32.72033,37.11581,2095.20591,-0.58787,58.72949,8.686171137924044,3.2358272957942433,0.0
24.31854,32.74666,37.08349,2090.50195,-0.59192,58.74555,8.686608916968531,3.2359903800069745,0.0
24.33307,32.77294,37.05101,2085.79877,-0.59612,58.7616,8.68715192182708,3.2361926636041023,0.0
24.34755,32.79916,37.01838,2081.09634,-0.60045,58.77764,8.687807594170472,3.236436918803794,0.0
24.362,32.82533,36.98558,2076.39463,-0.60491,58.79366,8.688582984466509,3.236725772090813,0.0
24.37641,32.85145,36.95262,2071.6936,-0.6095,58.80967,8.689484734760557,3.2370616978018245,0.0
24.39078,32.87752,36.91947,2066.99322,-0.61421,58.82567,8.69051906269564,3.237447012172449,0.0
24.40511,32.90353,36.88614,2062.29343,-0.61904,58.84166,8.691691746837188,3.237883867870352,0.0
24.4194,32.9295,36.85262,2057.59419,-0.62397,58.85764,8.693008113266094,3.238374249000805,0.0
24.43365,32.95541,36.81892,2052.89544,-0.62902,58.8736,8.69447302351784,3.238919966613689,0.0
24.44786,32.98127,36.78501,2048.19713,-0.63416,58.88955,8.696090863832358,3.239522654698787,0.0
24.46204,33.00708,36.75091,2043.49919,-0.63939,58.90549,8.69786553575795,3.2401837666854996,0.0
24.47617,33.03284,36.7166,2038.80156,-0.64471,58.92141,8.699800448096445,3.240904572442196,0.0
24.49027,33.05854,36.68208,2034.10416,-0.65011,58.93733,8.701898510224963,3.2416861557884062,0.0
24.50433,33.0842,36.64736,2029.40693,-0.65558,58.95323,8.704162126763697,3.24252941250842,0.0
24.51834,33.1098,36.61242,2024.70979,-0.66112,58.96912,8.706593193611807,3.2434350488745594,0.0
24.53232,33.13535,36.57727,2020.01266,-0.66671,58.985,8.709193095354806,3.2444035806813583,0.0
24.54626,33.16084,36.54191,2015.31546,-0.67236,59.00086,8.71196270401961,3.245435332781788,0.0
24.56016,33.18629,36.50633,2010.6181,-0.67805,59.01671,8.714902379204371,3.2465304391356207,0.0
24.57403,33.21168,36.47053,2005.92051,-0.68378,59.03255,8.718011969538832,3.247688843353452,0.0
24.58785,33.23702,36.43451,2001.2226,-0.68953,59.04837,8.721290815499737,3.248910299745519,0.0
24.60164,33.26231,36.39828,1996.52427,-0.69531,59.06419,8.724737753548506,3.2501943748630846,0.0
24.61538,33.28755,36.36183,1991.82544,-0.7011,59.07998,8.728351121582543,3.2515404495291973,0.0
24.62909,33.31273,36.32516,1987.12602,-0.7069,59.09577,8.732128765698794,3.2529477213583005,0.0
24.64276,33.33786,36.28828,1982.42593,-0.71269,59.11154,8.736068048236831,3.2544152077524813,0.0
24.65639,33.36294,36.25119,1977.72506,-0.71848,59.1273,8.740165857071952,3.255941749363403,0.0
24.66998,33.38796,36.21388,1973.02333,-0.72426,59.14305,8.744418616176226,3.257526014026571,0.0
24.68354,33.41293,36.17637,1968.32065,-0.73001,59.15878,8.74882229737922,3.2591665011425124,0.0
24.69705,33.43785,36.13865,1963.61692,-0.73574,59.1745,8.753372433327815,3.260861546504646,0.0
24.71053,33.46272,36.10073,1958.91207,-0.74143,59.19021,8.758064131613109,3.26260932756193,0.0
24.72397,33.48754,36.0626,1954.206,-0.74707,59.2059,8.76289209002509,3.2644078691016234,0.0
24.73737,33.5123,36.02429,1949.49863,-0.75267,59.22158,8.767850612900986,3.2662550493394837,0.0
24.75073,33.53701,35.98578,1944.78987,-0.75822,59.23725,8.772933628553869,3.2681486064123733,0.0
24.76405,33.56166,35.94708,1940.07965,-0.76371,59.2529,8.778134707696283,3.2700861452415513,0.0
24.77733,33.58627,35.9082,1935.36787,-0.76913,59.26854,8.783447082872042,3.272065144771525,0.0
24.79058,33.61081,35.86915,1930.65447,-0.77448,59.28416,8.788863668807046,3.2740829655512673,0.0
24.80379,33.63531,35.82992,1925.93936,-0.77975,59.29977,8.794377083649382,3.2761368576467116,0.0
24.81696,33.65975,35.79052,1921.22249,-0.78494,59.31537,8.799979671051922,3.278223968867105,0.0
24.83009,33.68414,35.75096,1916.50377,-0.79005,59.33095,8.805663523029645,3.280341353279953,0.0
24.84318,33.70848,35.71124,1911.78314,-0.79507,59.34651,8.811420503551346,3.28248597999956,0.0
24.85624,33.73276,35.67138,1907.06054,-0.8,59.36207,8.817242272787645,3.2846547422200496,0.0
24.86926,33.75699,35.63137,1902.33592,-0.80483,59.3776,8.82312031196709,3.2868444664749115,0.0
24.88223,33.78117,35.59122,1897.60922,-0.80956,59.39313,8.829045948772249,3.289051922097721,0.0
24.89517,33.80529,35.55093,1892.88039,-0.81418,59.40864,8.835010383189001,3.291273830851676,0.0
24.90808,33.82936,35.51053,1888.14938,-0.81871,59.42413,8.841004713779572,3.293506876716994,0.0
24.92094,33.85337,35.47,1883.41615,-0.82313,59.43961,8.84701996424645,3.295747715786671,0.0
24.93377,33.87734,35.42936,1878.68068,-0.82744,59.45508,8.853047110263722,3.2979929862618604,0.0
24.94656,33.90124,35.38861,1873.94291,-0.83164,59.47053,8.859077106473123,3.300239318508612,0.0
24.95931,33.9251,35.34776,1869.20284,-0.83573,59.48596,8.865100913558814,3.3024833451439353,0.0
24.97202,33.94889,35.30682,1864.46043,-0.83971,59.50138,8.871109525335289,3.3047217111267617,0.0
24.98469,33.97264,35.26579,1859.71567,-0.84358,59.51679,8.877093995745033,3.3069510838152847,0.0
24.99733,33.99633,35.22468,1854.96856,-0.84734,59.53217,8.883045465711035,3.30916816297022,0.0
25.00993,34.01997,35.1835,1850.21907,-0.851,59.54755,8.888955189715396,3.3113696906560413,0.0
25.02249,34.04355,35.14225,1845.46721,-0.85455,59.56291,8.894814562050719,3.313552461020314,0.0
25.03501,34.06708,35.10093,1840.71298,-0.85799,59.57825,8.900615142657005,3.315713329918616,0.0
25.04749,34.09055,35.05956,1835.9564,-0.86133,59.59358,8.906348682426266,3.3178492243411766,0.0
25.05994,34.11397,35.01814,1831.19747,-0.86457,59.60889,8.912007147921468,3.319957151621327,0.0
25.07235,34.13733,34.97667,1826.43622,-0.86771,59.62418,8.917582745422644,3.322034208393314,0.0
25.08472,34.16064,34.93516,1821.67267,-0.87076,59.63946,8.923067944185465,3.3240775892567314,0.0
25.09705,34.1839,34.89362,1816.90684,-0.87372,59.65473,8.928455498865974,3.3260845951303155,0.0
25.10934,34.20709,34.85205,1812.13878,-0.87659,59.66997,8.933738471012074,3.328052641258101,0.0
25.1216,34.23024,34.81045,1807.36852,-0.87938,59.68521,8.93891024955967,3.3299792648447633,0.0
25.13382,34.25333,34.76883,1802.5961,-0.88209,59.70042,8.943964570231657,3.3318621322822604,0.0
25.146,34.27636,34.7272,1797.82158,-0.88473,59.71562,8.948895533803611,3.333699045954272,0.0
25.15815,34.29934,34.68555,1793.045,-0.8873,59.7308,8.95369762314785,3.335487950585576,0.0
25.17025,34.32227,34.6439,1788.26643,-0.88982,59.74597,8.958365718999776,3.3372269391154132,0.0
25.18232,34.34514,34.60224,1783.48592,-0.89228,59.76112,8.962895114381794,3.3389142580707794,0.0
25.19435,34.36795,34.56058,1778.70354,-0.89469,59.77625,8.967281527658818,3.34054831242995,0.0
25.20634,34.39071,34.51892,1773.91937,-0.89705,59.79137,8.97152111413216,3.342127669941504,0.0
25.2183,34.41341,34.47727,1769.13346,-0.89939,59.80647,8.975610476172015,3.34365106489894,0.0
25.23022,34.43606,34.43561,1764.34591,-0.90169,59.82155,8.979546671840266,3.345117401352905,0.0
25.2421,34.45865,34.39397,1759.55678,-0.90397,59.83662,8.983327221956406,3.3465257557434276,0.0
25.25394,34.48119,34.35233,1754.76617,-0.90624,59.85166,8.986950115611194,3.3478753789539053,0.0
25.26574,34.50367,34.31071,1749.97416,-0.9085,59.8667,8.990413814084146,3.349165697770472,0.0
25.27751,34.52609,34.26909,1745.18083,-0.91076,59.88171,8.993717253180304,3.350396315752504,0.0
25.28924,34.54846,34.22749,1740.38628,-0.91303,59.89671,8.996859843957925,3.3515670135037072,0.0
25.30093,34.57077,34.1859,1735.59061,-0.91532,59.91169,8.999841471867697,3.35267774835145,0.0
25.31259,34.59303,34.14431,1730.7939,-0.91763,59.92665,9.002662494303562,3.353728653434377,0.0
25.3242,34.61523,34.10274,1725.99625,-0.91997,59.9416,9.005323736583863,3.3547200362052867,0.0
25.33578,34.63738,34.06118,1721.19776,-0.92235,59.95652,9.007826486380866,3.3556523763559816,0.0
25.34733,34.65947,34.01962,1716.39854,-0.92478,59.97144,9.01017248663387,3.3565263231772073,0.0
25.35883,34.6815,33.97807,1711.59867,-0.92726,59.98633,9.012363926978328,3.357342692365783,0.0
25.3703,34.70347,33.93652,1706.79826,-0.92981,60.0012,9.014403433721158,3.35810246229014,0.0
25.38173,34.72539,33.89498,1701.99741,-0.93242,60.01606,9.016294058429738,3.3588067697394157,0.0
25.39312,34.74726,33.85343,1697.19623,-0.93511,60.0309,9.01803926515338,3.359456905163125,0.0
25.40448,34.76907,33.81188,1692.39481,-0.93789,60.04572,9.019642916374636,3.3600543074376463,0.0
25.4158,34.79082,33.77032,1687.59325,-0.94076,60.06053,9.021109257718532,3.360600558170009,0.0
25.42708,34.81251,33.72876,1682.79166,-0.94373,60.07531,9.022442901491804,3.361097375565833,0.0
25.43832,34.83415,33.68717,1677.99013,-0.9468,60.09008,9.02364880913038,3.3615466078905425,0.0
25.44953,34.85573,33.64557,1673.18876,-0.94999,60.10483,9.024732272623556,3.361950226549391,0.0
25.4607,34.87726,33.60395,1668.38764,-0.9533,60.11957,9.025698894988134,3.3623103188135612,0.0
25.47184,34.89873,33.5623,1663.58688,-0.95673,60.13428,9.026554569877867,3.3626290802241474,0.0
25.48293,34.92014,33.52062,1658.78656,-0.96029,60.14898,9.027305460388746,3.3629088066965687,0.0
25.49399,34.9415,33.4789,1653.98677,-0.96399,60.16366,9.027957977178197,3.3631518863693888,0.0
25.50502,34.96279,33.43713,1649.18761,-0.96783,60.17832,9.028518755946234,3.3633607912154604,0.0
25.516,34.98404,33.39532,1644.38916,-0.97182,60.19296,9.028994634388681,3.3635380684563874,0.0
25.52695,35.00522,33.35346,1639.5915,-0.97596,60.20758,9.029392628692742,3.363686331806511,0.0
25.53786,35.02635,33.31154,1634.79471,-0.98026,60.22219,9.029719909671762,3.3638082525824764,0.0
25.54874,35.04742,33.26956,1629.99888,-0.98471,60.23677,9.029983778618016,3.3639065507077657,0.0
25.55958,35.06844,33.2275,1625.20407,-0.98933,60.25134,9.030191642960093,3.363983985644429,0.0
25.57038,35.0894,33.18537,1620.41037,-0.99412,60.26589,9.030350991816826,3.3640433472862834,0.0
25.58114,35.1103,33.14316,1615.61782,-0.99908,60.28042,9.030469371511392,3.3640874468372663,0.0
25.59187,35.13114,33.10086,1610.82651,-1.00421,60.29494,9.030554361152905,3.3641191077149415,0.0
25.60257,35.15193,33.05846,1606.03649,-1.00952,60.30943,9.030613548348567,3.364141156502635,0.0
25.61322,35.17266,33.01597,1601.24781,-1.015,60.32391,9.030654505119927,3.3641564139776037,0.0
25.62384,35.19333,32.97337,1596.46054,-1.02066,60.33837,9.030684764123736,3.364167686252685,0.0
25.63442,35.21395,32.93065,1591.67472,-1.0265,60.35281,9.030711795216044,3.3641777560458013,0.0
25.64497,35.23451,32.88782,1586.89039,-1.03252,60.36723,9.030742982449855,3.364189374110981,0.0
25.65548,35.25501,32.84486,1582.1076,-1.03871,60.38163,9.030785601583725,3.364205250859724,0.0
25.66595,35.27546,32.80178,1577.32639,-1.04509,60.39601,9.0308467981424,3.3642280481880094,0.0
25.67639,35.29585,32.75855,1572.54678,-1.05165,60.41038,9.030933566094866,3.364260371533305,0.0
25.68679,35.31618,32.71519,1567.76881,-1.05839,60.42472,9.031052727221615,3.364304762188337,0.0
25.69716,35.33645,32.67168,1562.99251,-1.0653,60.43905,9.031210911224292,3.3643636898914058,0.0
25.70749,35.35667,32.62801,1558.21788,-1.07239,60.45336,9.03141453660616,3.364439545703858,0.0
25.71778,35.37683,32.58419,1553.44496,-1.07965,60.46765,9.031669792398139,3.3645346352025536,0.0
25.72804,35.39693,32.5402,1548.67376,-1.08708,60.48192,9.031982620760683,3.3646511719986107,0.0
25.73826,35.41698,32.49604,1543.90427,-1.09468,60.49617,9.03235870050487,3.3647912715985746,0.0
25.74844,35.43696,32.45171,1539.13652,-1.10244,60.5104,9.032803431578388,3.364956945625038,0.0
25.75859,35.45689,32.4072,1534.3705,-1.11036,60.52461,9.033321920524541,3.365150096399746,0.0
25.76871,35.47677,32.36251,1529.6062,-1.11845,60.53881,9.03391896699183,3.365372511918049,0.0
25.77878,35.49658,32.31763,1524.84363,-1.12668,60.55298,9.034599051270144,3.365625861205815,0.0
25.78882,35.51634,32.27256,1520.08278,-1.13507,60.56714,9.035366322907974,3.3659116900790393,0.0
25.79883,35.53605,32.22729,1515.32362,-1.1436,60.58128,9.036224590436353,3.366231417315737,0.0
25.8088,35.55569,32.18183,1510.56616,-1.15226,60.59539,9.037177312186799,3.3665863312353967,0.0
25.81874,35.57528,32.13616,1505.81036,-1.16107,60.60949,9.038227588257325,3.366977586706094,0.0
25.82863,35.59481,32.09029,1501.05621,-1.17,60.62357,9.039378153602751,3.367406202570462,0.0
25.8385,35.61428,32.04421,1496.30367,-1.17906,60.63763,9.040631372281647,3.367873059502519,0.0
25.84833,35.6337,31.99792,1491.55274,-1.18823,60.65168,9.041989232858056,3.3683788982946923,0.0
25.85812,35.65305,31.95142,1486.80337,-1.19752,60.6657,9.043453344964263,3.368924318577363,0.0
25.86788,35.67235,31.9047,1482.05553,-1.20692,60.6797,9.045024937012242,3.3695097779663103,0.0
25.8776,35.6916,31.85777,1477.30919,-1.21641,60.69368,9.046704855068114,3.370135591643427,0.0
25.88728,35.71078,31.81061,1472.56432,-1.226,60.70765,9.04849356287744,3.370801932366136,0.0
25.89693,35.72991,31.76324,1467.82087,-1.23568,60.72159,9.0503911430347,3.371508830903054,0.0
25.90655,35.74898,31.71565,1463.07881,-1.24544,60.73552,9.05239729927894,3.3722561768891812,0.0
25.91613,35.768,31.66784,1458.3381,-1.25528,60.74942,9.054511359913972,3.373043720100014,0.0
25.92568,35.78695,31.61981,1453.5987,-1.26518,60.76331,9.056732282337506,3.3738710721387664,0.0
25.93519,35.80585,31.57156,1448.86055,-1.27515,60.77718,9.059058658646112,3.374737708524366,0.0
25.94466,35.82469,31.52308,1444.12363,-1.28517,60.79102,9.061488722310829,3.3756429711782965,0.0
25.9541,35.84347,31.47439,1439.38788,-1.29525,60.80485,9.064020355898672,3.376586071301056,0.0
25.96351,35.8622,31.42547,1434.65327,-1.30537,60.81866,9.066651099804268,3.377566092624929,0.0
25.97288,35.88087,31.37634,1429.91974,-1.31553,60.83245,9.069378161981554,3.378581995039292,0.0
25.98221,35.89948,31.32699,1425.18726,-1.32572,60.84622,9.072198428619648,3.3796326185676637,0.0
25.99151,35.91803,31.27742,1420.45578,-1.33594,60.85997,9.075108475757025,3.380716687694285,0.0
26.00078,35.93652,31.22764,1415.72526,-1.34617,60.87369,9.0781045817833,3.381832816021367,0.0
26.01001,35.95496,31.17764,1410.99565,-1.35643,60.8874,9.08118274078871,3.3829795112421195,0.0
26.0192,35.97334,31.12744,1406.26692,-1.36669,60.90109,9.084338676736865,3.3841551804204797,0.0
26.02836,35.99166,31.07702,1401.53903,-1.37696,60.91476,9.087567858406814,3.3853581355574183,0.0
26.03749,36.00993,31.0264,1396.81193,-1.38724,60.92841,9.090865515047675,3.3865865994227073,0.0
26.04658,36.02813,30.97557,1392.08559,-1.3975,60.94204,9.094226652740002,3.387838711649955,0.0
26.05564,36.04628,30.92455,1387.35997,-1.40776,60.95565,9.097646071360714,3.3891125350564884,0.0
26.06466,36.06437,30.87332,1382.63504,-1.41801,60.96924,9.101118382145954,3.3904060621859857,0.0
26.07365,36.0824,30.8219,1377.91078,-1.42824,60.9828,9.10463802578121,3.3917172220475154,0.0
26.0826,36.10038,30.77029,1373.18714,-1.43846,60.99635,9.108199290955096,3.3930438870273147,0.0
26.09152,36.11829,30.71849,1368.4641,-1.44865,61.00988,9.111796333333437,3.3943838799571275,0.0
26.1004,36.13615,30.6665,1363.74164,-1.45882,61.02339,9.11542319489135,3.3957349813159206,0.0
26.10925,36.15395,30.61433,1359.01974,-1.46896,61.03687,9.119073823542971,3.3970949365424707,0.0
26.11807,36.17169,30.56199,1354.29838,-1.47907,61.05034,9.122742093005305,3.398461463435169,0.0
26.12685,36.18938,30.50946,1349.57754,-1.48915,61.06379,9.126421822837749,3.399832259617273,0.0
26.13559,36.20701,30.45677,1344.85722,-1.4992,61.07721,9.13010679858641,3.401205010041197,0.0
26.1443,36.22457,30.40391,1340.13739,-1.50922,61.09062,9.133790791979306,3.4025773945117503,0.0
26.15298,36.24208,30.35088,1335.41806,-1.51921,61.104,9.137467581091435,3.4039470951981627,0.0
26.16163,36.25954,30.2977,1330.69923,-1.52916,61.11737,9.141130970435228,3.4053118041183,0.0
26.17024,36.27693,30.24435,1325.98088,-1.53908,61.13071,9.14477481088912,3.4066692305625863,0.0
26.17881,36.29427,30.19085,1321.26304,-1.54897,61.14403,9.148393019407614,3.4080171084365216,0.0
26.18735,36.31154,30.13721,1316.5457,-1.55883,61.15733,9.151979598448264,3.409353203497738,0.0
26.19586,36.32876,30.08341,1311.82889,-1.56866,61.17061,9.155528655046883,3.410675320462023,0.0
26.20433,36.34592,30.02947,1307.1126,-1.57846,61.18387,9.159034419477935,3.4119813099548035,0.0
26.21277,36.36303,29.9754,1302.39687,-1.58824,61.19711,9.162491263430457,3.4132690752821557,0.0
26.22118,36.38007,29.92118,1297.68172,-1.598,61.21033,9.165893717650164,3.4145365790029554,0.0
26.22955,36.39706,29.86683,1292.96717,-1.60774,61.22353,9.169236488972802,3.415781849274245,0.0
26.23788,36.41398,29.81235,1288.25326,-1.61746,61.2367,9.17251447669542,3.417002985949969,0.0
26.24619,36.43085,29.75775,1283.54002,-1.62718,61.24985,9.175722788234546,3.4181981664140504,0.0
26.25446,36.44766,29.70301,1278.82748,-1.63689,61.26299,9.178856753998744,3.4193656511208155,0.0
26.26269,36.46441,29.64816,1274.11569,-1.64659,61.2761,9.181911941451471,3.420503788833776,0.0
26.27089,36.48111,29.59318,1269.4047,-1.6563,61.28919,9.184884168286093,3.4216110215336673,0.0
26.27906,36.49774,29.53809,1264.69455,-1.66602,61.30226,9.187769514688284,3.422685888986516,0.0
26.28719,36.51432,29.48287,1259.98529,-1.67575,61.31531,9.190564334637886,3.4237270329538814,0.0
26.2953,36.53084,29.42755,1255.27699,-1.6855,61.32833,9.193265266197663,3.4247332010256852,0.0
26.30336,36.5473,29.37211,1250.5697,-1.69527,61.34134,9.19586924078296,3.4257032500734037,0.0
26.3114,36.5637,29.31656,1245.86348,-1.70508,61.35432,9.19837349135317,3.4266361493016038,0.0
26.31939,36.58004,29.2609,1241.1584,-1.71493,61.36728,9.200775559507393,3.4275309828912697,0.0
26.32736,36.59632,29.20513,1236.45453,-1.72482,61.38022,9.20307330147626,3.4283869522319015,0.0
26.33529,36.61255,29.14925,1231.75194,-1.73477,61.39314,9.20526489296928,3.4292033777272954,0.0
26.34319,36.62871,29.09326,1227.0507,-1.74478,61.40604,9.207348832876326,3.429979700174427,0.0
26.35106,36.64482,29.03717,1222.35089,-1.75485,61.41892,9.20932394582246,3.430715481715213,0.0
26.35889,36.66087,28.98097,1217.65259,-1.765,61.43177,9.211189383541868,3.4314104063483124,0.0
26.36669,36.67686,28.92466,1212.95589,-1.77524,61.4446,9.212944625125347,3.432064280021344,0.0
26.37446,36.69279,28.86824,1208.26085,-1.78556,61.45741,9.214589476071287,3.4326770302773397,0.0
26.38219,36.70866,28.81171,1203.56758,-1.79599,61.4702,9.216124066232737,3.4332487054899765,0.0
26.38989,36.72448,28.75508,1198.87616,-1.80652,61.48297,9.217548846604958,3.4337794736668568,0.0
26.39755,36.74023,28.69833,1194.18668,-1.81717,61.49571,9.218864585013575,3.434269620843228,0.0
26.40519,36.75593,28.64147,1189.49923,-1.82794,61.50844,9.220072360717213,3.4347195490713243,0.0
26.41279,36.77157,28.5845,1184.81391,-1.83884,61.52114,9.221173557944631,3.435129774012781,0.0
26.42035,36.78715,28.52741,1180.13079,-1.84988,61.53382,9.222169858400619,3.435500922146879,0.0
26.42789,36.80267,28.47021,1175.45,-1.86107,61.54648,9.223063232786425,3.4358337276116857,0.0
26.43539,36.81813,28.41289,1170.7716,-1.87242,61.55911,9.223855931354949,3.4361290286856163,0.0
26.44285,36.83353,28.35545,1166.09571,-1.88393,61.57173,9.224550473563923,3.4363877639329634,0.0
26.45029,36.84887,28.29789,1161.42243,-1.89561,61.58432,9.225149636858266,3.4366109680250414,0.0
26.45769,36.86416,28.24019,1156.75183,-1.90747,61.59689,9.225656444636204,3.4367997672572392,0.0
26.46506,36.87938,28.18237,1152.08404,-1.91952,61.60944,9.226074153452023,3.436955374781712,0.0
26.4724,36.89455,28.12442,1147.41913,-1.93176,61.62196,9.226406239499967,3.4370790855722806,0.0
26.4797,36.90966,28.06634,1142.75722,-1.9442,61.63447,9.2266563844603,3.4371722711517148,0.0
26.48697,36.92471,28.00811,1138.09839,-1.95685,61.64695,9.226828460727205,3.437236374088736,0.0
26.49421,36.9397,27.94975,1133.44275,-1.96971,61.65941,9.226926516111837,3.4372729022995046,0.0
26.50142,36.95463,27.89124,1128.79038,-1.9828,61.67185,9.226954758077259,3.4372834231747147,0.0
26.50859,36.96951,27.83258,1124.14139,-1.99611,61.68426,9.226917537546646,3.4372695575477303,0.0
26.51573,36.98432,27.77377,1119.49586,-2.00966,61.69666,9.226819332366508,3.437232973534195,0.0
26.52284,36.99908,27.71481,1114.8539,-2.02345,61.70903,9.226664730485881,3.4371753802658414,0.0
26.52992,37.01378,27.65568,1110.21559,-2.03747,61.72138,9.226458412913408,3.4370985215415533,0.0
26.53696,37.02842,27.59639,1105.58102,-2.05175,61.73371,9.226205136514496,3.4370041694188553,0.0
26.54397,37.043,27.53693,1100.95029,-2.06629,61.74602,9.225909716711978,3.436894117769454,0.0
26.55095,37.05752,27.4773,1096.32347,-2.08108,61.7583,9.225577010158508,3.43677017582425,0.0
26.5579,37.07198,27.41749,1091.70067,-2.09613,61.77056,9.225211897435305,3.4366341617281635,0.0
26.56482,37.08639,27.35751,1087.08195,-2.11145,61.7828,9.224819265846648,3.4364878961306293,0.0
26.5717,37.10073,27.29734,1082.4674,-2.12705,61.79502,9.224403992359706,3.4363331958302408,0.0
26.57855,37.11502,27.23698,1077.85711,-2.14291,61.80722,9.22397092675977,3.4361718674996236,0.0
26.58537,37.12925,27.17643,1073.25115,-2.15905,61.8194,9.223524875070188,3.4360057015089276,0.0
26.59216,37.14342,27.11568,1068.6496,-2.17546,61.83155,9.223070583291051,3.4358364658680625,0.0
26.59891,37.15753,27.05473,1064.05254,-2.19216,61.84368,9.22261272151623,3.4356659003098735,0.0
26.60564,37.17159,26.99357,1059.46002,-2.20914,61.85579,9.222155868476532,3.4354957105320594,0.0
26.61233,37.18558,26.93221,1054.87214,-2.2264,61.86788,9.221704496552437,3.4353275626140243,0.0
26.61899,37.19952,26.87063,1050.28895,-2.24394,61.87994,9.221262957312476,3.435163077629541,0.0
26.62562,37.2134,26.80884,1045.71051,-2.26177,61.89198,9.220835467616476,3.4350038264698513,0.0
26.63221,37.22722,26.74682,1041.1369,-2.27988,61.90401,9.220426096320601,3.4348513248909307,0.0
26.63878,37.24098,26.68458,1036.56818,-2.29828,61.91601,9.220038751632877,3.434707028803101,0.0
26.64531,37.25469,26.62212,1032.0044,-2.31696,61.92798,9.219677169150978,3.4345723298147863,0.0
26.65182,37.26833,26.55942,1027.44561,-2.33592,61.93994,9.219344900606057,3.4344485510392917,0.0
26.65829,37.28192,26.49649,1022.89189,-2.35517,61.95188,9.219045303361234,3.434336943182717,0.0
26.66473,37.29545,26.43331,1018.34327,-2.37469,61.96379,9.218781530681643,3.4342386809192926,0.0
26.67114,37.30892,26.3699,1013.79981,-2.39449,61.97568,9.2185565227983,3.434154859562433,0.0
26.67752,37.32233,26.30624,1009.26155,-2.41457,61.98755,9.218372998798989,3.4340864920438823,0.0
26.68386,37.33569,26.24234,1004.72855,-2.43493,61.9994,9.218233449358172,3.4340345062054123,0.0
26.69018,37.34899,26.17819,1000.20085,-2.45556,62.01122,9.218140130316652,3.4339997424070736,0.0
26.69646,37.36223,26.11378,995.67848,-2.47645,62.02303,9.218095057140776,3.4339829514631135,0.0
