0.05151,0.05151,59.46847,5449.72121,-0.53053,45.00011,2.5338039441342786,0.9439086375841685,0.0
0.103,0.103,59.39063,5448.43567,-0.5607,45.00028,2.5604874360145122,0.9538489403944812,0.0
0.15448,0.15448,59.30854,5447.14229,-0.59048,45.00051,2.5889938327153086,0.9644683232139659,0.0
0.20595,0.20596,59.22225,5445.83993,-0.61985,45.00081,2.619354504276411,0.9757784722078228,0.0
0.25741,0.25742,59.13182,5444.52743,-0.64876,45.00116,2.651602112916083,0.9877915549117493,0.0
0.30886,0.30887,59.03733,5443.20362,-0.6772,45.00158,2.685770498674164,1.000520177630971,0.0
0.36029,0.3603,58.93884,5441.8673,-0.70513,45.00206,2.721894549906178,1.0139773371958882,0.0
0.41171,0.41173,58.83644,5440.51722,-0.73253,45.00261,2.7600100571827713,1.0281763665357726,0.0
0.46312,0.46314,58.7302,5439.15212,-0.75935,45.00321,2.800153549056986,1.0431308734977578,0.0
0.51451,0.51455,58.62022,5437.77072,-0.78558,45.00387,2.8423621081040173,1.0588546723168044,0.0
0.5659,0.56594,58.50657,5436.3717,-0.81116,45.0046,2.886673165575452,1.0753617071190043,0.0
0.61726,0.61732,58.38936,5434.9537,-0.83609,45.00539,2.933124272968728,1.0926659668251921,0.0
0.66862,0.66869,58.26869,5433.51535,-0.86031,45.00624,2.981752848775335,1.1107813908079882,0.0
0.71996,0.72004,58.14465,5432.05524,-0.88379,45.00714,3.0325958986629797,1.1297217646522904,0.0
0.77129,0.77139,58.01736,5430.57193,-0.90651,45.00811,3.085689707357565,1.1495006053732062,0.0
0.8226,0.82272,57.88694,5429.06396,-0.92842,45.00914,3.141069500524498,1.170131035457943,0.0
0.8739,0.87404,57.7535,5427.52983,-0.94948,45.01024,3.198769075019486,1.1916256451245006,0.0
0.92518,0.92535,57.61717,5425.96802,-0.96967,45.01139,3.2588203959951016,1.213996342233266,0.0
0.97645,0.97665,57.47807,5424.37699,-0.98895,45.0126,3.3212531594767762,1.2372541893350617,0.0
1.0277,1.02793,57.33635,5422.75515,-1.00727,45.01387,3.386094319243533,1.2614092274217705,0.0
1.07894,1.0792,57.19213,5421.10092,-1.0246,45.0152,3.4533675770884473,1.286470286034945,0.0
1.13016,1.13046,57.04558,5419.41267,-1.0409,45.01659,3.5230928358445635,1.312444779503569,0.0
1.18136,1.18171,56.89683,5417.68876,-1.05614,45.01804,3.5952856149598884,1.339338489230366,0.0
1.23255,1.23294,56.74605,5415.92754,-1.07027,45.01954,3.66995642883667,1.3671553321068248,0.0
1.28372,1.28416,56.5934,5414.12734,-1.08326,45.02111,3.7471101287062853,1.395897115344276,0.0
1.33487,1.33536,56.43905,5412.28648,-1.09506,45.02273,3.8267452094170618,1.4255632782341188,0.0
1.38601,1.38655,56.28316,5410.40326,-1.10564,45.02442,3.908853083217814,1.45615062161308,0.0
1.43712,1.43773,56.12591,5408.47601,-1.11496,45.02616,3.9934173234236767,1.4876530261088343,0.0
1.48822,1.48889,55.9675,5406.50302,-1.12298,45.02796,4.0804128817391065,1.5200611605722323,0.0
1.5393,1.54004,55.8081,5404.48263,-1.12966,45.02981,4.169805283975779,1.553362182461052,0.0
1.59035,1.59117,55.64791,5402.41315,-1.13497,45.03173,4.261549809999602,1.5875394323486867,0.0
1.64139,1.64229,55.48714,5400.29294,-1.13887,45.0337,4.355590664837783,1.6225721251397176,0.0
1.69241,1.69339,55.32598,5398.12037,-1.14132,45.03572,4.451860149136642,1.6584350410436208,0.0
1.7434,1.74447,55.16464,5395.89385,-1.14229,45.03781,4.55027783837949,1.6950982198118338,0.0
1.79438,1.79554,55.00334,5393.61182,-1.14174,45.03995,4.6507497815866,1.73252666223241,0.0
1.84533,1.84659,54.8423,5391.27278,-1.13965,45.04214,4.753167731536767,1.7706800433672931,0.0
1.89625,1.89762,54.68173,5388.87529,-1.13599,45.04439,4.85740841977238,1.809512442472636,0.0
1.94716,1.94863,54.52186,5386.41796,-1.13072,45.0467,4.9633328909336765,1.8489720950207904,0.0
1.99804,1.99963,54.36293,5383.89947,-1.12382,45.04906,5.070785912031099,1.8890011726387221,0.0
2.04889,2.0506,54.20516,5381.31862,-1.11527,45.05148,5.179595473262665,1.92953559714934,0.0
2.09972,2.10156,54.04878,5378.67428,-1.10505,45.05395,5.289572397751014,1.9705048951882862,0.0
2.15053,2.1525,53.89404,5375.96542,-1.09314,45.05647,5.4005100781002815,2.0118321000644324,0.0
2.2013,2.20341,53.74118,5373.19114,-1.07953,45.05905,5.51218435787746,2.053433707608573,0.0
2.25205,2.25431,53.59043,5370.35066,-1.0642,45.06168,5.624353576012547,2.0952196927136466,0.0
2.30278,2.30518,53.44203,5367.44335,-1.04716,45.06436,5.736758791523815,2.1370935930508126,0.0
2.35347,2.35603,53.29623,5364.46871,-1.02839,45.06709,5.849124204968655,2.178952666070978,0.0
2.40413,2.40686,53.15327,5361.42641,-1.00791,45.06988,5.961157791494052,2.2206881248327592,0.0
2.45476,2.45767,53.01338,5358.31629,-0.98572,45.07272,6.072552158297219,2.262185457429127,0.0
2.50537,2.50845,52.87681,5355.13836,-0.96183,45.07561,6.182985636660715,2.303324833799221,0.0
2.55594,2.5592,52.74378,5351.89282,-0.93626,45.07855,6.29212361556806,2.3439816025352562,0.0
2.60648,2.60993,52.61453,5348.58008,-0.90903,45.08154,6.399620120154695,2.3840268788970382,0.0
2.65698,2.66064,52.48929,5345.20072,-0.88017,45.08459,6.505119633998694,2.4233282236632,0.0
2.70745,2.71132,52.36828,5341.75557,-0.84972,45.08768,6.608259159583218,2.461750410707679,0.0
2.75788,2.76198,52.25152,5338.24595,-0.82046,45.11493,6.708852291750199,2.49922399920448,12.999999778243907
2.80825,2.81264,52.13903,5334.67328,-0.78972,45.14261,6.80672147511228,2.535682845100049,12.999999778243907
2.85857,2.86329,52.031,5331.03882,-0.75755,45.1707,6.90151443683519,2.5709957174947644,12.999999778243907
2.90882,2.91394,51.92764,5327.34402,-0.72401,45.1992,6.992879056358172,2.605031442214895,12.999999778243907
2.95902,2.96458,51.82912,5323.59057,-0.68913,45.22809,7.080466547192881,2.637660087116406,12.999999778243907
3.00915,3.01521,51.73561,5319.78033,-0.653,45.25736,7.163934221788258,2.668753992069877,12.999999778243907
3.05923,3.06583,51.64728,5315.91538,-0.61566,45.28699,7.2429483330278055,2.6981888274929973,12.999999778243907
3.10924,3.11645,51.5643,5311.99803,-0.57721,45.31697,7.317186954738723,2.725844667416011,12.999999778243907
3.15919,3.16705,51.48679,5308.03073,-0.5377,45.34728,7.386342860565221,2.751607061937775,12.999999778243907
3.20908,3.21766,51.4149,5304.01617,-0.49723,45.3779,7.450126358328071,2.7753680930992664,12.999999778243907
3.2589,3.26825,51.34874,5299.95718,-0.45587,45.40881,7.508268035677336,2.7970273977114677,12.999999778243907
3.30866,3.31883,51.28843,5295.85677,-0.41373,45.43998,7.560521372512104,2.816493140550456,12.999999778243907
3.35835,3.3694,51.23405,5291.71812,-0.37089,45.47141,7.606665176431991,2.8336829216271657,12.999999778243907
3.40798,3.41997,51.18569,5287.54451,-0.32746,45.50307,7.646505799296926,2.848524601914231,12.999999778243907
3.45753,3.47053,51.14341,5283.3394,-0.28352,45.53492,7.679879095982153,2.8609570330337615,12.999999778243907
3.50703,3.52107,51.10727,5279.1063,-0.23919,45.56696,7.706652090358083,2.8709306778786736,12.999999778243907
3.55645,3.57161,51.07731,5274.84886,-0.19457,45.59915,7.726724318533931,2.8784081110062854,12.999999778243907
3.60581,3.62213,51.05354,5270.57078,-0.14977,45.63148,7.740028825188272,2.883364389797666,12.999999778243907
3.65509,3.67265,51.03598,5266.27582,-0.10489,45.6639,7.746532795257817,2.8857872897783237,12.999999778243907
3.70431,3.72316,51.02461,5261.96777,-0.06005,45.69641,7.7462378102553195,2.8856774001033707,12.999999778243907
3.75346,3.77365,51.01942,5257.65044,-0.01535,45.72898,7.739179725730226,2.8830480779083927,12.999999778243907
3.80255,3.82414,51.02037,5253.32766,0.02911,45.76158,7.725428173718933,2.8779252629590766,12.999999778243907
3.85156,3.87461,51.02741,5249.0032,0.07321,45.79418,7.705085701169389,2.8703471566917056,12.999999778243907
3.9005,3.92507,51.04047,5244.68082,0.11685,45.82677,7.678286562243733,2.860363772314116,12.999999778243907
3.94938,3.97553,51.05947,5240.3642,0.15994,45.85932,7.645195188573197,2.848036364935399,12.999999778243907
3.99818,4.02597,51.08432,5236.05697,0.20236,45.8918,7.60600436715539,2.8334367527846935,12.999999778243907
4.04692,4.0764,51.11491,5231.76266,0.24403,45.9242,7.5609331602570125,2.8166465423202225,12.999999778243907
4.09558,4.12682,51.15112,5227.48468,0.28484,45.95649,7.510224605424642,2.797756271422789,12.999999778243907
4.14418,4.17722,51.19283,5223.22634,0.32472,45.98865,7.454143236352705,2.776864485853864,12.999999778243907
4.19271,4.22762,51.23988,5218.99082,0.36358,46.02066,7.392972467020181,2.7540767647776914,12.999999778243907
4.24118,4.27801,51.29213,5214.78114,0.40133,46.05251,7.327011882049623,2.7295047113487168,12.999999778243907
4.28957,4.32838,51.3494,5210.60018,0.4379,46.08417,7.256574475809021,2.703264924204394,12.999999778243907
4.3379,4.37874,51.41154,5206.45066,0.47323,46.11563,7.181983881352139,2.6754779651725475,12.999999778243907
4.38616,4.4291,51.47835,5202.33514,0.50724,46.14687,7.103571628120242,2.646267337693115,12.999999778243907
4.43436,4.47944,51.54964,5198.25599,0.53988,46.17789,7.0216744643427225,2.615758489341922,12.999999778243907
4.48249,4.52977,51.62522,5194.21543,0.57109,46.20866,6.936631776557039,2.584077850533971,12.999999778243907
4.53056,4.58009,51.70489,5190.21548,0.60082,46.23918,6.848783134714581,2.551351920010777,12.999999778243907
4.57856,4.6304,51.78843,5186.25801,0.62903,46.26943,6.7584659870648345,2.5177064061240704,12.999999778243907
4.62649,4.6807,51.87563,5182.34467,0.65568,46.29941,6.6660135245880765,2.4832654312807882,12.999999778243907
4.67437,4.73099,51.96627,5178.47699,0.68074,46.3291,6.5717527302831975,2.448150805251457,12.999999778243907
4.72218,4.78126,52.06013,5174.65628,0.70418,46.35851,6.4760026242609445,2.4124813714212543,12.999999778243907
4.76993,4.83153,52.15698,5170.8837,0.72597,46.38763,6.379072711428152,2.3763724285115404,12.999999778243907
4.81762,4.88179,52.2566,5167.16025,0.7461,46.41644,6.281261634612443,2.3399352288333697,12.999999778243907
4.86525,4.93204,52.35876,5163.48675,0.76456,46.44495,6.182856032443769,2.3032765528183163,12.999999778243907
4.91282,4.98228,52.46322,5159.8639,0.78134,46.47316,6.0841295981153936,2.266498358382172,12.999999778243907
4.96033,5.03251,52.56977,5156.29222,0.79643,46.50107,5.985342332416206,2.2296975026598305,12.999999778243907
5.00779,5.08273,52.67816,5152.77211,0.80984,46.52866,5.886739982072156,2.192965532772694,12.999999778243907
5.05519,5.13295,52.78818,5149.30382,0.82156,46.55596,5.788553652588162,2.156388541602095,12.999999778243907
5.10253,5.18315,52.89959,5145.88748,0.8316,46.58295,5.690999583292311,2.120047083987347,12.999999778243907
5.14981,5.23335,53.01216,5142.52311,0.83999,46.60964,5.594279071252766,2.084016148382784,12.999999778243907
5.19704,5.28354,53.12568,5139.2106,0.84672,46.63602,5.498578530033925,2.0483651787459807,12.999999778243907
5.24422,5.33372,53.23992,5135.94976,0.85182,46.66212,5.404069668928211,2.0131581413063078,12.999999778243907
5.29134,5.38389,53.35467,5132.74027,0.85532,46.68792,5.310909778252791,1.9784536308454677,12.999999778243907
5.33841,5.43406,53.46971,5129.58176,0.85722,46.71344,5.219242106515189,1.9443050112016085,12.999999778243907
5.38543,5.48422,53.58483,5126.47376,0.85755,46.73868,5.129196315678444,1.9107605848675726,12.999999778243907
5.4324,5.53438,53.69982,5123.4157,0.85635,46.76365,5.040889001381712,1.8778637867867627,12.999999778243907
5.47932,5.58452,53.81448,5120.40698,0.85364,46.78835,4.954424265700979,1.8456533977215734,12.999999778243907
5.52618,5.63466,53.92861,5117.44693,0.84946,46.81278,4.869894330908335,1.8141637728948727,12.999999778243907
5.573,5.6848,54.04202,5114.53479,0.84382,46.83697,4.78738018359607,1.7834250819431738,12.999999778243907
5.61978,5.73493,54.15451,5111.66979,0.83678,46.8609,4.706952239509808,1.7534635565844714,12.999999778243907
5.6665,5.78506,54.26591,5108.85111,0.82835,46.8846,4.628671020398043,1.7243017427625025,12.999999778243907
5.71318,5.83518,54.37603,5106.07786,0.81858,46.90807,4.55258783520278,1.695958754408184,12.999999778243907
5.75981,5.88529,54.48469,5103.34914,0.80751,46.93131,4.47874545881137,1.6684505262925284,12.999999778243907
5.80639,5.93541,54.59174,5100.66401,0.79517,46.95434,4.4071788025824565,1.641790063815204,12.999999778243907
5.85293,5.98551,54.697,5098.02152,0.78159,46.97717,4.337915571667527,1.6159876878741066,12.999999778243907
5.89943,6.03562,54.80031,5095.42067,0.76682,46.99979,4.270976904995666,1.5910512732765183,12.999999778243907
5.94588,6.08572,54.90153,5092.86046,0.75089,47.02223,4.20637799455673,1.566986479438386,12.999999778243907
5.99229,6.13582,55.00049,5090.33986,0.73385,47.04449,4.144128681275996,1.5437969723633058,12.999999778243907
6.03866,6.18591,55.09707,5087.85783,0.71573,47.06657,4.084234025429384,1.5214846371372022,12.999999778243907
6.08498,6.236,55.19111,5085.41334,0.69656,47.0885,4.026694850086741,1.5000497803752488,12.999999778243907
6.13127,6.28609,55.28249,5083.00531,0.6764,47.11027,3.9715082565789963,1.4794913222469481,12.999999778243907
6.17751,6.33618,55.37108,5080.63268,0.65527,47.13189,3.918668111414312,1.4598069778652099,12.999999778243907
6.22371,6.38627,55.45677,5078.29439,0.63323,47.15338,3.8681655044334033,1.4409934279612584,12.999999778243907
6.26987,6.43635,55.53942,5075.98936,0.61029,47.17474,3.819989178326074,1.4230464788908492,12.999999778243907
6.31599,6.48643,55.61893,5073.7165,0.58651,47.19598,3.774125929887821,1.4059612121129075,12.999999778243907
6.36207,6.53652,55.69519,5071.47474,0.56192,47.21711,3.730560983624251,1.3897321233670048,12.999999778243907
6.40812,6.5866,55.76811,5069.26301,0.53657,47.23814,3.6892783384781174,1.3743532518383035,12.999999778243907
6.45412,6.63668,55.83758,5067.0802,0.51047,47.25907,3.650261088598185,1.3598182996523989,12.999999778243907
6.50009,6.68676,55.90351,5064.92526,0.48369,47.27992,3.613491719177527,1.3461207420828687,12.999999778243907
6.54602,6.73684,55.96582,5062.79709,0.45625,47.30069,3.5789523784484123,1.3332539288765242,12.999999778243907
6.59191,6.78692,56.02443,5060.69462,0.42818,47.3214,3.546625126982544,1.321211177124311,12.999999778243907
6.63777,6.837,56.07925,5058.61676,0.39953,47.34204,3.516492165460504,1.3099858561114166,12.999999778243907
6.68358,6.88708,56.13023,5056.56244,0.37034,47.36264,3.4885360420813263,1.299571464582797,12.999999778243907
6.72936,6.93716,56.17728,5054.53058,0.34063,47.38319,3.4627398407545127,1.2899617008496527,12.999999778243907
6.77511,6.98725,56.22036,5052.5201,0.31045,47.40371,3.4390873512196025,1.2811505261634444,12.999999778243907
6.82082,7.03733,56.25939,5050.52992,0.27983,47.4242,3.4175632221572956,1.2731322217538152,12.999999778243907
6.86649,7.08742,56.29434,5048.55897,0.2488,47.44467,3.39815309833319,1.2659014399182413,12.999999778243907
6.91213,7.1375,56.32515,5046.60616,0.2174,47.46512,3.380843742741846,1.25945324952391,12.999999778243907
6.95773,7.18759,56.35177,5044.67042,0.18567,47.48558,3.365623144656374,1.2537831762590337,12.999999778243907
7.0033,7.23769,56.37418,5042.75065,0.15364,47.50604,3.352480614408849,1.248887237941048,12.999999778243907
7.04883,7.28778,56.39233,5040.84577,0.12135,47.52652,3.3414068656573894,1.2447619751632637,12.999999778243907
7.09432,7.33787,56.4062,5038.9547,0.08882,47.54701,3.3323940858058334,1.2414044775280493,12.999999778243907
7.13979,7.38797,56.41576,5037.07632,0.0561,47.56753,3.3254359951699106,1.2388124056877852,12.999999778243907
7.18522,7.43807,56.42108,5035.20938,0.02467,47.57534,3.3204829588644094,1.236967269341757,0.0
7.23063,7.48816,56.42225,5033.35261,-0.0069,47.58319,3.317487328425811,1.2358513181835986,0.0
7.27601,7.53824,56.41926,5031.50495,-0.03856,47.5911,3.3164481163301742,1.235464184334658,0.0
7.32138,7.58831,56.41209,5029.66534,-0.07029,47.59906,3.3173656971215997,1.235806007322468,0.0
7.36671,7.63838,56.40075,5027.83268,-0.10205,47.60708,3.3202418362841204,1.2368774448362827,0.0
7.41203,7.68844,56.38523,5026.0059,-0.13381,47.61515,3.325079691523198,1.2386796732044714,0.0
7.45732,7.7385,56.36554,5024.18388,-0.16553,47.62327,3.3318838044030996,1.2412143842792194,0.0
7.50259,7.78855,56.34169,5022.36551,-0.19719,47.63144,3.340660082240452,1.2444837786914005,0.0
7.54783,7.83859,56.31369,5020.54967,-0.22874,47.63967,3.351415770062728,1.248490555404377,0.0
7.59305,7.88863,56.28156,5018.73521,-0.26015,47.64795,3.3641594123920435,1.2532378974774567,0.0
7.63825,7.93866,56.24534,5016.921,-0.29139,47.65628,3.3789008045021394,1.2587294539078375,0.0
7.68343,7.98868,56.20503,5015.10585,-0.32243,47.66466,3.3956509327507427,1.2649693174028407,0.0
7.72858,8.0387,56.16068,5013.28859,-0.35323,47.6731,3.4144219034989205,1.2719619979005021,0.0
7.77371,8.08871,56.11232,5011.46803,-0.38375,47.68159,3.4352268600739966,1.2797123916360709,0.0
7.81881,8.13872,56.06,5009.64293,-0.41396,47.69013,3.4580798871460687,1.288225745519749,0.0
7.86389,8.18872,56.00376,5007.81209,-0.44383,47.69872,3.482995901844748,1.2975076165748094,0.0
7.90895,8.23871,55.94365,5005.97424,-0.47331,47.70737,3.5099905308782064,1.3075638261612093,0.0
7.95398,8.2887,55.87972,5004.12812,-0.50238,47.71607,3.5390799728573947,1.3184004086877397,0.0
7.99899,8.33868,55.81204,5002.27244,-0.531,47.72482,3.570280844994506,1.3300235545031671,0.0
8.04397,8.38866,55.74066,5000.40592,-0.55913,47.73362,3.6036100133068314,1.342439546642705,0.0
8.08894,8.43863,55.66567,4998.52721,-0.58674,47.74248,3.6390844054317495,1.3556546910966687,0.0
8.13387,8.4886,55.58713,4996.63498,-0.61378,47.75138,3.6767208051436486,1.3696752402626264,0.0
8.17878,8.53856,55.50512,4994.72788,-0.64022,47.76034,3.7165356276721484,1.3845073092455216,0.0
8.22367,8.58851,55.41973,4992.80452,-0.66603,47.76935,3.758544674936135,1.400156784675913,0.0
8.26853,8.63846,55.33104,4990.86351,-0.69116,47.77841,3.802762869841545,1.4166292257289077,0.0
8.31337,8.6884,55.23915,4988.90344,-0.71559,47.78752,3.849203968867398,1.4339297570548946,0.0
8.35818,8.73834,55.14415,4986.92287,-0.73926,47.79668,3.8978802522210643,1.452062953354231,0.0
8.40297,8.78826,55.04616,4984.92037,-0.76214,47.8059,3.9488021909933333,1.4710327153837472,0.0
8.44773,8.83819,54.94527,4982.89447,-0.78419,47.81516,4.001978090848633,1.490842137221978,0.0
8.49247,8.8881,54.8416,4980.84369,-0.80538,47.82447,4.057413711989707,1.5114933646960047,0.0
8.53718,8.93801,54.73528,4978.76655,-0.82566,47.83384,4.115111865338617,1.5329874449482557,0.0
8.58186,8.98791,54.62641,4976.66155,-0.845,47.84325,4.175071985129377,1.5553241672160145,0.0
8.62652,9.03781,54.51514,4974.52718,-0.86336,47.85272,4.237289678411565,1.5785018950096639,0.0
8.67115,9.08769,54.40159,4972.36194,-0.8807,47.86223,4.301756252298968,1.6025173900003657,0.0
8.71575,9.13757,54.2859,4970.16431,-0.89697,47.87179,4.368458220177819,1.627365628069638,0.0
8.76032,9.18744,54.16822,4967.93276,-0.91215,47.8814,4.4373767885616715,1.6530396081492926,0.0
8.80487,9.2373,54.0487,4965.6658,-0.92619,47.89106,4.508487326709319,1.6795301546401564,0.0
8.84939,9.28716,53.92747,4963.3619,-0.93906,47.90077,4.5817588217255505,1.706825714422765,0.0
8.89388,9.337,53.80472,4961.01957,-0.95072,47.91053,4.657153322387159,1.7349121496679163,0.0
8.93834,9.38684,53.68058,4958.63733,-0.96113,47.92033,4.734625375595169,1.7637725279003005,0.0
8.98278,9.43666,53.55524,4956.21371,-0.97026,47.93019,4.814121460026673,1.7933869110189022,0.0
9.02718,9.48648,53.42887,4953.74727,-0.97807,47.94009,4.895579422228819,1.8237321452271793,0.0
9.07155,9.53629,53.30163,4951.23659,-0.98453,47.95003,4.978927921142847,1.8547816541036468,0.0
9.11589,9.58608,53.1737,4948.6803,-0.98961,47.96003,5.064085887783003,1.8865052373180582,0.0
9.16021,9.63587,53.04528,4946.07706,-0.99328,47.97007,5.150962007503192,1.9188688777621097,0.0
9.20449,9.68564,52.91654,4943.42556,-0.9955,47.98016,5.239454233039443,1.9518345601449487,0.0
9.24873,9.7354,52.78768,4940.72459,-0.99625,47.99029,5.329449337164077,1.9853601043450748,0.0
9.29295,9.78515,52.65889,4937.97294,-0.99551,48.00047,5.420822514426583,2.019399017048346,0.0
9.33713,9.83488,52.53037,4935.16951,-0.99326,48.01069,5.513437042001726,2.0539003654049655,0.0
9.38128,9.88461,52.40231,4932.31327,-0.98946,48.02096,5.607144010101996,2.0888086766010354,0.0
9.4254,9.93432,52.27492,4929.40324,-0.98411,48.03127,5.701782132715458,2.1240638673534193,0.0
9.46948,9.98401,52.14839,4926.43857,-0.97719,48.04162,5.797177649571936,2.159601207389568,0.0
9.51353,10.03369,52.02293,4923.41849,-0.96868,48.05202,5.893144330205117,2.1953513209607625,0.0
9.55754,10.08336,51.89875,4920.34232,-0.95858,48.06247,5.98948359069389,2.231240230331331,0.0
9.60152,10.13301,51.77606,4917.20952,-0.94689,48.07295,6.085984733209261,2.26718944501618,0.0
9.64546,10.18264,51.65504,4914.01965,-0.93359,48.08348,6.182425317660251,2.3031161002286678,0.0
9.68936,10.23226,51.53592,4910.77241,-0.9187,48.09405,6.278571673727053,2.338933147626431,0.0
9.73323,10.28186,51.4189,4907.46761,-0.90222,48.10466,6.37417956020616,2.3745496009347913,0.0
9.77706,10.33144,51.30417,4904.10525,-0.88416,48.11532,6.468994976916688,2.4098708384032204,0.0
9.82085,10.381,51.19194,4900.68542,-0.86454,48.12601,6.5627551325167675,2.444798963342417,0.0
9.8646,10.43055,51.0824,4897.20841,-0.84337,48.13675,6.655189569263625,2.4792332231270255,0.0
9.90831,10.48007,50.97576,4893.67464,-0.82069,48.14752,6.746021443329279,2.513070486146925,0.0
9.95198,10.52958,50.87219,4890.0847,-0.79651,48.15834,6.834968956464221,2.5462057751396125,0.0
9.99562,10.57906,50.77188,4886.43936,-0.77088,48.16919,6.921746931964132,2.578532854279281,0.0
10.03921,10.62853,50.67502,4882.73955,-0.74384,48.18008,7.006068524759235,2.6099448662300904,0.0
10.08275,10.67797,50.58178,4878.98636,-0.71542,48.19102,7.087647052410837,2.6403350142405575,0.0
10.12626,10.72739,50.49232,4875.18106,-0.68568,48.20199,7.166197930648349,2.669597283182025,0.0
10.16973,10.77679,50.4068,4871.3251,-0.65468,48.21299,7.241440694130649,2.6976271923354394,0.0
10.21315,10.82616,50.32538,4867.42008,-0.62247,48.22404,7.313101080272643,2.7243225716715687,0.0
10.25652,10.87551,50.24821,4863.4678,-0.58912,48.23512,7.380913151485064,2.749584352441172,0.0
10.29986,10.92484,50.17541,4859.47018,-0.5547,48.24624,7.4446214290254025,2.7733173620906144,0.0
10.34314,10.97414,50.10711,4855.42933,-0.51928,48.2574,7.5039830099328375,2.7954311128758293,0.0
10.38639,11.02341,50.04343,4851.3475,-0.48293,48.26859,7.558769637426455,2.8158405731401284,0.0
10.42959,11.07267,49.98447,4847.22708,-0.44575,48.27982,7.608769694534859,2.8344669099936888,0.0
10.47274,11.12189,49.93033,4843.0706,-0.40782,48.29108,7.653790090854883,2.8512381921808156,0.0
10.51584,11.17109,49.88109,4838.8807,-0.36922,48.30238,7.6936580131045025,2.866090042206966,0.0
10.5589,11.22026,49.83681,4834.66016,-0.33004,48.31372,7.728222511602119,2.8789662273440175,0.0
10.60192,11.26941,49.79756,4830.41185,-0.2904,48.32509,7.757355896946281,2.8898191799302206,0.0
10.64488,11.31852,49.76337,4826.13871,-0.25036,48.33649,7.780954923956916,2.898610438419453,0.0
10.6878,11.36762,49.7343,4821.84378,-0.21005,48.34793,7.798941743315951,2.9053110018923936,0.0
10.73067,11.41668,49.71035,4817.53015,-0.16956,48.3594,7.811264605180457,2.9099015921709315,0.0
10.7735,11.46571,49.69153,4813.20096,-0.12898,48.37091,7.817898303368184,2.9123728192889637,0.0
10.81627,11.51472,49.67784,4808.85939,-0.08843,48.38245,7.818844353224026,2.912725247752335,0.0
10.859,11.5637,49.66925,4804.50862,-0.048,48.39403,7.814130901057801,2.9109693628020255,0.0
10.90168,11.61265,49.66575,4800.15185,-0.00779,48.40564,7.803812367777766,2.9071254376582623,0.0
10.94431,11.66157,49.66728,4795.79225,0.03209,48.41728,7.78796883404417,2.9012233044740365,0.0
10.98689,11.71046,49.67379,4791.43298,0.07156,48.42896,7.766705178721616,2.893302033385942,0.0
11.02942,11.75932,49.68521,4787.07715,0.11051,48.44067,7.740149986537632,2.883409525588249,0.0
11.0719,11.80816,49.70146,4782.72782,0.14884,48.45241,7.708454244524715,2.8716020277232746,0.0
11.11434,11.85696,49.72245,4778.38799,0.18647,48.46419,7.6717898500174915,2.8579435760710545,0.0
11.15673,11.90574,49.74808,4774.06055,0.22331,48.476,7.630347955491421,2.842505379958223,0.0
11.19906,11.95449,49.77823,4769.74835,0.25928,48.48785,7.584337177495944,2.825365154538479,0.0
11.24135,12.00321,49.81279,4765.4541,0.29428,48.49973,7.533981698197486,2.8066064135674034,0.0
11.2836,12.0519,49.85161,4761.18042,0.32825,48.51164,7.479519288600674,2.7863177330003515,0.0
11.32579,12.10057,49.89457,4756.9298,0.36111,48.52359,7.421199282537197,2.7645919962499947,0.0
11.36793,12.14921,49.9415,4752.70462,0.3928,48.53557,7.359280529808705,2.741525631678196,0.0
11.41003,12.19781,49.99226,4748.50713,0.42324,48.54759,7.29402935567815,2.717217852452845,0.0
11.45208,12.2464,50.04668,4744.33942,0.45239,48.55964,7.225717552234557,2.6917699082783835,0.0
11.49409,12.29495,50.10458,4740.20347,0.48018,48.57172,7.154620425024277,2.6652843577145515,0.0
11.53604,12.34348,50.1658,4736.1011,0.50657,48.58384,7.081014915947352,2.6378643689058965,0.0
11.57795,12.39198,50.23014,4732.03401,0.53151,48.596,7.005177820744352,2.6096130555487136,0.0
11.61981,12.44046,50.29742,4728.00374,0.55496,48.60819,6.927384116575866,2.580632853870406,0.0
11.66163,12.48891,50.36746,4724.01168,0.57689,48.62041,6.847905412321627,2.5510249453251355,0.0
11.7034,12.53734,50.44005,4720.05909,0.59727,48.63267,6.767008531326754,2.5208887286295028,0.0
11.74512,12.58574,50.515,4716.14709,0.61607,48.64497,6.684954233503418,2.490321343711798,0.0
11.7868,12.63412,50.59211,4712.27664,0.63327,48.6573,6.601996081031078,2.4594172491554924,0.0
11.82844,12.68247,50.67118,4708.44861,0.64887,48.66967,6.518379449351934,2.428267853769021,0.0
11.87003,12.7308,50.752,4704.66369,0.66284,48.68208,6.434340682890645,2.396961202069167,0.0
11.91157,12.77911,50.83439,4700.92247,0.67517,48.69452,6.350106392875786,2.365581712701074,0.0
11.95308,12.8274,50.91812,4697.22541,0.68588,48.707,6.2658928928198,2.334209968139677,0.0
11.99454,12.87566,51.003,4693.57286,0.69495,48.71951,6.1819057657475405,2.3029225534709497,0.0
12.03595,12.9239,51.08884,4689.96504,0.7024,48.73207,6.0983395559719735,2.2717919415702412,0.0
12.07732,12.97213,51.17542,4686.40209,0.70822,48.74466,6.01537757724319,2.2408864216327355,0.0
12.11866,13.02033,51.26255,4682.88402,0.71244,48.75729,5.933191828382795,2.2102700677450415,0.0
12.15994,13.06851,51.35004,4679.41076,0.71507,48.76995,5.851943007016173,2.180002744000824,0.0
12.20119,13.11667,51.43768,4675.98215,0.71611,48.78266,5.77178061171621,2.150140142552027,0.0
12.24243,13.16479,51.52379,4672.60082,0.69095,48.72764,5.694058134604288,2.1211864748263864,-39.99999931767356
12.28368,13.21284,51.60668,4669.26842,0.66459,48.67351,5.620034767401713,2.0936108228714176,-39.99999931767356
12.32494,13.26082,51.68622,4665.98316,0.6371,48.62021,5.54969358875634,2.067406883038218,-39.99999931767356
12.36622,13.30874,51.76228,4662.74329,0.60852,48.56772,5.483016552355477,2.042567932600483,-39.99999931767356
12.40751,13.3566,51.83474,4659.54701,0.57891,48.51598,5.41998283082058,2.0190862128117044,-39.99999931767356
12.44882,13.40439,51.90348,4656.39256,0.54832,48.46495,5.360569451903004,1.9969531659048239,-39.99999931767356
12.49013,13.45212,51.96839,4653.27817,0.51679,48.4146,5.304751884439311,1.976159653376009,-39.99999931767356
12.53147,13.49978,52.02936,4650.20206,0.48438,48.36488,5.252504576114702,1.9566961563156742,-39.99999931767356
12.57281,13.54739,52.08629,4647.16246,0.45114,48.31576,5.2038014452159045,1.9385529585993748,-39.99999931767356
12.61417,13.59494,52.1391,4644.1576,0.41713,48.26719,5.158616328642934,1.9217203137839736,-39.99999931767356
12.65554,13.64243,52.1877,4641.18571,0.38238,48.21913,5.116923388490571,1.906188596569941,-39.99999931767356
12.69692,13.68986,52.232,4638.24502,0.34695,48.17154,5.078697479494958,1.8919484396848776,-39.99999931767356
12.73831,13.73723,52.27193,4635.33377,0.31089,48.12438,5.043914479588274,1.8789908570238296,-39.99999931767356
12.77972,13.78455,52.30743,4632.4502,0.27425,48.07762,5.012551585737732,1.8673073538571014,-39.99999931767356
12.82113,13.83181,52.33843,4629.59254,0.23707,48.0312,4.984587577132719,1.8568900248743851,-39.99999931767356
12.86256,13.87902,52.36488,4626.75903,0.19941,47.9851,4.960003047652501,1.8477316407851032,-39.99999931767356
12.904,13.92617,52.38672,4623.94789,0.16131,47.93927,4.938780609414747,1.8398257241455827,-39.99999931767356
12.94545,13.97326,52.40392,4621.15737,0.12282,47.89368,4.920905069035973,1.8331666150207155,-39.99999931767356
12.98692,14.0203,52.41643,4618.38568,0.08399,47.84827,4.906363578068842,1.8277495270258048,-39.99999931767356
13.02839,14.06729,52.42422,4615.63105,0.04486,47.80303,4.895145758897909,1.823570594226046,-39.99999931767356
13.06988,14.11422,52.42726,4612.89168,0.00549,47.75789,4.88724380720158,1.820626909306301,-39.99999931767356
13.11137,14.1611,52.42554,4610.16579,-0.03408,47.71284,4.882652571870665,1.8189165533428637,-39.99999931767356
13.15288,14.20793,52.41903,4607.45157,-0.0738,47.66782,4.881369613110708,1.8184386174481026,-39.99999931767356
13.1944,14.2547,52.40773,4604.74719,-0.11362,47.62279,4.883395239231709,1.8191932164756068,-39.99999931767356
13.23594,14.30142,52.39164,4602.05085,-0.15351,47.57773,4.8887325224435045,1.8211814949043734,-39.99999931767356
13.27748,14.34809,52.37075,4599.36068,-0.1934,47.53258,4.897387293765454,1.8244056249425387,-39.99999931767356
13.31903,14.39471,52.34507,4596.67484,-0.23325,47.4873,4.909368116962954,1.8288687968180377,-39.99999931767356
13.3606,14.44127,52.31461,4593.99143,-0.27302,47.44187,4.92468624122701,1.834575201150505,-39.99999931767356
13.40218,14.48778,52.2794,4591.30858,-0.31265,47.39622,4.943355532109895,1.8415300032229864,-39.99999931767356
13.44377,14.53423,52.23946,4588.62435,-0.3521,47.35034,4.965392380034665,1.8497393088993281,-39.99999931767356
13.48537,14.58063,52.19482,4585.93682,-0.39132,47.30417,4.990815585514779,1.8592101218654657,-39.99999931767356
13.52698,14.62698,52.14551,4583.24402,-0.43026,47.25767,5.019646220015649,1.8699502917966875,-39.99999931767356
13.56861,14.67328,52.09158,4580.54395,-0.46887,47.2108,5.051907461231498,1.8819684529939351,-39.99999931767356
13.61025,14.71952,52.03308,4577.83462,-0.50711,47.16352,5.087624401371034,1.895273952965166,-39.99999931767356
13.6519,14.7657,51.97005,4575.11398,-0.54491,47.11579,5.126823826873012,1.9098767703636115,-39.99999931767356
13.69357,14.81183,51.90257,4572.37996,-0.58224,47.06755,5.169533967856624,1.9257874216514497,-39.99999931767356
13.73524,14.85791,51.83068,4569.63047,-0.61904,47.01878,5.215784215444219,1.9430168557950818,-39.99999931767356
13.77693,14.90393,51.75448,4566.86337,-0.65526,46.96942,5.265604805021454,1.9615763362712069,-39.99999931767356
13.81864,14.94989,51.67403,4564.07652,-0.69085,46.91943,5.319026463379653,1.9814773096180625,-39.99999931767356
13.86036,14.9958,51.58941,4561.26773,-0.72576,46.86876,5.376080017651468,2.0027312597536735,-39.99999931767356
13.90209,15.04164,51.50073,4558.43478,-0.75993,46.81737,5.436795963923074,2.0253495472725387,-39.99999931767356
13.94384,15.08743,51.40807,4555.57541,-0.79332,46.76522,5.501203993417284,2.0493432329363808,-39.99999931767356
13.9856,15.13316,51.31154,4552.68737,-0.82586,46.71225,5.5693324742070125,2.0747228845987684,-39.99999931767356
14.02738,15.17883,51.21125,4549.76834,-0.8575,46.65842,5.641207886554171,2.1014983668540017,-39.99999931767356
14.06917,15.22443,51.10731,4546.81598,-0.8882,46.60367,5.71685421011294,2.129678612754205,-39.99999931767356
14.11098,15.26998,50.99985,4543.82794,-0.91789,46.54797,5.7962922615269825,2.1592713770468612,-39.99999931767356
14.1528,15.31545,50.88898,4540.80184,-0.94653,46.49127,5.879538981258395,2.1902829704998332,-39.99999931767356
14.19464,15.36087,50.77486,4537.73527,-0.97405,46.43351,5.966606668885387,2.2227179750296244,-39.99999931767356
14.2365,15.40622,50.65761,4534.6258,-1.0004,46.37464,6.057502166666178,2.2565789395574525,-39.99999931767356
14.27837,15.4515,50.5374,4531.47098,-1.02552,46.31462,6.152225991723505,2.291866056725143,-39.99999931767356
14.32026,15.49671,50.41436,4528.26838,-1.04937,46.2534,6.250771417984146,2.3285768208934474,-39.99999931767356
14.36217,15.54186,50.28866,4525.01552,-1.07188,46.19092,6.353123509827018,2.3667056681505323,-39.99999931767356
14.4041,15.58693,50.16047,4521.70994,-1.093,46.12714,6.459258110377169,2.406243599424872,-39.99999931767356
14.44604,15.63193,50.02996,4518.34918,-1.11267,46.06201,6.569140788487475,2.4471777882082257,-39.99999931767356
14.48801,15.67685,49.89731,4514.93078,-1.13084,45.99547,6.682725749683119,2.4894911748537987,-39.99999931767356
14.52999,15.7217,49.76271,4511.45231,-1.14746,45.92749,6.799954717689691,2.533162049916032,-39.99999931767356
14.572,15.76647,49.62634,4507.91134,-1.16248,45.858,6.920755794678044,2.578163629561822,-39.99999931767356
14.61402,15.81116,49.48841,4504.30549,-1.17583,45.78697,7.045042309903795,2.6244636266584425,-39.99999931767356
14.65607,15.85577,49.34912,4500.63243,-1.18748,45.71434,7.172711668167485,2.672023821794652,-39.99999931767356
14.69814,15.9003,49.20867,4496.88984,-1.19737,45.64008,7.303644211222211,2.720799639125082,-39.99999931767356
14.74023,15.94474,49.06728,4493.0755,-1.20545,45.56413,7.437702107092672,2.7707397326123555,-39.99999931767356
14.78234,15.9891,48.92517,4489.18723,-1.21169,45.48646,7.574728284073024,2.8217855889132397,-39.99999931767356
14.82447,16.03337,48.78257,4485.22296,-1.21603,45.40702,7.714545427941541,2.873871153814723,-39.99999931767356
14.86663,16.07754,48.63969,4481.1807,-1.21843,45.32577,7.856955062608698,2.9269224897512394,-39.99999931767356
14.90881,16.12162,48.49678,4477.05856,-1.21887,45.24268,8.001736735993134,2.9808574725220356,-39.99999931767356
14.95102,16.16561,48.35407,4472.85479,-1.2173,45.15771,8.148647334190464,3.0355855358010184,-39.99999931767356
14.99325,16.2095,48.21179,4468.56774,-1.2137,45.07084,8.297420548104796,3.0910074724429535,-39.99999931767356
15.0355,16.25329,48.0702,4464.19595,-1.20803,44.98203,8.447766517351257,3.147015301827789,-39.99999931767356
15.07779,16.29697,47.92952,4459.7381,-1.20028,44.89126,8.59937167652475,3.2034922125917262,-39.99999931767356
15.12009,16.34056,47.79002,4455.19304,-1.19043,44.79852,8.751898828637742,3.260312589984721,-39.99999931767356
15.16242,16.38403,47.65193,4450.55983,-1.17846,44.70377,8.904987469684635,3.3173421367792564,-39.99999931767356
15.20478,16.4274,47.5155,4445.83772,-1.16437,44.60702,9.05825438673918,3.374438096077366,-39.99999931767356
15.24717,16.47066,47.38098,4441.02618,-1.14816,44.50825,9.211294549820929,3.431449583554354,-39.99999931767356
15.28958,16.5138,47.24862,4436.12493,-1.12982,44.40747,9.363682314694977,3.4882180355333428,-39.99999931767356
15.33202,16.55682,47.11865,4431.13391,-1.10938,44.30467,9.51497295000595,3.54457777788287,-39.99999931767356
15.37449,16.59973,46.99132,4426.05332,-1.08684,44.19986,9.664704497642042,3.600356719051438,-39.99999931767356
15.41699,16.64251,46.86687,4420.88366,-1.06224,44.09307,9.812399969794292,3.655377168529906,-39.99999931767356
15.45952,16.68518,46.74553,4415.62567,-1.0356,43.9843,9.957569880250782,3.7094567798251745,-39.99999931767356
15.50207,16.72771,46.62753,4410.28039,-1.00696,43.87358,10.09971510079677,3.7624096145443997,-39.99999931767356
15.54466,16.77012,46.51309,4404.84914,-0.97636,43.76096,10.238330026485551,3.8140473215416684,-39.99999931767356
15.58727,16.8124,46.40242,4399.33356,-0.94387,43.64646,10.372906026145202,3.864180422322545,-39.99999931767356
15.62991,16.85454,46.29575,4393.73558,-0.90955,43.53014,10.502935146894371,3.912619691073685,-39.99999931767356
15.67258,16.89655,46.19325,4388.0574,-0.87345,43.41204,10.627914034016372,3.959177614919059,-39.99999931767356
15.71528,16.93843,46.09513,4382.30156,-0.83566,43.29223,10.747348020345559,4.00366991732399,-39.99999931767356
15.75801,16.98016,46.00157,4376.47087,-0.79626,43.17076,10.860755332786574,4.0459171251342445,-39.99999931767356
15.80077,17.02176,45.91273,4370.56843,-0.75535,43.04772,10.967671357821178,4.085746157589558,-39.99999931767356
15.84356,17.06321,45.82877,4364.59762,-0.71302,42.92318,11.067652903174222,4.12299191390635,-39.99999931767356
15.88638,17.10451,45.74983,4358.56208,-0.66937,42.79721,11.160282389436897,4.157498834767662,-39.99999931767356
15.92922,17.14568,45.67605,4352.46572,-0.62452,42.66992,11.245171903537786,4.1891224123477855,-39.99999931767356
15.9721,17.18669,45.60755,4346.31267,-0.57859,42.5414,11.321967045669464,4.217730623393633,-39.99999931767356
16.015,17.22755,45.54442,4340.10728,-0.53169,42.41173,11.390350502780944,4.243205260444704,-39.99999931767356
16.05793,17.26826,45.48675,4333.8541,-0.48396,42.28104,11.450045284946919,4.265443137465777,-39.99999931767356
16.10089,17.30883,45.43462,4327.55787,-0.43552,42.14942,11.500817565879196,4.284357148012162,-39.99999931767356
16.14388,17.34923,45.38808,4321.22345,-0.38652,42.01698,11.54247907554612,4.299877156543383,-39.99999931767356
16.1869,17.38949,45.34718,4314.85585,-0.33709,41.88385,11.574889000863203,4.311950706480455,-39.99999931767356
16.22994,17.42959,45.31193,4308.46019,-0.28737,41.75012,11.597955359877606,4.32054353212575,-39.99999931767356
16.273,17.46953,45.28235,4302.04163,-0.2375,41.61593,11.61163582515671,4.325639865396923,-39.99999931767356
16.3161,17.50932,45.25843,4295.60541,-0.18763,41.48139,11.615937983174668,4.327242532455202,-39.99999931767356
16.35922,17.54896,45.24014,4289.15677,-0.1379,41.34661,11.610919027851804,4.325372839540773,-39.99999931767356
16.40236,17.58843,45.22744,4282.70095,-0.08845,41.21172,11.596684897725892,4.320070251546366,-39.99999931767356
16.44553,17.62775,45.22028,4276.24313,-0.03943,41.07683,11.573388877256386,4.311391870966287,-39.99999931767356
16.48872,17.66692,45.21859,4269.78847,0.00904,40.94206,11.541229693051177,4.299411728690785,-39.99999931767356
16.53193,17.70592,45.22227,4263.34199,0.0568,40.80752,11.500449145040335,4.28421990155595,-39.99999931767356
16.57516,17.74477,45.23123,4256.90865,0.10374,40.67332,11.451329320749666,4.265921474587316,-39.99999931767356
16.61842,17.78347,45.24535,4250.49323,0.14971,40.53958,11.394189447329252,4.244635368297658,-39.99999931767356
16.6617,17.82201,45.26451,4244.10038,0.19461,40.40639,11.32938244104113,4.220493053280373,-39.99999931767356
16.705,17.8604,45.28855,4237.73457,0.2383,40.27385,11.257291217230712,4.193637175576735,-39.99999931767356
16.74831,17.89863,45.31733,4231.40007,0.28068,40.14207,11.178324825451803,4.164220116908277,-39.99999931767356
16.79165,17.93671,45.35068,4225.10096,0.32165,40.01113,11.092914474457125,4.132402513881174,-39.99999931767356
16.835,17.97464,45.38843,4218.84108,0.36109,39.88111,11.001509510228296,4.098351759696583,-39.99999931767356
16.87837,18.01242,45.43038,4212.62404,0.39893,39.7521,10.904573407406636,4.062240510853147,-39.99999931767356
16.92176,18.05006,45.47635,4206.45324,0.43507,39.62417,10.802579830287184,4.0242452197636265,-39.99999931767356
16.96517,18.08754,45.52613,4200.33179,0.46943,39.49739,10.696008814583621,3.9845447123618674,-39.99999931767356
17.00858,18.12488,45.57952,4194.26259,0.50194,39.37182,10.585343115245378,3.9433188275685773,-39.99999931767356
17.05202,18.16207,45.63629,4188.24827,0.53254,39.24753,10.471064759262488,3.900747133120441,-39.99999931767356
17.09547,18.19912,45.69623,4182.29119,0.56117,39.12455,10.353651835688874,3.857007729769323,-39.99999931767356
17.13893,18.23603,45.7591,4176.39349,0.58779,39.00294,10.233575548320507,3.812276153327341,-39.99999931767356
17.1824,18.2728,45.82468,4170.55705,0.61234,38.88273,10.111297549752544,3.766724381532999,-39.99999931767356
17.22589,18.30943,45.89274,4164.78348,0.6348,38.76395,9.987267569065779,3.7205199503019815,-39.99999931767356
17.26938,18.34592,45.96303,4159.07419,0.65514,38.64664,9.861921339333344,3.673825181668854,-39.99999931767356
17.31289,18.38228,46.03532,4153.43034,0.67333,38.53081,9.7356788256038,3.6267965236641526,-39.99999931767356
17.35641,18.41851,46.10938,4147.85285,0.68937,38.41649,9.608942748983027,3.5795840004960473,-39.99999931767356
17.39993,18.45461,46.18496,4142.34244,0.70323,38.30367,9.482097398191447,3.5323307698241404,-39.99999931767356
17.44347,18.49058,46.26182,4136.89962,0.71493,38.19237,9.355507716195547,3.485172782505673,-39.99999931767356
17.48701,18.52642,46.33973,4131.52471,0.72446,38.08259,9.229518646624257,3.438238539118439,-39.99999931767356
17.53057,18.56214,46.41846,4126.21781,0.73183,37.97433,9.104454722274024,3.3916489366680835,-39.99999931767356
17.57413,18.59773,46.49776,4120.97888,0.73706,37.86757,8.980619876305642,3.345517198253967,-39.99999931767356
17.6177,18.6332,46.57742,4115.80768,0.74017,37.76231,8.858297455632941,3.2999488780567963,-39.99999931767356
17.66127,18.66855,46.65719,4110.70383,0.74117,37.65853,8.73775041534302,3.2550419337652787,-39.99999931767356
17.70485,18.70379,46.73686,4105.66681,0.7401,37.55621,8.619221672874144,3.2108868585167127,-39.99999931767356
17.74844,18.73891,46.81621,4100.69594,0.73699,37.45533,8.50293460094475,3.167566864526006,-39.99999931767356
17.79203,18.77391,46.89503,4095.79042,0.73186,37.35586,8.389093638771351,3.1251581107804283,-39.99999931767356
17.83562,18.80881,46.97309,4090.94934,0.72477,37.25777,8.277885002048398,3.0837299675257928,-39.99999931767356
17.87922,18.84359,47.0502,4086.17167,0.71576,37.16104,8.169477473190167,3.0433453106523505,-39.99999931767356
17.92283,18.87826,47.12616,4081.45629,0.70485,37.06563,8.064023254606314,3.0040608395623822,-39.99999931767356
17.96644,18.91283,47.20077,4076.80197,0.69211,36.9715,7.961658869132435,2.9659274126042834,-39.99999931767356
18.01005,18.94729,47.27383,4072.20743,0.67758,36.87862,7.862506093141308,2.9289903946810396,-39.99999931767356
18.05367,18.98164,47.34518,4067.67127,0.66132,36.78695,7.766672909323437,2.8932900121860605,-39.99999931767356
18.09729,19.01589,47.41462,4063.19204,0.64337,36.69645,7.674254467538119,2.8588617109454777,-39.99999931767356
18.14091,19.05005,47.48199,4058.76825,0.62379,36.60706,7.585334043558975,2.8257365133760834,-39.99999931767356
18.18454,19.0841,47.54713,4054.39831,0.60263,36.51876,7.499983986862992,2.7939413715616825,-39.99999931767356
18.22816,19.11805,47.60987,4050.08061,0.57996,36.4315,7.418266649902258,2.7634995134312708,-39.99999931767356
18.27179,19.15191,47.67007,4045.81347,0.55583,36.34523,7.340235292476586,2.7344307796616283,-39.99999931767356
18.31543,19.18567,47.72757,4041.59519,0.5303,36.25989,7.26593495592019,2.706751949334859,-39.99999931767356
18.35906,19.21933,47.78224,4037.42401,0.50342,36.17546,7.195403302810247,2.6804770527519217,-39.99999931767356
18.4027,19.25291,47.83395,4033.29816,0.47527,36.09187,7.128671418814975,2.655617670142142,-39.99999931767356
18.44634,19.28639,47.88257,4029.21581,0.4459,36.00908,7.065764574064118,2.6321832152937477,-39.99999931767356
18.48997,19.31977,47.92798,4025.17513,0.41538,35.92703,7.006702942159179,2.6101812034040957,-39.99999931767356
18.53361,19.35307,47.97007,4021.17425,0.38376,35.84569,6.951502275504044,2.5896175026581063,-39.99999931767356
18.57726,19.38628,48.00875,4017.21127,0.35111,35.76499,6.900174536201965,2.570496569253981,-39.99999931767356
18.6209,19.4194,48.04389,4013.28429,0.31749,35.68489,6.852728482135304,2.5528216657333345,-39.99999931767356
18.66454,19.45243,48.07543,4009.39135,0.28297,35.60533,6.809170208244203,2.536595062621737,-39.99999931767356
18.70819,19.48537,48.10327,4005.53053,0.24761,35.52627,6.769503643259739,2.5218182234748854,-39.99999931767356
18.75183,19.51823,48.12734,4001.69983,0.21146,35.44765,6.733731002419181,2.5084919735269504,-39.99999931767356
18.79548,19.551,48.14756,3997.89729,0.17461,35.36942,6.701853196782823,2.496616652171861,-39.99999931767356
18.83913,19.58369,48.16387,3994.12088,0.1371,35.29152,6.673870199916679,2.486192249562262,-39.99999931767356
18.88278,19.61629,48.17621,3990.3686,0.09901,35.21391,6.649781372766238,2.477218527633535,-39.99999931767356
18.92643,19.64881,48.18454,3986.6384,0.06039,35.13654,6.62958574754236,2.46969512585876,-39.99999931767356
18.97008,19.68124,48.1888,3982.92824,0.02132,35.05934,6.613282271441762,2.463621652041014,-39.99999931767356
19.01373,19.71359,48.18897,3979.23606,-0.01815,34.98227,6.600870010983485,2.458997758434078,-39.99999931767356
19.05738,19.74585,48.18501,3975.55975,-0.05795,34.90526,6.592348317658243,2.4558232034511795,-39.99999931767356
19.10103,19.77803,48.1769,3971.89724,-0.09801,34.82828,6.58771695552008,2.4540978991962423,-39.99999931767356
19.14468,19.81013,48.16462,3968.2464,-0.13828,34.75127,6.586976191220978,2.4538219450041443,-39.99999931767356
19.18833,19.84215,48.14817,3964.6051,-0.17868,34.67416,6.590126846899437,2.4549956471431105,-39.99999931767356
19.23199,19.87408,48.12753,3960.97119,-0.21915,34.59691,6.597170316209036,2.4576195247857675,-39.99999931767356
19.27564,19.90593,48.10272,3957.34251,-0.25963,34.51946,6.608108543622369,2.461694302299318,-39.99999931767356
19.3193,19.9377,48.07374,3953.71688,-0.30005,34.44176,6.622943967062432,2.4672208878742246,-39.99999931767356
19.36295,19.96938,48.04061,3950.09209,-0.34034,34.36375,6.6416794237735255,2.4742003384586417,-39.99999931767356
19.40661,20.00098,48.00336,3946.46592,-0.38045,34.28537,6.664318019216807,2.4826338109185597,-39.99999931767356
19.45027,20.0325,47.96201,3942.83614,-0.42031,34.20658,6.690862958717287,2.4925224993218817,-39.99999931767356
19.49393,20.06393,47.9166,3939.2005,-0.45984,34.12731,6.721317341476253,2.503867558202632,-39.99999931767356
19.53758,20.09527,47.86718,3935.5567,-0.499,34.0475,6.7556839165038465,2.516670011639421,-39.99999931767356
19.58124,20.12653,47.8138,3931.90248,-0.5377,33.96711,6.793964800008311,2.5309306479754983,-39.99999931767356
19.6249,20.15771,47.75651,3928.2355,-0.57588,33.88608,6.836161153746729,2.5466498999959453,-39.99999931767356
19.66857,20.1888,47.69537,3924.55346,-0.61349,33.80434,6.882272823878052,2.563827710390924,-39.99999931767356
19.71223,20.2198,47.63047,3920.854,-0.65044,33.72184,6.932297939931325,2.582463382360788,-39.99999931767356
19.75589,20.25071,47.56187,3917.13477,-0.68669,33.63852,6.986232473587093,2.60255541525055,-39.99999931767356
19.79956,20.28154,47.48966,3913.3934,-0.72215,33.55433,7.044069757150967,2.624101325168611,-39.99999931767356
19.84322,20.31227,47.41393,3909.6275,-0.75676,33.4692,7.105799961783703,2.6470974506137415,-39.99999931767356
19.88689,20.34292,47.33478,3905.83468,-0.79047,33.38308,7.171409535846988,2.671538743244104,-39.99999931767356
19.93056,20.37347,47.25232,3902.01254,-0.82319,33.29591,7.240880604017461,2.6974185440314193,-39.99999931767356
19.97423,20.40393,47.16664,3898.15866,-0.85488,33.20764,7.3141903282695955,2.7247283452102726,-39.99999931767356
20.0179,20.4343,47.07788,3894.27065,-0.88545,33.1182,7.391310232265946,2.7534575385957103,-39.99999931767356
20.06157,20.46457,46.98614,3890.34609,-0.91485,33.02754,7.472205491237513,2.783593151044984,-39.99999931767356
20.10524,20.49475,46.89157,3886.38258,-0.94301,32.93559,7.55683419010175,2.815119568086992,-39.99999931767356
20.14891,20.52483,46.7943,3882.37773,-0.96988,32.84231,7.645146553221959,2.8480182469873894,-39.99999931767356
20.19259,20.55481,46.69447,3878.32915,-0.99537,32.74763,7.737084150044431,2.8822674208275196,-39.99999931767356
20.23626,20.58469,46.59224,3874.23449,-1.01944,32.6515,7.832579081653993,2.9178417954749523,-39.99999931767356
20.27994,20.61447,46.48774,3870.09141,-1.04203,32.55386,7.931553154277537,2.954712241691802,-39.99999931767356
20.32362,20.64414,46.38115,3865.89761,-1.06307,32.45466,8.03391704672471,2.992845484984482,-39.99999931767356
20.3673,20.67371,46.27262,3861.65082,-1.0825,32.35385,8.139569479801258,3.0322037961883153,-39.99999931767356
20.41098,20.70317,46.16234,3857.34882,-1.10027,32.25136,8.248396396852437,3.0727446861983982,-39.99999931767356
20.45467,20.73253,46.05048,3852.98945,-1.11632,32.14716,8.360270165653438,3.114420608652785,-39.99999931767356
20.49835,20.76177,45.93721,3848.5706,-1.13061,32.04119,8.475048813031512,3.1571786748090864,-39.99999931767356
20.54203,20.79091,45.82272,3844.09024,-1.14307,31.93341,8.592575304621445,3.200960385234438,-39.99999931767356
20.58572,20.81992,45.70721,3839.54641,-1.15367,31.82376,8.712676883262354,3.2457013833408968,-39.99999931767356
20.62941,20.84883,45.59087,3834.93725,-1.16236,31.7122,8.835164480408435,3.291331236120457,-39.99999931767356
20.6731,20.87761,45.4739,3830.26099,-1.16909,31.59871,8.959832215791565,3.337773247756207,-39.99999931767356
20.71678,20.90628,45.35649,3825.51598,-1.17384,31.48322,9.086457001193647,3.384944312017102,-39.99999931767356
20.76047,20.93482,45.23886,3820.70067,-1.17656,31.36572,9.214798264628874,3.432754809508599,-39.99999931767356
20.80416,20.96324,45.12121,3815.81367,-1.17722,31.24617,9.344597811410921,3.48110855591653,-39.99999931767356
20.84785,20.99153,45.00374,3810.85371,-1.1758,31.12454,9.475579838448729,3.5299028073326593,-39.99999931767356
20.89154,21.0197,44.88668,3805.81968,-1.17228,31.00081,9.607451117685267,3.5790283285904496,-39.99999931767356
20.93523,21.04773,44.77023,3800.71064,-1.16665,30.87495,9.739901363668517,3.6283695301949224,-39.99999931767356
20.97892,21.07563,44.6546,3795.52581,-1.15888,30.74696,9.872603799097925,3.6778046790035934,-39.99999931767356
21.02261,21.1034,44.54,3790.26461,-1.14898,30.61681,10.005215930315899,3.7272061871174573,-39.99999931767356
21.06629,21.13103,44.42666,3784.92664,-1.13695,30.48451,10.13738054270315,3.7764409826919483,-39.99999931767356
21.10998,21.15851,44.31477,3779.51173,-1.12279,30.35005,10.268726923160868,3.8253709653437102,-39.99999931767356
21.15366,21.18586,44.20455,3774.01989,-1.10652,30.21344,10.398872313837973,3.8738535477022507,-39.99999931767356
21.19735,21.21307,44.0962,3768.45137,-1.08816,30.07469,10.527423597687132,3.9217422833239066,-39.99999931767356
21.24103,21.24012,43.98992,3762.80665,-1.06773,29.93381,10.653979212512796,3.9688875797250986,-39.99999931767356
21.28471,21.26703,43.88591,3757.08643,-1.04527,29.79082,10.778131285894396,4.015137493697395,-39.99999931767356
21.32838,21.29379,43.78436,3751.29167,-1.02083,29.64576,10.899467978878034,4.0603386043943335,-39.99999931767356
21.37205,21.3204,43.68547,3745.42355,-0.99444,29.49865,11.017576021611733,4.10433695792227,-39.99999931767356
21.41572,21.34685,43.58942,3739.48351,-0.96616,29.34954,11.132043419421588,4.146979075424941,-39.99999931767356
21.45938,21.37315,43.49637,3733.47322,-0.93607,29.19847,11.242462303134559,4.188113014903705,-39.99999931767356
21.50304,21.39929,43.40649,3727.39461,-0.90422,29.04549,11.348431893089348,4.227589475389584,-39.99999931767356
21.54669,21.42526,43.31995,3721.24983,-0.8707,28.89067,11.449561542143385,4.265262930543422,-39.99999931767356
21.59034,21.45108,43.2369,3715.04129,-0.83559,28.73407,11.54547381949531,4.300992777460912,-39.99999931767356
21.63398,21.47673,43.15746,3708.77161,-0.79898,28.57575,11.635807594158855,4.3346444853477415,-39.99999931767356
21.67761,21.50221,43.08179,3702.44362,-0.76097,28.4158,11.720221074815576,4.3660907279447185,-39.99999931767356
21.72124,21.52753,43.00999,3696.0604,-0.72167,28.25429,11.79839476148815,4.39521248310374,-39.99999931767356
21.76485,21.55268,42.94217,3689.62518,-0.68118,28.09132,11.870034264145941,4.421900082792525,-39.99999931767356
21.80846,21.57766,42.87842,3683.14142,-0.63961,27.92697,11.934872944102867,4.446054197084824,-39.99999931767356
21.85206,21.60247,42.81884,3676.61273,-0.5971,27.76135,11.992674335838101,4.467586736352347,-39.99999931767356
21.89564,21.62711,42.7635,3670.04286,-0.55377,27.59454,12.04323430962276,4.486421656900106,-39.99999931767356
21.93922,21.65157,42.71245,3663.43572,-0.50973,27.42666,12.086382939227507,4.502495656736647,-39.99999931767356
21.98279,21.67586,42.66574,3656.79534,-0.46514,27.25781,12.121986043668265,4.515758749914886,-39.99999931767356
22.02634,21.69997,42.6234,3650.12582,-0.42011,27.0881,12.149946377477153,4.5261747099393554,-39.99999931767356
22.06988,21.72391,42.58545,3643.43137,-0.37479,26.91764,12.170204450246835,4.533721375068036,-39.99999931767356
22.1134,21.74767,42.5519,3636.71624,-0.32932,26.74655,12.182738962804182,4.538390810798521,-39.99999931767356
22.15691,21.77125,42.52274,3629.98472,-0.28383,26.57493,12.187566854445993,4.54018932746457,-39.99999931767356
22.20041,21.79466,42.49795,3623.24111,-0.23846,26.4029,12.184742962740724,4.539137353503296,-39.99999931767356
22.24389,21.81789,42.47749,3616.48973,-0.19335,26.23058,12.174359304430771,4.535269167572345,-39.99999931767356
22.28735,21.84095,42.46132,3609.73483,-0.14864,26.05808,12.15654399270658,4.528632495206021,-39.99999931767356
22.3308,21.86382,42.44937,3602.98066,-0.10447,25.88551,12.131459812374501,4.519287978027816,-39.99999931767356
22.37419,21.8866,42.44477,3596.2238,0.00669,25.89895,12.093827699703809,4.5052690258975066,0.0
22.4175,21.90935,42.45058,3589.46485,0.11676,25.91238,12.038567603689428,4.484683186151517,0.0
22.46072,21.93207,42.46665,3582.71383,0.22531,25.92581,11.966256349508694,4.457745341345588,0.0
22.50386,21.95477,42.49278,3575.98052,0.33195,25.93923,11.877602427081051,4.424719422616204,0.0
22.54691,21.97745,42.52872,3569.27435,0.43629,25.95265,11.773428544018945,4.385911910195744,0.0
22.58987,22.0001,42.57422,3562.60439,0.53795,25.96606,11.654657100973418,4.341666422596539,0.0
22.63274,22.02273,42.62896,3555.97924,0.63658,25.97947,11.522294603091648,4.292357909468659,0.0
22.67553,22.04533,42.69263,3549.407,0.73186,25.99288,11.377415438637662,4.23838660870931,0.0
22.71824,22.0679,42.76485,3542.89525,0.82349,26.00629,11.221145445321831,4.18017192448818,0.0
22.76086,22.09046,42.84525,3536.45099,0.9112,26.0197,11.054645659361203,4.1181463733448185,0.0
22.8034,22.11299,42.93343,3530.08064,0.99473,26.0331,10.879096604307707,4.052749731363763,0.0
22.84585,22.13549,43.02896,3523.79001,1.07387,26.0465,10.695683429262616,3.98442349776839,0.0
22.88822,22.15797,43.1314,3517.5843,1.14842,26.05991,10.50558215232767,3.9136057702444926,0.0
22.93052,22.18043,43.24031,3511.46813,1.21822,26.07332,10.309947208074203,3.840726606044897,0.0
22.97273,22.20287,43.35521,3505.44549,1.28314,26.08673,10.109900440374643,3.7662039215295713,0.0
23.01486,22.22529,43.47564,3499.51979,1.34306,26.10014,9.906521626569512,3.6904399621685093,0.0
23.05692,22.24768,43.60113,3493.6939,1.3979,26.11356,9.700840567645866,3.6138183559250874,0.0
23.0989,22.27006,43.73118,3487.97011,1.4476,26.12699,9.493830733387899,3.536701745907447,0.0
23.14081,22.29241,43.86531,3482.35022,1.49212,26.14043,9.28640441249043,3.45942998365817,0.0
23.18264,22.31475,44.00305,3476.83555,1.53145,26.15387,9.079409285590467,3.3823188525183596,0.0
23.2244,22.33707,44.14391,3471.42695,1.56559,26.16732,8.87362631461779,3.3056592813552057,0.0
23.26609,22.35937,44.28742,3466.12484,1.59457,26.18078,8.669768824177474,3.2297170023527975,0.0
23.30771,22.38165,44.43311,3460.92928,1.61843,26.19426,8.468482639517012,3.1547326024085116,0.0
23.34926,22.40392,44.58051,3455.83996,1.63723,26.20775,8.27034714035828,3.080921915713147,0.0
23.39075,22.42617,44.72917,3450.85624,1.65104,26.22125,8.075877089443225,3.008476704932297,0.0
23.43217,22.44841,44.87865,3445.97719,1.65995,26.23477,7.885525098400347,2.9375655798065115,0.0
23.47352,22.47063,45.02849,3441.20164,1.66405,26.2483,7.699684600544252,2.8683351045973318,0.0
23.51482,22.49284,45.17829,3436.52818,1.66345,26.26185,7.518693209511216,2.8009110492674205,0.0
23.55605,22.51504,45.32763,3431.95518,1.65826,26.27542,7.342836353680924,2.7353997433982835,0.0
23.59722,22.53722,45.47611,3427.48086,1.64861,26.28901,7.172351088293143,2.6718894963040323,0.0
23.63833,22.5594,45.62333,3423.10327,1.63462,26.30262,7.007429999525456,2.610452051403065,0.0
23.67939,22.58156,45.76892,3418.82035,1.61643,26.31625,6.848225127115576,2.5511440474980835,0.0
23.72039,22.60371,45.91253,3414.62991,1.59418,26.32991,6.6948518439989435,2.494008464043187,0.0
23.76134,22.62585,46.05379,3410.52967,1.568,26.34358,6.547392642643935,2.4390760316533506,0.0
23.80223,22.64799,46.19239,3406.5173,1.53804,26.35728,6.405900788065415,2.3863665929481,0.0
23.84307,22.67011,46.32799,3402.59039,1.50444,26.37101,6.270403806829571,2.3358904022976072,0.0
23.88385,22.69223,46.46029,3398.74649,1.46736,26.38476,6.1409067896394545,2.2876493561227025,0.0
23.92459,22.71434,46.58899,3394.9831,1.42693,26.39854,6.017395492293476,2.2416381480835077,0.0
23.96528,22.73645,46.71382,3391.29774,1.3833,26.41235,5.899839225955829,2.197845345781212,0.0
24.00592,22.75855,46.83451,3387.68785,1.33663,26.42618,5.788193532892255,2.156254387540051,0.0
24.04651,22.78064,46.95081,3384.15093,1.28705,26.44005,5.682402648048683,2.1168444994101154,0.0
24.08705,22.80273,47.06247,3380.68441,1.23471,26.45394,5.582401750314209,2.0795915338220494,0.0
24.12755,22.82481,47.16928,3377.28578,1.17975,26.46786,5.488119009968834,2.044468732315198,0.0
24.168,22.84689,47.27101,3373.9525,1.12232,26.48182,5.399477440841798,2.0114474155153257,0.0
24.20841,22.86896,47.36747,3370.68204,1.06256,26.4958,5.316396567184117,1.9804976040884918,0.0
24.24878,22.89104,47.45847,3367.47189,1.0006,26.50982,5.238793916205102,1.9515885747501749,0.0
24.2891,22.9131,47.54383,3364.31957,0.93658,26.52387,5.166586347789921,1.9246893556200513,0.0
24.32938,22.93517,47.62339,3361.22256,0.87064,26.53795,5.099691233149875,1.899769165300237,0.0
24.36962,22.95724,47.697,3358.17841,0.80291,26.55207,5.038027494068267,1.8767978000217154,0.0
24.40982,22.9793,47.76452,3355.18464,0.73352,26.56622,4.981516514172148,1.855745973117043,0.0
24.44997,23.00136,47.82582,3352.2388,0.66261,26.5804,4.930082933157259,1.8365856108900336,0.0
24.49009,23.02342,47.88078,3349.33844,0.5903,26.59462,4.883655334346986,1.8192901087495619,0.0
24.53017,23.04548,47.92931,3346.48112,0.51673,26.60887,4.842166835254248,1.8038345512094067,0.0
24.57021,23.06754,47.97129,3343.66439,0.442,26.62316,4.8055555900592966,1.7901958990744515,0.0
24.61021,23.0896,48.00666,3340.88584,0.36626,26.63748,4.773765212116888,1.778353146835719,0.0
24.65017,23.11165,48.03534,3338.14301,0.28962,26.65184,4.746745123758207,1.7682874529807981,0.0
24.6901,23.13371,48.05727,3335.43347,0.21221,26.66624,4.724450839781149,1.759982245601429,0.0
24.72999,23.15577,48.07239,3332.75476,0.13415,26.68067,4.7068441901890425,1.7534233053695374,0.0
24.76984,23.17783,48.08066,3330.10443,0.05555,26.69513,4.693893486835437,1.7485988276168063,0.0
24.80966,23.19989,48.08206,3327.48,-0.02345,26.70963,4.685573637804463,1.7454994649443658,0.0
24.84943,23.22195,48.07657,3324.87898,-0.10275,26.72417,4.681866212488626,1.7441183514659855,0.0
24.88918,23.24401,48.06418,3322.29885,-0.18222,26.73875,4.682759459499916,1.7444511094804342,0.0
24.92888,23.26607,48.04488,3319.73707,-0.26173,26.75336,4.688248278722958,1.746495839060543,0.0
24.96856,23.28814,48.01869,3317.19107,-0.34118,26.76801,4.698334148004749,1.7502530907432023,0.0
25.00819,23.3102,47.98563,3314.65825,-0.42044,26.78269,4.713025004189295,1.7557258212116356,0.0
25.04779,23.33227,47.94573,3312.13597,-0.49939,26.79741,4.732335077416361,1.7629193315673226,0.0
25.08736,23.35434,47.89904,3309.62155,-0.57791,26.81216,4.756284676843999,1.7718411875060036,0.0
25.12689,23.37641,47.8456,3307.11226,-0.65588,26.82696,4.784899925192915,1.7825011204284729,0.0
25.16638,23.39848,47.78549,3304.60534,-0.73317,26.84178,4.818212438798947,1.794910908251704,0.0
25.20584,23.42055,47.71877,3302.09796,-0.80967,26.85665,4.8562589491397326,1.8090842344175815,0.0
25.24526,23.44263,47.64554,3299.58725,-0.88524,26.87155,4.899080861133347,1.8250365233475183,0.0
25.28465,23.4647,47.56587,3297.07029,-0.95976,26.88648,4.946723742852073,1.842784750347406,0.0
25.324,23.48678,47.47989,3294.54407,-1.0331,26.90145,4.999236740736242,1.8623472237593892,0.0
25.36332,23.50886,47.38771,3292.00556,-1.10514,26.91646,5.056671913819714,1.8837433369433374,0.0
25.4026,23.53094,47.28946,3289.45164,-1.17575,26.9315,5.1190834800696825,1.90699328751859,0.0
25.44184,23.55302,47.18527,3286.87914,-1.24478,26.94657,5.18652696756055,1.9321177611538933,0.0
25.48105,23.5751,47.0753,3284.28481,-1.31211,26.96168,5.2590582629841895,1.9591375771124382,0.0
25.52022,23.59719,46.95971,3281.66536,-1.37761,26.97682,5.336732549921588,1.9880732927301084,0.0
25.55935,23.61927,46.83867,3279.0174,-1.44113,26.99199,5.419603129400173,2.0189447640420566,0.0
25.59845,23.64136,46.71237,3276.33751,-1.50254,27.00719,5.5077201155742985,2.0517706598893612,0.0
25.63751,23.66344,46.58101,3273.62219,-1.5617,27.02243,5.601128999977219,2.086567927065114,0.0
25.67653,23.68553,46.44479,3270.86789,-1.61846,27.0377,5.699869078634352,2.123351204372725,0.0
25.71551,23.70761,46.30394,3268.07099,-1.67269,27.053,5.80397173762579,2.1621321839528442,0.0
25.75445,23.7297,46.15869,3265.22784,-1.72424,27.06833,5.913458594250097,2.202918918817973,0.0
25.79335,23.75178,46.00928,3262.33471,-1.77297,27.08369,6.028339493091381,2.2457150763347182,0.0
25.83222,23.77386,45.85597,3259.38788,-1.81872,27.09908,6.148610358838987,2.2905191383426335,0.0
25.87104,23.79594,45.69904,3256.38356,-1.86137,27.1145,6.274250910827763,2.337323549760332,0.0
25.90982,23.81802,45.53875,3253.31796,-1.90076,27.12994,6.405222247971551,2.386113818909672,0.0
25.94856,23.8401,45.37542,3250.18727,-1.93675,27.14541,6.541464317046492,2.436867574384669,0.0
25.98725,23.86218,45.20933,3246.9877,-1.96919,27.16091,6.6828932821655425,2.4895535851115462,0.0
26.0259,23.88425,45.0408,3243.71545,-1.99796,27.17643,6.829398818801479,2.5441307523010988,0.0
26.06451,23.90632,44.87017,3240.36678,-2.0229,27.19197,6.980841361718747,2.6005470842309,0.0
26.10307,23.92839,44.69777,3236.93799,-2.0439,27.20754,7.137049342749214,2.6587386672440916,0.0
26.14159,23.95045,44.52395,3233.42547,-2.06082,27.22313,7.297816461188794,2.7186286489003026,0.0
26.18006,23.9725,44.34907,3229.82568,-2.07353,27.23874,7.4628990367941155,2.780126251897264,0.0
26.21848,23.99455,44.17349,3226.1352,-2.08191,27.25438,7.632013502447096,2.84312584002239,0.0
26.25685,24.0166,43.9976,3222.35076,-2.08587,27.27003,7.804834100560409,2.9075060600032048,0.0
26.29517,24.03864,43.82177,3218.46927,-2.0853,27.2857,7.980990853670316,2.97312908549977,0.0
26.33344,24.06067,43.64639,3214.4878,-2.0801,27.30138,8.160067885296803,3.039839991580914,0.0
26.37166,24.08269,43.47187,3210.40367,-2.0702,27.31708,8.341602171443245,3.107466289624999,0.0
26.40983,24.1047,43.29861,3206.21445,-2.05553,27.3328,8.525082805797554,3.1758176535880183,0.0
26.44794,24.12671,43.12701,3201.91799,-2.03602,27.34853,8.709950862309697,3.2446858688101035,0.0
26.486,24.1487,42.95748,3197.51244,-2.01166,27.36427,8.895599936870296,3.313845033805061,0.0
26.52399,24.17069,42.79042,3192.99632,-1.9824,27.38002,9.081377444961673,3.3830520436695233,0.0
26.56193,24.19266,42.62625,3188.36849,-1.94825,27.39578,9.266586744065275,3.452047380735561,0.0
26.59982,24.21462,42.46537,3183.62826,-1.90922,27.41155,9.45049013795869,3.52055623375037,0.0
26.63764,24.23656,42.30818,3178.77531,-1.86535,27.42733,9.632312804754445,3.5882899611740755,0.0
26.6754,24.2585,42.15509,3173.80982,-1.81667,27.44311,9.81124767161786,3.6549479071403943,0.0
26.71309,24.28042,42.00647,3168.73242,-1.76328,27.4589,9.986461236766043,3.7202195703044496,0.0
26.75072,24.30232,41.8627,3163.54425,-1.70527,27.47469,10.157100314019226,3.783787116365597,0.0
26.78829,24.32421,41.72416,3158.24693,-1.64276,27.49048,10.322299647421515,3.8453282147140113,0.0
26.82579,24.34607,41.5912,3152.84263,-1.5759,27.50628,10.481190314229416,3.9045191687650074,0.0
26.86322,24.36793,41.46415,3147.33403,-1.50485,27.52207,10.632908804879682,3.9610382984859736,0.0
26.90058,24.38976,41.34334,3141.72434,-1.42981,27.53787,10.77660663947536,4.014569522790443,0.0
26.93787,24.41157,41.22907,3136.01727,-1.351,27.55366,10.911460353591215,4.064806079513363,0.0
26.97509,24.43337,41.12162,3130.21707,-1.26866,27.56945,11.036681662633068,4.111454311902388,0.0
27.01223,24.45514,41.02124,3124.32845,-1.18304,27.58523,11.15152759547163,4.154237443663108,0.0
27.0493,24.47689,40.92817,3118.35662,-1.09443,27.60101,11.255310375439162,4.192899259890298,0.0
27.0863,24.49862,40.84262,3112.30721,-1.00313,27.61678,11.347406821334525,4.227207609189651,0.0
27.12322,24.52032,40.76477,3106.18626,-0.90946,27.63254,11.427267043290264,4.256957643117066,0.0
27.16006,24.54201,40.69476,3100.00019,-0.81375,27.6483,11.494422218870096,4.281974712979564,0.0
27.19683,24.56366,40.63272,3093.75572,-0.71635,27.66405,11.548491253263625,4.30211685093307,0.0
27.23352,24.5853,40.57875,3087.45987,-0.61763,27.67979,11.58918615366561,4.317276772080081,0.0
27.27012,24.6069,40.53289,3081.11988,-0.51794,27.69552,11.61631598084377,4.32738334653266,0.0
27.30665,24.62849,40.49519,3074.74316,-0.41767,27.71125,11.629789279289941,4.332402504707677,0.0
27.3431,24.65004,40.46565,3068.33725,-0.31719,27.72696,11.629614929571524,4.332337554850148,0.0
27.37946,24.67157,40.44422,3061.90973,-0.21689,27.74266,11.615901410891803,4.32722890831756,0.0
27.41575,24.69307,40.43085,3055.46821,-0.11713,27.75835,11.588854506208365,4.317153224676088,0.0
27.45195,24.71455,40.42545,3049.02025,-0.01829,27.77403,11.548773525036955,4.302222004595652,0.0
27.48807,24.736,40.42788,3042.57331,0.07926,27.7897,11.496046158114803,4.282579673076631,0.0
27.52411,24.75742,40.43802,3036.13469,0.17518,27.80536,11.431142112173493,4.2584012082352665,0.0
27.56007,24.77881,40.45567,3029.71152,0.26911,27.82101,11.354605700730497,4.229889381178567,0.0
27.59595,24.80018,40.48064,3023.31067,0.36073,27.83665,11.267047587263898,4.197271680119642,0.0
27.63174,24.82152,40.51269,3016.93874,0.44973,27.85228,11.169135890012669,4.160796996681757,0.0
27.66746,24.84283,40.55159,3010.60202,0.53581,27.86791,11.061586862693435,4.120732154220125,0.0
27.70309,24.86411,40.59706,3004.30647,0.61869,27.88352,10.94515536321072,4.077358357165689,0.0
27.73865,24.88537,40.64881,2998.05768,0.69813,27.89913,10.820625313422413,4.030967637036737,0.0
27.77412,24.9066,40.70654,2991.86086,0.77388,27.91472,10.688800338222732,3.9818593652510073,0.0
27.80951,24.92781,40.76993,2985.72081,0.84573,27.93032,10.550494752731359,3.9303368956165046,0.0
27.84483,24.94899,40.83864,2979.64196,0.9135,27.9459,10.406525043379158,3.876704390811775,0.0
27.88007,24.97014,40.91233,2973.62828,0.97702,27.96148,10.257701963398771,3.8212638777481787,0.0
27.91523,24.99126,40.99063,2967.68338,1.03614,27.97706,10.10482333698547,3.764312566930474,0.0
27.95032,25.01237,41.0732,2961.81044,1.09074,27.99264,9.948667640012635,3.7061404611044275,0.0
27.98533,25.03344,41.15965,2956.01222,1.14072,28.00821,9.789988399973527,3.647028269087779,0.0
28.02026,25.0545,41.24962,2950.29113,1.18599,28.02378,9.629509434155866,3.587245631864984,0.0
28.05512,25.07553,41.34272,2944.64918,1.22651,28.03935,9.467920923949249,3.5270496601634345,0.0
28.08991,25.09653,41.43858,2939.08802,1.26223,28.05492,9.305876304655305,3.466683775825903,0.0
28.12463,25.11752,41.53682,2933.60895,1.29312,28.0705,9.143989934818215,3.4063768435748423,0.0
28.15928,25.13848,41.63707,2928.21294,1.3192,28.08607,8.982835496606622,3.34634257511256,0.0
28.19386,25.15942,41.73894,2922.90067,1.34046,28.10165,8.822945069554606,3.286779184065356,0.0
28.22837,25.18034,41.84207,2917.67249,1.35694,28.11724,8.664808813350321,3.227869267813944,0.0
28.26282,25.20124,41.9461,2912.52851,1.36868,28.13283,8.508875191563611,3.169779890837878,0.0
28.2972,25.22212,42.05066,2907.46858,1.37574,28.14843,8.35555166655699,3.112662843588175,0.0
28.33151,25.24298,42.1554,2902.49233,1.37818,28.16403,8.205205796274477,3.0566550510700132,0.0
28.36576,25.26382,42.25997,2897.59914,1.37609,28.17965,8.058166665567636,3.0018791060493433,0.0
28.39995,25.28465,42.36405,2892.78822,1.36956,28.19527,7.914726588080954,2.9484439030499723,0.0
28.43407,25.30545,42.46729,2888.05862,1.35868,28.21091,7.775143018993535,2.8964453509001697,0.0
28.46814,25.32624,42.56938,2883.40919,1.34355,28.22655,7.6396406238651124,2.8459671434322438,0.0
28.50214,25.34702,42.67001,2878.83867,1.32431,28.24221,7.508413454242913,2.7970815699533382,0.0
28.53609,25.36778,42.76888,2874.34564,1.30105,28.25789,7.3816271862423655,2.749850349175652,0.0
28.56997,25.38852,42.86571,2869.92859,1.27391,28.27358,7.259421383935567,2.7043254723881933,0.0
28.60381,25.40925,42.9602,2865.58589,1.24302,28.28928,7.141911754782849,2.6605500436643816,0.0
28.63758,25.42996,43.05211,2861.31582,1.20851,28.305,7.029192369581342,2.6185591068512997,0.0
28.6713,25.45067,43.14116,2857.11658,1.17051,28.32073,6.921337824227208,2.578380450883005,0.0
28.70497,25.47136,43.22712,2852.98631,1.12918,28.33649,6.818405325043121,2.540035386619881,0.0
28.73858,25.49203,43.30976,2848.92307,1.08464,28.35226,6.72043668345923,2.5035394899197843,0.0
28.77214,25.5127,43.38884,2844.92488,1.03705,28.36805,6.627460209385112,2.4689033069689104,0.0
28.80565,25.53335,43.46416,2840.98968,0.98654,28.38387,6.53949249574478,2.4361330190680404,0.0
28.83911,25.55399,43.53552,2837.1154,0.93327,28.3997,6.45654008933381,2.405231065070783,0.0
28.87252,25.57462,43.60273,2833.29993,0.87739,28.41555,6.378601045439922,2.376196720520645,0.0
28.90588,25.59524,43.66562,2829.5411,0.81903,28.43143,6.305666365531444,2.3490266332278136,0.0
28.93919,25.61585,43.72401,2825.83672,0.75835,28.44732,6.237721318876215,2.3237153156069703,0.0
28.97245,25.63646,43.77777,2822.1846,0.69549,28.46324,6.174746650139537,2.3002555945393,0.0
29.00566,25.65705,43.82674,2818.58248,0.63061,28.47919,6.1167196759551965,2.278639019874054,0.0
29.03883,25.67763,43.87079,2815.0281,0.56385,28.49515,6.063615274099446,2.2588562329218815,0.0
29.07195,25.69821,43.90981,2811.51919,0.49536,28.51114,6.0154067693774,2.2408972964708203,0.0
29.10503,25.71877,43.94368,2808.05342,0.42529,28.52716,5.972066720559445,2.2247519879408166,0.0
29.13806,25.73933,43.97231,2804.62847,0.35378,28.5432,5.9335676128029675,2.210410057329039,0.0
29.17104,25.75988,43.9956,2801.24198,0.28098,28.55926,5.899882459964856,2.1978614515871295,0.0
29.20398,25.78043,44.0135,2797.89159,0.20704,28.57535,5.870985321038542,2.1870965070075927,0.0
29.23688,25.80096,44.02592,2794.5749,0.1321,28.59147,5.846851734680684,2.178106111096417,0.0
29.26973,25.82149,44.03281,2791.28948,0.0563,28.60761,5.8274590755206335,2.1708818353077266,0.0
29.30254,25.84201,44.03413,2788.03288,-0.0202,28.62378,5.81278683550369,2.165416039851546,0.0
29.3353,25.86253,44.02985,2784.80265,-0.09726,28.63997,5.802816833140329,2.1617019516446443,0.0
29.36803,25.88304,44.01994,2781.59627,-0.17473,28.65619,5.797533353045894,2.1597337162927395,0.0
29.40071,25.90354,44.0044,2778.41122,-0.25248,28.67244,5.796923217708645,2.159506424825987,0.0
29.43334,25.92404,43.98322,2775.24494,-0.33035,28.68871,5.8009757929345085,2.161016115727293,0.0
29.46594,25.94453,43.9564,2772.09484,-0.4082,28.70501,5.809682927922945,2.164259752608995,0.0
29.49849,25.96501,43.92398,2768.9583,-0.48589,28.72133,5.823038830494176,2.169235177731725,0.0
29.531,25.98549,43.88597,2765.83267,-0.56327,28.73768,5.84103987749906,2.1759410413770968,0.0
29.56347,26.00596,43.84242,2762.71525,-0.64019,28.75406,5.863684360072817,2.184376706948016,0.0
29.5959,26.02643,43.79338,2759.60331,-0.71651,28.77046,5.890972162971493,2.194542131513078,0.0
29.62828,26.04689,43.73891,2756.49409,-0.79208,28.78689,5.922904376919462,2.2064377213958113,0.0
29.66062,26.06735,43.67909,2753.38478,-0.86676,28.80335,5.959482842623901,2.220064162308071,0.0
29.69293,26.08779,43.61399,2750.27255,-0.9404,28.81983,6.000709624908018,2.2354222234508305,0.0
29.72518,26.10824,43.54371,2747.15451,-1.01284,28.83633,6.046586415279574,2.2525125349552377,0.0
29.7574,26.12867,43.46835,2744.02774,-1.08395,28.85286,6.097113861258211,2.271335338039396,0.0
29.78958,26.1491,43.38802,2740.88929,-1.15357,28.86942,6.152290820831507,2.2918902072736302,0.0
29.82171,26.16952,43.30285,2737.73617,-1.22156,28.886,6.212113540645956,2.3141757444350017,0.0
29.8538,26.18994,43.21297,2734.56535,-1.28777,28.9026,6.276574756891788,2.338189243563251,0.0
29.88584,26.21035,43.11853,2731.37378,-1.35204,28.91923,6.345662718313873,2.363926327006646,0.0
29.91785,26.23076,43.01968,2728.15835,-1.41424,28.93588,6.419360131527862,2.3913805525245015,0.0
29.94981,26.25115,42.91659,2724.91597,-1.47421,28.95255,6.497643029622322,2.4205429918117014,0.0
29.98173,26.27154,42.80943,2721.64349,-1.5318,28.96924,6.580479566171995,2.4514017812369064,0.0
30.0136,26.29192,42.69839,2718.33775,-1.58687,28.98596,6.667828738058432,2.483941646059637,0.0
30.04543,26.31229,42.58366,2714.9956,-1.63927,29.00269,6.759639042023397,2.518143399961069,0.0
30.07721,26.33266,42.46546,2711.61387,-1.68885,29.01945,6.855847071685317,2.5539834223957434,0.0
30.10895,26.35302,42.34399,2708.18938,-1.73548,29.03623,6.9563760637206515,2.591433117005878,0.0
30.14064,26.37337,42.21948,2704.71898,-1.77901,29.05302,7.061134404197485,2.6304583551913256,0.0
30.17229,26.3937,42.09217,2701.19954,-1.81931,29.06983,7.170014108495928,2.671018909839931,0.0
30.20389,26.41403,41.96229,2697.62794,-1.85623,29.08666,7.282889290912662,2.713067885214956,0.0
30.23544,26.43435,41.83011,2694.00113,-1.88965,29.10351,7.399614642900056,2.756551150059111,0.0
30.26695,26.45466,41.69588,2690.31609,-1.91944,29.12037,7.520023941806888,2.8014067820612323,0.0
30.2984,26.47496,41.55987,2686.56989,-1.94548,29.13724,7.643928614979374,2.8475645329461425,0.0
30.32981,26.49525,41.42236,2682.75966,-1.96766,29.15413,7.7711163870743105,2.894945324563197,0.0
30.36117,26.51553,41.28362,2678.88264,-1.98586,29.17103,7.901350041210587,2.9434607873826306,0.0
30.39248,26.53579,41.14396,2674.93618,-1.99998,29.18795,8.034366327245761,2.9930128537998555,0.0
30.42373,26.55604,41.00367,2670.91776,-2.00992,29.20487,8.169875052646708,3.043493419460856,0.0
30.45493,26.57628,40.86303,2666.82499,-2.01561,29.22181,8.307558393176583,3.0947840864749514,0.0
30.48608,26.5965,40.72238,2662.65569,-2.01697,29.23875,8.44707046168454,3.146756002777611,0.0
30.51718,26.61671,40.582,2658.40781,-2.01393,29.2557,8.58803717355702,3.199269812007525,0.0
30.54822,26.63691,40.44221,2654.07953,-2.00645,29.27266,8.730056446678349,3.2521757279971895,0.0
30.57921,26.65709,40.30333,2649.66925,-1.99448,29.28963,8.872698771970327,3.30531374731391,0.0
30.61014,26.67725,40.16566,2645.17561,-1.97799,29.30659,9.015508187523213,3.358514012149228,0.0
30.64102,26.6974,40.02953,2640.5975,-1.95698,29.32356,9.158003684970186,3.4115973342304096,0.0
30.67183,26.71753,39.89525,2635.93409,-1.93145,29.34054,9.299681070982418,3.4643758882763445,0.0
30.70259,26.73764,39.76311,2631.18482,-1.90143,29.35751,9.440015299577581,3.5166540808438214,0.0
30.73329,26.75773,39.63344,2626.34948,-1.86695,29.37449,9.578463282349219,3.5682295972119205,0.0
30.76392,26.7778,39.50652,2621.42814,-1.82806,29.39146,9.714467173887087,3.6188946252875303,0.0
30.7945,26.79786,39.38266,2616.42121,-1.78485,29.40843,9.84745811866576,3.668437251419941,0.0
30.82501,26.81789,39.26214,2611.32945,-1.7374,29.4254,9.976860433883989,3.7166430186185577,0.0
30.85546,26.8379,39.14524,2606.15397,-1.68582,29.44237,10.102096190335827,3.763296633047935,0.0
30.88584,26.85788,39.03222,2600.89622,-1.63026,29.45932,10.222590140797866,3.808183799981689,0.0
30.91616,26.87785,38.92334,2595.55801,-1.57085,29.47628,10.337774933159423,3.8510931658306546,0.0
30.94641,26.89779,38.81884,2590.14151,-1.50777,29.49322,10.4470965339225,3.891818338539333,0.0
30.97659,26.91771,38.71895,2584.64924,-1.4412,29.51015,10.550019777323067,3.9301599547795605,0.0
31.00671,26.9376,38.62389,2579.08406,-1.37136,29.52708,10.646033946697486,3.9659277591563704,0.0
31.03676,26.95746,38.53384,2573.44914,-1.29846,29.544,10.734658288217377,3.9989426582192955,0.0
31.06673,26.9773,38.449,2567.74801,-1.22275,29.5609,10.815447353177841,4.029038710605301,0.0
31.09664,26.99711,38.36951,2561.98447,-1.14448,29.57779,10.887996064013441,4.056065014263027,0.0
31.12648,27.0169,38.29553,2556.16261,-1.06392,29.59467,10.951944401220311,4.079887452454602,0.0
31.15624,27.03666,38.22716,2550.28678,-0.98135,29.61154,11.006981613616306,4.100390262188322,0.0
31.18593,27.05639,38.16452,2544.36155,-0.89708,29.62839,11.052849862699212,4.117477391837972,0.0
31.21555,27.07609,38.10768,2538.39172,-0.81139,29.64523,11.089347223121402,4.1310736188985855,0.0
31.24509,27.09576,38.0567,2532.38225,-0.72462,29.66205,11.116329975223909,4.141125404015707,0.0
31.27456,27.11539,38.01161,2526.33823,-0.63706,29.67886,11.13371414154389,4.147601463374843,0.0
31.30395,27.135,37.97243,2520.26488,-0.54906,29.69565,11.141476236811538,4.150493048095061,0.0
31.33327,27.15458,37.93915,2514.16749,-0.46092,29.71242,11.139653219564272,4.149813926203983,0.0
31.36252,27.17413,37.91174,2508.05142,-0.37297,29.72918,11.128341652288567,4.145600069768536,0.0
31.39168,27.19365,37.89015,2501.92199,-0.28554,29.74592,11.107696095439007,4.137909056624781,0.0
31.42078,27.21313,37.87431,2495.78455,-0.19894,29.76264,11.077926778056971,4.126819202622091,0.0
31.44979,27.23259,37.86412,2489.64438,-0.1135,29.77935,11.039296603378633,4.112428446133342,0.0
31.47873,27.25201,37.85947,2483.50667,-0.0295,29.79604,10.992117561386994,4.09485301163615,0.0
31.50759,27.2714,37.86024,2477.3765,0.05275,29.81272,10.93674663115614,4.074225883228301,0.0
31.53638,27.29075,37.86626,2471.25883,0.13297,29.82938,10.873581264043178,4.05069512199789,0.0
31.56509,27.31008,37.87738,2465.15843,0.21088,29.84602,10.803054543826526,4.024422063047497,0.0
31.59373,27.32937,37.89342,2459.07993,0.28623,29.86265,10.725630122173854,3.995579428822737,0.0
31.62229,27.34863,37.91417,2453.02771,0.35878,29.87926,10.641797027020832,3.9643493950967503,0.0
31.65077,27.36786,37.93943,2447.00596,0.42828,29.89585,10.552064438216439,3.9309216447606072,0.0
31.67918,27.38706,37.96897,2441.01864,0.49454,29.91244,10.456956519086415,3.8954914424447136,0.0
31.70752,27.40622,38.00255,2435.06943,0.55735,29.92901,10.357007384998449,3.8582577601769557,0.0
31.73578,27.42535,38.03994,2429.16181,0.61654,29.94556,10.252756280930097,3.81942148089986,0.0
31.76396,27.44446,38.08088,2423.29896,0.67195,29.96211,10.144743029776624,3.779183702845511,0.0
31.79208,27.46353,38.12511,2417.48382,0.72345,29.97864,10.03350380240963,3.7377441637710818,0.0
31.82012,27.48257,38.17237,2411.71905,0.77089,29.99516,9.919567249248585,3.6952997998674557,0.0
31.84809,27.50158,38.22237,2406.00705,0.81419,30.01167,9.803451022277269,3.6520434501188337,0.0
31.87599,27.52056,38.27484,2400.34997,0.85325,30.02817,9.685658705834706,3.608162712941606,0.0
31.90382,27.53951,38.32951,2394.7497,0.888,30.04466,9.5666771647283,3.5638389582867105,0.0
31.93158,27.55843,38.38609,2389.20786,0.91839,30.06115,9.44697430928877,3.5192464950638054,0.0
31.95927,27.57732,38.4443,2383.72585,0.94438,30.07763,9.326997269192388,3.474551890841989,0.0
31.98689,27.59619,38.50386,2378.30482,0.96596,30.0941,9.207170961098198,3.4299134382569867,0.0
32.01444,27.61502,38.56449,2372.94571,0.98311,30.11057,9.087897029700827,3.385480760525457,0.0
32.04193,27.63383,38.62591,2367.64921,0.99584,30.12703,8.969553137374161,3.3413945468185644,0.0
32.06935,27.65262,38.68784,2362.41582,1.00418,30.14349,8.852492574403309,3.29778640706314,0.0
32.09671,27.67137,38.75002,2357.24585,1.00816,30.15995,8.737044159566146,3.254778834905686,0.0
32.124,27.6901,38.81218,2352.13942,1.00782,30.17641,8.623512399584705,3.2124852671122106,0.0
32.15123,27.7088,38.87405,2347.09645,1.00323,30.19286,8.51217787559379,3.1710102275379666,0.0
32.17839,27.72748,38.93538,2342.11673,0.99446,30.20932,8.403297825037107,3.130449543899056,0.0
32.2055,27.74613,38.99592,2337.19986,0.98158,30.22578,8.297106888313957,3.09089062591798,0.0
32.23254,27.76476,39.05541,2332.34532,0.96468,30.24223,8.193817990890988,3.0524127939334713,0.0
32.25952,27.78337,39.11364,2327.55243,0.94385,30.2587,8.093623333331948,3.0150876477126256,0.0
32.28644,27.80195,39.17036,2322.8204,0.91921,30.27516,7.996695463685477,2.9789794659435755,0.0
32.3133,27.82051,39.22536,2318.14832,0.89086,30.29163,7.903188408886387,2.944145627712231,0.0
32.34011,27.83904,39.27842,2313.53517,0.85891,30.30811,7.813238844062175,2.910637048099723,0.0
32.36685,27.85756,39.32933,2308.97982,0.8235,30.32459,7.726967280932387,2.8784986208924352,0.0
32.39354,27.87605,39.37791,2304.48104,0.78474,30.34107,7.644479258763921,2.8477696622441964,0.0
32.42018,27.89452,39.42396,2300.03753,0.74277,30.35757,7.565866523516274,2.8184843499388976,0.0
32.44676,27.91297,39.4673,2295.6479,0.69773,30.37407,7.491208182833927,2.7906721536555548,0.0
32.47328,27.9314,39.50777,2291.31068,0.64976,30.39058,7.42057182655806,2.7643582523884054,0.0
32.49975,27.94981,39.5452,2287.02433,0.599,30.4071,7.354014604089827,2.7395639357930692,0.0
32.52616,27.9682,39.57945,2282.78725,0.54559,30.42363,7.291584251633234,2.716306986861554,0.0
32.55253,27.98657,39.61037,2278.59778,0.48969,30.44017,7.233320063711211,2.694602043837553,0.0
32.57884,28.00492,39.63783,2274.45419,0.43145,30.45673,7.179253804651024,2.6744609397687413,0.0
32.6051,28.02325,39.66171,2270.3547,0.37101,30.47329,7.129410556811948,2.655893018493906,0.0
32.6313,28.04157,39.6819,2266.29749,0.30854,30.48986,7.08380950326349,2.6389054262111764,0.0
32.65746,28.05986,39.69829,2262.28067,0.2442,30.50645,7.042464643449405,2.6235033780816956,0.0
32.68356,28.07814,39.71079,2258.30233,0.17813,30.52305,7.005385440977308,2.6096903995483065,0.0
32.70962,28.0964,39.71933,2254.36049,0.1105,30.53966,6.972577403238535,2.597468542259188,0.0
32.73562,28.11464,39.72381,2250.45314,0.04147,30.55629,6.94404259299047,2.5868385746457396,0.0
32.76158,28.13287,39.72419,2246.57823,-0.0288,30.57292,6.919780072339294,2.577800147317838,0.0
32.78748,28.15108,39.72041,2242.73366,-0.10015,30.58958,6.8997862798053005,2.570351933530583,0.0
32.81334,28.16927,39.71242,2238.91732,-0.17242,30.60624,6.884055341332904,2.5644917450437132,0.0
32.83915,28.18744,39.70019,2235.12702,-0.24544,30.62292,6.872579316221624,2.560216623737368,0.0
32.86491,28.2056,39.68369,2231.36057,-0.31905,30.63962,6.865348379000188,2.557522909364974,0.0
32.89063,28.22374,39.66291,2227.61573,-0.3931,30.65633,6.862350938325569,2.5564062838462682,0.0
32.91629,28.24187,39.63784,2223.89023,-0.46741,30.67305,6.863573693978411,2.5568617924995896,0.0
32.94191,28.25998,39.60849,2220.18174,-0.54183,30.68979,6.869001633034201,2.5588838426155434,0.0
32.96748,28.27807,39.57486,2216.48795,-0.61618,30.70654,6.87861796628723,2.562466179773252,0.0
32.99301,28.29615,39.53699,2212.80648,-0.69031,30.72331,6.892404005993485,2.567601842296367,0.0
33.01848,28.31421,39.49489,2209.13491,-0.76405,30.74009,6.910338986056199,2.574283094267454,0.0
33.04391,28.33225,39.44863,2205.47084,-0.83724,30.75688,6.932399825782102,2.5825013375209807,0.0
33.0693,28.35028,39.39823,2201.81178,-0.90972,30.77369,6.958560838472558,2.592247003085846,0.0
33.09463,28.3683,39.34377,2198.15527,-0.98132,30.79051,6.9887933862002765,2.603509422580627,0.0
33.11992,28.38629,39.28532,2194.49879,-1.05188,30.80735,7.023065482341816,2.6162766801464716,0.0
33.14517,28.40427,39.22294,2190.83981,-1.12124,30.8242,7.061341343664089,2.6305354455875407,0.0
33.17036,28.42224,39.15674,2187.17578,-1.18924,30.84106,7.103580894074439,2.646270789504855,0.0
33.19551,28.44019,39.08679,2183.50413,-1.25573,30.85794,7.14973922253384,2.6634659813546966,0.0
33.22061,28.45812,39.01322,2179.82229,-1.32054,30.87482,7.199765998101143,2.682102271537202,0.0
33.24567,28.47603,38.93613,2176.12765,-1.38351,30.89172,7.253604845600824,2.7021586588161672,0.0
33.27067,28.49393,38.85564,2172.41763,-1.4445,30.90864,7.311192686064334,2.7236116446160996,0.0
33.29563,28.51181,38.77188,2168.68963,-1.50334,30.92556,7.372459046783865,2.746434975999093,0.0
33.32055,28.52968,38.685,2164.94104,-1.5599,30.94249,7.437325346633725,2.770599379428233,0.0
33.34541,28.54752,38.59513,2161.16928,-1.61401,30.95943,7.505704163166624,2.7960722877416817,0.0
33.37023,28.56535,38.50243,2157.37178,-1.66554,30.97639,7.57749848896961,2.8228175631256955,0.0
33.39499,28.58316,38.40707,2153.54599,-1.71435,30.99335,7.652600985724145,2.850795219232377,0.0
33.41971,28.60096,38.30921,2149.68938,-1.76029,31.01032,7.7308932455178985,2.8799611459988843,0.0
33.44438,28.61873,38.20903,2145.79946,-1.80324,31.0273,7.812245069980574,2.910266841106557,0.0
33.469,28.63649,38.10671,2141.87378,-1.84306,31.04428,7.896513778921181,2.9416591524301077,0.0
33.49357,28.65422,38.00243,2137.90995,-1.87963,31.06127,7.983543561194469,2.9740800362182935,0.0
33.51809,28.67194,37.8964,2133.90563,-1.91284,31.07827,8.073164881490177,3.0074663361073015,0.0
33.54256,28.68964,37.78882,2129.85857,-1.94257,31.09527,8.165193957674814,3.0417495884168053,0.0
33.56698,28.70732,37.67988,2125.76656,-1.96872,31.11227,8.259432324024624,3.0768558594427575,0.0
33.59135,28.72498,37.5698,2121.62752,-1.9912,31.12928,8.355666496309322,3.112705620692271,0.0
33.61566,28.74261,37.4588,2117.43945,-2.00991,31.14629,8.453667754973548,3.1492136681129996,0.0
33.63992,28.76023,37.34708,2113.20046,-2.02477,31.1633,8.55319206280129,3.1862890914209734,0.0
33.66413,28.77782,37.23488,2108.90878,-2.03572,31.18032,8.653980133108941,3.223835299504306,0.0
33.68829,28.79539,37.12242,2104.5628,-2.0427,31.19733,8.755757663934986,3.2617501076650113,0.0
33.71239,28.81294,37.00991,2100.16101,-2.04566,31.21434,8.858235752617668,3.2999258920601022,0.0
33.73643,28.83047,36.89759,2095.70209,-2.04455,31.23134,8.961111503651614,3.338249816144165,0.0
33.76043,28.84797,36.78568,2091.18486,-2.03937,31.24835,9.064068840773148,3.376604133192512,0.0
33.78436,28.86545,36.67441,2086.60834,-2.03009,31.26535,9.16677953172744,3.4148665680539123,0.0
33.80824,28.8829,36.56401,2081.97171,-2.01671,31.28234,9.26890443123511,3.4529107801883447,0.0
33.83206,28.90033,36.45469,2077.27436,-1.99926,31.29933,9.370094944302355,3.490606908788531,0.0
33.85583,28.91773,36.34667,2072.51588,-1.97775,31.31631,9.469994708115953,3.527822199330077,0.0
33.87953,28.93511,36.24018,2067.69606,-1.95224,31.33329,9.568241486608626,3.564421709346917,0.0
33.90318,28.95245,36.13543,2062.81493,-1.92278,31.35025,9.664469267246577,3.600269089539844,0.0
33.92677,28.96978,36.03261,2057.87271,-1.88945,31.3672,9.758310544880793,3.6352274345712052,0.0
33.95029,28.98707,35.93194,2052.86987,-1.85234,31.38415,9.849398772750359,3.6691601961281357,0.0
33.97376,29.00433,35.83361,2047.8071,-1.81155,31.40108,9.937370955980489,3.7019321490688077,0.0
33.99716,29.02157,35.7378,2042.68532,-1.7672,31.418,10.021870358381728,3.7334103997763544,0.0
34.02051,29.03877,35.64468,2037.50569,-1.71943,31.4349,10.102549289213831,3.7634654243017414,0.0
34.04378,29.05595,35.55444,2032.26957,-1.6684,31.45179,10.179071932857108,3.791972122490792,0.0
34.067,29.07309,35.46723,2026.97857,-1.61426,31.46866,10.251117181370876,3.8188108731867465,0.0
34.09015,29.09021,35.38319,2021.63451,-1.55719,31.48552,10.318381427673648,3.8438685747633645,0.0
34.11324,29.10729,35.30246,2016.23943,-1.4974,31.50236,10.380581275762719,3.867039654753042,0.0
34.13626,29.12434,35.22516,2010.79555,-1.43509,31.51918,10.437456124125404,3.8882270322354664,0.0
34.15922,29.14136,35.15142,2005.3053,-1.37046,31.53599,10.488770579217208,3.907343016921736,0.0
34.18211,29.15834,35.08131,1999.77129,-1.30377,31.55277,10.534316657790823,3.924310129579858,0.0
34.20493,29.17529,35.01494,1994.19631,-1.23524,31.56954,10.573915739794744,3.9390618295408735,0.0
34.22768,29.1922,34.95237,1988.58326,-1.16512,31.58628,10.607420237516386,3.951543136498576,0.0
34.25037,29.20908,34.89365,1982.93524,-1.09367,31.60301,10.634714951619559,3.9617111356691574,0.0
34.27299,29.22593,34.83883,1977.25541,-1.02114,31.61971,10.655718090385827,3.9695353574854324,0.0
34.29554,29.24274,34.78794,1971.54707,-0.94782,31.63639,10.670381934913769,3.974998025401061,0.0
34.31803,29.25951,34.741,1965.8136,-0.87397,31.65305,10.678693139832061,3.978094167914088,0.0
34.34044,29.27625,34.69799,1960.05845,-0.79986,31.66969,10.680672666178488,3.9788315935626044,0.0
34.36279,29.29295,34.6589,1954.2851,-0.72576,31.6863,10.676375350245616,3.9772307303084222,0.0
34.38506,29.30962,34.62371,1948.49707,-0.65195,31.70289,10.66588911915641,3.9733243333183483,0.0
34.40727,29.32624,34.59237,1942.69791,-0.5787,31.71946,10.649333870513358,3.967157067604003,0.0
34.4294,29.34284,34.56483,1936.89113,-0.50628,31.73601,10.626860039505747,3.958784974231586,0.0
34.45147,29.35939,34.541,1931.08024,-0.43494,31.75253,10.598646882125577,3.948274830774626,0.0
34.47347,29.3759,34.52082,1925.26869,-0.36495,31.76903,10.564900507637606,3.9357034183573054,0.0
34.49539,29.39238,34.50418,1919.45989,-0.29656,31.78551,10.525851696869367,3.9211567089100896,0.0
34.51725,29.40882,34.49098,1913.65717,-0.22999,31.80196,10.481753545426065,3.9047289872052633,0.0
34.53903,29.42523,34.4811,1907.86378,-0.1655,31.81839,10.432878972374015,3.8865219227759633,0.0
34.56075,29.44159,34.4744,1902.08284,-0.10329,31.8348,10.379518135337664,3.866643606971801,0.0
34.5824,29.45792,34.47076,1896.31739,-0.04357,31.85119,10.321975792466244,3.845207570222035,0.0
34.60397,29.47421,34.47003,1890.57034,0.01346,31.86756,10.260568650324194,3.822331794054971,0.0
34.62548,29.49046,34.47204,1884.84447,0.06762,31.8839,10.195622734508898,3.7981377315838847,0.0
34.64692,29.50667,34.47664,1879.14241,0.11873,31.90023,10.127470817045813,3.7727493491440156,0.0
34.66829,29.52285,34.48366,1873.46666,0.16664,31.91653,10.05644993108638,3.746292200452153,0.0
34.68959,29.53899,34.49293,1867.81955,0.2112,31.93282,9.98289899978915,3.718892543302461,0.0
34.71083,29.55509,34.50426,1862.20327,0.2523,31.94909,9.907156602146186,3.690676507278034,0.0
34.732,29.57116,34.51747,1856.61986,0.28981,31.96533,9.829558894334934,3.6617693193997716,0.0
34.75309,29.58718,34.53237,1851.07117,0.32364,31.98156,9.750437701063873,3.632294593102414,0.0
34.77413,29.60318,34.54877,1845.55892,0.3537,31.99778,9.670118787205043,3.6023736843721883,0.0
34.79509,29.61913,34.56648,1840.08465,0.37993,32.01398,9.588920316187034,3.5721251174576265,0.0
34.81599,29.63505,34.58531,1834.64976,0.40226,32.03016,9.507151497967328,3.541664081203694,0.0
34.83683,29.65093,34.60506,1829.25546,0.42066,32.04632,9.425111426052428,3.5111019958111886,0.0
34.8576,29.66678,34.62554,1823.90284,0.43509,32.06248,9.34308810017523,3.480546148758341,0.0
34.87831,29.6826,34.64655,1818.59283,0.44555,32.07861,9.261357628597507,3.4500993976375085,0.0
34.89895,29.69837,34.6679,1813.32618,0.45203,32.09474,9.180183601942868,3.419859936891472,0.0
34.91953,29.71412,34.6894,1808.10354,0.45454,32.11085,9.099816628617512,3.3899211247454444,0.0
34.94004,29.72983,34.71087,1802.92539,0.4531,32.12696,9.020494020612805,3.360371366160264,0.0
34.9605,29.7455,34.73211,1797.79209,0.44776,32.14305,8.942439617374491,3.3312940472190404,0.0
34.98089,29.76114,34.75296,1792.70384,0.43854,32.15913,8.86586373487144,3.302767516153924,0.0
35.00122,29.77675,34.77322,1787.66076,0.42552,32.1752,8.790963226556286,3.2748651060555485,0.0
35.02149,29.79232,34.79273,1782.66282,0.40875,32.19127,8.71792164287035,3.247655194292806,0.0
35.0417,29.80787,34.81132,1777.70986,0.38831,32.20732,8.646909476061001,3.2212012937137637,0.0
35.06185,29.82338,34.82882,1772.80163,0.36428,32.22337,8.57808447746916,3.1955621708436026,0.0
35.08194,29.83885,34.84508,1767.93778,0.33676,32.23941,8.511592034854331,3.1707919864481204,0.0
35.10197,29.8543,34.85994,1763.11783,0.30584,32.25545,8.447565598077324,3.146940454111745,0.0
35.12195,29.86972,34.87326,1758.34122,0.27163,32.27148,8.38612714205558,3.1240530127005774,0.0
35.14187,29.8851,34.8849,1753.6073,0.23425,32.28751,8.32738765677824,3.1021710089058945,0.0
35.16173,29.90045,34.89473,1748.91532,0.19381,32.30353,8.271447654966053,3.081331886360824,0.0
35.18153,29.91578,34.90261,1744.26446,0.15044,32.31955,8.218397688776276,3.061569378126515,0.0
35.20128,29.93107,34.90843,1739.6538,0.10428,32.33557,8.168318867857657,3.042913699681249,0.0
35.22097,29.94633,34.91207,1735.08236,0.05545,32.35159,8.121283371831458,3.0253917398331067,0.0
35.24061,29.96156,34.91343,1730.54907,0.0041,32.3676,8.077354951122818,3.009027247292827,0.0
35.26019,29.97677,34.91241,1726.05281,-0.04962,32.38361,8.036589410791496,2.99384101091349,0.0
35.27972,29.99194,34.90892,1721.59238,-0.10556,32.39963,7.999035072770166,2.979851031886442,0.0
35.2992,30.00709,34.90287,1717.16653,-0.16358,32.41564,7.96473321258554,2.9670726864314085,0.0
35.31862,30.02221,34.89419,1712.77392,-0.22351,32.43165,7.933718467247952,2.955518877746095,0.0
35.33799,30.0373,34.8828,1708.41319,-0.28521,32.44766,7.906019211590289,2.945200176202336,0.0
35.3573,30.05236,34.86866,1704.0829,-0.3485,32.46367,7.8816579008807,2.9361249469783526,0.0
35.37657,30.06739,34.85169,1699.78156,-0.41322,32.47969,7.860651377984215,2.92829946448453,0.0
35.39578,30.08239,34.83187,1695.50765,-0.47922,32.4957,7.843011143809749,2.9217280131120464,0.0
35.41494,30.09737,34.80914,1691.25958,-0.54631,32.51172,7.8287435901927145,2.9164129739877716,0.0
35.43405,30.11232,34.78348,1687.03573,-0.61434,32.52773,7.8178501946903705,2.9123548975406623,0.0
35.4531,30.12724,34.75487,1682.83442,-0.68313,32.54375,7.81032767715647,2.909552561829936,0.0
35.47211,30.14214,34.72328,1678.65394,-0.75252,32.55978,7.806168118224241,2.908003016683099,0.0
35.49106,30.15701,34.68873,1674.49256,-0.82232,32.5758,7.805359040158603,2.9077016138155236,0.0
35.50997,30.17185,34.65119,1670.34849,-0.89238,32.59183,7.807883450780827,2.9086420231935426,0.0
35.52882,30.18666,34.61069,1666.2199,-0.96251,32.60785,7.813719851468702,2.9108162360147207,0.0
35.54763,30.20145,34.56723,1662.10497,-1.03256,32.62388,7.822842210477166,2.9142145547690843,0.0
35.56638,30.21621,34.52084,1658.00181,-1.10233,32.63992,7.835219903072848,2.9188255709376683,0.0
35.58508,30.23095,34.47155,1653.90853,-1.17168,32.65595,7.850817620292784,2.924636131002735,0.0
35.60374,30.24565,34.41939,1649.82321,-1.24042,32.67199,7.869595248326823,2.931631291514542,0.0
35.62234,30.26033,34.36442,1645.74391,-1.30838,32.68803,7.891507720873827,2.9397942640901538,0.0
35.6409,30.27499,34.30668,1641.66867,-1.37541,32.70407,7.916504847080822,2.949106351316234,0.0
35.6594,30.28961,34.24622,1637.59552,-1.44133,32.72011,7.94453111796145,2.9595468746348357,0.0
35.67786,30.30421,34.18313,1633.52249,-1.50598,32.73615,7.9755254945305865,2.9710930954179666,0.0
35.69626,30.31879,34.11746,1629.44759,-1.56919,32.75219,8.00942118120363,2.983720130552867,0.0
35.71462,30.33333,34.04929,1625.36885,-1.63083,32.76823,8.04614538835119,2.997400863987378,0.0
35.73293,30.34785,33.97871,1621.28427,-1.69071,32.78428,8.085619088217424,3.0121058558031013,0.0
35.75118,30.36234,33.90582,1617.19188,-1.7487,32.80032,8.127756768804847,3.0278032505310186,0.0
35.76939,30.37681,33.8307,1613.08972,-1.80465,32.81637,8.172466190618294,3.0444586865322156,0.0
35.78755,30.39125,33.75346,1608.97585,-1.85841,32.83241,8.219648151521042,3.062035208400595,0.0
35.80565,30.40565,33.6742,1604.84832,-1.90984,32.84845,8.269196265292708,3.080493184469875,0.0
35.82371,30.42004,33.59304,1600.70526,-1.9588,32.86449,8.320996759715994,3.099790231595586,0.0
35.84172,30.43439,33.5101,1596.54478,-2.00518,32.88052,8.374928300345863,3.1198811495044487,0.0
35.85967,30.44871,33.42549,1592.36507,-2.04884,32.89655,8.43086184626279,3.14071786705867,0.0
35.87758,30.46301,33.33935,1588.16432,-2.08966,32.91258,8.488660544289525,3.162249402848901,0.0
35.89543,30.47728,33.25181,1583.94082,-2.12755,32.92861,8.548179668257834,3.1844218425694977,0.0
35.91324,30.49152,33.16299,1579.69287,-2.16238,32.94463,8.609266609827495,3.207178335598363,0.0
35.93099,30.50573,33.07304,1575.41886,-2.19408,32.96064,8.671760927353231,3.230459113201156,0.0
35.94869,30.51991,32.9821,1571.11724,-2.22255,32.97665,8.735494458996186,3.2542015306682996,0.0
35.96634,30.53406,32.8903,1566.78654,-2.24771,32.99265,8.800291506009366,3.2783401355936244,0.0
35.98394,30.54818,32.7978,1562.42536,-2.26949,33.00865,8.8659690915937,3.3028067643050685,0.0
36.00148,30.56227,32.70473,1558.0324,-2.28784,33.02463,8.932337300183756,3.3275306682575283,0.0
36.01897,30.57633,32.61126,1553.60644,-2.3027,33.04061,8.99919970120393,3.3524386718931933,0.0
36.03641,30.59036,32.51752,1549.14638,-2.31403,33.05657,9.066353860475765,3.3774553631542243,0.0
36.05379,30.60436,32.42366,1544.65121,-2.32181,33.07253,9.133591941413272,3.402503317443829,0.0
36.07113,30.61832,32.32984,1540.12004,-2.32602,33.08848,9.200701396921506,3.4275033553766914,0.0
36.0884,30.63226,32.23619,1535.55208,-2.32665,33.10441,9.267465751630006,3.452374834181504,0.0
36.10563,30.64616,32.14287,1530.94669,-2.32371,33.12033,9.333665472664062,3.47703597208618,0.0
36.12279,30.66003,32.05002,1526.30333,-2.31722,33.13623,9.399078925601481,3.5014042044369003,0.0
36.13991,30.67386,31.95778,1521.62161,-2.30721,33.15212,9.463483410720158,3.5253965697275977,0.0
36.15697,30.68767,31.8663,1516.90126,-2.29371,33.168,9.526656272965797,3.548930123092141,0.0
36.17397,30.70144,31.7757,1512.14216,-2.2768,33.18386,9.588376077464815,3.5719223742138184,0.0
36.19091,30.71517,31.68612,1507.34431,-2.25653,33.1997,9.648423840816307,3.59429174601399,0.0
36.2078,30.72887,31.59769,1502.50786,-2.23299,33.21553,9.706584306856554,3.6159580499079427,0.0
36.22463,30.74253,31.51053,1497.63312,-2.20627,33.23133,9.762647254196674,3.6368429728970604,0.0
36.24141,30.75616,31.42476,1492.7205,-2.17648,33.24712,9.816408821616912,3.6568705713130716,0.0
36.25813,30.76976,31.3405,1487.7706,-2.14374,33.26289,9.867672836305502,3.675967765621976,0.0
36.27478,30.78331,31.25784,1482.78411,-2.10818,33.27864,9.916252129189912,3.694064830419542,0.0
36.29138,30.79683,31.17689,1477.76189,-2.06993,33.29436,9.961969821049577,3.7110958735421353,0.0
36.30793,30.81032,31.09774,1472.70492,-2.02916,33.31007,10.004660562880519,3.726999298135181,0.0
36.32441,30.82376,31.02048,1467.61431,-1.98603,33.32575,10.044171714058962,3.7417182415501062,0.0
36.34083,30.83717,30.94518,1462.4913,-1.94072,33.34141,10.080364442319521,3.755200985115158,0.0
36.35719,30.85054,30.87192,1457.33724,-1.89339,33.35705,10.113114730276312,3.7674013290909993,0.0
36.37349,30.86387,30.80075,1452.15361,-1.84426,33.37266,10.142314274347472,3.7782789275437496,0.0
36.38974,30.87716,30.73173,1446.94197,-1.79351,33.38824,10.167871263301505,3.787799578373977,0.0
36.40592,30.89042,30.66491,1441.70399,-1.74135,33.40381,10.189711025377896,3.795935464386157,0.0
36.42204,30.90363,30.60031,1436.44144,-1.68801,33.41934,10.207776534806348,3.8026653419804166,0.0
36.4381,30.9168,30.53798,1431.15616,-1.63368,33.43485,10.222028770740797,3.807974674864895,0.0
36.45409,30.92994,30.47792,1425.85007,-1.5786,33.45034,10.232446923845025,3.811855711014325,0.0
36.47003,30.94303,30.42014,1420.52515,-1.52299,33.4658,10.239028448218566,3.8143075020137975,0.0
36.4859,30.95608,30.36465,1415.18342,-1.46707,33.48123,10.241788958719038,3.8153358648086257,0.0
36.50171,30.9691,30.31144,1409.82696,-1.41108,33.49663,10.240761976152568,3.8149532867810785,0.0
36.51746,30.98207,30.26049,1404.45789,-1.35524,33.51201,10.235998525135548,3.8131787759433,0.0
36.53315,30.995,30.21178,1399.07835,-1.29978,33.52736,10.22756659160086,3.8100376588441045,0.0
36.54877,31.00788,30.16527,1393.69048,-1.24492,33.54268,10.215550448954748,3.8055613295446866,0.0
36.56433,31.02073,30.12092,1388.29644,-1.19088,33.55798,10.200049863628825,3.7997869536658344,0.0
36.57983,31.03354,30.07869,1382.89838,-1.13789,33.57325,10.181179192315568,3.7927571320844016,0.0
36.59527,31.0463,30.03852,1377.49845,-1.08614,33.58849,10.159066384406836,3.7845195293154075,0.0
36.61064,31.05902,30.00034,1372.09875,-1.03586,33.6037,10.133851904066768,3.775126471955825,0.0
36.62595,31.0717,29.96408,1366.70138,-0.98724,33.61889,10.105687586967706,3.764634522788642,0.0
36.6412,31.08434,29.92967,1361.30839,-0.94048,33.63405,10.074735447055494,3.753104036271529,0.0
36.65638,31.09693,29.89702,1355.92179,-0.89574,33.64918,10.041166448668589,3.7405987011189015,0.0
36.6715,31.10948,29.86604,1350.54352,-0.85322,33.66429,10.00515925904732,3.7271850755788,0.0
36.68656,31.12199,29.83665,1345.17548,-0.81308,33.67937,9.966898995759877,3.712932120816114,0.0
36.70156,31.13446,29.80874,1339.81951,-0.77547,33.69443,9.926575982746973,3.6979107375064815,0.0
36.71649,31.14688,29.78222,1334.47736,-0.74054,33.70946,9.884384527722464,3.6821933103858586,0.0
36.73137,31.15927,29.75697,1329.15072,-0.70842,33.72446,9.840521732542705,3.665853265081799,0.0
36.74618,31.17161,29.73288,1323.84121,-0.67924,33.73944,9.795186346879975,3.6489646410766445,0.0
36.76093,31.18391,29.70985,1318.55035,-0.6531,33.7544,9.748577674176884,3.631601684146758,0.0
36.77562,31.19617,29.68775,1313.27958,-0.63011,33.76933,9.700894537481672,3.613838461108957,0.0
36.79024,31.20838,29.66648,1308.03027,-0.61035,33.78424,9.652334311329854,3.5957484991709587,0.0
36.80481,31.22055,29.64591,1302.80369,-0.5939,33.79913,9.603092024424768,3.577404451656268,0.0
36.81932,31.23269,29.62593,1297.601,-0.58083,33.81399,9.553359536528758,3.558877791374494,0.0
36.83376,31.24478,29.60641,1292.4233,-0.57118,33.82884,9.503324791665895,3.5402385324197088,0.0
36.84815,31.25683,29.58724,1287.27159,-0.56499,33.84366,9.453171148519173,3.5215549807257838,0.0
36.86247,31.26884,29.56829,1282.14677,-0.5623,33.85846,9.403076787817525,3.5028935133024626,0.0
36.87674,31.2808,29.54945,1277.04964,-0.56312,33.87325,9.353214195457834,3.4843183856847135,0.0
36.89095,31.29273,29.5306,1271.98093,-0.56745,33.88801,9.303749719286339,3.4658915668221337,0.0
36.90509,31.30462,29.51162,1266.94126,-0.5753,33.90276,9.254843196639731,3.447672600328217,0.0
36.91918,31.31646,29.4924,1261.93118,-0.58663,33.91748,9.206647649160182,3.429718490790911,0.0
36.93322,31.32827,29.47282,1256.95111,-0.60142,33.93219,9.159309040834728,3.412083613635931,0.0
36.94719,31.34003,29.45278,1252.00144,-0.61965,33.94688,9.11296609483142,3.394819646893403,0.0
36.96111,31.35176,29.43217,1247.08243,-0.64124,33.96156,9.067750164405874,3.3779755231071573,0.0
36.97497,31.36345,29.41087,1242.19426,-0.66616,33.97622,9.02378515295988,3.3615973995544532,0.0
36.98877,31.3751,29.38881,1237.33705,-0.69433,33.99087,8.981187478208987,3.3457286448974677,0.0
37.00252,31.3867,29.36586,1232.51082,-0.72567,34.0055,8.94006607543244,3.3304098403939797,0.0
37.01621,31.39827,29.34195,1227.71551,-0.76011,34.02011,8.900522434816471,3.3156787938087278,0.0
37.02984,31.40981,29.31697,1222.95099,-0.79755,34.03472,8.862650667994354,3.301570564201332,0.0
37.04342,31.4213,29.29085,1218.21706,-0.83788,34.04931,8.826537599121751,3.2881174958542587,0.0
37.05695,31.43275,29.2635,1213.51342,-0.881,34.06389,8.792262875957302,3.27534925965326,0.0
37.07042,31.44417,29.23485,1208.83974,-0.9268,34.07845,8.7598990967462,3.2632929003548443,0.0
37.08383,31.45555,29.20482,1204.19559,-0.97516,34.09301,8.729511948931153,3.2519728882597607,0.0
37.09719,31.46689,29.17334,1199.58048,-1.02594,34.10755,8.701160356053403,3.2414111739374944,0.0
37.1105,31.47819,29.14036,1194.99387,-1.07902,34.12208,8.674896629474063,3.2316272447464542,0.0
37.12376,31.48946,29.10582,1190.43514,-1.13426,34.13661,8.650766621934006,3.2226381820390735,0.0
37.13696,31.50069,29.06965,1185.90362,-1.19151,34.15112,8.628809880252996,3.214458718046255,0.0
37.15011,31.51189,29.03182,1181.39858,-1.25063,34.16562,8.609059794808326,3.207101291562092,0.0
37.16321,31.52304,28.99228,1176.91923,-1.31146,34.18012,8.59154374378088,3.200576101679329,0.0
37.17625,31.53416,28.951,1172.46475,-1.37386,34.1946,8.576283230459373,3.1948911589387956,0.0
37.18925,31.54525,28.90794,1168.03424,-1.43767,34.20908,8.5632940122245,3.190052333379406,0.0
37.20219,31.5563,28.86308,1163.62677,-1.50272,34.22355,8.552586220143773,3.186063399090369,0.0
37.21508,31.56731,28.81639,1159.24135,-1.56885,34.23801,8.544164468394197,3.1829260749740267,0.0
37.22792,31.57828,28.76786,1154.87698,-1.63589,34.25246,8.538027953050285,3.180640061546984,0.0
37.24071,31.58922,28.71748,1150.53257,-1.70369,34.2669,8.534170540028981,3.179203073701903,0.0
37.25345,31.60013,28.66524,1146.20704,-1.77207,34.28134,8.532580842252285,3.178610869452618,0.0
37.26613,31.611,28.61114,1141.89924,-1.84086,34.29577,8.533242286386342,3.1788572747961963,0.0
37.27877,31.62183,28.5552,1137.60801,-1.9099,34.31019,8.536133169710746,3.1799342048982555,0.0
37.29136,31.63263,28.49741,1133.33216,-1.97902,34.32461,8.541226707954257,3.1818316819130197,0.0
37.30389,31.6434,28.43779,1129.07045,-2.04804,34.33901,8.54849107515031,3.1845378498305545,0.0
37.31638,31.65413,28.37636,1124.82164,-2.11681,34.35341,8.557889436741636,3.1880389868090995,0.0
37.32882,31.66482,28.31315,1120.58446,-2.18516,34.3678,8.569379977434622,3.1923195155515582,0.0
37.34121,31.67548,28.24819,1116.35764,-2.25291,34.38219,8.582915925457865,3.1973620123424427,0.0
37.35355,31.6861,28.18151,1112.13986,-2.31992,34.39657,8.598445575013647,3.2031472154116427,0.0
37.36584,31.69669,28.11315,1107.92982,-2.38602,34.41094,8.615912308975629,3.2096540333899113,0.0
37.37808,31.70724,28.04315,1103.7262,-2.45105,34.4253,8.635254623912154,3.216859554630702,0.0
37.39027,31.71776,27.97156,1099.52769,-2.51486,34.43965,8.656406159739658,3.22473905825685,0.0
37.40241,31.72825,27.89843,1095.33296,-2.57731,34.45399,8.679295736322667,3.2332660277950267,0.0
37.41451,31.7387,27.82382,1091.14069,-2.63825,34.46833,8.70384739950105,3.242412168322112,0.0
37.42655,31.74911,27.74778,1086.94958,-2.69753,34.48266,8.729980479009043,3.2521474280415434,0.0
37.43855,31.75949,27.67037,1082.75834,-2.75503,34.49698,8.757609660815802,3.262440025232087,0.0
37.4505,31.76983,27.59167,1078.56567,-2.81062,34.51128,8.78664507639925,3.2732564815046836,0.0
37.4624,31.78014,27.51173,1074.37031,-2.86416,34.52558,8.816992411405273,3.284561662280867,0.0
37.47425,31.79042,27.43064,1070.17103,-2.91555,34.53987,8.848553036095828,3.2963188253881115,0.0
37.48605,31.80065,27.34846,1065.96662,-2.96468,34.55415,8.881224159849445,3.3084896786153366,0.0
37.4978,31.81086,27.26527,1061.75589,-3.01145,34.56842,8.914899011824353,3.3210344470146707,0.0
37.5095,31.82102,27.18115,1057.5377,-3.05575,34.58267,8.949467049690604,3.3339119506596653,0.0
37.52116,31.83116,27.09617,1053.31095,-3.09751,34.59691,8.984814198100342,3.347079693481741,0.0
37.53276,31.84125,27.01043,1049.07457,-3.13664,34.61114,9.02082311826737,3.3604939636956694,0.0
37.54432,31.85131,26.92399,1044.82756,-3.17309,34.62536,9.057373509682874,3.3741099461966217,0.0
37.55583,31.86134,26.83695,1040.56895,-3.20678,34.63957,9.094342444648868,3.3878818471826757,0.0
37.56728,31.87133,26.74939,1036.29784,-3.23767,34.65376,9.131604735880249,3.401763031096254,0.0
37.57869,31.88128,26.6614,1032.01338,-3.26572,34.66793,9.169033336958304,3.4157061698035927,0.0
37.59005,31.8912,26.57305,1027.71478,-3.2909,34.68209,9.20649977498032,3.4296634037681084,0.0
37.60136,31.90108,26.48443,1023.40133,-3.31319,34.69624,9.24387461419349,3.443586514766219,0.0
37.61262,31.91092,26.39564,1019.07239,-3.33259,34.71037,9.281027948933513,3.457427109519948,0.0
37.62383,31.92072,26.30674,1014.72736,-3.34908,34.72448,9.317829923616674,3.4711368134076572,0.0
37.63499,31.93049,26.21783,1010.36576,-3.3627,34.73858,9.354151276997808,3.484667473214453,0.0
37.6461,31.94023,26.12897,1005.98715,-3.37345,34.75266,9.3898639074306,3.4979713677065267,0.0
37.65716,31.94992,26.04026,1001.59118,-3.38138,34.76672,9.424841455290863,3.5110014245991477,0.0
37.66817,31.95958,25.95177,997.17759,-3.38654,34.78076,9.458959898337566,3.5237114423443083,0.0
