0.05051,0.05051,56.5979,5342.10065,-0.51651,45.00011,3.6457713561168408,1.358145756171127,0.0
0.10101,0.10101,56.52455,5340.18617,-0.53253,45.00027,3.680937018343403,1.3712458906147806,0.0
0.15149,0.15149,56.44903,5338.25562,-0.54803,45.00049,3.717556618908128,1.3848876553448206,0.0
0.20195,0.20196,56.3714,5336.30805,-0.563,45.00077,3.7556255241584,1.3990693242037273,0.0
0.2524,0.2524,56.29175,5334.34252,-0.57741,45.00111,3.795137376278265,1.4137885287377747,0.0
0.30282,0.30283,56.21016,5332.35807,-0.59123,45.00151,3.836083911558327,1.4290421904977815,0.0
0.35323,0.35324,56.12671,5330.35377,-0.60444,45.00196,3.8784547716440123,1.4448264507241242,0.0
0.40361,0.40363,56.04149,5328.32866,-0.61703,45.00247,3.9222373083149726,1.4611365976219284,0.0
0.45398,0.454,55.9546,5326.28179,-0.62896,45.00304,3.9674163824347155,1.4779669914645153,0.0
0.50433,0.50436,55.86612,5324.21223,-0.64022,45.00366,4.013974157847704,1.4953109878146509,0.0
0.55466,0.5547,55.77616,5322.11903,-0.65078,45.00434,4.061889891160742,1.5131608592125778,0.0
0.60497,0.60502,55.68481,5320.00126,-0.66062,45.00508,4.111139718462826,1.5315077157235493,0.0
0.65525,0.65532,55.59218,5317.85801,-0.66973,45.00587,4.161696440235341,1.550341424811219,0.0
0.70552,0.7056,55.49837,5315.68836,-0.67808,45.00672,4.213529305844776,1.5696505310555073,0.0
0.75577,0.75586,55.40349,5313.49141,-0.68565,45.00763,4.266603799207109,1.5894221763069425,0.0
0.806,0.80611,55.30765,5311.26628,-0.69241,45.00859,4.320881427359659,1.609642020924115,0.0
0.8562,0.85633,55.21097,5309.01211,-0.69836,45.00961,4.376319513904812,1.6302941668260296,0.0
0.90638,0.90654,55.11357,5306.72805,-0.70348,45.01068,4.432870999434601,1.6513610831450123,0.0
0.95654,0.95673,55.01555,5304.41329,-0.70774,45.01181,4.490484251231997,1.6728235353354297,0.0
1.00668,1.0069,54.91705,5302.06701,-0.71113,45.013,4.549102884738268,1.6946605186655883,0.0
1.0568,1.05705,54.81818,5299.68847,-0.71364,45.01423,4.60866559940877,1.7168491970696926,0.0
1.10689,1.10717,54.71907,5297.27692,-0.71524,45.01553,4.669106031749679,1.7393648484001663,0.0
1.15696,1.15728,54.61984,5294.83166,-0.71593,45.01688,4.7303526284481086,1.762180817165277,0.0
1.20701,1.20737,54.52063,5292.35203,-0.71569,45.01828,4.792328542616414,1.7852684758774138,0.0
1.25703,1.25744,54.42157,5289.83742,-0.71452,45.01974,4.854951556250095,1.8085971961666145,0.0
1.30703,1.30748,54.32278,5287.28724,-0.7124,45.02125,4.918134032028828,1.8321343308251825,0.0
1.357,1.35751,54.22439,5284.70097,-0.70932,45.02281,4.981782897615998,1.8558452079588477,0.0
1.40695,1.40751,54.12655,5282.07813,-0.70528,45.02443,5.045799665543409,1.879693138394345,0.0
1.45687,1.45749,54.02938,5279.4183,-0.70028,45.0261,5.110080491698967,1.903639437467618,0.0
1.50677,1.50745,53.93302,5276.72113,-0.6943,45.02782,5.174516275266687,1.927643462254096,0.0
1.55664,1.55739,53.83761,5273.9863,-0.68735,45.0296,5.23899280278999,1.9516626652360665,0.0
1.60648,1.6073,53.74326,5271.21358,-0.67943,45.03143,5.303390938717711,1.9756526652860757,0.0
1.65629,1.6572,53.65013,5268.40281,-0.67054,45.03331,5.367586864521877,1.9995673367445927,0.0
1.70608,1.70706,53.55834,5265.55389,-0.66068,45.03524,5.431452368013075,2.0233589171975943,0.0
1.75584,1.75691,53.46803,5262.6668,-0.64987,45.03723,5.49485518405849,2.0469781344030022,0.0
1.80557,1.80673,53.37932,5259.74158,-0.6381,45.03927,5.557659387370765,2.070374352614867,0.0
1.85528,1.85653,53.29234,5256.77839,-0.62539,45.04136,5.619725837425537,2.093495738326855,0.0
1.90495,1.9063,53.20723,5253.77742,-0.61176,45.04349,5.680912674965257,2.1162894452329883,0.0
1.95459,1.95605,53.1241,5250.73899,-0.59721,45.04569,5.741075868789066,2.138701817921257,0.0
2.00421,2.00578,53.04308,5247.66346,-0.58177,45.04793,5.800069810867694,2.1606786135695812,0.0
2.05379,2.05548,52.96429,5244.55133,-0.56546,45.05022,5.857747956995437,2.182165240605526,0.0
2.10334,2.10515,52.88784,5241.40313,-0.5483,45.05256,5.9139635094597764,2.203107013018698,0.0
2.15287,2.1548,52.81385,5238.21953,-0.53031,45.05495,5.968570137391733,2.2234494187102043,0.0
2.20236,2.20442,52.74243,5235.00124,-0.51152,45.0574,6.021422729717928,2.24313839998711,0.0
2.25181,2.25402,52.67368,5231.7491,-0.49196,45.05989,6.072378174879371,2.2621206440282,0.0
2.30124,2.30359,52.6077,5228.46401,-0.47166,45.06243,6.121296160789353,2.280343880889341,0.0
2.35063,2.35313,52.54459,5225.14697,-0.45066,45.06502,6.168039987892036,2.297757186389202,0.0
2.39999,2.40265,52.48444,5221.79905,-0.429,45.06766,6.212477387605595,2.3143112870008573,0.0
2.44932,2.45214,52.42733,5218.42142,-0.4067,45.07035,6.2544813380245055,2.3299588637223523,0.0
2.49861,2.5016,52.37334,5215.01531,-0.38383,45.07309,6.293930868366576,2.3446548517543864,0.0
2.54787,2.55103,52.32254,5211.58205,-0.3604,45.07587,6.330711843508513,2.3583567327604578,0.0
2.59709,2.60044,52.27501,5208.12302,-0.33648,45.0787,6.36471771980558,2.371024816429571,0.0
2.64628,2.64982,52.23081,5204.63968,-0.3121,45.08159,6.395850263528409,2.3826225081128496,0.0
2.69547,2.69913,52.18701,5201.13856,-0.33097,44.99884,6.426719027895741,2.3941219350457534,-53.999999078859304
2.7447,2.74834,52.14068,5197.62427,-0.34965,44.91566,6.459989569026042,2.4065160870174123,-53.999999078859304
2.79396,2.79745,52.09186,5194.09542,-0.36812,44.83201,6.495669789972224,2.41980790812298,-53.999999078859304
2.84327,2.84645,52.04058,5190.5506,-0.38637,44.74786,6.533763408670924,2.4339987833916763,-53.999999078859304
2.89261,2.89536,51.98687,5186.9884,-0.40436,44.66317,6.574273129420306,2.4490897202457225,-53.999999078859304
2.942,2.94415,51.93078,5183.40741,-0.42207,44.57791,6.617200494059651,2.4650812930608197,-53.999999078859304
2.99142,2.99284,51.87234,5179.8062,-0.43948,44.49205,6.662545721319353,2.4819735833197933,-53.999999078859304
3.04088,3.04143,51.8116,5176.18335,-0.45657,44.40555,6.710307534372357,2.499766115370972,-53.999999078859304
3.09038,3.08991,51.74861,5172.53741,-0.47331,44.31838,6.760482976677996,2.5184577878251644,-53.999999078859304
3.13992,3.13828,51.68343,5168.86695,-0.48969,44.2305,6.813067216262063,2.5380468006448416,-53.999999078859304
3.18949,3.18654,51.61611,5165.17054,-0.50567,44.14189,6.8680533386655425,2.5585305780120913,-53.999999078859304
3.23911,3.23469,51.5467,5161.44672,-0.52123,44.05249,6.925432128876701,2.5799056870925794,-53.999999078859304
3.28877,3.28274,51.47527,5157.69406,-0.53636,43.9623,6.985191842660552,2.6021677528497666,-53.999999078859304
3.33847,3.33067,51.40187,5153.91111,-0.55102,43.87126,7.047317967809863,2.625311369104616,-53.999999078859304
3.3882,3.37849,51.32659,5150.09644,-0.5652,43.77934,7.111792975968286,2.649330006083192,-53.999999078859304
3.43798,3.4262,51.24949,5146.24862,-0.57887,43.68651,7.1785960657921795,2.6742159147376707,-53.999999078859304
3.4878,3.47379,51.17064,5142.36623,-0.59202,43.59274,7.247702898413186,2.6999600281991953,-53.999999078859304
3.53766,3.52127,51.09012,5138.44784,-0.60461,43.49799,7.3190853262563405,2.726551860755484,-53.999999078859304
3.58756,3.56864,51.008,5134.49205,-0.61663,43.40224,7.392711116504832,2.7539794048341784,-53.999999078859304
3.6375,3.61588,50.92437,5130.49747,-0.62806,43.30544,7.468543670634904,2.7822290265222125,-53.999999078859304
3.68748,3.66301,50.83931,5126.46273,-0.63887,43.20756,7.5465417416703575,2.811285360235681,-53.999999078859304
3.73751,3.71001,50.75292,5122.38647,-0.64904,43.10858,7.6266591509903465,2.8411312032232856,-53.999999078859304
3.78757,3.7569,50.66527,5118.26736,-0.65856,43.00845,7.708844506731582,2.871747410663749,-53.999999078859304
3.83768,3.80366,50.57646,5114.10408,-0.6674,42.90716,7.793040926054318,2.9031127922025886,-53.999999078859304
3.88783,3.8503,50.48659,5109.89536,-0.67555,42.80467,7.879185763733113,2.935204010845033,-53.999999078859304
3.93803,3.89681,50.39575,5105.63996,-0.68298,42.70094,7.967210349769746,2.9679954852099284,-53.999999078859304
3.98826,3.94319,50.30405,5101.33665,-0.68969,42.59596,8.057039738906173,3.0014592962167237,-53.999999078859304
4.03854,3.98945,50.21157,5096.98427,-0.69564,42.4897,8.148592475163948,3.0355650993702126,-53.999999078859304
4.08887,4.03557,50.11844,5092.58168,-0.70083,42.38212,8.241780374666213,3.0702800438560094,-53.999999078859304
4.13923,4.08157,50.02474,5088.12781,-0.70523,42.2732,8.336508330226227,3.105568699744631,-53.999999078859304
4.18964,4.12743,49.93059,5083.62162,-0.70885,42.16292,8.4326741412856,3.141392994639019,-53.999999078859304
4.2401,4.17315,49.8361,5079.06213,-0.71165,42.05126,8.530168372953582,3.177712161162964,-53.999999078859304
4.2906,4.21874,49.74138,5074.44843,-0.71363,41.93818,8.62887424795585,3.214482696709184,-53.999999078859304
4.34114,4.26419,49.64653,5069.77966,-0.71478,41.82368,8.728667575349093,3.2516583368836365,-53.999999078859304
4.39173,4.3095,49.55168,5065.05505,-0.71509,41.70774,8.829416719898251,3.289190044097733,-53.999999078859304
4.44236,4.35467,49.45693,5060.27388,-0.71455,41.59033,8.930982615915568,3.3270260127237408,-53.999999078859304
4.49304,4.39969,49.3624,5055.43553,-0.71315,41.47145,9.033218829288563,3.3651116922018502,-53.999999078859304
4.54377,4.44457,49.2682,5050.53943,-0.71089,41.35107,9.13597167127274,3.403389829430942,-53.999999078859304
4.59454,4.4893,49.17445,5045.58514,-0.70776,41.22919,9.23908036733438,3.4418005316669724,-53.999999078859304
4.64536,4.53388,49.08126,5040.57226,-0.70376,41.10581,9.342377284111148,3.4802813510717745,-53.999999078859304
4.69622,4.57831,48.98876,5035.50054,-0.69888,40.9809,9.445688217104415,3.51876739188601,-53.999999078859304
4.74713,4.62258,48.89704,5030.36979,-0.69314,40.85448,9.548832741335003,3.5571914410576704,-53.999999078859304
4.79808,4.6667,48.80623,5025.17993,-0.68652,40.72653,9.651624626612302,3.595484122940741,-53.999999078859304
4.84908,4.71067,48.71645,5019.931,-0.67904,40.59707,9.753872318530693,3.6335740784790294,-53.999999078859304
4.90013,4.75448,48.62779,5014.62313,-0.67071,40.46608,9.855379485593376,3.671388169024185,-53.999999078859304
4.95123,4.79812,48.54038,5009.25658,-0.66152,40.33359,9.955945632141177,3.708851704667807,-53.999999078859304
5.00237,4.84161,48.45433,5003.83171,-0.6515,40.19959,10.055366776019284,3.7458886966901344,-53.999999078859304
5.05356,4.88493,48.36973,4998.34902,-0.64065,40.0641,10.153436189000827,3.7824221333873114,-53.999999078859304
5.10479,4.92808,48.2867,4992.80912,-0.62898,39.92713,10.249945197172298,3.8183742782360155,-53.999999078859304
5.15607,4.97107,48.20534,4987.21271,-0.61653,39.78871,10.344684037555778,3.853666989007775,-53.999999078859304
5.2074,5.01388,48.12574,4981.56066,-0.60329,39.64885,10.437442766333229,3.8882220561064167,-53.999999078859304
5.25878,5.05653,48.04801,4975.85394,-0.5893,39.50758,10.52801221311368,3.9219615580577005,-53.999999078859304
5.3102,5.099,47.97224,4970.09363,-0.57457,39.36492,10.616184974829832,3.954808231761952,-53.999999078859304
5.36166,5.1413,47.89852,4964.28096,-0.55913,39.2209,10.701756441982829,3.98668585479725,-53.999999078859304
5.41318,5.18342,47.82694,4958.41725,-0.54302,39.07556,10.784525849145963,4.017519636759689,-53.999999078859304
5.46474,5.22537,47.75757,4952.50395,-0.52625,38.92892,10.864297340986207,4.047236616384452,-53.999999078859304
5.51634,5.26713,47.6905,4946.54264,-0.50886,38.78104,10.940881044388862,4.07576606094045,-53.999999078859304
5.568,5.30872,47.6258,4940.53499,-0.49089,38.63194,11.014094136804001,4.103039864217487,-53.999999078859304
5.61969,5.35012,47.56354,4934.4828,-0.47236,38.48168,11.08376190057036,4.128992939289642,-53.999999078859304
5.67144,5.39134,47.50378,4928.38794,-0.45331,38.3303,11.149718752721247,4.153563602145073,-53.999999078859304
5.72322,5.43238,47.44658,4922.25242,-0.43379,38.17785,11.211809239710458,4.176693942247589,-53.999999078859304
5.77505,5.47322,47.392,4916.07832,-0.41383,38.02438,11.269888986625103,4.198330176143407,-53.999999078859304
5.82693,5.51389,47.34008,4909.86781,-0.39347,37.86994,11.32382559065273,4.218422980301161,-53.999999078859304
5.87885,5.55436,47.29086,4903.62315,-0.37276,37.71458,11.373499449029236,4.236927799544284,-53.999999078859304
5.93081,5.59464,47.24438,4897.34666,-0.35174,37.55838,11.418804512304042,4.2538051276621065,-53.999999078859304
5.98282,5.63474,47.20067,4891.04075,-0.33046,37.40138,11.45964895446323,4.269020757048356,-53.999999078859304
6.03487,5.67464,47.15976,4884.70785,-0.30896,37.24364,11.495955752363733,4.282545994555639,-53.999999078859304
6.08696,5.71435,47.12166,4878.35048,-0.28729,37.08524,11.527663168023732,4.294357841161305,-53.999999078859304
6.13909,5.75387,47.08638,4871.97119,-0.2655,36.92622,11.554725128344495,4.304439133423819,-53.999999078859304
6.19127,5.79319,47.05393,4865.57255,-0.24364,36.76665,11.577111498188422,4.312778645211522,-53.999999078859304
6.24348,5.83232,47.02431,4859.15717,-0.22175,36.60661,11.594808243997226,4.3193711486547075,-53.999999078859304
6.29573,5.87126,46.99751,4852.72767,-0.19988,36.44615,11.60781748649488,4.324217433778854,-53.999999078859304
6.34802,5.91,46.97352,4846.28667,-0.17809,36.28533,11.616157442421224,4.327324286798865,-53.999999078859304
6.40036,5.94854,46.95231,4839.83681,-0.15641,36.12423,11.619862256596006,4.328704427558499,-53.999999078859304
6.45272,5.98689,46.93387,4833.38068,-0.13491,35.96291,11.618981726951063,4.328376407097628,-53.999999078859304
6.50513,6.02505,46.91816,4826.9209,-0.11362,35.80143,11.61358092649171,4.3263644668229055,-53.999999078859304
6.55757,6.06301,46.90514,4820.46001,-0.0926,35.63985,11.603739727273977,4.322698361176766,-53.999999078859304
6.61005,6.10077,46.89477,4814.00056,-0.07189,35.47825,11.589552232691233,4.317413146149244,-53.999999078859304
6.66257,6.13834,46.887,4807.54503,-0.05153,35.31667,11.571126125221332,4.31054893629664,-53.999999078859304
6.71512,6.17571,46.88178,4801.09583,-0.03157,35.15519,11.54858193773182,4.3021506332835235,-53.999999078859304
6.7677,6.21289,46.87904,4794.65536,-0.01206,34.99386,11.522052257100107,4.292267629210303,-53.999999078859304
6.82031,6.24987,46.87873,4788.22591,0.00697,34.83273,11.491680869415454,4.280953488178465,-53.999999078859304
6.87296,6.28666,46.88077,4781.80971,0.02547,34.67187,11.45762185647619,4.268265609712024,-53.999999078859304
6.92564,6.32325,46.88508,4775.40892,0.0434,34.51132,11.420038653457487,4.254264877713972,-53.999999078859304
6.97835,6.35965,46.89159,4769.02561,0.06074,34.35115,11.379103077751088,4.23901529868352,-53.999999078859304
7.03109,6.39586,46.90022,4762.66176,0.07743,34.19138,11.334994338820342,4.222583632861047,-53.999999078859304
7.08386,6.43188,46.91087,4756.31925,0.09346,34.03208,11.287898038784977,4.2050390219196405,-53.999999078859304
7.13666,6.4677,46.92346,4749.99988,0.10879,33.87329,11.238005172989757,4.186452616650615,-53.999999078859304
7.18948,6.50334,46.9379,4743.70533,0.12338,33.71505,11.185511139445431,4.166897207954205,-53.999999078859304
7.24234,6.53878,46.95408,4737.43719,0.13721,33.55739,11.130614765363408,4.146446864198118,-53.999999078859304
7.29521,6.57404,46.9719,4731.19695,0.15026,33.40036,11.073517358450177,4.125176577799748,-53.999999078859304
7.34812,6.6091,46.99126,4724.98598,0.1625,33.24399,11.014421789812964,4.103161923584395,-53.999999078859304
7.40105,6.64398,47.01207,4718.80555,0.17392,33.0883,10.953531614638974,4.080478731215153,-53.999999078859304
7.45395,6.67875,47.03927,4712.64787,0.2665,33.09438,10.883254767016195,4.054298756380521,0.0
7.50679,6.71349,47.07776,4706.51087,0.35761,33.10047,10.79632741671274,4.021916031196245,0.0
7.55955,6.74818,47.12731,4700.40406,0.44692,33.10659,10.693546888795618,3.9836275802286703,0.0
7.61223,6.78284,47.18765,4694.33654,0.53417,33.11273,10.575817060726763,3.9397701216148153,0.0
7.66484,6.81747,47.2585,4688.31695,0.61907,33.1189,10.44413236698112,3.8907141083617427,0.0
7.71738,6.85206,47.33951,4682.35342,0.70139,33.12508,10.299561308786863,3.8368575852909066,0.0
7.76985,6.88662,47.43033,4676.45352,0.78088,33.1313,10.143229582391688,3.778619903873425,0.0
7.82225,6.92114,47.53057,4670.62424,0.85734,33.13753,9.976303248197523,3.7164354522899106,0.0
7.87458,6.95563,47.63985,4664.87197,0.93057,33.14379,9.799972328579859,3.6507475451866096,0.0
7.92683,6.99008,47.75771,4659.20247,1.00042,33.15007,9.615435176513108,3.5820026005770513,0.0
7.97902,7.0245,47.88374,4653.62087,1.06672,33.15638,9.423883903308027,3.510644711290832,0.0
8.03114,7.05889,48.01747,4648.13168,1.12937,33.16272,9.226491095146988,3.4371106965334826,0.0
8.0832,7.09325,48.15842,4642.73878,1.18824,33.16908,9.024397987829479,3.361825696668035,0.0
8.13518,7.12758,48.30614,4637.44545,1.24326,33.17547,8.81870421003122,3.2851993523091654,0.0
8.18711,7.16187,48.46012,4632.25441,1.29436,33.18189,8.610459149681724,3.2076225880716756,0.0
8.23897,7.19614,48.61989,4627.16779,1.34151,33.18833,8.400654947764016,3.1294650025765436,0.0
8.29076,7.23038,48.78495,4622.1872,1.38467,33.19481,8.190221080063244,3.0510728500097164,0.0
8.3425,7.26459,48.9548,4617.31378,1.42383,33.20132,7.980020451063116,2.9727675849957587,0.0
8.39417,7.29878,49.12897,4612.54818,1.45899,33.20786,7.7708468954910686,2.8948449318576897,0.0
8.44579,7.33294,49.30697,4607.89063,1.49019,33.21443,7.563423961839596,2.8175744314466686,0.0
8.49735,7.36707,49.48831,4603.34096,1.51745,33.22103,7.358404838242817,2.7411994135290705,0.0
8.54885,7.40118,49.67252,4598.89867,1.54082,33.22766,7.156373273412778,2.665937339859486,0.0
8.6003,7.43527,49.85914,4594.5629,1.56035,33.23433,6.957845343443707,2.591980462361792,0.0
8.65169,7.46933,50.0477,4590.33255,1.57611,33.24104,6.763271917948184,2.5194967418297702,0.0
8.70303,7.50338,50.23776,4586.20622,1.58817,33.24778,6.573041685457017,2.448630974968157,0.0
8.75432,7.5374,50.42888,4582.18234,1.59662,33.25456,6.387484607328982,2.3795060810649016,0.0
8.80556,7.5714,50.62064,4578.25911,1.60153,33.26137,6.206875680667847,2.312224503776766,0.0
8.85675,7.60539,50.81261,4574.43458,1.603,33.26822,6.031438903324363,2.246869688196896,0.0
8.9079,7.63935,51.0044,4570.70667,1.60113,33.27511,5.861351347156361,2.1835075982513716,0.0
8.95899,7.6733,51.19562,4567.07319,1.59602,33.28204,5.696747258970963,2.1221882444080937,0.0
9.01004,7.70723,51.38588,4563.53185,1.58776,33.28901,5.537722121386098,2.0629471964545387,0.0
9.06105,7.74115,51.57484,4560.08029,1.57646,33.29602,5.384336618060339,2.0058070606502096,0.0
9.11201,7.77505,51.76213,4556.71612,1.56223,33.30307,5.236620459007988,1.950778904757149,0.0
9.16293,7.80894,51.94741,4553.43688,1.54517,33.31016,5.0945760319538405,1.8978636182656707,0.0
9.21381,7.84281,52.13037,4550.24011,1.52538,33.3173,4.958181854783516,1.847053198522937,0.0
9.26465,7.87667,52.31069,4547.12335,1.50298,33.32447,4.82739581211297,1.7983319564402718,0.0
9.31545,7.91052,52.48807,4544.08413,1.47806,33.33169,4.7021581658409,1.7516776380031331,0.0
9.36621,7.94436,52.66223,4541.11997,1.45073,33.33895,4.58239433527335,1.707062459940688,0.0
9.41694,7.97818,52.83289,4538.22846,1.42109,33.34626,4.4680174471811185,1.6644540596892856,0.0
9.46762,8.012,52.99979,4535.40717,1.38924,33.35361,4.358930659979227,1.6238163612104664,0.0
9.51827,8.04581,53.16268,4532.65371,1.35528,33.361,4.255029269212752,1.5851103593398315,0.0
9.56889,8.0796,53.32133,4529.96576,1.31931,33.36845,4.156202603835422,1.5482948262007141,0.0
9.61947,8.11339,53.47551,4527.34098,1.28142,33.37593,4.062335724415803,1.5133269438306667,0.0
9.67002,8.14717,53.625,4524.77713,1.2417,33.38346,3.973310935545743,1.4801628675933998,0.0
9.72053,8.18095,53.7696,4522.27197,1.20025,33.39104,3.8890091253863495,1.4487582251949052,0.0
9.77101,8.21472,53.90912,4519.82333,1.15715,33.39867,3.8093109456209677,1.4190685562469854,0.0
9.82146,8.24848,54.04337,4517.42906,1.11249,33.40634,3.73409784506567,1.391049697314359,0.0
9.87188,8.28223,54.17218,4515.08709,1.06636,33.41406,3.6632529699969,1.364658117310393,0.0
9.92227,8.31598,54.2954,4512.79535,1.01883,33.42183,3.596661943819742,1.3398512079440534,0.0
9.97262,8.34973,54.41286,4510.55185,0.97,33.42964,3.534213538179737,1.3165875337267094,0.0
10.02295,8.38347,54.52443,4508.35462,0.91992,33.43751,3.4758002469709512,1.2948270458052455,0.0
10.07325,8.4172,54.62996,4506.20174,0.86869,33.44542,3.42131877398391,1.2745312636237445,0.0
10.12352,8.45093,54.72934,4504.09132,0.81638,33.45338,3.370670444215934,1.2556634281474137,0.0
10.17377,8.48466,54.82245,4502.02151,0.76306,33.46139,3.323761548078321,1.2381886300888134,0.0
10.22398,8.51839,54.90917,4499.99048,0.70879,33.46945,3.280503626998156,1.2220739163020478,0.0
10.27417,8.55211,54.98942,4497.99646,0.65366,33.47756,3.2408137081595463,1.2072883772300504,0.0
10.32433,8.58583,55.06309,4496.03767,0.59772,33.48572,3.2046144953938875,1.1938032180162317,0.0
10.37447,8.61955,55.1301,4494.11239,0.54105,33.49392,3.1718345225394953,1.1815918156349763,0.0
10.42457,8.65327,55.19037,4492.21889,0.4837,33.50218,3.1424082749359257,1.1706297641514745,0.0
10.47466,8.68699,55.24385,4490.35548,0.42575,33.51049,3.116276284061573,1.1608949099767172,0.0
10.52471,8.7207,55.29046,4488.52049,0.36726,33.51884,3.0933851997609745,1.1523673787740674,0.0
10.57475,8.75442,55.33014,4486.71223,0.30828,33.52725,3.073687843926664,1.1450295954571634,0.0
10.62475,8.78813,55.36286,4484.92905,0.24889,33.53571,3.057143248986599,1.138866298527497,0.0
10.67474,8.82184,55.38858,4483.1693,0.18914,33.54422,3.043716684050544,1.1338645498146316,0.0
10.7247,8.85556,55.40725,4481.43133,0.12908,33.55277,3.033379671107215,1.130013740510062,0.0
10.77463,8.88927,55.41886,4479.71348,0.06879,33.56138,3.026109993229246,1.1273055942237817,0.0
10.82454,8.92299,55.42338,4478.01409,0.00831,33.57004,3.021891696314016,1.125734167632787,0.0
10.87443,8.9567,55.42081,4476.33152,-0.05228,33.57875,3.0207150855094653,1.1252958491495981,0.0
10.92429,8.99042,55.41113,4474.66407,-0.11294,33.58751,3.02257671706946,1.1259893558881706,0.0
10.97413,9.02413,55.39435,4473.01006,-0.17361,33.59632,3.0274793860286047,1.127815729072436,0.0
11.02394,9.05785,55.37047,4471.36778,-0.23422,33.60518,3.035432109703871,1.130778327890226,0.0
11.07374,9.09157,55.33952,4469.73551,-0.29471,33.61409,3.0464501066818075,1.1348828216654552,0.0
11.1235,9.12529,55.30151,4468.11148,-0.35504,33.62306,3.060554770562406,1.1401371800770201,0.0
11.17325,9.15901,55.25647,4466.49392,-0.41513,33.63207,3.077773637377501,1.146551661021296,0.0
11.22297,9.19273,55.20444,4464.88101,-0.47492,33.64113,3.098140345208424,1.154138795568649,0.0
11.27267,9.22646,55.14546,4463.2709,-0.53437,33.65024,3.121694584134157,1.1629133693178095,0.0
11.32235,9.26019,55.07958,4461.6617,-0.59339,33.65941,3.148482034230141,1.1728923992987945,0.0
11.372,9.29392,55.00686,4460.05147,-0.65194,33.66862,3.178554288908358,1.1840951054150717,0.0
11.42163,9.32765,54.92736,4458.43824,-0.70994,33.67788,3.211968760428763,1.1965428752440814,0.0
11.47124,9.36138,54.84115,4456.81997,-0.76734,33.6872,3.248788563947181,1.2102592208420289,0.0
11.52082,9.39511,54.74832,4455.19459,-0.82406,33.69656,3.289082375946945,1.2252697260059413,0.0
11.57038,9.42885,54.64896,4453.55995,-0.88004,33.70597,3.3329242623954243,1.2416019822574578,0.0
11.61991,9.46259,54.54315,4451.91386,-0.93521,33.71544,3.3803934713875226,1.2592855115970722,0.0
11.66943,9.49633,54.43101,4450.25405,-0.98949,33.72495,3.4315741844896674,1.2783516738732295,0.0
11.71891,9.53007,54.31264,4448.57819,-1.04282,33.73451,3.486555220388336,1.2988335563836026,0.0
11.76838,9.56381,54.18816,4446.88388,-1.09512,33.74412,3.5454296838479435,1.3207658431026703,0.0
11.81782,9.59756,54.05771,4445.16866,-1.14632,33.75378,3.608294552368929,1.344184660700977,0.0
11.86723,9.6313,53.92142,4443.42997,-1.19634,33.76348,3.6752501923424314,1.3691273983000214,0.0
11.91662,9.66505,53.77944,4441.6652,-1.24509,33.77324,3.7463997958883093,1.3956324976795984,0.0
11.96599,9.6988,53.63193,4439.87164,-1.2925,33.78304,3.821848729049693,1.423739210463122,0.0
12.01532,9.73255,53.47906,4438.04651,-1.33848,33.79289,3.90170378150028,1.453487318613849,0.0
12.06464,9.76631,53.32099,4436.18695,-1.38294,33.80279,3.98607230753253,1.484916814430383,0.0
12.11392,9.80006,53.15792,4434.29002,-1.4258,33.81273,4.075061247806515,1.5180675361223783,0.0
12.16319,9.83381,52.99005,4432.35269,-1.46697,33.82272,4.168776021208935,1.5529787549988692,0.0
12.21242,9.86757,52.81758,4430.37185,-1.50636,33.83276,4.267319276222523,1.5896887103205175,0.0
12.26162,9.90132,52.64073,4428.34431,-1.54387,33.84284,4.370789491545032,1.628234087993366,0.0
12.3108,9.93507,52.45973,4426.26682,-1.5794,33.85297,4.479279416266402,1.6686494394937936,0.0
12.35995,9.96883,52.27482,4424.13602,-1.61285,33.86314,4.592874340922933,1.710966537790702,0.0
12.40907,10.00258,52.08625,4421.94851,-1.64413,33.87335,4.711650192095613,1.7552136675332555,0.0
12.45816,10.03633,51.89429,4419.70082,-1.67314,33.88361,4.835671445147126,1.801414847490505,0.0
12.50722,10.07008,51.69921,4417.3894,-1.69977,33.89392,4.964988852093787,1.849588984123892,0.0
12.55625,10.10383,51.5013,4415.01069,-1.72392,33.90426,5.099636984728817,1.899748956336031,0.0
12.60524,10.13758,51.30085,4412.56105,-1.74549,33.91465,5.239631596838833,1.9519006328269433,0.0
12.65421,10.17132,51.09819,4410.03684,-1.76437,33.92508,5.38496681392874,2.0060418251926393,0.0
12.70314,10.20506,50.89362,4407.43437,-1.78045,33.93555,5.535612164148163,2.062161181867092,0.0
12.75204,10.2388,50.68749,4404.74999,-1.79364,33.94606,5.6915094702786,2.120237030305674,0.0
12.8009,10.27253,50.48013,4401.98004,-1.80383,33.95661,5.852569629596093,2.180236177399277,0.0
12.84972,10.30626,50.27192,4399.12088,-1.81091,33.9672,6.018669316154872,2.2421126809882,0.0
12.89851,10.33998,50.06321,4396.16896,-1.8148,33.97783,6.189647648501485,2.3058066084979894,0.0
12.94726,10.3737,49.85438,4393.12078,-1.8154,33.98849,6.365302874827294,2.371242802071514,0.0
12.99597,10.40741,49.64582,4389.97295,-1.81262,33.99919,6.545389137008874,2.4383296730888846,0.0
13.04465,10.44111,49.43794,4386.72221,-1.80636,34.00993,6.729613384499874,2.5069580525109605,0.0
13.09328,10.4748,49.23113,4383.36544,-1.79656,34.0207,6.91763251843094,2.5770001269814324,0.0
13.14186,10.50849,49.02581,4379.89974,-1.78313,34.03151,7.109050855047409,2.648308493890622,0.0
13.19041,10.54216,48.82241,4376.32239,-1.76602,34.04235,7.303418005345393,2.7207153714841334,0.0
13.23891,10.57582,48.62135,4372.63094,-1.74516,34.05322,7.500227273989676,2.7940320024176417,0.0
13.28738,10.60946,48.42255,4368.82427,-1.72952,34.01298,7.699476537798812,2.8682575957501952,-19.99999965883678
13.33583,10.64303,48.22592,4364.90117,-1.7103,33.97137,7.9011737493328695,2.9433951140196624,-19.99999965883678
13.38427,10.67654,48.03186,4360.8595,-1.68743,33.92837,8.104757259843593,3.0192353282894513,-19.99999965883678
13.43268,10.71,47.84081,4356.69746,-1.6609,33.88396,8.30960652821814,3.095547070667608,-19.99999965883678
13.48108,10.74339,47.65318,4352.4136,-1.63067,33.83813,8.5150455067651,3.172078495601197,-19.99999965883678
13.52945,10.77671,47.46939,4348.00685,-1.59674,33.79087,8.720344178389972,3.2485576525146107,-19.99999965883678
13.57781,10.80997,47.28985,4343.47656,-1.55912,33.74218,8.924721075921674,3.3246934243249826,-19.99999965883678
13.62615,10.84316,47.11499,4338.82255,-1.51783,33.69207,9.127346852563534,3.4001768575291247,-19.99999965883678
13.67446,10.87627,46.94521,4334.0451,-1.47289,33.64054,9.327348953666032,3.474682902561797,-19.99999965883678
13.72275,10.90931,46.78091,4329.14502,-1.42437,33.5876,9.523817416721451,3.5478725744463184,-19.99999965883678
13.77102,10.94228,46.6225,4324.12364,-1.37233,33.53328,9.715811798916421,3.6193955334901724,-19.99999965883678
13.81926,10.97517,46.47036,4318.98285,-1.31685,33.47761,9.902369200379338,3.6888930741557617,-19.99999965883678
13.86748,11.00797,46.32486,4313.7251,-1.25804,33.42062,10.082513317052546,3.756001497493507,-19.99999965883678
13.91568,11.0407,46.18635,4308.35342,-1.19603,33.36234,10.255264421222288,3.8203558291518442,-19.99999965883678
13.96384,11.07334,46.05518,4302.8714,-1.13095,33.30284,10.419650131250888,3.8815938313858402,-19.99999965883678
14.01199,11.1059,45.93167,4297.28324,-1.06296,33.24216,10.574716796735585,3.939360244328413,-19.99999965883678
14.0601,11.13836,45.81612,4291.59368,-0.99225,33.18036,10.719541292674272,3.9933111796273977,-19.99999965883678
14.10819,11.17074,45.70881,4285.80803,-0.919,33.11751,10.853242988159895,4.043118579099122,-19.99999965883678
14.15624,11.20303,45.60998,4279.93212,-0.84342,33.05369,10.974995633161813,4.088474642867226,-19.99999965883678
14.20427,11.23523,45.51987,4273.97228,-0.76575,32.98897,11.08403889281073,4.129096126187283,-19.99999965883678
14.25227,11.26733,45.43868,4267.9353,-0.68623,32.92344,11.17968925332335,4.164728402190685,-19.99999965883678
14.30023,11.29934,45.36658,4261.8284,-0.6051,32.85719,11.261350028271892,4.19514918948332,-19.99999965883678
14.34817,11.33125,45.3037,4255.65916,-0.52264,32.79032,11.328520208676554,4.22017184903787,-19.99999965883678
14.39607,11.36306,45.25015,4249.43549,-0.43912,32.72292,11.380801925172321,4.239648164047295,-19.99999965883678
14.44394,11.39478,45.20602,4243.16557,-0.35482,32.65509,11.41790632468367,4.253470529140779,-19.99999965883678
14.49177,11.4264,45.17133,4236.85777,-0.27003,32.58693,11.439657706242203,4.261573491084625,-19.99999965883678
14.53957,11.45792,45.14611,4230.52059,-0.18504,32.51856,11.445995809269743,4.263934601227911,-19.99999965883678
14.58734,11.48934,45.13033,4224.16264,-0.10014,32.45007,11.436976200590623,4.260574559674752,-19.99999965883678
14.63507,11.52066,45.12394,4217.7925,-0.01563,32.38157,11.41276876140926,4.251556651643637,-19.99999965883678
14.68276,11.55188,45.12685,4211.41873,0.06821,32.31317,11.373654329949341,4.236985496762186,-19.99999965883678
14.73042,11.58301,45.13894,4205.04976,0.15109,32.24497,11.320019607078173,4.217005151278183,-19.99999965883678
14.77804,11.61403,45.16006,4198.69385,0.23274,32.17706,11.252350478829804,4.191796620523746,-19.99999965883678
14.82562,11.64496,45.19004,4192.35903,0.31288,32.10956,11.171223949408688,4.161574853746924,-19.99999965883678
14.87317,11.67579,45.22867,4186.05306,0.39127,32.04254,11.077298909579632,4.1265853050940695,-19.99999965883678
14.92068,11.70652,45.27572,4179.78337,0.46766,31.97611,10.97130598736683,4.087100152728172,-19.99999965883678
14.96815,11.73715,45.33092,4173.55701,0.54181,31.91034,10.854036740366977,4.043414272681138,-19.99999965883678
15.01558,11.76769,45.39402,4167.38064,0.61352,31.84532,10.726332451675908,3.9958410650416543,-19.99999965883678
15.06298,11.79813,45.46469,4161.26052,0.68258,31.78112,10.589072785223262,3.944708227768863,-19.99999965883678
15.11034,11.82848,45.54263,4155.2024,0.74881,31.7178,10.443164541923105,3.890353568062622,-19.99999965883678
15.15766,11.85874,45.62749,4149.21162,0.81204,31.65544,10.289530737021122,3.8331209333879417,-19.99999965883678
15.20494,11.88891,45.71892,4143.293,0.87214,31.59408,10.129100192544549,3.773356334388744,-19.99999965883678
15.25218,11.91899,45.81656,4137.45091,0.92895,31.53378,9.9627978087214,3.7114043207355554,-19.99999965883678
15.29939,11.94899,45.92003,4131.68921,0.98238,31.47458,9.791535645876035,3.6476046588969524,-19.99999965883678
15.34656,11.97889,46.02894,4126.0113,1.03233,31.41651,9.616204915332,3.5822893485401366,-19.99999965883678
15.39369,12.00872,46.14291,4120.42009,1.07872,31.35962,9.437668945566971,3.51578000223858,-19.99999965883678
15.44079,12.03846,46.26152,4114.91807,1.12148,31.30392,9.2567571592319,3.4483856017531855,-19.99999965883678
15.48785,12.06812,46.38438,4109.50726,1.16057,31.24944,9.074260068726884,3.380400633752625,-19.99999965883678
15.53487,12.0977,46.51109,4104.18928,1.19596,31.19618,8.890925273411193,3.312103598668748,-19.99999965883678
15.58186,12.1272,46.64124,4098.96532,1.22763,31.14416,8.707454420560559,3.243755878573215,-19.99999965883678
15.62881,12.15663,46.77441,4093.83623,1.25558,31.09339,8.524501075152415,3.1756009436164487,-19.99999965883678
15.67573,12.18599,46.91022,4088.80249,1.27981,31.04386,8.342669430437093,3.1078638716814813,-19.99999965883678
15.72261,12.21527,47.04825,4083.86426,1.30036,30.99556,8.162513781803954,3.0407511523852375,-19.99999965883678
15.76946,12.24449,47.18812,4079.02138,1.31725,30.9485,7.984538680529048,2.9744507443535904,-19.99999965883678
15.81628,12.27363,47.32943,4074.27343,1.33052,30.90265,7.809199681137482,2.909132353633502,-19.99999965883678
15.86306,12.30271,47.4718,4069.61974,1.34022,30.858,7.6369045959185335,2.8449479010329153,-19.99999965883678
15.90981,12.33173,47.61486,4065.05938,1.34641,30.81454,7.468015172184874,2.782032146943945,-19.99999965883678
15.95652,12.36068,47.75823,4060.59126,1.34917,30.77224,7.302849111733753,2.720503443645305,-19.99999965883678
16.00321,12.38958,47.90157,4056.21407,1.34855,30.73108,7.1416823571146955,2.660464586997178,-19.99999965883678
16.04986,12.41841,48.0445,4051.92636,1.34464,30.69103,6.9847515755258245,2.602003741757954,-19.99999965883678
16.09649,12.44719,48.1867,4047.72652,1.33752,30.65207,6.832256777904352,2.5451954172643485,-19.99999965883678
16.14308,12.47591,48.32784,4043.61282,1.32727,30.61417,6.684364017892611,2.4901014728672655,-19.99999965883678
16.18965,12.50458,48.46759,4039.58345,1.31399,30.5773,6.541208122486487,2.4367721351701825,-19.99999965883678
16.23618,12.53319,48.60564,4035.63647,1.29776,30.54143,6.402895413202954,2.385247011735662,-19.99999965883678
16.28269,12.56175,48.74169,4031.76989,1.27869,30.50652,6.269506383249343,2.335556088401337,-19.99999965883678
16.32916,12.59027,48.87546,4027.98164,1.25687,30.47254,6.141098302498006,2.287720699701519,-19.99999965883678
16.37561,12.61873,49.00666,4024.26962,1.2324,30.43947,6.017707727762911,2.2417544640112816,-19.99999965883678
16.42204,12.64715,49.13503,4020.63168,1.20537,30.40726,5.899352901141259,2.197664176991809,-19.99999965883678
16.46843,12.67552,49.26031,4017.06563,1.17588,30.37588,5.786036023757398,2.1554506586198343,-19.99999965883678
16.5148,12.70385,49.38226,4013.56927,1.14404,30.34531,5.677745396324471,2.115109550603179,-19.99999965883678
16.56114,12.73213,49.50064,4010.14039,1.10994,30.31549,5.574457421411825,2.0766320622780374,-19.99999965883678
16.60746,12.76037,49.61522,4006.77674,1.07368,30.28641,5.476138465252067,2.0400056641810993,-19.99999965883678
16.65375,12.78857,49.72581,4003.4761,1.03537,30.25803,5.382746579406064,2.0052147294150564,-19.99999965883678
16.70002,12.81673,49.83218,4000.23624,0.99509,30.23031,5.294233084550059,1.9722411236509803,-19.99999965883678
16.74626,12.84485,49.93416,3997.05492,0.95295,30.20322,5.210544020289374,1.9410647452220702,-19.99999965883678
16.79248,12.87294,50.03155,3993.92994,0.90904,30.17672,5.131621466094902,1.9116640172072514,-19.99999965883678
16.83868,12.90098,50.12419,3990.85907,0.86345,30.15079,5.057404739373049,1.8840163337437552,-19.99999965883678
16.88485,12.92899,50.21192,3987.84011,0.81629,30.12539,4.987831477301121,1.8580984630392658,-19.99999965883678
16.931,12.95697,50.29458,3984.87088,0.76764,30.10049,4.922838609464959,1.8338869097050234,-19.99999965883678
16.97713,12.98491,50.37203,3981.9492,0.7176,30.07605,4.862363228507362,1.81135823909528,-19.99999965883678
17.02323,13.01281,50.44415,3979.07289,0.66625,30.05205,4.806343366036052,1.7904893663534263,-19.99999965883678
17.06931,13.04069,50.5108,3976.23981,0.61369,30.02845,4.754718680933106,1.7712578128253635,-19.99999965883678
17.11537,13.06853,50.57188,3973.44781,0.56001,30.00523,4.707431066978714,1.7536419324153478,-19.99999965883678
17.16141,13.09634,50.62728,3970.69476,0.50528,29.98234,4.664425186410394,1.7376211103508292,-19.99999965883678
17.20743,13.12411,50.6769,3967.97852,0.44961,29.95977,4.625648935643303,1.7231759366755266,-19.99999965883678
17.25343,13.15186,50.72066,3965.29699,0.39307,29.93748,4.591053849001553,1.7102883566499625,-19.99999965883678
17.2994,13.17958,50.75848,3962.64803,0.33575,29.91544,4.560595445787165,1.6989418000437824,-19.99999965883678
17.34536,13.20726,50.7903,3960.02954,0.27773,29.89361,4.534233525584809,1.689121291144539,-19.99999965883678
17.39129,13.23492,50.81605,3957.43941,0.21911,29.87198,4.511932416156352,1.6808135411049352,-19.99999965883678
17.43721,13.26255,50.83569,3954.87551,0.15995,29.85052,4.4936611777942375,1.6740070240698328,-19.99999965883678
17.48311,13.29015,50.84916,3952.33574,0.10034,29.82918,4.479393767457236,1.668692038321141,-19.99999965883678
17.52898,13.31772,50.85644,3949.81795,0.04037,29.80795,4.469109165514351,1.664860753493253,-19.99999965883678
17.57484,13.34526,50.8575,3947.32001,-0.01988,29.78679,4.462791467384454,1.6625072447112244,-19.99999965883678
17.62068,13.37277,50.85233,3944.83977,-0.08034,29.76567,4.460429941855398,1.6616275143161743,-19.99999965883678
17.6665,13.40026,50.84091,3942.37506,-0.14092,29.74457,4.462019057346947,1.6622195016489218,-19.99999965883678
17.7123,13.42772,50.82324,3939.92369,-0.20154,29.72346,4.467558476878547,1.6642830811753422,-19.99999965883678
17.75808,13.45515,50.79934,3937.48346,-0.26211,29.7023,4.477053021989595,1.6678200490457242,-19.99999965883678
17.80384,13.48255,50.76921,3935.05214,-0.32257,29.68107,4.490512605388405,1.6728340980047347,-19.99999965883678
17.84958,13.50993,50.73288,3932.62745,-0.38282,29.65973,4.507952131570323,1.6793307803690487,-19.99999965883678
17.89531,13.53727,50.69039,3930.20711,-0.44278,29.63826,4.5293913642072345,1.687317458626459,-19.99999965883678
17.94102,13.56459,50.64178,3927.7888,-0.50237,29.61663,4.5548547585870285,1.6968032430151607,-19.99999965883678
17.9867,13.59188,50.5871,3925.37016,-0.56151,29.5948,4.584371256943827,1.7077989152788802,-19.99999965883678
18.03237,13.61915,50.5264,3922.94879,-0.62011,29.57275,4.6179740440232,1.7203168376084863,-19.99999965883678
18.07803,13.64638,50.45975,3920.52224,-0.67809,29.55043,4.65570025979949,1.734370845621632,-19.99999965883678
18.12366,13.67359,50.38723,3918.08803,-0.73537,29.52783,4.697590665816162,1.74997612406576,-19.99999965883678
18.16928,13.70076,50.30892,3915.64365,-0.79184,29.50491,4.743689261199575,1.7671490637731249,-19.99999965883678
18.21487,13.72791,50.22492,3913.1865,-0.84744,29.48164,4.794042844022749,1.785907098257258,-19.99999965883678
18.26045,13.75503,50.13533,3910.71397,-0.90206,29.45798,4.848700513334742,1.8062685182058078,-19.99999965883678
18.30601,13.78212,50.04026,3908.22338,-0.95563,29.4339,4.907713106864557,1.8282522620104484,-19.99999965883678
18.35156,13.80918,49.93983,3905.71201,-1.00804,29.40936,4.971132569180095,1.8518776803894672,-19.99999965883678
18.39708,13.8362,49.83417,3903.17707,-1.05921,29.38433,5.039011244883848,1.8771642730845615,-19.99999965883678
18.44259,13.8632,49.72342,3900.61574,-1.10904,29.35878,5.11140109136708,1.9041313955910586,-19.99999965883678
18.48808,13.89016,49.60772,3898.02512,-1.15745,29.33267,5.188352805663662,1.9327979338879946,-19.99999965883678
18.53354,13.91709,49.48725,3895.40229,-1.20432,29.30596,5.269914860095646,1.9631819451907178,-19.99999965883678
18.57899,13.94398,49.36216,3892.74425,-1.24958,29.27862,5.356132441726612,1.9953002628693537,-19.99999965883678
18.62443,13.97085,49.23264,3890.04798,-1.29311,29.25061,5.447046291140622,2.029168063863416,-19.99999965883678
18.66984,13.99767,49.09887,3887.31039,-1.33483,29.22189,5.542691436743496,2.064798397175726,-19.99999965883678
18.71523,14.02446,48.96104,3884.52835,-1.37463,29.19242,5.6430958217716976,2.102201672397095,-19.99999965883678
18.76061,14.05122,48.81937,3881.69872,-1.41241,29.16217,5.748278822380861,2.1413851076553163,-19.99999965883678
18.80596,14.07793,48.67408,3878.81828,-1.44807,29.13109,5.858249656724923,2.182352136955274,-19.99999965883678
18.8513,14.10461,48.52539,3875.88382,-1.48152,29.09915,5.973005686769968,2.225101777559925,-19.99999965883678
18.89661,14.13124,48.37353,3872.89209,-1.51265,29.06631,6.092530616842681,2.269627958902193,-19.99999965883678
18.94191,14.15784,48.21877,3869.83984,-1.54135,29.03253,6.216792595423929,2.315918815453138,-19.99999965883678
18.98718,14.18439,48.06134,3866.72382,-1.56754,28.99777,6.345742229759072,2.3639559471120553,-19.99999965883678
19.03243,14.2109,47.90153,3863.54076,-1.59112,28.96199,6.479310526176515,2.4137136519209426,-19.99999965883678
19.07767,14.23737,47.7396,3860.28744,-1.61197,28.92515,6.617406772787717,2.465158137314544,-19.99999965883678
19.12288,14.26378,47.57585,3856.96067,-1.63002,28.88722,6.759916385378709,2.5182467176582657,-19.99999965883678
19.16807,14.29016,47.41056,3853.55728,-1.64517,28.84816,6.906698741741215,2.5729270074795303,-19.99999965883678
19.21323,14.31648,47.24405,3850.0742,-1.65732,28.80793,7.057585034402486,2.6291361215531484,-19.99999965883678
19.25838,14.34275,47.07662,3846.50841,-1.6664,28.76649,7.212376176573027,2.6867998948117435,-19.99999965883678
19.3035,14.36897,46.90859,3842.85702,-1.67231,28.72382,7.3708408010829105,2.7458321368968805,-19.99999965883678
19.34859,14.39514,46.74029,3839.11721,-1.67498,28.67988,7.532713396873972,2.8061339379533785,-19.99999965883678
19.39367,14.42125,46.57205,3835.28636,-1.67435,28.63465,7.697692632171641,2.867593043966692,-19.99999965883678
19.43871,14.4473,46.40422,3831.36196,-1.67033,28.58808,7.865439917545584,2.9300833214651987,-19.99999965883678
19.48374,14.4733,46.23713,3827.3417,-1.66288,28.54017,8.03557826542647,2.9934643326601815,-19.99999965883678
19.52874,14.49923,46.07114,3823.2235,-1.65195,28.49088,8.2076915050147,3.0575810429786796,-19.99999965883678
19.57371,14.52511,45.9066,3819.00548,-1.63749,28.4402,8.38132391272933,3.1222636833959805,-19.99999965883678
19.61865,14.55092,45.74387,3814.68604,-1.61947,28.38811,8.555980317935553,3.1873277898218944,-19.99999965883678
19.66357,14.57666,45.58329,3810.26383,-1.59787,28.3346,8.731126741657024,3.252574441037902,-19.99999965883678
19.70846,14.60234,45.42524,3805.73785,-1.57267,28.27966,8.906191621771159,3.3177907151146346,-19.99999965883678
19.75332,14.62795,45.27007,3801.10738,-1.54389,28.22329,9.080567671931389,3.382750381909332,-19.99999965883678
19.79815,14.65349,45.11812,3796.37209,-1.51154,28.16549,9.25361441272172,3.447214845987507,-19.99999965883678
19.84295,14.67895,44.96976,3791.532,-1.47564,28.10626,9.424661402506436,3.510934350199475,-19.99999965883678
19.88771,14.70435,44.82532,3786.58752,-1.43624,28.04562,9.59301218196,3.573649445121525,-19.99999965883678
19.93245,14.72966,44.68514,3781.53948,-1.39339,27.98358,9.75794893057859,3.635092723728988,-19.99999965883678
19.97716,14.7549,44.54956,3776.38913,-1.34718,27.92017,9.918737815911783,3.6949908141257928,-19.99999965883678
20.02183,14.78006,44.4189,3771.13815,-1.29768,27.85541,10.074634997038448,3.75306661599718,-19.99999965883678
20.06646,14.80513,44.29345,3765.78866,-1.245,27.78934,10.224893223726738,3.8090417589704524,-19.99999965883678
20.11107,14.83012,44.17353,3760.34322,-1.18927,27.72199,10.368768952222458,3.8626392534333576,-19.99999965883678
20.15563,14.85503,44.0594,3754.80485,-1.13062,27.65342,10.505529878596843,3.9135862969043553,-19.99999965883678
20.20017,14.87985,43.95135,3749.177,-1.0692,27.58368,10.63446277178284,3.961617192044729,-19.99999965883678
20.24466,14.90459,43.8496,3743.46355,-1.00519,27.51282,10.754881471828613,4.006476326218465,-19.99999965883678
20.28911,14.92923,43.7544,3737.66882,-0.93876,27.4409,10.866134905216924,4.047921157409618,-19.99999965883678
20.33353,14.95379,43.66596,3731.7975,-0.87012,27.368,10.967614959285688,4.085725147651154,-19.99999965883678
20.37791,14.97825,43.58445,3725.85468,-0.79947,27.29419,11.058764052362637,4.119680583099294,-19.99999965883678
20.42225,15.00262,43.51005,3719.8458,-0.72704,27.21954,11.139082235917554,4.149601219772097,-19.99999965883678
20.46654,15.0269,43.44289,3713.77659,-0.65306,27.14415,11.208133669883535,4.175324695776998,-19.99999965883678
20.5108,15.05108,43.3831,3707.65311,-0.57778,27.06809,11.265552322740843,4.196714654742027,-19.99999965883678
20.55501,15.07517,43.33075,3701.48164,-0.50144,26.99145,11.311046763462873,4.21366253094176,-19.99999965883678
20.59918,15.09916,43.28593,3695.26866,-0.42432,26.91433,11.344403932820953,4.226088954207594,-19.99999965883678
20.6433,15.12305,43.24867,3689.02084,-0.34666,26.83682,11.365491805989825,4.233944741818334,-19.99999965883678
20.68739,15.14685,43.21897,3682.74494,-0.26874,26.75901,11.374260886107693,4.237211454890625,-19.99999965883678
20.73142,15.17055,43.19684,3676.44782,-0.19082,26.68101,11.370744498291415,4.23590150790733,-19.99999965883678
20.77542,15.19415,43.18222,3670.13633,-0.11318,26.6029,11.35505788440021,4.230057831493204,-19.99999965883678
20.81936,15.21765,43.17506,3663.81734,-0.03608,26.52479,11.327396129465104,4.2197530999553,-19.99999965883678
20.86327,15.24106,43.17527,3657.49763,0.04022,26.44677,11.288030979782423,4.205088545939077,-19.99999965883678
20.90712,15.26437,43.18272,3651.18389,0.11546,26.36894,11.237306639347327,4.186192394489283,-19.99999965883678
20.95093,15.28758,43.19729,3644.88265,0.18939,26.29137,11.175634654315019,4.163217957377163,-19.99999965883678
20.99469,15.31069,43.21881,3638.60026,0.26178,26.21417,11.103488014098241,4.136341435604062,-19.99999965883678
21.03841,15.33371,43.2471,3632.34286,0.33239,26.13741,11.021394611674664,4.105759483193863,-19.99999965883678
21.08207,15.35664,43.28195,3626.11631,0.40099,26.06118,10.92993021473088,4.071686588759182,-19.99999965883678
21.1257,15.37947,43.32315,3619.92623,0.46739,25.98556,10.82971110303031,4.03435233272719,-19.99999965883678
21.16927,15.4022,43.37046,3613.77791,0.53139,25.91061,10.721386526369457,3.9939985777298737,-19.99999965883678
21.2128,15.42484,43.42361,3607.67632,0.59281,25.8364,10.605631131868197,3.9508766475704227,-19.99999965883678
21.25628,15.44739,43.48234,3601.62611,0.65147,25.763,10.483137499701748,3.905244546586984,-19.99999965883678
21.29971,15.46985,43.54637,3595.63155,0.70724,25.69046,10.354608913576845,3.857364266464827,-19.99999965883678
21.3431,15.49222,43.61539,3589.69658,0.75998,25.61883,10.220752476755655,3.807499221774114,-19.99999965883678
21.38644,15.5145,43.6891,3583.82476,0.80956,25.54817,10.082272667357174,3.755911849150106,-19.99999965883678
21.42973,15.53669,43.76719,3578.01929,0.85588,25.4785,9.939865408412336,3.7028613982326632,-19.99999965883678
21.47298,15.5588,43.84933,3572.28302,0.89885,25.40987,9.794212709841712,3.6486019356619606,-19.99999965883678
21.51618,15.58082,43.9352,3566.61844,0.93839,25.34231,9.645977921450198,3.5933805766941025,-19.99999965883678
21.55934,15.60276,44.02446,3561.02767,0.97446,25.27584,9.495801619030173,3.5374359526663173,-19.99999965883678
21.60245,15.62462,44.11677,3555.51254,1.00699,25.21048,9.344298129895762,3.480996916667038,-19.99999965883678
21.64551,15.6464,44.2118,3550.07451,1.03595,25.14624,9.192052690267989,3.4242814845870884,-19.99999965883678
21.68854,15.6681,44.30921,3544.71475,1.06134,25.08314,9.039619214822508,3.3674960042175233,-19.99999965883678
21.73152,15.68973,44.40866,3539.43412,1.08313,25.02118,8.887518648712783,3.3108345413348994,-19.99999965883678
21.77445,15.71127,44.50982,3534.23322,1.10134,24.96036,8.736237864385156,3.254478468735863,-19.99999965883678
21.81735,15.73275,44.61234,3529.11236,1.11598,24.90068,8.586229059557988,3.198596241968543,-19.99999965883678
21.8602,15.75415,44.71591,3524.07162,1.12708,24.84214,8.437909608582089,3.1433433439603964,-19.99999965883678
21.90301,15.77548,44.82019,3519.11083,1.13467,24.78472,8.291662317066683,3.0888623798730794,-19.99999965883678
21.94578,15.79674,44.92487,3514.22964,1.13879,24.72841,8.147836028727443,3.035283303169311,-19.99999965883678
21.98851,15.81793,45.02962,3509.42746,1.1395,24.6732,8.006746533838022,2.982723754034971,-19.99999965883678
22.0312,15.83906,45.13414,3504.70354,1.13686,24.61906,7.868677730184872,2.9312894918653107,-19.99999965883678
22.07385,15.86012,45.23812,3500.05696,1.13093,24.56598,7.733882989723901,2.881074904380525,-19.99999965883678
22.11646,15.88111,45.34128,3495.48666,1.12179,24.51393,7.602586687202347,2.8321635770776132,-19.99999965883678
22.15903,15.90205,45.44333,3490.99143,1.10951,24.4629,7.4749858504262825,2.784628907998453,-19.99999965883678
22.20157,15.92292,45.54399,3486.56993,1.09418,24.41284,7.351251895635093,2.7385347542024463,-19.99999965883678
22.24407,15.94374,45.64298,3482.22073,1.07587,24.36373,7.231532415368522,2.6939360977940425,-19.99999965883678
22.28653,15.96449,45.74005,3477.94229,1.05469,24.31555,7.115952990124969,2.650879720813116,-19.99999965883678
22.32895,15.98519,45.83495,3473.73299,1.03072,24.26825,7.004618998968231,2.609404879733622,-19.99999965883678
22.37134,16.00583,45.92743,3469.59111,1.00406,24.22182,6.8976174079637955,2.5695439717031694,-19.99999965883678
22.4137,16.02641,46.01727,3465.51489,0.9748,24.17621,6.795018518793884,2.5313231859481338,-19.99999965883678
22.45601,16.04695,46.10423,3461.5025,0.94305,24.1314,6.69687766312064,2.4947631349685278,-19.99999965883678
22.4983,16.06743,46.18811,3457.55205,0.90891,24.08734,6.6032368312416,2.4598794612550146,-19.99999965883678
22.54055,16.08785,46.26871,3453.66161,0.87247,24.04401,6.5141262261877975,2.4266834162313438,-19.99999965883678
22.58277,16.10823,46.34582,3449.8292,0.83385,24.00136,6.429565736772181,2.3951824090036458,-19.99999965883678
22.62496,16.12856,46.41926,3446.05283,0.79315,23.95937,6.3495663251366565,2.3653805232582106,-19.99999965883678
22.66711,16.14883,46.48887,3442.33046,0.75047,23.91799,6.27413132608966,2.3372790012989246,-19.99999965883678
22.70923,16.16906,46.55447,3438.66002,0.70591,23.87719,6.203257656997132,2.310876694763493,-19.99999965883678
22.75132,16.18924,46.61591,3435.03943,0.65959,23.83693,6.1369369382295735,2.2861704820194446,-19.99999965883678
22.79338,16.20938,46.67305,3431.46658,0.6116,23.79718,6.075156525161116,2.263155652610945,-19.99999965883678
22.83541,16.22947,46.72576,3427.93935,0.56206,23.7579,6.017900453461223,2.2418262594048213,-19.99999965883678
22.87741,16.24951,46.77389,3424.45559,0.51106,23.71906,5.965150300049702,2.222175439318961,-19.99999965883678
22.91938,16.26951,46.81735,3421.01315,0.45871,23.6806,5.916885962504428,2.2041957036721973,-19.99999965883678
22.96132,16.28946,46.85603,3417.60985,0.40513,23.64251,5.873086359955708,2.187879199285898,-19.99999965883678
23.00322,16.30937,46.88982,3414.24351,0.3504,23.60474,5.833730058694344,2.173217941539431,-19.99999965883678
23.0451,16.32924,46.91864,3410.91192,0.29464,23.56726,5.798795825730048,2.160204020585242,-19.99999965883678
23.08696,16.34907,46.94241,3407.61287,0.23795,23.53003,5.768263113503961,2.148829781917016,-19.99999965883678
23.12878,16.36885,46.96107,3404.34413,0.18043,23.49301,5.742112478823748,2.139087982434028,-19.99999965883678
23.17057,16.38859,46.97456,3401.10344,0.12219,23.45616,5.720325938896865,2.1309719230728987,-19.99999965883678
23.21234,16.40829,46.98281,3397.88855,0.06332,23.41945,5.7028872670935575,2.124475558987096,-19.99999965883678
23.25408,16.42794,46.98581,3394.69717,0.00395,23.38285,5.689782230801325,2.119593588153983,-19.99999965883678
23.29579,16.44756,46.98351,3391.527,-0.05585,23.34631,5.680998773383663,2.11632151915923,-19.99999965883678
23.33748,16.46714,46.97589,3388.37573,-0.11595,23.30979,5.676527141955664,2.1146557187965964,-19.99999965883678
23.37913,16.48667,46.96293,3385.241,-0.17626,23.27327,5.676359962299843,2.114593439976042,-19.99999965883678
23.42076,16.50616,46.94464,3382.12047,-0.23668,23.2367,5.680492261905558,2.1161328303065168,-19.99999965883678
23.46237,16.52561,46.92102,3379.01173,-0.29709,23.20005,5.688921441733417,2.119272921577464,-19.99999965883678
23.50394,16.54503,46.89209,3375.91237,-0.35741,23.16328,5.701647196951891,2.1240136002311165,-19.99999965883678
23.54549,16.5644,46.85786,3372.81997,-0.41752,23.12634,5.718671386539806,2.1303555587860017,-19.99999965883678
23.58701,16.58373,46.81837,3369.73204,-0.47733,23.08921,5.739997851301084,2.138300228042637,-19.99999965883678
23.62851,16.60302,46.77366,3366.64609,-0.53672,23.05184,5.76563217954918,2.1478496897948216,-19.99999965883678
23.66998,16.62226,46.72377,3363.5596,-0.59559,23.0142,5.795581419381839,2.159006569644413,-19.99999965883678
23.71142,16.64147,46.66878,3360.47001,-0.65385,22.97625,5.829853736282149,2.171773909448708,-19.99999965883678
23.75284,16.66063,46.60875,3357.37473,-0.71138,22.93795,5.868458014508256,2.186155018827624,-19.99999965883678
23.79423,16.67975,46.54376,3354.27114,-0.76808,22.89925,5.911403400609414,2.2021533051114197,-19.99999965883678
23.83559,16.69883,46.47389,3351.15659,-0.82384,22.86013,5.958698787316334,2.219772081076266,-19.99999965883678
23.87693,16.71787,46.39924,3348.0284,-0.87857,22.82053,6.010352235996784,2.2390143497937633,-19.99999965883678
23.91823,16.73689,46.32033,3344.88273,-0.92278,22.83348,6.066016778152982,2.259750856369198,0.0
23.95949,16.7559,46.23768,3341.71598,-0.96566,22.84645,6.125328370592615,2.281845985134881,0.0
24.0007,16.77491,46.15142,3338.52577,-1.00709,22.85946,6.1882610824653215,2.30529007616677,0.0
24.04188,16.79392,46.06169,3335.30969,-1.04699,22.87249,6.254783988037818,2.3300716088155125,0.0
24.083,16.81293,45.96863,3332.06536,-1.08526,22.88554,6.32485970785182,2.356176658249384,0.0
24.12409,16.83193,45.87241,3328.79038,-1.12181,22.89863,6.398443594097329,2.383588591984406,0.0
24.16513,16.85094,45.77318,3325.48235,-1.15655,22.91174,6.475482883151515,2.4122877541827803,0.0
24.20612,16.86994,45.6711,3322.1389,-1.18938,22.92487,6.5559158204240955,2.4422511396347653,0.0
24.24707,16.88893,45.56636,3318.75764,-1.22022,22.93803,6.639670763689753,2.473452059726409,0.0
24.28798,16.90793,45.45914,3315.33624,-1.24898,22.95122,6.726665272329901,2.5058598031581454,0.0
24.32884,16.92692,45.34963,3311.87237,-1.27557,22.96443,6.816805191166574,2.5394392946488114,0.0
24.36965,16.94591,45.23803,3308.36374,-1.29992,22.97766,6.909983738918585,2.574150755361578,0.0
24.41041,16.96489,45.12454,3304.80811,-1.32193,22.99092,7.006080612727941,2.609949369316487,0.0
24.45113,16.98387,45.00938,3301.20329,-1.34154,23.00419,7.10496112161377,2.646784960579228,0.0
24.4918,17.00285,44.89275,3297.54713,-1.35866,23.01749,7.206475363132074,2.684601686545243,0.0
24.53242,17.02182,44.77489,3293.83758,-1.37324,23.03082,7.310457458907014,2.7233377531550076,0.0
24.57299,17.04079,44.65601,3290.07266,-1.3852,23.04416,7.416724865950542,2.7629251583424796,0.0
24.61351,17.05975,44.53636,3286.25047,-1.39448,23.05752,7.5250777818510075,2.8032894704522016,0.0
24.65398,17.07871,44.41617,3282.36922,-1.40102,23.0709,7.635298662828611,2.8443496487022766,0.0
24.69439,17.09766,44.29568,3278.42724,-1.40479,23.0843,7.7471518743825385,2.8860179130412345,0.0
24.73476,17.1166,44.17514,3274.42296,-1.40572,23.09772,7.860383494553918,2.9281996708583073,0.0
24.77507,17.13554,44.05478,3270.35497,-1.40379,23.11116,7.974721289854143,2.9707935080160937,0.0
24.81533,17.15447,43.93487,3266.22201,-1.39895,23.12461,8.08987488345478,3.013691251505728,0.0
24.85553,17.1734,43.81564,3262.02297,-1.3912,23.13808,8.205536134177798,3.0567781106307135,0.0
24.89568,17.19231,43.69736,3257.7569,-1.38052,23.15156,8.321379743413226,3.099932903099712,0.0
24.93577,17.21122,43.58026,3253.42306,-1.36689,23.16506,8.437064104852828,3.1430283715747045,0.0
24.97581,17.23012,43.46461,3249.02089,-1.35033,23.17857,8.552232409227537,3.185931595214745,0.0
25.01579,17.24902,43.35065,3244.55003,-1.33084,23.19209,8.66651401283941,3.228504499490129,0.0
25.0557,17.2679,43.23863,3240.01036,-1.30844,23.20563,8.779526074644266,3.2706044660387423,0.0
25.09556,17.28677,43.12878,3235.40194,-1.28318,23.21917,8.890875462053875,3.312085042627531,0.0
25.13536,17.30564,43.02135,3230.72511,-1.25508,23.23273,9.000160920466781,3.352796751359807,0.0
25.1751,17.32449,42.91656,3225.98042,-1.22421,23.2463,9.106975496015941,3.392587991212497,0.0
25.21478,17.34333,42.81465,3221.16865,-1.19062,23.25988,9.210909195066966,3.4313060287692094,0.0
25.2544,17.36216,42.71584,3216.29087,-1.1544,23.27346,9.3115518579805,3.468798068772333,0.0
25.29395,17.38098,42.62033,3211.34836,-1.11563,23.28705,9.408496218570821,3.5049123938518703,0.0
25.33343,17.39979,42.52833,3206.34267,-1.0744,23.30065,9.501341114765838,3.5394995605807558,0.0
25.37286,17.41858,42.44003,3201.27558,-1.03083,23.31426,9.58969481044507,3.572413636946916,0.0
25.41221,17.43736,42.35561,3196.14914,-0.98503,23.32787,9.673178383558362,3.6035134645166247,0.0
25.4515,17.45613,42.27525,3190.96561,-0.93714,23.34149,9.751429131360865,3.6326639269741454,0.0
25.49073,17.47488,42.19909,3185.72751,-0.88728,23.35511,9.824103940511273,3.6597372055719846,0.0
25.52988,17.49362,42.1273,3180.43755,-0.83562,23.36873,9.890882567668514,3.6846140012394843,0.0
25.56897,17.51235,42.05999,3175.09868,-0.78231,23.38236,9.951470775536693,3.7071847028420732,0.0
25.60799,17.53106,41.99728,3169.71404,-0.7275,23.39599,10.005603269844501,3.7273504812833784,0.0
25.64694,17.54976,41.93928,3164.28693,-0.67139,23.40963,10.053046384864613,3.745024289931853,0.0
25.68581,17.56844,41.88607,3158.82085,-0.61414,23.42326,10.093600468523475,3.76013175313694,0.0
25.72462,17.5871,41.83773,3153.31942,-0.55595,23.4369,10.12710192301155,3.7726119264100664,0.0
25.76336,17.60575,41.7943,3147.78641,-0.49699,23.45054,10.153424862931754,3.7824179141285748,0.0
25.80202,17.62438,41.75582,3142.22569,-0.43748,23.46418,10.172482360207393,3.7895173332966823,0.0
25.84061,17.643,41.72233,3136.64121,-0.37759,23.47782,10.18422725311668,3.7938926149321226,0.0
25.87914,17.6616,41.69381,3131.03699,-0.31754,23.49147,10.188652505555854,3.7955411379011146,0.0
25.91758,17.68018,41.67026,3125.4171,-0.25753,23.50511,10.185791111757684,3.794475193423494,0.0
25.95596,17.69875,41.65165,3119.78563,-0.19774,23.51875,10.1757155509558,3.790721781920832,0.0
25.99426,17.71729,41.63794,3114.14666,-0.13838,23.5324,10.158536805445586,3.7843222472182796,0.0
26.03249,17.73582,41.62907,3108.50425,-0.07964,23.54604,10.13440296411003,3.775331756321204,0.0
26.07064,17.75434,41.62495,3102.86242,-0.02172,23.55968,10.103497441227407,3.763818635874179,0.0
26.10873,17.77283,41.62551,3097.22513,0.0352,23.57333,10.06603684730538,3.7498635789906767,0.0
26.14674,17.79131,41.63062,3091.59625,0.09093,23.58698,10.02226855438405,3.7335587382643856,0.0
26.18467,17.80977,41.64018,3085.97956,0.14531,23.60062,9.972468002727743,3.715006722441036,0.0
26.22253,17.82822,41.65406,3080.3787,0.19816,23.61427,9.916935798979827,3.694319515404719,0.0
26.26032,17.84664,41.67209,3074.79719,0.24933,23.62792,9.855994657597382,3.671617336781827,0.0
26.29804,17.86505,41.69414,3069.23842,0.29866,23.64157,9.789986237829117,3.6470274636320963,0.0
26.33569,17.88344,41.72003,3063.7056,0.346,23.65522,9.7192679276478,3.6206830323788304,0.0
26.37326,17.90181,41.74958,3058.20178,0.39124,23.66888,9.644209624020316,3.5927218393747657,0.0
26.41076,17.92017,41.78261,3052.72983,0.43423,23.68253,9.565190555887499,3.5632851573784787,0.0
26.44819,17.93851,41.81893,3047.29244,0.47488,23.69619,9.482596192336592,3.5325165837672694,0.0
26.48555,17.95683,41.85831,3041.89211,0.51307,23.70986,9.396815273855943,3.5005609346014253,0.0
26.52284,17.97514,41.90057,3036.53114,0.54871,23.72352,9.308236999521808,3.4675631967772955,0.0
26.56006,17.99343,41.94548,3031.21165,0.58173,23.7372,9.21724839761452,3.4336675485126307,0.0
26.59721,18.0117,41.99282,3025.93556,0.61205,23.75087,9.124231901639789,3.399016456350738,0.0
26.63429,18.02996,42.04238,3020.70457,0.63962,23.76456,9.029563148275015,3.3637498548375473,0.0
26.6713,18.0482,42.09391,3015.52023,0.66437,23.77824,8.933609008468826,3.328004413054377,0.0
26.70825,18.06642,42.1472,3010.38387,0.68628,23.79194,8.836725857923925,3.291912890327292,0.0
26.74513,18.08463,42.202,3005.29663,0.7053,23.80564,8.73925808855522,3.2556035817060924,0.0
26.78194,18.10283,42.2581,3000.25948,0.72143,23.81935,8.641536858401146,3.219199852273389,0.0
26.81869,18.12101,42.31526,2995.27322,0.73465,23.83307,8.543879073789853,3.1828197579747246,0.0
26.85537,18.13917,42.37324,2990.33846,0.74496,23.8468,8.446586594463023,3.1465757495062827,0.0
26.89198,18.15732,42.43182,2985.45565,0.75236,23.86053,8.34994564982151,3.1105744548510317,0.0
26.92854,18.17546,42.49077,2980.6251,0.75686,23.87428,8.254226452405396,3.0749165352898693,0.0
26.96502,18.19358,42.54986,2975.84693,0.7585,23.88804,8.159682993227205,3.039696609157869,0.0
27.00145,18.21169,42.60888,2971.12116,0.7573,23.90181,8.066553002543156,3.005003237230531,0.0
27.03782,18.22979,42.6676,2966.44765,0.7533,23.91559,7.975058059038194,2.9709189633980824,0.0
27.07412,18.24787,42.72581,2961.82613,0.74654,23.92938,7.8854038302058775,2.9375204042133136,0.0
27.11037,18.26594,42.7833,2957.25621,0.73707,23.94319,7.797780426825843,2.9048783809437517,0.0
27.14655,18.284,42.83987,2952.73739,0.72495,23.95701,7.712362854838555,2.873058087906906,0.0
27.18267,18.30205,42.89531,2948.26905,0.71023,23.97084,7.6293115485864496,2.8421192911166147,0.0
27.21874,18.32009,42.94944,2943.85048,0.69297,23.98469,7.548772970176134,2.812116551561238,0.0
27.25475,18.33811,43.00206,2939.48088,0.67326,23.99855,7.4708802607260045,2.7830994678105334,0.0
27.2907,18.35612,43.053,2935.15934,0.65116,24.01243,7.395753930273862,2.7551129330243906,0.0
27.3266,18.37413,43.10208,2930.88489,0.62676,24.02633,7.323502574277767,2.7281974018682553,0.0
27.36243,18.39212,43.14912,2926.65646,0.60012,24.04024,7.254223605744805,2.702389163250359,0.0
27.39822,18.4101,43.19398,2922.47292,0.57134,24.05417,7.188003993197431,2.6777206152335946,0.0
27.43395,18.42807,43.2365,2918.33307,0.5405,24.06812,7.124920995780097,2.654220538882082,0.0
27.46962,18.44603,43.27652,2914.23566,0.50769,24.08209,7.0650428878959035,2.631914368207382,0.0
27.50524,18.46399,43.31392,2910.17936,0.473,24.09607,7.008429666767291,2.6108244537534766,0.0
27.54081,18.48193,43.34855,2906.1628,0.43653,24.11008,6.955133737273592,2.5909703177167724,0.0
27.57632,18.49986,43.3803,2902.18455,0.39837,24.1241,6.905200569293335,2.572368898823406,0.0
27.61178,18.51779,43.40905,2898.24313,0.35862,24.13814,6.858669323567084,2.5550347854796174,0.0
27.64719,18.5357,43.43469,2894.33704,0.31737,24.1522,6.815573442829504,2.538980435984003,0.0
27.68255,18.55361,43.45712,2890.46469,0.27473,24.16628,6.775941205571606,2.5242163848185144,0.0
27.71786,18.57151,43.47624,2886.6245,0.2308,24.18039,6.739796240384906,2.510751434255198,0.0
27.75312,18.5894,43.49197,2882.81482,0.18568,24.19451,6.707157999297288,2.4985928306862535,0.0
27.78833,18.60729,43.50424,2879.03398,0.13948,24.20865,6.6780421889466055,2.487746425247548,0.0
27.82348,18.62516,43.51298,2875.28027,0.09229,24.22282,6.652461158752278,2.4782168184227475,0.0
27.85859,18.64303,43.51812,2871.55194,0.04422,24.237,6.630424245607007,2.4700074884500536,0.0
27.89365,18.66089,43.51961,2867.84722,-0.00462,24.25121,6.611938074755998,2.4631209034076234,0.0
27.92866,18.67874,43.51741,2864.16432,-0.05413,24.26544,6.597006816801248,2.4575586169544383,0.0
27.96362,18.69659,43.51148,2860.50139,-0.1042,24.27969,6.585632400883565,2.4533213477462064,0.0
27.99853,18.71443,43.5018,2856.85658,-0.15472,24.29397,6.57781468421211,2.450409042589584,0.0
28.03339,18.73226,43.48833,2853.22801,-0.2056,24.30826,6.573551578221644,2.4488209234390665,0.0
28.06821,18.75009,43.47108,2849.61377,-0.25672,24.32258,6.572839131676587,2.4485555183554353,0.0
28.10297,18.7679,43.45003,2846.01192,-0.30797,24.33692,6.575671571143214,2.4496106765827226,0.0
28.13769,18.78571,43.42519,2842.4205,-0.35925,24.35128,6.582041299248731,2.4519835678996604,0.0
28.17236,18.80352,43.39657,2838.83753,-0.41045,24.36566,6.591938851218885,2.4556706664288073,0.0
28.20699,18.82132,43.36419,2835.26101,-0.46146,24.38007,6.605352810234389,2.4606677191045865,0.0
28.24156,18.83911,43.32807,2831.68892,-0.51218,24.39449,6.622269682200078,2.466969699021496,0.0
28.27609,18.85689,43.28826,2828.11922,-0.56249,24.40894,6.642673730575742,2.474570743904254,0.0
28.31057,18.87467,43.2448,2824.54985,-0.6123,24.42341,6.666546772041344,2.4834640799877157,0.0
28.34501,18.89244,43.19773,2820.97873,-0.6615,24.4379,6.693867933869217,2.49364193163163,0.0
28.37939,18.9102,43.14711,2817.40378,-0.70997,24.45242,6.7246133740107945,2.505095417045584,0.0
28.41373,18.92796,43.09302,2813.82289,-0.75762,24.46695,6.758755965114446,2.5178144305773325,0.0
28.44802,18.9457,43.03552,2810.23396,-0.80434,24.4815,6.796264943887839,2.53178751209105,0.0
28.48226,18.96345,42.9747,2806.63485,-0.85002,24.49608,6.837105527497691,2.5470017040661475,0.0
28.51646,18.98118,42.91064,2803.02345,-0.89456,24.51067,6.881238498989515,2.5634423971552183,0.0
28.5506,18.99891,42.84345,2799.39762,-0.93786,24.52529,6.92861976408736,2.58109316508028,0.0
28.5847,19.01663,42.77322,2795.75524,-0.97981,24.53993,6.979199882119498,2.5999355898902525,0.0
28.61875,19.03434,42.70006,2792.09418,-1.02033,24.55458,7.032923574282876,2.6199490787765254,0.0
28.65275,19.05205,42.6241,2788.41233,-1.05929,24.56925,7.089729212957916,2.641110673829285,0.0
28.6867,19.06974,42.54545,2784.70757,-1.09662,24.58395,7.1495482963423465,2.663394856324796,0.0
28.72061,19.08743,42.46426,2780.97782,-1.13222,24.59866,7.212304913269398,2.686773347356091,0.0
28.75446,19.10511,42.38065,2777.221,-1.16599,24.61338,7.277915203683233,2.711214906845882,0.0
28.78826,19.12279,42.29477,2773.43508,-1.19784,24.62813,7.346286820955248,2.7366851332452273,0.0
28.82202,19.14045,42.20676,2769.61804,-1.22768,24.64289,7.417318402860125,2.7631462664581954,0.0
28.85572,19.15811,42.1168,2765.7679,-1.25543,24.65767,7.490899058745365,2.790556996799021,0.0
28.88937,19.17575,42.02503,2761.88274,-1.28101,24.67246,7.56690788110548,2.8188722830406427,0.0
28.92297,19.19339,41.93162,2757.96067,-1.30434,24.68727,7.645213490438307,2.8480431828617037,0.0
28.95652,19.21102,41.83675,2753.99987,-1.32534,24.7021,7.72567362284677,2.878016699217351,0.0
28.99001,19.22864,41.74058,2749.99858,-1.34395,24.71693,7.808134770428935,2.9087356463750806,0.0
29.02346,19.24625,41.64331,2745.95511,-1.36009,24.73179,7.892431884928106,2.940138539516592,0.0
29.05685,19.26384,41.54511,2741.86785,-1.37372,24.74665,7.978388155458896,2.9721595119349042,0.0
29.09018,19.28143,41.44618,2737.73528,-1.38477,24.76153,8.065814871312192,3.0047282639255957,0.0
29.12347,19.29901,41.34669,2733.55597,-1.39319,24.77641,8.154511380846095,3.037770047472595,0.0
29.15669,19.31657,41.24686,2729.32861,-1.39895,24.79131,8.244265157302012,3.0712056907664103,0.0
29.18987,19.33413,41.14686,2725.05197,-1.402,24.80622,8.334851981930179,3.104951666423206,0.0
29.22298,19.35167,41.0469,2720.72498,-1.40231,24.82114,8.426036254181863,3.138920207039555,0.0
29.25604,19.3692,40.94718,2716.34667,-1.39987,24.83607,8.517571437744563,3.17301947135229,0.0
29.28905,19.38671,40.84788,2711.91621,-1.39466,24.85101,8.60920064996951,3.207153763815756,0.0
29.32199,19.40422,40.74922,2707.43292,-1.38668,24.86595,8.700657400732942,3.241223809847072,0.0
29.35488,19.42171,40.65139,2702.89627,-1.37591,24.8809,8.791666484900663,3.275127088292669,0.0
29.38771,19.43919,40.55458,2698.30589,-1.36239,24.89586,8.881945030490103,3.3087582218962295,0.0
29.42048,19.45665,40.45899,2693.66155,-1.34611,24.91082,8.971203702200475,3.3420094256453408,0.0
29.45319,19.4741,40.36481,2688.96323,-1.32713,24.92578,9.059148057370086,3.3747710119012684,0.0
29.48584,19.49153,40.27222,2684.21106,-1.30546,24.94075,9.145480048559408,3.4069319501506894,0.0
29.51842,19.50895,40.18141,2679.40534,-1.28117,24.95573,9.229899664036834,3.4383804781297953,0.0
29.55095,19.52635,40.09255,2674.54656,-1.2543,24.9707,9.312106694279155,3.4690047598922042,0.0
29.58341,19.54374,40.00583,2669.63541,-1.22493,24.98568,9.391802609635201,3.498693585288065,0.0
29.61581,19.56111,39.9214,2664.67274,-1.19314,25.00066,9.468692531187548,3.527337104161909,0.0
29.64815,19.57846,39.83942,2659.65959,-1.159,25.01564,9.542487274069545,3.5548275875419955,0.0
29.68042,19.5958,39.76006,2654.59719,-1.12262,25.03062,9.612905439836423,3.5810602071036084,0.0
29.71263,19.61312,39.68344,2649.48695,-1.0841,25.0456,9.679675532252427,3.605933823355434,0.0
29.74477,19.63042,39.60972,2644.33044,-1.04356,25.06058,9.742538068979732,3.629351772299242,0.0
29.77684,19.6477,39.539,2639.12943,-1.00111,25.07556,9.801247660334461,3.6512226398211967,0.0
29.80885,19.66497,39.47142,2633.88583,-0.9569,25.09053,9.855575025479908,3.6714610127768825,0.0
29.84079,19.68221,39.40708,2628.60171,-0.91106,25.1055,9.90530891627167,3.6899881956742355,0.0
29.87267,19.69944,39.34606,2623.27931,-0.86374,25.12047,9.95025791952136,3.7067328820641983,0.0
29.90447,19.71664,39.28847,2617.92098,-0.81509,25.13544,9.990252109549575,3.721631770160181,0.0
29.93621,19.73383,39.23436,2612.52922,-0.76526,25.1504,10.025144524847486,3.734630112933353,0.0
29.96788,19.751,39.18381,2607.10664,-0.71444,25.16535,10.054812445099843,3.7456821938373186,0.0
29.99948,19.76814,39.13685,2601.65596,-0.66278,25.1803,10.079158447933851,3.7547517204748737,0.0
30.03101,19.78527,39.09354,2596.17997,-0.61045,25.19525,10.09811122837717,3.761812129867677,0.0
30.06247,19.80237,39.05388,2590.68155,-0.55764,25.21019,10.111626168031664,3.7668468004884397,0.0
30.09386,19.81946,39.0179,2585.16366,-0.50453,25.22512,10.119685645354222,3.7698491678487027,0.0
30.12518,19.83652,38.98559,2579.62927,-0.45128,25.24005,10.122299082985938,3.7708227421301985,0.0
30.15643,19.85356,38.95694,2574.08142,-0.39809,25.25497,10.119502732717745,3.7697810280788944,0.0
30.1876,19.87058,38.93192,2568.52315,-0.34512,25.26989,10.111359203328618,3.76674734911229,0.0
30.21871,19.88757,38.91051,2562.95751,-0.29257,25.2848,10.097956740882974,3.7617545792112774,0.0
30.24975,19.90455,38.89264,2557.38751,-0.2406,25.29971,10.079408275299647,3.7548447877419866,0.0
30.28071,19.9215,38.87827,2551.81619,-0.18938,25.3146,10.05585025070969,3.746068803733296,0.0
30.31161,19.93843,38.86731,2546.2465,-0.13909,25.3295,10.02744126038812,3.735485707352988,0.0
30.34243,19.95534,38.8597,2540.68136,-0.08989,25.34438,9.994360509788496,3.723162257347696,0.0
30.37318,19.97222,38.85532,2535.12362,-0.04194,25.35926,9.95680613326648,3.70917226397813,0.0
30.40386,19.98909,38.85409,2529.57607,0.00461,25.37413,9.914993391623568,3.6935959175567,0.0
30.43447,20.00593,38.8559,2524.04139,0.04961,25.389,9.869152778356701,3.6765190829756658,0.0
30.46501,20.02274,38.86061,2518.52217,0.09293,25.40387,9.819528062777573,3.658032570717592,0.0
30.49547,20.03954,38.86811,2513.02091,0.13443,25.41872,9.766374297708824,3.6382313946697526,0.0
30.52587,20.05631,38.87825,2507.53998,0.17399,25.43358,9.709955818549945,3.617214026723543,0.0
30.5562,20.07306,38.8909,2502.08163,0.21149,25.44843,9.65054425908899,3.5950816576121265,0.0
30.58646,20.08979,38.90591,2496.64801,0.24683,25.46327,9.588416607531931,3.571937472730228,0.0
30.61665,20.1065,38.92312,2491.2411,0.27992,25.47811,9.523853324050938,3.547885950871331,0.0
30.64676,20.12318,38.94237,2485.86278,0.31065,25.49295,9.45713653872696,3.5230321929138793,0.0
30.67682,20.13985,38.9635,2480.51478,0.33896,25.50778,9.388548346065424,3.4974812864834957,0.0
30.7068,20.15649,38.98633,2475.19869,0.36477,25.52262,9.318369209578147,3.4713377116177733,0.0
30.73671,20.17311,39.01071,2469.91597,0.38803,25.53745,9.246876487124414,3.444704791417017,0.0
30.76656,20.18971,39.03646,2464.66791,0.40868,25.55227,9.174343085030513,3.4176841906683713,0.0
30.79634,20.20628,39.06339,2459.45572,0.42669,25.5671,9.101036246325881,3.390375464431885,0.0
30.82605,20.22284,39.09135,2454.2804,0.44201,25.58193,9.027216475990524,3.362875657666911,0.0
30.85569,20.23938,39.12014,2449.14288,0.45463,25.59675,8.953136603843868,3.335278956133536,0.0
30.88528,20.25589,39.14959,2444.0439,0.46453,25.61158,8.879040983579673,3.307676388012021,0.0
30.91479,20.27239,39.17952,2438.98412,0.4717,25.62641,8.805164824678926,3.2801555750227664,0.0
30.94424,20.28886,39.20977,2433.96402,0.47615,25.64124,8.731733652307616,3.252800531224027,0.0
30.97363,20.30531,39.24014,2428.984,0.47788,25.65607,8.658962889030505,3.2256915071892864,0.0
31.00295,20.32175,39.27049,2424.04432,0.47692,25.67091,8.58705755103218,3.198904876841602,0.0
31.03221,20.33816,39.30062,2419.14511,0.47328,25.68574,8.516212050772873,3.172513063937713,0.0
31.06141,20.35456,39.33038,2414.28641,0.467,25.70058,8.44661009734438,3.1465845049479864,0.0
31.09054,20.37094,39.3596,2409.46815,0.45812,25.71543,8.378424685434977,3.1211836449455723,0.0
31.11961,20.38729,39.38812,2404.69013,0.44668,25.73028,8.31181816358009,3.096370963031563,0.0
31.14862,20.40363,39.41579,2399.95208,0.43273,25.74513,8.246942372355644,3.0722030238156557,0.0
31.17757,20.41996,39.44245,2395.25363,0.41633,25.75999,8.183938843265533,3.048732551506971,0.0
31.20647,20.43626,39.46795,2390.59429,0.39753,25.77486,8.12293904931781,3.02600852326027,0.0
31.2353,20.45254,39.49216,2385.97352,0.37642,25.78973,8.064064698614713,3.0040762785459685,0.0
31.26407,20.46881,39.51493,2381.39068,0.35305,25.80461,8.007428062676725,2.9829776414594904,0.0
31.29278,20.48506,39.53614,2376.84505,0.3275,25.8195,7.95313233173071,2.9627510530754395,0.0
31.32144,20.50129,39.55565,2372.33584,0.29985,25.83439,7.901271989675758,2.9434317111322468,0.0
31.35003,20.51751,39.57334,2367.86219,0.27019,25.8493,7.851933202002751,2.925051714542418,0.0
31.37857,20.53371,39.58911,2363.42316,0.2386,25.86421,7.805194210510936,2.9076402104348382,0.0
31.40706,20.54989,39.60283,2359.01776,0.20518,25.87913,7.761125729200033,2.8912235416349996,0.0
31.43548,20.56605,39.61442,2354.64494,0.17001,25.89406,7.71979133630699,2.8758253927090096,0.0
31.46385,20.5822,39.62376,2350.30358,0.13319,25.909,7.681247857974968,2.8614669328903815,0.0
31.49217,20.59834,39.63078,2345.99251,0.09482,25.92395,7.645545739548957,2.84816695439742,0.0
31.52042,20.61445,39.63538,2341.71052,0.055,25.93891,7.612729401040271,2.835942004853103,0.0
31.54863,20.63055,39.6375,2337.45633,0.01384,25.95388,7.582837573681572,2.824806512660675,0.0
31.57678,20.64664,39.63706,2333.22864,-0.02857,25.96886,7.55590361501459,2.81477290438212,0.0
31.60487,20.66271,39.63399,2329.02607,-0.07211,25.98386,7.531955800288212,2.8058517132916165,0.0
31.63291,20.67876,39.62824,2324.84723,-0.11668,25.99886,7.511017588365886,2.798051678433038,0.0
31.6609,20.6948,39.61977,2320.69069,-0.16216,26.01388,7.493107860629996,2.7913798336181213,0.0
31.68883,20.71083,39.60853,2316.55495,-0.20845,26.0289,7.478241131745751,2.7858415859415615,0.0
31.71671,20.72683,39.59448,2312.43852,-0.25544,26.04394,7.466427731380607,2.781440783476275,0.0
31.74454,20.74283,39.57759,2308.33984,-0.30302,26.05899,7.457673956254818,2.778179771916232,0.0
31.77231,20.75881,39.55785,2304.25734,-0.35106,26.07405,7.451982192178858,2.776059440038612,0.0
31.80004,20.77477,39.53523,2300.18942,-0.39947,26.08913,7.449351005881408,2.775079253912134,0.0
31.8277,20.79072,39.50973,2296.13443,-0.44811,26.10421,7.449775206742883,2.7752372798944296,0.0
31.85532,20.80665,39.48136,2292.09073,-0.49689,26.11931,7.453245878665566,2.7765301965045026,0.0
31.88289,20.82257,39.45011,2288.05663,-0.54568,26.13442,7.459750382556376,2.778953295347627,0.0
31.9104,20.83848,39.41599,2284.03043,-0.59437,26.14954,7.46927233009281,2.782500471342467,0.0
31.93786,20.85437,39.37903,2280.01041,-0.64284,26.16468,7.481791529600799,2.7871642025591568,0.0
31.96527,20.87024,39.33926,2275.99484,-0.691,26.17982,7.497283905116386,2.792935520067645,0.0
31.99262,20.8861,39.2967,2271.98196,-0.73871,26.19498,7.51572138986403,2.799803968255563,0.0
32.01993,20.90195,39.2514,2267.97002,-0.78586,26.21015,7.537071795620592,2.8077575561628665,0.0
32.04718,20.91778,39.2034,2263.95723,-0.83236,26.22533,7.56129865965419,2.816782700462539,0.0
32.07438,20.93359,39.15275,2259.94182,-0.87807,26.24052,7.588361071136494,2.826864160794598,0.0
32.10153,20.94939,39.09952,2255.92201,-0.9229,26.25572,7.618213479195442,2.8379849682606846,0.0
32.12862,20.96518,39.04377,2251.89602,-0.96674,26.27093,7.650805485027455,2.8501263479803933,0.0
32.15567,20.98095,38.98556,2247.86206,-1.00948,26.28615,7.686081620752986,2.863267636709146,0.0
32.18266,20.99671,38.92499,2243.81836,-1.05101,26.30139,7.72398111797234,2.8773861966191423,0.0
32.2096,21.01245,38.86212,2239.76315,-1.09123,26.31663,7.764437669308719,2.8924573264678743,0.0
32.23649,21.02817,38.79705,2235.69468,-1.13005,26.33188,7.807379186466266,2.9084541714683763,0.0
32.26332,21.04388,38.72988,2231.61121,-1.16735,26.34714,7.8527275586892635,2.9253476333089266,0.0
32.2901,21.05957,38.66069,2227.51102,-1.20305,26.36241,7.900398415762322,2.943106281864379,0.0
32.31683,21.07525,38.58961,2223.39243,-1.23706,26.37769,7.950300900028763,2.9616962702670127,0.0
32.34351,21.09091,38.51673,2219.25377,-1.26927,26.39298,8.002337452149927,2.9810812550962345,0.0
32.37013,21.10656,38.44217,2215.09341,-1.29961,26.40827,8.05640361560199,3.001222323548504,0.0
32.3967,21.12219,38.36605,2210.90976,-1.328,26.42357,8.112387865152158,3.0220779295402003,0.0
32.42321,21.1378,38.28849,2206.70128,-1.35435,26.43888,8.17017146471232,3.0436038407543684,0.0
32.44967,21.15339,38.20962,2202.46648,-1.3786,26.4542,8.22962836015096,3.0657530987103323,0.0
32.47608,21.16897,38.12957,2198.2039,-1.40066,26.46951,8.29062511269911,3.0884759939556696,0.0
32.50243,21.18453,38.04847,2193.91217,-1.42048,26.48484,8.353020878615213,3.1117200584908247,0.0
32.52873,21.20007,37.96646,2189.58997,-1.438,26.50017,8.416667440701904,3.1354300775099526,0.0
32.55497,21.2156,37.88367,2185.23605,-1.45317,26.5155,8.481409297122418,3.159548122487358,0.0
32.58115,21.23111,37.80025,2180.84925,-1.46592,26.53084,8.547083812669563,3.184013607529171,0.0
32.60728,21.2466,37.71634,2176.42846,-1.47624,26.54617,8.61352143732986,3.2087633707942436,0.0
32.63336,21.26207,37.63209,2171.97269,-1.48407,26.56151,8.68054599644955,3.2337317825886154,0.0
32.65937,21.27752,37.54764,2167.48103,-1.48939,26.57686,8.74797505622089,3.2588508815187778,0.0
32.68533,21.29295,37.46313,2162.95266,-1.49218,26.5922,8.815620367491679,3.2840505398224056,0.0
32.71123,21.30836,37.37871,2158.38687,-1.49242,26.60754,8.883288390023596,3.3092586586683725,0.0
32.73708,21.32376,37.29453,2153.78305,-1.49011,26.62288,8.950780898349716,3.3344013938546233,0.0
32.76286,21.33913,37.21074,2149.14072,-1.48525,26.63823,9.017895669318708,3.3594034119364755,0.0
32.78859,21.35448,37.12747,2144.45948,-1.47785,26.65357,9.084427250185431,3.384188176360578,0.0
32.81425,21.36981,37.04486,2139.7391,-1.46793,26.6689,9.150167804868673,3.4086782627181815,0.0
32.83986,21.38512,36.96307,2134.97941,-1.4555,26.68424,9.214908034600617,3.432795701711294,0.0
32.8654,21.40041,36.88222,2130.18042,-1.44062,26.69957,9.278438167857821,3.4564623479280114,0.0
32.89089,21.41568,36.80245,2125.34223,-1.42331,26.7149,9.340549013026019,3.4796002719878567,0.0
32.91631,21.43092,36.72389,2120.4651,-1.40363,26.73022,9.401033065839167,3.5021321730919626,0.0
32.94168,21.44615,36.64667,2115.54938,-1.38165,26.74554,9.459685662337973,3.52398180853046,0.0
32.96698,21.46135,36.5709,2110.59558,-1.35742,26.76085,9.516306166771201,3.5450744362069706,0.0
32.99222,21.47652,36.49671,2105.60433,-1.33103,26.77615,9.570699182733744,3.565337265819401,0.0
33.01739,21.49168,36.4242,2100.57639,-1.30256,26.79145,9.62267577482311,3.5846999139591347,0.0
33.04251,21.50681,36.35349,2095.51264,-1.2721,26.80674,9.672054687313071,3.603094858099027,0.0
33.06755,21.52191,36.28467,2090.41409,-1.23976,26.82202,9.71866354564564,3.6204578841807775,0.0
33.09254,21.537,36.21784,2085.28186,-1.20564,26.8373,9.762340026297762,3.6367285224210626,0.0
33.11746,21.55205,36.15307,2080.11721,-1.16986,26.85256,9.802932980352642,3.6518504658714073,0.0
33.14232,21.56708,36.09046,2074.92148,-1.13253,26.86781,9.840303496367982,3.6657719663645754,0.0
33.16711,21.58209,36.03006,2069.69614,-1.0938,26.88306,9.874325888533326,3.6784462026291798,0.0
33.19183,21.59707,35.97195,2064.44275,-1.05379,26.89829,9.904888596853473,3.6898316156316873,0.0
33.21649,21.61203,35.91618,2059.16295,-1.01264,26.91351,9.931894987129583,3.699892206590433,0.0
33.24108,21.62696,35.86279,2053.85849,-0.9705,26.92873,9.955264039735875,3.708597793563056,0.0
33.26561,21.64186,35.81182,2048.53119,-0.92751,26.94393,9.974930917748786,3.7159242230895693,0.0
33.29007,21.65674,35.76332,2043.18293,-0.88382,26.95911,9.99084740664226,3.7218535339904157,0.0
33.31447,21.67159,35.71728,2037.81566,-0.8396,26.97429,10.00298221969146,3.726374071137391,0.0
33.33879,21.68641,35.67374,2032.43137,-0.795,26.98945,10.011321165171251,3.729480547739473,0.0
33.36305,21.70121,35.63268,2027.03212,-0.75016,27.0046,10.015867173546694,3.7311740554720036,0.0
33.38724,21.71597,35.59412,2021.61998,-0.70526,27.01974,10.016640184978552,3.731462022569527,0.0
33.41137,21.73071,35.55803,2016.19705,-0.66046,27.03487,10.01367689948018,3.730358120752648,0.0
33.43542,21.74543,35.52439,2010.76545,-0.6159,27.04998,10.007030394174434,3.7278821226461787,0.0
33.45941,21.76011,35.49317,2005.32729,-0.57175,27.06508,9.99676961388078,3.724059712009414,0.0
33.48333,21.77477,35.46434,1999.88471,-0.52816,27.08016,9.982978743158382,3.718922249805675,0.0
33.50718,21.7894,35.43785,1994.4398,-0.48529,27.09524,9.965756469315766,3.712506499654003,0.0
33.53097,21.804,35.41364,1988.99466,-0.44327,27.1103,9.94521514738034,3.7048543167583485,0.0
33.55468,21.81857,35.39166,1983.55134,-0.40227,27.12534,9.921479878983764,3.696012304768127,0.0
33.57833,21.83312,35.37184,1978.11186,-0.36241,27.14038,9.894687518035571,3.6860314453654817,0.0
33.60191,21.84763,35.3541,1972.67819,-0.32383,27.1554,9.864985616552806,3.6749667055590893,0.0
33.62543,21.86212,35.33837,1967.25227,-0.28666,27.17041,9.832531324334752,3.662876627784044,0.0
33.64887,21.87658,35.32455,1961.83596,-0.25103,27.1854,9.797490256201412,3.6498229079183826,0.0
33.67225,21.89101,35.31255,1956.43106,-0.21705,27.20038,9.760035340257692,3.6358699662311973,0.0
33.69556,21.90541,35.30228,1951.03931,-0.18484,27.21536,9.720345660267256,3.6210845161364293,0.0
33.7188,21.91978,35.29363,1945.66236,-0.15449,27.23032,9.678605304520667,3.605535135365968,0.0
33.74198,21.93413,35.2865,1940.30179,-0.1261,27.24526,9.63500223275639,3.589291843867909,0.0
33.76509,21.94844,35.28078,1934.9591,-0.09976,27.2602,9.589727171773305,3.57242569239316,0.0
33.78813,21.96273,35.27636,1929.63571,-0.07556,27.27513,9.542972549207056,3.5550083652990754,0.0
33.8111,21.97699,35.27311,1924.33294,-0.05356,27.29004,9.49493147387149,3.53711180069981,0.0
33.83401,21.99122,35.27092,1919.05203,-0.03382,27.30495,9.445796769747291,3.518807830601674,0.0
33.85686,22.00543,35.26967,1913.7941,-0.01641,27.31984,9.39576006952203,3.500167843222946,0.0
33.87964,22.0196,35.26924,1908.56022,-0.00137,27.33473,9.345010972305849,3.4812624692208076,0.0
33.90235,22.03375,35.26949,1903.35133,0.01125,27.34961,9.293736268968637,3.4621612931090557,0.0
33.925,22.04787,35.27032,1898.1683,0.02144,27.36448,9.242119237317509,3.44293259069317,0.0
33.94758,22.06196,35.27158,1893.01188,0.02915,27.37934,9.19033900831398,3.4236430929695345,0.0
33.9701,22.07603,35.27316,1887.88277,0.03438,27.39419,9.138570003447253,3.4043577765321817,0.0
33.99255,22.09006,35.27494,1882.78152,0.03712,27.40904,9.086981442463713,3.3851396801890816,0.0
34.01494,22.10408,35.27678,1877.70863,0.03737,27.42388,9.035736919890269,3.3660497472059365,0.0
34.03727,22.11806,35.27857,1872.6645,0.03513,27.43871,8.984994047951998,3.347146692283617,0.0
34.05954,22.13202,35.28019,1867.64943,0.03043,27.45354,8.9349041629901,3.328486892191117,0.0
34.08174,22.14595,35.28151,1862.66364,0.02327,27.46836,8.885612091875341,3.3101242987484234,0.0
34.10388,22.15985,35.28242,1857.70726,0.0137,27.48317,8.83725597456216,3.2921103727232426,0.0
34.12596,22.17373,35.2828,1852.78036,0.00174,27.49798,8.789967138605133,3.274494037085092,0.0
34.14798,22.18758,35.28255,1847.88289,-0.01257,27.51279,8.743870021211436,3.257321647967784,0.0
34.16993,22.2014,35.28155,1843.01475,-0.02917,27.5276,8.699082134289034,3.240636981648961,0.0
34.19183,22.2152,35.2797,1838.17575,-0.04802,27.5424,8.655714067906231,3.2244812358388657,0.0
34.21366,22.22897,35.2769,1833.36564,-0.06905,27.55719,8.613869527516359,3.2088930435475183,0.0
34.23544,22.24272,35.27304,1828.58408,-0.09221,27.57199,8.573645400467552,3.1939084978613583,0.0
34.25715,22.25644,35.26804,1823.83067,-0.11741,27.58678,8.53513184732518,3.179561185963254,0.0
34.27881,22.27014,35.2618,1819.10495,-0.1446,27.60157,8.498412413791515,3.1658822308255212,0.0
34.30041,22.28381,35.25424,1814.40638,-0.17369,27.61636,8.463564159126046,3.15290033904987,0.0
34.32195,22.29745,35.24527,1809.73438,-0.2046,27.63115,8.430657797242086,3.1406418534296052,0.0
34.34343,22.31108,35.23482,1805.08829,-0.23725,27.64593,8.39975784687174,3.129130808890026,0.0
34.36485,22.32467,35.22282,1800.4674,-0.27153,27.66072,8.3709227874585,3.1183889905625195,0.0
34.38622,22.33824,35.2092,1795.87096,-0.30737,27.67551,8.34420521772507,3.1084359928552487,0.0
34.40752,22.35179,35.1939,1791.29814,-0.34467,27.69029,8.319652014112709,3.0992892784759754,0.0
34.42877,22.36531,35.17686,1786.74808,-0.38332,27.70508,8.297304486577932,3.090964236470434,0.0
34.44997,22.37881,35.15802,1782.21988,-0.42322,27.71987,8.277198529527993,3.0834742384497633,0.0
34.4711,22.39229,35.13735,1777.71257,-0.46427,27.73465,8.25936476593996,3.0768306922786604,0.0
34.49218,22.40574,35.1148,1773.22516,-0.50637,27.74944,8.243828682952621,3.071043092586931,0.0
34.51321,22.41916,35.09033,1768.75661,-0.54941,27.76423,8.230610757556837,3.066119067592453,0.0
34.53418,22.43257,35.06391,1764.30585,-0.59327,27.77902,8.219726571190378,3.062064421790768,0.0
34.55509,22.44595,35.03551,1759.87176,-0.63784,27.79381,8.21118691233594,3.0588831741755427,0.0
34.57595,22.4593,35.00513,1755.4532,-0.68302,27.80861,8.20499786646946,3.0565775917466818,0.0
34.59675,22.47263,34.97273,1751.049,-0.72869,27.8234,8.201160892911405,3.0551482181394563,0.0
34.6175,22.48594,34.93832,1746.65794,-0.77473,27.8382,8.199672888385228,3.0545938973016997,0.0
34.63819,22.49922,34.90188,1742.27881,-0.82103,27.853,8.200526237310623,3.054911792229371,0.0
34.65883,22.51248,34.86342,1737.91035,-0.86748,27.8678,8.203708849039492,3.056097398837929,0.0
34.67941,22.52572,34.82295,1733.55128,-0.91395,27.8826,8.209204182505491,3.0581445551449398,0.0
34.69994,22.53893,34.78047,1729.20031,-0.96035,27.8974,8.216991258905303,3.0610454459941794,0.0
34.72041,22.55212,34.73601,1724.85613,-1.00654,27.9122,8.227044663257503,3.0647906036363635,0.0
34.74083,22.56529,34.68958,1720.51742,-1.05242,27.92701,8.239334535885336,3.069368904556241,0.0
34.7612,22.57843,34.64122,1716.18284,-1.09787,27.94182,8.253826555010106,3.07476756298819,0.0
34.78151,22.59155,34.59094,1711.85105,-1.14279,27.95662,8.270481911883461,3.0809721216523287,0.0
34.80176,22.60465,34.5388,1707.52071,-1.18705,27.97143,8.289257280010865,3.087966440289454,0.0
34.82197,22.61772,34.48484,1703.19046,-1.23056,27.98624,8.310104780216179,3.095732682646676,0.0
34.84211,22.63077,34.42909,1698.85895,-1.2732,28.00105,8.332971943453325,3.1042513026237892,0.0
34.86221,22.64379,34.37161,1694.52484,-1.31487,28.01586,8.357801673399623,3.1135010303382984,0.0
34.88225,22.65679,34.31246,1690.1868,-1.35547,28.03067,8.384532211045984,3.1234588589343426,0.0
34.90223,22.66977,34.25169,1685.84347,-1.39489,28.04549,8.413097103593113,3.1341000329957045,0.0
34.92216,22.68272,34.18936,1681.49357,-1.43304,28.0603,8.44342518009405,3.1453980394720222,0.0
34.94204,22.69565,34.12555,1677.13577,-1.46983,28.07511,8.47544053636458,3.157324602057516,0.0
34.96186,22.70855,34.06033,1672.76881,-1.50515,28.08991,8.509062531774571,3.1698496799956786,0.0
34.98163,22.72143,33.99376,1668.39143,-1.53893,28.10472,8.544205800573586,3.1829414722983644,0.0
35.00134,22.73428,33.92593,1664.0024,-1.57108,28.11953,8.580780280418276,3.1965664283729933,0.0
35.021,22.74711,33.85692,1659.60053,-1.60152,28.13433,8.61869126079072,3.2106892660596555,0.0
35.0406,22.75992,33.78681,1655.18464,-1.63018,28.14913,8.657839453934239,3.2252729980565706,0.0
35.06015,22.7727,33.71569,1650.75362,-1.65699,28.16393,8.698121090853592,3.2402789676826846,0.0
35.07964,22.78545,33.64365,1646.30638,-1.68187,28.17872,8.739428044840631,3.255666894894228,0.0
35.09908,22.79818,33.57077,1641.84188,-1.70478,28.19351,8.781647984786522,3.271394933397549,0.0
35.11846,22.81089,33.49714,1637.35914,-1.72565,28.2083,8.82466456037761,3.2874197396394513,0.0
35.13779,22.82357,33.42288,1632.85723,-1.74444,28.22308,8.868357620994198,3.303696554352744,0.0
35.15706,22.83622,33.34806,1628.33525,-1.76111,28.23785,8.912603469858803,3.320179297233159,0.0
35.17627,22.84884,33.27278,1623.7924,-1.77561,28.25262,8.957275154626926,3.3368206751920493,0.0
35.19543,22.86144,33.19715,1619.22793,-1.78792,28.26739,9.002242795225271,3.3535723044847656,0.0
35.21453,22.87402,33.12125,1614.64113,-1.79801,28.28215,9.047373949310346,3.370384846853587,0.0
35.23357,22.88657,33.0452,1610.03139,-1.80588,28.2969,9.092534015281373,3.3872081596606427,0.0
35.25256,22.89909,32.96907,1605.39817,-1.81149,28.31164,9.137586672199298,3.403991459769317,0.0
35.27149,22.91158,32.89298,1600.74099,-1.81487,28.32637,9.182394355539456,3.4206835007746292,0.0
35.29036,22.92404,32.81702,1596.05945,-1.816,28.3411,9.22681876703183,3.437232762932153,0.0
35.30918,22.93648,32.74128,1591.35325,-1.81491,28.35581,9.27072141634846,3.453587654950822,0.0
35.32793,22.94889,32.66585,1586.62214,-1.81161,28.37052,9.313964191800698,3.46969672659268,0.0
35.34663,22.96127,32.59083,1581.86599,-1.80613,28.38521,9.356409956622441,3.485508890804066,0.0
35.36527,22.97363,32.51631,1577.08471,-1.7985,28.3999,9.3979231668767,3.5009736539020766,0.0
35.38385,22.98595,32.44237,1572.27832,-1.78877,28.41457,9.438370506483,3.5160413521389793,0.0
35.40237,22.99825,32.3691,1567.44694,-1.77699,28.42923,9.477621534387449,3.5306633927900863,0.0
35.42083,23.01051,32.29658,1562.59074,-1.76321,28.44388,9.515549338481863,3.544792497755841,0.0
35.43924,23.02275,32.22489,1557.71001,-1.7475,28.45852,9.552031190437907,3.5583829475047626,0.0
35.45758,23.03496,32.1541,1552.8051,-1.72992,28.47314,9.586949195424038,3.571390823110102,0.0
35.47586,23.04714,32.08428,1547.87645,-1.71057,28.48775,9.620190930395887,3.5837742440298026,0.0
35.49408,23.05929,32.01551,1542.92458,-1.68951,28.50234,9.651650064523473,3.5954935992319643,0.0
35.51224,23.0714,31.94783,1537.95011,-1.66685,28.51692,9.681226955357014,3.6065117692822914,0.0
35.53035,23.08349,31.88132,1532.9537,-1.64269,28.53148,9.708829214358564,3.6167943370195133,0.0
35.54838,23.09555,31.81602,1527.93612,-1.61712,28.54603,9.734372235652119,3.626309784528701,0.0
35.56636,23.10757,31.75198,1522.8982,-1.59025,28.56056,9.75777968210427,3.6350296742191097,0.0
35.58428,23.11957,31.68924,1517.84083,-1.5622,28.57508,9.77898392327348,3.642928811971802,0.0
35.60213,23.13153,31.62785,1512.76497,-1.53308,28.58958,9.797926420255072,3.649985390504538,0.0
35.61993,23.14346,31.56783,1507.67165,-1.50303,28.60406,9.814558053007119,3.6561811113092704,0.0
35.63766,23.15536,31.50922,1502.56194,-1.47216,28.61853,9.828839386438656,3.6615012837770147,0.0
35.65533,23.16723,31.45203,1497.43698,-1.44061,28.63298,9.840740872242524,3.665934900385894,0.0
35.67293,23.17906,31.39628,1492.29794,-1.4085,28.64741,9.850242984269247,3.6694746871314625,0.0
35.69048,23.19086,31.34199,1487.14604,-1.37598,28.66182,9.857336286017416,3.672117128668657,0.0
35.70796,23.20263,31.28915,1481.98254,-1.34317,28.67621,9.862021429715409,3.67386246796971,0.0
35.72537,23.21437,31.23777,1476.80873,-1.31022,28.69059,9.8643090872685,3.6747146806001294,0.0
35.74273,23.22607,31.18784,1471.62591,-1.27725,28.70495,9.864219814204116,3.6746814240347305,0.0
35.76002,23.23774,31.13936,1466.43544,-1.24442,28.71928,9.861783848594639,3.673773962751088,0.0
35.77725,23.24938,31.0923,1461.23865,-1.21185,28.7336,9.857040847615133,3.672007070090354,0.0
35.79441,23.26099,31.04664,1456.03691,-1.17969,28.74791,9.850039565219136,3.669398908183019,0.0
35.81151,23.27256,31.00236,1450.83158,-1.14806,28.76219,9.840837474970414,3.6659708874438044,0.0
35.82855,23.28409,30.95942,1445.62403,-1.11709,28.77645,9.829500342657246,3.6617475073592445,0.0
35.84553,23.2956,30.91779,1440.41561,-1.08692,28.7907,9.81610175382344,3.656756180480564,0.0
35.86244,23.30707,30.87743,1435.20767,-1.05767,28.80492,9.80072260167013,3.6510270416536086,0.0
35.87929,23.3185,30.8383,1430.00155,-1.02947,28.81913,9.783450541105958,3.644592744638189,0.0
35.89608,23.32991,30.80034,1424.79856,-1.00242,28.83332,9.764379414911494,3.6374882483392215,0.0
35.9128,23.34127,30.7635,1419.59998,-0.97665,28.84749,9.743608658014281,3.6297505948835047,0.0
35.92946,23.35261,30.72773,1414.40707,-0.95226,28.86164,9.721242685935321,3.621418681799949,0.0
35.94605,23.36391,30.69296,1409.22106,-0.92935,28.87578,9.697390273306372,3.612533030500918,0.0
35.96259,23.37518,30.65914,1404.04313,-0.90803,28.8899,9.672163928192745,3.6031355532010054,0.0
35.97906,23.38641,30.62619,1398.87445,-0.88837,28.904,9.645679267716293,3.59326932032017,0.0
35.99546,23.39761,30.59405,1393.71611,-0.87048,28.91808,9.618054400122876,3.582978330287611,0.0
36.01181,23.40877,30.56265,1388.56917,-0.85442,28.93214,9.589409318051283,3.572307283518473,0.0
36.02809,23.4199,30.53191,1383.43466,-0.84027,28.94619,9.559865307398363,3.561301362200555,0.0
36.04431,23.431,30.50176,1378.31352,-0.8281,28.96022,9.529544375604615,3.550006017315655,0.0
36.06047,23.44207,30.47212,1373.20668,-0.81796,28.97424,9.49856870280717,3.5384667641796033,0.0
36.07657,23.45309,30.44292,1368.11498,-0.8099,28.98824,9.467060118770233,3.5267289875851042,0.0
36.0926,23.46409,30.41408,1363.03923,-0.80396,29.00222,9.435139607957858,3.5148377574283076,0.0
36.10857,23.47505,30.38552,1357.98017,-0.80019,29.01619,9.40292684469866,3.5028376555454446,0.0
36.12448,23.48598,30.35716,1352.93849,-0.79862,29.03014,9.370539759843696,3.4907726142814823,0.0
36.14033,23.49688,30.32892,1347.9148,-0.79926,29.04408,9.338094139876034,3.4786857671478866,0.0
36.15612,23.50774,30.30072,1342.90969,-0.80213,29.058,9.305703259010178,3.466619311769988,0.0
36.17185,23.51857,30.27249,1337.92365,-0.80724,29.07191,9.273477544367054,3.454614385155841,0.0
36.18752,23.52936,30.24415,1332.95714,-0.81459,29.08581,9.241524273983073,3.4427109511966654,0.0
36.20313,23.54012,30.21562,1328.01054,-0.82418,29.09969,9.209947307045743,3.4309477001725064,0.0
36.21868,23.55085,30.18682,1323.08418,-0.83598,29.11356,9.178846845466698,3.419361959931919,0.0
36.23416,23.56155,30.15768,1318.17833,-0.84999,29.12742,9.148319225610962,3.407989618305637,0.0
36.24959,23.57221,30.12813,1313.29321,-0.86618,29.14127,9.118456738847586,3.3968650562569644,0.0
36.26496,23.58284,30.0981,1308.42897,-0.88451,29.1551,9.089347479325255,3.386021091174183,0.0
36.28027,23.59343,30.06751,1303.5857,-0.90495,29.16892,9.061075217318557,3.375488929688704,0.0
36.29552,23.604,30.03631,1298.76344,-0.92745,29.18274,9.033719296313441,3.3652981293366975,0.0
36.31072,23.61453,30.00443,1293.96219,-0.95197,29.19654,9.007354551970735,3.3554765683708663,0.0
36.32585,23.62503,29.9718,1289.18188,-0.97844,29.21033,8.982051251074546,3.3460504230171204,0.0
36.34093,23.6355,29.93836,1284.42238,-1.00681,29.22411,8.957875048517312,3.3370441514503777,0.0
36.35595,23.64593,29.90407,1279.68352,-1.03701,29.23788,8.93488696044884,3.328480483791872,0.0
36.37091,23.65634,29.86887,1274.96508,-1.06898,29.25164,8.913143351707502,3.320380417426946,0.0
36.38582,23.66671,29.8327,1270.26679,-1.10263,29.26539,8.892695935758516,3.312763216982055,0.0
36.40066,23.67705,29.79552,1265.58834,-1.13789,29.27914,8.873591785393216,3.3056464183105336,0.0
36.41545,23.68735,29.75728,1260.92935,-1.17468,29.29287,8.855873352594624,3.2990458358930326,0.0
36.43019,23.69763,29.71796,1256.28942,-1.2129,29.3066,8.839578496048825,3.292975573086243,0.0
36.44487,23.70787,29.6775,1251.6681,-1.25247,29.32032,8.824740514895803,3.287448034695962,0.0
36.45949,23.71809,29.63587,1247.06491,-1.2933,29.33403,8.8113881874864,3.282473941415081,0.0
36.47405,23.72827,29.59305,1242.4793,-1.33529,29.34773,8.799545813996028,3.2780623456983187,0.0
36.48856,23.73842,29.549,1237.91072,-1.37834,29.36143,8.789233261910036,3.274220648706711,0.0
36.50302,23.74854,29.50371,1233.35856,-1.42235,29.37511,8.780466013553928,3.270954618013873,0.0
36.51742,23.75862,29.45715,1228.82219,-1.46721,29.38879,8.773255214956123,3.2682684058086604,0.0
36.53176,23.76868,29.40931,1224.30094,-1.51283,29.40247,8.76760772549711,3.2661645673907875,0.0
36.54605,23.77871,29.36018,1219.79412,-1.55909,29.41613,8.763526167938338,3.2646440798079013,0.0
36.56029,23.7887,29.30974,1215.30099,-1.60588,29.42979,8.761008978556315,3.2637063605318604,0.0
36.57447,23.79866,29.258,1210.82082,-1.65311,29.44345,8.760050457274323,3.2633492861341056,0.0
36.5886,23.8086,29.20495,1206.35282,-1.70066,29.45709,8.760640817787191,3.2635692109584684,0.0
36.60267,23.8185,29.1506,1201.89621,-1.74842,29.47073,8.76276623781734,3.264360985842866,0.0
36.61668,23.82837,29.09494,1197.45017,-1.79628,29.48436,8.766408909779177,3.265717976993118,0.0
36.63065,23.83821,29.038,1193.01387,-1.84413,29.49799,8.771547092210396,3.2676320851424627,0.0
36.64456,23.84802,28.97977,1188.58647,-1.89187,29.51161,8.77815516249242,3.27009376519131,0.0
36.65841,23.8578,28.92029,1184.16711,-1.93939,29.52522,8.786203671408387,3.273092046531522,0.0
36.67222,23.86754,28.85956,1179.75493,-1.98657,29.53883,8.795659400266526,3.2766145543263794,0.0
36.68596,23.87726,28.7976,1175.34905,-2.03332,29.55242,8.806485421325199,3.2806475320204926,0.0
36.69966,23.88695,28.73446,1170.94859,-2.07954,29.56602,8.818641162360473,3.285175865392928,0.0
36.7133,23.8966,28.67014,1166.55268,-2.12511,29.5796,8.832082476272626,3.290183108487459,0.0
36.72689,23.90623,28.6047,1162.16043,-2.16995,29.59318,8.846761716672075,3.2956515117703136,0.0
36.74042,23.91582,28.53815,1157.77098,-2.21396,29.60675,8.862627820412689,3.3015620528760063,0.0
36.75391,23.92539,28.47053,1153.38343,-2.25704,29.62031,8.879626398059635,3.307894470308989,0.0
36.76733,23.93492,28.40189,1148.99694,-2.29911,29.63386,8.897699833287948,3.3146273004722366,0.0
36.78071,23.94442,28.33226,1144.61065,-2.34007,29.64741,8.916787392171477,3.321737918380251,0.0
36.79403,23.95389,28.2617,1140.22372,-2.37985,29.66094,8.936825343324147,3.3292025824148466,0.0
36.8073,23.96333,28.19024,1135.83532,-2.41837,29.67447,8.957747089773047,3.3369964834513413,0.0
36.82052,23.97274,28.11793,1131.44466,-2.45556,29.68799,8.979483313396576,3.345093798665569,0.0
36.83368,23.98212,28.04483,1127.05094,-2.49133,29.7015,9.00196213266459,3.353467750296236,0.0
36.84679,23.99146,27.97098,1122.6534,-2.52564,29.715,9.025109274328159,3.362090669603867,0.0
36.85984,24.00078,27.89643,1118.25132,-2.55842,29.72849,9.048848259568695,3.37093406621626,0.0
36.87285,24.01006,27.82124,1113.84399,-2.58962,29.74197,9.073100604974742,3.3799687029976253,0.0
36.8858,24.01931,27.74547,1109.43074,-2.61918,29.75545,9.097786038600635,3.389164676536119,0.0
36.89869,24.02853,27.66917,1105.01091,-2.64707,29.76891,9.122822731129395,3.398491503258109,0.0
36.91154,24.03772,27.59239,1100.58392,-2.67325,29.78235,9.148127542022523,3.4079182111254456,0.0
36.92433,24.04688,27.51519,1096.14919,-2.69769,29.79579,9.173616280338853,3.417413436797346,0.0
36.93706,24.05601,27.43763,1091.70621,-2.72036,29.80922,9.199203979667999,3.4269455280503407,0.0
36.94974,24.0651,27.35977,1087.25448,-2.74125,29.82263,9.224805186459681,3.4364826511885327,0.0
36.96237,24.07416,27.28166,1082.79356,-2.76034,29.83603,9.250334260757077,3.4459929030746843,0.0
36.97495,24.08319,27.20335,1078.32308,-2.77763,29.84942,9.275705688188767,3.4554444273554217,0.0
36.98747,24.09219,27.12491,1073.84267,-2.79313,29.8628,9.300834401777829,3.4648055343435944,0.0
36.99994,24.10115,27.04639,1069.35204,-2.80684,29.87616,9.325636112009162,3.474044823977037,0.0
37.01235,24.11008,26.96783,1064.85094,-2.81878,29.8895,9.350027643302576,3.4831313111636466,0.0
37.02471,24.11898,26.8893,1060.33918,-2.82896,29.90284,9.37392727492656,3.4920345527807344,0.0
37.03701,24.12785,26.81085,1055.81662,-2.83743,29.91615,9.397255084172224,3.500724775516346,0.0
37.04927,24.13669,26.73252,1051.28316,-2.84421,29.92946,9.419933289477902,3.509173003692204,0.0
37.06146,24.14549,26.65437,1046.73875,-2.84935,29.94274,9.441886591056178,3.5173511861562408,0.0
37.0736,24.15425,26.57644,1042.18343,-2.8529,29.95602,9.46304250650837,3.5252323213078185,0.0
37.08569,24.16299,26.49877,1037.61724,-2.85491,29.96927,9.483331698794249,3.5327905792750864,0.0
37.09773,24.17169,26.42141,1033.04032,-2.85545,29.98251,9.502688293953666,3.5400014202746397,0.0
37.1097,24.18036,26.3444,1028.45283,-2.85458,29.99573,9.521050185910228,3.546841708158914,0.0
37.12163,24.18899,26.26777,1023.85499,-2.85237,30.00894,9.538359325793834,3.5532898181964367,0.0
37.1335,24.19759,26.19156,1019.24708,-2.84892,30.02212,9.554561993238504,3.559325738137414,0.0
37.14531,24.20616,26.1158,1014.62943,-2.84429,30.03529,9.569609047241,3.5649311616651636,0.0
37.15707,24.21469,26.04053,1010.0024,-2.83859,30.04845,9.583456154328948,3.570089573394738,0.0
37.16877,24.22319,25.96576,1005.36642,-2.8319,30.06158,9.596063991939737,3.574786324636929,0.0
37.18042,24.23165,25.89152,1000.72194,-2.82432,30.07469,9.607398425130667,3.579008699227437,0.0
37.19201,24.24008,25.81784,996.06948,-2.81596,30.08779,9.617430654999529,3.5827459688174423,0.0
