0.05177,0.05177,58.27273,5476.44563,-0.52196,45.00011,3.0273378480976767,1.1277630024690781,0.0
0.10353,0.10353,58.19635,5474.87991,-0.54349,45.00028,3.0582812706602858,1.1392902415440977,0.0
0.15527,0.15527,58.11695,5473.30183,-0.56458,45.00051,3.090844541278608,1.1514209166406377,0.0
0.20699,0.20699,58.03458,5471.71037,-0.5852,45.0008,3.125041655573884,1.1641602414958578,0.0
0.2587,0.25871,57.94932,5470.10449,-0.60532,45.00115,3.160886170049482,1.1775132662639551,0.0
0.3104,0.31041,57.86124,5468.48313,-0.62492,45.00157,3.1983910338923263,1.1914848148577728,0.0
0.36208,0.36209,57.77042,5466.84524,-0.64398,45.00204,3.237568407809133,1.2060794174605303,0.0
0.41375,0.41376,57.67694,5465.18972,-0.66246,45.00258,3.2784294694518246,1.22130123804167,0.0
0.4654,0.46542,57.58088,5463.5155,-0.68034,45.00318,3.320984205069932,1.2371539967418959,0.0
0.51703,0.51706,57.48235,5461.82146,-0.69759,45.00383,3.3652411870822068,1.2536408870127478,0.0
0.56865,0.56869,57.38142,5460.10649,-0.71419,45.00455,3.4112073373489253,1.270764487429303,0.0
0.62025,0.6203,57.27821,5458.36948,-0.73011,45.00533,3.4588876760458787,1.2885266681391332,0.0
0.67183,0.6719,57.1728,5456.60927,-0.74533,45.00616,3.5082850561434356,1.3069284919487663,0.0
0.7234,0.72348,57.0653,5454.82474,-0.75981,45.00706,3.559399883663134,1.3259701101119084,0.0
0.77495,0.77505,56.95583,5453.01474,-0.77353,45.00802,3.61222982403282,1.3456506529390055,0.0
0.82648,0.82661,56.84449,5451.17811,-0.78646,45.00903,3.666769495061639,1.3659681154223513,0.0
0.878,0.87814,56.7314,5449.3137,-0.79859,45.01011,3.723010147274783,1.3869192381523663,0.0
0.9295,0.92967,56.61668,5447.42036,-0.80987,45.01124,3.7809393325667537,1.4084993838822237,0.0
0.98098,0.98118,56.50045,5445.49692,-0.82029,45.01244,3.8405405624227305,1.4307024102063137,0.0
1.03244,1.03267,56.38285,5443.54225,-0.82982,45.01369,3.9017929572258914,1.453520538917994,0.0
1.08388,1.08414,56.26399,5441.55519,-0.83843,45.015,3.9646708884807307,1.4769442227283625,0.0
1.1353,1.1356,56.14401,5439.53461,-0.8461,45.01637,4.029143616138911,1.5009620101605947,0.0
1.18671,1.18705,56.02306,5437.47939,-0.8528,45.0178,4.095174923526066,1.5255604095505704,0.0
1.23809,1.23848,55.90127,5435.38842,-0.85851,45.01928,4.162722752787699,1.5507237532408809,0.0
1.28945,1.28989,55.77879,5433.26062,-0.86321,45.02083,4.23173884412374,1.5764340631862093,0.0
1.34079,1.34128,55.65576,5431.09493,-0.86687,45.02243,4.302168382475888,1.6026709193350661,0.0
1.39211,1.39266,55.53234,5428.89029,-0.86947,45.02409,4.373949655743117,1.6294113323060775,0.0
1.44341,1.44402,55.40867,5426.64572,-0.871,45.0258,4.44701372899103,1.6566296220223922,0.0
1.49469,1.49536,55.28492,5424.36023,-0.87143,45.02757,4.5212841394583965,1.6842973040935956,0.0
1.54594,1.54668,55.16123,5422.03289,-0.87074,45.0294,4.596676617586544,1.712382985891817,0.0
1.59718,1.59799,55.03778,5419.66283,-0.86892,45.03129,4.673098839554609,1.7408522743645987,0.0
1.64838,1.64927,54.91472,5417.24921,-0.86595,45.03323,4.750450217120544,1.769667697745142,0.0
1.69957,1.70054,54.79222,5414.79124,-0.86182,45.03523,4.828621730773482,1.7987886433971738,0.0
1.75073,1.75179,54.67044,5412.2882,-0.85652,45.03728,4.907495812360415,1.8281713140902929,0.0
1.80186,1.80302,54.54956,5409.73944,-0.85003,45.03939,4.986946283409882,1.8577687050239255,0.0
1.85297,1.85423,54.42973,5407.14437,-0.84235,45.04155,5.066838355362801,1.8875306039133137,0.0
1.90406,1.90542,54.31114,5404.50248,-0.83347,45.04377,5.1470286977679,1.9174036163941062,0.0
1.95512,1.95658,54.19394,5401.81335,-0.82339,45.04604,5.227365580251611,1.9473312189098837,0.0
2.00615,2.00773,54.07832,5399.07663,-0.81211,45.04837,5.307689093673102,1.977253841098222,0.0
2.05716,2.05886,53.96443,5396.29207,-0.79963,45.05075,5.387831455357205,2.007108979497995,0.0
2.10813,2.10996,53.85244,5393.45952,-0.78595,45.05319,5.46761740259055,2.0368313441370325,0.0
2.15908,2.16104,53.74254,5390.57893,-0.77109,45.05568,5.546864677775155,2.066353039264599,0.0
2.21,2.2121,53.63487,5387.65035,-0.75504,45.05822,5.625384607596215,2.0956037791066366,0.0
2.26089,2.26314,53.5296,5384.67395,-0.73783,45.06081,5.70298277747531,2.1245111391173293,0.0
2.31176,2.31415,53.4269,5381.64999,-0.71946,45.06346,5.779459801275416,2.153000842714469,0.0
2.36259,2.36514,53.32693,5378.57888,-0.69997,45.06616,5.854612184840758,2.180997082970778,0.0
2.41339,2.4161,53.22983,5375.46114,-0.67936,45.06891,5.9282332804424165,2.208422878170002,0.0
2.46416,2.46705,53.13577,5372.29738,-0.65768,45.07172,6.0001143275911195,2.2352004595370714,0.0
2.5149,2.51796,53.04489,5369.08839,-0.63494,45.07457,6.070045574060051,2.2612516888485814,0.0
2.5656,2.56885,52.95732,5365.83503,-0.61117,45.07748,6.137817469267951,2.2864985029994065,0.0
2.61628,2.61972,52.87322,5362.53833,-0.58643,45.08044,6.2032219204964765,2.3108633819767146,0.0
2.66692,2.67056,52.79271,5359.19941,-0.56073,45.08345,6.266053600867249,2.3342698361158343,0.0
2.71752,2.72137,52.71592,5355.81955,-0.53414,45.08651,6.326111296426781,2.3566429079248343,0.0
2.76813,2.77212,52.64051,5352.40413,-0.54177,45.01262,6.385416842061116,2.3787357840964427,-48.99999916415011
2.81877,2.82278,52.56411,5348.95705,-0.54888,44.93801,6.446084725972607,2.4013361671215687,-48.99999916415011
2.86944,2.87334,52.48681,5345.47744,-0.55547,44.86265,6.5080769017107745,2.4244298836963467,-48.99999916415011
2.92015,2.9238,52.40867,5341.96444,-0.56151,44.78654,6.571347283878486,2.4479997657977655,-48.99999916415011
2.9709,2.97417,52.32978,5338.41719,-0.567,44.70965,6.635846092732165,2.4720272691615577,-48.99999916415011
3.02167,3.02443,52.25022,5334.83489,-0.57192,44.63196,6.7015197338199375,2.496492428444247,-48.99999916415011
3.07248,3.0746,52.17006,5331.21675,-0.57626,44.55347,6.768310687300999,2.521373815991695,-48.99999916415011
3.12333,3.12466,52.08939,5327.56202,-0.58001,44.47415,6.836157408577585,2.5466485048218974,-48.99999916415011
3.17421,3.17463,52.00829,5323.86997,-0.58316,44.39399,6.9049942419069685,2.5722920364431836,-48.99999916415011
3.22513,3.22448,51.92686,5320.13992,-0.5857,44.31298,6.9747513487535535,2.598278394163481,-48.99999916415011
3.27608,3.27424,51.84517,5316.37122,-0.58762,44.23111,7.045354652621362,2.6245799825389677,-48.99999916415011
3.32707,3.32389,51.76332,5312.56326,-0.58891,44.14835,7.11672580217861,2.6511676136370066,-48.99999916415011
3.37809,3.37343,51.68139,5308.71548,-0.58957,44.06471,7.188782154458161,2.678010500777872,-48.99999916415011
3.42915,3.42286,51.59947,5304.82734,-0.58958,43.98017,7.26143677990134,2.7050762604137026,-48.99999916415011
3.48025,3.47219,51.51766,5300.89839,-0.58895,43.89472,7.334598490984679,2.7323309227927197,-48.99999916415011
3.53138,3.5214,51.43604,5296.9282,-0.58767,43.80835,7.40817189609744,2.759738952030018,-48.99999916415011
3.58255,3.5705,51.35471,5292.91639,-0.58573,43.72106,7.482057480246523,2.787263276172271,-48.99999916415011
3.63375,3.61949,51.27375,5288.86267,-0.58313,43.63284,7.5561517140514605,2.8148653278012334,-48.99999916415011
3.68499,3.66837,51.19326,5284.76678,-0.57987,43.54369,7.630347192347836,2.8425050956671587,-48.99999916415011
3.73627,3.71713,51.11333,5280.62852,-0.57595,43.4536,7.704532803537602,2.8701411877762526,-48.99999916415011
3.78759,3.76578,51.03404,5276.44776,-0.57138,43.36257,7.778593930625519,2.897730906282034,-48.99999916415011
3.83894,3.81431,50.9555,5272.22444,-0.56615,43.2706,7.852412684638487,2.9252303344401773,-48.99999916415011
3.89033,3.86272,50.87779,5267.95857,-0.56026,43.1777,7.92586817088392,2.9525944357967644,-48.99999916415011
3.94176,3.91101,50.801,5263.65021,-0.55372,43.08386,7.998836788168454,2.9797771656551233,-48.99999916415011
3.99323,3.95918,50.72521,5259.29952,-0.54655,42.98909,8.071192560845727,3.006731594772364,-48.99999916415011
4.04473,4.00722,50.65052,5254.90669,-0.53873,42.89339,8.142807503155128,3.033410045085153,-48.99999916415011
4.09627,4.05515,50.57701,5250.47204,-0.5303,42.79677,8.213552015001332,3.0597642371479976,-48.99999916415011
4.14785,4.10295,50.50477,5245.99592,-0.52124,42.69925,8.283295307935889,3.0857454488225993,-48.99999916415011
4.19947,4.15062,50.43387,5241.47876,-0.51158,42.60082,8.351905859704816,3.1113046846087884,-48.99999916415011
4.25112,4.19817,50.3644,5236.92111,-0.50133,42.50151,8.419251895351678,3.1363928548680877,-48.99999916415011
4.30281,4.24558,50.29643,5232.32353,-0.4905,42.40132,8.485201892446554,3.160960964034787,-48.99999916415011
4.35454,4.29287,50.23004,5227.68672,-0.4791,42.30028,8.549625107672282,3.18496030678318,-48.99999916415011
4.40631,4.34003,50.16531,5223.01141,-0.46717,42.19839,8.61239212155129,3.2083426709526393,-48.99999916415011
4.45812,4.38706,50.10231,5218.29844,-0.45471,42.09568,8.673375397813476,3.2310605459268724,-48.99999916415011
4.50996,4.43396,50.0411,5213.5487,-0.44174,41.99217,8.732449853554229,3.25306733503278,-48.99999916415011
4.56184,4.48072,49.98175,5208.76317,-0.42828,41.88788,8.789493435984355,3.274317570394986,-48.99999916415011
4.61376,4.52735,49.92431,5203.9429,-0.41437,41.78283,8.844387701420708,3.294767128625078,-48.99999916415011
4.66572,4.57384,49.86886,5199.08901,-0.40001,41.67705,8.897018391852912,3.3143734456078833,-48.99999916415011
4.71771,4.6202,49.81544,5194.20268,-0.38525,41.57056,8.947276004345252,3.3330957286186482,-48.99999916415011
4.76974,4.66642,49.7641,5189.28517,-0.37009,41.4634,8.99505634838147,3.3508951639486537,-48.99999916415011
4.82181,4.7125,49.7149,5184.33779,-0.35458,41.35558,9.040261086251572,3.367735118213504,-48.99999916415011
4.87392,4.75845,49.66787,5179.36193,-0.33873,41.24715,9.082798251600778,3.3835813315262624,-48.99999916415011
4.92606,4.80425,49.62305,5174.35902,-0.32258,41.13813,9.122582741347165,3.3984021007497165,-48.99999916415011
4.97824,4.84991,49.58048,5169.33054,-0.30617,41.02856,9.159536776337458,3.41216845110278,-48.99999916415011
5.03046,4.89544,49.54019,5164.27803,-0.28951,40.91847,9.193590326366134,3.4248542944912885,-48.99999916415011
5.08271,4.94082,49.50221,5159.20308,-0.27264,40.8079,9.224681495422185,3.4364365730225592,-48.99999916415011
5.135,4.98606,49.46655,5154.1073,-0.2556,40.69687,9.252756863431111,3.4468953863132756,-48.99999916415011
5.18733,5.03115,49.43323,5148.99235,-0.23841,40.58543,9.277771781173694,3.456214101354485,-48.99999916415011
5.23969,5.07611,49.40227,5143.85993,-0.22112,40.47362,9.299690615461996,3.4643794438461173,-48.99999916415011
5.29209,5.12091,49.37368,5138.71174,-0.20376,40.36147,9.318486942258621,3.471381570138982,-48.99999916415011
5.34452,5.16558,49.34745,5133.54953,-0.18635,40.24902,9.334143685890087,3.4772141190954216,-48.99999916415011
5.39698,5.2101,49.32359,5128.37504,-0.16894,40.13631,9.346653203101022,3.4818742434017014,-48.99999916415011
5.44948,5.25448,49.30209,5123.19003,-0.15156,40.02338,9.35601731130966,3.485362620093936,-48.99999916415011
5.50202,5.29871,49.28293,5117.99628,-0.13424,39.91027,9.362247260996835,3.4876834402722494,-48.99999916415011
5.55459,5.3428,49.26611,5112.79554,-0.11702,39.79701,9.365363652738452,3.4888443781932033,-48.99999916415011
5.60719,5.38674,49.2516,5107.58958,-0.09993,39.68364,9.365396300044466,3.4888565401736953,-48.99999916415011
5.65982,5.43053,49.23937,5102.38015,-0.08301,39.57021,9.362384039656282,3.4877343939217575,-48.99999916415011
5.71249,5.47418,49.22941,5097.16899,-0.06629,39.45674,9.356374491533447,3.485495679125273,-48.99999916415011
5.76519,5.51769,49.22167,5091.9578,-0.04981,39.34329,9.347423771236782,3.4821613003071406,-48.99999916415011
5.81792,5.56105,49.21611,5086.74829,-0.03359,39.22988,9.335596157897042,3.4777552031348513,-48.99999916415011
5.87068,5.60426,49.21271,5081.5421,-0.01767,39.11655,9.320963721292587,3.4723042354971136,-48.99999916415011
5.92347,5.64733,49.2114,5076.34086,-0.00208,39.00333,9.303605911996845,3.465837994823001,-48.99999916415011
5.97629,5.69026,49.21214,5071.14616,0.01316,38.89027,9.283609118723604,3.458388663181421,-48.99999916415011
6.02915,5.73304,49.21487,5065.95955,0.028,38.77739,9.261066197343196,3.4499908318272596,-48.99999916415011
6.08203,5.77568,49.21954,5060.78251,0.04243,38.66473,9.236075976065724,3.440681316869106,-48.99999916415011
6.13494,5.81817,49.22609,5055.6165,0.05642,38.55231,9.208742741494857,3.4304989678107742,-48.99999916415011
6.18788,5.86052,49.23446,5050.46291,0.06993,38.44017,9.179175710195866,3.419484470696486,-48.99999916415011
6.24085,5.90272,49.24456,5045.32308,0.08296,38.32834,9.147488490434636,3.4076801475944976,-48.99999916415011
6.29384,5.94479,49.25635,5040.19829,0.09546,38.21684,9.113798538622166,3.3951297541083716,-48.99999916415011
6.34687,5.98671,49.26973,5035.08976,0.10743,38.1057,9.07822661489241,3.381878276565394,-48.99999916415011
6.39991,6.02849,49.28465,5029.99864,0.11884,37.99494,9.040896241998652,3.3679717304412446,-48.99999916415011
6.45299,6.07013,49.30101,5024.92603,0.12967,37.88459,9.001933171520767,3.353456961508148,-48.99999916415011
6.50609,6.11163,49.31873,5019.87296,0.1399,37.77467,8.96146486106946,3.338381451079705,-48.99999916415011
6.55922,6.15299,49.33775,5014.84037,0.14951,37.66519,8.919619965904136,3.322793126625167,-48.99999916415011
6.61237,6.19421,49.35796,5009.82917,0.1585,37.55618,8.876527848031493,3.306740178895749,-48.99999916415011
6.66555,6.23529,49.3793,5004.84018,0.16685,37.44765,8.83231810550089,3.290270886574765,-48.99999916415011
6.71875,6.27623,49.40166,4999.87413,0.17454,37.33963,8.78712012428675,3.2734334493420394,-48.99999916415011
6.77197,6.31704,49.42496,4994.93173,0.18156,37.23211,8.741062654782521,3.2562758301067576,-48.99999916415011
6.82521,6.35771,49.44911,4990.01359,0.18791,37.12511,8.694273414535921,3.2388456070158953,-48.99999916415011
6.87848,6.39824,49.47403,4985.12024,0.19357,37.01865,8.646878718539977,3.2211898357279036,-48.99999916415011
6.93177,6.43864,49.49961,4980.25217,0.19855,36.91273,8.599003138054016,3.203354922314548,-48.99999916415011
6.98509,6.47891,49.52577,4975.40979,0.20283,36.80736,8.55076918855233,3.1853865070135776,-48.99999916415011
7.03842,6.51904,49.55242,4970.59344,0.20641,36.70254,8.50229704714443,3.167329358960336,-48.99999916415011
7.09177,6.55904,49.57946,4965.80339,0.20929,36.59828,8.453704299477737,3.149227281902354,-48.99999916415011
7.14515,6.59891,49.6068,4961.03987,0.21147,36.49458,8.405105715880065,3.1311230308065285,-48.99999916415011
7.19854,6.63865,49.63436,4956.30301,0.21294,36.39144,8.35661305624837,3.113058239175058,-48.99999916415011
7.25196,6.67826,49.66203,4951.59291,0.21372,36.28886,8.308334902989953,3.0950733568116346,-48.99999916415011
7.30539,6.71774,49.68974,4946.9096,0.2138,36.18684,8.260376521091183,3.0772075976933713,-48.99999916415011
7.35884,6.75709,49.71738,4942.25305,0.21318,36.08538,8.212839744243524,3.059498897549743,-48.99999916415011
7.41231,6.79631,49.74487,4937.62316,0.21187,35.98447,8.16582288583501,3.041983880704573,-48.99999916415011
7.4658,6.83541,49.77213,4933.01979,0.20988,35.8841,8.119420673424461,3.024697835665956,-48.99999916415011
7.51931,6.87438,49.79906,4928.44274,0.20722,35.78427,8.073724205336317,3.0076746989566847,-48.99999916415011
7.57283,6.91323,49.82557,4923.89178,0.20389,35.68498,8.028820927801192,2.9909470465985124,-48.99999916415011
7.62633,6.952,49.85469,4919.36115,0.24798,35.69172,7.981298983964409,2.973243872141716,0.0
7.67979,6.99075,49.8894,4914.84771,0.2911,35.6985,7.927866823191614,2.9533389863690878,0.0
7.73318,7.02947,49.92955,4910.35492,0.33315,35.70532,7.868815576146373,2.9313408431129155,0.0
7.78652,7.06816,49.975,4905.88614,0.37403,35.71218,7.80445577250045,2.9073651228464588,0.0
7.83981,7.10684,50.02557,4901.44454,0.41366,35.71907,7.735115119343293,2.8815339050830295,0.0
7.89305,7.14549,50.0811,4897.03314,0.45194,35.726,7.661135403576425,2.8539745144363997,0.0
7.94623,7.18411,50.14139,4892.65479,0.4888,35.73296,7.582869394158757,2.8248183666256734,0.0
7.99936,7.22271,50.20625,4888.31214,0.52416,35.73997,7.500677788576571,2.7941998309550127,0.0
8.05244,7.26129,50.27548,4884.00769,0.55795,35.74701,7.414926244222081,2.7622551244240423,0.0
8.10546,7.29985,50.34886,4879.74372,0.59012,35.75409,7.325982531009693,2.729121251002487,0.0
8.15844,7.33838,50.42618,4875.52232,0.62061,35.7612,7.234213836716607,2.6949349977986463,0.0
8.21136,7.37689,50.50721,4871.34542,0.64937,35.76836,7.13998425144497,2.6598319979553566,0.0
8.26423,7.41538,50.59173,4867.21473,0.67636,35.77555,7.043652452271194,2.623945868120943,0.0
8.31705,7.45385,50.6795,4863.13177,0.70155,35.78279,6.945569603974754,2.587407426415463,0.0
8.36982,7.4923,50.77028,4859.0979,0.7249,35.79006,6.846077486572159,2.5503439948878373,0.0
8.42254,7.53072,50.86384,4855.11427,0.74638,35.79737,6.745506855627207,2.512878788688285,0.0
8.47521,7.56913,50.95994,4851.18187,0.76599,35.80472,6.6441760367999,2.475130392500809,0.0
8.52784,7.60752,51.05832,4847.30152,0.78371,35.81212,6.5423897521216885,2.437212323299842,0.0
8.58041,7.64589,51.15876,4843.47386,0.79954,35.81955,6.440438171935357,2.3992326771729147,0.0
8.63294,7.68424,51.261,4839.6994,0.81346,35.82702,6.338596183432319,2.3612938568315442,0.0
8.68543,7.72257,51.36481,4835.97849,0.82549,35.83454,6.237122864272826,2.3234923755209187,0.0
8.73786,7.76088,51.46994,4832.31131,0.83563,35.84209,6.136261147731132,2.2859187322776577,0.0
8.79025,7.79918,51.57615,4828.69796,0.84389,35.84969,6.0362376644484765,2.248657352978632,0.0
8.8426,7.83746,51.68321,4825.13836,0.85029,35.85733,5.937262744792911,2.211786591220067,0.0
8.8949,7.87572,51.79089,4821.63236,0.85485,35.86501,5.839530565299878,2.175378782870507,0.0
8.94716,7.91397,51.89894,4818.17966,0.85758,35.87274,5.743219422471635,2.139500348068306,0.0
8.99937,7.9522,52.00715,4814.77988,0.85852,35.8805,5.648492117344722,2.1042119344831285,0.0
9.05155,7.99042,52.1153,4811.43256,0.8577,35.88832,5.555496434659614,2.069568595819252,0.0
9.10368,8.02863,52.22315,4808.13712,0.85514,35.89617,5.464365701129563,2.0356199997854,0.0
9.15577,8.06682,52.3305,4804.89292,0.85088,35.90407,5.37521940811272,2.00241066005649,0.0
9.20781,8.10499,52.43714,4801.69926,0.84496,35.91201,5.288163885007477,1.969980187131118,0.0
9.25982,8.14316,52.54286,4798.55534,0.8374,35.92,5.2032930107104285,1.938363553368368,0.0
9.31179,8.18131,52.64747,4795.46034,0.82826,35.92803,5.120688951630729,1.9075913679175796,0.0
9.36372,8.21945,52.75076,4792.41336,0.81757,35.93611,5.040422915922619,1.877690157689804,0.0
9.41561,8.25758,52.85255,4789.41347,0.80537,35.94424,4.962555914707879,1.848682650933206,0.0
9.46746,8.29569,52.95266,4786.45968,0.79171,35.95241,4.887139522249022,1.8205880604175715,0.0
9.51927,8.3338,53.05091,4783.55098,0.77664,35.96062,4.8142166280814855,1.7934223636233422,0.0
9.57105,8.3719,53.14712,4780.68632,0.76018,35.96888,4.743822175170999,1.767198577724657,0.0
9.62279,8.40998,53.24113,4777.86461,0.7424,35.97719,4.675983879145817,1.7419270275222842,0.0
9.67449,8.44806,53.33279,4775.08475,0.72334,35.98555,4.61072292451163,1.7176156048019897,0.0
9.72616,8.48613,53.42193,4772.34562,0.70303,35.99395,4.548054634633558,1.694270017920463,0.0
9.77779,8.52419,53.50841,4769.64607,0.68154,36.0024,4.487989112960223,1.6718940306781547,0.0
9.82939,8.56224,53.59208,4766.98494,0.65891,36.01089,4.430531853667116,1.6504896897999946,0.0
9.88095,8.60029,53.67282,4764.36105,0.63517,36.01944,4.375684320456728,1.630057540553673,0.0
9.93248,8.63833,53.75049,4761.77322,0.61039,36.02803,4.32344449277377,1.6105968302291809,0.0
9.98398,8.67636,53.82496,4759.22025,0.58461,36.03667,4.273807379128883,1.592105699365398,0.0
10.03544,8.71438,53.89613,4756.70093,0.55787,36.04536,4.226765497598384,1.5745813607488914,0.0
10.08687,8.7524,53.96387,4754.21405,0.53022,36.0541,4.182309323871301,1.558020266323224,0.0
10.13826,8.79041,54.02808,4751.7584,0.50171,36.06288,4.1404277074764755,1.5424182622445028,0.0
10.18963,8.82842,54.08866,4749.33275,0.47239,36.07171,4.101108257010421,1.5277707323888918,0.0
10.24096,8.86642,54.14552,4746.93587,0.44229,36.0806,4.064337695349873,1.514072730678633,0.0
10.29226,8.90441,54.19856,4744.56652,0.41147,36.08953,4.030102185948165,1.5013191026360313,0.0
10.34352,8.9424,54.24771,4742.22348,0.37998,36.09851,3.998387631377627,1.4895045965983538,0.0
10.39476,8.98039,54.29289,4739.90551,0.34785,36.10754,3.969179945327475,1.4786239650442006,0.0
10.44596,9.01837,54.33402,4737.61135,0.31514,36.11662,3.9424652992965954,1.4686720564930573,0.0
10.49714,9.05635,54.37104,4735.33977,0.28188,36.12575,3.9182303451862714,1.4596438984269418,0.0
10.54828,9.09433,54.40389,4733.08951,0.24813,36.13493,3.8964624149755624,1.4515347716747387,0.0
10.5994,9.1323,54.43251,4730.85931,0.21393,36.14415,3.87714969863099,1.4443402766882356,0.0
10.65048,9.17027,54.45687,4728.64792,0.17933,36.15343,3.860281401310424,1.4380563921047107,0.0
10.70153,9.20823,54.4769,4726.45407,0.14436,36.16276,3.8458478808617644,1.4326795259688063,0.0
10.75256,9.24619,54.49258,4724.27649,0.10907,36.17213,3.8338407665258507,1.4282065599524862,0.0
10.80355,9.28416,54.50387,4722.11389,0.07352,36.18156,3.824253059657773,1.4246348868763774,0.0
10.85452,9.32211,54.51075,4719.96499,0.03773,36.19104,3.8170792171792356,1.4219624417979664,0.0
10.90545,9.36007,54.51319,4717.8285,0.00176,36.20057,3.812315218358726,1.4201877268889738,0.0
10.95636,9.39802,54.51118,4715.7031,-0.03436,36.21014,3.809958615417446,1.4193098302873917,0.0
11.00724,9.43597,54.5047,4713.5875,-0.07057,36.21977,3.8100085683318436,1.4193284390623446,0.0
11.05809,9.47392,54.49376,4711.48035,-0.10683,36.22945,3.8124658640922418,1.420243846388436,0.0
11.10891,9.51187,54.47835,4709.38032,-0.14311,36.23917,3.817332920551654,1.4220569529795297,0.0
11.1597,9.54982,54.45848,4707.28607,-0.17934,36.24895,3.8246137748869926,1.4247692627902504,0.0
11.21046,9.58777,54.43415,4705.19622,-0.2155,36.25877,3.8343140565697045,1.4283828729468324,0.0
11.26119,9.62571,54.40539,4703.10939,-0.25154,36.26865,3.846440944625189,1.4329004578251283,0.0
11.31189,9.66366,54.37222,4701.0242,-0.2874,36.27858,3.8610031088440517,1.4383252471502557,0.0
11.36257,9.7016,54.33466,4698.93923,-0.32306,36.28855,3.878010634499326,1.4446609979517773,0.0
11.41322,9.73954,54.29275,4696.85305,-0.35845,36.29858,3.897474930000542,1.4519119601624169,0.0
11.46383,9.77748,54.24652,4694.76421,-0.39354,36.30865,3.919408616825273,1.4600828356146627,0.0
11.51442,9.81542,54.19602,4692.67126,-0.42829,36.31878,3.943825400961469,1.4691787301496513,0.0
11.56498,9.85336,54.1413,4690.5727,-0.46264,36.32895,3.970739925002505,1.4792050985186846,0.0
11.61551,9.8913,54.08242,4688.46702,-0.49655,36.33917,4.000167599955142,1.4901676817272698,0.0
11.66601,9.92923,54.01943,4686.35271,-0.52997,36.34945,4.0321244157484255,1.5020724364446965,0.0
11.71648,9.96717,53.9524,4684.22822,-0.56287,36.35977,4.0666267293774245,1.5149254560820062,0.0
11.76693,10.00511,53.88141,4682.09198,-0.59518,36.37014,4.103691029570017,1.5287328831241775,0.0
11.81734,10.04304,53.80652,4679.9424,-0.62687,36.38056,4.143333676833768,1.5435008122907499,0.0
11.86772,10.08097,53.72783,4677.77788,-0.65788,36.39103,4.185570617757709,1.5592351841057177,0.0
11.91808,10.11891,53.64542,4675.59678,-0.68817,36.40154,4.230417072443183,1.5759416684572956,0.0
11.9684,10.15684,53.55939,4673.39745,-0.71769,36.41211,4.2778871940042436,1.5936255377528599,0.0
12.01869,10.19477,53.46984,4671.17823,-0.74639,36.42272,4.327993699157192,1.6122915293038294,0.0
12.06896,10.2327,53.37688,4668.93742,-0.77423,36.43338,4.3807474690376225,1.6319436966195129,0.0
12.11919,10.27063,53.28062,4666.67332,-0.80115,36.44409,4.436157119554865,1.6525852493528348,0.0
12.16939,10.30856,53.18117,4664.3842,-0.82711,36.45484,4.49422854078078,1.6742183817105387,0.0
12.21956,10.34648,53.07866,4662.06833,-0.85205,36.46565,4.554964405152534,1.6968440892457861,0.0
12.2697,10.38441,52.97323,4659.72396,-0.87593,36.4765,4.618363644570556,1.7204619740633835,0.0
12.3198,10.42233,52.86501,4657.34933,-0.8987,36.48739,4.684420896839634,1.7450700386045266,0.0
12.36988,10.46025,52.75413,4654.94266,-0.92031,36.49834,4.753125922355639,1.770664468347257,0.0
12.41992,10.49816,52.64076,4652.50218,-0.94071,36.50933,4.824462992419162,1.797239403937198,0.0
12.46993,10.53608,52.52504,4650.02612,-0.95985,36.52036,4.898410251154406,1.824786703485552,0.0
12.5199,10.57399,52.40713,4647.5127,-0.97768,36.53144,4.974939053640808,1.8532956960057168,0.0
12.56984,10.6119,52.28719,4644.96015,-0.99416,36.54257,5.054013283578675,1.882752927225779,0.0
12.61975,10.64981,52.1654,4642.36672,-1.00925,36.55374,5.135588654606389,1.913141899310792,0.0
12.66962,10.68771,52.04194,4639.73066,-1.02288,36.56495,5.219612000220298,1.9444428063392505,0.0
12.71946,10.72561,51.91699,4637.05024,-1.03503,36.57621,5.306020558167587,1.9766322677206067,0.0
12.76926,10.76351,51.79072,4634.32379,-1.04564,36.58752,5.39474125614204,2.009683062098146,0.0
12.81903,10.8014,51.66334,4631.54962,-1.05467,36.59886,5.485690006593798,2.043563864647072,0.0
12.86876,10.83928,51.53504,4628.72612,-1.06208,36.61025,5.578771019521277,2.0782389910714056,0.0
12.91845,10.87717,51.40601,4625.85172,-1.06784,36.62168,5.673876143084968,2.113668151965284,0.0
12.9681,10.91504,51.27648,4622.92489,-1.0719,36.63316,5.770884242933213,2.1498062215954783,0.0
13.01772,10.95291,51.14664,4619.94417,-1.07423,36.64468,5.869660632056156,2.1866030255069893,0.0
13.0673,10.99078,51.01671,4616.90817,-1.07481,36.65623,5.970056563876338,2.224003151685954,0.0
13.11684,11.02863,50.8869,4613.81559,-1.07359,36.66783,6.071908802044533,2.26194579029728,0.0
13.16634,11.06649,50.75744,4610.66521,-1.07055,36.67947,6.17503928101667,2.3003646072406143,0.0
13.21579,11.10433,50.62855,4607.45589,-1.06568,36.69115,6.279254871935901,2.339187656935254,0.0
13.26521,11.14217,50.50044,4604.18662,-1.05894,36.70287,6.384347268484487,2.378337339796974,0.0
13.31459,11.17999,50.37335,4600.85651,-1.05033,36.71462,6.490093007353799,2.4177304098636347,0.0
13.36392,11.21781,50.24751,4597.46477,-1.03984,36.72642,6.596253637507102,2.457278037850029,0.0
13.41321,11.25562,50.12313,4594.01077,-1.02745,36.73825,6.702576051713953,2.4968859346531644,0.0
13.46245,11.29342,50.00045,4590.49402,-1.01317,36.75012,6.808792992655931,2.5364545398899665,0.0
13.51166,11.33121,49.87969,4586.91415,-0.997,36.76203,6.914623744377346,2.5758792794808585,0.0
13.56082,11.36898,49.76099,4583.27119,-0.98056,36.75354,7.019870931406406,2.615086625869337,-8.999999846476552
13.60995,11.40673,49.64446,4579.56524,-0.96227,36.74476,7.124332147639101,2.6540011774560335,-8.999999846476552
13.65904,11.44444,49.53034,4575.79636,-0.94215,36.73569,7.227703390256093,2.6925096851919488,-8.999999846476552
13.70811,11.48212,49.41882,4571.96478,-0.92023,36.72633,7.329670942606485,2.7304952813702417,-8.999999846476552
13.75714,11.51977,49.31012,4568.07092,-0.89653,36.71668,7.429913230417983,2.7678381711133544,-8.999999846476552
13.80613,11.55739,49.20446,4564.11539,-0.87109,36.70676,7.528102545182286,2.804416274379416,-8.999999846476552
13.85509,11.59497,49.10203,4560.099,-0.84394,36.69655,7.6239069505868375,2.8401059361582277,-8.999999846476552
13.90401,11.63252,49.00303,4556.02273,-0.81513,36.68608,7.716992359431263,2.874782700177287,-8.999999846476552
13.9529,11.67004,48.90764,4551.8878,-0.78471,36.67535,7.807024764271023,2.9083221398752395,-8.999999846476552
14.00175,11.70752,48.81607,4547.6956,-0.75275,36.66436,7.893672600966108,2.9406007388859514,-8.999999846476552
14.05056,11.74496,48.72846,4543.44773,-0.7193,36.65312,7.976609220305365,2.971496811783614,-8.999999846476552
14.09933,11.78237,48.64501,4539.14597,-0.68443,36.64165,8.055515439167143,3.0008914544571947,-8.999999846476552
14.14807,11.81975,48.56585,4534.79233,-0.64823,36.62996,8.130082139312213,3.028669512229194,-8.999999846476552
14.19677,11.85708,48.49114,4530.38898,-0.61077,36.61806,8.200012879092073,3.0547205527856938,-8.999999846476552
14.24543,11.89438,48.42102,4525.93829,-0.57214,36.60595,8.265026481151446,3.0789398301636313,-8.999999846476552
14.29405,11.93163,48.3556,4521.44278,-0.53243,36.59366,8.324859557739726,3.1012292254957594,-8.999999846476552
14.34263,11.96885,48.295,4516.90517,-0.49175,36.58121,8.379268934589923,3.1214981499693217,-8.999999846476552
14.39117,12.00603,48.23933,4512.32831,-0.45019,36.56859,8.428033934609342,3.139664395560927,-8.999999846476552
14.43967,12.04317,48.18867,4507.7152,-0.40787,36.55584,8.470958483806388,3.155654919549689,-8.999999846476552
14.48812,12.08027,48.14309,4503.06898,-0.36489,36.54297,8.507873003971637,3.1694065495907253,-8.999999846476552
14.53654,12.11732,48.10265,4498.39289,-0.32136,36.52999,8.538636059716895,3.180866597280545,-8.999999846476552
14.58491,12.15434,48.06741,4493.69028,-0.27741,36.51693,8.56313573132397,3.1899933695793363,-8.999999846476552
14.63324,12.19131,48.03739,4488.96457,-0.23315,36.50379,8.58129068956145,3.1967565692084987,-8.999999846476552
14.68153,12.22824,48.01261,4484.21927,-0.18869,36.49061,8.593050953877176,3.2011375770972834,-8.999999846476552
14.72978,12.26513,47.99309,4479.45792,-0.14417,36.4774,8.598398321233198,3.2031296121351045,-8.999999846476552
14.77798,12.30197,47.97879,4474.6841,-0.0997,36.46417,8.597346458966454,3.20273776576458,-8.999999846476552
14.82615,12.33878,47.96972,4469.90141,-0.05541,36.45096,8.589940661353518,3.1999789112954993,-8.999999846476552
14.87426,12.37554,47.96581,4465.11343,-0.0114,36.43776,8.576257275886052,3.194881490177328,-8.999999846476552
14.92234,12.41226,47.96703,4460.32373,0.03219,36.42462,8.55640281130196,3.1874851797173505,-8.999999846476552
14.97037,12.44893,47.9733,4455.53584,0.07525,36.41153,8.530512745149604,3.1778404488669594,-8.999999846476552
15.01836,12.48556,47.98456,4450.75325,0.11767,36.39853,8.498750053843866,3.1660080106288655,-8.999999846476552
15.0663,12.52215,48.00069,4445.97935,0.15934,36.38562,8.461303492693052,3.1520581813218658,-8.999999846476552
15.1142,12.5587,48.02161,4441.21747,0.20014,36.37283,8.418385657126723,3.136070158337193,-8.999999846476552
15.16205,12.59521,48.04719,4436.47083,0.23998,36.36018,8.370230859255305,3.1181312291011025,-8.999999846476552
15.20987,12.63167,48.07731,4431.74255,0.27876,36.34767,8.317092855937931,3.0983359247203675,-8.999999846476552
15.25764,12.6681,48.11183,4427.03562,0.31637,36.33532,8.259242465593934,3.0767851321818496,-8.999999846476552
15.30536,12.70448,48.1506,4422.35289,0.35274,36.32316,8.196965111281845,3.0535851790847857,-8.999999846476552
15.35304,12.74082,48.19345,4417.69709,0.38778,36.31118,8.130558326898502,3.028846904634336,-8.999999846476552
15.40068,12.77712,48.24024,4413.07079,0.42141,36.29941,8.06032926199842,3.0026847301211474,-8.999999846476552
15.44828,12.81338,48.29077,4408.4764,0.45355,36.28785,7.98659221863397,2.9752157413295133,-8.999999846476552
15.49583,12.8496,48.34487,4403.91617,0.48415,36.27653,7.909666250990515,2.946558794338302,-8.999999846476552
15.54334,12.88578,48.40234,4399.39221,0.51314,36.26544,7.8298728554392,2.916833655004845,-8.999999846476552
15.5908,12.92192,48.463,4394.90643,0.54046,36.25459,7.747533775205552,2.8861601811462223,-8.999999846476552
15.63823,12.95803,48.52664,4390.46059,0.56607,36.24401,7.662968940123199,2.854657555043323,-8.999999846476552
15.68561,12.99409,48.59306,4386.0563,0.58993,36.23368,7.5764945581615795,2.822443572484695,-8.999999846476552
15.73295,13.03012,48.66205,4381.69498,0.612,36.22363,7.488421371597106,2.7896339931444225,-8.999999846476552
15.78025,13.06612,48.73339,4377.37789,0.63224,36.21385,7.399053086960678,2.7563419556962656,-8.999999846476552
15.82751,13.10207,48.80688,4373.10615,0.65064,36.20435,7.308684984366551,2.7226774597520733,-8.999999846476552
15.87472,13.138,48.8823,4368.88069,0.66718,36.19513,7.217602708479785,2.688746915465342,-8.999999846476552
15.9219,13.17389,48.95943,4364.70232,0.68184,36.1862,7.126081240385093,2.6546527605253156,-8.999999846476552
15.96903,13.20974,49.03805,4360.57169,0.69461,36.17755,7.0343840468902314,2.620493143250112,-8.999999846476552
16.01613,13.24556,49.11794,4356.4893,0.70549,36.1692,6.942762401517762,2.5863616696382916,-8.999999846476552
16.06319,13.28135,49.1989,4352.45551,0.71449,36.16113,6.851454869379504,2.552347211471031,-8.999999846476552
16.1102,13.31711,49.2807,4348.47057,0.7216,36.15335,6.760686946614345,2.518533771993226,-8.999999846476552
16.15718,13.35283,49.36312,4344.53459,0.72685,36.14587,6.670670843752383,2.4850004052109353,-8.999999846476552
16.20412,13.38853,49.44596,4340.64756,0.73024,36.13867,6.581605401469835,2.451821184507861,-8.999999846476552
16.25102,13.4242,49.52901,4336.80938,0.73179,36.13176,6.493676126636507,2.4190652160739856,-8.999999846476552
16.29788,13.45983,49.61206,4333.01981,0.73153,36.12512,6.40705533619622,2.3867966925048147,-8.999999846476552
16.34471,13.49544,49.69491,4329.27854,0.72948,36.11877,6.321902396384647,2.3550749819163137,-8.999999846476552
16.3915,13.53102,49.77735,4325.58516,0.72566,36.11269,6.238364044952942,2.3239547479816913,-8.999999846476552
16.43825,13.56658,49.85919,4321.93916,0.72012,36.10689,6.1565747843886625,2.293486096416536,-8.999999846476552
16.48497,13.6021,49.94024,4318.33997,0.71288,36.10135,6.076657334630997,2.2637147436271494,-8.999999846476552
16.53165,13.6376,50.02031,4314.78694,0.70399,36.09607,5.99872313440765,2.234682203471733,-8.999999846476552
16.57829,13.67308,50.09922,4311.27934,0.69347,36.09105,5.922872880993602,2.2064259883347206,-8.999999846476552
16.6249,13.70853,50.17679,4307.81638,0.68138,36.08628,5.849197098973285,2.178979821005659,-8.999999846476552
16.67147,13.74396,50.25285,4304.39723,0.66774,36.08176,5.77777672941519,2.152373854162249,-8.999999846476552
16.71801,13.77936,50.32723,4301.02098,0.65262,36.07747,5.708683731656704,2.1266348945510303,-8.999999846476552
16.76452,13.81475,50.39977,4297.68669,0.63605,36.07342,5.641981690728902,2.1017866292691023,-8.999999846476552
16.81099,13.8501,50.4703,4294.39337,0.61808,36.06959,5.57772642428449,2.0778498518607473,-8.999999846476552
16.85743,13.88544,50.53869,4291.13998,0.59875,36.06598,5.515966583626124,2.054842686216299,-8.999999846476552
16.90383,13.92076,50.60478,4287.92545,0.57813,36.06258,5.456744244202264,2.0327808065473807,-8.999999846476552
16.95021,13.95605,50.66844,4284.74868,0.55625,36.05938,5.400095481625751,2.0116776519689807,-8.999999846476552
16.99655,13.99133,50.72953,4281.60853,0.53317,36.05638,5.346050929908584,1.9915446344565981,-8.999999846476552
17.04285,14.02659,50.78793,4278.50383,0.50894,36.05357,5.294636319194401,1.9723913391657402,-8.999999846476552
17.08913,14.06182,50.8435,4275.4334,0.4836,36.05093,5.245872990817266,1.9542257163048689,-8.999999846476552
17.13537,14.09704,50.89615,4272.39602,0.45723,36.04848,5.199778387976792,1.9370542639247992,-8.999999846476552
17.18158,14.13224,50.94575,4269.39044,0.42985,36.04618,5.15636652074617,1.9208822011464213,-8.999999846476552
17.22776,14.16742,50.9922,4266.41542,0.40154,36.04405,5.115648404520583,1.9057136314942733,-8.999999846476552
17.27391,14.20259,51.03542,4263.46968,0.37234,36.04206,5.0776324712879015,1.8915516961056968,-8.999999846476552
17.32003,14.23773,51.07529,4260.55192,0.3423,36.04022,5.042324953415031,1.878398716701346,-8.999999846476552
17.36612,14.27286,51.11175,4257.66084,0.31149,36.03851,5.009730239842417,1.866256328277018,-8.999999846476552
17.41218,14.30798,51.14471,4254.79509,0.27995,36.03692,4.979851204770299,1.855125601547927,-8.999999846476552
17.4582,14.34308,51.17409,4251.95335,0.24773,36.03545,4.952689509059208,1.8450071552283196,-8.999999846476552
17.5042,14.37816,51.19984,4249.13426,0.2149,36.03409,4.928245874677604,1.8359012582704437,-8.999999846476552
17.55017,14.41322,51.22189,4246.33645,0.1815,36.03283,4.906520332609682,1.8278079222167283,-8.999999846476552
17.59611,14.44828,51.24018,4243.55854,0.1476,36.03166,4.887512444679431,1.8207269838350784,-8.999999846476552
17.64202,14.48331,51.25467,4240.79912,0.11324,36.03057,4.871221499771491,1.814658178216313,-8.999999846476552
17.6879,14.51834,51.26531,4238.0568,0.07847,36.02956,4.85764668493674,1.8096012025154935,-8.999999846476552
17.73375,14.55334,51.27207,4235.33014,0.04337,36.02861,4.846787231854126,1.805555770512813,-8.999999846476552
17.77957,14.58834,51.27492,4232.61771,0.00797,36.02773,4.838642539078137,1.8025216581539925,-8.999999846476552
17.82536,14.62332,51.27383,4229.91806,-0.02767,36.02689,4.8332122704677145,1.800498740217644,-8.999999846476552
17.87113,14.65828,51.26878,4227.22972,-0.06349,36.02609,4.830496430135196,1.7994870182357212,-8.999999846476552
17.91686,14.69323,51.25977,4224.55123,-0.09944,36.02533,4.830495414179597,1.7994866397655291,-8.999999846476552
17.96257,14.72817,51.24678,4221.88108,-0.13547,36.02459,4.833210039413937,1.8004979090914097,-8.999999846476552
18.00825,14.76309,51.22982,4219.21778,-0.17151,36.02387,4.838641549203932,1.8025212893998064,-8.999999846476552
18.0539,14.798,51.2089,4216.5598,-0.20752,36.02315,4.846791596478406,1.8055573964501974,-8.999999846476552
18.09953,14.8329,51.18401,4213.9056,-0.24343,36.02243,4.8576622038865755,1.8096069837326352,-8.999999846476552
18.14512,14.86778,51.15519,4211.25364,-0.27921,36.0217,4.871255700999173,1.8146709190735129,-8.999999846476552
18.19069,14.90265,51.12246,4208.60235,-0.31478,36.02095,4.887574638397452,1.8207501526314562,-8.999999846476552
18.23622,14.93751,51.08584,4205.95015,-0.35009,36.02017,4.906621678418164,1.8278456761969564,-8.999999846476552
18.28173,14.97235,51.04537,4203.29544,-0.3851,36.01935,4.92839946227824,1.835958473692814,-8.999999846476552
18.32722,15.00718,51.0011,4200.6366,-0.41973,36.01848,4.952910453265521,1.8450894627585628,-8.999999846476552
18.37267,15.042,50.95307,4197.97202,-0.45395,36.01756,4.9801567556357025,1.8552394272848167,-8.999999846476552
18.41809,15.0768,50.90134,4195.30006,-0.48769,36.01658,5.0101399088718015,1.8664089407695046,-8.999999846476552
18.46349,15.11159,50.84597,4192.61904,-0.5209,36.01552,5.042860656947095,1.878598280362248,-8.999999846476552
18.50886,15.14637,50.78702,4189.92731,-0.55352,36.01438,5.078318692274891,1.8918073314789108,-8.999999846476552
18.5542,15.18113,50.72456,4187.22317,-0.58549,36.01314,5.1165123740725384,1.9060354828847834,-8.999999846476552
18.59951,15.21587,50.65868,4184.50494,-0.61676,36.01181,5.157438420964331,1.921281512181078,-8.999999846476552
18.6448,15.25061,50.58946,4181.77089,-0.64728,36.01036,5.201091577740245,1.937543461663787,-8.999999846476552
18.69005,15.28532,50.51699,4179.01932,-0.67699,36.00879,5.247464256334405,1.9548185045787188,-8.999999846476552
18.73528,15.32003,50.44136,4176.24849,-0.70583,36.00709,5.296546151302223,1.9731028018766108,-8.999999846476552
18.78048,15.35471,50.36268,4173.45667,-0.73375,36.00526,5.34832383024262,1.9923913496346335,-8.999999846476552
18.82564,15.38939,50.28106,4170.64211,-0.76069,36.00328,5.402780299908651,2.0126778174211806,-8.999999846476552
18.87078,15.42404,50.19661,4167.80307,-0.78661,36.00114,5.459894549065562,2.0339543779984686,-8.999999846476552
18.91589,15.45868,50.10945,4164.93781,-0.81143,35.99883,5.519641069469056,2.056211528874333,-8.999999846476552
18.96097,15.49331,50.01971,4162.04457,-0.83512,35.99635,5.581989356788045,2.0794379063828266,-8.999999846476552
19.00603,15.52792,49.92751,4159.12163,-0.85761,35.99368,5.646903393692769,2.103620093120941,-8.999999846476552
19.05105,15.56251,49.833,4156.16725,-0.87886,35.99082,5.714341117879764,2.12874241977391,-8.999999846476552
19.09604,15.59708,49.73631,4153.17972,-0.89881,35.98776,5.784253878290281,2.154786762542264,-8.999999846476552
19.141,15.63164,49.6376,4150.15732,-0.91742,35.98448,5.856585883423754,2.181732337624078,-8.999999846476552
19.18593,15.66617,49.53702,4147.09839,-0.93462,35.98098,5.931273646223552,2.209555494420314,-8.999999846476552
19.23083,15.70069,49.43472,4144.00126,-0.95039,35.97726,6.008245430692263,2.2382295093844458,-8.999999846476552
19.2757,15.73519,49.33087,4140.86431,-0.96466,35.9733,6.087420706068419,2.2677243826889355,-8.999999846476552
19.32053,15.76967,49.22563,4137.68595,-0.97739,35.96909,6.168709615104135,2.2980066401446613,-8.999999846476552
19.36534,15.80413,49.11918,4134.46463,-0.98854,35.96463,6.252012463641525,2.3290391430546973,-8.999999846476552
19.41011,15.83856,49.0117,4131.19885,-0.99807,35.95991,6.337219239414703,2.360780908955405,-8.999999846476552
19.45485,15.87298,48.90336,4127.88716,-1.00594,35.95492,6.424209168617819,2.3931869464263547,-8.999999846476552
19.49956,15.90738,48.79435,4124.52819,-1.01212,35.94966,6.512850319383187,2.426208107375498,-8.999999846476552
19.54424,15.94175,48.68486,4121.12061,-1.01656,35.94411,6.602999261851557,2.4597909604063974,-8.999999846476552
19.58888,15.9761,48.57507,4117.66318,-1.01924,35.93828,6.694500794921968,2.4938776890253562,-8.999999846476552
19.63349,16.01042,48.46519,4114.15474,-1.02013,35.93216,6.7871877500880755,2.528406018565295,-8.999999846476552
19.67807,16.04472,48.3554,4110.59422,-1.01921,35.92573,6.880880882898568,2.5633091757518947,-8.999999846476552
19.72261,16.07899,48.2459,4106.98066,-1.01645,35.91901,6.975388862584168,2.5985158848393834,-8.999999846476552
19.76711,16.11324,48.1369,4103.31318,-1.01184,35.91198,7.070508370125744,2.6339504041434894,-8.999999846476552
19.81158,16.14747,48.02859,4099.59103,-1.00537,35.90464,7.166024314622327,2.669532606644219,-8.999999846476552
19.85602,16.18166,47.92117,4095.81359,-0.99703,35.89699,7.261710177080823,2.7051781080565727,-8.999999846476552
19.90042,16.21583,47.81484,4091.98034,-0.98682,35.88903,7.357328489784869,2.740798445408053,-8.999999846476552
19.94478,16.24997,47.70981,4088.09093,-0.97473,35.88075,7.452631458149405,2.776301308695856,-8.999999846476552
19.9891,16.28408,47.60628,4084.14511,-0.96078,35.87216,7.547361730418904,2.811590827619717,-8.999999846476552
20.03339,16.31815,47.50443,4080.14283,-0.94498,35.86325,7.641253318720018,2.8465679146982508,-8.999999846476552
20.07764,16.3522,47.40447,4076.08415,-0.92734,35.85403,7.7340326729186,2.8811306653089517,-8.999999846476552
20.12186,16.38622,47.30659,4071.96931,-0.90789,35.84451,7.825419906297776,2.91517481428552,-8.999999846476552
20.16603,16.4202,47.21097,4067.79872,-0.88667,35.83467,7.915130169564328,2.9485942477713976,-8.999999846476552
20.21016,16.45415,47.1178,4063.57294,-0.86369,35.82454,8.002875166825824,2.9812815679611306,-8.999999846476552
20.25426,16.48807,47.02727,4059.29272,-0.83901,35.81411,8.088364804376193,3.0131287073163833,-8.999999846476552
20.29831,16.52196,46.93954,4054.95896,-0.81268,35.80339,8.171308960045629,3.044027587695329,-8.999999846476552
20.34233,16.5558,46.85478,4050.57277,-0.78474,35.79238,8.251419357974509,3.0738708187552644,-8.999999846476552
20.3863,16.58962,46.77316,4046.1354,-0.75526,35.7811,8.328411530736656,3.102552428895149,-8.999999846476552
20.43024,16.62339,46.69483,4041.6483,-0.7243,35.76956,8.402006847993349,3.1299686209826056,-8.999999846476552
20.47413,16.65713,46.61994,4037.11306,-0.69194,35.75776,8.4719345884194,3.1560185442008932,-8.999999846476552
20.51797,16.69083,46.54862,4032.53147,-0.65825,35.74572,8.537934029458802,3.1806050725378774,-8.999999846476552
20.56178,16.7245,46.481,4027.90546,-0.62331,35.73345,8.599756527740865,3.2036355797957747,-8.999999846476552
20.60554,16.75812,46.4172,4023.23714,-0.58722,35.72096,8.657167561806272,3.225022700560357,-8.999999846476552
20.64926,16.79171,46.35733,4018.52874,-0.55006,35.70826,8.709948708034391,3.24468506628587,-8.999999846476552
20.69294,16.82526,46.30149,4013.78265,-0.51194,35.69538,8.757899520685088,3.262548005660068,-8.999999846476552
20.73657,16.85876,46.24977,4009.00139,-0.47296,35.68232,8.80083928750061,3.278544198612111,-8.999999846476552
20.78016,16.89223,46.20224,4004.1876,-0.43322,35.6691,8.838608633538563,3.2926142737825517,-8.999999846476552
20.8237,16.92565,46.15896,3999.34403,-0.39283,35.65574,8.871070947834664,3.3047073399927447,-8.999999846476552
20.8672,16.95903,46.12,3994.47352,-0.3519,35.64225,8.898113609942204,3.3147814431630658,-8.999999846476552
20.91065,16.99237,46.08538,3989.57902,-0.31056,35.62866,8.919648996523835,3.3228039412948465,-8.999999846476552
20.95406,17.02567,46.05513,3984.66352,-0.26891,35.61497,8.935615251696579,3.328751791444151,-8.999999846476552
20.99742,17.05893,46.02927,3979.73008,-0.22708,35.60122,8.945976808847012,3.3326117441116643,-8.999999846476552
21.04073,17.09214,46.00781,3974.78181,-0.18517,35.58741,8.95072465590965,3.33438044206587,-8.999999846476552
21.084,17.12531,45.99073,3969.82184,-0.14333,35.57357,8.94987634059567,3.334064422290894,-8.999999846476552
21.12722,17.15844,45.97801,3964.85331,-0.10165,35.55971,8.943475716618147,3.331680021448715,-8.999999846476552
21.1704,17.19153,45.96961,3959.87937,-0.06027,35.54586,8.93159243647005,3.3272531869256294,-8.999999846476552
21.21353,17.22457,45.9655,3954.90314,-0.01929,35.53203,8.914321200632624,3.320819197142624,-8.999999846476552
21.25661,17.25757,45.9656,3949.92772,0.02116,35.51823,8.891780777186298,3.3124222963346326,-8.999999846476552
21.29965,17.29053,45.96985,3944.95616,0.06098,35.50449,8.864112809403737,3.3021152503475837,-8.999999846476552
21.34263,17.32344,45.97816,3939.99146,0.10005,35.49083,8.831480432155418,3.289958831213065,-8.999999846476552
21.38558,17.35631,45.99046,3935.03654,0.13828,35.47726,8.794066720579616,3.276021239237081,-8.999999846476552
21.42847,17.38914,46.00662,3930.09426,0.17555,35.4638,8.752072996508309,3.2603774720991394,-8.999999846476552
21.47132,17.42192,46.02654,3925.16735,0.21176,35.45046,8.705717019631996,3.243108651013555,-8.999999846476552
21.51412,17.45467,46.0501,3920.25848,0.24684,35.43725,8.655231091117312,3.2243013142771093,-8.999999846476552
21.55687,17.48737,46.07716,3915.37018,0.28067,35.4242,8.600860097656913,3.204046688626174,-8.999999846476552
21.59958,17.52003,46.10759,3910.50489,0.31319,35.41132,8.542859523451682,3.182439948647772,-8.999999846476552
21.64224,17.55264,46.14124,3905.66489,0.34431,35.39862,8.481493456750327,3.1595794741631265,-8.999999846476552
21.68485,17.58522,46.17795,3900.85236,0.37397,35.38611,8.41703261609037,3.1355661149504988,-8.999999846476552
21.72742,17.61776,46.21756,3896.06934,0.40208,35.3738,8.349752419576493,3.110502471500568,-8.999999846476552
21.76995,17.65025,46.25992,3891.31771,0.4286,35.36171,8.279931118332744,3.0844921996782717,-8.999999846476552
21.81242,17.68271,46.30483,3886.59923,0.45347,35.34983,8.207848012820627,3.057639346254355,-8.999999846476552
21.85485,17.71513,46.35214,3881.91551,0.47663,35.33819,8.13378176812425,3.0300477213047703,-8.999999846476552
21.89724,17.7475,46.40165,3877.26802,0.49805,35.32679,8.058008841555457,3.001820312452207,-8.999999846476552
21.93958,17.77984,46.45318,3872.65809,0.51768,35.31563,7.980802033178433,2.9730587448983776,-8.999999846476552
21.98187,17.81215,46.50656,3868.08689,0.5355,35.30472,7.90242916718508,2.9438627902016425,-8.999999846476552
22.02412,17.84441,46.56158,3863.55548,0.55148,35.29407,7.8231519093858966,2.9143299257612556,-8.999999846476552
22.06633,17.87664,46.61805,3859.06474,0.5656,35.28367,7.743224723670699,2.8845549460715194,-8.999999846476552
22.10849,17.90883,46.67579,3854.61545,0.57784,35.27354,7.662893967953929,2.8546296259376334,-8.999999846476552
22.15061,17.94099,46.73461,3850.20825,0.5882,35.26368,7.582397128124631,2.824642435101894,-8.999999846476552
22.19269,17.97311,46.79431,3845.84364,0.59667,35.25408,7.501962186634667,2.7946783030261995,-8.999999846476552
22.23472,18.00519,46.8547,3841.52201,0.60326,35.24475,7.421807120839706,2.764818432010867,-8.999999846476552
22.27671,18.03724,46.91558,3837.2436,0.60796,35.23568,7.3421395248447485,2.7351401563221382,-8.999999846476552
22.31866,18.06926,46.97678,3833.00859,0.61079,35.22689,7.263156347565676,2.7057168446132165,-8.999999846476552
22.36056,18.10125,47.0381,3828.81699,0.61176,35.21835,7.185043738889155,2.6766178426147835,-8.999999846476552
22.40242,18.1332,47.09936,3824.66876,0.61089,35.21008,7.1079769952155605,2.6479084528483052,-8.999999846476552
22.44425,18.16513,47.16038,3820.5637,0.60821,35.20207,7.032120595276083,2.6196499479688455,-8.999999846476552
22.48603,18.19702,47.22097,3816.50157,0.60373,35.19432,6.957628316945691,2.59189961428097,-8.999999846476552
22.52777,18.22888,47.28096,3812.48201,0.59749,35.18682,6.8846434257344145,2.564710821956708,-8.999999846476552
22.56947,18.26071,47.34018,3808.50459,0.58953,35.17957,6.813298925772082,2.5381331185339677,-8.999999846476552
22.61113,18.29251,47.39846,3804.56878,0.57987,35.17256,6.743717864338558,2.5122123423620697,-8.999999846476552
22.65275,18.32429,47.45564,3800.67399,0.56856,35.16579,6.676013681367431,2.486990752801059,-8.999999846476552
22.69433,18.35603,47.51155,3796.81955,0.55564,35.15926,6.61029059576842,2.46250717413697,-8.999999846476552
22.73587,18.38775,47.56605,3793.00474,0.54114,35.15295,6.546644020888256,2.438797150351937,-8.999999846476552
22.77738,18.41944,47.61897,3789.22877,0.52512,35.14686,6.485161002020126,2.4158931081079715,-8.999999846476552
22.81884,18.4511,47.67018,3785.49077,0.50763,35.14098,6.4259206693746584,2.3938245254905732,-8.999999846476552
22.86027,18.48274,47.71954,3781.78984,0.48871,35.13531,6.3689947005356995,2.372618104285676,-8.999999846476552
22.90166,18.51435,47.76691,3778.12504,0.46841,35.12984,6.314447787009911,2.352297943781648,-8.999999846476552
22.94301,18.54594,47.81216,3774.49534,0.44679,35.12456,6.262338100001971,2.3328857142828077,-8.999999846476552
22.98433,18.5775,47.85517,3770.89971,0.4239,35.11947,6.212717751149422,2.314400828745278,-8.999999846476552
23.02561,18.60904,47.89582,3767.33706,0.39979,35.11455,6.165633244420861,2.296860611120957,-8.999999846476552
23.06685,18.64055,47.93399,3763.80625,0.37453,35.10979,6.121125915923864,2.280280460197534,-8.999999846476552
23.10806,18.67204,47.96959,3760.30612,0.34817,35.1052,6.079232358785118,2.264674007877523,-8.999999846476552
23.14923,18.70351,48.00251,3756.83547,0.32077,35.10075,6.039984830705296,2.2500532710031753,-8.999999846476552
23.19036,18.73495,48.03266,3753.39308,0.29238,35.09644,6.003411642185305,2.236428795980973,-8.999999846476552
23.23146,18.76638,48.05994,3749.97767,0.26308,35.09227,5.9695375237288335,2.2238097955742404,-8.999999846476552
23.27252,18.79778,48.08429,3746.58797,0.23291,35.08822,5.9383839706870996,2.212204277366881,-8.999999846476552
23.31355,18.82915,48.10561,3743.22265,0.20194,35.08428,5.909969564622525,2.201619163479808,-8.999999846476552
23.35454,18.86051,48.12384,3739.88038,0.17023,35.08044,5.884310270350097,2.192060401226664,-8.999999846476552
23.3955,18.89184,48.13892,3736.5598,0.13785,35.0767,5.861419707989125,2.1835330644602577,-8.999999846476552
23.43643,18.92316,48.15079,3733.2595,0.10485,35.07305,5.841309399546487,2.176041445431315,-8.999999846476552
23.47732,18.95445,48.1594,3729.9781,0.0713,35.06946,5.8239889896613555,2.169589137021692,-8.999999846476552
23.51817,18.98573,48.1647,3726.71415,0.03726,35.06595,5.8094664403085305,2.1641791052764936,-8.999999846476552
23.55899,19.01698,48.16666,3723.4662,0.0028,35.06249,5.797748199304154,2.1598137521768863,-8.999999846476552
23.59978,19.04821,48.16524,3720.2328,-0.03202,35.05907,5.788839342540724,2.15649496862638,-8.999999846476552
23.64054,19.07942,48.16042,3717.01244,-0.06714,35.05569,5.782743689957014,2.1542241776526754,-8.999999846476552
23.68126,19.11062,48.15217,3713.80363,-0.10249,35.05233,5.77946389525784,2.153002367830641,-8.999999846476552
23.72195,19.14179,48.14048,3710.60484,-0.13801,35.04899,5.779001509439862,2.152830116947341,-8.999999846476552
23.7626,19.17294,48.12535,3707.41452,-0.17363,35.04565,5.781357018219803,2.1537076059450353,-8.999999846476552
23.80322,19.20408,48.10678,3704.23114,-0.20929,35.04231,5.786529853428478,2.155634623165753,-8.999999846476552
23.84381,19.23519,48.08476,3701.0531,-0.24492,35.03895,5.794518378503781,2.1586105589470477,-8.999999846476552
23.88436,19.26628,48.05932,3697.87883,-0.28047,35.03557,5.8053198481825845,2.1626343906061734,-8.999999846476552
23.92489,19.29736,48.03047,3694.70672,-0.31585,35.03215,5.818930342529758,2.1677046578641552,-8.999999846476552
23.96537,19.32841,47.99823,3691.53516,-0.35102,35.02868,5.835344675450975,2.1738194287644004,-8.999999846476552
24.00583,19.35945,47.96263,3688.36252,-0.38591,35.02516,5.854556277882012,2.180976256157644,-8.999999846476552
24.04625,19.39047,47.92371,3685.18715,-0.42044,35.02157,5.87655705585847,2.189172124829182,-8.999999846476552
24.08664,19.42146,47.88152,3682.00741,-0.45456,35.0179,5.901337223739482,2.1984033893703163,-8.999999846476552
24.12699,19.45245,47.83618,3678.82143,-0.4865,35.03575,5.928816101476005,2.208639994339958,0.0
24.1673,19.48343,47.78783,3675.62739,-0.51788,35.05363,5.958909512464574,2.2198505817384975,0.0
24.20757,19.51441,47.73653,3672.42368,-0.54866,35.07155,5.99159863464167,2.232028139852034,0.0
24.24779,19.54538,47.68236,3669.20869,-0.57875,35.08949,6.026861986317395,2.245164666185866,0.0
24.28796,19.57635,47.62537,3665.98082,-0.60812,35.10747,6.064675061815525,2.2592510317308143,0.0
24.3281,19.60732,47.56566,3662.73845,-0.63668,35.12548,6.105010047119287,2.2742768750338014,0.0
24.36818,19.63829,47.5033,3659.47998,-0.66439,35.14352,6.14783551896342,2.2902304901017208,0.0
24.40823,19.66925,47.43839,3656.20379,-0.69118,35.16159,6.1931161289789385,2.3070987087370542,0.0
24.44822,19.7002,47.37102,3652.9083,-0.717,35.17969,6.2408122747516686,2.32486677799852,0.0
24.48818,19.73116,47.30129,3649.5919,-0.7418,35.19782,6.290879759958387,2.343518233592843,0.0
24.52809,19.7621,47.2293,3646.25302,-0.7655,35.21598,6.343269446035945,2.3630347701123346,0.0
24.56795,19.79305,47.15518,3642.89009,-0.78806,35.23417,6.397926898192017,2.38339610916459,0.0
24.60777,19.82399,47.07903,3639.50157,-0.80943,35.25239,6.454792028893209,2.404579866562421,0.0
24.64754,19.85492,47.00098,3636.08594,-0.82955,35.27064,6.513798742365046,2.426561419890751,0.0
24.68727,19.88585,46.92115,3632.64169,-0.84836,35.28891,6.5748745839874,2.4493137778971867,0.0
24.72694,19.91677,46.83967,3629.16735,-0.86583,35.30722,6.637940398864146,2.4728074533002316,0.0
24.76658,19.94769,46.75667,3625.66149,-0.88191,35.32555,6.702910004234822,2.4970103407540076,0.0
24.80616,19.9786,46.6723,3622.12271,-0.89654,35.3439,6.7696898807435035,2.5218876018377907,0.0
24.8457,20.00951,46.5867,3618.54966,-0.90968,35.36229,6.838178887968221,2.5474015590832333,0.0
24.88519,20.0404,46.5,3614.94103,-0.9213,35.3807,6.908268009886716,2.573511601153659,0.0
24.92463,20.0713,46.41237,3611.29556,-0.93135,35.39914,6.979840136289144,2.600174101414547,0.0
24.96402,20.10218,46.32396,3607.61207,-0.9398,35.4176,7.052769886326751,2.627342352200767,0.0
25.00337,20.13306,46.23491,3603.88941,-0.94662,35.43609,7.1269234805710076,2.6549665171552417,0.0
25.04266,20.16393,46.14539,3600.12654,-0.95177,35.4546,7.202158668049129,2.6829936040477627,0.0
25.08191,20.19479,46.05556,3596.32245,-0.95523,35.47314,7.278324714649085,2.711367460455544,0.0
25.1211,20.22564,45.96558,3592.47625,-0.95698,35.4917,7.355262459256557,2.7400287946757214,0.0
25.16025,20.25649,45.87561,3588.58711,-0.957,35.51028,7.432804443647013,2.768915224113567,0.0
25.19934,20.28732,45.78582,3584.65431,-0.95527,35.52889,7.510775121852542,2.7979613532771395,0.0
25.23838,20.31815,45.69638,3580.6772,-0.95179,35.54752,7.588991154172159,2.827098883303865,0.0
25.27737,20.34896,45.60744,3576.65526,-0.94654,35.56617,7.667261790325395,2.8562567546953277,0.0
25.31631,20.37977,45.51918,3572.58807,-0.93952,35.58484,7.745389345455855,2.885361324641117,0.0
25.35519,20.41056,45.43176,3568.47532,-0.93075,35.60353,7.823169771685966,2.9143365799380163,0.0
25.39402,20.44134,45.34534,3564.31681,-0.92022,35.62224,7.900393326814338,2.9431043860973567,0.0
25.4328,20.47212,45.26008,3560.11246,-0.90794,35.64097,7.976845340462147,2.97158477275471,0.0
25.47152,20.50287,45.17615,3555.86234,-0.89395,35.65972,8.052307076586713,2.9996962549788844,0.0
25.51019,20.53362,45.0937,3551.56663,-0.87825,35.67849,8.126556689744813,3.0273561895051766,0.0
25.5488,20.56435,45.01289,3547.22562,-0.86088,35.69728,8.199370270885659,3.054481164320765,0.0
25.58735,20.59507,44.93386,3542.83979,-0.84188,35.71608,8.27052297677759,3.0809874194058744,0.0
25.62585,20.62578,44.85677,3538.40969,-0.82128,35.7349,8.33979023546478,3.1067912957981165,0.0
25.6643,20.65647,44.78176,3533.93605,-0.79913,35.75374,8.406949018450517,3.1318097095142314,0.0
25.70268,20.68715,44.70895,3529.41972,-0.77548,35.77259,8.471779168650892,3.1559606462477845,0.0
25.74101,20.71781,44.6385,3524.86169,-0.75038,35.79146,8.534064771598377,3.179163672178568,0.0
25.77928,20.74846,44.57051,3520.26308,-0.7239,35.81035,8.593595555956071,3.2013404557010143,0.0
25.81749,20.77909,44.50511,3515.62515,-0.6961,35.82925,8.650168308123616,3.2224152944021194,0.0
25.85564,20.80971,44.44241,3510.94928,-0.66706,35.84816,8.703588284736197,3.242315641254484,0.0
25.89373,20.84031,44.38252,3506.23697,-0.63685,35.86709,8.753670606020032,3.2609726236778926,0.0
25.93176,20.87089,44.32553,3501.48985,-0.60556,35.88603,8.800241612557686,3.2783215489700974,0.0
25.96974,20.90145,44.27152,3496.70967,-0.57326,35.90498,8.843140167820877,3.2943023895345576,0.0
26.00765,20.932,44.22059,3491.89827,-0.54006,35.92395,8.882218889022491,3.308860241405196,0.0
26.0455,20.96253,44.17281,3487.05761,-0.50603,35.94293,8.917345289402276,3.3219457497778833,0.0
26.08329,20.99304,44.12822,3482.18974,-0.47128,35.96192,8.94840281591554,3.3335154955767776,0.0
26.12101,21.02353,44.0869,3477.29679,-0.43592,35.98092,8.975291767573811,3.343532337560382,0.0
26.15868,21.054,44.04887,3472.38095,-0.40003,35.99993,8.997930081219993,3.3519657050434652,0.0
26.19628,21.08446,44.01418,3467.44452,-0.36373,36.01896,9.016253973389661,3.358791837007286,0.0
26.23383,21.11489,43.98284,3462.48983,-0.32712,36.038,9.030218429020914,3.3639939641568692,0.0
26.2713,21.1453,43.95487,3457.51924,-0.29031,36.05704,9.03979753011566,3.367562431355981,0.0
26.30872,21.1757,43.93028,3452.53518,-0.25341,36.0761,9.044984619900683,3.3694947587814483,0.0
26.34607,21.20607,43.90906,3447.54009,-0.21652,36.09517,9.045792300613524,3.369795641098339,0.0
26.38336,21.23643,43.89119,3442.53643,-0.17976,36.11424,9.042252265680299,3.3684768849417877,0.0
26.42059,21.26676,43.87665,3437.52665,-0.14324,36.13333,9.034414969563098,3.3655572859264598,0.0
26.45775,21.29708,43.8654,3432.51322,-0.10705,36.15243,9.022349141088755,3.3610624473487127,0.0
26.49486,21.32737,43.85739,3427.49857,-0.07131,36.17154,9.006141148359834,3.355024543599235,0.0
26.53189,21.35764,43.85258,3422.48512,-0.03612,36.19065,8.985894225513361,3.3474820321103214,0.0
26.56887,21.38789,43.8509,3417.47524,-0.00158,36.20978,8.961727573443234,3.3384793183513146,0.0
26.60578,21.41812,43.85227,3412.47125,0.03222,36.22892,8.933775348211583,3.328066378985215,0.0
26.64263,21.44833,43.85663,3407.47545,0.06517,36.24807,8.90218555214172,3.316298348771633,0.0
26.67941,21.47852,43.86387,3402.49004,0.09718,36.26723,8.867118843546379,3.303235077159236,0.0
26.71613,21.50869,43.87391,3397.51717,0.12817,36.28639,8.828747281649346,3.288940660736034,0.0
26.75279,21.53884,43.88663,3392.5589,0.15805,36.30557,8.787253023529148,3.2734829578066225,0.0
26.78939,21.56897,43.90194,3387.61722,0.18675,36.32476,8.742826989860212,3.2569330913456476,0.0
26.82593,21.59907,43.91972,3382.69402,0.21419,36.34396,8.695667515843853,3.239364946434113,0.0
26.8624,21.62916,43.93984,3377.79109,0.24029,36.36317,8.645979003129906,3.2208546680647143,0.0
26.89881,21.65923,43.96217,3372.91015,0.265,36.38239,8.593970587583584,3.201480164849939,0.0
26.93516,21.68927,43.98659,3368.05279,0.28826,36.40162,8.539854836665219,3.1813206237617475,0.0
26.97144,21.7193,44.01296,3363.22049,0.31,36.42087,8.483846488935178,3.1604560405639868,0.0
27.00767,21.7493,44.04114,3358.41466,0.33019,36.44012,8.426161246761067,3.138966770064062,0.0
27.04384,21.77929,44.07098,3353.63656,0.34878,36.45939,8.36701463183181,3.116933099761813,0.0
27.07994,21.80926,44.10233,3348.88737,0.36572,36.47867,8.306620911476664,3.0944348498751033,0.0
27.11598,21.8392,44.13505,3344.16813,0.38099,36.49796,8.245192102306468,3.071551002169961,0.0
27.15197,21.86913,44.16899,3339.47981,0.39456,36.51727,8.18293705606617,3.0483593594166,0.0
27.18789,21.89904,44.20399,3334.82324,0.40641,36.53659,8.12006063113407,3.0249362367510857,0.0
27.22376,21.92893,44.2399,3330.19915,0.41651,36.55592,8.056762951682638,3.0013561856932465,0.0
27.25957,21.95881,44.27657,3325.60816,0.42486,36.57526,7.99323875513564,2.9776917510572862,0.0
27.29532,21.98866,44.31383,3321.05079,0.43146,36.59462,7.929676827423094,2.954013260569391,0.0
27.33101,22.0185,44.35154,3316.52747,0.43629,36.614,7.866259524384835,2.930388646577973,0.0
27.36664,22.04832,44.38954,3312.03849,0.43935,36.63339,7.803162376717202,2.9068832988859072,0.0
27.40221,22.07812,44.42768,3307.5841,0.44067,36.65279,7.7405537750803735,2.8835599474447373,0.0
27.43773,22.1079,44.46581,3303.1644,0.44024,36.67221,7.678594731248509,2.8604785733768097,0.0
27.4732,22.13767,44.50377,3298.77943,0.43809,36.69165,7.617438710655724,2.837696346594252,0.0
27.5086,22.16742,44.54143,3294.42915,0.43423,36.7111,7.557231531251431,2.8152675881199225,0.0
27.54395,22.19716,44.57863,3290.1134,0.42868,36.73057,7.4981113233064125,2.793243755114113,0.0
27.57925,22.22688,44.61523,3285.83198,0.42148,36.75005,7.440208544546861,2.7716734465123793,0.0
27.61449,22.25658,44.65109,3281.58457,0.41265,36.76955,7.383646044979704,2.750602427174681,0.0
27.64967,22.28627,44.68609,3277.37081,0.40223,36.78907,7.328539175697663,2.7300736684181257,0.0
27.68481,22.31595,44.72007,3273.19026,0.39024,36.80861,7.2749959360556105,2.710127402844038,0.0
27.71988,22.34561,44.75292,3269.04239,0.37675,36.82817,7.223117153734726,2.690801191416594,0.0
27.75491,22.37525,44.78452,3264.92664,0.36177,36.84774,7.172996692412692,2.672130000825432,0.0
27.78988,22.40488,44.81473,3260.84236,0.34537,36.86733,7.124721681958421,2.654146289239245,0.0
27.8248,22.4345,44.84345,3256.78886,0.32758,36.88694,7.078372766385438,2.6368800986749443,0.0
27.85967,22.4641,44.87055,3252.76538,0.30846,36.90657,7.034024365056213,2.6203591523031418,0.0
27.89448,22.49369,44.89595,3248.77112,0.28806,36.92622,6.991744942934048,2.6046089551240885,0.0
27.92924,22.52326,44.91952,3244.80522,0.26643,36.94589,6.9515972860312845,2.58965289657938,0.0
27.96396,22.55283,44.94118,3240.86678,0.24362,36.96558,6.913638778490548,2.575512353772014,0.0
27.99862,22.58238,44.96083,3236.95485,0.2197,36.98529,6.877921678063221,2.5622067940893634,0.0
28.03323,22.61191,44.97839,3233.06844,0.19472,37.00502,6.844493387070667,2.5497538761433653,0.0
28.06779,22.64144,44.99377,3229.20652,0.16875,37.02477,6.813396716222161,2.5381695480496442,0.0
28.1023,22.67095,45.0069,3225.36803,0.14183,37.04454,6.784670138959402,2.5274681421775287,0.0
28.13675,22.70045,45.0177,3221.55184,0.11404,37.06433,6.758348034255633,2.5176624655991184,0.0
28.17116,22.72994,45.02611,3217.75684,0.08544,37.08415,6.734460916080748,2.5087638855710677,0.0
28.20552,22.75941,45.03207,3213.98184,0.05609,37.10398,6.713035647943525,2.50078240945722,0.0
28.23984,22.78888,45.03553,3210.22565,0.02606,37.12384,6.694095641181417,2.4937267585967646,0.0
28.2741,22.81833,45.03644,3206.48704,-0.00458,37.14371,6.677661035839194,2.4876044356862956,0.0
28.30831,22.84778,45.03475,3202.76475,-0.03578,37.16361,6.663748863188638,2.48242178532267,0.0
28.34247,22.87721,45.03043,3199.05749,-0.06746,37.18353,6.652373189096359,2.478184047411297,0.0
28.37659,22.90663,45.02344,3195.36396,-0.09955,37.20347,6.643545237612192,2.4748954032060615,0.0
28.41066,22.93604,45.01377,3191.68283,-0.13199,37.22343,6.637273494290799,2.4725590137993447,0.0
28.44468,22.96544,45.00138,3188.01275,-0.1647,37.24342,6.633563788895802,2.4711770509314848,0.0
28.47865,22.99482,44.98627,3184.35234,-0.19763,37.26342,6.632419357249847,2.4707507200315577,0.0
28.51257,23.0242,44.96843,3180.70023,-0.23069,37.28345,6.633840882123519,2.471280275449571,0.0
28.54645,23.05357,44.94785,3177.05499,-0.26383,37.3035,6.637826513155903,2.4727650278773976,0.0
28.58028,23.08292,44.92454,3173.41522,-0.29696,37.32357,6.644371865910065,2.475203343996919,0.0
28.61406,23.11227,44.89851,3169.77946,-0.33003,37.34367,6.653470000275863,2.4785926384345016,0.0
28.64779,23.1416,44.86977,3166.14628,-0.36296,37.36378,6.66511137853372,2.4829293581386493,0.0
28.68147,23.17092,44.83835,3162.51421,-0.39568,37.38392,6.679283803498553,2.488208959336993,0.0
28.71511,23.20023,44.80426,3158.88178,-0.42813,37.40408,6.695972337291734,2.4944258772767043,0.0
28.7487,23.22954,44.76755,3155.24751,-0.46023,37.42425,6.715159201389144,2.501573488989767,0.0
28.78224,23.25883,44.72824,3151.60991,-0.49191,37.44445,6.736823658723923,2.509644069373151,0.0
28.81573,23.28811,44.68639,3147.96749,-0.52312,37.46467,6.760941878773089,2.518628740930027,0.0
28.84918,23.31738,44.64204,3144.31876,-0.55378,37.48492,6.787486786680065,2.5285174175639376,0.0
28.88258,23.34663,44.59524,3140.66223,-0.58382,37.50518,6.816427897639119,2.539298742882644,0.0
28.91593,23.37588,44.54605,3136.99639,-0.61317,37.52546,6.8477311379174015,2.550960023524126,0.0
28.94923,23.40512,44.49455,3133.31976,-0.64178,37.54576,6.881358654087851,2.5634871580908194,0.0
28.98248,23.43434,44.44079,3129.63086,-0.66958,37.56609,6.917268612231542,2.576864562347208,0.0
29.01569,23.46355,44.38485,3125.9282,-0.6965,37.58643,6.95541498905593,2.591075091405873,0.0
29.04885,23.49275,44.32682,3122.21033,-0.72249,37.60679,6.995747357106596,2.606099959713217,0.0
29.08196,23.52194,44.26678,3118.47578,-0.74747,37.62717,7.038210666462865,2.6219186597253388,0.0
29.11502,23.55112,44.20481,3114.72313,-0.7714,37.64757,7.082745025526755,2.6385088802461465,0.0
29.14803,23.58029,44.14101,3110.95096,-0.7942,37.66799,7.129285483755022,2.6558464254893313,0.0
29.18099,23.60944,44.07548,3107.15788,-0.81584,37.68842,7.177761819410813,2.6739051360102684,0.0
29.21391,23.63858,44.00832,3103.34252,-0.83625,37.70888,7.228098335642397,2.6926568127399855,0.0
29.24677,23.6677,43.93964,3099.50355,-0.85537,37.72935,7.280213668395288,2.7120711454273683,0.0
29.27958,23.69682,43.86954,3095.63967,-0.87317,37.74984,7.3340206098969976,2.7321156468825922,0.0
29.31235,23.72592,43.79815,3091.74961,-0.88959,37.77034,7.38942595161739,2.752755594475715,0.0
29.34506,23.755,43.72558,3087.83216,-0.90458,37.79087,7.446330350773288,2.77395398040614,0.0
29.37773,23.78407,43.65195,3083.88614,-0.9181,37.8114,7.504628224565906,2.7956714723032654,0.0
29.41034,23.81313,43.57738,3079.91043,-0.93012,37.83196,7.56420767644418,2.817866385757649,0.0
29.4429,23.84218,43.502,3075.90394,-0.94059,37.85253,7.624950458678118,2.84049467037858,0.0
29.47541,23.8712,43.42594,3071.86568,-0.94949,37.87311,7.68673197557947,2.8635099109938764,0.0
29.50787,23.90022,43.34933,3067.7947,-0.95677,37.8937,7.749421331532868,2.8868633455427437,0.0
29.54028,23.92921,43.27231,3063.69011,-0.96242,37.91431,7.8128814279423855,2.910503901190917,0.0
29.57263,23.95819,43.195,3059.5511,-0.96641,37.93494,7.8769691128909765,2.9343782500827436,0.0
29.60493,23.98716,43.11754,3055.37695,-0.96872,37.95557,7.941535387059143,2.958430886051302,0.0
29.63718,24.01611,43.04008,3051.167,-0.96934,37.97622,8.00642566898175,2.9826042234335475,0.0
29.66938,24.04504,42.96274,3046.92068,-0.96826,37.99688,8.071480122310293,3.0068387189841124,0.0
29.70152,24.07395,42.88566,3042.63752,-0.96547,38.01755,8.136534047104794,3.0310730176418414,0.0
29.73361,24.10285,42.80898,3038.31712,-0.96097,38.03824,8.201418336537692,3.0552441226639977,0.0
29.76564,24.13172,42.73283,3033.95921,-0.95476,38.05893,8.265959999623224,3.0792875903567176,0.0
29.79762,24.16058,42.65736,3029.56358,-0.94685,38.07963,8.32998274975794,3.1031377493218386,0.0
29.82954,24.18942,42.58269,3025.13015,-0.93725,38.10034,8.393307657923506,3.126727943792124,0.0
29.86141,24.21824,42.50895,3020.65893,-0.92599,38.12106,8.455753868465486,3.1499908002776955,0.0
29.89323,24.24704,42.43628,3016.15004,-0.91308,38.14179,8.517139374292496,3.1728585163481218,0.0
29.92498,24.27582,42.3648,3011.60371,-0.89856,38.16252,8.577281847346601,3.19526317000448,0.0
29.95668,24.30458,42.29464,3007.02029,-0.88246,38.18327,8.635999519066406,3.217137047675032,0.0
29.98832,24.33332,42.22591,3002.40022,-0.86481,38.20401,8.693112104605897,3.238412988511058,0.0
30.01991,24.36203,42.15873,2997.74406,-0.84567,38.22477,8.748441763446406,3.259024742240088,0.0
30.05144,24.39073,42.09321,2993.05249,-0.82508,38.24553,8.801814088165814,3.2789073375084494,0.0
30.0829,24.4194,42.02946,2988.32629,-0.80309,38.2663,8.85305911222873,3.2979974573096165,0.0
30.11432,24.44805,41.96759,2983.56633,-0.77977,38.28707,8.902012326867073,3.3162338177989956,0.0
30.14567,24.47667,41.90768,2978.77363,-0.75518,38.30784,8.948515696537198,3.3335575465784135,0.0
30.17696,24.50528,41.84984,2973.94927,-0.7294,38.32862,8.9924186619082,3.349912556335653,0.0
30.20819,24.53385,41.79413,2969.09445,-0.70248,38.3494,9.033579119067957,3.3652459096244693,0.0
30.23937,24.56241,41.74066,2964.21047,-0.67452,38.37019,9.071864363488826,3.3795081705166496,0.0
30.27048,24.59094,41.68947,2959.29871,-0.64559,38.39097,9.107151987372546,3.3926537388865996,0.0
30.30154,24.61944,41.64065,2954.36065,-0.61577,38.41176,9.139330719328475,3.404641163213577,0.0
30.33253,24.64792,41.59424,2949.39783,-0.58517,38.43256,9.16830119576206,3.415433427944198,0.0
30.36346,24.67637,41.55029,2944.41188,-0.55387,38.45335,9.193976654127285,3.4249982117472118,0.0
30.39433,24.7048,41.50886,2939.40451,-0.52196,38.47414,9.216283539036139,3.4333081133052263,0.0
30.42514,24.7332,41.46997,2934.37747,-0.48954,38.49494,9.23516201334332,3.4403408417072048,0.0
30.45589,24.76158,41.43366,2929.33256,-0.45672,38.51573,9.250566367541023,3.446079368958801,0.0
30.48658,24.78993,41.39993,2924.27166,-0.42359,38.53653,9.262465322164685,3.450512042636454,0.0
30.5172,24.81825,41.3688,2919.19666,-0.39025,38.55733,9.270842219436428,3.4536326572796114,0.0
30.54777,24.84654,41.34028,2914.10949,-0.35681,38.57812,9.275695101870026,3.455440483673148,0.0
30.57827,24.87481,41.31436,2909.0121,-0.32337,38.59892,9.27703667722564,3.4559402557920853,0.0
30.60871,24.90305,41.29102,2903.90646,-0.29004,38.61972,9.274894170775875,3.4551421157668107,0.0
30.63909,24.93126,41.27025,2898.79455,-0.25691,38.64051,9.269309067381752,3.4530615177995854,0.0
30.6694,24.95944,41.25202,2893.67834,-0.22409,38.66131,9.260336747495936,3.4497190925661756,0.0
30.69966,24.98759,41.23628,2888.5598,-0.19168,38.6821,9.248046022516004,3.4451404741227134,0.0
30.72985,25.01572,41.22301,2883.44086,-0.15977,38.7029,9.232518576269054,3.439356091844026,0.0
30.75998,25.04382,41.21214,2878.32347,-0.12847,38.72369,9.213848320541876,3.4324009303416583,0.0
30.79004,25.07189,41.20363,2873.2095,-0.09787,38.74448,9.19214067353924,3.4243142606706085,0.0
30.82005,25.09993,41.1974,2868.10082,-0.06805,38.76527,9.167511770933254,3.41513934642445,0.0
30.84999,25.12794,41.19338,2862.99923,-0.03912,38.78607,9.140087619793709,3.4049231285521264,0.0
30.87987,25.15593,41.19151,2857.90649,-0.01114,38.80686,9.110003206060046,3.393715892867772,0.0
30.90969,25.18389,41.19169,2852.8243,0.0158,38.82765,9.077401566418946,3.381570924300697,0.0
30.93945,25.21181,41.19384,2847.75431,0.04162,38.84844,9.042432835452255,3.368544151932918,0.0
30.96914,25.23971,41.19786,2842.69807,0.06624,38.86923,9.005253278763368,3.354693788813296,0.0
30.99878,25.26758,41.20366,2837.6571,0.08961,38.89002,8.96602432240565,3.3400799703940836,0.0
31.02835,25.29543,41.21114,2832.63282,0.11166,38.9108,8.92491158846285,3.3247643952592574,0.0
31.05786,25.32324,41.22019,2827.62658,0.13232,38.93159,8.882083945995829,3.3088099715771992,0.0
31.08731,25.35103,41.23069,2822.63964,0.15156,38.95238,8.837712585809676,3.2922804724271066,0.0
31.1167,25.37879,41.24255,2817.6732,0.1693,38.97317,8.791970126685097,3.2752402028466667,0.0
31.14603,25.40652,41.25563,2812.72835,0.18553,38.99397,8.745029759796527,3.2577536811052896,0.0
31.1753,25.43422,41.26983,2807.8061,0.20018,39.01476,8.697064437132104,3.239885336369198,0.0
31.20451,25.4619,41.28502,2802.90739,0.21324,39.03555,8.648246108715991,3.2216992245466693,0.0
31.23366,25.48954,41.30109,2798.03305,0.22467,39.05635,8.598745012536197,3.2032587637674683,0.0
31.26275,25.51717,41.3179,2793.18382,0.23446,39.07714,8.548729020066446,3.184626490572522,0.0
31.29179,25.54476,41.33533,2788.36038,0.24257,39.09794,8.498363039403898,3.165863837567016,0.0
31.32076,25.57233,41.35327,2783.5633,0.249,39.11874,8.44780847716274,3.147030932961596,0.0
31.34968,25.59987,41.37158,2778.79306,0.25375,39.13955,8.397222759422297,3.1281864221129427,0.0
31.37853,25.62738,41.39015,2774.05008,0.2568,39.16035,8.346758911355746,3.1093873109243986,0.0
31.40733,25.65487,41.40884,2769.33467,0.25816,39.18117,8.296565194407433,3.0906888306849756,0.0
31.43607,25.68233,41.42754,2764.64706,0.25783,39.20198,8.246784799366507,3.072144323731208,0.0
31.46476,25.70977,41.44612,2759.98742,0.25583,39.2228,8.19755559311464,3.0538051491040137,0.0
31.49339,25.73718,41.46447,2755.35583,0.25216,39.24362,8.149009916448565,3.035720607232274,0.0
31.52196,25.76456,41.48246,2750.75227,0.24686,39.26444,8.101274429951477,3.017937882515868,0.0
31.55047,25.79192,41.49999,2746.17669,0.23994,39.28527,8.054470004674965,3.0005020026018214,0.0
31.57893,25.81925,41.51693,2741.62894,0.23142,39.30611,8.008711654128826,2.9834558130487223,0.0
31.60734,25.84656,41.53317,2737.1088,0.22134,39.32695,7.964108503970726,2.9668399660353177,0.0
31.63569,25.87385,41.54861,2732.61599,0.20973,39.3478,7.920763795672157,2.9506929217261875,0.0
31.66398,25.90111,41.56315,2728.15016,0.19663,39.36865,7.87877492044074,2.9350509609086863,0.0
31.69222,25.92835,41.57667,2723.7109,0.18208,39.38951,7.8382334796581805,2.919948207507677,0.0
31.72041,25.95556,41.58908,2719.29774,0.16612,39.41037,7.7992253682121255,2.9054166596288384,0.0
31.74854,25.98275,41.60029,2714.91016,0.1488,39.43124,7.761830877125227,2.8914862277906934,0.0
31.77661,26.00991,41.6102,2710.54757,0.13017,39.45212,7.726124812084467,2.878184779079897,0.0
31.80464,26.03706,41.61874,2706.20933,0.11028,39.47301,7.6921766245799965,2.865538186003909,0.0
31.83261,26.06417,41.6258,2701.89475,0.08918,39.4939,7.660050552539942,2.8535703788811615,0.0
31.86053,26.09127,41.63133,2697.60311,0.06693,39.5148,7.629805767568078,2.842303400690955,0.0
31.88839,26.11834,41.63523,2693.33362,0.04358,39.53571,7.60149652603568,2.8317574633591636,0.0
31.9162,26.14539,41.63745,2689.08544,0.0192,39.55662,7.575172321526487,2.8219510045479823,0.0
31.94396,26.17242,41.63791,2684.85773,-0.00615,39.57754,7.550878036309872,2.8129007440836786,0.0
31.97167,26.19943,41.63657,2680.64956,-0.03241,39.59847,7.52865408975338,2.8046217392441597,0.0
31.99933,26.22641,41.63335,2676.46,-0.05951,39.61941,7.508536581760113,2.797127438193175,0.0
32.02693,26.25337,41.62821,2672.28806,-0.08739,39.64036,7.490557429545218,2.790429730933161,0.0
32.05449,26.28031,41.62111,2668.13272,-0.11597,39.66132,7.474744496249105,2.784538997217044,0.0
32.08199,26.30723,41.612,2663.99295,-0.1452,39.68228,7.461121710070793,2.7794641509285456,0.0
32.10944,26.33413,41.60084,2659.86767,-0.175,39.70326,7.449709172821451,2.7752126805212387,0.0
32.13684,26.361,41.58761,2655.75576,-0.2053,39.72424,7.4405232569358715,2.7717906851578675,0.0
32.16419,26.38785,41.57229,2651.65611,-0.23602,39.74523,7.433576690192954,2.7692029062709596,0.0
32.19149,26.41468,41.55484,2647.56756,-0.26711,39.76623,7.42887862752909,2.7674527543152014,0.0
32.21874,26.44149,41.53525,2643.48893,-0.29847,39.78724,7.426434709515262,2.7665423305516974,0.0
32.24594,26.46828,41.51352,2639.41902,-0.33005,39.80825,7.426247107215386,2.76647244375888,0.0
32.27309,26.49505,41.48964,2635.35662,-0.36177,39.82928,7.42831455329074,2.7672426218197295,0.0
32.30019,26.52179,41.46361,2631.30049,-0.39355,39.85032,7.432632359380673,2.768851118196545,0.0
32.32724,26.54852,41.43542,2627.24939,-0.42532,39.87136,7.43919241991767,2.7712949133521576,0.0
32.35424,26.57522,41.4051,2623.20206,-0.45701,39.89241,7.4479832026848225,2.774569711232337,0.0
32.38119,26.6019,41.37266,2619.15722,-0.48854,39.91347,7.458989726571347,2.7786699309791407,0.0
32.40809,26.62856,41.33811,2615.11359,-0.51984,39.93454,7.472193527137266,2.783588694102847,0.0
32.43494,26.6552,41.30149,2611.06988,-0.55084,39.95562,7.487572610695373,2.789317807376283,0.0
32.46174,26.68181,41.26282,2607.02479,-0.58147,39.9767,7.505101397818636,2.7958477417898453,0.0
32.48849,26.70841,41.22213,2602.97704,-0.61165,39.9978,7.524750657284121,2.803167607943871,0.0
32.51519,26.73498,41.17947,2598.92532,-0.64132,40.0189,7.5464874316326185,2.81126512831764,0.0
32.54184,26.76153,41.13488,2594.86834,-0.6704,40.04001,7.570274955657058,2.8201266069041697,0.0
32.56844,26.78806,41.0884,2590.8048,-0.69882,40.06113,7.596072569284454,2.8297368967564402,0.0
32.59499,26.81457,41.0401,2586.73342,-0.72652,40.08225,7.6238356264538885,2.840079366042053,0.0
32.62149,26.84105,40.99002,2582.65293,-0.75344,40.10338,7.653515401751878,2.851135863262441,0.0
32.64794,26.86751,40.93824,2578.56205,-0.77949,40.12452,7.685058996696085,2.862886682341092,0.0
32.67434,26.89395,40.88481,2574.45954,-0.80463,40.14566,7.718409247698637,2.875310528337458,0.0
32.70069,26.92037,40.8298,2570.34416,-0.82879,40.16682,7.753504637874497,2.8883844845932565,0.0
32.72699,26.94676,40.7733,2566.21471,-0.85191,40.18797,7.790279214980657,2.902083982162659,0.0
32.75324,26.97313,40.71536,2562.06998,-0.87394,40.20913,7.828662517881883,2.916382772418846,0.0
32.77944,26.99948,40.65609,2557.90883,-0.8948,40.2303,7.86857951405722,2.9312529037735384,0.0
32.80559,27.0258,40.59555,2553.7301,-0.91447,40.25147,7.909950550690939,2.946664703457085,0.0
32.83168,27.0521,40.53385,2549.53271,-0.93287,40.27265,7.9526913220232,2.962586765355728,0.0
32.85773,27.07838,40.47106,2545.31559,-0.94997,40.29383,7.996712855608238,2.978985944892413,0.0
32.88372,27.10463,40.40728,2541.0777,-0.96572,40.31502,8.041921520181893,2.9958273619576543,0.0
32.90967,27.13086,40.34261,2536.81807,-0.98007,40.33621,8.088219057791735,3.0130744128788485,0.0
32.93556,27.15706,40.27714,2532.53576,-0.99299,40.3574,8.135502642787513,3.030688792395773,0.0
32.9614,27.18324,40.21097,2528.22987,-1.00445,40.37859,8.183664970197652,3.048630526583151,0.0
32.98719,27.20939,40.14421,2523.89957,-1.0144,40.39979,8.23259437585031,3.0668580175989106,0.0
33.01292,27.23551,40.07696,2519.54409,-1.02282,40.42099,8.282174990428855,3.085328101073901,0.0
33.0386,27.26161,40.00932,2515.16269,-1.02969,40.44218,8.33228692943614,3.103996116878584,0.0
33.06423,27.28769,39.9414,2510.75472,-1.03499,40.46338,8.382806520744927,3.122815993891554,0.0
33.08981,27.31373,39.8733,2506.31958,-1.0387,40.48459,8.433606571094973,3.141740349276715,0.0
33.11534,27.33975,39.80513,2501.85675,-1.0408,40.50579,8.484556672550418,3.160720602646719,0.0
33.14081,27.36574,39.737,2497.36578,-1.04129,40.52699,8.535523549462964,3.1797071053158814,0.0
33.16622,27.39171,39.66902,2492.84628,-1.04017,40.54818,8.586371446078298,3.1986492846937735,0.0
33.19159,27.41764,39.60128,2488.29794,-1.03744,40.56938,8.636962554383752,3.2174958036697276,0.0
33.2169,27.44355,39.53389,2483.72055,-1.03309,40.59058,8.687157481264718,3.2361947346409,0.0
33.24215,27.46943,39.46697,2479.11396,-1.02716,40.61177,8.736815753506516,3.2546937476387483,0.0
33.26735,27.49528,39.4006,2474.47809,-1.01964,40.63296,8.785796358523607,3.272940311764894,0.0
33.2925,27.5211,39.3349,2469.81298,-1.01057,40.65415,8.833958318179619,3.2908819089541845,0.0
33.31759,27.54689,39.26996,2465.11872,-0.99996,40.67533,8.88116129240192,3.3084662588369915,0.0
33.34262,27.57265,39.20587,2460.3955,-0.98784,40.69651,8.927266208736365,3.325641553264929,0.0
33.3676,27.59837,39.14273,2455.6436,-0.97427,40.71768,8.972135913427836,3.342356698855486,0.0
33.39252,27.62407,39.08064,2450.86339,-0.95926,40.73885,9.015635839025652,3.358561565692599,0.0
33.41739,27.64974,39.01967,2446.05529,-0.94287,40.76001,9.05763468312724,3.3742072401765357,0.0
33.4422,27.67537,38.95991,2441.21985,-0.92515,40.78117,9.098005092314994,3.389246279808368,0.0
33.46695,27.70097,38.90145,2436.35768,-0.90616,40.80232,9.136624345111688,3.403632967608833,0.0
33.49165,27.72654,38.84435,2431.46946,-0.88594,40.82346,9.173375027407792,3.417323563732779,0.0
33.51628,27.75208,38.78868,2426.55598,-0.86457,40.8446,9.208145693673297,3.430276551787969,0.0
33.54087,27.77758,38.73452,2421.61809,-0.84212,40.86573,9.240831507192985,3.442452877339566,0.0
33.56539,27.80305,38.68193,2416.65671,-0.81865,40.88684,9.271334852536931,3.4538161760715056,0.0
33.58986,27.82848,38.63096,2411.67284,-0.79424,40.90796,9.299565913636302,3.4643329891349444,0.0
33.61426,27.85388,38.58166,2406.66754,-0.76896,40.92906,9.325443211092807,3.4739729633101653,0.0
33.63861,27.87925,38.53407,2401.64193,-0.74291,40.95015,9.348894092652072,3.4827090337208215,0.0
33.6629,27.90458,38.48825,2396.59721,-0.71616,40.97123,9.369855171258218,3.4905175870207805,0.0
33.68714,27.92988,38.44422,2391.53462,-0.68881,40.9923,9.388272705654984,3.497378603178071,0.0
33.71131,27.95514,38.40201,2386.45544,-0.66094,41.01337,9.404102919141373,3.503275774219736,0.0
33.73542,27.98036,38.36164,2381.36102,-0.63264,41.03442,9.417312252809007,3.5081965985694157,0.0
33.75948,28.00555,38.32313,2376.25272,-0.604,41.05546,9.427877550402403,3.5121324499126665,0.0
33.78348,28.03071,38.28649,2371.13195,-0.57513,41.07649,9.435786172748143,3.5150786198248323,0.0
33.80741,28.05582,38.25173,2366.00016,-0.54611,41.09751,9.441036040619109,3.5170343337391032,0.0
33.83129,28.0809,38.21884,2360.85879,-0.51704,41.11852,9.443635605762395,3.5180027401536527,0.0
33.85511,28.10594,38.18781,2355.70934,-0.48802,41.13951,9.443603750735251,3.5179908733178853,0.0
33.87887,28.13095,38.15864,2350.55327,-0.45915,41.1605,9.440969619057958,3.5170095899599185,0.0
33.90257,28.15592,38.1313,2345.39209,-0.43051,41.18147,9.435772378057582,3.515073480939638,0.0
33.92621,28.18085,38.10576,2340.22728,-0.4022,41.20243,9.428060917554863,3.5122007590016375,0.0
33.94979,28.20574,38.082,2335.06033,-0.37431,41.22338,9.41789348827423,3.5084131240734364,0.0
33.97331,28.2306,38.05999,2329.89272,-0.34694,41.24432,9.405337284529347,3.5037356078048645,0.0
33.99677,28.25542,38.03967,2324.72589,-0.32017,41.26524,9.390467976276907,3.498196399245784,0.0
34.02018,28.2802,38.021,2319.56128,-0.29408,41.28615,9.37336919614251,3.4918266537497398,0.0
34.04352,28.30494,38.00393,2314.4003,-0.26877,41.30705,9.354131987326893,3.484660287304495,0.0
34.0668,28.32964,37.98841,2309.24432,-0.24431,41.32794,9.33285421864031,3.4767337586169544,0.0
34.09003,28.35431,37.97437,2304.09468,-0.22078,41.34882,9.309639973012937,3.468085841317195,0.0
34.11319,28.37894,37.96175,2298.95268,-0.19826,41.36968,9.284598915912278,3.458757388677334,0.0
34.1363,28.40353,37.95048,2293.81957,-0.1768,41.39054,9.257845650045999,3.448791093221355,0.0
34.15934,28.42808,37.94049,2288.69654,-0.15649,41.41138,9.22949906261797,3.4382312435608107,0.0
34.18233,28.4526,37.9317,2283.58477,-0.13738,41.43221,9.199681671109225,3.427123480681016,0.0
34.20526,28.47707,37.92404,2278.48534,-0.11952,41.45302,9.16851897335684,3.415514555828326,0.0
34.22813,28.50151,37.91742,2273.39931,-0.10298,41.47383,9.136138807259002,3.4034520919834375,0.0
34.25095,28.52591,37.91175,2268.32764,-0.0878,41.49462,9.102670725020474,3.3909843507513435,0.0
34.2737,28.55028,37.90696,2263.27128,-0.07403,41.51541,9.06824538642557,3.378160006339569,0.0
34.2964,28.5746,37.90295,2258.23107,-0.0617,41.53618,9.032993975090397,3.365027928096763,0.0
34.31904,28.59889,37.89963,2253.20781,-0.05085,41.55694,8.997047641113234,3.351636972885301,0.0
34.34162,28.62314,37.89692,2248.20224,-0.04151,41.57769,8.96053697303892,3.338035788374126,0.0
34.36414,28.64735,37.89472,2243.21501,-0.0337,41.59843,8.923591501483804,3.3242726281259833,0.0
34.38661,28.67153,37.89293,2238.24674,-0.02745,41.61916,8.886339236256454,3.310395179162708,0.0
34.40902,28.69567,37.89147,2233.29795,-0.02276,41.63988,8.848906238287245,3.2964504024977233,0.0
34.43137,28.71977,37.89024,2228.36911,-0.01966,41.6606,8.811416227191117,3.282484386942857,0.0
34.45367,28.74383,37.88914,2223.46062,-0.01814,41.6813,8.773990224810014,3.2685422163185076,0.0
34.47591,28.76786,37.88809,2218.57282,-0.01821,41.70199,8.736746234684993,3.2546678500485804,0.0
34.4981,28.79185,37.887,2213.70596,-0.01987,41.72267,8.69979895696967,3.2409040169582384,0.0
34.52023,28.8158,37.88576,2208.86027,-0.0231,41.74335,8.663259537987768,3.227292121977505,0.0
34.5423,28.83972,37.8843,2204.03587,-0.02789,41.76402,8.627235353291331,3.2138721653247373,0.0
34.56432,28.8636,37.88251,2199.23285,-0.03424,41.78467,8.591829822826726,3.2006826736510994,0.0
34.58628,28.88745,37.88032,2194.45122,-0.04211,41.80532,8.557142256599237,3.187760642546562,0.0
34.60819,28.91126,37.87765,2189.69095,-0.05149,41.82597,8.52326772898352,3.175141489717245,0.0
34.63004,28.93503,37.87439,2184.95193,-0.06234,41.8466,8.490296979782322,3.1628590181271763,0.0
34.65184,28.95877,37.87049,2180.234,-0.07463,41.86723,8.458316339903073,3.150945388310879,0.0
34.67359,28.98247,37.86585,2175.53694,-0.08834,41.88785,8.427407679562947,3.1394310990783834,0.0
34.69528,29.00614,37.8604,2170.8605,-0.10341,41.90846,8.39764837681722,3.1283449757912196,0.0
34.71692,29.02977,37.85407,2166.20435,-0.11981,41.92907,8.369111304213073,3.1177141653906046,0.0
34.7385,29.05337,37.84679,2161.56812,-0.1375,41.94967,8.34186483141114,3.1075641373740397,0.0
34.76004,29.07693,37.83849,2156.95138,-0.15641,41.97027,8.31597284162535,3.09791868991958,0.0
34.78151,29.10046,37.8291,2152.35368,-0.17652,41.99085,8.291494759797738,3.0887999603816993,0.0
34.80294,29.12395,37.81857,2147.77451,-0.19775,42.01144,8.268485590524243,3.0802284394196433,0.0
34.82432,29.14741,37.80685,2143.2133,-0.22005,42.03201,8.24699596381266,3.0722229880434706,0.0
34.84564,29.17084,37.79386,2138.66945,-0.24337,42.05258,8.227072186875857,3.0648008569083904,0.0
34.86691,29.19423,37.77958,2134.14235,-0.26765,42.07315,8.208756300273537,3.0579777072290457,0.0
34.88812,29.21758,37.76394,2129.6313,-0.29282,42.09371,8.192086136859118,3.051767632738777,0.0
34.90929,29.2409,37.74691,2125.1356,-0.31881,42.11426,8.177095382079367,3.046183182152823,0.0
34.93041,29.26419,37.72845,2120.6545,-0.34557,42.13481,8.163813634350372,3.0412353816599587,0.0
34.95147,29.28745,37.70853,2116.18724,-0.37303,42.15536,8.152266464365374,3.0369337570162176,0.0
34.97248,29.31067,37.68711,2111.73299,-0.40111,42.1759,8.14247547229901,3.033286354854992,0.0
34.99344,29.33385,37.66417,2107.29092,-0.42975,42.19643,8.134458342061988,3.0302997628983093,0.0
35.01435,29.35701,37.63969,2102.86018,-0.45887,42.21696,8.128228891860752,3.0279791287916487,0.0
35.03521,29.38012,37.61364,2098.43986,-0.4884,42.23749,8.123797120500706,3.0263281773531103,0.0
35.05602,29.40321,37.58602,2094.02908,-0.51828,42.25801,8.12116924895471,3.0253492260587644,0.0
35.07678,29.42626,37.55682,2089.62688,-0.54843,42.27853,8.120347756920985,3.0250431986614457,0.0
35.09749,29.44928,37.52602,2085.23232,-0.57876,42.29904,8.12133141418949,3.0254096368755445,0.0
35.11814,29.47227,37.49363,2080.84444,-0.60922,42.31954,8.124115306776883,3.02644671011297,0.0
35.13875,29.49522,37.45964,2076.46224,-0.63972,42.34004,8.128690857928799,3.0281512233070558,0.0
35.15931,29.51813,37.42408,2072.08474,-0.6702,42.36054,8.135045844228877,3.030518622913588,0.0
35.17982,29.54102,37.38694,2067.71093,-0.70057,42.38103,8.143164407138775,3.0335430012097713,0.0
35.20027,29.56387,37.34824,2063.3398,-0.73076,42.40152,8.153027060465718,3.037217099076084,0.0
35.22068,29.58669,37.308,2058.97031,-0.7607,42.422,8.164610694342835,3.041532307479061,0.0
35.24104,29.60947,37.26624,2054.60145,-0.79032,42.44247,8.177888576414343,3.046478667912801,0.0
35.26135,29.63222,37.22299,2050.23218,-0.81955,42.46294,8.192830351062188,3.0520448721108746,0.0
35.2816,29.65493,37.17827,2045.86147,-0.84831,42.48341,8.209402037576606,3.058218261364809,0.0
35.30181,29.67761,37.13213,2041.48831,-0.87654,42.50387,8.227566028302016,3.0649848258333847,0.0
35.32197,29.70026,37.0846,2037.11165,-0.90416,42.52432,8.24728108784589,3.0723292042479136,0.0
35.34208,29.72287,37.03571,2032.7305,-0.93111,42.54477,8.268502354573908,3.0802346844692328,0.0
35.36214,29.74545,36.98551,2028.34384,-0.95733,42.56521,8.291181345627564,3.088683205356887,0.0
35.38214,29.768,36.93406,2023.95067,-0.98275,42.58564,8.315265966818268,3.0976553604549473,0.0
35.4021,29.79051,36.88139,2019.55003,-1.0073,42.60607,8.340700528782973,3.1071304040104013,0.0
35.42201,29.81298,36.82757,2015.14093,-1.03093,42.62649,8.367425770818398,3.1170862598520364,0.0
35.44187,29.83542,36.77264,2010.72244,-1.05359,42.6469,8.395378893866816,3.1274995336785034,0.0
35.46168,29.85783,36.71667,2006.29363,-1.07521,42.66731,8.424493604118599,3.138345529301424,0.0
35.48143,29.88019,36.65972,2001.85361,-1.09574,42.6877,8.45470016867792,3.149598269382317,0.0
35.50114,29.90253,36.60184,1997.4015,-1.11514,42.70809,8.485925484777482,3.161230521216918,0.0
35.5208,29.92483,36.54312,1992.93646,-1.13335,42.72847,8.518093163913528,3.173213828077672,0.0
35.54041,29.94709,36.48361,1988.45767,-1.15034,42.74884,8.551123632243975,3.18551854661469,0.0
35.55996,29.96932,36.42338,1983.96437,-1.16606,42.7692,8.58493424853114,3.198113890792514,0.0
35.57947,29.99151,36.36251,1979.45582,-1.18047,42.78956,8.619439440752362,3.210967982781167,0.0
35.59892,30.01366,36.30107,1974.93131,-1.19355,42.8099,8.654550862430852,3.2240479111935096,0.0
35.61833,30.03578,36.23912,1970.39018,-1.20526,42.83023,8.69017756953572,3.237319796985153,0.0
35.63768,30.05785,36.17676,1965.83183,-1.21557,42.85055,8.726226218654794,3.2507488672790505,0.0
35.65698,30.0799,36.11404,1961.25569,-1.22446,42.87086,8.762601286947804,3.2642995373038453,0.0
35.67623,30.1019,36.05105,1956.66124,-1.23192,42.89116,8.799205314134708,3.2779355005408863,0.0
35.69543,30.12387,35.98786,1952.04801,-1.23794,42.91145,8.83593916658159,3.2916198271031765,0.0
35.71458,30.1458,35.92456,1947.41559,-1.24249,42.93172,8.872702323239968,3.3053150702552907,0.0
35.73368,30.16769,35.86121,1942.76362,-1.24558,42.95198,8.909393182951764,3.3189833808925546,0.0
35.75272,30.18954,35.79789,1938.0918,-1.2472,42.97223,8.945909392344172,3.3325866296905207,0.0
35.77171,30.21135,35.73468,1933.39988,-1.24736,42.99246,8.982148193211893,3.3460865365139836,0.0
35.79065,30.23312,35.67165,1928.68767,-1.24607,43.01269,9.018006788020557,3.3594448065766236,0.0
35.80954,30.25486,35.60888,1923.95505,-1.24333,43.03289,9.053382721836433,3.3726232727198755,0.0
35.82838,30.27655,35.54643,1919.20195,-1.23917,43.05308,9.088174278694831,3.3855840430705837,0.0
35.84716,30.2982,35.48439,1914.42836,-1.23361,43.07326,9.122280890136494,3.398289653231559,0.0
35.86589,30.31981,35.42281,1909.63435,-1.22668,43.09342,9.155603553366321,3.410703222056707,0.0
35.88456,30.34139,35.36177,1904.82003,-1.21839,43.11357,9.188045256216006,3.4227886099607896,0.0
35.90319,30.36292,35.30132,1899.98558,-1.2088,43.1337,9.219511405888612,3.4345105786380605,0.0
35.92176,30.38441,35.24154,1895.13125,-1.19794,43.15381,9.249910258254063,3.4458349509861357,0.0
35.94027,30.40585,35.18248,1890.25735,-1.18586,43.1739,9.279153344289952,3.456728769966404,0.0
35.95874,30.42726,35.1242,1885.36422,-1.1726,43.19398,9.307155890172833,3.4671604550991026,0.0
35.97715,30.44862,35.06675,1880.45231,-1.15821,43.21404,9.333837227407868,3.477099955247387,0.0
35.9955,30.46994,35.01018,1875.52208,-1.14276,43.23408,9.359121189383492,3.486518896344384,0.0
36.0138,30.49122,34.95455,1870.57408,-1.1263,43.2541,9.382936490750783,3.4953907227219916,0.0
36.03205,30.51245,34.89989,1865.6089,-1.10889,43.27411,9.405217086104518,3.503690830729005,0.0
36.05024,30.53364,34.84625,1860.62717,-1.09061,43.29409,9.425902504530004,3.511396693358613,0.0
36.06838,30.55479,34.79366,1855.6296,-1.07153,43.31405,9.444938156823005,3.5184879746959115,0.0
36.08647,30.57589,34.74216,1850.61692,-1.05171,43.334,9.462275612359738,3.524946633059254,0.0
36.1045,30.59695,34.69177,1845.58992,-1.03123,43.35392,9.477872842871085,3.530757011812565,0.0
36.12247,30.61797,34.64252,1840.54942,-1.01017,43.37383,9.491694430719413,3.53590591695393,0.0
36.14039,30.63894,34.59443,1835.49628,-0.98862,43.39371,9.503711739610232,3.5403826807101866,0.0
36.15826,30.65986,34.54751,1830.4314,-0.96664,43.41357,9.513903046042152,3.5441792105054875,0.0
36.17607,30.68074,34.50179,1825.35572,-0.94434,43.43342,9.522253630248422,3.5472900228394164,0.0
36.19382,30.70157,34.45726,1820.27018,-0.92179,43.45324,9.528755825786545,3.5497122617604293,0.0
36.21152,30.72236,34.41394,1815.17578,-0.89907,43.47303,9.533409027378433,3.551445701786509,0.0
36.22916,30.7431,34.37182,1810.0735,-0.87628,43.49281,9.536219657069621,3.5524927352985944,0.0
36.24675,30.7638,34.33089,1804.96437,-0.8535,43.51256,9.537201089205789,3.552858344592352,0.0
36.26429,30.78445,34.29115,1799.84942,-0.83081,43.5323,9.536373535157708,3.5525500589351835,0.0
36.28177,30.80506,34.25259,1794.72968,-0.80831,43.55201,9.533763889160772,3.551577897137407,0.0
36.29919,30.82561,34.21519,1789.60621,-0.78607,43.5717,9.529405537010538,3.549954296286298,0.0
36.31656,30.84612,34.17893,1784.48004,-0.76418,43.59136,9.523338129704866,3.5476940274218403,0.0
36.33387,30.86659,34.14378,1779.35221,-0.74273,43.61101,9.51560732448024,3.544814099065939,0.0
36.35113,30.88701,34.10973,1774.22377,-0.7218,43.63063,9.506264495955879,3.5413336496160026,0.0
36.36833,30.90738,34.07672,1769.09574,-0.70146,43.65022,9.495366420318609,3.537273829695492,0.0
36.38548,30.9277,34.04474,1763.96913,-0.68179,43.6698,9.482974935696273,3.532657675634089,0.0
36.40257,30.94798,34.01374,1758.84494,-0.66286,43.68935,9.469156582033314,3.5275099753118697,0.0
36.41961,30.96821,33.98368,1753.72415,-0.64476,43.70888,9.45398222379273,3.5218571276058572,0.0
36.43659,30.98839,33.95452,1748.6077,-0.62754,43.72839,9.437526658953686,3.5157269967313454,0.0
36.45351,31.00852,33.92621,1743.49653,-0.61127,43.74788,9.419868217710567,3.509148762746731,0.0
36.47039,31.02861,33.8987,1738.39153,-0.59601,43.76734,9.401088354243795,3.5021527694774117,0.0
36.4872,31.04865,33.87194,1733.29358,-0.58183,43.78678,9.38127123485137,3.4947703710839413,0.0
36.50397,31.06864,33.84588,1728.20351,-0.56878,43.8062,9.360503325604391,3.487033778452862,0.0
36.52067,31.08859,33.82046,1723.12212,-0.55691,43.8256,9.338872982518337,3.478975906524728,0.0
36.53733,31.10849,33.79562,1718.05017,-0.54626,43.84497,9.316470047045172,3.470630223604266,0.0
36.55393,31.12834,33.7713,1712.98839,-0.53688,43.86433,9.293385449489916,3.462030603622616,0.0
36.57047,31.14814,33.74744,1707.93746,-0.52881,43.88366,9.26971082268327,3.45321118222022,0.0
36.58696,31.1679,33.72399,1702.89801,-0.52208,43.90297,9.245538128046896,3.4442062174462955,0.0
36.6034,31.18761,33.70087,1697.87066,-0.51672,43.92226,9.220959295874014,3.4350499557539007,0.0
36.61978,31.20727,33.67803,1692.85595,-0.51275,43.94152,9.196065881413144,3.4257765038820733,0.0
36.63611,31.22689,33.6554,1687.85438,-0.51021,43.96077,9.170948738070807,3.416419707115237,0.0
36.65239,31.24646,33.63292,1682.86643,-0.5091,43.97999,9.145697708782244,3.40701303431068,0.0
36.66861,31.26598,33.61052,1677.89251,-0.50944,43.9992,9.120401336336819,3.3975894699871434,0.0
36.68478,31.28546,33.58814,1672.93298,-0.51123,44.01838,9.095146593228135,3.3881814136868753,0.0
36.70089,31.30488,33.56572,1667.98818,-0.51448,44.03755,9.070018631311234,3.37882058671636,0.0
36.71696,31.32427,33.54319,1663.05838,-0.51918,44.05669,9.045100551382584,3.369537946308796,0.0
36.73297,31.3436,33.52049,1658.14381,-0.52534,44.07581,9.020473192579885,3.360363607169983,0.0
36.74893,31.36289,33.49756,1653.24465,-0.53294,44.09491,8.996214941290704,3.3513267702917573,0.0
36.76483,31.38213,33.47434,1648.36104,-0.54197,44.114,8.97240155914898,3.342455658876171,0.0
36.78069,31.40133,33.45077,1643.49308,-0.5524,44.13306,8.949106029487165,3.333777461134871,0.0
36.79649,31.42048,33.42679,1638.6408,-0.56423,44.15211,8.926398421548575,3.325318279704623,0.0
36.81224,31.43958,33.40234,1633.80422,-0.57742,44.17113,8.904345771633762,3.317103087371214,0.0
36.82794,31.45864,33.37737,1628.98329,-0.59195,44.19014,8.883011980261237,3.309155688759115,0.0
36.84359,31.47765,33.35183,1624.17793,-0.60777,44.20913,8.862457724380453,3.301498687628502,0.0
36.85919,31.49662,33.32567,1619.38801,-0.62487,44.2281,8.842740383620002,3.2941534594007758,0.0
36.87473,31.51554,33.29884,1614.61337,-0.64318,44.24705,8.823913979511357,3.287140128517801,0.0
36.89023,31.53442,33.27128,1609.8538,-0.66269,44.26598,8.80602912665398,3.2804775502496284,0.0
36.90567,31.55325,33.24296,1605.10906,-0.68332,44.2849,8.789132994724962,3.274183296542082,0.0
36.92107,31.57203,33.21384,1600.37886,-0.70505,44.3038,8.773269280331979,3.268273645531249,0.0
36.93641,31.59077,33.18387,1595.6629,-0.72782,44.32267,8.758478187662774,3.2627635743349006,0.0
36.9517,31.60947,33.15302,1590.96081,-0.75157,44.34154,8.744796416973607,3.2576667547641325,0.0
36.96695,31.62812,33.12126,1586.27221,-0.77624,44.36038,8.732257159978559,3.252995551605769,0.0
36.98214,31.64672,33.08854,1581.59669,-0.80179,44.37921,8.720890101280501,3.248761023155429,0.0
36.99728,31.66528,33.05485,1576.93378,-0.82814,44.39802,8.710721425021429,3.2449729236949487,0.0
37.01238,31.68379,33.02016,1572.28303,-0.85525,44.41681,8.701773826038076,3.2416397076481522,0.0
37.02742,31.70226,32.98444,1567.64391,-0.88303,44.43559,8.694066524845548,3.2387685351626363,0.0
37.04242,31.72069,32.94767,1563.0159,-0.91143,44.45435,8.687615285864725,3.236365278899966,0.0
37.05736,31.73907,32.90985,1558.39845,-0.94038,44.47309,8.682432438407233,3.2344345318531262,0.0
37.07226,31.7574,32.87094,1553.79096,-0.96982,44.49181,8.678526899999781,3.232979616035451,0.0
37.08711,31.77569,32.83094,1549.19284,-0.99967,44.51052,8.67590420170013,3.2320025919114848,0.0
37.10191,31.79394,32.78985,1544.60348,-1.02986,44.52921,8.674566515181043,3.231504268486475,0.0
37.11666,31.81214,32.74766,1540.02222,-1.06033,44.54788,8.674512681399353,3.2314842139863433,0.0
37.13137,31.8303,32.70436,1535.44842,-1.091,44.56654,8.675738240791036,3.231940767106154,0.0
37.14602,31.84841,32.65995,1530.8814,-1.1218,44.58518,8.678235464979426,3.2328710488222514,0.0
37.16063,31.86648,32.61444,1526.32048,-1.15266,44.60381,8.681993390086081,3.2342709748014404,0.0
37.17518,31.8845,32.56784,1521.76497,-1.18351,44.62241,8.68699785179743,3.2361352684642313,0.0
37.18969,31.90248,32.52015,1517.21417,-1.21428,44.641,8.693231522417454,3.238457474787935,0.0
37.20415,31.92042,32.47139,1512.66736,-1.2449,44.65957,8.70067395020194,3.241229974959716,0.0
37.21857,31.93831,32.42157,1508.12382,-1.2753,44.67813,8.709301601329418,3.2444440020118654,0.0
37.23293,31.95615,32.3707,1503.58285,-1.3054,44.69667,8.719087904912191,3.2480896575895932,0.0
37.24725,31.97395,32.31881,1499.04371,-1.33516,44.71519,8.7300033015383,3.2521559300341885,0.0
37.26152,31.99171,32.26592,1494.50568,-1.36449,44.73369,8.74201529580725,3.256630713953963,0.0
37.27574,32.00942,32.21206,1489.96805,-1.39332,44.75218,8.755088513439278,3.2615008314989513,0.0
37.28992,32.02709,32.15724,1485.43011,-1.42161,44.77065,8.769184763498554,3.266752055540693,0.0
37.30404,32.04471,32.10151,1480.89114,-1.44929,44.7891,8.784263106330732,3.2723691349807567,0.0
37.31812,32.06229,32.04489,1476.35044,-1.47629,44.80753,8.800279927798426,3.2783358224054084,0.0
37.33215,32.07982,31.98741,1471.80732,-1.50256,44.82594,8.817189020417622,3.284634904311061,0.0
37.34613,32.0973,31.92912,1467.26111,-1.52804,44.84434,8.834941671978532,3.291248234117875,0.0
37.36007,32.11474,31.87005,1462.71115,-1.55269,44.86271,8.853486762207055,3.298156768178691,0.0
37.37396,32.13214,31.81023,1458.15677,-1.57645,44.88107,8.872770867994799,3.305340604979986,0.0
37.3878,32.14949,31.74972,1453.59737,-1.59927,44.89941,8.892738377703926,3.312779027723435,0.0
37.40159,32.16679,31.68854,1449.03231,-1.62111,44.91773,8.913331614967747,3.3204505504448916,0.0
37.41533,32.18405,31.62675,1444.46103,-1.64192,44.93603,8.93449097234954,3.3283329678058085,0.0
37.42903,32.20126,31.56439,1439.88295,-1.66168,44.95431,8.956155055180787,3.336403408676773,0.0
37.44267,32.21843,31.50151,1435.29753,-1.68034,44.97257,8.978260835754938,3.344638393578737,0.0
37.45628,32.23555,31.43815,1430.70426,-1.69787,44.99081,9.000743818016547,3.353013896034053,0.0
37.46983,32.25262,31.37435,1426.10267,-1.71425,45.00903,9.023538212740952,3.361505407825514,0.0
37.48333,32.26965,31.31018,1421.49229,-1.72945,45.02722,9.046577123109403,3.370088008127977,0.0
37.49679,32.28663,31.24567,1416.87271,-1.74345,45.0454,9.069792740428076,3.378736436418837,0.0
37.5102,32.30357,31.18087,1412.24355,-1.75624,45.06355,9.09311654968174,3.3874251690521824,0.0
37.52356,32.32045,31.11584,1407.60444,-1.7678,45.08169,9.116479544395894,3.396128499300591,0.0
37.53687,32.33729,31.05062,1402.95508,-1.77813,45.0998,9.139812450219292,3.4048206206455083,0.0
37.55013,32.35408,30.98526,1398.29519,-1.78722,45.11789,9.163045956452464,3.413475713027706,0.0
37.56335,32.37083,30.9198,1393.62452,-1.79507,45.13595,9.18611095464643,3.422068031731585,0.0
37.57651,32.38753,30.85431,1388.94288,-1.80169,45.154,9.208938783247623,3.4305719985218484,0.0
37.58963,32.40417,30.78881,1384.2501,-1.80709,45.17202,9.231461477139202,3.4389622946042038,0.0
37.6027,32.42077,30.72337,1379.54606,-1.81127,45.19001,9.25361202081194,3.447213954938178,0.0
37.61573,32.43733,30.65802,1374.83069,-1.81426,45.20798,9.275324603771159,3.4553024633829277,0.0
37.6287,32.45383,30.5928,1370.10394,-1.81607,45.22593,9.296534876734182,3.4632038481375225,0.0
37.64162,32.47029,30.52777,1365.36582,-1.81674,45.24386,9.317180206995559,3.4708947768712184,0.0
37.6545,32.48669,30.46296,1360.61637,-1.8163,45.26175,9.337199931379782,3.4783526509549914,0.0
37.66733,32.50305,30.39841,1355.85569,-1.81477,45.27963,9.356535605041717,3.485555698146255,0.0
37.6801,32.51935,30.33416,1351.08388,-1.81219,45.29748,9.375131244409042,3.492483063091303,0.0
37.69283,32.53561,30.27024,1346.30114,-1.80861,45.3153,9.392933562503764,3.4991148949887667,0.0
37.70551,32.55182,30.2067,1341.50765,-1.80408,45.33309,9.409892194932127,3.5054324317768057,0.0
37.71814,32.56798,30.14355,1336.70367,-1.79863,45.35086,9.425959914768223,3.5114180801829047,0.0
37.73072,32.58409,30.08084,1331.88949,-1.79233,45.36861,9.44109283472671,3.517055491038527,0.0
37.74326,32.60014,30.01859,1327.06542,-1.78523,45.38632,9.455250594977374,3.5223296292449917,0.0
37.75574,32.61615,29.95682,1322.23182,-1.77738,45.40401,9.468396535108921,3.5272268378344953,0.0
37.76817,32.63211,29.89557,1317.3891,-1.76886,45.42168,9.480497848860663,3.5317348956117462,0.0
37.78056,32.64801,29.83484,1312.53766,-1.75971,45.43931,9.491525720303077,3.5358430678848065,0.0
37.79289,32.66387,29.77466,1307.67799,-1.75002,45.45692,9.501455440409009,3.539542149890926,0.0
37.80518,32.67967,29.71504,1302.81055,-1.73984,45.4745,9.510266502992403,3.54282450253625,0.0
37.81742,32.69542,29.65599,1297.93587,-1.72925,45.49205,9.517942679287938,3.5456840801786904,0.0
37.8296,32.71112,29.59754,1293.05448,-1.71833,45.50957,9.524472070521288,3.548116450211736,0.0
37.84174,32.72677,29.53968,1288.16696,-1.70713,45.52707,9.52984713811915,3.55011880431848,0.0
37.85383,32.74237,29.48241,1283.2739,-1.69575,45.54453,9.534064711308048,3.5516899613023747,0.0
37.86587,32.75791,29.42575,1278.37589,-1.68425,45.56197,9.537125972133255,3.5528303615063836,0.0
37.87785,32.7734,29.36969,1273.47357,-1.67272,45.57938,9.539036418091294,3.553542052892612,0.0
37.88979,32.78884,29.31423,1268.56757,-1.66122,45.59676,9.539805802761006,3.553828668925808,0.0
37.90168,32.80423,29.25936,1263.65856,-1.64984,45.61411,9.539448055040207,3.553695398486902,0.0
37.91352,32.81957,29.20508,1258.74718,-1.63865,45.63143,9.537981177753041,3.553148948101568,0.0
37.92531,32.83485,29.15138,1253.83412,-1.62772,45.64872,9.535427126542906,3.5521974968246606,0.0
37.93705,32.85008,29.09823,1248.92005,-1.61714,45.66599,9.531811670200803,3.5508506442088454,0.0
37.94874,32.86526,29.04563,1244.00566,-1.60698,45.68322,9.527164233602234,3.5491193517944626,0.0
37.96038,32.88038,28.99357,1239.09162,-1.5973,45.70042,9.521517724663742,3.5470158786462824,0.0
37.97198,32.89546,28.94201,1234.17862,-1.58819,45.7176,9.5149083467422,3.5445537114673087,0.0
37.98352,32.91047,28.89094,1229.26734,-1.57971,45.73474,9.507375398049566,3.5417474898754935,0.0
37.99501,32.92544,28.84034,1224.35845,-1.57192,45.75186,9.498961059668872,3.5386129274341176,0.0
38.00645,32.94035,28.79017,1219.45261,-1.5649,45.76895,9.489710173841944,3.535166729058133,0.0
38.01785,32.95521,28.74042,1214.55049,-1.5587,45.78601,9.479670014188711,3.531426505414804,0.0
38.02919,32.97002,28.69105,1209.65273,-1.55339,45.80303,9.46889004954786,3.527410684948146,0.0
38.04049,32.98477,28.64204,1204.75996,-1.54902,45.82003,9.457421703089695,3.5231384241421235,0.0
38.05174,32.99948,28.59334,1199.8728,-1.54564,45.837,9.445318108344166,3.51862951663467,0.0
38.06294,33.01412,28.54493,1194.99184,-1.54332,45.85395,9.432633863709576,3.513904301765723,0.0
38.07408,33.02872,28.49677,1190.11768,-1.54208,45.87086,9.419424786958295,3.5089835731241448,0.0
38.08518,33.04326,28.44884,1185.25086,-1.54199,45.88774,9.405747671196346,3.503888487636244,0.0
38.09624,33.05775,28.40108,1180.39193,-1.54307,45.9046,9.391660043599503,3.4986404756886302,0.0
38.10724,33.07218,28.35347,1175.54142,-1.54537,45.92142,9.377219928195753,3.4932611527584303,0.0
38.11819,33.08656,28.30596,1170.6998,-1.54891,45.93822,9.362485613835512,3.4877722329760976,0.0
38.1291,33.10089,28.25852,1165.86756,-1.55373,45.95499,9.347515428372786,3.4821954450019463,0.0
38.13996,33.11517,28.21111,1161.04513,-1.55985,45.97173,9.332367520008475,3.476552450570784,0.0
38.15077,33.12939,28.16369,1156.23294,-1.56729,45.98845,9.317099646558626,3.470864765988788,0.0
38.16153,33.14356,28.11622,1151.43137,-1.57607,46.00513,9.30176897337955,3.4651536868552943,0.0
38.17224,33.15768,28.06867,1146.64079,-1.58619,46.02179,9.286431880491051,3.4594402162111266,0.0
38.18291,33.17174,28.02099,1141.86152,-1.59768,46.03842,9.271143779374261,3.4537449962909736,0.0
38.19352,33.18576,27.97315,1137.09387,-1.61052,46.05503,9.255958939800637,3.4480882440126237,0.0
38.20409,33.19972,27.9251,1132.33812,-1.62472,46.0716,9.240930326929407,3.4424896902914868,0.0
38.21462,33.21362,27.87682,1127.59451,-1.64029,46.08815,9.226109448855915,3.43696852324834,0.0
38.22509,33.22748,27.82826,1122.86326,-1.6572,46.10468,9.211546214650303,3.4315433353249967,0.0
38.23552,33.24128,27.77939,1118.14454,-1.67545,46.12117,9.19728880289335,3.4262320743104504,0.0
38.2459,33.25503,27.73017,1113.43852,-1.69502,46.13764,9.18338354061638,3.421051998242809,0.0
38.25624,33.26873,27.68058,1108.74532,-1.7159,46.15408,9.1698747924775,3.4160196341245213,0.0
38.26653,33.28237,27.63056,1104.06504,-1.73805,46.1705,9.15680486001835,3.411150740392867,0.0
38.27677,33.29596,27.58011,1099.39774,-1.76146,46.18689,9.144213890673631,3.4064602730236184,0.0
38.28696,33.30951,27.52917,1094.74346,-1.78609,46.20326,9.132139796306523,3.4019623551833282,0.0
38.29711,33.32299,27.47773,1090.1022,-1.81191,46.2196,9.120618180920223,3.3976702502999854,0.0
38.30721,33.33643,27.42576,1085.47396,-1.83888,46.23591,9.109682277184044,3.3935963384173142,0.0
38.31727,33.34982,27.37323,1080.85868,-1.86697,46.2522,9.099362891445868,3.3897520957104637,0.0
38.32728,33.36315,27.32011,1076.25628,-1.89612,46.26847,9.08968835684498,3.386148077019308,0.0
38.33725,33.37644,27.26639,1071.66667,-1.9263,46.2847,9.080684494168091,3.3827939012662807,0.0
38.34717,33.38967,27.21204,1067.08973,-1.95746,46.30092,9.072374580063235,3.3796982396152226,0.0
38.35704,33.40285,27.15704,1062.52529,-1.98955,46.31711,9.064779322298115,3.3768688062544565,0.0
38.36687,33.41598,27.10137,1057.97319,-2.02251,46.33327,9.057916841687343,3.374312351664212,0.0
38.37665,33.42905,27.04502,1053.43323,-2.05629,46.34941,9.051802660395154,3.37203465825908,0.0
38.38639,33.44208,26.98797,1048.90518,-2.09083,46.36553,9.046449696315177,3.370040538294327,0.0
38.39609,33.45506,26.93021,1044.38881,-2.12608,46.38162,9.041868263261993,3.368333833937258,0.0
38.40574,33.46798,26.87173,1039.88386,-2.16197,46.39769,9.038066076734316,3.366917419414149,0.0
38.41534,33.48085,26.81252,1035.39004,-2.19845,46.41373,9.035048265035652,3.3657932051529915,0.0
38.4249,33.49368,26.75257,1030.90707,-2.23545,46.42975,9.032817385604817,3.364962143867036,0.0
38.43442,33.50645,26.69188,1026.43461,-2.27291,46.44575,9.0313734463739,3.3644242385111913,0.0
38.44389,33.51917,26.63045,1021.97235,-2.31077,46.46172,9.030713932060857,3.364178552076718,0.0
38.45331,33.53184,26.56827,1017.51994,-2.34896,46.47767,9.03083383532871,3.3642232191988377,0.0
38.4627,33.54446,26.50534,1013.07702,-2.38742,46.49359,9.031725692718133,3.364555459542577,0.0
38.47204,33.55703,26.44166,1008.64322,-2.42608,46.50949,9.03337962537772,3.36517159297586,0.0
38.48133,33.56955,26.37725,1004.21817,-2.46488,46.52537,9.035783384554403,3.366067056515886,0.0
38.49058,33.58202,26.3121,999.80148,-2.50376,46.54122,9.038922401886083,3.367236423064454,0.0
