0.0513,0.0513,55.46851,5423.84112,-0.50667,45.00011,4.110107815192534,1.531123304604356,0.0
0.10258,0.10258,55.39614,5421.66247,-0.5128,45.00027,4.148822534750168,1.5455455562851526,0.0
0.15383,0.15383,55.32296,5419.46343,-0.51838,45.00049,4.188341399300105,1.5602673731339107,0.0
0.20507,0.20507,55.24907,5417.24344,-0.5234,45.00077,4.228631704190854,1.575276571807437,0.0
0.25629,0.25629,55.17453,5415.00193,-0.52783,45.00111,4.2696583081325405,1.5905600612506323,0.0
0.30748,0.30749,55.09944,5412.73834,-0.53168,45.00151,4.31138356031979,1.6061038155478415,0.0
0.35866,0.35867,55.02388,5410.45215,-0.53493,45.00196,4.3537672346180205,1.6218928494055194,0.0
0.40981,0.40982,54.94793,5408.14285,-0.53757,45.00247,4.396766471863158,1.6379111966573556,0.0
0.46094,0.46096,54.87169,5405.80995,-0.53959,45.00304,4.440335731400445,1.6541418922112079,0.0
0.51205,0.51208,54.79524,5403.45299,-0.54098,45.00366,4.484426752981024,1.670566957854571,0.0
0.56313,0.56317,54.71866,5401.07154,-0.54174,45.00434,4.528988530170431,1.687167392348548,0.0
0.6142,0.61425,54.64206,5398.66518,-0.54186,45.00508,4.573967296416913,1.7039231662379284,0.0
0.66524,0.6653,54.56553,5396.23354,-0.54133,45.00587,4.619306524927187,1.7208132218049037,0.0
0.71625,0.71633,54.48915,5393.77626,-0.54015,45.00672,4.664946943479793,1.7378154785874353,0.0
0.76725,0.76734,54.41301,5391.29303,-0.53831,45.00763,4.710826565253426,1.7549068448636147,0.0
0.81822,0.81833,54.33722,5388.78357,-0.53581,45.00859,4.756880736722962,1.772063235494197,0.0
0.86916,0.8693,54.26186,5386.24762,-0.53265,45.00961,4.803042203582052,1.7892595964804994,0.0
0.92008,0.92024,54.18703,5383.68499,-0.52883,45.01068,4.8492411955793795,1.8064699365681411,0.0
0.97098,0.97117,54.11283,5381.0955,-0.52434,45.01181,4.895405531036476,1.8236673661826786,0.0
1.02184,1.02208,54.03886,5378.47983,-0.52598,45.04496,4.941794504059292,1.8409484792010162,23.999999590604137
1.07264,1.073,53.96473,5375.83842,-0.52701,45.07848,4.988678840851232,1.8584141282571582,23.999999590604137
1.12339,1.12393,53.89055,5373.17089,-0.52742,45.11238,5.036002751207011,1.876043530031707,23.999999590604137
1.17408,1.17486,53.81638,5370.47682,-0.52722,45.14666,5.083707064447523,1.893814641889821,23.999999590604137
1.22472,1.2258,53.74233,5367.75589,-0.52639,45.18132,5.131729845352983,1.9117043913325162,23.999999590604137
1.2753,1.27675,53.66847,5365.00775,-0.52493,45.21638,5.180006429750152,1.929688689253845,23.999999590604137
1.32583,1.3277,53.5949,5362.23214,-0.52283,45.25182,5.228469477129431,1.9477424495421458,23.999999590604137
1.3763,1.37866,53.52171,5359.42881,-0.5201,45.28765,5.277049041243079,1.9658396153797393,23.999999590604137
1.42671,1.42963,53.44898,5356.59754,-0.51674,45.32387,5.325672659498536,1.9839531925442908,23.999999590604137
1.47706,1.4806,53.37681,5353.73819,-0.51274,45.36048,5.374265461888838,2.002055289988258,23.999999590604137
1.52735,1.53158,53.30528,5350.85062,-0.5081,45.39748,5.422750300050636,2.020117167916397,23.999999590604137
1.57758,1.58257,53.23449,5347.93475,-0.50283,45.43488,5.47104789691792,2.0381092935357157,23.999999590604137
1.62775,1.63356,53.16451,5344.99056,-0.49694,45.47266,5.5190770172803365,2.0560014045929282,23.999999590604137
1.67786,1.68456,53.09544,5342.01805,-0.49041,45.51083,5.566754659349584,2.073762580737985,23.999999590604137
1.72791,1.73557,53.02737,5339.0173,-0.48327,45.54939,5.61399626729335,2.091361322698553,23.999999590604137
1.7779,1.78658,52.96037,5335.98841,-0.47551,45.58833,5.660715964439026,2.1087656391545315,23.999999590604137
1.82783,1.8376,52.89454,5332.93154,-0.46715,45.62765,5.706826806667374,2.1259431411338685,23.999999590604137
1.87769,1.88863,52.82996,5329.84691,-0.45819,45.66734,5.752241055259762,2.142861143655328,23.999999590604137
1.92749,1.93967,52.7667,5326.73479,-0.44865,45.70741,5.796870468247735,2.159486774263877,23.999999590604137
1.97722,1.99071,52.70485,5323.59548,-0.43854,45.74784,5.840626609042785,2.1757870880033865,23.999999590604137
2.02689,2.04176,52.64449,5320.42936,-0.42787,45.78863,5.883421170910044,2.19172918829163,23.999999590604137
2.07649,2.09281,52.58568,5317.23685,-0.41666,45.82978,5.92516631557904,2.207280353061693,23.999999590604137
2.12603,2.14388,52.52851,5314.01842,-0.40492,45.87127,5.965775024070478,2.2224081654541785,23.999999590604137
2.1755,2.19495,52.47304,5310.77461,-0.39267,45.91311,6.005161457582293,2.237080648256766,23.999999590604137
2.2249,2.24603,52.41935,5307.506,-0.37993,45.95527,6.043241326062014,2.251266401207102,23.999999590604137
2.27423,2.29711,52.36748,5304.2132,-0.36671,45.99776,6.079932261907496,2.264934740206168,23.999999590604137
2.3235,2.3482,52.31752,5300.89692,-0.35305,46.04057,6.115154196075382,2.2780558374285693,23.999999590604137
2.3727,2.3993,52.26951,5297.55787,-0.33895,46.08368,6.148829733709307,2.290600861253928,23.999999590604137
2.42182,2.45041,52.22352,5294.19684,-0.32445,46.12709,6.180884526314106,2.3025421149115686,23.999999590604137
2.47088,2.50152,52.17959,5290.81465,-0.30957,46.17078,6.211247637399002,2.3138531726922262,23.999999590604137
2.51987,2.55264,52.13778,5287.41217,-0.29434,46.21474,6.239851898508223,2.324509012578817,23.999999590604137
2.56879,2.60377,52.09812,5283.99033,-0.27878,46.25897,6.266634252490767,2.334486144123459,23.999999590604137
2.61764,2.6549,52.06066,5280.55006,-0.26291,46.30344,6.291536080980974,2.3437627304426014,23.999999590604137
2.66641,2.70605,52.02544,5277.09237,-0.24677,46.34816,6.314503513066454,2.352318703203951,23.999999590604137
2.71512,2.75719,51.99249,5273.61829,-0.23039,46.3931,6.3354877122747615,2.3601358695365557,23.999999590604137
2.76375,2.80835,51.96183,5270.12888,-0.21379,46.43825,6.354445139185012,2.367198009860546,23.999999590604137
2.81231,2.85951,51.9335,5266.62522,-0.19701,46.4836,6.371337787134785,2.3734909656941547,23.999999590604137
2.8608,2.91068,51.90751,5263.10845,-0.18008,46.52913,6.3861333887634535,2.3790027165965415,23.999999590604137
2.90921,2.96186,51.88388,5259.5797,-0.16303,46.57484,6.398805591378665,2.3837234454964253,23.999999590604137
2.95755,3.01304,51.86261,5256.04015,-0.14588,46.6207,6.409334099467598,2.3876455917812733,23.999999590604137
3.00582,3.06423,51.84373,5252.49097,-0.12868,46.6667,6.417704782963639,2.3907638916294864,23.999999590604137
3.05401,3.11542,51.82722,5248.93336,-0.11146,46.71284,6.423909750257984,2.3930754052091454,23.999999590604137
3.10214,3.16663,51.8131,5245.36853,-0.09424,46.75909,6.427947385298773,2.394579530498411,23.999999590604137
3.15018,3.21783,51.80134,5241.7977,-0.07706,46.80544,6.429822348493532,2.39527800362171,23.999999590604137
3.19815,3.26905,51.79194,5238.22209,-0.05995,46.85187,6.429545541505982,2.395174885735617,23.999999590604137
3.24605,3.32027,51.78489,5234.64292,-0.04295,46.89838,6.4271340364209175,2.3942765366409122,23.999999590604137
3.29388,3.3715,51.78016,5231.0614,-0.02608,46.94494,6.422610970099548,2.3925915754271654,23.999999590604137
3.34163,3.42273,51.77774,5227.47874,-0.00938,46.99154,6.416005404940346,2.3901308286024827,23.999999590604137
3.3893,3.47398,51.77759,5223.89615,0.00712,47.03818,6.4073521575152155,2.3869072662559794,23.999999590604137
3.4369,3.52522,51.77967,5220.31481,0.02339,47.08483,6.396691596950716,2.3829359269494734,23.999999590604137
3.48443,3.57648,51.78397,5216.7359,0.0394,47.13148,6.384069415137802,2.3782338321145717,23.999999590604137
3.53188,3.62774,51.79042,5213.16056,0.05512,47.17813,6.369536371105026,2.3728198908249607,23.999999590604137
3.57926,3.679,51.79899,5209.58993,0.07052,47.22474,6.3531480121329205,2.3667147959041754,23.999999590604137
3.62657,3.73027,51.80964,5206.02511,0.08558,47.27133,6.334964374333564,2.3599409123836104,23.999999590604137
3.6738,3.78155,51.82231,5202.46717,0.10027,47.31786,6.315049665525294,2.3525221593650048,23.999999590604137
3.72095,3.83283,51.83693,5198.91716,0.11456,47.36433,6.293471933406067,2.3444838864062922,23.999999590604137
3.76804,3.88412,51.85347,5195.3761,0.12842,47.41074,6.270302721961213,2.335852745524441,23.999999590604137
3.81505,3.93542,51.87185,5191.84496,0.14185,47.45706,6.245616719166141,2.326656559955452,23.999999590604137
3.86198,3.98672,51.89201,5188.32468,0.1548,47.50329,6.219491398943862,2.3169241907741074,23.999999590604137
3.90884,4.03802,51.91388,5184.81617,0.16726,47.54942,6.192006660306444,2.306685402464672,23.999999590604137
3.95563,4.08934,51.93739,5181.32029,0.17921,47.59544,6.163244466489312,2.2959707284889252,23.999999590604137
4.00235,4.14066,51.96247,5177.83787,0.19063,47.64134,6.133288486816937,2.2848113378717043,23.999999590604137
4.04899,4.19198,51.98905,5174.36967,0.20151,47.68711,6.102223743796984,2.2732389037341907,23.999999590604137
4.09557,4.24331,52.01704,5170.91645,0.21182,47.73274,6.07013626785981,2.2612854746752893,23.999999590604137
4.14207,4.29464,52.04637,5167.47889,0.22155,47.77824,6.037112761888323,2.2489833498001746,23.999999590604137
4.1885,4.34598,52.07696,5164.05764,0.23069,47.82358,6.003240277539499,2.2363649581415355,23.999999590604137
4.23485,4.39733,52.10872,5160.65329,0.23922,47.86877,5.968605905083628,2.223462743116539,23.999999590604137
4.28114,4.44868,52.14157,5157.26642,0.24714,47.9138,5.933296478297307,2.210309052591702,23.999999590604137
4.32735,4.50004,52.17543,5153.89751,0.25443,47.95867,5.897398295705992,2.196936035038407,23.999999590604137
4.3735,4.5514,52.2102,5150.54705,0.26109,48.00337,5.860996859241918,2.183375542176103,23.999999590604137
4.41957,4.60277,52.24581,5147.21545,0.2671,48.0479,5.824176631148472,2.1696590384127874,23.999999590604137
4.46558,4.65415,52.28216,5143.90308,0.27247,48.09225,5.7870208097630655,2.155817517318225,23.999999590604137
4.51151,4.70552,52.31916,5140.61028,0.27718,48.13642,5.749611124577672,2.1418814252786094,23.999999590604137
4.55738,4.75691,52.35673,5137.33732,0.28124,48.18042,5.712027650795695,2.127880592414112,23.999999590604137
4.60318,4.8083,52.39478,5134.08446,0.28464,48.22423,5.674348643389581,2.1138441707609834,23.999999590604137
4.64891,4.8597,52.43322,5130.85188,0.28738,48.26787,5.636650390523129,2.0998005796675003,23.999999590604137
4.69457,4.9111,52.47196,5127.63974,0.28946,48.31132,5.599007086026355,2.0857774582875015,23.999999590604137
4.74016,4.96251,52.51091,5124.44817,0.29088,48.35459,5.561490720459249,2.0718016249987676,23.999999590604137
4.78569,5.01392,52.54998,5121.27723,0.29164,48.39768,5.524170990197121,2.0578990435349245,23.999999590604137
4.83115,5.06534,52.58908,5118.12697,0.29175,48.44059,5.4871152238531264,2.044094795575895,23.999999590604137
4.87655,5.11676,52.62813,5114.99738,0.29121,48.48332,5.45038832524111,2.0304130595000576,23.999999590604137
4.92187,5.16819,52.66704,5111.88843,0.29003,48.52588,5.414052732041161,2.016877094986081,23.999999590604137
4.96714,5.21963,52.70573,5108.80003,0.28821,48.56826,5.378168389237929,2.0035092331179936,23.999999590604137
5.01233,5.27107,52.74411,5105.73209,0.28576,48.61048,5.342792736366904,1.9903308716340904,23.999999590604137
5.05746,5.32252,52.7821,5102.68446,0.28269,48.65252,5.307980707563501,1.9773624749452192,23.999999590604137
5.10253,5.37397,52.81961,5099.65697,0.27901,48.6944,5.273784743408078,1.9646235785473565,23.999999590604137
5.14753,5.42543,52.85657,5096.64941,0.27472,48.73613,5.240254813518691,1.9521327974380085,23.999999590604137
5.19247,5.47689,52.8929,5093.66155,0.26984,48.77769,5.207438448868351,1.939907838155237,23.999999590604137
5.23735,5.52836,52.92852,5090.69312,0.26438,48.81911,5.1753807828087695,1.927965514060084,23.999999590604137
5.28216,5.57984,52.96334,5087.74385,0.25835,48.86038,5.144124599796698,1.9163217634884173,23.999999590604137
5.32691,5.63132,52.99731,5084.8134,0.25176,48.90151,5.113710390840505,1.9049916704062353,23.999999590604137
5.3716,5.68281,53.03035,5081.90143,0.24463,48.94251,5.084176414730861,1.8939894872197132,23.999999590604137
5.41622,5.73431,53.06238,5079.00759,0.23697,48.98338,5.055558764135135,1.8833286593971013,23.999999590604137
5.46078,5.78581,53.09335,5076.13147,0.22879,49.02412,5.027891435691596,1.8730218515806596,23.999999590604137
5.50528,5.83732,53.12317,5073.27268,0.22011,49.06475,5.001206403270873,1.8630809748784798,23.999999590604137
5.54972,5.88883,53.1518,5070.43077,0.21095,49.10527,4.975533693629577,1.853517215047453,23.999999590604137
5.5941,5.94035,53.17916,5067.6053,0.20132,49.14569,4.9509014637085516,1.8443410612888955,23.999999590604137
5.63842,5.99188,53.20519,5064.79579,0.19123,49.18601,4.927336078897314,1.8355623354041184,23.999999590604137
5.68267,6.04341,53.22985,5062.00174,0.1807,49.22624,4.9048621916130735,1.827190221067176,23.999999590604137
5.72687,6.09495,53.25307,5059.22267,0.16976,49.26639,4.883502819603118,1.8192332929945667,23.999999590604137
5.771,6.1465,53.2748,5056.45802,0.15841,49.30647,4.863279423419336,1.8116995458065295,23.999999590604137
5.81508,6.19805,53.29499,5053.70728,0.14668,49.34648,4.844211982552094,1.8045964223889193,23.999999590604137
5.85909,6.24961,53.3136,5050.96987,0.13459,49.38643,4.82631906977337,1.7979308415879742,23.999999590604137
5.90305,6.30118,53.33057,5048.24524,0.12214,49.42633,4.80961792325643,1.7917092250768027,23.999999590604137
5.94695,6.35275,53.34587,5045.53279,0.10937,49.46619,4.794124516085815,1.7859375232496715,23.999999590604137
5.99078,6.40433,53.35945,5042.83192,0.09628,49.50602,4.779853622819603,1.7806212400182073,23.999999590604137
6.03456,6.45592,53.37128,5040.14203,0.08291,49.54582,4.766818882782743,1.7757654563898253,23.999999590604137
6.07828,6.50752,53.38132,5037.46249,0.06926,49.5856,4.755032859818111,1.7713748527265725,23.999999590604137
6.12194,6.55912,53.38954,5034.79267,0.05535,49.62538,4.744507098234809,1.767453729587337,23.999999590604137
6.16554,6.61073,53.3959,5032.13193,0.04122,49.66515,4.735252174735786,1.764006027072258,23.999999590604137
6.20908,6.66235,53.40039,5029.47959,0.02687,49.70493,4.72727774613387,1.7610353425982,23.999999590604137
6.25257,6.71397,53.40297,5026.83501,0.01233,49.74474,4.720592592659667,1.7585449470320855,23.999999590604137
6.29599,6.76561,53.40363,5024.1975,-0.00238,49.78456,4.715204656732592,1.7565377991341231,23.999999590604137
6.33936,6.81724,53.40234,5021.56637,-0.01725,49.82443,4.711121077044136,1.7550165582547255,23.999999590604137
6.38267,6.86889,53.39909,5018.94094,-0.03224,49.86434,4.70834821784035,1.7539835952429987,23.999999590604137
6.42592,6.92055,53.39386,5016.32049,-0.04735,49.9043,4.706891693310313,1.7534410015320936,23.999999590604137
6.46911,6.97221,53.38665,5013.70432,-0.06255,49.94432,4.706756386988753,1.7533905963671887,23.999999590604137
6.51225,7.02388,53.37744,5011.09171,-0.07782,49.98442,4.707946466098979,1.7538339321486134,23.999999590604137
6.55532,7.07556,53.36623,5008.48193,-0.09314,50.02459,4.710465390797987,1.7547722978758922,23.999999590604137
6.59834,7.12725,53.35301,5005.87425,-0.10849,50.06486,4.714315918252123,1.7562067206660321,23.999999590604137
6.6413,7.17894,53.33779,5003.26792,-0.12385,50.10523,4.7195001015284355,1.7581379653405298,23.999999590604137
6.6842,7.23065,53.32057,5000.66221,-0.13919,50.1457,4.726019283282483,1.7605665320739083,23.999999590604137
6.72705,7.28235,53.30181,4998.05553,-0.14747,50.15322,4.733566398709486,1.7633780311470244,0.0
6.76988,7.33403,53.28198,4995.44651,-0.1557,50.16079,4.741832330503601,1.7664573082300874,0.0
6.81268,7.38569,53.26109,4992.83475,-0.16385,50.16841,4.750813638659157,1.7698030818304717,0.0
6.85545,7.43734,53.23915,4990.21982,-0.17193,50.17607,4.7605062208464535,1.7734138237224262,0.0
6.89819,7.48898,53.21617,4987.60131,-0.17991,50.18377,4.770905163844115,1.777287703601712,0.0
6.9409,7.54059,53.19217,4984.9788,-0.18779,50.19153,4.782004731903846,1.7814225847511742,0.0
6.98358,7.59219,53.16716,4982.35187,-0.19555,50.19933,4.793798354414826,1.7858160194453983,0.0
7.02623,7.64378,53.14116,4979.72011,-0.20318,50.20718,4.8062786129581685,1.7904652441281583,0.0
7.06885,7.69534,53.11419,4977.08309,-0.21067,50.21507,4.819437227874873,1.795367174408627,0.0
7.11145,7.74689,53.08627,4974.44041,-0.21801,50.22301,4.833265044461644,1.80051839991895,0.0
7.15401,7.79843,53.05741,4971.79165,-0.22519,50.231,4.847752018927702,1.8059151790827954,0.0
7.19654,7.84995,53.02765,4969.13641,-0.23219,50.23903,4.862887204258243,1.811553433849115,0.0
7.23905,7.90145,52.99701,4966.47428,-0.239,50.24711,4.878658736139803,1.8174287444489752,0.0
7.28152,7.95293,52.96551,4963.80486,-0.24561,50.25523,4.8950538191115855,1.8235363442365593,0.0
7.32397,8.0044,52.93318,4961.12775,-0.25202,50.2634,4.912058713120149,1.8298711146804383,0.0
7.36638,8.05585,52.90006,4958.44257,-0.25821,50.27162,4.929658720664282,1.836427580574697,0.0
7.40876,8.10729,52.86616,4955.74893,-0.26417,50.27988,4.9478381747183136,1.8431999055400476,0.0
7.45112,8.1587,52.83152,4953.04645,-0.26989,50.28818,4.966580427645645,1.850181887893832,0.0
7.49344,8.21011,52.79617,4950.33477,-0.27537,50.29654,4.985867841311577,1.857366956966788,0.0
7.53574,8.26149,52.76016,4947.6135,-0.28059,50.30493,5.005681778616744,1.864748169949029,0.0
7.578,8.31286,52.7235,4944.88231,-0.28554,50.31338,5.026002596673001,1.872318209347887,0.0
7.62023,8.36421,52.68624,4942.14085,-0.29021,50.32187,5.046809641852647,1.880069381143612,0.0
7.66243,8.41554,52.64841,4939.38878,-0.2946,50.3304,5.068081246959895,1.8879936137356768,0.0
7.7046,8.46686,52.61006,4936.62577,-0.2987,50.33898,5.089794730735435,1.8960824577582078,0.0
7.74674,8.51816,52.57122,4933.85151,-0.30251,50.3476,5.111926399963377,1.90432708686488,0.0
7.78885,8.56945,52.53193,4931.06569,-0.306,50.35627,5.134451554395567,1.9127182995633536,0.0
7.83092,8.62071,52.49222,4928.26804,-0.30919,50.36498,5.157344494746525,1.9212465221935975,0.0
7.87297,8.67196,52.45216,4925.45825,-0.31205,50.37374,5.1805785339816355,1.9299018131330405,0.0
7.91498,8.72319,52.41176,4922.63608,-0.31459,50.38254,5.204126012120342,1.9386738683111473,0.0
7.95697,8.77441,52.37108,4919.80128,-0.31681,50.39138,5.227958314787539,1.9475520281203007,0.0
7.99892,8.82561,52.33017,4916.9536,-0.31868,50.40027,5.252045895704684,1.9565252857943345,0.0
8.04083,8.87678,52.28905,4914.09283,-0.32022,50.40921,5.276358303314609,1.9655822973269756,0.0
8.08272,8.92795,52.24779,4911.21877,-0.32142,50.41818,5.300864211736404,1.974711393003351,0.0
8.12457,8.97909,52.20642,4908.33123,-0.32227,50.4272,5.325531456175036,1.9839005905910043,0.0
8.1664,9.03022,52.16498,4905.43003,-0.32277,50.43627,5.350327072957412,1.9931376102543816,0.0
8.20818,9.08133,52.12353,4902.51504,-0.32292,50.44538,5.375217344288891,2.002409891227811,0.0
8.24994,9.13242,52.0821,4899.58612,-0.32272,50.45453,5.400167847823073,2.011704610281552,0.0
8.29166,9.18349,52.04075,4896.64315,-0.32217,50.46372,5.425143511111047,2.0210087020055734,0.0
8.33335,9.23454,51.99952,4893.68604,-0.32127,50.47296,5.450108670949727,2.03030888091837,0.0
8.37501,9.28558,51.95845,4890.71472,-0.32001,50.48224,5.475027137623443,2.039591665398647,0.0
8.41664,9.3366,51.91759,4887.72914,-0.3184,50.49156,5.499862264015505,2.048843403431193,0.0
8.45823,9.38759,51.87698,4884.72926,-0.31645,50.50093,5.524577019485183,2.0580503001280013,0.0
8.49978,9.43857,51.83667,4881.71508,-0.31414,50.51034,5.549134068417365,2.0671984469900835,0.0
8.54131,9.48953,51.7967,4878.6866,-0.3115,50.51979,5.57349585327359,2.076273852846165,0.0
8.5828,9.54048,51.75711,4875.64386,-0.30851,50.52928,5.597624681951172,2.0852624763962555,0.0
8.62425,9.5914,51.71795,4872.58692,-0.30518,50.53881,5.621482819215057,2.0941502602724245,0.0
8.66567,9.6423,51.67926,4869.51584,-0.30153,50.54839,5.645032581903727,2.1029231665055024,0.0
8.70706,9.69319,51.64109,4866.43074,-0.29755,50.55801,5.668236437607192,2.111567213285231,0.0
8.74841,9.74406,51.60346,4863.33173,-0.29325,50.56767,5.691057106428378,2.120068512869057,0.0
8.78973,9.7949,51.56643,4860.21896,-0.28864,50.57737,5.7134576654483675,2.1284133104981824,0.0
8.83101,9.84573,51.53002,4857.09259,-0.28373,50.58712,5.7354016554192055,2.136588024143445,0.0
8.87226,9.89653,51.49428,4853.95281,-0.27852,50.5969,5.756853189233872,2.1445792849132324,0.0
8.91347,9.94732,51.45925,4850.79984,-0.27302,50.60673,5.777777061640256,2.1523739779248277,0.0
8.95465,9.99809,51.42495,4847.63391,-0.26724,50.6166,5.798138859665764,2.159959283440479,0.0
8.99579,10.04884,51.39143,4844.45527,-0.2612,50.62651,5.817905073176205,2.1673227180534966,0.0
9.0369,10.09956,51.35871,4841.2642,-0.2549,50.63646,5.83704320497503,2.174452175703112,0.0
9.07797,10.15027,51.32682,4838.06099,-0.24836,50.64645,5.855521879835909,2.1813359682919873,0.0
9.11901,10.20096,51.2958,4834.84597,-0.24158,50.65648,5.873310951845516,2.1879628656742196,0.0
9.16001,10.25162,51.26567,4831.61946,-0.23458,50.66655,5.890381609416714,2.1943221347755237,0.0
9.20097,10.30227,51.23646,4828.38182,-0.22738,50.67666,5.906706477349275,2.200403577613529,0.0
9.2419,10.3529,51.2082,4825.13343,-0.21998,50.68681,5.922259715306222,2.206197567982811,0.0
9.28279,10.4035,51.1809,4821.87467,-0.2124,50.697,5.9370171120746935,2.211695086569545,0.0
9.32364,10.45408,51.15458,4818.60596,-0.20465,50.70724,5.950956175027137,2.2168877542781495,0.0
9.36446,10.50465,51.12927,4815.32771,-0.19675,50.71751,5.964056214185302,2.2217678635473406,0.0
9.40524,10.55519,51.10498,4812.04037,-0.18872,50.72782,5.976298420337626,2.2263284074509118,0.0
9.44599,10.60571,51.08172,4808.74438,-0.18056,50.73817,5.98766593668997,2.230563106389516,0.0
9.4867,10.65621,51.05952,4805.4402,-0.1723,50.74856,5.998143923570798,2.2344664321950516,0.0
9.52737,10.70669,51.03837,4802.12833,-0.16395,50.75899,6.0077196157391155,2.238033629479374,0.0
9.568,10.75715,51.0183,4798.80923,-0.15553,50.76946,6.016382371930882,2.24126073409164,0.0
9.6086,10.80758,50.99929,4795.48342,-0.14705,50.77997,6.024123716271966,2.2441445885457223,0.0
9.64916,10.858,50.98137,4792.15138,-0.13853,50.79052,6.03093737132285,2.2466828543302304,0.0
9.68968,10.90839,50.96454,4788.81365,-0.12999,50.80111,6.036819282487474,2.24887402100145,0.0
9.73017,10.95877,50.94878,4785.47072,-0.12144,50.81174,6.0417676336587895,2.2507174120117206,0.0
9.77062,11.00912,50.93411,4782.12312,-0.1129,50.8224,6.045782853995905,2.2522131872341014,0.0
9.81103,11.05945,50.92051,4778.77139,-0.10439,50.83311,6.048867615803422,2.25336234217237,0.0
9.8514,11.10976,50.90798,4775.41604,-0.09592,50.84385,6.051026823543703,2.2541667038677993,0.0
9.89174,11.16005,50.89652,4772.05761,-0.08751,50.85464,6.052267594077999,2.2546289235384616,0.0
9.93203,11.21031,50.88611,4768.69662,-0.07918,50.86546,6.052599228310241,2.254752466015794,0.0
9.97229,11.26056,50.87675,4765.3336,-0.07094,50.87632,6.052033174433269,2.254541596052848,0.0
10.01252,11.31078,50.86841,4761.96907,-0.06281,50.88722,6.050582983083831,2.2540013616183514,0.0
10.0527,11.36098,50.86108,4758.60355,-0.05481,50.89815,6.048264254703753,2.2531375742873565,0.0
10.09285,11.41116,50.85474,4755.23757,-0.04695,50.90913,6.045094579537089,2.2519567868886017,0.0
10.13296,11.46132,50.84938,4751.87161,-0.03924,50.92014,6.041093470657518,2.250466268555451,0.0
10.17303,11.51146,50.84497,4748.50619,-0.03171,50.93119,6.036282290516586,2.248673977363185,0.0
10.21306,11.56158,50.84149,4745.1418,-0.02436,50.94229,6.030684171526377,2.246588530743957,0.0
10.25306,11.61167,50.83891,4741.77892,-0.01721,50.95341,6.024323931204078,2.2442191738759063,0.0
10.29301,11.66175,50.83721,4738.41801,-0.01027,50.96458,6.017227982460922,2.241575746263432,0.0
10.33293,11.7118,50.83636,4735.05954,-0.00356,50.97579,6.009424239608488,2.2386686467220684,0.0
10.37281,11.76183,50.83632,4731.70395,0.00291,50.98703,6.000942020692961,2.2355087969954233,0.0
10.41266,11.81184,50.83707,4728.35168,0.00913,50.99831,5.991811946760014,2.2321076042286974,0.0
10.45246,11.86183,50.83857,4725.00315,0.01508,51.00963,5.982065838662662,2.2284769225268968,0.0
10.49223,11.9118,50.84078,4721.65876,0.02076,51.02099,5.971736612012205,2.224629013821292,0.0
10.53196,11.96174,50.84369,4718.31889,0.02616,51.03239,5.960858170893117,2.220576508275419,0.0
10.57165,12.01167,50.84723,4714.98391,0.03126,51.04382,5.949465300892371,2.2163323644356896,0.0
10.61131,12.06158,50.85139,4711.65419,0.03605,51.05529,5.937593562043086,2.2119098293500827,0.0
10.65092,12.11146,50.85612,4708.33005,0.04054,51.0668,5.925279182202832,2.2073223988487545,0.0
10.6905,12.16133,50.86137,4705.01181,0.0447,51.07835,5.912558951401371,2.2025837781857946,0.0
10.73004,12.21117,50.86711,4701.69978,0.04854,51.08994,5.899470117631486,2.19770784321857,0.0
10.76954,12.26099,50.87331,4698.39422,0.05204,51.10156,5.886050284549163,2.1927086022983446,0.0
10.80901,12.3108,50.8799,4695.0954,0.0552,51.11322,5.87233731149963,2.1876001590273573,0.0
10.84844,12.36058,50.88686,4691.80356,0.05801,51.12492,5.858369216251472,2.182396676024714,0.0
10.88783,12.41034,50.89414,4688.51893,0.06048,51.13666,5.844184080784255,2.1771123398297982,0.0
10.92718,12.46008,50.90169,4685.24169,0.06259,51.14844,5.829819960440226,2.1717613270588956,0.0
10.96649,12.50981,50.90948,4681.97203,0.06434,51.16025,5.815314796700527,2.16635777191203,0.0
11.00577,12.55951,50.91745,4678.71011,0.06573,51.1721,5.800706333804461,2.1609157351114536,0.0
11.04501,12.60919,50.92557,4675.45606,0.06677,51.18399,5.786032039426023,2.1554491743515634,0.0
11.08421,12.65885,50.93378,4672.21001,0.06744,51.19592,5.771329029517055,2.149971916300999,0.0
11.12338,12.7085,50.94205,4668.97205,0.06774,51.20789,5.756633997457086,2.1444976302090972,0.0
11.1625,12.75812,50.95033,4665.74226,0.06769,51.21989,5.741983147559178,2.1390398031350655,0.0
11.20159,12.80773,50.95857,4662.5207,0.06727,51.23193,5.727412132995245,2.133611716823533,0.0
11.24065,12.85731,50.96674,4659.30739,0.0665,51.24401,5.712955998117848,2.1282264262179025,0.0
11.27966,12.90688,50.97478,4656.10237,0.06536,51.25613,5.698649125171983,2.1228967396090845,0.0
11.31864,12.95643,50.98266,4652.90563,0.06387,51.26828,5.684525185328506,2.117635200394167,0.0
11.35758,13.00596,50.99032,4649.71714,0.06203,51.28048,5.670617093967823,2.1124540704184045,0.0
11.39649,13.05547,50.99774,4646.53686,0.05984,51.29271,5.65695697009153,2.107365314854995,0.0
11.43535,13.10496,51.00487,4643.36474,0.05731,51.30498,5.64357609975327,2.1023805885821054,0.0
11.47418,13.15443,51.01166,4640.20069,0.05444,51.31728,5.630504903339503,2.097511223994101,0.0
11.51298,13.20388,51.01808,4637.04462,0.05124,51.32963,5.617772906548933,2.0927682201906164,0.0
11.55173,13.25332,51.02409,4633.89642,0.04772,51.34201,5.605408714882154,2.0881622334732786,0.0
11.59045,13.30274,51.02965,4630.75594,0.04387,51.35443,5.593439991458018,2.0837035690817216,0.0
11.62914,13.35214,51.03472,4627.62305,0.03972,51.36689,5.581893437939599,2.0794021740880035,0.0
11.66778,13.40152,51.03926,4624.49758,0.03526,51.37939,5.5707947783714085,2.0752676313755445,0.0
11.70639,13.45088,51.04324,4621.37934,0.03051,51.39192,5.560168745707446,2.071309154620472,0.0
11.74497,13.50023,51.04663,4618.26815,0.02547,51.40449,5.550039070810619,2.0675355841936165,0.0
11.7835,13.54956,51.04939,4615.16378,0.02016,51.4171,5.540428473690221,2.0639553838962392,0.0
11.822,13.59887,51.05149,4612.066,0.01458,51.42975,5.531358656774147,2.0605766384537563,0.0
11.86046,13.64816,51.05291,4608.97459,0.00874,51.44243,5.522850299984457,2.057407051681256,0.0
11.89889,13.69744,51.0536,4605.88927,0.00266,51.45516,5.5149230573939905,2.054453945238002,0.0
11.93728,13.7467,51.05354,4602.80979,-0.00366,51.46792,5.507595555254476,2.051724257892848,0.0
11.97564,13.79594,51.05271,4599.73586,-0.0102,51.48072,5.500885391194431,2.0492245452254387,0.0
12.01395,13.84516,51.05107,4596.66718,-0.01695,51.49355,5.4948091343742504,2.0469609796839827,0.0
12.05224,13.89437,51.04862,4593.60345,-0.02391,51.50643,5.489382326408321,2.0449393509287628,0.0
12.09048,13.94356,51.04532,4590.54435,-0.03105,51.51934,5.484619482880291,2.0431650663966168,0.0
12.12869,13.99274,51.04115,4587.48955,-0.03837,51.53229,5.480534095255142,2.041643152013231,0.0
12.16686,14.04189,51.03609,4584.43872,-0.04585,51.54528,5.477138633041866,2.040378252998798,0.0
12.205,14.09103,51.03014,4581.3915,-0.05348,51.5583,5.474444546043464,2.039374634706198,0.0
12.2431,14.14016,51.02326,4578.34754,-0.06125,51.57137,5.472462266555826,2.0386361834401403,0.0
12.28116,14.18926,51.01545,4575.30647,-0.06914,51.58447,5.471201211378385,2.0381664072061847,0.0
12.31919,14.23835,51.0067,4572.2679,-0.07714,51.5976,5.470669783528553,2.037968436349414,0.0
12.35718,14.28743,50.99698,4569.23147,-0.08523,51.61078,5.47087537354643,2.038045024040472,0.0
12.39514,14.33649,50.9863,4566.19677,-0.09341,51.62399,5.471824360300024,2.0383985465755305,0.0
12.43306,14.38553,50.97464,4563.16341,-0.10166,51.63724,5.473522111219629,2.0390310034635983,0.0
12.47094,14.43455,50.96201,4560.13099,-0.10996,51.65053,5.475972981882437,2.039944017271783,0.0
12.50878,14.48356,50.94839,4557.09909,-0.11831,51.66385,5.479180314908721,2.0411388332140845,0.0
12.54659,14.53255,50.93378,4554.0673,-0.12667,51.67722,5.48314643813143,2.042616318469526,0.0
12.58437,14.58153,50.91818,4551.03521,-0.13505,51.69062,5.487872662011247,2.044376961219192,0.0
12.62211,14.63049,50.9016,4548.00238,-0.14343,51.70405,5.493359276292199,2.046420869400357,0.0
12.65981,14.67943,50.88403,4544.96838,-0.15179,51.71753,5.499605545909118,2.048747769181904,0.0
12.69747,14.72836,50.86548,4541.9328,-0.16011,51.73104,5.506609706156878,2.0513570031647417,0.0
12.7351,14.77727,50.84595,4538.8952,-0.1684,51.74458,5.514368957173677,2.0542475283266817,0.0
12.77269,14.82616,50.82546,4535.85514,-0.17662,51.75817,5.522879457770851,2.0574179137238757,0.0
12.81025,14.87504,50.80401,4532.81218,-0.18476,51.77179,5.532136318684637,2.06086633797693,0.0
12.84777,14.9239,50.78161,4529.7659,-0.19282,51.78544,5.542133595334039,2.064590586573012,0.0
12.88525,14.97275,50.75828,4526.71585,-0.20078,51.79914,5.552864280162786,2.0685880490130306,0.0
12.9227,15.02158,50.73403,4523.6616,-0.20862,51.81287,5.564320294688997,2.072855715849928,0.0
12.96011,15.07039,50.70888,4520.60271,-0.21632,51.82664,5.576492481378712,2.0773901756613533,0.0
12.99748,15.11919,50.68283,4517.53876,-0.22389,51.84044,5.589370595477212,2.08218761200662,0.0
13.03482,15.16797,50.65592,4514.46932,-0.2313,51.85428,5.602943296950195,2.0872438004245746,0.0
13.07212,15.21673,50.62817,4511.39395,-0.23853,51.86816,5.617198142699083,2.0925541055336003,0.0
13.10938,15.26548,50.59959,4508.31224,-0.24559,51.88207,5.632121579225259,2.0981134782988478,0.0
13.14661,15.31421,50.5702,4505.22376,-0.25245,51.89602,5.647698935924022,2.1039164535340587,0.0
13.1838,15.36293,50.54005,4502.12812,-0.2591,51.91,5.663914419211936,2.1099571477138497,0.0
13.22095,15.41162,50.50914,4499.02489,-0.26553,51.92402,5.680751107700996,2.11622925717596,0.0
13.25807,15.46031,50.4775,4495.91369,-0.27173,51.93807,5.698190948627561,2.1227260567909374,0.0
13.29514,15.50897,50.44518,4492.79411,-0.27768,51.95216,5.716214755765054,2.1294403991845607,0.0
13.33218,15.55762,50.41219,4489.66578,-0.28338,51.96629,5.734802209058055,2.1363647146015334,0.0
13.36919,15.60625,50.37858,4486.52832,-0.28881,51.98045,5.753931856218462,2.1434910115000947,0.0
13.40615,15.65486,50.34436,4483.38137,-0.29397,51.99465,5.773581116519161,2.1508108779652586,0.0
13.44308,15.70346,50.30958,4480.22457,-0.29884,52.00888,5.793726287042324,2.158315484036474,0.0
13.47997,15.75204,50.27427,4477.05757,-0.30342,52.02315,5.814342551618006,2.1659955850374835,0.0
13.51683,15.8006,50.23846,4473.88005,-0.30769,52.03745,5.835403992716162,2.173841526006414,0.0
13.55364,15.84915,50.2022,4470.69168,-0.31166,52.05178,5.856883606509268,2.1818432473069977,0.0
13.59042,15.89768,50.16552,4467.49217,-0.3153,52.06615,5.878753321379461,2.189990291522975,0.0
13.62716,15.94619,50.12846,4464.28121,-0.31861,52.08056,5.900984020062348,2.198271811707236,0.0
13.66386,15.99468,50.09106,4461.05854,-0.32159,52.095,5.923545565678155,2.206676581079116,0.0
13.70052,16.04315,50.05336,4457.82388,-0.32423,52.10947,5.946406831845772,2.2151930042426686,0.0
13.73715,16.09161,50.0154,4454.577,-0.32652,52.12398,5.9695357370597915,2.223809129993012,0.0
13.77373,16.14005,49.97722,4451.31766,-0.32846,52.13852,5.992899283535327,2.232512665787054,0.0
13.81028,16.18847,49.93886,4448.04566,-0.33004,52.15309,6.016463600637352,2.241290993922056,0.0
13.84679,16.23688,49.90036,4444.7608,-0.33127,52.1677,6.040193993056522,2.2501311894823997,0.0
13.88326,16.28526,49.86178,4441.4629,-0.33213,52.18234,6.064054993807955,2.259020040083023,0.0
13.91969,16.33363,49.82314,4438.15182,-0.33263,52.19702,6.088010422153763,2.2679440674470905,0.0
13.95608,16.38197,49.78449,4434.82741,-0.33276,52.21172,6.112023446461184,2.2768895508223004,0.0
13.99244,16.4303,49.74589,4431.48957,-0.33252,52.22646,6.136056652034657,2.2858425522501156,0.0
14.02875,16.47861,49.70735,4428.13819,-0.33191,52.24124,6.160072113873881,2.294788943670057,0.0
14.06502,16.5269,49.66894,4424.77321,-0.33094,52.25604,6.184031474298296,2.303714435836864,0.0
14.10126,16.57517,49.6307,4421.39457,-0.3296,52.27088,6.207896025335249,2.312604609012258,0.0
14.13745,16.62343,49.59265,4418.00225,-0.3279,52.28575,6.231626795708496,2.321444945370439,0.0
14.17361,16.67166,49.55486,4414.59624,-0.32583,52.30066,6.255184642259149,2.3302208630548047,0.0
14.20973,16.71987,49.51735,4411.17655,-0.32341,52.31559,6.278530345535259,2.3389177517875783,0.0
14.2458,16.76807,49.48018,4407.74324,-0.32063,52.33056,6.301624709302749,2.3475210099402495,0.0
14.28184,16.81624,49.44337,4404.29634,-0.3175,52.34556,6.324428663615563,2.356016082929922,0.0
14.31783,16.86439,49.40697,4400.83597,-0.31403,52.36059,6.346903371123087,2.364388502821619,0.0
14.35379,16.91253,49.37102,4397.36221,-0.31023,52.37565,6.369010336162998,2.372623928968243,0.0
14.3897,16.96064,49.33556,4393.87521,-0.30609,52.39074,6.390711516219617,2.3807081895317457,0.0
14.42557,17.00873,49.30061,4390.37512,-0.30164,52.40587,6.4119694352430505,2.388627323697486,0.0
14.46141,17.0568,49.26623,4386.86211,-0.29687,52.42102,6.432747298312754,2.3963676243894314,0.0
14.4972,17.10485,49.23243,4383.3364,-0.2918,52.43621,6.453009107090961,2.4039156812795874,0.0
14.53295,17.15288,49.19927,4379.79819,-0.28644,52.45143,6.472719775462826,2.411258423867005,0.0
14.56866,17.20089,49.16676,4376.24774,-0.28079,52.46668,6.491845244780391,2.4183831644091813,0.0
14.60433,17.24888,49.13494,4372.6853,-0.27488,52.48195,6.51035259805597,2.4252776404621064,0.0
14.63996,17.29685,49.10383,4369.11118,-0.26871,52.49726,6.528210172473188,2.4319300567935818,0.0
14.67554,17.34479,49.07348,4365.52568,-0.26229,52.5126,6.545387669557025,2.4383291264244598,0.0
14.71109,17.39272,49.04389,4361.92911,-0.25564,52.52797,6.561856262349849,2.4444641105545424,0.0
14.74659,17.44062,49.0151,4358.32185,-0.24877,52.54337,6.577588698929107,2.450324857125635,0.0
14.78205,17.4885,48.98713,4354.70423,-0.2417,52.55879,6.59255940162764,2.4559018377837334,0.0
14.81747,17.53636,48.95999,4351.07666,-0.23445,52.57425,6.606744561326599,2.46118618300561,0.0
14.85285,17.5842,48.93372,4347.43953,-0.22702,52.58974,6.620122226209032,2.466169715161864,0.0
14.88819,17.63201,48.90832,4343.79325,-0.21943,52.60525,6.632672384380036,2.470844979295097,0.0
14.92348,17.6798,48.88382,4340.13825,-0.21171,52.6208,6.644377039834946,2.4752052714200716,0.0
14.95873,17.72757,48.86022,4336.47499,-0.20386,52.63637,6.655220281222751,2.4792446641398795,0.0
14.99394,17.77532,48.83753,4332.80391,-0.19591,52.65198,6.6651883429949255,2.4829580294255056,0.0
15.02911,17.82305,48.81577,4329.12548,-0.18787,52.66761,6.674269658460201,2.486341058380111,0.0
15.06423,17.87075,48.79495,4325.44018,-0.17976,52.68327,6.682454904441956,2.489390277875098,0.0
15.09931,17.91843,48.77506,4321.7485,-0.17159,52.69896,6.6897370372095795,2.492103063935483,0.0
15.13435,17.96608,48.75612,4318.05093,-0.16339,52.71468,6.696111319435055,2.494477651781932,0.0
15.16935,18.01372,48.73812,4314.34798,-0.15518,52.73043,6.701575338016417,2.49651314247047,0.0
15.20431,18.06133,48.72107,4310.64014,-0.14696,52.7462,6.706129012646237,2.4982095060844682,0.0
15.23922,18.10892,48.70495,4306.92794,-0.13876,52.76201,6.709774595081946,2.4995675814628173,0.0
15.27409,18.15648,48.68977,4303.21188,-0.1306,52.77784,6.712516659145983,2.5005890724747184,0.0
15.30891,18.20403,48.67552,4299.49248,-0.1225,52.7937,6.714362081529034,2.5012765408683904,0.0
15.3437,18.25154,48.66219,4295.77026,-0.11447,52.80959,6.715320013586085,2.5016333957643515,0.0
15.37844,18.29904,48.64977,4292.04573,-0.10653,52.8255,6.715401844296087,2.501663879856922,0.0
15.41314,18.34651,48.63825,4288.31939,-0.0987,52.84145,6.714621154710352,2.501373052445057,0.0
15.44779,18.39396,48.6276,4284.59176,-0.09099,52.85742,6.712993664195414,2.5007667694063898,0.0
15.48241,18.44139,48.61783,4280.86334,-0.08343,52.87342,6.710537168884812,2.4998516602689094,0.0
15.51698,18.48879,48.6089,4277.13462,-0.07603,52.88945,6.707271472756475,2.4986351025354674,0.0
15.5515,18.53617,48.60079,4273.4061,-0.0688,52.9055,6.70321831184637,2.4971251934513705,0.0
15.58599,18.58353,48.59349,4269.67825,-0.06176,52.92158,6.69840127209431,2.495330719399785,0.0
15.62043,18.63086,48.58698,4265.95154,-0.05493,52.93769,6.692845701406521,2.493261123142721,0.0
15.65483,18.67817,48.58121,4262.22644,-0.04833,52.95383,6.686578616493734,2.49092646911578,0.0
15.68918,18.72546,48.57618,4258.50339,-0.04195,52.97,6.679628605100969,2.4883374070061692,0.0
15.7235,18.77272,48.57185,4254.78282,-0.03583,52.98619,6.6720257242631975,2.485505133850265,0.0
15.75777,18.81996,48.56819,4251.06516,-0.02997,53.00241,6.66380139518048,2.4824413548718307,0.0
15.79199,18.86718,48.56517,4247.35081,-0.02438,53.01866,6.654988295375131,2.479158243307727,0.0
15.82618,18.91437,48.56276,4243.64016,-0.01908,53.03493,6.645620248763845,2.4756683994568816,0.0
15.86032,18.96154,48.56092,4239.93359,-0.01408,53.05123,6.635732114221028,2.471984809167205,0.0
15.89442,19.00869,48.55962,4236.23146,-0.00939,53.06756,6.625359673305292,2.468120802010747,0.0
15.92848,19.05581,48.55882,4232.5341,-0.00501,53.08392,6.614539517677469,2.464090009343954,0.0
15.96249,19.10291,48.5585,4228.84183,-0.00097,53.1003,6.603308936819316,2.459906322479926,0.0
15.99646,19.14999,48.5586,4225.15497,0.00275,53.11671,6.591705806564146,2.4555838511631443,0.0
16.03039,19.19705,48.55909,4221.47379,0.00612,53.13315,6.57976847896492,2.4511368825424396,0.0
16.06428,19.24408,48.55994,4217.79855,0.00913,53.14962,6.567535673956002,2.446579840812147,0.0
16.09812,19.29109,48.56109,4214.1295,0.0118,53.16611,6.55504637327212,2.4419272476941227,0.0
16.13192,19.33808,48.56253,4210.46687,0.0141,53.18263,6.542339716988382,2.4371936838961816,0.0
16.16568,19.38504,48.56419,4206.81085,0.01604,53.19917,6.52945490308567,2.4323937516975644,0.0
16.1994,19.43198,48.56604,4203.16162,0.01761,53.21575,6.516431090315353,2.427542038763483,0.0
16.23307,19.4789,48.56805,4199.51936,0.0188,53.23235,6.5033073046763095,2.4226530833053577,0.0
16.2667,19.5258,48.57017,4195.88419,0.01963,53.24898,6.490122349723488,2.4177413406683876,0.0
16.30029,19.57267,48.57235,4192.25623,0.02008,53.26563,6.476914720902324,2.4128211514188753,0.0
16.33384,19.61953,48.57456,4188.63559,0.02015,53.28231,6.46372252407244,2.4079067109921546,0.0
16.36734,19.66636,48.57675,4185.02233,0.01985,53.29902,6.450583398328825,2.403012040941453,0.0
16.40081,19.71316,48.57889,4181.41652,0.01917,53.31576,6.4375344432075545,2.3981509618201073,0.0
16.43423,19.75995,48.58094,4177.81818,0.01813,53.33252,6.424612150296421,2.3933370677047208,0.0
16.46761,19.80671,48.58285,4174.22733,0.01671,53.34931,6.411852339285293,2.388583702372242,0.0
16.50095,19.85345,48.58458,4170.64396,0.01493,53.36613,6.399290098409957,2.3839039371137294,0.0
16.53424,19.90017,48.58609,4167.06805,0.01278,53.38298,6.38695972924756,2.379310550169198,0.0
16.5675,19.94687,48.58735,4163.49954,0.01028,53.39985,6.374894695766522,2.3748160077473752,0.0
16.60071,19.99355,48.58832,4159.93837,0.00743,53.41675,6.3631275775423894,2.370432446597371,0.0
16.63388,20.0402,48.58896,4156.38445,0.00423,53.43367,6.351690026989959,2.3661716580765244,0.0
16.66701,20.08683,48.58923,4152.83768,0.00069,53.45063,6.3406127304784405,2.3620450736647713,0.0
16.7001,20.13345,48.5891,4149.29793,-0.00317,53.46761,6.329925373159022,2.358063751861993,0.0
16.73315,20.18004,48.58853,4145.76505,-0.00736,53.48461,6.319656607316176,2.3542383663980426,0.0
16.76615,20.22661,48.58749,4142.23889,-0.01187,53.50165,6.3098340240584685,2.350579195686826,0.0
16.79912,20.27315,48.58595,4138.71926,-0.01668,53.51871,6.3004841281449115,2.3470961134484587,0.0
16.83204,20.31968,48.58387,4135.20598,-0.02178,53.5358,6.291632315733919,2.343798580420162,0.0
16.86492,20.36618,48.58122,4131.69883,-0.02717,53.55291,6.283302854845337,2.3406956370778595,0.0
16.89776,20.41267,48.57798,4128.19758,-0.03284,53.57005,6.275518868316265,2.3377958972867683,0.0
16.93056,20.45913,48.57411,4124.70199,-0.03876,53.58722,6.268302319029995,2.3351075427987933,0.0
16.96332,20.50557,48.5696,4121.2118,-0.04494,53.60442,6.26167399721312,2.3326383185203645,0.0
16.99603,20.55199,48.56441,4117.72674,-0.05136,53.62164,6.2556535095791475,2.330395528468146,0.0
17.02871,20.5984,48.55852,4114.24653,-0.058,53.63889,6.25025927010476,2.328386032332954,0.0
17.06135,20.64477,48.5519,4110.77086,-0.06486,53.65617,6.245508492263096,2.3266162425864465,0.0
17.09394,20.69113,48.54455,4107.29942,-0.07191,53.67347,6.241417182486767,2.325092122045925,0.0
17.12649,20.73747,48.53643,4103.83189,-0.07915,53.6908,6.238000134710668,2.32381918184139,0.0
17.15901,20.78379,48.52754,4100.36794,-0.08656,53.70816,6.235270925788888,2.3228024797082183,0.0
17.19148,20.83009,48.51784,4096.90721,-0.09413,53.72554,6.233241911655556,2.3220466185569775,0.0
17.22391,20.87636,48.50734,4093.44935,-0.10184,53.74295,6.2319242240535075,2.3215557452547664,0.0
17.2563,20.92262,48.49601,4089.99399,-0.10968,53.76039,6.2313277677165555,2.321333549575541,0.0
17.28865,20.96885,48.48385,4086.54077,-0.11763,53.77785,6.231461217865117,2.3213832632671654,0.0
17.32096,21.01507,48.47084,4083.08929,-0.12568,53.79534,6.232332017922976,2.3217076592008463,0.0
17.35323,21.06126,48.45698,4079.63917,-0.13381,53.81286,6.233946377361554,2.32230905056807,0.0
17.38545,21.10744,48.44225,4076.19,-0.142,53.8304,6.236309269581758,2.323189290091532,0.0
17.41764,21.15359,48.42667,4072.74138,-0.15025,53.84797,6.239424429799863,2.3243497692375743,0.0
17.44979,21.19972,48.41021,4069.2929,-0.15853,53.86557,6.24329435286545,2.3257914174033094,0.0
17.48189,21.24583,48.39289,4065.84415,-0.16682,53.88319,6.247920291014349,2.3275147010795325,0.0
17.51396,21.29193,48.3747,4062.39471,-0.17512,53.90084,6.253302251522914,2.3295196229768766,0.0
17.54598,21.338,48.35564,4058.94415,-0.18341,53.91851,6.259438994289507,2.3318057211248524,0.0
17.57796,21.38405,48.33572,4055.49204,-0.19167,53.93621,6.266328029361319,2.334372067950524,0.0
17.60991,21.43008,48.31494,4052.03796,-0.19988,53.95394,6.27396561443831,2.337217269348661,0.0
17.64181,21.47609,48.29332,4048.58148,-0.20803,53.97169,6.2823467524396435,2.3403394637751704,0.0
17.67367,21.52208,48.27085,4045.12216,-0.2161,53.98947,6.291465189186589,2.3437363213839175,0.0
17.70549,21.56804,48.24755,4041.65958,-0.22408,54.00727,6.301313411295901,2.347405043241955,0.0
17.73727,21.61399,48.22343,4038.19329,-0.23195,54.0251,6.311882644397627,2.351342360665608,0.0
17.76901,21.65992,48.19851,4034.72288,-0.23969,54.04296,6.323162851799816,2.355544534723043,0.0
17.80071,21.70582,48.1728,4031.24792,-0.2473,54.06084,6.335142733737655,2.3600073559545525,0.0
17.83237,21.75171,48.14632,4027.76798,-0.25476,54.07874,6.347809727357346,2.3647261443665473,0.0
17.86398,21.79757,48.11908,4024.28263,-0.26204,54.09667,6.361150007599919,2.3696957497608047,0.0
17.89556,21.84341,48.09111,4020.79147,-0.26914,54.11463,6.375148489165252,2.374910552466108,0.0
17.92709,21.88924,48.06243,4017.29409,-0.27605,54.13261,6.389788829743462,2.380364464542035,0.0
17.95858,21.93504,48.03306,4013.79007,-0.28274,54.15061,6.405053434709556,2.3860509315278335,0.0
17.99004,21.98082,48.00302,4010.27902,-0.28921,54.16864,6.420923463504879,2.3919629348196803,0.0
18.02145,22.02657,47.97234,4006.76054,-0.29544,54.1867,6.437378837890473,2.3980929947452725,0.0
18.05282,22.07231,47.94104,4003.23426,-0.30143,54.20478,6.454398252328359,2.4044331744311296,0.0
18.08415,22.11803,47.90916,3999.6998,-0.30715,54.22288,6.471959186686304,2.410975084535455,0.0
18.11543,22.16372,47.87673,3996.15679,-0.3126,54.24101,6.490037921511685,2.417709888938051,0.0
18.14668,22.20939,47.84377,3992.60489,-0.31776,54.25916,6.508609556096075,2.424628311469851,0.0
18.17789,22.25504,47.81031,3989.04376,-0.32263,54.27733,6.527648029549926,2.431720643763796,0.0
18.20905,22.30067,47.77639,3985.47305,-0.32719,54.29553,6.547126145117619,2.4389767543128262,0.0
18.24017,22.34627,47.74204,3981.89246,-0.33144,54.31375,6.567015597940713,2.446386098812429,0.0
18.27125,22.39186,47.7073,3978.30169,-0.33537,54.332,6.587287006480182,2.4539377318662394,0.0
18.30229,22.43742,47.6722,3974.70044,-0.33896,54.35027,6.6079099477807715,2.4616203201229525,0.0
18.33329,22.48296,47.63677,3971.08844,-0.34221,54.36856,6.62885299676836,2.469422156915612,0.0
18.36424,22.52847,47.60106,3967.46544,-0.34512,54.38688,6.650083769731517,2.4773311784596443,0.0
18.39515,22.57396,47.56509,3963.8312,-0.34767,54.40522,6.671568972140628,2.4853349816667363,0.0
18.42602,22.61943,47.52891,3960.18549,-0.34987,54.42358,6.693274450914025,2.4934208436153447,0.0
18.45685,22.66488,47.49256,3956.52811,-0.3517,54.44196,6.715165251231893,2.5015757427153718,0.0
18.48764,22.7103,47.45607,3952.85888,-0.35317,54.46037,6.737205677951556,2.5097863815869745,0.0
18.51838,22.7557,47.41948,3949.17761,-0.35426,54.4788,6.759359361686083,2.518039211676587,0.0
18.54908,22.80108,47.38283,3945.48418,-0.35499,54.49725,6.78158932952405,2.526320459601885,0.0
18.57974,22.84643,47.34615,3941.77845,-0.35533,54.51572,6.803858080364645,2.5346161552161046,0.0
18.61036,22.89176,47.3095,3938.06032,-0.35531,54.53421,6.826127664814763,2.5429121613718055,0.0
18.64093,22.93707,47.2729,3934.3297,-0.3549,54.55273,6.8483597695176375,2.551194205335507,0.0
18.67147,22.98235,47.2364,3930.58652,-0.35413,54.57127,6.870515805789093,2.5594479118070232,0.0
18.70195,23.02761,47.20004,3926.83076,-0.35298,54.58982,6.892557002344878,2.5676588374628375,0.0
18.7324,23.07284,47.16384,3923.06238,-0.35146,54.6084,6.914444501922694,2.575812506950348,0.0
18.7628,23.11804,47.12786,3919.28139,-0.34957,54.627,6.936139461490644,2.5838944502181502,0.0
18.79316,23.16323,47.09212,3915.48781,-0.34732,54.64562,6.957603155758345,2.5918902410766536,0.0
18.82348,23.20838,47.05666,3911.68171,-0.34471,54.66427,6.97879708362116,2.5997855368513556,0.0
18.85375,23.25352,47.02153,3907.86314,-0.34175,54.68293,6.999683077121353,2.6075661189737405,0.0
18.88398,23.29862,46.98675,3904.0322,-0.33845,54.70161,7.020223412535549,2.615217934364279,0.0
18.91417,23.34371,46.95236,3900.18901,-0.3348,54.72031,7.040380923075333,2.622727137416371,0.0
18.94431,23.38876,46.91839,3896.33371,-0.33083,54.73903,7.060119112713746,2.630080132399706,0.0
18.97441,23.43379,46.88487,3892.46645,-0.32654,54.75778,7.079402270595347,2.6372636160810212,0.0
19.00447,23.47879,46.85185,3888.58743,-0.32194,54.77654,7.0981955854705925,2.6442646203539257,0.0
19.03448,23.52377,46.81934,3884.69685,-0.31704,54.79532,7.116465259562509,2.6510705546572195,0.0
19.06445,23.56872,46.78737,3880.79494,-0.31185,54.81412,7.13417862125432,2.6576692479540154,0.0
19.09437,23.61365,46.75598,3876.88195,-0.30638,54.83294,7.151304235992319,2.6640489900459627,0.0
19.12425,23.65855,46.72519,3872.95814,-0.30066,54.85177,7.16781201476224,2.670198571983559,0.0
19.15409,23.70342,46.69502,3869.0238,-0.29468,54.87063,7.183673319508745,2.676107325337677,0.0
19.18388,23.74826,46.6655,3865.07924,-0.28847,54.88951,7.198861064879649,2.6817651601019694,0.0
19.21363,23.79308,46.63664,3861.12479,-0.28204,54.9084,7.213349815657243,2.6871626009885996,0.0
19.24333,23.83787,46.60848,3857.16079,-0.27541,54.92731,7.227115879291042,2.6922908218991233,0.0
19.27299,23.88263,46.58103,3853.18761,-0.26859,54.94624,7.240137392931606,2.6971416783468776,0.0
19.3026,23.92737,46.5543,3849.2056,-0.2616,54.96519,7.2523944044141615,2.7017077376255103,0.0
19.33217,23.97208,46.52831,3845.21518,-0.25445,54.98416,7.263868946663054,2.7059823065266007,0.0
19.3617,24.01676,46.50307,3841.21674,-0.24717,55.00314,7.274545105034051,2.7099594564264295,0.0
19.39118,24.06141,46.4786,3837.2107,-0.23977,55.02214,7.284409077140076,2.71363404557265,0.0
19.42062,24.10603,46.4549,3833.19749,-0.23226,55.04116,7.293449224774988,2.7170017384272542,0.0
19.45001,24.15063,46.43199,3829.17754,-0.22468,55.0602,7.301656117579093,2.7200590219331287,0.0
19.47935,24.1952,46.40986,3825.15132,-0.21703,55.07925,7.3090225681616605,2.7228032185981155,0.0
19.50866,24.23974,46.38852,3821.11927,-0.20933,55.09832,7.3155436584444296,2.725232496308659,0.0
19.53791,24.28425,46.36798,3817.08186,-0.20161,55.11741,7.321216757066282,2.7273458748135067,0.0
19.56713,24.32873,46.34822,3813.03957,-0.19389,55.13652,7.326041527722324,2.7291432288302384,0.0
19.59629,24.37318,46.32927,3808.99285,-0.18617,55.15564,7.330019928423257,2.730625287769358,0.0
19.62542,24.41761,46.31109,3804.9422,-0.17848,55.17478,7.333156201660062,2.731793632070384,0.0
19.65449,24.462,46.2937,3800.88808,-0.17085,55.19393,7.3354568555963935,2.7326506861955155,0.0
19.68353,24.50637,46.27709,3796.83099,-0.16328,55.2131,7.3369306363984155,2.7331997083217754,0.0
19.71252,24.55071,46.26124,3792.7714,-0.1558,55.23229,7.337588491942221,2.7334447768210643,0.0
19.74146,24.59502,46.24614,3788.70978,-0.14843,55.2515,7.3374435271440595,2.733390773619495,0.0
19.77036,24.6393,46.23179,3784.64661,-0.14118,55.27072,7.3365109512499345,2.7330433645613854,0.0
19.79921,24.68355,46.21816,3780.58236,-0.13408,55.28996,7.334808017438952,2.7324089769099094,0.0
19.82802,24.72777,46.20524,3776.51749,-0.12713,55.30921,7.332353955188928,2.7314947741515114,0.0
19.85678,24.77197,46.19302,3772.45245,-0.12036,55.32848,7.329169895828627,2.7303086282621556,0.0
19.8855,24.81613,46.18146,3768.38771,-0.11378,55.34776,7.325278791815628,2.728859089636205,0.0
19.91418,24.86026,46.17056,3764.32369,-0.10741,55.36707,7.320705330241696,2.7271553548648986,0.0
19.94281,24.90437,46.16028,3760.26082,-0.10127,55.38638,7.315475841142827,2.725207232579431,0.0
19.97139,24.94844,46.15061,3756.19953,-0.09536,55.40572,7.309618201181145,2.7230251075699217,0.0
19.99993,24.99249,46.14152,3752.14021,-0.08971,55.42507,7.303161733299186,2.7206199034039975,0.0
20.02842,25.03651,46.13298,3748.08327,-0.08433,55.44443,7.2961371029440665,2.718003043767567,0.0
20.05687,25.0805,46.12496,3744.02907,-0.07923,55.46381,7.288576211475015,2.7151864127563177,0.0
20.08528,25.12445,46.11744,3739.97798,-0.07442,55.48321,7.280512087347497,2.712182314338942,0.0
20.11364,25.16838,46.11038,3735.93036,-0.06991,55.50262,7.271978775680263,2.7090034312179543,0.0
20.14195,25.21228,46.10375,3731.88652,-0.06573,55.52205,7.263011226784627,2.7056627833039184,0.0
20.17023,25.25615,46.09752,3727.84678,-0.06186,55.54149,7.253645184220495,2.7021736860133676,0.0
20.19845,25.3,46.09167,3723.81145,-0.05833,55.56095,7.243917072927606,2.6985497085947534,0.0
20.22663,25.34381,46.08614,3719.78079,-0.05515,55.58043,7.233863887951354,2.694804632675883,0.0
20.25477,25.38759,46.08091,3715.75507,-0.05231,55.59992,7.223523084257909,2.6909524112171552,0.0
20.28287,25.43134,46.07595,3711.73453,-0.04984,55.61942,7.212932468089793,2.6870071280386494,0.0
20.31092,25.47507,46.07122,3707.71938,-0.04772,55.63894,7.202130090293763,2.682982958081962,0.0
20.33892,25.51876,46.06667,3703.70983,-0.04598,55.65848,7.191154142010549,2.6788941285518852,0.0
20.36688,25.56243,46.06229,3699.70606,-0.0446,55.67803,7.1800428530807325,2.674754881069921,0.0
20.3948,25.60607,46.05802,3695.70823,-0.0436,55.6976,7.168834393468715,2.6705794349521237,0.0
20.42267,25.64967,46.05384,3691.71647,-0.04298,55.71718,7.157566777996755,2.6663819517200125,0.0
20.4505,25.69325,46.0497,3687.73091,-0.04274,55.73678,7.146277774608401,2.6621765009262948,0.0
20.47828,25.7368,46.04557,3683.75164,-0.04288,55.75639,7.135004816373908,2.6579770273745646,0.0
20.50602,25.78032,46.04142,3679.77873,-0.0434,55.77602,7.1237849173796715,2.6537973197859013,0.0
20.53372,25.82382,46.0372,3675.81226,-0.04429,55.79566,7.112654592631589,2.6496509809607716,0.0
20.56137,25.86728,46.03288,3671.85224,-0.04557,55.81532,7.1016497820619975,2.6455513994696056,0.0
20.58898,25.91071,46.02843,3667.8987,-0.04721,55.835,7.090805778685326,2.641511722888895,0.0
20.61655,25.95412,46.0238,3663.95164,-0.04923,55.85469,7.080157160918734,2.6375448325888438,0.0
20.64407,25.9975,46.01897,3660.01101,-0.05161,55.87439,7.069737729062146,2.6336633200705126,0.0
20.67155,26.04084,46.0139,3656.07679,-0.05435,55.89411,7.0595804459062546,2.6298794648407386,0.0
20.69898,26.08416,46.00855,3652.1489,-0.05745,55.91385,7.0497173813789145,2.6262052137914584,0.0
20.72637,26.12746,46.0029,3648.22726,-0.06089,55.9336,7.040179661174045,2.622652162062622,0.0
20.75372,26.17072,45.99691,3644.31177,-0.06468,55.95337,7.0309974192243905,2.6192315353370503,0.0
20.78102,26.21395,45.99055,3640.40231,-0.06879,55.97315,7.022199753920745,2.615954173530937,0.0
20.80829,26.25716,45.98379,3636.49873,-0.07323,55.99295,7.0138146879014105,2.612830515814369,0.0
20.8355,26.30033,45.9766,3632.60088,-0.07798,56.01276,7.005869131296515,2.609870586918869,0.0
20.86268,26.34348,45.96895,3628.70858,-0.08303,56.03259,6.998388848225072,2.607083984656664,0.0
20.88981,26.3866,45.96081,3624.82165,-0.08837,56.05243,6.991398426397971,2.604479868597001,0.0
20.9169,26.4297,45.95217,3620.93986,-0.09399,56.07229,6.984921249638177,2.6020669498292,0.0
20.94395,26.47276,45.94299,3617.06301,-0.09989,56.09216,6.978979473122573,2.599853481739589,0.0
20.97095,26.5158,45.93324,3613.19085,-0.10603,56.11205,6.97359400119389,2.5978472517458595,0.0
20.99791,26.5588,45.92292,3609.32313,-0.11242,56.13195,6.968784467531964,2.596055573910345,0.0
21.02483,26.60178,45.91199,3605.45958,-0.11904,56.15187,6.964569217521783,2.59448528237165,0.0
21.05171,26.64473,45.90044,3601.59991,-0.12587,56.1718,6.960965292624284,2.593142725522361,0.0
21.07854,26.68766,45.88825,3597.74385,-0.1329,56.19175,6.957988416619478,2.592033760884249,0.0
21.10533,26.73055,45.8754,3593.89107,-0.14012,56.21171,6.955652983514148,2.5911637506035703,0.0
21.13208,26.77342,45.86188,3590.04127,-0.14751,56.23169,6.953972047003378,2.5905375575252068,0.0
21.15878,26.81626,45.84767,3586.19412,-0.15505,56.25168,6.95295731133079,2.5901595417878656,0.0
21.18544,26.85907,45.83276,3582.34927,-0.16272,56.27168,6.952619123415597,2.5900335578911964,0.0
21.21206,26.90185,45.81714,3578.50638,-0.17053,56.29171,6.952966466139285,2.590162952194907,0.0
21.23864,26.9446,45.8008,3574.66509,-0.17843,56.31174,6.954006952690184,2.5905505608119666,0.0
21.26517,26.98733,45.78374,3570.82505,-0.18643,56.33179,6.955746821884669,2.591198707865625,0.0
21.29167,27.03003,45.76595,3566.98587,-0.19449,56.35186,6.958190934382077,2.59210920407938,0.0
21.31812,27.0727,45.74742,3563.14718,-0.20262,56.37194,6.961342769747991,2.5932833456829623,0.0
21.34453,27.11534,45.72815,3559.30859,-0.21078,56.39203,6.965204424327832,2.5947219136202007,0.0
21.37089,27.15795,45.70813,3555.46972,-0.21896,56.41214,6.969776609911606,2.5964251730515984,0.0
21.39721,27.20053,45.68738,3551.63017,-0.22715,56.43226,6.975058653169106,2.5983928731439407,0.0
21.4235,27.24309,45.66589,3547.78955,-0.23532,56.4524,6.981048495884042,2.6006242471575014,0.0
21.44973,27.28562,45.64367,3543.94745,-0.24346,56.47255,6.9877426960083895,2.6031180128388263,0.0
21.47593,27.32812,45.62072,3540.10347,-0.25155,56.49271,6.995136429585444,2.6058723731371174,0.0
21.50208,27.37059,45.59705,3536.25721,-0.25958,56.51289,7.003223493584288,2.6088850172601465,0.0
21.5282,27.41303,45.57266,3532.40826,-0.26753,56.53308,7.011996309753341,2.612153122109805,0.0
21.55427,27.45545,45.54757,3528.55622,-0.27538,56.55329,7.021445929548489,2.6156733541179578,0.0
21.58029,27.49783,45.52179,3524.7007,-0.28311,56.57351,7.031562040270843,2.6194418715329273,0.0
21.60628,27.54019,45.49533,3520.84128,-0.29072,56.59374,7.042332972504983,2.6234543271904274,0.0
21.63222,27.58252,45.4682,3516.97757,-0.29817,56.61399,7.0537457090168765,2.6277058718282786,0.0
21.65812,27.62481,45.44042,3513.10918,-0.30546,56.63425,7.065785895221087,2.632191157985712,0.0
21.68398,27.66708,45.41202,3509.23571,-0.31258,56.65452,7.0784378514037005,2.6369043445567373,0.0
21.7098,27.70933,45.383,3505.35679,-0.3195,56.67481,7.091684586825537,2.6418391020439564,0.0
21.73557,27.75154,45.35338,3501.47204,-0.32621,56.6951,7.10550781589881,2.646988618584798,0.0
21.7613,27.79372,45.3232,3497.58107,-0.3327,56.71542,7.119887976605422,2.6523456068128106,0.0
21.78699,27.83587,45.29246,3493.68354,-0.33895,56.73574,7.134804251318122,2.657902311614099,0.0
21.81264,27.878,45.2612,3489.77908,-0.34496,56.75607,7.15023459022192,2.6636505188524153,0.0
21.83824,27.92009,45.22944,3485.86735,-0.3507,56.77642,7.1661557375006835,2.6695815651243513,0.0
21.8638,27.96215,45.1972,3481.94801,-0.35617,56.79678,7.182543260469062,2.675686348611752,0.0
21.88932,28.00419,45.16451,3478.02074,-0.36135,56.81716,7.199371581820039,2.6819553410947736,0.0
21.9148,28.04619,45.13141,3474.08523,-0.36623,56.83754,7.216614015152027,2.6883786011866646,0.0
21.94023,28.08816,45.09791,3470.14118,-0.3708,56.85794,7.234242803928549,2.694945788847267,0.0
21.96562,28.13011,45.06404,3466.18829,-0.37506,56.87834,7.252229164016866,2.7016461812297816,0.0
21.99097,28.17202,45.02985,3462.2263,-0.37899,56.89876,7.270543329931956,2.7084686899078596,0.0
22.01627,28.2139,44.99535,3458.25494,-0.38259,56.91919,7.289154604889996,2.7154018795218446,0.0
22.04154,28.25576,44.96058,3454.27398,-0.38584,56.93963,7.308031414789017,2.722433987887991,0.0
22.06676,28.29758,44.92558,3450.28319,-0.38874,56.96009,7.327141366158423,2.7295529475861766,0.0
22.09193,28.33937,44.89036,3446.28235,-0.39129,56.98055,7.346451308139248,2.7367464090491853,0.0
22.11707,28.38113,44.85498,3442.27127,-0.39348,57.00102,7.365927398523716,2.7440017651641795,0.0
22.14216,28.42285,44.81946,3438.24979,-0.39531,57.02151,7.385535173837445,2.7513061773801613,0.0
22.16721,28.46455,44.78383,3434.21773,-0.39676,57.042,7.405239623425074,2.7586466033068247,0.0
22.19221,28.50621,44.74812,3430.17497,-0.39784,57.06251,7.425005267483251,2.7660098257838905,0.0
22.21717,28.54784,44.71238,3426.12138,-0.39856,57.08302,7.444796238923661,2.7733824833772416,0.0
22.24209,28.58945,44.67664,3422.05687,-0.39889,57.10354,7.464576368949138,2.7807511022582747,0.0
22.26697,28.63101,44.64092,3417.98136,-0.39886,57.12408,7.48430927614139,2.7881021293914245,0.0
22.2918,28.67255,44.60527,3413.89479,-0.39845,57.14462,7.50395845888393,2.7954219669641347,0.0
22.31659,28.71405,44.56971,3409.79712,-0.39767,57.16517,7.523487390846631,2.8026970079573656,0.0
22.34133,28.75552,44.53428,3405.68834,-0.39652,57.18573,7.542859619273574,2.809913672760408,0.0
22.36603,28.79696,44.49901,3401.56845,-0.39501,57.2063,7.56203886573515,2.817058446703691,0.0
22.39069,28.83836,44.46394,3397.43747,-0.39314,57.22688,7.580989129004045,2.824117918382789,0.0
22.41531,28.87974,44.42909,3393.29546,-0.39092,57.24747,7.599674789668984,2.8310788186298,0.0
22.43988,28.92107,44.39449,3389.14249,-0.38835,57.26807,7.618060716053968,2.8379280599710457,0.0
22.4644,28.96238,44.36018,3384.97864,-0.38543,57.28867,7.636112371015166,2.8446527764117193,0.0
22.48889,29.00365,44.32619,3380.80402,-0.38219,57.30928,7.653795919116514,2.851240363361624,0.0
22.51333,29.04488,44.29254,3376.61877,-0.37862,57.3299,7.671078333705103,2.8576785175235693,0.0
22.53772,29.08609,44.25926,3372.42304,-0.37474,57.35053,7.68792750335234,2.863955276545499,0.0
22.56208,29.12725,44.22638,3368.217,-0.37056,57.37116,7.7043123371367175,2.870059058241103,0.0
22.58638,29.16839,44.19392,3364.00084,-0.36609,57.39181,7.720202868200478,2.87597869916739,0.0
22.61065,29.20949,44.1619,3359.77479,-0.36134,57.41245,7.735570355049376,2.8817034923615177,0.0
22.63487,29.25055,44.13036,3355.53906,-0.35633,57.43311,7.750387380009634,2.8872232240186038,0.0
22.65904,29.29158,44.0993,3351.29391,-0.35106,57.45377,7.764627944305271,2.8925282089105258,0.0
22.68317,29.33257,44.06876,3347.0396,-0.34556,57.47444,7.778267559193013,2.8976093243360768,0.0
22.70726,29.37353,44.03875,3342.77642,-0.33984,57.49512,7.791283332618815,2.9024580424027975,0.0
22.7313,29.41446,44.00929,3338.50467,-0.33391,57.5158,7.803654050879608,2.9070664604481298,0.0
22.7553,29.45534,43.98039,3334.22467,-0.32779,57.53649,7.815360254781551,2.9114273294103654,0.0
22.77926,29.4962,43.95207,3329.93674,-0.3215,57.55719,7.8263843098322745,2.9155340799771055,0.0
22.80317,29.53701,43.92434,3325.64124,-0.31506,57.57789,7.836710470025681,2.919380846346776,0.0
22.82703,29.57779,43.89721,3321.33851,-0.30848,57.59859,7.846324934810132,2.922962487450777,0.0
22.85085,29.61854,43.8707,3317.02892,-0.30178,57.61931,7.855215898893977,2.926274605507354,0.0
22.87463,29.65924,43.8448,3312.71286,-0.29498,57.64002,7.863373594542007,2.9293135617781356,0.0
22.89836,29.69991,43.81953,3308.39072,-0.2881,57.66075,7.870790326139317,2.9320764894440865,0.0
22.92205,29.74055,43.7949,3304.06288,-0.28115,57.68148,7.877460496748117,2.934561303498616,0.0
22.9457,29.78115,43.77089,3299.72977,-0.27417,57.70221,7.883380626536625,2.9367667076128248,0.0
22.96929,29.82171,43.74753,3295.39178,-0.26716,57.72295,7.8885493629542545,2.9386921979260316,0.0
22.99285,29.86223,43.7248,3291.04933,-0.26015,57.74369,7.892967482580645,2.9403380637345853,0.0
23.01636,29.90272,43.7027,3286.70285,-0.25315,57.76444,7.89663788468126,2.941705385091156,0.0
23.03983,29.94317,43.68123,3282.35276,-0.24619,57.78519,7.899565576495232,2.9427960273240683,0.0
23.06325,29.98358,43.66039,3277.99948,-0.23928,57.80595,7.901757650387767,2.943612632525973,0.0
23.08662,30.02396,43.64016,3273.64343,-0.23245,57.82672,7.903223253023634,2.9441586080701594,0.0
23.10996,30.0643,43.62054,3269.28504,-0.22571,57.84748,7.90397354678025,2.9444381122359164,0.0
23.13324,30.1046,43.60152,3264.92474,-0.21908,57.86825,7.904021663669649,2.944456037043249,0.0
23.15649,30.14486,43.58308,3260.56294,-0.21258,57.88903,7.903382652075485,2.944217988411016,0.0
23.17969,30.18509,43.56522,3256.20005,-0.20623,57.90981,7.902073416670879,2.943730263774743,0.0
23.20284,30.22527,43.54792,3251.83649,-0.20005,57.93059,7.90011265190065,2.9429998273070064,0.0
23.22595,30.26542,43.53115,3247.47265,-0.19404,57.95138,7.897520769464863,2.9420342829031445,0.0
23.24902,30.30554,43.51491,3243.10894,-0.18824,57.97217,7.894319820253964,2.9408418451000427,0.0
23.27204,30.34561,43.49918,3238.74574,-0.18265,57.99297,7.890533411238626,2.9394313081154113,0.0
23.29502,30.38565,43.48393,3234.38342,-0.1773,58.01377,7.886186617794366,2.9378120131864063,0.0
23.31795,30.42565,43.46915,3230.02236,-0.17219,58.03457,7.881305891995961,2.935993814406876,0.0
23.34084,30.46561,43.45481,3225.6629,-0.16734,58.05538,7.8759189674113665,2.933987043260598,0.0
23.36368,30.50553,43.44088,3221.30539,-0.16276,58.07619,7.870054760938138,2.931802472052762,0.0
23.38649,30.54542,43.42734,3216.95016,-0.15847,58.097,7.863743272198753,2.9294512764320775,0.0
23.40924,30.58527,43.41418,3212.59753,-0.15448,58.11782,7.857015481049863,2.9269449972102772,0.0
23.43196,30.62508,43.40135,3208.24779,-0.15081,58.13864,7.849903243721314,2.9242955016711663,0.0
23.45462,30.66485,43.38884,3203.90123,-0.14745,58.15947,7.842439188099198,2.921514944560805,0.0
23.47725,30.70458,43.37661,3199.55813,-0.14442,58.1803,7.834656608650815,2.918615728944293,0.0
23.49983,30.74428,43.36463,3195.21873,-0.14173,58.20113,7.826589361460181,2.9156104671037335,0.0
23.52237,30.78393,43.35288,3190.88327,-0.13939,58.22196,7.818271759851912,2.9125119416553837,0.0
23.54486,30.82355,43.34133,3186.55197,-0.1374,58.2428,7.80973847099309,2.90933306703113,0.0
23.56731,30.86313,43.32995,3182.22503,-0.13577,58.26365,7.801024413907943,2.906086851486272,0.0
23.58972,30.90268,43.3187,3177.90264,-0.13451,58.28449,7.7921646592672875,2.9027863597684536,0.0
23.61208,30.94218,43.30756,3173.58496,-0.13362,58.30534,7.783194331276108,2.8994446765682045,0.0
23.6344,30.98165,43.29649,3169.27214,-0.13309,58.32619,7.774148511992078,2.896074870875073,0.0
23.65667,31.02108,43.28546,3164.96429,-0.13295,58.34705,7.7650621483229605,2.8926899613317105,0.0
23.6789,31.06047,43.27445,3160.66154,-0.13318,58.36791,7.755969961957321,2.8893028826806884,0.0
23.70109,31.09982,43.26341,3156.36397,-0.13378,58.38877,7.7469063624421945,2.8859264533836484,0.0
23.72324,31.13914,43.25233,3152.07165,-0.13476,58.40963,7.737905363569046,2.8825733444728665,0.0
23.74534,31.17841,43.24116,3147.78463,-0.13612,58.4305,7.729000503205914,2.8792560496866226,0.0
23.7674,31.21765,43.22988,3143.50294,-0.13784,58.45137,7.720224766711585,2.875986856938961,0.0
23.78942,31.25685,43.21846,3139.2266,-0.13994,58.47225,7.711610513982969,2.8727778211429214,0.0
23.81139,31.29602,43.20687,3134.95559,-0.1424,58.49312,7.703189410202115,2.8696407384119778,0.0
23.83332,31.33514,43.19508,3130.6899,-0.14522,58.514,7.694992360320053,2.866587121653547,0.0
23.85521,31.37423,43.18306,3126.42948,-0.14839,58.53489,7.687049447255271,2.8636281775462953,0.0
23.87705,31.41328,43.17078,3122.17427,-0.15191,58.55577,7.679389873804009,2.8607747849001934,0.0
23.89886,31.45229,43.15821,3117.9242,-0.15577,58.57666,7.672041908207298,2.8580374743788073,0.0
23.92061,31.49127,43.14534,3113.67915,-0.15996,58.59756,7.665032833325571,2.855426409565505,0.0
23.94233,31.5302,43.13213,3109.43903,-0.16447,58.61845,7.658388899342093,2.852951369344236,0.0
23.96401,31.5691,43.11855,3105.20369,-0.1693,58.63935,7.652135279888015,2.8506217315549605,0.0
23.98564,31.60796,43.10459,3100.973,-0.17442,58.66025,7.646296031512638,2.8484464578952613,0.0
24.00723,31.64679,43.09022,3096.74678,-0.17984,58.68116,7.640894056371001,2.8464340800204813,0.0
24.02877,31.68557,43.07542,3092.52487,-0.18553,58.70206,7.6359510680084455,2.844592686797578,0.0
24.05028,31.72432,43.06017,3088.30706,-0.19149,58.72297,7.631487560127066,2.842929912669804,0.0
24.07174,31.76303,43.04445,3084.09316,-0.19771,58.74389,7.627522778202278,2.8414529270831297,0.0
24.09316,31.8017,43.02824,3079.88293,-0.20416,58.7648,7.624074693817162,2.8401684249251136,0.0
24.11454,31.84034,43.01152,3075.67614,-0.21083,58.78572,7.621159981600889,2.8390826179338577,0.0
24.13588,31.87893,42.99428,3071.47256,-0.21772,58.80664,7.618793998625034,2.838201227022593,0.0
24.15717,31.91749,42.97651,3067.2719,-0.2248,58.82757,7.616990766160732,2.8375294754837386,0.0
24.17843,31.95601,42.95818,3063.07392,-0.23206,58.84849,7.615762953662024,2.8370720830222793,0.0
24.19964,31.9945,42.93928,3058.87832,-0.23948,58.86942,7.615121864886985,2.836833260585516,0.0
24.22081,32.03294,42.91982,3054.68482,-0.24705,58.89035,7.6150774260277965,2.8368167059412115,0.0
24.24193,32.07135,42.89977,3050.49311,-0.25475,58.91129,7.615638175803894,2.8370255999870224,0.0
24.26302,32.10972,42.87913,3046.30288,-0.26256,58.93222,7.616811257392817,2.8374626037445303,0.0
24.28406,32.14805,42.85789,3042.11382,-0.27047,58.95316,7.618602412165274,2.838129856025389,0.0
24.30506,32.18635,42.83604,3037.9256,-0.27845,58.9741,7.621015975147924,2.8390289717410906,0.0
24.32603,32.22461,42.81359,3033.73789,-0.2865,58.99504,7.6240548721771715,2.8401610408426783,0.0
24.34694,32.26282,42.79053,3029.55036,-0.29459,59.01599,7.627720618714519,2.841526627879437,0.0
24.36782,32.301,42.76686,3025.36266,-0.3027,59.03694,7.632013320307956,2.8431257721707683,0.0
24.38866,32.33915,42.74258,3021.17444,-0.31083,59.05788,7.636931674677521,2.8449579885831233,0.0
24.40945,32.37725,42.71769,3016.98536,-0.31894,59.07883,7.64247297546082,2.8470222689253,0.0
24.4302,32.41532,42.6922,3012.79507,-0.32702,59.09979,7.648633117615274,2.8493170839609294,0.0
24.45092,32.45335,42.66611,3008.60321,-0.33506,59.12074,7.655406604522048,2.851840386054869,0.0
24.47159,32.49134,42.63942,3004.40943,-0.34303,59.1417,7.662786556837262,2.8545896124705186,0.0
24.49222,32.52929,42.61215,3000.21337,-0.35092,59.16265,7.670764723138889,2.8575616893360642,0.0
24.5128,32.5672,42.5843,2996.01467,-0.35872,59.18361,7.679331492454737,2.8607530363114835,0.0
24.53335,32.60508,42.55588,2991.813,-0.3664,59.20457,7.688475908726882,2.86415957197693,0.0
24.55385,32.64291,42.52691,2987.60798,-0.37394,59.22553,7.698185687302611,2.8677767199760393,0.0
24.57432,32.68071,42.49739,2983.39928,-0.38134,59.24649,7.708447233571368,2.871599415958683,0.0
24.59474,32.71847,42.46734,2979.18656,-0.38857,59.26746,7.719245663803186,2.875622115343835,0.0
24.61512,32.75619,42.43678,2974.96946,-0.39563,59.28842,7.73056482832984,2.8798388019551564,0.0
24.63546,32.79387,42.40572,2970.74767,-0.40248,59.30938,7.742387337153528,2.8842429975609085,0.0
24.65576,32.83151,42.37418,2966.52085,-0.40913,59.33035,7.754694588105722,2.8888277723638627,0.0
24.67601,32.86911,42.34218,2962.28868,-0.41555,59.35131,7.767466797656723,2.8935857564786684,0.0
24.69623,32.90667,42.30974,2958.05084,-0.42174,59.37228,7.780683034480276,2.8985091524355617,0.0
24.7164,32.9442,42.27687,2953.80705,-0.42767,59.39324,7.794321255891605,2.903589748754484,0.0
24.73653,32.98168,42.2436,2949.55699,-0.43333,59.41421,7.808358347235154,2.908818934618057,0.0
24.75662,33.01913,42.20995,2945.30038,-0.43872,59.43518,7.822770164326263,2.914187715682225,0.0
24.77667,33.05653,42.17595,2941.03696,-0.44383,59.45614,7.8375315790195526,2.9196867310516716,0.0
24.79668,33.09389,42.14162,2936.76645,-0.44863,59.47711,7.852616527976702,2.925306271447104,0.0
24.81665,33.13122,42.10697,2932.48861,-0.45313,59.49807,7.867998064688375,2.93103629858479,0.0
24.83658,33.1685,42.07205,2928.2032,-0.45731,59.51903,7.883648414773966,2.9368664657771664,0.0
24.85646,33.20575,42.03687,2923.91,-0.46116,59.54,7.899539034605742,2.942786139771874,0.0
24.8763,33.24295,42.00146,2919.60879,-0.46468,59.56096,7.915640673233799,2.948784423820435,0.0
24.8961,33.28011,41.96584,2915.29939,-0.46786,59.58192,7.931923437610534,2.9548501819760844,0.0
24.91586,33.31723,41.93005,2910.98161,-0.4707,59.60288,7.9483568610600965,2.96097206460044,0.0
24.93558,33.35432,41.89411,2906.65529,-0.47318,59.62383,7.96490997492344,2.9671385350531736,0.0
24.95526,33.39135,41.85805,2902.32028,-0.47531,59.64479,7.981551383306984,2.973337897537851,0.0
24.97489,33.42835,41.82189,2897.97645,-0.47709,59.66574,7.998249340784356,2.9795583260478753,0.0
24.99449,33.46531,41.78566,2893.62369,-0.4785,59.68669,8.014971832932366,2.9857878943682583,0.0
25.01404,33.50222,41.7494,2889.2619,-0.47955,59.70764,8.031686659508459,2.992014607061409,0.0
25.03355,33.5391,41.71313,2884.891,-0.48025,59.72859,8.04836152007426,2.998226431364157,0.0
25.05302,33.57593,41.67687,2880.51093,-0.48058,59.74953,8.064964101833096,3.0044113299095403,0.0
25.07244,33.61272,41.64065,2876.12165,-0.48055,59.77048,8.081462169413632,3.0105572941735725,0.0
25.09183,33.64947,41.60451,2871.72314,-0.48017,59.79142,8.0978236563268,3.016652378545357,0.0
25.11117,33.68617,41.56846,2867.31539,-0.47943,59.81235,8.114016757770116,3.0226847348991344,0.0
25.13047,33.72283,41.53254,2862.89842,-0.47835,59.83328,8.13001002444147,3.0286426475423855,0.0
25.14973,33.75945,41.49677,2858.47226,-0.47692,59.85421,8.145772457011578,3.0345145684093113,0.0
25.16895,33.79603,41.46117,2854.03696,-0.47516,59.87514,8.161273600850905,3.0402891523491027,0.0
25.18813,33.83256,41.42577,2849.59258,-0.47307,59.89606,8.176483640627925,3.045955292366275,0.0
25.20726,33.86905,41.39059,2845.13923,-0.47066,59.91698,8.19137349434167,3.051502154650275,0.0
25.22636,33.9055,41.35566,2840.677,-0.46794,59.93789,8.205914906366484,3.0569192132370953,0.0
25.24541,33.9419,41.321,2836.20603,-0.46492,59.9588,8.220080539058273,3.0621962841350143,0.0
25.26442,33.97826,41.28663,2831.72644,-0.4616,59.97971,8.233844062474432,3.0673235587476295,0.0
25.28338,34.01457,41.25257,2827.23841,-0.45801,60.00061,8.247180241741114,3.0722916364204638,0.0
25.30231,34.05084,41.21884,2822.74211,-0.45415,60.02151,8.260065021634283,3.0770915559496306,0.0
25.32119,34.08707,41.18545,2818.23773,-0.45004,60.0424,8.272475607897434,3.081714825874833,0.0
25.34003,34.12325,41.15243,2813.72547,-0.44569,60.06329,8.284390544876674,3.0861534534004593,0.0
25.35883,34.15939,41.11979,2809.20557,-0.44112,60.08417,8.295789789017881,3.0903999717752235,0.0
25.37759,34.19548,41.08755,2804.67827,-0.43634,60.10505,8.306654777838995,3.0944474659861494,0.0
25.3963,34.23153,41.05572,2800.14381,-0.43136,60.12592,8.316968493957507,3.098289596610498,0.0
25.41497,34.26753,41.02431,2795.60246,-0.42621,60.14678,8.326715523818772,3.10192062169361,0.0
25.43361,34.30349,40.99334,2791.05449,-0.4209,60.16764,8.335882110770397,3.1053354165205085,0.0
25.45219,34.3394,40.96281,2786.50021,-0.41545,60.1885,8.3444562021767,3.108529491167279,0.0
25.47074,34.37526,40.93273,2781.9399,-0.40988,60.20934,8.352427490293561,3.1114990057280227,0.0
25.48924,34.41108,40.90311,2777.37388,-0.40419,60.23019,8.359787446654282,3.114240783124498,0.0
25.50771,34.44686,40.87395,2772.80247,-0.39843,60.25102,8.366529349771383,3.116752319425765,0.0
25.52613,34.48259,40.84526,2768.226,-0.39259,60.27185,8.372648305990412,3.119031791616781,0.0
25.54451,34.51827,40.81705,2763.64479,-0.38671,60.29267,8.378141263368436,3.121078062768502,0.0
25.56284,34.55391,40.78931,2759.05919,-0.3808,60.31349,8.383007018510597,3.12289068458468,0.0
25.58114,34.5895,40.76204,2754.46955,-0.37487,60.3343,8.387246216324883,3.1244698973105094,0.0
25.59939,34.62504,40.73524,2749.87621,-0.36896,60.3551,8.390861342713684,3.125816627010037,0.0
25.6176,34.66054,40.70891,2745.27953,-0.36307,60.3759,8.393856710261751,3.1269324802345557,0.0
25.63577,34.69599,40.68305,2740.67985,-0.35723,60.39669,8.396238437013928,3.1278197361167446,0.0
25.65389,34.7314,40.65765,2736.07755,-0.35146,60.41747,8.398014418485317,3.128481335943722,0.0
25.67198,34.76676,40.6327,2731.47296,-0.34578,60.43825,8.399194293108302,3.1289208702851528,0.0
25.69002,34.80207,40.60819,2726.86645,-0.34019,60.45901,8.399789401305949,3.1291425637470156,0.0
25.70802,34.83733,40.58412,2722.25836,-0.33474,60.47977,8.399812738482593,3.129151257459353,0.0
25.72598,34.87255,40.56048,2717.64905,-0.32942,60.50053,8.399278902215977,3.128952389403962,0.0
25.7439,34.90772,40.53724,2713.03887,-0.32426,60.52127,8.398204033960141,3.128551972697177,0.0
25.76177,34.94284,40.51441,2708.42814,-0.31928,60.54201,8.396605755641453,3.1279565719702322,0.0
25.7796,34.97792,40.49196,2703.81721,-0.31449,60.56274,8.394503101486729,3.1271732779734376,0.0
25.7974,35.01295,40.46988,2699.20639,-0.3099,60.58346,8.391916445512482,3.1262096805640156,0.0
25.81515,35.04793,40.44816,2694.59603,-0.30555,60.60418,8.388867425073977,3.125073840226116,0.0
25.83285,35.08286,40.42677,2689.98641,-0.30143,60.62488,8.385378860890821,3.1237742582782424,0.0
25.85052,35.11775,40.4057,2685.37784,-0.29756,60.64558,8.38147467400143,3.1223198459366044,0.0
25.86815,35.15259,40.38492,2680.77062,-0.29396,60.66628,8.377179800068651,3.12071989239171,0.0
25.88573,35.18738,40.36443,2676.16503,-0.29064,60.68696,8.372520101496765,3.1189840320696343,0.0
25.90327,35.22213,40.34419,2671.56133,-0.28761,60.70763,8.367522277774624,3.1171222112324806,0.0
25.92077,35.25682,40.32419,2666.95978,-0.28489,60.7283,8.362213774493744,3.115144654085225,0.0
25.93823,35.29147,40.3044,2662.36063,-0.28248,60.74896,8.356622691463471,3.1130618285462,0.0
25.95565,35.32608,40.2848,2657.7641,-0.28039,60.76961,8.350777690336058,3.1108844118350034,0.0
25.97303,35.36063,40.26537,2653.17041,-0.27863,60.79025,8.344707902123332,3.108623256020024,0.0
25.99036,35.39514,40.24609,2648.57977,-0.27721,60.81089,8.338442835012582,3.106289353677432,0.0
26.00766,35.4296,40.22692,2643.99236,-0.27613,60.83151,8.332012282821433,3.103893803788218,0.0
26.02491,35.46401,40.20785,2639.40835,-0.27541,60.85213,8.325446234438193,3.1014477780023304,0.0
26.04212,35.49837,40.18885,2634.8279,-0.27504,60.87274,8.318774784577064,3.09896248739265,0.0
26.0593,35.53269,40.1699,2630.25116,-0.27503,60.89334,8.312028046114474,3.0964491497979623,0.0
26.07643,35.56696,40.15097,2625.67825,-0.27538,60.91394,8.305236064311817,3.0939189578686763,0.0
26.09352,35.60118,40.13203,2621.10927,-0.2761,60.93452,8.298428733139705,3.091383047895402,0.0
26.11057,35.63535,40.11307,2616.54433,-0.27719,60.9551,8.291635713938163,3.0888524695077346,0.0
26.12757,35.66948,40.09405,2611.98349,-0.27863,60.97567,8.28488635659869,3.0863381563125016,0.0
26.14454,35.70355,40.07495,2607.42681,-0.28045,60.99623,8.278209623444914,3.0838508975372987,0.0
26.16147,35.73758,40.05575,2602.87435,-0.28262,61.01678,8.27163401594507,3.0814013107289595,0.0
26.17836,35.77157,40.03643,2598.32613,-0.28516,61.03732,8.265187504382332,3.078999815553913,0.0
26.1952,35.8055,40.01695,2593.78216,-0.28805,61.05785,8.258897460574364,3.0766566087344316,0.0
26.21201,35.83939,39.9973,2589.24243,-0.29129,61.07838,8.252790593724283,3.0743816401514388,0.0
26.22878,35.87323,39.97745,2584.70692,-0.29488,61.0989,8.246892889447857,3.0721845901305316,0.0
26.2455,35.90702,39.95738,2580.1756,-0.29881,61.1194,8.241229552014945,3.070074847925395,0.0
26.26219,35.94076,39.93708,2575.64841,-0.30307,61.1399,8.235824949824387,3.068061491405772,0.0
26.27883,35.97446,39.91651,2571.12529,-0.30765,61.16039,8.230702564111104,3.066153267949494,0.0
26.29544,36.00811,39.89565,2566.60615,-0.31254,61.18088,8.225884940865194,3.0643585765310966,0.0
26.312,36.04171,39.8745,2562.09089,-0.31775,61.20135,8.221393645944174,3.0626854509999335,0.0
26.32853,36.07526,39.85302,2557.57941,-0.32324,61.22182,8.217249223338156,3.061141544532871,0.0
26.34502,36.10877,39.83121,2553.07157,-0.32902,61.24227,8.213471156538338,3.059734115243019,0.0
26.36146,36.14223,39.80903,2548.56724,-0.33507,61.26272,8.210077832957452,3.058470012925422,0.0
26.37787,36.17564,39.78649,2544.06626,-0.34137,61.28316,8.207086511337641,3.0573556669156328,0.0
26.39424,36.209,39.76356,2539.56847,-0.34792,61.30359,8.204513292081588,3.05639707503728,0.0
26.41057,36.24232,39.74022,2535.0737,-0.35471,61.32401,8.202373090443139,3.055599793614863,0.0
26.42685,36.27558,39.71647,2530.58174,-0.36171,61.34442,8.20067961249916,3.0549689285226447,0.0
26.4431,36.3088,39.69229,2526.09241,-0.36891,61.36482,8.199445333840737,3.0545091272465563,0.0
26.45931,36.34198,39.66767,2521.60549,-0.3763,61.38522,8.198681480910068,3.054224571931702,0.0
26.47548,36.3751,39.6426,2517.12076,-0.38385,61.4056,8.198398014934593,3.0541189733973986,0.0
26.49161,36.40818,39.61708,2512.63799,-0.39157,61.42598,8.198603618362712,3.054195566084125,0.0
26.5077,36.44121,39.59109,2508.15695,-0.39942,61.44635,8.19930568377687,3.0544571039233523,0.0
26.52376,36.47419,39.56462,2503.67738,-0.40739,61.4667,8.200510305221927,3.054905857107133,0.0
26.53977,36.50712,39.53768,2499.19904,-0.41546,61.48705,8.202222271889426,3.0555436097353303,0.0
26.55574,36.54,39.51026,2494.72166,-0.42363,61.50739,8.204445064143334,3.0563716583350953,0.0
26.57168,36.57284,39.48234,2490.24498,-0.43186,61.52772,8.207180851830897,3.057390811231618,0.0
26.58758,36.60563,39.45395,2485.76872,-0.44014,61.54804,8.210430494867854,3.058601388766139,0.0
26.60343,36.63837,39.42506,2481.29262,-0.44845,61.56835,8.214193546077963,3.0600032243537414,0.0
26.61925,36.67106,39.39568,2476.81638,-0.45678,61.58865,8.218468256282174,3.0615956663792043,0.0
26.63503,36.70371,39.36582,2472.33973,-0.46511,61.60894,8.223251581613905,3.0633775809221384,0.0
26.65077,36.7363,39.33548,2467.86237,-0.47342,61.62923,8.228539193096623,3.065347355324882,0.0
26.66647,36.76885,39.30465,2463.38403,-0.48169,61.6495,8.23432548846548,3.067502902596375,0.0
26.68214,36.80135,39.27335,2458.90442,-0.48991,61.66976,8.240603606276611,3.0698416666682427,0.0
26.69776,36.8338,39.24158,2454.42324,-0.49805,61.69001,8.247365442298323,3.072360628500944,0.0
26.71335,36.86621,39.20935,2449.9402,-0.5061,61.71025,8.254601668243101,3.075056313061938,0.0
26.7289,36.89856,39.17666,2445.45503,-0.51405,61.73048,8.262301752844529,3.077924797177389,0.0
26.7444,36.93087,39.14353,2440.96742,-0.52187,61.7507,8.270453985333598,3.0809617182777123,0.0
26.75987,36.96312,39.10996,2436.47712,-0.52956,61.77091,8.279045501343623,3.084162284047838,0.0
26.77531,36.99533,39.07598,2431.98382,-0.53709,61.79111,8.288062311281426,3.087521282996218,0.0
26.7907,37.02749,39.04158,2427.48726,-0.54444,61.8113,8.297489331198587,3.0910330959551824,0.0
26.80605,37.0596,39.00678,2422.98717,-0.55162,61.83148,8.307310416208178,3.0946917085295538,0.0
26.82137,37.09166,38.9716,2418.48329,-0.55859,61.85165,8.317508396472538,3.098490724503038,0.0
26.83665,37.12367,38.93605,2413.97534,-0.56534,61.87181,8.328065115793684,3.1024233802141667,0.0
26.85189,37.15564,38.90015,2409.4631,-0.57187,61.89195,8.338961472817283,3.1064825599058654,0.0
26.86709,37.18755,38.86391,2404.9463,-0.57816,61.91209,8.350177464894651,3.110660812065198,0.0
26.88225,37.21941,38.82735,2400.42472,-0.5842,61.93221,8.36169223456906,3.1149503667407403,0.0
26.89737,37.25123,38.79049,2395.89813,-0.58998,61.95232,8.373484118717972,3.119343153849354,0.0
26.91246,37.28299,38.75335,2391.36631,-0.59548,61.97242,8.385530700329328,3.123830822464223,0.0
26.9275,37.31471,38.71594,2386.82906,-0.60069,61.99251,8.397808862855985,3.128404761063301,0.0
26.94251,37.34637,38.67829,2382.28617,-0.60562,62.01259,8.410294847147453,3.1330561187378922,0.0
26.95748,37.37799,38.64041,2377.73748,-0.61024,62.03265,8.422964310886545,3.137775827334358,0.0
26.97241,37.40955,38.60232,2373.18279,-0.61456,62.0527,8.435792390443082,3.142554624496254,0.0
26.98731,37.44106,38.56405,2368.62195,-0.61856,62.07274,8.448753765083678,3.147383077584168,0.0
27.00216,37.47253,38.52562,2364.05482,-0.62224,62.09277,8.461822723402136,3.1522516084227816,0.0
27.01698,37.50394,38.48704,2359.48126,-0.62559,62.11279,8.474973231871699,3.1571505188383964,0.0
27.03176,37.5353,38.44834,2354.90114,-0.62862,62.13279,8.488179005346353,3.1620700169225175,0.0
27.0465,37.56661,38.40954,2350.31437,-0.63131,62.15278,8.501413579373825,3.16700024397035,0.0
27.0612,37.59787,38.37066,2345.72084,-0.63368,62.17275,8.514650384117145,3.1719313020185314,0.0
27.07586,37.62908,38.33172,2341.12048,-0.6357,62.19272,8.527862819695551,3.17685328191159,0.0
27.09048,37.66024,38.29274,2336.51322,-0.6374,62.21267,8.541024332705504,3.181756291808046,0.0
27.10507,37.69135,38.25375,2331.89902,-0.63876,62.2326,8.554108493712848,3.186630486048277,0.0
27.11962,37.7224,38.21476,2327.27785,-0.63979,62.25253,8.567089075423038,3.191466094274983,0.0
27.13413,37.7534,38.17579,2322.64967,-0.64049,62.27243,8.579940131289082,3.1962534507167146,0.0
27.1486,37.78435,38.13687,2318.0145,-0.64086,62.29233,8.592636074234612,3.200983023514288,0.0
27.16303,37.81525,38.09802,2313.37233,-0.64092,62.31221,8.6051517552317,3.2056454439930895,0.0
27.17742,37.8461,38.05925,2308.72321,-0.64067,62.33208,8.617462541379457,3.210231535749407,0.0
27.19178,37.87689,38.02058,2304.06717,-0.6401,62.35193,8.629544393186217,3.2147323434400787,0.0
27.2061,37.90763,37.98203,2299.40427,-0.63924,62.37177,8.641373940718125,3.2191391611498417,0.0
27.22038,37.93832,37.94362,2294.73457,-0.63809,62.39159,8.652928558257582,3.223443560203574,0.0
27.23462,37.96896,37.90537,2290.05818,-0.63666,62.4114,8.664186437171532,3.227637416311641,0.0
27.24882,37.99954,37.86729,2285.37519,-0.63496,62.4312,8.675126656613362,3.2317129359082215,0.0
27.26298,38.03007,37.8294,2280.68572,-0.633,62.45097,8.685729251726393,3.235662681558893,0.0
27.27711,38.06055,37.79171,2275.98989,-0.63079,62.47074,8.695975279037738,3.239479596321572,0.0
27.2912,38.09097,37.75423,2271.28785,-0.62834,62.49049,8.70584687868777,3.243157026928628,0.0
27.30524,38.12134,37.71699,2266.57975,-0.62568,62.51022,8.715327333197918,3.2466887456794287,0.0
27.31925,38.15166,37.67998,2261.86577,-0.62281,62.52994,8.724401122468626,3.250068970928532,0.0
27.33323,38.18192,37.64323,2257.14609,-0.61974,62.54964,8.73305397472135,3.2532923860629173,0.0
27.34716,38.21213,37.60674,2252.42089,-0.6165,62.56933,8.741272913112539,3.2563541568669176,0.0
27.36106,38.24228,37.57053,2247.69037,-0.6131,62.589,8.749046297777696,3.25924994718475,0.0
27.37491,38.27239,37.53459,2242.95476,-0.60956,62.60865,8.756363863089057,3.2619759327999627,0.0
27.38873,38.30243,37.49895,2238.21428,-0.60589,62.62829,8.763216749898989,3.264528813446966,0.0
27.40251,38.33242,37.46359,2233.46915,-0.6021,62.64791,8.769597532625694,3.266905822901162,0.0
27.41625,38.36236,37.42854,2228.71962,-0.59823,62.66752,8.775500241032217,3.2691047370921966,0.0
27.42996,38.39225,37.39378,2223.96593,-0.59428,62.6871,8.780920376565367,3.2711238801906446,0.0
27.44362,38.42207,37.35934,2219.20834,-0.59027,62.70668,8.785854923198738,3.2729621286473107,0.0
27.45725,38.45185,37.3252,2214.44711,-0.58623,62.72623,8.79030235270543,3.2746189131574663,0.0
27.47084,38.48157,37.29137,2209.6825,-0.58216,62.74577,8.794262624361265,3.2760942185502833,0.0
27.48439,38.51123,37.25784,2204.91478,-0.5781,62.76529,8.797737179074806,3.2773885816021138,0.0
27.49791,38.54084,37.22463,2200.14422,-0.57405,62.7848,8.80072892799048,3.278503086790855,0.0
27.51138,38.57039,37.19171,2195.37111,-0.57004,62.80428,8.803242235663795,3.2794393600282694,0.0
27.52482,38.59989,37.1591,2190.59571,-0.56609,62.82376,8.805282897886595,3.280199560399316,0.0
27.53822,38.62933,37.12678,2185.81831,-0.56221,62.84321,8.806858114315837,3.280786369965648,0.0
27.55158,38.65872,37.09475,2181.03918,-0.55842,62.86264,8.807976456068998,3.2812029816940425,0.0
27.5649,38.68805,37.06301,2176.2586,-0.55474,62.88206,8.808647828474447,3.281453085579944,0.0
27.57818,38.71733,37.03154,2171.47686,-0.55119,62.90146,8.808883429204341,3.281540853050858,0.0
27.59143,38.74655,37.00034,2166.69422,-0.54778,62.92085,8.808695702016268,3.2814709197339003,0.0
27.60464,38.77571,36.96939,2161.91095,-0.54454,62.94021,8.808098286361679,3.2812483666836143,0.0
27.61781,38.80482,36.93869,2157.12733,-0.54147,62.95956,8.807105963169672,3.280878700184997,0.0
27.63094,38.83388,36.90823,2152.34362,-0.5386,62.97889,8.805734597054672,3.2803678302243457,0.0
27.64404,38.86287,36.87799,2147.56007,-0.53594,62.99821,8.804001075300366,3.279722047759164,0.0
27.6571,38.89182,36.84796,2142.77694,-0.5335,63.0175,8.801923243891354,3.278948000888272,0.0
27.67012,38.9207,36.81813,2137.99447,-0.5313,63.03678,8.799519840967621,3.278052670061845,0.0
27.6831,38.94953,36.78848,2133.21291,-0.52935,63.05604,8.796810427989595,3.277043342438585,0.0
27.69605,38.9783,36.759,2128.43248,-0.52766,63.07528,8.793815318972944,3.2759275855238212,0.0
27.70895,39.00702,36.72968,2123.65341,-0.52625,63.0945,8.790555508116848,3.274713220209139,0.0
27.72182,39.03568,36.70048,2118.87591,-0.52513,63.11371,8.787052596155927,3.273408293336536,0.0
27.73466,39.06429,36.67141,2114.10018,-0.52431,63.13289,8.783328715772605,3.272021049912558,0.0
27.74745,39.09284,36.64244,2109.32643,-0.52379,63.15206,8.779406456372731,3.27055990508525,0.0
27.76021,39.12133,36.61356,2104.55482,-0.52359,63.17121,8.775308788550847,3.2690334160054686,0.0
27.77293,39.14977,36.58474,2099.78554,-0.52372,63.19035,8.771058988537046,3.2674502536813597,0.0
27.78561,39.17815,36.55597,2095.01874,-0.52417,63.20946,8.766680562925341,3.2658191749376884,0.0
27.79826,39.20647,36.52723,2090.25458,-0.52496,63.22856,8.76219717394171,3.264148994576222,0.0
27.81087,39.23474,36.49851,2085.4932,-0.5261,63.24764,8.757632565524046,3.262448557838567,0.0
27.82344,39.26295,36.46978,2080.73471,-0.52758,63.26669,8.753010490470315,3.2607267132669375,0.0
27.83598,39.2911,36.44103,2075.97924,-0.5294,63.28574,8.748354638848673,3.258992286035047,0.0
27.84848,39.3192,36.41223,2071.22689,-0.53158,63.30476,8.74368856792684,3.2572540518449498,0.0
27.86094,39.34724,36.38337,2066.47774,-0.53411,63.32376,8.73903563377463,3.2555207114471862,0.0
27.87336,39.37523,36.35443,2061.73187,-0.53699,63.34275,8.734418924751248,3.2538008658630506,0.0
27.88575,39.40316,36.3254,2056.98934,-0.54022,63.36172,8.729861197000691,3.2521029923549327,0.0
27.8981,39.43103,36.29624,2052.25021,-0.54381,63.38067,8.725384812149846,3.2504354212172193,0.0
27.91042,39.45885,36.26696,2047.51451,-0.54773,63.3996,8.721011677267551,3.248806313409461,0.0
27.9227,39.48661,36.23752,2042.78225,-0.55201,63.41851,8.71676318725927,3.2472236390968767,0.0
27.93494,39.51431,36.20791,2038.05347,-0.55662,63.43741,8.71266016974193,3.24569515711478,0.0
27.94715,39.54196,36.17812,2033.32814,-0.56156,63.45628,8.708722832515942,3.2442283954005213,0.0
27.95932,39.56955,36.14812,2028.60627,-0.56683,63.47514,8.704970713666802,3.242830632405029,0.0
27.97145,39.59708,36.1179,2023.88782,-0.57242,63.49398,8.701422634370152,3.241508879511441,0.0
27.98355,39.62456,36.08745,2019.17275,-0.57833,63.5128,8.698096654427959,3.2402698644711756,0.0
27.99561,39.65198,36.05676,2014.46101,-0.58453,63.5316,8.69501003056188,3.2391200158670985,0.0
28.00763,39.67935,36.0258,2009.75255,-0.59103,63.55038,8.69217917749256,3.2380654486145506,0.0
28.01962,39.70666,35.99456,2005.04728,-0.59781,63.56915,8.68961963180649,3.2371119505007893,0.0
28.03157,39.73391,35.96303,2000.34512,-0.60487,63.5879,8.687346018602613,3.2362649697599815,0.0
28.04349,39.76111,35.9312,1995.64598,-0.61219,63.60662,8.685372020933592,3.2355296036892667,0.0
28.05537,39.78825,35.89906,1990.94975,-0.61975,63.62533,8.68371035200124,3.2349105882908242,0.0
28.06722,39.81533,35.8666,1986.25631,-0.62755,63.64402,8.682372730112121,3.2344122889421776,0.0
28.07903,39.84236,35.83379,1981.56554,-0.63557,63.66269,8.681369856366386,3.234038692084695,0.0
28.0908,39.86933,35.80065,1976.8773,-0.6438,63.68135,8.680711395046199,3.233793397917765,0.0
28.10254,39.89624,35.76715,1972.19144,-0.65222,63.69998,8.680405956691459,3.2336796140940582,0.0
28.11425,39.9231,35.7333,1967.50783,-0.66082,63.7186,8.68046108381574,3.2337001503983336,0.0
28.12591,39.9499,35.69908,1962.82629,-0.66958,63.73719,8.680883239261401,3.233857414409422,0.0
28.13755,39.97664,35.66448,1958.14665,-0.67849,63.75577,8.68167779714384,3.2341534081267063,0.0
28.14914,40.00333,35.62951,1953.46876,-0.68753,63.77433,8.68284903635901,3.234589725551515,0.0
28.16071,40.02996,35.59416,1948.79241,-0.69668,63.79287,8.684400136644497,3.2351675512197637,0.0
28.17223,40.05654,35.55843,1944.11744,-0.70593,63.81139,8.686333177146254,3.2358876596680246,0.0
28.18372,40.08305,35.5223,1939.44364,-0.71527,63.82989,8.688649137480738,3.2367504158292038,0.0
28.19518,40.10952,35.48579,1934.77082,-0.72466,63.84837,8.691347901268312,3.2377557763488247,0.0
28.2066,40.13592,35.44889,1930.09879,-0.73411,63.86683,8.694428262114121,3.2389032918130605,0.0
28.21799,40.16227,35.41161,1925.42734,-0.74358,63.88528,8.697887932017656,3.2401921098815207,0.0
28.22934,40.18856,35.37393,1920.75626,-0.75307,63.9037,8.701723552199372,3.2416209793204502,0.0
28.24065,40.21479,35.33587,1916.08535,-0.76255,63.92211,8.705930706318977,3.2431882549268907,0.0
28.25194,40.24097,35.29743,1911.4144,-0.77202,63.94049,8.710503936077956,3.244891903341027,0.0
28.26318,40.26709,35.25861,1906.74319,-0.78144,63.95886,8.715436759192038,3.2467295097414097,0.0
28.27439,40.29315,35.21942,1902.07152,-0.79081,63.9772,8.720721689707135,3.248698285413174,0.0
28.28557,40.31916,35.17986,1897.39918,-0.80011,63.99553,8.726350260665177,3.2507950761916593,0.0
28.29671,40.34511,35.13993,1892.72595,-0.80933,64.01384,8.732313049078316,3.2530163717659604,0.0
28.30782,40.371,35.09966,1888.05164,-0.81844,64.03213,8.738599703220466,3.2553583158457355,0.0
28.31889,40.39683,35.05903,1883.37603,-0.82744,64.05039,8.745198972200916,3.2578167171781707,0.0
28.32993,40.42261,35.01807,1878.69892,-0.8363,64.06864,8.752098737782303,3.2603870614009955,0.0
28.34093,40.44833,34.97677,1874.02011,-0.84502,64.08687,8.759286048462586,3.2630645237389277,0.0
28.3519,40.47399,34.93516,1869.33941,-0.85358,64.10508,8.766747155735677,3.2658439825117007,0.0
28.36284,40.4996,34.89323,1864.65662,-0.86196,64.12326,8.774467552528211,3.268720033452784,0.0
28.37374,40.52515,34.85101,1859.97157,-0.87016,64.14143,8.782432013757465,3.271687004818268,0.0
28.3846,40.55064,34.80849,1855.28406,-0.87817,64.15958,8.790624638961795,3.274738973267824,0.0
28.39543,40.57607,34.76571,1850.59392,-0.88596,64.1777,8.799028896942822,3.2778697804950934,0.0
28.40623,40.60144,34.72265,1845.90099,-0.89353,64.19581,8.807627672361496,3.281073050585947,0.0
28.41699,40.62676,34.67935,1841.2051,-0.90087,64.21389,8.816403314199746,3.284342208071728,0.0
28.42772,40.65202,34.63581,1836.50611,-0.90798,64.23195,8.825337686008835,3.287670496648084,0.0
28.43841,40.67722,34.59205,1831.80386,-0.91483,64.25,8.834412217857913,3.291050998527169,0.0
28.44907,40.70236,34.54808,1827.09822,-0.92144,64.26802,8.843607959859057,3.2944766543771284,0.0
28.4597,40.72744,34.50391,1822.38906,-0.92778,64.28602,8.852905637169645,3.2979402838119363,0.0
28.47029,40.75247,34.45956,1817.67626,-0.93385,64.304,8.862285706322789,3.3014346063759548,0.0
28.48084,40.77744,34.41504,1812.95972,-0.93965,64.32196,8.871728412773026,3.304952262981228,0.0
28.49136,40.80234,34.37037,1808.23933,-0.94517,64.33989,8.881213849487626,3.308485837734277,0.0
28.50185,40.82719,34.32556,1803.515,-0.95042,64.35781,8.890722016422707,3.312027880092524,0.0
28.51231,40.85199,34.28063,1798.78666,-0.95538,64.3757,8.900232880727728,3.3155709272920446,0.0
28.52273,40.87672,34.23559,1794.05424,-0.96006,64.39357,8.909726437480524,3.319107526972973,0.0
28.53311,40.90139,34.19045,1789.31769,-0.96445,64.41142,8.919182770752355,3.3226302599278323,0.0
28.54346,40.92601,34.14524,1784.57694,-0.96856,64.42925,8.928582114835391,3.3261317629103897,0.0
28.55378,40.95056,34.09996,1779.83198,-0.9724,64.44706,8.93790491538363,3.3296047514122544,0.0
28.56406,40.97506,34.05463,1775.08278,-0.97595,64.46484,8.94713189027662,3.333042042336214,0.0
28.57431,40.9995,34.00926,1770.32933,-0.97923,64.4826,8.956244089965576,3.336436576476754,0.0
28.58452,41.02387,33.96387,1765.57162,-0.98223,64.50034,8.965222957088463,3.339781440728241,0.0
28.5947,41.04819,33.91847,1760.80967,-0.98497,64.51806,8.97405038510369,3.3430698899275226,0.0
28.60485,41.07245,33.87307,1756.0435,-0.98745,64.53575,8.982708775734574,3.3462953682534953,0.0
28.61496,41.09665,33.82768,1751.27315,-0.98968,64.55342,8.991181094945901,3.349451530079849,0.0
28.62504,41.12079,33.78233,1746.49866,-0.99167,64.57107,8.99945092727107,3.3525322602133594,0.0
28.63509,41.14486,33.73701,1741.72008,-0.99342,64.5887,9.007502528206459,3.355531693412162,0.0
28.6451,41.16888,33.69174,1736.9375,-0.99494,64.6063,9.01532087448279,3.358444233113166,0.0
28.65507,41.19284,33.64653,1732.15097,-0.99625,64.62388,9.02289171196694,3.3612645692767362,0.0
28.66502,41.21674,33.60139,1727.3606,-0.99736,64.64143,9.030201600986524,3.3639876952712866,0.0
28.67493,41.24058,33.55633,1722.56647,-0.99827,64.65896,9.037237958876252,3.3666089237229286,0.0
28.6848,41.26436,33.51136,1717.76871,-0.999,64.67647,9.043989099534512,3.3691239012513328,0.0
28.69464,41.28807,33.46649,1712.96743,-0.99957,64.69396,9.050444269825105,3.3715286220303295,0.0
28.70445,41.31173,33.42172,1708.16275,-0.99998,64.71142,9.056593682639592,3.3738194401045156,0.0
28.71422,41.33533,33.37706,1703.35482,-1.00026,64.72886,9.062428546471414,3.3759930804063765,0.0
28.72396,41.35886,33.33251,1698.54377,-1.00042,64.74627,9.06794109136235,3.378046648422036,0.0
28.73367,41.38233,33.28809,1693.72976,-1.00047,64.76366,9.073124591100495,3.3799776384605806,0.0
28.74334,41.40575,33.24379,1688.91296,-1.00043,64.78103,9.077973381563003,3.3817839404872205,0.0
28.75298,41.4291,33.19963,1684.09352,-1.00031,64.79837,9.082482875131468,3.3834638454933894,0.0
28.76259,41.45239,33.15559,1679.27163,-1.00013,64.81569,9.086649571106184,3.3850160493763406,0.0
28.77216,41.47562,33.11169,1674.44745,-0.99992,64.83298,9.090471062074924,3.3864396553116753,0.0
28.78169,41.49879,33.06793,1669.62119,-0.99968,64.85025,9.093946036236447,3.3877341746189167,0.0
28.7912,41.5219,33.0243,1664.79302,-0.99944,64.86749,9.097074275656137,3.3888995261116825,0.0
28.80067,41.54494,32.98081,1659.96314,-0.9992,64.88471,9.099856650471338,3.3899360339390325,0.0
28.81011,41.56793,32.93746,1655.13175,-0.999,64.90191,9.102295109126722,3.390844423947872,0.0
28.81951,41.59085,32.89424,1650.29905,-0.99884,64.91908,9.104392664650334,3.3916258185704247,0.0
28.82888,41.61371,32.85116,1645.46524,-0.99875,64.93622,9.10615337709796,3.3922817302842994,0.0
28.83822,41.63651,32.8082,1640.63053,-0.99874,64.95334,9.107582332242147,3.3928140536735802,0.0
28.84752,41.65925,32.76536,1635.79513,-0.99882,64.97044,9.1086856166326,3.3932250561381845,0.0
28.85679,41.68192,32.72265,1630.95924,-0.99903,64.98751,9.10947028917729,3.393517367307058,0.0
28.86603,41.70454,32.68005,1626.12307,-0.99936,65.00456,9.109944349379473,3.393693967205645,0.0
28.87523,41.72709,32.63756,1621.28683,-0.99985,65.02158,9.11011670241684,3.393758173246947,0.0
28.8844,41.74958,32.59518,1616.45072,-1.0005,65.03858,9.109997121234244,3.393713626110059,0.0
28.89354,41.77201,32.55289,1611.61496,-1.00134,65.05555,9.109596205854162,3.39356427458226,0.0
28.90264,41.79437,32.51068,1606.77973,-1.00237,65.0725,9.108925340101925,3.3933143594380115,0.0
28.91172,41.81668,32.46856,1601.94524,-1.00361,65.08942,9.107996645961759,3.3929683964353856,0.0
28.92075,41.83892,32.4265,1597.11168,-1.00508,65.10631,9.106822935798073,3.3925311585172397,0.0
28.92976,41.8611,32.38451,1592.27926,-1.00679,65.12319,9.105417662643159,3.392007657292073,0.0
28.93873,41.88322,32.34257,1587.44815,-1.00875,65.14003,9.10379486881839,3.3914031238940705,0.0
28.94767,41.90527,32.30066,1582.61855,-1.01098,65.15685,9.10196913307883,3.390722989293087,0.0
28.95658,41.92727,32.25879,1577.79062,-1.01349,65.17365,9.099955516562883,3.3899728641594575,0.0
28.96545,41.9492,32.21694,1572.96454,-1.01628,65.19042,9.097769507744992,3.3891585183574398,0.0
28.97429,41.97107,32.17509,1568.14049,-1.01937,65.20716,9.09542696664614,3.388285860162151,0.0
28.9831,41.99287,32.13324,1563.31861,-1.02278,65.22388,9.09294406851153,3.387360915278027,0.0
28.99188,42.01462,32.09137,1558.49906,-1.02649,65.24058,9.090337247205685,3.3863898057520028,0.0
29.00062,42.0363,32.04947,1553.68199,-1.03054,65.25725,9.087623138517058,3.385378728852993,0.0
29.00933,42.05792,32.00754,1548.86754,-1.03491,65.27389,9.084818523612213,3.3843339360070783,0.0
29.01801,42.07948,31.96554,1544.05583,-1.03962,65.29051,9.081940272803589,3.3832617118495287,0.0
29.02665,42.10097,31.92349,1539.247,-1.04468,65.3071,9.079005289880982,3.3821683534868088,0.0
29.03527,42.12241,31.88135,1534.44116,-1.05008,65.32367,9.076030457137376,3.381060150017256,0.0
29.04385,42.14378,31.83912,1529.6384,-1.05583,65.34021,9.073032581321131,3.3799433623968445,0.0
29.0524,42.16509,31.79679,1524.83884,-1.06194,65.35673,9.070028340619782,3.3788242036892617,0.0
29.06091,42.18633,31.75434,1520.04255,-1.0684,65.37322,9.067034232897258,3.377708819782906,0.0
29.0694,42.20752,31.71175,1515.24963,-1.07521,65.38968,9.064066525278777,3.3766032706099347,0.0
29.07785,42.22864,31.66903,1510.46013,-1.08238,65.40612,9.061141205240649,3.37551351192593,0.0
29.08627,42.2497,31.62615,1505.67413,-1.08991,65.42254,9.058273933331115,3.3744453776971643,0.0
29.09466,42.27069,31.58311,1500.89167,-1.09778,65.43893,9.055479997627065,3.3734045631345326,0.0
29.10302,42.29163,31.53988,1496.11281,-1.10601,65.45529,9.052774270022045,3.372396608409685,0.0
29.11134,42.3125,31.49647,1491.33756,-1.11458,65.47163,9.050171164466448,3.3714268830983958,0.0
29.11964,42.33331,31.45285,1486.56597,-1.12349,65.48795,9.047684597206224,3.3705005713684404,0.0
29.1279,42.35406,31.40902,1481.79805,-1.13273,65.50423,9.045327949106271,3.3696226579440647,0.0
29.13613,42.37475,31.36497,1477.03381,-1.1423,65.5205,9.04311403014787,3.368797914880346,0.0
29.14433,42.39537,31.32068,1472.27323,-1.15219,65.53673,9.041055046100622,3.3680308891476156,0.0
29.15249,42.41593,31.27615,1467.51633,-1.1624,65.55294,9.039162567457943,3.3673258910591084,0.0
29.16063,42.43643,31.23137,1462.76308,-1.17291,65.56913,9.037447500664369,3.3666869835523774,0.0
29.16873,42.45687,31.18632,1458.01345,-1.18372,65.58529,9.035920061651087,3.366117972330591,0.0
29.1768,42.47725,31.141,1453.2674,-1.19481,65.60143,9.034589751718652,3.3656223968781993,0.0
29.18485,42.49756,31.09541,1448.52491,-1.20617,65.61754,9.033465335784813,3.3652035223576795,0.0
29.19286,42.51781,31.04953,1443.78592,-1.2178,65.63362,9.032554822994824,3.364864332386375,0.0
29.20084,42.538,31.00335,1439.05037,-1.22968,65.64968,9.031865449714005,3.364607522700768,0.0
29.20878,42.55812,30.95688,1434.3182,-1.2418,65.66571,9.03140366490725,3.3644354957099623,0.0
29.2167,42.57819,30.9101,1429.58935,-1.25414,65.68172,9.031175117885308,3.364350355930854,0.0
29.22459,42.59819,30.86301,1424.86373,-1.2667,65.6977,9.031184648435115,3.364353906311422,0.0
29.23244,42.61813,30.8156,1420.14126,-1.27946,65.71366,9.031436279301616,3.36444764543,0.0
29.24027,42.63801,30.76787,1415.42186,-1.2924,65.72959,9.031933211030925,3.3646327655742283,0.0
29.24806,42.65783,30.71983,1410.70544,-1.30551,65.7455,9.032677819135639,3.364910151685053,0.0
29.25582,42.67758,30.67145,1405.99189,-1.31878,65.76138,9.033671653575146,3.3652803811631267,0.0
29.26355,42.69727,30.62275,1401.28112,-1.33219,65.77723,9.03491544054556,3.3657437245356108,0.0
29.27125,42.7169,30.57372,1396.57302,-1.34573,65.79306,9.036409086512267,3.366300146958399,0.0
29.27892,42.73647,30.52435,1391.86749,-1.35938,65.80887,9.038151684506456,3.3669493105617474,0.0
29.28656,42.75597,30.47466,1387.1644,-1.37312,65.82465,9.040141522631652,3.367690577619175,0.0
29.29417,42.77542,30.42463,1382.46365,-1.38695,65.8404,9.042376094741291,3.368523014525147,0.0
29.30175,42.7948,30.37427,1377.76511,-1.40084,65.85613,9.044852113286856,3.3694453965813382,0.0
29.3093,42.81412,30.32358,1373.06867,-1.41479,65.87183,9.04756552425903,3.3704562135626124,0.0
29.31682,42.83337,30.27257,1368.37422,-1.42877,65.8875,9.050511524216395,3.3715536760606555,0.0
29.32431,42.85257,30.22123,1363.68162,-1.44277,65.90315,9.05368457934338,3.3727357225835615,0.0
29.33177,42.8717,30.16956,1358.99076,-1.45678,65.91877,9.057078446498567,3.374000027396888,0.0
29.33919,42.89077,30.11758,1354.30151,-1.47078,65.93437,9.06068619619187,3.3753440090832507,0.0
29.34659,42.90978,30.06528,1349.61376,-1.48476,65.94994,9.06450023746748,3.376764839811881,0.0
29.35396,42.92873,30.01267,1344.92738,-1.4987,65.96549,9.068512344601338,3.378259455284135,0.0
29.36129,42.94761,29.95976,1340.24226,-1.5126,65.98101,9.072713685580691,3.3798245653428785,0.0
29.3686,42.96643,29.90654,1335.55827,-1.52644,65.9965,9.077094852283054,3.3814566652149423,0.0
29.37588,42.98519,29.85303,1330.87531,-1.54021,66.01197,9.081645892302792,3.383152047367365,0.0
29.38313,43.00389,29.79923,1326.19327,-1.55389,66.02741,9.086356342333804,3.384906813943316,0.0
29.39034,43.02252,29.74514,1321.51203,-1.56747,66.04283,9.0912152630353,3.3867168897505215,0.0
29.39753,43.0411,29.69078,1316.83148,-1.58095,66.05822,9.096211275301389,3.3885780357726327,0.0
29.40469,43.05961,29.63615,1312.15154,-1.59432,66.07358,9.101332597838043,3.390485863167643,0.0
29.41182,43.07806,29.58126,1307.47209,-1.60756,66.08892,9.10656708595381,3.3924358477184375,0.0
29.41891,43.09644,29.52612,1302.79306,-1.62067,66.10423,9.11190227145842,3.3944233446960848,0.0
29.42598,43.11476,29.47073,1298.11434,-1.63364,66.11951,9.117325403565555,3.3964436040971853,0.0
29.43302,43.13302,29.4151,1293.43586,-1.64646,66.13477,9.122823490683176,3.398491786211878,0.0
29.44003,43.15122,29.35924,1288.75755,-1.65913,66.15,9.128383342979953,3.4005629774809454,0.0
29.44701,43.16936,29.30316,1284.07932,-1.67164,66.16521,9.133991615589784,3.40265220659064,0.0
29.45396,43.18743,29.24687,1279.40113,-1.68399,66.18038,9.13963485233433,3.404754460760479,0.0
29.46088,43.20544,29.19037,1274.72291,-1.69617,66.19554,9.145299529822525,3.4068647021714664,0.0
29.46777,43.22339,29.13368,1270.0446,-1.70818,66.21066,9.150972101795572,3.408977884485778,0.0
29.47463,43.24127,29.0768,1265.36617,-1.72002,66.22576,9.15663904355404,3.4110889693970194,0.0
29.48147,43.2591,29.01974,1260.68759,-1.73169,66.24083,9.16228689634302,3.4131929431648635,0.0
29.48827,43.27686,28.96251,1256.00881,-1.74319,66.25587,9.167902311531488,3.4152848330730348,0.0
29.49504,43.29455,28.90512,1251.32982,-1.75452,66.27089,9.173472094413524,3.4173597237464,0.0
29.50179,43.31219,28.84757,1246.65061,-1.76568,66.28588,9.178983247520144,3.419412773285781,0.0
29.5085,43.32976,28.78988,1241.97116,-1.77668,66.30084,9.18442301323995,3.421439229145259,0.0
29.51519,43.34727,28.73206,1237.29149,-1.78752,66.31578,9.189778915603878,3.4234344436980946,0.0
29.52184,43.36471,28.6741,1232.6116,-1.79819,66.33068,9.195038801098452,3.4253938894407416,0.0
29.52847,43.3821,28.61603,1227.9315,-1.80872,66.34557,9.2001908783139,3.4273131737628058,0.0
29.53507,43.39942,28.55783,1223.25123,-1.8191,66.36042,9.20522375629715,3.4291880532345553,0.0
29.54164,43.41667,28.49954,1218.57082,-1.82935,66.37525,9.21012648146255,3.4310144473571307,0.0
29.54818,43.43387,28.44114,1213.89031,-1.83946,66.39004,9.214888572882458,3.4327884517092118,0.0
29.55469,43.451,28.38264,1209.20975,-1.84945,66.40482,9.21950005585402,3.4345063504515383,0.0
29.56117,43.46806,28.32406,1204.5292,-1.85934,66.41956,9.223951493580007,3.4361646281288434,0.0
29.56763,43.48507,28.2654,1199.84872,-1.86912,66.43428,9.228234016841622,3.437759980723764,0.0
29.57405,43.50201,28.20666,1195.16838,-1.87881,66.44897,9.232339351535973,3.4392893259152655,0.0
29.58045,43.51889,28.14785,1190.48827,-1.88842,66.46363,9.23625984397806,3.4407498125043077,0.0
29.58681,43.5357,28.08897,1185.80846,-1.89797,66.47826,9.239988483846782,3.442138828961826,0.0
29.59315,43.55245,28.03003,1181.12907,-1.90747,66.49286,9.243518924696406,3.4434540110698006,0.0
29.59946,43.56914,27.97103,1176.45018,-1.91693,66.50744,9.246845501926206,3.444693248615416,0.0
29.60574,43.58577,27.91197,1171.77191,-1.92637,66.52199,9.249963248175021,3.4458546911259393,0.0
29.612,43.60233,27.85286,1167.09436,-1.93579,66.53651,9.252867906034663,3.446936752604805,0.0
29.61822,43.61883,27.7937,1162.41766,-1.94523,66.55101,9.255555938071526,3.447938115264916,0.0
29.62441,43.63526,27.73449,1157.74194,-1.95468,66.56547,9.258024534097588,3.448857732237294,0.0
29.63058,43.65163,27.67523,1153.06732,-1.96417,66.57991,9.260271615689124,3.4496948292544167,0.0
29.63672,43.66794,27.61593,1148.39394,-1.97372,66.59432,9.26229583792405,3.4504489052974185,0.0
29.64283,43.68419,27.55657,1143.72194,-1.98334,66.6087,9.264096588352096,3.4511197322124607,0.0
29.64891,43.70037,27.49718,1139.05147,-1.99304,66.62306,9.26567398322162,3.4517073533051157,0.0
29.65496,43.71649,27.43773,1134.38267,-2.00285,66.63738,9.267028860971173,3.4522120809158032,0.0
29.66099,43.73254,27.37824,1129.7157,-2.01279,66.65168,9.268162773068804,3.4526344930071935,0.0
29.66698,43.74853,27.3187,1125.05072,-2.02286,66.66595,9.269077972207617,3.4529754287667407,0.0
29.67295,43.76446,27.2591,1120.38788,-2.03308,66.68019,9.26977739796061,3.4532359832627293,0.0
29.67889,43.78032,27.19945,1115.72734,-2.04348,66.69441,9.270264659956164,3.453417501176708,0.0
29.6848,43.79612,27.13975,1111.06928,-2.05407,66.70859,9.270544018676489,3.4535215696503987,0.0
29.69068,43.81186,27.07998,1106.41384,-2.06486,66.72275,9.270620363973112,3.4535500102821572,0.0
29.69654,43.82753,27.02015,1101.76121,-2.07588,66.73688,9.270499191406484,3.453504870312846,0.0
29.70237,43.84315,26.96025,1097.11155,-2.08714,66.75098,9.270186576536377,3.4533884130483394,0.0
29.70817,43.85869,26.90028,1092.46502,-2.09865,66.76505,9.269689147285447,3.4532031075642164,0.0
29.71394,43.87418,26.84023,1087.8218,-2.11044,66.77909,9.2690140545138,3.452951617744018,0.0
29.71968,43.8896,26.7801,1083.18205,-2.12251,66.79311,9.268168940945694,3.452636790703622,0.0
29.7254,43.90495,26.71988,1078.54594,-2.13488,66.8071,9.267161908584145,3.452261644652329,0.0
29.73109,43.92025,26.65956,1073.91365,-2.14756,66.82106,9.266001484777734,3.4518293562518534,0.0
29.73675,43.93548,26.59915,1069.28532,-2.16058,66.83499,9.264696587088762,3.451343247528787,0.0
29.74238,43.95064,26.53862,1064.66113,-2.17394,66.84889,9.263256487107787,3.450806772394562,0.0
29.74798,43.96575,26.47799,1060.04124,-2.18765,66.86277,9.26169077339122,3.4502235028387336,0.0
29.75356,43.98079,26.41723,1055.42581,-2.20173,66.87661,9.260009313667103,3.449597114849632,0.0
29.75911,43.99576,26.35634,1050.815,-2.21619,66.89043,9.258222216474772,3.4489313741241316,0.0
29.76464,44.01068,26.29532,1046.20896,-2.23104,66.90422,9.25633979238228,3.4482301216201203,0.0
29.77013,44.02553,26.23416,1041.60783,-2.24629,66.91799,9.254372514963274,3.447497259019355,0.0
29.7756,44.04032,26.17284,1037.01178,-2.26194,66.93172,9.252330981657046,3.446736734146811,0.0
29.78104,44.05504,26.11137,1032.42093,-2.27801,66.94543,9.250225874687164,3.445952526411833,0.0
29.78645,44.0697,26.04973,1027.83544,-2.2945,66.95911,9.248067922154844,3.445148632314395,0.0
29.79184,44.0843,25.98791,1023.25544,-2.31143,66.97276,9.245867859497679,3.444329051087469,0.0
29.7972,44.09884,25.92592,1018.68105,-2.32879,66.98638,9.243636391389824,3.443497770503834,0.0
29.80253,44.11331,25.86373,1014.1124,-2.34659,66.99998,9.241384154267532,3.4426587529158548,0.0
29.80784,44.12772,25.80135,1009.54963,-2.36484,67.01354,9.23912167957204,3.441815921562492,0.0
29.81312,44.14206,25.73876,1004.99283,-2.38353,67.02708,9.23685935785826,3.440973147198842,0.0
29.81837,44.15635,25.67596,1000.44213,-2.40268,67.04059,9.234607403857062,3.44013423508092,0.0
29.8236,44.17057,25.61293,995.89763,-2.42227,67.05408,9.232375822607846,3.43930291234915,0.0
