0.05153,0.05153,59.28731,5451.79037,-0.53241,45.00011,2.4099261084900014,0.897760884384654,0.0
0.10304,0.10304,59.20904,5450.57508,-0.56448,45.00028,2.4355168139318084,0.9072940954937111,0.0
0.15455,0.15455,59.12624,5449.35303,-0.59617,45.00051,2.462942088084199,0.9175107317178685,0.0
0.20604,0.20604,59.03896,5448.12309,-0.62746,45.00081,2.492236396230633,0.9284236322820513,0.0
0.25752,0.25753,58.94727,5446.8841,-0.65832,45.00117,2.523435899633964,0.9400462682081322,0.0
0.30899,0.309,58.85123,5445.63487,-0.68872,45.00159,2.5565783625593617,0.9523927076785249,0.0
0.36045,0.36046,58.75092,5444.37418,-0.71862,45.00207,2.5917030449898184,0.9654775760698862,0.0
0.4119,0.41191,58.64641,5443.10079,-0.748,45.00262,2.6288505794263237,0.9793160100579399,0.0
0.46333,0.46335,58.53777,5441.81341,-0.77682,45.00322,2.6680628300604816,0.9939236051555721,0.0
0.51475,0.51478,58.4251,5440.51075,-0.80506,45.00389,2.709382732510861,1.0093163560104037,0.0
0.56616,0.5662,58.30848,5439.19146,-0.83267,45.00462,2.7528541121985013,1.0255105887448877,0.0
0.61756,0.61761,58.188,5437.85415,-0.85962,45.00541,2.7985214793670714,1.0425228845959267,0.0
0.66894,0.66901,58.06377,5436.49743,-0.88589,45.00627,2.846429798646186,1.0603699940711415,0.0
0.72031,0.7204,57.93587,5435.11986,-0.91142,45.00718,2.8966242310168004,1.079068740824196,0.0
0.77167,0.77177,57.80444,5433.71994,-0.9362,45.00815,2.9491498459635066,1.09863591442395,0.0
0.82301,0.82313,57.66957,5432.29618,-0.96018,45.00919,3.0040513015928227,1.1190881511901063,0.0
0.87434,0.87449,57.53138,5430.84702,-0.98332,45.01029,3.0613724904790462,1.1404418022614748,0.0
0.92566,0.92583,57.39001,5429.37089,-1.00558,45.01144,3.1211561490543773,1.1627127880835122,0.0
0.97696,0.97716,57.24557,5427.86617,-1.02694,45.01266,3.1834434284174624,1.1859164385232162,0.0
1.02825,1.02848,57.09821,5426.33123,-1.04734,45.01394,3.2482734245731986,1.2100673178710875,0.0
1.07952,1.07979,56.94807,5424.76438,-1.06674,45.01528,3.3156826662778793,1.2351790340499758,0.0
1.13078,1.13107,56.79515,5423.16413,-1.08693,45.00293,3.3857660040398128,1.261286921369892,-14.999999744127583
1.18204,1.18234,56.6395,5421.52892,-1.10608,44.99035,3.4586208652163815,1.2884272740849296,-14.999999744127583
1.2333,1.23358,56.48124,5419.85694,-1.12415,44.97752,3.5342838213362584,1.3166137160517748,-14.999999744127583
1.28455,1.28479,56.32056,5418.14632,-1.1411,44.96442,3.6127869340974943,1.3458581910965448,-14.999999744127583
1.3358,1.33598,56.1576,5416.39519,-1.15689,44.95105,3.694157245109087,1.3761707729300987,-14.999999744127583
1.38705,1.38714,55.99254,5414.60163,-1.17147,44.9374,3.7784159907721153,1.4075593726706024,-14.999999744127583
1.43829,1.43827,55.82556,5412.76372,-1.18481,44.92344,3.8655777652161563,1.4400294270153176,-14.999999744127583
1.48953,1.48938,55.65684,5410.87951,-1.19684,44.90918,3.955649632511832,1.473583567516418,-14.999999744127583
1.54076,1.54045,55.48657,5408.94705,-1.20755,44.89459,4.048630190353776,1.5082212717782566,-14.999999744127583
1.59199,1.5915,55.31494,5406.96437,-1.21687,44.87966,4.144508588498857,1.5439384977997819,-14.999999744127583
1.64321,1.64252,55.14216,5404.92949,-1.22476,44.86438,4.24326350646693,1.5807273031411635,-14.999999744127583
1.69443,1.6935,54.96843,5402.84047,-1.23119,44.84874,4.3448620963962625,1.618575451109626,-14.999999744127583
1.74565,1.74446,54.79396,5400.69533,-1.2361,44.83273,4.449258898453158,1.6574660067209985,-14.999999744127583
1.79686,1.79538,54.61898,5398.49216,-1.23946,44.81633,4.556394737849721,1.6973769258098066,-14.999999744127583
1.84807,1.84627,54.44371,5396.22904,-1.24123,44.79953,4.666195614259819,1.7382806413075005,-14.999999744127583
1.89927,1.89713,54.26838,5393.90409,-1.24136,44.78233,4.778571596308805,1.7801436514107873,-14.999999744127583
1.95046,1.94795,54.09323,5391.51549,-1.23982,44.76469,4.893415735696005,1.8229261150636868,-14.999999744127583
2.00165,1.99873,53.91849,5389.06147,-1.23657,44.74663,5.0106030174828735,1.8665814609122497,-14.999999744127583
2.05284,2.04948,53.74442,5386.54033,-1.23157,44.72812,5.129989365003453,1.9110560166075228,-14.999999744127583
2.10401,2.10019,53.57125,5383.95042,-1.2248,44.70916,5.251410719718774,1.9562886660270975,-14.999999744127583
2.15518,2.15086,53.39925,5381.29022,-1.21623,44.68974,5.374682218060527,2.002210542627727,-14.999999744127583
2.20635,2.20149,53.22868,5378.55828,-1.20582,44.66985,5.499597488847531,2.0487447677144686,-14.999999744127583
2.2575,2.25209,53.05978,5375.75328,-1.19355,44.64948,5.625928096070848,2.09580624286348,-14.999999744127583
2.30865,2.30264,52.89284,5372.87403,-1.17941,44.62862,5.753423152785416,2.143301506086492,-14.999999744127583
2.3598,2.35314,52.7281,5369.91948,-1.16337,44.60727,5.881809132158011,2.1911286614412053,-14.999999744127583
2.41093,2.4036,52.56584,5366.88872,-1.14543,44.58543,6.010789901687707,2.239177391779309,-14.999999744127583
2.46206,2.45402,52.40633,5363.78104,-1.12558,44.56309,6.140047005798028,2.287329064019497,-14.999999744127583
2.51317,2.50439,52.24984,5360.59588,-1.10382,44.54025,6.269240220531111,2.3354569357856327,-14.999999744127583
2.56428,2.55472,52.09662,5357.3329,-1.08015,44.51691,6.398008401797645,2.383426471402176,-14.999999744127583
2.61538,2.60499,51.94695,5353.99196,-1.05457,44.49307,6.5259706455731825,2.43109577409783,-14.999999744127583
2.66647,2.65522,51.80109,5350.57314,-1.02711,44.46874,6.652727774398255,2.4783161397659543,-14.999999744127583
2.71755,2.70539,51.6593,5347.07675,-0.99779,44.44391,6.777864159759815,2.5249327358495925,-14.999999744127583
2.76862,2.75552,51.52184,5343.50335,-0.96663,44.41859,6.900949884214089,2.5707854067891316,-14.999999744127583
2.81968,2.80559,51.38895,5339.85375,-0.93367,44.3928,7.02154324064819,2.615709605063006,-14.999999744127583
2.87073,2.8556,51.26088,5336.129,-0.89894,44.36654,7.139193558946289,2.659537444195226,-14.999999744127583
2.92177,2.90557,51.13787,5332.33046,-0.86251,44.33982,7.253444342647702,2.7020988672430417,-14.999999744127583
2.97279,2.95547,51.02015,5328.4597,-0.82441,44.31266,7.363836690158881,2.74322292128843,-14.999999744127583
3.02381,3.00532,50.90794,5324.51861,-0.78472,44.28507,7.4699129669177795,2.782739125415937,-14.999999744127583
3.07481,3.05511,50.80145,5320.50933,-0.74351,44.25707,7.57122068688262,2.820478916669378,-14.999999744127583
3.12579,3.10484,50.70089,5316.43427,-0.70085,44.22868,7.667316554048334,2.856277155623043,-14.999999744127583
3.17677,3.15451,50.60643,5312.29611,-0.65682,44.19992,7.757770607750971,2.889973670616666,-14.999999744127583
3.22773,3.20412,50.51825,5308.09777,-0.61152,44.17081,7.842170409491343,2.9214148174573884,-14.999999744127583
3.27867,3.25366,50.43652,5303.84245,-0.56505,44.14138,7.920125204278097,2.9504550296295493,-14.999999744127583
3.3296,3.30315,50.36138,5299.53356,-0.51749,44.11166,7.9912699862356655,2.976958332840618,-14.999999744127583
3.38052,3.35257,50.29297,5295.17473,-0.46898,44.08167,8.05526939665139,3.000799797146309,-14.999999744127583
3.43142,3.40192,50.23139,5290.76983,-0.4196,44.05144,8.111821383005136,3.021866900035392,-14.999999744127583
3.48231,3.45121,50.17676,5286.32289,-0.3695,44.02101,8.1606605497641,3.0400607746889223,-14.999999744127583
3.53318,3.50044,50.12914,5281.8381,-0.31878,43.9904,8.201561136007001,3.0552973192235946,-14.999999744127583
3.58403,3.5496,50.08862,5277.31982,-0.26757,43.95965,8.234339561141686,3.067508145038536,-14.999999744127583
3.63486,3.59869,50.05522,5272.77252,-0.216,43.92879,8.258856487916185,3.076641345341205,-14.999999744127583
3.68568,3.64772,50.02899,5268.20076,-0.16421,43.89785,8.275018361476896,3.0826620684870556,-14.999999744127583
3.73648,3.69668,50.00993,5263.60921,-0.11232,43.86688,8.282778394040717,3.085552884795823,-14.999999744127583
3.78727,3.74557,49.99803,5259.00253,-0.06046,43.8359,8.28213697648162,3.0853139398783487,-14.999999744127583
3.83803,3.7944,49.99327,5254.38544,-0.00877,43.80496,8.273141510477814,3.0819628921069757,-14.999999744127583
3.88878,3.84316,49.9956,5249.76265,0.04262,43.77408,8.255885667283886,3.0755346364886775,-14.999999744127583
3.93951,3.89185,50.00496,5245.13882,0.09358,43.7433,8.230508091448744,3.066080821765881,-14.999999744127583
3.99022,3.94047,50.02127,5240.51857,0.14398,43.71266,8.197190579299404,3.0536691718537474,-14.999999744127583
4.04091,3.98903,50.04443,5235.90643,0.19371,43.68219,8.156155772556263,3.0383826266511815,-14.999999744127583
4.09158,4.03751,50.07433,5231.30683,0.24263,43.65192,8.107664416629975,3.020318320684277,-14.999999744127583
4.14223,4.08594,50.11084,5226.72408,0.29063,43.62188,8.052012240733484,2.999586420865959,-14.999999744127583
4.19286,4.13429,50.15382,5222.16233,0.33761,43.5921,7.989526522773871,2.976308846827815,-14.999999744127583
4.24348,4.18258,50.2031,5217.62558,0.38344,43.56261,7.920562405924511,2.9506178987463065,-14.999999744127583
4.29407,4.23081,50.25851,5213.11764,0.42804,43.53345,7.845499035778311,2.922654818330712,-14.999999744127583
4.34464,4.27897,50.31987,5208.64215,0.47131,43.50463,7.764735587194633,2.8925683087190683,-14.999999744127583
4.39519,4.32706,50.38698,5204.20251,0.51315,43.47618,7.678687248296999,2.8605130384116424,-14.999999744127583
4.44573,4.3751,50.45963,5199.80193,0.55349,43.44812,7.587781225925828,2.8266481531969787,-14.999999744127583
4.49624,4.42307,50.53759,5195.44341,0.59224,43.42047,7.492452832285725,2.7911358183250474,-14.999999744127583
4.54673,4.47097,50.62066,5191.12968,0.62935,43.39326,7.393141706816526,2.7541398110547965,-14.999999744127583
4.5972,4.51882,50.70857,5186.8633,0.66475,43.36649,7.290288220780845,2.7158241812684154,-14.999999744127583
4.64765,4.56661,50.80111,5182.64654,0.69839,43.34019,7.184330104887088,2.6763519951721726,-14.999999744127583
4.69808,4.61434,50.898,5178.48148,0.73021,43.31437,7.075699332796023,2.635884174320617,-14.999999744127583
4.74849,4.66201,50.99901,5174.36996,0.76018,43.28904,6.964819285778882,2.594578439377111,-14.999999744127583
4.79889,4.70962,51.10386,5170.31359,0.78826,43.26421,6.8521022163740515,2.552588365259224,-14.999999744127583
4.84926,4.75717,51.21231,5166.31377,0.81443,43.23989,6.737947021786895,2.5100625516715693,-14.999999744127583
4.89961,4.80467,51.32408,5162.37168,0.83866,43.21608,6.622737331186476,2.467143910573515,-14.999999744127583
4.94994,4.85212,51.4389,5158.48831,0.86094,43.19279,6.506839905061135,2.4239690698970153,-14.999999744127583
5.00025,4.89951,51.55652,5154.66442,0.88126,43.17003,6.390603339514083,2.3806678908626338,-14.999999744127583
5.05054,4.94685,51.67665,5150.90062,0.89961,43.1478,6.274357063870741,2.337363094561896,-14.999999744127583
5.10081,4.99414,51.79904,5147.19733,0.916,43.12609,6.158410616220899,2.294169992077687,-14.999999744127583
5.15106,5.04138,51.92342,5143.55478,0.93043,43.1049,6.043053178551496,2.2511963113089757,-14.999999744127583
5.2013,5.08857,52.04952,5139.97307,0.94292,43.08424,5.928553350932008,2.208542112848937,-14.999999744127583
5.25151,5.13572,52.17709,5136.45215,0.95347,43.06411,5.815159142664576,2.166299786688134,-14.999999744127583
5.3017,5.18281,52.30586,5132.9918,0.96211,43.04449,5.7030981574755675,2.1245541212032553,-14.999999744127583
5.35188,5.22986,52.43557,5129.59172,0.96885,43.02538,5.592577949505851,2.083382435772851,-14.999999744127583
5.40204,5.27687,52.56598,5126.25146,0.97374,43.00678,5.483786527034142,2.0428547684275387,-14.999999744127583
5.45218,5.32383,52.69684,5122.97048,0.97678,42.98867,5.376892981528624,2.003034110188281,-14.999999744127583
5.5023,5.37075,52.8279,5119.74813,0.97802,42.97106,5.272048220509972,1.9639766780771444,-14.999999744127583
5.5524,5.41763,52.95892,5116.58368,0.97749,42.95394,5.169385784000953,1.9257322192662605,-14.999999744127583
5.60248,5.46446,53.08968,5113.47633,0.97523,42.93729,5.069022725679233,1.8883443393304262,-14.999999744127583
5.65255,5.51126,53.21995,5110.42519,0.97127,42.92111,4.971060541492432,1.85185084818065,-14.999999744127583
5.7026,5.55802,53.34949,5107.42932,0.96565,42.90538,4.875586130040396,1.8162841178318143,-14.999999744127583
5.75263,5.60474,53.4781,5104.48772,0.95841,42.8901,4.782672770782851,1.7816714468107642,-14.999999744127583
5.80265,5.65143,53.60556,5101.59935,0.94959,42.87526,4.692381107729831,1.7480354266068787,-14.999999744127583
5.85264,5.69808,53.73167,5098.76313,0.93925,42.86084,4.604760127935561,1.715394306186784,-14.999999744127583
5.90262,5.74469,53.85624,5095.97792,0.92741,42.84684,4.519848125635971,1.6837623511609443,-14.999999744127583
5.95259,5.79127,53.97906,5093.24258,0.91413,42.83324,4.437673644373269,1.653150194749859,-14.999999744127583
6.00253,5.83782,54.09995,5090.55594,0.89945,42.82003,4.358256390792344,1.6235651781972629,-14.999999744127583
6.05247,5.88434,54.21873,5087.91679,0.88342,42.80721,4.281608115041579,1.595011678742592,-14.999999744127583
6.10238,5.93082,54.33522,5085.32392,0.86607,42.79475,4.207733453883568,1.5674914237019146,-14.999999744127583
6.15228,5.97728,54.44927,5082.7761,0.84746,42.78266,4.1366307336003425,1.5410037895712483,-14.999999744127583
6.20216,6.0237,54.5607,5080.27212,0.82764,42.77091,4.068292730709406,1.5155460854133023,-14.999999744127583
6.25203,6.0701,54.66937,5077.81071,0.80664,42.7595,4.00270738928608,1.4911138200789233,-14.999999744127583
6.30188,6.11646,54.77511,5075.39065,0.78451,42.74841,3.9398584943729884,1.4677009530698482,-14.999999744127583
6.35172,6.1628,54.87779,5073.01068,0.7613,42.73763,3.8797263015306074,1.4453001290628456,-14.999999744127583
6.40154,6.20911,54.97728,5070.66956,0.73705,42.72716,3.8222881230864383,1.4239028963029625,-14.999999744127583
6.45135,6.2554,55.07343,5068.36605,0.7118,42.71698,3.76751887202487,1.4034999092168035,-14.999999744127583
6.50114,6.30166,55.16613,5066.09891,0.68561,42.70707,3.715391564788377,1.3840811157192106,-14.999999744127583
6.55091,6.3479,55.25525,5063.86691,0.6585,42.69744,3.665877784521518,1.3656359297838396,-14.999999744127583
6.60068,6.39411,55.34069,5061.66881,0.63053,42.68806,3.618948106460576,1.3481533899119942,-14.999999744127583
6.65043,6.4403,55.42232,5059.5034,0.60174,42.67892,3.574572487336163,1.3316223041953401,-14.999999744127583
6.70016,6.48646,55.50006,5057.36946,0.57217,42.67003,3.532720620712563,1.3160313826891645,-14.999999744127583
6.74988,6.5326,55.5738,5055.26577,0.54186,42.66135,3.4933622602628316,1.3013693578408507,-14.999999744127583
6.79958,6.57872,55.64345,5053.19114,0.51085,42.6529,3.456467512982887,1.2876250937198461,-14.999999744127583
6.84928,6.62482,55.70893,5051.14436,0.47918,42.64464,3.42200710431761,1.2747876847841089,-14.999999744127583
6.89895,6.6709,55.77016,5049.12425,0.4469,42.63658,3.3899526171576277,1.2628465449126987,-14.999999744127583
6.94862,6.71696,55.82706,5047.12962,0.41404,42.62871,3.3602767065797314,1.2517914874022325,-14.999999744127583
6.99827,6.76299,55.87955,5045.15928,0.38064,42.621,3.332953292147842,1.241612796604052,-14.999999744127583
7.04791,6.80901,55.92759,5043.21206,0.34674,42.61346,3.307957729483427,1.2323012918387224,-14.999999744127583
7.09753,6.85501,55.97109,5041.28679,0.31238,42.60607,3.2852669627202404,1.22384838418943,-14.999999744127583
7.14714,6.90099,56.01002,5039.38229,0.2776,42.59883,3.2648596593630628,1.2162461267404143,-14.999999744127583
7.19674,6.94695,56.04433,5037.4974,0.24243,42.59171,3.246716328930681,1.2094872587745975,-14.999999744127583
7.24632,6.99289,56.07395,5035.63095,0.20691,42.58473,3.2308194266687167,1.203565244409344,-14.999999744127583
7.2959,7.03881,56.09887,5033.78178,0.17109,42.57785,3.217153443480209,1.1984743060979663,-14.999999744127583
7.34546,7.08472,56.11904,5031.9487,0.13499,42.57108,3.2057049831129687,1.194209453384048,-14.999999744127583
7.395,7.1306,56.13442,5030.13056,0.09865,42.5644,3.1964628275044524,1.1907665072441265,-14.999999744127583
7.44454,7.17647,56.14501,5028.32617,0.06211,42.55781,3.189417991070793,1.188142120311786,-14.999999744127583
7.49406,7.22233,56.15077,5026.53436,0.02541,42.5513,3.1845637645996066,1.1863337932288838,-14.999999744127583
7.54357,7.26817,56.15169,5024.75394,-0.01142,42.54484,3.1818957492806876,1.1853398873228784,-14.999999744127583
7.59306,7.31399,56.14776,5022.98371,-0.04835,42.53845,3.1814118812813557,1.185159633761794,-14.999999744127583
7.64255,7.35979,56.13898,5021.22248,-0.08532,42.5321,3.183112447155715,1.185793139294574,-14.999999744127583
7.69202,7.40558,56.12533,5019.46904,-0.12232,42.52579,3.187000090253443,1.1872413886385236,-14.999999744127583
7.74148,7.45135,56.10683,5017.72215,-0.1593,42.5195,3.1930798081603093,1.189506243525837,-14.999999744127583
7.79093,7.49711,56.08348,5015.98059,-0.19622,42.51323,3.2013589410925674,1.192590438380201,-14.999999744127583
7.84036,7.54285,56.0553,5014.2431,-0.23306,42.50697,3.2118471510342483,1.196497572544889,-14.999999744127583
7.88978,7.58857,56.0223,5012.50842,-0.26977,42.5007,3.2245563912876856,1.2012320989395315,-14.999999744127583
7.9392,7.63428,55.98451,5010.77528,-0.30631,42.49442,3.239500865982155,1.2067993089760154,-14.999999744127583
7.9886,7.67997,55.94194,5009.04236,-0.34266,42.48812,3.2566969789562292,1.2132053135158212,-14.999999744127583
8.03798,7.72565,55.89465,5007.30835,-0.37876,42.48178,3.2761632713205486,1.220457019610508,-14.999999744127583
8.08736,7.77131,55.84265,5005.57192,-0.41459,42.47541,3.2979203468591565,1.22856210271175,-14.999999744127583
8.13672,7.81696,55.786,5003.83169,-0.4501,42.46897,3.3219907843264567,1.2375289739996453,-14.999999744127583
8.18607,7.86259,55.72475,5002.0863,-0.48526,42.46248,3.34839903555813,1.2473667424263524,-14.999999744127583
8.23541,7.9082,55.65893,5000.33432,-0.52003,42.45591,3.377171308207346,1.2580851710322407,-14.999999744127583
8.28474,7.9538,55.58861,4998.57433,-0.55437,42.44925,3.4083354317725334,1.2696946270377136,-14.999999744127583
8.33406,7.99938,55.51386,4996.80488,-0.58824,42.44249,3.4419207055095598,1.2822060251864915,-14.999999744127583
8.38336,8.04495,55.43474,4995.02447,-0.6216,42.43563,3.4779577266645507,1.2956307637578186,-14.999999744127583
8.43266,8.0905,55.35132,4993.2316,-0.6544,42.42865,3.516478197399931,1.3099806526413313,-14.999999744127583
8.48194,8.13604,55.26368,4991.42471,-0.68661,42.42154,3.557514708668872,1.325267832824606,-14.999999744127583
8.5312,8.18155,55.1719,4989.60225,-0.71819,42.41428,3.6011004992243523,1.341504686617692,-14.999999744127583
8.58046,8.22705,55.07608,4987.76261,-0.74908,42.40687,3.647269187882658,1.3587037379142195,-14.999999744127583
8.62971,8.27254,54.97631,4985.90417,-0.77926,42.3993,3.696054477108797,1.3768775417691692,-14.999999744127583
8.67893,8.31801,54.87283,4984.02501,-0.80649,42.40815,3.7474142188561,1.3960103969261752,0.0
8.72813,8.36348,54.76589,4982.12321,-0.83287,42.41706,3.801300546235831,1.4160844717097296,0.0
8.77731,8.40895,54.65561,4980.19717,-0.85838,42.42602,3.857736100586251,1.4371082006140639,0.0
8.82646,8.45441,54.54211,4978.2452,-0.88295,42.43504,3.9167416166750626,1.459089307885712,0.0
8.87558,8.49987,54.42552,4976.26564,-0.90655,42.4441,3.9783352596669364,1.4820345605264682,0.0
8.92468,8.54533,54.30596,4974.25678,-0.92914,42.45322,4.0425321183607705,1.505949579510932,0.0
8.97375,8.59078,54.18358,4972.21689,-0.95067,42.46239,4.1093436630438624,1.530838637822923,0.0
9.0228,8.63623,54.05852,4970.14426,-0.97109,42.47161,4.178777167865769,1.5567044452745458,0.0
9.07181,8.68167,53.93093,4968.03712,-0.99035,42.48089,4.250835098068614,1.5835479202333558,0.0
9.1208,8.72711,53.80097,4965.89371,-1.00842,42.49021,4.32551446293408,1.6113679485780892,0.0
9.16977,8.77255,53.66879,4963.71226,-1.02525,42.49959,4.402806135888345,1.6401611304198631,0.0
9.2187,8.81798,53.53457,4961.49099,-1.0408,42.50901,4.482694143896759,1.6699215153829932,0.0
9.26761,8.8634,53.39848,4959.22814,-1.05501,42.51849,4.5651549290296165,1.7006403275188196,0.0
9.31648,8.90882,53.2607,4956.92194,-1.06785,42.52802,4.6501565859385785,1.7323056812456048,0.0
9.36533,8.95424,53.12141,4954.57061,-1.07927,42.53759,4.737658079901368,1.764902290049612,0.0
9.41414,8.99964,52.9808,4952.17241,-1.08923,42.54722,4.827608451127332,1.7984111700679908,0.0
9.46293,9.04504,52.83906,4949.72562,-1.09768,42.55689,4.919946012068551,1.8328093410660435,0.0
9.51168,9.09044,52.6964,4947.22854,-1.10459,42.56662,5.0145975456605,1.8680695277607777,0.0
9.56041,9.13582,52.55302,4944.67951,-1.10992,42.57639,5.111477513569376,1.904159864872203,0.0
9.6091,9.1812,52.40913,4942.07689,-1.11363,42.58621,5.2104872847866375,1.9410436097544994,0.0
9.65776,9.22657,52.26494,4939.41911,-1.11567,42.59607,5.311514396095521,1.9786788669003377,0.0
9.70638,9.27193,52.12067,4936.70467,-1.11603,42.60599,5.414431857146302,2.0170183290631276,0.0
9.75497,9.31728,51.97655,4933.93211,-1.11466,42.61595,5.519097514035779,2.0560090401736324,0.0
9.80353,9.36263,51.83281,4931.10006,-1.11154,42.62596,5.6253534862784855,2.0955921855969315,0.0
9.85206,9.40796,51.68966,4928.20722,-1.10664,42.63601,5.733025693017877,2.135702915633617,0.0
9.90054,9.45328,51.54734,4925.25241,-1.09994,42.64611,5.841923484986134,2.176270208415144,0.0
9.94899,9.49859,51.40609,4922.23455,-1.09142,42.65625,5.951839399236781,2.21721677853527,0.0
9.99741,9.54389,51.26615,4919.15265,-1.08105,42.66644,6.062549053826946,2.2584590378164315,0.0
10.04579,9.58918,51.12775,4916.00588,-1.06883,42.67667,6.173811199505155,2.2999071145648053,0.0
10.09413,9.63445,50.99113,4912.79353,-1.05475,42.68695,6.28536794488514,2.341464937453475,0.0
10.14243,9.67972,50.85653,4909.51504,-1.03881,42.69727,6.396945170621994,2.3830303898139498,0.0
10.19069,9.72496,50.72418,4906.17,-1.02101,42.70763,6.508253146640047,2.4244955395697834,0.0
10.23891,9.7702,50.59434,4902.75818,-1.00135,42.71803,6.618987364505979,2.465746949317468,0.0
10.28709,9.81542,50.46722,4899.27952,-0.97984,42.72848,6.728829594532865,2.506666070125494,0.0
10.33523,9.86062,50.34307,4895.73414,-0.95651,42.73897,6.837449174208135,2.5471297215076767,0.0
10.38332,9.90581,50.22212,4892.12237,-0.93137,42.7495,6.94450453099375,2.5870106587062818,0.0
10.43138,9.95098,50.10458,4888.44472,-0.90446,42.76007,7.049644938539062,2.626178226927527,0.0
10.47939,9.99614,49.99069,4884.70191,-0.87581,42.77068,7.152512500926564,2.6644991005253336,0.0
10.52736,10.04127,49.88066,4880.89488,-0.84547,42.78133,7.252744354796586,2.701838103350713,0.0
10.57528,10.08639,49.7747,4877.02477,-0.81347,42.79201,7.349975074165328,2.7380591046097646,0.0
10.62316,10.13149,49.67301,4873.09297,-0.77988,42.80274,7.443839257614003,2.7730259826597,0.0
10.67099,10.17657,49.57578,4869.10105,-0.74476,42.81351,7.533974272403523,2.8066036472637674,0.0
10.71877,10.22163,49.4832,4865.05082,-0.70817,42.82431,7.620023125099509,2.8386591089745985,0.0
10.76651,10.26667,49.39545,4860.9443,-0.67019,42.83515,7.701637423672103,2.869062582594325,0.0
10.81419,10.31169,49.31268,4856.78371,-0.63089,42.84603,7.778480391914385,2.897688610124753,0.0
10.86183,10.35669,49.23506,4852.57148,-0.59037,42.85694,7.850229893547374,2.924417187326048,0.0
10.90942,10.40166,49.16273,4848.31027,-0.54872,42.86789,7.916581420770272,2.949134877030329,0.0
10.95697,10.44661,49.09581,4844.00287,-0.50602,42.87888,7.977251000312314,2.97173589172245,0.0
11.00446,10.49154,49.03442,4839.6523,-0.4624,42.8899,8.031977969468327,2.992123127686286,0.0
11.0519,10.53645,48.97867,4835.26171,-0.41794,42.90096,8.080527575116255,3.0102091332071437,0.0
11.09929,10.58133,48.92864,4830.83441,-0.37276,42.91205,8.122693350484308,3.025916993980064,0.0
11.14662,10.62619,48.88441,4826.37387,-0.32698,42.92317,8.158299227367253,3.039181119965966,0.0
11.19391,10.67103,48.84603,4821.88364,-0.2807,42.93434,8.187201345580645,3.049947919460952,0.0
11.24114,10.71584,48.81355,4817.3674,-0.23407,42.94553,8.20928952658857,3.0581763480614246,0.0
11.28832,10.76062,48.78699,4812.8289,-0.18718,42.95676,8.224488384369009,3.0638383224906534,0.0
11.33545,10.80538,48.76638,4808.27195,-0.14017,42.96803,8.232758053385371,3.0669189917873356,0.0
11.38253,10.85011,48.7517,4803.70042,-0.09316,42.97932,8.23409452101761,3.0674168611449244,0.0
11.42955,10.89482,48.74294,4799.11818,-0.04628,42.99065,8.228529559529473,3.065343766567645,0.0
11.47652,10.93951,48.74006,4794.52912,0.00036,43.00202,8.216130260591088,3.0607247014679064,0.0
11.52343,10.98416,48.74301,4789.93711,0.04662,43.01342,8.196998183095955,3.0535974992057136,0.0
11.57029,11.02879,48.75173,4785.34599,0.0924,43.02485,8.171268132438186,3.0440123783373174,0.0
11.6171,11.0734,48.76613,4780.75954,0.13758,43.03631,8.139106596231125,3.0320313598792406,0.0
11.66385,11.11798,48.78613,4776.18146,0.18203,43.04781,8.10070986752404,3.0177275681571163,0.0
11.71055,11.16253,48.81161,4771.61538,0.22565,43.05935,8.056301891702288,3.0011844287193483,0.0
11.7572,11.20706,48.84246,4767.0648,0.26833,43.07091,8.006131877367372,2.982494778327068,0.0
11.80379,11.25156,48.87854,4762.53314,0.30997,43.08251,7.950471714449396,2.961759903133096,0.0
11.85033,11.29604,48.91971,4758.02364,0.35047,43.09414,7.889613244652983,2.9390885218512204,0.0
11.89681,11.34049,48.9658,4753.53943,0.38973,43.10581,7.823865429981634,2.9145957309570245,0.0
11.94325,11.38491,49.01665,4749.08348,0.42768,43.11751,7.753551464689383,2.8884019288138885,0.0
11.98962,11.42931,49.07209,4744.65859,0.46423,43.12925,7.679005874515925,2.860631735061752,0.0
12.03595,11.47369,49.13192,4740.26739,0.49931,43.14102,7.600571644735722,2.8314129207398375,0.0
12.08223,11.51804,49.19595,4735.91234,0.53284,43.15282,7.518597415384205,2.800875363434614,0.0
12.12845,11.56237,49.26397,4731.59572,0.56476,43.16466,7.4334347782539085,2.769150040339737,0.0
12.17462,11.60668,49.33579,4727.31963,0.59502,43.17653,7.345435705994581,2.7363680705281967,0.0
12.22074,11.65096,49.41118,4723.08598,0.62357,43.18844,7.254950139062003,2.702659816027258,0.0
12.26681,11.69522,49.48992,4718.89651,0.65035,43.20039,7.162323751548091,2.6681540495313922,0.0
12.31282,11.73946,49.57179,4714.75277,0.67535,43.21237,7.067895912081212,2.6329771947839933,0.0
12.35879,11.78367,49.65656,4710.65612,0.69851,43.22439,6.971997851361366,2.597252643936015,0.0
12.40471,11.82787,49.744,4706.60778,0.71983,43.23644,6.874951043410597,2.561100154519159,0.0
12.45058,11.87204,49.83387,4702.60876,0.73927,43.24853,6.777065803419043,2.524635327106636,0.0
12.4964,11.91619,49.92594,4698.65992,0.75682,43.26066,6.67864010129903,2.4879691633308467,0.0
12.54217,11.96032,50.01998,4694.76197,0.77248,43.27282,6.5799585866733965,2.4512077026658825,0.0
12.5879,12.00444,50.11575,4690.91545,0.78624,43.28502,6.4812918180947445,2.4144517352914106,0.0
12.63357,12.04853,50.21301,4687.12077,0.79809,43.29726,6.382895686853552,2.377796587446039,0.0
12.6792,12.09261,50.31153,4683.37818,0.80806,43.30954,6.285011023740911,2.34133197493609,0.0
12.72479,12.13667,50.41108,4679.68782,0.81614,43.32186,6.187863375632707,2.3051419199073244,0.0
12.77033,12.18071,50.51142,4676.04969,0.82235,43.33422,6.0916629376365625,2.2693047255679,0.0
12.81582,12.22473,50.61234,4672.46367,0.82671,43.34661,5.996604625880141,2.233893003303922,0.0
12.86127,12.26874,50.71359,4668.92954,0.82924,43.35905,5.902868275690322,2.1989737465064056,0.0
12.90667,12.31273,50.81497,4665.44698,0.82996,43.37152,5.810618949868466,2.164608445411921,0.0
12.95203,12.35671,50.91626,4662.01556,0.82891,43.38404,5.720007342071009,2.1308532373724804,0.0
12.99735,12.40067,51.01723,4658.63478,0.8261,43.3966,5.631170260757553,2.0977590871389316,0.0
13.04263,12.44462,51.11769,4655.30406,0.82158,43.40919,5.544231179876055,2.065371992005684,0.0
13.08786,12.48855,51.21742,4652.02272,0.81539,43.42183,5.459300843239332,2.0337332069568577,0.0
13.13305,12.53248,51.31623,4648.79003,0.80755,43.43451,5.376477910489673,2.0028794853050957,0.0
13.1782,12.57638,51.41392,4645.60521,0.7981,43.44724,5.295849633554614,1.9728433306891415,0.0
13.22331,12.62028,51.51029,4642.46741,0.78709,43.46,5.217492553488524,1.9436532566656652,0.0
13.26838,12.66417,51.60517,4639.37572,0.77456,43.47281,5.141473208690644,1.9153340505391132,0.0
13.3134,12.70804,51.69838,4636.32921,0.76055,43.48566,5.067848846488503,1.887907038445259,0.0
13.35839,12.75191,51.78974,4633.3269,0.74511,43.49855,4.996668131111889,1.8613903490901318,0.0
13.40334,12.79576,51.87909,4630.36775,0.72828,43.51148,4.927971842031737,1.8357991738996258,0.0
13.44825,12.8396,51.96625,4627.45072,0.71011,43.52446,4.861793557567153,1.811146021681108,0.0
13.49313,12.88344,52.05109,4624.57472,0.69064,43.53749,4.79816031950398,1.7874409662113167,0.0
13.53796,12.92727,52.13343,4621.73865,0.66992,43.55055,4.737093275261507,1.7646918854603593,0.0
13.58276,12.97108,52.21315,4618.94139,0.648,43.56367,4.678608294856083,1.7429046914268915,0.0
13.62752,13.0149,52.2901,4616.18177,0.62493,43.57682,4.622716560548642,1.7220835497973332,0.0
13.67225,13.0587,52.36415,4613.45864,0.60075,43.59002,4.569425127648821,1.7022310888601613,0.0
13.71694,13.10249,52.43517,4610.77082,0.57551,43.60327,4.518737455432721,1.6833485972867417,0.0
13.76159,13.14628,52.50305,4608.1171,0.54927,43.61656,4.470653907582467,1.665436210558236,0.0
13.8062,13.19007,52.56766,4605.49629,0.52206,43.62989,4.42517222192295,1.648493085954894,0.0
13.85078,13.23384,52.6289,4602.90716,0.49395,43.64327,4.382287949542523,1.63251756614007,0.0
13.89533,13.27761,52.68667,4600.3485,0.46497,43.6567,4.3419948636534285,1.6175073314714867,0.0
13.93984,13.32138,52.74087,4597.81906,0.43517,43.67017,4.304285338746052,1.603459541246174,0.0
13.98432,13.36514,52.79141,4595.31761,0.40461,43.68369,4.269150700765103,1.5903709641503083,0.0
14.02876,13.4089,52.8382,4592.8429,0.37333,43.69726,4.2365815491510705,1.5782380982281277,0.0
14.07317,13.45265,52.88116,4590.39367,0.34138,43.71087,4.206568051682894,1.567057280718586,0.0
14.11754,13.4964,52.92022,4587.96866,0.30881,43.72452,4.179100213109554,1.5568247881276875,0.0
14.16188,13.54015,52.95532,4585.56659,0.27566,43.73823,4.1541681185868065,1.547536926915076,0.0
14.20617,13.58391,52.98491,4583.18917,0.21729,43.80879,4.132628452323118,1.539512834489124,46.99999919826643
14.25038,13.62772,53.00745,4580.83741,0.15859,43.87918,4.1153163463192906,1.5330636194937748,46.99999919826643
14.29452,13.67156,53.02293,4578.50902,0.09961,43.94944,4.1021918638309485,1.5281744044409498,46.99999919826643
14.33858,13.71545,53.03133,4576.20176,0.04039,44.01965,4.093224769986842,1.5248339260455814,46.99999919826643
14.38257,13.75939,53.03261,4573.91334,-0.01899,44.08985,4.088393697550331,1.5230342244498154,46.99999919826643
14.42648,13.80336,53.02677,4571.6415,-0.0785,44.1601,4.087686118845898,1.522770632764898,46.99999919826643
14.47032,13.84738,53.01382,4569.38397,-0.13808,44.23046,4.09109831695707,1.5240417663416448,46.99999919826643
14.51409,13.89144,52.99374,4567.13844,-0.19767,44.30099,4.098635356424222,1.5268495118546028,46.99999919826643
14.55778,13.93554,52.96655,4564.90261,-0.25722,44.37174,4.11031105324921,1.5311990161279831,46.99999919826643
14.6014,13.97969,52.93227,4562.67415,-0.31669,44.44276,4.1261479435523665,1.5370986744595714,46.99999919826643
14.64494,14.02388,52.8909,4560.45069,-0.376,44.51413,4.146177249772788,1.5445601180294417,46.99999919826643
14.68841,14.06811,52.84249,4558.22983,-0.43512,44.58588,4.170438842856823,1.5535981998141786,46.99999919826643
14.73181,14.11239,52.78707,4556.00914,-0.49398,44.65809,4.198981198388028,1.564230978244124,46.99999919826643
14.77512,14.15671,52.72467,4553.78614,-0.55253,44.73082,4.2318613441218895,1.5764796976586888,46.99999919826643
14.81837,14.20107,52.65534,4551.5583,-0.61071,44.80412,4.2691447958742375,1.5903687644230937,46.99999919826643
14.86153,14.24548,52.57915,4549.32304,-0.66847,44.87806,4.310905478134368,1.6059257173546722,46.99999919826643
14.90462,14.28994,52.49614,4547.07774,-0.72575,44.95269,4.357225625240646,1.6231811909081808,46.99999919826643
14.94763,14.33443,52.40638,4544.81967,-0.78249,45.02809,4.408195658270948,1.6421688693142509,46.99999919826643
14.99057,14.37898,52.30996,4542.54609,-0.83863,45.10433,4.463914032191806,1.6629254296384202,46.99999919826643
15.03342,14.42357,52.20696,4540.25413,-0.8941,45.18146,4.524487047094233,1.6854904714615164,46.99999919826643
15.0762,14.46821,52.09745,4537.9409,-0.94884,45.25955,4.590028616590544,1.7099064306013736,46.99999919826643
15.11889,14.51289,51.98155,4535.60337,-1.0028,45.33869,4.660659985686067,1.7362184740126243,46.99999919826643
15.1615,14.55762,51.85935,4533.23848,-1.05589,45.41893,4.736509389623231,1.764474372697146,46.99999919826643
15.20403,14.6024,51.73098,4530.84303,-1.10806,45.50036,4.817711644337703,1.794724349138195,46.99999919826643
15.24648,14.64723,51.59654,4528.41377,-1.15924,45.58305,4.9044076583146925,1.8270208954540386,46.99999919826643
15.28883,14.69211,51.45618,4525.94731,-1.20935,45.66709,4.996743854761248,1.8614185581419267,46.99999919826643
15.33111,14.73703,51.31002,4523.44019,-1.25831,45.75255,5.09487149213603,1.8979736849575612,46.99999919826643
15.37329,14.78201,51.15822,4520.88883,-1.30607,45.83951,5.198945870241138,1.9367441291634078,46.99999919826643
15.41538,14.82703,51.00094,4518.28955,-1.35252,45.92807,5.309125408307489,1.9777889060912444,46.99999919826643
15.45738,14.87211,50.83833,4515.63855,-1.3976,46.01831,5.4255705807864,2.0211677966965214,46.99999919826643
15.49929,14.91724,50.67058,4512.93194,-1.44123,46.11032,5.548442696006138,2.066940892575798,46.99999919826643
15.5411,14.96242,50.49787,4510.1657,-1.48332,46.2042,5.67790250244634,2.115168076767286,46.99999919826643
15.58281,15.00766,50.3204,4507.3357,-1.52378,46.30004,5.81410860717636,2.1659084345775215,46.99999919826643
15.62443,15.05295,50.13837,4504.43771,-1.56252,46.39794,5.957215691163272,2.2192195887366415,46.99999919826643
15.66594,15.09829,49.952,4501.46739,-1.59947,46.498,6.107372506561754,2.2751569533361686,46.99999919826643
15.70734,15.14369,49.76151,4498.42029,-1.63451,46.60034,6.264719642055659,2.3337729013599486,46.99999919826643
15.74864,15.18915,49.56714,4495.29188,-1.66756,46.70504,6.429387043698605,2.3951158411320406,46.99999919826643
15.78984,15.23466,49.36915,4492.0775,-1.69852,46.81222,6.601491280789307,2.4592291977833387,46.99999919826643
15.83091,15.28023,49.16779,4488.77243,-1.7273,46.922,6.781132549039272,2.526150296852688,46.99999919826643
15.87188,15.32586,48.96333,4485.37188,-1.7538,47.03447,6.968391406895786,2.5959091484813213,46.99999919826643
15.91272,15.37155,48.75607,4481.87099,-1.7779,47.14976,7.163325245357041,2.6685271323261137,46.99999919826643
15.95345,15.4173,48.54628,4478.26483,-1.79953,47.26798,7.365964497123313,2.744015585368652,46.99999919826643
15.99405,15.46311,48.33428,4474.54846,-1.81856,47.38924,7.576308597525146,2.822374297254704,46.99999919826643
16.03452,15.50898,48.12039,4470.71691,-1.83491,47.51367,7.794321717379778,2.9035899206709708,46.99999919826643
16.07486,15.55492,47.90494,4466.76524,-1.84846,47.64137,8.019928296874083,2.9876343075989626,46.99999919826643
16.11507,15.60092,47.68827,4462.6885,-1.85913,47.77245,8.253008419608166,3.0744627860245304,46.99999919826643
16.15514,15.64698,47.47072,4458.48182,-1.86681,47.90704,8.493393077171753,3.1640123958679642,46.99999919826643
16.19506,15.69311,47.25267,4454.14042,-1.8714,48.04525,8.74085938676232,3.2562001074209297,46.99999919826643
16.23484,15.73931,47.03448,4449.65961,-1.87281,48.18718,8.995125837351088,3.3509210504182008,46.99999919826643
16.27447,15.78558,46.81654,4445.03488,-1.87096,48.33293,9.255847653374298,3.4480467868906897,46.99999919826643
16.31394,15.83191,46.59924,4440.26188,-1.86574,48.48261,9.522612378554212,3.5474236660225604,46.99999919826643
16.35326,15.87831,46.38298,4435.33652,-1.8571,48.63632,9.794935795744653,3.6488713041863403,46.99999919826643
16.39241,15.92478,46.16817,4430.25496,-1.84494,48.79413,10.072258311051684,3.752181237932738,46.99999919826643
16.43139,15.97132,45.95523,4425.01369,-1.82921,48.95613,10.35394194131296,3.8571158017474336,46.99999919826643
16.4702,16.01794,45.74457,4419.60955,-1.80985,49.12239,10.63926805239056,3.9634072855056472,46.99999919826643
16.50883,16.06462,45.53662,4414.03979,-1.78681,49.29298,10.927436001062059,4.070757428540835,46.99999919826643
16.54728,16.11138,45.33182,4408.30215,-1.76004,49.46794,11.217562834486264,4.178837307687766,46.99999919826643
16.58554,16.15821,45.13058,4402.39482,-1.72953,49.6473,11.508684197587867,4.287287675307179,46.99999919826643
16.6236,16.20512,44.93335,4396.31661,-1.69527,49.83111,11.799756589333787,4.395719799808086,46.99999919826643
16.66147,16.2521,44.74055,4390.06689,-1.65724,50.01935,12.089661093253023,4.503716855364575,46.99999919826643
16.69914,16.29915,44.55261,4383.64568,-1.61547,50.21203,12.377208684957209,4.610835899106865,46.99999919826643
16.7366,16.34628,44.36994,4377.05371,-1.56999,50.40913,12.66114718988501,4.716610463064163,46.99999919826643
16.77385,16.39349,44.19297,4370.29243,-1.52085,50.61059,12.94016992793505,4.820553774517885,46.99999919826643
16.81088,16.44077,44.0221,4363.36402,-1.46811,50.81636,13.212926038632066,4.922162602397716,46.99999919826643
16.84769,16.48813,43.85773,4356.27147,-1.41186,51.02637,13.478032431868835,5.020921709247425,46.99999919826643
16.88428,16.53556,43.70023,4349.01857,-1.35219,51.2405,13.734087256478752,5.116308868622528,46.99999919826643
16.92063,16.58307,43.54996,4341.60991,-1.28924,51.45864,13.979684723670564,5.207800387209753,46.99999919826643
16.95675,16.63065,43.40728,4334.05092,-1.22314,51.68064,14.213431066873294,5.294877050289206,46.99999919826643
16.99262,16.6783,43.27252,4326.34782,-1.15405,51.90634,14.433961366338128,5.377030389341255,46.99999919826643
17.02826,16.72604,43.14598,4318.50762,-1.08216,52.13557,14.639956918543401,5.453769152606899,46.99999919826643
17.06364,16.77384,43.02793,4310.53811,-1.00764,52.36811,14.830162789743545,5.524625844246623,46.99999919826643
17.09878,16.82172,42.91864,4302.4478,-0.93073,52.60375,15.003405162620203,5.589163186424344,46.99999919826643
17.13366,16.86966,42.81834,4294.24591,-0.85165,52.84224,15.158608066959797,5.646980351925027,46.99999919826643
17.16828,16.91768,42.72722,4285.94226,-0.77065,53.08334,15.294809081529214,5.697718813516507,46.99999919826643
17.20264,16.96577,42.64545,4277.54725,-0.68798,53.32677,15.411173605931218,5.741067660591158,46.99999919826643
17.23674,17.01393,42.57318,4269.07177,-0.60391,53.57224,15.507007328385045,5.776768243742202,46.99999919826643
17.27058,17.06215,42.5105,4260.52715,-0.51873,53.81946,15.58176655768589,5.804618023690475,46.99999919826643
17.30415,17.11044,42.45748,4251.92502,-0.43272,54.06813,15.635066143649878,5.824473521858569,46.99999919826643
17.33745,17.1588,42.41417,4243.27727,-0.34617,54.31794,15.666684777788477,5.836252295011532,46.99999919826643
17.37048,17.20721,42.38056,4234.59593,-0.25939,54.56856,15.67656754205675,5.83993388473264,46.99999919826643
17.40324,17.25569,42.35664,4225.89311,-0.17267,54.81969,15.664825654830487,5.83555972279321,46.99999919826643
17.43573,17.30422,42.34233,4217.18088,-0.08631,55.07101,15.631733445973019,5.8232320042853845,46.99999919826643
17.46796,17.35282,42.33754,4208.47117,-0.0006,55.32219,15.577722673392076,5.80311157039003,46.99999919826643
17.49991,17.40147,42.34215,4199.77573,0.08416,55.57294,15.503374368158124,5.775414870468738,46.99999919826643
17.53159,17.45017,42.35599,4191.106,0.1677,55.82294,15.409408460903824,5.740410097624693,46.99999919826643
17.56301,17.49892,42.37888,4182.47306,0.24973,56.07191,15.296671496386121,5.698412612053789,46.99999919826643
17.59416,17.54772,42.41061,4173.88755,0.33001,56.31956,15.166122783843358,5.649779781688253,46.99999919826643
17.62505,17.59657,42.45092,4165.35961,0.40828,56.56563,15.018819357079384,5.594905379432254,46.99999919826643
17.65567,17.64547,42.49956,4156.89882,0.4843,56.80985,14.855900129913978,5.534213680650285,46.99999919826643
17.68603,17.69441,42.55623,4148.51418,0.55786,57.052,14.678569630206631,5.468153403663041,46.99999919826643
17.71614,17.74339,42.62062,4140.21405,0.62875,57.29184,14.488081680341303,5.3971916302986,46.99999919826643
17.74599,17.79242,42.69241,4132.00611,0.69678,57.52917,14.285723365594508,5.321807833687716,46.99999919826643
17.77558,17.84148,42.77125,4123.89739,0.76179,57.76381,14.072799596308506,5.242488127267137,46.99999919826643
17.80493,17.89058,42.85678,4115.89422,0.82363,57.99559,13.850618527547851,5.159719833218042,46.99999919826643
17.83404,17.93971,42.94862,4108.00222,0.88216,58.22436,13.62047805347866,5.073986451266958,46.99999919826643
17.8629,17.98888,43.04639,4100.22633,0.93727,58.45,13.383653545094361,4.98576309066597,46.99999919826643
17.89153,18.03808,43.1497,4092.57084,0.98886,58.67238,13.141386951630533,4.895512410182981,46.99999919826643
17.91992,18.08731,43.25814,4085.03934,1.03684,58.89141,12.894877339411435,4.803681093573111,46.99999919826643
17.94808,18.13657,43.37132,4077.63482,1.08116,59.10703,12.64527289893545,4.71069687200772,46.99999919826643
17.97601,18.18586,43.48882,4070.35961,1.12177,59.31917,12.393664412387288,4.616966090550815,46.99999919826643
18.00372,18.23517,43.61024,4063.21551,1.15863,59.52779,12.141080140557346,4.522871803401993,46.99999919826643
18.03122,18.28451,43.73517,4056.20374,1.19173,59.73286,11.888482060620396,4.428772372369997,46.99999919826643
18.05849,18.33387,43.86319,4049.32501,1.22107,59.93438,11.636763364417812,4.335000534917031,46.99999919826643
18.08556,18.38325,43.99391,4042.57955,1.24664,60.13233,11.386747110805018,4.2418629021227225,46.99999919826643
18.11243,18.43266,44.12691,4035.96715,1.26848,60.32675,11.13918591480739,4.149639842886516,46.99999919826643
18.13909,18.48209,44.26181,4029.48718,1.28661,60.51764,10.894762550249439,4.058585708422904,46.99999919826643
18.16555,18.53153,44.39822,4023.13865,1.30108,60.70506,10.65409134072119,3.9689293504329957,46.99999919826643
18.19182,18.581,44.53574,4016.92023,1.31194,60.88904,10.417720215387565,3.88087488694761,46.99999919826643
18.2179,18.63048,44.674,4010.8303,1.31923,61.06964,10.186133310736832,3.7946026715470236,46.99999919826643
18.24379,18.67998,44.81264,4004.86694,1.32304,61.24692,9.959754006138075,3.710270424186002,46.99999919826643
18.2695,18.7295,44.95129,3999.02802,1.32343,61.42096,9.738948289494102,3.6280144849880624,46.99999919826643
18.29503,18.77903,45.08961,3993.3112,1.32047,61.59182,9.524028358799818,3.5479511559207313,46.99999919826643
18.32038,18.82858,45.22725,3987.71395,1.31426,61.75959,9.315256375525372,3.4701780990295212,46.99999919826643
18.34556,18.87814,45.36389,3982.23357,1.30487,61.92436,9.112848296087007,3.394775763761638,46.99999919826643
18.37058,18.92772,45.4992,3976.86727,1.2924,62.08621,8.916977717881425,3.3218088197149775,46.99999919826643
18.39542,18.97731,45.63288,3971.61211,1.27693,62.24524,8.727779686232417,3.251327574825907,46.99999919826643
18.42011,19.02692,45.76462,3966.46508,1.25857,62.40153,8.545354417883718,3.1833693624683295,46.99999919826643
18.44464,19.07653,45.89415,3961.4231,1.23741,62.55519,8.369770905275336,3.1179598841414458,46.99999919826643
18.46901,19.12616,46.02118,3956.48304,1.21354,62.70632,8.20107037365617,3.055114497335176,46.99999919826643
18.49322,19.1758,46.14544,3951.6417,1.18707,62.85502,8.039269570055977,2.994839440758743,46.99999919826643
18.51729,19.22546,46.26669,3946.89589,1.1581,63.00138,7.884363869340295,2.937132991427867,46.99999919826643
18.54121,19.27512,46.38468,3942.24237,1.12671,63.14551,7.736330187830504,2.8819865500648914,46.99999919826643
18.56498,19.3248,46.49917,3937.67791,1.09302,63.28751,7.595129699594208,2.8293856529884294,46.99999919826643
18.58861,19.37449,46.60995,3933.19929,1.05713,63.42748,7.460710354232534,2.779310910055371,46.99999919826643
18.61209,19.42419,46.7168,3928.80327,1.01912,63.56551,7.333009198198192,2.7317388694129434,46.99999919826643
18.63544,19.4739,46.81951,3924.48664,0.9791,63.70172,7.211954504119361,2.686642810727883,46.99999919826643
18.65866,19.52362,46.91791,3920.2462,0.93717,63.8362,7.0974677146163145,2.6439934693092715,46.99999919826643
18.68173,19.57335,47.01181,3916.07878,0.89341,63.96904,6.989465208558649,2.6037596940858303,46.99999919826643
18.70468,19.62309,47.10104,3911.98123,0.84794,64.10035,6.887859898781774,2.5659090427973483,46.99999919826643
18.72749,19.67284,47.18544,3907.95043,0.80083,64.23023,6.792562670958403,2.5304083180121717,46.99999919826643
18.75018,19.7226,47.26485,3903.98326,0.75219,64.35876,6.703483673764019,2.497224047747787,46.99999919826643
18.77273,19.77237,47.33915,3900.07667,0.7021,64.48605,6.620533470582688,2.466322914511541,46.99999919826643
18.79516,19.82215,47.40818,3896.2276,0.65066,64.61219,6.543624062947198,2.437672136559017,46.99999919826643
18.81747,19.87194,47.47184,3892.43303,0.59796,64.73726,6.472669795678859,2.4112398050824297,46.99999919826643
18.83965,19.92173,47.53001,3888.68997,0.54408,64.86137,6.40758815332234,2.3869951809035572,46.99999919826643
18.8617,19.97154,47.58259,3884.99544,0.48911,64.98461,6.348300456998926,2.3649089540699104,46.99999919826643
18.88364,20.02136,47.62948,3881.34649,0.43314,65.10706,6.294732470254266,2.3449534695489667,46.99999919826643
18.90545,20.07119,47.67059,3877.74019,0.37626,65.22881,6.2468149218437805,2.327102921979482,46.99999919826643
18.92715,20.12102,47.70585,3874.17362,0.31854,65.34995,6.2044839527946625,2.3113335222138573,46.99999919826643
18.94876,20.17085,47.7374,3870.63869,0.30372,65.37016,6.165746781667707,2.296902906732752,0.0
18.97035,20.22064,47.76737,3867.12883,0.28794,65.39039,6.128679943300659,2.283094534153813,0.0
18.99189,20.2704,47.79567,3863.64332,0.27124,65.41062,6.09333457724284,2.2699274553047233,0.0
19.0134,20.32014,47.82221,3860.1814,0.25365,65.43088,6.059756319591491,2.2574186708324646,0.0
19.03487,20.36984,47.84691,3856.74231,0.23522,65.45114,6.02798708330637,2.2455837944173425,0.0
19.05631,20.41951,47.86969,3853.32523,0.21599,65.47142,5.998065256220306,2.234437126537131,0.0
19.07771,20.46916,47.89046,3849.92932,0.19599,65.49172,5.970025894937319,2.2239917266992206,0.0
19.09907,20.51877,47.90917,3846.55369,0.17527,65.51202,5.943900913105719,2.214259483577308,0.0
19.1204,20.56835,47.92574,3843.19746,0.15388,65.53235,5.919719262661594,2.2052511825293557,0.0
19.1417,20.61791,47.94012,3839.85968,0.13184,65.55268,5.897507106857467,2.196976570055325,0.0
19.16296,20.66744,47.95223,3836.53943,0.10922,65.57303,5.877287983976403,2.1894444147849885,0.0
19.18418,20.71694,47.96204,3833.2357,0.08605,65.5934,5.859082960810975,2.182662564652879,0.0
19.20537,20.76641,47.96949,3829.94752,0.06238,65.61378,5.842910775090321,2.176637999956119,0.0
19.22653,20.81585,47.97453,3826.67386,0.03824,65.63417,5.828787966145779,2.17137688203081,0.0
19.24765,20.86527,47.97714,3823.41367,0.0137,65.65458,5.816728993229707,2.1668845973289,0.0
19.26873,20.91465,47.97727,3820.16591,-0.0112,65.67501,5.806746340967287,2.1631657967017595,0.0
19.28978,20.96401,47.97489,3816.92949,-0.03643,65.69544,5.798850611543605,2.160224429742294,0.0
19.3108,21.01334,47.96998,3813.70332,-0.06192,65.7159,5.793050603265786,2.1580637740514037,0.0
19.33178,21.06265,47.96252,3810.48629,-0.08764,65.73636,5.789353375235906,2.156686459330349,0.0
19.35273,21.11193,47.95249,3807.27728,-0.11354,65.75684,5.787764297946501,2.1560944862289064,0.0
19.37364,21.16118,47.93988,3804.07514,-0.13956,65.77734,5.788287089617788,2.156289239881937,0.0
19.39452,21.2104,47.92469,3800.87872,-0.16567,65.79785,5.790923838227105,2.1572714981159393,0.0
19.41537,21.25959,47.90691,3797.68685,-0.19181,65.81837,5.795675009163724,2.159041434300661,0.0
19.43618,21.30876,47.88655,3794.49836,-0.21793,65.83891,5.802539438548062,2.161598614860334,0.0
19.45696,21.35791,47.86361,3791.31205,-0.244,65.85947,5.811514312271043,2.164941991465284,0.0
19.4777,21.40702,47.83812,3788.12673,-0.26995,65.88003,5.822595130883489,2.1690698879523045,0.0
19.49841,21.45611,47.81008,3784.94118,-0.29574,65.90061,5.835775660502668,2.1739799820360552,0.0
19.51909,21.50517,47.77952,3781.75419,-0.32133,65.92121,5.851047869986969,2.179669281904973,0.0
19.53973,21.5542,47.74646,3778.56453,-0.34667,65.94182,5.868401854653478,2.186134097804065,0.0
19.56034,21.60321,47.71094,3775.37098,-0.3717,65.96244,5.887825746926509,2.1933700087491332,0.0
19.58091,21.65219,47.673,3772.1723,-0.39638,65.98308,5.90930561432982,2.2013718245261917,0.0
19.60145,21.70114,47.63267,3768.96725,-0.42067,66.00373,5.932825345352372,2.2101335431734603,0.0
19.62196,21.75007,47.59,3765.75458,-0.44452,66.0244,5.958366523794525,2.2196483041720123,0.0
19.64243,21.79896,47.54504,3762.53307,-0.46788,66.04507,5.985908292282838,2.2299083376014517,0.0
19.66286,21.84783,47.49784,3759.30146,-0.4907,66.06577,6.015427205755614,2.2409049095594185,0.0
19.68327,21.89668,47.44847,3756.05853,-0.51295,66.08647,6.046897075862268,2.2526282641962636,0.0
19.70364,21.94549,47.39699,3752.80303,-0.53457,66.10719,6.080288807268935,2.2650675627345764,0.0
19.72397,21.99428,47.34346,3749.53373,-0.55552,66.12792,6.115570227088256,2.2782108199272995,0.0
19.74427,22.04303,47.28795,3746.24942,-0.57576,66.14866,6.152705908708032,2.2920448384292547,0.0
19.76454,22.09176,47.23055,3742.94888,-0.59524,66.16942,6.191656991491561,2.306555141630788,0.0
19.78477,22.14046,47.17132,3739.63092,-0.61393,66.19018,6.23238099795129,2.321725905550135,0.0
19.80497,22.18913,47.11037,3736.29435,-0.63177,66.21096,6.274831650175579,2.337539890447565,0.0
19.82513,22.23777,47.04776,3732.938,-0.64874,66.23175,6.31895868742987,2.3539783728770156,0.0
19.84526,22.28639,46.9836,3729.56073,-0.6648,66.25255,6.3647076870392745,2.3710210789601436,0.0
19.86535,22.33497,46.91798,3726.16139,-0.67989,66.27337,6.412019890815315,2.388646119725721,0.0
19.88541,22.38352,46.85099,3722.73891,-0.694,66.29419,6.46083203944348,2.406829929414639,0.0
19.90544,22.43204,46.78274,3719.29219,-0.70708,66.31503,6.511076217416741,2.4255472077135654,0.0
19.92542,22.48053,46.71333,3715.8202,-0.71911,66.33587,6.562679711236123,2.4447708669309236,0.0
19.94538,22.52899,46.64287,3712.32192,-0.73004,66.35673,6.615564883730564,2.4644719851777372,0.0
19.9653,22.57742,46.57147,3708.79638,-0.73985,66.3776,6.669649067450242,2.484619766653835,0.0
19.98518,22.62581,46.49924,3705.24265,-0.74851,66.39847,6.724844480190137,2.5051815101781587,0.0
20.00503,22.67418,46.42629,3701.65985,-0.756,66.41936,6.781058165752443,2.526122587121202,0.0
20.02484,22.72251,46.35275,3698.04711,-0.76229,66.44025,6.838191963064899,2.5474064299007724,0.0
20.04461,22.77081,46.27874,3694.40367,-0.76736,66.46116,6.896142506794438,2.5689945322105983,0.0
20.06435,22.81907,46.20436,3690.72876,-0.77119,66.48207,6.954801262492241,2.590846462112781,0.0
20.08406,22.8673,46.12975,3687.02173,-0.77376,66.50299,7.014054599253919,2.6129198891056262,0.0
20.10373,22.9155,46.05503,3683.28194,-0.77506,66.52391,7.073783902656771,2.6351706261957455,0.0
20.12336,22.96366,45.98032,3679.50885,-0.77508,66.54485,7.133865730582822,2.6575526879462337,0.0
20.14295,23.01178,45.90575,3675.70196,-0.77382,66.56579,7.19417201422615,2.6800183653571934,0.0
20.16251,23.05987,45.83144,3671.86086,-0.77125,66.58674,7.25457030625217,2.7025183183115917,0.0
20.18203,23.10792,45.75752,3667.9852,-0.76739,66.6077,7.314924077680017,2.725001686171764,0.0
20.20152,23.15594,45.68411,3664.07473,-0.76223,66.62866,7.375093064610787,2.747416216944802,0.0
20.22096,23.20392,45.61133,3660.12925,-0.75578,66.64963,7.434933665372515,2.7697084152295117,0.0
20.24037,23.25186,45.53931,3656.14867,-0.74805,66.6706,7.494299388116211,2.7918237089577116,0.0
20.25975,23.29976,45.46817,3652.13296,-0.73904,66.69158,7.553041348221056,2.813706634690757,0.0
20.27908,23.34763,45.39803,3648.0822,-0.72877,66.71256,7.611008814242634,2.83530104099962,0.0
20.29838,23.39545,45.32901,3643.99654,-0.71726,66.73355,7.668049800358708,2.8565503091665287,0.0
20.31764,23.44324,45.26122,3639.87624,-0.70453,66.75455,7.724011702605117,2.8773975901995823,0.0
20.33686,23.49099,45.19478,3635.72162,-0.6906,66.77554,7.7787419753908,2.897786056852394,0.0
20.35605,23.53869,45.12979,3631.53313,-0.67551,66.79654,7.832088844036469,2.917659169063496,0.0
20.37519,23.58635,45.06637,3627.31128,-0.65928,66.81755,7.883902048360982,2.936960950961832,0.0
20.3943,23.63398,45.00461,3623.0567,-0.64196,66.83855,7.934033611621605,2.9556362773172284,0.0
20.41337,23.68156,44.94462,3618.77008,-0.62358,66.85956,7.982338628450826,2.973631167067598,0.0
20.43239,23.72909,44.88649,3614.45223,-0.60419,66.88057,8.02867606483998,2.990893081333887,0.0
20.45139,23.77659,44.83031,3610.10403,-0.58382,66.90158,8.072909562715216,3.0073712231457863,0.0
20.47034,23.82404,44.77617,3605.72645,-0.56254,66.9226,8.114908241189516,3.023016835929201,0.0
20.48925,23.87144,44.72413,3601.32056,-0.5404,66.94362,8.154547486318236,3.0377834977109592,0.0
20.50812,23.91881,44.67429,3596.88749,-0.51744,66.96463,8.191709720941919,3.0516274079055217,0.0
20.52696,23.96612,44.62671,3592.42845,-0.49374,66.98565,8.226285146171744,3.064507663537821,0.0
20.54575,24.0134,44.58144,3587.94475,-0.46935,67.00667,8.258172446143218,3.076386521782552,0.0
20.5645,24.06062,44.53855,3583.43774,-0.44433,67.02769,8.287279447887238,3.087229645783507,0.0
20.58322,24.1078,44.49809,3578.90884,-0.41875,67.04871,8.313523728514047,3.097006330845576,0.0
20.60189,24.15494,44.46009,3574.35956,-0.39269,67.06973,8.336833162445638,3.1056897082932116,0.0
20.62053,24.20203,44.42461,3569.79142,-0.3662,67.09075,8.357146402068242,3.1132569245261332,0.0
20.63913,24.24907,44.39165,3565.20602,-0.33937,67.11176,8.37441328588962,3.1196892930686526,0.0
20.65768,24.29606,44.36126,3560.60499,-0.31226,67.13278,8.38859516926154,3.1249724177725016,0.0
20.6762,24.34301,44.33344,3555.99001,-0.28496,67.1538,8.399665173608128,3.1290962856609497,0.0
20.69467,24.38991,44.30821,3551.36277,-0.25752,67.17481,8.407608351210172,3.132055328315292,0.0
20.71311,24.43676,44.28556,3546.72501,-0.23004,67.19583,8.412421763684977,3.1338484511106612,0.0
20.7315,24.48356,44.26548,3542.07847,-0.20258,67.21684,8.41411447342714,3.134479030027491,0.0
20.74986,24.53031,44.24798,3537.42489,-0.17522,67.23785,8.412707448451918,3.133954876203166,0.0
20.76818,24.57702,44.23302,3532.76605,-0.14804,67.25886,8.40823338220365,3.132288168805917,0.0
20.78645,24.62368,44.22059,3528.10369,-0.12111,67.27987,8.400736430987548,3.1294953572212627,0.0
20.80469,24.67029,44.21064,3523.43956,-0.0945,67.30088,8.390271872741247,3.1255970339354158,0.0
20.82288,24.71685,44.20314,3518.7754,-0.06829,67.32188,8.37690569180221,3.1206177798502384,0.0
20.84104,24.76336,44.19804,3514.11291,-0.04254,67.34288,8.360714095214892,3.114585984094916,0.0
20.85915,24.80982,44.19529,3509.45377,-0.01733,67.36388,8.341782966864777,3.1075336406765337,0.0
20.87723,24.85623,44.19483,3504.79964,0.00728,67.38488,8.320207266359459,3.0994961245474566,0.0
20.89526,24.9026,44.19661,3500.15213,0.03123,67.40588,8.296090380074554,3.090511949852861,0.0
20.91326,24.94891,44.20053,3495.51279,0.05444,67.42687,8.269543432148101,3.0806225132580187,0.0
20.93121,24.99518,44.20654,3490.88316,0.07686,67.44787,8.240684563439586,3.069871825341563,0.0
20.94913,25.0414,44.21456,3486.26468,0.09844,67.46886,8.209638186536974,3.058306233066,0.0
20.96701,25.08757,44.22448,3481.65878,0.11912,67.48985,8.17653422486978,3.0459741363273167,0.0
20.98484,25.13369,44.23624,3477.0668,0.13885,67.51083,8.141507343809671,3.0329257015197197,0.0
21.00264,25.17976,44.24973,3472.49002,0.15758,67.53182,8.104696181361778,3.0192125749479026,0.0
21.0204,25.22578,44.26486,3467.92965,0.17527,67.5528,8.066242585645515,3.0048875987685992,0.0
21.03812,25.27176,44.28152,3463.38685,0.19187,67.57378,8.026290865929102,2.9900045319812247,0.0
21.0558,25.31769,44.29962,3458.8627,0.20735,67.59476,7.9849870633901405,2.9746177787670107,0.0
21.07344,25.36357,44.31904,3454.35818,0.22168,67.61574,7.942478247195391,2.9587821262601977,0.0
21.09105,25.4094,44.33968,3449.87424,0.23482,67.63672,7.898911840829091,2.9425524935876104,0.0
21.10861,25.45518,44.36142,3445.41173,0.24675,67.65769,7.854434982938384,2.9259836937667605,0.0
21.12614,25.50092,44.38415,3440.97142,0.25744,67.67867,7.809193926232982,2.909130209780155,0.0
21.14363,25.54661,44.40776,3436.55402,0.26688,67.69964,7.763333477325872,2.892045985901224,0.0
21.16108,25.59226,44.43214,3432.16016,0.27504,67.72062,7.716996479691087,2.8747842350824815,0.0
21.17849,25.63786,44.45715,3427.79038,0.28192,67.74159,7.670323341251447,2.857397262969535,0.0
21.19587,25.68341,44.4827,3423.44517,0.28751,67.76256,7.6234516075143866,2.839936308882942,0.0
21.2132,25.72892,44.50865,3419.12492,0.2918,67.78353,7.576515580534011,2.8224514038715576,0.0
21.2305,25.77438,44.5349,3414.82996,0.29479,67.8045,7.52964598347292,2.804991245752982,0.0
21.24776,25.8198,44.56132,3410.56055,0.29647,67.82547,7.4829696700361685,2.787603090870072,0.0
21.26499,25.86517,44.5878,3406.31688,0.29686,67.84644,7.43660937759337,2.770332662122422,0.0
21.28218,25.9105,44.61423,3402.09907,0.29596,67.86741,7.390683522444942,2.753224072697658,0.0
21.29933,25.95578,44.64048,3397.90716,0.29378,67.88839,7.345306035328051,2.7363197647930737,0.0
21.31645,26.00102,44.66646,3393.74114,0.29034,67.90936,7.300586235027154,2.719660462532228,0.0
21.33352,26.04622,44.69204,3389.60093,0.28564,67.93033,7.25662873768909,2.703285138182436,0.0
21.35057,26.09137,44.71712,3385.4864,0.27972,67.9513,7.213533399295899,2.687230990724376,0.0
21.36757,26.13648,44.74159,3381.39735,0.27258,67.97228,7.171395288624948,2.6715334357790277,0.0
21.38454,26.18155,44.76534,3377.33351,0.26425,67.99325,7.130304687941998,2.6562261058658554,0.0
21.40148,26.22657,44.78828,3373.29458,0.25476,68.01423,7.090347118636943,2.6413408599528,0.0
21.41838,26.27155,44.81031,3369.28019,0.24414,68.0352,7.051603388998262,2.626907801253512,0.0
21.43524,26.3165,44.83132,3365.28993,0.23242,68.05618,7.0141496613794,2.6129553022486034,0.0
21.45207,26.3614,44.85123,3361.32333,0.21962,68.07716,6.978057536033064,2.599510035916122,0.0
21.46886,26.40625,44.86994,3357.37988,0.20578,68.09814,6.943394148981923,2.5865970121909676,0.0
21.48562,26.45107,44.88738,3353.45902,0.19095,68.11913,6.910222281413404,2.574239618717329,0.0
21.50235,26.49585,44.90344,3349.56015,0.17515,68.14011,6.878600478148875,2.5624596649815743,0.0
21.51903,26.54059,44.91807,3345.68263,0.15842,68.1611,6.8485831729274125,2.551277428983745,0.0
21.53569,26.58528,44.93117,3341.82577,0.14081,68.18209,6.820220818323326,2.540711705635261,0.0
21.55231,26.62994,44.94268,3337.98886,0.12236,68.20308,6.793560018284512,2.5307798561329347,0.0
21.56889,26.67456,44.95253,3334.17114,0.1031,68.22407,6.76864366143484,2.5214978576176277,0.0
21.58545,26.71914,44.96066,3330.37183,0.0831,68.24507,6.7455110533847895,2.512880352463434,0.0
21.60196,26.76368,44.96701,3326.5901,0.06238,68.26607,6.724198046482764,2.504940696613468,0.0
21.61845,26.80818,44.97151,3322.8251,0.041,68.28707,6.704737165573936,2.497691006428336,0.0
21.6349,26.85264,44.97412,3319.07595,0.019,68.30807,6.687157728437292,2.491142203552107,0.0
21.65131,26.89706,44.9748,3315.34174,-0.00356,68.32908,6.671485959771306,2.485304057374977,0.0
21.6677,26.94145,44.97349,3311.62153,-0.02665,68.35009,6.65774509765535,2.4801852246929417,0.0
21.68405,26.98579,44.97016,3307.91437,-0.0502,68.3711,6.645955491616941,2.47579328624043,0.0
21.70036,27.0301,44.96478,3304.21928,-0.07417,68.39212,6.636134691476061,2.472134779787149,0.0
21.71664,27.07437,44.95732,3300.53524,-0.09851,68.41313,6.6282975263269694,2.4692152295608873,0.0
21.73289,27.1186,44.94775,3296.86123,-0.12317,68.43415,6.622456173074326,2.467039171779023,0.0
21.74911,27.1628,44.93605,3293.19622,-0.14808,68.45518,6.618620214076302,2.465610176122104,0.0
21.76529,27.20696,44.92221,3289.53913,-0.17322,68.4762,6.616796683537971,2.464930863016599,0.0
21.78144,27.25107,44.90622,3285.88889,-0.19851,68.49723,6.616990102396201,2.465002916630447,0.0
21.79756,27.29516,44.88806,3282.2444,-0.2239,68.51826,6.619202501541736,2.465827093523883,0.0
21.81364,27.3392,44.86774,3278.60456,-0.24936,68.5393,6.6234334332959195,2.467403226924831,0.0
21.8297,27.38321,44.84525,3274.96824,-0.27481,68.56034,6.62967997118649,2.4697302266453725,0.0
21.84571,27.42718,44.82062,3271.33432,-0.30021,68.58137,6.6379366981158,2.4728060746741,0.0
21.8617,27.47111,44.79384,3267.70165,-0.32551,68.60242,6.648195683137997,2.4766278165250104,0.0
21.87765,27.515,44.76493,3264.06909,-0.35064,68.62346,6.660446447143301,2.4811915484539866,0.0
21.89357,27.55886,44.73392,3260.43548,-0.37557,68.64451,6.674675917827871,2.4864924006838955,0.0
21.90946,27.60268,44.70082,3256.79966,-0.40024,68.66556,6.690868374443727,2.4925245168224763,0.0
21.92532,27.64646,44.66568,3253.16045,-0.42459,68.68661,6.709005382897685,2.499281029684989,0.0
21.94114,27.6902,44.62851,3249.51671,-0.44858,68.70766,6.729065721891824,2.506754033779591,0.0
21.95693,27.73391,44.58937,3245.86725,-0.47214,68.72872,6.751025300877643,2.514934554743106,0.0
21.97269,27.77758,44.54829,3242.21092,-0.49524,68.74977,6.774857070711679,2.523812516057887,0.0
21.98841,27.82121,44.50531,3238.54655,-0.51783,68.77083,6.800530928022445,2.5333767034259886,0.0
22.00411,27.8648,44.4605,3234.87297,-0.53984,68.79189,6.828013614381385,2.5436147272076925,0.0
22.01977,27.90835,44.4139,3231.18906,-0.56124,68.81296,6.857268611506136,2.5545129833819624,0.0
22.03539,27.95187,44.36557,3227.49365,-0.58197,68.83402,6.888256033848616,2.566056613532688,0.0
22.05099,27.99534,44.31557,3223.78562,-0.602,68.85508,6.920932519990903,2.578229464390785,0.0
22.06655,28.03878,44.26398,3220.06386,-0.62127,68.87615,6.955251124463676,2.591014047533721,0.0
22.08208,28.08218,44.21085,3216.32725,-0.63973,68.89722,6.991161211639865,2.60439149985811,0.0
22.09758,28.12554,44.15627,3212.57473,-0.65736,68.91828,7.028608353518432,2.6183415455014782,0.0
22.11304,28.16886,44.1003,3208.80523,-0.6741,68.93935,7.06753423330053,2.6328424599218474,0.0
22.12847,28.21214,44.04304,3205.01771,-0.68991,68.96041,7.107876556776809,2.647871036887176,0.0
22.14387,28.25538,43.98456,3201.21116,-0.70476,68.98148,7.149568973593203,2.6634025591447905,0.0
22.15923,28.29857,43.92494,3197.38459,-0.71861,69.00255,7.192541010592713,2.6794107735894497,0.0
22.17456,28.34173,43.86428,3193.53706,-0.73142,69.02361,7.236718019461086,2.6958678717599778,0.0
22.18986,28.38485,43.80267,3189.66763,-0.74317,69.04468,7.282021140950194,2.7127444765115363,0.0
22.20513,28.42792,43.7402,3185.77544,-0.75381,69.06574,7.328367287986221,2.730009635722975,0.0
22.22036,28.47096,43.67697,3181.85964,-0.76333,69.0868,7.375669149964091,2.7476308238966256,0.0
22.23556,28.51395,43.61307,3177.91944,-0.77168,69.10786,7.423835220489509,2.765573952492932,0.0
22.25073,28.5569,43.5486,3173.95407,-0.77886,69.12892,7.4727698507994695,2.7838033898310055,0.0
22.26586,28.59981,43.48367,3169.96284,-0.78484,69.14998,7.522373330954094,2.802281991334715,0.0
22.28096,28.64267,43.41837,3165.94509,-0.78959,69.17103,7.5725420008109605,2.8209711408735463,0.0
22.29602,28.68549,43.35282,3161.90023,-0.79311,69.19208,7.62316839259785,2.8398308038746993,0.0
22.31105,28.72826,43.28711,3157.82772,-0.79538,69.21313,7.674141406685593,2.858819592803102,0.0
22.32605,28.771,43.22135,3153.72707,-0.79639,69.23418,7.725346521959495,2.877894845530299,0.0
22.34101,28.81368,43.15564,3149.59788,-0.79613,69.25522,7.776666041823632,2.897012716977524,0.0
22.35594,28.85632,43.09009,3145.43977,-0.7946,69.27625,7.827979376640022,2.9161282843317253,0.0
22.37084,28.89892,43.02481,3141.25248,-0.79179,69.29729,7.8791633629313855,2.935195665956989,0.0
22.3857,28.94147,42.9599,3137.03579,-0.78772,69.31832,7.930092619346753,2.9541681540010982,0.0
22.40053,28.98397,42.89547,3132.78955,-0.78238,69.33934,7.980639938946012,2.9729983605318444,0.0
22.41532,29.02643,42.8316,3128.51369,-0.77579,69.36036,8.03067671680733,2.991638376832046,0.0
22.43008,29.06884,42.76842,3124.20821,-0.76795,69.38137,8.080073411602479,3.0100399453485003,0.0
22.4448,29.1112,42.70602,3119.87321,-0.7589,69.40238,8.128700039160705,3.0281546435575137,0.0
22.45949,29.15352,42.64449,3115.50883,-0.74863,69.42338,8.176426695585656,3.0459340788397147,0.0
22.47415,29.19578,42.58393,3111.11531,-0.73719,69.44437,8.22312410696182,3.063330093260176,0.0
22.48876,29.238,42.52443,3106.69297,-0.7246,69.46536,8.268664202170422,3.0802949769574,0.0
22.50335,29.28016,42.46609,3102.2422,-0.71088,69.48634,8.312920704850592,3.0967816886644313,0.0
22.5179,29.32228,42.409,3097.76347,-0.69607,69.50731,8.355769740090029,3.112744081717092,0.0
22.53241,29.36434,42.35322,3093.25734,-0.68022,69.52828,8.397090450987982,3.128137133739916,0.0
22.54689,29.40636,42.29886,3088.72442,-0.66336,69.54923,8.436765619900385,3.142917178076307,0.0
22.56134,29.44832,42.24597,3084.16542,-0.64553,69.57018,8.47468228882627,3.157042134898801,0.0
22.57574,29.49023,42.19464,3079.58112,-0.62679,69.59112,8.510732373192146,3.1704717398598974,0.0
22.59012,29.5321,42.14492,3074.97235,-0.60719,69.61206,8.544813263106699,3.1831677680752506,0.0
22.60445,29.5739,42.0969,3070.34003,-0.58678,69.63298,8.576828406089273,3.195094251205368,0.0
22.61876,29.61566,42.05061,3065.68515,-0.56561,69.65389,8.606687865283709,3.2062176854049502,0.0
22.63302,29.65736,42.00612,3061.00876,-0.54375,69.6748,8.634308847294959,3.216507227955916,0.0
22.64725,29.69901,41.96348,3056.31194,-0.52126,69.69569,8.659616193941947,3.2259348804582846,0.0
22.66145,29.7406,41.92272,3051.59587,-0.49821,69.71658,8.682542832568627,3.234475656582891,0.0
22.67561,29.78215,41.88389,3046.86175,-0.47465,69.73745,8.70303017990378,3.242107732519787,0.0
22.68973,29.82363,41.84701,3042.11085,-0.45066,69.75832,8.721028494954421,3.2488125784403206,0.0
22.70382,29.86506,41.81211,3037.34446,-0.42631,69.77917,8.736497176937865,3.2545750694846713,0.0
22.71787,29.90644,41.77922,3032.56392,-0.40167,69.80001,8.749405004928064,3.259383575036415,0.0
22.73188,29.94776,41.74834,3027.77062,-0.37681,69.82084,8.75973031653182,3.263230025284113,0.0
22.74586,29.98903,41.71948,3022.96594,-0.35179,69.84167,8.767461123647204,3.2661099543443703,0.0
22.75981,30.03024,41.69266,3018.1513,-0.32671,69.86247,8.772595164135417,3.2680225195109647,0.0
22.77371,30.0714,41.66785,3013.32816,-0.30163,69.88327,8.775139888999608,3.2689704964786177,0.0
22.78758,30.11249,41.64506,3008.49796,-0.27661,69.90406,8.775112385445523,3.268960250681059,0.0
22.80142,30.15354,41.62427,3003.66216,-0.25175,69.92484,8.772539236996817,3.2680016851803053,0.0
22.81522,30.19452,41.60546,2998.82221,-0.2271,69.9456,8.767456322551364,3.266108165809846,0.0
22.82898,30.23545,41.5886,2993.97958,-0.20274,69.96635,8.75990855700952,3.263296424551846,0.0
22.84271,30.27633,41.57367,2989.1357,-0.17875,69.98709,8.749949576734712,3.259586442362938,0.0
22.8564,30.31715,41.56062,2984.29202,-0.15518,70.00782,8.737641373711387,3.2550013128884374,0.0
22.87006,30.35791,41.5494,2979.44993,-0.13211,70.02854,8.723053882799563,3.249567088703797,0.0
22.88368,30.39861,41.53999,2974.61083,-0.10961,70.04924,8.706264526901473,3.243312611877218,0.0
22.89727,30.43926,41.53232,2969.77608,-0.08773,70.06994,8.687357725242638,3.2362693307914103,0.0
22.91082,30.47985,41.52633,2964.94699,-0.06654,70.09062,8.666424370196996,3.2284711052471895,0.0
22.92433,30.52038,41.52196,2960.12487,-0.04611,70.11129,8.643561278314944,3.219954001956973,0.0
22.93781,30.56086,41.51916,2955.31095,-0.02647,70.13194,8.6188706212415,3.2107560825468293,0.0
22.95125,30.60128,41.51784,2950.50643,-0.0077,70.15259,8.592459342258683,3.200917186203156,0.0
22.96466,30.64165,41.51794,2945.71249,0.01017,70.17322,8.564438564062213,3.1904787090539246,0.0
22.97804,30.68195,41.51939,2940.9302,0.02708,70.19384,8.53492299325118,3.179483382325408,0.0
22.99137,30.72221,41.52209,2936.16064,0.04299,70.21445,8.504030326754172,3.1679750512202975,0.0
23.00468,30.7624,41.52597,2931.40479,0.05785,70.23505,8.47188066513603,3.1559984563590318,0.0
23.01794,30.80254,41.53094,2926.6636,0.07164,70.25564,8.438595937354913,3.14359901948667,0.0
23.03118,30.84263,41.53691,2921.93793,0.08431,70.27621,8.404299341185178,3.1308226350156887,0.0
23.04438,30.88265,41.54381,2917.22861,0.09583,70.29678,8.369114803062525,3.1177154688040862,0.0
23.05754,30.92263,41.55152,2912.5364,0.10618,70.31733,8.333166460661024,3.1043237654017135,0.0
23.07067,30.96254,41.55997,2907.86198,0.11534,70.33787,8.29657817104702,3.0906936648246575,0.0
23.08377,31.00241,41.56905,2903.20599,0.12327,70.3584,8.25947304681269,3.0768710297527937,0.0
23.09683,31.04222,41.57867,2898.56899,0.12998,70.37892,8.221973022043773,3.062901283841338,0.0
23.10986,31.08197,41.58875,2893.95148,0.13544,70.39943,8.184198449591777,3.0488292616941504,0.0
23.12285,31.12167,41.59916,2889.3539,0.13964,70.41992,8.146267730639774,3.0346990708672488,0.0
23.13581,31.16131,41.60984,2884.77664,0.14257,70.44041,8.108296977114074,3.0205539661082716,0.0
23.14874,31.2009,41.62067,2880.21998,0.14425,70.46089,8.070399707104809,3.0064362358926346,0.0
23.16163,31.24044,41.63156,2875.6842,0.14466,70.48135,8.032686573127725,2.9923871011938963,0.0
23.17449,31.27992,41.64242,2871.16947,0.14381,70.50181,7.995265122640334,2.978446626269722,0.0
23.18732,31.31935,41.65315,2866.67592,0.1417,70.52225,7.958239590021222,2.9646536411687086,0.0
23.20011,31.35873,41.66366,2862.20361,0.13835,70.54269,7.921710718867267,2.951045675531415,0.0
23.21288,31.39806,41.67385,2857.75256,0.13378,70.56312,7.885775613314169,2.9376589032033533,0.0
23.2256,31.43733,41.68364,2853.32273,0.12798,70.58353,7.850527616833383,2.9245280970836576,0.0
23.2383,31.47655,41.69294,2848.91399,0.121,70.60394,7.816056216830489,2.9116865935854586,0.0
23.25096,31.51572,41.70166,2844.5262,0.11284,70.62433,7.782446973255909,2.8991662660415076,0.0
23.2636,31.55483,41.70972,2840.15915,0.10354,70.64472,7.749781469306964,2.8869975063393896,0.0
23.2762,31.5939,41.71703,2835.81258,0.09311,70.6651,7.718137282304122,2.875209214072161,0.0
23.28876,31.63291,41.72352,2831.48617,0.08159,70.68547,7.687587972708104,2.8638287924469323,0.0
23.3013,31.67188,41.7291,2827.17956,0.06901,70.70583,7.6582030893217565,2.852882150222704,0.0
23.3138,31.71079,41.73371,2822.89236,0.05541,70.72618,7.630048188662649,2.842393708927166,0.0
23.32627,31.74965,41.73727,2818.62411,0.04082,70.74653,7.603184866566666,2.8323864146298687,0.0
23.33871,31.78846,41.73971,2814.37432,0.02527,70.76686,7.577670800130189,2.82288175356679,0.0
23.35112,31.82722,41.74097,2810.14246,0.00882,70.78719,7.553559798140937,2.8138997709271507,0.0
23.3635,31.86593,41.74099,2805.92796,-0.00851,70.8075,7.530901858245056,2.805459092149657,0.0
23.37585,31.9046,41.73971,2801.7302,-0.02666,70.82781,7.509743229185654,2.7975769461079936,0.0
23.38816,31.94321,41.73706,2797.54854,-0.04559,70.84811,7.490126476529667,2.7902691895958127,0.0
23.40045,31.98177,41.73301,2793.38231,-0.06526,70.8684,7.472090550429422,2.783550332569695,0.0
23.4127,32.02029,41.7275,2789.23078,-0.08562,70.88869,7.455670854026615,2.777433563631436,0.0
23.42493,32.05875,41.72049,2785.09321,-0.10661,70.90896,7.4408993112749195,2.7719307752937477,0.0
23.43712,32.09717,41.71194,2780.96883,-0.1282,70.92923,7.427804433024415,2.767052588598452,0.0
23.44928,32.13554,41.70181,2776.85685,-0.15032,70.94949,7.416411380347108,2.762808376706898,0.0
23.46141,32.17386,41.69008,2772.75642,-0.17292,70.96975,7.406742024196604,2.7592062871247633,0.0
23.47352,32.21213,41.6767,2768.6667,-0.19596,70.98999,7.398815000592824,2.7562532622598113,0.0
23.48559,32.25035,41.66166,2764.58682,-0.21938,71.01023,7.392645760667715,2.7539550580652365,0.0
23.49763,32.28853,41.64494,2760.51588,-0.24312,71.03045,7.388246614985227,2.75231626055002,0.0
23.50964,32.32666,41.62652,2756.45296,-0.26714,71.05068,7.385626771692733,2.751340299991341,0.0
23.52162,32.36473,41.60638,2752.39713,-0.29137,71.07089,7.384792368137364,2.7510294627124865,0.0
23.53357,32.40277,41.58452,2748.34743,-0.31576,71.09109,7.385746495728278,2.75138490034471,0.0
23.54549,32.44075,41.56094,2744.30291,-0.34025,71.11129,7.388489217887884,2.752406636514526,0.0
23.55739,32.47868,41.53563,2740.26257,-0.36479,71.13148,7.393017581097036,2.754093570958343,0.0
23.56925,32.51657,41.5086,2736.22544,-0.38932,71.15166,7.399325619071271,2.7564434810782132,0.0
23.58108,32.55441,41.47986,2732.19051,-0.41379,71.17183,7.407404350281415,2.759453021018203,0.0
23.59288,32.5922,41.44941,2728.15676,-0.43813,71.192,7.417241769088933,2.7631177183620705,0.0
23.60466,32.62995,41.41728,2724.12319,-0.4623,71.21216,7.428822830868727,2.7674319685911177,0.0
23.6164,32.66764,41.38348,2720.08877,-0.48624,71.2323,7.442129431628901,2.77238902749202,0.0
23.62811,32.70529,41.34804,2716.05248,-0.5099,71.25244,7.457140382675082,2.777981001718615,0.0
23.6398,32.74289,41.31098,2712.01329,-0.53321,71.27258,7.473831381032283,2.7841988377732703,0.0
23.65145,32.78044,41.27233,2707.97018,-0.55613,71.2927,7.492174976367244,2.7910323096845846,0.0
23.66308,32.81795,41.23214,2703.92213,-0.5786,71.31282,7.512140535311974,2.7984700057169682,0.0
23.67468,32.8554,41.19043,2699.86812,-0.60058,71.33292,7.53369420411718,2.8064993144580646,0.0
23.68624,32.89281,41.14725,2695.80715,-0.622,71.35302,7.556798870720614,2.8151064106882093,0.0
23.69778,32.93017,41.10265,2691.73819,-0.64282,71.37311,7.581414127326757,2.824276241440378,0.0
23.70929,32.96748,41.05667,2687.66028,-0.66299,71.39319,7.6074962347501245,2.8339925127171317,0.0
23.72077,33.00474,41.00937,2683.57243,-0.68246,71.41326,7.634998089777315,2.844237677332116,0.0
23.73222,33.04195,40.9608,2679.47368,-0.70119,71.43332,7.663869196935335,2.854992924393026,0.0
23.74364,33.07912,40.91102,2675.36308,-0.71913,71.45337,7.694055646068034,2.8662381709482347,0.0
23.75503,33.11623,40.86009,2671.23971,-0.73624,71.47341,7.7255000971898795,2.8779520563444243,0.0
23.76639,33.15329,40.80807,2667.10266,-0.75247,71.49344,7.758141774139054,2.8901119398622024,0.0
23.77772,33.19031,40.75503,2662.95107,-0.76779,71.51346,7.791916468552619,2.902693902196949,0.0
23.78902,33.22727,40.70104,2658.78407,-0.78215,71.53347,7.826756555713743,2.915672751362331,0.0
23.8003,33.26419,40.64617,2654.60084,-0.79553,71.55347,7.862591023833866,2.9290220335986787,0.0
23.81154,33.30105,40.5905,2650.4006,-0.80789,71.57346,7.899345518273748,2.942714049846485,0.0
23.82275,33.33786,40.53409,2646.18259,-0.81919,71.59344,7.9369424022135036,2.956719878347597,0.0
23.83394,33.37462,40.47702,2641.9461,-0.82941,71.61341,7.975300835181459,2.971009403899274,0.0
23.84509,33.41133,40.41938,2637.69043,-0.83852,71.63337,8.014336870793702,2.985551354264747,0.0
23.85622,33.44799,40.36125,2633.41495,-0.84651,71.65331,8.05396357496449,3.0003133442097023,0.0
23.86731,33.4846,40.30269,2629.11907,-0.85334,71.67324,8.09409116566196,3.0152619275649646,0.0
23.87838,33.52115,40.24381,2624.80224,-0.859,71.69316,8.134627175211449,3.0303626576887512,0.0
23.88941,33.55765,40.18467,2620.46396,-0.86347,71.71307,8.175476635899102,3.0455801566088985,0.0
23.90042,33.5941,40.12537,2616.10377,-0.86675,71.73297,8.21654228946737,3.0608781930654527,0.0
23.9114,33.6305,40.06598,2611.72128,-0.86882,71.75285,8.257724820861501,3.0762197695873823,0.0
23.92234,33.66684,40.00659,2607.31615,-0.86967,71.77272,8.298923116328018,3.0915672186410528,0.0
23.93326,33.70313,39.94728,2602.88808,-0.86932,71.79257,8.340034545699659,3.1068823077887973,0.0
23.94415,33.73936,39.88814,2598.43684,-0.86775,71.81241,8.380955268439367,3.122126353698354,0.0
23.955,33.77554,39.82925,2593.96227,-0.86497,71.83224,8.421580562657104,3.1372603447102834,0.0
23.96583,33.81166,39.7707,2589.46426,-0.86099,71.85206,8.461805176071941,3.1522450715805865,0.0
23.97663,33.84773,39.71255,2584.94274,-0.85582,71.87186,8.50152369752358,3.167041265878518,0.0
23.98739,33.88374,39.65489,2580.39774,-0.84948,71.89164,8.540630947312694,3.181609745398632,0.0
23.99813,33.9197,39.59781,2575.82932,-0.84198,71.91141,8.579022384359845,3.1959115658381987,0.0
24.00883,33.9556,39.54137,2571.23763,-0.83334,71.93117,8.616594527832106,3.209908177864208,0.0
24.01951,33.99144,39.48564,2566.62288,-0.8236,71.95091,8.653245390599276,3.223561588587216,0.0
24.03015,34.02723,39.43071,2561.98531,-0.81278,71.97063,8.688874921582315,3.2368345263477787,0.0
24.04077,34.06296,39.37664,2557.32526,-0.80091,71.99034,8.723385453838391,3.2496906076399203,0.0
24.05135,34.09863,39.32349,2552.64313,-0.78803,72.01003,8.75668215496169,3.262094504897282,0.0
24.06191,34.13424,39.27134,2547.93936,-0.77418,72.0297,8.788673476208048,3.274012113803871,0.0
24.07243,34.16979,39.22023,2543.21446,-0.75939,72.04936,8.819271596625027,3.2854107187441977,0.0
24.08292,34.20529,39.17024,2538.46901,-0.74373,72.069,8.848392858324102,3.2962591549536135,0.0
24.09338,34.24072,39.1214,2533.70364,-0.72722,72.08862,8.8759581890235,3.306527965926641,0.0
24.10382,34.2761,39.07378,2528.91903,-0.70993,72.10823,8.90189350797986,3.3161895546371953,0.0
24.11422,34.31142,39.02741,2524.11591,-0.69191,72.12782,8.926130111455972,3.325218327135465,0.0
24.12459,34.34667,38.98235,2519.29508,-0.67321,72.14739,8.94860503405931,3.3335908271560117,0.0
24.13493,34.38187,38.93863,2514.45737,-0.6539,72.16694,8.96926138235369,3.3412858603969022,0.0
24.14523,34.417,38.89627,2509.60367,-0.63403,72.18648,8.988048637473575,3.3482846072514914,0.0
24.15551,34.45208,38.85532,2504.73489,-0.61367,72.20599,9.004922923665204,3.354570722847064,0.0
24.16576,34.48709,38.8158,2499.852,-0.59288,72.22549,9.019847240057304,3.3601304233855194,0.0
24.17597,34.52204,38.77773,2494.956,-0.57172,72.24497,9.03279165329994,3.3649525579064115,0.0
24.18616,34.55693,38.74112,2490.04791,-0.55027,72.26443,9.04373344913712,3.3690286647517365,0.0
24.19632,34.59176,38.70599,2485.12879,-0.5286,72.28387,9.052657241397647,3.372353012167889,0.0
24.20644,34.62653,38.67234,2480.19973,-0.50676,72.30329,9.059555037363273,3.374922622657019,0.0
24.21653,34.66123,38.64018,2475.26182,-0.48483,72.3227,9.06442625894269,3.376737280864906,0.0
24.22659,34.69587,38.6095,2470.31619,-0.46289,72.34208,9.067277719562833,3.3777995249723527,0.0
24.23663,34.73045,38.58031,2465.36395,-0.44099,72.36144,9.068123557177973,3.3781146217393188,0.0
24.24663,34.76497,38.55257,2460.40625,-0.41921,72.38079,9.066985124261643,3.3776905255240144,0.0
24.2566,34.79942,38.52629,2455.44423,-0.39763,72.40011,9.063890836125937,3.3765378217778426,0.0
24.26654,34.83381,38.50145,2450.47902,-0.37629,72.41942,9.058875979301192,3.3746696556618008,0.0
24.27645,34.86814,38.478,2445.51176,-0.35529,72.4387,9.051982482164547,3.372101646599574,0.0
24.28633,34.9024,38.45594,2440.54359,-0.33467,72.45797,9.043258650326601,3.3688517897021097,0.0
24.29617,34.9366,38.43523,2435.57561,-0.31451,72.47721,9.03275886962213,3.3649403451238378,0.0
24.30599,34.97074,38.41582,2430.60892,-0.29487,72.49644,9.020543279821913,3.3603897165117447,0.0
24.31578,35.00481,38.39769,2425.6446,-0.2758,72.51564,9.006677422405806,3.3552243197915788,0.0
24.32553,35.03882,38.38078,2420.68371,-0.25738,72.53483,8.991231865893072,3.349470443593535,0.0
24.33526,35.07277,38.36505,2415.72729,-0.23965,72.55399,8.974281812372581,3.3431561026744028,0.0
24.34496,35.10665,38.35045,2410.77633,-0.22267,72.57314,8.9559066888987,3.3363108857017854,0.0
24.35462,35.14047,38.33692,2405.83181,-0.20649,72.59226,8.936189727460675,3.328965798781644,0.0
24.36426,35.17423,38.32442,2400.89465,-0.19116,72.61137,8.915217537181412,3.3211531060910824,0.0
24.37387,35.20793,38.31287,2395.96577,-0.17673,72.63045,8.893079672314077,3.312906168945718,0.0
24.38344,35.24156,38.30223,2391.04601,-0.16324,72.64952,8.869868199482248,3.3042592845852554,0.0
24.39299,35.27513,38.29241,2386.1362,-0.15073,72.66856,8.845677267437761,3.295247525896955,0.0
24.40251,35.30863,38.28337,2381.23711,-0.13924,72.68759,8.820602682417233,3.28590658322477,0.0
24.41199,35.34208,38.27503,2376.34946,-0.1288,72.7066,8.794741491932639,3.276272609320385,0.0
24.42145,35.37546,38.26732,2371.47395,-0.11944,72.72558,8.768191579597355,3.2663820684052545,0.0
24.43088,35.40877,38.26018,2366.61121,-0.11119,72.74455,8.741051273316893,3.2562715902113464,0.0
24.44028,35.44203,38.25352,2361.76183,-0.10407,72.7635,8.713418968867304,3.245977829754188,0.0
24.44965,35.47522,38.24728,2356.92633,-0.09811,72.78243,8.685392770629386,3.2355373334969078,0.0
24.45899,35.50835,38.24139,2352.10522,-0.09331,72.80134,8.657070150934423,3.224986412447559,0.0
24.4683,35.54142,38.23577,2347.29893,-0.0897,72.82023,8.628547629182803,3.2143610226223673,0.0
24.47758,35.57443,38.23034,2342.50784,-0.08727,72.8391,8.599920471632917,3.2036966532091866,0.0
24.48684,35.60738,38.22504,2337.73229,-0.08605,72.85795,8.571282412467614,3.1930282226574254,0.0
24.49606,35.64026,38.21978,2332.97257,-0.08602,72.87679,8.542725396491917,3.1823899828261673,0.0
24.50526,35.67309,38.2145,2328.22891,-0.0872,72.8956,8.514339343571729,3.171815431231394,0.0
24.51443,35.70585,38.20913,2323.50149,-0.08957,72.9144,8.486211934701537,3.161337231350579,0.0
24.52356,35.73855,38.20358,2318.79045,-0.09313,72.93318,8.458428419350687,3.150987140854103,0.0
24.53268,35.77119,38.1978,2314.09587,-0.09787,72.95194,8.431071443616306,3.1407959475876934,0.0
24.54176,35.80377,38.1917,2309.4178,-0.10378,72.97068,8.404220898489495,3.1307934130475945,0.0
24.55082,35.83629,38.18523,2304.75622,-0.11083,72.9894,8.377953787396951,3.121008223036335,0.0
24.55984,35.86875,38.1783,2300.11107,-0.11902,73.00811,8.35234411211855,3.1114679451640193,0.0
24.56884,35.90115,38.17087,2295.48225,-0.12831,73.02679,8.32746277600666,3.1021989927949862,0.0
24.57781,35.9335,38.16286,2290.86962,-0.13869,73.04546,8.30337750341859,3.0932265950342694,0.0
24.58676,35.96578,38.15421,2286.27297,-0.15012,73.06412,8.280152774158694,3.084574772305553,0.0
24.59568,35.998,38.14487,2281.69209,-0.16258,73.08275,8.257849771730209,3.076266317073631,0.0
24.60456,36.03016,38.13477,2277.12668,-0.17603,73.10137,8.236526344153928,3.0683227792483208,0.0
24.61343,36.06227,38.12387,2272.57645,-0.19043,73.11997,8.216236976098944,3.060764455802437,0.0
24.62226,36.09432,38.1121,2268.04103,-0.20576,73.13855,8.19703277109476,3.0536103841453337,0.0
24.63107,36.1263,38.09941,2263.52003,-0.22197,73.15711,8.178961442594977,3.0468783387938947,0.0
24.63985,36.15823,38.08577,2259.01304,-0.23902,73.17566,8.162067312719548,3.0405848309039887,0.0
24.64861,36.1901,38.07113,2254.51957,-0.25687,73.19419,8.14639131752936,3.0347451102353866,0.0
24.65733,36.22192,38.05544,2250.03915,-0.27547,73.2127,8.1319710177342,3.029373169140767,0.0
24.66603,36.25367,38.03866,2245.57125,-0.29478,73.2312,8.118840613833335,3.024481748205975,0.0
24.67471,36.28537,38.02077,2241.1153,-0.31475,73.24968,8.1070309646985,3.0200823431726795,0.0
24.68336,36.31701,38.00172,2236.67073,-0.33533,73.26814,8.09656960873345,3.0161852128208566,0.0
24.69198,36.34859,37.98149,2232.23692,-0.35646,73.28659,8.087480786803795,3.012799387510763,0.0
24.70057,36.38012,37.96005,2227.81324,-0.3781,73.30502,8.079785466197988,3.0099326781090285,0.0
24.70914,36.41159,37.93737,2223.39902,-0.4002,73.32343,8.073501364994073,3.007591685065916,0.0
24.71769,36.443,37.91345,2218.99358,-0.4227,73.34183,8.068642976272276,3.0057818074351466,0.0
24.7262,36.47435,37.88826,2214.59622,-0.44554,73.36021,8.065221591711248,3.0045072516641174,0.0
24.73469,36.50565,37.86178,2210.2062,-0.46868,73.37857,8.063245324197839,3.003771040016645,0.0
24.74316,36.53689,37.83402,2205.8228,-0.49205,73.39692,8.062719129161431,3.0035750185205585,0.0
24.7516,36.56807,37.80495,2201.44525,-0.5156,73.41525,8.06364482443895,3.0039198643679423,0.0
24.76001,36.5992,37.77459,2197.07277,-0.53927,73.43356,8.066021108564495,3.0048050927285064,0.0
24.7684,36.63027,37.74292,2192.70459,-0.56301,73.45185,8.069843577485393,3.006229062976751,0.0
24.77676,36.66128,37.70995,2188.33991,-0.58677,73.47013,8.075104739735758,3.008188984344523,0.0
24.7851,36.69224,37.67569,2183.97792,-0.61047,73.4884,8.08179403025973,3.0106809210705276,0.0
24.79341,36.72314,37.64014,2179.6178,-0.63407,73.50664,8.089897823107995,3.0136997971301294,0.0
24.80169,36.75398,37.60333,2175.25875,-0.65751,73.52487,8.099399443316678,3.0172394006605376,0.0
24.80995,36.78476,37.56526,2170.89993,-0.68074,73.54308,8.110279178379441,3.021292388234475,0.0
24.81819,36.81549,37.52596,2166.54052,-0.7037,73.56128,8.122514289757952,3.0258502891481256,0.0
24.8264,36.84617,37.48545,2162.1797,-0.72633,73.57946,8.13607902500138,3.030903509935967,0.0
24.83458,36.87678,37.44374,2157.81664,-0.74858,73.59762,8.150944631046741,3.036441339325499,0.0
24.84274,36.90734,37.40088,2153.45052,-0.77041,73.61576,8.167079369372862,3.0424519538824955,0.0
24.85087,36.93784,37.35689,2149.08052,-0.79175,73.63389,8.184448533721612,3.0489224246126225,0.0
24.85898,36.96829,37.3118,2144.70584,-0.81256,73.652,8.203014471173788,3.055838724812773,0.0
24.86706,36.99867,37.26566,2140.32568,-0.83278,73.67009,8.22273660733545,3.0631857394536257,0.0
24.87512,37.029,37.21849,2135.93925,-0.85238,73.68817,8.243571476531264,3.0709472764274675,0.0
24.88315,37.05927,37.17035,2131.54577,-0.87129,73.70622,8.26547275782018,3.0791060799649808,0.0
24.89116,37.08949,37.12127,2127.14448,-0.88949,73.72426,8.288391317741542,3.087643846559293,0.0
24.89914,37.11965,37.0713,2122.73465,-0.90692,73.74229,8.31227526066402,3.0965412437222746,0.0
24.9071,37.14975,37.02049,2118.31554,-0.92355,73.76029,8.337069987623442,3.105777931903189,0.0
24.91503,37.17979,36.96889,2113.88646,-0.93933,73.77827,8.362718264510328,3.1153325898903343,0.0
24.92293,37.20977,36.91654,2109.44673,-0.95424,73.79624,8.389160300427319,3.1251829440012506,0.0
24.93082,37.23969,36.86351,2104.99569,-0.96822,73.81419,8.416333837053264,3.1353058013731934,0.0
24.93867,37.26956,36.80985,2100.53272,-0.98126,73.83212,8.444174249694045,3.145677087607228,0.0
24.9465,37.29937,36.75561,2096.05721,-0.99332,73.85003,8.472614660748071,3.1562718890371038,0.0
24.95431,37.32912,36.70086,2091.5686,-1.00438,73.86792,8.5015860661491,3.1670644998325406,0.0
24.96209,37.35881,36.64565,2087.06635,-1.01441,73.88579,8.531017475287223,3.1780284741234714,0.0
24.96985,37.38844,36.59003,2082.54996,-1.02339,73.90364,8.560836064805128,3.1891366832932,0.0
24.97758,37.41801,36.53408,2078.01898,-1.0313,73.92148,8.590967346532693,3.200361378538455,0.0
24.98528,37.44752,36.47785,2073.47296,-1.03813,73.93929,8.621335349715308,3.211674258754231,0.0
24.99296,37.47697,36.4214,2068.91153,-1.04386,73.95708,8.651862817469942,3.2230465437188505,0.0
25.00062,37.50636,36.36479,2064.33433,-1.04849,73.97486,8.682471417392206,3.234449052550628,0.0
25.00825,37.53569,36.3081,2059.74107,-1.052,73.99261,8.713081965906346,3.2458522872841495,0.0
25.01585,37.56496,36.25137,2055.13147,-1.0544,74.01034,8.743614665902232,3.2572265213963036,0.0
25.02343,37.59416,36.19466,2050.50533,-1.05568,74.02805,8.77398935696964,3.268541893025135,0.0
25.03099,37.62331,36.13805,2045.86246,-1.05585,74.04574,8.804125777378363,3.2797685025643273,0.0
25.03852,37.65239,36.08158,2041.20275,-1.05492,74.06341,8.833943836760154,3.2908765142444047,0.0
25.04602,37.68142,36.02533,2036.52611,-1.05289,74.08106,8.863363898290633,3.3018362612529146,0.0
25.0535,37.71038,35.96934,2031.83251,-1.04979,74.09869,8.892307068955017,3.3126183538660507,0.0
25.06095,37.73928,35.91367,2027.12197,-1.04562,74.11629,8.920695496383914,3.323193790027795,0.0
25.06838,37.76811,35.85838,2022.39455,-1.04041,74.13387,8.948452670507265,3.3335340677239484,0.0
25.07578,37.79689,35.80352,2017.65037,-1.03418,74.15144,8.975503728194612,3.34361129846865,0.0
25.08316,37.8256,35.74915,2012.88958,-1.02696,74.16897,9.001775758894441,3.3533983211630667,0.0
25.09051,37.85424,35.69531,2008.11239,-1.01877,74.18649,9.027198109199125,3.362868815553855,0.0
25.09784,37.88283,35.64205,2003.31905,-1.00966,74.20398,9.05170268413392,3.3719974144712364,0.0
25.10514,37.91134,35.58942,1998.50987,-0.99967,74.22145,9.075224242972222,3.3807598140279644,0.0
25.11242,37.9398,35.53746,1993.68518,-0.98881,74.2389,9.097700687278643,3.3891328809229484,0.0
25.11967,37.96819,35.48622,1988.84538,-0.97715,74.25632,9.119073338923197,3.3970947560088547,0.0
25.1269,37.99651,35.43573,1983.99091,-0.96473,74.27372,9.139287205793861,3.404624953277023,0.0
25.1341,38.02478,35.38602,1979.12222,-0.95159,74.2911,9.15829123301785,3.4117044534440097,0.0
25.14127,38.05297,35.33713,1974.23985,-0.93778,74.30845,9.176038537549415,3.4183157913417026,0.0
25.14842,38.0811,35.28909,1969.34433,-0.92336,74.32578,9.192486624108167,3.4244431363600416,0.0
25.15554,38.10917,35.24193,1964.43626,-0.90839,74.34308,9.207597580593669,3.430072365244085,0.0
25.16264,38.13716,35.19567,1959.51626,-0.8929,74.36036,9.221338251255984,3.435191126604602,0.0
25.16972,38.1651,35.15033,1954.58498,-0.87698,74.37762,9.23368038606054,3.4397888965604086,0.0
25.17676,38.19296,35.10593,1949.6431,-0.86067,74.39485,9.244600764973105,3.4438570250378024,0.0
25.18379,38.22076,35.06248,1944.69134,-0.84403,74.41206,9.254081296030597,3.4473887723045027,0.0
25.19078,38.2485,35.01999,1939.73042,-0.82713,74.42924,9.26210908636156,3.450379335426663,0.0
25.19776,38.27616,34.97847,1934.7611,-0.81004,74.44639,9.268676485558219,3.4528258644260905,0.0
25.2047,38.30376,34.93793,1929.78416,-0.79281,74.46353,9.27378110106141,3.4547274680115456,0.0
25.21162,38.3313,34.89837,1924.80039,-0.77551,74.48063,9.277425785514158,3.4560852088676133,0.0
25.21852,38.35876,34.85978,1919.81058,-0.7582,74.49771,9.2796185962649,3.4569020885685884,0.0
25.22539,38.38616,34.82215,1914.81557,-0.74095,74.51477,9.280372727496735,3.4571830222948345,0.0
25.23224,38.41349,34.78549,1909.81616,-0.72382,74.5318,9.27970641570875,3.4569348036220915,0.0
25.23906,38.44076,34.74977,1904.81318,-0.70688,74.54881,9.277642819500606,3.4561660597380737,0.0
25.24585,38.46795,34.71498,1899.80746,-0.69019,74.56579,9.27420987486511,3.454887197535141,0.0
25.25262,38.49508,34.68111,1894.79983,-0.6738,74.58274,9.269440127384767,3.4531103410991055,0.0
25.25937,38.52214,34.64813,1889.79112,-0.65779,74.59967,9.263370542906557,3.4508492611805934,0.0
25.26609,38.54914,34.61602,1884.78213,-0.64221,74.61657,9.256042298469714,3.448119297310153,0.0
25.27279,38.57606,34.58474,1879.77368,-0.62713,74.63345,9.247500555352014,3.4449372732520223,0.0
25.27946,38.60292,34.55428,1874.76657,-0.61258,74.6503,9.23779421623846,3.4413214065430697,0.0
25.2861,38.62971,34.5246,1869.76157,-0.59864,74.66713,9.226975668597952,3.4372912128938617,0.0
25.29272,38.65643,34.49566,1864.75945,-0.58536,74.68393,9.215100516393827,3.4328674062437656,0.0
25.29932,38.68309,34.46743,1859.76096,-0.57277,74.7007,9.202227302309758,3.428071795282803,0.0
25.30589,38.70967,34.43988,1854.76682,-0.56094,74.71745,9.188417222629846,3.42292717723697,0.0
25.31244,38.73619,34.41295,1849.77774,-0.54991,74.73418,9.173733836933037,3.4174572297217787,0.0
25.31896,38.76264,34.3866,1844.7944,-0.53971,74.75088,9.158242774683238,3.411686401439351,0.0
25.32546,38.78903,34.3608,1839.81744,-0.5304,74.76755,9.142011440734015,3.405639802471166,0.0
25.33193,38.81534,34.33549,1834.84749,-0.522,74.7842,9.12510872167482,3.3993430948843115,0.0
25.33838,38.84159,34.31063,1829.88514,-0.51455,74.80082,9.107604694846213,3.392822384331991,0.0
25.3448,38.86777,34.28618,1824.93095,-0.50809,74.81742,9.089570341706752,3.386104113275152,0.0
25.3512,38.89389,34.26207,1819.98546,-0.50264,74.83399,9.071077267128015,3.379214956412495,0.0
25.35758,38.91993,34.23826,1815.04916,-0.49822,74.85054,9.052197426012789,3.372181718838557,0.0
25.36393,38.94591,34.2147,1810.12252,-0.49486,74.86706,9.033002858509414,3.3650312374040845,0.0
25.37026,38.97182,34.19134,1805.20595,-0.49257,74.88355,9.013565434925296,3.357790285689606,0.0
25.37657,38.99767,34.16813,1800.29985,-0.49137,74.90003,8.993956611285574,3.3504854829446082,0.0
25.38285,39.02345,34.14501,1795.40458,-0.49128,74.91647,8.974247196326427,3.3431432072864076,0.0
25.3891,39.04916,34.12193,1790.52045,-0.49229,74.9329,8.954507130534408,3.3357895133864908,0.0
25.39534,39.0748,34.09884,1785.64774,-0.49442,74.94929,8.934805277734592,3.3284500548316123,0.0
25.40155,39.10038,34.07568,1780.7867,-0.49766,74.96566,8.915209229555824,3.3211500112819627,0.0
25.40773,39.1259,34.05242,1775.93753,-0.50202,74.98201,8.895785122944712,3.3139140204903206,0.0
25.4139,39.15134,34.02899,1771.1004,-0.50749,74.99834,8.876597470829909,3.3067661152200443,0.0
25.42004,39.17672,34.00534,1766.27545,-0.51407,75.01464,8.85770900586242,3.299729665034231,0.0
25.42615,39.20204,33.98143,1761.46277,-0.52173,75.03091,8.839180537064776,3.2928273228937543,0.0
25.43225,39.22729,33.95721,1756.66241,-0.53047,75.04716,8.821070819147097,3.286080976474063,0.0
25.43832,39.25247,33.93262,1751.87441,-0.54028,75.06339,8.803436434136202,3.2795117040689097,0.0
25.44436,39.27759,33.90763,1747.09874,-0.55112,75.07959,8.786331684895629,3.273139734923758,0.0
25.45039,39.30264,33.88219,1742.33535,-0.56298,75.09577,8.769808500072653,3.2669844138260413,0.0
25.45639,39.32763,33.85626,1737.58417,-0.57584,75.11192,8.753916349913295,3.2610641697440443,0.0
25.46237,39.35255,33.82979,1732.84508,-0.58966,75.12805,8.738702172392827,3.2553964883085675,0.0
25.46832,39.37741,33.80275,1728.11793,-0.60442,75.14416,8.724210309072982,3.2499978879180516,0.0
25.47426,39.4022,33.77509,1723.40254,-0.62008,75.16025,8.710482450028072,3.244883899222113,0.0
25.48017,39.42693,33.74678,1718.69869,-0.63661,75.17631,8.697557587261016,3.240069047767778,0.0
25.48606,39.45159,33.71779,1714.00614,-0.65397,75.19234,8.685471975955588,3.2355668395649353,0.0
25.49192,39.47619,33.68808,1709.32462,-0.67211,75.20836,8.674259102945586,3.231389749340264,0.0
25.49777,39.50072,33.65763,1704.65383,-0.69101,75.22435,8.663949661817556,3.2275492112623514,0.0
25.50359,39.5252,33.6264,1699.99344,-0.71062,75.24031,8.654571534049898,3.224055611915507,0.0
25.50939,39.5496,33.59437,1695.3431,-0.73089,75.25626,8.646149775662883,3.2209182853265443,0.0
25.51517,39.57395,33.56151,1690.70242,-0.75177,75.27218,8.638706608840959,3.218145509843872,0.0
25.52093,39.59823,33.52781,1686.07102,-0.77322,75.28807,8.63226141808348,3.215744506703537,0.0
25.52666,39.62244,33.49325,1681.44846,-0.79519,75.30395,8.626830750414564,3.213721440107398,0.0
25.53237,39.64659,33.4578,1676.8343,-0.81763,75.3198,8.622428319324507,3.212081418691419,0.0
25.53807,39.67068,33.42146,1672.22808,-0.84048,75.33563,8.619065012043372,3.210828498235257,0.0
25.54373,39.69471,33.38421,1667.62931,-0.8637,75.35143,8.616748899930245,3.2099656855325387,0.0
25.54938,39.71867,33.34604,1663.03749,-0.88724,75.36722,8.615485251691874,3.209494943315159,0.0
25.55501,39.74257,33.30695,1658.4521,-0.91103,75.38298,8.615276549298267,3.20941719618225,0.0
25.56061,39.76641,33.26693,1653.87262,-0.93503,75.39871,8.616122506438185,3.2097323374753413,0.0
25.5662,39.79018,33.22599,1649.2985,-0.95918,75.41443,8.61802008947779,3.210439237086009,0.0
25.57176,39.81389,33.18411,1644.72918,-0.98342,75.43012,8.620963540864713,3.2115357501745048,0.0
25.5773,39.83754,33.1413,1640.16411,-1.00771,75.44579,8.624944405050291,3.213018726826474,0.0
25.58282,39.86112,33.09757,1635.60271,-1.03199,75.46143,8.62995155698722,3.214884022669076,0.0
25.58832,39.88464,33.05293,1631.0444,-1.0562,75.47706,8.635971233326542,3.2171265104926903,0.0
25.5938,39.9081,33.00738,1626.4886,-1.08029,75.49266,8.64298706650038,3.2197400929476254,0.0
25.59925,39.9315,32.96094,1621.93471,-1.1042,75.50823,8.650980121879103,3.2227177163861436,0.0
25.60469,39.95483,32.91362,1617.38215,-1.12789,75.52379,8.659928938270603,3.226051385949508,0.0
25.6101,39.9781,32.86543,1612.83032,-1.15131,75.53932,8.669809572010163,3.2297321819926137,0.0
25.6155,40.00131,32.81641,1608.27864,-1.17439,75.55482,8.680595644966866,3.233750277967646,0.0
25.62087,40.02445,32.76655,1603.72651,-1.19709,75.57031,8.6922583967703,3.238094959879894,0.0
25.62622,40.04753,32.7159,1599.17336,-1.21937,75.58577,8.70476674160866,3.2427546474465423,0.0
25.63155,40.07055,32.66447,1594.6186,-1.24117,75.60121,8.718087329941746,3.24771691708639,0.0
25.63686,40.0935,32.61229,1590.06167,-1.26246,75.61662,8.732184615477461,3.25296852687035,0.0
25.64215,40.11639,32.55938,1585.502,-1.28318,75.63201,8.74702092777405,3.2584954435676994,0.0
25.64742,40.13922,32.50578,1580.93904,-1.30329,75.64738,8.762556550774267,3.2642828719021226,0.0
25.65267,40.16199,32.45152,1576.37226,-1.32276,75.66273,8.778749807641997,3.2703152861555838,0.0
25.6579,40.18469,32.39662,1571.80113,-1.34154,75.67805,8.795557152153654,3.276576464214024,0.0
25.6631,40.20733,32.34113,1567.22514,-1.35959,75.69334,8.812933266943975,3.283049524166515,0.0
25.66829,40.2299,32.28508,1562.64379,-1.3769,75.70862,8.830831168811288,3.289716963534229,0.0
25.67346,40.25241,32.2285,1558.05662,-1.39341,75.72387,8.849202321287674,3.296560701205796,0.0
25.6786,40.27486,32.17143,1553.46317,-1.40911,75.73909,8.867996754591555,3.303562122122794,0.0
25.68372,40.29725,32.1139,1548.863,-1.42397,75.75429,8.887163193042579,3.3107021247451454,0.0
25.68883,40.31957,32.05597,1544.25571,-1.43795,75.76947,8.906649189944925,3.3179611712987067,0.0
25.69391,40.34182,31.99766,1539.6409,-1.45105,75.78462,8.92640126988555,3.3253193407850903,0.0
25.69898,40.36401,31.93902,1535.01822,-1.46324,75.79975,8.946365078291302,3.332756384695645,0.0
25.70402,40.38614,31.88008,1530.38733,-1.47451,75.81485,8.966485538059825,3.340251785360578,0.0
25.70904,40.4082,31.82089,1525.74792,-1.48484,75.82993,8.986707012928902,3.3477848168083346,0.0
25.71404,40.4302,31.76149,1521.09971,-1.49423,75.84498,9.006973477230856,3.3553346080035817,0.0
25.71902,40.45214,31.70191,1516.44246,-1.50266,75.86001,9.02722869153406,3.3628802082782885,0.0
25.72398,40.47401,31.6422,1511.77593,-1.51014,75.87502,9.047416383623304,3.3704006547516787,0.0
25.72892,40.49581,31.5824,1507.09994,-1.51667,75.88999,9.067480434167319,3.3778750414962655,0.0
25.73384,40.51755,31.52255,1502.41433,-1.52224,75.90495,9.08736506634665,3.385282590179227,0.0
25.73874,40.53922,31.46268,1497.71898,-1.52686,75.91987,9.107015038613927,3.3926027218706754,0.0
25.74362,40.56083,31.40284,1493.0138,-1.53055,75.93478,9.126375839701172,3.3998151296890087,0.0
25.74848,40.58237,31.34306,1488.29871,-1.53331,75.94965,9.14539388491588,3.4068998519263727,0.0
25.75332,40.60385,31.28338,1483.57371,-1.53517,75.9645,9.164016712670588,3.41383734526109,0.0
25.75814,40.62526,31.22383,1478.83878,-1.53613,75.97932,9.18219318020696,3.420608557670033,0.0
25.76293,40.64661,31.16446,1474.09397,-1.53623,75.99412,9.199873657341096,3.427195000603849,0.0
25.76771,40.66788,31.10529,1469.33936,-1.53548,76.00889,9.217010217075396,3.4335788199948993,0.0
25.77247,40.6891,31.04635,1464.57505,-1.53392,76.02364,9.233556821902635,3.4397428656604205,0.0
25.77721,40.71024,30.98768,1459.80118,-1.53157,76.03836,9.249469504570751,3.4456707586421738,0.0
25.78192,40.73132,30.92931,1455.01792,-1.52848,76.05305,9.264706542137953,3.4513469560465433,0.0
25.78662,40.75233,30.87126,1450.22546,-1.52466,76.06771,9.279228622104615,3.456756812933045,0.0
25.79129,40.77328,30.81356,1445.42405,-1.52017,76.08235,9.292998999481052,3.461886640826202,0.0
25.79595,40.79415,30.75623,1440.61395,-1.51505,76.09696,9.30598364365387,3.466723762427127,0.0
25.80058,40.81497,30.6993,1435.79544,-1.50933,76.11154,9.318151374028496,3.471256562143929,0.0
25.8052,40.83571,30.64278,1430.96885,-1.50307,76.1261,9.329473983397905,3.4754745320498164,0.0
25.80979,40.85638,30.5867,1426.13452,-1.49631,76.14063,9.339926348187724,3.479368312952294,0.0
25.81437,40.87699,30.53106,1421.29283,-1.4891,76.15513,9.349486524699847,3.482929730246443,0.0
25.81892,40.89753,30.4759,1416.44417,-1.4815,76.1696,9.358135830686965,3.486151824303581,0.0
25.82346,40.918,30.4212,1411.58897,-1.47355,76.18405,9.365858911611358,3.4890288751544065,0.0
25.82797,40.93841,30.367,1406.72765,-1.46532,76.19847,9.372643791127148,3.4915564212949612,0.0
25.83247,40.95874,30.31329,1401.86068,-1.45684,76.21286,9.37848190541788,3.493731272478292,0.0
25.83694,40.97901,30.26008,1396.98855,-1.44819,76.22722,9.383368121158643,3.4955515164057998,0.0
25.84139,40.99921,30.20737,1392.11174,-1.43942,76.24155,9.38730073698978,3.4970165192762472,0.0
25.84583,41.01934,30.15517,1387.23076,-1.43059,76.25586,9.390281468568906,3.4981269202172403,0.0
25.85024,41.0394,30.10347,1382.34613,-1.42175,76.27014,9.392315417330073,3.4988846196471886,0.0
25.85464,41.0594,30.05227,1377.45839,-1.41296,76.28439,9.393411023281896,3.49929276169137,0.0
25.85901,41.07932,30.00157,1372.56808,-1.40429,76.29861,9.393580002241096,3.4993557107997764,0.0
25.86336,41.09918,29.95136,1367.67575,-1.39578,76.31281,9.392837268057592,3.4990790227739077,0.0
25.8677,41.11897,29.90162,1362.78195,-1.3875,76.32697,9.391200840480156,3.498469410444312,0.0
25.87201,41.13869,29.85236,1357.88725,-1.37951,76.34111,9.388691739425118,3.4975347042828884,0.0
25.87631,41.15834,29.80355,1352.99219,-1.37185,76.35522,9.385333866478241,3.496283808259222,0.0
25.88058,41.17792,29.75518,1348.09735,-1.36459,76.3693,9.381153874597373,3.4947266513013933,0.0
25.88483,41.19743,29.70723,1343.20328,-1.35778,76.38335,9.37618102697894,3.492874134720031,0.0
25.88907,41.21687,29.65969,1338.31054,-1.35147,76.39737,9.370447046177258,3.4907380760012896,0.0
25.89328,41.23625,29.61253,1333.41967,-1.34571,76.41137,9.363985954566514,3.488331149374737,0.0
25.89748,41.25555,29.56573,1328.53122,-1.34055,76.42534,9.356833907291758,3.4856668235831996,0.0
25.90166,41.27479,29.51928,1323.64573,-1.33603,76.43928,9.349029018854038,3.4827592972811763,0.0
25.90581,41.29396,29.47314,1318.76371,-1.33222,76.45319,9.340611184507042,3.4796234325003677,0.0
25.90995,41.31306,29.42729,1313.88568,-1.32913,76.46707,9.331621897621783,3.476274686613236,0.0
25.91407,41.33209,29.3817,1309.01214,-1.32682,76.48092,9.322104064148705,3.4727290432152444,0.0
25.91817,41.35105,29.33635,1304.14358,-1.32533,76.49475,9.312101815309935,3.469002942347796,0.0
25.92224,41.36994,29.2912,1299.28047,-1.32469,76.50855,9.301660319582243,3.4651132104569444,0.0
25.9263,41.38876,29.24622,1294.42325,-1.32493,76.52232,9.290825595031755,3.4610769904831273,0.0
25.93034,41.40752,29.2014,1289.57237,-1.32609,76.53606,9.279644322932857,3.4569116724293116,0.0
25.93437,41.42621,29.15668,1284.72824,-1.32818,76.54977,9.268163663642632,3.4526348247693766,0.0
25.93837,41.44482,29.11205,1279.89127,-1.33125,76.56346,9.256431075540819,3.44826412699848,0.0
25.94235,41.46337,29.06747,1275.06181,-1.33529,76.57712,9.244494137835849,3.4438173036236446,0.0
25.94632,41.48186,29.0229,1270.24024,-1.34035,76.59075,9.232400377956441,3.4393120598625924,0.0
25.95026,41.50027,28.97832,1265.42688,-1.34643,76.60435,9.22019710413763,3.4347660192776273,0.0
25.95419,41.51861,28.93369,1260.62204,-1.35354,76.61793,9.207931243786188,3.430196663562505,0.0
25.95809,41.53689,28.88897,1255.82601,-1.36169,76.63147,9.195649188089703,3.42562127465523,0.0
25.96198,41.5551,28.84415,1251.03906,-1.3709,76.64499,9.183396643277579,3.4210568793288574,0.0
25.96585,41.57324,28.79917,1246.26141,-1.38116,76.65849,9.171218488890322,3.416520196393077,0.0
25.9697,41.59132,28.75402,1241.4933,-1.39247,76.67195,9.159158643284716,3.4120275865913543,0.0
25.97354,41.60932,28.70865,1236.73489,-1.40483,76.68539,9.147259936615814,3.407595005283374,0.0
25.97735,41.62726,28.66305,1231.98637,-1.41824,76.6988,9.135563991388219,3.403237957947254,0.0
25.98115,41.64513,28.61717,1227.24787,-1.43268,76.71218,9.124111110689638,3.3989714585436057,0.0
25.98493,41.66294,28.57098,1222.51951,-1.44815,76.72554,9.11294017409944,3.3948099907387252,0.0
25.98869,41.68067,28.52447,1217.80138,-1.46463,76.73887,9.102088541270433,3.390767471986277,0.0
25.99243,41.69834,28.47759,1213.09355,-1.4821,76.75217,9.091591963110075,3.3868572204399503,0.0
25.99615,41.71595,28.43033,1208.39605,-1.50054,76.76545,9.081484500436243,3.3830919246506,0.0
25.99986,41.73348,28.38265,1203.70891,-1.51994,76.7787,9.071798449996987,3.379483616006651,0.0
26.00354,41.75095,28.33454,1199.03212,-1.54026,76.79192,9.06256427767854,3.3760436438523342,0.0
26.00721,41.76836,28.28596,1194.36565,-1.56147,76.80512,9.053810558702322,3.3727826532094842,0.0
26.01086,41.78569,28.23689,1189.70946,-1.58356,76.81829,9.045563924638657,3.3697105650387673,0.0
26.0145,41.80296,28.18732,1185.06347,-1.60647,76.83143,9.037849016992126,3.366836558948998,0.0
26.01811,41.82017,28.13722,1180.42758,-1.6302,76.84455,9.03068844715319,3.3641690582780637,0.0
26.02171,41.83731,28.08657,1175.80168,-1.65468,76.85764,9.024102762497515,3.3617157174640324,0.0
26.02529,41.85438,28.03536,1171.18563,-1.67989,76.8707,9.018110418406348,3.3594834116220103,0.0
26.02885,41.87139,27.98356,1166.57928,-1.70579,76.88374,9.012727755984175,3.357478228243379,0.0
26.0324,41.88833,27.93118,1161.98245,-1.73234,76.89675,9.007968985284425,3.35570546094693,0.0
26.03593,41.90521,27.87818,1157.39495,-1.75948,76.90974,9.003846173824256,3.3541696052003176,0.0
26.03944,41.92202,27.82456,1152.81656,-1.78719,76.9227,9.000369240229855,3.352874355952775,0.0
26.04293,41.93876,27.77032,1148.24707,-1.81541,76.93563,8.997545952809677,3.3518226071035957,0.0
26.0464,41.95544,27.71543,1143.68623,-1.84409,76.94854,8.99538193295127,3.3510164527675497,0.0
26.04986,41.97206,27.6599,1139.13379,-1.8732,76.96142,8.993880663161494,3.350457190270073,0.0
26.0533,41.98861,27.60372,1134.58947,-1.90268,76.97428,8.99304349966265,3.350145324839656,0.0
26.05673,42.00509,27.54689,1130.05299,-1.93248,76.98711,8.992869689438653,3.350080575957995,0.0
26.06014,42.02151,27.4894,1125.52406,-1.96255,76.99992,8.993356391663358,3.350261885342604,0.0
26.06353,42.03787,27.43126,1121.00237,-1.99285,77.0127,8.99449870343461,3.350687426533427,0.0
26.0669,42.05416,27.37245,1116.48761,-2.02332,77.02545,8.996289689782698,3.3513546160717764,0.0
26.07026,42.07038,27.313,1111.97946,-2.05392,77.03818,8.998720417917017,3.3522601262581166,0.0
26.0736,42.08655,27.2529,1107.4776,-2.0846,77.05088,9.001779995710967,3.3533998994887,0.0
26.07692,42.10264,27.19215,1102.98168,-2.1153,77.06356,9.005455614416311,3.354769164167789,0.0
26.08023,42.11868,27.13076,1098.49137,-2.14598,77.07621,9.009732595599058,3.3563624521925104,0.0
26.08351,42.13465,27.06875,1094.00632,-2.1766,77.08884,9.014594442351473,3.358173618030672,0.0
26.08679,42.15055,27.00612,1089.52619,-2.2071,77.10144,9.020022894754636,3.3601958593820282,0.0
26.09004,42.16639,26.94287,1085.05064,-2.23744,77.11401,9.025997989656855,3.362421739447313,0.0
26.09328,42.18217,26.87904,1080.57931,-2.26758,77.12656,9.032498124744878,3.3648432107964497,0.0
26.09651,42.19788,26.81462,1076.11187,-2.29747,77.13909,9.039500126972499,3.367451640860005,0.0
26.09971,42.21353,26.74962,1071.64798,-2.32707,77.15159,9.04697932530753,3.370237839029356,0.0
26.1029,42.22911,26.68408,1067.18728,-2.35633,77.16406,9.054909627830424,3.3731920853779505,0.0
26.10608,42.24463,26.618,1062.72946,-2.38523,77.17651,9.063263603143964,3.3763041609885645,0.0
26.10924,42.26009,26.5514,1058.27418,-2.41372,77.18893,9.072012566078893,3.3795633798808953,0.0
26.11238,42.27548,26.4843,1053.82112,-2.44178,77.20133,9.081126667617683,3.3829586225105377,0.0
26.1155,42.29081,26.41672,1049.36998,-2.46935,77.2137,9.090574988972898,3.3864783708156523,0.0
26.11861,42.30607,26.34867,1044.92044,-2.49643,77.22604,9.100325639715946,3.3901107447724987,0.0
26.1217,42.32127,26.28018,1040.47222,-2.52297,77.23836,9.110345859798608,3.3938435404011487,0.0
26.12478,42.33641,26.21127,1036.02504,-2.54895,77.25066,9.12060212532163,3.397664269167062,0.0
26.12784,42.35149,26.14196,1031.57863,-2.57435,77.26292,9.131060257839716,3.4015601987000754,0.0
26.13089,42.36649,26.07228,1027.13273,-2.59915,77.27517,9.141685536982841,3.40551839474881,0.0
26.13391,42.38144,26.00224,1022.68712,-2.62333,77.28738,9.152442816075286,3.409525764251793,0.0
26.13693,42.39632,25.93186,1018.24155,-2.64688,77.29957,9.163296640502455,3.4135690994322214,0.0
26.13992,42.41114,25.86117,1013.79584,-2.66977,77.31174,9.174211368430075,3.4176351227690347,0.0
26.1429,42.42589,25.7902,1009.34978,-2.69201,77.32388,9.185151293522587,3.421710532712749,0.0
26.14587,42.44058,25.71896,1004.9032,-2.71359,77.33599,9.196080769222283,3.4257820499826983,0.0
26.14882,42.45521,25.64748,1000.45595,-2.73449,77.34808,9.206964334124502,3.429836464272603,0.0
26.15175,42.46977,25.57578,996.00791,-2.75473,77.36014,9.217766838001733,3.4338606811978547,0.0
