0.05175,0.05175,51.29876,5466.97202,-0.45314,45.0001,7.453793041473539,2.7767340290471934,0.0
0.10346,0.10346,51.23732,5462.90028,-0.40548,45.00026,7.5072796726866295,2.796659206492035,0.0
0.15513,0.15513,51.18281,5458.78847,-0.3571,45.00046,7.553683612447735,2.8139458950141836,0.0
0.20677,0.20677,51.13528,5454.64044,-0.30814,45.00071,7.592791454384378,2.8285145951248336,0.0
0.25836,0.25837,51.09482,5450.4602,-0.25871,45.00102,7.6244274851298535,2.8402998489715894,0.0
0.30992,0.30992,51.06146,5446.25184,-0.20891,45.00137,7.648455630713706,2.849250965420134,0.0
0.36143,0.36144,51.03525,5442.01957,-0.15888,45.00178,7.66478094609514,2.855332574944617,0.0
0.41291,0.41292,51.01619,5437.76768,-0.10874,45.00223,7.673350618729629,2.8585250034826215,0.0
0.46434,0.46437,51.00429,5433.50047,-0.05861,45.00273,7.674154467087149,2.8588244581463216,0.0
0.51574,0.51577,50.99951,5429.22231,-0.0086,45.00328,7.667224925655209,2.8562430216357155,0.0
0.56709,0.56713,51.00183,5424.93754,0.04115,45.00389,7.652636518773606,2.8508084562282323,0.0
0.6184,0.61845,51.01118,5420.6505,0.09053,45.00454,7.630504836362686,2.8425638222105536,0.0
0.66967,0.66973,51.02749,5416.36546,0.13941,45.00524,7.6009850348132755,2.831566919420674,0.0
0.7209,0.72098,51.05068,5412.08665,0.18769,45.00598,7.564269895799532,2.8178895641046067,0.0
0.77209,0.77218,51.08064,5407.81818,0.23525,45.00678,7.5205874841036415,2.8016167163944634,0.0
0.82324,0.82334,51.11725,5403.56408,0.28198,45.00763,7.4701984526540235,2.78284547636427,0.0
0.87434,0.87447,51.16038,5399.32824,0.32777,45.00852,7.413393048554466,2.761683968697049,0.0
0.9254,0.92555,51.20986,5395.11441,0.37252,45.00947,7.350487877872438,2.73825013748334,0.0
0.97643,0.9766,51.26555,5390.92617,0.41615,45.01046,7.281822489321361,2.712670473552958,0.0
1.02741,1.02761,51.32727,5386.76695,0.45855,45.01151,7.207755837701449,2.6850786970136484,0.0
1.07835,1.07858,51.39482,5382.63997,0.49965,45.0126,7.1286626871199115,2.655614417355987,0.0
1.12923,1.12953,51.46753,5378.54906,0.53254,45.05246,7.045408195202597,2.6245999285592676,19.99999965883678
1.18004,1.18048,51.54473,5374.49747,0.56408,45.09194,6.958834381694291,2.592348905133297,19.99999965883678
1.23077,1.23142,51.6262,5370.48731,0.59421,45.13102,6.869286954817539,2.5589901324871045,19.99999965883678
1.28143,1.28236,51.71175,5366.52049,0.62289,45.16968,6.777110639966747,2.524652029900375,19.99999965883678
1.33202,1.33329,51.80115,5362.59878,0.65009,45.20791,6.682646313138396,2.4894615826507875,19.99999965883678
1.38254,1.38423,51.8942,5358.72373,0.67576,45.24569,6.586228963060307,2.4535435828535386,19.99999965883678
1.43298,1.43515,51.99068,5354.89673,0.69989,45.28302,6.488185850096482,2.417019943604956,19.99999965883678
1.48336,1.48608,52.09036,5351.119,0.72245,45.31988,6.38883486987104,2.3800090893893637,19.99999965883678
1.53367,1.537,52.19302,5347.39158,0.74341,45.35628,6.288483125558356,2.342625424219585,19.99999965883678
1.5839,1.58792,52.29843,5343.71536,0.76278,45.39219,6.187425709023412,2.3049788775796607,19.99999965883678
1.63408,1.63884,52.40636,5340.09104,0.78053,45.42762,6.085944687721189,2.2671745270182124,19.99999965883678
1.68418,1.68975,52.51658,5336.51921,0.79666,45.46258,5.984308291321329,2.2293122951447306,19.99999965883678
1.73422,1.74066,52.62888,5333.00029,0.81118,45.49704,5.882770289549983,2.191486717859288,19.99999965883678
1.7842,1.79156,52.74301,5329.53457,0.82408,45.53102,5.781569550734152,2.153786779898697,19.99999965883678
1.83411,1.84247,52.85876,5326.12219,0.83537,45.56452,5.680929768923266,2.116295813182116,19.99999965883678
1.88397,1.89337,52.97589,5322.76321,0.84506,45.59754,5.581059346267105,2.079091452993727,19.99999965883678
1.93376,1.94426,53.09419,5319.45753,0.85316,45.63008,5.4821514165687,2.042245646756816,19.99999965883678
1.98349,1.99516,53.21343,5316.20496,0.85968,45.66216,5.384383995468118,2.005824709981181,19.99999965883678
2.03316,2.04605,53.33341,5313.00523,0.86466,45.69376,5.287920242576679,1.9698894239150275,19.99999965883678
2.08277,2.09694,53.45389,5309.85794,0.8681,45.72491,5.192908821069139,1.9344951695025148,19.99999965883678
2.13232,2.14782,53.57468,5306.76264,0.87002,45.75561,5.099484340570573,1.8996920923707754,19.99999965883678
2.18182,2.1987,53.69556,5303.71878,0.87047,45.78587,5.007767869797789,1.8655252938023308,19.99999965883678
2.23126,2.24959,53.81633,5300.72575,0.86945,45.81569,4.917867506101177,1.832035042904413,19.99999965883678
2.28065,2.30047,53.9368,5297.78287,0.867,45.84509,4.829878989909139,1.799257005505685,19.99999965883678
2.32998,2.35134,54.05676,5294.88941,0.86314,45.87408,4.743886352996276,1.7672224856531933,19.99999965883678
2.37926,2.40222,54.17602,5292.04458,0.85792,45.90267,4.6599625904700686,1.7359586759450927,19.99999965883678
2.42849,2.45309,54.29441,5289.24755,0.85136,45.93086,4.578170347349912,1.7054889132993964,19.99999965883678
2.47766,2.50396,54.41173,5286.49745,0.84349,45.95868,4.498562611642898,1.675832937142945,19.99999965883678
2.52679,2.55483,54.52782,5283.79338,0.83434,45.98612,4.421183406755223,1.6470071473528722,19.99999965883678
2.57586,2.6057,54.6425,5281.13438,0.82396,46.01321,4.346068477069121,1.6190248596520518,19.99999965883678
2.62489,2.65657,54.7556,5278.51951,0.81237,46.03996,4.273245961387578,1.5918965564849723,19.99999965883678
2.67387,2.70744,54.86696,5275.94776,0.79962,46.06638,4.202737049807919,1.5656301317204315,19.99999965883678
2.7228,2.7583,54.97643,5273.41814,0.78573,46.09247,4.134556620379263,1.540231127823193,19.99999965883678
2.77168,2.80917,55.08386,5270.92962,0.77075,46.11826,4.068713852602722,1.5157029643989466,19.99999965883678
2.82052,2.86003,55.18909,5268.48116,0.7547,46.14376,4.005212815514453,1.4920471572707237,19.99999965883678
2.86931,2.9109,55.29199,5266.07172,0.73763,46.16897,3.9440530286584656,1.469263527456028,19.99999965883678
2.91806,2.96176,55.39243,5263.70025,0.71957,46.19392,3.8852299948013176,1.4473503996170705,19.99999965883678
2.96676,3.01263,55.49026,5261.36569,0.70055,46.21861,3.828735703678737,1.426304789719649,19.99999965883678
3.01542,3.06349,55.58537,5259.06698,0.68062,46.24306,3.7745591064916306,1.4061225817953888,19.99999965883678
3.06404,3.11436,55.67764,5256.80305,0.65981,46.26728,3.7226865611789894,1.3867986938176207,19.99999965883678
3.11261,3.16522,55.76694,5254.57283,0.63815,46.29128,3.6731022488140916,1.3683272328199192,19.99999965883678
3.16114,3.21609,55.85317,5252.37526,0.61568,46.31507,3.6257885616959618,1.3507016394703848,19.99999965883678
3.20963,3.26696,55.93623,5250.20928,0.59244,46.33867,3.5807264639028427,1.3339148223872974,19.99999965883678
3.25808,3.31783,56.016,5248.07383,0.56845,46.36209,3.5378958252344996,1.317959282541412,19.99999965883678
3.30648,3.3687,56.0924,5245.96784,0.54376,46.38535,3.497275729593508,1.3028272281361029,19.99999965883678
3.35485,3.41957,56.16533,5243.89027,0.5184,46.40844,3.458844758935903,1.2885106803864497,19.99999965883678
3.40318,3.47044,56.2347,5241.84006,0.49239,46.43139,3.422581253977554,1.275001570639225,19.99999965883678
3.45147,3.52131,56.30044,5239.81615,0.46578,46.45421,3.3884635528973197,1.2622918292960952,19.99999965883678
3.49972,3.57219,56.36247,5237.81752,0.4386,46.47691,3.356470209265346,1.2503734669976514,19.99999965883678
3.54793,3.62307,56.4207,5235.84311,0.41088,46.4995,3.3265801904403243,1.2392386485316036,19.99999965883678
3.5961,3.67395,56.47509,5233.89188,0.38266,46.52199,3.2987730576514,1.2288797599180319,19.99999965883678
3.64423,3.72483,56.52555,5231.96281,0.35396,46.5444,3.2730291289490765,1.2192894691128857,19.99999965883678
3.69233,3.77572,56.57203,5230.05486,0.32481,46.56673,3.249329626165881,1.2104607807546983,19.99999965883678
3.74039,3.82661,56.61448,5228.167,0.29526,46.589,3.227656806977724,1.2023870853609169,19.99999965883678
3.78841,3.8775,56.65284,5226.2982,0.26533,46.61121,3.2079940830880607,1.195062203354615,19.99999965883678
3.8364,3.92839,56.68707,5224.44744,0.23505,46.63339,3.1903261255095985,1.1884804242846962,19.99999965883678
3.88434,3.97929,56.71713,5222.61369,0.20445,46.65554,3.1746389578286007,1.1826365415693014,19.99999965883678
3.93226,4.03019,56.74297,5220.79591,0.17357,46.67766,3.1609200382797886,1.1775258830708712,19.99999965883678
3.98013,4.0811,56.76456,5218.99309,0.14243,46.69978,3.14915833136735,1.1731443377768538,19.99999965883678
4.02797,4.13201,56.78188,5217.20419,0.11106,46.7219,3.1393443697160066,1.1694883788408565,19.99999965883678
4.07577,4.18292,56.79489,5215.42818,0.0795,46.74404,3.1314703067209977,1.1665550831961493,19.99999965883678
4.12354,4.23384,56.80358,5213.66402,0.04777,46.7662,3.125529960519573,1.1643421479362033,19.99999965883678
4.17127,4.28476,56.80793,5211.91068,0.01591,46.7884,3.1215188497020256,1.1628479036179897,19.99999965883678
4.21897,4.33569,56.80792,5210.16709,-0.01605,46.81064,3.1194342211130923,1.1620713246187329,19.99999965883678
4.26663,4.38662,56.80355,5208.43222,-0.04809,46.83294,3.1192750700071725,1.1620120366442601,19.99999965883678
4.31425,4.43756,56.7948,5206.705,-0.08018,46.85531,3.1210421527360324,1.162670321455505,19.99999965883678
4.36184,4.4885,56.78169,5204.98435,-0.11228,46.87776,3.1247379920699405,1.1640471188507713,19.99999965883678
4.4094,4.53945,56.7642,5203.26921,-0.14436,46.9003,3.1303668751755676,1.1661440259124454,19.99999965883678
4.45692,4.5904,56.74236,5201.55848,-0.1764,46.92294,3.1379348441777837,1.1689632934910197,19.99999965883678
4.5044,4.64136,56.71616,5199.85106,-0.20837,46.94569,3.1474496791658106,1.1725078198744354,19.99999965883678
4.55184,4.69232,56.68563,5198.14584,-0.24023,46.96856,3.1589208734144854,1.1767811415573526,19.99999965883678
4.59926,4.74329,56.65079,5196.44169,-0.27195,46.99157,3.1723596005051755,1.181787420992825,19.99999965883678
4.64663,4.79426,56.61165,5194.73747,-0.30351,47.01472,3.1877786729578426,1.1875314311816563,19.99999965883678
4.69397,4.84524,56.56825,5193.03203,-0.33486,47.03803,3.2051924918972796,1.1940185369217486,19.99999965883678
4.74127,4.89623,56.52061,5191.32419,-0.36599,47.06151,3.224616987199715,1.2012546725111366,19.99999965883678
4.78854,4.94722,56.46878,5189.61276,-0.39686,47.08516,3.2460695474809937,1.209246315666745,19.99999965883678
4.83577,4.99822,56.41279,5187.89653,-0.42744,47.10901,3.2695689392090643,1.2180004573916596,19.99999965883678
4.88296,5.04923,56.35268,5186.17428,-0.45769,47.13306,3.295135214151819,1.2275245674970148,19.99999965883678
4.93012,5.10025,56.28852,5184.44477,-0.48759,47.15732,3.322789604283698,1.2378265554519357,19.99999965883678
4.97724,5.15127,56.22034,5182.70671,-0.5171,47.18181,3.3525544032204584,1.248914726214873,19.99999965883678
5.02432,5.20229,56.14822,5180.95884,-0.54619,47.20653,3.3844528331607657,1.2607977306658416,19.99999965883678
5.07137,5.25333,56.0722,5179.19983,-0.57482,47.23151,3.4185088962739227,1.2734845102444425,19.99999965883678
5.11837,5.30437,55.99236,5177.42836,-0.60296,47.25675,3.4547472094047658,1.2869842353730845,19.99999965883678
5.16534,5.35542,55.90877,5175.64307,-0.63058,47.28227,3.4931928209117316,1.3013062372243482,19.99999965883678
5.21227,5.40648,55.82151,5173.84259,-0.65765,47.30808,3.533871008443874,1.316459932387601,19.99999965883678
5.25916,5.45755,55.73065,5172.02551,-0.68412,47.33418,3.576807056408614,1.3324547399698794,19.99999965883678
5.30601,5.50862,55.63628,5170.19042,-0.70996,47.3606,3.6220260118878573,1.3492999906682221,19.99999965883678
5.35282,5.5597,55.53849,5168.33587,-0.73515,47.38735,3.669552417776263,1.3670048273566522,19.99999965883678
5.3996,5.61079,55.43737,5166.4604,-0.75963,47.41444,3.7194100219170494,1.3855780967316114,19.99999965883678
5.44633,5.66189,55.33304,5164.5625,-0.78338,47.44188,3.7716214610936354,1.4050282315905336,19.99999965883678
5.49301,5.71299,55.22558,5162.64068,-0.80636,47.46969,3.826207918802224,1.425363123343125,19.99999965883678
5.53966,5.76411,55.11511,5160.69341,-0.82853,47.49788,3.8831887558311307,1.4465899843924461,19.99999965883678
5.58627,5.81523,55.00175,5158.71912,-0.84985,47.52647,3.942581112842171,1.4687152000860217,19.99999965883678
5.63283,5.86636,54.88561,5156.71625,-0.87029,47.55546,4.0043994843149235,1.4917441699988674,19.99999965883678
5.67935,5.9175,54.76682,5154.68321,-0.88981,47.58488,4.0686552634599025,1.515681138401673,19.99999965883678
5.72582,5.96865,54.6455,5152.6184,-0.90837,47.61474,4.135356257967749,1.540529013864635,19.99999965883678
5.77225,6.01981,54.5218,5150.52021,-0.92593,47.64505,4.204506176802316,1.5662891780743777,19.99999965883678
5.81863,6.07097,54.39586,5148.38702,-0.94246,47.67583,4.2761040886282204,1.592961284083965,19.99999965883678
5.86497,6.12215,54.26781,5146.21718,-0.95791,47.70708,4.350143852892681,1.6205430443759192,19.99999965883678
5.91126,6.17333,54.1378,5144.00907,-0.97225,47.73884,4.426613525118837,1.6490300093183314,19.99999965883678
5.9575,6.22452,54.00601,5141.76104,-0.98544,47.7711,4.505494738485519,1.6784153367870558,19.99999965883678
6.0037,6.27573,53.87257,5139.47147,-0.99745,47.80388,4.586762064444306,1.7086895539787401,19.99999965883678
6.04984,6.32694,53.73766,5137.13871,-1.00823,47.8372,4.670382355802447,1.7398403126919293,19.99999965883678
6.09594,6.37816,53.60145,5134.76116,-1.01775,47.87107,4.756314076449302,1.7718521396325289,19.99999965883678
6.14198,6.42938,53.4641,5132.33721,-1.02598,47.90551,4.84450662271577,1.8047061836023373,19.99999965883678
6.18797,6.48062,53.32581,5129.86528,-1.03288,47.94052,4.93489964223928,1.8383799617583294,19.99999965883678
6.23391,6.53187,53.18675,5127.34383,-1.03841,47.97613,5.027422357077896,1.8728471074548545,19.99999965883678
6.2798,6.58312,53.04711,5124.77133,-1.04254,48.01233,5.121992898759066,1.9080771225317985,19.99999965883678
6.32563,6.63439,52.90708,5122.14631,-1.04525,48.04916,5.218517663905558,1.9440351372682887,19.99999965883678
6.3714,6.68566,52.76686,5119.46735,-1.04649,48.08661,5.316890699982376,1.9806816815572599,19.99999965883678
6.41712,6.73694,52.62665,5116.73307,-1.04625,48.12469,5.416993131650869,2.017972471207267,19.99999965883678
6.46278,6.78823,52.48664,5113.94215,-1.0445,48.16343,5.518692639044351,2.0558582135864234,19.99999965883678
6.50838,6.83953,52.34705,5111.09337,-1.04121,48.20282,5.621843000059574,2.0942844371139353,19.99999965883678
6.55392,6.89084,52.20808,5108.18557,-1.03636,48.24288,5.726283709410684,2.133191349347673,19.99999965883678
6.5994,6.94216,52.06995,5105.21767,-1.02992,48.28361,5.831839687697827,2.172513728604575,19.99999965883678
6.64482,6.99349,51.93286,5102.1887,-1.0219,48.32502,5.9383210940490505,2.212180854164824,19.99999965883678
6.69018,7.04482,51.79703,5099.09779,-1.01226,48.36712,6.045523256014759,2.2521164801556908,19.99999965883678
6.73547,7.09616,51.66268,5095.94421,-1.00101,48.40991,6.153226730189464,2.292238858134726,19.99999965883678
6.78069,7.14752,51.53003,5092.72731,-0.98813,48.45339,6.2611975066074,2.3324608132325113,19.99999965883678
6.82585,7.19888,51.39928,5089.4466,-0.97362,48.49757,6.369187369150301,2.372689878414031,19.99999965883678
6.87094,7.25024,51.27066,5086.10175,-0.95749,48.54245,6.476934423042244,2.4128284909843902,19.99999965883678
6.91596,7.30162,51.14438,5082.69253,-0.93973,48.58801,6.584163799011123,2.452774254907481,19.99999965883678
6.96091,7.353,51.02065,5079.21893,-0.92036,48.63427,6.69058854175048,2.492420271781401,19.99999965883678
7.00579,7.40439,50.89969,5075.68105,-0.8994,48.68122,6.7959106880216575,2.5316555424598643,19.99999965883678
7.0506,7.45579,50.7817,5072.07921,-0.87685,48.72885,6.899822537021983,2.5703654402977816,19.99999965883678
7.09533,7.50719,50.6669,5068.41387,-0.85275,48.77715,7.002008112629114,2.6084322558757473,19.99999965883678
7.13999,7.55861,50.55547,5064.68571,-0.82713,48.82611,7.102144813721607,2.645735811787877,19.99999965883678
7.18457,7.61002,50.44763,5060.89558,-0.80001,48.87572,7.199905245169732,2.682154144734063,19.99999965883678
7.22908,7.66145,50.34355,5057.04451,-0.77144,48.92597,7.294959218240644,2.7175642507235303,19.99999965883678
7.2735,7.71288,50.24343,5053.13377,-0.74147,48.97685,7.386975905214003,2.751842887725853,19.99999965883678
7.31785,7.76432,50.14744,5049.16478,-0.71013,49.02833,7.475626129080595,2.784867428643929,19.99999965883678
7.36212,7.81576,50.05575,5045.13918,-0.6775,49.08039,7.560584765275781,2.81651675602289,19.99999965883678
7.40631,7.86721,49.96852,5041.0588,-0.64362,49.13301,7.6415332288078845,2.8466721885708597,19.99999965883678
7.45041,7.91867,49.88592,5036.92565,-0.60857,49.18618,7.71816201677819,2.8752184283145543,19.99999965883678
7.49443,7.97012,49.80807,5032.74196,-0.57242,49.23986,7.79017327343927,2.9020445161510025,19.99999965883678
7.53837,8.02159,49.73512,5028.51011,-0.53523,49.29403,7.857283342661092,2.9270447827083235,19.99999965883678
7.58222,8.07306,49.66719,5024.23265,-0.4971,49.34866,7.9192252709907685,2.9501197808013497,19.99999965883678
7.62599,8.12453,49.60439,5019.91233,-0.45809,49.40372,7.975751223714925,2.9711771854784255,19.99999965883678
7.66967,8.17601,49.54682,5015.55201,-0.41831,49.45918,8.0266347762172,2.9901326476123655,19.99999965883678
7.71326,8.22749,49.49456,5011.15473,-0.37785,49.515,8.071673043826774,3.0069105873250725,19.99999965883678
7.75677,8.27897,49.4477,5006.72364,-0.33679,49.57115,8.110688615086882,3.0214449141809254,19.99999965883678
7.80019,8.33046,49.40629,5002.26201,-0.29524,49.6276,8.14353125596391,3.033679662049508,19.99999965883678
7.84351,8.38195,49.37038,4997.77322,-0.2533,49.68431,8.170079356019631,3.0435695278428154,19.99999965883678
7.88675,8.43345,49.34002,4993.26071,-0.21106,49.74124,8.19024109174477,3.0510803048876243,19.99999965883678
7.9299,8.48494,49.31521,4988.72802,-0.16864,49.79836,8.203955287166265,3.0561892035243288,19.99999965883678
7.97296,8.53644,49.29597,4984.17873,-0.12613,49.85562,8.211191957241587,3.058885053535636,19.99999965883678
8.01593,8.58794,49.28229,4979.61644,-0.08364,49.91299,8.211952525321632,3.059168385157203,19.99999965883678
8.05881,8.63944,49.27415,4975.04478,-0.04128,49.97044,8.206269712020319,3.057051387678647,19.99999965883678
8.1016,8.69095,49.27152,4970.46739,0.00085,50.02792,8.19420709885143,3.0525577468867824,19.99999965883678
8.1443,8.74245,49.27435,4965.88788,0.04265,50.0854,8.175858375958818,3.0457223648253278,19.99999965883678
8.18693,8.79394,49.28314,4961.30886,0.09253,50.09448,8.150708502187443,3.036353375112487,0.0
8.22951,8.84539,49.29836,4956.73338,0.14183,50.1036,8.118287130009598,3.024275560918597,0.0
8.27205,8.89681,49.31991,4952.16561,0.19042,50.11275,8.078803895418883,3.0095670171671305,0.0
8.31453,8.94819,49.34769,4947.60962,0.23818,50.12194,8.032502308298735,2.992318457696798,0.0
8.35697,8.99954,49.38157,4943.06937,0.28499,50.13117,7.979656772913556,2.9726321053160993,0.0
8.39936,9.05085,49.4214,4938.5487,0.33074,50.14043,7.920569519832759,2.9506205488643067,0.0
8.44171,9.10213,49.46704,4934.05127,0.37533,50.14972,7.855567331354002,2.926405523345458,0.0
8.48401,9.15337,49.51831,4929.58061,0.41865,50.15905,7.784998119597527,2.90011663517846,0.0
8.52626,9.20458,49.57504,4925.14007,0.46061,50.16842,7.709227416307072,2.871890054555576,0.0
8.56846,9.25575,49.63703,4920.73279,0.50112,50.17782,7.628634831903751,2.8418671963468216,0.0
8.61062,9.30689,49.70408,4916.36174,0.54009,50.18726,7.543610538481371,2.810193409923186,0.0
8.65273,9.358,49.77598,4912.02969,0.57746,50.19673,7.454551827471185,2.777016696796177,0.0
8.69479,9.40907,49.85252,4907.7392,0.61314,50.20624,7.361859787842111,2.7424864731600027,0.0
8.73681,9.46012,49.93346,4903.49262,0.64709,50.21579,7.265936145113877,2.706752392340796,0.0
8.77878,9.51112,50.01858,4899.29208,0.67924,50.22537,7.167180295394204,2.6699632398974282,0.0
8.82071,9.5621,50.10762,4895.13953,0.70955,50.23499,7.065986562337798,2.632265911766556,0.0
8.86259,9.61305,50.20035,4891.03669,0.73797,50.24465,6.962741698517482,2.5938044834576295,0.0
8.90443,9.66396,50.29652,4886.98508,0.76447,50.25435,6.857822646471342,2.5547193759840385,0.0
8.94623,9.71485,50.39588,4882.98602,0.78903,50.26408,6.751594568644019,2.5151466219644165,0.0
8.98798,9.76571,50.49816,4879.04065,0.81162,50.27385,6.644409149935815,2.475217233277513,0.0
9.02969,9.81653,50.60313,4875.1499,0.83223,50.28366,6.536603171439114,2.4350566697414817,0.0
9.07135,9.86733,50.71051,4871.31454,0.85084,50.2935,6.428497349523315,2.394784406642483,0.0
9.11298,9.9181,50.82005,4867.53515,0.86745,50.30339,6.320395430539029,2.3545135974881637,0.0
9.15456,9.96885,50.9315,4863.81215,0.88207,50.31331,6.212583528234638,2.314350827177904,0.0
9.1961,10.01957,51.04459,4860.14581,0.8947,50.32328,6.105329688413063,2.2743959498260007,0.0
9.2376,10.07026,51.15908,4856.53626,0.90535,50.33328,5.998883663434303,2.2347420047579343,0.0
9.27906,10.12093,51.27472,4852.98347,0.91403,50.34332,5.8934768778221125,2.195475203697948,0.0
9.32048,10.17157,51.39125,4849.4873,0.92076,50.3534,5.789322565440311,2.1566749818708355,0.0
9.36186,10.22219,51.50842,4846.04748,0.92557,50.36353,5.686616058373309,2.118414105617536,0.0
9.40321,10.27279,51.62601,4842.66364,0.92849,50.37369,5.58553520775757,2.0807588291659287,0.0
9.44451,10.32336,51.74376,4839.33529,0.92954,50.3839,5.486240917270538,2.0437690933694905,0.0
9.48578,10.37391,51.86145,4836.06188,0.92875,50.39414,5.3888777707223205,2.007498759501715,0.0
9.52701,10.42444,51.97885,4832.84273,0.92616,50.40443,5.2935747362034675,1.971995871569688,0.0
9.5682,10.47495,52.09573,4829.67713,0.9218,50.41476,5.200445930394818,1.937302941039612,0.0
9.60936,10.52544,52.21188,4826.56426,0.91572,50.42513,5.1095914279305426,1.903457248345838,0.0
9.65048,10.57591,52.32707,4823.50326,0.90796,50.43555,5.021098102080295,1.8704911560670845,0.0
9.69156,10.62636,52.44111,4820.49322,0.89855,50.446,4.935040484405245,1.8384324291709313,0.0
9.73261,10.6768,52.55379,4817.53316,0.88755,50.4565,4.8514816324579675,1.807304558254858,0.0
9.77362,10.72721,52.66492,4814.62206,0.87499,50.46705,4.770473995961717,1.7771270822208087,0.0
9.8146,10.77761,52.7743,4811.75889,0.86092,50.47763,4.692060273237173,1.7479159073167,0.0
9.85555,10.82799,52.88175,4808.94255,0.84538,50.48826,4.61627425090286,1.7196836199469108,0.0
9.89646,10.87836,52.9871,4806.17193,0.82843,50.49894,4.543141621038292,1.6924397910870592,0.0
9.93734,10.92871,53.09016,4803.4459,0.81011,50.50966,4.472680771114693,1.6661912705539794,0.0
9.97819,10.97905,53.19079,4800.7633,0.79048,50.52042,4.404903542955247,1.6409424697383848,0.0
10.019,11.02937,53.2888,4798.12295,0.76956,50.53122,4.3398159578940225,1.6166956317456471,0.0
10.05979,11.07968,53.38407,4795.52367,0.74743,50.54207,4.277418906118335,1.593451088193963,0.0
10.10054,11.12997,53.47643,4792.96426,0.72412,50.55297,4.217708798830118,1.571207502161626,0.0
10.14126,11.18025,53.56574,4790.44351,0.69967,50.56391,4.160678182519596,1.5499620970201313,0.0
10.18195,11.23052,53.65187,4787.9602,0.67415,50.5749,4.106316315135744,1.5297108710728313,0.0
10.2226,11.28078,53.7347,4785.51311,0.6476,50.58593,4.054609704386887,1.5104487980860737,0.0
10.26323,11.33102,53.8141,4783.10102,0.62006,50.59701,4.0055426087667305,1.49217001393458,0.0
10.30383,11.38126,53.88995,4780.72269,0.59158,50.60813,3.9590975021988712,1.474867989693751,0.0
10.34439,11.43148,53.96214,4778.37691,0.56221,50.6193,3.9152555034337695,1.4585356916013377,0.0
10.38493,11.4817,54.03058,4776.06244,0.532,50.63051,3.873996771490647,1.4431657283699524,0.0
10.42544,11.5319,54.09515,4773.77805,0.50099,50.64177,3.8353008685982872,1.4287504863920664,0.0
10.46592,11.5821,54.15577,4771.52251,0.46923,50.65308,3.799147092146618,1.4152822534007103,0.0
10.50637,11.63228,54.21235,4769.29458,0.43676,50.66443,3.7655147772230477,1.4027533311722167,0.0
10.54679,11.68246,54.26481,4767.09304,0.40363,50.67583,3.7343835713362803,1.3911561378680717,0.0
10.58718,11.73263,54.31307,4764.91665,0.36989,50.68728,3.7057336828878364,1.3804833005970927,0.0
10.62755,11.78279,54.35707,4762.76419,0.33558,50.69877,3.679546104952726,1.3707277387796197,0.0
10.66788,11.83294,54.39674,4760.63442,0.30074,50.71031,3.6558028158524425,1.3618827388662291,0.0
10.70819,11.88309,54.43202,4758.52611,0.26542,50.7219,3.6344869579440906,1.353942020941392,0.0
10.74847,11.93322,54.46285,4756.43801,0.22966,50.73353,3.6155829959549175,1.3468997977072499,0.0
10.78872,11.98335,54.4892,4754.3689,0.19351,50.74521,3.5990768561158357,1.340750826314515,0.0
10.82895,12.03348,54.51101,4752.31753,0.15701,50.75694,3.5849560472141624,1.3354904534577985,0.0
10.86915,12.0836,54.52825,4750.28265,0.1202,50.76871,3.5732097646023155,1.3311146541215892,0.0
10.90932,12.13371,54.5409,4748.26301,0.08313,50.78053,3.563828978064636,1.3276200643129548,0.0
10.94946,12.18381,54.54891,4746.25735,0.04583,50.7924,3.556806504331329,1.325004008074894,0.0
10.98957,12.23391,54.55228,4744.26441,0.00836,50.80431,3.552137064893152,1.323264519023827,0.0
11.02966,12.28401,54.55098,4742.28291,-0.02925,50.81627,3.5498173296619813,1.3224003566143088,0.0
11.06972,12.33409,54.54501,4740.31156,-0.06696,50.82828,3.549845946872927,1.32241101727835,0.0
11.10976,12.38418,54.53437,4738.34909,-0.10471,50.84034,3.5522235595100606,1.3232967405444358,0.0
11.14977,12.43425,54.51904,4736.39417,-0.14247,50.85244,3.556952808394824,1.3250585101880374,0.0
11.18975,12.48433,54.49904,4734.44549,-0.1802,50.86459,3.5640383219500618,1.3276980504184452,0.0
11.2297,12.53439,54.47437,4732.50171,-0.21784,50.87679,3.5734866925339244,1.331217817062526,0.0
11.26963,12.58446,54.44506,4730.5615,-0.25537,50.88903,3.585306439079445,1.335620983646981,0.0
11.30953,12.63452,54.41113,4728.62348,-0.29273,50.90132,3.599507955680061,1.340911422245101,0.0
11.34941,12.68457,54.3726,4726.68628,-0.32988,50.91366,3.6161034456052286,1.3470936788958456,0.0
11.38925,12.73462,54.3295,4724.7485,-0.36679,50.92604,3.635106840128867,1.3541729433653031,0.0
11.42907,12.78466,54.28187,4722.80871,-0.40339,50.93847,3.6565337014173687,1.3621550129699211,0.0
11.46887,12.8347,54.22976,4720.86547,-0.43966,50.95095,3.680401108600968,1.3710462501350897,0.0
11.50863,12.88474,54.17321,4718.91734,-0.47554,50.96348,3.70672752606242,1.3808535333292131,0.0
11.54837,12.93477,54.11228,4716.96282,-0.51099,50.97605,3.7355326528457415,1.3915842009644999,0.0
11.58808,12.98479,54.04703,4715.00041,-0.54597,50.98866,3.766837251998755,1.4032459878225731,0.0
11.62777,13.03481,53.97752,4713.02859,-0.58043,51.00133,3.8006629585784126,1.4158469535314,0.0
11.66743,13.08483,53.90382,4711.0458,-0.61432,51.01404,3.83703206496459,1.429395402589032,0.0
11.70706,13.13484,53.82601,4709.05046,-0.6476,51.02679,3.875967282065619,1.4438997954063828,0.0
11.74666,13.18485,53.74418,4707.04098,-0.68022,51.03959,3.91749147495985,1.4593686498267544,0.0
11.78624,13.23485,53.6584,4705.01573,-0.71213,51.05244,3.9616273714882393,1.4758104325689079,0.0
11.82578,13.28485,53.56878,4702.97306,-0.74328,51.06533,4.008397242309516,1.4932334400391967,0.0
11.8653,13.33484,53.47541,4700.91129,-0.77363,51.07827,4.057822550980509,1.5116456679772796,0.0
11.90479,13.38483,53.3784,4698.82873,-0.80313,51.09125,4.109923572640728,1.5310546694060951,0.0
11.94426,13.43481,53.27786,4696.72366,-0.83173,51.10428,4.164718980046904,1.5514674004188356,0.0
11.98369,13.48479,53.17391,4694.59433,-0.85938,51.11735,4.222225395775482,1.5728900533625916,0.0
12.0231,13.53476,53.06667,4692.43897,-0.88603,51.13046,4.282456909666454,1.5953278770734887,0.0
12.06247,13.58472,52.95627,4690.25581,-0.91163,51.14362,4.3454245607842825,1.6187849838934925,0.0
12.10182,13.63468,52.84284,4688.04303,-0.93612,51.15683,4.411135783508259,1.6432641433244994,0.0
12.14114,13.68463,52.72654,4685.79883,-0.95947,51.17008,4.479593817721208,1.6687665623081092,0.0
12.18043,13.73458,52.6075,4683.52137,-0.98162,51.18337,4.55079708353348,1.6952916522938575,0.0
12.21969,13.78451,52.48588,4681.20881,-1.00252,51.1967,4.624738521476625,1.7228367834440004,0.0
12.25891,13.83444,52.36184,4678.8593,-1.02211,51.21008,4.701404899727941,1.7513970265564318,0.0
12.29811,13.88436,52.23555,4676.47099,-1.04036,51.2235,4.780776090610123,1.7809648835417646,0.0
12.33727,13.93428,52.10718,4674.04202,-1.0572,51.23696,4.862824319389931,1.8115300075810685,0.0
12.37641,13.98418,51.97689,4671.57056,-1.0726,51.25047,4.947513389247348,1.8430789144064927,0.0
12.41551,14.03408,51.84489,4669.05476,-1.0865,51.26401,5.034797887280889,1.8755946865173487,0.0
12.45458,14.08397,51.71136,4666.4928,-1.09885,51.2776,5.124622377375124,1.9090566725020264,0.0
12.49362,14.13384,51.57649,4663.8829,-1.10961,51.29123,5.216920586941014,1.9434401840773718,0.0
12.53262,14.18371,51.44048,4661.22327,-1.11874,51.3049,5.3116145956191865,1.9787161938593112,0.0
12.5716,14.23357,51.30353,4658.51219,-1.12618,51.31861,5.408614035319231,2.014851037356439,0.0
12.61053,14.28341,51.16587,4655.74796,-1.13191,51.33236,5.507815312149366,2.0518061231183466,0.0
12.64944,14.33325,51.02769,4652.92896,-1.13587,51.34615,5.609100862056573,2.0895376554419887,0.0
12.68831,14.38307,50.88923,4650.05359,-1.13804,51.35997,5.712338453196065,2.1279963744859534,0.0
12.72714,14.43288,50.7507,4647.12035,-1.13837,51.37384,5.817380549185248,2.1671273190658082,0.0
12.76594,14.48267,50.61233,4644.12781,-1.13683,51.38774,5.924063748443585,2.206869617793448,0.0
12.8047,14.53245,50.47436,4641.07462,-1.1334,51.40168,6.032208315723625,2.2471563145600792,0.0
12.84342,14.58222,50.33701,4637.95954,-1.12804,51.41566,6.141617822607997,2.2879142346118884,0.0
12.88211,14.63197,50.20052,4634.78142,-1.12074,51.42968,6.252078914223058,2.329063897644738,0.0
12.92076,14.6817,50.06513,4631.53926,-1.11147,51.44373,6.363361219565703,2.370519484398547,0.0
12.95937,14.73143,49.931,4628.2323,-1.10139,51.4744,6.475281719707019,2.4122128155067766,7.999999863534712
12.99792,14.78115,49.79832,4624.85987,-1.08933,51.50542,6.587645614576329,2.454071322817601,7.999999863534712
13.03642,14.83086,49.66731,4621.4213,-1.0753,51.53678,6.7001808934524005,2.4959936751803293,7.999999863534712
13.07486,14.88057,49.53821,4617.91607,-1.05929,51.56847,6.8125994708679976,2.53787255317843,7.999999863534712
13.11325,14.93026,49.41127,4614.34384,-1.04131,51.60051,6.924598135935211,2.5795950027782006,7.999999863534712
13.15158,14.97996,49.28672,4610.70442,-1.02135,51.63289,7.035859529367773,2.6210427992952767,7.999999863534712
13.18985,15.02964,49.16479,4606.99783,-0.99945,51.66561,7.14605335039754,2.662092897002793,7.999999863534712
13.22807,15.07931,49.04572,4603.22426,-0.97562,51.69866,7.254837797979896,2.702617966018301,7.999999863534712
13.26623,15.12898,48.92973,4599.38411,-0.94988,51.73204,7.36186124685044,2.7424870166789947,7.999999863534712
13.30433,15.17863,48.81705,4595.47799,-0.92227,51.76575,7.466764154724722,2.781566110023788,7.999999863534712
13.34237,15.22828,48.7079,4591.50671,-0.89284,51.79977,7.569181192255489,2.819719151258438,7.999999863534712
13.38034,15.27791,48.60248,4587.47132,-0.86162,51.83412,7.66874358245081,2.8568087612503423,7.999999863534712
13.41826,15.32753,48.50101,4583.37306,-0.82868,51.86876,7.7650816311241115,2.8926972191877622,7.999999863534712
13.45611,15.37714,48.40368,4579.2134,-0.79408,51.90371,7.857827424815815,2.9272474676266214,7.999999863534712
13.4939,15.42674,48.31069,4574.99405,-0.75788,51.93894,7.946617667568562,2.960324169263909,7.999999863534712
13.53163,15.47633,48.2222,4570.71692,-0.72016,51.97445,8.031096623205359,2.991794803013715,7.999999863534712
13.56929,15.5259,48.1384,4566.38414,-0.68099,52.01023,8.110919125390842,3.021530785334242,7.999999863534712
13.60689,15.57545,48.05943,4561.99804,-0.64048,52.04626,8.185753614076846,3.0494086013836785,7.999999863534712
13.64442,15.625,47.98546,4557.56118,-0.5987,52.08253,8.255285153929325,3.0753109294636465,7.999999863534712
13.68188,15.67452,47.91661,4553.07629,-0.55577,52.11903,8.319218388333796,3.09912774146395,7.999999863534712
13.71928,15.72404,47.853,4548.5463,-0.51179,52.15574,8.37728038151458,3.1207573616267763,7.999999863534712
13.75661,15.77353,47.79475,4543.97431,-0.46686,52.19264,8.429223301429122,3.140107465995419,7.999999863534712
13.79387,15.82301,47.74196,4539.36357,-0.42111,52.22973,8.474826897401007,3.157096005397772,7.999999863534712
13.83106,15.87247,47.69469,4534.71748,-0.37465,52.26698,8.513900728881689,3.1716520357187075,7.999999863534712
13.86818,15.92191,47.65302,4530.03958,-0.3276,52.30437,8.546286105470609,3.1837164406086216,7.999999863534712
13.90523,15.97134,47.617,4525.33351,-0.2801,52.34189,8.571857702985456,3.193242533512126,7.999999863534712
13.94222,16.02075,47.58666,4520.603,-0.23227,52.37953,8.590524826192523,3.20019652806833,7.999999863534712
13.97913,16.07014,47.56203,4515.85186,-0.18423,52.41725,8.602232295315646,3.204557868358746,7.999999863534712
14.01598,16.11951,47.5431,4511.08395,-0.13613,52.45505,8.606960940715227,3.2063194131882384,7.999999863534712
14.05275,16.16886,47.52987,4506.30317,-0.08808,52.49291,8.604727697750583,3.205487471423749,7.999999863534712
14.08945,16.21819,47.5223,4501.51342,-0.04023,52.5308,8.595585301693356,3.202081688341515,7.999999863534712
14.12608,16.26751,47.52037,4496.7186,0.0073,52.56871,8.579621590411955,3.1961347858586695,7.999999863534712
14.16265,16.3168,47.524,4491.92261,0.05438,52.60662,8.556958430055902,3.1876921623224024,7.999999863534712
14.19914,16.36607,47.53313,4487.12925,0.10088,52.64451,8.527750286085073,3.176811360180749,7.999999863534712
14.23556,16.41533,47.54767,4482.34232,0.14668,52.68236,8.492182468290196,3.163561412206548,7.999999863534712
14.27191,16.46456,47.56752,4477.56549,0.19166,52.72017,8.450469084034314,3.1480220790260374,7.999999863534712
14.30819,16.51377,47.59256,4472.80235,0.23571,52.75791,8.402850738387563,3.1302829923585436,7.999999863534712
14.34439,16.56297,47.62268,4468.05638,0.27871,52.79556,8.34959202330586,3.1104427196694773,7.999999863534712
14.38053,16.61214,47.65772,4463.33094,0.32055,52.83312,8.290978840245172,3.0886077667737086,7.999999863534712
14.4166,16.66129,47.69754,4458.62924,0.36115,52.87056,8.227315601746787,3.064891535352442,7.999999863534712
14.4526,16.71043,47.74197,4453.95433,0.40039,52.90787,8.158922357549521,3.039413252354403,7.999999863534712
14.48853,16.75954,47.79085,4449.30913,0.4382,52.94505,8.08613188972201,3.0122968878561793,7.999999863534712
14.5244,16.80863,47.84399,4444.69637,0.47448,52.98208,8.009286819314406,2.9836700772138576,7.999999863534712
14.56019,16.85771,47.90121,4440.11862,0.50917,53.01894,7.928736764232604,2.9536630622963824,7.999999863534712
14.59592,16.90676,47.9623,4435.57825,0.54219,53.05564,7.844835584454185,2.922407665256021,7.999999863534712
14.63158,16.9558,48.02706,4431.07748,0.57348,53.09215,7.757938746699942,2.8900363067991597,7.999999863534712
14.66717,17.00481,48.09528,4426.61833,0.60299,53.12847,7.668400836213964,2.856681079258921,7.999999863534712
14.7027,17.05381,48.16674,4422.20263,0.63066,53.1646,7.576573238631293,2.8224728830298713,7.999999863534712
14.73816,17.10279,48.24123,4417.83204,0.65644,53.20053,7.482802010135251,2.787540633145583,7.999999863534712
14.77355,17.15175,48.31851,4413.50802,0.68031,53.23625,7.387425949420982,2.7520105410343283,7.999999863534712
14.80888,17.20069,48.39836,4409.23187,0.70224,53.27176,7.290774880424473,2.716005474790453,7.999999863534712
14.84415,17.24962,48.48055,4405.00472,0.72219,53.30705,7.193168150468438,2.6796443996942,7.999999863534712
14.87936,17.29853,48.56485,4400.82751,0.74015,53.34213,7.094913344550084,2.643041899250079,7.999999863534712
14.9145,17.34742,48.65102,4396.70102,0.75612,53.37698,6.996305212956091,2.606307775695225,7.999999863534712
14.94958,17.3963,48.73883,4392.62589,0.77007,53.41162,6.897624806269035,2.569546727766532,7.999999863534712
14.98459,17.44515,48.82805,4388.60258,0.78202,53.44604,6.799138809190014,2.5328581025320576,7.999999863534712
15.01955,17.494,48.91845,4384.63142,0.79196,53.48023,6.701099062442815,2.4963357172877387,7.999999863534712
15.05445,17.54283,49.00979,4380.71261,0.79991,53.51421,6.60374226029905,2.460067746877554,7.999999863534712
15.08929,17.59164,49.10185,4376.8462,0.80588,53.54797,6.507289809996641,2.4241366713232027,7.999999863534712
15.12407,17.64044,49.19439,4373.03213,0.80988,53.58151,6.411947838462122,2.388619278328345,7.999999863534712
15.15879,17.68922,49.2872,4369.27023,0.81194,53.61485,6.317907331262231,2.353586715041725,7.999999863534712
15.19345,17.738,49.38006,4365.56019,0.81208,53.64797,6.225344388564463,2.3191045834092066,7.999999863534712
15.22806,17.78675,49.47275,4361.90164,0.81033,53.68089,6.134420582999978,2.2852330734871296,7.999999863534712
15.26261,17.8355,49.56506,4358.29408,0.80672,53.71361,6.045283404755092,2.2520271292505982,7.999999863534712
15.2971,17.88423,49.65677,4354.73696,0.80129,53.74614,5.958066779749969,2.219536641628675,7.999999863534712
15.33154,17.93295,49.74769,4351.22961,0.79408,53.77847,5.872891647545022,2.1878066637897264,7.999999863534712
15.36593,17.98166,49.83761,4347.77131,0.78512,53.81062,5.7898665864886825,2.156877644025409,7.999999863534712
15.40026,18.03036,49.92635,4344.36128,0.77445,53.84259,5.709088474543738,2.126785671925877,7.999999863534712
15.43454,18.07905,50.01371,4340.99864,0.76213,53.87439,5.630643175259006,2.097562733922268,7.999999863534712
15.46877,18.12773,50.09951,4337.68251,0.74819,53.90602,5.554606239385001,2.0692369746570116,7.999999863534712
15.50294,18.1764,50.18358,4334.4119,0.73268,53.93749,5.481043613640099,2.041832961017863,7.999999863534712
15.53706,18.22506,50.26573,4331.18582,0.71565,53.96881,5.410012349193659,2.0153719460665154,7.999999863534712
15.57113,18.27371,50.34581,4328.00321,0.69715,53.99998,5.341561303338486,1.989872130430052,7.999999863534712
15.60515,18.32235,50.42366,4324.86299,0.67723,54.03101,5.2757318288275945,1.9653489190970272,7.999999863534712
15.63912,18.37098,50.49912,4321.76403,0.65594,54.06191,5.212558446174384,1.9418151718669707,7.999999863534712
15.67304,18.4196,50.57204,4318.70518,0.63334,54.09268,5.15206949502752,1.9192814460046725,7.999999863534712
15.70692,18.46822,50.64228,4315.68526,0.60946,54.12334,5.094287761487904,1.897756229932257,7.999999863534712
15.74074,18.51683,50.70971,4312.70307,0.58438,54.15388,5.03923107888694,1.8772461670348939,7.999999863534712
15.77451,18.56543,50.7742,4309.75737,0.55814,54.18432,4.986912900136895,1.8577562688763711,7.999999863534712
15.80824,18.61403,50.83562,4306.84692,0.5308,54.21467,4.937342840312702,1.839290117325089,7.999999863534712
15.84192,18.66262,50.89386,4303.97046,0.5024,54.24492,4.890527188552037,1.8218500552503094,7.999999863534712
15.87555,18.7112,50.9488,4301.12671,0.47301,54.2751,4.846469388783985,1.805437365606231,7.999999863534712
15.90914,18.75978,51.00034,4298.31436,0.44267,54.3052,4.805170489110859,1.7900524388385421,7.999999863534712
15.94267,18.80836,51.04839,4295.5321,0.41145,54.33524,4.766629559950337,1.7756949286533705,7.999999863534712
15.97617,18.85692,51.09286,4292.77862,0.3794,54.36522,4.730844081275878,1.7623638962745232,7.999999863534712
16.00961,18.90549,51.13364,4290.05258,0.34656,54.39515,4.697810299451819,1.7500579433739512,7.999999863534712
16.04301,18.95405,51.17068,4287.35264,0.313,54.42503,4.667523554325091,1.73877533392202,7.999999863534712
16.07637,19.0026,51.20388,4284.67742,0.27878,54.45488,4.639978577297228,1.728514105227177,7.999999863534712
16.10968,19.05115,51.2332,4282.02557,0.24393,54.4847,4.615169761179672,1.7192721684641499,7.999999863534712
16.14295,19.0997,51.25855,4279.39571,0.20853,54.51451,4.593091402661572,1.711047398999583,7.999999863534712
16.17617,19.14824,51.2799,4276.78645,0.17261,54.54429,4.573737918232988,1.703837716829113,7.999999863534712
16.20934,19.19678,51.29719,4274.19639,0.13625,54.57408,4.557104034361979,1.6976411574233368,7.999999863534712
16.24248,19.24531,51.31038,4271.62412,0.09949,54.60387,4.54318495270914,1.6924559332745746,7.999999863534712
16.27557,19.29385,51.31943,4269.06821,0.06238,54.63366,4.531976491104038,1.6882804864143002,7.999999863534712
16.30861,19.34238,51.32432,4266.52724,0.02498,54.66348,4.523475200921527,1.6851135321389084,7.999999863534712
16.34161,19.39091,51.32501,4263.99975,-0.01266,54.69332,4.517678461430977,1.6829540941572831,7.999999863534712
16.37457,19.43943,51.32149,4261.48429,-0.05047,54.72319,4.514584551594717,1.6818015313376093,7.999999863534712
16.40748,19.48795,51.31374,4258.97939,-0.08842,54.7531,4.514192699699033,1.681655556196223,7.999999863534712
16.44035,19.53647,51.30177,4256.48357,-0.12644,54.78306,4.516503111081729,1.6825162452268596,7.999999863534712
16.47317,19.58499,51.28556,4253.99532,-0.16448,54.81307,4.521516974142999,1.6843840411398594,7.999999863534712
16.50596,19.63351,51.26513,4251.51314,-0.20248,54.84315,4.52923644468488,1.687259747028204,7.999999863534712
16.5387,19.68202,51.24049,4249.03549,-0.2404,54.8733,4.539664608549642,1.6911445124493325,7.999999863534712
16.57139,19.73053,51.21166,4246.56083,-0.27818,54.90353,4.552805422399752,1.6960398113641193,7.999999863534712
16.60404,19.77904,51.17865,4244.08761,-0.31575,54.93384,4.568663632394936,1.7019474118419429,7.999999863534712
16.63665,19.82755,51.1415,4241.61424,-0.35308,54.96424,4.587244670419977,1.7088693374028052,7.999999863534712
16.66922,19.87605,51.10025,4239.13913,-0.3901,54.99475,4.608554527431804,1.7168078198357937,7.999999863534712
16.70174,19.92456,51.05493,4236.66067,-0.42675,55.02537,4.632599603422413,1.7257652433063215,7.999999863534712
16.73421,19.97306,51.0056,4234.17724,-0.46299,55.0561,4.659386533420281,1.7357440795370733,7.999999863534712
16.76665,20.02156,50.95231,4231.68718,-0.49875,55.08695,4.6889219889112415,1.7467468138320603,7.999999863534712
16.79903,20.07006,50.89511,4229.18883,-0.53399,55.11794,4.72121245402329,1.758775861699569,7.999999863534712
16.83138,20.11856,50.83408,4226.68052,-0.56865,55.14907,4.756263975808043,1.7718334758254328,7.999999863534712
16.86368,20.16705,50.76929,4224.16053,-0.60266,55.18034,4.794081887956287,1.7859216431498088,7.999999863534712
16.89594,20.21554,50.70082,4221.62717,-0.63598,55.21177,4.834670507328786,1.8010419718169144,7.999999863534712
16.92815,20.26403,50.62875,4219.07869,-0.66854,55.24337,4.878032802746408,1.8171955677906366,7.999999863534712
16.96031,20.31252,50.55317,4216.51334,-0.7003,55.27513,4.924170035579066,1.8343829009644583,7.999999863534712
16.99243,20.36101,50.47417,4213.92937,-0.7312,55.30708,4.973081371820521,1.8526036606491092,7.999999863534712
17.02451,20.40949,50.39187,4211.325,-0.76117,55.33921,5.02476346548721,1.871856600377676,7.999999863534712
17.05654,20.45797,50.30638,4208.69845,-0.79017,55.37153,5.0792100134291145,1.8921393720609299,7.999999863534712
17.08852,20.50645,50.21779,4206.04792,-0.81813,55.40406,5.136411281901735,1.913448349622935,7.999999863534712
17.12046,20.55492,50.12625,4203.3716,-0.84501,55.4368,5.196353605539694,1.935778442355531,7.999999863534712
17.15235,20.60339,50.03187,4200.66769,-0.87074,55.46976,5.259018859804388,1.9591228983912021,7.999999863534712
17.18419,20.65186,49.93478,4197.93438,-0.89527,55.50295,5.324383908343208,1.9834730988298472,7.999999863534712
17.21599,20.70033,49.83514,4195.16985,-0.91855,55.53637,5.392420027245782,2.0088183432590827,7.999999863534712
17.24774,20.74879,49.73307,4192.37229,-0.94052,55.57003,5.463092308698379,2.0351456275998125,7.999999863534712
17.27943,20.79724,49.62874,4189.53992,-0.96112,55.60394,5.53635904715588,2.062439415439141,7.999999863534712
17.31109,20.8457,49.5223,4186.67093,-0.98031,55.6381,5.6121711118261945,2.0906814042643065,7.999999863534712
17.34269,20.89414,49.41391,4183.76357,-0.99804,55.67254,5.690471309972416,2.119850288275978,7.999999863534712
17.37424,20.94258,49.30374,4180.81607,-1.01424,55.70724,5.771193746311154,2.1499215197472856,7.999999863534712
17.40574,20.99102,49.19196,4177.82672,-1.02888,55.74222,5.854263184593695,2.180867071195997,7.999999863534712
17.43719,21.03945,49.07874,4174.79383,-1.0419,55.77748,5.939594418304496,2.212655200953155,7.999999863534712
17.46859,21.08788,48.96428,4171.71575,-1.05327,55.81304,6.027091658258061,2.2452502250267963,7.999999863534712
17.49994,21.1363,48.84875,4168.59086,-1.06292,55.8489,6.116647945735074,2.278612298479723,7.999999863534712
17.53124,21.18471,48.73236,4165.41761,-1.07084,55.88506,6.208144600641594,2.312697209854281,7.999999863534712
17.56248,21.23311,48.61528,4162.19451,-1.07696,55.92152,6.301450714968076,2.3474561924725172,7.999999863534712
17.59367,21.28151,48.49773,4158.92013,-1.08126,55.95831,6.396422702554716,2.382835756711926,7.999999863534712
17.62481,21.3299,48.37991,4155.59312,-1.08371,55.99541,6.492903916805368,2.418777547593822,7.999999863534712
17.65589,21.37828,48.26201,4152.2122,-1.08427,56.03284,6.590724348494594,2.4552182322085203,7.999999863534712
17.68692,21.42665,48.14426,4148.7762,-1.08291,56.07059,6.689700416169597,2.4920894216345317,7.999999863534712
17.71789,21.47501,48.02686,4145.28404,-1.07961,56.10867,6.7896348617953395,2.529317632063635,7.999999863534712
17.74881,21.52336,47.9101,4141.73458,-1.07298,56.12734,6.890243749172214,2.5667970897906662,0.0
17.77969,21.57168,47.79426,4138.12686,-1.06437,56.14603,6.991225026788154,2.6044152726799257,0.0
17.81053,21.61998,47.67956,4134.46025,-1.05375,56.16475,7.092333317112219,2.6420807711448675,0.0
17.84133,21.66826,47.56623,4130.73423,-1.04114,56.18349,7.193310979164782,2.6796976071416383,0.0
17.87209,21.71652,47.45446,4126.94845,-1.02654,56.20225,7.2938886203272295,2.717165424831657,0.0
17.9028,21.76475,47.34449,4123.1027,-1.00995,56.22103,7.39378597526999,2.754379818005435,0.0
17.93347,21.81295,47.23651,4119.19695,-0.99139,56.23983,7.492712963163363,2.791232723921423,0.0
17.96409,21.86113,47.13075,4115.23131,-0.97088,56.25865,7.590370924919393,2.827612884211163,0.0
17.99468,21.90928,47.02739,4111.2061,-0.94845,56.2775,7.686454039271852,2.8634063724063448,0.0
18.02521,21.9574,46.92666,4107.1218,-0.92413,56.29636,7.780650913337528,2.8984971864647298,0.0
18.05571,22.0055,46.82873,4102.97907,-0.89797,56.31524,7.872646339858953,2.9327679033893106,0.0
18.08615,22.05357,46.73382,4098.77878,-0.87,56.33414,7.962123209682879,2.9661003916768585,0.0
18.11655,22.1016,46.64209,4094.52197,-0.84028,56.35306,8.048764564458912,2.998376576002175,0.0
18.14691,22.14961,46.55373,4090.20987,-0.80888,56.372,8.132255770762052,3.029479247135945,0.0
18.17722,22.19759,46.46892,4085.84391,-0.77586,56.39095,8.212286793352611,3.0592929087938643,0.0
18.20748,22.24553,46.38781,4081.42571,-0.74129,56.40992,8.288554541975845,3.0877046518812588,0.0
18.23769,22.29344,46.31056,4076.95707,-0.70526,56.4289,8.360765263032654,3.114605045453339,0.0
18.26786,22.34132,46.23731,4072.43998,-0.66784,56.4479,8.428636945015167,3.1398890328032554,0.0
18.29798,22.38917,46.1682,4067.87659,-0.62913,56.46692,8.491901704509228,3.1634568203107976,0.0
18.32805,22.43698,46.10335,4063.26924,-0.58923,56.48595,8.550308118265901,3.1852147462003937,0.0
18.35807,22.48476,46.04287,4058.62042,-0.54825,56.505,8.603623466222894,3.2050761161256043,0.0
18.38804,22.5325,45.98688,4053.93277,-0.50628,56.52406,8.651635850487942,3.2229619925461943,0.0
18.41796,22.5802,45.93544,4049.20907,-0.46344,56.54313,8.694156156293218,3.2388019252352382,0.0
18.44783,22.62787,45.88864,4044.45224,-0.41985,56.56221,8.731019822742065,3.2525346109288726,0.0
18.47766,22.6755,45.84655,4039.66529,-0.37564,56.58131,8.76208839373488,3.2641084710869976,0.0
18.50743,22.7231,45.8092,4034.85136,-0.33091,56.60043,8.787250822912158,3.2734821380188914,0.0
18.53715,22.77065,45.77665,4030.01365,-0.2858,56.61955,8.80642451044465,3.280624841114826,0.0
18.56682,22.81817,45.7489,4025.15544,-0.24043,56.63869,8.819556054193093,3.285516686672832,0.0
18.59645,22.86565,45.72598,4020.28008,-0.19494,56.65784,8.826621702817548,3.2881488266938446,0.0
18.62602,22.9131,45.70786,4015.39094,-0.14945,56.677,8.827627503920365,3.2885235140688636,0.0
18.65554,22.9605,45.69455,4010.4914,-0.1041,56.69617,8.822609145830482,3.2866540436394347,0.0
18.685,23.00786,45.68599,4005.58487,-0.059,56.71535,8.811631497298354,3.2825645807218997,0.0
18.71442,23.05519,45.68215,4000.67474,-0.01429,56.73455,8.794787854793286,3.276289880705855,0.0
18.74379,23.10247,45.68298,3995.76437,0.02991,56.75376,8.77219891230267,3.2678749052772544,0.0
18.7731,23.14972,45.68839,3990.85706,0.07347,56.77297,8.744011473217622,3.2573743425619153,0.0
18.80237,23.19692,45.6983,3985.95608,0.11628,56.7922,8.710396928081424,3.2448520400467697,0.0
18.83158,23.24409,45.71262,3981.06462,0.15821,56.81144,8.671549525476598,3.230380360439792,0.0
18.86074,23.29122,45.73124,3976.18578,0.19916,56.8307,8.627684466123625,3.214039471671637,0.0
18.88985,23.3383,45.75404,3971.32255,0.23902,56.84996,8.579035852251451,3.1959165829821834,0.0
18.91892,23.38535,45.7809,3966.47783,0.27769,56.86923,8.525854525524586,3.1761051394915056,0.0
18.94793,23.43236,45.81167,3961.6544,0.31506,56.88852,8.468405827232809,3.154703987811594,0.0
18.97688,23.47933,45.8462,3956.8549,0.35105,56.90782,8.406967314119282,3.1318165251322343,0.0
19.00579,23.52626,45.88434,3952.08184,0.38557,56.92713,8.341826462181183,3.107549843826326,0.0
19.03465,23.57316,45.92593,3947.3376,0.41855,56.94645,8.273278389158847,3.0820138830171553,0.0
19.06346,23.62001,45.97079,3942.62439,0.44989,56.96578,8.201623624173687,3.0553205977098483,0.0
19.09222,23.66683,46.01874,3937.9443,0.47955,56.98513,8.127165950412728,3.027583155134587,0.0
19.12093,23.71361,46.06961,3933.29922,0.50746,57.00449,8.050210343694362,2.9989151668081213,0.0
19.1496,23.76035,46.12319,3928.69094,0.53356,57.02386,7.9710610266173445,2.969429963653064,0.0
19.17821,23.80705,46.17929,3924.12105,0.5578,57.04325,7.890019654584012,2.939239920243817,0.0
19.20677,23.85372,46.23773,3919.591,0.58015,57.06265,7.807383646626825,2.9084558329955383,0.0
19.23529,23.90035,46.29829,3915.10209,0.60058,57.08206,7.723444670621626,2.877186355866222,0.0
19.26376,23.94695,46.36077,3910.65546,0.61904,57.10148,7.63848728922212,2.845537495931668,0.0
19.29218,23.99351,46.42497,3906.25209,0.63552,57.12092,7.552787769859906,2.8136121700791805,0.0
19.32055,24.04004,46.49068,3901.89284,0.65,57.14038,7.466613059305379,2.7815098230045234,0.0
19.34888,24.08653,46.5577,3897.5784,0.66248,57.15985,7.380219920779628,2.7493261057633993,0.0
19.37716,24.13299,46.62581,3893.30934,0.67294,57.17933,7.293854229407381,2.7171526133091337,0.0
19.4054,24.17942,46.69481,3889.08608,0.68139,57.19883,7.20775041985893,2.685076678724758,0.0
19.43359,24.22581,46.76449,3884.90893,0.68783,57.21835,7.122131078477762,2.65318122127982,0.0
19.46173,24.27218,46.83465,3880.77807,0.69228,57.23788,7.0372066709001295,2.6215446449615065,0.0
19.48983,24.31851,46.90509,3876.69354,0.69473,57.25743,6.953175395244093,2.5902407837837043,0.0
19.51788,24.36481,46.9756,3872.65532,0.69523,57.277,6.8702231502279565,2.559338889910268,0.0
19.54589,24.41108,47.04599,3868.66322,0.69378,57.29658,6.788523607206247,2.52890366049033,0.0
19.57386,24.45732,47.11607,3864.71701,0.69042,57.31618,6.7082383749149574,2.498995299030229,0.0
19.60178,24.50353,47.18564,3860.81632,0.68518,57.3358,6.629517245741142,2.469669607135416,0.0
19.62966,24.54971,47.25451,3856.96071,0.67809,57.35543,6.552498512562957,2.44097810254171,0.0
19.65749,24.59587,47.32251,3853.14967,0.66918,57.37509,6.477309345546688,2.4129681594821006,0.0
19.68529,24.64199,47.38946,3849.38259,0.6585,57.39476,6.404066218763391,2.3856831676126733,0.0
19.71304,24.68809,47.45518,3845.65879,0.6461,57.41445,6.33287537709114,2.359162705945982,0.0
19.74075,24.73417,47.5195,3841.97754,0.63201,57.43416,6.263833334442851,2.3334427284540213,0.0
19.76842,24.78021,47.58226,3838.33803,0.61628,57.4539,6.197027395132943,2.308555758291027,0.0
19.79605,24.82623,47.6433,3834.7394,0.59896,57.47365,6.1325361908235125,2.2845310878200538,0.0
19.82363,24.87223,47.70247,3831.18072,0.5801,57.49342,6.070430226268658,2.2613949819170966,0.0
19.85118,24.9182,47.75962,3827.66103,0.55977,57.51321,6.010772427780285,2.2391708822890286,0.0
19.87868,24.96415,47.81461,3824.17932,0.538,57.53302,5.953618688997289,2.2178796107869903,0.0
19.90615,25.01007,47.8673,3820.73453,0.51485,57.55285,5.899018409278134,2.197539569971784,0.0
19.93357,25.05597,47.91756,3817.32555,0.49039,57.5727,5.8470150205937825,2.178166939395357,0.0
19.96096,25.10185,47.96527,3813.95125,0.46467,57.59258,5.797646499453041,2.1597758663064623,0.0
19.98831,25.14771,48.01031,3810.61047,0.43774,57.61248,5.750945860892732,2.1423786496749946,0.0
20.01562,25.19354,48.05257,3807.302,0.40967,57.63239,5.706941632104266,2.1259859166303494,0.0
20.04288,25.23935,48.09195,3804.0246,0.38053,57.65233,5.665658303670553,2.1106067905590464,0.0
20.07012,25.28514,48.12833,3800.77702,0.35036,57.6723,5.627116756839693,2.0962490502754214,0.0
20.09731,25.33091,48.16164,3797.55797,0.31923,57.69228,5.591334665571981,2.0829192797947154,0.0
20.12446,25.37666,48.19178,3794.36614,0.2872,57.71229,5.558326872426422,2.0706230083606876,0.0
20.15158,25.42238,48.21867,3791.2002,0.25434,57.73231,5.528105737617432,2.0593648404784255,0.0
20.17866,25.46809,48.24225,3788.05878,0.22071,57.75237,5.500681460772083,2.0491485757773824,0.0
20.2057,25.51378,48.26243,3784.94051,0.18636,57.77244,5.4760623751351085,2.0399773186104806,0.0
20.23271,25.55945,48.27916,3781.84399,0.15137,57.79254,5.4542552140801,2.03185357733655,0.0
20.25968,25.6051,48.29239,3778.76781,0.1158,57.81266,5.435265349927442,2.024779353286288,0.0
20.28661,25.65073,48.30206,3775.71052,0.07972,57.8328,5.419097005151605,2.0187562194425346,0.0
20.3135,25.69634,48.30813,3772.67068,0.04317,57.85297,5.405753436104722,2.013785388882139,0.0
20.34036,25.74193,48.31057,3769.64681,0.00624,57.87316,5.395237089450383,2.009867773051664,0.0
20.36718,25.7875,48.30935,3766.63742,-0.03102,57.89337,5.387549731490306,2.0070040299449734,0.0
20.39396,25.83306,48.30445,3763.641,-0.06853,57.9136,5.3826925506081205,2.0051946022662395,0.0
20.42071,25.8786,48.29584,3760.65604,-0.10625,57.93386,5.38066623301059,2.0044397456455347,0.0
20.44742,25.92412,48.28353,3757.68098,-0.1441,57.95414,5.38147101194677,2.00473954697427,0.0
20.4741,25.96962,48.26749,3754.71428,-0.18201,57.97445,5.385106690562644,2.0060939329191445,0.0
20.50074,26.0151,48.24775,3751.75436,-0.21992,57.99478,5.3915726385181415,2.0085026686618974,0.0
20.52734,26.06057,48.2243,3748.79963,-0.25778,58.01513,5.40086776245137,2.0119653468964547,0.0
20.55391,26.10602,48.19716,3745.84849,-0.2955,58.0355,5.412990450361162,2.016481367109968,0.0
20.58044,26.15145,48.16635,3742.89931,-0.33303,58.0559,5.427938489962509,2.0220499051680623,0.0
20.60694,26.19686,48.1319,3739.95046,-0.3703,58.07632,5.445708961015911,2.028669873204688,0.0
20.6334,26.24225,48.09385,3737.0003,-0.40725,58.09676,5.466298101677545,2.0363398698340416,0.0
20.65982,26.28763,48.05223,3734.04716,-0.44381,58.11723,5.489701148879973,2.0450581206881777,0.0
20.68621,26.33299,48.00709,3731.08936,-0.47991,58.13772,5.5159121527904,2.054822409297831,0.0
20.71256,26.37833,47.95849,3728.12521,-0.5155,58.15823,5.544923765442707,2.0656299983522852,0.0
20.73888,26.42366,47.90649,3725.15301,-0.5505,58.17876,5.576727003681543,2.077477541389811,0.0
20.76515,26.46896,47.85114,3722.17104,-0.58485,58.19932,5.611310986657846,2.0903609850078415,0.0
20.7914,26.51425,47.79253,3719.1776,-0.61849,58.21989,5.648662648211855,2.104275461718073,0.0
20.8176,26.55952,47.73073,3716.17093,-0.65136,58.24049,5.688766424634018,2.119215173629192,0.0
20.84377,26.60477,47.66582,3713.14931,-0.68338,58.26111,5.731603918453478,2.1351732671992383,0.0
20.86991,26.65,47.5979,3710.111,-0.71449,58.28175,5.777153539124903,2.152141699381994,0.0
20.89601,26.69521,47.52706,3707.05424,-0.74464,58.30242,5.825390121698808,2.170111095571645,0.0
20.92207,26.7404,47.45341,3703.9773,-0.77376,58.3231,5.8762845248828475,2.1890705998700413,0.0
20.94809,26.78557,47.37704,3700.87842,-0.80178,58.3438,5.929803210175739,2.209007718303002,0.0
20.97408,26.83073,47.29808,3697.75588,-0.82864,58.36453,5.985907804131335,2.229908155752173,0.0
21.00003,26.87586,47.21665,3694.60792,-0.85429,58.38527,6.044554646218403,2.25175564752089,0.0
21.02594,26.92097,47.13287,3691.43284,-0.87867,58.40604,6.105694325159522,2.2745317866082275,0.0
21.05181,26.96607,47.04687,3688.22892,-0.90171,58.42682,6.169271207095724,2.2982158479379025,0.0
21.07765,27.01114,46.95879,3684.99448,-0.92336,58.44762,6.235222959444362,2.3227846109828114,0.0
21.10345,27.05619,46.86877,3681.72784,-0.94357,58.46844,6.303480074828764,2.348212182416295,0.0
21.12921,27.10121,46.77695,3678.42738,-0.96227,58.48928,6.373965400014293,2.3744698206284274,0.0
21.15493,27.14622,46.68349,3675.09147,-0.97942,58.51014,6.446593675354439,2.4015257641575656,0.0
21.18062,27.1912,46.58855,3671.71855,-0.99496,58.53101,6.521271090780287,2.429345066284748,0.0
21.20627,27.23616,46.49227,3668.30709,-1.00886,58.5519,6.597894864980838,2.4578894382672893,0.0
21.23187,27.2811,46.39484,3664.85561,-1.02105,58.57281,6.676352854884624,2.487117103860405,0.0
21.25744,27.32601,46.29641,3661.36268,-1.0315,58.59374,6.756523203109832,2.5169826679831098,0.0
21.28297,27.37089,46.19716,3657.82693,-1.04017,58.61468,6.838274031441344,2.5474370025303474,0.0
21.30846,27.41576,46.09726,3654.24707,-1.04702,58.63563,6.921463188776931,2.5784271524763165,0.0
21.33391,27.46059,45.9969,3650.62187,-1.05202,58.6566,7.005938062281831,2.6098962655245828,0.0
21.35931,27.5054,45.89625,3646.95017,-1.05513,58.67759,7.0915354605727865,2.64178354859106,0.0
21.38468,27.55018,45.79549,3643.23093,-1.05632,58.69859,7.178081577854013,2.6740242544437116,0.0
21.41001,27.59494,45.69482,3639.46317,-1.05559,58.7196,7.265392047742351,2.70654970175384,0.0
21.43529,27.63966,45.59441,3635.64603,-1.0529,58.74063,7.353272095193062,2.7392873316924393,0.0
21.46054,27.68436,45.49446,3631.77874,-1.04824,58.76166,7.441516794472526,2.7721608040318166,0.0
21.48574,27.72903,45.39515,3627.86068,-1.04161,58.78271,7.529911440339016,2.8050901354201936,0.0
21.5109,27.77367,45.29667,3623.8913,-1.033,58.80378,7.618232038700089,2.8379918821644954,0.0
21.53602,27.81827,45.19921,3619.87023,-1.02242,58.82485,7.706245921784716,2.8707793693981567,0.0
21.56109,27.86285,45.10296,3615.79719,-1.00986,58.84593,7.793712491507042,2.90336296800368,0.0
21.58612,27.90739,45.0081,3611.67206,-0.99534,58.86702,7.880384093013193,2.935650420031804,0.0
21.61111,27.95191,44.9148,3607.49486,-0.97889,58.88813,7.966007018580135,2.967547212680249,0.0
21.63605,27.99638,44.82326,3603.26576,-0.96052,58.90924,8.05032263996654,2.9989570001242005,0.0
21.66095,28.04083,44.73365,3598.98509,-0.94026,58.93036,8.133068665109937,3.0297820716690684,0.0
21.68581,28.08524,44.64614,3594.65331,-0.91816,58.95149,8.213980512720642,3.0599238638228945,0.0
21.71062,28.12961,44.5609,3590.27107,-0.89426,58.97262,8.292792795884226,3.0892835129773024,0.0
21.73538,28.17395,44.47809,3585.83917,-0.86861,58.99376,8.369240903340458,3.1177624444755145,0.0
21.7601,28.21825,44.39788,3581.35855,-0.84125,59.01491,8.4430626646469,3.145262992929603,0.0
21.78478,28.26251,44.3204,3576.83034,-0.81227,59.03606,8.51400008316061,3.1716890478017743,0.0
21.8094,28.30674,44.2458,3572.25581,-0.78172,59.05722,8.581801118514365,3.196946717423653,0.0
21.83399,28.35092,44.17423,3567.6364,-0.74968,59.07839,8.646221498383921,3.22094500392727,0.0
21.85852,28.39507,44.10581,3562.97369,-0.71623,59.09956,8.707026537683069,3.243596480943073,0.0
21.88301,28.43918,44.04066,3558.26942,-0.68146,59.12073,8.76399294200152,3.2648179654280027,0.0
21.90745,28.48324,43.97888,3553.52546,-0.64546,59.1419,8.816910571291357,3.2845311746850907,0.0
21.93184,28.52727,43.9206,3548.74385,-0.60833,59.16308,8.865584139366517,3.3026633594717394,0.0
21.95619,28.57125,43.86588,3543.92672,-0.57017,59.18427,8.909834824888206,3.3191479041341774,0.0
21.98049,28.6152,43.81482,3539.07634,-0.53108,59.20545,8.949501770147698,3.3339248849434826,0.0
22.00474,28.6591,43.76749,3534.1951,-0.49119,59.22664,8.984443445112458,3.346941578238656,0.0
22.02894,28.70295,43.72395,3529.28548,-0.45059,59.24783,9.014538855832098,3.3581529105896353,0.0
22.05309,28.74677,43.68424,3524.35004,-0.40942,59.26902,9.039688578548567,3.3675218440305503,0.0
22.07719,28.79054,43.64841,3519.39146,-0.36778,59.29021,9.059815603374858,3.3750196903522376,0.0
22.10125,28.83426,43.61648,3514.41244,-0.3258,59.3114,9.074865974500275,3.3806263495955537,0.0
22.12526,28.87794,43.58846,3509.41576,-0.28361,59.33259,9.084809217134268,3.384330469099176,0.0
22.14921,28.92158,43.56436,3504.40424,-0.24133,59.35379,9.089638544996495,3.386129520795118,0.0
22.17312,28.96517,43.54417,3499.38073,-0.19909,59.37498,9.089370845852695,3.3860297958204644,0.0
22.19698,29.00871,43.52787,3494.34809,-0.157,59.39617,9.084046446319746,3.384046316901058,0.0
22.22079,29.05221,43.51543,3489.30919,-0.11519,59.41737,9.073728660910477,3.3802026703588317,0.0
22.24455,29.09566,43.50681,3484.26687,-0.07379,59.43856,9.058503133750339,3.374530760883951,0.0
22.26827,29.13907,43.50195,3479.22397,-0.03291,59.45976,9.03847698481751,3.3670704934867826,0.0
22.29193,29.18243,43.50079,3474.18328,0.00732,59.48095,9.013777775446666,3.357869388120831,0.0
22.31554,29.22575,43.50326,3469.14756,0.04679,59.50214,8.984552310525753,3.34698213346953,0.0
22.33911,29.26902,43.50926,3464.11949,0.0854,59.52333,8.950965296961094,3.334470087189181,0.0
22.36262,29.31224,43.51871,3459.1017,0.12302,59.54453,8.913197879672975,3.320400730528801,0.0
22.38609,29.35542,43.53151,3454.09673,0.15957,59.56572,8.87144607760256,3.3048470857015437,0.0
22.40951,29.39855,43.54753,3449.10704,0.19493,59.58691,8.825919142869866,3.2878871046278686,0.0
22.43288,29.44164,43.56667,3444.13498,0.22902,59.6081,8.776837866435683,3.2696030377500302,0.0
22.4562,29.48468,43.58879,3439.18282,0.26174,59.6293,8.724432853351322,3.250080791517226,0.0
22.47947,29.52767,43.61376,3434.25269,0.29302,59.65049,8.668942789877471,3.2294092828417758,0.0
22.5027,29.57062,43.64143,3429.34664,0.32277,59.67168,8.610612723740001,3.2076797984491607,0.0
22.52587,29.61352,43.67166,3424.46657,0.35093,59.69288,8.549692377215704,3.184985366458073,0.0
22.549,29.65638,43.7043,3419.61428,0.37743,59.71407,8.486434511095116,3.1614201469135246,0.0
22.57208,29.6992,43.73919,3414.79143,0.4022,59.73527,8.42109335552706,3.1370788472351507,0.0
22.59512,29.74197,43.77616,3409.99955,0.42521,59.75646,8.35392312168322,3.112056167773101,0.0
22.6181,29.78469,43.81505,3405.24006,0.44639,59.77766,8.285176605928134,3.086446281824639,0.0
22.64104,29.82737,43.85569,3400.51424,0.46571,59.79886,8.21510389595505,3.060342353635703,0.0
22.66394,29.87001,43.89791,3395.82322,0.48313,59.82006,8.143951186107948,3.0338360970771885,0.0
22.68679,29.91261,43.94154,3391.16804,0.49863,59.84126,8.071959706934399,3.0070173768752233,0.0
22.70959,29.95517,43.98639,3386.54958,0.51218,59.86247,7.999364771973749,2.979973853514685,0.0
22.73234,29.99768,44.0323,3381.96862,0.52377,59.88368,7.926394942853993,2.9527906722158215,0.0
22.75505,30.04015,44.07908,3377.42579,0.53339,59.90489,7.853271312011928,2.9255501957286305,0.0
22.77772,30.08258,44.12656,3372.92164,0.54103,59.92611,7.780206900814179,2.89833178011711,0.0
22.80034,30.12497,44.17457,3368.45656,0.54668,59.94733,7.70740616945395,2.8712115921829002,0.0
22.82292,30.16732,44.22292,3364.03087,0.55036,59.96855,7.635064633852694,2.8442624667510743,0.0
22.84545,30.20963,44.27145,3359.64474,0.55208,59.98978,7.563368583848118,2.817553801687761,0.0
22.86794,30.2519,44.31998,3355.29827,0.55185,60.01101,7.492494896137979,2.7911514882167787,0.0
22.89038,30.29413,44.36834,3350.99144,0.54969,60.03225,7.422610934938728,2.765117873912374,0.0
22.91278,30.33632,44.41637,3346.72414,0.54563,60.05349,7.353874532860244,2.7395117555745534,0.0
22.93514,30.37848,44.4639,3342.49616,0.53969,60.07474,7.286434044291758,2.7143883991167437,0.0
22.95746,30.4206,44.51077,3338.30721,0.5319,60.09599,7.220428463505827,2.689799583562632,0.0
22.97973,30.46268,44.55682,3334.15693,0.52229,60.11725,7.155987599694687,2.6657936662518105,0.0
23.00196,30.50472,44.6019,3330.04485,0.51092,60.13851,7.093232301292894,2.6424156664058662,0.0
23.02415,30.54673,44.64585,3325.97044,0.49782,60.15979,7.0322747222532715,2.619707364323174,0.0
23.0463,30.5887,44.68854,3321.93311,0.48303,60.18107,6.973218623106218,2.5977074135314093,0.0
23.06841,30.63064,44.72982,3317.93218,0.4666,60.20235,6.916159700157348,2.5764514634223374,0.0
23.09047,30.67255,44.76956,3313.96693,0.44859,60.22365,6.8611859364687025,2.5559722900015416,0.0
23.1125,30.71441,44.80762,3310.03656,0.42904,60.24495,6.808377968769863,2.5362999325724696,0.0
23.13448,30.75625,44.84387,3306.14022,0.40801,60.26626,6.757809464891242,2.5174618343402693,0.0
23.15643,30.79805,44.87821,3302.277,0.38556,60.28758,6.709547506767653,2.4994829850906894,0.0
23.17833,30.83982,44.9105,3298.44597,0.36174,60.3089,6.663652974524075,2.482386064272138,0.0
23.2002,30.88156,44.94064,3294.64611,0.33662,60.33024,6.620180927615609,2.4661915829803402,0.0
23.22202,30.92326,44.96854,3290.87638,0.31025,60.35158,6.579180979423945,2.4509180235053836,0.0
23.24381,30.96493,44.99407,3287.1357,0.28271,60.37294,6.540697662130795,2.4365819752566673,0.0
23.26556,31.00657,45.01716,3283.42293,0.25405,60.3943,6.504770779087677,2.4231982660299214,0.0
23.28726,31.04818,45.03772,3279.73692,0.22435,60.41567,6.471435742232871,2.410780087703899,0.0
23.30893,31.08976,45.05566,3276.07645,0.19366,60.43705,6.440723892511497,2.399339115605288,0.0
23.33057,31.1313,45.07092,3272.44031,0.16206,60.45844,6.412662801477044,2.388885620863213,0.0
23.35216,31.17282,45.08341,3268.82721,0.12961,60.47984,6.387276552604196,2.379428575205669,0.0
23.37372,31.21431,45.09308,3265.23588,0.0964,60.50125,6.364586001048141,2.3709757477266957,0.0
23.39523,31.25576,45.09987,3261.66497,0.06247,60.52267,6.344609010822021,2.363533793241219,0.0
23.41671,31.29719,45.10373,3258.11315,0.02791,60.54411,6.327360668572145,2.3571083319219417,0.0
23.43816,31.33859,45.10462,3254.57904,-0.0072,60.56555,6.312853473278518,2.351704019967785,0.0
23.45956,31.37995,45.10249,3251.06123,-0.04281,60.587,6.301097501383248,2.34732461111856,0.0
23.48093,31.42129,45.09732,3247.55829,-0.07884,60.60846,6.292100546971118,2.343973008875924,0.0
23.50226,31.4626,45.08908,3244.06879,-0.11521,60.62993,6.285868236734998,2.3416513093310183,0.0
23.52355,31.50388,45.07775,3240.59126,-0.15185,60.65142,6.2824041195802005,2.340360834544448,0.0
23.54481,31.54513,45.06331,3237.1242,-0.18869,60.67291,6.2817097307875045,2.3401021564487,0.0
23.56603,31.58636,45.04576,3233.66611,-0.22566,60.69441,6.283784630748484,2.340875111278069,0.0
23.58721,31.62755,45.0251,3230.21547,-0.26268,60.71593,6.288626418362629,2.3426788045594367,0.0
23.60836,31.66872,45.00134,3226.77074,-0.29967,60.73745,6.296230719254397,2.3455116067228188,0.0
23.62947,31.70985,44.97448,3223.33035,-0.33657,60.75898,6.306591149042318,2.3493711394181336,0.0
23.65054,31.75096,44.94454,3219.89274,-0.3733,60.78053,6.319699251950613,2.3542542526464176,0.0
23.67158,31.79204,44.91155,3216.45632,-0.40978,60.80208,6.335544415167201,2.3601569928559325,0.0
23.69258,31.83309,44.87554,3213.01949,-0.44595,60.82365,6.354113759393057,2.3670745621689155,0.0
23.71354,31.87411,44.83654,3209.58066,-0.48173,60.84522,6.375392006166306,2.3750012689563182,0.0
23.73447,31.91511,44.7946,3206.13819,-0.51704,60.86681,6.399361322613418,2.38393047000354,0.0
23.75536,31.95607,44.74977,3202.69047,-0.55182,60.8884,6.426001144444499,2.3938545045715154,0.0
23.77621,31.99701,44.70209,3199.23587,-0.58598,60.91001,6.45528797809863,2.404764620690649,0.0
23.79703,32.03792,44.65163,3195.77274,-0.61947,60.93162,6.487195183149286,2.41665089410111,0.0
23.81781,32.07879,44.59846,3192.29946,-0.65221,60.95324,6.521692736205731,2.429502140299885,0.0
23.83855,32.11964,44.54264,3188.81439,-0.68413,60.97487,6.5587469778104275,2.4433058202534075,0.0
23.85926,32.16046,44.48426,3185.31589,-0.71515,60.99651,6.5983203439502445,2.458047940378419,0.0
23.87993,32.20125,44.4234,3181.80233,-0.74521,61.01816,6.640371084155497,2.473712947526439,0.0
23.90056,32.24201,44.36014,3178.27208,-0.77425,61.03982,6.684852968289791,2.490283619755274,0.0
23.92115,32.28274,44.29459,3174.72354,-0.80219,61.06148,6.731714984536032,2.5077409538208544,0.0
23.94171,32.32344,44.22683,3171.15511,-0.82897,61.08316,6.780901031281606,2.5260640503963585,0.0
23.96223,32.3641,44.15698,3167.56519,-0.85453,61.10484,6.832349605962193,2.5452299981583475,0.0
23.98272,32.40474,44.08515,3163.95223,-0.8788,61.12652,6.885993494254843,2.565213758003008,0.0
24.00317,32.44535,44.01144,3160.31469,-0.90173,61.14822,6.941759463293303,2.5859880487607874,0.0
24.02358,32.48592,43.93598,3156.65106,-0.92325,61.16992,6.999567962979564,2.6075232359270886,0.0
24.04395,32.52646,43.85889,3152.95984,-0.9433,61.19162,7.059332839723788,2.629787225022859,0.0
24.06428,32.56697,43.78031,3149.23961,-0.96184,61.21334,7.120961067326966,2.6527453613413017,0.0
24.08458,32.60745,43.70035,3145.48895,-0.97881,61.23505,7.184352499965108,2.6763603379279854,0.0
24.10483,32.64789,43.61915,3141.70651,-0.99417,61.25678,7.249399652555989,2.7005921137616777,0.0
24.12505,32.6883,43.53686,3137.89097,-1.00785,61.2785,7.315987513968986,2.7253978441700974,0.0
24.14524,32.72867,43.45362,3134.04108,-1.01983,61.30023,7.383993398782315,2.750731825605582,0.0
24.16538,32.76901,43.36957,3130.15565,-1.03007,61.32197,7.4532868433607575,2.7765454569313075,0.0
24.18548,32.80932,43.28485,3126.23354,-1.03851,61.34371,7.5237295521015355,2.8027872193964636,0.0
24.20555,32.84959,43.19963,3122.27371,-1.04514,61.36545,7.595175399676701,2.8294026774715997,0.0
24.22557,32.88982,43.11405,3118.27516,-1.04993,61.38719,7.667470494945803,2.8563345026577784,0.0
24.24556,32.93002,43.02827,3114.237,-1.05284,61.40894,7.740453311980792,2.8835225222967993,0.0
24.2655,32.97018,42.94244,3110.15841,-1.05386,61.43068,7.813954893313874,2.9109037952863703,0.0
24.28541,33.0103,42.85671,3106.03866,-1.05297,61.45243,7.8877991300129775,2.938412716415589,0.0
24.30528,33.05038,42.77125,3101.87714,-1.05017,61.47418,7.961803122614174,2.965981150821768,0.0
24.3251,33.09042,42.68621,3097.67332,-1.04544,61.49593,8.035777626141813,2.993538599772143,0.0
24.34489,33.13043,42.60175,3093.42678,-1.03879,61.51768,8.109527581649974,3.0210123986770494,0.0
24.36463,33.17039,42.51802,3089.13722,-1.03022,61.53943,8.182852735625959,3.0483279478340175,0.0
24.38434,33.21032,42.43517,3084.80444,-1.01974,61.56118,8.255548347521461,3.075408976001758,0.0
24.404,33.2502,42.35337,3080.42836,-1.00737,61.58292,8.32740598437849,3.102177836419216,0.0
24.42362,33.29004,42.27275,3076.00905,-0.99313,61.60466,8.398214400213847,3.1285558343994344,0.0
24.4432,33.32984,42.19347,3071.54668,-0.97704,61.6264,8.467760496352696,3.1544635850790748,0.0
24.46273,33.3696,42.11567,3067.04154,-0.95915,61.64814,8.535830357441526,3.1798213993605002,0.0
24.48223,33.40931,42.0395,3062.49406,-0.93948,61.66987,8.602210356360658,3.2045496955207633,0.0
24.50168,33.44897,41.96508,3057.90482,-0.9181,61.6916,8.666688319742562,3.2285694333978427,0.0
24.52109,33.4886,41.89255,3053.27449,-0.89504,61.71333,8.7290547443444,3.2518025675214197,0.0
24.54046,33.52817,41.82204,3048.60389,-0.87037,61.73504,8.789104053124033,3.2741725150342367,0.0
24.55978,33.56771,41.75366,3043.89399,-0.84415,61.75676,8.846635878624287,3.295604633786514,0.0
24.57906,33.60719,41.68754,3039.14584,-0.81645,61.77847,8.90145636013404,3.316026705562576,0.0
24.5983,33.64663,41.62378,3034.36067,-0.78734,61.80017,8.953379440173839,3.335369419055859,0.0
24.61749,33.68602,41.56248,3029.53977,-0.75691,61.82186,9.002228145154104,3.35356684694779,0.0
24.63664,33.72536,41.50375,3024.68461,-0.72525,61.84355,9.047835834631163,3.3705569112885265,0.0
24.65575,33.76465,41.44766,3019.79672,-0.69243,61.86523,9.090047403366725,3.3862818312957397,0.0
24.67481,33.8039,41.39429,3014.87776,-0.65857,61.8869,9.128720420603182,3.400688547764644,0.0
24.69383,33.84309,41.34372,3009.92951,-0.62375,61.90856,9.163726191334732,3.4137291184194067,0.0
24.7128,33.88223,41.29601,3004.95379,-0.58808,61.93021,9.194950725156552,3.4253610788349658,0.0
24.73173,33.92133,41.25121,2999.95257,-0.55167,61.95186,9.222295599282813,3.4355477639339376,0.0
24.75061,33.96037,41.20937,2994.92785,-0.51463,61.97349,9.245678703687892,3.4442585855713346,0.0
24.76945,33.99936,41.17052,2989.88172,-0.47707,61.99512,9.265034857923924,3.4514692623153254,0.0
24.78824,34.0383,41.13469,2984.81632,-0.4391,62.01674,9.280316290966402,3.457161998202351,0.0
24.80699,34.07719,41.1019,2979.73385,-0.40084,62.03834,9.291492977484449,3.461325608006645,0.0
24.8257,34.11602,41.07216,2974.63656,-0.36241,62.05994,9.298552826091967,3.463955587368742,0.0
24.84435,34.1548,41.04545,2969.52671,-0.32393,62.08152,9.301501717361948,3.465054126956808,0.0
24.86297,34.19353,41.02178,2964.4066,-0.28551,62.1031,9.300363391706508,3.464630070699006,0.0
24.88154,34.23221,41.00113,2959.27853,-0.24727,62.12466,9.295179189484418,3.4626988189667083,0.0
24.90006,34.27083,40.98346,2954.1448,-0.20934,62.14621,9.286007647927399,3.459282178418936,0.0
24.91853,34.3094,40.96874,2949.00771,-0.17182,62.16776,9.27292396154014,3.454408160987175,0.0
24.93697,34.34792,40.95691,2943.86955,-0.13482,62.18929,9.256019314592455,3.448110735211132,0.0
24.95535,34.38638,40.94793,2938.73257,-0.09847,62.21081,9.235400095994093,3.44042953375895,0.0
24.9737,34.42479,40.94174,2933.59899,-0.06287,62.23231,9.211187008381609,3.4314095215386216,0.0
24.99199,34.46314,40.93825,2928.47098,-0.02812,62.25381,9.183514084407355,3.4211006292397608,0.0
25.01024,34.50144,40.9374,2923.35067,0.00568,62.2753,9.152527624177715,3.4095573575013836,0.0
25.02845,34.53969,40.93909,2918.24012,0.03842,62.29677,9.118385068424956,3.396838357138773,0.0
25.04661,34.57788,40.94324,2913.14132,0.07001,62.31823,9.081253822319807,3.383005990982721,0.0
25.06473,34.61602,40.94974,2908.0562,0.10037,62.33969,9.041310044919948,3.3681258829172376,0.0
25.0828,34.65411,40.95848,2902.9866,0.1294,62.36113,8.99873741896384,3.352266459595383,0.0
25.10083,34.69214,40.96937,2897.9343,0.15704,62.38256,8.953725915337586,3.3354984901706657,0.0
25.11881,34.73012,40.98227,2892.90095,0.1832,62.40398,8.906470565754764,3.317894629087985,0.0
25.13675,34.76805,40.99708,2887.88814,0.20783,62.42539,8.857170256348082,3.2995289666647873,0.0
25.15465,34.80592,41.01365,2882.89735,0.23085,62.44679,8.80602655379626,3.2804765917924312,0.0
25.1725,34.84374,41.03188,2877.92998,0.25221,62.46818,8.753242574393726,3.260813170634903,0.0
25.19031,34.88151,41.05161,2872.98731,0.27186,62.48956,8.699021905230126,3.2406145447397963,0.0
25.20808,34.91923,41.07273,2868.07053,0.28975,62.51093,8.64356758527002,3.2199563514636846,0.0
25.2258,34.95689,41.09508,2863.18072,0.30585,62.53229,8.587081152751574,3.1989136691030753,0.0
25.24348,34.99451,41.11853,2858.31886,0.32012,62.55364,8.52976176397325,3.1775606886192636,0.0
25.26112,35.03207,41.14294,2853.48583,0.33254,62.57498,8.471805387171429,3.1559704133365347,0.0
25.27871,35.06958,41.16817,2848.68241,0.34308,62.59631,8.413404073936672,3.1342143875255566,0.0
25.29626,35.10704,41.19407,2843.90927,0.35173,62.61764,8.354745309370255,3.112362454319582,0.0
25.31377,35.14445,41.22049,2839.16698,0.35847,62.63895,8.296011441090947,3.090482543004458,0.0
25.33124,35.18181,41.24731,2834.45602,0.36331,62.66026,8.23737918616234,3.0686404853360774,0.0
25.34867,35.21912,41.27437,2829.77677,0.36624,62.68156,8.17901921413108,3.0468998602111537,0.0
25.36605,35.25639,41.30153,2825.12952,0.36727,62.70285,8.12109580352359,3.0253218657032073,0.0
25.3834,35.2936,41.32865,2820.51445,0.3664,62.72414,8.0637665685399,3.0039652172488274,0.0
25.4007,35.33077,41.35559,2815.93168,0.36367,62.74542,8.007182252065656,2.9828860705392013,0.0
25.41796,35.36788,41.38222,2811.38121,0.35907,62.76669,7.951486580721626,2.9621379675222403,0.0
25.43518,35.40495,41.4084,2806.86299,0.35265,62.78795,7.89681617730712,2.941771803785451,0.0
25.45237,35.44198,41.434,2802.37686,0.34442,62.80921,7.84330052576993,2.921835815506311,0.0
25.46951,35.47895,41.4589,2797.92259,0.33442,62.83047,7.7910619836876025,2.9023755841018795,0.0
25.48661,35.51588,41.48295,2793.4999,0.32269,62.85171,7.740215837182168,2.8834340566859744,0.0
25.50368,35.55276,41.50605,2789.10839,0.30926,62.87296,7.690870393197035,2.865051580444741,0.0
25.5207,35.5896,41.52808,2784.74763,0.29419,62.89419,7.643127104165878,2.847265949079097,0.0
25.53769,35.62639,41.54891,2780.41711,0.27751,62.91543,7.597080720189144,2.8301124594944844,0.0
25.55463,35.66314,41.56844,2776.11625,0.25928,62.93666,7.5528194640655295,2.8136239770047,0.0
25.57154,35.69984,41.58657,2771.84443,0.23955,62.95788,7.51042522466663,2.797831007369038,0.0
25.58841,35.7365,41.60318,2767.60095,0.21838,62.9791,7.469973764465711,2.782761774102221,0.0
25.60525,35.77312,41.61818,2763.38506,0.19582,63.00031,7.4315349372155435,2.76844229956512,0.0
25.62204,35.80969,41.63148,2759.19597,0.17194,63.02152,7.395172912080403,2.754896488459818,0.0
25.6388,35.84621,41.64299,2755.03282,0.14679,63.04273,7.360946400809382,2.7421462124576523,0.0
25.65552,35.8827,41.65263,2750.89473,0.12045,63.06394,7.328908884807239,2.730211394789076,0.0
25.6722,35.91914,41.66032,2746.78074,0.09298,63.08514,7.29910883925465,2.719110093734348,0.0
25.68884,35.95554,41.66598,2742.68988,0.06444,63.10634,7.27158995168026,2.7088585840473782,0.0
25.70545,35.9919,41.66955,2738.62112,0.03491,63.12753,7.24639133270237,2.6994714354625455,0.0
25.72203,36.02821,41.67096,2734.5734,0.00446,63.14873,7.2235477168611455,2.690961587509983,0.0
25.73856,36.06448,41.67017,2730.54561,-0.02684,63.16992,7.203089651761942,2.683340419976441,0.0
25.75506,36.10072,41.66711,2726.53662,-0.05892,63.1911,7.185043673936898,2.6766178184183587,0.0
25.77152,36.13691,41.66174,2722.54527,-0.09169,63.21229,7.169432470098661,2.6708022342331215,0.0
25.78795,36.17306,41.65403,2718.57035,-0.12509,63.23347,7.156275022625742,2.6659007388561813,0.0
25.80434,36.20916,41.64393,2714.61065,-0.15904,63.25465,7.1455867383703024,2.6619190717453463,0.0
25.82069,36.24523,41.63141,2710.66489,-0.19346,63.27583,7.137379560005364,2.6588616818605466,0.0
25.83701,36.28126,41.61646,2706.73182,-0.22826,63.29701,7.131662059340998,2.656731762426574,0.0
25.8533,36.31724,41.59906,2702.81011,-0.26338,63.31818,7.128439512215161,2.655531278831882,0.0
25.86954,36.35319,41.57919,2698.89846,-0.29874,63.33935,7.127713954668829,2.6552609895553045,0.0
25.88576,36.3891,41.55684,2694.9955,-0.33424,63.36052,7.129484220339199,2.6559204600960107,0.0
25.90193,36.42496,41.53202,2691.09988,-0.36983,63.38169,7.133745959088761,2.6575080699133182,0.0
25.91808,36.46078,41.50473,2687.21022,-0.40541,63.40285,7.1404916370708955,2.6600210124511334,0.0
25.93418,36.49657,41.47498,2683.32511,-0.4409,63.42402,7.1497105185570975,2.6634552883681133,0.0
25.95025,36.53231,41.44279,2679.44316,-0.47623,63.44518,7.161388629996487,2.667805692148891,0.0
25.96629,36.56802,41.40818,2675.56293,-0.51132,63.46633,7.1755087069253385,2.673065792326472,0.0
25.98229,36.60368,41.37117,2671.68301,-0.54608,63.48749,7.192050124477824,2.679227905595663,0.0
25.99826,36.6393,41.3318,2667.80194,-0.58045,63.50864,7.210988812415535,2.6862830651593295,0.0
26.01419,36.67489,41.29011,2663.91829,-0.61434,63.52979,7.232297155727647,2.694220983699347,0.0
26.03009,36.71043,41.24613,2660.03061,-0.64767,63.55094,7.255943882038864,2.7030300114330896,0.0
26.04595,36.74593,41.19992,2656.13746,-0.68037,63.57208,7.281893937177913,2.7126970897594287,0.0
26.06177,36.78139,41.15153,2652.23738,-0.71236,63.59322,7.310108350505457,2.723207701089832,0.0
26.07756,36.81681,41.10102,2648.32894,-0.74357,63.61436,7.34054409169238,2.734545815494508,0.0
26.09332,36.85219,41.04845,2644.4107,-0.77392,63.6355,7.373153920883454,2.7466938348844283,0.0
26.10904,36.88753,40.99389,2640.48123,-0.80335,63.65663,7.40788623434143,2.759632535509691,0.0
26.12473,36.92282,40.93741,2636.53911,-0.83177,63.67775,7.4446849078318875,2.7733410096162583,0.0
26.14038,36.95808,40.87909,2632.58296,-0.85913,63.69888,7.483489140260657,2.787796607196778,0.0
26.15599,36.99329,40.81902,2628.61138,-0.88536,63.71999,7.5242333001666,2.802974878805109,0.0
26.17157,37.02846,40.75727,2624.62302,-0.91039,63.74111,7.56684677795977,2.818849520511146,0.0
26.18712,37.06359,40.69394,2620.61654,-0.93416,63.76222,7.611253846857798,2.8353923220959643,0.0
26.20263,37.09868,40.62913,2616.59064,-0.9566,63.78332,7.657373535733371,2.852573119684162,0.0
26.2181,37.13372,40.56292,2612.54403,-0.97766,63.80442,7.705119517140485,2.8703597540306904,0.0
26.23354,37.16872,40.49543,2608.47548,-0.99729,63.82551,7.754400013969242,2.8887180357473117,0.0
26.24895,37.20368,40.42676,2604.38378,-1.01543,63.84659,7.805117728247363,2.907611718779288,0.0
26.26431,37.23859,40.35701,2600.26778,-1.03203,63.86767,7.857169795641973,2.927002483456099,0.0
26.27965,37.27346,40.28629,2596.12637,-1.04705,63.88874,7.910447769298869,2.946849930471148,0.0
26.29494,37.30828,40.21472,2591.95848,-1.06043,63.90981,7.96483763656106,2.9671115871098506,0.0
26.3102,37.34306,40.14242,2587.76311,-1.07216,63.93086,8.020219872094973,2.98774292704055,0.0
26.32543,37.37779,40.0695,2583.53931,-1.08218,63.95191,8.076469530781466,3.0086974049188626,0.0
26.34061,37.41248,39.99608,2579.28619,-1.09046,63.97295,8.133456383576714,3.0299265069994306,0.0
26.35576,37.44712,39.92228,2575.00295,-1.09699,63.99398,8.191045099272356,3.0513798188463612,0.0
26.37088,37.48171,39.84823,2570.68883,-1.10174,64.01501,8.249095474748895,3.073005111108676,0.0
26.38596,37.51626,39.77404,2566.34315,-1.10468,64.03602,8.3074627159928,3.0947484442065747,0.0
26.401,37.55076,39.69984,2561.96533,-1.10581,64.05702,8.36599777158647,3.1165542925652208,0.0
26.416,37.58521,39.62575,2557.55486,-1.10512,64.07801,8.424547719950205,3.138365688872571,0.0
26.43097,37.61961,39.5519,2553.11129,-1.1026,64.09899,8.482956210937168,3.1601243885851042,0.0
26.4459,37.65397,39.4784,2548.6343,-1.09826,64.11996,8.541063961758445,3.18177105467297,0.0
26.46079,37.68827,39.40539,2544.12364,-1.0921,64.14092,8.598709306497991,3.2032454623287543,0.0
26.47565,37.72252,39.33297,2539.57914,-1.08414,64.16187,8.655728797683377,3.2244867230684164,0.0
26.49047,37.75673,39.26127,2535.00076,-1.0744,64.1828,8.711957857583746,3.2454335273569113,0.0
26.50525,37.79088,39.19041,2530.38852,-1.06289,64.20372,8.76723147607765,3.266024404582321,0.0
26.51999,37.82498,39.1205,2525.74257,-1.04965,64.22463,8.821384951068577,3.286197998880122,0.0
26.53469,37.85903,39.05164,2521.06313,-1.03472,64.24553,8.874254666615066,3.305893359007127,0.0
26.54936,37.89303,38.98395,2516.35055,-1.01813,64.26641,8.925678903080149,3.3250502401434643,0.0
26.56399,37.92697,38.91754,2511.60526,-0.99993,64.28727,8.97549867285987,3.343609415223444,0.0
26.57858,37.96086,38.85249,2506.82781,-0.98018,64.30812,9.023558574520987,3.3615129931243284,0.0
26.59313,37.99469,38.78892,2502.01882,-0.95893,64.32896,9.069707657505084,3.3787047407913566,0.0
26.60764,38.02848,38.72691,2497.17904,-0.93624,64.34977,9.11380028907097,3.3951304061966074,0.0
26.62211,38.0622,38.66654,2492.30929,-0.91218,64.37058,9.155697014640976,3.4107380388406305,0.0
26.63654,38.09587,38.6079,2487.41051,-0.88683,64.39136,9.195265402473192,3.4254783044150727,0.0
26.65094,38.12949,38.55107,2482.4837,-0.86026,64.41213,9.232380863371484,3.4393047901662364,0.0
26.66529,38.16305,38.49611,2477.52998,-0.83256,64.43288,9.266927436172288,3.4521742975095724,0.0
26.67961,38.19655,38.44309,2472.55053,-0.80381,64.45362,9.29879852986127,3.4640471184876622,0.0
26.69388,38.23,38.39207,2467.54662,-0.7741,64.47433,9.327897613532649,3.4748872927982215,0.0
26.70812,38.26338,38.34309,2462.51958,-0.74352,64.49503,9.354138845800186,3.4846628422662542,0.0
26.72232,38.29671,38.29622,2457.47084,-0.71218,64.51571,9.37744763597809,3.4933459798987023,0.0
26.73648,38.32999,38.25147,2452.40186,-0.68018,64.53637,9.397761130088663,3.500913290935088,0.0
26.75059,38.3632,38.20889,2447.31418,-0.64761,64.55702,9.415028615628255,3.507345883633475,0.0
26.76467,38.39635,38.16849,2442.20938,-0.61459,64.57764,9.429211840148968,3.5126295079505385,0.0
26.77871,38.42945,38.1303,2437.08909,-0.58121,64.59824,9.440285239721431,3.516754640649958,0.0
26.79271,38.46248,38.09433,2431.95498,-0.54759,64.61883,9.448236074638098,3.5197165358554736,0.0
26.80667,38.49546,38.06058,2426.80874,-0.51384,64.63939,9.453064470894546,3.521515240503752,0.0
26.82058,38.52838,38.02904,2421.65209,-0.48007,64.65993,9.45478336732918,3.5221555746525395,0.0
26.83446,38.56123,37.9997,2416.48677,-0.44639,64.68046,9.453418369475676,3.521647077036855,0.0
26.8483,38.59403,37.97255,2411.31454,-0.41289,64.70096,9.449007512541323,3.5200039167721773,0.0
26.8621,38.62676,37.94756,2406.13714,-0.37971,64.72144,9.441600936971872,3.517244772493825,0.0
26.87586,38.65944,37.9247,2400.95632,-0.34693,64.7419,9.431260481289849,3.513392680678508,0.0
26.88957,38.69205,37.90393,2395.77382,-0.31466,64.76235,9.418059197792259,3.508474855228982,0.0
26.90325,38.7246,37.88521,2390.59136,-0.28302,64.78277,9.402080797674921,3.5025224807682647,0.0
26.91689,38.75709,37.86849,2385.41063,-0.25209,64.80317,9.383419032807879,3.4955704823347067,0.0
26.93049,38.78953,37.85371,2380.2333,-0.22198,64.82355,9.362177022046332,3.4876572744150884,0.0
26.94405,38.8219,37.8408,2375.061,-0.19278,64.84391,9.338466530429361,3.478824492427187,0.0
26.95757,38.8542,37.82971,2369.89531,-0.16458,64.86425,9.312407209855795,3.469116709851543,0.0
26.97105,38.88645,37.82036,2364.73779,-0.13746,64.88456,9.284125810041328,3.4585811442922396,0.0
26.98449,38.91864,37.81266,2359.58992,-0.11152,64.90486,9.25375536851297,3.4472673557285165,0.0
26.99789,38.95077,37.80655,2354.45313,-0.08682,64.92514,9.221434388279329,3.4352269401753146,0.0
27.01125,38.98283,37.80193,2349.32881,-0.06345,64.9454,9.187306011524916,3.4225132218626597,0.0
27.02457,39.01484,37.79872,2344.21827,-0.04146,64.96563,9.151517197288324,3.4091809468991534,0.0
27.03785,39.04678,37.79681,2339.12275,-0.02093,64.98585,9.114217910611503,3.39528598120874,0.0
27.0511,39.07866,37.79612,2334.04344,-0.0019,65.00605,9.075560330007164,3.380885015291462,0.0
27.0643,39.11049,37.79654,2328.98143,0.01556,65.02623,9.035698079527151,3.3660352781487246,0.0
27.07747,39.14225,37.79798,2323.93777,0.0314,65.04638,8.994785490931521,3.35079426242186,0.0
27.0906,39.17395,37.80033,2318.91341,0.0456,65.06652,8.952976900759328,3.335219462532505,0.0
27.10369,39.2056,37.80348,2313.90923,0.0581,65.08664,8.910425986348583,3.319368127332563,0.0
27.11674,39.23718,37.80733,2308.92605,0.06888,65.10674,8.867285144063386,3.3032970284774508,0.0
27.12976,39.26871,37.81178,2303.96458,0.07792,65.12682,8.823704912263942,3.287062245467248,0.0
27.14273,39.30018,37.8167,2299.02549,0.08518,65.14688,8.77983344081659,3.270718968025224,0.0
27.15567,39.33158,37.82199,2294.10933,0.09067,65.16693,8.735816008225944,3.2543213162168536,0.0
27.16857,39.36293,37.82755,2289.21662,0.09436,65.18695,8.691794586857222,3.237922178483698,0.0
27.18144,39.39422,37.83327,2284.34776,0.09626,65.20696,8.647907456084413,3.2215730675309193,0.0
27.19427,39.42546,37.83903,2279.5031,0.09636,65.22695,8.604288862658654,3.2053239938055595,0.0
27.20706,39.45663,37.84473,2274.68291,0.09467,65.24692,8.561068727106763,3.189223356122273,0.0
27.21981,39.48775,37.85027,2269.88739,0.09121,65.26688,8.51837239453786,3.1733178488322356,0.0
27.23253,39.51881,37.85554,2265.11665,0.08598,65.28682,8.476320427870546,3.1576523847948272,0.0
27.24521,39.54982,37.86043,2260.37076,0.07901,65.30674,8.43502844118381,3.14227003329646,0.0
27.25785,39.58077,37.86486,2255.64969,0.07032,65.32664,8.394606970642895,3.1272119719670712,0.0
27.27046,39.61166,37.86871,2250.95336,0.05994,65.34653,8.355161380286336,3.1125174516833067,0.0
27.28304,39.6425,37.87189,2246.28163,0.04791,65.3664,8.316791799777912,3.0982237733794955,0.0
27.29557,39.67328,37.87431,2241.63428,0.03426,65.38626,8.279593091187644,3.0843662756726924,0.0
27.30808,39.704,37.87588,2237.01103,0.01904,65.4061,8.243654841784243,3.070978332177674,0.0
27.32054,39.73467,37.87651,2232.41156,0.00228,65.42592,8.209061379845041,3.0580913573965565,0.0
27.33298,39.76529,37.87612,2227.83547,-0.01596,65.44573,8.175891810499882,3.045734820071591,0.0
27.34537,39.79585,37.87462,2223.28231,-0.03563,65.46553,8.144220068726638,3.0339362629273774,0.0
27.35774,39.82636,37.87195,2218.7516,-0.05669,65.48531,8.114114986640404,3.022721327737873,0.0
27.37006,39.85681,37.86802,2214.24277,-0.07906,65.50507,8.085640372430015,3.012113784732313,0.0
27.38236,39.88721,37.86276,2209.75523,-0.10269,65.52482,8.058855098327648,3.002135565366204,0.0
27.39462,39.91756,37.85611,2205.28833,-0.12752,65.54456,8.033813195206221,2.9928067975613475,0.0
27.40684,39.94785,37.84801,2200.84138,-0.15349,65.56428,8.010563951561458,2.984145842579256,0.0
27.41904,39.9781,37.83841,2196.41364,-0.18051,65.58398,7.9891520147430155,2.976169332732422,0.0
27.43119,40.00828,37.82724,2192.00434,-0.20854,65.60368,7.9696174925593475,2.968892209234793,0.0
27.44332,40.03842,37.81446,2187.61265,-0.23749,65.62336,7.9519960534681475,2.962327759525354,0.0
27.45541,40.0685,37.80002,2183.23774,-0.26729,65.64302,7.9363190238292525,2.956487653497391,0.0
27.46747,40.09853,37.78389,2178.87871,-0.29786,65.66267,7.922613480795139,2.951381978102643,0.0
27.47949,40.12851,37.76603,2174.53465,-0.32914,65.68231,7.910902339658573,2.947019269890604,0.0
27.49149,40.15844,37.74641,2170.20459,-0.36104,65.70194,7.901204434609474,2.9434065450925755,0.0
27.50344,40.18831,37.72499,2165.88756,-0.39348,65.72155,7.893534592044569,2.940549326931445,0.0
27.51537,40.21814,37.70178,2161.58255,-0.42639,65.74114,7.887903695747234,2.9384516699028893,0.0
27.52726,40.24791,37.67673,2157.28853,-0.45969,65.76073,7.8843187434032025,2.9371161808289648,0.0
27.53912,40.27763,37.64985,2153.00444,-0.49329,65.7803,7.882782894100015,2.9365440365529003,0.0
27.55095,40.3073,37.62112,2148.7292,-0.52711,65.79986,7.883295506617449,2.936734998203291,0.0
27.56275,40.33692,37.59055,2144.46172,-0.56108,65.8194,7.885852168444892,2.937687422003835,0.0
27.57451,40.36649,37.55812,2140.20089,-0.5951,65.83893,7.8904447156579405,2.939398266677886,0.0
27.58624,40.396,37.52386,2135.94556,-0.6291,65.85845,7.897061243899099,2.941863097539052,0.0
27.59794,40.42547,37.48777,2131.69461,-0.663,65.87795,7.905686110876481,2.9450760874220356,0.0
27.60961,40.45488,37.44987,2127.44687,-0.69672,65.89744,7.916299930927181,2.9490300146573345,0.0
27.62124,40.48424,37.41017,2123.20119,-0.73017,65.91692,7.928879562335281,2.9537162583468737,0.0
27.63284,40.51355,37.36871,2118.95639,-0.76327,65.93639,7.943398088240786,2.959124791252082,0.0
27.64441,40.54282,37.3255,2114.7113,-0.79594,65.95584,7.959824792092466,2.965244170649423,0.0
27.65595,40.57202,37.28059,2110.46476,-0.82812,65.97527,7.978125128761637,2.9720615275695272,0.0
27.66746,40.60118,37.23401,2106.21558,-0.8597,65.99469,7.998260692511744,2.979562554865009,0.0
27.67893,40.63029,37.1858,2101.96259,-0.89064,66.0141,8.020189183196539,2.98773149461841,0.0
27.69038,40.65934,37.13601,2097.70463,-0.92083,66.0335,8.043864372120236,2.9965511254241988,0.0
27.70179,40.68835,37.08468,2093.44053,-0.95022,66.05288,8.06923606917598,3.00600275014699,0.0
27.71316,40.7173,37.03187,2089.16916,-0.97873,66.07224,8.096250092886246,3.0160661847608057,0.0
27.72451,40.7462,36.97764,2084.88938,-1.0063,66.09159,8.124848245145738,3.026719748940138,0.0
27.73583,40.77505,36.92205,2080.60007,-1.03284,66.11093,8.154968292502668,3.0379402590867364,0.0
27.74711,40.80384,36.86515,2076.30013,-1.05831,66.13025,8.186543955895443,3.0497030245062504,0.0
27.75836,40.83259,36.80702,2071.9885,-1.08263,66.14955,8.219504910801868,3.061981847463813,0.0
27.76958,40.86128,36.74773,2067.6641,-1.10575,66.16884,8.253776799819354,3.0747490278704968,0.0
27.78077,40.88992,36.68734,2063.32593,-1.1276,66.18812,8.289281259663525,3.0879753733410125,0.0
27.79192,40.9185,36.62594,2058.97298,-1.14814,66.20737,8.325935964621495,3.1016302153811877,0.0
27.80304,40.94703,36.5636,2054.6043,-1.16731,66.22661,8.363654688414728,3.1156814324335187,0.0
27.81413,40.97551,36.5004,2050.21897,-1.18506,66.24584,8.402347386389627,3.1300954804953234,0.0
27.82519,41.00394,36.43642,2045.8161,-1.20136,66.26505,8.441920299871038,3.1448374319931682,0.0
27.83622,41.03231,36.37175,2041.39485,-1.21616,66.28424,8.482276084388003,3.1598710235503336,0.0
27.84721,41.06062,36.30647,2036.95442,-1.22941,66.30341,8.523313963320819,3.1751587132243877,0.0
27.85818,41.08889,36.24067,2032.49408,-1.2411,66.32257,8.564929908363835,3.1906617477343246,0.0
27.86911,41.11709,36.17443,2028.01312,-1.25119,66.34171,8.607016847962067,3.2063402401086947,0.0
27.88,41.14524,36.10785,2023.5109,-1.25966,66.36083,8.649464904622453,3.2221532580902768,0.0
27.89087,41.17334,36.04101,2018.98683,-1.26649,66.37993,8.69216166175298,3.2380589235406902,0.0
27.9017,41.20138,35.974,2014.4404,-1.27166,66.39901,8.734992460326163,3.254014522955335,0.0
27.9125,41.22936,35.90692,2009.87113,-1.27517,66.41807,8.777840725359557,3.2699766290859795,0.0
27.92327,41.25729,35.83985,2005.27863,-1.27701,66.43711,8.820588321816183,3.2859012335230284,0.0
27.934,41.28516,35.77288,2000.66256,-1.27717,66.45614,8.863115939127933,3.301743889940611,0.0
27.9447,41.31297,35.7061,1996.02265,-1.27567,66.47514,8.905303503186271,3.317459867573957,0.0
27.95537,41.34073,35.63959,1991.3587,-1.27251,66.49412,8.947030614146303,3.3330043143129355,0.0
27.96601,41.36842,35.57346,1986.67059,-1.26772,66.51308,8.988177008032023,3.3483324286621468,0.0
27.97661,41.39606,35.50776,1981.95826,-1.2613,66.53202,9.028623039693196,3.3633996396550745,0.0
27.98718,41.42364,35.4426,1977.22172,-1.25329,66.55094,9.068250184204254,3.378161793638367,0.0
27.99771,41.45116,35.37805,1972.46107,-1.24372,66.56984,9.106941553456164,3.3925753467158972,0.0
28.00822,41.47863,35.31419,1967.67646,-1.23262,66.58871,9.144582424278708,3.4065975614882125,0.0
28.01869,41.50603,35.25109,1962.86814,-1.22003,66.60756,9.181060774109259,3.420186706603242,0.0
28.02912,41.53337,35.18883,1958.0364,-1.20601,66.62639,9.21626781990156,3.433302257514,0.0
28.03952,41.56065,35.12748,1953.18163,-1.1906,66.64519,9.250098555758301,3.445905096760869,0.0
28.04989,41.58787,35.0671,1948.30429,-1.17386,66.66397,9.282452284512885,3.4579577119997884,0.0
28.06023,41.61503,35.00776,1943.40489,-1.15585,66.68273,9.313233138430766,3.469424389977209,0.0
28.07053,41.64212,34.94951,1938.48402,-1.13663,66.70146,9.342350584069901,3.48027140460389,0.0
28.0808,41.66916,34.89242,1933.54234,-1.11628,66.72017,9.369719906373891,3.4904671972923365,0.0
28.09103,41.69613,34.83653,1928.58056,-1.09487,66.73886,9.395262667163127,3.499982547756811,0.0
28.10123,41.72304,34.78188,1923.59948,-1.07247,66.75751,9.418907133331338,3.5087907335278157,0.0
28.11139,41.74988,34.72853,1918.59992,-1.04918,66.77615,9.440588670286871,3.516867676519323,0.0
28.12153,41.77667,34.6765,1913.58279,-1.02506,66.79476,9.46025009649236,3.524192075104126,0.0
28.13162,41.80339,34.62584,1908.54902,-1.00022,66.81334,9.477841995336016,3.530745520294104,0.0
28.14169,41.83004,34.57656,1903.49961,-0.97473,66.83189,9.493322980975753,3.5365125947741527,0.0
28.15172,41.85663,34.5287,1898.4356,-0.9487,66.85042,9.506659915341077,3.541480953741098,0.0
28.16171,41.88316,34.48227,1893.35807,-0.92222,66.86893,9.517828073975382,3.545641386684316,0.0
28.17167,41.90962,34.43728,1888.26813,-0.89537,66.8874,9.526811258998817,3.548987859467369,0.0
28.1816,41.93602,34.39375,1883.16693,-0.86828,66.90585,9.533601858108703,3.551517536307217,0.0
28.19149,41.96235,34.35167,1878.05563,-0.84101,66.92428,9.538200849107787,3.553230781461111,0.0
28.20135,41.98862,34.31105,1872.93543,-0.81369,66.94267,9.54061775012865,3.554131140683877,0.0
28.21118,42.01482,34.27188,1867.80755,-0.78641,66.96104,9.54087051632624,3.5542253027431583,0.0
28.22097,42.04096,34.23414,1862.6732,-0.75926,66.97938,9.538985384437428,3.553523041513769,0.0
28.23072,42.06703,34.19782,1857.53362,-0.73234,66.9977,9.534996667143957,3.5520371393724846,0.0
28.24044,42.09303,34.1629,1852.39004,-0.70576,67.01598,9.528946499770404,3.5497832928363513,0.0
28.25013,42.11897,34.12936,1847.24371,-0.6796,67.03424,9.520884542328561,3.546780001566398,0.0
28.25978,42.14484,34.09716,1842.09584,-0.65397,67.05247,9.510867640293371,3.543048441997735,0.0
28.2694,42.17065,34.06627,1836.94765,-0.62895,67.07068,9.498959447995855,3.5386123270435133,0.0
28.27899,42.19639,34.03666,1831.80036,-0.60463,67.08886,9.485230018709451,3.5334977533913023,0.0
28.28854,42.22207,34.00827,1826.65515,-0.5811,67.107,9.469755365813988,3.527733038025121,0.0
28.29806,42.24767,33.98106,1821.51318,-0.55845,67.12513,9.452616999568916,3.521348545661276,0.0
28.30754,42.27321,33.95499,1816.37559,-0.53675,67.14322,9.433901444131505,3.5143765088249395,0.0
28.31699,42.29869,33.93,1811.24349,-0.51609,67.16129,9.413699739484114,3.506850842304947,0.0
28.32641,42.3241,33.90603,1806.11795,-0.49653,67.17932,9.392106932879956,3.498806953703964,0.0
28.33579,42.34944,33.88302,1801.00002,-0.47815,67.19734,9.369221564343945,3.490281551774013,0.0
28.34514,42.37472,33.86092,1795.8907,-0.461,67.21532,9.345145150572295,3.4813124541555007,0.0
28.35445,42.39993,33.83965,1790.79095,-0.44516,67.23328,9.319981671386524,3.4719383960678174,0.0
28.36374,42.42507,33.81915,1785.70167,-0.43068,67.25121,9.293837062627103,3.462198841398875,0.0
28.37298,42.45015,33.79936,1780.62375,-0.4176,67.26911,9.266818719091994,3.452133797536644,0.0
28.3822,42.47516,33.7802,1775.55801,-0.40598,67.28699,9.239035010766704,3.441783635152111,0.0
28.39138,42.50011,33.76159,1770.50521,-0.39586,67.30484,9.210594815296064,3.431188914032718,0.0
28.40053,42.52499,33.74348,1765.46609,-0.38727,67.32266,9.181607069205777,3.420390215900583,0.0
28.40965,42.54981,33.72577,1760.4413,-0.38025,67.34045,9.152180340112336,3.409427985049436,0.0
28.41873,42.57456,33.7084,1755.43147,-0.37482,67.35822,9.12242242167517,3.3983423774536354,0.0
28.42779,42.59925,33.69129,1750.43717,-0.37101,67.37597,9.092439952740177,3.387173118889114,0.0
28.43681,42.62387,33.67437,1745.45889,-0.36883,67.39369,9.062338061753932,3.375959372468317,0.0
28.44579,42.64843,33.65756,1740.4971,-0.3683,67.41138,9.032220037143793,3.36473961584812,0.0
28.45475,42.67292,33.64078,1735.55219,-0.36941,67.42904,9.002187024075512,3.353551528264054,0.0
28.46367,42.69735,33.62396,1730.62451,-0.37218,67.44669,8.972337747665254,3.3424318874195023,0.0
28.47256,42.72171,33.60703,1725.71436,-0.37659,67.4643,8.942768262430716,3.331416476149657,0.0
28.48142,42.74601,33.58991,1720.82195,-0.38265,67.48189,8.913571727546152,3.3205399986980897,0.0
28.49025,42.77025,33.57253,1715.94749,-0.39033,67.49946,8.884838207195434,3.3098360063430254,0.0
28.49904,42.79442,33.55482,1711.09109,-0.39962,67.517,8.856654495146993,3.2993368320468877,0.0
28.50781,42.81853,33.53671,1706.25284,-0.41051,67.53452,8.829103962489212,3.2890735337337222,0.0
28.51654,42.84257,33.51812,1701.43275,-0.42296,67.55201,8.80226642733387,3.27907584575031,0.0
28.52524,42.86656,33.499,1696.63081,-0.43693,67.56948,8.776218045164635,3.2693721380180865,0.0
28.53392,42.89048,33.47929,1691.84693,-0.45241,67.58692,8.751031218434752,3.259989382355909,0.0
28.54256,42.91434,33.45891,1687.08099,-0.46935,67.60434,8.726774523958785,3.2509531254315682,0.0
28.55117,42.93813,33.43781,1682.33283,-0.48771,67.62174,8.703512656589401,3.242287467779906,0.0
28.55975,42.96187,33.41593,1677.60222,-0.50744,67.63911,8.681306387657454,3.2340150483206553,0.0
28.5683,42.98554,33.39322,1672.88889,-0.52849,67.65646,8.66021253669139,3.2261570338231746,0.0
28.57681,43.00915,33.36962,1668.19255,-0.55081,67.67378,8.640283954894423,3.2187331127512597,0.0
28.5853,43.0327,33.34509,1663.51285,-0.57435,67.69109,8.621569518961751,3.211761492959895,0.0
28.59376,43.05619,33.31958,1658.84939,-0.59905,67.70837,8.604114133814504,3.20525890271372,0.0
28.60219,43.07961,33.29305,1654.20175,-0.62484,67.72563,8.587958742955436,3.1992405945448024,0.0
28.61059,43.10298,33.26545,1649.56946,-0.65167,67.74286,8.573140345161178,3.1937203514709296,0.0
28.61896,43.12628,33.23675,1644.95202,-0.67947,67.76007,8.559692016387045,3.1887104951557386,0.0
28.6273,43.14953,33.20692,1640.3489,-0.70816,67.77726,8.547642935778516,3.1842218955986707,0.0
28.63561,43.17271,33.17592,1635.75952,-0.73768,67.79443,8.537018414845093,3.1802639820030008,0.0
28.64389,43.19584,33.14373,1631.18328,-0.76796,67.81158,8.52783992892671,3.176844754497904,0.0
28.65214,43.2189,33.11032,1626.61956,-0.79892,67.8287,8.520125150196115,3.1739707964327124,0.0
28.66036,43.2419,33.07568,1622.06769,-0.83049,67.8458,8.51388798155725,3.1716472870049515,0.0
28.66856,43.26485,33.03979,1617.527,-0.86259,67.86288,8.509138590911853,3.169878014025552,0.0
28.67672,43.28773,33.00262,1612.99677,-0.89515,67.87994,8.505883445367214,3.16866538666214,0.0
28.68486,43.31056,32.96419,1608.47628,-0.92808,67.89697,8.504125345093213,3.168010448051673,0.0
28.69296,43.33332,32.92446,1603.96477,-0.96131,67.91399,8.503863456631825,3.167912887709105,0.0
28.70104,43.35603,32.88346,1599.46148,-0.99476,67.93098,8.505093345560976,3.1683710536955387,0.0
28.70909,43.37867,32.84116,1594.96562,-1.02835,67.94795,8.5078070085686,3.16938196456665,0.0
28.71711,43.40126,32.79758,1590.47639,-1.06199,67.9649,8.511992905037426,3.170941321138852,0.0
28.72511,43.42379,32.75273,1585.99298,-1.09562,67.98183,8.51763598837434,3.1730435181603123,0.0
28.73307,43.44626,32.70661,1581.51456,-1.12915,67.99873,8.52471773742195,3.1756816560125785,0.0
28.74101,43.46867,32.65924,1577.04029,-1.16249,68.01561,8.533216188363621,3.1788475525960527,0.0
28.74891,43.49102,32.61063,1572.56935,-1.19559,68.03247,8.543105967603516,3.1825317555786667,0.0
28.75679,43.51331,32.56081,1568.10088,-1.22834,68.04931,8.554358326234398,3.1867235552360436,0.0
28.76464,43.53554,32.50979,1563.63404,-1.26069,68.06613,8.566941176728783,3.191410998119925,0.0
28.77247,43.55771,32.45761,1559.16798,-1.29255,68.08292,8.580819132560443,3.196580901818211,0.0
28.78026,43.57982,32.40429,1554.70185,-1.32386,68.0997,8.595953551554281,3.202218871103946,0.0
28.78803,43.60188,32.34986,1550.23481,-1.35453,68.11645,8.612302583767825,3.2083093157724187,0.0
28.79577,43.62387,32.29436,1545.76604,-1.3845,68.13317,8.629821224767149,3.214835470487853,0.0
28.80348,43.64581,32.23783,1541.29469,-1.41371,68.14988,8.648461375180933,3.2217794169688614,0.0
28.81116,43.66768,32.1803,1536.81996,-1.44208,68.16656,8.668171907434747,3.229122108848723,0.0
28.81882,43.6895,32.12182,1532.34104,-1.46955,68.18322,8.688898740563818,3.2368433995451036,0.0
28.82644,43.71125,32.06242,1527.85715,-1.49607,68.19986,8.710584923999127,3.244922073472583,0.0
28.83404,43.73295,32.00216,1523.3675,-1.52157,68.21647,8.733170731195267,3.2533358809214983,0.0
28.84162,43.75459,31.94109,1518.87137,-1.546,68.23306,8.756593763934513,3.26206157691395,0.0
28.84916,43.77616,31.87924,1514.368,-1.56931,68.24963,8.780789068080022,3.271074964324919,0.0
28.85667,43.79768,31.81669,1509.85671,-1.59145,68.26618,8.805689261483506,3.280350941531235,0.0
28.86416,43.81914,31.75346,1505.33681,-1.61237,68.2827,8.831224674706261,3.2898635548338695,0.0
28.87162,43.84053,31.68963,1500.80765,-1.63204,68.29919,8.857323505043226,3.299586055835944,0.0
28.87905,43.86187,31.62525,1496.26862,-1.65042,68.31566,8.8839119843103,3.3094909639479226,0.0
28.88646,43.88314,31.56037,1491.71913,-1.66746,68.33211,8.910914560653545,3.3195501341163247,0.0
28.89383,43.90436,31.49505,1487.15862,-1.68315,68.34854,8.938254094568254,3.3297348298459846,0.0
28.90118,43.92551,31.42935,1482.58659,-1.69746,68.36493,8.965852069099167,3.3400158015051615,0.0
28.9085,43.9466,31.36332,1478.00255,-1.71037,68.38131,8.993628814076555,3.350363369859384,0.0
28.9158,43.96763,31.29702,1473.40608,-1.72186,68.39766,9.021503744057831,3.3607475147109587,0.0
28.92306,43.9886,31.23052,1468.79677,-1.73192,68.41398,9.049395609425051,3.3711379684393945,0.0
28.9303,44.00951,31.16387,1464.17427,-1.74054,68.43028,9.077222759978513,3.381504314196955,0.0
28.93751,44.03035,31.09712,1459.53829,-1.74773,68.44655,9.104903420098717,3.391816088413732,0.0
28.94469,44.05113,31.03034,1454.88855,-1.75347,68.46279,9.132355974397846,3.402042887210334,0.0
28.95184,44.07185,30.96359,1450.22485,-1.75779,68.47901,9.159499262609742,3.4121544762521605,0.0
28.95896,44.09251,30.89691,1445.547,-1.76069,68.4952,9.186252882220645,3.4221209034873183,0.0
28.96606,44.1131,30.83036,1440.85491,-1.76219,68.51137,9.21253749724639,3.4319126141742524,0.0
28.97313,44.13363,30.764,1436.14849,-1.76232,68.52751,9.238275151342975,3.441500567523667,0.0
28.98017,44.1541,30.69788,1431.42773,-1.76108,68.54362,9.263389583302136,3.4508563542289292,0.0
28.98718,44.17451,30.63205,1426.69266,-1.75853,68.5597,9.28780654288198,3.4599523141212924,0.0
28.99416,44.19485,30.56655,1421.94334,-1.7547,68.57576,9.311454104766629,3.4687616531281242,0.0
29.00112,44.21512,30.50144,1417.17992,-1.74962,68.59179,9.33426297840096,3.477258558694496,0.0
29.00805,44.23533,30.43676,1412.40257,-1.74333,68.60779,9.356166811358515,3.485418312795717,0.0
29.01495,44.25548,30.37255,1407.6115,-1.7359,68.62376,9.377102483916003,3.493217401674079,0.0
29.02182,44.27556,30.30885,1402.807,-1.72737,68.6397,9.3970103924185,3.500633621399856,0.0
29.02866,44.29558,30.2457,1397.98938,-1.71781,68.65561,9.415834719162698,3.507646178409916,0.0
29.03547,44.31553,30.18314,1393.159,-1.70726,68.6715,9.433523686486868,3.51423578416291,0.0
29.04226,44.33542,30.12119,1388.31627,-1.6958,68.68735,9.450029792893291,3.5203847431011,0.0
29.04902,44.35524,30.0599,1383.46164,-1.68349,68.70318,9.465310029154937,3.5260770331557763,0.0
29.05575,44.375,29.99927,1378.5956,-1.67041,68.71898,9.479326072492038,3.5312983780831417,0.0
29.06245,44.39469,29.93934,1373.71868,-1.65664,68.73474,9.492044457090572,3.536036310986934,0.0
29.06912,44.41431,29.88014,1368.83144,-1.64223,68.75048,9.503436719435479,3.540280228458875,0.0
29.07577,44.43387,29.82166,1363.93447,-1.62729,68.76619,9.513479517171454,3.5440214348574375,0.0
29.08238,44.45336,29.76394,1359.02843,-1.61189,68.78186,9.522154720417303,3.5472531763248503,0.0
29.08897,44.47278,29.70698,1354.11395,-1.59611,68.79751,9.529449474776412,3.5499706642601576,0.0
29.09553,44.49214,29.65079,1349.19174,-1.58003,68.81313,9.535356235496534,3.5521710880446316,0.0
29.10206,44.51143,29.59538,1344.2625,-1.56375,68.82871,9.539872772544081,3.5538536169320842,0.0
29.10856,44.53065,29.54074,1339.32696,-1.54735,68.84427,9.543002146654958,3.555019391127174,0.0
29.11503,44.54981,29.48688,1334.38589,-1.53092,68.85979,9.544752656648335,3.5556715021583973,0.0
29.12148,44.56889,29.43379,1329.44006,-1.51454,68.87528,9.545137758634898,3.5558149627810347,0.0
29.1279,44.58791,29.38146,1324.49023,-1.49831,68.89075,9.544175957944928,3.555456666717522,0.0
29.13429,44.60687,29.32989,1319.53722,-1.4823,68.90618,9.541890674908423,3.5546053386570087,0.0
29.14065,44.62575,29.27906,1314.58181,-1.46662,68.92158,9.538310085798704,3.5532714750026693,0.0
29.14698,44.64457,29.22895,1309.62482,-1.45133,68.93695,9.533466940501048,3.5514672759484704,0.0
29.15328,44.66332,29.17954,1304.66706,-1.43654,68.95228,9.527398358623534,3.549206569525097,0.0
29.15956,44.682,29.13082,1299.70933,-1.42231,68.96759,9.52014560595266,3.5465047283237885,0.0
29.16581,44.70062,29.08275,1294.75243,-1.40873,68.98287,9.511753853252749,3.54337857964277,0.0
29.17203,44.71917,29.03531,1289.79717,-1.39588,68.99811,9.502271919542917,3.5398463098511668,0.0
29.17822,44.73765,28.98848,1284.84433,-1.38383,69.01332,9.491752002037485,3.5359273637847037,0.0
29.18438,44.75606,28.94222,1279.8947,-1.37266,69.02851,9.480249394993345,3.5316423400089563,0.0
29.19052,44.7744,28.89649,1274.94903,-1.36244,69.04366,9.467822199709184,3.5270128827864187,0.0
29.19663,44.79268,28.85126,1270.00808,-1.35323,69.05878,9.45453102791225,3.522061571580284,0.0
29.20271,44.81088,28.8065,1265.07258,-1.34509,69.07387,9.440438700732859,3.5168118089145173,0.0
29.20876,44.82902,28.76216,1260.14324,-1.3381,69.08893,9.425609945416168,3.511287707391016,0.0
29.21478,44.8471,28.7182,1255.22074,-1.33229,69.10395,9.410111091780506,3.5055139766123493,0.0
29.22078,44.8651,28.67459,1250.30577,-1.32773,69.11895,9.394009770424494,3.499515810755973,0.0
29.22675,44.88304,28.63127,1245.39895,-1.32446,69.13392,9.377374614447474,3.4933187774572367,0.0
29.23269,44.90091,28.58822,1240.50089,-1.32252,69.14886,9.360274966412277,3.486948708645308,0.0
29.23861,44.91871,28.54537,1235.6122,-1.32196,69.16376,9.342780592068046,3.4804315938973893,0.0
29.24449,44.93644,28.50268,1230.73341,-1.32281,69.17864,9.324961402229494,3.473793476831427,0.0
29.25035,44.95411,28.46011,1225.86506,-1.3251,69.19348,9.306887184027985,3.467060354990063,0.0
29.25619,44.97171,28.41762,1221.00764,-1.32885,69.2083,9.288627342595733,3.460258083611206,0.0
29.26199,44.98924,28.37515,1216.1616,-1.33409,69.22308,9.270250654089184,3.4534122836227414,0.0
29.26777,45.00671,28.33266,1211.32738,-1.34083,69.23784,9.25182503077162,3.4465482541296217,0.0
29.27352,45.02411,28.2901,1206.50537,-1.34909,69.25257,9.23341729874103,3.4396908896116467,0.0
29.27925,45.04144,28.24743,1201.69593,-1.35886,69.26727,9.21509298873454,3.432864601992617,0.0
29.28495,45.05871,28.20459,1196.89938,-1.37016,69.28193,9.196916140263534,3.4260932476754995,0.0
29.29062,45.07591,28.16155,1192.116,-1.38298,69.29657,9.178949119269145,3.419400059614317,0.0
29.29626,45.09304,28.11826,1187.34606,-1.39732,69.31118,9.161252449274912,3.4128075844140535,0.0
29.30188,45.11011,28.07468,1182.58976,-1.41316,69.32576,9.143884655984328,3.406337624439167,0.0
29.30747,45.12711,28.03075,1177.8473,-1.43048,69.34032,9.126902125104246,3.4000111848490557,0.0
29.31304,45.14405,27.98645,1173.11881,-1.44928,69.35484,9.110358973120967,3.3938484254587595,0.0
29.31858,45.16092,27.94173,1168.40441,-1.46952,69.36934,9.09430693067661,3.3878686172935804,0.0
29.3241,45.17773,27.89655,1163.70417,-1.49117,69.3838,9.078795238106261,3.382090103673931,0.0
29.32958,45.19447,27.85087,1159.01813,-1.51421,69.39824,9.063870552676518,3.3765302656592437,0.0
29.33505,45.21114,27.80465,1154.34631,-1.5386,69.41265,9.049576867000209,3.3712054916553145,0.0
29.34048,45.22775,27.75787,1149.68868,-1.56429,69.42704,9.035955438078146,3.3661311509804803,0.0
29.3459,45.2443,27.71049,1145.04518,-1.59126,69.44139,9.023044726401004,3.3613215711794764,0.0
29.35128,45.26078,27.66247,1140.41571,-1.61944,69.45572,9.01088034456188,3.3567900188802535,0.0
29.35664,45.2772,27.61379,1135.80016,-1.64879,69.47002,8.999495014777146,3.3525486839693848,0.0
29.36198,45.29355,27.56442,1131.19838,-1.67926,69.4843,8.988918534765359,3.3486086668810566,0.0
29.36729,45.30984,27.51434,1126.61018,-1.71079,69.49854,8.979177751453104,3.344979968801808,0.0
29.37257,45.32606,27.46351,1122.03536,-1.74333,69.51276,8.970296541972766,3.341671484591697,0.0
29.37783,45.34223,27.41193,1117.47367,-1.77681,69.52696,8.96229580146649,3.3386909982409567,0.0
29.38307,45.35832,27.35956,1112.92485,-1.81117,69.54112,8.955193437247981,3.3360451806951126,0.0
29.38828,45.37436,27.3064,1108.38861,-1.84634,69.55526,8.949004368904088,3.333739589892824,0.0
29.39346,45.39033,27.25242,1103.86464,-1.88227,69.56938,8.943740533989887,3.331778672887452,0.0
29.39862,45.40624,27.19762,1099.3526,-1.91888,69.58346,8.939410898943663,3.3301657699131795,0.0
29.40376,45.42208,27.14198,1094.85213,-1.9561,69.59753,8.936021475016355,3.328903120319146,0.0
29.40887,45.43786,27.0855,1090.36286,-1.99387,69.61156,8.933575338941203,3.327991870269438,0.0
29.41396,45.45358,27.02817,1085.88437,-2.0321,69.62557,8.932072658177576,3.3274320821470766,0.0
29.41902,45.46924,26.96999,1081.41627,-2.07073,69.63955,8.93151072062953,3.3272227456249635,0.0
29.42406,45.48483,26.91095,1076.95812,-2.10969,69.65351,8.93188396872755,3.3273617903622243,0.0
29.42908,45.50036,26.85105,1072.50946,-2.1489,69.66744,8.93318403786972,3.3278461003245603,0.0
29.43407,45.51583,26.7903,1068.06984,-2.18828,69.68134,8.935399799218331,3.3286715297271074,0.0
29.43903,45.53124,26.72871,1063.6388,-2.22777,69.69522,8.938517406908565,3.3298329206209143,0.0
29.44397,45.54658,26.66627,1059.21584,-2.2673,69.70907,8.94252034976933,3.3313241221603156,0.0
29.44889,45.56186,26.603,1054.80047,-2.30678,69.7229,8.947389507667964,3.3331380115928106,0.0
29.45379,45.57709,26.5389,1050.39221,-2.34615,69.7367,8.953103212633755,3.335266517029194,0.0
29.45866,45.59224,26.474,1045.99054,-2.38534,69.75047,8.959637314939368,3.3377006420606135,0.0
29.46351,45.60734,26.40831,1041.59496,-2.42428,69.76422,8.96696525432596,3.3404304922918078,0.0
29.46833,45.62238,26.34183,1037.20497,-2.46289,69.77794,8.975058136574797,3.343445303866048,0.0
29.47313,45.63735,26.2746,1032.82005,-2.50113,69.79164,8.983884815632456,3.3467334740589285,0.0
29.47791,45.65226,26.20663,1028.4397,-2.53892,69.80531,8.993411981504275,3.350282594021002,0.0
29.48266,45.66711,26.13793,1024.06341,-2.5762,69.81895,9.003604254099818,3.3540794837376735,0.0
29.48739,45.6819,26.06855,1019.69069,-2.6129,69.83257,9.014424283230014,3.3581102292807716,0.0
29.4921,45.69663,25.99849,1015.32105,-2.64899,69.84616,9.025832854891055,3.3623602224020965,0.0
29.49678,45.71129,25.92778,1010.95399,-2.68439,69.85973,9.03778900399577,3.366814202528818,0.0
29.50144,45.7259,25.85645,1006.58905,-2.71906,69.87327,9.050250133617078,3.3714563011848084,0.0
29.50608,45.74044,25.78453,1002.22577,-2.75295,69.88679,9.06317214082668,3.376270088868857,0.0
29.51069,45.75492,25.71205,997.8637,-2.78602,69.90027,9.076509549091934,3.3812386243759973,0.0
