0.04938,0.04938,53.00316,5219.15114,-0.49267,45.0001,5.345335789874941,1.9912782259775996,0.0
0.09874,0.09874,52.9364,5216.27535,-0.48468,45.00026,5.3898178313119764,2.0078489568058444,0.0
0.14807,0.14808,52.87081,5213.37277,-0.47605,45.00047,5.433715343262508,2.02420193502047,0.0
0.19738,0.19738,52.80648,5210.44358,-0.46677,45.00073,5.476941517430166,2.040304822247016,0.0
0.24665,0.24666,52.74349,5207.48801,-0.45688,45.00104,5.519409034976738,2.0561250899207493,0.0
0.2959,0.29591,52.68194,5204.50637,-0.44636,45.0014,5.561030380229622,2.0716301361509513,0.0
0.34512,0.34513,52.62189,5201.499,-0.43525,45.00181,5.601718170818739,2.0867874087055984,0.0
0.39432,0.39433,52.56342,5198.46629,-0.42356,45.00228,5.6413855024900545,2.1015645334634745,0.0
0.44348,0.4435,52.50662,5195.4087,-0.41131,45.00279,5.679946306555526,2.1159294475736803,0.0
0.49261,0.49264,52.45156,5192.32672,-0.3985,45.00336,5.7173157177451515,2.1298505364902,0.0
0.54172,0.54175,52.3983,5189.22091,-0.38517,45.00398,5.7534104499406435,2.1432967739425823,0.0
0.59079,0.59084,52.34693,5186.09187,-0.37134,45.00464,5.788149177122552,2.156237863848766,0.0
0.63984,0.6399,52.29749,5182.94025,-0.35703,45.00536,5.821452916635862,2.168644383091598,0.0
0.68886,0.68893,52.25006,5179.76677,-0.34226,45.00613,5.853245411774737,2.180487924041721,0.0
0.73784,0.73793,52.20469,5176.57217,-0.32706,45.00695,5.883453510513031,2.1917412356446486,0.0
0.78679,0.7869,52.16143,5173.35726,-0.31145,45.00782,5.912007537172954,2.2023783618771278,0.0
0.83572,0.83584,52.12034,5170.12288,-0.29547,45.00873,5.938841653770055,2.212374776357649,0.0
0.88461,0.88475,52.08146,5166.86991,-0.27914,45.0097,5.963894207749357,2.2217075118873058,0.0
0.93347,0.93364,52.04483,5163.59928,-0.2625,45.01072,5.987108062913748,2.2303552837293306,0.0
0.9823,0.98249,52.0105,5160.31196,-0.24556,45.01178,6.008430910405421,2.238298605457862,0.0
1.0311,1.03132,51.97849,5157.00895,-0.22837,45.0129,6.027815556738314,2.2455198962576057,0.0
1.07987,1.08011,51.94883,5153.69131,-0.21121,45.00704,6.04523434727373,2.252008854048011,-3.999999931767356
1.12861,1.12887,51.92151,5150.36012,-0.19386,45.00121,6.060665389887783,2.257757323436912,-3.999999931767356
1.17733,1.1776,51.89656,5147.01647,-0.17635,44.99541,6.0740785547965155,2.262754080287024,-3.999999931767356
1.22602,1.22628,51.87399,5143.66145,-0.15873,44.98963,6.085449549191548,2.2669900748880427,-3.999999931767356
1.27468,1.27494,51.85381,5140.29618,-0.14101,44.98389,6.094760077070831,2.2704584914978074,-3.999999931767356
1.32332,1.32355,51.83603,5136.9218,-0.12325,44.97818,6.101997939047978,2.2731547855239054,-3.999999931767356
1.37193,1.37213,51.82066,5133.53945,-0.10547,44.97251,6.107157096459813,2.275076707405415,-3.999999931767356
1.42051,1.42068,51.80768,5130.15031,-0.0877,44.96687,6.110237699204401,2.27622431298331,-3.999999931767356
1.46906,1.46919,51.7971,5126.75554,-0.06999,44.96128,6.111246077105843,2.2765999602836167,-3.999999931767356
1.51759,1.51766,51.78889,5123.35632,-0.05237,44.95573,6.110194695002591,2.2762082927866274,-3.999999931767356
1.56609,1.5661,51.78304,5119.9538,-0.03487,44.95023,6.107102072134492,2.275056209396456,-3.999999931767356
1.61456,1.6145,51.77953,5116.54918,-0.01752,44.94477,6.101992666774272,2.2731528214632277,-3.999999931767356
1.66301,1.66287,51.77834,5113.1436,-0.00036,44.93937,6.094896727421656,2.2705093973489765,-3.999999931767356
1.71142,1.7112,51.77943,5109.73821,0.01658,44.93402,6.085850112183119,2.2671392951418503,-3.999999931767356
1.75981,1.7595,51.78276,5106.33417,0.03326,44.92872,6.07489407831227,2.263057884254358,-3.999999931767356
1.80817,1.80776,51.78831,5102.93259,0.04966,44.92348,6.062075044110406,2.258282456725074,-3.999999931767356
1.85651,1.85598,51.79602,5099.53457,0.06573,44.9183,6.047444325677254,2.252832129151355,-3.999999931767356
1.90481,1.90417,51.80584,5096.14119,0.08146,44.91317,6.031057851172515,2.246727736244247,-3.999999931767356
1.95309,1.95232,51.81774,5092.75352,0.09682,44.90812,6.012975855409461,2.239991717056567,-3.999999931767356
2.00134,2.00044,51.83164,5089.37258,0.11177,44.90312,5.993262557758667,2.2326479949935685,-3.999999931767356
2.04956,2.04853,51.8475,5085.99936,0.12628,44.8982,5.971985826358757,2.224721852722606,-3.999999931767356
2.09776,2.09658,51.86525,5082.63484,0.14034,44.89334,5.949216831733195,2.2162398031362796,-3.999999931767356
2.14592,2.1446,51.88482,5079.27995,0.15392,44.88855,5.925029692854002,2.2072294575018554,-3.999999931767356
2.19406,2.19258,51.90616,5075.93559,0.16699,44.88384,5.899501118682809,2.197719391925874,-3.999999931767356
2.24217,2.24052,51.92918,5072.6026,0.17953,44.8792,5.8727100481257875,2.187739013227892,-3.999999931767356
2.29025,2.28844,51.95382,5069.28182,0.19152,44.87464,5.844737291227955,2.17731842527592,-3.999999931767356
2.33831,2.33632,51.97999,5065.97402,0.20294,44.87015,5.815665174298723,2.1664882967863477,-3.999999931767356
2.38633,2.38416,52.00762,5062.67993,0.21377,44.86574,5.78557719148835,2.1552797315270107,-3.999999931767356
2.43433,2.43198,52.03663,5059.40026,0.224,44.86141,5.75455766513304,2.143724141786799,-3.999999931767356
2.4823,2.47975,52.06693,5056.13566,0.23361,44.85715,5.722691416996024,2.13185312590431,-3.999999931767356
2.53024,2.5275,52.09844,5052.88673,0.24259,44.85299,5.690063452306324,2.1196983505639784,-3.999999931767356
2.57816,2.57522,52.13108,5049.65403,0.25092,44.8489,5.656758658257995,2.1072914384791046,-3.999999931767356
2.62605,2.6229,52.16476,5046.43809,0.25859,44.84489,5.622861518408701,2.094663861997816,-3.999999931767356
2.67391,2.67055,52.19938,5043.23938,0.2656,44.84097,5.588455844161601,2.081846843072999,-3.999999931767356
2.72174,2.71817,52.23486,5040.05834,0.27193,44.83714,5.553624524308728,2.0688712599606216,-3.999999931767356
2.76955,2.76575,52.27111,5036.89534,0.27758,44.83339,5.5184492933490406,2.05576756091211,-3.999999931767356
2.81733,2.81331,52.30804,5033.75074,0.28254,44.82973,5.483010519097821,2.042565685053261,-3.999999931767356
2.86508,2.86083,52.34555,5030.62482,0.28682,44.82615,5.447387009875181,2.0292949905568887,-3.999999931767356
2.9128,2.90833,52.38355,5027.51785,0.29039,44.82266,5.411655841386104,2.015984190151083,-3.999999931767356
2.9605,2.95579,52.42196,5024.43005,0.29328,44.81925,5.375892203180189,2.0026612939214252,-3.999999931767356
3.00817,3.00322,52.46068,5021.36158,0.29546,44.81593,5.340169264459501,1.9893535593208829,-3.999999931767356
3.05582,3.05063,52.49961,5018.31258,0.29696,44.8127,5.304558058796559,1.9760874482242243,-3.999999931767356
3.10344,3.098,52.53867,5015.28315,0.29776,44.80955,5.2691273872411415,1.9628885908327567,-3.999999931767356
3.15103,3.14534,52.57777,5012.27333,0.29787,44.80649,5.233943739128515,1.9497817561733068,-3.999999931767356
3.19859,3.19266,52.61682,5009.28314,0.2973,44.80352,5.199071229832051,1.9367908289094324,-3.999999931767356
3.24613,3.23995,52.65572,5006.31258,0.29605,44.80063,5.164571554609947,1.923938792148112,-3.999999931767356
3.29365,3.2872,52.69439,5003.36157,0.29412,44.79783,5.130503957613926,1.91124771589467,-3.999999931767356
3.34113,3.33443,52.73274,5000.43004,0.29154,44.79512,5.096925215089548,1.8987387507944495,-3.999999931767356
3.3886,3.38164,52.77069,4997.51786,0.2883,44.79249,5.063889631751247,1.8864321267824224,-3.999999931767356
3.43603,3.42881,52.80815,4994.62488,0.28441,44.78994,5.031449049302073,1.8743471562570095,-3.999999931767356
3.48344,3.47596,52.84504,4991.75092,0.27988,44.78747,4.999652866018629,1.8625022413759937,-3.999999931767356
3.53083,3.52308,52.88128,4988.89575,0.27474,44.78509,4.968548066378941,1.8509148850936756,-3.999999931767356
3.57819,3.57018,52.91678,4986.05914,0.26898,44.78279,4.938179259660488,1.8396017055396572,-3.999999931767356
3.62552,3.61724,52.95148,4983.24082,0.26262,44.78058,4.908588726489942,1.8285784533598433,-3.999999931767356
3.67283,3.66429,52.98528,4980.44049,0.25568,44.77844,4.879816472325395,1.81786003163998,-3.999999931767356
3.72011,3.7113,53.01813,4977.65783,0.24816,44.77638,4.851900286913166,1.8074605180548802,-3.999999931767356
3.76737,3.75829,53.04994,4974.89249,0.24009,44.7744,4.824875808768052,1.7973931888890111,-3.999999931767356
3.81461,3.80526,53.08064,4972.14411,0.23148,44.7725,4.7987765937741305,1.7876705445920997,-3.999999931767356
3.86182,3.8522,53.11018,4969.41228,0.22234,44.77067,4.77363418705708,1.778304336553464,-3.999999931767356
3.909,3.89911,53.13847,4966.69661,0.2127,44.76892,4.749478197320823,1.7693055947943659,-3.999999931767356
3.95616,3.946,53.16547,4963.99666,0.20256,44.76724,4.726336372871527,1.7606846562889562,-3.999999931767356
4.0033,3.99287,53.1911,4961.31197,0.19196,44.76564,4.704234678633559,1.752451193654739,-3.999999931767356
4.05041,4.03971,53.21532,4958.64208,0.18089,44.7641,4.683197373477143,1.7446142439591614,-3.999999931767356
4.0975,4.08653,53.23805,4955.98649,0.1694,44.76264,4.6632470872443275,1.7371822374138146,-3.999999931767356
4.14456,4.13333,53.25925,4953.3447,0.15748,44.76125,4.644404896910912,1.730163025746753,-3.999999931767356
4.1916,4.1801,53.27888,4950.71619,0.14517,44.75993,4.626690401341227,1.7235639100506153,-3.999999931767356
4.23862,4.22685,53.29687,4948.10042,0.13247,44.75867,4.610121794178932,1.7173916679363688,-3.999999931767356
4.28561,4.27357,53.31318,4945.49684,0.11942,44.75747,4.594715934414346,1.7116525798214943,-3.999999931767356
4.33258,4.32028,53.32778,4942.90488,0.10604,44.75634,4.580488414252045,1.7063524542124517,-3.999999931767356
4.37952,4.36696,53.34061,4940.32397,0.09233,44.75528,4.5674536238927494,1.7014966518376384,-3.999999931767356
4.42644,4.41361,53.35165,4937.7535,0.07833,44.75427,4.555624812935427,1.6970901085212884,-3.999999931767356
4.47334,4.46025,53.36085,4935.19289,0.06405,44.75333,4.54501414808612,1.693137356681527,-3.999999931767356
4.52021,4.50686,53.36819,4932.6415,0.04952,44.75244,4.535632766925741,1.6896425453602917,-3.999999931767356
4.56706,4.55346,53.37363,4930.09871,0.03475,44.75161,4.527490827502995,1.6866094586979998,-3.999999931767356
4.61389,4.60003,53.37715,4927.56388,0.01977,44.75083,4.520597553550675,1.6840415327778067,-3.999999931767356
4.66069,4.64658,53.37873,4925.03637,0.00461,44.75011,4.514961275139994,1.6819418707704177,-3.999999931767356
4.70747,4.6931,53.37834,4922.51551,-0.01073,44.74944,4.510589464628771,1.6803132563257301,-3.999999931767356
4.75423,4.73961,53.37596,4920.00063,-0.02621,44.74882,4.507488767747812,1.6791581651533276,-3.999999931767356
4.80096,4.7861,53.37158,4917.49106,-0.04181,44.74824,4.505665029724967,1.6784787747543826,-3.999999931767356
4.84767,4.83256,53.36519,4914.98611,-0.05751,44.74772,4.5051233163458,1.678276972267306,-3.999999931767356
4.89435,4.87901,53.35678,4912.48508,-0.0733,44.74724,4.505867929858891,1.678554360392893,-3.999999931767356
4.94102,4.92543,53.34633,4909.98728,-0.08914,44.74681,4.5079024196610895,1.6793122613748603,-3.999999931767356
4.98766,4.97183,53.33386,4907.49198,-0.10501,44.74641,4.511229587724203,1.6805517190214305,-3.999999931767356
5.03427,5.01821,53.31935,4904.99848,-0.12089,44.74606,4.515851488703914,1.6822734987459067,-3.999999931767356
5.08087,5.06458,53.30281,4902.50605,-0.13677,44.74575,4.521769424726099,1.6844780856244383,-3.999999931767356
5.12743,5.11092,53.28425,4900.01396,-0.1526,44.74547,4.528983934830717,1.687165680463594,-3.999999931767356
5.17398,5.15724,53.26366,4897.52148,-0.16838,44.74524,4.537494779080395,1.6903361938803882,-3.999999931767356
5.2205,5.20354,53.24107,4895.02786,-0.18409,44.74503,4.547300917361667,1.6939892384051893,-3.999999931767356
5.267,5.24982,53.21649,4892.53235,-0.19969,44.74486,4.558400482902003,1.6981241186161102,-3.999999931767356
5.31348,5.29608,53.18992,4890.03422,-0.21516,44.74472,4.570790750577802,1.7027398193329086,-3.999999931767356
5.35993,5.34232,53.1614,4887.53269,-0.23049,44.7446,4.584468100059456,1.7078349918875477,-3.999999931767356
5.40636,5.38854,53.13095,4885.02702,-0.24564,44.74452,4.599427973907137,1.7134079385137793,-3.999999931767356
5.45276,5.43474,53.09858,4882.51643,-0.26061,44.74446,4.615664830723569,1.7194565948953149,-3.999999931767356
5.49914,5.48092,53.06433,4880.00018,-0.27536,44.74442,4.633172093502836,1.7259785109243988,-3.999999931767356
5.5455,5.52708,53.02823,4877.4775,-0.28987,44.74441,4.651942093338299,1.732970829731528,-3.999999931767356
5.59184,5.57322,52.99032,4874.94761,-0.30412,44.74442,4.671966008682184,1.7404302650580463,-3.999999931767356
5.63815,5.61934,52.95062,4872.40975,-0.31809,44.74445,4.693233800380558,1.7483530770549685,-3.999999931767356
5.68443,5.66544,52.90918,4869.86317,-0.33176,44.74449,4.715734142744677,1.7567350466052405,-3.999999931767356
5.73069,5.71152,52.86604,4867.30708,-0.34511,44.74455,4.73945435094214,1.765571448275035,-3.999999931767356
5.77693,5.75758,52.82125,4864.74073,-0.3581,44.74463,4.764380305050109,1.7748570220215771,-3.999999931767356
5.82315,5.80362,52.77484,4862.16337,-0.37073,44.74471,4.790496371136166,1.7845859437936884,-3.999999931767356
5.86933,5.84964,52.72688,4859.57423,-0.38298,44.74481,4.8177853197879426,1.7947517951819274,-3.999999931767356
5.9155,5.89564,52.67741,4856.97256,-0.39481,44.74492,4.846228242554549,1.8053475322908266,-3.999999931767356
5.96164,5.94161,52.6265,4854.35762,-0.40622,44.74503,4.875804466818154,1.816365454026315,-3.999999931767356
6.00775,5.98757,52.57418,4851.72868,-0.41718,44.74515,4.9064914696458,1.8277971700032514,-3.999999931767356
6.05385,6.03351,52.52054,4849.085,-0.42767,44.74527,4.938264791266891,1.8396335683135143,-3.999999931767356
6.09991,6.07942,52.46562,4846.42585,-0.43767,44.7454,4.971097948813255,1.8518647833919024,-3.999999931767356
6.14595,6.12532,52.4095,4843.75054,-0.44717,44.74553,5.004962351074667,1.8644801642603277,-3.999999931767356
6.19197,6.17119,52.35224,4841.05837,-0.45614,44.74566,5.039827215043283,1.877468243438418,-3.999999931767356
6.23796,6.21705,52.2939,4838.34864,-0.46457,44.74578,5.075659485087498,1.890816706833655,-3.999999931767356
6.28392,6.26288,52.23457,4835.62069,-0.47245,44.74591,5.112423755639149,1.9045123649403204,-3.999999931767356
6.32986,6.30869,52.17431,4832.87387,-0.47975,44.74603,5.150082198343569,1.9185411257009783,-3.999999931767356
6.37577,6.35448,52.1132,4830.10754,-0.48646,44.74614,5.188594494659772,1.932887969398266,-3.999999931767356
6.42166,6.40024,52.05131,4827.32109,-0.49257,44.74625,5.227917774955384,1.9475369259661555,-3.999999931767356
6.46752,6.44599,51.98872,4824.51391,-0.49806,44.74635,5.26800656514785,1.9624710551124016,-3.999999931767356
6.51335,6.49171,51.92552,4821.68544,-0.50291,44.74643,5.30881274203599,1.9776724296783657,-3.999999931767356
6.55916,6.53741,51.86178,4818.83514,-0.50713,44.74651,5.350285498410477,1.9931221226417564,-3.999999931767356
6.60494,6.58309,51.7976,4815.96246,-0.51068,44.74658,5.392371319131984,2.0088001982051056,-3.999999931767356
6.65069,6.62875,51.73304,4813.06693,-0.51357,44.74663,5.435013969295885,2.0246857073868103,-3.999999931767356
6.69642,6.67438,51.6682,4810.14808,-0.51579,44.74667,5.478154495656113,2.0407566885515585,-3.999999931767356
6.74212,6.71999,51.60316,4807.20548,-0.51732,44.7467,5.521731242419765,2.056990173294232,-3.999999931767356
6.78779,6.76558,51.53802,4804.23871,-0.51816,44.74671,5.565679882506107,2.073362198084709,-3.999999931767356
6.83343,6.81114,51.47285,4801.24743,-0.5183,44.7467,5.609933465325749,2.0898478220668677,-3.999999931767356
6.87905,6.85668,51.40776,4798.2313,-0.51773,44.74668,5.654422482041398,2.106421151369927,-3.999999931767356
6.92464,6.90219,51.34281,4795.19004,-0.51646,44.74664,5.6990749492148876,2.123055370269172,-3.999999931767356
6.9702,6.94769,51.27812,4792.12338,-0.51448,44.74658,5.7438165116310245,2.13972277949054,-3.999999931767356
7.01572,6.99315,51.21375,4789.03113,-0.51179,44.74651,5.788570564971616,2.1563948419099237,-3.999999931767356
7.06123,7.03859,51.14981,4785.91312,-0.5084,44.74641,5.833258398876578,2.1730422358471966,-3.999999931767356
7.1067,7.08401,51.08639,4782.76922,-0.50429,44.7463,5.8777993607602355,2.189634916092099,-3.999999931767356
7.15214,7.1294,51.02356,4779.59937,-0.49947,44.74617,5.922111040599904,2.2061421827428416,-3.999999931767356
7.19755,7.17477,50.96142,4776.40354,-0.49396,44.74602,5.966109476694614,2.222532757856648,-3.999999931767356
7.24293,7.22011,50.90005,4773.18175,-0.48775,44.74585,6.009709382217913,2.238774869846633,-3.999999931767356
7.28829,7.26543,50.83955,4769.93408,-0.48085,44.74566,6.052824392116861,2.2548363454581763,-3.999999931767356
7.33361,7.31072,50.77999,4766.66063,-0.47328,44.74546,6.0953673297440725,2.2706847090963698,-3.999999931767356
7.3789,7.35598,50.72145,4763.3616,-0.46504,44.74523,6.137250492298723,2.2862872891603074,-3.999999931767356
7.42416,7.40122,50.66403,4760.0372,-0.45614,44.74499,6.178385953966293,2.301611330970613,-3.999999931767356
7.46939,7.44643,50.60779,4756.68771,-0.44661,44.74474,6.218685885338582,2.3166241157618024,-3.999999931767356
7.51459,7.49161,50.55282,4753.31347,-0.43644,44.74447,6.258062887504363,2.3312930851398375,-3.999999931767356
7.55976,7.53677,50.4992,4749.91486,-0.42567,44.74418,6.296430338904921,2.3455859702949486,-3.999999931767356
7.60489,7.58189,50.44698,4746.49231,-0.41431,44.74388,6.333702752845671,2.3594709251841106,-3.999999931767356
7.64999,7.62699,50.39625,4743.04631,-0.40238,44.74357,6.369796143333714,2.3729166628151654,-3.999999931767356
7.69506,7.67207,50.34708,4739.5774,-0.38991,44.74324,6.404628396675246,2.38589259367663,-3.999999931767356
7.7401,7.71711,50.29951,4736.08618,-0.3769,44.74291,6.438119646138391,2.3983689653094595,-3.999999931767356
7.78511,7.76213,50.25363,4732.57329,-0.3634,44.74256,6.47019264678266,2.4103170019408857,-3.999999931767356
7.83008,7.80711,50.20948,4729.03941,-0.34943,44.74221,6.500773147468139,2.4217090430676254,-3.999999931767356
7.87502,7.85207,50.16713,4725.48528,-0.335,44.74186,6.529790256949808,2.432518679835647,-3.999999931767356
7.91993,7.897,50.12661,4721.91169,-0.32016,44.7415,6.557176800920005,2.442720888047885,-3.999999931767356
7.9648,7.9419,50.08799,4718.31946,-0.30494,44.74114,6.582869666834208,2.4522921566209135,-3.999999931767356
8.00964,7.98677,50.05129,4714.70946,-0.28935,44.74078,6.6068101334156975,2.461210610334105,-3.999999931767356
8.05445,8.03162,50.01657,4711.0826,-0.27344,44.74042,6.628944181772939,2.4694561257290393,-3.999999931767356
8.09921,8.07643,49.98387,4707.43979,-0.25695,44.74852,6.649205639515005,2.477004051848997,0.0
8.14394,8.12122,49.95325,4703.78199,-0.24019,44.75665,6.667533405724593,2.483831626994621,0.0
8.18863,8.16599,49.92472,4700.11023,-0.22321,44.76483,6.683888882225983,2.4899244723298746,0.0
8.23328,8.21074,49.89832,4696.42557,-0.20604,44.77304,6.698239355622309,2.4952704012536855,0.0
8.27788,8.25546,49.87406,4692.72908,-0.18872,44.78129,6.710558146988144,2.499859475164367,0.0
8.32244,8.30016,49.85195,4689.02189,-0.17129,44.78958,6.720824759096119,2.5036840583054096,0.0
8.36697,8.34484,49.83201,4685.30512,-0.15378,44.79791,6.729024988127192,2.506738859380496,0.0
8.41145,8.38949,49.81423,4681.57991,-0.13623,44.80628,6.735150998772617,2.5090209595309574,0.0
8.45588,8.43412,49.79861,4677.84741,-0.11869,44.81468,6.7392013620327695,2.510529826416836,0.0
8.50028,8.47872,49.78516,4674.10879,-0.10118,44.82312,6.741181055415686,2.51126731429084,0.0
8.54464,8.5233,49.77385,4670.36522,-0.08375,44.8316,6.741101425641292,2.5112376501046927,0.0
8.58895,8.56786,49.76467,4666.61787,-0.06643,44.84012,6.738980114347915,2.51044740583285,0.0
8.63322,8.61239,49.75761,4662.8679,-0.04926,44.84867,6.734840947697986,2.5089054573477223,0.0
8.67745,8.6569,49.75263,4659.11648,-0.03228,44.85726,6.7287137911445924,2.506622930316392,0.0
8.72163,8.70138,49.74972,4655.36476,-0.01553,44.86589,6.720634370983569,2.503613133724072,0.0
8.76578,8.74585,49.74884,4651.61388,0.00096,44.87455,6.710644064626034,2.4998914817451103,0.0
8.80988,8.79028,49.74994,4647.86497,0.01716,44.88326,6.6987896618298395,2.495475404795418,0.0
8.85394,8.8347,49.753,4644.11914,0.03303,44.892,6.685123099390736,2.4903842506979528,0.0
8.89796,8.87909,49.75796,4640.37746,0.04853,44.90077,6.66970117198757,2.484639176964942,0.0
8.94193,8.92345,49.76477,4636.641,0.06364,44.90959,6.6525852220837445,2.4782630352780215,0.0
8.98586,8.9678,49.77339,4632.9108,0.07832,44.91844,6.633840811893676,2.471280249287106,0.0
9.02976,9.01212,49.78375,4629.18784,0.09255,44.92733,6.613537380534891,2.4637166868905287,0.0
9.0736,9.05641,49.7958,4625.47312,0.10629,44.93625,6.591747889506923,2.455599528166597,0.0
9.11741,9.10068,49.80947,4621.76755,0.11951,44.94522,6.568548459675993,2.4469571301408397,0.0
9.16118,9.14493,49.8247,4618.07204,0.1322,44.95422,6.544018002862392,2.4378188895426103,0.0
9.2049,9.18916,49.84142,4614.38745,0.14433,44.96325,6.5182378511056775,2.4282151046966165,0.0
9.24858,9.23336,49.85955,4610.71461,0.15587,44.97233,6.491291386522649,2.418176837635285,0.0
9.29222,9.27755,49.87902,4607.05428,0.1668,44.98144,6.463263674564912,2.407735777477543,0.0
9.33581,9.3217,49.89976,4603.40721,0.1771,44.99059,6.434241103298718,2.396924106051077,0.0
9.37937,9.36584,49.92168,4599.77408,0.18676,44.99977,6.404311031144629,2.385774366666085,0.0
9.42288,9.40995,49.94471,4596.15555,0.19576,45.009,6.373561445292905,2.3743193368660216,0.0
9.46636,9.45404,49.96876,4592.55223,0.20408,45.01826,6.34208063279647,2.362591905901071,0.0
9.50979,9.49811,49.99376,4588.96466,0.21171,45.02756,6.309956866094638,2.350624957577468,0.0
9.55318,9.54216,50.0196,4585.39335,0.21863,45.03689,6.277278104483105,2.3384512590472055,0.0
9.59653,9.58619,50.04622,4581.83878,0.22485,45.04627,6.244131712806949,2.3261033560137836,0.0
9.63984,9.63019,50.07352,4578.30137,0.23034,45.05568,6.210604198384506,2.313613474729427,0.0
9.68311,9.67417,50.10141,4574.78147,0.2351,45.06513,6.176780966972267,2.3010134310855888,0.0
9.72633,9.71813,50.1298,4571.27943,0.23914,45.07462,6.142746098300557,2.2883345469940872,0.0
9.76952,9.76208,50.15861,4567.79551,0.24243,45.08414,6.108582141532362,2.2756075741901323,0.0
9.81267,9.806,50.18775,4564.32997,0.24499,45.09371,6.074369930758346,2.2628626254993693,0.0
9.85577,9.8499,50.21713,4560.88298,0.2468,45.10331,6.040188420458484,2.250129113543007,0.0
9.89884,9.89378,50.24666,4557.4547,0.24788,45.11295,6.00611454068957,2.2374356967913522,0.0
9.94187,9.93764,50.27626,4554.04524,0.24822,45.12263,5.972223071588664,2.224810232813044,0.0
9.98485,9.98148,50.30582,4550.65465,0.24783,45.13234,5.9385865366237205,2.2122797385081028,0.0
10.0278,10.0253,50.33528,4547.28297,0.24671,45.1421,5.905275113934084,2.1998703570799325,0.0
10.07071,10.0691,50.36453,4543.93016,0.24486,45.15189,5.872356564953982,2.1876073314456925,0.0
10.11358,10.11288,50.39351,4540.59619,0.24231,45.16172,5.839896179446544,2.1755149837600274,0.0
10.15641,10.15664,50.42211,4537.28095,0.23904,45.17159,5.807956735994589,2.1636167006968394,0.0
10.1992,10.20039,50.45027,4533.9843,0.23509,45.1815,5.776598476925818,2.151934924108269,0.0
10.24195,10.24411,50.4779,4530.7061,0.23044,45.19145,5.745879096623631,2.140491146670163,0.0
10.28467,10.28782,50.50491,4527.44613,0.22513,45.20143,5.715853742136377,2.1293059121090385,0.0
10.32734,10.33151,50.53124,4524.20416,0.21916,45.21146,5.68657502497905,2.118398819598522,0.0
10.36998,10.37518,50.5568,4520.97992,0.21254,45.22152,5.6580930430161915,2.1077885319113085,0.0
10.41258,10.41884,50.58153,4517.77312,0.20529,45.23162,5.630455411336558,2.097492786920791,0.0
10.45514,10.46247,50.60534,4514.58343,0.19743,45.24177,5.603707301010576,2.087528412039223,0.0
10.49767,10.50609,50.62817,4511.4105,0.18898,45.25195,5.57789148470281,2.0779113412095724,0.0
10.54016,10.5497,50.64996,4508.25393,0.17994,45.26217,5.553048388055529,2.0686566340472474,0.0
10.5826,10.59328,50.67063,4505.11332,0.17035,45.27243,5.52921614590128,2.0597784967807597,0.0
10.62502,10.63685,50.69012,4501.98823,0.16022,45.28273,5.506430662298987,2.0512903046167503,0.0
10.66739,10.6804,50.70837,4498.87821,0.14956,45.29307,5.484725673511487,2.0432046252007803,0.0
10.70973,10.72394,50.72533,4495.78277,0.13841,45.30344,5.464132813041942,2.0355332428451067,0.0
10.75203,10.76746,50.74094,4492.70139,0.12678,45.31386,5.444681677922903,2.0282871832230978,0.0
10.79429,10.81096,50.75514,4489.63357,0.11469,45.32432,5.426399895479491,2.021476738240281,0.0
10.83652,10.85445,50.76788,4486.57874,0.10217,45.33481,5.409313189850539,2.015111490815214,0.0
10.87871,10.89792,50.77912,4483.53634,0.08923,45.34535,5.393445447614389,2.0092003393268225,0.0
10.92087,10.94138,50.78882,4480.50578,0.07591,45.35592,5.3788187818910815,2.003751521494153,0.0
10.96298,10.98482,50.79692,4477.48647,0.06223,45.36654,5.365453594350101,1.9987726374758896,0.0
11.00507,11.02825,50.80339,4474.47777,0.0482,45.37719,5.353368634610959,1.9942706719986312,0.0
11.04711,11.07166,50.8082,4471.47905,0.03387,45.38789,5.34258105656725,1.9902520153390888,0.0
11.08912,11.11506,50.81131,4468.48965,0.01924,45.39862,5.3331064711943545,1.986722482996341,0.0
11.13109,11.15844,50.81269,4465.50892,0.00434,45.40939,5.324958995470827,1.9836873339163388,0.0
11.17303,11.20181,50.81232,4462.53616,-0.01079,45.42021,5.318151297048417,1.981151287132665,0.0
11.21493,11.24516,50.81016,4459.57069,-0.02613,45.43106,5.3126946343934325,1.9791185367202484,0.0
11.2568,11.2885,50.80621,4456.6118,-0.04167,45.44195,5.308598892109388,1.9775927649539766,0.0
11.29863,11.33183,50.80043,4453.65876,-0.05736,45.45288,5.305872611227378,1.9765771535926606,0.0
11.34042,11.37514,50.79283,4450.71085,-0.07319,45.46385,5.304523014266557,1.9760743932147213,0.0
11.38218,11.41843,50.78338,4447.76733,-0.08912,45.47486,5.304556024900954,1.9760866905445962,0.0
11.4239,11.46172,50.77207,4444.82745,-0.10514,45.48591,5.305976282104484,1.9766157737221277,0.0
11.46559,11.50499,50.7589,4441.89044,-0.12121,45.497,5.30878714869082,1.9776628954838888,0.0
11.50724,11.54824,50.74388,4438.95555,-0.13731,45.50813,5.312990714169339,1.979228834227101,0.0
11.54886,11.59148,50.72699,4436.02199,-0.15341,45.5193,5.31858779189411,1.9813138929475569,0.0
11.59044,11.63471,50.70825,4433.08898,-0.16948,45.53051,5.325577910502223,1.9839178960501684,0.0
11.63198,11.67792,50.68765,4430.15575,-0.1855,45.54175,5.333959299673268,1.987040184044004,0.0
11.67349,11.72112,50.66522,4427.22148,-0.20144,45.55304,5.343728870265611,1.9906796061425245,0.0
11.71496,11.76431,50.64096,4424.28539,-0.21727,45.56436,5.354882188931661,1.9948345108071044,0.0
11.7564,11.80748,50.6149,4421.34667,-0.23297,45.57573,5.367413447340115,1.9995027342815053,0.0
11.7978,11.85064,50.58704,4418.40452,-0.2485,45.58713,5.381315426160778,2.0046815871752797,0.0
11.83916,11.89378,50.55741,4415.45813,-0.26385,45.59857,5.3965794540136764,2.010367839171228,0.0
11.88049,11.93691,50.52605,4412.50669,-0.27898,45.61006,5.413195361626892,2.0165577019479923,0.0
11.92178,11.98003,50.49297,4409.54938,-0.29388,45.62157,5.431151431463226,2.023246810414658,0.0
11.96304,12.02313,50.45821,4406.58541,-0.3085,45.63313,5.450434343145421,2.030430202380218,0.0
12.00426,12.06622,50.4218,4403.61397,-0.32284,45.64473,5.471029115034423,2.0381022967899316,0.0
12.04545,12.1093,50.38378,4400.63424,-0.33685,45.65636,5.492919042367139,2.04625687068002,0.0
12.0866,12.15236,50.3442,4397.64542,-0.35052,45.66804,5.516085632402106,2.054887035017714,0.0
12.12771,12.19541,50.30309,4394.64672,-0.36382,45.67975,5.540508537071322,2.063985209612294,0.0
12.16878,12.23844,50.2605,4391.63735,-0.37673,45.6915,5.566165483703815,2.073543097307792,0.0
12.20982,12.28146,50.21648,4388.61652,-0.38923,45.70329,5.593032204394318,2.0835516576709705,0.0
12.25082,12.32447,50.17108,4385.58345,-0.40128,45.71511,5.621082364697506,2.0940010804280447,0.0
12.29179,12.36746,50.12435,4382.53738,-0.41287,45.72697,5.6502874923378155,2.104880758907215,0.0
12.33272,12.41044,50.07636,4379.47754,-0.42397,45.73887,5.6806169067092975,2.1161792637755124,0.0
12.37361,12.4534,50.02715,4376.4032,-0.43456,45.75081,5.712037649955665,2.127884317364295,0.0
12.41446,12.49635,49.9768,4373.31362,-0.44463,45.76278,5.744514420521609,2.139982768915371,0.0
12.45528,12.53928,49.92536,4370.20809,-0.45414,45.77479,5.778009510073184,2.1524605710821794,0.0
12.49606,12.5822,49.8729,4367.0859,-0.46309,45.78684,5.812482744749213,2.1653027580443935,0.0
12.5368,12.62511,49.81949,4363.94638,-0.47144,45.79893,5.847891431756773,2.1784934256133366,0.0
12.5775,12.668,49.76521,4360.78886,-0.47919,45.81105,5.884190312344569,2.19201571371332,0.0
12.61817,12.71087,49.71011,4357.6127,-0.48631,45.8232,5.9213315222369465,2.205851791642277,0.0
12.6588,12.75373,49.65427,4354.41729,-0.49279,45.8354,5.9592645606235,2.2199828465195766,0.0
12.69938,12.79657,49.59778,4351.20203,-0.49861,45.84762,5.997936268837797,2.234389075343284,0.0
12.73993,12.8394,49.5407,4347.96636,-0.50377,45.85989,6.037290819827806,2.2490496810676177,0.0
12.78044,12.88221,49.48312,4344.70975,-0.50823,45.87219,6.077269719577568,2.263942873132564,0.0
12.82092,12.92501,49.42511,4341.43168,-0.512,45.88452,6.117811821560654,2.2790458728481684,0.0
12.86135,12.96779,49.36676,4338.13167,-0.51507,45.89689,6.158853355324515,2.2943349240429503,0.0
12.90174,13.01055,49.30815,4334.8093,-0.51741,45.9093,6.200327970247576,2.3097853093645857,0.0
12.94209,13.0533,49.24935,4331.46415,-0.51903,45.92174,6.242166795455048,2.3253713726001135,0.0
12.98241,13.09603,49.19046,4328.09586,-0.51992,45.93421,6.284298516794061,2.341066547351202,0.0
13.02268,13.13874,49.13156,4324.70409,-0.52006,45.94672,6.326649471716398,2.356843392380461,0.0
13.06291,13.18143,49.07273,4321.28856,-0.51947,45.95926,6.369143762750723,2.3726736338828354,0.0
13.10313,13.22409,49.01327,4317.85064,-0.53199,45.9141,6.412414869122609,2.3887932595376924,-26.999999539429652
13.14334,13.26669,48.95248,4314.39123,-0.54384,45.86853,6.457113852151627,2.4054448068170284,-26.999999539429652
13.18356,13.30923,48.89044,4310.90937,-0.55501,45.82252,6.503192780669454,2.4226104200994962,-26.999999539429652
13.22377,13.3517,48.82724,4307.40413,-0.56548,45.77607,6.550598935063749,2.4402704599423624,-26.999999539429652
13.26399,13.39412,48.76294,4303.87461,-0.5752,45.72916,6.599275861904184,2.4584038959574515,-26.999999539429652
13.30421,13.43647,48.69764,4300.31991,-0.58418,45.68178,6.6491632706747845,2.4769882683412234,-26.999999539429652
13.34443,13.47877,48.63144,4296.73919,-0.59237,45.63391,6.700196941908711,2.4959996536525653,-26.999999539429652
13.38465,13.521,48.56441,4293.13162,-0.59977,45.58555,6.7523086486920905,2.515412635570901,-26.999999539429652
13.42487,13.56316,48.49665,4289.49642,-0.60635,45.53668,6.805426093544162,2.5352002813823846,-26.999999539429652
13.46509,13.60527,48.42826,4285.83285,-0.6121,45.4873,6.859472862729907,2.5553341249601575,-26.999999539429652
13.50532,13.6473,48.35932,4282.14018,-0.617,45.43739,6.914368400058663,2.5757841570036355,-26.999999539429652
13.54555,13.68928,48.28995,4278.41776,-0.62103,45.38695,6.970028002240095,2.5965188233084917,-26.999999539429652
13.58577,13.73119,48.22024,4274.66495,-0.62418,45.33596,7.0263628378344425,2.617505031826118,-26.999999539429652
13.626,13.77303,48.15028,4270.88119,-0.62645,45.28441,7.0832799917629705,2.6387081692449454,-26.999999539429652
13.66623,13.8148,48.08019,4267.06594,-0.62781,45.23232,7.140682537285369,2.6600921278039116,-26.999999539429652
13.70646,13.85651,48.01005,4263.21874,-0.62826,45.17965,7.198469637205975,2.681619342994444,-26.999999539429652
13.7467,13.89814,47.93998,4259.33916,-0.62779,45.12642,7.256536675927058,2.703250842753788,-26.999999539429652
13.78693,13.93971,47.87008,4255.42686,-0.62641,45.07261,7.3147754237934555,2.7249463086877004,-26.999999539429652
13.82717,13.98121,47.80045,4251.48152,-0.62409,45.01823,7.373074234915722,2.746664149764784,-26.999999539429652
13.8674,14.02264,47.73119,4247.50292,-0.62086,44.96327,7.43131827944223,2.7683615888439514,-26.999999539429652
13.90764,14.064,47.66241,4243.49088,-0.6167,44.90773,7.489389810890455,2.789994762262366,-26.999999539429652
13.94788,14.10528,47.5942,4239.4453,-0.61162,44.85161,7.547168468895766,2.8115188326173315,-26.999999539429652
13.98812,14.1465,47.52668,4235.36615,-0.60563,44.79492,7.604531617281741,2.8328881147063782,-26.999999539429652
14.02837,14.18763,47.45993,4231.25346,-0.59873,44.73764,7.661354717040362,2.854056214472201,-26.999999539429652
14.06861,14.2287,47.39407,4227.10733,-0.59093,44.6798,7.717511733326193,2.874976180618698,-26.999999539429652
14.10886,14.26969,47.32918,4222.92796,-0.58225,44.62138,7.772875575165288,2.8956006684141107,-26.999999539429652
14.1491,14.3106,47.26536,4218.7156,-0.57269,44.56241,7.827318566107017,2.915882115021209,-26.999999539429652
14.18935,14.35144,47.20271,4214.47057,-0.56229,44.50288,7.880712943573639,2.9357729255181493,-26.999999539429652
14.2296,14.3922,47.14131,4210.1933,-0.55105,44.4428,7.93293138420653,2.9552256686037635,-26.999999539429652
14.26985,14.43289,47.08126,4205.88425,-0.539,44.38219,7.98384755203558,2.974193280805088,-26.999999539429652
14.3101,14.47349,47.02264,4201.544,-0.52616,44.32105,8.033336665866777,2.992629277844162,-26.999999539429652
14.35035,14.51402,46.96554,4197.17317,-0.51255,44.25939,8.08127608182691,3.01048797165126,-26.999999539429652
14.3906,14.55447,46.91003,4192.77248,-0.49822,44.19724,8.127545886673577,3.027724691388478,-26.999999539429652
14.43085,14.59484,46.85619,4188.3427,-0.48318,44.13459,8.172029497059702,3.0442960066915408,-26.999999539429652
14.47111,14.63512,46.80409,4183.8847,-0.46747,44.07147,8.214614259718289,3.0601599512544047,-26.999999539429652
14.51136,14.67533,46.75381,4179.39941,-0.45113,44.0079,8.255192047236696,3.0752762447708575,-26.999999539429652
14.55161,14.71545,46.70539,4174.8878,-0.43418,43.94389,8.293659843973588,3.089606511203997,-26.999999539429652
14.59187,14.75549,46.65892,4170.35095,-0.41668,43.87945,8.32992031653328,3.1031144913029354,-26.999999539429652
14.63212,14.79545,46.61443,4165.78998,-0.39866,43.81462,8.363882363224235,3.1157662472905447,-26.999999539429652
14.67238,14.83533,46.57198,4161.20607,-0.38016,43.7494,8.395461636978022,3.1275303576645297,-26.999999539429652
14.71263,14.87512,46.53161,4156.60045,-0.36123,43.68382,8.424581036356482,3.1383781001105158,-26.999999539429652
14.75289,14.91483,46.49337,4151.97443,-0.34191,43.61791,8.45117115953476,3.148283620622672,-26.999999539429652
14.79314,14.95445,46.45729,4147.32932,-0.32225,43.55168,8.475170716402374,3.157224087022203,-26.999999539429652
14.83339,14.99399,46.4234,4142.66652,-0.3023,43.48516,8.496526894399087,3.1651798252408407,-26.999999539429652
14.87364,15.03344,46.39173,4137.98746,-0.2821,43.41837,8.515195674104184,3.172134436886146,-26.999999539429652
14.9139,15.07281,46.36229,4133.29357,-0.26171,43.35134,8.531142091169407,3.1780748968184263,-26.999999539429652
14.95415,15.11209,46.33509,4128.58636,-0.24118,43.28409,8.544340441787156,3.1829916296930425,-26.999999539429652
14.9944,15.15128,46.31015,4123.86733,-0.22055,43.21664,8.554774429478432,3.186878564642782,-26.999999539429652
15.03464,15.19039,46.28747,4119.13801,-0.19988,43.14903,8.562437251739155,3.1897331675558895,-26.999999539429652
15.07489,15.22941,46.26704,4114.39994,-0.17922,43.08127,8.567331625708315,3.19155645063813,-26.999999539429652
15.11514,15.26834,46.24886,4109.65468,-0.15861,43.01339,8.569469752807807,3.1923529592402007,-26.999999539429652
15.15538,15.30719,46.2329,4104.90379,-0.13812,42.94542,8.568873222947396,3.1921307361715523,-26.999999539429652
15.19562,15.34595,46.21916,4100.14881,-0.1178,42.87739,8.565572859654669,3.1909012640072274,-26.999999539429652
15.23586,15.38463,46.20761,4095.3913,-0.09768,42.80931,8.559608508119421,3.1886793861288143,-26.999999539429652
15.27609,15.42321,46.1982,4090.63279,-0.07783,42.74122,8.551028768783029,3.18548320747948,-26.999999539429652
15.31633,15.46171,46.19092,4085.8748,-0.05829,42.67314,8.53989067969551,3.1813339762336175,-26.999999539429652
15.35656,15.50013,46.18572,4081.11883,-0.03911,42.60508,8.526259351404356,3.176255947783329,-26.999999539429652
15.39679,15.53845,46.18255,4076.36635,-0.02034,42.53709,8.510207558551286,3.1702762325974723,-26.999999539429652
15.43701,15.57669,46.18136,4071.61879,-0.00201,42.46917,8.49181529280591,3.163424629677683,-26.999999539429652
15.47724,15.61485,46.1821,4066.87756,0.01582,42.40135,8.471169282002426,3.1557334474241476,-26.999999539429652
15.51745,15.65291,46.18471,4062.14403,0.03311,42.33366,8.448362480642121,3.1472373138343746,-26.999999539429652
15.55767,15.69089,46.18912,4057.41951,0.04982,42.2661,8.423493537021747,3.1379729779944974,-26.999999539429652
15.59788,15.72879,46.19527,4052.70528,0.06592,42.19871,8.39666624235031,3.127979104860782,-26.999999539429652
15.63809,15.7666,46.20308,4048.00257,0.08136,42.13151,8.367988967165228,3.1172960653098176,-26.999999539429652
15.67829,15.80432,46.21249,4043.31255,0.09612,42.0645,8.337574090320375,3.105965723421537,-26.999999539429652
15.71849,15.84196,46.22341,4038.63633,0.11015,41.99771,8.305537425642116,3.094031222893507,-26.999999539429652
15.75868,15.87951,46.23575,4033.97498,0.12344,41.93115,8.271997651109233,3.081536774395427,-26.999999539429652
15.79887,15.91698,46.24945,4029.3295,0.13594,41.86484,8.237075745185818,3.068527445588311,-26.999999539429652
15.83906,15.95437,46.2644,4024.70082,0.14763,41.79879,8.200894434594447,3.055048955405449,-26.999999539429652
15.87924,15.99167,46.28053,4020.08982,0.1585,41.73302,8.163577657427833,3.041147474047385,-26.999999539429652
15.91941,16.02889,46.29774,4015.49732,0.16851,41.66753,8.125250045174344,3.026869430022788,-26.999999539429652
15.95958,16.06602,46.31593,4010.92406,0.17765,41.60233,8.086036426752537,3.0122613253882684,-26.999999539429652
15.99975,16.10308,46.33501,4006.37073,0.18591,41.53745,8.046061357264845,2.997369560196724,-26.999999539429652
16.03991,16.14005,46.3549,4001.83794,0.19326,41.47287,8.005448673723963,2.982240266993729,-26.999999539429652
16.08006,16.17694,46.37548,3997.32625,0.19969,41.40862,7.964321079586253,2.966919156045303,-26.999999539429652
16.12021,16.21375,46.39666,3992.83614,0.20521,41.34469,7.922799759501871,2.9514513718221886,-26.999999539429652
16.16035,16.25048,46.41834,3988.36804,0.20978,41.28109,7.881004025265643,2.9358813611072407,-26.999999539429652
16.20049,16.28713,46.44043,3983.9223,0.21342,41.21783,7.839050993570015,2.9202527529499207,-26.999999539429652
16.24061,16.3237,46.46283,3979.49922,0.21612,41.1549,7.797055295792894,2.904608250554633,-26.999999539429652
16.28074,16.36019,46.48543,3975.09903,0.21788,41.0923,7.75512881970782,2.888989535060965,-26.999999539429652
16.32086,16.3966,46.50815,3970.7219,0.21869,41.03005,7.713380482690491,2.873437181057153,-26.999999539429652
16.36097,16.43294,46.53087,3966.36793,0.21857,40.96813,7.671916035696444,2.8579905835566097,-26.999999539429652
16.40107,16.46919,46.55351,3962.03718,0.21751,40.90655,7.63083789706399,2.842687896085144,-26.999999539429652
16.44117,16.50537,46.57596,3957.72964,0.21553,40.8453,7.590245014959115,2.827565979438069,-26.999999539429652
16.48126,16.54148,46.59814,3953.44524,0.21263,40.78437,7.550232757086852,2.8126603605947866,-26.999999539429652
16.52134,16.5775,46.61995,3949.18387,0.20883,40.72377,7.5108928261532215,2.7980052012261285,-26.999999539429652
16.56142,16.61346,46.64129,3944.94535,0.20414,40.66349,7.472313199441432,2.7836332751849167,-26.999999539429652
16.60149,16.64933,46.66208,3940.72945,0.19856,40.60352,7.434578090741722,2.76957595432381,-26.999999539429652
16.64155,16.68513,46.68223,3936.53591,0.19213,40.54384,7.397767932857553,2.7558632019784124,-26.999999539429652
16.68161,16.72086,46.70165,3932.3644,0.18485,40.48447,7.361959378815379,2.7425235734179414,-26.999999539429652
16.72166,16.75652,46.72026,3928.21455,0.17675,40.42537,7.327225319915135,2.7295842225695086,-26.999999539429652
16.7617,16.7921,46.73798,3924.08595,0.16784,40.36656,7.293634918766659,2.717070914325055,-26.999999539429652
16.80174,16.82761,46.75472,3919.97814,0.15815,40.30801,7.261253655454016,2.7050080417387803,-26.999999539429652
16.84176,16.86305,46.77041,3915.89062,0.1477,40.24971,7.230143385007612,2.6934186474370154,-26.999999539429652
16.88178,16.89841,46.78498,3911.82286,0.13652,40.19165,7.20036240445132,2.682324448595039,-26.999999539429652
16.9218,16.9337,46.79835,3907.77428,0.12462,40.13382,7.171965527677771,2.6717458648300965,-26.999999539429652
16.9618,16.96893,46.81046,3903.74427,0.11205,40.07621,7.145004166565833,2.661702048419794,-26.999999539429652
17.0018,17.00408,46.82123,3899.73218,0.09883,40.0188,7.119526416749379,2.652210916253222,-26.999999539429652
17.04179,17.03916,46.83062,3895.73734,0.08497,39.96157,7.095577146578176,2.643289182971226,-26.999999539429652
17.08177,17.07417,46.83855,3891.75902,0.07053,39.90452,7.073198087892471,2.634952394782329,-26.999999539429652
17.12175,17.10911,46.84497,3887.7965,0.05552,39.84763,7.052427927296915,2.627214963464669,-26.999999539429652
17.16171,17.14398,46.84983,3883.84899,0.03998,39.79088,7.033302396747286,2.6200902001119366,-26.999999539429652
17.20167,17.17878,46.85308,3879.91571,0.02393,39.73425,7.015854362324313,2.613590348203964,-26.999999539429652
17.24163,17.21352,46.85468,3875.99582,0.00742,39.67773,7.000113910177321,2.6077266156229886,-26.999999539429652
17.28157,17.24818,46.85458,3872.08848,-0.00952,39.62131,6.986108428711889,2.602509205270719,-26.999999539429652
17.32151,17.28278,46.85274,3868.19283,-0.02687,39.56496,6.973862686158893,2.59794734396485,-26.999999539429652
17.36144,17.3173,46.84912,3864.30796,-0.04458,39.50867,6.963398902789865,2.5940493093411767,-26.999999539429652
17.40136,17.35176,46.84371,3860.43296,-0.06262,39.45242,6.954736817091312,2.590822454505275,-26.999999539429652
17.44127,17.38615,46.83646,3856.56691,-0.08095,39.39619,6.947893745313318,2.5882732302159166,-26.999999539429652
17.48118,17.42048,46.82735,3852.70884,-0.09954,39.33996,6.942884633871151,2.5864072044060555,-26.999999539429652
17.52108,17.45473,46.81637,3848.8578,-0.11836,39.28372,6.939722104181943,2.5852290788856616,-26.999999539429652
17.56097,17.48892,46.8035,3845.0128,-0.13736,39.22744,6.938416489550933,2.5847427030828216,-26.999999539429652
17.60085,17.52304,46.78871,3841.17284,-0.15651,39.17111,6.938975863844127,2.58495108472506,-26.999999539429652
17.64072,17.55709,46.77202,3837.33692,-0.17577,39.11471,6.941406061709437,2.585856397372243,-26.999999539429652
17.68059,17.59108,46.7534,3833.504,-0.1951,39.05822,6.945710690214096,2.58745998475182,-26.999999539429652
17.72045,17.625,46.73286,3829.67305,-0.21447,39.00162,6.951891131812158,2.5897623618643038,-26.999999539429652
17.7603,17.65885,46.71039,3825.84304,-0.23384,38.94488,6.959946538637408,2.5927632128572187,-26.999999539429652
17.80014,17.69263,46.68602,3822.0129,-0.25317,38.888,6.969873818171372,2.596461385686065,-26.999999539429652
17.83998,17.72634,46.65973,3818.18159,-0.27242,38.83095,6.981667610424441,2.600854883613683,-26.999999539429652
17.87981,17.75999,46.63156,3814.34803,-0.29157,38.77371,6.995320256815085,2.605940853616944,-26.999999539429652
17.91963,17.79357,46.60151,3810.51115,-0.31056,38.71626,7.010821761027432,2.611715571805167,-26.999999539429652
17.95944,17.82708,46.5696,3806.66989,-0.32936,38.65858,7.0281597421708675,2.6181744259708357,-26.999999539429652
17.99924,17.86052,46.53587,3802.82317,-0.34793,38.60065,7.047319380667791,2.6253118954313686,-26.999999539429652
18.03904,17.89389,46.50034,3798.96991,-0.36625,38.54246,7.068283357339497,2.6331215283370026,-26.999999539429652
18.07882,17.9272,46.46303,3795.10905,-0.38427,38.48398,7.091031786274349,2.6415959166624234,-26.999999539429652
18.1186,17.96043,46.42399,3791.2395,-0.40195,38.4252,7.115542142117184,2.6507266691201545,-26.999999539429652
18.15838,17.9936,46.38325,3787.36021,-0.41926,38.36609,7.141789182479521,2.660504382256321,-26.999999539429652
18.19814,18.02669,46.34086,3783.4701,-0.43617,38.30664,7.169744866337646,2.6709186100517837,-26.999999539429652
18.23789,18.05972,46.29686,3779.56814,-0.45264,38.24682,7.199378269249948,2.681957832338372,-26.999999539429652
18.27764,18.09268,46.25131,3775.65327,-0.46863,38.18663,7.230655496414384,2.6936094224105003,-26.999999539429652
18.31738,18.12556,46.20424,3771.72447,-0.48412,38.12603,7.263539594619372,2.705859614224555,-26.999999539429652
18.35711,18.15838,46.15572,3767.7807,-0.49906,38.06502,7.297990464246614,2.7186934696176372,-26.999999539429652
18.39684,18.19112,46.1058,3763.82098,-0.51343,38.00358,7.33396477255993,2.7320948460053653,-26.999999539429652
18.43655,18.22379,46.05456,3759.8443,-0.5272,37.94168,7.371415869613425,2.7460463650554607,-26.999999539429652
18.47626,18.25639,46.00204,3755.84971,-0.54034,37.87931,7.41029370817363,2.760529382856635,-26.999999539429652
18.51596,18.28892,45.94832,3751.83626,-0.55281,37.81646,7.450544769144796,2.7755239621375467,-26.999999539429652
18.55564,18.32137,45.89347,3747.80301,-0.56459,37.75311,7.492111994031387,2.791008847107313,-26.999999539429652
18.59533,18.35375,45.83756,3743.74909,-0.57565,37.68925,7.5349347260736,2.8069614415269277,-26.999999539429652
18.635,18.38605,45.78066,3739.67361,-0.58596,37.62485,7.578948661698758,2.823357790623644,-26.999999539429652
18.67464,18.41831,45.72378,3735.57352,-0.57646,37.63928,7.623077433754636,2.8397969193123314,0.0
18.71423,18.45056,45.66793,3731.44651,-0.56607,37.65372,7.666219594539338,2.8558685093432,0.0
18.75378,18.48278,45.61321,3727.29296,-0.5548,37.66819,7.708263386946726,2.871530928253708,0.0
18.79327,18.51499,45.55969,3723.11329,-0.54269,37.68268,7.7491003251705095,2.8867437622265792,0.0
18.8327,18.54718,45.50745,3718.90799,-0.52976,37.69719,7.7886240451276985,2.901467387842292,0.0
18.87209,18.57935,45.45656,3714.67762,-0.51604,37.71172,7.826730810514284,2.9156631605981356,0.0
18.91142,18.6115,45.4071,3710.4228,-0.50156,37.72627,7.863320021977923,2.9292936045884357,0.0
18.9507,18.64364,45.35914,3706.14422,-0.48637,37.74084,7.8982947250996665,2.9423226017411075,0.0
18.98993,18.67575,45.31274,3701.84264,-0.47049,37.75544,7.931562112737327,2.954715578953785,0.0
19.02911,18.70785,45.26797,3697.51886,-0.45396,37.77005,7.963034017144654,2.9664396914211566,0.0
19.06823,18.73993,45.22487,3693.17375,-0.43684,37.78468,7.992627387233775,2.977464000427783,0.0
19.1073,18.77199,45.18351,3688.80824,-0.41915,37.79934,8.020264746357563,2.987759643884078,0.0
19.14631,18.80403,45.14393,3684.4233,-0.40095,37.81401,8.04587462606191,2.997299997910436,0.0
19.18527,18.83605,45.10618,3680.01996,-0.38229,37.8287,8.069391971408606,3.006060827830677,0.0
19.22418,18.86804,45.07028,3675.59929,-0.36321,37.84341,8.090758513685369,3.0140204270163333,0.0
19.26303,18.90002,45.03629,3671.16241,-0.34376,37.85814,8.109923106604947,3.0211597421296648,0.0
19.30183,18.93198,45.00421,3666.71048,-0.32399,37.87288,8.126842022411548,3.0274624834310893,0.0
19.34057,18.96392,44.97409,3662.24468,-0.30396,37.88765,8.141479204786853,3.0329152189933377,0.0
19.37926,18.99584,44.94593,3657.76625,-0.28372,37.90243,8.153806475804833,3.0375074517975564,0.0
19.41789,19.02773,44.91976,3653.27643,-0.26332,37.91724,8.163803694775156,3.0412316789066636,0.0
19.45647,19.05961,44.89557,3648.77648,-0.24282,37.93205,8.171458867314545,3.0440834320972976,0.0
19.495,19.09146,44.87337,3644.26772,-0.22227,37.94689,8.176768203541073,3.0460612995387235,0.0
19.53346,19.1233,44.85315,3639.75143,-0.20173,37.96175,8.179736124902313,3.047166928336496,0.0
19.57188,19.15511,44.83492,3635.22894,-0.18125,37.97662,8.180375219695497,3.047405007962553,0.0
19.61023,19.1869,44.81865,3630.70155,-0.16089,37.99151,8.17870614797031,3.0467832348290007,0.0
19.64854,19.21867,44.80433,3626.1706,-0.1407,38.00642,8.174757497055937,3.0453122584681385,0.0
19.68678,19.25042,44.79193,3621.6374,-0.12074,38.02134,8.1685655894659,3.0430056099719556,0.0
19.72497,19.28215,44.78142,3617.10324,-0.10106,38.03629,8.160174245529086,3.0398796135659456,0.0
19.76311,19.31385,44.77278,3612.56943,-0.08171,38.05125,8.149634503495731,3.035953282341217,0.0
19.80119,19.34554,44.76595,3608.03723,-0.06274,38.06622,8.137004300319813,3.0312481993375417,0.0
19.83921,19.3772,44.76091,3603.50791,-0.0442,38.08122,8.12234811668609,3.0257883853065812,0.0
19.87718,19.40884,44.7576,3598.98269,-0.02614,38.09623,8.105736590155017,3.019600154598187,0.0
19.91509,19.44046,44.75596,3594.46276,-0.00861,38.11126,8.087246100546425,3.012711960704925,0.0
19.95295,19.47205,44.75596,3589.94931,0.00835,38.1263,8.066958331836048,3.0051542330569894,0.0
19.99075,19.50363,44.75751,3585.44345,0.02469,38.14137,8.04495981499043,2.996959206716182,0.0
20.0285,19.53519,44.76057,3580.94627,0.04038,38.15645,8.021341456179892,2.9881607466228353,0.0
20.06619,19.56672,44.76506,3576.45884,0.05538,38.17155,7.996198054783951,2.978794168040141,0.0
20.10383,19.59823,44.77092,3571.98215,0.06964,38.18666,7.9696278155688995,2.9688960548274665,0.0
20.14141,19.62972,44.77806,3567.51716,0.08314,38.2018,7.941731859233625,2.9585040771057907,0.0
20.17894,19.66119,44.78642,3563.06478,0.09583,38.21695,7.912613735350354,2.947656809815323,0.0
20.21641,19.69264,44.79591,3558.62588,0.10771,38.23212,7.882378941526353,2.936393553590579,0.0
20.25383,19.72406,44.80646,3554.20126,0.11872,38.2473,7.851134452287419,2.924754159257087,0.0
20.29119,19.75547,44.81798,3549.79168,0.12886,38.26251,7.818988260935773,2.9127788571613995,0.0
20.3285,19.78685,44.83038,3545.39782,0.1381,38.27773,7.7860489372926756,2.9005080924185807,0.0
20.36576,19.81822,44.84359,3541.02035,0.14641,38.29297,7.752425203864755,2.887982367023009,0.0
20.40296,19.84956,44.8575,3536.65984,0.15379,38.30823,7.718225532684595,2.875242089660895,0.0
20.44011,19.88088,44.87203,3532.31682,0.16021,38.32351,7.683557764643229,2.8623274339016107,0.0
20.4772,19.91219,44.8871,3527.99178,0.16567,38.3388,7.6485287528266035,2.8492782053311467,0.0
20.51424,19.94347,44.90261,3523.68513,0.17016,38.35412,7.613244030991074,2.8361337180505055,0.0
20.55123,19.97473,44.91847,3519.39723,0.17367,38.36945,7.577807507999474,2.8229326808450996,0.0
20.58817,20.00597,44.93458,3515.12838,0.17619,38.3848,7.542321188666165,2.8097130931921863,0.0
20.62505,20.0372,44.95086,3510.87884,0.17773,38.40018,7.50688492121153,2.796512151181023,0.0
20.66188,20.0684,44.96722,3506.6488,0.17828,38.41557,7.471596171197571,2.78336616329793,0.0
20.69866,20.09958,44.98357,3502.4384,0.17785,38.43098,7.4365498215863335,2.770310475942788,0.0
20.73538,20.13075,44.99981,3498.24773,0.17644,38.44641,7.401837998295622,2.7573794084439602,0.0
20.77206,20.16189,45.01586,3494.07682,0.17407,38.46186,7.3675499204668045,2.7446061972791007,0.0
20.80868,20.19302,45.03162,3489.92565,0.17073,38.47733,7.333771774418161,2.73202294911947,0.0
20.84525,20.22412,45.04702,3485.79417,0.16645,38.49282,7.300586610155534,2.71966060227742,0.0
20.88177,20.25521,45.06197,3481.68225,0.16123,38.50833,7.268074259145867,2.7075488960748793,0.0
20.91824,20.28628,45.07639,3477.58972,0.1551,38.52386,7.236311271989304,2.695716347624569,0.0
20.95466,20.31733,45.09019,3473.51639,0.14807,38.53941,7.205370874506643,2.684190235471425,0.0
20.99102,20.34837,45.10329,3469.462,0.14016,38.55498,7.17532294073905,2.672996589534277,0.0
21.02734,20.37938,45.11563,3465.42625,0.13139,38.57057,7.146233981298342,2.6621601867660263,0.0
21.06361,20.41038,45.12711,3461.40879,0.12179,38.58618,7.1181671455055895,2.6517045519503313,0.0
21.09983,20.44136,45.13768,3457.40926,0.11138,38.60181,7.091182235736254,2.641651963045547,0.0
21.13599,20.47232,45.14725,3453.42723,0.10018,38.61747,7.065335732424351,2.6320234604994313,0.0
21.17211,20.50326,45.15577,3449.46225,0.08823,38.63314,7.0406808282058355,2.622838859968463,0.0
21.20818,20.53419,45.16317,3445.51382,0.07556,38.64884,7.0172674697171225,2.6141167678888793,0.0
21.2442,20.5651,45.16938,3441.58142,0.06218,38.66456,6.995142405609731,2.6058745993634034,0.0
21.28017,20.59599,45.17435,3437.66448,0.04815,38.6803,6.9743492394284425,2.5981285978597444,0.0
21.31609,20.62687,45.17803,3433.76243,0.03348,38.69606,6.954928486036082,2.5908938562303145,0.0
21.35197,20.65773,45.18035,3429.87462,0.01821,38.71184,6.936917630360109,2.5841843385968812,0.0
21.38779,20.68857,45.18128,3426.00042,0.00239,38.72764,6.920351187314806,2.5780129026731555,0.0
21.42357,20.71939,45.18077,3422.13915,-0.01397,38.74347,6.905260761807642,2.572391322118745,0.0
21.4593,20.7502,45.17877,3418.2901,-0.03081,38.75932,6.891675107866979,2.5673303085657797,0.0
21.49498,20.78099,45.17524,3414.45253,-0.04811,38.77519,6.879620185957507,2.5628395329704166,0.0
21.53061,20.81177,45.17016,3410.62571,-0.06581,38.79108,6.869119217673744,2.5589276459876107,0.0
21.56619,20.84253,45.16348,3406.80886,-0.0839,38.80699,6.860192737084429,2.555602297098251,0.0
21.60173,20.87327,45.15518,3403.00118,-0.10232,38.82293,6.852858638044278,2.5528701522340356,0.0
21.63722,20.904,45.14524,3399.20185,-0.12103,38.83888,6.847132216928962,2.550736909697373,0.0
21.67266,20.93471,45.13363,3395.41005,-0.14,38.85486,6.843026210299217,2.549207314192256,0.0
21.70806,20.96541,45.12034,3391.62492,-0.15919,38.87086,6.840550827077314,2.5482851688108448,0.0
21.7434,20.99608,45.10536,3387.84561,-0.17855,38.88688,6.83971377491929,2.5479733448578132,0.0
21.7787,21.02675,45.08867,3384.07123,-0.19804,38.90293,6.840520280542863,2.548273789423034,0.0
21.81395,21.05739,45.07027,3380.30089,-0.21761,38.919,6.842973103825107,2.549187530633335,0.0
21.84916,21.08803,45.05015,3376.53369,-0.23724,38.93508,6.847072545599514,2.550714680557106,0.0
21.88432,21.11864,45.02833,3372.76872,-0.25687,38.95119,6.852816449131447,2.5528544357539484,0.0
21.91943,21.14924,45.00479,3369.00505,-0.27647,38.96733,6.860200195331487,2.5556050754915187,0.0
21.95449,21.17982,44.97956,3365.24176,-0.29599,38.98348,6.869216691866041,2.5589639576889414,0.0
21.98951,21.21039,44.95264,3361.47792,-0.31539,38.99965,6.879856356355813,2.5629275126578026,0.0
22.02448,21.24094,44.92406,3357.71257,-0.33463,39.01585,6.892107093989381,2.5674912347626138,0.0
22.0594,21.27148,44.89382,3353.94479,-0.35367,39.03207,6.905954269885075,2.572649672124885,0.0
22.09427,21.302,44.86196,3350.17362,-0.37246,39.04831,6.921380676683178,2.5783964145503693,0.0
22.1291,21.3325,44.82849,3346.39812,-0.39097,39.06457,6.93836649785603,2.58472407986111,0.0
22.16388,21.36299,44.79346,3342.61736,-0.40915,39.08085,6.956889267364058,2.5916242988662472,0.0
22.19862,21.39346,44.7569,3338.83039,-0.42697,39.09715,6.976923826315316,2.5990876992165624,0.0
22.2333,21.42392,44.71883,3335.03627,-0.44439,39.11347,6.998442277388826,2.6071038884259683,0.0
22.26794,21.45435,44.67931,3331.23408,-0.46136,39.12982,7.021413937821108,2.6156614363577564,0.0
22.30253,21.48478,44.63838,3327.42291,-0.47785,39.14618,7.045805291892492,2.6247478575244965,0.0
22.33708,21.51518,44.59608,3323.60183,-0.49383,39.16256,7.0715799438474365,2.634349593549621,0.0
22.37157,21.54557,44.55246,3319.76996,-0.50925,39.17897,7.09869857229288,2.644451996179607,0.0
22.40602,21.57594,44.50758,3315.9264,-0.52409,39.19539,7.1271188871853495,2.6550393112605413,0.0
22.44042,21.6063,44.46149,3312.0703,-0.5383,39.21183,7.156795590550807,2.666094664105234,0.0
22.47478,21.63664,44.41425,3308.20079,-0.55186,39.2283,7.187680342168512,2.6776000467095518,0.0
22.50908,21.66696,44.36592,3304.31705,-0.56473,39.24478,7.2197217314579705,2.6895363072795657,0.0
22.54334,21.69726,44.31656,3300.41828,-0.57688,39.26128,7.25286525690048,2.701883142565539,0.0
22.57754,21.72755,44.26625,3296.50368,-0.58828,39.2778,7.287053314291044,2.714619093485452,0.0
22.6117,21.75781,44.21505,3292.57249,-0.59891,39.29434,7.32222519520239,2.7277215445528116,0.0
22.64581,21.78807,44.16303,3288.62398,-0.60874,39.31089,7.358317097004321,2.7411667276091203,0.0
22.67988,21.8183,44.11026,3284.65746,-0.61774,39.32747,7.39526214578499,2.7549297303626568,0.0
22.71389,21.84851,44.05681,3280.67224,-0.6259,39.34406,7.43299043351981,2.7689845102348714,0.0
22.74785,21.87871,44.00277,3276.66771,-0.63318,39.36067,7.471429070760572,2.7833039139884703,0.0
22.78177,21.90889,43.94821,3272.64325,-0.63958,39.37729,7.510502256098991,2.7978597036044115,0.0
22.81563,21.93904,43.8932,3268.5983,-0.64507,39.39394,7.550131363542525,2.8126225888316996,0.0
22.84945,21.96918,43.83784,3264.53236,-0.64963,39.4106,7.5902350488956705,2.8275622668172136,0.0
22.88321,21.9993,43.78219,3260.44493,-0.65327,39.42727,7.630729376078772,2.842647469162791,0.0
22.91692,22.02941,43.72634,3256.3356,-0.65596,39.44397,7.671527964199449,2.857846016713203,0.0
22.95059,22.05949,43.67038,3252.20396,-0.65769,39.46067,7.712542156045687,2.8731248823242614,0.0
22.9842,22.08955,43.61438,3248.04969,-0.65846,39.4774,7.753681208470256,2.888450261786028,0.0
23.01776,22.11959,43.55842,3243.87249,-0.65827,39.49414,7.794852504946454,2.903787653005419,0.0
23.05128,22.14961,43.5026,3239.67213,-0.65712,39.51089,7.835961790369467,2.919101943475889,0.0
23.08474,22.17961,43.44699,3235.44843,-0.65499,39.52766,7.8769134279145625,2.93435750596387,0.0
23.11814,22.20959,43.39167,3231.20125,-0.65191,39.54444,7.917610677540804,2.9495183022587277,0.0
23.1515,22.23955,43.33672,3226.93053,-0.64787,39.56123,7.957955995450281,2.9645479947292106,0.0
23.18481,22.26948,43.28223,3222.63624,-0.64288,39.57804,7.997851353542943,2.979410065328774,0.0
23.21806,22.2994,43.22827,3218.31842,-0.63696,39.59487,8.037198577618899,2.994067941584841,0.0
23.25126,22.32929,43.17493,3213.97718,-0.63012,39.6117,8.075899702822058,3.008485129010907,0.0
23.28441,22.35916,43.12226,3209.61267,-0.62237,39.62855,8.11385734448961,3.0226253492577295,0.0
23.3175,22.38901,43.07036,3205.2251,-0.61374,39.64541,8.150975082365338,3.036452683242899,0.0
23.35054,22.41884,43.01929,3200.81475,-0.60424,39.66228,8.18715785580258,3.0499317183743386,0.0
23.38353,22.44864,42.96912,3196.38195,-0.5939,39.67917,8.222312367377805,3.063027698906978,0.0
23.41647,22.47842,42.91991,3191.92709,-0.58275,39.69606,8.256347492098172,3.0757066783833413,0.0
23.44935,22.50818,42.87175,3187.45062,-0.57082,39.71297,8.289174689180994,3.0879356730322316,0.0
23.48217,22.53791,42.82467,3182.95304,-0.55813,39.72989,8.320708413227992,3.0996828149419526,0.0
23.51495,22.56762,42.77875,3178.43492,-0.54473,39.74682,8.350866521454872,3.1109175037640493,0.0
23.54766,22.59731,42.73403,3173.89687,-0.53065,39.76376,8.379570673592974,3.1216105556871896,0.0
23.58033,22.62697,42.69058,3169.33954,-0.51593,39.78071,8.40674672095626,3.1317343483748536,0.0
23.61294,22.6566,42.64843,3164.76366,-0.5006,39.79767,8.432325081241911,3.1412629605884224,0.0
23.64549,22.68621,42.60764,3160.16999,-0.48472,39.81463,8.456241095597269,3.1501723052040025,0.0
23.67799,22.7158,42.56824,3155.55935,-0.46832,39.83161,8.47843536464326,3.1584402543899985,0.0
23.71043,22.74536,42.53028,3150.93257,-0.45145,39.8486,8.498854060222108,3.166046755741334,0.0
23.74282,22.7749,42.49377,3146.29057,-0.43417,39.8656,8.517449209867257,3.1729739382519857,0.0
23.77515,22.80441,42.45876,3141.63426,-0.41651,39.8826,8.534178951203835,3.179206207085847,0.0
23.80743,22.83389,42.42527,3136.96461,-0.39854,39.89961,8.549007753770152,3.184730326211078,0.0
23.83965,22.86335,42.39331,3132.28262,-0.38029,39.91663,8.561906606044285,3.1895354880724214,0.0
23.87182,22.89278,42.3629,3127.58931,-0.36183,39.93366,8.572853165849272,3.1936133696211018,0.0
23.90392,22.92219,42.33406,3122.88573,-0.34321,39.9507,8.581831872636428,3.1969581741433113,0.0
23.93598,22.95157,42.30678,3118.17295,-0.32448,39.96775,8.588834020585015,3.1995666584917606,0.0
23.96797,22.98092,42.28108,3113.45204,-0.30569,39.9848,8.5938577918505,3.201438145471531,0.0
23.99991,23.01025,42.25695,3108.72412,-0.28691,40.00186,8.596908249727818,3.2025745212932097,0.0
24.0318,23.03955,42.23438,3103.99027,-0.26817,40.01893,8.597997291926356,3.20298021816659,0.0
24.06362,23.06882,42.21336,3099.25163,-0.24955,40.03601,8.597143564561033,3.202662182260088,0.0
24.0954,23.09807,42.19387,3094.50929,-0.23109,40.05309,8.59437233789461,3.201629827411483,0.0
24.12711,23.12729,42.17591,3089.76437,-0.21284,40.07018,8.589715345237847,3.199894975113988,0.0
24.15877,23.15648,42.15943,3085.01798,-0.19485,40.08728,8.583210586808221,3.1974717814484572,0.0
24.19037,23.18564,42.14442,3080.2712,-0.17719,40.10438,8.574902100644664,3.194376651743105,0.0
24.22191,23.21478,42.13084,3075.52512,-0.15989,40.1215,8.564839703021637,3.190628143870911,0.0
24.2534,23.24389,42.11866,3070.78081,-0.14302,40.13861,8.55307870102982,3.1862468611783723,0.0
24.28483,23.27297,42.10784,3066.0393,-0.1266,40.15574,8.539679580241092,3.1812553361324856,0.0
24.31621,23.30203,42.09832,3061.30163,-0.1107,40.17287,8.524707670517014,3.1756779058256135,0.0
24.34753,23.33106,42.09008,3056.56878,-0.09536,40.19001,8.508232793173615,3.1695405805350854,0.0
24.37879,23.36006,42.08304,3051.84172,-0.08061,40.20716,8.49032889279508,3.1628709065641107,0.0
24.41,23.38903,42.07718,3047.12138,-0.0665,40.22431,8.471073656992214,3.1556978245917984,0.0
24.44115,23.41798,42.07242,3042.40867,-0.05307,40.24148,8.450548127443485,3.148051524775711,0.0
24.47224,23.4469,42.0687,3037.70445,-0.04035,40.25865,8.428836305462585,3.1399632998154083,0.0
24.50328,23.47579,42.06598,3033.00953,-0.02838,40.27582,8.40602475525453,3.131465397154898,0.0
24.53427,23.50465,42.06417,3028.32471,-0.01719,40.293,8.382202207908948,3.122590871459725,0.0
24.56519,23.53349,42.06323,3023.65073,-0.00681,40.31019,8.357459168998801,3.1133734384371596,0.0
24.59607,23.5623,42.06307,3018.98828,0.00273,40.32739,8.331887532493482,3.1038473310086787,0.0
24.62688,23.59108,42.06364,3014.33802,0.01142,40.3446,8.305580203432632,3.094047158746025,0.0
24.65764,23.61983,42.06485,3009.70055,0.01922,40.36181,8.278630731649,3.0840077714233445,0.0
24.68835,23.64856,42.06664,3005.07643,0.02612,40.37903,8.251132958512644,3.073764127420096,0.0
24.719,23.67726,42.06894,3000.46617,0.03211,40.39626,8.223180678466193,3.0633511676340417,0.0
24.74959,23.70594,42.07166,2995.87023,0.03716,40.4135,8.194867316836461,3.052803695457587,0.0
24.78014,23.73458,42.07474,2991.28904,0.04128,40.43074,8.166285625160306,3.0421562632786503,0.0
24.81062,23.7632,42.0781,2986.72294,0.04444,40.448,8.137527394994832,3.031443065867436,0.0
24.84106,23.7918,42.08167,2982.17226,0.04664,40.46526,8.108683190939617,3.0206978409201835,0.0
24.87143,23.82037,42.08536,2977.63727,0.04788,40.48253,8.079842103358649,3.0099537769415883,0.0
24.90176,23.84891,42.08911,2973.11817,0.04816,40.49981,8.051091521055554,2.999243428560337,0.0
24.93203,23.87742,42.09283,2968.61515,0.04748,40.51709,8.02251692393737,2.988598639290915,0.0
24.96225,23.90591,42.09646,2964.12832,0.04585,40.53439,7.994201695515125,2.97805047168513,0.0
24.99241,23.93438,42.09992,2959.65776,0.04326,40.55169,7.966226954898709,2.967629144745791,0.0
25.02252,23.96281,42.10314,2955.20349,0.03974,40.56901,7.938671407783242,2.957363978415199,0.0
25.05258,23.99123,42.10605,2950.7655,0.03528,40.58633,7.91161121577394,2.947283344895231,0.0
25.08258,24.01961,42.10857,2946.34372,0.02991,40.60366,7.885119883288052,2.9374146265153303,0.0
25.11253,24.04797,42.11064,2941.93804,0.02364,40.62101,7.859268161134378,2.9277841798133393,0.0
25.14243,24.07631,42.11219,2937.54832,0.01648,40.63836,7.8341239658274,2.9184173054778952,0.0
25.17228,24.10462,42.11315,2933.17436,0.00847,40.65572,7.809752313563703,2.9093382237529033,0.0
25.20207,24.1329,42.11347,2928.81593,-0.0004,40.67309,7.7862152678073375,2.9005700549117113,0.0
25.23182,24.16116,42.11307,2924.47276,-0.01007,40.69047,7.7635718993263865,2.8921348043696757,0.0
25.26151,24.18939,42.11191,2920.14453,-0.02055,40.70786,7.741878257546495,2.884053352012598,0.0
25.29115,24.2176,42.10991,2915.83091,-0.03178,40.72526,7.721187352048576,2.8763454453041346,0.0
25.32073,24.24579,42.10704,2911.5315,-0.04376,40.74267,7.701549143075518,2.8690296957492945,0.0
25.35027,24.27395,42.10322,2907.24589,-0.05644,40.76009,7.683010539900056,2.8621235782864285,0.0
25.37975,24.30208,42.09843,2902.97362,-0.0698,40.77753,7.665615405936527,2.855643433191494,0.0
25.40919,24.33019,42.0926,2898.71421,-0.0838,40.79497,7.649404569548225,2.8496044701040755,0.0
25.43857,24.35828,42.0857,2894.46716,-0.0984,40.81242,7.634415839486774,2.844020773778962,0.0
25.4679,24.38634,42.07767,2890.23191,-0.11358,40.82988,7.620684024019283,2.838905311211512,0.0
25.49719,24.41438,42.06849,2886.00789,-0.1293,40.84736,7.608240952787713,2.8342699397808437,0.0
25.52642,24.44239,42.05812,2881.79451,-0.14552,40.86484,7.5971155005655,2.8301254160998037,0.0
25.5556,24.47038,42.04653,2877.59115,-0.16219,40.88234,7.587333612104169,2.8264814052709823,0.0
25.58473,24.49835,42.03368,2873.39716,-0.17928,40.89984,7.578918327350695,2.823346490280846,0.0
25.61381,24.52629,42.01955,2869.21187,-0.19675,40.91736,7.571889806379764,2.820728181287657,0.0
25.64284,24.55421,42.00411,2865.03459,-0.21457,40.93488,7.566265353460529,2.8186329245869794,0.0
25.67182,24.5821,41.98735,2860.86462,-0.23267,40.95242,7.562059439753775,2.8170661110669637,0.0
25.70075,24.60997,41.96925,2856.70122,-0.25103,40.96997,7.55928372422364,2.816032083998517,0.0
25.72964,24.63781,41.9498,2852.54367,-0.26961,40.98753,7.557947072394542,2.8155341460227516,0.0
25.75847,24.66564,41.92898,2848.39119,-0.28835,41.0051,7.558055572704088,2.8155745652428728,0.0
25.78725,24.69343,41.90679,2844.24302,-0.30722,41.02268,7.559612550229714,2.8161545803377126,0.0
25.81598,24.72121,41.88323,2840.09837,-0.32616,41.04027,7.562618577705322,2.81727440466572,0.0
25.84467,24.74896,41.85829,2835.95645,-0.34515,41.05787,7.567071483758388,2.8189332293334965,0.0
25.8733,24.77668,41.83198,2831.81646,-0.36413,41.07549,7.572966358422224,2.8211292252492624,0.0
25.90188,24.80438,41.8043,2827.67759,-0.38306,41.09311,7.580295556030415,2.8238595442011087,0.0
25.93042,24.83206,41.77527,2823.53901,-0.40189,41.11074,7.589048695673272,2.827120319027038,0.0
25.9589,24.85971,41.74489,2819.39991,-0.42059,41.12839,7.599212659479119,2.830906662974699,0.0
25.98734,24.88734,41.71319,2815.25947,-0.4391,41.14604,7.610771589066754,2.8352126683798344,0.0
26.01573,24.91495,41.68017,2811.11685,-0.4574,41.1637,7.623706880538194,2.8400314048009476,0.0
26.04406,24.94253,41.64587,2806.97123,-0.47542,41.18138,7.637997178509724,2.8453549167957113,0.0
26.07235,24.97009,41.61031,2802.8218,-0.49314,41.19906,7.6536183696960505,2.8511742215308953,0.0
26.10059,24.99762,41.57351,2798.66772,-0.51051,41.21675,7.670543576652568,2.8574793064511947,0.0
26.12878,25.02513,41.53551,2794.50819,-0.52749,41.23445,7.688743152324063,2.8642591272484825,0.0
26.15692,25.05261,41.49634,2790.34239,-0.54404,41.25216,7.708184676108626,2.871501606395509,0.0
26.18501,25.08007,41.45604,2786.16954,-0.56012,41.26988,7.728832952207892,2.8791936325313277,0.0
26.21305,25.1075,41.41465,2781.98884,-0.5757,41.28761,7.75065001105651,2.8873210609938043,0.0
26.24104,25.13491,41.3722,2777.79952,-0.59073,41.30535,7.773595114677281,2.8958687158145526,0.0
26.26898,25.1623,41.32874,2773.60081,-0.60518,41.3231,7.797624766850048,2.9048203935071086,0.0
26.29687,25.18966,41.28433,2769.39198,-0.61902,41.34085,7.822692728985717,2.9141588689804254,0.0
26.32471,25.21699,41.239,2765.17229,-0.63222,41.35862,7.848750042643693,2.9238659039272057,0.0
26.35251,25.2443,41.19281,2760.94105,-0.64474,41.37639,7.875745059612641,2.9339222580297832,0.0
26.38025,25.27158,41.14582,2756.69756,-0.65654,41.39417,7.903623480488778,2.944307703331545,0.0
26.40794,25.29884,41.09807,2752.44116,-0.66762,41.41195,7.932328402674896,2.955001042117831,0.0
26.43558,25.32607,41.04962,2748.17123,-0.67793,41.42975,7.961800378702685,2.965980128642542,0.0
26.46317,25.35328,41.00054,2743.88714,-0.68745,41.44755,7.99197748573686,2.977221895020245,0.0
26.49071,25.38045,40.95088,2739.58833,-0.69616,41.46535,8.022795407077401,2.9887023815879084,0.0
26.5182,25.40761,40.9007,2735.27424,-0.70403,41.48317,8.054187526428548,3.0003967720225817,0.0
26.54564,25.43473,40.85007,2730.94436,-0.71106,41.50099,8.086085035611415,3.0122794334671767,0.0
26.57303,25.46183,40.79905,2726.5982,-0.71721,41.51881,8.118417056326619,3.0243239618902544,0.0
26.60036,25.4889,40.7477,2722.23533,-0.72248,41.53664,8.151110776458083,3.0365032328627737,0.0
26.62765,25.51595,40.6961,2717.85533,-0.72686,41.55448,8.184091601304564,3.0487894578958157,0.0
26.65488,25.54296,40.64429,2713.45784,-0.73033,41.57232,8.217283319996758,3.0611542464353363,0.0
26.68206,25.56995,40.59236,2709.04253,-0.73288,41.59017,8.2506082872173,3.073568673557648,0.0
26.7092,25.59691,40.54036,2704.60911,-0.73452,41.60802,8.28398762018309,3.0860033533505127,0.0
26.73627,25.62385,40.48837,2700.15734,-0.73522,41.62587,8.317341410703524,3.098428517910419,0.0
26.7633,25.65075,40.43644,2695.68703,-0.73501,41.64373,8.350588951930371,3.1108141018128785,0.0
26.79028,25.67763,40.38465,2691.19802,-0.73387,41.66159,8.383648979270237,3.12312983185865,0.0
26.8172,25.70447,40.33305,2686.69021,-0.73182,41.67946,8.416439924706017,3.1353453218151786,0.0
26.84407,25.73129,40.28172,2682.16353,-0.72886,41.69733,8.448880183632516,3.1474301718198823,0.0
26.87089,25.75808,40.23072,2677.61798,-0.72499,41.7152,8.480888393079757,3.159354072025656,0.0
26.89765,25.78484,40.1801,2673.05359,-0.72024,41.73307,8.512383720043873,3.171086910011716,0.0
26.92436,25.81157,40.12994,2668.47045,-0.71462,41.75095,8.543286158455654,3.182598881412194,0.0
26.95102,25.83827,40.08028,2663.86869,-0.70814,41.76882,8.573516833137173,3.1938606031479826,0.0
26.97763,25.86494,40.03119,2659.24849,-0.70082,41.7867,8.60299830892987,3.204843228585076,0.0
27.00418,25.89157,39.98272,2654.61009,-0.69269,41.80458,8.631654903083161,3.2155185639075468,0.0
27.03068,25.91818,39.93493,2649.95377,-0.68378,41.82246,8.659412998758905,3.225859184906215,0.0
27.05712,25.94476,39.88786,2645.27984,-0.67411,41.84034,8.686201357535806,3.2358385533947502,0.0
27.08351,25.9713,39.84157,2640.58869,-0.66371,41.85822,8.711951428558466,3.2454311323758365,0.0
27.10985,25.99782,39.79611,2635.88072,-0.65261,41.87611,8.736597652058864,3.2546124991109022,0.0
27.13613,26.0243,39.75152,2631.15641,-0.64085,41.89399,8.760077754832778,3.263359455192872,0.0
27.16236,26.05075,39.70784,2626.41625,-0.62847,41.91187,8.782333035310371,3.271650132742446,0.0
27.18854,26.07717,39.66511,2621.6608,-0.6155,41.92975,8.80330863585783,3.2794640958476413,0.0
27.21466,26.10355,39.62336,2616.89063,-0.60199,41.94763,8.822953800009959,3.2867824363896867,0.0
27.24072,26.1299,39.58264,2612.10638,-0.58797,41.96551,8.841222112434933,3.293587863436218,0.0
27.26673,26.15622,39.54296,2607.30869,-0.5735,41.98338,8.858071719484819,3.2998647854021446,0.0
27.29268,26.18251,39.50435,2602.49827,-0.55861,42.00126,8.873465528445069,3.3055993842753284,0.0
27.31858,26.20877,39.46684,2597.67584,-0.54336,42.01913,8.88737138363801,3.310779681219769,0.0
27.34443,26.23499,39.43045,2592.84214,-0.52779,42.037,8.899762217828517,3.3153955929782026,0.0
27.37022,26.26117,39.3952,2587.99796,-0.51196,42.05487,8.910616177565318,3.3194389785650285,0.0
27.39595,26.28733,39.36108,2583.1441,-0.4959,42.07274,8.91991672131874,3.3229036758252124,0.0
27.42163,26.31345,39.32813,2578.28139,-0.47968,42.0906,8.92765268957594,3.3257855275465946,0.0
27.44725,26.33953,39.29633,2573.41066,-0.46335,42.10846,8.933818346266332,3.3280823968919555,0.0
27.47282,26.36558,39.26569,2568.53276,-0.44695,42.12632,8.938413391211713,3.3297941720370194,0.0
27.49833,26.3916,39.23622,2563.64857,-0.43054,42.14418,8.941442943560556,3.3309227599992832,0.0
27.52379,26.41758,39.2079,2558.75896,-0.41418,42.16203,8.94291749644114,3.3314720697451228,0.0
27.54919,26.44353,39.18073,2553.86482,-0.3979,42.17988,8.942852843355793,3.331447984769705,0.0
27.57454,26.46944,39.15469,2548.96701,-0.38177,42.19772,8.941269977083532,3.3308583254355706,0.0
27.59983,26.49532,39.12977,2544.06645,-0.36584,42.21557,8.938194962148405,3.3297128014637227,0.0
27.62506,26.52117,39.10595,2539.16399,-0.35015,42.23341,8.933658782098288,3.328022955040974,0.0
27.65024,26.54698,39.08321,2534.26052,-0.33475,42.25124,8.927697163105915,3.325802095106679,0.0
27.67536,26.57275,39.06152,2529.3569,-0.31971,42.26907,8.92035037555834,3.323065223439593,0.0
27.70043,26.59849,39.04086,2524.454,-0.30505,42.2869,8.911663015494831,3.319828953237736,0.0
27.72544,26.62419,39.02119,2519.55264,-0.29083,42.30473,8.901683767876643,3.3161114209301537,0.0
27.75039,26.64986,39.00248,2514.65366,-0.27709,42.32255,8.89046515379306,3.3119321920045177,0.0
27.77529,26.67549,38.98469,2509.75786,-0.26388,42.34037,8.878063263812994,3.307312161673578,0.0
27.80014,26.70109,38.96779,2504.86603,-0.25123,42.35818,8.864537479690712,3.302273451203229,0.0
27.82493,26.72666,38.95173,2499.97891,-0.23919,42.37599,8.849950186729076,3.2968393007602423,0.0
27.84966,26.75218,38.93647,2495.09725,-0.22779,42.3938,8.83436647903762,3.2910339596131486,0.0
27.87434,26.77767,38.92195,2490.22175,-0.21707,42.4116,8.817853859947638,3.2848825745289734,0.0
27.89897,26.80313,38.90815,2485.35309,-0.20705,42.4294,8.800481939741523,3.2784110771694657,0.0
27.92353,26.82855,38.89499,2480.49191,-0.19778,42.4472,8.782322132823213,3.2716460712791187,0.0
27.94805,26.85394,38.88244,2475.63882,-0.18928,42.46499,8.763447356316693,3.264614720405181,0.0
27.97251,26.87929,38.87044,2470.79441,-0.18158,42.48278,8.743931731988836,3.2573446368560743,0.0
27.99691,26.90461,38.85893,2465.9592,-0.17469,42.50056,8.723850293255829,3.2498637725535766,0.0
28.02126,26.92989,38.84786,2461.13372,-0.16865,42.51835,8.703278698864992,3.242200312371765,0.0
28.04556,26.95513,38.83718,2456.31843,-0.16347,42.53613,8.682292954718923,3.234382570509195,0.0
28.0698,26.98034,38.82682,2451.51376,-0.15916,42.5539,8.660969145137118,3.2264388903767744,0.0
28.09398,27.00552,38.81673,2446.72009,-0.15573,42.57168,8.639383174662242,3.2183975484138183,0.0
28.11811,27.03066,38.80685,2441.93779,-0.15321,42.58945,8.61761052136572,3.210286662187877,0.0
28.14219,27.05576,38.79712,2437.16716,-0.1516,42.60722,8.59572600246317,3.2021341030803305,0.0
28.16622,27.08083,38.78749,2432.40849,-0.15089,42.62498,8.573803552812883,3.193967413771234,0.0
28.19019,27.10587,38.77789,2427.66199,-0.15111,42.64274,8.55191601679989,3.1858137307106604,0.0
28.2141,27.13087,38.76826,2422.92787,-0.15224,42.6605,8.53013495387647,3.1776997116774304,0.0
28.23797,27.15584,38.75855,2418.20628,-0.15428,42.67826,8.508530457932565,3.1696514684898256,0.0
28.26178,27.18077,38.74871,2413.49733,-0.15724,42.69601,8.48717099050161,3.1616945048703835,0.0
28.28554,27.20566,38.73866,2408.80109,-0.16109,42.71377,8.466123227713062,3.15385365943168,0.0
28.30924,27.23053,38.72837,2404.11761,-0.16584,42.73152,8.445451920745475,3.1461530536914344,0.0
28.33289,27.25535,38.71777,2399.44688,-0.17147,42.74927,8.425219769467791,3.138616045000558,0.0
28.35649,27.28015,38.70681,2394.78886,-0.17797,42.76701,8.405487308854127,3.1312651842296826,0.0
28.38004,27.30491,38.69544,2390.14347,-0.18532,42.78476,8.386312807658289,3.124122178022743,0.0
28.40353,27.32963,38.6836,2385.51059,-0.19351,42.8025,8.367752178804967,3.1172078554153435,0.0
28.42697,27.35432,38.67125,2380.89009,-0.2025,42.82024,8.349858900853844,3.1105421385780727,0.0
28.45036,27.37898,38.65834,2376.28178,-0.21229,42.83798,8.332683949903629,3.1041440174489607,0.0
28.4737,27.4036,38.64482,2371.68543,-0.22284,42.85572,8.316275741212628,3.098031527985609,0.0
28.49699,27.42819,38.63065,2367.1008,-0.23413,42.87346,8.300680079845145,3.092221733779675,0.0
28.52022,27.45274,38.61579,2362.52761,-0.24613,42.8912,8.285940119605405,3.0867307107586766,0.0
28.5434,27.47727,38.60019,2357.96554,-0.25881,42.90893,8.27209632952668,3.0815735347023114,0.0
28.56654,27.50175,38.58383,2353.41425,-0.27214,42.92667,8.259186467217486,3.0767642713132166,0.0
28.58962,27.52621,38.56665,2348.87337,-0.28609,42.9444,8.24724555833969,3.072315968572017,0.0
28.61265,27.55063,38.54863,2344.34251,-0.30062,42.96213,8.23630588154274,3.0682406511249325,0.0
28.63562,27.57501,38.52974,2339.82123,-0.3157,42.97986,8.226396958204326,3.0645493164619095,0.0
28.65855,27.59936,38.50994,2335.30909,-0.33129,42.99759,8.217545546357057,3.0612519326541396,0.0
28.68143,27.62368,38.48922,2330.80562,-0.34735,43.01532,8.209775638233854,3.05835743743966,0.0
28.70425,27.64797,38.46754,2326.31032,-0.36385,43.03305,8.203108460876607,3.0558737384500905,0.0
28.72703,27.67222,38.44489,2321.82268,-0.38074,43.05077,8.197562479354488,3.0538077144095452,0.0
28.74975,27.69644,38.42125,2317.34215,-0.39798,43.0685,8.193153402129754,3.052165217133528,0.0
28.77243,27.72062,38.3966,2312.86818,-0.41554,43.08622,8.18989418821389,3.05095107419479,0.0
28.79505,27.74478,38.37093,2308.40021,-0.43336,43.10395,8.187795055782448,3.0501690921325793,0.0
28.81763,27.76889,38.34422,2303.93765,-0.45141,43.12167,8.186863491975226,3.0498220601034705,0.0
28.84015,27.79298,38.31647,2299.47988,-0.46964,43.13939,8.187104263698393,3.049911753905435,0.0
28.86262,27.81703,38.28767,2295.02631,-0.48802,43.15711,8.188519429259898,3.050438940312343,0.0
28.88505,27.84105,38.25782,2290.5763,-0.50649,43.17483,8.191108350747522,3.0514033816851063,0.0
28.90742,27.86503,38.22693,2286.12921,-0.52501,43.19255,8.194867707147736,3.052803840858806,0.0
28.92974,27.88898,38.19498,2281.68441,-0.54354,43.21027,8.19979150819368,3.0546380863014235,0.0
28.95202,27.9129,38.16199,2277.24123,-0.56203,43.22798,8.205871109060318,3.056902897588172,0.0
28.97424,27.93679,38.12797,2272.79903,-0.58045,43.2457,8.213095226030603,3.0595940712375604,0.0
28.99642,27.96064,38.09292,2268.35714,-0.59874,43.26341,8.221449953311943,3.062706426975964,0.0
29.01854,27.98445,38.05687,2263.9149,-0.61686,43.28113,8.230918781288354,3.066233814537035,0.0
29.04062,28.00824,38.01981,2259.47164,-0.63478,43.29884,8.241482616446437,3.070169121084653,0.0
29.06264,28.03198,37.98178,2255.0267,-0.65245,43.31654,8.253119803343006,3.0745042793964394,0.0
29.08462,28.0557,37.94278,2250.57941,-0.66982,43.33425,8.26580614898213,3.0792302769448567,0.0
29.10654,28.07938,37.90285,2246.12913,-0.68686,43.35196,8.279514950012977,3.0843371660291106,0.0
29.12842,28.10303,37.86201,2241.67518,-0.70352,43.36966,8.294217023192841,3.089814075123437,0.0
29.15024,28.12664,37.82029,2237.21694,-0.71977,43.38736,8.3098807395713,3.0956492216115943,0.0
29.17202,28.15022,37.77771,2232.75375,-0.73558,43.40506,8.32647206292441,3.1018299261046183,0.0
29.19375,28.17376,37.73431,2228.285,-0.75089,43.42275,8.343954592901156,3.1083426285140043,0.0
29.21542,28.19727,37.69012,2223.81007,-0.76568,43.44044,8.362289613440549,3.115172906088353,0.0
29.23705,28.22075,37.64517,2219.32836,-0.77992,43.45813,8.381436146947202,3.122305493595197,0.0
29.25863,28.24419,37.5995,2214.83927,-0.79356,43.47582,8.401351014757022,3.1297243058460635,0.0
29.28015,28.26759,37.55316,2210.34225,-0.80659,43.4935,8.421988904390178,3.13741246274997,0.0
29.30163,28.29096,37.50617,2205.83673,-0.81896,43.51118,8.443302444082878,3.1453523170784816,0.0
29.32306,28.3143,37.45859,2201.32218,-0.83066,43.52885,8.46524228503715,3.153525485105906,0.0
29.34443,28.3376,37.41045,2196.7981,-0.84165,43.54652,8.487757191821663,3.1619128802859877,0.0
29.36576,28.36086,37.36179,2192.26399,-0.85191,43.56419,8.510794141293193,3.1704947501027534,0.0
29.38704,28.38409,37.31268,2187.71939,-0.86142,43.58185,8.534298430359211,3.1792507162149106,0.0
29.40826,28.40729,37.26314,2183.16386,-0.87016,43.59951,8.558213792833188,3.1881598179875246,0.0
29.42944,28.43044,37.21323,2178.59699,-0.87811,43.61716,8.582482525606144,3.1972005594942403,0.0
29.45056,28.45357,37.16299,2174.0184,-0.88526,43.63481,8.607045624197395,3.206350960013502,0.0
29.47164,28.47665,37.11248,2169.42773,-0.89159,43.65245,8.631842927767511,3.215588608049694,0.0
29.49266,28.4997,37.06174,2164.82465,-0.89709,43.67008,8.65681327349171,3.2248907188412956,0.0
29.51364,28.52271,37.01081,2160.20889,-0.90174,43.68771,8.681894660162637,3.2342341953072173,0.0
29.53456,28.54569,36.95976,2155.58017,-0.90556,43.70534,8.707024420749216,3.243595692329513,0.0
29.55543,28.56862,36.90863,2150.93828,-0.90852,43.72295,8.732139403554642,3.2529516842395023,0.0
29.57625,28.59152,36.85746,2146.28302,-0.91064,43.74056,8.7571761614882,3.262278535326501,0.0
29.59702,28.61439,36.80631,2141.61424,-0.9119,43.75816,8.78207114888331,3.2715525731577193,0.0
29.61774,28.63721,36.75523,2136.93182,-0.91232,43.77576,8.80676092514946,3.2807501644439716,0.0
29.6384,28.66,36.70425,2132.23568,-0.9119,43.79335,8.83118236446221,3.2898477931547108,0.0
29.65902,28.68275,36.65344,2127.52577,-0.91064,43.81093,8.855272870589264,3.2988221405464033,0.0
29.67958,28.70546,36.60283,2122.80209,-0.90857,43.8285,8.878970595812714,3.3076501667168157,0.0
29.7001,28.72813,36.55247,2118.06466,-0.90568,43.84606,8.902214662869062,3.3163091932835176,0.0
29.72056,28.75077,36.50241,2113.31356,-0.90201,43.86361,8.9249453886984,3.3247769867363375,0.0
29.74097,28.77336,36.45268,2108.54888,-0.89757,43.88116,8.947104508708192,3.3330318419815224,0.0
29.76132,28.79592,36.40333,2103.77077,-0.89237,43.89869,8.968635400256767,3.341052665595218,0.0
29.78163,28.81843,36.3544,2098.97941,-0.88645,43.91622,8.98948330389758,3.34881905824278,0.0
29.80188,28.84091,36.30592,2094.17501,-0.87982,43.93373,9.009595540996076,3.3563113957467747,0.0
29.82208,28.86335,36.25794,2089.35782,-0.87253,43.95124,9.02892172622638,3.363510908247602,0.0
29.84223,28.88575,36.21049,2084.52813,-0.86458,43.96874,9.04741397347641,3.370399756908545,0.0
29.86232,28.9081,36.16359,2079.68626,-0.85603,43.98622,9.065027093688569,3.3769611076166592,0.0
29.88237,28.93042,36.11728,2074.83256,-0.8469,44.0037,9.081718783200118,3.383179201144494,0.0
29.90236,28.9527,36.0716,2069.96741,-0.83724,44.02116,9.097449801164721,3.3890394192443014,0.0
29.92229,28.97493,36.02655,2065.09123,-0.82707,44.03861,9.112184134704217,3.3945283461714113,0.0
29.94218,28.99713,35.98218,2060.20446,-0.81643,44.05605,9.125889150518411,3.399633825162868,0.0
29.96201,29.01928,35.93849,2055.30757,-0.80538,44.07348,9.138535731782008,3.4043450094351373,0.0
29.98179,29.04139,35.89551,2050.40106,-0.79395,44.0909,9.15009839921731,3.4086524072868762,0.0
30.00152,29.06347,35.85326,2045.48545,-0.78219,44.10831,9.160555415423064,3.412547920964175,0.0
30.02119,29.08549,35.81175,2040.56129,-0.77013,44.1257,9.169888871595733,3.416024878966507,0.0
30.04081,29.10748,35.77098,2035.62913,-0.75783,44.14308,9.178084755990442,3.4190780615502327,0.0
30.06038,29.12943,35.73098,2030.68957,-0.74534,44.16045,9.185133003562056,3.4217037192212136,0.0
30.07989,29.15133,35.69174,2025.74319,-0.7327,44.17781,9.191027526440207,3.4238995840875566,0.0
30.09935,29.1732,35.65327,2020.79062,-0.71996,44.19515,9.195766225002403,3.425664873984638,0.0
30.11876,29.19502,35.61556,2015.83248,-0.70717,44.21248,9.199350979523029,3.4270002893641385,0.0
30.13812,29.21679,35.57863,2010.86941,-0.69437,44.2298,9.201787622515742,3.4279080029908586,0.0
30.15742,29.23853,35.54245,2005.90205,-0.68162,44.2471,9.203085892024978,3.428391642542577,0.0
30.17666,29.26022,35.50704,2000.93105,-0.66896,44.26439,9.203259366364009,3.4284562662982507,0.0
30.19586,29.28187,35.47237,1995.95706,-0.65645,44.28167,9.202325380849251,3.4281083321193644,0.0
30.215,29.30348,35.43843,1990.98074,-0.64412,44.29893,9.200304927285952,3.4273556600057034,0.0
30.23409,29.32504,35.40521,1986.00275,-0.63203,44.31619,9.19722253708338,3.4262073885526787,0.0
30.25312,29.34656,35.3727,1981.02373,-0.62023,44.33342,9.193106148986084,3.424673925677746,0.0
30.27211,29.36804,35.34087,1976.04434,-0.60875,44.35065,9.187986962513534,3.4227668940228186,0.0
30.29103,29.38947,35.30971,1971.0652,-0.59764,44.36786,9.181899278311047,3.420499071480781,0.0
30.30991,29.41086,35.27919,1966.08697,-0.58695,44.38505,9.174880326682565,3.417884327319439,0.0
30.32873,29.43221,35.24928,1961.11024,-0.57671,44.40224,9.166970085624472,3.4149375543943314,0.0
30.3475,29.45352,35.21996,1956.13564,-0.56698,44.4194,9.158211089736417,3.4116745979629783,0.0
30.36622,29.47478,35.1912,1951.16374,-0.55777,44.43656,9.148648231414832,3.408112181624243,0.0
30.38488,29.49599,35.16297,1946.19514,-0.54914,44.4537,9.138328555754976,3.404267830913938,0.0
30.40349,29.51717,35.13523,1941.23039,-0.54111,44.47083,9.127301050548864,3.4001597950735367,0.0
30.42205,29.5383,35.10796,1936.27003,-0.53373,44.48794,9.115616432784273,3.3958069675154303,0.0
30.44055,29.55939,35.08111,1931.31458,-0.52701,44.50505,9.103326933008805,3.391228805492869,0.0
30.459,29.58043,35.05465,1926.36453,-0.52099,44.52213,9.09048607886326,3.3864452494604453,0.0
30.4774,29.60143,35.02855,1921.42036,-0.51569,44.53921,9.077148479048981,3.3814766425962564,0.0
30.49575,29.62239,35.00276,1916.48251,-0.51115,44.55627,9.063369608915893,3.3763436509277875,0.0
30.51405,29.6433,34.97724,1911.55142,-0.50737,44.57331,9.049205598795403,3.37106718448037,0.0
30.53229,29.66417,34.95196,1906.62749,-0.50439,44.59035,9.034713026089165,3.3656683198247586,0.0
30.55048,29.685,34.92688,1901.71107,-0.50221,44.60737,9.019948712073464,3.3601682243814284,0.0
30.56861,29.70578,34.90194,1896.80252,-0.50086,44.62437,9.004969524272004,3.3545880827992334,0.0
30.5867,29.72652,34.87712,1891.90214,-0.50034,44.64137,8.989832185125419,3.3489490256797665,0.0
30.60473,29.74721,34.85237,1887.01023,-0.50066,44.65835,8.974593087638961,3.343272060901275,0.0
30.62271,29.76787,34.82764,1882.12705,-0.50183,44.67531,8.95930811855609,3.3375780077461643,0.0
30.64064,29.78847,34.8029,1877.25281,-0.50386,44.69227,8.944032489507105,3.3318874339994276,0.0
30.65852,29.80904,34.7781,1872.38771,-0.50674,44.70921,8.928820576525254,3.326220596164169,0.0
30.67635,29.82956,34.75321,1867.53194,-0.51048,44.72614,8.913725768182296,3.3205973828881064,0.0
30.69412,29.85004,34.72817,1862.68561,-0.51508,44.74305,8.898800322541923,3.315037261674958,0.0
30.71185,29.87048,34.70296,1857.84884,-0.52052,44.75996,8.88409523305276,3.309559228926054,0.0
30.72952,29.89087,34.67752,1853.0217,-0.5268,44.77685,8.869660103382243,3.3041817633126658,0.0
30.74714,29.91122,34.65183,1848.20425,-0.53392,44.79373,8.85554303118841,3.298922782477938,0.0
30.76471,29.93152,34.62584,1843.39651,-0.54185,44.81059,8.841790500695106,3.2937996030183285,0.0
30.78223,29.95179,34.59952,1838.59846,-0.55059,44.82744,8.828447283948076,3.288828903698897,0.0
30.7997,29.97201,34.57283,1833.81006,-0.56012,44.84429,8.815556350517543,3.2840266918151517,0.0
30.81712,29.99218,34.54573,1829.03126,-0.57041,44.86111,8.803158785407787,3.279408272612198,0.0
30.83449,30.01232,34.51819,1824.26195,-0.58146,44.87793,8.791293714901716,3.2749882216598922,0.0
30.85181,30.03241,34.49018,1819.50201,-0.59323,44.89474,8.779998240003904,3.2707803600586254,0.0
30.86908,30.05246,34.46167,1814.7513,-0.6057,44.91153,8.769307377177018,3.2667977323620803,0.0
30.8863,30.07246,34.43262,1810.00965,-0.61884,44.92831,8.759254006004914,3.2630525870803564,0.0
30.90346,30.09242,34.40301,1805.27686,-0.63263,44.94508,8.749868823418847,3.259556359628031,0.0
30.92058,30.11234,34.37281,1800.55271,-0.64703,44.96184,8.7411803041609,3.256319657595746,0.0
30.93765,30.13222,34.342,1795.83695,-0.66202,44.97858,8.733214667080615,3.253352248194813,0.0
30.95467,30.15206,34.31056,1791.12932,-0.67757,44.99531,8.725995846951337,3.250663047758068,0.0
30.97164,30.17185,34.27845,1786.42953,-0.69363,45.01204,8.719545471454444,3.2482601131658826,0.0
30.98856,30.1916,34.24567,1781.73727,-0.71017,45.02875,8.713882843004786,3.2461506350756637,0.0
31.00543,30.2113,34.2122,1777.05222,-0.72716,45.04545,8.70902492512553,3.244340932846128,0.0
31.02225,30.23097,34.17801,1772.37403,-0.74455,45.06213,8.70498633309296,3.242836451052244,0.0
31.03902,30.25059,34.1431,1767.70234,-0.76232,45.07881,8.70177932858544,3.2416417574918257,0.0
31.05574,30.27016,34.10745,1763.03678,-0.78042,45.09547,8.699413818130129,3.2407605426068966,0.0
31.07242,30.2897,34.07106,1758.37694,-0.79881,45.11213,8.697897355137098,3.2401956202414497,0.0
31.08904,30.30919,34.03391,1753.72242,-0.81744,45.12877,8.697235145362399,3.239948929676586,0.0
31.10562,30.32864,33.99599,1749.0728,-0.83629,45.1454,8.697430055674511,3.2400215388962477,0.0
31.12214,30.34805,33.95732,1744.42765,-0.8553,45.16201,8.698482626013426,3.2404136490422855,0.0
31.13862,30.36742,33.91788,1739.78653,-0.87444,45.17862,8.700391084470105,3.2411246000319625,0.0
31.15505,30.38674,33.87766,1735.14898,-0.89366,45.19521,8.703151365472475,3.2421528773327095,0.0
31.17143,30.40602,33.83669,1730.51456,-0.91293,45.2118,8.706757131057879,3.2434961198866747,0.0
31.18777,30.42526,33.79495,1725.88279,-0.93219,45.22837,8.711199795249035,3.245151129191411,0.0
31.20405,30.44445,33.75245,1721.2532,-0.95141,45.24492,8.71646855160996,3.2471138795651786,0.0
31.22029,30.4636,33.70921,1716.62532,-0.97054,45.26147,8.722550404042137,3.249379529619332,0.0
31.23647,30.48271,33.66523,1711.99868,-0.98955,45.27801,8.729430200923137,3.251942434975855,0.0
31.25261,30.50178,33.62052,1707.37279,-1.0084,45.29453,8.737090672741122,3.254796162287198,0.0
31.2687,30.5208,33.57509,1702.74718,-1.02703,45.31104,8.745512473330477,3.2579335045976436,0.0
31.28474,30.53978,33.52896,1698.12137,-1.04542,45.32754,8.75467422488223,3.2613464981108633,0.0
31.30074,30.55872,33.48215,1693.49488,-1.06353,45.34402,8.764552566915038,3.265026440432906,0.0
31.31668,30.57762,33.43467,1688.86725,-1.08132,45.36049,8.775122209360024,3.268963910347693,0.0
31.33258,30.59647,33.38654,1684.23801,-1.09875,45.37695,8.786355989944362,3.273148789193915,0.0
31.34843,30.61528,33.33779,1679.6067,-1.11578,45.3934,8.798224936079325,3.2775702839199568,0.0
31.36423,30.63404,33.28843,1674.97287,-1.13239,45.40984,8.810698331389789,3.2822169518678863,0.0
31.37998,30.65276,33.23849,1670.33609,-1.14854,45.42626,8.823743787083602,3.28707672736043,0.0
31.39569,30.67144,33.18799,1665.69591,-1.16419,45.44266,8.837327318287937,3.2921369501382607,0.0
31.41135,30.69007,33.13697,1661.05192,-1.17933,45.45906,8.85141342551541,3.2973843957082813,0.0
31.42695,30.70866,33.08544,1656.40371,-1.19391,45.47544,8.865965181339917,3.30280530763265,0.0
31.44251,30.72721,33.03344,1651.7509,-1.20793,45.49181,8.880944322383426,3.308385431796277,0.0
31.45803,30.74571,32.98099,1647.09309,-1.22134,45.50816,8.896311346656594,3.3141100526687755,0.0
31.47349,30.76417,32.92813,1642.42994,-1.23412,45.5245,8.912025616273965,3.319964031568564,0.0
31.4889,30.78259,32.87488,1637.7611,-1.24627,45.54082,8.928045465505491,3.325931846914909,0.0
31.50427,30.80096,32.82127,1633.08624,-1.25775,45.55713,8.944328314105453,3.331997636445925,0.0
31.51959,30.81928,32.76735,1628.40506,-1.26856,45.57343,8.960830785791348,3.3381452413550847,0.0
31.53486,30.83757,32.71313,1623.71727,-1.27867,45.58971,8.977508831706892,3.344358252284422,0.0
31.55008,30.8558,32.65866,1619.02262,-1.28808,45.60597,8.994317858656833,3.3506200570953926,0.0
31.56525,30.874,32.60396,1614.32085,-1.29678,45.62222,9.01121286180917,3.3569138903039244,0.0
31.58038,30.89214,32.54907,1609.61176,-1.30475,45.63846,9.028148561565374,3.3632228840681893,0.0
31.59546,30.91025,32.49402,1604.89514,-1.31199,45.65467,9.04507954419437,3.369530120578455,0.0
31.61048,30.9283,32.43884,1600.17084,-1.31851,45.67088,9.061960405782237,3.375818685682135,0.0
31.62546,30.94632,32.38357,1595.43869,-1.3243,45.68706,9.078745899003284,3.382071723559882,0.0
31.64039,30.96428,32.32823,1590.69859,-1.32935,45.70323,9.095391082155272,3.388272492245125,0.0
31.65527,30.9822,32.27287,1585.95043,-1.33369,45.71938,9.111851469870402,3.394404419767877,0.0
31.67011,31.00008,32.2175,1581.19416,-1.33731,45.73552,9.128083184801751,3.400451160661928,0.0
31.68489,31.01791,32.16217,1576.42973,-1.34022,45.75164,9.144043109668134,3.406396652605552,0.0
31.69963,31.03569,32.1069,1571.65712,-1.34243,45.76774,9.159689038837547,3.4122251728903303,0.0
31.71431,31.05343,32.05172,1566.87635,-1.34397,45.78383,9.174979828752544,3.4179213944585634,0.0
31.72895,31.07112,31.99666,1562.08746,-1.34484,45.79989,9.189875546348148,3.4234704411928436,0.0
31.74354,31.08876,31.94174,1557.2905,-1.34506,45.81594,9.20433761469167,3.4288579421707253,0.0
31.75808,31.10636,31.887,1552.48558,-1.34466,45.83197,9.218328954989767,3.4340700845660854,0.0
31.77257,31.12391,31.83246,1547.67281,-1.34366,45.84798,9.231814124141692,3.439093664891332,0.0
31.78701,31.14142,31.77813,1542.85232,-1.34208,45.86398,9.24475944701548,3.4439161382737624,0.0
31.80141,31.15888,31.72405,1538.0243,-1.33995,45.87995,9.25713314262033,3.448525665458094,0.0
31.81575,31.17629,31.67024,1533.18892,-1.3373,45.89591,9.268905443398952,3.4529111572460067,0.0
31.83005,31.19365,31.61672,1528.34641,-1.33417,45.91185,9.280048706860747,3.4570623160824328,0.0
31.84429,31.21096,31.56349,1523.49701,-1.33057,45.92777,9.290537518832139,3.4609696745190286,0.0
31.85849,31.22823,31.51059,1518.64097,-1.32656,45.94366,9.30034878765213,3.4646246303044936,0.0
31.87263,31.24545,31.45802,1513.77857,-1.32216,45.95954,9.309461828675767,3.46801947786434,0.0
31.88673,31.26262,31.40581,1508.91012,-1.31741,45.9754,9.317858438528015,3.4711474359624037,0.0
31.90078,31.27975,31.35395,1504.03594,-1.31235,45.99124,9.325522958602939,3.4740026713559726,0.0
31.91478,31.29682,31.30247,1499.15637,-1.30703,46.00706,9.33244232739355,3.476580318290026,0.0
31.92873,31.31385,31.25137,1494.27176,-1.30148,46.02286,9.338606121298193,3.478876493698684,0.0
31.94263,31.33083,31.20065,1489.38249,-1.29574,46.03864,9.344006583638542,3.4808883080151793,0.0
31.95648,31.34776,31.15033,1484.48895,-1.28986,46.0544,9.348638641716821,3.4826138715261212,0.0
31.97028,31.36464,31.10041,1479.59152,-1.28387,46.07014,9.35249991182853,3.4840522962388643,0.0
31.98403,31.38148,31.05088,1474.69063,-1.27784,46.08586,9.355590692196511,3.4852036932492627,0.0
31.99773,31.39826,31.00175,1469.78669,-1.27179,46.10155,9.357913943958787,3.486069165659144,0.0
32.01139,31.415,30.95301,1464.88013,-1.26577,46.11723,9.359475260337748,3.486650797091012,0.0
32.02499,31.43169,30.90467,1459.97139,-1.25983,46.13288,9.360282824274757,3.4869516359058337,0.0
32.03855,31.44832,30.85671,1455.06092,-1.25401,46.14852,9.360347354864608,3.4869756752484564,0.0
32.05205,31.46491,30.80913,1450.14916,-1.24836,46.16413,9.359682042989471,3.4867278290695585,0.0
32.06551,31.48145,30.76193,1445.23657,-1.24292,46.17972,9.358302476660656,3.4862139043135,0.0
32.07891,31.49794,30.71508,1440.32359,-1.23772,46.19529,9.356226556597157,3.4854405694691026,0.0
32.09227,31.51439,30.66859,1435.41068,-1.23282,46.21084,9.353474402672092,3.484415319718488,0.0
32.10558,31.53078,30.62243,1430.49829,-1.22826,46.22637,9.350068251878787,3.4831464389267603,0.0
32.11884,31.54712,30.57659,1425.58686,-1.22407,46.24188,9.346032348532963,3.481642958739433,0.0
32.13205,31.56341,30.53106,1420.67686,-1.22029,46.25737,9.34139282744505,3.479914615061039,0.0
32.14521,31.57966,30.48582,1415.76871,-1.21697,46.27283,9.336177590846843,3.477971802207073,0.0
32.15832,31.59585,30.44085,1410.86284,-1.21413,46.28828,9.330416179856398,3.4758255250212864,0.0
32.17138,31.612,30.39613,1405.95969,-1.21182,46.3037,9.324139641306108,3.4734873492656337,0.0
32.18439,31.62809,30.35164,1401.05967,-1.21007,46.3191,9.317380390712293,3.470969350572852,0.0
32.19735,31.64414,30.30736,1396.16319,-1.2089,46.33448,9.31017207223218,3.468284062276736,0.0
32.21027,31.66013,30.26326,1391.27064,-1.20836,46.34984,9.302549416382357,3.46544442240853,0.0
32.22314,31.67608,30.21933,1386.3824,-1.20846,46.36518,9.294548096293525,3.4624637201480386,0.0
32.23595,31.69197,30.17554,1381.49885,-1.20924,46.38049,9.286204583296987,3.4593555420257887,0.0
32.24872,31.70782,30.13186,1376.62034,-1.21072,46.39579,9.277556002517255,3.456133718127483,0.0
32.26144,31.72362,30.08827,1371.7472,-1.21291,46.41106,9.268639989209953,3.4528122685760847,0.0
32.27411,31.73936,30.04474,1366.87978,-1.21585,46.42632,9.259494546481777,3.4494053505287585,0.0
32.28674,31.75506,30.00125,1362.01836,-1.21954,46.44155,9.250157905007804,3.445927205917881,0.0
32.29931,31.77071,29.95777,1357.16325,-1.224,46.45676,9.240668385320301,3.4423921101499966,0.0
32.31184,31.78631,29.91427,1352.31472,-1.22925,46.47195,9.231064263194488,3.4388143219584704,0.0
32.32432,31.80185,29.87072,1347.47302,-1.2353,46.48712,9.221383638595814,3.4352080345829012,0.0
32.33675,31.81735,29.82711,1342.63839,-1.24216,46.50227,9.211664308619282,3.4315873284356795,0.0
32.34913,31.8328,29.7834,1337.81104,-1.24982,46.5174,9.201943644806434,3.4279661253993363,0.0
32.36146,31.8482,29.73956,1332.99118,-1.2583,46.53251,9.192258475142015,3.424358144867189,0.0
32.37375,31.86355,29.69557,1328.17898,-1.2676,46.5476,9.182644971040029,3.4207768616426826,0.0
32.38599,31.87885,29.65141,1323.3746,-1.27772,46.56267,9.17313853952513,3.4172354657741164,0.0
32.39818,31.8941,29.60704,1318.57818,-1.28864,46.57771,9.16377372080734,3.4137468243985296,0.0
32.41032,31.9093,29.56244,1313.78983,-1.30038,46.59274,9.154584091391122,3.4103234456472857,0.0
32.42242,31.92446,29.51758,1309.00966,-1.31292,46.60775,9.145602172837384,3.406977444657518,0.0
32.43446,31.93956,29.47245,1304.23774,-1.32624,46.62274,9.136859346218468,3.4037205117043596,0.0
32.44646,31.95461,29.42701,1299.47412,-1.34034,46.6377,9.12838577232082,3.400563882474338,0.0
32.45842,31.96962,29.38125,1294.71886,-1.35521,46.65265,9.120210317602272,3.3975183104825195,0.0
32.47033,31.98457,29.33514,1289.97196,-1.37083,46.66758,9.112360485856284,3.3945940416156346,0.0
32.48219,31.99947,29.28866,1285.23343,-1.38717,46.68249,9.104862355563656,3.391800790793949,0.0
32.494,32.01433,29.2418,1280.50324,-1.40423,46.69738,9.097740522833101,3.389147720715121,0.0
32.50576,32.02914,29.19452,1275.78135,-1.42197,46.71225,9.09101804987601,3.386643422659695,0.0
32.51748,32.0439,29.14681,1271.06772,-1.44038,46.7271,9.08471641889071,3.3842958993117804,0.0
32.52916,32.0586,29.09866,1266.36226,-1.45943,46.74193,9.078855491264054,3.3821125495605644,0.0
32.54078,32.07326,29.05005,1261.66488,-1.47909,46.75674,9.073453471952254,3.380100155231237,0.0
32.55236,32.08788,29.00096,1256.97548,-1.49934,46.77153,9.068526878947123,3.3782648697103626,0.0
32.5639,32.10244,28.95138,1252.29392,-1.52013,46.7863,9.064090517675648,3.376612208409047,0.0
32.57538,32.11695,28.90129,1247.62008,-1.54146,46.80105,9.060157460221108,3.3751470410222613,0.0
32.58683,32.13141,28.85069,1242.95379,-1.56327,46.81579,9.056739029239289,3.373873585537202,0.0
32.59822,32.14583,28.79956,1238.29488,-1.58554,46.8305,9.05384478645208,3.372795403946855,0.0
32.60957,32.16019,28.7479,1233.64318,-1.60823,46.8452,9.051482525612414,3.371915399629257,0.0
32.62088,32.17451,28.69569,1228.99848,-1.63132,46.85988,9.04965826981491,3.371235816345627,0.0
32.63213,32.18878,28.64293,1224.36059,-1.65475,46.87453,9.048376273079645,3.3707582388303776,0.0
32.64335,32.203,28.58962,1219.72927,-1.6785,46.88917,9.047639026092721,3.3704835949296124,0.0
32.65451,32.21717,28.53575,1215.10431,-1.70253,46.90379,9.047447266048756,3.370412159267725,0.0
32.66564,32.23129,28.48132,1210.48546,-1.72681,46.91839,9.047799990497827,3.3705435584057426,0.0
32.67671,32.24537,28.42632,1205.87247,-1.75128,46.93298,9.048694475163646,3.3708767774790687,0.0
32.68774,32.25939,28.37076,1201.2651,-1.77592,46.94754,9.050126295644839,3.3714101682817765,0.0
32.69873,32.27337,28.31464,1196.66309,-1.8007,46.96208,9.052089352990107,3.372141458794036,0.0
32.70967,32.2873,28.25795,1192.06616,-1.82556,46.97661,9.054575903081188,3.373067764128035,0.0
32.72056,32.30117,28.20071,1187.47404,-1.85047,46.99112,9.0575765898072,3.374185598886294,0.0
32.73141,32.315,28.14292,1182.88646,-1.8754,47.0056,9.061080481992384,3.375490890918227,0.0
32.74222,32.32879,28.08458,1178.30315,-1.90031,47.02007,9.065075114069646,3.376978996472103,0.0
32.75298,32.34252,28.0257,1173.72381,-1.92516,47.03452,9.069546530456668,3.378644716726313,0.0
32.76369,32.3562,27.96629,1169.14818,-1.94992,47.04895,9.07447933363608,3.3804823157005073,0.0
32.77437,32.36984,27.90636,1164.57596,-1.97456,47.06336,9.079856735896175,3.3824855395303617,0.0
32.78499,32.38342,27.84592,1160.00688,-1.99903,47.07775,9.085660614721835,3.384647637102163,0.0
32.79557,32.39696,27.78497,1155.44066,-2.0233,47.09212,9.091871571791804,3.3869613820308424,0.0
32.80611,32.41045,27.72354,1150.87703,-2.04736,47.10647,9.098468995541275,3.389419095966185,0.0
32.8166,32.42389,27.66163,1146.31571,-2.07115,47.12081,9.10543112724187,3.392012673209367,0.0
32.82705,32.43729,27.59926,1141.75645,-2.09466,47.13512,9.112735130558384,3.394733606624662,0.0
32.83745,32.45063,27.53644,1137.19896,-2.11786,47.14941,9.120357164445501,3.3975730147953946,0.0
32.84781,32.46392,27.47319,1132.64302,-2.14072,47.16369,9.128272459366833,3.4005216704175347,0.0
32.85813,32.47717,27.40952,1128.08836,-2.16321,47.17794,9.136455396660752,3.403570029865558,0.0
32.8684,32.49036,27.34545,1123.53475,-2.18532,47.19218,9.144879590974236,3.4067082639012227,0.0
32.87862,32.50351,27.281,1118.98196,-2.20702,47.20639,9.153517975573418,3.409926289453996,0.0
32.8888,32.51661,27.21618,1114.42978,-2.22829,47.22059,9.162342890378309,3.4132138024163012,0.0
32.89894,32.52966,27.15101,1109.878,-2.24913,47.23476,9.17132617252702,3.4165603113810747,0.0
32.90903,32.54266,27.08552,1105.32642,-2.2695,47.24891,9.180439249239189,3.419955172235837,0.0
32.91908,32.55561,27.01971,1100.77486,-2.2894,47.26305,9.189653232735534,3.423387623522721,0.0
32.92909,32.56852,26.9536,1096.22315,-2.30882,47.27716,9.19893901694754,3.42684682246538,0.0
32.93905,32.58137,26.88723,1091.67113,-2.32775,47.29125,9.208267375727104,3.4303218815546606,0.0
32.94896,32.59418,26.82059,1087.11866,-2.34617,47.30532,9.217609062223623,3.433801905569178,0.0
32.95884,32.60693,26.75372,1082.56563,-2.3641,47.31937,9.226934909106895,3.4372760289109956,0.0
32.96866,32.61964,26.68663,1078.0119,-2.38153,47.3334,9.236215929254202,3.4407334531142046,0.0
32.97845,32.63229,26.61934,1073.4574,-2.39844,47.34741,9.245423416539206,3.4441634843914404,0.0
32.98819,32.6449,26.55187,1068.90204,-2.41486,47.36139,9.254529046298998,3.447555571060501,0.0
32.99788,32.65746,26.48424,1064.34575,-2.43078,47.37536,9.263504975082377,3.4508993407032102,0.0
33.00754,32.66997,26.41645,1059.7885,-2.44621,47.3893,9.27232393923107,3.4541846368895093,0.0
33.01714,32.68243,26.34854,1055.23025,-2.46117,47.40322,9.280959351881283,3.457401555313094,0.0
33.02671,32.69483,26.28052,1050.671,-2.47565,47.41712,9.289385397894288,3.4605404791555525,0.0
33.03623,32.70719,26.2124,1046.11075,-2.48968,47.431,9.297577126310681,3.4635921135280054,0.0
33.0457,32.7195,26.14419,1041.54953,-2.50327,47.44486,9.305510539846274,3.4665475188106876,0.0
33.05514,32.73176,26.07593,1036.98737,-2.51644,47.45869,9.31316268098404,3.4693981427244567,0.0
33.06453,32.74397,26.00761,1032.42433,-2.52921,47.4725,9.320511714241325,3.4721358509774976,0.0
33.07387,32.75613,25.93925,1027.8605,-2.5416,47.48629,9.327537004155257,3.474752956316939,0.0
33.08317,32.76825,25.87087,1023.29596,-2.55364,47.50006,9.334219188601374,3.477242245841971,0.0
33.09243,32.78031,25.80248,1018.73083,-2.56535,47.5138,9.340540247018124,3.4795970064192683,0.0
33.10164,32.79232,25.73408,1014.16523,-2.57677,47.52752,9.346483563200039,3.4818110480750906,0.0
33.11081,32.80428,25.6657,1009.5993,-2.58791,47.54122,9.352033982284237,3.4838787252242707,0.0
33.11994,32.81619,25.59733,1005.03321,-2.59882,47.5549,9.357177861647564,3.485794955630722,0.0
33.12902,32.82805,25.52899,1000.46713,-2.60952,47.56855,9.361903115393268,3.487555236979905,0.0
33.13806,32.83986,25.46068,995.90124,-2.62005,47.58218,9.366199252216878,3.4891556609848626,0.0
