0.04955,0.04955,52.42252,5235.87599,-0.48419,45.0001,5.83741498448946,2.174590673354345,0.0
0.09907,0.09907,52.35729,5232.72136,-0.46768,45.00026,5.884116235907022,2.191988118291265,0.0
0.14856,0.14856,52.29441,5229.53683,-0.4505,45.00046,5.929161715257943,2.2087687445673763,0.0
0.19802,0.19802,52.23397,5226.3232,-0.43267,45.00072,5.972435990769199,2.2248895508100346,0.0
0.24745,0.24745,52.17604,5223.08133,-0.41424,45.00102,6.013826750931196,2.240308698026822,0.0
0.29685,0.29685,52.12071,5219.81214,-0.39522,45.00138,6.053225428905248,2.2549857422137634,0.0
0.34622,0.34623,52.06805,5216.51664,-0.37565,45.00179,6.090527823130452,2.268881865547714,0.0
0.39555,0.39557,52.01813,5213.19589,-0.35557,45.00225,6.125634708100334,2.281960103916731,0.0
0.44486,0.44488,51.97101,5209.85102,-0.33502,45.00275,6.1584524291721285,2.294185568502185,0.0
0.49413,0.49416,51.92676,5206.48321,-0.31402,45.00331,6.188893475243658,2.305525659115956,0.0
0.54338,0.54341,51.88542,5203.09372,-0.29263,45.00392,6.216877023197568,2.3159502670202468,0.0
0.59259,0.59263,51.84705,5199.68384,-0.27088,45.00457,6.242329448165688,2.3254319650144777,0.0
0.64176,0.64182,51.81169,5196.25493,-0.24882,45.00528,6.265184793943324,2.333946182676987,0.0
0.69091,0.69098,51.77937,5192.80836,-0.22649,45.00603,6.285385198225253,2.34147136477663,0.0
0.74002,0.7401,51.75012,5189.34558,-0.20392,45.00683,6.302881267809051,2.347989111045891,0.0
0.7891,0.7892,51.72397,5185.86806,-0.18118,45.00769,6.31763239942446,2.353484295698263,0.0
0.83814,0.83826,51.70093,5182.37729,-0.1583,45.00859,6.329607042468099,2.357945165303839,0.0
0.88715,0.88729,51.68101,5178.87482,-0.13533,45.00954,6.3387829006300045,2.361363413900508,0.0
0.93613,0.93629,51.66423,5175.36219,-0.11231,45.01053,6.345147070076759,2.3637342344708,0.0
0.98507,0.98526,51.65058,5171.84097,-0.0893,45.01158,6.348696112705054,2.365056346230771,0.0
1.03398,1.0342,51.64005,5168.31273,-0.06634,45.01268,6.349436063735911,2.3653319974590485,0.0
1.08284,1.08312,51.63219,5164.7798,-0.04984,45.04994,6.347768487666547,2.364710781496644,19.99999965883678
1.13164,1.13204,51.62656,5161.2442,-0.03346,45.08727,6.344100569979979,2.3633443856496745,19.99999965883678
1.18036,1.18096,51.62314,5157.70707,-0.01724,45.12464,6.338458480298565,2.3612425587910333,19.99999965883678
1.22903,1.22988,51.6219,5154.16957,-0.00121,45.16205,6.330873682296779,2.358417021967323,19.99999965883678
1.27763,1.2788,51.6228,5150.63281,0.01461,45.19948,6.321382916609499,2.354881462031736,19.99999965883678
1.32616,1.32771,51.62582,5147.09791,0.03017,45.23693,6.3100279945976405,2.35065145481634,19.99999965883678
1.37463,1.37663,51.63092,5143.56596,0.04546,45.27438,6.296855567576086,2.3457443791633974,19.99999965883678
1.42303,1.42555,51.63805,5140.03803,0.06044,45.31183,6.28191687377029,2.340179322660047,19.99999965883678
1.47137,1.47446,51.64717,5136.51519,0.0751,45.34926,6.2652674654741,2.3339769799974195,19.99999965883678
1.51964,1.52337,51.65823,5132.99845,0.08939,45.38667,6.246966918991389,2.327159544916252,19.99999965883678
1.56785,1.57228,51.67118,5129.48881,0.10329,45.42404,6.227078530039122,2.319750596736525,19.99999965883678
1.61599,1.62119,51.68596,5125.98726,0.11679,45.46136,6.205668997350099,2.311774982491156,19.99999965883678
1.66407,1.6701,51.7025,5122.49471,0.12986,45.49864,6.182808097246491,2.3032586956960794,19.99999965883678
1.71208,1.71901,51.72076,5119.01208,0.14246,45.53585,6.158568351915203,2.2942287527740906,19.99999965883678
1.76003,1.76792,51.74067,5115.54023,0.15459,45.57299,6.133024694113248,2.2847130681487755,19.99999965883678
1.80791,1.81683,51.76215,5112.08,0.16623,45.61006,6.106254130904261,2.274740328977518,19.99999965883678
1.85573,1.86573,51.78514,5108.63218,0.17735,45.64704,6.078335408967597,2.2643398704703257,19.99999965883678
1.90349,1.91464,51.80956,5105.19751,0.18793,45.68393,6.049348683857982,2.2535415526803555,19.99999965883678
1.95118,1.96354,51.83535,5101.77671,0.19796,45.72072,6.019375195468961,2.2423756396055015,19.99999965883678
1.99881,2.01244,51.86242,5098.37045,0.20743,45.75741,5.988496951752484,2.230872681365624,19.99999965883678
2.04637,2.06135,51.89069,5094.97936,0.21631,45.79399,5.956796422603594,2.219063400166542,19.99999965883678
2.09388,2.11025,51.9201,5091.60402,0.2246,45.83046,5.924356245575236,2.2069785806710507,19.99999965883678
2.14132,2.15915,51.95054,5088.24498,0.23229,45.86682,5.8912589449171895,2.194648965333537,19.99999965883678
2.18869,2.20805,51.98195,5084.90272,0.23937,45.90305,5.857586665223935,2.1821051551768003,19.99999965883678
2.23601,2.25694,52.01425,5081.57772,0.24582,45.93916,5.823420920736106,2.1693775164002433,19.99999965883678
2.28326,2.30584,52.04733,5078.27037,0.25164,45.97514,5.7888423611749795,2.156496093147065,19.99999965883678
2.33045,2.35474,52.08113,5074.98105,0.25682,46.01099,5.753930554755832,2.1434905266710214,19.99999965883678
2.37758,2.40363,52.11555,5071.71008,0.26137,46.04671,5.718763788839315,2.1303899810738196,19.99999965883678
2.42465,2.45253,52.15051,5068.45776,0.26526,46.0823,5.683418888484696,2.1172230757114257,19.99999965883678
2.47166,2.50142,52.18591,5065.22431,0.26851,46.11775,5.647971053021762,2.1040178243127987,19.99999965883678
2.51861,2.55032,52.22169,5062.00994,0.27111,46.15307,5.612493710550946,2.090801580777359,19.99999965883678
2.5655,2.59921,52.25774,5058.81481,0.27307,46.18825,5.577058390158475,2.0776009915717712,19.99999965883678
2.61233,2.6481,52.29399,5055.63904,0.27437,46.2233,5.541734611496044,2.064441954595462,19.99999965883678
2.6591,2.69699,52.33034,5052.48272,0.27503,46.25821,5.506589791237355,2.051349584333227,19.99999965883678
2.70581,2.74589,52.36672,5049.34589,0.27504,46.29299,5.471689165836032,2.0383481830805135,19.99999965883678
2.75246,2.79478,52.40303,5046.22856,0.27441,46.32763,5.4370957298935485,2.025461217983858,19.99999965883678
2.79906,2.84367,52.4392,5043.13069,0.27315,46.36215,5.40287018939146,2.012711303618662,19.99999965883678
2.84559,2.89256,52.47513,5040.05223,0.27127,46.39653,5.369070928966257,2.0001201897982095,19.99999965883678
2.89207,2.94145,52.51076,5036.99309,0.26876,46.43079,5.335753992355949,1.9877087542895089,19.99999965883678
2.93849,2.99034,52.54599,5033.95312,0.26564,46.46493,5.302973075108267,1.9754970000969045,19.99999965883678
2.98485,3.03923,52.58075,5030.93218,0.26192,46.49894,5.270779528620494,1.9635040569670217,19.99999965883678
3.03116,3.08812,52.61495,5027.93007,0.2576,46.53284,5.2392223745641235,1.9517481867623283,19.99999965883678
3.0774,3.13701,52.64854,5024.94657,0.2527,46.56662,5.208348328735824,1.9402467923462507,19.99999965883678
3.1236,3.1859,52.68142,5021.98143,0.24722,46.6003,5.178201833399573,1.929016429631467,19.99999965883678
3.16973,3.23479,52.71352,5019.03439,0.24119,46.63386,5.1488250971628915,1.9180728224348533,19.99999965883678
3.21582,3.28369,52.74478,5016.10513,0.23461,46.66733,5.120258141495277,1.9074308798068262,19.99999965883678
3.26184,3.33258,52.77511,5013.19333,0.22749,46.7007,5.0925388529730995,1.8971047154939396,19.99999965883678
3.30781,3.38147,52.80447,5010.29864,0.21985,46.73397,5.065703040409182,1.8871076692211564,19.99999965883678
3.35373,3.43036,52.83277,5007.42069,0.21171,46.76716,5.039784496024479,1.8774523294799088,19.99999965883678
3.39959,3.47926,52.85995,5004.55908,0.20307,46.80027,5.014815059874852,1.8681505575287671,19.99999965883678
3.44539,3.52815,52.88596,5001.71339,0.19396,46.8333,4.9908246867903445,1.8592135123300826,19.99999965883678
3.49115,3.57705,52.91073,4998.8832,0.18439,46.86626,4.967841515102414,1.8506516761526868,19.99999965883678
3.53684,3.62594,52.9342,4996.06803,0.17437,46.89915,4.945891936498203,1.8424748805944473,19.99999965883678
3.58249,3.67484,52.95632,4993.26743,0.16393,46.93198,4.925000666385919,1.8346923327952225,19.99999965883678
3.62808,3.72374,52.97704,4990.48089,0.15307,46.96476,4.905190814166935,1.827312641615069,19.99999965883678
3.67362,3.77264,52.99631,4987.70791,0.14183,46.9975,4.886483952894871,1.8203438435840822,19.99999965883678
3.7191,3.82154,53.01407,4984.94796,0.13021,47.03019,4.868900187810845,1.8137934284335786,19.99999965883678
3.76453,3.87044,53.03028,4982.2005,0.11823,47.06285,4.8524582232991404,1.8076683640388458,19.99999965883678
3.80991,3.91935,53.0449,4979.46497,0.10592,47.09549,4.837175427837966,1.8019751206150092,19.99999965883678
3.85523,3.96825,53.05788,4976.74081,0.09329,47.1281,4.823067896567022,1.7967196940250947,19.99999965883678
3.90051,4.01716,53.06919,4974.02744,0.08036,47.1607,4.810150511118366,1.7919076280686035,19.99999965883678
3.94573,4.06607,53.0788,4971.32425,0.06715,47.19329,4.79843699640052,1.7875440356350851,19.99999965883678
3.99089,4.11498,53.08666,4968.63065,0.05368,47.22588,4.7879399740301585,1.783633618608845,19.99999965883678
4.03601,4.16389,53.09275,4965.946,0.03997,47.25848,4.778671012191655,1.7801806864429384,19.99999965883678
4.08107,4.2128,53.09705,4963.26968,0.02604,47.29109,4.770640671659241,1.7771891733036382,19.99999965883678
4.12609,4.26172,53.09951,4960.60105,0.01191,47.32373,4.763858547798528,1.774662653717104,19.99999965883678
4.17104,4.31064,53.10013,4957.93945,-0.0024,47.35639,4.7583333083649375,1.7726043566502927,19.99999965883678
4.21595,4.35956,53.09888,4955.28423,-0.01687,47.38909,4.754072726935965,1.7710171779653565,19.99999965883678
4.26081,4.40848,53.09575,4952.63471,-0.03148,47.42184,4.751083711847937,1.7699036911993458,19.99999965883678
4.30561,4.45741,53.09072,4949.99021,-0.0462,47.45463,4.74937233051021,1.7692661566218892,19.99999965883678
4.35036,4.50634,53.08377,4947.35005,-0.06103,47.48749,4.748943828999918,1.7691065285347523,19.99999965883678
4.39506,4.55527,53.0749,4944.71352,-0.07593,47.52041,4.749802646862166,1.769426460785298,19.99999965883678
4.43971,4.6042,53.06411,4942.07993,-0.09088,47.5534,4.751952427029233,1.7702273104616504,19.99999965883678
4.48431,4.65314,53.05139,4939.44856,-0.10587,47.58648,4.755396020828155,1.771510139758155,19.99999965883678
4.52885,4.70208,53.03673,4936.8187,-0.12087,47.61965,4.760135488024386,1.773275715991638,19.99999965883678
4.57335,4.75102,53.02014,4934.18962,-0.13586,47.65291,4.766172091885988,1.7755245097626913,19.99999965883678
4.61779,4.79996,53.00163,4931.56059,-0.15082,47.68628,4.77350628926368,1.778256691260229,19.99999965883678
4.66218,4.84891,52.9812,4928.93088,-0.16573,47.71976,4.782137715687328,1.7814721247095349,19.99999965883678
4.70651,4.89786,52.95887,4926.29974,-0.18057,47.75337,4.7920651655089666,1.7851703609750211,19.99999965883678
4.7508,4.94682,52.93463,4923.66644,-0.19531,47.7871,4.803286567132441,1.7893506283326117,19.99999965883678
4.79503,4.99578,52.90852,4921.03022,-0.20994,47.82096,4.815798953389755,1.794011821434157,19.99999965883678
4.83921,5.04474,52.88054,4918.39033,-0.22444,47.85497,4.8295984271262595,1.7991524884870116,19.99999965883678
4.88334,5.0937,52.85073,4915.74601,-0.23877,47.88914,4.844680122119214,1.8047708166951644,19.99999965883678
4.92741,5.14267,52.8191,4913.09652,-0.25293,47.92346,4.861038159413588,1.8108646159931834,19.99999965883678
4.97143,5.19164,52.78567,4910.44109,-0.26689,47.95795,4.878665599248364,1.8174313011374934,19.99999965883678
5.0154,5.24062,52.75049,4907.77896,-0.28063,47.99261,4.897554388712187,1.8244678722067296,19.99999965883678
5.05932,5.2896,52.71357,4905.10937,-0.29413,48.02745,4.917695305348029,1.831970893592991,19.99999965883678
5.10318,5.33858,52.67496,4902.43156,-0.30737,48.06249,4.939077896901676,1.8399364715565685,19.99999965883678
5.14699,5.38757,52.63468,4899.74477,-0.32033,48.09772,4.961690417494093,1.8483602304484683,19.99999965883678
5.19074,5.43656,52.59279,4897.04824,-0.33298,48.13315,4.985519760484308,1.857237287700072,19.99999965883678
5.23444,5.48555,52.54932,4894.34123,-0.34532,48.1688,5.0105513883644335,1.8665622277071874,19.99999965883678
5.27809,5.53455,52.50431,4891.62297,-0.35731,48.20467,5.036769260032241,1.876329074737166,19.99999965883678
5.32168,5.58355,52.45782,4888.89272,-0.36895,48.24076,5.06415575585781,1.886531265014263,19.99999965883678
5.36521,5.63256,52.40988,4886.14974,-0.3802,48.27709,5.09269160097348,1.897161618143123,19.99999965883678
5.40869,5.68157,52.36057,4883.3933,-0.39105,48.31366,5.122355787300539,1.9082123080616693,19.99999965883678
5.45212,5.73058,52.30991,4880.62267,-0.40149,48.35048,5.153125494815938,1.9196748337108849,19.99999965883678
5.49549,5.7796,52.25799,4877.83713,-0.41149,48.38755,5.184976012669474,1.9315399896488885,19.99999965883678
5.5388,5.82862,52.20484,4875.03597,-0.42104,48.42488,5.217880660760513,1.943797836836198,19.99999965883678
5.58206,5.87765,52.15053,4872.21849,-0.43012,48.46248,5.251810712470858,1.9564376738516915,19.99999965883678
5.62526,5.92668,52.09513,4869.38401,-0.43871,48.50035,5.286735319265298,1.9694480088043296,19.99999965883678
5.6684,5.97571,52.0387,4866.53185,-0.4468,48.53851,5.322621437944622,1.9828165322329876,19.99999965883678
5.71148,6.02475,51.98131,4863.66137,-0.45437,48.57695,5.359433761376756,1.9965300913019808,19.99999965883678
5.75451,6.0738,51.92302,4860.77191,-0.46141,48.61568,5.397134653547879,2.0105746656058976,19.99999965883678
5.79748,6.12284,51.8639,4857.86286,-0.46789,48.65471,5.435684089878179,2.024935344935649,19.99999965883678
5.84039,6.17189,51.80403,4854.93361,-0.47382,48.69404,5.47503960370982,2.0395963093438247,19.99999965883678
5.88324,6.22095,51.74348,4851.98359,-0.47916,48.73368,5.515156239967185,2.0545408118819193,19.99999965883678
5.92603,6.27001,51.68233,4849.01222,-0.48392,48.77363,5.555986516984738,2.069751164380203,19.99999965883678
5.96876,6.31907,51.62064,4846.01899,-0.48808,48.8139,5.597480397521213,2.0852087266497437,19.99999965883678
6.01143,6.36814,51.55851,4843.00337,-0.49163,48.85449,5.63958526999659,2.1008938994926916,19.99999965883678
6.05404,6.41721,51.496,4839.96489,-0.49456,48.89541,5.682245940994773,2.116786121909323,19.99999965883678
6.09658,6.46629,51.43321,4836.90309,-0.49686,48.93665,5.7254046400415675,2.13286387287797,19.99999965883678
6.13907,6.51537,51.3702,4833.81756,-0.49852,48.97823,5.769001037681363,2.149104678089052,19.99999965883678
6.18149,6.56446,51.30706,4830.70789,-0.49954,49.02014,5.812972277817068,2.1654851219925604,19.99999965883678
6.22385,6.61354,51.24387,4827.57375,-0.49991,49.06239,5.857253025236479,2.1819808655028763,19.99999965883678
6.26615,6.66264,51.18073,4824.4148,-0.49962,49.10498,5.901775529209447,2.198566669690389,19.99999965883678
6.30839,6.71173,51.1177,4821.23077,-0.49868,49.14791,5.946469703923937,2.215216425746049,19.99999965883678
6.35055,6.76083,51.05487,4818.02142,-0.49707,49.19118,5.991263226481763,2.23190319148735,19.99999965883678
6.39266,6.80994,50.99233,4814.78653,-0.4948,49.23479,6.036081653027755,2.248599234619506,19.99999965883678
6.4347,6.85905,50.93016,4811.52596,-0.49187,49.27875,6.080848553494305,2.2652760829313374,19.99999965883678
6.47667,6.90816,50.86844,4808.23958,-0.48827,49.32305,6.125485665292254,2.281904581549169,19.99999965883678
6.51858,6.95727,50.80726,4804.92732,-0.48402,49.36769,6.169913066102387,2.298454957306211,19.99999965883678
6.56042,7.00639,50.7467,4801.58915,-0.47911,49.41267,6.214049365810246,2.314896890243326,19.99999965883678
6.60219,7.05551,50.68684,4798.22511,-0.47356,49.458,6.257811917370078,2.3311995921613953,19.99999965883678
6.6439,7.10464,50.62775,4794.83525,-0.46736,49.50366,6.301117046255252,2.347331892097638,19.99999965883678
6.68554,7.15377,50.56953,4791.41968,-0.46052,49.54966,6.343880297903933,2.36326232850564,19.99999965883678
6.7271,7.2029,50.51225,4787.97859,-0.45306,49.59599,6.3860167023830945,2.378959247849655,19.99999965883678
6.7686,7.25204,50.45598,4784.51219,-0.44499,49.64264,6.427441055265708,2.3943909092387496,19.99999965883678
6.81003,7.30117,50.40079,4781.02073,-0.43631,49.68963,6.468068213479974,2.4095255946384313,19.99999965883678
6.85139,7.35032,50.34678,4777.50455,-0.42705,49.73693,6.507813404721353,2.424331724134764,19.99999965883678
6.89268,7.39946,50.29399,4773.96401,-0.41721,49.78454,6.546592548728229,2.438777975618012,19.99999965883678
6.9339,7.44861,50.24251,4770.39954,-0.40682,49.83247,6.584322588587758,2.4528334082027836,19.99999965883678
6.97505,7.49776,50.1924,4766.81159,-0.39589,49.88069,6.620921829995589,2.4664675886111977,19.99999965883678
7.01612,7.54691,50.14372,4763.2007,-0.38444,49.92922,6.656310286213855,2.4796507196788236,19.99999965883678
7.05713,7.59606,50.09654,4759.56743,-0.37249,49.97802,6.690410026354533,2.492353770099388,19.99999965883678
7.09806,7.64522,50.05092,4755.9124,-0.36007,50.02711,6.723145524398998,2.5045486044437424,19.99999965883678
7.13891,7.69438,50.0069,4752.23627,-0.3472,50.07648,6.754444006329367,2.516208112475427,19.99999965883678
7.1797,7.74354,49.96454,4748.53977,-0.3339,50.1261,6.784235792606965,2.527306336732905,19.99999965883678
7.22041,7.79271,49.9239,4744.82363,-0.32019,50.17598,6.812454633188828,2.5378185973320315,19.99999965883678
7.26104,7.84187,49.88501,4741.08867,-0.30612,50.22611,6.83903803228591,2.5477216129470204,19.99999965883678
7.3016,7.89104,49.84792,4737.33571,-0.29169,50.27646,6.863927560030168,2.556993616914645,19.99999965883678
7.34209,7.94021,49.81267,4733.56564,-0.27695,50.32705,6.887069148310328,2.565614467440838,19.99999965883678
7.3825,7.98938,49.77929,4729.77938,-0.26193,50.37784,6.908413368096558,2.5735657509114302,19.99999965883678
7.42283,8.03856,49.74781,4725.97786,-0.24664,50.42884,6.9279156857284425,2.580830877366167,19.99999965883678
7.46309,8.08773,49.71826,4722.16208,-0.23113,50.48003,6.94553669577306,2.5873951672444653,19.99999965883678
7.50328,8.13691,49.69067,4718.33303,-0.21543,50.5314,6.961242328267084,2.5932459285885496,19.99999965883678
7.54339,8.18608,49.66505,4714.49175,-0.19957,50.58294,6.975004028390549,2.5983725239766633,19.99999965883678
7.58342,8.23526,49.64141,4710.6393,-0.18359,50.63463,6.986798906872634,2.6027664265531705,19.99999965883678
7.62337,8.28444,49.61977,4706.77675,-0.16751,50.68647,6.996609859689406,2.6064212646191227,19.99999965883678
7.66325,8.33362,49.60013,4702.90521,-0.15137,50.73844,7.004425655968784,2.6093328543791676,19.99999965883678
7.70305,8.3828,49.58249,4699.02576,-0.13521,50.79053,7.010240993260071,2.6114992205309053,19.99999965883678
7.74279,8.43196,49.56734,4695.13864,-0.11133,50.79884,7.013584828790142,2.612744887247464,0.0
7.78249,8.4811,49.55512,4691.24444,-0.0875,50.80718,7.013995027065501,2.6128976968980018,0.0
7.82216,8.53021,49.54584,4687.34481,-0.06379,50.81556,7.0114907798206625,2.611964798908589,0.0
7.86178,8.57928,49.53946,4683.4414,-0.04025,50.82397,7.00610165305492,2.609957207391891,0.0
7.90136,8.62833,49.53596,4679.53586,-0.01692,50.83242,6.997867074889782,2.6068896103605854,0.0
7.9409,8.67734,49.5353,4675.62984,0.00614,50.8409,6.986836045869357,2.6027802618066356,0.0
7.98041,8.72632,49.53744,4671.72495,0.02888,50.84942,6.97306678704418,2.5976508506032534,0.0
8.01987,8.77528,49.54235,4667.8228,0.05124,50.85797,6.956626330317302,2.591526347898041,0.0
8.05929,8.8242,49.54995,4663.92496,0.07319,50.86656,6.937590056183955,2.5844348349088517,0.0
8.09867,8.87309,49.5602,4660.03296,0.09466,50.87518,6.916041184526097,2.576407313231363,0.0
8.13801,8.92196,49.57302,4656.14831,0.11563,50.88384,6.89207022450206,2.5674774999084913,0.0
8.17731,8.97079,49.58836,4652.27247,0.13603,50.89253,6.865774389927038,2.557681609644248,0.0
8.21657,9.01959,49.60614,4648.40686,0.15584,50.90125,6.837256986736483,2.5470581266177295,0.0
8.25579,9.06837,49.62627,4644.55285,0.17501,50.91001,6.806626779198813,2.5356475683806834,0.0
8.29497,9.11711,49.64867,4640.71176,0.19349,50.91881,6.773997341554219,2.523492244325898,0.0
8.33411,9.16583,49.67325,4636.88484,0.21126,50.92764,6.739486401652795,2.5106360111751393,0.0
8.37321,9.21451,49.69993,4633.07329,0.22828,50.9365,6.703215182923175,2.497124027845154,0.0
8.41228,9.26317,49.7286,4629.27827,0.24452,50.9454,6.6653077507730165,2.483002511964652,0.0
8.4513,9.31179,49.75916,4625.50086,0.25994,50.95433,6.62589036910852,2.4683185001608967,0.0
8.49028,9.36039,49.79152,4621.74206,0.27452,50.9633,6.585090872262189,2.453119614086268,0.0
8.52922,9.40896,49.82556,4618.00284,0.28824,50.97231,6.54303805715327,2.4374538339820386,0.0
8.56812,9.4575,49.86118,4614.28407,0.30107,50.98134,6.499861099952409,2.4213692813706014,0.0
8.60699,9.50601,49.89826,4610.58659,0.313,50.99042,6.455689001025599,2.4049140122824935,0.0
8.64581,9.5545,49.9367,4606.91114,0.32399,50.99953,6.410650061338127,2.388135822203086,0.0
8.6846,9.60296,49.97637,4603.2584,0.33404,51.00867,6.364871392954721,2.3710820637210097,0.0
8.72335,9.65139,50.01717,4599.629,0.34314,51.01785,6.318478465700865,2.3537994776475677,0.0
8.76206,9.69979,50.05897,4596.02348,0.35127,51.02707,6.271594691534977,2.3363340381844333,0.0
8.80073,9.74816,50.10166,4592.44235,0.35842,51.03632,6.2243410476102685,2.31873081250428,0.0
8.83936,9.79651,50.14512,4588.886,0.3646,51.0456,6.176835738548019,2.301033834938684,0.0
8.87795,9.84484,50.18923,4585.35481,0.36978,51.05492,6.129193897981846,2.2832859957955165,0.0
8.91651,9.89313,50.23386,4581.84907,0.37398,51.06428,6.081527328985735,2.2655289446615527,0.0
8.95503,9.9414,50.2789,4578.36901,0.37718,51.07368,6.033944282649716,2.2478030079160867,0.0
8.99351,9.98965,50.32424,4574.9148,0.3794,51.08311,5.986549273698313,2.2301471200439518,0.0
9.03196,10.03787,50.36975,4571.48657,0.38064,51.09257,5.9394429317884505,2.212598768240078,0.0
9.07037,10.08607,50.41531,4568.08436,0.3809,51.10207,5.89272188684153,2.1951939496926722,0.0
9.10874,10.13424,50.46081,4564.7082,0.38019,51.11161,5.846478686591126,2.1779671408675707,0.0
9.14708,10.18239,50.50614,4561.35802,0.37851,51.12119,5.8008017443388535,2.1609512780459172,0.0
9.18538,10.23051,50.55118,4558.03374,0.37589,51.1308,5.755775314801501,2.1441777483265914,0.0
9.22364,10.27861,50.59581,4554.7352,0.37233,51.14045,5.711479495849312,2.1276763902737597,0.0
9.26187,10.32669,50.63993,4551.4622,0.36784,51.15013,5.667990253880784,2.1114755033696597,0.0
9.30006,10.37474,50.68344,4548.21452,0.36245,51.15985,5.625379470544461,2.0956018654196944,0.0
9.33821,10.42277,50.72621,4544.99187,0.35617,51.16961,5.583715008560027,2.0800807570725204,0.0
9.37634,10.47078,50.76816,4541.79392,0.34901,51.17941,5.543060794386101,2.0649359926159807,0.0
9.41442,10.51877,50.80918,4538.62031,0.34099,51.18924,5.503476915560015,2.0501899562387287,0.0
9.45247,10.56673,50.84916,4535.47065,0.33215,51.19911,5.465019730588584,2.035863642967436,0.0
9.49049,10.61467,50.88802,4532.34449,0.32249,51.20902,5.427741989368253,2.02197670352646,0.0
9.52847,10.6626,50.92566,4529.24136,0.31204,51.21897,5.391692962202804,2.00854749240034,0.0
9.56642,10.7105,50.96199,4526.16077,0.30082,51.22895,5.356918575584879,1.9955931184159852,0.0
9.60433,10.75838,50.99692,4523.10217,0.28886,51.23897,5.323461553026695,1.9831294972058175,0.0
9.64221,10.80624,51.03037,4520.06501,0.27619,51.24903,5.291361559337806,1.9711714049550406,0.0
9.68006,10.85408,51.06226,4517.0487,0.26282,51.25912,5.26065534686983,1.9597325328816448,0.0
9.71787,10.9019,51.09251,4514.05262,0.24878,51.26926,5.231376902346109,1.94882554193432,0.0
9.75565,10.9497,51.12104,4511.07612,0.23411,51.27943,5.203557593029596,1.938462117243838,0.0
9.79339,10.99748,51.14778,4508.11854,0.21883,51.28964,5.177226311084399,1.9286530219015274,0.0
9.83111,11.04524,51.17267,4505.1792,0.20297,51.29988,5.152409615087535,1.919408149676126,0.0
9.86879,11.09299,51.19564,4502.25737,0.18655,51.31017,5.129131867770875,1.9107365763262765,0.0
9.90643,11.14071,51.21663,4499.35235,0.16961,51.32049,5.1074153691390585,1.902646609190457,0.0
9.94405,11.18842,51.23558,4496.46336,0.15218,51.33085,5.087280484233398,1.8951458347823926,0.0
9.98163,11.23611,51.25244,4493.58965,0.13429,51.34125,5.068745764871004,1.8882411641420833,0.0
10.01917,11.28378,51.26716,4490.73042,0.11596,51.35169,5.051828064784734,1.8819388757284687,0.0
10.05669,11.33143,51.27969,4487.88489,0.09723,51.36217,5.036542647647799,1.876244655661431,0.0
10.09417,11.37906,51.28999,4485.05222,0.07813,51.37268,5.022903287549196,1.8711636351515386,0.0
10.13162,11.42668,51.29803,4482.23158,0.05869,51.38323,5.010922361517326,1.866700424967531,0.0
10.16904,11.47428,51.30376,4479.42214,0.03895,51.39383,5.000610933786099,1.8628591468276565,0.0
10.20643,11.52186,51.30715,4476.62301,0.01893,51.40445,4.991978831496105,1.8596434616003534,0.0
10.24378,11.56943,51.30818,4473.83334,-0.00134,51.41512,4.985034711613962,1.8570565942334647,0.0
10.28111,11.61698,51.30683,4471.05222,-0.02181,51.42583,4.979786118854246,1.8551013553316835,0.0
10.3184,11.66451,51.30307,4468.27877,-0.04246,51.43657,4.97623953444569,1.8537801593232446,0.0
10.35566,11.71202,51.29689,4465.51206,-0.06325,51.44735,4.974400415602153,1.8530950391638978,0.0
10.39288,11.75952,51.28828,4462.75118,-0.08416,51.45817,4.974273225595288,1.85304765753977,0.0
10.43008,11.807,51.27722,4459.99519,-0.10514,51.46903,4.9758614543422555,1.8536393145368284,0.0
10.46724,11.85447,51.26372,4457.24315,-0.12617,51.47993,4.979167629462191,1.854870951759708,0.0
10.50437,11.90192,51.24778,4454.49411,-0.14722,51.49086,4.984193317742398,1.8567431528779017,0.0
10.54147,11.94935,51.22939,4451.74709,-0.16824,51.50184,4.990939117029553,1.8592561406050288,0.0
10.57854,11.99677,51.20857,4449.00114,-0.18921,51.51285,4.999404638529679,1.8624097701051017,0.0
10.61558,12.04417,51.18532,4446.25528,-0.21009,51.5239,5.009588479563404,1.8662035188431483,0.0
10.65258,12.09155,51.15966,4443.50851,-0.23085,51.53498,5.021488186823605,1.8706364728977147,0.0
10.68956,12.13892,51.13161,4440.75986,-0.25146,51.54611,5.035100210216104,1.8757073097653114,0.0
10.7265,12.18627,51.1012,4438.0083,-0.27188,51.55727,5.050419847400118,1.88141427770027,0.0
10.76341,12.23361,51.06845,4435.25286,-0.29208,51.56847,5.067441179158,1.887755171638274,0.0
10.80029,12.28093,51.03338,4432.4925,-0.31203,51.57971,5.086156995778892,1.8947273057723288,0.0
10.83713,12.32823,50.99604,4429.72623,-0.33169,51.59098,5.106558714667433,1.9023274828598409,0.0
10.87394,12.37552,50.95646,4426.95303,-0.35104,51.60229,5.12863628943909,1.9105519603582364,0.0
10.91073,12.42279,50.91469,4424.17188,-0.37003,51.61364,5.152378110812892,1.9193964135048938,0.0
10.94747,12.47004,50.87076,4421.38176,-0.38864,51.62503,5.177770899661861,1.9288558954756196,0.0
10.98419,12.51728,50.82474,4418.58165,-0.40683,51.63645,5.204799592646625,1.9389247947801576,0.0
11.02088,12.56451,50.77666,4415.77053,-0.42458,51.64791,5.23344722093511,1.9495967900820836,0.0
11.05753,12.61171,50.72659,4412.94739,-0.44185,51.65941,5.263694782556804,1.960864802647409,0.0
11.09415,12.6589,50.67459,4410.11121,-0.45861,51.67094,5.295521109055027,1.9727209466690454,0.0
11.13073,12.70607,50.62071,4407.26098,-0.47482,51.68251,5.328902727157095,1.985156477735299,0.0
11.16729,12.75323,50.56504,4404.39571,-0.49047,51.69412,5.363813716297584,1.9981617397535385,0.0
11.20381,12.80037,50.50763,4401.5144,-0.50552,51.70576,5.400225562918647,2.0117261106732287,0.0
11.2403,12.84749,50.44856,4398.61606,-0.51994,51.71744,5.438107012561395,2.0258379473860795,0.0
11.27675,12.89459,50.38791,4395.69971,-0.53369,51.72915,5.477423920904225,2.0404845302339014,0.0
11.31317,12.94168,50.32576,4392.7644,-0.54677,51.7409,5.518139104983804,2.0556520075845124,0.0
11.34956,12.98875,50.26218,4389.80918,-0.55913,51.75269,5.560212195964341,2.071325340984411,0.0
11.38591,13.0358,50.19727,4386.83312,-0.57074,51.7645,5.6035994949477885,2.0874882514442867,0.0
11.42223,13.08283,50.13112,4383.83531,-0.5816,51.77636,5.648253833385361,2.1041231674386385,0.0
11.45852,13.12985,50.06381,4380.81485,-0.59166,51.78825,5.694124439845473,2.121211175273324,0.0
11.49477,13.17685,49.99544,4377.77087,-0.60091,51.80017,5.7411568149130074,2.1387319724822467,0.0
11.53098,13.22382,49.9261,4374.70255,-0.60932,51.81213,5.789292616163915,2.1566638249773655,0.0
11.56717,13.27078,49.8559,4371.60905,-0.61687,51.82412,5.838469555213287,2.174983528696396,0.0
11.60331,13.31772,49.78494,4368.48961,-0.62355,51.83615,5.888621308941673,2.1936663765322777,0.0
11.63942,13.36465,49.71331,4365.34346,-0.62933,51.84821,5.939677447029619,2.2126861313378807,0.0
11.6755,13.41155,49.64113,4362.1699,-0.63419,51.8603,5.9915633780418425,2.232015005840942,0.0
11.71154,13.45843,49.5685,4358.96826,-0.63812,51.87243,6.044200316259811,2.251623650288332,0.0
11.74755,13.50529,49.49553,4355.73788,-0.64111,51.88459,6.09750527149955,2.271481148652918,0.0
11.78351,13.55213,49.42233,4352.47819,-0.64314,51.89678,6.151391064123185,2.2915550242257563,0.0
11.81945,13.59895,49.349,4349.18865,-0.6442,51.909,6.205766367376707,2.3118112553880277,0.0
11.85534,13.64575,49.27567,4345.86875,-0.64427,51.92126,6.26053577911498,2.332214302330486,0.0
11.8912,13.69253,49.20244,4342.51806,-0.64337,51.93355,6.3155999248205426,2.352727145430678,0.0
11.92702,13.73928,49.12943,4339.1362,-0.64147,51.94587,6.370855593676958,2.37331133594384,0.0
11.9628,13.78602,49.05674,4335.72282,-0.63857,51.95822,6.4261959092366565,2.393927059581164,0.0
11.99855,13.83273,48.9845,4332.27767,-0.63468,51.9706,6.48151053596989,2.4145332134547157,0.0
12.03426,13.87942,48.91281,4328.80053,-0.6298,51.98302,6.536685922697348,2.435087496762491,0.0
12.06993,13.92608,48.84179,4325.29127,-0.62392,51.99546,6.591605583570193,2.455546515460871,0.0
12.10556,13.97273,48.77155,4321.74981,-0.61705,52.00793,6.646150416883578,2.4758659010310455,0.0
12.14115,14.01935,48.7022,4318.17614,-0.6092,52.02044,6.700199061600433,2.4960004432935037,0.0
12.17674,14.06591,48.63225,4314.57364,-0.62878,51.95049,6.755162526049925,2.516475779976726,-37.99999935178988
12.21235,14.11241,48.56019,4310.94462,-0.64761,51.87981,6.812501915615105,2.5378362112798944,-37.99999935178988
12.24799,14.15882,48.4861,4307.28758,-0.66565,51.80837,6.872180318081044,2.5600679864317293,-37.99999935178988
12.28365,14.20516,48.4101,4303.60103,-0.68288,51.73612,6.934153330826595,2.583154564287549,-37.99999935178988
12.31934,14.25141,48.33226,4299.88346,-0.69924,51.66305,6.998371522571267,2.607077530394756,-37.99999935178988
12.35506,14.29759,48.25271,4296.13344,-0.71472,51.58912,7.06478010890545,2.631816476119306,-37.99999935178988
12.39081,14.34368,48.17153,4292.34952,-0.72927,51.5143,7.133318629335956,2.657348878336676,-37.99999935178988
12.42659,14.38969,48.08885,4288.53028,-0.74286,51.43856,7.203920628935298,2.6836499808378416,-37.99999935178988
12.46239,14.43562,48.00477,4284.67436,-0.75545,51.36189,7.2765133479639905,2.7106926787054206,-37.99999935178988
12.49822,14.48147,47.91941,4280.78039,-0.76703,51.28424,7.351017423169305,2.7384474070395988,-37.99999935178988
12.53408,14.52723,47.83289,4276.84709,-0.77754,51.20559,7.427346604710208,2.7668820355052217,-37.99999935178988
12.56997,14.5729,47.74534,4272.87318,-0.78698,51.12592,7.505407492967114,2.7959617702865023,-37.99999935178988
12.60589,14.61849,47.65687,4268.85744,-0.79531,51.04521,7.585099299739645,2.825649065126901,-37.99999935178988
12.64183,14.66398,47.56762,4264.79871,-0.8025,50.96343,7.66631363855712,2.8559035432142705,-37.99999935178988
12.67781,14.70939,47.47772,4260.69588,-0.80853,50.88056,7.748934349027067,2.886681931746052,-37.99999935178988
12.71382,14.75471,47.3873,4256.54791,-0.81338,50.79657,7.832837360291602,2.917938011063181,-37.99999935178988
12.74986,14.79994,47.29649,4252.3538,-0.81703,50.71146,7.917890598734118,2.9496225802684073,-37.99999935178988
12.78592,14.84507,47.20544,4248.11265,-0.81946,50.62519,8.003953945134281,2.981683441265396,-37.99999935178988
12.82202,14.89011,47.11427,4243.82363,-0.82065,50.53777,8.090879246388312,3.0140654031248486,-37.99999935178988
12.85815,14.93505,47.02314,4239.48599,-0.82059,50.44917,8.178510386804016,3.0467103086437697,-37.99999935178988
12.89431,14.9799,46.93217,4235.09904,-0.81927,50.35938,8.266683423738577,3.079557084874121,-37.99999935178988
12.93051,15.02465,46.84152,4230.66223,-0.81669,50.26839,8.35522679203328,3.1125418192801297,-37.99999935178988
12.96673,15.0693,46.75132,4226.17507,-0.81283,50.1762,8.443961581276506,3.145597863026052,-37.99999935178988
13.00299,15.11384,46.66171,4221.63718,-0.80769,50.08279,8.532701889369783,3.178655962688827,-37.99999935178988
13.03928,15.15829,46.57283,4217.04828,-0.80127,49.98817,8.621255255233224,3.211644421452243,-37.99999935178988
13.0756,15.20263,46.48483,4212.40822,-0.79358,49.89233,8.709423172716157,3.2444892905521603,-37.99999935178988
13.11196,15.24687,46.39785,4207.71695,-0.78463,49.79528,8.797001686918083,3.277114591421771,-37.99999935178988
13.14835,15.291,46.31202,4202.97452,-0.77441,49.69702,8.883782073128927,3.3094425686146924,-37.99999935178988
13.18477,15.33503,46.22748,4198.18114,-0.76295,49.59755,8.969551597513998,3.3413939731801374,-37.99999935178988
13.22123,15.37895,46.14436,4193.33711,-0.75027,49.49689,9.054094357558496,3.3728883757506067,-37.99999935178988
13.25772,15.42275,46.0628,4188.44286,-0.73637,49.39505,9.137192198990908,3.403844508119976,-37.99999935178988
13.29424,15.46645,45.98292,4183.49897,-0.72129,49.29204,9.21862570468758,3.4341806316364756,-37.99999935178988
13.3308,15.51003,45.90484,4178.50613,-0.70505,49.18788,9.298175249736094,3.4638149302415466,-37.99999935178988
13.36739,15.5535,45.8287,4173.46516,-0.68769,49.08259,9.375622115523445,3.492665925497014,-37.99999935178988
13.40401,15.59686,45.75461,4168.37702,-0.66923,48.9762,9.450749654460488,3.520652910475579,-37.99999935178988
13.44067,15.64009,45.68268,4163.24278,-0.64972,48.86873,9.523344495725217,3.5476963989319223,-37.99999935178988
13.47737,15.68321,45.61302,4158.06367,-0.6292,48.7602,9.593197781249032,3.5737185857400995,-37.99999935178988
13.51409,15.72622,45.54573,4152.84102,-0.60771,48.65066,9.660106420216177,3.5986438142276054,-37.99999935178988
13.55086,15.7691,45.48091,4147.57628,-0.58529,48.54014,9.723874349398479,3.6223990456832085,-37.99999935178988
13.58765,15.81186,45.41865,4142.27105,-0.56201,48.42867,9.784313786003787,3.6449143260759715,-37.99999935178988
13.62449,15.8545,45.35905,4136.92701,-0.53791,48.31629,9.841246459213023,3.6661232448351986,-37.99999935178988
13.66135,15.89702,45.30216,4131.54598,-0.51306,48.20304,9.894504806298345,3.6859633804359295,-37.99999935178988
13.69825,15.93941,45.24808,4126.12986,-0.48751,48.08898,9.943933119172819,3.7043767275188544,-37.99999935178988
13.73518,15.98168,45.19686,4120.68067,-0.46132,47.97414,9.989388627475144,3.7213101003678752,-37.99999935178988
13.77215,16.02383,45.14857,4115.20051,-0.43457,47.85857,10.030742504723296,3.7367155077288086,-37.99999935178988
13.80915,16.06585,45.10324,4109.69157,-0.40731,47.74233,10.06788078483019,3.7505504942355863,-37.99999935178988
13.84619,16.10774,45.06093,4104.15611,-0.37962,47.62546,10.10070517724647,3.762778444072392,-37.99999935178988
13.88325,16.1495,45.02168,4098.59648,-0.35157,47.50803,10.12913377018441,3.7733688429430736,-37.99999935178988
13.92036,16.19114,44.98549,4093.01505,-0.32323,47.39007,10.153101612844182,3.782297494965733,-37.99999935178988
13.95749,16.23265,44.95241,4087.41428,-0.29468,47.27166,10.172561169132305,3.789546691694799,-37.99999935178988
13.99466,16.27402,44.92243,4081.79664,-0.26598,47.15284,10.18748263712222,3.795105331128494,-37.99999935178988
14.03185,16.31527,44.89556,4076.16466,-0.23722,47.03368,10.197854130411912,3.7989689852693163,-37.99999935178988
14.06908,16.35639,44.8718,4070.52086,-0.20847,46.91422,10.203681719462857,3.8011399155238896,-37.99999935178988
14.10635,16.39738,44.85113,4064.86778,-0.1798,46.79453,10.204989332965477,3.801627035958997,-37.99999935178988
14.14364,16.43824,44.83352,4059.20798,-0.15129,46.67467,10.201818521293294,3.8004458251820337,-37.99999935178988
14.18096,16.47897,44.81896,4053.544,-0.12302,46.55469,10.194228085974723,3.7976181883094933,-37.99999935178988
14.21832,16.51956,44.8074,4047.87834,-0.09505,46.43465,10.182293580960316,3.7931722711759006,-37.99999935178988
14.2557,16.56003,44.7988,4042.2135,-0.06746,46.31461,10.166106693142693,3.7871422295611845,-37.99999935178988
14.29312,16.60037,44.7931,4036.55194,-0.04033,46.19462,10.14577451110895,3.779567956781709,-37.99999935178988
14.33056,16.64057,44.79025,4030.89605,-0.01372,46.07473,10.121418692416894,3.770494773478761,-37.99999935178988
14.36804,16.68064,44.79019,4025.24819,0.01231,45.95499,10.09317454083602,3.7599730838665306,-37.99999935178988
14.40554,16.72059,44.79282,4019.61065,0.03768,45.83547,10.061190005819512,3.7480580030091164,-37.99999935178988
14.44307,16.7604,44.79809,4013.98565,0.06234,45.7162,10.025624617158547,3.7348089599512124,-37.99999935178988
14.48062,16.80009,44.80589,4008.37533,0.08621,45.59723,9.98664836811098,3.7202892816541606,-37.99999935178988
14.51821,16.83964,44.81615,4002.78175,0.10926,45.47861,9.944440560493227,3.704565762762291,-37.99999935178988
14.55582,16.87907,44.82876,3997.20689,0.13142,45.36039,9.89918862508763,3.6877082261736276,-37.99999935178988
14.59345,16.91837,44.84362,3991.65262,0.15263,45.24259,9.851086930461811,3.669789079293754,-37.99999935178988
14.63111,16.95754,44.86063,3986.12072,0.17286,45.12527,9.800335592756404,3.650882870650428,-37.99999935178988
14.6688,16.99658,44.87966,3980.61288,0.19206,45.00846,9.747139298313988,3.6310658512918828,-37.99999935178988
14.70651,17.0355,44.90062,3975.13067,0.21018,44.89219,9.691706150211804,3.6104155450899116,-37.99999935178988
14.74424,17.07429,44.92337,3969.67556,0.22718,44.77649,9.634246548790205,3.5890103317072635,-37.99999935178988
14.782,17.11296,44.94779,3964.2489,0.24304,44.66139,9.574972115180007,3.5669290455832527,-37.99999935178988
14.81978,17.1515,44.97377,3958.85196,0.25772,44.54692,9.514094665751369,3.5442505938889886,-37.99999935178988
14.85759,17.18992,45.00117,3953.48587,0.27119,44.43309,9.45182524421064,3.521053595957981,-37.99999935178988
14.89541,17.22821,45.02986,3948.15165,0.28343,44.31994,9.388373216861607,3.4974160462471473,-37.99999935178988
14.93326,17.26639,45.05972,3942.85023,0.29441,44.20747,9.323945435434785,3.473415002468703,-37.99999935178988
14.97113,17.30444,45.0906,3937.58241,0.30413,44.0957,9.258745470639356,3.449126300068085,-37.99999935178988
15.00902,17.34237,45.12238,3932.34889,0.31257,43.98465,9.19297291857751,3.4246242938450493,-37.99999935178988
15.04693,17.38018,45.15491,3927.15027,0.31971,43.87432,9.126822781069578,3.3999816271084757,-37.99999935178988
15.08486,17.41787,45.18807,3921.98702,0.32555,43.76472,9.060484919977037,3.3752690283973306,-37.99999935178988
15.12281,17.45545,45.22172,3916.85954,0.33009,43.65585,8.994143584735397,3.3505551354742353,-37.99999935178988
15.16077,17.49291,45.25572,3911.76811,0.33332,43.54773,8.927977011530471,3.325906346008081,-37.99999935178988
15.19876,17.53025,45.28994,3906.71291,0.33525,43.44034,8.862157091834424,3.3013866940949876,-37.99999935178988
15.23676,17.56748,45.32425,3901.69403,0.33589,43.33369,8.796849107446862,3.277057751554134,-37.99999935178988
15.27478,17.60459,45.35852,3896.71146,0.33523,43.22776,8.732211528666488,3.252978552741391,-37.99999935178988
15.31282,17.64159,45.39261,3891.76512,0.3333,43.12256,8.668395871845995,3.229205541484771,-37.99999935178988
15.35088,17.67848,45.42639,3886.85482,0.3301,43.01808,8.605546612249531,3.2057925386215453,-37.99999935178988
15.38895,17.71525,45.45975,3881.98031,0.32566,42.91429,8.543801147885416,3.182790728524968,-37.99999935178988
15.42704,17.75192,45.49255,3877.14125,0.31999,42.8112,8.483289809918524,3.1602486629831765,-37.99999935178988
15.46514,17.78847,45.52467,3872.33722,0.31311,42.70878,8.424135915082468,3.1382122807241006,-37.99999935178988
15.50326,17.82492,45.55599,3867.56774,0.30505,42.60703,8.366455855588658,3.116724940908952,-37.99999935178988
15.5414,17.86126,45.5864,3862.83223,0.29582,42.50591,8.3103592220243,3.095827468914968,-37.99999935178988
15.57954,17.89749,45.61579,3858.13009,0.28546,42.40542,8.255948954852006,3.075558212772999,-37.99999935178988
15.61771,17.93361,45.64403,3853.46063,0.274,42.30553,8.20332152022858,3.0559531086646294,-37.99999935178988
15.65589,17.96963,45.67103,3848.8231,0.26147,42.20621,8.152567106059292,3.0370457539575617,-37.99999935178988
15.69408,18.00554,45.69669,3844.21669,0.24789,42.10746,8.10376983437313,3.0188674863209757,-37.99999935178988
15.73228,18.04135,45.7209,3839.64056,0.23331,42.00923,8.057007986329609,3.001447467546493,-37.99999935178988
15.7705,18.07706,45.74356,3835.09379,0.21776,41.9115,8.012354236378654,2.9848127707788903,-37.99999935178988
15.80873,18.11266,45.7646,3830.57543,0.20127,41.81425,7.96987589236348,2.96898846996074,-37.99999935178988
15.84698,18.14816,45.7839,3826.08447,0.18388,41.71745,7.929635138556445,2.9539977303696636,-37.99999935178988
15.88523,18.18356,45.80141,3821.61988,0.16564,41.62106,7.891689278886925,2.939861899227112,-37.99999935178988
15.9235,18.21885,45.81702,3817.18057,0.14658,41.52507,7.8560909778390515,2.9266005954391066,-37.99999935178988
15.96179,18.25405,45.83068,3812.76541,0.12674,41.42943,7.8228884967514425,2.914231797624118,-37.99999935178988
16.00008,18.28914,45.8423,3808.37325,0.10617,41.33411,7.792125923432465,2.902771929650781,-37.99999935178988
16.03838,18.32414,45.85183,3804.00289,0.0849,41.23909,7.763843393263468,2.892235943004674,-37.99999935178988
16.0767,18.35904,45.85919,3799.6531,0.06299,41.14433,7.7380773001365775,2.8826373953681954,-37.99999935178988
16.11503,18.39383,45.86434,3795.32263,0.04048,41.04979,7.7148604957651115,2.8739885248689365,-37.99999935178988
16.15337,18.42853,45.86722,3791.01019,0.0174,40.95544,7.694222476076678,2.8663003195160166,-37.99999935178988
16.19172,18.46313,45.86778,3786.71447,-0.00619,40.86124,7.676189553593584,2.8595825814163174,-37.99999935178988
16.23009,18.49763,45.86598,3782.43413,-0.03024,40.76717,7.660785014807648,2.853843985400747,-37.99999935178988
16.26846,18.53204,45.86178,3778.16781,-0.05471,40.67317,7.648029261740781,2.849092131759277,-37.99999935178988
16.30684,18.56634,45.85515,3773.91413,-0.07955,40.57923,7.637939936983041,2.8453335928209076,-37.99999935178988
16.34524,18.60055,45.84605,3769.67167,-0.10472,40.48529,7.630532031642155,2.842573953167707,-37.99999935178988
16.38364,18.63467,45.83447,3765.43901,-0.13017,40.39132,7.625817975706711,2.840817843297477,-37.99999935178988
16.42206,18.66868,45.82038,3761.21471,-0.15584,40.29729,7.62380771049533,2.840068966612977,-37.99999935178988
16.46049,18.7026,45.80377,3756.99731,-0.1817,40.20315,7.624508742871934,2.840330119618534,-37.99999935178988
16.49892,18.73642,45.78463,3752.78533,-0.20768,40.10887,7.627926181088948,2.8416032052725826,-37.99999935178988
16.53737,18.77014,45.76296,3748.57727,-0.23375,40.0144,7.634062752114721,2.8438892394425843,-37.99999935178988
16.57583,18.80377,45.73876,3744.37164,-0.25985,39.91972,7.6429188004655915,2.84718835046994,-37.99999935178988
16.6143,18.8373,45.71202,3740.16691,-0.28594,39.82477,7.654492268597999,2.8514997718655346,-37.99999935178988
16.65277,18.87073,45.68276,3735.96157,-0.31195,39.72953,7.668778658991325,2.8568218281846036,-37.99999935178988
16.69126,18.90406,45.651,3731.75406,-0.33786,39.63395,7.6857709781944115,2.863151914182579,-37.99999935178988
16.72976,18.9373,45.61676,3727.54285,-0.3636,39.53799,7.705459663121109,2.870486467358252,-37.99999935178988
16.76827,18.97044,45.58005,3723.32639,-0.38913,39.44162,7.727832490034149,2.8788209340478637,-37.99999935178988
16.80678,19.00347,45.54091,3719.10312,-0.41439,39.34478,7.752874466729465,2.888149729260931,-37.99999935178988
16.84531,19.03641,45.49937,3714.87147,-0.43935,39.24745,7.780567708526888,2.898466190483516,-37.99999935178988
16.88385,19.06926,45.45546,3710.6299,-0.46394,39.14959,7.810891298823284,2.9097625257306032,-37.99999935178988
16.9224,19.102,45.40924,3706.37685,-0.48813,39.05115,7.843821135056885,2.9220297561637567,-37.99999935178988
16.96095,19.13464,45.36075,3702.11074,-0.51186,38.9521,7.8793297610756525,2.935257653643927,-37.99999935178988
16.99952,19.16718,45.31004,3697.83003,-0.5351,38.85239,7.917386187044435,2.9494346736421297,-37.99999935178988
17.03809,19.19962,45.25717,3693.53318,-0.55778,38.752,7.957955698185669,2.9645478839903214,-37.99999935178988
17.07668,19.23195,45.20219,3689.21864,-0.57986,38.65087,8.000999653803229,2.9805828900124967,-37.99999935178988
17.11527,19.26419,45.14518,3684.88488,-0.60131,38.54898,8.046475278214825,2.997523756641506,-37.99999935178988
17.15388,19.29632,45.0862,3680.5304,-0.62207,38.44628,8.094335445417764,3.015352928201389,-37.99999935178988
17.19249,19.32835,45.02533,3676.15369,-0.64209,38.34274,8.14452845947531,3.034051146595508,-37.99999935178988
17.23112,19.36027,44.96264,3671.75328,-0.66135,38.23832,8.196997832833874,3.0535973687238727,-37.99999935178988
17.26975,19.39209,44.89821,3667.32771,-0.67978,38.13299,8.251682064991202,3.0739686840312204,-37.99999935178988
17.30839,19.4238,44.83214,3662.87555,-0.69736,38.02671,8.308514424095835,3.09514023314706,-37.99999935178988
17.34705,19.4554,44.7645,3658.39539,-0.71404,37.91944,8.367422734330471,3.117085128680388,-37.99999935178988
17.38568,19.48694,44.6974,3653.88102,-0.68795,37.93271,8.425933690467412,3.138881999357309,0.0
17.42425,19.51846,44.63293,3649.32799,-0.66062,37.946,8.481506025522107,3.159584156361319,0.0
17.46277,19.54995,44.57121,3644.7377,-0.63211,37.95931,8.533946241739082,3.1791195166872726,0.0
17.50124,19.58142,44.51233,3640.11166,-0.60251,37.97263,8.583074979799669,3.197421264269737,0.0
17.53965,19.61287,44.4564,3635.4515,-0.57189,37.98596,8.628723906510881,3.214426690565212,0.0
17.57801,19.64429,44.4035,3630.75895,-0.54033,37.99932,8.670736971899794,3.2300776628528616,0.0
17.61631,19.67569,44.35371,3626.03588,-0.50791,38.01268,8.708971595745496,3.244321066248885,0.0
17.65455,19.70706,44.30709,3621.28421,-0.47474,38.02607,8.743299767358836,3.2571092134034094,0.0
17.69273,19.73841,44.26371,3616.50597,-0.44089,38.03946,8.773609043315195,3.2684002161821994,0.0
17.73086,19.76973,44.22362,3611.7033,-0.40647,38.05288,8.799803429041553,3.278158314081036,0.0
17.76893,19.80103,44.18686,3606.87836,-0.37157,38.0663,8.821804131677174,3.28635415468613,0.0
17.80695,19.8323,44.15346,3602.03342,-0.33629,38.07974,8.839550173410272,3.2929650221581688,0.0
17.8449,19.86355,44.12344,3597.17078,-0.30073,38.0932,8.852998856556377,3.297975010486243,0.0
17.8828,19.89477,44.09682,3592.2928,-0.265,38.10667,8.86212607383692,3.301375139074786,0.0
17.92064,19.92596,44.07359,3587.40185,-0.2292,38.12015,8.866926459726104,3.3031634091242608,0.0
17.95842,19.95713,44.05376,3582.50035,-0.19342,38.13364,8.867413381165742,3.3033448001722,0.0
17.99614,19.98827,44.03731,3577.59072,-0.15778,38.14715,8.863618768466186,3.3019312070993463,0.0
18.03381,20.01939,44.0242,3572.67538,-0.12237,38.16068,8.855592789649458,3.298941318813903,0.0
18.07141,20.05048,44.0144,3567.75676,-0.0873,38.17421,8.843403373863417,3.2944004407107714,0.0
18.10896,20.08154,44.00787,3562.83726,-0.05267,38.18776,8.827135591757667,3.2883402638452712,0.0
18.14644,20.11257,44.00455,3557.91924,-0.01858,38.20132,8.806890902672526,3.2807985844912277,0.0
18.18387,20.14358,44.00439,3553.00506,0.01489,38.2149,8.7827862803646,3.271818978450742,0.0
18.22124,20.17456,44.0073,3548.097,0.04763,38.22848,8.754953230462261,3.2614504350305027,0.0
18.25856,20.20551,44.01321,3543.1973,0.07956,38.24208,8.723536714095292,3.2497469560655126,0.0
18.29581,20.23644,44.02203,3538.30813,0.11059,38.2557,8.68869399301827,3.2367671256971553,0.0
18.333,20.26734,44.03367,3533.43161,0.14064,38.26933,8.650593412199049,3.2225736568553796,0.0
18.37014,20.29821,44.04801,3528.56976,0.16962,38.28297,8.609413136002427,3.2072329204538614,0.0
18.40722,20.32906,44.06497,3523.72453,0.19746,38.29662,8.565339854151626,3.1908144633266002,0.0
18.44424,20.35988,44.08441,3518.89779,0.2241,38.31029,8.51856747324171,3.173390520782249,0.0
18.4812,20.39068,44.10621,3514.0913,0.24946,38.32398,8.469295809004564,3.155035529438402,0.0
18.5181,20.42144,44.13026,3509.30673,0.27348,38.33767,8.417729293640505,3.1358256456686147,0.0
18.55495,20.45219,44.15642,3504.54565,0.29612,38.35138,8.364075711522398,3.1158382746189117,0.0
18.59174,20.4829,44.18455,3499.80953,0.31731,38.36511,8.308544975324413,3.095151614283557,0.0
18.62848,20.51359,44.21452,3495.09973,0.337,38.37885,8.251347953306494,3.073844218637659,0.0
18.66515,20.54426,44.24618,3490.41751,0.35517,38.39261,8.19269535703056,3.051994583282186,0.0
18.70177,20.5749,44.27938,3485.76401,0.37177,38.40638,8.132796697324128,3.029680756512952,0.0
18.73834,20.60551,44.31398,3481.14028,0.38677,38.42017,8.071859314785833,3.006979978158406,0.0
18.77485,20.6361,44.34983,3476.54725,0.40014,38.43397,8.010087489638108,2.983968347976341,0.0
18.8113,20.66666,44.38677,3471.98574,0.41186,38.44779,7.9476816343281795,2.9607205248765163,0.0
18.8477,20.6972,44.42465,3467.45648,0.42192,38.46162,7.884837570870511,2.9373094577117094,0.0
18.88405,20.72772,44.46332,3462.96007,0.43031,38.47547,7.821745893659504,2.913806147908674,0.0
18.92034,20.75821,44.50262,3458.49703,0.43701,38.48934,7.7585914173193675,2.890279443777693,0.0
18.95657,20.78868,44.5424,3454.06777,0.44202,38.50323,7.695552708089829,2.866795865941425,0.0
18.99275,20.81913,44.58251,3449.67261,0.44535,38.51713,7.632801696317678,2.8434194629778107,0.0
19.02888,20.84955,44.62279,3445.31177,0.447,38.53105,7.570503366846608,2.820211696082137,0.0
19.06496,20.87995,44.6631,3440.98536,0.44699,38.54499,7.5088155234003695,2.7972313512935667,0.0
19.10099,20.91033,44.70327,3436.69344,0.44532,38.55895,7.447888622526834,2.7745344776349325,0.0
19.13696,20.94069,44.74318,3432.43595,0.44201,38.57292,7.387865672255734,2.7521743493600774,0.0
19.17288,20.97102,44.78267,3428.21276,0.43709,38.58692,7.328882190315341,2.7302014503884693,0.0
19.20875,21.00133,44.82159,3424.02366,0.43058,38.60093,7.2710662165392765,2.708663478927061,0.0
19.24457,21.03163,44.85981,3419.86836,0.42251,38.61497,7.2145383740273115,2.6876053702543032,0.0
19.28034,21.0619,44.8972,3415.7465,0.41291,38.62902,7.159411973572491,2.6670693356219917,0.0
19.31606,21.09215,44.93362,3411.65766,0.40181,38.64309,7.105793155936724,2.647094915256669,0.0
19.35172,21.12238,44.96893,3407.60134,0.38925,38.65719,7.053781066715079,2.6277190435011755,0.0
19.38734,21.15259,45.00303,3403.57697,0.37527,38.6713,7.0034680586353595,2.6089761241765648,0.0
19.42291,21.18278,45.03577,3399.58394,0.35991,38.68544,6.954939916429973,2.590898114352791,0.0
19.45843,21.21295,45.06705,3395.62158,0.34322,38.6996,6.908276099623787,2.573514614793573,0.0
19.49391,21.2431,45.09676,3391.68915,0.32523,38.71377,6.863549998887535,2.5568529654547825,0.0
19.52933,21.27323,45.12477,3387.78588,0.30601,38.72797,6.820829201873655,2.540938344515293,0.0
19.56471,21.30334,45.151,3383.91092,0.2856,38.7422,6.780175764788545,2.5257938695447826,0.0
19.60004,21.33344,45.17534,3380.06341,0.26405,38.75644,6.741646486229811,2.511440699515324,0.0
19.63532,21.36351,45.1977,3376.24243,0.24141,38.7707,6.7052931801529585,2.497898136488646,0.0
19.67056,21.39357,45.21799,3372.44702,0.21773,38.78499,6.671162945099334,2.4851837259106393,0.0
19.70575,21.42361,45.23612,3368.67617,0.19309,38.7993,6.639298427142776,2.473313354565896,0.0
19.74089,21.45364,45.25202,3364.92885,0.16752,38.81364,6.609738074252912,2.462301345334727,0.0
19.77599,21.48364,45.26562,3361.20398,0.14109,38.82799,6.582516380069038,2.4521605480053528,0.0
19.81104,21.51363,45.27683,3357.50047,0.11386,38.84237,6.557664115295735,2.4429024254748573,0.0
19.84604,21.5436,45.28561,3353.81717,0.08589,38.85677,6.53520854517645,2.4345371347638145,0.0
19.881,21.57356,45.2919,3350.15293,0.05724,38.8712,6.515173631711757,2.427073602347917,0.0
19.91592,21.6035,45.29564,3346.50653,0.02797,38.88565,6.49758021948595,2.4205195933832684,0.0
19.95078,21.63342,45.29678,3342.87678,-0.00186,38.90012,6.482446204128978,2.4148817744628874,0.0
19.98561,21.66332,45.2953,3339.26242,-0.03218,38.91462,6.4697866826184045,2.4101657696081404,0.0
20.02039,21.69321,45.29115,3335.66217,-0.06293,38.92914,6.459614084779015,2.40637620925581,0.0
20.05512,21.72308,45.2843,3332.07476,-0.09405,38.94368,6.451938285446631,2.4035167720420616,0.0
20.08981,21.75294,45.27473,3328.49887,-0.12548,38.95824,6.44676669691267,2.4015902192404774,0.0
20.12446,21.78278,45.26243,3324.93316,-0.15714,38.97283,6.444104341374682,2.400598421751787,0.0
20.15906,21.81261,45.24737,3321.37628,-0.18897,38.98745,6.443953903199345,2.400542379573207,0.0
20.19362,21.84241,45.22956,3317.82687,-0.22092,39.00209,6.446315760940868,2.4014222337261417,0.0
20.22814,21.87221,45.20899,3314.28355,-0.25291,39.01675,6.451187999112353,2.4032372706413216,0.0
20.26261,21.90198,45.18568,3310.74491,-0.28487,39.03143,6.458566399840576,2.405985919049992,0.0
20.29703,21.93175,45.15962,3307.20954,-0.31675,39.04614,6.4684444145853,2.4096657394486116,0.0
20.33141,21.96149,45.13083,3303.67602,-0.34848,39.06087,6.480813116227548,2.4142734062504756,0.0
20.36575,21.99122,45.09935,3300.14291,-0.37999,39.07562,6.495661131909224,2.419804682766705,0.0
20.40005,22.02094,45.06518,3296.60876,-0.41122,39.0904,6.512974557112589,2.426254389198592,0.0
20.4343,22.05063,45.02838,3293.07214,-0.4421,39.1052,6.53273685157857,2.4336163638644317,0.0
20.46851,22.08032,44.98897,3289.53157,-0.47257,39.12003,6.554928717764697,2.4418834179219044,0.0
20.50267,22.10998,44.947,3285.98559,-0.50257,39.13487,6.5795279626860985,2.451047283900215,0.0
20.53679,22.13963,44.90252,3282.43273,-0.53203,39.14974,6.606509344096472,2.46109855839845,0.0
20.57086,22.16927,44.85558,3278.87154,-0.56089,39.16463,6.635844402130451,2.4720266393679373,0.0
20.60489,22.19889,44.80625,3275.30054,-0.58908,39.17955,6.667501277674195,2.4838196584505075,0.0
20.63888,22.22849,44.75458,3271.71827,-0.61655,39.19448,6.701444518896571,2.4964644089062693,0.0
20.67282,22.25808,44.70065,3268.12326,-0.64324,39.20944,6.737634877583882,2.509946269742939,0.0
20.70672,22.28765,44.64454,3264.51408,-0.66908,39.22442,6.7760290970619,2.524249126711214,0.0
20.74057,22.3172,44.58632,3260.88928,-0.69401,39.23942,6.816579693761494,2.539355290932225,0.0
20.77438,22.34674,44.52607,3257.24744,-0.71799,39.25445,6.859234734628333,2.555245415976794,0.0
20.80814,22.37626,44.4639,3253.58714,-0.74095,39.26949,6.903937612860167,2.5718984143216668,0.0
20.84186,22.40576,44.39988,3249.90699,-0.76283,39.28455,6.950626824631909,2.5892913741737367,0.0
20.87553,22.43524,44.33413,3246.20562,-0.78359,39.29964,6.999235749743191,2.6073994777554828,0.0
20.90916,22.46471,44.26674,3242.48169,-0.80318,39.31474,7.049692439313326,2.626195922215761,0.0
20.94274,22.49416,44.19781,3238.73388,-0.82153,39.32986,7.101919413893755,2.645651844421376,0.0
20.97628,22.52359,44.12746,3234.96091,-0.83861,39.34501,7.155833475566964,2.665736250958984,0.0
21.00977,22.55301,44.05581,3231.16152,-0.85437,39.36017,7.211345537802962,2.686415954752156,0.0
21.04321,22.5824,43.98296,3227.33453,-0.86876,39.37535,7.268360477016515,2.707655519762541,0.0
21.0766,22.61178,43.90905,3223.47875,-0.88175,39.39055,7.3267770099068885,2.72941721529569,0.0
21.10995,22.64114,43.83419,3219.59308,-0.8933,39.40577,7.386487600759122,2.7516609814683464,0.0
21.14325,22.67048,43.75851,3215.67646,-0.90337,39.421,7.447378402983691,2.7743444074304278,0.0
21.17651,22.6998,43.68213,3211.72788,-0.91192,39.43625,7.509329239133225,2.7974227239207305,0.0
21.20971,22.7291,43.6052,3207.74639,-0.91893,39.45152,7.572213623626956,2.820848811732381,0.0
21.24287,22.75838,43.52784,3203.73112,-0.92438,39.4668,7.635898832276124,2.8445732276128832,0.0
21.27598,22.78764,43.45019,3199.68125,-0.92824,39.4821,7.700246022532693,2.8685442490599273,0.0
21.30904,22.81687,43.37238,3195.59606,-0.93049,39.49742,7.7651104081104485,2.8927079393723414,0.0
21.34205,22.84609,43.29455,3191.47489,-0.93111,39.51275,7.830341491249788,2.917008234174839,0.0
21.37501,22.87529,43.21684,3187.31715,-0.9301,39.52809,7.895783355524125,2.941387050496108,0.0
21.40792,22.90446,43.13938,3183.12236,-0.92745,39.54345,7.961275021490119,2.9657844192578806,0.0
21.44078,22.93361,43.06232,3178.89013,-0.92316,39.55882,8.026650866887701,2.9901386418104985,0.0
21.47359,22.96274,42.98578,3174.62015,-0.91722,39.57421,8.091741112405732,3.014386470893397,0.0
21.50635,22.99185,42.90991,3170.31221,-0.90965,39.5896,8.156372373211324,3.0384633160942984,0.0
21.53906,23.02093,42.83483,3165.9662,-0.90046,39.60501,8.220368275588177,3.0623034735632073,0.0
21.57171,23.04999,42.76069,3161.58212,-0.88965,39.62044,8.28355013708675,3.085840379386253,0.0
21.60431,23.07902,42.68761,3157.16007,-0.87727,39.63587,8.345737707586885,3.1090068856510102,0.0
21.63686,23.10804,42.61572,3152.70025,-0.86332,39.65131,8.406749967685439,3.1317355578668993,0.0
21.66936,23.13702,42.54514,3148.20298,-0.84784,39.66677,8.466405979719879,3.1539589919938726,0.0
21.70181,23.16598,42.47601,3143.66868,-0.83086,39.68223,8.524525785713964,3.1756101489508,0.0
21.7342,23.19492,42.40842,3139.09789,-0.81243,39.69771,8.580931345509953,3.196622704094405,0.0
21.76653,23.22383,42.34251,3134.49126,-0.7926,39.71319,8.635447507351909,3.21693140878708,0.0
21.79881,23.25271,42.27838,3129.84952,-0.77141,39.72868,8.687903002263855,3.236472460828916,0.0
21.83104,23.28157,42.21613,3125.17355,-0.74891,39.74418,8.7381314527769,3.255183880235097,0.0
21.86321,23.3104,42.15587,3120.46432,-0.72518,39.75969,8.785972385815494,3.27300588656268,0.0
21.89533,23.3392,42.09768,3115.72288,-0.70027,39.7752,8.831272239030922,3.2898812737962984,0.0
21.92739,23.36797,42.04166,3110.95041,-0.67425,39.79073,8.873885349451145,3.305755778646247,0.0
21.95939,23.39672,41.98788,3106.14819,-0.64719,39.80625,8.913674913086806,3.3205784380269585,0.0
21.99134,23.42544,41.93643,3101.31757,-0.61918,39.82179,8.950513904133688,3.334301931484112,0.0
22.02323,23.45413,41.88736,3096.45999,-0.59029,39.83733,8.984285942579,3.3468829044008017,0.0
22.05507,23.48279,41.84075,3091.57699,-0.56061,39.85288,9.014886099383233,3.3582822679489603,0.0
22.08685,23.51142,41.79663,3086.67019,-0.53022,39.86843,9.04222162902503,3.3684654719816023,0.0
22.11857,23.54002,41.75507,3081.74125,-0.49921,39.88399,9.066212619976826,3.377402747352108,0.0
22.15023,23.56859,41.71609,3076.79192,-0.46769,39.89955,9.086792554659207,3.3850693145119655,0.0
22.18183,23.59713,41.67973,3071.824,-0.43573,39.91512,9.103908771572344,3.3914455556668806,0.0
22.21338,23.62564,41.64602,3066.83934,-0.40343,39.93069,9.117522823584036,3.3965171482485026,0.0
22.24487,23.65412,41.61495,3061.83984,-0.37091,39.94627,9.127610727821189,3.4002751580055777,0.0
22.2763,23.68258,41.58655,3056.82741,-0.33824,39.96185,9.134163104077183,3.4027160905643306,0.0
22.30767,23.71099,41.56082,3051.80401,-0.30553,39.97744,9.13718520021647,3.4038419008923504,0.0
22.33898,23.73938,41.53773,3046.77161,-0.27289,39.99302,9.136696804727803,3.403659960722362,0.0
22.37024,23.76774,41.51728,3041.73219,-0.2404,40.00862,9.132732048070716,3.4021829845485714,0.0
22.40143,23.79607,41.49943,3036.68774,-0.20817,40.02421,9.125339096060147,3.3994289154043607,0.0
22.43257,23.82436,41.48416,3031.64022,-0.17629,40.03981,9.114579739997252,3.3954207721752363,0.0
22.46365,23.85262,41.47143,3026.59161,-0.14486,40.05542,9.100528889569865,3.3901864606909102,0.0
22.49467,23.88086,41.46119,3021.54383,-0.11396,40.07102,9.083273975842395,3.3837585513233237,0.0
22.52563,23.90906,41.45338,3016.49881,-0.08371,40.08663,9.062914272632842,3.3761740261817326,0.0
22.55653,23.93722,41.44795,3011.45842,-0.05417,40.10225,9.039560145526146,3.3674739993504224,0.0
22.58737,23.96536,41.44482,3006.42449,-0.02543,40.11786,9.013332238454383,3.3577034138684225,0.0
22.61816,23.99347,41.44392,3001.39881,0.00241,40.13349,8.984360608276697,3.346910719337766,0.0
22.64888,24.02154,41.44517,2996.38311,0.02928,40.14911,8.952783818079636,3.3351475341540078,0.0
22.67955,24.04958,41.44848,2991.37906,0.05512,40.16474,8.9187480000662,3.3224682964077332,0.0
22.71016,24.07759,41.45377,2986.38827,0.07983,40.18037,8.882405898787365,3.308929907463134,0.0
22.74071,24.10557,41.46094,2981.41226,0.10337,40.19601,8.843915905234097,3.2945913721318605,0.0
22.7712,24.13352,41.46987,2976.45251,0.12566,40.21165,8.803441091878799,3.2795134392005796,0.0
22.80164,24.16143,41.48048,2971.5104,0.14665,40.22729,8.761148258216773,3.2637582458700494,0.0
22.83201,24.18932,41.49266,2966.58724,0.16629,40.24294,8.717206995636406,3.2473889693946614,0.0
22.86234,24.21717,41.50628,2961.68424,0.18451,40.2586,8.671788779723299,3.2304694889418455,0.0
22.8926,24.245,41.52123,2956.80256,0.20129,40.27426,8.625066097165188,3.2130640603411846,0.0
22.9228,24.27279,41.5374,2951.94324,0.21658,40.28992,8.57721161360965,3.1952370060895054,0.0
22.95295,24.30055,41.55466,2947.10724,0.23034,40.30559,8.528397387761476,3.1770524225814794,0.0
22.98305,24.32828,41.5729,2942.29546,0.24256,40.32127,8.478794136156335,3.1585739062184652,0.0
23.01308,24.35598,41.59199,2937.50868,0.25319,40.33695,8.428570551999064,3.139864299657852,0.0
23.04307,24.38366,41.6118,2932.7476,0.26222,40.35264,8.377892680607355,3.120985459149393,0.0
23.07299,24.4113,41.63221,2928.01284,0.26965,40.36834,8.326923353030217,3.1019980435431895,0.0
23.10286,24.43891,41.6531,2923.30493,0.27544,40.38404,8.27582167863467,3.082961325264873,0.0
23.13268,24.46649,41.67433,2918.62431,0.27961,40.39974,8.224742596640274,3.0639330232504274,0.0
23.16244,24.49404,41.69579,2913.97134,0.28215,40.41546,8.173836485870723,3.0449691575683837,0.0
23.19214,24.52157,41.71734,2909.34629,0.28306,40.43118,8.123248831395152,3.0261239252349363,0.0
23.2218,24.54906,41.73887,2904.74937,0.28235,40.44691,8.073119946114183,3.0074495964974224,0.0
23.25139,24.57653,41.76024,2900.18069,0.28003,40.46265,8.02358474492097,2.9889964307033665,0.0
23.28094,24.60397,41.78135,2895.64028,0.27612,40.4784,7.974772568649018,2.970812610716411,0.0
23.31043,24.63138,41.80207,2891.12811,0.27063,40.49415,7.92680705469733,2.9529441947207795,0.0
23.33987,24.65876,41.82228,2886.64407,0.26359,40.50992,7.8798060509547545,2.9354350841558334,0.0
23.36926,24.68612,41.84187,2882.18797,0.25502,40.52569,7.833881569527611,2.9183270064783926,0.0
23.39859,24.71345,41.86073,2877.75958,0.24496,40.54148,7.7891397765676995,2.9016595113734027,0.0
23.42787,24.74075,41.87874,2873.35857,0.23344,40.55727,7.7456810145217485,2.885469979042438,0.0
23.4571,24.76802,41.89581,2868.98457,0.2205,40.57307,7.70359985306805,2.8697936391789405,0.0
23.48628,24.79527,41.91183,2864.63714,0.20617,40.58888,7.662985165066009,2.854663599261424,0.0
23.51541,24.82249,41.9267,2860.31579,0.19049,40.6047,7.623920223896257,2.8401108808152276,0.0
23.54449,24.84969,41.94033,2856.01996,0.17352,40.62054,7.586482818724934,2.826164462351497,0.0
23.57352,24.87686,41.95262,2851.74904,0.15529,40.63638,7.550745384314591,2.812851327725153,0.0
23.60249,24.904,41.96349,2847.50238,0.13586,40.65224,7.516775142196983,2.8001965187254805,0.0
23.63142,24.93112,41.97285,2843.27927,0.11528,40.6681,7.484634250187941,2.788223190774347,0.0
23.6603,24.95821,41.98063,2839.07896,0.0936,40.68398,7.454379957407533,2.776952670675293,0.0
23.68912,24.98527,41.98674,2834.90064,0.07089,40.69987,7.426064762185299,2.7664045154373866,0.0
23.7179,25.01232,41.99113,2830.74349,0.04718,40.71577,7.399736570407748,2.756596571263831,0.0
23.74663,25.03933,41.99371,2826.60662,0.02255,40.73168,7.375438852090248,2.7475450318791172,0.0
23.77531,25.06632,41.99444,2822.4891,-0.00294,40.74761,7.353210794144057,2.739264495438758,0.0
23.80395,25.09329,41.99326,2818.39,-0.02923,40.76354,7.3330874475208345,2.7317680193444915,0.0
23.83253,25.12023,41.99011,2814.30831,-0.05627,40.77949,7.315099867093817,2.725067172353702,0.0
23.86106,25.14715,41.98496,2810.24301,-0.08398,40.79545,7.299275242856189,2.719172083454263,0.0
23.88955,25.17405,41.97774,2806.19306,-0.1123,40.81143,7.285637021164671,2.7140914870309634,0.0
23.91799,25.20092,41.96844,2802.15736,-0.14116,40.82741,7.274205014966797,2.709832763928069,0.0
23.94638,25.22776,41.95702,2798.13482,-0.1705,40.84341,7.264995502095773,2.7064019780667454,0.0
23.97473,25.25458,41.94346,2794.12431,-0.20025,40.85942,7.258021310891273,2.703803908341055,0.0
24.00302,25.28138,41.92772,2790.12465,-0.23035,40.87544,7.253291892565398,2.702042075576181,0.0
24.03127,25.30816,41.9098,2786.13468,-0.26071,40.89148,7.250813379875232,2.701118764385501,0.0
24.05948,25.33491,41.88968,2782.1532,-0.29128,40.90753,7.250588631825292,2.7010350398234206,0.0
24.08763,25.36163,41.86737,2778.17899,-0.32198,40.92359,7.252617264232706,2.7017907587717134,0.0
24.11574,25.38834,41.84285,2774.21082,-0.35274,40.93966,7.256895666176602,2.7033845760673447,0.0
24.1438,25.41502,41.81613,2770.24743,-0.3835,40.95575,7.263417002443858,2.7058139454135812,0.0
24.17182,25.44167,41.78723,2766.28758,-0.41418,40.97185,7.272171202235012,2.7090751151726455,0.0
24.19978,25.4683,41.75615,2762.32998,-0.44472,40.98796,7.283144934548431,2.713163119195669,0.0
24.2277,25.49491,41.72291,2758.37336,-0.47505,41.00408,7.296321570748216,2.7180717628782527,0.0
24.25558,25.5215,41.68755,2754.41643,-0.50509,41.02022,7.311681135004477,2.723793604698168,0.0
24.28341,25.54806,41.65008,2750.45788,-0.53477,41.03637,7.329200243399574,2.7303199335308266,0.0
24.31119,25.5746,41.61054,2746.49644,-0.56404,41.05253,7.34885203264326,2.7376407420937934,0.0
24.33892,25.60111,41.56898,2742.53079,-0.59282,41.0687,7.370606079479985,2.7457446969238943,0.0
24.36661,25.6276,41.52543,2738.55965,-0.62105,41.08488,7.3944283120056715,2.7546191053403732,0.0
24.39425,25.65407,41.47995,2734.58171,-0.64866,41.10108,7.420280914260792,2.76424987990331,0.0
24.42184,25.68051,41.43258,2730.59569,-0.67558,41.11728,7.448122225620749,2.774621500933884,0.0
24.44938,25.70693,41.38338,2726.60031,-0.70175,41.1335,7.477906636624025,2.7857169777076223,0.0
24.47688,25.73332,41.33242,2722.59429,-0.72712,41.14972,7.509584483043674,2.797517808993243,0.0
24.50433,25.75969,41.27975,2718.57639,-0.75161,41.16596,7.543101940162794,2.8100039436674886,0.0
24.53174,25.78603,41.22546,2714.54536,-0.77517,41.18221,7.578400919302694,2.823153742169141,0.0
24.55909,25.81235,41.1696,2710.49998,-0.79774,41.19847,7.61541896885649,2.836943939631433,0.0
24.5864,25.83864,41.11227,2706.43905,-0.81927,41.21474,7.654089182140029,2.8513496115540984,0.0
24.61366,25.86491,41.05354,2702.36139,-0.8397,41.23101,7.69434011453637,2.8663441429375056,0.0
24.64088,25.89116,40.99349,2698.26587,-0.85898,41.2473,7.736095712472097,2.881899201824467,0.0
24.66804,25.91737,40.93221,2694.15135,-0.87706,41.26359,7.779275256883997,2.8979847182400897,0.0
24.69516,25.94357,40.8698,2690.01676,-0.89389,41.2799,7.82379332384897,2.9145688695253806,0.0
24.72223,25.96973,40.80635,2685.86106,-0.90943,41.29621,7.869559765143251,2.9316180730950436,0.0
24.74925,25.99587,40.74194,2681.68324,-0.92364,41.31253,7.9164797114555725,2.94909698763447,0.0
24.77622,26.02199,40.67669,2677.48233,-0.93648,41.32886,7.964453600987601,2.966968523754153,0.0
24.80314,26.04807,40.6107,2673.25744,-0.94791,41.34519,8.013377236098593,2.98519386509131,0.0
24.83002,26.07413,40.54405,2669.00769,-0.9579,41.36153,8.06314187056771,3.0037325008173936,0.0
24.85684,26.10016,40.47687,2664.73228,-0.96642,41.37788,8.113634329881952,3.0225422704485094,0.0
24.88361,26.12617,40.40926,2660.43045,-0.97345,41.39423,8.164737166783237,3.0415794217908005,0.0
24.91034,26.15215,40.34131,2656.10153,-0.97896,41.41059,8.216328854094519,3.0607986827732434,0.0
24.93701,26.17809,40.27315,2651.74488,-0.98293,41.42695,8.268284016498644,3.0801533477913763,0.0
24.96364,26.20402,40.20488,2647.35994,-0.98536,41.44332,8.320473702679413,3.0995953790870003,0.0
24.99021,26.22991,40.13661,2642.94623,-0.98623,41.45969,8.372765698791174,3.119075523523856,0.0
25.01673,26.25577,40.06844,2638.50333,-0.98554,41.47607,8.425024883831748,3.138543444973382,0.0
25.0432,26.2816,40.0005,2634.0309,-0.98329,41.49244,8.477113626974678,3.1579478723314405,0.0
25.06962,26.3074,39.93288,2629.52868,-0.97947,41.50883,8.52889222643864,3.1772367630087115,0.0
25.09599,26.33318,39.86568,2624.99648,-0.9741,41.52521,8.580219388888633,3.1963574815202564,0.0
25.12231,26.35892,39.79903,2620.43421,-0.96718,41.5416,8.630952747767772,3.2152569925777463,0.0
25.14857,26.38463,39.73302,2615.84184,-0.95875,41.55799,8.68094941839477,3.2338820678778792,0.0
25.17478,26.41031,39.66776,2611.21945,-0.94881,41.57437,8.73006658699715,3.2521795055327507,0.0
25.20094,26.43596,39.60334,2606.56718,-0.9374,41.59076,8.778162130267965,3.270096360871034,0.0
25.22705,26.46158,39.53986,2601.88528,-0.92454,41.60716,8.825095261407528,3.2875801871055215,0.0
25.2531,26.48716,39.47742,2597.17407,-0.91028,41.62355,8.870727198018677,3.304579284141687,0.0
25.2791,26.51272,39.41611,2592.43397,-0.89464,41.63994,8.914921846723292,3.3210429536153474,0.0
25.30504,26.53824,39.35601,2587.66547,-0.87769,41.65632,8.957546498792624,3.3369217580332675,0.0
25.33093,26.56372,39.29722,2582.86915,-0.85946,41.67271,8.99847253072515,3.3521677817568416,0.0
25.35677,26.58918,39.23981,2578.04569,-0.84002,41.6891,9.03757610328667,3.366734891412924,0.0
25.38255,26.6146,39.18386,2573.19584,-0.81942,41.70548,9.074738852277157,3.380578993222656,0.0
25.40828,26.63998,39.12944,2568.32042,-0.79772,41.72186,9.109848564092456,3.3936582846659697,0.0
25.43395,26.66533,39.07661,2563.42034,-0.77499,41.73824,9.142799829092942,3.4059334978786113,0.0
25.45956,26.69065,39.02544,2558.49658,-0.7513,41.75462,9.173494665777376,3.4173681321733245,0.0
25.48512,26.71593,38.97598,2553.5502,-0.72672,41.77099,9.201843108963894,3.4279286731527328,0.0
25.51063,26.74118,38.92829,2548.58231,-0.70134,41.78736,9.227763755383798,3.4375847959574,0.0
25.53608,26.76639,38.88241,2543.59409,-0.67523,41.80372,9.251184260506868,3.4463095503463204,0.0
25.56147,26.79156,38.83838,2538.58678,-0.64847,41.82009,9.27204178086544,3.454079525474278,0.0
25.58681,26.8167,38.79623,2533.56168,-0.62115,41.83644,9.290283356768384,3.460874992462874,0.0
25.61209,26.8418,38.75599,2528.52013,-0.59336,41.85279,9.305866230947803,3.4666800231048036,0.0
25.63731,26.86687,38.71768,2523.46352,-0.56518,41.86914,9.318758099425057,3.4714825833180547,0.0
25.66248,26.8919,38.68132,2518.39326,-0.5367,41.88548,9.328937291763241,3.4752746002946973,0.0
25.68759,26.91689,38.64691,2513.31082,-0.50803,41.90182,9.33639287870454,3.47805200259863,0.0
25.71264,26.94185,38.61447,2508.21768,-0.47924,41.91815,9.3411247061079,3.4798147328082547,0.0
25.73764,26.96676,38.58397,2503.11534,-0.45043,41.93447,9.343143355072877,3.480566732661559,0.0
25.76257,26.99164,38.55543,2498.00531,-0.4217,41.95079,9.342470029002683,3.4803159009841362,0.0
25.78746,27.01649,38.52881,2492.88913,-0.39314,41.9671,9.339136369303947,3.4790740250324914,0.0
25.81228,27.04129,38.5041,2487.76832,-0.36483,41.98341,9.33318420231885,3.4768566862196035,0.0
25.83705,27.06606,38.48128,2482.64441,-0.33687,41.99971,9.324665220796854,3.473683141454766,0.0
25.86176,27.09079,38.4603,2477.51892,-0.30934,42.016,9.313640604097456,3.469576181659117,0.0
25.88641,27.11548,38.44114,2472.39334,-0.28234,42.03229,9.300180581876283,3.4645619692272307,0.0
25.911,27.14013,38.42374,2467.26917,-0.25595,42.04857,9.284363946609101,3.458669856429486,0.0
25.93554,27.16475,38.40805,2462.14785,-0.23025,42.06485,9.266277520816255,3.4519321869391475,0.0
25.96002,27.18933,38.39403,2457.03082,-0.20532,42.08112,9.246015585150275,3.4443840827799574,0.0
25.98445,27.21386,38.38162,2451.91948,-0.18124,42.09738,9.22367927383768,3.436063219112295,0.0
26.00881,27.23837,38.37074,2446.81516,-0.15808,42.11364,9.199375944044775,3.427009589305345,0.0
26.03313,27.26283,38.36134,2441.7192,-0.13591,42.12989,9.173218525835926,3.4172652627794546,0.0
26.05738,27.28725,38.35334,2436.63284,-0.1148,42.14614,9.14532485929323,3.406874138065763,0.0
26.08157,27.31164,38.34667,2431.5573,-0.09482,42.16238,9.115817025223794,3.395881693477057,0.0
26.10571,27.33599,38.34125,2426.49375,-0.07601,42.17861,9.0848206756305,3.384334737690512,0.0
26.1298,27.3603,38.33699,2421.44329,-0.05844,42.19484,9.052464369801834,3.3722811624236906,0.0
26.15383,27.38457,38.33381,2416.40695,-0.04216,42.21107,9.018878921466854,3.3597696992325807,0.0
26.1778,27.4088,38.33162,2411.38572,-0.02721,42.22728,8.984196762054152,3.346849682308815,0.0
26.20171,27.433,38.33034,2406.38053,-0.01363,42.2435,8.948551324524344,3.3335708189410536,0.0
26.22557,27.45716,38.32987,2401.39222,-0.00147,42.25971,8.912076451815203,3.3199829691452383,0.0
26.24938,27.48128,38.33013,2396.42159,0.00926,42.27591,8.87490583331538,3.3061359357362203,0.0
26.27312,27.50536,38.331,2391.46935,0.01851,42.29211,8.837172472244095,3.292079265912685,0.0
26.29682,27.52941,38.33241,2386.53616,0.02627,42.30831,8.79900818629016,3.277862065232046,0.0
26.32046,27.55341,38.33425,2381.62261,0.03252,42.3245,8.760543143275324,3.2635328246328266,0.0
26.34404,27.57739,38.33643,2376.72922,0.03724,42.34069,8.72190543307057,3.249139260962216,0.0
26.36757,27.60132,38.33886,2371.85642,0.04042,42.35687,8.68322067655093,3.2347281713014477,0.0
26.39105,27.62522,38.34142,2367.00462,0.04207,42.37305,8.644611671824356,3.2203453011767453,0.0
26.41447,27.64908,38.34404,2362.17412,0.04217,42.38923,8.606198077567738,3.2060352265936607,0.0
26.43783,27.6729,38.34661,2357.36517,0.04074,42.40541,8.568096132929174,3.191841249693297,0.0
26.46115,27.69669,38.34904,2352.57796,0.03777,42.42158,8.530418413025005,3.177805307668519,0.0
26.48441,27.72045,38.35123,2347.81261,0.03329,42.43775,8.49327361883574,3.163967894494662,0.0
26.50762,27.74416,38.3531,2343.06916,0.02731,42.45392,8.456766399959557,3.1503679949005448,0.0
26.53077,27.76784,38.35455,2338.34762,0.01985,42.47008,8.4209972085002,3.137043029937865,0.0
26.55387,27.79149,38.3555,2333.64792,0.01093,42.48625,8.386062182175872,3.124028813436189,0.0
26.57692,27.8151,38.35586,2328.96994,0.00059,42.50241,8.352053054552332,3.1113595185624177,0.0
26.59992,27.83867,38.35554,2324.31349,-0.01116,42.51858,8.319057090275022,3.099067653693049,0.0
26.62287,27.86221,38.35447,2319.67833,-0.02427,42.53474,8.287157043028198,3.0871840467528497,0.0
26.64576,27.88572,38.35257,2315.06417,-0.0387,42.5509,8.256431133956292,3.0757378371762405,0.0
26.6686,27.90919,38.34976,2310.47066,-0.05443,42.56706,8.226953048271033,3.0647564746433673,0.0
26.6914,27.93262,38.34596,2305.89742,-0.07139,42.58322,8.19879194777548,3.054265723745625,0.0
26.71414,27.95602,38.34112,2301.34399,-0.08955,42.59938,8.172012497094558,3.0442896737572287,0.0
26.73683,27.97939,38.33515,2296.80988,-0.10885,42.61553,8.146674901454663,3.0348507527091035,0.0
26.75947,28.00272,38.328,2292.29456,-0.12926,42.63169,8.122834953962771,3.025969745001604,0.0
26.78206,28.02602,38.31962,2287.79745,-0.1507,42.64785,8.100544090381385,3.0176658118096182,0.0
26.8046,28.04928,38.30993,2283.31792,-0.17313,42.66401,8.07984944957705,3.0099565136012334,0.0
26.82708,28.07251,38.2989,2278.85532,-0.19648,42.68017,8.06079393786684,3.002857834108492,0.0
26.84952,28.09571,38.28647,2274.40894,-0.22071,42.69634,8.043416295685606,2.9963842051626983,0.0
26.87191,28.11887,38.2726,2269.97805,-0.24574,42.7125,8.02775116506612,2.990548531832546,0.0
26.89425,28.142,38.25725,2265.56189,-0.27151,42.72866,8.013829156604638,2.985362217370556,0.0
26.91655,28.1651,38.24039,2261.15964,-0.29796,42.74483,8.001676914713576,2.980835187521407,0.0
26.93879,28.18816,38.22197,2256.77049,-0.32503,42.76099,7.991317180095651,2.9769759137952074,0.0
26.96098,28.21119,38.20197,2252.39356,-0.35264,42.77716,7.982768848538112,2.973791435369884,0.0
26.98313,28.23419,38.18037,2248.02798,-0.38073,42.79333,7.976047025233122,2.9712873793269603,0.0
27.00522,28.25715,38.15715,2243.67283,-0.40922,42.8095,7.971163074018755,2.9694679789951186,0.0
27.02727,28.28008,38.13229,2239.32718,-0.43806,42.82567,7.968124661033121,2.9683360902125124,0.0
27.04927,28.30298,38.10579,2234.99008,-0.46717,42.84184,7.966935792438229,2.9678932053799003,0.0
27.07122,28.32585,38.07762,2230.66054,-0.49647,42.85801,7.967596845992121,2.9681394652220905,0.0
27.09312,28.34868,38.0478,2226.33758,-0.5259,42.87418,7.970104596394029,2.969073668229685,0.0
27.11497,28.37148,38.01632,2222.02019,-0.55539,42.89036,7.974452234452853,2.9706932777998394,0.0
27.13678,28.39424,37.98319,2217.70735,-0.58487,42.90654,7.980629380257397,2.97299442714252,0.0
27.15854,28.41698,37.94841,2213.39803,-0.61425,42.92271,7.988622090658599,2.9759719220678353,0.0
27.18025,28.43968,37.912,2209.09119,-0.64348,42.93889,7.998412861492206,2.979619241814038,0.0
27.20191,28.46234,37.87399,2204.78578,-0.67249,42.95507,8.009980625096736,2.983928538122904,0.0
27.22352,28.48498,37.83438,2200.48075,-0.70119,42.97125,8.023300743790868,2.988890632809884,0.0
27.24509,28.50758,37.79321,2196.17505,-0.72953,42.98743,8.038345000113285,2.994495014128192,0.0
27.26661,28.53015,37.7505,2191.86761,-0.75744,43.00361,8.05508158468167,3.0007298322459577,0.0
27.28808,28.55268,37.7063,2187.55738,-0.78484,43.0198,8.073475082716325,3.0075818942259267,0.0
27.3095,28.57519,37.66062,2183.24332,-0.81168,43.03598,8.093486460290446,3.0150366589033197,0.0
27.33087,28.59765,37.61353,2178.92437,-0.83788,43.05216,8.115073051516717,3.0230782321125043,0.0
27.3522,28.62009,37.56505,2174.5995,-0.86339,43.06834,8.138188547946537,3.0316893627379278,0.0
27.37348,28.64249,37.51524,2170.26769,-0.88813,43.08452,8.162782991542795,3.04085144009629,0.0
27.39471,28.66486,37.46415,2165.92793,-0.91206,43.10071,8.188802772637773,3.050544493175814,0.0
27.41589,28.68719,37.41183,2161.57921,-0.9351,43.11689,8.216190634386995,3.060747192295412,0.0
27.43702,28.7095,37.35834,2157.22056,-0.95722,43.13307,8.244885685217257,3.0714368537419117,0.0
27.45811,28.73176,37.30373,2152.85102,-0.97834,43.14924,8.274823420856162,3.0825894479766354,0.0
27.47915,28.75399,37.24808,2148.46966,-0.99842,43.16542,8.305935757505212,3.0941796119932516,0.0
27.50014,28.77619,37.19145,2144.07557,-1.01742,43.18159,8.338151077745005,3.1061806664186644,0.0
27.52108,28.79836,37.13389,2139.66788,-1.03527,43.19777,8.37139429071398,3.118564637931182,0.0
27.54197,28.82048,37.07549,2135.24574,-1.05195,43.21394,8.40558690810157,3.131302287569969,0.0
27.56281,28.84258,37.01631,2130.80833,-1.0674,43.2301,8.440647137393025,3.144363145471188,0.0
27.58361,28.86464,36.95643,2126.35488,-1.08159,43.24627,8.476489993751018,3.1577155525468488,0.0
27.60435,28.88666,36.89593,2121.88465,-1.09449,43.26243,8.513027431802147,3.1713267095787487,0.0
27.62505,28.90865,36.83487,2117.39694,-1.10607,43.27859,8.550168498446903,3.185162734144198,0.0
27.64569,28.9306,36.77333,2112.89111,-1.11629,43.29474,8.58781950768818,3.199188725744249,0.0
27.66629,28.95252,36.71141,2108.36655,-1.12513,43.31089,8.625884238259179,3.213368839425284,0.0
27.68684,28.9744,36.64916,2103.8227,-1.13257,43.32703,8.664264154641351,3.227666368114019,0.0
27.70734,28.99624,36.58668,2099.25905,-1.13861,43.34317,8.702858651820565,3.242043833795614,0.0
27.72779,29.01804,36.52404,2094.67517,-1.14321,43.3593,8.741565323900087,3.2564630875790717,0.0
27.74818,29.03981,36.46133,2090.07064,-1.14638,43.37543,8.780280256368698,3.2708854185748084,0.0
27.76853,29.06155,36.39862,2085.44512,-1.14812,43.39155,8.818898341574235,3.2852716714168455,0.0
27.78883,29.08324,36.336,2080.79835,-1.14842,43.40766,8.857313616641818,3.29958237214624,0.0
27.80908,29.1049,36.27354,2076.13009,-1.14728,43.42377,8.895419622701672,3.313777862032897,0.0
27.82927,29.12652,36.21132,2071.44018,-1.14472,43.43987,8.933109784055508,3.3278184388250303,0.0
27.84942,29.1481,36.14942,2066.72852,-1.14075,43.45596,8.970277805510015,3.341664504766336,0.0
27.86951,29.16964,36.08791,2061.99509,-1.13539,43.47205,9.00681808581774,3.3552767206136016,0.0
27.88956,29.19114,36.02686,2057.23991,-1.12865,43.48812,9.042626144827986,3.368616164761654,0.0
27.90955,29.2126,35.96636,2052.46307,-1.12058,43.50419,9.077599061691316,3.381644496486069,0.0
27.92949,29.23403,35.90647,2047.66473,-1.11119,43.52024,9.111635921116815,3.3943241221857368,0.0
27.94938,29.25541,35.84726,2042.84511,-1.10053,43.53629,9.144638264496905,3.406618363438735,0.0
27.96921,29.27676,35.78878,2038.0045,-1.08863,43.55233,9.176510542442182,3.4184916255834548,0.0
27.989,29.29806,35.73112,2033.14324,-1.07554,43.56836,9.207160565117807,3.4299095654807568,0.0
28.00873,29.31932,35.67431,2028.26176,-1.0613,43.58437,9.236499946614543,3.440839257053879,0.0
28.02841,29.34055,35.61843,2023.3605,-1.04598,43.60038,9.264444539496951,3.451249353169065,0.0
28.04803,29.36173,35.56352,2018.44002,-1.02961,43.61637,9.290914855656363,3.4611102424143816,0.0
28.06761,29.38287,35.50964,2013.50089,-1.01227,43.63235,9.315836469570865,3.4703941993246596,0.0
28.08713,29.40397,35.45682,2008.54377,-0.99402,43.64832,9.339140400178973,3.4790755266394973,0.0
28.10659,29.42502,35.40512,2003.56935,-0.97492,43.66428,9.360763467661485,3.487130688213879,0.0
28.12601,29.44604,35.35456,1998.57837,-0.95504,43.68022,9.38064862165221,3.494538431285315,0.0
28.14537,29.46701,35.30519,1993.57164,-0.93445,43.69616,9.398745237607748,3.5012798968793755,0.0
28.16468,29.48794,35.25704,1988.54999,-0.91323,43.71208,9.415009378340619,3.507338717237667,0.0
28.18393,29.50883,35.21012,1983.51432,-0.89146,43.72798,9.429404018109516,3.5127010992973475,0.0
28.20313,29.52967,35.16446,1978.46553,-0.86921,43.74387,9.4418992269641,3.517355893364412,0.0
28.22228,29.55047,35.12008,1973.4046,-0.84656,43.75975,9.452472313531748,3.521294646305512,0.0
28.24137,29.57123,35.077,1968.3325,-0.8236,43.77562,9.461107924803157,3.524511638720719,0.0
28.26041,29.59194,35.03521,1963.25025,-0.80041,43.79147,9.467798102021058,3.5270039057635443,0.0
28.27939,29.61261,34.99472,1958.15889,-0.77707,43.8073,9.472542292172388,3.52877124142207,0.0
28.29832,29.63324,34.95554,1953.05949,-0.75367,43.82312,9.475347315140045,3.5298161862821185,0.0
28.3172,29.65382,34.91765,1947.9531,-0.73029,43.83893,9.476227287008163,3.530143998956445,0.0
28.33602,29.67436,34.88105,1942.84083,-0.70701,43.85472,9.475203500505817,3.529762611546878,0.0
28.35479,29.69485,34.84572,1937.72376,-0.68393,43.8705,9.472304264022652,3.528682569673396,0.0
28.3735,29.7153,34.81165,1932.60299,-0.66111,43.88627,9.467564701045973,3.526916957759176,0.0
28.39216,29.73571,34.77882,1927.47962,-0.63865,43.90201,9.461026512284185,3.524481310415311,0.0
28.41076,29.75607,34.74719,1922.35474,-0.61663,43.91775,9.45273770306068,3.521393510887858,0.0
28.42931,29.77638,34.71674,1917.22943,-0.59512,43.93347,9.442752278896428,3.5176736776543525,0.0
28.44781,29.79666,34.68744,1912.10476,-0.57419,43.94917,9.431129912455848,3.513344040352371,0.0
28.46625,29.81688,34.65924,1906.9818,-0.55394,43.96486,9.41793558521688,3.50842880629221,0.0
28.48464,29.83706,34.63212,1901.86157,-0.53442,43.98053,9.403239207394604,3.502954018868441,0.0
28.50297,29.8572,34.60601,1896.7451,-0.51571,43.99619,9.387115219788424,3.496947409237492,0.0
28.52125,29.87729,34.58088,1891.63337,-0.49787,44.01183,9.369642181174964,3.4904382426106624,0.0
28.53948,29.89734,34.55668,1886.52734,-0.48097,44.02746,9.350902344974113,3.4834571605510805,0.0
28.55765,29.91734,34.53336,1881.42795,-0.46507,44.04308,9.330981228783962,3.4760360206141354,0.0
28.57577,29.9373,34.51085,1876.33609,-0.45022,44.05868,9.309967180328366,3.4682077346515343,0.0
28.59383,29.95721,34.48911,1871.25262,-0.43648,44.07426,9.287950943207031,3.460006107041775,0.0
28.61184,29.97708,34.46807,1866.17837,-0.42389,44.08983,9.265025225630797,3.451465674032695,0.0
28.6298,29.9969,34.44767,1861.1141,-0.41251,44.10539,9.241284275208466,3.4426215453383757,0.0
28.6477,30.01668,34.42785,1856.06058,-0.40237,44.12093,9.216823462475391,3.433509248992588,0.0
28.66555,30.03641,34.40854,1851.01848,-0.39351,44.13646,9.191738875745076,3.4241645804203458,0.0
28.68335,30.0561,34.38969,1845.98847,-0.38596,44.15198,9.16612692948109,3.4146234565461473,0.0
28.7011,30.07574,34.37121,1840.97114,-0.37976,44.16748,9.14008398816223,3.4049217756738464,0.0
28.71879,30.09534,34.35306,1835.96706,-0.37492,44.18296,9.11370600731036,3.395095283760079,0.0
28.73643,30.11489,34.33515,1830.97674,-0.37147,44.19844,9.087088193056044,3.3851794475935018,0.0
28.75401,30.1344,34.31742,1826.00064,-0.36942,44.2139,9.060324681335803,3.375209335287338,0.0
28.77155,30.15387,34.29981,1821.03917,-0.36878,44.22935,9.03350823753419,3.3652195043881354,0.0
28.78903,30.17329,34.28224,1816.0927,-0.36957,44.24479,9.006729977124591,3.3552438978071244,0.0
28.80646,30.19267,34.26464,1811.16154,-0.37177,44.26021,8.980079107608383,3.3453157476857576,0.0
28.82384,30.212,34.24696,1806.24596,-0.3754,44.27562,8.953642691796937,3.3354674872120302,0.0
28.84116,30.23129,34.22912,1801.34618,-0.38045,44.29102,8.92750543229736,3.3257306703357505,0.0
28.85844,30.25053,34.21105,1796.46236,-0.3869,44.30641,8.901749476844586,3.316135899249619,0.0
28.87566,30.26974,34.1927,1791.59463,-0.39475,44.32178,8.876454243944835,3.306712759436828,0.0
28.89283,30.2889,34.174,1786.74306,-0.40398,44.33714,8.851696268153129,3.297489762032869,0.0
28.90995,30.30801,34.15489,1781.90768,-0.41456,44.3525,8.82754906416425,3.2884942931958374,0.0
28.92702,30.32708,34.13531,1777.08846,-0.42647,44.36784,8.804083008800978,3.2797525701439425,0.0
28.94405,30.34611,34.11519,1772.28535,-0.43968,44.38317,8.781365239874114,3.271289603478211,0.0
28.96101,30.3651,34.09449,1767.49823,-0.45416,44.39849,8.759459570844642,3.2631291653918915,0.0
28.97793,30.38404,34.07314,1762.72695,-0.46988,44.4138,8.7384264201445,3.2552937633405867,0.0
28.9948,30.40294,34.0511,1757.97133,-0.4868,44.42909,8.71832275400386,3.2478046187439076,0.0
29.01162,30.42179,34.02832,1753.23111,-0.50487,44.44438,8.699202041604751,3.2406816502790177,0.0
29.02839,30.44061,34.00474,1748.50603,-0.52405,44.45966,8.681114221389917,3.2339434613297993,0.0
29.04511,30.45938,33.98033,1743.79578,-0.5443,44.47493,8.664105677378451,3.2276073311638016,0.0
29.06178,30.47811,33.95503,1739.1,-0.56556,44.49019,8.648219224352294,3.2216892094138214,0.0
29.07841,30.4968,33.92881,1734.4183,-0.58778,44.50543,8.63349410085085,3.216203713468217,0.0
29.09498,30.51544,33.90164,1729.75028,-0.61092,44.52067,8.619965968924378,3.211164128379033,0.0
29.1115,30.53404,33.87347,1725.09546,-0.6349,44.5359,8.607666919689036,3.206582408931407,0.0
29.12798,30.5526,33.84428,1720.45338,-0.65968,44.55112,8.596625483780135,3.202469183537678,0.0
29.1444,30.57112,33.81404,1715.8235,-0.68519,44.56633,8.58686664588455,3.1988337596510936,0.0
29.16078,30.5896,33.78272,1711.20529,-0.71138,44.58153,8.578411862603067,3.1956841304200045,0.0
29.17711,30.60803,33.7503,1706.59818,-0.73817,44.59673,8.571279082977195,3.19302698233464,0.0
29.19339,30.62643,33.71675,1702.00157,-0.76551,44.61191,8.565482771133613,3.190867703662762,0.0
29.20962,30.64478,33.68207,1697.41484,-0.79332,44.62708,8.561033930531446,3.1892103934824143,0.0
29.22581,30.66309,33.64624,1692.83735,-0.82155,44.64225,8.557940129433057,3.188057871170458,0.0
29.24195,30.68135,33.60925,1688.26843,-0.85012,44.65741,8.556205527325604,3.187411686245304,0.0
29.25804,30.69958,33.5711,1683.70741,-0.87897,44.67255,8.555830902038565,3.1872721284688974,0.0
29.27408,30.71777,33.53177,1679.15359,-0.90802,44.68769,8.556813677475175,3.187638238177412,0.0
29.29007,30.73591,33.49127,1674.60626,-0.93722,44.70282,8.559147951915199,3.1885078168247785,0.0
29.30602,30.75401,33.44959,1670.06468,-0.96648,44.71794,8.562824526951486,3.1898774377623065,0.0
29.32192,30.77207,33.40676,1665.52813,-0.99574,44.73305,8.56783093720142,3.1917424573069884,0.0
29.33777,30.79009,33.36277,1660.99585,-1.02493,44.74816,8.574151480998141,3.1940970261747825,0.0
29.35357,30.80806,33.31763,1656.46709,-1.05399,44.76325,8.581767252406115,3.1969341014072596,0.0
29.36933,30.826,33.27136,1651.94108,-1.08284,44.77833,8.59065617486524,3.2002454589049085,0.0
29.38504,30.84389,33.22398,1647.41707,-1.11142,44.79341,8.600793036963347,3.204021706753348,0.0
29.4007,30.86175,33.17551,1642.89429,-1.13966,44.80847,8.612149530784949,3.2082522995092297,0.0
29.41632,30.87956,33.12596,1638.37196,-1.1675,44.82353,8.624694293410693,3.2129255536598897,0.0
29.43188,30.89732,33.07537,1633.84933,-1.19487,44.83858,8.638392952181897,3.2180286644855682,0.0
29.44741,30.91505,33.02376,1629.32563,-1.22171,44.85361,8.653208174307046,3.2235477245391415,0.0
29.46288,30.93274,32.97116,1624.80011,-1.24796,44.86864,8.669099721555218,3.229467744020858,0.0
29.47831,30.95038,32.91761,1620.27202,-1.27356,44.88366,8.68602451066525,3.2357726732823475,0.0
29.49369,30.96798,32.86314,1615.74062,-1.29845,44.89866,8.703936680206699,3.2424454277340815,0.0
29.50902,30.98554,32.80778,1611.20519,-1.32257,44.91366,8.72278766457813,3.24946791541169,0.0
29.5243,31.00306,32.75158,1606.66502,-1.34588,44.92865,8.742526275857895,3.256821067467522,0.0
29.53954,31.02053,32.69458,1602.11941,-1.36833,44.94362,8.763098794159635,3.2644848718304553,0.0
29.55473,31.03796,32.63682,1597.56768,-1.38986,44.95858,8.78444906716377,3.2724384102839865,0.0
29.56988,31.05535,32.57835,1593.00919,-1.41043,44.97354,8.806518619405384,3.2806598991788554,0.0
29.58498,31.0727,32.51921,1588.44328,-1.43,44.98848,8.829246771880756,3.289126733989614,0.0
29.60002,31.09001,32.45945,1583.86936,-1.44852,45.00341,8.852570772448878,3.297815537892629,0.0
29.61503,31.10727,32.39911,1579.28684,-1.46597,45.01832,8.876425937424926,3.306702214513373,0.0
29.62998,31.12449,32.33825,1574.69516,-1.48231,45.03323,8.900745804680039,3.3157620049601215,0.0
29.64489,31.14166,32.27692,1570.0938,-1.4975,45.04812,8.925462298455583,3.3249695492216023,0.0
29.65975,31.15879,32.21517,1565.48225,-1.51153,45.063,8.950505905990877,3.3342989519654713,0.0
29.67456,31.17588,32.15306,1560.86006,-1.52437,45.07786,8.975805865924903,3.3437238527229045,0.0
29.68933,31.19293,32.09063,1556.2268,-1.53599,45.09272,9.001290368319735,3.3532175004025935,0.0
29.70404,31.20993,32.02793,1551.58208,-1.5464,45.10756,9.026886766016256,3.3627528320263034,0.0
29.71871,31.22689,31.96503,1546.92553,-1.55557,45.12238,9.052521796853949,3.372302555511601,0.0
29.73333,31.2438,31.90197,1542.25685,-1.5635,45.13719,9.078121816175928,3.3818392362860843,0.0
29.74791,31.26067,31.83881,1537.57576,-1.57018,45.15199,9.1036130388794,3.3913353874575636,0.0
29.76243,31.27749,31.77559,1532.88203,-1.57562,45.16677,9.128921790092472,3.4007635631977537,0.0
29.77691,31.29427,31.71238,1528.17545,-1.57982,45.18154,9.15397476342674,3.41009645494817,0.0
29.79134,31.31101,31.64921,1523.45588,-1.58279,45.19629,9.178699285641292,3.4193069900144235,0.0
29.80572,31.3277,31.58615,1518.72321,-1.58454,45.21102,9.203023586324116,3.428368432029644,0.0
29.82005,31.34434,31.52324,1513.97738,-1.5851,45.22574,9.226877071166722,3.437254482756474,0.0
29.83434,31.36094,31.46053,1509.21837,-1.58447,45.24044,9.250190597217383,3.4459393846261337,0.0
29.84857,31.3775,31.39807,1504.4462,-1.5827,45.25513,9.272896748434608,3.454398023389344,0.0
29.86276,31.39401,31.33589,1499.66094,-1.5798,45.2698,9.29493010972268,3.4626060302017776,0.0
29.87689,31.41047,31.27405,1494.8627,-1.57581,45.28445,9.316227537636905,3.4705398824688793,0.0
29.89098,31.42688,31.21258,1490.05163,-1.57077,45.29908,9.33672842579899,3.4781770027200882,0.0
29.90502,31.44325,31.15152,1485.22795,-1.56472,45.3137,9.356374963126486,3.4854958548060884,0.0
29.91902,31.45958,31.09092,1480.39188,-1.55771,45.3283,9.375112382898928,3.492476036682509,0.0
29.93296,31.47585,31.03081,1475.54371,-1.54977,45.34288,9.392889200748535,3.4990983690677155,0.0
29.94685,31.49208,30.97121,1470.68376,-1.54097,45.35744,9.409657439680725,3.5053449792688762,0.0
29.96069,31.50827,30.91217,1465.8124,-1.53136,45.37198,9.425372840307588,3.5111993794994594,0.0
29.97449,31.5244,30.85371,1460.93003,-1.521,45.38651,9.43999505456142,3.5166465390426223,0.0
29.98823,31.54049,30.79584,1456.03707,-1.50994,45.40101,9.453487821276262,3.52167294965996,0.0
30.00193,31.55653,30.73861,1451.13402,-1.49825,45.4155,9.46581912215128,3.526266683691958,0.0
30.01557,31.57252,30.68203,1446.22136,-1.48599,45.42996,9.476961316789476,3.530417444363471,0.0
30.02917,31.58847,30.6261,1441.29963,-1.47324,45.44441,9.486891255647025,3.5341166078603234,0.0
30.04272,31.60436,30.57086,1436.3694,-1.46005,45.45883,9.495590369952314,3.537357256826516,0.0
30.05621,31.62021,30.51631,1431.43126,-1.44651,45.47324,9.503044737838641,3.5401342050003968,0.0
30.06966,31.63601,30.46246,1426.48583,-1.43269,45.48763,9.50924512617563,3.54244401279796,0.0
30.08306,31.65176,30.40932,1421.53375,-1.41865,45.50199,9.514187007752216,3.5442849937139687,0.0
30.09641,31.66747,30.35688,1416.57566,-1.40447,45.51633,9.517870553772712,3.545657211526532,0.0
30.1097,31.68312,30.30515,1411.61226,-1.39023,45.53066,9.520300601767456,3.5465624683429855,0.0
30.12295,31.69872,30.25413,1406.64422,-1.37601,45.54496,9.521486599313345,3.547004283634302,0.0
30.13615,31.71428,30.20382,1401.67227,-1.36187,45.55924,9.521442524138218,3.5469878644718804,0.0
30.1493,31.72979,30.15419,1396.6971,-1.34789,45.5735,9.520186781392644,3.546520067258574,0.0
30.16239,31.74525,30.10525,1391.71944,-1.33415,45.58774,9.517742079086938,3.5456093513257083,0.0
30.17544,31.76066,30.05697,1386.74002,-1.32073,45.60196,9.514135282847107,3.544265724825852,0.0
30.18844,31.77602,30.00935,1381.75957,-1.30768,45.61616,9.50939725134459,3.5425006834260517,0.0
30.20139,31.79133,29.96237,1376.77881,-1.2951,45.63034,9.503562653824599,3.5403271423323552,0.0
30.21429,31.80659,29.91599,1371.79847,-1.28303,45.64449,9.49666977137449,3.537759362257038,0.0
30.22714,31.8218,29.87021,1366.81928,-1.27156,45.65862,9.488760283587114,3.534812869945091,0.0
30.23993,31.83696,29.82499,1361.84195,-1.26075,45.67274,9.479879042425262,3.531504373932783,0.0
30.25268,31.85207,29.78031,1356.86719,-1.25067,45.68683,9.470073835070504,3.5278516762026024,0.0
30.26538,31.86714,29.73613,1351.89569,-1.24137,45.7009,9.459395137641874,3.523873580436998,0.0
30.27803,31.88215,29.69243,1346.92813,-1.23291,45.71495,9.447895861623905,3.5195897975561437,0.0
30.29063,31.89711,29.64918,1341.96517,-1.22535,45.72898,9.435631094872354,3.515020849235757,0.0
30.30318,31.91203,29.60633,1337.00747,-1.21875,45.74299,9.42265783899952,3.51018797007622,0.0
30.31568,31.92689,29.56385,1332.05565,-1.21315,45.75698,9.409034744887412,3.50511300907428,0.0
30.32814,31.94171,29.52171,1327.11033,-1.2086,45.77094,9.394821848064073,3.499818331043764,0.0
30.34054,31.95647,29.47986,1322.17207,-1.20514,45.78489,9.3800803054897,3.494326718561482,0.0
30.35289,31.97119,29.43827,1317.24146,-1.20282,45.79882,9.36487213531026,3.4886612750186,0.0
30.3652,31.98585,29.3969,1312.31902,-1.20166,45.81272,9.349259960952292,3.4828453292892267,0.0
30.37745,32.00047,29.35569,1307.40527,-1.2017,45.82661,9.333306760841054,3.4769023424938332,0.0
30.38966,32.01504,29.31463,1302.50068,-1.20297,45.84047,9.317075624903355,3.4708558172901522,0.0
30.40182,32.02956,29.27365,1297.6057,-1.2055,45.85432,9.30062951887549,3.4647292100716784,0.0
30.41392,32.04403,29.23271,1292.72078,-1.2093,45.86814,9.284031057320814,3.4585458464107544,0.0
30.42598,32.05845,29.19178,1287.84629,-1.21439,45.88195,9.267342286096158,3.452328840021572,0.0
30.438,32.07282,29.15082,1282.98261,-1.22078,45.89574,9.250624474941594,3.446101015494411,0.0
30.44996,32.08714,29.10977,1278.13005,-1.22848,45.90951,9.233937920650522,3.4398848349713207,0.0
30.46188,32.10141,29.0686,1273.28894,-1.2375,45.92326,9.217341761232438,3.433702328916849,0.0
30.47374,32.11563,29.02726,1268.45953,-1.24784,45.93699,9.200893801328824,3.427575031080882,0.0
30.48556,32.12981,28.98571,1263.64206,-1.25948,45.9507,9.184650349040835,3.4215239177126544,0.0
30.49733,32.14393,28.94392,1258.83673,-1.27244,45.96439,9.168666064209138,3.415569351041001,0.0
30.50906,32.15801,28.90184,1254.04372,-1.28669,45.97807,9.152993818123143,3.4097310270123566,0.0
30.52073,32.17203,28.85943,1249.26316,-1.30222,45.99172,9.137684564530678,3.404027927238459,0.0
30.53236,32.18601,28.81665,1244.49517,-1.31902,46.00536,9.122787221751782,3.3984782750806404,0.0
30.54394,32.19994,28.77347,1239.73982,-1.33705,46.01898,9.108348565637929,3.3930994957743232,0.0
30.55548,32.21383,28.72985,1234.99716,-1.35631,46.03259,9.094413133058,3.3879081804750015,0.0
30.56697,32.22766,28.68576,1230.26718,-1.37674,46.04617,9.081023135554666,3.382920054092972,0.0
30.57841,32.24144,28.64117,1225.54989,-1.39834,46.05974,9.068218382770768,3.378149946767647,0.0
30.5898,32.25518,28.59603,1220.84523,-1.42105,46.07329,9.056036215227751,3.3736117688257545,0.0
30.60115,32.26887,28.55033,1216.15313,-1.44485,46.08682,9.044511446017042,3.3693184890598373,0.0
30.61245,32.28251,28.50403,1211.47347,-1.46968,46.10034,9.033676310957027,3.36528211616042,0.0
30.6237,32.29611,28.4571,1206.80613,-1.49552,46.11384,9.023560426757426,3.3615136831311365,0.0
30.63491,32.30965,28.40953,1202.15094,-1.52231,46.12733,9.014190756755108,3.3580232345244188,0.0
30.64607,32.32315,28.36129,1197.50772,-1.55,46.14079,9.005591583797663,3.354819816339912,0.0
30.65719,32.3366,28.31235,1192.87625,-1.57854,46.15425,8.99778448983448,3.351911468421622,0.0
30.66826,32.35,28.2627,1188.2563,-1.60788,46.16768,8.990788341855152,3.34930521921959,0.0
30.67929,32.36336,28.21232,1183.6476,-1.63797,46.1811,8.98461928378719,3.347007082771587,0.0
30.69027,32.37666,28.16119,1179.04988,-1.66875,46.1945,8.979290734037223,3.345022057787143,0.0
30.7012,32.38992,28.10931,1174.46283,-1.70016,46.20789,8.974813388360245,3.3433541287164137,0.0
30.71209,32.40314,28.05666,1169.88612,-1.73214,46.22126,8.97119522781447,3.3420062687135785,0.0
30.72293,32.4163,28.00322,1165.31941,-1.76464,46.23462,8.968441531554276,3.3409804444025473,0.0
30.73373,32.42942,27.949,1160.76234,-1.79758,46.24795,8.966554894299373,3.3402776223846815,0.0
30.74448,32.44249,27.89399,1156.21454,-1.83092,46.26128,8.96553524830903,3.3398977774247793,0.0
30.75519,32.45552,27.83817,1151.6756,-1.86458,46.27459,8.965379889767885,3.339839902280473,0.0
30.76586,32.46849,27.78157,1147.14513,-1.8985,46.28788,8.96608350951625,3.3401020191500894,0.0
30.77647,32.48142,27.72416,1142.62271,-1.93263,46.30116,8.967638228078885,3.3406811927217777,0.0
30.78705,32.49431,27.66597,1138.1079,-1.96689,46.31442,8.970033634986853,3.341573544821945,0.0
30.79758,32.50715,27.60698,1133.60026,-2.00122,46.32766,8.973256832458343,3.3427742706875043,0.0
30.80806,32.51993,27.54721,1129.09935,-2.03556,46.34089,8.977292483453057,3.344277656867403,0.0
30.81851,32.53268,27.48667,1124.60472,-2.06985,46.35411,8.982122864223735,3.346077100799448,0.0
30.8289,32.54537,27.42536,1120.1159,-2.10403,46.36731,8.987727921443852,3.3481651320918737,0.0
30.83925,32.55802,27.3633,1115.63244,-2.13804,46.38049,8.99408533406206,3.3505334355657492,0.0
30.84956,32.57063,27.3005,1111.15386,-2.17181,46.39366,9.001170579994898,3.353172876099771,0.0
30.85983,32.58318,27.23698,1106.67971,-2.20529,46.40681,9.00895700781852,3.3560735253373175,0.0
30.87005,32.59569,27.17275,1102.20951,-2.23843,46.41994,9.017415913598725,3.3592246903076495,0.0
30.88023,32.60815,27.10784,1097.7428,-2.27116,46.43306,9.026516623005188,3.362614944015633,0.0
30.89036,32.62057,27.04225,1093.27913,-2.30343,46.44617,9.036226578835166,3.3662321580466132,0.0
30.90045,32.63294,26.97602,1088.81804,-2.33521,46.45925,9.046511434080704,3.370063537236404,0.0
30.91049,32.64526,26.90917,1084.35909,-2.36642,46.47232,9.05733515063319,3.374095656441327,0.0
30.92049,32.65754,26.84171,1079.90183,-2.39704,46.48538,9.068660103691032,3.3783144994328222,0.0
30.93045,32.66977,26.77368,1075.44585,-2.42701,46.49842,9.080447191918473,3.3827054999345005,0.0
30.94037,32.68195,26.70509,1070.99072,-2.45629,46.51144,9.092655953366947,3.387253584805905,0.0
30.95024,32.69408,26.63599,1066.53604,-2.48485,46.52444,9.10524468711921,3.3919432193581414,0.0
30.96006,32.70617,26.56638,1062.08142,-2.51266,46.53743,9.118170580566906,3.3967584547681327,0.0
30.96985,32.71821,26.49631,1057.62649,-2.53967,46.5504,9.131389842192965,3.401682977543547,0.0
30.97959,32.73021,26.4258,1053.1709,-2.56586,46.56336,9.144857839676877,3.4067001609706455,0.0
30.98928,32.74215,26.35488,1048.71429,-2.59121,46.57629,9.158529243067848,3.411793118450054,0.0
30.99894,32.75406,26.28357,1044.25637,-2.61568,46.58921,9.172358172718035,3.416944758605787,0.0
31.00854,32.76591,26.21192,1039.79682,-2.63928,46.60211,9.18629835162178,3.422137842035614,0.0
31.01811,32.77771,26.13994,1035.33537,-2.66197,46.61499,9.200303261708454,3.4273550395342625,0.0
31.02763,32.78947,26.06767,1030.87177,-2.68375,46.62786,9.214326303613836,3.432578991612455,0.0
31.03711,32.80119,25.99514,1026.40578,-2.70462,46.6407,9.2283209593521,3.4377923690965124,0.0
31.04655,32.81285,25.92238,1021.93721,-2.72456,46.65353,9.242240957292736,3.4429779345865876,0.0
31.05594,32.82447,25.84942,1017.46587,-2.74358,46.66634,9.256040438742035,3.4481186045126595,0.0
31.06529,32.83604,25.77629,1012.9916,-2.76168,46.67913,9.26967412541704,3.453197511522986,0.0
31.07459,32.84756,25.70301,1008.51428,-2.77887,46.6919,9.283097487024028,3.4581980669114887,0.0
31.08385,32.85903,25.62961,1004.03381,-2.79516,46.70466,9.296266908111308,3.4631040227748233,0.0
31.09307,32.87046,25.55613,999.55012,-2.81057,46.71739,9.309139853351516,3.467899533584375,0.0
