0.04999,0.04999,50.02979,5279.49289,-0.44303,45.0001,8.309582358501322,3.095538066812149,0.0
0.09993,0.09993,49.97257,5274.93925,-0.38521,45.00025,8.36228732867567,3.1151720549533195,0.0
0.14983,0.14983,49.92343,5270.34405,-0.32669,45.00044,8.405622500883064,3.131315546817578,0.0
0.19969,0.19969,49.88244,5265.71241,-0.26762,45.00067,8.43936920638795,3.1438870825474092,0.0
0.24951,0.24951,49.84965,5261.04964,-0.20816,45.00095,8.46336684589628,3.1528268346801585,0.0
0.29928,0.29928,49.8251,5256.36112,-0.14848,45.00128,8.477514847889855,3.1580973376791017,0.0
0.349,0.34901,49.80879,5251.65234,-0.08872,45.00165,8.481773816449923,3.159683915527934,0.0
0.39869,0.3987,49.8007,5246.92883,-0.02906,45.00207,8.476165844933428,3.1575947985834283,0.0
0.44832,0.44834,49.80079,5242.19611,0.03036,45.00253,8.460773991783096,3.1518609283009003,0.0
0.49791,0.49794,49.809,5237.45971,0.08935,45.00303,8.435740934594826,3.1425354558388943,0.0
0.54746,0.54749,49.82526,5232.72508,0.14778,45.00358,8.401266837918103,3.1296929477587403,0.0
0.59696,0.597,49.84946,5227.9976,0.20549,45.00417,8.35760648803883,3.1134283186557674,0.0
0.64641,0.64647,49.88147,5223.28251,0.26232,45.00481,8.305065763916481,3.093855516490541,0.0
0.69582,0.69589,49.92115,5218.58493,0.31814,45.00549,8.243997526798534,3.0711059913620824,0.0
0.74519,0.74527,49.96834,5213.90978,0.3728,45.00621,8.17479702154482,3.0453269823801987,0.0
0.7945,0.7946,50.02286,5209.26179,0.42617,45.00698,8.097896890058799,3.016679660037422,0.0
0.84378,0.84389,50.08451,5204.6455,0.47813,45.0078,8.013761901356268,2.985337163020946,0.0
0.893,0.89314,50.15308,5200.06516,0.52857,45.00865,7.922883503784047,2.951482568770744,0.0
0.94219,0.94234,50.22835,5195.52482,0.57737,45.00956,7.825774302800723,2.9153068363076016,0.0
0.99133,0.99151,50.31006,5191.02823,0.62443,45.01051,7.7229625629961625,2.8770067580907224,0.0
1.04042,1.04063,50.39798,5186.57888,0.66966,45.0115,7.61498682581356,2.8367829549775734,0.0
1.0895,1.08967,50.49011,5182.18285,0.68775,44.93711,7.504206099725541,2.7955142196934566,-36.999999368848044
1.13861,1.13861,50.58451,5177.84452,0.70425,44.86382,7.392835913144427,2.7540258948660243,-36.999999368848044
1.18773,1.18745,50.68096,5173.56456,0.71915,44.79163,7.281174024786266,2.7124289034515057,-36.999999368848044
1.23687,1.23619,50.77924,5169.34344,0.73246,44.72055,7.169506251901233,2.670829719895896,-36.999999368848044
1.28604,1.28483,50.87913,5165.1815,0.74416,44.65057,7.058102863419765,2.6293290264869866,-36.999999368848044
1.33522,1.33337,50.98042,5161.07892,0.75428,44.58169,6.947218217134327,2.588021578195027,-36.999999368848044
1.38442,1.38181,51.08289,5157.03575,0.76281,44.51392,6.837090562763909,2.546996129309068,-36.999999368848044
1.43363,1.43016,51.18632,5153.0519,0.76977,44.44724,6.727941996933771,2.506335416665733,-36.999999368848044
1.48287,1.47841,51.29051,5149.12717,0.77516,44.38165,6.619978555507298,2.466116194045264,-36.999999368848044
1.53212,1.52657,51.39523,5145.26122,0.77901,44.31713,6.513390428476506,2.4264093122238855,-36.999999368848044
1.58138,1.57464,51.5003,5141.45363,0.78134,44.25368,6.408352282634632,2.3872798391778374,-36.999999368848044
1.63067,1.62262,51.6055,5137.70388,0.78217,44.19128,6.305023677548075,2.34878721504387,-36.999999368848044
1.67996,1.67052,51.71064,5134.01134,0.78151,44.12991,6.203549560806143,2.3109854366128006,-36.999999368848044
1.72928,1.71833,51.81551,5130.37531,0.7794,44.06956,6.10406082919734,2.273923266382449,-36.999999368848044
1.7786,1.76605,51.91994,5126.79501,0.77586,44.01021,6.006674943226284,2.2376444614813567,-36.999999368848044
1.82795,1.81369,52.02372,5123.26959,0.77093,43.95184,5.911496583259504,2.2021880181003612,-36.999999368848044
1.8773,1.86125,52.12667,5119.79815,0.76462,43.89443,5.818618336543313,2.167588427424833,-36.999999368848044
1.92667,1.90872,52.22863,5116.37972,0.75698,43.83795,5.728121405274085,2.133875939409478,-36.999999368848044
1.97605,1.95612,52.3294,5113.01328,0.74804,43.78239,5.640076326932695,2.101076831121876,-36.999999368848044
2.02544,2.00344,52.42883,5109.69776,0.73782,43.72772,5.5545436990492405,2.069213676736405,-36.999999368848044
2.07485,2.05069,52.52674,5106.43208,0.72636,43.67392,5.471574901527223,2.0383056166190063,-36.999999368848044
2.12427,2.09786,52.62298,5103.21508,0.7137,43.62096,5.391212810582237,2.00836862328813,-36.999999368848044
2.17369,2.14495,52.71739,5100.04561,0.69988,43.56882,5.313492499220255,1.9794157623613264,-36.999999368848044
2.22314,2.19198,52.80982,5096.92246,0.68492,43.51747,5.23844191999347,1.9514574468997643,-36.999999368848044
2.27259,2.23893,52.90012,5093.84443,0.66887,43.46689,5.166082566543914,1.9245016838506315,-36.999999368848044
2.32205,2.28581,52.98816,5090.81028,0.65176,43.41704,5.096430111117354,1.8985543115378383,-36.999999368848044
2.37152,2.33262,53.0738,5087.81875,0.63363,43.36792,5.029495015880991,1.8736192273939425,-36.999999368848044
2.42101,2.37936,53.15691,5084.86857,0.61451,43.31948,4.965283116427329,1.8496986053306972,-36.999999368848044
2.4705,2.42604,53.23737,5081.95847,0.59444,43.2717,4.903796176346287,1.8267931023317483,-36.999999368848044
2.52001,2.47265,53.31505,5079.08717,0.57347,43.22456,4.845032412203228,1.8049020540207694,-36.999999368848044
2.56952,2.51919,53.38984,5076.25335,0.55161,43.17802,4.7889869886162915,1.784023659090791,-36.999999368848044
2.61904,2.56567,53.46162,5073.45573,0.52893,43.13207,4.735652483464854,1.7641551526065926,-36.999999368848044
2.66858,2.61209,53.53031,5070.693,0.50544,43.08668,4.685019323538109,1.7452929682952627,-36.999999368848044
2.71812,2.65845,53.59578,5067.96385,0.48119,43.04181,4.6370761911492515,1.7274328900206803,-36.999999368848044
2.76767,2.70474,53.65796,5065.26697,0.45621,42.99744,4.591810402420047,1.7105701927044703,-36.999999368848044
2.81723,2.75097,53.71675,5062.60104,0.43054,42.95355,4.549208258108114,1.6946997730183961,-36.999999368848044
2.8668,2.79714,53.77206,5059.96474,0.40422,42.91011,4.50925536792234,1.6798162702003874,-36.999999368848044
2.91638,2.84325,53.82382,5057.35677,0.37728,42.8671,4.471936949382067,1.6659141773874484,-36.999999368848044
2.96597,2.8893,53.87194,5054.77581,0.34976,42.82448,4.437238102304623,1.6529879438694872,-36.999999368848044
3.01556,2.9353,53.91636,5052.22054,0.32169,42.78223,4.405144060039476,1.6410320686806452,-36.999999368848044
3.06517,2.98124,53.95702,5049.68964,0.29311,42.74032,4.37564041856359,1.6300411859433508,-36.999999368848044
3.11478,3.02711,53.99384,5047.18179,0.26406,42.69874,4.348713344551083,1.6200101423797344,-36.999999368848044
3.1644,3.07294,54.02678,5044.69567,0.23456,42.65744,4.324349763489033,1.6109340673897226,-36.999999368848044
3.21403,3.1187,54.05578,5042.22996,0.20466,42.61642,4.302537528870144,1.602808436079753,-36.999999368848044
3.26367,3.16441,54.0808,5039.78333,0.17439,42.57563,4.283265573431767,1.595629125603292,-36.999999368848044
3.31331,3.21007,54.10179,5037.35446,0.14379,42.53507,4.266524043364685,1.5893924651571367,-36.999999368848044
3.36297,3.25567,54.11871,5034.94202,0.11288,42.49469,4.252304416317662,1.584095279941216,-36.999999368848044
3.41263,3.30122,54.13154,5032.54466,0.08171,42.45447,4.240599603959102,1.579734929365504,-36.999999368848044
3.4623,3.34671,54.14023,5030.16106,0.05031,42.4144,4.2314040397652715,1.5763093397534471,-36.999999368848044
3.51198,3.39215,54.14478,5027.78985,0.01871,42.37444,4.224713752620445,1.5738170317599498,-36.999999368848044
3.56167,3.43753,54.14515,5025.4297,-0.01306,42.33456,4.220526426714964,1.572257142684983,-36.999999368848044
3.61136,3.48287,54.14134,5023.07923,-0.04495,42.29475,4.218841448128555,1.5716294438270908,-36.999999368848044
3.66107,3.52814,54.13333,5020.73708,-0.07694,42.25497,4.21965993840022,1.571934352989061,-36.999999368848044
3.71078,3.57337,54.12111,5018.40186,-0.10899,42.21521,4.222984775269602,1.5731729422046288,-36.999999368848044
3.7605,3.61854,54.10469,5016.07219,-0.14106,42.17542,4.228820600683814,1.5753469407212304,-36.999999368848044
3.81023,3.66366,54.08406,5013.74667,-0.17313,42.1356,4.237173816053782,1.578458733232868,-36.999999368848044
3.85996,3.70873,54.05924,5011.42387,-0.20515,42.09571,4.248052564653357,1.5825113533233122,-36.999999368848044
3.90971,3.75374,54.03024,5009.10237,-0.2371,42.05572,4.261466700937689,1.5875084720363932,-36.999999368848044
3.95946,3.7987,53.99707,5006.78073,-0.26893,42.01561,4.277427746464171,1.5934543814553905,-36.999999368848044
4.00923,3.84361,53.95975,5004.45749,-0.30061,41.97536,4.295948831997528,1.6003539731356553,-36.999999368848044
4.059,3.88846,53.9183,5002.13116,-0.33212,41.93493,4.317044625277334,1.60821271119611,-36.999999368848044
4.10878,3.93326,53.87277,4999.80026,-0.3634,41.8943,4.340731243844388,1.6170365998447809,-36.999999368848044
4.15856,3.97801,53.82318,4997.46328,-0.39443,41.85344,4.367026152195425,1.62683214506622,-36.999999368848044
4.20836,4.0227,53.76958,4995.11867,-0.42518,41.81233,4.395948042500328,1.6376063101855294,-36.999999368848044
4.25817,4.06734,53.712,4992.76491,-0.45559,41.77093,4.427516697975211,1.649366464971239,-36.999999368848044
4.30798,4.11193,53.65049,4990.4004,-0.48565,41.72922,4.461752837969404,1.6621203279261332,-36.999999368848044
4.3578,4.15646,53.58512,4988.02357,-0.5153,41.68716,4.498677943726179,1.675875901378537,-36.999999368848044
4.40764,4.20094,53.51593,4985.63279,-0.54453,41.64474,4.538314063746375,1.690641398975143,-36.999999368848044
4.45748,4.24536,53.443,4983.22643,-0.57328,41.60192,4.580683597608666,1.706425165148376,-36.999999368848044
4.50733,4.28972,53.36638,4980.80283,-0.60152,41.55867,4.625809057084965,1.7232355861255941,-36.999999368848044
4.55719,4.33403,53.28615,4978.36032,-0.62921,41.51497,4.673712803359298,1.7410809920362056,-36.999999368848044
4.60706,4.37829,53.2024,4975.89719,-0.65631,41.47078,4.724416759166637,1.7599695496758083,-36.999999368848044
4.65694,4.42248,53.11519,4973.41173,-0.68279,41.42607,4.777942094701024,1.7799091454987048,-36.999999368848044
4.70683,4.46662,53.02462,4970.90217,-0.70861,41.38081,4.8343088861542745,1.8009072584145827,-36.999999368848044
4.75673,4.5107,52.93079,4968.36677,-0.73373,41.33498,4.893535745877269,1.8229708220138658,-36.999999368848044
4.80665,4.55472,52.83379,4965.80373,-0.7581,41.28853,4.955639423221305,1.8461060758706136,-36.999999368848044
4.85657,4.59868,52.73372,4963.21125,-0.7817,41.24145,5.02063437527494,1.8703184056307032,-36.999999368848044
4.9065,4.64257,52.63069,4960.58751,-0.80447,41.19369,5.088532306926412,1.8956121716729775,-36.999999368848044
4.95644,4.68641,52.52481,4957.93067,-0.82639,41.14522,5.159341679861752,1.9219905261981227,-36.999999368848044
5.00639,4.73018,52.41621,4955.23889,-0.8474,41.09602,5.23306719043518,1.9494552187216554,-36.999999368848044
5.05636,4.7739,52.305,4952.5103,-0.86747,41.04606,5.309709216670087,1.9780063900672342,-36.999999368848044
5.10633,4.81754,52.19132,4949.74303,-0.88656,40.99529,5.389263235012738,2.0076423550920715,-36.999999368848044
5.15632,4.86112,52.07529,4946.9352,-0.90463,40.94369,5.471719207956231,2.0383593745607427,-36.999999368848044
5.20632,4.90464,51.95705,4944.08494,-0.92165,40.89122,5.557060944132135,2.0701514167624877,-36.999999368848044
5.25633,4.94808,51.83676,4941.19035,-0.93756,40.83786,5.645265433047677,2.103009909683306,-36.999999368848044
5.30635,4.99146,51.71455,4938.24958,-0.95233,40.78357,5.736302157311232,2.1369234847918555,-36.999999368848044
5.35638,5.03477,51.59058,4935.26075,-0.96593,40.72832,5.830132385871391,2.1718777137524126,-36.999999368848044
5.40643,5.07801,51.46501,4932.22202,-0.97831,40.67208,5.926708452572831,2.207854839667946,-36.999999368848044
5.45649,5.12117,51.338,4929.13155,-0.98943,40.61482,6.025973025168002,2.244833504767742,-36.999999368848044
5.50656,5.16426,51.20972,4925.98754,-0.99927,40.5565,6.127858370786102,2.282788476775267,-36.999999368848044
5.55664,5.20728,51.08033,4922.78821,-1.00778,40.49711,6.232285624798463,2.3216903765412886,-36.999999368848044
5.60674,5.25022,50.95003,4919.53183,-1.01493,40.4366,6.339164070947427,2.3615054098729416,-36.999999368848044
5.65684,5.29308,50.81898,4916.21671,-1.02069,40.37495,6.448390441606965,2.4021951068623966,-36.999999368848044
5.70697,5.33586,50.68737,4912.84121,-1.02502,40.31213,6.559848247973409,2.4437160723652798,-36.999999368848044
5.7571,5.37856,50.55538,4909.40377,-1.02789,40.24813,6.6734071509286395,2.486019751630665,-36.999999368848044
5.80725,5.42118,50.42322,4905.90286,-1.02928,40.1829,6.788922384230752,2.529052215424413,-36.999999368848044
5.85741,5.46372,50.29107,4902.33707,-1.02916,40.11644,6.906234242466729,2.572753969278073,-36.999999368848044
5.90759,5.50617,50.15913,4898.70504,-1.0275,40.04872,7.02516764691153,2.617059791759968,-36.999999368848044
5.95778,5.54853,50.0276,4895.00555,-1.02429,39.97972,7.14553180300247,2.661898606875392,-36.999999368848044
6.00798,5.5908,49.89668,4891.23744,-1.0195,39.90941,7.267119963504595,2.707193395839475,-36.999999368848044
6.0582,5.63299,49.76658,4887.3997,-1.01312,39.8378,7.389709311586898,2.7528611535200063,-36.999999368848044
6.10843,5.67508,49.63751,4883.49142,-1.00514,39.76486,7.5130609779690465,2.7988128948250317,-36.999999368848044
6.15868,5.71707,49.50965,4879.51185,-0.99554,39.69058,7.6369202058695365,2.8449537161503864,-36.999999368848044
6.20894,5.75898,49.38324,4875.46036,-0.98432,39.61495,7.761016676790834,2.8911829167432312,-36.999999368848044
6.25921,5.80078,49.25846,4871.33649,-0.97148,39.53798,7.88506500911567,2.937394184442292,-36.999999368848044
6.3095,5.84248,49.13553,4867.13995,-0.95702,39.45965,8.008765440036601,2.983475849714561,-36.999999368848044
6.35981,5.88409,49.01465,4862.87059,-0.94095,39.37997,8.131804699511294,3.0293112112266383,-36.999999368848044
6.41013,5.92559,48.89602,4858.52848,-0.92327,39.29894,8.253857082684078,3.0747789353499764,-36.999999368848044
6.46046,5.96699,48.77985,4854.11386,-0.90401,39.21658,8.374585724618733,3.1197535310323827,-36.999999368848044
6.51081,6.00828,48.66633,4849.62715,-0.88318,39.13289,8.493644078187357,3.1641059003505116,-36.999999368848044
6.56117,6.04946,48.55566,4845.069,-0.86081,39.04788,8.610677592576916,3.207703963797713,-36.999999368848044
6.61155,6.09053,48.44803,4840.44026,-0.83692,38.96159,8.725325586313197,3.2504133580347423,-36.999999368848044
6.66194,6.13149,48.34362,4835.74198,-0.81156,38.87402,8.837223304829642,3.292098202388287,-36.999999368848044
6.71234,6.17234,48.24261,4830.97542,-0.78476,38.78521,8.946004148561626,3.3326219288747088,-36.999999368848044
6.76276,6.21307,48.14518,4826.14208,-0.75657,38.69518,9.051302053548302,3.3718481690368685,-36.999999368848044
6.8132,6.25369,48.05149,4821.24365,-0.72704,38.60398,9.152754002499812,3.409641689382737,-36.999999368848044
6.86365,6.29419,47.9617,4816.28205,-0.69622,38.51164,9.250002640404311,3.4458693657678228,-36.999999368848044
6.91411,6.33457,47.87597,4811.25941,-0.66418,38.41821,9.34269896520855,3.4804011857444963,-36.999999368848044
6.96458,6.37483,47.79443,4806.17807,-0.63098,38.32372,9.430505060966476,3.5131112667317477,-36.999999368848044
7.01507,6.41497,47.71723,4801.04057,-0.5967,38.22824,9.513096838113253,3.5438788768393654,-36.999999368848044
7.06557,6.45498,47.64448,4795.84963,-0.5614,38.13181,9.590166743598957,3.572589444464047,-36.999999368848044
7.11609,6.49487,47.57629,4790.60818,-0.52518,38.0345,9.661426402231932,3.5991355422592908,-36.999999368848044
7.16662,6.53464,47.51278,4785.31931,-0.4881,37.93636,9.726609150177412,3.6234178309303005,-36.999999368848044
7.21716,6.57427,47.45402,4779.98629,-0.45027,37.83745,9.785472421808555,3.6453459483987896,-36.999999368848044
7.26771,6.61378,47.40011,4774.61253,-0.41177,37.73785,9.83779995250181,3.664839330402223,-36.999999368848044
7.31827,6.65317,47.3511,4769.20158,-0.37269,37.63762,9.88340376200335,3.6818279493499895,-36.999999368848044
7.36885,6.69242,47.30706,4763.7571,-0.33314,37.53684,9.922125886109802,3.696252959420046,-36.999999368848044
7.41943,6.73154,47.26802,4758.28286,-0.29321,37.43557,9.953839828194143,3.7080672372905004,-36.999999368848044
7.47003,6.77053,47.23402,4752.78274,-0.253,37.33389,9.978451706695111,3.7172358096096083,-36.999999368848044
7.52064,6.80939,47.20507,4747.26065,-0.21262,37.23188,9.995901079864401,3.723736160235808,-36.999999368848044
7.57126,6.84812,47.18117,4741.72058,-0.17217,37.12961,10.006161434733809,3.727558412390847,-36.999999368848044
7.62188,6.88672,47.16232,4736.16654,-0.13175,37.02716,10.009240333219253,3.7287053830873695,-36.999999368848044
7.67252,6.92519,47.14849,4730.60256,-0.09147,36.92461,10.00517921447952,3.727192509502354,-36.999999368848044
7.72316,6.96352,47.13965,4725.03265,-0.05142,36.82204,9.994052858738524,3.7230476492367948,-36.999999368848044
7.77382,7.00172,47.13575,4719.4608,-0.01173,36.71951,9.975968523773044,3.7163107586346626,-36.999999368848044
7.82448,7.03979,47.13673,4713.89097,0.02753,36.61711,9.951064770865873,3.707033455419567,-36.999999368848044
7.87515,7.07773,47.14252,4708.32704,0.06624,36.51491,9.919510002222818,3.6952784738440974,-36.999999368848044
7.92582,7.11554,47.15303,4702.77284,0.10432,36.41299,9.881500736300323,3.681119022203992,-36.999999368848044
7.9765,7.15321,47.16817,4697.23206,0.14167,36.31141,9.837259651384079,3.66463805401969,-36.999999368848044
8.02719,7.19076,47.18783,4691.70834,0.17819,36.21024,9.787033430743058,3.6459274652995095,-36.999999368848044
8.07788,7.22818,47.2119,4686.20516,0.2138,36.10955,9.73109044487373,3.6250872311146387,-36.999999368848044
8.12858,7.26546,47.24025,4680.72587,0.24843,36.0094,9.669718307684402,3.6022244952134983,-36.999999368848044
8.17928,7.30262,47.27274,4675.27368,0.28198,35.90985,9.603221343932411,3.577452626575465,-36.999999368848044
8.22999,7.33965,47.30923,4669.85165,0.31439,35.81096,9.531918004911498,3.550890256686414,-36.999999368848044
8.2807,7.37656,47.34956,4664.46268,0.34559,35.71278,9.45613826824717,3.5226603108940804,-36.999999368848044
8.33142,7.41334,47.39358,4659.10948,0.37551,35.61536,9.376221055923967,3.492889046555279,-36.999999368848044
8.38213,7.44999,47.44111,4653.79461,0.40409,35.51875,9.292511702278471,3.46170510979668,-36.999999368848044
8.43285,7.48652,47.49198,4648.52043,0.43127,35.423,9.20535950083914,3.4292386216481003,-36.999999368848044
8.48357,7.52293,47.54602,4643.28913,0.45702,35.32813,9.115115355687633,3.3956203031128003,-36.999999368848044
8.5343,7.55922,47.60303,4638.10271,0.48127,35.23419,9.022129559505592,3.3609806474314454,-36.999999368848044
8.58499,7.59543,47.66486,4632.95921,0.53749,35.24136,8.924183254243184,3.324493071598805,0.0
8.63562,7.63162,47.73333,4627.85845,0.59175,35.24855,8.819212538132078,3.285388717901652,0.0
8.68619,7.66777,47.80816,4622.80469,0.64392,35.25578,8.707827922277179,3.2438950177900763,0.0
8.7367,7.7039,47.88909,4617.80189,0.69388,35.26303,8.590650237497087,3.20024324707905,0.0
8.78715,7.74,47.97583,4612.85368,0.74153,35.27031,8.468306544762072,3.154667002478965,0.0
8.83754,7.77607,48.06809,4607.96337,0.78677,35.27762,8.341424206947755,3.107399993167901,0.0
8.88788,7.81211,48.16555,4603.13395,0.82952,35.28496,8.210625372698237,3.0586739858855014,0.0
8.93815,7.84812,48.26791,4598.36808,0.86972,35.29233,8.076521932644717,3.008716925991699,0.0
8.98836,7.88411,48.37483,4593.66808,0.90729,35.29974,7.939710992369368,2.9577512510266475,0.0
9.03852,7.92008,48.48601,4589.03599,0.94219,35.30717,7.800770891191124,2.905992407603673,0.0
9.08863,7.95601,48.6011,4584.47351,0.97439,35.31464,7.660257781385218,2.8536475770785454,0.0
9.13867,7.99193,48.71978,4579.98207,1.00385,35.32214,7.518702769343771,2.800914610556582,0.0
9.18866,8.02782,48.84171,4575.5628,1.03055,35.32967,7.376609608485783,2.7479811694409086,0.0
9.2386,8.06368,48.96655,4571.21657,1.05449,35.33724,7.234452923794985,2.695024064026102,0.0
9.28849,8.09952,49.09398,4566.94398,1.07567,35.34484,7.092676939638801,2.6422087795772717,0.0
9.33832,8.13534,49.22365,4562.74542,1.0941,35.35247,6.951694676067284,2.5896891769302757,0.0
9.3881,8.17114,49.35524,4558.62101,1.10978,35.36014,6.811887574064347,2.537607352887938,0.0
9.43783,8.20692,49.48841,4554.57071,1.12275,35.36784,6.673605507024567,2.4860936444954613,0.0
9.48752,8.24267,49.62286,4550.59425,1.13302,35.37558,6.5371671340300255,2.435266760645345,0.0
9.53715,8.27841,49.75825,4546.69119,1.14065,35.38336,6.402860550018784,2.3852340242822527,0.0
9.58673,8.31413,49.89429,4542.86094,1.14565,35.39118,6.270944188564789,2.336091708712275,0.0
9.63627,8.34982,50.03064,4539.10274,1.1481,35.39903,6.1416479345236965,2.2879254520927788,0.0
9.68576,8.38551,50.16703,4535.41574,1.14802,35.40692,6.015174405986164,2.2408107349937354,0.0
9.7352,8.42117,50.30315,4531.79892,1.14547,35.41484,5.891700367752582,2.1948134069542546,0.0
9.7846,8.45682,50.43872,4528.25118,1.14052,35.42281,5.771378241667055,2.1499902491217235,0.0
9.83396,8.49245,50.57346,4524.77133,1.13321,35.43082,5.654337682524801,2.106389561318785,0.0
9.88327,8.52806,50.70709,4521.35809,1.12362,35.43886,5.540687191678515,2.064051763154159,0.0
9.93254,8.56366,50.83936,4518.01011,1.1118,35.44695,5.430515744006926,2.0230100001112428,0.0
9.98177,8.59925,50.97,4514.72598,1.09782,35.45508,5.3238944072492576,1.9832907467928025,0.0
10.03095,8.63482,51.09878,4511.50423,1.08175,35.46324,5.2208779359640785,1.944914400712583,0.0
10.0801,8.67038,51.22544,4508.34337,1.06366,35.47145,5.121506325435944,1.9078958611664207,0.0
10.12921,8.70593,51.34977,4505.24185,1.0436,35.4797,5.025806313642129,1.8722450887543698,0.0
10.17827,8.74146,51.47153,4502.19809,1.02167,35.488,4.9337928219883125,1.8379676420926505,0.0
10.2273,8.77699,51.59053,4499.21051,0.99791,35.49633,4.84547032779246,1.8050651891000107,0.0
10.27629,8.8125,51.70654,4496.27749,0.97241,35.50471,4.760834163572281,1.773535991016489,0.0
10.32525,8.848,51.81938,4493.39741,0.94523,35.51313,4.67987173994032,1.7433753579640108,0.0
10.37416,8.88349,51.92886,4490.56864,0.91645,35.5216,4.602563690458473,1.7145760754348198,0.0
10.42304,8.91897,52.0348,4487.78953,0.88612,35.53011,4.528884938092371,1.6871288015737989,0.0
10.47189,8.95445,52.13702,4485.05846,0.85433,35.53866,4.458805683991724,1.6610224355251593,0.0
10.5207,8.98991,52.23536,4482.37376,0.82114,35.54726,4.392292320198213,1.6362444574401487,0.0
10.56947,9.02537,52.32968,4479.73382,0.78661,35.5559,4.32930826857166,1.6127812409991216,0.0
10.61821,9.06082,52.41982,4477.137,0.75082,35.56459,4.269814748796254,1.5906183395140672,0.0
10.66692,9.09626,52.50564,4474.58166,0.71382,35.57332,4.213771478687865,1.569740746811509,0.0
10.7156,9.13169,52.58701,4472.06619,0.6757,35.58209,4.161137310340745,1.5501331342138893,0.0
10.76424,9.16712,52.66381,4469.58897,0.6365,35.59092,4.111870805792822,1.531780064990038,0.0
10.81285,9.20254,52.73593,4467.14839,0.59631,35.59979,4.065930755990299,1.5146661876831398,0.0
10.86143,9.23795,52.80325,4464.74285,0.55517,35.6087,4.0232766468235805,1.4987764097213805,0.0
10.90997,9.27336,52.86568,4462.37075,0.51315,35.61766,3.983869075964027,1.4840960527006042,0.0
10.95849,9.30877,52.92312,4460.03051,0.47033,35.62667,3.9476701241219923,1.4706109906877005,0.0
11.00697,9.34417,52.97548,4457.72053,0.42674,35.63572,3.914643684185531,1.4583077728334357,0.0
11.05542,9.37956,53.0227,4455.43925,0.38247,35.64482,3.88475575152951,1.4471737315202307,0.0
11.10385,9.41495,53.06468,4453.18507,0.33756,35.65397,3.8579746785756512,1.43719707719248,0.0
11.15224,9.45034,53.10138,4450.95642,0.29208,35.66316,3.8342713964498945,1.428366980929748,0.0
11.2006,9.48572,53.13274,4448.75173,0.24609,35.6724,3.813619606352426,1.4206736457371407,0.0
11.24894,9.5211,53.15869,4446.56942,0.19965,35.68169,3.795995942994473,1.4141083674298123,0.0
11.29724,9.55648,53.17921,4444.40792,0.15281,35.69103,3.781380112200032,1.4086635858932304,0.0
11.34552,9.59185,53.19424,4442.26563,0.10564,35.70041,3.769755004518035,1.4043329274066942,0.0
11.39376,9.62722,53.20377,4440.14097,0.05818,35.70984,3.761106786398648,1.4011112386089088,0.0
11.44198,9.66258,53.20776,4438.03234,0.01051,35.71932,3.755424970248724,1.3989946125954822,0.0
11.49017,9.69795,53.20621,4435.93813,-0.03733,35.72884,3.7527024644032876,1.397980407534617,0.0
11.53833,9.73331,53.19909,4433.85673,-0.08527,35.73841,3.7529356037680874,1.3980672580822708,0.0
11.58647,9.76867,53.18641,4431.7865,-0.13326,35.74803,3.7561241616580037,1.3992550797922718,0.0
11.63457,9.80403,53.16817,4429.7258,-0.18124,35.7577,3.7622713430492074,1.401545066602572,0.0
11.68265,9.83938,53.14438,4427.67297,-0.22915,35.76741,3.771383759239412,1.404939681395523,0.0
11.73069,9.87474,53.11505,4425.62631,-0.27694,35.77717,3.783471383620725,1.4094426395221007,0.0
11.77871,9.91009,53.08021,4423.58412,-0.32455,35.78698,3.798547488025404,1.4150588850890247,0.0
11.82671,9.94544,53.03989,4421.54468,-0.37191,35.79683,3.81662855883714,1.421794559708001,0.0
11.87467,9.98079,52.99412,4419.50623,-0.41898,35.80673,3.8377341918141763,1.4296569633145724,0.0
11.92261,10.01613,52.94295,4417.467,-0.46568,35.81668,3.861886964306918,1.4386545065658098,0.0
11.97051,10.05148,52.88643,4415.42518,-0.51197,35.82668,3.88911228331307,1.4487966542368567,0.0
12.01839,10.08682,52.82461,4413.37892,-0.55778,35.83672,3.9194382075626364,1.4600938589429096,0.0
12.06625,10.12216,52.75756,4411.32636,-0.60304,35.84681,3.952895241587593,1.4725574844247515,0.0
12.11407,10.15751,52.68535,4409.2656,-0.64771,35.85695,3.9895160995151624,1.486199717555534,0.0
12.16186,10.19285,52.60806,4407.1947,-0.69171,35.86713,4.029335436095088,1.501033468141357,0.0
12.20963,10.22818,52.52576,4405.11169,-0.73499,35.87736,4.072389542278312,1.51707225551632,0.0
12.25737,10.26352,52.43857,4403.01456,-0.77747,35.88763,4.118716002495835,1.5343300808698752,0.0
12.30508,10.29886,52.34657,4400.90126,-0.8191,35.89795,4.1683533106314465,1.55282128418657,0.0
12.35276,10.33419,52.24986,4398.76971,-0.85982,35.90832,4.221340441559335,1.572560384632531,0.0
12.40041,10.36952,52.14858,4396.61779,-0.89954,35.91873,4.277716375066111,1.593561903203889,0.0
12.44803,10.40485,52.04283,4394.44333,-0.93822,35.92919,4.337519568932827,1.615840166435972,0.0
12.49562,10.44018,51.93276,4392.24413,-0.97578,35.93969,4.400787377998285,1.6394090899890985,0.0
12.54318,10.4755,51.81849,4390.01797,-1.01215,35.95024,4.467555416142506,1.6642819409706346,0.0
12.59071,10.51083,51.70017,4387.76256,-1.04726,35.96083,4.537856858312478,1.690471077921217,0.0
12.63821,10.54615,51.57795,4385.47559,-1.08105,35.97146,4.611721680018537,1.7179876675071508,0.0
12.68568,10.58147,51.452,4383.15474,-1.11345,35.98214,4.689175832108599,1.7468413771020923,0.0
12.73312,10.61678,51.32249,4380.79761,-1.14437,35.99286,4.770240349198704,1.7770400426539708,0.0
12.78053,10.65209,51.18959,4378.40182,-1.17376,36.00363,4.854930390780097,1.808589311472143,0.0
12.8279,10.6874,51.05348,4375.96493,-1.20154,36.01444,4.94325421486505,1.841492259883464,0.0
12.87524,10.72271,50.91437,4373.4845,-1.22764,36.02529,5.035212085048275,1.8757489860838987,0.0
12.92255,10.75801,50.77245,4370.95807,-1.25199,36.03618,5.130795113030669,1.9113561789481666,0.0
12.96983,10.79331,50.62793,4368.38316,-1.27452,36.04711,5.229984040065771,1.9483066640864821,0.0
13.01707,10.8286,50.48103,4365.7573,-1.29515,36.05809,5.332747962355173,1.9865889290208103,0.0
13.06428,10.86389,50.33197,4363.07802,-1.31381,36.0691,5.439043007235249,2.026186630029592,0.0
13.11145,10.89917,50.18099,4360.34284,-1.33045,36.08016,5.548810968992916,2.0670780839532186,0.0
13.15858,10.93445,50.02833,4357.54934,-1.34498,36.09125,5.6619779153750285,2.1092357490821194,0.0
13.20568,10.96972,49.87423,4354.69509,-1.35734,36.10239,5.778452778211593,2.152625700126823,0.0
13.25275,11.00498,49.71896,4351.77772,-1.36746,36.11356,5.89812594414134,2.197207103226157,0.0
13.29977,11.04024,49.56276,4348.7949,-1.37529,36.12477,6.020867864083937,2.2429316979390546,0.0
13.34676,11.07549,49.40592,4345.74437,-1.38076,36.13602,6.146527702817166,2.289743294176527,0.0
13.39371,11.11073,49.2487,4342.62395,-1.38382,36.14731,6.274932052776481,2.3375772930581524,0.0
13.44061,11.14597,49.09139,4339.43153,-1.3844,36.15863,6.405883738832241,2.3863602416601504,0.0
13.48748,11.18119,48.93428,4336.16513,-1.38247,36.16999,6.539160743317147,2.436009432559816,0.0
13.53431,11.21641,48.77764,4332.82286,-1.37798,36.18138,6.674515282801473,2.48643255991,0.0
13.58109,11.25161,48.62179,4329.403,-1.37088,36.19281,6.811673069947458,2.5375274444604545,0.0
13.62783,11.28681,48.46701,4325.90394,-1.36114,36.20427,6.950332795135476,2.5891818404499336,0.0
13.67453,11.32199,48.31362,4322.32427,-1.34874,36.21576,7.090165863209728,2.641273337537045,0.0
13.72118,11.35716,48.1619,4318.66275,-1.33365,36.22729,7.230816420606715,2.693669370906313,0.0
13.76779,11.39232,48.01217,4314.91835,-1.31585,36.23885,7.371901707109346,2.7462273523058456,0.0
13.81435,11.42747,47.86474,4311.09025,-1.29534,36.25044,7.513012764426978,2.798794934012037,0.0
13.86087,11.4626,47.71991,4307.17787,-1.27211,36.26206,7.653715530575949,2.851210416515114,0.0
13.90733,11.49772,47.57797,4303.18088,-1.24619,36.27371,7.793552344613971,2.9033033090722915,0.0
13.95375,11.53283,47.43924,4299.09922,-1.21758,36.28539,7.932043880604924,2.9548950501605407,0.0
14.00011,11.56791,47.30402,4294.93308,-1.18632,36.2971,8.068691522678561,3.0057998922488194,0.0
14.04643,11.60298,47.17258,4290.68299,-1.15244,36.30883,8.202980184895413,3.0558259522719524,0.0
14.09269,11.63804,47.04522,4286.34975,-1.116,36.32059,8.334381570290459,3.104776425710136,0.0
14.13891,11.67307,46.92222,4281.93447,-1.07705,36.33238,8.462357853222876,3.1524509583611207,0.0
14.18506,11.70809,46.80385,4277.4386,-1.03566,36.3442,8.586365758211251,3.1986471658136413,0.0
14.23117,11.74309,46.69036,4272.86389,-0.99191,36.35604,8.705860996987356,3.2431622863666987,0.0
14.27719,11.77811,46.58087,4268.21478,-0.96653,36.45073,8.821743396559157,3.286331529256632,27.999999522371493
14.32311,11.81317,46.47444,4263.49496,-0.93921,36.54664,8.934996452783617,3.3285212725674924,27.999999522371493
14.36892,11.84828,46.37128,4258.70553,-0.90999,36.64374,9.045221687354024,3.369583072645437,27.999999522371493
14.41462,11.88344,46.2716,4253.84782,-0.87894,36.74201,9.15201570539544,3.409366654285592,27.999999522371493
14.46021,11.91864,46.17559,4248.9234,-0.8461,36.84142,9.25497713231486,3.4477224948912624,27.999999522371493
14.50569,11.9539,46.08343,4243.93407,-0.81156,36.94193,9.353709634293285,3.484502949686699,27.999999522371493
14.55106,11.98921,45.99532,4238.88189,-0.77539,37.04351,9.447825049901278,3.519563418326296,27.999999522371493
14.59631,12.02456,45.9114,4233.76915,-0.73766,37.14611,9.536946593327883,3.5527635381816425,27.999999522371493
14.64145,12.05997,45.83185,4228.59833,-0.69847,37.24968,9.620712085783333,3.58396838812405,27.999999522371493
14.68647,12.09542,45.7568,4223.37219,-0.65792,37.35418,9.698777168676607,3.613049685517744,27.999999522371493
14.73137,12.13092,45.6864,4218.09366,-0.61611,37.45956,9.770818449936062,3.639886958307082,27.999999522371493
14.77615,12.16647,45.62077,4212.76589,-0.57315,37.56575,9.836536533890921,3.6643686737271226,27.999999522371493
14.82082,12.20207,45.56001,4207.3922,-0.52914,37.6727,9.895658885170208,3.686393305181342,27.999999522371493
14.86536,12.23772,45.50423,4201.97611,-0.48422,37.78035,9.947942478414275,3.7058703193288873,27.999999522371493
14.90978,12.27342,45.4535,4196.52128,-0.4385,37.88863,9.99317618815145,3.722721066376519,27.999999522371493
14.95408,12.30917,45.4079,4191.03151,-0.39211,37.99747,10.031182876935745,3.7368795579648353,27.999999522371493
14.99825,12.34496,45.36748,4185.51073,-0.34518,38.10681,10.061821144737424,3.7482931188623034,27.999999522371493
15.0423,12.3808,45.33227,4179.96297,-0.29784,38.21658,10.08498670847114,3.756922900875778,27.999999522371493
15.08623,12.41669,45.30229,4174.39233,-0.25024,38.32671,10.100613387339209,3.7627442499168002,27.999999522371493
15.13003,12.45263,45.27757,4168.80299,-0.2025,38.43712,10.10867367709084,3.76574691992827,27.999999522371493
15.17371,12.48861,45.25809,4163.19915,-0.15476,38.54774,10.109178904181311,3.765935130312795,27.999999522371493
15.21726,12.52464,45.24383,4157.58505,-0.10716,38.65851,10.102178958973793,3.7633274665433514,27.999999522371493
15.26068,12.56071,45.23475,4151.9649,-0.05984,38.76934,10.087761615201284,3.7579566266449467,27.999999522371493
15.30398,12.59683,45.2308,4146.34291,-0.01293,38.88017,10.066051450740494,3.7498690191544966,27.999999522371493
15.34715,12.633,45.23192,4140.72323,0.03344,38.99092,10.03720839213309,3.7391242209166924,27.999999522371493
15.3902,12.66921,45.23802,4135.10994,0.07913,39.10153,10.001425911916783,3.7257943055424003,27.999999522371493
15.43312,12.70546,45.24902,4129.50706,0.12402,39.21193,9.958928913678081,3.709963055535165,27.999999522371493
15.47591,12.74176,45.2648,4123.91847,0.16799,39.32206,9.909971344458272,3.6917250728496134,27.999999522371493
15.51858,12.7781,45.28525,4118.34797,0.21092,39.43185,9.854833577876335,3.6711848040358905,27.999999522371493
15.56113,12.81449,45.31023,4112.7992,0.25269,39.54124,9.793819613863702,3.648455497067174,27.999999522371493
15.60355,12.85091,45.33961,4107.27566,0.2932,39.65017,9.727254142164927,3.6236581074164103,27.999999522371493
15.64584,12.88738,45.37323,4101.7807,0.33234,39.75859,9.655479517061808,3.5969201710614542,27.999999522371493
15.68802,12.92389,45.41093,4096.31747,0.37002,39.86645,9.57885268976822,3.568374661721425,27.999999522371493
15.73007,12.96044,45.45254,4090.88898,0.40616,39.97369,9.497742143145498,3.5381588489575373,27.999999522371493
15.772,12.99703,45.49787,4085.49803,0.44066,40.08028,9.412524870554238,3.506413172715906,27.999999522371493
15.8138,13.03366,45.54674,4080.14723,0.47345,40.18617,9.323583437208844,3.473280148604793,27.999999522371493
15.85549,13.07033,45.59895,4074.83899,0.50446,40.29133,9.231303158310721,3.438903316674975,27.999999522371493
15.89706,13.10704,45.6543,4069.57554,0.53363,40.39572,9.136069423750119,3.4034262448007877,27.999999522371493
15.93851,13.14379,45.71258,4064.35888,0.56091,40.4993,9.038265194384707,3.366991595978021,27.999999522371493
15.97985,13.18057,45.77359,4059.19084,0.58624,40.60206,8.938268690066103,3.329740267052963,27.999999522371493
16.02107,13.21739,45.83711,4054.07304,0.60959,40.70397,8.836451284661331,3.2918106045625186,27.999999522371493
16.06217,13.25425,45.90292,4049.0069,0.63092,40.80501,8.73317561866826,3.253337701633786,27.999999522371493
16.10316,13.29114,45.97079,4043.99365,0.6502,40.90517,8.62879393549094,3.214452778202857,27.999999522371493
16.14403,13.32807,46.04052,4039.03434,0.66742,41.00443,8.523646643309169,3.1752826452733856,27.999999522371493
16.1848,13.36504,46.11186,4034.12983,0.68255,41.10278,8.418061100751729,3.135949252547915,27.999999522371493
16.22545,13.40204,46.18461,4029.2808,0.69558,41.20022,8.31235062119175,3.0965693175017095,27.999999522371493
16.266,13.43907,46.25853,4024.48777,0.70652,41.29674,8.206813687735515,3.0572540329454205,27.999999522371493
16.30644,13.47614,46.33341,4019.75109,0.71537,41.39234,8.101733368481566,3.018108849193726,27.999999522371493
16.34677,13.51324,46.40902,4015.07097,0.72213,41.48703,7.997376919805564,2.979233326278498,27.999999522371493
16.38699,13.55038,46.48515,4010.44746,0.72682,41.58081,7.893995563948735,2.9407210510946484,27.999999522371493
16.42711,13.58754,46.56157,4005.88046,0.72946,41.67369,7.7918244261177785,2.9026596139681886,27.999999522371493
16.46713,13.62474,46.63807,4001.36976,0.73006,41.76568,7.6910826157412036,2.8651306389263542,27.999999522371493
16.50704,13.66198,46.71445,3996.91502,0.72865,41.85679,7.591973436176247,2.8282098618189506,27.999999522371493
16.54685,13.69924,46.79049,3992.51577,0.72526,41.94704,7.494684707232056,2.79196725046672,27.999999522371493
16.58657,13.73653,46.86599,3988.17144,0.71993,42.03644,7.399389185142931,2.7564671611124303,27.999999522371493
16.62618,13.77386,46.94076,3983.88136,0.71269,42.12501,7.3062450651383655,2.7217685256414357,27.999999522371493
16.6657,13.81122,47.01459,3979.64478,0.70359,42.21277,7.215396552468173,2.6879250643035584,27.999999522371493
16.70511,13.84861,47.0873,3975.46082,0.69265,42.29974,7.126974488532103,2.65498551896285,27.999999522371493
16.74444,13.88603,47.1587,3971.32858,0.67994,42.38595,7.04109701973735,2.6229939022646103,27.999999522371493
16.78367,13.92347,47.22862,3967.24702,0.66549,42.47141,6.957870297638788,2.591989758456045,27.999999522371493
16.8228,13.96095,47.29688,3963.21509,0.64937,42.55616,6.877389200028859,2.562008432011223,27.999999522371493
16.86185,13.99846,47.36332,3959.23164,0.63161,42.64022,6.7997380636110645,2.533081340571232,27.999999522371493
16.9008,14.036,47.42776,3955.29547,0.61227,42.72362,6.724991419951113,2.5052362491053404,27.999999522371493
16.93966,14.07357,47.49006,3951.40534,0.5914,42.80638,6.653214727425233,2.4784975425810085,27.999999522371493
16.97843,14.11116,47.55007,3947.55995,0.56907,42.88853,6.584465092794354,2.4528864947692517,27.999999522371493
17.01711,14.14879,47.60764,3943.75796,0.54533,42.9701,6.518791976981553,2.4284215311653092,27.999999522371493
17.0557,14.18644,47.66263,3939.99798,0.52023,43.05113,6.456237880448112,2.4051184843092672,27.999999522371493
17.09421,14.22413,47.71492,3936.2786,0.49384,43.13164,6.396839004350606,2.382990840084455,27.999999522371493
17.13262,14.26184,47.76437,3932.59837,0.46622,43.21166,6.340625884351821,2.362049973828705,27.999999522371493
17.17096,14.29958,47.81088,3928.9558,0.43742,43.29123,6.28762399460796,2.3423053753354663,27.999999522371493
17.2092,14.33734,47.85432,3925.34938,0.40751,43.37038,6.2378543200141126,2.3237648620303073,27.999999522371493
17.24737,14.37514,47.8946,3921.77757,0.37655,43.44913,6.191333895260933,2.3064347797837064,27.999999522371493
17.28545,14.41297,47.93161,3918.23882,0.34461,43.52753,6.148076309715772,2.2903201909925577,27.999999522371493
17.32344,14.45082,47.96527,3914.73153,0.31174,43.6056,6.108092177467921,2.2754250496843973,27.999999522371493
17.36135,14.4887,47.99548,3911.25411,0.278,43.68337,6.0713895722143185,2.2617523635237657,27.999999522371493
17.39918,14.52661,48.02217,3907.80492,0.24347,43.76088,6.037974426872228,2.249304342678449,27.999999522371493
17.43693,14.56455,48.04527,3904.38233,0.2082,43.83817,6.007850898039868,2.23808253559065,27.999999522371493
17.47459,14.60251,48.06472,3900.98467,0.17226,43.91526,5.981021695550713,2.228087951744637,27.999999522371493
17.51218,14.6405,48.08044,3897.61026,0.13571,43.99219,5.957488377482026,2.2193211715651864,27.999999522371493
17.54968,14.67852,48.0924,3894.2574,0.09861,44.06899,5.93725161107401,2.2117824436168307,27.999999522371493
17.5871,14.71657,48.10053,3890.92439,0.06104,44.1457,5.920311400022726,2.205471769276449,27.999999522371493
17.62444,14.75465,48.10482,3887.6095,0.02305,44.22235,5.906667278642868,2.200388975064012,27.999999522371493
17.6617,14.79275,48.10522,3884.31097,-0.0153,44.29897,5.896318473405647,2.196533772819694,27.999999522371493
17.69888,14.83088,48.1017,3881.02706,-0.05393,44.37559,5.889264032283195,2.1939058078880636,27.999999522371493
17.73598,14.86904,48.09425,3877.75598,-0.09279,44.45226,5.885502922333149,2.1925046954709133,27.999999522371493
17.773,14.90723,48.08286,3874.49594,-0.1318,44.529,5.885034095867431,2.1923300452768664,27.999999522371493
17.80995,14.94545,48.06751,3871.24515,-0.17091,44.60586,5.8878565255088695,2.193381474580895,27.999999522371493
17.84681,14.98369,48.04821,3868.00176,-0.21005,44.68285,5.893969208350942,2.195658609773933,27.999999522371493
17.88359,15.02196,48.02497,3864.76395,-0.24916,44.76002,5.903371139373004,2.1991610764593443,27.999999522371493
17.92029,15.06026,47.9978,3861.52986,-0.28817,44.83741,5.916061254199432,2.203888478129205,27.999999522371493
17.95691,15.09859,47.96672,3858.29762,-0.32701,44.91504,5.932038341206219,2.2098403634216925,27.999999522371493
17.99345,15.13694,47.93175,3855.06535,-0.36562,44.99296,5.951300922945195,2.21701618194849,27.999999522371493
18.02992,15.17532,47.89293,3851.83114,-0.40394,45.07119,5.973847106798298,2.2254152286595708,27.999999522371493
18.0663,15.21374,47.8503,3848.59307,-0.44191,45.14977,5.999674404721355,2.2350365766930165,27.999999522371493
18.1026,15.25218,47.8039,3845.34922,-0.47944,45.22874,6.028779521977408,2.245878998672621,27.999999522371493
18.13882,15.29064,47.75378,3842.09764,-0.51649,45.30813,6.061158114697799,2.257940876393013,27.999999522371493
18.17495,15.32914,47.70001,3838.83637,-0.55299,45.38798,6.096804516198132,2.2712200988651583,27.999999522371493
18.21101,15.36766,47.64266,3835.56344,-0.58886,45.46832,6.13571143200035,2.28571394870405,27.999999522371493
18.24698,15.40622,47.58178,3832.27686,-0.62405,45.54918,6.177869603616431,2.3014189768792948,27.999999522371493
18.28288,15.4448,47.51747,3828.97465,-0.6585,45.63061,6.2232674412811075,2.318330865898385,27.999999522371493
18.31868,15.48341,47.44979,3825.65478,-0.69212,45.71263,6.271890625963869,2.3364442815456994,27.999999522371493
18.35441,15.52205,47.37886,3822.31526,-0.72488,45.79528,6.3237216812360195,2.355752713391716,27.999999522371493
18.39005,15.56072,47.30476,3818.95407,-0.75668,45.8786,6.378739515780017,2.3762483043657046,27.999999522371493
18.4256,15.59941,47.22759,3815.56919,-0.78749,45.96263,6.4369189376577305,2.397921669807872,27.999999522371493
18.46107,15.63814,47.14747,3812.15859,-0.81722,46.04739,6.498230141800713,2.420761706546003,27.999999522371493
18.49646,15.67689,47.06452,3808.72026,-0.84582,46.13292,6.562638172583893,2.44475539269002,27.999999522371493
18.53175,15.71567,46.97885,3805.25218,-0.87323,46.21925,6.63010236381279,2.4698875790124877,27.999999522371493
18.56696,15.75449,46.89058,3801.75236,-0.89937,46.30643,6.700575758968843,2.4961407729747407,27.999999522371493
18.60208,15.79333,46.79987,3798.21878,-0.92421,46.39447,6.774004515093639,2.5234949166580787,27.999999522371493
18.63711,15.8322,46.70684,3794.64949,-0.94766,46.48342,6.850327294382805,2.5519271601164766,27.999999522371493
18.67205,15.8711,46.61164,3791.04253,-0.96968,46.57332,6.9294746481357645,2.5814116318816636,27.999999522371493
18.7069,15.91003,46.51442,3787.39596,-0.99021,46.66418,7.011368398478007,2.611919208638403,27.999999522371493
18.74166,15.94898,46.41534,3783.7079,-1.00919,46.75604,7.0959210239818065,2.6434172863520375,27.999999522371493
18.77632,15.98797,46.31455,3779.97649,-1.02656,46.84893,7.183035056087084,2.6758695554193865,27.999999522371493
18.81089,16.02699,46.21223,3776.19991,-1.04229,46.94289,7.2726024939843175,2.7092357826972306,27.999999522371493
18.84537,16.06603,46.10854,3772.3764,-1.0563,47.03793,7.364504246383921,2.7434716035467193,27.999999522371493
18.87974,16.10511,46.00365,3768.50425,-1.06857,47.13409,7.458609609366287,2.77852832731877,27.999999522371493
18.91402,16.14421,45.89776,3764.58182,-1.07904,47.23139,7.554775790161105,2.8143527599493394,27.999999522371493
18.94821,16.18335,45.79104,3760.60755,-1.08767,47.32986,7.65284748737985,2.8508870475849757,27.999999522371493
18.98229,16.22251,45.68367,3756.57994,-1.09442,47.42951,7.752656538722851,2.8880685453444364,27.999999522371493
19.01627,16.2617,45.57585,3752.49759,-1.09926,47.53038,7.854021647634582,2.925829715490587,27.999999522371493
19.05015,16.30093,45.46776,3748.3592,-1.10215,47.63247,7.956748200605825,2.9640980593706554,27.999999522371493
19.08392,16.34018,45.35961,3744.16357,-1.10307,47.73582,8.060628186951517,3.0027960875313653,27.999999522371493
19.11759,16.37946,45.25159,3739.90961,-1.10199,47.84042,8.165440232719032,3.0418413323506623,27.999999522371493
19.15116,16.41877,45.1439,3735.59635,-1.09889,47.94629,8.270949760061805,3.081146407408588,27.999999522371493
19.18461,16.4581,45.03673,3731.22297,-1.09376,48.05345,8.376909282759438,3.1206191175762896,27.999999522371493
19.21796,16.49747,44.93029,3726.78876,-1.08659,48.1619,8.483058847645086,3.1601626234593376,27.999999522371493
19.2512,16.53687,44.82478,3722.29318,-1.07737,48.27165,8.589126630480088,3.1996756633767047,27.999999522371493
19.28433,16.57629,44.7204,3717.73583,-1.0661,48.38269,8.694829693293494,3.239052835489667,27.999999522371493
19.31734,16.61574,44.61733,3713.11648,-1.0528,48.49503,8.799874908312022,3.278184941990019,27.999999522371493
19.35024,16.65522,44.51579,3708.43506,-1.03747,48.60866,8.903960051432037,3.316959396447163,27.999999522371493
19.38302,16.69473,44.41596,3703.69169,-1.02013,48.72357,9.006775065734475,3.3552606945006587,27.999999522371493
19.41569,16.73427,44.31803,3698.88665,-1.00081,48.83976,9.10800349275859,3.3929709470473552,27.999999522371493
19.44824,16.77383,44.2222,3694.02043,-0.97954,48.9572,9.207324066288107,3.429970473968669,27.999999522371493
19.48067,16.81342,44.12864,3689.09369,-0.95635,49.07588,9.304412460245771,3.4661384552672865,27.999999522371493
19.51298,16.85304,44.03754,3684.10729,-0.9313,49.19578,9.398943179004064,3.5013536352576544,27.999999522371493
19.54517,16.89269,43.94906,3679.06228,-0.90444,49.31687,9.490591575073651,3.535495074208005,27.999999522371493
19.57723,16.93236,43.86337,3673.95992,-0.87582,49.43913,9.579035975930884,3.5684429406395664,27.999999522371493
19.60918,16.97206,43.78064,3668.80163,-0.84552,49.56251,9.663959898478499,3.600079336271435,27.999999522371493
19.64103,17.01175,43.70228,3663.58602,-0.78698,49.58016,9.743288038780014,3.6296311557827408,0.0
19.67282,17.0514,43.62973,3658.31315,-0.72675,49.59782,9.814908245427535,3.656311567199993,0.0
19.70456,17.09102,43.56312,3652.98704,-0.665,49.61548,9.878465318076719,3.6799882490490403,0.0
19.73624,17.1306,43.50257,3647.61192,-0.60193,49.63315,9.933650454197677,3.7005461642624162,0.0
19.76786,17.17013,43.44819,3642.19222,-0.53773,49.65083,9.980201000348794,3.717887467522291,0.0
19.79943,17.20963,43.40005,3636.73257,-0.4726,49.6685,10.017903506082611,3.7319326429207673,0.0
19.83093,17.24909,43.35822,3631.23775,-0.40675,49.68619,10.046596189196054,3.742621422330453,0.0
19.86238,17.28851,43.32273,3625.71267,-0.34039,49.70387,10.066170760932458,3.7499134653402435,0.0
19.89377,17.32788,43.2936,3620.16235,-0.27375,49.72156,10.07657357378702,3.753788786843047,0.0
19.9251,17.36721,43.27083,3614.59187,-0.20702,49.73926,10.077806069762858,3.7542479240229674,0.0
19.95637,17.4065,43.25441,3609.00634,-0.14044,49.75696,10.069924522856592,3.7513118404244032,0.0
19.98758,17.44575,43.24428,3603.41088,-0.07422,49.77466,10.053039085589203,3.745021570759708,0.0
20.01873,17.48495,43.24038,3597.81062,-0.00856,49.79236,10.027312164909583,3.7354376158905263,0.0
20.04982,17.52412,43.24263,3592.2106,0.05631,49.81007,9.992956167465277,3.722639102881826,0.0
20.08085,17.56324,43.25093,3586.61579,0.1202,49.82778,9.950230667349858,3.7067227299132672,0.0
20.11182,17.60231,43.26516,3581.03107,0.18291,49.84549,9.89943906068868,3.687801520024376,0.0
20.14273,17.64134,43.28518,3575.46117,0.24423,49.86321,9.840924780566546,3.6660034110755113,0.0
20.17358,17.68033,43.31083,3569.91068,0.304,49.88093,9.77506715243307,3.6414697117773076,0.0
20.20437,17.71928,43.34194,3564.38401,0.36203,49.89865,9.702276974398016,3.6143534552343994,0.0
20.2351,17.75818,43.37833,3558.88537,0.41815,49.91638,9.622991908433802,3.5848176820470927,0.0
20.26578,17.79704,43.4198,3553.41877,0.47222,49.93411,9.537671767854075,3.5530336847731387,0.0
20.29639,17.83586,43.46612,3547.98799,0.52408,49.95184,9.446793783465242,3.5191792444446195,0.0
20.32695,17.87464,43.51708,3542.59657,0.5736,49.96958,9.350847925923299,3.483436888022801,0.0
20.35745,17.91337,43.57243,3537.24782,0.62065,49.98732,9.250332355265812,3.4459921932290514,0.0
20.38789,17.95207,43.63194,3531.94479,0.66514,50.00507,9.145749060761235,3.407032164274007,0.0
20.41827,17.99072,43.69535,3526.69028,0.70695,50.02283,9.037599745439469,3.366743698736903,0.0
20.4486,18.02933,43.76239,3521.48684,0.74599,50.04059,8.926382000282379,3.3253121623508957,0.0
20.47887,18.0679,43.8328,3516.33674,0.78221,50.05835,8.812585803485517,3.2829200848859257,0.0
20.50908,18.10644,43.90631,3511.24203,0.81552,50.07613,8.696690370660153,3.2397459867661147,0.0
20.53924,18.14493,43.98264,3506.2045,0.84587,50.09391,8.579161372677575,3.1959633426435556,0.0
20.56935,18.18339,44.0615,3501.22567,0.87324,50.1117,8.460448529291146,3.1517396849592147,0.0
20.5994,18.22181,44.14262,3496.30686,0.89757,50.1295,8.340983578794402,3.107235847587153,0.0
20.6294,18.26019,44.22572,3491.44914,0.91886,50.1473,8.221178617062911,3.062605347083913,0.0
20.65934,18.29853,44.3105,3486.65337,0.9371,50.16512,8.10142479333312,3.017993896831829,0.0
20.68923,18.33684,44.39669,3481.92018,0.95227,50.18295,7.982091345112807,2.9735390475177708,0.0
20.71907,18.37512,44.48401,3477.25003,0.9644,50.20079,7.863524950639447,2.92936994590685,0.0
20.74886,18.41336,44.57218,3472.64315,0.9735,50.21864,7.746049374326002,2.885607202761652,0.0
20.77859,18.45157,44.66092,3468.09962,0.97959,50.2365,7.629965378544592,2.8423628599793243,0.0
20.80828,18.48974,44.74996,3463.61935,0.9827,50.25437,7.515550873902557,2.7997404465733693,0.0
20.83792,18.52788,44.83904,3459.20208,0.98287,50.27226,7.403061279608456,2.7578351129194587,0.0
20.8675,18.566,44.92789,3454.8474,0.98015,50.29016,7.292730065752251,2.716733832769073,0.0
20.89704,18.60408,45.01625,3450.55478,0.97459,50.30807,7.184769449969978,2.6765156627754143,0.0
20.92653,18.64213,45.10387,3446.32355,0.96624,50.326,7.079371222129212,2.6372520497104524,0.0
20.95598,18.68015,45.19052,3442.15292,0.95517,50.34394,6.976707672158072,2.599007176105631,0.0
20.98537,18.71814,45.27594,3438.04201,0.94145,50.3619,6.876932597879139,2.561838335696526,0.0
21.01473,18.7561,45.35991,3433.98983,0.92513,50.37988,6.780182371604978,2.52579633075774,0.0
21.04403,18.79404,45.4422,3429.9953,0.9063,50.39787,6.6865770462996785,2.4909258841771793,0.0
21.07329,18.83195,45.5226,3426.05727,0.88502,50.41588,6.5962214841366595,2.457266059873533,0.0
21.10251,18.86983,45.60089,3422.17449,0.86139,50.4339,6.509206492329287,2.4248506859230603,0.0
21.13168,18.90769,45.67687,3418.34566,0.83548,50.45195,6.425609953097498,2.3937087755018935,0.0
21.1608,18.94552,45.75036,3414.56943,0.80737,50.47001,6.345497936515805,2.363864941451196,0.0
21.18989,18.98333,45.82115,3410.84438,0.77715,50.48809,6.268925786771923,2.335339800937085,0.0
21.21893,19.02112,45.88909,3407.16903,0.74491,50.50619,6.195939174016086,2.308150367292177,0.0
21.24793,19.05888,45.95399,3403.54188,0.71073,50.52432,6.126575105464613,2.282310426678269,0.0
21.27689,19.09662,46.01569,3399.96137,0.67471,50.54246,6.060862890774887,2.25783089771392,0.0
21.3058,19.13433,46.07405,3396.4259,0.63693,50.56062,5.998825057933065,2.234720172666719,0.0
21.33468,19.17203,46.12891,3392.93386,0.59749,50.5788,5.940478216907928,2.212984439187074,0.0
21.36351,19.2097,46.18015,3389.48359,0.55648,50.597,5.885833869258821,2.1926279819084638,0.0
21.3923,19.24735,46.22763,3386.07339,0.51399,50.61523,5.83489916264185,2.1736534635208535,0.0
21.42106,19.28498,46.27124,3382.70157,0.47012,50.63347,5.787677589802831,2.15606218516396,0.0
21.44977,19.32259,46.31086,3379.36638,0.42495,50.65174,5.744169632172645,2.139854326183454,0.0
21.47845,19.36019,46.34639,3376.06607,0.37857,50.67003,5.704373348583861,2.1250291634433918,0.0
21.50708,19.39776,46.37775,3372.79885,0.3311,50.68835,5.668284909961409,2.111585270512561,0.0
21.53568,19.43531,46.40484,3369.56292,0.28261,50.70668,5.63589908105211,2.0995206971214038,0.0
21.56424,19.47285,46.42758,3366.35646,0.2332,50.72504,5.607209650435912,2.0888331293525204,0.0
21.59276,19.51036,46.44592,3363.17763,0.18297,50.74342,5.582209810112017,2.0795200310464823,0.0
21.62124,19.54786,46.45979,3360.02456,0.132,50.76182,5.560892486003827,2.0715787669236274,0.0
21.64968,19.58534,46.46913,3356.89537,0.0804,50.78025,5.543250620721476,2.0650067079205394,0.0
21.67809,19.62281,46.4739,3353.78817,0.02825,50.7987,5.529277409800323,2.0598013191951035,0.0
21.70646,19.66025,46.47408,3350.70101,-0.02434,50.81717,5.518966492596239,2.055960231240023,0.0
21.73479,19.69768,46.46963,3347.63197,-0.0773,50.83567,5.512312098870765,2.053481294489647,0.0
21.76309,19.73509,46.46053,3344.57908,-0.13051,50.85419,5.509309151920744,2.0523626177384755,0.0
21.79134,19.77249,46.44677,3341.54036,-0.1839,50.87273,5.509953329009429,2.052602590653329,0.0
21.81956,19.80987,46.42835,3338.5138,-0.23735,50.8913,5.514241079635907,2.054199890579201,0.0
21.84775,19.84723,46.40528,3335.49737,-0.29079,50.90989,5.522169602023205,2.057153473780449,0.0
21.8759,19.88457,46.37757,3332.48902,-0.34412,50.92851,5.533736778038746,2.0614625511969558,0.0
21.90401,19.9219,46.34525,3329.48668,-0.39723,50.94714,5.548941066587052,2.0671265487301085,0.0
21.93208,19.95921,46.30833,3326.48824,-0.45005,50.9658,5.567781355367972,2.074145052018833,0.0
21.96012,19.99651,46.26687,3323.49161,-0.50246,50.98449,5.590256770747074,2.0825177356113183,0.0
21.98812,20.03379,46.22091,3320.49462,-0.55439,51.0032,5.616366445388636,2.092244276402185,0.0
22.01609,20.07105,46.17051,3317.49511,-0.60573,51.02193,5.6461092432038535,2.1033242511684636,0.0
22.04401,20.1083,46.11572,3314.49089,-0.65638,51.04068,5.679483441100763,2.115757018013058,0.0
22.0719,20.14553,46.05662,3311.47975,-0.70626,51.05945,5.716486367052975,2.1295415815358347,0.0
22.09976,20.18274,45.99329,3308.45946,-0.75527,51.07825,5.757113993984486,2.1446764415450223,0.0
22.12758,20.21993,45.92582,3305.42775,-0.80331,51.09707,5.801360489088864,2.161159425166755,0.0
22.15536,20.25711,45.8543,3302.38236,-0.85029,51.11591,5.849217718336472,2.178987502260975,0.0
22.1831,20.29427,45.77884,3299.32098,-0.89611,51.13478,5.900674706133079,2.198156584130044,0.0
22.21081,20.33142,45.69954,3296.24131,-0.94068,51.15366,5.955717050372172,2.2186613056103446,0.0
22.23848,20.36855,45.61653,3293.14101,-0.9839,51.17257,6.0143262934851185,2.2404947907719137,0.0
22.26611,20.40565,45.52994,3290.01775,-1.02568,51.19149,6.076479250569447,2.2636484026285486,0.0
22.2937,20.44274,45.4399,3286.86917,-1.06593,51.21044,6.142147296167875,2.2881114774442306,0.0
22.32126,20.47982,45.34656,3283.69294,-1.10455,51.22941,6.211295611947292,2.3138710444737507,0.0
22.34878,20.51687,45.25006,3280.48667,-1.14145,51.24839,6.2838823982649155,2.3409115322503578,0.0
22.37626,20.5539,45.15056,3277.24803,-1.17653,51.2674,6.35985805341207,2.36921446283247,0.0
22.4037,20.59092,45.04824,3273.97467,-1.20972,51.28642,6.439164325319729,2.398758135791672,0.0
22.4311,20.62791,44.94326,3270.66424,-1.24091,51.30547,6.521733441504574,2.429517304094724,0.0
22.45847,20.66489,44.83581,3267.31443,-1.27002,51.32453,6.60748722422462,2.4614628444757596,0.0
22.48579,20.70184,44.72607,3263.92296,-1.29698,51.34361,6.6963361989754455,2.494561425327664,0.0
22.51307,20.73878,44.61424,3260.48755,-1.32168,51.3627,6.788178705800311,2.5287751756417167,0.0
22.54032,20.77569,44.50052,3257.00599,-1.34406,51.38181,6.882900024199387,2.564061359013255,0.0
22.56752,20.81257,44.38512,3253.47612,-1.36404,51.40094,6.980371523813502,2.6003720572490177,0.0
22.59469,20.84944,44.26825,3249.8958,-1.38154,51.42008,7.0804498543985535,2.637653868611305,0.0
22.62181,20.88628,44.15013,3246.26299,-1.39649,51.43924,7.182976189985461,2.675847626247672,0.0
22.64889,20.9231,44.03098,3242.57573,-1.40882,51.45841,7.287775543325877,2.7148881428039164,0.0
22.67593,20.95989,43.91104,3238.83211,-1.41848,51.47759,7.394656167857553,2.7547039876404473,0.0
22.70292,20.99666,43.79053,3235.03035,-1.42541,51.49679,7.503409065406736,2.795217303438467,0.0
22.72988,21.03341,43.6697,3231.16877,-1.42955,51.516,7.6138076185111405,2.836343669230611,0.0
22.75679,21.07012,43.54878,3227.2458,-1.43087,51.53522,7.725607366672353,2.877992017049076,0.0
22.78365,21.10681,43.42802,3223.26002,-1.42931,51.55445,7.83854594594731,2.9200646094218605,0.0
22.81047,21.14347,43.30767,3219.21012,-1.42486,51.57369,7.952343210857202,2.962457084787038,0.0
22.83725,21.1801,43.18796,3215.09497,-1.41748,51.59294,8.06670155684752,3.005058577617605,0.0
22.86398,21.21671,43.06915,3210.91361,-1.40716,51.6122,8.181306460100892,3.047751919515972,0.0
22.89067,21.25328,42.95149,3206.66524,-1.39389,51.63146,8.295827249637778,3.090413926841783,0.0
22.91731,21.28982,42.83522,3202.34926,-1.37768,51.65074,8.409918124089993,3.132915779486808,0.0
22.9439,21.32633,42.72059,3197.96525,-1.35852,51.67002,8.523219422419016,3.1751234942509443,0.0
22.97045,21.36281,42.60785,3193.51303,-1.33645,51.6893,8.635359154133491,3.2168984948885053,0.0
22.99694,21.39925,42.49722,3188.9926,-1.31149,51.70859,8.745954790231364,3.258098279281282,0.0
23.02339,21.43566,42.38896,3184.40421,-1.28368,51.72788,8.854615311281517,3.2985771824028416,0.0
23.04979,21.47203,42.28328,3179.74834,-1.25308,51.74718,8.960943503818475,3.3381872317859784,0.0
23.07614,21.50837,42.18042,3175.02569,-1.21974,51.76648,9.064538490567777,3.3767790900982413,0.0
23.10245,21.54468,42.08059,3170.23723,-1.18373,51.78578,9.164998474276274,3.4142030772909107,0.0
23.1287,21.58094,41.98401,3165.38415,-1.14515,51.80509,9.261923669023778,3.4503102625897144,0.0
23.1549,21.61717,41.89088,3160.46789,-1.10407,51.82439,9.354919387147671,3.4849536144554705,0.0
23.18104,21.65335,41.80138,3155.49014,-1.06062,51.84369,9.443599244551724,3.5179891946459576,0.0
23.20714,21.6895,41.71571,3150.45282,-1.0149,51.86299,9.52758844216794,3.549277380646786,0.0
23.23318,21.72561,41.63403,3145.3581,-0.96705,51.88229,9.606527077200337,3.578684099196844,0.0
23.25918,21.76168,41.5565,3140.20837,-0.91719,51.90159,9.680073434398599,3.606082052374319,0.0
23.28511,21.7977,41.48328,3135.00623,-0.86547,51.92089,9.747907205360184,3.631351916871441,0.0
23.311,21.83368,41.41449,3129.75452,-0.81205,51.94018,9.809732582790987,3.6543834966879984,0.0
23.33683,21.86962,41.35025,3124.45626,-0.75709,51.95947,9.86528117683156,3.6750768095395845,0.0
23.3626,21.90551,41.29066,3119.11464,-0.70076,51.97875,9.914314702198597,3.693343087888505,0.0
23.38832,21.94136,41.23583,3113.73305,-0.64325,51.99803,9.956627387781749,3.709105676581991,0.0
23.41399,21.97717,41.18582,3108.31501,-0.58472,52.01731,9.992048064687655,3.722300810703539,0.0
23.4396,22.01293,41.14068,3102.86418,-0.52538,52.03658,10.020441894213711,3.7328782592886127,0.0
23.46515,22.04864,41.10047,3097.38433,-0.46541,52.05584,10.041711703880464,3.7408018230318527,0.0
23.49065,22.08431,41.06521,3091.87932,-0.40501,52.0751,10.05579890724461,3.7460496769416247,0.0
23.5161,22.11993,41.03491,3086.35308,-0.34438,52.09435,10.062683991426734,3.748614551956934,0.0
23.54148,22.1555,41.00956,3080.80962,-0.28371,52.11359,10.062386564990184,3.7485037527835594,0.0
23.56681,22.19102,40.98913,3075.25293,-0.22321,52.13283,10.054964967702832,3.7457390125200427,0.0
23.59208,22.2265,40.9736,3069.68705,-0.16308,52.15206,10.040515452435418,3.7403561878933025,0.0
23.6173,22.26193,40.9629,3064.11599,-0.10351,52.17128,10.019170957866434,3.7324048020589053,0.0
23.64246,22.29731,40.95697,3058.54371,-0.04469,52.19049,9.991099498415736,3.7219474448089684,0.0
23.66757,22.33264,40.95571,3052.97413,0.01319,52.2097,9.956502204752667,3.7090590426098937,0.0
23.69261,22.36792,40.95904,3047.41111,0.06995,52.2289,9.915611054104874,3.693826013082664,0.0
23.7176,22.40316,40.96683,3041.85839,0.12541,52.24809,9.868686334311501,3.676345320295948,0.0
23.74254,22.43835,40.97897,3036.31962,0.17939,52.26728,9.81601388902633,3.6567234485317774,0.0
23.76741,22.47348,40.99531,3030.79832,0.23174,52.28646,9.757902193602131,3.635075312975535,0.0
23.79224,22.50857,41.01569,3025.29788,0.28231,52.30563,9.694679312083336,3.6115231261156544,0.0
23.817,22.54362,41.03997,3019.82152,0.33093,52.32479,9.626689785264542,3.5861952384635396,0.0
23.84171,22.57861,41.06796,3014.37232,0.37749,52.34395,9.554291498303025,3.5592249716567985,0.0
23.86637,22.61356,41.09949,3008.95318,0.42184,52.3631,9.47785257373082,3.5307494610245023,0.0
23.89097,22.64846,41.13436,3003.56684,0.46389,52.38225,9.397748332280749,3.50090852341491,0.0
23.91551,22.68331,41.17237,2998.21583,0.5035,52.40139,9.314358359786592,3.4698435645386088,0.0
23.94,22.71811,41.21333,2992.90251,0.54061,52.42053,9.228063713653176,3.4376965383051217,0.0
23.96444,22.75287,41.25702,2987.62905,0.5751,52.43966,9.13924429741193,3.4046089687757664,0.0
23.98882,22.78758,41.30322,2982.39742,0.60692,52.45879,9.048276426541971,3.3707210433679733,0.0
24.01315,22.82225,41.35172,2977.20942,0.63599,52.47791,8.95553060352279,3.3361707840038584,0.0
24.03742,22.85687,41.40228,2972.06663,0.66226,52.49703,8.861369514887631,3.3010933009599115,0.0
24.06165,22.89145,41.4547,2966.97046,0.68569,52.51615,8.766146258129634,3.2656201323428817,0.0
24.08582,22.92598,41.50873,2961.92215,0.70624,52.53526,8.670202801717279,3.2298786704050113,0.0
24.10994,22.96047,41.56415,2956.92273,0.72389,52.55438,8.573868677328347,3.1939916743667722,0.0
24.134,22.99492,41.62072,2951.97306,0.73863,52.57349,8.477459899678514,3.158076868024603,0.0
24.15802,23.02932,41.67823,2947.07386,0.75044,52.5926,8.381278106156806,3.1222466192424707,0.0
24.18199,23.06368,41.73644,2942.22564,0.75933,52.61171,8.285609905802925,3.086607697428805,0.0
24.2059,23.098,41.79513,2937.4288,0.76531,52.63082,8.190726424973613,3.0512611042852535,0.0
24.22977,23.13228,41.85407,2932.68355,0.7684,52.64993,8.096883035466309,3.0163019725256,0.0
24.25359,23.16652,41.91305,2927.98998,0.76862,52.66904,8.004319249610898,2.9818195267946748,0.0
24.27736,23.20072,41.97183,2923.34802,0.76601,52.68815,7.913258766140874,2.9478971007565735,0.0
24.30108,23.23488,42.03022,2918.7575,0.76061,52.70727,7.823909650290288,2.914612204185504,0.0
24.32475,23.269,42.088,2914.21811,0.75247,52.72638,7.736464631539832,2.8820366338840437,0.0
24.34838,23.30308,42.14497,2909.72942,0.74163,52.74551,7.651101502748101,2.8502366223700286,0.0
24.37196,23.33713,42.20092,2905.29089,0.72816,52.76463,7.567983604880336,2.8192730184507733,0.0
24.39549,23.37114,42.25567,2900.9019,0.71211,52.78376,7.487260382311848,2.7892014940881977,0.0
24.41898,23.40511,42.30902,2896.56171,0.69355,52.80289,7.409067994533061,2.7600727722750555,0.0
24.44242,23.43905,42.3608,2892.2695,0.67256,52.82203,7.333529971055366,2.7319328710045996,0.0
24.46582,23.47295,42.41081,2888.02435,0.64921,52.84117,7.2607578973886,2.704823358815233,0.0
24.48917,23.50682,42.45891,2883.82529,0.62358,52.86032,7.190852121029663,2.678781617789855,0.0
24.51248,23.54065,42.50492,2879.67126,0.59575,52.87948,7.123902467510382,2.6538411103025212,0.0
24.53575,23.57445,42.54868,2875.56113,0.5658,52.89864,7.059988957639964,2.6300316462101367,0.0
24.55897,23.60821,42.59006,2871.4937,0.53382,52.91781,6.999182518116796,2.6073796475740427,0.0
24.58215,23.64195,42.6289,2867.46773,0.49991,52.93698,6.941545678709568,2.585908408378335,0.0
24.60528,23.67565,42.66507,2863.4819,0.46415,52.95617,6.887133250116275,2.565638347050173,0.0
24.62838,23.70932,42.69845,2859.53487,0.42664,52.97536,6.8359929775376,2.546587249933062,0.0
24.65143,23.74295,42.72891,2855.62522,0.38748,52.99456,6.78816616573998,2.528770504139295,0.0
24.67444,23.77656,42.75635,2851.75149,0.34675,53.01377,6.743688272170742,2.5122013185009413,0.0
24.69741,23.81013,42.78065,2847.91219,0.30457,53.03299,6.702589465297556,2.4968909315659893,0.0
24.72034,23.84368,42.80173,2844.10578,0.26103,53.05222,6.664895145919995,2.482848805800614,0.0
24.74322,23.87719,42.81949,2840.33069,0.21622,53.07145,6.6306264297324615,2.4700828073565693,0.0
24.76607,23.91068,42.83386,2836.5853,0.17027,53.0907,6.599800589824368,2.4585993709141425,0.0
24.78888,23.94413,42.84476,2832.86796,0.12325,53.10996,6.572431458153037,2.4484036492413774,0.0
24.81164,23.97756,42.85212,2829.177,0.07529,53.12922,6.548529785390424,2.439499647246444,0.0
24.83437,24.01096,42.8559,2825.5107,0.02649,53.1485,6.528103558730822,2.4318903403693737,0.0
24.85706,24.04433,42.85603,2821.86731,-0.02306,53.16779,6.511158277503595,2.4255777772550493,0.0
24.87971,24.07767,42.85248,2818.24507,-0.07325,53.18708,6.497697186569513,2.420563166699485,0.0
24.90231,24.11098,42.84521,2814.64218,-0.12396,53.20639,6.487721467621455,2.4168469489143702,0.0
24.92488,24.14426,42.8342,2811.05681,-0.1751,53.22571,6.481230388595673,2.4144288511866985,0.0
24.94741,24.17752,42.81943,2807.48711,-0.22656,53.24504,6.478221411500287,2.413307928047715,0.0
24.96991,24.21075,42.80089,2803.9312,-0.27822,53.26438,6.478690258977667,2.4134825860691587,0.0
24.99236,24.24395,42.77859,2800.38718,-0.32999,53.28373,6.482630940029226,2.4149505934464233,0.0
25.01477,24.27712,42.75251,2796.85313,-0.38176,53.30309,6.490035735300723,2.4177090745169463,0.0
25.03715,24.31027,42.72268,2793.32709,-0.43342,53.32247,6.500895142416524,2.4217544893957785,0.0
25.05949,24.34339,42.68913,2789.8071,-0.48487,53.34185,6.515197781875199,2.4270825989192284,0.0
25.08179,24.37648,42.65187,2786.29118,-0.53599,53.36124,6.532930264066423,2.4336884151051454,0.0
25.10405,24.40954,42.61095,2782.77731,-0.58668,53.38065,6.554077018063247,2.441566137373547,0.0
25.12627,24.44258,42.5664,2779.26346,-0.63684,53.40006,6.578620082902585,2.4507090747931017,0.0
25.14846,24.47558,42.51829,2775.74761,-0.68636,53.41948,6.6065388622080725,2.4611095546716895,0.0
25.1706,24.50856,42.46667,2772.22769,-0.73512,53.43892,6.637809843152545,2.472758817862533,0.0
25.19271,24.54152,42.41161,2768.70163,-0.78304,53.45836,6.672406280908149,2.485646901213557,0.0
25.21478,24.57444,42.35319,2765.16735,-0.83,53.47782,6.710297849998412,2.499762507686866,0.0
25.23681,24.60734,42.29148,2761.62278,-0.8759,53.49728,6.7514502641783025,2.5150928647540587,0.0
25.2588,24.64021,42.22657,2758.06581,-0.92063,53.51675,6.795824866809977,2.531623571800422,0.0
25.28076,24.67305,42.15857,2754.49434,-0.9641,53.53623,6.843378194004484,2.549338437383717,0.0
25.30267,24.70586,42.08757,2750.90629,-1.0062,53.55572,6.894061513265396,2.568219307366795,0.0
25.32455,24.73865,42.01368,2747.29956,-1.04683,53.57522,6.947820340724589,2.5882458850752244,0.0
25.34639,24.7714,41.93703,2743.67205,-1.0859,53.59472,7.004593940661413,2.609395544855009,0.0
25.36819,24.80413,41.85774,2740.02171,-1.1233,53.61423,7.064314811415695,2.631643140561659,0.0
25.38995,24.83682,41.77593,2736.34647,-1.15896,53.63375,7.126908162483812,2.6549608107647176,0.0
25.41167,24.86949,41.69174,2732.64428,-1.19276,53.65328,7.19229138814188,2.679317782658553,0.0
25.43335,24.90212,41.60533,2728.91314,-1.22462,53.67281,7.260373543600454,2.704680176916192,0.0
25.45499,24.93473,41.51683,2725.15106,-1.25446,53.69235,7.331054830349953,2.7310108159669615,0.0
25.47659,24.9673,41.4264,2721.3561,-1.28218,53.71189,7.40422609802717,2.7582690384286472,0.0
25.49815,24.99984,41.3342,2717.52635,-1.30772,53.73144,7.479768370783251,2.7864105226671074,0.0
25.51967,25.03235,41.2404,2713.65996,-1.33099,53.75099,7.557552406765952,2.8153871226918246,0.0
25.54115,25.06483,41.14516,2709.75512,-1.35191,53.77055,7.637438299920208,2.845146719816137,0.0
25.56259,25.09728,41.04866,2705.81011,-1.37042,53.79011,7.719275133815547,2.8756330936988412,0.0
25.58399,25.12969,40.95108,2701.82326,-1.38645,53.80967,7.802900697655891,2.906785816550379,0.0
25.60535,25.16207,40.8526,2697.79297,-1.39995,53.82924,7.888141274918989,2.938540174395453,0.0
25.62666,25.19441,40.75341,2693.71775,-1.41086,53.8488,7.974811515273468,2.970827119358766,0.0
25.64793,25.22672,40.6537,2689.59619,-1.41912,53.86837,8.062714400370274,3.00357325692143,0.0
25.66916,25.25899,40.55365,2685.42699,-1.4247,53.88794,8.151641313972757,3.0367008720462714,0.0
25.69035,25.29123,40.45345,2681.20894,-1.42757,53.9075,8.241372226417257,3.0701279978942475,0.0
25.7115,25.32343,40.35332,2676.94097,-1.42769,53.92707,8.33167600276891,3.103768530620593,0.0
25.7326,25.35559,40.25343,2672.62213,-1.42503,53.94663,8.422310843094403,3.1375323933880117,0.0
25.75365,25.38771,40.15399,2668.25159,-1.4196,53.9662,8.51302486208528,3.1713257522916027,0.0
25.77467,25.4198,40.05518,2663.82868,-1.41138,53.98576,8.603556813758745,3.205051286328978,0.0
25.79563,25.45185,39.95722,2659.35286,-1.40037,54.00531,8.693636965211137,3.238608512896424,0.0
25.81656,25.48385,39.86028,2654.82376,-1.38658,54.02486,8.782988121331645,3.2718941695217216,0.0
25.83744,25.51582,39.76455,2650.24117,-1.37004,54.04441,8.871326800076899,3.3048026516848545,0.0
25.85827,25.54774,39.67024,2645.60502,-1.35078,54.06395,8.958364555390787,3.337226505640448,0.0
25.87906,25.57963,39.57752,2640.91545,-1.32883,54.08348,9.043809442064928,3.3690569741168392,0.0
25.8998,25.61147,39.48657,2636.17275,-1.30423,54.10301,9.12736761404164,3.4001845917259863,0.0
25.92049,25.64326,39.39757,2631.37739,-1.27706,54.12253,9.208745044641478,3.4304998257934898,0.0
25.94114,25.67502,39.31069,2626.53003,-1.24737,54.14204,9.28764935426886,3.4598937572270234,0.0
25.96173,25.70672,39.22609,2621.63149,-1.21525,54.16154,9.363791728259988,3.488258794965154,0.0
25.98229,25.73839,39.14394,2616.68279,-1.18078,54.18104,9.436888904776419,3.51548941651999,0.0
26.00279,25.77,39.06437,2611.68513,-1.14405,54.20052,9.506665210139296,3.5414829261927494,0.0
26.02324,25.80157,38.98755,2606.63988,-1.10518,54.21999,9.57285461685935,3.566140221744075,0.0
26.04365,25.83309,38.91359,2601.54858,-1.06427,54.23945,9.63520279776753,3.589366559611742,0.0
26.06401,25.86457,38.84262,2596.41294,-1.02145,54.2589,9.693469148426981,3.6110723083123406,0.0
26.08431,25.89599,38.77477,2591.23484,-0.97686,54.27834,9.747428749222857,3.6311736793713485,0.0
26.10457,25.92737,38.71013,2586.01631,-0.93062,54.29776,9.796874238366831,3.6495934250665965,0.0
26.12478,25.9587,38.64879,2580.75952,-0.88289,54.31717,9.841617567572298,3.666261492463478,0.0
26.14493,25.98998,38.59085,2575.4668,-0.83383,54.33657,9.881491613245608,3.6811156236260687,0.0
26.16504,26.0212,38.53638,2570.14058,-0.78358,54.35595,9.916351617843755,3.6941018925608025,0.0
26.1851,26.05238,38.48543,2564.78342,-0.73232,54.37532,9.946076438418515,3.705175170332,0.0
26.2051,26.0835,38.43805,2559.39798,-0.68021,54.39467,9.970569582349952,3.7142995108998633,0.0
26.22505,26.11457,38.39428,2553.98701,-0.62743,54.41401,9.989760013683721,3.7214484515023294,0.0
26.24496,26.14559,38.35415,2548.55334,-0.57415,54.43333,10.003602717427642,3.726605222870396,0.0
26.26481,26.17655,38.31767,2543.09985,-0.52055,54.45263,10.012079013285362,3.7297628661021633,0.0
26.2846,26.20747,38.28484,2537.6295,-0.46681,54.47192,10.015196614748408,3.730924254676179,0.0
26.30435,26.23832,38.25564,2532.14524,-0.41311,54.4912,10.012989433893402,3.730102021733266,0.0
26.32405,26.26913,38.23006,2526.65008,-0.35964,54.51045,10.005517136688054,3.7273183944163018,0.0
26.34369,26.29988,38.20805,2521.14701,-0.30656,54.52969,9.992864457876372,3.722604938646934,0.0
26.36328,26.33057,38.18957,2515.63901,-0.25405,54.54891,9.97514028852878,3.716002219213993,0.0
26.38282,26.36122,38.17457,2510.12906,-0.20229,54.56812,9.952476552926676,3.707559381383437,0.0
26.40231,26.3918,38.16296,2504.62009,-0.15144,54.58731,9.925026894702867,3.6973336614510934,0.0
26.42174,26.42234,38.15468,2499.11497,-0.10167,54.60648,9.892965194728779,3.6853898346166485,0.0
26.44113,26.45281,38.14962,2493.61652,-0.05315,54.62563,9.856483945353457,3.6717996093449004,0.0
26.46046,26.48324,38.1477,2488.12748,-0.00601,54.64477,9.81579250704103,3.6566409779173425,0.0
26.47974,26.5136,38.1488,2482.65053,0.03958,54.66389,9.771115274332752,3.639997533204768,0.0
26.49897,26.54392,38.15281,2477.18823,0.0835,54.683,9.722689778247068,3.621957761761365,0.0
26.51815,26.57418,38.15959,2471.74306,0.1256,54.70208,9.670764751973671,3.6026143232448584,0.0
26.53727,26.60438,38.16902,2466.31736,0.16577,54.72116,9.615598185775617,3.5820633258163683,0.0
26.55635,26.63453,38.18095,2460.91339,0.20388,54.74021,9.557455395741343,3.5604036066997233,0.0
26.57537,26.66463,38.19524,2455.53327,0.23984,54.75925,9.496607129230405,3.537736026410153,0.0
26.59435,26.69467,38.21173,2450.17899,0.27353,54.77828,9.433327727815445,3.514162784401822,0.0
26.61327,26.72466,38.23028,2444.85242,0.30489,54.79729,9.367893366155966,3.4897867630019936,0.0
26.63214,26.7546,38.25071,2439.5553,0.33381,54.81628,9.300580382724103,3.4647109055624377,0.0
26.65097,26.78448,38.27286,2434.28922,0.36023,54.83526,9.231663715704476,3.439037633790985,0.0
26.66974,26.81431,38.29656,2429.05565,0.3841,54.85423,9.161415454697744,3.412868308222989,0.0
26.68847,26.84409,38.32165,2423.85591,0.40535,54.87318,9.090103516266327,3.386302734827262,0.0
26.70714,26.87381,38.34795,2418.6912,0.42395,54.89212,9.017990448805616,3.3594387197891473,0.0
26.72577,26.90349,38.37528,2413.56256,0.43985,54.91105,8.945332369821141,3.3323716736183147,0.0
26.74435,26.93311,38.40348,2408.47093,0.45305,54.92997,8.872378036509279,3.3051942649156114,0.0
26.76288,26.96268,38.43236,2403.41708,0.46351,54.94887,8.799368048459977,3.2779961233588457,0.0
26.78137,26.9922,38.46175,2398.40168,0.47123,54.96776,8.726534179559275,3.2508635908189087,0.0
26.7998,27.02168,38.49148,2393.42527,0.47621,54.98664,8.654098834596423,3.223879518931616,0.0
26.81819,27.0511,38.52137,2388.48825,0.47846,55.00551,8.582274624776025,3.197123110964821,0.0
26.83654,27.08047,38.55126,2383.59093,0.478,55.02437,8.511264055264574,3.1706698054212734,0.0
26.85483,27.1098,38.58097,2378.73347,0.47484,55.04322,8.441259317059522,3.1445911985043744,0.0
26.87309,27.13907,38.61034,2373.91595,0.46902,55.06206,8.37244217488417,3.1189550023560715,0.0
26.89129,27.1683,38.63921,2369.13833,0.46058,55.08089,8.30498394234669,3.093825035802938,0.0
26.90945,27.19748,38.66742,2364.40046,0.44955,55.09971,8.239045535423967,3.0692612442803213,0.0
26.92757,27.22661,38.69482,2359.7021,0.43599,55.11853,8.174777595252493,3.0453197455751715,0.0
26.94564,27.2557,38.72124,2355.04291,0.41995,55.13734,8.112320671271718,3.0220528980517596,0.0
26.96367,27.28474,38.74655,2350.42247,0.4015,55.15614,8.051805456000022,2.99950938811191,0.0
26.98165,27.31374,38.77061,2345.84026,0.38069,55.17493,7.9933530630118765,2.977734333748805,0.0
26.99959,27.34269,38.79327,2341.29568,0.3576,55.19372,7.937075340047751,2.9567694011886596,0.0
27.01749,27.3716,38.8144,2336.78807,0.3323,55.2125,7.883075209677681,2.936652931796867,0.0
27.03534,27.40046,38.83388,2332.31668,0.30487,55.23127,7.831447030399805,2.9174200765967058,0.0
27.05315,27.42928,38.85159,2327.88068,0.27539,55.25004,7.782276971570936,2.8991029359408413,0.0
27.07092,27.45805,38.86741,2323.47919,0.24396,55.2688,7.735643396133179,2.881730702087061,0.0
27.08865,27.48678,38.88123,2319.11125,0.21065,55.28756,7.691617245602669,2.8653298026167078,0.0
27.10634,27.51547,38.89296,2314.77586,0.17556,55.30632,7.65026242235779,2.8499240428471047,0.0
27.12398,27.54412,38.90248,2310.47194,0.13879,55.32507,7.611636164758535,2.8355347455733777,0.0
27.14159,27.57272,38.90972,2306.19838,0.10043,55.34382,7.575789411140165,2.8221808866656826,0.0
27.15915,27.60128,38.91458,2301.95399,0.06059,55.36256,7.542767149228872,2.809879225235724,0.0
27.17667,27.6298,38.917,2297.73756,0.01937,55.38131,7.512608747923848,2.798644427234307,0.0
27.19415,27.65828,38.91689,2293.5478,-0.02314,55.40004,7.485348268875598,2.7884891815224613,0.0
27.2116,27.68672,38.9142,2289.3834,-0.06682,55.41878,7.461014755630007,2.779424307585213,0.0
27.229,27.71512,38.90886,2285.24301,-0.11156,55.43751,7.439632498525176,2.771458854212619,0.0
27.24636,27.74347,38.90083,2281.12523,-0.15726,55.45624,7.421221273786683,2.764600188569052,0.0
27.26368,27.77179,38.89006,2277.02862,-0.20381,55.47497,7.405796555669648,2.758854075221697,0.0
27.28097,27.80007,38.87652,2272.95171,-0.2511,55.49369,7.393369700684149,2.7542247447693664,0.0
27.29821,27.8283,38.86017,2268.89299,-0.299,55.51242,7.383948103261418,2.750714951832251,0.0
27.31542,27.8565,38.84099,2264.85093,-0.34742,55.53114,7.377535322439759,2.7483260222457653,0.0
27.33259,27.88466,38.81897,2260.82397,-0.39624,55.54986,7.374131179339195,2.747057889372409,0.0
27.34971,27.91278,38.79409,2256.8105,-0.44533,55.56858,7.373731825469307,2.7469091195482433,0.0
27.3668,27.94085,38.76635,2252.80892,-0.4946,55.58729,7.37632978202172,2.747876926720368,0.0
27.38386,27.96889,38.73575,2248.81757,-0.54392,55.606,7.381913950589929,2.7499571764403434,0.0
27.40087,27.99689,38.70231,2244.83479,-0.59319,55.62472,7.390469595842507,2.7531443794095036,0.0
27.41784,28.02486,38.66603,2240.8589,-0.64228,55.64343,7.401978300942002,2.757431674871321,0.0
27.43478,28.05278,38.62696,2236.88819,-0.69108,55.66213,7.416417896655117,2.7628108042030854,0.0
27.45168,28.08066,38.58511,2232.92096,-0.73948,55.68084,7.433762365274919,2.769272075124397,0.0
27.46854,28.1085,38.54052,2228.95545,-0.78736,55.69954,7.453981720716329,2.776804317029582,0.0
27.48536,28.13631,38.49323,2224.98994,-0.83462,55.71824,7.477041866309217,2.7853948280118797,0.0
27.50214,28.16407,38.4433,2221.02268,-0.88114,55.73694,7.502904432078542,2.7950293142460123,0.0
27.51889,28.1918,38.39079,2217.0519,-0.92681,55.75564,7.531526593491115,2.8056918224665877,0.0
27.5356,28.21949,38.33574,2213.07585,-0.97153,55.77433,7.5628608739098855,2.817364666377116,0.0
27.55227,28.24713,38.27824,2209.09278,-1.01518,55.79302,7.596854933255294,2.8300283479208135,0.0
27.5689,28.27474,38.21835,2205.10092,-1.05766,55.8117,7.633451345640683,2.843661474443933,0.0
27.58549,28.30231,38.15616,2201.09854,-1.09886,55.83039,7.672587369003081,2.858240672877174,0.0
27.60205,28.32984,38.09174,2197.0839,-1.13869,55.84906,7.71419471008065,2.873740502183599,0.0
27.61856,28.35732,38.0252,2193.05526,-1.17704,55.86774,7.758199288322723,2.890133365408908,0.0
27.63504,28.38477,37.95663,2189.01094,-1.21382,55.88641,7.804521002665566,2.907389422799274,0.0
27.65148,28.41218,37.88612,2184.94924,-1.24893,55.90507,7.853073505339121,2.9254765075384026,0.0
27.66788,28.43954,37.81379,2180.86852,-1.28228,55.92373,7.903763987201983,2.944360045779167,0.0
27.68425,28.46687,37.73975,2176.76714,-1.31378,55.94239,7.956492979299762,2.964002982718871,0.0
27.70057,28.49415,37.66411,2172.64351,-1.34336,55.96104,8.01115417563725,2.984365716577218,0.0
27.71685,28.52139,37.58698,2168.4961,-1.37092,55.97968,8.067634282303697,3.005406042391515,0.0
27.7331,28.54859,37.50851,2164.32338,-1.39639,55.99831,8.125812898285925,3.0270791076164096,0.0
27.74931,28.57575,37.4288,2160.12392,-1.4197,56.01694,8.185562433390684,3.0493373815478164,0.0
27.76548,28.60286,37.34799,2155.89632,-1.44079,56.03556,8.246748068744926,3.072130640608228,0.0
27.7816,28.62993,37.26622,2151.63923,-1.45958,56.05417,8.309227765294509,3.0954059715127027,0.0
27.79769,28.65696,37.18362,2147.35139,-1.47604,56.07277,8.37285232567113,3.119107794315929,0.0
27.81374,28.68394,37.10033,2143.0316,-1.49009,56.09137,8.437465514492139,3.143177907227071,0.0
27.82975,28.71088,37.01648,2138.67873,-1.50171,56.10995,8.502904241932933,3.1675555549953103,0.0
27.84572,28.73777,36.93223,2134.29176,-1.51084,56.12853,8.568998814955863,3.1921775224992315,0.0
27.86165,28.76462,36.84771,2129.86972,-1.51747,56.14709,8.635573260072208,3.216978254984144,0.0
27.87753,28.79142,36.76307,2125.41176,-1.52156,56.16564,8.702445720804155,3.2418900061271323,0.0
27.89338,28.81817,36.67845,2120.91712,-1.5231,56.18418,8.76942893233167,3.266843014855497,0.0
27.90919,28.84488,36.594,2116.38514,-1.52207,56.20271,8.836330774859054,3.291765711490366,0.0
27.92495,28.87154,36.50985,2111.81527,-1.51848,56.22122,8.902954906224174,3.316584953410272,0.0
27.94067,28.89816,36.42616,2107.20706,-1.51233,56.23972,8.969101473251829,3.341226290048998,0.0
27.95635,28.92472,36.34306,2102.5602,-1.50364,56.25821,9.034567900054906,3.365614256558501,0.0
27.97199,28.95124,36.26069,2097.87447,-1.49242,56.27668,9.099149750289362,3.389672695021584,0.0
27.98759,28.97771,36.17919,2093.14979,-1.47871,56.29514,9.162641659040958,3.4133251016042148,0.0
28.00314,29.00412,36.09869,2088.38619,-1.46254,56.31358,9.224838328631245,3.4364949975194645,0.0
28.01865,29.03049,36.01932,2083.58385,-1.44396,56.33201,9.285535581337527,3.4591063211933895,0.0
28.03412,29.0568,35.94122,2078.74304,-1.42303,56.35041,9.344531460628438,3.48108383850426,0.0
28.04954,29.08307,35.86449,2073.86418,-1.39981,56.3688,9.40162737136072,3.5023535675358604,0.0
28.06493,29.10928,35.78927,2068.94782,-1.37438,56.38718,9.456629248077368,3.522843213799286,0.0
28.08026,29.13544,35.71566,2063.99463,-1.34681,56.40553,9.50934873964821,3.5424826115427313,0.0
28.09556,29.16155,35.64377,2059.00539,-1.3172,56.42387,9.559604397500824,3.5612041663987704,0.0
28.11081,29.1876,35.5737,2053.98104,-1.28564,56.44218,9.607222854089386,3.5789432943950077,0.0
28.12601,29.2136,35.50554,2048.9226,-1.25224,56.46048,9.652039977715352,3.595638852155172,0.0
28.14117,29.23954,35.43939,2043.83123,-1.2171,56.47875,9.693901989626186,3.611233553047782,0.0
28.15629,29.26543,35.37533,2038.70819,-1.18035,56.49701,9.732666529327552,3.625674364042965,0.0
28.17136,29.29126,35.31343,2033.55486,-1.14211,56.51524,9.768203654351243,3.638912878152323,0.0
28.18639,29.31704,35.25375,2028.37272,-1.10252,56.53345,9.800396761272175,3.650905657531993,0.0
28.20137,29.34276,35.19636,2023.16332,-1.06171,56.55164,9.829143415643477,3.6616145426553013,0.0
28.2163,29.36843,35.1413,2017.92834,-1.01982,56.56981,9.854356079576597,3.671006923355501,0.0
28.23119,29.39404,35.08863,2012.6695,-0.977,56.58795,9.875962727046504,3.6790559680431523,0.0
28.24603,29.41959,35.03836,2007.38862,-0.9334,56.60607,9.893907338551003,3.6857408079797227,0.0
28.26083,29.44508,34.99053,2002.08759,-0.88917,56.62417,9.908150268463569,3.6910466741261927,0.0
28.27558,29.47051,34.94516,1996.76833,-0.84446,56.64224,9.918668480286373,3.694964984780997,0.0
28.29029,29.49589,34.90225,1991.43283,-0.79944,56.66029,9.925455647011324,3.6974933829671457,0.0
28.30495,29.5212,34.8618,1986.08311,-0.75427,56.67832,9.928522115736625,3.6986357232509683,0.0
28.31956,29.54646,34.82381,1980.72123,-0.7091,56.69632,9.927894737781005,3.698402008455192,0.0
28.33413,29.57166,34.78825,1975.34925,-0.66409,56.71429,9.923616567480206,3.6968082774527096,0.0
28.34865,29.5968,34.75511,1969.96926,-0.61939,56.73225,9.915746434747536,3.693876445934135,0.0
28.36312,29.62188,34.72435,1964.58335,-0.57518,56.75017,9.904358398248041,3.6896341027007997,0.0
28.37755,29.64689,34.69593,1959.1936,-0.53159,56.76808,9.889541087645274,3.6841142646343625,0.0
28.39193,29.67185,34.66981,1953.80208,-0.48879,56.78595,9.871396944742523,3.6773550940019564,0.0
28.40627,29.69675,34.64591,1948.41083,-0.44691,56.80381,9.850041374586512,3.669399582219974,0.0
28.42056,29.72159,34.62419,1943.02186,-0.4061,56.82164,9.82560181844867,3.6602952045152053,0.0
28.4348,29.74637,34.60457,1937.63716,-0.3665,56.83944,9.798216761365383,3.650093550207463,0.0
28.449,29.77109,34.58698,1932.25864,-0.32824,56.85722,9.768034687275275,3.6388499334707345,0.0
28.46315,29.79575,34.57134,1926.88819,-0.29146,56.87497,9.735212995016823,3.6266229895137636,0.0
28.47725,29.82034,34.55755,1921.52763,-0.25627,56.8927,9.699916888337661,3.613474261079316,0.0
28.49131,29.84488,34.54552,1916.1787,-0.22278,56.91041,9.662318252781832,3.5994677800551287,0.0
28.50533,29.86936,34.53516,1910.8431,-0.19111,56.92809,9.622594531808739,3.5846696487986485,0.0
28.51929,29.89378,34.52637,1905.52244,-0.16135,56.94575,9.58092761378863,3.5691476255135637,0.0
28.53322,29.91814,34.51903,1900.21824,-0.1336,56.96338,9.537502740696677,3.552970717709635,0.0
28.54709,29.94243,34.51304,1894.93197,-0.10795,56.98099,9.492507448302685,3.5362087873954793,0.0
28.56092,29.96667,34.50828,1889.66498,-0.08447,56.99858,9.44613054662174,3.518932171269604,0.0
28.57471,29.99085,34.50464,1884.41857,-0.06323,57.01614,9.398561148203228,3.5012113187325085,0.0
28.58845,30.01497,34.502,1879.19391,-0.04429,57.03368,9.349987750672321,3.483116450109238,0.0
28.60215,30.03904,34.50024,1873.99211,-0.02772,57.0512,9.300597378736839,3.4647172370243733,0.0
28.6158,30.06304,34.49924,1868.81419,-0.01354,57.0687,9.25057478967359,3.446082506424782,0.0
28.62941,30.08698,34.49887,1863.66106,-0.0018,57.08617,9.200101745168956,3.427279969321079,0.0
28.64298,30.11087,34.49902,1858.53354,0.00747,57.10363,9.149356351299062,3.408375974912873,0.0
28.6565,30.1347,34.49956,1853.43238,0.01425,57.12106,9.098512467359,3.3894352903621017,0.0
28.66998,30.15847,34.50036,1848.35821,0.01852,57.13847,9.047739183382827,3.3705209061554733,0.0
28.68341,30.18218,34.50131,1843.31158,0.02029,57.15587,8.997200365263845,3.3516938666498173,0.0
28.69681,30.20584,34.50228,1838.29296,0.01955,57.17324,8.947054265675925,3.333013125130029,0.0
28.71015,30.22944,34.50315,1833.30272,0.01632,57.19059,8.897453198309838,3.314535422453534,0.0
28.72346,30.25298,34.50381,1828.34114,0.01061,57.20792,8.8485432724102,3.2963151881583177,0.0
28.73673,30.27647,34.50413,1823.40844,0.00244,57.22524,8.800464184107286,3.278404462728534,0.0
28.74995,30.2999,34.504,1818.50473,-0.00815,57.24253,8.75334906071031,3.2608528395896546,0.0
28.76313,30.32328,34.50332,1813.63004,-0.02114,57.25981,8.707324353836986,3.2437074252964226,0.0
28.77627,30.3466,34.50196,1808.78435,-0.03647,57.27707,8.662509777074895,3.2270128163100624,0.0
28.78937,30.36987,34.49983,1803.96752,-0.05409,57.29431,8.619018283777667,3.210811090726786,0.0
28.80243,30.39308,34.49682,1799.17936,-0.07396,57.31154,8.576956080525518,3.1951418132921856,0.0
28.81544,30.41624,34.49283,1794.41962,-0.096,57.32875,8.536422671859803,3.180042052066039,0.0
28.82842,30.43934,34.48777,1789.68796,-0.12017,57.34594,8.497510931919557,3.1655464051088003,0.0
28.84136,30.46239,34.48154,1784.98397,-0.14637,57.36312,8.460307198789566,3.1516870356287474,0.0
28.85425,30.48539,34.47406,1780.3072,-0.17455,57.38028,8.424891387495704,3.138493714075706,0.0
28.86711,30.50833,34.46524,1775.6571,-0.20462,57.39742,8.39133711779283,3.1259938657454156,0.0
28.87993,30.53122,34.45501,1771.0331,-0.23649,57.41455,8.359711853121375,3.1142126225445055,0.0
28.8927,30.55406,34.44329,1766.43455,-0.27009,57.43166,8.330077047321389,3.103172877645341,0.0
28.90544,30.57685,34.43001,1761.86073,-0.30531,57.44876,8.302488295989624,3.092895341870524,0.0
28.91814,30.59959,34.4151,1757.31091,-0.34206,57.46585,8.276995489577173,3.08339860072578,0.0
28.9308,30.62227,34.39851,1752.78427,-0.38026,57.48292,8.253642965636004,3.0746991711158107,0.0
28.94343,30.6449,34.38019,1748.27995,-0.41979,57.49998,8.232469657865067,3.0668115568678798,0.0
28.95601,30.66748,34.36007,1743.79707,-0.46055,57.51702,8.213509239895384,3.059748302295551,0.0
28.96856,30.69001,34.33812,1739.33467,-0.50245,57.53405,8.196790261991351,3.0535200431235148,0.0
28.98106,30.71249,34.3143,1734.89176,-0.54536,57.55106,8.182336279140326,3.048135554204331,0.0
28.99353,30.73492,34.28857,1730.46733,-0.58919,57.56806,8.17016596922594,3.043601793541096,0.0
29.00597,30.7573,34.26091,1726.06032,-0.63382,57.58505,8.160293240242552,3.0399239422276514,0.0
29.01836,30.77963,34.23128,1721.66961,-0.67914,57.60203,8.152727325750812,3.037105440008286,0.0
29.03072,30.80191,34.19968,1717.29409,-0.72503,57.61899,8.147472867999848,3.0351480162429487,0.0
29.04304,30.82414,34.16609,1712.9326,-0.77139,57.63594,8.144529988363779,3.034051716146689,0.0
29.05532,30.84632,34.1305,1708.58395,-0.8181,57.65288,8.143894344975816,3.033814922259889,0.0
29.06757,30.86845,34.0929,1704.24692,-0.86504,57.6698,8.145557177631202,3.0344343711757813,0.0
29.07978,30.89053,34.05331,1699.92028,-0.91209,57.68671,8.1495053402517,3.0359051656343268,0.0
29.09195,30.91256,34.01173,1695.60278,-0.95915,57.70361,8.155721321407718,3.0382207821672513,0.0
29.10409,30.93454,33.96816,1691.29313,-1.00609,57.7205,8.164183253569034,3.0413730745441763,0.0
29.11619,30.95647,33.92264,1686.99004,-1.05281,57.73737,8.174864911958235,3.0453522733455003,0.0
29.12825,30.97835,33.87518,1682.69222,-1.09918,57.75423,8.187735704072473,3.0501469820589757,0.0
29.14028,31.00018,33.82581,1678.39835,-1.1451,57.77107,8.202760651090424,3.0557441701533112,0.0
29.15227,31.02197,33.77457,1674.1071,-1.19044,57.78791,8.219900362582578,3.0621291636570898,0.0
29.16422,31.0437,33.72149,1669.81714,-1.23511,57.80473,8.239111006104439,3.0692856338314347,0.0
29.17614,31.06539,33.66661,1665.52715,-1.27899,57.82153,8.260344273381934,3.0771955845731873,0.0
29.18802,31.08702,33.60998,1661.2358,-1.32197,57.83833,8.283547345013167,3.0858393392653793,0.0
29.19987,31.10861,33.55165,1656.94175,-1.36395,57.8551,8.308662855682176,3.095195527818442,0.0
29.21168,31.13014,33.49167,1652.6437,-1.40482,57.87187,8.335628862065173,3.105241074714438,0.0
29.22345,31.15163,33.43012,1648.34032,-1.4445,57.88862,8.364378815707358,3.1159511889029594,0.0
29.23518,31.17306,33.36704,1644.03034,-1.48287,57.90536,8.394841543245212,3.12729935643341,0.0
29.24688,31.19445,33.30251,1639.71246,-1.51984,57.92208,8.426941236453256,3.139257336747167,0.0
29.25855,31.21579,33.23659,1635.38543,-1.55533,57.93879,8.460597454647038,3.1517951635727464,0.0
29.27018,31.23707,33.16937,1631.04801,-1.58924,57.95548,8.495725142018413,3.1648811513836645,0.0
29.28177,31.25831,33.10091,1626.699,-1.6215,57.97216,8.53223466247092,3.1784819083755216,0.0
29.29332,31.27949,33.0313,1622.33722,-1.65203,57.98882,8.570031854566523,3.1925623569351105,0.0
29.30484,31.30063,32.96063,1617.96152,-1.68074,58.00546,8.609018109066183,3.207085762526326,0.0
29.31632,31.32171,32.88897,1613.5708,-1.70757,58.02209,8.649090471528131,3.222013771910714,0.0
29.32777,31.34274,32.81641,1609.16401,-1.73247,58.0387,8.69014177225618,3.2373064615566407,0.0
29.33917,31.36372,32.74305,1604.74011,-1.75536,58.0553,8.732060785763537,3.2529223970437573,0.0
29.35055,31.38465,32.66897,1600.29815,-1.77619,58.07187,8.774732421668176,3.268818704176548,0.0
29.36188,31.40553,32.59427,1595.83721,-1.79492,58.08843,8.818037948728067,3.2849511524433503,0.0
29.37318,31.42635,32.51905,1591.35641,-1.81151,58.10497,8.861855253380265,3.3012742513289655,0.0
29.38444,31.44713,32.44339,1586.85498,-1.82592,58.1215,8.906059133841195,3.317741359874756,0.0
29.39566,31.46784,32.3674,1582.33216,-1.83811,58.138,8.950521630418109,3.33430480972835,0.0
29.40685,31.48851,32.29116,1577.78728,-1.84808,58.15448,8.995112392275791,3.3509160417738917,0.0
29.418,31.50912,32.21478,1573.21975,-1.8558,58.17095,9.039699080405551,3.3675257562485976,0.0
29.42911,31.52968,32.13835,1568.62901,-1.86127,58.18739,9.08414780609233,3.3840840760832815,0.0
29.44018,31.55018,32.06197,1564.01463,-1.86449,58.20381,9.128323603610992,3.40054072299417,0.0
29.45122,31.57063,31.98572,1559.37622,-1.86545,58.22022,9.172090935371983,3.4168452056629457,0.0
29.46222,31.59103,31.90971,1554.71346,-1.86418,58.2366,9.215314227165187,3.4329470191291667,0.0
29.47318,31.61137,31.83403,1550.02614,-1.8607,58.25296,9.257858430604404,3.448795854315638,0.0
29.4841,31.63165,31.75875,1545.31412,-1.85504,58.26929,9.29958960931687,3.464341816399426,0.0
29.49498,31.65188,31.68398,1540.57733,-1.84723,58.28561,9.34037554492915,3.479535650557553,0.0
29.50583,31.67205,31.6098,1535.8158,-1.83732,58.3019,9.380086358338252,3.4943289734068275,0.0
29.51664,31.69217,31.53629,1531.02964,-1.82535,58.31816,9.418595141391762,3.5086745083213224,0.0
29.52741,31.71223,31.46352,1526.21904,-1.81139,58.3344,9.455778593602156,3.5225263226252035,0.0
29.53814,31.73223,31.39158,1521.38427,-1.79551,58.35062,9.491517658264748,3.535840064563404,0.0
29.54883,31.75217,31.32054,1516.52569,-1.77777,58.36681,9.525698152016604,3.548573197828887,0.0
29.55948,31.77206,31.25047,1511.64374,-1.75826,58.38298,9.558211381755354,3.5606852313811324,0.0
29.57009,31.79189,31.18142,1506.73894,-1.73707,58.39912,9.588954742693026,3.572137942236925,0.0
29.58067,31.81165,31.11346,1501.81189,-1.71428,58.41524,9.617832291354844,3.582895588927486,0.0
29.5912,31.83136,31.04666,1496.86326,-1.68999,58.43133,9.644755287416134,3.5929251133469755,0.0
29.6017,31.85101,30.98105,1491.89381,-1.66432,58.44739,9.669642698512916,3.6021963288077234,0.0
29.61216,31.87061,30.91668,1486.90434,-1.63737,58.46343,9.692421662422634,3.610682092214706,0.0
29.62257,31.89014,30.8536,1481.89575,-1.60926,58.47944,9.713027901438814,3.6183584584310116,0.0
29.63295,31.90961,30.79184,1476.86898,-1.5801,58.49542,9.731406084264634,3.6252048150927223,0.0
29.64329,31.92902,30.73144,1471.82504,-1.55002,58.51137,9.747510131319977,3.631203996343817,0.0
29.65358,31.94837,30.67241,1466.765,-1.51915,58.52729,9.761303459996475,3.636342374200132,0.0
29.66384,31.96766,30.61479,1461.68996,-1.48762,58.54319,9.772759167140089,3.6406099265289242,0.0
29.67406,31.98688,30.55858,1456.60109,-1.45556,58.55906,9.781860146783584,3.644000280907312,0.0
29.68423,32.00605,30.50379,1451.49959,-1.42311,58.5749,9.78859914194096,3.6465107339170686,0.0
29.69437,32.02515,30.45043,1446.38669,-1.3904,58.59071,9.79297873011241,3.648142245744834,0.0
29.70447,32.04419,30.3985,1441.26366,-1.35756,58.60649,9.79501124295137,3.648899410255978,0.0
29.71453,32.06317,30.34799,1436.13179,-1.32475,58.62224,9.794718621347402,3.648790401009162,0.0
29.72454,32.08209,30.29889,1430.99239,-1.2921,58.63796,9.79213220794416,3.6478268939638223,0.0
29.73452,32.10095,30.25118,1425.8468,-1.25973,58.65365,9.787292479881001,3.646023967919386,0.0
29.74445,32.11974,30.20484,1420.69635,-1.2278,58.66931,9.780248725143863,3.6433999839474613,0.0
29.75435,32.13847,30.15984,1415.54237,-1.19643,58.68495,9.771058666609413,3.639976445338385,0.0
29.76421,32.15714,30.11616,1410.38623,-1.16575,58.70055,9.759788038289143,3.635777839741006,0.0
29.77402,32.17574,30.07375,1405.22923,-1.1359,58.71612,9.74651011882691,3.6308314653782374,0.0
29.7838,32.19428,30.03257,1400.07273,-1.10699,58.73167,9.731305227551678,3.625167243313447,0.0
29.79353,32.21276,29.99259,1394.91801,-1.07916,58.74718,9.7142601887033,3.6188175178604625,0.0
29.80323,32.23117,29.95374,1389.76637,-1.05252,58.76267,9.695467769604319,3.611816847287787,0.0
29.81288,32.24953,29.91598,1384.61909,-1.02717,58.77812,9.675026098574648,3.604201786976499,0.0
29.8225,32.26782,29.87926,1379.47739,-1.00324,58.79355,9.653038068412576,3.596010667201235,0.0
29.83207,32.28604,29.8435,1374.34248,-0.98082,58.80895,9.629610731117282,3.5872833676483955,0.0
29.84161,32.3042,29.80866,1369.21554,-0.96001,58.82432,9.604854689354756,3.5780610907211936,0.0
29.8511,32.3223,29.77466,1364.09769,-0.94089,58.83966,9.578883489907549,3.568386135583725,0.0
29.86056,32.34034,29.74144,1358.99003,-0.92356,58.85497,9.551813024027515,3.558301674776589,0.0
29.86998,32.35831,29.70892,1353.8936,-0.9081,58.87025,9.523760939247419,3.54785153510123,0.0
29.87935,32.37623,29.67704,1348.80939,-0.89456,58.8855,9.494846066758347,3.5370799843029688,0.0
29.88869,32.39408,29.64572,1343.73837,-0.88303,58.90073,9.465187868061458,3.5260315249342042,0.0
29.89799,32.41186,29.61489,1338.68143,-0.87355,58.91592,9.434905904107211,3.514750696594823,0.0
29.90725,32.42959,29.58447,1333.63941,-0.86618,58.93109,9.404119329652735,3.5032818875670046,0.0
29.91647,32.44725,29.55438,1328.6131,-0.86096,58.94624,9.372946415105693,3.491669156689486,0.0
29.92565,32.46485,29.52455,1323.60324,-0.85792,58.96135,9.341504097628931,3.47995606613223,0.0
29.9348,32.48238,29.4949,1318.61051,-0.8571,58.97644,9.309907562823133,3.4681855255622045,0.0
29.9439,32.49986,29.46535,1313.63553,-0.85852,58.9915,9.278269857864826,3.456399648027119,0.0
29.95297,32.51728,29.43583,1308.67887,-0.86218,59.00654,9.246701536555507,3.4446396177268737,0.0
29.962,32.53463,29.40625,1303.74102,-0.86811,59.02154,9.215310336345132,3.432945569696322,0.0
29.97099,32.55192,29.37654,1298.82244,-0.87629,59.03653,9.184200887052056,3.421356481295777,0.0
29.97994,32.56915,29.34663,1293.92352,-0.88673,59.05148,9.153474450648206,3.409910075274145,0.0
29.98886,32.58632,29.31645,1289.04458,-0.8994,59.06642,9.12322869124939,3.3986427340842607,0.0
29.99774,32.60343,29.28591,1284.18589,-0.9143,59.08132,9.093557474166104,3.3875894250240295,0.0
30.00658,32.62048,29.25495,1279.34769,-0.93138,59.09621,9.064550692648792,3.376783635694476,0.0
30.01538,32.63747,29.2235,1274.53011,-0.95063,59.11107,9.036294120858376,3.3662573192273966,0.0
30.02415,32.6544,29.19149,1269.73327,-0.972,59.1259,9.008869291398723,3.356040848662985,0.0
30.03288,32.67127,29.15886,1264.95722,-0.99544,59.14071,8.982353395676913,3.346162979831405,0.0
30.04157,32.68808,29.12554,1260.20195,-1.02091,59.1555,8.95681920528355,3.336650822064893,0.0
30.05023,32.70483,29.09148,1255.46739,-1.04834,59.17026,8.932335012567975,3.3275298160604594,0.0
30.05885,32.72153,29.05661,1250.75344,-1.07769,59.185,8.908964588561423,3.3188237182051554,0.0
30.06743,32.73816,29.02089,1246.05994,-1.10887,59.19972,8.886767156409373,3.3105545906789264,0.0
30.07598,32.75474,28.98425,1241.38668,-1.14183,59.21441,8.865797378558122,3.3027427966812746,0.0
30.08449,32.77125,28.94666,1236.7334,-1.17648,59.22909,8.846105355948593,3.2954070001309264,0.0
30.09297,32.78771,28.90806,1232.09978,-1.21274,59.24374,8.827736637593546,3.288564169233603,0.0
30.10141,32.80411,28.86841,1227.48549,-1.25053,59.25837,8.810732238982611,3.282229583338376,0.0
30.10982,32.82046,28.82768,1222.89013,-1.28977,59.27298,8.795128667887148,3.2764168425506512,0.0
30.11819,32.83674,28.78583,1218.31326,-1.33036,59.28756,8.78095795622071,3.2711378796010395,0.0
30.12653,32.85297,28.74281,1213.75441,-1.37221,59.30213,8.768247696777555,3.266402973531411,0.0
30.13483,32.86914,28.69862,1209.21306,-1.41521,59.31667,8.75702108377431,3.2622207647977364,0.0
30.14309,32.88526,28.65321,1204.68866,-1.45928,59.33119,8.747296956261705,3.2585982714420987,0.0
30.15133,32.90131,28.60657,1200.18063,-1.50431,59.3457,8.73908984363237,3.255540906045541,0.0
30.15952,32.91732,28.55868,1195.68834,-1.55019,59.36018,8.732410012546454,3.253052493209103,0.0
30.16769,32.93326,28.50953,1191.21114,-1.59682,59.37464,8.727263514791439,3.251135287382854,0.0
30.17582,32.94915,28.4591,1186.74836,-1.64409,59.38908,8.723652235691965,3.2497899908998296,0.0
30.18391,32.96498,28.40738,1182.29929,-1.6919,59.4035,8.721573942838912,3.2490157721288906,0.0
30.19197,32.98076,28.35438,1177.86319,-1.74012,59.4179,8.721022335049428,3.248810283713634,0.0
30.2,32.99648,28.30008,1173.4393,-1.78867,59.43228,8.721987091574702,3.2491696809035697,0.0
30.20799,33.01214,28.2445,1169.02686,-1.83741,59.44665,8.72445392171858,3.250088640038372,0.0
30.21596,33.02775,28.18763,1164.62506,-1.88625,59.46099,8.728404615154272,3.2515603772921677,0.0
30.22388,33.04331,28.1295,1160.23309,-1.93508,59.47531,8.733817093297237,3.2535766678112927,0.0
30.23178,33.0588,28.07011,1155.85013,-1.98378,59.48961,8.740665462262866,3.2561278654424215,0.0
30.23964,33.07425,28.00947,1151.47533,-2.03225,59.50389,8.74892006797711,3.259202923262725,0.0
30.24746,33.08963,27.94761,1147.10784,-2.08037,59.51815,8.758547554112136,3.262789415162429,0.0
30.25526,33.10497,27.88455,1142.74681,-2.12806,59.53239,8.769510923614243,3.2668735587655764,0.0
30.26302,33.12024,27.82032,1138.39138,-2.17519,59.54661,8.78176960462472,3.2714402399872884,0.0
30.27074,33.13546,27.75494,1134.04068,-2.22168,59.56081,8.795279521679369,3.2764730395574553,0.0
30.27844,33.15063,27.68844,1129.69385,-2.26741,59.57499,8.809993173094817,3.281954261849178,0.0
30.2861,33.16574,27.62087,1125.35003,-2.3123,59.58915,8.8258597154662,3.287864966356374,0.0
30.29373,33.1808,27.55225,1121.00836,-2.35626,59.60329,8.842825056248278,3.294185002182679,0.0
30.30132,33.1958,27.48262,1116.668,-2.39918,59.61741,8.860831955354218,3.300893045889672,0.0
30.30889,33.21074,27.41202,1112.3281,-2.44099,59.63151,8.87982013670625,3.3079666430524246,0.0
30.31642,33.22564,27.34051,1107.98784,-2.48161,59.64558,8.899726410636521,3.3153822538570394,0.0
30.32391,33.24047,27.26812,1103.64641,-2.52095,59.65964,8.92048480796424,3.3231153030479206,0.0
30.33138,33.25525,27.19489,1099.30303,-2.55895,59.67367,8.942026726537287,3.3311402345183705,0.0
30.33881,33.26998,27.12089,1094.95691,-2.59552,59.68769,8.964281090914902,3.3394305707965986,0.0
30.34621,33.28464,27.04616,1090.60733,-2.63062,59.70168,8.987174525767808,3.3479589776418295,0.0
30.35358,33.29926,26.97074,1086.25354,-2.66418,59.71565,9.010631543459404,3.3566973339232304,0.0
30.36091,33.31382,26.8947,1081.89487,-2.69614,59.72959,9.034574746112758,3.365616806895182,0.0
30.36821,33.32832,26.81808,1077.53065,-2.72647,59.74352,9.058925042345919,3.3746879329368875,0.0
30.37548,33.34277,26.74095,1073.16026,-2.75511,59.75742,9.08360187863951,3.38388070374289,0.0
30.38272,33.35716,26.66335,1068.78309,-2.78204,59.7713,9.108523485191325,3.3931646579103747,0.0
30.38992,33.37149,26.58534,1064.39861,-2.80721,59.78516,9.13360713583329,3.4025089777650757,0.0
30.39709,33.38577,26.50698,1060.00628,-2.83062,59.79899,9.158769421465788,3.4118825912227613,0.0
30.40423,33.4,26.42832,1055.60565,-2.85224,59.8128,9.183926536189826,3.4212542783809905,0.0
30.41134,33.41416,26.34942,1051.19627,-2.87207,59.82659,9.208994575167745,3.4305927824800677,0.0
30.41841,33.42827,26.27033,1046.77777,-2.89009,59.84035,9.233889842965521,3.4398669247686575,0.0
30.42545,33.44233,26.1911,1042.3498,-2.90632,59.85409,9.258529170997438,3.449045722760284,0.0
30.43246,33.45632,26.11179,1037.91207,-2.92076,59.8678,9.282830242417958,3.458098511264099,0.0
30.43943,33.47026,26.03246,1033.46436,-2.93343,59.88149,9.306711922677067,3.4669950655254427,0.0
30.44637,33.48415,25.95314,1029.00645,-2.94436,59.89516,9.33009459372943,3.4757057257275514,0.0
30.45328,33.49797,25.87391,1024.53823,-2.95358,59.90879,9.352900489763892,3.4842015220596263,0.0
30.46016,33.51174,25.79479,1020.05958,-2.96112,59.92241,9.37505403217164,3.4924542995012944,0.0
30.467,33.52545,25.71584,1015.57049,-2.96703,59.93599,9.396482161351798,3.500436841428914,0.0
30.47381,33.53911,25.6371,1011.07097,-2.97136,59.94955,9.417114662857598,3.5081229911136114,0.0
30.48059,33.5527,25.55862,1006.56108,-2.97416,59.96309,9.436884485379805,3.5154877701784706,0.0
30.48733,33.56624,25.48044,1002.04095,-2.97551,59.9766,9.45572804796517,3.52250749304549,0.0
30.49404,33.57972,25.40259,997.51074,-2.97547,59.99008,9.47358553394376,3.529159876431249,0.0
