0.04972,0.04972,52.77904,5254.01407,-0.48774,45.0001,5.5904548099210825,2.0825915104143604,0.0
0.09941,0.09941,52.71285,5250.99904,-0.47481,45.00026,5.636265427984641,2.0996571709929404,0.0
0.14907,0.14907,52.64853,5247.9554,-0.46121,45.00047,5.680898386308809,2.1162841223325044,0.0
0.1987,0.1987,52.58615,5244.88365,-0.44698,45.00073,5.724250517831542,2.132433931987952,0.0
0.2483,0.24831,52.52581,5241.78438,-0.43213,45.00104,5.766219965702781,2.148068655602623,0.0
0.29788,0.29788,52.46758,5238.65823,-0.41669,45.0014,5.806706668529411,2.1631510176748057,0.0
0.34742,0.34743,52.41154,5235.50593,-0.40067,45.00181,5.845612853744637,2.17764459535082,0.0
0.39694,0.39695,52.35776,5232.32823,-0.38412,45.00227,5.882843535130622,2.191514003765283,0.0
0.44642,0.44644,52.30633,5229.12597,-0.36705,45.00279,5.918307010280891,2.2047250813589474,0.0
0.49588,0.4959,52.25729,5225.90002,-0.34949,45.00335,5.951915353597214,2.2172450735330105,0.0
0.5453,0.54534,52.21072,5222.65134,-0.33148,45.00397,5.983584900317334,2.22904281296218,0.0
0.59469,0.59474,52.16666,5219.38091,-0.31305,45.00464,6.013236716965874,2.2400888948500115,0.0
0.64405,0.64411,52.12518,5216.08979,-0.29423,45.00535,6.040797053656221,2.2503558454232673,0.0
0.69338,0.69345,52.08632,5212.77906,-0.27506,45.00612,6.066197773678194,2.2598182819646184,0.0
0.74268,0.74277,52.05012,5209.44986,-0.25557,45.00693,6.089376756016994,2.268453062761552,0.0
0.79195,0.79205,52.01662,5206.10339,-0.23581,45.0078,6.110278266568645,2.2762394253938827,0.0
0.84118,0.8413,51.98585,5202.74085,-0.2158,45.00872,6.128853294144949,2.2831591119044456,0.0
0.89038,0.89053,51.95784,5199.3635,-0.19558,45.00968,6.1450598476441884,2.289196479502999,0.0
0.93955,0.93972,51.93261,5195.97264,-0.17521,45.01069,6.158863211211634,2.294338595620226,0.0
0.98869,0.98888,51.91018,5192.56956,-0.15471,45.01176,6.170236154583992,2.2985753162665787,0.0
1.03779,1.03802,51.89055,5189.15563,-0.13412,45.01287,6.179159096381642,2.3018993468629323,0.0
1.08688,1.08711,51.87347,5185.73263,-0.11746,44.9858,6.185855819147261,2.304394052294506,-15.999999727069424
1.13595,1.13614,51.85866,5182.30224,-0.10081,44.95873,6.190557671748442,2.306145616101633,-15.999999727069424
1.18501,1.18512,51.84611,5178.86557,-0.08418,44.93168,6.193267512947848,2.3071551032486255,-15.999999727069424
1.23407,1.23405,51.83583,5175.42374,-0.06762,44.90464,6.193993694722068,2.307425625066514,-15.999999727069424
1.28311,1.28292,51.82778,5171.97788,-0.05116,44.87764,6.192750234199274,2.3069624033043588,-15.999999727069424
1.33215,1.33173,51.82196,5168.52911,-0.03482,44.85068,6.1895567284133906,2.305772738372922,-15.999999727069424
1.38118,1.3805,51.81835,5165.07855,-0.01864,44.82377,6.184438238496097,2.3038659662031553,-15.999999727069424
1.43019,1.4292,51.81691,5161.62732,-0.00265,44.79692,6.177425144560307,2.301253404186467,-15.999999727069424
1.4792,1.47786,51.81762,5158.1765,0.01312,44.77013,6.1685529728273165,2.29794828677504,-15.999999727069424
1.52819,1.52645,51.82044,5154.7272,0.02864,44.74341,6.157862196747697,2.2939656913941335,-15.999999727069424
1.57718,1.575,51.82534,5151.28047,0.04388,44.71678,6.145398014171335,2.289322455432058,-15.999999727069424
1.62615,1.62349,51.83227,5147.83738,0.05882,44.69024,6.131210102739336,2.284037085117222,-15.999999727069424
1.67512,1.67192,51.84118,5144.39894,0.07343,44.6638,6.11535235589859,2.278129657176613,-15.999999727069424
1.72407,1.72031,51.85203,5140.96618,0.08767,44.63746,6.09788260202902,2.271621714203309,-15.999999727069424
1.77302,1.76864,51.86476,5137.54005,0.10153,44.61124,6.078862309285796,2.2645361547024367,-15.999999727069424
1.82195,1.81691,51.87932,5134.12152,0.11498,44.58514,6.058356278811268,2.2568971188045417,-15.999999727069424
1.87087,1.86513,51.89565,5130.7115,0.128,44.55916,6.036432328995126,2.248729870644192,-15.999999727069424
1.91978,1.9133,51.91368,5127.31087,0.14056,44.53332,6.013160973455317,2.2400606783993977,-15.999999727069424
1.96869,1.96142,51.93336,5123.92049,0.15264,44.50762,5.988615095367551,2.2309166929707827,-15.999999727069424
2.01758,2.00948,51.95461,5120.54117,0.16422,44.48207,5.9628696206978535,2.2213258262521127,-15.999999727069424
2.06645,2.0575,51.97737,5117.17369,0.17529,44.45667,5.9360011927890755,2.211316629905207,-15.999999727069424
2.11532,2.10546,52.00155,5113.81878,0.18583,44.43142,5.908087850634757,2.2009181755084897,-15.999999727069424
2.16418,2.15336,52.0271,5110.47716,0.19581,44.40634,5.879208713040538,2.190159936898802,-15.999999727069424
2.21302,2.20122,52.05392,5107.14946,0.20523,44.38142,5.849443670661267,2.179071675447125,-15.999999727069424
2.26186,2.24903,52.08195,5103.83632,0.21407,44.35667,5.818873087784002,2.167683328964898,-15.999999727069424
2.31068,2.29678,52.1111,5100.53831,0.22231,44.3321,5.787577515501978,2.156024904853779,-15.999999727069424
2.35949,2.34449,52.1413,5097.25596,0.22996,44.3077,5.755637417728712,2.144126378038687,-15.999999727069424
2.40829,2.39215,52.17245,5093.98977,0.23698,44.28349,5.723132911309833,2.1320175941526176,-15.999999727069424
2.45708,2.43975,52.20448,5090.74018,0.24339,44.25945,5.690143521283528,2.119728178364728,-15.999999727069424
2.50586,2.48731,52.23729,5087.5076,0.24917,44.23561,5.656747952128028,2.1072874501639967,-15.999999727069424
2.55462,2.53482,52.27082,5084.29239,0.25431,44.21195,5.6230238756644395,2.094724344347455,-15.999999727069424
2.60337,2.58228,52.30497,5081.09489,0.25881,44.18848,5.589047736053895,2.082067338376491,-15.999999727069424
2.65212,2.62969,52.33965,5077.91537,0.26266,44.1652,5.554894572174911,2.0693443862077454,-15.999999727069424
2.70085,2.67705,52.37477,5074.75407,0.26587,44.14211,5.520637857487975,2.056582858638451,-15.999999727069424
2.74957,2.72437,52.41026,5071.6112,0.26843,44.11922,5.486349357331468,2.043809490145416,-15.999999727069424
2.79827,2.77164,52.44602,5068.48692,0.27034,44.09651,5.4520990034405274,2.0310503321399933,-15.999999727069424
2.84697,2.81886,52.48198,5065.38135,0.2716,44.074,5.4179547853552155,2.0183307125147674,-15.999999727069424
2.89566,2.86604,52.51803,5062.29458,0.27222,44.05169,5.383982658264886,2.00567520131316,-15.999999727069424
2.94433,2.91317,52.5541,5059.22665,0.27219,44.02956,5.350246466723354,1.9931075823113171,-15.999999727069424
2.99299,2.96025,52.5901,5056.17758,0.27153,44.00762,5.316807883586442,1.980650830270744,-15.999999727069424
3.04164,3.00729,52.62596,5053.14735,0.27023,43.98588,5.283726363439782,1.968327093588932,-15.999999727069424
3.09028,3.05429,52.66157,5050.1359,0.26831,43.96432,5.251059109722716,1.9561576820521498,-15.999999727069424
3.1389,3.10124,52.69688,5047.14315,0.26576,43.94294,5.218861054718498,1.9441630593812644,-15.999999727069424
3.18752,3.14815,52.73178,5044.16896,0.26261,43.92175,5.187184851520657,1.932362840239002,-15.999999727069424
3.23612,3.19501,52.76621,5041.21319,0.25885,43.90074,5.156080877066399,1.920775791359969,-15.999999727069424
3.28471,3.24183,52.80008,5038.27565,0.2545,43.87992,5.125597245337132,1.909419836468194,-15.999999727069424
3.33329,3.28861,52.83332,5035.35614,0.24956,43.85926,5.095779829777724,1.898312064628894,-15.999999727069424
3.38186,3.33534,52.86585,5032.45442,0.24405,43.83878,5.066672294029456,1.8874687416973057,-15.999999727069424
3.43042,3.38204,52.8976,5029.57022,0.23799,43.81847,5.038316130053239,1.8769053245205878,-15.999999727069424
3.47896,3.42869,52.9285,5026.70324,0.23138,43.79833,5.010750702760691,1.8666364775640703,-15.999999727069424
3.5275,3.4753,52.95848,5023.85318,0.22423,43.77835,4.98401330027513,1.8566760916348,-15.999999727069424
3.57602,3.52187,52.98746,5021.0197,0.21656,43.75853,4.958139188987228,1.8470373043912154,-15.999999727069424
3.62453,3.5684,53.01539,5018.20243,0.20839,43.73887,4.933161672596798,1.8377325223377716,-15.999999727069424
3.67303,3.61489,53.04219,5015.40099,0.19972,43.71935,4.909112154357279,1.8287734440126426,-15.999999727069424
3.72152,3.66134,53.06782,5012.61497,0.19058,43.69999,4.88602020181088,1.82017108410327,-15.999999727069424
3.77,3.70775,53.09219,5009.84395,0.18098,43.68076,4.863913613296857,1.811935798222446,-15.999999727069424
3.81846,3.75411,53.11527,5007.08749,0.17094,43.66168,4.842818485588781,1.8040773081049728,-15.999999727069424
3.86692,3.80045,53.13699,5004.34512,0.16047,43.64273,4.822759282049313,1.7966047269971115,-15.999999727069424
3.91536,3.84674,53.1573,5001.61636,0.1496,43.6239,4.803758900728134,1.7895265850248516,-15.999999727069424
3.96379,3.89299,53.17615,4998.90072,0.13833,43.6052,4.7858387418763675,1.7828508543448114,-15.999999727069424
4.01221,3.9392,53.19349,4996.19768,0.12669,43.58662,4.7690187743720065,1.776584973889458,-15.999999727069424
4.06062,3.98538,53.20928,4993.50672,0.11469,43.56816,4.753317600631498,1.7707358735483738,-15.999999727069424
4.10901,4.03152,53.22347,4990.82729,0.10236,43.5498,4.738752519559595,1.7653099976187425,-15.999999727069424
4.1574,4.07762,53.23601,4988.15884,0.08971,43.53154,4.72533958718682,1.7603133273943925,-15.999999727069424
4.20577,4.12369,53.24688,4985.5008,0.07676,43.51338,4.713093674627757,1.7557514027567909,-15.999999727069424
4.25414,4.16971,53.25604,4982.85258,0.06354,43.49532,4.702028523065798,1.7516293426583014,-15.999999727069424
4.30249,4.2157,53.26345,4980.21358,0.05005,43.47734,4.6921567954637995,1.7479518643857714,-15.999999727069424
4.35083,4.26166,53.26908,4977.58321,0.03633,43.45944,4.683490124759155,1.744723301514461,-15.999999727069424
4.39916,4.30758,53.27291,4974.96084,0.02238,43.44162,4.676039158311623,1.741947620466029,-15.999999727069424
4.44748,4.35346,53.2749,4972.34584,0.00824,43.42387,4.669813598392926,1.7396284355919744,-15.999999727069424
4.49579,4.3993,53.27505,4969.73757,-0.00608,43.40618,4.664822238557345,1.7377690227226388,-15.999999727069424
4.54408,4.44511,53.27332,4967.13539,-0.02056,43.38854,4.661072995711173,1.7363723311139239,-15.999999727069424
4.59237,4.49088,53.26969,4964.53863,-0.03518,43.37096,4.6585729377604945,1.7354409937468127,-15.999999727069424
4.64064,4.53662,53.26417,4961.94663,-0.04991,43.35343,4.657328306708555,1.734977335931751,-15.999999727069424
4.6889,4.58232,53.25672,4959.35871,-0.06474,43.33593,4.657344537100506,1.7349833821798004,-15.999999727069424
4.73715,4.62799,53.24736,4956.77419,-0.07964,43.31847,4.65862626973824,1.7354608613117717,-15.999999727069424
4.78539,4.67362,53.23605,4954.19237,-0.09459,43.30104,4.661177360579435,1.7364112097733566,-15.999999727069424
4.83362,4.71922,53.22282,4951.61256,-0.10958,43.28362,4.665000884784742,1.7378355731428101,-15.999999727069424
4.88184,4.76478,53.20764,4949.03404,-0.12458,43.26623,4.670099135856454,1.7397348058100814,-15.999999727069424
4.93004,4.81031,53.19054,4946.45611,-0.13956,43.24884,4.6764736198556,1.7421094688225316,-15.999999727069424
4.97824,4.8558,53.1715,4943.87805,-0.15452,43.23145,4.684125044680889,1.7449598258910555,-15.999999727069424
5.02642,4.90126,53.15054,4941.29913,-0.16942,43.21406,4.693053304418146,1.7482858375598351,-15.999999727069424
5.07459,4.94668,53.12767,4938.71863,-0.18425,43.19666,4.703257458778772,1.752087153546629,-15.999999727069424
5.12275,4.99206,53.1029,4936.1358,-0.19898,43.17925,4.71473570766526,1.75636310326775,-15.999999727069424
5.1709,5.03741,53.07625,4933.54992,-0.2136,43.16181,4.727485360919677,1.7611126845685872,-15.999999727069424
5.21904,5.08273,53.04773,4930.96024,-0.22807,43.14435,4.74150280332711,1.766334550686463,-15.999999727069424
5.26717,5.12801,53.01737,4928.36601,-0.24239,43.12685,4.756783454971955,1.7720269954823096,-15.999999727069424
5.31528,5.17326,52.98519,4925.76649,-0.25653,43.1093,4.7733217270529975,1.778187936980626,-15.999999727069424
5.36339,5.21847,52.95122,4923.16093,-0.27046,43.09171,4.791110973308225,1.7848148992739366,-15.999999727069424
5.41148,5.26365,52.91548,4920.54858,-0.28418,43.07407,4.810143437205766,1.7919049928500346,-15.999999727069424
5.45956,5.30879,52.87801,4917.92869,-0.29764,43.05637,4.830410195093092,1.799454893413557,-15.999999727069424
5.50763,5.3539,52.83885,4915.3005,-0.31085,43.0386,4.85190109552976,1.807460819285838,-15.999999727069424
5.55569,5.39897,52.79803,4912.66327,-0.32377,43.02076,4.874604695050571,1.815918507474995,-15.999999727069424
5.60373,5.444,52.75558,4910.01624,-0.33639,43.00284,4.8985081906563375,1.8248231885269648,-15.999999727069424
5.65177,5.489,52.71156,4907.35868,-0.34868,42.98483,4.923597349337407,1.8341695602711574,-15.999999727069424
5.69979,5.53397,52.666,4904.68984,-0.36063,42.96674,4.949856435021701,1.8439517606066842,-15.999999727069424
5.7478,5.5789,52.61896,4902.00898,-0.37221,42.94855,4.9772681333138955,1.8541633394657164,-15.999999727069424
5.7958,5.62379,52.57049,4899.31537,-0.38341,42.93026,5.005813474506009,1.8647972301329079,-15.999999727069424
5.84379,5.66865,52.52063,4896.60827,-0.39421,42.91185,5.035471755328377,1.8758457200955732,-15.999999727069424
5.89177,5.71347,52.46944,4893.88698,-0.40459,42.89334,5.066220459984411,1.8873004216270568,-15.999999727069424
5.93973,5.75825,52.41697,4891.15078,-0.41452,42.8747,5.098035181061898,1.8991522423241127,-15.999999727069424
5.98768,5.803,52.3633,4888.39896,-0.42401,42.85595,5.130889540944868,1.9113913558307536,-15.999999727069424
6.03562,5.84771,52.30847,4885.63085,-0.43301,42.83706,5.164755114414643,1.9240071730051107,-15.999999727069424
6.08355,5.89238,52.25255,4882.84575,-0.44153,42.81803,5.199601353169888,1.9369883138011614,-15.999999727069424
6.13146,5.93702,52.19561,4880.04301,-0.44954,42.79886,5.235395513051538,1.950322580158104,-15.999999727069424
6.17937,5.98162,52.13771,4877.22197,-0.45703,42.77955,5.27210258478978,1.963996930201784,-15.999999727069424
6.22726,6.02618,52.07892,4874.382,-0.46397,42.76009,5.309685229160971,1.977997454088939,-15.999999727069424
6.27513,6.0707,52.01932,4871.52248,-0.47037,42.74047,5.348103717455204,1.9923093518298045,-15.999999727069424
6.323,6.11519,51.95897,4868.64282,-0.4762,42.72069,5.387315878206028,2.00691691344353,-15.999999727069424
6.37085,6.15963,51.89795,4865.74245,-0.48145,42.70075,5.427277051180586,2.0218035018182943,-15.999999727069424
6.41869,6.20404,51.83634,4862.8208,-0.48611,42.68063,5.467940049623506,2.0369515386461625,-15.999999727069424
6.46652,6.24841,51.77421,4859.87734,-0.49016,42.66035,5.5092551317949,2.052342493820243,-15.999999727069424
6.51433,6.29274,51.71164,4856.91158,-0.4936,42.63989,5.551169982839024,2.0679568786802838,-15.999999727069424
6.56213,6.33703,51.64871,4853.92304,-0.49642,42.61925,5.593629708022907,2.083774243493886,-15.999999727069424
6.60992,6.38128,51.5855,4850.91127,-0.4986,42.59843,5.636576838388341,2.0997731795620194,-15.999999727069424
6.6577,6.42548,51.5221,4847.87585,-0.50014,42.57742,5.67995134981316,2.115931326319845,-15.999999727069424
6.70546,6.46965,51.45858,4844.8164,-0.50103,42.55623,5.723690696475342,2.132225383802982,-15.999999727069424
6.7532,6.51378,51.39503,4841.73256,-0.50127,42.53484,5.767729859629029,2.1486311308178503,-15.999999727069424
6.80094,6.55786,51.33153,4838.62403,-0.50085,42.51327,5.812001412584816,2.165123449148545,-15.999999727069424
6.84866,6.60191,51.26817,4835.49053,-0.49977,42.4915,5.856435602669334,2.1816763540889323,-15.999999727069424
6.89636,6.64591,51.20502,4832.33181,-0.49803,42.46953,5.900960450860176,2.1982630315592835,-15.999999727069424
6.94406,6.68987,51.14219,4829.14769,-0.49562,42.44737,5.945501869686027,2.2148558820271753,-15.999999727069424
6.99174,6.73378,51.07973,4825.93799,-0.49254,42.42501,5.989983799853822,2.231426571404701,-15.999999727069424
7.0394,6.77766,51.01776,4822.70261,-0.48881,42.40246,6.034328365919198,2.2479460890398077,-15.999999727069424
7.08705,6.82148,50.95633,4819.44149,-0.48441,42.37971,6.078456051165869,2.2643848128634696,-15.999999727069424
7.13468,6.86527,50.89555,4816.15459,-0.47935,42.35676,6.12228589167351,2.280712581685076,-15.999999727069424
7.1823,6.90901,50.83548,4812.84194,-0.47364,42.33361,6.1657356893866675,2.2968987745662095,-15.999999727069424
7.22991,6.95271,50.77622,4809.50361,-0.46729,42.31028,6.208722243789327,2.3129123971255177,-15.999999727069424
7.2775,6.99636,50.71783,4806.13973,-0.46031,42.28675,6.251161601583778,2.3287221745506588,-15.999999727069424
7.32508,7.03996,50.66041,4802.75046,-0.45269,42.26303,6.292969323551338,2.3442966510109433,-15.999999727069424
7.37264,7.08352,50.60402,4799.33603,-0.44447,42.23912,6.334060767566143,2.3596042950874208,-15.999999727069424
7.42018,7.12704,50.54874,4795.89669,-0.43564,42.21503,6.3743513865021555,2.3746136107510716,-15.999999727069424
7.46771,7.1705,50.49465,4792.43278,-0.42622,42.19076,6.413757039549136,2.389293253336203,-15.999999727069424
7.51522,7.21393,50.44181,4788.94466,-0.41624,42.16631,6.45219431524749,2.4036121498794305,-15.999999727069424
7.56272,7.2573,50.3903,4785.43276,-0.40569,42.14169,6.489580864327043,2.417539623110874,-15.999999727069424
7.6102,7.30063,50.34018,4781.89754,-0.39462,42.1169,6.5258357402604465,2.4310455183192636,-15.999999727069424
7.65767,7.3439,50.29152,4778.33953,-0.38302,42.09195,6.560879745235084,2.4441003322355805,-15.999999727069424
7.70512,7.38713,50.24438,4774.7593,-0.37093,42.06684,6.594635779111568,2.4566753430292763,-15.999999727069424
7.75255,7.43032,50.19881,4771.15747,-0.35837,42.04158,6.627029188776249,2.4687427404512743,-15.999999727069424
7.79997,7.47345,50.15487,4767.5347,-0.34536,42.01617,6.657988115198739,2.480275755122031,-15.999999727069424
7.84736,7.51654,50.11261,4763.8917,-0.33193,41.99063,6.687443835421912,2.4912487859318055,-15.999999727069424
7.89475,7.55957,50.07209,4760.22923,-0.3181,41.96496,6.715331096638358,2.5016375244929354,-15.999999727069424
7.94211,7.60256,50.03334,4756.54808,-0.30391,41.93916,6.741588439533602,2.5114190755936847,-15.999999727069424
7.98946,7.64549,49.99641,4752.84909,-0.28937,41.91324,6.766158508064826,2.520572072598976,-15.999999727069424
8.03679,7.68838,49.96134,4749.13313,-0.27452,41.88722,6.788988342901389,2.5290767867647026,-15.999999727069424
8.08411,7.73122,49.92816,4745.40113,-0.25939,41.86109,6.81002965587156,2.5369152294763557,-15.999999727069424
8.1314,7.774,49.8969,4741.65401,-0.24401,41.83488,6.829239082873692,2.544071246465093,-15.999999727069424
8.17868,7.81674,49.86759,4737.89277,-0.22842,41.80858,6.84657841288124,2.5505306031181347,-15.999999727069424
8.22594,7.85942,49.84024,4734.11839,-0.21264,41.7822,6.862014790872777,2.5562810600755315,-15.999999727069424
8.27318,7.90206,49.81488,4730.33191,-0.19671,41.75577,6.875520892776087,2.5613124384014423,-15.999999727069424
8.32039,7.94466,49.79183,4726.53383,-0.17581,41.76375,6.886782851634859,2.5655078143963066,0.0
8.36756,7.98723,49.77138,4722.72486,-0.15483,41.77178,6.895492277691058,2.568752304761032,0.0
8.41468,8.02979,49.75354,4718.90643,-0.13381,41.77984,6.901639258660972,2.5710422169091287,0.0
8.46176,8.07232,49.73831,4715.07995,-0.11278,41.78794,6.905222743075985,2.5723771591408697,0.0
8.5088,8.11482,49.72569,4711.24687,-0.09181,41.79608,6.906250210687752,2.572759917860553,0.0
8.55579,8.15731,49.71566,4707.40863,-0.07094,41.80425,6.904737610214716,2.572196434385434,0.0
8.60274,8.19977,49.7082,4703.56668,-0.05021,41.81247,6.900709242288833,2.5706957613403034,0.0
8.64964,8.24221,49.70328,4699.72244,-0.02967,41.82072,6.894197589160975,2.5682699992182707,0.0
8.6965,8.28463,49.70089,4695.87736,-0.00936,41.82901,6.88524309330685,2.5649342139056435,0.0
8.74331,8.32703,49.70097,4692.03285,0.01067,41.83734,6.873893887654829,2.560706336184693,0.0
8.79008,8.3694,49.70349,4688.19031,0.03037,41.8457,6.860205480664319,2.5556070444170635,0.0
8.83681,8.41175,49.70841,4684.35111,0.04971,41.85411,6.844240399951388,2.549659631784942,0.0
8.88349,8.45408,49.71567,4680.51661,0.06865,41.86255,6.826067798542173,2.5428898596100895,0.0
8.93013,8.49639,49.72521,4676.68813,0.08713,41.87103,6.8057630281797135,2.5353257983994117,0.0
8.97672,8.53867,49.73698,4672.86695,0.10514,41.87954,6.783407184324742,2.5269976583457816,0.0
9.02327,8.58093,49.75091,4669.05433,0.12262,41.88809,6.759086627716154,2.517937611096725,0.0
9.06977,8.62317,49.76694,4665.25147,0.13954,41.89669,6.732892487381926,2.5081796046129137,0.0
9.11623,8.66539,49.78497,4661.45954,0.15586,41.90532,6.704920150116844,2.497759172985182,0.0
9.16264,8.70758,49.80495,4657.67966,0.17157,41.91398,6.675268741287151,2.486713243020601,0.0
9.20902,8.74976,49.82679,4653.9129,0.18661,41.92269,6.644040601789946,2.475079939396091,0.0
9.25534,8.79191,49.8504,4650.16029,0.20098,41.93143,6.611340765796465,2.462898390104052,0.0
9.30163,8.83404,49.87569,4646.42279,0.21463,41.94021,6.577276443640071,2.450208533814538,0.0
9.34786,8.87615,49.90258,4642.70131,0.22754,41.94903,6.541956514007549,2.437050930703145,0.0
9.39406,8.91824,49.93097,4638.99673,0.2397,41.95788,6.505491029192698,2.4234665781449625,0.0
9.44021,8.96031,49.96077,4635.30984,0.25107,41.96678,6.4679907368805685,2.4094967325666206,0.0
9.48632,9.00235,49.99188,4631.64139,0.26165,41.97571,6.42956662151501,2.3951827385936277,0.0
9.53239,9.04438,50.02419,4627.99207,0.27141,41.98468,6.390329467937875,2.3805658664945013,0.0
9.57841,9.08639,50.05761,4624.36251,0.28035,41.99369,6.350389449562454,2.3656871587645267,0.0
9.62439,9.12837,50.09204,4620.75329,0.28844,42.00274,6.309855742953027,2.3505872865465074,0.0
9.67033,9.17034,50.12736,4617.16492,0.29567,42.01183,6.26883617028409,2.3353064164374158,0.0
9.71622,9.21229,50.16348,4613.59785,0.30205,42.02095,6.227436870753422,2.3198840880811136,0.0
9.76207,9.25421,50.20029,4610.0525,0.30755,42.03012,6.1857620016543775,2.30435910280992,0.0
9.80789,9.29612,50.23768,4606.52921,0.31219,42.03932,6.143913469473358,2.2887694234713396,0.0
9.85365,9.33801,50.27555,4603.02827,0.31594,42.04856,6.101990691016234,2.2731520854413736,0.0
9.89938,9.37988,50.31379,4599.54992,0.31882,42.05784,6.060090384304234,2.257543118727733,0.0
9.94507,9.42173,50.3523,4596.09433,0.32082,42.06716,6.018306388671529,2.2419774809514585,0.0
9.99071,9.46357,50.39097,4592.66165,0.32195,42.07652,5.9767295132755525,2.226489000913027,0.0
10.03631,9.50538,50.42968,4589.25194,0.3222,42.08592,5.935447413004694,2.211110332364702,0.0
10.08188,9.54718,50.46835,4585.86525,0.32159,42.09536,5.894544490588722,2.1958729175440928,0.0
10.1274,9.58896,50.50687,4582.50155,0.32013,42.10484,5.854101823573752,2.1808069599704045,0.0
10.17288,9.63072,50.54513,4579.16078,0.31781,42.11435,5.814197114680318,2.1659414059515187,0.0
10.21832,9.67247,50.58303,4575.84284,0.31466,42.12391,5.774904663985334,2.1513039342210383,0.0
10.26372,9.7142,50.62049,4572.54756,0.31068,42.13351,5.736295361296243,2.136920953097458,0.0
10.30909,9.75591,50.65738,4569.27477,0.30588,42.14315,5.698436697032798,2.122817604537918,0.0
10.35441,9.79761,50.69364,4566.02423,0.30029,42.15283,5.661392789923921,2.1090177744560044,0.0
10.39969,9.83929,50.72915,4562.79565,0.29391,42.16254,5.625224429801644,2.0955441086636277,0.0
10.44494,9.88096,50.76382,4559.58874,0.28677,42.1723,5.589989133817395,2.082418033813061,0.0
10.49014,9.92261,50.79758,4556.40315,0.27888,42.1821,5.5557412144163365,2.0696597827191745,0.0
10.53531,9.96424,50.83033,4553.2385,0.27025,42.19194,5.522531857450803,2.057288423458743,0.0
10.58043,10.00586,50.86198,4550.09438,0.26091,42.20182,5.490409208885876,2.045321891670557,0.0
10.62552,10.04746,50.89246,4546.97035,0.25089,42.21174,5.459418468583722,2.033777025492552,0.0
10.67058,10.08905,50.92169,4543.86593,0.24019,42.2217,5.429601989759942,2.022669602611921,0.0
10.71559,10.13063,50.94958,4540.78062,0.22885,42.23171,5.400999382745125,2.0120143789190164,0.0
10.76056,10.17219,50.97607,4537.7139,0.21688,42.24175,5.373647621801975,2.0018251282995507,0.0
10.8055,10.21374,51.00109,4534.66521,0.20431,42.25183,5.347581153788357,1.9921146831144274,0.0
10.8504,10.25527,51.02456,4531.63397,0.19117,42.26196,5.32283200757955,1.9828949749624187,0.0
10.89527,10.29679,51.04643,4528.61959,0.17748,42.27213,5.299429903214945,1.9741770753401786,0.0
10.94009,10.3383,51.06662,4525.62142,0.16326,42.28234,5.277402359836915,1.9659712358523156,0.0
10.98488,10.3798,51.08509,4522.63884,0.14854,42.29259,5.2567748015571985,1.958286927649398,0.0
11.02963,10.42128,51.10178,4519.67117,0.13335,42.30288,5.237570660448163,1.9511328797949188,0.0
11.07435,10.46275,51.11663,4516.71773,0.11772,42.31321,5.219811475977196,1.9445171163072184,0.0
11.11903,10.5042,51.12961,4513.77782,0.10167,42.32358,5.203516990216825,1.938446991627756,0.0
11.16367,10.54565,51.14065,4510.85071,0.08522,42.334,5.188705238259549,1.9329292243030223,0.0
11.20828,10.58708,51.14972,4507.93566,0.06842,42.34446,5.175392633322914,1.9279699286884089,0.0
11.25285,10.6285,51.15679,4505.03192,0.05128,42.35495,5.163594046088758,1.923574644504172,0.0
11.29738,10.6699,51.16181,4502.13873,0.03384,42.36549,5.153322877860627,1.9197483640884927,0.0
11.34188,10.7113,51.16475,4499.25529,0.01613,42.37607,5.14459112720771,1.9164955572240938,0.0
11.38634,10.75268,51.1656,4496.38081,-0.00183,42.3867,5.1374094497594855,1.9138201934133243,0.0
11.43077,10.79406,51.16432,4493.51449,-0.02001,42.39736,5.13178721090058,1.911725761508374,0.0
11.47516,10.83542,51.16088,4490.65548,-0.03837,42.40807,5.127732531149317,1.9102152866159843,0.0
11.51951,10.87677,51.15529,4487.80298,-0.05689,42.41882,5.125252323993112,1.90929134419212,0.0
11.56383,10.91811,51.14751,4484.95611,-0.07553,42.42961,5.124352326073454,1.9089560712866764,0.0
11.60811,10.95943,51.13755,4482.11404,-0.09427,42.44044,5.125037119555536,1.9092111748767528,0.0
11.65236,11.00075,51.12539,4479.27589,-0.11307,42.45131,5.127310146615617,1.910057937263575,0.0
11.69657,11.04206,51.11103,4476.44079,-0.13191,42.46222,5.131173715964643,1.9114972185027144,0.0
11.74075,11.08335,51.09447,4473.60786,-0.15075,42.47318,5.136629001387724,1.9135294558600107,0.0
11.78489,11.12463,51.07572,4470.77619,-0.16956,42.48418,5.143676032279599,1.916154660285776,0.0
11.82899,11.16591,51.05478,4467.9449,-0.18832,42.49521,5.152313676195489,1.9193724099145346,0.0
11.87306,11.20717,51.03167,4465.11307,-0.20699,42.50629,5.162539613487408,1.9231818406163776,0.0
11.9171,11.24842,51.0064,4462.27979,-0.22554,42.51741,5.174350304082217,1.9275816336209162,0.0
11.96109,11.28966,50.97898,4459.44415,-0.24394,42.52857,5.18774094652465,1.9325700002597297,0.0
12.00505,11.33089,50.94944,4456.60522,-0.26216,42.53978,5.202705429432402,1.9381446638821096,0.0
12.04898,11.37211,50.91781,4453.76207,-0.28018,42.55102,5.219236275542657,1.9443028390109178,0.0
12.09287,11.41332,50.88412,4450.91378,-0.29795,42.56231,5.237324578566378,1.9510412078191501,0.0
12.13673,11.45452,50.84839,4448.05942,-0.31545,42.57363,5.256959933129506,1.9583558940311876,0.0
12.18054,11.49571,50.81066,4445.19804,-0.33265,42.585,5.278130358089397,1.9662424343561515,0.0
12.22433,11.53689,50.77098,4442.32873,-0.34952,42.5964,5.30082221360145,1.9746957475930427,0.0
12.26807,11.57805,50.72938,4439.45053,-0.36603,42.60785,5.325020112342793,1.9837101015592278,0.0
12.31178,11.61921,50.68591,4436.56253,-0.38216,42.61934,5.3507068253580545,1.9932790780155079,0.0
12.35546,11.66035,50.64062,4433.66379,-0.39786,42.63087,5.377863183067667,2.0033955357891133,0.0
12.39909,11.70149,50.59357,4430.75339,-0.41313,42.64243,5.406467972027531,2.0140515723139565,0.0
12.4427,11.74261,50.5448,4427.83041,-0.42791,42.65404,5.436497828114151,2.02523848383929,0.0
12.48626,11.78372,50.49438,4424.89395,-0.4422,42.66569,5.467927126873525,2.0369467245817763,0.0
12.52979,11.82482,50.44237,4421.94308,-0.45596,42.67737,5.500727871847217,2.049165865124018,0.0
12.57328,11.86591,50.38884,4418.97692,-0.46916,42.6891,5.534869581774806,2.0618845503944985,0.0
12.61673,11.90699,50.33384,4415.99459,-0.48178,42.70087,5.570319177663551,2.0750904575980598,0.0
12.66014,11.94806,50.27746,4412.99521,-0.4938,42.71267,5.607040870771204,2.088770254486556,0.0
12.70352,11.98912,50.21977,4409.97793,-0.50518,42.72451,5.644996052659841,2.1029095584010125,0.0
12.74686,12.03016,50.16084,4406.94191,-0.51592,42.73639,5.684143188555406,2.117492896545247,0.0
12.79017,12.07119,50.10075,4403.88632,-0.52597,42.74832,5.724437715312988,2.132503667975253,0.0
12.83343,12.11221,50.03959,4400.81037,-0.53532,42.76027,5.765831945396726,2.147924107829188,0.0
12.87666,12.15322,49.97743,4397.71327,-0.54395,42.77227,5.808274978326618,2.16373525433898,0.0
12.91984,12.19422,49.91437,4394.59426,-0.55184,42.78431,5.8517126211315125,2.1799169191969705,0.0
12.96299,12.2352,49.85048,4391.45262,-0.55897,42.79638,5.896087319402828,2.1964476618716167,0.0
13.0061,12.27617,49.78587,4388.28764,-0.56531,42.80849,5.941338100586731,2.2133047684823297,0.0
13.04917,12.31713,49.72062,4385.09866,-0.57087,42.82064,5.987400531174053,2.230464235851598,0.0
13.0922,12.35807,49.65483,4381.88503,-0.57561,42.83282,6.0342066895244875,2.2479007613812794,0.0
13.13519,12.39901,49.58859,4378.64616,-0.57952,42.84504,6.0816851559806695,2.2655877393698436,0.0
13.17814,12.43992,49.522,4375.38147,-0.58259,42.8573,6.129761021974415,2.283497264404679,0.0
13.22106,12.48083,49.45516,4372.09045,-0.58482,42.86959,6.178355919788566,2.3016001424491632,0.0
13.26393,12.52172,49.38816,4368.77259,-0.58618,42.88192,6.227388074524518,2.319865910201941,0.0
13.30675,12.5626,49.32111,4365.42748,-0.58667,42.89429,6.27677237980073,2.338262863296604,0.0
13.34954,12.60346,49.2541,4362.05471,-0.58629,42.90669,6.326420498568967,2.3567580938583967,0.0
13.39229,12.64431,49.18724,4358.65394,-0.58503,42.91912,6.376240990266068,2.3753175378715965,0.0
13.435,12.68514,49.12062,4355.22488,-0.58288,42.93159,6.426139465410286,2.3939060327707145,0.0
13.47766,12.72596,49.05435,4351.76728,-0.57985,42.9441,6.47601876848966,2.4124873855712314,0.0
13.52028,12.76676,48.98853,4348.28096,-0.57593,42.95664,6.5257791897969595,2.4310244517836828,0.0
13.56286,12.80755,48.92326,4344.7658,-0.57114,42.96922,6.575318706585387,2.449479225250506,0.0
13.60537,12.84835,48.85745,4341.22416,-0.58652,43.05297,6.625656285217796,2.4682312977524843,32.99999943708069
13.64779,12.88919,48.78998,4337.65769,-0.60116,43.13739,6.677843226801204,2.487672306613377,32.99999943708069
13.69011,12.93006,48.72094,4334.06516,-0.61502,43.22249,6.73183012077696,2.5077838451000174,32.99999943708069
13.73234,12.97098,48.65044,4330.44538,-0.62808,43.3083,6.787561291792651,2.5285451726787227,32.99999943708069
13.77448,13.01193,48.57857,4326.7972,-0.6403,43.39482,6.844976380309792,2.5499338038332566,32.99999943708069
13.81652,13.05292,48.50542,4323.11946,-0.65166,43.48209,6.904010142458534,2.5719254335054273,32.99999943708069
13.85847,13.09395,48.4311,4319.41107,-0.66212,43.57012,6.964592260609762,2.594493866528223,32.99999943708069
13.90031,13.13502,48.35571,4315.67095,-0.67167,43.65893,7.02664716745389,2.6176109520905255,32.99999943708069
13.94206,13.17613,48.27936,4311.89806,-0.68028,43.74853,7.090093886549854,2.6412465243374217,32.99999943708069
13.98371,13.21728,48.20216,4308.09142,-0.68793,43.83895,7.15484589243294,2.6653683502566836,32.99999943708069
14.02526,13.25847,48.12423,4304.25006,-0.69459,43.93019,7.220810993498995,2.6899420860500567,32.99999943708069
14.06671,13.29969,48.04567,4300.37309,-0.70024,44.02227,7.287891240955501,2.7149312432151396,32.99999943708069
14.10806,13.34096,47.9666,4296.45966,-0.70487,44.11522,7.355982867171668,2.740297165579173,32.99999943708069
14.1493,13.38226,47.88714,4292.50896,-0.70845,44.20902,7.424976256797811,2.765999018540247,32.99999943708069
14.19045,13.42361,47.80741,4288.52027,-0.71098,44.30371,7.494755953988927,2.7919937917582693,32.99999943708069
14.23148,13.46499,47.72754,4284.4929,-0.71244,44.39929,7.56520070898566,2.8182363165076083,32.99999943708069
14.27241,13.50642,47.64763,4280.42624,-0.71282,44.49576,7.636183567157111,2.8446792988478773,32.99999943708069
14.31324,13.54788,47.56782,4276.31977,-0.7121,44.59315,7.707572003481457,2.8712733697215014,32.99999943708069
14.35396,13.58939,47.48823,4272.17301,-0.71029,44.69144,7.779228105120386,2.8979671529675075,32.99999943708069
14.39457,13.63093,47.40898,4267.98557,-0.70738,44.79064,7.851008804471933,2.924707352139826,32.99999943708069
14.43507,13.67252,47.3302,4263.75715,-0.70336,44.89077,7.922766164707557,2.9514388568773744,32.99999943708069
14.47546,13.71414,47.252,4259.48752,-0.69825,44.99182,7.994347719326994,2.978104869397169,32.99999943708069
14.51573,13.7558,47.17452,4255.17654,-0.69203,45.09378,8.065596866776646,3.0046470515000596,32.99999943708069
14.5559,13.79751,47.09786,4250.82417,-0.68471,45.19666,8.136353320594472,3.031005692261545,32.99999943708069
14.59595,13.83925,47.02216,4246.43045,-0.67631,45.30046,8.206453614907959,3.0571198963430697,32.99999943708069
14.63589,13.88104,46.94753,4241.99553,-0.66683,45.40516,8.275731664407926,3.0829277925969945,32.99999943708069
14.67571,13.92286,46.87409,4237.51962,-0.6563,45.51076,8.34401937722177,3.1083667623780116,32.99999943708069
14.71542,13.96473,46.80196,4233.00308,-0.64472,45.61726,8.411147318309114,3.1333736866754767,32.99999943708069
14.755,14.00663,46.73124,4228.44633,-0.63211,45.72463,8.476945420201794,3.1578852108827555,32.99999943708069
14.79447,14.04857,46.66205,4223.84991,-0.6185,45.83287,8.541243737141055,3.181838025733167,32.99999943708069
14.83382,14.09056,46.59449,4219.21444,-0.60392,45.94195,8.603873237814382,3.2051691626153205,32.99999943708069
14.87305,14.13258,46.52867,4214.54068,-0.58839,46.05188,8.664666631147721,3.227816301202437,32.99999943708069
14.91216,14.17464,46.46468,4209.82944,-0.57194,46.16261,8.723459218821636,3.2497180870370523,32.99999943708069
14.95114,14.21674,46.40263,4205.08168,-0.55462,46.27415,8.78008976753106,3.270814456470726,32.99999943708069
14.99001,14.25888,46.3426,4200.29841,-0.53644,46.38645,8.834401393322795,3.2910469661030253,32.99999943708069
15.02874,14.30106,46.28468,4195.48078,-0.51747,46.4995,8.886242449867913,3.3103591236863736,32.99999943708069
15.06736,14.34328,46.22895,4190.62999,-0.49773,46.61327,8.935467412047952,3.3286967172851414,32.99999943708069
15.10585,14.38554,46.17549,4185.74738,-0.47727,46.72773,8.981937745919513,3.3460081393603707,32.99999943708069
15.14421,14.42783,46.12438,4180.83432,-0.45614,46.84286,9.02552275597473,3.3622447023965716,32.99999943708069
15.18244,14.47016,46.07566,4175.89232,-0.43439,46.95861,9.066100400507192,3.3773609426469973,32.99999943708069
15.22055,14.51254,46.02942,4170.92293,-0.41207,47.07497,9.103558066059655,3.3913149086357866,32.99999943708069
15.25853,14.55494,45.98569,4165.92778,-0.38924,47.19189,9.137793292130016,3.4040684311300065,32.99999943708069
15.29638,14.59739,45.94453,4160.90858,-0.36595,47.30935,9.168714437755417,3.4155873714597744,32.99999943708069
15.3341,14.63987,45.90597,4155.86709,-0.34226,47.4273,9.196241282147753,3.4258418452707855,32.99999943708069
15.37169,14.68239,45.87006,4150.80513,-0.31822,47.5457,9.220305552211633,3.4348064190386327,32.99999943708069
15.40915,14.72495,45.83682,4145.72459,-0.2939,47.66453,9.240851370676921,3.442460277009972,32.99999943708069
15.44648,14.76754,45.80627,4140.62736,-0.26936,47.78374,9.257835619458799,3.448787356563702,32.99999943708069
15.48367,14.81017,45.77843,4135.51541,-0.24466,47.90328,9.271228213956444,3.453776450394444,32.99999943708069
15.52074,14.85284,45.7533,4130.39071,-0.21986,48.02313,9.281012285090542,3.457421274326301,32.99999943708069
15.55767,14.89554,45.73088,4125.25525,-0.19502,48.14324,9.287184267097446,3.4597205000184923,32.99999943708069
15.59448,14.93827,45.71117,4120.11107,-0.17021,48.26357,9.28975389031911,3.460677752279418,32.99999943708069
15.63115,14.98104,45.69416,4114.96017,-0.14549,48.38408,9.288744079420777,3.460301571150066,32.99999943708069
15.66768,15.02385,45.67981,4109.80459,-0.12093,48.50473,9.284190758749341,3.4586053393948784,32.99999943708069
15.70409,15.06669,45.66812,4104.64633,-0.09658,48.62548,9.276142567662463,3.455607176454364,32.99999943708069
15.74036,15.10956,45.65905,4099.48739,-0.07251,48.7463,9.264660489821415,3.451329800346923,32.99999943708069
15.7765,15.15246,45.65254,4094.32975,-0.04877,48.86713,9.249817401434521,3.4458003593776456,32.99999943708069
15.81251,15.1954,45.64857,4089.17536,-0.02543,48.98795,9.231697544433656,3.439050235882692,32.99999943708069
15.84838,15.23837,45.64708,4084.02613,-0.00254,49.10871,9.210395931286897,3.4311148245063507,32.99999943708069
15.88412,15.28137,45.64801,4078.88392,0.01984,49.22939,9.186017688934209,3.4220332877998145,32.99999943708069
15.91973,15.3244,45.6513,4073.75058,0.04165,49.34994,9.158677349815486,3.4118482921104736,32.99999943708069
15.95521,15.36746,45.65687,4068.62785,0.06285,49.47033,9.128498098374243,3.4006057268847134,32.99999943708069
15.99056,15.41056,45.66466,4063.51747,0.08339,49.59052,9.095610981695986,3.3883544106099457,32.99999943708069
16.02578,15.45368,45.67459,4058.42107,0.10321,49.7105,9.06015409303345,3.375145786656262,32.99999943708069
16.06086,15.49684,45.68656,4053.34024,0.12227,49.83022,9.022271736926768,3.361033612261746,32.99999943708069
16.09581,15.54002,45.70051,4048.27649,0.14053,49.94966,8.982113584498025,3.3460736438574576,32.99999943708069
16.13064,15.58324,45.71632,4043.23126,0.15794,50.06879,8.939833827173016,3.330323321806525,32.99999943708069
16.16533,15.62648,45.73391,4038.20591,0.17448,50.18758,8.8955903367321,3.3138414575009887,32.99999943708069
16.1999,15.66975,45.75318,4033.20173,0.19009,50.30602,8.849543839036265,3.2966879255530195,32.99999943708069
16.23434,15.71305,45.77402,4028.21989,0.20476,50.42408,8.801857108278437,3.278923363632329,32.99999943708069
16.26864,15.75637,45.79633,4023.26154,0.21845,50.54174,8.752694187903126,3.260608882238238,32.99999943708069
16.30283,15.79973,45.82,4018.32768,0.23113,50.65899,8.702219643683067,3.241805786451079,32.99999943708069
16.33688,15.84311,45.84492,4013.41928,0.24279,50.7758,8.650597853725182,3.222575311440728,32.99999943708069
16.37081,15.88651,45.87098,4008.53718,0.2534,50.89217,8.59799233940751,3.202978373223011,32.99999943708069
16.40461,15.92994,45.89807,4003.68216,0.26294,51.00808,8.544565140545085,3.1830753358925508,32.99999943708069
16.43829,15.9734,45.92606,3998.85491,0.27139,51.12351,8.49047623730679,3.1629257962715904,32.99999943708069
16.47184,16.01689,45.95485,3994.05603,0.27875,51.23847,8.43588302074775,3.14258838666937,32.99999943708069
16.50527,16.0604,45.98432,3989.28603,0.28501,51.35294,8.380939813077942,3.122120596169568,32.99999943708069
16.53858,16.10393,46.01435,3984.54535,0.29015,51.46692,8.325797438189745,3.101578610640511,32.99999943708069
16.57176,16.14749,46.04482,3979.83435,0.29418,51.58041,8.270602842365058,3.081017171438596,32.99999943708069
16.60482,16.19107,46.07561,3975.15329,0.2971,51.6934,8.215498764528826,3.0604894525690525,32.99999943708069
16.63776,16.23468,46.10661,3970.50237,0.29889,51.80589,8.160623454942513,3.0400469558918584,32.99999943708069
16.67058,16.27831,46.13771,3965.88171,0.29958,51.91789,8.106110440794433,3.019739423797972,32.99999943708069
16.70328,16.32196,46.16878,3961.29134,0.29916,52.0294,8.052088336777787,2.9996147686446695,32.99999943708069
16.73586,16.36564,46.19972,3956.73124,0.29764,52.14042,7.99868069844122,2.9797190181247597,32.99999943708069
16.76832,16.40933,46.23041,3952.2013,0.29503,52.25095,7.946005915833249,2.960096275646348,32.99999943708069
16.80067,16.45306,46.26074,3947.70137,0.29135,52.36102,7.894177144771774,2.940788694728909,32.99999943708069
16.8329,16.4968,46.29059,3943.23121,0.28661,52.47062,7.843302272914521,2.9218364663636414,32.99999943708069
16.86501,16.54056,46.31987,3938.79051,0.28083,52.57976,7.793483917710419,2.903277818250298,32.99999943708069
16.897,16.58435,46.34847,3934.37893,0.27402,52.68846,7.744819453260586,2.885149024803614,32.99999943708069
16.92889,16.62816,46.37629,3929.99606,0.26621,52.79673,7.69740106309008,2.8674844268121653,32.99999943708069
16.96065,16.67199,46.40322,3925.64142,0.25742,52.90458,7.651315815867754,2.8503164596460175,32.99999943708069
16.9923,16.71584,46.42917,3921.31448,0.24767,53.01202,7.606645761123632,2.833675688913955,32.99999943708069
17.02384,16.75971,46.45404,3917.01468,0.237,53.11908,7.563468042145666,2.8175908525205027,32.99999943708069
17.05527,16.80361,46.47775,3912.7414,0.22541,53.22577,7.521855023285104,2.8020889080905214,32.99999943708069
17.08658,16.84752,46.50019,3908.49397,0.21295,53.33211,7.481874429020137,2.7871950847740754,32.99999943708069
17.11778,16.89145,46.5213,3904.27166,0.19965,53.43811,7.443589492300799,2.77293293850881,32.99999943708069
17.14887,16.9354,46.54098,3900.07375,0.18552,53.54379,7.407059109764916,2.7593244098419816,32.99999943708069
17.17985,16.97938,46.55916,3895.89941,0.17062,53.64918,7.372338001624412,2.746389883492307,32.99999943708069
17.21072,17.02337,46.57576,3891.74784,0.15496,53.7543,7.33947687413168,2.7341482488729634,32.99999943708069
17.24148,17.06738,46.59071,3887.61816,0.13859,53.85916,7.308522582699577,2.7226169608580806,32.99999943708069
17.27213,17.11142,46.60395,3883.50946,0.12153,53.96379,7.2795182939193355,2.7118121001386726,32.99999943708069
17.30267,17.15547,46.6154,3879.42083,0.10383,54.06822,7.252503644818659,2.701748432550474,32.99999943708069
17.33311,17.19954,46.62502,3875.35128,0.08551,54.17246,7.227514897913964,2.6924394668349736,32.99999943708069
17.36343,17.24363,46.63274,3871.29984,0.06663,54.27653,7.204585090689949,2.6838975103244898,32.99999943708069
17.39365,17.28773,46.63851,3867.26549,0.04721,54.38047,7.183744178321028,2.6761337221096597,32.99999943708069
17.42376,17.33186,46.64228,3863.24717,0.02729,54.4843,7.165019168555789,2.6691581632874497,32.99999943708069
17.45376,17.376,46.64401,3859.24383,0.00692,54.58804,7.148434247798902,2.6629798439299814,32.99999943708069
17.48365,17.42017,46.64367,3855.25437,-0.01387,54.69172,7.1340108975739875,2.6576067664700167,32.99999943708069
17.51344,17.46435,46.6412,3851.27767,-0.03504,54.79536,7.121768000619059,2.6530459652242984,32.99999943708069
17.54312,17.50855,46.63659,3847.31261,-0.05654,54.89899,7.111721935994871,2.6493035418239206,32.99999943708069
17.57269,17.55277,46.6298,3843.35803,-0.07834,55.00264,7.103886662686234,2.646384696358005,32.99999943708069
17.60216,17.597,46.62082,3839.41276,-0.10039,55.10633,7.098273791231195,2.6442937540574674,32.99999943708069
17.63152,17.64126,46.60962,3835.47562,-0.12266,55.21009,7.094892643049299,2.6430341873963474,32.99999943708069
17.66077,17.68553,46.59618,3831.54541,-0.14509,55.31395,7.093750297172545,2.642608633500328,32.99999943708069
17.68992,17.72981,46.58051,3827.62091,-0.16765,55.41793,7.094851624195136,2.6430189067939005,32.99999943708069
17.71896,17.77412,46.56258,3823.7009,-0.19031,55.52206,7.098199307314976,2.6442660068388855,32.99999943708069
17.74789,17.81844,46.54241,3819.78414,-0.213,55.62637,7.103793850407552,2.6463501213421585,32.99999943708069
17.77672,17.86278,46.51998,3815.86937,-0.2357,55.73089,7.111633573162949,2.6492706243440636,32.99999943708069
17.80544,17.90714,46.49532,3811.95535,-0.25835,55.83564,7.121714593371521,2.6530260696193615,32.99999943708069
17.83405,17.95151,46.46842,3808.04079,-0.28093,55.94066,7.134030796513966,2.657614179348731,32.99999943708069
17.86256,17.9959,46.43931,3804.12444,-0.30337,56.04597,7.148573792891231,2.663031828148526,32.99999943708069
17.89096,18.04031,46.408,3800.20501,-0.32565,56.15159,7.165332862612284,2.669275022577281,32.99999943708069
17.91926,18.08473,46.37452,3796.28122,-0.34772,56.25756,7.184294888803036,2.6763388762542726,32.99999943708069
17.94744,18.12917,46.33889,3792.35178,-0.36954,56.3639,7.205444279523476,2.6842175807715973,32.99999943708069
17.97552,18.17363,46.30115,3788.41541,-0.39107,56.47064,7.22876287892705,2.6929043725987047,32.99999943708069
18.00349,18.2181,46.26133,3784.47083,-0.41226,56.57782,7.254229868308067,2.7023914962199522,32.99999943708069
18.03135,18.26258,46.21948,3780.51674,-0.43307,56.68544,7.281821657776168,2.7126701637804933,32.99999943708069
18.05911,18.30709,46.17562,3776.55187,-0.45347,56.79355,7.311511769374598,2.72373051154476,32.99999943708069
18.08675,18.3516,46.12982,3772.57494,-0.47341,56.90217,7.343270712606046,2.735561553526563,32.99999943708069
18.11428,18.39614,46.08213,3768.58469,-0.49285,57.01133,7.377065853381335,2.7481511326690278,32.99999943708069
18.14171,18.44069,46.03259,3764.57986,-0.51176,57.12105,7.412861277587969,2.761485870020293,32.99999943708069
18.16902,18.48525,45.98128,3760.55919,-0.5301,57.23135,7.450617650538758,2.775551112374423,32.99999943708069
18.19623,18.52983,45.92824,3756.52146,-0.54782,57.34228,7.490292073709094,2.7903308789022727,32.99999943708069
18.22332,18.57442,45.87355,3752.46545,-0.56489,57.45383,7.531837940306887,2.8058078073474904,32.99999943708069
18.2503,18.61903,45.81728,3748.38995,-0.58128,57.56606,7.575204791319489,2.8219631004002084,32.99999943708069
18.27717,18.66365,45.75949,3744.29379,-0.59694,57.67897,7.620338173831458,2.8387764729166807,32.99999943708069
18.30392,18.70829,45.70027,3740.1758,-0.61185,57.79259,7.667179503537959,2.8562261007019116,32.99999943708069
18.33057,18.75294,45.6397,3736.03486,-0.62597,57.90695,7.715665933461296,2.874288571603107,32.99999943708069
18.35709,18.7976,45.57785,3731.86986,-0.63927,58.02206,7.765730231051479,2.892938839726399,32.99999943708069
18.38354,18.84225,45.51623,3727.67636,-0.62277,58.04015,7.815732900139566,2.9115661496111156,0.0
18.40995,18.88687,45.45633,3723.45108,-0.60525,58.05825,7.863993491816676,2.929544489823429,0.0
18.43631,18.93146,45.39826,3719.19479,-0.58674,58.07637,7.910370806585888,2.9468212598355517,0.0
18.46263,18.97601,45.3421,3714.90834,-0.5673,58.0945,7.954730357843211,2.963346359848943,0.0
18.4889,19.02052,45.28795,3710.59265,-0.54696,58.11264,7.996942679703593,2.979071560414969,0.0
18.51514,19.065,45.23587,3706.24874,-0.52577,58.13079,8.036884093476703,2.9939507879672975,0.0
18.54132,19.10944,45.18594,3701.87771,-0.50379,58.14895,8.074437458122135,3.0079404043862126,0.0
18.56747,19.15385,45.13824,3697.48072,-0.48108,58.16712,8.109492896623436,3.0209994775920452,0.0
18.59357,19.19821,45.09283,3693.05902,-0.45768,58.18531,8.141948490236784,3.0330900401710794,0.0
18.61962,19.24254,45.04976,3688.61393,-0.43367,58.2035,8.17171093277253,3.0441773331126383,0.0
18.64563,19.28684,45.00909,3684.14682,-0.4091,58.2217,8.198696137269586,3.0542300318112545,0.0
18.6716,19.33109,44.97086,3679.65913,-0.38404,58.23991,8.222829787967648,3.063220451690849,0.0
18.69752,19.37531,44.93511,3675.15237,-0.35855,58.25814,8.244047830925934,3.0711247309731204,0.0
18.7234,19.41949,44.90187,3670.62807,-0.33271,58.27637,8.26229689739933,3.0779229883962973,0.0
18.74923,19.46363,44.87117,3666.08782,-0.30658,58.29461,8.277534654836327,3.083599453971107,0.0
18.77502,19.50773,44.84303,3661.53325,-0.28023,58.31285,8.289730081244814,3.0881425711892487,0.0
18.80076,19.55179,44.81745,3656.96603,-0.25373,58.33111,8.298863659678931,3.0915450694748694,0.0
18.82645,19.59582,44.79444,3652.38783,-0.22716,58.34938,8.304927490568444,3.0938040060302066,0.0
18.8521,19.6398,44.77401,3647.80036,-0.20058,58.36765,8.307925320747792,3.0949207766496722,0.0
18.87771,19.68374,44.75613,3643.20534,-0.17408,58.38593,8.307872489086844,3.094901095465884,0.0
18.90327,19.72765,44.74079,3638.6045,-0.14771,58.40422,8.30479578973674,3.0937549440051386,0.0
18.92878,19.77151,44.72798,3633.99955,-0.12156,58.42252,8.298733255047415,3.091496490318477,0.0
18.95425,19.81533,44.71765,3629.39222,-0.09568,58.44082,8.289733861243691,3.0881439793382888,0.0
18.97967,19.85911,44.70978,3624.7842,-0.07016,58.45914,8.277857160899089,3.08371959596513,0.0
19.00505,19.90286,44.70432,3620.17719,-0.04506,58.47746,8.263172847101773,3.078249302708081,0.0
19.03038,19.94656,44.70122,3615.57286,-0.02044,58.49579,8.24576025499133,3.0717626539940697,0.0
19.05567,19.99022,44.70043,3610.97282,0.00362,58.51412,8.225707806984989,3.064292589500046,0.0
19.08091,20.03384,44.70189,3606.37867,0.02707,58.53247,8.203112408567096,3.055875209068668,0.0
19.10611,20.07742,44.70552,3601.79198,0.04985,58.55082,8.178078801902059,3.0465495319121088,0.0
19.13126,20.12096,44.71126,3597.21425,0.0719,58.56918,8.150718884855154,3.0363572429293937,0.0
19.15637,20.16446,44.71904,3592.64694,0.09316,58.58754,8.121151003072024,3.0253424289873863,0.0
19.18143,20.20793,44.72876,3588.09145,0.11358,58.60592,8.089499222907477,3.013551308067634,0.0
19.20644,20.25135,44.74034,3583.54914,0.13311,58.6243,8.055892592750808,3.0010319540906183,0.0
19.23141,20.29473,44.7537,3579.02129,0.15171,58.64269,8.020464400228109,2.9878340202040654,0.0
19.25634,20.33807,44.76874,3574.50913,0.16932,58.66109,7.983351432329878,2.9740084631610197,0.0
19.28122,20.38137,44.78536,3570.0138,0.18591,58.6795,7.9446932451634,2.9596072712833847,0.0
19.30606,20.42463,44.80346,3565.5364,0.20144,58.69791,7.904631449547641,2.944683198327233,0.0
19.33085,20.46785,44.82293,3561.07795,0.21588,58.71634,7.86330901807697,2.9292895053458,0.0
19.3556,20.51103,44.84368,3556.63939,0.2292,58.73477,7.820869618739415,2.9134797124447602,0.0
19.3803,20.55418,44.86558,3552.22159,0.24136,58.75321,7.7774569794898305,2.8973073620690055,0.0
19.40496,20.59728,44.88853,3547.82536,0.25235,58.77165,7.7332142875760255,2.880825795235829,0.0
19.42958,20.64035,44.91242,3543.45141,0.26215,58.79011,7.6882836266955845,2.864087941861027,0.0
19.45416,20.68338,44.93713,3539.1004,0.27073,58.80858,7.642805454479771,2.8471461261079094,0.0
19.47869,20.72637,44.96255,3534.7729,0.27809,58.82705,7.596918122075241,2.830051887418842,0.0
19.50317,20.76932,44.98856,3530.46942,0.28421,58.84553,7.550757437053636,2.8128558176875735,0.0
19.52762,20.81224,45.01505,3526.19038,0.28908,58.86403,7.504456270250506,2.795607414796389,0.0
19.55202,20.85511,45.04189,3521.93615,0.29271,58.88253,7.458144206599614,2.7783549525427,0.0
19.57638,20.89795,45.06899,3517.70701,0.29509,58.90104,7.411947239557429,2.7611453668041293,0.0
19.60069,20.94076,45.09621,3513.50318,0.29622,58.91956,7.365987508220305,2.7440241576077398,0.0
19.62497,20.98353,45.12344,3509.32481,0.29611,58.93809,7.320383075878348,2.727035306635529,0.0
19.6492,21.02626,45.15058,3505.17198,0.29477,58.95664,7.275247748382511,2.71022120956139,0.0
19.67339,21.06895,45.1775,3501.04471,0.2922,58.97519,7.230690930424775,2.6936226225116955,0.0
19.69754,21.11161,45.20411,3496.94296,0.28843,58.99375,7.186817517564863,2.6772786218424107,0.0
19.72165,21.15424,45.23028,3492.86662,0.28346,59.01232,7.143727821679276,2.6612265763668965,0.0
19.74572,21.19683,45.25591,3488.81553,0.27731,59.0309,7.101517527338762,2.6455021311053692,0.0
19.76974,21.23938,45.2809,3484.78946,0.27002,59.0495,7.060277676518168,2.630139201588918,0.0
19.79373,21.2819,45.30515,3480.78813,0.26159,59.0681,7.020094679008056,2.615169977738106,0.0
19.81767,21.32439,45.32854,3476.81122,0.25206,59.08672,6.98105034584359,2.600624936316108,0.0
19.84158,21.36684,45.351,3472.85835,0.24145,59.10534,6.943221943089172,2.586532860964908,0.0
19.86544,21.40926,45.37242,3468.92908,0.22979,59.12398,6.906682263346981,2.5729208688441054,0.0
19.88927,21.45165,45.39271,3465.02294,0.21711,59.14263,6.871499712442816,2.5598144429236767,0.0
19.91305,21.494,45.41178,3461.1394,0.20346,59.16129,6.8377384087677555,2.5472374689913555,0.0
19.9368,21.53632,45.42955,3457.2779,0.18885,59.17997,6.8054582929269305,2.5352122764996823,0.0
19.9605,21.57861,45.44594,3453.43783,0.17332,59.19865,6.7747152454063775,2.523759682400014,0.0
19.98417,21.62086,45.46087,3449.61855,0.15693,59.21735,6.745561210091641,2.5128990371564393,0.0
20.0078,21.66308,45.47426,3445.81936,0.13969,59.23606,6.718044321646902,2.5026482721978645,0.0
20.03139,21.70527,45.48605,3442.03955,0.12166,59.25478,6.692209034837723,2.493023948094138,0.0
20.05494,21.74743,45.49616,3438.27836,0.10288,59.27351,6.66809625406328,2.4840413028102124,0.0
20.07845,21.78956,45.50455,3434.53501,0.08338,59.29226,6.6457434614872035,2.4757142994382546,0.0
20.10192,21.83166,45.51114,3430.80868,0.06321,59.31101,6.6251848422728905,2.468055672851096,0.0
20.12535,21.87372,45.51589,3427.09852,0.04242,59.32978,6.60645140560156,2.4610769747846417,0.0
20.14875,21.91576,45.51874,3423.40365,0.02106,59.34857,6.589571100256205,2.454788616895933,0.0
20.17211,21.95776,45.51964,3419.72318,-0.00085,59.36736,6.574568923678874,2.4491999113898544,0.0
20.19543,21.99973,45.51857,3416.05617,-0.02323,59.38617,6.561467023553694,2.4443191088614853,0.0
20.21871,22.04167,45.51548,3412.40168,-0.04606,59.40499,6.550284791064634,2.4401534330370653,0.0
20.24195,22.08358,45.51033,3408.75874,-0.06928,59.42382,6.541038945100114,2.4367091121424336,0.0
20.26516,22.12547,45.5031,3405.12634,-0.09283,59.44267,6.5337436067775245,2.433991406665365,0.0
20.28833,22.16732,45.49377,3401.50348,-0.11668,59.46153,6.528410363772478,2.432004633319917,0.0
20.31146,22.20914,45.48232,3397.88913,-0.14078,59.4804,6.525048324031792,2.4307521850559213,0.0
20.33455,22.25093,45.46872,3394.28224,-0.16506,59.49928,6.523664158539948,2.4302365469906246,0.0
20.35761,22.29269,45.45298,3390.68174,-0.18949,59.51818,6.5242621329065065,2.4304593081758195,0.0
20.38063,22.33442,45.43508,3387.08656,-0.21402,59.53709,6.5268441276293165,2.431421169146436,0.0
20.40361,22.37612,45.41502,3383.49561,-0.23858,59.55601,6.531409646973894,2.4331219452283346,0.0
20.42655,22.41779,45.39281,3379.90777,-0.26314,59.57494,6.537955816498472,2.4355605656163264,0.0
20.44946,22.45944,45.36846,3376.32195,-0.28764,59.59389,6.546477369334577,2.438735068263325,0.0
20.47233,22.50105,45.34197,3372.73701,-0.31204,59.61285,6.556966621422153,2.4426425906547795,0.0
20.49516,22.54263,45.31336,3369.15183,-0.33627,59.63182,6.569413435977743,2.447279356572138,0.0
20.51796,22.58418,45.28265,3365.56526,-0.3603,59.6508,6.583805177577976,2.4526406589877365,0.0
20.54072,22.6257,45.24988,3361.97617,-0.38406,59.6698,6.600126656307967,2.4587208392586084,0.0
20.56344,22.66719,45.21506,3358.38342,-0.40752,59.6888,6.6183600625290255,2.4655132628257443,0.0
20.58612,22.70866,45.17823,3354.78585,-0.43062,59.70782,6.6384848929200695,2.4730102916625634,0.0
20.60877,22.75009,45.13943,3351.18231,-0.45332,59.72685,6.660477868527959,2.4812032537465183,0.0
20.63138,22.79149,45.0987,3347.57167,-0.47556,59.7459,6.684312845674595,2.490082409869632,0.0
20.65395,22.83286,45.05609,3343.95278,-0.4973,59.76495,6.70996072067777,2.49963691814452,0.0
20.67649,22.8742,45.01165,3340.3245,-0.51849,59.78402,6.7373893294344915,2.50985479659653,0.0
20.69899,22.91551,44.96543,3336.6857,-0.53908,59.80309,6.766563343041476,2.520722884279628,0.0
20.72145,22.95679,44.91749,3333.03527,-0.55904,59.82218,6.79744416072267,2.532226801389087,0.0
20.74387,22.99804,44.86789,3329.37208,-0.57831,59.84128,6.8299898014605045,2.544350908891276,0.0
20.76626,23.03926,44.8167,3325.69505,-0.59685,59.86039,6.864154795845888,2.557078268234935,0.0
20.78861,23.08044,44.76399,3322.0031,-0.61462,59.8795,6.899890079742159,2.5703906017382034,0.0
20.81092,23.12159,44.70982,3318.29515,-0.63158,59.89863,6.937142891509532,2.584268254302019,0.0
20.83319,23.16272,44.65428,3314.57017,-0.64768,59.91777,6.975856674608158,2.598690157127195,0.0
20.85543,23.20381,44.59744,3310.82714,-0.6629,59.93692,7.015970987523536,2.6136337941592687,0.0
20.87763,23.24486,44.53939,3307.06506,-0.67719,59.95608,7.057421423014546,2.629075172006266,0.0
20.89979,23.28589,44.48022,3303.28296,-0.69052,59.97524,7.100139538799209,2.6449887941173253,0.0
20.92191,23.32688,44.42,3299.47992,-0.70285,59.99442,7.144052801822652,2.661347640021046,0.0
20.94399,23.36784,44.35883,3295.65502,-0.71415,60.0136,7.189084548334385,2.6781231504532275,0.0
20.96604,23.40877,44.2968,3291.80739,-0.7244,60.0328,7.235153961996326,2.695285219201526,0.0
20.98804,23.44966,44.234,3287.93622,-0.73356,60.052,7.282176072255403,2.7128021924992143,0.0
21.01001,23.49052,44.17055,3284.04072,-0.74161,60.07121,7.330061775231252,2.730640876806393,0.0
21.03194,23.53134,44.10652,3280.12013,-0.74852,60.09042,7.378717879242376,2.7487665557696817,0.0
21.05383,23.57213,44.04203,3276.17378,-0.75429,60.10965,7.428047177094012,2.7671430171513576,0.0
21.07568,23.61289,43.97717,3272.20101,-0.75887,60.12888,7.477948547079833,2.785732590455141,0.0
21.0975,23.6536,43.91205,3268.20124,-0.76227,60.14811,7.528317084502926,2.804496195921223,0.0
21.11927,23.69429,43.84676,3264.17394,-0.76447,60.16735,7.579044265373629,2.8233934055080177,0.0
21.141,23.73493,43.78143,3260.11862,-0.76546,60.1866,7.6300181436432135,2.842382516366894,0.0
21.1627,23.77554,43.71614,3256.03487,-0.76522,60.20586,7.681123583123363,2.8614206372382904,0.0
21.18435,23.81612,43.65101,3251.92235,-0.76376,60.22512,7.732242524888021,2.880463788065932,0.0
21.20597,23.85665,43.58613,3247.78077,-0.76108,60.24438,7.78325429063611,2.8994670130074307,0.0
21.22754,23.89715,43.52162,3243.6099,-0.75718,60.26365,7.8340359220814895,2.9183845068659733,0.0
21.24907,23.93761,43.45758,3239.40962,-0.75205,60.28292,7.884462556044842,2.9371697548219142,0.0
21.27057,23.97803,43.3941,3235.17984,-0.74572,60.3022,7.934407834456455,2.9557756851696055,0.0
21.29202,24.01842,43.33129,3230.92055,-0.7382,60.32148,7.983744348001329,2.9741548345868676,0.0
21.31343,24.05876,43.26925,3226.63185,-0.72949,60.34077,8.032344111673941,2.992259525291658,0.0
21.3348,24.09906,43.20808,3222.31387,-0.71962,60.36005,8.080079069989486,3.0100420532465426,0.0
21.35613,24.13933,43.14787,3217.96684,-0.70861,60.37934,8.126821629083892,3.027454886379957,0.0
21.37742,24.17955,43.08872,3213.59107,-0.69648,60.39864,8.172445212475068,3.0444508716218968,0.0
21.39867,24.21973,43.03071,3209.18693,-0.68327,60.41793,8.216824836741386,3.0609834493592905,0.0
21.41988,24.25987,42.97394,3204.75489,-0.66901,60.43723,8.259837702925026,3.077006873749319,0.0
21.44104,24.29997,42.91848,3200.29549,-0.65373,60.45652,8.301363799064967,3.092476437178794,0.0
21.46216,24.34003,42.86443,3195.80932,-0.63747,60.47582,8.341286508874903,3.1073486970127093,0.0
21.48324,24.38004,42.81184,3191.29708,-0.62028,60.49512,8.379493221247364,3.1215817026505555,0.0
21.50428,24.42002,42.76081,3186.75952,-0.6022,60.51442,8.415875935063474,3.1351352208338708,0.0
21.52528,24.45994,42.71138,3182.19747,-0.58327,60.53372,8.450331853538817,3.1479709570557133,0.0
21.54623,24.49983,42.66364,3177.61184,-0.56356,60.55302,8.482763962280679,3.1600527709021953,0.0
21.56714,24.53967,42.61764,3173.00357,-0.54311,60.57232,8.513081585218044,3.171346883151032,0.0
21.58801,24.57947,42.57343,3168.3737,-0.52198,60.59162,8.541200912592931,3.181822072462209,0.0
21.60884,24.61922,42.53106,3163.72331,-0.50023,60.61091,8.567045495437545,3.1914498595837286,0.0
21.62962,24.65893,42.49058,3159.05354,-0.47792,60.63021,8.590546701148662,3.200204677065057,0.0
21.65036,24.69859,42.45202,3154.36559,-0.45512,60.64951,8.611644125166277,3.2080640226182537,0.0
21.67105,24.73821,42.41542,3149.66069,-0.43188,60.6688,8.630285954181034,3.215008594422292,0.0
21.69171,24.77778,42.38081,3144.94013,-0.40828,60.68809,8.646429276807044,3.221022406856862,0.0
21.71232,24.8173,42.3482,3140.20523,-0.38437,60.70738,8.660040338211703,3.226092885358677,0.0
21.73288,24.85678,42.31761,3135.45734,-0.36025,60.72667,8.671094735914771,3.2302109393617777,0.0
21.75341,24.89621,42.28906,3130.69785,-0.33596,60.74595,8.679577554572841,3.2333710125083006,0.0
21.77389,24.9356,42.26254,3125.92817,-0.31158,60.76524,8.685483438344885,3.235571109606541,0.0
21.79433,24.97494,42.23806,3121.14972,-0.28718,60.78452,8.688816600198653,3.2368128000978365,0.0
21.81472,25.01423,42.21561,3116.36394,-0.26284,60.8038,8.689590768244813,3.2371011980646185,0.0
21.83507,25.05347,42.19517,3111.57227,-0.23861,60.82307,8.687829069977928,3.2364449191071323,0.0
21.85537,25.09267,42.17673,3106.77617,-0.21458,60.84234,8.683563856005883,3.2348560146780123,0.0
21.87564,25.13182,42.16025,3101.97708,-0.19081,60.86161,8.67683646561,3.2323498847472516,0.0
21.89586,25.17092,42.14572,3097.17643,-0.16737,60.88088,8.66769693706318,3.228945169888093,0.0
21.91603,25.20998,42.1331,3092.37565,-0.14433,60.90014,8.65620366631807,3.2246636241293856,0.0
21.93617,25.24899,42.12234,3087.57614,-0.12174,60.9194,8.642423018133488,3.219529970089952,0.0
21.95626,25.28795,42.1134,3082.7793,-0.09968,60.93865,8.626428894230616,3.213571738105405,0.0
21.9763,25.32686,42.10623,3077.98647,-0.07821,60.95791,8.60830226341395,3.206819091185837,0.0
21.9963,25.36572,42.10078,3073.19897,-0.05738,60.97716,8.58813065889998,3.1993046377575247,0.0
22.01626,25.40454,42.09698,3068.4181,-0.03726,60.9964,8.566007648288071,3.1910632342131473,0.0
22.03618,25.44331,42.09477,3063.6451,-0.01789,61.01565,8.542032281737901,3.1821317793433495,0.0
22.05605,25.48203,42.09409,3058.88118,0.00066,61.03489,8.516308523946924,3.172549002733408,0.0
22.07588,25.5207,42.09485,3054.12751,0.01835,61.05412,8.488944675467623,3.1623552491886837,0.0
22.09567,25.55933,42.097,3049.38517,0.03514,61.07335,8.460052788757302,3.151592261197799,0.0
22.11542,25.59791,42.10044,3044.65525,0.05097,61.09259,8.429748084203249,3.1403029613866478,0.0
22.13512,25.63644,42.10509,3039.93873,0.06581,61.11181,8.398148371018943,3.128531236787,0.0
22.15478,25.67492,42.11088,3035.23657,0.07963,61.13104,8.365373477684958,3.1163217266607472,0.0
22.1744,25.71336,42.11772,3030.54966,0.09238,61.15026,8.33154469614578,3.103719615448592,0.0
22.19397,25.75175,42.12551,3025.87881,0.10403,61.16948,8.296784243650958,3.0907704322917207,0.0
22.2135,25.79009,42.13417,3021.22481,0.11457,61.18869,8.26121474563262,3.0775198583900707,0.0
22.233,25.82839,42.1436,3016.58835,0.12396,61.20791,8.22495874261921,3.0640135433147235,0.0
22.25244,25.86664,42.15372,3011.97008,0.13218,61.22712,8.188138223659534,3.0502969311960837,0.0
22.27185,25.90484,42.16442,3007.37058,0.13922,61.24633,8.150874188343327,3.036415097565019,0.0
22.29122,25.943,42.17561,3002.79036,0.14506,61.26553,8.113286238984568,3.0224125974304115,0.0
22.31054,25.98111,42.18719,2998.22988,0.1497,61.28474,8.07549220412527,3.008333325024417,0.0
22.32983,26.01918,42.19908,2993.68953,0.15312,61.30394,8.037607794092057,2.9942203854882266,0.0
22.34907,26.0572,42.21116,2989.16963,0.15532,61.32314,7.99974628892168,2.980115978616105,0.0
22.36827,26.09518,42.22335,2984.67046,0.1563,61.34234,7.962018258609984,2.9660612946407756,0.0
22.38743,26.13311,42.23556,2980.1922,0.15606,61.36154,7.924531315307539,2.9520964219197756,0.0
22.40656,26.171,42.24767,2975.73502,0.15462,61.38073,7.887389896735092,2.9382602662520014,0.0
22.42564,26.20884,42.25962,2971.29899,0.15197,61.39993,7.850695079894749,2.9245904814802346,0.0
22.44468,26.24663,42.27129,2966.88414,0.14813,61.41912,7.81454442382273,2.9111234109124005,0.0
22.46368,26.28439,42.2826,2962.49045,0.14312,61.43832,7.779031840002819,2.8978940390471677,0.0
22.48264,26.3221,42.29346,2958.11781,0.13694,61.45751,7.744247488844532,2.884935953009344,0.0
22.50156,26.35976,42.30378,2953.76611,0.12963,61.4767,7.710277700529832,2.8722813130631955,0.0
22.52044,26.39739,42.31348,2949.43513,0.12119,61.49589,7.677204918382306,2.8599608315159712,0.0
22.53928,26.43497,42.32247,2945.12465,0.11167,61.51508,7.645107662906184,2.8480037593214975,0.0
22.55809,26.4725,42.33067,2940.83436,0.10108,61.53427,7.614060514529556,2.836437879651565,0.0
22.57685,26.51,42.33801,2936.56393,0.08945,61.55346,7.584134113124851,2.825289507717302,0.0
22.59558,26.54745,42.3444,2932.31297,0.07682,61.57265,7.555395172312889,2.8145834960978044,0.0
22.61426,26.58486,42.34978,2928.08105,0.06322,61.59184,7.527906506684254,2.8043432448808154,0.0
22.63291,26.62222,42.35407,2923.8677,0.04869,61.61103,7.5017270699930165,2.7945907158908936,0.0
22.65152,26.65955,42.35721,2919.6724,0.03326,61.63022,7.4769120025272295,2.7853464503361676,0.0
22.67009,26.69683,42.35913,2915.4946,0.01697,61.64941,7.453512685878304,2.7766295892113684,0.0
22.68863,26.73407,42.35978,2911.33371,-0.00014,61.6686,7.431576803452538,2.7684578958399673,0.0
22.70712,26.77127,42.35909,2907.18909,-0.01803,61.6878,7.411148405106184,2.760847779952441,0.0
22.72558,26.80843,42.35702,2903.06009,-0.03665,61.70699,7.392267974422573,2.7538143227487666,0.0
22.744,26.84555,42.35351,2898.94602,-0.05595,61.72618,7.3749724972535935,2.747371302431929,0.0
22.76239,26.88263,42.34851,2894.84613,-0.0759,61.74538,7.3592955302106065,2.7415312197225883,0.0
22.78073,26.91967,42.34199,2890.75968,-0.09644,61.76457,7.345267267957205,2.736305322927402,0.0
22.79904,26.95666,42.3339,2886.68588,-0.11752,61.78377,7.3329146082132866,2.731703632154754,0.0
22.81731,26.99362,42.32421,2882.62393,-0.1391,61.80297,7.322261213519069,2.7277349623234732,0.0
22.83554,27.03053,42.3129,2878.57298,-0.16113,61.82216,7.3133275689274635,2.7244069446547647,0.0
22.85374,27.06741,42.29992,2874.53218,-0.18355,61.84136,7.306131034865672,2.7217260463645396,0.0
22.8719,27.10424,42.28526,2870.50065,-0.20631,61.86056,7.300685894554138,2.719697588328229,0.0
22.89003,27.14104,42.26891,2866.47748,-0.22937,61.87976,7.297003395459747,2.7183257605231863,0.0
22.90811,27.17779,42.25083,2862.46175,-0.25266,61.89896,7.295091784374604,2.7176136350964555,0.0
22.92616,27.21451,42.23104,2858.45253,-0.27615,61.91817,7.294956335801535,2.7175631769391204,0.0
22.94418,27.25118,42.2095,2854.44887,-0.29976,61.93737,7.296599373461698,2.718175251698454,0.0
22.96215,27.28782,42.18623,2850.44979,-0.32345,61.95657,7.3000202848047,2.7194496311833163,0.0
22.98009,27.32441,42.16123,2846.45433,-0.34717,61.97578,7.305215528537734,2.721384996168962,0.0
22.998,27.36097,42.13449,2842.46148,-0.37086,61.99499,7.312178635263315,2.723978936634605,0.0
23.01586,27.39748,42.10604,2838.47025,-0.39447,62.01419,7.320900201429774,2.7272279495098273,0.0
23.0337,27.43396,42.07587,2834.47963,-0.41795,62.0334,7.331367876890803,2.7311274340401783,0.0
23.05149,27.47039,42.04402,2830.48862,-0.44123,62.05261,7.343566346469357,2.7356716849192413,0.0
23.06925,27.50679,42.01049,2826.49619,-0.46428,62.07182,7.3574773060259915,2.7408538833734615,0.0
23.08697,27.54314,41.97531,2822.50132,-0.48703,62.09103,7.373079433600781,2.7466660864117536,0.0
23.10466,27.57946,41.93852,2818.503,-0.50944,62.11023,7.390348356324681,2.7530992144991098,0.0
23.12231,27.61573,41.90014,2814.50021,-0.53145,62.12944,7.40925661388648,2.7601430379470786,0.0
23.13992,27.65197,41.86022,2810.49193,-0.55302,62.14865,7.429773619383326,2.7677861623295574,0.0
23.1575,27.68816,41.81878,2806.47716,-0.57408,62.16786,7.451865618560442,2.7760160132985154,0.0
23.17504,27.72432,41.77587,2802.45489,-0.5946,62.18707,7.475495648448559,2.784818821175344,0.0
23.19255,27.76043,41.73155,2798.42413,-0.61453,62.20628,7.500623496546577,2.7941796057453305,0.0
23.21002,27.7965,41.68585,2794.3839,-0.63382,62.22549,7.527205661748982,2.8040821617020866,0.0
23.22745,27.83253,41.63883,2790.33323,-0.65242,62.24469,7.5551953182922755,2.81450904521665,0.0
23.24484,27.86852,41.59055,2786.27117,-0.67029,62.2639,7.58454228409415,2.82544156214299,0.0
23.2622,27.90447,41.54107,2782.19678,-0.68738,62.2831,7.615192994861607,2.8368597583726047,0.0
23.27953,27.94038,41.49044,2778.10915,-0.70367,62.30231,7.647090485461995,2.8487424128947385,0.0
23.29681,27.97624,41.43873,2774.0074,-0.71909,62.32151,7.680174380036131,2.8610670341132596,0.0
23.31406,28.01207,41.38602,2769.89064,-0.73363,62.34071,7.71438089238841,2.8738098599919906,0.0
23.33128,28.04785,41.33236,2765.75804,-0.74724,62.3599,7.74964283819872,2.886945862603964,0.0
23.34846,28.08359,41.27783,2761.6088,-0.75989,62.3791,7.785889660604743,2.900448757661504,0.0
23.3656,28.11928,41.22251,2757.44214,-0.77154,62.39829,7.823047470674764,2.9142910195934104,0.0
23.3827,28.15494,41.16647,2753.2573,-0.78217,62.41748,7.861039104248064,2.9284439027195055,0.0
23.39977,28.19055,41.10978,2749.05359,-0.79175,62.43667,7.899784196599501,2.942877469065149,0.0
23.4168,28.22611,41.05253,2744.83033,-0.80025,62.45585,7.939199276257356,2.9575606233108616,0.0
23.43379,28.26163,40.9948,2740.58691,-0.80766,62.47503,7.979197879226788,2.972461155343559,0.0
23.45074,28.29711,40.93667,2736.32274,-0.81395,62.49421,8.019690684762848,2.987545790835577,0.0
23.46766,28.33255,40.87822,2732.03727,-0.8191,62.51338,8.06058567364917,3.0027802502076484,0.0
23.48454,28.36794,40.81953,2727.73003,-0.8231,62.53255,8.10178830977963,3.018129316272847,0.0
23.50139,28.40328,40.76069,2723.40058,-0.82595,62.55171,8.143201745668796,3.033556910794639,0.0
23.51819,28.43858,40.70178,2719.04853,-0.82763,62.57087,8.184727052247835,3.049026180091905,0.0
23.53496,28.47383,40.64289,2714.67355,-0.82813,62.59002,8.226263473085613,3.064499589742984,0.0
23.55169,28.50904,40.58411,2710.27536,-0.82746,62.60917,8.26770870292071,3.0799390283461845,0.0
23.56839,28.5442,40.5255,2705.85374,-0.82561,62.62831,8.308959190064842,3.095305920173012,0.0
23.58504,28.57932,40.46717,2701.40854,-0.8226,62.64744,8.349910461971989,3.1105613464512367,0.0
23.60166,28.61438,40.40918,2696.93966,-0.81842,62.66657,8.390457472967055,3.1256661749029657,0.0
23.61824,28.6494,40.35163,2692.44705,-0.8131,62.68569,8.430494972753145,3.1405811970233044,0.0
23.63478,28.68437,40.29458,2687.93075,-0.80664,62.7048,8.46991789405681,3.1552672724884068,0.0
23.65128,28.7193,40.23813,2683.39083,-0.79906,62.72391,8.508621757413332,3.1696854799486456,0.0
23.66775,28.75417,40.18234,2678.82746,-0.79039,62.74301,8.546503090778753,3.183797273345132,0.0
23.68417,28.789,40.1273,2674.24083,-0.78064,62.7621,8.583459861365238,3.1975646427797546,0.0
23.70056,28.82378,40.07306,2669.63123,-0.76985,62.78118,8.619391916830333,3.2109502788697815,0.0
23.71691,28.85851,40.01971,2664.99899,-0.75805,62.80025,8.654201432636704,3.2239177394011374,0.0
23.73322,28.89319,39.96731,2660.34453,-0.74527,62.81932,8.687793362225337,3.2364316170297656,0.0
23.74949,28.92781,39.91592,2655.66829,-0.73156,62.83837,8.720075886432685,3.248457706701335,0.0
23.76572,28.96239,39.86561,2650.97081,-0.71694,62.85742,8.750960858427797,3.2599631714020347,0.0
23.78191,28.99692,39.81643,2646.25266,-0.70147,62.87646,8.780364240321488,3.2709167048069734,0.0
23.79806,29.0314,39.76843,2641.51449,-0.68519,62.89548,8.80820652759319,3.28128868939035,0.0
23.81418,29.06582,39.72168,2636.75698,-0.66816,62.9145,8.834413157433048,3.2910513485436286,0.0
23.83025,29.10019,39.67621,2631.98089,-0.65041,62.93351,8.858914897137735,3.3001788912631955,0.0
23.84628,29.13451,39.63206,2627.18701,-0.63201,62.9525,8.881648208866752,3.3086476480316844,0.0
23.86228,29.16878,39.58928,2622.37619,-0.61302,62.97148,8.902555587158373,3.316436196551544,0.0
23.87824,29.203,39.5479,2617.54932,-0.59349,62.99046,8.921585865873654,3.3235254760897543,0.0
23.89415,29.23716,39.50795,2612.70733,-0.57348,63.00942,8.938694491457072,3.3298988892746086,0.0
23.91003,29.27127,39.46946,2607.8512,-0.55306,63.02837,8.953843759782382,3.3355423903270265,0.0
23.92587,29.30533,39.43244,2602.98193,-0.53229,63.04731,8.967003014155363,3.340444558821782,0.0
23.94166,29.33933,39.39691,2598.10055,-0.51123,63.06623,8.97814880248004,3.3445966582360653,0.0
23.95742,29.37328,39.3629,2593.20814,-0.48995,63.08515,8.987264992018261,3.3479926787004337,0.0
23.97314,29.40718,39.33039,2588.30577,-0.46851,63.10405,8.994342840637815,3.3506293635406244,0.0
23.98881,29.44102,39.2994,2583.39457,-0.44699,63.12294,8.999381023896136,3.352506219366928,0.0
24.00445,29.4748,39.26993,2578.47565,-0.42544,63.14182,9.002385617822478,3.3536255096601146,0.0
24.02005,29.50854,39.24196,2573.55016,-0.40395,63.16068,9.003370037731298,3.353992231977797,0.0
24.03561,29.54222,39.21549,2568.61923,-0.38257,63.17954,9.002354933855203,3.3536140790749607,0.0
24.05113,29.57584,39.19051,2563.68401,-0.36136,63.19838,8.999368045084793,3.3525013844182094,0.0
24.0666,29.60941,39.16698,2558.74565,-0.34041,63.2172,8.994444012514592,3.3506670527267155,0.0
24.08204,29.64292,39.14489,2553.80529,-0.31977,63.23602,8.987624154890433,3.348126476320463,0.0
24.09744,29.67638,39.12421,2548.86407,-0.2995,63.25482,8.978956208464556,3.3448974382094265,0.0
24.1128,29.70978,39.10491,2543.9231,-0.27967,63.2736,8.968494034039477,3.3410000029597082,0.0
24.12812,29.74313,39.08695,2538.98349,-0.26034,63.29238,8.956297294294133,3.3364563964890315,0.0
24.1434,29.77642,39.07028,2534.04632,-0.24157,63.31114,8.942431104705642,3.3312908760259132,0.0
24.15864,29.80966,39.05488,2529.11267,-0.22341,63.32989,8.926965661561308,3.325529591534349,0.0
24.17384,29.84284,39.04068,2524.18356,-0.20593,63.34862,8.909975850668902,3.319200439948099,0.0
24.189,29.87597,39.02765,2519.26,-0.18916,63.36734,8.89154084045045,3.312332913587414,0.0
24.20412,29.90904,39.01571,2514.34297,-0.17317,63.38605,8.871743663137503,3.3049579441432564,0.0
24.2192,29.94206,39.00483,2509.43341,-0.15801,63.40475,8.850670787706237,3.297107743584388,0.0
24.23425,29.97502,38.99493,2504.53221,-0.1437,63.42343,8.828411688190625,3.2888156433426663,0.0
24.24925,30.00793,38.98596,2499.64024,-0.13031,63.4421,8.80505841079676,3.280115933051743,0.0
24.26422,30.04078,38.97785,2494.75832,-0.11786,63.46076,8.7807051431576,3.271043700083119,0.0
24.27914,30.07358,38.97054,2489.88723,-0.10639,63.4794,8.755447788820977,3.2616346710317377,0.0
24.29403,30.10632,38.96396,2485.02771,-0.09594,63.49803,8.72938354986046,3.2519250562275452,0.0
24.30888,30.13901,38.95804,2480.18042,-0.08654,63.51665,8.702610520254705,3.241951398258596,0.0
24.32369,30.17164,38.9527,2475.34602,-0.0782,63.53526,8.675227292375242,3.231750425377408,0.0
24.33846,30.20422,38.94788,2470.52509,-0.07096,63.55385,8.647332578702644,3.221358910580276,0.0
24.35319,30.23674,38.94349,2465.71817,-0.06484,63.57243,8.619024850532146,3.210813537015611,0.0
24.36789,30.26921,38.93948,2460.92575,-0.05984,63.591,8.590401995194943,3.200150770289854,0.0
24.38254,30.30162,38.93576,2456.14826,-0.05599,63.60956,8.561560993000104,3.1894067381198377,0.0
24.39716,30.33399,38.93226,2451.3861,-0.05329,63.6281,8.532597614821565,3.1786171176759868,0.0
24.41174,30.36629,38.92889,2446.63959,-0.05175,63.64663,8.503606140982292,3.1678170308592724,0.0
24.42629,30.39855,38.9256,2441.90903,-0.05137,63.66515,8.474679101828965,3.1570409476584502,0.0
24.44079,30.43075,38.9223,2437.19464,-0.05216,63.68366,8.44590704013364,3.146322597638437,0.0
24.45526,30.4629,38.91892,2432.49662,-0.0541,63.70216,8.417378295221432,3.135694889522185,0.0
24.46969,30.49499,38.91539,2427.81509,-0.0572,63.72064,8.389178808557233,3.1251898387666213,0.0
24.48408,30.52703,38.91163,2423.15013,-0.06144,63.73912,8.361391950263933,3.114838502936124,0.0
24.49844,30.55902,38.90757,2418.50179,-0.06681,63.75758,8.334098365940685,3.1046709246382895,0.0
24.51276,30.59096,38.90314,2413.87005,-0.07329,63.77603,8.307375842960047,3.094716081716106,0.0
24.52704,30.62284,38.89828,2409.25485,-0.08087,63.79447,8.281299195336036,3.0850018443582705,0.0
24.54129,30.65467,38.89292,2404.65609,-0.08953,63.8129,8.255940166099457,3.075554938731428,0.0
24.5555,30.68645,38.88699,2400.07362,-0.09925,63.83132,8.23136734609686,3.0664009167306547,0.0
24.56968,30.71818,38.88043,2395.50724,-0.10998,63.84973,8.20764610800947,3.057564131399764,0.0
24.58381,30.74985,38.87317,2390.95671,-0.12172,63.86813,8.18483855439066,3.049067717573905,0.0
24.59791,30.78148,38.86517,2386.42177,-0.13442,63.88651,8.163003478443988,3.040933577268345,0.0
24.61198,30.81305,38.85636,2381.90209,-0.14806,63.90489,8.14219633632791,3.0331823693612474,0.0
24.62601,30.84457,38.84668,2377.39732,-0.1626,63.92326,8.122469229686562,3.025833503085931,0.0
24.64,30.87604,38.8361,2372.90705,-0.17799,63.94161,8.103870897194973,3.0189051348812357,0.0
24.65396,30.90746,38.82455,2368.43087,-0.19421,63.95996,8.086446713922792,3.012414168154494,0.0
24.66789,30.93883,38.812,2363.96831,-0.21122,63.9783,8.07023869733539,3.0063762555171043,0.0
24.68177,30.97015,38.7984,2359.51887,-0.22896,63.99662,8.055285518822952,3.000805803079416,0.0
24.69563,31.00142,38.7837,2355.08202,-0.24739,64.01494,8.041622519715006,2.9957159764165624,0.0
24.70944,31.03264,38.76788,2350.6572,-0.26647,64.03324,8.029281730794477,2.991118707837968,0.0
24.72323,31.0638,38.75089,2346.24383,-0.28616,64.05154,8.01829189437824,2.9870247046129204,0.0
24.73697,31.09492,38.73272,2341.84129,-0.30639,64.06983,8.00867848814318,2.9834434578464193,0.0
24.75069,31.12599,38.71332,2337.44893,-0.32714,64.08811,8.000463749949969,2.980383251726678,0.0
24.76436,31.157,38.69267,2333.0661,-0.34833,64.10637,7.993666702958142,2.9778511728811523,0.0
24.77801,31.18797,38.67076,2328.6921,-0.36993,64.12463,7.98830318048224,2.9758531196361093,0.0
24.79162,31.21889,38.64756,2324.32622,-0.39187,64.14288,7.984385850067602,2.97439381098549,0.0
24.80519,31.24975,38.62306,2319.96774,-0.41412,64.16112,7.98192423637952,2.9734767951177257,0.0
24.81873,31.28057,38.59725,2315.61592,-0.4366,64.17935,7.980924742597415,2.9731044573856265,0.0
24.83224,31.31134,38.57012,2311.26997,-0.45928,64.19757,7.981390670064864,2.9732780276265416,0.0
24.84571,31.34206,38.54167,2306.92914,-0.48209,64.21578,7.983322236060775,2.9739975867825783,0.0
24.85915,31.37272,38.51189,2302.59262,-0.50498,64.23397,7.986716589647889,2.9752620728045964,0.0
24.87255,31.40334,38.48079,2298.25962,-0.5279,64.25217,7.991567825605363,2.9770692858424557,0.0
24.88592,31.43391,38.44837,2293.92933,-0.55079,64.27035,7.997866996599894,2.9794158927790826,0.0
24.89926,31.46443,38.41464,2289.60092,-0.5736,64.28852,8.005602123758443,2.982297431169086,0.0
24.91256,31.4949,38.37961,2285.27357,-0.59627,64.30668,8.014758205955388,2.9857083126984696,0.0
24.92583,31.52532,38.3433,2280.94644,-0.61875,64.32483,8.025317228161175,2.9896418262947204,0.0
24.93906,31.55569,38.30572,2276.61871,-0.64099,64.34297,8.037258169296951,2.994090141052867,0.0
24.95226,31.58601,38.2669,2272.28954,-0.66293,64.3611,8.050557010095421,2.999044309163858,0.0
24.96543,31.61628,38.22686,2267.9581,-0.68452,64.37922,8.065186741564315,3.004494269067422,0.0
24.97856,31.6465,38.18563,2263.62356,-0.70571,64.39733,8.081117374672893,3.0104288490605513,0.0
24.99166,31.67667,38.14323,2259.28508,-0.72645,64.41543,8.098315951972928,3.0168357716266185,0.0
25.00472,31.70679,38.0997,2254.94186,-0.74669,64.43352,8.11674656191318,3.0237016587678953,0.0
25.01776,31.73686,38.05508,2250.59308,-0.76638,64.45159,8.136370356636867,3.031012038635583,0.0
25.03075,31.76688,38.00941,2246.23794,-0.78548,64.46966,8.15714557410879,3.038751353772744,0.0
25.04372,31.79685,37.96272,2241.87566,-0.80394,64.48772,8.179027565443283,3.046902971294686,0.0
25.05665,31.82677,37.91506,2237.50546,-0.82172,64.50576,8.20196882832842,3.0554491953403544,0.0
25.06954,31.85664,37.86647,2233.12657,-0.83877,64.52379,8.225919047459792,3.0643712821349816,0.0
25.08241,31.88646,37.817,2228.73828,-0.85505,64.54182,8.250825142889607,3.073649458001399,0.0
25.09524,31.91623,37.76671,2224.33985,-0.87053,64.55983,8.276631327210536,3.0832629406625185,0.0
25.10803,31.94594,37.71564,2219.93059,-0.88516,64.57782,8.30327917244929,3.093189964160961,0.0
25.12079,31.97561,37.66384,2215.50984,-0.89893,64.59581,8.330707687540581,3.1034078077201337,0.0
25.13352,32.00522,37.61138,2211.07693,-0.91178,64.61378,8.358853407195676,3.1138928288501098,0.0
25.14621,32.03478,37.55831,2206.63127,-0.92369,64.63174,8.387650492910536,3.124620500975822,0.0
25.15887,32.06429,37.50468,2202.17225,-0.93464,64.64969,8.417030846820364,3.135565455850869,0.0
25.1715,32.09374,37.45056,2197.69934,-0.9446,64.66763,8.446924238987679,3.1467015309756787,0.0
25.18409,32.12315,37.39601,2193.21199,-0.95354,64.68555,8.477258448646902,3.1580018222148314,0.0
25.19665,32.1525,37.34109,2188.70974,-0.96146,64.70346,8.507959419771135,3.1694387417497745,0.0
25.20917,32.1818,37.28586,2184.19213,-0.96832,64.72135,8.53895143127196,3.180984081482732,0.0
25.22166,32.21104,37.23037,2179.65875,-0.97412,64.73923,8.570157281910472,3.1926090819209234,0.0
25.23412,32.24024,37.17471,2175.10923,-0.97885,64.7571,8.60149848995026,3.204284506552558,0.0
25.24654,32.26937,37.11892,2170.54325,-0.9825,64.77495,8.632895507329687,3.2159807216316403,0.0
25.25893,32.29846,37.06307,2165.96052,-0.98506,64.79279,8.66426794804781,3.2276677812577357,0.0
25.27128,32.32749,37.00723,2161.3608,-0.98653,64.81062,8.695534830178687,3.239315517532669,0.0
25.2836,32.35646,36.95146,2156.7439,-0.98691,64.82842,8.726614830874771,3.250893635555995,0.0
25.29588,32.38539,36.89581,2152.10967,-0.98621,64.84622,8.757426553417561,3.2623718129083965,0.0
25.30813,32.41425,36.84035,2147.458,-0.98444,64.86399,8.787888805245624,3.2737198032244335,0.0
25.32035,32.44306,36.78514,2142.78885,-0.98161,64.88175,8.817920885710535,3.284907543389207,0.0
25.33253,32.47182,36.73024,2138.10221,-0.97773,64.8995,8.847442882113485,3.29590526381978,0.0
25.34468,32.50052,36.67571,2133.39812,-0.97282,64.91723,8.876375972398971,3.3066836012265455,0.0
25.35679,32.52916,36.6216,2128.67667,-0.9669,64.93494,8.904642732751135,3.3172137132009536,0.0
25.36886,32.55775,36.56797,2123.938,-0.96,64.95264,8.93216744817025,3.3274673939134227,0.0
25.38091,32.58628,36.51486,2119.1823,-0.95213,64.97031,8.958876423980096,3.3374171901580385,0.0
25.39291,32.61476,36.46234,2114.40982,-0.94335,64.98797,8.984698296112906,3.347036516941856,0.0
25.40488,32.64317,36.41044,2109.62082,-0.93367,65.00562,9.009564337943997,3.3562997717888745,0.0
25.41682,32.67153,36.35923,2104.81565,-0.92313,65.02324,9.03340876136613,3.365182446898158,0.0
25.42872,32.69983,36.30873,2099.99467,-0.91177,65.04085,9.056169009760046,3.373661238283068,0.0
25.44059,32.72808,36.25899,2095.15831,-0.89964,65.05844,9.077786040543351,3.381714151028161,0.0
25.45242,32.75627,36.21005,2090.30703,-0.88678,65.07601,9.09820459496631,3.3893205997952127,0.0
25.46422,32.78439,36.16195,2085.44133,-0.87324,65.09356,9.117373452896903,3.3964615037373673,0.0
25.47598,32.81246,36.11471,2080.56176,-0.85906,65.11109,9.13524567041043,3.4031193750074995,0.0
25.48771,32.84047,36.06838,2075.6689,-0.8443,65.12861,9.151778798134268,3.4092784000974,0.0
25.4994,32.86842,36.02296,2070.76337,-0.82901,65.1461,9.166935078414376,3.4149245132874753,0.0
25.51106,32.89632,35.9785,2065.84582,-0.81324,65.16358,9.180681619562185,3.4200454615582996,0.0
25.52268,32.92415,35.93501,2060.91693,-0.79706,65.18103,9.192990545615979,3.4246308603806743,0.0
25.53426,32.95192,35.8925,2055.9774,-0.78052,65.19847,9.203839120303224,3.4286722398948526,0.0
25.54581,32.97963,35.85099,2051.02799,-0.76367,65.21589,9.213209844072994,3.432163081057673,0.0
25.55733,33.00729,35.81049,2046.06945,-0.7466,65.23328,9.22109052337757,3.43509884145178,0.0
25.56881,33.03488,35.77101,2041.10256,-0.72934,65.25066,9.227474311608107,3.4374769705352324,0.0
25.58025,33.06241,35.73255,2036.12811,-0.71197,65.26802,9.232359721368859,3.4392969142139784,0.0
25.59166,33.08988,35.69511,2031.14694,-0.69454,65.28535,9.235750608084672,3.440560108735218,0.0
25.60303,33.1173,35.65868,2026.15986,-0.67713,65.30267,9.237656125137384,3.441269963974525,0.0
25.61437,33.14465,35.62327,2021.16771,-0.65978,65.31996,9.238090651081022,3.441431836321595,0.0
25.62567,33.17194,35.58886,2016.17133,-0.64258,65.33723,9.237073689705085,3.441052991451195,0.0
25.63694,33.19917,35.55543,2011.17157,-0.62556,65.35449,9.23462974394168,3.440142557350243,0.0
25.64817,33.22633,35.52298,2006.16927,-0.60881,65.37172,9.230788164892578,3.4387114680764244,0.0
25.65937,33.25344,35.49148,2001.16529,-0.59237,65.38893,9.225582977445015,3.436772398795483,0.0
25.67053,33.28048,35.4609,1996.16046,-0.57631,65.40612,9.219052684111777,3.434339692706493,0.0
25.68166,33.30747,35.43123,1991.1556,-0.56068,65.42329,9.211240048935242,3.431429280540431,0.0
25.69275,33.33439,35.40244,1986.15155,-0.54554,65.44044,9.202191863389153,3.428058593352423,0.0
25.70381,33.36125,35.37449,1981.14911,-0.53095,65.45756,9.191958696377979,3.424246469389932,0.0
25.71483,33.38805,35.34735,1976.14907,-0.51695,65.47467,9.180594630452763,3.420013055826219,0.0
25.72582,33.41479,35.32099,1971.15221,-0.5036,65.49175,9.168156986462272,3.4153797061856515,0.0
25.73677,33.44147,35.29536,1966.15928,-0.49094,65.50882,9.154706038861754,3.4103688742887277,0.0
25.74768,33.46808,35.27043,1961.17101,-0.47903,65.52586,9.140304723892166,3.4050040055411537,0.0
25.75857,33.49464,35.24616,1956.18811,-0.4679,65.54288,9.125018342844603,3.399309426392046,0.0
25.76941,33.52113,35.22249,1951.21125,-0.4576,65.55989,9.10891426251882,3.393310232746836,0.0
25.78023,33.54756,35.19939,1946.2411,-0.44816,65.57687,9.092061614975488,3.387032178117102,0.0
25.79101,33.57393,35.17681,1941.27828,-0.43962,65.59383,9.07453099849738,3.3805015622207253,0.0
25.80175,33.60024,35.15469,1936.32336,-0.43201,65.61076,9.056394181665512,3.373745120742484,0.0
25.81246,33.62649,35.13299,1931.37693,-0.42536,65.62768,9.037723812221635,3.3667899168776545,0.0
25.82313,33.65267,35.11166,1926.43949,-0.4197,65.64458,9.0185931323251,3.3596632352577127,0.0
25.83377,33.6788,35.09064,1921.51154,-0.41505,65.66146,8.999075701615462,3.352392478783864,0.0
25.84438,33.70486,35.06989,1916.59354,-0.41143,65.67831,8.979245129354362,3.345005068842846,0.0
25.85495,33.73087,35.04934,1911.68591,-0.40885,65.69515,8.959174816748257,3.3375283493153645,0.0
25.86549,33.75681,35.02894,1906.78902,-0.40734,65.71197,8.938937710386401,3.329989494725259,0.0
25.876,33.78269,35.00865,1901.90322,-0.4069,65.72876,8.91860606758355,3.322415422823479,0.0
25.88647,33.80851,34.9884,1897.02881,-0.40754,65.74554,8.898251234222071,3.314832711828429,0.0
25.89691,33.83428,34.96815,1892.16608,-0.40927,65.76229,8.877943435577759,3.3072675225030825,0.0
25.90731,33.85998,34.94784,1887.31523,-0.41208,65.77903,8.857751580410666,3.2997455251736567,0.0
25.91768,33.88562,34.92741,1882.47648,-0.41597,65.79574,8.837743078515134,3.2922918317622014,0.0
25.92802,33.9112,34.90682,1877.64997,-0.42093,65.81244,8.817983671749747,3.2849309328408136,0.0
25.93833,33.93672,34.88601,1872.83581,-0.42697,65.82912,8.798537278455484,3.2776866396732984,0.0
25.9486,33.96218,34.86494,1868.03409,-0.43407,65.84577,8.779465851104097,3.2705820311854534,0.0
25.95884,33.98758,34.84354,1863.24485,-0.44221,65.86241,8.760829246825079,3.2636394057329485,0.0
25.96904,34.01292,34.82178,1858.46808,-0.45138,65.87903,8.742685110488754,3.2568802375467083,0.0
25.97921,34.03821,34.7996,1853.70377,-0.46155,65.89563,8.725088769842925,3.2503251376685505,0.0
25.98935,34.06343,34.77697,1848.95183,-0.47271,65.91221,8.708093142218965,3.243993819196749,0.0
25.99946,34.08859,34.75383,1844.21218,-0.48483,65.92877,8.691748652217676,3.2379050666218543,0.0
26.00954,34.1137,34.73014,1839.48467,-0.49789,65.94531,8.67610315978473,3.232076709032901,0.0
26.01958,34.13874,34.70586,1834.76913,-0.51185,65.96183,8.661201898023071,3.226525596950889,0.0
26.02959,34.16373,34.68095,1830.06536,-0.52668,65.97834,8.647087420097833,3.221267582549474,0.0
26.03957,34.18866,34.65538,1825.37313,-0.54235,65.99482,8.633799554574182,3.2163175030171294,0.0
26.04952,34.21353,34.62911,1820.69217,-0.55881,66.01129,8.621375368534869,3.2116891668174765,0.0
26.05943,34.23834,34.6021,1816.0222,-0.57604,66.02774,8.609849137810658,3.207395342599326,0.0
26.06932,34.26309,34.57432,1811.36288,-0.594,66.04417,8.599252323709925,3.2034477505278427,0.0
26.07917,34.28779,34.54575,1806.71387,-0.61263,66.06058,8.589613555633273,3.1998570558080375,0.0
26.08899,34.31242,34.51636,1802.07479,-0.6319,66.07697,8.580958619005036,3.196632864188932,0.0
26.09878,34.337,34.48612,1797.44525,-0.65176,66.09335,8.573310447980901,3.193783719246951,0.0
26.10853,34.36152,34.45501,1792.82482,-0.67217,66.10971,8.566689122419302,3.1913171012576944,0.0
26.11826,34.38598,34.42302,1788.21306,-0.69308,66.12604,8.561111868702975,3.1892394275019855,0.0
26.12795,34.41039,34.39012,1783.60949,-0.71443,66.14236,8.556593063968302,3.1875560538414116,0.0
26.13762,34.43474,34.3563,1779.01363,-0.73619,66.15867,8.553144243419455,3.1862712774430366,0.0
26.14725,34.45902,34.32154,1774.42499,-0.75829,66.17495,8.550774110406795,3.185388340533868,0.0
26.15685,34.48326,34.28584,1769.84302,-0.7807,66.19122,8.549488549060484,3.184909435107212,0.0
26.16642,34.50743,34.24919,1765.2672,-0.80335,66.20746,8.549290639248417,3.1848357084948957,0.0
26.17596,34.53155,34.21159,1760.69698,-0.82619,66.22369,8.550180673765702,3.185167269770803,0.0
26.18547,34.55561,34.17303,1756.13179,-0.84917,66.2399,8.552156177662601,3.185903196951034,0.0
26.19494,34.57961,34.13351,1751.57105,-0.87225,66.2561,8.555211929680757,3.187041544979471,0.0
26.20439,34.60355,34.09304,1747.01418,-0.89535,66.27227,8.559339985853157,3.188579354519385,0.0
26.21381,34.62744,34.05162,1742.46058,-0.91844,66.28843,8.564529705330733,3.190512661574519,0.0
26.22319,34.65127,34.00925,1737.90966,-0.94146,66.30457,8.570767778577823,3.192836507992646,0.0
26.23255,34.67504,33.96595,1733.36081,-0.96436,66.32069,8.578038258111437,3.1955449529167463,0.0
26.24187,34.69875,33.92174,1728.81342,-0.98709,66.33679,8.586322591998337,3.1986310852635604,0.0
26.25117,34.72241,33.87661,1724.26687,-1.00959,66.35287,8.595599660386853,3.202087037332642,0.0
26.26043,34.74601,33.8306,1719.72056,-1.03181,66.36894,8.605845815350527,3.2059039996491725,0.0
26.26966,34.76955,33.78371,1715.17388,-1.05371,66.38498,8.617034924379928,3.210072237165802,0.0
26.27887,34.79303,33.73598,1710.62621,-1.07523,66.40101,8.629138417859927,3.214581106949182,0.0
26.28804,34.81646,33.68742,1706.07696,-1.09634,66.41702,8.642125340912886,3.21941907749292,0.0
26.29718,34.83983,33.63806,1701.52553,-1.11698,66.43301,8.65596240998905,3.2245737497989895,0.0
26.30629,34.86314,33.58792,1696.97133,-1.1371,66.44898,8.670614074591258,3.2300318803718095,0.0
26.31537,34.88639,33.53704,1692.41377,-1.15667,66.46493,8.686042584511798,3.2357794062657375,0.0
26.32443,34.90959,33.48544,1687.85229,-1.17565,66.48087,8.702208063001114,3.241801472342346,0.0
26.33345,34.93272,33.43316,1683.28633,-1.19399,66.49678,8.719068586206197,3.248082460863304,0.0
26.34244,34.9558,33.38023,1678.71536,-1.21165,66.51268,8.736580269244701,3.2546060235552585,0.0
26.3514,34.97882,33.32668,1674.13883,-1.22861,66.52855,8.754697359237445,3.261355116266882,0.0
26.36033,35.00179,33.27255,1669.55625,-1.24482,66.54441,8.773372335590908,3.268312036326747,0.0
26.36923,35.02469,33.21788,1664.96712,-1.26026,66.56024,8.792556017769684,3.2754584626913967,0.0
26.3781,35.04754,33.16271,1660.37097,-1.27489,66.57606,8.812197680754945,3.282775498956664,0.0
26.38694,35.07032,33.10707,1655.76735,-1.28869,66.59185,8.832245178344067,3.2902437192900194,0.0
26.39575,35.09305,33.05101,1651.15583,-1.30164,66.60763,8.852645074335012,3.2978432173002132,0.0
26.40453,35.11572,32.99456,1646.53602,-1.31371,66.62338,8.873342781626278,3.3055536578556652,0.0
26.41328,35.13833,32.93777,1641.90754,-1.32489,66.63912,8.894282709157538,3.3133543318237115,0.0
26.422,35.16088,32.88068,1637.27004,-1.33515,66.65483,8.915408416527175,3.321224213669716,0.0
26.43069,35.18337,32.82334,1632.62319,-1.34449,66.67052,8.936662776053126,3.3291420218289893,0.0
26.43935,35.20581,32.76577,1627.9667,-1.3529,66.68619,8.957988141957744,3.337086281732606,0.0
26.44798,35.22818,32.70804,1623.30032,-1.36036,66.70184,8.979326526233217,3.3450353913219004,0.0
26.45658,35.25049,32.65017,1618.62381,-1.36688,66.71747,9.000619780710194,3.3529676888738176,0.0
26.46515,35.27274,32.59222,1613.93697,-1.37245,66.73308,9.02180978469411,3.3608615229003855,0.0
26.47369,35.29494,32.53422,1609.23963,-1.37707,66.74866,9.042838637470243,3.368695323861913,0.0
26.4822,35.31707,32.47621,1604.53167,-1.38076,66.76422,9.06364885492386,3.3764476774131595,0.0
26.49068,35.33914,32.41824,1599.81297,-1.38351,66.77976,9.084183569338805,3.3840973988335805,0.0
26.49913,35.36115,32.36035,1595.08348,-1.38533,66.79528,9.104386731485862,3.3916236083105487,0.0
26.50754,35.3831,32.30257,1590.34316,-1.38625,66.81078,9.124203313930401,3.3990058066768043,0.0
26.51593,35.40499,32.24494,1585.59201,-1.38628,66.82625,9.143579514454292,3.4062239511904724,0.0
26.52429,35.42682,32.1875,1580.83008,-1.38544,66.8417,9.162462958476485,3.413258530942054,0.0
26.53261,35.44858,32.13028,1576.05742,-1.38375,66.85713,9.180802899232996,3.420090641426737,0.0
26.54091,35.47029,32.07333,1571.27415,-1.38123,66.87253,9.198550414501822,3.4267020578296057,0.0
26.54918,35.49193,32.01667,1566.48041,-1.37793,66.88791,9.215658598605405,3.4330753065516055,0.0
26.55741,35.51351,31.96033,1561.67636,-1.37386,66.90326,9.232082748417769,3.4391937345021004,0.0
26.56562,35.53503,31.90435,1556.86222,-1.36907,66.9186,9.247780542122811,3.4450415756910404,0.0
26.57379,35.55648,31.84875,1552.03821,-1.36358,66.93391,9.262712209467187,3.4506040146526327,0.0
26.58194,35.57788,31.79356,1547.20461,-1.35745,66.94919,9.276840692305496,3.4558672462526583,0.0
26.59005,35.59921,31.7388,1542.36171,-1.3507,66.96445,9.290131794263386,3.4608185314419124,0.0
26.59814,35.62048,31.6845,1537.50985,-1.34339,66.97968,9.302554318417974,3.4654462485457787,0.0
26.60619,35.64168,31.63067,1532.64937,-1.33556,66.9949,9.314080191986495,3.469739939714038,0.0
26.61421,35.66282,31.57733,1527.78065,-1.32726,67.01008,9.324684577053402,3.4736903521696245,0.0
26.6222,35.6839,31.52451,1522.90411,-1.31853,67.02524,9.33434596652449,3.4772894739540603,0.0
26.63017,35.70492,31.47221,1518.02018,-1.30943,67.04038,9.343046264570363,3.4805305638947672,0.0
26.6381,35.72587,31.42044,1513.1293,-1.30001,67.05549,9.350770850967692,3.4834081755738717,0.0
26.646,35.74676,31.36922,1508.23196,-1.29032,67.07058,9.35750862882282,3.4859181751065127,0.0
26.65387,35.76759,31.31856,1503.32864,-1.28042,67.08564,9.36325205539514,3.48805775262335,0.0
26.66171,35.78835,31.26845,1498.41986,-1.27037,67.10067,9.367997155758383,3.489825427359763,0.0
26.66952,35.80904,31.2189,1493.50613,-1.26021,67.11568,9.371743519263099,3.4912210463380253,0.0
26.6773,35.82968,31.16991,1488.588,-1.25001,67.13067,9.374494278880718,3.49224577667243,0.0
26.68505,35.85024,31.12147,1483.66602,-1.23982,67.14562,9.376256073632984,3.4929020915732596,0.0
26.69277,35.87075,31.0736,1478.74075,-1.22971,67.16056,9.377038994468226,3.4931937501842736,0.0
26.70045,35.89119,31.02627,1473.81276,-1.21971,67.17546,9.37685651405566,3.4931257714292445,0.0
26.70811,35.91157,30.97948,1468.88262,-1.2099,67.19035,9.375725401129245,3.4927044021027824,0.0
26.71574,35.93188,30.93322,1463.95091,-1.20033,67.2052,9.373665620079796,3.4919370794657607,0.0
26.72334,35.95212,30.88747,1459.0182,-1.19105,67.22003,9.370700216639769,3.490832388659891,0.0
26.7309,35.9723,30.84223,1454.08508,-1.18211,67.23483,9.366855190570536,3.4894000152803772,0.0
26.73844,35.99242,30.79747,1449.15214,-1.17358,67.24961,9.36215935637813,3.487650693488873,0.0
26.74595,36.01248,30.75318,1444.21993,-1.16549,67.26436,9.356644193118232,3.4855961500618813,0.0
26.75342,36.03246,30.70934,1439.28903,-1.15791,67.27909,9.350343684418606,3.48324904479491,0.0
26.76087,36.05239,30.66592,1434.36001,-1.15088,67.29379,9.343294149920233,3.4806229077098503,0.0
26.76829,36.07225,30.6229,1429.43342,-1.14445,67.30846,9.33553406930834,3.47773207350191,0.0
26.77567,36.09204,30.58026,1424.5098,-1.13865,67.32311,9.327103900180093,3.474591613690539,0.0
26.78303,36.11177,30.53797,1419.58969,-1.13355,67.33773,9.318045890966335,3.471217266927848,0.0
26.79036,36.13143,30.496,1414.67359,-1.12916,67.35233,9.308403890105977,3.467625367911054,0.0
26.79766,36.15103,30.45432,1409.76203,-1.12555,67.3669,9.298223152684164,3.4638327753501055,0.0
26.80492,36.17057,30.41291,1404.85547,-1.12273,67.38144,9.287550145672776,3.459856799414648,0.0
26.81216,36.19004,30.37173,1399.9544,-1.12075,67.39596,9.276432352917878,3.4557151290867147,0.0
26.81937,36.20944,30.33075,1395.05926,-1.11963,67.41046,9.264918080892256,3.4514257597984406,0.0
26.82655,36.22879,30.28994,1390.17048,-1.1194,67.42492,9.253056266259819,3.447006921744731,0.0
26.8337,36.24806,30.24927,1385.28849,-1.12009,67.43937,9.240896286153118,3.442477009206653,0.0
26.84082,36.26727,30.20869,1380.41365,-1.12173,67.45378,9.22848777205424,3.437854511217165,0.0
26.84791,36.28642,30.16818,1375.54635,-1.12432,67.46817,9.21588042804786,3.433157943855604,0.0
26.85497,36.30551,30.12771,1370.68693,-1.12789,67.48254,9.20312385417005,3.4284057844404607,0.0
26.862,36.32453,30.08723,1365.83571,-1.13245,67.49688,9.190267375463277,3.4236164078478737,0.0
26.869,36.34348,30.04672,1360.99298,-1.13802,67.51119,9.177359877309174,3.418808025168755,0.0
26.87598,36.36237,30.00613,1356.15901,-1.14459,67.52548,9.164449647481955,3.413998624869525,0.0
26.88292,36.3812,29.96543,1351.33405,-1.15218,67.53975,9.151584225324488,3.409205916606239,0.0
26.88984,36.39996,29.9246,1346.51832,-1.16078,67.55399,9.138810258350324,3.404447277805063,0.0
26.89672,36.41866,29.88359,1341.71202,-1.1704,67.5682,9.126173366527633,3.399739703104476,0.0
26.90358,36.4373,29.84237,1336.91532,-1.18103,67.58239,9.11371801437397,3.395099756707197,0.0
26.91041,36.45587,29.80091,1332.12835,-1.19266,67.59656,9.10148739101122,3.390543527697505,0.0
26.91721,36.47438,29.75918,1327.35123,-1.20529,67.6107,9.089523298185997,3.3860865883258815,0.0
26.92399,36.49283,29.71714,1322.58407,-1.2189,67.62481,9.077866046270358,3.381743955266548,0.0
26.93073,36.51121,29.67477,1317.82691,-1.23348,67.63891,9.06655435816491,3.3775300538188424,0.0
26.93745,36.52953,29.63202,1313.07981,-1.24901,67.65297,9.055625281004561,3.373458685015286,0.0
26.94413,36.54778,29.58889,1308.34278,-1.26546,67.66702,9.045114105520327,3.369542995581736,0.0
26.95079,36.56598,29.54533,1303.61581,-1.28282,67.68104,9.035054292899794,3.3657954506909875,0.0
26.95743,36.58411,29.50133,1298.89887,-1.30106,67.69503,9.025477408917489,3.362227809424596,0.0
26.96403,36.60217,29.45685,1294.19189,-1.32016,67.709,9.01641306514907,3.358851102873622,0.0
26.97061,36.62018,29.41187,1289.4948,-1.34007,67.72295,9.007888866995648,3.3556756147763203,0.0
26.97715,36.63812,29.36637,1284.80749,-1.36078,67.73687,8.999930368305598,3.3527108646135737,0.0
26.98367,36.656,29.32033,1280.12985,-1.38224,67.75077,8.99256103233035,3.3499655930638954,0.0
26.99017,36.67381,29.27372,1275.46171,-1.40442,67.76465,8.985802198757069,3.3474477497222335,0.0
26.99663,36.69157,29.22654,1270.80292,-1.42729,67.7785,8.979673056582138,3.3451644829946354,0.0
27.00307,36.70926,29.17876,1266.15329,-1.4508,67.79233,8.97419062258073,3.343122132077591,0.0
27.00948,36.72689,29.13036,1261.5126,-1.47491,67.80613,8.969369725147455,3.3413262209382495,0.0
27.01586,36.74446,29.08134,1256.88064,-1.49958,67.81991,8.965222993281724,3.339781454211183,0.0
27.02222,36.76197,29.03168,1252.25716,-1.52476,67.83367,8.961760850532276,3.3384917149425566,0.0
27.02855,36.77941,28.98137,1247.6419,-1.55042,67.84741,8.95899151371669,3.3374600641131127,0.0
27.03485,36.79679,28.93041,1243.03459,-1.57651,67.86112,8.956920996240626,3.3366887418746862,0.0
27.04113,36.81412,28.87878,1238.43494,-1.60297,67.87481,8.955553115898393,3.336179170456106,0.0
27.04737,36.83138,28.82648,1233.84265,-1.62977,67.88847,8.954889507017546,3.3359319586873895,0.0
27.05359,36.84857,28.7735,1229.2574,-1.65686,67.90212,8.954929636850409,3.335946908106011,0.0
27.05979,36.86571,28.71985,1224.67887,-1.68418,67.91573,8.95567082615832,3.336223020625072,0.0
27.06596,36.88279,28.66552,1220.10672,-1.71169,67.92933,8.957108273886998,3.3367585077255306,0.0
27.0721,36.8998,28.61052,1215.54061,-1.73934,67.9429,8.959235085957568,3.3375508011816115,0.0
27.07821,36.91675,28.55484,1210.98018,-1.76708,67.95645,8.962042308100315,3.338596565292245,0.0
27.0843,36.93364,28.49849,1206.42507,-1.79487,67.96998,8.965518962767105,3.3398917106319144,0.0
27.09036,36.95047,28.44148,1201.87493,-1.82265,67.98348,8.969652090118352,3.341431409319378,0.0
27.09639,36.96724,28.38381,1197.32937,-1.85038,67.99696,8.974426793119319,3.3432101118172355,0.0
27.1024,36.98395,28.3255,1192.78803,-1.87802,68.01042,8.979826286787706,3.3452215652779387,0.0
27.10838,37.0006,28.26655,1188.25053,-1.90551,68.02385,8.98583195162224,3.3474588334473543,0.0
27.11434,37.01718,28.20697,1183.71649,-1.93281,68.03726,8.992423391270775,3.3499143181476487,0.0
27.12027,37.03371,28.14678,1179.18555,-1.95988,68.05065,8.999578494493546,3.352579782360228,0.0
27.12617,37.05017,28.08599,1174.65733,-1.98668,68.06401,9.007273501451444,3.3554463749198624,0.0
27.13205,37.06657,28.02462,1170.13146,-2.01316,68.07735,9.01548307437876,3.358504656842152,0.0
27.1379,37.08291,27.96268,1165.60758,-2.03928,68.09067,9.02418037265421,3.3617446292894466,0.0
27.14373,37.09919,27.90019,1161.08531,-2.06501,68.10396,9.03333713230702,3.365155763188966,0.0
27.14952,37.11541,27.83718,1156.56432,-2.09031,68.11723,9.042923749945391,3.36872703049835,0.0
27.1553,37.13157,27.77365,1152.04426,-2.11514,68.13048,9.052909371095636,3.3724469371143204,0.0
27.16104,37.14767,27.70962,1147.52478,-2.13948,68.1437,9.063261982914346,3.376303557410401,0.0
27.16676,37.16371,27.64513,1143.00557,-2.16328,68.1569,9.073948511194619,3.380284570374284,0.0
27.17246,37.17968,27.5802,1138.4863,-2.18653,68.17008,9.08493492157404,3.3843772973104733,0.0
27.17813,37.19559,27.51483,1133.96668,-2.2092,68.18323,9.096186324823108,3.3885687410629877,0.0
27.18377,37.21145,27.44907,1129.44641,-2.23126,68.19636,9.107667086021348,3.392845626686339,0.0
27.18939,37.22724,27.38292,1124.92523,-2.2527,68.20946,9.11934093746081,3.397194443505057,0.0
27.19498,37.24297,27.31642,1120.40286,-2.27349,68.22254,9.131171094989726,3.4016014884547556,0.0
27.20055,37.25864,27.24959,1115.87907,-2.29361,68.2356,9.143120377553176,3.4060529106141866,0.0
27.20609,37.27425,27.18246,1111.35364,-2.31307,68.24863,9.155151329586861,3.4105347568001347,0.0
27.2116,37.28979,27.11504,1106.82634,-2.33183,68.26164,9.167226345913372,3.4150330180945607,0.0
27.21709,37.30528,27.04736,1102.297,-2.3499,68.27462,9.179307798730985,3.419533677151276,0.0
27.22256,37.3207,26.97946,1097.76544,-2.36728,68.28758,9.191358166263694,3.4240227561214622,0.0
27.22799,37.33607,26.91134,1093.23152,-2.38395,68.30051,9.203340162580922,3.4284863650149267,0.0
27.23341,37.35137,26.84304,1088.6951,-2.39993,68.31342,9.215216868092433,3.432910750312893,0.0
27.23879,37.36661,26.77458,1084.15607,-2.41521,68.3263,9.226951860140572,3.437282343617049,0.0
27.24415,37.38178,26.70599,1079.61435,-2.4298,68.33916,9.238509343153908,3.441587810135197,0.0
27.24949,37.3969,26.63728,1075.06988,-2.44372,68.352,9.249854277714979,3.4458140967623887,0.0
27.2548,37.41196,26.56848,1070.52261,-2.45697,68.36481,9.26095250796638,3.449948479543048,0.0
27.26008,37.42695,26.49961,1065.97251,-2.46957,68.37759,9.271770886683516,3.4539786102638574,0.0
27.26534,37.44188,26.43069,1061.4196,-2.48154,68.39035,9.28227739737041,3.4578925619376593,0.0
27.27058,37.45675,26.36175,1056.8639,-2.49289,68.40308,9.292441272745837,3.461678872942661,0.0
27.27579,37.47156,26.29279,1052.30545,-2.50366,68.41579,9.302233108943241,3.465326589564911,0.0
27.28097,37.4863,26.22385,1047.74433,-2.51387,68.42847,9.311624974790154,3.4688253067077484,0.0
27.28613,37.50098,26.15493,1043.18062,-2.52355,68.44113,9.320590515533835,3.4721652065323436,0.0
27.29126,37.5156,26.08606,1038.61444,-2.53273,68.45376,9.329105050406758,3.475337094803404,0.0
27.29636,37.53016,26.01725,1034.04593,-2.54144,68.46636,9.33714566344662,3.4783324347220135,0.0
27.30145,37.54466,25.94851,1029.47524,-2.54972,68.47894,9.34469128701418,3.4811433780382344,0.0
27.3065,37.55909,25.87986,1024.90255,-2.55761,68.49149,9.351722777498695,3.4837627932533666,0.0
27.31153,37.57347,25.81131,1020.32806,-2.56515,68.50402,9.358222982755633,3.4861842907422678,0.0
27.31654,37.58778,25.74287,1015.75197,-2.57237,68.51652,9.36417680083838,3.4884022446324736,0.0
27.32152,37.60202,25.67455,1011.17454,-2.57933,68.529,9.369571229674007,3.490411811309709,0.0
27.32647,37.61621,25.60635,1006.59602,-2.58607,68.54145,9.374395407375228,3.4922089444351694,0.0
27.3314,37.63033,25.5383,1002.01666,-2.59264,68.55387,9.378640642941178,3.493790406382356,0.0
27.33631,37.64439,25.47038,997.43677,-2.59908,68.56626,9.382300437175468,3.495153776029611,0.0
