0.05063,0.05063,55.24891,5350.5418,-0.38573,45.0001,11.792697538054973,4.39309011747191,0.0
0.10119,0.10119,55.20297,5344.02055,-0.27053,45.00023,11.84024298202059,4.410802046345023,0.0
0.1517,0.1517,55.17323,5337.45111,-0.15483,45.0004,11.860669483380214,4.41841145555508,0.0
0.20214,0.20215,55.15969,5330.84861,-0.03907,45.00061,11.853902468838688,4.415890564587493,0.0
0.25253,0.25253,55.16229,5324.22824,0.07633,45.00086,11.820157197529483,4.403319563133289,0.0
0.30284,0.30285,55.18092,5317.60509,0.19092,45.00114,11.759932138549448,4.380884144046555,0.0
0.3531,0.35311,55.21538,5310.99401,0.30428,45.00146,11.673995915592766,4.348870639877082,0.0
0.40329,0.4033,55.26544,5304.40946,0.416,45.00182,11.563368379708303,4.307658971974467,0.0
0.45342,0.45343,55.33081,5297.86537,0.52569,45.00222,11.429296584971318,4.257713700793714,0.0
0.50348,0.50351,55.41114,5291.375,0.63298,45.00265,11.273226608457454,4.199573528094073,0.0
0.55348,0.55351,55.50604,5284.95085,0.73752,45.00312,11.096772267868372,4.133839643431517,0.0
0.60342,0.60346,55.61507,5278.60457,0.83899,45.00363,10.901681844525024,4.061163327598149,0.0
0.6533,0.65335,55.73775,5272.34689,0.93708,45.00418,10.689803917193416,3.9822332248233385,0.0
0.70311,0.70317,55.87357,5266.18752,1.03154,45.00476,10.463053358499206,3.897762675543478,0.0
0.75286,0.75294,56.02198,5260.13521,1.12214,45.00539,10.223378448364361,3.8084774652918285,0.0
0.80256,0.80265,56.18241,5254.19761,1.20866,45.00605,9.972729928086844,3.7151042965289727,0.0
0.85219,0.8523,56.35427,5248.3814,1.29094,45.00676,9.713032665288834,3.618360233090489,0.0
0.90177,0.90189,56.53693,5242.69217,1.36885,45.0075,9.446160435117331,3.5189433055206254,0.0
0.95129,0.95143,56.72978,5237.13457,1.44226,45.00829,9.173914157025983,3.4175244037009094,0.0
1.00075,1.00092,56.93217,5231.71226,1.51111,45.00912,8.898003767858064,3.3147405240966052,0.0
1.05016,1.05035,57.14346,5226.42799,1.57532,45.00999,8.620033768040402,3.2111893853336535,0.0
1.09952,1.09974,57.36299,5221.28369,1.63489,45.0109,8.341492353005048,3.1074253793672737,0.0
1.14882,1.14907,57.59014,5216.28044,1.6898,45.01186,8.06374393990431,3.0039567874866746,0.0
1.19808,1.19836,57.82424,5211.41865,1.74007,45.01286,7.788024820944836,2.901244161067638,0.0
1.24732,1.24756,58.06254,5206.70152,1.75477,44.93104,7.517682753981272,2.8005346279958307,-40.9999993006154
1.29658,1.29665,58.3024,5202.12994,1.76603,44.85208,7.2555441915681795,2.7028811162162705,-40.9999993006154
1.34587,1.34563,58.54335,5197.7001,1.77395,44.77589,7.001837320816379,2.6083686314317,-40.9999993006154
1.39518,1.3945,58.78496,5193.40808,1.77864,44.7024,6.756728968025119,2.5170593208280545,-40.9999993006154
1.4445,1.44327,59.02679,5189.24984,1.7802,44.63152,6.520319943348235,2.4289907388401133,-40.9999993006154
1.49385,1.49194,59.26844,5185.22129,1.77875,44.56314,6.29265246047105,2.3441786111763676,-40.9999993006154
1.54321,1.54052,59.50951,5181.31827,1.77439,44.4972,6.073717216714726,2.26261947234418,-40.9999993006154
1.59259,1.589,59.74962,5177.53666,1.76722,44.4336,5.863460074932752,2.184293154832045,-40.9999993006154
1.64198,1.6374,59.9884,5173.87232,1.75736,44.37224,5.66178830731247,2.109165115089928,-40.9999993006154
1.69139,1.6857,60.2255,5170.32114,1.74492,44.31305,5.468576377145364,2.0371885873908395,-40.9999993006154
1.74081,1.73393,60.4606,5166.87909,1.72999,44.25593,5.283671248005237,1.9683065616393898,-40.9999993006154
1.79025,1.78207,60.69336,5163.54217,1.71269,44.2008,5.1068972207091425,1.9024535852670081,-40.9999993006154
1.8397,1.83014,60.92348,5160.30649,1.69311,44.14757,4.938060307166773,1.8395573926059199,-40.9999993006154
1.88916,1.87813,61.15066,5157.16822,1.67136,44.09617,4.776952156984688,1.7795403676525405,-40.9999993006154
1.93863,1.92605,61.37464,5154.12365,1.64752,44.04651,4.623353557722603,1.7223208480050378,-40.9999993006154
1.98811,1.9739,61.59513,5151.16916,1.6217,43.99852,4.477037533278576,1.6678142790933377,-40.9999993006154
2.03761,2.02169,61.81189,5148.30122,1.59398,43.95211,4.337772067206514,1.61593422868655,-40.9999993006154
2.08711,2.06941,62.02468,5145.51643,1.56445,43.90723,4.205322479065203,1.5665932721455083,-40.9999993006154
2.13662,2.11706,62.23326,5142.81148,1.5332,43.86379,4.079453482361531,1.5197037590607687,-40.9999993006154
2.18614,2.16466,62.43741,5140.1832,1.50031,43.82172,3.959930952486229,1.4751784718551886,-40.9999993006154
2.23567,2.21219,62.63694,5137.6285,1.46587,43.78097,3.846523432301178,1.4329311866548158,-40.9999993006154
2.28521,2.25967,62.83163,5135.1444,1.42993,43.74147,3.7390034019927425,1.392877146342664,-40.9999993006154
2.33476,2.30709,63.02131,5132.72805,1.39259,43.70315,3.637148338425675,1.3549334551959171,-40.9999993006154
2.38431,2.35446,63.20579,5130.37668,1.35391,43.66596,3.540741587710577,1.3190194039402676,-40.9999993006154
2.43388,2.40178,63.38492,5128.08764,1.31396,43.62983,3.449573073047537,1.2850567334402958,-40.9999993006154
2.48344,2.44905,63.55852,5125.85837,1.27281,43.59473,3.363439858210885,1.2529698446123654,-40.9999993006154
2.53302,2.49626,63.72645,5123.68639,1.23052,43.56058,3.282146585352572,1.2226859615179038,-40.9999993006154
2.5826,2.54343,63.88856,5121.56934,1.18714,43.52735,3.205505804111307,1.1941352539652144,-40.9999993006154
2.63219,2.59056,64.04473,5119.50493,1.14275,43.49497,3.133338207440198,1.1672509253614776,-40.9999993006154
2.68178,2.63764,64.19482,5117.49096,1.0974,43.46341,3.0654727880015473,1.1419692709739269,-40.9999993006154
2.73138,2.68467,64.33872,5115.52531,1.05113,43.43262,3.0017469275563373,1.1182297112297857,-40.9999993006154
2.78099,2.73167,64.47632,5113.60591,1.00401,43.40256,2.9420064304292763,1.0959748041828745,-40.9999993006154
2.8306,2.77862,64.6075,5111.73081,0.95608,43.37318,2.886105510880064,1.0751502408090783,-40.9999993006154
2.88022,2.82553,64.73217,5109.89808,0.9074,43.34444,2.8339067430853064,1.0557048263732915,-40.9999993006154
2.92984,2.8724,64.85023,5108.10588,0.858,43.3163,2.785280981389942,1.0375904507209772,-40.9999993006154
2.97946,2.91923,64.96161,5106.35241,0.80795,43.28873,2.74010725754165,1.0207620499952796,-40.9999993006154
3.0291,2.96603,65.06622,5104.63595,0.75727,43.26168,2.6982726607893834,1.0051775619705732,-40.9999993006154
3.07874,3.01279,65.16398,5102.9548,0.70601,43.23513,2.659672205945521,0.990797876902142,-40.9999993006154
3.12838,3.05951,65.25483,5101.30732,0.65422,43.20903,2.624208693847397,0.9775867855444296,-40.9999993006154
3.17803,3.10619,65.3387,5099.69192,0.60193,43.18336,2.591792568050176,0.9655109257653629,-40.9999993006154
3.22768,3.15285,65.41554,5098.10703,0.54918,43.15808,2.5623417710299643,0.9545397289782278,-40.9999993006154
3.27734,3.19946,65.48528,5096.55113,0.49601,43.13316,2.535781602730386,0.9446453674465478,-40.9999993006154
3.327,3.24605,65.54788,5095.02272,0.44246,43.10856,2.5120445838426555,0.9358027033523129,-40.9999993006154
3.37667,3.2926,65.6033,5093.52034,0.38857,43.08427,2.491070325863381,0.927989240389092,-40.9999993006154
3.42634,3.33912,65.6515,5092.04253,0.33436,43.06023,2.47280540964379,0.9211850785184252,-40.9999993006154
3.47602,3.38561,65.69244,5090.58788,0.27988,43.03644,2.457203273860506,0.9153728724222531,-40.9999993006154
3.5257,3.43207,65.72609,5089.15496,0.22516,43.01286,2.4442241146026458,0.910537794096467,-40.9999993006154
3.57539,3.47849,65.75243,5087.74238,0.17023,42.98945,2.4338347970370733,0.9066674999438944,-40.9999993006154
3.62508,3.52489,65.77143,5086.34875,0.11512,42.9662,2.426008779936234,0.903752102658929,-40.9999993006154
3.67478,3.57125,65.78308,5084.97267,0.05987,42.94307,2.420726053674088,0.9017841481293861,-40.9999993006154
3.72448,3.61759,65.78737,5083.61277,0.00452,42.92004,2.417973092138425,0.9007585975225743,-40.9999993006154
3.77419,3.66389,65.78428,5082.26766,-0.05092,42.89707,2.4177428188809085,0.9006728146752953,-40.9999993006154
3.8239,3.71017,65.77382,5080.93594,-0.10639,42.87414,2.4200345876825726,0.9015265588539815,-40.9999993006154
3.87362,3.75641,65.75598,5079.6162,-0.16188,42.85122,2.4248541775911305,0.9033219829059617,-40.9999993006154
3.92335,3.80263,65.73077,5078.30704,-0.21735,42.82829,2.432213802367992,0.9060636367787247,-40.9999993006154
3.97308,3.84882,65.69819,5077.00701,-0.27276,42.80531,2.4421321341539817,0.9097584763360214,-40.9999993006154
4.02282,3.89498,65.65827,5075.71467,-0.32808,42.78226,2.454634341044231,0.9144158773555001,-40.9999993006154
4.07256,3.94111,65.61101,5074.42854,-0.38329,42.7591,2.4697521381191843,0.9200476545391011,-40.9999993006154
4.12231,3.98721,65.55644,5073.14711,-0.43834,42.73582,2.4875238513388003,0.9266680853153252,-40.9999993006154
4.17206,4.03328,65.49458,5071.86884,-0.4932,42.71237,2.5079944935430682,0.9342939381514271,-40.9999993006154
4.22183,4.07932,65.42547,5070.59215,-0.54784,42.68873,2.5312158516295624,0.9429445050293496,-40.9999993006154
4.27159,4.12534,65.34915,5069.31545,-0.60222,42.66486,2.557246583769045,0.9526416376610902,-40.9999993006154
4.32137,4.17132,65.26564,5068.03706,-0.65631,42.64074,2.5861523253023377,0.9634097869380747,-40.9999993006154
4.37115,4.21728,65.17501,5066.75529,-0.71006,42.61633,2.618005801692699,0.9752760450088894,-40.9999993006154
4.42094,4.2632,65.07729,5065.46838,-0.76345,42.5916,2.652886946626557,0.9882701892749104,-40.9999993006154
4.47074,4.3091,64.97255,5064.17451,-0.81642,42.56651,2.6908830230152145,1.0024247274666236,-40.9999993006154
4.52054,4.35496,64.86084,5062.87181,-0.86895,42.54103,2.7320887442702273,1.0177749428218927,-40.9999993006154
4.57035,4.4008,64.74223,5061.55835,-0.92098,42.51512,2.7766063928066034,1.0343589382315213,-40.9999993006154
4.62017,4.4466,64.61679,5060.23211,-0.97249,42.48874,2.8245459322323123,1.0522176780327943,-40.9999993006154
4.67,4.49237,64.4846,5058.89101,-1.02341,42.46186,2.876025109150803,1.0713950259335963,-40.9999993006154
4.71984,4.53811,64.34575,5057.53289,-1.07372,42.43443,2.931169539889732,1.0919377773211436,-40.9999993006154
4.76968,4.58381,64.20032,5056.1555,-1.12335,42.40641,2.990112776785957,1.113895683954889,-40.9999993006154
4.81954,4.62948,64.0484,5054.75651,-1.17226,42.37775,3.0529963479105198,1.1373214687651236,-40.9999993006154
4.8694,4.67512,63.89011,5053.33349,-1.22041,42.34842,3.1199697632801877,1.162270828166938,-40.9999993006154
4.91928,4.72072,63.72556,5051.88391,-1.26773,42.31836,3.191190479686123,1.1888024189579784,-40.9999993006154
4.96916,4.76628,63.55485,5050.40513,-1.31418,42.28753,3.2668238152813873,1.2169778265000426,-40.9999993006154
5.01906,4.81181,63.37811,5048.89443,-1.35969,42.25587,3.347042803980168,1.2468615104789613,-40.9999993006154
5.06896,4.8573,63.19548,5047.34894,-1.40421,42.22333,3.432027978572088,1.2785207241089722,-40.9999993006154
5.11888,4.90276,63.00709,5045.76569,-1.44767,42.18985,3.5219670702103967,1.3120254021841653,-40.9999993006154
5.16881,4.94817,62.8131,5044.14159,-1.49002,42.15538,3.6170546106615427,1.3474480129059814,-40.9999993006154
5.21875,4.99354,62.61366,5042.47342,-1.53118,42.11986,3.717491422321038,1.3848633679007034,-40.9999993006154
5.2687,5.03887,62.40894,5040.75783,-1.57109,42.08322,3.823483979675786,1.4243483843473748,-40.9999993006154
5.31866,5.08415,62.19911,5038.99132,-1.60968,42.0454,3.9352436244788853,1.46598179260976,-40.9999993006154
5.36864,5.12939,61.98436,5037.17028,-1.64687,42.00633,4.052985615589418,1.5098437822766686,-40.9999993006154
5.41863,5.17458,61.76488,5035.29095,-1.68258,41.96594,4.176927993177092,1.5560155790482992,-40.9999993006154
5.46864,5.21972,61.54089,5033.3494,-1.71673,41.92416,4.30729023585415,1.6045789444825418,-40.9999993006154
5.51866,5.26481,61.31259,5031.3416,-1.74925,41.88092,4.444291688413275,1.6556155902859802,-40.9999993006154
5.5687,5.30985,61.08021,5029.26336,-1.78004,41.83613,4.588149737211171,1.7092064985962652,-40.9999993006154
5.61875,5.35484,60.844,5027.11033,-1.80902,41.78971,4.73907771002307,1.7654311396226625,-40.9999993006154
5.66881,5.39977,60.60421,5024.87805,-1.8361,41.74158,4.897282477458614,1.8243665781103575,-40.9999993006154
5.7189,5.44464,60.36109,5022.56189,-1.86118,41.69166,5.062961733932459,1.8860864604304626,-40.9999993006154
5.769,5.48945,60.11493,5020.15712,-1.88417,41.63986,5.236300937867261,1.9506598747251214,-40.9999993006154
5.81912,5.5342,59.86602,5017.65886,-1.90497,41.58608,5.417469893428034,2.018150077513618,-40.9999993006154
5.86926,5.57888,59.61465,5015.06215,-1.92347,41.53023,5.6066189598030975,2.0886130815497905,-40.9999993006154
5.91941,5.62349,59.36114,5012.36188,-1.93958,41.47223,5.803874879062296,2.1620961015894404,-40.9999993006154
5.96959,5.66803,59.10582,5009.55289,-1.95319,41.41196,6.009336220085784,2.238635857133928,-40.9999993006154
6.01979,5.7125,58.84903,5006.62992,-1.9642,41.34934,6.223068444166396,2.318256734237225,-40.9999993006154
6.07,5.75689,58.59113,5003.58768,-1.97249,41.28427,6.445098607762147,2.4009688121418407,-40.9999993006154
6.12024,5.8012,58.33249,5000.42084,-1.97796,41.21664,6.6754097296755255,2.486765764904898,-40.9999993006154
6.17051,5.84543,58.07349,4997.12405,-1.98052,41.14636,6.913934863688466,2.575622653298709,-40.9999993006154
6.22079,5.88957,57.81453,4993.69201,-1.98004,41.07333,7.160550933391128,2.6674936281222705,-40.9999993006154
6.2711,5.93362,57.55602,4990.11947,-1.97643,40.99746,7.415072403595811,2.762309572636441,-40.9999993006154
6.32143,5.97757,57.29837,4986.40128,-1.96958,40.91863,7.677244881958578,2.859975718999638,-40.9999993006154
6.37179,6.02143,57.04203,4982.53242,-1.9594,40.83678,7.946738765100124,2.960369281280683,-40.9999993006154
6.42218,6.06518,56.78745,4978.50806,-1.9458,40.75179,8.223143064942045,3.0633371556066256,-40.9999993006154
6.47259,6.10883,56.53507,4974.32358,-1.92868,40.6636,8.505959572612802,3.16869374606415,-40.9999993006154
6.52303,6.15237,56.28536,4969.97468,-1.90797,40.57212,8.794597538179895,3.276218982759836,-40.9999993006154
6.57349,6.19579,56.03881,4965.45737,-1.88359,40.47727,9.088369063627443,3.3856566055830815,-40.9999993006154
6.62399,6.2391,55.7959,4960.76806,-1.85548,40.379,9.386485422653063,3.4967127932336104,-40.9999993006154
6.67451,6.28228,55.55711,4955.90362,-1.82358,40.27725,9.688054532585447,3.609055221444251,-40.9999993006154
6.72506,6.32533,55.32294,4950.86142,-1.78786,40.17197,9.992079809707707,3.7223126365587706,-40.9999993006154
6.77565,6.36825,55.09389,4945.63942,-1.74828,40.06313,10.297460637635682,3.8360750300151074,-40.9999993006154
6.82626,6.41103,54.87046,4940.23622,-1.70482,39.95071,10.602994668105023,3.9498944954491035,-40.9999993006154
6.87691,6.45367,54.65313,4934.65112,-1.6575,39.8347,10.907382152847417,4.063286842432378,-40.9999993006154
6.92758,6.49617,54.44242,4928.88415,-1.60633,39.7151,11.209232473514318,4.175734029040728,-40.9999993006154
6.97829,6.53851,54.23879,4922.93617,-1.55135,39.59194,11.507072992933303,4.2866874591800075,-40.9999993006154
7.02903,6.58069,54.04274,4916.8089,-1.49261,39.46526,11.79936029570228,4.395572170003237,-40.9999993006154
7.07981,6.62272,53.85473,4910.50494,-1.4302,39.33512,12.084493819503868,4.50179190993386,-40.9999993006154
7.13061,6.66458,53.6752,4904.02782,-1.3642,39.2016,12.360831802463649,4.604735079476301,-40.9999993006154
7.18145,6.70627,53.50461,4897.38204,-1.29475,39.06478,12.626709388222396,4.703781475831745,-40.9999993006154
7.23232,6.74778,53.34336,4890.57303,-1.22198,38.92479,12.880458642700384,4.798309749669502,-40.9999993006154
7.28322,6.78912,53.19185,4883.60722,-1.14606,38.78176,13.120430148288639,4.887705449531444,-40.9999993006154
7.33416,6.83027,53.05044,4876.49199,-1.06718,38.63584,13.345015757023154,4.971369497988056,-40.9999993006154
7.38513,6.87124,52.91949,4869.23564,-0.98554,38.48721,13.552672009033301,5.048726915626659,-40.9999993006154
7.43613,6.91202,52.79929,4861.84737,-0.90137,38.33605,13.741943660707177,5.119235585912052,-40.9999993006154
7.48716,6.95261,52.69012,4854.33723,-0.81493,38.18258,13.911486723529114,5.182394837759684,-40.9999993006154
7.53822,6.993,52.59224,4846.71603,-0.72647,38.02702,14.060090392778633,5.237753614552988,-40.9999993006154
7.58931,7.03319,52.50583,4838.99531,-0.63627,37.86961,14.186697248430574,5.284917999510196,-40.9999993006154
7.64043,7.07318,52.43108,4831.18721,-0.54464,37.7106,14.290421139840202,5.323557878200115,-40.9999993006154
7.69158,7.11297,52.3681,4823.30439,-0.45188,37.55025,14.370562221288633,5.353412539678415,-40.9999993006154
7.74276,7.15256,52.31698,4815.35994,-0.3583,37.38883,14.426618685291926,5.374295047453978,-40.9999993006154
7.79396,7.19194,52.27777,4807.36723,-0.26424,37.22662,14.458294841734503,5.386095249178674,-40.9999993006154
7.84519,7.23111,52.25046,4799.33985,-0.17002,37.06391,14.465505308299706,5.388781337693006,-40.9999993006154
7.89644,7.27007,52.23502,4791.29144,-0.07596,36.90097,14.44837520597462,5.382399923856794,-40.9999993006154
7.94772,7.30883,52.23137,4783.23559,0.0176,36.73809,14.407236385744744,5.36707463089366,-40.9999993006154
7.99902,7.34738,52.23938,4775.18577,0.11034,36.57555,14.34261984239514,5.343003268332353,-40.9999993006154
8.05034,7.38572,52.2589,4767.15513,0.20195,36.41363,14.255244592200533,5.310453688653667,-40.9999993006154
8.10168,7.42386,52.28972,4759.15647,0.29211,36.25258,14.14600339714251,5.2697584691857235,-40.9999993006154
8.15304,7.46179,52.3316,4751.20214,0.38055,36.09267,14.015945805056104,5.2213085941123385,-40.9999993006154
8.20442,7.49952,52.38429,4743.30392,0.46696,35.93414,13.866259038556338,5.165546335095314,-40.9999993006154
8.25581,7.53705,52.44747,4735.47295,0.5511,35.77723,13.698247304997873,5.102957543690023,-40.9999993006154
8.30722,7.57438,52.52082,4727.71971,0.63271,35.62215,13.513310113948336,5.034063574033718,-40.9999993006154
8.35864,7.61151,52.60397,4720.0539,0.71157,35.4691,13.312920179370607,4.95941305082701,-40.9999993006154
8.41007,7.64845,52.69654,4712.48447,0.78746,35.31828,13.098601453124177,4.879573686235146,-40.9999993006154
8.46152,7.6852,52.79813,4705.01954,0.8602,35.16985,12.871907787998598,4.795124331306559,-40.9999993006154
8.51297,7.72176,52.9083,4697.66641,0.92963,35.02396,12.634402666105323,4.7066474242654595,-40.9999993006154
8.56444,7.75813,53.02663,4690.43154,0.99558,34.88074,12.387640356431739,4.614721971204922,-40.9999993006154
8.61591,7.79433,53.15264,4683.32058,1.05795,34.74031,12.133148788169015,4.5199171659509,-40.9999993006154
8.66739,7.83035,53.28588,4676.33835,1.11662,34.60277,11.872414347593612,4.422786726500546,-40.9999993006154
8.71888,7.86619,53.42587,4669.48888,1.17151,34.46819,11.606868729978336,4.323863997013155,-40.9999993006154
8.77037,7.90186,53.57213,4662.77544,1.22256,34.33665,11.337877906537317,4.2236578377068525,-40.9999993006154
8.82187,7.93737,53.72416,4656.20057,1.26971,34.20818,11.066733202477279,4.122649301197956,-40.9999993006154
8.87337,7.97272,53.88149,4649.76612,1.31295,34.08282,10.794644427013955,4.021289073251324,-40.9999993006154
8.92487,8.00791,54.04363,4643.4733,1.35225,33.9606,10.522734950815867,3.9199956389986363,-40.9999993006154
8.97637,8.04295,54.21008,4637.32271,1.38762,33.8415,10.252038590828748,3.8191541224535452,-40.9999993006154
9.02788,8.07784,54.38036,4631.3144,1.41908,33.72554,9.98349813668496,3.719115737560391,-40.9999993006154
9.07939,8.11258,54.554,4625.44789,1.44666,33.61268,9.7179653362226,3.6201977827996994,-40.9999993006154
9.13089,8.14718,54.73053,4619.72229,1.47039,33.50291,9.45620214904581,3.5226841081723785,-40.9999993006154
9.1824,8.18165,54.90948,4614.13624,1.49034,33.39617,9.198883075582595,3.4268259828350334,-40.9999993006154
9.2339,8.21598,55.0904,4608.68805,1.50656,33.29244,8.94659837333297,3.3328432932370293,-40.9999993006154
9.2854,8.25018,55.27284,4603.3757,1.51913,33.19165,8.699857981011586,3.2409260049668682,-40.9999993006154
9.3369,8.28425,55.45637,4598.19687,1.52811,33.09374,8.459095983591391,3.151235826098437,-40.9999993006154
9.3884,8.31821,55.64057,4593.14901,1.53359,32.99865,8.22467546612472,3.0639080153670735,-40.9999993006154
9.4399,8.35205,55.82502,4588.22937,1.53567,32.90631,7.996893620417123,2.9790532845399316,-40.9999993006154
9.49139,8.38577,56.00932,4583.43502,1.53443,32.81664,7.775986985565769,2.8967597506544247,-40.9999993006154
9.54288,8.41938,56.19309,4578.76289,1.52997,32.72958,7.56213672030869,2.8170949001070436,-40.9999993006154
9.59437,8.45288,56.37595,4574.2098,1.52238,32.64503,7.355473821463545,2.740107532659099,-40.9999993006154
9.64585,8.48628,56.55755,4569.77248,1.51177,32.56293,7.1560842183052955,2.6658296592264508,-40.9999993006154
9.69733,8.51958,56.73752,4565.4476,1.49824,32.48318,6.964013686978295,2.5942783326273124,-40.9999993006154
9.7488,8.55278,56.91555,4561.2318,1.48189,32.40571,6.779272542021062,2.525457395298675,-40.9999993006154
9.80027,8.58588,57.09129,4557.12168,1.46283,32.33042,6.601840073602381,2.4593591322835002,-40.9999993006154
9.85173,8.61889,57.26445,4553.11383,1.44115,32.25725,6.4316687090944304,2.395965821526216,-40.9999993006154
9.90319,8.65181,57.43473,4549.20488,1.41696,32.18609,6.268687886249155,2.3352511767328146,-40.9999993006154
9.95465,8.68464,57.60184,4545.39143,1.39036,32.11688,6.112807632479918,2.277181680747455,-40.9999993006154
10.0061,8.71739,57.76551,4541.67016,1.36145,32.04953,5.963921850751624,2.2217178096329815,-40.9999993006154
10.05754,8.75006,57.92548,4538.03775,1.33033,31.98396,5.821911317373819,2.1688151494277363,-40.9999993006154
10.10898,8.78265,58.0815,4534.49095,1.29709,31.92008,5.686646400843873,2.11842540898618,-40.9999993006154
10.16042,8.81515,58.23334,4531.02654,1.26184,31.85783,5.557989513701863,2.0704973333593473,-40.9999993006154
10.21185,8.84759,58.38077,4527.64137,1.22465,31.79711,5.435797311523143,2.0249775229774385,-40.9999993006154
10.26327,8.87995,58.52357,4524.33233,1.18564,31.73787,5.3199226545372005,1.9818111644044574,-40.9999993006154
10.31469,8.91223,58.66155,4521.0964,1.14487,31.68001,5.210216348278167,1.9409426787763258,-40.9999993006154
10.36611,8.94445,58.79451,4517.93059,1.10246,31.62348,5.1065286800254945,1.9023162941654599,-40.9999993006154
10.41752,8.9766,58.92227,4514.83199,1.05847,31.56819,5.0087107678542315,1.8658765481374964,-40.9999993006154
10.46892,9.00869,59.04466,4511.79774,1.01299,31.51409,4.91661573880105,1.831568726649136,-40.9999993006154
10.52032,9.0407,59.16151,4508.82505,0.9661,31.4611,4.830099752179325,1.7993392452599337,-40.9999993006154
10.57171,9.07266,59.27268,4505.91119,0.91789,31.40915,4.749022883381753,1.7691359783720313,-40.9999993006154
10.6231,9.10455,59.37801,4503.05348,0.86844,31.35818,4.673249882694562,1.7409085419084156,-40.9999993006154
10.67449,9.13638,59.47739,4500.2493,0.81781,31.30814,4.602650822799993,1.714608534524626,-40.9999993006154
10.72585,9.16818,59.57193,4497.49351,0.78749,31.31622,4.536292091348759,1.6898881610557355,0.0
10.77718,9.19997,59.66277,4494.78169,0.75585,31.32435,4.473302383217239,1.6664228374177767,0.0
10.82848,9.23176,59.74977,4492.11228,0.72294,31.33252,4.413657653934798,1.6442036064127896,0.0
10.87973,9.26353,59.83276,4489.48373,0.68883,31.34073,4.3573295847819224,1.6232199185726468,0.0
10.93096,9.29531,59.91164,4486.89449,0.65359,31.34899,4.304288085555829,1.6034605645050888,0.0
10.98215,9.32707,59.98627,4484.34302,0.61727,31.35729,4.254501885737341,1.5849138951189465,0.0
11.0333,9.35884,60.05653,4481.82775,0.57994,31.36564,4.207939072638961,1.5675680220984534,0.0
11.08442,9.3906,60.12233,4479.34716,0.54165,31.37404,4.1645675794081445,1.5514109996973071,0.0
11.13551,9.42235,60.18354,4476.89969,0.50248,31.38247,4.124355625810786,1.5364309889421144,0.0
11.18657,9.4541,60.24008,4474.4838,0.46248,31.39096,4.08727211472161,1.522616405335496,0.0
11.2376,9.48584,60.29186,4472.09797,0.42171,31.39949,4.05328698719354,1.5099560511287682,0.0
11.28859,9.51759,60.3388,4469.74064,0.38023,31.40806,4.022371538889251,1.49843923320102,0.0
11.33955,9.54933,60.38082,4467.41028,0.3381,31.41668,3.994498700525897,1.4880558675321554,0.0
11.39048,9.58106,60.41786,4465.10537,0.29538,31.42535,3.9696432848453367,1.4787965712058004,0.0
11.44138,9.6128,60.44986,4462.82435,0.25212,31.43406,3.9477822024227263,1.4706527428036817,0.0
11.49225,9.64453,60.47676,4460.56569,0.20838,31.44282,3.928894648470757,1.4636166319951196,0.0
11.54309,9.67625,60.49851,4458.32784,0.16423,31.45162,3.912962262559422,1.4576813990368442,0.0
11.5939,9.70798,60.51508,4456.10927,0.11971,31.46047,3.8999692629801133,1.452841164827158,0.0
11.64467,9.7397,60.52644,4453.9084,0.07488,31.46937,3.8899025572503385,1.4490910520718476,0.0
11.69542,9.77143,60.53254,4451.72369,0.02981,31.47831,3.8827518300362804,1.4464272180376552,0.0
11.74614,9.80315,60.53338,4449.55356,-0.01545,31.4873,3.8785096095410325,1.444846879283636,0.0
11.79683,9.83487,60.52894,4447.39642,-0.06086,31.49633,3.8771713131677674,1.444348328671898,0.0
11.84749,9.86659,60.51921,4445.25068,-0.10634,31.50541,3.8787352730479845,1.4449309448775398,0.0
11.89812,9.8983,60.50419,4443.11474,-0.15184,31.51454,3.883202741778379,1.4465951945257889,0.0
11.94872,9.93002,60.48388,4440.98697,-0.19732,31.52372,3.8905778784921883,1.4493426270032082,0.0
11.99929,9.96173,60.45831,4438.86572,-0.2427,31.53294,3.900867715148432,1.4531758618995558,0.0
12.04984,9.99345,60.42748,4436.74934,-0.28794,31.5422,3.9140821026997967,1.4580985689539012,0.0
12.10035,10.02516,60.39143,4434.63615,-0.33298,31.55152,3.9302336365703354,1.46411544029311,0.0
12.15083,10.05687,60.35018,4432.52443,-0.37775,31.56088,3.9493375606552443,1.4712321546692328,0.0
12.20129,10.08859,60.30377,4430.41248,-0.42221,31.57028,3.971411648823168,1.4794553333159992,0.0
12.25172,10.1203,60.25225,4428.29852,-0.46629,31.57973,3.996476062700572,1.4887924869697517,0.0
12.30211,10.15201,60.19567,4426.18079,-0.50994,31.58923,4.024553184308766,1.499251953522335,0.0
12.35248,10.18372,60.13409,4424.05747,-0.5531,31.59877,4.0556674219059135,1.510842825692134,0.0
12.40282,10.21543,60.06758,4421.92674,-0.59571,31.60836,4.089844987226893,1.5235748680400643,0.0
12.45313,10.24714,59.9962,4419.78672,-0.6377,31.61799,4.127113642121405,1.537458422585597,0.0
12.50341,10.27885,59.92003,4417.63552,-0.67902,31.62767,4.167502412429722,1.5525043022179486,0.0
12.55366,10.31056,59.83917,4415.47121,-0.71961,31.6374,4.211041266828845,1.5687236710578265,0.0
12.60388,10.34227,59.7537,4413.29184,-0.7594,31.64717,4.257760758233588,1.5861279108698945,0.0
12.65408,10.37397,59.66372,4411.0954,-0.79834,31.65698,4.307691625297564,1.6047284726114053,0.0
12.70424,10.40568,59.56935,4408.87986,-0.83635,31.66684,4.360864351507744,1.6245367121833254,0.0
12.75437,10.43739,59.4707,4406.64318,-0.87338,31.67675,4.4173086793688485,1.6455637094512343,0.0
12.80447,10.46909,59.36789,4404.38326,-0.90937,31.68669,4.47705307725668,1.6678200696341678,0.0
12.85454,10.5008,59.26104,4402.09797,-0.94424,31.69668,4.540124156629999,1.6913157062007034,0.0
12.90457,10.5325,59.1503,4399.78517,-0.97793,31.70672,4.606546037517698,1.7160596044962388,0.0
12.95458,10.5642,59.03581,4397.44266,-1.01038,31.7168,4.676339660450804,1.742059565419561,0.0
13.00455,10.59591,58.91773,4395.06824,-1.04152,31.72692,4.749522043432226,1.769321928624524,0.0
13.0545,10.62761,58.7962,4392.65968,-1.07129,31.73708,4.8261054829865575,1.7978512748900803,0.0
13.10441,10.6593,58.6714,4390.2147,-1.09961,31.74729,4.9060966989797175,1.8276501075430944,0.0
13.15428,10.691,58.54351,4387.73105,-1.12642,31.75754,4.989495923610219,1.8587185130836223,0.0
13.20413,10.72269,58.4127,4385.20642,-1.15165,31.76783,5.076295935856211,1.891053801491028,0.0
13.25394,10.75439,58.27916,4382.63852,-1.17524,31.77816,5.166481043710197,1.924650127079637,0.0
13.30371,10.78607,58.14309,4380.02504,-1.19713,31.78853,5.260026017692104,1.9594980912042947,0.0
13.35345,10.81776,58.0047,4377.36367,-1.21723,31.79895,5.356894980501795,1.9955843286267125,0.0
13.40316,10.84944,57.8642,4374.6521,-1.23549,31.8094,5.457040259160094,2.032891079907794,0.0
13.45283,10.88112,57.7218,4371.88806,-1.25185,31.81989,5.560401207668314,2.0713957528173377,0.0
13.50246,10.9128,57.57774,4369.06928,-1.26624,31.83042,5.666903010032005,2.1110704764288823,0.0
13.55205,10.94447,57.43223,4366.19352,-1.2786,31.84099,5.776455475430889,2.1518816522888122,0.0
13.60161,10.97614,57.28553,4363.25858,-1.28887,31.8516,5.888951839386001,2.1937895078195697,0.0
13.65113,11.0078,57.13789,4360.26233,-1.29699,31.86225,6.004267586919619,2.236747657915767,0.0
13.70061,11.03946,56.98954,4357.20267,-1.30291,31.87293,6.122259315852221,2.2807026814923943,0.0
13.75005,11.07111,56.84075,4354.0776,-1.30658,31.88365,6.24276366057245,2.325593720560812,0.0
13.79945,11.10275,56.69178,4350.88518,-1.30794,31.8944,6.365596298668733,2.3713521101728965,0.0
13.84881,11.13439,56.5429,4347.62358,-1.30695,31.9052,6.490551064757443,2.4179010482987073,0.0
13.89812,11.16603,56.39438,4344.29109,-1.30357,31.91602,6.617399197548867,2.4651553153387558,0.0
13.9474,11.19765,56.2465,4340.88609,-1.29776,31.92688,6.745888747545492,2.5130210534760273,0.0
13.99663,11.22927,56.09954,4337.40714,-1.28949,31.93777,6.87574417375368,2.561395616440472,0.0
14.04581,11.26088,55.95377,4333.85293,-1.27874,31.9487,7.006666158209946,2.610167500415162,0.0
14.09495,11.29248,55.80948,4330.22232,-1.26548,31.95966,7.138331666913136,2.6592163667351323,0.0
14.14405,11.32407,55.66696,4326.51436,-1.2497,31.97065,7.270394284849525,2.7084131666930418,0.0
14.19309,11.35565,55.5265,4322.72828,-1.2314,31.98167,7.402484851061402,2.7576203781189332,0.0
14.24209,11.38722,55.38837,4318.86355,-1.21057,31.99272,7.534212417050389,2.806692362410689,0.0
14.29104,11.41877,55.25286,4314.91984,-1.18723,32.0038,7.665165548220269,2.8554758493557193,0.0
14.33994,11.45032,55.12025,4310.89707,-1.16138,32.01492,7.794913983483508,2.9038105553780693,0.0
14.38879,11.48186,54.99083,4306.7954,-1.13306,32.02605,7.9230106625850905,2.951529938769882,0.0
14.43759,11.51338,54.86485,4302.61527,-1.1023,32.03722,8.048994124156104,2.9984620930294583,0.0
14.48634,11.54489,54.7426,4298.35738,-1.06915,32.04842,8.172391270166692,3.044430776692718,0.0
14.535,11.57643,54.62227,4294.02689,-1.07033,32.16333,8.295142800052563,3.090158951362338,38.99999933473172
14.58356,11.60805,54.50203,4289.62746,-1.0697,32.27995,8.419335371796356,3.136423952040128,38.99999933473172
14.632,11.63974,54.38209,4285.15791,-1.06724,32.39832,8.544732190170128,3.1831375662732198,38.99999933473172
14.68033,11.67152,54.26266,4280.61717,-1.06292,32.51844,8.671072639649413,3.2302027079215443,38.99999933473172
14.72855,11.70337,54.14394,4276.00432,-1.05674,32.64034,8.798079585703693,3.2775161370806356,38.99999933473172
14.77664,11.7353,54.02615,4271.31858,-1.04868,32.76402,8.925459739127575,3.324968595804579,38.99999933473172
14.82462,11.76731,53.90949,4266.55937,-1.03874,32.88949,9.052904205861209,3.372445012928591,38.99999933473172
14.87248,11.79941,53.79418,4261.72627,-1.02691,33.01677,9.18008923333533,3.419824782102177,38.99999933473172
14.92021,11.83158,53.68043,4256.81902,-1.01321,33.14584,9.306677162311555,3.466982116374689,38.99999933473172
14.96782,11.86384,53.56843,4251.83759,-0.99763,33.2767,9.432317590725017,3.513786481757331,38.99999933473172
15.0153,11.89618,53.45841,4246.78214,-0.98019,33.40935,9.556648753227485,3.56010311113927,38.99999933473172
15.06265,11.92861,53.35055,4241.65304,-0.96092,33.54378,9.679299116793928,3.6057935986930563,38.99999933473172
15.10987,11.96111,53.24507,4236.45087,-0.93984,33.67995,9.79988918915284,3.6507165735625144,38.99999933473172
15.15696,11.99371,53.14215,4231.17642,-0.91698,33.81786,9.918033532857876,3.6947284501574096,38.99999933473172
15.20392,12.02639,53.04199,4225.83075,-0.89238,33.95748,10.033342973699112,3.7376842508447554,38.99999933473172
15.25073,12.05915,52.94477,4220.41509,-0.86609,34.09876,10.145426987774952,3.7794384951959055,38.99999933473172
15.29742,12.092,52.85067,4214.93095,-0.83816,34.24169,10.25389624726844,3.8198461483552126,38.99999933473172
15.34396,12.12493,52.75985,4209.38003,-0.80864,34.3862,10.358365300618535,3.8587636194743475,38.99999933473172
15.39036,12.15796,52.6725,4203.76429,-0.77759,34.53225,10.458455358805432,3.896049799676895,38.99999933473172
15.43662,12.19106,52.58876,4198.08591,-0.74509,34.6798,10.553797155583172,3.9315671275702533,38.99999933473172
15.48273,12.22426,52.50877,4192.34726,-0.71121,34.82877,10.644033846289156,3.965182669128459,38.99999933473172
15.5287,12.25754,52.43268,4186.55098,-0.67604,34.97912,10.728823907129263,3.996769197752167,38.99999933473172
15.57451,12.29091,52.36062,4180.69986,-0.63965,35.13077,10.807843994769172,4.026206259541671,38.99999933473172
15.62018,12.32437,52.2927,4174.79693,-0.60215,35.28365,10.88079172489852,4.053381208385148,38.99999933473172
15.6657,12.35791,52.22903,4168.84539,-0.56362,35.43769,10.947388328039724,4.078190195317334,38.99999933473172
15.71107,12.39155,52.16971,4162.8486,-0.52417,35.5928,11.007381141537097,4.100539096851029,38.99999933473172
15.75629,12.42526,52.11481,4156.81012,-0.48391,35.74891,11.060545898132755,4.120344367531846,38.99999933473172
15.80135,12.45907,52.06441,4150.7336,-0.44294,35.90592,11.106688774129752,4.1375338029328645,38.99999933473172
15.84625,12.49296,52.01856,4144.62287,-0.40138,36.06375,11.14564816352752,4.152047200566763,38.99999933473172
15.89101,12.52694,51.97732,4138.48182,-0.35933,36.22231,11.177296148855831,4.163836907810167,38.99999933473172
15.9356,12.56101,51.94071,4132.31448,-0.31693,36.38149,11.20153964443533,4.17286824779829,38.99999933473172
15.98004,12.59516,51.90875,4126.12492,-0.27428,36.54122,11.218321193501831,4.179119816374692,38.99999933473172
16.02431,12.62939,51.88145,4119.91727,-0.23152,36.70139,11.227619406750325,4.18258364546047,38.99999933473172
16.06843,12.66372,51.8588,4113.69569,-0.18875,36.86191,11.229449036348873,4.1832652306263824,38.99999933473172
16.11239,12.69812,51.84079,4107.46435,-0.1461,37.02267,11.223860685993724,4.181183423080742,38.99999933473172
16.1562,12.73261,51.82737,4101.22744,-0.10369,37.18359,11.210940164195073,4.176370188751355,38.99999933473172
16.19984,12.76718,51.8185,4094.98908,-0.06164,37.34456,11.190807494139253,4.168870239433133,38.99999933473172
16.24332,12.80184,51.81413,4088.75337,-0.02006,37.5055,11.163615599522014,4.158740543226403,38.99999933473172
16.28664,12.83657,51.81418,4082.52435,0.02092,37.6663,11.129548690913666,4.146049723415482,38.99999933473172
16.32981,12.87139,51.81857,4076.30595,0.0612,37.82689,11.088820381982542,4.130877356712336,38.99999933473172
16.37281,12.90629,51.82721,4070.10203,0.10067,37.98717,11.041671568655335,4.113313183188011,38.99999933473172
16.41565,12.94126,51.83999,4063.91631,0.13923,38.14705,10.988368107349842,4.093456241353239,38.99999933473172
16.45834,12.97632,51.8568,4057.75241,0.17676,38.30646,10.929198330443908,4.071413942605251,38.99999933473172
16.50087,13.01145,51.8775,4051.61379,0.21318,38.46531,10.864470438318046,4.047301099695026,38.99999933473172
16.54324,13.04666,51.90197,4045.50375,0.2484,38.62353,10.794509807547744,4.021238923958108,38.99999933473172
16.58545,13.08195,51.93007,4039.42545,0.28232,38.78105,10.719656254261906,3.9933540058436128,38.99999933473172
16.62751,13.11731,51.96163,4033.38184,0.31487,38.9378,10.640261290240351,3.963777292738355,38.99999933473172
16.66941,13.15274,51.99651,4027.37574,0.34598,39.09372,10.556685407277486,3.932643077320862,38.99999933473172
16.71115,13.18825,52.03453,4021.40975,0.37556,39.24876,10.469295422663134,3.900088008683134,38.99999933473172
16.75274,13.22383,52.07553,4015.48628,0.40356,39.40286,10.378461915432133,3.866250137266173,38.99999933473172
16.79418,13.25948,52.11932,4009.60758,0.42992,39.55596,10.284556779555018,3.8312680033591198,38.99999933473172
16.83547,13.29521,52.16573,4003.77567,0.45459,39.70804,10.187950916451902,3.7952797774999714,38.99999933473172
16.87661,13.331,52.21456,3997.99238,0.47752,39.85904,10.08901208528159,3.758422459651708,38.99999933473172
16.91759,13.36686,52.26562,3992.25938,0.49868,40.00893,9.988102925588258,3.7208311425861575,38.99999933473172
16.95843,13.40279,52.31873,3986.57812,0.51802,40.1577,9.885579162970677,3.6826383434485646,38.99999933473172
16.99912,13.43878,52.37369,3980.94985,0.53552,40.3053,9.781788004760555,3.6439734061055638,38.99999933473172
17.03967,13.47484,52.43029,3975.37567,0.55116,40.45172,9.677066729217724,3.6049619755832683,38.99999933473172
17.08007,13.51096,52.48834,3969.85647,0.56493,40.59695,9.571741468527774,3.565725544701867,38.99999933473172
17.12033,13.54715,52.54765,3964.39298,0.5768,40.74097,9.466126183045724,3.526381071954396,38.99999933473172
17.16044,13.5834,52.608,3958.98576,0.58678,40.88377,9.36052182164205,3.487040668713551,38.99999933473172
17.20042,13.61972,52.66921,3953.6352,0.59486,41.02536,9.255215660906929,3.4478113530678725,38.99999933473172
17.24025,13.65609,52.73108,3948.34154,0.60105,41.16573,9.150480814102332,3.408794866893489,38.99999933473172
17.27995,13.69253,52.7934,3943.10486,0.60535,41.30489,9.046575899395899,3.370087552262499,38.99999933473172
17.31951,13.72902,52.85599,3937.9251,0.60777,41.44284,8.943744855709056,3.3317802828415535,38.99999933473172
17.35893,13.76558,52.91865,3932.80207,0.60835,41.5796,8.842216893877415,3.2939584456978177,38.99999933473172
17.39822,13.80219,52.9812,3927.73545,0.60708,41.71519,8.742206570238176,3.2567019687122163,38.99999933473172
17.43737,13.83886,53.04344,3922.7248,0.60401,41.84961,8.643913969627311,3.2200853887506966,38.99999933473172
17.4764,13.87558,53.1052,3917.76955,0.59915,41.98289,8.54752498477544,3.1841779557465477,38.99999933473172
17.51529,13.91237,53.16628,3912.86905,0.59254,42.11505,8.453211679338468,3.1490437679388603,38.99999933473172
17.55406,13.9492,53.22653,3908.02252,0.58421,42.24612,8.361132722203273,3.114741933662827,38.99999933473172
17.59269,13.9861,53.28577,3903.22911,0.5742,42.37612,8.27143388124844,3.081326755288605,38.99999933473172
17.6312,14.02304,53.34383,3898.48787,0.56254,42.50509,8.184248565383998,3.0488479311453784,38.99999933473172
17.66959,14.06004,53.40054,3893.79777,0.54929,42.63305,8.0996984044426,3.0173507715460848,38.99999933473172
17.70785,14.09709,53.45576,3889.1577,0.53447,42.76004,8.017893857254327,2.9868764253112747,38.99999933473172
17.74598,14.1342,53.50933,3884.56649,0.51815,42.88609,7.938934839065861,2.957462113499269,38.99999933473172
17.78399,14.17135,53.5611,3880.0229,0.50036,43.01125,7.862911360267386,2.929141367348724,38.99999933473172
17.82189,14.20856,53.61093,3875.52564,0.48115,43.13554,7.789904169242775,2.9019442677572505,38.99999933473172
17.85966,14.24582,53.65869,3871.07334,0.46058,43.25902,7.71998539292508,2.875897683905185,38.99999933473172
17.89731,14.28313,53.70424,3866.6646,0.4387,43.38171,7.653219169417625,2.8510255089235903,38.99999933473172
17.93484,14.32048,53.74747,3862.29797,0.41556,43.50366,7.589662267797152,2.8273488907872375,38.99999933473172
17.97226,14.35789,53.78824,3857.97194,0.39122,43.62491,7.529364690848499,2.8048864568491307,38.99999933473172
18.00955,14.39535,53.82646,3853.685,0.36572,43.74551,7.472370257153687,2.783654530684011,38.99999933473172
18.04674,14.43285,53.862,3849.43555,0.33914,43.86549,7.418717159522628,2.7636673401184804,38.99999933473172
18.0838,14.4704,53.89478,3845.222,0.31152,43.98491,7.368438497278605,2.744937215521359,38.99999933473172
18.12075,14.508,53.92469,3841.0427,0.28291,44.10381,7.321562780376985,2.7274747776011656,38.99999933473172
18.15759,14.54565,53.95165,3836.89598,0.25339,44.22224,7.278114403756838,2.7112891141145696,38.99999933473172
18.19432,14.58335,53.97557,3832.78016,0.22301,44.34023,7.238114090687389,2.696387945024621,38.99999933473172
18.23093,14.62109,53.99638,3828.6935,0.19183,44.45785,7.20157930418191,2.6827777757632427,38.99999933473172
18.26743,14.65888,54.014,3824.63426,0.1599,44.57513,7.168524625813457,2.670464038350062,38.99999933473172
18.30381,14.69671,54.02838,3820.60068,0.1273,44.69213,7.138962101510462,2.6594512202103684,38.99999933473172
18.34009,14.73459,54.03945,3816.59096,0.09407,44.80889,7.112901554055358,2.649742980589071,38.99999933473172
18.37625,14.77252,54.04716,3812.60329,0.06028,44.92546,7.090350862190797,2.641342254525109,38.99999933473172
18.4123,14.81049,54.05147,3808.63585,0.02599,45.04189,7.071316206349086,2.634251344392135,38.99999933473172
18.44825,14.84851,54.05233,3804.68678,-0.00874,45.15822,7.055802281056957,2.628471999024875,38.99999933473172
18.48408,14.88657,54.04972,3800.75423,-0.04384,45.27452,7.043812474214566,2.6240054805052804,38.99999933473172
18.5198,14.92468,54.0436,3796.8363,-0.07926,45.39082,7.035349013391155,2.6208526186615027,38.99999933473172
18.55541,14.96284,54.03396,3792.9311,-0.11493,45.50718,7.030413079385286,2.619013853372077,38.99999933473172
18.59091,15.00103,54.02077,3789.03672,-0.15079,45.62365,7.029004887240776,2.618489264746482,38.99999933473172
18.62631,15.03928,54.00404,3785.15123,-0.18678,45.74028,7.031123734943776,2.619278591266088,38.99999933473172
18.66159,15.07757,53.98376,3781.27267,-0.22283,45.85711,7.036768020018372,2.621381235966453,38.99999933473172
18.69676,15.1159,53.95992,3777.39909,-0.2589,45.9742,7.045935224190641,2.6247962607242816,38.99999933473172
18.73182,15.15428,53.93256,3773.52851,-0.2949,46.0916,7.058621866336995,2.6295223687294427,38.99999933473172
18.76677,15.1927,53.90166,3769.65895,-0.33078,46.20936,7.0748234238517655,2.635557875192329,38.99999933473172
18.80161,15.23116,53.86728,3765.78841,-0.36648,46.32753,7.094534222649909,2.642900666366966,38.99999933473172
18.83634,15.26967,53.82941,3761.91487,-0.40194,46.44617,7.117747295948872,2.6515481469435476,38.99999933473172
18.87095,15.30823,53.78812,3758.03631,-0.43708,46.56531,7.144454212055828,2.6614971758946426,38.99999933473172
18.90546,15.34683,53.74342,3754.15069,-0.47186,46.68502,7.1746448713983995,2.6727439908638067,38.99999933473172
18.93985,15.38547,53.69538,3750.25597,-0.5062,46.80535,7.208307273080333,2.6852841212014207,38.99999933473172
18.97413,15.42416,53.64405,3746.35009,-0.54005,46.92635,7.245427251372328,2.699112289800598,38.99999933473172
19.0083,15.46289,53.58947,3742.431,-0.57335,47.04806,7.285988182590814,2.7142223039018147,38.99999933473172
19.04239,15.50164,53.53355,3738.49227,-0.56862,47.06485,7.328066247123761,2.729897490080848,0.0
19.07643,15.54036,53.47819,3734.52884,-0.56305,47.08167,7.369692906981705,2.7454045161412703,0.0
19.11043,15.57906,53.42348,3730.54078,-0.55664,47.09851,7.41076972140381,2.760706710309538,0.0
19.14437,15.61773,53.36949,3726.52823,-0.5494,47.11537,7.451200693949673,2.7757683113857845,0.0
19.17827,15.65638,53.31631,3722.49136,-0.54135,47.13225,7.49089006380767,2.7905536459480587,0.0
19.21213,15.69502,53.26401,3718.4304,-0.5325,47.14914,7.529742671947274,2.805027264753706,0.0
19.24593,15.73362,53.21266,3714.34566,-0.52288,47.16606,7.567664340469525,2.8191540840573936,0.0
19.27969,15.77221,53.16234,3710.23748,-0.5125,47.183,7.604562262802202,2.832899530969082,0.0
19.3134,15.81076,53.11312,3706.10627,-0.50139,47.19995,7.640345402139774,2.8462296918833876,0.0
19.34706,15.8493,53.06507,3701.9525,-0.48958,47.21693,7.674924895306486,2.8591114629292105,0.0
19.38068,15.88781,53.01825,3697.7767,-0.47709,47.23392,7.708214459031517,2.871512701317922,0.0
19.41424,15.9263,52.97272,3693.57944,-0.46395,47.25093,7.740130795453886,2.883402376404607,0.0
19.44776,15.96476,52.92854,3689.36134,-0.45019,47.26796,7.770593993550767,2.8947507192306756,0.0
19.48123,16.00319,52.88577,3685.12309,-0.43585,47.285,7.799527923106516,2.9055293692876973,0.0
19.51465,16.0416,52.84446,3680.86543,-0.42096,47.30207,7.826860617769302,2.9157115172160637,0.0
19.54802,16.07999,52.80465,3676.58913,-0.40557,47.31915,7.852524643750235,2.9252720421551253,0.0
19.58134,16.11835,52.7664,3672.29501,-0.3897,47.33625,7.876457450793796,2.934187642488903,0.0
19.61461,16.15668,52.72974,3667.98396,-0.3734,47.35336,7.898601702068535,2.9424369587390613,0.0
19.64783,16.19498,52.6947,3663.65687,-0.35672,47.37049,7.918905579877625,2.9500006874501246,0.0
19.681,16.23326,52.66132,3659.31469,-0.33968,47.38764,7.937323064148497,2.9568616849342004,0.0
19.71412,16.27152,52.62962,3654.95842,-0.32235,47.40481,7.953814181020637,2.9630050598764717,0.0
19.74719,16.30974,52.59964,3650.58906,-0.30476,47.42199,7.968345219019408,2.9684182538656345,0.0
19.78021,16.34794,52.57138,3646.20766,-0.28696,47.43918,7.980888910688303,2.9730911090566887,0.0
19.81318,16.38611,52.54486,3641.81529,-0.26899,47.45639,7.991424577868697,2.9770159222914727,0.0
19.8461,16.42426,52.52009,3637.41303,-0.25091,47.47362,7.999938239190462,2.9801874851417414,0.0
19.87897,16.46237,52.49707,3633.00201,-0.23275,47.49086,8.006422678749532,2.9826031094933674,0.0
19.91179,16.50046,52.47581,3628.58333,-0.21458,47.50812,8.010877475346192,2.984262638438377,0.0
19.94456,16.53852,52.4563,3624.15813,-0.19643,47.5254,8.013308992092883,2.9851684424035754,0.0
19.97728,16.57655,52.43853,3619.72756,-0.17835,47.54268,8.013730326615093,2.985325400599076,0.0
20.00995,16.61456,52.42249,3615.29276,-0.1604,47.55999,8.012161222486512,2.9847408680255656,0.0
20.04256,16.65254,52.40816,3610.85486,-0.14262,47.57731,8.008627942964731,2.9834246284375228,0.0
20.07513,16.69048,52.39552,3606.415,-0.12505,47.59464,8.003163108449591,2.9813888337921837,0.0
20.10764,16.7284,52.38454,3601.97432,-0.10774,47.61199,7.9958054994782,2.9786479308599976,0.0
20.14011,16.7663,52.37519,3597.53393,-0.09074,47.62935,7.986599827389775,2.975218575791249,0.0
20.17252,16.80416,52.36744,3593.09493,-0.07409,47.64673,7.975596475072581,2.971119537537471,0.0
20.20489,16.84199,52.36124,3588.65841,-0.05783,47.66412,7.962851210512691,2.9663715911408186,0.0
20.2372,16.8798,52.35656,3584.22542,-0.042,47.68153,7.948424876018397,2.960997401961988,0.0
20.26946,16.91758,52.35334,3579.79701,-0.02666,47.69895,7.9323830562076925,2.955021401996819,0.0
20.30167,16.95533,52.35154,3575.37417,-0.01182,47.71639,7.914795727946406,2.9484696594690334,0.0
20.33383,16.99305,52.35111,3570.9579,0.00246,47.73384,7.895736895521413,2.9413697429226615,0.0
20.36594,17.03075,52.35198,3566.54913,0.01616,47.7513,7.875284214335632,2.933750581038528,0.0
20.398,17.06841,52.35411,3562.14878,0.02923,47.76878,7.853518606448814,2.9256423194130785,0.0
20.43001,17.10605,52.35741,3557.75771,0.04166,47.78628,7.8305238711691185,2.9170761754934937,0.0
20.46197,17.14366,52.36184,3553.37675,0.0534,47.80379,7.806386293878955,2.9080842928550266,0.0
20.49388,17.18124,52.36733,3549.00671,0.06443,47.82131,7.78119425606933,2.8986995959285338,0.0
20.52573,17.21879,52.37379,3544.64831,0.07473,47.83885,7.755037849482472,2.8889556462584522,0.0
20.55754,17.25631,52.38117,3540.30227,0.08427,47.8564,7.728008497002646,2.878886501274651,0.0
20.5893,17.29381,52.38939,3535.96924,0.09303,47.87397,7.700198582765659,2.8685265764984917,0.0
20.62101,17.33128,52.39837,3531.64984,0.10099,47.89156,7.671701093705834,2.857910512009643,0.0
20.65267,17.36872,52.40804,3527.34461,0.10813,47.90916,7.642609274527776,2.847073043913986,0.0
20.68428,17.40614,52.41832,3523.05409,0.11444,47.92677,7.613016297843189,2.836048881460899,0.0
20.71584,17.44352,52.42912,3518.77873,0.11991,47.9444,7.583014950926855,2.824872590351619,0.0
20.74735,17.48088,52.44038,3514.51896,0.12452,47.96205,7.552697340321276,2.813578482696696,0.0
20.77882,17.51821,52.45201,3510.27513,0.12828,47.97971,7.522154615245481,2.8022005139785002,0.0
20.81023,17.55552,52.46393,3506.04758,0.13116,47.99738,7.49147671052151,2.790772187284568,0.0
20.8416,17.5928,52.47606,3501.83656,0.13317,48.01507,7.460752109471875,2.7793264649806724,0.0
20.87292,17.63005,52.48832,3497.64231,0.13431,48.03278,7.430067627057351,2.767895687923939,0.0
20.90419,17.66728,52.50063,3493.465,0.13457,48.05051,7.399508213264438,2.75651150221951,0.0
20.93541,17.70447,52.51291,3489.30475,0.13397,48.06825,7.369156776575729,2.745204793458604,0.0
20.96658,17.74165,52.52508,3485.16165,0.1325,48.086,7.3390940271767455,2.7340056283089402,0.0
20.9977,17.77879,52.53707,3481.03573,0.13017,48.10377,7.309398339397627,2.722943203270649,0.0
21.02878,17.81592,52.54878,3476.92697,0.12699,48.12156,7.280145632705249,2.7120458003427026,0.0
21.05981,17.85301,52.56016,3472.83534,0.12297,48.13936,7.251409270495429,2.70134074932035,0.0
21.0908,17.89008,52.57112,3468.76072,0.11813,48.15719,7.2232599757728,2.6908543963836506,0.0
21.12173,17.92712,52.58159,3464.70298,0.11247,48.17502,7.195765762760131,2.680612078620148,0.0
21.15262,17.96414,52.5915,3460.66194,0.10601,48.19288,7.168991883378706,2.6706381040874043,0.0
21.18346,18.00114,52.60078,3456.63737,0.09877,48.21075,7.143000787490445,2.6609557370021366,0.0
21.21426,18.0381,52.60935,3452.62902,0.09078,48.22864,7.117852095788964,2.6515871876414323,0.0
21.24501,18.07505,52.61716,3448.6366,0.08204,48.24654,7.093602584139255,2.642553606508863,0.0
21.27571,18.11197,52.62415,3444.65976,0.07258,48.26446,7.070306178221816,2.6338750823392876,0.0
21.30637,18.14886,52.63024,3440.69814,0.06243,48.2824,7.0480139572914124,2.625570643499079,0.0
21.33698,18.18573,52.63537,3436.75134,0.0516,48.30036,7.026774165894332,2.6176582623511204,0.0
21.36754,18.22258,52.6395,3432.81892,0.04013,48.31833,7.006632232412874,2.610154862163111,0.0
21.39806,18.2594,52.64257,3428.90042,0.02805,48.33632,6.987630793323019,2.6030763261441887,0.0
21.42854,18.2962,52.64452,3424.99534,0.01537,48.35433,6.969809722105642,2.5964375082151117,0.0
21.45897,18.33297,52.64531,3421.10316,0.00214,48.37235,6.953206161779259,2.5902522451275694,0.0
21.48935,18.36972,52.64489,3417.22332,-0.01163,48.39039,6.937854560104508,2.5845333695787747,0.0
21.51969,18.40645,52.64321,3413.35525,-0.0259,48.40845,6.923786706508465,2.5792927239667436,0.0
21.54998,18.44315,52.64025,3409.49834,-0.04063,48.42653,6.911031769909377,2.5745411744810034,0.0
21.58023,18.47983,52.63595,3405.65196,-0.05579,48.44463,6.899616336615845,2.570288625221036,0.0
21.61043,18.51648,52.63029,3401.81547,-0.07136,48.46274,6.889564447578174,2.566544032073385,0.0
21.64059,18.55312,52.62323,3397.9882,-0.08729,48.48087,6.880897634323406,2.5633154160984035,0.0
21.6707,18.58973,52.61475,3394.16945,-0.10356,48.49902,6.873634952968072,2.560609876200894,0.0
21.70077,18.62631,52.60482,3390.35851,-0.12012,48.51718,6.867793015772044,2.558433600884755,0.0
21.7308,18.66287,52.59342,3386.55466,-0.13694,48.53537,6.863386019766088,2.5567918789174926,0.0
21.76078,18.69941,52.58053,3382.75715,-0.15398,48.55357,6.860425772041877,2.555689108751419,0.0
21.79071,18.73593,52.56614,3378.96522,-0.17121,48.57179,6.858921711387527,2.5551288065834563,0.0
21.8206,18.77242,52.55024,3375.17811,-0.1886,48.59002,6.858880925972166,2.555113612943105,0.0
21.85045,18.80889,52.53281,3371.39501,-0.20609,48.60828,6.860308166910644,2.555645297745658,0.0
21.88025,18.84534,52.51385,3367.61515,-0.22367,48.62655,6.863205857533362,2.556724763745449,0.0
21.91001,18.88177,52.49337,3363.8377,-0.24128,48.64484,6.867574098329504,2.5583520483773445,0.0
21.93973,18.91817,52.47136,3360.06186,-0.25889,48.66314,6.8734106675275735,2.5605263239730034,0.0
21.9694,18.95455,52.44783,3356.2868,-0.27646,48.68147,6.880711017393828,2.563245896381949,0.0
21.99902,18.9909,52.42278,3352.51168,-0.29396,48.69981,6.889468266359174,2.566508202038628,0.0
22.02861,19.02723,52.39623,3348.73569,-0.31135,48.71816,6.89967318717589,2.570309803550481,0.0
22.05814,19.06354,52.36819,3344.95796,-0.32859,48.73654,6.911314191346412,2.574646383897254,0.0
22.08764,19.09983,52.33869,3341.17768,-0.34564,48.75493,6.924377310156563,2.5795127393653776,0.0
22.11709,19.13609,52.30773,3337.39398,-0.36247,48.77334,6.9388461726691,2.5849027713499826,0.0
22.1465,19.17233,52.27536,3333.60604,-0.37904,48.79176,6.9547019811467345,2.5908094771993304,0.0
22.17586,19.20855,52.24158,3329.81301,-0.39532,48.8102,6.971923484396907,2.597224940285041,0.0
22.20518,19.24474,52.20644,3326.01406,-0.41127,48.82866,6.990486949602724,2.604140319508373,0.0
22.23445,19.28091,52.16997,3322.20835,-0.42685,48.84713,7.010366133268415,2.611545838476645,0.0
22.26368,19.31706,52.13221,3318.39507,-0.44203,48.86562,7.0315322519632435,2.6194307746045684,0.0
22.29286,19.35318,52.09318,3314.5734,-0.45678,48.88413,7.0539539536027895,2.6277834484157756,0.0
22.322,19.38928,52.05295,3310.74252,-0.47106,48.90265,7.077597290052257,2.636591213336825,0.0
22.3511,19.42536,52.01154,3306.90165,-0.48484,48.92119,7.102425691908292,2.645840446302767,0.0
22.38015,19.46141,51.96902,3303.05001,-0.49809,48.93974,7.12839994632589,2.655516539497087,0.0
22.40916,19.49743,51.92542,3299.18683,-0.51078,48.95831,7.155478178839901,2.665603893579733,0.0
22.43812,19.53344,51.8808,3295.31135,-0.52289,48.97689,7.183615840125369,2.676085912754995,0.0
22.46704,19.56941,51.83522,3291.42286,-0.53438,48.99549,7.212765698711823,2.686945002057389,0.0
22.49592,19.60537,51.78873,3287.52063,-0.54522,49.0141,7.242877840639948,2.6981625672237537,0.0
22.52474,19.64129,51.74139,3283.60398,-0.55539,49.03273,7.273899677109139,2.7097190175421693,0.0
22.55353,19.6772,51.69326,3279.67224,-0.56488,49.05137,7.305775961147307,2.721593772061897,0.0
22.58227,19.71307,51.64441,3275.72477,-0.57364,49.07002,7.338448814318829,2.7337652695427943,0.0
22.61096,19.74893,51.59489,3271.76097,-0.58167,49.08869,7.371857764485302,2.746210982522189,0.0
22.63961,19.78475,51.54479,3267.78024,-0.58893,49.10737,7.405939795615341,2.7589074358703374,0.0
22.66821,19.82055,51.49415,3263.78203,-0.59543,49.12607,7.4406294105557755,2.7718302301743516,0.0
22.69676,19.85633,51.44306,3259.76584,-0.60113,49.14478,7.475858707662672,2.784954070285264,0.0
22.72527,19.89208,51.39158,3255.73116,-0.60602,49.1635,7.511557472120457,2.798252799336812,0.0
22.75374,19.9278,51.33978,3251.67756,-0.61009,49.18223,7.547653282633781,2.811699438490959,0.0
22.78216,19.96349,51.28773,3247.60463,-0.61334,49.20098,7.584071634171316,2.82526623266319,0.0
22.81053,19.99916,51.23551,3243.51199,-0.61574,49.21973,7.620736077243554,2.838924702407155,0.0
22.83886,20.0348,51.18319,3239.39931,-0.61729,49.2385,7.6575683741019365,2.8526457021029583,0.0
22.86713,20.07041,51.13083,3235.26631,-0.61799,49.25728,7.694488672099653,2.866399484538613,0.0
22.89537,20.106,51.07852,3231.11275,-0.61784,49.27607,7.731415694309026,2.880155771920035,0.0
22.92355,20.14155,51.02633,3226.93842,-0.61683,49.29487,7.768266947270663,2.893883833263065,0.0
22.95169,20.17708,50.97433,3222.74319,-0.61496,49.31369,7.804958945636408,2.907552568078885,0.0
22.97978,20.21258,50.92259,3218.52693,-0.61225,49.33251,7.841407453207916,2.921130596167224,0.0
23.00783,20.24805,50.87118,3214.28961,-0.60868,49.35134,7.8775277397259424,2.934586353277125,0.0
23.03582,20.28349,50.82017,3210.03121,-0.60429,49.37018,7.913234852529954,2.947888192307301,0.0
23.06377,20.31891,50.76964,3205.75177,-0.59906,49.38903,7.9484439019907445,2.961004489637291,0.0
23.09167,20.35429,50.71964,3201.4514,-0.59302,49.4079,7.983070359466231,2.9739037561238386,0.0
23.11953,20.38964,50.67025,3197.13023,-0.58618,49.42676,8.017030366236702,2.986554752187394,0.0
23.14733,20.42496,50.62154,3192.78846,-0.57856,49.44564,8.050241051761613,2.9989266063711506,0.0
23.17509,20.46025,50.57356,3188.42634,-0.57018,49.46453,8.08262085937232,3.0109889366701514,0.0
23.2028,20.49552,50.52637,3184.04417,-0.56106,49.48342,8.114089877321522,3.022711973855924,0.0
23.23045,20.53075,50.48004,3179.64229,-0.55122,49.50232,8.144570173004096,3.034066685982529,0.0
23.25807,20.56594,50.43462,3175.22109,-0.54069,49.52123,8.173986127988908,3.0450249031947276,0.0
23.28563,20.60111,50.39017,3170.78102,-0.5295,49.54015,8.202264771379973,3.055559441913788,0.0
23.31314,20.63625,50.34673,3166.32258,-0.51767,49.55907,8.229336108980537,3.065644227459759,0.0
23.3406,20.67135,50.30436,3161.84629,-0.50525,49.578,8.25513344563163,3.0752544141310696,0.0
23.36802,20.70642,50.2631,3157.35274,-0.49226,49.59694,8.279593698093198,3.084366501760979,0.0
23.39538,20.74146,50.223,3152.84256,-0.47874,49.61588,8.302657695826952,3.0929584477671064,0.0
23.4227,20.77646,50.18408,3148.31641,-0.46473,49.63483,8.32427046711242,3.10100977373718,0.0
23.44996,20.81143,50.1464,3143.775,-0.45026,49.65378,8.344381507944888,3.1085016656006053,0.0
23.47718,20.84637,50.10998,3139.21907,-0.43538,49.67274,8.36294503133183,3.1154170664979377,0.0
23.50434,20.88128,50.07485,3134.6494,-0.42013,49.69171,8.379920194722827,3.1217407615045136,0.0
23.53146,20.91615,50.04103,3130.06679,-0.40456,49.71068,8.395271303456193,3.1274594534196716,0.0
23.55852,20.95099,50.00855,3125.47209,-0.38869,49.72965,8.408967988370918,3.132561828931877,0.0
23.58554,20.98579,49.97743,3120.86615,-0.37259,49.74863,8.42098535591587,3.1370386145383415,0.0
23.61251,21.02056,49.94767,3116.24988,-0.3563,49.76762,8.43130410936389,3.1408826217004724,0.0
23.63942,21.0553,49.91929,3111.62418,-0.33986,49.78661,8.4399106400111,3.144088780818008,0.0
23.66628,21.09,49.8923,3106.98997,-0.32332,49.8056,8.446797087549012,3.1466541637192207,0.0
23.6931,21.12466,49.86669,3102.3482,-0.30673,49.8246,8.451961369096484,3.148577994476079,0.0
23.71986,21.15929,49.84247,3097.69983,-0.29013,49.8436,8.455407176665101,3.149861648460043,0.0
23.74657,21.19389,49.81963,3093.04581,-0.27358,49.8626,8.45714394320235,3.1505086396922457,0.0
23.77324,21.22845,49.79816,3088.38712,-0.25711,49.88161,8.457186777619471,3.150524596639664,0.0
23.79985,21.26297,49.77805,3083.72473,-0.24079,49.90062,8.45555636952948,3.1499172267275246,0.0
23.82641,21.29746,49.75928,3079.05959,-0.22464,49.91964,8.452278864727557,3.148696269952466,0.0
23.85292,21.33192,49.74183,3074.39268,-0.20872,49.93866,8.447385712697624,3.1468734420747375,0.0
23.87938,21.36634,49.72567,3069.72496,-0.19308,49.95768,8.440913487707412,3.1444623679713954,0.0
23.90579,21.40072,49.71078,3065.05736,-0.17776,49.97671,8.432903685248837,3.1414785058049897,0.0
23.93215,21.43507,49.69713,3060.39082,-0.1628,49.99574,8.423402495822515,3.1379390627523454,0.0
23.95846,21.46938,49.68469,3055.72627,-0.14824,50.01477,8.412460558211235,3.1338629030924383,0.0
23.98472,21.50366,49.6734,3051.06458,-0.13413,50.03381,8.400132694529482,3.12927044950537,0.0
24.01092,21.5379,49.66324,3046.40665,-0.12049,50.05285,8.386477629453527,3.124183578478192,0.0
24.03708,21.5721,49.65417,3041.75332,-0.10739,50.07189,8.371557696103993,3.1186255107384175,0.0
24.06319,21.60627,49.64613,3037.10541,-0.09483,50.09094,8.355438531097041,3.1126206976525714,0.0
24.08924,21.64041,49.63907,3032.46373,-0.08287,50.10999,8.338188761280595,3.1061947045271854,0.0
24.11525,21.6745,49.63295,3027.82904,-0.07153,50.12904,8.319879684668342,3.0993740917483215,0.0
24.14121,21.70857,49.62771,3023.20207,-0.06085,50.1481,8.300584947999113,3.0921862946639576,0.0
24.16711,21.74259,49.6233,3018.58352,-0.05085,50.16716,8.280380223315102,3.084659503100863,0.0
24.19297,21.77658,49.61965,3013.97406,-0.04156,50.18622,8.259342885805035,3.0768225413526995,0.0
24.21878,21.81054,49.61672,3009.3743,-0.033,50.20529,8.237551695062498,3.068704749440369,0.0
24.24454,21.84446,49.61443,3004.78484,-0.0252,50.22436,8.215086481740755,3.0603358663826823,0.0
24.27024,21.87834,49.61273,3000.20623,-0.01817,50.24343,8.19202784144722,3.051745916164001,0.0
24.2959,21.91219,49.61156,2995.63898,-0.01194,50.26251,8.168456837540575,3.0429650970183366,0.0
24.32151,21.94601,49.61084,2991.08354,-0.00652,50.28159,8.144454714302821,3.0340236745784033,0.0
24.34707,21.97978,49.61052,2986.54035,-0.00191,50.30067,8.120102621773091,3.0249518793689614,0.0
24.37258,22.01353,49.61052,2982.00978,0.00186,50.31976,8.095481353352993,3.0157798090579138,0.0
24.39804,22.04723,49.61078,2977.49218,0.00479,50.33885,8.070671097079174,3.0065373357987855,0.0
24.42346,22.08091,49.61124,2972.98784,0.00687,50.35795,8.045751201300103,2.9972540189391625,0.0
24.44882,22.11455,49.61183,2968.49702,0.0081,50.37705,8.020799955265954,2.987959023284647,0.0
24.47414,22.14815,49.61248,2964.01994,0.00847,50.39615,7.995894385015526,2.9786810430613704,0.0
24.49941,22.18172,49.61312,2959.55675,0.008,50.41526,7.971110064728799,2.969448231639851,0.0
24.52462,22.21525,49.6137,2955.10758,0.00667,50.43437,7.946520943589206,2.960288137036638,0.0
24.5498,22.24875,49.61413,2950.67253,0.0045,50.45349,7.922199188032561,2.951227643147884,0.0
24.57492,22.28222,49.61437,2946.25164,0.00149,50.47261,7.898215039132985,2.942292916621855,0.0
24.6,22.31565,49.61434,2941.8449,-0.00235,50.49173,7.874636684758475,2.9335093592335086,0.0
24.62502,22.34905,49.61399,2937.45229,-0.00701,50.51086,7.85153014601509,2.9249015655819735,0.0
24.65001,22.38241,49.61324,2933.07372,-0.01248,50.53,7.828959177399508,2.916493285894743,0.0
24.67494,22.41574,49.61205,2928.70909,-0.01873,50.54914,7.8069851800197,2.908307393700097,0.0
24.69982,22.44904,49.61035,2924.35823,-0.02576,50.56828,7.785667127156188,2.90036585809671,0.0
24.72466,22.4823,49.60809,2920.02097,-0.03355,50.58743,7.765061501385114,2.892689720330341,0.0
24.74946,22.51553,49.60521,2915.69707,-0.04207,50.60659,7.745222242455777,2.885299074376844,0.0
24.7742,22.54872,49.60165,2911.38628,-0.05131,50.62575,7.726200705082053,2.878213051218362,0.0
24.7989,22.58189,49.59737,2907.08831,-0.06123,50.64491,7.708045625769256,2.8714498064854594,0.0
24.82355,22.61501,49.59231,2902.80283,-0.07183,50.66408,7.69080309782981,2.865026511149801,0.0
24.84816,22.64811,49.58643,2898.52948,-0.08306,50.68325,7.6745165536969,2.8589593449355255,0.0
24.87272,22.68117,49.57969,2894.26787,-0.09491,50.70244,7.659226753701205,2.853263492138279,0.0
24.89723,22.7142,49.57204,2890.0176,-0.10733,50.72162,7.644971780460549,2.847953139535216,0.0
24.9217,22.7472,49.56344,2885.77821,-0.12032,50.74081,7.6317870380791275,2.8430414760866856,0.0
24.94612,22.78016,49.55385,2881.54923,-0.13382,50.76001,7.619705255375306,2.8385406941386777,0.0
24.9705,22.81309,49.54323,2877.33017,-0.14781,50.77921,7.6087564924022795,2.834461991851933,0.0
24.99483,22.84599,49.53157,2873.1205,-0.16226,50.79842,7.598968149563793,2.830815576597797,0.0
25.01912,22.87886,49.51881,2868.91969,-0.17714,50.81763,7.590364978680236,2.8276106690806224,0.0
25.04336,22.91169,49.50495,2864.72716,-0.1924,50.83685,7.582969095400094,2.824855507961369,0.0
25.06755,22.94449,49.48995,2860.54234,-0.20801,50.85608,7.576799992429233,2.822557354785855,0.0
25.0917,22.97726,49.47379,2856.3646,-0.22393,50.87531,7.571874553077172,2.8207224990311035,0.0
25.1158,23.01,49.45645,2852.19333,-0.24014,50.89454,7.568207064698977,2.819356263112799,0.0
25.13986,23.0427,49.43792,2848.0279,-0.25658,50.91378,7.565809231666442,2.8184630072173955,0.0
25.16388,23.07537,49.41819,2843.86763,-0.27323,50.93303,7.5646901875646835,2.8180461338456673,0.0
25.18784,23.10801,49.39723,2839.71187,-0.29003,50.95228,7.564856506357764,2.818108091972201,0.0
25.21177,23.14062,49.37506,2835.55992,-0.30697,50.97154,7.566312212364339,2.818650380761581,0.0
25.23565,23.17319,49.35166,2831.4111,-0.32399,50.9908,7.569058788892711,2.8196735527851766,0.0
25.25948,23.20573,49.32703,2827.26471,-0.34106,51.01007,7.573095185517428,2.821177216731871,0.0
25.28327,23.23824,49.30117,2823.12002,-0.35813,51.02934,7.5784178239643225,2.8231600396003858,0.0
25.30702,23.27072,49.27409,2818.97631,-0.37518,51.04862,7.585020602696761,2.8256197484077825,0.0
25.33072,23.30317,49.2458,2814.83287,-0.39215,51.0679,7.592894900327094,2.828553131460322,0.0
25.35437,23.33558,49.2163,2810.68897,-0.40901,51.08719,7.602029578028388,2.831956039251889,0.0
25.37798,23.36796,49.18561,2806.54386,-0.42573,51.10648,7.61241098120573,2.8358233850866057,0.0
25.40155,23.4003,49.15374,2802.39681,-0.44226,51.12578,7.6240229407209075,2.8401491455350527,0.0
25.42507,23.43262,49.12072,2798.2471,-0.45856,51.14508,7.636846774034054,2.8449263608595614,0.0
25.44855,23.4649,49.08657,2794.09398,-0.4746,51.16439,7.650861286659082,2.850147135556404,0.0
25.47198,23.49715,49.0513,2789.93673,-0.49035,51.1837,7.666042774401547,2.855802639189455,0.0
25.49537,23.52936,49.01495,2785.77461,-0.50575,51.20302,7.6823650268810635,2.861883107702384,0.0
25.51871,23.56155,48.97754,2781.60693,-0.52079,51.22234,7.699799332881468,2.8683778454117337,0.0
25.54201,23.5937,48.93911,2777.43295,-0.53542,51.24166,7.718314488118572,2.875275227900609,0.0
25.56526,23.62581,48.89969,2773.25198,-0.5496,51.26099,7.7378768060458905,2.8825627060440975,0.0
25.58847,23.6579,48.85932,2769.06334,-0.56332,51.28032,7.758450132350981,2.8902268114095375,0.0
25.61163,23.68994,48.81803,2764.86633,-0.57653,51.29965,7.779995863810561,2.8982531632805446,0.0
25.63475,23.72196,48.77587,2760.6603,-0.5892,51.31899,7.802472972204393,2.906626477565563,0.0
25.65783,23.75394,48.73288,2756.4446,-0.60131,51.33833,7.825838033985078,2.9153305778506424,0.0
25.68086,23.78589,48.6891,2752.2186,-0.61282,51.35767,7.850045266425879,2.924348408865459,0.0
25.70384,23.8178,48.64458,2747.98169,-0.62371,51.37702,7.875046570931678,2.9336620526177817,0.0
25.72678,23.84968,48.59938,2743.73327,-0.63395,51.39637,7.9007915842165435,2.9432527474584615,0.0
25.74968,23.88153,48.55353,2739.47279,-0.64353,51.41572,7.9272277380298775,2.953100910330998,0.0
25.77252,23.91334,48.50709,2735.19969,-0.6524,51.43507,7.9543003280529225,2.9631861624372964,0.0
25.79533,23.94511,48.46011,2730.91346,-0.66057,51.45442,7.981952592587149,2.9734873585511634,0.0
25.81809,23.97685,48.41265,2726.6136,-0.66799,51.47378,8.01012580157515,2.9839826201809365,0.0
25.8408,24.00856,48.36477,2722.29966,-0.67467,51.49314,8.03875935645988,2.9946493727696684,0.0
25.86347,24.04023,48.31651,2717.9712,-0.68058,51.5125,8.067790901285516,3.0054643870831366,0.0
25.88609,24.07186,48.26793,2713.62782,-0.68571,51.53185,8.097156445417715,3.0164038249263476,0.0
25.90867,24.10346,48.2191,2709.26915,-0.69004,51.55121,8.126790498098051,3.0274432892686254,0.0
25.9312,24.13502,48.17007,2704.89487,-0.69357,51.57057,8.156626215006588,3.0385578788420133,0.0
25.95368,24.16655,48.12089,2700.50466,-0.69629,51.58993,8.186595556890024,3.049722247234436,0.0
25.97612,24.19803,48.07164,2696.09828,-0.6982,51.60929,8.216629460146933,3.06091066643719,0.0
25.99851,24.22949,48.02235,2691.6755,-0.69929,51.62865,8.246658019206306,3.0720970947857458,0.0
26.02086,24.2609,47.9731,2687.23612,-0.69956,51.64801,8.276610680354782,3.0832552491654996,0.0
26.04316,24.29228,47.92394,2682.78002,-0.69901,51.66737,8.306416446554147,3.0943586813116695,0.0
26.06541,24.32362,47.87494,2678.30708,-0.69764,51.68672,8.336004092632473,3.105380857973668,0.0
26.08762,24.35492,47.82613,2673.81723,-0.69547,51.70607,8.365302390134271,3.11629524467769,0.0
26.10978,24.38618,47.77759,2669.31047,-0.69249,51.72543,8.394240340902202,3.127075392742053,0.0
26.13189,24.41741,47.72937,2664.78679,-0.68872,51.74478,8.42274741839673,3.1376950291751164,0.0
26.15396,24.4486,47.68151,2660.24628,-0.68418,51.76412,8.45075381558395,3.1481281490200153,0.0
26.17598,24.47974,47.63409,2655.68903,-0.67887,51.78347,8.478190698092,3.1583491096620895,0.0
26.19795,24.51085,47.58714,2651.11518,-0.67282,51.80281,8.504990461236787,3.168332726577729,0.0
26.21988,24.54192,47.54071,2646.52493,-0.66603,51.82215,8.53108698939838,3.178054369958904,0.0
26.24176,24.57295,47.49486,2641.9185,-0.65855,51.84148,8.556415916118482,3.1874900616063133,0.0
26.26359,24.60394,47.44963,2637.29616,-0.65038,51.86082,8.580914883229243,3.196616571461692,0.0
26.28537,24.63489,47.40507,2632.65824,-0.64156,51.88014,8.604523797254002,3.2054115131238277,0.0
26.30711,24.6658,47.36121,2628.00507,-0.63211,51.89947,8.627185081231008,3.2138534376595294,0.0
26.3288,24.69667,47.3181,2623.33704,-0.62206,51.91878,8.648843920178226,3.2219219250457183,0.0
26.35044,24.7275,47.27578,2618.65459,-0.61144,51.9381,8.669448498302321,3.2295976725360216,0.0
26.37203,24.75828,47.23428,2613.95818,-0.6003,51.95741,8.688950226144682,3.2368625792786427,0.0
26.39358,24.78903,47.19363,2609.24831,-0.58865,51.97671,8.707303955847072,3.243699826508475,0.0
26.41507,24.81973,47.15387,2604.5255,-0.57655,51.99601,8.724468182849037,3.2500939526847,0.0
26.43652,24.8504,47.11502,2599.79032,-0.56402,52.0153,8.740405232302113,3.2560309229349786,0.0
26.45792,24.88102,47.0771,2595.04337,-0.55111,52.03459,8.755081428715737,3.2614981922530224,0.0
26.47927,24.9116,47.04014,2590.28526,-0.53786,52.05387,8.768467247360714,3.266484761900361,0.0
26.50058,24.94213,47.00416,2585.51665,-0.52431,52.07315,8.780537446193296,3.2709812285515434,0.0
26.52183,24.97263,46.96917,2580.7382,-0.5105,52.09242,8.791271177154,3.2749798257558647,0.0
26.54304,25.00308,46.93518,2575.95061,-0.49648,52.11168,8.80065207591228,3.2784744573696254,0.0
26.5642,25.03349,46.90221,2571.15458,-0.48229,52.13093,8.80866832930164,3.281460722677482,0.0
26.58531,25.06385,46.87025,2566.35084,-0.46798,52.15018,8.815312719904833,3.28393593300161,0.0
26.60637,25.09418,46.83932,2561.54014,-0.45359,52.16943,8.82058264742737,3.2858991196638936,0.0
26.62739,25.12446,46.80942,2556.72323,-0.43916,52.18866,8.82448012673047,3.2873510332531506,0.0
26.64835,25.15469,46.78053,2551.90087,-0.42475,52.20789,8.827011762611004,3.288294134229998,0.0
26.66927,25.18488,46.75266,2547.07384,-0.4104,52.22711,8.82818870160169,3.288732574971157,0.0
26.69014,25.21503,46.7258,2542.24289,-0.39616,52.24632,8.828026561295735,3.2886721734410207,0.0
26.71096,25.24514,46.69992,2537.40882,-0.38206,52.26553,8.826545337876654,3.28812037874408,0.0
26.73173,25.2752,46.67503,2532.57239,-0.36816,52.28473,8.823769292737976,3.287086228887778,0.0
26.75245,25.30522,46.6511,2527.73437,-0.35449,52.30392,8.819726819237808,3.285580301145086,0.0
26.77313,25.33519,46.62811,2522.89554,-0.34111,52.3231,8.814450290802714,3.283614655469196,0.0
26.79375,25.36512,46.60603,2518.05664,-0.32805,52.34227,8.80797589170967,3.281202771455345,0.0
26.81433,25.395,46.58485,2513.21841,-0.31535,52.36144,8.800343432052292,3.2783594794108706,0.0
26.83486,25.42484,46.56452,2508.3816,-0.30306,52.3806,8.791596148415616,3.275100886101325,0.0
26.85534,25.45464,46.54503,2503.54693,-0.29121,52.39975,8.781780491947593,3.271444295801521,0.0
26.87577,25.48439,46.52634,2498.71508,-0.27984,52.41889,8.770945905528285,3.267408127285203,0.0
26.89616,25.5141,46.50841,2493.88674,-0.26899,52.43803,8.759144591775947,3.2630118274012037,0.0
26.91649,25.54376,46.4912,2489.06258,-0.25869,52.45716,8.746431273658242,3.258275781894827,0.0
26.93678,25.57338,46.47468,2484.24322,-0.24897,52.47627,8.732862949471366,3.2532212241311207,0.0
26.95702,25.60296,46.4588,2479.42929,-0.23986,52.49539,8.718498643915552,3.247870142363955,0.0
26.97721,25.63249,46.44353,2474.62136,-0.23139,52.51449,8.703399156972013,3.2422451861860746,0.0
26.99735,25.66197,46.4288,2469.82,-0.22359,52.53358,8.687626812199992,3.236369572763129,0.0
27.01745,25.69141,46.41459,2465.02574,-0.21649,52.55267,8.671245206021679,3.2302669934357082,0.0
27.0375,25.72081,46.40085,2460.23908,-0.21009,52.57175,8.654318959463021,3.223961521236258,0.0
27.0575,25.75016,46.38751,2455.46048,-0.20443,52.59082,8.63691347372374,3.2174775198324825,0.0
27.07745,25.77947,46.37455,2450.69039,-0.19953,52.60989,8.61909469083279,3.21083955436521,0.0
27.09736,25.80874,46.36189,2445.92922,-0.19539,52.62894,8.600928860541238,3.204072304609845,0.0
27.11722,25.83796,46.34951,2441.17732,-0.19203,52.64799,8.582482314468006,3.1972004808397285,0.0
27.13703,25.86713,46.33733,2436.43504,-0.18947,52.66703,8.56382124840385,3.190248742728632,0.0
27.15679,25.89626,46.32532,2431.70269,-0.1877,52.68607,8.545011513536634,3.1832416215766837,0.0
27.17651,25.92535,46.31342,2426.98053,-0.18675,52.70509,8.526118417239834,3.1762034460988446,0.0
27.19618,25.9544,46.30157,2422.2688,-0.1866,52.72411,8.507206533942654,3.1691582719690468,0.0
27.21581,25.9834,46.28973,2417.5677,-0.18728,52.74312,8.488339526483232,3.1621298152695694,0.0
27.23538,26.01235,46.27785,2412.87738,-0.18876,52.76213,8.469579978206887,3.1551413899432093,0.0
27.25492,26.04126,46.26587,2408.19798,-0.19106,52.78112,8.450989235979748,3.1482158493117334,0.0
27.2744,26.07013,46.25374,2403.52959,-0.19417,52.80011,8.432627264186044,3.1413755316860232,0.0
27.29384,26.09896,46.24141,2398.87228,-0.19808,52.81909,8.41455250965763,3.134642210048776,0.0
27.31323,26.12774,46.22884,2394.22606,-0.20278,52.83807,8.3968217774046,3.1280370457608795,0.0
27.33258,26.15648,46.21598,2389.59093,-0.20826,52.85704,8.379490116954058,3.1215805462196196,0.0
27.35188,26.18517,46.20277,2384.96685,-0.21451,52.876,8.362610718999408,3.1152925263578237,0.0
27.37113,26.21382,46.18918,2380.35374,-0.22151,52.89495,8.34623482201104,3.1091920738538743,0.0
27.39034,26.24243,46.17515,2375.7515,-0.22925,52.9139,8.330411628434272,3.103297517913249,0.0
27.40951,26.271,46.16064,2371.15999,-0.23771,52.93284,8.315188229996933,3.0976264014436206,0.0
27.42862,26.29952,46.14562,2366.57904,-0.24687,52.95178,8.300609541673664,3.092195456454827,0.0
27.4477,26.328,46.13004,2362.00846,-0.2567,52.9707,8.286718243784431,3.0870205824890435,0.0
27.46673,26.35643,46.11386,2357.44801,-0.26718,52.98963,8.273554731702864,3.082116827885811,0.0
27.48571,26.38483,46.09705,2352.89744,-0.2783,53.00854,8.261157072648704,3.0774983736860952,0.0
27.50465,26.41318,46.07957,2348.35646,-0.29001,53.02745,8.249560969001285,3.073178519965582,0.0
27.52354,26.44148,46.06138,2343.82478,-0.30229,53.04635,8.238799727610832,3.0691696744023362,0.0
27.54239,26.46975,46.04246,2339.30205,-0.31512,53.06525,8.228904234583927,3.065483342883723,0.0
27.56119,26.49797,46.02277,2334.78792,-0.32845,53.08414,8.219902935018137,3.0621301219570203,0.0
27.57995,26.52615,46.0023,2330.28201,-0.34227,53.10302,8.211821817187278,3.0591196929380184,0.0
27.59867,26.55429,45.981,2325.7839,-0.35654,53.1219,8.204684400735491,3.056460817512998,0.0
27.61734,26.58238,45.95887,2321.29319,-0.37121,53.14077,8.198511728421712,3.0541613346633327,0.0
27.63596,26.61043,45.93588,2316.80942,-0.38627,53.15963,8.193322361014086,3.0522281587635183,0.0
27.65455,26.63844,45.91201,2312.33213,-0.40166,53.17849,8.189132374979279,3.050667278720384,0.0
27.67309,26.66641,45.88724,2307.86084,-0.41736,53.19734,8.185955362622751,3.049483758025352,0.0
27.69158,26.69434,45.86157,2303.39505,-0.43333,53.21619,8.183802434403043,3.0486817356165608,0.0
27.71003,26.72222,45.83498,2298.93426,-0.44953,53.23502,8.182682223179322,3.0482644274611923,0.0
27.72844,26.75006,45.80746,2294.47793,-0.46592,53.25386,8.182600890192028,3.048234128783425,0.0
27.7468,26.77785,45.779,2290.02554,-0.48247,53.27268,8.183562132619421,3.048592216879441,0.0
27.76512,26.80561,45.74961,2285.57652,-0.49913,53.2915,8.185567192607781,3.049339154481408,0.0
27.7834,26.83332,45.71927,2281.13033,-0.51587,53.31032,8.188614867714996,3.0504744936480037,0.0
27.80163,26.86099,45.68799,2276.68639,-0.53264,53.32912,8.192701522748553,3.0519968801743698,0.0
27.81982,26.88862,45.65578,2272.24413,-0.54941,53.34792,8.197821103037159,3.0539040585361388,0.0
27.83796,26.9162,45.62263,2267.80297,-0.56614,53.36672,8.203965149194554,3.0561928773893525,0.0
27.85606,26.94375,45.58856,2263.36233,-0.58278,53.3855,8.211122813503042,3.058859295673747,0.0
27.87412,26.97125,45.55357,2258.92161,-0.59931,53.40428,8.21928087807126,3.0618983893770055,0.0
27.89214,26.9987,45.51768,2254.48023,-0.61568,53.42305,8.22842377495844,3.065304359031575,0.0
27.91011,27.02612,45.4809,2250.03759,-0.63185,53.44182,8.238533608496105,3.069070538030085,0.0
27.92804,27.05349,45.44325,2245.59311,-0.64779,53.46058,8.249590180080377,3.073189401861133,0.0
27.94592,27.08082,45.40474,2241.1462,-0.66346,53.47933,8.261571015702838,3.0776525783652575,0.0
27.96376,27.1081,45.3654,2236.69628,-0.67882,53.49807,8.274451396569138,3.082450859141171,0.0
27.98156,27.13534,45.32525,2232.24277,-0.69384,53.51681,8.288204393138901,3.087574212226526,0.0
27.99932,27.16254,45.28432,2227.7851,-0.70848,53.53554,8.30280090292248,3.0930117961781955,0.0
28.01703,27.1897,45.24262,2223.3227,-0.72272,53.55426,8.318209692442506,3.0987519757040576,0.0
28.0347,27.21681,45.2002,2218.85504,-0.73651,53.57297,8.334397443713101,3.1047823389777247,0.0
28.05232,27.24388,45.15707,2214.38155,-0.74983,53.59167,8.35132880563501,3.111089716784579,0.0
28.0699,27.27091,45.11327,2209.90172,-0.76264,53.61037,8.368966450681338,3.1176602036387076,0.0
28.08744,27.29789,45.06884,2205.41503,-0.77492,53.62906,8.387271137241104,3.12447918100751,0.0
28.10494,27.32482,45.0238,2200.92098,-0.78665,53.64774,8.406201777994509,3.1315313427832896,0.0
28.12239,27.35172,44.9782,2196.41909,-0.79778,53.66641,8.425715514629244,3.1388007231170394,0.0
28.1398,27.37857,44.93207,2191.90889,-0.80831,53.68507,8.445767799224809,3.1462707267362497,0.0
28.15716,27.40537,44.88545,2187.38994,-0.81821,53.70372,8.46631248259002,3.153924161852942,0.0
28.17449,27.43213,44.83837,2182.8618,-0.82745,53.72236,8.48730190974992,3.161743275735072,0.0
28.19176,27.45885,44.79089,2178.32409,-0.83602,53.74099,8.508687022817234,3.1697097930288356,0.0
28.209,27.48552,44.74304,2173.77642,-0.8439,53.75962,8.530417471344276,3.1778049568676696,0.0
28.22619,27.51215,44.69486,2169.21844,-0.85108,53.77823,8.552441730257181,3.186009572805855,0.0
28.24334,27.53873,44.64639,2164.64981,-0.85754,53.79683,8.574707225381205,3.1943040555799893,0.0
28.26044,27.56526,44.59768,2160.07023,-0.86327,53.81542,8.597160466483638,3.2026684786709745,0.0
28.2775,27.59175,44.54877,2155.47943,-0.86826,53.834,8.619747187725297,3.2110826266258954,0.0
28.29452,27.6182,44.4997,2150.87715,-0.87251,53.85257,8.642412495306159,3.2195260500599003,0.0
28.31149,27.64459,44.45053,2146.26319,-0.876,53.87113,8.665101022000524,3.227978123224617,0.0
28.32842,27.67095,44.40128,2141.63735,-0.87874,53.88968,8.68775708823643,3.2364181040144713,0.0
28.3453,27.69725,44.35201,2136.99947,-0.88073,53.90821,8.710324869237883,3.2448251962315675,0.0
28.36214,27.72351,44.30275,2132.34943,-0.88197,53.92674,8.732748567699712,3.253178613911614,0.0
28.37894,27.74972,44.25355,2127.68714,-0.88245,53.94525,8.754972591367912,3.2614576474772736,0.0
28.39569,27.77589,44.20446,2123.01253,-0.88219,53.96375,8.776941734811684,3.2696417314530324,0.0
28.4124,27.80201,44.15551,2118.32557,-0.8812,53.98223,8.79860136460522,3.277710513450283,0.0
28.42906,27.82808,44.10674,2113.62626,-0.87949,54.00071,8.819897607058405,3.2856439241019566,0.0
28.44568,27.8541,44.05819,2108.91465,-0.87706,54.01917,8.840777537541689,3.2934222475910153,0.0
28.46226,27.88008,44.00991,2104.1908,-0.87394,54.03761,8.86118937044776,3.3010261924161735,0.0
28.47879,27.906,43.96192,2099.45481,-0.87013,54.05605,8.881082648706894,3.308436961991353,0.0
28.49527,27.93188,43.91427,2094.70682,-0.86567,54.07447,8.900408431777496,3.315636324677109,0.0
28.51172,27.95771,43.86699,2089.94699,-0.86057,54.09287,8.919119480974262,3.3226066828202376,0.0
28.52811,27.9835,43.82011,2085.17551,-0.85486,54.11126,8.937170440982356,3.3293311403725956,0.0
28.54447,28.00923,43.77367,2080.39263,-0.84855,54.12964,8.954518016380847,3.3357935686507116,0.0
28.56077,28.03491,43.72769,2075.59859,-0.84169,54.148,8.971121142012654,3.341978669803088,0.0
28.57704,28.06055,43.68221,2070.79368,-0.83429,54.16635,8.986941146035802,3.3478720375510678,0.0
28.59325,28.08614,43.63725,2065.97822,-0.82639,54.18468,9.00194190453907,3.353460214787246,0.0
28.60943,28.11167,43.59283,2061.15255,-0.81802,54.203,9.016089986581997,3.3587307476066792,0.0
28.62556,28.13716,43.54897,2056.31705,-0.80921,54.2213,9.029354788678665,3.3636722354056365,0.0
28.64164,28.16259,43.50571,2051.47211,-0.8,54.23959,9.041708657686844,3.368274376661039,0.0
28.65768,28.18798,43.46305,2046.61814,-0.79043,54.25786,9.053127001225691,3.37252801006396,0.0
28.67367,28.21332,43.42102,2041.7556,-0.78053,54.27611,9.063588384783857,3.376425150694944,0.0
28.68962,28.2386,43.37961,2036.88494,-0.77035,54.29435,9.073074614805325,3.379959020975674,0.0
28.70553,28.26384,43.33886,2032.00664,-0.75992,54.31257,9.081570807136146,3.3831240761671797,0.0
28.72139,28.28902,43.29877,2027.1212,-0.74928,54.33078,9.089065440298368,3.385916024215773,0.0
28.7372,28.31416,43.25934,2022.22913,-0.73848,54.34897,9.09555039324847,3.3883318398190676,0.0
28.75297,28.33924,43.22058,2017.33098,-0.72755,54.36714,9.101020967304327,3.390369772594341,0.0
28.76869,28.36427,43.18249,2012.42727,-0.71655,54.3853,9.105475892150396,3.392029349315629,0.0
28.78437,28.38925,43.14508,2007.51856,-0.70551,54.40343,9.108917315881532,3.3933113702047852,0.0
28.8,28.41418,43.10833,2002.60542,-0.69447,54.42156,9.111350779219482,3.394217899326445,0.0
28.81559,28.43905,43.07226,1997.6884,-0.68349,54.43966,9.112785174146648,3.394752249178017,0.0
28.83113,28.46388,43.03684,1992.76808,-0.67259,54.45775,9.113232687313408,3.3949189596074145,0.0
28.84663,28.48865,43.00208,1987.84504,-0.66183,54.47582,9.112708728719467,3.3947237712449905,0.0
28.86209,28.51337,42.96795,1982.91985,-0.65124,54.49387,9.111231846252485,3.394173593666925,0.0
28.87749,28.53804,42.93446,1977.99309,-0.64087,54.5119,9.108823626786162,3.3932764685516514,0.0
28.89286,28.56266,42.90158,1973.06533,-0.63076,54.52992,9.105508584630883,3.392041528124802,0.0
28.90818,28.58723,42.86929,1968.13715,-0.62094,54.54792,9.101314038199115,3.3904789492138088,0.0
28.92345,28.61174,42.83758,1963.20911,-0.61147,54.5659,9.096269975843997,3.38859990326926,0.0
28.93868,28.6362,42.80643,1958.28175,-0.60236,54.58387,9.090408911875697,3.3864165027271937,0.0
28.95386,28.66061,42.77581,1953.35564,-0.59367,54.60181,9.083765733787722,3.3839417440968873,0.0
28.969,28.68497,42.7457,1948.4313,-0.58542,54.61974,9.076377541821142,3.3811894481943066,0.0
28.98409,28.70927,42.71608,1943.50926,-0.57765,54.63765,9.068283481945992,3.3781741979232804,0.0
28.99914,28.73352,42.68691,1938.59002,-0.57039,54.65554,9.059524573399152,3.374911274028828,0.0
29.01415,28.75772,42.65817,1933.67408,-0.56368,54.67342,9.050143531902142,3.3714165892411354,0.0
29.02911,28.78187,42.62983,1928.76192,-0.55754,54.69128,9.04018458967444,3.3677066212257767,0.0
29.04402,28.80596,42.60186,1923.85399,-0.55199,54.70912,9.029693313312796,3.363798344738969,0.0
29.05889,28.83001,42.57422,1918.95073,-0.54707,54.72694,9.018716420629922,3.35970916339517,0.0
29.07372,28.85399,42.54688,1914.05257,-0.5428,54.74474,9.007301597438255,3.3554568414141994,0.0
29.0885,28.87793,42.51981,1909.1599,-0.5392,54.76253,8.995497315251912,3.3510594357104297,0.0
29.10324,28.90182,42.49297,1904.2731,-0.53628,54.7803,8.983352650830057,3.3465352286679364,0.0
29.11793,28.92565,42.46633,1899.39252,-0.53407,54.79805,8.970917108403226,3.3419026619151286,0.0
29.13258,28.94943,42.43984,1894.51848,-0.53258,54.81578,8.958240445358157,3.3371802713877616,0.0
29.14719,28.97315,42.41349,1889.65131,-0.53182,54.8335,8.945372502102769,3.3323866239491657,0.0
29.16175,28.99683,42.38721,1884.79127,-0.53181,54.8512,8.932363036750548,3.327540255805829,0.0
29.17627,29.02045,42.36099,1879.93861,-0.53255,54.86888,8.919261565170585,3.322659612921828,0.0
29.19074,29.04402,42.33478,1875.09358,-0.53404,54.88654,8.906117206916516,3.3177629936233073,0.0
29.20518,29.06754,42.30855,1870.25637,-0.53631,54.90419,8.892978537432292,3.3128684935412345,0.0
29.21956,29.09101,42.28225,1865.42717,-0.53933,54.92181,8.879893446877212,3.3079939530200138,0.0
29.23391,29.11442,42.25586,1860.60611,-0.54312,54.93943,8.866909005850541,3.3031569070963744,0.0
29.24821,29.13778,42.22933,1855.79333,-0.54767,54.95702,8.854071338203582,3.2983745381185168,0.0
29.26246,29.16109,42.20263,1850.98893,-0.55298,54.9746,8.84142550107957,3.2936636310578233,0.0
29.27668,29.18435,42.17572,1846.19297,-0.55905,54.99216,8.829015372270977,3.2890405315464806,0.0
29.29085,29.20755,42.14858,1841.4055,-0.56585,55.0097,8.816883544892914,3.2845211066405633,0.0
29.30498,29.2307,42.12116,1836.62655,-0.57338,55.02723,8.805071229350593,3.2801207083003217,0.0
29.31907,29.25381,42.09343,1831.8561,-0.58164,55.04474,8.793618162539266,3.2758541395647773,0.0
29.33311,29.27686,42.06536,1827.09413,-0.5906,55.06223,8.782562524119518,3.271735623362068,0.0
29.34711,29.29985,42.03692,1822.34057,-0.60024,55.0797,8.7719408597493,3.267778773911352,0.0
29.36107,29.3228,42.00808,1817.59536,-0.61056,55.09716,8.761788011072765,3.2639965706418175,0.0
29.37498,29.34569,41.9788,1812.85838,-0.62152,55.1146,8.752137052251708,3.260401334548964,0.0
29.38886,29.36854,41.94907,1808.12951,-0.63311,55.13203,8.74301923281809,3.257004706905674,0.0
29.40269,29.39133,41.91886,1803.4086,-0.64531,55.14944,8.734463926591829,3.253817630232737,0.0
29.41648,29.41407,41.88813,1798.69548,-0.65808,55.16683,8.72649858642513,3.250850331439928,0.0
29.43022,29.43675,41.85687,1793.98995,-0.6714,55.1842,8.71914870450272,3.2481123070367977,0.0
29.44393,29.45939,41.82506,1789.2918,-0.68525,55.20156,8.712437777926624,3.245612310312097,0.0
29.45759,29.48197,41.79267,1784.60079,-0.6996,55.21891,8.706387279355674,3.24335834039622,0.0
29.47121,29.50451,41.75968,1779.91668,-0.71441,55.23623,8.701016632410957,3.241357633099086,0.0
29.48479,29.52699,41.72609,1775.23919,-0.72966,55.25354,8.696343191656023,3.239616653452247,0.0
29.49833,29.54942,41.69186,1770.56804,-0.7453,55.27083,8.692382226864868,3.238141089848286,0.0
29.51183,29.5718,41.65699,1765.90291,-0.76132,55.28811,8.689146911418103,3.236935849718093,0.0
29.52528,29.59413,41.62146,1761.2435,-0.77766,55.30537,8.686648314599152,3.236005056660995,0.0
29.5387,29.6164,41.58527,1756.58946,-0.79431,55.32261,8.684895397633145,3.235352048969136,0.0
29.55207,29.63863,41.54841,1751.94046,-0.81122,55.33984,8.683895013315531,3.2349793794891295,0.0
29.5654,29.6608,41.51086,1747.29612,-0.82835,55.35705,8.683651909085551,3.2348888167670045,0.0
29.57869,29.68292,41.47262,1742.65608,-0.84568,55.37425,8.684168733461911,3.2350813474456666,0.0
29.59194,29.70499,41.4337,1738.01996,-0.86316,55.39142,8.68544604574169,3.235557179877993,0.0
29.60515,29.72701,41.39408,1733.38737,-0.88075,55.40858,8.687482328903021,3.236315748933424,0.0
29.61832,29.74898,41.35376,1728.75791,-0.89843,55.42573,8.690274005686701,3.2373557219887816,0.0
29.63144,29.7709,41.31276,1724.13117,-0.91614,55.44286,8.693815457833367,3.238675006094628,0.0
29.64453,29.79277,41.27106,1719.50674,-0.93386,55.45997,8.698099048503337,3.240270756327246,0.0
29.65757,29.81458,41.22868,1714.88421,-0.95154,55.47706,8.7031151478829,3.2421393853276506,0.0
29.67058,29.83634,41.18563,1710.26316,-0.96916,55.49414,8.708852162051034,3.2442765740552084,0.0
29.68354,29.85806,41.1419,1705.64316,-0.98666,55.5112,8.715296565164724,3.246677283777509,0.0
29.69646,29.87972,41.09752,1701.0238,-1.00402,55.52825,8.72243293504535,3.2493357693272347,0.0
29.70934,29.90132,41.05249,1696.40465,-1.02121,55.54527,8.730243992246034,3.2522455936557733,0.0
29.72219,29.92288,41.00682,1691.78528,-1.03818,55.56228,8.738710642749641,3.255399643739348,0.0
29.73499,29.94439,40.96054,1687.16529,-1.0549,55.57927,8.747812024346437,3.2587901478559176,0.0
29.74775,29.96584,40.91364,1682.54425,-1.07134,55.59625,8.757525556867636,3.262408694298486,0.0
29.76047,29.98724,40.86616,1677.92176,-1.08746,55.61321,8.767826996342434,3.266246251550034,0.0
29.77315,30.00859,40.81812,1673.2974,-1.10324,55.63015,8.778690493246158,3.2702931899824774,0.0
29.78579,30.02989,40.76952,1668.67078,-1.11865,55.64707,8.790088654897618,3.2745393051013285,0.0
29.79839,30.05114,40.72039,1664.04152,-1.13365,55.66397,8.80199261214518,3.278973842388011,0.0
29.81094,30.07233,40.67076,1659.40922,-1.14822,55.68086,8.814372090395837,3.2835855237600566,0.0
29.82346,30.09348,40.62064,1654.77353,-1.16232,55.69773,8.82719548510139,3.2883625756916968,0.0
29.83594,30.11457,40.57007,1650.13408,-1.17595,55.71458,8.840429941699515,3.293292758994009,0.0
29.84838,30.1356,40.51905,1645.49052,-1.18906,55.73141,8.85404144008757,3.2983634002836353,0.0
29.86077,30.15659,40.46763,1640.84253,-1.20165,55.74823,8.867994883597172,3.303561425128157,0.0
29.87313,30.17752,40.41583,1636.18978,-1.21369,55.76502,8.882254192440014,3.3088733928571123,0.0
29.88545,30.1984,40.36367,1631.53198,-1.22516,55.7818,8.896782401596763,3.3142855330281895,0.0
29.89772,30.21923,40.31119,1626.86884,-1.23605,55.79856,8.911541763000539,3.319783783493267,0.0
29.90996,30.24,40.2584,1622.20009,-1.24634,55.81529,8.9264938519133,3.3253538300264065,0.0
29.92215,30.26072,40.20534,1617.52548,-1.25602,55.83201,8.941599677306877,3.3309811474437003,0.0
29.93431,30.28139,40.15204,1612.84477,-1.26508,55.84871,8.956819796039033,3.336651042136855,0.0
29.94642,30.30201,40.09853,1608.15777,-1.27351,55.86539,8.972114430530022,3.342348695910801,0.0
29.9585,30.32257,40.04483,1603.46426,-1.2813,55.88205,8.987443589684178,3.3480592110301752,0.0
29.97053,30.34308,39.99097,1598.7641,-1.28845,55.89869,9.002767192662546,3.353767656327878,0.0
29.98252,30.36353,39.93699,1594.05712,-1.29496,55.91531,9.018045195147474,3.359459114241952,0.0
29.99448,30.38393,39.88291,1589.3432,-1.30082,55.93191,9.033237717621237,3.365118728602753,0.0
30.00639,30.40428,39.82876,1584.62224,-1.30604,55.94849,9.048305175238765,3.3707317530139527,0.0
30.01826,30.42457,39.77456,1579.89416,-1.31063,55.96505,9.063208408733857,3.3762835996185467,0.0
30.03009,30.44481,39.72036,1575.15889,-1.31458,55.98159,9.077908815822964,3.3817598880502286,0.0
30.04188,30.465,39.66616,1570.41639,-1.31791,55.9981,9.09236848253212,3.3871464943561174,0.0
30.05363,30.48512,39.61201,1565.66667,-1.32062,56.0146,9.106550313825737,3.392429599659429,0.0
30.06534,30.5052,39.55792,1560.90973,-1.32274,56.03107,9.120418162896035,3.397595738323185,0.0
30.07701,30.52522,39.50392,1556.1456,-1.32427,56.04752,9.133936958485885,3.4026318453813236,0.0
30.08864,30.54519,39.45003,1551.37435,-1.32523,56.06395,9.147072829546229,3.40752530297687,0.0
30.10023,30.5651,39.39629,1546.59605,-1.32564,56.08036,9.159793226571704,3.4122639855626486,0.0
30.11177,30.58495,39.3427,1541.81081,-1.32552,56.09675,9.17206703893771,3.4168363036124254,0.0
30.12328,30.60475,39.2893,1537.01875,-1.32489,56.11311,9.18386470756544,3.4212312455915983,0.0
30.13475,30.6245,39.23609,1532.22002,-1.32378,56.12946,9.195158332248793,3.4254384179392963,0.0
30.14617,30.64419,39.18311,1527.41479,-1.32221,56.14578,9.20592177302246,3.4294480828306586,0.0
30.15756,30.66382,39.13036,1522.60325,-1.32021,56.16207,9.216130744935775,3.4332511934825853,0.0
30.1689,30.6834,39.07787,1517.78562,-1.31781,56.17835,9.225762905663755,3.4368394267911606,0.0
30.18021,30.70292,39.02565,1512.96212,-1.31504,56.1946,9.234797935401817,3.440205213094528,0.0
30.19147,30.72238,38.97371,1508.133,-1.31193,56.21083,9.243217608537524,3.4433417628725116,0.0
30.20269,30.74179,38.92206,1503.29853,-1.30852,56.22703,9.25100585666183,3.4462430902199577,0.0
30.21387,30.76115,38.87073,1498.45898,-1.30484,56.24321,9.258148822507195,3.448904032940098,0.0
30.22501,30.78044,38.8197,1493.61467,-1.30092,56.25937,9.264634904479562,3.4513202691338933,0.0
30.23611,30.79968,38.769,1488.76591,-1.2968,56.2755,9.270454791504052,3.453488330180959,0.0
30.24717,30.81887,38.71862,1483.91302,-1.29252,56.29161,9.275601487975994,3.455405610034491,0.0
30.25819,30.83799,38.66858,1479.05634,-1.28811,56.3077,9.280070328667113,3.457070370774209,0.0
30.26917,30.85706,38.61888,1474.19623,-1.28362,56.32376,9.283858983512673,3.458481744389687,0.0
30.28011,30.87608,38.56951,1469.33306,-1.27909,56.3398,9.286967452299626,3.4596397308015643,0.0
30.291,30.89503,38.52048,1464.46718,-1.27454,56.35582,9.289398049262646,3.460545192123143,0.0
30.30186,30.91393,38.47179,1459.59899,-1.27003,56.37181,9.291155377796517,3.461199843240107,0.0
30.31268,30.93277,38.42343,1454.72888,-1.26558,56.38777,9.292246295433928,3.461606238763814,0.0
30.32345,30.95156,38.37539,1449.85722,-1.26125,56.40371,9.292679869369483,3.461767756462824,0.0
30.33419,30.97029,38.32768,1444.98443,-1.25707,56.41963,9.29246732286877,3.461688577298874,0.0
30.34488,30.98896,38.28029,1440.1109,-1.25307,56.43553,9.29162197293853,3.4613736622073636,0.0
30.35553,31.00757,38.2332,1435.23703,-1.2493,56.45139,9.290159159696982,3.460828725785955,0.0
30.36615,31.02612,38.18641,1430.36323,-1.24579,56.46724,9.288096167941875,3.4600602070765976,0.0
30.37672,31.04462,38.1399,1425.48989,-1.24258,56.48306,9.285452141440365,3.4590752376362603,0.0
30.38725,31.06306,38.09367,1420.61742,-1.23971,56.49885,9.282247990503482,3.4578816071059864,0.0
30.39774,31.08144,38.04769,1415.74622,-1.2372,56.51462,9.278506293456847,3.456487726506141,0.0
30.4082,31.09976,38.00196,1410.87666,-1.23511,56.53037,9.274251192630588,3.4549025894899192,0.0
30.41861,31.11803,37.95645,1406.00916,-1.23345,56.54609,9.26950828550087,3.4531357317907005,0.0
30.42898,31.13624,37.91116,1401.14407,-1.23226,56.56178,9.264304511649684,3.451197189111604,0.0
30.43931,31.15439,37.86605,1396.28178,-1.23156,56.57746,9.258668036195706,3.4490974537004027,0.0
30.4496,31.17248,37.82112,1391.42264,-1.2314,56.5931,9.25262813036959,3.446847429860688,0.0
30.45985,31.19052,37.77634,1386.56702,-1.23179,56.60872,9.24621504988653,3.4444583886424454,0.0
30.47006,31.2085,37.73169,1381.71526,-1.23276,56.62432,9.239459911750988,3.4419419219485743,0.0
30.48023,31.22642,37.68715,1376.86769,-1.23433,56.6399,9.232394570148756,3.439309896301417,0.0
30.49037,31.24428,37.6427,1372.02462,-1.23653,56.65544,9.225051492005656,3.4365744064850987,0.0
30.50046,31.26208,37.59832,1367.18638,-1.23937,56.67097,9.217463632830386,3.4337477292937195,0.0
30.51051,31.27983,37.55398,1362.35324,-1.24288,56.68647,9.209664313364673,3.430842277580296,0.0
30.52052,31.29752,37.50966,1357.5255,-1.24707,56.70194,9.201687097606758,3.427870554817294,0.0
30.53049,31.31515,37.46534,1352.70341,-1.25195,56.71739,9.193565672657172,3.4248451103360216,0.0
30.54043,31.33272,37.42099,1347.88723,-1.25754,56.73282,9.185333730882846,3.421778495429662,0.0
30.55032,31.35024,37.37659,1343.07718,-1.26384,56.74822,9.17702485478741,3.418683220464425,0.0
30.56018,31.3677,37.33211,1338.27349,-1.27087,56.7636,9.168672404998187,3.415571713151758,0.0
30.56999,31.3851,37.28753,1333.47635,-1.27863,56.77895,9.160309411678302,3.412456278096504,0.0
30.57977,31.40244,37.24283,1328.68595,-1.28712,56.79428,9.15196846970079,3.409349057746489,0.0
30.5895,31.41973,37.19799,1323.90246,-1.29635,56.80959,9.143681637825333,3.406261994833212,0.0
30.5992,31.43695,37.15297,1319.12601,-1.30632,56.82487,9.135480342115038,3.40320679639205,0.0
30.60886,31.45412,37.10776,1314.35675,-1.31702,56.84013,9.12739528379456,3.4001948994369844,0.0
30.61848,31.47124,37.06234,1309.59478,-1.32845,56.85536,9.119456351679045,3.3972374383380797,0.0
30.62806,31.48829,37.01667,1304.8402,-1.34061,56.87057,9.111692539323725,3.394345213957526,0.0
30.6376,31.50529,36.97074,1300.09309,-1.35348,56.88576,9.104131866981374,3.3915286645767386,0.0
30.64711,31.52223,36.92454,1295.3535,-1.36705,56.90092,9.096801308410976,3.3887978386306603,0.0
30.65657,31.53911,36.87803,1290.62148,-1.38133,56.91606,9.08972672261222,3.3861623692770686,0.0
30.666,31.55594,36.83119,1285.89706,-1.39628,56.93118,9.082932790464906,3.3836314507930805,0.0
30.67539,31.57271,36.78402,1281.18024,-1.41189,56.94627,9.076442956290522,3.381213816805308,0.0
30.68474,31.58942,36.73648,1276.47101,-1.42815,56.96134,9.070279374294122,3.378917720338048,0.0
30.69405,31.60608,36.68857,1271.76934,-1.44504,56.97638,9.06446285985179,3.3767509156665727,0.0
30.70333,31.62268,36.64026,1267.0752,-1.46254,56.9914,9.059012845592509,3.374720641956485,0.0
30.71256,31.63922,36.59155,1262.38853,-1.48063,57.0064,9.053947342204692,3.372833608663107,0.0
30.72176,31.6557,36.5424,1257.70924,-1.49928,57.02138,9.049282903887015,3.3710959826610147,0.0
30.73092,31.67213,36.49282,1253.03726,-1.51846,57.03633,9.045034598369767,3.3695133770761942,0.0
30.74004,31.6885,36.44279,1248.37248,-1.53816,57.05126,9.04121598141357,3.3680908417861524,0.0
30.74913,31.70481,36.39229,1243.71478,-1.55834,57.06617,9.037839075719148,3.3668328555632434,0.0
30.75818,31.72107,36.34131,1239.06404,-1.57898,57.08105,9.034914354125394,3.3657433198155133,0.0
30.76719,31.73727,36.28986,1234.42011,-1.60004,57.09591,9.032450727028086,3.3648255538998364,0.0
30.77616,31.75342,36.23791,1229.78283,-1.6215,57.11075,9.030455533940877,3.364082291978161,0.0
30.78509,31.7695,36.18546,1225.15204,-1.64333,57.12556,9.028934539098033,3.3635156813794183,0.0
30.79399,31.78554,36.1325,1220.52757,-1.66549,57.14035,9.027891931031307,3.363127282441894,0.0
30.80285,31.80151,36.07904,1215.90922,-1.68795,57.15512,9.02733032604298,3.3629180698070256,0.0
30.81168,31.81743,36.02505,1211.2968,-1.71069,57.16986,9.027250775513274,3.3628884351416093,0.0
30.82046,31.83329,35.97055,1206.69011,-1.73366,57.18459,9.027652776968827,3.363038191261098,0.0
30.82921,31.84909,35.91553,1202.08892,-1.75683,57.19928,9.028534288867418,3.3633665776372976,0.0
30.83793,31.86484,35.86,1197.49303,-1.78017,57.21396,9.029891749032661,3.3638722672657764,0.0
30.8466,31.88054,35.80394,1192.90221,-1.80365,57.22861,9.031720096706167,3.36455337488088,0.0
30.85524,31.89617,35.74736,1188.31622,-1.82723,57.24324,9.034012798162793,3.36540746649808,0.0
30.86384,31.91175,35.69027,1183.73483,-1.85088,57.25785,9.036761875856365,3.366431570271523,0.0
30.87241,31.92728,35.63266,1179.1578,-1.87456,57.27244,9.039957941048783,3.3676221886492343,0.0
30.88094,31.94274,35.57455,1174.58489,-1.89825,57.287,9.043590229903288,3.368975311818809,0.0
30.88943,31.95815,35.51594,1170.01586,-1.92191,57.30154,9.04764664299872,3.3704864324275094,0.0
30.89789,31.97351,35.45684,1165.45047,-1.94551,57.31605,9.052113788211082,3.372150561556779,0.0
30.90631,31.98881,35.39725,1160.88845,-1.96902,57.33055,9.056977026961038,3.3739622459506498,0.0
30.91469,32.00405,35.33718,1156.32959,-1.99241,57.34502,9.062220523752424,3.3759155864701462,0.0
30.92304,32.01924,35.27664,1151.77362,-2.01564,57.35946,9.06782729895635,3.3780042577567424,0.0
30.93135,32.03437,35.21565,1147.22032,-2.0387,57.37388,9.073779284809945,3.380221529093379,0.0
30.93962,32.04944,35.15421,1142.66944,-2.06155,57.38828,9.08005738453165,3.382560286426459,0.0
30.94786,32.06446,35.09234,1138.12075,-2.08417,57.40266,9.086641534513785,3.3850130555342166,0.0
30.95606,32.07942,35.03004,1133.57403,-2.10653,57.41701,9.093510769461698,3.387572026292764,0.0
30.96423,32.09432,34.96734,1129.02906,-2.12861,57.43134,9.100643290432433,3.390229078022284,0.0
30.97236,32.10917,34.90424,1124.48561,-2.15039,57.44565,9.108016535613027,3.392975805853812,0.0
30.98045,32.12396,34.84076,1119.94349,-2.17185,57.45993,9.115607253734698,3.3958035480779483,0.0
30.98851,32.1387,34.77692,1115.40249,-2.19296,57.47419,9.123391579970125,3.3987034144185944,0.0
30.99653,32.15338,34.71273,1110.86242,-2.21372,57.48843,9.131345114139922,3.4016663151669224,0.0
31.00452,32.168,34.6482,1106.32311,-2.2341,57.50264,9.139443001056186,3.404682991111459,0.0
31.01247,32.18257,34.58335,1101.78438,-2.25409,57.51683,9.147660012801682,3.407744044189248,0.0
31.02039,32.19708,34.5182,1097.24607,-2.27369,57.53099,9.155970632712942,3.4108399687717617,0.0
31.02827,32.21153,34.45276,1092.70804,-2.29287,57.54513,9.16434914083335,3.4139611834984303,0.0
31.03611,32.22593,34.38706,1088.17015,-2.31164,57.55924,9.172769700569814,3.417098063558524,0.0
31.04392,32.24027,34.32109,1083.63227,-2.32998,57.57334,9.181206446285403,3.4202409733217207,0.0
31.05169,32.25455,34.2549,1079.0943,-2.34789,57.5874,9.189633571526663,3.4233802992051,0.0
31.05943,32.26878,34.18848,1074.55614,-2.36538,57.60144,9.198025417556547,3.4265064826539895,0.0
31.06713,32.28295,34.12186,1070.01771,-2.38243,57.61546,9.20635656189925,3.4296100531272464,0.0
31.07479,32.29707,34.05504,1065.47893,-2.39906,57.62946,9.214601906507731,3.432681660941979,0.0
31.08242,32.31112,33.98806,1060.93977,-2.41526,57.64342,9.222736765246859,3.4357121098633194,0.0
31.09002,32.32512,33.92092,1056.40017,-2.43104,57.65737,9.230736950291027,3.438692389289809,0.0
31.09758,32.33907,33.85364,1051.86012,-2.44641,57.67129,9.238578857076579,3.4416137059004126,0.0
31.1051,32.35296,33.78623,1047.3196,-2.46139,57.68518,9.246239547446937,3.4444675146282657,0.0
31.11259,32.36679,33.71871,1042.77863,-2.47597,57.69905,9.25369683057592,3.447245548806741,0.0
31.12004,32.38056,33.65109,1038.23722,-2.49018,57.71289,9.260929341327293,3.449939849360437,0.0
31.12746,32.39427,33.58338,1033.69542,-2.50403,57.72671,9.267916615649032,3.452542792891537,0.0
31.13484,32.40793,33.51561,1029.15328,-2.51755,57.74051,9.274639162650693,3.455047118530513,0.0
31.14219,32.42154,33.44777,1024.61087,-2.53074,57.75427,9.281078532987982,3.4574459534111837,0.0
31.1495,32.43508,33.37988,1020.06827,-2.54363,57.76802,9.287217383222824,3.4597328366465336,0.0
31.15677,32.44857,33.31196,1015.52558,-2.55625,57.78173,9.293039535827868,3.4619017416819666,0.0
31.16401,32.462,33.24401,1010.98292,-2.56861,57.79542,9.29853003451271,3.463947096905785,0.0
31.17122,32.47538,33.17604,1006.44042,-2.58075,57.80909,9.303675194592017,3.465863804412636,0.0
31.17839,32.48869,33.10806,1001.89821,-2.59269,57.82273,9.308462648134656,3.4676472568227537,0.0
31.18553,32.50195,33.04008,997.35646,-2.60446,57.83634,9.312881383647998,3.4692933520654017,0.0
