0.05089,0.05089,53.64812,5375.79348,-0.3358,45.00009,14.910159510116625,5.554426727425986,0.0
0.1017,0.1017,53.6125,5367.51552,-0.17073,45.00022,14.938961078452326,5.565156069445907,0.0
0.15243,0.15243,53.60012,5359.19346,-0.00558,45.00037,14.91864189489679,5.557586638941573,0.0
0.20308,0.20309,53.61087,5350.85468,0.15887,45.00055,14.849792164182368,5.531938302705009,0.0
0.25366,0.25366,53.64454,5342.52626,0.32186,45.00077,14.733695647756653,5.48868929565324,0.0
0.30415,0.30416,53.70078,5334.23454,0.48263,45.00101,14.572284659325927,5.428559455484089,0.0
0.35457,0.35457,53.77917,5326.00483,0.64046,45.00129,14.368076435243482,5.352486518971629,0.0
0.4049,0.40491,53.87919,5317.86105,0.79469,45.00159,14.124094345894527,5.261596771134019,0.0
0.45515,0.45517,54.00023,5309.82548,0.94469,45.00193,13.84377801168438,5.157171561074094,0.0
0.50533,0.50535,54.14158,5301.91852,1.08988,45.0023,13.530886677960636,5.040611306595531,0.0
0.55543,0.55546,54.3025,5294.15857,1.22976,45.0027,13.18940019088755,4.913398605110575,0.0
0.60545,0.60548,54.48217,5286.56187,1.36389,45.00313,12.823421631881654,4.77706196240545,0.0
0.65539,0.65544,54.6797,5279.14245,1.49187,45.0036,12.437085164449464,4.633141463162722,0.0
0.70526,0.70532,54.89418,5271.91214,1.61341,45.0041,12.03447198912398,4.483157461963783,0.0
0.75506,0.75513,55.12468,5264.8806,1.72825,45.00464,11.619536558828948,4.328583096570644,0.0
0.80479,0.80487,55.37021,5258.05538,1.83621,45.00521,11.196044444318112,4.17082114116721,0.0
0.85445,0.85454,55.62979,5251.44201,1.93715,45.00582,10.767522513348254,4.0111854467903525,0.0
0.90404,0.90415,55.90243,5245.04418,2.03102,45.00646,10.337221441283896,3.8508869755437733,0.0
0.95357,0.9537,56.18712,5238.86384,2.11778,45.00715,9.908090033257936,3.691024234927212,0.0
1.00303,1.00318,56.48289,5232.90138,2.19748,45.00787,9.482760423338998,3.532577764136844,0.0
1.05244,1.05261,56.78875,5227.15581,2.27017,45.00864,9.063542926386342,3.3764082162457867,0.0
1.10178,1.10198,57.10374,5221.62489,2.33596,45.00945,8.65242914561473,3.2232575158537746,0.0
1.15107,1.15129,57.42692,5216.30534,2.39499,45.0103,8.251101869162213,3.0737525458190507,0.0
1.2003,1.20055,57.75738,5211.19299,2.44742,45.01119,7.860950303590843,2.9284108221382046,0.0
1.24944,1.24981,58.09088,5206.28842,2.44481,45.11198,7.48659182139369,2.7889524375552868,51.99999911297563
1.29845,1.2991,58.42346,5201.58881,2.43839,45.20816,7.13156450231388,2.656695419867093,51.99999911297563
1.34733,1.34843,58.75463,5197.08448,2.42833,45.29998,6.79522658145627,2.531400694764331,51.99999911297563
1.39609,1.3978,59.08391,5192.76605,2.41484,45.38766,6.476919914625353,2.4128230862173576,51.99999911297563
1.44473,1.44719,59.41087,5188.62449,2.39808,45.47142,6.175954130957865,2.30070541291486,51.99999911297563
1.49326,1.49662,59.73508,5184.6511,2.37823,45.55148,5.891618419951809,2.1947828792422905,51.99999911297563
1.54169,1.54607,60.05617,5180.83756,2.35546,45.62804,5.623191553719178,2.09478680883472,51.99999911297563
1.59002,1.59555,60.37375,5177.17588,2.32993,45.70129,5.3699503126232635,2.000447783348421,51.99999911297563
1.63825,1.64506,60.68747,5173.65846,2.30178,45.77144,5.131176481388601,1.9114982486959013,51.99999911297563
1.68639,1.69459,60.99701,5170.27805,2.27117,45.83864,4.906162577408322,1.8276746489911155,51.99999911297563
1.73444,1.74414,61.30205,5167.02776,2.23822,45.90308,4.694216464732887,1.7487191453816662,51.99999911297563
1.7824,1.79372,61.6023,5163.90104,2.20307,45.96492,4.494664996978311,1.6743809731279724,51.99999911297563
1.83028,1.84331,61.89748,5160.89169,2.16585,46.02431,4.30685682101803,1.6044174860522569,51.99999911297563
1.87808,1.89293,62.18734,5157.99383,2.12668,46.0814,4.130164461455591,1.5385949330594684,51.99999911297563
1.92581,1.94257,62.47163,5155.20189,2.08566,46.13632,3.963985793932689,1.4766890069832943,51.99999911297563
1.97346,1.99223,62.75011,5152.51061,2.0429,46.1892,3.8077450036960148,1.4184852016775287,51.99999911297563
2.02105,2.0419,63.02258,5149.91501,1.99851,46.24018,3.6608931147554387,1.3637790091414204,51.99999911297563
2.06856,2.0916,63.28883,5147.4104,1.95257,46.28937,3.5229081645845644,1.312375984600226,51.99999911297563
2.11601,2.14131,63.54867,5144.99232,1.90518,46.33688,3.3932950897015255,1.2640917038810462,51.99999911297563
2.1634,2.19104,63.80192,5142.65659,1.85642,46.38281,3.2715853787416043,1.2187516341732483,51.99999911297563
2.21073,2.24078,64.0484,5140.39924,1.80638,46.42726,3.1573365416911443,1.1761909363041314,51.99999911297563
2.258,2.29054,64.28797,5138.21654,1.75512,46.47034,3.0501314369217405,1.1362542140414584,51.99999911297563
2.30521,2.34031,64.52047,5136.10496,1.70273,46.51212,2.9495774913431854,1.0987952235799072,51.99999911297563
2.35236,2.3901,64.74577,5134.06116,1.64926,46.55268,2.8553058434966756,1.0636765543207445,51.99999911297563
2.39946,2.43991,64.96372,5132.08198,1.59479,46.59212,2.7669704345331696,1.0307692902373462,51.99999911297563
2.44652,2.48973,65.17422,5130.16444,1.53937,46.63051,2.6842470678365298,0.9999526595600743,51.99999911297563
2.49352,2.53956,65.37713,5128.30573,1.48306,46.6679,2.606832454387628,0.9711136791492894,51.99999911297563
2.54047,2.58941,65.57236,5126.50317,1.42591,46.70439,2.5344432578381975,0.9441467987602341,51.99999911297563
2.58737,2.63927,65.75981,5124.75422,1.36799,46.74001,2.466815150593518,0.9189535494089975,51.99999911297563
2.63423,2.68914,65.93937,5123.05649,1.30933,46.77485,2.4037018899109728,0.8954421991949187,51.99999911297563
2.68104,2.73903,66.11097,5121.4077,1.24998,46.80894,2.3448744211136368,0.8735274192240513,51.99999911297563
2.7278,2.78893,66.27451,5119.80567,1.19,46.84236,2.290120013386504,0.8531299616705212,51.99999911297563
2.77453,2.83885,66.42992,5118.24834,1.12941,46.87515,2.2392414322936935,0.8341763515174127,51.99999911297563
2.82121,2.88877,66.57714,5116.73373,1.06826,46.90736,2.1920561520242825,0.8165985930976134,51.99999911297563
2.86785,2.93872,66.71609,5115.25998,1.00659,46.93903,2.1483956094641328,0.8003338922159445,51.99999911297563
2.91444,2.98867,66.8467,5113.82527,0.94443,46.97022,2.108104501449988,0.7853243943578212,51.99999911297563
2.961,3.03864,66.96894,5112.42789,0.88182,47.00096,2.0710401259533437,0.7715169392629089,51.99999911297563
3.00752,3.08862,67.08273,5111.06616,0.8188,47.03131,2.037071767482426,0.7588628319711903,51.99999911297563
3.054,3.13862,67.18804,5109.7385,0.7554,47.06129,2.0060801266038903,0.7473176303047878,51.99999911297563
3.10045,3.18863,67.28481,5108.44336,0.69164,47.09094,1.9779567932217352,0.7368409486504994,51.99999911297563
3.14685,3.23865,67.37302,5107.17926,0.62755,47.12031,1.952603763035763,0.7273962778278532,51.99999911297563
3.19322,3.28868,67.45261,5105.94475,0.56318,47.14942,1.9299329964620475,0.7189508207753754,51.99999911297563
3.23955,3.33873,67.52357,5104.73841,0.49853,47.17832,1.9098660192061236,0.7114753437535953,51.99999911297563
3.28585,3.3888,67.58585,5103.55888,0.43365,47.20704,1.8923335636368315,0.7049440427473644,51.99999911297563
3.33211,3.43888,67.63944,5102.40482,0.36856,47.2356,1.8772752500820564,0.6993344247401359,51.99999911297563
3.37833,3.48897,67.68431,5101.2749,0.30328,47.26405,1.8646393072081833,0.6946272035479516,51.99999911297563
3.42453,3.53907,67.72044,5100.16782,0.23785,47.29242,1.8543823306531644,0.6908062099039116,51.99999911297563
3.47068,3.58919,67.74782,5099.08231,0.17227,47.32073,1.8464690791709837,0.6878583155166218,51.99999911297563
3.5168,3.63933,67.76643,5098.0171,0.10659,47.34901,1.8408723075974351,0.6857733708455521,51.99999911297563
3.56289,3.68948,67.77627,5096.97091,0.04082,47.3773,1.8375726360402322,0.6845441563709104,51.99999911297563
3.60894,3.73965,67.77732,5095.9425,-0.02501,47.40563,1.8365584547832108,0.6841663471679549,51.99999911297563
3.65496,3.78983,67.76959,5094.93058,-0.09088,47.43403,1.8378258644939705,0.6846384906327693,51.99999911297563
3.70095,3.84002,67.75308,5093.93391,-0.15676,47.46253,1.8413786514212362,0.6859619972426257,51.99999911297563
3.7469,3.89024,67.72779,5092.95119,-0.22263,47.49115,1.8472282973624743,0.688141144269185,51.99999911297563
3.79281,3.94046,67.69372,5091.98113,-0.28846,47.51993,1.8553940242921052,0.6911830924036787,51.99999911297563
3.8387,3.99071,67.65088,5091.02242,-0.35424,47.54891,1.8659028736162542,0.6950979152813911,51.99999911297563
3.88455,4.04097,67.59929,5090.07372,-0.41993,47.5781,1.878789820118015,0.6998986419292664,51.99999911297563
3.93036,4.09125,67.53897,5089.13367,-0.48551,47.60755,1.8940979207292246,0.70560131218731,51.99999911297563
3.97614,4.14154,67.46993,5088.20087,-0.55095,47.63728,1.9118784983270247,0.7122250451776435,51.99999911297563
4.02189,4.19186,67.3922,5087.27389,-0.61624,47.66733,1.9321913608038828,0.7197921209138511,51.99999911297563
4.0676,4.24219,67.3058,5086.35125,-0.68133,47.69774,1.955105055692511,0.7283280751554624,51.99999911297563
4.11328,4.29254,67.21076,5085.43143,-0.74621,47.72853,1.980697160624375,0.7378618076113885,51.99999911297563
4.15892,4.3429,67.10712,5084.51284,-0.81085,47.75975,2.0090546098912436,0.7484257035926926,51.99999911297563
4.20452,4.39329,66.99491,5083.59386,-0.87521,47.79143,2.0402740573140346,0.7600557691907812,51.99999911297563
4.25009,4.4437,66.87418,5082.67278,-0.93927,47.82362,2.074462275532084,0.7727917800231642,51.99999911297563
4.29563,4.49412,66.74498,5081.74783,-1.00299,47.85634,2.1117365916838327,0.786677443535974,51.99999911297563
4.34112,4.54457,66.60734,5080.81718,-1.06634,47.88965,2.152225359246964,0.8017605747768306,51.99999911297563
4.38658,4.59504,66.46133,5079.87888,-1.1293,47.92359,2.196068465548343,0.8180932854556482,51.99999911297563
4.432,4.64552,66.30701,5078.93091,-1.19182,47.9582,2.2434178740930872,0.8357321859764839,51.99999911297563
4.47738,4.69603,66.14443,5077.97117,-1.25386,47.99354,2.2944382004510557,0.8547385999704064,51.99999911297563
4.52272,4.74656,65.97368,5076.99742,-1.31539,48.02965,2.3493073198687613,0.875178790646921,51.99999911297563
4.56802,4.79712,65.79482,5076.00734,-1.37637,48.06658,2.4082170041357176,0.8971241980434413,51.99999911297563
4.61327,4.84769,65.60793,5074.99846,-1.43675,48.1044,2.471373584399953,0.9206516859415066,51.99999911297563
4.65849,4.89829,65.4131,5073.96819,-1.4965,48.14316,2.5389986356684173,0.9458437968611954,51.99999911297563
4.70366,4.94892,65.21043,5072.91382,-1.55555,48.18291,2.6113296775554113,0.972789013108352,51.99999911297563
4.74878,4.99957,65.00001,5071.83246,-1.61387,48.22374,2.688620884462814,1.001582021335407,51.99999911297563
4.79387,5.05024,64.78194,5070.72108,-1.6714,48.2657,2.7711437967459642,1.0323239774693806,51.99999911297563
4.8389,5.10094,64.55635,5069.57646,-1.72809,48.30887,2.8591880225158812,1.0651227681516764,51.99999911297563
4.88388,5.15167,64.32335,5068.39523,-1.78387,48.35333,2.9530619175175215,1.1000932640106178,51.99999911297563
4.92882,5.20242,64.08307,5067.17381,-1.83869,48.39915,3.0530932279422127,1.137357559125996,51.99999911297563
4.9737,5.2532,63.83564,5065.90839,-1.89248,48.44642,3.159629678121791,1.1770451899605983,51.99999911297563
5.01853,5.30401,63.58123,5064.595,-1.94517,48.49523,3.2730394816550525,1.2192933257682579,51.99999911297563
5.0633,5.35485,63.31997,5063.22938,-1.9967,48.54568,3.3937117507367924,1.264246921079695,51.99999911297563
5.10802,5.40572,63.05205,5061.80708,-2.04697,48.59788,3.522056774148302,1.3120588192612876,51.99999911297563
5.15267,5.45663,62.77763,5060.32336,-2.09593,48.65191,3.6585061295955215,1.362889794363992,51.99999911297563
5.19727,5.50756,62.4969,5058.77322,-2.14346,48.70791,3.8035125907661542,1.4169085164996693,51.99999911297563
5.2418,5.55853,62.21008,5057.15139,-2.1895,48.76598,3.957549783677986,1.4742914238217961,51.99999911297563
5.28627,5.60953,61.91736,5055.4523,-2.23394,48.82626,4.121111540592117,1.535222481841141,51.99999911297563
5.33066,5.66056,61.61897,5053.67007,-2.27668,48.88888,4.294710893038172,1.5998928083011608,51.99999911297563
5.37499,5.71163,61.31517,5051.79851,-2.31761,48.95397,4.47887863844573,1.6685001392104948,51.99999911297563
5.41924,5.76274,61.00619,5049.83108,-2.35663,49.0217,4.674161407570846,1.7412481089084944,51.99999911297563
5.46341,5.81389,60.69232,5047.76094,-2.39362,49.09221,4.881119152632575,1.8183453143299866,51.99999911297563
5.5075,5.86507,60.37384,5045.58087,-2.42845,49.16566,5.100321968973039,1.900004130990024,51.99999911297563
5.5515,5.91629,60.05106,5043.2833,-2.46099,49.24223,5.3323461565856665,1.986439245799523,51.99999911297563
5.59542,5.96756,59.72429,5040.86033,-2.49111,49.32211,5.577769422312361,2.0778658697574754,51.99999911297563
5.63924,6.01887,59.39388,5038.30369,-2.51867,49.40547,5.837165119574543,2.174497592099197,51.99999911297563
5.68297,6.07022,59.06019,5035.60473,-2.54352,49.49252,6.111095420703465,2.2765438368097226,51.99999911297563
5.72659,6.12162,58.72359,5032.75448,-2.5655,49.58346,6.400103318136984,2.384206882859145,51.99999911297563
5.77011,6.17307,58.3845,5029.74365,-2.58446,49.6785,6.704703355813877,2.497678411403126,51.99999911297563
5.81351,6.22456,58.04333,5026.56258,-2.60023,49.77787,7.025371002104532,2.6171355469199584,51.99999911297563
5.8568,6.27611,57.70053,5023.20137,-2.61264,49.88179,7.36253059165387,2.742736365229794,51.99999911297563
5.89996,6.3277,57.35657,5019.64981,-2.62151,49.9905,7.716541786864244,2.874614850040795,51.99999911297563
5.943,6.37935,57.01193,5015.89751,-2.62667,50.10424,8.087684541581197,3.012875291526455,51.99999911297563
5.9859,6.43105,56.66714,5011.93386,-2.62794,50.22324,8.476142591162985,3.157586135942095,51.99999911297563
6.02866,6.48281,56.32272,5007.74817,-2.62512,50.34777,8.881985545451753,3.3087733147854568,51.99999911297563
6.07127,6.53463,55.97925,5003.32968,-2.61805,50.47806,9.305149725056546,3.466413105807905,51.99999911297563
6.11372,6.58651,55.6373,4998.66766,-2.60652,50.61437,9.745417957167655,3.6304246064236616,51.99999911297563
6.15601,6.63845,55.29749,4993.75151,-2.59037,50.75693,10.202398634471662,3.8006619326046716,51.99999911297563
6.19813,6.69045,54.96044,4988.57085,-2.56941,50.906,10.675504438465612,3.976906292755303,51.99999911297563
6.24007,6.74251,54.6268,4983.11564,-2.54347,51.06181,11.163931234609755,4.158858125601447,51.99999911297563
6.28182,6.79465,54.29725,4977.37634,-2.51239,51.22458,11.666637757519117,4.346129532389857,51.99999911297563
6.32337,6.84685,53.97248,4971.34398,-2.47603,51.39451,12.182326815166844,4.538237274959356,51.99999911297563
6.36472,6.89912,53.65318,4965.01038,-2.43423,51.57181,12.709428845391127,4.734596650107003,51.99999911297563
6.40586,6.95146,53.34009,4958.36828,-2.38688,51.75664,13.246088747924386,4.9345165841725,51.99999911297563
6.44677,7.00388,53.03393,4951.4115,-2.33389,51.94915,13.790156981566437,5.137196316500946,51.99999911297563
6.48745,7.05637,52.73543,4944.13514,-2.27516,52.14945,14.33918594885677,5.341724052638134,51.99999911297563
6.52788,7.10893,52.44535,4936.53571,-2.21066,52.35763,14.890432679223903,5.547077963874288,51.99999911297563
6.56806,7.16157,52.16442,4928.61134,-2.14035,52.57373,15.440868756135922,5.752129885368835,51.99999911297563
6.60798,7.21429,51.89338,4920.36193,-2.06426,52.79775,15.987198305784016,5.955652017408338,51.99999911297563
6.64762,7.26709,51.63296,4911.78927,-1.98242,53.02966,16.525884668829363,6.156326861333971,51.99999911297563
6.68698,7.31996,51.38388,4902.89724,-1.89492,53.26937,17.053186110957146,6.352760522662516,51.99999911297563
6.72605,7.37292,51.14682,4893.69185,-1.8019,53.51672,17.56520059595638,6.543499390236627,51.99999911297563
6.76482,7.42595,50.92246,4884.18138,-1.7035,53.77153,18.057919256704388,6.727050055573463,51.99999911297563
6.80328,7.47906,50.71145,4874.3764,-1.59995,54.03353,18.52728777046184,6.901902176776975,51.99999911297563
6.84141,7.53225,50.51437,4864.28982,-1.49151,54.30243,18.96927439831967,7.0665538250221,51.99999911297563
6.87922,7.58552,50.33179,4853.93684,-1.37846,54.57784,19.379943011882364,7.219538688915733,51.99999911297563
6.9167,7.63887,50.16423,4843.33488,-1.26116,54.85935,19.755529034910495,7.359454364756735,51.99999911297563
6.95383,7.6923,50.01214,4832.50352,-1.13998,55.14649,20.092515906321818,7.484990841015671,51.99999911297563
6.99061,7.74579,49.87592,4821.46431,-1.01536,55.43872,20.387709453729933,7.594958204434878,51.99999911297563
7.02703,7.79937,49.75593,4810.24057,-0.88774,55.73546,20.638307479297463,7.688312562589669,51.99999911297563
7.0631,7.85301,49.65242,4798.8572,-0.75762,56.03612,20.8419619185159,7.764179199669327,51.99999911297563
7.0988,7.90672,49.56563,4787.34041,-0.62551,56.34003,20.996831143773047,7.821872060932171,51.99999911297563
7.13413,7.9605,49.49567,4775.7174,-0.49195,56.64653,21.101620341910525,7.8609087944081235,51.99999911297563
7.16909,8.01435,49.44262,4764.01609,-0.35749,56.9549,21.155608379558696,7.88102075894283,51.99999911297563
7.20368,8.06825,49.40648,4752.26476,-0.22268,57.26445,21.1586601520912,7.882157624508157,51.99999911297563
7.23789,8.12222,49.38718,4740.49178,-0.08811,57.57446,21.111224052648538,7.86448642934687,51.99999911297563
7.27173,8.17624,49.38456,4728.72521,0.04569,57.88421,21.014314854013964,7.828385203021018,51.99999911297563
7.30519,8.23031,49.39841,4716.99256,0.17816,58.193,20.869482923361872,7.774431498095668,51.99999911297563
7.33829,8.28443,49.42845,4705.32046,0.30877,58.50016,20.67877124734018,7.703386380851392,51.99999911297563
7.37101,8.3386,49.47436,4693.73442,0.43701,58.80503,20.444662199394,7.616174600711667,51.99999911297563
7.40337,8.39282,49.53571,4682.25857,0.56238,59.10698,20.170016308176216,7.513861779864734,51.99999911297563
7.43537,8.44707,49.61207,4670.91545,0.68445,59.40543,19.85800547358191,7.397629534479214,51.99999911297563
7.46701,8.50136,49.70293,4659.72592,0.8028,59.69983,19.51204312431175,7.268749456558825,51.99999911297563
7.4983,8.55568,49.80774,4648.70892,0.91702,59.98969,19.135713727780384,7.1285568545285365,51.99999911297563
7.52925,8.61004,49.92593,4637.88151,1.0268,60.27457,18.73270386804639,6.978425077950032,51.99999911297563
7.55986,8.66442,50.05687,4627.2587,1.13182,60.55405,18.306736824544448,6.8197411463781075,51.99999911297563
7.59013,8.71883,50.19991,4616.85355,1.23182,60.82781,17.86151224127775,6.653883274547447,51.99999911297563
7.62009,8.77326,50.35439,4606.67708,1.32658,61.09553,17.40065210044753,6.482200746128094,51.99999911297563
7.64972,8.82771,50.51963,4596.73841,1.41592,61.35698,16.927653832533228,6.305996445996577,51.99999911297563
7.67905,8.88218,50.69491,4587.04478,1.4997,61.61196,16.44585102834886,6.126512224443165,51.99999911297563
7.70808,8.93666,50.87954,4577.60164,1.57782,61.86032,15.958381885700037,5.94491714272141,51.99999911297563
7.73682,8.99116,51.0728,4568.41278,1.6502,62.10196,15.468165235664285,5.762298542206753,51.99999911297563
7.76527,9.04567,51.27398,4559.48043,1.71681,62.33683,14.977883758876189,5.579655792021152,51.99999911297563
7.79345,9.1002,51.48237,4550.80541,1.77765,62.56488,14.48997382275811,5.397896503134124,51.99999911297563
7.82136,9.15473,51.69726,4542.38721,1.83273,62.78615,14.006621245306416,5.217834950261648,51.99999911297563
7.84902,9.20926,51.91796,4534.2242,1.88211,63.00067,13.529762215557508,5.040192414763981,51.99999911297563
7.87642,9.26381,52.14379,4526.3137,1.92585,63.20851,13.061088569164065,4.8655991499366245,51.99999911297563
7.90359,9.31836,52.37407,4518.65214,1.96404,63.40978,12.602056622086494,4.694597671792805,51.99999911297563
7.93052,9.37291,52.60816,4511.23516,1.99679,63.60459,12.153898798854305,4.52764709089681,51.99999911297563
7.95722,9.42746,52.84543,4504.05776,2.02422,63.79309,11.717637346430397,4.365128221139253,51.99999911297563
7.98371,9.48202,53.08524,4497.11438,2.04647,63.97543,11.294099493713782,4.20734922705072,51.99999911297563
8.00999,9.53658,53.32701,4490.39901,2.06367,64.15178,10.883933494018217,4.054551600047156,51.99999911297563
8.03606,9.59114,53.57015,4483.9053,2.07597,64.32232,10.487625068436298,3.9069162840156437,51.99999911297563
8.06194,9.6457,53.81411,4477.62662,2.08354,64.48723,10.105513847998674,3.7645698004513304,51.99999911297563
8.08762,9.70026,54.05835,4471.55614,2.08653,64.64671,9.737809488771966,3.627590251755416,51.99999911297563
8.11313,9.75481,54.30235,4465.68693,2.0851,64.80095,9.384607204621245,3.496013107597867,51.99999911297563
8.13846,9.80937,54.54562,4460.01197,2.07943,64.95016,9.045902525795496,3.3698367028788234,51.99999911297563
8.16361,9.86393,54.78769,4454.52423,2.06968,65.09453,8.721605147253785,3.249027396594469,51.99999911297563
8.1886,9.91848,55.0281,4449.21672,2.05601,65.23427,8.411551778363085,3.1335243586875663,51.99999911297563
8.21344,9.97304,55.26641,4444.08249,2.03859,65.36958,8.115517945696181,3.0232439669002247,51.99999911297563
8.23812,10.02759,55.50222,4439.11473,2.01757,65.50064,7.833228733364661,2.918083807830541,51.99999911297563
8.26264,10.08214,55.73513,4434.30672,1.99313,65.62766,7.564368471409262,2.817926286112912,51.99999911297563
8.28703,10.13668,55.96477,4429.65189,1.96541,65.75083,7.308589402949202,2.722641853159211,51.99999911297563
8.31127,10.19123,56.19078,4425.14385,1.93456,65.87032,7.065519375791185,2.632091872485525,51.99999911297563
8.33538,10.24577,56.41281,4420.77638,1.90074,65.98633,6.8347686147588265,2.5461311425830457,51.99999911297563
8.35936,10.30031,56.63056,4416.54343,1.86409,66.09902,6.61593563796391,2.464610100884789,51.99999911297563
8.38321,10.35485,56.84371,4412.43915,1.82474,66.20857,6.408612384144733,2.387376733834033,51.99999911297563
8.40694,10.40939,57.05197,4408.45789,1.78283,66.31514,6.212388619663148,2.3142782186066713,51.99999911297563
8.43054,10.46393,57.25508,4404.59419,1.7385,66.41889,6.026855693412656,2.245162321913274,51.99999911297563
8.45403,10.51846,57.45277,4400.84278,1.69186,66.51997,5.851609706070289,2.179878580628807,51.99999911297563
8.47741,10.57299,57.6448,4397.19859,1.64305,66.61854,5.686254157281494,2.1182792879386447,51.99999911297563
8.50067,10.62752,57.83093,4393.65673,1.59216,66.71474,5.5304021307876825,2.060220307356085,51.99999911297563
8.52383,10.68205,58.01096,4390.2125,1.53933,66.8087,5.383678073494535,2.0055617354720967,51.99999911297563
8.54688,10.73658,58.18467,4386.86139,1.48465,66.90056,5.245719220175308,1.95416843269479,51.99999911297563
8.56983,10.79111,58.35188,4383.59904,1.42823,66.99044,5.116176711154053,1.905910439615825,51.99999911297563
8.59268,10.84564,58.51239,4380.42127,1.37018,67.07848,4.994716445924118,1.8606632950057584,51.99999911297563
8.61542,10.90016,58.66605,4377.32405,1.31058,67.16478,4.881019711497006,1.8183082698905337,51.99999911297563
8.63808,10.95469,58.81269,4374.30351,1.24953,67.24946,4.774783620209271,1.7787325306460613,51.99999911297563
8.66067,11.0092,58.95422,4371.35164,1.2228,67.25944,4.674370038527161,1.7413258294291323,0.0
8.68324,11.06368,59.09248,4368.46168,1.19403,67.26944,4.578293476908006,1.70553478229952,0.0
8.70578,11.11813,59.22724,4365.63173,1.16333,67.27947,4.486512770157713,1.6713440541393028,0.0
8.7283,11.17255,59.35831,4362.85987,1.13076,67.28952,4.398974844771415,1.6387338736714705,0.0
8.7508,11.22695,59.48547,4360.14421,1.09641,67.2996,4.3156209896574165,1.6076823694695832,0.0
8.77327,11.28132,59.60853,4357.48287,1.06036,67.3097,4.236388091675198,1.5781660302281926,0.0
8.79572,11.33566,59.72732,4354.87397,1.02269,67.31983,4.161209757695146,1.5501601227596082,0.0
8.81815,11.38998,59.84166,4352.31568,0.98349,67.32998,4.090017329056344,1.5236390699061213,0.0
8.84055,11.44427,59.95138,4349.80615,0.94283,67.34016,4.0227407947647205,1.498576790730339,0.0
8.86293,11.49854,60.05633,4347.34359,0.90078,67.35036,3.95930961006192,1.4749470054536302,0.0
8.88529,11.55279,60.15637,4344.92619,0.85742,67.36059,3.8996534271158616,1.4527235076575824,0.0
8.90763,11.60701,60.25135,4342.55219,0.81283,67.37084,3.843702744574459,1.4318804062598522,0.0
8.92994,11.66122,60.34114,4340.21983,0.76708,67.38112,3.7913894826087766,1.412392339732873,0.0
8.95224,11.71539,60.42562,4337.9274,0.72024,67.39143,3.7426474898758775,1.3942346649608546,0.0
8.97451,11.76955,60.50469,4335.67317,0.67238,67.40176,3.6974129885553926,1.3773836230276135,0.0
8.99676,11.82369,60.57823,4333.45545,0.62357,67.41212,3.6556249633173197,1.3618164841173144,0.0
9.01899,11.87781,60.64614,4331.27255,0.57387,67.42251,3.617225499714695,1.347511673574642,0.0
9.0412,11.93191,60.70834,4329.12283,0.52337,67.43292,3.582160077117507,1.3344488810303938,0.0
9.06339,11.98599,60.76475,4327.00462,0.47211,67.44336,3.5503778209441212,1.322609154364319,0.0
9.08556,12.04005,60.81528,4324.91628,0.42017,67.45383,3.5218317185175767,1.3119749801172722,0.0
9.10771,12.09409,60.85987,4322.85618,0.3676,67.46432,3.4964788024992397,1.3025303518250744,0.0
9.12983,12.14811,60.89846,4320.82269,0.31449,67.47484,3.474280305444091,1.2942608275944216,0.0
9.15194,12.20212,60.931,4318.8142,0.26088,67.48539,3.455201788651962,1.287153578103365,0.0
9.17403,12.2561,60.95744,4316.82908,0.20683,67.49596,3.4392132480873614,1.2811974260592307,0.0
9.1961,12.31007,60.97774,4314.86573,0.15242,67.50656,3.426289199780611,1.2763828780127893,0.0
9.21814,12.36403,60.99187,4312.9225,0.0977,67.51719,3.416408746758429,1.2727021492916615,0.0
9.24017,12.41796,60.9998,4310.99779,0.04273,67.52785,3.4095556291984694,1.2701491826842013,0.0
9.26218,12.47188,61.00151,4309.08995,-0.01242,67.53853,3.405718259155523,1.2687196613759213,0.0
9.28417,12.52579,60.99699,4307.19735,-0.06771,67.54924,3.40488974086994,1.2684110165149136,0.0
9.30614,12.57968,60.98624,4305.31832,-0.12305,67.55997,3.4070678773425485,1.26922242966118,0.0
9.32809,12.63355,60.96925,4303.4512,-0.17841,67.57074,3.4122551635263405,1.2711548302503564,0.0
9.35002,12.68741,60.94604,4301.5943,-0.23371,67.58153,3.4204587661698875,1.2742108880848537,0.0
9.37193,12.74125,60.91662,4299.7459,-0.28889,67.59234,3.4316904900231027,1.2783950007446168,0.0
9.39382,12.79507,60.88101,4297.90427,-0.3439,67.60319,3.4459667297911754,1.2837132756886993,0.0
9.41569,12.84888,60.83924,4296.06766,-0.39867,67.61406,3.4633084069118576,1.2901735067031397,0.0
9.43754,12.90268,60.79135,4294.23428,-0.45314,67.62496,3.4837408898981512,1.297785144226517,0.0
9.45937,12.95646,60.73737,4292.40231,-0.50725,67.63589,3.5072938966597134,1.3065592589621038,0.0
9.48119,13.01022,60.67736,4290.56989,-0.56093,67.64684,3.5340013768926246,1.3165084980649608,0.0
9.50298,13.06397,60.61138,4288.73515,-0.61413,67.65782,3.563901372287192,1.3276470330656638,0.0
9.52475,13.1177,60.53948,4286.89615,-0.66677,67.66882,3.5970358519604124,1.3399904985645683,0.0
9.54651,13.17142,60.46174,4285.05092,-0.7188,67.67985,3.6334505201874308,1.353555920606718,0.0
9.56824,13.22513,60.37824,4283.19747,-0.77014,67.69091,3.6731945931498435,1.3683616335147126,0.0
9.58996,13.27881,60.28906,4281.33372,-0.82073,67.702,3.7163205410830753,1.3844271838318232,0.0
9.61166,13.33248,60.19429,4279.45759,-0.87049,67.71311,3.76288379187905,1.401773219906187,0.0
9.63333,13.38614,60.09405,4277.56691,-0.91937,67.72425,3.812942391841666,1.4204213655132965,0.0
9.65499,13.43978,59.98843,4275.65949,-0.96729,67.73541,3.8665566190269725,1.4403940758150404,0.0
9.67662,13.4934,59.87755,4273.73307,-1.01417,67.7466,3.9237885442698794,1.4617144738306054,0.0
9.69824,13.54701,59.76154,4271.78535,-1.05995,67.75781,3.984701534776154,1.484406165511431,0.0
9.71984,13.6006,59.64053,4269.81395,-1.10455,67.76905,4.049359694943296,1.508493031432274,0.0
9.74141,13.65418,59.51466,4267.81647,-1.14789,67.78032,4.1178272389159964,1.533998993051608,0.0
9.76297,13.70773,59.38409,4265.79043,-1.1899,67.79161,4.19016778932391,1.5609477514729913,0.0
9.7845,13.76127,59.24896,4263.73331,-1.23049,67.80292,4.266443596661656,1.5893624966435789,0.0
9.80602,13.81479,59.10946,4261.64251,-1.26959,67.81426,4.34671467390088,1.619265584974344,0.0
9.82751,13.8683,58.96575,4259.51542,-1.30712,67.82563,4.431037841202927,1.6506781834704176,0.0
9.84898,13.92178,58.81802,4257.34934,-1.34299,67.83702,4.519465676019223,1.6836198786158505,0.0
9.87043,13.97524,58.66647,4255.14154,-1.37712,67.84843,4.612045364513074,1.7181082484980181,0.0
9.89186,14.02869,58.5113,4252.88924,-1.40943,67.85986,4.708817451034501,1.7541583969540882,0.0
9.91327,14.08212,58.35272,4250.58962,-1.43984,67.87132,4.809814483501262,1.7917824489398142,0.0
9.93465,14.13552,58.19096,4248.23981,-1.46824,67.8828,4.915059553887411,1.830989006823116,0.0
9.95602,14.1889,58.02625,4245.83693,-1.49457,67.89431,5.024564734693005,1.8717825679279128,0.0
9.97736,14.24226,57.85882,4243.37806,-1.51873,67.90584,5.138329414250733,1.914162904392036,0.0
9.99868,14.2956,57.68894,4240.86027,-1.54063,67.91739,5.256338536132855,1.9581244072999957,0.0
10.01997,14.34892,57.51685,4238.28062,-1.5602,67.92896,5.378560750585694,2.003655398043685,0.0
10.04124,14.40221,57.34284,4235.63616,-1.57734,67.94055,5.504946489081035,2.0507374110421153,0.0
10.06249,14.45548,57.16717,4232.92396,-1.59198,67.95216,5.635425976535629,2.099344453240886,0.0
10.08371,14.50872,56.99014,4230.14111,-1.60401,67.9638,5.7699071995992,2.149442247246002,0.0
10.10491,14.56193,56.81204,4227.28476,-1.61338,67.97545,5.90827385360173,2.2009874665077196,0.0
10.12609,14.61512,56.63319,4224.35207,-1.62,67.98712,6.05038329516506,2.253926972614504,0.0
10.14724,14.66828,56.45388,4221.3403,-1.62378,67.99881,6.19606453216715,2.3081970665018194,0.0
10.16836,14.72141,56.27444,4218.24679,-1.62467,68.01053,6.345116287447462,2.363722767131447,0.0
10.18946,14.77451,56.0952,4215.06898,-1.62259,68.02226,6.497305177359994,2.420417132954556,0.0
10.21053,14.82758,55.91649,4211.80443,-1.61747,68.034,6.652364050773365,2.4781806431455378,0.0
10.23158,14.88061,55.73866,4208.45084,-1.60927,68.04577,6.809990538226413,2.536900657124291,0.0
10.2526,14.93362,55.56205,4205.00608,-1.59793,68.05755,6.969845864476445,2.596450972199199,0.0
10.27359,14.98658,55.387,4201.46822,-1.5834,68.06935,7.131553980328298,2.6566915001506133,0.0
10.29455,15.03952,55.21388,4197.83552,-1.56565,68.08116,7.294701071248709,2.717468084176779,0.0
10.31547,15.09242,55.04276,4194.10708,-1.5498,68.13212,7.459133993791618,2.7787236743145907,14.999999744127583
10.33632,15.1453,54.8737,4190.28203,-1.53078,68.184,7.624691969483037,2.8403983763521525,14.999999744127583
10.35711,15.19816,54.70706,4186.35909,-1.50858,68.23681,7.7909002006035175,2.9023153156462893,14.999999744127583
10.37783,15.25099,54.54318,4182.33721,-1.48318,68.29057,7.957246611259639,2.964283730453175,14.999999744127583
10.39848,15.3038,54.38241,4178.21566,-1.45458,68.34527,8.123184426653848,3.0260999327742097,14.999999744127583
10.41906,15.35658,54.22511,4173.99402,-1.42279,68.4009,8.288134144466392,3.0875480427476623,14.999999744127583
10.43957,15.40933,54.07161,4169.67222,-1.38784,68.45747,8.451486138637959,3.1484009586262123,14.999999744127583
10.46001,15.46205,53.92225,4165.25051,-1.34975,68.51497,8.612603916454772,3.208421570126846,14.999999744127583
10.48037,15.51474,53.77738,4160.72955,-1.30857,68.57338,8.770828036785014,3.2673642180770215,14.999999744127583
10.50066,15.5674,53.63731,4156.11036,-1.26437,68.6327,8.925480682343064,3.3249763977033986,14.999999744127583
10.52088,15.62003,53.50236,4151.39438,-1.21721,68.6929,9.075870862217709,3.3810006967104846,14.999999744127583
10.54101,15.67263,53.37285,4146.58345,-1.16718,68.75395,9.22130020298753,3.435176952623492,14.999999744127583
10.56107,15.72519,53.24906,4141.67981,-1.11439,68.81585,9.361069268207592,3.4872446069634013,14.999999744127583
10.58105,15.77771,53.13129,4136.68615,-1.05894,68.87854,9.494484327356679,3.536945226857909,14.999999744127583
10.60095,15.8302,53.0198,4131.60553,-1.00097,68.94201,9.620864477256246,3.5840251579573708,14.999999744127583
10.62076,15.88265,52.91484,4126.44146,-0.94062,69.00621,9.739549002402224,3.6282382663520463,14.999999744127583
10.6405,15.93507,52.81665,4121.19784,-0.87804,69.07111,9.849904846090805,3.6693487217630425,14.999999744127583
10.66015,15.98744,52.72545,4115.87894,-0.81341,69.13665,9.951334052761059,3.707133770010756,14.999999744127583
10.67972,16.03978,52.64143,4110.48941,-0.7469,69.20279,10.04328103407235,3.741386439819893,14.999999744127583
10.6992,16.09207,52.56476,4105.03424,-0.67871,69.26949,10.125239507583514,3.7719181276600233,14.999999744127583
10.7186,16.14432,52.4956,4099.51874,-0.60903,69.33668,10.196758957894547,3.798561004690875,14.999999744127583
10.73791,16.19653,52.43407,4093.9485,-0.53809,69.40431,10.257450475997784,3.8211701920742804,14.999999744127583
10.75713,16.24869,52.38029,4088.32937,-0.4661,69.47233,10.306991843374577,3.8396256549339616,14.999999744127583
10.77627,16.30081,52.33432,4082.66743,-0.39329,69.54067,10.345131742846963,3.8538337710085764,14.999999744127583
10.79532,16.35289,52.29623,4076.96891,-0.31988,69.60927,10.371692997846322,3.8637285373645174,14.999999744127583
10.81428,16.40492,52.26604,4071.24019,-0.24612,69.67807,10.386574765117427,3.8692723872358674,14.999999744127583
10.83316,16.4569,52.24376,4065.48775,-0.17223,69.747,10.38975363176753,3.8704565987040453,14.999999744127583
10.85194,16.50883,52.22937,4059.71812,-0.09846,69.81601,10.381283595345296,3.867301287276692,14.999999744127583
10.87064,16.56072,52.22281,4053.93783,-0.02505,69.88502,10.361294933942949,3.859854984970985,14.999999744127583
10.88925,16.61256,52.22402,4048.15339,0.04777,69.95399,10.329992001248435,3.848193818912549,14.999999744127583
10.90777,16.66436,52.2329,4042.37122,0.11978,70.02283,10.287650007802865,3.832420312269177,14.999999744127583
10.92621,16.7161,52.24933,4036.59763,0.19074,70.0915,10.23461087357355,3.8126618392251452,14.999999744127583
10.94456,16.76779,52.27316,4030.83879,0.26044,70.15994,10.171278257442856,3.789068773335041,14.999999744127583
10.96282,16.81944,52.30424,4025.10065,0.32867,70.22809,10.098111885709827,3.761812374741386,14.999999744127583
10.98099,16.87104,52.34237,4019.38899,0.39523,70.29589,10.015621313702244,3.731082466210985,14.999999744127583
10.99908,16.92259,52.38734,4013.7093,0.45992,70.36329,9.924359261998134,3.697084950702106,14.999999744127583
11.01708,16.97409,52.43894,4008.06682,0.52257,70.43025,9.824914671446399,3.6600392241769337,14.999999744127583
11.035,17.02554,52.49693,4002.46648,0.58301,70.49672,9.71790561934228,3.620175536690535,14.999999744127583
11.05284,17.07694,52.56103,3996.91292,0.64108,70.56266,9.603972233353044,3.5777323526417417,14.999999744127583
11.07059,17.12829,52.63099,3991.41044,0.69664,70.62803,9.483769730335892,3.532953757549652,14.999999744127583
11.08826,17.1796,52.70653,3985.96301,0.74957,70.69279,9.357961694842627,3.486086954119775,14.999999744127583
11.10586,17.23086,52.78733,3980.57425,0.79974,70.75691,9.227213697647658,3.4373798849777977,14.999999744127583
11.12337,17.28207,52.8731,3975.24747,0.84706,70.82037,9.092187338521795,3.387079013446085,14.999999744127583
11.1408,17.33324,52.96353,3969.98559,0.89143,70.88314,8.953534780667605,3.335427287477041,14.999999744127583
11.15815,17.38435,53.05829,3964.79121,0.93279,70.94519,8.811893827207856,3.2826623055155055,14.999999744127583
11.17543,17.43543,53.15705,3959.66662,0.97106,71.00652,8.667883573600651,3.229014696909003,14.999999744127583
11.19263,17.48645,53.25949,3954.61375,1.0062,71.0671,8.522100654180113,3.17470672364539,14.999999744127583
11.20975,17.53744,53.36528,3949.63422,1.03817,71.12692,8.37511608669528,3.119951104860563,14.999999744127583
11.2268,17.58838,53.47406,3944.72937,1.06694,71.18599,8.227472706013478,3.0649500608254465,14.999999744127583
11.24378,17.63927,53.58552,3939.90023,1.09251,71.24429,8.079683167210264,3.009894569044453,14.999999744127583
11.26069,17.69012,53.69932,3935.14754,1.11486,71.30181,7.932228489181191,2.954963821712544,14.999999744127583
11.27753,17.74093,53.81511,3930.47182,1.13401,71.35857,7.7855571028043284,2.900324871130727,14.999999744127583
11.2943,17.7917,53.93257,3925.87332,1.14996,71.41457,7.640084362270863,2.846132447663846,14.999999744127583
11.311,17.84243,54.05137,3921.35206,1.16275,71.4698,7.496192474636345,2.7925289334965653,14.999999744127583
11.32763,17.89312,54.17118,3916.90786,1.1724,71.52428,7.354230800583786,2.7396444746755413,14.999999744127583
11.3442,17.94377,54.29169,3912.54034,1.17895,71.57802,7.214516478697507,2.6875972136678503,14.999999744127583
11.3607,17.99438,54.41258,3908.24893,1.18245,71.63102,7.077335326063229,2.6364936248582236,14.999999744127583
11.37714,18.04496,54.53354,3904.03291,1.18295,71.68331,6.942942969508368,2.5864289359658224,14.999999744127583
11.39351,18.09549,54.65428,3899.89142,1.18051,71.73489,6.81156616404391,2.537487619198519,14.999999744127583
11.40983,18.14599,54.77449,3895.82344,1.17519,71.78579,6.683404257937481,2.4897439370311747,14.999999744127583
11.42608,18.19646,54.89389,3891.82785,1.16706,71.83601,6.558630767110896,2.443262528710145,14.999999744127583
11.44227,18.24689,55.0122,3887.90341,1.15619,71.88558,6.437395025113955,2.39809902491193,14.999999744127583
11.45841,18.29728,55.12915,3884.0488,1.14265,71.93451,6.319823878561027,2.3543006793379204,14.999999744127583
11.47449,18.34765,55.24447,3880.26259,1.12651,71.98283,6.206023401628852,2.3119070074099297,14.999999744127583
11.49051,18.39798,55.35792,3876.54331,1.10786,72.03055,6.0960806067907205,2.270950423563695,14.999999744127583
11.50647,18.44827,55.46925,3872.88939,1.08678,72.0777,5.990065132451791,2.231456869937434,14.999999744127583
11.52238,18.49854,55.57821,3869.29924,1.06335,72.1243,5.888030891374278,2.1934464304536023,14.999999744127583
11.53823,18.54878,55.68459,3865.7712,1.03765,72.17036,5.790017666813641,2.156933925421619,14.999999744127583
11.55403,18.59898,55.78816,3862.30357,1.00977,72.21592,5.69605264603127,2.1219294828116917,14.999999744127583
11.56978,18.64916,55.88872,3858.89464,0.97979,72.26098,5.606151883312294,2.088439083267444,14.999999744127583
11.58547,18.6993,55.98606,3855.54264,0.9478,72.30559,5.520321686802795,2.0564650767392703,14.999999744127583
11.60111,18.74942,56.07999,3852.24579,0.91388,72.34974,5.438559925405971,2.026006669337538,14.999999744127583
11.6167,18.79951,56.17032,3849.00231,0.87813,72.39348,5.360857253603623,1.9970603796108235,14.999999744127583
11.63225,18.84958,56.25689,3845.81037,0.84062,72.43682,5.28719825346532,1.9696204639743695,14.999999744127583
11.64774,18.89962,56.33954,3842.66816,0.80145,72.47979,5.217562494275902,1.9436793114492164,14.999999744127583
11.66318,18.94963,56.41809,3839.57384,0.76069,72.5224,5.151925511129114,1.9192278082140724,14.999999744127583
11.67857,18.99961,56.49241,3836.52558,0.71844,72.56468,5.090259704620653,1.896255672764651,14.999999744127583
11.69392,19.04957,56.56236,3833.52153,0.67478,72.60665,5.032535164317613,1.8747517626777044,14.999999744127583
11.70922,19.09951,56.62781,3830.55985,0.62979,72.64833,4.978720419121976,1.8547043541411656,14.999999744127583
11.72447,19.14942,56.68864,3827.63867,0.58356,72.68975,4.928783117923951,1.8361013955154284,14.999999744127583
11.73967,19.19931,56.74473,3824.75615,0.53617,72.73093,4.882690644130531,1.8189307362614056,14.999999744127583
11.75483,19.24917,56.79598,3821.91043,0.4877,72.77188,4.840410667699692,1.8031803325877858,14.999999744127583
11.76994,19.29901,56.84229,3819.09964,0.43824,72.81264,4.801911638340613,1.7888384311811016,14.999999744127583
11.78501,19.34883,56.88358,3816.32193,0.38787,72.85321,4.76716322341583,1.7758937323357977,14.999999744127583
11.80003,19.39863,56.91977,3813.57542,0.33666,72.89363,4.736136693980937,1.7643355337641788,14.999999744127583
11.815,19.4484,56.95078,3810.85825,0.28471,72.93392,4.708805262181301,1.7541538562855632,14.999999744127583
11.82993,19.49815,56.97656,3808.16853,0.23208,72.97409,4.685144373027842,1.7453395525204383,14.999999744127583
11.84482,19.54788,56.99704,3805.50438,0.17887,73.01416,4.665131953292597,1.737884399610606,14.999999744127583
11.85966,19.59759,57.01218,3802.8639,0.12514,73.05417,4.648748620004027,1.731781176889171,14.999999744127583
11.87446,19.64728,57.02195,3800.24519,0.07098,73.09412,4.635977850716881,1.7270237293105464,14.999999744127583
11.88921,19.69694,57.0263,3797.64634,0.01647,73.13404,4.626806117418715,1.7236070173341524,14.999999744127583
11.90392,19.74659,57.02521,3795.06541,-0.03831,73.17395,4.6212229856273535,1.7215271538408317,14.999999744127583
11.91859,19.79622,57.01868,3792.50046,-0.09329,73.21387,4.6192211798854075,1.7207814285312781,14.999999744127583
11.93321,19.84582,57.00669,3789.94953,-0.14839,73.25382,4.620796616547967,1.7213683201403145,14.999999744127583
11.94779,19.89541,56.98923,3787.41065,-0.20352,73.29383,4.625948404425029,1.7232874966762175,14.999999744127583
11.96232,19.94497,56.96633,3784.8818,-0.25862,73.33391,4.6346788134923464,1.7265398037646809,14.999999744127583
11.97681,19.99451,56.93799,3782.36098,-0.31359,73.37408,4.646993211594476,1.7311272410690381,14.999999744127583
11.99126,20.04404,56.90423,3779.84613,-0.36837,73.41437,4.662899968701709,1.7370529266234511,14.999999744127583
12.00566,20.09354,56.8651,3777.33519,-0.42286,73.4548,4.682410328005145,1.7443210488124299,14.999999744127583
12.02002,20.14303,56.82062,3774.82606,-0.477,73.49538,4.705538242807304,1.7529368056082966,14.999999744127583
12.03434,20.19249,56.77084,3772.31662,-0.5307,73.53615,4.732300177881113,1.7629063305721806,14.999999744127583
12.04861,20.24194,56.71581,3769.80469,-0.58388,73.57712,4.762714873711669,1.7742366050278726,14.999999744127583
12.06284,20.29136,56.65561,3767.28811,-0.63646,73.61831,4.7968030717472665,1.786935355710603,14.999999744127583
12.07702,20.34077,56.5903,3764.76465,-0.68836,73.65974,4.8345871985941855,1.801010937121291,14.999999744127583
12.09116,20.39016,56.51995,3762.23205,-0.7395,73.70145,4.876091006852085,1.8164721977282765,14.999999744127583
12.10526,20.43952,56.44465,3759.68803,-0.78979,73.74344,4.921339170145805,1.8333283291060154,14.999999744127583
12.11931,20.48887,56.36451,3757.13027,-0.83915,73.78574,4.970356829773686,1.8515886970496478,14.999999744127583
12.13331,20.53819,56.27962,3754.5564,-0.8875,73.82839,5.023169090319483,1.8712626536771624,14.999999744127583
12.14727,20.58749,56.19008,3751.96404,-0.93475,73.87138,5.079800461563016,1.8923593295264334,14.999999744127583
12.16118,20.63678,56.09603,3749.35075,-0.98081,73.91476,5.140274244076308,1.914887404673616,14.999999744127583
12.17506,20.68603,55.99779,3746.71359,-1.02156,73.92785,5.204465489240059,1.9388003324704222,0.0
12.18892,20.73526,55.89568,3744.04968,-1.06092,73.94094,5.2722381907469975,1.9640474469888543,0.0
12.20276,20.78446,55.78987,3741.35667,-1.09878,73.95405,5.343592604657531,1.990628843618151,0.0
12.21657,20.83363,55.6805,3738.63217,-1.13508,73.96716,5.41852397844525,2.018542751917177,0.0
12.23037,20.88277,55.56774,3735.87377,-1.16973,73.98029,5.497021353707765,2.0477850895927103,0.0
12.24414,20.93188,55.45176,3733.07906,-1.20265,73.99343,5.579066629570139,2.0783491135925756,0.0
12.25789,20.98096,55.33275,3730.24561,-1.23374,74.00657,5.664633577528633,2.1102250531090134,0.0
12.27162,21.03001,55.21088,3727.37101,-1.26294,74.01973,5.75368681150971,2.14339972589857,0.0
12.28533,21.07903,55.08635,3724.45282,-1.29016,74.03289,5.846180718130779,2.1778561397760696,0.0
12.29902,21.12801,54.95937,3721.48863,-1.31533,74.04607,5.942058353641069,2.2135730816960693,0.0
12.31269,21.17696,54.83015,3718.47603,-1.33835,74.05925,6.041250315537604,2.25052469740012,0.0
12.32633,21.22588,54.69889,3715.41266,-1.35916,74.07244,6.143673598601144,2.288680065260057,0.0
12.33996,21.27476,54.56584,3712.29615,-1.37768,74.08564,6.249230446893727,2.3280027686168774,0.0
12.35355,21.32361,54.43121,3709.1242,-1.39383,74.09884,6.357807215184656,2.368450471631957,0.0
12.36713,21.37242,54.29525,3705.89456,-1.40755,74.11206,6.469273255264974,2.409974504409901,0.0
12.38069,21.42119,54.1582,3702.60503,-1.41878,74.12528,6.583479844600902,2.45251946389375,0.0
12.39422,21.46993,54.02031,3699.25348,-1.42743,74.13851,6.7002591767698805,2.496022837775848,0.0
12.40773,21.51863,53.88183,3695.83788,-1.43346,74.15174,6.819423435005778,2.5404146593690555,0.0
12.42121,21.56729,53.74303,3692.35627,-1.43681,74.16498,6.940763971931055,2.5856172020353965,0.0
12.43467,21.61592,53.60417,3688.80681,-1.43742,74.17822,7.0640506200600175,2.6315447223303767,0.0
12.44811,21.6645,53.46552,3685.1878,-1.43526,74.19147,7.1890311588489,2.678103261465122,0.0
12.46153,21.71304,53.32735,3681.49766,-1.43028,74.20473,7.315430964859782,2.7251905149832307,0.0
12.47491,21.76154,53.18993,3677.73495,-1.42246,74.21799,7.442952871904752,2.772695780660792,0.0
12.48828,21.80999,53.05355,3673.89842,-1.41175,74.23125,7.571277267699968,2.82049999451257,0.0
12.50162,21.8584,52.91848,3669.98699,-1.39815,74.24452,7.7000624526233485,2.8684758644386816,0.0
12.51494,21.90677,52.785,3665.99975,-1.38164,74.25779,7.828945284345566,2.9164881103666014,0.0
12.52823,21.95509,52.65339,3661.93603,-1.36223,74.27106,7.9575421295755255,2.9643938188013976,0.0
12.54149,22.00336,52.52393,3657.79536,-1.33991,74.28434,8.085450140635285,3.012042918383476,0.0
12.55473,22.05158,52.39688,3653.57751,-1.3147,74.29762,8.212248870238442,3.0592787814360194,0.0
12.56795,22.09976,52.27253,3649.2825,-1.28664,74.31089,8.337502232528367,3.105938954503322,0.0
12.58113,22.14788,52.15115,3644.91059,-1.25576,74.32417,8.460760812277488,3.151856018588287,0.0
12.59429,22.19596,52.03298,3640.46232,-1.2221,74.33745,8.581564517272271,3.1968585772356195,0.0
12.60743,22.24398,51.9183,3635.9385,-1.18572,74.35073,8.699445561253006,3.24077236775538,0.0
12.62053,22.29195,51.80735,3631.34021,-1.14669,74.36401,8.813931756729461,3.283421487883456,0.0
12.63362,22.33986,51.70037,3626.66881,-1.1051,74.37729,8.924550088632488,3.3246297270608145,0.0
12.64667,22.38772,51.59759,3621.92597,-1.06103,74.39057,9.030830531294216,3.3642219883590534,0.0
12.65969,22.43552,51.49923,3617.11362,-1.01459,74.40385,9.132310063115831,3.4020257840497843,0.0
12.67269,22.48327,51.40551,3612.23398,-0.96588,74.41712,9.22853682553721,3.437872784930247,0.0
12.68566,22.53096,51.31662,3607.28956,-0.91505,74.43039,9.319074366144061,3.471600400992362,0.0
12.6986,22.57859,51.23274,3602.28312,-0.86221,74.44366,9.403505899958098,3.503053368865446,0.0
12.71151,22.62616,51.15405,3597.2177,-0.80752,74.45693,9.48143851863406,3.5320853198528486,0.0
12.7244,22.67367,51.0807,3592.09659,-0.75113,74.47019,9.552507274680345,3.5585603014116014,0.0
12.73725,22.72111,51.01283,3586.9233,-0.69321,74.48345,9.616379066877352,3.582354224572983,0.0
12.75008,22.7685,50.95055,3581.70158,-0.63392,74.49671,9.67275625434213,3.6033562102766896,0.0
12.76288,22.81582,50.89398,3576.43536,-0.57345,74.50996,9.72137992983606,3.6214698087640786,0.0
12.77564,22.86308,50.84319,3571.12876,-0.51198,74.52321,9.762032788173777,3.6366140681359567,0.0
12.78838,22.91027,50.79827,3565.78605,-0.4497,74.53645,9.794541532778927,3.6487244308579254,0.0
12.80109,22.9574,50.75925,3560.41164,-0.38681,74.54969,9.81877877237547,3.657753440327791,0.0
12.81377,23.00447,50.72617,3555.01006,-0.3235,74.56292,9.834664370207097,3.663671243495307,0.0
12.82642,23.05147,50.69903,3549.58589,-0.25998,74.57614,9.842166219792272,3.666465879851326,0.0
12.83904,23.0984,50.67784,3544.14379,-0.19645,74.58936,9.84130043359384,3.6661433517122046,0.0
12.85163,23.14527,50.66257,3538.68845,-0.13311,74.60258,9.83213094375053,3.662727475481774,0.0
12.86419,23.19207,50.65316,3533.22454,-0.07016,74.61579,9.814768526726397,3.6562595183075977,0.0
12.87672,23.2388,50.64956,3527.75673,-0.0078,74.62899,9.789369275931136,3.646797629091855,0.0
12.88922,23.28546,50.65169,3522.28962,0.05378,74.64219,9.756132557816743,3.634416077083558,0.0
12.90169,23.33206,50.65945,3516.82777,0.11439,74.65538,9.715298496981696,3.6192043150136994,0.0
12.91413,23.37859,50.67271,3511.37559,0.17383,74.66857,9.667145044541163,3.6012658869860146,0.0
12.92654,23.42506,50.69136,3505.93742,0.23195,74.68175,9.611984690849216,3.5807172038795096,0.0
12.93892,23.47145,50.71524,3500.51744,0.28855,74.69492,9.55016088864979,3.5576862108780873,0.0
12.95127,23.51778,50.74419,3495.11966,0.34348,74.70809,9.482044255818684,3.532310972892025,0.0
12.96359,23.56405,50.77804,3489.74794,0.39659,74.72126,9.408028627870156,3.5047382040128205,0.0
12.97588,23.61025,50.81659,3484.40595,0.44773,74.73441,9.32852702974027,3.4751217668964975,0.0
12.98814,23.65638,50.85965,3479.09713,0.49677,74.74757,9.243967633767634,3.4436211670050794,0.0
13.00038,23.70244,50.90701,3473.82475,0.54358,74.76071,9.154789766922958,3.410400065194544,0.0
13.01258,23.74844,50.95845,3468.59185,0.58804,74.77386,9.061440024963279,3.3756248301350293,0.0
13.02476,23.79438,51.01373,3463.40123,0.63006,74.78699,8.964368545002925,3.339463149745444,0.0
13.03691,23.84025,51.07262,3458.25547,0.66954,74.80013,8.864025480972913,3.3020827182093515,0.0
13.04903,23.88606,51.13488,3453.15695,0.7064,74.81325,8.760857718967065,3.2636500123549856,0.0
13.06112,23.9318,51.20026,3448.10777,0.74056,74.82638,8.65530586186607,3.2243291683483584,0.0
13.07318,23.97749,51.26849,3443.10985,0.77197,74.8395,8.547801504972744,3.184280966795727,0.0
13.08521,24.02311,51.33934,3438.16487,0.80057,74.85261,8.438764817130986,3.1436619316467516,0.0
13.09722,24.06867,51.41252,3433.27427,0.82633,74.86573,8.328602434780644,3.102623545674523,0.0
13.1092,24.11417,51.48779,3428.43931,0.84922,74.87884,8.217705670169652,3.061311582987442,0.0
13.12116,24.15961,51.56488,3423.66101,0.86921,74.89194,8.106449029215447,3.0198655568935973,0.0
13.13308,24.20499,51.64351,3418.94021,0.8863,74.90505,7.995189029616155,2.978418279616087,0.0
13.14498,24.25031,51.72344,3414.27756,0.90048,74.91815,7.884263305687437,2.937095528821188,0.0
13.15685,24.29558,51.8044,3409.6735,0.91176,74.93125,7.773989983041868,2.8960158146699726,0.0
13.1687,24.34079,51.88613,3405.12834,0.92016,74.94435,7.664667303664625,2.8552902401491385,0.0
13.18052,24.38594,51.96837,3400.64217,0.92569,74.95745,7.556573480065384,2.8150224467387517,0.0
13.19232,24.43104,52.05086,3396.21497,0.92838,74.97054,7.449966756030852,2.7753086370441626,0.0
13.20409,24.47609,52.13337,3391.84655,0.92827,74.98364,7.345085650905922,2.736237665797167,0.0
13.21583,24.52108,52.21563,3387.53659,0.9254,74.99673,7.242149364294865,2.697891190617844,0.0
13.22755,24.56602,52.29742,3383.28463,0.91981,75.00983,7.141358318465237,2.6603438740742855,0.0
13.23925,24.61091,52.37849,3379.0901,0.91157,75.02292,7.042894816546501,2.6236636288788997,0.0
13.25092,24.65574,52.45862,3374.95233,0.90072,75.03602,6.946923795625021,2.5879118984361145,0.0
13.26256,24.70053,52.53758,3370.87053,0.88732,75.04911,6.8535936552336665,2.553143965476549,0.0
13.27419,24.74527,52.61515,3366.84381,0.87144,75.06221,6.763037143101251,2.5194092820219898,0.0
13.28578,24.78996,52.69113,3362.87123,0.85315,75.07531,6.675372281678116,2.486751814540547,0.0
13.29736,24.8346,52.7653,3358.95172,0.83253,75.08841,6.590703320520715,2.4552103987349705,0.0
13.30891,24.87919,52.83748,3355.08417,0.80963,75.10151,6.509121701250076,2.4248190990150675,0.0
13.32044,24.92374,52.90746,3351.26741,0.78455,75.11461,6.430707023461651,2.3956075683245333,0.0
13.33194,24.96824,52.97508,3347.50017,0.75736,75.12771,6.355528001412059,2.367601404531941,0.0
13.34343,25.0127,53.04015,3343.78116,0.72813,75.14082,6.283643402857525,2.3408225001727567,0.0
13.35488,25.05711,53.1025,3340.10903,0.69696,75.15393,6.215102962751044,2.3152893828255774,0.0
13.36632,25.10148,53.16198,3336.48237,0.66393,75.16704,6.149948265776072,2.2910175438791476,0.0
13.37774,25.14581,53.21844,3332.89975,0.62912,75.18016,6.088213592834652,2.268019753871464,0.0
13.38913,25.19009,53.27172,3329.35968,0.59262,75.19327,6.029926727662267,2.246306362975029,0.0
13.4005,25.23433,53.3217,3325.86065,0.55452,75.2064,5.97510972061934,2.2258855855292783,0.0
13.41185,25.27853,53.36824,3322.40111,0.5149,75.21952,5.923779607547318,2.2067637678333916,0.0
13.42318,25.32269,53.41123,3318.97947,0.47385,75.23265,5.875949082222594,2.1889456386530695,0.0
13.43448,25.36681,53.45055,3315.59413,0.43147,75.24578,5.831627121567481,2.172434542128069,0.0
13.44577,25.41088,53.4861,3312.24345,0.38784,75.25892,5.790819563221092,2.1572326529325587,0.0
13.45703,25.45492,53.51778,3308.92577,0.34305,75.27206,5.753529635482723,2.143341173692967,0.0
13.46828,25.49892,53.54551,3305.6394,0.2972,75.2852,5.719758439962111,2.130760514787907,0.0
13.4795,25.54288,53.5692,3302.38264,0.25037,75.29835,5.689505387483121,2.119490456733766,0.0
13.4907,25.5868,53.58878,3299.15376,0.20265,75.3115,5.662768587977385,2.109530295430345,0.0
13.50188,25.63069,53.60419,3295.951,0.15414,75.32466,5.639545195193174,2.100878970573987,0.0
13.51304,25.67453,53.61536,3292.77259,0.10493,75.33782,5.619831707123597,2.0935351775749815,0.0
13.52418,25.71834,53.62226,3289.61674,0.0551,75.35099,5.603624223073779,2.087497463321854,0.0
13.5353,25.76211,53.62484,3286.48163,0.00476,75.36416,5.590918658234648,2.082764306115747,0.0
13.5464,25.80585,53.62307,3283.36543,-0.04602,75.37734,5.581710916622403,2.079334180094923,0.0
13.55747,25.84954,53.61692,3280.26628,-0.09713,75.39052,5.575997023128245,2.077205604426763,0.0
13.56853,25.8932,53.60638,3277.1823,-0.14849,75.4037,5.573773215352682,2.0763771775184616,0.0
13.57957,25.93683,53.59144,3274.11159,-0.2,75.41689,5.575035995770649,2.076847596449907,0.0
13.59059,25.98042,53.5721,3271.05224,-0.25158,75.43009,5.579782144666538,2.0786156617923197,0.0
13.60158,26.02397,53.54836,3268.00231,-0.30313,75.44328,5.588008694162567,2.0816802679331343,0.0
13.61256,26.06749,53.52023,3264.95982,-0.35455,75.45649,5.599712863528518,2.086040378977181,0.0
13.62352,26.11097,53.48775,3261.9228,-0.40577,75.4697,5.614891955863889,2.091694990258063,0.0
13.63446,26.15441,53.45094,3258.88924,-0.45668,75.48291,5.633543216129763,2.0986430754512937,0.0
13.64538,26.19782,53.40984,3255.85711,-0.50719,75.49613,5.6556636504446045,2.1068835192572273,0.0
13.65627,26.24119,53.3645,3252.82437,-0.55721,75.50935,5.681249806456848,2.1164150355840694,0.0
13.66715,26.28453,53.31496,3249.78894,-0.60665,75.52258,5.710297514603521,2.1272360711599045,0.0
13.67801,26.32783,53.2613,3246.74873,-0.65542,75.53581,5.742801590048061,2.1393446944966925,0.0
13.68885,26.37109,53.20357,3243.70163,-0.70342,75.54905,5.778755495098399,2.1527384701321193,0.0
13.69967,26.41432,53.14186,3240.64551,-0.75056,75.56229,5.818150962009938,2.1674143181137864,0.0
13.71047,26.45752,53.07625,3237.57822,-0.79675,75.57553,5.860977576164486,2.1833683587223915,0.0
13.72124,26.50067,53.00683,3234.49759,-0.8419,75.58878,5.907222319814525,2.200595742504467,0.0
13.732,26.54379,52.9337,3231.40146,-0.88591,75.60203,5.956869076774483,2.2190904657568447,0.0
13.74274,26.58687,52.85698,3228.28761,-0.92869,75.61528,6.009898098781581,2.2388451717320312,0.0
13.75346,26.62992,52.77677,3225.15385,-0.97016,75.62854,6.066285434547698,2.259850937945005,0.0
13.76416,26.67293,52.6932,3221.99797,-1.01022,75.64181,6.12600232301819,2.282097050146163,0.0
13.77484,26.7159,52.6064,3218.81774,-1.04878,75.65507,6.189014552808946,2.305570763694768,0.0
13.78549,26.75883,52.5165,3215.61095,-1.08576,75.66834,6.255281790424637,2.3302570533025717,0.0
13.79613,26.80172,52.42365,3212.37537,-1.12105,75.68161,6.32475688049536,2.3561383523535526,0.0
13.80675,26.84458,52.328,3209.10881,-1.15459,75.69488,6.397385122047711,2.3831942832958477,0.0
13.81735,26.88739,52.22971,3205.80905,-1.18627,75.70816,6.4731035256337774,2.4114013809027592,0.0
13.82792,26.93017,52.12895,3202.47391,-1.21602,75.72144,6.551840057071595,2.4407328105461708,0.0
13.83848,26.97291,52.02588,3199.10123,-1.24376,75.73472,6.633512874486363,2.4711580839743306,0.0
13.84901,27.0156,51.92069,3195.68887,-1.2694,75.748,6.7180295664078065,2.5026427754830673,0.0
13.85953,27.05826,51.81356,3192.23474,-1.29287,75.76128,6.805286399719465,2.5351482417571196,0.0
13.87002,27.10087,51.70468,3188.73677,-1.31409,75.77456,6.895167587366917,2.5686313490721724,0.0
13.88049,27.14344,51.59424,3185.19296,-1.33299,75.78785,6.98754458682673,2.6030442119560915,0.0
13.89094,27.18597,51.48245,3181.60136,-1.3495,75.80113,7.082275441405669,2.63833394780554,0.0
13.90137,27.22845,51.36952,3177.96007,-1.36355,75.81441,7.17920417746897,2.674442452337656,0.0
13.91178,27.27089,51.25565,3174.2673,-1.37509,75.8277,7.278160271604381,2.7113062010946343,0.0
13.92217,27.31329,51.14107,3170.52132,-1.38406,75.84098,7.3789582025500655,2.7488560825250827,0.0
13.93253,27.35564,51.02599,3166.72049,-1.3904,75.85426,7.481397103297039,2.7870172683830257,0.0
13.94288,27.39794,50.91063,3162.8633,-1.39407,75.86754,7.5852605292391635,2.8257091273576753,0.0
13.9532,27.4402,50.79522,3158.94832,-1.39504,75.88082,7.690316358321991,2.8648451878762518,0.0
13.96349,27.48241,50.67998,3154.97427,-1.39326,75.8941,7.796316838996711,2.904333155968087,0.0
13.97377,27.52457,50.56516,3150.94,-1.38871,75.90738,7.9029988012582555,2.944074993881875,0.0
13.98403,27.56668,50.45097,3146.84449,-1.38137,75.92065,8.01008404509836,2.9839670647946526,0.0
13.99426,27.60874,50.33765,3142.68691,-1.37123,75.93392,8.117279919335083,3.0239003484410323,0.0
14.00446,27.65075,50.22543,3138.46656,-1.35828,75.94718,8.224280101977925,3.0637607318197357,0.0
14.01465,27.69271,50.11454,3134.18292,-1.34252,75.96044,8.33076559096525,3.1034293782693534,0.0
14.02481,27.73462,50.00521,3129.83568,-1.32398,75.9737,8.43640591131661,3.142783177164349,0.0
14.03495,27.77648,49.89766,3125.42469,-1.30266,75.98695,8.540860541540262,3.1816952752893886,0.0
14.04507,27.81827,49.79213,3120.95001,-1.27861,76.0002,8.643780558397465,3.220035689557318,0.0
14.05516,27.86002,49.68881,3116.41191,-1.25186,76.01344,8.744810495119687,3.257671999243966,0.0
14.06523,27.90171,49.58794,3111.81088,-1.22246,76.02668,8.843590403768038,3.294470114271295,0.0
14.07527,27.94334,49.48972,3107.1476,-1.19047,76.03991,8.939758107832402,3.33029511435985,0.0
14.08529,27.98492,49.39434,3102.42299,-1.15597,76.05313,9.032951626473896,3.3650121521228575,0.0
14.09528,28.02643,49.30201,3097.63818,-1.11903,76.06635,9.12281174711226,3.3984874114227193,0.0
14.10526,28.06789,49.21292,3092.79454,-1.07975,76.07956,9.208984718515982,3.430589110617941,0.0
14.1152,28.10929,49.12723,3087.89364,-1.03822,76.09276,9.291125032320958,3.461188538752024,0.0
14.12512,28.15062,49.04512,3082.93726,-0.99456,76.10596,9.368898257078154,3.49016111131078,0.0
14.13502,28.1919,48.96674,3077.92741,-0.94888,76.11914,9.441983885799067,3.5173874310079447,0.0
14.14489,28.23311,48.89225,3072.86631,-0.90132,76.13232,9.510078155451644,3.542754338121596,0.0
14.15474,28.27426,48.82178,3067.75636,-0.85201,76.14549,9.572896795297764,3.566155934322165,0.0
14.16456,28.31535,48.75544,3062.60016,-0.8011,76.15865,9.63017766034146,3.5874945637012075,0.0
14.17435,28.35637,48.69335,3057.40049,-0.74875,76.1718,9.681683206547358,3.6066817348553872,0.0
14.18412,28.39732,48.63561,3052.16027,-0.6951,76.18493,9.72720276600231,3.6236389684440478,0.0
14.19386,28.43822,48.5823,3046.88262,-0.64034,76.19806,9.766554582722826,3.638298555581053,0.0
14.20358,28.47904,48.53348,3041.57075,-0.58462,76.21118,9.799587573473174,3.650604213785853,0.0
14.21327,28.5198,48.48921,3036.228,-0.52814,76.22429,9.826182782495115,3.6605116289085893,0.0
14.22294,28.56049,48.44953,3030.85784,-0.47106,76.23739,9.846254504482905,3.667988873467831,0.0
14.23258,28.60111,48.41446,3025.46379,-0.41357,76.25048,9.859751056330637,3.6730166941467624,0.0
14.24219,28.64167,48.38401,3020.04945,-0.35587,76.26355,9.866655184759962,3.675588663645239,0.0
14.25178,28.68215,48.35818,3014.61847,-0.29812,76.27662,9.866984104053062,3.6757111947363055,0.0
14.26134,28.72257,48.33695,3009.17453,-0.24053,76.28967,9.86078916515092,3.6734034169966057,0.0
14.27088,28.76292,48.32027,3003.72131,-0.18327,76.30271,9.848155164533269,3.6686969193459675,0.0
14.28039,28.8032,48.3081,2998.26249,-0.12653,76.31575,9.829199307956072,3.661635364012358,0.0
14.28987,28.84341,48.30038,2992.80171,-0.07049,76.32877,9.80406985048809,3.6522739799097157,0.0
14.29933,28.88355,48.29703,2987.34257,-0.01532,76.34177,9.772944439851235,3.6406789454886446,0.0
14.30876,28.92363,48.29795,2981.8886,0.0388,76.35477,9.736028194915939,3.6269266729253844,0.0
14.31816,28.96363,48.30305,2976.44328,0.09171,76.36776,9.693551555085127,3.6111030069607493,0.0
14.32754,29.00356,48.31221,2971.00996,0.14324,76.38073,9.645767939248378,3.59330235279896,0.0
14.3369,29.04343,48.32529,2965.59191,0.19324,76.39369,9.592951254836104,3.573626748164783,0.0
14.34622,29.08322,48.34216,2960.19225,0.24157,76.40664,9.535393298404735,3.5521848949531196,0.0
14.35553,29.12295,48.36268,2954.814,0.28809,76.41958,9.473401089048691,3.5290911658547985,0.0
14.3648,29.16261,48.38668,2949.46002,0.33266,76.43251,9.407294174842189,3.5044646009352807,0.0
14.37405,29.2022,48.414,2944.13302,0.37517,76.44543,9.337401950711662,3.478427908471566,0.0
14.38328,29.24172,48.44446,2938.83557,0.4155,76.45834,9.264061023423679,3.4511064833408565,0.0
14.39248,29.28118,48.47787,2933.57007,0.45355,76.47124,9.187612656250447,3.422627455091228,0.0
14.40165,29.32056,48.51406,2928.33873,0.48923,76.48412,9.108400322128746,3.3931187764289485,0.0
14.4108,29.35988,48.55282,2923.14362,0.52246,76.497,9.026767390217605,3.3627083614003404,0.0
14.41993,29.39914,48.59395,2917.98664,0.55315,76.50986,8.943054966465258,3.3315232809461603,0.0
14.42903,29.43833,48.63726,2912.86949,0.58125,76.52272,8.85759990463568,3.2996890219566444,0.0
14.4381,29.47745,48.68253,2907.79373,0.6067,76.53557,8.77073299996816,3.2673288143621746,0.0
14.44715,29.51651,48.72956,2902.76072,0.62946,76.5484,8.682777373648452,3.2345630293062726,0.0
14.45618,29.5555,48.77813,2897.77168,0.64949,76.56123,8.594047052380327,3.2015086499986363,0.0
14.46518,29.59443,48.82803,2892.82764,0.66676,76.57405,8.504845743902015,3.168278815562785,0.0
14.47416,29.6333,48.87905,2887.9295,0.68127,76.58686,8.415465806053028,3.1349824369863355,0.0
14.48312,29.6721,48.93097,2883.07796,0.69298,76.59966,8.326187404294608,3.101723883275198,0.0
14.49205,29.71085,48.98359,2878.27361,0.70192,76.61246,8.237277850147093,3.0686027350040876,0.0
14.50096,29.74953,49.03668,2873.51687,0.70808,76.62524,8.148991111098832,3.0357136017447,0.0
14.50985,29.78815,49.09005,2868.80803,0.71148,76.63802,8.061567480944921,3.0031459992582206,0.0
14.51871,29.82672,49.14349,2864.14723,0.71214,76.65079,7.975233398368673,2.9709842819121413,0.0
14.52755,29.86522,49.19678,2859.53451,0.71008,76.66356,7.890201400761232,2.9393076254768613,0.0
14.53637,29.90366,49.24973,2854.96975,0.70535,76.67631,7.806670199772223,2.908190055270283,0.0
14.54516,29.94205,49.30215,2850.45273,0.69799,76.68907,7.7248248649416755,2.877700514565539,0.0
14.55394,29.98038,49.35384,2845.98314,0.68804,76.70181,7.64483710176708,2.8479029681782886,0.0
14.56269,30.01865,49.40462,2841.56053,0.67555,76.71455,7.566865610911013,2.8188565362810087,0.0
14.57142,30.05687,49.45429,2837.18437,0.66058,76.72728,7.491056515689744,2.790615653653744,0.0
14.58013,30.09503,49.50269,2832.85404,0.64319,76.74001,7.4175438455645555,2.7632302497973495,0.0
14.58881,30.13314,49.54963,2828.56881,0.62345,76.75273,7.346450064158986,2.7367459456338064,0.0
14.59748,30.1712,49.59497,2824.3279,0.60143,76.76544,7.277886631033839,2.7112042627821915,0.0
14.60612,30.2092,49.63852,2820.13043,0.5772,76.77815,7.211954587357809,2.6866428417363952,0.0
14.61475,30.24714,49.68015,2815.97545,0.55084,76.79086,7.148745156467878,2.6630956655896743,0.0
14.62335,30.28504,49.71969,2811.86194,0.52243,76.80356,7.0883403511855825,2.640593286275939,0.0
14.63193,30.32288,49.75701,2807.78883,0.49204,76.81626,7.030813580644738,2.619163050629045,0.0
14.64049,30.36067,49.79198,2803.75498,0.45977,76.82895,6.976230250196999,2.5988293238634035,0.0
14.64903,30.39841,49.82447,2799.7592,0.42571,76.84164,6.924648348780651,2.5796137083843056,0.0
14.65755,30.43611,49.85435,2795.80022,0.38993,76.85433,6.876119018887629,2.561535256115637,0.0
14.66605,30.47375,49.88151,2791.87677,0.35254,76.86701,6.830687104938414,2.5446106727839553,0.0
14.67453,30.51134,49.90585,2787.98748,0.31363,76.87969,6.788391676575517,2.528854512859079,0.0
14.68299,30.54888,49.92726,2784.13098,0.27329,76.89237,6.749266523894229,2.514279364040577,0.0
14.69144,30.58638,49.94566,2780.30582,0.23161,76.90504,6.713340622194564,2.5008960203900874,0.0
14.69986,30.62383,49.96095,2776.51055,0.1887,76.91771,6.680638564324856,2.4887136433906942,0.0
14.70826,30.66123,49.97307,2772.74366,0.14465,76.93038,6.651180959015698,2.4777399103367896,0.0
14.71664,30.69858,49.98193,2769.0036,0.09956,76.94304,6.6249847940488,2.4679811496240367,0.0
14.72501,30.73588,49.98748,2765.28879,0.05354,76.9557,6.602063763349154,2.459442462599805,0.0
14.73335,30.77314,49.98967,2761.59763,0.00667,76.96836,6.582428557364772,2.4521278317372603,0.0
14.74168,30.81035,49.98843,2757.92849,-0.04093,76.98101,6.566087116322418,2.4460402149797917,0.0
14.74998,30.84752,49.98374,2754.27968,-0.08917,76.99367,6.553044846123656,2.4411816261679715,0.0
14.75827,30.88464,49.97556,2750.64951,-0.13794,77.00632,6.543304796780922,2.4375532015116805,0.0
14.76654,30.92172,49.96387,2747.03627,-0.18714,77.01897,6.536867803456416,2.435155252130815,0.0
14.77479,30.95875,49.94864,2743.4382,-0.23666,77.03161,6.533732590212007,2.433987302704847,0.0
14.78302,30.99573,49.92987,2739.85352,-0.28641,77.04426,6.533895836728801,2.4340481163276273,0.0
14.79123,31.03267,49.90755,2736.28044,-0.33628,77.0569,6.537352208266871,2.435335705668167,0.0
14.79943,31.06957,49.88169,2732.71713,-0.38617,77.06954,6.544094349260556,2.43784733058472,0.0
14.8076,31.10642,49.8523,2729.16177,-0.43597,77.08218,6.554112840963417,2.441579482346418,0.0
14.81576,31.14322,49.8194,2725.61247,-0.48558,77.09481,6.567396123672923,2.446527854659911,0.0
14.8239,31.17998,49.78302,2722.06737,-0.53489,77.10745,6.58393038410693,2.452687301714153,0.0
14.83202,31.2167,49.74318,2718.52455,-0.58381,77.12008,6.603699408611042,2.4600517834962745,0.0
14.84012,31.25337,49.69993,2714.98211,-0.63222,77.1327,6.6266844029877,2.4686142986731796,0.0
14.8482,31.29,49.65333,2711.43812,-0.68003,77.14533,6.652863779845442,2.47836680537355,0.0
14.85627,31.32658,49.60341,2707.89063,-0.72714,77.15795,6.6822129145519895,2.489300130273948,0.0
14.86431,31.36311,49.55025,2704.33768,-0.77343,77.17057,6.71470387101147,2.50140386644362,0.0
14.87234,31.39961,49.49392,2700.77732,-0.81882,77.18319,6.750305098725935,2.5146662604919356,0.0
14.88035,31.43605,49.43449,2697.20756,-0.8632,77.1958,6.78898110283881,2.5290740896508948,0.0
14.88834,31.47246,49.37205,2693.62645,-0.90647,77.20842,6.830692089124833,2.5446125295245383,0.0
14.89631,31.50881,49.30668,2690.03199,-0.94853,77.22102,6.8753935862153,2.5612650133579127,0.0
14.90427,31.54512,49.23849,2686.42222,-0.98928,77.23363,6.923036047696723,2.5790130838083476,0.0
14.91221,31.58139,49.16757,2682.79517,-1.02864,77.24623,6.973564437105418,2.5978362383450255,0.0
14.92012,31.61761,49.09404,2679.14886,-1.0665,77.25883,7.026917799262319,2.617711769559916,0.0
14.92802,31.65378,49.01801,2675.48137,-1.10277,77.27142,7.083028821863777,2.6386146018488184,0.0
14.9359,31.68991,48.93961,2671.79074,-1.13736,77.28401,7.141823391712489,2.6605171260957,0.0
14.94377,31.72599,48.85896,2668.07506,-1.17018,77.2966,7.203220150492065,2.6833890341870394,0.0
14.95161,31.76202,48.77619,2664.33246,-1.20116,77.30918,7.267130055501675,2.7071971553739242,0.0
14.95943,31.798,48.69145,2660.56107,-1.23019,77.32176,7.333455951325014,2.7319052967074673,0.0
14.96724,31.83394,48.60488,2656.75907,-1.25721,77.33433,7.4020921589195945,2.7574740899637575,0.0
14.97503,31.86983,48.51663,2652.92469,-1.28213,77.3469,7.47292408912649,2.783860847666076,0.0
14.9828,31.90567,48.42685,2649.05618,-1.30489,77.35946,7.545827888104522,2.8110194309997896,0.0
14.99055,31.94146,48.3357,2645.15188,-1.32541,77.37202,7.620670122609772,2.8389001325707004,0.0
14.99828,31.9772,48.24335,2641.21016,-1.34362,77.38457,7.697307513458399,2.867449577112926,0.0
15.00599,32.01289,48.14996,2637.22947,-1.35947,77.39712,7.77558672573584,2.8966106433363064,0.0
15.01368,32.04852,48.05571,2633.20834,-1.37289,77.40966,7.855344224588347,2.9263224102049588,0.0
15.02135,32.08411,47.96075,2629.14536,-1.38385,77.42219,7.936406205440358,2.956520130941414,0.0
15.02901,32.11965,47.86528,2625.03923,-1.39228,77.43472,8.018588607430992,2.9871352380320606,0.0
15.03664,32.15513,47.76947,2620.88873,-1.39816,77.44723,8.101697218606649,3.0180953824141583,0.0
15.04426,32.19056,47.67349,2616.69275,-1.40144,77.45975,8.185527881002104,3.0493245098739425,0.0
15.05185,32.22594,47.57753,2612.45029,-1.40211,77.47225,8.269866803080308,3.080742977438667,0.0
15.05943,32.26126,47.48178,2608.16046,-1.40014,77.48474,8.354490986197906,3.112267712246236,0.0
15.06698,32.29653,47.38641,2603.82249,-1.39552,77.49723,8.439168770671392,3.14381241496921,0.0
15.07452,32.33174,47.2916,2599.43574,-1.38824,77.50971,8.52366050575549,3.1752878093993835,0.0
15.08203,32.3669,47.19754,2594.99972,-1.3783,77.52218,8.607719346270892,3.2066019392125744,0.0
15.08953,32.402,47.1044,2590.51407,-1.36573,77.53464,8.691092176976346,3.2376605123215563,0.0
15.09701,32.43704,47.01237,2585.97858,-1.35053,77.54709,8.773520663768046,3.2683672924754803,0.0
15.10446,32.47203,46.92161,2581.39318,-1.33273,77.55953,8.854742428703123,3.29862453698705,0.0
15.11189,32.50695,46.83231,2576.75797,-1.31238,77.57196,8.93449234363511,3.328333478645765,0.0
15.11931,32.54182,46.74462,2572.07321,-1.28951,77.58438,9.012503934825812,3.3573948489728,0.0
15.1267,32.57662,46.65871,2567.3393,-1.26418,77.59679,9.088510888574861,3.3857094391076337,0.0
15.13407,32.61137,46.57475,2562.55683,-1.23646,77.60919,9.162248645443494,3.4131786936983484,0.0
15.14143,32.64605,46.49287,2557.72655,-1.20641,77.62157,9.23345606836137,3.4397053323153153,0.0
15.14876,32.68067,46.41324,2552.84935,-1.17412,77.63394,9.301877167664912,3.4651939920733543,0.0
15.15607,32.71523,46.33599,2547.92631,-1.13968,77.64631,9.367262864169158,3.489551884422401,0.0
15.16335,32.74973,46.26125,2542.95865,-1.10318,77.65866,9.429372769547472,3.5126894583857875,0.0
15.17062,32.78416,46.18915,2537.94777,-1.06474,77.67099,9.487976961962193,3.534521062029376,0.0
15.17787,32.81852,46.11981,2532.8952,-1.02447,77.68332,9.542857733833323,3.5549655935513855,0.0
15.18509,32.85283,46.05333,2527.80264,-0.98248,77.69563,9.593811288009505,3.573947133150711,0.0
15.19229,32.88706,45.98981,2522.67191,-0.93892,77.70792,9.640649358548972,3.5913955468104684,0.0
15.19948,32.92123,45.92934,2517.50498,-0.89392,77.72021,9.683200732679238,3.6072470532680274,0.0
15.20664,32.95533,45.872,2512.30394,-0.84762,77.73248,9.721312651393648,3.621444745774078,0.0
15.21377,32.98937,45.81787,2507.071,-0.80017,77.74473,9.754852067591441,3.6339390607829083,0.0
15.22089,33.02334,45.76699,2501.80847,-0.75172,77.75697,9.783706742544085,3.644688186414958,0.0
15.22798,33.05724,45.71941,2496.51876,-0.70243,77.7692,9.807786163869219,3.6536584044262748,0.0
15.23506,33.09107,45.67518,2491.20437,-0.65247,77.78141,9.827022270902871,3.6608243604287485,0.0
15.24211,33.12483,45.63431,2485.86787,-0.602,77.79361,9.841369976538617,3.666169258288919,0.0
15.24913,33.15852,45.59683,2480.51189,-0.55118,77.80579,9.850807477891195,3.669684975858359,0.0
15.25614,33.19215,45.56273,2475.13911,-0.50018,77.81795,9.855336351745871,3.671372100531069,0.0
15.26313,33.2257,45.532,2469.75223,-0.44918,77.8301,9.854981434328561,3.671239884454682,0.0
15.27009,33.25918,45.50463,2464.35399,-0.39833,77.84224,9.849790488563245,3.669306120575099,0.0
15.27703,33.29259,45.48059,2458.94715,-0.34782,77.85436,9.839833665494684,3.6655969420022774,0.0
15.28395,33.32594,45.45984,2453.53443,-0.2978,77.86646,9.825202769854707,3.6601465484143536,0.0
15.29084,33.35921,45.44232,2448.11858,-0.24844,77.87855,9.806010342770906,3.652996864342488,0.0
15.29772,33.39241,45.42797,2442.70228,-0.19989,77.89063,9.782388577346541,3.644197135195859,0.0
15.30457,33.42554,45.41673,2437.2882,-0.15232,77.90269,9.754488085086845,3.633803467722989,0.0
15.3114,33.4586,45.4085,2431.87896,-0.10587,77.91473,9.722476533011992,3.6218783223004793,0.0
15.31821,33.49158,45.40321,2426.47709,-0.0607,77.92676,9.686537172649757,3.6084899649440647,0.0
15.325,33.5245,45.40076,2421.08508,-0.01693,77.93877,9.646867282972664,3.5937118872617315,0.0
15.33176,33.55735,45.40103,2415.70533,0.02528,77.95076,9.603676549771189,3.577622202727597,0.0
15.33851,33.59013,45.40392,2410.34017,0.06583,77.96274,9.557185403815575,3.5603030276034606,0.0
15.34523,33.62283,45.4093,2404.99179,0.10458,77.97471,9.507623339704134,3.541839854665558,0.0
15.35193,33.65547,45.41704,2399.66234,0.14142,77.98666,9.45522723633565,3.5223209275363474,0.0
15.35861,33.68803,45.42702,2394.35381,0.17625,77.9986,9.400239698716907,3.5018366229641753,0.0
15.36527,33.72053,45.43909,2389.06811,0.20897,78.01052,9.342907439220664,3.480478847799289,0.0
15.3719,33.75296,45.45311,2383.80703,0.2395,78.02242,9.283479714632216,3.458340456752553,0.0
15.37852,33.78532,45.46893,2378.57224,0.26775,78.03432,9.222206833353624,3.4355146962897427,0.0
15.38511,33.81761,45.4864,2373.36528,0.29365,78.04619,9.159338745043248,3.41209467923517,0.0
15.39169,33.84983,45.50537,2368.18757,0.31714,78.05806,9.095123722800949,3.3881728938509905,0.0
15.39824,33.88198,45.52568,2363.04042,0.33817,78.06991,9.029807145913413,3.3638407503778147,0.0
15.40477,33.91407,45.54716,2357.92502,0.35669,78.08174,8.963630388985324,3.3391881672068338,0.0
15.41128,33.94609,45.56966,2352.8424,0.37266,78.09356,8.896829821347994,3.3143031981332127,0.0
15.41778,33.97804,45.59302,2347.79351,0.38606,78.10537,8.829635918669464,3.2892717014074755,0.0
15.42425,34.00992,45.61706,2342.77916,0.39687,78.11716,8.7622724869496,3.2641770506532652,0.0
15.4307,34.04174,45.64164,2337.80004,0.40507,78.12895,8.69495599752376,3.2390998871387047,0.0
15.43713,34.0735,45.66659,2332.85672,0.41065,78.14072,8.62789503027423,3.2141179123580126,0.0
15.44354,34.10519,45.69175,2327.94968,0.41363,78.15247,8.561289821020274,3.189305719422387,0.0
15.44993,34.13682,45.71696,2323.07926,0.41402,78.16422,8.49533190807636,3.1647346613936422,0.0
15.4563,34.16838,45.74206,2318.2457,0.41182,78.17595,8.430203872117357,3.1404727543771545,0.0
15.46266,34.19988,45.76689,2313.44914,0.40707,78.18767,8.366079162827564,3.1165846129440613,0.0
15.46899,34.23131,45.79132,2308.68963,0.3998,78.19937,8.303122005394712,3.0931314152978167,0.0
15.4753,34.26269,45.81517,2303.96709,0.39004,78.21107,8.241487379505882,3.0701708954496194,0.0
15.4816,34.294,45.83832,2299.28137,0.37783,78.22276,8.181321063429738,3.047757359640205,0.0
15.48787,34.32525,45.86061,2294.63222,0.36324,78.23443,8.122759735673007,3.0259417242095545,0.0
15.49413,34.35644,45.88192,2290.01932,0.3463,78.24609,8.065931126767081,3.004771572141407,0.0
15.50037,34.38757,45.90209,2285.44225,0.32709,78.25774,8.01095421394736,2.984291225586426,0.0
15.50659,34.41864,45.92101,2280.9005,0.30566,78.26939,7.957939451711729,2.964541831751308,0.0
15.51279,34.44965,45.93856,2276.39351,0.28208,78.28102,7.906989031550057,2.9455614596548485,0.0
15.51898,34.4806,45.9546,2271.92063,0.25643,78.29264,7.858197164512568,2.927385205392098,0.0
15.52514,34.51149,45.96902,2267.48114,0.22878,78.30425,7.811650380675992,2.9100453036933827,0.0
15.53129,34.54233,45.98172,2263.07428,0.19922,78.31585,7.7674278399902015,2.8935712437228522,0.0
15.53742,34.57311,45.9926,2258.69918,0.16782,78.32744,7.7256016494094615,2.8779898872182184,0.0
15.54353,34.60383,46.00154,2254.35495,0.13468,78.33903,7.6862371816767965,2.8633255872463197,0.0
15.54962,34.63449,46.00846,2250.04062,0.09988,78.3506,7.649393391547188,2.8496003060045787,0.0
15.5557,34.6651,46.01328,2245.75519,0.06351,78.36216,7.615123125680233,2.8368337302641744,0.0
15.56176,34.69565,46.0159,2241.49758,0.02568,78.37372,7.583473422819451,2.825043383194733,0.0
15.5678,34.72615,46.01627,2237.26667,-0.01352,78.38526,7.554485801320053,2.814244731475981,0.0
15.57382,34.75659,46.0143,2233.06131,-0.054,78.3968,7.528196531413129,2.804451286723331,0.0
15.57983,34.78697,46.00993,2228.88028,-0.09564,78.40833,7.504636889990516,2.7956747004019347,0.0
15.58582,34.8173,46.00312,2224.72234,-0.13836,78.41985,7.483833396010283,2.7879248515214283,0.0
15.59179,34.84758,45.9938,2220.5862,-0.18204,78.43136,7.465808024924317,2.7812099265158485,0.0
15.59775,34.8778,45.98194,2216.47054,-0.22657,78.44286,7.450578400853828,2.7755364908340643,0.0
15.60369,34.90797,45.9675,2212.37398,-0.27186,78.45436,7.438157965474961,2.770909551854114,0.0
15.60961,34.93809,45.95044,2208.29513,-0.31779,78.46584,7.428556122837424,2.7673326128319466,0.0
15.61551,34.96815,45.93074,2204.23257,-0.36426,78.47732,7.421778359594182,2.7648077176901547,0.0
15.6214,34.99816,45.90839,2200.18485,-0.41115,78.48879,7.417826340290493,2.7633354865156456,0.0
15.62727,35.02811,45.88338,2196.15046,-0.45836,78.50025,7.416697977629185,2.7629151417352995,0.0
15.63313,35.05801,45.85569,2192.12792,-0.50578,78.51171,7.418387477797051,2.763544525001254,0.0
15.63897,35.08786,45.82533,2188.11567,-0.55329,78.52315,7.42288536108978,2.7652201048742278,0.0
15.64479,35.11766,45.7923,2184.11217,-0.60078,78.53459,7.430178458350245,2.767936975496689,0.0
15.6506,35.1474,45.75663,2180.11585,-0.64815,78.54602,7.44024988382528,2.7716888464812928,0.0
15.65639,35.1771,45.71832,2176.1251,-0.69528,78.55744,7.4530789852861625,2.776468024329446,0.0
15.66216,35.20674,45.67742,2172.13833,-0.74207,78.56886,7.4686412724260824,2.7822653857574844,0.0
15.66792,35.23632,45.63394,2168.1539,-0.78841,78.58026,7.486908324735214,2.789070343377709,0.0
15.67366,35.26586,45.58793,2164.1702,-0.83418,78.59166,7.507847680251971,2.796870804255303,0.0
15.67938,35.29534,45.53943,2160.18557,-0.87928,78.60305,7.531422706796096,2.8056531219392697,0.0
15.68509,35.32477,45.4885,2156.19839,-0.9236,78.61443,7.557592457488066,2.81540204263961,0.0
15.69079,35.35415,45.43518,2152.20699,-0.96704,78.6258,7.586311512589229,2.8261006463086105,0.0
15.69646,35.38347,45.37955,2148.20973,-1.0095,78.63716,7.617529809903427,2.8377302834609877,0.0
15.70212,35.41274,45.32167,2144.20497,-1.05086,78.64852,7.651192466238407,2.850270508663562,0.0
15.70777,35.44196,45.2616,2140.19107,-1.09104,78.65986,7.687239592628942,2.863699011701013,0.0
15.71339,35.47113,45.19944,2136.1664,-1.12993,78.6712,7.725606106301909,2.877991547527923,0.0
15.71901,35.50024,45.13526,2132.12935,-1.16743,78.68253,7.766221542568497,2.893121866193671,0.0
15.7246,35.5293,45.06915,2128.07832,-1.20345,78.69385,7.8090098700927575,2.9090616440251127,0.0
15.73018,35.55831,45.0012,2124.01173,-1.23791,78.70516,7.853889313201149,2.9257804174322053,0.0
15.73574,35.58726,44.93152,2119.92803,-1.27071,78.71646,7.900772185127823,2.943245520787493,0.0
15.74129,35.61616,44.8602,2115.82569,-1.30177,78.72775,7.949564736283654,2.9614220299023253,0.0
15.74682,35.645,44.78735,2111.70322,-1.331,78.73903,8.000167021825035,2.980272712692753,0.0
15.75234,35.67379,44.71309,2107.55918,-1.35833,78.75031,8.052472792923814,2.9997579886747148,0.0
15.75783,35.70253,44.63751,2103.39215,-1.38369,78.76157,8.106369416283517,3.0198358989817113,0.0
15.76332,35.73121,44.56075,2099.20075,-1.407,78.77282,8.161737826472752,3.0404620886077516,0.0
15.76878,35.75983,44.48292,2094.98369,-1.42821,78.78406,8.218452515686712,3.061589802593235,0.0
15.77423,35.7884,44.40414,2090.73971,-1.44725,78.79529,8.276381565461755,3.083169897839471,0.0
15.77966,35.81691,44.32455,2086.46759,-1.46406,78.80651,8.335386724791162,3.1051508722088546,0.0
15.78508,35.84537,44.24426,2082.16623,-1.47861,78.81772,8.395323538837165,3.12747891247348,0.0
15.79048,35.87377,44.16341,2077.83455,-1.49083,78.82892,8.456041532184695,3.15009796258199,0.0
15.79586,35.90211,44.08212,2073.47157,-1.50071,78.8401,8.517384450215703,3.172949813577852,0.0
15.80123,35.93039,44.00054,2069.07638,-1.5082,78.85128,8.579190561680898,3.195974216315302,0.0
15.80658,35.95862,43.91879,2064.64818,-1.51328,78.86244,8.64129302502144,3.2191090179238064,0.0
15.81191,35.98679,43.83701,2060.18622,-1.51594,78.87359,8.703520320324477,3.242290322722867,0.0
15.81723,36.01489,43.75533,2055.68986,-1.51616,78.88473,8.765696748034497,3.265452678005121,0.0
15.82252,36.04294,43.67388,2051.15858,-1.51393,78.89585,8.827642994733907,3.2885292848044965,0.0
15.82781,36.07093,43.5928,2046.59192,-1.50928,78.90697,8.889176765353607,3.3114522334112806,0.0
15.83307,36.09886,43.51221,2041.98956,-1.50219,78.91806,8.950113480217095,3.334152763039394,0.0
15.83832,36.12673,43.43225,2037.35126,-1.4927,78.92915,9.010267034260732,3.3565615446559107,0.0
15.84355,36.15454,43.35304,2032.67692,-1.48083,78.94022,9.069450614688446,3.378608985578955,0.0
15.84877,36.18228,43.2747,2027.96652,-1.46662,78.95128,9.127477572225034,3.400225554042475,0.0
15.85396,36.20996,43.19736,2023.22018,-1.45011,78.96232,9.184162340022365,3.4213421215129842,0.0
15.85914,36.23758,43.12114,2018.43811,-1.43134,78.97335,9.239321393195658,3.441890320142071,0.0
15.86431,36.26514,43.04614,2013.62067,-1.41039,78.98437,9.29277424093792,3.461802912355132,0.0
15.86945,36.29263,42.97249,2008.76829,-1.38731,78.99537,9.344344442227158,3.4810141692290335,0.0
15.87458,36.32006,42.90028,2003.88156,-1.36219,79.00635,9.393860635260022,3.4994602539832256,0.0
15.87969,36.34742,42.82961,1998.96116,-1.33509,79.01732,9.441157570062613,3.5170796066544403,0.0
15.88478,36.37472,42.76058,1994.00788,-1.30612,79.02827,9.486077133153186,3.533813325810516,0.0
15.88986,36.40195,42.69328,1989.02263,-1.27537,79.03921,9.528469352716206,3.5496055430041675,0.0
15.89492,36.42912,42.6278,1984.00643,-1.24294,79.05013,9.56819337257802,3.5644037856045614,0.0
15.89996,36.45622,42.5642,1978.96038,-1.20894,79.06104,9.605118383257928,3.57815932363833,0.0
15.90498,36.48325,42.50256,1973.88571,-1.17349,79.07193,9.639124498600482,3.5908274963581754,0.0
15.90998,36.51022,42.44294,1968.78372,-1.13672,79.0828,9.670103566926471,3.602368014417951,0.0
15.91497,36.53711,42.38541,1963.65582,-1.09874,79.09366,9.697959906280472,3.6127452337717156,0.0
15.91994,36.56394,42.33,1958.50347,-1.05969,79.10449,9.722610954231664,3.6219283977416428,0.0
15.92489,36.59071,42.27676,1953.32824,-1.01971,79.11532,9.743987823746465,3.6298918440951944,0.0
15.92982,36.6174,42.22572,1948.13174,-0.97894,79.12612,9.76203575782485,3.6366151744091173,0.0
15.93474,36.64402,42.17691,1942.91569,-0.93752,79.13691,9.776714477048019,3.642083383540095,0.0
15.93963,36.67058,42.13036,1937.6818,-0.8956,79.14768,9.787998415615688,3.6462869475548443,0.0
15.94451,36.69706,42.08606,1932.43188,-0.85332,79.15843,9.795876843078414,3.6492218690786116,0.0
15.94938,36.72348,42.04402,1927.16776,-0.81083,79.16916,9.800353870566871,3.6508896796157453,0.0
15.95422,36.74982,42.00424,1921.89129,-0.76828,79.17988,9.801448342022303,3.6512973990301703,0.0
15.95905,36.77609,41.9667,1916.60437,-0.72583,79.19058,9.799193612506018,3.6504574529598517,0.0
15.96385,36.8023,41.93139,1911.30889,-0.68362,79.20126,9.793637217290717,3.6483875495445948,0.0
15.96864,36.82843,41.89828,1906.00676,-0.6418,79.21192,9.784840436889414,3.645110517387886,0.0
15.97341,36.85449,41.86733,1900.69989,-0.60051,79.22256,9.7728777645274,3.6406541071761835,0.0
15.97817,36.88048,41.8385,1895.39018,-0.55991,79.23319,9.757836283818985,3.6350507598471222,0.0
15.98291,36.90641,41.81175,1890.07952,-0.52012,79.2438,9.739814965400733,3.6283373445668983,0.0
15.98762,36.93225,41.78701,1884.76975,-0.48129,79.25439,9.718923892158825,3.6205548701070684,0.0
15.99232,36.95803,41.76423,1879.46272,-0.44354,79.26496,9.695283423331233,3.6117481734506205,0.0
15.99701,36.98374,41.74334,1874.16021,-0.40702,79.27551,9.669023308207759,3.6019655896219134,0.0
16.00167,37.00938,41.72427,1868.86397,-0.37183,79.28605,9.640281760416128,3.591258606833895,0.0
16.00632,37.03494,41.70693,1863.57571,-0.3381,79.29657,9.609204503790869,3.579681511049152,0.0
16.01095,37.06044,41.69125,1858.29707,-0.30595,79.30707,9.57594380072169,3.567291024014115,0.0
16.01556,37.08586,41.67713,1853.02964,-0.27546,79.31755,9.540657473508611,3.5541459386880967,0.0
16.02016,37.11122,41.66449,1847.77494,-0.24675,79.32802,9.503507928799811,3.54030675582072,0.0
16.02473,37.1365,41.65322,1842.53444,-0.21991,79.33846,9.46466119455903,3.5258353251969363,0.0
16.02929,37.16172,41.64324,1837.30951,-0.19502,79.34889,9.42428597825489,3.510794494787767,0.0
16.03384,37.18686,41.63443,1832.10147,-0.17215,79.35931,9.382552754178375,3.4952477707520533,0.0
16.03836,37.21193,41.62669,1826.91155,-0.15139,79.3697,9.339632886821306,3.4792589908718696,0.0
16.04287,37.23694,41.61991,1821.74091,-0.13279,79.38008,9.29569779637392,3.4628920136784163,0.0
16.04736,37.26187,41.61399,1816.59063,-0.1164,79.39044,9.250918171376568,3.4462104251440575,0.0
16.05183,37.28674,41.6088,1811.46169,-0.10228,79.40079,9.205463232592743,3.429277264455664,0.0
16.05629,37.31154,41.60425,1806.35501,-0.09046,79.41111,9.15950005123617,3.4121547700362544,0.0
16.06073,37.33626,41.60021,1801.27141,-0.08097,79.42142,9.113192923694744,3.3949041466132184,0.0
16.06515,37.36092,41.59657,1796.21164,-0.07385,79.43172,9.06670280407057,3.3775853538245477,0.0
16.06956,37.38552,41.59322,1791.17636,-0.06911,79.442,9.020186795001607,3.3602569165365,0.0
16.07395,37.41004,41.59005,1786.16614,-0.06675,79.45226,8.973797696452358,3.342975756756264,0.0
16.07833,37.4345,41.58694,1781.18147,-0.06679,79.46251,8.927683611505367,3.325797046778911,0.0
16.08268,37.45889,41.58379,1776.22278,-0.06921,79.47274,8.881987607558372,3.3087740829744297,0.0
16.08702,37.48322,41.58047,1771.29039,-0.074,79.48295,8.836847430812977,3.2919581794272386,0.0
16.09135,37.50748,41.57689,1766.38455,-0.08115,79.49315,8.792395271487543,3.2753985804718107,0.0
16.09566,37.53167,41.57293,1761.50544,-0.09063,79.50333,8.748757576823705,3.2591423910326824,0.0
16.09995,37.5558,41.56849,1756.65315,-0.10241,79.5135,8.706054908666443,3.2432345235692823,0.0
16.10423,37.57986,41.56348,1751.82772,-0.11645,79.52366,8.66440184217936,3.2277176603447044,0.0
16.10849,37.60386,41.55778,1747.02909,-0.13271,79.5338,8.623906902111463,3.2126322296834147,0.0
16.11274,37.62779,41.55131,1742.25714,-0.15114,79.54392,8.58467253293436,3.198016394846561,0.0
16.11697,37.65166,41.54396,1737.51169,-0.17169,79.55403,8.546795099157515,3.183906054149424,0.0
16.12118,37.67547,41.53566,1732.79248,-0.19429,79.56413,8.510364912123789,3.1703348509434512,0.0
16.12538,37.69921,41.52631,1728.09919,-0.21889,79.57421,8.475466279690474,3.157334192123759,0.0
16.12956,37.72289,41.51582,1723.43144,-0.24541,79.58428,8.442177575258224,3.1449332738442184,0.0
16.13373,37.74651,41.50413,1718.7888,-0.27378,79.59433,8.410571322779246,3.1331591131852465,0.0
16.13788,37.77006,41.49116,1714.17075,-0.30392,79.60437,8.380714294535762,3.122036584578855,0.0
16.14202,37.79355,41.47683,1709.57676,-0.33575,79.6144,8.352667618627333,3.11158845985051,0.0
16.14614,37.81699,41.46109,1705.0062,-0.36918,79.62442,8.326486893361192,3.1018354508325325,0.0
16.15025,37.84035,41.44386,1700.45841,-0.40414,79.63442,8.302222305899425,3.0927962535633045,0.0
16.15435,37.86366,41.42509,1695.93269,-0.44052,79.6444,8.279918752771758,3.0844875931814464,0.0
16.15842,37.88691,41.40472,1691.42829,-0.47823,79.65438,8.259615960068892,3.076924268701002,0.0
16.16249,37.9101,41.38272,1686.94438,-0.51718,79.66434,8.241348601376917,3.0701191969451074,0.0
16.16654,37.93323,41.35903,1682.48015,-0.55726,79.67429,8.225146411709732,3.064083454988814,0.0
16.17057,37.95629,41.33361,1678.03468,-0.59837,79.68422,8.211034295982738,3.0588263205683974,0.0
16.17459,37.9793,41.30644,1673.60707,-0.64041,79.69414,8.199032430726865,3.0543553099725047,0.0
16.1786,38.00225,41.27749,1669.19635,-0.68328,79.70405,8.189156358004034,3.0506762130281375,0.0
16.18259,38.02514,41.24672,1664.80153,-0.72686,79.71395,8.181417070709506,3.047793124878021,0.0
16.18656,38.04797,41.21412,1660.42157,-0.77105,79.72384,8.175821088621488,3.0457084743110845,0.0
16.19053,38.07074,41.17968,1656.05542,-0.81575,79.73371,8.17237052478005,3.04442304849035,0.0
16.19448,38.09345,41.14339,1651.702,-0.86083,79.74357,8.171063142007048,3.0439360140080955,0.0
16.19841,38.1161,41.10524,1647.36019,-0.90619,79.75342,8.171892399510531,3.044244934247221,0.0
16.20233,38.13869,41.06523,1643.02885,-0.95171,79.76325,8.174847489777372,3.045345783124724,0.0
16.20624,38.16123,41.02337,1638.70685,-0.9973,79.77308,8.179913366070478,3.0472329553351334,0.0
16.21013,38.18371,40.97967,1634.39299,-1.04283,79.78289,8.187070761093501,3.0498992733036068,0.0
16.21401,38.20613,40.93414,1630.0861,-1.0882,79.79269,8.19629619749458,3.053335991098849,0.0
16.21787,38.22849,40.8868,1625.78496,-1.13329,79.80247,8.207561991101722,3.0575327956383793,0.0
16.22172,38.25079,40.83768,1621.48837,-1.178,79.81224,8.220836247906991,3.062477805565059,0.0
16.22556,38.27303,40.78681,1617.19509,-1.22221,79.82201,8.236082855979083,3.0681575682343145,0.0
16.22938,38.29522,40.73421,1612.90391,-1.26583,79.83176,8.253261473662326,3.074557055317957,0.0
16.23319,38.31735,40.67993,1608.61359,-1.30874,79.84149,8.272327515505046,3.0816596575621222,0.0
16.23698,38.33942,40.624,1604.32289,-1.35085,79.85122,8.293232137543539,3.0894471793051705,0.0
16.24077,38.36143,40.56648,1600.03058,-1.39204,79.86093,8.315922223673773,3.0978998334007795,0.0
16.24453,38.38339,40.50741,1595.73545,-1.43223,79.87063,8.340340374929692,3.1069962372238367,0.0
16.24829,38.40528,40.44684,1591.43627,-1.47131,79.88031,8.36642490364379,3.1167134104950938,0.0
16.25203,38.42712,40.38484,1587.13183,-1.50919,79.88999,8.394109834473824,3.1270267756636514,0.0
16.25575,38.4489,40.32146,1582.82096,-1.54578,79.89965,8.423324914420323,3.13791016163874,0.0
16.25947,38.47062,40.25677,1578.50247,-1.58099,79.90929,8.453995633960874,3.149335811662794,0.0
16.26317,38.49229,40.19083,1574.17521,-1.61474,79.91893,8.486043261460862,3.1612743961303678,0.0
16.26685,38.51389,40.12372,1569.83806,-1.64695,79.92855,8.519384893040831,3.173695031165031,0.0
16.27052,38.53544,40.0555,1565.48991,-1.67753,79.93816,8.553933520053842,3.186565303756464,0.0
16.27418,38.55692,39.98626,1561.1297,-1.70642,79.94775,8.589598116248569,3.199851304231001,0.0
16.27783,38.57835,39.91607,1556.75639,-1.73356,79.95734,8.62628374665259,3.2135176668135284,0.0
16.28146,38.59972,39.845,1552.36899,-1.75887,79.9669,8.66389170005983,3.2275276189825335,0.0
16.28507,38.62103,39.77315,1547.96653,-1.7823,79.97646,8.702319646880145,3.2418430402732334,0.0
16.28868,38.64228,39.7006,1543.5481,-1.8038,79.986,8.741461823911145,3.256424531109941,0.0
16.29227,38.66347,39.62742,1539.11285,-1.82331,79.99552,8.781209247384233,3.2712314921713204,0.0
16.29584,38.6846,39.55371,1534.65995,-1.84081,80.00503,8.821449955361151,3.286222214689472,0.0
16.2994,38.70567,39.47956,1530.18864,-1.85625,80.01453,8.862069280282428,3.3013539819814093,0.0
16.30295,38.72668,39.40504,1525.69823,-1.86961,80.02402,8.902950152136139,3.316583182387391,0.0
16.30649,38.74763,39.33026,1521.18806,-1.88086,80.03348,8.943973432342817,3.3318654336518425,0.0
16.31001,38.76851,39.25529,1516.65755,-1.88999,80.04294,8.985018278086434,3.3471557186462277,0.0
16.31352,38.78934,39.18023,1512.10618,-1.89699,80.05238,9.025962536384952,3.3624085321706985,0.0
16.31701,38.8101,39.10516,1507.53351,-1.90185,80.0618,9.066683166775158,3.3775780384153187,0.0
16.32049,38.8308,39.03016,1502.93916,-1.90458,80.07121,9.107056691035105,3.392618238493505,0.0
16.32395,38.85144,38.95533,1498.3228,-1.90519,80.0806,9.146959667902498,3.4074831472871185,0.0
16.32741,38.87202,38.88075,1493.6842,-1.9037,80.08997,9.186269190301314,3.42212697867646,0.0
16.33084,38.89254,38.8065,1489.02321,-1.90014,80.09934,9.224863402146392,3.43650433806358,0.0
16.33427,38.91299,38.73266,1484.33972,-1.89453,80.10868,9.262622031324232,3.450570420921652,0.0
16.33768,38.93338,38.65931,1479.63373,-1.88693,80.11801,9.299426935122755,3.4642812159819028,0.0
16.34107,38.9537,38.58653,1474.90529,-1.87736,80.12732,9.335162653917909,3.4775937114964477,0.0
16.34446,38.97396,38.51438,1470.15455,-1.8659,80.13662,9.369716968673142,3.4904661029215114,0.0
16.34782,38.99416,38.44294,1465.38172,-1.8526,80.14589,9.402981457463568,3.502858000237321,0.0
16.35118,39.01429,38.37228,1460.5871,-1.83752,80.15516,9.434852046111068,3.5147306330741706,0.0
16.35452,39.03436,38.30246,1455.77105,-1.82074,80.1644,9.465229547771107,3.526047051722707,0.0
16.35784,39.05436,38.23354,1450.934,-1.80234,80.17363,9.494020186287079,3.536772322097198,0.0
16.36116,39.0743,38.16558,1446.07647,-1.78241,80.18284,9.52113609815428,3.5468737127303096,0.0
16.36445,39.09417,38.09862,1441.19904,-1.76104,80.19203,9.546495807937555,3.556320871878703,0.0
16.36774,39.11397,38.03272,1436.30236,-1.73833,80.20121,9.570024672241667,3.565085992913663,0.0
16.37101,39.13371,37.96792,1431.38714,-1.71438,80.21036,9.591655287499744,3.573143966233038,0.0
16.37426,39.15338,37.90427,1426.45416,-1.68929,80.2195,9.611327857238662,3.580472516077246,0.0
16.3775,39.17299,37.84178,1421.50425,-1.66318,80.22862,9.628990514806432,3.58705232075373,0.0
16.38073,39.19253,37.7805,1416.5383,-1.63617,80.23773,9.644599598078784,3.592867114972381,0.0
16.38394,39.212,37.72045,1411.55725,-1.60837,80.24681,9.658119873152613,3.5979037731772285,0.0
16.38714,39.2314,37.66165,1406.56211,-1.5799,80.25588,9.669524704603948,3.6021523729720264,0.0
16.39032,39.25074,37.60412,1401.55389,-1.5509,80.26493,9.678796170552904,3.6056062379849636,0.0
16.39349,39.27001,37.54785,1396.53367,-1.52148,80.27395,9.685925121381954,3.6082619597427708,0.0
16.39665,39.28921,37.49288,1391.50257,-1.49178,80.28297,9.690911181632327,3.6101193983771744,0.0
16.39979,39.30834,37.43918,1386.46172,-1.46193,80.29196,9.69376269530084,3.611181662246536,0.0
16.40292,39.32741,37.38676,1381.41228,-1.43205,80.30093,9.694496615388058,3.611455066789624,0.0
16.40603,39.3464,37.3356,1376.35545,-1.40228,80.30989,9.69313833920672,3.6109490731736784,0.0
16.40913,39.36533,37.2857,1371.29242,-1.37274,80.31882,9.689721491581814,3.609676207530729,0.0
16.41222,39.38419,37.23704,1366.22442,-1.34357,80.32774,9.684287658629616,3.607651961783286,0.0
16.41529,39.40298,37.18959,1361.15266,-1.3149,80.33664,9.676886075296398,3.6048946772442836,0.0
16.41834,39.4217,37.14333,1356.07836,-1.28684,80.34552,9.667573270374998,3.6014254123764173,0.0
16.42138,39.44036,37.09822,1351.00276,-1.25952,80.35438,9.656412672992367,3.5972677961983974,0.0
16.42441,39.45894,37.05423,1345.92707,-1.23306,80.36322,9.64347418496381,3.5924478689756514,0.0
16.42743,39.47745,37.01131,1340.85249,-1.20758,80.37204,9.628833723636864,3.5869939119176433,0.0
16.43043,39.4959,36.96944,1335.78021,-1.18319,80.38085,9.61257273996758,3.580936267648605,0.0
16.43341,39.51428,36.92855,1330.71141,-1.16001,80.38963,9.594777716716623,3.574307153272382,0.0
16.43639,39.53259,36.8886,1325.64724,-1.13812,80.3984,9.575539651645636,3.5671404678494825,0.0
16.43934,39.55083,36.84954,1320.58882,-1.11764,80.40715,9.554953530515064,3.559471596074898,0.0
16.44229,39.569,36.81131,1315.53724,-1.09866,80.41587,9.533117794607515,3.5513372099165466,0.0
16.44522,39.5871,36.77385,1310.49357,-1.08126,80.42458,9.51013380728474,3.542775069893711,0.0
16.44813,39.60513,36.7371,1305.45883,-1.06554,80.43328,9.486105323845559,3.533823827585166,0.0
16.45104,39.6231,36.701,1300.43402,-1.05156,80.44195,9.461137968714484,3.5245228308681904,0.0
16.45393,39.64099,36.66548,1295.42007,-1.0394,80.45061,9.435338723606044,3.5149119332463044,0.0
16.4568,39.65882,36.63048,1290.4179,-1.02912,80.45924,9.408815430006303,3.5050313085105462,0.0
16.45966,39.67658,36.59592,1285.42836,-1.02078,80.46786,9.38167630893436,3.4949212718379954,0.0
16.46251,39.69428,36.56175,1280.45227,-1.01443,80.47646,9.35402950052446,3.4846221082739977,0.0
16.46534,39.7119,36.52789,1275.4904,-1.01012,80.48504,9.325982625622364,3.474173909415276,0.0
16.46817,39.72946,36.49427,1270.54345,-1.00788,80.49361,9.297642371147765,3.4636164189465144,0.0
16.47097,39.74695,36.46082,1265.6121,-1.00775,80.50216,9.269114100643831,3.452988887559827,0.0
16.47377,39.76437,36.42747,1260.69695,-1.00974,80.51069,9.24050149098385,3.442329937618414,0.0
16.47655,39.78173,36.39415,1255.79858,-1.01388,80.5192,9.211906195920019,3.431677437819642,0.0
16.47931,39.79902,36.36079,1250.91748,-1.02018,80.52769,9.18342753677039,3.421068387967786,0.0
16.48207,39.81624,36.32731,1246.05412,-1.02864,80.53617,9.155162220268545,3.4105388138656125,0.0
16.48481,39.8334,36.29366,1241.20891,-1.03926,80.54463,9.127204083259786,3.400123672206992,0.0
16.48754,39.85049,36.25975,1236.38218,-1.05203,80.55307,9.099643863738281,3.389856765282213,0.0
16.49025,39.86752,36.22553,1231.57424,-1.06692,80.5615,9.072568997445527,3.3797706652055557,0.0
16.49296,39.88448,36.19093,1226.78533,-1.08393,80.56991,9.046063439071881,3.3698966473081597,0.0
16.49564,39.90137,36.15589,1222.01564,-1.10303,80.5783,9.020207506949095,3.3602646322819036,0.0
16.49832,39.9182,36.12034,1217.26532,-1.12417,80.58668,8.995077749970376,3.3509031366036313,0.0
16.50098,39.93496,36.08422,1212.53446,-1.14731,80.59504,8.970746835384139,3.341839230735366,0.0
16.50364,39.95166,36.04749,1207.82309,-1.17243,80.60338,8.947283456034565,3.333098504568984,0.0
16.50627,39.9683,36.01007,1203.1312,-1.19945,80.61171,8.924752255559195,3.324705039560345,0.0
16.5089,39.98487,35.97191,1198.45873,-1.22833,80.62002,8.903213770040738,3.3166813869930585,0.0
16.51151,40.00138,35.93298,1193.80559,-1.259,80.62832,8.882724384608455,3.3090485518113564,0.0
16.51411,40.01782,35.89321,1189.17161,-1.2914,80.6366,8.863336303506808,3.301825981469877,0.0
16.5167,40.0342,35.85256,1184.55659,-1.32547,80.64486,8.845097532170346,3.2950315592560897,0.0
16.51928,40.05052,35.81099,1179.9603,-1.36111,80.65311,8.828051869918204,3.2886816015688005,0.0
16.52184,40.06677,35.76846,1175.38245,-1.39827,80.66134,8.812238911950528,3.2827908586618766,0.0
16.52439,40.08297,35.72493,1170.82271,-1.43684,80.66956,8.797694059378648,3.277372518380748,0.0
16.52693,40.0991,35.68038,1166.28072,-1.47676,80.67776,8.784448536166115,3.2724382124733893,0.0
16.52946,40.11516,35.63475,1161.75607,-1.51792,80.68595,8.772529411899104,3.2679980250728935,0.0
16.53198,40.13117,35.58804,1157.24832,-1.56024,80.69412,8.761959629466038,3.264060503008862,0.0
16.53448,40.14711,35.54022,1152.757,-1.60363,80.70228,8.752758036784499,3.260632667626515,0.0
16.53697,40.163,35.49126,1148.28159,-1.64798,80.71042,8.744939421887524,3.2577200278572533,0.0
16.53945,40.17882,35.44114,1143.82155,-1.6932,80.71855,8.738514550736747,3.2553265943050538,0.0
16.54192,40.19458,35.38986,1139.37631,-1.73919,80.72667,8.733490207317704,3.253454894183029,0.0
16.54438,40.21028,35.3374,1134.94526,-1.78585,80.73476,8.729869235612803,3.2521059869494535,0.0
16.54682,40.22591,35.28375,1130.52779,-1.83306,80.74285,8.727650583242168,3.2512794805651346,0.0
16.54925,40.24149,35.22891,1126.12323,-1.88074,80.75092,8.72682934663116,3.2509735483194993,0.0
16.55167,40.25701,35.17288,1121.73091,-1.92877,80.75897,8.727396817671043,3.251184946212917,0.0
16.55408,40.27247,35.11565,1117.35014,-1.97705,80.76701,8.729340531989434,3.251909030938719,0.0
16.55648,40.28786,35.05723,1112.9802,-2.02546,80.77504,8.732644318994142,3.253139778525841,0.0
16.55887,40.3032,34.99764,1108.62036,-2.07392,80.78305,8.737288354012593,3.254869803762129,0.0
16.56124,40.31847,34.93688,1104.26987,-2.12231,80.79105,8.743249212870271,3.2570903805262508,0.0
16.56361,40.33369,34.87496,1099.92798,-2.17054,80.79903,8.750499929394183,3.2597914632092406,0.0
16.56596,40.34885,34.81191,1095.59392,-2.21848,80.807,8.759010056364904,3.2629617094207513,0.0
16.5683,40.36395,34.74774,1091.2669,-2.26606,80.81495,8.768745730517637,3.266588504203648,0.0
16.57063,40.37898,34.68247,1086.94616,-2.31316,80.82289,8.779669742247153,3.2706579860009395,0.0
16.57295,40.39396,34.61614,1082.6309,-2.3597,80.83082,8.791741610714263,3.2751550746349145,0.0
16.57525,40.40888,34.54876,1078.32034,-2.40556,80.83873,8.804917665084398,3.280063501570645,0.0
16.57755,40.42374,34.48037,1074.01369,-2.45068,80.84663,8.819151132642576,3.2853658427411365,0.0
16.57983,40.43854,34.411,1069.71017,-2.49494,80.85451,8.83439223455458,3.2910435542208836,0.0
16.58211,40.45328,34.34068,1065.40901,-2.53827,80.86237,8.8505882900045,3.2970770110198457,0.0
16.58437,40.46797,34.26946,1061.10945,-2.58059,80.87023,8.867683829466433,3.30344554928013,0.0
16.58662,40.48259,34.19737,1056.81072,-2.62181,80.87807,8.885620717775568,3.3101275121232185,0.0
16.58886,40.49715,34.12445,1052.51209,-2.66186,80.88589,8.90433828767864,3.3171002994010164,0.0
16.59109,40.51166,34.05074,1048.21284,-2.70067,80.8937,8.923773484408617,3.3243404215537353,0.0
16.59331,40.5261,33.97629,1043.91225,-2.73817,80.90149,8.943861021824546,3.3318235577760875,0.0
16.59552,40.54049,33.90115,1039.60964,-2.77431,80.90927,8.964533550501432,3.3395246186351937,0.0
16.59771,40.55482,33.82535,1035.30435,-2.80902,80.91704,8.985721838067853,3.347417813251083,0.0
16.5999,40.56908,33.74895,1030.99575,-2.84226,80.92479,9.007354961997951,3.3554767211167933,0.0
16.60207,40.58329,33.672,1026.68321,-2.87397,80.93252,9.029360514877233,3.3636743685652677,0.0
16.60423,40.59744,33.59454,1022.36618,-2.90412,80.94024,9.051664822048,3.37198330984802,0.0
16.60639,40.61153,33.51662,1018.04408,-2.93268,80.94795,9.074193171393263,3.380375712735676,0.0
16.60853,40.62556,33.4383,1013.71643,-2.95961,80.95564,9.09687005481816,3.3888234484761632,0.0
16.61066,40.63953,33.35962,1009.38273,-2.98489,80.96331,9.119619420858383,3.3972981858979923,0.0
16.61278,40.65344,33.28063,1005.04254,-3.00851,80.97097,9.142364937635376,3.405771489367986,0.0
16.61488,40.66729,33.20139,1000.69548,-3.03046,80.97861,9.165030265228921,3.4142149202572414,0.0
16.61698,40.68109,33.12193,996.34117,-3.05073,80.98624,9.187539336347585,3.42260014149825,0.0
