0.05103,0.05103,51.92976,5391.38846,-0.46646,45.0001,6.709156979962997,2.4993375035805765,0.0
0.10202,0.10202,51.86636,5387.73868,-0.43215,45.00026,6.760093337210093,2.5183126368713387,0.0
0.15298,0.15298,51.80788,5384.05291,-0.39715,45.00046,6.806598037548513,2.535636861359708,0.0
0.2039,0.2039,51.75442,5380.3335,-0.36153,45.00072,6.848497051768607,2.5512453465861067,0.0
0.25479,0.25479,51.70606,5376.58292,-0.32536,45.00103,6.885634242107361,2.565079927125578,0.0
0.30564,0.30565,51.66285,5372.80374,-0.28872,45.00138,6.9178727544068295,2.57708962120344,0.0
0.35646,0.35647,51.62485,5368.99862,-0.25169,45.00179,6.945096248469998,2.5872310890352077,0.0
0.40724,0.40726,51.59211,5365.17031,-0.21435,45.00225,6.967209947096856,2.5954690236201414,0.0
0.45799,0.45801,51.56465,5361.32161,-0.17677,45.00276,6.984141487003018,2.601776467730814,0.0
0.5087,0.50873,51.54249,5357.45538,-0.13905,45.00332,6.9958415580168065,2.606135052030846,0.0
0.55937,0.55941,51.52564,5353.57453,-0.10127,45.00392,7.00228432042579,2.6085351505474734,0.0
0.61,0.61005,51.5141,5349.682,-0.06351,45.00458,7.003467594135044,2.608975951137976,0.0
0.6606,0.66066,51.50784,5345.78073,-0.02586,45.00529,6.999412817199498,2.6074654400418824,0.0
0.71116,0.71123,51.50684,5341.87367,0.0116,45.00604,6.990164775202185,2.604020301067254,0.0
0.76168,0.76177,51.51107,5337.96378,0.04879,45.00685,6.9757911069658265,2.5986657314552377,0.0
0.81217,0.81227,51.52046,5334.05396,0.08562,45.00771,6.9563815956958805,2.5914351778122056,0.0
0.86261,0.86274,51.53496,5330.14711,0.12201,45.00861,6.932047258263898,2.5823699968438403,0.0
0.91302,0.91317,51.55449,5326.24606,0.15789,45.00956,6.902919248426219,2.5715190467752405,0.0
0.96339,0.96356,51.57896,5322.35359,0.19318,45.01057,6.869147592529809,2.5589382163680825,0.0
1.01372,1.01392,51.60829,5318.4724,0.22781,45.01162,6.830899778579351,2.5446898993109843,0.0
1.06402,1.06425,51.64236,5314.60513,0.26169,45.01272,6.788359221207015,2.5288424223803605,0.0
1.11427,1.11453,51.68107,5310.75431,0.29477,45.01387,6.741723626409172,2.5114694362618155,0.0
1.16449,1.16479,51.72429,5306.92239,0.32698,45.01507,6.691203280530491,2.4926492781517062,0.0
1.21467,1.21501,51.77188,5303.1117,0.35826,45.01632,6.6370192881412455,2.47246431532007,0.0
1.26482,1.26519,51.82372,5299.32447,0.38855,45.01762,6.5794017831217495,2.45100027869251,0.0
1.31492,1.31534,51.87965,5295.56282,0.4178,45.01897,6.518588136377885,2.428345595177075,0.0
1.36499,1.36546,51.93951,5291.82872,0.44595,45.02037,6.454821182428806,2.404590727021507,0.0
1.41502,1.41554,52.00315,5288.12405,0.47296,45.02182,6.388347485431741,2.3798275258618675,0.0
1.46502,1.46559,52.07041,5284.45055,0.49878,45.02332,6.3194156633787015,2.354148608441717,0.0
1.51497,1.51561,52.1411,5280.80982,0.52338,45.02486,6.248274786986454,2.3276467601564916,0.0
1.56489,1.56559,52.21506,5277.20333,0.54672,45.02646,6.175172867562407,2.3004143717437744,0.0
1.61478,1.61554,52.29211,5273.63245,0.56878,45.02811,6.100355445739652,2.2725429135499535,0.0
1.66463,1.66546,52.37205,5270.09839,0.58952,45.02981,6.024064290530509,2.2441224508934448,0.0
1.71444,1.71535,52.45471,5266.60225,0.60892,45.03155,5.9465362157956765,2.215241203168304,0.0
1.76422,1.76521,52.5399,5263.14498,0.62697,45.03335,5.868002018915991,2.1859851484715396,0.0
1.81397,1.81504,52.62743,5259.72745,0.64364,45.0352,5.788685544265774,2.156437674722285,0.0
1.86368,1.86484,52.71709,5256.35036,0.65893,45.0371,5.708802872068847,2.1266792774893264,0.0
1.91335,1.91461,52.80871,5253.01434,0.67283,45.03905,5.628561631405056,2.096787304067957,0.0
1.96299,1.96434,52.90208,5249.71988,0.68533,45.04105,5.548160434481683,2.066835742731191,0.0
2.0126,2.01405,52.99702,5246.46736,0.69644,45.0431,5.467788427905691,2.036895055566869,0.0
2.06217,2.06374,53.09333,5243.25708,0.70615,45.04521,5.3876249554788656,2.007032052859975,0.0
2.11171,2.11339,53.19082,5240.08922,0.71446,45.04736,5.30783932610842,1.9773098066332313,0.0
2.16122,2.16302,53.28929,5236.96388,0.72139,45.04957,5.2285906796473585,1.9477876006691044,0.0
2.2107,2.21262,53.38856,5233.88107,0.72694,45.05183,5.150027942957811,1.9185209141422384,0.0
2.26015,2.26219,53.48844,5230.8407,0.73113,45.05414,5.07228986811057,1.8895614358497903,0.0
2.30956,2.31174,53.58874,5227.84263,0.73397,45.0565,4.995505144483504,1.8609571059710381,0.0
2.35894,2.36127,53.68928,5224.88664,0.73548,45.05891,4.919792576459905,1.832752182264689,0.0
2.40829,2.41076,53.78988,5221.97241,0.73568,45.06138,4.845261318544093,1.8049873276556299,0.0
2.45762,2.46024,53.89037,5219.0996,0.73457,45.0639,4.772011159939866,1.777699716247888,0.0
2.50691,2.50969,53.99056,5216.26779,0.7322,45.06647,4.700132850928881,1.7509231549091637,0.0
2.55617,2.55912,54.09028,5213.4765,0.72857,45.06909,4.629708463782724,1.7246882177200744,0.0
2.6054,2.60852,54.18938,5210.72522,0.72372,45.07177,4.560811781393835,1.6990223907493993,0.0
2.65461,2.6579,54.28768,5208.01338,0.71767,45.0745,4.493508707285154,1.673950224793459,0.0
2.70378,2.70726,54.38502,5205.34037,0.71045,45.07728,4.427857691182071,1.6494934939128654,0.0
2.75293,2.7566,54.48126,5202.70555,0.70208,45.08012,4.363910164859151,1.6256713577968966,0.0
2.80205,2.80592,54.57622,5200.10824,0.69259,45.08301,4.301710983489911,1.602500526177898,0.0
2.85115,2.85522,54.66978,5197.54773,0.68201,45.08595,4.241298868283089,1.5799954237249414,0.0
2.90021,2.9045,54.76178,5195.02328,0.67038,45.08895,4.182706846662846,1.558168354022529,0.0
2.94925,2.95375,54.85208,5192.53413,0.65772,45.092,4.125962686784989,1.5370296614393244,0.0
2.99826,3.00299,54.94055,5190.0795,0.64406,45.0951,4.071089323595127,1.516587889846021,0.0
3.04725,3.05221,55.02705,5187.65859,0.62943,45.09826,4.018105274118111,1.4968499373215882,0.0
3.09623,3.10139,55.11004,5185.27308,0.59284,45.05308,3.9678258008646083,1.4781195106020977,-46.99999919826643
3.14522,3.15052,55.18798,5182.92403,0.5556,45.00853,3.921013588372267,1.4606807297452606,-46.99999919826643
3.19424,3.19958,55.26079,5180.60967,0.51777,44.96455,3.877599162503026,1.4445077138066755,-46.99999919826643
3.24326,3.24859,55.3284,5178.32827,0.47937,44.92112,3.8375186519339883,1.4295766690380067,-46.99999919826643
3.29231,3.29754,55.39074,5176.07812,0.44046,44.87819,3.8007123264659404,1.4158653443684515,-46.99999919826643
3.34136,3.34643,55.44775,5173.85753,0.40106,44.83572,3.767124716799687,1.4033530760245745,-46.99999919826643
3.39044,3.39527,55.49937,5171.66483,0.36121,44.79368,3.736704714888022,1.3920208249140578,-46.99999919826643
3.43952,3.44406,55.54555,5169.49839,0.32095,44.75202,3.7094056575481176,1.3818512077735157,-46.99999919826643
3.48863,3.49279,55.58623,5167.35655,0.28032,44.71071,3.6851853957465126,1.372828522978976,-46.99999919826643
3.53774,3.54147,55.62138,5165.23771,0.23935,44.66972,3.6640063517083936,1.36493877182059,-46.99999919826643
3.58687,3.5901,55.65095,5163.14025,0.19807,44.629,3.6458355657264403,1.3581696759401594,-46.99999919826643
3.63602,3.63867,55.67491,5161.06258,0.15652,44.58853,3.6306447343452284,1.352510691555829,-46.99999919826643
3.68518,3.6872,55.69324,5159.0031,0.11473,44.54826,3.618410241319883,1.3479530209950021,-46.99999919826643
3.73435,3.73567,55.7059,5156.96022,0.07274,44.50816,3.609113182579553,1.3444896219938915,-46.99999919826643
3.78354,3.78409,55.71287,5154.93235,0.03057,44.46819,3.602739386165739,1.3421152151250693,-46.99999919826643
3.83274,3.83246,55.71414,5152.9179,-0.01173,44.42832,3.5992794279647593,1.3408262896582248,-46.99999919826643
3.88196,3.88078,55.7097,5150.91526,-0.05413,44.38851,3.598728643820618,1.3406211080725297,-46.99999919826643
3.93119,3.92905,55.69954,5148.92285,-0.0966,44.34873,3.601087138442686,1.3414997093749779,-46.99999919826643
3.98044,3.97727,55.68366,5146.93904,-0.13911,44.30894,3.6063597913318284,1.3434639113080304,-46.99999919826643
4.0297,4.02544,55.66206,5144.96221,-0.18162,44.26911,3.6145562597704983,1.346517311463499,-46.99999919826643
4.07897,4.07357,55.63474,5142.99071,-0.2241,44.2292,3.6256909787209413,1.350665287244627,-46.99999919826643
4.12826,4.12164,55.60171,5141.0229,-0.26652,44.18917,3.6397831573086266,1.355914994556074,-46.99999919826643
4.17757,4.16966,55.563,5139.05708,-0.30884,44.14899,3.6568567713667504,1.3622753650265473,-46.99999919826643
4.22689,4.21763,55.51862,5137.09156,-0.35103,44.10862,3.676940551329512,1.3697571014987306,-46.99999919826643
4.27622,4.26555,55.46859,5135.12462,-0.39305,44.06802,3.70006796455377,1.3783726714436317,-46.99999919826643
4.32557,4.31342,55.41295,5133.15448,-0.43487,44.02716,3.726277190959482,1.3881362978860097,-46.99999919826643
4.37494,4.36124,55.35172,5131.17937,-0.47646,43.98599,3.7556110906339115,1.3990639473360862,-46.99999919826643
4.42432,4.40901,55.28495,5129.19746,-0.51777,43.94449,3.7881171618536698,1.411173314151655,-46.99999919826643
4.47371,4.45673,55.21269,5127.20689,-0.55878,43.9026,3.8238474877045885,1.424483800652576,-46.99999919826643
4.52313,4.50439,55.13497,5125.20576,-0.59944,43.86029,3.8628586692621707,1.4390164922287376,-46.99999919826643
4.57256,4.55201,55.05185,5123.19213,-0.63971,43.81751,3.9052117430144277,1.4547941265778914,-46.99999919826643
4.622,4.59957,54.96339,5121.16402,-0.67957,43.77423,3.9509720799343606,1.4718410561074942,-46.99999919826643
4.67146,4.64708,54.86965,5119.11938,-0.71897,43.7304,4.000209263341371,1.49018320243487,-46.99999919826643
4.72094,4.69454,54.77071,5117.05615,-0.75787,43.68597,4.05299694236313,1.5098480017979017,-46.99999919826643
4.77044,4.74194,54.66663,5114.97217,-0.79623,43.64091,4.1094126575258585,1.5308643400828204,-46.99999919826643
4.81995,4.78928,54.5575,5112.86527,-0.834,43.59517,4.169537634674315,1.5532624760539795,-46.99999919826643
4.86948,4.83657,54.44339,5110.73319,-0.87116,43.54869,4.233456543086273,1.5770739512451326,-46.99999919826643
4.91903,4.88381,54.32442,5108.57363,-0.90764,43.50144,4.30125721334027,1.6023314848577455,-46.99999919826643
4.9686,4.93098,54.20066,5106.38421,-0.94342,43.45335,4.373030310159453,1.6290688518867242,-46.99999919826643
5.01818,4.9781,54.07222,5104.16251,-0.97844,43.40438,4.448868955136379,1.657320742575472,-46.99999919826643
5.06779,5.02516,53.93922,5101.90604,-1.01265,43.35448,4.528868293948185,1.687122601192156,-46.99999919826643
5.11741,5.07216,53.80176,5099.61223,-1.04602,43.3036,4.613125002392914,1.7185104420152404,-46.99999919826643
5.16706,5.11909,53.65997,5097.27847,-1.07848,43.25168,4.701736725338239,1.751520640327125,-46.99999919826643
5.21672,5.16597,53.51398,5094.90204,-1.11,43.19865,4.794801442472931,1.7861896961398773,-46.99999919826643
5.26641,5.21277,53.36393,5092.4802,-1.14051,43.14448,4.892416754633873,1.8225539683332688,-46.99999919826643
5.31612,5.25952,53.20994,5090.01011,-1.16998,43.08909,4.994679084401048,1.8606493768553742,-46.99999919826643
5.36585,5.30619,53.05218,5087.48889,-1.19834,43.03243,5.101682784739986,1.9005110706684294,-46.99999919826643
5.4156,5.3528,52.89081,5084.91356,-1.22554,42.97443,5.213519149590896,1.9421730591672497,-46.99999919826643
5.46537,5.39933,52.72597,5082.28111,-1.25153,42.91503,5.330275320644841,1.985667804924593,-46.99999919826643
5.51517,5.4458,52.55785,5079.58845,-1.27624,42.85417,5.4520330850028405,2.0310257757875365,-46.99999919826643
5.56499,5.49219,52.38662,5076.83244,-1.29963,42.79179,5.578867559098355,2.0782749546039763,-46.99999919826643
5.61484,5.5385,52.21247,5074.00988,-1.32164,42.72781,5.710845755166971,2.127440305194867,-46.99999919826643
5.66471,5.58474,52.03559,5071.11752,-1.3422,42.66217,5.848025027680621,2.1785431936100905,-46.99999919826643
5.71461,5.63089,51.85619,5068.15207,-1.36125,42.5948,5.990451398639585,2.231600764255662,-46.99999919826643
5.76453,5.67696,51.67447,5065.11021,-1.37874,42.52563,6.138157762340362,2.2866252711225292,-46.99999919826643
5.81448,5.72295,51.49064,5061.98856,-1.39461,42.4546,6.2911619723628895,2.3436233651389746,-46.99999919826643
5.86446,5.76886,51.30494,5058.78376,-1.4088,42.38163,6.449464815979043,2.4025953395844866,-46.99999919826643
5.91446,5.81467,51.1176,5055.49241,-1.42124,42.30664,6.613047884035353,2.463534336565023,-46.99999919826643
5.9645,5.86039,50.92885,5052.11113,-1.43188,42.22958,6.781871347606384,2.5264255187578977,-46.99999919826643
6.01456,5.90602,50.73895,5048.63654,-1.44065,42.15037,6.955871656369722,2.5912452119959006,-46.99999919826643
6.06465,5.95155,50.54815,5045.06529,-1.4475,42.06895,7.134959177651347,2.657960025749583,-46.99999919826643
6.11477,5.99698,50.35671,5041.39408,-1.45237,41.98524,7.319015799464756,2.726525960196258,-46.99999919826643
6.16493,6.04231,50.16491,5037.61966,-1.4552,41.89917,7.507892525565603,2.796887510314581,-46.99999919826643
6.21511,6.08753,49.97301,5033.73887,-1.45594,41.81069,7.701407095379912,2.8689767792451812,-46.99999919826643
6.26533,6.13264,49.78131,5029.74864,-1.45454,41.71972,7.899341666781573,2.942712615064311,-46.99999919826643
6.31558,6.17765,49.59009,5025.64601,-1.45094,41.62621,8.101440604680493,3.017999786974746,-46.99999919826643
6.36587,6.22253,49.39964,5021.42819,-1.4451,41.53011,8.307408423335414,3.0947282187631715,-46.99999919826643
6.41619,6.2673,49.21028,5017.09252,-1.43697,41.43135,8.516907934910813,3.1727722990889085,-46.99999919826643
6.46655,6.31195,49.0223,5012.63657,-1.42652,41.32988,8.729558660876558,3.25199028968849,-46.99999919826643
6.51694,6.35647,48.83602,5008.05807,-1.41371,41.22567,8.944935566218037,3.3322238538356275,-46.99999919826643
6.56737,6.40086,48.65174,5003.35506,-1.39851,41.11867,9.162568178758915,3.4132977282657713,-46.99999919826643
6.61783,6.44512,48.46978,4998.52578,-1.3809,41.00884,9.38194015705008,3.495019562203362,-46.99999919826643
6.66833,6.48925,48.29047,4993.56882,-1.36085,40.89617,9.602489369838427,3.577179946966059,-46.99999919826643
6.71887,6.53323,48.11411,4988.48307,-1.33837,40.78062,9.82360854798638,3.6595526588219003,-46.99999919826643
6.76945,6.57707,47.94103,4983.26776,-1.31343,40.66219,10.044646565548238,3.7418951362239565,-46.99999919826643
6.82007,6.62077,47.77154,4977.92252,-1.28605,40.54087,10.264910400365414,3.823949210183645,-46.99999919826643
6.87073,6.66431,47.60596,4972.44735,-1.25623,40.41666,10.483667815864779,3.905442103311171,-46.99999919826643
6.92143,6.7077,47.4446,4966.84271,-1.224,40.28958,10.700150794723482,3.986087708946022,-46.99999919826643
6.97217,6.75094,47.28777,4961.10946,-1.18939,40.15965,10.913559741588731,4.06558815678066,-46.99999919826643
7.02295,6.79401,47.13577,4955.24897,-1.15243,40.02691,11.123068456492003,4.1436356655881825,-46.99999919826643
7.07377,6.83691,46.98888,4949.26305,-1.11317,39.89139,11.327829862945588,4.219914677088996,-46.99999919826643
7.12463,6.87965,46.84741,4943.15403,-1.07168,39.75315,11.526982455504358,4.294104257837214,-46.99999919826643
7.17553,6.92222,46.71161,4936.92472,-1.02801,39.61226,11.71965741126926,4.365880748442835,-46.99999919826643
7.22648,6.96461,46.58177,4930.57843,-0.98225,39.4688,11.904986288998177,4.434920631693105,-46.99999919826643
7.27747,7.00682,46.45812,4924.119,-0.93449,39.32284,12.082109218916013,4.500903583472266,-46.99999919826643
7.32849,7.04885,46.34092,4917.55076,-0.88483,39.1745,12.250183466601987,4.5635156630349,-46.99999919826643
7.37956,7.0907,46.23038,4910.87851,-0.83338,39.02388,12.408392236718079,4.622452592626417,-46.99999919826643
7.43067,7.13236,46.12671,4904.10755,-0.78025,38.8711,12.555953567021161,4.677423070736584,-46.99999919826643
7.48183,7.17383,46.03009,4897.24362,-0.72557,38.71629,12.692129151550677,4.728152058969097,-46.99999919826643
7.53302,7.2151,45.94071,4890.29292,-0.66949,38.5596,12.81623292422955,4.774383979658758,-46.99999919826643
7.58425,7.25618,45.85872,4883.26202,-0.61214,38.40118,12.927639231363614,4.815885760342555,-46.99999919826643
7.63552,7.29707,45.78424,4876.15788,-0.55369,38.24117,13.025790423761453,4.852449662024049,-46.99999919826643
7.68683,7.33775,45.71739,4868.98777,-0.49428,38.07976,13.110203706825967,4.883895831012729,-46.99999919826643
7.73818,7.37823,45.65826,4861.75928,-0.4341,37.91711,13.180477099785982,4.910074518894585,-46.99999919826643
7.78957,7.41852,45.60691,4854.48021,-0.3733,37.7534,13.23629437315201,4.930867921864282,-46.99999919826643
7.841,7.45859,45.56338,4847.15859,-0.31206,37.58882,13.277428855718956,4.946191598933843,-46.99999919826643
7.8924,7.49854,45.53246,4839.79472,-0.1756,37.59604,13.294809578749463,4.952666375577054,0.0
7.94372,7.53845,45.51887,4832.39567,-0.03912,37.60329,13.279563895774627,4.946986957530865,0.0
7.99496,7.5783,45.52252,4824.97965,0.0968,37.61054,13.232048816096341,4.929286340153715,0.0
8.04612,7.6181,45.54326,4817.56472,0.23159,37.61782,13.153003949695675,4.8998400476238615,0.0
8.09718,7.65785,45.58085,4810.16858,0.36469,37.62511,13.043514494536579,4.859052344736153,0.0
8.14817,7.69756,45.635,4802.80834,0.49557,37.63242,12.904982380597195,4.807445487294443,0.0
8.19907,7.73721,45.70534,4795.50041,0.62372,37.63974,12.739090687293556,4.74564646666569,0.0
8.24989,7.77681,45.79145,4788.26032,0.74866,37.64708,12.547762831271365,4.674371806158557,0.0
8.30062,7.81637,45.89286,4781.10256,0.86993,37.65444,12.333118151556933,4.59441101532351,0.0
8.35127,7.85587,46.00904,4774.04051,0.98715,37.66181,12.097425555115501,4.506609321703635,0.0
8.40184,7.89532,46.13941,4767.08636,1.09992,37.66921,11.843056833403935,4.411850280022205,0.0
8.45232,7.93473,46.28336,4760.25105,1.20794,37.67662,11.572441131647144,4.311038810790156,0.0
8.50273,7.97409,46.44024,4753.5442,1.31091,37.68406,11.288021863191473,4.205085149769077,0.0
8.55306,8.01341,46.60938,4746.97418,1.40859,37.69151,10.992217129981542,4.094890103557428,0.0
8.60331,8.05268,46.79007,4740.54805,1.50079,37.69899,10.68738445590022,3.9813319118317656,0.0
8.65348,8.09191,46.98161,4734.27163,1.58736,37.70649,10.375790380238872,3.8652549201143622,0.0
8.70358,8.13109,47.18326,4728.14954,1.66817,37.71402,10.059585209415982,3.7474601741240665,0.0
8.75361,8.17024,47.39429,4722.18525,1.74315,37.72157,9.740782998484576,3.628697962361113,0.0
8.80357,8.20934,47.61395,4716.38119,1.81225,37.72915,9.421246638557129,3.5096622607805106,0.0
8.85346,8.24841,47.8415,4710.73877,1.87547,37.73675,9.102677767303954,3.390986974187234,0.0
8.90328,8.28744,48.07621,4705.25849,1.93282,37.74438,8.786611098856735,3.2732438239760935,0.0
8.95303,8.32643,48.31735,4699.94007,1.98437,37.75204,8.474412686049535,3.156941700770792,0.0
9.00272,8.36539,48.5642,4694.78246,2.03016,37.75974,8.167281579074258,3.0425272823167218,0.0
9.05235,8.40432,48.81607,4689.78397,2.07031,37.76746,7.866254325862095,2.9303867099914718,0.0
9.10192,8.44322,49.07224,4684.94237,2.10491,37.77522,7.5722117658859105,2.820848119674961,0.0
9.15143,8.48208,49.33207,4680.25492,2.13411,37.78301,7.285887595021047,2.7141848323854587,0.0
9.20088,8.52092,49.59489,4675.71849,2.15803,37.79084,7.007878219473895,2.610619025127235,0.0
9.25028,8.55973,49.86007,4671.32962,2.17683,37.7987,6.738653466642469,2.5103257209679533,0.0
9.29962,8.59852,50.12699,4667.08457,2.19066,37.8066,6.478567775977822,2.413436957928995,0.0
9.34891,8.63728,50.39507,4662.9794,2.1997,37.81453,6.227871549868519,2.320046017488583,0.0
9.39816,8.67602,50.66374,4659.00999,2.20411,37.82251,5.986722400678093,2.230211614399165,0.0
9.44735,8.71474,50.93244,4655.17215,2.20406,37.83052,5.755196083098743,2.14396196927681,0.0
9.4965,8.75343,51.20066,4651.46159,2.19974,37.83858,5.53329694968103,2.061298703561126,0.0
9.5456,8.79211,51.46789,4647.87402,2.1913,37.84667,5.320967810855236,1.9822005126326434,0.0
9.59465,8.83077,51.73365,4644.40512,2.17893,37.85481,5.118099118534827,1.9066265869467456,0.0
9.64366,8.86941,51.99749,4641.05062,2.16279,37.86299,4.924537424469188,1.8345197629926118,0.0
9.69264,8.90804,52.25896,4637.8063,2.14307,37.87122,4.740093091076944,1.7658093957815144,0.0
9.74157,8.94665,52.51764,4634.66802,2.11991,37.87949,4.5645472539211305,1.700413952552014,0.0
9.79046,8.98525,52.77315,4631.63172,2.09348,37.8878,4.397658051749289,1.6382433336238182,0.0
9.83931,9.02383,53.0251,4628.69342,2.06394,37.89616,4.2391661527181705,1.5792009310618853,0.0
9.88813,9.06241,53.27314,4625.84929,2.03144,37.90457,4.088799614556153,1.523185439214803,0.0
9.93691,9.10097,53.51692,4623.09559,1.99613,37.91302,3.9462781226040984,1.4700924334965209,0.0
9.98565,9.13952,53.75613,4620.4287,1.95816,37.92153,3.811316653371821,1.4198157351575251,0.0
10.03437,9.17806,53.99046,4617.84513,1.91765,37.93007,3.6836286130178397,1.3722485804511266,0.0
10.08304,9.2166,54.21962,4615.34152,1.87475,37.93867,3.562928500283115,1.327284612646342,0.0
10.13169,9.25512,54.44334,4612.91463,1.82957,37.94732,3.4489341424691062,1.284818714988555,0.0
10.18031,9.29364,54.66136,4610.56135,1.78225,37.95601,3.341368551100841,1.244747701982833,0.0
10.22889,9.33216,54.87344,4608.27868,1.73289,37.96476,3.239961441443227,1.2069708854537347,0.0
10.27744,9.37066,55.07935,4606.06376,1.68162,37.97355,3.1444504571187712,1.1713905307476316,0.0
10.32597,9.40917,55.27887,4603.91383,1.62854,37.9824,3.0545821379317815,1.13791221727269,0.0
10.37447,9.44767,55.47181,4601.82625,1.57376,37.9913,2.970112665769928,1.1064451163668263,0.0
10.42294,9.48616,55.65796,4599.79848,1.51737,38.00025,2.890808420214572,1.0769021982771743,0.0
10.47138,9.52465,55.83716,4597.82809,1.45946,38.00925,2.816446372345302,1.0492003788626365,0.0
10.51979,9.56314,56.00922,4595.91275,1.40014,38.0183,2.7468143422094564,1.023260615508056,0.0
10.56818,9.60163,56.174,4594.05022,1.33949,38.0274,2.6817111425865816,0.9990079606802597,0.0
10.61655,9.64012,56.33135,4592.23833,1.27758,38.03656,2.6209466290517565,0.9763715805779631,0.0
10.66489,9.6786,56.48113,4590.47503,1.21451,38.04577,2.5643416738931935,0.9552847454153918,0.0
10.7132,9.71708,56.6232,4588.75832,1.15035,38.05503,2.5117280792441607,0.9356847970616362,0.0
10.7615,9.75557,56.75746,4587.08628,1.08517,38.06435,2.4629484427819768,0.9175130990099929,0.0
10.80976,9.79405,56.88379,4585.45704,1.01904,38.07372,2.4178559875413765,0.9007149729789664,0.0
10.85801,9.83254,57.00208,4583.86883,0.95204,38.08314,2.3763143658002694,0.8852396258545532,0.0
10.90623,9.87103,57.11224,4582.3199,0.88422,38.09262,2.338197445566928,0.8710400701511023,0.0
10.95443,9.90951,57.21419,4580.80857,0.81566,38.10215,2.303389086939631,0.8580730406993983,0.0
11.00261,9.948,57.30785,4579.33319,0.74641,38.11173,2.2717829145207813,0.8462989098649308,0.0
11.05076,9.9865,57.39314,4577.89217,0.67654,38.12137,2.243282091092994,0.8356816032362833,0.0
11.0989,10.02499,57.46999,4576.48395,0.60611,38.13107,2.2177990969470445,0.826188517418988,0.0
11.14701,10.06349,57.53835,4575.10701,0.53516,38.14081,2.195255518496112,0.8177904412887679,0.0
11.19511,10.10199,57.59817,4573.75982,0.46376,38.15062,2.1755818492212633,0.8104614818384941,0.0
11.24318,10.1405,57.6494,4572.44093,0.39196,38.16048,2.1587173054203705,0.8041789955398085,0.0
11.29123,10.17901,57.692,4571.14887,0.31981,38.17039,2.1446096587860564,0.7989235259740035,0.0
11.33927,10.21752,57.72593,4569.88218,0.24736,38.18036,2.1332150874230593,0.7946787483320708,0.0
11.38728,10.25604,57.75118,4568.63943,0.17468,38.19038,2.1244980465833203,0.7914314212601197,0.0
11.43527,10.29456,57.76771,4567.4192,0.1018,38.20046,2.118431160076659,0.7891713464069973,0.0
11.48325,10.33309,57.77552,4566.22004,0.02878,38.21059,2.114995133061631,0.7878913359365874,0.0
11.5312,10.37162,57.77459,4565.04051,-0.04434,38.22078,2.114178686677243,0.7875871881764057,0.0
11.57914,10.41016,57.76492,4563.87918,-0.11749,38.23102,2.115978514756254,0.7882576714921642,0.0
11.62706,10.4487,57.74651,4562.73458,-0.19064,38.24132,2.1203992626715147,0.7899045164074767,0.0
11.67496,10.48725,57.71938,4561.60524,-0.26373,38.25168,2.1274535281468183,0.7925324159059229,0.0
11.72284,10.52581,57.68353,4560.48967,-0.33672,38.26209,2.137161883689345,0.7961490337877218,0.0
11.7707,10.56437,57.63898,4559.38632,-0.40954,38.27255,2.149552920077249,0.8007650208700051,0.0
11.81854,10.60294,57.58577,4558.29367,-0.48216,38.28307,2.164663310133855,0.8063940387443813,0.0
11.86636,10.64151,57.52392,4557.2101,-0.55451,38.29365,2.182537891766766,0.8130527907111885,0.0
11.91417,10.68009,57.45347,4556.134,-0.62655,38.30428,2.203229768989986,0.820761059412894,0.0
11.96196,10.71868,57.37447,4555.06367,-0.69822,38.31497,2.2268004293430095,0.8295417505757943,0.0
12.00973,10.75728,57.28697,4553.99741,-0.76947,38.32571,2.253319875770907,0.8394209421388162,0.0
12.05748,10.79588,57.19102,4552.93343,-0.84024,38.3365,2.282866770629773,0.8504279378993364,0.0
12.10521,10.83449,57.08669,4551.86987,-0.91047,38.34736,2.3155285890304045,0.8625953246377349,0.0
12.15292,10.8731,56.97406,4550.80484,-0.9801,38.35826,2.3514017781882384,0.8759590314794412,0.0
12.20062,10.91173,56.85319,4549.73636,-1.04907,38.36922,2.3905919188515443,0.8905583900311829,0.0
12.2483,10.95036,56.72419,4548.66235,-1.11732,38.38024,2.433213884169889,0.9064361935636674,0.0
12.29595,10.98899,56.58713,4547.58069,-1.18478,38.39131,2.4793919905784825,0.9236387532199729,0.0
12.34359,11.02764,56.44213,4546.48915,-1.25138,38.40243,2.5292601343399443,0.942215948880948,0.0
12.39121,11.06629,56.2893,4545.38539,-1.31705,38.41361,2.5829619063782827,0.9622212719438904,0.0
12.43881,11.10495,56.12875,4544.267,-1.38172,38.42484,2.6406506768573954,0.9837118568302635,0.0
12.4864,11.14361,55.96061,4543.13143,-1.44532,38.43613,2.702489639661744,1.0067484975559193,0.0
12.53396,11.18228,55.78502,4541.97604,-1.50775,38.44747,2.7686518054777958,1.0313956451537516,0.0
12.5815,11.22096,55.60213,4540.79807,-1.56895,38.45886,2.8393199305719192,1.0577213811415893,0.0
12.62902,11.25965,55.4121,4539.59462,-1.62882,38.4703,2.914686366595311,1.0857973615705805,0.0
12.67653,11.29834,55.21509,4538.36267,-1.68727,38.4818,2.9949528148364912,1.1156987254777786,0.0
12.72401,11.33704,55.01128,4537.09904,-1.74421,38.49335,3.080329966274707,1.1475039607965662,0.0
12.77147,11.37575,54.80086,4535.80044,-1.79954,38.50495,3.171037006596063,1.1812947199621404,0.0
12.81891,11.41446,54.58404,4534.46341,-1.85316,38.51661,3.267300963046821,1.21715557659718,0.0
12.86633,11.45317,54.36103,4533.08432,-1.90496,38.52831,3.369355867633586,1.2551737137818977,0.0
12.91372,11.4919,54.13205,4531.65941,-1.95483,38.54007,3.477441708795372,1.295438533524302,0.0
12.9611,11.53062,53.89736,4530.18475,-2.00265,38.55188,3.59180314137235,1.338041176189613,0.0
13.00845,11.56936,53.65721,4528.65621,-2.04831,38.56373,3.7126879225006553,1.3830739378299244,0.0
13.05577,11.60809,53.41186,4527.06953,-2.09168,38.57564,3.840345039168199,1.430629572649474,0.0
13.10308,11.64683,53.16161,4525.42027,-2.13263,38.5876,3.9750224916465142,1.4808004672746886,0.0
13.15035,11.68558,52.90676,4523.70379,-2.17102,38.5996,4.116964696095389,1.5336776731560642,0.0
13.19761,11.72433,52.64761,4521.91533,-2.20672,38.61165,4.266409469488915,1.5893497833737926,0.0
13.24483,11.76308,52.38451,4520.04994,-2.23978,38.62952,4.423591989947807,1.6479044079657479,3.999999931767356
13.29202,11.80184,52.11778,4518.10253,-2.26986,38.64765,4.588734701030482,1.7094244130102827,3.999999931767356
13.33919,11.84061,51.8478,4516.06783,-2.2968,38.66605,4.762035145423737,1.7739833883558906,3.999999931767356
13.38631,11.87938,51.57496,4513.94041,-2.32046,38.68474,4.943667553635986,1.8416462394512356,3.999999931767356
13.43341,11.91816,51.29965,4511.71474,-2.34067,38.70373,5.133777316221996,1.9124671281034247,3.999999931767356
13.48047,11.95695,51.02231,4509.38514,-2.35727,38.72302,5.332474852775245,1.9864871885163418,3.999999931767356
13.52749,11.99574,50.74338,4506.94587,-2.37009,38.74263,5.539828922145916,2.063732035170836,3.999999931767356
13.57448,12.03453,50.46333,4504.39111,-2.37898,38.76257,5.755859398458543,2.1442090717012134,3.999999931767356
13.62143,12.07333,50.18263,4501.71499,-2.38376,38.78286,5.980529558077575,2.2279046175869768,3.999999931767356
13.66833,12.11213,49.90179,4498.91167,-2.38427,38.80349,6.213737947110196,2.314780878583638,3.999999931767356
13.7152,12.15093,49.62132,4495.97531,-2.38035,38.82449,6.455309927114047,2.4047727972764052,3.999999931767356
13.76202,12.18974,49.34177,4492.90016,-2.37184,38.84586,6.704989028309573,2.4977848319242675,3.999999931767356
13.8088,12.22854,49.0637,4489.68061,-2.35858,38.86761,6.962428274248886,2.593687724670888,3.999999931767356
13.85553,12.26735,48.78767,4486.31122,-2.34043,38.88976,7.227181678701096,2.692315333910655,3.999999931767356
13.90222,12.30615,48.51428,4482.78679,-2.31725,38.91231,7.498696153373504,2.7934616197019104,3.999999931767356
13.94885,12.34495,48.24412,4479.10244,-2.28892,38.93527,7.776304102361773,2.8968778850047814,3.999999931767356
13.99544,12.38375,47.97782,4475.25366,-2.25531,38.95865,8.059217013812113,3.002270388406737,3.999999931767356
14.04197,12.42255,47.716,4471.23638,-2.21633,38.98246,8.346520388921933,3.1092984550418996,3.999999931767356
14.08844,12.46134,47.45929,4467.04706,-2.1719,39.00669,8.637170370005842,3.2175732204569147,3.999999931767356
14.13486,12.50012,47.20834,4462.68276,-2.12197,39.03136,8.929992440186414,3.326657146211539,3.999999931767356
14.18122,12.5389,46.96379,4458.14123,-2.06648,39.05646,9.223682563824417,3.4360644447189186,3.999999931767356
14.22751,12.57767,46.72628,4453.42096,-2.00543,39.082,9.516811116321703,3.5452625432005545,3.999999931767356
14.27375,12.61642,46.49647,4448.52128,-1.93884,39.10798,9.807829911559555,3.6536747015919975,3.999999931767356
14.31992,12.65517,46.27498,4443.44243,-1.86675,39.13438,10.095082573144813,3.7606838761049084,3.999999931767356
14.36602,12.69391,46.06244,4438.18561,-1.78925,39.16121,10.376818410940444,3.8656378885998137,3.999999931767356
14.41205,12.73263,45.85946,4432.75304,-1.70643,39.18845,10.651209857430212,3.9678559220907186,3.999999931767356
14.45801,12.77134,45.66663,4427.14803,-1.61846,39.2161,10.916373391679372,4.066636315471013,3.999999931767356
14.50389,12.81003,45.48452,4421.37498,-1.52552,39.24414,11.17039373571364,4.161265577301281,3.999999931767356
14.5497,12.84871,45.31368,4415.43941,-1.42783,39.27255,11.411350955216205,4.251028481531997,3.999999931767356
14.59543,12.88736,45.15462,4409.34798,-1.32565,39.30132,11.637349940878087,4.335219050082239,3.999999931767356
14.64108,12.926,45.00781,4403.10846,-1.21927,39.33043,11.84655159777546,4.413152171703382,3.999999931767356
14.68666,12.96462,44.87368,4396.7297,-1.10903,39.35985,12.037204937496066,4.484175557140583,3.999999931767356
14.73214,13.00321,44.75263,4390.22159,-0.9953,39.38955,12.207679161605137,4.547681691068002,3.999999931767356
14.77754,13.04178,44.64501,4383.59499,-0.87847,39.41951,12.356494754452207,4.603119414977439,3.999999931767356
14.82286,13.08033,44.5511,4376.86164,-0.75897,39.44969,12.482352576282315,4.650004765127747,3.999999931767356
14.86809,13.11885,44.47115,4370.03406,-0.63725,39.48007,12.584159969001512,4.687930697629366,3.999999931767356
14.91322,13.15735,44.40534,4363.12543,-0.51378,39.51061,12.661052959021116,4.716575359588001,3.999999931767356
14.95827,13.19582,44.35381,4356.14948,-0.38905,39.54128,12.712413762691591,4.735708610339328,3.999999931767356
15.00323,13.23426,44.31662,4349.12032,-0.26357,39.57204,12.737882964710264,4.74519655822632,3.999999931767356
15.04809,13.27267,44.29378,4342.05235,-0.13783,39.60286,12.737365939860696,4.745003952866114,3.999999931767356
15.09286,13.31105,44.28526,4334.96004,-0.01236,39.63369,12.71103331210415,4.735194356173665,3.999999931767356
15.13754,13.3494,44.29093,4327.85784,0.11234,39.66452,12.659315478914701,4.715928102532507,3.999999931767356
15.18213,13.38773,44.31065,4320.76001,0.23578,39.69529,12.58289145899453,4.687458144275259,3.999999931767356
15.22662,13.42602,44.34419,4313.6805,0.35746,39.72598,12.482672534243651,4.6501239578869455,3.999999931767356
15.27102,13.46428,44.39129,4306.63281,0.47693,39.75655,12.35978134027641,4.6043437546722314,3.999999931767356
15.31532,13.50251,44.45162,4299.62987,0.59374,39.78697,12.215527204393169,4.550605293500978,3.999999931767356
15.35954,13.54071,44.52483,4292.68394,0.70747,39.81722,12.051378629197742,4.489455630231732,3.999999931767356
15.40366,13.57888,44.61049,4285.80653,0.81773,39.84727,11.868933871584334,4.421490157610256,3.999999931767356
15.44768,13.61702,44.70817,4279.00832,0.92416,39.87708,11.669890570951885,4.347341290980236,3.999999931767356
15.49162,13.65513,44.81737,4272.29912,1.02643,39.90665,11.45601534115504,4.267667140484934,3.999999931767356
15.53547,13.6932,44.93759,4265.68779,1.12426,39.93595,11.229114164066223,4.183140481890075,3.999999931767356
15.57923,13.73125,45.06827,4259.18228,1.21738,39.96496,10.991004316866157,4.094438298760913,3.999999931767356
15.62291,13.76927,45.20886,4252.78957,1.30558,39.99366,10.743488438849118,4.002232121664865,3.999999931767356
15.66649,13.80727,45.35877,4246.5157,1.38867,40.02205,10.488331206217527,3.9071793389187546,3.999999931767356
15.71,13.84523,45.5174,4240.36576,1.4665,40.05011,10.227238943050775,3.8099156011382465,3.999999931767356
15.75342,13.88317,45.68413,4234.34397,1.53896,40.07784,9.961842361107445,3.7110483913600185,3.999999931767356
15.79676,13.92108,45.85835,4228.45368,1.60596,40.10523,9.693682496313235,3.611151786013491,3.999999931767356
15.84002,13.95897,46.03944,4222.69741,1.66744,40.13228,9.424199800049935,3.510762391138937,3.999999931767356
15.8832,13.99683,46.22676,4217.07693,1.72338,40.15899,9.154726251591676,3.4103764040624522,3.999999931767356
15.92631,14.03467,46.4197,4211.5933,1.77379,40.18535,8.88648028548739,3.310447723712459,3.999999931767356
15.96934,14.07249,46.61765,4206.24693,1.81867,40.21137,8.620564274386327,3.211387012905974,3.999999931767356
16.0123,14.11029,46.81998,4201.03761,1.85809,40.23705,8.357964272786361,3.1135616028881055,3.999999931767356
16.05519,14.14807,47.02609,4195.96463,1.8921,40.2624,8.099551708538867,3.0172961234621423,3.999999931767356
16.09801,14.18582,47.2354,4191.0268,1.9208,40.28743,7.846086704564039,2.9228737404158927,3.999999931767356
16.14076,14.22356,47.44732,4186.22249,1.94427,40.31213,7.598222720447164,2.830537884638432,3.999999931767356
16.18344,14.26128,47.6613,4181.54973,1.96263,40.33653,7.356512219889542,2.74049436339469,3.999999931767356
16.22606,14.29899,47.87677,4177.00622,1.976,40.36062,7.121413092960819,2.652913752783422,3.999999931767356
16.26862,14.33668,48.0932,4172.58941,1.98451,40.38443,6.8932955893852625,2.5679339805687755,3.999999931767356
16.31112,14.37436,48.31008,4168.29653,1.98831,40.40795,6.672449548898006,2.4856630196782286,3.999999931767356
16.35356,14.41202,48.5269,4164.12463,1.98754,40.4312,6.459091745236888,2.406181624032788,3.999999931767356
16.39594,14.44967,48.74318,4160.07061,1.98235,40.45419,6.2533731904778875,2.3295460496041205,3.999999931767356
16.43826,14.48731,48.95846,4156.13127,1.97288,40.47693,6.055386275042879,2.255790714255314,3.999999931767356
16.48053,14.52494,49.17228,4152.30335,1.95931,40.49944,5.865171645225169,2.1849307598000944,3.999999931767356
16.52275,14.56256,49.38422,4148.58352,1.94177,40.52171,5.682724744018136,2.1169644886335917,3.999999931767356
16.56491,14.60017,49.59386,4144.96842,1.92044,40.54378,5.508001962146985,2.051875655153517,3.999999931767356
16.60703,14.63777,49.8008,4141.45472,1.89546,40.56564,5.3409263644369345,1.989635598982976,3.999999931767356
16.64909,14.67536,50.00468,4138.03905,1.86699,40.5873,5.181392972085797,1.9302052127559968,3.999999931767356
16.69111,14.71295,50.20513,4134.71811,1.83518,40.60879,5.029273594135893,1.8735367419679374,3.999999931767356
16.73307,14.75054,50.40181,4131.48861,1.80018,40.63011,4.884421211758824,1.8195754182369195,3.999999931767356
16.775,14.78811,50.59438,4128.34733,1.76213,40.65126,4.746673927000894,1.7682609303153995,3.999999931767356
16.81687,14.82569,50.78255,4125.2911,1.72119,40.67227,4.615858493797504,1.7195287394859373,3.999999931767356
16.85871,14.86326,50.96601,4122.3168,1.6775,40.69313,4.491793453488705,1.673311247623238,3.999999931767356
16.9005,14.90083,51.14448,4119.42139,1.63118,40.71387,4.374291900085685,1.6295388273286742,3.999999931767356
16.94224,14.93839,51.31771,4116.6019,1.58238,40.73449,4.2631639023914225,1.5881407242339665,3.999999931767356
16.98395,14.97596,51.48543,4113.85544,1.53122,40.75499,4.158218610927427,1.549045841886825,3.999999931767356
17.02562,15.01352,51.64742,4111.17918,1.47783,40.77539,4.05926607772432,1.512183419670824,3.999999931767356
17.06724,15.05108,51.80344,4108.57038,1.42234,40.7957,3.9661188165582124,1.477483614034505,3.999999931767356
17.10883,15.08865,51.9533,4106.02634,1.36485,40.81593,3.8785931302411973,1.4448779929420092,3.999999931767356
17.15038,15.12621,52.09678,4103.54448,1.3055,40.83608,3.7965102303199196,1.414299952990255,3.999999931767356
17.19189,15.16378,52.23372,4101.12225,1.24438,40.85616,3.7196971730391235,1.3856850680799848,3.999999931767356
17.23337,15.20134,52.36392,4098.75719,1.18162,40.87618,3.647987633790628,1.3589713779183876,3.999999931767356
17.27481,15.23891,52.48723,4096.44689,1.1173,40.89615,3.5812225405631373,1.3340996239958194,3.999999931767356
17.31621,15.27648,52.60351,4094.18901,1.05155,40.91608,3.5192505851927405,1.3110134400400655,3.999999931767356
17.35758,15.31406,52.7126,4091.98126,0.98444,40.93596,3.461928629499009,1.2896595033127247,3.999999931767356
17.39892,15.35164,52.81438,4089.82141,0.91609,40.95581,3.409122021755458,1.269987652502781,3.999999931767356
17.44022,15.38922,52.90872,4087.70727,0.84659,40.97564,3.360704837347242,1.251950977377928,3.999999931767356
17.48149,15.42681,52.99553,4085.63671,0.77602,40.99545,3.3165600559977695,1.2355058848061475,3.999999931767356
17.52272,15.4644,53.0747,4083.60761,0.70448,41.01525,3.2765796865321093,1.2206121452333578,3.999999931767356
17.56392,15.502,53.14613,4081.61793,0.63206,41.03504,3.240664848847541,1.2072329232196042,3.999999931767356
17.60509,15.5396,53.20975,4079.66561,0.55883,41.05483,3.208725821575334,1.1953347951943227,3.999999931767356
17.64623,15.57721,53.26548,4077.74866,0.48488,41.07462,3.180682062784889,1.1848877571691798,3.999999931767356
17.68734,15.61482,53.31325,4075.86509,0.4103,41.09443,3.156462210099029,1.1758652247810197,3.999999931767356
17.72842,15.65244,53.35302,4074.01293,0.33516,41.11426,3.136004065622183,1.1682440276772172,3.999999931767356
17.76946,15.69007,53.38473,4072.19023,0.25955,41.13411,3.119254570264353,1.162004399950679,3.999999931767356
17.81048,15.72771,53.40835,4070.39503,0.18354,41.15398,3.1061697712272403,1.1571299680275715,3.999999931767356
17.85146,15.76535,53.42384,4068.62538,0.10721,41.17389,3.096714785715448,1.1536077371487878,3.999999931767356
17.89241,15.803,53.43118,4066.87934,0.03064,41.19384,3.090863763243581,1.151428077328351,3.999999931767356
17.93334,15.84065,53.43036,4065.15495,-0.0461,41.21383,3.08859984829472,1.150584709442713,3.999999931767356
17.97423,15.87832,53.42137,4063.45024,-0.12293,41.23388,3.089915144463817,1.1510746918732264,3.999999931767356
18.0151,15.91599,53.40421,4061.76322,-0.19978,41.25398,3.094810680665043,1.1528984079174929,3.999999931767356
18.05593,15.95367,53.37889,4060.09189,-0.27656,41.27414,3.1032963793988397,1.1560595539680034,3.999999931767356
18.09674,15.99136,53.34542,4058.43421,-0.3532,41.29436,3.115391026538611,1.1605651282568867,3.999999931767356
18.13751,16.02906,53.30384,4056.78811,-0.42963,41.31466,3.1311222415148707,1.1664254197487205,3.999999931767356
18.17826,16.06676,53.25418,4055.15148,-0.50577,41.33503,3.150526446223355,1.173653996557984,3.999999931767356
18.21898,16.10448,53.19647,4053.52218,-0.58153,41.35548,3.1736488303797574,1.1822676930427862,3.999999931767356
18.25967,16.1422,53.13077,4051.89802,-0.65684,41.37602,3.2005433104326393,1.1922865944988434,3.999999931767356
18.30033,16.17994,53.05714,4050.27673,-0.73162,41.39666,3.231272478479837,1.2037340181294969,3.999999931767356
18.34096,16.21768,52.97565,4048.65602,-0.80578,41.41739,3.2659075369544683,1.2166364887145318,3.999999931767356
18.38156,16.25543,52.88636,4047.03352,-0.87924,41.43823,3.3045282140808996,1.2310237071152998,3.999999931767356
18.42213,16.29319,52.78937,4045.40679,-0.95192,41.45917,3.3472226543128847,1.246928509460045,3.999999931767356
18.46267,16.33096,52.68477,4043.77331,-1.02373,41.48024,3.394087277092454,1.264386814527872,3.999999931767356
18.50318,16.36874,52.57266,4042.13051,-1.09458,41.50142,3.445226596368287,1.283437556514591,3.999999931767356
18.54366,16.40652,52.45316,4040.4757,-1.16437,41.52274,3.5007529922890237,1.3041225999824704,3.999999931767356
18.58411,16.44432,52.32639,4038.80612,-1.23301,41.54419,3.56078642547538,1.3264866334190804,3.999999931767356
18.62453,16.48213,52.19248,4037.11893,-1.30041,41.56578,3.6254540831316215,1.3505770374045074,3.999999931767356
18.66492,16.51994,52.05158,4035.41116,-1.36647,41.58752,3.6948899451289217,1.3764437229659852,3.999999931767356
18.70528,16.55776,51.90383,4033.67977,-1.43107,41.60942,3.7692342569669246,1.4041389352422127,3.999999931767356
18.74561,16.5956,51.74942,4031.92158,-1.49413,41.63148,3.8486328953251334,1.4337170171345517,3.999999931767356
18.7859,16.63344,51.5885,4030.13334,-1.55552,41.65371,3.9332366106812935,1.4652341271624458,3.999999931767356
18.82617,16.67129,51.42128,4028.31166,-1.61514,41.67612,4.0232001303152165,1.4987479053087445,3.999999931767356
18.8664,16.70915,51.24795,4026.45303,-1.67286,41.69871,4.118681103889924,1.5343170802209354,3.999999931767356
18.9066,16.74701,51.06872,4024.55384,-1.72858,41.7215,4.219838872854758,1.5720010107814253,3.999999931767356
18.94676,16.78489,50.88383,4022.61035,-1.78217,41.74449,4.326833044113488,1.6118591547613774,3.999999931767356
18.98689,16.82277,50.6935,4020.6187,-1.8335,41.76769,4.439821847894165,1.6539504570840295,3.999999931767356
19.02699,16.86066,50.49799,4018.57492,-1.88244,41.79111,4.55896025960733,1.6983326501674556,3.999999931767356
19.06705,16.89856,50.29757,4016.47489,-1.92886,41.81477,4.684397865773554,1.745061458926428,3.999999931767356
19.10707,16.93646,50.09252,4014.31443,-1.97263,41.83866,4.8162764549936785,1.7941897033454415,3.999999931767356
19.14706,16.97437,49.88313,4012.08919,-2.0136,41.86279,4.954727316552832,1.8457662921376365,3.999999931767356
19.18701,17.01229,49.66971,4009.79475,-2.05164,41.88719,5.099868231688154,1.8998351019128576,3.999999931767356
19.22692,17.05021,49.45259,4007.42658,-2.0866,41.91185,5.251800146066237,1.9564337375879515,3.999999931767356
19.2668,17.08813,49.2321,4004.98008,-2.11833,41.93679,5.410603516668401,2.015592171505409,3.999999931767356
19.30663,17.12607,49.00859,4002.45054,-2.14668,41.96202,5.576334332304931,2.0773312609702175,3.999999931767356
19.34642,17.164,48.78245,3999.83321,-2.1715,41.98754,5.749019814492118,2.1416611467134357,3.999999931767356
19.38618,17.20194,48.55405,3997.12331,-2.19266,42.01337,5.928653814571562,2.208579538198028,3.999999931767356
19.42588,17.23988,48.3238,3994.31601,-2.20998,42.03952,6.115191933866933,2.2780698957488625,3.999999931767356
19.46555,17.27783,48.09211,3991.40648,-2.22333,42.066,6.308546406293018,2.3500995241899334,3.999999931767356
19.50517,17.31578,47.85941,3988.38994,-2.23256,42.09282,6.508580797347374,2.424617598079273,3.999999931767356
19.54474,17.35372,47.62615,3985.26164,-2.23752,42.11998,6.715104589492645,2.5015531446213957,3.999999931767356
19.58427,17.39167,47.39279,3982.01691,-2.23808,42.1475,6.927867741492168,2.580813016876666,3.999999931767356
19.62375,17.42962,47.15979,3978.65124,-2.23409,42.17539,7.146555327977371,2.662279896859105,3.999999931767356
19.66317,17.46757,46.92766,3975.16024,-2.22544,42.20365,7.37078238474823,2.7458103752751866,3.999999931767356
19.70255,17.50551,46.69688,3971.53974,-2.212,42.23229,7.600089104506949,2.831233161808222,3.999999931767356
19.74188,17.54345,46.46796,3967.78584,-2.19366,42.26132,7.833936545988683,2.9183474866566597,3.999999931767356
19.78115,17.58139,46.24142,3963.8949,-2.17033,42.29075,8.071703035735155,3.006921760100079,3.999999931767356
19.82036,17.61932,46.01779,3959.86366,-2.14192,42.32058,8.312681454891989,3.0966925617598067,3.999999931767356
19.85952,17.65725,45.7976,3955.68924,-2.10837,42.35081,8.556077612075244,3.187364034448892,3.999999931767356
19.89862,17.69516,45.58139,3951.36922,-2.06962,42.38146,8.801009906117473,3.278607758536139,3.999999931767356
19.93765,17.73308,45.36969,3946.90168,-2.02564,42.41251,9.046510477995074,3.3700631810693515,3.999999931767356
19.97663,17.77098,45.16304,3942.28527,-1.97642,42.44397,9.291528038070764,3.4613386689975463,3.999999931767356
20.01554,17.80887,44.96198,3937.51925,-1.92198,42.47584,9.534932532002673,3.552013247344858,3.999999931767356
20.05439,17.84675,44.76704,3932.60352,-1.86234,42.50812,9.775521775200536,3.641639070720034,3.999999931767356
20.09317,17.88461,44.57874,3927.5387,-1.79759,42.5408,10.012030141590527,3.729744660109945,3.999999931767356
20.13188,17.92247,44.3976,3922.32614,-1.7278,42.57387,10.243139337627543,3.8158389164826523,3.999999931767356
20.17052,17.9603,44.22412,3916.96797,-1.65309,42.60732,10.467491228141615,3.8994158987526535,3.999999931767356
20.20909,17.99812,44.05877,3911.46714,-1.57363,42.64115,10.683702608357397,3.9799603267468253,3.999999931767356
20.24759,18.03593,43.90202,3905.82738,-1.48959,42.67534,10.890381738834515,4.05695374090476,3.999999931767356
20.28601,18.07371,43.75431,3900.05326,-1.40117,42.70987,11.086146380499642,4.129881220802742,3.999999931767356
20.32436,18.11147,43.61605,3894.1502,-1.30863,42.74473,11.269642988989686,4.198238535551626,3.999999931767356
20.36262,18.14922,43.48763,3888.12439,-1.21224,42.7799,11.439566656046859,4.261539572491185,3.999999931767356
20.40081,18.18694,43.36939,3881.98283,-1.11229,42.81536,11.594681324592965,4.319323867837169,3.999999931767356
20.43892,18.22463,43.26166,3875.73325,-1.00912,42.85108,11.733839758226122,4.371164045844272,3.999999931767356
20.47694,18.26231,43.16471,3869.38408,-0.90307,42.88703,11.85600271881132,4.416672962963202,3.999999931767356
20.51488,18.29995,43.07878,3862.9444,-0.79453,42.9232,11.960256800670203,4.45551035154562,3.999999931767356
20.55274,18.33757,43.00407,3856.42386,-0.68388,42.95955,12.045830388406925,4.487388764554152,3.999999931767356
20.59051,18.37516,42.94074,3849.83259,-0.57156,42.99606,12.112107248214755,4.512078638681701,3.999999931767356
20.62819,18.41273,42.88889,3843.18113,-0.45798,43.03268,12.15863732830465,4.529412317795277,3.999999931767356
20.66579,18.45026,42.84859,3836.48034,-0.34357,43.06941,12.185144430495534,4.539286910805214,3.999999931767356
20.7033,18.48777,42.81987,3829.74128,-0.2288,43.10619,12.19153051775801,4.541665896338555,3.999999931767356
20.74072,18.52524,42.8027,3822.97516,-0.1141,43.143,12.177876536592352,4.536579429096482,3.999999931767356
20.77806,18.56268,42.797,3816.19316,8e-05,43.17982,12.144439752544107,4.5241233472637745,3.999999931767356
20.8153,18.60009,42.80267,3809.40644,0.1133,43.2166,12.091647715597427,4.5044569244590456,3.999999931767356
20.85246,18.63747,42.81954,3802.62594,0.22513,43.25332,12.020089083545397,4.477799451198739,3.999999931767356
20.88952,18.67481,42.84742,3795.86236,0.33515,43.28994,11.930501630100013,4.444425767602567,3.999999931767356
20.9265,18.71213,42.88606,3789.12604,0.44295,43.32645,11.823757845878927,4.4046608993822165,3.999999931767356
20.96339,18.74941,42.9352,3782.42692,0.54816,43.36282,11.700848601281931,4.358873971832979,3.999999931767356
21.00019,18.78666,42.99452,3775.77443,0.65041,43.39901,11.562865378422241,4.307471590760649,3.999999931767356
21.03691,18.82387,43.06366,3769.17746,0.74936,43.43501,11.410981594739738,4.250890885036054,3.999999931767356
21.07353,18.86106,43.14227,3762.64433,0.8447,43.47079,11.24643353423749,4.189592402978927,3.999999931767356
21.11008,18.89821,43.22994,3756.18269,0.93615,43.50633,11.070501375826465,4.124053044917136,3.999999931767356
21.14653,18.93533,43.32623,3749.79959,1.02344,43.54163,10.884490765103342,4.05475919818905,3.999999931767356
21.1829,18.97242,43.43071,3743.50135,1.10635,43.57665,10.6897153196286,3.982200219899304,3.999999931767356
21.21919,19.00947,43.54292,3737.29367,1.18468,43.61139,10.487480392594382,3.9068623884578795,3.999999931767356
21.2554,19.0465,43.66236,3731.18152,1.25826,43.64584,10.279068349559676,3.82922341877657,3.999999931767356
21.29152,19.0835,43.78855,3725.16924,1.32694,43.67998,10.06572554149972,3.7497476093871205,3.999999931767356
21.32757,19.12047,43.92099,3719.26051,1.39062,43.71381,9.848651088154908,3.668881663943564,3.999999931767356
21.36353,19.15741,44.05916,3713.45836,1.44921,43.74733,9.62898752111406,3.5870512055245536,3.999999931767356
21.39942,19.19432,44.20256,3707.76525,1.50264,43.78052,9.40781327853367,3.5046579807187968,3.999999931767356
21.43524,19.23121,44.35068,3702.18304,1.55088,43.81339,9.186136994026791,3.4220777320859073,3.999999931767356
21.47097,19.26807,44.50299,3696.71308,1.59392,43.84594,8.96489348199983,3.3396587025887143,3.999999931767356
21.50664,19.3049,44.65901,3691.35613,1.63225,43.86379,8.744911259033886,3.257709536453263,0.0
21.54225,19.3417,44.81826,3686.11254,1.6654,43.88164,8.526945518719383,3.1765115631623257,0.0
21.5778,19.37847,44.98023,3680.98229,1.6934,43.89952,8.311706961674666,3.0963295373958943,0.0
21.61328,19.4152,45.14443,3675.96498,1.71632,43.9174,8.099830114438634,3.0173998369851054,0.0
21.6487,19.45191,45.31036,3671.05983,1.73422,43.9353,7.891875609696485,2.9399313123563315,0.0
21.68407,19.48858,45.47756,3666.26579,1.7472,43.95321,7.688333097595693,2.8641063710729755,0.0
21.71937,19.52523,45.64556,3661.58151,1.75536,43.97114,7.489624754413511,2.7900822849064406,0.0
21.75462,19.56186,45.8139,3657.00538,1.75879,43.98909,7.296109241157956,2.7179926645191532,0.0
21.78982,19.59845,45.98214,3652.5356,1.75762,44.00705,7.108085978587492,2.6479490520218745,0.0
21.82496,19.63502,46.14984,3648.17018,1.75197,44.02504,6.925799620104564,2.5800425872442343,0.0
21.86005,19.67157,46.3166,3643.90698,1.74198,44.04305,6.749444619559153,2.5143457093617396,0.0
21.89509,19.7081,46.48202,3639.74372,1.72777,44.06108,6.579169806311509,2.450913861227019,0.0
21.93007,19.74461,46.6457,3635.67802,1.70949,44.07913,6.415082894704838,2.3897871692670516,0.0
21.96501,19.78109,46.80727,3631.70742,1.68727,44.0972,6.257254868971119,2.330992076975957,0.0
21.9999,19.81756,46.96638,3627.82939,1.66125,44.1153,6.105724197262372,2.274542914752521,0.0
22.03474,19.85401,47.12268,3624.04134,1.6316,44.13342,5.960500839914975,2.2204433930841168,0.0
22.06953,19.89044,47.27583,3620.34065,1.59843,44.15157,5.8215700271162705,2.1686880098269126,0.0
22.10428,19.92685,47.42554,3616.72469,1.56192,44.16975,5.688895789796841,2.119263365556146,0.0
22.13898,19.96325,47.57148,3613.19081,1.52218,44.18795,5.562424234976556,2.0721493837187097,0.0
22.17363,19.99964,47.71338,3609.73634,1.47938,44.20618,5.442086562913196,2.027320434600396,0.0
22.20825,20.03601,47.85097,3606.35866,1.43365,44.22444,5.32780182840788,1.984746363984827,0.0
22.24282,20.07237,47.98399,3603.05511,1.38513,44.24273,5.219479452558206,1.9443934288475822,0.0
22.27735,20.10872,48.11218,3599.82308,1.33397,44.26105,5.117021494362682,1.906225143588623,0.0
22.31183,20.14505,48.23532,3596.65999,1.28029,44.2794,5.020324693771858,1.8702030411225947,0.0
22.34628,20.18138,48.35319,3593.56324,1.22424,44.29778,4.929282299416495,1.8362873537556568,0.0
22.38069,20.2177,48.46559,3590.5303,1.16594,44.3162,4.843785695222393,1.80443761914231,0.0
22.41505,20.254,48.57231,3587.55866,1.10553,44.33464,4.763725840638382,1.7746132168082143,0.0
22.44938,20.2903,48.67318,3584.64581,1.04313,44.35312,4.688994539375337,1.7467738407888538,0.0
22.48367,20.32659,48.76803,3581.7893,0.97887,44.37163,4.619485551339176,1.720879913853838,0.0
22.51792,20.36287,48.8567,3578.98669,0.91287,44.39018,4.555095562055703,1.6968929486431625,0.0
22.55214,20.39915,48.93905,3576.23558,0.84526,44.40875,4.49572502325827,1.6747758608082273,0.0
22.58632,20.43541,49.01493,3573.53358,0.77616,44.42737,4.441278877576593,1.6544932389774922,0.0
22.62046,20.47168,49.08423,3570.87832,0.70567,44.44602,4.391667179430461,1.6360115760557172,0.0
22.65457,20.50793,49.14683,3568.26746,0.63392,44.4647,4.346805623308996,1.6192994660218902,0.0
22.68864,20.54419,49.20263,3565.69868,0.56102,44.48342,4.306615989703964,1.6043277700511134,0.0
22.72267,20.58043,49.25154,3563.16965,0.48709,44.50217,4.271026517982879,1.5910697554196511,0.0
22.75667,20.61668,49.29348,3560.67808,0.41222,44.52096,4.239972214546246,1.5795012103016064,0.0
22.79064,20.65291,49.32837,3558.22167,0.33654,44.53979,4.213395103645758,1.5696005372053008,0.0
22.82457,20.68915,49.35616,3555.79813,0.26015,44.55865,4.191244427335932,1.5613488274605205,0.0
22.85847,20.72538,49.37679,3553.40515,0.18315,44.57755,4.173476800089052,1.5547299188166488,0.0
22.89233,20.76161,49.39023,3551.04044,0.10566,44.59648,4.160056322752572,1.5497304378947996,0.0
22.92616,20.79784,49.39643,3548.70169,0.02778,44.61545,4.150954659645368,1.5463398289081973,0.0
22.95996,20.83406,49.39538,3546.38658,-0.05039,44.63446,4.146151081768983,1.5445503697595033,0.0
22.99373,20.87028,49.38707,3544.09278,-0.12875,44.65351,4.1456324782887926,1.5443571763178534,0.0
23.02746,20.9065,49.37149,3541.81791,-0.20717,44.67259,4.149393337659097,1.5457581953874575,0.0
23.06116,20.94272,49.34865,3539.5596,-0.28558,44.69171,4.157435698987455,1.5487541865895325,0.0
23.09482,20.97893,49.31857,3537.31542,-0.36384,44.71086,4.169769073449628,1.5533486930873046,0.0
23.12846,21.01515,49.28128,3535.08295,-0.44188,44.73006,4.186410334854912,1.5595480008187121,0.0
23.16206,21.05136,49.2368,3532.85967,-0.51956,44.74929,4.2073835776622825,1.5673610856036881,0.0
23.19563,21.08757,49.18519,3530.64308,-0.5968,44.76855,4.232719940046826,1.5767995472317458,0.0
23.22917,21.12378,49.12649,3528.43058,-0.67348,44.78785,4.262457388837116,1.5878775293454968,0.0
23.26267,21.15999,49.06079,3526.21957,-0.7495,44.80719,4.296640462414359,1.6006116236638166,0.0
23.29614,21.19619,48.98814,3524.00734,-0.82474,44.82657,4.335319966928165,1.6150207568142236,0.0
23.32958,21.2324,48.90865,3521.79118,-0.89909,44.84598,4.378552620420242,1.6311260577595963,0.0
23.36299,21.2686,48.82239,3519.56828,-0.97244,44.86543,4.426400638736837,1.648950703539659,0.0
23.39636,21.3048,48.72949,3517.33578,-1.04468,44.88491,4.478931256375805,1.668519740773909,0.0
23.4297,21.341,48.63005,3515.09073,-1.11569,44.90443,4.536216174728505,1.6898598801172042,0.0
23.46301,21.3772,48.5242,3512.83016,-1.18535,44.92398,4.598330929507748,1.712999260610032,0.0
23.49629,21.41339,48.41209,3510.55096,-1.25355,44.94357,4.665354168566597,1.7379671806470067,0.0
23.52953,21.44959,48.29385,3508.25001,-1.32016,44.96319,4.73736683075873,1.7647937920807537,0.0
23.56274,21.48578,48.16966,3505.92406,-1.38505,44.98285,4.814451216085965,1.7935097538273927,0.0
23.59591,21.52196,48.03968,3503.56981,-1.4481,45.00254,4.89668993705054,1.8241458412176739,0.0
23.62905,21.55815,47.9041,3501.18388,-1.50919,45.02226,4.984164741040829,1.8567325073046694,0.0
23.66216,21.59433,47.76312,3498.76281,-1.56818,45.04202,5.076955193614517,1.8912993923521122,0.0
23.69523,21.63051,47.61693,3496.30306,-1.62494,45.06181,5.17513721290189,1.9278747778610612,0.0
23.72826,21.66668,47.46576,3493.80102,-1.67933,45.08163,5.278781446013705,1.9664849817391103,0.0
23.76126,21.70285,47.30984,3491.25299,-1.73122,45.10148,5.38795147932695,2.007153691584746,0.0
23.79423,21.73901,47.14942,3488.65524,-1.78047,45.12136,5.502701875997689,2.049901233609244,0.0
23.82716,21.77517,46.98475,3486.00394,-1.82695,45.14128,5.623076036006782,2.0947437754473985,0.0
23.86005,21.81132,46.8161,3483.29522,-1.8705,45.16122,5.749103876547506,2.141692462040873,0.0
23.89291,21.84746,46.64376,3480.52517,-1.911,45.18119,5.880799333750511,2.190752484965017,0.0
23.92572,21.8836,46.46801,3477.68982,-1.94829,45.20119,6.018157690581953,2.241922087000609,0.0
23.9585,21.91973,46.28916,3474.78518,-1.98224,45.22121,6.161152740349959,2.2951915054653895,0.0
23.99124,21.95585,46.10754,3471.80727,-2.0127,45.24126,6.30973380067434,2.3505418598392023,0.0
24.02394,21.99197,45.92347,3468.75207,-2.03953,45.26134,6.463822598947441,2.4079439915162215,0.0
24.0566,22.02807,45.73731,3465.61561,-2.06261,45.28144,6.623310057311493,2.467357266124415,0.0
24.08922,22.06416,45.5494,3462.39394,-2.08178,45.30157,6.788053012956953,2.5287283517503885,0.0
24.12179,22.10024,45.36011,3459.08316,-2.09692,45.32172,6.9578709179038,2.591989989521081,0.0
24.15433,22.1363,45.16982,3455.67946,-2.1079,45.34189,7.132542571395216,2.657059776334437,0.0
24.18682,22.17236,44.97892,3452.17913,-2.1146,45.36208,7.311802947291756,2.7238389829802534,0.0
24.21927,22.2084,44.78782,3448.5786,-2.11691,45.38229,7.495340188169652,2.7922114343627156,0.0
24.25167,22.24442,44.5969,3444.87445,-2.11471,45.40252,7.682792846868954,2.862042481904495,0.0
24.28403,22.28043,44.40661,3441.06344,-2.1079,45.42276,7.873747464670391,2.933178101353909,0.0
24.31633,22.31642,44.21734,3437.14257,-2.0964,45.44303,8.06773658244298,3.005444151885076,0.0
24.3486,22.35239,44.02955,3433.10908,-2.08013,45.4633,8.264237286794769,3.0786458345008154,0.0
24.38081,22.38834,43.84365,3428.96053,-2.05903,45.4836,8.462670396489617,3.15256738895149,0.0
24.41297,22.42427,43.6601,3424.69476,-2.03305,45.5039,8.662400394998528,3.226972068608601,0.0
24.44509,22.46018,43.47932,3420.31,-2.00215,45.52422,8.862736212092415,3.3016024316286603,0.0
24.47715,22.49607,43.30176,3415.80487,-1.96632,45.54454,9.062932950559928,3.376180984201018,0.0
24.50915,22.53193,43.12785,3411.17842,-1.92556,45.56488,9.262194642846062,3.450411207468266,0.0
24.54111,22.56776,42.95804,3406.43014,-1.87989,45.58522,9.459678106394549,3.523978993742725,0.0
24.57301,22.60357,42.79276,3401.56005,-1.82936,45.60557,9.654497945598393,3.596554509864632,0.0
24.60485,22.63935,42.63242,3396.56865,-1.77404,45.62593,9.845732722548867,3.667794495968493,0.0
24.63664,22.6751,42.47744,3391.45701,-1.714,45.64628,10.032432288666893,3.737344996708689,0.0
24.66836,22.71082,42.32823,3386.22675,-1.64938,45.66664,10.213626235340367,3.8048445093442225,0.0
24.70003,22.74651,42.18517,3380.88007,-1.58031,45.68701,10.388333384906364,3.869927519379318,0.0
24.73164,22.78216,42.04864,3375.41975,-1.50695,45.70737,10.555572204991499,3.932228380179216,0.0
24.76319,22.81778,41.91899,3369.84919,-1.42948,45.72773,10.714371990743688,3.9913854786457352,0.0
24.79467,22.85336,41.79655,3364.17233,-1.34814,45.74809,10.863784622781763,4.047045615362868,0.0
24.8261,22.88891,41.68164,3358.39374,-1.26314,45.76845,11.00289667547516,4.0988685152495545,0.0
24.85745,22.92441,41.57454,3352.5185,-1.17476,45.7888,11.130841622355993,4.146531374396823,0.0
24.88874,22.95988,41.47552,3346.55226,-1.08328,45.80914,11.24681186495117,4.189733341124253,0.0
24.91997,22.9953,41.38481,3340.50118,-0.98901,45.82948,11.350070299469904,4.228199824875406,0.0
24.95113,23.03069,41.3026,3334.37187,-0.89226,45.84981,11.439961134008458,4.261686525911221,0.0
24.98222,23.06603,41.22909,3328.17138,-0.79339,45.87014,11.515919677823456,4.2899830820718785,0.0
25.01324,23.10133,41.16439,3321.90714,-0.69274,45.89045,11.57748084403224,4.312916236256418,0.0
25.04419,23.13658,41.10863,3315.58687,-0.59069,45.91076,11.624286137404289,4.330352439558894,0.0
25.07508,23.17179,41.06187,3309.21861,-0.48762,45.93106,11.65608893875858,4.3421998198454315,0.0
25.10589,23.20695,41.02415,3302.81055,-0.38391,45.95134,11.672757945185813,4.348409463327531,0.0
25.13664,23.24206,40.99547,3296.37105,-0.27996,45.97161,11.67427867893587,4.34897597666234,0.0
25.16731,23.27713,40.97581,3289.90855,-0.17615,45.99188,11.660753034908593,4.343937318381066,0.0
25.19791,23.31215,40.9651,3283.43147,-0.07288,46.01213,11.632396894656834,4.333373910042333,0.0
25.22844,23.34712,40.96324,3276.94821,0.02948,46.03237,11.589535890965708,4.317407058426509,0.0
25.2589,23.38204,40.97011,3270.46703,0.13053,46.0526,11.532599459120679,4.296196739476553,0.0
25.28928,23.41691,40.98554,3263.99604,0.22993,46.07281,11.462113356367436,4.269938811599989,0.0
25.3196,23.45174,41.00934,3257.5431,0.3273,46.09301,11.378690868434465,4.238861739867197,0.0
25.34984,23.48651,41.04128,3251.11581,0.42231,46.11321,11.283022949732104,4.203222922976132,0.0
25.38001,23.52124,41.08114,3244.72145,0.51465,46.13339,11.175867561411547,4.163304721398774,0.0
25.41011,23.55592,41.12862,3238.36694,0.604,46.15356,11.058038478862322,4.119410287879439,0.0
25.44014,23.59055,41.18345,3232.05878,0.69008,46.17372,10.930393837516563,4.0718593004454995,0.0
25.4701,23.62513,41.2453,3225.80308,0.77264,46.19387,10.793824674283028,4.02098369379006,0.0
25.5,23.65966,41.31383,3219.6055,0.85144,46.21401,10.649243702558145,3.967123477668225,0.0
25.52982,23.69415,41.3887,3213.47125,0.92625,46.23415,10.497574533128384,3.910622721399617,0.0
25.55957,23.72859,41.46955,3207.40507,0.9969,46.25427,10.339741523109376,3.8518257723311082,0.0
25.58926,23.76299,41.55599,3201.41121,1.0632,46.27439,10.176660401950095,3.7910737637767324,0.0
25.61888,23.79734,41.64763,3195.4935,1.12502,46.2945,10.009229789198077,3.7287014551620516,0.0
25.64843,23.83164,41.74407,3189.65525,1.18224,46.31461,9.838323684564033,3.665034434375621,0.0
25.67792,23.86591,41.84492,3183.89937,1.23476,46.33471,9.664784978194165,3.6003867001746745,0.0
25.70734,23.90013,41.94977,3178.22829,1.28251,46.35481,9.48941999890977,3.535058631260936,0.0
25.7367,23.93431,42.05819,3172.64405,1.32542,46.37491,9.312994091328054,3.46933533864174,0.0
25.76599,23.96844,42.16979,3167.14827,1.36347,46.395,9.136228189754194,3.4034853893146915,0.0
25.79522,24.00254,42.28414,3161.74217,1.39664,46.41509,8.959796337685896,3.3377598822178354,0.0
25.8244,24.0366,42.40084,3156.42664,1.42493,46.43519,8.784324086982862,3.272391851878172,0.0
25.85351,24.07062,42.51948,3151.20222,1.44837,46.45528,8.610387699779666,3.207595971103199,0.0
25.88256,24.1046,42.63966,3146.06911,1.46698,46.47538,8.438514069131143,3.1435685214192333,0.0
25.91155,24.13855,42.76097,3141.02726,1.48082,46.49548,8.26918127050537,3.0804875985170557,0.0
25.94049,24.17246,42.88304,3136.07633,1.48994,46.51559,8.10281965539362,3.0185135196503947,0.0
25.96937,24.20634,43.00548,3131.21572,1.49444,46.5357,7.939813399820265,2.9577894004966083,0.0
25.9982,24.24018,43.1279,3126.44463,1.49437,46.55581,7.780502424104029,2.8984418703182646,0.0
26.02697,24.27399,43.24996,3121.76206,1.48986,46.57594,7.625184605265185,2.84058189614303,0.0
26.05568,24.30777,43.37128,3117.16682,1.48098,46.59607,7.47411820959286,2.784305688958999,0.0
26.08434,24.34152,43.49154,3112.65755,1.46786,46.61621,7.327524479815362,2.729695667503713,0.0
26.11295,24.37525,43.61038,3108.23277,1.45062,46.63636,7.1855903184953975,2.6768214578994836,0.0
26.14151,24.40894,43.72749,3103.89086,1.42936,46.65653,7.048471016700993,2.6257409101551037,0.0
26.17002,24.4426,43.84255,3099.63008,1.40423,46.6767,6.916292984167657,2.5765011152230914,0.0
26.19848,24.47624,43.95527,3095.44863,1.37535,46.69689,6.789156444179009,2.529139408913627,0.0
26.22689,24.50985,44.06535,3091.34459,1.34285,46.71709,6.667138062863113,2.4836843513766222,0.0
26.25526,24.54344,44.17251,3087.31597,1.30687,46.7373,6.5502934886339315,2.4401566731104762,0.0
26.28357,24.57701,44.2765,3083.36075,1.26756,46.75753,6.43865978292081,2.3985701804727646,0.0
26.31184,24.61055,44.37705,3079.47684,1.22504,46.77778,6.33225772816877,2.358932615471077,0.0
26.34006,24.64406,44.47393,3075.66209,1.17946,46.79804,6.231094003327881,2.3212464661900487,0.0
26.36824,24.67756,44.56691,3071.91435,1.13096,46.81832,6.135163220692384,2.2855097255675245,0.0
26.39637,24.71103,44.65576,3068.23141,1.07969,46.83861,6.044449821029436,2.2517165973798834,0.0
26.42446,24.74449,44.74028,3064.61105,1.02578,46.85893,5.958929826498632,2.2198581492506784,0.0
26.45251,24.77792,44.82029,3061.05102,0.96937,46.87926,5.878572452958977,2.18992291327741,0.0
26.48051,24.81134,44.89559,3057.54906,0.91062,46.89961,5.803341584885274,2.1618974354766856,0.0
26.50847,24.84474,44.96601,3054.1029,0.84966,46.91999,5.733197117395792,2.135766775724837,0.0
26.53639,24.87812,45.0314,3050.71025,0.78662,46.94038,5.668096170817528,2.1115149602154397,0.0
26.56427,24.91148,45.09161,3047.3688,0.72166,46.96079,5.607994183828071,2.0891253886834145,0.0
26.5921,24.94482,45.1465,3044.07625,0.6549,46.98123,5.552845891602842,2.0685811987906195,0.0
26.6199,24.97815,45.19595,3040.83028,0.58648,47.00169,5.5026061955664245,2.049865590131095,0.0
26.64766,25.01146,45.23984,3037.62856,0.51655,47.02216,5.457230931306457,2.032962110299201,0.0
26.67537,25.04476,45.27807,3034.46875,0.44524,47.04267,5.416677541071957,2.017854905412934,0.0
26.70305,25.07804,45.31055,3031.34851,0.37268,47.06319,5.3809056569855915,2.0045289373758464,0.0
26.73069,25.11131,45.3372,3028.26546,0.29901,47.08374,5.349877600713289,1.9929701700171194,0.0
26.75829,25.14456,45.35794,3025.21723,0.22436,47.10431,5.323558804899764,1.9831657260873863,0.0
26.78585,25.1778,45.37272,3022.20143,0.14886,47.1249,5.301918161139072,1.975104016886923,0.0
26.81338,25.21102,45.38148,3019.21565,0.07266,47.14552,5.284928298722772,1.9687748461066665,0.0
26.84086,25.24423,45.3842,3016.25746,-0.00413,47.16616,5.272565797805729,1.9641694892380928,0.0
26.86831,25.27743,45.38082,3013.32442,-0.08136,47.18682,5.264811340033745,1.961280749685965,0.0
26.89572,25.31062,45.37135,3010.41404,-0.15891,47.20751,5.261649799035666,1.9601029924790305,0.0
26.9231,25.34379,45.35578,3007.52383,-0.23665,47.22822,5.263070272602613,1.9606321562576274,0.0
26.95044,25.37695,45.33409,3004.65126,-0.31444,47.24896,5.269066057716446,1.9628657439711312,0.0
26.97774,25.4101,45.30631,3001.79378,-0.39215,47.26972,5.279634569002934,1.9668027924996154,0.0
27.005,25.44323,45.27247,2998.94878,-0.46964,47.2905,5.294777200590912,1.9724438211927529,0.0
27.03223,25.47635,45.23258,2996.11365,-0.5468,47.31131,5.314499130743918,1.9797907590899608,0.0
27.05942,25.50946,45.1867,2993.28571,-0.62348,47.33214,5.338809068137493,1.9888468504020158,0.0
27.08657,25.54256,45.13489,2990.46228,-0.69955,47.35299,5.367718938093269,1.9996165376250008,0.0
27.11369,25.57564,45.07719,2987.64059,-0.77488,47.37387,5.401243506598439,2.0121053214776614,0.0
27.14077,25.60871,45.0137,2984.81786,-0.84933,47.39478,5.439399939533995,2.0263195967023293,0.0
27.16782,25.64177,44.94449,2981.99127,-0.92277,47.4157,5.482207294142318,2.042266462623216,0.0
27.19482,25.67482,44.86966,2979.15792,-0.99506,47.43665,5.529685939448851,2.0599535072382418,0.0
27.22179,25.70786,44.78932,2976.31491,-1.06607,47.45762,5.581856902145736,2.079388563543475,0.0
27.24873,25.74088,44.70358,2973.45925,-1.13565,47.47861,5.638741134303837,2.1005794367365938,0.0
27.27563,25.77389,44.61256,2970.58794,-1.20368,47.49963,5.700358699277072,2.1235336009448327,0.0
27.30249,25.80688,44.51642,2967.6979,-1.27,47.52067,5.766727872256241,2.148257864157612,0.0
27.32931,25.83986,44.41529,2964.78604,-1.33448,47.54172,5.837864152236492,2.174758000158429,0.0
27.35609,25.87283,44.30933,2961.8492,-1.39698,47.5628,5.9137791825679065,2.2030383464015437,0.0
27.38284,25.90579,44.19872,2958.8842,-1.45736,47.5839,5.99447957794641,2.233101367035231,0.0
27.40955,25.93872,44.08363,2955.88779,-1.51548,47.60502,6.079965656526287,2.2649471805803327,0.0
27.43622,25.97165,43.96426,2952.85672,-1.57119,47.62616,6.170230076996901,2.298573052205477,0.0
27.46286,26.00456,43.84081,2949.7877,-1.62435,47.64732,6.265256381825845,2.333972851046816,0.0
27.48945,26.03745,43.71349,2946.67741,-1.67482,47.66849,6.365017449575735,2.3711364736553184,0.0
27.51601,26.07033,43.58252,2943.52251,-1.72247,47.68968,6.469473861164357,2.41004923538568,0.0
27.54252,26.10319,43.44814,2940.31967,-1.76714,47.71089,6.578572187348185,2.450691232438879,0.0
27.569,26.13604,43.31058,2937.06554,-1.80871,47.73212,6.692243207240178,2.493036678213183,0.0
27.59543,26.16886,43.17012,2933.75677,-1.84703,47.75336,6.810400070795659,2.537053218781786,0.0
27.62183,26.20167,43.027,2930.39007,-1.88197,47.77462,6.9329364214193765,2.5827012335145465,0.0
27.64818,26.23446,42.8815,2926.96213,-1.9134,47.79589,7.059724498495909,2.629933128220637,0.0
27.67449,26.26723,42.73391,2923.46972,-1.94119,47.81717,7.190613243448236,2.6786926296055253,0.0
27.70076,26.29998,42.58452,2919.90966,-1.96522,47.83847,7.3254264370157225,2.72891409135802,0.0
27.72699,26.33271,42.43362,2916.27885,-1.98536,47.85977,7.463960899479052,2.780521823686692,0.0
27.75317,26.36541,42.28152,2912.57426,-2.00152,47.88109,7.605984789741036,2.833429459682734,0.0
27.77931,26.3981,42.12855,2908.793,-2.01357,47.90241,7.751236043086037,2.8875393733442336,0.0
27.8054,26.43076,41.97502,2904.93229,-2.02142,47.92375,7.89942099109144,2.9427421654568846,0.0
27.83145,26.46339,41.82126,2900.98951,-2.02498,47.94509,8.050213210336343,2.998916234707685,0.0
27.85746,26.496,41.66761,2896.96219,-2.02418,47.96644,8.203252649030624,3.055927452331281,0.0
27.88341,26.52859,41.5144,2892.84808,-2.01893,47.98779,8.358145082241247,3.113628959167434,0.0
27.90932,26.56114,41.36198,2888.64512,-2.00919,48.00915,8.514461946836542,3.171861104173423,0.0
27.93518,26.59367,41.21069,2884.3515,-1.9949,48.03051,8.671740606356726,3.230451543095281,0.0
27.961,26.62617,41.06088,2879.96565,-1.97603,48.05187,8.82948509355928,3.2892155150854854,0.0
27.98676,26.65864,40.91289,2875.48631,-1.95257,48.07324,8.987167374127457,3.3479563134676282,0.0
28.01247,26.69108,40.76707,2870.91249,-1.92452,48.0946,9.144229168950316,3.406465964583679,0.0
28.03813,26.72349,40.62377,2866.24354,-1.89188,48.11596,9.300084364218302,3.464526125617995,0.0
28.06374,26.75586,40.48331,2861.47914,-1.8547,48.13732,9.454122028561615,3.5219092085607526,0.0
28.0893,26.7882,40.34604,2856.61934,-1.81301,48.15868,9.60571004431258,3.5783797329487266,0.0
28.11481,26.8205,40.21229,2851.66454,-1.7669,48.18003,9.754199346232465,3.633695904902556,0.0
28.14026,26.85276,40.08237,2846.61555,-1.71645,48.20137,9.898928745688824,3.687611414259735,0.0
28.16565,26.88499,39.95659,2841.47357,-1.66177,48.22271,10.039230301812683,3.7398774354719864,0.0
28.19099,26.91718,39.83527,2836.2402,-1.60298,48.24404,10.174435184152436,3.790244811598101,0.0
28.21627,26.94933,39.71867,2830.91745,-1.54025,48.26536,10.303879954088535,3.8384663942961748,0.0
28.2415,26.98144,39.60708,2825.50773,-1.47374,48.28667,10.426913175801301,3.884299506583072,0.0
28.26667,27.0135,39.50075,2820.01388,-1.40363,48.30796,10.542902252274592,3.9275084894256493,0.0
28.29178,27.04553,39.39992,2814.4391,-1.33015,48.32925,10.651240368549415,3.9678672882854165,0.0
28.31683,27.07751,39.30482,2808.78701,-1.25351,48.35052,10.751353413886006,4.005162031806053,0.0
28.34182,27.10944,39.21565,2803.06157,-1.17398,48.37178,10.84270674728924,4.039193552149622,0.0
28.36675,27.14133,39.13259,2797.26713,-1.0918,48.39302,10.924811667436678,4.069779795215007,0.0
28.39162,27.17317,39.0558,2791.40833,-1.00725,48.41424,10.99723144899367,4.096758069324119,0.0
28.41642,27.20496,38.98542,2785.49013,-0.92064,48.43545,11.059586812564168,4.1199870829224885,0.0
28.44117,27.2367,38.92156,2779.51775,-0.83227,48.45664,11.111560705420898,4.139348725527044,0.0
28.46585,27.26839,38.86432,2773.49667,-0.74245,48.47782,11.152902284116527,4.154749551353566,0.0
28.49047,27.30004,38.81377,2767.43254,-0.65151,48.49897,11.183430008104121,4.1661219317717055,0.0
28.51502,27.33163,38.76993,2761.33121,-0.55978,48.5201,11.203033774583353,4.17342485059136,0.0
28.53951,27.36317,38.73283,2755.19862,-0.4676,48.54122,11.211676048433484,4.176644324992443,0.0
28.56394,27.39466,38.70247,2749.04083,-0.3753,48.56231,11.209391966332147,4.175793444311878,0.0
28.5883,27.42609,38.6788,2742.86392,-0.28322,48.58339,11.196288419926315,4.17091202850065,0.0
28.61259,27.45748,38.66177,2736.674,-0.1917,48.60444,11.17254214832829,4.162065917528377,0.0
28.63683,27.4888,38.6513,2730.47713,-0.10108,48.62547,11.138396894254544,4.149345911970201,0.0
28.66099,27.52008,38.64728,2724.2793,-0.01166,48.64648,11.094159699839063,4.132866393099798,0.0
28.68509,27.5513,38.64959,2718.08641,0.07621,48.66747,11.040196436954535,4.112763657816412,0.0
28.70913,27.58247,38.65807,2711.9042,0.16225,48.68844,10.976926681997307,4.089194009367401,0.0
28.7331,27.61358,38.67257,2705.73825,0.24616,48.70939,10.904818056225476,4.062331648975263,0.0
28.75701,27.64464,38.69288,2699.59394,0.32765,48.73032,10.824380159714584,4.032366416076521,0.0
28.78086,27.67565,38.71881,2693.47641,0.40645,48.75123,10.736158229664573,3.9995014258742105,0.0
28.80463,27.7066,38.75013,2687.39058,0.48233,48.77212,10.640726652542202,3.963950652440214,0.0
28.82835,27.7375,38.78659,2681.34108,0.55503,48.79299,10.53868245454509,3.925936503741849,0.0
28.852,27.76835,38.82796,2675.33226,0.62436,48.81384,10.430638886663969,3.88568743190877,0.0
28.87559,27.79914,38.87396,2669.3682,0.69011,48.83467,10.317219209760319,3.8434356180108553,0.0
28.89912,27.82988,38.92432,2663.45265,0.7521,48.85549,10.19905077221133,3.7994147658251407,0.0
28.92258,27.86057,38.97875,2657.58907,0.81017,48.87629,10.076759458372852,3.7538580337421874,0.0
28.94598,27.89121,39.03695,2651.78059,0.86419,48.89707,9.950964571102627,3.7069961283713435,0.0
28.96932,27.9218,39.09863,2646.03006,0.91404,48.91783,9.822274196275036,3.6590555777005163,0.0
28.9926,27.95233,39.16348,2640.34,0.95961,48.93858,9.691281082410772,3.61025719614982,0.0
29.01582,27.98282,39.23119,2634.71264,1.00082,48.95932,9.558559054356643,3.560814748572929,0.0
29.03898,28.01326,39.30143,2629.14989,1.0376,48.98004,9.424659967021102,3.5109338154434173,0.0
29.06208,28.04365,39.37391,2623.65341,1.06991,49.00075,9.290111193506407,3.4608108571178993,0.0
29.08513,28.07399,39.4483,2618.22454,1.09773,49.02145,9.155413632006665,3.410632471353103,0.0
29.10811,28.10429,39.52428,2612.86439,1.12102,49.04214,9.021040207436965,3.3605748351233036,0.0
29.13104,28.13454,39.60155,2607.5738,1.1398,49.06282,8.887434837043875,3.3108033192830137,0.0
29.15392,28.16474,39.67979,2602.35336,1.15408,49.08349,8.755011824222727,3.2614722627479713,0.0
29.17673,28.1949,39.75869,2597.20345,1.16389,49.10415,8.624155641149272,3.2127248915197164,0.0
29.1995,28.22502,39.83796,2592.12422,1.16927,49.1248,8.49522105876096,3.1646933671070343,0.0
29.22221,28.25509,39.91728,2587.11563,1.17028,49.14545,8.368533581695521,3.117498948552023,0.0
29.24486,28.28512,39.99638,2582.17742,1.16698,49.16609,8.244390145960967,3.0712522523305212,0.0
29.26747,28.31511,40.07495,2577.3092,1.15944,49.18673,8.123060038217355,3.0260535948087597,0.0
29.29002,28.34506,40.15274,2572.51038,1.14775,49.20736,8.004785997298507,2.98199340258918,0.0
29.31252,28.37497,40.22945,2567.78023,1.132,49.22799,7.889785460998718,2.939152676971291,0.0
29.33497,28.40484,40.30484,2563.1179,1.11229,49.24862,7.778251923823764,2.89760349974964,0.0
29.35737,28.43467,40.37863,2558.52238,1.08873,49.26925,7.670356374500962,2.8574095687241363,0.0
29.37972,28.46447,40.4506,2553.99256,1.06143,49.28987,7.566248785124542,2.818626752445885,0.0
29.40202,28.49423,40.52049,2549.52722,1.03051,49.3105,7.466059627010479,2.781303654912993,0.0
29.42427,28.52395,40.58808,2545.12504,0.9961,49.33112,7.369901391522037,2.745482182118102,0.0
29.44648,28.55363,40.65315,2540.78462,0.95832,49.35175,7.277870097105562,2.7111981034588735,0.0
29.46864,28.58329,40.7155,2536.50446,0.91731,49.37238,7.190046766678248,2.678481602103804,0.0
29.49075,28.6129,40.77491,2532.28298,0.8732,49.39301,7.106498862167458,2.6473578093958663,0.0
29.51282,28.64249,40.83121,2528.11857,0.82612,49.41365,7.027281665448181,2.617847319288046,0.0
29.53484,28.67204,40.88421,2524.00951,0.77623,49.43429,6.952439597125199,2.589966679624402,0.0
29.55681,28.70156,40.93373,2519.95405,0.72366,49.45494,6.882007466568245,2.5637288578110495,0.0
29.57875,28.73105,40.97963,2515.95038,0.66855,49.47559,6.816011648334916,2.5391436790646504,0.0
29.60064,28.76051,41.02176,2511.99663,0.61106,49.49624,6.754471181572864,2.516218235968654,0.0
29.62248,28.78993,41.05996,2508.09091,0.55134,49.5169,6.697398790292336,2.4949572685516648,0.0
29.64428,28.81933,41.09412,2504.23125,0.48952,49.53757,6.644801823380416,2.4753635144674866,0.0
29.66604,28.8487,41.12411,2500.41567,0.42577,49.55825,6.59668311416762,2.457438029206283,0.0
29.68776,28.87804,41.14982,2496.64214,0.36023,49.57893,6.553041759954109,2.441180476488613,0.0
29.70944,28.90735,41.17117,2492.90859,0.29305,49.59962,6.513873822484017,2.4265893892105446,0.0
29.73107,28.93663,41.18805,2489.21292,0.22438,49.62032,6.479172950680662,2.413662401428908,0.0
29.75267,28.96588,41.20039,2485.553,0.15439,49.64103,6.448930927274912,2.4023964519947403,0.0
29.77422,28.99511,41.20812,2481.92665,0.08321,49.66174,6.423138141060538,2.3927879604808373,0.0
29.79573,29.02431,41.21118,2478.33166,0.011,49.68247,6.401783986588155,2.384832976078255,0.0
29.8172,29.05348,41.20953,2474.76582,-0.06208,49.7032,6.38485719311639,2.3785273001392815,0.0
29.83864,29.08263,41.20313,2471.22684,-0.13589,49.72395,6.3723460845489255,2.3738665830108236,0.0
29.86003,29.11174,41.19194,2467.71243,-0.21027,49.7447,6.3642387719701405,2.3708463957589934,0.0
29.88138,29.14084,41.17595,2464.22025,-0.28506,49.76546,6.360523280253329,2.3694622773340104,0.0
29.9027,29.1699,41.15516,2460.74795,-0.36012,49.78623,6.361187610041589,2.3697097576597064,0.0
29.92397,29.19894,41.12956,2457.29312,-0.43528,49.80702,6.36621973619778,2.3715843570560953,0.0
29.94521,29.22796,41.09916,2453.85333,-0.5104,49.82781,6.375607543665823,2.3750815623460215,0.0
29.9664,29.25695,41.06399,2450.42613,-0.58533,49.84861,6.389338701496716,2.380196779926535,0.0
29.98756,29.28591,41.02407,2447.00902,-0.6599,49.86942,6.407400475631172,2.386925266025499,0.0
30.00868,29.31485,40.97946,2443.59948,-0.73397,49.89024,6.429779480916148,2.3952620343212203,0.0
30.02976,29.34376,40.93019,2440.19496,-0.80738,49.91107,6.4564613727483025,2.4052017410715236,0.0
30.0508,29.37265,40.87632,2436.79285,-0.87998,49.93191,6.487430478690367,2.4167385478811605,0.0
30.0718,29.40151,40.81794,2433.39056,-0.95161,49.95276,6.522669370425847,2.4298659622436714,0.0
30.09277,29.43035,40.75511,2429.98544,-1.02213,49.97361,6.5621583765175835,2.444576656031125,0.0
30.11369,29.45916,40.68793,2426.57481,-1.09137,49.99448,6.605875036587428,2.4608622621616965,0.0
30.13458,29.48794,40.61649,2423.15598,-1.15919,50.01535,6.653793497783934,2.4787131497679895,0.0
30.15543,29.5167,40.5409,2419.72622,-1.22543,50.03623,6.705883854770617,2.498118178325308,0.0
30.17624,29.54543,40.46128,2416.28281,-1.28995,50.05712,6.7621114348920015,2.519064431357196,0.0
30.19701,29.57413,40.37776,2412.82297,-1.35259,50.07802,6.822436030760387,2.541536930553813,0.0
30.21774,29.60281,40.29047,2409.34395,-1.4132,50.09892,6.886811083172943,2.565518331387059,0.0
30.23843,29.63146,40.19955,2405.84295,-1.47163,50.11983,6.955182818087635,2.5909886016113974,0.0
30.25908,29.66009,40.10516,2402.31719,-1.52775,50.14074,7.027489342318237,2.6179246843864497,0.0
30.27969,29.68868,40.00746,2398.76389,-1.58139,50.16166,7.103659703645506,2.6463001481436823,0.0
30.30027,29.71725,39.90662,2395.18026,-1.63243,50.18259,7.183612922294654,2.6760848257862815,0.0
30.3208,29.74579,39.80282,2391.56354,-1.68071,50.20352,7.26725700194869,2.707244446265599,0.0
30.34129,29.7743,39.69625,2387.91098,-1.72611,50.22445,7.354487929951864,2.7397402621306313,0.0
30.36174,29.80278,39.5871,2384.21985,-1.76849,50.24539,7.445188677831484,2.7735286771960945,0.0
30.38215,29.83123,39.47558,2380.48748,-1.80772,50.26633,7.53922821482087,2.808560879053774,0.0
30.40252,29.85965,39.3619,2376.71122,-1.84367,50.28727,7.6364605487338295,2.8447824817730285,0.0
30.42285,29.88804,39.24626,2372.88848,-1.87622,50.30821,7.736723810075443,2.8821331847079557,0.0
30.44314,29.9164,39.1289,2369.01675,-1.90527,50.32915,7.839839396909521,2.9205464539380275,0.0
30.46338,29.94473,39.01005,2365.09358,-1.93069,50.35009,7.945611199449106,2.9599492334076416,0.0
30.48358,29.97302,38.88994,2361.11661,-1.95239,50.37103,8.05382492462897,3.000261693311611,0.0
30.50374,30.00128,38.76881,2357.08359,-1.97028,50.39197,8.16424754209176,3.041397023710424,0.0
30.52386,30.02951,38.6469,2352.99237,-1.98426,50.4129,8.27662687376002,3.083261281635024,0.0
30.54393,30.0577,38.52448,2348.84094,-1.99426,50.43383,8.39069134965407,3.1257533001225446,0.0
30.56396,30.08585,38.40177,2344.62741,-2.00021,50.45475,8.50614995261046,3.168764667622477,0.0
30.58394,30.11397,38.27906,2340.35005,-2.00206,50.47567,8.62269237405523,3.212179786026312,0.0
30.60388,30.14206,38.15658,2336.00731,-1.99975,50.49658,8.73998940188476,3.2558760151633583,0.0
30.62377,30.1701,38.0346,2331.5978,-1.99326,50.51749,8.857693559774258,3.29972391095998,0.0
30.64361,30.19811,37.91337,2327.12032,-1.98256,50.53838,8.975440014788429,3.3435875635484464,0.0
30.66341,30.22607,37.79316,2322.57389,-1.96764,50.55927,9.092847767035872,3.3873250404445,0.0
30.68316,30.254,37.67422,2317.95773,-1.94851,50.58014,9.209521131168865,3.430788938445007,0.0
30.70287,30.28189,37.5568,2313.27131,-1.9252,50.60101,9.325051514916899,3.473827046178493,0.0
30.72252,30.30973,37.44116,2308.51432,-1.89772,50.62186,9.439019494578892,3.5162831172806035,0.0
30.74213,30.33753,37.32754,2303.68669,-1.86614,50.6427,9.550997181430784,3.5579977519431956,0.0
30.76168,30.36529,37.21618,2298.78863,-1.83052,50.66352,9.660550866636415,3.598809382213233,0.0
30.78119,30.393,37.10733,2293.8206,-1.79094,50.68432,9.767243925527648,3.63855535391355,0.0
30.80065,30.42067,37.00119,2288.78332,-1.74751,50.70511,9.87063995511438,3.677073095447877,0.0
30.82006,30.44829,36.89801,2283.67779,-1.70034,50.72589,9.970306111849718,3.7142013612061997,0.0
30.83941,30.47587,36.79798,2278.50528,-1.64956,50.74664,10.065816609975416,3.7497815347904724,0.0
30.85871,30.50339,36.7013,2273.26732,-1.59531,50.76738,10.156756334616436,3.7836589749874148,0.0
30.87796,30.53087,36.60818,2267.96573,-1.53777,50.78809,10.242724518310512,3.8156843853725047,0.0
30.89716,30.55829,36.51877,2262.60258,-1.47712,50.80878,10.323338425209421,3.8457151867718937,0.0
30.91631,30.58567,36.43326,2257.18018,-1.41355,50.82946,10.398236983850179,3.87361687056526,0.0
30.9354,30.613,36.35178,2251.70111,-1.34726,50.8501,10.467084307449333,3.8992643100880504,0.0
30.95443,30.64027,36.27447,2246.16818,-1.27849,50.87073,10.529573040292638,3.922543007249696,0.0
30.97341,30.66749,36.20146,2240.58441,-1.20747,50.89133,10.585427469900084,3.9433502518969608,0.0
30.99234,30.69465,36.13286,2234.95305,-1.13445,50.9119,10.634406347589092,3.9615961725479485,0.0
31.01121,30.72177,36.06875,2229.2775,-1.05968,50.93245,10.676305364472759,3.9772046587665977,0.0
31.03002,30.74882,36.0092,2223.56137,-0.98342,50.95298,10.710959235931744,3.9901141376833027,0.0
31.04878,30.77582,35.95427,2217.80839,-0.90596,50.97348,10.738243355087908,4.0002781899573545,0.0
31.06749,30.80277,35.90401,2212.02243,-0.82758,50.99394,10.75807498425814,4.007665993624834,0.0
31.08613,30.82966,35.85843,2206.20748,-0.74855,51.01439,10.770413962980811,4.012262587857098,0.0
31.10472,30.85649,35.81754,2200.36759,-0.66917,51.0348,10.775262921217422,4.0140689523840045,0.0
31.12325,30.88326,35.78133,2194.50689,-0.58972,51.05519,10.772666996752038,4.013101902217765,0.0
31.14173,30.90998,35.74977,2188.62952,-0.51049,51.07554,10.762713066146558,4.009393801163549,0.0
31.16014,30.93663,35.72281,2182.73966,-0.43177,51.09587,10.74552850850722,4.002992101289972,0.0
31.1785,30.96323,35.7004,2176.84147,-0.35385,51.11617,10.721279530625077,3.993958718999865,0.0
31.1968,30.98977,35.68245,2170.93908,-0.27699,51.13644,10.69016909029234,3.982369261410971,0.0
31.21505,31.01625,35.66888,2165.03657,-0.20147,51.15668,10.652434461660585,3.9683121193878086,0.0
31.23324,31.04267,35.65957,2159.13792,-0.12756,51.1769,10.608344492215029,3.951887445692425,0.0
31.25137,31.06903,35.65441,2153.24707,-0.05551,51.19708,10.558196605154533,3.9332060382920697,0.0
31.26944,31.09533,35.65327,2147.36779,0.01444,51.21724,10.502313603554084,3.9123881498256377,0.0
31.28745,31.12157,35.65599,2141.50378,0.08205,51.23736,10.441040333855044,3.8895622446659917,0.0
31.30541,31.14775,35.66241,2135.65856,0.14711,51.25746,10.374740265791452,3.864863724852524,0.0
31.32331,31.17388,35.67238,2129.83551,0.20939,51.27753,10.303792044131999,3.8384336455243155,0.0
31.34116,31.19994,35.6857,2124.03785,0.26872,51.29758,10.228586064633792,3.8104174393728214,0.0
31.35894,31.22595,35.7022,2118.26863,0.32491,51.31759,10.149521122606544,3.7809636681438454,0.0
31.37667,31.25189,35.72167,2112.5307,0.3778,51.33758,10.067001177607086,3.7502228174011196,0.0
31.39435,31.27778,35.74392,2106.82675,0.42723,51.35755,9.981432272334738,3.7183461487337706,0.0
31.41197,31.30361,35.76873,2101.15925,0.47308,51.37748,9.893219637936395,3.6854846214062897,0.0
31.42954,31.32939,35.79589,2095.53051,0.51522,51.3974,9.80276501179684,3.6517878931648515,0.0
31.44705,31.3551,35.82519,2089.94262,0.55355,51.41728,9.71046418787116,3.617403407671697,0.0
31.4645,31.38076,35.85639,2084.39748,0.58799,51.43715,9.616704813582048,3.5824755737913936,0.0
31.4819,31.40636,35.88929,2078.8968,0.61847,51.45699,9.521864441754479,3.547145039885258,0.0
31.49925,31.43191,35.92364,2073.4421,0.64491,51.47681,9.426308840753874,3.5115480642933545,0.0
31.51655,31.4574,35.95922,2068.0347,0.6673,51.4966,9.330390561306563,3.475815981437408,0.0
31.53379,31.48284,35.99582,2062.67576,0.68558,51.51638,9.23444775428364,3.4400747614141873,0.0
31.55098,31.50822,36.03319,2057.36624,0.69976,51.53613,9.138803230205678,3.404444659636261,0.0
31.56812,31.53355,36.07112,2052.10693,0.70983,51.55587,9.04376374819657,3.369039951948597,0.0
31.58521,31.55883,36.10939,2046.89845,0.7158,51.57559,8.949619519817789,3.333968749793772,0.0
31.60225,31.58405,36.14776,2041.74127,0.7177,51.59528,8.856643911400964,3.2993328893230163,0.0
31.61923,31.60922,36.18604,2036.63568,0.71556,51.61496,8.765093327261008,3.2652278878900405,0.0
31.63617,31.63434,36.224,2031.58186,0.70943,51.63463,8.675207255428498,3.231742961087542,0.0
31.65306,31.65941,36.26143,2026.5798,0.69937,51.65427,8.587208457217228,3.1989610933661137,0.0
31.6699,31.68442,36.29814,2021.6294,0.68543,51.6739,8.501303282025335,3.1669591553059395,0.0
31.68669,31.70939,36.33392,2016.73039,0.66771,51.69352,8.41768208917946,3.1358080607648495,0.0
31.70343,31.73431,36.36858,2011.88242,0.64628,51.71312,8.336519759225137,3.1055729573474404,0.0
31.72013,31.75918,36.40194,2007.08498,0.62124,51.73271,8.257976278008782,3.0763134439909794,0.0
31.73678,31.78401,36.43381,2002.33747,0.59268,51.75229,8.182197377882407,3.048083809831044,0.0
31.75338,31.80878,36.46402,1997.63921,0.56072,51.77185,8.109315221475851,3.0209332889246556,0.0
31.76994,31.83351,36.4924,1992.98938,0.52546,51.7914,8.03944911474774,2.994906325880531,0.0
31.78645,31.85819,36.5188,1988.38708,0.48703,51.81095,7.972706237168105,2.970042847871317,0.0
31.80291,31.88283,36.54306,1983.83135,0.44556,51.83048,7.909182378225762,2.9463785390019734,0.0
31.81933,31.90742,36.56503,1979.3211,0.40116,51.85,7.848962670574731,2.923945113426095,0.0
31.83571,31.93197,36.58459,1974.85521,0.35398,51.86951,7.792122311367657,2.9027705840616007,0.0
31.85204,31.95647,36.60159,1970.43245,0.30416,51.88901,7.738727264386232,2.8828795241527803,0.0
31.86833,31.98093,36.61593,1966.05153,0.25184,51.90851,7.688834936664614,2.8642933193303293,0.0
31.88458,32.00535,36.62748,1961.71111,0.19715,51.928,7.642494824211302,2.84703040815973,0.0
31.90078,32.02972,36.63615,1957.40975,0.14026,51.94748,7.599749122365909,2.831106509515216,0.0
31.91695,32.05405,36.64183,1953.146,0.08132,51.96695,7.560633297073381,2.816534835394445,0.0
31.93307,32.07834,36.64443,1948.9183,0.02047,51.98641,7.525176614118303,2.8033262880722023,0.0
31.94914,32.10259,36.64389,1944.72509,-0.04213,52.00587,7.493402623947153,2.7914896407094525,0.0
31.96518,32.12679,36.64012,1940.5647,-0.10631,52.02533,7.46532960031578,2.781031700761059,0.0
31.98117,32.15096,36.63307,1936.43547,-0.17192,52.04478,7.440970931434346,2.771957455687573,0.0
31.99713,32.17508,36.62267,1932.33564,-0.2388,52.06422,7.4203354627507,2.7642702006510573,0.0
32.01304,32.19916,36.60889,1928.26345,-0.30678,52.08366,7.403427790842055,2.7579716479974654,0.0
32.02891,32.22321,36.59169,1924.21706,-0.3757,52.10309,7.390248508241341,2.7530620184609047,0.0
32.04475,32.24721,36.57103,1920.19462,-0.4454,52.12252,7.380794399272575,2.749540114117461,0.0
32.06054,32.27117,36.5469,1916.19421,-0.5157,52.14194,7.375058587206921,2.7474033732047065,0.0
32.07629,32.29509,36.51929,1912.2139,-0.58645,52.16136,7.373030633322724,2.7466479070241654,0.0
32.09201,32.31898,36.48819,1908.25172,-0.65747,52.18078,7.374696588556239,2.74726851918257,0.0
32.10768,32.34282,36.4536,1904.30564,-0.72861,52.20019,7.38003899872816,2.749258707538882,0.0
32.12331,32.36663,36.41555,1900.37364,-0.79969,52.21959,7.389036864412568,2.752610649254419,0.0
32.13891,32.3904,36.37404,1896.45363,-0.87055,52.23899,7.401665556771885,2.757315169439158,0.0
32.15446,32.41412,36.32912,1892.54352,-0.94101,52.25839,7.417896690850385,2.7633616939502397,0.0
32.16998,32.43781,36.28081,1888.64119,-1.01093,52.27778,7.437697958011751,2.7707381869705436,0.0
32.18546,32.46146,36.22917,1884.7445,-1.08012,52.29717,7.461032919482428,2.779431074098159,0.0
32.2009,32.48507,36.17424,1880.85126,-1.14844,52.31656,7.487860763167196,2.7894251517537856,0.0
32.2163,32.50864,36.1161,1876.95931,-1.2157,52.33593,7.518136026219633,2.800703483830931,0.0
32.23166,32.53217,36.0548,1873.06643,-1.28176,52.35531,7.551808286152328,2.8132472866263405,0.0
32.24698,32.55567,35.99043,1869.17043,-1.34645,52.37467,7.588821823640338,2.8270358032254075,0.0
32.26226,32.57912,35.92307,1865.26909,-1.40962,52.39404,7.629115260515116,2.8420461686453926,0.0
32.27751,32.60254,35.8528,1861.36018,-1.4711,52.41339,7.6726211769091135,2.858253267211711,0.0
32.29271,32.62591,35.77974,1857.44148,-1.53076,52.43274,7.719265711953303,2.875629583807252,0.0
32.30788,32.64925,35.70398,1853.51077,-1.58842,52.45208,7.768968152877369,2.894145050801393,0.0
32.32301,32.67254,35.62564,1849.56586,-1.64396,52.47142,7.8216405179224395,2.913766892674014,0.0
32.3381,32.6958,35.54484,1845.60455,-1.69722,52.49075,7.877187138970784,2.9344594705340827,0.0
32.35315,32.71901,35.4617,1841.62465,-1.74806,52.51007,7.9355042503188855,2.956184128926798,0.0
32.36815,32.74219,35.37635,1837.62404,-1.79635,52.52938,7.996479590609511,2.978899047542816,0.0
32.38313,32.76532,35.28893,1833.60058,-1.84196,52.54868,8.059992025385027,3.0025591006094294,0.0
32.39806,32.78841,35.19959,1829.5522,-1.88476,52.56798,8.125911198291389,3.027115726954874,0.0
32.41295,32.81146,35.10847,1825.47687,-1.92462,52.58726,8.19409721934559,3.052516813879753,0.0
32.4278,32.83447,35.01572,1821.3726,-1.96145,52.60654,8.264400399112812,3.07870659813103,0.0
32.44261,32.85743,34.9215,1817.23746,-1.99512,52.6258,8.336661037904289,3.1056255873726895,0.0
32.45738,32.88036,34.82597,1813.0696,-2.02554,52.64505,8.410709279323775,3.1332105056279387,0.0
32.47211,32.90324,34.72931,1808.86723,-2.05262,52.66429,8.486365037536688,3.1613942661850505,0.0
32.4868,32.92607,34.63166,1804.62864,-2.07626,52.68351,8.563438007582823,3.1901059754391268,0.0
32.50144,32.94886,34.53322,1800.35221,-2.09639,52.70272,8.641727767748506,3.219270971028408,0.0
32.51605,32.97161,34.43415,1796.03642,-2.11295,52.72192,8.72102398262072,3.2488108974772896,0.0
32.53062,32.99431,34.33462,1791.67986,-2.12588,52.7411,8.801106714765599,3.2786438223047543,0.0
32.54514,33.01697,34.23482,1787.28122,-2.13513,52.76026,8.881746852057532,3.3086843952157086,0.0
32.55962,33.03957,34.13492,1782.83931,-2.14066,52.77941,8.962706656647258,3.338844052606044,0.0
32.57406,33.06214,34.0351,1778.35308,-2.14244,52.79854,9.043740440128012,3.369031269079788,0.0
32.58846,33.08465,33.93553,1773.82159,-2.14047,52.81765,9.124595367908627,3.399151857099253,0.0
32.60281,33.10712,33.8364,1769.24408,-2.13474,52.83675,9.20501239396273,3.429109315203706,0.0
32.61712,33.12954,33.73788,1764.61989,-2.12526,52.85582,9.284727325140055,3.4588052244933314,0.0
32.63138,33.15191,33.64014,1759.94855,-2.11205,52.87487,9.363472011941376,3.4881396922242276,0.0
32.64561,33.17423,33.54335,1755.22973,-2.09515,52.89391,9.440975660377168,3.517011840510281,0.0
32.65978,33.19649,33.44768,1750.46327,-2.07461,52.91292,9.516966257036447,3.5453203371987945,0.0
32.67392,33.21871,33.3533,1745.64918,-2.0505,52.9319,9.591172096971064,3.572963965047596,0.0
32.68801,33.24088,33.26036,1740.78761,-2.02288,52.95086,9.663323401527842,3.599842224410073,0.0
32.70205,33.26299,33.16901,1735.87892,-1.99185,52.9698,9.733154010828002,3.6258559637282937,0.0
32.71605,33.28505,33.0794,1730.92362,-1.95751,52.98872,9.800403133279227,3.650908031272278,0.0
32.73,33.30706,32.99168,1725.92239,-1.91997,53.0076,9.864817132512076,3.674903940820836,0.0
32.74391,33.32901,32.90597,1720.87609,-1.87937,53.02646,9.926151330262128,3.6977525432825975,0.0
32.75777,33.35091,32.82241,1715.78575,-1.83585,53.0453,9.984171802367065,3.719366695752186,0.0
32.77158,33.37275,32.74111,1710.65256,-1.78957,53.0641,10.03865714399563,3.7396639191044447,0.0
32.78535,33.39453,32.66218,1705.47786,-1.74068,53.08288,10.089400179677947,3.7585670350257296,0.0
32.79906,33.41626,32.58572,1700.26316,-1.68937,53.10162,10.13620959369327,3.7760047733762456,0.0
32.81274,33.43793,32.51183,1695.01011,-1.63582,53.12034,10.17891145680857,3.7919123409403332,0.0
32.82636,33.45955,32.44059,1689.72052,-1.58024,53.13902,10.217350626425068,3.806231943017901,0.0
32.83993,33.4811,32.37206,1684.39629,-1.52283,53.15768,10.25139199873741,3.8189132498866587,0.0
32.85346,33.5026,32.30632,1679.0395,-1.4638,53.1763,10.280921593572808,3.8299138009332463,0.0
32.86694,33.52404,32.2434,1673.65229,-1.40339,53.19489,10.305847455103958,3.8391993401924887,0.0
32.88037,33.54542,32.18336,1668.23695,-1.3418,53.21345,10.326100354570517,3.846744078129638,0.0
32.89375,33.56673,32.12622,1662.79581,-1.27929,53.23197,10.341634284445863,3.852530875730498,0.0
32.90708,33.58799,32.07199,1657.33133,-1.21609,53.25047,10.352426736938051,3.8565513482503535,0.0
32.92036,33.60918,32.0207,1651.846,-1.15243,53.26892,10.358478763484587,3.8588058873773408,0.0
32.93359,33.63032,31.97232,1646.34238,-1.08856,53.28735,10.359814815570346,3.859303601932931,0.0
32.94678,33.65139,31.92686,1640.82307,-1.02472,53.30574,10.35648237093717,3.858062178625177,0.0
32.95991,33.6724,31.88428,1635.29071,-0.96116,53.32409,10.348551352830794,3.8551076657029073,0.0
32.97299,33.69335,31.84455,1629.74792,-0.89811,53.34241,10.336113353209448,3.85047418358049,0.0
32.98603,33.71423,31.80763,1624.19736,-0.83581,53.3607,10.319280673953761,3.8442035676633006,0.0
32.99901,33.73505,31.77346,1618.64168,-0.77449,53.37895,10.298185202684774,3.8363449495603468,0.0
33.01195,33.75581,31.74197,1613.08349,-0.71439,53.39717,10.272977142084496,3.8269542837227517,0.0
33.02483,33.77651,31.71309,1607.52537,-0.65572,53.41535,10.243823613290727,3.8160938271715645,0.0
33.03767,33.79714,31.68675,1601.96988,-0.59869,53.4335,10.210907155234661,3.803831580461544,0.0
33.05045,33.81771,31.66284,1596.4195,-0.54353,53.45161,10.174424142478935,3.790240698284198,0.0
33.06319,33.83821,31.64128,1590.87668,-0.49041,53.46969,10.13458314440298,3.7753988782211554,0.0
33.07587,33.85866,31.62196,1585.34376,-0.43954,53.48773,10.091603248273614,3.759387736043839,0.0
33.08851,33.87903,31.60476,1579.82305,-0.39108,53.50574,10.045712368165198,3.7422921757417282,0.0
33.1011,33.89935,31.58957,1574.31673,-0.34522,53.52372,9.997145560526429,3.724199762026671,0.0
33.11364,33.9196,31.57626,1568.82691,-0.30209,53.54166,9.94614336583728,3.7052001025564563,0.0
33.12612,33.93979,31.56471,1563.3556,-0.26186,53.55958,9.892950194107845,3.6853842464906608,0.0
33.13857,33.95992,31.55478,1557.90471,-0.22465,53.57745,9.837812770047153,3.664844105275113,0.0
33.15096,33.97998,31.54634,1552.47605,-0.19059,53.5953,9.78097865167632,3.643671900786324,0.0
33.1633,33.99999,31.53924,1547.07129,-0.15977,53.61311,9.722694834007202,3.621959645165041,0.0
33.1756,34.01993,31.53335,1541.69204,-0.1323,53.6309,9.663206447208688,3.599798655848935,0.0
33.18784,34.0398,31.52851,1536.33975,-0.10826,53.64865,9.602755556522991,3.5772791085098525,0.0
33.20004,34.05962,31.52459,1531.01577,-0.08772,53.66637,9.54158006905916,3.554489629805626,0.0
33.2122,34.07938,31.52143,1525.72135,-0.07073,53.68406,9.479912750589298,3.5315169311108012,0.0
33.2243,34.09907,31.51889,1520.45761,-0.05735,53.70172,9.417980353618582,3.5084454836997727,0.0
33.23636,34.1187,31.51682,1515.22555,-0.04759,53.71936,9.356002856279135,3.48535723521473,0.0
33.24837,34.13827,31.51507,1510.02606,-0.04149,53.73696,9.294192810044425,3.4623313666721054,0.0
33.26034,34.15779,31.51349,1504.85994,-0.03906,53.75454,9.23275479296279,3.439444088777678,0.0
33.27226,34.17724,31.51194,1499.72784,-0.04027,53.77209,9.171884963934831,3.4167684758831713,0.0
33.28414,34.19664,31.51028,1494.63033,-0.04514,53.78962,9.111770712631886,3.3943743355716793,0.0
33.29597,34.21597,31.50836,1489.56785,-0.05362,53.80711,9.052590398866798,3.372328111566414,0.0
33.30775,34.23525,31.50605,1484.54076,-0.06568,53.82459,8.994513174715763,3.350692817466419,0.0
33.31949,34.25447,31.50321,1479.54929,-0.08128,53.84203,8.93769888220003,3.329527998630304,0.0
33.33119,34.27363,31.49971,1474.5936,-0.10036,53.85946,8.882298019168035,3.3088897194664497,0.0
33.34284,34.29273,31.49542,1469.67374,-0.12285,53.87685,8.82845176587185,3.2888305733334295,0.0
33.35445,34.31178,31.49022,1464.78965,-0.14868,53.89423,8.776292064745274,3.2693997122594456,0.0
33.36601,34.33077,31.48398,1459.94119,-0.17777,53.91158,8.725941746030816,3.250642893741694,0.0
33.37753,34.3497,31.47659,1455.12815,-0.21003,53.92891,8.6775146921126,3.2326025419646833,0.0
33.38901,34.36858,31.46794,1450.35021,-0.24535,53.94622,8.631116033674878,3.215317820874454,0.0
33.40045,34.3874,31.45792,1445.60699,-0.28364,53.96351,8.586842371201591,3.1988247166929855,0.0
33.41185,34.40617,31.44644,1440.898,-0.32478,53.98078,8.544782015670991,3.183156127583279,0.0
33.4232,34.42489,31.43339,1436.22269,-0.36864,53.99802,8.505015242758002,3.1683419583464234,0.0
33.43451,34.44355,31.41869,1431.58046,-0.41512,54.01525,8.467614555289588,3.154409218193126,0.0
33.44578,34.46215,31.40225,1426.97059,-0.46407,54.03246,8.432644949169172,3.141382119807558,0.0
33.45701,34.48071,31.38399,1422.39234,-0.51537,54.04965,8.40016417843287,3.1292821780877733,0.0
33.4682,34.4992,31.36384,1417.84487,-0.56886,54.06682,8.370223015570852,3.118128307122264,0.0
33.47935,34.51765,31.34174,1413.32729,-0.62442,54.08397,8.342865503718812,3.107936914137921,0.0
33.49046,34.53605,31.31761,1408.83867,-0.68188,54.1011,8.318129197709995,3.098721989298254,0.0
33.50152,34.55439,31.29142,1404.37797,-0.7411,54.11822,8.296045391484084,3.0904951904191904,0.0
33.51255,34.57268,31.26311,1399.94416,-0.80192,54.13532,8.276639329694152,3.083265921798224,0.0
33.52354,34.59092,31.23263,1395.53611,-0.86419,54.1524,8.25993040177642,3.0770414065105163,0.0
33.53449,34.6091,31.19995,1391.15266,-0.92774,54.16946,8.245932317116912,3.0718267516630755,0.0
33.5454,34.62724,31.16504,1386.7926,-0.99241,54.18651,8.234653260308967,3.0676250062322707,0.0
33.55628,34.64533,31.12789,1382.45467,-1.05804,54.20354,8.226096025819677,3.0644372112306195,0.0
33.56711,34.66336,31.08846,1378.13757,-1.12446,54.22056,8.220258131742073,3.0622624420824747,0.0
33.57791,34.68134,31.04675,1373.83997,-1.1915,54.23756,8.217131912560133,3.0610978431814244,0.0
33.58866,34.69928,31.00275,1369.5605,-1.259,54.25454,8.216704591227838,3.060938654741644,0.0
33.59938,34.71716,30.95647,1365.29774,-1.32678,54.27151,8.218958331073349,3.061778232133561,0.0
33.61006,34.735,30.90792,1361.05025,-1.39469,54.28846,8.223870268350552,3.0636080580101677,0.0
33.62071,34.75278,30.8571,1356.81657,-1.46254,54.3054,8.231412526534694,3.0664177476325163,0.0
33.63131,34.77051,30.80403,1352.5952,-1.53017,54.32232,8.241552213687164,3.0701950478880375,0.0
33.64188,34.7882,30.74875,1348.38462,-1.59742,54.33923,8.254251404479625,3.074925830594048,0.0
33.65241,34.80583,30.69128,1344.1833,-1.66412,54.35612,8.269467108716842,3.080594080771685,0.0
33.6629,34.82342,30.63166,1339.98968,-1.7301,54.37299,8.28715122841621,3.0871818806568916,0.0
33.67336,34.84095,30.56993,1335.80219,-1.7952,54.38985,8.307250505761415,3.0946693903117954,0.0
33.68378,34.85844,30.50613,1331.61927,-1.85927,54.40669,8.329706464441587,3.103034825771993,0.0
33.69416,34.87588,30.44033,1327.43931,-1.92214,54.42351,8.354455347102936,3.112254435745639,0.0
33.7045,34.89326,30.37258,1323.26075,-1.98366,54.44032,8.381428051874595,3.122302477967657,0.0
33.71481,34.9106,30.30294,1319.08198,-2.04368,54.45711,8.410550071074715,3.1331511963661423,0.0
33.72508,34.92789,30.23148,1314.90144,-2.10205,54.47389,8.441741435403262,3.1447708002727146,0.0
33.73531,34.94513,30.15828,1310.71756,-2.15862,54.49064,8.474916667063649,3.157129446959088,0.0
33.74551,34.96232,30.0834,1306.52877,-2.21327,54.50738,8.509984745387797,3.170193228831505,0.0
33.75567,34.97946,30.00693,1302.33355,-2.26586,54.52411,8.546849088637687,3.1839261666513368,0.0
33.76579,34.99654,29.92896,1298.13036,-2.31625,54.54081,8.585407555711805,3.1982902101707733,0.0
33.77587,35.01358,29.84957,1293.91773,-2.36433,54.5575,8.625552471502878,3.2132452475792532,0.0
33.78592,35.03057,29.76886,1289.69419,-2.40999,54.57416,8.667170679645446,3.2287491251533202,0.0
33.79593,35.04751,29.68691,1285.45832,-2.4531,54.59081,8.71014362630258,3.244757678469379,0.0
33.8059,35.0644,29.60383,1281.20875,-2.49358,54.60744,8.754347478527912,3.261224776496665,0.0
33.81584,35.08123,29.51972,1276.94413,-2.53132,54.62405,8.799653280525046,3.2781023798079922,0.0
33.82574,35.09802,29.43467,1272.66318,-2.56624,54.64063,8.845927150913054,3.295340614066331,0.0
33.8356,35.11475,29.3488,1268.36468,-2.59827,54.6572,8.893030523740595,3.3128878598089195,0.0
33.84542,35.13143,29.26221,1264.04745,-2.62733,54.67375,8.940820435647067,3.3306908594223397,0.0
33.85521,35.14807,29.17501,1259.71038,-2.65336,54.69027,8.989149861069547,3.3486948420159286,0.0
33.86496,35.16464,29.0873,1255.35244,-2.67632,54.70677,9.037868096901127,3.366843666717123,0.0
33.87467,35.18117,28.9992,1250.97268,-2.69616,54.72325,9.08682119737443,3.385079984677022,0.0
33.88434,35.19764,28.9108,1246.5702,-2.71285,54.7397,9.13585245932812,3.4033454198449165,0.0
33.89397,35.21406,28.82223,1242.1442,-2.72638,54.75613,9.184802957257812,3.421580768288842,0.0
33.90357,35.23043,28.73359,1237.69396,-2.73672,54.77254,9.233512126822248,3.4397262155669788,0.0
33.91312,35.24674,28.64498,1233.21886,-2.7439,54.78892,9.281818394650525,3.4577215713474128,0.0
33.92264,35.263,28.55651,1228.71836,-2.74791,54.80527,9.329559851503946,3.4755065201786426,0.0
33.93212,35.27921,28.46829,1224.19201,-2.74879,54.8216,9.376574964984945,3.4930208869924013,0.0
33.94157,35.29536,28.38042,1219.63949,-2.74656,54.8379,9.422703327156956,3.51020491561173,0.0
33.95097,35.31145,28.293,1215.06053,-2.74128,54.85417,9.467786431655815,3.5269995582454254,0.0
33.96033,35.32749,28.20612,1210.45501,-2.733,54.87042,9.51166847410229,3.543346773662763,0.0
33.96966,35.34348,28.11988,1205.82287,-2.7218,54.88664,9.554197168893063,3.5591898314696313,0.0
33.97894,35.3594,28.03437,1201.16418,-2.70775,54.90283,9.595224574873251,3.574473619693271,0.0
33.98819,35.37527,27.94967,1196.47911,-2.69095,54.91899,9.634607921833384,3.5891449526741446,0.0
33.99739,35.39109,27.86587,1191.76793,-2.6715,54.93511,9.672210429352182,3.603152876106415,0.0
34.00656,35.40685,27.78305,1187.031,-2.64952,54.95121,9.707902109256757,3.616448965975487,0.0
34.01568,35.42255,27.70128,1182.26881,-2.62512,54.96728,9.74156054281748,3.6289876180835425,0.0
34.02477,35.43819,27.62063,1177.48191,-2.59844,54.98332,9.77307162375709,3.640726324839986,0.0
34.03382,35.45377,27.54115,1172.67097,-2.56963,54.99932,9.802330258398873,3.65162593608506,0.0
34.04282,35.46929,27.46292,1167.83677,-2.53883,55.01529,9.82924101454339,3.6616509008135,0.0
34.05179,35.48476,27.38598,1162.98014,-2.50621,55.03123,9.853718711147414,3.6707694868454577,0.0
34.06071,35.50016,27.31037,1158.10202,-2.47193,55.04713,9.875688941555348,3.678953975743966,0.0
34.06959,35.51551,27.23614,1153.20344,-2.43617,55.06301,9.895088523760322,3.686180830549047,0.0
34.07844,35.5308,27.16333,1148.28548,-2.39911,55.07884,9.911865872082505,3.6924308342376615,0.0
34.08724,35.54602,27.09195,1143.34932,-2.36094,55.09465,9.925981285703697,3.6976891972104404,0.0
34.096,35.56119,27.02203,1138.39619,-2.32184,55.11042,9.9374071505398,3.7019456324944855,0.0
34.10472,35.57629,26.95359,1133.4274,-2.28202,55.12615,9.946128052144065,3.7051943978028063,0.0
34.11339,35.59133,26.88664,1128.44428,-2.24167,55.14185,9.95214079852698,3.7074343040353206,0.0
34.12203,35.60632,26.82118,1123.44824,-2.20099,55.15751,9.955454352994678,3.7086686902594033,0.0
34.13063,35.62124,26.7572,1118.44073,-2.16018,55.17314,9.956089678333297,3.7089053656644544,0.0
34.13918,35.63609,26.6947,1113.42323,-2.11946,55.18873,9.954079494855815,3.7081565194279826,0.0
34.14769,35.65089,26.63366,1108.39725,-2.07901,55.20429,9.949467955873892,3.7064385998203235,0.0
34.15616,35.66562,26.57406,1103.36432,-2.03904,55.21981,9.942310245300831,3.7037721643011574,0.0
34.16459,35.68029,26.51588,1098.32599,-1.99975,55.23529,9.932672102911573,3.7001817026663715,0.0
34.17298,35.6949,26.45907,1093.28383,-1.96134,55.25074,9.920629283650811,3.6956954356260923,0.0
34.18132,35.70945,26.40361,1088.2394,-1.92399,55.26616,9.906266958049518,3.6903450914440805,0.0
34.18963,35.72393,26.34945,1083.19428,-1.8879,55.28153,9.889679061317139,3.6841656634574385,0.0
34.19789,35.73835,26.29654,1078.15001,-1.85325,55.29688,9.870967599098455,3.6771951514527776,0.0
34.20611,35.75271,26.24483,1073.10814,-1.82022,55.31218,9.850241918080325,3.669474289948037,0.0
34.21429,35.76701,26.19426,1068.07021,-1.78897,55.32745,9.827617949752298,3.6610462664734142,0.0
34.22243,35.78124,26.14478,1063.03771,-1.75967,55.34269,9.803217435566452,3.651956432923019,0.0
34.23053,35.79541,26.09631,1058.01211,-1.73248,55.35788,9.77716714155308,3.64225201297855,0.0
34.23858,35.80952,26.0488,1052.99486,-1.70754,55.37305,9.749598070143028,3.631981808492381,0.0
34.2466,35.82356,26.00216,1047.98736,-1.68499,55.38818,9.720644676563158,3.6211959075742444,0.0
34.25457,35.83754,25.95632,1042.99097,-1.66495,55.40327,9.690444096628793,3.6099453969236124,0.0
34.2625,35.85146,25.91122,1038.00701,-1.64756,55.41833,9.659135392206974,3.598282080744892,0.0
34.2704,35.86531,25.86677,1033.03674,-1.63292,55.43336,9.626858819997896,3.5862582083492853,0.0
34.27825,35.87911,25.82288,1028.08138,-1.62112,55.44836,9.593755128553495,3.5739262122757025,0.0
34.28606,35.89284,25.77948,1023.14208,-1.61226,55.46332,9.559964887820735,3.5613384585280077,0.0
34.29383,35.90651,25.73649,1018.21996,-1.60641,55.47824,9.525627854702298,3.5485470102296754,0.0
34.30156,35.92011,25.69382,1013.31604,-1.60364,55.49314,9.490882377485052,3.5356034057577244,0.0
34.30925,35.93366,25.65139,1008.43133,-1.60401,55.508,9.455864841227378,3.5225584521349096,0.0
34.3169,35.94714,25.60911,1003.56673,-1.60756,55.52283,9.420709155583602,3.509462034230844,0.0
34.32451,35.96056,25.5669,998.7231,-1.61433,55.53763,9.38554628587021,3.496362940071821,0.0
