date,date,date,date,date,date,OT,OT,OT
16.43889,12.89001,49.00543,3447.25083,1.13002,51.35096,10.999301,4.097529,47.999999
16.466173,12.925729,49.102081,3441.192978,1.126439,51.556373,10.812774,4.028043,47.999999
16.493295,12.961484,49.198119,3435.233841,1.119797,51.758925,10.630858,3.960274,47.999999
16.520237,12.997284,49.293291,3429.371644,1.110164,51.958674,10.45379,3.894312,47.999999
16.547023,13.03312,49.387356,3423.604473,1.097607,52.155688,10.281774,3.830231,47.999999
16.573649,13.069,49.480071,3417.930319,1.082195,52.350043,10.114987,3.768099,47.999999
16.600113,13.104918,49.571208,3412.347032,1.064015,52.541822,9.953579,3.70797,47.999999
16.626415,13.140873,49.660548,3406.852404,1.043142,52.73111,9.797677,3.649893,47.999999
16.652567,13.176863,49.747868,3401.444127,1.019657,52.917992,9.647384,3.593904,47.999999
16.678564,13.212889,49.83296,3396.119828,0.993649,53.102559,9.502783,3.540037,47.999999
16.704408,13.248951,49.915629,3390.877082,0.965203,53.284894,9.363938,3.488313,47.999999
16.730109,13.285049,49.995684,3385.713412,0.934403,53.465091,9.230899,3.438753,47.999999
16.755662,13.321183,50.072937,3380.626293,0.901339,53.64325,9.103699,3.391368,47.999999
16.781069,13.357349,50.147216,3375.613171,0.866103,53.819458,8.98236,3.346165,47.999999
16.806335,13.393543,50.218355,3370.671455,0.828788,53.993812,8.86689,3.30315,47.999999
16.831453,13.429766,50.286187,3365.79853,0.789476,54.166412,8.75729,3.262321,47.999999
16.856436,13.466025,50.350571,3360.991774,0.748262,54.33735,8.653551,3.223675,47.999999
16.881284,13.502319,50.411351,3356.248529,0.705244,54.506723,8.555658,3.187208,47.999999
16.905996,13.538639,50.468407,3351.566142,0.66051,54.674631,8.463589,3.152909,47.999999
16.930565,13.574987,50.521597,3346.941952,0.614152,54.841169,8.377318,3.120771,47.999999
16.955007,13.611361,50.570815,3342.37331,0.566255,55.006445,8.296819,3.090783,47.999999
16.979308,13.647774,50.615694,3337.860242,0.516847,55.170488,8.222371,3.063049,47.999999
17.003473,13.684204,50.656379,3333.397005,0.46609,55.333468,8.15362,3.037438,47.999999
17.027512,13.72067,50.69276,3328.980915,0.414084,55.49548,8.090532,3.013936,47.999999
17.051417,13.757164,50.724751,3324.609277,0.360925,55.656625,8.033072,2.992531,47.999999
17.075195,13.793677,50.752273,3320.279404,0.30669,55.817005,7.981204,2.973208,47.999999
17.098846,13.830222,50.775251,3315.98859,0.251484,55.976715,7.934894,2.955957,47.999999
17.122372,13.866796,50.793626,3311.734137,0.195385,56.135848,7.89411,2.940764,47.999999
17.145771,13.903392,50.807343,3307.513338,0.138485,56.294504,7.85882,2.927617,47.999999
17.169039,13.940011,50.816348,3303.323482,0.080875,56.45278,7.828996,2.916507,47.999999
17.192182,13.976657,50.820599,3299.161852,0.022645,56.610774,7.804611,2.907423,47.999999
17.215204,14.01333,50.820057,3295.025721,-0.036121,56.768583,7.785641,2.900356,47.999999
17.238099,14.050026,50.814697,3290.912351,-0.095329,56.926301,7.772065,2.895299,47.999999
17.260872,14.086743,50.804502,3286.818998,-0.154888,57.084028,7.763866,2.892244,47.999999
17.283522,14.123488,50.789457,3282.742906,-0.214717,57.241866,7.761027,2.891187,47.999999
17.306042,14.16026,50.769556,3278.681302,-0.274721,57.399908,7.763536,2.892122,47.999999
17.328441,14.197056,50.744793,3274.631391,-0.334819,57.558258,7.771385,2.895045,47.999999
17.350708,14.233872,50.715187,3270.590373,-0.39491,57.717005,7.784566,2.899956,47.999999
17.372858,14.270714,50.680744,3266.555429,-0.454912,57.876257,7.803077,2.906851,47.999999
17.394881,14.307575,50.641496,3262.523705,-0.514745,58.03611,7.826914,2.915732,47.999999
17.416778,14.344462,50.597465,3258.49235,-0.574299,58.196656,7.856087,2.926599,47.999999
17.438551,14.381369,50.548423,3254.458148,-0.633483,58.358056,7.890882,2.939561,47.999999
17.46019,14.418302,50.494701,3250.418172,-0.692199,58.520373,7.931014,2.954511,47.999999
17.481702,14.455263,50.436333,3246.369481,-0.750379,58.683702,7.97649,2.971453,47.999999
17.503088,14.492242,50.373378,3242.309102,-0.807915,58.848152,8.027318,2.990387,47.999999
17.524341,14.52924,50.305916,3238.234061,-0.86472,59.013819,8.083504,3.011318,47.999999
17.545472,14.566262,50.234006,3234.141333,-0.920714,59.180809,8.145056,3.034247,47.999999
17.566467,14.603305,50.157737,3230.027885,-0.975797,59.349227,8.211979,3.059178,47.999999
17.587336,14.640372,50.077205,3225.890652,-1.029874,59.51918,8.284279,3.086112,47.999999
17.608072,14.677461,49.992493,3221.726542,-1.082856,59.690769,8.361959,3.11505,47.999999
17.628674,14.714567,49.903701,3217.532441,-1.134649,59.864102,8.445017,3.145991,47.999999
17.649145,14.751692,49.81095,3213.305227,-1.185165,60.039288,8.533449,3.178934,47.999999
17.669501,14.788827,49.715634,3209.038191,-1.20381,60.14786,8.625662,3.213286,28.860729
17.689788,14.825944,49.620609,3204.721569,-1.17854,60.162866,8.718197,3.247758,0.0
17.710039,14.863019,49.527803,3200.350176,-1.151034,60.177869,8.808642,3.281451,0.0
17.730254,14.900055,49.43739,3195.924673,-1.121357,60.192879,8.896696,3.314253,0.0
17.750433,14.937049,49.349539,3191.445881,-1.089562,60.207888,8.982063,3.346055,0.0
17.770576,14.974005,49.264398,3186.914785,-1.055717,60.222898,9.064453,3.376747,0.0
17.790683,15.010917,49.182128,3182.332545,-1.019886,60.237908,9.143577,3.406223,0.0
17.810754,15.047792,49.10288,3177.700498,-0.982169,60.252917,9.219155,3.434378,0.0
17.830779,15.084613,49.026787,3173.020073,-0.942631,60.267927,9.290909,3.461108,0.0
17.850776,15.121397,48.954165,3168.29058,-0.90131,60.282937,9.358347,3.48623,0.0
17.870719,15.158126,48.884955,3163.516483,-0.858386,60.297937,9.42143,3.50973,0.0
17.890634,15.194818,48.819282,3158.699778,-0.813971,60.312946,9.479925,3.531522,0.0
17.910505,15.231458,48.757243,3153.842599,-0.768191,60.327947,9.53362,3.551524,0.0
17.930339,15.268059,48.698931,3148.947229,-0.721166,60.34294,9.582318,3.569666,0.0
17.950138,15.30461,48.644418,3144.016069,-0.673029,60.357938,9.625844,3.58588,0.0
17.969893,15.341114,48.593787,3139.05164,-0.623902,60.372931,9.664045,3.600111,0.0
17.989604,15.377573,48.547091,3134.056562,-0.573924,60.387916,9.696789,3.612309,0.0
18.009275,15.413981,48.504373,3129.033564,-0.523232,60.402897,9.72397,3.622435,0.0
18.02891,15.45034,48.465681,3123.985447,-0.471972,60.417878,9.745507,3.630458,0.0
18.048504,15.48665,48.431038,3118.915086,-0.420294,60.432855,9.761345,3.636358,0.0
18.068058,15.522909,48.400454,3113.825422,-0.368342,60.447822,9.771452,3.640123,0.0
18.087572,15.559124,48.373937,3108.719425,-0.31626,60.462785,9.775825,3.641752,0.0
18.107041,15.595291,48.351479,3103.600102,-0.264198,60.477747,9.774488,3.641254,0.0
18.126468,15.631403,48.333052,3098.470485,-0.212312,60.492704,9.767488,3.638646,0.0
18.145858,15.667464,48.318624,3093.333599,-0.16074,60.507649,9.754899,3.633957,0.0
18.165211,15.703478,48.308163,3088.192458,-0.109634,60.522599,9.73682,3.627222,0.0
18.18452,15.739438,48.30161,3083.050064,-0.059137,60.537532,9.713372,3.618487,0.0
18.203783,15.775345,48.298904,3077.909366,-0.009387,60.552466,9.684699,3.607805,0.0
18.223011,15.811207,48.299968,3072.773304,0.03948,60.567399,9.650957,3.595235,0.0
18.242191,15.847021,48.304909,3067.64528,0.087256,60.582324,9.612094,3.580758,0.0
18.261335,15.882772,48.313433,3062.527816,0.133872,60.597239,9.568585,3.56455,0.0
18.280434,15.918477,48.325419,3057.423614,0.1792,60.612153,9.520654,3.546694,0.0
18.299497,15.954137,48.340774,3052.335241,0.22312,60.62706,9.468535,3.527278,0.0
18.318516,15.989745,48.359358,3047.265203,0.265528,60.641965,9.412476,3.506395,0.0
18.337497,16.025299,48.381055,3042.215888,0.306309,60.656863,9.352735,3.48414,0.0
18.356442,16.060805,48.405723,3037.18956,0.345369,60.671752,9.289578,3.460612,0.0
18.375339,16.09626,48.433226,3032.188377,0.382618,60.686638,9.223277,3.435913,0.0
18.394199,16.131667,48.463409,3027.214361,0.417966,60.701525,9.15411,3.410147,0.0
18.413022,16.167029,48.496117,3022.269419,0.451335,60.716406,9.082355,3.383416,0.0
18.431804,16.202341,48.531197,3017.355327,0.482657,60.731282,9.008294,3.355827,0.0
18.450546,16.237599,48.568487,3012.473722,0.511868,60.746155,8.932207,3.327482,0.0
18.469247,16.27281,48.607819,3007.626116,0.538908,60.761022,8.854372,3.298486,0.0
18.487911,16.307979,48.649018,3002.813887,0.563724,60.775889,8.775063,3.268942,0.0
18.506537,16.343097,48.691915,2998.038276,0.586274,60.790754,8.694551,3.238949,0.0
18.52512,16.378168,48.736342,2993.300392,0.606533,60.805611,8.613099,3.208606,0.0
18.543668,16.413188,48.78211,2988.601222,0.624471,60.820469,8.530964,3.178009,0.0
18.562179,16.448169,48.829063,2983.941618,0.640052,60.835327,8.448397,3.14725,0.0
18.580654,16.483098,48.877013,2979.32232,0.653283,60.850184,8.365638,3.11642,0.0
18.599093,16.517981,48.925775,2974.744036,0.664132,60.865042,8.28292,3.085606,0.0
18.617494,16.552826,48.97521,2970.209377,0.672479,60.87989,8.200492,3.054899,0.0
18.63585,16.587617,49.025096,2965.71651,0.678469,60.894747,8.118562,3.024378,0.0
18.654178,16.622371,49.075253,2961.2657,0.682092,60.909596,8.03733,2.994117,0.0
18.672471,16.657082,49.125512,2956.857082,0.68338,60.924444,7.956986,2.964187,0.0
18.690721,16.691747,49.175703,2952.490694,0.682344,60.9393,7.877708,2.934654,0.0
18.70894,16.726367,49.225655,2948.166472,0.679022,60.954151,7.799665,2.90558,0.0
18.727125,16.760949,49.275205,2943.884271,0.673435,60.969005,7.723014,2.877026,0.0
18.745274,16.795489,49.324197,2939.643852,0.66562,60.983863,7.647903,2.849045,0.0
18.763387,16.829983,49.372468,2935.444895,0.655618,60.998721,7.574469,2.821689,0.0
18.781464,16.864438,49.419868,2931.286996,0.643477,61.013578,7.50284,2.795005,0.0
18.79951,16.898857,49.466242,2927.169673,0.629239,61.02844,7.433135,2.769038,0.0
18.817524,16.933235,49.511441,2923.09238,0.61295,61.043303,7.365461,2.743828,0.0
18.835503,16.967573,49.555329,2919.054507,0.59467,61.058164,7.29992,2.719412,0.0
18.853446,17.001874,49.597763,2915.055371,0.574454,61.073035,7.236603,2.695825,0.0
18.871355,17.036137,49.638609,2911.094224,0.552357,61.087911,7.175594,2.673098,0.0
18.889237,17.070358,49.677748,2907.170281,0.528441,61.102788,7.116969,2.651258,0.0
18.907089,17.10455,49.715049,2903.282688,0.50278,61.117666,7.060798,2.630333,0.0
18.924898,17.138698,49.750394,2899.430551,0.475427,61.132552,7.007143,2.610345,0.0
18.94268,17.17281,49.783672,2895.612909,0.446467,61.147439,6.956059,2.591315,0.0
18.960435,17.206885,49.814764,2891.82889,0.415944,61.162334,6.907607,2.573265,0.0
18.978153,17.240932,49.843461,2888.078974,0.383877,61.17723,6.861964,2.556262,0.0
18.995843,17.274935,49.869764,2884.360336,0.350416,61.192134,6.819033,2.540269,0.0
19.013497,17.308901,49.893597,2880.671852,0.315636,61.20704,6.778847,2.525299,0.0
19.031124,17.342838,49.914868,2877.012379,0.279605,61.221953,6.741437,2.511363,0.0
19.048724,17.376734,49.933497,2873.380722,0.242415,61.236875,6.70683,2.498471,0.0
19.066289,17.410599,49.949416,2869.77567,0.204131,61.251799,6.675048,2.486631,0.0
19.083825,17.44443,49.962556,2866.195975,0.164831,61.266729,6.646111,2.475851,0.0
19.101329,17.478231,49.97285,2862.640368,0.124601,61.281663,6.620035,2.466137,0.0
19.118801,17.512,49.980245,2859.107546,0.083526,61.296608,6.596834,2.457494,0.0
19.136247,17.545733,49.984695,2855.596181,0.041676,61.31156,6.57652,2.449927,0.0
19.153661,17.57943,49.986153,2852.104922,-0.000868,61.326513,6.559101,2.443438,0.0
19.171047,17.613094,49.98458,2848.632397,-0.044015,61.341473,6.544584,2.43803,0.0
19.188408,17.646729,49.979945,2845.177206,-0.087689,61.356445,6.532974,2.433705,0.0
19.205734,17.68033,49.972221,2841.737927,-0.131807,61.371417,6.524274,2.430464,0.0
19.223028,17.713902,49.961381,2838.313128,-0.176283,61.386393,6.518486,2.428308,0.0
19.2403,17.747437,49.947416,2834.90135,-0.221042,61.401384,6.515608,2.427235,0.0
19.257538,17.780939,49.930317,2831.501104,-0.265988,61.416376,6.515639,2.427247,0.0
19.274748,17.814413,49.910079,2828.110901,-0.311057,61.431377,6.518574,2.42834,0.0
19.291932,17.84786,49.886709,2824.729226,-0.35614,61.446387,6.524409,2.430514,0.0
19.309088,17.88127,49.860195,2821.354561,-0.401179,61.461396,6.533146,2.433769,0.0
19.326207,17.914643,49.830406,2817.985528,-0.446056,61.476415,6.544916,2.438153,0.0
19.343308,17.947989,49.797521,2814.6202,-0.490709,61.491443,6.559557,2.443608,0.0
19.360374,17.981299,49.761583,2811.256996,-0.535035,61.50648,6.577057,2.450127,0.0
19.377411,18.014581,49.722602,2807.89432,-0.578972,61.521519,6.5974,2.457705,0.0
19.394422,18.047837,49.680631,2804.530581,-0.622424,61.536564,6.62057,2.466337,0.0
19.411399,18.081058,49.635716,2801.164162,-0.665309,61.551619,6.646548,2.476014,0.0
19.428352,18.114243,49.587893,2797.793439,-0.707545,61.566676,6.675311,2.486729,0.0
19.445276,18.147398,49.537226,2794.416789,-0.749058,61.581739,6.706836,2.498473,0.0
19.462169,18.180521,49.483775,2791.032584,-0.789758,61.596806,6.741094,2.511235,0.0
19.479035,18.213613,49.427601,2787.639176,-0.829564,61.611877,6.778054,2.525004,0.0
19.495874,18.246673,49.368781,2784.234927,-0.868402,61.626958,6.817684,2.539767,0.0
19.512687,18.279701,49.307387,2780.818204,-0.906194,61.642043,6.859944,2.555509,0.0
19.529468,18.312699,49.243497,2777.387364,-0.942855,61.657132,6.904792,2.572217,0.0
19.546217,18.345661,49.177207,2773.94077,-0.978312,61.672227,6.952183,2.589871,0.0
19.562939,18.378587,49.108607,2770.476807,-1.012486,61.687325,7.002066,2.608454,0.0
19.579633,18.411479,49.037794,2766.993858,-1.045304,61.702432,7.054384,2.627944,0.0
19.5963,18.444343,48.964859,2763.490311,-1.076695,61.717544,7.109077,2.648318,0.0
19.612931,18.477179,48.889912,2759.964597,-1.106585,61.73265,7.166078,2.669552,0.0
19.629535,18.509971,48.813072,2756.415133,-1.134905,61.747764,7.225313,2.691619,0.0
19.646112,18.542736,48.734442,2752.84027,-1.161581,61.762888,7.286714,2.714493,0.0
19.662661,18.575453,48.654072,2749.237128,-1.186458,61.778002,7.350286,2.738175,0.0
19.679173,18.608143,48.572171,2745.605537,-1.209564,61.793125,7.415824,2.76259,0.0
19.695659,18.640798,48.488876,2741.944043,-1.230845,61.808257,7.483229,2.7877,0.0
19.712109,18.673425,48.404314,2738.251256,-1.250228,61.823382,7.552392,2.813465,0.0
19.728538,18.70601,48.318613,2734.525813,-1.267666,61.838514,7.623197,2.839842,0.0
19.744935,18.738557,48.231922,2730.76641,-1.283109,61.85364,7.695523,2.866785,0.0
19.761297,18.771067,48.144373,2726.971806,-1.296506,61.86877,7.769236,2.894245,0.0
19.777628,18.803536,48.056113,2723.140803,-1.307819,61.883903,7.844198,2.92217,0.0
19.793932,18.835971,47.967288,2719.27228,-1.317002,61.899036,7.920263,2.950506,0.0
19.810204,18.868369,47.878044,2715.365188,-1.324024,61.914169,7.997275,2.979196,0.0
19.826445,18.900726,47.78853,2711.418543,-1.32886,61.929298,8.075072,3.008177,0.0
19.842655,18.933048,47.698893,2707.431449,-1.331475,61.944425,8.153483,3.037387,0.0
19.858832,18.96533,47.609286,2703.4031,-1.331845,61.959555,8.23233,3.066759,0.0
19.874979,18.997569,47.519865,2699.332772,-1.329963,61.974679,8.311428,3.096226,0.0
19.89109,19.029773,47.430775,2695.219838,-1.325819,61.989802,8.390586,3.125714,0.0
19.907168,19.061937,47.342173,2691.063783,-1.319406,62.004924,8.469606,3.155151,0.0
19.923216,19.09405,47.254215,2686.864177,-1.310718,62.020038,8.548284,3.184461,0.0
19.93923,19.126127,47.167039,2682.620714,-1.299773,62.035151,8.626412,3.213566,0.0
19.955216,19.158167,47.080798,2678.333211,-1.286579,62.050256,8.703777,3.242386,0.0
19.971166,19.190153,46.995643,2674.001351,-1.271151,62.06536,8.780157,3.270839,0.0
19.987079,19.2221,46.911792,2669.623184,-1.253407,62.080465,8.855263,3.298818,0.0
20.002955,19.254003,46.829335,2665.201126,-1.233502,62.095561,8.928924,3.326259,0.0
20.018804,19.285853,46.748392,2660.735491,-1.21148,62.110647,9.000919,3.353079,0.0
20.034618,19.317664,46.669112,2656.226719,-1.187383,62.125725,9.071029,3.379197,0.0
20.050395,19.349432,46.591628,2651.675366,-1.161268,62.140801,9.139035,3.404531,0.0
20.066137,19.381148,46.516051,2647.082134,-1.133195,62.15587,9.204723,3.429002,0.0
20.081843,19.412816,46.442513,2642.447843,-1.10323,62.17093,9.267883,3.45253,0.0
20.097519,19.44444,46.371126,2637.773439,-1.071452,62.185982,9.328311,3.475041,0.0
20.113156,19.476018,46.302001,2633.05999,-1.037942,62.201024,9.385809,3.496461,0.0
20.128759,19.507547,46.235239,2628.308688,-1.00279,62.216057,9.440189,3.516719,0.0
20.144326,19.539026,46.170938,2623.520841,-0.966085,62.231081,9.491272,3.535748,0.0
20.159856,19.570456,46.109188,2618.697875,-0.927924,62.246096,9.538889,3.553487,0.0
20.175352,19.601835,46.050068,2613.84133,-0.888418,62.261102,9.582885,3.569877,0.0
20.190808,19.633167,45.993659,2608.952839,-0.847676,62.2761,9.623116,3.584864,0.0
20.206236,19.664446,45.940024,2604.034143,-0.805813,62.291088,9.659454,3.598401,0.0
20.221625,19.695677,45.889227,2599.087067,-0.762943,62.306065,9.691785,3.610445,0.0
20.236971,19.726848,45.841315,2594.113521,-0.719187,62.321026,9.72001,3.62096,0.0
20.252281,19.757973,45.796325,2589.115501,-0.67468,62.335977,9.74405,3.629915,0.0
20.267564,19.789045,45.754305,2584.095059,-0.629541,62.35092,9.763839,3.637287,0.0
20.282802,19.820071,45.71528,2579.054231,-0.583904,62.365854,9.779309,3.64305,0.0
20.298002,19.851031,45.679412,2573.994511,-0.537908,62.380768,9.790236,3.647121,0.0
20.313166,19.881946,45.646558,2568.919155,-0.491686,62.395674,9.796829,3.649577,0.0
20.328285,19.912799,45.616719,2563.830398,-0.4454,62.410571,9.7991,3.650423,0.0
20.343375,19.943605,45.589872,2558.730516,-0.399171,62.42545,9.797078,3.649669,0.0
20.358424,19.974351,45.566004,2553.621793,-0.353134,62.440319,9.790809,3.647334,0.0
20.373441,20.005048,45.545081,2548.506517,-0.307431,62.45518,9.780358,3.643441,0.0
20.388418,20.035694,45.527079,2543.386972,-0.262186,62.470024,9.765805,3.638019,0.0
20.403356,20.066279,45.511945,2538.265423,-0.217538,62.484851,9.747246,3.631106,0.0
20.418259,20.096813,45.499622,2533.144115,-0.173609,62.499671,9.724794,3.622742,0.0
20.433125,20.127291,45.490054,2528.025253,-0.130529,62.51448,9.698574,3.612974,0.0
20.447951,20.157716,45.483178,2522.911003,-0.08842,62.529272,9.668724,3.601854,0.0
20.46274,20.188087,45.478917,2517.803494,-0.047393,62.54405,9.635397,3.589439,0.0
20.477495,20.218403,45.477182,2512.704788,-0.007562,62.558818,9.598755,3.575789,0.0
20.492208,20.248667,45.477891,2507.61689,0.030961,62.573575,9.558968,3.560967,0.0
20.506884,20.278874,45.480956,2502.541746,0.06807,62.588316,9.516219,3.545042,0.0
20.521525,20.309031,45.486263,2497.481213,0.103666,62.603049,9.470695,3.528083,0.0
20.53613,20.339127,45.493725,2492.437076,0.137669,62.617772,9.42259,3.510163,0.0
20.550699,20.36917,45.503219,2487.411054,0.169974,62.632485,9.372104,3.491355,0.0
20.565232,20.399168,45.514632,2482.40475,0.200519,62.647181,9.31944,3.471737,0.0
20.579728,20.429101,45.527855,2477.419838,0.229208,62.661867,9.264793,3.451379,0.0
20.594187,20.458988,45.542836,2472.458835,0.255886,62.676535,9.208309,3.430337,0.0
20.60861,20.48882,45.559357,2467.522023,0.280583,62.691194,9.150293,3.408725,0.0
20.622997,20.518599,45.577289,2462.610618,0.303242,62.705852,9.090951,3.386619,0.0
20.637348,20.548324,45.596506,2457.725772,0.323826,62.720486,9.03049,3.364095,0.0
20.651663,20.577994,45.616874,2452.868507,0.342286,62.735116,8.969113,3.341231,0.0
20.665941,20.607611,45.638255,2448.039776,0.358593,62.749738,8.907018,3.318099,0.0
20.680184,20.63718,45.660513,2443.240413,0.372721,62.764352,8.844402,3.294772,0.0
20.694391,20.666698,45.683514,2438.471176,0.384638,62.778951,8.781456,3.271323,0.0
20.708567,20.696167,45.707121,2433.732717,0.394332,62.793542,8.718364,3.24782,0.0
20.722707,20.725582,45.731202,2429.025594,0.401798,62.808124,8.655309,3.22433,0.0
20.73681,20.754947,45.755622,2424.350278,0.407032,62.822697,8.592462,3.200918,0.0
20.750883,20.784268,45.780239,2419.707145,0.410038,62.837262,8.529993,3.177647,0.0
20.764919,20.813535,45.804922,2415.096492,0.410822,62.851815,8.468061,3.154576,0.0
20.778922,20.842751,45.829543,2410.518527,0.409391,62.866366,8.406821,3.131762,0.0
20.792896,20.87192,45.853972,2405.973369,0.40577,62.880908,8.34642,3.109261,0.0
20.806834,20.901036,45.878075,2401.461068,0.399978,62.89544,8.286998,3.087125,0.0
20.820737,20.930108,45.901724,2396.981575,0.392049,62.909965,8.228687,3.065402,0.0
20.834613,20.959134,45.924793,2392.5348,0.382009,62.924489,8.171612,3.044141,0.0
20.848452,20.988115,45.947173,2388.120537,0.369902,62.938995,8.115892,3.023383,0.0
20.862255,21.017042,45.968737,2383.738764,0.355757,62.953501,8.061649,3.003176,0.0
20.87603,21.045931,45.989311,2379.390481,0.339535,62.968007,8.009061,2.983586,0.0
20.889778,21.074766,46.008831,2375.073716,0.321386,62.982495,7.958151,2.964621,0.0
20.903482,21.103556,46.027198,2370.788003,0.301362,62.996991,7.909009,2.946314,0.0
20.917165,21.1323,46.044293,2366.532835,0.279522,63.011472,7.86172,2.928698,0.0
20.930814,21.161,46.060026,2362.307635,0.255926,63.025949,7.81636,2.9118,0.0
20.944428,21.189655,46.074292,2358.111782,0.230631,63.040427,7.773001,2.895647,0.0
20.958013,21.218264,46.087012,2353.944602,0.203712,63.054892,7.731708,2.880265,0.0
20.97157,21.246835,46.09809,2349.805364,0.175233,63.069356,7.692542,2.865674,0.0
20.985095,21.275358,46.107446,2345.693294,0.145258,63.083819,7.655557,2.851897,0.0
20.998589,21.303838,46.115008,2341.607582,0.113865,63.098277,7.620804,2.83895,0.0
21.012056,21.332272,46.120693,2337.547367,0.081127,63.112732,7.588328,2.826852,0.0
21.025491,21.360661,46.12443,2333.511741,0.047118,63.127177,7.558168,2.815617,0.0
21.038895,21.389013,46.126161,2329.499771,0.011925,63.14162,7.530362,2.805258,0.0
21.052271,21.417327,46.125831,2325.510491,-0.024378,63.156066,7.504942,2.795788,0.0
21.065618,21.445596,46.123375,2321.542883,-0.061716,63.170506,7.481935,2.787217,0.0
21.078931,21.473819,46.118748,2317.595908,-0.099998,63.184943,7.461365,2.779555,0.0
21.092217,21.501999,46.11191,2313.668484,-0.13914,63.199374,7.443254,2.772808,0.0
21.105476,21.530142,46.102818,2309.759509,-0.179064,63.213804,7.427618,2.766983,0.0
21.118707,21.558241,46.091429,2305.867844,-0.219677,63.228233,7.414472,2.762086,0.0
21.131912,21.586303,46.077711,2301.992447,-0.260905,63.242654,7.403843,2.758126,0.0
21.145079,21.614318,46.06154,2298.132667,-0.302672,63.257075,7.395843,2.755146,0.0
21.158219,21.642288,46.042993,2294.286503,-0.344854,63.271495,7.390354,2.753101,0.0
21.17134,21.670222,46.022071,2290.452716,-0.387373,63.285916,7.387378,2.751993,0.0
21.18442,21.698119,45.998772,2286.630046,-0.430139,63.300329,7.386912,2.751819,0.0
21.197476,21.725974,45.973076,2282.817231,-0.473056,63.31474,7.388951,2.752579,0.0
21.210508,21.753783,45.944997,2279.012968,-0.516039,63.329151,7.393487,2.754269,0.0
21.223507,21.781553,45.914536,2275.215942,-0.559003,63.343556,7.40051,2.756885,0.0
21.236481,21.809288,45.881702,2271.424836,-0.60185,63.357957,7.410005,2.760422,0.0
21.249426,21.836981,45.846517,2267.638315,-0.644501,63.372359,7.421956,2.764874,0.0
21.262341,21.864629,45.809008,2263.855028,-0.686863,63.38676,7.436344,2.770234,0.0
21.275228,21.892241,45.769194,2260.07361,-0.728843,63.401158,7.453144,2.776492,0.0
21.288089,21.919814,45.727105,2256.292697,-0.770361,63.41555,7.472332,2.78364,0.0
21.300922,21.94734,45.68278,2252.510915,-0.811328,63.429942,7.493877,2.791666,0.0
21.313728,21.97483,45.636259,2248.726881,-0.851654,63.444331,7.517748,2.800559,0.0
21.326505,22.002282,45.587589,2244.939229,-0.891255,63.458714,7.543908,2.810304,0.0
21.33925,22.02969,45.536819,2241.146571,-0.930053,63.473096,7.572318,2.820888,0.0
21.351974,22.057062,45.484005,2237.347518,-0.967956,63.487478,7.602935,2.832293,0.0
21.364664,22.084389,45.429201,2233.540702,-1.004887,63.501851,7.63571,2.844503,0.0
21.377335,22.111679,45.372475,2229.724762,-1.04077,63.516223,7.670593,2.857498,0.0
21.389969,22.138925,45.31388,2225.898241,-1.075501,63.530587,7.707543,2.871263,0.0
21.402576,22.166132,45.253418,2222.059214,-1.108968,63.544951,7.746577,2.885804,0.0
21.415155,22.193295,45.191264,2218.206869,-1.141131,63.559305,7.787532,2.90106,0.0
21.427708,22.220412,45.127476,2214.339881,-1.17193,63.573659,7.830337,2.917007,0.0
21.440225,22.247493,45.062163,2210.456962,-1.201298,63.588014,7.874919,2.933615,0.0
21.452721,22.27453,44.99539,2206.556838,-1.229159,63.60236,7.921199,2.950855,0.0
21.465186,22.301522,44.927258,2202.638282,-1.255444,63.616698,7.969093,2.968697,0.0
21.477627,22.328476,44.857858,2198.700072,-1.280097,63.631027,8.018512,2.987107,0.0
21.490039,22.355388,44.787288,2194.741025,-1.303062,63.645352,8.069361,3.006049,0.0
21.502419,22.382254,44.715643,2190.760011,-1.324273,63.659678,8.121543,3.025488,0.0
21.514773,22.409076,44.643028,2186.755929,-1.343683,63.673994,8.174952,3.045385,0.0
21.527096,22.435857,44.569543,2182.72772,-1.361244,63.6883,8.22948,3.065698,0.0
21.539386,22.462598,44.495294,2178.674377,-1.376908,63.702603,8.285013,3.086385,0.0
21.55165,22.489291,44.420391,2174.594942,-1.390638,63.716897,8.34143,3.107402,0.0
21.563886,22.515936,44.344937,2170.488506,-1.402392,63.731181,8.398609,3.128703,0.0
21.576095,22.542542,44.269051,2166.354236,-1.412133,63.74546,8.45642,3.150239,0.0
21.588276,22.569103,44.192833,2162.191334,-1.419845,63.759734,8.514731,3.171961,0.0
21.600422,22.595618,44.116408,2157.999085,-1.4255,63.773992,8.573403,3.193818,0.0
21.612541,22.62208,44.039878,2153.776848,-1.429076,63.788241,8.632296,3.215757,0.0
21.624632,22.648506,43.963354,2149.524041,-1.430572,63.80249,8.691264,3.237724,0.0
21.636687,22.674877,43.886967,2145.239898,-1.429945,63.816721,8.750157,3.259664,0.0
21.648714,22.701202,43.810834,2140.922742,-1.427131,63.830942,8.808805,3.281511,0.0
21.660714,22.727481,43.73506,2136.573704,-1.42222,63.845154,8.867056,3.303212,0.0
21.672687,22.753715,43.659764,2132.192536,-1.415221,63.859357,8.924756,3.324706,0.0
21.684625,22.779896,43.585041,2127.779087,-1.406165,63.873551,8.981748,3.345937,0.0
21.696527,22.806031,43.511007,2123.333273,-1.395065,63.887729,9.037874,3.366846,0.0
21.7084,22.832114,43.437767,2118.855112,-1.38195,63.901896,9.092977,3.387373,0.0
21.720246,22.858149,43.365423,2114.344706,-1.366854,63.916047,9.146901,3.407461,0.0
21.732059,22.884139,43.294078,2109.802251,-1.349816,63.930192,9.199491,3.427052,0.0
21.743841,22.910073,43.223826,2105.228036,-1.330891,63.944321,9.250594,3.44609,0.0
21.755597,22.935955,43.154763,2100.622438,-1.310127,63.958438,9.300061,3.464518,0.0
21.767316,22.961791,43.086977,2095.985922,-1.287577,63.972541,9.347746,3.482281,0.0
21.779003,22.987574,43.020558,2091.319042,-1.26331,63.986625,9.393507,3.499328,0.0
21.790664,23.013301,42.955587,2086.622447,-1.237403,64.000701,9.437208,3.515608,0.0
21.80229,23.038981,42.892137,2081.896883,-1.20992,64.014764,9.478718,3.531072,0.0
21.813879,23.064606,42.830284,2077.143161,-1.180943,64.028809,9.517915,3.545674,0.0
21.825437,23.090179,42.770101,2072.362191,-1.150565,64.042837,9.554682,3.559371,0.0
21.836972,23.115705,42.711654,2067.554948,-1.118878,64.056847,9.588912,3.572122,0.0
21.848464,23.141168,42.654987,2062.722502,-1.08597,64.070848,9.620505,3.583891,0.0
21.859928,23.166577,42.600167,2057.865971,-1.051941,64.084831,9.649371,3.594645,0.0
21.871356,23.191932,42.547254,2052.986383,-1.016887,64.098796,9.675407,3.604344,0.0
21.882756,23.217231,42.496366,2048.084276,-0.9809,64.112741,9.698428,3.612919,0.0
21.89412,23.242484,42.447439,2043.162053,-0.94413,64.126669,9.718509,3.6204,0.0
21.905457,23.267667,42.400509,2038.221106,-0.906685,64.140587,9.735605,3.626769,0.0
21.91675,23.292801,42.3556,2033.262868,-0.868686,64.154489,9.749683,3.632013,0.0
21.928014,23.317884,42.31273,2028.288836,-0.830258,64.168365,9.760719,3.636125,0.0
21.93925,23.342905,42.271897,2023.300514,-0.791508,64.182227,9.768704,3.639099,0.0
21.950453,23.36787,42.23311,2018.299457,-0.752571,64.196075,9.773639,3.640938,0.0
21.96162,23.392781,42.196376,2013.287238,-0.713554,64.209898,9.775537,3.641645,0.0
21.972751,23.417632,42.161677,2008.265446,-0.674584,64.223705,9.774422,3.64123,0.0
21.983851,23.442426,42.128993,2003.235692,-0.635787,64.237498,9.770331,3.639705,0.0
21.99492,23.467165,42.098311,1998.199597,-0.597276,64.251274,9.763309,3.637089,0.0
22.005952,23.491846,42.069604,1993.158767,-0.559171,64.265031,9.753415,3.633404,0.0
22.016952,23.516468,42.042834,1988.11481,-0.521588,64.278767,9.740716,3.628673,0.0
22.027922,23.541036,42.017972,1983.069333,-0.484642,64.292482,9.725289,3.622926,0.0
22.038856,23.565548,41.99497,1978.023909,-0.448455,64.306185,9.707222,3.616196,0.0
22.049756,23.589998,41.973782,1972.980108,-0.413127,64.319868,9.68661,3.608517,0.0
22.060628,23.614394,41.954348,1967.939459,-0.378763,64.333528,9.663556,3.599929,0.0
22.071463,23.638736,41.936618,1962.903477,-0.345472,64.347177,9.638171,3.590472,0.0
22.082263,23.663015,41.920522,1957.873622,-0.313354,64.360808,9.610572,3.580191,0.0
22.093036,23.687239,41.906016,1952.851414,-0.282509,64.374421,9.580864,3.569124,0.0
22.103771,23.711398,41.893064,1947.838661,-0.253085,64.388006,9.549112,3.557296,0.0
22.11447,23.735502,41.881534,1942.836334,-0.225118,64.401582,9.515548,3.544792,0.0
22.125142,23.759552,41.871342,1937.845709,-0.198668,64.41514,9.480307,3.531664,0.0
22.135778,23.783549,41.862403,1932.868022,-0.173826,64.428681,9.443531,3.517964,0.0
22.146386,23.807484,41.854639,1927.904423,-0.150656,64.442203,9.405362,3.503745,0.0
22.15696,23.831363,41.847959,1922.956015,-0.129224,64.455707,9.365943,3.48906,0.0
22.167498,23.855181,41.842272,1918.023852,-0.109586,64.469194,9.325419,3.473964,0.0
22.178006,23.878942,41.837488,1913.108911,-0.091786,64.482662,9.283935,3.45851,0.0
22.188482,23.90265,41.833511,1908.212105,-0.075878,64.496118,9.241636,3.442752,0.0
22.198926,23.926303,41.830251,1903.334283,-0.061901,64.50956,9.198664,3.426744,0.0
22.20934,23.949903,41.827613,1898.476229,-0.049891,64.522979,9.155163,3.410539,0.0
22.219721,23.973444,41.825502,1893.638662,-0.039877,64.536383,9.111271,3.394188,0.0
22.230071,23.996926,41.823821,1888.822232,-0.03188,64.549777,9.067128,3.377744,0.0
22.240389,24.020357,41.822465,1884.027527,-0.02592,64.56315,9.022867,3.361255,0.0
22.250677,24.043738,41.821349,1879.255058,-0.022006,64.576511,8.978621,3.344773,0.0
22.260931,24.067058,41.820374,1874.505277,-0.020143,64.589854,8.934518,3.328343,0.0
22.271158,24.090324,41.819444,1869.77857,-0.020332,64.603181,8.890683,3.312013,0.0
22.281357,24.113536,41.818452,1865.075255,-0.022573,64.616498,8.847236,3.295828,0.0
22.29152,24.136694,41.817321,1860.3956,-0.026854,64.629797,8.804293,3.279831,0.0
22.301647,24.159797,41.815953,1855.740006,-0.033172,64.643078,8.761973,3.264066,0.0
22.311755,24.182844,41.814227,1851.109496,-0.041588,64.656349,8.720418,3.248585,0.0
22.321827,24.205837,41.81207,1846.503024,-0.051975,64.669611,8.679701,3.233417,0.0
22.331871,24.228776,41.809406,1841.920597,-0.0643,64.682856,8.639919,3.218597,0.0
22.341881,24.251669,41.806134,1837.362154,-0.078544,64.696083,8.601164,3.20416,0.0
22.351862,24.274509,41.802174,1832.827582,-0.094653,64.709299,8.563524,3.190138,0.0
22.361816,24.297296,41.797456,1828.316713,-0.112588,64.722506,8.527081,3.176562,0.0
22.371743,24.320028,41.791895,1823.829318,-0.132302,64.735698,8.491914,3.163462,0.0
22.381637,24.342706,41.785413,1819.365133,-0.153745,64.748878,8.458096,3.150863,0.0
22.3915,24.365336,41.777948,1814.923837,-0.17686,64.762043,8.425695,3.138793,0.0
22.401337,24.387916,41.769426,1810.505052,-0.201593,64.775195,8.394775,3.127275,0.0
22.411146,24.410447,41.759775,1806.10836,-0.227883,64.788339,8.365395,3.11633,0.0
22.420929,24.432928,41.74894,1801.733302,-0.255659,64.801473,8.33761,3.105979,0.0
22.430684,24.455356,41.736863,1797.379374,-0.284854,64.814595,8.311471,3.096241,0.0
22.44041,24.477732,41.723482,1793.04603,-0.315406,64.827702,8.287022,3.087134,0.0
22.450102,24.500061,41.708747,1788.732675,-0.347237,64.840799,8.264306,3.078672,0.0
22.459769,24.522338,41.692613,1784.438689,-0.380281,64.853888,8.243361,3.070869,0.0
22.469415,24.544568,41.675026,1780.163401,-0.414446,64.866966,8.224219,3.063738,0.0
22.479026,24.566746,41.655959,1775.90613,-0.449665,64.880029,8.206911,3.05729,0.0
22.48861,24.588878,41.635368,1771.66613,-0.485852,64.89309,8.191462,3.051535,0.0
22.498167,24.610965,41.613196,1767.442804,-0.522939,64.906133,8.177913,3.046488,0.0
22.507696,24.632996,41.589368,1763.235847,-0.560854,64.919167,8.16635,3.04218,0.0
22.517197,24.654972,41.56392,1759.043685,-0.59949,64.932192,8.156702,3.038586,0.0
22.526672,24.676911,41.536844,1754.86546,-0.638736,64.945199,8.148977,3.035708,0.0
22.536119,24.698799,41.508108,1750.700306,-0.678522,64.958204,8.143184,3.03355,0.0
22.54554,24.720632,41.477699,1746.547311,-0.718757,64.971194,8.139325,3.032113,0.0
22.554933,24.742426,41.445616,1742.405544,-0.759349,64.984181,8.1374,3.031396,0.0
22.5643,24.76417,41.411853,1738.27407,-0.800203,64.997154,8.137405,3.031397,0.0
22.573639,24.785861,41.376407,1734.151924,-0.841238,65.010115,8.139333,3.032116,0.0
22.582952,24.807508,41.339283,1730.038124,-0.882366,65.023067,8.143174,3.033546,0.0
22.592237,24.82911,41.300481,1725.931678,-0.923494,65.036011,8.148913,3.035684,0.0
22.601496,24.850661,41.260014,1721.831575,-0.964534,65.048945,8.156534,3.038523,0.0
22.610731,24.872164,41.217899,1717.736794,-1.005395,65.061866,8.166016,3.042056,0.0
22.619942,24.893617,41.174148,1713.646313,-1.045985,65.074777,8.177336,3.046273,0.0
22.62912,24.915024,41.128783,1709.55909,-1.086216,65.087681,8.190466,3.051164,0.0
22.638273,24.936387,41.081827,1705.474076,-1.126007,65.100572,8.205375,3.056718,0.0
22.647404,24.957702,41.033321,1701.390231,-1.165267,65.113459,8.222031,3.062923,0.0
22.656502,24.978967,40.983289,1697.30651,-1.203916,65.12633,8.240396,3.069764,0.0
22.665581,25.000193,40.931759,1693.221857,-1.241858,65.139192,8.260429,3.077227,0.0
22.674633,25.021366,40.878782,1689.135221,-1.279029,65.152044,8.282087,3.085295,0.0
22.683658,25.042484,40.824377,1685.045528,-1.315318,65.164879,8.305338,3.093957,0.0
22.692654,25.063555,40.768552,1680.951529,-1.35062,65.177713,8.33018,3.103211,0.0
22.701624,25.084581,40.711413,1676.852331,-1.384897,65.190529,8.356487,3.113011,0.0
22.710566,25.105561,40.653019,1672.746914,-1.418072,65.203336,8.384201,3.123335,0.0
22.719482,25.12649,40.593413,1668.634298,-1.450069,65.216134,8.41326,3.134161,0.0
22.72837,25.147378,40.53266,1664.51349,-1.480826,65.228915,8.443599,3.145463,0.0
22.737232,25.168211,40.470815,1660.383524,-1.510278,65.241685,8.47515,3.157216,0.0
22.746073,25.188993,40.407942,1656.243464,-1.538355,65.254447,8.507841,3.169394,0.0
22.754884,25.209729,40.344107,1652.092397,-1.565002,65.267199,8.541596,3.181969,0.0
22.76367,25.230421,40.279369,1647.929423,-1.590156,65.279937,8.576338,3.194911,0.0
22.772428,25.251064,40.213798,1643.75368,-1.613765,65.292657,8.611985,3.208191,0.0
22.781159,25.271656,40.14747,1639.564344,-1.635787,65.305367,8.648452,3.221776,0.0
22.789868,25.2922,40.08045,1635.360614,-1.65617,65.31807,8.685653,3.235634,0.0
22.79855,25.312689,40.012803,1631.141729,-1.674869,65.330755,8.723496,3.249732,0.0
22.807205,25.333131,39.944609,1626.90697,-1.691852,65.343425,8.76189,3.264035,0.0
22.815831,25.353529,39.875948,1622.655651,-1.707081,65.356083,8.800739,3.278507,0.0
22.824425,25.373868,39.806889,1618.387133,-1.720525,65.368725,8.839946,3.293112,0.0
22.832999,25.394162,39.737501,1614.100824,-1.732174,65.381359,8.87941,3.307814,0.0
22.841546,25.41441,39.66787,1609.796182,-1.742003,65.393981,8.919032,3.322574,0.0
22.850066,25.434604,39.598071,1605.472703,-1.749986,65.406577,8.958707,3.337354,0.0
22.858559,25.454743,39.528172,1601.129738,-1.756104,65.419165,8.998331,3.352115,0.0
22.867023,25.474826,39.458263,1596.766201,-1.760286,65.431733,9.037785,3.366813,0.0
22.875461,25.494864,39.388417,1592.382634,-1.762623,65.444292,9.076967,3.381409,0.0
22.883871,25.514849,39.318709,1587.978758,-1.763124,65.456834,9.115769,3.395864,0.0
22.892255,25.53478,39.249208,1583.554378,-1.761788,65.469358,9.154088,3.410139,0.0
22.900612,25.554664,39.17999,1579.10933,-1.758646,65.481864,9.191817,3.424194,0.0
22.908941,25.574496,39.111124,1574.643521,-1.753711,65.494352,9.228854,3.437991,0.0
22.917244,25.594268,39.042685,1570.156932,-1.747024,65.506828,9.265095,3.451492,0.0
22.925514,25.613988,38.974737,1565.649581,-1.738618,65.519289,9.300439,3.464658,0.0
22.933758,25.633658,38.907339,1561.121563,-1.728523,65.531727,9.334789,3.477455,0.0
22.94198,25.653274,38.840557,1556.573029,-1.716788,65.544148,9.368048,3.489844,0.0
22.95017,25.672836,38.774453,1552.004194,-1.703469,65.556556,9.400123,3.501793,0.0
22.958332,25.692345,38.709084,1547.415332,-1.688621,65.568941,9.430926,3.513268,0.0
22.966469,25.711799,38.644503,1542.806773,-1.672302,65.581306,9.460371,3.524237,0.0
22.974573,25.731199,38.580768,1538.178918,-1.654575,65.593657,9.488376,3.53467,0.0
22.98265,25.750545,38.517927,1533.532208,-1.635509,65.605985,9.514865,3.544538,0.0
22.9907,25.769835,38.456022,1528.867157,-1.615176,65.618301,9.539768,3.553815,0.0
22.998723,25.789065,38.395095,1524.18431,-1.593667,65.630591,9.563017,3.562475,0.0
23.00672,25.808248,38.335181,1519.484297,-1.571052,65.642863,9.584553,3.570498,0.0
23.014688,25.827369,38.276329,1514.767776,-1.547423,65.655116,9.604321,3.577862,0.0
23.022621,25.846435,38.218571,1510.035282,-1.522857,65.667352,9.622252,3.584542,0.0
23.030534,25.865445,38.161986,1505.28714,-1.497426,65.67956,9.638242,3.590499,0.0
23.038412,25.884392,38.106527,1500.524867,-1.471275,65.691749,9.652337,3.595749,0.0
23.046262,25.903292,38.052234,1495.749289,-1.444495,65.70392,9.66451,3.600284,0.0
23.054085,25.922124,37.99912,1490.961299,-1.41719,65.716074,9.674742,3.604096,0.0
23.061881,25.940906,37.947191,1486.161807,-1.38946,65.728202,9.68302,3.60718,0.0
23.069643,25.959629,37.896451,1481.351763,-1.361414,65.74031,9.689339,3.609534,0.0
23.077382,25.978296,37.846905,1476.532135,-1.333151,65.7524,9.6937,3.611158,0.0
23.085092,25.996903,37.798561,1471.703908,-1.304776,65.764466,9.696112,3.612057,0.0
23.09277,26.015452,37.751408,1466.868094,-1.276399,65.77651,9.696591,3.612235,0.0
23.100422,26.033947,37.705438,1462.025726,-1.248125,65.788536,9.695158,3.611701,0.0
23.108047,26.052384,37.660643,1457.177842,-1.220061,65.800541,9.691843,3.610467,0.0
23.11564,26.070758,37.617001,1452.325482,-1.192311,65.812521,9.686681,3.608544,0.0
23.123201,26.089075,37.574495,1447.469699,-1.164973,65.824481,9.679714,3.605948,0.0
23.130736,26.107339,37.533103,1442.611548,-1.138156,65.836416,9.67099,3.602698,0.0
23.138243,26.125538,37.492792,1437.75208,-1.111959,65.848334,9.660561,3.598813,0.0
23.145723,26.143687,37.453538,1432.892336,-1.086476,65.860231,9.648486,3.594315,0.0
23.153176,26.161767,37.415312,1428.033346,-1.061803,65.872103,9.63483,3.589228,0.0
23.160601,26.1798,37.378071,1423.176146,-1.038046,65.883957,9.619659,3.583576,0.0
23.167991,26.197762,37.341774,1418.321743,-1.015274,65.895793,9.603046,3.577387,0.0
23.175353,26.215679,37.306397,1413.471167,-0.993605,65.907601,9.585053,3.570684,0.0
23.182687,26.23352,37.271921,1408.625633,-0.973147,65.91939,9.565724,3.563484,0.0
23.189995,26.251316,37.238247,1403.7859,-0.953948,65.931162,9.545204,3.555839,0.0
23.197275,26.269051,37.205323,1398.952886,-0.936076,65.942907,9.523576,3.547783,0.0
23.204528,26.286722,37.173115,1394.127487,-0.919599,65.954633,9.500931,3.539347,0.0
23.211747,26.304338,37.141559,1389.310549,-0.904585,65.966341,9.477357,3.530565,0.0
23.218943,26.3219,37.1106,1384.502894,-0.891095,65.978024,9.452947,3.521471,0.0
23.226109,26.339401,37.080189,1379.705318,-0.879182,65.989686,9.427791,3.5121,0.0
23.233245,26.356839,37.050261,1374.918571,-0.868897,66.001331,9.401983,3.502486,0.0
23.240353,26.37422,37.020754,1370.143362,-0.860287,66.012957,9.375617,3.492664,0.0
23.247435,26.391547,36.991609,1365.380378,-0.853392,66.02456,9.348785,3.482668,0.0
23.25449,26.40882,36.96277,1360.630255,-0.848252,66.036141,9.32158,3.472534,0.0
23.261517,26.426034,36.93418,1355.893585,-0.844893,66.047704,9.294094,3.462295,0.0
23.268518,26.443186,36.90577,1351.170927,-0.843338,66.059249,9.266418,3.451985,0.0
23.275492,26.460281,36.877477,1346.46279,-0.843616,66.070776,9.238641,3.441637,0.0
23.282436,26.477326,36.849248,1341.769653,-0.845739,66.082283,9.210852,3.431285,0.0
23.289348,26.49431,36.821021,1337.091943,-0.84971,66.093766,9.183136,3.42096,0.0
23.296241,26.511238,36.792722,1332.430033,-0.855543,66.105238,9.155578,3.410694,0.0
23.303105,26.528104,36.764301,1327.78428,-0.86323,66.116684,9.12826,3.400517,0.0
23.309935,26.544916,36.735705,1323.154973,-0.872771,66.128121,9.101262,3.390459,0.0
23.316746,26.561674,36.706855,1318.542594,-0.88418,66.13953,9.074666,3.380552,0.0
23.323529,26.578375,36.677694,1313.947855,-0.897484,66.15092,9.048566,3.370829,0.0
23.330286,26.595023,36.648166,1309.37023,-0.912598,66.162302,9.023017,3.361311,0.0
23.337015,26.611607,36.618218,1304.809824,-0.929487,66.173657,8.998085,3.352024,0.0
23.343717,26.628145,36.587808,1300.266713,-0.948125,66.184994,8.973837,3.34299,0.0
23.350392,26.644623,36.556871,1295.740945,-0.96848,66.196319,8.950334,3.334235,0.0
23.35704,26.661045,36.525359,1291.232515,-0.99051,66.207622,8.927634,3.325779,0.0
23.363662,26.677413,36.493225,1286.741373,-1.014179,66.218911,8.905793,3.317642,0.0
23.370256,26.693726,36.460427,1282.267448,-1.039431,66.230185,8.884862,3.309845,0.0
23.376828,26.709986,36.426917,1277.810621,-1.066217,66.241441,8.86489,3.302405,0.0
23.383378,26.726192,36.39265,1273.370732,-1.094491,66.252679,8.845924,3.295339,0.0
23.389896,26.742339,36.357587,1268.94759,-1.124196,66.263899,8.828004,3.288664,0.0
23.396386,26.758432,36.321689,1264.54097,-1.15527,66.275105,8.811169,3.282392,0.0
23.402858,26.774475,36.284923,1260.150611,-1.187643,66.286298,8.795454,3.276538,0.0
23.409307,26.790465,36.247257,1255.776215,-1.221257,66.297474,8.780892,3.271113,0.0
23.415724,26.806403,36.208661,1251.417466,-1.256043,66.308631,8.76751,3.266128,0.0
23.422119,26.822293,36.169101,1247.073995,-1.291923,66.319773,8.755335,3.261593,0.0
23.428481,26.838121,36.128562,1242.745416,-1.328833,66.330904,8.744388,3.257515,0.0
23.434825,26.853895,36.087005,1238.431325,-1.36669,66.342016,8.734687,3.253901,0.0
23.441151,26.869624,36.04442,1234.13127,-1.405425,66.353111,8.726249,3.250757,0.0
23.447439,26.885289,36.000769,1229.844961,-1.444954,66.364188,8.719102,3.248095,0.0
23.45371,26.900908,35.95602,1225.57224,-1.485233,66.375255,8.713292,3.245931,0.0
23.459953,26.916472,35.910183,1221.312019,-1.526125,66.386305,8.708772,3.244247,0.0
23.466169,26.931991,35.863266,1217.063752,-1.567562,66.397345,8.705543,3.243044,0.0
23.472366,26.947449,35.81526,1212.826881,-1.609452,66.40836,8.703604,3.242321,0.0
23.478538,26.962858,35.766158,1208.600823,-1.65171,66.41937,8.702951,3.242078,0.0
23.484682,26.978216,35.715952,1204.384976,-1.694257,66.43036,8.703578,3.242312,0.0
23.490807,26.99352,35.664651,1200.178726,-1.737003,66.441335,8.705473,3.243018,0.0
23.496907,27.00877,35.612261,1195.981445,-1.779862,66.452295,8.708624,3.244192,0.0
23.50298,27.023971,35.558783,1191.792494,-1.822748,66.463243,8.713015,3.245827,0.0
23.509031,27.039122,35.504225,1187.611222,-1.865581,66.474177,8.718628,3.247918,0.0
23.515055,27.054224,35.448605,1183.436966,-1.908276,66.485093,8.725439,3.250456,0.0
23.521055,27.069273,35.391932,1179.269055,-1.950747,66.495995,8.733425,3.253431,0.0
23.527036,27.084266,35.334219,1175.106813,-1.992911,66.506885,8.742559,3.256833,0.0
23.532987,27.099214,35.275496,1170.949558,-2.034686,66.517759,8.75281,3.260652,0.0
23.538919,27.114112,35.215776,1166.796606,-2.076001,66.52862,8.764147,3.264875,0.0
23.54483,27.12895,35.155075,1162.647281,-2.116762,66.539459,8.776532,3.269489,0.0
23.550709,27.143743,35.093432,1158.500888,-2.156908,66.550294,8.78993,3.27448,0.0
23.556577,27.158482,35.030865,1154.356756,-2.196361,66.561104,8.804299,3.279833,0.0
23.562409,27.173176,34.967399,1150.214197,-2.235038,66.571904,8.819596,3.285532,0.0
23.568223,27.187815,34.903067,1146.07255,-2.272866,66.582686,8.835789,3.291564,0.0
23.574008,27.202398,34.837872,1141.931109,-2.309748,66.59345,8.852849,3.297919,0.0
23.579776,27.216936,34.771876,1137.789174,-2.345658,66.604204,8.870689,3.304565,0.0
23.585517,27.23142,34.705138,1133.646124,-2.380521,66.614941,8.889257,3.311482,0.0
23.591231,27.24585,34.637669,1129.501323,-2.414291,66.62566,8.9085,3.318651,0.0
23.596926,27.260227,34.569523,1125.354162,-2.446913,66.636369,8.928362,3.32605,0.0
23.602596,27.274556,34.500739,1121.204052,-2.478332,66.647061,8.948784,3.333658,0.0
23.608245,27.288834,34.431357,1117.050414,-2.50851,66.657736,8.969709,3.341453,0.0
23.61387,27.303064,34.361413,1112.892697,-2.537397,66.668392,8.991075,3.349412,0.0
23.619474,27.317243,34.290952,1108.730373,-2.564948,66.679036,9.01282,3.357512,0.0
23.62505,27.331369,34.220021,1104.562928,-2.591134,66.689661,9.034881,3.365731,0.0
23.630603,27.34544,34.148662,1100.389888,-2.615926,66.700268,9.057194,3.374043,0.0
23.636135,27.359457,34.076913,1096.210803,-2.639298,66.710862,9.079695,3.382425,0.0
23.641638,27.373424,34.004819,1092.025238,-2.661228,66.721438,9.102317,3.390853,0.0
23.647123,27.387343,33.93243,1087.832796,-2.681698,66.731996,9.124995,3.399301,0.0
23.652588,27.40121,33.859785,1083.63312,-2.700698,66.742536,9.147663,3.407745,0.0
23.658026,27.415029,33.786934,1079.425884,-2.718221,66.753058,9.170254,3.416161,0.0
23.663436,27.428787,33.713919,1075.210779,-2.734258,66.763563,9.192702,3.424523,0.0
23.668821,27.4425,33.640781,1070.987549,-2.748813,66.774058,9.214942,3.432808,0.0
23.674188,27.456158,33.567556,1066.755959,-2.761901,66.784526,9.236908,3.440991,0.0
23.679536,27.469762,33.494303,1062.515695,-2.773509,66.794975,9.25853,3.449046,0.0
23.684856,27.483309,33.421051,1058.266363,-2.783619,66.805416,9.27973,3.456944,0.0
23.69015,27.496812,33.347851,1054.008212,-2.792307,66.815829,9.300461,3.464666,0.0
23.695416,27.510252,33.274731,1049.741159,-2.799614,66.826224,9.320661,3.472192,0.0
23.700663,27.523646,33.201739,1045.465172,-2.805561,66.836601,9.340274,3.479498,0.0
23.705892,27.536986,33.128911,1041.180263,-2.810192,66.84696,9.359242,3.486564,0.0
23.711096,27.550273,33.056282,1036.886478,-2.813546,66.857301,9.377511,3.49337,0.0
23.716274,27.563506,32.983879,1032.583884,-2.815676,66.867624,9.395031,3.499896,0.0
23.721424,27.576685,32.911739,1028.272613,-2.816629,66.877924,9.411753,3.506126,0.0
23.726553,27.58981,32.839889,1023.952823,-2.816459,66.888206,9.42763,3.51204,0.0
23.731658,27.602881,32.768355,1019.624708,-2.81523,66.898471,9.44262,3.517624,0.0
23.736741,27.615898,32.697172,1015.288504,-2.813001,66.908712,9.456682,3.522863,0.0
23.741803,27.628865,32.626362,1010.944471,-2.809842,66.918936,9.469781,3.527743,0.0
23.746837,27.64178,32.55594,1006.592911,-2.805831,66.929141,9.481884,3.532251,0.0
23.751847,27.654635,32.485931,1002.234164,-2.80103,66.939326,9.492961,3.536378,0.0
18.149288,21.133565,36.593558,2008.254548,-2.186559,61.756603,12.515465,4.66234,0.0
0.059184,0.059184,50.021691,5264.354728,-0.162721,45.000099,22.234699,8.28301,0.0
0.106467,0.106467,50.017388,5252.576512,0.107178,45.000194,22.148866,8.251035,0.0
0.153642,0.153642,50.048125,5240.806775,0.375225,45.00029,21.954743,8.17872,0.0
0.200709,0.200709,50.113407,5229.102222,0.639767,45.000394,21.657073,8.06783,0.0
0.247667,0.247667,50.213021,5217.519568,0.89912,45.000508,21.261238,7.920371,0.0
0.294511,0.294521,50.346822,5206.117086,1.151553,45.000641,20.774131,7.73891,0.0
0.341257,0.341258,50.512354,5194.935102,1.395962,45.000774,20.209533,7.528583,0.0
0.387887,0.387896,50.70838,5184.013626,1.631188,45.000924,19.578144,7.293374,0.0
0.434416,0.434434,50.933516,5173.387169,1.856224,45.001092,18.891115,7.037437,0.0
0.480846,0.480866,51.186303,5163.084554,2.070246,45.00127,18.159688,6.764962,0.0
0.527177,0.527197,51.465202,5153.128895,2.272606,45.001464,17.394876,6.480049,0.0
0.573415,0.573435,51.7686,5143.5378,2.462812,45.001676,16.607197,6.186618,0.0
0.619557,0.619583,52.094859,5134.323617,2.640542,45.001901,15.806455,5.88832,0.0
0.665654,0.665598,52.438817,5125.499069,2.753694,44.895514,15.008767,5.591161,-27.880097
0.711786,0.711418,52.793501,5117.070647,2.816743,44.711954,14.231659,5.301668,-51.999999
0.757981,0.757016,53.155118,5109.031885,2.872183,44.537703,13.483527,5.022969,-51.999999
0.804234,0.802403,53.522728,5101.368945,2.920289,44.372439,12.765636,4.755535,-51.999999
0.850543,0.847586,53.895438,5094.067343,2.961354,44.215814,12.078834,4.499684,-51.999999
0.896897,0.892579,54.272385,5087.112194,2.995668,44.067475,11.423555,4.255575,-51.999999
0.943299,0.9374,54.652751,5080.488412,3.023527,43.927049,10.799878,4.023239,-51.999999
0.98975,0.982043,55.035762,5074.180871,3.045241,43.794183,10.207586,3.802594,-51.999999
1.036238,1.026527,55.420685,5068.174538,3.061107,43.668512,9.646209,3.593467,-51.999999
1.082762,1.070858,55.806811,5062.454627,3.071414,43.549662,9.115075,3.395605,-51.999999
1.129322,1.115045,56.193495,5057.006672,3.07646,43.437287,8.613349,3.208699,-51.999999
1.175918,1.159086,56.580087,5051.820432,3.07646,43.331127,8.140501,3.032551,-51.999999
1.222542,1.203005,56.965959,5046.887202,3.071575,43.230966,7.696051,2.866982,-51.999999
1.269194,1.246789,57.350562,5042.183713,3.062275,43.136246,7.277737,2.711149,-51.999999
1.315872,1.290464,57.733386,5037.697518,3.048825,43.046644,6.884393,2.564618,-51.999999
1.362577,1.334031,58.113936,5033.41672,3.031449,42.961861,6.514834,2.426947,-51.999999
1.409295,1.377497,58.491764,5029.330005,3.010374,42.881629,6.167872,2.297695,-51.999999
1.456035,1.420857,58.866448,5025.426619,2.985837,42.80567,5.84233,2.176422,-51.999999
1.502803,1.464122,59.23759,5021.696372,2.958032,42.733735,5.53705,2.062697,-51.999999
1.54958,1.507302,59.604807,5018.129626,2.927161,42.665576,5.250902,1.956099,-51.999999
1.596372,1.550402,59.967746,5014.717284,2.893409,42.600958,4.982793,1.856222,-51.999999
1.643183,1.593421,60.326087,5011.450775,2.856946,42.539676,4.731667,1.76267,-51.999999
1.690006,1.636358,60.67952,5008.322029,2.817943,42.48152,4.496512,1.675069,-51.999999
1.736844,1.679223,61.027749,5005.323452,2.776561,42.426296,4.27636,1.593057,-51.999999
1.783694,1.722024,61.370505,5002.447915,2.732944,42.373831,4.070292,1.516291,-51.999999
1.830556,1.76476,61.707536,4999.688727,2.687224,42.323941,3.877433,1.444446,-51.999999
1.877423,1.807428,62.038602,4997.039615,2.639539,42.276478,3.696956,1.377213,-51.999999
1.924304,1.85004,62.363485,4994.494696,2.590007,42.231294,3.528081,1.314303,-51.999999
1.971188,1.892592,62.681981,4992.04845,2.538738,42.188239,3.370072,1.25544,-51.999999
2.018089,1.935099,62.993881,4989.695733,2.485851,42.14718,3.222238,1.200369,-51.999999
2.064989,1.977551,63.299005,4987.431698,2.431437,42.108006,3.083931,1.148845,-51.999999
2.111899,2.019948,63.59707,4985.253109,2.375569,42.070615,2.954677,1.100695,-51.999999
2.158818,2.062299,63.887744,4983.157282,2.318316,42.034935,2.834059,1.055761,-51.999999
2.205746,2.104605,64.17115,4981.136984,2.25982,42.000788,2.721202,1.013719,-51.999999
2.252675,2.146874,64.447143,4979.188539,2.200149,41.968087,2.615615,0.974385,-51.999999
2.299612,2.189091,64.7156,4977.308501,2.139371,41.936747,2.516842,0.93759,-51.999999
2.34655,2.231276,64.976397,4975.493646,2.077569,41.906676,2.424455,0.903173,-51.999999
2.393495,2.273421,65.229413,4973.740954,2.014793,41.877795,2.33806,0.870989,-51.999999
2.440449,2.315533,65.474547,4972.047579,1.951111,41.850039,2.257286,0.840898,-51.999999
2.487401,2.357607,65.7117,4970.41085,1.886576,41.823331,2.18179,0.812774,-51.999999
2.534359,2.399646,65.940781,4968.828265,1.821247,41.797609,2.111254,0.786498,-51.999999
2.581321,2.441659,66.161695,4967.297472,1.755168,41.772815,2.045382,0.761959,-51.999999
2.628287,2.48364,66.374358,4965.81625,1.688382,41.748891,1.983899,0.739055,-51.999999
2.67526,2.525585,66.578701,4964.382506,1.620939,41.725781,1.926553,0.717692,-51.999999
2.72223,2.567501,66.774654,4962.994272,1.552884,41.703433,1.873106,0.697781,-51.999999
2.769206,2.609395,66.962143,4961.649685,1.484255,41.6818,1.823342,0.679243,-51.999999
2.816185,2.651261,67.141103,4960.346977,1.415086,41.66084,1.777058,0.662001,-51.999999
2.863171,2.693094,67.311484,4959.084493,1.345412,41.640507,1.734071,0.645987,-51.999999
2.910156,2.734909,67.473227,4957.860653,1.275266,41.620754,1.694208,0.631137,-51.999999
2.957142,2.776705,67.626288,4956.673937,1.204682,41.601546,1.657311,0.617392,-51.999999
3.004128,2.818465,67.77061,4955.52292,1.133695,41.58285,1.623236,0.604698,-51.999999
3.051124,2.860207,67.90601,4954.406803,1.062323,41.564629,1.591893,0.593022,-51.999999
3.098119,2.90193,68.032239,4953.324913,0.990587,41.546876,1.563209,0.582336,-51.999999
3.145123,2.943627,68.149612,4952.27466,0.918526,41.52952,1.53697,0.572562,-51.999999
3.19212,2.985305,68.258097,4951.25487,0.846175,41.512535,1.513077,0.563661,-51.999999
3.239131,3.026964,68.357659,4950.264394,0.773551,41.495895,1.491441,0.555601,-51.999999
3.286138,3.068606,68.448271,4949.302122,0.700673,41.479575,1.47198,0.548351,-51.999999
3.333149,3.110223,68.529909,4948.366981,0.627569,41.463543,1.454623,0.541885,-51.999999
3.380164,3.151819,68.602545,4947.457924,0.554262,41.447777,1.439305,0.536179,-51.999999
3.427178,3.193403,68.666168,4946.573945,0.480775,41.432242,1.42597,0.531211,-51.999999
3.474197,3.234968,68.720751,4945.714048,0.407122,41.416919,1.414569,0.526964,-51.999999
3.521221,3.276515,68.766281,4944.877253,0.333327,41.401783,1.40506,0.523422,-51.999999
3.568245,3.318044,68.802749,4944.062606,0.25941,41.386809,1.397409,0.520571,-51.999999
3.615273,3.359554,68.830137,4943.269162,0.185387,41.371973,1.391587,0.518403,-51.999999
3.662306,3.401052,68.848439,4942.495985,0.111281,41.35725,1.387573,0.516907,-51.999999
3.709339,3.442532,68.857658,4941.742144,0.037109,41.342625,1.385352,0.51608,-51.999999
3.756375,3.483996,68.857783,4941.006708,-0.037112,41.328066,1.384916,0.515918,-51.999999
3.803418,3.525447,68.848804,4940.288736,-0.111364,41.313556,1.386262,0.516419,-51.999999
3.850462,3.566874,68.830734,4939.5873,-0.185624,41.299069,1.389396,0.517587,-51.999999
3.897514,3.608292,68.803567,4938.901456,-0.25988,41.284579,1.394328,0.519424,-51.999999
3.944567,3.649701,68.76731,4938.230241,-0.3341,41.270062,1.401075,0.521937,-51.999999
3.991629,3.691082,68.721816,4937.572905,-0.408284,41.255499,1.409693,0.525148,-51.999999
4.03869,3.732453,68.666903,4936.928642,-0.482393,41.240861,1.420254,0.529082,-51.999999
4.085752,3.773807,68.602927,4936.295916,-0.556412,41.226124,1.432728,0.533729,-51.999999
4.132822,3.815151,68.529905,4935.673684,-0.630333,41.211264,1.447158,0.539104,-51.999999
4.179901,3.856478,68.447855,4935.060868,-0.704123,41.196246,1.463599,0.545229,-51.999999
4.226982,3.897788,68.356792,4934.456367,-0.777764,41.181059,1.48211,0.552125,-51.999999
4.27407,3.939086,68.256735,4933.859028,-0.851238,41.165667,1.502759,0.559817,-51.999999
4.32116,3.980362,68.14772,4933.267655,-0.924516,41.150046,1.525623,0.568335,-51.999999
4.368256,4.021623,68.029764,4932.681017,-0.997581,41.134162,1.550787,0.577709,-51.999999
4.415356,4.062875,67.902899,4932.097827,-1.070414,41.117982,1.578344,0.587975,-51.999999
4.462466,4.104109,67.767156,4931.516727,-1.142979,41.101478,1.608399,0.599171,-51.999999
4.509584,4.145324,67.622575,4930.936311,-1.215257,41.084618,1.641064,0.61134,-51.999999
4.556703,4.186526,67.469196,4930.355104,-1.287224,41.06737,1.676465,0.624527,-51.999999
4.603829,4.22771,67.307056,4929.771546,-1.358842,41.049692,1.714735,0.638784,-51.999999
4.650966,4.268877,67.136206,4929.184001,-1.430089,41.031543,1.756022,0.654164,-51.999999
4.698107,4.310025,66.956689,4928.590745,-1.50093,41.012888,1.800486,0.670729,-51.999999
4.745256,4.351157,66.768563,4927.989967,-1.571334,40.993681,1.848301,0.688541,-51.999999
4.792414,4.392277,66.571888,4927.379744,-1.641272,40.973875,1.899653,0.707671,-51.999999
4.839581,4.433371,66.366724,4926.758042,-1.710702,40.953434,1.954746,0.728194,-51.999999
4.886757,4.474438,66.153139,4926.122714,-1.779582,40.932297,2.013797,0.750192,-51.999999
4.933942,4.515496,65.931054,4925.471154,-1.847876,40.91039,2.077122,0.773783,-51.999999
4.981137,4.556526,65.700395,4924.800374,-1.915506,40.887653,2.145087,0.799101,-51.999999
5.028341,4.597538,65.461546,4924.108386,-1.982454,40.864043,2.217808,0.826192,-51.999999
5.075553,4.638523,65.214615,4923.392423,-2.048676,40.839503,2.295583,0.855165,-51.999999
5.122775,4.679489,64.959683,4922.649557,-2.114121,40.813948,2.378734,0.886141,-51.999999
5.170013,4.72043,64.696861,4921.876664,-2.178733,40.787323,2.467601,0.919246,-51.999999
5.217262,4.761337,64.426256,4921.070441,-2.242444,40.759543,2.562554,0.954619,-51.999999
5.26452,4.802221,64.147988,4920.227343,-2.305199,40.73052,2.663986,0.992405,-51.999999
5.311793,4.843081,63.86218,4919.343603,-2.366935,40.700171,2.772317,1.032761,-51.999999
5.359079,4.883909,63.568966,4918.415217,-2.427579,40.668403,2.887997,1.075855,-51.999999
5.406378,4.9247,63.26849,4917.43792,-2.487055,40.63512,3.011506,1.121865,-51.999999
5.453691,4.96546,62.960902,4916.407157,-2.545282,40.600206,3.143353,1.170982,-51.999999
5.501021,5.006189,62.646366,4915.318081,-2.602174,40.563548,3.284083,1.223407,-51.999999
5.548371,5.046882,62.32506,4914.165538,-2.65764,40.525034,3.43427,1.279356,-51.999999
5.595733,5.087537,61.997169,4912.944032,-2.711584,40.484525,3.594525,1.339055,-51.999999
5.643113,5.128146,61.662892,4911.647709,-2.763909,40.441888,3.765492,1.402745,-51.999999
5.690511,5.16871,61.322445,4910.270349,-2.814493,40.396975,3.947852,1.470679,-51.999999
5.737927,5.20923,60.97605,4908.805351,-2.86323,40.349626,4.142319,1.543123,-51.999999
5.785362,5.249703,60.623948,4907.245675,-2.909993,40.299686,4.349641,1.620356,-51.999999
5.832823,5.290123,60.266394,4905.583859,-2.954653,40.246976,4.570601,1.702669,-51.999999
5.880303,5.330487,59.903579,4903.809817,-2.997012,40.191241,4.806293,1.790471,-51.999999
5.927811,5.370786,59.535724,4901.912227,-3.036889,40.132211,5.057917,1.884207,-51.999999
5.975337,5.411022,59.163344,4899.886216,-3.074186,40.069792,5.325805,1.984002,-51.999999
6.022889,5.451195,58.786764,4897.722337,-3.10875,40.003747,5.610845,2.090187,-51.999999
6.070476,5.491306,58.406353,4895.41061,-3.140405,39.933845,5.913939,2.203098,-51.999999
6.118085,5.531331,58.022484,4892.940555,-3.16895,39.859843,6.235991,2.323071,-51.999999
6.165725,5.571279,57.635553,4890.301151,-3.194202,39.781467,6.5779,2.450441,-51.999999
6.213395,5.611144,57.245996,4887.480876,-3.215956,39.698449,6.940546,2.585536,-51.999999
6.261097,5.650924,56.854271,4884.467699,-3.234001,39.610502,7.32478,2.728673,-51.999999
6.308836,5.690607,56.460852,4881.249096,-3.248108,39.517318,7.731401,2.88015,-51.999999
6.35661,5.730182,56.066242,4877.812091,-3.258049,39.418592,8.161143,3.040241,-51.999999
6.404421,5.769649,55.670983,4874.143293,-3.263584,39.314005,8.61465,3.209184,-51.999999
6.452268,5.809004,55.275638,4870.228934,-3.264468,39.203225,9.092454,3.387178,-51.999999
6.500157,5.848239,54.880797,4866.054946,-3.260452,39.085912,9.594946,3.57437,-51.999999
6.548094,5.887345,54.487093,4861.607041,-3.251277,38.961712,10.122348,3.770841,-51.999999
6.59607,5.926313,54.095181,4856.870792,-3.236694,38.830284,10.674681,3.976599,-51.999999
6.644093,5.965134,53.705736,4851.831773,-3.21644,38.691268,11.251728,4.191565,-51.999999
6.692169,6.003795,53.319476,4846.475665,-3.190261,38.544323,11.853002,4.415555,-51.999999
6.74029,6.042301,52.937152,4840.78842,-3.157903,38.389102,12.477708,4.648275,-51.999999
6.788465,6.080635,52.55953,4834.756432,-3.119128,38.225274,13.124706,4.889298,-51.999999
6.836695,6.118776,52.18751,4828.359733,-3.073567,38.052331,13.792827,5.138191,-51.999999
6.884982,6.156712,51.822114,4821.578754,-3.020878,37.869797,14.480275,5.394283,-51.999999
6.933322,6.194451,51.463981,4814.41582,-2.961102,37.677729,15.183826,5.656375,-51.999999
6.981733,6.231966,51.113954,4806.861508,-2.894076,37.47588,15.900546,5.923372,-51.999999
7.0302,6.269256,50.772928,4798.908048,-2.819678,37.264051,16.62702,6.194002,-51.999999
7.078728,6.306307,50.441768,4790.549552,-2.737796,37.042082,17.359348,6.466814,-51.999999
7.12732,6.343108,50.121367,4781.782309,-2.648368,36.809876,18.093157,6.740177,-51.999999
7.175981,6.379644,49.812605,4772.605015,-2.551392,36.567391,18.823626,7.012296,-51.999999
7.224708,6.41591,49.516353,4763.019012,-2.446904,36.314643,19.545525,7.281222,-51.999999
7.273503,6.451891,49.233473,4753.028521,-2.334989,36.051714,20.25327,7.544876,-51.999999
7.322366,6.487569,48.964793,4742.640802,-2.2158,35.778772,20.940997,7.801073,-51.999999
7.371291,6.522937,48.711113,4731.866285,-2.089555,35.496064,21.60265,8.047556,-51.999999
7.420284,6.557987,48.473204,4720.718673,-1.956532,35.203914,22.23208,8.282035,-51.999999
7.469348,6.592705,48.251787,4709.214989,-1.817066,34.902727,22.823166,8.50223,-51.999999
7.518479,6.627082,48.047526,4697.375521,-1.671562,34.592997,23.369931,8.705914,-51.999999
7.567668,6.661112,47.861027,4685.223732,-1.520494,34.275307,23.866679,8.890966,-51.999999
7.616928,6.69478,47.69283,4672.786111,-1.364394,33.950307,24.308118,9.055414,-51.999999
7.666249,6.72808,47.543402,4660.091944,-1.203846,33.618719,24.689491,9.197485,-51.999999
7.715625,6.761009,47.413121,4647.17298,-1.039488,33.281355,25.00669,9.31565,-51.999999
7.765064,6.79356,47.302304,4634.063141,-0.872016,32.939058,25.256357,9.408658,-51.999999
7.814557,6.825707,47.211544,4620.795809,-0.702103,32.592687,25.434578,9.47505,-51.999999
7.864107,6.857463,47.141306,4607.408974,-0.53055,32.243193,25.538493,9.513761,-51.999999
7.913702,6.888823,47.090895,4593.946025,-0.358206,31.891725,25.570123,9.525544,-51.999999
7.963342,6.919787,47.060242,4580.444916,-0.185846,31.539245,25.529899,9.510559,-51.999999
8.013019,6.950355,47.049187,4566.943355,-0.014251,31.186752,25.419164,9.469308,-51.999999
8.062739,6.980534,47.057494,4553.478245,0.155812,30.835205,25.240131,9.402613,-51.999999
8.112491,7.010319,47.084827,4540.085296,0.323612,30.485563,24.995804,9.311595,-51.999999
8.162276,7.039722,47.130779,4526.798625,0.488434,30.138737,24.689889,9.197633,-51.999999
8.212085,7.068734,47.194866,4513.650393,0.649603,29.795582,24.326697,9.062335,-51.999999
8.261918,7.097367,47.276548,4500.670508,0.806497,29.45692,23.911022,8.907485,-51.999999
8.311773,7.12563,47.375223,4487.8864,0.958537,29.123495,23.44803,8.735008,-51.999999
8.361646,7.153525,47.490225,4475.32285,1.105201,28.795982,22.943137,8.546922,-51.999999
8.411529,7.181058,47.62084,4463.001865,1.246024,28.474999,22.401896,8.345296,-51.999999
8.461419,7.20824,47.766329,4450.942618,1.380597,28.161083,21.829888,8.132208,-51.999999
8.511321,7.235077,47.925913,4439.161452,1.508576,27.854701,21.232627,7.909712,-51.999999
8.561225,7.261581,48.098783,4427.67193,1.629669,27.556236,20.615471,7.679806,-51.999999
8.611135,7.287757,48.284115,4416.484914,1.74365,27.266001,19.983551,7.444398,-51.999999
8.661039,7.313627,48.481064,4405.608677,1.850349,26.984252,19.341707,7.205295,-51.999999
8.710949,7.339183,48.688801,4395.049066,1.949643,26.711155,18.694448,6.964174,-51.999999
8.760842,7.364451,48.906468,4384.809676,2.041467,26.446834,18.045916,6.722578,-51.999999
8.810734,7.389417,49.133379,4374.898447,2.125635,26.191519,17.399984,6.481952,-51.999999
8.860618,7.414112,49.368771,4365.319848,2.202058,25.945346,16.760334,6.243665,-51.999999
8.910492,7.438537,49.611489,4356.060113,2.271073,25.707949,16.129759,6.00876,-51.999999
8.960358,7.462709,49.86074,4347.115501,2.332765,25.479235,15.510755,5.778164,-51.999999
9.010214,7.486637,50.115711,4338.481042,2.387257,25.259071,14.905448,5.552672,-51.999999
9.060054,7.510329,50.375653,4330.150711,2.434692,25.047292,14.315612,5.332942,-51.999999
9.109876,7.533794,50.639811,4322.117598,2.475249,24.843708,13.742693,5.119515,-51.999999
9.159687,7.557047,50.907455,4314.374073,2.509108,24.648117,13.187838,4.912817,-51.999999
9.209482,7.580092,51.177891,4306.911944,2.536458,24.460286,12.651919,4.713173,-51.999999
9.259265,7.602936,51.450445,4299.722564,2.557513,24.279963,12.135559,4.520815,-51.999999
9.309034,7.625592,51.72447,4292.796973,2.572492,24.106898,11.639164,4.335895,-51.999999
9.358785,7.648067,51.999344,4286.126,2.581616,23.940827,11.162945,4.158491,-51.999999
9.408522,7.670367,52.274472,4279.70035,2.585108,23.781481,10.706947,3.988619,-51.999999
9.458243,7.692498,52.549282,4273.510688,2.58319,23.628595,10.271068,3.826243,-51.999999
9.507943,7.714468,52.823225,4267.547724,2.576092,23.481895,9.855084,3.671278,-51.999999
9.557634,7.73628,53.095784,4261.802233,2.564039,23.341117,9.458669,3.523603,-51.999999
9.607313,7.757951,53.366476,4256.265148,2.547248,23.205993,9.081414,3.383066,-51.999999
9.656966,7.779485,53.634822,4250.927593,2.525944,23.07625,8.722841,3.249488,-51.999999
9.706611,7.800876,53.900373,4245.780881,2.500331,22.951648,8.382419,3.122672,-51.999999
9.756237,7.822142,54.162705,4240.816575,2.470622,22.831933,8.059579,3.002405,-51.999999
9.805854,7.843279,54.421346,4236.029913,2.436936,22.716938,7.754054,2.888589,-51.999999
9.855453,7.864285,54.675813,4231.414776,2.39943,22.606499,7.465415,2.781063,-51.999999
9.905033,7.885192,54.925887,4226.957501,2.358429,22.500204,7.192437,2.679372,-51.999999
9.954596,7.905975,55.171236,4222.650791,2.314111,22.397842,6.934489,2.58328,-51.999999
10.004148,7.926664,55.411521,4218.487674,2.266654,22.299199,6.690946,2.492553,-51.999999
10.053677,7.947276,55.64853,4214.457051,2.253559,22.280697,6.459325,2.406268,-13.967883
10.103159,7.967872,55.88428,4210.548835,2.24755,22.285962,6.237159,2.323506,0.0
10.152586,7.988455,56.118955,4206.757835,2.237236,22.291253,6.023839,2.244039,0.0
10.201971,8.009025,56.352131,4203.080401,2.222785,22.296565,5.819325,2.167852,0.0
10.251309,8.029587,56.58339,4199.51287,2.204358,22.301912,5.623532,2.094914,0.0
10.300603,8.05014,56.812336,4196.051593,2.182117,22.307289,5.43634,2.02518,0.0
10.349857,8.070683,57.038594,4192.692962,2.156227,22.312692,5.257598,1.958594,0.0
10.399066,8.091218,57.261807,4189.433414,2.126847,22.318128,5.087131,1.89509,0.0
10.448233,8.111744,57.48163,4186.269443,2.094129,22.323594,4.924745,1.834597,0.0
10.497364,8.13226,57.697731,4183.197615,2.05823,22.329096,4.770231,1.777036,0.0
10.546459,8.15277,57.909801,4180.21457,2.019301,22.334632,4.623367,1.722326,0.0
10.595518,8.173277,58.117545,4177.317033,1.977484,22.340197,4.483925,1.67038,0.0
10.644539,8.193769,58.320682,4174.50182,1.932911,22.345797,4.351672,1.621112,0.0
10.693518,8.214268,58.518938,4171.765831,1.885739,22.351434,4.226371,1.574434,0.0
10.742469,8.23475,58.712073,4169.10606,1.836079,22.357107,4.107785,1.530258,0.0
10.791393,8.255241,58.899721,4166.521072,1.78402,22.362816,3.995812,1.488545,0.0
10.840279,8.275713,59.081561,4164.008785,1.729671,22.368563,3.890286,1.449234,0.0
10.88913,8.296194,59.257573,4161.563956,1.673232,22.374345,3.790757,1.412157,0.0
10.937952,8.316667,59.427545,4159.183957,1.614812,22.380172,3.697008,1.377233,0.0
10.986748,8.337131,59.591305,4156.866263,1.554524,22.386028,3.608826,1.344383,0.0
11.035517,8.357601,59.748675,4154.60841,1.492469,22.391926,3.526007,1.31353,0.0
11.084259,8.378066,59.899476,4152.408042,1.428756,22.397862,3.448354,1.284603,0.0
11.132967,8.398522,60.043562,4150.262858,1.363485,22.403834,3.37568,1.25753,0.0
11.181652,8.418981,60.180778,4148.17063,1.296753,22.409848,3.307808,1.232245,0.0
11.230312,8.439443,60.310991,4146.129216,1.228652,22.415902,3.244568,1.208687,0.0
11.278946,8.459901,60.434075,4144.136526,1.159267,22.421991,3.1858,1.186794,0.0
11.327553,8.480354,60.549914,4142.19053,1.088688,22.428121,3.131355,1.166512,0.0
11.376137,8.500811,60.658395,4140.289258,1.017,22.434292,3.081092,1.147788,0.0
11.424699,8.52127,60.759415,4138.430792,0.944283,22.440503,3.03488,1.130573,0.0
11.473237,8.541723,60.852881,4136.61326,0.870617,22.446755,2.992598,1.114822,0.0
11.521755,8.562178,60.938703,4134.834836,0.796074,22.453046,2.954134,1.100493,0.0
11.570246,8.582639,61.016807,4133.09372,0.720737,22.459382,2.919386,1.087548,0.0
11.618711,8.603093,61.087125,4131.388166,0.644679,22.465762,2.888259,1.075953,0.0
11.667158,8.623555,61.14959,4129.716451,0.567954,22.472178,2.860671,1.065675,0.0
11.715587,8.644008,61.204143,4128.076866,0.490657,22.478639,2.836546,1.056688,0.0
11.763988,8.664471,61.250569,4126.468348,0.412835,22.485137,2.815889,1.048993,0.0
11.812371,8.684933,61.288713,4124.889458,0.334547,22.491681,2.798682,1.042583,0.0
11.860736,8.705396,61.318811,4123.337514,0.255889,22.498262,2.784762,1.037397,0.0
11.909082,8.725858,61.34084,4121.810875,0.176912,22.504887,2.77409,1.033421,0.0
11.957403,8.746321,61.35478,4120.307895,0.097698,22.511556,2.766637,1.030645,0.0
12.005704,8.76679,61.360608,4118.826937,0.018303,22.518271,2.762381,1.02906,0.0
12.053987,8.787262,61.358318,4117.366351,-0.061216,22.525024,2.76131,1.028661,0.0
12.102253,8.807734,61.347911,4115.924472,-0.140786,22.53182,2.76342,1.029447,0.0
12.1505,8.828212,61.329381,4114.499635,-0.220348,22.538654,2.768714,1.031419,0.0
12.198724,8.848694,61.302745,4113.090147,-0.29984,22.54553,2.777204,1.034582,0.0
12.24693,8.869175,61.268018,4111.69429,-0.379196,22.552451,2.788912,1.038943,0.0
12.295119,8.889657,61.225222,4110.310317,-0.45835,22.559417,2.803866,1.044514,0.0
12.343285,8.910142,61.174389,4108.936454,-0.537239,22.566424,2.822103,1.051308,0.0
12.391435,8.930633,61.115544,4107.570888,-0.6158,22.57347,2.843669,1.059342,0.0
12.439572,8.951124,61.048737,4106.211755,-0.693964,22.580559,2.868619,1.068636,0.0
12.487684,8.971617,60.974021,4104.857156,-0.771654,22.587685,2.897015,1.079214,0.0
12.535777,8.992118,60.891445,4103.505137,-0.848816,22.594857,2.928927,1.091102,0.0
12.583853,9.012618,60.801076,4102.153685,-0.925373,22.602073,2.964436,1.10433,0.0
12.631911,9.033119,60.702976,4100.800736,-1.001256,22.609325,3.003629,1.118931,0.0
12.67995,9.053629,60.597238,4099.444154,-1.076381,22.616622,3.046604,1.13494,0.0
12.727971,9.074139,60.483763,4098.081538,-1.15066,22.623956,3.093554,1.15243,0.0
12.775974,9.094649,60.362579,4096.710318,-1.223999,22.631336,3.144648,1.171464,0.0
12.82395,9.115168,60.234048,4095.328319,-1.296342,22.638753,3.19988,1.192039,0.0
12.871915,9.135687,60.098265,4093.933069,-1.367602,22.646214,3.259382,1.214206,0.0
12.919856,9.156215,59.955362,4092.522018,-1.437695,22.653719,3.323295,1.238015,0.0
12.967778,9.176736,59.805461,4091.092504,-1.506544,22.661256,3.391767,1.263522,0.0
13.015681,9.197269,59.648701,4089.641769,-1.574038,22.668839,3.464954,1.290787,0.0
13.063566,9.217802,59.485226,4088.166951,-1.640095,22.676458,3.54302,1.319868,0.0
13.111433,9.238319,59.314358,4086.666976,-1.720374,22.650298,3.626574,1.350994,-28.9927
13.159293,9.258803,59.135007,4085.141291,-1.809441,22.601766,3.716483,1.384488,-49.999999
13.207157,9.279241,58.94676,4083.587364,-1.897403,22.551813,3.813329,1.420565,-49.999999
13.255018,9.299635,58.749744,4082.001168,-1.984165,22.500333,3.917458,1.459356,-49.999999
13.302872,9.319979,58.544092,4080.378469,-2.069631,22.447207,4.029238,1.500997,-49.999999
13.350732,9.34027,58.329947,4078.714815,-2.153702,22.392316,4.149062,1.545635,-49.999999
13.398589,9.360507,58.107471,4077.005507,-2.236278,22.335533,4.277349,1.593425,-49.999999
13.446439,9.380689,57.87682,4075.245606,-2.31725,22.276712,4.41454,1.644532,-49.999999
13.494289,9.400818,57.638179,4073.429893,-2.396503,22.215712,4.561106,1.699132,-49.999999
13.54214,9.42089,57.391732,4071.552887,-2.47391,22.152391,4.717541,1.757408,-49.999999
13.58999,9.440892,57.137692,4069.608796,-2.549352,22.08658,4.884363,1.819554,-49.999999
13.63784,9.460839,56.876271,4067.591522,-2.622682,22.018117,5.062117,1.885772,-49.999999
13.685681,9.480722,56.607541,4065.492665,-2.693722,21.946755,5.251647,1.956377,-49.999999
13.733522,9.500522,56.331701,4063.303987,-2.76226,21.872261,5.453716,2.031653,-49.999999
13.781371,9.520257,56.049241,4061.02094,-2.828238,21.794531,5.668559,2.111688,-49.999999
13.829213,9.539914,55.760464,4058.635964,-2.891476,21.713345,5.896807,2.196716,-49.999999
13.877054,9.559489,55.465646,4056.14114,-2.951804,21.628507,6.139102,2.286977,-49.999999
13.924887,9.578984,55.165117,4053.528166,-3.009038,21.539769,6.396097,2.382714,-49.999999
13.972725,9.598397,54.85921,4050.788345,-3.062984,21.44689,6.668446,2.484171,-49.999999
14.02056,9.617717,54.548282,4047.912589,-3.11344,21.349625,6.956801,2.591591,-49.999999
14.068391,9.636937,54.232704,4044.89143,-3.160208,21.247712,7.261803,2.705213,-49.999999
14.116222,9.656059,53.912883,4041.715012,-3.203061,21.140872,7.584073,2.825267,-49.999999
14.164049,9.675077,53.589242,4038.373107,-3.241775,21.02882,7.9242,2.951973,-49.999999
14.211871,9.693983,53.26222,4034.855133,-3.276123,20.911264,8.28273,3.085535,-49.999999
14.259692,9.712772,52.932286,4031.150172,-3.305855,20.787897,8.660155,3.226135,-49.999999
14.307511,9.73144,52.599933,4027.247019,-3.330728,20.658403,9.05689,3.37393,-49.999999
14.355323,9.74998,52.265674,4023.134213,-3.350489,20.522458,9.473265,3.52904,-49.999999
14.403131,9.768384,51.930058,4018.800068,-3.364883,20.379736,9.909497,3.691548,-49.999999
14.450926,9.786652,51.593643,4014.232771,-3.373638,20.229904,10.365678,3.861488,-49.999999
14.498726,9.804773,51.257033,4009.420436,-3.376508,20.072616,10.841744,4.038835,-49.999999
14.54651,9.822733,50.920842,4004.351183,-3.373209,19.907548,11.337459,4.223502,-49.999999
14.594293,9.84053,50.585709,3999.013225,-3.363493,19.734359,11.852387,4.415326,-49.999999
14.642058,9.858152,50.252362,3993.388238,-3.346945,19.552506,12.386276,4.614214,-49.999999
14.689823,9.875588,49.921571,3987.461468,-3.323233,19.361566,12.938273,4.819847,-49.999999
14.73757,9.892836,49.593993,3981.231388,-3.292337,19.161516,13.506541,5.031542,-49.999999
14.785307,9.909886,49.270358,3974.688078,-3.254042,18.952052,14.089542,5.248725,-49.999999
14.833028,9.92673,48.951422,3967.822471,-3.208154,18.732906,14.68542,5.470705,-49.999999
14.880731,9.943353,48.637947,3960.626521,-3.154489,18.503851,15.291985,5.696667,-49.999999
14.928415,9.959751,48.330706,3953.093381,-3.092904,18.26468,15.906705,5.925666,-49.999999
14.976076,9.975911,48.030484,3945.217595,-3.023288,18.015226,16.526706,6.156633,-49.999999
15.023715,9.991828,47.738072,3936.995304,-2.945568,17.755359,17.148771,6.388368,-49.999999
15.071331,10.007492,47.454251,3928.424407,-2.859711,17.485014,17.769361,6.619555,-49.999999
15.11892,10.022885,47.179797,3919.504742,-2.765729,17.20417,18.384636,6.848761,-49.999999
15.166478,10.038004,46.91548,3910.23824,-2.663681,16.912867,18.990486,7.074456,-49.999999
15.213999,10.052841,46.662053,3900.62908,-2.553686,16.611216,19.582581,7.295027,-49.999999
15.261485,10.067381,46.420251,3890.68381,-2.435922,16.299391,20.15642,7.508797,-49.999999
15.308932,10.081619,46.19077,3880.411405,-2.310622,15.977641,20.7074,7.714051,-49.999999
15.356334,10.095541,45.974272,3869.823339,-2.178088,15.64629,21.230887,7.909064,-49.999999
15.403689,10.109145,45.771394,3858.933597,-2.038674,15.305732,21.722297,8.092127,-49.999999
15.45099,10.122418,45.582708,3847.758642,-1.892799,14.956443,22.177181,8.261584,-49.999999
15.498236,10.135364,45.408736,3836.317307,-1.740953,14.598959,22.591316,8.41586,-49.999999
15.545419,10.147959,45.249969,3824.630735,-1.583674,14.233903,22.960788,8.553498,-49.999999
15.592548,10.160204,45.107178,3812.717499,-1.421456,13.861816,23.280857,8.672732,-49.999999
15.639602,10.172078,44.980869,3800.603423,-1.254976,13.483453,23.547868,8.772201,-49.999999
15.686575,10.1836,44.87079,3788.32252,-1.085077,13.09984,23.760969,8.851586,-49.999999
15.733484,10.194755,44.777144,3775.903042,-0.912489,12.711836,23.918381,8.910226,-49.999999
15.780306,10.205549,44.700034,3763.37416,-0.737965,12.320313,24.018976,8.9477,-49.999999
15.827046,10.215983,44.639497,3750.765654,-0.562292,11.926185,24.062288,8.963835,-49.999999
15.873698,10.226043,44.595496,3738.10754,-0.386247,11.530375,24.048523,8.958708,-49.999999
15.92026,10.235744,44.567924,3725.42974,-0.210621,11.13381,23.97854,8.932637,-49.999999
15.966732,10.245083,44.556596,3712.761745,-0.036185,10.737411,23.853822,8.886176,-49.999999
16.013103,10.254058,44.561256,3700.132285,0.136294,10.342074,23.676435,8.820095,-49.999999
16.059376,10.262673,44.581582,3687.569035,0.306081,9.948679,23.448965,8.735357,-49.999999
16.105546,10.270932,44.61719,3675.098376,0.47248,9.558067,23.174457,8.633095,-49.999999
16.151607,10.27884,44.667642,3662.745147,0.634816,9.171033,22.856338,8.514587,-49.999999
16.197569,10.286404,44.732447,3650.532446,0.792465,8.788331,22.498337,8.381223,-49.999999
16.243426,10.293632,44.811062,3638.481493,0.944864,8.410646,22.104412,8.234475,-49.999999
16.289168,10.300523,44.902896,3626.611525,1.091492,8.038611,21.678664,8.075873,-49.999999
16.334803,10.30709,45.00733,3614.939715,1.231884,7.672803,21.225265,7.90697,-49.999999
16.380328,10.313334,45.123721,3603.481133,1.365624,7.31373,20.748387,7.72932,-49.999999
16.425738,10.319264,45.251387,3592.248784,1.492355,6.961821,20.252138,7.544454,-49.999999
16.471048,10.324898,45.389621,3581.253588,1.611798,6.617463,19.740506,7.353858,-49.999999
16.516238,10.330227,45.537931,3570.510674,1.723515,6.281152,19.217126,7.158885,-49.999999
16.561317,10.33526,45.695606,3560.029237,1.82725,5.953213,18.685842,6.960968,-49.999999
16.606297,10.340013,45.861606,3549.806489,1.923115,5.633576,18.150344,6.761481,-49.999999
16.651161,10.344495,46.035183,3539.845695,2.01103,5.322361,17.6137,6.561567,-49.999999
16.695924,10.348723,46.215622,3530.14857,2.090967,5.019641,17.078706,6.362267,-49.999999
16.740581,10.352692,46.402201,3520.71546,2.162913,4.725441,16.547879,6.16452,-49.999999
16.785136,10.35642,46.594204,3511.545447,2.226922,4.439735,16.023459,5.96916,-49.999999
16.829592,10.359914,46.790923,3502.636493,2.283062,4.162466,15.507413,5.776919,-49.999999
16.873949,10.363174,46.991677,3493.985591,2.331435,3.893536,15.001445,5.588433,-49.999999
16.918208,10.366216,47.195793,3485.588862,2.372171,3.632815,14.507008,5.404242,-49.999999
16.962372,10.369047,47.40262,3477.4417,2.405421,3.380156,14.02532,5.224801,-49.999999
17.006446,10.371669,47.61152,3469.538874,2.431357,3.135382,13.55738,5.050481,-49.999999
17.050426,10.374094,47.821871,3461.874637,2.450165,2.898292,13.103985,4.881579,-49.999999
17.094317,10.376324,48.033081,3454.442831,2.462038,2.668678,12.665749,4.718325,-49.999999
17.138128,10.378371,48.244586,3447.236967,2.467195,2.446309,12.24312,4.560884,-49.999999
17.181847,10.380244,48.455825,3440.250305,2.465848,2.230956,11.836399,4.40937,-49.999999
17.225492,10.381941,48.66626,3433.47593,2.458214,2.022373,11.445758,4.263846,-49.999999
17.269054,10.383476,48.875396,3426.906806,2.444522,1.820312,11.071251,4.124332,-49.999999
17.312529,10.38485,49.082743,3420.535859,2.425011,1.62451,10.712839,3.990814,-49.999999
17.355941,10.386071,49.287826,3414.355975,2.39991,1.43473,10.370395,3.863245,-49.999999
17.399269,10.387135,49.490133,3408.364469,2.369311,1.250843,10.044108,3.741694,-49.999999
17.442523,10.38805,49.689175,3402.554789,2.333434,1.072614,9.733786,3.626092,-49.999999
17.485714,10.388822,49.884654,3396.914383,2.292665,0.899604,9.438637,3.516141,-49.999999
17.528834,10.389466,50.076171,3391.436491,2.247241,0.731572,9.158313,3.411713,-49.999999
17.571882,10.389977,50.263374,3386.114455,2.197361,0.568281,8.892444,3.312669,-49.999999
17.614872,10.390359,50.44592,3380.941804,2.143249,0.409493,8.640635,3.218864,-49.999999
17.657795,10.390616,50.623492,3375.912211,2.085108,0.254964,8.402482,3.130146,-49.999999
17.700652,10.390753,50.795773,3371.019517,2.023141,0.104478,8.177572,3.046361,-49.999999
17.743451,10.390778,50.962485,3366.257731,1.957544,-0.042193,7.965488,2.967354,-49.999999
17.786197,10.390691,51.123348,3361.621031,1.888514,-0.185264,7.765818,2.892971,-49.999999
17.828884,10.390491,51.278102,3357.103778,1.816231,-0.324939,7.578151,2.823061,-49.999999
17.871508,10.390183,51.426517,3352.7005,1.740875,-0.461424,7.402088,2.757473,-49.999999
17.914077,10.389771,51.568364,3348.405881,1.662624,-0.594917,7.237239,2.696062,-49.999999
17.956597,10.389257,51.703423,3344.214774,1.581649,-0.725615,7.083226,2.638688,-49.999999
17.999063,10.38864,51.831499,3340.122184,1.498114,-0.853704,6.939688,2.585216,-49.999999
18.041478,10.387931,51.95241,3336.123262,1.412177,-0.979358,6.806278,2.535518,-49.999999
18.083845,10.387123,52.065981,3332.213298,1.324,-1.102755,6.682667,2.489469,-49.999999
18.126159,10.386218,52.172058,3328.38773,1.233723,-1.224077,6.568543,2.446955,-49.999999
18.16842,10.385222,52.270484,3324.642106,1.141505,-1.343472,6.463615,2.407866,-49.999999
18.210635,10.384136,52.361139,3320.972078,1.047474,-1.461116,6.367607,2.372101,-49.999999
18.252805,10.382958,52.443683,3317.375118,0.951745,-1.577127,6.280479,2.339644,-49.999999
18.294919,10.381697,52.517956,3313.84708,0.85444,-1.691664,6.20202,2.310416,-49.999999
18.336996,10.380337,52.584097,3310.38176,0.755762,-1.804928,6.131755,2.28424,-49.999999
18.379021,10.378895,52.642028,3306.975229,0.655825,-1.917063,6.069492,2.261046,-49.999999
18.420999,10.377371,52.691649,3303.623575,0.554753,-2.028215,6.015061,2.240768,-49.999999
18.46294,10.37576,52.732909,3300.322962,0.452674,-2.138527,5.968307,2.223352,-49.999999
18.504831,10.374071,52.765739,3297.069613,0.349716,-2.248145,5.929099,2.208745,-49.999999
18.546681,10.372299,52.790086,3293.859767,0.245987,-2.357193,5.897321,2.196907,-49.999999
18.588489,10.370436,52.80591,3290.689698,0.141612,-2.465814,5.872879,2.187802,-49.999999
18.630252,10.368494,52.813182,3287.555697,0.036707,-2.574151,5.855697,2.181401,-49.999999
18.671971,10.366475,52.811881,3284.454062,-0.068618,-2.682334,5.845717,2.177683,-49.999999
18.713648,10.364375,52.801995,3281.381088,-0.174238,-2.7905,5.842901,2.176634,-49.999999
18.755285,10.362191,52.78352,3278.333054,-0.280042,-2.898781,5.847228,2.178246,-49.999999
18.796878,10.359923,52.756457,3275.306224,-0.38592,-3.00731,5.858697,2.182519,-49.999999
18.838426,10.357577,52.720822,3272.296837,-0.491747,-3.116232,5.877322,2.189457,-49.999999
18.879931,10.355146,52.676641,3269.301077,-0.597418,-3.225678,5.903138,2.199074,-49.999999
18.921396,10.352639,52.623951,3266.315089,-0.702817,-3.335791,5.936196,2.211389,-49.999999
18.96281,10.350044,52.562783,3263.334958,-0.807814,-3.446708,5.976564,2.226427,-49.999999
19.004188,10.347368,52.493197,3260.356685,-0.912296,-3.558565,6.024328,2.244221,-49.999999
19.045529,10.34461,52.415254,3257.37623,-1.016153,-3.671516,6.079591,2.264807,-49.999999
19.086815,10.34176,52.328815,3254.389145,-1.119226,-3.785741,6.142673,2.288307,-49.999999
19.128054,10.338827,52.233926,3251.390765,-1.22139,-3.901412,6.213752,2.314786,-49.999999
19.169258,10.335804,52.130944,3248.376909,-1.322532,-4.018644,6.292756,2.344217,-49.999999
19.210409,10.332699,52.019961,3245.343101,-1.422516,-4.137591,6.379854,2.376664,-49.999999
19.251521,10.329498,51.901096,3242.28473,-1.521229,-4.258422,6.475231,2.412194,-49.999999
19.292583,10.326212,51.774467,3239.197033,-1.618517,-4.381305,6.579084,2.450882,-49.999999
19.333598,10.322831,51.640214,3236.075145,-1.714252,-4.506405,6.691623,2.492806,-49.999999
19.374561,10.319365,51.49848,3232.914029,-1.808291,-4.633901,6.813072,2.538049,-49.999999
19.415482,10.315799,51.349428,3229.708495,-1.90048,-4.763976,6.943664,2.586697,-49.999999
19.456351,10.312137,51.193233,3226.453197,-1.990677,-4.896812,7.083641,2.638842,-49.999999
19.497167,10.308375,51.030073,3223.142626,-2.078722,-5.032606,7.233253,2.694577,-49.999999
19.537933,10.304513,50.860136,3219.7711,-2.164454,-5.171559,7.392757,2.753996,-49.999999
19.578645,10.300551,50.683636,3216.33276,-2.24772,-5.313872,7.562411,2.817197,-49.999999
19.619304,10.296477,50.5008,3212.821576,-2.328349,-5.459758,7.742476,2.884276,-49.999999
19.659905,10.292302,50.311856,3209.231341,-2.406161,-5.609433,7.93321,2.955329,-49.999999
19.700446,10.288019,50.117058,3205.555663,-2.480982,-5.76312,8.134864,3.030451,-49.999999
19.740933,10.283625,49.916665,3201.787984,-2.552634,-5.921051,8.347682,3.109731,-49.999999
19.781363,10.279107,49.71095,3197.921591,-2.620937,-6.083462,8.571894,3.193256,-49.999999
19.821723,10.274479,49.500208,3193.94958,-2.685694,-6.250593,8.807711,3.281104,-49.999999
19.862019,10.269725,49.284758,3189.864917,-2.74671,-6.422691,9.055319,3.373345,-49.999999
19.90225,10.264843,49.064801,3185.657047,-2.80368,-6.600165,9.315198,3.470157,-49.999999
19.942408,10.259821,48.840694,3181.317694,-2.856371,-6.783289,9.587508,3.571599,-49.999999
19.982493,10.254673,48.612933,3176.842927,-2.904703,-6.972192,9.87197,3.677569,-49.999999
20.022506,10.24939,48.381882,3172.225268,-2.948464,-7.167137,10.168603,3.788072,-49.999999
20.062455,10.244035,48.151143,3167.44825,-2.909401,-7.200683,10.472508,3.901285,-11.19708
20.102342,10.238668,47.924763,3162.497711,-2.84563,-7.197878,10.777612,4.014944,0.0
20.142172,10.233314,47.704043,3157.369747,-2.774059,-7.195083,11.081436,4.128127,0.0
20.181941,10.227966,47.489587,3152.063588,-2.694724,-7.19229,11.382401,4.240244,0.0
20.221642,10.222629,47.281996,3146.579341,-2.607691,-7.189508,11.67884,4.350675,0.0
20.261276,10.217305,47.081849,3140.918022,-2.51307,-7.18674,11.969009,4.458771,0.0
20.300847,10.211985,46.889711,3135.08162,-2.411021,-7.18398,12.251102,4.563858,0.0
20.340347,10.206674,46.706134,3129.073129,-2.301752,-7.181229,12.523273,4.665249,0.0
20.379773,10.201376,46.531647,3122.896563,-2.185512,-7.178491,12.783657,4.762249,0.0
20.419127,10.196088,46.366753,3116.556987,-2.062595,-7.175771,13.030399,4.854166,0.0
20.458398,10.190812,46.211927,3110.060513,-1.933352,-7.173069,13.261677,4.940323,0.0
20.4976,10.185551,46.067598,3103.41429,-1.798187,-7.170386,13.475733,5.020065,0.0
20.536714,10.1803,45.934179,3096.626446,-1.657539,-7.16772,13.670901,5.092771,0.0
20.575747,10.175057,45.812024,3089.706099,-1.511894,-7.165073,13.845638,5.157864,0.0
20.614698,10.169824,45.701465,3082.663234,-1.361781,-7.162452,13.998546,5.214827,0.0
20.653569,10.164609,45.602756,3075.508683,-1.207763,-7.15984,14.128402,5.263202,0.0
20.692337,10.159403,45.51647,3068.251648,-1.050371,-7.157256,14.233506,5.302356,0.0
20.731022,10.154207,45.442809,3060.905307,-0.890286,-7.1547,14.312963,5.331955,0.0
20.769618,10.149028,45.381538,3053.485307,-0.728247,-7.152162,14.366926,5.352058,0.0
20.808115,10.143867,45.332725,3046.004796,-0.564933,-7.149642,14.395104,5.362555,0.0
20.846521,10.138709,45.296384,3038.477194,-0.401018,-7.147148,14.397453,5.36343,0.0
20.884837,10.133572,45.272466,3030.916019,-0.237186,-7.144674,14.374174,5.354758,0.0
20.923056,10.128442,45.260884,3023.334788,-0.074112,-7.142224,14.325706,5.336702,0.0
20.961176,10.123331,45.261488,3015.746884,0.087531,-7.139801,14.252717,5.309512,0.0
20.999203,10.11823,45.274091,3008.165447,0.24709,-7.1374,14.156087,5.273515,0.0
21.03714,10.113139,45.298455,3000.60325,0.403939,-7.135016,14.036891,5.229111,0.0
21.074978,10.108066,45.334293,2993.072597,0.557473,-7.132651,13.896374,5.176765,0.0
21.112716,10.103007,45.381283,2985.585248,0.707107,-7.130308,13.735928,5.116994,0.0
21.150364,10.097957,45.439062,2978.152323,0.852305,-7.127988,13.557066,5.050364,0.0
21.187915,10.092919,45.507232,2970.784247,0.992569,-7.125683,13.361396,4.977472,0.0
21.225367,10.087899,45.585368,2963.490707,1.127437,-7.123392,13.150595,4.898943,0.0
21.262733,10.082895,45.673008,2956.280591,1.256488,-7.121124,12.926378,4.815416,0.0
21.300002,10.0779,45.769668,2949.161968,1.37935,-7.118866,12.69048,4.727538,0.0
21.337182,10.072914,45.87484,2942.142099,1.495691,-7.116626,12.444626,4.635951,0.0
21.37428,10.067937,45.988018,2935.227402,1.605233,-7.114395,12.190518,4.541289,0.0
21.411279,10.062979,46.108649,2928.423478,1.707732,-7.112182,11.929806,4.444167,0.0
21.448186,10.058039,46.236364,2921.738433,1.802797,-7.109978,11.663989,4.345143,0.0
21.485009,10.053099,46.370564,2915.176609,1.890256,-7.107783,11.394704,4.244827,0.0
21.521751,10.048177,46.510495,2908.737923,1.970212,-7.105588,11.123499,4.143796,0.0
21.558404,10.043264,46.655596,2902.424819,2.042589,-7.10341,10.85169,4.04254,0.0
21.594983,10.038361,46.805299,2896.239091,2.107364,-7.101227,10.580488,3.94151,0.0
21.631482,10.033473,46.959048,2890.181945,2.164527,-7.099057,10.311003,3.84112,0.0
21.667901,10.028597,47.116291,2884.254,2.214123,-7.096884,10.044237,3.741743,0.0
21.704244,10.02373,47.276488,2878.455374,2.256207,-7.094709,9.781092,3.643714,0.0
21.740516,10.018872,47.439098,2872.785734,2.290863,-7.092533,9.522365,3.547332,0.0
21.776715,10.014023,47.603588,2867.244324,2.318198,-7.090358,9.268757,3.452856,0.0
21.812843,10.009183,47.769449,2861.830007,2.338343,-7.088182,9.020875,3.360513,0.0
21.848899,10.004351,47.936184,2856.541325,2.351437,-7.086003,8.779235,3.270496,0.0
21.88489,9.999529,48.103296,2851.376534,2.357639,-7.083814,8.544274,3.182967,0.0
21.92082,9.994716,48.270311,2846.333638,2.357125,-7.081616,8.316349,3.098059,0.0
21.956682,9.989915,48.436778,2841.410437,2.350073,-7.079412,8.095748,3.015879,0.0
21.992482,9.985127,48.602242,2836.604534,2.336682,-7.077204,7.882693,2.93651,0.0
22.028227,9.980341,48.766282,2831.913407,2.317151,-7.074979,7.67735,2.860015,0.0
22.06391,9.975562,48.928487,2827.334397,2.291682,-7.072744,7.479831,2.786434,0.0
22.099539,9.970786,49.088447,2822.864743,2.260482,-7.070492,7.290204,2.715793,0.0
22.135114,9.966026,49.245805,2818.501614,2.223763,-7.068231,7.108495,2.648101,0.0
22.170624,9.961277,49.400081,2814.244963,2.181613,-7.06596,6.934915,2.583438,0.0
22.206088,9.956527,49.550917,2810.091524,2.134247,-7.063662,6.769415,2.521785,0.0
22.241498,9.951786,49.698055,2806.035502,2.082042,-7.061355,6.611709,2.463036,0.0
22.276862,9.947053,49.841189,2802.073957,2.025202,-7.05903,6.461707,2.407156,0.0
22.312174,9.94233,49.980013,2798.203909,1.963939,-7.056687,6.319305,2.354107,0.0
22.347439,9.937616,50.114256,2794.422418,1.898473,-7.054326,6.184381,2.303845,0.0
22.382659,9.932904,50.243641,2790.726546,1.828997,-7.05194,6.056809,2.256321,0.0
22.417834,9.928199,50.36792,2787.113389,1.75573,-7.049534,5.93645,2.211484,0.0
22.452964,9.923496,50.486854,2783.580051,1.678867,-7.047109,5.823165,2.169282,0.0
22.488048,9.918804,50.600222,2780.123671,1.598607,-7.044667,5.716807,2.129661,0.0
22.523093,9.914121,50.70781,2776.74142,1.515149,-7.042202,5.617234,2.092567,0.0
22.558097,9.909438,50.809419,2773.430493,1.428683,-7.039714,5.524299,2.057947,0.0
22.593061,9.904758,50.90487,2770.18812,1.339402,-7.037204,5.437863,2.025747,0.0
22.627988,9.900087,50.993995,2767.011564,1.247486,-7.034667,5.357786,1.995916,0.0
22.662876,9.895426,51.076634,2763.898107,1.153113,-7.032104,5.283935,1.968405,0.0
22.697722,9.890771,51.152636,2760.845059,1.056475,-7.029515,5.216183,1.943165,0.0
22.732531,9.886118,51.221876,2757.849749,0.957746,-7.026907,5.154408,1.920153,0.0
22.767305,9.881472,51.284219,2754.909537,0.857089,-7.024272,5.098496,1.899324,0.0
22.802043,9.876828,51.339577,2752.021798,0.754675,-7.021611,5.048342,1.88064,0.0
22.836745,9.872192,51.387833,2749.183914,0.65069,-7.018931,5.003846,1.864064,0.0
22.871419,9.867556,51.4287,2746.394558,0.545243,-7.016214,4.965077,1.849622,0.0
22.906047,9.862938,51.462101,2743.65081,0.43852,-7.013478,4.931937,1.837276,0.0
22.940647,9.858313,51.488178,2740.948817,0.33073,-7.010716,4.904209,1.826947,0.0
22.975212,9.853695,51.506879,2738.285962,0.222035,-7.007919,4.881829,1.81861,0.0
23.009741,9.849086,51.518147,2735.659644,0.112581,-7.005101,4.864749,1.812247,0.0
23.044242,9.844485,51.521964,2733.067239,0.002526,-7.002258,4.852925,1.807842,0.0
23.078708,9.839888,51.518304,2730.506102,-0.107968,-6.999381,4.846325,1.805384,0.0
23.113145,9.83529,51.507155,2727.973567,-0.218739,-6.99648,4.844928,1.804863,0.0
23.147549,9.830698,51.488519,2725.466949,-0.329638,-6.993556,4.848718,1.806275,0.0
23.181923,9.826114,51.462412,2722.983517,-0.440509,-6.990605,4.857693,1.809618,0.0
23.216264,9.821535,51.428853,2720.520508,-0.551191,-6.987627,4.871856,1.814894,0.0
23.250574,9.816957,51.387868,2718.075117,-0.661531,-6.984618,4.891221,1.822109,0.0
23.284853,9.812385,51.339499,2715.644493,-0.771373,-6.98158,4.915811,1.831269,0.0
23.3191,9.807822,51.283801,2713.225741,-0.88055,-6.978521,4.945656,1.842387,0.0
23.353319,9.803258,51.220834,2710.815895,-0.988905,-6.975434,4.980794,1.855477,0.0
23.387509,9.798708,51.150673,2708.411937,-1.096281,-6.972321,5.021273,1.870556,0.0
23.421664,9.794157,51.073403,2706.010782,-1.202515,-6.969181,5.067144,1.887645,0.0
23.455784,9.789608,50.989119,2703.609277,-1.307437,-6.966015,5.118469,1.906765,0.0
23.489885,9.785068,50.897925,2701.204209,-1.41088,-6.96283,5.175314,1.927941,0.0
23.523941,9.780537,50.799939,2698.792261,-1.512688,-6.959609,5.237749,1.951199,0.0
23.557978,9.776005,50.69509,2696.369642,-1.612606,-6.95637,5.306019,1.976632,0.0
23.591979,9.771474,50.583563,2693.932623,-1.710465,-6.953102,5.380194,2.004264,0.0
23.625944,9.76696,50.465678,2691.477914,-1.806142,-6.949808,5.460208,2.034071,0.0
23.659881,9.762448,50.341604,2689.001853,-1.899442,-6.946495,5.546145,2.066085,0.0
23.693783,9.757935,50.211518,2686.500716,-1.990194,-6.943157,5.638089,2.100336,0.0
23.727649,9.75343,50.0756,2683.97067,-2.078199,-6.939791,5.736122,2.136856,0.0
23.761486,9.748934,49.934061,2681.407806,-2.163279,-6.936405,5.840323,2.175674,0.0
23.79529,9.744441,49.787117,2678.808127,-2.245239,-6.933001,5.950767,2.216817,0.0
23.829063,9.739953,49.634985,2676.167555,-2.323888,-6.929574,6.067522,2.260312,0.0
23.862799,9.735469,49.477902,2673.481929,-2.399027,-6.926124,6.190647,2.306179,0.0
23.8965,9.730995,49.316129,2670.747012,-2.470457,-6.922657,6.320188,2.354436,0.0
23.930169,9.726526,49.149929,2667.958502,-2.537983,-6.919172,6.456179,2.405097,0.0
23.963798,9.722059,48.979572,2665.112037,-2.601402,-6.915668,6.598637,2.458166,0.0
23.997389,9.717603,48.805351,2662.203192,-2.660505,-6.912144,6.74756,2.513644,0.0
24.030948,9.713151,48.62757,2659.227514,-2.715092,-6.908598,6.902921,2.57152,0.0
24.064463,9.708705,48.44655,2656.180525,-2.764972,-6.905042,7.06467,2.631776,0.0
24.097943,9.704261,48.262605,2653.057716,-2.809933,-6.901475,7.232726,2.694381,0.0
24.131386,9.699825,48.076092,2649.854592,-2.849781,-6.897883,7.406976,2.759293,0.0
24.164783,9.695399,47.88736,2646.566672,-2.884321,-6.894282,7.587268,2.826457,0.0
24.198136,9.690982,47.696766,2643.189537,-2.913357,-6.890671,7.773414,2.895801,0.0
24.231451,9.686574,47.504662,2639.715884,-2.936527,-6.887052,7.965336,2.967297,0.0
24.264721,9.682166,47.311469,2636.141463,-2.953669,-6.883414,8.1627,3.040821,0.0
24.297945,9.677767,47.117632,2632.464543,-2.96475,-6.879767,8.36502,3.11619,0.0
24.331125,9.673377,46.923561,2628.681172,-2.969617,-6.876111,8.571897,3.193257,0.0
24.364252,9.668988,46.729671,2624.787555,-2.968126,-6.872453,8.782875,3.271852,0.0
24.397332,9.664614,46.536385,2620.780126,-2.960138,-6.868789,8.99744,3.351783,0.0
24.430367,9.660244,46.344129,2616.655579,-2.945537,-6.865115,9.215015,3.432836,0.0
24.46335,9.65588,46.153352,2612.410912,-2.924221,-6.861439,9.43496,3.514771,0.0
24.49628,9.651531,45.964491,2608.043439,-2.896109,-6.857762,9.656574,3.597328,0.0
24.529156,9.64719,45.777986,2603.550844,-2.861144,-6.854086,9.879092,3.680222,0.0
24.561978,9.642853,45.594277,2598.931225,-2.819284,-6.85041,10.101693,3.763146,0.0
24.594741,9.638525,45.413812,2594.183118,-2.770521,-6.846733,10.323494,3.845773,0.0
24.627446,9.634207,45.237035,2589.305535,-2.714872,-6.843057,10.543564,3.927755,0.0
24.660093,9.629897,45.064372,2584.297996,-2.65238,-6.839384,10.76092,4.008726,0.0
24.692677,9.625597,44.896256,2579.160566,-2.583127,-6.835717,10.974542,4.088306,0.0
24.7252,9.621305,44.733107,2573.893879,-2.507207,-6.832052,11.183376,4.166102,0.0
24.757666,9.617022,44.575331,2568.499142,-2.42477,-6.828396,11.386343,4.241712,0.0
24.79006,9.61275,44.423324,2562.978198,-2.33599,-6.82475,11.582351,4.314731,0.0
24.822382,9.608494,44.277469,2557.333485,-2.241076,-6.821112,11.770309,4.38475,0.0
24.854642,9.604238,44.138129,2551.56808,-2.140265,-6.817483,11.949133,4.451366,0.0
24.886827,9.600002,44.005854,2545.682278,-2.033678,-6.813874,12.117419,4.514057,0.0
24.918938,9.595774,43.880971,2539.681421,-1.921683,-6.810273,12.274114,4.57243,0.0
24.950977,9.591555,43.763584,2533.573498,-1.804773,-6.806681,12.418514,4.626223,0.0
24.982937,9.587346,43.653966,2527.364116,-1.683336,-6.803107,12.549724,4.675102,0.0
25.01483,9.583153,43.55235,2521.059419,-1.557787,-6.799543,12.666927,4.718763,0.0
25.046639,9.578963,43.458951,2514.66608,-1.428557,-6.795995,12.769398,4.756937,0.0
25.078372,9.574794,43.373942,2508.191213,-1.296106,-6.792465,12.856512,4.789389,0.0
25.110026,9.570633,43.297464,2501.642348,-1.160933,-6.788953,12.927756,4.815929,0.0
25.141593,9.566484,43.229632,2495.027381,-1.023536,-6.785453,12.982734,4.83641,0.0
25.173081,9.562342,43.170527,2488.354505,-0.884429,-6.781973,13.021173,4.85073,0.0
25.204487,9.558214,43.120187,2481.632136,-0.744144,-6.77851,13.042927,4.858834,0.0
25.235808,9.554101,43.078626,2474.868872,-0.60322,-6.775061,13.047979,4.860715,0.0
25.267048,9.549995,43.045827,2468.073416,-0.462198,-6.771629,13.036438,4.856416,0.0
25.298203,9.545907,43.021727,2461.254502,-0.321613,-6.768216,13.008539,4.846023,0.0
25.329271,9.541831,43.006238,2454.420842,-0.181998,-6.76482,12.964637,4.829668,0.0
25.360256,9.537763,42.999237,2447.581058,-0.043878,-6.761443,12.905201,4.807527,0.0
25.391153,9.533716,43.000575,2440.743624,0.092235,-6.758083,12.830804,4.779812,0.0
25.421968,9.529671,43.010065,2433.916806,0.225848,-6.754741,12.742116,4.746773,0.0
25.452692,9.525644,43.0275,2427.108617,0.356479,-6.751408,12.639892,4.708692,0.0
25.483327,9.521626,43.05265,2420.326773,0.48367,-6.748093,12.524961,4.665878,0.0
25.513878,9.517617,43.085472,2413.579894,0.606863,-6.744796,12.39788,4.618537,0.0
25.544346,9.513627,43.125607,2406.875309,0.725657,-6.741509,12.259743,4.567077,0.0
25.574725,9.509654,43.172556,2400.218668,0.839757,-6.738231,12.111821,4.511972,0.0
25.605013,9.505683,43.226012,2393.616021,0.948845,-6.73497,11.955116,4.453595,0.0
25.635227,9.501728,43.285624,2387.072977,1.052601,-6.731719,11.790639,4.392323,0.0
25.665355,9.497783,43.351034,2380.594664,1.150751,-6.728477,11.619401,4.328533,0.0
25.695399,9.493854,43.421879,2374.185753,1.243059,-6.725245,11.4424,4.262595,0.0
25.725362,9.489931,43.497781,2367.850444,1.329308,-6.722021,11.260617,4.194876,0.0
25.755244,9.486019,43.578351,2361.592485,1.409319,-6.718801,11.075004,4.12573,0.0
25.785046,9.482125,43.663204,2355.415163,1.482942,-6.715585,10.886479,4.0555,0.0
25.814766,9.478239,43.751944,2349.321321,1.550061,-6.712379,10.69592,3.984512,0.0
25.844414,9.474362,43.844165,2343.313384,1.610585,-6.709174,10.504162,3.913077,0.0
25.873987,9.4705,43.939474,2337.393362,1.664453,-6.705966,10.311989,3.841487,0.0
25.90348,9.466646,44.037475,2331.56288,1.711634,-6.702765,10.120137,3.770017,0.0
25.932905,9.462801,44.137769,2325.8232,1.752113,-6.699564,9.929289,3.698921,0.0
25.962251,9.458966,44.239961,2320.175229,1.785905,-6.69636,9.740074,3.628434,0.0
25.991527,9.455141,44.343667,2314.619546,1.813046,-6.693149,9.55307,3.55877,0.0
26.020738,9.451333,44.448499,2309.156453,1.833584,-6.689938,9.368801,3.490125,0.0
26.049878,9.447533,44.554081,2303.785945,1.847605,-6.686727,9.187739,3.422675,0.0
26.078946,9.443733,44.660042,2298.507768,1.855194,-6.683506,9.010309,3.356577,0.0
26.107948,9.439952,44.766021,2293.324311,1.856258,-6.680276,8.837023,3.292024,0.0
26.136887,9.436181,44.871623,2288.234126,1.85099,-6.677037,8.668205,3.229135,0.0
26.165762,9.432418,44.976515,2283.234075,1.839661,-6.673789,8.504039,3.167978,0.0
26.194574,9.428656,45.080367,2278.323058,1.822423,-6.670532,8.344766,3.108645,0.0
26.223323,9.42491,45.182855,2273.499841,1.799429,-6.667265,8.19059,3.05121,0.0
26.25201,9.421174,45.28367,2268.763028,1.770847,-6.663983,8.041682,2.995738,0.0
26.28064,9.417447,45.38252,2264.111114,1.736847,-6.660689,7.898182,2.942281,0.0
26.309215,9.413723,45.479109,2259.5425,1.697598,-6.657381,7.760203,2.89088,0.0
26.337732,9.410011,45.573164,2255.055477,1.653294,-6.654054,7.627832,2.841568,0.0
26.36619,9.406306,45.664419,2250.648248,1.604112,-6.650714,7.501134,2.79437,0.0
26.394595,9.40261,45.752627,2246.318951,1.550242,-6.647361,7.380155,2.749302,0.0
26.422945,9.398925,45.837545,2242.065663,1.491884,-6.643989,7.264921,2.706374,0.0
26.451245,9.395242,45.918941,2237.886397,1.429229,-6.640596,7.155444,2.665591,0.0
26.479497,9.391569,45.996603,2233.77912,1.362472,-6.637183,7.051725,2.626953,0.0
26.507695,9.387905,46.070324,2229.74175,1.291809,-6.633755,6.953751,2.590455,0.0
26.535842,9.384248,46.13991,2225.772169,1.217437,-6.630302,6.861501,2.55609,0.0
26.563941,9.380594,46.205178,2221.868238,1.13956,-6.626829,6.774947,2.523846,0.0
26.591988,9.376955,46.265959,2218.027762,1.058381,-6.623331,6.694052,2.49371,0.0
26.619989,9.373317,46.322084,2214.248531,0.974087,-6.619815,6.618777,2.465669,0.0
26.647946,9.369689,46.373418,2210.528325,0.886891,-6.61628,6.549081,2.439705,0.0
26.675856,9.366069,46.419662,2206.866615,0.7969,-6.612718,6.485091,2.415867,0.0
26.703721,9.36245,46.460711,2203.260439,0.704347,-6.609128,6.426712,2.394119,0.0
26.73154,9.358848,46.496571,2199.706169,0.609511,-6.605519,6.373767,2.374396,0.0
26.759314,9.355248,46.527148,2196.20146,0.51257,-6.601885,6.326208,2.356679,0.0
26.787051,9.351647,46.552348,2192.743967,0.413734,-6.598223,6.283991,2.340952,0.0
26.814738,9.348061,46.572086,2189.331316,0.313187,-6.594535,6.247073,2.327199,0.0
26.842384,9.34448,46.586296,2185.961092,0.211127,-6.590826,6.215413,2.315405,0.0
26.869987,9.340905,46.594924,2182.63088,0.107745,-6.587093,6.188972,2.305555,0.0
26.897552,9.337338,46.59791,2179.338231,0.003241,-6.583333,6.167716,2.297636,0.0
26.925075,9.333781,46.59522,2176.080656,-0.102198,-6.579546,6.151611,2.291637,0.0
26.952553,9.330228,46.586833,2172.855646,-0.208383,-6.575732,6.14063,2.287546,0.0
26.979991,9.32668,46.572723,2169.66066,-0.31512,-6.571891,6.134748,2.285355,0.0
27.007392,9.323136,46.55288,2166.49312,-0.422212,-6.568026,6.133941,2.285054,0.0
27.034754,9.319599,46.527311,2163.350423,-0.529471,-6.564138,6.138192,2.286638,0.0
27.062074,9.316075,46.49603,2160.229918,-0.636709,-6.560218,6.147487,2.2901,0.0
27.089358,9.31255,46.459055,2157.128911,-0.743729,-6.556279,6.161811,2.295437,0.0
27.116605,9.309029,46.416423,2154.044684,-0.850341,-6.552312,6.181157,2.302644,0.0
27.143807,9.305524,46.368168,2150.974474,-0.956358,-6.548317,6.205519,2.311719,0.0
27.170973,9.302019,46.314356,2147.915464,-1.061577,-6.544289,6.23489,2.322661,0.0
27.198094,9.298523,46.255047,2144.864798,-1.165818,-6.540251,6.26927,2.335468,0.0
27.225178,9.295027,46.190135,2141.819651,-1.268824,-6.536175,6.308819,2.350201,0.0
27.252225,9.29155,46.119754,2138.776779,-1.370412,-6.532072,6.35349,2.366842,0.0
27.279236,9.288073,46.04414,2135.733064,-1.470414,-6.527951,6.403165,2.385348,0.0
27.306202,9.284596,45.963396,2132.685449,-1.568634,-6.523803,6.457844,2.405717,0.0
27.333132,9.281135,45.877624,2129.630852,-1.664869,-6.519637,6.517523,2.427949,0.0
27.360018,9.277677,45.786961,2126.56613,-1.758922,-6.515437,6.582196,2.452041,0.0
27.386866,9.274226,45.691533,2123.488116,-1.850612,-6.511216,6.651853,2.47799,0.0
27.413678,9.270777,45.591489,2120.39359,-1.939728,-6.506976,6.72648,2.505791,0.0
27.440448,9.26734,45.486985,2117.279297,-2.026079,-6.502712,6.806057,2.535435,0.0
27.467179,9.263911,45.378184,2114.141941,-2.10947,-6.498427,6.890557,2.566914,0.0
27.493869,9.260481,45.265261,2110.978209,-2.189707,-6.494119,6.979944,2.600213,0.0
27.520518,9.25706,45.148399,2107.784756,-2.266594,-6.489788,7.074173,2.635316,0.0
27.547127,9.25365,45.027792,2104.558211,-2.339935,-6.485439,7.173189,2.672202,0.0
27.573694,9.250243,44.903644,2101.295203,-2.409542,-6.481073,7.276922,2.710845,0.0
27.60022,9.246844,44.776165,2097.992346,-2.475226,-6.476688,7.38529,2.751215,0.0
27.626697,9.243453,44.645578,2094.646255,-2.536796,-6.472283,7.498195,2.793275,0.0
27.653137,9.240065,44.512114,2091.253568,-2.594072,-6.467854,7.61552,2.836982,0.0
27.67954,9.236693,44.37602,2087.81094,-2.646869,-6.463415,7.737132,2.882285,0.0
27.705888,9.233321,44.237527,2084.315051,-2.695018,-6.458959,7.862875,2.929128,0.0
27.732192,9.229958,44.096898,2080.762623,-2.738357,-6.454494,7.992573,2.977444,0.0
27.758459,9.226605,43.954344,2077.148393,-2.776537,-6.45,8.12614,3.027201,0.0
27.784671,9.223251,43.81019,2073.469568,-2.809443,-6.445507,8.263291,3.078293,0.0
27.810837,9.219915,43.664739,2069.724486,-2.837054,-6.440996,8.403685,3.130594,0.0
27.836958,9.216581,43.518288,2065.910228,-2.859224,-6.436476,8.547036,3.183996,0.0
27.863027,9.213254,43.37112,2062.024002,-2.875832,-6.431938,8.693032,3.238383,0.0
27.889049,9.209937,43.223536,2058.063165,-2.88676,-6.427397,8.841331,3.293629,0.0
27.915026,9.206628,43.075829,2054.025222,-2.891902,-6.422843,8.991562,3.349593,0.0
27.940945,9.203328,42.928306,2049.907867,-2.891181,-6.418283,9.143322,3.406128,0.0
27.966813,9.200032,42.781271,2045.709,-2.884523,-6.413718,9.296181,3.463072,0.0
27.992636,9.196746,42.635025,2041.42673,-2.871872,-6.409148,9.44968,3.520255,0.0
28.018404,9.193473,42.489881,2037.05941,-2.85319,-6.404574,9.603333,3.577494,0.0
28.044114,9.190205,42.346148,2032.605653,-2.828457,-6.399995,9.756625,3.6346,0.0
28.06977,9.186941,42.204125,2028.064332,-2.79767,-6.395416,9.909022,3.691371,0.0
28.095368,9.183689,42.06411,2023.434613,-2.760856,-6.390834,10.059963,3.747601,0.0
28.120906,9.180449,41.92641,2018.715983,-2.718061,-6.386249,10.208874,3.803074,0.0
28.14639,9.177214,41.791313,2013.908234,-2.669343,-6.38167,10.355161,3.85757,0.0
28.171819,9.173994,41.659109,2009.011494,-2.614806,-6.377091,10.498222,3.910864,0.0
28.197184,9.170776,41.530083,2004.026238,-2.554555,-6.372513,10.637447,3.962729,0.0
28.222487,9.167575,41.404498,1998.953288,-2.488729,-6.367944,10.772226,4.012937,0.0
28.247726,9.164373,41.282608,1993.793826,-2.417499,-6.363375,10.901948,4.061263,0.0
28.2729,9.161191,41.164821,1988.546597,-2.340883,-6.358815,11.025805,4.107402,0.0
28.29801,9.158009,41.051338,1983.214691,-2.259172,-6.354255,11.143228,4.151146,0.0
28.323049,9.154844,40.942293,1977.802301,-2.172727,-6.349712,11.253782,4.19233,0.0
28.348031,9.151688,40.837899,1972.312084,-2.081812,-6.345172,11.356935,4.230757,0.0
28.372937,9.148542,40.738337,1966.747055,-1.986712,-6.340638,11.452184,4.26624,0.0
28.397776,9.145405,40.643779,1961.110552,-1.887747,-6.336114,11.539067,4.298606,0.0
28.422545,9.142277,40.554388,1955.406207,-1.785238,-6.331606,11.617164,4.327699,0.0
28.447249,9.139164,40.470307,1949.637955,-1.679546,-6.327103,11.686106,4.353382,0.0
28.471878,9.136057,40.391643,1943.809997,-1.571027,-6.322611,11.745571,4.375534,0.0
28.496431,9.132961,40.318495,1937.92677,-1.460067,-6.318133,11.795297,4.394059,0.0
28.520917,9.129879,40.250942,1931.992927,-1.34706,-6.313668,11.835079,4.408878,0.0
28.545332,9.126805,40.189042,1926.013311,-1.232408,-6.309216,11.864773,4.41994,0.0
28.569665,9.123744,40.132835,1919.992924,-1.116534,-6.304774,11.884298,4.427214,0.0
28.593924,9.120694,40.082327,1913.936895,-0.99985,-6.300344,11.893633,4.430691,0.0
28.618115,9.11765,40.037522,1907.850448,-0.882775,-6.29593,11.892823,4.43039,0.0
28.642225,9.114622,39.998396,1901.738856,-0.765742,-6.291526,11.881973,4.426348,0.0
28.666255,9.111605,39.964888,1895.607444,-0.649165,-6.287137,11.861248,4.418627,0.0
28.690212,9.108603,39.936953,1889.461522,-0.533473,-6.282752,11.830871,4.407311,0.0
28.714089,9.105602,39.914484,1883.306378,-0.419074,-6.278391,11.791118,4.392502,0.0
28.737894,9.102619,39.897402,1877.14723,-0.306367,-6.274031,11.742316,4.374322,0.0
28.761614,9.099646,39.885736,1870.98944,-0.195837,-6.26969,11.68456,4.352806,0.0
28.785262,9.096682,39.879274,1864.838407,-0.087854,-6.265358,11.618411,4.328164,0.0
28.808829,9.093726,39.877758,1858.698961,0.017254,-6.261043,11.544513,4.300635,0.0
28.832322,9.090788,39.881002,1852.575784,0.119145,-6.256731,11.463355,4.270401,0.0
28.855729,9.087861,39.888827,1846.473372,0.217495,-6.252433,11.37545,4.237654,0.0
28.879067,9.084942,39.901033,1840.396041,0.311996,-6.248139,11.281329,4.202592,0.0
28.902329,9.082032,39.91741,1834.347872,0.402361,-6.243859,11.181541,4.165418,0.0
28.925509,9.079138,39.937739,1828.332733,0.488322,-6.239584,11.07664,4.12634,0.0
28.948615,9.07625,39.961787,1822.354261,0.569644,-6.235315,10.967188,4.085566,0.0
28.971648,9.073372,39.989312,1816.415848,0.646101,-6.231049,10.853744,4.043305,0.0
28.994605,9.070508,40.020075,1810.520638,0.717497,-6.226788,10.736866,3.999765,0.0
29.017485,9.067657,40.053827,1804.671535,0.783661,-6.222537,10.6171,3.955149,0.0
29.040292,9.064817,40.090304,1798.871204,0.844439,-6.218287,10.494984,3.909658,0.0
29.063028,9.061982,40.129249,1793.122052,0.899703,-6.214034,10.371039,3.863485,0.0
29.085692,9.059161,40.170406,1787.426241,0.949349,-6.209788,10.245769,3.816819,0.0
29.108284,9.056344,40.213509,1781.785718,0.993288,-6.205541,10.11966,3.76984,0.0
29.130804,9.053543,40.258289,1776.202167,1.031451,-6.201295,9.993175,3.72272,0.0
29.153252,9.050752,40.30449,1770.677076,1.063806,-6.197047,9.866754,3.675625,0.0
29.175629,9.047969,40.351848,1765.211699,1.090328,-6.192791,9.740814,3.62871,0.0
29.197942,9.045195,40.400092,1759.80707,1.111001,-6.188535,9.615749,3.582119,0.0
29.220181,9.04244,40.448987,1754.466212,1.12565,-6.18427,9.49198,3.536012,0.0
29.242356,9.039685,40.49825,1749.188965,1.13439,-6.180004,9.369859,3.490519,0.0
29.264458,9.036939,40.547603,1743.974464,1.137379,-6.17573,9.249671,3.445746,0.0
29.286498,9.03421,40.596817,1738.822988,1.134691,-6.171447,9.131705,3.4018,0.0
29.308474,9.031484,40.645645,1733.734639,1.126402,-6.167163,9.016225,3.358781,0.0
29.330387,9.028772,40.693856,1728.709366,1.112603,-6.162864,8.903473,3.316778,0.0
29.352237,9.026064,40.741215,1723.746979,1.093402,-6.158554,8.793668,3.275873,0.0
29.374024,9.023369,40.787506,1718.847152,1.068908,-6.154229,8.687007,3.236139,0.0
29.395754,9.020681,40.832511,1714.009428,1.039244,-6.149891,8.583669,3.197643,0.0
29.417419,9.018003,40.876024,1709.233227,1.004548,-6.145545,8.483812,3.160443,0.0
29.439022,9.015333,40.917845,1704.517865,0.964968,-6.141184,8.387578,3.124594,0.0
29.460571,9.012672,40.957778,1699.862553,0.920649,-6.13681,8.295091,3.09014,0.0
29.482062,9.010022,40.995642,1695.266399,0.87175,-6.13242,8.206459,3.057122,0.0
29.503494,9.007374,41.031258,1690.728425,0.818441,-6.128009,8.121778,3.025576,0.0
29.524868,9.004736,41.064462,1686.247562,0.760883,-6.123586,8.041129,2.995532,0.0
29.546184,9.002107,41.095092,1681.822652,0.699267,-6.119145,7.96458,2.967016,0.0
29.567452,8.999487,41.123,1677.452469,0.63377,-6.114685,7.892191,2.940049,0.0
29.588659,8.996875,41.148036,1673.13573,0.564566,-6.1102,7.82401,2.91465,0.0
29.60982,8.994273,41.170067,1668.871047,0.49186,-6.105704,7.760077,2.890833,0.0
29.630918,8.99168,41.188981,1664.657008,0.415846,-6.101182,7.700421,2.868609,0.0
29.651969,8.989086,41.204523,1660.493778,0.336599,-6.096641,7.64522,2.848046,0.0
29.672965,8.986511,41.216639,1656.378954,0.254404,-6.092073,7.594428,2.829124,0.0
29.693908,8.983937,41.225294,1652.309925,0.169511,-6.087495,7.547968,2.811817,0.0
29.714804,8.981371,41.230402,1648.285011,0.082132,-6.082883,7.505847,2.796125,0.0
29.735648,8.978821,41.231879,1644.302499,-0.007528,-6.078251,7.468065,2.782051,0.0
29.756438,8.976268,41.229654,1640.360621,-0.099259,-6.073601,7.434621,2.769592,0.0
29.777181,8.973726,41.223672,1636.457562,-0.192861,-6.068926,7.405508,2.758747,0.0
29.797878,8.971196,41.213875,1632.591456,-0.28812,-6.064224,7.380718,2.749512,0.0
29.818525,8.968669,41.200217,1628.760398,-0.384821,-6.0595,7.360241,2.741883,0.0
29.839123,8.966147,41.182664,1624.962434,-0.482752,-6.054754,7.34406,2.735856,0.0
29.859672,8.963634,41.161186,1621.19557,-0.581703,-6.049981,7.332162,2.731423,0.0
29.88017,8.96113,41.135767,1617.457771,-0.681465,-6.045184,7.324527,2.728579,0.0
29.900624,8.958632,41.106399,1613.746961,-0.781818,-6.040366,7.321135,2.727315,0.0
29.921032,8.95614,41.073077,1610.061025,-0.88255,-6.035522,7.321963,2.727624,0.0
29.941396,8.95366,41.035814,1606.397808,-0.98345,-6.030652,7.326988,2.729496,0.0
29.961714,8.951183,40.994615,1602.755117,-1.084302,-6.025763,7.336183,2.732921,0.0
29.981986,8.948715,40.949508,1599.130724,-1.184889,-6.020847,7.349519,2.737889,0.0
30.002205,8.946254,40.900528,1595.522356,-1.285005,-6.015903,7.366965,2.744388,0.0
30.02238,8.943795,40.847718,1591.927724,-1.384437,-6.010933,7.388487,2.752406,0.0
30.042519,8.941354,40.79112,1588.344499,-1.482956,-6.005945,7.414048,2.761928,0.0
30.062601,8.938913,40.730654,1584.770538,-1.580328,-6.00093,7.44375,2.772993,0.0
30.082638,8.93648,40.666462,1581.203122,-1.676324,-5.995886,7.477481,2.785558,0.0
30.102629,8.934048,40.598694,1577.63965,-1.77077,-5.990824,7.515114,2.799578,0.0
30.122576,8.931633,40.527418,1574.07769,-1.863447,-5.985737,7.556595,2.81503,0.0
30.142477,8.92922,40.452734,1570.514766,-1.954163,-5.980629,7.601866,2.831895,0.0
30.162334,8.926814,40.374729,1566.948403,-2.042705,-5.975497,7.650864,2.850148,0.0
30.182139,8.924417,40.293514,1563.376109,-2.12887,-5.970344,7.703518,2.869763,0.0
30.201902,8.92203,40.209203,1559.795377,-2.212469,-5.965173,7.759752,2.890712,0.0
30.221624,8.919645,40.121911,1556.203707,-2.293298,-5.959979,7.819481,2.912963,0.0
30.241295,8.917266,40.031764,1552.598595,-2.371171,-5.954763,7.882615,2.936481,0.0
30.260917,8.9149,39.938892,1548.977537,-2.445899,-5.949529,7.949052,2.961231,0.0
30.280495,8.91254,39.843432,1545.33804,-2.517294,-5.944272,8.018683,2.98717,0.0
30.300027,8.910182,39.745532,1541.677632,-2.585184,-5.938996,8.09139,3.014256,0.0
30.319514,8.907839,39.645345,1537.993867,-2.649392,-5.933705,8.167043,3.042438,0.0
30.338956,8.905502,39.543025,1534.28432,-2.709754,-5.928392,8.245501,3.071666,0.0
30.358351,8.903167,39.438737,1530.546609,-2.766113,-5.923068,8.326615,3.101883,0.0
30.377692,8.900841,39.33264,1526.778404,-2.818304,-5.917725,8.410221,3.133029,0.0
30.396981,8.898525,39.22491,1522.977412,-2.866185,-5.912366,8.496144,3.165037,0.0
30.416233,8.896216,39.115719,1519.141412,-2.909636,-5.906998,8.584198,3.197839,0.0
30.435431,8.893908,39.005264,1515.268246,-2.948504,-5.901611,8.674181,3.231361,0.0
30.454573,8.891619,38.89368,1511.354356,-2.982513,-5.896206,8.765935,3.265542,0.0
30.473669,8.889329,38.781187,1507.398248,-3.011623,-5.8908,8.859187,3.30028,0.0
30.49272,8.887048,38.668003,1503.398834,-3.035832,-5.885377,8.953663,3.335475,0.0
30.511718,8.884777,38.554315,1499.354342,-3.055055,-5.879937,9.04911,3.371031,0.0
30.530662,8.882514,38.440318,1495.263135,-3.069237,-5.874493,9.145263,3.406851,0.0
30.549552,8.88026,38.326207,1491.123697,-3.078306,-5.869043,9.241848,3.442831,0.0
30.568395,8.878009,38.212183,1486.934652,-3.082231,-5.863583,9.338576,3.478865,0.0
30.58718,8.87577,38.098427,1482.694763,-3.080991,-5.858115,9.435153,3.514843,0.0
30.605914,8.873537,37.985137,1478.402956,-3.074575,-5.852643,9.531273,3.55065,0.0
30.624597,8.871315,37.87251,1474.058317,-3.062985,-5.847166,9.626623,3.586171,0.0
30.643227,8.869102,37.760732,1469.6601,-3.046244,-5.841685,9.720886,3.621286,0.0
30.661798,8.866892,37.649991,1465.207733,-3.024394,-5.836199,9.813738,3.655876,0.0
30.68031,8.864692,37.540467,1460.700825,-2.997495,-5.830708,9.904854,3.689819,0.0
30.698768,8.862501,37.432338,1456.139174,-2.965631,-5.825217,9.993907,3.722993,0.0
30.717172,8.860318,37.325788,1451.522775,-2.928887,-5.819726,10.080571,3.755278,0.0
30.73552,8.858145,37.220974,1446.85181,-2.88738,-5.814238,10.164525,3.786553,0.0
30.753807,8.855981,37.11807,1442.126669,-2.84124,-5.808755,10.245451,3.8167,0.0
30.772038,8.853824,37.017221,1437.347932,-2.790622,-5.803264,10.323038,3.845603,0.0
30.790206,8.851669,36.91858,1432.516373,-2.735682,-5.797774,10.396989,3.873152,0.0
30.808312,8.849532,36.822299,1427.632973,-2.676615,-5.792292,10.467014,3.899238,0.0
30.826361,8.847404,36.728584,1422.697099,-2.613489,-5.786821,10.532675,3.923699,0.0
30.844347,8.845285,36.637537,1417.711135,-2.546604,-5.78134,10.593773,3.946459,0.0
30.862269,8.843167,36.549222,1412.67762,-2.476272,-5.775876,10.650153,3.967462,0.0
30.880128,8.841065,36.46374,1407.598305,-2.402755,-5.770413,10.7016,3.986628,0.0
30.897925,8.838973,36.381172,1402.475118,-2.326309,-5.764951,10.747925,4.003885,0.0
30.915658,8.836883,36.301607,1397.310135,-2.247218,-5.759503,10.788961,4.019172,0.0
30.933328,8.834806,36.225112,1392.105582,-2.165772,-5.754059,10.824567,4.032436,0.0
30.95093,8.832742,36.151748,1386.863831,-2.082264,-5.748622,10.85463,4.043635,0.0
30.968465,8.830686,36.081556,1381.587374,-1.997015,-5.743194,10.879064,4.052738,0.0
30.985936,8.828634,36.014565,1376.278812,-1.910341,-5.737775,10.897812,4.059722,0.0
31.003345,8.826591,35.950806,1370.940845,-1.822558,-5.73236,10.910846,4.064577,0.0
31.020687,8.824563,35.890287,1365.576266,-1.733996,-5.726953,10.918164,4.067303,0.0
31.03796,8.822543,35.833003,1360.187939,-1.644989,-5.721561,10.919797,4.067912,0.0
31.055168,8.820532,35.778949,1354.778772,-1.555863,-5.716175,10.915801,4.066423,0.0
31.072306,8.81853,35.728095,1349.35173,-1.46695,-5.710794,10.906261,4.062869,0.0
31.089378,8.816537,35.6804,1343.909793,-1.378586,-5.705427,10.891287,4.057291,0.0
31.106381,8.814554,35.635825,1338.455964,-1.291088,-5.700061,10.871016,4.04974,0.0
31.123319,8.812579,35.59431,1332.993255,-1.204784,-5.694704,10.845607,4.040274,0.0
31.140186,8.810614,35.555795,1327.524632,-1.119981,-5.689356,10.815242,4.028962,0.0
31.156989,8.808666,35.520194,1322.053078,-1.037001,-5.684018,10.780123,4.01588,0.0
31.173709,8.806719,35.487525,1316.581617,-0.956215,-5.678688,10.740312,4.001049,0.0
31.190374,8.804781,35.457641,1311.113346,-0.877904,-5.673368,10.696153,3.984598,0.0
31.206958,8.80286,35.430363,1305.651056,-0.802299,-5.668048,10.647982,3.966653,0.0
31.223478,8.800941,35.405596,1300.197471,-0.729666,-5.662737,10.596064,3.947313,0.0
31.239935,8.799037,35.383216,1294.75525,-0.660243,-5.657426,10.540677,3.926679,0.0
31.256315,8.797137,35.363096,1289.326937,-0.59427,-5.652123,10.482101,3.904859,0.0
31.272633,8.795251,35.345107,1283.914996,-0.531972,-5.646822,10.420627,3.881958,0.0
31.288879,8.79337,35.329111,1278.521776,-0.473543,-5.641527,10.356547,3.858086,0.0
31.305062,8.7915,35.314962,1273.149532,-0.419178,-5.636236,10.290154,3.833353,0.0
31.321174,8.789638,35.302521,1267.800404,-0.369045,-5.630945,10.221743,3.807868,0.0
31.337215,8.787786,35.291639,1262.476413,-0.323294,-5.625653,10.151606,3.78174,0.0
31.353193,8.785947,35.282158,1257.179461,-0.282063,-5.620362,10.080031,3.755077,0.0
31.369108,8.784113,35.273929,1251.911326,-0.245479,-5.615071,10.007304,3.727984,0.0
31.384957,8.782286,35.2668,1246.67368,-0.213643,-5.609779,9.933703,3.700566,0.0
31.400736,8.780474,35.260611,1241.468064,-0.186638,-5.604488,9.859499,3.672923,0.0
31.416451,8.778669,35.255202,1236.295895,-0.164541,-5.599194,9.784956,3.645153,0.0
31.432096,8.776868,35.25042,1231.158472,-0.147395,-5.593894,9.710328,3.617353,0.0
31.447686,8.775083,35.246109,1226.056968,-0.135254,-5.588592,9.635861,3.589612,0.0
31.463204,8.773307,35.242103,1220.992444,-0.128118,-5.583281,9.56179,3.562019,0.0
31.478659,8.77153,35.238266,1215.965841,-0.126022,-5.577971,9.48834,3.534656,0.0
31.494048,8.769773,35.234428,1210.979486,-0.129119,-5.572651,9.415762,3.507619,0.0
31.509383,8.768016,35.230434,1206.033348,-0.137299,-5.567322,9.344259,3.480982,0.0
31.524646,8.766275,35.226132,1201.127315,-0.150422,-5.561984,9.274003,3.45481,0.0
31.539846,8.764537,35.221384,1196.261877,-0.168453,-5.556637,9.205173,3.429169,0.0
31.55499,8.762806,35.216046,1191.437386,-0.191305,-5.551281,9.137934,3.404121,0.0
31.570073,8.761092,35.209983,1186.654112,-0.218912,-5.545908,9.072444,3.379724,0.0
31.585093,8.759382,35.203063,1181.91223,-0.251189,-5.540525,9.008845,3.356032,0.0
31.600056,8.757678,35.195161,1177.211812,-0.288023,-5.535132,8.947272,3.333094,0.0
31.61496,8.755983,35.186147,1172.552834,-0.329313,-5.529725,8.887849,3.310958,0.0
31.629805,8.754297,35.175905,1167.935183,-0.374934,-5.524305,8.830689,3.289664,0.0
31.644592,8.752616,35.164325,1163.35867,-0.424751,-5.518872,8.775895,3.269252,0.0
31.65932,8.750943,35.151296,1158.82301,-0.478632,-5.51342,8.723563,3.249757,0.0
31.673991,8.74928,35.136719,1154.327834,-0.536427,-5.507954,8.673777,3.23121,0.0
31.688605,8.747624,35.120498,1149.872704,-0.597974,-5.502473,8.626614,3.213641,0.0
31.703168,8.745981,35.102532,1145.457098,-0.663118,-5.49697,8.582143,3.197074,0.0
31.717671,8.744339,35.082738,1141.080422,-0.731678,-5.491453,8.540423,3.181532,0.0
31.73212,8.742707,35.061039,1136.742016,-0.803494,-5.485912,8.501509,3.167036,0.0
31.746513,8.741082,35.03736,1132.441146,-0.878371,-5.480353,8.465446,3.153601,0.0
31.760845,8.739459,35.011633,1128.177009,-0.956123,-5.474784,8.432272,3.141243,0.0
31.775132,8.737854,34.98379,1123.948745,-1.036562,-5.469179,8.402021,3.129974,0.0
31.789362,8.736248,34.953704,1119.756721,-1.119571,-5.463564,8.374831,3.119845,0.0
31.803538,8.734661,34.921348,1115.599135,-1.204887,-5.457922,8.350663,3.110842,0.0
31.817669,8.733075,34.886726,1111.474323,-1.292254,-5.452262,8.329477,3.10295,0.0
31.831738,8.731488,34.849811,1107.381183,-1.381469,-5.446584,8.311283,3.096172,0.0
31.845759,8.729917,34.810555,1103.318556,-1.472319,-5.44088,8.296083,3.090509,0.0
31.859721,8.72835,34.768944,1099.28522,-1.564585,-5.435157,8.283874,3.085961,0.0
31.87364,8.726796,34.724961,1095.279909,-1.658059,-5.429408,8.274648,3.082524,0.0
31.887505,8.725247,34.678584,1091.301324,-1.752525,-5.423639,8.268394,3.080194,0.0
31.901318,8.723699,34.629815,1087.348111,-1.847756,-5.417852,8.265093,3.078965,0.0
31.915085,8.72216,34.578656,1083.418867,-1.943534,-5.412036,8.264725,3.078827,0.0
31.928799,8.720631,34.525104,1079.51216,-2.039645,-5.406199,8.267261,3.079772,0.0
31.942462,8.719106,34.469174,1075.626522,-2.13587,-5.40034,8.272671,3.081788,0.0
31.956082,8.717589,34.41089,1071.760445,-2.231981,-5.394456,8.280919,3.08486,0.0
31.969648,8.716082,34.350269,1067.912385,-2.327765,-5.388554,8.291963,3.088974,0.0
31.983162,8.714581,34.287341,1064.080775,-2.423009,-5.382623,8.305758,3.094114,0.0
31.996629,8.713084,34.222134,1060.264022,-2.517488,-5.376679,8.322254,3.100259,0.0
32.010044,8.711601,34.154701,1056.46051,-2.610992,-5.370708,8.341395,3.107389,0.0
32.023414,8.710112,34.085079,1052.668592,-2.703315,-5.364712,8.363121,3.115483,0.0
32.036738,8.70864,34.013319,1048.886617,-2.794246,-5.358697,8.387366,3.124515,0.0
32.050009,8.707177,33.939472,1045.112909,-2.88358,-5.352655,8.41406,3.134459,0.0
32.063232,8.705714,33.863531,1041.34598,-2.971035,-5.346603,8.443216,3.14532,0.0
32.07641,8.70426,33.785604,1037.583863,-3.056449,-5.340524,8.474692,3.157046,0.0
32.089534,8.702815,33.705803,1033.824777,-3.139649,-5.334419,8.508362,3.169589,0.0
32.102613,8.701371,33.624195,1030.067021,-3.220463,-5.328302,8.544132,3.182914,0.0
32.115639,8.699935,33.540855,1026.30892,-3.298706,-5.322161,8.581904,3.196985,0.0
32.128618,8.698508,33.455869,1022.548806,-3.374205,-5.316001,8.621573,3.211763,0.0
32.141552,8.697089,33.369326,1018.785039,-3.446797,-5.309829,8.663029,3.227206,0.0
32.154434,8.695674,33.281315,1015.015988,-3.516327,-5.303635,8.706155,3.243272,0.0
32.167269,8.69427,33.191926,1011.240043,-3.582641,-5.297421,8.750831,3.259915,0.0
32.180058,8.692873,33.101253,1007.455634,-3.645596,-5.291193,8.796929,3.277088,0.0
32.192798,8.691477,33.009399,1003.661226,-3.705063,-5.284947,8.844318,3.294741,0.0
32.205488,8.690089,32.916461,999.855324,-3.76092,-5.278683,8.892858,3.312824,0.0
20.483101,5.537603,40.266944,2438.168233,-2.546886,13.059008,10.26755,3.824933,0.0
0.061556,0.061556,53.160665,4945.885257,-0.334334,45.000128,12.621021,4.701662,0.0
0.105971,0.105971,53.126785,4939.243793,-0.21391,45.00025,12.647268,4.71144,0.0
0.150329,0.150331,53.107708,4932.566372,-0.093288,45.000399,12.646993,4.711338,0.0
0.194626,0.194634,53.103395,4925.866979,0.027104,45.000575,12.620333,4.701406,0.0
0.238868,0.238868,53.113756,4919.159553,0.146828,45.000776,12.567685,4.681793,0.0
0.283047,0.283047,53.138638,4912.457858,0.265457,45.000997,12.489689,4.652738,0.0
0.327162,0.327163,53.177852,4905.775384,0.382578,45.001244,12.387218,4.614565,0.0
0.371213,0.371222,53.231697,4899.127007,0.497715,45.00152,12.260492,4.567356,0.0
0.415199,0.415218,53.299514,4892.525369,0.610483,45.001823,12.111449,4.511833,0.0
0.459131,0.459151,53.380754,4885.981734,0.720567,45.002153,11.941931,4.448683,0.0
0.503001,0.503029,53.475029,4879.507142,0.827632,45.002509,11.753534,4.378501,0.0
0.546816,0.546846,53.581917,4873.111859,0.931372,45.002893,11.547956,4.301917,0.0
0.590569,0.590606,53.700972,4866.805302,1.031516,45.003304,11.326963,4.219592,0.0
0.634219,0.634346,53.828275,4860.601839,1.073929,45.109577,11.097701,4.134186,35.873868
0.677716,0.678132,53.959032,4854.512821,1.090303,45.259398,10.868233,4.048703,53.999999
0.721047,0.721973,54.09145,4848.540936,1.104309,45.406351,10.641494,3.964236,53.999999
0.764212,0.765869,54.225252,4842.685193,1.115978,45.550462,10.417915,3.880947,53.999999
0.807214,0.809819,54.360156,4836.94437,1.125339,45.691767,10.197892,3.798983,53.999999
0.850059,0.853819,54.495886,4831.317044,1.132422,45.830306,9.98178,3.718476,53.999999
0.892746,0.897872,54.632178,4825.801609,1.137267,45.966124,9.769891,3.639541,53.999999
0.935284,0.941976,54.768765,4820.396287,1.139918,46.09927,9.562499,3.562283,53.999999
0.977674,0.986128,54.905386,4815.09917,1.140406,46.229808,9.359842,3.486788,53.999999
1.019914,1.030329,55.041799,4809.908213,1.138785,46.357783,9.162124,3.413132,53.999999
1.062011,1.07457,55.177754,4804.821255,1.13511,46.483265,8.969516,3.341381,53.999999
1.103972,1.118862,55.313019,4799.836058,1.129418,46.606309,8.782158,3.271585,53.999999
1.145791,1.163191,55.44735,4794.950287,1.121768,46.726982,8.600166,3.203788,53.999999
1.187483,1.207565,55.580534,4790.161553,1.11221,46.845352,8.423628,3.138023,53.999999
1.229025,1.251977,55.712276,4785.471087,1.100716,46.961411,8.252832,3.074397,53.999999
1.27044,1.296434,55.842392,4780.873899,1.087411,47.075267,8.08769,3.012877,53.999999
1.311728,1.340936,55.970707,4776.365986,1.07236,47.18704,7.928137,2.95344,53.999999
1.352891,1.385466,56.09701,4771.944815,1.055627,47.2968,7.77418,2.896087,53.999999
1.393935,1.430039,56.221118,4767.607822,1.037259,47.404613,7.625811,2.840815,53.999999
1.434855,1.47465,56.342847,4763.352448,1.017319,47.510557,7.483009,2.787618,53.999999
1.475662,1.519291,56.462022,4759.176127,0.995855,47.614699,7.345742,2.736482,53.999999
1.516349,1.56397,56.578473,4755.076312,0.972929,47.717115,7.213966,2.687392,53.999999
1.556922,1.608683,56.692036,4751.050456,0.94859,47.817875,7.087633,2.64033,53.999999
1.597381,1.653429,56.80256,4747.096029,0.922898,47.917042,6.966685,2.595274,53.999999
1.637732,1.698206,56.909892,4743.210524,0.895902,48.014689,6.85106,2.5522,53.999999
1.677976,1.743014,57.013885,4739.391456,0.867651,48.110894,6.740689,2.511084,53.999999
1.718111,1.787857,57.114413,4735.636362,0.838208,48.20572,6.635503,2.471899,53.999999
1.758143,1.832734,57.211342,4731.942804,0.807619,48.29923,6.535427,2.434618,53.999999
1.79807,1.877638,57.304537,4728.308367,0.775933,48.391495,6.440387,2.399214,53.999999
1.837896,1.922569,57.393887,4724.730667,0.743205,48.482587,6.350306,2.365656,53.999999
1.877615,1.967528,57.479277,4721.207359,0.709478,48.572566,6.26511,2.333918,53.999999
1.917237,2.012522,57.560611,4717.736103,0.674805,48.661493,6.184721,2.303971,53.999999
1.956767,2.057544,57.637772,4714.314607,0.639235,48.749443,6.109065,2.275787,53.999999
1.99619,2.102602,57.710684,4710.940592,0.602819,48.836467,6.038069,2.24934,53.999999
2.035519,2.147678,57.779053,4707.613568,0.565561,48.922611,5.971845,2.224669,53.999999
2.074757,2.192791,57.84292,4704.32998,0.527554,49.007941,5.910202,2.201706,53.999999
2.113896,2.237923,57.902271,4701.086966,0.488835,49.092549,5.853006,2.180399,53.999999
2.152936,2.283089,57.957024,4697.882366,0.449454,49.176493,5.800195,2.160725,53.999999
2.191892,2.328283,58.007108,4694.714028,0.409454,49.259827,5.751709,2.142663,53.999999
2.230753,2.373497,58.052477,4691.579823,0.368884,49.342607,5.707495,2.126192,53.999999
2.269522,2.418742,58.093061,4688.477641,0.32779,49.424894,5.667501,2.111293,53.999999
2.308207,2.464018,58.128814,4685.405397,0.286208,49.506747,5.63168,2.097949,53.999999
2.346799,2.509314,58.159687,4682.361007,0.244182,49.588219,5.599989,2.086143,53.999999
2.385298,2.554639,58.185639,4679.342396,0.201754,49.669373,5.572389,2.075862,53.999999
2.423711,2.599991,58.206632,4676.347511,0.158967,49.750266,5.548848,2.067092,53.999999
2.462039,2.645369,58.222627,4673.374301,0.115863,49.830951,5.529334,2.059823,53.999999
2.500277,2.690775,58.233602,4670.420707,0.07248,49.91148,5.513825,2.054045,53.999999
2.538429,2.736203,58.239537,4667.484688,0.028861,49.991912,5.502299,2.049751,53.999999
2.576494,2.78166,58.240408,4664.564204,-0.014951,50.072299,5.494741,2.046936,53.999999
2.614464,2.827149,58.236202,4661.657198,-0.058915,50.152701,5.491142,2.045595,53.999999
2.652354,2.872658,58.22691,4658.761616,-0.102992,50.233175,5.491495,2.045726,53.999999
2.69016,2.918194,58.212525,4655.875403,-0.14715,50.313775,5.495799,2.04733,53.999999
2.727868,2.963757,58.193054,4652.996471,-0.191333,50.394558,5.504059,2.050407,53.999999
2.765495,3.009346,58.16849,4650.122752,-0.235506,50.475576,5.516283,2.054961,53.999999
2.803038,3.054964,58.138652,4647.252154,-0.279632,50.556894,5.532649,2.061057,53.999999
2.840481,3.1006,58.103673,4644.38234,-0.323658,50.638577,5.55307,2.068665,53.999999
2.877842,3.146272,58.063653,4641.511109,-0.367551,50.720672,5.577513,2.07777,53.999999
2.915114,3.191971,58.018626,4638.636293,-0.411267,50.803246,5.606006,2.088385,53.999999
2.952295,3.237697,57.968603,4635.755709,-0.454766,50.886344,5.638581,2.10052,53.999999
2.989387,3.28345,57.913628,4632.867131,-0.497997,50.970023,5.675274,2.114189,53.999999
3.026389,3.329224,57.853746,4629.968303,-0.540929,51.054356,5.716128,2.129408,53.999999
3.063301,3.375028,57.788992,4627.056946,-0.583512,51.139394,5.761185,2.146193,53.999999
3.100122,3.420862,57.719412,4624.13074,-0.625704,51.225197,5.810496,2.164563,53.999999
3.136849,3.466728,57.645062,4621.187327,-0.66746,51.311833,5.864112,2.184536,53.999999
3.173486,3.512621,57.566007,4618.224312,-0.708738,51.399365,5.922088,2.206134,53.999999
3.210034,3.558536,57.482306,4615.239263,-0.749492,51.487854,5.984483,2.229377,53.999999
3.246482,3.604482,57.394024,4612.229702,-0.789675,51.577361,6.051358,2.25429,53.999999
3.282832,3.650461,57.30124,4609.193108,-0.829244,51.667955,6.122776,2.280895,53.999999
3.319085,3.696467,57.204031,4606.126906,-0.868149,51.759704,6.198803,2.309217,53.999999
3.355247,3.742501,57.102487,4603.02849,-0.906343,51.852676,6.279507,2.339282,53.999999
3.391307,3.788571,56.996695,4599.895205,-0.943777,51.946941,6.364955,2.371113,53.999999
3.427262,3.834667,56.88675,4596.724341,-0.980396,52.042572,6.455215,2.404738,53.999999
3.463125,3.88079,56.772755,4593.513135,-1.016157,52.139632,6.550357,2.44018,53.999999
3.498881,3.92694,56.654819,4590.258796,-1.051007,52.238205,6.650448,2.477467,53.999999
3.534524,3.973128,56.532889,4586.956415,-1.084855,52.338427,6.755766,2.516701,53.999999
3.570058,4.019353,56.407209,4583.604165,-1.117671,52.440328,6.866242,2.557856,53.999999
3.605483,4.065604,56.27796,4580.199723,-1.149411,52.543981,6.981864,2.600928,53.999999
3.640809,4.111891,56.145277,4576.740105,-1.180021,52.649453,7.102689,2.645939,53.999999
3.676013,4.158206,56.009281,4573.222284,-1.209452,52.75682,7.228768,2.692906,53.999999
3.711105,4.204556,55.870134,4569.643168,-1.237645,52.866167,7.360145,2.741848,53.999999
3.746082,4.250941,55.727972,4565.999661,-1.264547,52.977571,7.496857,2.792776,53.999999
3.780937,4.297356,55.58296,4562.288627,-1.290102,53.091122,7.638931,2.845703,53.999999
3.815677,4.343809,55.435259,4558.506901,-1.314255,53.206895,7.786385,2.900633,53.999999
3.850293,4.390298,55.285033,4554.651298,-1.336945,53.32497,7.939225,2.95757,53.999999
3.884779,4.436817,55.13246,4550.718621,-1.358113,53.445435,8.097443,3.016511,53.999999
3.919139,4.483373,54.977721,4546.705671,-1.377709,53.568372,8.261017,3.077446,53.999999
3.953372,4.529961,54.820998,4542.609252,-1.395677,53.693864,8.429909,3.140363,53.999999
3.987474,4.576583,54.66249,4538.426178,-1.411959,53.821999,8.604062,3.205239,53.999999
4.021434,4.623247,54.502392,4534.15328,-1.426497,53.952851,8.783399,3.272047,53.999999
4.055258,4.669946,54.340911,4529.78742,-1.439238,54.086504,8.967823,3.34075,53.999999
4.088937,4.716684,54.178251,4525.325521,-1.450126,54.223036,9.157211,3.411302,53.999999
4.122472,4.763464,54.014637,4520.764541,-1.459116,54.362537,9.351417,3.483649,53.999999
4.155863,4.810272,53.850284,4516.101522,-1.466151,54.505078,9.550268,3.557726,53.999999
4.1891,4.857126,53.685422,4511.333583,-1.471187,54.650733,9.753561,3.633458,53.999999
4.222178,4.904016,53.520278,4506.453311,-1.474075,54.799708,9.961228,3.71082,53.999999
4.255101,4.950944,53.355116,4501.460952,-1.474838,54.951994,10.172861,3.789659,53.999999
4.287854,4.997907,53.190186,4496.35548,-1.47346,55.107607,10.388099,3.86984,53.999999
4.320444,5.044914,53.025718,4491.134561,-1.469901,55.266614,10.606603,3.951239,53.999999
4.352865,5.091967,52.861965,4485.796055,-1.464124,55.429062,10.827998,4.033714,53.999999
4.385114,5.13905,52.699181,4480.338004,-1.456096,55.595006,11.051873,4.117114,53.999999
4.417193,5.186173,52.537616,4474.75869,-1.445802,55.7645,11.27778,4.20127,53.999999
4.449088,5.233342,52.37752,4469.056621,-1.43321,55.93757,11.505234,4.286002,53.999999
4.4808,5.28055,52.219162,4463.230565,-1.418305,56.114255,11.733713,4.371117,53.999999
4.512326,5.327793,52.062786,4457.279581,-1.401076,56.294577,11.96266,4.456406,53.999999
4.543659,5.375078,51.908651,4451.203015,-1.381517,56.478552,12.191485,4.541649,53.999999
4.574799,5.422403,51.757016,4445.000538,-1.359631,56.666191,12.419562,4.626613,53.999999
4.605742,5.469768,51.608126,4438.672164,-1.335424,56.857488,12.646235,4.711055,53.999999
4.636481,5.517175,51.462237,4432.21825,-1.308907,57.052437,12.870822,4.79472,53.999999
4.667019,5.564617,51.3196,4425.639535,-1.280109,57.251013,13.092614,4.877343,53.999999
4.697347,5.612098,51.180459,4418.937136,-1.249052,57.453181,13.310881,4.958653,53.999999
4.727452,5.659622,51.045041,4412.112563,-1.215774,57.658912,13.524877,5.038373,53.999999
4.75735,5.707183,50.91358,4405.167734,-1.180332,57.868144,13.733843,5.116218,53.999999
4.78703,5.754779,50.786319,4398.104985,-1.142762,58.080817,13.937013,5.191904,53.999999
4.816476,5.802411,50.663461,4390.92706,-1.103132,58.296845,14.133618,5.265145,53.999999
4.845688,5.850091,50.545417,4383.632519,-1.061437,58.51628,14.322548,5.335526,53.999999
4.874672,5.897797,50.432277,4376.228595,-1.01781,58.738924,14.503217,5.40283,53.999999
4.903422,5.945548,50.324168,4368.720786,-0.972379,58.964614,14.674987,5.466819,53.999999
4.93193,5.993328,50.221254,4361.113577,-0.925229,59.193225,14.837153,5.52723,53.999999
4.960203,6.041142,50.123702,4353.411822,-0.876475,59.424621,14.98904,5.583812,53.999999
4.988228,6.088985,50.031669,4345.620744,-0.826216,59.658659,15.130011,5.636327,53.999999
5.016013,6.136868,49.945294,4337.745928,-0.774578,59.895181,15.259476,5.684556,53.999999
5.043547,6.184778,49.86469,4329.79328,-0.721685,60.134025,15.376891,5.728297,53.999999
5.070836,6.232718,49.789969,4321.769004,-0.667666,60.375014,15.481772,5.767368,53.999999
5.097876,6.280688,49.72123,4313.679579,-0.612658,60.617961,15.573693,5.80161,53.999999
5.12466,6.328685,49.658543,4305.531722,-0.556806,60.862677,15.652293,5.830891,53.999999
5.151187,6.376709,49.601969,4297.332355,-0.50026,61.108973,15.717281,5.855101,53.999999
5.177458,6.424756,49.551557,4289.088577,-0.443162,61.356643,15.768437,5.874158,53.999999
5.203476,6.472825,49.507333,4280.807614,-0.385668,61.605476,15.805614,5.888007,53.999999
5.229237,6.520921,49.469307,4272.496788,-0.32794,61.855274,15.82874,5.896622,53.999999
5.254734,6.569039,49.437469,4264.163475,-0.270123,62.105813,15.837819,5.900004,53.999999
5.279984,6.61717,49.411797,4255.815072,-0.212375,62.35689,15.832929,5.898183,53.999999
5.304965,6.665326,49.392257,4247.458942,-0.154861,62.608296,15.814222,5.891214,53.999999
5.329694,6.7135,49.378795,4239.102396,-0.097727,62.859806,15.781922,5.879181,53.999999
5.354153,6.761683,49.371335,4230.752655,-0.041117,63.111232,15.73632,5.862193,53.999999
5.378358,6.809885,49.370043,4222.41773,0.01476,63.362321,15.677233,5.840182,53.999999
5.402299,6.858096,49.374627,4214.104552,0.06979,63.612889,15.605515,5.813465,53.999999
5.425979,6.906324,49.384887,4205.819632,0.123829,63.862738,15.521807,5.782282,53.999999
5.449407,6.954554,49.400703,4197.569391,0.176738,64.11168,15.426642,5.74683,53.999999
5.472582,7.0028,49.421918,4189.360009,0.228399,64.359535,15.320594,5.707324,53.999999
5.495505,7.051049,49.448385,4181.197385,0.278676,64.606125,15.204277,5.663993,53.999999
5.518177,7.099305,49.479933,4173.087101,0.327461,64.851298,15.078334,5.617076,53.999999
5.540602,7.147564,49.516383,4165.034432,0.37464,65.09489,14.943436,5.566823,53.999999
5.562779,7.195828,49.557541,4157.044317,0.42011,65.336755,14.800271,5.51349,53.999999
5.584714,7.244096,49.603206,4149.121346,0.463773,65.576761,14.649543,5.45734,53.999999
5.606411,7.292365,49.653175,4141.269771,0.505536,65.814781,14.491962,5.398637,53.999999
5.627864,7.340629,49.70724,4133.493483,0.545323,66.0507,14.328242,5.337647,53.999999
5.649082,7.388891,49.765177,4125.796014,0.583064,66.284416,14.159093,5.274635,53.999999
5.670069,7.437156,49.826754,4118.180549,0.618696,66.515833,13.985219,5.209862,53.999999
5.69082,7.485415,49.891752,4110.649912,0.652159,66.744868,13.807311,5.143587,53.999999
5.711351,7.533672,49.959936,4103.206585,0.683397,66.971448,13.626047,5.076061,53.999999
5.73165,7.581919,50.031055,4095.852704,0.712372,67.195509,13.442082,5.007529,53.999999
5.751725,7.630159,50.104879,4088.590076,0.739056,67.417007,13.256054,4.938229,53.999999
5.771584,7.678398,50.181169,4081.420192,0.763417,67.635894,13.068572,4.868387,53.999999
5.791227,7.726618,50.25967,4074.344219,0.785439,67.852134,12.880223,4.798222,53.999999
5.810644,7.774839,50.340228,4067.367237,0.805008,68.065584,12.691573,4.727945,53.999999
5.829843,7.823051,50.422516,4060.486801,0.822183,68.27632,12.503193,4.657768,53.999999
5.848843,7.871254,50.506272,4053.702088,0.836999,68.484358,12.315577,4.587877,53.999999
5.867638,7.919439,50.591252,4047.01312,0.849458,68.68972,12.129185,4.518441,53.999999
5.886232,7.967614,50.677216,4040.419701,0.859574,68.892394,11.944446,4.44962,53.999999
5.904629,8.01578,50.763933,4033.921395,0.867364,69.092412,11.761757,4.381564,53.999999
5.922828,8.063931,50.85118,4027.517576,0.872852,69.289791,11.581486,4.314408,53.999999
5.940841,8.11207,50.938718,4021.20743,0.876058,69.484558,11.403971,4.248279,53.999999
5.958662,8.160199,51.026323,4014.989952,0.87702,69.676752,11.22952,4.183292,53.999999
5.976291,8.208315,51.113783,4008.863986,0.875765,69.866411,11.058413,4.11955,53.999999
5.99374,8.256412,51.200875,4002.828222,0.872327,70.053582,10.890905,4.057149,53.999999
6.01101,8.304496,51.287387,3996.881215,0.866756,70.238316,10.727223,3.996173,53.999999
6.028098,8.352567,51.373123,3991.021397,0.859091,70.420661,10.567572,3.936699,53.999999
6.045012,8.40062,51.457878,3985.24709,0.849377,70.600672,10.412131,3.878793,53.999999
6.061752,8.448658,51.541448,3979.556518,0.837657,70.778416,10.261059,3.822514,53.999999
6.078327,8.496684,51.623655,3973.947798,0.823986,70.953953,10.114495,3.767916,53.999999
6.094731,8.544693,51.704307,3968.418993,0.80841,71.127351,9.97256,3.715041,53.999999
6.110965,8.592685,51.783229,3962.968078,0.790996,71.298671,9.835355,3.663928,53.999999
6.127037,8.640666,51.860257,3957.592968,0.771785,71.46799,9.702967,3.61461,53.999999
6.142948,8.688621,51.935204,3952.291519,0.750838,71.635383,9.575468,3.567114,53.999999
6.158689,8.736566,52.00782,3947.064611,0.728143,71.800831,9.453138,3.521543,53.999999
6.174275,8.784493,52.078015,3941.907495,0.703819,71.964485,9.335862,3.477854,53.999999
6.189709,8.832402,52.145653,3936.817084,0.677936,72.126445,9.223619,3.436041,53.999999
6.204989,8.880293,52.210613,3931.79109,0.650553,72.286785,9.116432,3.396111,53.999999
6.220116,8.928174,52.272745,3926.827182,0.621728,72.445583,9.014319,3.358071,53.999999
6.235091,8.976031,52.331925,3921.923021,0.591537,72.602915,8.917289,3.321925,53.999999
6.249919,9.023869,52.388027,3917.076246,0.560022,72.758864,8.825345,3.287673,53.999999
6.264603,9.071694,52.440942,3912.284477,0.527255,72.913509,8.738484,3.255315,53.999999
6.279137,9.119504,52.490557,3907.545325,0.493297,73.066926,8.6567,3.224848,53.999999
6.293529,9.167292,52.536763,3902.856387,0.458199,73.219198,8.579982,3.196269,53.999999
6.307781,9.215061,52.579467,3898.215262,0.422027,73.370404,8.508317,3.169572,53.999999
6.321889,9.262814,52.61858,3893.619538,0.384845,73.520629,8.441689,3.144751,53.999999
6.335857,9.310547,52.654012,3889.06679,0.346711,73.669952,8.380082,3.121801,53.999999
6.349689,9.358267,52.685682,3884.554597,0.307686,73.818448,8.323476,3.100714,53.999999
6.363385,9.405967,52.713518,3880.080525,0.267827,73.96621,8.271852,3.081483,53.999999
6.376938,9.453644,52.737458,3875.642152,0.2272,74.113308,8.225192,3.064101,53.999999
6.390356,9.501311,52.757435,3871.237024,0.185864,74.259827,8.183477,3.04856,53.999999
6.403638,9.548958,52.773384,3866.86271,0.143878,74.405843,8.146688,3.034856,53.999999
6.416777,9.59658,52.78527,3862.516762,0.101303,74.551444,8.114808,3.02298,53.999999
6.429791,9.644193,52.793035,3858.196722,0.058198,74.696721,8.087821,3.012926,53.999999
6.442663,9.691777,52.796464,3853.901065,0.014613,74.841725,8.065932,3.004772,53.999999
6.455408,9.739343,52.795655,3849.626356,-0.029381,74.986566,8.048959,2.998449,53.999999
6.468061,9.786874,52.793841,3845.362496,-0.010104,75.00641,8.03319,2.992575,7.58365
6.480697,9.834361,52.794143,3841.102294,0.015426,75.013107,8.01506,2.985821,0.0
6.493316,9.881803,52.796855,3836.846367,0.040452,75.019812,7.994265,2.978074,0.0
6.505911,9.929185,52.801913,3832.596236,0.064909,75.026519,7.970894,2.969368,0.0
6.518485,9.976525,52.809262,3828.353371,0.088754,75.033232,7.945045,2.959738,0.0
6.531041,10.02381,52.818833,3824.119199,0.11193,75.039955,7.916821,2.949224,0.0
6.543579,10.071043,52.83055,3819.895114,0.134384,75.046681,7.886333,2.937866,0.0
6.556094,10.118231,52.844346,3815.682461,0.156076,75.053412,7.853695,2.925708,0.0
6.568591,10.16537,52.860144,3811.482529,0.176952,75.060152,7.819027,2.912793,0.0
6.581071,10.212459,52.877857,3807.296555,0.19697,75.066896,7.782454,2.899169,0.0
6.593531,10.259503,52.8974,3803.125724,0.216093,75.073645,7.744102,2.884882,0.0
6.605976,10.306495,52.918675,3798.971157,0.234277,75.080402,7.704102,2.869981,0.0
6.618396,10.353433,52.941595,3794.833923,0.251491,75.087169,7.662586,2.854515,0.0
6.630799,10.40033,52.966068,3790.715015,0.267706,75.093942,7.619688,2.838534,0.0
6.643183,10.447175,52.991996,3786.615377,0.28289,75.100717,7.575541,2.822088,0.0
6.655548,10.493975,53.019269,3782.535878,0.297017,75.1075,7.530282,2.805228,0.0
6.667888,10.540729,53.047787,3778.477336,0.310054,75.114283,7.484045,2.788004,0.0
6.680218,10.587429,53.077446,3774.44049,0.321984,75.121076,7.436964,2.770465,0.0
6.692521,10.634083,53.108187,3770.427061,0.332747,75.127877,7.389145,2.752651,0.0
6.704814,10.68069,53.139856,3766.436915,0.342356,75.134688,7.340755,2.734624,0.0
6.717081,10.727245,53.172331,3762.470357,0.350813,75.1415,7.291928,2.716435,0.0
6.729337,10.773761,53.205501,3758.527859,0.358102,75.148327,7.242791,2.69813,0.0
6.741569,10.820226,53.239264,3754.609827,0.364228,75.15515,7.193467,2.679756,0.0
6.753788,10.866645,53.273505,3750.716605,0.36918,75.161985,7.144076,2.661356,0.0
6.765985,10.913018,53.308109,3746.848484,0.372953,75.168825,7.094734,2.642975,0.0
6.778161,10.959346,53.342973,3743.005683,0.375552,75.175671,7.045556,2.624655,0.0
6.790324,11.005635,53.37799,3739.188365,0.376982,75.182525,6.996649,2.606436,0.0
6.802469,11.051878,53.413054,3735.396639,0.377247,75.189389,6.94812,2.588358,0.0
6.814591,11.098072,53.448053,3731.630557,0.376351,75.196258,6.90007,2.570458,0.0
6.826699,11.144224,53.482877,3727.890116,0.374307,75.20313,6.852596,2.552772,0.0
6.838791,11.190333,53.517425,3724.175261,0.371128,75.210012,6.805791,2.535336,0.0
6.850862,11.236395,53.551593,3720.485885,0.366825,75.216902,6.759744,2.518183,0.0
6.862921,11.282418,53.585283,3716.821831,0.36142,75.223801,6.71454,2.501343,0.0
6.874961,11.328398,53.618396,3713.182897,0.354928,75.230708,6.670258,2.484847,0.0
6.886976,11.374338,53.650828,3709.568829,0.347361,75.237616,6.626976,2.468723,0.0
6.898982,11.420229,53.682491,3705.979332,0.338745,75.244534,6.584766,2.452998,0.0
6.910969,11.46609,53.713283,3702.414082,0.329114,75.251468,6.543694,2.437698,0.0
6.922939,11.511897,53.743112,3698.872703,0.318484,75.258393,6.503827,2.422847,0.0
6.93489,11.557667,53.771849,3695.355827,0.306828,75.265338,6.465285,2.408489,0.0
6.946822,11.603392,53.799441,3691.862111,0.294217,75.272291,6.428081,2.394629,0.0
6.958745,11.64908,53.825804,3688.390854,0.280705,75.279245,6.392257,2.381284,0.0
6.970643,11.694732,53.850862,3684.941507,0.266301,75.286207,6.357861,2.368471,0.0
6.982529,11.74034,53.874538,3681.513526,0.251044,75.293185,6.324939,2.356206,0.0
6.994399,11.785903,53.896762,3678.106317,0.234962,75.300168,6.293533,2.344507,0.0
7.006251,11.831435,53.917466,3674.719262,0.218094,75.30715,6.263682,2.333386,0.0
7.018085,11.876921,53.936577,3671.351712,0.20047,75.314144,6.235422,2.322859,0.0
7.029901,11.92237,53.954034,3668.002998,0.182128,75.321151,6.208788,2.312937,0.0
7.041705,11.967782,53.969777,3664.672417,0.163104,75.328162,6.183809,2.303632,0.0
7.053494,12.013154,53.983746,3661.359248,0.143432,75.335182,6.160514,2.294954,0.0
7.065266,12.058489,53.995891,3658.062748,0.12315,75.342212,6.13893,2.286913,0.0
7.077019,12.103785,54.006161,3654.782144,0.102298,75.349245,6.119078,2.279518,0.0
7.088758,12.149042,54.014507,3651.516648,0.080909,75.356288,6.100982,2.272776,0.0
7.100482,12.194267,54.020885,3648.265457,0.059021,75.363339,6.084659,2.266696,0.0
7.112184,12.239449,54.025251,3645.027745,0.036676,75.3704,6.070128,2.261282,0.0
7.123875,12.284595,54.027585,3641.802662,0.013923,75.377469,6.057402,2.256542,0.0
7.135549,12.329705,54.027846,3638.589348,-0.009212,75.384547,6.046497,2.252479,0.0
7.147214,12.374779,54.026008,3635.386934,-0.032686,75.391634,6.037422,2.249099,0.0
7.15886,12.419807,54.022036,3632.194508,-0.056457,75.398721,6.030189,2.246404,0.0
7.170488,12.464808,54.015814,3629.011549,-0.080482,75.405827,6.024892,2.244431,0.0
7.182097,12.509763,54.007412,3625.836734,-0.104724,75.412933,6.021468,2.243155,0.0
7.193689,12.55469,53.996825,3622.66904,-0.12914,75.420047,6.019907,2.242574,0.0
7.20527,12.599574,53.98405,3619.507523,-0.153671,75.427179,6.02021,2.242687,0.0
7.216836,12.644428,53.969082,3616.351216,-0.178286,75.434313,6.02238,2.243495,0.0
7.228361,12.689248,53.951053,3613.201332,-0.221293,75.499647,6.02716,2.245276,24.781021
7.239816,12.734045,53.928921,3610.058998,-0.270564,75.585001,6.035441,2.24836,34.999999
7.251195,12.778818,53.902401,3606.92306,-0.319769,75.670566,6.047477,2.252844,34.999999
7.262503,12.823575,53.871504,3603.79151,-0.368851,75.756394,6.06327,2.258728,34.999999
7.273733,12.868313,53.836258,3600.662329,-0.417732,75.842531,6.082824,2.266012,34.999999
7.284888,12.913025,53.796697,3597.533474,-0.466343,75.929023,6.106144,2.274699,34.999999
7.295966,12.957717,53.752851,3594.402887,-0.514621,76.015923,6.133235,2.284791,34.999999
7.306963,13.002393,53.704757,3591.268485,-0.562488,76.103277,6.164103,2.296291,34.999999
7.317882,13.047045,53.65246,3588.128172,-0.609875,76.191138,6.198756,2.3092,34.999999
7.328729,13.091677,53.596018,3584.979827,-0.656714,76.279561,6.237201,2.323522,34.999999
7.3395,13.136283,53.535493,3581.821298,-0.702926,76.368588,6.279446,2.339259,34.999999
7.350184,13.180872,53.470941,3578.650425,-0.74845,76.458267,6.325498,2.356415,34.999999
7.360795,13.225442,53.40244,3575.465034,-0.793208,76.548662,6.375364,2.374991,34.999999
7.371325,13.269984,53.330065,3572.262914,-0.837134,76.639817,6.429048,2.394989,34.999999
7.381774,13.3145,53.253912,3569.04184,-0.88016,76.731782,6.486555,2.416412,34.999999
7.392148,13.359007,53.173886,3565.798462,-0.922149,76.824651,6.548067,2.439327,34.999999
7.402431,13.403477,53.090239,3562.531176,-0.963067,76.918447,6.613436,2.463679,34.999999
7.412632,13.447936,53.003112,3559.237896,-1.002863,77.01322,6.682624,2.489453,34.999999
7.422753,13.492363,52.912609,3555.916319,-1.041453,77.109015,6.755623,2.516647,34.999999
7.432792,13.536769,52.818845,3552.564151,-1.07876,77.205888,6.832421,2.545256,34.999999
7.442744,13.581156,52.721948,3549.179075,-1.114722,77.303887,6.912999,2.575274,34.999999
7.452612,13.62552,52.622045,3545.75877,-1.149265,77.403071,6.997333,2.606691,34.999999
7.462399,13.669856,52.519269,3542.300917,-1.18232,77.503492,7.085393,2.639495,34.999999
7.472094,13.714165,52.413756,3538.803196,-1.213813,77.605197,7.177142,2.673674,34.999999
7.4817,13.758447,52.305658,3535.26329,-1.243673,77.708238,7.272531,2.709209,34.999999
7.49122,13.802707,52.195132,3531.678893,-1.271826,77.812669,7.371506,2.74608,34.999999
7.500651,13.84694,52.082329,3528.047718,-1.298209,77.918543,7.474002,2.784262,34.999999
7.509992,13.891145,51.967412,3524.367498,-1.32276,78.025902,7.579941,2.823727,34.999999
7.519239,13.935326,51.850552,3520.635989,-1.345405,78.134797,7.689235,2.864442,34.999999
7.52839,13.979473,51.731928,3516.850986,-1.36608,78.245286,7.801784,2.90637,34.999999
7.537449,14.023593,51.611717,3513.010324,-1.384722,78.357406,7.917474,2.949467,34.999999
7.546411,14.067686,51.490095,3509.111887,-1.401268,78.4712,8.036175,2.993687,34.999999
7.55528,14.111751,51.367263,3505.153604,-1.415673,78.586719,8.157743,3.038974,34.999999
7.564042,14.155781,51.24341,3501.133491,-1.427869,78.704013,8.28202,3.08527,34.999999
7.572715,14.199783,51.11873,3497.049638,-1.437797,78.823108,8.408828,3.13251,34.999999
7.581274,14.243748,50.993419,3492.896981,-1.445311,78.944134,8.538073,3.180657,34.999999
7.589734,14.287686,50.867699,3488.676278,-1.450449,79.067066,8.669437,3.229593,34.999999
7.598086,14.331588,50.741806,3484.386459,-1.453186,79.191914,8.802666,3.279225,34.999999
7.606338,14.375454,50.615937,3480.026013,-1.453487,79.318711,8.93751,3.329458,34.999999
7.614483,14.419284,50.490317,3475.593582,-1.451312,79.447475,9.073697,3.380191,34.999999
7.622513,14.463078,50.365154,3471.087941,-1.446646,79.578239,9.210939,3.431317,34.999999
7.63044,14.506843,50.240667,3466.508024,-1.439455,79.711023,9.348929,3.482722,34.999999
7.638255,14.550562,50.117069,3461.852906,-1.429731,79.845838,9.487341,3.534284,34.999999
7.645954,14.594245,49.994585,3457.121859,-1.417468,79.982693,9.625833,3.585876,34.999999
7.65354,14.63789,49.873428,3452.314323,-1.402652,80.1216,9.764044,3.637363,34.999999
7.66101,14.68149,49.753816,3447.429933,-1.385295,80.262559,9.901601,3.688607,34.999999
7.668361,14.725049,49.635967,3442.468537,-1.365408,80.405565,10.038116,3.739462,34.999999
7.675597,14.768568,49.520092,3437.430181,-1.343004,80.550613,10.173186,3.789779,34.999999
7.682711,14.812043,49.406402,3432.315131,-1.318109,80.697682,10.3064,3.839405,34.999999
7.689705,14.855472,49.295095,3427.123887,-1.290762,80.846759,10.437338,3.888183,34.999999
7.696575,14.898857,49.186377,3421.85718,-1.261005,80.997819,10.565572,3.935953,34.999999
7.703326,14.942195,49.080448,3416.515974,-1.228883,81.150831,10.690672,3.982557,34.999999
7.70995,14.98548,48.977502,3411.101467,-1.194466,81.305749,10.812205,4.027831,34.999999
7.716441,15.028719,48.877718,3405.615104,-1.157812,81.462543,10.929742,4.071616,34.999999
7.722814,15.071905,48.781274,3400.058587,-1.11899,81.621164,11.042856,4.113754,34.999999
7.729046,15.115043,48.688519,3394.430674,-1.078008,81.781625,11.150874,4.153994,34.999999
7.735142,15.158127,48.599489,3388.736466,-1.035041,81.943808,11.253561,4.192247,34.999999
7.741111,15.201157,48.514288,3382.97893,-0.990197,82.107615,11.350563,4.228384,34.999999
7.746955,15.244133,48.433073,3377.160731,-0.943601,82.272986,11.44151,4.262264,34.999999
7.752657,15.287048,48.355968,3371.28475,-0.89536,82.43983,11.526051,4.293757,34.999999
7.758229,15.329913,48.283094,3365.354086,-0.845603,82.608076,11.603859,4.322743,34.999999
7.763669,15.372714,48.214555,3359.372032,-0.79446,82.777629,11.674636,4.349109,34.999999
7.768968,15.415461,48.150448,3353.34205,-0.742069,82.948399,11.738114,4.372756,34.999999
7.774134,15.458147,48.090854,3347.267771,-0.688577,83.120291,11.794055,4.393596,34.999999
7.779169,15.50077,48.035851,3341.152986,-0.634126,83.293196,11.842259,4.411553,34.999999
7.784064,15.543335,47.985492,3335.001612,-0.578871,83.467019,11.882558,4.426566,34.999999
7.78882,15.585837,47.939814,3328.817684,-0.522966,83.641654,11.914826,4.438586,34.999999
7.79344,15.628276,47.898855,3322.605326,-0.466564,83.816984,11.938974,4.447582,34.999999
7.797925,15.670652,47.862629,3316.368735,-0.409837,83.992904,11.954953,4.453534,34.999999
7.802273,15.712962,47.831139,3310.112168,-0.352947,84.169304,11.962752,4.45644,34.999999
7.806481,15.755203,47.804382,3303.839909,-0.296046,84.346073,11.962402,4.45631,34.999999
7.81056,15.79738,47.782319,3297.556271,-0.239309,84.523097,11.953974,4.45317,34.999999
7.814496,15.839494,47.76493,3291.265537,-0.182897,84.700254,11.937576,4.447061,34.999999
7.818297,15.881536,47.752161,3284.971986,-0.126956,84.877448,11.913353,4.438037,34.999999
7.821963,15.923515,47.743937,3278.679824,-0.071663,85.05456,11.881487,4.426166,34.999999
7.825488,15.965409,47.740412,3272.393692,-0.017201,85.231474,11.841844,4.411398,34.999999
7.828876,16.007248,47.741301,3266.117683,0.036283,85.408089,11.795001,4.393948,34.999999
7.832129,16.049008,47.74647,3259.855698,0.088666,85.584287,11.74129,4.37394,34.999999
7.835256,16.090703,47.755801,3253.611554,0.139797,85.75999,11.681018,4.351486,34.999999
7.838249,16.132327,47.769182,3247.38895,0.189545,85.93509,11.614513,4.326712,34.999999
7.841107,16.17388,47.786482,3241.191422,0.237784,86.109499,11.542124,4.299745,34.999999
7.843837,16.215367,47.807551,3235.022359,0.284386,86.283137,11.464219,4.270723,34.999999
7.84644,16.256779,47.83225,3228.884966,0.329241,86.455923,11.381176,4.239788,34.999999
7.848918,16.298121,47.860413,3222.782283,0.372241,86.627778,11.293387,4.207084,34.999999
7.851264,16.339395,47.891878,3216.717167,0.413287,86.798628,11.201251,4.172761,34.999999
7.853485,16.380597,47.926479,3210.692279,0.452285,86.968408,11.105172,4.136969,34.999999
7.855585,16.421727,47.964031,3204.7101,0.48915,87.13706,11.005556,4.099859,34.999999
7.857562,16.462785,48.004353,3198.772912,0.523808,87.304531,10.902809,4.061583,34.999999
7.859419,16.503774,48.047263,3192.882787,0.556195,87.470767,10.797335,4.022291,34.999999
7.86115,16.544695,48.092568,3187.041622,0.586249,87.63573,10.689532,3.982132,34.999999
7.862759,16.585539,48.140068,3181.25111,0.61391,87.799377,10.579793,3.941251,34.999999
7.864259,16.62632,48.189574,3175.512752,0.639142,87.961672,10.468499,3.899791,34.999999
7.865642,16.667036,48.240883,3169.827856,0.661905,88.122594,10.356025,3.857892,34.999999
7.866907,16.707672,48.293798,3164.197543,0.682173,88.282112,10.24273,3.815686,34.999999
7.868056,16.748245,48.348116,3158.622771,0.699921,88.440227,10.128962,3.773305,34.999999
7.869092,16.788742,48.40368,3153.107098,0.715026,88.59684,10.015066,3.730876,34.999999
7.870019,16.829176,48.460231,3147.648747,0.727567,88.752004,9.901385,3.688526,34.999999
7.870837,16.869547,48.517558,3142.247755,0.737571,88.905727,9.78822,3.64637,34.999999
7.87154,16.909847,48.575465,3136.904387,0.745044,89.05802,9.675857,3.604511,34.999999
7.872141,16.950075,48.633755,3131.618737,0.750004,89.208881,9.564563,3.563051,34.999999
7.872636,16.990238,48.692235,3126.390769,0.752467,89.358325,9.454591,3.522084,34.999999
7.873029,17.030339,48.750707,3121.220327,0.75245,89.506363,9.346177,3.481697,34.999999
7.873323,17.070376,48.808984,3116.107113,0.749988,89.653015,9.239543,3.441973,34.999999
7.873513,17.110344,48.866882,3111.050704,0.745119,89.798302,9.134892,3.402988,34.999999
7.8736,17.150246,48.92422,3106.050583,0.737876,89.942249,9.032415,3.364812,34.999999
7.873588,17.190089,48.980819,3101.106114,0.728303,90.084883,8.932286,3.327512,34.999999
7.873481,17.22987,49.036504,3096.216565,0.71645,90.226229,8.834666,3.291145,34.999999
7.87328,17.269583,49.091105,3091.38112,0.702362,90.366319,8.739701,3.255769,34.999999
7.872984,17.309235,49.144463,3086.598865,0.686087,90.505195,8.647527,3.221431,34.999999
7.872595,17.348829,49.19642,3081.868809,0.667694,90.642897,8.558263,3.188178,34.999999
7.872109,17.388354,49.246812,3077.189888,0.647237,90.77945,8.47202,3.156051,34.999999
7.871533,17.427825,49.295495,3072.560975,0.624777,90.914903,8.388898,3.125085,34.999999
7.870866,17.467232,49.342324,3067.980863,0.600381,91.049292,8.308983,3.095315,34.999999
7.870101,17.506576,49.387156,3063.448292,0.574116,91.182675,8.232356,3.066769,34.999999
7.869255,17.545867,49.429863,3058.961971,0.546035,91.315087,8.159086,3.039474,34.999999
7.868324,17.585091,49.470199,3054.522658,0.516148,91.446535,8.089407,3.013517,34.999999
7.867293,17.624262,49.508136,3050.126905,0.484597,91.577114,8.023227,2.988863,34.999999
7.866181,17.663369,49.543577,3045.772969,0.451466,91.706872,7.960571,2.965522,34.999999
7.864987,17.702414,49.576396,3041.459355,0.416825,91.83586,7.901479,2.943509,34.999999
7.863705,17.741411,49.60651,3037.184523,0.380763,91.964127,7.845986,2.922836,34.999999
7.862333,17.780341,49.633814,3032.946898,0.343341,92.091733,7.79412,2.903515,34.999999
7.860885,17.81922,49.658211,3028.744871,0.304647,92.218731,7.745905,2.885554,34.999999
7.859352,17.858041,49.679626,3024.576806,0.264753,92.345164,7.701363,2.86896,34.999999
7.857734,17.896804,49.69798,3020.441029,0.223742,92.471094,7.66051,2.853742,34.999999
7.856036,17.935509,49.713202,3016.335853,0.181691,92.596571,7.62336,2.839902,34.999999
7.854261,17.97416,49.725225,3012.259565,0.138682,92.721653,7.589922,2.827446,34.999999
7.852406,18.012757,49.733983,3008.210418,0.0948,92.846395,7.560206,2.816376,34.999999
7.850465,18.051296,49.739427,3004.186643,0.050123,92.97085,7.534217,2.806694,34.999999
7.848445,18.089777,49.74151,3000.18645,0.004726,93.095078,7.51196,2.798403,34.999999
7.846349,18.1282,49.740195,2996.20804,-0.041307,93.219131,7.493435,2.791502,34.999999
7.844167,18.166574,49.735437,2992.249585,-0.087883,93.343075,7.478645,2.785992,34.999999
7.841911,18.204887,49.727219,2988.30923,-0.134935,93.466951,7.467588,2.781873,34.999999
7.839575,18.243146,49.715515,2984.385104,-0.182366,93.590833,7.460263,2.779144,34.999999
7.837166,18.28135,49.700301,2980.475335,-0.230106,93.714765,7.456666,2.777804,34.999999
7.834667,18.319501,49.681577,2976.57801,-0.278061,93.838814,7.456793,2.777852,34.999999
7.832093,18.357595,49.659148,2972.691632,-0.326159,93.963051,7.460826,2.779354,34.999999
7.829437,18.395626,49.633191,2968.813666,-0.374292,94.087525,7.46859,2.782246,34.999999
7.826708,18.433611,49.603724,2964.942105,-0.422393,94.212291,7.480059,2.786519,34.999999
7.8239,18.471534,49.570763,2961.074969,-0.47037,94.33742,7.495223,2.792168,34.999999
7.821011,18.509403,49.534341,2957.210276,-0.518143,94.462955,7.514072,2.79919,34.999999
7.818047,18.54721,49.494469,2953.34602,-0.565631,94.58896,7.536596,2.80758,34.999999
7.814999,18.584967,49.451184,2949.480199,-0.61274,94.715503,7.562779,2.817334,34.999999
7.811873,18.622667,49.404533,2945.610772,-0.659396,94.842635,7.592609,2.828446,34.999999
7.808675,18.66031,49.354557,2941.735706,-0.705514,94.970414,7.626066,2.84091,34.999999
7.805394,18.697894,49.301304,2937.852958,-0.751005,95.098904,7.663133,2.854719,34.999999
7.802033,18.735419,49.244834,2933.960465,-0.79579,95.228163,7.703786,2.869863,34.999999
7.798596,18.77289,49.18521,2930.056167,-0.839791,95.358252,7.748001,2.886334,34.999999
7.795077,18.810304,49.122505,2926.137993,-0.882925,95.489229,7.79575,2.904122,34.999999
7.791478,18.847655,49.056791,2922.203864,-0.925108,95.621151,7.846999,2.923214,34.999999
7.787798,18.884945,48.988141,2918.251716,-0.966264,95.754072,7.901714,2.943596,34.999999
7.784038,18.922181,48.916644,2914.279468,-1.006304,95.888056,7.959854,2.965255,34.999999
7.780204,18.959361,48.842393,2910.285048,-1.045151,96.023171,8.021372,2.988172,34.999999
7.776281,18.99647,48.76549,2906.266393,-1.082729,96.159455,8.086218,3.012329,34.999999
7.772276,19.033525,48.686038,2902.221455,-1.11896,96.296975,8.154335,3.037705,34.999999
7.768191,19.070516,48.60413,2898.148184,-1.15376,96.435792,8.225661,3.064275,34.999999
7.764011,19.107442,48.519781,2894.042903,-1.18699,96.576028,8.300278,3.092072,34.999999
7.759795,19.144304,48.434746,2889.900104,-1.178083,96.589028,8.376124,3.120327,3.351825
7.755577,19.181121,48.350615,2885.714713,-1.165131,96.595576,8.451304,3.148333,0.0
7.751367,19.217884,48.267603,2881.486433,-1.150187,96.602113,8.52552,3.175981,0.0
7.747159,19.254586,48.185861,2877.215358,-1.133277,96.608641,8.598566,3.203192,0.0
7.742951,19.291239,48.105513,2872.901692,-1.114419,96.61516,8.670233,3.22989,0.0
7.738742,19.327833,48.026698,2868.545754,-1.093662,96.621664,8.740314,3.255997,0.0
7.734534,19.364371,47.949543,2864.147988,-1.071044,96.628162,8.8086,3.281435,0.0
7.730331,19.400855,47.874177,2859.708968,-1.046615,96.634649,8.874887,3.306129,0.0
7.726132,19.437285,47.800727,2855.22937,-1.02043,96.641123,8.938972,3.330002,0.0
7.721933,19.473656,47.729307,2850.709988,-0.992549,96.647587,9.000654,3.35298,0.0
7.717734,19.509968,47.660023,2846.151752,-0.96304,96.654039,9.059741,3.374992,0.0
7.713539,19.546223,47.592984,2841.555697,-0.93197,96.66048,9.116045,3.395966,0.0
7.70935,19.582415,47.528298,2836.922972,-0.899422,96.666915,9.169385,3.415837,0.0
7.705163,19.618546,47.466051,2832.254849,-0.865481,96.673334,9.219592,3.434541,0.0
7.700981,19.654624,47.406334,2827.552693,-0.830223,96.679744,9.266503,3.452016,0.0
7.696795,19.690644,47.349224,2822.817974,-0.793751,96.686146,9.309968,3.468208,0.0
7.692623,19.726594,47.294803,2818.052275,-0.756165,96.692538,9.349848,3.483064,0.0
7.688444,19.76249,47.243132,2813.257257,-0.717552,96.698921,9.386018,3.496539,0.0
7.684273,19.798323,47.194277,2808.434674,-0.678039,96.705285,9.418366,3.508589,0.0
7.680103,19.834089,47.148421,2803.585143,-0.637674,96.711641,9.446589,3.519103,0.0
7.675933,19.869793,47.105494,2798.711925,-0.596632,96.717987,9.470788,3.528118,0.0
7.671771,19.905433,47.065509,2793.817108,-0.555026,96.724324,9.490916,3.535616,0.0
7.66761,19.941019,47.02849,2788.902722,-0.512974,96.730653,9.506926,3.54158,0.0
7.663456,19.976535,46.994456,2783.970872,-0.470588,96.736964,9.51879,3.546,0.0
7.659305,20.011986,46.96341,2779.023675,-0.427993,96.743265,9.526494,3.54887,0.0
7.655154,20.047381,46.935358,2774.063293,-0.385316,96.749557,9.530043,3.550192,0.0
7.651008,20.08271,46.910285,2769.091909,-0.342666,96.75584,9.529458,3.549974,0.0
7.646866,20.117972,46.888182,2764.111716,-0.300168,96.762114,9.524777,3.54823,0.0
7.64273,20.153172,46.869024,2759.124917,-0.257943,96.768373,9.516054,3.544981,0.0
7.638597,20.188308,46.852772,2754.1337,-0.216109,96.77462,9.503359,3.540251,0.0
7.634465,20.223377,46.839385,2749.140247,-0.174783,96.780857,9.486775,3.534073,0.0
7.630336,20.258382,46.828815,2744.146725,-0.134077,96.787085,9.466404,3.526485,0.0
7.626213,20.293326,46.821011,2739.155257,-0.094109,96.793305,9.442358,3.517527,0.0
7.622093,20.328203,46.815906,2734.167948,-0.054984,96.799512,9.414763,3.507247,0.0
7.617979,20.363023,46.813437,2729.186845,-0.016808,96.805704,9.383757,3.495697,0.0
7.613866,20.397772,46.813517,2724.213951,0.020322,96.811887,9.349489,3.482931,0.0
7.609753,20.432457,46.816062,2719.251212,0.056297,96.818061,9.312118,3.469009,0.0
7.60565,20.46708,46.820995,2714.300503,0.091025,96.824225,9.271809,3.453993,0.0
7.601546,20.50164,46.828213,2709.363651,0.124421,96.830371,9.22874,3.437948,0.0
7.597451,20.536134,46.837722,2704.4433,0.156331,96.836508,9.182967,3.420897,0.0
7.593357,20.570564,46.8493,2699.540444,0.186723,96.842645,9.134813,3.402958,0.0
7.589271,20.604932,46.862845,2694.656591,0.215544,96.848756,9.084481,3.384208,0.0
7.585178,20.639228,46.878223,2689.793231,0.242709,96.854865,9.032163,3.364718,0.0
7.581099,20.673467,46.895329,2684.951762,0.268172,96.860965,8.978057,3.344562,0.0
7.577023,20.707646,46.914039,2680.133478,0.291875,96.86705,8.922358,3.323813,0.0
7.572948,20.741768,46.934232,2675.339607,0.31376,96.873124,8.865266,3.302545,0.0
7.568873,20.775824,46.955772,2670.571262,0.333785,96.879188,8.806974,3.280829,0.0
7.564808,20.809813,46.978536,2665.829471,0.351911,96.885238,8.747677,3.25874,0.0
7.560747,20.843744,47.002394,2661.115181,0.368109,96.891279,8.687568,3.236348,0.0
7.556686,20.877617,47.027214,2656.429238,0.38235,96.897312,8.626833,3.213722,0.0
7.552629,20.911427,47.052865,2651.772387,0.394603,96.903331,8.565657,3.190933,0.0
7.548576,20.945178,47.07921,2647.145288,0.404855,96.909341,8.50422,3.168046,0.0
7.544529,20.978871,47.106119,2642.548516,0.413099,96.915342,8.442696,3.145126,0.0
7.540482,21.012504,47.133455,2637.982562,0.419332,96.921331,8.381255,3.122238,0.0
7.536438,21.046081,47.161085,2633.447817,0.423544,96.927304,8.32006,3.099441,0.0
7.5324,21.079597,47.188881,2628.944594,0.425747,96.933269,8.259269,3.076795,0.0
7.528364,21.113057,47.216715,2624.473114,0.425938,96.939224,8.199032,3.054355,0.0
7.524336,21.146455,47.24445,2620.033541,0.424141,96.94517,8.139494,3.032176,0.0
7.520308,21.179799,47.271961,2615.625935,0.420383,96.951108,8.080794,3.010308,0.0
7.51628,21.213086,47.299092,2611.251962,0.414559,96.957035,8.023119,2.988823,0.0
7.512261,21.24631,47.325745,2606.909965,0.406822,96.962945,7.966554,2.967751,0.0
7.508243,21.279479,47.351784,2602.599666,0.397186,96.968846,7.911212,2.947135,0.0
7.504224,21.312595,47.377098,2598.320845,0.385698,96.974737,7.857203,2.927015,0.0
7.500214,21.345656,47.401569,2594.073214,0.372396,96.980619,7.80463,2.90743,0.0
7.496205,21.378664,47.425084,2589.856412,0.357327,96.986486,7.753591,2.888417,0.0
7.492202,21.411617,47.447534,2585.670019,0.340523,96.992347,7.704175,2.870008,0.0
7.488197,21.444517,47.46882,2581.513567,0.322039,96.998196,7.656468,2.852236,0.0
7.484194,21.477362,47.488842,2577.386525,0.301927,97.004033,7.610548,2.835129,0.0
7.480199,21.510154,47.507494,2573.288317,0.280239,97.009861,7.566488,2.818716,0.0
7.476209,21.542896,47.524678,2569.218317,0.25703,97.01568,7.524357,2.803021,0.0
7.472219,21.575585,47.540315,2565.175844,0.23236,97.021489,7.484215,2.788067,0.0
7.468229,21.608218,47.55432,2561.160174,0.206289,97.027287,7.44612,2.773876,0.0
7.464243,21.640803,47.566603,2557.170536,0.178877,97.033069,7.410124,2.760466,0.0
7.460262,21.673337,47.577086,2553.206132,0.150193,97.038845,7.376276,2.747857,0.0
7.456284,21.705823,47.585704,2549.266117,0.120295,97.044617,7.344617,2.736063,0.0
7.452313,21.738256,47.592379,2545.349592,0.089257,97.050371,7.315188,2.7251,0.0
7.448342,21.770635,47.597065,2541.455649,0.057148,97.056108,7.288022,2.71498,0.0
7.444371,21.802969,47.599678,2537.583333,0.024044,97.061846,7.263152,2.705715,0.0
7.4404,21.835249,47.600186,2533.73165,-0.009996,97.067574,7.240605,2.697316,0.0
7.436439,21.867472,47.598409,2529.900569,-0.044936,97.073283,7.22053,2.689837,0.0
7.432477,21.899659,47.594413,2526.087976,-0.080643,97.078984,7.20283,2.683244,0.0
7.428516,21.931785,47.588161,2522.292758,-0.117055,97.084675,7.187516,2.677539,0.0
7.424563,21.963872,47.579625,2518.513796,-0.15409,97.090357,7.174602,2.672728,0.0
7.420611,21.995907,47.568774,2514.749968,-0.191668,97.096031,7.164099,2.668815,0.0
7.416659,22.027889,47.555579,2511.000117,-0.229714,97.101695,7.156015,2.665804,0.0
7.412714,22.059829,47.540023,2507.263066,-0.268158,97.10735,7.150355,2.663695,0.0
7.408771,22.091722,47.522094,2503.537621,-0.306914,97.112991,7.147122,2.662491,0.0
7.404829,22.12356,47.501777,2499.822562,-0.345899,97.118619,7.146316,2.662191,0.0
7.400886,22.15535,47.479072,2496.116662,-0.385041,97.124242,7.147934,2.662794,0.0
7.396948,22.187095,47.453978,2492.418673,-0.424265,97.129857,7.151972,2.664298,0.0
7.393016,22.218794,47.426494,2488.727326,-0.463488,97.135458,7.15842,2.6667,0.0
7.389086,22.250449,47.396632,2485.041339,-0.502632,97.141046,7.167269,2.669996,0.0
7.38516,22.282055,47.364409,2481.359422,-0.541616,97.146623,7.178506,2.674182,0.0
7.381229,22.31361,47.329845,2477.68028,-0.580365,97.152197,7.192115,2.679252,0.0
7.377308,22.345118,47.292963,2474.002589,-0.618794,97.157759,7.208077,2.685198,0.0
7.373393,22.376576,47.253784,2470.32503,-0.656838,97.163307,7.22637,2.692013,0.0
7.36947,22.407995,47.212351,2466.646277,-0.694404,97.168853,7.246971,2.699687,0.0
7.365557,22.43936,47.168698,2462.965004,-0.731418,97.174381,7.269851,2.708211,0.0
7.361652,22.470681,47.122876,2459.279876,-0.767819,97.179901,7.294981,2.717572,0.0
7.357738,22.501945,47.074808,2455.589192,-0.803472,97.185411,7.322443,2.727803,0.0
7.353834,22.533172,47.024656,2451.891799,-0.83834,97.190911,7.352083,2.738844,0.0
7.349929,22.564347,46.972493,2448.186398,-0.872357,97.196403,7.383854,2.75068,0.0
7.346033,22.595467,46.918372,2444.471649,-0.905447,97.201886,7.417713,2.763293,0.0
7.342138,22.626549,46.862365,2440.746231,-0.937533,97.207352,7.45361,2.776666,0.0
7.338243,22.657581,46.804535,2437.008841,-0.968553,97.212815,7.491492,2.790778,0.0
7.334355,22.688558,46.744956,2433.258179,-0.998435,97.218264,7.531302,2.805608,0.0
7.330469,22.719494,46.683702,2429.492968,-1.027113,97.223707,7.572978,2.821134,0.0
7.326584,22.750382,46.620851,2425.711948,-1.054524,97.22914,7.616456,2.83733,0.0
7.322703,22.781217,46.55649,2421.91387,-1.080608,97.234559,7.661665,2.854172,0.0
7.318828,22.812002,46.490707,2418.097516,-1.105306,97.239969,7.708529,2.87163,0.0
7.314952,22.842742,46.423595,2414.2617,-1.128555,97.245371,7.75697,2.889676,0.0
7.311079,22.873434,46.355245,2410.405256,-1.1503,97.250763,7.806903,2.908277,0.0
7.307213,22.904072,46.285744,2406.52705,-1.170492,97.256147,7.858238,2.9274,0.0
7.303346,22.934658,46.215196,2402.625994,-1.189075,97.261521,7.910881,2.947011,0.0
7.299482,22.965199,46.143709,2398.701035,-1.206012,97.266886,7.964733,2.967073,0.0
7.295625,22.995692,46.071384,2394.751154,-1.221245,97.272243,8.019689,2.987545,0.0
7.291769,23.026124,45.998316,2390.77539,-1.234753,97.277589,8.07564,3.008388,0.0
7.287922,23.056511,45.924616,2386.772826,-1.246477,97.282918,8.132471,3.029559,0.0
7.284074,23.086853,45.850403,2382.742596,-1.256401,97.288248,8.190064,3.051014,0.0
7.280227,23.117139,45.775763,2378.682315,-1.264391,97.293558,8.248321,3.072717,0.0
7.276389,23.147361,45.700835,2374.592696,-1.270523,97.298859,8.307073,3.094603,0.0
7.272559,23.177537,45.625739,2370.47311,-1.274768,97.30416,8.366184,3.116624,0.0
7.268723,23.207668,45.550584,2366.322952,-1.277115,97.309445,8.425518,3.138727,0.0
7.264892,23.237739,45.475474,2362.141692,-1.277555,97.314719,8.484934,3.160861,0.0
7.261071,23.267754,45.400533,2357.928868,-1.27608,97.319985,8.544287,3.182972,0.0
7.257252,23.297716,45.325868,2353.684088,-1.272689,97.325241,8.60343,3.205004,0.0
7.253439,23.327629,45.251587,2349.40705,-1.267387,97.330488,8.662213,3.226902,0.0
7.24963,23.357486,45.177811,2345.097533,-1.260187,97.335727,8.720483,3.248609,0.0
7.245821,23.387285,45.104644,2340.75539,-1.251103,97.340956,8.778089,3.270069,0.0
7.242016,23.41703,45.032192,2336.380561,-1.240147,97.346177,8.834875,3.291223,0.0
7.238216,23.446717,44.960568,2331.973077,-1.227348,97.351388,8.890687,3.312015,0.0
7.234419,23.476349,44.889867,2327.533057,-1.212739,97.35659,8.945371,3.332386,0.0
7.230632,23.505929,44.820193,2323.060706,-1.19635,97.361781,8.998775,3.35228,0.0
7.226851,23.535446,44.751644,2318.556314,-1.178232,97.366958,9.050746,3.371641,0.0
7.22307,23.564904,44.684314,2314.020262,-1.158418,97.372133,9.101136,3.390413,0.0
7.219291,23.594313,44.618297,2309.453028,-1.136968,97.377298,9.1498,3.408541,0.0
7.21552,23.623653,44.553684,2304.85518,-1.113941,97.382447,9.196596,3.425974,0.0
7.211758,23.652946,44.490561,2300.227353,-1.089397,97.387595,9.241387,3.44266,0.0
7.207997,23.682167,44.428995,2295.570288,-1.063405,97.392725,9.284041,3.458549,0.0
7.204244,23.711341,44.369175,2290.883308,-1.03596,97.397855,9.324302,3.473548,0.0
7.200492,23.740442,44.311066,2286.168906,-1.007227,97.402966,9.362169,3.487654,0.0
7.196748,23.769489,44.254736,2281.428097,-0.977275,97.408069,9.397533,3.500828,0.0
7.193005,23.798474,44.20026,2276.661946,-0.946204,97.41317,9.430294,3.513033,0.0
7.18927,23.827395,44.147676,2271.8716,-0.914102,97.418257,9.46036,3.524233,0.0
7.185536,23.856261,44.097034,2267.05827,-0.881059,97.423332,9.487649,3.534399,0.0
7.181816,23.885066,44.048376,2262.223219,-0.847171,97.428398,9.512088,3.543503,0.0
7.178095,23.913809,44.001747,2257.367788,-0.812535,97.433456,9.533617,3.551523,0.0
7.174382,23.942488,43.957177,2252.493358,-0.77726,97.438504,9.552183,3.558439,0.0
7.170678,23.971104,43.914687,2247.601362,-0.741451,97.443543,9.567747,3.564237,0.0
7.166973,23.999657,43.874294,2242.693276,-0.705215,97.448574,9.58028,3.568906,0.0
7.163272,24.028147,43.836011,2237.770607,-0.668653,97.453595,9.589766,3.57244,0.0
7.15958,24.056578,43.799843,2232.834907,-0.631875,97.458607,9.596199,3.574837,0.0
7.155894,24.084949,43.765793,2227.887752,-0.594997,97.463611,9.599585,3.576098,0.0
7.152213,24.11325,43.733859,2222.930728,-0.558125,97.468603,9.599942,3.576231,0.0
7.148544,24.141488,43.70402,2217.965438,-0.521367,97.473581,9.597299,3.575246,0.0
7.144871,24.169664,43.676262,2212.993502,-0.48483,97.478557,9.591694,3.573159,0.0
7.141213,24.197777,43.650556,2208.01653,-0.448635,97.483523,9.58318,3.569987,0.0
7.137556,24.225835,43.626889,2203.036142,-0.412871,97.488473,9.571817,3.565754,0.0
7.133899,24.253821,43.605202,2198.053928,-0.377656,97.493422,9.557676,3.560486,0.0
7.130251,24.281741,43.585575,2193.071581,-0.343134,97.498352,9.540695,3.55416,0.0
7.126612,24.309598,43.567849,2188.090747,-0.309377,97.503283,9.521115,3.546866,0.0
7.122982,24.337392,43.55197,2183.112972,-0.27647,97.508196,9.499038,3.538641,0.0
7.119353,24.365115,43.53788,2178.139764,-0.244514,97.513108,9.474569,3.529526,0.0
7.115731,24.39278,43.525519,2173.172596,-0.213604,97.518004,9.447823,3.519563,0.0
7.112119,24.420385,43.514814,2168.21289,-0.183825,97.522889,9.418918,3.508795,0.0
7.108509,24.447927,43.505702,2163.262031,-0.155264,97.527766,9.387981,3.49727,0.0
7.104905,24.4754,43.498105,2158.321367,-0.127987,97.532633,9.355139,3.485035,0.0
7.101305,24.502811,43.491948,2153.392175,-0.102074,97.537491,9.320527,3.472142,0.0
7.097709,24.530164,43.487149,2148.475695,-0.077601,97.542341,9.284283,3.45864,0.0
7.094123,24.557454,43.483624,2143.573103,-0.054627,97.547181,9.246545,3.444581,0.0
7.090546,24.584677,43.481288,2138.68551,-0.033214,97.552012,9.207456,3.43002,0.0
7.086974,24.611835,43.480047,2133.813985,-0.013417,97.556835,9.167158,3.415008,0.0
7.083402,24.638935,43.479811,2128.959513,0.004718,97.561648,9.125795,3.399599,0.0
7.079835,24.665976,43.48049,2124.123021,0.021138,97.56645,9.08351,3.383847,0.0
7.076282,24.692958,43.481986,2119.305376,0.035816,97.571238,9.040447,3.367804,0.0
7.072731,24.71987,43.484209,2114.507373,0.048702,97.576023,8.996748,3.351525,0.0
7.069187,24.74672,43.487053,2109.729752,0.059784,97.580792,8.952553,3.335061,0.0
7.065644,24.773515,43.49043,2104.97317,0.069028,97.58556,8.908,3.318464,0.0
7.06211,24.800247,43.49423,2100.238225,0.076409,97.59031,8.863226,3.301785,0.0
7.058586,24.826913,43.498371,2095.526704,0.081824,97.595059,8.818366,3.285074,0.0
7.055062,24.853525,43.502738,2090.837853,0.085358,97.599791,8.773564,3.268383,0.0
7.051546,24.880074,43.507228,2086.172072,0.087012,97.604514,8.728943,3.251761,0.0
7.048031,24.906561,43.511739,2081.529662,0.086792,97.609227,8.684627,3.235252,0.0
7.044523,24.932991,43.516176,2076.910886,0.084701,97.613931,8.640732,3.2189,0.0
7.041025,24.959361,43.520447,2072.315948,0.080744,97.618627,8.597373,3.202748,0.0
7.037535,24.985675,43.524463,2067.744967,0.074951,97.623313,8.554659,3.186836,0.0
7.034049,25.011928,43.528123,2063.198011,0.067331,97.627991,8.512695,3.171203,0.0
7.030563,25.038124,43.531337,2058.675096,0.057911,97.632659,8.471581,3.155887,0.0
7.027081,25.064266,43.534019,2054.176174,0.046724,97.637318,8.431412,3.140923,0.0
7.023609,25.090349,43.53608,2049.701146,0.033801,97.641964,8.392279,3.126345,0.0
7.020145,25.116373,43.53744,2045.249852,0.019174,97.6466,8.354269,3.112185,0.0
7.016688,25.14234,43.538017,2040.822076,0.002886,97.651229,8.317463,3.098474,0.0
7.01323,25.168247,43.537727,2036.41756,-0.015019,97.655846,8.281937,3.08524,0.0
7.009774,25.1941,43.536491,2032.035994,-0.0345,97.660458,8.247765,3.072509,0.0
7.006328,25.219899,43.53424,2027.677005,-0.055499,97.665056,8.215013,3.060309,0.0
7.00289,25.245644,43.530905,2023.340195,-0.077963,97.669651,8.183745,3.04866,0.0
6.999461,25.271335,43.52642,2019.025115,-0.101835,97.674228,8.15402,3.037587,0.0
6.996032,25.296971,43.520717,2014.731269,-0.127071,97.678797,8.125891,3.027108,0.0
6.992602,25.322544,43.513734,2010.458117,-0.153604,97.683357,8.09941,3.017243,0.0
6.989182,25.34807,43.505337,2006.206155,-0.181428,97.687908,8.074717,3.008045,0.0
6.985771,25.373533,43.495537,2001.973606,-0.210404,97.692449,8.051764,2.999494,0.0
6.982361,25.398941,43.484298,1997.759823,-0.240481,97.696981,8.030587,2.991605,0.0
6.978958,25.424304,43.471571,1993.564105,-0.271568,97.701505,8.011219,2.98439,0.0
6.975565,25.449606,43.457313,1989.385723,-0.303609,97.706019,7.99369,2.97786,0.0
6.972174,25.47486,43.441475,1985.223926,-0.336532,97.710518,7.978026,2.972025,0.0
6.968782,25.500062,43.42403,1981.077919,-0.370254,97.715011,7.964249,2.966892,0.0
6.965403,25.525209,43.404956,1976.946887,-0.404702,97.719498,7.952377,2.96247,0.0
6.962025,25.550303,43.384217,1972.829982,-0.439802,97.723971,7.942427,2.958763,0.0
6.958653,25.575343,43.361785,1968.726333,-0.475479,97.728436,7.934409,2.955776,0.0
6.955286,25.600329,43.337648,1964.63505,-0.51165,97.732892,7.928332,2.953512,0.0
6.951921,25.625265,43.311793,1960.555212,-0.548236,97.737334,7.924202,2.951974,0.0
6.948568,25.650149,43.284206,1956.485883,-0.585159,97.74177,7.922021,2.951161,0.0
6.945214,25.674976,43.25488,1952.426112,-0.622338,97.746201,7.921786,2.951074,0.0
6.941863,25.699758,43.223807,1948.374913,-0.659688,97.750616,7.923495,2.95171,0.0
6.938521,25.724491,43.190993,1944.331307,-0.69714,97.755021,7.927139,2.953068,0.0
6.935187,25.749164,43.156449,1940.29428,-0.734598,97.75942,7.932707,2.955142,0.0
6.931854,25.773791,43.120172,1936.262815,-0.771993,97.763816,7.940186,2.957928,0.0
6.928529,25.798363,43.082184,1932.235896,-0.809248,97.768195,7.949559,2.96142,0.0
6.925204,25.822882,43.042485,1928.212464,-0.846268,97.772565,7.960808,2.96561,0.0
6.921888,25.847354,43.00102,1924.191556,-0.882957,97.776925,7.974006,2.970527,0.0
6.918582,25.871771,42.957909,1920.171919,-0.919258,97.781277,7.989024,2.976122,0.0
6.915276,25.896135,42.913168,1916.152506,-0.955079,97.785619,8.005832,2.982383,0.0
6.91197,25.920444,42.866837,1912.132249,-0.990351,97.789953,8.024396,2.989299,0.0
6.908679,25.944707,42.818946,1908.110091,-1.024997,97.79427,8.04468,2.996855,0.0
6.905385,25.968918,42.769532,1904.084979,-1.058941,97.798582,8.066643,3.005037,0.0
6.902102,25.993075,42.718639,1900.055858,-1.092113,97.802889,8.090241,3.013828,0.0
6.898818,26.017184,42.666314,1896.021694,-1.124433,97.807186,8.115429,3.023211,0.0
6.895542,26.041242,42.612605,1891.98144,-1.155839,97.811475,8.142156,3.033167,0.0
6.892275,26.065247,42.557557,1887.934068,-1.186259,97.815754,8.170367,3.043677,0.0
6.889011,26.089197,42.501231,1883.878571,-1.215621,97.82002,8.200007,3.054718,0.0
6.885753,26.113098,42.443684,1879.81395,-1.243867,97.824276,8.231014,3.066269,0.0
6.882498,26.13695,42.38497,1875.739225,-1.270936,97.828528,8.263326,3.078306,0.0
6.879249,26.160748,42.325159,1871.653438,-1.296766,97.832772,8.296873,3.090804,0.0
6.876002,26.184492,42.264306,1867.555647,-1.321295,97.837006,8.331587,3.103735,0.0
6.872765,26.208182,42.20248,1863.444941,-1.344472,97.84123,8.367392,3.117074,0.0
6.869535,26.231819,42.139756,1859.320432,-1.366253,97.845438,8.404211,3.13079,0.0
6.866306,26.25541,42.076195,1855.181267,-1.386582,97.849645,8.441963,3.144853,0.0
6.863086,26.278938,42.011873,1851.026631,-1.405423,97.853844,8.480565,3.159234,0.0
6.859865,26.302422,41.946867,1846.855687,-1.422722,97.858033,8.519931,3.173899,0.0
6.856654,26.325848,41.881215,1842.666751,-1.438351,97.862213,8.560001,3.188825,0.0
6.853452,26.349212,41.815041,1838.460016,-1.452379,97.866384,8.600638,3.203964,0.0
6.850251,26.372529,41.748421,1834.234792,-1.464763,97.870546,8.641749,3.219279,0.0
6.847058,26.395793,41.681433,1829.99048,-1.475476,97.874699,8.683234,3.234733,0.0
6.843866,26.419004,41.614152,1825.726498,-1.4845,97.878843,8.724993,3.250289,0.0
6.840688,26.442161,41.546654,1821.442326,-1.491825,97.882978,8.766923,3.26591,0.0
6.837508,26.465263,41.47903,1817.137492,-1.497436,97.887104,8.80892,3.281555,0.0
6.834338,26.488306,41.411349,1812.811573,-1.501316,97.89122,8.850879,3.297185,0.0
6.831174,26.511296,41.343697,1808.46421,-1.50347,97.895328,8.892693,3.312762,0.0
6.828016,26.534232,41.276153,1804.095092,-1.503901,97.899427,8.934253,3.328244,0.0
6.824862,26.557109,41.208788,1799.703966,-1.502608,97.903517,8.975451,3.343592,0.0
6.821712,26.579932,41.14168,1795.290643,-1.499604,97.907602,9.01618,3.358764,0.0
6.818571,26.602701,41.074908,1790.854991,-1.494909,97.91168,9.056331,3.373722,0.0
6.815439,26.625413,41.008549,1786.396938,-1.488547,97.915746,9.095797,3.388424,0.0
6.812314,26.648064,40.942667,1781.916481,-1.480536,97.919807,9.134472,3.402831,0.0
6.80919,26.670662,40.877347,1777.41367,-1.470906,97.923854,9.17225,3.416904,0.0
6.806074,26.693204,40.812642,1772.888611,-1.459699,97.927898,9.209029,3.430606,0.0
6.802961,26.715684,40.74863,1768.341501,-1.446949,97.931926,9.244708,3.443897,0.0
6.799864,26.73811,40.685376,1763.772567,-1.432707,97.935953,9.27919,3.456743,0.0
6.796767,26.760482,40.622934,1759.182066,-1.417014,97.939971,9.312377,3.469105,0.0
6.79367,26.782787,40.561412,1754.569317,-1.39986,97.94398,9.344102,3.480924,0.0
6.790591,26.80503,40.500834,1749.935895,-1.381393,97.94798,9.374348,3.492191,0.0
6.787513,26.827218,40.441244,1745.282294,-1.361662,97.951971,9.403033,3.502877,0.0
6.784443,26.849352,40.382692,1740.609068,-1.340736,97.955953,9.430082,3.512954,0.0
6.781382,26.871425,40.325228,1735.916818,-1.318688,97.959926,9.455423,3.522394,0.0
6.778323,26.893434,40.268883,1731.206216,-1.295597,97.96389,9.478992,3.531174,0.0
6.775271,26.915381,40.213709,1726.477964,-1.271544,97.967851,9.500729,3.539271,0.0
6.772227,26.93727,40.159728,1721.73282,-1.24661,97.971801,9.520581,3.546667,0.0
6.769193,26.959106,40.106977,1716.971595,-1.220875,97.975743,9.538503,3.553343,0.0
6.766162,26.980878,40.055482,1712.195137,-1.194429,97.979681,9.554455,3.559286,0.0
6.763136,27.002586,40.005265,1707.404332,-1.167363,97.983604,9.568404,3.564482,0.0
6.760119,27.024237,39.956344,1702.600104,-1.139769,97.987518,9.580326,3.568923,0.0
6.757111,27.045824,39.90873,1697.783415,-1.111744,97.991429,9.590201,3.572602,0.0
6.754113,27.067349,39.862441,1692.955255,-1.083384,97.99533,9.598021,3.575515,0.0
6.75112,27.088813,39.817481,1688.11664,-1.05478,97.999225,9.603781,3.577661,0.0
6.74813,27.110221,39.773845,1683.268607,-1.026028,98.003116,9.607486,3.579041,0.0
6.745148,27.131566,39.731531,1678.412218,-0.997224,98.00699,9.609147,3.57966,0.0
6.742176,27.152849,39.690539,1673.54854,-0.968483,98.010857,9.608782,3.579524,0.0
6.739212,27.174068,39.650851,1668.678675,-0.939882,98.014722,9.606417,3.578643,0.0
6.736248,27.195224,39.612462,1663.803685,-0.911526,98.01857,9.602078,3.577027,0.0
6.733293,27.216323,39.57541,1658.924545,-0.883538,98.022417,9.595712,3.574655,0.0
6.730357,27.23735,39.539608,1654.042639,-0.856001,98.026256,9.587469,3.571584,0.0
6.727413,27.258322,39.505032,1649.159046,-0.828998,98.030085,9.577401,3.567834,0.0
6.724484,27.279224,39.471648,1644.274854,-0.802631,98.033905,9.565567,3.563425,0.0
6.721566,27.300069,39.439414,1639.391144,-0.776979,98.037717,9.55203,3.558382,0.0
6.718649,27.320853,39.408303,1634.508979,-0.752132,98.041519,9.536858,3.552731,0.0
6.715739,27.341575,39.378275,1629.629411,-0.728179,98.045313,9.520126,3.546497,0.0
6.712838,27.362239,39.349282,1624.75346,-0.705197,98.049097,9.50191,3.539712,0.0
6.709946,27.382838,39.321279,1619.882128,-0.683258,98.052878,9.482292,3.532403,0.0
6.707058,27.403375,39.294218,1615.016393,-0.662439,98.056649,9.461357,3.524604,0.0
6.704179,27.423849,39.268048,1610.157202,-0.642813,98.060411,9.439191,3.516347,0.0
6.701311,27.444259,39.242714,1605.305478,-0.624442,98.064165,9.415886,3.507665,0.0
6.698445,27.464612,39.21816,1600.46211,-0.607392,98.067908,9.391534,3.498593,0.0
6.695589,27.484902,39.19433,1595.627944,-0.591718,98.071648,9.366228,3.489167,0.0
6.692739,27.505131,39.171159,1590.803795,-0.577475,98.075379,9.340065,3.47942,0.0
6.689893,27.525302,39.148594,1585.99044,-0.564715,98.079101,9.313141,3.46939,0.0
6.687062,27.545404,39.126569,1581.188619,-0.553475,98.082814,9.285553,3.459113,0.0
6.684232,27.565452,39.105029,1576.39903,-0.543796,98.086517,9.257397,3.448624,0.0
6.681411,27.585436,39.083891,1571.622326,-0.535721,98.090212,9.228771,3.43796,0.0
6.678599,27.605357,39.063106,1566.859157,-0.52928,98.093898,9.199771,3.427157,0.0
6.675787,27.625221,39.042624,1562.110818,-0.524591,98.097575,9.170484,3.416247,0.0
6.672993,27.645022,39.022339,1557.377119,-0.521576,98.101242,9.141025,3.405272,0.0
6.6702,27.66476,39.002202,1552.658537,-0.520261,98.104909,9.111485,3.394268,0.0
6.667415,27.684444,38.982138,1547.955492,-0.520646,98.10856,9.081958,3.383268,0.0
6.664639,27.704065,38.962091,1543.268354,-0.522747,98.1122,9.05253,3.372306,0.0
6.661865,27.723624,38.941991,1538.59747,-0.52656,98.115839,9.02329,3.361413,0.0
6.659104,27.743126,38.921773,1533.94312,-0.532083,98.119471,8.994322,3.350622,0.0
6.656349,27.762568,38.901373,1529.305556,-0.539315,98.123088,8.965708,3.339962,0.0
6.6536,27.781953,38.880722,1524.684971,-0.548236,98.126698,8.937527,3.329464,0.0
6.650859,27.801279,38.859767,1520.081519,-0.558831,98.130298,8.909857,3.319156,0.0
6.648123,27.820546,38.838448,1515.495316,-0.571086,98.133889,8.882769,3.309065,0.0
6.645395,27.839755,38.816701,1510.926427,-0.584972,98.137476,8.856336,3.299218,0.0
6.642679,27.858905,38.794473,1506.37488,-0.600459,98.141053,8.830624,3.28964,0.0
6.639965,27.877998,38.771709,1501.840648,-0.617518,98.144622,8.805698,3.280354,0.0
6.637257,27.89703,38.748345,1497.323685,-0.636112,98.148182,8.781619,3.271384,0.0
6.634554,27.916008,38.724332,1492.823892,-0.6562,98.151733,8.758444,3.262751,0.0
6.631865,27.934931,38.699627,1488.34113,-0.677738,98.155275,8.736228,3.254475,0.0
6.629178,27.953792,38.674177,1483.875219,-0.700683,98.158808,8.715022,3.246575,0.0
6.626499,27.972598,38.647934,1479.425943,-0.724984,98.162332,8.694873,3.239069,0.0
6.62383,27.991351,38.62085,1474.993129,-0.750596,98.165847,8.67583,3.231975,0.0
6.62116,28.010047,38.592848,1470.577228,-0.777513,98.169352,8.65799,3.225329,0.0
6.618509,28.028679,38.563919,1466.177068,-0.805619,98.172849,8.641335,3.219125,0.0
6.615858,28.047258,38.534047,1461.792302,-0.834853,98.176336,8.625898,3.213374,0.0
6.613208,28.065782,38.503174,1457.422532,-0.865141,98.179815,8.611708,3.208088,0.0
6.610573,28.084252,38.471285,1453.067345,-0.896427,98.183292,8.598792,3.203276,0.0
6.607941,28.102661,38.438352,1448.726282,-0.928634,98.186755,8.587175,3.198949,0.0
6.605316,28.121021,38.404346,1444.39887,-0.961703,98.190206,8.576877,3.195112,0.0
6.6027,28.139323,38.369242,1440.084608,-0.995557,98.193649,8.567914,3.191773,0.0
6.600088,28.157568,38.333021,1435.78297,-1.030129,98.197088,8.560301,3.188937,0.0
6.597485,28.175763,38.295665,1431.493401,-1.065345,98.200517,8.554049,3.186608,0.0
6.594892,28.193905,38.257161,1427.215322,-1.101123,98.203936,8.549165,3.184789,0.0
6.592298,28.211988,38.217501,1422.948136,-1.137392,98.207348,8.545653,3.183481,0.0
6.589712,28.230017,38.176677,1418.691229,-1.174076,98.210749,8.543516,3.182685,0.0
6.587137,28.247991,38.13468,1414.443976,-1.211096,98.214144,8.542752,3.1824,0.0
6.584565,28.265912,38.091505,1410.205718,-1.24838,98.217526,8.543356,3.182625,0.0
6.582002,28.283779,38.047152,1405.975781,-1.285842,98.220904,8.545321,3.183357,0.0
6.579447,28.301592,38.001629,1401.753493,-1.323402,98.224267,8.548636,3.184592,0.0
6.576893,28.319351,37.954937,1397.538163,-1.360996,98.227629,8.553288,3.186325,0.0
6.574347,28.337056,37.907086,1393.329085,-1.398533,98.230982,8.55926,3.188549,0.0
6.571811,28.354716,37.858086,1389.125556,-1.435943,98.234326,8.566539,3.191261,0.0
6.569284,28.37231,37.807885,1384.927042,-1.473126,98.237651,8.575161,3.194473,0.0
6.566757,28.389849,37.756567,1380.732535,-1.510012,98.240976,8.585034,3.198151,0.0
6.564238,28.407344,37.704151,1376.541289,-1.546534,98.244292,8.59613,3.202284,0.0
6.561729,28.424777,37.650653,1372.352587,-1.582615,98.2476,8.608417,3.206862,0.0
6.559228,28.442162,37.596105,1368.165679,-1.618187,98.250898,8.621864,3.211871,0.0
6.55673,28.459489,37.540526,1363.979841,-1.653166,98.254195,8.636432,3.217298,0.0
6.554238,28.476765,37.483948,1359.794342,-1.687496,98.257478,8.652084,3.223129,0.0
6.551755,28.493984,37.426403,1355.608459,-1.721105,98.26075,8.668777,3.229348,0.0
6.549281,28.511152,37.367921,1351.421462,-1.753924,98.264012,8.686469,3.235938,0.0
6.546811,28.528269,37.308532,1347.232647,-1.78589,98.26727,8.705112,3.242883,0.0
6.544346,28.545332,37.248274,1343.041316,-1.816942,98.27052,8.724657,3.250164,0.0
6.541889,28.562341,37.18719,1338.846774,-1.847021,98.273759,8.745055,3.257763,0.0
6.539442,28.579297,37.125318,1334.64835,-1.876075,98.276995,8.766251,3.265659,0.0
6.537,28.596198,37.062697,1330.445385,-1.904053,98.280219,8.788189,3.273832,0.0
6.534561,28.613045,36.999368,1326.237238,-1.930894,98.28343,8.810814,3.28226,0.0
6.532131,28.629841,36.935375,1322.023276,-1.956556,98.286639,8.834064,3.290921,0.0
6.529709,28.646588,36.870769,1317.802905,-1.981004,98.289839,8.857879,3.299793,0.0
6.527288,28.663273,36.805592,1313.575551,-2.004188,98.29303,8.882196,3.308852,0.0
6.524885,28.679905,36.739887,1309.340644,-2.026065,98.296213,8.90695,3.318073,0.0
6.522481,28.696482,36.673702,1305.097616,-2.046613,98.299395,8.932077,3.327434,0.0
6.520087,28.713012,36.607073,1300.845549,-2.065724,98.302559,8.95752,3.336912,0.0
6.517693,28.729479,36.540065,1296.584385,-2.083449,98.305722,8.98319,3.346474,0.0
6.515316,28.745891,36.472739,1292.313684,-2.099771,98.308868,9.009018,3.356096,0.0
6.512941,28.762257,36.40513,1288.033034,-2.114658,98.312013,9.034935,3.365751,0.0
6.510574,28.778564,36.337294,1283.742073,-2.128111,98.31515,9.060871,3.375413,0.0
6.508215,28.794814,36.269283,1279.440464,-2.140121,98.318278,9.086753,3.385055,0.0
6.50586,28.81101,36.201143,1275.127908,-2.150681,98.321397,9.112513,3.394651,0.0
6.50351,28.827153,36.132922,1270.804134,-2.159792,98.324513,9.138078,3.404174,0.0
6.501174,28.843241,36.06467,1266.468923,-2.16746,98.327618,9.163379,3.4136,0.0
6.498842,28.859271,35.996434,1262.122093,-2.173698,98.330715,9.188347,3.422901,0.0
6.496514,28.875246,35.928261,1257.763492,-2.178522,98.333807,9.212912,3.432052,0.0
6.4942,28.891172,35.860193,1253.393009,-2.181947,98.336891,9.237007,3.441028,0.0
6.491891,28.907041,35.792273,1249.010578,-2.183994,98.339965,9.260566,3.449804,0.0
6.489586,28.92285,35.72455,1244.616178,-2.184697,98.343033,9.283524,3.458357,0.0
6.487289,28.938605,35.657068,1240.209819,-2.184081,98.346097,9.305819,3.466662,0.0
6.485002,28.954306,35.589857,1235.791549,-2.182189,98.349146,9.32739,3.474698,0.0
6.482722,28.969951,35.522959,1231.361475,-2.179069,98.352194,9.348178,3.482442,0.0
6.480443,28.985535,35.456416,1226.919721,-2.174748,98.355233,9.368128,3.489874,0.0
6.478173,29.001064,35.390262,1222.466468,-2.169279,98.358263,9.387187,3.496974,0.0
6.475922,29.016539,35.324533,1218.001867,-2.162724,98.361284,9.405299,3.503721,0.0
6.47367,29.031958,35.259287,1213.525709,-2.155083,98.364305,9.42237,3.510081,0.0
6.471419,29.047313,35.194517,1209.038849,-2.146487,98.367308,9.438406,3.516055,0.0
6.469184,29.062614,35.130257,1204.541617,-2.136979,98.37031,9.453367,3.521628,0.0
6.466952,29.077861,35.066535,1200.034387,-2.126634,98.373304,9.467217,3.526787,0.0
6.464734,29.093054,35.003375,1195.51756,-2.115535,98.376296,9.479925,3.531521,0.0
6.462521,29.108186,34.940789,1190.991573,-2.10374,98.379275,9.491463,3.53582,0.0
6.460314,29.123255,34.878791,1186.456894,-2.091326,98.382248,9.501809,3.539674,0.0
6.458116,29.138273,34.817406,1181.914022,-2.078377,98.385216,9.510943,3.543076,0.0
6.455921,29.153235,34.756641,1177.363478,-2.064968,98.388174,9.51885,3.546022,0.0
6.453737,29.168134,34.696508,1172.80581,-2.051181,98.391124,9.52552,3.548507,0.0
6.451561,29.182974,34.637013,1168.24159,-2.037102,98.394069,9.530947,3.550528,0.0
6.449394,29.19776,34.578157,1163.671418,-2.022814,98.39701,9.535128,3.552086,0.0
6.447237,29.212493,34.519944,1159.095909,-2.008403,98.399942,9.538067,3.553181,0.0
6.445084,29.227165,34.462376,1154.515696,-1.993951,98.402865,9.53977,3.553815,0.0
6.442937,29.241773,34.405447,1149.931434,-1.97954,98.405779,9.540248,3.553993,0.0
6.440794,29.256332,34.349152,1145.343785,-1.965259,98.408686,9.539516,3.553721,0.0
6.438667,29.27083,34.293479,1140.753413,-1.9512,98.411591,9.537594,3.553005,0.0
6.436549,29.285272,34.238425,1136.161019,-1.937446,98.414488,9.534504,3.551854,0.0
6.434431,29.299652,34.183973,1131.567285,-1.924075,98.417375,9.530273,3.550277,0.0
6.432322,29.313968,34.130119,1126.972899,-1.911174,98.420253,9.524925,3.548285,0.0
6.430223,29.328237,34.07686,1122.378635,-1.898868,98.423132,9.518451,3.545873,0.0
6.428132,29.342434,34.02415,1117.785204,-1.887192,98.425992,9.510942,3.543076,0.0
6.426051,29.356584,33.971972,1113.193319,-1.876239,98.428852,9.502439,3.539909,0.0
6.423978,29.370674,33.920293,1108.603663,-1.866086,98.431703,9.492987,3.536387,0.0
6.421915,29.3847,33.869095,1104.01693,-1.856803,98.434553,9.482631,3.53253,0.0
6.419853,29.398671,33.818345,1099.433797,-1.848458,98.437389,9.47142,3.528353,0.0
6.417798,29.412587,33.768024,1094.854941,-1.841117,98.44022,9.459404,3.523877,0.0
6.415758,29.426444,33.718096,1090.281024,-1.834857,98.443045,9.446638,3.519121,0.0
6.413725,29.440243,33.668524,1085.712685,-1.82973,98.445861,9.433174,3.514105,0.0
6.411697,29.453983,33.619284,1081.150562,-1.82579,98.448668,9.419068,3.508851,0.0
6.409678,29.467664,33.570342,1076.595275,-1.8231,98.451471,9.404378,3.503378,0.0
6.407664,29.481288,33.521657,1072.047414,-1.821713,98.454265,9.389162,3.49771,0.0
6.405657,29.494852,33.473202,1067.507563,-1.82167,98.457049,9.373479,3.491868,0.0
6.403662,29.508362,33.424937,1062.976285,-1.823018,98.459829,9.357387,3.485873,0.0
6.40167,29.521818,33.376816,1058.454116,-1.825798,98.462603,9.340947,3.479749,0.0
6.399688,29.535218,33.328813,1053.941578,-1.830044,98.465373,9.324219,3.473517,0.0
6.397722,29.548555,33.280883,1049.439155,-1.835787,98.468128,9.307261,3.467199,0.0
6.395756,29.561831,33.232985,1044.947311,-1.843045,98.470881,9.290133,3.460819,0.0
6.393799,29.575061,33.185085,1040.466504,-1.851852,98.473617,9.272894,3.454397,0.0
6.391842,29.588228,33.13715,1035.99722,-1.862235,98.476353,9.255602,3.447955,0.0
6.389904,29.601338,33.089129,1031.540388,-1.87427,98.479079,9.238319,3.441517,0.0
6.387966,29.614385,33.040982,1027.095784,-1.88789,98.481806,9.221103,3.435103,0.0
6.386045,29.627386,32.992676,1022.663764,-1.903101,98.484515,9.204008,3.428735,0.0
6.384126,29.640326,32.944176,1018.244615,-1.919906,98.487223,9.187088,3.422432,0.0
6.382215,29.653203,32.895441,1013.83861,-1.938295,98.489923,9.170395,3.416214,0.0
6.380312,29.666031,32.846428,1009.446005,-1.958262,98.492607,9.15398,3.410098,0.0
6.378419,29.678807,32.797115,1005.067019,-1.979798,98.495286,9.13789,3.404105,0.0
6.376528,29.691524,32.747459,1000.701837,-2.002881,98.497965,9.122173,3.398249,0.0
2.933023,13.571135,46.974673,3068.351805,-1.192904,69.403979,7.036649,2.621337,0.0
0.067834,0.067834,58.894274,4802.777573,-0.507188,45.000174,5.313406,1.979384,0.0
0.110941,0.110941,58.833476,4800.068658,-0.511051,45.000334,5.352994,1.994131,0.0
0.154024,0.154024,58.772287,4797.339497,-0.514321,45.000535,5.393123,2.00908,0.0
0.197085,0.197085,58.710777,4794.589682,-0.516985,45.00078,5.433744,2.024213,0.0
0.24012,0.240123,58.649024,4791.818807,-0.519031,45.001067,5.474808,2.03951,0.0
0.28313,0.28314,58.587101,4789.026513,-0.520449,45.001393,5.516261,2.054952,0.0
0.326118,0.32613,58.525079,4786.212457,-0.521244,45.001761,5.558048,2.070519,0.0
0.369073,0.369093,58.463034,4783.376322,-0.521408,45.002168,5.600113,2.086189,0.0
0.412009,0.41203,58.401042,4780.517831,-0.520933,45.002618,5.642395,2.101941,0.0
0.454918,0.454948,58.33918,4777.636731,-0.519819,45.003104,5.684835,2.117751,0.0
0.4978,0.49783,58.277527,4774.732646,-0.518052,45.003636,5.727368,2.133595,0.0
0.540663,0.540703,58.216175,4771.804406,-0.515606,45.004216,5.769928,2.14945,0.0
0.58349,0.583539,58.155192,4768.852984,-0.512511,45.004831,5.812441,2.165287,0.0
0.626307,0.62634,58.094384,4765.878776,-0.51313,44.978034,5.855065,2.181166,-15.183065
0.669114,0.669097,58.033548,4762.88207,-0.513683,44.947603,5.897963,2.197146,-18.0
0.71192,0.711801,57.972717,4759.862641,-0.513624,44.916966,5.941103,2.213217,-18.0
0.754719,0.754458,57.911966,4756.820234,-0.512946,44.886123,5.984426,2.229356,-18.0
0.797515,0.797064,57.851379,4753.75462,-0.511653,44.855066,6.027869,2.24554,-18.0
0.840312,0.839622,57.791016,4750.665608,-0.509743,44.823798,6.071365,2.261743,-18.0
0.883103,0.882129,57.73095,4747.553048,-0.507217,44.792324,6.11485,2.277943,-18.0
0.925885,0.924587,57.671262,4744.416809,-0.504074,44.760633,6.158255,2.294112,-18.0
0.968662,0.966996,57.612024,4741.256802,-0.50031,44.728726,6.201511,2.310226,-18.0
1.01144,1.009351,57.553299,4738.072984,-0.49593,44.696612,6.244546,2.326258,-18.0
1.05421,1.051652,57.49516,4734.86534,-0.49094,44.664287,6.287289,2.342181,-18.0
1.096971,1.093901,57.437688,4731.633897,-0.485348,44.63175,6.329667,2.357968,-18.0
1.139737,1.136104,57.380941,4728.378729,-0.479155,44.599005,6.371607,2.373591,-18.0
1.182493,1.178252,57.324998,4725.099935,-0.47237,44.566054,6.413033,2.389023,-18.0
1.225242,1.220346,57.269914,4721.797674,-0.465003,44.532896,6.453871,2.404237,-18.0
1.26799,1.262387,57.215764,4718.472131,-0.457069,44.49954,6.494046,2.419203,-18.0
1.31073,1.304373,57.162616,4715.123544,-0.448569,44.465978,6.533484,2.433895,-18.0
1.353469,1.346305,57.110539,4711.752004,-0.439506,44.432226,6.572102,2.448281,-18.0
1.396199,1.38819,57.05964,4708.356963,-0.429896,44.398265,6.609787,2.46232,-18.0
1.43892,1.430012,57.009938,4704.93988,-0.419764,44.364125,6.646504,2.475998,-18.0
1.48164,1.471779,56.961483,4701.501161,-0.409128,44.329805,6.682181,2.489288,-18.0
1.524353,1.513492,56.914326,4698.041247,-0.398011,44.295297,6.716749,2.502166,-18.0
1.567056,1.555152,56.868534,4694.560646,-0.386424,44.260622,6.750137,2.514604,-18.0
1.609758,1.59675,56.824154,4691.059877,-0.374383,44.225785,6.782281,2.526578,-18.0
1.652453,1.638298,56.781227,4687.539509,-0.361925,44.190786,6.813115,2.538064,-18.0
1.695139,1.67979,56.739803,4684.00016,-0.349061,44.155631,6.842577,2.54904,-18.0
1.737821,1.721224,56.699927,4680.442468,-0.335815,44.120334,6.870609,2.559482,-18.0
1.780494,1.762599,56.661642,4676.867118,-0.322209,44.084897,6.897154,2.569371,-18.0
1.823157,1.803919,56.624985,4673.274831,-0.30827,44.049325,6.92216,2.578687,-18.0
1.865821,1.845187,56.589987,4669.66635,-0.294027,44.013631,6.945577,2.58741,-18.0
1.908477,1.886392,56.556681,4666.042458,-0.279504,43.977823,6.967361,2.595525,-18.0
1.951122,1.927537,56.525098,4662.403958,-0.264722,43.941911,6.98747,2.603016,-18.0
1.993764,1.968628,56.495258,4658.751691,-0.249716,43.905899,7.005867,2.60987,-18.0
2.036396,2.009665,56.467182,4655.086521,-0.234516,43.869794,7.022518,2.616073,-18.0
2.07902,2.050646,56.440905,4651.409333,-0.219142,43.833615,7.037396,2.621615,-18.0
2.121635,2.091565,56.41642,4647.721024,-0.203628,43.797359,7.050476,2.626488,-18.0
2.164242,2.132421,56.393745,4644.022521,-0.188015,43.761048,7.061741,2.630684,-18.0
2.206848,2.173222,56.372912,4640.314689,-0.172312,43.724673,7.07116,2.634193,-18.0
2.249436,2.213967,56.353983,4636.598243,-0.156571,43.688261,7.078653,2.636984,-18.0
2.292023,2.254649,56.33689,4632.874571,-0.140804,43.651822,7.084302,2.639089,-18.0
2.334594,2.295277,56.321616,4629.144659,-0.125059,43.615355,7.088109,2.640507,-18.0
2.377162,2.335842,56.30816,4625.409468,-0.109366,43.578878,7.090082,2.641242,-18.0
2.419723,2.376345,56.296506,4621.669982,-0.093748,43.542391,7.090231,2.641298,-18.0
2.462275,2.416798,56.286653,4617.927194,-0.078233,43.505917,7.088573,2.64068,-18.0
2.504818,2.457187,56.278574,4614.182071,-0.062858,43.46946,7.08513,2.639397,-18.0
2.547352,2.497516,56.272247,4610.435587,-0.047653,43.433027,7.079926,2.637459,-18.0
2.589877,2.537791,56.26765,4606.688703,-0.03265,43.396632,7.072993,2.634876,-18.0
2.632393,2.578012,56.264761,4602.94238,-0.017873,43.360282,7.064365,2.631662,-18.0
2.6749,2.61817,56.263547,4599.19756,-0.003343,43.323986,7.054081,2.627831,-18.0
2.717398,2.658268,56.263972,4595.455162,0.010906,43.287753,7.042183,2.623399,-18.0
2.759884,2.698314,56.266006,4591.7161,0.024839,43.25159,7.02872,2.618383,-18.0
2.802357,2.738297,56.269603,4587.981269,0.038436,43.215507,7.013741,2.612803,-18.0
2.844828,2.778219,56.274726,4584.251531,0.051679,43.179511,6.9973,2.606678,-18.0
2.88729,2.818088,56.28133,4580.527734,0.064531,43.143614,6.979453,2.60003,-18.0
2.929742,2.857902,56.289359,4576.810708,0.076974,43.107817,6.96026,2.59288,-18.0
2.972177,2.897662,56.298777,4573.101228,0.088984,43.072129,6.939784,2.585252,-18.0
3.014612,2.937358,56.309524,4569.400082,0.100551,43.036568,6.91809,2.57717,-18.0
3.057028,2.976991,56.32156,4565.708087,0.111628,43.001134,6.895234,2.568656,-18.0
3.099444,3.016577,56.334868,4562.026361,0.122196,42.965832,6.871248,2.559721,-18.0
3.141843,3.0561,56.349329,4558.355149,0.132251,42.930665,6.846258,2.550411,-18.0
3.184232,3.095568,56.364882,4554.695089,0.141777,42.895649,6.820335,2.540754,-18.0
3.226612,3.134983,56.381469,4551.046787,0.150755,42.860779,6.79355,2.530776,-18.0
3.268983,3.174343,56.399023,4547.410802,0.159178,42.82606,6.765978,2.520505,-18.0
3.311338,3.213643,56.417475,4543.787664,0.167028,42.791501,6.737693,2.509968,-18.0
3.353688,3.252886,56.436764,4540.17787,0.17429,42.757104,6.708768,2.499192,-18.0
3.396026,3.292081,56.456819,4536.581874,0.180957,42.722869,6.679276,2.488206,-18.0
3.438357,3.33122,56.477579,4533.000108,0.18702,42.688806,6.649294,2.477037,-18.0
3.480678,3.370301,56.498969,4529.432951,0.192471,42.654919,6.618892,2.465712,-18.0
3.522986,3.409328,56.520918,4525.880748,0.197301,42.621203,6.588145,2.454257,-18.0
3.565284,3.448305,56.543359,4522.343815,0.201505,42.587662,6.557125,2.442702,-18.0
3.60757,3.48723,56.566216,4518.822428,0.205081,42.5543,6.525902,2.43107,-18.0
3.649844,3.526098,56.589425,4515.316828,0.208022,42.521119,6.494547,2.41939,-18.0
3.692113,3.564916,56.61291,4511.827213,0.210329,42.488118,6.463128,2.407685,-18.0
3.734366,3.603675,56.636597,4508.353752,0.212,42.455296,6.431713,2.395982,-18.0
3.77661,3.642387,56.660422,4504.896586,0.213039,42.422655,6.400368,2.384306,-18.0
3.818845,3.681047,56.684305,4501.455807,0.21344,42.390195,6.369158,2.372679,-18.0
3.861071,3.71966,56.708184,4498.031479,0.213202,42.357922,6.338144,2.361126,-18.0
3.903288,3.75821,56.73199,4494.623784,0.212338,42.325823,6.307392,2.34967,-18.0
3.945486,3.796723,56.755627,4491.233329,0.210814,42.293911,6.276976,2.338339,-18.0
3.987684,3.835172,56.779049,4487.859316,0.208669,42.26218,6.246941,2.32715,-18.0
4.029865,3.873576,56.802178,4484.501679,0.205921,42.23062,6.217342,2.316124,-18.0
4.072036,3.911926,56.824948,4481.160308,0.202569,42.199232,6.188233,2.30528,-18.0
4.114191,3.95023,56.847296,4477.83508,0.198614,42.168014,6.159665,2.294637,-18.0
4.156341,3.988489,56.86915,4474.525831,0.194077,42.136967,6.131686,2.284214,-18.0
4.198479,4.02669,56.890453,4471.232379,0.188964,42.106078,6.104344,2.274029,-18.0
4.24061,4.064846,56.911148,4467.954514,0.183287,42.075354,6.077685,2.264097,-18.0
4.282731,4.102955,56.931163,4464.691992,0.177058,42.044785,6.051751,2.254436,-18.0
4.324838,4.141015,56.950444,4461.44455,0.170284,42.014365,6.026584,2.245061,-18.0
4.366932,4.17903,56.968933,4458.211905,0.162984,41.984098,6.002224,2.235986,-18.0
4.409016,4.216996,56.98657,4454.993746,0.155174,41.95398,5.978708,2.227226,-18.0
4.451093,4.254912,57.003309,4451.789733,0.146867,41.923999,5.956072,2.218793,-18.0
4.493155,4.292782,57.019097,4448.599511,0.138078,41.89415,5.934349,2.210701,-18.0
4.535208,4.330608,57.033872,4445.4227,0.128816,41.864437,5.913572,2.202961,-18.0
4.577252,4.368386,57.047588,4442.258915,0.119101,41.834844,5.893771,2.195585,-18.0
4.619287,4.406113,57.060213,4439.107729,0.108957,41.805374,5.874974,2.188582,-18.0
4.661313,4.443803,57.071682,4435.968707,0.098399,41.776012,5.857209,2.181965,-18.0
4.70333,4.481439,57.081962,4432.841397,0.087438,41.746767,5.840501,2.17574,-18.0
4.745328,4.51903,57.090996,4429.72543,0.076096,41.717622,5.824884,2.169923,-18.0
4.787317,4.556573,57.098703,4426.62068,0.064377,41.688571,5.810422,2.164535,-18.0
4.829297,4.59408,57.105097,4423.526114,0.052315,41.659618,5.797086,2.159567,-18.0
4.871268,4.631535,57.110143,4420.441222,0.039937,41.630748,5.784894,2.155025,-18.0
4.913231,4.668943,57.113816,4417.365463,0.02726,41.601951,5.773864,2.150916,-18.0
4.955176,4.706307,57.116082,4414.298284,0.014301,41.573226,5.764013,2.147246,-18.0
4.997118,4.743625,57.116914,4411.239127,0.001083,41.544566,5.755354,2.144021,-18.0
5.039046,4.780905,57.116281,4408.187423,-0.012374,41.515963,5.747903,2.141245,-18.0
5.080963,4.818137,57.114166,4405.142581,-0.026047,41.487414,5.74167,2.138923,-18.0
5.12287,4.855326,57.110555,4402.104002,-0.039911,41.458908,5.736667,2.13706,-18.0
5.164764,4.892474,57.105422,4399.071081,-0.05395,41.430433,5.732905,2.135658,-18.0
5.206648,4.929573,57.098745,4396.043202,-0.068146,41.401985,5.73039,2.134721,-18.0
5.248525,4.966625,57.09052,4393.019736,-0.082471,41.373564,5.729132,2.134252,-18.0
5.29039,5.003642,57.080741,4390.000047,-0.096901,41.345159,5.729135,2.134254,-18.0
5.33225,5.040616,57.06939,4386.983493,-0.111421,41.316758,5.730406,2.134727,-18.0
5.374094,5.077539,57.05646,4383.969423,-0.126006,41.288361,5.732948,2.135674,-18.0
5.415929,5.114419,57.04196,4380.957167,-0.140631,41.259953,5.736765,2.137096,-18.0
5.457754,5.151262,57.025876,4377.94607,-0.155279,41.231528,5.741857,2.138993,-18.0
5.499562,5.188059,57.00821,4374.935466,-0.169915,41.203092,5.748225,2.141365,-18.0
5.54137,5.224812,56.988968,4371.924659,-0.184524,41.174619,5.755869,2.144213,-18.0
5.583159,5.261519,56.968145,4368.91297,-0.199097,41.14611,5.7648,2.14754,-18.0
5.624939,5.298179,56.945694,4365.899598,-0.213585,41.117545,5.775059,2.151361,-18.0
5.66671,5.334803,56.921695,4362.883902,-0.227974,41.088935,5.786584,2.155655,-18.0
5.708472,5.371374,56.896157,4359.865177,-0.242247,41.060271,5.79937,2.160418,-18.0
5.750217,5.407907,56.869111,4356.842742,-0.25638,41.03153,5.813409,2.165648,-18.0
5.791959,5.444397,56.840563,4353.815887,-0.270346,41.002715,5.828693,2.171342,-18.0
5.833687,5.480841,56.810532,4350.783934,-0.284135,40.973821,5.845214,2.177496,-18.0
5.875404,5.517247,56.779045,4347.74617,-0.297711,40.944833,5.862959,2.184107,-18.0
5.917111,5.553605,56.746132,4344.701911,-0.311063,40.915752,5.881917,2.191169,-18.0
5.95881,5.58992,56.711817,4341.650457,-0.324162,40.886565,5.902075,2.198678,-18.0
6.000494,5.626194,56.676132,4338.59112,-0.336987,40.857261,5.923416,2.206628,-18.0
6.042165,5.662419,56.63911,4335.523213,-0.349519,40.82784,5.945925,2.215013,-18.0
6.083831,5.698597,56.600781,4332.446053,-0.361742,40.798295,5.969583,2.223827,-18.0
6.125487,5.734736,56.561182,4329.35896,-0.373633,40.768614,5.99437,2.23306,-18.0
6.167125,5.77083,56.520355,4326.261259,-0.385163,40.738795,6.020264,2.242707,-18.0
6.20876,5.806879,56.478344,4323.152289,-0.396324,40.708828,6.047243,2.252757,-18.0
6.250384,5.842885,56.435188,4320.031387,-0.407087,40.6787,6.075282,2.263202,-18.0
6.291991,5.878853,56.390924,4316.897914,-0.417443,40.648418,6.104353,2.274032,-18.0
6.33359,5.914767,56.345605,4313.751226,-0.427372,40.617972,6.134428,2.285236,-18.0
6.375179,5.950636,56.299289,4310.590695,-0.436851,40.587347,6.165476,2.296802,-18.0
6.41675,5.986459,56.251999,4307.415544,-0.445857,40.556549,6.197476,2.308723,-18.0
6.458321,6.022226,56.203769,4304.224627,-0.454355,40.525544,6.230419,2.320995,-18.0
6.499874,6.057957,56.154702,4301.017994,-0.462358,40.494358,6.264228,2.33359,-18.0
6.541409,6.093644,56.104839,4297.795085,-0.469841,40.462968,6.298863,2.346492,-18.0
6.582942,6.129278,56.054248,4294.555354,-0.476794,40.431378,6.334284,2.359687,-18.0
6.62446,6.164872,56.002989,4291.298264,-0.483202,40.399576,6.370447,2.373159,-18.0
6.665967,6.200417,55.951114,4288.023302,-0.489053,40.367565,6.407307,2.386891,-18.0
6.707465,6.235914,55.898687,4284.729982,-0.494334,40.335334,6.444818,2.400864,-18.0
6.748948,6.27136,55.845776,4281.417841,-0.499033,40.302883,6.482928,2.415061,-18.0
6.790419,6.306758,55.792439,4278.086429,-0.503141,40.270206,6.521588,2.429463,-18.0
6.83188,6.34211,55.738736,4274.735331,-0.506646,40.237295,6.560743,2.44405,-18.0
6.873329,6.377414,55.684736,4271.364155,-0.509539,40.204155,6.600339,2.4588,-18.0
6.914763,6.412667,55.630501,4267.972537,-0.511816,40.170781,6.640316,2.473693,-18.0
6.956188,6.447875,55.576103,4264.560143,-0.513465,40.137161,6.680617,2.488705,-18.0
6.997601,6.483035,55.521611,4261.126662,-0.514478,40.103295,6.721178,2.503816,-18.0
7.038998,6.518144,55.467082,4257.671833,-0.514859,40.069193,6.761938,2.519,-18.0
7.080385,6.553205,55.412599,4254.195404,-0.514601,40.034846,6.802831,2.534234,-18.0
7.121755,6.588213,55.358211,4250.697176,-0.513702,40.000247,6.843791,2.549492,-18.0
7.163116,6.623168,55.304001,4247.176975,-0.512155,39.965396,6.88475,2.564751,-18.0
7.204468,6.658077,55.250027,4243.634666,-0.509962,39.930302,6.925639,2.579983,-18.0
7.245801,6.692931,55.196373,4240.069902,-0.507131,39.894954,6.966383,2.595161,-18.0
7.287125,6.72773,55.143103,4236.481871,-0.503623,39.859342,7.006901,2.610255,-18.0
7.328431,6.762474,55.090283,4232.871566,-0.499486,39.823478,7.047124,2.625239,-18.0
7.369728,6.797173,55.03798,4229.238988,-0.494718,39.787371,7.08698,2.640086,-18.0
7.411008,6.831818,54.986262,4225.584215,-0.489328,39.751021,7.126395,2.65477,-18.0
7.452277,6.86641,54.935182,4221.907354,-0.483325,39.71442,7.165295,2.669261,-18.0
7.49353,6.900948,54.884806,4218.208551,-0.476717,39.677581,7.203605,2.683533,-18.0
7.534771,6.935432,54.835194,4214.487989,-0.469512,39.640502,7.241253,2.697557,-18.0
7.575998,6.969861,54.786412,4210.745895,-0.461731,39.603186,7.278164,2.711308,-18.0
7.617212,7.004237,54.738518,4206.982544,-0.453382,39.565641,7.314267,2.724757,-18.0
7.658412,7.038559,54.691561,4203.198253,-0.444482,39.527866,7.349488,2.737878,-18.0
7.699594,7.072827,54.645603,4199.393371,-0.435042,39.489866,7.383757,2.750644,-18.0
7.740762,7.10704,54.6007,4195.568291,-0.425081,39.45165,7.417006,2.76303,-18.0
7.781918,7.1412,54.556897,4191.723451,-0.414625,39.413218,7.449167,2.775011,-18.0
7.823059,7.175303,54.514245,4187.859325,-0.403685,39.374576,7.480174,2.786562,-18.0
7.864185,7.209345,54.472793,4183.976424,-0.392292,39.335738,7.509964,2.797659,-18.0
7.905291,7.243333,54.432583,4180.075296,-0.380461,39.29671,7.538477,2.808281,-18.0
7.946392,7.277268,54.393658,4176.156538,-0.368213,39.257486,7.565654,2.818405,-18.0
7.987468,7.311147,54.356059,4172.220761,-0.355581,39.218083,7.591441,2.828012,-18.0
8.028535,7.344964,54.319812,4168.268635,-0.34259,39.178509,7.615786,2.837081,-18.0
8.069583,7.378726,54.284986,4164.300653,-0.329262,39.138772,7.638622,2.845588,-18.0
8.110613,7.412432,54.251644,4160.317137,-0.315605,39.098875,7.659854,2.853497,-18.0
8.151633,7.446075,54.21975,4156.319519,-0.301677,39.058825,7.679507,2.860818,-18.0
8.192637,7.479663,54.189339,4152.308579,-0.287505,39.018647,7.697544,2.867538,-18.0
8.233622,7.513197,54.160437,4148.285116,-0.273114,38.978335,7.713934,2.873644,-18.0
8.274589,7.54667,54.133046,4144.249965,-0.258536,38.937903,7.728652,2.879126,-18.0
8.315538,7.580087,54.107188,4140.203981,-0.243805,38.897368,7.741673,2.883977,-18.0
8.356476,7.613443,54.082869,4136.148024,-0.22895,38.856733,7.75298,2.888189,-18.0
8.397392,7.646737,54.060106,4132.082974,-0.214007,38.816006,7.76256,2.891758,-18.0
8.438293,7.679978,54.038899,4128.009731,-0.199003,38.775205,7.770406,2.894681,-18.0
8.47918,7.71316,54.019249,4123.929204,-0.183975,38.734336,7.776512,2.896955,-18.0
8.520048,7.746278,54.001157,4119.842307,-0.168951,38.693403,7.780882,2.898583,-18.0
8.560903,7.779342,53.984612,4115.749953,-0.153963,38.652425,7.78352,2.899566,-18.0
8.601742,7.812349,53.969612,4111.65307,-0.13905,38.61141,7.784439,2.899908,-18.0
8.642556,7.845296,53.956145,4107.552591,-0.124236,38.570366,7.783653,2.899616,-18.0
8.683355,7.878186,53.944192,4103.449427,-0.109561,38.529305,7.781183,2.898696,-18.0
8.724142,7.911016,53.93373,4099.344498,-0.095049,38.488238,7.777055,2.897157,-18.0
8.764904,7.94379,53.924749,4095.238725,-0.080739,38.447173,7.771296,2.895012,-18.0
8.805654,7.976502,53.917252,4091.132918,-0.065948,38.410599,7.7639,2.892257,-16.402335
8.846368,8.009171,53.911588,4087.027201,-0.044539,38.41744,7.754505,2.888757,0.0
8.887037,8.041822,53.908111,4082.921977,-0.023431,38.424318,7.742725,2.884369,0.0
8.927668,8.074444,53.90684,4078.818704,-0.002688,38.431215,7.72855,2.879088,0.0
8.968245,8.107049,53.907649,4074.718646,0.01765,38.438138,7.712143,2.872976,0.0
9.008776,8.139618,53.910486,4070.623051,0.037558,38.44508,7.693576,2.866059,0.0
9.049271,8.172168,53.915308,4066.533161,0.05697,38.452048,7.672922,2.858365,0.0
9.089714,8.204699,53.922051,4062.450173,0.075865,38.459043,7.650262,2.849924,0.0
9.130111,8.237206,53.930668,4058.375255,0.094195,38.466065,7.625682,2.840767,0.0
9.170469,8.269685,53.941083,4054.309535,0.111918,38.473108,7.599272,2.830929,0.0
9.210785,8.302138,53.953237,4050.254096,0.129003,38.480174,7.571124,2.820443,0.0
9.25105,8.334569,53.96706,4046.209987,0.145412,38.487263,7.541338,2.809347,0.0
9.291272,8.366977,53.982483,4042.178217,0.161109,38.494378,7.510012,2.797677,0.0
9.331453,8.399362,53.999428,4038.159743,0.176068,38.501521,7.477251,2.785473,0.0
9.371589,8.431726,54.017813,4034.155475,0.190265,38.508683,7.443159,2.772773,0.0
9.41168,8.464062,54.03756,4030.166268,0.203668,38.515868,7.407842,2.759616,0.0
9.451729,8.496375,54.058586,4026.192934,0.216253,38.523084,7.37141,2.746044,0.0
9.491737,8.528669,54.080809,4022.236242,0.227997,38.530321,7.333969,2.732097,0.0
9.531695,8.560942,54.104138,4018.296894,0.238879,38.537584,7.29563,2.717814,0.0
9.571616,8.593182,54.128489,4014.375537,0.248879,38.544874,7.256502,2.703238,0.0
9.611491,8.625412,54.153773,4010.472785,0.257985,38.552181,7.216692,2.688408,0.0
9.651322,8.657615,54.179882,4006.589178,0.266182,38.559516,7.176308,2.673364,0.0
9.691117,8.689791,54.206757,4002.725466,0.27344,38.566879,7.135453,2.658144,0.0
9.730864,8.721948,54.234298,3998.882731,0.279731,38.574269,7.094228,2.642787,0.0
9.770567,8.754078,54.262398,3995.060502,0.285087,38.581687,7.052756,2.627337,0.0
9.810224,8.786189,54.290947,3991.259109,0.289498,38.589123,7.011139,2.611834,0.0
9.849845,8.818283,54.31985,3987.478821,0.292957,38.596593,6.969474,2.596313,0.0
9.889422,8.850351,54.349021,3983.719873,0.295469,38.604084,6.927859,2.58081,0.0
9.928961,8.882399,54.378369,3979.982438,0.297036,38.6116,6.886386,2.56536,0.0
9.968451,8.914429,54.4078,3976.266633,0.297658,38.619143,6.845146,2.549997,0.0
10.007905,8.946435,54.437214,3972.572544,0.297341,38.626712,6.804228,2.534754,0.0
10.047321,8.978419,54.46652,3968.900202,0.296093,38.634309,6.763715,2.519662,0.0
10.086692,9.010386,54.495633,3965.249593,0.293919,38.641928,6.723691,2.504752,0.0
10.126023,9.042334,54.52446,3961.620656,0.290826,38.649574,6.684232,2.490052,0.0
10.165317,9.074261,54.55291,3958.01329,0.286828,38.657252,6.645416,2.475592,0.0
10.204572,9.106164,54.580903,3954.427353,0.281937,38.664954,6.607313,2.461398,0.0
10.243782,9.138048,54.608352,3950.862655,0.276173,38.672679,6.569993,2.447495,0.0
10.282952,9.169915,54.635167,3947.318977,0.269551,38.680438,6.533522,2.433909,0.0
10.322091,9.201764,54.66127,3943.796066,0.262075,38.688222,6.497962,2.420662,0.0
10.361185,9.233595,54.686578,3940.293619,0.253781,38.696027,6.463372,2.407776,0.0
10.400235,9.265407,54.711015,3936.811296,0.24468,38.703867,6.429809,2.395273,0.0
10.439249,9.297193,54.734513,3933.348754,0.234796,38.711733,6.397326,2.383172,0.0
10.478227,9.32897,54.75697,3929.905833,0.224138,38.719618,6.36599,2.371499,0.0
10.517167,9.360718,54.778284,3926.482604,0.21271,38.727541,6.335883,2.360283,0.0
10.556071,9.392458,54.798437,3923.077804,0.200571,38.73549,6.307003,2.349525,0.0
10.59493,9.424171,54.817354,3919.69094,0.187746,38.743466,6.279391,2.339238,0.0
10.633753,9.455874,54.834974,3916.321487,0.174253,38.75147,6.253086,2.329439,0.0
10.672539,9.487552,54.85123,3912.968897,0.160131,38.7595,6.228123,2.32014,0.0
10.71129,9.519217,54.866081,3909.632611,0.145402,38.767565,6.204536,2.311353,0.0
10.749998,9.550867,54.879463,3906.312028,0.130089,38.775652,6.182356,2.30309,0.0
10.788673,9.582493,54.891321,3903.006532,0.114229,38.783763,6.161611,2.295362,0.0
10.82731,9.614103,54.901607,3899.715491,0.097849,38.791907,6.142329,2.288179,0.0
10.865912,9.645699,54.910277,3896.438243,0.08098,38.800082,6.124534,2.28155,0.0
10.904478,9.677277,54.917287,3893.174108,0.063657,38.808284,6.108248,2.275483,0.0
10.943003,9.708841,54.922598,3889.922391,0.045904,38.816513,6.093492,2.269986,0.0
10.981492,9.740389,54.926177,3886.682378,0.027751,38.824769,6.080283,2.265065,0.0
11.019945,9.771916,54.927989,3883.453344,0.009234,38.833052,6.068639,2.260728,0.0
11.058362,9.803431,54.928002,3880.23454,-0.009609,38.841364,6.058575,2.256978,0.0
11.096743,9.834929,54.926183,3877.025209,-0.02875,38.849711,6.050102,2.253822,0.0
11.135088,9.866408,54.922515,3873.824563,-0.048156,38.858083,6.043234,2.251264,0.0
11.173398,9.89787,54.916974,3870.631817,-0.067792,38.866474,6.03798,2.249306,0.0
11.21168,9.929323,54.909543,3867.446172,-0.087625,38.874902,6.034347,2.247953,0.0
11.249917,9.960748,54.900186,3864.266879,-0.107631,38.883357,6.032366,2.247215,0.0
11.288116,9.992164,54.888823,3861.093218,-0.12776,38.891849,6.032087,2.247111,0.0
11.326261,10.02358,54.875108,3857.9251,-0.156655,38.945012,6.033819,2.247756,19.518442
11.364352,10.055012,54.858617,3854.762408,-0.186213,39.001437,6.037924,2.249286,22.0
11.402382,10.086463,54.83931,3851.60396,-0.21576,39.057977,6.044426,2.251708,22.0
11.440348,10.117924,54.817194,3848.448477,-0.245268,39.114657,6.053324,2.255022,22.0
11.478259,10.149408,54.79229,3845.294687,-0.274675,39.171494,6.064614,2.259228,22.0
11.516102,10.180906,54.764606,3842.1413,-0.30394,39.228499,6.078291,2.264323,22.0
11.553885,10.212419,54.73417,3838.987015,-0.333017,39.285699,6.09435,2.270306,22.0
11.591609,10.243949,54.701003,3835.830531,-0.361854,39.343117,6.112784,2.277173,22.0
11.62927,10.275498,54.66513,3832.670528,-0.390412,39.400765,6.133586,2.284922,22.0
11.666868,10.307065,54.626587,3829.50569,-0.418641,39.458664,6.156744,2.293549,22.0
11.704403,10.33865,54.585418,3826.334694,-0.446491,39.516837,6.182248,2.30305,22.0
11.741875,10.370253,54.541661,3823.156203,-0.473919,39.575296,6.210085,2.31342,22.0
11.779287,10.401871,54.495359,3819.968896,-0.500878,39.63406,6.24024,2.324653,22.0
11.81664,10.433503,54.44657,3816.771426,-0.527316,39.693153,6.272695,2.336744,22.0
11.853923,10.465158,54.395345,3813.562458,-0.553201,39.752592,6.307432,2.349684,22.0
11.891143,10.496824,54.341737,3810.340656,-0.578478,39.812393,6.344429,2.363467,22.0
11.9283,10.528508,54.285823,3807.10468,-0.603109,39.872575,6.383661,2.378082,22.0
11.965394,10.560218,54.227662,3803.853203,-0.627038,39.933163,6.425102,2.39352,22.0
12.002424,10.591938,54.167291,3800.584631,-0.650217,39.99418,6.468753,2.409781,22.0
12.039389,10.623676,54.104747,3797.297053,-0.672581,40.055646,6.514633,2.426872,22.0
12.07629,10.655433,54.040186,3793.989858,-0.69411,40.117572,6.562616,2.444747,22.0
12.11312,10.687207,53.973701,3790.661737,-0.714768,40.179981,6.612661,2.46339,22.0
12.149886,10.719,53.905378,3787.311406,-0.734513,40.242876,6.664721,2.482784,22.0
12.186582,10.75081,53.835309,3783.937589,-0.753304,40.306279,6.718748,2.50291,22.0
12.223212,10.782639,53.763587,3780.53903,-0.771098,40.370209,6.774687,2.523749,22.0
12.25978,10.814485,53.690313,3777.114487,-0.787858,40.434683,6.832479,2.545278,22.0
12.296273,10.846349,53.615589,3773.66276,-0.80355,40.499711,6.892059,2.567473,22.0
12.3327,10.878232,53.539515,3770.182662,-0.818136,40.565314,6.953359,2.590309,22.0
12.36906,10.910132,53.462201,3766.673033,-0.831583,40.631506,7.016303,2.613758,22.0
12.405347,10.942051,53.383759,3763.132752,-0.843855,40.698302,7.080812,2.637789,22.0
12.441567,10.973987,53.304302,3759.560732,-0.854919,40.765713,7.146799,2.662371,22.0
12.477715,11.005941,53.223945,3755.955924,-0.864749,40.833751,7.214172,2.687469,22.0
12.513791,11.037914,53.142812,3752.317321,-0.873317,40.902432,7.282833,2.713047,22.0
12.549795,11.069904,53.061013,3748.64397,-0.880591,40.971762,7.352677,2.739066,22.0
12.585728,11.101913,52.978676,3744.934966,-0.886547,41.041754,7.423593,2.765484,22.0
12.621588,11.133939,52.895934,3741.189444,-0.891168,41.112422,7.495464,2.792258,22.0
12.657375,11.165984,52.8129,3737.406624,-0.894437,41.183774,7.568168,2.819342,22.0
12.693082,11.198046,52.72971,3733.585771,-0.896329,41.25581,7.641573,2.846687,22.0
12.728715,11.230127,52.646492,3729.725611,-0.896813,41.328559,7.71555,2.874245,22.0
12.764265,11.262226,52.563387,3725.824528,-0.895837,41.402039,7.789957,2.901964,22.0
12.799742,11.294343,52.480531,3721.883567,-0.893457,41.476229,7.864622,2.929778,22.0
12.835139,11.32647,52.398053,3717.902302,-0.889656,41.551122,7.939389,2.957631,22.0
12.870462,11.358622,52.316079,3713.880379,-0.884442,41.626732,8.0141,2.985463,22.0
12.905699,11.390794,52.234738,3709.817546,-0.877807,41.703055,8.088589,3.013212,22.0
12.94086,11.422983,52.154164,3705.713618,-0.869757,41.780096,8.162687,3.040816,22.0
12.975942,11.45519,52.074486,3701.568515,-0.8603,41.857844,8.236222,3.068209,22.0
13.010938,11.487416,51.995832,3697.382251,-0.849445,41.9363,8.309016,3.095327,22.0
13.045854,11.519659,51.918324,3693.154927,-0.837212,42.015462,8.380891,3.122103,22.0
13.080689,11.551921,51.842086,3688.886747,-0.82362,42.095316,8.451666,3.148468,22.0
13.115437,11.5842,51.76724,3684.578018,-0.808687,42.175858,8.521156,3.174355,22.0
13.150101,11.616494,51.693907,3680.229151,-0.792438,42.257085,8.589181,3.199696,22.0
13.184679,11.648803,51.622202,3675.84066,-0.774906,42.338978,8.655556,3.224422,22.0
13.219175,11.681133,51.552234,3671.413154,-0.756123,42.421521,8.7201,3.248467,22.0
13.253586,11.713478,51.484115,3666.947351,-0.73612,42.504714,8.782633,3.271762,22.0
13.287901,11.745845,51.417951,3662.444072,-0.714949,42.588533,8.842978,3.294242,22.0
13.322134,11.778223,51.353838,3657.904231,-0.692649,42.672962,8.900963,3.315843,22.0
13.356278,11.810619,51.291875,3653.328872,-0.669257,42.757982,8.95642,3.336502,22.0
13.39034,11.843032,51.232147,3648.719097,-0.644842,42.843568,9.009186,3.356159,22.0
13.424302,11.875455,51.174788,3644.075635,-0.61944,42.929721,9.059059,3.374738,22.0
13.45817,11.907906,51.119936,3639.399131,-0.593083,43.016417,9.10581,3.392154,22.0
13.491948,11.940366,51.067567,3634.692328,-0.565879,43.103618,9.149414,3.408398,22.0
13.525636,11.972843,51.017757,3629.956731,-0.537896,43.191289,9.189745,3.423422,22.0
13.559234,12.005339,50.97056,3625.193914,-0.509194,43.279412,9.226686,3.437183,22.0
13.592742,12.037845,50.926039,3620.405538,-0.47984,43.367955,9.260131,3.449642,22.0
13.626154,12.070366,50.884238,3615.59332,-0.449916,43.456892,9.289988,3.460765,22.0
13.659472,12.102906,50.845194,3610.759054,-0.419487,43.546197,9.316177,3.470521,22.0
13.692695,12.135464,50.808946,3605.904589,-0.388636,43.635833,9.33863,3.478885,22.0
13.725824,12.168029,50.775522,3601.031807,-0.357441,43.725773,9.357294,3.485838,22.0
13.758863,12.200609,50.744938,3596.142653,-0.325976,43.81599,9.372129,3.491364,22.0
13.791808,12.233207,50.717211,3591.239097,-0.294324,43.906447,9.383109,3.495455,22.0
13.824654,12.265818,50.692346,3586.323138,-0.262564,43.997108,9.390225,3.498106,22.0
13.857404,12.298444,50.670335,3581.396809,-0.230772,44.087948,9.393479,3.499318,22.0
13.890064,12.331078,50.651173,3576.462139,-0.199039,44.178936,9.392889,3.499098,22.0
13.922632,12.363724,50.634849,3571.52117,-0.167437,44.270034,9.388487,3.497458,22.0
13.9551,12.396386,50.621335,3566.575946,-0.136051,44.361214,9.380319,3.494416,22.0
13.987471,12.429058,50.610605,3561.628499,-0.104955,44.452443,9.368445,3.489992,22.0
14.019752,12.461748,50.602616,3556.680854,-0.074228,44.543686,9.352937,3.484215,22.0
14.051933,12.494447,50.597334,3551.734992,-0.043954,44.634911,9.33388,3.477116,22.0
14.084024,12.527164,50.59474,3546.792982,-0.01421,44.726099,9.311317,3.468711,22.0
14.116011,12.559881,50.59484,3541.857022,0.014907,44.817213,9.285289,3.459014,22.0
14.147899,12.592616,50.59747,3536.92885,0.04335,44.908219,9.256051,3.448123,22.0
14.179697,12.62536,50.602554,3532.010286,0.071043,44.999092,9.223735,3.436084,22.0
14.211404,12.658122,50.610015,3527.10311,0.097934,45.089806,9.188478,3.42295,22.0
14.243015,12.690886,50.619777,3522.209024,0.123948,45.180329,9.150428,3.408775,22.0
14.274533,12.723665,50.631756,3517.329693,0.149029,45.270647,9.109737,3.393617,22.0
14.305955,12.756448,50.645861,3512.466684,0.173122,45.360739,9.066565,3.377534,22.0
14.337289,12.789244,50.661998,3507.621513,0.196177,45.450574,9.021075,3.360588,22.0
14.368527,12.822052,50.68007,3502.79561,0.218137,45.540133,8.973437,3.342841,22.0
14.399671,12.854869,50.699973,3497.990329,0.238952,45.629404,8.923821,3.324358,22.0
14.430725,12.887695,50.721605,3493.206946,0.258589,45.718364,8.872401,3.305203,22.0
14.461684,12.92053,50.744858,3488.446656,0.277006,45.806993,8.819352,3.285441,22.0
14.492557,12.953374,50.769615,3483.710574,0.294162,45.895277,8.76485,3.265137,22.0
14.523343,12.986227,50.795763,3478.999716,0.310028,45.983206,8.70907,3.244358,22.0
14.554032,13.019089,50.823188,3474.315032,0.324574,46.070774,8.652187,3.223167,22.0
14.584631,13.05196,50.85178,3469.65737,0.337775,46.157967,8.594375,3.201631,22.0
14.615141,13.08484,50.881407,3465.027514,0.349613,46.244765,8.535803,3.179811,22.0
14.645561,13.117728,50.911958,3460.426132,0.360064,46.331175,8.47664,3.157771,22.0
14.675899,13.150617,50.943305,3455.853849,0.36912,46.417179,8.417051,3.135573,22.0
14.706147,13.183524,50.975338,3451.311673,0.376748,46.502772,8.357194,3.113275,22.0
14.7363,13.216431,51.007951,3446.800729,0.382909,46.587935,8.297237,3.090939,22.0
14.766373,13.249347,51.040971,3442.320223,0.387648,46.672693,8.237339,3.068626,22.0
14.796356,13.282272,51.074296,3437.870422,0.390965,46.757045,8.177649,3.046389,22.0
14.826249,13.315206,51.107793,3433.45151,0.392875,46.840985,8.118306,3.024283,22.0
14.85606,13.348149,51.141347,3429.0636,0.393375,46.924511,8.059446,3.002356,22.0
14.88579,13.381094,51.174848,3424.706745,0.392475,47.007637,8.001199,2.980657,22.0
14.915438,13.414052,51.208166,3420.380912,0.390193,47.09036,7.943691,2.959234,22.0
14.945,13.447011,51.24119,3416.086012,0.386534,47.172684,7.887038,2.938129,22.0
14.974477,13.479976,51.2738,3411.82189,0.38152,47.254623,7.831355,2.917386,22.0
15.003873,13.512954,51.305889,3407.588324,0.375179,47.336184,7.776749,2.897044,22.0
15.033188,13.545938,51.337354,3403.385039,0.367529,47.417371,7.723321,2.87714,22.0
15.062426,13.578925,51.368082,3399.211693,0.358585,47.498193,7.671167,2.857711,22.0
15.091586,13.611921,51.397963,3395.067894,0.34838,47.578662,7.620378,2.838791,22.0
15.120658,13.644923,51.426898,3390.953202,0.33695,47.658789,7.571038,2.820411,22.0
15.149651,13.677927,51.454783,3386.867114,0.324322,47.738583,7.523228,2.8026,22.0
15.178571,13.710941,51.481532,3382.8091,0.310524,47.818069,7.477022,2.785387,22.0
15.20741,13.743962,51.507051,3378.778553,0.295597,47.897245,7.432489,2.768798,22.0
15.236167,13.776985,51.531238,3374.774848,0.279575,47.976134,7.389695,2.752856,22.0
15.264844,13.810025,51.554019,3370.797311,0.262485,48.054753,7.3487,2.737584,22.0
15.293448,13.843065,51.575269,3366.845659,0.244369,48.133098,7.309592,2.723015,22.0
15.321977,13.876105,51.594885,3362.91958,0.225234,48.211199,7.272467,2.709185,22.0
15.350425,13.909163,51.612847,3359.017318,0.205172,48.289076,7.237299,2.696084,22.0
15.378793,13.942222,51.629077,3355.138042,0.184225,48.366744,7.204133,2.683729,22.0
15.407094,13.975281,51.6435,3351.280881,0.162426,48.444221,7.173007,2.672134,22.0
15.435311,14.008355,51.656069,3347.444958,0.139826,48.521523,7.143957,2.661312,22.0
15.463459,14.041433,51.666712,3343.629357,0.116475,48.598668,7.117014,2.651275,22.0
15.49153,14.074511,51.675381,3339.83312,0.092412,48.67568,7.09221,2.642035,22.0
15.519527,14.107601,51.682019,3336.055278,0.067693,48.752577,7.069569,2.6336,22.0
15.547446,14.140698,51.686579,3332.294836,0.042366,48.829376,7.049115,2.625981,22.0
15.575294,14.173796,51.689018,3328.550777,0.016473,48.906096,7.030868,2.619183,22.0
15.60307,14.206901,51.689297,3324.822059,-0.009937,48.982756,7.014847,2.613215,22.0
15.630769,14.240018,51.687384,3321.107616,-0.036812,49.059379,7.001068,2.608082,22.0
15.658396,14.273134,51.683243,3317.406368,-0.064093,49.135982,6.989542,2.603788,22.0
15.685952,14.306253,51.676843,3313.717216,-0.091738,49.212587,6.980283,2.600339,22.0
15.713435,14.339381,51.668165,3310.039044,-0.119697,49.289219,6.973297,2.597736,22.0
15.740846,14.372518,51.657197,3306.370714,-0.14791,49.365887,6.968591,2.595984,22.0
15.768183,14.405662,51.643922,3302.711083,-0.176337,49.442627,6.966171,2.595082,22.0
15.795442,14.438808,51.628325,3299.058986,-0.204913,49.519443,6.966038,2.595032,22.0
15.822637,14.471962,51.610407,3295.413249,-0.233595,49.596367,6.968193,2.595835,22.0
15.849749,14.505126,51.590115,3291.772752,-0.262331,49.67342,6.972674,2.597505,22.0
15.876796,14.53829,51.567414,3288.13628,-0.291068,49.750631,6.979524,2.600056,22.0
15.903762,14.571462,51.542401,3284.502423,-0.319734,49.828013,6.988648,2.603455,22.0
15.930656,14.604635,51.515082,3280.869965,-0.348295,49.905591,7.000041,2.607699,22.0
15.957477,14.637816,51.485484,3277.237684,-0.376693,49.983382,7.01369,2.612784,22.0
15.984227,14.671006,51.453615,3273.604341,-0.404876,50.061412,7.029584,2.618705,22.0
16.010905,14.704198,51.419507,3269.968701,-0.432792,50.139698,7.047707,2.625456,22.0
16.03751,14.737397,51.383191,3266.32952,-0.460386,50.218258,7.068043,2.633032,22.0
16.064044,14.770599,51.344692,3262.685548,-0.487608,50.297115,7.090572,2.641425,22.0
16.0905,14.803806,51.304052,3259.035547,-0.514412,50.376293,7.115273,2.650626,22.0
16.116885,14.837022,51.261311,3255.37827,-0.540745,50.455814,7.142119,2.660627,22.0
16.143198,14.870242,51.216514,3251.712471,-0.566557,50.535699,7.171084,2.671418,22.0
16.169435,14.903467,51.16971,3248.036911,-0.591798,50.615966,7.202138,2.682986,22.0
16.195595,14.936697,51.12095,3244.35035,-0.616415,50.696633,7.235248,2.69532,22.0
16.221681,14.96993,51.070293,3240.651564,-0.640361,50.777726,7.270376,2.708406,22.0
16.247699,15.003172,51.017798,3236.939332,-0.663594,50.859258,7.307483,2.72223,22.0
16.273635,15.036421,50.963527,3233.212443,-0.686067,50.941253,7.346526,2.736774,22.0
16.299497,15.069667,50.907629,3229.469473,-0.705811,51.013872,7.387373,2.751991,19.064525
16.325313,15.102896,50.850691,3225.707838,-0.71299,51.026633,7.429427,2.767657,0.0
16.351084,15.136106,50.793279,3221.925401,-0.719214,51.039419,7.472099,2.783553,0.0
16.376819,15.169279,50.735473,3218.121214,-0.724458,51.052206,7.515319,2.799654,0.0
16.402517,15.202433,50.67734,3214.294338,-0.728675,51.065011,7.55901,2.81593,0.0
16.428178,15.235552,50.618989,3210.445116,-0.731894,51.077826,7.603067,2.832342,0.0
16.453804,15.268643,50.56049,3206.573147,-0.734113,51.090658,7.647405,2.84886,0.0
16.479385,15.3017,50.501932,3202.678056,-0.735318,51.1035,7.691937,2.865449,0.0
16.504929,15.334727,50.443388,3198.759519,-0.735499,51.116343,7.736571,2.882076,0.0
16.530437,15.367728,50.384939,3194.817271,-0.73466,51.129208,7.781217,2.898708,0.0
16.555909,15.400702,50.326671,3190.851082,-0.732798,51.14208,7.825781,2.915309,0.0
16.581345,15.433642,50.268668,3186.860783,-0.729911,51.154958,7.870166,2.931844,0.0
16.60674,15.466553,50.211004,3182.84624,-0.726008,51.167845,7.914278,2.948277,0.0
16.632095,15.499431,50.153758,3178.807384,-0.721097,51.180746,7.958018,2.964571,0.0
16.657409,15.532278,50.097014,3174.744203,-0.715178,51.193656,8.001289,2.980691,0.0
16.682682,15.565093,50.04085,3170.656726,-0.708262,51.206574,8.043992,2.996599,0.0
16.707919,15.597877,49.985337,3166.545045,-0.700373,51.219503,8.086028,3.012258,0.0
16.733117,15.63063,49.930551,3162.409306,-0.691523,51.232435,8.127301,3.027633,0.0
16.758273,15.66335,49.876567,3158.249704,-0.681726,51.245378,8.167711,3.042687,0.0
16.78339,15.69604,49.823454,3154.066497,-0.671008,51.258336,8.207164,3.057384,0.0
16.808464,15.728695,49.771286,3149.859994,-0.659394,51.271295,8.245563,3.071689,0.0
16.833502,15.761315,49.720124,3145.630566,-0.646908,51.284262,8.282816,3.085567,0.0
16.858504,15.793907,49.670036,3141.378639,-0.63357,51.29723,8.318832,3.098984,0.0
16.88346,15.826463,49.621112,3137.104281,-0.619415,51.310216,8.353496,3.111897,0.0
16.908369,15.858981,49.573429,3132.807683,-0.604449,51.323202,8.386691,3.124263,0.0
16.933242,15.891464,49.526996,3128.490249,-0.588753,51.336197,8.418384,3.13607,0.0
16.958071,15.923918,49.48188,3124.152622,-0.572353,51.349201,8.448498,3.147288,0.0
16.982863,15.956338,49.438127,3119.795489,-0.55529,51.362206,8.47696,3.157891,0.0
17.007611,15.988715,49.39577,3115.419596,-0.537614,51.375219,8.503701,3.167852,0.0
17.032321,16.02106,49.354866,3111.02572,-0.519362,51.38824,8.528657,3.177149,0.0
17.056989,16.053372,49.315447,3106.614687,-0.500581,51.401264,8.551771,3.18576,0.0
17.081611,16.085648,49.277546,3102.187363,-0.481323,51.414294,8.572988,3.193664,0.0
17.106194,16.117893,49.241196,3097.744654,-0.461632,51.427328,8.592263,3.200844,0.0
17.130737,16.150101,49.206426,3093.287506,-0.44156,51.440366,8.609553,3.207285,0.0
17.155234,16.182269,49.173262,3088.816884,-0.421164,51.453414,8.624825,3.212974,0.0
17.179686,16.214401,49.141718,3084.333783,-0.40049,51.466467,8.638048,3.2179,0.0
17.204097,16.246497,49.111804,3079.83924,-0.379587,51.479519,8.649203,3.222056,0.0
17.228468,16.278557,49.083536,3075.334301,-0.358515,51.492575,8.658272,3.225434,0.0
17.252798,16.310581,49.056921,3070.82003,-0.337333,51.505639,8.665249,3.228033,0.0
17.277087,16.342567,49.031964,3066.297518,-0.316096,51.518709,8.67013,3.229852,0.0
17.301325,16.374511,49.008649,3061.767859,-0.294844,51.531774,8.672922,3.230891,0.0
17.325527,16.406426,48.986987,3057.232153,-0.273649,51.544855,8.673634,3.231157,0.0
17.349693,16.438296,48.966953,3052.691513,-0.252556,51.557936,8.672287,3.230655,0.0
17.373803,16.47014,48.948581,3048.14701,-0.231638,51.571017,8.668865,3.22938,0.0
17.397876,16.501936,48.931858,3043.599793,-0.210934,51.584099,8.663369,3.227333,0.0
17.421904,16.533696,48.916711,3039.051096,-0.190507,51.597197,8.655912,3.224555,0.0
17.445888,16.565421,48.903114,3034.502032,-0.17041,51.610289,8.646537,3.221063,0.0
17.469834,16.597109,48.891034,3029.953666,-0.150684,51.623388,8.635296,3.216875,0.0
17.493736,16.628762,48.880436,3025.407069,-0.131388,51.636488,8.622242,3.212012,0.0
17.517594,16.660371,48.871287,3020.863298,-0.112574,51.649595,8.607436,3.206496,0.0
17.541407,16.691942,48.86354,3016.323369,-0.09428,51.662705,8.590944,3.200353,0.0
17.565181,16.723477,48.85715,3011.78829,-0.076552,51.675814,8.572835,3.193607,0.0
17.588913,16.754976,48.852068,3007.259036,-0.059441,51.688929,8.553183,3.186286,0.0
17.6126,16.786439,48.848245,3002.736549,-0.042983,51.702053,8.532065,3.178419,0.0
17.636242,16.817866,48.845624,2998.221747,-0.027217,51.715178,8.509562,3.170036,0.0
17.659844,16.849253,48.844151,2993.715511,-0.012186,51.728304,8.485758,3.161168,0.0
17.683405,16.880602,48.84377,2989.218683,0.002072,51.741439,8.460738,3.151848,0.0
17.706925,16.911918,48.844419,2984.732066,0.015526,51.754571,8.434592,3.142107,0.0
17.730404,16.943191,48.846031,2980.256425,0.028154,51.767711,8.407409,3.131981,0.0
17.753834,16.974429,48.848539,2975.792496,0.039909,51.780859,8.379282,3.121503,0.0
17.777234,17.00563,48.851882,2971.34096,0.050785,51.794006,8.350303,3.110707,0.0
17.800581,17.036795,48.855992,2966.90246,0.060741,51.807155,8.320565,3.099629,0.0
17.823892,17.067925,48.860793,2962.477587,0.06976,51.820312,8.290163,3.088304,0.0
17.847157,17.099018,48.866226,2958.067192,0.077807,51.833469,8.259182,3.076763,0.0
17.870384,17.130073,48.872229,2953.672052,0.084847,51.846636,8.227716,3.065041,0.0
17.893567,17.161084,48.878692,2949.292111,0.090897,51.859802,8.195877,3.05318,0.0
17.916713,17.192066,48.885556,2944.927779,0.095949,51.872977,8.163759,3.041215,0.0
17.939816,17.223013,48.892737,2940.579416,0.100002,51.886161,8.131453,3.02918,0.0
17.962873,17.253917,48.900166,2936.247343,0.103034,51.899347,8.099048,3.017108,0.0
17.985892,17.28479,48.907768,2931.931834,0.105054,51.912533,8.066633,3.005033,0.0
18.008875,17.31563,48.915466,2927.633101,0.106053,51.925725,8.034294,2.992986,0.0
18.031816,17.346427,48.923183,2923.351334,0.106032,51.938926,8.002116,2.980999,0.0
18.054713,17.37719,48.930855,2919.086667,0.105,51.95213,7.970181,2.969102,0.0
18.077574,17.407922,48.938406,2914.839192,0.10296,51.96534,7.93857,2.957326,0.0
18.100395,17.438617,48.94576,2910.60896,0.09992,51.978554,7.90736,2.9457,0.0
18.123173,17.469277,48.95285,2906.395972,0.09589,51.991776,7.876627,2.934251,0.0
18.145915,17.499904,48.959605,2902.200196,0.090877,52.005006,7.846443,2.923007,0.0
18.168611,17.530498,48.965952,2898.021556,0.084901,52.018235,7.816879,2.911993,0.0
18.191275,17.561051,48.971831,2893.859938,0.077982,52.031478,7.788002,2.901236,0.0
18.213896,17.591576,48.977174,2889.715183,0.07013,52.044722,7.759876,2.890758,0.0
18.236481,17.622065,48.981913,2885.587103,0.061365,52.057974,7.732563,2.880583,0.0
18.25903,17.652518,48.985989,2881.47546,0.051711,52.071227,7.706123,2.870733,0.0
18.281533,17.682936,48.989335,2877.380004,0.041194,52.084489,7.68061,2.861229,0.0
18.304,17.713325,48.99189,2873.300751,0.029823,52.09776,7.656101,2.852099,0.0
18.32643,17.743678,48.993561,2869.237556,0.017604,52.111041,7.632664,2.843368,0.0
18.348815,17.773994,48.994341,2865.189497,0.00461,52.124321,7.610311,2.835041,0.0
18.371163,17.804283,48.994164,2861.156175,-0.009133,52.13761,7.589088,2.827135,0.0
18.393475,17.834529,48.992985,2857.137152,-0.023599,52.150908,7.569034,2.819664,0.0
18.415751,17.864752,48.990761,2853.131972,-0.038756,52.164215,7.55019,2.812645,0.0
18.437992,17.894937,48.987444,2849.140147,-0.054569,52.177525,7.532591,2.806088,0.0
18.460189,17.925089,48.982994,2845.161161,-0.070999,52.190846,7.51627,2.800008,0.0
18.482354,17.955209,48.977367,2841.194479,-0.088015,52.204174,7.501258,2.794416,0.0
18.504481,17.985298,48.970532,2837.239536,-0.10558,52.217503,7.487583,2.789322,0.0
18.526568,18.015355,48.962453,2833.295744,-0.123652,52.23084,7.47527,2.784735,0.0
18.548618,18.045376,48.953097,2829.362495,-0.142197,52.244188,7.464342,2.780664,0.0
18.570629,18.075364,48.942442,2825.439161,-0.161174,52.257542,7.45482,2.777117,0.0
18.592602,18.105326,48.93046,2821.525098,-0.18054,52.270909,7.446721,2.774099,0.0
18.614544,18.135255,48.917123,2817.619643,-0.200265,52.284275,7.44006,2.771618,0.0
18.636449,18.165144,48.902415,2813.722111,-0.220298,52.297645,7.434851,2.769678,0.0
18.658312,18.195006,48.886327,2809.831792,-0.240606,52.311031,7.431105,2.768282,0.0
18.680145,18.224839,48.868841,2805.947984,-0.261134,52.324418,7.428828,2.767434,0.0
18.701934,18.254638,48.849942,2802.069954,-0.281848,52.337823,7.428028,2.767136,0.0
18.723687,18.284409,48.829621,2798.196956,-0.302713,52.351227,7.428707,2.767389,0.0
18.745404,18.314143,48.807847,2794.328332,-0.323669,52.364641,7.430899,2.768205,0.0
18.767083,18.34384,48.784603,2790.463282,-0.344682,52.378054,7.43462,2.769592,0.0
18.788735,18.37351,48.759937,2786.600887,-0.365713,52.391486,7.439817,2.771528,0.0
18.810344,18.403153,48.733857,2782.740381,-0.386704,52.404918,7.446483,2.774011,0.0
18.831915,18.432753,48.706364,2778.880968,-0.40761,52.418359,7.45461,2.777038,0.0
18.85345,18.46233,48.677481,2775.021864,-0.428405,52.431808,7.464186,2.780606,0.0
18.874949,18.491875,48.647204,2771.162266,-0.449036,52.44526,7.475198,2.784708,0.0
18.896406,18.521385,48.615564,2767.301379,-0.469467,52.458718,7.487631,2.78934,0.0
18.91783,18.550864,48.582574,2763.438402,-0.489645,52.472185,7.501467,2.794494,0.0
18.939221,18.580311,48.548256,2759.572537,-0.509533,52.485661,7.516686,2.800163,0.0
18.960576,18.609722,48.512638,2755.702989,-0.529096,52.499146,7.533265,2.806339,0.0
18.981895,18.639102,48.475746,2751.828965,-0.54829,52.512635,7.551179,2.813013,0.0
19.003175,18.668454,48.437613,2747.949668,-0.567075,52.526129,7.5704,2.820173,0.0
19.024416,18.697776,48.398272,2744.064315,-0.585408,52.539628,7.590899,2.827809,0.0
19.045624,18.727062,48.357748,2740.172131,-0.603257,52.55313,7.612642,2.83591,0.0
19.066792,18.756314,48.316086,2736.27234,-0.620577,52.566641,7.635596,2.84446,0.0
19.08793,18.785538,48.273333,2732.364196,-0.637339,52.580159,7.659723,2.853448,0.0
19.109025,18.814725,48.229524,2728.446941,-0.653502,52.593678,7.684983,2.862858,0.0
19.130091,18.843878,48.184704,2724.519845,-0.669031,52.607207,7.711333,2.872674,0.0
19.151113,18.873003,48.138922,2720.582194,-0.683894,52.620744,7.73873,2.88288,0.0
19.172098,18.902091,48.092202,2716.633012,-0.698049,52.634281,7.767145,2.893466,0.0
19.193055,18.931142,48.044598,2712.671419,-0.71144,52.647828,7.796537,2.904415,0.0
19.213967,18.960166,47.996193,2708.697142,-0.724076,52.661374,7.826819,2.915696,0.0
19.234843,18.989154,47.947036,2704.709536,-0.735923,52.674929,7.857935,2.927288,0.0
19.255675,19.018107,47.897178,2700.707977,-0.746955,52.688485,7.889829,2.939169,0.0
19.276477,19.047031,47.846694,2696.691891,-0.757146,52.702049,7.92244,2.951317,0.0
19.297244,19.075914,47.795632,2692.660699,-0.766477,52.715615,7.955706,2.96371,0.0
19.31797,19.104765,47.744047,2688.613869,-0.774925,52.72918,7.989564,2.976323,0.0
19.338656,19.133583,47.69201,2684.550893,-0.782471,52.742752,8.023945,2.989131,0.0
19.359306,19.162365,47.639582,2680.471292,-0.789102,52.756327,8.058782,3.002108,0.0
19.379921,19.191116,47.586828,2676.374626,-0.794797,52.769902,8.094005,3.01523,0.0
19.400499,19.219831,47.533808,2672.260488,-0.799541,52.783481,8.12954,3.028468,0.0
19.421037,19.248509,47.480579,2668.128498,-0.803333,52.797066,8.165315,3.041795,0.0
19.441534,19.277153,47.427217,2663.97832,-0.806156,52.810651,8.201253,3.055182,0.0
19.461995,19.305758,47.373789,2659.809665,-0.808003,52.824238,8.237277,3.068603,0.0
19.48242,19.334331,47.320345,2655.622264,-0.808881,52.83783,8.273311,3.082026,0.0
19.502808,19.362863,47.266961,2651.415899,-0.808772,52.851416,8.309274,3.095423,0.0
19.52316,19.391367,47.213703,2647.190399,-0.807691,52.865011,8.345087,3.108764,0.0
19.543467,19.419834,47.16063,2642.94563,-0.805637,52.878605,8.380669,3.12202,0.0
19.563738,19.448256,47.107803,2638.681493,-0.802604,52.892199,8.415941,3.135159,0.0
19.583963,19.476641,47.055298,2634.397521,-0.798595,52.905793,8.450809,3.148149,0.0
19.604151,19.504989,47.003193,2630.09349,-0.793609,52.919387,8.485183,3.160954,0.0
19.624303,19.533301,46.951518,2625.7701,-0.787679,52.932981,8.518994,3.173549,0.0
19.644419,19.561577,46.900359,2621.42746,-0.780837,52.946576,8.552164,3.185906,0.0
19.664491,19.589817,46.849753,2617.065696,-0.773094,52.96017,8.584613,3.197994,0.0
19.684518,19.618014,46.799763,2612.685001,-0.764465,52.973764,8.616266,3.209786,0.0
19.704513,19.646173,46.750444,2608.285613,-0.754982,52.987358,8.647047,3.221253,0.0
19.724469,19.674295,46.701847,2603.867811,-0.744665,53.000946,8.676883,3.232367,0.0
19.74438,19.702382,46.654022,2599.431911,-0.733544,53.014536,8.705701,3.243103,0.0
19.764251,19.730427,46.607021,2594.978284,-0.721652,53.028125,8.733434,3.253434,0.0
19.784087,19.758427,46.560895,2590.507338,-0.709023,53.04171,8.760016,3.263336,0.0
19.803882,19.786391,46.515682,2586.019524,-0.695687,53.055294,8.785383,3.272787,0.0
19.823632,19.814321,46.471418,2581.515335,-0.681681,53.068879,8.809477,3.281762,0.0
19.84334,19.842205,46.428149,2576.995302,-0.667049,53.08246,8.832241,3.290242,0.0
19.863012,19.870047,46.385908,2572.459997,-0.651825,53.096036,8.853623,3.298208,0.0
19.882646,19.897851,46.344729,2567.910016,-0.63605,53.109611,8.873575,3.30564,0.0
19.902235,19.925611,46.304644,2563.346005,-0.619779,53.123184,8.892053,3.312524,0.0
19.921781,19.953336,46.265678,2558.768644,-0.603047,53.13675,8.909018,3.318844,0.0
19.94129,19.981023,46.227848,2554.178626,-0.585905,53.150315,8.924435,3.324587,0.0
19.960763,20.008657,46.191189,2549.576683,-0.568397,53.163881,8.938275,3.329743,0.0
19.98019,20.036263,46.155736,2544.963345,-0.550575,53.177437,8.950475,3.334287,0.0
19.999571,20.063814,46.121529,2540.339355,-0.532484,53.190993,8.960998,3.338208,0.0
20.018915,20.091328,46.088518,2535.705879,-0.514185,53.20454,8.969883,3.341517,0.0
20.038215,20.118806,46.056721,2531.063739,-0.495737,53.218087,8.977122,3.344214,0.0
20.057478,20.146233,46.026147,2526.413784,-0.477191,53.231634,8.98271,3.346296,0.0
20.076697,20.173627,45.996797,2521.756865,-0.458592,53.245173,8.986651,3.347764,0.0
20.095872,20.200974,45.968657,2517.093836,-0.439996,53.258703,8.988951,3.348621,0.0
20.115008,20.22828,45.941729,2512.425576,-0.421455,53.272231,8.989622,3.348871,0.0
20.134102,20.255543,45.916005,2507.752964,-0.403021,53.285759,8.988682,3.34852,0.0
20.153156,20.282762,45.891467,2503.076863,-0.384745,53.299281,8.986153,3.347578,0.0
20.17217,20.309936,45.868098,2498.398156,-0.366682,53.312795,8.982061,3.346054,0.0
20.191138,20.337069,45.845882,2493.717718,-0.348884,53.326303,8.97644,3.34396,0.0
20.210066,20.364163,45.824801,2489.036412,-0.3314,53.339812,8.969325,3.34131,0.0
20.228954,20.391214,45.804831,2484.355097,-0.314281,53.353317,8.960757,3.338118,0.0
20.247799,20.418224,45.78594,2479.674621,-0.297565,53.366814,8.95078,3.334401,0.0
20.266607,20.445185,45.768095,2474.995821,-0.281304,53.380303,8.939444,3.330178,0.0
20.285371,20.472108,45.751266,2470.319513,-0.265547,53.393791,8.9268,3.325468,0.0
20.304098,20.498986,45.735415,2465.646492,-0.250335,53.407271,8.912905,3.320292,0.0
20.322781,20.525819,45.720513,2460.977546,-0.235704,53.420751,8.897817,3.314671,0.0
20.341418,20.552617,45.706509,2456.313441,-0.221703,53.434221,8.881599,3.308629,0.0
20.360018,20.579368,45.693381,2451.655045,-0.208385,53.447692,8.86429,3.302181,0.0
20.378572,20.606073,45.681097,2447.003189,-0.195791,53.461163,8.845956,3.295351,0.0
20.39709,20.632733,45.669571,2442.358363,-0.183934,53.474616,8.8267,3.288178,0.0
20.415564,20.659356,45.65876,2437.721222,-0.172856,53.488076,8.806592,3.280687,0.0
20.433992,20.685935,45.648621,2433.09239,-0.162569,53.501521,8.785705,3.272906,0.0
20.452383,20.71247,45.639089,2428.472442,-0.153118,53.514971,8.764112,3.264862,0.0
20.470738,20.738966,45.630117,2423.861928,-0.144513,53.528409,8.741887,3.256583,0.0
20.489051,20.765413,45.621657,2419.261379,-0.136785,53.541848,8.719107,3.248097,0.0
20.507324,20.791824,45.613645,2414.671277,-0.129954,53.555278,8.695845,3.239431,0.0
20.525556,20.818192,45.60603,2410.092068,-0.124039,53.568707,8.672177,3.230614,0.0
20.543748,20.844516,45.598759,2405.524172,-0.119051,53.582135,8.648178,3.221674,0.0
20.5619,20.8708,45.591769,2400.967967,-0.115002,53.595553,8.623925,3.212639,0.0
20.58001,20.897038,45.585003,2396.42379,-0.111904,53.608967,8.59949,3.203536,0.0
20.598081,20.923235,45.578409,2391.891946,-0.109761,53.622381,8.574947,3.194393,0.0
20.61611,20.949393,45.571924,2387.372708,-0.108589,53.635792,8.55037,3.185238,0.0
20.634101,20.975505,45.565492,2382.866306,-0.108387,53.649196,8.525829,3.176096,0.0
20.65205,21.001575,45.559052,2378.372938,-0.10915,53.6626,8.501395,3.166993,0.0
20.669968,21.027609,45.552558,2373.89275,-0.110884,53.676003,8.477137,3.157956,0.0
20.687835,21.053605,45.54595,2369.425879,-0.113579,53.689397,8.453121,3.14901,0.0
20.705674,21.079548,45.539169,2364.972401,-0.117229,53.702782,8.429413,3.140178,0.0
20.723467,21.105453,45.532149,2360.53268,-0.121845,53.716177,8.406087,3.131489,0.0
20.741223,21.131322,45.524832,2356.106849,-0.127428,53.729562,8.383214,3.122968,0.0
20.758934,21.157146,45.517182,2351.694455,-0.133938,53.742947,8.360839,3.114633,0.0
20.776617,21.182925,45.509134,2347.295423,-0.141358,53.756324,8.339021,3.106505,0.0
20.794249,21.208667,45.500641,2342.909668,-0.149655,53.7697,8.317814,3.098605,0.0
20.811849,21.234372,45.491662,2338.537062,-0.158826,53.783075,8.29727,3.090952,0.0
20.829416,21.260035,45.482141,2334.177442,-0.16885,53.796451,8.277441,3.083564,0.0
20.84694,21.285653,45.47203,2329.83063,-0.1797,53.80982,8.258372,3.076461,0.0
20.864425,21.311238,45.461293,2325.496398,-0.191347,53.823187,8.240111,3.069658,0.0
20.881869,21.336779,45.449881,2321.174495,-0.203765,53.836553,8.222699,3.063172,0.0
20.899277,21.362277,45.437751,2316.864651,-0.21693,53.849914,8.206178,3.057017,0.0
20.916649,21.387738,45.424868,2312.566559,-0.23081,53.863275,8.190585,3.051208,0.0
20.933981,21.413159,45.411193,2308.279881,-0.245378,53.876637,8.175956,3.045759,0.0
20.951276,21.438539,45.396699,2304.004262,-0.260598,53.889994,8.162324,3.04068,0.0
20.968536,21.463883,45.381338,2299.739326,-0.276438,53.903351,8.149719,3.035985,0.0
20.985759,21.489188,45.365083,2295.484664,-0.292859,53.916705,8.13817,3.031683,0.0
21.002947,21.51445,45.347919,2291.23985,-0.309825,53.930052,8.127703,3.027783,0.0
21.020097,21.539675,45.3298,2287.004425,-0.327304,53.943399,8.11834,3.024295,0.0
21.037203,21.564856,45.310722,2282.777928,-0.34525,53.956747,8.110102,3.021227,0.0
21.054273,21.590001,45.290637,2278.559865,-0.363634,53.970094,8.103008,3.018584,0.0
21.071315,21.615109,45.269529,2274.349915,-0.382415,53.983441,8.097102,3.016384,0.0
21.088312,21.64017,45.247353,2270.147537,-0.401558,53.996779,8.092406,3.014634,0.0
21.105272,21.665195,45.224134,2265.951958,-0.421008,54.010125,8.088895,3.013326,0.0
21.122195,21.690185,45.199854,2261.762619,-0.440714,54.023464,8.086577,3.012463,0.0
21.139083,21.71513,45.174512,2257.578934,-0.460649,54.036802,8.085457,3.012045,0.0
21.155935,21.740038,45.148094,2253.400318,-0.480766,54.050139,8.085539,3.012076,0.0
21.172751,21.76491,45.120596,2249.226184,-0.501012,54.06347,8.086824,3.012555,0.0
21.189525,21.789739,45.092017,2245.055921,-0.521357,54.076799,8.089311,3.013481,0.0
21.206265,21.814529,45.062359,2240.888913,-0.541746,54.090132,8.092996,3.014854,0.0
21.222973,21.839284,45.031626,2236.724533,-0.562142,54.103465,8.097873,3.016671,0.0
21.239645,21.863997,44.999823,2232.562153,-0.582504,54.116788,8.103934,3.018929,0.0
21.256277,21.88867,44.966952,2228.401136,-0.602782,54.130111,8.111168,3.021624,0.0
21.272871,21.913307,44.933024,2224.240839,-0.622937,54.143436,8.119563,3.024751,0.0
21.289435,21.937904,44.898052,2220.080622,-0.642929,54.156754,8.129103,3.028305,0.0
21.30596,21.962459,44.862054,2215.919839,-0.662708,54.170073,8.13977,3.032279,0.0
21.322445,21.986979,44.82504,2211.757853,-0.682236,54.183389,8.151546,3.036665,0.0
21.338899,22.01146,44.787037,2207.594008,-0.701475,54.1967,8.164408,3.041457,0.0
21.355311,22.035898,44.748059,2203.42767,-0.720383,54.210018,8.178332,3.046644,0.0
21.371694,22.0603,44.708136,2199.25819,-0.738911,54.223326,8.193292,3.052217,0.0
21.388033,22.084665,44.667279,2195.084955,-0.757032,54.236626,8.209258,3.058165,0.0
21.404344,22.108984,44.625518,2190.907199,-0.774692,54.249935,8.226225,3.064485,0.0
21.420609,22.133267,44.582848,2186.724222,-0.791851,54.263235,8.24416,3.071167,0.0
21.436846,22.157504,44.539358,2182.535555,-0.808481,54.276535,8.262999,3.078185,0.0
21.45304,22.181705,44.495065,2178.340595,-0.824546,54.289826,8.282705,3.085526,0.0
21.469204,22.20587,44.450003,2174.138761,-0.840013,54.303116,8.303238,3.093174,0.0
21.485327,22.229991,44.404219,2169.929484,-0.854856,54.316406,8.324555,3.101116,0.0
21.501411,22.254075,44.357737,2165.712206,-0.869034,54.32969,8.346615,3.109334,0.0
21.517466,22.278116,44.310607,2161.486389,-0.882532,54.34297,8.36937,3.117811,0.0
21.533482,22.302117,44.262864,2157.251503,-0.89531,54.356245,8.392775,3.12653,0.0
21.549459,22.326078,44.214549,2153.007046,-0.907346,54.369516,8.41678,3.135472,0.0
21.565399,22.349998,44.16571,2148.752539,-0.91862,54.382783,8.441334,3.144619,0.0
21.581304,22.373883,44.116388,2144.487516,-0.929103,54.396044,8.466385,3.153951,0.0
21.597172,22.397723,44.066629,2140.211535,-0.938776,54.409302,8.491879,3.163449,0.0
21.613005,22.42152,44.016479,2135.924187,-0.947627,54.422554,8.517762,3.17309,0.0
21.628801,22.445281,43.965979,2131.625081,-0.955625,54.435804,8.543975,3.182855,0.0
21.644562,22.468993,43.915184,2127.313851,-0.962762,54.449047,8.570462,3.192723,0.0
21.660284,22.492669,43.864137,2122.990162,-0.969037,54.462287,8.597164,3.20267,0.0
21.675965,22.516307,43.812882,2118.653698,-0.974421,54.475519,8.62402,3.212674,0.0
21.691616,22.539901,43.761471,2114.304188,-0.978914,54.488743,8.650971,3.222714,0.0
21.707224,22.56345,43.709961,2109.94138,-0.982516,54.501966,8.677955,3.232767,0.0
21.722803,22.586962,43.658387,2105.564718,-0.985195,54.515181,8.704908,3.242807,0.0
21.738337,22.610418,43.606794,2101.17392,-0.986947,54.528385,8.731762,3.252811,0.0
21.753834,22.633846,43.555254,2096.769266,-0.987799,54.541581,8.758455,3.262755,0.0
21.769295,22.657223,43.5038,2092.350637,-0.987751,54.554776,8.784926,3.272616,0.0
21.784712,22.680562,43.452483,2087.917945,-0.986819,54.567964,8.811113,3.282371,0.0
21.800099,22.703857,43.40134,2083.471156,-0.985004,54.581142,8.836954,3.291998,0.0
21.815445,22.727107,43.350423,2079.010258,-0.982322,54.594312,8.862388,3.301473,0.0
21.830759,22.750312,43.299781,2074.535273,-0.978781,54.607472,8.887356,3.310774,0.0
21.846034,22.773472,43.24945,2070.04626,-0.974403,54.620629,8.911798,3.319879,0.0
21.861264,22.796592,43.199474,2065.543312,-0.969202,54.633776,8.935657,3.328768,0.0
21.876459,22.819672,43.149896,2061.026563,-0.963202,54.646914,8.958877,3.337418,0.0
21.891618,22.842702,43.100749,2056.496172,-0.956427,54.660044,8.981403,3.345809,0.0
21.906736,22.865686,43.052074,2051.952332,-0.948898,54.673163,9.003183,3.353922,0.0
21.921818,22.88863,43.00391,2047.395283,-0.940644,54.686279,9.024165,3.361739,0.0
21.936864,22.91153,42.956284,2042.825278,-0.931697,54.699383,9.044301,3.36924,0.0
21.951872,22.934385,42.909239,2038.242615,-0.922084,54.712473,9.063545,3.376409,0.0
21.966837,22.957194,42.862795,2033.647616,-0.91184,54.725561,9.081855,3.38323,0.0
21.981765,22.979959,42.816986,2029.040652,-0.901007,54.738631,9.099188,3.389687,0.0
21.996658,23.002678,42.771844,2024.422104,-0.88961,54.751693,9.115508,3.395766,0.0
22.011514,23.025353,42.727387,2019.792376,-0.877693,54.764755,9.130779,3.401455,0.0
22.026324,23.047972,42.68366,2015.15165,-0.865296,54.777798,9.144941,3.406731,0.0
22.041097,23.070553,42.640683,2010.500408,-0.852445,54.790832,9.157961,3.411581,0.0
22.055834,23.09309,42.598452,2005.839451,-0.839205,54.803848,9.169846,3.416009,0.0
22.070527,23.115574,42.556994,2001.169296,-0.82562,54.816863,9.180575,3.420006,0.0
22.085183,23.138012,42.516309,1996.490487,-0.81174,54.829862,9.190133,3.423566,0.0
22.099802,23.160412,42.476413,1991.803572,-0.797607,54.842857,9.198504,3.426685,0.0
22.114379,23.182762,42.437309,1987.109133,-0.783266,54.855833,9.205681,3.429359,0.0
22.128917,23.205058,42.399009,1982.407756,-0.76877,54.8688,9.211658,3.431585,0.0
22.143419,23.227312,42.361519,1977.700044,-0.754168,54.881761,9.216432,3.433364,0.0
22.157885,23.249525,42.324834,1972.986609,-0.739503,54.894709,9.220006,3.434695,0.0
22.172311,23.271688,42.28895,1968.268072,-0.724826,54.907642,9.222385,3.435581,0.0
22.186695,23.293801,42.253866,1963.545068,-0.710188,54.920563,9.223579,3.436026,0.0
22.20104,23.315865,42.219577,1958.818237,-0.695636,54.933473,9.2236,3.436034,0.0
22.215343,23.337882,42.18607,1954.088219,-0.68122,54.946377,9.222464,3.435611,0.0
22.22961,23.359858,42.15334,1949.35565,-0.666989,54.959263,9.220193,3.434765,0.0
22.243841,23.381781,42.121374,1944.621179,-0.652986,54.972135,9.216809,3.433504,0.0
22.258035,23.40366,42.090156,1939.88544,-0.639256,54.985003,9.212339,3.431839,0.0
22.272184,23.425492,42.059658,1935.149082,-0.625854,54.997855,9.206812,3.42978,0.0
22.286297,23.447272,42.029877,1930.412726,-0.612817,55.010697,9.200261,3.427339,0.0
22.300366,23.469015,42.00078,1925.67701,-0.600186,55.023522,9.192723,3.424531,0.0
22.314406,23.490703,41.972366,1920.942579,-0.588026,55.036337,9.18421,3.42136,0.0
22.328391,23.512336,41.944601,1916.210119,-0.576376,55.049143,9.174765,3.417841,0.0
22.342349,23.533923,41.917447,1911.480164,-0.565273,55.06194,9.164459,3.414002,0.0
22.356262,23.555465,41.890873,1906.75329,-0.554744,55.07472,9.153337,3.409859,0.0
22.370139,23.576962,41.864844,1902.030068,-0.544822,55.087489,9.141448,3.40543,0.0
22.38398,23.598414,41.839333,1897.311031,-0.535548,55.100249,9.128839,3.400733,0.0
22.397777,23.619815,41.814301,1892.596712,-0.526958,55.112994,9.115562,3.395787,0.0
22.411543,23.641167,41.789718,1887.887616,-0.519074,55.125727,9.101668,3.390611,0.0
22.42527,23.662469,41.765554,1883.184218,-0.51193,55.138451,9.087211,3.385225,0.0
22.438952,23.683728,41.741762,1878.486992,-0.505551,55.15116,9.072245,3.37965,0.0
22.452593,23.704941,41.718308,1873.796375,-0.499962,55.163862,9.056823,3.373905,0.0
22.466203,23.726104,41.695152,1869.112778,-0.495181,55.176554,9.041002,3.368011,0.0
22.479775,23.747218,41.672254,1864.436601,-0.491227,55.189229,9.024837,3.361989,0.0
22.493302,23.768285,41.64958,1859.768207,-0.48812,55.201892,9.008384,3.35586,0.0
22.5068,23.789311,41.627084,1855.107939,-0.48588,55.21455,8.991699,3.349644,0.0
22.520259,23.810282,41.60473,1850.45612,-0.484514,55.227192,8.974836,3.343363,0.0
22.533675,23.831203,41.582475,1845.813038,-0.484033,55.239825,8.957853,3.337036,0.0
22.547055,23.852085,41.560276,1841.178947,-0.484443,55.252447,8.940802,3.330684,0.0
22.560399,23.872915,41.538093,1836.554091,-0.485754,55.265053,8.92374,3.324328,0.0
22.573698,23.893699,41.51589,1831.938689,-0.487965,55.277649,8.906718,3.317987,0.0
22.586969,23.914437,41.493613,1827.333169,-0.491109,55.290236,8.889794,3.311682,0.0
22.600194,23.935128,41.471234,1822.737719,-0.495179,55.302814,8.873024,3.305435,0.0
22.613382,23.955775,41.448704,1818.152183,-0.50014,55.315383,8.856455,3.299263,0.0
22.626535,23.976369,41.425979,1813.576655,-0.506001,55.327943,8.840136,3.293183,0.0
22.639652,23.996916,41.403034,1809.011214,-0.512738,55.340486,8.824115,3.287215,0.0
22.652732,24.017418,41.379826,1804.455884,-0.520348,55.353019,8.808437,3.281375,0.0
22.665777,24.037875,41.356316,1799.91069,-0.528817,55.365549,8.793147,3.275679,0.0
22.678779,24.058287,41.332465,1795.37562,-0.538135,55.378067,8.778288,3.270143,0.0
22.691748,24.078649,41.30824,1790.850631,-0.548276,55.390566,8.763901,3.264784,0.0
22.70468,24.098967,41.283613,1786.335656,-0.559227,55.403058,8.750025,3.259614,0.0
22.717575,24.119239,41.258542,1781.830614,-0.570969,55.415546,8.736698,3.25465,0.0
22.730436,24.139462,41.232996,1777.335394,-0.583473,55.428024,8.723955,3.249903,0.0
22.743259,24.15964,41.206952,1772.849853,-0.596715,55.44049,8.71183,3.245386,0.0
22.756048,24.179772,41.180379,1768.373829,-0.610674,55.452944,8.700355,3.241111,0.0
22.768795,24.19986,41.153243,1763.907142,-0.62532,55.465393,8.68956,3.23709,0.0
22.781507,24.219903,41.125521,1759.449596,-0.64063,55.477826,8.679473,3.233332,0.0
22.794183,24.239901,41.097186,1755.00095,-0.656564,55.490251,8.670118,3.229847,0.0
22.806831,24.259852,41.068225,1750.560975,-0.673095,55.502675,8.661521,3.226644,0.0
22.819434,24.279751,41.038605,1746.12939,-0.690183,55.51508,8.653702,3.223732,0.0
22.832001,24.299614,41.00831,1741.705922,-0.707809,55.527477,8.646681,3.221116,0.0
22.844541,24.31943,40.977293,1737.290463,-0.725935,55.539865,8.640499,3.218813,0.0
22.857035,24.339191,40.945555,1732.882683,-0.744523,55.552244,8.635171,3.216829,0.0
22.8695,24.358916,40.913089,1728.482005,-0.763526,55.564622,8.630689,3.215159,0.0
22.881923,24.378588,40.879877,1724.08808,-0.78291,55.576983,8.627063,3.213808,0.0
22.894316,24.398221,40.845918,1719.700544,-0.802625,55.589335,8.624302,3.212779,0.0
22.906667,24.417804,40.811198,1715.319011,-0.822636,55.601677,8.622411,3.212075,0.0
22.918987,24.437347,40.775712,1710.943089,-0.842907,55.614011,8.621396,3.211697,0.0
22.931274,24.456841,40.739456,1706.572368,-0.863393,55.626335,8.621259,3.211646,0.0
22.943525,24.476292,40.70242,1702.206432,-0.884048,55.638651,8.621999,3.211922,0.0
22.955739,24.495697,40.6646,1697.844855,-0.904841,55.650957,8.623617,3.212524,0.0
22.967918,24.515058,40.626003,1693.487206,-0.925726,55.66325,8.626106,3.213452,0.0
22.980061,24.534374,40.586627,1689.133046,-0.946657,55.675533,8.629463,3.214702,0.0
22.992171,24.55364,40.546476,1684.781917,-0.967597,55.687812,8.633678,3.216272,0.0
23.004248,24.572864,40.50556,1680.433367,-0.988502,55.700083,8.638743,3.218159,0.0
23.016286,24.592046,40.463879,1676.086939,-1.00933,55.712344,8.644645,3.220358,0.0
23.028294,24.611179,40.421438,1671.742176,-1.030042,55.724594,8.65137,3.222863,0.0
23.040266,24.630273,40.378253,1667.398607,-1.050601,55.73683,8.658904,3.22567,0.0
23.052202,24.649313,40.33434,1663.055779,-1.070963,55.749065,8.667228,3.228771,0.0
23.064102,24.66831,40.289709,1658.713217,-1.091081,55.761289,8.676324,3.232159,0.0
23.075967,24.68727,40.244367,1654.37047,-1.110936,55.773496,8.68617,3.235827,0.0
23.087794,24.706175,40.198321,1650.02703,-1.130458,55.785694,8.696763,3.239773,0.0
23.099593,24.725033,40.151582,1645.682415,-1.149629,55.797892,8.708076,3.243988,0.0
23.111348,24.743855,40.104195,1641.336184,-1.168396,55.810072,8.720062,3.248453,0.0
23.123075,24.762624,40.056176,1636.987897,-1.18675,55.822242,8.732693,3.253158,0.0
23.134766,24.781348,40.007558,1632.637109,-1.204636,55.834404,8.74594,3.258093,0.0
23.146422,24.800033,39.958353,1628.283395,-1.222038,55.846556,8.75977,3.263245,0.0
23.158042,24.818669,39.908584,1623.926335,-1.23892,55.858693,8.774151,3.268602,0.0
23.169626,24.837258,39.858282,1619.565513,-1.255247,55.870824,8.78905,3.274152,0.0
23.181179,24.855801,39.807475,1615.200536,-1.270994,55.882944,8.804431,3.279882,0.0
23.1927,24.874299,39.756188,1610.831016,-1.286136,55.895051,8.820256,3.285778,0.0
23.204181,24.892752,39.704443,1606.456581,-1.300647,55.907149,8.836489,3.291825,0.0
23.215625,24.911157,39.652274,1602.076875,-1.314507,55.919237,8.853091,3.298009,0.0
23.227038,24.929514,39.599716,1597.691546,-1.327693,55.931314,8.870022,3.304316,0.0
23.238418,24.947829,39.54679,1593.30027,-1.340186,55.943375,8.88724,3.310731,0.0
23.249766,24.966096,39.493527,1588.902741,-1.351964,55.955428,8.904705,3.317237,0.0
23.261072,24.984322,39.439966,1584.498668,-1.363019,55.967471,8.922374,3.323819,0.0
23.272343,25.002496,39.386139,1580.087775,-1.373333,55.979504,8.940204,3.330461,0.0
23.283585,25.020624,39.332065,1575.669811,-1.382899,55.99152,8.958152,3.337147,0.0
23.294792,25.038708,39.277779,1571.244547,-1.391699,56.003526,8.976175,3.343861,0.0
23.305963,25.056747,39.223323,1566.811764,-1.399734,56.015514,8.994228,3.350586,0.0
23.317097,25.07474,39.168718,1562.371055,-1.406982,56.027494,9.012265,3.357306,0.0
23.328193,25.092677,39.114003,1557.922251,-1.413427,56.039464,9.03024,3.364002,0.0
23.339254,25.110569,39.059205,1553.465415,-1.419097,56.051416,9.048107,3.370658,0.0
23.350279,25.128415,39.004368,1549.000428,-1.424001,56.063358,9.065824,3.377258,0.0
23.361275,25.146217,38.949511,1544.527207,-1.428141,56.075292,9.083348,3.383786,0.0
23.372238,25.163967,38.894671,1540.045686,-1.431515,56.087209,9.100635,3.390226,0.0
23.383157,25.181669,38.839872,1535.555808,-1.434138,56.099108,9.117644,3.396562,0.0
23.394044,25.199327,38.78515,1531.057555,-1.436027,56.110996,9.134333,3.40278,0.0
23.404898,25.216933,38.730534,1526.550929,-1.437192,56.122868,9.150663,3.408863,0.0
23.415717,25.234496,38.676046,1522.035965,-1.437643,56.134728,9.166595,3.414798,0.0
23.426499,25.252014,38.621717,1517.512718,-1.437406,56.146574,9.182089,3.42057,0.0
23.437245,25.269478,38.567572,1512.981261,-1.436504,56.158407,9.197111,3.426166,0.0
23.447955,25.286891,38.513631,1508.44169,-1.434946,56.170227,9.211624,3.431572,0.0
23.45863,25.304259,38.459921,1503.894132,-1.432766,56.182032,9.225595,3.436777,0.0
23.469271,25.32158,38.406462,1499.33874,-1.429995,56.193825,9.238992,3.441768,0.0
23.47988,25.338851,38.353281,1494.775678,-1.426647,56.2056,9.251785,3.446533,0.0
23.490448,25.356081,38.300399,1490.205144,-1.42276,56.217357,9.263946,3.451064,0.0
23.500987,25.37325,38.247834,1485.627354,-1.418372,56.229098,9.27545,3.455349,0.0
23.511482,25.390375,38.195594,1481.04254,-1.41351,56.240828,9.286271,3.45938,0.0
23.52195,25.407454,38.143697,1476.450956,-1.408208,56.252541,9.296387,3.463149,0.0
23.53238,25.424477,38.09218,1471.852694,-1.402499,56.264245,9.305758,3.46664,0.0
23.542765,25.441455,38.041042,1467.248105,-1.39641,56.27593,9.314368,3.469847,0.0
23.553122,25.458378,37.990298,1462.637666,-1.390006,56.287598,9.32222,3.472772,0.0
23.563444,25.475256,37.939951,1458.021716,-1.383319,56.299247,9.329302,3.47541,0.0
23.57373,25.492089,37.89,1453.400594,-1.376392,56.310878,9.335605,3.477759,0.0
23.583979,25.50887,37.840466,1448.774663,-1.369275,56.322498,9.341122,3.479814,0.0
23.594193,25.525597,37.791349,1444.144294,-1.361997,56.334103,9.345848,3.481574,0.0
23.604371,25.542275,37.742651,1439.509881,-1.354611,56.34569,9.349781,3.483039,0.0
23.614513,25.558904,37.694371,1434.871822,-1.347157,56.357264,9.352921,3.484209,0.0
23.624619,25.575483,37.646511,1430.230518,-1.339676,56.368819,9.355271,3.485085,0.0
23.634688,25.592013,37.599073,1425.586381,-1.332218,56.380357,9.356836,3.485668,0.0
23.644722,25.608488,37.55205,1420.939841,-1.324827,56.391881,9.357624,3.485961,0.0
23.65472,25.624914,37.505435,1416.291325,-1.317544,56.403387,9.357646,3.485969,0.0
23.664685,25.641294,37.459231,1411.641261,-1.310417,56.414876,9.356913,3.485696,0.0
23.674618,25.657627,37.413427,1406.990094,-1.303487,56.426349,9.355439,3.485147,0.0
23.684507,25.673906,37.368007,1402.338258,-1.2968,56.437808,9.353243,3.484329,0.0
23.694363,25.690132,37.322964,1397.686189,-1.290391,56.449244,9.350341,3.483248,0.0
23.704189,25.706312,37.278287,1393.034327,-1.284305,56.46067,9.346757,3.481913,0.0
23.713972,25.722439,37.233961,1388.383115,-1.278589,56.472078,9.342511,3.480331,0.0
23.723727,25.738521,37.189975,1383.732985,-1.273272,56.483467,9.337629,3.478513,0.0
23.733435,25.754547,37.146315,1379.084422,-1.268417,56.494838,9.33212,3.47646,0.0
23.743117,25.770518,37.102968,1374.437889,-1.264061,56.5062,9.326017,3.474187,0.0
23.752762,25.786443,37.059909,1369.793764,-1.260226,56.517536,9.319364,3.471708,0.0
23.762363,25.802315,37.017114,1365.152455,-1.256946,56.528861,9.312193,3.469037,0.0
23.771935,25.818133,36.974572,1360.514363,-1.254255,56.540169,9.304536,3.466185,0.0
23.781472,25.833905,36.932246,1355.879886,-1.252187,56.551459,9.296426,3.463163,0.0
23.790973,25.849631,36.89012,1351.249403,-1.250769,56.562738,9.287898,3.459986,0.0
23.800445,25.865307,36.84818,1346.623284,-1.250026,56.573996,9.278985,3.456666,0.0
23.809878,25.880928,36.806396,1342.001887,-1.24999,56.585238,9.269725,3.453216,0.0
23.819271,25.896495,36.764741,1337.385564,-1.250685,56.596466,9.260153,3.44965,0.0
23.828633,25.912013,36.723194,1332.774644,-1.252127,56.607675,9.250305,3.445982,0.0
23.83796,25.927486,36.681733,1328.169439,-1.254338,56.618867,9.240219,3.442225,0.0
23.847249,25.94291,36.640329,1323.570257,-1.25734,56.630045,9.229932,3.438393,0.0
23.856508,25.95828,36.598954,1318.977394,-1.261145,56.64121,9.219482,3.4345,0.0
23.865731,25.973599,36.557587,1314.39111,-1.265766,56.652357,9.208904,3.430559,0.0
23.874918,25.988871,36.516197,1309.811661,-1.271217,56.663486,9.198238,3.426586,0.0
23.884068,26.004091,36.474764,1305.239293,-1.277508,56.674598,9.187519,3.422592,0.0
23.893184,26.019264,36.433257,1300.674217,-1.284652,56.685692,9.176783,3.418593,0.0
23.902273,26.034383,36.391657,1296.116636,-1.292635,56.696777,9.166067,3.414601,0.0
23.911325,26.049449,36.34993,1291.566745,-1.301482,56.707844,9.155406,3.41063,0.0
23.92034,26.064468,36.308046,1287.024959,-1.3112,56.718902,9.144839,3.406693,0.0
23.929319,26.079441,36.265977,1282.491375,-1.321804,56.729941,9.134403,3.402805,0.0
23.938261,26.09436,36.22371,1277.96594,-1.333246,56.740962,9.124126,3.398977,0.0
23.947168,26.109225,36.181221,1273.448757,-1.345533,56.751965,9.114043,3.395221,0.0
23.956046,26.124044,36.138476,1268.939921,-1.358658,56.762958,9.104183,3.391548,0.0
23.96489,26.138811,36.095456,1264.439503,-1.372598,56.773928,9.094576,3.387969,0.0
23.973697,26.15353,36.052143,1259.947558,-1.387356,56.784891,9.085252,3.384495,0.0
23.982476,26.168205,36.008508,1255.464124,-1.402907,56.795841,9.076238,3.381137,0.0
23.991215,26.182829,35.964529,1250.989213,-1.419241,56.806773,9.06756,3.377905,0.0
23.99992,26.197398,35.920194,1246.52283,-1.436337,56.817688,9.059243,3.374806,0.0
24.008594,26.211919,35.87548,1242.064959,-1.454176,56.828589,9.051311,3.371852,0.0
24.017235,26.226394,35.830361,1237.615567,-1.472735,56.839476,9.043786,3.369048,0.0
24.025846,26.240821,35.784825,1233.174605,-1.491989,56.85035,9.036689,3.366404,0.0
24.034421,26.255197,35.738856,1228.742001,-1.511917,56.861211,9.030039,3.363927,0.0
24.04296,26.269526,35.692434,1224.317679,-1.532492,56.872054,9.023854,3.361623,0.0
24.051465,26.283802,35.645549,1219.901548,-1.553683,56.882882,9.018149,3.359498,0.0
24.059941,26.298034,35.598183,1215.493477,-1.575468,56.893699,9.012941,3.357558,0.0
24.068383,26.312219,35.550322,1211.093358,-1.597809,56.904499,9.008242,3.355807,0.0
24.076796,26.32635,35.501956,1206.701037,-1.620685,56.915289,9.004064,3.354251,0.0
24.085165,26.340428,35.453085,1202.316362,-1.644047,56.926061,9.000417,3.352892,0.0
24.093506,26.354469,35.403658,1197.939396,-1.667891,56.936825,8.997325,3.35174,0.0
24.101819,26.368445,35.353696,1193.5699,-1.69216,56.947569,8.994794,3.350797,0.0
24.110096,26.382384,35.303186,1189.207484,-1.716825,56.958296,8.992814,3.35006,0.0
24.118338,26.396271,35.252135,1184.851961,-1.741837,56.969013,8.99139,3.349529,0.0
24.126543,26.410111,35.200529,1180.503106,-1.767167,56.979721,8.990522,3.349206,0.0
24.13472,26.4239,35.148364,1176.160695,-1.792777,56.990413,8.990211,3.34909,0.0
24.142869,26.437641,35.095649,1171.824501,-1.818629,57.001087,8.990456,3.349181,0.0
24.150986,26.451337,35.042372,1167.494289,-1.844685,57.011749,8.991253,3.349478,0.0
24.159066,26.464988,34.988533,1163.169803,-1.870906,57.022396,8.992599,3.34998,0.0
24.167116,26.478589,34.934142,1158.850801,-1.897255,57.033031,8.994487,3.350683,0.0
24.175134,26.492135,34.879198,1154.53702,-1.923692,57.043651,8.99691,3.351586,0.0
24.183116,26.505637,34.823699,1150.228193,-1.950185,57.054258,8.99986,3.352685,0.0
24.191065,26.519095,34.767652,1145.924065,-1.976695,57.064853,9.003325,3.353975,0.0
24.198985,26.532498,34.711062,1141.624363,-2.003183,57.075432,9.007295,3.355454,0.0
24.206871,26.545854,34.653938,1137.328804,-2.029613,57.086,9.011755,3.357116,0.0
24.21473,26.559169,34.596281,1133.037121,-2.055948,57.096552,9.016693,3.358955,0.0
24.222559,26.572431,34.538111,1128.74905,-2.082164,57.107093,9.022092,3.360967,0.0
24.230346,26.585647,34.47943,1124.464307,-2.108207,57.117617,9.027936,3.363144,0.0
24.238113,26.598811,34.420246,1120.182619,-2.134065,57.128123,9.034206,3.36548,0.0
24.245836,26.611929,34.360576,1115.903713,-2.159689,57.13862,9.040884,3.367967,0.0
24.253531,26.625,34.300414,1111.627407,-2.185054,57.149107,9.047961,3.370603,0.0
24.261198,26.638026,34.239782,1107.353378,-2.210114,57.159567,9.05541,3.373378,0.0
24.268829,26.650998,34.178699,1103.081319,-2.234851,57.170027,9.0632,3.376281,0.0
24.276433,26.663924,34.117175,1098.810966,-2.25924,57.180461,9.071309,3.379301,0.0
24.284002,26.676797,34.055241,1094.542073,-2.283262,57.190884,9.079711,3.382431,0.0
24.291535,26.689631,33.992895,1090.274407,-2.306886,57.201298,9.088382,3.385661,0.0
24.299045,26.702415,33.930161,1086.007732,-2.330085,57.211697,9.097296,3.388982,0.0
24.306519,26.715146,33.867062,1081.741823,-2.352846,57.222077,9.106429,3.392384,0.0
24.313959,26.727834,33.803603,1077.476463,-2.375148,57.232445,9.115752,3.395857,0.0
24.321372,26.740475,33.739805,1073.211441,-2.396973,57.242799,9.125238,3.399391,0.0
24.328754,26.753062,33.675693,1068.946568,-2.418302,57.253135,9.134861,3.402976,0.0
24.336103,26.765604,33.611278,1064.681661,-2.439127,57.263457,9.144593,3.406601,0.0
24.343422,26.778103,33.546574,1060.416543,-2.459437,57.273766,9.154404,3.410257,0.0
24.350705,26.790547,33.481601,1056.151058,-2.479215,57.284057,9.164269,3.413931,0.0
24.357958,26.802943,33.416381,1051.885055,-2.498461,57.294333,9.174157,3.417615,0.0
24.365185,26.815298,33.350932,1047.618405,-2.517168,57.304598,9.184041,3.421297,0.0
24.372373,26.8276,33.28527,1043.350978,-2.535339,57.314847,9.193894,3.424967,0.0
24.379539,26.839849,33.219412,1039.082674,-2.552956,57.325084,9.203686,3.428615,0.0
24.386663,26.852062,33.153377,1034.813402,-2.570041,57.335295,9.213391,3.432231,0.0
24.393768,26.86422,33.087188,1030.543092,-2.586577,57.345497,9.222982,3.435803,0.0
24.400826,26.876323,33.020842,1026.271621,-2.602575,57.355681,9.232426,3.439321,0.0
24.407866,26.888389,32.954376,1021.998981,-2.618029,57.365856,9.241696,3.442775,0.0
24.41487,26.900401,32.887802,1017.725154,-2.632961,57.376004,9.25077,3.446155,0.0
24.421839,26.91236,32.821144,1013.450123,-2.647404,57.386141,9.259624,3.449453,0.0
24.428779,26.92428,32.754405,1009.173901,-2.661353,57.396262,9.268233,3.452661,0.0
24.435685,26.936149,32.6876,1004.896513,-2.674828,57.406372,9.276576,3.455769,0.0
24.442562,26.947964,32.620752,1000.617984,-2.687856,57.41646,9.284629,3.458769,0.0
9.293676,10.243816,45.369716,3503.527691,-1.247798,49.706945,11.628729,4.332008,0.0
0.074792,0.074792,53.14141,5027.700976,-0.289441,45.000159,13.0774,4.871676,0.0
0.119946,0.119946,53.113267,5020.807606,-0.161441,45.000288,13.09328,4.877591,0.0
0.165032,0.165037,53.101097,5013.883025,-0.033436,45.000445,13.079574,4.872486,0.0
0.210055,0.210065,53.104829,5006.942832,0.094095,45.000628,13.036587,4.856472,0.0
0.25502,0.25503,53.12433,5000.002503,0.220685,45.000839,12.964922,4.829775,0.0
0.299922,0.299932,53.159409,4993.077229,0.345871,45.001073,12.865466,4.792724,0.0
0.344761,0.344771,53.20982,4986.181781,0.469209,45.001329,12.739368,4.74575,0.0
0.389537,0.389547,53.275277,4979.330372,0.590272,45.001613,12.588013,4.689366,0.0
0.434249,0.434261,53.355426,4972.536511,0.708656,45.00193,12.412994,4.624167,0.0
0.478899,0.478921,53.449878,4965.812942,0.823976,45.002266,12.216076,4.55081,0.0
0.523486,0.523516,53.558205,4959.171531,0.935895,45.002629,11.999161,4.470003,0.0
0.56801,0.568041,53.679936,4952.623182,1.04408,45.003019,11.764255,4.382495,0.0
0.612479,0.612518,53.814947,4946.181463,1.148112,45.003437,11.512988,4.288891,0.0
0.656827,0.656978,53.959238,4939.860391,1.19671,45.130347,11.253029,4.19205,40.509975
0.701024,0.70148,54.108987,4933.666521,1.240461,45.258575,10.99103,4.094448,43.999999
0.74506,0.746028,54.263695,4927.601568,1.281019,45.383987,10.728171,3.996526,43.999999
0.788949,0.790605,54.422972,4921.666485,1.318359,45.506575,10.465397,3.898636,43.999999
0.832687,0.83523,54.586405,4915.861754,1.352484,45.626336,10.203586,3.801104,43.999999
0.876285,0.87989,54.753603,4910.187409,1.383409,45.743266,9.943541,3.704231,43.999999
0.919742,0.924582,54.924179,4904.643084,1.411153,45.857385,9.685995,3.608288,43.999999
0.963055,0.969311,55.097741,4899.228034,1.435742,45.968722,9.431612,3.513524,43.999999
1.006235,1.014071,55.273909,4893.941175,1.457216,46.077303,9.180982,3.420157,43.999999
1.049288,1.058862,55.452304,4888.781119,1.475623,46.183163,8.93463,3.328385,43.999999
1.092216,1.103685,55.632561,4883.746218,1.491009,46.286348,8.693016,3.238377,43.999999
1.135018,1.148535,55.814323,4878.834581,1.503428,46.386906,8.456539,3.150283,43.999999
1.177696,1.193415,55.997232,4874.0441,1.512944,46.484892,8.225537,3.064229,43.999999
1.220258,1.238326,56.180945,4869.372504,1.519618,46.580372,8.000295,2.980321,43.999999
1.262703,1.283259,56.365127,4864.817361,1.523514,46.673394,7.781049,2.898645,43.999999
1.305032,1.328224,56.549446,4860.376106,1.524714,46.764027,7.567982,2.819273,43.999999
1.347254,1.373209,56.733594,4856.046074,1.52328,46.852338,7.361241,2.742256,43.999999
1.389368,1.418221,56.91726,4851.824516,1.519296,46.938387,7.160927,2.667634,43.999999
1.431383,1.46325,57.100154,4847.708635,1.512829,47.022261,6.967108,2.595431,43.999999
1.473296,1.508307,57.281931,4843.698863,1.503881,47.103949,6.780038,2.525742,43.999999
1.515099,1.553383,57.462311,4839.790994,1.492567,47.183558,6.599651,2.458543,43.999999
1.55681,1.598486,57.641043,4835.979801,1.47901,47.261202,6.425777,2.393771,43.999999
1.598432,1.643607,57.817874,4832.262394,1.463294,47.336959,6.258374,2.331409,43.999999
1.639964,1.688746,57.992563,4828.635874,1.445497,47.410888,6.097378,2.271434,43.999999
1.681399,1.733903,58.164866,4825.097365,1.425694,47.483065,5.94271,2.213816,43.999999
1.722755,1.779085,58.334562,4821.644021,1.403957,47.553564,5.794278,2.158521,43.999999
1.764026,1.824282,58.501421,4818.273035,1.380358,47.622451,5.651978,2.10551,43.999999
1.805208,1.869499,58.665238,4814.981633,1.354974,47.689791,5.515696,2.054742,43.999999
1.84631,1.914732,58.825817,4811.767084,1.327883,47.755652,5.385313,2.006171,43.999999
1.887339,1.95998,58.982958,4808.62671,1.299146,47.820101,5.260703,1.95975,43.999999
1.928289,2.005249,59.136478,4805.557879,1.268835,47.883203,5.141734,1.915431,43.999999
1.969159,2.050534,59.286204,4802.558016,1.237025,47.94502,5.028274,1.873164,43.999999
2.009961,2.095829,59.431963,4799.624598,1.203774,48.005618,4.920188,1.832899,43.999999
2.050686,2.141149,59.573597,4796.75515,1.169147,48.065053,4.81734,1.794586,43.999999
2.091347,2.186484,59.710952,4793.947275,1.133205,48.123379,4.719596,1.758174,43.999999
2.131935,2.231829,59.843881,4791.198613,1.096018,48.180656,4.626823,1.723613,43.999999
2.172453,2.277192,59.972255,4788.506862,1.057648,48.236949,4.538888,1.690855,43.999999
2.212906,2.322565,60.095939,4785.869775,1.018141,48.292302,4.455664,1.659852,43.999999
2.253288,2.367964,60.214806,4783.285168,0.977564,48.346765,4.377024,1.630557,43.999999
2.293605,2.413364,60.328575,4780.752504,0.935927,48.400382,4.302993,1.602978,43.999999
2.333867,2.45879,60.437175,4778.268944,0.893324,48.453198,4.233391,1.57705,43.999999
2.374058,2.504227,60.540614,4775.831362,0.84981,48.505293,4.16801,1.552693,43.999999
2.414192,2.549681,60.638796,4773.437752,0.805445,48.556708,4.10674,1.529869,43.999999
2.454266,2.595145,60.731629,4771.086178,0.760273,48.607495,4.04948,1.508538,43.999999
2.494276,2.640625,60.819026,4768.774732,0.71435,48.657696,3.996133,1.488665,43.999999
2.534229,2.686116,60.90091,4766.50155,0.667723,48.707355,3.946606,1.470215,43.999999
2.574123,2.731623,60.977203,4764.264797,0.620433,48.756521,3.900814,1.453156,43.999999
2.613959,2.777148,61.047834,4762.062682,0.572524,48.805232,3.858676,1.437458,43.999999
2.653742,2.822685,61.112747,4759.893432,0.524049,48.853528,3.820117,1.423094,43.999999
2.693465,2.868237,61.17188,4757.755308,0.475052,48.901457,3.785067,1.410037,43.999999
2.733134,2.913802,61.225175,4755.646597,0.425573,48.94906,3.753463,1.398264,43.999999
2.772751,2.959379,61.272584,4753.565602,0.375652,48.996372,3.725247,1.387752,43.999999
2.812308,3.004975,61.314067,4751.51065,0.325334,49.04343,3.700367,1.378484,43.999999
2.851811,3.050586,61.349585,4749.480083,0.274661,49.090276,3.678776,1.370441,43.999999
2.891262,3.096208,61.379096,4747.472248,0.223672,49.136953,3.660435,1.363609,43.999999
2.930664,3.141847,61.40258,4745.485511,0.172403,49.183501,3.645309,1.357974,43.999999
2.970006,3.187496,61.420006,4743.518254,0.120898,49.229946,3.633369,1.353525,43.999999
3.009302,3.233162,61.431363,4741.568855,0.069198,49.276332,3.624591,1.350255,43.999999
3.048535,3.278837,61.436619,4739.635681,0.017346,49.322691,3.618958,1.348157,43.999999
3.087721,3.32454,61.435564,4737.717547,-0.034637,49.369069,3.616566,1.347266,43.999999
3.126853,3.370244,61.428268,4735.812512,-0.086693,49.415511,3.617369,1.347565,43.999999
3.16593,3.415973,61.414853,4733.918624,-0.138787,49.462042,3.621299,1.349029,43.999999
3.204953,3.461713,61.395334,4732.034234,-0.190883,49.508704,3.628365,1.351662,43.999999
3.24393,3.50747,61.369714,4730.157678,-0.242934,49.555532,3.638578,1.355466,43.999999
3.282848,3.553245,61.337999,4728.287283,-0.294902,49.602567,3.651956,1.36045,43.999999
3.321716,3.599031,61.300212,4726.421341,-0.346753,49.649845,3.668523,1.366621,43.999999
3.360533,3.644838,61.256377,4724.558135,-0.398447,49.697405,3.688308,1.373992,43.999999
3.399296,3.690661,61.20651,4722.695914,-0.449941,49.745291,3.711345,1.382574,43.999999
3.438,3.736493,61.150644,4720.832896,-0.501194,49.793535,3.737675,1.392382,43.999999
3.47665,3.782343,61.088821,4718.967272,-0.552162,49.842175,3.767344,1.403435,43.999999
3.515251,3.828217,61.021079,4717.097194,-0.602812,49.89126,3.800404,1.415751,43.999999
3.553797,3.874104,60.947461,4715.220776,-0.653099,49.940827,3.836912,1.429351,43.999999
3.59229,3.920007,60.868013,4713.336095,-0.702972,49.990915,3.87693,1.444258,43.999999
3.630726,3.965932,60.78279,4711.441173,-0.752396,50.041567,3.920526,1.460499,43.999999
3.669102,4.011867,60.691859,4709.534,-0.801324,50.092833,3.967774,1.4781,43.999999
3.707423,4.057823,60.595281,4707.612497,-0.849712,50.144756,4.018751,1.497091,43.999999
3.745689,4.103803,60.493126,4705.674552,-0.897516,50.197379,4.073542,1.517502,43.999999
3.783893,4.149793,60.385478,4703.717977,-0.944677,50.250751,4.132235,1.539366,43.999999
3.822043,4.19581,60.272405,4701.740535,-0.991154,50.304908,4.194923,1.562719,43.999999
3.860137,4.241836,60.15382,4699.739031,-1.036867,50.35995,4.26185,1.587651,43.999999
3.898158,4.28789,60.029906,4697.711233,-1.08178,50.41591,4.33307,1.614183,43.999999
3.936124,4.333962,59.900859,4695.655177,-1.125841,50.472823,4.408604,1.642321,43.999999
3.974027,4.380053,59.766797,4693.568349,-1.169006,50.530746,4.488563,1.672108,43.999999
4.01186,4.426169,59.627823,4691.448156,-1.211218,50.589733,4.573059,1.703585,43.999999
4.049636,4.472304,59.484069,4689.291948,-1.252423,50.649834,4.662209,1.736795,43.999999
4.087344,4.518458,59.335656,4687.096984,-1.292558,50.711113,4.75613,1.771784,43.999999
4.12498,4.564636,59.182711,4684.860458,-1.331561,50.773626,4.854942,1.808594,43.999999
4.16255,4.610835,59.025383,4682.579475,-1.369378,50.837436,4.958765,1.84727,43.999999
4.200051,4.657052,58.863818,4680.251072,-1.405942,50.902605,5.067718,1.887858,43.999999
4.237485,4.703292,58.698161,4677.872208,-1.441186,50.969202,5.18192,1.930402,43.999999
4.274844,4.749559,58.528583,4675.439761,-1.475047,51.037291,5.301487,1.974944,43.999999
4.312124,4.795849,58.355259,4672.950533,-1.50746,51.106934,5.426532,2.021526,43.999999
4.349334,4.84216,58.178358,4670.401251,-1.538356,51.178204,5.557163,2.07019,43.999999
4.386464,4.888496,57.998062,4667.788574,-1.567662,51.25117,5.693482,2.120972,43.999999
4.423512,4.934854,57.814569,4665.109084,-1.595314,51.325904,5.835583,2.173908,43.999999
4.460479,4.981245,57.628085,4662.359306,-1.621225,51.402485,5.983551,2.22903,43.999999
4.497365,5.027655,57.438815,4659.535716,-1.645328,51.480977,6.137458,2.286365,43.999999
4.534161,5.074092,57.246988,4656.634709,-1.667561,51.561464,6.297366,2.345934,43.999999
4.570875,5.120555,57.052809,4653.652663,-1.68783,51.644023,6.463317,2.407756,43.999999
4.607487,5.167047,56.856477,4650.582769,-1.705993,51.728808,6.635553,2.471918,43.999999
4.644007,5.213567,56.658263,4647.422308,-1.721999,51.815862,6.813987,2.538389,43.999999
4.680438,5.260113,56.458474,4644.169274,-1.735803,51.905225,6.998473,2.607115,43.999999
4.716762,5.306686,56.25738,4640.819967,-1.747345,51.996983,7.188963,2.678078,43.999999
4.752993,5.353294,56.055239,4637.370684,-1.756542,52.091197,7.385378,2.751248,43.999999
4.78912,5.399924,55.852341,4633.817753,-1.763316,52.187956,7.587608,2.826584,43.999999
4.825132,5.446585,55.648971,4630.15756,-1.767599,52.287334,7.795509,2.904032,43.999999
4.86104,5.493276,55.445415,4626.386561,-1.769314,52.389404,8.008895,2.983524,43.999999
4.896837,5.539999,55.241984,4622.501301,-1.768393,52.494237,8.227541,3.064976,43.999999
4.932517,5.586754,55.038987,4618.498432,-1.764776,52.601902,8.451179,3.148286,43.999999
4.96808,5.633535,54.83674,4614.374751,-1.758395,52.712461,8.679492,3.233339,43.999999
5.003522,5.680348,54.635569,4610.12722,-1.74919,52.825979,8.912114,3.319997,43.999999
5.038835,5.727196,54.435798,4605.752996,-1.737111,52.942516,9.14863,3.408105,43.999999
5.074018,5.774077,54.23776,4601.249448,-1.722103,53.062125,9.388569,3.497489,43.999999
5.109077,5.820989,54.041797,4596.614189,-1.704128,53.184857,9.631407,3.587952,43.999999
5.143994,5.867933,53.848243,4591.84513,-1.683142,53.31074,9.876563,3.67928,43.999999
5.178774,5.914907,53.657441,4586.940492,-1.659128,53.439816,10.123402,3.771233,43.999999
5.213411,5.961916,53.469746,4581.89882,-1.63206,53.572115,10.371231,3.863556,43.999999
5.247903,6.008961,53.285499,4576.719058,-1.601923,53.707655,10.619305,3.95597,43.999999
5.282251,6.056033,53.105047,4571.400519,-1.568718,53.846435,10.866825,4.048178,43.999999
5.316431,6.103143,52.928893,4565.938026,-1.532334,53.98858,11.112857,4.139832,43.999999
5.350455,6.150289,52.757337,4560.334078,-1.492848,54.134019,11.356454,4.230578,43.999999
5.384317,6.197462,52.590629,4554.592254,-1.450354,54.282664,11.596703,4.320077,43.999999
5.418018,6.244679,52.429115,4548.713868,-1.404896,54.434479,11.832627,4.407965,43.999999
5.451549,6.291925,52.273098,4542.700777,-1.356531,54.589424,12.063223,4.493868,43.999999
5.484908,6.339198,52.122898,4536.555381,-1.305318,54.74742,12.28747,4.577406,43.999999
5.518091,6.386505,51.978818,4530.28065,-1.251351,54.908409,12.504333,4.658193,43.999999
5.551093,6.433848,51.841154,4523.880102,-1.194724,55.072297,12.712781,4.735846,43.999999
5.583921,6.481227,51.710176,4517.357833,-1.135543,55.238983,12.911788,4.809981,43.999999
5.616562,6.528637,51.586149,4510.7185,-1.07393,55.408361,13.10035,4.880225,43.999999
5.649015,6.576074,51.469327,4503.967308,-1.010019,55.580304,13.277491,4.946215,43.999999
5.681279,6.623542,51.359935,4497.110002,-0.943961,55.754671,13.442279,5.007603,43.999999
5.713349,6.671042,51.258178,4490.152836,-0.87592,55.931309,13.593833,5.06406,43.999999
5.745227,6.718573,51.164249,4483.10255,-0.806066,56.110068,13.731334,5.115283,43.999999
5.776907,6.766134,51.07832,4475.96634,-0.734576,56.290766,13.854038,5.160994,43.999999
5.808386,6.813717,51.000535,4468.75182,-0.661649,56.47322,13.961283,5.200945,43.999999
5.839661,6.861335,50.931022,4461.466985,-0.587477,56.657252,14.052496,5.234924,43.999999
5.870737,6.908979,50.869882,4454.120139,-0.512275,56.842651,14.127204,5.262755,43.999999
5.901615,6.956641,50.817195,4446.719867,-0.436269,57.029214,14.185038,5.2843,43.999999
5.932285,7.00433,50.772995,4439.274969,-0.359656,57.216744,14.225737,5.299462,43.999999
5.962732,7.052047,50.737627,4431.793493,-0.28268,57.405029,14.248526,5.307951,43.999999
5.992977,7.099792,50.710956,4424.285819,-0.205575,57.593828,14.253674,5.309869,43.999999
6.023015,7.147555,50.692772,4416.761739,-0.128578,57.782914,14.241615,5.305376,43.999999
6.052846,7.195336,50.683026,4409.230349,-0.051919,57.972058,14.212559,5.294552,43.999999
6.082471,7.243136,50.681643,4401.700627,0.024181,58.161062,14.166826,5.277515,43.999999
6.111888,7.29096,50.688526,4394.18144,0.0995,58.349701,14.104835,5.254422,43.999999
6.141092,7.338798,50.703539,4386.681435,0.173825,58.537773,14.027105,5.225466,43.999999
6.170098,7.386651,50.726538,4379.20902,0.246948,58.725076,13.934239,5.190871,43.999999
6.198898,7.434522,50.75736,4371.772311,0.318672,58.911417,13.826921,5.150892,43.999999
6.227492,7.482406,50.795817,4364.379103,0.388796,59.096609,13.705907,5.105811,43.999999
6.255889,7.530304,50.841698,4357.036816,0.457144,59.28047,13.572012,5.055931,43.999999
6.284087,7.578215,50.894779,4349.752456,0.523547,59.462835,13.426102,5.001576,43.999999
6.312088,7.626136,50.954814,4342.53262,0.587835,59.643549,13.269083,4.943083,43.999999
6.339891,7.674065,51.021549,4335.383456,0.649867,59.822464,13.101892,4.8808,43.999999
6.367498,7.722003,51.094721,4328.310629,0.709506,59.999439,12.925486,4.815084,43.999999
6.394918,7.769953,51.174042,4321.319348,0.766618,60.174355,12.740831,4.746295,43.999999
6.422155,7.817917,51.25921,4314.414345,0.821107,60.347107,12.548896,4.674794,43.999999
6.449197,7.865882,51.349932,4307.599857,0.872858,60.517589,12.35064,4.600938,43.999999
6.476057,7.913846,51.445895,4300.879631,0.921795,60.685715,12.147011,4.525081,43.999999
6.50273,7.96182,51.546782,4294.256969,0.967842,60.851411,11.938932,4.447566,43.999999
6.529224,8.009804,51.652429,4287.738483,1.010828,61.014512,11.727202,4.368691,43.999999
6.555545,8.057787,51.762385,4281.324868,1.050743,61.17501,11.512811,4.288825,43.999999
6.581695,8.10577,51.87625,4275.016106,1.087618,61.332917,11.29664,4.208296,43.999999
6.607673,8.153762,51.993685,4268.813649,1.121426,61.488199,11.079464,4.127392,43.999999
6.633481,8.201754,52.11435,4262.718559,1.152142,61.640839,10.862011,4.046385,43.999999
6.659132,8.249747,52.237926,4256.731532,1.179769,61.790818,10.644962,3.965529,43.999999
6.684617,8.29774,52.36408,4250.852913,1.204317,61.938147,10.428953,3.885059,43.999999
6.709949,8.345733,52.492477,4245.082738,1.225786,62.082829,10.214568,3.805195,43.999999
6.735131,8.393731,52.622798,4239.420733,1.244195,62.224878,10.002345,3.726137,43.999999
6.760161,8.441728,52.754722,4233.866352,1.259578,62.364314,9.792774,3.648066,43.999999
6.785042,8.489721,52.887931,4228.418795,1.27197,62.501167,9.586296,3.571148,43.999999
6.809779,8.537714,53.022115,4223.077032,1.281408,62.635469,9.38331,3.49553,43.999999
6.834373,8.585707,53.156972,4217.839824,1.287943,62.767258,9.184168,3.421344,43.999999
6.858825,8.633699,53.292201,4212.705747,1.291623,62.896582,8.989184,3.348708,43.999999
6.883142,8.68169,53.427504,4207.673217,1.292499,63.023482,8.798628,3.277721,43.999999
6.907327,8.729673,53.562599,4202.740491,1.290634,63.148023,8.612737,3.208471,43.999999
6.931386,8.777656,53.697202,4197.905708,1.286083,63.270249,8.431709,3.141033,43.999999
6.955317,8.825639,53.831057,4193.166885,1.278923,63.390231,8.255712,3.07547,43.999999
6.979115,8.873623,53.963884,4188.521955,1.269212,63.508014,8.084883,3.011832,43.999999
7.002795,8.921606,54.095447,4183.96875,1.257027,63.623674,7.919332,2.95016,43.999999
7.026345,8.969579,54.225413,4179.50832,1.242341,63.737196,7.759346,2.890561,43.999999
7.049776,9.017553,54.353556,4175.136459,1.225299,63.848684,7.604885,2.83302,43.999999
7.07309,9.065527,54.479682,4170.849223,1.205997,63.958261,7.455889,2.777515,43.999999
7.096295,9.113493,54.603572,4166.64425,1.184517,64.065978,7.312377,2.724053,43.999999
7.119384,9.161457,54.725003,4162.519147,1.160937,64.171903,7.174353,2.672635,43.999999
7.142371,9.209421,54.843777,4158.471517,1.135334,64.276118,7.041804,2.623257,43.999999
7.165245,9.257385,54.959698,4154.498956,1.107784,64.378688,6.914709,2.575911,43.999999
7.188008,9.305344,55.07257,4150.599041,1.078352,64.479678,6.793034,2.530584,43.999999
7.21067,9.353298,55.182215,4146.769364,1.047118,64.579156,6.676737,2.48726,43.999999
7.233232,9.401253,55.288458,4143.007523,1.014157,64.677196,6.565767,2.445921,43.999999
7.25569,9.449203,55.391134,4139.311116,0.979542,64.773864,6.460068,2.406545,43.999999
7.278049,9.497153,55.490091,4135.677769,0.943349,64.869225,6.359581,2.369111,43.999999
7.300314,9.5451,55.585174,4132.105119,0.905646,64.963347,6.26424,2.333594,43.999999
7.32248,9.593039,55.676239,4128.590811,0.866505,65.056296,6.173978,2.299969,43.999999
7.34455,9.640984,55.763151,4125.132518,0.825999,65.148139,6.088726,2.26821,43.999999
7.366528,9.688927,55.845784,4121.72793,0.784197,65.23894,6.008414,2.238292,43.999999
7.388415,9.73686,55.924332,4118.374085,0.746907,65.314554,5.932716,2.210093,36.698783
7.410251,9.784772,56.000259,4115.065379,0.73553,65.322194,5.860255,2.183099,0.0
7.432061,9.832649,56.074888,4111.797419,0.722636,65.329852,5.789837,2.156867,0.0
7.453853,9.880499,56.148074,4108.569465,0.708275,65.337528,5.721531,2.131421,0.0
7.475617,9.92832,56.219598,4105.382193,0.69243,65.345223,5.65548,2.106815,0.0
7.497363,9.976096,56.289363,4102.233906,0.675174,65.352946,5.591694,2.083053,0.0
7.519082,10.023853,56.357236,4099.123056,0.656584,65.360686,5.53018,2.060138,0.0
7.540774,10.071568,56.423104,4096.048751,0.636695,65.368445,5.470978,2.038083,0.0
7.562447,10.11926,56.486841,4093.010061,0.615555,65.376221,5.414119,2.016902,0.0
7.584094,10.16692,56.54832,4090.006029,0.59321,65.384023,5.359634,1.996605,0.0
7.605721,10.214551,56.607427,4087.035689,0.569701,65.391839,5.307545,1.9772,0.0
7.627324,10.262149,56.664051,4084.098028,0.545089,65.399682,5.257875,1.958697,0.0
7.648906,10.309722,56.718086,4081.192029,0.519415,65.407544,5.210638,1.9411,0.0
7.670469,10.357266,56.769438,4078.316655,0.492723,65.415425,5.16585,1.924415,0.0
7.69201,10.40478,56.818006,4075.470842,0.465065,65.423324,5.123521,1.908646,0.0
7.713529,10.452266,56.863699,4072.653512,0.436487,65.431244,5.083659,1.893797,0.0
7.735025,10.499729,56.906429,4069.863577,0.407043,65.43919,5.046271,1.879869,0.0
7.756501,10.547168,56.946117,4067.099936,0.376784,65.44715,5.011361,1.866864,0.0
7.77796,10.594573,56.982687,4064.361464,0.34575,65.455135,4.978931,1.854783,0.0
7.799389,10.641951,57.016073,4061.647031,0.313992,65.463141,4.948985,1.843627,0.0
7.820806,10.689304,57.046207,4058.955499,0.281567,65.471171,4.921521,1.833396,0.0
7.842197,10.736637,57.073029,4056.285698,0.248519,65.47922,4.89654,1.82409,0.0
7.86357,10.783935,57.096473,4053.636477,0.21489,65.487287,4.874041,1.815709,0.0
7.884925,10.831215,57.116506,4051.006646,0.180749,65.495381,4.854023,1.808251,0.0
7.906252,10.878467,57.132931,4048.395667,0.146113,65.503494,4.836579,1.801753,0.0
7.927561,10.925691,57.145795,4045.801859,0.111047,65.511625,4.821656,1.796194,0.0
7.948851,10.972897,57.155107,4043.223696,0.075618,65.519783,4.809207,1.791556,0.0
7.970116,11.020077,57.160848,4040.659956,0.03987,65.52796,4.799234,1.787841,0.0
7.991369,11.06723,57.162985,4038.109399,0.003853,65.536162,4.791733,1.785047,0.0
8.012598,11.114355,57.161506,4035.570784,-0.032382,65.544377,4.786704,1.783173,0.0
8.033807,11.161461,57.156396,4033.042856,-0.068791,65.552621,4.784147,1.782221,0.0
8.054999,11.208542,57.147644,4030.524334,-0.105318,65.560882,4.784061,1.782189,0.0
8.076166,11.255597,57.135242,4028.013943,-0.141911,65.569164,4.786446,1.783077,0.0
8.097312,11.302629,57.119186,4025.51039,-0.178523,65.577467,4.791304,1.784887,0.0
8.118444,11.349644,57.09949,4023.012366,-0.215107,65.585794,4.798635,1.787618,0.0
8.139555,11.396632,57.076163,4020.518554,-0.251613,65.594143,4.80844,1.79127,0.0
8.160641,11.443591,57.049212,4018.027621,-0.287988,65.602513,4.820721,1.795846,0.0
8.181714,11.490533,57.018664,4015.538225,-0.324182,65.610905,4.835481,1.801344,0.0
8.202767,11.537454,56.984545,4013.049011,-0.360145,65.619311,4.852721,1.807766,0.0
8.223796,11.584347,56.946876,4010.558603,-0.395827,65.627743,4.872443,1.815113,0.0
8.244806,11.631216,56.905704,4008.065622,-0.431182,65.6362,4.89465,1.823386,0.0
8.265798,11.678065,56.861064,4005.568677,-0.466153,65.644669,4.919344,1.832585,0.0
8.286771,11.724888,56.812998,4003.066343,-0.500687,65.653172,4.946526,1.842711,0.0
8.307718,11.771683,56.76155,4000.557215,-0.534735,65.661684,4.976197,1.853764,0.0
8.328656,11.81846,56.70666,3998.039457,-0.568231,65.670214,5.008456,1.865782,0.0
8.349566,11.865209,56.648459,3995.511717,-0.601124,65.678773,5.043245,1.878741,0.0
8.370449,11.91194,56.587069,3992.972663,-0.633379,65.687358,5.080522,1.892628,0.0
8.391321,11.958645,56.522566,3990.420816,-0.664938,65.695954,5.120283,1.90744,0.0
8.412169,12.005323,56.455013,3987.854704,-0.695757,65.704574,5.162524,1.923176,0.0
8.433004,12.051974,56.384496,3985.272837,-0.725779,65.713207,5.207238,1.939833,0.0
8.453811,12.098604,56.311102,3982.67371,-0.754957,65.721862,5.254415,1.957408,0.0
8.4746,12.145211,56.234924,3980.055827,-0.783238,65.730544,5.304044,1.975896,0.0
8.495368,12.191796,56.156053,3977.41768,-0.810573,65.739242,5.356111,1.995292,0.0
8.516115,12.238353,56.074585,3974.757745,-0.836914,65.74796,5.410598,2.01559,0.0
8.536843,12.284883,55.990625,3972.074512,-0.862209,65.756695,5.467482,2.036781,0.0
8.55755,12.33139,55.90429,3969.366476,-0.886414,65.765447,5.526739,2.058856,0.0
8.578233,12.377871,55.815686,3966.632121,-0.909473,65.774222,5.588337,2.081803,0.0
8.598898,12.424325,55.72493,3963.869935,-0.931335,65.783016,5.652244,2.105609,0.0
8.619543,12.470752,55.632154,3961.078425,-0.951966,65.791827,5.718417,2.130261,0.0
8.640163,12.517152,55.53747,3958.256107,-0.971313,65.800657,5.786811,2.155739,0.0
8.660763,12.563526,55.441022,3955.401514,-0.989321,65.809505,5.857374,2.182026,0.0
8.681337,12.609881,55.342946,3952.513195,-1.005956,65.81837,5.930047,2.209098,0.0
8.701893,12.6562,55.243376,3949.589707,-1.021174,65.827254,6.004765,2.236933,0.0
8.722431,12.702492,55.142435,3946.629686,-1.035235,65.837202,6.081468,2.265507,0.475328
8.742912,12.748765,55.03922,3943.632541,-1.067857,65.915138,6.16104,2.295149,31.824525
8.763311,12.795029,54.932915,3940.599353,-1.099144,65.994079,6.244261,2.326152,32.999999
8.783638,12.841302,54.823706,3937.528441,-1.129074,66.074063,6.331064,2.358488,32.999999
8.803885,12.887559,54.711729,3934.417588,-1.157572,66.155115,6.421429,2.392151,32.999999
8.824043,12.933813,54.597144,3931.264575,-1.184576,66.237291,6.515331,2.427132,32.999999
8.844125,12.980067,54.480091,3928.067177,-1.210028,66.32063,6.612735,2.463418,32.999999
8.864122,13.026315,54.360738,3924.82318,-1.233867,66.405166,6.713598,2.500992,32.999999
8.884035,13.072554,54.239251,3921.530382,-1.256028,66.49095,6.817864,2.539834,32.999999
8.903868,13.118789,54.115793,3918.186596,-1.276454,66.57802,6.925471,2.57992,32.999999
8.923609,13.165019,53.990546,3914.789659,-1.29509,66.666412,7.036342,2.621223,32.999999
8.94326,13.21124,53.86369,3911.337433,-1.311875,66.756168,7.150387,2.663707,32.999999
8.962826,13.257457,53.735413,3907.827829,-1.32675,66.847327,7.267504,2.707336,32.999999
8.982302,13.303666,53.605907,3904.258794,-1.339663,66.939925,7.387575,2.752066,32.999999
9.001688,13.349863,53.475361,3900.628327,-1.350565,67.034003,7.510467,2.797847,32.999999
9.020982,13.396058,53.343978,3896.934489,-1.359402,67.129592,7.636031,2.844623,32.999999
9.040176,13.442243,53.211965,3893.175413,-1.366131,67.226722,7.764101,2.892332,32.999999
9.059273,13.48842,53.079534,3889.34932,-1.370709,67.325431,7.894494,2.940907,32.999999
9.078279,13.534588,52.946896,3885.454508,-1.373088,67.425746,8.027005,2.990271,32.999999
9.097185,13.580746,52.814257,3881.489397,-1.373239,67.527692,8.161416,3.040342,32.999999
9.115984,13.626896,52.681847,3877.452483,-1.371114,67.631303,8.297485,3.091031,32.999999
9.134679,13.673036,52.549915,3873.33945,-1.366602,67.736656,8.434996,3.142258,32.999999
9.153274,13.719167,52.418686,3869.150794,-1.359731,67.843735,8.573611,3.193896,32.999999
9.171762,13.765281,52.288366,3864.886595,-1.350522,67.952533,8.713008,3.245825,32.999999
9.190141,13.811385,52.1592,3860.545972,-1.338948,68.063058,8.852865,3.297925,32.999999
9.208413,13.857472,52.031403,3856.128208,-1.325008,68.175326,8.992841,3.35007,32.999999
9.226569,13.903548,51.905197,3851.632778,-1.308701,68.289332,9.132578,3.402126,32.999999
9.244621,13.949615,51.780814,3847.059343,-1.290026,68.405083,9.271702,3.453953,32.999999
9.262556,13.995667,51.658474,3842.407763,-1.268998,68.522573,9.409823,3.505407,32.999999
9.280377,14.041701,51.538402,3837.678115,-1.245631,68.641794,9.546537,3.556336,32.999999
9.298079,14.087717,51.42081,3832.870695,-1.219954,68.762733,9.681429,3.606587,32.999999
9.315664,14.13372,51.305913,3827.98603,-1.191997,68.885377,9.814071,3.656,32.999999
9.333133,14.179705,51.193919,3823.02488,-1.161792,69.009701,9.944031,3.704413,32.999999
9.35048,14.225667,51.085035,3817.988247,-1.129393,69.135671,10.07087,3.751664,32.999999
9.367704,14.271615,50.979465,3812.877369,-1.094859,69.26326,10.194146,3.797588,32.999999
9.384798,14.317547,50.877394,3807.693733,-1.058246,69.392435,10.313418,3.84202,32.999999
9.401772,14.363456,50.77901,3802.439084,-1.019631,69.523145,10.42825,3.884797,32.999999
9.418621,14.409344,50.684486,3797.115394,-0.979082,69.655341,10.538209,3.92576,32.999999
9.435342,14.455207,50.594004,3791.724901,-0.936693,69.788977,10.642877,3.964752,32.999999
9.45193,14.50105,50.507701,3786.270057,-0.892563,69.923995,10.741845,4.00162,32.999999
9.468391,14.546867,50.425747,3780.753567,-0.84678,70.060326,10.834724,4.03622,32.999999
9.484721,14.592666,50.348448,3775.176117,-0.799405,70.197949,10.920867,4.06831,32.999999
9.500905,14.638437,50.275843,3769.542595,-0.750605,70.336759,11.00007,4.097816,32.999999
9.516962,14.684181,50.207968,3763.857261,-0.700513,70.476653,11.072117,4.124655,32.999999
9.532885,14.729898,50.144923,3758.123685,-0.649272,70.617562,11.136724,4.148723,32.999999
9.548673,14.775588,50.086797,3752.345605,-0.597005,70.759387,11.193641,4.169926,32.999999
9.564326,14.82125,50.033667,3746.5269,-0.543858,70.902055,11.242652,4.188184,32.999999
9.579845,14.86688,49.985583,3740.671609,-0.489971,71.045465,11.28358,4.203431,32.999999
9.595221,14.912485,49.9426,3734.783874,-0.435486,71.189524,11.316286,4.215614,32.999999
9.610466,14.958062,49.904754,3728.867939,-0.380554,71.334137,11.340671,4.224698,32.999999
9.625574,15.003602,49.872056,3722.928117,-0.325332,71.479212,11.356677,4.230661,32.999999
9.640538,15.049111,49.84451,3716.968785,-0.269968,71.624649,11.36429,4.233497,32.999999
9.655366,15.094589,49.822113,3710.994359,-0.214611,71.770347,11.363533,4.233215,32.999999
9.670061,15.140034,49.804836,3705.009257,-0.159418,71.916212,11.354474,4.22984,32.999999
9.684615,15.185449,49.792637,3699.017891,-0.104543,72.062144,11.337219,4.223412,32.999999
9.699034,15.230829,49.785469,3693.02464,-0.050135,72.208043,11.311914,4.213986,32.999999
9.713319,15.276172,49.783267,3687.033838,0.00366,72.353825,11.278741,4.201628,32.999999
9.727466,15.321481,49.785954,3681.049743,0.056699,72.499383,11.237919,4.186421,32.999999
9.741472,15.366761,49.793439,3675.076532,0.108839,72.644633,11.189699,4.168457,32.999999
9.755351,15.411996,49.805606,3669.118272,0.159951,72.78948,11.134362,4.147843,32.999999
9.769095,15.457195,49.822361,3663.178896,0.209882,72.933849,11.072218,4.124693,32.999999
9.782689,15.502367,49.843745,3657.263312,0.258464,73.077618,11.00335,4.099037,32.999999
9.796156,15.547493,49.869493,3651.374823,0.305603,73.22073,10.928316,4.071085,32.999999
9.809496,15.592582,49.899396,3645.516548,0.351191,73.363108,10.847585,4.041011,32.999999
9.822694,15.637635,49.933284,3639.691766,0.395133,73.504683,10.761549,4.00896,32.999999
9.835771,15.682645,49.971005,3633.903575,0.437335,73.645394,10.67061,3.975083,32.999999
9.848717,15.727624,50.012375,3628.15488,0.477689,73.785176,10.57518,3.939533,32.999999
9.861534,15.772563,50.057222,3622.448389,0.516118,73.923973,10.475673,3.902464,32.999999
9.87422,15.817462,50.105362,3616.786608,0.552543,74.06174,10.372509,3.864032,32.999999
9.886781,15.862326,50.156599,3611.17185,0.586894,74.198424,10.266104,3.824394,32.999999
9.899226,15.907154,50.210732,3605.606215,0.619107,74.33398,10.156873,3.783703,32.999999
9.911544,15.951941,50.267562,3600.091599,0.649128,74.468375,10.045225,3.742111,32.999999
9.923735,15.996688,50.326885,3594.629703,0.676914,74.601578,9.931561,3.699768,32.999999
9.93581,16.041398,50.388493,3589.222032,0.702424,74.733558,9.816274,3.65682,32.999999
9.947768,16.086072,50.452177,3583.869888,0.72562,74.864287,9.699742,3.613409,32.999999
9.959608,16.130708,50.51773,3578.574388,0.74648,74.993756,9.582336,3.569672,32.999999
9.971332,16.175303,50.584938,3573.336471,0.764987,75.121946,9.464408,3.525741,32.999999
9.98294,16.219868,50.653581,3568.15688,0.781125,75.248847,9.346297,3.481742,32.999999
9.994439,16.264389,50.723448,3563.036201,0.794888,75.374453,9.228327,3.437795,32.999999
10.005822,16.308874,50.794335,3557.97484,0.806275,75.498762,9.110805,3.394015,32.999999
10.017096,16.353322,50.866028,3552.973075,0.815296,75.621776,8.99402,3.350509,32.999999
10.028259,16.397734,50.938331,3548.033477,0.82187,75.743448,8.8783,3.3074,32.999999
10.039302,16.442099,51.011017,3543.154354,0.826072,75.863817,8.763888,3.264779,32.999999
10.050246,16.486437,51.083856,3538.334663,0.827951,75.982924,8.651006,3.222727,32.999999
10.061091,16.53074,51.156661,3533.574096,0.827548,76.100771,8.539873,3.181327,32.999999
10.071829,16.575007,51.229229,3528.872208,0.824892,76.217389,8.430691,3.140654,32.999999
10.082459,16.619231,51.30137,3524.228462,0.820014,76.332789,8.323647,3.100778,32.999999
10.092995,16.663423,51.372898,3519.642206,0.812956,76.447002,8.218912,3.061761,32.999999
10.103428,16.707582,51.443619,3515.112686,0.803759,76.560054,8.116641,3.023662,32.999999
10.113765,16.75171,51.513354,3510.639076,0.792466,76.671965,8.016976,2.986535,32.999999
10.124006,16.795802,51.581929,3506.22046,0.779131,76.782763,7.920047,2.950426,32.999999
10.134148,16.839857,51.649169,3501.855844,0.763798,76.892481,7.825968,2.915379,32.999999
10.144192,16.883882,51.714914,3497.544167,0.746522,77.001158,7.734843,2.881432,32.999999
10.154144,16.92787,51.779002,3493.284299,0.727362,77.108825,7.646763,2.84862,32.999999
10.164008,16.971822,51.841273,3489.075057,0.706367,77.215512,7.561811,2.816974,32.999999
10.173776,17.015741,51.90158,3484.915204,0.683606,77.321262,7.480059,2.786519,32.999999
10.183454,17.059631,51.959776,3480.80345,0.659134,77.426105,7.401568,2.757279,32.999999
10.193042,17.103487,52.01573,3476.738462,0.633017,77.530083,7.326394,2.729274,32.999999
10.20254,17.147314,52.069292,3472.718856,0.605315,77.633238,7.254582,2.702523,32.999999
10.211949,17.191106,52.120353,3468.743231,0.576089,77.735612,7.186174,2.677039,32.999999
10.221276,17.234871,52.168784,3464.810126,0.545405,77.837231,7.121202,2.652835,32.999999
10.23051,17.278598,52.214335,3460.919729,0.513277,77.938128,7.059842,2.629977,32.999999
10.239662,17.322298,52.256996,3457.069237,0.479817,78.03836,7.002017,2.608436,32.999999
10.248724,17.365963,52.296683,3453.25655,0.445113,78.137968,6.9477,2.588201,32.999999
10.257696,17.409599,52.333294,3449.480113,0.409223,78.237013,6.896903,2.569278,32.999999
10.266593,17.453201,52.366757,3445.738331,0.372223,78.33553,6.849639,2.551671,32.999999
10.275404,17.496774,52.396975,3442.029599,0.334182,78.433554,6.805914,2.535382,32.999999
10.284132,17.54032,52.423868,3438.352286,0.295168,78.531144,6.765734,2.520414,32.999999
10.292785,17.583833,52.447369,3434.70475,0.255249,78.628333,6.729102,2.506768,32.999999
10.301355,17.627316,52.467415,3431.085318,0.214499,78.725165,6.696021,2.494444,32.999999
10.309839,17.670771,52.483938,3427.492303,0.172983,78.821695,6.66649,2.483443,32.999999
10.318243,17.714195,52.496882,3423.924014,0.130766,78.91796,6.640508,2.473764,32.999999
10.326566,17.757587,52.506206,3420.378737,0.087925,79.013997,6.618074,2.465407,32.999999
10.334811,17.800952,52.511867,3416.854741,0.044533,79.109862,6.599186,2.45837,32.999999
10.342978,17.84429,52.513826,3413.350273,0.000653,79.205601,6.583841,2.452654,32.999999
10.351061,17.887599,52.512051,3409.863572,-0.043642,79.301251,6.572036,2.448256,32.999999
10.359069,17.930873,52.506519,3406.392871,-0.088275,79.396864,6.563768,2.445176,32.999999
10.366998,17.974121,52.497213,3402.936365,-0.133189,79.492479,6.559034,2.443413,32.999999
10.374852,18.01734,52.484117,3399.492262,-0.178301,79.588151,6.557831,2.442965,32.999999
10.382618,18.060525,52.467224,3396.058727,-0.223543,79.68391,6.560156,2.443831,32.999999
10.390312,18.103691,52.446542,3392.633924,-0.268848,79.779822,6.566006,2.44601,32.999999
10.397921,18.14682,52.4219,3389.216215,-0.314142,79.875921,6.575529,2.449557,32.999999
10.405458,18.189913,52.393438,3385.803383,-0.359346,79.972276,6.588615,2.454432,32.999999
10.412905,18.232986,52.361215,3382.393462,-0.404391,80.068909,6.605217,2.460617,32.999999
10.420278,18.276026,52.325262,3378.984549,-0.449209,80.165877,6.625331,2.46811,32.999999
10.427572,18.319037,52.285606,3375.574725,-0.493717,80.263218,6.648954,2.47691,32.999999
10.434792,18.362021,52.24228,3372.162056,-0.537858,80.360993,6.67608,2.487016,32.999999
10.441927,18.404971,52.195324,3368.744596,-0.581548,80.459239,6.706706,2.498424,32.999999
10.448984,18.447892,52.144787,3365.320394,-0.624725,80.557998,6.740825,2.511135,32.999999
10.455963,18.49078,52.090726,3361.887477,-0.667314,80.657327,6.778429,2.525143,32.999999
10.462856,18.533637,52.033199,3358.44385,-0.709247,80.757271,6.819509,2.540447,32.999999
10.469668,18.576467,51.972272,3354.987521,-0.75045,80.857877,6.864056,2.557041,32.999999
10.476405,18.619266,51.908012,3351.516486,-0.79085,80.959193,6.912054,2.574922,32.999999
10.48306,18.662033,51.840494,3348.028723,-0.830381,81.061259,6.963489,2.594083,32.999999
10.489631,18.704769,51.769806,3344.52221,-0.868968,81.164127,7.018342,2.614517,32.999999
10.496118,18.747472,51.696037,3340.994909,-0.906545,81.267844,7.076591,2.636216,32.999999
10.502528,18.790146,51.619272,3337.444793,-0.943041,81.372457,7.138209,2.659171,32.999999
10.50885,18.832784,51.539619,3333.869829,-0.978381,81.478015,7.203165,2.683368,32.999999
10.51509,18.875387,51.45718,3330.267969,-1.012498,81.584567,7.271424,2.708797,32.999999
10.52124,18.917963,51.37206,3326.637184,-1.045323,81.692149,7.342945,2.73544,32.999999
10.527309,18.960502,51.284386,3322.97546,-1.076797,81.800812,7.417681,2.763281,32.999999
10.533294,19.003004,51.194166,3319.279247,-1.106769,81.910657,7.495712,2.79235,32.999999
10.539179,19.045469,51.101615,3315.547425,-1.135237,82.021696,7.576874,2.822585,32.999999
10.544982,19.087899,51.006898,3311.778436,-1.162135,82.133957,7.661058,2.853946,32.999999
10.550704,19.1303,50.910158,3307.970315,-1.187409,82.247483,7.748185,2.886403,32.999999
10.556329,19.17266,50.811526,3304.121138,-1.210993,82.362315,7.838168,2.919924,32.999999
10.561863,19.214981,50.71115,3300.229019,-1.232827,82.478497,7.93091,2.954472,32.999999
10.567307,19.257267,50.609177,3296.292099,-1.252857,82.596071,8.026302,2.990009,32.999999
10.57266,19.299516,50.505774,3292.308576,-1.27102,82.715073,8.124226,3.026488,32.999999
10.577919,19.341724,50.401094,3288.276697,-1.287266,82.835544,8.224554,3.063863,32.999999
10.583083,19.383892,50.295297,3284.194764,-1.301546,82.957519,8.327143,3.10208,32.999999
10.588153,19.42602,50.188552,3280.06115,-1.313809,83.08103,8.431841,3.141082,32.999999
10.593127,19.468106,50.081026,3275.874298,-1.324009,83.206112,8.53848,3.180809,32.999999
10.598009,19.510153,49.972895,3271.632732,-1.332103,83.332801,8.646884,3.221192,32.999999
10.602788,19.552155,49.864337,3267.335068,-1.338055,83.461113,8.756859,3.26216,32.999999
10.607464,19.594112,49.755521,3262.980001,-1.341833,83.591082,8.868201,3.303638,32.999999
10.612059,19.636024,49.646978,3258.56541,-1.335324,83.695443,8.980248,3.345379,26.049927
10.616606,19.677889,49.54028,3254.086686,-1.298153,83.705378,9.090956,3.38662,0.0
10.621135,19.7197,49.436823,3249.540945,-1.258338,83.715304,9.198419,3.426653,0.0
10.625647,19.761457,49.336817,3244.929392,-1.215963,83.725221,9.302224,3.465323,0.0
10.63015,19.803151,49.240458,3240.25345,-1.171106,83.73513,9.401971,3.502482,0.0
10.634643,19.844788,49.148101,3235.512112,-1.123779,83.745038,9.49705,3.537901,0.0
10.639118,19.886362,49.059824,3230.709454,-1.074166,83.754937,9.587195,3.571482,0.0
10.643575,19.927881,48.975741,3225.848361,-1.022431,83.764827,9.672089,3.603108,0.0
10.648023,19.969338,48.895999,3220.931203,-0.968696,83.774708,9.751382,3.632646,0.0
10.652453,20.010733,48.82075,3215.960572,-0.9131,83.78458,9.824743,3.659975,0.0
10.656873,20.052064,48.750118,3210.939256,-0.855797,83.794444,9.891867,3.684981,0.0
10.661284,20.093339,48.684215,3205.870236,-0.796932,83.804298,9.952472,3.707558,0.0
10.66568,20.134547,48.623153,3200.756659,-0.73668,83.814143,10.006309,3.727613,0.0
10.670057,20.175695,48.567019,3195.60185,-0.675207,83.823979,10.053157,3.745066,0.0
10.674422,20.216779,48.515884,3190.409276,-0.612689,83.833806,10.092833,3.759846,0.0
10.678773,20.257795,48.469812,3185.182531,-0.549305,83.843624,10.125186,3.771898,0.0
10.683111,20.298744,48.428846,3179.925325,-0.485241,83.853433,10.150103,3.78118,0.0
10.687435,20.339628,48.393012,3174.64147,-0.420691,83.86323,10.167509,3.787665,0.0
10.691742,20.380453,48.362329,3169.334841,-0.355834,83.873015,10.177369,3.791338,0.0
10.696033,20.421205,48.336799,3164.009368,-0.290866,83.882797,10.179684,3.7922,0.0
10.700316,20.461887,48.316407,3158.669023,-0.225983,83.892568,10.174497,3.790268,0.0
10.704587,20.502506,48.301113,3153.317789,-0.161377,83.902323,10.161888,3.785571,0.0
10.708841,20.543061,48.290885,3147.959635,-0.097236,83.912069,10.141972,3.778151,0.0
10.713077,20.583545,48.285647,3142.598526,-0.033739,83.921815,10.114902,3.768067,0.0
10.717304,20.623966,48.28534,3137.238353,0.02891,83.931543,10.080865,3.755388,0.0
10.721513,20.664311,48.29008,3131.883359,0.090497,83.941261,10.039792,3.740087,0.0
10.725712,20.704593,48.299589,3126.53742,0.150864,83.95097,9.992176,3.722348,0.0
10.729894,20.744803,48.31371,3121.204098,0.209854,83.960662,9.938371,3.702305,0.0
10.734066,20.784949,48.33231,3115.886942,0.267304,83.970351,9.878682,3.680069,0.0
10.738221,20.825025,48.355236,3110.589359,0.32306,83.980026,9.813431,3.655761,0.0
10.742365,20.865036,48.382358,3105.314606,0.376976,83.989697,9.742962,3.62951,0.0
10.746494,20.904977,48.413501,3100.065799,0.428922,83.999354,9.66763,3.601447,0.0
10.750604,20.944852,48.448503,3094.845897,0.478763,84.009,9.587803,3.571709,0.0
10.754708,20.984665,48.487183,3089.657683,0.526386,84.018642,9.503858,3.540437,0.0
10.758797,21.024409,48.529351,3084.503779,0.571679,84.028274,9.416176,3.507773,0.0
10.762868,21.064086,48.57482,3079.386624,0.614537,84.037893,9.325143,3.473861,0.0
10.76693,21.103699,48.62339,3074.308475,0.654873,84.047502,9.231144,3.438844,0.0
10.770979,21.14325,48.674856,3069.271411,0.692609,84.057103,9.134562,3.402865,0.0
10.775013,21.182738,48.729013,3064.277328,0.727672,84.066695,9.035776,3.366064,0.0
10.779036,21.222163,48.785641,3059.327942,0.760005,84.076277,8.935157,3.328581,0.0
10.783043,21.261525,48.844523,3054.424789,0.789548,84.085851,8.833068,3.29055,0.0
10.787039,21.300824,48.905449,3049.569226,0.816267,84.095416,8.729863,3.252104,0.0
10.791019,21.34006,48.968192,3044.762427,0.840122,84.104971,8.625884,3.213369,0.0
10.794998,21.379242,49.03254,3040.005403,0.861095,84.114518,8.521457,3.174467,0.0
10.79895,21.418352,49.098262,3035.299017,0.879161,84.124056,8.4169,3.135517,0.0
10.802892,21.457406,49.165178,3030.646293,0.89419,84.133584,8.312532,3.096637,0.0
10.806825,21.496405,49.233013,3026.046,0.90629,84.143112,8.208651,3.057938,0.0
10.81075,21.535341,49.301542,3021.497977,0.915483,84.152623,8.105521,3.01952,0.0
10.814657,21.574222,49.370544,3017.002443,0.921802,84.162132,8.003392,2.981474,0.0
10.818554,21.613042,49.439807,3012.55949,0.925258,84.171634,7.902498,2.943889,0.0
10.822434,21.651806,49.509117,3008.169087,0.925888,84.181127,7.803058,2.906845,0.0
10.826304,21.690516,49.578269,3003.831072,0.923727,84.190617,7.705275,2.870418,0.0
10.830164,21.729172,49.647053,2999.545194,0.918816,84.200101,7.609335,2.834677,0.0
10.834015,21.767774,49.715272,2995.31108,0.911202,84.209571,7.515411,2.799688,0.0
10.837852,21.806327,49.782736,2991.128266,0.900932,84.219038,7.423661,2.765509,0.0
10.841676,21.844826,49.849248,2986.996193,0.888062,84.2285,7.33423,2.732194,0.0
10.845491,21.88327,49.914621,2982.914212,0.872651,84.237952,7.247248,2.69979,0.0
10.849293,21.921665,49.978673,2978.881604,0.854762,84.247401,7.162833,2.668344,0.0
10.853081,21.960007,50.04123,2974.897572,0.834465,84.256843,7.081093,2.637893,0.0
10.856859,21.998297,50.102127,2970.961243,0.811824,84.266284,7.002122,2.608475,0.0
10.860628,22.036542,50.161189,2967.071679,0.786917,84.275715,6.926005,2.580119,0.0
10.864387,22.07474,50.21827,2963.227899,0.759817,84.285139,6.852817,2.552855,0.0
10.86813,22.112886,50.273215,2959.428849,0.730596,84.294561,6.782625,2.526706,0.0
10.871872,22.150987,50.325866,2955.673431,0.699346,84.303975,6.715485,2.501695,0.0
10.875595,22.189042,50.376103,2951.960495,0.666135,84.31339,6.651449,2.47784,0.0
10.8793,22.227041,50.423649,2948.290682,0.630967,84.322794,6.590704,2.455211,0.0
10.883005,22.265004,50.468478,2944.661192,0.593999,84.33219,6.533176,2.43378,0.0
10.886701,22.302913,50.510486,2941.070336,0.555335,84.341594,6.478865,2.413548,0.0
10.890381,22.340785,50.549564,2937.516814,0.515068,84.350982,6.427795,2.394523,0.0
10.894049,22.378605,50.585608,2933.999273,0.473284,84.360368,6.379987,2.376713,0.0
10.897709,22.416386,50.618516,2930.516345,0.430068,84.369754,6.335458,2.360125,0.0
10.90136,22.454124,50.648192,2927.066623,0.385505,84.379133,6.29422,2.344763,0.0
10.905002,22.491817,50.674556,2923.648682,0.339693,84.388509,6.256284,2.33063,0.0
10.908629,22.529465,50.697531,2920.261059,0.292715,84.39788,6.221657,2.317731,0.0
10.912249,22.567074,50.717035,2916.902272,0.244665,84.407247,6.190344,2.306066,0.0
10.915859,22.604641,50.733006,2913.570818,0.195634,84.416609,6.162348,2.295637,0.0
10.919455,22.642168,50.745386,2910.265173,0.145717,84.425966,6.137672,2.286444,0.0
10.923042,22.679655,50.754119,2906.983787,0.095004,84.43532,6.116315,2.278488,0.0
10.926621,22.717097,50.759168,2903.725085,0.043581,84.444671,6.098277,2.271769,0.0
10.93019,22.754497,50.760483,2900.487471,-0.008452,84.454023,6.083556,2.266285,0.0
10.93375,22.791858,50.758039,2897.269342,-0.061005,84.463363,6.072149,2.262035,0.0
10.937302,22.829177,50.751811,2894.069049,-0.11399,84.472709,6.064053,2.259019,0.0
10.940843,22.866459,50.741774,2890.884947,-0.167313,84.482047,6.059264,2.257235,0.0
10.944367,22.903704,50.727912,2887.715353,-0.220873,84.491375,6.057779,2.256682,0.0
10.947892,22.940905,50.710235,2884.558584,-0.274585,84.500704,6.059592,2.257357,0.0
10.951397,22.978068,50.688556,2881.413348,-0.328344,84.510033,6.06485,2.259316,0.0
10.954902,23.015186,50.663016,2878.277378,-0.382067,84.519353,6.073426,2.262511,0.0
10.958391,23.052267,50.633686,2875.148811,-0.435642,84.528672,6.085284,2.266928,0.0
10.961869,23.089312,50.600576,2872.025887,-0.488991,84.537991,6.100416,2.272565,0.0
10.965338,23.126314,50.563715,2868.906809,-0.542008,84.547303,6.118814,2.279419,0.0
10.968799,23.163277,50.52314,2865.789753,-0.594603,84.556613,6.140471,2.287487,0.0
10.97225,23.200205,50.478889,2862.6729,-0.646691,84.565916,6.165377,2.296765,0.0
10.975692,23.237091,50.431012,2859.554411,-0.698169,84.575216,6.19352,2.307249,0.0
10.979126,23.273937,50.379565,2856.432415,-0.748949,84.584516,6.224888,2.318935,0.0
10.98255,23.310742,50.324609,2853.305039,-0.798939,84.593811,6.259468,2.331816,0.0
10.985965,23.347507,50.266206,2850.170392,-0.848042,84.603098,6.297241,2.345888,0.0
10.989368,23.384236,50.204433,2847.026567,-0.896164,84.612383,6.338191,2.361143,0.0
10.992759,23.420925,50.139368,2843.871661,-0.943218,84.62167,6.382293,2.377572,0.0
10.996144,23.457572,50.071094,2840.703747,-0.98912,84.630948,6.429525,2.395167,0.0
10.999517,23.494183,49.999714,2837.520894,-1.033769,84.64022,6.479856,2.413917,0.0
11.002885,23.530756,49.925317,2834.321155,-1.077075,84.649492,6.533254,2.433809,0.0
11.006237,23.567285,49.848007,2831.102604,-1.11895,84.658762,6.589682,2.45483,0.0
11.009581,23.603769,49.767896,2827.863288,-1.159302,84.668023,6.649097,2.476964,0.0
11.012923,23.640216,49.685111,2824.601279,-1.198048,84.677276,6.711451,2.500192,0.0
11.016248,23.676619,49.599753,2821.314656,-1.235109,84.686529,6.776691,2.524496,0.0
11.019564,23.712984,49.511861,2818.000134,-1.270296,84.695781,6.844884,2.5499,0.0
11.02287,23.749304,49.421663,2814.6567,-1.303604,84.705025,6.915851,2.576337,0.0
11.026167,23.785579,49.329316,2811.282707,-1.334954,84.71426,6.98949,2.603769,0.0
11.029456,23.821816,49.234973,2807.876284,-1.36427,84.723494,7.065715,2.632165,0.0
11.032735,23.858011,49.138779,2804.435592,-1.391482,84.732727,7.144433,2.661489,0.0
11.035998,23.89416,49.040892,2800.958844,-1.416515,84.741954,7.225541,2.691704,0.0
11.039257,23.930264,48.941468,2797.444277,-1.439293,84.751172,7.308925,2.722767,0.0
11.042509,23.966323,48.840671,2793.890168,-1.459746,84.760386,7.394464,2.754632,0.0
11.045747,24.002337,48.738673,2790.294854,-1.477817,84.769596,7.482022,2.78725,0.0
11.048977,24.038306,48.635641,2786.656735,-1.493439,84.778796,7.571456,2.820566,0.0
11.052197,24.074231,48.531752,2782.97427,-1.506554,84.787992,7.662608,2.854523,0.0
11.055404,24.11011,48.427184,2779.245987,-1.517112,84.797183,7.755312,2.889058,0.0
11.058602,24.145944,48.322119,2775.470498,-1.525063,84.806366,7.849389,2.924104,0.0
11.061791,24.18173,48.21674,2771.646503,-1.530369,84.81554,7.944647,2.95959,0.0
11.064971,24.217465,48.111228,2767.772791,-1.532987,84.824707,8.040883,2.99544,0.0
11.068142,24.253152,48.005776,2763.84825,-1.532895,84.833872,8.137883,3.031576,0.0
11.071302,24.288788,47.900579,2759.871881,-1.530055,84.84303,8.235422,3.067911,0.0
11.074446,24.324377,47.795804,2755.842817,-1.524451,84.852185,8.333262,3.104359,0.0
11.07759,24.359913,47.691663,2751.760274,-1.516075,84.861324,8.431157,3.140828,0.0
11.080715,24.395403,47.588343,2747.623647,-1.504928,84.870463,8.528849,3.17722,0.0
11.08384,24.430837,47.486078,2743.429837,-1.490878,84.879583,8.626035,3.213425,0.0
11.086948,24.466208,47.385029,2739.180604,-1.474032,84.888702,8.722441,3.249339,0.0
11.090046,24.501533,47.285384,2734.876247,-1.454458,84.897814,8.817788,3.284858,0.0
11.093134,24.536804,47.187312,2730.516751,-1.432165,84.906916,8.911787,3.319875,0.0
11.096207,24.572022,47.091008,2726.102259,-1.407192,84.916009,9.004146,3.354281,0.0
11.099275,24.607185,46.996639,2721.633081,-1.379595,84.925093,9.094569,3.387966,0.0
11.10233,24.642289,46.904371,2717.109702,-1.349422,84.934168,9.182762,3.42082,0.0
11.105374,24.677335,46.81437,2712.532764,-1.316738,84.943235,9.268427,3.452733,0.0
11.108408,24.712327,46.726802,2707.903094,-1.281615,84.952297,9.351271,3.483595,0.0
11.111433,24.74726,46.641823,2703.22168,-1.244131,84.96135,9.431007,3.513298,0.0
11.11445,24.782135,46.55958,2698.489682,-1.20438,84.970385,9.50735,3.541738,0.0
11.117453,24.816951,46.480212,2693.70843,-1.16246,84.979409,9.580028,3.568812,0.0
11.120445,24.851705,46.403847,2688.879422,-1.118479,84.988431,9.648775,3.594423,0.0
11.123432,24.886399,46.330618,2684.004325,-1.072554,84.99744,9.713341,3.618475,0.0
11.126403,24.921033,46.260635,2679.084946,-1.024802,85.006436,9.773488,3.640882,0.0
11.129364,24.9556,46.194004,2674.12325,-0.975361,85.015428,9.828995,3.661559,0.0
11.132316,24.990109,46.13082,2669.121359,-0.924364,85.024404,9.879658,3.680433,0.0
11.135251,25.024549,46.071173,2664.08151,-0.871954,85.03337,9.925294,3.697433,0.0
11.138185,25.058934,46.01514,2659.006082,-0.818287,85.042328,9.965739,3.7125,0.0
11.141102,25.093256,45.962788,2653.897557,-0.763513,85.051267,10.000853,3.725581,0.0
11.144009,25.127503,45.914348,2648.757229,-0.707759,85.060206,10.030255,3.736534,0.0
11.146907,25.161686,45.869719,2643.589191,-0.651234,85.069127,10.054068,3.745405,0.0
11.149787,25.195806,45.828895,2638.396453,-0.594115,85.078039,10.072271,3.752186,0.0
11.152665,25.229855,45.791902,2633.181866,-0.536581,85.086934,10.084829,3.756864,0.0
11.155529,25.263847,45.758742,2627.948349,-0.478787,85.095818,10.091733,3.759436,0.0
11.158381,25.297764,45.729417,2622.69883,-0.420922,85.104693,10.092997,3.759907,0.0
11.161224,25.33162,45.703912,2617.436275,-0.363148,85.113559,10.088665,3.758293,0.0
11.164053,25.36541,45.682192,2612.163671,-0.305643,85.12241,10.078804,3.75462,0.0
11.166874,25.399127,45.664222,2606.883993,-0.248582,85.131249,10.063506,3.748921,0.0
11.169685,25.432778,45.64996,2601.600213,-0.192125,85.140079,10.042885,3.741239,0.0
11.172483,25.466365,45.639343,2596.315263,-0.136439,85.148895,10.017081,3.731626,0.0
11.175272,25.499886,45.632293,2591.032039,-0.08169,85.157701,9.986253,3.720142,0.0
11.178052,25.533338,45.628738,2585.753393,-0.028031,85.166497,9.950579,3.706852,0.0
11.18082,25.566724,45.628597,2580.482108,0.024381,85.175274,9.910256,3.691831,0.0
11.183572,25.600041,45.631768,2575.220898,0.075396,85.184047,9.865499,3.675158,0.0
11.186315,25.633293,45.638133,2569.972403,0.124882,85.192804,9.816536,3.656918,0.0
11.18905,25.666474,45.647583,2564.739158,0.172698,85.20155,9.763607,3.637201,0.0
11.191775,25.699591,45.660004,2559.523613,0.218716,85.21028,9.706965,3.6161,0.0
11.194491,25.732637,45.675259,2554.328104,0.262819,85.219009,9.64687,3.593713,0.0
11.197199,25.765629,45.693214,2549.154849,0.304887,85.227721,9.583592,3.57014,0.0
11.199887,25.798536,45.713847,2544.007254,0.34472,85.236422,9.517278,3.545436,0.0
11.202576,25.831389,45.736892,2538.886412,0.382295,85.245106,9.448342,3.519756,0.0
11.205247,25.864171,45.762177,2533.794003,0.417535,85.25378,9.377084,3.493211,0.0
11.207908,25.896889,45.789548,2528.731719,0.450379,85.262445,9.303784,3.465904,0.0
11.210561,25.929543,45.818838,2523.701168,0.480744,85.271102,9.228719,3.437941,0.0
11.213204,25.962135,45.849884,2518.703792,0.508574,85.279749,9.152162,3.409421,0.0
11.215832,25.994657,45.88253,2513.74093,0.533811,85.288381,9.074384,3.380447,0.0
11.218454,26.027119,45.9166,2508.813772,0.55642,85.297,8.995648,3.351116,0.0
11.221065,26.059522,45.951917,2503.923383,0.576359,85.305611,8.916212,3.321524,0.0
11.223667,26.091857,45.988323,2499.070718,0.593602,85.314213,8.836328,3.291765,0.0
11.226261,26.124129,46.025644,2494.256599,0.608127,85.322805,8.756236,3.261928,0.0
11.228841,26.156342,46.063708,2489.481717,0.61992,85.331385,8.67617,3.232102,0.0
11.231416,26.188497,46.102345,2484.746653,0.628982,85.339954,8.596355,3.202368,0.0
11.233984,26.220594,46.141382,2480.051884,0.635315,85.348516,8.517004,3.172808,0.0
11.236537,26.252628,46.180654,2475.397757,0.63893,85.357064,8.438322,3.143497,0.0
11.239081,26.284599,46.21999,2470.784519,0.639833,85.365604,8.360502,3.114507,0.0
11.241616,26.316509,46.259237,2466.212309,0.638052,85.374141,8.283729,3.085907,0.0
11.244141,26.348365,46.298215,2461.681169,0.633619,85.382661,8.208175,3.057761,0.0
11.246658,26.380166,46.336786,2457.191057,0.626562,85.391173,8.134004,3.03013,0.0
11.249166,26.411904,46.37478,2452.741818,0.616931,85.399675,8.061367,3.003071,0.0
11.251665,26.443586,46.412,2448.335185,0.604638,85.408168,7.990497,2.97667,0.0
11.254154,26.475213,46.448323,2443.969108,0.589854,85.416651,7.921462,2.950953,0.0
11.256634,26.506787,46.48361,2439.642894,0.572646,85.425135,7.854373,2.925961,0.0
11.259106,26.538306,46.517723,2435.356061,0.553073,85.433602,7.789342,2.901735,0.0
11.261568,26.569764,46.550521,2431.108049,0.531204,85.442058,7.726472,2.878314,0.0
11.264021,26.601173,46.581871,2426.89824,0.507097,85.450513,7.665859,2.855734,0.0
11.266466,26.632524,46.611654,2422.725938,0.480834,85.458955,7.607588,2.834027,0.0
11.268901,26.663823,46.639743,2418.590389,0.45248,85.467391,7.551741,2.813222,0.0
11.271328,26.695073,46.66603,2414.490789,0.422117,85.475815,7.498387,2.793347,0.0
11.273745,26.726268,46.690395,2410.426279,0.389824,85.484232,7.447594,2.774425,0.0
11.276153,26.757414,46.712735,2406.395942,0.355682,85.492644,7.399419,2.756478,0.0
11.278553,26.788511,46.732948,2402.398811,0.319781,85.501048,7.353916,2.739527,0.0
11.280947,26.819554,46.750937,2398.433873,0.282202,85.509445,7.311131,2.723589,0.0
11.283334,26.850546,46.766621,2394.500081,0.243031,85.517837,7.271106,2.708678,0.0
11.285709,26.88149,46.779909,2390.596338,0.202364,85.526216,7.233878,2.69481,0.0
11.28808,26.91238,46.790729,2386.721498,0.160291,85.534593,7.19948,2.681996,0.0
11.290436,26.94322,46.799001,2382.87439,0.116911,85.54296,7.167939,2.670246,0.0
11.292791,26.974021,46.804671,2379.053802,0.07231,85.551319,7.13928,2.65957,0.0
11.295136,27.004769,46.807657,2375.258491,0.026591,85.559669,7.113522,2.649974,0.0
11.297464,27.035462,46.807924,2371.487182,-0.020154,85.56802,7.090683,2.641466,0.0
11.299791,27.066108,46.805283,2367.739604,-0.067871,85.576351,7.070921,2.634104,0.0
11.30211,27.096709,46.799799,2364.013353,-0.116394,85.584682,7.054121,2.627846,0.0
11.304428,27.127265,46.791454,2360.306918,-0.165641,85.593013,7.040272,2.622686,0.0
11.306729,27.157768,46.780224,2356.618899,-0.215504,85.601329,7.029378,2.618628,0.0
11.309021,27.188225,46.766089,2352.947863,-0.265871,85.609641,7.021441,2.615671,0.0
11.31131,27.218636,46.749027,2349.29236,-0.316654,85.617946,7.01646,2.613816,0.0
11.313593,27.249002,46.729024,2345.650929,-0.367747,85.626242,7.014433,2.613061,0.0
11.315861,27.279324,46.706072,2342.022061,-0.419047,85.63453,7.015355,2.613404,0.0
11.318122,27.3096,46.680174,2338.404248,-0.470456,85.642813,7.019217,2.614843,0.0
11.320378,27.339827,46.651338,2334.795948,-0.521867,85.651092,7.026009,2.617373,0.0
11.322629,27.370004,46.619573,2331.195608,-0.573178,85.659362,7.035719,2.620991,0.0
11.324873,27.40014,46.584899,2327.60166,-0.624289,85.667627,7.048333,2.62569,0.0
11.327105,27.430233,46.54734,2324.012514,-0.675094,85.675888,7.063832,2.631463,0.0
11.329331,27.460275,46.506919,2320.42657,-0.7255,85.68414,7.082197,2.638305,0.0
11.331545,27.490272,46.46368,2316.842205,-0.775395,85.692383,7.103404,2.646205,0.0
11.333756,27.520223,46.417657,2313.257804,-0.824678,85.70062,7.127428,2.655154,0.0
11.335959,27.550129,46.368904,2309.671725,-0.873264,85.708853,7.15424,2.665143,0.0
11.338153,27.579982,46.31746,2306.082321,-0.921037,85.71707,7.183807,2.676157,0.0
11.340346,27.609799,46.263391,2302.487957,-0.967905,85.725287,7.216094,2.688185,0.0
11.342522,27.639571,46.206758,2298.88696,-1.013773,85.733505,7.251061,2.701211,0.0
11.344697,27.669287,46.147518,2295.277195,-1.058479,85.741703,7.288794,2.715268,0.0
11.346855,27.698957,46.085843,2291.657247,-1.101963,85.749901,7.329126,2.730292,0.0
11.349011,27.72859,46.021832,2288.025525,-1.144155,85.758091,7.371988,2.74626,0.0
11.351159,27.758163,45.955579,2284.380388,-1.184954,85.766272,7.417323,2.763148,0.0
11.353306,27.787697,45.887162,2280.720202,-1.224267,85.774451,7.465069,2.780935,0.0
11.355439,27.817187,45.816679,2277.043351,-1.262013,85.782616,7.515157,2.799594,0.0
11.357567,27.846625,45.744225,2273.348226,-1.298097,85.790776,7.567514,2.819098,0.0
11.359683,27.876015,45.669906,2269.633251,-1.33244,85.798931,7.62206,2.839418,0.0
11.361792,27.905361,45.593832,2265.896862,-1.364958,85.807076,7.678711,2.860522,0.0
11.363896,27.934656,45.516114,2262.13753,-1.395573,85.815217,7.737375,2.882376,0.0
11.365991,27.963902,45.436862,2258.353756,-1.424213,85.823349,7.797953,2.904943,0.0
11.368081,27.993103,45.356195,2254.544068,-1.4508,85.831472,7.860341,2.928184,0.0
11.370164,28.022256,45.27424,2250.707046,-1.475268,85.839587,7.924427,2.952057,0.0
11.372235,28.051357,45.191119,2246.841314,-1.497559,85.84769,7.990092,2.976519,0.0
11.374303,28.080411,45.106954,2242.945533,-1.5176,85.855791,8.05721,3.001523,0.0
11.376362,28.109413,45.021894,2239.018428,-1.535335,85.863883,8.125649,3.027018,0.0
11.378413,28.138369,44.936063,2235.05879,-1.550722,85.871965,8.195268,3.052953,0.0
11.380454,28.16727,44.849585,2231.065452,-1.563708,85.880039,8.26592,3.079273,0.0
11.382487,28.196118,44.762612,2227.037338,-1.574245,85.888104,8.33745,3.10592,0.0
11.38452,28.224911,44.675289,2222.973436,-1.582307,85.89616,8.409698,3.132834,0.0
11.386534,28.253658,44.58773,2218.870899,-1.587731,85.904215,8.482512,3.159959,0.0
11.388548,28.28235,44.500117,2214.730513,-1.590604,85.912253,8.555683,3.187217,0.0
11.390553,28.310988,44.412577,2210.551713,-1.590931,85.920281,8.629026,3.214539,0.0
11.39255,28.33958,44.325264,2206.333846,-1.588679,85.928301,8.702353,3.241856,0.0
11.394537,28.368112,44.238314,2202.076365,-1.583867,85.936311,8.775475,3.269095,0.0
11.396522,28.396588,44.151864,2197.778812,-1.576484,85.944312,8.848193,3.296185,0.0
11.398495,28.42501,44.066056,2193.440836,-1.566541,85.952304,8.920308,3.32305,0.0
11.400461,28.453378,43.981029,2189.062211,-1.554061,85.960288,8.991618,3.349614,0.0
11.402417,28.481692,43.896918,2184.642807,-1.539062,85.968262,9.061918,3.375803,0.0
11.404364,28.509947,43.813855,2180.182605,-1.521583,85.976227,9.131002,3.401538,0.0
11.406307,28.538143,43.731972,2175.681722,-1.501665,85.984179,9.198663,3.426744,0.0
11.408241,28.566286,43.6514,2171.140381,-1.479351,85.992121,9.264696,3.451343,0.0
11.410169,28.594371,43.572261,2166.558921,-1.454694,86.000055,9.328897,3.47526,0.0
11.412092,28.622396,43.494667,2161.937814,-1.427758,86.007975,9.391065,3.498419,0.0
11.414001,28.650364,43.418737,2157.277646,-1.398615,86.015886,9.451005,3.520748,0.0
11.415907,28.67827,43.344587,2152.579123,-1.367351,86.023786,9.508524,3.542175,0.0
11.417797,28.706114,43.272318,2147.843062,-1.334049,86.03167,9.563436,3.562632,0.0
11.419686,28.733903,43.202031,2143.070411,-1.29879,86.039553,9.615565,3.582051,0.0
11.421567,28.761629,43.13382,2138.262224,-1.261684,86.047418,9.664741,3.60037,0.0
11.423438,28.789292,43.067769,2133.419674,-1.222841,86.055275,9.710805,3.61753,0.0
11.4253,28.816898,43.004083,2128.542423,-1.182296,86.063112,9.753434,3.633411,0.0
11.427162,28.844432,42.942729,2123.633482,-1.140251,86.07094,9.792635,3.648014,0.0
11.429007,28.871911,42.883774,2118.694484,-1.09683,86.078759,9.828302,3.661301,0.0
11.43085,28.899328,42.827263,2113.727028,-1.052179,86.08657,9.860328,3.673232,0.0
11.432678,28.926674,42.773251,2108.732781,-1.006426,86.094363,9.888618,3.68377,0.0
11.434502,28.953963,42.721786,2103.713481,-0.959712,86.102146,9.913095,3.692889,0.0
11.436319,28.981184,42.672896,2098.670944,-0.912183,86.10992,9.933695,3.700563,0.0
11.438128,29.00834,42.626614,2093.60706,-0.863983,86.117679,9.950373,3.706776,0.0
11.439927,29.035432,42.582961,2088.523764,-0.815261,86.125425,9.963098,3.711516,0.0
11.441717,29.062462,42.541945,2083.423032,-0.766171,86.133157,9.971857,3.714779,0.0
11.443503,29.089424,42.503566,2078.306889,-0.716861,86.140876,9.976651,3.716565,0.0
11.445281,29.116322,42.46782,2073.177391,-0.667484,86.148586,9.977501,3.716882,0.0
11.447048,29.143156,42.434695,2068.036611,-0.618194,86.156283,9.974441,3.715742,0.0
11.448812,29.169917,42.404173,2062.886637,-0.569142,86.163965,9.967523,3.713165,0.0
11.450567,29.19662,42.376228,2057.729566,-0.520483,86.171638,9.956814,3.709175,0.0
11.452313,29.223252,42.350815,2052.567488,-0.472366,86.179301,9.942393,3.703803,0.0
11.45405,29.249822,42.327902,2047.402487,-0.424939,86.186946,9.924358,3.697085,0.0
11.455778,29.276327,42.307429,2042.236612,-0.37834,86.194582,9.902817,3.68906,0.0
11.457497,29.302761,42.289338,2037.071916,-0.332712,86.2022,9.877891,3.679774,0.0
11.459207,29.329132,42.273578,2031.910387,-0.288192,86.20981,9.849712,3.669277,0.0
11.460917,29.355437,42.260183,2026.754366,-0.244987,86.2174,9.818274,3.657565,0.0
11.462618,29.38167,42.248957,2021.605637,-0.203165,86.224981,9.783887,3.644755,0.0
11.464309,29.407839,42.239814,2016.466023,-0.162847,86.232553,9.746727,3.630912,0.0
11.465992,29.433937,42.23267,2011.33732,-0.124146,86.240109,9.706964,3.616099,0.0
11.467666,29.459978,42.227424,2006.221246,-0.087172,86.247653,9.664774,3.600383,0.0
11.469331,29.485951,42.223989,2001.119468,-0.052028,86.255189,9.620339,3.583829,0.0
11.470994,29.511852,42.222253,1996.03357,-0.018804,86.262709,9.573844,3.566509,0.0
11.472644,29.537693,42.22211,1990.965056,0.012404,86.270218,9.525477,3.548491,0.0
11.474288,29.563469,42.223457,1985.915356,0.041516,86.277711,9.475428,3.529846,0.0
11.475926,29.589178,42.226177,1980.88582,0.068459,86.285192,9.423889,3.510647,0.0
11.477555,29.614824,42.230157,1975.877709,0.093165,86.292664,9.37105,3.490963,0.0
11.47918,29.640408,42.235287,1970.892204,0.115579,86.300123,9.317102,3.470866,0.0
11.480797,29.665928,42.24144,1965.930402,0.135643,86.307567,9.262233,3.450425,0.0
11.482403,29.691382,42.248492,1960.993297,0.153307,86.315002,9.206629,3.429711,0.0
11.484006,29.716769,42.256332,1956.081823,0.168547,86.322429,9.150473,3.408792,0.0
11.4856,29.742098,42.264829,1951.196801,0.181321,86.329844,9.093945,3.387734,0.0
11.487184,29.767358,42.273871,1946.338977,0.191603,86.337243,9.03722,3.366602,0.0
11.488761,29.792563,42.283328,1941.509007,0.19939,86.344631,8.980468,3.345461,0.0
11.490338,29.817705,42.293076,1936.70747,0.204665,86.352003,8.923855,3.324371,0.0
11.491905,29.842785,42.302994,1931.934859,0.20743,86.359375,8.867539,3.303392,0.0
11.493463,29.867797,42.312959,1927.193113,0.207554,86.366728,8.811707,3.282593,0.0
11.495012,29.892756,42.322852,1922.481152,0.205167,86.374062,8.756492,3.262024,0.0
11.496552,29.917644,42.332536,1917.799103,0.200312,86.381396,8.702033,3.241736,0.0
11.498091,29.942475,42.341909,1913.147121,0.192999,86.388722,8.648464,3.221781,0.0
11.499622,29.967253,42.350851,1908.525285,0.183259,86.396031,8.595912,3.202204,0.0
11.501145,29.99197,42.359253,1903.933593,0.171134,86.40333,8.544498,3.18305,0.0
11.502665,30.016623,42.367009,1899.371987,0.156659,86.410619,8.494336,3.164363,0.0
11.504173,30.04122,42.374005,1894.840341,0.139886,86.417893,8.445532,3.146183,0.0
11.505674,30.065757,42.380146,1890.338444,0.120864,86.42516,8.39819,3.128547,0.0
11.507175,30.090236,42.38533,1885.866036,0.099645,86.432418,8.352403,3.11149,0.0
11.508667,30.114662,42.38946,1881.422793,0.076294,86.439666,8.30826,3.095045,0.0
11.510149,30.139033,42.392449,1877.008328,0.050874,86.446906,8.265843,3.079244,0.0
11.511627,30.163346,42.394202,1872.622193,0.023452,86.454132,8.22523,3.064114,0.0
11.513096,30.1876,42.394628,1868.263892,-0.005899,86.461349,8.18649,3.049683,0.0
11.514559,30.211797,42.393651,1863.932874,-0.037105,86.468557,8.149689,3.035974,0.0
11.51602,30.235936,42.391203,1859.628538,-0.070086,86.475753,8.114887,3.023009,0.0
11.517472,30.260026,42.387198,1855.350232,-0.104768,86.482935,8.082138,3.010809,0.0
11.518916,30.284055,42.38158,1851.097257,-0.141051,86.490116,8.051491,2.999392,0.0
11.52036,30.308038,42.374268,1846.868856,-0.178859,86.497287,8.022991,2.988775,0.0
11.521794,30.331958,42.365219,1842.664248,-0.218107,86.504441,7.996678,2.978973,0.0
11.523219,30.355831,42.354265,1838.483757,-0.258747,86.511594,7.972705,2.970042,0.0
11.524644,30.379641,42.341453,1834.325327,-0.300632,86.518729,7.950993,2.961954,0.0
11.52606,30.403405,42.326735,1830.18797,-0.343657,86.525863,7.931563,2.954716,0.0
11.527468,30.427108,42.310077,1826.070738,-0.38772,86.532982,7.914435,2.948335,0.0
11.528866,30.450762,42.291445,1821.972648,-0.432726,86.540097,7.899627,2.942819,0.0
11.530263,30.474365,42.270798,1817.892679,-0.478568,86.547198,7.887153,2.938172,0.0
11.531653,30.497914,42.24812,1813.829789,-0.525148,86.554295,7.877023,2.934398,0.0
11.53304,30.521409,42.223384,1809.782909,-0.57236,86.561379,7.869242,2.9315,0.0
11.534421,30.544855,42.196572,1805.750931,-0.620106,86.568451,7.863815,2.929478,0.0
11.535794,30.568246,42.167672,1801.732725,-0.668276,86.575518,7.86074,2.928332,0.0
11.537157,30.591583,42.136679,1797.727146,-0.716766,86.582577,7.860012,2.928061,0.0
11.538515,30.614876,42.103594,1793.733023,-0.765473,86.589626,7.861625,2.928662,0.0
11.539874,30.638116,42.068412,1789.749157,-0.814291,86.596668,7.865566,2.93013,0.0
11.541226,30.661299,42.031143,1785.774342,-0.863114,86.603698,7.871822,2.932461,0.0
11.542566,30.684435,41.991803,1781.807345,-0.911833,86.610722,7.880373,2.935646,0.0
11.543905,30.707519,41.9504,1777.846922,-0.960341,86.617733,7.8912,2.93968,0.0
11.545242,30.730556,41.906958,1773.89183,-1.00854,86.624741,7.904276,2.944551,0.0
11.546562,30.753539,41.861504,1769.940788,-1.056323,86.631733,7.919574,2.95025,0.0
11.547883,30.776468,41.814063,1765.99253,-1.103586,86.638724,7.937062,2.956764,0.0
11.549203,30.799344,41.764679,1762.045771,-1.150228,86.645696,7.956703,2.964081,0.0
11.550514,30.822172,41.713276,1758.099144,-1.196102,86.652669,7.978568,2.972226,0.0
11.551816,30.844945,41.660014,1754.1513,-1.241138,86.659624,8.002504,2.981143,0.0
11.553117,30.867674,41.604932,1750.200928,-1.285234,86.666578,8.028458,2.990812,0.0
11.554403,30.890349,41.548081,1746.246744,-1.328305,86.673516,8.056379,3.001213,0.0
11.555693,30.91297,41.489526,1742.28748,-1.37025,86.68045,8.086211,3.012326,0.0
11.556978,30.935538,41.429321,1738.321848,-1.410976,86.687371,8.117895,3.02413,0.0
11.558254,30.958057,41.367531,1734.348595,-1.450394,86.694287,8.151367,3.036599,0.0
11.559521,30.980526,41.304217,1730.366463,-1.488415,86.701191,8.186558,3.049708,0.0
11.560784,31.002947,41.239449,1726.374229,-1.52496,86.708088,8.223398,3.063432,0.0
11.562043,31.025312,41.1733,1722.370674,-1.559942,86.714974,8.261809,3.077741,0.0
11.563297,31.047623,41.105846,1718.354603,-1.593281,86.721852,8.301711,3.092606,0.0
11.564547,31.069886,41.037168,1714.324855,-1.624907,86.728722,8.343019,3.107994,0.0
11.565787,31.092097,40.967346,1710.280292,-1.65474,86.735581,8.385643,3.123873,0.0
11.567022,31.114258,40.896466,1706.219806,-1.682716,86.742434,8.42949,3.140207,0.0
11.568255,31.136361,40.824612,1702.142319,-1.708776,86.749271,8.474462,3.15696,0.0
11.56948,31.158415,40.751871,1698.046803,-1.73286,86.756099,8.520457,3.174094,0.0
11.570704,31.180409,40.678336,1693.93227,-1.754909,86.762919,8.567368,3.19157,0.0
11.571919,31.202357,40.604091,1689.797759,-1.774874,86.769729,8.615085,3.209346,0.0
11.573126,31.22425,40.529232,1685.642379,-1.792704,86.77653,8.663495,3.22738,0.0
11.574332,31.24609,40.45386,1681.465263,-1.808365,86.783323,8.71248,3.245628,0.0
11.575529,31.267873,40.378052,1677.264385,-1.821712,86.790105,8.761935,3.264051,0.0
11.576717,31.289602,40.301919,1673.040117,-1.832814,86.796879,8.811705,3.282592,0.0
11.577905,31.311277,40.225574,1668.79184,-1.841658,86.803635,8.861662,3.301202,0.0
11.579084,31.332898,40.149101,1664.518947,-1.848227,86.810382,8.911676,3.319834,0.0
11.580262,31.354457,40.072609,1660.220895,-1.852511,86.817127,8.961614,3.338437,0.0
11.581433,31.375967,39.996187,1655.897218,-1.854517,86.823857,9.011343,3.356962,0.0
11.582601,31.39742,39.919927,1651.547519,-1.854233,86.830577,9.060727,3.375359,0.0
11.583758,31.418821,39.843922,1647.171462,-1.851678,86.837281,9.109631,3.393577,0.0
11.584913,31.440161,39.768271,1642.7688,-1.846865,86.843978,9.157918,3.411565,0.0
11.586062,31.461444,39.693066,1638.339355,-1.839812,86.850666,9.205452,3.429273,0.0
11.587202,31.482673,39.618397,1633.883024,-1.830555,86.857339,9.252099,3.44665,0.0
11.588342,31.503842,39.544349,1629.399787,-1.81913,86.864004,9.297723,3.463646,0.0
11.589475,31.524955,39.471005,1624.889706,-1.805582,86.87066,9.342193,3.480213,0.0
11.590599,31.546007,39.398454,1620.352917,-1.789958,86.877304,9.385381,3.496301,0.0
11.591724,31.567006,39.326771,1615.789638,-1.772317,86.883932,9.427158,3.511864,0.0
11.592836,31.587948,39.256034,1611.200175,-1.75272,86.890551,9.467403,3.526857,0.0
11.593946,31.608827,39.186316,1606.584898,-1.731229,86.89716,9.505998,3.541234,0.0
11.595048,31.629645,39.117687,1601.94426,-1.707932,86.903753,9.542829,3.554955,0.0
11.596149,31.650408,39.050213,1597.278795,-1.68291,86.910345,9.577788,3.567978,0.0
11.597241,31.671107,38.983964,1592.589121,-1.656242,86.916919,9.610775,3.580267,0.0
11.598334,31.691741,38.919052,1587.874686,-1.627943,86.923474,9.641576,3.591741,0.0
11.599417,31.71232,38.855483,1583.137523,-1.598219,86.930028,9.67021,3.602408,0.0
11.600492,31.732837,38.793289,1578.378514,-1.567158,86.936566,9.696601,3.612239,0.0
11.601557,31.753291,38.732528,1573.598549,-1.53487,86.943086,9.720678,3.621208,0.0
11.602629,31.773682,38.673229,1568.798597,-1.50148,86.949595,9.742379,3.629293,0.0
11.603688,31.794017,38.615425,1563.979661,-1.467093,86.956096,9.761653,3.636473,0.0
11.604743,31.814291,38.559151,1559.142814,-1.431839,86.962587,9.778456,3.642732,0.0
11.605791,31.834497,38.504427,1554.289183,-1.395841,86.969063,9.792753,3.648058,0.0
11.606836,31.854641,38.451271,1549.419928,-1.359224,86.975527,9.80452,3.652442,0.0
11.607876,31.874727,38.399695,1544.536254,-1.322115,86.981977,9.813743,3.655877,0.0
11.608907,31.894749,38.349703,1539.639406,-1.284646,86.988413,9.820416,3.658363,0.0
11.609933,31.914708,38.301303,1534.730654,-1.246949,86.994841,9.824543,3.659901,0.0
11.610956,31.934601,38.254498,1529.811299,-1.209152,87.001255,9.82614,3.660496,0.0
11.611972,31.954428,38.209274,1524.882667,-1.171388,87.007655,9.82523,3.660157,0.0
11.612986,31.974199,38.165617,1519.946092,-1.1338,87.014044,9.821845,3.658896,0.0
11.613991,31.993906,38.123506,1515.002926,-1.096516,87.020418,9.816029,3.656729,0.0
11.614988,32.013549,38.082928,1510.05453,-1.059654,87.026788,9.807831,3.653675,0.0
11.615985,32.033122,38.04385,1505.102262,-1.023355,87.033133,9.797311,3.649756,0.0
11.616973,32.05264,38.006245,1500.147475,-0.987739,87.039468,9.784536,3.644997,0.0
11.617961,32.072086,37.970072,1495.191518,-0.952932,87.045795,9.76958,3.639426,0.0
11.618939,32.091475,37.935359,1490.235828,-0.919113,87.052113,9.752416,3.633031,0.0
11.619909,32.110792,37.901989,1485.281786,-0.886357,87.058412,9.733249,3.625891,0.0
11.620878,32.130054,37.869918,1480.330683,-0.854773,87.064693,9.712178,3.618042,0.0
11.621839,32.149246,37.839086,1475.383805,-0.824472,87.070964,9.689302,3.60952,0.0
11.622798,32.168373,37.809435,1470.442381,-0.795558,87.077227,9.664725,3.600364,0.0
11.623751,32.187438,37.780911,1465.507636,-0.768124,87.083473,9.638558,3.590617,0.0
11.624701,32.206439,37.753445,1460.580742,-0.742271,87.089708,9.610913,3.580318,0.0
11.625645,32.225378,37.726978,1455.662835,-0.71809,87.095934,9.581904,3.569511,0.0
11.62658,32.244253,37.701437,1450.75502,-0.695658,87.102145,9.551651,3.558241,0.0
11.627511,32.263066,37.676756,1445.858349,-0.675059,87.108343,9.520272,3.546552,0.0
11.628437,32.281815,37.652863,1440.973828,-0.656359,87.114528,9.487889,3.534488,0.0
11.629358,32.300502,37.62968,1436.102419,-0.639616,87.120699,9.454623,3.522096,0.0
11.630276,32.319125,37.607141,1431.245035,-0.6249,87.126861,9.420596,3.50942,0.0
11.631185,32.337686,37.585162,1426.402541,-0.612262,87.133011,9.38593,3.496506,0.0
11.632088,32.356183,37.563661,1421.575741,-0.601739,87.139145,9.350745,3.483399,0.0
11.63299,32.374618,37.542571,1416.765393,-0.593381,87.145271,9.315162,3.470143,0.0
11.633891,32.392991,37.521811,1411.972205,-0.587217,87.151385,9.279298,3.456783,0.0
11.634783,32.411308,37.501301,1407.196824,-0.583276,87.157483,9.24327,3.443361,0.0
11.635667,32.429554,37.480957,1402.439834,-0.581569,87.163572,9.207192,3.429921,0.0
11.63655,32.447746,37.460704,1397.70178,-0.582121,87.169652,9.171175,3.416504,0.0
11.637424,32.465871,37.44045,1392.984248,-0.585066,87.175713,9.135344,3.403156,0.0
11.638298,32.483934,37.420134,1388.286603,-0.590261,87.181765,9.0998,3.389915,0.0
11.639164,32.501942,37.399661,1383.609212,-0.597724,87.187807,9.064645,3.376819,0.0
11.640028,32.51988,37.378962,1378.952385,-0.607422,87.193833,9.029977,3.363904,0.0
11.640885,32.537768,37.357969,1374.316367,-0.619352,87.199849,8.995889,3.351205,0.0
11.64174,32.555591,37.336593,1369.701356,-0.633479,87.205855,8.962473,3.338757,0.0
11.642589,32.573354,37.314773,1365.107505,-0.64978,87.211852,8.929814,3.326591,0.0
11.643428,32.591058,37.29244,1360.534904,-0.66822,87.217835,8.897995,3.314737,0.0
11.64427,32.608704,37.269528,1355.983607,-0.688762,87.223804,8.867094,3.303226,0.0
11.645105,32.626291,37.245969,1351.453598,-0.711356,87.229765,8.837185,3.292084,0.0
11.645932,32.643819,37.221694,1346.944825,-0.735953,87.235717,8.808338,3.281338,0.0
11.646758,32.66129,37.196644,1342.457186,-0.762502,87.241656,8.780618,3.271011,0.0
11.647581,32.678701,37.170767,1337.990527,-0.79094,87.24758,8.754087,3.261128,0.0
11.648395,32.696058,37.144007,1333.544657,-0.821201,87.253496,8.728801,3.251708,0.0
11.649205,32.713359,37.116302,1329.119334,-0.853225,87.259402,8.704815,3.242773,0.0
11.650018,32.730598,37.087611,1324.714276,-0.88694,87.265297,8.682176,3.234339,0.0
11.650816,32.747784,37.057879,1320.329157,-0.92227,87.271176,8.66093,3.226424,0.0
11.651614,32.764914,37.027071,1315.963603,-0.95913,87.277047,8.641117,3.219043,0.0
11.652411,32.781982,36.995144,1311.617218,-0.997452,87.282917,8.622773,3.21221,0.0
11.6532,32.798997,36.962047,1307.289547,-1.037142,87.288769,8.605931,3.205936,0.0
11.653988,32.815954,36.927696,1302.981109,-1.078181,87.294602,8.590706,3.200264,0.0
11.654768,32.832848,36.892103,1298.690319,-1.120398,87.300435,8.577039,3.195173,0.0
11.655547,32.849696,36.85526,1294.416633,-1.163718,87.30625,8.564949,3.190669,0.0
11.656318,32.866483,36.817126,1290.159468,-1.208024,87.312064,8.554454,3.186759,0.0
11.657087,32.883214,36.777696,1285.918206,-1.253235,87.317863,8.545566,3.183448,0.0
11.65785,32.899899,36.736935,1281.692193,-1.299252,87.323651,8.538294,3.180739,0.0
11.65861,32.916526,36.694839,1277.480752,-1.345968,87.32943,8.532643,3.178634,0.0
11.659364,32.933095,36.651394,1273.283192,-1.393291,87.335194,8.528615,3.177133,0.0
11.660114,32.949611,36.60659,1269.098793,-1.441112,87.34095,8.526208,3.176237,0.0
11.660865,32.966067,36.560427,1264.926806,-1.489333,87.346702,8.525418,3.175942,0.0
11.661611,32.98247,36.5129,1260.766455,-1.537855,87.352441,8.526234,3.176247,0.0
11.662352,32.998824,36.464009,1256.616958,-1.586569,87.358165,8.528647,3.177145,0.0
11.663089,33.015123,36.413764,1252.477521,-1.635374,87.36388,8.532639,3.178632,0.0
11.663821,33.031369,36.362171,1248.347318,-1.684173,87.369587,8.538192,3.180701,0.0
11.66455,33.04756,36.309239,1244.225512,-1.732854,87.375284,8.545283,3.183343,0.0
11.665272,33.0637,36.254982,1240.111271,-1.781322,87.380973,8.553888,3.186548,0.0
11.665992,33.079792,36.199424,1236.003735,-1.829477,87.38665,8.563978,3.190307,0.0
11.666705,33.095821,36.14259,1231.90203,-1.877224,87.392312,8.57552,3.194607,0.0
11.667417,33.111797,36.084488,1227.805313,-1.924451,87.397973,8.588479,3.199434,0.0
11.668129,33.127719,36.025153,1223.712685,-1.971067,87.403616,8.602818,3.204776,0.0
11.668832,33.143593,35.964545,1219.623417,-2.016932,87.409259,8.618565,3.210642,0.0
11.669526,33.159404,35.902768,1215.536391,-2.061996,87.414884,8.635599,3.216988,0.0
11.670228,33.175169,35.839863,1211.450748,-2.106158,87.420499,8.653872,3.223795,0.0
11.670915,33.190881,35.775857,1207.365622,-2.149331,87.426105,8.673332,3.231044,0.0
11.671607,33.206539,35.710798,1203.280146,-2.191437,87.431703,8.693926,3.238716,0.0
11.672293,33.222143,35.644716,1199.19348,-2.232394,87.437284,8.715597,3.246789,0.0
11.672971,33.237694,35.577662,1195.104779,-2.272115,87.442861,8.738283,3.25524,0.0
11.673645,33.25319,35.509685,1191.013218,-2.310529,87.448425,8.761924,3.264047,0.0
11.67432,33.268632,35.440832,1186.917996,-2.347567,87.453982,8.786454,3.273185,0.0
11.674989,33.28402,35.371148,1182.818317,-2.383161,87.45953,8.811805,3.282629,0.0
11.675654,33.299359,35.300682,1178.713416,-2.417248,87.465063,8.837907,3.292353,0.0
11.676319,33.314644,35.229487,1174.602548,-2.449768,87.470588,8.864688,3.302329,0.0
11.676981,33.329874,35.157621,1170.484985,-2.480665,87.476104,8.892073,3.312531,0.0
11.677633,33.345053,35.085136,1166.360041,-2.509891,87.481608,8.919986,3.322929,0.0
11.678279,33.360173,35.012091,1162.227049,-2.537401,87.487099,8.948348,3.333495,0.0
11.678925,33.375247,34.938535,1158.085368,-2.563149,87.492586,8.977081,3.344199,0.0
11.679571,33.390265,34.864524,1153.934408,-2.587102,87.498056,9.006102,3.35501,0.0
11.680216,33.405222,34.790123,1149.773603,-2.609243,87.503518,9.035329,3.365898,0.0
11.680852,33.420134,34.715392,1145.60242,-2.629537,87.50897,9.064679,3.376831,0.0
11.681479,33.434992,34.640372,1141.420361,-2.647957,87.514413,9.094067,3.387779,0.0
11.682106,33.449783,34.565125,1137.226347,-2.664413,87.519847,9.123402,3.398707,0.0
11.682733,33.464529,34.489716,1133.020572,-2.678979,87.525263,9.152596,3.409583,0.0
11.683352,33.479213,34.414212,1128.802694,-2.691664,87.530669,9.181564,3.420374,0.0
11.683969,33.493851,34.338659,1124.572391,-2.702476,87.536067,9.210222,3.43105,0.0
11.684587,33.508428,34.26312,1120.329406,-2.711431,87.541455,9.238487,3.44158,0.0
11.685197,33.522956,34.187643,1116.073528,-2.718539,87.546835,9.266276,3.451932,0.0
11.685805,33.537426,34.112278,1111.804586,-2.723828,87.552198,9.293508,3.462076,0.0
11.686407,33.551839,34.037086,1107.522465,-2.727332,87.557556,9.320104,3.471984,0.0
11.687006,33.566199,33.962114,1103.2271,-2.729085,87.562903,9.345985,3.481625,0.0
11.687599,33.580504,33.887406,1098.918475,-2.729126,87.568237,9.371077,3.490973,0.0
11.688188,33.594751,33.813008,1094.596616,-2.727511,87.573557,9.395307,3.499999,0.0
11.688777,33.608938,33.738967,1090.261606,-2.724296,87.578864,9.418605,3.508678,0.0
11.689363,33.623072,33.665331,1085.913579,-2.719535,87.584165,9.440905,3.516985,0.0
11.689942,33.637152,33.592139,1081.552708,-2.713297,87.589457,9.462142,3.524897,0.0
11.690522,33.651177,33.519424,1077.179235,-2.705654,87.594729,9.482259,3.532391,0.0
11.691099,33.665147,33.447222,1072.79343,-2.696674,87.599997,9.5012,3.539447,0.0
11.691668,33.679055,33.375566,1068.395606,-2.686448,87.605249,9.518913,3.546046,0.0
11.692229,33.69291,33.304497,1063.986156,-2.675054,87.610492,9.535352,3.55217,0.0
11.692799,33.706709,33.234024,1059.565473,-2.662585,87.615726,9.550475,3.557803,0.0
11.693359,33.720446,33.164192,1055.133998,-2.649133,87.620951,9.564242,3.562932,0.0
11.69391,33.734126,33.095051,1050.691731,-2.634762,87.626157,9.576548,3.567516,0.0
11.694461,33.747752,33.026586,1046.239798,-2.619616,87.631354,9.58744,3.571574,0.0
11.695012,33.761315,32.958804,1041.778776,-2.603798,87.636542,9.596896,3.575096,0.0
11.695555,33.774823,32.891729,1037.309283,-2.587418,87.641712,9.604902,3.578079,0.0
11.696096,33.788277,32.825374,1032.831962,-2.570594,87.646873,9.611447,3.580517,0.0
11.696638,33.801671,32.759738,1028.347494,-2.553424,87.652024,9.616528,3.58241,0.0
11.697173,33.815001,32.694829,1023.856581,-2.536027,87.65716,9.620145,3.583757,0.0
11.697705,33.82828,32.630642,1019.359951,-2.518518,87.66229,9.622304,3.584561,0.0
11.698231,33.841498,32.567176,1014.858355,-2.501009,87.667409,9.623017,3.584827,0.0
11.698754,33.854659,32.50443,1010.352575,-2.483615,87.67251,9.6223,3.58456,0.0
11.699276,33.867766,32.442394,1005.843396,-2.466454,87.677597,9.620176,3.583769,0.0
11.699795,33.880809,32.381057,1001.331619,-2.449638,87.682676,9.616671,3.582463,0.0
7.645771,22.112306,38.489373,2511.972719,-1.661852,72.829982,14.271228,5.316408,0.0
0.065734,0.065734,50.002079,5343.427453,-0.118031,45.00011,22.970934,8.557277,0.0
0.113723,0.113723,50.004456,5331.253076,0.161055,45.000205,22.85897,8.515568,0.0
0.161599,0.161599,50.043569,5319.101433,0.437873,45.000302,22.630356,8.430403,0.0
0.209372,0.209373,50.118834,5307.03348,0.710665,45.000408,22.290832,8.303922,0.0
0.257021,0.257031,50.229461,5295.107005,0.977772,45.000524,21.848295,8.139065,0.0
0.304571,0.304581,50.374444,5283.375569,1.237654,45.000657,21.312429,7.93944,0.0
0.352003,0.352013,50.552688,5271.888321,1.488904,45.00079,20.694127,7.709107,0.0
0.399331,0.399341,50.764372,5260.704806,1.729737,45.000942,20.00261,7.451498,0.0
0.446542,0.446561,51.006243,5249.847416,1.959593,45.001112,19.254747,7.1729,0.0
0.493653,0.493673,51.276706,5239.345141,2.177664,45.001291,18.463002,6.877954,0.0
0.540665,0.540685,51.574097,5229.220669,2.383318,45.001488,17.639455,6.571161,0.0
0.587578,0.587606,51.896683,5219.490646,2.5761,45.001702,16.795513,6.25677,0.0
0.634399,0.634429,52.242716,5210.166037,2.755729,45.001934,15.941688,5.938698,0.0
0.68113,0.68116,52.610426,5201.252623,2.921985,44.996505,15.087455,5.620474,-1.295377
0.727777,0.727795,52.998052,5192.751509,3.074943,44.988735,14.241148,5.305202,-2.0
0.774343,0.774342,53.403868,5184.659724,3.214786,44.981435,13.409897,4.995539,-2.0
0.820838,0.820808,53.826175,5176.970806,3.341757,44.974607,12.599655,4.693703,-2.0
0.867266,0.867194,54.263332,5169.675384,3.456187,44.968233,11.815241,4.401488,-2.0
0.913625,0.913502,54.713751,5162.761755,3.558481,44.962301,11.060421,4.120298,-2.0
0.959918,0.959738,55.175907,5156.216384,3.649102,44.956799,10.337991,3.851174,-2.0
1.006148,1.005905,55.648351,5150.024373,3.728547,44.951708,9.649887,3.594837,-2.0
1.052328,1.052009,56.129696,5144.169893,3.797342,44.947019,8.99729,3.351727,-2.0
1.098449,1.09805,56.618637,5138.636525,3.856033,44.942719,8.380732,3.122043,-2.0
1.144524,1.14403,57.113942,5133.407572,3.905171,44.938775,7.800203,2.905781,-2.0
1.190545,1.189965,57.614441,5128.466339,3.945302,44.935174,7.255247,2.702771,-2.0
1.236522,1.235847,58.11904,5123.796334,3.976984,44.931913,6.74505,2.512709,-2.0
1.282453,1.281683,58.626736,5119.38212,4.000724,44.928958,6.268614,2.335224,-2.0
1.328346,1.327463,59.136629,5115.21901,4.016686,44.926316,5.826153,2.170395,-2.0
1.374195,1.373206,59.647677,5111.278685,4.025798,44.923954,5.414424,2.017015,-2.0
1.420015,1.418914,60.159064,5107.546913,4.028528,44.921853,5.031871,1.874504,-2.0
1.465793,1.464585,60.670036,5104.010209,4.02531,44.919997,4.676891,1.742265,-2.0
1.51154,1.51022,61.179893,5100.655838,4.016571,44.918377,4.347864,1.619694,-2.0
1.557261,1.55582,61.687984,5097.471796,4.002709,44.916977,4.043182,1.506192,-2.0
1.602947,1.60139,62.193712,5094.446846,3.984093,44.915793,3.761268,1.401171,-2.0
1.648604,1.646939,62.696514,5091.570461,3.961079,44.914801,3.500591,1.304062,-2.0
1.69424,1.692459,63.195881,5088.83284,3.933987,44.914,3.259678,1.214316,-2.0
1.739847,1.737948,63.691334,5086.224866,3.903119,44.913377,3.037122,1.131408,-2.0
1.785428,1.783414,64.182432,5083.738062,3.868757,44.91292,2.831586,1.05484,-2.0
1.83099,1.828858,64.668773,5081.364575,3.831163,44.912627,2.641809,0.984143,-2.0
1.876531,1.874279,65.149976,5079.097139,3.79058,44.912483,2.466602,0.918874,-2.0
1.922048,1.919685,65.625699,5076.929035,3.747235,44.912483,2.304856,0.85862,-2.0
1.967547,1.965077,66.095619,5074.854059,3.701338,44.912624,2.155532,0.802992,-2.0
2.013028,2.010444,66.55944,5072.866478,3.653077,44.912899,2.017663,0.751632,-2.0
2.058491,2.055793,67.016895,5070.961017,3.602623,44.913298,1.890352,0.704206,-2.0
2.103934,2.101125,67.46772,5069.132824,3.550143,44.913814,1.772767,0.660402,-2.0
2.149353,2.146448,67.911693,5067.377408,3.49579,44.914447,1.664141,0.619936,-2.0
2.194771,2.191761,68.348568,5065.690869,3.439704,44.915198,1.563787,0.582552,-2.0
2.240161,2.237047,68.777782,5064.072343,3.381932,44.916052,1.471383,0.548129,-2.0
2.285542,2.282332,69.199528,5062.51481,3.322684,44.917015,1.385903,0.516285,-2.0
2.330905,2.327601,69.613618,5061.015108,3.262069,44.918077,1.306801,0.486818,-2.0
2.376251,2.372859,70.019921,5059.570313,3.200184,44.91923,1.233574,0.459539,-2.0
2.421586,2.418108,70.418272,5058.177744,3.137121,44.920481,1.16576,0.434276,-2.0
2.466904,2.463349,70.808549,5056.834929,3.072959,44.921823,1.102933,0.410872,-2.0
2.512212,2.50858,71.190624,5055.53958,3.007789,44.923256,1.044704,0.38918,-2.0
2.55751,2.553797,71.564384,5054.289603,2.941674,44.924773,0.990715,0.369067,-2.0
2.6028,2.599006,71.92972,5053.083059,2.87468,44.92637,0.940638,0.350412,-2.0
2.648075,2.644215,72.286534,5051.918155,2.806871,44.928049,0.89417,0.333102,-2.0
2.693332,2.689416,72.634736,5050.793251,2.738301,44.929809,0.851037,0.317034,-2.0
2.73858,2.734606,72.97424,5049.706827,2.669022,44.931649,0.810983,0.302113,-2.0
2.78382,2.779793,73.304966,5048.657467,2.599083,44.933567,0.773778,0.288253,-2.0
2.829049,2.824971,73.626836,5047.643874,2.528538,44.935558,0.739207,0.275374,-2.0
2.874272,2.870142,73.939782,5046.664844,2.457425,44.93762,0.707075,0.263404,-2.0
2.919479,2.915313,74.243749,5045.719269,2.385772,44.939754,0.677203,0.252276,-2.0
2.964678,2.960483,74.538671,5044.80612,2.313621,44.94196,0.649426,0.241928,-2.0
3.009867,3.005644,74.824498,5043.924423,2.241006,44.944238,0.623594,0.232305,-2.0
3.055047,3.050797,75.101169,5043.073307,2.167961,44.946588,0.599568,0.223355,-2.0
3.100219,3.095949,75.368596,5042.252043,2.094508,44.949001,0.577229,0.215033,-2.0
3.145381,3.141101,75.626314,5041.461215,2.020668,44.95149,0.556526,0.20732,-2.0
3.190534,3.186254,75.874736,5040.698576,1.946477,44.954041,0.537268,0.200146,-2.0
3.235677,3.231397,76.113835,5039.963464,1.87196,44.956664,0.519359,0.193475,-2.0
3.280812,3.27654,76.343564,5039.255263,1.797143,44.959351,0.502711,0.187273,-2.0
3.325946,3.321683,76.5639,5038.573399,1.722037,44.962102,0.487242,0.181511,-2.0
3.371065,3.366826,76.774813,5037.917329,1.646671,44.964915,0.472879,0.17616,-2.0
3.416179,3.411962,76.976268,5037.286551,1.571058,44.967791,0.459552,0.171195,-2.0
3.461282,3.457102,77.168238,5036.680584,1.495215,44.97073,0.4472,0.166594,-2.0
3.506377,3.502239,77.350708,5036.09898,1.419158,44.973732,0.435765,0.162334,-2.0
3.551468,3.547377,77.52365,5035.541318,1.342904,44.976797,0.425196,0.158397,-2.0
3.596553,3.592516,77.687034,5035.007192,1.26647,44.979926,0.415444,0.154764,-2.0
3.641631,3.637653,77.840848,5034.496222,1.189864,44.983113,0.406466,0.151419,-2.0
3.686698,3.682792,77.985079,5034.008055,1.113098,44.986361,0.398222,0.148348,-2.0
3.731762,3.727929,78.119708,5033.54234,1.036192,44.989675,0.390677,0.145537,-2.0
3.776819,3.773072,78.244715,5033.098745,0.959152,44.993043,0.383797,0.142974,-2.0
3.821875,3.818214,78.360087,5032.67696,0.88199,44.996467,0.377553,0.140648,-2.0
3.866921,3.863357,78.465813,5032.276684,0.804721,44.999955,0.371918,0.138549,-2.0
3.911959,3.9085,78.561888,5031.897617,0.727345,45.003504,0.366869,0.136668,-2.0
3.956987,3.953643,78.648288,5031.539486,0.64988,45.007107,0.362385,0.134998,-2.0
4.002016,3.998796,78.72497,5031.202112,0.572334,45.010774,0.358448,0.133531,-2.0
4.047036,4.043948,78.791474,5030.886143,0.494711,45.014498,0.355067,0.132272,-2.0
4.092046,4.0891,78.848277,5030.59028,0.417026,45.018284,0.352201,0.131204,-2.0
4.137056,4.134261,78.895387,5030.314268,0.339287,45.022126,0.349836,0.130323,-2.0
4.182066,4.179423,78.932797,5030.057845,0.261509,45.026029,0.347965,0.129626,-2.0
4.227061,4.224585,78.960497,5029.820769,0.183687,45.02998,0.346579,0.12911,-2.0
4.272051,4.269754,78.978487,5029.602787,0.105842,45.03399,0.345673,0.128772,-2.0
4.317042,4.314925,78.986767,5029.40366,0.027979,45.038063,0.345243,0.128612,-2.0
4.362027,4.360102,78.98533,5029.223135,-0.049897,45.042187,0.345288,0.128629,-2.0
4.407009,4.405283,78.974179,5029.060964,-0.127776,45.046367,0.345808,0.128822,-2.0
4.451985,4.450469,78.953317,5028.9169,-0.205645,45.050606,0.346804,0.129194,-2.0
4.496952,4.495659,78.922746,5028.790684,-0.283501,45.054902,0.348282,0.129744,-2.0
4.541915,4.540854,78.882463,5028.682055,-0.361339,45.059254,0.350246,0.130476,-2.0
4.586877,4.586053,78.832477,5028.590753,-0.439144,45.063654,0.352705,0.131392,-2.0
4.631836,4.631256,78.772796,5028.516504,-0.516907,45.068111,0.355669,0.132496,-2.0
4.676787,4.676468,78.703416,5028.459034,-0.594626,45.072626,0.359149,0.133792,-2.0
4.72173,4.721689,78.624347,5028.418047,-0.672284,45.07719,0.36316,0.135286,-2.0
4.766674,4.766917,78.535602,5028.393252,-0.749884,45.081814,0.367717,0.136984,-2.0
4.811617,4.812146,78.437177,5028.38434,-0.827403,45.086485,0.372841,0.138893,-2.0
4.856559,4.857375,78.329095,5028.39098,-0.90484,45.091219,0.378551,0.14102,-2.0
4.901484,4.902622,78.211317,5028.412924,-0.982178,45.095997,0.384875,0.143376,-2.0
4.946417,4.947869,78.083414,5028.450477,-1.059402,45.100832,0.391871,0.145982,-2.0
4.991342,4.993135,77.945881,5028.502486,-1.136509,45.105721,0.399537,0.148838,-2.0
5.036267,5.038393,77.798753,5028.568558,-1.213482,45.110664,0.407906,0.151956,-2.0
5.081183,5.083665,77.642023,5028.648288,-1.29032,45.115653,0.417017,0.15535,-2.0
5.126098,5.128949,77.47572,5028.741246,-1.367001,45.120695,0.426907,0.159034,-2.0
5.171006,5.174234,77.299865,5028.846969,-1.44352,45.125791,0.437623,0.163026,-2.0
5.215911,5.219532,77.114481,5028.964965,-1.519851,45.130934,0.449211,0.167343,-2.0
5.260817,5.264837,76.919587,5029.09472,-1.59599,45.136128,0.461726,0.172005,-2.0
5.305722,5.310146,76.715206,5029.235683,-1.671918,45.14137,0.475225,0.177034,-2.0
5.350622,5.355465,76.501369,5029.38727,-1.747612,45.146663,0.48977,0.182452,-2.0
5.395518,5.400797,76.278099,5029.548859,-1.823058,45.152001,0.505432,0.188287,-2.0
5.44041,5.44614,76.045431,5029.719784,-1.898244,45.157382,0.522285,0.194565,-2.0
5.485296,5.491486,75.803402,5029.899334,-1.973146,45.162814,0.540411,0.201317,-2.0
5.530183,5.53684,75.552039,5030.086741,-2.047739,45.168291,0.559899,0.208577,-2.0
5.575069,5.582204,75.29139,5030.281191,-2.122005,45.173814,0.580847,0.216381,-2.0
5.619954,5.627577,75.021493,5030.48181,-2.195909,45.179381,0.60336,0.224767,-2.0
5.66483,5.67296,74.742395,5030.687666,-2.26944,45.184991,0.627554,0.23378,-2.0
5.709706,5.718359,74.454142,5030.897741,-2.342569,45.190639,0.653555,0.243466,-2.0
5.754574,5.763759,74.156775,5031.110966,-2.415248,45.196332,0.681498,0.253876,-2.0
5.799441,5.809168,73.850323,5031.326174,-2.487465,45.202069,0.711547,0.26507,-2.0
5.844308,5.854596,73.53444,5031.542042,-2.559144,45.207836,0.743975,0.27715,-2.0
5.889176,5.900024,73.209638,5031.757101,-2.630283,45.213647,0.778857,0.290145,-2.0
5.934035,5.945468,72.875994,5031.969878,-2.700822,45.219486,0.816387,0.304126,-2.0
5.978892,5.990923,72.533575,5032.178778,-2.770735,45.225368,0.85678,0.319173,-2.0
6.023743,6.036387,72.182481,5032.382073,-2.839973,45.23128,0.900267,0.335373,-2.0
6.068598,6.08186,71.822785,5032.577905,-2.908479,45.237219,0.9471,0.35282,-2.0
6.113443,6.127342,71.45458,5032.764244,-2.976192,45.243186,0.997554,0.371615,-2.0
6.158288,6.172832,71.077976,5032.938921,-3.04306,45.249179,1.051928,0.391871,-2.0
6.203131,6.218338,70.693081,5033.099579,-3.10902,45.255194,1.110546,0.413708,-2.0
6.24797,6.263851,70.300018,5033.243661,-3.174,45.261226,1.173763,0.437258,-2.0
6.292804,6.309373,69.898912,5033.368403,-3.237918,45.267281,1.241963,0.462664,-2.0
6.337633,6.354905,69.489896,5033.470813,-3.300698,45.273352,1.315563,0.490082,-2.0
6.382459,6.400445,69.073119,5033.547651,-3.362251,45.279429,1.395016,0.51968,-2.0
6.427279,6.445996,68.648752,5033.595402,-3.422472,45.285518,1.480813,0.551642,-2.0
6.472099,6.491552,68.216964,5033.610259,-3.481271,45.29161,1.573487,0.586165,-2.0
6.516917,6.537125,67.777937,5033.588101,-3.53852,45.297705,1.673614,0.623465,-2.0
6.561726,6.582704,67.331887,5033.524461,-3.594093,45.303785,1.781816,0.663773,-2.0
6.606527,6.628286,66.879017,5033.414506,-3.647876,45.309863,1.898764,0.70734,-2.0
6.651327,6.673885,66.419572,5033.253012,-3.699708,45.315923,2.025183,0.754434,-2.0
6.696118,6.719484,65.95378,5033.033909,-3.74943,45.321965,2.161917,0.805371,-2.0
6.74091,6.765101,65.48166,5032.747894,-3.796753,45.327969,2.310342,0.860663,-2.0
6.785683,6.810719,65.003842,5032.39107,-3.841602,45.333946,2.470853,0.920458,-2.0
6.830456,6.856337,64.520647,5031.956189,-3.883773,45.33987,2.644411,0.985113,-2.0
6.87522,6.901971,64.032432,5031.435432,-3.923056,45.345749,2.832038,1.055009,-2.0
6.919975,6.947608,63.539582,5030.820354,-3.959206,45.351568,3.03481,1.130547,-2.0
6.964722,6.993244,63.042517,5030.101897,-3.991985,45.357317,3.25386,1.212148,-2.0
7.009459,7.038888,62.541674,5029.270321,-4.021117,45.362987,3.490372,1.300255,-2.0
7.054188,7.084534,62.037543,5028.315178,-4.046311,45.368565,3.745571,1.395324,-2.0
7.098907,7.13018,61.530644,5027.225303,-4.067264,45.374038,4.02072,1.497824,-2.0
7.143613,7.175827,61.021534,5025.988778,-4.08365,45.379393,4.317101,1.608234,-2.0
7.188304,7.221473,60.510823,5024.592934,-4.095115,45.384622,4.636004,1.727034,-2.0
7.232983,7.267119,59.999163,5023.024337,-4.101283,45.389709,4.978706,1.854699,-2.0
7.277644,7.312762,59.48725,5021.268795,-4.101763,45.394635,5.346444,1.991691,-2.0
7.322287,7.358399,58.975833,5019.311396,-4.096148,45.399389,5.740388,2.138445,-2.0
7.366912,7.404034,58.465713,5017.136528,-4.084007,45.403953,6.161601,2.295359,-2.0
7.411519,7.449659,57.957749,5014.727958,-4.064892,45.408312,6.611004,2.462773,-2.0
7.456107,7.495274,57.452846,5012.068885,-4.038337,45.412443,7.089323,2.640959,-2.0
7.500668,7.540872,56.951973,5009.142109,-4.003871,45.41633,7.597033,2.830095,-2.0
7.545211,7.58646,56.456168,5005.930109,-3.961012,45.419955,8.134303,3.030242,-2.0
7.589727,7.632031,55.96657,5002.413109,-3.909219,45.423299,8.701117,3.241395,-2.0
7.634205,7.677573,55.484702,4998.558886,-3.847581,45.426331,9.297946,3.46373,-2.0
7.678656,7.723105,55.011475,4994.365206,-3.776065,45.429031,9.922074,3.696234,-2.0
7.723072,7.768604,54.548161,4989.815727,-3.694245,45.431398,10.571608,3.938202,-2.0
7.767452,7.814075,54.096077,4984.89521,-3.601705,45.433407,11.243975,4.188677,-2.0
7.811795,7.859511,53.656569,4979.589875,-3.498081,45.43505,11.935867,4.446425,-2.0
7.856096,7.904911,53.23103,4973.8878,-3.383069,45.43631,12.643189,4.709921,-2.0
7.900352,7.950275,52.820875,4967.779389,-3.256441,45.437169,13.361037,4.977338,-2.0
7.944562,7.995597,52.427542,4961.257786,-3.118036,45.437624,14.083691,5.246546,-2.0
7.988717,8.040869,52.05247,4954.31934,-2.967795,45.437674,14.804647,5.51512,-2.0
8.032819,8.086091,51.69708,4946.964012,-2.805775,45.437314,15.51667,5.780368,-2.0
8.076862,8.13126,51.362784,4939.195756,-2.632148,45.436549,16.2119,6.039359,-2.0
8.120841,8.176366,51.050949,4931.022864,-2.447215,45.435387,16.881981,6.288982,-2.0
8.16476,8.221409,50.762871,4922.458198,-2.25142,45.433837,17.518238,6.526005,-2.0
8.208606,8.266383,50.499786,4913.519331,-2.045352,45.431918,18.111884,6.747153,-2.0
8.252381,8.31128,50.262834,4904.228614,-1.829737,45.429654,18.654259,6.949202,-2.0
8.296083,8.356109,50.053046,4894.613042,-1.605441,45.427075,19.137083,7.129067,-2.0
8.33971,8.400851,49.871323,4884.704027,-1.373486,45.424212,19.55272,7.283903,-2.0
8.383249,8.445519,49.718424,4874.537069,-1.134997,45.421095,19.894436,7.411201,-2.0
8.426706,8.490097,49.594975,4864.151188,-0.891204,45.417781,20.156634,7.508877,-2.0
8.470072,8.534575,49.501621,4853.58742,-0.643441,45.414304,20.334433,7.575111,-2.0
8.513344,8.578968,49.439891,4842.887635,-0.393092,45.410704,20.421456,7.60753,-2.0
8.556535,8.623262,49.408409,4832.106063,-0.141806,45.40705,20.420899,7.607322,-2.0
8.59962,8.667465,49.407047,4821.288759,0.108965,45.403393,20.333531,7.574775,-2.0
8.642621,8.711563,49.435535,4810.481248,0.357783,45.399767,20.161697,7.510763,-2.0
8.685525,8.755567,49.493416,4799.72777,0.603242,45.396237,19.909206,7.416703,-2.0
8.728331,8.799475,49.580072,4789.07052,0.844008,45.392849,19.581167,7.2945,-2.0
8.771044,8.843284,49.694754,4778.549007,1.078829,45.389641,19.183791,7.146467,-2.0
8.813661,8.886993,49.836563,4768.199511,1.306567,45.38665,18.724158,6.975241,-2.0
8.856179,8.930609,50.004485,4758.054661,1.526196,45.383921,18.20997,6.783693,-2.0
8.898608,8.974135,50.197413,4748.143172,1.736814,45.381486,17.649313,6.574833,-2.0
8.940952,9.017567,50.414145,4738.489645,1.93766,45.37937,17.050415,6.351728,-2.0
8.983201,9.060908,50.65341,4729.114533,2.128112,45.377599,16.421434,6.117416,-2.0
9.025359,9.104164,50.913887,4720.034196,2.307677,45.376195,15.770271,5.874841,-2.0
9.067436,9.14733,51.194223,4711.261032,2.475992,45.375171,15.10441,5.62679,-2.0
9.109431,9.190413,51.493025,4702.803726,2.632822,45.374537,14.430795,5.375851,-2.0
9.151346,9.233428,51.808907,4694.667492,2.778039,45.374299,13.755747,5.124378,-2.0
9.193181,9.276357,52.140478,4686.85442,2.911637,45.374459,13.0849,4.874469,-2.0
9.234943,9.319222,52.486372,4679.363783,3.03368,45.375022,12.423175,4.627959,-2.0
9.276625,9.362015,52.845231,4672.192445,3.144331,45.375982,11.774779,4.386415,-2.0
9.318243,9.404745,53.215816,4665.337554,3.243737,45.37734,11.143378,4.151201,-2.0
9.359786,9.447409,53.59718,4658.803828,3.33177,45.379094,10.532754,3.923728,-2.0
9.401275,9.490019,53.987518,4652.567633,3.409298,45.381227,9.944227,3.704486,-2.0
9.442693,9.532566,54.385664,4646.619307,3.476796,45.388947,9.379363,3.494059,-0.314161
9.484047,9.575074,54.790494,4640.948393,3.53458,45.397389,8.839245,3.292851,0.0
9.525345,9.617539,55.200916,4635.543901,3.583062,45.405849,8.324534,3.101108,0.0
9.566583,9.659959,55.615904,4630.394503,3.622659,45.414341,7.835523,2.918939,0.0
9.607763,9.70234,56.034479,4625.488689,3.653813,45.422863,7.372192,2.746335,0.0
9.648896,9.744685,56.455714,4620.814937,3.676962,45.431405,6.934257,2.583193,0.0
9.689979,9.786994,56.878742,4616.361826,3.692535,45.439982,6.521225,2.429328,0.0
9.731012,9.829272,57.302742,4612.118138,3.700958,45.448594,6.132428,2.284491,0.0
9.771996,9.871524,57.726932,4608.072945,3.702636,45.457233,5.767071,2.148386,0.0
9.812938,9.913748,58.150589,4604.215667,3.697965,45.465903,5.424258,2.020679,0.0
9.853842,9.955945,58.57303,4600.536121,3.687331,45.474613,5.103025,1.901011,0.0
9.894698,9.998118,58.993611,4597.024555,3.671099,45.483361,4.802363,1.789007,0.0
9.935518,10.040273,59.411743,4593.671662,3.649627,45.492139,4.521238,1.68428,0.0
9.976303,10.082408,59.826866,4590.468611,3.623246,45.500955,4.25861,1.586444,0.0
10.017052,10.124519,60.238459,4587.407032,3.592257,45.509816,4.013445,1.495114,0.0
10.057773,10.166619,60.646025,4584.479027,3.556979,45.51872,3.784726,1.40991,0.0
10.09845,10.208694,61.049115,4581.677135,3.517681,45.527652,3.571464,1.330464,0.0
10.139109,10.250768,61.447259,4578.995316,3.4746,45.536639,3.372815,1.256462,0.0
10.179721,10.292814,61.839833,4576.430948,3.427871,45.545664,3.188325,1.187735,0.0
10.220315,10.33486,62.226705,4573.972334,3.377891,45.554724,3.01644,1.123703,0.0
10.260873,10.376889,62.607526,4571.6138,3.324882,45.563837,2.856333,1.064059,0.0
10.301412,10.418916,62.981995,4569.350042,3.269048,45.572989,2.70722,1.008511,0.0
10.341918,10.460928,63.349814,4567.176108,3.210579,45.582184,2.568362,0.956783,0.0
10.382401,10.502936,63.7107,4565.087371,3.14964,45.591431,2.439065,0.908616,0.0
10.422861,10.544938,64.064404,4563.079531,3.086406,45.600718,2.318677,0.863768,0.0
10.463299,10.58693,64.41069,4561.148579,3.021032,45.610048,2.206586,0.822011,0.0
10.503708,10.628919,64.749333,4559.290782,2.953657,45.619429,2.102223,0.783133,0.0
10.544096,10.670903,65.080129,4557.502652,2.884411,45.628858,2.005055,0.746936,0.0
10.584466,10.712883,65.40288,4555.780944,2.813424,45.638332,1.914586,0.713234,0.0
10.624813,10.754862,65.717408,4554.12265,2.740813,45.647852,1.830356,0.681856,0.0
10.665139,10.796841,66.023551,4552.524966,2.666683,45.657416,1.751937,0.652643,0.0
10.705441,10.838818,66.321151,4550.985267,2.591133,45.667028,1.678932,0.625446,0.0
10.745724,10.88079,66.610057,4549.501106,2.514267,45.676692,1.610972,0.600129,0.0
10.78599,10.922768,66.890142,4548.070216,2.436168,45.686403,1.547717,0.576565,0.0
10.826238,10.964739,67.161278,4546.690484,2.35692,45.696165,1.488851,0.554636,0.0
10.866467,11.006718,67.423342,4545.359906,2.276593,45.705966,1.434083,0.534234,0.0
10.906679,11.048688,67.676238,4544.07666,2.195269,45.715829,1.383144,0.515257,0.0
10.946872,11.090667,67.919764,4542.839374,2.113001,45.725737,1.335814,0.497626,0.0
10.987047,11.132647,68.153484,4541.64801,2.029829,45.735692,1.291977,0.481296,0.0
11.027213,11.174635,68.377729,4540.498922,1.945846,45.745701,1.251258,0.466126,0.0
11.067352,11.216624,68.592421,4539.390698,1.861121,45.755756,1.213464,0.452047,0.0
11.107481,11.258613,68.797493,4538.32203,1.775697,45.765864,1.178419,0.438992,0.0
11.147586,11.300602,68.992868,4537.291655,1.689618,45.776018,1.145962,0.426901,0.0
11.187677,11.342605,69.178477,4536.298391,1.602939,45.786225,1.115944,0.415718,0.0
11.22776,11.384606,69.354272,4535.341132,1.515707,45.796485,1.088227,0.405393,0.0
11.267827,11.426616,69.520192,4534.418825,1.427953,45.806793,1.062688,0.395879,0.0
11.307877,11.468628,69.676191,4533.530465,1.339718,45.817152,1.039211,0.387133,0.0
11.347909,11.510646,69.822215,4532.675096,1.251045,45.82756,1.017693,0.379117,0.0
11.387927,11.552673,69.958223,4531.851806,1.161965,45.838017,0.998039,0.371796,0.0
11.427936,11.594704,70.084178,4531.05973,1.072515,45.848528,0.980163,0.365136,0.0
11.467929,11.636744,70.200037,4530.298033,0.982724,45.85909,0.963987,0.359111,0.0
11.507904,11.67879,70.305779,4529.565908,0.89262,45.8697,0.949443,0.353692,0.0
11.547872,11.720838,70.401368,4528.862586,0.802238,45.880363,0.936466,0.348858,0.0
11.587818,11.762897,70.486775,4528.187304,0.711608,45.891079,0.925003,0.344588,0.0
11.627762,11.804972,70.561983,4527.539335,0.62075,45.901841,0.915004,0.340863,0.0
11.667687,11.847047,70.626974,4526.917973,0.529697,45.912658,0.906427,0.337668,0.0
11.707595,11.889131,70.681722,4526.322514,0.438483,45.923527,0.899236,0.334989,0.0
11.747494,11.931225,70.726114,4525.752501,0.347114,45.934443,0.893413,0.33282,0.0
11.787384,11.973318,70.759764,4525.208115,0.255623,45.945414,0.888981,0.331169,0.0
11.827256,12.015429,70.783145,4524.687521,0.164042,45.95644,0.885859,0.330006,0.0
11.867118,12.05755,70.796241,4524.19004,0.072396,45.96752,0.884034,0.329326,0.0
11.906963,12.09968,70.799043,4523.715007,-0.019297,45.978646,0.8835,0.329127,0.0
11.946797,12.141819,70.791564,4523.261753,-0.111006,45.989824,0.884252,0.329407,0.0
11.98663,12.183967,70.773649,4522.829902,-0.205178,45.993893,0.886315,0.330176,-26.2727
12.02645,12.226117,70.745127,4522.41913,-0.300251,45.995306,0.889717,0.331443,-37.999999
12.066269,12.268274,70.705944,4522.028839,-0.395292,45.996721,0.894481,0.333218,-37.999999
12.106081,12.310434,70.656107,4521.658299,-0.490274,45.998126,0.900628,0.335508,-37.999999
12.145885,12.352593,70.595629,4521.306751,-0.585175,45.999507,0.908183,0.338322,-37.999999
12.185689,12.394758,70.524523,4520.973422,-0.679977,46.000849,0.91718,0.341674,-37.999999
12.225489,12.436927,70.4428,4520.657518,-0.77466,46.002129,0.927658,0.345577,-37.999999
12.265284,12.4791,70.350474,4520.358216,-0.8692,46.003333,0.939662,0.350049,-37.999999
12.305078,12.521279,70.247565,4520.074667,-0.963579,46.004447,0.953245,0.355109,-37.999999
12.34487,12.56346,70.134095,4519.805977,-1.057771,46.005449,0.968467,0.360779,-37.999999
12.384655,12.605649,70.010085,4519.551218,-1.15175,46.006323,0.985396,0.367086,-37.999999
12.424439,12.647837,69.875566,4519.309421,-1.245489,46.007056,1.004107,0.374056,-37.999999
12.464214,12.690026,69.730559,4519.079569,-1.338957,46.007616,1.024685,0.381722,-37.999999
12.50399,12.732225,69.575104,4518.860587,-1.432145,46.007987,1.047224,0.390119,-37.999999
12.543765,12.774432,69.409124,4518.651431,-1.525005,46.008148,1.071849,0.399292,-37.999999
12.583531,12.81664,69.232304,4518.451121,-1.617498,46.008056,1.09876,0.409317,-37.999999
12.623306,12.858847,69.045152,4518.257933,-1.709604,46.007703,1.127991,0.420206,-37.999999
12.663073,12.901063,68.84771,4518.07051,-1.801299,46.007063,1.15968,0.432011,-37.999999
12.702831,12.94328,68.640038,4517.887419,-1.892532,46.006104,1.193981,0.444789,-37.999999
12.742595,12.985497,68.422186,4517.707122,-1.983267,46.004791,1.231061,0.458602,-37.999999
12.782354,13.027721,68.194207,4517.527986,-2.07347,46.003104,1.271101,0.473518,-37.999999
12.822117,13.069947,67.956176,4517.348273,-2.163096,46.001008,1.3143,0.489611,-37.999999
12.861877,13.112173,67.708155,4517.166108,-2.252097,45.998452,1.360876,0.506962,-37.999999
12.901634,13.154405,67.450216,4516.979496,-2.340428,45.99541,1.411063,0.525658,-37.999999
12.941395,13.196636,67.182441,4516.786308,-2.428036,45.991837,1.465118,0.545795,-37.999999
12.981157,13.238867,66.904918,4516.584254,-2.514861,45.98769,1.523319,0.567477,-37.999999
13.020913,13.281103,66.617741,4516.370876,-2.600841,45.98292,1.58597,0.590816,-37.999999
13.060673,13.323339,66.321003,4516.14354,-2.685917,45.977474,1.653399,0.615935,-37.999999
13.100439,13.365575,66.014811,4515.899413,-2.770024,45.971296,1.725963,0.642967,-37.999999
13.140205,13.407808,65.699287,4515.635457,-2.853071,45.964327,1.804048,0.672055,-37.999999
13.179971,13.450035,65.374555,4515.348393,-2.934998,45.956505,1.888073,0.703357,-37.999999
13.219737,13.492261,65.040742,4515.034699,-3.015707,45.947754,1.978492,0.73704,-37.999999
13.259504,13.534487,64.697999,4514.690586,-3.095115,45.938013,2.075796,0.773289,-37.999999
13.299279,13.576704,64.346481,4514.311974,-3.173107,45.927187,2.180513,0.812299,-37.999999
13.339055,13.61892,63.98627,4513.894013,-3.24957,45.915189,2.293308,0.854318,-37.999999
13.37884,13.661128,63.617254,4513.430079,-3.324331,45.901874,2.415143,0.899704,-37.999999
13.418625,13.703326,63.240038,4512.916768,-3.397312,45.887184,2.546331,0.948575,-37.999999
13.458418,13.745516,62.854817,4512.348509,-3.468402,45.871015,2.687595,1.0012,-37.999999
13.49822,13.787689,62.461825,4511.719307,-3.537435,45.853251,2.839712,1.057868,-37.999999
13.538024,13.829858,62.061309,4511.0227,-3.604255,45.833765,3.003513,1.118888,-37.999999
13.577842,13.872007,61.653528,4510.251753,-3.668704,45.812416,3.179886,1.184591,-37.999999
13.617665,13.914141,61.238771,4509.398989,-3.730599,45.789059,3.369774,1.25533,-37.999999
13.657494,13.956255,60.817349,4508.456377,-3.789738,45.763532,3.574182,1.331477,-37.999999
13.697337,13.998347,60.389585,4507.415306,-3.845911,45.73567,3.794171,1.413428,-37.999999
13.737194,14.040416,59.955837,4506.266525,-3.898897,45.705293,4.030856,1.5016,-37.999999
13.777059,14.082459,59.516486,4505.000134,-3.948452,45.672201,4.285409,1.596428,-37.999999
13.816937,14.12447,59.071944,4503.605548,-3.994319,45.636184,4.559049,1.698366,-37.999999
13.85683,14.166449,58.622653,4502.071452,-4.036218,45.597022,4.85304,1.807885,-37.999999
13.896738,14.208394,58.169086,4500.385799,-4.073857,45.55447,5.168676,1.925468,-37.999999
13.936668,14.250298,57.711748,4498.53579,-4.106928,45.508273,5.507277,2.051606,-37.999999
13.97661,14.292161,57.25119,4496.507844,-4.135088,45.458169,5.87017,2.186793,-37.999999
14.016577,14.333972,56.78799,4494.287593,-4.157988,45.403866,6.258669,2.331519,-37.999999
14.056556,14.375736,56.322782,4491.859923,-4.175266,45.345067,6.674057,2.486262,-37.999999
14.09657,14.417437,55.856231,4489.208939,-4.186531,45.281455,7.117554,2.651476,-37.999999
14.136602,14.459075,55.389042,4486.315199,-4.19129,45.212639,7.590622,2.827707,-37.999999
14.176662,14.500637,54.922051,4483.151524,-4.188868,45.138051,8.095329,3.015723,-37.999999
14.216749,14.542127,54.456094,4479.710675,-4.179107,45.057581,8.63115,3.215331,-37.999999
14.256863,14.583537,53.992047,4475.974258,-4.161557,44.970848,9.198625,3.42673,-37.999999
14.297012,14.624858,53.530808,4471.923578,-4.135768,44.877484,9.797995,3.650011,-37.999999
14.337197,14.666082,53.073352,4467.539787,-4.101259,44.777102,10.429143,3.88513,-37.999999
14.377418,14.707199,52.620685,4462.804107,-4.057582,44.669332,11.091524,4.131885,-37.999999
14.417675,14.748203,52.173878,4457.698074,-4.004286,44.553795,11.784101,4.389888,-37.999999
14.457974,14.789083,51.734035,4452.203804,-3.940929,44.430139,12.505272,4.658543,-37.999999
14.498318,14.829832,51.302302,4446.304319,-3.867099,44.298012,13.252803,4.937018,-37.999999
14.538702,14.870441,50.879873,4439.983905,-3.782417,44.157102,14.02377,5.224223,-37.999999
14.579131,14.910897,50.467973,4433.228493,-3.686543,44.007125,14.814506,5.518793,-37.999999
14.619614,14.951192,50.067852,4426.026077,-3.579199,43.847829,15.620561,5.81907,-37.999999
14.660148,14.991317,49.680783,4418.36713,-3.460164,43.679028,16.436688,6.123099,-37.999999
14.700732,15.03126,49.308038,4410.245045,-3.329294,43.500584,17.256838,6.428626,-37.999999
14.741374,15.071009,48.950902,4401.656575,-3.186531,43.312431,18.074202,6.733116,-37.999999
14.782066,15.11055,48.610656,4392.602227,-3.031921,43.114593,18.881263,7.033767,-37.999999
14.822818,15.149881,48.288539,4383.086639,-2.865625,42.907155,19.6699,7.327555,-37.999999
14.863626,15.188978,47.985766,4373.118903,-2.687906,42.690317,20.431513,7.611276,-37.999999
14.904496,15.22784,47.703492,4362.712799,-2.499179,42.464371,21.157195,7.881612,-37.999999
14.945421,15.266447,47.443094,4351.882373,-2.299855,42.229604,21.837292,8.134966,-37.999999
14.986412,15.304791,47.206374,4340.640363,-2.090327,41.986295,22.460523,8.367136,-37.999999
15.027457,15.342856,46.993292,4329.034355,-1.87188,41.735438,23.020417,8.575711,-37.999999
15.068556,15.380651,46.804659,4317.097966,-1.645464,41.477762,23.509182,8.757789,-37.999999
15.109716,15.41816,46.64114,4304.868896,-1.412133,41.214067,23.919929,8.910803,-37.999999
15.150925,15.455366,46.503277,4292.388428,-1.173038,40.945237,24.246889,9.032604,-37.999999
15.192193,15.49228,46.391481,4279.700841,-0.929427,40.672231,24.485592,9.121527,-37.999999
15.233511,15.528893,46.306014,4266.852667,-0.682605,40.39606,24.633014,9.176446,-37.999999
15.274874,15.565194,46.246989,4253.891932,-0.433935,40.117767,24.68766,9.196803,-37.999999
15.316282,15.601186,46.214377,4240.867367,-0.184798,39.838417,24.649602,9.182625,-37.999999
15.35773,15.636867,46.207992,4227.82758,0.063425,39.559081,24.520454,9.134514,-37.999999
15.399218,15.672237,46.227503,4214.820263,0.309378,39.28082,24.303291,9.053615,-37.999999
15.440744,15.707297,46.272453,4201.891462,0.551747,39.004661,24.002528,8.941573,-37.999999
15.482296,15.742049,46.34225,4189.084893,0.789274,38.731582,23.623752,8.800469,-37.999999
15.523879,15.776502,46.436178,4176.441364,1.020788,38.462504,23.173518,8.632745,-37.999999
15.565493,15.81065,46.553424,4163.998311,1.245209,38.198267,22.659142,8.441127,-37.999999
15.607124,15.844504,46.693075,4151.789411,1.46157,37.939649,22.088468,8.228535,-37.999999
15.648774,15.878071,46.854124,4139.844363,1.669013,37.687338,21.469645,7.998008,-37.999999
15.690441,15.91136,47.035512,4128.18872,1.866791,37.441909,20.810921,7.752616,-37.999999
15.732117,15.944379,47.236124,4116.843895,2.054304,37.203861,20.120447,7.495396,-37.999999
15.773802,15.977134,47.454989,4105.831331,2.230914,36.973711,19.405914,7.229214,-37.999999
15.815505,16.009617,47.691367,4095.175784,2.395879,36.75204,18.6748,6.956855,-37.999999
15.8572,16.041857,47.94325,4084.871938,2.549427,36.538709,17.934998,6.681259,-37.999999
15.898903,16.073862,48.209412,4074.925372,2.691412,36.333864,17.192758,6.404755,-37.999999
15.940615,16.105633,48.488655,4065.338558,2.821777,36.137561,16.45368,6.129429,-37.999999
15.982321,16.137199,48.779756,4056.111226,2.940573,35.949793,15.722695,5.857118,-37.999999
16.024018,16.168554,49.081541,4047.240676,3.04791,35.770501,15.004063,5.589408,-37.999999
16.065719,16.199712,49.392851,4038.722108,3.143965,35.599561,14.301389,5.327644,-37.999999
16.107411,16.230681,49.712555,4030.548935,3.228969,35.43682,13.617659,5.072936,-37.999999
16.149101,16.261472,50.039551,4022.713108,3.303199,35.282079,12.955277,4.826181,-37.999999
16.190786,16.292097,50.372791,4015.20538,3.366979,35.135113,12.31611,4.588075,-37.999999
16.232457,16.322559,50.71126,4008.015577,3.420652,34.995669,11.701543,4.359133,-37.999999
16.274119,16.352868,51.053973,4001.132826,3.464586,34.863475,11.11253,4.13971,-37.999999
16.315776,16.383032,51.399999,3994.545751,3.499173,34.738255,10.549644,3.93002,-37.999999
16.357426,16.413059,51.748451,3988.242678,3.524803,34.619715,10.013132,3.730155,-37.999999
16.399061,16.442959,52.098483,3982.21178,3.541875,34.507565,9.502964,3.540104,-37.999999
16.440687,16.472735,52.449288,3976.441204,3.550799,34.40149,9.018871,3.359767,-37.999999
16.482304,16.502396,52.800102,3970.919194,3.551966,34.301208,8.560395,3.188972,-37.999999
16.523913,16.531949,53.150213,3965.634193,3.545768,34.20643,8.126923,3.027493,-37.999999
16.565511,16.561404,53.498919,3960.574895,3.532603,34.11685,7.717718,2.875053,-37.999999
16.607092,16.590748,53.845565,3955.732879,3.512758,34.032264,7.332235,2.731451,-37.999999
16.648672,16.620009,54.189423,3951.102946,3.486427,33.952512,6.970191,2.59658,-37.999999
16.690235,16.649179,54.530005,3946.665756,3.454251,33.877128,6.629632,2.469713,-37.999999
16.731788,16.678259,54.866782,3942.411573,3.416553,33.805866,6.309589,2.350488,-37.999999
16.773324,16.707273,55.199266,3938.33113,3.373664,33.73847,6.009083,2.238541,-37.999999
16.814857,16.73621,55.526981,3934.415573,3.325885,33.674732,5.727138,2.133509,-37.999999
16.856376,16.765079,55.849499,3930.656491,3.273501,33.614418,5.462792,2.035034,-37.999999
16.89789,16.793885,56.166397,3927.045927,3.216792,33.55733,5.215105,1.942764,-37.999999
16.939392,16.822628,56.477298,3923.576322,3.156014,33.503269,4.983162,1.856359,-37.999999
16.980882,16.851313,56.781838,3920.240545,3.091421,33.452046,4.766082,1.775491,-37.999999
17.022362,16.879945,57.079682,3917.031855,3.023246,33.403488,4.563017,1.699844,-37.999999
17.063834,16.908522,57.37051,3913.943891,2.951712,33.35743,4.373157,1.629116,-37.999999
17.105292,16.937054,57.654028,3910.970669,2.877027,33.313714,4.195731,1.56302,-37.999999
17.14674,16.965542,57.929964,3908.10654,2.799388,33.27219,4.030008,1.501284,-37.999999
17.188184,16.993979,58.19805,3905.346186,2.718983,33.232718,3.875296,1.44365,-37.999999
17.229618,17.022374,58.458049,3902.684593,2.635988,33.195162,3.730943,1.389874,-37.999999
17.271037,17.050733,58.709745,3900.117062,2.550571,33.159399,3.596334,1.339729,-37.999999
17.312453,17.079056,58.952915,3897.639135,2.462882,33.12532,3.470896,1.293,-37.999999
17.353853,17.107342,59.187371,3895.24665,2.373068,33.092812,3.354089,1.249487,-37.999999
17.395252,17.135593,59.412919,3892.935644,2.281278,33.061759,3.24541,1.209001,-37.999999
17.436633,17.163807,59.629286,3890.7034,2.187611,33.032101,3.144486,1.171404,-37.999999
17.478014,17.192003,59.836018,3888.548306,2.092161,33.003746,3.051059,1.1366,-37.999999
17.519386,17.220154,60.033357,3886.463805,1.995107,32.976572,2.964408,1.10432,-37.999999
17.560749,17.248285,60.221166,3884.446776,1.896578,32.950493,2.88416,1.074426,-37.999999
17.602103,17.27639,60.399333,3882.49428,1.79666,32.925424,2.809975,1.04679,-37.999999
17.643448,17.304468,60.567733,3880.60352,1.695462,32.901294,2.741536,1.021294,-37.999999
17.684784,17.332526,60.726259,3878.771832,1.593079,32.878037,2.678552,0.997831,-37.999999
17.726117,17.36056,60.874809,3876.996685,1.489592,32.855584,2.620757,0.976301,-37.999999
17.767439,17.388566,61.013298,3875.275649,1.385096,32.833866,2.567906,0.956613,-37.999999
17.808754,17.416557,61.141646,3873.60641,1.279672,32.812827,2.519778,0.938684,-37.999999
17.850063,17.444528,61.259775,3871.986741,1.173391,32.792412,2.476169,0.922438,-37.999999
17.891368,17.472473,61.367615,3870.414493,1.066331,32.772559,2.436897,0.907808,-37.999999
17.932665,17.500398,61.465105,3868.887598,0.958567,32.753214,2.401799,0.894733,-37.999999
17.973951,17.528311,61.55219,3867.404057,0.850171,32.734326,2.370726,0.883158,-37.999999
18.015234,17.556207,61.628816,3865.961916,0.741203,32.715843,2.34355,0.873034,-37.999999
18.056511,17.584084,61.694948,3864.55927,0.631732,32.697718,2.320158,0.86432,-37.999999
18.097785,17.611943,61.75055,3863.194269,0.521825,32.679905,2.300452,0.856979,-37.999999
18.139051,17.639785,61.795582,3861.865089,0.41154,32.662355,2.28435,0.85098,-37.999999
18.180308,17.667617,61.83002,3860.569914,0.300938,32.645025,2.271784,0.846299,-37.999999
18.221565,17.695422,61.853848,3859.30696,0.190077,32.627865,2.2627,0.842915,-37.999999
18.262813,17.723218,61.8669,3858.074861,0.079015,32.610832,2.257107,0.840832,-37.999999
18.304061,17.751005,61.86888,3856.872512,-0.032178,32.593892,2.255073,0.840074,-37.999999
18.345291,17.778783,61.860692,3855.695701,-0.134,32.604452,2.256294,0.840529,-4.271533
18.386504,17.806569,61.842797,3854.541629,-0.235146,32.616986,2.260626,0.842142,0.0
18.427698,17.834356,61.81525,3853.408565,-0.336227,32.629573,2.26807,0.844916,0.0
18.468874,17.862157,61.778056,3852.294837,-0.437184,32.642199,2.278652,0.848858,0.0
18.510039,17.889963,61.731235,3851.198736,-0.537937,32.654875,2.292406,0.853982,0.0
18.551182,17.917781,61.67482,3850.118526,-0.638421,32.667598,2.309378,0.860304,0.0
18.592305,17.945606,61.608843,3849.052418,-0.738564,32.680367,2.329625,0.867847,0.0
18.633414,17.973436,61.533344,3847.99858,-0.838301,32.693181,2.353215,0.876634,0.0
18.674505,18.001276,61.448372,3846.955129,-0.937562,32.706044,2.380225,0.886697,0.0
18.715573,18.029128,61.353985,3845.920109,-1.036266,32.718953,2.410748,0.898067,0.0
18.756627,18.056991,61.250239,3844.891494,-1.134339,32.731905,2.444885,0.910784,0.0
18.797666,18.084857,61.137199,3843.867199,-1.23171,32.744905,2.48275,0.92489,0.0
18.838683,18.112732,61.014951,3842.84505,-1.328287,32.757946,2.52447,0.940432,0.0
18.879688,18.140616,60.883573,3841.822772,-1.42399,32.771037,2.570185,0.957461,0.0
18.920674,18.16851,60.743158,3840.798011,-1.518742,32.784167,2.620046,0.976036,0.0
18.961636,18.196412,60.593813,3839.768299,-1.612439,32.79735,2.674218,0.996217,0.0
19.002587,18.224323,60.435633,3838.731058,-1.705008,32.810577,2.732881,1.01807,0.0
19.043511,18.252243,60.268738,3837.683587,-1.796331,32.823841,2.796228,1.041668,0.0
19.084427,18.280162,60.093154,3836.622835,-1.886293,32.83716,2.864538,1.067116,0.0
19.125323,18.308101,59.90878,3835.545158,-1.974747,32.850516,2.938189,1.094553,0.0
19.166193,18.336049,59.716124,3834.447981,-2.061637,32.863926,3.017217,1.123993,0.0
19.207044,18.364005,59.515356,3833.327993,-2.146835,32.877373,3.101876,1.155531,0.0
19.247886,18.391963,59.306637,3832.181744,-2.23023,32.890864,3.192434,1.189266,0.0
19.288703,18.419936,59.09016,3831.005592,-2.311697,32.9044,3.289171,1.225303,0.0
19.329493,18.447912,58.866119,3829.795735,-2.391094,32.917974,3.392385,1.263753,0.0
19.370269,18.475896,58.634723,3828.548153,-2.468289,32.931591,3.502386,1.304731,0.0
19.411025,18.503888,58.39619,3827.258645,-2.543126,32.945252,3.619496,1.348358,0.0
19.451758,18.531889,58.150762,3825.922792,-2.615456,32.958953,3.74405,1.394757,0.0
19.492474,18.559894,57.898695,3824.535957,-2.685124,32.972695,3.876394,1.444059,0.0
19.533167,18.587908,57.640251,3823.09329,-2.751956,32.986478,4.016882,1.496394,0.0
19.573834,18.615932,57.37572,3821.589702,-2.815772,33.000297,4.165876,1.551898,0.0
19.614477,18.643957,57.105402,3820.019871,-2.876395,33.014155,4.323742,1.610708,0.0
19.655098,18.671984,56.829614,3818.378244,-2.933637,33.028055,4.490847,1.672959,0.0
19.695696,18.70002,56.548703,3816.659022,-2.987293,33.041988,4.667556,1.738788,0.0
19.736271,18.728063,56.263023,3814.856165,-3.03715,33.055953,4.85423,1.808328,0.0
19.776813,18.756107,55.972951,3812.963406,-3.083002,33.069961,5.051216,1.881711,0.0
19.817336,18.784151,55.678882,3810.974241,-3.12462,33.084004,5.258844,1.959058,0.0
19.857823,18.812203,55.381242,3808.88194,-3.161781,33.098075,5.477423,2.040484,0.0
19.898292,18.840256,55.080432,3806.677826,-3.194175,33.112182,5.707398,2.126156,0.0
19.938723,18.868318,54.776887,3804.35117,-3.221399,33.126327,5.949318,2.216278,0.0
19.979119,18.896372,54.47122,3801.899132,-3.243416,33.140498,6.202903,2.310745,0.0
20.019487,18.924425,54.163956,3799.314241,-3.259963,33.154697,6.468269,2.4096,0.0
20.05982,18.952477,53.855624,3796.588941,-3.270784,33.168931,6.745458,2.51286,0.0
20.100124,18.98053,53.546793,3793.715601,-3.275632,33.183186,7.034427,2.620509,0.0
20.140388,19.008583,53.238049,3790.686581,-3.274239,33.197465,7.335035,2.732493,0.0
20.180613,19.036629,52.929997,3787.494283,-3.266359,33.211772,7.647029,2.84872,0.0
20.220802,19.064673,52.623267,3784.131215,-3.251755,33.2261,7.970031,2.969046,0.0
20.26095,19.092711,52.318507,3780.590073,-3.230183,33.240446,8.303523,3.093281,0.0
20.301057,19.120739,52.016396,3776.863802,-3.20141,33.254814,8.646835,3.221173,0.0
20.34112,19.148764,51.717626,3772.945684,-3.165229,33.269201,8.999132,3.352413,0.0
20.381136,19.17678,51.422901,3768.829441,-3.121449,33.283601,9.359402,3.486624,0.0
20.421107,19.204779,51.132944,3764.509334,-3.069893,33.298016,9.72645,3.623359,0.0
20.46102,19.232765,50.848488,3759.980267,-3.010415,33.312442,10.098886,3.762101,0.0
20.500888,19.260744,50.570284,3755.237873,-2.942906,33.326884,10.475125,3.90226,0.0
20.540708,19.2887,50.29907,3750.278672,-2.867272,33.341335,10.853386,4.043172,0.0
20.580464,19.316646,50.035616,3745.100135,-2.783484,33.355794,11.231694,4.184101,0.0
20.620158,19.344573,49.78066,3739.700815,-2.691536,33.370252,11.607892,4.324245,0.0
20.659799,19.372483,49.534942,3734.08044,-2.591466,33.384711,11.979656,4.462737,0.0
20.699384,19.400364,49.299367,3728.236693,-2.483264,33.39918,12.34436,4.598599,0.0
20.738885,19.428227,49.074979,3722.166846,-2.366899,33.413638,12.698963,4.730698,0.0
20.778332,19.456055,48.862055,3715.883825,-2.242907,33.428097,13.041046,4.858133,0.0
20.8177,19.483863,48.661257,3709.393214,-2.111569,33.442556,13.367865,4.979882,0.0
20.857002,19.511645,48.473209,3702.702092,-1.973219,33.457006,13.67668,5.094923,0.0
20.896234,19.5394,48.298509,3695.819079,-1.828258,33.471448,13.964796,5.202254,0.0
20.935381,19.567122,48.137706,3688.754284,-1.67714,33.485874,14.229615,5.300906,0.0
20.974456,19.594807,47.991282,3681.519249,-1.520377,33.500295,14.468687,5.389967,0.0
21.013451,19.622456,47.859676,3674.126901,-1.358544,33.514704,14.679759,5.468596,0.0
21.052362,19.65007,47.743271,3666.591413,-1.192252,33.529094,14.860821,5.536047,0.0
21.091186,19.677647,47.642389,3658.928103,-1.022164,33.543467,15.01015,5.591676,0.0
21.129925,19.705188,47.557284,3651.153273,-0.848987,33.557827,15.12635,5.634964,0.0
21.168579,19.73269,47.488134,3643.284026,-0.673446,33.572169,15.208379,5.665521,0.0
21.207146,19.76015,47.435051,3635.338111,-0.496293,33.586488,15.255573,5.683102,0.0
21.245626,19.787568,47.398081,3627.333707,-0.318305,33.600789,15.267657,5.687604,0.0
21.28401,19.814939,47.377194,3619.289214,-0.140262,33.615072,15.244755,5.679072,0.0
21.322304,19.842278,47.372304,3611.223041,0.037065,33.629337,15.187376,5.657697,0.0
21.360508,19.869564,47.38322,3603.153452,0.212912,33.643584,15.096406,5.623808,0.0
21.398622,19.896806,47.409729,3595.098319,0.386526,33.657812,14.973077,5.577865,0.0
21.436646,19.924011,47.451531,3587.07495,0.557187,33.672013,14.818945,5.520447,0.0
21.474569,19.951161,47.508482,3579.100997,0.724126,33.686196,14.635418,5.452078,0.0
21.512398,19.978274,47.580488,3571.194843,0.886565,33.700361,14.424108,5.37336,0.0
21.550138,20.005333,47.66647,3563.369105,1.044028,33.714516,14.188457,5.285573,0.0
21.587787,20.032355,47.765917,3555.637233,1.195979,33.728646,13.930894,5.189624,0.0
21.625347,20.059333,47.878257,3548.01146,1.34193,33.742756,13.653934,5.08645,0.0
21.662816,20.086273,48.002891,3540.50283,1.481432,33.756856,13.360135,4.977002,0.0
21.700196,20.113171,48.139193,3533.12112,1.614113,33.770947,13.052055,4.862234,0.0
21.737492,20.140024,48.28651,3525.874861,1.739635,33.785022,12.732215,4.743085,0.0
21.774706,20.166837,48.444155,3518.771336,1.857736,33.799085,12.403063,4.620467,0.0
21.811835,20.193609,48.611443,3511.816641,1.968192,33.81314,12.066951,4.495257,0.0
21.848878,20.220346,48.787673,3505.015706,2.07084,33.827185,11.726103,4.368282,0.0
21.885845,20.247047,48.972132,3498.372355,2.165566,33.841221,11.382604,4.24032,0.0
21.922736,20.273707,49.164109,3491.889379,2.252302,33.855256,11.038384,4.112088,0.0
21.959546,20.300334,49.362897,3485.568608,2.331028,33.869294,10.695206,3.984246,0.0
21.99628,20.326931,49.567783,3479.410994,2.401745,33.883325,10.354664,3.857385,0.0
22.032947,20.353495,49.77807,3473.416686,2.464517,33.897356,10.018183,3.732037,0.0
22.069537,20.380032,49.993076,3467.585103,2.519421,33.911387,9.687015,3.608668,0.0
22.106062,20.40654,50.212117,3461.91502,2.56657,33.925419,9.362253,3.487686,0.0
22.142516,20.433014,50.434538,3456.404661,2.606104,33.939461,9.044828,3.369437,0.0
22.178907,20.45946,50.659679,3451.051762,2.638175,33.953511,8.735525,3.254213,0.0
22.215234,20.485888,50.886961,3445.856108,2.662856,33.967571,8.435139,3.142311,0.0
22.251496,20.512279,51.115739,3440.817854,2.680186,33.98164,8.144428,3.034014,0.0
22.287695,20.538661,51.345355,3435.927565,2.690663,33.995718,7.863426,2.929333,0.0
22.323838,20.565017,51.575247,3431.181643,2.694492,34.009813,7.592406,2.828371,0.0
22.359921,20.591345,51.804872,3426.576318,2.691909,34.023919,7.331551,2.731196,0.0
22.395954,20.617662,52.033698,3422.107713,2.683143,34.038041,7.080958,2.637843,0.0
22.431936,20.643956,52.261221,3417.77184,2.668418,34.052181,6.840657,2.548325,0.0
22.467864,20.670235,52.486969,3413.56466,2.647967,34.066338,6.610613,2.462627,0.0
22.503744,20.6965,52.710479,3409.482128,2.622022,34.08052,6.390737,2.380718,0.0
22.539574,20.722752,52.93131,3405.520195,2.590818,34.094723,6.180899,2.302547,0.0
22.575354,20.74899,53.149046,3401.674828,2.554584,34.108945,5.980928,2.228053,0.0
22.611089,20.77521,53.363283,3397.942044,2.51354,34.123188,5.790623,2.15716,0.0
22.64678,20.80142,53.573639,3394.317919,2.467911,34.137459,5.609762,2.089784,0.0
22.682428,20.827623,53.779756,3390.798602,2.417917,34.151757,5.438102,2.025836,0.0
22.718038,20.853811,53.981296,3387.380314,2.363764,34.166079,5.275385,1.96522,0.0
22.753603,20.87999,54.177928,3384.059372,2.30566,34.180423,5.121346,1.907836,0.0
22.789127,20.90616,54.369347,3380.832179,2.243805,34.194802,4.975714,1.853584,0.0
22.824619,20.932322,54.55526,3377.695241,2.178404,34.209209,4.838214,1.802362,0.0
22.86006,20.958483,54.735398,3374.645153,2.109631,34.22365,4.708573,1.754067,0.0
22.895474,20.984627,54.909503,3371.678628,2.037687,34.23811,4.58652,1.708599,0.0
22.930851,21.010779,55.077203,3368.793752,1.962686,34.252607,4.471909,1.665904,0.0
22.966191,21.036913,55.238135,3365.988876,1.88476,34.267141,4.364614,1.625934,0.0
23.001494,21.063047,55.392312,3363.257895,1.804185,34.281702,4.264103,1.588491,0.0
23.036762,21.089181,55.539547,3360.597909,1.721123,34.296299,4.170134,1.553485,0.0
23.072002,21.115307,55.679653,3358.006098,1.635735,34.310931,4.082479,1.520831,0.0
23.107207,21.141431,55.812443,3355.479729,1.548161,34.3256,4.000916,1.490446,0.0
23.142383,21.167556,55.937764,3353.016152,1.45855,34.340297,3.925238,1.462254,0.0
23.177526,21.19368,56.055471,3350.61277,1.367042,34.355028,3.855248,1.436181,0.0
23.212638,21.219799,56.165421,3348.267068,1.273775,34.369795,3.790763,1.412159,0.0
23.247724,21.245919,56.267484,3345.976598,1.178877,34.384604,3.731609,1.390122,0.0
23.282778,21.272038,56.361541,3343.738958,1.082477,34.399447,3.677626,1.370012,0.0
23.317804,21.298157,56.447487,3341.551801,0.984699,34.414322,3.628666,1.351774,0.0
23.352805,21.324278,56.525229,3339.412826,0.885664,34.429237,3.584595,1.335356,0.0
23.387773,21.350396,56.594675,3337.319762,0.785496,34.444194,3.545289,1.320713,0.0
23.422714,21.37652,56.655747,3335.27039,0.68431,34.459186,3.510636,1.307804,0.0
23.457628,21.402642,56.708379,3333.262504,0.582212,34.474215,3.480539,1.296592,0.0
23.492517,21.428761,56.752512,3331.293922,0.479317,34.489279,3.454909,1.287045,0.0
23.527385,21.454893,56.78809,3329.362499,0.37573,34.50438,3.433673,1.279134,0.0
23.562218,21.481018,56.815077,3327.466069,0.271568,34.519517,3.416767,1.272836,0.0
23.597025,21.507142,56.833425,3325.602491,0.166933,34.534699,3.40414,1.268132,0.0
23.631813,21.533276,56.842981,3323.770111,0.061923,34.549917,3.395825,1.265034,0.0
23.666573,21.559419,56.843523,3321.967197,-0.043349,34.565183,3.39188,1.263564,0.0
23.701306,21.585554,56.835398,3320.190412,-0.148767,34.580484,3.392128,1.263657,0.0
23.736012,21.611696,56.818589,3318.437565,-0.254229,34.595822,3.396567,1.26531,0.0
23.770699,21.637839,56.79312,3316.706438,-0.359632,34.611195,3.405203,1.268528,0.0
23.805353,21.66399,56.759,3314.994793,-0.464868,34.626612,3.418056,1.273316,0.0
23.839992,21.690143,56.716253,3313.30033,-0.569833,34.642067,3.435157,1.279686,0.0
23.874603,21.716296,56.664928,3311.620731,-0.674419,34.657558,3.456545,1.287654,0.0
23.909189,21.742454,56.605056,3309.953617,-0.778526,34.673085,3.482275,1.297239,0.0
23.943752,21.768617,56.536698,3308.296546,-0.882041,34.688653,3.512408,1.308464,0.0
23.978288,21.794784,56.459912,3306.647029,-0.984854,34.704262,3.547019,1.321358,0.0
24.012797,21.820956,56.374765,3305.002497,-1.086855,34.71991,3.586194,1.335952,0.0
24.047283,21.847131,56.281341,3303.36031,-1.187924,34.735597,3.630028,1.352281,0.0
24.081748,21.873309,56.179727,3301.717756,-1.287951,34.751316,3.678627,1.370385,0.0
24.116188,21.899487,56.070025,3300.07202,-1.386817,34.767078,3.732109,1.390309,0.0
24.150608,21.925678,55.952342,3298.4202,-1.484389,34.782876,3.790602,1.412099,0.0
24.185001,21.951869,55.826795,3296.759301,-1.580551,34.79871,3.854241,1.435806,0.0
24.219368,21.978059,55.693512,3295.086225,-1.675176,34.814581,3.923176,1.461486,0.0
24.253707,22.004251,55.55263,3293.397755,-1.768115,34.830496,3.997563,1.489197,0.0
24.288019,22.030451,55.404304,3291.690555,-1.859249,34.846438,4.077566,1.519001,0.0
24.322313,22.056652,55.248565,3289.960706,-1.948395,34.862417,4.163469,1.551002,0.0
24.35657,22.082861,55.085468,3288.203835,-2.035346,34.878433,4.255583,1.585317,0.0
24.390808,22.109071,54.915474,3286.417023,-2.120041,34.894493,4.353881,1.621935,0.0
24.425021,22.135281,54.73877,3284.596412,-2.202303,34.910582,4.458558,1.66093,0.0
24.459206,22.161491,54.555581,3282.737972,-2.281983,34.926699,4.569811,1.702375,0.0
24.493364,22.187708,54.366139,3280.837555,-2.358915,34.942856,4.687842,1.746345,0.0
24.527495,22.213927,54.170671,3278.890844,-2.43293,34.959045,4.812854,1.792915,0.0
24.561593,22.240147,53.969433,3276.893388,-2.503845,34.975261,4.945046,1.84216,0.0
24.595666,22.266366,53.762699,3274.840588,-2.571484,34.991516,5.084616,1.894153,0.0
24.629711,22.292585,53.550751,3272.727693,-2.635662,35.0078,5.231755,1.948966,0.0
24.663725,22.318805,53.333884,3270.549816,-2.696183,35.024111,5.386642,2.006666,0.0
24.697711,22.345024,53.112416,3268.301931,-2.752855,35.040455,5.549448,2.067316,0.0
24.731667,22.371243,52.886682,3265.978882,-2.805481,35.056825,5.720324,2.130971,0.0
24.765587,22.397463,52.657023,3263.575385,-2.853851,35.073222,5.8994,2.197682,0.0
24.799473,22.423679,52.423795,3261.086039,-2.897759,35.089646,6.086781,2.267486,0.0
24.833331,22.449889,52.187388,3258.505362,-2.936993,35.106097,6.282543,2.340413,0.0
24.867154,22.476099,51.948193,3255.827781,-2.97135,35.122573,6.486723,2.416475,0.0
24.900947,22.502307,51.706631,3253.047668,-3.000612,35.139069,6.699318,2.495672,0.0
24.934697,22.528508,51.463117,3250.159347,-3.024555,35.15559,6.920276,2.577985,0.0
24.96841,22.554708,51.218109,3247.15714,-3.042981,35.17213,7.14949,2.663373,0.0
25.002087,22.580898,50.972046,3244.03306,-3.055568,35.188688,7.386936,2.751828,0.0
25.035726,22.60708,50.725451,3240.778765,-3.061977,35.205274,7.632496,2.843306,0.0
25.06932,22.633252,50.478856,3237.393177,-3.062226,35.22187,7.885542,2.937572,0.0
25.102878,22.659416,50.232769,3233.870987,-3.056126,35.238482,8.145661,3.034473,0.0
25.136392,22.685578,49.98771,3230.207042,-3.043499,35.255113,8.41235,3.133822,0.0
25.169861,22.711726,49.744224,3226.396456,-3.024167,35.271755,8.685008,3.235394,0.0
25.203285,22.737856,49.502852,3222.43465,-2.997985,35.288405,8.962933,3.338928,0.0
25.236664,22.763974,49.264148,3218.31741,-2.96481,35.305064,9.245317,3.444124,0.0
25.269992,22.790083,49.02869,3214.04093,-2.924534,35.321733,9.531241,3.550638,0.0
25.303272,22.816172,48.797043,3209.60191,-2.877068,35.33841,9.819681,3.658089,0.0
25.336506,22.842244,48.56978,3204.997587,-2.822336,35.355092,10.109497,3.766054,0.0
25.369687,22.868303,48.347477,3200.225816,-2.760306,35.371773,10.399448,3.874068,0.0
25.402809,22.89434,48.130708,3195.28513,-2.690974,35.388459,10.688187,3.981631,0.0
25.435876,22.920353,47.920048,3190.174789,-2.61436,35.405146,10.974274,4.088206,0.0
25.468887,22.946345,47.716063,3184.894844,-2.530536,35.421828,11.256182,4.193224,0.0
25.501837,22.972313,47.519306,3179.446202,-2.439598,35.438507,11.532315,4.296091,0.0
25.53473,22.998261,47.330306,3173.830641,-2.341694,35.455178,11.801017,4.396189,0.0
25.567553,23.024181,47.149599,3168.050844,-2.237005,35.47184,12.060594,4.492889,0.0
25.600321,23.050074,46.977679,3162.110465,-2.125763,35.488501,12.309333,4.585551,0.0
25.633017,23.075932,46.815037,3156.014115,-2.008243,35.505144,12.545525,4.673538,0.0
25.665648,23.101771,46.662319,3149.764605,-1.884651,35.521778,12.76718,4.75611,0.0
25.698205,23.127564,46.520141,3143.366582,-1.755295,35.538394,12.97227,4.832512,0.0
25.730699,23.15333,46.388539,3136.833144,-1.620783,35.555,13.159782,4.902365,0.0
25.763113,23.17906,46.267853,3130.172795,-1.481573,35.571581,13.328294,4.96514,0.0
25.795454,23.204761,46.158384,3123.39485,-1.338155,35.58815,13.476516,5.020357,0.0
25.827724,23.230422,46.060401,3116.509381,-1.191052,35.604703,13.603318,5.067594,0.0
25.859921,23.256044,45.974119,3109.527152,-1.040811,35.621231,13.707746,5.106496,0.0
25.892033,23.281623,45.899711,3102.459496,-0.888009,35.637738,13.789039,5.13678,0.0
25.924067,23.307164,45.837291,3095.31824,-0.733245,35.654222,13.846645,5.15824,0.0
25.956029,23.332668,45.786937,3088.115581,-0.577133,35.670684,13.880228,5.17075,0.0
25.98791,23.358127,45.748673,3080.863987,-0.420298,35.687128,13.889673,5.174269,0.0
26.019704,23.383541,45.722474,3073.57608,-0.263369,35.703545,13.875087,5.168835,0.0
26.051418,23.408918,45.708267,3066.264514,-0.106975,35.719934,13.836797,5.154571,0.0
26.083051,23.434253,45.705935,3058.941867,0.048268,35.736302,13.775338,5.131676,0.0
26.114603,23.45954,45.715318,3051.62053,0.201757,35.752645,13.691445,5.100424,0.0
26.146073,23.484786,45.736192,3044.312605,0.352885,35.768968,13.586035,5.061156,0.0
26.177463,23.509981,45.76831,3037.029808,0.501091,35.785264,13.46019,5.014275,0.0
26.208772,23.53514,45.81139,3029.78338,0.645839,35.801535,13.315133,4.960237,0.0
26.239999,23.560253,45.865083,3022.584028,0.786599,35.817786,13.15221,4.899544,0.0
26.271137,23.585321,45.929047,3015.441828,0.922906,35.834011,12.972865,4.832734,0.0
26.302201,23.610343,46.00305,3008.367682,1.054202,35.850218,12.778354,4.760273,0.0
26.333181,23.635319,46.086795,3001.372163,1.179979,35.866406,12.570155,4.682713,0.0
26.364072,23.660259,46.179478,2994.460689,1.300049,35.882567,12.350397,4.600848,0.0
26.394889,23.685154,46.280613,2987.640331,1.414088,35.898718,12.120674,4.51527,0.0
26.425634,23.710004,46.389717,2980.917393,1.521828,35.914844,11.882559,4.426566,0.0
26.4563,23.734817,46.50629,2974.297416,1.623042,35.930958,11.637592,4.335309,0.0
26.486884,23.759587,46.629805,2967.785199,1.717523,35.947055,11.387259,4.242054,0.0
26.517401,23.784318,46.759737,2961.384812,1.805117,35.963142,11.132982,4.147329,0.0
26.547843,23.809013,46.895552,2955.099636,1.885705,35.979213,10.876108,4.051636,0.0
26.578209,23.833672,47.036721,2948.932394,1.95921,35.995272,10.617903,3.955448,0.0
26.608508,23.858295,47.182706,2942.885175,2.025581,36.011327,10.359544,3.859203,0.0
26.63874,23.882878,47.332968,2936.959482,2.084797,36.027372,10.102115,3.763304,0.0
26.668899,23.907423,47.48698,2931.156267,2.13687,36.043408,9.846607,3.66812,0.0
26.69899,23.931942,47.644218,2925.475979,2.181842,36.05944,9.593914,3.573985,0.0
26.729018,23.95643,47.804167,2919.918629,2.219779,36.075466,9.344839,3.481198,0.0
26.758983,23.980883,47.966315,2914.48379,2.250752,36.091493,9.100092,3.390024,0.0
26.788885,24.005301,48.130153,2909.170663,2.274878,36.107519,8.860296,3.300693,0.0
26.818726,24.029694,48.295211,2903.978121,2.292282,36.123546,8.625989,3.213408,0.0
26.848511,24.054067,48.460997,2898.904742,2.303095,36.139581,8.397629,3.128338,0.0
26.878234,24.078404,48.627047,2893.948843,2.307462,36.155607,8.175603,3.045627,0.0
26.907902,24.102714,48.792912,2889.110826,2.305439,36.171643,7.960366,2.965446,0.0
26.937504,24.126996,48.958107,2884.39011,2.297098,36.187688,7.75229,2.887932,0.0
26.967061,24.15126,49.122213,2879.780344,2.282867,36.203742,7.551327,2.813068,0.0
26.996557,24.175497,49.28483,2875.279116,2.262908,36.219805,7.35761,2.740903,0.0
27.026005,24.199716,49.445567,2870.88392,2.23743,36.235876,7.171231,2.671472,0.0
27.055401,24.223916,49.604062,2866.592166,2.206624,36.251957,6.992239,2.604793,0.0
27.084749,24.248091,49.759943,2862.401186,2.170676,36.268047,6.820648,2.540871,0.0
27.114053,24.272246,49.91287,2858.308287,2.129798,36.284152,6.656444,2.479701,0.0
27.143306,24.296383,50.062515,2854.310728,2.084182,36.300276,6.499585,2.421266,0.0
27.17251,24.320502,50.208568,2850.405764,2.034029,36.316417,6.350006,2.365544,0.0
27.201674,24.344607,50.350731,2846.590628,1.979536,36.332571,6.207625,2.312504,0.0
27.230794,24.368695,50.488715,2842.862559,1.920894,36.348743,6.072344,2.262108,0.0
27.259867,24.392764,50.622251,2839.218812,1.8583,36.364935,5.944053,2.214316,0.0
27.2889,24.416823,50.751089,2835.656641,1.791947,36.381142,5.822634,2.169084,0.0
27.317889,24.440871,50.874979,2832.173324,1.722027,36.397373,5.70796,2.126365,0.0
27.346835,24.464901,50.993693,2828.766175,1.648721,36.413622,5.5999,2.08611,0.0
27.375745,24.488914,51.107023,2825.432509,1.572212,36.429891,5.498322,2.04827,0.0
27.404619,24.512919,51.214755,2822.16969,1.492682,36.446186,5.403091,2.012794,0.0
27.433456,24.536914,51.31671,2818.975107,1.410315,36.462499,5.314074,1.979632,0.0
27.462249,24.560901,51.412711,2815.846163,1.325281,36.47884,5.231139,1.948737,0.0
27.491004,24.584869,51.502455,2812.781551,1.237703,36.495208,5.154279,1.920105,0.0
27.519723,24.608836,51.585699,2809.779392,1.147722,36.511595,5.083442,1.893716,0.0
27.548405,24.632787,51.662502,2806.834974,1.055604,36.528008,5.018302,1.869449,0.0
27.577052,24.656736,51.732746,2803.945816,0.961503,36.544449,4.958747,1.847264,0.0
27.60567,24.680669,51.796318,2801.109452,0.865579,36.560916,4.904672,1.827119,0.0
27.634247,24.704599,51.853101,2798.323431,0.767988,36.577411,4.855979,1.80898,0.0
27.662792,24.728522,51.903004,2795.585319,0.668887,36.593932,4.812576,1.792811,0.0
27.691304,24.752436,51.945947,2792.892692,0.568427,36.610481,4.774379,1.778582,0.0
27.719786,24.776341,51.981848,2790.243127,0.466758,36.627056,4.741314,1.766264,0.0
27.748236,24.800237,52.010644,2787.634197,0.364032,36.643654,4.713314,1.755834,0.0
27.776649,24.824129,52.032283,2785.063485,0.260399,36.660283,4.69032,1.747268,0.0
27.805031,24.848017,52.04672,2782.528565,0.155997,36.676945,4.672282,1.740548,0.0
27.833382,24.871895,52.053922,2780.026993,0.050975,36.693628,4.659159,1.735659,0.0
27.8617,24.895768,52.053866,2777.556315,-0.05452,36.710342,4.650918,1.732589,0.0
27.889989,24.919638,52.046529,2775.11406,-0.160351,36.727086,4.647534,1.731329,0.0
27.918244,24.943501,52.031912,2772.697739,-0.266368,36.743853,4.648993,1.731872,0.0
27.946472,24.967363,52.010016,2770.304821,-0.372428,36.760654,4.655286,1.734217,0.0
27.974671,24.991217,51.980854,2767.932744,-0.478393,36.777483,4.666416,1.738363,0.0
28.002836,25.01507,51.944459,2765.57892,-0.584119,36.794347,4.682392,1.744314,0.0
28.030973,25.038914,51.900856,2763.240711,-0.689453,36.811229,4.703231,1.752077,0.0
28.059073,25.062749,51.849938,2760.915655,-0.794245,36.828149,4.729065,1.761701,0.0
28.087145,25.086584,51.791666,2758.600922,-0.89832,36.845086,4.759992,1.773222,0.0
28.115191,25.11041,51.726363,2756.293271,-1.001553,36.86206,4.795888,1.786594,0.0
28.143201,25.134235,51.654099,2753.989849,-1.103798,36.879061,4.8368,1.801835,0.0
28.171182,25.158053,51.574948,2751.687744,-1.204896,36.896088,4.882784,1.818965,0.0
28.199137,25.181869,51.489016,2749.383962,-1.304699,36.913151,4.9339,1.838008,0.0
28.227058,25.205678,51.396408,2747.075459,-1.403058,36.930235,4.990214,1.858986,0.0
28.25495,25.229484,51.297231,2744.759103,-1.499811,36.947344,5.051798,1.881928,0.0
28.282808,25.253285,51.191619,2742.43169,-1.594793,36.96448,5.118726,1.90686,0.0
28.310642,25.277082,51.079711,2740.089947,-1.687848,36.981643,5.191077,1.933813,0.0
28.338442,25.300874,50.961648,2737.730505,-1.778819,36.998833,5.268929,1.962815,0.0
28.366207,25.324657,50.837588,2735.349921,-1.86753,37.01605,5.352365,1.993897,0.0
28.393944,25.348431,50.707707,2732.944675,-1.953811,37.033294,5.441467,2.027089,0.0
28.421651,25.372199,50.572187,2730.511153,-2.037494,37.050562,5.536313,2.062422,0.0
28.449325,25.395965,50.431212,2728.045667,-2.1184,37.06785,5.636983,2.099924,0.0
28.47697,25.419724,50.284993,2725.544439,-2.196353,37.085164,5.743548,2.139623,0.0
28.504578,25.443481,50.133748,2723.003617,-2.271179,37.102497,5.856077,2.181543,0.0
28.532152,25.467228,49.977706,2720.419265,-2.342693,37.119855,5.974627,2.225706,0.0
28.559698,25.490958,49.817106,2717.787399,-2.410715,37.137232,6.099249,2.272131,0.0
28.587208,25.514688,49.652197,2715.103943,-2.47505,37.154627,6.229979,2.320831,0.0
28.614681,25.538409,49.483168,2712.363444,-2.53543,37.172049,6.366972,2.371865,0.0
28.642118,25.562121,49.310269,2709.560669,-2.591606,37.189491,6.510304,2.42526,0.0
28.669518,25.585823,49.133934,2706.693268,-2.643511,37.20695,6.659749,2.480932,0.0
28.696882,25.609517,48.954461,2703.75699,-2.690959,37.224419,6.815261,2.538864,0.0
28.724218,25.633201,48.77217,2700.747564,-2.73377,37.241912,6.976769,2.59903,0.0
28.751512,25.65687,48.587392,2697.660722,-2.771751,37.259418,7.144171,2.661392,0.0
28.778768,25.680527,48.400459,2694.492209,-2.804728,37.27694,7.317331,2.725898,0.0
28.805982,25.704175,48.211721,2691.237822,-2.832524,37.294473,7.496076,2.792485,0.0
28.833156,25.727808,48.021546,2687.893415,-2.854954,37.312015,7.680192,2.861073,0.0
28.860295,25.751424,47.830303,2684.454909,-2.871858,37.329572,7.869421,2.931566,0.0
28.887393,25.775026,47.638367,2680.918347,-2.883078,37.347137,8.063459,3.003851,0.0
28.914446,25.798619,47.446133,2677.279917,-2.88846,37.364706,8.261951,3.077794,0.0
28.941453,25.822195,47.254006,2673.535955,-2.887865,37.382285,8.464491,3.153246,0.0
28.968419,25.845748,47.062392,2669.682994,-2.881162,37.399872,8.670615,3.230032,0.0
28.995347,25.869286,46.871702,2665.71781,-2.868239,37.417466,8.879807,3.307962,0.0
29.022227,25.89281,46.682346,2661.637424,-2.848993,37.435059,9.091488,3.386818,0.0
29.049055,25.916308,46.494761,2657.439161,-2.823344,37.452653,9.305025,3.466367,0.0
29.075837,25.939788,46.309364,2653.120686,-2.791226,37.470246,9.519725,3.546348,0.0
29.102574,25.963241,46.126583,2648.68,-2.752601,37.487839,9.734838,3.626483,0.0
29.129257,25.986676,45.946849,2644.115532,-2.70745,37.505423,9.949561,3.706473,0.0
29.155885,26.010084,45.770676,2639.423317,-2.655619,37.523017,10.162988,3.78598,0.0
29.182467,26.033472,45.598557,2634.601317,-2.597084,37.540592,10.374113,3.86463,0.0
29.208994,26.056826,45.430793,2629.653569,-2.532123,37.558166,10.582029,3.942084,0.0
29.235468,26.080159,45.267792,2624.580536,-2.460826,37.575724,10.78575,4.017976,0.0
29.261879,26.10346,45.109947,2619.383184,-2.383313,37.59328,10.98427,4.091929,0.0
29.288235,26.126731,44.957655,2614.063081,-2.299737,37.610821,11.176562,4.163563,0.0
29.314538,26.149976,44.811275,2608.622358,-2.210288,37.628344,11.361598,4.232494,0.0
29.340779,26.173187,44.671163,2603.06374,-2.11518,37.645855,11.538354,4.298341,0.0
29.366958,26.196362,44.537663,2597.390535,-2.014663,37.663352,11.705824,4.360727,0.0
29.393079,26.219501,44.411089,2591.606647,-1.909022,37.680825,11.86303,4.419291,0.0
29.419137,26.242609,44.291734,2585.716554,-1.798563,37.69828,12.009037,4.473682,0.0
29.445126,26.265686,44.179869,2579.725278,-1.683623,37.715719,12.142962,4.523573,0.0
29.471053,26.288723,44.075739,2573.638378,-1.564574,37.733134,12.263992,4.56866,0.0
29.496917,26.311718,43.979559,2567.461916,-1.441817,37.750531,12.371386,4.608667,0.0
29.522715,26.334675,43.891519,2561.202417,-1.315773,37.767904,12.464493,4.643352,0.0
29.548441,26.357588,43.811784,2554.866826,-1.186883,37.785246,12.542761,4.672508,0.0
29.574097,26.380466,43.740478,2548.462457,-1.055609,37.802568,12.605739,4.695969,0.0
29.599688,26.403307,43.677702,2541.996958,-0.92242,37.819863,12.653089,4.713608,0.0
29.625208,26.426102,43.623507,2535.478236,-0.787811,37.837131,12.68459,4.725343,0.0
29.650665,26.448852,43.577943,2528.914388,-0.652284,37.854373,12.700138,4.731135,0.0
29.676039,26.471557,43.541198,2522.313035,-0.516343,37.871586,12.699388,4.730856,0.0
29.701348,26.494215,43.513319,2515.682938,-0.38054,37.888772,12.682345,4.724507,0.0
29.726576,26.516828,43.493955,2509.033641,-0.245383,37.90593,12.649801,4.712384,0.0
29.751731,26.539396,43.483005,2502.373456,-0.111381,37.923054,12.602136,4.694627,0.0
29.776823,26.561919,43.480344,2495.710555,0.020989,37.940157,12.539836,4.671419,0.0
29.801836,26.584397,43.4858,2489.05296,0.151256,37.957227,12.463478,4.642973,0.0
29.826776,26.60683,43.499195,2482.408478,0.278954,37.974268,12.373725,4.609538,0.0
29.85165,26.629218,43.520313,2475.784648,0.403652,37.991283,12.271317,4.571389,0.0
29.876449,26.651555,43.548918,2469.188701,0.524929,38.00827,12.157055,4.528823,0.0
29.901173,26.673849,43.584746,2462.627538,0.642397,38.02523,12.031794,4.48216,0.0
29.925824,26.696102,43.627517,2456.107689,0.75569,38.042163,11.896429,4.431733,0.0
29.950408,26.718305,43.676932,2449.635284,0.86446,38.059074,11.751887,4.377887,0.0
29.974921,26.740462,43.732675,2443.216038,0.968399,38.075959,11.599112,4.320975,0.0
29.99936,26.762577,43.79441,2436.855237,1.067231,38.092814,11.439058,4.26135,0.0
30.023733,26.784643,43.861792,2430.557736,1.1607,38.109652,11.272676,4.199369,0.0
30.048034,26.806671,43.934465,2424.327945,1.248574,38.126469,11.100908,4.13538,0.0
30.072265,26.828654,44.012063,2418.169839,1.33067,38.143261,10.924675,4.069729,0.0
30.096432,26.850592,44.094213,2412.08695,1.406815,38.160033,10.744874,4.002748,0.0
30.120527,26.872485,44.180538,2406.082373,1.476884,38.176781,10.56237,3.934761,0.0
30.144559,26.894334,44.270647,2400.158798,1.540758,38.193519,10.377989,3.866074,0.0
30.168527,26.916155,44.36423,2394.320532,1.598213,38.210238,10.19251,3.796978,0.0
30.19243,26.93792,44.460886,2388.570323,1.649128,38.226939,10.006728,3.72777,0.0
30.216261,26.959658,44.560135,2382.906966,1.693699,38.243631,9.821362,3.658716,0.0
30.240037,26.981352,44.661577,2377.331585,1.7319,38.260306,9.637045,3.590053,0.0
30.263751,27.003001,44.764836,2371.844983,1.763761,38.276962,9.454364,3.521999,0.0
30.287402,27.024619,44.869546,2366.447662,1.789323,38.293615,9.273854,3.454754,0.0
30.310996,27.046204,44.975328,2361.139844,1.808628,38.310261,9.096001,3.3885,0.0
30.334531,27.067753,45.081817,2355.921496,1.821756,38.326892,8.921245,3.323399,0.0
30.358008,27.089266,45.188657,2350.792337,1.828796,38.343517,8.74998,3.259598,0.0
30.381431,27.110742,45.295502,2345.751878,1.829853,38.360142,8.582554,3.197227,0.0
30.404795,27.132188,45.402011,2340.799436,1.825037,38.376761,8.419276,3.136402,0.0
30.428105,27.153602,45.507849,2335.934133,1.814471,38.393372,8.260412,3.077221,0.0
30.451363,27.174984,45.612696,2331.154933,1.798296,38.409982,8.106193,3.01977,0.0
30.474564,27.196336,45.716245,2326.460657,1.776651,38.426593,7.956817,2.964124,0.0
30.49772,27.217655,45.818192,2321.849998,1.749689,38.443202,7.812447,2.910342,0.0
30.520826,27.238946,45.918238,2317.321532,1.717577,38.459817,7.67322,2.858476,0.0
30.543875,27.260211,46.016113,2312.873732,1.680478,38.476432,7.539244,2.808567,0.0
30.566884,27.281449,46.111544,2308.504972,1.638555,38.493047,7.410605,2.760645,0.0
30.589832,27.302659,46.204271,2304.21356,1.591987,38.509663,7.287366,2.714736,0.0
30.612744,27.323843,46.294038,2299.997711,1.540952,38.526288,7.169574,2.670855,0.0
30.63561,27.344999,46.380552,2295.857327,1.48553,38.542922,7.057387,2.629062,0.0
30.65842,27.366136,46.46352,2291.790888,1.425876,38.559565,6.95086,2.589378,0.0
30.681185,27.387238,46.54284,2287.794128,1.362328,38.576209,6.849819,2.551738,0.0
30.703913,27.408329,46.618306,2283.865067,1.295058,38.59286,6.754253,2.516137,0.0
30.726598,27.429387,46.68974,2280.001694,1.224259,38.609529,6.66414,2.482568,0.0
30.74923,27.450424,46.756954,2276.201943,1.150105,38.626201,6.579455,2.45102,0.0
30.771829,27.471443,46.819783,2272.463748,1.072793,38.642887,6.500164,2.421482,0.0
30.794381,27.492437,46.878071,2268.784998,0.992508,38.659584,6.426229,2.393939,0.0
30.816898,27.513417,46.931671,2265.16357,0.909428,38.676291,6.35761,2.368377,0.0
30.839371,27.534371,46.980449,2261.597318,0.823744,38.693011,6.294264,2.344779,0.0
30.8618,27.555304,47.024282,2258.084068,0.735635,38.709745,6.236147,2.323129,0.0
30.884192,27.576223,47.063052,2254.621627,0.645289,38.726492,6.183215,2.30341,0.0
30.906549,27.597121,47.096654,2251.20779,0.55289,38.743254,6.135423,2.285607,0.0
30.928867,27.617998,47.125003,2247.840325,0.458612,38.760027,6.092729,2.269702,0.0
30.951142,27.63886,47.148013,2244.51697,0.362639,38.776816,6.055091,2.255681,0.0
30.973381,27.659698,47.165602,2241.235464,0.265157,38.793616,6.02247,2.243529,0.0
30.995585,27.68052,47.177721,2237.993496,0.166345,38.810434,5.994829,2.233231,0.0
31.017752,27.70133,47.184302,2234.788757,0.06638,38.82727,5.972134,2.224777,0.0
31.039883,27.722115,47.185318,2231.618898,-0.034567,38.844125,5.954353,2.218153,0.0
31.061978,27.74289,47.180725,2228.481538,-0.1363,38.860996,5.941459,2.21335,0.0
31.084027,27.763647,47.170361,2225.374946,-0.23866,38.877877,5.933546,2.210402,0.0
31.106048,27.784386,47.154179,2222.296674,-0.341456,38.894777,5.930623,2.209313,0.0
31.128034,27.805106,47.132354,2219.243305,-0.444499,38.911695,5.932522,2.210021,0.0
31.149983,27.825817,47.104887,2216.21234,-0.547595,38.92863,5.939229,2.212519,0.0
31.171896,27.846503,47.071792,2213.201235,-0.650579,38.945584,5.950733,2.216804,0.0
31.193774,27.867177,47.033102,2210.20741,-0.753268,38.962548,5.967026,2.222874,0.0
31.215615,27.887835,46.988857,2207.228255,-0.855489,38.979528,5.988104,2.230726,0.0
31.23742,27.908481,46.9391,2204.261102,-0.957052,38.996526,6.013963,2.24036,0.0
31.25919,27.929106,46.883878,2201.303247,-1.057785,39.013543,6.044604,2.251774,0.0
31.280928,27.949716,46.823265,2198.351953,-1.157512,39.030577,6.080027,2.26497,0.0
31.302635,27.970311,46.757331,2195.404433,-1.256049,39.047624,6.120235,2.279948,0.0
31.324302,27.990888,46.68616,2192.457855,-1.353214,39.064689,6.165229,2.29671,0.0
31.345931,28.011452,46.609852,2189.509348,-1.448824,39.08177,6.215014,2.315256,0.0
31.36753,28.032003,46.528502,2186.555983,-1.542697,39.09886,6.269589,2.335587,0.0
31.389092,28.052533,46.442224,2183.594796,-1.634652,39.115972,6.328957,2.357703,0.0
31.410619,28.073043,46.35114,2180.622787,-1.724511,39.133095,6.393115,2.381603,0.0
31.432112,28.093547,46.255388,2177.636902,-1.812085,39.150234,6.462056,2.407286,0.0
31.453575,28.114026,46.155112,2174.634047,-1.8972,39.167383,6.535773,2.434747,0.0
31.474994,28.134488,46.050451,2171.611112,-1.97966,39.184541,6.614249,2.463982,0.0
31.496377,28.15494,45.941565,2168.564918,-2.059281,39.201717,6.697463,2.494981,0.0
31.517732,28.175365,45.828536,2165.491529,-2.135811,39.218911,6.785504,2.527779,0.0
31.539042,28.19578,45.711539,2162.387303,-2.20903,39.236106,6.878354,2.562368,0.0
31.560314,28.216177,45.590892,2159.249785,-2.278844,39.253318,6.975819,2.598676,0.0
31.581559,28.236548,45.466773,2156.075735,-2.345081,39.27054,7.077837,2.636681,0.0
31.602762,28.256908,45.339417,2152.861892,-2.407564,39.287771,7.184332,2.676353,0.0
31.62392,28.277251,45.209024,2149.605001,-2.466107,39.305003,7.295212,2.717659,0.0
31.645046,28.29757,45.075823,2146.301811,-2.520544,39.322249,7.410371,2.760558,0.0
31.666139,28.317868,44.940054,2142.949089,-2.570713,39.339501,7.529683,2.805005,0.0
31.68719,28.338148,44.801953,2139.543652,-2.616441,39.356758,7.653002,2.850945,0.0
31.708196,28.358405,44.661775,2136.082342,-2.657565,39.374019,7.780163,2.898315,0.0
31.729167,28.378644,44.519773,2132.562065,-2.693942,39.391285,7.910976,2.947047,0.0
31.750102,28.398861,44.376216,2128.979794,-2.725423,39.408556,8.04523,2.99706,0.0
31.770992,28.41905,44.231376,2125.332586,-2.751862,39.425826,8.182687,3.048266,0.0
31.791837,28.439221,44.085523,2121.617604,-2.773134,39.443097,8.323083,3.100567,0.0
31.81264,28.459371,43.938946,2117.832119,-2.789121,39.460367,8.466127,3.153855,0.0
31.833407,28.479495,43.791932,2113.973537,-2.799708,39.477638,8.6115,3.208011,0.0
31.854134,28.499592,43.644774,2110.039404,-2.804795,39.494907,8.758857,3.262905,0.0
31.87481,28.51967,43.497768,2106.027452,-2.804293,39.512168,8.90782,3.318397,0.0
31.895448,28.539712,43.351211,2101.935592,-2.798142,39.529429,9.057985,3.374338,0.0
31.916033,28.559727,43.205393,2097.761918,-2.786266,39.546689,9.208922,3.430566,0.0
31.936571,28.579724,43.060664,2093.502598,-2.768501,39.563931,9.360166,3.486908,0.0
31.957073,28.599684,42.917353,2089.15574,-2.744777,39.581173,9.511185,3.543167,0.0
31.977521,28.619617,42.775727,2084.722724,-2.715274,39.598398,9.661459,3.599148,0.0
31.997923,28.639523,42.636081,2080.20271,-2.680002,39.615621,9.810452,3.654652,0.0
32.018272,28.659394,42.498707,2075.595144,-2.639008,39.632829,9.957612,3.709473,0.0
32.038575,28.679236,42.363892,2070.89979,-2.592358,39.650018,10.102371,3.763399,0.0
32.058826,28.699044,42.231927,2066.116731,-2.540119,39.667196,10.244147,3.816214,0.0
32.079022,28.718817,42.10308,2061.246366,-2.482397,39.684359,10.382354,3.8677,0.0
32.099171,28.738553,41.977622,2056.289437,-2.419328,39.701504,10.516401,3.917636,0.0
32.119269,28.758259,41.855814,2051.247034,-2.351057,39.718626,10.645698,3.965803,0.0
32.139314,28.777928,41.737901,2046.120594,-2.277757,39.73573,10.769664,4.011983,0.0
32.159304,28.797561,41.624117,2040.911898,-2.199632,39.752817,10.887728,4.055965,0.0
32.179241,28.817159,41.514688,2035.623072,-2.116898,39.769881,10.999338,4.097543,0.0
32.19912,28.836715,41.409825,2030.256584,-2.029796,39.786923,11.103964,4.136519,0.0
32.218941,28.856233,41.309717,2024.815225,-1.938598,39.803941,11.201105,4.172706,0.0
32.238714,28.875708,41.214544,2019.30212,-1.843582,39.820937,11.290294,4.205932,0.0
32.258423,28.895145,41.124473,2013.720695,-1.745051,39.8379,11.371103,4.236035,0.0
32.27807,28.914538,41.039633,2008.07466,-1.643333,39.854843,11.443145,4.262873,0.0
32.297663,28.933894,40.960158,2002.368006,-1.538775,39.871759,11.506085,4.286319,0.0
32.317193,28.953197,40.886157,1996.604956,-1.431727,39.88864,11.559636,4.306269,0.0
32.336667,28.972462,40.817863,1990.788758,-1.322508,39.905492,11.603313,4.322539,0.0
32.356077,28.991682,40.755369,1984.924313,-1.211538,39.922317,11.636899,4.335051,0.0
32.375423,29.010856,40.698534,1979.018002,-1.099262,39.939115,11.660576,4.343872,0.0
32.394707,29.029985,40.647402,1973.074803,-0.986078,39.955877,11.674302,4.348985,0.0
32.413936,29.049069,40.60196,1967.099789,-0.872387,39.972604,11.678095,4.350398,0.0
32.433095,29.068101,40.562205,1961.098124,-0.758593,39.989309,11.672031,4.348139,0.0
32.45219,29.087086,40.528085,1955.074989,-0.6451,40.005976,11.656249,4.342259,0.0
32.471228,29.106032,40.499548,1949.035582,-0.532306,40.02261,11.630939,4.332831,0.0
32.4902,29.124924,40.476519,1942.985082,-0.4206,40.039217,11.596347,4.319944,0.0
32.509111,29.14377,40.458903,1936.928618,-0.310373,40.055792,11.55277,4.303711,0.0
32.527959,29.16257,40.446585,1930.871243,-0.202003,40.072331,11.500549,4.284257,0.0
32.546743,29.18132,40.439431,1924.817907,-0.095845,40.088838,11.440068,4.261726,0.0
32.565465,29.200021,40.437302,1918.773437,0.007743,40.105315,11.371749,4.236276,0.0
32.584122,29.218672,40.440038,1912.742508,0.10842,40.121759,11.296044,4.208074,0.0
32.60272,29.237275,40.447458,1906.729622,0.205869,40.138176,11.213436,4.1773,0.0
32.621247,29.255829,40.459379,1900.739104,0.299784,40.154563,11.124428,4.144142,0.0
32.639714,29.274343,40.475602,1894.775082,0.389895,40.170916,11.029541,4.108794,0.0
32.658125,29.292803,40.495906,1888.841477,0.475921,40.187241,10.929308,4.071455,0.0
32.676472,29.311209,40.520076,1882.941969,0.557626,40.203532,10.824271,4.032326,0.0
32.694748,29.329571,40.547876,1877.080032,0.634797,40.219804,10.714973,3.991609,0.0
32.712969,29.347887,40.579168,1871.260053,0.707081,40.236039,10.601873,3.949477,0.0
32.731125,29.366156,40.613683,1865.485362,0.77429,40.252256,10.485548,3.906143,0.0
32.749226,29.38438,40.651066,1859.757482,0.836411,40.268437,10.366632,3.861843,0.0
32.767265,29.402551,40.691072,1854.078877,0.893297,40.284598,10.245638,3.81677,0.0
32.785242,29.420683,40.733446,1848.451761,0.944843,40.300742,10.123064,3.771108,0.0
32.803155,29.438765,40.777918,1842.878139,0.990969,40.316853,9.999391,3.725036,0.0
32.821019,29.4568,40.824231,1837.359774,1.031592,40.332942,9.87508,3.678727,0.0
32.838819,29.474796,40.872129,1831.898198,1.066664,40.349012,9.75057,3.632344,0.0
32.856564,29.492745,40.921351,1826.494751,1.096157,40.365065,9.626277,3.586042,0.0
32.874254,29.51065,40.971635,1821.150542,1.120056,40.381099,9.502597,3.539967,0.0
32.891885,29.528514,41.02272,1815.866489,1.138362,40.397111,9.379897,3.494258,0.0
32.909463,29.546333,41.074357,1810.643327,1.151097,40.413104,9.258524,3.449044,0.0
32.926986,29.564111,41.126295,1805.481598,1.158298,40.429085,9.1388,3.404443,0.0
32.944456,29.58185,41.178286,1800.381675,1.160017,40.445048,9.021022,3.360568,0.0
32.961871,29.599547,41.230092,1795.343767,1.156319,40.460995,8.905464,3.31752,0.0
32.979235,29.617205,41.281475,1790.367922,1.147274,40.476933,8.792378,3.275392,0.0
32.99655,29.63482,41.3322,1785.454049,1.132976,40.492861,8.681993,3.234271,0.0
33.013805,29.652399,41.382047,1780.601915,1.113529,40.508772,8.574518,3.194233,0.0
33.031015,29.669941,41.430795,1775.811161,1.089042,40.524674,8.470139,3.15535,0.0
33.048179,29.687439,41.478231,1771.081306,1.059629,40.540566,8.369026,3.117682,0.0
33.065288,29.704909,41.524106,1766.413372,1.025306,40.55645,8.271426,3.081324,0.0
33.082342,29.722333,41.568203,1761.806648,0.986199,40.572324,8.177487,3.046329,0.0
33.099359,29.739729,41.610371,1757.258606,0.942605,40.58819,8.087225,3.012704,0.0
33.116315,29.757082,41.65044,1752.768332,0.894678,40.604054,8.000743,2.980487,0.0
33.133232,29.774397,41.688238,1748.334822,0.842564,40.619911,7.918126,2.94971,0.0
33.150105,29.791684,41.723589,1743.957006,0.786435,40.635766,7.839449,2.920401,0.0
33.166927,29.808937,41.756341,1739.633732,0.726456,40.651614,7.764776,2.892583,0.0
33.183707,29.826154,41.786344,1735.363763,0.662802,40.66746,7.69416,2.866277,0.0
33.200445,29.843341,41.813468,1731.145801,0.595645,40.683306,7.627646,2.841499,0.0
33.217133,29.860496,41.837572,1726.978499,0.525171,40.699146,7.565268,2.818262,0.0
33.233777,29.877614,41.858532,1722.860434,0.451561,40.714987,7.507056,2.796576,0.0
33.25038,29.894701,41.876243,1718.790128,0.374998,40.730828,7.453031,2.77645,0.0
33.266942,29.911761,41.890592,1714.766059,0.295674,40.746668,7.403209,2.75789,0.0
33.283465,29.92879,41.901481,1710.786645,0.213779,40.76251,7.3576,2.7409,0.0
33.299943,29.945787,41.908825,1706.850247,0.129506,40.778349,7.316211,2.725481,0.0
33.316375,29.962754,41.912548,1702.955184,0.043046,40.794195,7.279043,2.711635,0.0
33.332765,29.979687,41.912568,1699.099741,-0.045401,40.81004,7.246094,2.699361,0.0
33.349119,29.996592,41.908828,1695.282144,-0.135645,40.825887,7.21736,2.688657,0.0
33.365435,30.013471,41.901277,1691.500571,-0.227482,40.841742,7.192833,2.67952,0.0
33.381707,30.030323,41.889864,1687.753175,-0.320717,40.857597,7.172503,2.671946,0.0
33.397933,30.047137,41.874436,1684.038885,-0.415183,40.873453,7.156474,2.665975,0.0
33.414131,30.063933,41.854976,1680.35558,-0.510657,40.889317,7.14473,2.6616,0.0
33.430284,30.080694,41.831565,1676.700394,-0.606901,40.905181,7.137139,2.658772,0.0
33.446392,30.097427,41.804196,1673.071288,-0.703721,40.921046,7.133682,2.657484,0.0
33.462463,30.114133,41.772866,1669.466208,-0.800913,40.936918,7.13434,2.65773,0.0
33.478498,30.130811,41.737577,1665.883046,-0.898273,40.952793,7.139092,2.6595,0.0
33.494498,30.147463,41.698349,1662.319659,-0.995604,40.968673,7.147914,2.662786,0.0
33.510454,30.164082,41.6552,1658.773882,-1.09271,40.984557,7.16078,2.667579,0.0
33.526378,30.180676,41.608159,1655.243511,-1.189385,41.000446,7.177664,2.673869,0.0
33.542264,30.197247,41.557266,1651.7263,-1.285425,41.016339,7.198537,2.681644,0.0
33.558104,30.213791,41.502567,1648.219985,-1.380632,41.032237,7.223365,2.690893,0.0
33.573909,30.230303,41.444119,1644.722257,-1.474809,41.04814,7.252113,2.701603,0.0
33.589679,30.246787,41.381983,1641.230783,-1.567759,41.064042,7.284745,2.713759,0.0
33.605407,30.263247,41.316232,1637.743218,-1.659279,41.079948,7.321216,2.727346,0.0
33.621099,30.279676,41.246939,1634.25718,-1.749178,41.09586,7.361482,2.742346,0.0
33.636755,30.296082,41.174184,1630.770263,-1.837262,41.111772,7.405491,2.75874,0.0
33.652375,30.312457,41.098071,1627.280053,-1.923335,41.127686,7.453189,2.776509,0.0
33.667958,30.32881,41.018689,1623.784106,-2.007202,41.143607,7.504514,2.795629,0.0
33.683497,30.345129,40.936151,1620.279996,-2.088678,41.159519,7.559399,2.816075,0.0
33.698999,30.36143,40.850573,1616.76524,-2.167584,41.175441,7.61777,2.83782,0.0
33.714465,30.377693,40.761998,1613.236964,-2.243639,41.191363,7.679639,2.860868,0.0
33.729894,30.393929,40.670556,1609.692491,-2.316661,41.207284,7.744906,2.885181,0.0
33.745286,30.410138,40.576482,1606.129742,-2.386549,41.223206,7.813379,2.910689,0.0
33.760635,30.42632,40.479895,1602.546276,-2.453122,41.239127,7.88495,2.937351,0.0
33.775946,30.442467,40.380962,1598.939685,-2.516226,41.255049,7.959501,2.965124,0.0
33.791221,30.458593,40.27983,1595.307572,-2.575694,41.270963,8.036904,2.993958,0.0
33.806453,30.474687,40.17665,1591.647581,-2.631375,41.286875,8.117019,3.023803,0.0
33.821647,30.490745,40.071601,1587.957396,-2.683112,41.302788,8.199697,3.054603,0.0
33.836799,30.506779,39.96484,1584.234748,-2.730768,41.318694,8.284776,3.086297,0.0
33.851916,30.522784,39.856544,1580.477423,-2.774209,41.334596,8.372082,3.118821,0.0
33.866992,30.538758,39.746894,1576.68327,-2.813304,41.350494,8.461427,3.152104,0.0
33.882027,30.5547,39.636069,1572.850211,-2.847938,41.366383,8.552614,3.186074,0.0
33.897024,30.570611,39.524255,1568.976251,-2.878006,41.382267,8.64543,3.22065,0.0
33.911973,30.586491,39.411636,1565.059481,-2.90341,41.398144,8.739652,3.25575,0.0
33.926886,30.602335,39.298401,1561.098084,-2.924066,41.414006,8.835041,3.291285,0.0
33.941761,30.618145,39.184755,1557.090368,-2.939886,41.429859,8.931349,3.327163,0.0
33.956591,30.633929,39.070879,1553.034758,-2.950826,41.445702,9.028315,3.363285,0.0
33.971377,30.649682,38.956969,1548.929788,-2.956827,41.461536,9.125666,3.399551,0.0
33.986126,30.665393,38.843229,1544.77414,-2.957852,41.477352,9.223118,3.435854,0.0
34.000821,30.681076,38.729845,1540.566643,-2.953889,41.49316,9.320379,3.472086,0.0
34.015479,30.696712,38.617036,1536.304729,-2.944769,41.508948,9.417123,3.508126,0.0
34.030091,30.712321,38.505002,1531.98757,-2.930531,41.524727,9.513013,3.543848,0.0
34.044658,30.727894,38.393917,1527.615939,-2.911341,41.54048,9.607747,3.579139,0.0
34.05918,30.743431,38.283984,1523.189337,-2.887227,41.556223,9.701003,3.613879,0.0
34.073657,30.758925,38.175367,1518.707474,-2.858259,41.571941,9.792459,3.647949,0.0
34.088089,30.774388,38.068258,1514.170236,-2.824515,41.587646,9.88179,3.681227,0.0
34.102476,30.78981,37.962825,1509.577688,-2.786091,41.603329,9.968674,3.713593,0.0
34.116818,30.805188,37.859229,1504.930105,-2.743108,41.618985,10.05279,3.744929,0.0
34.131109,30.820531,37.757644,1500.227947,-2.695687,41.634619,10.133826,3.775117,0.0
34.145351,30.835833,37.658216,1495.471881,-2.64398,41.650236,10.211474,3.804043,0.0
34.159549,30.851094,37.561092,1490.662767,-2.58815,41.665825,10.28544,3.831597,0.0
34.173697,30.866316,37.466412,1485.801654,-2.528382,41.681387,10.355439,3.857674,0.0
34.187795,30.881491,37.374307,1480.88978,-2.464878,41.696927,10.421202,3.882172,0.0
34.201848,30.89663,37.284904,1475.928573,-2.39785,41.71244,10.482476,3.904998,0.0
34.21585,30.911728,37.198306,1470.91965,-2.327524,41.727923,10.539027,3.926065,0.0
34.229794,30.926776,37.114612,1465.864791,-2.254144,41.743374,10.590641,3.945293,0.0
34.243693,30.941785,37.033917,1460.765939,-2.177972,41.758804,10.637128,3.96261,0.0
34.257546,30.956742,36.956308,1455.625212,-2.099268,41.7742,10.678321,3.977955,0.0
34.271345,30.971662,36.881844,1450.444852,-2.018312,41.789568,10.714077,3.991276,0.0
34.285089,30.986537,36.810586,1445.227259,-1.935402,41.804899,10.744283,4.002528,0.0
34.298779,31.001357,36.742682,1439.974007,-1.850798,41.820204,10.768682,4.011617,0.0
34.312422,31.01614,36.67814,1434.688064,-1.764826,41.835471,10.787231,4.018527,0.0
34.326002,31.030869,36.616916,1429.373092,-1.677846,41.850711,10.800054,4.023304,0.0
34.339536,31.045552,36.559006,1424.031887,-1.590171,41.865915,10.807152,4.025948,0.0
34.353017,31.060183,36.504407,1418.667353,-1.502124,41.881092,10.808558,4.026472,0.0
34.366444,31.074774,36.453105,1413.282421,-1.414029,41.896234,10.804331,4.024898,0.0
34.379818,31.089316,36.405078,1407.880062,-1.326193,41.91134,10.794559,4.021257,0.0
34.393137,31.103804,36.360285,1402.463272,-1.238937,41.92641,10.779353,4.015593,0.0
34.406402,31.118243,36.318681,1397.035069,-1.152576,41.94145,10.758851,4.007955,0.0
34.419614,31.132638,36.280202,1391.598447,-1.067416,41.956458,10.733215,3.998405,0.0
34.432771,31.146982,36.244776,1386.156395,-0.983753,41.97143,10.702627,3.98701,0.0
34.445874,31.161277,36.212328,1380.711872,-0.90189,41.986365,10.66729,3.973846,0.0
34.458923,31.175524,36.182772,1375.26778,-0.822109,42.001269,10.627425,3.958996,0.0
34.471919,31.189719,36.156012,1369.826984,-0.744679,42.016142,10.583269,3.942546,0.0
34.48486,31.203867,36.13194,1364.392285,-0.669873,42.030979,10.535074,3.924592,0.0
34.497747,31.217963,36.110443,1358.966405,-0.597932,42.045782,10.483103,3.905232,0.0
34.51058,31.232012,36.091409,1353.551974,-0.529107,42.060559,10.427629,3.884566,0.0
34.52336,31.246009,36.074697,1348.151545,-0.463622,42.075306,10.368933,3.8627,0.0
34.536085,31.259959,36.060178,1342.76758,-0.401674,42.09001,10.307302,3.839741,0.0
34.548756,31.273856,36.047725,1337.40243,-0.343475,42.104696,10.243028,3.815798,0.0
34.561372,31.287707,36.037238,1332.059017,-0.289317,42.119344,10.176343,3.790955,0.0
34.573932,31.301502,36.02855,1326.739574,-0.239368,42.133965,10.107574,3.765337,0.0
34.586447,31.315252,36.02146,1321.445528,-0.193671,42.14855,10.037073,3.739074,0.0
34.598901,31.328949,36.015823,1316.178769,-0.152354,42.163108,9.965128,3.712272,0.0
34.611307,31.342599,36.011479,1310.941036,-0.115537,42.177638,9.892022,3.685039,0.0
34.623661,31.356205,36.008273,1305.733954,-0.083311,42.192149,9.818032,3.657475,0.0
34.635961,31.369759,36.006041,1300.559035,-0.055759,42.206628,9.743429,3.629684,0.0
34.648213,31.383265,36.004623,1295.417667,-0.032948,42.221078,9.668473,3.601761,0.0
34.660414,31.396726,36.003866,1290.311109,-0.014928,42.235506,9.593418,3.573801,0.0
34.672561,31.410142,36.003614,1285.240493,-0.001733,42.249911,9.518509,3.545895,0.0
34.684659,31.423508,36.003703,1280.206846,0.006615,42.264289,9.443978,3.51813,0.0
34.696708,31.436829,36.003982,1275.211079,0.010112,42.278644,9.370048,3.490589,0.0
34.708707,31.450106,36.004294,1270.25398,0.008769,42.292981,9.296932,3.463352,0.0
34.720657,31.463333,36.004486,1265.336227,0.00261,42.307297,9.224831,3.436492,0.0
34.732556,31.476514,36.004416,1260.458383,-0.00834,42.321589,9.153936,3.410082,0.0
34.744408,31.489651,36.003926,1255.62091,-0.024025,42.33586,9.084424,3.384187,0.0
34.756209,31.502742,36.002885,1250.824162,-0.044383,42.350108,9.016464,3.35887,0.0
34.767972,31.515789,36.001149,1246.068404,-0.06934,42.364346,8.950213,3.33419,0.0
34.779681,31.528791,35.998582,1241.353788,-0.098823,42.378565,8.885815,3.3102,0.0
34.791336,31.541757,35.995049,1236.68037,-0.132722,42.392767,8.823408,3.286952,0.0
34.802954,31.554667,35.990394,1232.049382,-0.171072,42.40695,8.763183,3.264516,0.0
34.814526,31.56754,35.984494,1227.460451,-0.213722,42.421124,8.705254,3.242936,0.0
34.826045,31.580369,35.977248,1222.912322,-0.260443,42.43528,8.64967,3.22223,0.0
34.837526,31.593161,35.968553,1218.4047,-0.311092,42.449419,8.596526,3.202432,0.0
34.848955,31.605909,35.958308,1213.937195,-0.365532,42.463546,8.545908,3.183575,0.0
34.860345,31.618612,35.946403,1209.509342,-0.423628,42.477658,8.497891,3.165688,0.0
34.871692,31.63127,35.932754,1205.120612,-0.485209,42.491765,8.452546,3.148796,0.0
34.882994,31.643895,35.917261,1200.770392,-0.550116,42.50586,8.409934,3.132922,0.0
34.894251,31.656477,35.899846,1196.458004,-0.618189,42.519937,8.370107,3.118085,0.0
34.905468,31.66902,35.880436,1192.182705,-0.689253,42.534006,8.333114,3.104304,0.0
34.91664,31.681526,35.858954,1187.943683,-0.763125,42.54807,8.298993,3.091593,0.0
34.927767,31.693988,35.835336,1183.740068,-0.839626,42.562121,8.26778,3.079965,0.0
34.938857,31.706408,35.809524,1179.570925,-0.918566,42.576162,8.2395,3.069431,0.0
34.949908,31.718792,35.78146,1175.435264,-0.999754,42.590199,8.214177,3.059997,0.0
34.960914,31.731141,35.751102,1171.332043,-1.083008,42.604228,8.191827,3.051671,0.0
34.971877,31.743451,35.718416,1167.26015,-1.168118,42.618247,8.172461,3.044457,0.0
34.982803,31.755719,35.683352,1163.218443,-1.254888,42.632258,8.156085,3.038356,0.0
34.993685,31.767958,35.645897,1159.205714,-1.343113,42.646259,8.142699,3.03337,0.0
35.00453,31.780152,35.606012,1155.220711,-1.432591,42.660252,8.1323,3.029496,0.0
35.01533,31.792302,35.563697,1151.262141,-1.523115,42.674245,8.12488,3.026731,0.0
35.026094,31.804424,35.518858,1147.329384,-1.614503,42.688229,8.120516,3.025106,0.0
35.03682,31.816508,35.471502,1143.420794,-1.706508,42.702212,8.119171,3.024605,0.0
35.047501,31.828557,35.421698,1139.5343,-1.798925,42.716187,8.120748,3.025192,0.0
35.058146,31.840562,35.369463,1135.668458,-1.891525,42.730153,8.125221,3.026859,0.0
35.068755,31.852537,35.314797,1131.821761,-1.984101,42.74411,8.132557,3.029592,0.0
35.079321,31.86447,35.257723,1127.992674,-2.07645,42.758065,8.142721,3.033378,0.0
35.089848,31.876372,35.198274,1124.179639,-2.168361,42.772014,8.155672,3.038202,0.0
35.10034,31.888235,35.136476,1120.381067,-2.259634,42.785959,8.171365,3.044048,0.0
35.110789,31.900058,35.072367,1116.595337,-2.350062,42.799899,8.189749,3.050897,0.0
35.121199,31.911851,35.005989,1112.820822,-2.439443,42.81383,8.21077,3.058728,0.0
35.131578,31.923607,34.937394,1109.055876,-2.527577,42.827752,8.234369,3.067519,0.0
35.141917,31.935327,34.866633,1105.298825,-2.614269,42.841669,8.260481,3.077246,0.0
35.152213,31.947012,34.793761,1101.547989,-2.699323,42.855583,8.289036,3.087884,0.0
35.162478,31.958658,34.71884,1097.801687,-2.782545,42.869487,8.31996,3.099404,0.0
35.172706,31.970275,34.641941,1094.058228,-2.863758,42.883385,8.353173,3.111777,0.0
35.18289,31.981854,34.563139,1090.315924,-2.94278,42.897279,8.38859,3.12497,0.0
35.193038,31.993391,34.482501,1086.573088,-3.019428,42.911158,8.426119,3.138951,0.0
35.203151,32.004898,34.400113,1082.828035,-3.093533,42.925036,8.465664,3.153683,0.0
35.213226,32.016362,34.316066,1079.079099,-3.164934,42.938905,8.507124,3.169127,0.0
35.223257,32.027799,34.230437,1075.324641,-3.233478,42.952765,8.550389,3.185245,0.0
35.233251,32.039199,34.143268,1071.562737,-3.298903,42.966606,8.595397,3.202012,0.0
35.243217,32.050553,34.054688,1067.791719,-3.361084,42.980447,8.642004,3.219374,0.0
35.253139,32.061879,33.964827,1064.010189,-3.419966,42.99428,8.690044,3.23727,0.0
35.263015,32.07317,33.873787,1060.216614,-3.475414,43.008095,8.739385,3.255651,0.0
35.272863,32.084417,33.781662,1056.409519,-3.527315,43.0219,8.789891,3.274466,0.0
35.282668,32.095633,33.688559,1052.587455,-3.575559,43.035696,8.841419,3.293661,0.0
35.292436,32.106809,33.594597,1048.749039,-3.620054,43.049476,8.893823,3.313183,0.0
35.302167,32.117947,33.499869,1044.892938,-3.660717,43.063244,8.946949,3.332974,0.0
35.311862,32.129048,33.404494,1041.017886,-3.697473,43.077004,9.000642,3.352976,0.0
35.321517,32.140113,33.308583,1037.12268,-3.730259,43.090744,9.054741,3.373129,0.0
35.331131,32.151143,33.212238,1033.20619,-3.759022,43.104466,9.109082,3.393373,0.0
35.340708,32.162132,33.115574,1029.26737,-3.783718,43.11818,9.163497,3.413644,0.0
35.350247,32.173084,33.018706,1025.305247,-3.804329,43.131877,9.217817,3.43388,0.0
35.359743,32.184002,32.921742,1021.318927,-3.820843,43.145553,9.27187,3.454016,0.0
35.369203,32.194878,32.824786,1017.307616,-3.833254,43.159215,9.325482,3.473988,0.0
35.378626,32.205715,32.727949,1013.270613,-3.841582,43.172852,9.37848,3.493731,0.0
35.388005,32.21651,32.631339,1009.207313,-3.845852,43.186473,9.430689,3.51318,0.0
35.397347,32.227268,32.535059,1005.117198,-3.846107,43.200083,9.481936,3.532271,0.0
35.406654,32.23799,32.439211,1000.999862,-3.842408,43.213665,9.53205,3.550939,0.0
34.668707,31.568317,32.739961,1076.068401,-3.760797,43.264368,9.709707,3.617121,0.0
1.067326,0.975776,50.46094,4635.037013,-0.419875,44.948836,15.552686,5.793785,0.0
0.086231,0.086231,50.974193,4735.279871,-0.150208,45.000182,15.734476,5.861506,0.0
0.128758,0.128758,50.967144,4726.950715,0.022808,45.000295,15.694748,5.846706,0.0
0.171213,0.171213,50.980313,4718.613609,0.194821,45.000417,15.610534,5.815335,0.0
0.213596,0.213596,51.013478,4710.291996,0.36507,45.000556,15.48323,5.76791,0.0
0.255901,0.255901,51.066308,4702.008633,0.532818,45.000713,15.31474,5.705144,0.0
0.298124,0.29813,51.138402,4693.785317,0.697374,45.000887,15.107428,5.627915,0.0
0.340278,0.340282,51.229286,4685.642643,0.858077,45.001074,14.864048,5.537249,0.0
0.382358,0.382364,51.338417,4677.599844,1.014313,45.001276,14.587673,5.434292,0.0
0.424357,0.424372,51.465177,4669.674587,1.165528,45.001495,14.281623,5.32028,0.0
0.466285,0.466305,51.608903,4661.882869,1.311224,45.001732,13.949382,5.196512,0.0
0.508141,0.508165,51.768881,4654.238957,1.450954,45.001988,13.59453,5.06432,0.0
0.549923,0.549953,51.944352,4646.75532,1.584334,45.002261,13.22067,4.925047,0.0
0.591623,0.591689,52.133737,4639.443997,1.698096,45.044982,12.832755,4.780539,10.906472
0.633196,0.633417,52.334153,4632.316645,1.779909,45.169835,12.437738,4.633385,33.999999
0.674613,0.675165,52.543328,4625.380067,1.855909,45.291009,12.040919,4.485559,33.999999
0.715873,0.716939,52.760575,4618.636066,1.926068,45.408484,11.644377,4.337837,33.999999
0.756996,0.758731,52.985223,4612.085412,1.990392,45.522261,11.250014,4.190926,33.999999
0.797968,0.800541,53.216599,4605.727917,2.048915,45.632342,10.859538,4.045464,33.999999
0.838804,0.842369,53.454017,4599.562509,2.101689,45.738771,10.474465,3.902014,33.999999
0.879511,0.884215,53.696983,4593.593498,2.148608,45.841472,10.09638,3.761167,33.999999
0.920079,0.92608,53.944754,4587.816282,2.18982,45.940547,9.726436,3.623353,33.999999
0.96053,0.967954,54.19657,4582.223314,2.225583,46.036155,9.365413,3.488863,33.999999
1.000864,1.009846,54.451826,4576.810958,2.256015,46.128363,9.014085,3.357984,33.999999
1.041073,1.051755,54.709935,4571.575179,2.28126,46.21727,8.673077,3.230949,33.999999
1.081177,1.093668,54.970316,4566.511613,2.301462,46.302965,8.342875,3.10794,33.999999
1.12117,1.135594,55.232412,4561.615631,2.316779,46.385546,8.023839,2.989091,33.999999
1.161064,1.177532,55.495684,4556.882414,2.327371,46.465127,7.716218,2.874494,33.999999
1.200856,1.219479,55.759624,4552.307012,2.333396,46.541804,7.420158,2.764204,33.999999
1.240551,1.261441,56.023733,4547.884369,2.335021,46.615688,7.135718,2.658243,33.999999
1.280156,1.303411,56.287535,4543.609379,2.332411,46.686888,6.862878,2.556603,33.999999
1.319675,1.345385,56.550569,4539.476935,2.325735,46.755505,6.601552,2.459252,33.999999
1.35911,1.387368,56.812396,4535.481948,2.315167,46.821655,6.351597,2.366137,33.999999
1.398457,1.429357,57.072603,4531.61937,2.300861,46.885446,6.112822,2.277187,33.999999
1.437724,1.471351,57.330789,4527.884229,2.28298,46.94698,5.884996,2.192316,33.999999
1.476912,1.513359,57.586576,4524.271654,2.261683,47.006368,5.667855,2.111425,33.999999
1.516028,1.555369,57.839601,4520.776859,2.237123,47.063698,5.461111,2.034407,33.999999
1.555072,1.597387,58.089511,4517.395202,2.209453,47.119079,5.264455,1.961148,33.999999
1.594044,1.639414,58.335976,4514.12216,2.178824,47.172596,5.077565,1.891527,33.999999
1.632954,1.681441,58.578698,4510.953357,2.145372,47.224351,4.90011,1.82542,33.999999
1.671798,1.723478,58.817218,4507.88771,2.109149,47.274386,4.732042,1.76281,33.999999
1.710578,1.765524,59.051294,4504.91974,2.070332,47.322802,4.572894,1.703523,33.999999
1.749295,1.807569,59.280736,4502.04328,2.029099,47.36973,4.422127,1.647359,33.999999
1.787958,1.849624,59.505304,4499.25456,1.985585,47.415238,4.279405,1.594191,33.999999
1.826558,1.891679,59.724754,4496.54996,1.939895,47.459411,4.144401,1.543898,33.999999
1.865103,1.933742,59.938867,4493.925985,1.892154,47.502325,4.016794,1.496362,33.999999
1.903601,1.975807,60.14743,4491.379299,1.842468,47.544051,3.896274,1.451464,33.999999
1.942041,2.017878,60.350239,4488.906691,1.790934,47.58465,3.782537,1.409094,33.999999
1.980435,2.059958,60.547104,4486.505085,1.737655,47.624194,3.675293,1.369143,33.999999
2.018783,2.102042,60.737849,4484.171534,1.682728,47.662743,3.574262,1.331507,33.999999
2.057077,2.144126,60.922304,4481.903204,1.626246,47.700358,3.479177,1.296085,33.999999
2.095325,2.186214,61.100312,4479.697389,1.568299,47.737097,3.389782,1.262783,33.999999
2.13353,2.228311,61.271723,4477.55149,1.508964,47.773014,3.305833,1.23151,33.999999
2.171687,2.270414,61.436396,4475.463005,1.448323,47.80816,3.227098,1.202179,33.999999
2.209808,2.312519,61.594201,4473.429542,1.386461,47.842594,3.153359,1.174709,33.999999
2.247889,2.354632,61.745015,4471.4488,1.323447,47.876361,3.084409,1.149023,33.999999
2.285919,2.396746,61.88871,4469.518574,1.259349,47.9095,3.020052,1.125049,33.999999
2.323914,2.438868,62.025199,4467.636719,1.194235,47.942061,2.960107,1.102718,33.999999
2.361872,2.48099,62.154363,4465.801193,1.128181,47.974095,2.904401,1.081966,33.999999
2.399794,2.523122,62.276109,4464.010009,1.061247,48.005643,2.852775,1.062734,33.999999
2.437669,2.565263,62.390106,4462.262623,0.993467,48.036717,2.805208,1.045014,33.999999
2.475508,2.607404,62.496351,4460.556529,0.924913,48.067367,2.761504,1.028733,33.999999
2.513311,2.649554,62.594931,4458.889016,0.855665,48.097656,2.721452,1.013813,33.999999
2.551078,2.691712,62.685778,4457.25834,0.785773,48.12761,2.684937,1.00021,33.999999
2.588808,2.733872,62.768839,4455.662822,0.715288,48.157261,2.651854,0.987886,33.999999
2.62651,2.776032,62.844056,4454.100801,0.644268,48.186644,2.622107,0.976804,33.999999
2.664172,2.818205,62.911369,4452.570666,0.57276,48.2158,2.59561,0.966933,33.999999
2.701801,2.860384,62.970739,4451.070827,0.500819,48.244758,2.572286,0.958244,33.999999
2.739397,2.902569,63.02213,4449.599727,0.428486,48.273544,2.552068,0.950712,33.999999
2.776963,2.944757,63.065503,4448.155833,0.355812,48.302189,2.534895,0.944315,33.999999
2.814492,2.986955,63.10083,4446.737626,0.282841,48.330732,2.520719,0.939034,33.999999
2.851988,3.029162,63.128086,4445.3436,0.209616,48.359197,2.509497,0.934854,33.999999
2.889456,3.07137,63.147248,4443.97226,0.136189,48.387613,2.501196,0.931761,33.999999
2.926885,3.113584,63.158304,4442.62211,0.062604,48.416018,2.49579,0.929748,33.999999
2.964284,3.15581,63.161242,4441.291659,-0.011101,48.444433,2.493264,0.928806,33.999999
3.00165,3.198041,63.156061,4439.979422,-0.084875,48.47289,2.493608,0.928935,33.999999
3.038988,3.240286,63.142755,4438.683891,-0.158675,48.501418,2.496822,0.930132,33.999999
3.076298,3.282533,63.121331,4437.403546,-0.232454,48.530046,2.502913,0.932401,33.999999
3.113573,3.324789,63.091792,4436.13687,-0.306183,48.558796,2.511897,0.935748,33.999999
3.150811,3.367053,63.054162,4434.882298,-0.379803,48.587718,2.523798,0.940181,33.999999
3.188022,3.409327,63.008174,4433.638562,-0.453264,48.616834,2.538751,0.945751,33.999999
3.225195,3.451601,62.953968,4432.403777,-0.526514,48.646172,2.55676,0.95246,33.999999
3.262333,3.493892,62.891735,4431.17609,-0.599532,48.675769,2.577815,0.960304,33.999999
3.299443,3.536193,62.821506,4429.953794,-0.672249,48.705651,2.601972,0.969303,33.999999
3.336526,3.578504,62.74334,4428.735173,-0.744622,48.735852,2.6293,0.979483,33.999999
3.373575,3.620823,62.657267,4427.518445,-0.816602,48.766399,2.659874,0.990873,33.999999
3.410588,3.663151,62.563333,4426.301771,-0.888142,48.797336,2.693778,1.003503,33.999999
3.447564,3.705488,62.461607,4425.083255,-0.959196,48.828692,2.731108,1.01741,33.999999
3.484511,3.747834,62.352142,4423.860949,-1.0297,48.860504,2.771965,1.03263,33.999999
3.521425,3.790189,62.235003,4422.632824,-1.099602,48.892809,2.816462,1.049206,33.999999
3.558304,3.832558,62.11027,4421.396776,-1.16885,48.925645,2.864721,1.067184,33.999999
3.595146,3.87494,61.97802,4420.150632,-1.237385,48.959053,2.916873,1.086612,33.999999
3.631952,3.917332,61.838335,4418.892119,-1.305148,48.993071,2.97306,1.107543,33.999999
3.668722,3.959733,61.691315,4417.618875,-1.372071,49.027747,3.033434,1.130034,33.999999
3.705457,4.002145,61.537056,4416.328446,-1.438091,49.063116,3.098156,1.154145,33.999999
3.742155,4.044573,61.375664,4415.018281,-1.50315,49.099233,3.167398,1.179939,33.999999
3.778817,4.087012,61.207256,4413.685701,-1.567162,49.136136,3.241343,1.207486,33.999999
3.815442,4.129466,61.031947,4412.327931,-1.630066,49.173891,3.320183,1.236856,33.999999
3.852023,4.171923,60.849882,4410.942062,-1.691785,49.212532,3.404121,1.268125,33.999999
3.888568,4.214406,60.661187,4409.525057,-1.752242,49.252119,3.49337,1.301372,33.999999
3.925066,4.256898,60.465796,4408.072449,-1.811292,49.292759,3.588355,1.336757,33.999999
3.961518,4.2994,60.263965,4406.581112,-1.868882,49.334483,3.68925,1.374343,33.999999
3.997925,4.341919,60.055999,4405.048288,-1.924928,49.377339,3.796183,1.414178,33.999999
4.034296,4.384456,59.842085,4403.470347,-1.97936,49.421393,3.909406,1.456357,33.999999
4.070615,4.427004,59.62241,4401.843506,-2.032058,49.466716,4.029179,1.500975,33.999999
4.106887,4.469568,59.397166,4400.163813,-2.082936,49.513373,4.155766,1.548132,33.999999
4.143114,4.512143,59.166565,4398.427144,-2.131884,49.561434,4.28944,1.597929,33.999999
4.179284,4.554739,58.930835,4396.629224,-2.17879,49.610985,4.430476,1.650469,33.999999
4.215402,4.597351,58.690216,4394.765592,-2.223543,49.662097,4.579149,1.705854,33.999999
4.25147,4.639978,58.444951,4392.831619,-2.266023,49.71485,4.735738,1.764187,33.999999
4.287484,4.682622,58.1953,4390.822498,-2.306106,49.769337,4.900516,1.825571,33.999999
4.323439,4.725284,57.941539,4388.733253,-2.34367,49.825644,5.073752,1.890106,33.999999
4.359336,4.767968,57.68396,4386.558743,-2.378582,49.883857,5.255706,1.957889,33.999999
4.395172,4.810673,57.422866,4384.293651,-2.410705,49.944077,5.446627,2.029012,33.999999
4.430939,4.853389,57.15857,4381.932504,-2.439899,50.006399,5.646746,2.103561,33.999999
4.466643,4.896123,56.891416,4379.469679,-2.466027,50.070922,5.856272,2.181615,33.999999
4.502282,4.938877,56.621743,4376.899425,-2.488934,50.137745,6.075389,2.263242,33.999999
4.537849,4.981657,56.349919,4374.215855,-2.50848,50.206976,6.304248,2.348498,33.999999
4.573343,5.024455,56.076335,4371.412984,-2.524513,50.278726,6.542962,2.437426,33.999999
4.608757,5.067271,55.801374,4368.484728,-2.536871,50.353089,6.791598,2.530049,33.999999
4.644086,5.110105,55.525434,4365.420068,-2.545269,50.430274,7.05052,2.626504,33.999999
4.679343,5.152967,55.249008,4362.214344,-2.549599,50.51037,7.319519,2.726714,33.999999
4.714501,5.195847,54.972557,4358.864066,-2.549778,50.593423,7.598267,2.830554,33.999999
4.749576,5.238754,54.696538,4355.363138,-2.545659,50.679535,7.886553,2.937949,33.999999
4.784563,5.281687,54.421441,4351.705558,-2.537092,50.768824,8.184082,3.048786,33.999999
4.819453,5.324633,54.14776,4347.885471,-2.52393,50.861379,8.49046,3.16292,33.999999
4.854237,5.367608,53.876001,4343.897227,-2.506042,50.957299,8.805187,3.280164,33.999999
4.888919,5.410607,53.60668,4339.73544,-2.483301,51.056686,9.127653,3.400291,33.999999
4.923496,5.45363,53.340338,4335.395041,-2.455578,51.159619,9.457125,3.523028,33.999999
4.95796,5.496674,53.077522,4330.871348,-2.422768,51.266177,9.792744,3.648055,33.999999
4.992312,5.539745,52.818781,4326.160152,-2.384782,51.376431,10.133521,3.775003,33.999999
5.026548,5.582845,52.564675,4321.257771,-2.341534,51.490439,10.47833,3.903454,33.999999
5.060654,5.625962,52.315772,4316.161137,-2.292957,51.608251,10.82591,4.032936,33.999999
5.094631,5.669104,52.072637,4310.867872,-2.239017,51.729901,11.174865,4.162931,33.999999
5.128483,5.712276,51.835849,4305.376347,-2.179695,51.855414,11.523665,4.292869,33.999999
5.162192,5.755468,51.605976,4299.685774,-2.114993,51.98479,11.870659,4.422133,33.999999
5.195758,5.798688,51.383569,4293.796262,-2.04493,52.118008,12.214074,4.550064,33.999999
5.229186,5.841934,51.169195,4287.708897,-1.969571,52.255049,12.552039,4.675965,33.999999
5.262462,5.885207,50.963402,4281.425791,-1.889009,52.395848,12.882591,4.799104,33.999999
5.295584,5.928498,50.766719,4274.950104,-1.803348,52.540344,13.203703,4.918727,33.999999
5.328539,5.971817,50.58001,4268.279593,-1.712577,52.688559,13.512803,5.033875,33.999999
5.361338,6.015154,50.403663,4261.423302,-1.616971,52.840307,13.807821,5.143777,33.999999
5.393966,6.058518,50.237944,4254.391704,-1.516848,52.995381,14.086906,5.247743,33.999999
5.426423,6.101909,50.083297,4247.192726,-1.412469,53.153605,14.348024,5.345016,33.999999
5.458702,6.145319,49.940109,4239.835414,-1.304114,53.314791,14.589222,5.434869,33.999999
5.490808,6.188747,49.808757,4232.329871,-1.192098,53.478739,14.808654,5.516613,33.999999
5.522736,6.232193,49.68956,4224.687228,-1.076766,53.645218,15.004615,5.589614,33.999999
5.554484,6.275664,49.582807,4216.919538,-0.958502,53.813977,15.175572,5.6533,33.999999
5.586047,6.31915,49.488748,4209.039708,-0.8377,53.984756,15.320188,5.707173,33.999999
5.61742,6.36265,49.407577,4201.061388,-0.714777,54.157277,15.437348,5.750818,33.999999
5.648605,6.406168,49.339444,4192.998852,-0.590172,54.33124,15.52618,5.783911,33.999999
5.6796,6.449705,49.284457,4184.866872,-0.464334,54.506348,15.586069,5.806221,33.999999
5.710403,6.493255,49.242668,4176.680583,-0.337729,54.682297,15.616668,5.81762,33.999999
5.741011,6.536815,49.214085,4168.455345,-0.210829,54.858768,15.617903,5.81808,33.999999
5.771428,6.580383,49.198655,4160.206597,-0.084095,55.035446,15.589973,5.807675,33.999999
5.801648,6.623963,49.196293,4151.949706,0.041996,55.212019,15.533344,5.786579,33.999999
5.83168,6.667557,49.206856,4143.699856,0.166984,55.388179,15.448738,5.755062,33.999999
5.861521,6.711153,49.230159,4135.471905,0.290425,55.563615,15.337117,5.71348,33.999999
5.891165,6.754757,49.265975,4127.280237,0.411871,55.738038,15.199662,5.662274,33.999999
5.920621,6.798361,49.314025,4119.138674,0.530916,55.91117,15.037751,5.601958,33.999999
5.949889,6.841974,49.374425,4111.063158,0.64705,56.082659,14.852164,5.532822,33.999999
5.978956,6.885597,49.446592,4103.065888,0.759911,56.252287,14.64513,5.455696,33.999999
6.007843,6.929211,49.529897,4095.157029,0.86922,56.419828,14.418902,5.37142,33.999999
6.036549,6.972833,49.623934,4087.347073,0.974655,56.585084,14.175368,5.280697,33.999999
6.065075,7.016448,49.728248,4079.6456,1.075946,56.747851,13.916461,5.184248,33.999999
6.093429,7.060068,49.842373,4072.061205,1.172837,56.907963,13.644135,5.082799,33.999999
6.121605,7.103685,49.965828,4064.601519,1.265101,57.065271,13.360333,4.977075,33.999999
6.149607,7.147298,50.098111,4057.273214,1.352558,57.219636,13.066966,4.867789,33.999999
6.177444,7.190906,50.238694,4050.082006,1.435047,57.370945,12.765896,4.755632,33.999999
6.205124,7.23451,50.387042,4043.03268,1.512434,57.519106,12.458913,4.641273,33.999999
6.232641,7.278113,50.542628,4036.129135,1.584622,57.664049,12.147724,4.525347,33.999999
6.26,7.321713,50.704914,4029.374417,1.651539,57.805723,11.833939,4.408454,33.999999
6.287212,7.365304,50.873346,4022.770771,1.713139,57.944088,11.51906,4.291153,33.999999
6.31427,7.408886,51.04738,4016.319683,1.769401,58.079119,11.20448,4.173963,33.999999
6.341181,7.452461,51.226477,4010.021931,1.820317,58.210818,10.891473,4.05736,33.999999
6.367957,7.496036,51.410104,4003.87767,1.865916,58.339198,10.581196,3.941774,33.999999
6.394596,7.539608,51.597716,3997.886448,1.90624,58.46427,10.274688,3.827592,33.999999
6.421093,7.583165,51.788802,3992.047295,1.941338,58.586067,9.972873,3.715157,33.999999
6.447465,7.62672,51.982836,3986.358766,1.971286,58.704644,9.676558,3.604773,33.999999
6.47371,7.670257,52.179318,3980.819009,1.996178,58.820047,9.386448,3.496699,33.999999
6.499835,7.713804,52.377806,3975.431108,2.015928,58.932229,9.103411,3.39126,33.999999
6.525831,7.757333,52.577751,3970.189584,2.030746,59.041314,8.827854,3.288608,33.999999
6.551709,7.800852,52.778651,3965.08887,2.040844,59.147443,8.560048,3.188843,33.999999
6.577479,7.84437,52.980054,3960.125898,2.04634,59.250685,8.300308,3.092083,33.999999
6.603141,7.887881,53.181517,3955.297423,2.047377,59.35114,8.048875,2.998418,33.999999
6.628695,7.931383,53.382613,3950.600044,2.044078,59.44888,7.805924,2.907912,33.999999
6.654147,7.974882,53.582943,3946.030284,2.036594,59.544,7.571568,2.820608,33.999999
6.679501,8.018369,53.782117,3941.584563,2.025057,59.63659,7.345868,2.736529,33.999999
6.704755,8.06185,53.979743,3937.259263,2.009608,59.726741,7.128837,2.655679,33.999999
6.729916,8.10533,54.175461,3933.050721,1.990395,59.814545,6.920446,2.578048,33.999999
6.754982,8.148801,54.368928,3928.955278,1.967563,59.900093,6.720631,2.503612,33.999999
6.779958,8.192262,54.559806,3924.969283,1.941247,59.98348,6.529297,2.432335,33.999999
6.804852,8.235724,54.747774,3921.089099,1.911587,60.0648,6.346324,2.364173,33.999999
6.829662,8.279179,54.932516,3917.311131,1.878728,60.144133,6.171568,2.299072,33.999999
6.854385,8.322624,55.113748,3913.631825,1.842804,60.221576,6.004872,2.236973,33.999999
6.879027,8.366072,55.291198,3910.047693,1.803948,60.297216,5.84606,2.177811,33.999999
6.90359,8.409504,55.464584,3906.555298,1.762297,60.371141,5.694949,2.121518,33.999999
6.928079,8.452937,55.633656,3903.151277,1.717974,60.443423,5.551348,2.068023,33.999999
6.952489,8.49637,55.798191,3899.832339,1.671104,60.514154,5.415059,2.017252,33.999999
6.976835,8.539793,55.957934,3896.595272,1.621816,60.58341,5.285884,1.969131,33.999999
7.001097,8.583216,56.112486,3893.439748,1.570147,60.651229,5.163872,1.923678,33.999999
7.025296,8.626631,56.261732,3890.360946,1.51626,60.71771,5.048675,1.880764,33.999999
7.049422,8.670044,56.405561,3887.354483,1.460326,60.782964,4.939971,1.840269,33.999999
7.073485,8.71345,56.543782,3884.41745,1.402439,60.847051,4.837568,1.802122,33.999999
7.097477,8.756855,56.676242,3881.547025,1.342715,60.910038,4.741279,1.766251,33.999999
7.121404,8.800259,56.802771,3878.740458,1.281258,60.972001,4.650921,1.732591,33.999999
7.145275,8.843663,56.92322,3875.995066,1.218166,61.033009,4.56632,1.701074,33.999999
7.16908,8.887062,57.037452,3873.308236,1.153536,61.093119,4.487308,1.67164,33.999999
7.192824,8.930456,57.145329,3870.677415,1.087466,61.152397,4.413724,1.644228,33.999999
7.216524,8.973846,57.247159,3868.099084,1.028568,61.183035,4.345152,1.618684,16.455669
7.240193,9.017218,57.343529,3865.569303,0.97545,61.189889,4.281034,1.594798,0.0
7.263839,9.060562,57.434679,3863.085245,0.92092,61.19677,4.221054,1.572454,0.0
7.287464,9.103883,57.520487,3860.645078,0.865068,61.203678,4.165134,1.551622,0.0
7.311067,9.147186,57.600835,3858.246986,0.807979,61.210609,4.113198,1.532274,0.0
7.334657,9.190469,57.675622,3855.889169,0.749734,61.217564,4.065171,1.514383,0.0
7.358221,9.233726,57.744744,3853.56985,0.690414,61.224551,4.020986,1.497923,0.0
7.381768,9.276966,57.808114,3851.287259,0.6301,61.231557,3.980576,1.482869,0.0
7.405296,9.320187,57.865636,3849.039647,0.568871,61.238591,3.943881,1.469199,0.0
7.428807,9.36339,57.917248,3846.82528,0.506811,61.245651,3.910842,1.456892,0.0
7.4523,9.406566,57.962883,3844.642434,0.443996,61.252738,3.881409,1.445927,0.0
7.475773,9.449733,58.002231,3842.490445,0.380471,61.259853,3.855668,1.436338,0.0
7.49922,9.492873,58.03537,3840.366861,0.316332,61.266987,3.833499,1.428079,0.0
7.522657,9.535994,58.062356,3838.269445,0.251669,61.274156,3.814805,1.421115,0.0
7.546076,9.579097,58.083154,3836.196504,0.186557,61.281345,3.799554,1.415434,0.0
7.569478,9.62219,58.097729,3834.146317,0.121065,61.288567,3.787721,1.411026,0.0
7.592861,9.665259,58.106055,3832.117165,0.055269,61.29581,3.779283,1.407882,0.0
7.61622,9.708315,58.108113,3830.107325,-0.010762,61.303078,3.774227,1.405999,0.0
7.639565,9.751349,58.103886,3828.115065,-0.076954,61.31038,3.772541,1.405371,0.0
7.662894,9.794368,58.093375,3826.13864,-0.143235,61.317706,3.774221,1.405997,0.0
7.686206,9.837373,58.076586,3824.176279,-0.209533,61.325055,3.779267,1.407876,0.0
7.709499,9.880359,58.053521,3822.226205,-0.275776,61.332432,3.787685,1.411012,0.0
7.732779,9.923328,58.02419,3820.286619,-0.341891,61.339835,3.799485,1.415408,0.0
7.756043,9.966278,57.988621,3818.355684,-0.407806,61.347265,3.814684,1.42107,0.0
7.779282,10.009214,57.94684,3816.431551,-0.473453,61.354719,3.833303,1.428006,0.0
7.802506,10.052136,57.898887,3814.512338,-0.538756,61.362197,3.855367,1.436226,0.0
7.825717,10.095034,57.844798,3812.596126,-0.603632,61.369708,3.880907,1.44574,0.0
7.848905,10.137924,57.78462,3810.680965,-0.668022,61.377245,3.90996,1.456563,0.0
7.872081,10.180802,57.718422,3808.764856,-0.731835,61.384801,3.942566,1.468709,0.0
7.895231,10.223655,57.64626,3806.845789,-0.795004,61.392393,3.978768,1.482196,0.0
7.918372,10.266489,57.568197,3804.921671,-0.857451,61.400003,4.018615,1.49704,0.0
7.941494,10.309314,57.484106,3802.990028,-0.919066,61.407641,4.062307,1.513316,0.0
7.964598,10.35212,57.394184,3801.048675,-0.979767,61.415306,4.109822,1.531017,0.0
7.987685,10.394909,57.298642,3799.095524,-1.039498,61.42299,4.16116,1.550141,0.0
8.010753,10.43768,57.197574,3797.128283,-1.098175,61.430707,4.216382,1.570713,0.0
8.033803,10.48044,57.091088,3795.144628,-1.155707,61.438446,4.275555,1.592757,0.0
8.056835,10.523177,56.979303,3793.142179,-1.21202,61.44621,4.338745,1.616297,0.0
8.079849,10.5659,56.862351,3791.118489,-1.267021,61.454001,4.406022,1.641359,0.0
8.102845,10.608602,56.740355,3789.071067,-1.320613,61.461818,4.477455,1.66797,0.0
8.125818,10.651288,56.613463,3786.997353,-1.372719,61.469657,4.553114,1.696155,0.0
8.148773,10.69396,56.481826,3784.894729,-1.423242,61.47752,4.633067,1.725939,0.0
8.171715,10.73661,56.345597,3782.760527,-1.47209,61.485404,4.717382,1.757349,0.0
8.19464,10.779241,56.204946,3780.592021,-1.51917,61.493311,4.806123,1.790407,0.0
8.217542,10.821855,56.060057,3778.386425,-1.564377,61.501245,4.899352,1.825138,0.0
8.240424,10.864446,55.911108,3776.140902,-1.607624,61.509202,4.997125,1.861561,0.0
8.263291,10.907018,55.758286,3773.852557,-1.648811,61.517181,5.099493,1.899695,0.0
8.286134,10.949573,55.601809,3771.518455,-1.687833,61.525184,5.206499,1.939558,0.0
8.308958,10.992109,55.441882,3769.135618,-1.724594,61.533206,5.318177,1.981161,0.0
8.331764,11.034627,55.278728,3766.70101,-1.758992,61.541255,5.434551,2.024513,0.0
8.354543,11.077117,55.112579,3764.211592,-1.790916,61.549322,5.555634,2.06962,0.0
8.377304,11.119581,54.943679,3761.664263,-1.820274,61.557406,5.681423,2.11648,0.0
8.400047,11.162026,54.77218,3759.053407,-1.846854,61.565519,5.812083,2.165154,0.0
8.422771,11.204443,54.598422,3756.377055,-1.870599,61.573641,5.947467,2.215588,0.0
8.445468,11.246842,54.422726,3753.633111,-1.891467,61.581798,6.087438,2.267731,0.0
8.468139,11.289215,54.245364,3750.818463,-1.909342,61.589966,6.231914,2.321552,0.0
8.49079,11.331561,54.066618,3747.930032,-1.924126,61.598151,6.38079,2.377012,0.0
8.513416,11.37388,53.886794,3744.964798,-1.935734,61.606355,6.53393,2.434061,0.0
8.536021,11.416172,53.706189,3741.919779,-1.944074,61.614582,6.691174,2.492638,0.0
8.558603,11.458437,53.525121,3738.792068,-1.949047,61.622825,6.852325,2.552671,0.0
8.581163,11.500675,53.343906,3735.578846,-1.950567,61.631082,7.017158,2.614076,0.0
8.603695,11.542881,53.16287,3732.277412,-1.948558,61.639357,7.185409,2.676754,0.0
8.6262,11.585056,52.982347,3728.885189,-1.942948,61.64765,7.35678,2.740594,0.0
8.648679,11.627199,52.802679,3725.399742,-1.933669,61.655957,7.530931,2.80547,0.0
8.67114,11.669303,52.623889,3721.819585,-1.927242,61.635723,7.707841,2.871374,-9.476399
8.693616,11.711355,52.445568,3718.144228,-1.927742,61.569008,7.887958,2.938472,-26.0
8.71612,11.753342,52.267537,3714.372364,-1.924782,61.500485,8.071506,3.006848,-26.0
8.738648,11.795259,52.090119,3710.501427,-1.918297,61.43011,8.258145,3.076376,-26.0
8.761199,11.837111,51.913639,3706.529044,-1.908229,61.35785,8.447488,3.146912,-26.0
8.783792,11.878891,51.738437,3702.453033,-1.894518,61.283684,8.63911,3.218296,-26.0
8.806404,11.9206,51.564844,3698.271418,-1.877124,61.207565,8.832541,3.290354,-26.0
8.829051,11.962236,51.393201,3693.982496,-1.856003,61.129493,9.027271,3.362896,-26.0
8.851727,12.003788,51.223963,3689.580451,-1.830981,61.049363,9.222747,3.435716,-26.0
8.87444,12.045267,51.05744,3685.066684,-1.802137,60.967203,9.418311,3.508569,-26.0
8.89718,12.086656,50.893945,3680.442147,-1.769531,60.883045,9.613309,3.581211,-26.0
8.919955,12.127972,50.7338,3675.706435,-1.733164,60.796897,9.807064,3.653389,-26.0
8.942758,12.1692,50.577353,3670.859498,-1.693065,60.708753,9.998866,3.724841,-26.0
8.965603,12.210346,50.42493,3665.901687,-1.649276,60.618625,10.187974,3.795288,-26.0
8.988479,12.251397,50.276867,3660.833756,-1.601846,60.526544,10.373623,3.864448,-26.0
9.011389,12.292362,50.133474,3655.656867,-1.550839,60.432537,10.55503,3.932027,-26.0
9.034334,12.333234,49.995065,3650.372633,-1.49635,60.336642,10.731397,3.997728,-26.0
9.057315,12.374013,49.861943,3644.983107,-1.438474,60.2389,10.90192,4.061252,-26.0
9.080333,12.414692,49.734396,3639.490788,-1.377325,60.139364,11.065794,4.122299,-26.0
9.103386,12.455272,49.612697,3633.898624,-1.313043,60.038089,11.222224,4.180574,-26.0
9.126476,12.495758,49.497105,3628.210017,-1.245772,59.935144,11.370429,4.235784,-26.0
9.149601,12.536142,49.38787,3622.428813,-1.175671,59.830613,11.509655,4.287649,-26.0
9.172763,12.57642,49.285219,3616.55927,-1.102929,59.724573,11.639178,4.3359,-26.0
9.195962,12.616595,49.189365,3610.606077,-1.027735,59.617118,11.758316,4.380282,-26.0
9.219204,12.656657,49.100491,3604.574317,-0.950291,59.508347,11.866436,4.42056,-26.0
9.242474,12.696618,49.018767,3598.469442,-0.870833,59.398352,11.962961,4.456518,-26.0
9.265789,12.736471,48.94435,3592.29724,-0.789577,59.287258,12.04738,4.487966,-26.0
9.28913,12.776206,48.87736,3586.063802,-0.706776,59.175166,12.119248,4.514739,-26.0
9.312519,12.81583,48.818214,3579.773614,-0.622646,59.062186,12.177667,4.536501,-26.0
9.335944,12.855344,48.76679,3573.435134,-0.537502,58.948456,12.22266,4.553263,-26.0
9.359405,12.894732,48.72304,3567.056052,-0.451618,58.834126,12.25424,4.565027,-26.0
9.382893,12.934011,48.686974,3560.643318,-0.365274,58.719325,12.272308,4.571758,-26.0
9.406424,12.973182,48.658601,3554.204007,-0.278749,58.604186,12.27685,4.57345,-26.0
9.429993,13.012231,48.637902,3547.745227,-0.192318,58.48884,12.267944,4.570132,-26.0
9.453592,13.051166,48.624824,3541.274092,-0.106246,58.373427,12.245748,4.561863,-26.0
9.477223,13.089982,48.619289,3534.797668,-0.020815,58.258066,12.210508,4.548735,-26.0
9.500891,13.128683,48.621212,3528.322939,0.063716,58.142891,12.162545,4.530868,-26.0
9.524594,13.167271,48.630473,3521.856769,0.147077,58.028036,12.102257,4.508409,-26.0
9.548329,13.205737,48.646931,3515.405851,0.229018,57.91362,12.03011,4.481532,-26.0
9.572091,13.244089,48.670425,3508.976672,0.309296,57.79976,11.94663,4.450434,-26.0
9.595883,13.282332,48.700773,3502.57549,0.387674,57.686574,11.852402,4.415332,-26.0
9.619711,13.320452,48.737784,3496.208299,0.463933,57.57417,11.748057,4.37646,-26.0
9.643571,13.358457,48.781238,3489.880801,0.537855,57.462656,11.634265,4.33407,-26.0
9.667452,13.396355,48.830904,3483.598381,0.609246,57.352122,11.511732,4.288423,-26.0
9.691366,13.434142,48.88653,3477.366095,0.677923,57.242666,11.381185,4.239791,-26.0
9.715301,13.471814,48.947854,3471.188652,0.743717,57.134372,11.243369,4.188451,-26.0
9.73927,13.509378,49.01461,3465.070409,0.806477,57.027316,11.099041,4.134685,-26.0
9.763267,13.546834,49.08651,3459.015363,0.866058,56.921566,10.948957,4.078775,-26.0
9.787282,13.584168,49.163439,3453.029993,0.922192,56.817239,10.793701,4.020938,-26.0
9.811325,13.621402,49.244952,3447.116043,0.974865,56.714365,10.634199,3.961519,-26.0
9.835386,13.658536,49.330673,3441.275326,1.024032,56.612974,10.471249,3.900816,-26.0
9.859482,13.695556,49.420279,3435.510331,1.069607,56.5131,10.305553,3.83909,-26.0
9.88359,13.732481,49.513461,3429.823187,1.111545,56.414777,10.137788,3.776593,-26.0
9.907722,13.769302,49.609886,3424.215672,1.149781,56.318033,9.968603,3.713567,-26.0
9.931874,13.806028,49.70924,3418.689256,1.184294,56.222886,9.798614,3.650242,-26.0
9.956051,13.842652,49.811193,3413.245104,1.215062,56.129353,9.628405,3.586834,-26.0
9.980243,13.879185,49.915427,3407.884083,1.242072,56.037434,9.458523,3.523549,-26.0
10.004454,13.915621,50.02162,3402.606774,1.265325,55.947137,9.28948,3.460576,-26.0
10.028683,13.951964,50.129456,3397.4135,1.284844,55.858459,9.121751,3.398092,-26.0
10.052929,13.988221,50.238616,3392.304352,1.300651,55.771388,8.955774,3.336262,-26.0
10.077195,14.024385,50.348786,3387.279181,1.312767,55.685911,8.791951,3.275233,-26.0
10.101473,14.060459,50.459665,3382.337622,1.321243,55.602016,8.630646,3.215143,-26.0
10.125769,14.096455,50.570941,3377.479126,1.326132,55.519685,8.472191,3.156114,-26.0
10.150081,14.132362,50.682326,3372.702967,1.327484,55.438886,8.316883,3.098258,-26.0
10.174404,14.168182,50.793536,3368.008254,1.325365,55.359594,8.164986,3.041672,-26.0
10.198745,14.203929,50.90427,3363.393943,1.319846,55.281783,8.016735,2.986445,-26.0
10.223103,14.239595,51.014264,3358.858867,1.311003,55.205418,7.872333,2.932651,-26.0
10.24747,14.27518,51.123246,3354.401732,1.298912,55.130456,7.73196,2.880358,-26.0
10.271846,14.31069,51.230897,3350.024225,1.283522,55.056928,7.595945,2.829689,-26.0
10.296241,14.346118,51.336969,3345.722681,1.26502,54.984741,7.464311,2.780652,-26.0
10.320645,14.381474,51.441243,3341.494409,1.243544,54.913843,7.337101,2.733263,-26.0
10.345066,14.416757,51.54348,3337.337755,1.219179,54.8442,7.2144,2.687554,-26.0
10.36949,14.451977,51.643458,3333.250999,1.192026,54.775754,7.096274,2.643549,-26.0
10.393928,14.487119,51.740956,3329.232359,1.16218,54.708467,6.982773,2.601266,-26.0
10.418384,14.522199,51.835765,3325.280016,1.129733,54.642293,6.873932,2.560721,-26.0
10.442846,14.557208,51.927683,3321.392112,1.094792,54.577186,6.769777,2.52192,-26.0
10.467313,14.592152,52.016522,3317.566754,1.057451,54.513098,6.670319,2.484869,-26.0
10.491795,14.627032,52.102094,3313.802028,1.017815,54.449989,6.575562,2.44957,-26.0
10.51629,14.66185,52.18422,3310.095986,0.975984,54.38781,6.485498,2.416019,-26.0
10.54079,14.696605,52.262736,3306.44666,0.932051,54.326511,6.400118,2.384212,-26.0
10.565297,14.731295,52.337487,3302.852079,0.886127,54.266048,6.3194,2.354143,-26.0
10.589819,14.765928,52.408326,3299.310253,0.838313,54.206376,6.243323,2.325802,-26.0
10.614347,14.800499,52.475101,3295.819177,0.788698,54.147445,6.171859,2.29918,-26.0
10.63888,14.835008,52.537681,3292.376841,0.73739,54.089207,6.104978,2.274265,-26.0
10.663429,14.869463,52.595953,3288.981224,0.68449,54.031623,6.042648,2.251045,-26.0
10.687987,14.903864,52.649791,3285.630307,0.630099,53.974628,5.984834,2.229508,-26.0
10.712553,14.938201,52.699087,3282.322052,0.574312,53.918197,5.931504,2.209641,-26.0
10.73712,14.972485,52.743747,3279.054427,0.517221,53.862279,5.882623,2.191432,-26.0
10.761705,15.006713,52.783475,3275.826923,0.458893,53.806828,5.838339,2.174935,-26.0
10.786291,15.040886,52.818313,3272.636248,0.399451,53.751807,5.798495,2.160092,-26.0
10.810885,15.075005,52.84825,3269.479818,0.339015,53.697148,5.762998,2.146868,-26.0
10.835496,15.10907,52.873225,3266.355576,0.277687,53.642801,5.73182,2.135254,-26.0
10.86011,15.143081,52.893179,3263.261449,0.215552,53.588737,5.704933,2.125238,-26.0
10.884731,15.177045,52.908052,3260.195363,0.152712,53.534894,5.682313,2.116811,-26.0
10.909361,15.21095,52.917812,3257.155232,0.08926,53.481239,5.663939,2.109966,-26.0
10.934,15.244805,52.922414,3254.138946,0.025297,53.427721,5.649792,2.104696,-26.0
10.958648,15.27861,52.921836,3251.144395,-0.039087,53.374292,5.639855,2.100994,-26.0
10.983305,15.31236,52.916054,3248.169451,-0.103802,53.320909,5.634116,2.098856,-26.0
11.007966,15.346061,52.905057,3245.211966,-0.168749,53.267526,5.632565,2.098279,-26.0
11.032636,15.379713,52.88884,3242.269778,-0.233831,53.214099,5.635196,2.099259,-26.0
11.05732,15.413311,52.867403,3239.340701,-0.298958,53.160583,5.642005,2.101795,-26.0
11.082009,15.446855,52.840757,3236.42253,-0.364035,53.10693,5.652992,2.105888,-26.0
11.106702,15.480347,52.808918,3233.51304,-0.428963,53.053096,5.668159,2.111539,-26.0
11.131405,15.513795,52.77191,3230.609969,-0.493656,52.999028,5.687513,2.118748,-26.0
11.156124,15.547194,52.729765,3227.711048,-0.558007,52.944688,5.711061,2.12752,-26.0
11.180844,15.580533,52.68253,3224.813962,-0.621924,52.89002,5.738813,2.137859,-26.0
11.205582,15.613826,52.630243,3221.91638,-0.68532,52.834987,5.770783,2.149769,-26.0
11.230319,15.647065,52.57297,3219.015938,-0.748085,52.779531,5.806986,2.163255,-26.0
11.255076,15.680257,52.510557,3216.109906,-0.8101,52.723587,5.847618,2.178392,-26.0
11.279832,15.713385,52.443219,3213.195813,-0.871266,52.667123,5.892574,2.195139,-26.0
11.304597,15.746468,52.371117,3210.271282,-0.931509,52.610086,5.941817,2.213483,-26.0
11.329379,15.779497,52.294327,3207.333801,-0.990728,52.55244,5.995365,2.233431,-26.0
11.354172,15.812473,52.212941,3204.380839,-1.048813,52.494114,6.053235,2.254989,-26.0
11.378973,15.845401,52.127074,3201.409834,-1.105675,52.435081,6.115446,2.278165,-26.0
11.403784,15.878272,52.036825,3198.41818,-1.161215,52.375277,6.182013,2.302962,-26.0
11.428603,15.911085,51.942313,3195.403253,-1.215326,52.314651,6.252947,2.329387,-26.0
11.453432,15.943845,51.843669,3192.362388,-1.267909,52.253154,6.32826,2.357443,-26.0
11.478269,15.976545,51.74102,3189.292898,-1.318859,52.190735,6.407957,2.387133,-26.0
11.50312,16.009192,51.634512,3186.192071,-1.368075,52.127344,6.49204,2.418456,-26.0
11.527985,16.041781,51.524296,3183.057161,-1.41546,52.062929,6.580502,2.45141,-26.0
11.552859,16.074309,51.410519,3179.885414,-1.460912,51.997436,6.673333,2.485992,-26.0
11.577745,16.106786,51.293359,3176.674062,-1.504325,51.930811,6.770513,2.522194,-26.0
11.602647,16.1392,51.172983,3173.42031,-1.545597,51.863007,6.872012,2.560005,-26.0
11.627557,16.17155,51.049567,3170.121371,-1.584635,51.793967,6.977793,2.599411,-26.0
11.652478,16.203838,50.9233,3166.774455,-1.621324,51.723639,7.087803,2.640393,-26.0
11.677416,16.236064,50.794377,3163.376769,-1.655571,51.651972,7.201981,2.682927,-26.0
11.702364,16.268235,50.663004,3159.925544,-1.687282,51.578915,7.320248,2.726985,-26.0
11.727329,16.300334,50.529393,3156.418018,-1.716364,51.504418,7.442511,2.772531,-26.0
11.752304,16.332358,50.39367,3152.848826,-1.742593,51.428373,7.568821,2.819585,-26.0
11.777288,16.364317,50.256161,3149.216871,-1.765951,51.350751,7.698922,2.868051,-26.0
11.802298,16.396214,50.117094,3145.5203,-1.786388,51.271546,7.832613,2.917854,-26.0
11.827311,16.42804,49.976732,3141.756538,-1.80382,51.1907,7.969722,2.968931,-26.0
11.852347,16.459786,49.835298,3137.923115,-1.818167,51.108177,8.110054,3.021209,-26.0
11.877388,16.491466,49.693057,3134.017639,-1.829355,51.023929,8.253392,3.074606,-26.0
11.90245,16.523069,49.550247,3130.037831,-1.8373,50.93791,8.399493,3.129032,-26.0
11.927525,16.554597,49.407135,3125.981516,-1.841942,50.850091,8.548091,3.184389,-26.0
11.952616,16.586048,49.263984,3121.846654,-1.843218,50.760441,8.698891,3.240566,-26.0
11.977725,16.617423,49.12106,3117.631363,-1.84108,50.668926,8.851575,3.297445,-26.0
12.002851,16.648716,48.97863,3113.333922,-1.835477,50.575516,9.005797,3.354896,-26.0
12.027992,16.679924,48.836962,3108.952775,-1.826369,50.480185,9.161183,3.412782,-26.0
12.053145,16.711051,48.696327,3104.486566,-1.813733,50.382916,9.317337,3.470953,-26.0
12.078316,16.742093,48.557,3099.93416,-1.797539,50.283694,9.473834,3.529252,-26.0
12.103505,16.773048,48.41926,3095.29464,-1.777782,50.182504,9.630225,3.587512,-26.0
12.12871,16.803918,48.283377,3090.567319,-1.75446,50.079347,9.786038,3.645557,-26.0
12.153927,16.834691,48.149616,3085.751778,-1.72758,49.974214,9.940782,3.703203,-26.0
12.179169,16.865374,48.018254,3080.847874,-1.697168,49.86712,10.093943,3.760259,-26.0
12.204421,16.895966,47.889541,3075.855714,-1.663266,49.758073,10.244992,3.816529,-26.0
12.22969,16.926469,47.763755,3070.775729,-1.625901,49.647084,10.393387,3.87181,-26.0
12.254979,16.956858,47.641293,3065.604887,-1.585004,49.534103,10.538407,3.925834,-26.0
12.280285,16.987157,47.522312,3060.34706,-1.540756,49.41921,10.679554,3.978415,-26.0
12.30561,17.017348,47.407017,3055.004708,-1.49329,49.302478,10.816303,4.029358,-26.0
12.330952,17.04744,47.295648,3049.579541,-1.442701,49.183951,10.948095,4.078453,-26.0
12.356305,17.077425,47.188413,3044.073589,-1.389105,49.063679,11.074376,4.125496,-26.0
12.381681,17.107309,47.08553,3038.489224,-1.332634,48.941712,11.194605,4.170285,-26.0
12.407071,17.137087,46.987192,3032.829093,-1.273432,48.818122,11.308259,4.212624,-26.0
12.432476,17.166758,46.893581,3027.096177,-1.211655,48.692973,11.414834,4.252326,-26.0
12.457877,17.196337,46.805611,3021.291616,-1.128895,48.646816,11.512645,4.288763,-11.422287
12.483239,17.225851,46.724547,3015.416541,-1.030888,48.655907,11.599388,4.321077,0.0
12.508547,17.25532,46.651044,3009.475031,-0.930693,48.664994,11.67376,4.348783,0.0
12.533802,17.28474,46.585231,3003.473233,-0.828633,48.674071,11.735356,4.371729,0.0
12.559005,17.314105,46.527203,2997.417566,-0.725051,48.68314,11.783857,4.389797,0.0
12.584158,17.343421,46.477029,2991.314682,-0.620303,48.6922,11.819032,4.4029,0.0
12.60925,17.372684,46.434746,2985.171412,-0.514747,48.701253,11.84074,4.410987,0.0
12.634286,17.401893,46.400374,2978.994729,-0.40874,48.710304,11.848931,4.414039,0.0
12.659263,17.431049,46.373906,2972.791694,-0.302642,48.719345,11.84365,4.412071,0.0
12.684192,17.460158,46.355303,2966.569406,-0.196832,48.728369,11.825032,4.405136,0.0
12.709059,17.489205,46.344498,2960.334964,-0.091651,48.737394,11.793301,4.393315,0.0
12.733871,17.518197,46.341403,2954.095396,0.012526,48.746409,11.748766,4.376725,0.0
12.758628,17.547143,46.34621,2947.858056,0.115276,48.755405,11.691293,4.355314,0.0
12.78332,17.576025,46.358545,2941.630146,0.216286,48.764401,11.621789,4.329422,0.0
12.807959,17.604853,46.378134,2935.418219,0.315242,48.773389,11.540939,4.299304,0.0
12.832543,17.633626,46.404781,2929.228635,0.411837,48.782367,11.449346,4.265183,0.0
12.857066,17.662354,46.438291,2923.067475,0.505771,48.791337,11.34766,4.227302,0.0
12.881532,17.691022,46.478426,2916.940565,0.596756,48.800305,11.236573,4.185919,0.0
12.905952,17.719633,46.524932,2910.853399,0.684534,48.809259,11.116813,4.141305,0.0
12.930308,17.748197,46.577542,2904.811154,0.768865,48.818208,10.989129,4.09374,0.0
12.954609,17.776705,46.635985,2898.818661,0.849523,48.827151,10.85429,4.043509,0.0
12.978859,17.805159,46.699963,2892.88039,0.926301,48.836091,10.713072,3.990901,0.0
13.003056,17.83356,46.769166,2887.000455,0.999024,48.845025,10.566252,3.936207,0.0
13.027195,17.86191,46.84328,2881.182605,1.067524,48.853955,10.414601,3.879713,0.0
13.051278,17.890213,46.921982,2875.430212,1.131655,48.862881,10.25888,3.821703,0.0
13.075312,17.918459,47.004939,2869.746293,1.191302,48.871802,10.099829,3.762452,0.0
13.099293,17.94666,47.091811,2864.133508,1.246367,48.880722,9.938168,3.702229,0.0
13.123222,17.974815,47.182269,2858.594157,1.296763,48.88964,9.774588,3.641291,0.0
13.147104,18.002915,47.275963,2853.130209,1.342427,48.898552,9.609751,3.579885,0.0
13.170933,18.030963,47.372538,2847.743318,1.383325,48.907472,9.444284,3.518244,0.0
13.194708,18.058974,47.471663,2842.434804,1.419418,48.916383,9.278778,3.456589,0.0
13.218437,18.086932,47.572989,2837.205692,1.450704,48.925303,9.113789,3.395126,0.0
13.24212,18.114852,47.676232,2832.06033,1.476971,48.934223,8.9499,3.334073,0.0
13.265749,18.142717,47.780968,2826.996519,1.498398,48.943144,8.787585,3.273606,0.0
13.28934,18.170545,47.886853,2822.013561,1.515088,48.952073,8.627261,3.213882,0.0
13.312879,18.198329,47.993539,2817.111439,1.527085,48.961002,8.469322,3.155045,0.0
13.336372,18.226069,48.100717,2812.289892,1.534438,48.969932,8.314125,3.09723,0.0
13.35982,18.25377,48.208059,2807.548496,1.537228,48.978876,8.161988,3.040555,0.0
13.38323,18.281429,48.315261,2802.886637,1.535533,48.987825,8.0132,2.985128,0.0
13.406591,18.309049,48.422005,2798.303535,1.529441,48.996774,7.868011,2.931041,0.0
13.42991,18.336633,48.528004,2793.79827,1.51904,49.005734,7.726644,2.878378,0.0
13.453192,18.364176,48.632969,2789.369793,1.504441,49.014707,7.589291,2.827211,0.0
13.476429,18.391683,48.736617,2785.016929,1.485752,49.023688,7.456119,2.777601,0.0
13.499625,18.419154,48.838681,2780.738397,1.46308,49.032675,7.327267,2.7296,0.0
13.522787,18.446588,48.938895,2776.532823,1.436547,49.041673,7.202853,2.683252,0.0
13.545906,18.473989,49.037008,2772.398748,1.406278,49.050688,7.082973,2.638594,0.0
13.568987,18.501353,49.132777,2768.334639,1.372397,49.059708,6.967704,2.595653,0.0
13.592027,18.528692,49.225963,2764.338895,1.335033,49.068745,6.857105,2.554452,0.0
13.615037,18.55599,49.316344,2760.409851,1.294305,49.07779,6.75122,2.515007,0.0
13.638004,18.583259,49.403704,2756.545802,1.250361,49.086846,6.650079,2.477329,0.0
13.660943,18.610493,49.487845,2752.745002,1.203323,49.095919,6.5537,2.441426,0.0
13.683837,18.6377,49.568565,2749.005638,1.153334,49.105011,6.462091,2.407299,0.0
13.706703,18.664879,49.645513,2745.328501,1.100411,49.114121,6.375464,2.375028,0.0
13.729533,18.692021,49.718614,2741.709528,1.044787,49.12324,6.293644,2.344548,0.0
13.752326,18.719136,49.787754,2738.146209,0.986627,49.132369,6.216564,2.315834,0.0
13.775084,18.746224,49.852771,2734.636639,0.926077,49.141522,6.144203,2.288877,0.0
13.797813,18.773285,49.913519,2731.178893,0.863264,49.150695,6.076533,2.263669,0.0
13.820508,18.800319,49.969869,2727.77102,0.798331,49.159879,6.013528,2.240197,0.0
13.843174,18.827326,50.021691,2724.411059,0.731416,49.169078,5.955155,2.218452,0.0
13.865806,18.854306,50.068866,2721.097033,0.662642,49.178296,5.901382,2.19842,0.0
13.888408,18.88126,50.11129,2717.826946,0.592151,49.187537,5.852177,2.18009,0.0
13.910978,18.908186,50.14886,2714.598786,0.52008,49.196795,5.807507,2.163449,0.0
13.933512,18.935089,50.181485,2711.410536,0.446562,49.206066,5.767339,2.148486,0.0
13.956019,18.961967,50.209086,2708.26016,0.371728,49.21536,5.731642,2.135188,0.0
13.9785,18.988819,50.231593,2705.145602,0.29571,49.224673,5.700387,2.123544,0.0
14.000948,19.015653,50.248939,2702.06479,0.21864,49.234002,5.673544,2.113544,0.0
14.023366,19.042456,50.26107,2699.015641,0.140652,49.243352,5.651088,2.105179,0.0
14.045753,19.069239,50.267946,2695.996055,0.06188,49.252715,5.632995,2.098439,0.0
14.068119,19.095997,50.269532,2693.003903,-0.017557,49.262104,5.619244,2.093316,0.0
14.090449,19.122735,50.265789,2690.037041,-0.097517,49.271512,5.609818,2.089805,0.0
14.112753,19.149447,50.256717,2687.093299,-0.177865,49.280946,5.604699,2.087898,0.0
14.13503,19.176131,50.242281,2684.170485,-0.258491,49.290389,5.603876,2.087591,0.0
14.157269,19.202797,50.222256,2681.267131,-0.339239,49.299851,5.607534,2.088954,0.0
14.179489,19.229445,50.196822,2678.380174,-0.419978,49.30934,5.615512,2.091926,0.0
14.201675,19.256066,50.166068,2675.507142,-0.500579,49.318847,5.627764,2.09649,0.0
14.223833,19.28266,50.130004,2672.64574,-0.580906,49.328373,5.644288,2.102646,0.0
14.245963,19.309235,50.088675,2669.793628,-0.660825,49.337916,5.665086,2.110394,0.0
14.268067,19.335791,50.042119,2666.948439,-0.740205,49.347485,5.69016,2.119734,0.0
14.290144,19.362323,49.99039,2664.107769,-0.818925,49.357067,5.719515,2.13067,0.0
14.312193,19.388834,49.93354,2661.26918,-0.896843,49.366671,5.753157,2.143202,0.0
14.33421,19.415322,49.871643,2658.430206,-0.973823,49.37629,5.791093,2.157335,0.0
14.356202,19.441788,49.804775,2655.588339,-1.049741,49.385928,5.833331,2.173069,0.0
14.378166,19.468235,49.733016,2652.741033,-1.124461,49.395589,5.879879,2.19041,0.0
14.400102,19.494657,49.656468,2649.885713,-1.197841,49.405268,5.930745,2.209358,0.0
14.422013,19.521053,49.575235,2647.019769,-1.269755,49.414965,5.985934,2.229918,0.0
14.443891,19.547434,49.48942,2644.140547,-1.340065,49.424677,6.045451,2.25209,0.0
14.46574,19.573788,49.399143,2641.245359,-1.408632,49.434403,6.109299,2.275874,0.0
14.487557,19.600117,49.304536,2638.331497,-1.475332,49.444152,6.177476,2.301272,0.0
14.509352,19.626427,49.205734,2635.396206,-1.540013,49.453913,6.249977,2.328281,0.0
14.531114,19.65271,49.102885,2632.436725,-1.602551,49.463699,6.326792,2.356896,0.0
14.552856,19.678975,48.99615,2629.45024,-1.662802,49.473494,6.407904,2.387113,0.0
14.574553,19.705204,48.885682,2626.43393,-1.720632,49.483308,6.493291,2.418922,0.0
14.596232,19.731423,48.771495,2623.383311,-1.775787,49.49313,6.583115,2.452384,0.0
14.617874,19.757606,48.65392,2620.296519,-1.828208,49.50298,6.677175,2.487424,0.0
14.639488,19.78377,48.533176,2617.171015,-1.877792,49.512832,6.775378,2.524007,0.0
14.661076,19.809908,48.40946,2614.003928,-1.924403,49.522707,6.877659,2.562109,0.0
14.682629,19.836019,48.282981,2610.792408,-1.967911,49.532587,6.983938,2.601701,0.0
14.704153,19.862103,48.153953,2607.533614,-2.008198,49.542488,7.094122,2.642747,0.0
14.725644,19.888167,48.022594,2604.224722,-2.045131,49.552396,7.208102,2.685208,0.0
14.747099,19.914201,47.889137,2600.862945,-2.07858,49.562316,7.325751,2.729035,0.0
14.768523,19.940204,47.75381,2597.445547,-2.108439,49.572249,7.446924,2.774175,0.0
14.78992,19.96618,47.616863,2593.969838,-2.13459,49.582186,7.571455,2.820566,0.0
14.811286,19.992129,47.478546,2590.433191,-2.15692,49.592132,7.699159,2.868139,0.0
14.832611,20.018051,47.339105,2586.833062,-2.175328,49.602092,7.829827,2.916817,0.0
14.853903,20.043942,47.198806,2583.167001,-2.189716,49.612061,7.963228,2.966512,0.0
14.875167,20.069801,47.057919,2579.432656,-2.199999,49.622035,8.099107,3.01713,0.0
14.896388,20.09563,46.916712,2575.627801,-2.206087,49.632015,8.237183,3.068568,0.0
14.917576,20.121425,46.775462,2571.750339,-2.207907,49.642007,8.377152,3.12071,0.0
14.938734,20.147192,46.634435,2567.798326,-2.205391,49.651993,8.518683,3.173434,0.0
14.959847,20.172923,46.493914,2563.769996,-2.198495,49.661988,8.66142,3.226607,0.0
14.980925,20.198627,46.354194,2559.663735,-2.187169,49.671991,8.804981,3.280087,0.0
15.001966,20.224285,46.215557,2555.478159,-2.171388,49.681994,8.948962,3.333724,0.0
15.02297,20.249916,46.078352,2551.208256,-2.150906,49.691997,9.092909,3.387348,0.0
15.043929,20.27551,45.942836,2546.856104,-2.125903,49.702001,9.236339,3.440779,0.0
15.064851,20.301059,45.809277,2542.421729,-2.096427,49.712004,9.378775,3.49384,0.0
15.085737,20.32658,45.677955,2537.904728,-2.062503,49.722007,9.519724,3.546348,0.0
15.10658,20.352058,45.549144,2533.304974,-2.02417,49.73201,9.658676,3.598111,0.0
15.127377,20.377499,45.423115,2528.622607,-1.981493,49.742013,9.795111,3.648937,0.0
15.148137,20.402897,45.300127,2523.85807,-1.934541,49.75201,9.928497,3.698626,0.0
15.168854,20.428256,45.180442,2519.012108,-1.88341,49.761998,10.058298,3.746981,0.0
15.189526,20.453573,45.064305,2514.085765,-1.828207,49.771982,10.183977,3.793799,0.0
15.210153,20.478846,44.951961,2509.080394,-1.769053,49.781966,10.304998,3.838883,0.0
15.230735,20.504078,44.843636,2503.997667,-1.706098,49.791946,10.420835,3.882035,0.0
15.251272,20.529266,44.739545,2498.839566,-1.639504,49.801913,10.530971,3.923064,0.0
15.271768,20.554407,44.639895,2493.608376,-1.569446,49.811868,10.634908,3.961783,0.0
15.292218,20.579506,44.544884,2488.306685,-1.496123,49.821821,10.732168,3.998015,0.0
15.312613,20.604556,44.454692,2482.937374,-1.419745,49.831765,10.822301,4.031592,0.0
15.332968,20.629563,44.369479,2477.503604,-1.340534,49.841699,10.904886,4.062357,0.0
15.353271,20.654513,44.289391,2472.008804,-1.258725,49.851623,10.979539,4.090167,0.0
15.373529,20.679424,44.214557,2466.456665,-1.174583,49.861531,11.045913,4.114893,0.0
15.393741,20.704282,44.145093,2460.851096,-1.088372,49.871429,11.103708,4.136423,0.0
15.413899,20.729095,44.081101,2455.196222,-1.000363,49.881318,11.152665,4.154661,0.0
15.434,20.753852,44.022915,2449.494468,-0.91079,49.891188,11.192145,4.169368,0.0
15.454056,20.778554,43.970382,2443.752378,-0.820019,49.901049,11.222339,4.180616,0.0
15.474059,20.80321,43.923499,2437.974975,-0.728369,49.910901,11.24323,4.188399,0.0
15.494015,20.827813,43.882284,2432.167006,-0.636145,49.920737,11.254781,4.192702,0.0
15.513919,20.852363,43.846731,2426.333296,-0.543654,49.930561,11.257006,4.193531,0.0
15.533769,20.876858,43.816817,2420.478726,-0.451209,49.94037,11.249977,4.190912,0.0
15.553565,20.9013,43.792511,2414.608187,-0.359105,49.95016,11.233814,4.184891,0.0
15.573314,20.925693,43.773754,2408.726582,-0.267654,49.959939,11.20869,4.175532,0.0
15.593011,20.950031,43.760472,2402.838777,-0.177157,49.969703,11.174826,4.162917,0.0
15.612655,20.974315,43.752575,2396.949574,-0.087909,49.979454,11.132489,4.147145,0.0
15.632244,20.99855,43.74995,2391.063696,-0.000193,49.989192,11.081986,4.128331,0.0
15.651784,21.022727,43.752474,2385.185761,0.085714,49.998916,11.023666,4.106605,0.0
15.671275,21.046848,43.76001,2379.320266,0.169544,50.008627,10.957908,4.082109,0.0
15.690712,21.070921,43.772402,2373.471564,0.25104,50.018323,10.885126,4.054996,0.0
15.710095,21.09494,43.789482,2367.64383,0.329956,50.028008,10.805756,4.025428,0.0
15.729426,21.118905,43.81107,2361.841068,0.406067,50.037676,10.720258,3.993578,0.0
15.748711,21.142816,43.836977,2356.067099,0.479158,50.047336,10.629107,3.959622,0.0
15.767941,21.166673,43.866996,2350.325517,0.549015,50.056986,10.532793,3.923743,0.0
15.787119,21.190476,43.900916,2344.619724,0.615477,50.066618,10.431813,3.886125,0.0
15.806251,21.214225,43.938524,2338.952905,0.678355,50.076241,10.326666,3.846955,0.0
15.825326,21.237927,43.979724,2333.330132,0.73731,50.085855,10.217707,3.806365,0.0
15.844356,21.261574,44.024154,2327.752616,0.792366,50.095459,10.10561,3.764606,0.0
15.863333,21.285168,44.071521,2322.222476,0.843415,50.105055,9.990895,3.721871,0.0
15.882264,21.308707,44.121595,2316.741925,0.890369,50.114642,9.874039,3.678339,0.0
15.901142,21.3322,44.174117,2311.31296,0.933144,50.124219,9.755509,3.634184,0.0
15.919973,21.355648,44.228843,2305.937349,0.971661,50.133788,9.635755,3.589572,0.0
15.938759,21.379045,44.285517,2300.616645,1.005877,50.143348,9.515212,3.544667,0.0
15.957494,21.402387,44.343887,2295.352196,1.035746,50.152905,9.394295,3.499622,0.0
15.976186,21.425687,44.403695,2290.145128,1.061239,50.162456,9.273399,3.454585,0.0
15.994833,21.44894,44.464688,2284.996376,1.08235,50.171998,9.152898,3.409695,0.0
16.013429,21.472144,44.52662,2279.906688,1.099087,50.181536,9.033146,3.365084,0.0
16.031981,21.495299,44.589235,2274.87663,1.111459,50.191073,8.914473,3.320876,0.0
16.050491,21.518408,44.652285,2269.906594,1.119488,50.200611,8.797191,3.277185,0.0
16.068959,21.541477,44.715534,2264.996805,1.123218,50.210146,8.681585,3.234119,0.0
16.087379,21.564501,44.778741,2260.147329,1.122691,50.219674,8.567923,3.191777,0.0
16.10576,21.58748,44.841674,2255.358094,1.117969,50.229202,8.456449,3.15025,0.0
16.124096,21.610414,44.904096,2250.628878,1.10912,50.238731,8.347388,3.109622,0.0
16.142388,21.633304,44.965783,2245.959335,1.096214,50.248259,8.240944,3.069968,0.0
16.160644,21.656158,45.026527,2241.349006,1.079336,50.257787,8.137302,3.031359,0.0
16.178855,21.678966,45.086099,2236.797313,1.05857,50.267315,8.036631,2.993856,0.0
16.197018,21.701737,45.144228,2232.306304,1.033852,50.276853,7.939238,2.957575,0.0
16.215155,21.724463,45.200753,2227.872773,1.005435,50.286391,7.845136,2.92252,0.0
16.233247,21.747143,45.255496,2223.4954,0.973458,50.295929,7.754419,2.888725,0.0
16.251294,21.769795,45.308279,2219.173204,0.938031,50.305475,7.667189,2.856229,0.0
16.269304,21.792405,45.358908,2214.905131,0.899279,50.315022,7.583535,2.825066,0.0
16.287285,21.814976,45.40723,2210.690054,0.857324,50.324576,7.503535,2.795264,0.0
16.305225,21.837512,45.453074,2206.526776,0.81229,50.334133,7.427256,2.766848,0.0
16.323121,21.860006,45.496281,2202.414038,0.764299,50.343696,7.354755,2.73984,0.0
16.340983,21.882465,45.536713,2198.350527,0.713492,50.353268,7.286079,2.714256,0.0
16.358813,21.904893,45.574233,2194.334869,0.660003,50.362843,7.221269,2.690113,0.0
16.376606,21.927285,45.608706,2190.365637,0.603963,50.372428,7.160357,2.667421,0.0
16.394364,21.94964,45.640012,2186.441362,0.545514,50.382023,7.103368,2.646192,0.0
16.412086,21.97196,45.668038,2182.560532,0.484794,50.391621,7.050323,2.626431,0.0
16.429772,21.994244,45.69267,2178.721589,0.421945,50.401229,7.001238,2.608145,0.0
16.447424,22.016494,45.713809,2174.92293,0.357108,50.410845,6.956121,2.591338,0.0
16.465045,22.038715,45.731368,2171.162915,0.290435,50.42047,6.914981,2.576012,0.0
16.482625,22.0609,45.745274,2167.439865,0.222067,50.430104,6.877821,2.562169,0.0
16.500177,22.083051,45.755436,2163.752081,0.152144,50.439749,6.84464,2.549809,0.0
16.517701,22.105173,45.761789,2160.097811,0.080817,50.44941,6.815438,2.53893,0.0
16.535181,22.12726,45.76429,2156.475269,0.008232,50.459071,6.79021,2.529532,0.0
16.552632,22.149319,45.762684,2152.884019,-0.065505,50.468742,6.769143,2.521684,0.0
16.570056,22.171341,45.757093,2149.320827,-0.140194,50.478431,6.752062,2.515321,0.0
16.587436,22.193335,45.747507,2145.783616,-0.215682,50.488129,6.738932,2.51043,0.0
16.604794,22.215295,45.733901,2142.270473,-0.291816,50.497837,6.729743,2.507006,0.0
16.622113,22.237226,45.716272,2138.779465,-0.368453,50.507553,6.724483,2.505047,0.0
16.6394,22.259131,45.694593,2135.30861,-0.445439,50.517278,6.72314,2.504547,0.0
16.65666,22.281001,45.668868,2131.855915,-0.522622,50.527013,6.725702,2.505501,0.0
16.673888,22.302842,45.639108,2128.419356,-0.599855,50.536762,6.732155,2.507905,0.0
16.691085,22.32465,45.605327,2124.996875,-0.676988,50.546524,6.742483,2.511752,0.0
16.70825,22.346428,45.567543,2121.586394,-0.753873,50.556295,6.756671,2.517038,0.0
16.725383,22.368178,45.525785,2118.185797,-0.830361,50.566074,6.774701,2.523754,0.0
16.742485,22.389897,45.480098,2114.792952,-0.906303,50.575867,6.796554,2.531895,0.0
16.759555,22.411584,45.430522,2111.405704,-0.981551,50.585671,6.82221,2.541453,0.0
16.776598,22.433244,45.377107,2108.021859,-1.055955,50.595481,6.851645,2.552418,0.0
16.793609,22.454874,45.319911,2104.639211,-1.129368,50.605306,6.884835,2.564782,0.0
16.810581,22.47647,45.259004,2101.255542,-1.201639,50.615138,6.921752,2.578535,0.0
16.827532,22.498039,45.194474,2097.868595,-1.272624,50.624974,6.962363,2.593664,0.0
16.844447,22.519581,45.12639,2094.476102,-1.342177,50.634826,7.006636,2.610156,0.0
16.861336,22.541086,45.054839,2091.075791,-1.410147,50.644687,7.054532,2.627999,0.0
16.878188,22.562565,44.979933,2087.665368,-1.476405,50.654558,7.106006,2.647174,0.0
16.895003,22.584016,44.901607,2084.241769,-1.540681,50.664437,7.161183,2.667729,0.0
16.911799,22.60543,44.820121,2080.803085,-1.602928,50.674326,7.219851,2.689585,0.0
16.928552,22.626808,44.735623,2077.347081,-1.663013,50.684224,7.281928,2.71271,0.0
16.945276,22.648167,44.64824,2073.871437,-1.720793,50.694123,7.347345,2.737079,0.0
16.961973,22.669484,44.558099,2070.373848,-1.776138,50.704037,7.416026,2.762665,0.0
16.978636,22.690778,44.465336,2066.852011,-1.828906,50.713954,7.487887,2.789435,0.0
16.995263,22.712041,44.370098,2063.303641,-1.878972,50.723879,7.562835,2.817355,0.0
17.011859,22.733268,44.272545,2059.726474,-1.926218,50.733806,7.640767,2.846387,0.0
17.028424,22.754458,44.172823,2056.118276,-1.970508,50.743739,7.721571,2.876489,0.0
17.044957,22.775618,44.071097,2052.476849,-2.011727,50.753681,7.805124,2.907614,0.0
17.061459,22.796751,43.96754,2048.800022,-2.049763,50.763627,7.891291,2.939713,0.0
17.077925,22.817849,43.862323,2045.085678,-2.084503,50.773573,7.979925,2.972732,0.0
17.094358,22.838908,43.755623,2041.331759,-2.115843,50.783523,8.070869,3.006611,0.0
17.110759,22.859938,43.647622,2037.536266,-2.143685,50.793476,8.163952,3.041287,0.0
17.127119,22.880932,43.538508,2033.69727,-2.167937,50.803427,8.258989,3.076691,0.0
17.143451,22.90189,43.428467,2029.812912,-2.188515,50.81339,8.355783,3.112749,0.0
17.159746,22.922813,43.317689,2025.881441,-2.205337,50.823346,8.454123,3.149383,0.0
17.176005,22.943707,43.206378,2021.901187,-2.218336,50.833302,8.553787,3.186511,0.0
17.192229,22.964557,43.094728,2017.870586,-2.227461,50.843257,8.654536,3.224042,0.0
17.208426,22.985371,42.982935,2013.788194,-2.232635,50.853213,8.756121,3.261885,0.0
17.224576,23.006147,42.871218,2009.649958,-2.233642,50.863169,8.858291,3.299947,0.0
17.240689,23.026886,42.75979,2005.457004,-2.230613,50.873115,8.960728,3.338107,0.0
17.256766,23.047582,42.648847,2001.208597,-2.223553,50.88307,9.063141,3.376258,0.0
17.272808,23.068248,42.538601,1996.903867,-2.212453,50.89301,9.165229,3.414289,0.0
17.288813,23.088865,42.429247,1992.5421,-2.197319,50.902947,9.266685,3.452084,0.0
17.304776,23.109448,42.320976,1988.122762,-2.178168,50.912883,9.367193,3.489526,0.0
17.320699,23.129992,42.213987,1983.645474,-2.15503,50.922814,9.466429,3.526494,0.0
17.336587,23.150491,42.108479,1979.110043,-2.127944,50.932735,9.564065,3.562866,0.0
17.352439,23.170945,42.00464,1974.516466,-2.096969,50.942647,9.659771,3.598519,0.0
17.36825,23.191358,41.902653,1969.864931,-2.062174,50.95255,9.753213,3.633329,0.0
17.384016,23.211732,41.802692,1965.155816,-2.023645,50.962444,9.84406,3.667171,0.0
17.399741,23.23206,41.70493,1960.389684,-1.981479,50.97233,9.931982,3.699925,0.0
17.41543,23.252347,41.60954,1955.567307,-1.935782,50.982206,10.016654,3.731467,0.0
17.431077,23.272591,41.51668,1950.689658,-1.886677,50.99207,10.09776,3.761681,0.0
17.446677,23.292785,41.4265,1945.757889,-1.834309,51.001919,10.174992,3.790452,0.0
17.462244,23.312933,41.339144,1940.773353,-1.778833,51.011758,10.248054,3.81767,0.0
17.477761,23.333036,41.254752,1935.737602,-1.720396,51.021589,10.316665,3.843229,0.0
17.493239,23.353093,41.173436,1930.652355,-1.659191,51.031409,10.38056,3.867032,0.0
17.508664,23.373097,41.09533,1925.519525,-1.595407,51.041202,10.439493,3.888986,0.0
17.524054,23.393056,41.020527,1920.341188,-1.52923,51.050987,10.493239,3.909008,0.0
17.539396,23.412967,40.949298,1915.117537,-1.460775,51.060762,10.541312,3.926916,0.0
17.554693,23.432825,40.881569,1909.853084,-1.390384,51.070519,10.583773,3.942734,0.0
17.569953,23.452636,40.8174,1904.550606,-1.31829,51.080259,10.620501,3.956416,0.0
17.585162,23.472395,40.756851,1899.212782,-1.244728,51.08998,10.651377,3.967918,0.0
17.600324,23.492107,40.69996,1893.842411,-1.169946,51.099683,10.67631,3.977206,0.0
17.61544,23.511768,40.646759,1888.442377,-1.094196,51.109375,10.695238,3.984258,0.0
17.630512,23.531374,40.59727,1883.015657,-1.01772,51.119045,10.708131,3.98906,0.0
17.645533,23.550932,40.551498,1877.565299,-0.940781,51.1287,10.714984,3.991613,0.0
17.660511,23.570434,40.509442,1872.094399,-0.863628,51.138341,10.715826,3.991927,0.0
17.675448,23.589884,40.471088,1866.606093,-0.786524,51.147964,10.710714,3.990023,0.0
17.690335,23.609283,40.436406,1861.103548,-0.709723,51.157564,10.699731,3.985931,0.0
17.705173,23.628633,40.405354,1855.589935,-0.633474,51.167145,10.682992,3.979695,0.0
17.719965,23.647931,40.377876,1850.068415,-0.558039,51.176714,10.660633,3.971366,0.0
17.734713,23.667172,40.353914,1844.542135,-0.483658,51.186265,10.63282,3.961005,0.0
17.749412,23.686362,40.333398,1839.014206,-0.410569,51.195797,10.599738,3.948681,0.0
17.76406,23.705494,40.316234,1833.487702,-0.339015,51.205312,10.561595,3.934472,0.0
17.778665,23.724579,40.302331,1827.965621,-0.269213,51.214809,10.518619,3.918462,0.0
17.793231,23.743611,40.291598,1822.450902,-0.20139,51.224287,10.471055,3.900744,0.0
17.807744,23.762588,40.283908,1816.946401,-0.135756,51.233748,10.419163,3.881412,0.0
17.822202,23.781511,40.279142,1811.454872,-0.072499,51.243191,10.363216,3.86057,0.0
17.836623,23.800378,40.277309,1805.979934,-0.011958,51.252624,10.303322,3.838258,0.0
17.850989,23.81919,40.278142,1800.523557,0.045791,51.26203,10.239968,3.814657,0.0
17.865319,23.837948,40.281477,1795.088072,0.100613,51.271426,10.173472,3.789886,0.0
17.879596,23.856661,40.287167,1789.675788,0.152341,51.280805,10.104137,3.764057,0.0
17.893827,23.87532,40.295062,1784.288882,0.20085,51.290174,10.03227,3.737285,0.0
17.908013,23.893926,40.304994,1778.929384,0.245998,51.299527,9.958178,3.709683,0.0
17.922154,23.912478,40.316813,1773.59921,0.287683,51.308861,9.882164,3.681366,0.0
17.93625,23.930976,40.330344,1768.300137,0.325803,51.318184,9.80453,3.652445,0.0
17.950301,23.949425,40.345422,1763.033799,0.360267,51.327492,9.725573,3.623032,0.0
17.964307,23.967824,40.361884,1757.801707,0.391002,51.336788,9.645584,3.593234,0.0
17.978268,23.986174,40.379551,1752.605237,0.417943,51.346074,9.564847,3.563157,0.0
17.992183,24.004475,40.398249,1747.445624,0.441039,51.355351,9.483636,3.532904,0.0
18.006058,24.022722,40.417812,1742.323972,0.460258,51.364616,9.402218,3.502573,0.0
18.01989,24.040918,40.438066,1737.241256,0.475577,51.373865,9.320849,3.472261,0.0
18.033674,24.059068,40.458838,1732.198326,0.486973,51.383106,9.239774,3.442059,0.0
18.047421,24.077172,40.479957,1727.195902,0.494446,51.392338,9.15923,3.412054,0.0
18.06113,24.095224,40.50126,1722.234594,0.498008,51.401561,9.079439,3.38233,0.0
18.074786,24.113229,40.522569,1717.314876,0.497677,51.410775,9.000613,3.352965,0.0
18.088407,24.131181,40.543717,1712.43713,0.493478,51.419989,8.922953,3.324035,0.0
18.101991,24.149098,40.564567,1707.601609,0.485465,51.429185,8.846648,3.295609,0.0
18.115519,24.166957,40.584897,1702.810654,0.473476,51.438381,8.771962,3.267787,0.0
18.129019,24.184772,40.604584,1698.062283,0.457765,51.447567,8.698997,3.240605,0.0
18.142476,24.202541,40.62348,1693.356276,0.438405,51.456754,8.627899,3.214119,0.0
18.155887,24.220265,40.64143,1688.692452,0.415481,51.465932,8.558809,3.188382,0.0
18.169261,24.237945,40.658296,1684.070573,0.38907,51.475101,8.491858,3.16344,0.0
18.182599,24.255579,40.673943,1679.4903,0.359256,51.484268,8.427165,3.139341,0.0
18.195895,24.273168,40.688234,1674.951211,0.326143,51.493436,8.364842,3.116124,0.0
18.209151,24.290713,40.701046,1670.45281,0.289835,51.502597,8.304989,3.093827,0.0
18.222372,24.308218,40.712259,1665.994517,0.250435,51.511755,8.247698,3.072484,0.0
18.235557,24.325677,40.721755,1661.57569,0.20805,51.520912,8.193052,3.052127,0.0
18.248705,24.343091,40.72942,1657.195613,0.162803,51.53007,8.141126,3.032784,0.0
18.261818,24.360468,40.73515,1652.853499,0.114823,51.539228,8.091988,3.014478,0.0
18.274891,24.377803,40.738852,1648.548506,0.064229,51.548386,8.045697,2.997234,0.0
18.287925,24.395093,40.74043,1644.279726,0.011148,51.55754,8.002307,2.98107,0.0
18.300927,24.412349,40.739789,1640.046202,-0.044277,51.566691,7.961863,2.966004,0.0
18.313888,24.429554,40.736853,1635.846911,-0.101911,51.575849,7.924408,2.95205,0.0
18.326819,24.446723,40.731549,1631.680778,-0.161614,51.585007,7.889974,2.939223,0.0
18.339707,24.463856,40.723814,1627.546678,-0.223236,51.594164,7.858591,2.927532,0.0
18.352567,24.480944,40.713575,1623.443451,-0.286648,51.603322,7.830285,2.916987,0.0
18.365392,24.497996,40.700779,1619.369863,-0.351688,51.61248,7.805072,2.907595,0.0
18.378179,24.51501,40.685237,1615.326073,-0.418282,51.621638,7.783132,2.899421,0.0
18.390929,24.531979,40.667032,1611.309294,-0.486193,51.630805,7.764323,2.892415,0.0
18.403644,24.548911,40.646137,1607.318093,-0.555257,51.639972,7.74864,2.886572,0.0
18.41633,24.5658,40.622528,1603.351064,-0.625327,51.649139,7.736084,2.881895,0.0
18.428982,24.582658,40.59617,1599.40678,-0.696252,51.658306,7.726653,2.878382,0.0
18.441598,24.599476,40.567059,1595.483786,-0.767863,51.667481,7.720342,2.876031,0.0
18.454178,24.616254,40.535174,1591.580574,-0.840006,51.676657,7.717141,2.874838,0.0
18.466729,24.632997,40.500514,1587.695617,-0.912525,51.685834,7.717037,2.874799,0.0
18.479246,24.649699,40.463083,1583.827362,-0.985258,51.695016,7.720013,2.875908,0.0
18.491728,24.66636,40.422889,1579.974216,-1.058055,51.704203,7.72605,2.878157,0.0
18.504178,24.68299,40.379947,1576.134569,-1.130752,51.713389,7.735123,2.881537,0.0
18.516597,24.699585,40.334275,1572.306781,-1.203187,51.722579,7.747205,2.886038,0.0
18.52898,24.716139,40.285902,1568.48919,-1.275212,51.731775,7.762266,2.891648,0.0
18.54133,24.732656,40.234853,1564.680124,-1.346667,51.740971,7.78027,2.898355,0.0
18.553651,24.749135,40.181174,1560.877876,-1.417395,51.750167,7.801179,2.906144,0.0
18.565935,24.765573,40.124911,1557.080732,-1.487246,51.759364,7.82495,2.915,0.0
18.578185,24.781983,40.066104,1553.286966,-1.556054,51.76857,7.851537,2.924904,0.0
18.590407,24.798355,40.004819,1549.494836,-1.623675,51.777775,7.880887,2.935838,0.0
18.602594,24.814683,39.941109,1545.702614,-1.689972,51.78698,7.912945,2.94778,0.0
18.614754,24.830975,39.875041,1541.908524,-1.754775,51.796185,7.94765,2.960709,0.0
18.626875,24.847229,39.806576,1538.11055,-1.817862,51.8054,7.985068,2.974648,0.0
18.638961,24.863447,39.735909,1534.306989,-1.879154,51.814615,8.024995,2.989522,0.0
18.651019,24.879629,39.663131,1530.496126,-1.938519,51.823821,8.067346,3.005299,0.0
18.663042,24.895775,39.58832,1526.676213,-1.995828,51.833035,8.112037,3.021947,0.0
18.675037,24.911877,39.511566,1522.845543,-2.050939,51.842249,8.158981,3.039435,0.0
18.686997,24.927949,39.432978,1519.00241,-2.103729,51.851464,8.208083,3.057727,0.0
18.698922,24.94398,39.352653,1515.145124,-2.154079,51.860679,8.25924,3.076784,0.0
18.71081,24.959973,39.27069,1511.272028,-2.20187,51.869894,8.312346,3.096568,0.0
18.722669,24.975929,39.187198,1507.381505,-2.246988,51.879103,8.367288,3.117035,0.0
18.734495,24.991845,39.10229,1503.471962,-2.289323,51.888308,8.423944,3.138141,0.0
18.746289,25.00772,39.016083,1499.541847,-2.328773,51.897518,8.482187,3.159838,0.0
18.758053,25.023559,38.928689,1495.589658,-2.365241,51.906725,8.541885,3.182077,0.0
18.76978,25.039362,38.840233,1491.613937,-2.398639,51.915924,8.602897,3.204806,0.0
18.781472,25.055126,38.750838,1487.613281,-2.42889,51.925126,8.665076,3.227969,0.0
18.793128,25.070847,38.660626,1483.586353,-2.455913,51.934319,8.72827,3.25151,0.0
18.804749,25.086531,38.569725,1479.53188,-2.479651,51.943506,8.792318,3.27537,0.0
18.816342,25.102171,38.478261,1475.44865,-2.500034,51.952692,8.857056,3.299486,0.0
18.8279,25.117774,38.386362,1471.335541,-2.51702,51.961876,8.922313,3.323797,0.0
18.839421,25.133332,38.294158,1467.191504,-2.530573,51.971043,8.987914,3.348234,0.0
18.850906,25.148855,38.201792,1463.01557,-2.540644,51.980211,9.053676,3.372732,0.0
18.862353,25.16433,38.109388,1458.805078,-2.547047,51.989368,9.119402,3.397217,0.0
18.873764,25.179769,38.017083,1454.560876,-2.549932,51.998526,9.184893,3.421614,0.0
18.885148,25.195164,37.925013,1450.282385,-2.549315,52.007667,9.249957,3.445852,0.0
18.896488,25.210513,37.833299,1445.96905,-2.545198,52.016798,9.314398,3.469858,0.0
18.907792,25.225818,37.742066,1441.620407,-2.537617,52.025927,9.37802,3.493559,0.0
18.919066,25.241084,37.65145,1437.236124,-2.526602,52.035042,9.440627,3.516882,0.0
18.9303,25.256308,37.56156,1432.815969,-2.512197,52.044146,9.502023,3.539754,0.0
18.941495,25.271487,37.472516,1428.359831,-2.494453,52.053235,9.562012,3.562101,0.0
18.95266,25.286621,37.384435,1423.867702,-2.473433,52.062316,9.620401,3.583852,0.0
18.963787,25.30171,37.297432,1419.339704,-2.449218,52.071388,9.677001,3.604937,0.0
18.97487,25.316759,37.211613,1414.776081,-2.421904,52.080442,9.731627,3.625287,0.0
18.985915,25.331763,37.127075,1410.177185,-2.391583,52.089482,9.7841,3.644835,0.0
18.996927,25.346717,37.04392,1405.543485,-2.358367,52.098512,9.834245,3.663515,0.0
19.0079,25.361626,36.962244,1400.87558,-2.322382,52.107528,9.881899,3.681267,0.0
19.018838,25.376488,36.882133,1396.17417,-2.283749,52.116524,9.926902,3.698032,0.0
19.029728,25.391299,36.803668,1391.440073,-2.242612,52.125515,9.969109,3.713755,0.0
19.040588,25.406072,36.726925,1386.674219,-2.199121,52.134479,10.008382,3.728386,0.0
19.051404,25.420791,36.651973,1381.87764,-2.153445,52.143427,10.044595,3.741876,0.0
19.062184,25.435466,36.578878,1377.051465,-2.105745,52.152365,10.077634,3.754184,0.0
19.072929,25.450095,36.5077,1372.196936,-2.056201,52.161286,10.107401,3.765273,0.0
19.083625,25.464668,36.438579,1367.314013,-2.004902,52.170187,10.133621,3.775041,0.0
19.094286,25.479196,36.371479,1362.405593,-1.952152,52.17907,10.156396,3.783525,0.0
19.104902,25.493678,36.306411,1357.473247,-1.89814,52.187935,10.175676,3.790707,0.0
19.115481,25.508108,36.243417,1352.518536,-1.843077,52.196782,10.191422,3.796573,0.0
19.126017,25.522483,36.182517,1347.543115,-1.787154,52.205612,10.203607,3.801112,0.0
19.136515,25.536812,36.123715,1342.548676,-1.730593,52.214423,10.212222,3.804321,0.0
19.14697,25.551089,36.067008,1337.536985,-1.673596,52.223216,10.217274,3.806203,0.0
19.157386,25.565318,36.012411,1332.509834,-1.616372,52.231985,10.218783,3.806766,0.0
19.167761,25.579496,35.959907,1327.469048,-1.559133,52.240739,10.216785,3.806021,0.0
19.178095,25.593626,35.909477,1322.416486,-1.502095,52.249473,10.21133,3.803989,0.0
19.188389,25.607706,35.861098,1317.354038,-1.445473,52.258189,10.202483,3.800693,0.0
19.198639,25.621732,35.814741,1312.283594,-1.389468,52.266888,10.190321,3.796163,0.0
19.208846,25.635704,35.770374,1307.207043,-1.334286,52.275564,10.174935,3.790431,0.0
19.219018,25.649625,35.727947,1302.126289,-1.28013,52.284222,10.156428,3.783537,0.0
19.229149,25.663499,35.687407,1297.043224,-1.2272,52.292862,10.134914,3.775522,0.0
19.239231,25.67732,35.648704,1291.959709,-1.175683,52.301481,10.110518,3.766434,0.0
19.249283,25.691094,35.611773,1286.877599,-1.125773,52.310077,10.083373,3.756322,0.0
19.259282,25.704807,35.576553,1281.798715,-1.077649,52.318663,10.053622,3.745239,0.0
19.269245,25.718474,35.542974,1276.724833,-1.031486,52.32723,10.021416,3.733241,0.0
19.279172,25.732097,35.510953,1271.657712,-0.987439,52.33577,9.98691,3.720387,0.0
19.289052,25.745653,35.480487,1266.599604,-0.945811,52.344301,9.950162,3.706697,0.0
19.298887,25.759164,35.451409,1261.551797,-0.906634,52.352805,9.911462,3.69228,0.0
19.308685,25.772622,35.423623,1256.515867,-0.870033,52.361299,9.870983,3.677201,0.0
19.318447,25.786033,35.397044,1251.49334,-0.83615,52.369776,9.8289,3.661524,0.0
19.328158,25.799392,35.37158,1246.485686,-0.805094,52.378234,9.785387,3.645314,0.0
19.337836,25.812697,35.347129,1241.494303,-0.77698,52.386675,9.74062,3.628637,0.0
19.347475,25.825955,35.32359,1236.520523,-0.7519,52.395104,9.694774,3.611559,0.0
19.357068,25.839162,35.300861,1231.565605,-0.729947,52.403513,9.648025,3.594143,0.0
19.366622,25.852314,35.278845,1226.630737,-0.711196,52.411905,9.600544,3.576455,0.0
19.376134,25.865418,35.257434,1221.717043,-0.695717,52.420288,9.552502,3.558558,0.0
19.385606,25.878472,35.236527,1216.825566,-0.683562,52.428653,9.504068,3.540515,0.0
19.395043,25.891476,35.216023,1211.957267,-0.67478,52.437004,9.455403,3.522387,0.0
19.404439,25.904432,35.195814,1207.113045,-0.669406,52.445343,9.40667,3.504232,0.0
19.413794,25.917336,35.175796,1202.293722,-0.667464,52.453665,9.358022,3.486109,0.0
19.423113,25.930193,35.155861,1197.500033,-0.668974,52.461982,9.30961,3.468075,0.0
19.432396,25.942998,35.135916,1192.732641,-0.673924,52.470283,9.26158,3.450182,0.0
19.441641,25.955759,35.115847,1187.992144,-0.682328,52.478573,9.214071,3.432484,0.0
19.450842,25.968473,35.095569,1183.279067,-0.694167,52.486846,9.167217,3.415029,0.0
19.460007,25.981133,35.074979,1178.593838,-0.709414,52.495111,9.121146,3.397867,0.0
19.469127,25.993749,35.053975,1173.936832,-0.728036,52.503376,9.075981,3.381042,0.0
19.478218,26.006308,35.032439,1169.309937,-0.75017,52.511622,9.031898,3.36462,0.0
19.487264,26.01883,35.01029,1164.711827,-0.775583,52.519858,8.98896,3.348624,0.0
19.496282,26.0313,34.987445,1160.142641,-0.804204,52.528086,8.947266,3.333092,0.0
19.505258,26.043724,34.963825,1155.602452,-0.835972,52.536305,8.906912,3.318059,0.0
19.514195,26.056095,34.93934,1151.091276,-0.870813,52.544515,8.867989,3.303559,0.0
19.523097,26.068426,34.913918,1146.609059,-0.908645,52.552723,8.83058,3.289623,0.0
19.531963,26.080715,34.887476,1142.155693,-0.949374,52.560917,8.794762,3.27628,0.0
19.540793,26.092952,34.859942,1137.730999,-0.992903,52.569106,8.760606,3.263556,0.0
19.549586,26.105147,34.831253,1133.334741,-1.039128,52.577289,8.728179,3.251476,0.0
19.558344,26.117296,34.801341,1128.966633,-1.087943,52.585469,8.69754,3.240063,0.0
19.567066,26.129399,34.770146,1124.626319,-1.139237,52.593644,8.668743,3.229335,0.0
19.575756,26.141459,34.73761,1120.313389,-1.192889,52.601809,8.641837,3.219312,0.0
19.584411,26.153472,34.703675,1116.027393,-1.248768,52.60997,8.616865,3.210009,0.0
19.593028,26.165445,34.668302,1111.767822,-1.306749,52.618127,8.593864,3.20144,0.0
19.601613,26.177374,34.631445,1107.534114,-1.3667,52.626278,8.572868,3.193619,0.0
19.610157,26.189258,34.593052,1103.325665,-1.428487,52.634429,8.553904,3.186554,0.0
19.618673,26.201096,34.553096,1099.141808,-1.491962,52.642578,8.536995,3.180255,0.0
19.627161,26.212891,34.511544,1094.981856,-1.556993,52.650718,8.522159,3.174728,0.0
19.635605,26.224649,34.468371,1090.845068,-1.623428,52.65885,8.509409,3.169979,0.0
19.644022,26.236362,34.42355,1086.730652,-1.691114,52.666992,8.498753,3.166009,0.0
19.652401,26.248028,34.376964,1082.638926,-1.759959,52.675123,8.490313,3.162865,0.0
19.660743,26.259649,34.328703,1078.567805,-1.829731,52.683246,8.48397,3.160502,0.0
19.669059,26.271233,34.278742,1074.516365,-1.900285,52.691377,8.47972,3.158919,0.0
19.677339,26.282773,34.227089,1070.483681,-1.971461,52.699501,8.477551,3.158111,0.0
19.685583,26.294276,34.173736,1066.468789,-2.043106,52.707623,8.477451,3.158073,0.0
19.693798,26.305729,34.118689,1062.470685,-2.115058,52.715738,8.4794,3.1588,0.0
19.70198,26.317147,34.061957,1058.488358,-2.187163,52.723858,8.483376,3.160281,0.0
19.710132,26.32852,34.003548,1054.520766,-2.259268,52.731974,8.489353,3.162507,0.0
19.718251,26.33985,33.943476,1050.566833,-2.331215,52.740087,8.4973,3.165468,0.0
19.726335,26.351144,33.881763,1046.625477,-2.402846,52.748195,8.507181,3.169149,0.0
19.734386,26.362398,33.818435,1042.69559,-2.474015,52.756298,8.518959,3.173536,0.0
19.742407,26.373607,33.753513,1038.776051,-2.544563,52.764401,8.53259,3.178614,0.0
19.750395,26.384774,33.687028,1034.865732,-2.614339,52.772504,8.548026,3.184365,0.0
19.758354,26.395905,33.619025,1030.963489,-2.683206,52.780605,8.565218,3.190769,0.0
19.766279,26.406998,33.549535,1027.068178,-2.751013,52.788699,8.58411,3.197807,0.0
19.774174,26.418046,33.478593,1023.178644,-2.817619,52.796792,8.604643,3.205456,0.0
19.782034,26.42905,33.406254,1019.293737,-2.882886,52.804886,8.626754,3.213693,0.0
19.789859,26.440017,33.332562,1015.412288,-2.946681,52.812979,8.650376,3.222493,0.0
19.797657,26.45094,33.257568,1011.533165,-3.008875,52.821063,8.675439,3.231829,0.0
19.805428,26.461827,33.181323,1007.655222,-3.069331,52.829138,8.701869,3.241675,0.0
19.81316,26.472666,33.103825,1003.77726,-3.127841,52.837212,8.729653,3.252025,0.0
19.820866,26.483469,33.025201,999.898101,-3.184371,52.845287,8.758632,3.262821,0.0
3.019,4.020871,48.163742,4216.613966,-0.740688,46.179861,15.22537,5.671851,0.0
0.081512,0.081512,50.8233,4778.694615,-0.152491,45.00017,16.368008,6.097514,0.0
0.124431,0.124431,50.816416,4770.029471,0.030933,45.000272,16.324553,6.081326,0.0
0.167276,0.167276,50.831158,4761.357041,0.213275,45.000398,16.231638,6.046712,0.0
0.210036,0.210043,50.86728,4752.703381,0.393703,45.000531,16.090869,5.994272,0.0
0.252718,0.252728,50.924429,4744.093728,0.571414,45.000682,15.904454,5.924828,0.0
0.295323,0.295333,51.002157,4735.552204,0.745638,45.000849,15.675138,5.839401,0.0
0.337851,0.337861,51.099949,4727.101538,0.915655,45.001025,15.406116,5.739184,0.0
0.380303,0.380313,51.217208,4718.762844,1.0808,45.001214,15.100953,5.625502,0.0
0.422674,0.422688,51.353255,4710.55544,1.24047,45.001426,14.763489,5.499788,0.0
0.464967,0.464987,51.507356,4702.496697,1.394122,45.001657,14.397745,5.363539,0.0
0.507189,0.507209,51.678731,4694.601978,1.541277,45.001898,14.007836,5.218287,0.0
0.549336,0.549358,51.866554,4686.884581,1.681539,45.002155,13.597884,5.06557,0.0
0.591396,0.591446,52.069608,4679.356332,1.808984,45.024869,13.172564,4.907127,5.580924
0.633342,0.633511,52.285544,4672.028607,1.908072,45.131495,12.738348,4.74537,28.0
0.675145,0.675578,52.512249,4664.908784,2.000431,45.234742,12.300764,4.582358,28.0
0.716813,0.717662,52.748914,4657.999583,2.086004,45.334578,11.862506,4.419095,28.0
0.758336,0.759746,52.994749,4651.302559,2.164795,45.431001,11.426032,4.256498,28.0
0.799727,0.801829,53.249354,4644.829165,2.236448,45.523836,10.993882,4.09551,28.0
0.840982,0.843922,53.511447,4638.566658,2.301415,45.613286,10.56786,3.936806,28.0
0.88212,0.886024,53.780256,4632.512905,2.359788,45.699404,10.149616,3.780999,28.0
0.92314,0.928127,54.05503,4626.664966,2.411677,45.782256,9.74056,3.628615,28.0
0.964044,0.97023,54.335029,4621.019198,2.457223,45.861895,9.341874,3.480094,28.0
1.004844,1.01234,54.619541,4615.571337,2.496584,45.938414,8.954525,3.335796,28.0
1.045539,1.054452,54.907868,4610.316643,2.529929,46.011896,8.579282,3.196008,28.0
1.086126,1.096565,55.199342,4605.249982,2.557444,46.082429,8.21673,3.060948,28.0
1.126622,1.138677,55.493315,4600.365904,2.579321,46.150117,7.867294,2.930774,28.0
1.167027,1.18079,55.789156,4595.658725,2.595755,46.215062,7.53125,2.805589,28.0
1.207337,1.222902,56.086271,4591.122611,2.606952,46.277364,7.208743,2.685446,28.0
1.247561,1.265015,56.38409,4586.751636,2.613114,46.337132,6.899807,2.57036,28.0
1.287704,1.30713,56.682059,4582.539824,2.614447,46.394467,6.604379,2.460305,28.0
1.327769,1.349249,56.97965,4578.481201,2.611157,46.449477,6.32231,2.355227,28.0
1.367759,1.391362,57.276362,4574.569852,2.603448,46.502273,6.053382,2.255044,28.0
1.407673,1.433474,57.571717,4570.799948,2.591513,46.552952,5.797319,2.159654,28.0
1.447522,1.475588,57.865267,4567.165749,2.575554,46.601614,5.553801,2.068937,28.0
1.4873,1.517709,58.156572,4563.661669,2.555772,46.648362,5.322466,1.982759,28.0
1.527015,1.559821,58.445219,4560.282263,2.532329,46.693297,5.102928,1.900975,28.0
1.566667,1.601934,58.73082,4557.022412,2.505426,46.736492,4.894795,1.82344,28.0
1.606253,1.644046,59.012806,4553.882743,2.47505,46.77798,4.698196,1.750202,28.0
1.645784,1.686159,59.290986,4550.851886,2.441579,46.817929,4.512084,1.68087,28.0
1.685262,1.728271,59.565036,4547.925157,2.405155,46.856432,4.336026,1.615284,28.0
1.724685,1.770384,59.834642,4545.098049,2.365949,46.893551,4.169592,1.553283,28.0
1.764063,1.812496,60.099512,4542.366245,2.324092,46.929376,4.012358,1.494709,28.0
1.803381,1.854608,60.359371,4539.725613,2.279733,46.963978,3.863904,1.439406,28.0
1.842655,1.896714,60.613959,4537.172207,2.233012,46.997427,3.723825,1.387223,28.0
1.881888,1.938823,60.863023,4534.702256,2.184053,47.029789,3.591725,1.338012,28.0
1.921075,1.980936,61.106333,4532.312173,2.13298,47.061128,3.467221,1.291631,28.0
1.960218,2.023048,61.343668,4529.998534,2.079911,47.091503,3.349945,1.247943,28.0
1.999315,2.065161,61.574821,4527.758076,2.024956,47.120977,3.239545,1.206816,28.0
2.038372,2.107273,61.799596,4525.587695,1.968223,47.149608,3.135682,1.168124,28.0
2.077393,2.149385,62.017808,4523.484434,1.909812,47.177441,3.038034,1.131748,28.0
2.116377,2.191498,62.229288,4521.445476,1.849823,47.204526,2.946295,1.097572,28.0
2.155326,2.23361,62.433866,4519.468148,1.78835,47.230916,2.860174,1.06549,28.0
2.194236,2.275723,62.63139,4517.549896,1.725479,47.256656,2.779395,1.035398,28.0
2.233106,2.317835,62.82172,4515.688285,1.661284,47.281784,2.703699,1.007199,28.0
2.271955,2.359948,63.004727,4513.880999,1.595856,47.30635,2.632841,0.980802,28.0
2.31076,2.40207,63.180275,4512.125818,1.529271,47.330387,2.56659,0.956122,28.0
2.349538,2.444182,63.34824,4510.420744,1.461595,47.353937,2.504738,0.933081,28.0
2.388279,2.486304,63.508098,4508.766097,1.392847,47.377003,2.447288,0.911679,28.0
2.426992,2.528426,63.660163,4507.157289,1.323154,47.399655,2.393818,0.89176,28.0
2.465678,2.570548,63.804332,4505.592483,1.252584,47.421927,2.344154,0.873259,28.0
2.504329,2.612678,63.94052,4504.069916,1.181189,47.443845,2.298133,0.856115,28.0
2.542959,2.654802,64.068648,4502.587895,1.109028,47.465435,2.255607,0.840273,28.0
2.581557,2.696931,64.188642,4501.144779,1.036159,47.486736,2.216437,0.825681,28.0
2.620125,2.739062,64.300423,4499.739009,0.962636,47.50777,2.180495,0.812292,28.0
2.658667,2.7812,64.403929,4498.369051,0.88851,47.528568,2.147665,0.800062,28.0
2.697187,2.823335,64.499109,4497.033425,0.813827,47.549151,2.11784,0.788951,28.0
2.735679,2.865471,64.585907,4495.730702,0.738633,47.569542,2.090923,0.778924,28.0
2.77414,2.907617,64.664267,4494.459485,0.662981,47.589767,2.066826,0.769947,28.0
2.812577,2.949767,64.734153,4493.218409,0.586916,47.609851,2.045472,0.761992,28.0
2.850993,2.991918,64.795525,4492.006141,0.510482,47.629816,2.02679,0.755033,28.0
2.889385,3.034068,64.848345,4490.821367,0.433721,47.649681,2.010721,0.749047,28.0
2.927755,3.076224,64.892586,4489.662788,0.356672,47.669473,1.997212,0.744014,28.0
2.966092,3.118391,64.928232,4488.52913,0.279375,47.689216,1.986219,0.739919,28.0
3.004409,3.160552,64.955247,4487.419131,0.201877,47.708925,1.977705,0.736747,28.0
3.042701,3.202723,64.973629,4486.331539,0.124221,47.72862,1.971642,0.734489,28.0
3.080974,3.244902,64.983353,4485.265088,0.046433,47.748333,1.96801,0.733136,28.0
3.11922,3.287081,64.984398,4484.218576,-0.031437,47.768064,1.966803,0.732686,28.0
3.157447,3.32926,64.976325,4483.191606,-0.109344,47.787851,1.968136,0.733183,28.0
3.195638,3.371447,64.959587,4482.181856,-0.18726,47.80772,1.971886,0.73458,28.0
3.233819,3.413644,64.93419,4481.188033,-0.265135,47.827678,1.978065,0.736881,28.0
3.271966,3.455842,64.900159,4480.208846,-0.342941,47.847751,1.98669,0.740094,28.0
3.3101,3.498055,64.857491,4479.242965,-0.420622,47.867955,1.997789,0.744229,28.0
3.348204,3.540265,64.806211,4478.289056,-0.498148,47.888315,2.011397,0.749298,28.0
3.386285,3.582485,64.746347,4477.345733,-0.575472,47.908856,2.027556,0.755318,28.0
3.424349,3.624712,64.677924,4476.411582,-0.652557,47.929599,2.046315,0.762306,28.0
3.462388,3.666944,64.600973,4475.485161,-0.729362,47.950564,2.067735,0.770286,28.0
3.500401,3.70918,64.515534,4474.564982,-0.805841,47.971774,2.091881,0.779281,28.0
3.538386,3.751425,64.421645,4473.649496,-0.88195,47.993249,2.118829,0.78932,28.0
3.576349,3.793679,64.319354,4472.737107,-0.957645,48.015019,2.148664,0.800434,28.0
3.614293,3.835938,64.208717,4471.826172,-1.032873,48.037111,2.181479,0.812658,28.0
3.652214,3.878205,64.089785,4470.914978,-1.107587,48.059545,2.217376,0.826031,28.0
3.690104,3.920482,63.962631,4470.001738,-1.181741,48.082347,2.256469,0.840594,28.0
3.727973,3.962765,63.827309,4469.084598,-1.255284,48.105545,2.298879,0.856393,28.0
3.765816,4.005051,63.683908,4468.161628,-1.328153,48.129178,2.344739,0.873477,28.0
3.803632,4.047355,63.532499,4467.230803,-1.400296,48.153265,2.394192,0.8919,28.0
3.841421,4.089667,63.373167,4466.29001,-1.471661,48.17784,2.447393,0.911718,28.0
3.879192,4.131979,63.206,4465.337004,-1.542178,48.202948,2.504518,0.932999,28.0
3.916925,4.174309,63.030695,4464.368595,-1.611738,48.228634,2.56596,0.955888,28.0
3.954631,4.216649,62.847795,4463.38297,-1.680308,48.254922,2.631705,0.980379,28.0
3.99231,4.258998,62.65741,4462.377561,-1.747829,48.281839,2.701955,1.006549,28.0
4.029962,4.301356,62.459665,4461.349673,-1.814225,48.309434,2.776927,1.034478,28.0
4.067587,4.343723,62.254697,4460.296486,-1.879413,48.33775,2.856848,1.064251,28.0
4.105178,4.386099,62.04264,4459.21502,-1.943314,48.366822,2.941961,1.095958,28.0
4.14274,4.42849,61.823644,4458.102151,-2.005852,48.396699,3.032519,1.129693,28.0
4.180269,4.470888,61.59788,4456.954602,-2.066926,48.42743,3.12879,1.165557,28.0
4.217767,4.513296,61.365515,4455.768937,-2.126448,48.459062,3.231053,1.203652,28.0
4.255228,4.555722,61.126726,4454.541529,-2.184327,48.491652,3.339601,1.244089,28.0
4.292653,4.598158,60.881713,4453.268574,-2.240451,48.525258,3.454737,1.28698,28.0
4.330047,4.640601,60.630685,4451.946093,-2.294713,48.559936,3.576776,1.332443,28.0
4.367402,4.683059,60.373852,4450.569909,-2.347007,48.595745,3.706045,1.380599,28.0
4.404715,4.725529,60.111441,4449.135633,-2.397207,48.632751,3.842877,1.431573,28.0
4.441991,4.768014,59.843699,4447.638675,-2.445195,48.671025,3.987616,1.485492,28.0
4.47923,4.810511,59.570888,4446.074239,-2.490845,48.71063,4.140608,1.542485,28.0
4.516424,4.853024,59.293276,4444.43731,-2.534015,48.751643,4.302206,1.602685,28.0
4.553572,4.895546,59.011153,4442.722647,-2.574567,48.794134,4.472763,1.666222,28.0
4.590676,4.938087,58.724818,4440.924811,-2.612348,48.838203,4.652627,1.733226,28.0
4.627725,4.980646,58.434591,4439.03777,-2.647212,48.883915,4.842181,1.80384,28.0
4.664726,5.023214,58.140643,4437.050665,-2.678829,48.931456,5.04226,1.878375,28.0
4.701674,5.065792,57.843544,4434.961979,-2.707197,48.98084,5.252679,1.956761,28.0
4.738568,5.108395,57.543668,4432.765381,-2.732131,49.032146,5.473729,2.039108,28.0
4.775408,5.15101,57.241404,4430.454338,-2.753474,49.085465,5.705673,2.125513,28.0
4.812193,5.19364,56.937181,4428.022166,-2.771036,49.140906,5.948735,2.21606,28.0
4.848911,5.236282,56.631426,4425.462026,-2.784637,49.198573,6.203096,2.310816,28.0
4.885564,5.278946,56.324589,4422.766953,-2.794097,49.258554,6.468881,2.409828,28.0
4.922153,5.321625,56.017147,4419.929892,-2.799232,49.320959,6.746153,2.513119,28.0
4.958674,5.364318,55.709596,4416.943721,-2.799849,49.385889,7.034898,2.620685,28.0
4.995118,5.407035,55.402446,4413.801311,-2.795759,49.453449,7.335018,2.732487,28.0
5.031485,5.449769,55.09623,4410.495566,-2.786778,49.52374,7.646315,2.848454,28.0
5.06778,5.492516,54.7915,4407.019474,-2.772728,49.59686,7.968486,2.968471,28.0
5.103993,5.535282,54.48883,4403.366168,-2.75343,49.672913,8.301103,3.092379,28.0
5.140113,5.578065,54.188816,4399.528999,-2.728709,49.751996,8.643605,3.21997,28.0
5.17615,5.620866,53.892056,4395.501624,-2.698406,49.834186,8.995289,3.350982,28.0
5.212094,5.663686,53.59917,4391.278043,-2.662377,49.91958,9.355294,3.485093,28.0
5.247938,5.706523,53.310795,4386.852748,-2.620474,50.008252,9.722598,3.621924,28.0
5.283675,5.749378,53.027571,4382.220753,-2.572598,50.100269,10.096005,3.761027,28.0
5.319313,5.792252,52.75017,4377.377739,-2.518627,50.195682,10.474143,3.901894,28.0
5.354842,5.835153,52.479275,4372.319213,-2.458474,50.294555,10.855466,4.043947,28.0
5.390257,5.878063,52.215931,4367.032039,-2.391792,50.397091,11.238186,4.18652,28.0
5.425547,5.920992,51.960486,4361.525661,-2.318883,50.503118,11.620207,4.328833,28.0
5.460719,5.963938,51.713594,4355.799524,-2.239754,50.612629,11.999432,4.470104,28.0
5.495758,6.006902,51.475909,4349.854244,-2.154463,50.725614,12.37362,4.609499,28.0
5.53067,6.049885,51.24808,4343.69166,-2.063098,50.842029,12.740404,4.746136,28.0
5.565448,6.092885,51.030743,4337.314905,-1.965781,50.961801,13.097316,4.879095,28.0
5.600086,6.135903,50.824506,4330.728466,-1.862677,51.084859,13.441816,5.00743,28.0
5.634579,6.178934,50.62995,4323.938241,-1.754002,51.21109,13.771325,5.130181,28.0
5.668928,6.221978,50.447632,4316.951516,-1.640007,51.340361,14.083269,5.246388,28.0
5.703123,6.265036,50.278071,4309.776997,-1.520984,51.472521,14.375111,5.355107,28.0
5.737166,6.308108,50.121756,4302.424782,-1.397271,51.607399,14.6444,5.455424,28.0
5.771052,6.351193,49.979125,4294.906306,-1.269248,51.744799,14.888815,5.546475,28.0
5.804774,6.394291,49.850573,4287.234278,-1.137334,51.884497,15.106204,5.627458,28.0
5.838338,6.437401,49.736451,4279.422592,-1.001977,52.026265,15.29463,5.697652,28.0
5.871733,6.480516,49.637045,4271.486208,-0.86366,52.169846,15.45241,5.756429,28.0
5.904962,6.523644,49.552595,4263.441006,-0.722897,52.314965,15.578146,5.803269,28.0
5.938014,6.566775,49.483277,4255.303673,-0.580236,52.461346,15.670757,5.837769,28.0
5.970903,6.609914,49.429209,4247.09149,-0.436218,52.608685,15.729498,5.859652,28.0
6.00362,6.653062,49.390441,4238.822186,-0.291413,52.7567,15.75398,5.868772,28.0
6.036157,6.69621,49.367053,4230.513651,-0.146409,52.905076,15.744011,5.865058,28.0
6.068514,6.739358,49.359658,4222.184158,-0.001821,53.0535,15.698395,5.848065,28.0
6.100691,6.782506,49.367356,4213.853551,0.141762,53.201638,15.619615,5.818718,28.0
6.132696,6.825662,49.389951,4205.539382,0.283779,53.3492,15.508733,5.777411,28.0
6.164531,6.868812,49.427185,4197.258662,0.423685,53.495905,15.36711,5.724653,28.0
6.196194,6.911959,49.478757,4189.027752,0.56098,53.641474,15.196373,5.661049,28.0
6.227687,6.955107,49.544311,4180.862204,0.695158,53.785639,14.998381,5.587292,28.0
6.259008,6.998255,49.623458,4172.77665,0.825761,53.928156,14.775185,5.504145,28.0
6.290159,7.041391,49.715743,4164.784716,0.952364,54.068799,14.528987,5.41243,28.0
6.321149,7.08452,49.820691,4156.898933,1.074578,54.207359,14.262099,5.313007,28.0
6.351977,7.127649,49.937786,4149.130677,1.192049,54.34364,13.976903,5.206764,28.0
6.382642,7.170769,50.06648,4141.490151,1.304468,54.477479,13.675811,5.094599,28.0
6.413155,7.213879,50.206205,4133.986361,1.411559,54.608731,13.361231,4.97741,28.0
6.443514,7.256982,50.356366,4126.627103,1.513085,54.737262,13.035531,4.856078,28.0
6.473721,7.300073,50.516355,4119.418996,1.608863,54.862967,12.701013,4.731461,28.0
6.503779,7.343159,50.685552,4112.36753,1.698737,54.985768,12.359885,4.604382,28.0
6.533701,7.386231,50.863328,4105.47707,1.782589,55.105589,12.014243,4.475622,28.0
6.563478,7.4293,51.049032,4098.75095,1.860339,55.22239,11.666053,4.345912,28.0
6.593113,7.472352,51.242035,4092.19152,1.931941,55.336138,11.31714,4.215932,28.0
6.622623,7.515394,51.441691,4085.800198,1.997379,55.446817,10.969176,4.086307,28.0
6.652006,7.558428,51.647398,4079.578466,2.056629,55.554411,10.623702,3.957609,28.0
6.681256,7.601453,51.858731,4073.533684,2.109451,55.65881,10.282333,3.830439,28.0
6.71038,7.644468,52.074755,4067.656371,2.156233,55.760194,9.946122,3.705192,28.0
6.739396,7.687475,52.294877,4061.944949,2.197062,55.858606,9.616099,3.58225,28.0
6.768287,7.730464,52.518493,4056.397304,2.232037,55.954087,9.293149,3.461942,28.0
6.797075,7.773443,52.745021,4051.010876,2.261269,56.046711,8.978019,3.344548,28.0
6.825757,7.81642,52.973892,4045.78272,2.284902,56.136533,8.671331,3.230299,28.0
6.854331,7.859384,53.204561,4040.709568,2.30307,56.223629,8.373587,3.119381,28.0
6.882808,7.902336,53.436494,4035.787868,2.315931,56.308073,8.085179,3.011942,28.0
6.911191,7.945279,53.669175,4031.013857,2.323643,56.389943,7.806402,2.90809,28.0
6.939474,7.988213,53.902105,4026.383604,2.326364,56.469331,7.53746,2.807902,28.0
6.967667,8.031138,54.134799,4021.893056,2.324265,56.546319,7.278478,2.711425,28.0
6.995775,8.074054,54.366797,4017.53807,2.31752,56.620993,7.029511,2.618678,28.0
7.023797,8.116961,54.59766,4013.314442,2.306303,56.693443,6.790551,2.529659,28.0
7.051738,8.159862,54.826959,4009.217957,2.290783,56.763756,6.561538,2.444346,28.0
7.079598,8.20276,55.054279,4005.244392,2.271123,56.832021,6.342365,2.362698,28.0
7.107376,8.245648,55.279242,4001.389559,2.247507,56.898319,6.132887,2.284662,28.0
7.135077,8.288521,55.501463,3997.649311,2.220101,56.962743,5.932926,2.210171,28.0
7.162714,8.331401,55.720595,3994.019559,2.18906,57.025384,5.742279,2.13915,28.0
7.190278,8.374264,55.936299,3990.49628,2.154553,57.086311,5.560722,2.071515,28.0
7.217771,8.417127,56.148219,3987.076121,2.116715,57.145608,5.388064,2.007196,28.0
7.245197,8.459981,56.35586,3983.759343,2.075581,57.20329,5.224414,1.946232,28.0
7.272551,8.502825,56.55911,3980.53711,2.031466,57.259504,5.06907,1.888362,28.0
7.29985,8.545669,56.757699,3977.405809,1.984499,57.314345,4.921766,1.833487,28.0
7.327079,8.588513,56.951369,3974.361922,1.934839,57.367865,4.782236,1.781509,28.0
7.354259,8.631349,57.139874,3971.402045,1.882611,57.420153,4.650213,1.732327,28.0
7.381373,8.674177,57.322973,3968.522889,1.827954,57.471268,4.525436,1.685844,28.0
7.408434,8.717002,57.500449,3965.721256,1.770987,57.521274,4.407644,1.641963,28.0
7.435438,8.759827,57.672094,3962.994068,1.711844,57.570238,4.296587,1.600592,28.0
7.46239,8.802652,57.837716,3960.338334,1.650643,57.618218,4.192018,1.561637,28.0
7.489292,8.845472,57.997122,3957.751167,1.587494,57.665275,4.093701,1.525011,28.0
7.51614,8.888287,58.150139,3955.229782,1.52251,57.711472,4.001407,1.490629,28.0
7.542942,8.931094,58.296808,3952.771006,1.459716,57.74113,3.914807,1.458369,16.952603
7.569712,8.973884,58.437407,3950.371288,1.400741,57.748166,3.833462,1.428065,0.0
7.59646,9.016658,58.572069,3948.027657,1.34004,57.755227,3.757048,1.399599,0.0
7.623195,9.059419,58.700631,3945.737951,1.277719,57.762324,3.685414,1.372914,0.0
7.649904,9.102155,58.822947,3943.500063,1.21387,57.769452,3.618414,1.347955,0.0
7.676594,9.144873,58.938892,3941.311938,1.148581,57.776602,3.555911,1.32467,0.0
7.703259,9.187582,59.04832,3939.171555,1.081961,57.783787,3.49777,1.303011,0.0
7.729914,9.230264,59.151136,3937.076959,1.014084,57.790999,3.443868,1.282931,0.0
7.756542,9.272936,59.247169,3935.026494,0.94503,57.798247,3.394112,1.264396,0.0
7.78316,9.31559,59.336025,3933.019959,0.874853,57.805524,3.348557,1.247425,0.0
7.809752,9.358226,59.417944,3931.053358,0.803685,57.812836,3.306898,1.231906,0.0
7.836325,9.400853,59.49283,3929.12488,0.731611,57.820168,3.269042,1.217804,0.0
7.86288,9.443462,59.560624,3927.232747,0.658702,57.827541,3.234903,1.205086,0.0
7.889416,9.486054,59.621249,3925.375213,0.585038,57.834945,3.204402,1.193724,0.0
7.915942,9.528634,59.674638,3923.550548,0.510699,57.842376,3.17747,1.183691,0.0
7.942446,9.571206,59.720741,3921.757035,0.435755,57.84984,3.154042,1.174964,0.0
7.968929,9.613762,59.75951,3919.992973,0.360273,57.857334,3.134065,1.167522,0.0
7.9954,9.656306,59.790898,3918.256673,0.284333,57.86486,3.11749,1.161347,0.0
8.021851,9.698836,59.814875,3916.546451,0.208004,57.872418,3.104277,1.156425,0.0
8.048285,9.741353,59.831418,3914.860629,0.131356,57.880007,3.094395,1.152744,0.0
8.074705,9.78386,59.840502,3913.197526,0.054459,57.887628,3.087818,1.150294,0.0
8.101107,9.826359,59.842105,3911.555449,-0.02262,57.89528,3.08453,1.149068,0.0
8.127492,9.868845,59.836222,3909.932698,-0.099813,57.902964,3.084519,1.149065,0.0
8.153858,9.911316,59.822862,3908.327564,-0.177046,57.910679,3.087785,1.150281,0.0
8.180209,9.953778,59.802024,3906.738327,-0.254262,57.918427,3.094332,1.15272,0.0
8.206547,9.996231,59.773719,3905.163235,-0.331384,57.926203,3.104173,1.156386,0.0
8.232861,10.038674,59.737957,3903.600507,-0.408336,57.934015,3.117328,1.161287,0.0
8.259165,10.0811,59.694781,3902.04835,-0.485051,57.941854,3.133823,1.167432,0.0
8.28545,10.123526,59.644157,3900.504981,-0.561467,57.949729,3.153717,1.174843,0.0
8.311727,10.165933,59.585821,3898.968673,-0.637486,57.957633,3.177199,1.18359,0.0
8.337976,10.208331,59.520178,3897.437094,-0.713048,57.965572,3.204154,1.193632,0.0
8.364216,10.25072,59.447286,3895.908264,-0.788082,57.973539,3.234641,1.204989,0.0
8.39043,10.293092,59.367213,3894.380173,-0.862515,57.981534,3.268724,1.217686,0.0
8.416633,10.335461,59.280012,3892.850752,-0.936268,57.989562,3.306474,1.231749,0.0
8.442826,10.377816,59.185762,3891.317881,-1.009266,57.997627,3.347972,1.247208,0.0
8.468997,10.420166,59.084548,3889.77936,-1.081426,58.005721,3.393304,1.264095,0.0
8.495154,10.462504,58.976466,3888.232937,-1.152668,58.013842,3.442561,1.282445,0.0
8.52129,10.50483,58.861608,3886.676287,-1.222911,58.021995,3.495844,1.302294,0.0
8.54741,10.547141,58.740073,3885.107007,-1.292065,58.03018,3.553257,1.323682,0.0
8.573516,10.589444,58.611981,3883.522623,-1.360045,58.038392,3.614914,1.346651,0.0
8.599604,10.631738,58.47746,3881.920579,-1.426766,58.046634,3.680931,1.371244,0.0
8.625677,10.674018,58.33664,3880.298228,-1.492133,58.054909,3.751432,1.397507,0.0
8.651736,10.716289,58.18966,3878.652839,-1.556045,58.063211,3.826544,1.425488,0.0
8.67777,10.758551,58.036668,3876.981592,-1.61841,58.071543,3.906399,1.455237,0.0
8.703787,10.800802,57.877821,3875.281567,-1.679129,58.079908,3.991135,1.486803,0.0
8.729793,10.843037,57.713298,3873.549753,-1.738093,58.088301,4.080889,1.520239,0.0
8.755773,10.885261,57.54327,3871.78303,-1.795193,58.096721,4.175803,1.555597,0.0
8.781736,10.927468,57.367933,3869.978195,-1.850333,58.105167,4.276019,1.59293,0.0
8.807689,10.969666,57.187447,3868.131604,-1.903371,58.113641,4.38172,1.632306,0.0
8.833614,11.011845,57.00183,3866.23776,-1.954096,58.122143,4.493284,1.673866,0.0
8.859521,11.054015,56.811566,3864.295121,-2.002501,58.130672,4.610584,1.717564,0.0
8.88541,11.096168,56.616887,3862.300068,-2.048449,58.139237,4.733754,1.763448,0.0
8.911281,11.13831,56.418045,3860.248868,-2.091821,58.147821,4.862916,1.811564,0.0
8.937134,11.180436,56.215287,3858.137692,-2.132488,58.156431,4.998185,1.861955,0.0
8.962962,11.222544,56.008896,3855.96263,-2.170325,58.165068,5.139664,1.91466,0.0
8.98877,11.264634,55.799153,3853.71969,-2.205198,58.173733,5.287441,1.969711,0.0
9.014559,11.306706,55.58635,3851.404808,-2.236969,58.182418,5.441587,2.027134,0.0
9.040325,11.34876,55.370803,3849.013857,-2.265504,58.191126,5.602152,2.086949,0.0
9.066064,11.390796,55.152828,3846.542655,-2.290671,58.199862,5.769162,2.149165,0.0
9.091785,11.43281,54.932762,3843.986978,-2.312329,58.20862,5.942614,2.21378,0.0
9.117485,11.474805,54.710958,3841.34258,-2.330338,58.2174,6.122475,2.280783,0.0
9.143156,11.516783,54.487772,3838.605211,-2.344569,58.226204,6.308676,2.350148,0.0
9.168806,11.558735,54.263572,3835.770637,-2.354887,58.235025,6.501107,2.421833,0.0
9.194429,11.600662,54.03873,3832.834695,-2.361423,58.248358,6.699628,2.495788,1.701119
9.220022,11.642573,53.813605,3829.793344,-2.364585,58.274899,6.904087,2.571954,7.0
9.24557,11.684472,53.588549,3826.642596,-2.363471,58.302009,7.114275,2.650255,7.0
9.271082,11.726345,53.363983,3823.378458,-2.357961,58.329705,7.329893,2.730578,7.0
9.296549,11.7682,53.140338,3819.997105,-2.347937,58.357997,7.55058,2.81279,7.0
9.32198,11.810037,52.918062,3816.49388,-2.33326,58.386924,7.775946,2.896745,7.0
9.347364,11.851846,52.69771,3812.860161,-2.313633,58.416501,8.005625,2.982306,7.0
9.372693,11.893645,52.479659,3809.098586,-2.289191,58.446717,8.238818,3.069177,7.0
9.397986,11.93541,52.264366,3805.206304,-2.259868,58.477581,8.474878,3.157115,7.0
9.423227,11.977156,52.052307,3801.180833,-2.225586,58.509108,8.713083,3.245853,7.0
9.448421,12.018875,51.843951,3797.020065,-2.186315,58.541301,8.952637,3.335093,7.0
9.47357,12.060568,51.639757,3792.722326,-2.142028,58.574154,9.19267,3.424512,7.0
9.498662,12.102233,51.440198,3788.286417,-2.092713,58.607676,9.432245,3.513759,7.0
9.523702,12.143872,51.245744,3783.711641,-2.038373,58.641867,9.670356,3.602462,7.0
9.548692,12.185484,51.056862,3778.997854,-1.979049,58.676724,9.905937,3.690222,7.0
9.573627,12.227064,50.874,3774.145501,-1.914796,58.712238,10.137868,3.776622,7.0
9.598505,12.268607,50.697609,3769.155645,-1.845687,58.748399,10.364983,3.861229,7.0
9.623323,12.310115,50.528129,3764.029996,-1.771832,58.785196,10.586082,3.943594,7.0
9.648084,12.351587,50.365979,3758.770918,-1.69336,58.822611,10.79994,4.023262,7.0
9.672782,12.393025,50.211573,3753.381463,-1.610423,58.86063,11.005321,4.099772,7.0
9.697419,12.434432,50.065296,3747.865382,-1.523206,58.899226,11.200991,4.172664,7.0
9.721999,12.475794,49.92752,3742.227098,-1.43192,58.938374,11.385735,4.241486,7.0
9.746509,12.517112,49.798592,3736.471734,-1.336797,58.978047,11.558371,4.305797,7.0
9.770963,12.558394,49.678829,3730.605084,-1.238098,59.018213,11.717767,4.365177,7.0
9.795346,12.59963,49.568521,3724.633564,-1.13611,59.058844,11.862858,4.419227,7.0
9.819656,12.640831,49.468023,3718.563466,-1.031109,59.099892,11.99252,4.467529,7.0
9.8439,12.681975,49.377967,3712.399498,-0.923366,59.141336,12.105186,4.5095,7.0
9.868072,12.723073,49.298078,3706.154478,-0.813361,59.183114,12.200823,4.545128,7.0
9.89218,12.764127,49.228519,3699.83709,-0.701459,59.225182,12.2788,4.574176,7.0
9.916218,12.805136,49.169419,3693.456392,-0.588058,59.267491,12.338624,4.596462,7.0
9.940183,12.846093,49.120847,3687.021744,-0.473542,59.309997,12.379944,4.611855,7.0
9.964077,12.887002,49.082862,3680.54276,-0.358307,59.352643,12.402556,4.620279,7.0
9.987898,12.92786,49.055465,3674.029214,-0.242772,59.395384,12.406409,4.621714,7.0
10.011648,12.96867,49.038634,3667.490962,-0.127339,59.438169,12.3916,4.616197,7.0
10.035325,13.009424,49.032305,3660.937862,-0.012415,59.480949,12.358375,4.60382,7.0
10.058931,13.050125,49.036373,3654.379702,0.101599,59.523678,12.307123,4.584727,7.0
10.082464,13.090776,49.050702,3647.826134,0.214308,59.566304,12.238367,4.559114,7.0
10.105926,13.131373,49.07512,3641.286591,0.325327,59.608778,12.152758,4.527222,7.0
10.129319,13.17192,49.10942,3634.770214,0.43429,59.651058,12.051057,4.489336,7.0
10.152643,13.212416,49.15337,3628.285811,0.540843,59.693096,11.93413,4.445777,7.0
10.175888,13.252854,49.206705,3621.841792,0.644648,59.734857,11.802929,4.396902,7.0
10.199064,13.293245,49.269133,3615.446134,0.745389,59.776298,11.658479,4.34309,7.0
10.222175,13.333582,49.340338,3609.106308,0.842775,59.81739,11.501862,4.284746,7.0
10.245214,13.373865,49.419967,3602.829305,0.936541,59.858092,11.334201,4.222288,7.0
10.268181,13.414094,49.507675,3596.621555,1.026427,59.898379,11.156649,4.156145,7.0
10.291085,13.454278,49.603138,3590.489681,1.112191,59.938211,10.970304,4.086727,7.0
10.313914,13.494406,49.706202,3584.442342,1.193443,59.977554,10.776127,4.014391,7.0
10.336679,13.534479,49.816101,3578.480696,1.270224,60.016402,10.575671,3.939716,7.0
10.359382,13.574507,49.932418,3572.60883,1.34238,60.054738,10.370057,3.863119,7.0
10.382013,13.61449,50.054713,3566.830284,1.409799,60.092545,10.160371,3.785005,7.0
10.404588,13.65442,50.182543,3561.148064,1.472392,60.129822,9.947652,3.705762,7.0
10.427101,13.694304,50.315475,3555.564672,1.530081,60.166553,9.73289,3.625758,7.0
10.449552,13.734142,50.453061,3550.082097,1.582821,60.20273,9.51702,3.54534,7.0
10.471945,13.77393,50.594851,3544.701877,1.630585,60.238348,9.300914,3.464835,7.0
10.494279,13.813674,50.740401,3539.425112,1.673358,60.273408,9.085383,3.384544,7.0
10.516555,13.853377,50.889267,3534.252488,1.711151,60.307915,8.871174,3.304746,7.0
10.538773,13.89304,51.041013,3529.184311,1.74399,60.341869,8.658969,3.225694,7.0
10.560935,13.932663,51.195202,3524.220544,1.771915,60.375273,8.449384,3.147618,7.0
10.583046,13.972241,51.351404,3519.360825,1.794982,60.408136,8.242972,3.070724,7.0
10.605099,14.011777,51.509203,3514.604494,1.813256,60.440463,8.040225,2.995195,7.0
10.627105,14.051277,51.668176,3509.950645,1.826817,60.472261,7.841575,2.921193,7.0
10.649059,14.090741,51.827925,3505.398132,1.835749,60.503543,7.647398,2.848857,7.0
10.670966,14.130168,51.988058,3500.945611,1.840154,60.534328,7.458015,2.778307,7.0
10.69282,14.169559,52.148189,3496.591545,1.840141,60.564614,7.273699,2.709644,7.0
10.71463,14.208906,52.30795,3492.334251,1.835806,60.594431,7.094674,2.642953,7.0
10.736394,14.248235,52.466956,3488.172778,1.827237,60.623775,6.921175,2.57832,7.0
10.758101,14.287517,52.624796,3484.108458,1.814413,60.652649,6.753559,2.515878,7.0
10.779773,14.326772,52.781163,3480.134866,1.797646,60.681091,6.591673,2.455572,7.0
10.801399,14.365991,52.935743,3476.249876,1.777072,60.709118,6.435588,2.397426,7.0
10.822981,14.405183,53.088213,3472.451309,1.752819,60.736739,6.285344,2.341456,7.0
10.844526,14.444347,53.238266,3468.736942,1.725014,60.763984,6.140957,2.287668,7.0
10.866027,14.483484,53.385622,3465.104509,1.693785,60.790854,6.002424,2.236061,7.0
10.887483,14.522594,53.530004,3461.55173,1.659273,60.817371,5.869719,2.186625,7.0
10.908901,14.561678,53.671143,3458.076311,1.621603,60.843546,5.742802,2.139345,7.0
10.930282,14.600729,53.808775,3454.675943,1.580906,60.869401,5.62162,2.094201,7.0
10.951627,14.639753,53.942667,3451.348319,1.537308,60.89495,5.506106,2.051169,7.0
10.972937,14.67876,54.072588,3448.091144,1.490941,60.920206,5.396185,2.010221,7.0
10.994206,14.717745,54.198307,3444.90214,1.441938,60.945191,5.291776,1.971326,7.0
11.015437,14.756702,54.319619,3441.779034,1.390418,60.969915,5.192789,1.934451,7.0
11.036639,14.795636,54.436331,3438.719563,1.336502,60.994389,5.099133,1.899561,7.0
11.057804,14.834549,54.548255,3435.721499,1.280317,61.018639,5.010712,1.866622,7.0
11.078933,14.873438,54.655203,3432.782634,1.221982,61.042669,4.92743,1.835597,7.0
11.100028,14.912308,54.757018,3429.900773,1.161621,61.066501,4.849191,1.806451,7.0
11.121095,14.951159,54.853529,3427.073759,1.099339,61.090139,4.775897,1.779147,7.0
11.142126,14.989984,54.944605,3424.299434,1.035253,61.113605,4.707454,1.753651,7.0
11.16312,15.0288,55.030036,3421.576176,0.969477,61.136918,4.643817,1.729944,7.0
11.184086,15.067588,55.109492,3418.903456,0.902044,61.16007,4.585056,1.708054,7.0
11.205025,15.106358,55.183109,3416.27689,0.833162,61.183088,4.53087,1.687868,7.0
11.225929,15.145109,55.250777,3413.69442,0.762931,61.205987,4.481177,1.669356,7.0
11.246797,15.183851,55.312391,3411.154005,0.691454,61.228785,4.435901,1.65249,7.0
11.267636,15.222569,55.367866,3408.653622,0.618834,61.251484,4.394972,1.637243,7.0
11.288449,15.261273,55.417123,3406.191246,0.545178,61.274104,4.358323,1.62359,7.0
11.309234,15.299963,55.460079,3403.76488,0.470585,61.296659,4.325895,1.61151,7.0
11.329986,15.338634,55.496673,3401.372513,0.395147,61.319151,4.297632,1.600981,7.0
11.350708,15.377287,55.526854,3399.012148,0.31897,61.341597,4.273486,1.591986,7.0
11.371403,15.415927,55.550565,3396.681795,0.242155,61.364011,4.253416,1.584509,7.0
11.39207,15.454549,55.567762,3394.379452,0.164793,61.386402,4.237383,1.578537,7.0
11.412707,15.493156,55.578417,3392.103114,0.08698,61.408784,4.225359,1.574057,7.0
11.433315,15.531753,55.582511,3389.850768,0.008811,61.431169,4.217319,1.571062,7.0
11.453899,15.570332,55.580019,3387.620392,-0.069613,61.453565,4.213246,1.569545,7.0
11.474449,15.608903,55.570934,3385.409947,-0.1482,61.475985,4.213129,1.569502,7.0
11.494972,15.647451,55.555259,3383.217363,-0.226858,61.498441,4.216963,1.57093,7.0
11.515469,15.685989,55.532992,3381.040577,-0.305497,61.520938,4.224749,1.57383,7.0
11.535938,15.724509,55.504156,3378.877477,-0.384002,61.543506,4.236494,1.578206,7.0
11.55638,15.763021,55.468761,3376.725938,-0.462304,61.566138,4.252213,1.584061,7.0
11.576785,15.801523,55.426781,3374.583866,-0.540287,61.588852,4.271968,1.59142,7.0
11.597172,15.840007,55.378031,3372.449139,-0.617829,61.611669,4.295924,1.600345,7.0
11.617532,15.878473,55.322845,3370.319108,-0.694858,61.634586,4.323934,1.610779,7.0
11.637856,15.916929,55.261284,3368.191479,-0.771274,61.657626,4.356035,1.622738,7.0
11.658152,15.955376,55.193414,3366.063933,-0.846974,61.680801,4.392271,1.636237,7.0
11.678421,15.993799,55.119303,3363.934083,-0.921863,61.704118,4.432689,1.651293,7.0
11.698664,16.032216,55.039034,3361.799498,-0.995835,61.727585,4.477342,1.667928,7.0
11.718879,16.070621,54.952698,3359.657713,-1.068785,61.751225,4.526285,1.68616,7.0
11.739067,16.109007,54.860388,3357.506178,-1.140611,61.775051,4.57958,1.706014,7.0
11.759223,16.14738,54.762209,3355.342309,-1.211211,61.799066,4.63729,1.727512,7.0
11.779348,16.185745,54.658275,3353.163454,-1.280474,61.823289,4.699481,1.75068,7.0
11.799446,16.224096,54.548711,3350.966889,-1.348289,61.847738,4.766222,1.775543,7.0
11.819516,16.262429,54.433647,3348.749843,-1.414547,61.872415,4.837583,1.802127,7.0
11.839557,16.300748,54.313228,3346.509481,-1.479131,61.89734,4.913636,1.830459,7.0
11.859564,16.339055,54.187607,3344.242889,-1.541932,61.922535,4.99445,1.860564,7.0
11.879542,16.377344,54.056945,3341.947106,-1.602834,61.948005,5.080097,1.89247,7.0
11.899488,16.415616,53.921402,3339.619096,-1.661713,61.973764,5.170642,1.9262,7.0
11.919411,16.453878,53.781167,3337.255758,-1.718457,61.999826,5.266151,1.96178,7.0
11.939292,16.492123,53.636433,3334.853939,-1.772937,62.026221,5.366683,1.999231,7.0
11.959145,16.530349,53.48739,3332.410416,-1.825027,62.05294,5.472293,2.038573,7.0
11.978971,16.568567,53.334206,3329.921385,-1.874587,62.080024,5.583084,2.079846,7.0
11.998759,16.606765,53.17699,3327.381662,-1.921384,62.107493,5.699267,2.123127,7.0
12.018512,16.644946,53.016163,3324.789863,-1.965401,62.135349,5.820639,2.168341,7.0
12.038228,16.683109,52.851962,3322.142571,-2.006512,62.163609,5.947209,2.215492,7.0
12.057916,16.721246,52.684633,3319.436339,-2.044596,62.192282,6.078974,2.264578,7.0
12.07757,16.75937,52.514445,3316.667692,-2.07952,62.221391,6.215911,2.31559,7.0
12.097181,16.797479,52.34167,3313.833135,-2.111155,62.250947,6.357977,2.368514,7.0
12.11676,16.83557,52.166586,3310.929185,-2.139372,62.280967,6.505108,2.423324,7.0
12.136306,16.873637,51.989491,3307.952359,-2.164052,62.311472,6.657214,2.479987,7.0
12.15581,16.911682,51.810687,3304.899206,-2.185069,62.342472,6.814179,2.538461,7.0
12.175275,16.949709,51.630485,3301.766311,-2.2023,62.373986,6.975856,2.59869,7.0
12.194703,16.987714,51.449203,3298.550314,-2.215631,62.406028,7.142066,2.660607,7.0
12.214096,17.025692,51.267172,3295.247932,-2.224952,62.438606,7.312595,2.724134,7.0
12.233445,17.063646,51.084734,3291.855979,-2.230152,62.471743,7.487193,2.789176,7.0
12.25275,17.101579,50.902226,3288.371394,-2.23113,62.505444,7.665569,2.855626,7.0
12.27202,17.139488,50.72,3284.79124,-2.227794,62.539723,7.847391,2.923359,7.0
12.29124,17.177375,50.538424,3281.112747,-2.220052,62.57459,8.032284,2.992237,7.0
12.310421,17.215227,50.357859,3277.333351,-2.207834,62.610062,8.219829,3.062102,7.0
12.32955,17.253053,50.178667,3273.450679,-2.191065,62.646146,8.40956,3.132782,7.0
12.348642,17.290851,50.001229,3269.462616,-2.169695,62.682842,8.600967,3.204087,7.0
12.367679,17.328622,49.825939,3265.366026,-2.143619,62.720167,8.793498,3.27581,7.0
12.38667,17.366356,49.653299,3261.155762,-2.112666,62.758149,8.98652,3.347715,7.0
12.405615,17.404062,49.483588,3256.835366,-2.077016,62.796761,9.179328,3.419541,7.0
12.424516,17.441733,49.317172,3252.404012,-2.036685,62.835995,9.371227,3.491029,7.0
12.443356,17.479376,49.154424,3247.861268,-1.99169,62.875865,9.561484,3.561904,7.0
12.462147,17.516977,48.995725,3243.207099,-1.942063,62.916353,9.749331,3.631882,7.0
12.480887,17.554547,48.841431,3238.441885,-1.887872,62.957452,9.933971,3.700665,7.0
12.499579,17.592077,48.691896,3233.566466,-1.829187,62.999163,10.114582,3.767948,7.0
12.518214,17.629568,48.547466,3228.582126,-1.766112,63.041469,10.290329,3.833418,7.0
12.536792,17.667023,48.40848,3223.490616,-1.698766,63.084354,10.460362,3.89676,7.0
12.555311,17.704437,48.275259,3218.294178,-1.627288,63.1278,10.623833,3.957657,7.0
12.57378,17.741801,48.148148,3212.995417,-1.550894,63.156335,10.779837,4.015773,3.92545
12.592209,17.779116,48.027522,3207.597353,-1.469608,63.167199,10.927424,4.070753,0.0
12.6106,17.816382,47.913703,3202.103646,-1.384724,63.178057,11.065711,4.122269,0.0
12.628958,17.853591,47.806942,3196.518572,-1.296467,63.188912,11.193922,4.17003,0.0
12.647273,17.89074,47.707481,3190.846854,-1.205102,63.199758,11.311323,4.213766,0.0
12.665551,17.927833,47.615537,3185.093655,-1.110888,63.210598,11.417239,4.253222,0.0
12.683785,17.964863,47.531282,3179.26455,-1.014122,63.221435,11.511057,4.288172,0.0
12.701983,18.001831,47.454897,3173.365481,-0.915104,63.232264,11.592236,4.318413,0.0
12.720144,18.038744,47.386518,3167.402729,-0.814157,63.243084,11.660316,4.343774,0.0
12.73826,18.075593,47.326347,3161.382277,-0.711607,63.253895,11.714752,4.364053,0.0
12.756339,18.112377,47.274739,3155.309918,-0.607762,63.264696,11.754819,4.378979,0.0
12.774372,18.149089,47.231374,3149.195207,-0.503056,63.275489,11.78093,4.388706,0.0
12.792361,18.185746,47.196294,3143.045364,-0.39784,63.28628,11.79301,4.393207,0.0
12.810312,18.222333,47.16948,3136.867726,-0.292485,63.297056,11.791084,4.392489,0.0
12.828221,18.258855,47.150897,3130.669664,-0.187335,63.307822,11.775271,4.386598,0.0
12.846091,18.295315,47.140492,3124.458536,-0.082752,63.318578,11.745787,4.375615,0.0
12.863918,18.331704,47.138167,3118.241662,0.020907,63.329325,11.702935,4.359651,0.0
12.881701,18.368028,47.143804,3112.026256,0.123306,63.340064,11.647108,4.338854,0.0
12.899438,18.404289,47.15727,3105.819385,0.224102,63.350793,11.578775,4.313398,0.0
12.917136,18.440482,47.178389,3099.627934,0.322968,63.361513,11.498479,4.283486,0.0
12.934793,18.476608,47.206976,3093.458558,0.419596,63.372225,11.406827,4.249343,0.0
12.952409,18.512666,47.242821,3087.317644,0.51369,63.382927,11.304481,4.211217,0.0
12.969986,18.548656,47.285684,3081.211293,0.604966,63.39362,11.192154,4.169372,0.0
12.987517,18.584583,47.335322,3075.145291,0.693162,63.404305,11.070593,4.124087,0.0
13.005006,18.620447,47.391457,3069.125081,0.778033,63.41498,10.940577,4.075653,0.0
13.022457,18.656246,47.453802,3063.155743,0.859351,63.425648,10.802904,4.024366,0.0
13.039865,18.691975,47.52207,3057.241986,0.936919,63.436314,10.658386,3.970529,0.0
13.057236,18.727649,47.59594,3051.38813,1.010538,63.446963,10.507835,3.914445,0.0
13.074571,18.763252,47.675094,3045.598133,1.080056,63.457612,10.352062,3.856416,0.0
13.091851,18.79879,47.759253,3039.876449,1.145272,63.468251,10.19182,3.796721,0.0
13.109103,18.834273,47.848178,3034.228586,1.205917,63.478882,10.027837,3.735633,0.0
13.12631,18.869692,47.94133,3028.654357,1.262082,63.489512,9.861055,3.673503,0.0
13.143481,18.905048,48.038349,3023.156145,1.313681,63.500134,9.692199,3.610599,0.0
13.160615,18.940342,48.138873,3017.735944,1.360653,63.510755,9.521959,3.54718,0.0
13.177714,18.97558,48.24255,3012.395408,1.402962,63.521375,9.350992,3.483491,0.0
13.194769,19.010763,48.349017,3007.135874,1.440571,63.531989,9.179915,3.41976,0.0
13.211793,19.045893,48.457929,3001.958368,1.473474,63.5426,9.009307,3.356204,0.0
13.228777,19.080963,48.568922,2996.863622,1.501682,63.553212,8.839705,3.293023,0.0
13.245728,19.115981,48.681649,2991.85209,1.525212,63.563817,8.671604,3.230401,0.0
13.262646,19.150944,48.795759,2986.923974,1.544096,63.574424,8.505461,3.168508,0.0
13.279529,19.185852,48.910908,2982.079232,1.55838,63.585035,8.341689,3.107499,0.0
13.296375,19.220712,49.026762,2977.317609,1.56812,63.595643,8.180663,3.047512,0.0
13.313189,19.255521,49.142986,2972.638649,1.573382,63.606248,8.022721,2.988675,0.0
13.329973,19.290283,49.259262,2968.041697,1.574244,63.616859,7.868161,2.931097,0.0
13.346724,19.324993,49.375271,2963.525947,1.570792,63.627473,7.717248,2.874878,0.0
13.363445,19.359657,49.490698,2959.090431,1.563114,63.638093,7.570214,2.820104,0.0
13.380132,19.394277,49.605243,2954.734051,1.551306,63.648714,7.427257,2.766849,0.0
13.396791,19.428852,49.718623,2950.455593,1.535486,63.659336,7.28855,2.715177,0.0
13.413415,19.463381,49.830543,2946.253704,1.515756,63.669966,7.154235,2.665141,0.0
13.430011,19.497865,49.940702,2942.127959,1.492177,63.680596,7.024494,2.616809,0.0
13.446579,19.532303,50.048769,2938.07884,1.464772,63.691236,6.899561,2.570268,0.0
13.463111,19.566704,50.154555,2934.101587,1.433819,63.701884,6.779318,2.525474,0.0
13.479624,19.60106,50.257819,2930.194535,1.399454,63.712533,6.663818,2.482448,0.0
13.496103,19.63538,50.358326,2926.355962,1.36179,63.723191,6.5531,2.441202,0.0
13.512553,19.669664,50.45585,2922.584121,1.320959,63.733857,6.447188,2.401747,0.0
13.528984,19.703904,50.550186,2918.877207,1.277084,63.744532,6.346091,2.364086,0.0
13.545383,19.738113,50.641116,2915.233381,1.230302,63.755216,6.249812,2.328219,0.0
13.561753,19.772283,50.728454,2911.650793,1.180741,63.765903,6.158339,2.294143,0.0
13.5781,19.806413,50.812015,2908.127558,1.128524,63.776601,6.071658,2.261852,0.0
13.594425,19.840507,50.891618,2904.661763,1.073785,63.787312,5.989743,2.231337,0.0
13.610719,19.874569,50.967097,2901.25149,1.016655,63.798032,5.912566,2.202586,0.0
13.626988,19.908601,51.038298,2897.894809,0.95726,63.808761,5.840093,2.175588,0.0
13.643238,19.942597,51.10508,2894.589764,0.89573,63.8195,5.772289,2.15033,0.0
13.659458,19.976556,51.167305,2891.334396,0.832191,63.830247,5.709115,2.126796,0.0
13.675657,20.010482,51.224835,2888.126735,0.766773,63.841003,5.650531,2.104971,0.0
13.69183,20.044381,51.277554,2884.964818,0.699606,63.85177,5.596495,2.084842,0.0
13.707977,20.078252,51.32536,2881.84664,0.630806,63.862553,5.546968,2.066392,0.0
13.724105,20.112087,51.368144,2878.770212,0.560506,63.873347,5.50191,2.049606,0.0
13.740206,20.145896,51.405822,2875.733536,0.488825,63.884158,5.461283,2.034471,0.0
13.756289,20.179677,51.438235,2872.73508,0.415877,63.894968,5.425108,2.020995,0.0
13.772344,20.213421,51.465164,2869.773666,0.341756,63.905798,5.393471,2.00921,0.0
13.788381,20.247137,51.486748,2866.845687,0.266644,63.916636,5.366157,1.999035,0.0
13.804391,20.280827,51.502936,2863.949088,0.190659,63.927492,5.343135,1.990458,0.0
13.820383,20.314489,51.513685,2861.081804,0.113928,63.938358,5.324381,1.983472,0.0
13.836349,20.348117,51.51896,2858.241755,0.036564,63.949233,5.309871,1.978067,0.0
13.852295,20.381723,51.518733,2855.426844,-0.041309,63.960124,5.299586,1.974235,0.0
13.868222,20.415298,51.51298,2852.634948,-0.119576,63.971027,5.29351,1.971972,0.0
13.884126,20.448849,51.501686,2849.863931,-0.198109,63.981945,5.291629,1.971271,0.0
13.900003,20.482371,51.484849,2847.11163,-0.276788,63.992875,5.293935,1.97213,0.0
13.915858,20.515867,51.462472,2844.37586,-0.355498,64.003814,5.300422,1.974547,0.0
13.931695,20.549336,51.43457,2841.654409,-0.434115,64.014766,5.311088,1.97852,0.0
13.947514,20.582777,51.401162,2838.945032,-0.51252,64.025737,5.325934,1.984051,0.0
13.963311,20.616194,51.362279,2836.245457,-0.590595,64.036718,5.344963,1.991139,0.0
13.979085,20.649579,51.317956,2833.553387,-0.668217,64.047706,5.368183,1.999789,0.0
13.994838,20.682945,51.268241,2830.866486,-0.745265,64.058709,5.395602,2.010004,0.0
14.010566,20.716283,51.213193,2828.182379,-0.821617,64.069723,5.427234,2.021787,0.0
14.026275,20.749594,51.152874,2825.498661,-0.897141,64.080753,5.463091,2.035145,0.0
14.041966,20.78287,51.087351,2822.812889,-0.971726,64.091794,5.503189,2.050083,0.0
14.057631,20.816127,51.016703,2820.122589,-1.045253,64.102852,5.547544,2.066606,0.0
14.073277,20.849357,50.940952,2817.425085,-1.117565,64.113909,5.596237,2.084746,0.0
14.088904,20.882559,50.860076,2814.717387,-1.18849,64.124986,5.6494,2.10455,0.0
14.104505,20.915734,50.774374,2811.997156,-1.257968,64.13608,5.706875,2.125961,0.0
14.120087,20.948882,50.683974,2809.261775,-1.325855,64.147176,5.768677,2.148984,0.0
14.135643,20.982003,50.588995,2806.50854,-1.39203,64.158287,5.834819,2.173624,0.0
14.151186,21.015097,50.489572,2803.734746,-1.456374,64.16941,5.905312,2.199884,0.0
14.1667,21.048164,50.385846,2800.937643,-1.518747,64.180541,5.980164,2.227768,0.0
14.182191,21.081198,50.277976,2798.114443,-1.579017,64.191681,6.059375,2.257277,0.0
14.197664,21.114208,50.166111,2795.262326,-1.63707,64.202836,6.142942,2.288408,0.0
14.213114,21.147188,50.050417,2792.378445,-1.692767,64.213998,6.230856,2.321158,0.0
14.228541,21.180138,49.931077,2789.459946,-1.745975,64.225165,6.323098,2.35552,0.0
14.243946,21.21306,49.808274,2786.503942,-1.796574,64.236345,6.419639,2.391485,0.0
14.259328,21.245952,49.682198,2783.507525,-1.844436,64.247536,6.520444,2.429037,0.0
14.274688,21.278811,49.553056,2780.467793,-1.889427,64.25873,6.625461,2.468158,0.0
14.290025,21.31164,49.421062,2777.381844,-1.931428,64.269933,6.734628,2.508826,0.0
14.305341,21.344436,49.286426,2774.24678,-1.970303,64.281145,6.847867,2.551011,0.0
14.32063,21.377203,49.149372,2771.059714,-2.005946,64.292365,6.965086,2.594678,0.0
14.335892,21.409935,49.010148,2767.817775,-2.038222,64.303585,7.086174,2.639786,0.0
14.351128,21.442639,48.86898,2764.518154,-2.067023,64.314815,7.211,2.686287,0.0
14.366345,21.475307,48.726132,2761.158065,-2.092237,64.326053,7.339416,2.734126,0.0
14.381535,21.507939,48.58184,2757.733802,-2.113697,64.337291,7.471297,2.783255,0.0
14.396707,21.540533,48.43634,2754.240815,-2.131186,64.348539,7.606515,2.833627,0.0
14.411842,21.573091,48.289981,2750.67913,-2.144761,64.359786,7.744707,2.885107,0.0
14.426959,21.605613,48.143025,2747.046306,-2.154339,64.371034,7.885624,2.937602,0.0
14.442049,21.638099,47.995762,2743.339998,-2.159824,64.38229,8.02899,2.99101,0.0
14.457113,21.670542,47.848471,2739.558024,-2.161148,64.393547,8.174503,3.045218,0.0
14.472149,21.702954,47.701441,2735.698327,-2.15824,64.404804,8.321833,3.100102,0.0
14.487159,21.735319,47.554966,2731.759035,-2.151041,64.416061,8.47062,3.155529,0.0
14.502135,21.767643,47.409345,2727.738441,-2.139507,64.427319,8.620479,3.211355,0.0
14.517087,21.79993,47.264864,2723.635049,-2.123604,64.438576,8.770997,3.267427,0.0
14.532015,21.832176,47.121822,2719.447582,-2.103305,64.449833,8.921733,3.32358,0.0
14.546912,21.864373,46.980518,2715.17499,-2.078596,64.461086,9.072223,3.379642,0.0
14.561778,21.896524,46.841242,2710.816479,-2.049484,64.472334,9.221977,3.435429,0.0
14.576616,21.928635,46.704294,2706.371517,-2.015988,64.483581,9.370486,3.490752,0.0
14.591424,21.960699,46.569961,2701.839849,-1.978135,64.494826,9.517218,3.545414,0.0
14.606198,21.992711,46.438525,2697.221516,-1.935979,64.506064,9.661628,3.599211,0.0
14.620944,22.024678,46.310272,2692.516861,-1.889583,64.517301,9.803156,3.651934,0.0
14.635655,22.056597,46.185472,2687.726552,-1.839027,64.528529,9.941234,3.703371,0.0
14.650339,22.088455,46.064396,2682.851546,-1.784414,64.539756,10.075288,3.75331,0.0
14.664995,22.120277,45.947282,2677.893167,-1.725847,64.550966,10.204742,3.801535,0.0
14.679606,22.152035,45.834473,2672.851826,-1.663415,64.562176,10.328937,3.847801,0.0
14.694198,22.183736,45.726315,2667.727692,-1.597191,64.573376,10.447128,3.89183,0.0
14.708745,22.215393,45.622852,2662.52641,-1.5275,64.584567,10.558979,3.933497,0.0
14.723264,22.246987,45.524312,2657.250672,-1.454528,64.595741,10.663967,3.972608,0.0
14.737748,22.278527,45.430879,2651.903468,-1.378478,64.606913,10.761595,4.008977,0.0
14.752197,22.310005,45.342722,2646.488097,-1.299569,64.61807,10.851398,4.042431,0.0
14.766609,22.341427,45.260005,2641.008158,-1.218034,64.629216,10.932947,4.072811,0.0
14.780985,22.372795,45.182877,2635.467513,-1.134126,64.640353,11.005855,4.09997,0.0
14.795325,22.404103,45.111464,2629.870276,-1.04811,64.651475,11.069778,4.123783,0.0
14.809629,22.435348,45.045865,2624.220795,-0.960248,64.662584,11.124423,4.14414,0.0
14.823902,22.466531,44.986169,2618.523623,-0.870824,64.673685,11.169548,4.160951,0.0
14.83814,22.49765,44.932448,2612.783497,-0.780135,64.684772,11.204968,4.174145,0.0
14.852336,22.528706,44.884749,2607.00531,-0.688474,64.695841,11.230553,4.183676,0.0
14.866496,22.559699,44.843097,2601.194068,-0.596139,64.706895,11.246232,4.189517,0.0
14.88062,22.590629,44.807499,2595.35487,-0.503436,64.71794,11.251992,4.191663,0.0
14.894706,22.621497,44.777952,2589.492904,-0.410678,64.728974,11.24788,4.190131,0.0
14.908751,22.652301,44.75441,2583.613368,-0.318161,64.73999,11.234,4.184961,0.0
14.922766,22.683041,44.736831,2577.721475,-0.226202,64.750988,11.210513,4.176211,0.0
14.936737,22.71371,44.725138,2571.822406,-0.135084,64.761969,11.177632,4.163962,0.0
14.950681,22.744325,44.719246,2565.921299,-0.045122,64.772941,11.135622,4.148312,0.0
14.964579,22.774867,44.719142,2560.023327,0.043378,64.783904,11.084663,4.129329,0.0
14.978431,22.805334,44.7248,2554.133991,0.130072,64.794838,11.024941,4.107081,0.0
14.992255,22.835746,44.73587,2548.257947,0.214755,64.805764,10.957209,4.081849,0.0
15.006043,22.866088,44.752189,2542.39983,0.297171,64.81668,10.881903,4.053795,0.0
15.019788,22.896366,44.773581,2536.564076,0.377066,64.82758,10.799489,4.023094,0.0
15.033496,22.926581,44.799853,2530.754934,0.45422,64.838461,10.710454,3.989926,0.0
15.047174,22.956726,44.830809,2524.976452,0.528416,64.849332,10.615309,3.954482,0.0
15.060812,22.986811,44.866234,2519.232435,0.599451,64.860193,10.514574,3.916955,0.0
15.074411,23.016831,44.905903,2513.526476,0.667141,64.871039,10.408781,3.877545,0.0
15.087974,23.046784,44.949589,2507.861921,0.731319,64.881873,10.298467,3.83645,0.0
15.101502,23.076679,44.997054,2502.241877,0.791832,64.892693,10.184167,3.79387,0.0
15.114993,23.106512,45.048047,2496.669204,0.84854,64.9035,10.066417,3.750005,0.0
15.128448,23.13628,45.102312,2491.146503,0.901324,64.914297,9.94574,3.70505,0.0
15.141867,23.165987,45.159591,2485.676133,0.950084,64.925085,9.822653,3.659197,0.0
15.155254,23.195629,45.219626,2480.260219,0.994733,64.935862,9.697657,3.612632,0.0
15.168608,23.225213,45.282152,2474.900636,1.035198,64.946625,9.571238,3.565538,0.0
15.181921,23.254737,45.346903,2469.599016,1.071423,64.957385,9.443863,3.518088,0.0
15.195206,23.284205,45.413602,2464.356784,1.103361,64.968129,9.31598,3.470448,0.0
15.208455,23.313611,45.481983,2459.175111,1.130995,64.978871,9.188014,3.422777,0.0
15.221668,23.342964,45.551784,2454.054981,1.15431,64.989597,9.060368,3.375226,0.0
15.234853,23.372261,45.622748,2448.998213,1.173224,65.000322,8.933441,3.327942,0.0
15.248002,23.401493,45.694609,2444.006807,1.187668,65.011038,8.807635,3.281076,0.0
15.261123,23.43067,45.767059,2439.078707,1.197828,65.021745,8.683252,3.23474,0.0
15.274208,23.459794,45.839852,2434.214085,1.203738,65.032451,8.560595,3.189047,0.0
15.287258,23.488864,45.912718,2429.412962,1.205455,65.043149,8.439942,3.144101,0.0
15.300279,23.517887,45.985422,2424.675215,1.203039,65.053839,8.321551,3.099997,0.0
15.313273,23.546851,46.057713,2420.000555,1.196542,65.064533,8.205655,3.056823,0.0
15.326241,23.575765,46.129349,2415.388584,1.186047,65.075217,8.092468,3.014657,0.0
15.339175,23.604628,46.200105,2410.838764,1.17163,65.085894,7.98218,2.973572,0.0
15.352078,23.633443,46.269753,2406.35044,1.153381,65.096572,7.874965,2.933632,0.0
15.36495,23.662212,46.338069,2401.922858,1.131396,65.10725,7.770976,2.894893,0.0
15.377795,23.690932,46.404845,2397.555161,1.105773,65.117928,7.670349,2.857407,0.0
15.390613,23.719598,46.469877,2393.246397,1.076619,65.128602,7.573205,2.821218,0.0
15.403403,23.748217,46.532961,2388.995534,1.04404,65.13927,7.479649,2.786366,0.0
15.416169,23.776797,46.59391,2384.801464,1.008147,65.149938,7.38977,2.752884,0.0
15.428901,23.80533,46.652545,2380.663001,0.969065,65.160609,7.303649,2.720801,0.0
15.441606,23.833812,46.708679,2376.578892,0.926913,65.171284,7.221349,2.690143,0.0
15.454285,23.862257,46.762151,2372.547826,0.881811,65.181953,7.142928,2.660929,0.0
15.466945,23.890657,46.812801,2368.568438,0.833887,65.192622,7.068432,2.633177,0.0
15.47957,23.919012,46.860483,2364.639307,0.783269,65.203299,6.997897,2.606901,0.0
15.492176,23.947322,46.90499,2360.759777,0.730042,65.213977,6.931421,2.582137,0.0
15.504754,23.975594,46.946103,2356.929202,0.67431,65.224655,6.869115,2.558926,0.0
15.517305,24.003821,46.983835,2353.144165,0.616281,65.235333,6.810841,2.537218,0.0
15.529829,24.032011,47.018058,2349.403053,0.556108,65.24601,6.756609,2.517015,0.0
15.542327,24.060158,47.048653,2345.704227,0.493927,65.256696,6.706426,2.49832,0.0
15.554804,24.088267,47.075536,2342.046019,0.42986,65.267383,6.660294,2.481135,0.0
15.567257,24.116333,47.098605,2338.426718,0.36406,65.278077,6.618214,2.465459,0.0
15.579682,24.14436,47.11778,2334.844589,0.296658,65.288774,6.580181,2.45129,0.0
15.592087,24.172351,47.132976,2331.297868,0.227788,65.299471,6.54619,2.438628,0.0
15.604468,24.200307,47.144131,2327.784749,0.157592,65.310173,6.516236,2.427469,0.0
15.616827,24.228221,47.151189,2324.303406,0.086208,65.320879,6.49031,2.417811,0.0
15.629164,24.256095,47.154095,2320.851984,0.013778,65.331585,6.468402,2.40965,0.0
15.641473,24.283937,47.152801,2317.428599,-0.059562,65.342299,6.450503,2.402982,0.0
15.653759,24.311745,47.147271,2314.03134,-0.133673,65.353021,6.436602,2.397804,0.0
15.666024,24.339511,47.137485,2310.658269,-0.208411,65.36374,6.426689,2.394111,0.0
15.678265,24.367241,47.12342,2307.307412,-0.283636,65.374467,6.420752,2.391899,0.0
15.690486,24.394935,47.105061,2303.976782,-0.359216,65.385202,6.418781,2.391165,0.0
15.702681,24.422593,47.08241,2300.664356,-0.435007,65.395938,6.420764,2.391903,0.0
15.714857,24.450215,47.055467,2297.368078,-0.510857,65.406682,6.426689,2.394111,0.0
15.727006,24.477801,47.024241,2294.085881,-0.586647,65.417427,6.436545,2.397782,0.0
15.739137,24.50536,46.988674,2290.815827,-0.662218,65.42818,6.450388,2.402939,0.0
15.751241,24.532872,46.948726,2287.555815,-0.737406,65.438934,6.468285,2.409606,0.0
15.763326,24.560348,46.904584,2284.303223,-0.812092,65.449697,6.490074,2.417723,0.0
15.775384,24.587796,46.856297,2281.055875,-0.886132,65.46046,6.515739,2.427284,0.0
15.787424,24.615202,46.803919,2277.811549,-0.959382,65.471231,6.545265,2.438283,0.0
15.799438,24.642577,46.747498,2274.568011,-1.031704,65.482004,6.578635,2.450715,0.0
15.811432,24.669918,46.687121,2271.322997,-1.102964,65.492783,6.61583,2.464571,0.0
15.823408,24.697218,46.622849,2268.074219,-1.173011,65.503566,6.656827,2.479843,0.0
15.83536,24.724483,46.554769,2264.819377,-1.241716,65.514354,6.701604,2.496524,0.0
15.847285,24.751717,46.482976,2261.556141,-1.308934,65.52514,6.75013,2.514601,0.0
15.859188,24.778914,46.407565,2258.282175,-1.374528,65.535932,6.802376,2.534064,0.0
15.871073,24.806076,46.328637,2254.995119,-1.438369,65.546729,6.858303,2.554898,0.0
15.882937,24.833201,46.246312,2251.692601,-1.500314,65.557528,6.917872,2.577089,0.0
15.894776,24.860287,46.160708,2248.372249,-1.560223,65.568336,6.981035,2.600619,0.0
15.906595,24.887334,46.07195,2245.031675,-1.617972,65.579137,7.047739,2.625468,0.0
15.918386,24.914351,45.980175,2241.6685,-1.673428,65.58994,7.117923,2.651613,0.0
15.930153,24.941331,45.885519,2238.280327,-1.72646,65.600751,7.191518,2.67903,0.0
15.941901,24.968268,45.78814,2234.864798,-1.776934,65.611562,7.26845,2.707689,0.0
15.95363,24.995177,45.688178,2231.41953,-1.824724,65.622372,7.348631,2.737558,0.0
15.965324,25.022041,45.58581,2227.942195,-1.869719,65.633184,7.431965,2.768603,0.0
15.977009,25.048868,45.481151,2224.429783,-1.911737,65.644004,7.5184,2.800802,0.0
15.988656,25.075649,45.374354,2220.87914,-1.950589,65.654815,7.607864,2.834129,0.0
16.000294,25.102393,45.265682,2217.289293,-1.986276,65.665625,7.700109,2.868493,0.0
16.011898,25.129102,45.155322,2213.658049,-2.018695,65.676436,7.794991,2.903839,0.0
16.023482,25.155766,45.043459,2209.983261,-2.047744,65.687247,7.892352,2.940109,0.0
16.03504,25.182393,44.930297,2206.262854,-2.073321,65.698058,7.992018,2.977237,0.0
16.046571,25.208978,44.816026,2202.494818,-2.095338,65.708868,8.093803,3.015155,0.0
16.058081,25.235523,44.700851,2198.677236,-2.113716,65.719673,8.197505,3.053786,0.0
16.069568,25.262027,44.584978,2194.808264,-2.128373,65.730474,8.302906,3.093051,0.0
16.081028,25.288485,44.468613,2190.88617,-2.13924,65.741275,8.409775,3.132863,0.0
16.092461,25.314899,44.351974,2186.909333,-2.146258,65.752071,8.517865,3.173129,0.0
16.103871,25.341268,44.235276,2182.87625,-2.14937,65.762859,8.626912,3.213752,0.0
16.115255,25.367591,44.118729,2178.78555,-2.148538,65.773641,8.736641,3.254629,0.0
16.12661,25.39387,44.00255,2174.635997,-2.143733,65.78442,8.84676,3.295651,0.0
16.137944,25.420104,43.886961,2170.426508,-2.13493,65.795193,8.956965,3.336705,0.0
16.149251,25.446292,43.772174,2166.156163,-2.122119,65.805963,9.066937,3.377673,0.0
16.16053,25.472434,43.658409,2161.824209,-2.105297,65.816725,9.176349,3.418431,0.0
16.171775,25.498523,43.545868,2157.430061,-2.084475,65.827476,9.28486,3.458855,0.0
16.183001,25.524568,43.434777,2152.973344,-2.059688,65.83821,9.392123,3.498813,0.0
16.1942,25.550566,43.325333,2148.453847,-2.030979,65.848945,9.497783,3.538174,0.0
16.205362,25.57651,43.217786,2143.870395,-1.998309,65.85967,9.601433,3.576786,0.0
16.216506,25.602398,43.112386,2139.222099,-1.961692,65.870386,9.702639,3.614488,0.0
16.227614,25.628232,43.009258,2134.511716,-1.921357,65.881093,9.801109,3.651171,0.0
16.238694,25.65402,42.908591,2129.739929,-1.877396,65.891782,9.896479,3.686699,0.0
16.249747,25.679748,42.81057,2124.907599,-1.829912,65.902462,9.98839,3.720938,0.0
16.260773,25.705427,42.715362,2120.015829,-1.779043,65.913132,10.076492,3.753759,0.0
16.271766,25.731054,42.623128,2115.065927,-1.724919,65.923787,10.160443,3.785032,0.0
16.282728,25.756621,42.534029,2110.059411,-1.667687,65.93443,10.239913,3.814637,0.0
16.293664,25.782131,42.448214,2104.997998,-1.607512,65.945058,10.314587,3.842455,0.0
16.304568,25.807587,42.365813,2099.883622,-1.544574,65.955668,10.38417,3.868377,0.0
16.31544,25.832984,42.286949,2094.718404,-1.479066,65.966265,10.448386,3.892299,0.0
16.326281,25.858322,42.211742,2089.504647,-1.411178,65.976852,10.50698,3.914126,0.0
16.337089,25.883603,42.140293,2084.244835,-1.34112,65.987424,10.559724,3.933775,0.0
16.347868,25.908824,42.072693,2078.941608,-1.269124,65.997975,10.606417,3.951169,0.0
16.358613,25.933988,42.009019,2073.597767,-1.195414,66.008514,10.646886,3.966245,0.0
16.369331,25.959089,41.949328,2068.216251,-1.12022,66.019035,10.680988,3.978949,0.0
16.380019,25.984127,41.89367,2062.800127,-1.043786,66.029538,10.708613,3.98924,0.0
16.390665,26.009103,41.842093,2057.35256,-0.966365,66.040023,10.729682,3.997089,0.0
16.401292,26.034024,41.79462,2051.87681,-0.888214,66.05049,10.74415,4.002479,0.0
16.411873,26.058873,41.751251,2046.376225,-0.809586,66.060939,10.752005,4.005405,0.0
16.422428,26.083668,41.712074,2040.853855,-0.730728,66.07138,10.753144,4.005829,0.0
16.432954,26.108388,41.677141,2035.313112,-0.651936,66.081792,10.747517,4.003733,0.0
16.443444,26.133053,41.646258,2029.758249,-0.573471,66.092195,10.735455,3.99924,0.0
16.453899,26.157648,41.619392,2024.192736,-0.49559,66.102572,10.717083,3.992396,0.0
16.464317,26.182186,41.596485,2018.620031,-0.418538,66.11293,10.692555,3.983258,0.0
16.474707,26.206656,41.577462,2013.043564,-0.34257,66.123278,10.66205,3.971894,0.0
16.485063,26.231061,41.562248,2007.466721,-0.26792,66.133602,10.625776,3.958381,0.0
16.495389,26.255402,41.550747,2001.89283,-0.194831,66.143913,10.583964,3.942805,0.0
16.505682,26.279681,41.542862,1996.325148,-0.123519,66.154202,10.536866,3.92526,0.0
16.51594,26.303896,41.538475,1990.766852,-0.05421,66.164476,10.484754,3.905847,0.0
16.526166,26.328049,41.537457,1985.221014,0.012882,66.174731,10.427917,3.884673,0.0
16.536361,26.352134,41.539686,1979.690596,0.07757,66.184967,10.366656,3.861852,0.0
16.546524,26.376155,41.54502,1974.178449,0.139664,66.195191,10.301287,3.837501,0.0
16.556653,26.400116,41.553306,1968.68731,0.198981,66.205393,10.232134,3.811739,0.0
16.566746,26.424009,41.564395,1963.219775,0.255365,66.215577,10.159527,3.784691,0.0
16.576816,26.447845,41.578117,1957.778296,0.30866,66.225753,10.083801,3.756481,0.0
16.586849,26.471612,41.594319,1952.365186,0.358731,66.235905,10.005294,3.727235,0.0
16.596849,26.495322,41.612816,1946.982617,0.405448,66.24604,9.924343,3.697079,0.0
16.60682,26.518962,41.633437,1941.632625,0.448707,66.256165,9.841283,3.666137,0.0
16.616756,26.542548,41.655996,1936.317058,0.4884,66.266272,9.756448,3.634533,0.0
16.626664,26.566069,41.680353,1931.038405,0.524366,66.276371,9.670139,3.602381,0.0
16.636535,26.589525,41.706323,1925.798948,0.556463,66.28645,9.582685,3.569802,0.0
16.646379,26.612918,41.733665,1920.598782,0.584773,66.296512,9.494445,3.53693,0.0
16.656196,26.636257,41.762175,1915.439149,0.609253,66.306564,9.405718,3.503877,0.0
16.665978,26.659533,41.79168,1910.321158,0.629859,66.316599,9.316793,3.470751,0.0
16.675731,26.682754,41.821989,1905.245758,0.646572,66.326623,9.227948,3.437653,0.0
16.685457,26.705915,41.852906,1900.213782,0.659382,66.336639,9.139445,3.404684,0.0
16.69515,26.729012,41.884255,1895.225902,0.668292,66.346639,9.051539,3.371936,0.0
16.704813,26.752052,41.915848,1890.282673,0.673317,66.356627,8.964467,3.3395,0.0
16.714449,26.775038,41.9475,1885.384528,0.674474,66.366606,8.878456,3.307458,0.0
16.724058,26.79797,41.979038,1880.531778,0.671794,66.376576,8.793719,3.275892,0.0
16.733639,26.820848,42.010282,1875.724603,0.665315,66.386537,8.710455,3.244874,0.0
16.74319,26.843668,42.041055,1870.963076,0.655091,66.396485,8.628851,3.214474,0.0
16.752712,26.866428,42.071191,1866.247176,0.641189,66.406421,8.549081,3.184758,0.0
16.76221,26.889138,42.100533,1861.576767,0.623664,66.416355,8.471306,3.155784,0.0
16.771674,26.911797,42.128914,1856.951607,0.602589,66.426278,8.395675,3.12761,0.0
16.781113,26.934398,42.156174,1852.371378,0.578051,66.436186,8.322326,3.100285,0.0
16.790532,26.956952,42.182169,1847.835664,0.550142,66.446093,8.251385,3.073858,0.0
16.799916,26.979452,42.206747,1843.343955,0.51894,66.455992,8.182967,3.04837,0.0
16.809282,27.001898,42.229781,1838.895672,0.484557,66.46589,8.117176,3.023862,0.0
16.81861,27.024289,42.25108,1834.491015,0.447043,66.47577,8.054166,3.000389,0.0
16.82792,27.046633,42.270496,1830.129802,0.406463,66.485649,7.994069,2.978001,0.0
16.837204,27.068924,42.287954,1825.809716,0.363037,66.495529,7.936866,2.956692,0.0
16.84646,27.091168,42.303341,1821.529875,0.316892,66.505392,7.882624,2.936485,0.0
16.855689,27.113368,42.316548,1817.289333,0.268155,66.515253,7.831403,2.917404,0.0
16.864899,27.135509,42.327479,1813.087093,0.21694,66.525114,7.783255,2.899467,0.0
16.874077,27.157606,42.336026,1808.922098,0.16339,66.534968,7.738226,2.882693,0.0
16.883232,27.179655,42.342098,1804.793227,0.107627,66.544813,7.696357,2.867095,0.0
16.892368,27.201662,42.345622,1800.699324,0.049792,66.55466,7.657681,2.852688,0.0
16.901476,27.223617,42.346513,1796.63917,-0.009975,66.564501,7.622228,2.83948,0.0
16.910558,27.245523,42.344703,1792.611502,-0.071536,66.574338,7.590021,2.827482,0.0
16.919622,27.267389,42.340127,1788.61502,-0.134752,66.584175,7.561079,2.816701,0.0
16.92866,27.289206,42.33272,1784.648374,-0.199478,66.594004,7.535418,2.807142,0.0
16.937668,27.310975,42.322438,1780.710174,-0.265566,66.603827,7.513049,2.798808,0.0
16.946659,27.332704,42.309242,1776.798996,-0.332869,66.613649,7.493978,2.791704,0.0
16.955629,27.354382,42.293087,1772.913369,-0.401244,66.623472,7.478209,2.78583,0.0
16.964573,27.376023,42.273945,1769.05178,-0.470536,66.633293,7.465743,2.781186,0.0
16.97349,27.397618,42.251786,1765.2127,-0.540603,66.643108,7.456576,2.777771,0.0
16.98239,27.41916,42.226595,1761.39456,-0.611287,66.652929,7.450702,2.775583,0.0
16.991271,27.440666,42.198369,1757.595745,-0.68245,66.662733,7.448112,2.774618,0.0
17.000115,27.462126,42.16703,1753.814966,-0.753917,66.672546,7.448861,2.774897,0.0
17.00895,27.483539,42.132543,1750.050631,-0.825561,66.68235,7.452977,2.77643,0.0
17.01775,27.504907,42.095031,1746.300436,-0.89719,66.692162,7.460329,2.779169,0.0
17.026538,27.526239,42.054496,1742.562664,-0.968669,66.701959,7.470894,2.783105,0.0
17.035302,27.547527,42.010976,1738.835559,-1.039845,66.711761,7.484647,2.788228,0.0
17.044039,27.568763,41.964485,1735.117363,-1.110558,66.721558,7.501559,2.794528,0.0
17.052755,27.589958,41.915071,1731.406295,-1.180667,66.731352,7.521599,2.801994,0.0
17.061448,27.611117,41.862776,1727.700539,-1.250023,66.741146,7.544731,2.810611,0.0
17.070119,27.632229,41.807639,1723.998279,-1.318474,66.75094,7.570916,2.820365,0.0
17.078772,27.653297,41.749718,1720.297683,-1.385872,66.760729,7.600111,2.831241,0.0
17.087402,27.674324,41.689078,1716.596903,-1.452072,66.770514,7.632268,2.843221,0.0
17.096006,27.695307,41.625781,1712.89409,-1.516935,66.780299,7.667336,2.856285,0.0
17.10459,27.716244,41.559899,1709.187384,-1.580312,66.79008,7.705258,2.870411,0.0
17.113155,27.73714,41.491509,1705.474917,-1.642062,66.799855,7.745973,2.885579,0.0
17.121692,27.757997,41.420694,1701.754834,-1.702057,66.809627,7.789413,2.901761,0.0
17.130214,27.778806,41.347546,1698.025274,-1.760146,66.819393,7.835507,2.918932,0.0
17.138705,27.799567,41.272159,1694.284388,-1.816203,66.829159,7.884176,2.937063,0.0
17.147183,27.820298,41.194627,1690.530335,-1.870107,66.838923,7.935336,2.956122,0.0
17.155627,27.840975,41.115055,1686.761295,-1.921722,66.84868,7.988898,2.976075,0.0
17.164062,27.861606,41.033551,1682.975453,-1.970929,66.858436,8.044762,2.996886,0.0
17.172469,27.882192,40.950191,1679.17061,-2.017554,66.868182,8.102871,3.018533,0.0
17.180849,27.902741,40.865081,1675.344604,-2.061443,66.87792,8.16313,3.040981,0.0
17.18921,27.923236,40.778402,1671.496353,-2.102571,66.887657,8.225343,3.064157,0.0
17.197545,27.943694,40.69029,1667.6242,-2.140828,66.897394,8.289384,3.088014,0.0
17.205861,27.9641,40.600866,1663.72651,-2.176128,66.907116,8.355117,3.112501,0.0
17.214151,27.98446,40.510255,1659.80171,-2.208377,66.916834,8.4224,3.137566,0.0
17.222421,28.004781,40.418606,1655.848285,-2.237489,66.926546,8.491083,3.163152,0.0
17.230667,28.025054,40.326046,1651.864772,-2.263386,66.936254,8.561008,3.189201,0.0
17.238886,28.045278,40.232718,1647.849793,-2.286002,66.945951,8.632009,3.21565,0.0
17.247083,28.065452,40.138769,1643.802026,-2.305273,66.955641,8.703913,3.242437,0.0
17.255262,28.085582,40.044334,1639.72023,-2.321141,66.965321,8.77654,3.269492,0.0
17.263415,28.105667,39.949558,1635.603257,-2.333562,66.974992,8.849704,3.296748,0.0
17.271543,28.125698,39.854591,1631.450046,-2.342504,66.984655,8.92321,3.324131,0.0
17.279652,28.145682,39.759572,1627.259622,-2.347934,66.994307,8.99686,3.351567,0.0
17.287731,28.165621,39.664646,1623.031125,-2.349834,67.003953,9.070449,3.378981,0.0
17.295789,28.185505,39.569959,1618.763797,-2.348197,67.013584,9.143767,3.406294,0.0
17.30382,28.205346,39.475661,1614.456981,-2.343027,67.023205,9.216601,3.433426,0.0
17.311826,28.225128,39.381887,1610.110149,-2.334341,67.032816,9.288733,3.460298,0.0
17.319813,28.244864,39.288776,1605.722881,-2.322156,67.04241,9.359946,3.486826,0.0
17.327773,28.264555,39.19647,1601.294876,-2.3065,67.051995,9.430017,3.512929,0.0
17.335705,28.284182,39.10513,1596.825079,-2.287358,67.061571,9.498691,3.538512,0.0
17.343609,28.303762,39.014915,1592.312975,-2.264756,67.071137,9.565712,3.563479,0.0
17.351487,28.323288,38.925904,1587.760048,-2.238867,67.080677,9.630907,3.587766,0.0
17.359346,28.34276,38.838231,1583.166556,-2.209768,67.090215,9.694062,3.611293,0.0
17.367178,28.362178,38.752026,1578.532872,-2.177567,67.099729,9.754969,3.633982,0.0
17.374984,28.381543,38.667386,1573.859503,-2.142367,67.109231,9.813422,3.655758,0.0
17.382763,28.400853,38.584424,1569.147092,-2.104276,67.118724,9.869226,3.676546,0.0
17.390515,28.420109,38.503249,1564.39641,-2.063418,67.128196,9.922193,3.696278,0.0
17.39824,28.439305,38.423955,1559.608358,-2.019932,67.137651,9.972144,3.714886,0.0
17.405943,28.458449,38.346631,1554.783959,-1.973967,67.147093,10.018912,3.732308,0.0
17.413619,28.477539,38.271357,1549.924356,-1.925676,67.156517,10.062341,3.748487,0.0
17.421263,28.49657,38.198214,1545.030807,-1.875218,67.165922,10.10229,3.763369,0.0
17.428883,28.515542,38.127271,1540.104686,-1.822768,67.17531,10.138629,3.776906,0.0
17.43648,28.534456,38.058587,1535.147476,-1.768512,67.18468,10.171246,3.789057,0.0
17.444042,28.553312,37.992221,1530.160747,-1.712629,67.194034,10.200042,3.799784,0.0
17.451581,28.572108,37.928213,1525.146169,-1.655315,67.203375,10.224938,3.809058,0.0
17.459097,28.590848,37.866599,1520.105496,-1.596775,67.212691,10.245867,3.816855,0.0
17.466579,28.609526,37.807415,1515.040557,-1.537205,67.221988,10.262784,3.823157,0.0
17.474034,28.628149,37.750674,1509.953266,-1.476817,67.231268,10.275659,3.827953,0.0
17.481462,28.64671,37.696397,1504.84558,-1.415826,67.24053,10.28448,3.831239,0.0
17.488862,28.665206,37.644633,1499.719151,-1.354438,67.249773,10.289164,3.832984,0.0
17.496235,28.683646,37.595416,1494.576041,-1.292874,67.258998,10.289696,3.833182,0.0
17.50358,28.702024,37.548639,1489.418951,-1.231376,67.268196,10.286253,3.8319,0.0
17.510899,28.720338,37.504284,1484.250004,-1.17015,67.277383,10.278897,3.82916,0.0
17.518182,28.738589,37.462327,1479.07134,-1.109414,67.286546,10.267705,3.82499,0.0
17.525444,28.756778,37.422727,1473.885102,-1.049376,67.295689,10.25277,3.819427,0.0
17.532675,28.77491,37.385441,1468.693423,-0.990238,67.304814,10.234199,3.812508,0.0
17.539882,28.792982,37.350416,1463.498438,-0.932212,67.313921,10.212114,3.804281,0.0
17.54706,28.810991,37.317591,1458.302251,-0.875492,67.323011,10.186647,3.794794,0.0
17.554207,28.828937,37.286901,1453.106942,-0.820266,67.332076,10.157946,3.784102,0.0
17.561327,28.84682,37.258279,1447.914562,-0.766725,67.341125,10.126165,3.772263,0.0
17.56842,28.864644,37.231648,1442.727114,-0.715047,67.350156,10.091471,3.759338,0.0
17.575482,28.882407,37.206923,1437.546558,-0.665398,67.359164,10.054037,3.745393,0.0
17.582515,28.900104,37.184016,1432.374802,-0.617945,67.368153,10.014045,3.730495,0.0
17.589527,28.917745,37.162829,1427.213694,-0.572845,67.377125,9.971681,3.714713,0.0
17.596509,28.935322,37.143267,1422.065011,-0.530246,67.386079,9.927137,3.69812,0.0
17.603459,28.952837,37.125239,1416.930478,-0.490275,67.395014,9.880609,3.680787,0.0
17.610389,28.97029,37.108632,1411.811729,-0.453058,67.403932,9.832294,3.662788,0.0
17.617283,28.987687,37.093331,1406.710336,-0.418714,67.412832,9.782392,3.644198,0.0
17.624151,29.005013,37.07924,1401.627799,-0.38736,67.421713,9.731101,3.625091,0.0
17.631001,29.022283,37.066253,1396.566006,-0.359146,67.430577,9.6786,3.605533,0.0
17.637813,29.039498,37.054271,1391.526608,-0.334202,67.439421,9.625092,3.5856,0.0
17.644598,29.056641,37.043128,1386.510164,-0.312497,67.448257,9.57081,3.565378,0.0
17.651356,29.073729,37.032707,1381.517808,-0.294098,67.457067,9.515946,3.54494,0.0
17.658094,29.090763,37.022895,1376.550608,-0.279058,67.465865,9.460687,3.524355,0.0
17.6648,29.107735,37.013575,1371.60953,-0.267405,67.474647,9.405216,3.503691,0.0
17.671484,29.124645,37.004627,1366.695447,-0.259179,67.483412,9.349712,3.483014,0.0
17.678137,29.141498,36.995928,1361.809163,-0.254391,67.492164,9.294345,3.462388,0.0
17.684766,29.158291,36.987354,1356.951383,-0.253058,67.500902,9.239283,3.441876,0.0
17.691372,29.175026,36.978803,1352.122731,-0.255184,67.509621,9.184685,3.421537,0.0
17.69795,29.191703,36.970153,1347.32375,-0.260752,67.518328,9.130705,3.401428,0.0
17.704502,29.208325,36.961289,1342.554897,-0.269745,67.527025,9.07749,3.381604,0.0
17.711026,29.22489,36.952107,1337.816557,-0.282135,67.53571,9.025179,3.362117,0.0
17.717523,29.241394,36.942489,1333.109027,-0.29788,67.544377,8.973905,3.343016,0.0
17.723997,29.257847,36.932332,1328.432527,-0.316945,67.553028,8.923793,3.324348,0.0
17.73045,29.274242,36.921528,1323.787199,-0.33927,67.561671,8.874963,3.306157,0.0
17.736876,29.290588,36.909981,1319.17312,-0.364793,67.570302,8.827526,3.288486,0.0
17.743276,29.306872,36.897585,1314.590285,-0.393446,67.578917,8.781587,3.271372,0.0
17.749657,29.323102,36.884261,1310.038621,-0.42516,67.587523,8.737242,3.254853,0.0
17.756002,29.339269,36.8699,1305.517989,-0.459841,67.59612,8.694583,3.238961,0.0
17.762329,29.35539,36.854406,1301.028898,-0.49747,67.604708,8.653738,3.223745,0.0
17.768637,29.371455,36.837658,1296.571311,-0.537968,67.613277,8.614806,3.209242,0.0
17.774918,29.387467,36.819625,1292.143889,-0.581142,67.621846,8.577799,3.195456,0.0
17.781173,29.403432,36.80023,1287.746228,-0.626872,67.630398,8.542782,3.182411,0.0
17.7874,29.419337,36.779398,1283.377863,-0.675057,67.63894,8.509813,3.170129,0.0
17.793608,29.435187,36.757072,1279.038269,-0.725577,67.647481,8.478943,3.158629,0.0
17.799798,29.450989,36.733183,1274.726878,-0.778309,67.656007,8.450219,3.147929,0.0
17.805957,29.46674,36.707672,1270.443054,-0.833131,67.664522,8.423681,3.138043,0.0
17.812098,29.482437,36.680494,1266.186126,-0.889901,67.673028,8.399366,3.128985,0.0
17.818213,29.498085,36.651602,1261.955366,-0.948492,67.681525,8.377303,3.120766,0.0
17.824307,29.513683,36.620949,1257.749988,-1.008774,67.690018,8.357518,3.113395,0.0
17.830384,29.529228,36.588492,1253.569178,-1.070599,67.698502,8.340031,3.106881,0.0
17.836433,29.544722,36.554201,1249.41208,-1.133825,67.706976,8.324858,3.101229,0.0
17.842459,29.560171,36.518052,1245.277786,-1.198312,67.715447,8.31201,3.096442,0.0
17.848464,29.57557,36.480016,1241.165349,-1.263906,67.723905,8.301494,3.092525,0.0
17.854444,29.590912,36.440075,1237.073786,-1.330467,67.732353,8.293312,3.089477,0.0
17.860405,29.606215,36.39821,1233.002077,-1.397842,67.740804,8.287461,3.087297,0.0
17.866341,29.621464,36.354423,1228.949183,-1.465878,67.749239,8.283936,3.085984,0.0
17.872266,29.63666,36.308694,1224.914014,-1.534422,67.757665,8.282726,3.085533,0.0
17.878155,29.65181,36.26103,1220.895448,-1.60333,67.766091,8.283815,3.085939,0.0
17.884026,29.666915,36.211394,1216.892707,-1.672441,67.774508,8.287241,3.087215,0.0
17.889878,29.681964,36.159781,1212.904613,-1.741598,67.782915,8.292993,3.089358,0.0
17.895712,29.696968,36.106259,1208.9295,-1.810634,67.791314,8.300973,3.092331,0.0
17.90152,29.711918,36.050846,1204.966137,-1.879402,67.799703,8.311149,3.096122,0.0
17.907309,29.72683,35.993574,1201.013306,-1.947751,67.808092,8.323484,3.100717,0.0
17.913073,29.741691,35.934471,1197.069756,-2.015536,67.816473,8.337939,3.106102,0.0
17.918816,29.756499,35.87356,1193.134222,-2.082605,67.824845,8.35447,3.11226,0.0
17.924541,29.771259,35.810882,1189.205437,-2.148811,67.833208,8.373028,3.119173,0.0
17.930249,29.785973,35.746477,1185.282119,-2.214015,67.841567,8.39356,3.126822,0.0
17.935933,29.800643,35.680389,1181.362979,-2.278071,67.849917,8.416012,3.135186,0.0
17.941594,29.815268,35.612664,1177.446736,-2.340841,67.858257,8.44032,3.144241,0.0
17.947234,29.829843,35.543354,1173.532101,-2.402197,67.866594,8.466422,3.153965,0.0
17.95285,29.844368,35.472518,1169.617786,-2.462003,67.874921,8.494246,3.16433,0.0
17.958449,29.858845,35.400213,1165.702515,-2.520129,67.88324,8.523721,3.17531,0.0
17.964026,29.873271,35.326493,1161.785023,-2.576459,67.891552,8.554768,3.186876,0.0
17.969581,29.887652,35.25143,1157.864058,-2.630868,67.89986,8.587305,3.198997,0.0
17.975122,29.901988,35.175088,1153.93838,-2.683246,67.908153,8.621246,3.211641,0.0
17.98063,29.916277,35.09754,1150.006764,-2.733478,67.916444,8.656501,3.224775,0.0
17.986128,29.930513,35.018858,1146.068029,-2.781467,67.924717,8.692977,3.238363,0.0
17.9916,29.944704,34.939124,1142.120987,-2.827104,67.932982,8.730574,3.252368,0.0
17.997053,29.95885,34.858376,1138.164252,-2.870252,67.941247,8.769213,3.266762,0.0
18.002487,29.972948,34.7767,1134.196552,-2.910802,67.949493,8.808784,3.281504,0.0
18.007894,29.986993,34.694221,1130.217125,-2.948745,67.95773,8.849147,3.29654,0.0
18.013283,30.000984,34.610999,1126.224952,-2.984011,67.965958,8.890188,3.311829,0.0
18.018646,30.014937,34.527132,1122.219052,-3.016549,67.974177,8.931791,3.327327,0.0
18.02399,30.028832,34.442708,1118.198511,-3.0463,67.982387,8.973836,3.34299,0.0
18.029315,30.042684,34.357799,1114.162444,-3.073212,67.990588,9.016203,3.358773,0.0
18.034622,30.056487,34.272496,1110.110035,-3.097258,67.998774,9.058768,3.374629,0.0
18.039906,30.070237,34.186886,1106.040516,-3.118404,68.006947,9.101405,3.390513,0.0
18.045168,30.083937,34.101049,1101.95319,-3.136635,68.015112,9.143987,3.406376,0.0
18.050407,30.097593,34.015076,1097.847423,-3.15194,68.023268,9.186387,3.422171,0.0
18.055623,30.1112,33.929047,1093.722639,-3.164311,68.03141,9.228475,3.43785,0.0
18.060821,30.124752,33.843046,1089.578336,-3.17376,68.039534,9.270124,3.453365,0.0
18.065998,30.138254,33.757157,1085.414073,-3.180312,68.047644,9.311205,3.468669,0.0
18.071151,30.151708,33.671455,1081.229495,-3.18399,68.055744,9.35159,3.483713,0.0
18.076284,30.16511,33.58603,1077.024322,-3.184823,68.063833,9.391155,3.498452,0.0
18.081391,30.178464,33.500944,1072.798333,-3.182875,68.071906,9.429775,3.512839,0.0
18.08648,30.191757,33.416276,1068.5514,-3.178183,68.079969,9.46733,3.526829,0.0
18.091551,30.205005,33.332109,1064.283464,-3.170825,68.088014,9.5037,3.540378,0.0
18.096595,30.218208,33.248502,1059.994545,-3.16087,68.096041,9.538771,3.553443,0.0
18.10162,30.231356,33.16554,1055.684229,-3.148349,68.104059,9.572396,3.565969,0.0
18.106618,30.244439,33.083302,1051.352596,-3.133343,68.112058,9.604452,3.577911,0.0
18.111597,30.257476,33.001819,1047.000562,-3.116039,68.120039,9.634883,3.589247,0.0
18.11655,30.270469,32.921157,1042.628465,-3.096548,68.128011,9.663596,3.599944,0.0
18.121484,30.2834,32.841355,1038.236725,-3.074988,68.135965,9.690505,3.609968,0.0
18.126392,30.296276,32.762475,1033.825838,-3.051485,68.143902,9.71553,3.619291,0.0
18.131281,30.309105,32.684551,1029.396369,-3.026188,68.151821,9.738599,3.627884,0.0
18.136145,30.321876,32.607628,1024.948951,-2.999223,68.159722,9.759648,3.635726,0.0
18.140988,30.334596,32.531739,1020.484286,-2.970744,68.167604,9.77862,3.642793,0.0
18.145812,30.34726,32.456915,1016.003138,-2.940912,68.175474,9.795467,3.649069,0.0
18.15061,30.359871,32.38319,1011.506331,-2.909878,68.183331,9.81015,3.654539,0.0
18.155384,30.372429,32.310581,1006.994745,-2.877809,68.191165,9.822638,3.659191,0.0
18.160138,30.38493,32.239099,1002.469315,-2.844876,68.198979,9.832909,3.663017,0.0
12.239012,20.469626,40.876055,2289.353388,-2.061069,60.616223,8.501133,3.166896,0.0
0.059678,0.059678,58.729171,4943.066774,-0.490962,45.000142,5.760569,2.145964,0.0
0.104044,0.104047,58.669264,4940.114914,-0.483579,45.000293,5.802367,2.161534,0.0
0.148386,0.148394,58.610341,4937.139238,-0.475586,45.000484,5.843605,2.176897,0.0
0.192707,0.192708,58.552463,4934.139915,-0.467,45.000726,5.884207,2.192022,0.0
0.236993,0.237002,58.4957,4931.117155,-0.457823,45.000996,5.924096,2.206882,0.0
0.281261,0.281261,58.440135,4928.07122,-0.448078,45.00132,5.963197,2.221448,0.0
0.325492,0.325501,58.385854,4925.00182,-0.437752,45.001681,6.00141,2.235683,0.0
0.369695,0.369714,58.332953,4921.909241,-0.426869,45.002089,6.038649,2.249556,0.0
0.413871,0.413891,58.281437,4918.794566,-0.415456,45.002532,6.074866,2.263048,0.0
0.458028,0.458048,58.231381,4915.658227,-0.403536,45.00302,6.109988,2.276131,0.0
0.502144,0.50218,58.182847,4912.500706,-0.39112,45.003553,6.143943,2.288781,0.0
0.546237,0.546277,58.135879,4909.322515,-0.378231,45.004123,6.176663,2.300969,0.0
0.590305,0.590352,58.09054,4906.12422,-0.364888,45.00473,6.208078,2.312672,0.0
0.634333,0.634409,58.046641,4902.906851,-0.354848,45.027675,6.238335,2.323944,11.906666
0.678311,0.678459,58.003908,4899.671488,-0.346335,45.062285,6.267662,2.334869,19.0
0.72223,0.722504,57.962263,4896.418747,-0.337441,45.097108,6.296114,2.345468,19.0
0.766095,0.76655,57.921744,4893.149025,-0.328187,45.132149,6.323642,2.355723,19.0
0.809906,0.810596,57.882397,4889.862732,-0.318588,45.167405,6.350195,2.365615,19.0
0.853659,0.854637,57.844264,4886.56031,-0.308656,45.202865,6.375726,2.375126,19.0
0.897357,0.898677,57.807372,4883.242241,-0.298415,45.238523,6.40019,2.384239,19.0
0.940998,0.942716,57.771762,4879.909018,-0.28787,45.274376,6.423542,2.392938,19.0
0.984579,0.986747,57.737473,4876.561175,-0.277048,45.310416,6.445741,2.401208,19.0
1.028106,1.03078,57.704531,4873.199274,-0.265962,45.346636,6.466748,2.409034,19.0
1.071578,1.074818,57.67297,4869.823874,-0.254635,45.383035,6.486526,2.416402,19.0
1.114987,1.118841,57.642805,4866.435589,-0.243085,45.419604,6.50504,2.423299,19.0
1.158342,1.162872,57.614064,4863.035048,-0.231328,45.456334,6.52226,2.429713,19.0
1.201632,1.206894,57.586818,4859.622593,-0.219387,45.493231,6.53812,2.435622,19.0
1.244867,1.250925,57.561074,4856.198929,-0.207279,45.530277,6.55259,2.441012,19.0
1.288039,1.294948,57.536822,4852.765069,-0.195036,45.567457,6.565687,2.445891,19.0
1.331156,1.338961,57.514064,4849.321715,-0.182674,45.604773,6.577391,2.450251,19.0
1.374212,1.382982,57.492816,4845.86959,-0.170226,45.642215,6.587688,2.454087,19.0
1.417212,1.426996,57.473079,4842.409409,-0.157697,45.679777,6.596566,2.457394,19.0
1.460151,1.471009,57.454869,4838.941918,-0.14512,45.717449,6.604016,2.46017,19.0
1.503027,1.515021,57.438181,4835.467857,-0.132521,45.755222,6.610034,2.462411,19.0
1.545846,1.559028,57.423015,4831.987978,-0.119914,45.793089,6.614617,2.464119,19.0
1.588605,1.60303,57.409369,4828.503047,-0.107329,45.831045,6.617768,2.465293,19.0
1.631307,1.647033,57.39724,4825.013825,-0.09479,45.869082,6.619492,2.465935,19.0
1.673946,1.691036,57.386614,4821.521066,-0.082313,45.907187,6.619797,2.466049,19.0
1.716524,1.735035,57.377482,4818.025536,-0.069919,45.945355,6.618698,2.465639,19.0
1.759047,1.779029,57.369834,4814.528005,-0.057634,45.983583,6.616208,2.464711,19.0
1.801504,1.823022,57.363648,4811.029226,-0.045483,46.021859,6.612346,2.463273,19.0
1.843904,1.867013,57.358906,4807.529942,-0.033487,46.060171,6.607136,2.461332,19.0
1.886244,1.910999,57.355589,4804.030915,-0.021661,46.098519,6.600601,2.458898,19.0
1.928527,1.95499,57.353672,4800.532868,-0.010035,46.136899,6.592771,2.455981,19.0
1.970739,1.998965,57.353121,4797.036525,0.001373,46.175289,6.583676,2.452592,19.0
2.012897,2.042948,57.353929,4793.542614,0.012547,46.213697,6.573349,2.448746,19.0
2.055,2.086923,57.356075,4790.051919,0.023463,46.252114,6.561798,2.444442,19.0
2.097038,2.130897,57.359537,4786.565205,0.034082,46.290522,6.549061,2.439697,19.0
2.139014,2.174871,57.364233,4783.083035,0.044413,46.328929,6.535214,2.434539,19.0
2.180926,2.218846,57.370137,4779.606064,0.054431,46.367312,6.520301,2.428984,19.0
2.222783,2.262812,57.3772,4776.134915,0.064119,46.405683,6.504368,2.423048,19.0
2.264585,2.306777,57.385386,4772.670193,0.073459,46.444024,6.487463,2.41675,19.0
2.306321,2.350735,57.394648,4769.212483,0.082434,46.482335,6.469633,2.410108,19.0
2.347997,2.394691,57.404947,4765.76235,0.091035,46.520613,6.450929,2.403141,19.0
2.389619,2.438646,57.416231,4762.320331,0.09924,46.558849,6.431403,2.395867,19.0
2.431176,2.482602,57.428446,4758.886938,0.107046,46.597035,6.411107,2.388306,19.0
2.472676,2.526552,57.441552,4755.462667,0.114436,46.635172,6.390095,2.380479,19.0
2.514122,2.570498,57.455496,4752.047981,0.121399,46.673255,6.368422,2.372405,19.0
2.555505,2.614444,57.470223,4748.643311,0.127924,46.711279,6.346141,2.364104,19.0
2.596825,2.658387,57.485683,4745.249075,0.133996,46.749246,6.323308,2.355599,19.0
2.638088,2.702323,57.501819,4741.86566,0.139619,46.787147,6.299979,2.346908,19.0
2.679299,2.746259,57.518578,4738.493417,0.144774,46.824978,6.27621,2.338053,19.0
2.720443,2.790196,57.535903,4735.132683,0.14946,46.862743,6.252054,2.329055,19.0
2.761539,2.834131,57.553741,4731.783752,0.153667,46.900428,6.227569,2.319933,19.0
2.802573,2.878058,57.572033,4728.446904,0.157388,46.938041,6.202809,2.310709,19.0
2.843544,2.921985,57.590719,4725.12239,0.160623,46.975582,6.177828,2.301403,19.0
2.884459,2.965911,57.609757,4721.810766,0.163359,47.013049,6.152677,2.292034,19.0
2.925319,3.009829,57.629072,4718.512262,0.165586,47.050433,6.127415,2.282623,19.0
2.966117,3.053746,57.648613,4715.226687,0.167318,47.087727,6.102098,2.273192,19.0
3.006867,3.097664,57.668305,4711.954159,0.168547,47.124955,6.076777,2.263759,19.0
3.04755,3.141581,57.688102,4708.69479,0.169287,47.162098,6.051504,2.254345,19.0
3.088182,3.185491,57.707941,4705.448655,0.169534,47.199158,6.026328,2.244966,19.0
3.128756,3.229399,57.727759,4702.215821,0.169286,47.236143,6.001296,2.235641,19.0
3.169273,3.273307,57.747509,4698.996306,0.168544,47.273051,5.976457,2.226387,19.0
3.209736,3.317209,57.767133,4695.790111,0.167317,47.309883,5.951856,2.217223,19.0
3.250144,3.361108,57.786572,4692.597219,0.165609,47.346637,5.927537,2.208164,19.0
3.290495,3.405006,57.805771,4689.417581,0.163419,47.383316,5.903546,2.199226,19.0
3.33079,3.448904,57.82467,4686.25113,0.160756,47.419922,5.879922,2.190426,19.0
3.371034,3.492803,57.843222,4683.097774,0.157626,47.456461,5.856707,2.181778,19.0
3.411217,3.536698,57.861375,4679.957392,0.154034,47.492933,5.833941,2.173297,19.0
3.451347,3.580587,57.879069,4676.829848,0.149992,47.529333,5.811662,2.164997,19.0
3.491424,3.624476,57.896267,4673.714984,0.145505,47.565665,5.789905,2.156892,19.0
3.531453,3.668363,57.9129,4670.612623,0.140585,47.601944,5.768706,2.148995,19.0
3.571421,3.712243,57.928931,4667.52256,0.135235,47.638167,5.748099,2.141318,19.0
3.611334,3.756131,57.944309,4664.444572,0.129464,47.674329,5.728116,2.133874,19.0
3.651194,3.800011,57.958985,4661.378437,0.123288,47.710446,5.708789,2.126674,19.0
3.690998,3.84389,57.972892,4658.324189,0.116714,47.746517,5.690166,2.119737,19.0
3.730746,3.88777,57.985995,4655.281539,0.109733,47.782532,5.672278,2.113073,19.0
3.77045,3.93164,57.998254,4652.249877,0.102382,47.818519,5.655134,2.106686,19.0
3.810091,3.975518,58.009634,4649.228873,0.094679,47.854463,5.638757,2.100585,19.0
3.849678,4.01939,58.020101,4646.21821,0.086626,47.890377,5.623173,2.09478,19.0
3.889218,4.06326,58.029614,4643.217539,0.078242,47.926272,5.608404,2.089278,19.0
3.928706,4.10713,58.038137,4640.226508,0.069535,47.962142,5.594471,2.084088,19.0
3.96814,4.151,58.045635,4637.244745,0.060523,47.997991,5.581395,2.079217,19.0
4.00752,4.194864,58.052071,4634.271855,0.051219,48.033828,5.569196,2.074672,19.0
4.046846,4.238729,58.057421,4631.307444,0.041638,48.069661,5.55789,2.07046,19.0
4.086118,4.282594,58.061653,4628.351103,0.031791,48.105489,5.547494,2.066588,19.0
4.12534,4.326455,58.064734,4625.402405,0.021697,48.141317,5.538025,2.06306,19.0
4.164513,4.370315,58.066643,4622.460916,0.011376,48.177157,5.529497,2.059883,19.0
4.203633,4.414176,58.067358,4619.526185,0.000839,48.213013,5.521923,2.057062,19.0
4.242699,4.458036,58.066855,4616.597757,-0.009904,48.248882,5.515315,2.0546,19.0
4.28171,4.501896,58.065109,4613.675171,-0.020826,48.284779,5.509686,2.052503,19.0
4.320669,4.545755,58.062106,4610.757946,-0.031921,48.320703,5.505044,2.050774,19.0
4.359582,4.589607,58.057826,4607.845591,-0.04316,48.356658,5.5014,2.049416,19.0
4.398441,4.633467,58.052264,4604.93762,-0.054541,48.392665,5.498762,2.048434,19.0
4.437247,4.677318,58.045389,4602.033521,-0.066038,48.428708,5.497137,2.047828,19.0
4.476006,4.721168,58.037171,4599.132875,-0.077637,48.464807,5.49656,2.047613,19.0
4.5147,4.765029,58.027595,4596.235113,-0.089329,48.500971,5.497036,2.04779,19.0
4.553349,4.80888,58.016687,4593.339616,-0.101076,48.537198,5.498541,2.048351,19.0
4.591944,4.852731,58.004448,4590.445851,-0.112876,48.573496,5.501079,2.049297,19.0
4.630494,4.896582,57.990868,4587.55328,-0.124708,48.609866,5.504652,2.050628,19.0
4.668991,4.940433,57.975948,4584.661369,-0.136552,48.646322,5.509261,2.052345,19.0
4.707427,4.984284,57.959694,4581.769568,-0.148391,48.682869,5.514907,2.054448,19.0
4.745813,5.028128,57.942107,4578.877332,-0.160209,48.719512,5.521589,2.056937,19.0
4.784154,5.071975,57.923189,4575.9841,-0.171989,48.756253,5.529305,2.059812,19.0
4.822439,5.115826,57.902949,4573.089317,-0.183713,48.793099,5.538053,2.06307,19.0
4.860671,5.159673,57.8814,4570.19243,-0.195364,48.830058,5.547829,2.066712,19.0
4.898853,5.203518,57.85855,4567.292874,-0.206926,48.867138,5.558629,2.070736,19.0
4.936982,5.247369,57.834408,4564.390083,-0.218378,48.90434,5.570448,2.075138,19.0
4.975056,5.291217,57.808989,4561.483497,-0.229704,48.941669,5.583278,2.079918,19.0
5.01308,5.335061,57.782316,4558.572554,-0.240893,48.979139,5.597111,2.085071,19.0
5.051054,5.378909,57.754407,4555.656691,-0.251917,49.016749,5.61194,2.090595,19.0
5.088968,5.422751,57.725283,4552.735341,-0.262768,49.054511,5.627754,2.096486,19.0
5.126836,5.466593,57.694952,4549.807944,-0.273426,49.092427,5.644541,2.10274,19.0
5.16465,5.510444,57.663461,4546.873955,-0.283877,49.130497,5.662291,2.109352,19.0
5.20241,5.554285,57.630818,4543.932796,-0.294102,49.168738,5.680989,2.116318,19.0
5.240115,5.598126,57.597018,4540.983691,-0.304086,49.207155,5.700648,2.123641,19.0
5.277764,5.641977,57.562109,4538.02605,-0.313802,49.245748,5.721247,2.131315,19.0
5.315359,5.685819,57.526147,4535.059551,-0.32324,49.284529,5.742745,2.139324,19.0
5.3529,5.72966,57.489164,4532.083644,-0.332391,49.323499,5.765123,2.14766,19.0
5.390387,5.773502,57.451196,4529.097813,-0.341238,49.362658,5.78836,2.156316,19.0
5.42782,5.81735,57.412275,4526.101521,-0.349772,49.402013,5.812436,2.165285,19.0
5.465199,5.861195,57.372443,4523.094264,-0.357971,49.441573,5.837328,2.174558,19.0
5.502525,5.905036,57.331737,4520.075542,-0.365821,49.481346,5.863011,2.184126,19.0
5.539796,5.948877,57.2902,4517.044849,-0.373315,49.52133,5.88946,2.193979,19.0
5.577008,5.992719,57.247875,4514.001706,-0.380433,49.561525,5.916648,2.204107,19.0
5.614166,6.03656,57.204799,4510.945639,-0.387169,49.601946,5.944545,2.2145,19.0
5.651271,6.080401,57.16102,4507.876185,-0.39351,49.642597,5.973123,2.225146,19.0
5.688316,6.124243,57.116585,4504.792907,-0.399437,49.683477,6.002349,2.236033,19.0
5.725308,6.168084,57.071542,4501.695368,-0.404947,49.72459,6.032191,2.24715,19.0
5.762243,6.211926,57.025943,4498.583144,-0.410028,49.765941,6.062613,2.258483,19.0
5.799117,6.255767,56.979827,4495.455846,-0.414668,49.807534,6.09358,2.270019,19.0
5.835937,6.299607,56.933246,4492.313078,-0.418864,49.849372,6.125053,2.281744,19.0
5.872702,6.34344,56.886258,4489.154482,-0.422601,49.891462,6.156995,2.293643,19.0
5.909405,6.387281,56.838915,4485.979713,-0.425877,49.933803,6.189363,2.305701,19.0
5.946053,6.431122,56.791267,4482.78844,-0.428667,49.976388,6.222116,2.317902,19.0
5.982647,6.474954,56.74336,4479.579859,-0.430975,50.019251,6.255219,2.330234,19.0
6.019166,6.518795,56.695249,4476.353715,-0.432785,50.062373,6.288622,2.342677,19.0
6.055639,6.562628,56.647011,4473.110183,-0.4341,50.105755,6.32227,2.355212,19.0
6.092051,6.60646,56.598679,4469.849041,-0.434929,50.149398,6.356114,2.36782,19.0
6.1284,6.650299,56.550327,4466.570076,-0.435256,50.19331,6.390105,2.380482,19.0
6.164686,6.694133,56.502003,4463.273111,-0.435079,50.237485,6.424194,2.393181,19.0
6.200916,6.737965,56.453761,4459.957983,-0.434404,50.28192,6.458328,2.405897,19.0
6.237085,6.781797,56.405655,4456.624562,-0.433229,50.326623,6.492457,2.418611,19.0
6.273197,6.825629,56.357743,4453.272745,-0.431549,50.371596,6.526525,2.431302,19.0
6.309245,6.869456,56.310084,4449.902461,-0.429371,50.416833,6.56048,2.443951,19.0
6.34523,6.913283,56.262727,4446.513669,-0.426693,50.462337,6.594267,2.456538,19.0
6.381157,6.957111,56.215728,4443.106352,-0.42352,50.508106,6.627829,2.469041,19.0
6.417021,7.000933,56.169143,4439.680519,-0.419857,50.554139,6.661113,2.48144,19.0
6.452819,7.044758,56.123022,4436.236219,-0.415705,50.600437,6.694061,2.493714,19.0
6.48855,7.088585,56.077422,4432.773529,-0.411076,50.646991,6.726618,2.505842,19.0
6.524225,7.1324,56.03239,4429.292556,-0.405973,50.69381,6.758727,2.517804,19.0
6.559837,7.176222,55.987976,4425.793432,-0.400403,50.740874,6.790332,2.529577,19.0
6.595386,7.220044,55.94424,4422.276337,-0.394376,50.788198,6.821377,2.541143,19.0
6.630872,7.263856,55.901212,4418.74147,-0.387899,50.835774,6.851808,2.552479,19.0
6.666295,7.307669,55.858959,4415.18906,-0.380982,50.883592,6.881569,2.563566,19.0
6.701643,7.351482,55.81754,4411.618862,-0.373639,50.931661,6.910583,2.574374,19.0
6.736927,7.395295,55.777007,4408.031275,-0.365871,50.979979,6.938796,2.584884,19.0
6.772148,7.439099,55.737381,4404.427074,-0.357707,51.028522,6.966176,2.595084,19.0
6.807306,7.482903,55.698698,4400.806623,-0.349155,51.077299,6.992671,2.604954,19.0
6.842401,7.526706,55.660998,4397.17031,-0.340239,51.126302,7.018234,2.614477,19.0
6.877426,7.570509,55.624324,4393.518555,-0.330977,51.175516,7.042817,2.623635,19.0
6.912386,7.614306,55.588706,4389.851811,-0.321381,51.22495,7.066376,2.632411,19.0
6.947276,7.6581,55.55418,4386.170542,-0.311464,51.27459,7.088869,2.64079,19.0
6.9821,7.701888,55.520779,4382.47525,-0.301254,51.324428,7.110253,2.648756,19.0
7.016856,7.745678,55.488532,4378.766469,-0.290771,51.374459,7.130492,2.656296,19.0
7.051544,7.789467,55.457465,4375.044748,-0.280028,51.424679,7.14955,2.663396,19.0
7.08617,7.833247,55.427598,4371.310657,-0.269049,51.475079,7.167394,2.670043,19.0
7.120728,7.877026,55.398958,4367.564792,-0.257858,51.525651,7.183993,2.676226,19.0
7.155218,7.920807,55.371565,4363.80777,-0.246473,51.576387,7.19932,2.681936,19.0
7.189643,7.964579,55.345439,4360.040221,-0.23492,51.627279,7.213352,2.687163,19.0
7.223995,8.008344,55.320592,4356.2628,-0.223213,51.678328,7.226067,2.6919,19.0
7.258277,8.05211,55.297036,4352.476169,-0.211386,51.72952,7.237449,2.69614,19.0
7.292495,8.095874,55.274785,4348.681015,-0.199462,51.780845,7.247481,2.699877,19.0
7.326642,8.13963,55.253839,4344.878029,-0.187459,51.832296,7.256154,2.703108,19.0
7.360725,8.183385,55.234207,4341.067916,-0.175394,51.883863,7.26346,2.70583,19.0
7.394724,8.227132,55.21593,4337.251217,-0.16331,51.935542,7.269352,2.708025,19.0
7.428669,8.270878,55.199008,4333.428745,-0.151227,51.987331,7.273838,2.709696,19.0
7.462533,8.314624,55.183401,4329.601388,-0.13916,52.039211,7.276956,2.710857,19.0
7.496332,8.358363,55.169091,4325.769872,-0.127137,52.091173,7.278712,2.711512,19.0
7.530069,8.402092,55.156085,4321.934932,-0.115189,52.143215,7.279117,2.711663,19.0
7.563728,8.445819,55.144362,4318.097302,-0.103337,52.195325,7.278184,2.711315,19.0
7.597319,8.489546,55.133917,4314.257698,-0.091604,52.24749,7.275931,2.710476,19.0
7.630848,8.533268,55.124725,4310.416842,-0.080009,52.29971,7.272377,2.709152,19.0
7.664302,8.576986,55.116769,4306.575461,-0.068581,52.351972,7.267546,2.707352,19.0
7.697686,8.620698,55.110036,4302.73426,-0.057344,52.40427,7.261465,2.705087,19.0
7.731002,8.664402,55.104494,4298.893937,-0.046314,52.456599,7.254161,2.702366,19.0
7.76425,8.708101,55.100118,4295.055184,-0.035513,52.508951,7.245668,2.699202,19.0
7.797431,8.751796,55.096884,4291.218675,-0.024966,52.561314,7.236021,2.695608,19.0
7.830541,8.795485,55.094759,4287.385068,-0.014695,52.61368,7.225255,2.691598,19.0
7.863581,8.839172,55.093719,4283.555017,-0.004718,52.666052,7.213412,2.687186,19.0
7.896556,8.882852,55.093721,4279.729157,0.004946,52.71842,7.200533,2.682388,19.0
7.929458,8.92653,55.094726,4275.908095,0.014276,52.770769,7.186661,2.67722,19.0
7.962291,8.9702,55.096705,4272.092418,0.023262,52.8231,7.171843,2.6717,19.0
7.995059,9.013869,55.099617,4268.282709,0.031885,52.875403,7.156127,2.665846,19.0
8.027755,9.057521,55.103418,4264.479512,0.040121,52.92768,7.139561,2.659674,19.0
8.060377,9.101182,55.108092,4260.683599,0.047949,52.979919,7.122172,2.653197,19.0
8.092935,9.144833,55.113587,4256.895458,0.055353,53.032112,7.104024,2.646436,19.0
8.12543,9.188476,55.11983,4253.11541,0.062325,53.08426,7.085187,2.639418,19.0
8.157861,9.232102,55.12714,4249.343149,0.07526,53.098087,7.065359,2.632032,3.383942
8.190261,9.275701,55.135826,4245.578585,0.088713,53.105967,7.044235,2.624163,0.0
8.222626,9.319267,55.145899,4241.822406,0.101651,53.113873,7.021828,2.615816,0.0
8.254955,9.362803,55.157294,4238.07539,0.11406,53.121806,6.998208,2.607017,0.0
8.287249,9.406306,55.169951,4234.338284,0.125913,53.129767,6.97345,2.597793,0.0
8.319512,9.449784,55.183804,4230.611804,0.137188,53.137749,6.947628,2.588174,0.0
8.351737,9.493234,55.198801,4226.896634,0.147863,53.145754,6.920819,2.578187,0.0
8.383927,9.536649,55.214875,4223.193418,0.15792,53.153786,6.893102,2.567862,0.0
8.416086,9.580031,55.231951,4219.502764,0.167345,53.161844,6.864553,2.557227,0.0
8.448213,9.623386,55.249964,4215.825244,0.176117,53.169927,6.835254,2.546312,0.0
8.480306,9.666714,55.268844,4212.161392,0.184226,53.178033,6.805283,2.535147,0.0
8.512359,9.710013,55.288516,4208.511706,0.191655,53.186171,6.77472,2.523762,0.0
8.544384,9.75328,55.308914,4204.876631,0.19839,53.194328,6.743645,2.512185,0.0
8.576372,9.796525,55.329965,4201.256588,0.204431,53.202511,6.712135,2.500447,0.0
8.608326,9.839735,55.351596,4197.65195,0.209768,53.210714,6.68027,2.488576,0.0
8.640251,9.88291,55.373717,4194.063067,0.214385,53.218952,6.648128,2.476602,0.0
8.672131,9.926066,55.396269,4190.490228,0.218281,53.227208,6.615783,2.464553,0.0
8.703994,9.969186,55.419182,4186.934212,0.221435,53.235491,6.583312,2.452457,0.0
8.73581,10.012277,55.442372,4183.395143,0.223843,53.243803,6.550793,2.440343,0.0
8.767598,10.055351,55.465745,4179.872797,0.22553,53.252141,6.518303,2.428239,0.0
8.799352,10.09839,55.48924,4176.367313,0.226489,53.260507,6.485911,2.416172,0.0
8.831069,10.141401,55.512775,4172.878796,0.226719,53.268899,6.453686,2.404168,0.0
8.862757,10.184384,55.536272,4169.407304,0.226228,53.277311,6.421696,2.392251,0.0
8.894412,10.227334,55.559661,4165.952882,0.225023,53.285748,6.390004,2.380445,0.0
8.926037,10.270261,55.582869,4162.515516,0.223107,53.294218,6.358674,2.368773,0.0
8.95763,10.313164,55.605824,4159.095167,0.220486,53.302713,6.327765,2.357259,0.0
8.989186,10.356039,55.628458,4155.691765,0.217168,53.311231,6.297338,2.345924,0.0
9.020711,10.398888,55.650694,4152.305208,0.213162,53.319771,6.267447,2.334789,0.0
9.052205,10.44171,55.672464,4148.935363,0.208481,53.328338,6.238148,2.323874,0.0
9.083666,10.484505,55.693701,4145.58206,0.203137,53.336937,6.209492,2.313199,0.0
9.115101,10.527273,55.714335,4142.245098,0.197142,53.345559,6.181529,2.302782,0.0
9.146503,10.570016,55.734308,4138.924266,0.190512,53.354206,6.154306,2.292641,0.0
9.177867,10.612737,55.753554,4135.619306,0.183256,53.362883,6.12787,2.282793,0.0
9.209208,10.655426,55.772013,4132.32993,0.175391,53.371581,6.102263,2.273253,0.0
9.240507,10.698095,55.789618,4129.055851,0.166933,53.380306,6.077526,2.264039,0.0
9.271787,10.740737,55.806319,4125.796725,0.157894,53.389066,6.0537,2.255162,0.0
9.303031,10.783353,55.822055,4122.552197,0.148305,53.397845,6.030819,2.246639,0.0
9.334237,10.82595,55.836732,4119.322346,0.13816,53.406651,6.008954,2.238493,0.0
9.365416,10.86851,55.850313,4116.106605,0.12748,53.415485,5.988129,2.230736,0.0
9.396568,10.911051,55.862762,4112.904206,0.116304,53.424346,5.968353,2.223369,0.0
9.427685,10.953575,55.874045,4109.714726,0.104658,53.433234,5.949656,2.216403,0.0
9.458774,10.996065,55.884103,4106.537676,0.092552,53.442149,5.932063,2.209849,0.0
9.489828,11.038533,55.892893,4103.372587,0.080015,53.451091,5.9156,2.203717,0.0
9.520853,11.080977,55.900385,4100.218949,0.067062,53.46006,5.90029,2.198013,0.0
9.551851,11.1234,55.906534,4097.076252,0.05372,53.469049,5.886156,2.192748,0.0
9.582817,11.165799,55.911302,4093.943956,0.040018,53.478068,5.873217,2.187928,0.0
9.613751,11.208172,55.914659,4090.821503,0.025969,53.487118,5.861492,2.18356,0.0
9.644659,11.250522,55.916575,4087.708329,0.011602,53.49619,5.850998,2.179651,0.0
9.675535,11.292849,55.917016,4084.603855,-0.003053,53.505289,5.841751,2.176206,0.0
9.706379,11.335154,55.915957,4081.507491,-0.017981,53.514416,5.833764,2.173231,0.0
9.737196,11.377437,55.913379,4078.418626,-0.033153,53.523568,5.82705,2.170729,0.0
9.767984,11.419696,55.90926,4075.336633,-0.048538,53.53275,5.82162,2.168707,0.0
9.798737,11.461935,55.903575,4072.260897,-0.064121,53.541955,5.817483,2.167166,0.0
9.829464,11.504147,55.896317,4069.190763,-0.079871,53.551192,5.814649,2.16611,0.0
9.860164,11.546333,55.88746,4066.125584,-0.095761,53.560448,5.813124,2.165542,0.0
9.890836,11.5885,55.877017,4063.064696,-0.111765,53.569732,5.812914,2.165463,0.0
9.921472,11.630641,55.864953,4060.007427,-0.127849,53.579052,5.814023,2.165877,0.0
9.95208,11.672762,55.851226,4056.95318,-0.144008,53.58839,5.816498,2.166799,0.0
9.982651,11.714866,55.835842,4053.901169,-0.160195,53.597756,5.820327,2.168225,0.0
10.013195,11.756943,55.818847,4050.850639,-0.176391,53.607149,5.82548,2.170145,0.0
10.043712,11.798993,55.800241,4047.800887,-0.192572,53.616569,5.831956,2.172557,0.0
10.074203,11.841023,55.780024,4044.751214,-0.208696,53.626016,5.839753,2.175462,0.0
10.104658,11.883028,55.758203,4041.700902,-0.22475,53.635482,5.848867,2.178857,0.0
10.135065,11.925034,55.732917,4038.653451,-0.276322,53.713431,5.860858,2.183324,36.870072
10.16538,11.96706,55.70179,4035.612396,-0.342672,53.820203,5.877715,2.189604,54.999999
10.195593,12.009119,55.664056,4032.576798,-0.408914,53.927416,5.900114,2.197948,54.999999
10.225707,12.051204,55.619736,4029.543693,-0.474989,54.035157,5.928089,2.208369,54.999999
10.255718,12.093316,55.568857,4026.51008,-0.540834,54.143522,5.961685,2.220885,54.999999
10.285628,12.135465,55.511455,4023.472916,-0.606374,54.252608,6.000954,2.235513,54.999999
10.315442,12.177641,55.447579,4020.429114,-0.671547,54.362513,6.04596,2.252279,54.999999
10.345147,12.219843,55.377277,4017.375532,-0.736289,54.473331,6.096775,2.271209,54.999999
10.374747,12.26208,55.300606,4014.308965,-0.80053,54.585154,6.153478,2.292332,54.999999
10.404248,12.304351,55.217625,4011.226169,-0.864198,54.698086,6.216159,2.315683,54.999999
10.433648,12.346649,55.128404,4008.123815,-0.927229,54.812233,6.284917,2.341297,54.999999
10.462941,12.388974,55.033024,4004.99851,-0.989548,54.927692,6.359856,2.369214,54.999999
10.492124,12.431327,54.931575,4001.846795,-1.051088,55.044582,6.441089,2.399475,54.999999
10.521191,12.473715,54.824134,3998.665117,-1.11177,55.162995,6.528738,2.432127,54.999999
10.550156,12.516141,54.710612,3995.448595,-1.171476,55.28311,6.62315,2.467298,54.999999
10.579001,12.558595,54.591193,3992.193561,-1.230152,55.405037,6.724398,2.505015,54.999999
10.607738,12.601075,54.466127,3988.896966,-1.287732,55.528842,6.832475,2.545277,54.999999
10.636359,12.643599,54.335533,3985.554881,-1.344125,55.654659,6.947523,2.588135,54.999999
10.664862,12.686145,54.199545,3982.163299,-1.399259,55.7826,7.069688,2.633645,54.999999
10.693249,12.72873,54.0583,3978.718117,-1.453052,55.912792,7.199118,2.681861,54.999999
10.721512,12.771341,53.91194,3975.215132,-1.505412,56.045361,7.33596,2.732838,54.999999
10.749649,12.813988,53.760628,3971.650032,-1.556253,56.180447,7.480364,2.786632,54.999999
10.777666,12.856668,53.604529,3968.018424,-1.605488,56.318178,7.632474,2.843297,54.999999
10.805555,12.899381,53.443819,3964.315809,-1.653024,56.458688,7.792432,2.902886,54.999999
10.833314,12.94213,53.278682,3960.537589,-1.698761,56.602121,7.960374,2.965449,54.999999
10.860943,12.984914,53.109303,3956.679082,-1.742612,56.748623,8.136427,3.031033,54.999999
10.888437,13.027731,52.935886,3952.735513,-1.78448,56.898338,8.32071,3.099683,54.999999
10.915792,13.070582,52.758642,3948.702028,-1.824261,57.051413,8.513326,3.171438,54.999999
10.943004,13.113472,52.577791,3944.573704,-1.861859,57.207999,8.714364,3.24633,54.999999
10.970072,13.156391,52.393564,3940.345535,-1.897173,57.368246,8.923894,3.324385,54.999999
10.996994,13.199346,52.2062,3936.012478,-1.930106,57.53232,9.141965,3.405623,54.999999
11.023763,13.242337,52.015948,3931.569436,-1.960543,57.700368,9.3686,3.49005,54.999999
11.050378,13.285365,51.823071,3927.011284,-1.988397,57.87255,9.603792,3.577665,54.999999
11.076831,13.328438,51.627826,3922.332889,-2.013548,58.049029,9.847502,3.668454,54.999999
11.103117,13.371538,51.430449,3917.524682,-2.035806,58.230113,10.099937,3.762492,54.999999
11.129228,13.414675,51.231261,3912.582658,-2.055094,58.415924,10.360862,3.859694,54.999999
11.155177,13.457848,51.030613,3907.504517,-2.071371,58.606517,10.629923,3.959926,54.999999
11.180939,13.501057,50.828812,3902.285277,-2.084526,58.802045,10.906899,4.063107,54.999999
11.206528,13.54431,50.62617,3896.920087,-2.094473,59.002677,11.191511,4.169132,54.999999
11.231931,13.587594,50.423009,3891.404226,-2.101118,59.208539,11.483425,4.277878,54.999999
11.257145,13.630918,50.219673,3885.733149,-2.104376,59.419784,11.782241,4.389195,54.999999
11.282165,13.674274,50.016492,3879.902518,-2.104149,59.636555,12.087493,4.502909,54.999999
11.30698,13.717669,49.81381,3873.908229,-2.100363,59.858971,12.398644,4.618821,54.999999
11.331594,13.761098,49.611986,3867.746474,-2.092949,60.087157,12.715085,4.736704,54.999999
11.356,13.804564,49.411375,3861.413769,-2.081834,60.321227,13.036132,4.856302,54.999999
11.38019,13.848071,49.21234,3854.906981,-2.066955,60.561278,13.361021,4.977332,54.999999
11.404157,13.89161,49.015242,3848.223394,-2.048267,60.8074,13.688912,5.09948,54.999999
11.427896,13.935179,48.820447,3841.360753,-2.025735,61.059668,14.018888,5.222405,54.999999
11.451411,13.978784,48.62833,3834.317278,-1.999319,61.318141,14.349953,5.345735,54.999999
11.474684,14.022425,48.439255,3827.091737,-1.969004,61.582862,14.68104,5.469074,54.999999
11.497713,14.066101,48.253597,3819.68347,-1.934785,61.853862,15.011008,5.591995,54.999999
11.520498,14.109803,48.071708,3812.092436,-1.896673,62.131134,15.338652,5.714052,54.999999
11.54303,14.153533,47.89396,3804.319241,-1.854694,62.414667,15.662708,5.834771,54.999999
11.565302,14.197299,47.720702,3796.365201,-1.808882,62.704427,15.981858,5.953663,54.999999
11.587294,14.241093,47.552461,3788.226256,-1.75917,63.000572,16.294477,6.070121,54.999999
11.609019,14.284915,47.389551,3779.907843,-1.705671,63.302912,16.59914,6.183616,54.999999
11.630466,14.328763,47.232182,3771.417373,-1.648569,63.611204,16.894569,6.293672,54.999999
11.651634,14.37263,47.080668,3762.759283,-1.587973,63.925322,17.179349,6.399759,54.999999
11.672515,14.416523,46.935317,3753.938753,-1.524003,64.2451,17.452072,6.501356,54.999999
11.693109,14.460436,46.796413,3744.961732,-1.456812,64.570347,17.711358,6.597947,54.999999
11.713408,14.504367,46.664224,3735.834926,-1.386549,64.900846,17.955868,6.689033,54.999999
11.733409,14.548316,46.538992,3726.565773,-1.313402,65.236358,18.184318,6.774137,54.999999
11.753114,14.592282,46.420953,3717.162402,-1.237557,65.576626,18.395497,6.852807,54.999999
11.772512,14.636262,46.310308,3707.633611,-1.15923,65.92137,18.588278,6.924623,54.999999
11.791594,14.68025,46.207244,3697.988819,-1.078648,66.270274,18.761638,6.989204,54.999999
11.810366,14.724244,46.111925,3688.23801,-0.996047,66.623009,18.914666,7.046211,54.999999
11.828828,14.768241,46.024481,3678.391665,-0.911679,66.97924,19.046576,7.095351,54.999999
11.846971,14.812244,45.945027,3668.460705,-0.825807,67.338597,19.156719,7.136382,54.999999
11.864794,14.856247,45.87365,3658.45643,-0.738699,67.700704,19.24459,7.169116,54.999999
11.882299,14.90025,45.810408,3648.390422,-0.65063,68.065176,19.309832,7.193421,54.999999
11.899482,14.944249,45.755329,3638.274479,-0.56189,68.431621,19.352246,7.209221,54.999999
11.916348,14.988233,45.708412,3628.120547,-0.472766,68.799635,19.371786,7.2165,54.999999
11.932882,15.032215,45.669653,3617.940611,-0.38355,69.168797,19.368562,7.215299,54.999999
11.949101,15.07618,45.638982,3607.746642,-0.294528,69.538715,19.342836,7.205715,54.999999
11.964984,15.120135,45.61661,3597.550857,-0.206019,69.908978,19.294269,7.187623,54.999999
11.980537,15.164072,45.602322,3587.365884,-0.118327,70.279139,19.223785,7.161366,54.999999
11.995775,15.207983,45.595813,3577.203115,-0.031714,70.648802,19.132546,7.127377,54.999999
12.010689,15.251874,45.596933,3567.07357,0.053556,71.017584,19.021373,7.085962,54.999999
12.025295,15.29574,45.605513,3556.987879,0.137205,71.385109,18.891197,7.037468,54.999999
12.039581,15.339579,45.621347,3546.956202,0.219002,71.751027,18.74304,6.982275,54.999999
12.053549,15.383391,45.644236,3536.98821,0.298692,72.114987,18.578001,6.920794,54.999999
12.067214,15.427169,45.673935,3527.093033,0.376057,72.476672,18.397249,6.853459,54.999999
12.080572,15.470912,45.710197,3517.279216,0.450891,72.835777,18.202,6.780724,54.999999
12.093624,15.514619,45.752764,3507.554704,0.522991,73.192012,17.993508,6.703055,54.999999
12.10638,15.558289,45.80135,3497.926832,0.592176,73.545109,17.773052,6.620929,54.999999
12.118843,15.60192,45.855661,3488.402291,0.658285,73.894834,17.54192,6.534827,54.999999
12.131014,15.645509,45.915402,3478.987128,0.721164,74.240968,17.301399,6.445226,54.999999
12.142891,15.689059,45.980262,3469.686764,0.780677,74.583304,17.052763,6.352603,54.999999
12.154486,15.732564,46.049923,3460.50597,0.836711,74.921674,16.797264,6.257423,54.999999
12.165806,15.776024,46.124052,3451.448893,0.889168,75.255924,16.536122,6.160141,54.999999
12.176844,15.819439,46.20232,3442.519092,0.937964,75.58592,16.270517,6.061196,54.999999
12.187619,15.862808,46.2844,3433.719511,0.983018,75.911548,16.001582,5.96101,54.999999
12.198125,15.906123,46.369946,3425.052532,1.02428,76.232725,15.730399,5.859988,54.999999
12.20837,15.949394,46.458635,3416.519999,1.061717,76.549384,15.457993,5.758509,54.999999
12.218345,15.992618,46.550193,3408.128084,1.095156,76.861308,15.185357,5.656945,54.999999
12.228072,16.035786,46.64424,3399.875558,1.124648,77.168542,14.913461,5.555657,54.999999
12.237547,16.078901,46.740361,3391.759976,1.150261,77.47115,14.64314,5.454955,54.999999
12.246778,16.121962,46.838248,3383.781225,1.17202,77.769149,14.375158,5.355124,54.999999
12.255774,16.164976,46.937557,3375.938803,1.189934,78.062556,14.110216,5.256427,54.999999
12.264536,16.207939,47.037969,3368.231827,1.204049,78.351409,13.848953,5.159099,54.999999
12.273071,16.250847,47.139175,3360.659107,1.214396,78.63575,13.591948,5.063358,54.999999
12.281375,16.293701,47.240857,3353.219151,1.221023,78.915635,13.339722,4.969397,54.999999
12.289462,16.336507,47.342715,3345.910184,1.223992,79.191134,13.092737,4.877389,54.999999
12.297336,16.379258,47.44445,3338.730202,1.223361,79.46233,12.851404,4.787486,54.999999
12.304995,16.421955,47.54577,3331.676984,1.219204,79.729311,12.616083,4.699823,54.999999
12.312445,16.464599,47.646389,3324.748099,1.211598,79.992167,12.387087,4.614516,54.999999
12.319695,16.507187,47.746034,3317.94095,1.200617,80.251001,12.164685,4.531665,54.999999
12.32674,16.549727,47.844446,3311.252796,1.186348,80.505929,11.949102,4.451355,54.999999
12.33359,16.592212,47.941366,3304.680767,1.168877,80.757057,11.74053,4.373656,54.999999
12.340249,16.634644,48.036539,3298.221877,1.148298,81.004514,11.539122,4.298627,54.999999
12.346713,16.677024,48.129723,3291.873043,1.124704,81.248414,11.345003,4.226312,54.999999
12.352997,16.719356,48.22069,3285.631106,1.098181,81.488885,11.158268,4.156748,54.999999
12.359091,16.761627,48.309219,3279.492827,1.068841,81.726056,10.978986,4.089961,54.999999
12.365006,16.803852,48.395097,3273.45494,1.036775,81.960061,10.807204,4.025968,54.999999
12.370735,16.846021,48.478002,3267.517469,1.001996,82.190934,10.64322,3.96488,54.999999
12.376289,16.888136,48.557777,3261.675195,0.964658,82.41887,10.48692,3.906654,54.999999
12.381672,16.930205,48.634293,3255.92283,0.924904,82.644065,10.338147,3.851232,54.999999
12.386892,16.972221,48.707362,3250.256973,0.882844,82.866656,10.19688,3.798606,54.999999
12.391935,17.014183,48.776836,3244.674211,0.838589,83.086785,10.063088,3.748765,54.999999
12.396819,17.05609,48.842541,3239.171119,0.792229,83.304589,9.936731,3.701694,54.999999
12.401537,17.097951,48.904333,3233.744272,0.743873,83.520206,9.817763,3.657375,54.999999
12.406097,17.13976,48.962069,3228.39025,0.693624,83.733777,9.70613,3.615789,54.999999
12.410497,17.181516,49.015616,3223.105644,0.64158,83.945441,9.601777,3.576915,54.999999
12.414741,17.223222,49.064852,3217.887039,0.587843,84.155333,9.504644,3.54073,54.999999
12.418832,17.264879,49.109662,3212.731028,0.532515,84.363595,9.414671,3.507213,54.999999
12.42277,17.306486,49.149937,3207.634224,0.475703,84.570372,9.331796,3.476339,54.999999
12.426555,17.348045,49.185576,3202.593242,0.417505,84.775799,9.255958,3.448088,54.999999
12.430187,17.389549,49.216491,3197.604697,0.358014,84.980011,9.187098,3.422436,54.999999
12.433669,17.431002,49.242594,3192.665225,0.29733,85.183148,9.125157,3.399361,54.999999
12.437006,17.472408,49.263812,3187.771452,0.235559,85.385342,9.070081,3.378844,54.999999
12.4402,17.51376,49.280078,3182.920026,0.172804,85.586743,9.021818,3.360865,54.999999
12.443249,17.555059,49.291341,3178.107582,0.109147,85.787479,8.980318,3.345405,54.999999
12.446145,17.596312,49.297534,3173.330772,0.044696,85.987685,8.945538,3.332448,54.999999
12.448897,17.637512,49.298624,3168.58623,-0.020446,86.187498,8.917436,3.321979,54.999999
12.45151,17.678655,49.294387,3163.871529,-0.086213,86.38706,8.896218,3.314075,54.999999
12.453966,17.719744,49.284886,3159.182534,-0.152475,86.58652,8.881734,3.30868,54.999999
12.456287,17.760787,49.270184,3154.515305,-0.219136,86.786012,8.873833,3.305736,54.999999
12.458456,17.801777,49.25029,3149.866475,-0.286103,86.985678,8.872494,3.305237,54.999999
12.460488,17.842713,49.225179,3145.232641,-0.35326,87.185656,8.8777,3.307177,54.999999
12.462378,17.883602,49.19487,3140.610387,-0.420524,87.386089,8.889439,3.31155,54.999999
12.464131,17.924433,49.159369,3135.996276,-0.487797,87.587109,8.907706,3.318355,54.999999
12.465736,17.965206,49.118699,3131.38686,-0.554979,87.78886,8.932496,3.32759,54.999999
12.467199,18.005932,49.072878,3126.778665,-0.621972,87.991484,8.963812,3.339256,54.999999
12.468522,18.046602,49.021941,3122.168186,-0.688683,88.195119,9.001658,3.353354,54.999999
12.469702,18.087214,48.965938,3117.551896,-0.75501,88.399908,9.046043,3.369889,54.999999
12.470737,18.127772,48.904912,3112.926237,-0.820853,88.605997,9.096977,3.388863,54.999999
12.471628,18.168273,48.838915,3108.287624,-0.886119,88.813529,9.154474,3.410282,54.999999
12.472375,18.208713,48.768018,3103.63244,-0.950701,89.022651,9.21855,3.434152,54.999999
12.472979,18.249099,48.692285,3098.957032,-1.014504,89.233503,9.289219,3.460479,54.999999
12.473436,18.289428,48.611797,3094.257733,-1.077427,89.446239,9.3665,3.489268,54.999999
12.473742,18.329687,48.526645,3089.530811,-1.139366,89.661011,9.450407,3.520525,54.999999
12.473904,18.369893,48.436919,3084.772529,-1.200222,89.877964,9.540955,3.554257,54.999999
12.47392,18.410043,48.342719,3079.979103,-1.259899,90.097251,9.638157,3.590467,54.999999
12.473775,18.450121,48.244166,3075.146733,-1.318288,90.319033,9.742021,3.629159,54.999999
12.47348,18.490134,48.141208,3070.269843,-1.375229,90.54356,9.852799,3.670427,54.999999
12.47303,18.530074,48.03407,3065.345052,-1.43064,90.770956,9.970364,3.714223,54.999999
12.472496,18.569959,47.927126,3060.357232,-1.380317,90.80113,10.088571,3.758258,7.338686
12.471946,18.609773,47.824642,3055.294761,-1.317095,90.812294,10.20122,3.800223,0.0
12.471395,18.649531,47.727226,3050.158944,-1.251021,90.823449,10.307216,3.839709,0.0
12.470837,18.689221,47.635072,3044.952776,-1.182264,90.834587,10.406062,3.876532,0.0
12.47027,18.728839,47.548357,3039.679535,-1.111015,90.845708,10.497286,3.910515,0.0
12.469694,18.76839,47.46725,3034.342789,-1.037468,90.856816,10.580456,3.941498,0.0
12.469114,18.807874,47.391894,3028.946374,-0.961843,90.86791,10.655173,3.969332,0.0
12.46853,18.84729,47.32242,3023.494378,-0.884363,90.878991,10.721084,3.993886,0.0
12.467936,18.886634,47.258942,3017.991111,-0.805254,90.890054,10.77788,4.015044,0.0
12.467334,18.925905,47.201545,3012.441088,-0.724762,90.901098,10.825304,4.032711,0.0
12.466726,18.96511,47.1503,3006.849015,-0.64314,90.912129,10.863151,4.04681,0.0
12.466114,19.004243,47.105272,3001.219744,-0.560638,90.923146,10.891272,4.057286,0.0
12.465497,19.043301,47.066489,2995.558248,-0.477526,90.934148,10.909574,4.064103,0.0
12.464875,19.082282,47.033955,2989.869603,-0.394062,90.945128,10.91802,4.06725,0.0
12.46424,19.121197,47.007671,2984.158958,-0.3105,90.956097,10.916633,4.066733,0.0
12.463611,19.160032,46.987618,2978.431493,-0.22712,90.967048,10.905493,4.062583,0.0
12.462965,19.198795,46.973742,2972.692396,-0.144189,90.97798,10.884736,4.05485,0.0
12.462319,19.237477,46.965984,2966.946828,-0.061949,90.988895,10.854549,4.043605,0.0
12.461663,19.276093,46.964474,2961.200064,0.019284,90.999801,10.814841,4.028813,0.0
12.460999,19.314627,46.968982,2955.457542,0.099261,91.010689,10.76611,4.010659,0.0
12.460334,19.35308,46.979282,2949.724192,0.177755,91.021549,10.708861,3.989333,0.0
12.459661,19.391469,46.995238,2944.004789,0.254534,91.032399,10.643477,3.964975,0.0
12.458986,19.429779,47.016691,2938.303956,0.329376,91.04324,10.570373,3.937742,0.0
12.458304,19.468008,47.043473,2932.626133,0.402062,91.054058,10.489998,3.9078,0.0
12.457614,19.506169,47.075399,2926.975566,0.472397,91.064862,10.402823,3.875325,0.0
12.45692,19.544255,47.112266,2921.356299,0.540193,91.075645,10.309344,3.840502,0.0
12.456221,19.582266,47.153871,2915.77216,0.605269,91.086412,10.210069,3.803519,0.0
12.455513,19.620205,47.199998,2910.226738,0.667458,91.09717,10.10552,3.764572,0.0
12.454801,19.658072,47.250414,2904.723381,0.726611,91.10791,9.996225,3.723857,0.0
12.454084,19.695866,47.304876,2899.265196,0.782597,91.118631,9.882714,3.681571,0.0
12.453362,19.733589,47.363142,2893.855045,0.835292,91.129339,9.765516,3.637912,0.0
12.452637,19.771243,47.424963,2888.495543,0.884589,91.14003,9.645154,3.593074,0.0
12.451903,19.808829,47.490076,2883.189042,0.930399,91.150702,9.522141,3.547248,0.0
12.451162,19.846338,47.558219,2877.937664,0.972632,91.161359,9.39698,3.500622,0.0
12.450419,19.883782,47.629126,2872.743281,1.011234,91.172005,9.270158,3.453378,0.0
12.449667,19.921155,47.702525,2867.607525,1.046141,91.182633,9.142144,3.405689,0.0
12.448907,19.958465,47.778153,2862.531797,1.077321,91.193243,9.013389,3.357725,0.0
12.448147,19.995703,47.855728,2857.517275,1.104748,91.203845,8.884323,3.309644,0.0
12.447387,20.032876,47.935042,2852.567331,1.12826,91.214427,8.755375,3.261607,0.0
12.446609,20.069984,48.015765,2847.681454,1.147935,91.225001,8.626952,3.213767,0.0
12.44583,20.107021,48.097598,2842.8591,1.163848,91.235557,8.499411,3.166254,0.0
12.445051,20.144002,48.180275,2838.100602,1.176008,91.246095,8.373084,3.119194,0.0
12.444265,20.180922,48.263534,2833.406122,1.184453,91.256622,8.24828,3.072701,0.0
12.443469,20.217778,48.347119,2828.775667,1.189226,91.267134,8.125284,3.026882,0.0
12.442671,20.254571,48.430767,2824.209083,1.190357,91.277634,8.004359,2.981834,0.0
12.441867,20.291308,48.514234,2819.706067,1.187913,91.288119,7.885744,2.937647,0.0
12.441059,20.327985,48.597276,2815.266196,1.181946,91.298591,7.769657,2.894402,0.0
12.440247,20.364604,48.679652,2810.88892,1.17252,91.30905,7.656295,2.852171,0.0
12.43943,20.401169,48.761123,2806.573561,1.159717,91.319495,7.545834,2.811022,0.0
12.438609,20.437676,48.841464,2802.319345,1.143612,91.329931,7.438432,2.771012,0.0
12.437778,20.474124,48.920456,2798.125411,1.124286,91.340354,7.334229,2.732193,0.0
12.436943,20.510521,48.997882,2793.99079,1.101827,91.350763,7.233348,2.694613,0.0
12.436104,20.546867,49.07354,2789.914434,1.076325,91.36116,7.135897,2.658309,0.0
12.435256,20.583153,49.147225,2785.895234,1.047871,91.371541,7.041968,2.623318,0.0
12.434401,20.619386,49.218748,2781.932001,1.016567,91.381913,6.95164,2.589669,0.0
12.433546,20.655573,49.287917,2778.023482,0.982519,91.392275,6.864983,2.557387,0.0
12.432691,20.691707,49.354553,2774.168378,0.945809,91.402619,6.782051,2.526493,0.0
12.431826,20.727796,49.418504,2770.36532,0.906562,91.412955,6.702892,2.497004,0.0
12.430952,20.763828,49.479464,2766.614825,0.864792,91.423281,6.62769,2.468989,0.0
12.430078,20.799815,49.537349,2762.914206,0.820661,91.433598,6.556394,2.442429,0.0
12.429195,20.835757,49.592055,2759.261111,0.77432,91.443898,6.48896,2.417308,0.0
12.428304,20.871646,49.643444,2755.654028,0.72588,91.454187,6.425403,2.393632,0.0
12.427411,20.907488,49.691381,2752.091392,0.675452,91.464468,6.365733,2.371403,0.0
12.426518,20.943285,49.735759,2748.571601,0.623153,91.47474,6.309954,2.350624,0.0
12.425618,20.979038,49.776455,2745.093043,0.569088,91.484995,6.258068,2.331295,0.0
12.42471,21.014739,49.81336,2741.65407,0.513374,91.495246,6.210073,2.313416,0.0
12.423798,21.050397,49.846384,2738.253016,0.456121,91.505485,6.165965,2.296984,0.0
12.422881,21.08602,49.875431,2734.888174,0.397447,91.515711,6.125736,2.281998,0.0
12.421959,21.121597,49.900419,2731.557825,0.337461,91.525923,6.08938,2.268454,0.0
12.421033,21.157124,49.921274,2728.260233,0.276276,91.536126,6.056887,2.25635,0.0
12.420099,21.19261,49.937928,2724.993639,0.214011,91.546325,6.028246,2.24568,0.0
12.419158,21.228057,49.950324,2721.756252,0.150773,91.556512,6.003448,2.236442,0.0
12.418215,21.263462,49.958415,2718.546263,0.086679,91.566684,5.982482,2.228632,0.0
12.417265,21.298826,49.962154,2715.36185,0.02184,91.576846,5.965337,2.222245,0.0
12.416315,21.334141,49.961497,2712.201159,-0.043625,91.587,5.952004,2.217278,0.0
12.415363,21.369426,49.95642,2709.062323,-0.109606,91.597144,5.942472,2.213727,0.0
12.414394,21.404658,49.946914,2705.943437,-0.175991,91.60728,5.936733,2.211589,0.0
12.413425,21.439854,49.932952,2702.842598,-0.242654,91.617407,5.934777,2.210861,0.0
12.412456,21.475012,49.914352,2699.758407,-0.309504,91.627524,5.936746,2.211594,0.0
12.411478,21.510125,49.891233,2696.688393,-0.37639,91.637632,5.942545,2.213754,0.0
12.410499,21.545202,49.863668,2693.630288,-0.443218,91.647722,5.952105,2.217316,0.0
12.409513,21.580234,49.831682,2690.582086,-0.50986,91.657811,5.965421,2.222276,0.0
12.408517,21.615229,49.795293,2687.54175,-0.576204,91.667884,5.982488,2.228634,0.0
12.40752,21.650181,49.754538,2684.507219,-0.642141,91.677947,6.003299,2.236387,0.0
12.406516,21.685095,49.709461,2681.476409,-0.707553,91.688007,6.02785,2.245533,0.0
12.405509,21.719972,49.66011,2678.447197,-0.772321,91.698055,6.056134,2.256069,0.0
12.404502,21.754808,49.606542,2675.417455,-0.836337,91.708091,6.088145,2.267994,0.0
12.403484,21.789599,49.548816,2672.385029,-0.899484,91.718117,6.123877,2.281305,0.0
12.402463,21.824354,49.487001,2669.347732,-0.961648,91.72813,6.16332,2.295999,0.0
12.401438,21.85907,49.421182,2666.303361,-1.022715,91.738134,6.206464,2.312071,0.0
12.400403,21.893743,49.351445,2663.249688,-1.082569,91.748133,6.253297,2.329518,0.0
12.399367,21.928379,49.277876,2660.18447,-1.141097,91.758121,6.303804,2.348333,0.0
12.398329,21.962969,49.20058,2657.105443,-1.198181,91.768095,6.357966,2.36851,0.0
12.397284,21.997526,49.119664,2654.010329,-1.253712,91.778066,6.415762,2.39004,0.0
12.396238,22.032032,49.035238,2650.896825,-1.307567,91.78802,6.477166,2.412915,0.0
12.395183,22.066502,48.947435,2647.762626,-1.359643,91.797966,6.542146,2.437121,0.0
12.394128,22.100935,48.856375,2644.605419,-1.40983,91.807911,6.610665,2.462647,0.0
12.393064,22.135324,48.762195,2641.422886,-1.458018,91.817838,6.68268,2.489474,0.0
12.39199,22.169665,48.664927,2638.211483,-1.503987,91.827746,6.758275,2.517635,0.0
12.390926,22.20397,48.564807,2634.969402,-1.547698,91.837655,6.837304,2.547076,0.0
12.389845,22.238231,48.462034,2631.694759,-1.589057,91.847554,6.919644,2.57775,0.0
12.388762,22.272446,48.356779,2628.385259,-1.627977,91.857437,7.005217,2.609628,0.0
12.387679,22.306617,48.249203,2625.038621,-1.664341,91.867309,7.093933,2.642677,0.0
12.386589,22.340742,48.139489,2621.652584,-1.698054,91.877172,7.185693,2.67686,0.0
12.385496,22.374822,48.027817,2618.224938,-1.72902,91.887026,7.280384,2.712135,0.0
12.384398,22.408864,47.914379,2614.753498,-1.757147,91.896871,7.377883,2.748455,0.0
12.383296,22.442858,47.79937,2611.236124,-1.782336,91.906702,7.47805,2.78577,0.0
12.382189,22.476804,47.682985,2607.67074,-1.804504,91.916524,7.580733,2.824022,0.0
12.381077,22.510704,47.565424,2604.055337,-1.823575,91.926338,7.685765,2.86315,0.0
12.379962,22.544555,47.446896,2600.387965,-1.839473,91.936133,7.792963,2.903084,0.0
12.378841,22.578356,47.327617,2596.666762,-1.852121,91.945918,7.902129,2.943751,0.0
12.37772,22.612112,47.207801,2592.889964,-1.861451,91.955697,8.013048,2.985071,0.0
12.376596,22.645821,47.087663,2589.055911,-1.867411,91.96546,8.125489,3.026958,0.0
12.375463,22.679477,46.967434,2585.16304,-1.869944,91.975212,8.239204,3.06932,0.0
12.374325,22.713085,46.847329,2581.209926,-1.869012,91.984949,8.353931,3.112059,0.0
12.373192,22.746634,46.727571,2577.195277,-1.864575,91.994684,8.469388,3.15507,0.0
12.372044,22.780145,46.608396,2573.117927,-1.856601,92.004401,8.585281,3.198243,0.0
12.370903,22.813592,46.490026,2568.976892,-1.84509,92.0141,8.701297,3.241462,0.0
12.369754,22.846984,46.372732,2564.768689,-1.829862,92.02379,8.817088,3.284597,0.0
12.368595,22.880321,46.256745,2560.494255,-1.811034,92.03347,8.932295,3.327515,0.0
12.367436,22.913604,46.142261,2556.154125,-1.78866,92.043142,9.046566,3.370084,0.0
12.366277,22.946832,46.0295,2551.748053,-1.762773,92.052796,9.15954,3.41217,0.0
12.365118,22.980007,45.918692,2547.275984,-1.733407,92.062433,9.270845,3.453634,0.0
12.363952,23.013121,45.810044,2542.738077,-1.700609,92.072059,9.380101,3.494335,0.0
12.362777,23.046172,45.703759,2538.134706,-1.664439,92.081675,9.486928,3.53413,0.0
12.361599,23.079166,45.600049,2533.466456,-1.624973,92.091277,9.59094,3.572878,0.0
12.360421,23.1121,45.499109,2528.734136,-1.582296,92.100866,9.691754,3.610433,0.0
12.359243,23.144976,45.401131,2523.938778,-1.536504,92.110441,9.788988,3.646656,0.0
12.358061,23.177789,45.306301,2519.081637,-1.487708,92.119998,9.882269,3.681405,0.0
12.356873,23.210539,45.214789,2514.164189,-1.436032,92.129541,9.97123,3.714546,0.0
12.355686,23.243227,45.126757,2509.188133,-1.381605,92.139075,10.055518,3.745945,0.0
12.354495,23.275846,45.04236,2504.155385,-1.324578,92.148597,10.134794,3.775477,0.0
12.353298,23.308402,44.961743,2499.068062,-1.265111,92.158101,10.208735,3.803022,0.0
12.352099,23.340895,44.885046,2493.928497,-1.203361,92.167587,10.277041,3.828468,0.0
12.350894,23.373324,44.812389,2488.739203,-1.139513,92.177057,10.339434,3.851711,0.0
12.349695,23.405682,44.743869,2483.502889,-1.073757,92.186517,10.395661,3.872657,0.0
12.34848,23.437976,44.679594,2478.222424,-1.006288,92.195968,10.445499,3.891223,0.0
12.347273,23.470198,44.619648,2472.900836,-0.93731,92.205391,10.488754,3.907337,0.0
12.346067,23.502345,44.564274,2467.539924,-0.866983,92.214805,10.52498,3.920832,0.0
12.344851,23.534428,44.513421,2462.14422,-0.795588,92.224201,10.554223,3.931726,0.0
12.343635,23.56644,44.467056,2456.717714,-0.723365,92.233588,10.576492,3.940022,0.0
12.342411,23.59838,44.425215,2451.263939,-0.650533,92.242958,10.591737,3.945701,0.0
12.341186,23.630247,44.3879,2445.786498,-0.577331,92.252309,10.599941,3.948757,0.0
12.33996,23.66205,44.355105,2440.289026,-0.503988,92.261643,10.601126,3.949198,0.0
12.338735,23.693777,44.326815,2434.775212,-0.430728,92.270965,10.595345,3.947045,0.0
12.337509,23.725434,44.303,2429.248758,-0.357783,92.280272,10.582689,3.94233,0.0
12.336278,23.757018,44.283615,2423.713364,-0.285386,92.289561,10.563282,3.935101,0.0
12.335043,23.788531,44.268598,2418.172717,-0.213761,92.298837,10.53728,3.925414,0.0
12.333808,23.819971,44.257878,2412.630452,-0.143125,92.308095,10.504869,3.91334,0.0
12.332573,23.851339,44.251369,2407.090154,-0.073695,92.317334,10.466264,3.898959,0.0
12.331335,23.882636,44.248974,2401.555355,-0.005683,92.32656,10.421706,3.88236,0.0
12.33009,23.913859,44.250586,2396.029487,0.060708,92.335772,10.371459,3.863641,0.0
12.328846,23.945014,44.256081,2390.515882,0.125285,92.344972,10.31581,3.842911,0.0
12.327601,23.976092,44.265334,2385.017784,0.187859,92.354154,10.255063,3.820281,0.0
12.326355,24.007103,44.278207,2379.538296,0.248265,92.363318,10.18954,3.795872,0.0
12.325101,24.038036,44.294537,2374.080396,0.306329,92.372464,10.119574,3.769807,0.0
12.323847,24.068904,44.314183,2368.646914,0.361889,92.381593,10.045509,3.742216,0.0
12.322593,24.099692,44.336967,2363.240558,0.414801,92.390712,9.967697,3.713229,0.0
12.321339,24.130415,44.362835,2357.865188,0.464817,92.399813,9.886372,3.682934,0.0
12.320085,24.161064,44.391523,2352.522528,0.511886,92.408895,9.802012,3.651507,0.0
12.318823,24.19165,44.422794,2347.214348,0.555926,92.417969,9.715024,3.619102,0.0
12.317567,24.222156,44.456459,2341.942679,0.596853,92.427025,9.625766,3.585851,0.0
12.316306,24.252597,44.492333,2336.709375,0.634572,92.436063,9.534589,3.551885,0.0
12.315035,24.282975,44.530206,2331.516129,0.669013,92.445083,9.441841,3.517334,0.0
12.313769,24.313283,44.569887,2326.364469,0.700114,92.454091,9.347859,3.482323,0.0
12.312499,24.343519,44.611175,2321.255765,0.727821,92.463085,9.252972,3.446975,0.0
12.311232,24.373689,44.653868,2316.191225,0.752095,92.472066,9.157498,3.411409,0.0
12.309963,24.403796,44.69776,2311.171905,0.772912,92.481033,9.061743,3.375738,0.0
12.308686,24.433835,44.742648,2306.198705,0.79025,92.489982,8.966003,3.340072,0.0
12.307407,24.463807,44.788332,2301.272377,0.8041,92.498917,8.870556,3.304516,0.0
12.306131,24.493719,44.834614,2296.39353,0.814468,92.50784,8.775671,3.269168,0.0
12.304851,24.52357,44.881288,2291.562635,0.821359,92.516744,8.6816,3.234124,0.0
12.303576,24.553353,44.928157,2286.780026,0.824793,92.525633,8.588581,3.199472,0.0
12.302291,24.583072,44.975032,2282.045919,0.8248,92.534511,8.496839,3.165296,0.0
12.301001,24.61273,45.021725,2277.360404,0.82142,92.543373,8.406583,3.131673,0.0
12.299717,24.642333,45.068035,2272.723444,0.814692,92.552224,8.318009,3.098677,0.0
12.298425,24.671873,45.113782,2268.134909,0.804674,92.561059,8.231299,3.066376,0.0
12.297133,24.70135,45.158789,2263.594544,0.791416,92.569884,8.146622,3.034831,0.0
12.295841,24.730761,45.202839,2259.104009,0.774858,92.57869,8.064229,3.004138,0.0
12.294549,24.760127,45.245767,2254.661456,0.755162,92.587487,7.984212,2.974329,0.0
12.293257,24.789421,45.287416,2250.265689,0.732448,92.596267,7.906667,2.945441,0.0
12.291957,24.818668,45.327632,2245.916091,0.7068,92.605036,7.831712,2.917519,0.0
12.290656,24.847855,45.36627,2241.61195,0.678303,92.613789,7.759452,2.8906,0.0
12.289354,24.876986,45.40317,2237.352492,0.647043,92.622531,7.689983,2.864721,0.0
12.288053,24.906063,45.438184,2233.136865,0.613124,92.631258,7.623391,2.839914,0.0
12.286745,24.935086,45.471187,2228.964155,0.576638,92.639973,7.559753,2.816207,0.0
12.28544,24.96405,45.502049,2224.833391,0.537688,92.648678,7.499137,2.793626,0.0
12.284133,24.992961,45.530637,2220.743532,0.496378,92.65737,7.441603,2.772193,0.0
12.282822,25.021822,45.556835,2216.693495,0.452815,92.666048,7.387206,2.751928,0.0
12.281507,25.050629,45.580535,2212.682136,0.40711,92.674713,7.335991,2.73285,0.0
12.280191,25.079385,45.601636,2208.70826,0.35937,92.683364,7.287999,2.714971,0.0
12.278876,25.108094,45.620033,2204.770637,0.309708,92.692005,7.243265,2.698307,0.0
12.277556,25.136748,45.635628,2200.867985,0.258252,92.700635,7.201818,2.682867,0.0
12.276235,25.165349,45.648351,2196.998976,0.205108,92.70925,7.163684,2.668661,0.0
12.274915,25.193897,45.658122,2193.162244,0.150401,92.717853,7.128883,2.655696,0.0
12.273593,25.2224,45.664854,2189.356389,0.094245,92.726441,7.097431,2.64398,0.0
12.272263,25.250858,45.668495,2185.579973,0.036773,92.735027,7.069342,2.633516,0.0
12.270934,25.279261,45.668985,2181.831524,-0.021911,92.743596,7.044625,2.624308,0.0
12.269604,25.307609,45.666135,2178.110584,-0.081712,92.752146,7.02343,2.616412,0.0
12.268274,25.33591,45.660003,2174.414724,-0.142461,92.760696,7.005663,2.609794,0.0
12.266944,25.364167,45.65057,2170.74202,-0.204035,92.769228,6.991279,2.604435,0.0
12.265606,25.392379,45.637827,2167.090866,-0.266297,92.777743,6.980278,2.600337,0.0
12.264266,25.420538,45.621749,2163.459632,-0.32912,92.786254,6.972656,2.597498,0.0
12.262927,25.44865,45.602311,2159.846651,-0.392376,92.794752,6.968406,2.595915,0.0
12.261587,25.476711,45.579514,2156.250229,-0.455944,92.803238,6.967522,2.595585,0.0
12.260248,25.504729,45.553354,2152.668659,-0.5197,92.811709,6.969994,2.596506,0.0
12.258903,25.532701,45.523833,2149.100201,-0.583515,92.820168,6.975808,2.598672,0.0
12.257554,25.560624,45.490966,2145.543094,-0.647258,92.828618,6.984952,2.602079,0.0
12.256205,25.588501,45.454765,2141.995556,-0.710806,92.837058,6.997409,2.606719,0.0
12.254856,25.616334,45.415259,2138.455776,-0.774031,92.84549,7.013161,2.612587,0.0
12.253507,25.644122,45.372484,2134.92193,-0.836805,92.853909,7.032186,2.619674,0.0
12.252155,25.671861,45.32647,2131.392175,-0.899007,92.862313,7.054461,2.627972,0.0
12.250796,25.69955,45.277265,2127.86465,-0.960506,92.870706,7.07996,2.637471,0.0
12.249438,25.727195,45.224916,2124.337476,-1.021182,92.879084,7.108653,2.64816,0.0
12.248079,25.754801,45.169484,2120.808773,-1.080907,92.88746,7.140509,2.660027,0.0
12.246721,25.782353,45.111036,2117.276641,-1.139554,92.895819,7.17549,2.673059,0.0
12.245362,25.809853,45.049633,2113.73916,-1.197005,92.904168,7.213556,2.68724,0.0
12.243994,25.837316,44.985352,2110.194409,-1.253149,92.912499,7.254665,2.702554,0.0
12.242635,25.864732,44.918169,2106.639999,-1.307773,92.92083,7.298893,2.71903,0.0
12.241268,25.892094,44.848262,2103.074126,-1.36082,92.929143,7.346092,2.736613,0.0
12.2399,25.91941,44.775742,2099.495011,-1.412172,92.937438,7.396164,2.755266,0.0
12.238532,25.946681,44.700734,2095.900718,-1.461727,92.945732,7.449045,2.774965,0.0
12.237156,25.9739,44.623327,2092.289339,-1.509365,92.95401,7.504663,2.795685,0.0
12.235786,26.001079,44.543641,2088.658993,-1.554984,92.962277,7.562941,2.817394,0.0
12.234411,26.028208,44.461792,2085.007788,-1.598467,92.970535,7.623793,2.840064,0.0
12.233034,26.055284,44.377895,2081.333877,-1.639714,92.978778,7.687129,2.863658,0.0
12.231656,26.082311,44.292082,2077.635428,-1.67862,92.987009,7.75285,2.88814,0.0
12.230279,26.109293,44.204482,2073.910634,-1.71509,92.995231,7.820847,2.913471,0.0
12.228902,26.136231,44.115232,2070.157731,-1.749035,93.003439,7.891007,2.939608,0.0
12.227524,26.163119,44.024469,2066.374995,-1.78036,93.011637,7.963205,2.966504,0.0
12.226143,26.189953,43.932335,2062.56075,-1.80898,93.019824,8.03731,2.994109,0.0
12.224756,26.216736,43.838982,2058.713366,-1.834815,93.027994,8.113179,3.022373,0.0
12.223372,26.243472,43.744553,2054.831281,-1.857786,93.036159,8.190662,3.051237,0.0
12.221992,26.270154,43.649209,2050.91299,-1.877826,93.044307,8.2696,3.080644,0.0
12.220605,26.296783,43.553102,2046.957055,-1.894876,93.052447,8.349824,3.110529,0.0
12.219218,26.323366,43.456394,2042.962113,-1.908876,93.060577,8.431155,3.140827,0.0
12.217831,26.349895,43.359231,2038.926902,-1.919769,93.068689,8.513408,3.171468,0.0
12.216434,26.37637,43.261791,2034.850236,-1.92752,93.076792,8.596385,3.20238,0.0
12.215047,26.402789,43.164238,2030.729118,-1.931957,93.084876,8.679896,3.23349,0.0
12.21366,26.429153,43.066739,2026.563846,-1.933133,93.092951,8.763694,3.264707,0.0
12.212265,26.455464,42.969476,2022.354085,-1.931087,93.101018,8.847553,3.295946,0.0
12.210876,26.48172,42.872593,2018.09908,-1.925803,93.109067,8.931243,3.327123,0.0
12.209482,26.507922,42.776266,2013.798214,-1.917287,93.117105,9.014531,3.35815,0.0
12.208085,26.53407,42.680652,2009.450989,-1.90554,93.125135,9.097176,3.388937,0.0
12.206695,26.560158,42.58591,2005.057042,-1.890575,93.133149,9.178934,3.419394,0.0
12.205302,26.586188,42.492202,2000.616139,-1.872434,93.141145,9.259558,3.449429,0.0
12.203906,26.612165,42.399684,1996.128191,-1.851151,93.149135,9.338797,3.478947,0.0
12.202509,26.638083,42.308499,1991.593246,-1.826772,93.157108,9.4164,3.507857,0.0
12.201113,26.663942,42.218796,1987.011503,-1.799361,93.165069,9.492119,3.536064,0.0
12.199717,26.689743,42.130725,1982.383299,-1.768982,93.173022,9.565703,3.563476,0.0
12.19832,26.715481,42.044421,1977.709117,-1.735713,93.180956,9.636908,3.590002,0.0
12.196924,26.741156,41.960018,1972.989604,-1.699648,93.188876,9.705494,3.615552,0.0
12.195527,26.766771,41.877643,1968.225542,-1.660885,93.196784,9.771225,3.640038,0.0
12.194131,26.79233,41.797419,1963.417853,-1.619538,93.204676,9.833875,3.663377,0.0
12.192734,26.817825,41.719458,1958.567622,-1.575723,93.21256,9.893226,3.685487,0.0
12.191338,26.843258,41.643876,1953.67606,-1.529568,93.220432,9.949073,3.706291,0.0
12.189941,26.868627,41.570767,1948.744519,-1.48121,93.228278,10.001221,3.725718,0.0
12.188545,26.893924,41.500214,1943.77448,-1.430801,93.236125,10.049489,3.743699,0.0
12.187148,26.919165,41.432443,1938.766028,-1.37841,93.243953,10.093526,3.760104,0.0
12.185752,26.944333,41.36743,1933.722221,-1.32428,93.251762,10.133308,3.774924,0.0
12.184355,26.969446,41.305221,1928.645353,-1.268604,93.259554,10.168751,3.788127,0.0
12.182959,26.994489,41.245868,1923.537398,-1.211558,93.267344,10.199746,3.799674,0.0
12.181563,27.01946,41.189423,1918.400413,-1.153322,93.275111,10.226203,3.80953,0.0
12.180166,27.044366,41.135923,1913.236562,-1.094082,93.282865,10.248052,3.817669,0.0
12.178776,27.06921,41.085387,1908.04807,-1.034031,93.290604,10.265242,3.824073,0.0
12.177383,27.093984,41.037846,1902.837228,-0.973357,93.29833,10.277745,3.828731,0.0
12.175987,27.118691,40.993299,1897.60639,-0.912266,93.306042,10.285554,3.831639,0.0
12.174595,27.143331,40.95175,1892.357953,-0.850949,93.313742,10.28868,3.832804,0.0
12.173204,27.167903,40.913198,1887.09435,-0.789603,93.321427,10.287158,3.832237,0.0
12.171811,27.192408,40.877617,1881.818036,-0.728432,93.329095,10.281042,3.829959,0.0
12.170421,27.216845,40.844974,1876.531479,-0.667629,93.336748,10.270405,3.825996,0.0
12.169027,27.241215,40.815234,1871.237154,-0.607383,93.344389,10.25534,3.820384,0.0
12.16764,27.265514,40.788359,1865.937527,-0.547892,93.352012,10.235957,3.813163,0.0
12.166254,27.289743,40.76429,1860.635049,-0.48935,93.359619,10.212386,3.804383,0.0
12.164867,27.313907,40.742957,1855.332131,-0.431924,93.367216,10.18477,3.794095,0.0
12.16348,27.337999,40.724302,1850.031164,-0.375809,93.374796,10.153268,3.782359,0.0
12.162093,27.36202,40.708234,1844.734497,-0.32118,93.382366,10.118052,3.769241,0.0
12.160706,27.385977,40.694676,1839.444408,-0.268191,93.389918,10.079307,3.754807,0.0
12.159319,27.40986,40.683637,1834.163636,-0.217092,93.397451,10.037091,3.73908,0.0
12.157932,27.433669,40.674927,1828.894163,-0.167994,93.404975,9.991735,3.722184,0.0
12.156553,27.457415,40.668418,1823.637974,-0.121014,93.412482,9.943489,3.704211,0.0
12.155168,27.48109,40.664,1818.397054,-0.076295,93.419971,9.892575,3.685244,0.0
12.153788,27.504701,40.661547,1813.173315,-0.033952,93.427449,9.839216,3.665367,0.0
12.152411,27.528242,40.660945,1807.968554,0.005897,93.434911,9.783641,3.644664,0.0
12.151033,27.55171,40.662071,1802.784502,0.043142,93.442362,9.726081,3.623221,0.0
12.149656,27.575119,40.664798,1797.622784,0.077682,93.449791,9.666766,3.601125,0.0
12.148279,27.598457,40.668992,1792.48491,0.10943,93.457211,9.605926,3.57846,0.0
12.146901,27.62173,40.674517,1787.372306,0.138312,93.464615,9.543792,3.555314,0.0
12.145524,27.644934,40.681238,1782.2863,0.164255,93.472001,9.480588,3.531769,0.0
12.14415,27.66807,40.689022,1777.228104,0.187198,93.479378,9.416539,3.507908,0.0
12.142779,27.691145,40.697732,1772.198825,0.207092,93.486743,9.351862,3.483815,0.0
12.141404,27.71415,40.70722,1767.199486,0.223897,93.494089,9.286771,3.459566,0.0
12.140036,27.737093,40.71735,1762.230991,0.23759,93.50142,9.221473,3.435241,0.0
12.138668,27.759973,40.727985,1757.294146,0.248135,93.508741,9.156169,3.410914,0.0
12.1373,27.78279,40.738981,1752.389654,0.255535,93.516043,9.091055,3.386657,0.0
12.135932,27.805542,40.750203,1747.518133,0.25977,93.523328,9.026315,3.36254,0.0
12.134565,27.828224,40.761514,1742.680099,0.260864,93.530604,8.962131,3.338629,0.0
12.133197,27.850852,40.772769,1737.875953,0.258818,93.537871,8.898672,3.314989,0.0
12.131829,27.873414,40.783836,1733.107598,0.253507,93.54512,8.83615,3.291698,0.0
12.13047,27.895912,40.794567,1728.374077,0.245096,93.55235,8.774699,3.268806,0.0
12.129103,27.918347,40.804844,1723.675163,0.233634,93.55957,8.714454,3.246363,0.0
12.127743,27.94072,40.814541,1719.010909,0.219177,93.566774,8.655552,3.224421,0.0
12.126377,27.963029,40.823523,1714.381276,0.201778,93.573967,8.598123,3.203027,0.0
12.125016,27.985282,40.831682,1709.786163,0.181487,93.581144,8.542286,3.182226,0.0
12.123657,28.007482,40.838896,1705.225381,0.15837,93.58831,8.488155,3.162061,0.0
12.122299,28.029615,40.845055,1700.698661,0.132505,93.595461,8.435834,3.14257,0.0
12.12094,28.051687,40.850053,1696.205682,0.103967,93.602599,8.385421,3.12379,0.0
12.119587,28.073706,40.85379,1691.746037,0.07283,93.609723,8.337006,3.105754,0.0
12.118234,28.09567,40.856157,1687.319262,0.039187,93.616834,8.290671,3.088493,0.0
12.116875,28.117576,40.857056,1682.924832,0.003129,93.623932,8.246494,3.072036,0.0
12.11552,28.13942,40.856404,1678.562156,-0.035255,93.631015,8.204543,3.056408,0.0
12.114171,28.161206,40.85411,1674.230589,-0.075857,93.638086,8.164882,3.041633,0.0
12.11282,28.182942,40.850094,1669.929424,-0.118584,93.645142,8.127567,3.027732,0.0
12.111463,28.204618,40.844285,1665.657913,-0.163321,93.652188,8.09265,3.014725,0.0
12.110114,28.226239,40.836603,1661.415241,-0.209967,93.659224,8.060176,3.002628,0.0
12.108765,28.247806,40.826993,1657.200558,-0.258393,93.666243,8.030186,2.991455,0.0
12.107416,28.26931,40.815374,1653.012962,-0.308501,93.673243,8.002714,2.981222,0.0
12.106067,28.29077,40.801712,1648.851498,-0.360166,93.680235,7.977792,2.971937,0.0
12.104718,28.312172,40.785838,1644.716263,-0.413326,93.687217,7.955563,2.963656,0.0
12.103379,28.333521,40.767792,1640.605267,-0.467796,93.694182,7.935956,2.956352,0.0
12.102031,28.354815,40.747552,1636.517172,-0.523441,93.701136,7.918962,2.950022,0.0
12.100682,28.376048,40.725084,1632.450869,-0.580134,93.708082,7.904594,2.944669,0.0
12.09934,28.397232,40.700361,1628.405188,-0.637749,93.715011,7.892857,2.940297,0.0
12.098001,28.418372,40.673358,1624.378966,-0.696157,93.721929,7.883757,2.936907,0.0
12.096655,28.439453,40.644062,1620.370972,-0.755225,93.728832,7.877293,2.934499,0.0
12.095312,28.460478,40.612454,1616.379955,-0.814823,93.735723,7.873462,2.933072,0.0
12.093972,28.481454,40.578529,1612.404651,-0.874823,93.742605,7.872255,2.932622,0.0
12.092633,28.502379,40.542281,1608.443759,-0.935097,93.749472,7.873661,2.933146,0.0
12.091293,28.523256,40.503716,1604.495943,-0.995505,93.756322,7.877666,2.934638,0.0
12.089954,28.544079,40.462851,1600.559856,-1.055914,93.763162,7.884251,2.937091,0.0
12.088618,28.564847,40.419695,1596.634129,-1.116203,93.769994,7.893394,2.940497,0.0
12.087285,28.585566,40.374262,1592.71737,-1.176235,93.776812,7.905069,2.944846,0.0
12.085948,28.606232,40.326578,1588.808184,-1.235875,93.783618,7.919247,2.950128,0.0
12.084616,28.626845,40.276671,1584.905139,-1.294992,93.790408,7.935894,2.956329,0.0
12.083278,28.647412,40.224576,1581.006809,-1.353471,93.797188,7.954974,2.963437,0.0
12.081948,28.667926,40.170335,1577.111751,-1.41117,93.803952,7.976444,2.971435,0.0
12.080618,28.688394,40.113992,1573.218509,-1.467969,93.810715,8.000259,2.980307,0.0
12.079288,28.708799,40.055597,1569.325641,-1.523751,93.817459,8.026372,2.990035,0.0
12.077958,28.729167,39.995103,1565.431548,-1.578308,93.824185,8.054828,3.000635,0.0
12.076628,28.749471,39.932655,1561.534721,-1.631584,93.830902,8.085482,3.012055,0.0
12.075298,28.769729,39.868333,1557.633718,-1.683454,93.83761,8.118251,3.024262,0.0
12.073977,28.789934,39.802196,1553.727085,-1.733814,93.8443,8.153067,3.037232,0.0
12.072648,28.810085,39.734325,1549.813398,-1.78254,93.850988,8.189857,3.050937,0.0
12.071326,28.830189,39.664785,1545.891219,-1.829532,93.857655,8.228544,3.065349,0.0
12.069999,28.850241,39.593662,1541.959146,-1.874676,93.864314,8.269047,3.080438,0.0
12.068675,28.87024,39.52103,1538.015796,-1.917879,93.870961,8.311278,3.09617,0.0
12.067354,28.890184,39.446981,1534.059794,-1.959039,93.877596,8.355145,3.112511,0.0
12.066034,28.91008,39.3716,1530.089808,-1.99806,93.884217,8.400552,3.129427,0.0
12.064718,28.929926,39.294978,1526.104527,-2.034857,93.890824,8.447396,3.146877,0.0
12.063403,28.949718,39.217209,1522.102673,-2.069345,93.897422,8.495571,3.164824,0.0
12.062086,28.969456,39.138385,1518.083016,-2.101447,93.904008,8.544965,3.183224,0.0
12.060772,28.989143,39.058608,1514.044366,-2.131088,93.910578,8.595461,3.202035,0.0
12.059454,29.00878,38.977981,1509.985566,-2.158197,93.917138,8.646937,3.221212,0.0
12.058143,29.028358,38.896604,1505.905525,-2.182722,93.923683,8.699267,3.240706,0.0
12.056832,29.047888,38.814582,1501.80319,-2.204594,93.930225,8.752322,3.26047,0.0
12.055522,29.067357,38.732022,1497.677581,-2.223779,93.936749,8.805964,3.280453,0.0
12.05422,29.086781,38.64902,1493.527776,-2.240226,93.943256,8.860057,3.300604,0.0
12.052909,29.10615,38.565687,1489.352901,-2.253909,93.949754,8.914458,3.32087,0.0
12.051608,29.125454,38.482127,1485.150921,-2.264663,93.956242,8.969019,3.341196,0.0
12.050297,29.144712,38.398467,1480.92206,-2.272575,93.962712,9.023577,3.36152,0.0
12.048995,29.163908,38.314803,1476.665917,-2.277662,93.969182,9.077979,3.381786,0.0
12.047701,29.183057,38.231251,1472.381935,-2.279923,93.975627,9.13207,3.401936,0.0
12.046402,29.202146,38.147917,1468.069645,-2.279358,93.982068,9.185697,3.421914,0.0
12.0451,29.221179,38.064895,1463.72866,-2.275995,93.988494,9.238703,3.44166,0.0
12.043806,29.240151,37.982297,1459.358677,-2.26985,93.994903,9.290933,3.461117,0.0
12.042514,29.259073,37.900213,1454.959495,-2.260954,94.0013,9.342233,3.480228,0.0
12.041222,29.277933,37.818748,1450.530984,-2.249355,94.007688,9.392448,3.498934,0.0
12.039935,29.296736,37.737999,1446.073113,-2.235095,94.014061,9.441425,3.517179,0.0
12.038648,29.315485,37.658056,1441.585949,-2.218235,94.020421,9.489017,3.534909,0.0
12.03736,29.334175,37.579009,1437.069644,-2.198847,94.026773,9.535077,3.552067,0.0
12.036077,29.352808,37.500939,1432.524441,-2.177002,94.033111,9.579463,3.568602,0.0
12.034795,29.371377,37.423929,1427.95068,-2.152786,94.039435,9.622039,3.584463,0.0
12.033515,29.389886,37.348064,1423.348801,-2.126289,94.045747,9.662673,3.5996,0.0
12.03224,29.408341,37.273415,1418.719322,-2.09762,94.052044,9.70124,3.613967,0.0
12.030959,29.426739,37.200055,1414.062851,-2.066875,94.058331,9.737622,3.62752,0.0
12.029687,29.445067,37.128044,1409.380076,-2.034166,94.064608,9.771709,3.640219,0.0
12.028423,29.463341,37.05744,1404.671791,-1.999631,94.070868,9.803399,3.652024,0.0
12.02715,29.481561,36.988304,1399.938856,-1.963395,94.077119,9.8326,3.662902,0.0
12.025887,29.499706,36.920751,1395.18114,-1.92552,94.08335,9.859102,3.672775,0.0
12.024623,29.517787,36.854777,1390.400659,-1.88622,94.089573,9.882928,3.681651,0.0
12.02336,29.535813,36.790412,1385.598705,-1.845652,94.095778,9.90404,3.689516,0.0
12.022096,29.553778,36.727674,1380.776445,-1.803978,94.101974,9.922387,3.69635,0.0
12.02084,29.571679,36.666595,1375.935099,-1.761344,94.10816,9.93793,3.70214,0.0
12.019586,29.589518,36.607195,1371.07594,-1.717916,94.11433,9.950641,3.706875,0.0
12.018339,29.607294,36.549491,1366.200304,-1.673856,94.120482,9.960503,3.71055,0.0
12.017088,29.625006,36.493494,1361.309554,-1.629321,94.126623,9.967513,3.713161,0.0
12.01584,29.642656,36.439202,1356.405109,-1.58448,94.132754,9.971676,3.714712,0.0
12.014596,29.660242,36.38661,1351.488409,-1.539506,94.138871,9.97301,3.715209,0.0
12.013356,29.677766,36.335715,1346.560923,-1.494561,94.144975,9.971545,3.714663,0.0
12.012121,29.695222,36.286499,1341.624149,-1.449809,94.151065,9.967319,3.713089,0.0
12.010886,29.712614,36.238945,1336.6796,-1.405421,94.157142,9.960383,3.710505,0.0
12.009651,29.729948,36.193032,1331.728794,-1.361561,94.163206,9.950798,3.706934,0.0
12.008418,29.747217,36.148718,1326.773252,-1.31839,94.169255,9.938634,3.702403,0.0
12.007193,29.764419,36.105972,1321.814505,-1.276074,94.175294,9.923969,3.696939,0.0
12.005967,29.781563,36.064757,1316.854067,-1.234758,94.181322,9.906891,3.690577,0.0
12.004743,29.798636,36.025028,1311.893447,-1.194596,94.187326,9.887496,3.683352,0.0
12.003527,29.815646,35.986727,1306.934142,-1.155748,94.193329,9.865887,3.675302,0.0
12.002311,29.832593,35.949812,1301.97762,-1.11835,94.199313,9.842174,3.666469,0.0
12.001095,29.849474,35.914282,1297.025596,-1.082612,94.205279,9.816383,3.656861,0.0
11.999888,29.866291,35.880005,1292.079422,-1.048624,94.211236,9.788724,3.646557,0.0
11.998682,29.883037,35.846918,1287.140414,-1.016502,94.217175,9.759338,3.63561,0.0
11.997475,29.899728,35.814946,1282.209925,-0.986348,94.223105,9.728356,3.624069,0.0
11.996276,29.916349,35.784021,1277.289253,-0.95828,94.229025,9.69591,3.611981,0.0
11.995079,29.932912,35.754067,1272.379633,-0.932403,94.234929,9.662135,3.5994,0.0
11.993883,29.949408,35.725007,1267.48227,-0.908812,94.240815,9.627169,3.586374,0.0
11.992686,29.965838,35.69676,1262.598325,-0.887594,94.24669,9.591149,3.572955,0.0
11.991494,29.982211,35.669246,1257.728884,-0.86883,94.252555,9.554213,3.559196,0.0
11.990307,29.998519,35.642384,1252.874997,-0.85259,94.258406,9.516501,3.545147,0.0
11.989124,30.01476,35.616087,1248.037654,-0.838942,94.264239,9.478148,3.530859,0.0
11.987946,30.030943,35.590272,1243.217782,-0.827943,94.270059,9.439291,3.516384,0.0
11.986768,30.047064,35.564857,1238.416255,-0.819634,94.275869,9.400064,3.501771,0.0
11.985593,30.063119,35.539756,1233.633879,-0.814058,94.281667,9.360599,3.487069,0.0
11.984422,30.079115,35.514874,1228.871412,-0.81125,94.287447,9.321026,3.472327,0.0
11.983248,30.095043,35.490135,1224.129551,-0.811228,94.293212,9.281471,3.457592,0.0
11.982088,30.110916,35.465451,1219.408912,-0.814005,94.298967,9.242056,3.442909,0.0
11.98092,30.126726,35.440739,1214.710071,-0.819591,94.304712,9.202902,3.428323,0.0
11.979761,30.142482,35.415913,1210.033542,-0.827984,94.310439,9.164123,3.413877,0.0
11.978602,30.158166,35.390889,1205.379767,-0.839175,94.316149,9.125832,3.399612,0.0
11.977453,30.173793,35.365572,1200.75027,-0.853283,94.321858,9.088168,3.385582,0.0
11.976294,30.189356,35.339884,1196.144429,-0.870163,94.32754,9.051217,3.371817,0.0
11.975144,30.204866,35.313758,1191.562342,-0.889763,94.333212,9.015071,3.358351,0.0
11.974002,30.220313,35.28711,1187.004208,-0.912041,94.338876,8.979822,3.34522,0.0
11.972862,30.235697,35.259863,1182.470163,-0.936962,94.344522,8.945558,3.332456,0.0
11.971722,30.251025,35.231955,1177.960297,-0.964455,94.350158,8.912362,3.320089,0.0
11.970582,30.266299,35.20332,1173.474632,-0.994479,94.355785,8.88031,3.308149,0.0
11.969449,30.281514,35.173883,1169.013148,-1.026961,94.361391,8.849477,3.296663,0.0
11.968318,30.296665,35.143579,1164.575759,-1.061823,94.366986,8.81993,3.285656,0.0
11.967188,30.311758,35.112354,1160.16233,-1.098999,94.372571,8.791732,3.275151,0.0
11.966062,30.326797,35.080147,1155.772686,-1.138406,94.378139,8.764942,3.265171,0.0
11.964941,30.341783,35.046899,1151.406593,-1.17995,94.383696,8.739613,3.255736,0.0
11.96382,30.35671,35.012566,1147.063771,-1.223543,94.389243,8.715794,3.246863,0.0
11.962702,30.371578,34.977102,1142.743893,-1.269091,94.394771,8.69353,3.238569,0.0
11.96159,30.386392,34.94045,1138.446581,-1.316499,94.400293,8.67286,3.230868,0.0
11.960479,30.401149,34.902581,1134.171425,-1.365659,94.405793,8.653819,3.223775,0.0
11.959369,30.415846,34.863447,1129.917964,-1.416455,94.41129,8.636438,3.2173,0.0
11.958266,30.430489,34.82302,1125.685685,-1.468778,94.416769,8.620743,3.211454,0.0
11.957156,30.445086,34.781262,1121.474067,-1.522532,94.422231,8.606757,3.206243,0.0
11.956063,30.45962,34.738162,1117.282513,-1.577572,94.427684,8.594497,3.201676,0.0
11.954961,30.474098,34.693608,1113.111331,-1.633858,94.433127,8.584062,3.197789,0.0
11.953868,30.488521,34.647641,1108.95901,-1.691195,94.438553,8.575388,3.194558,0.0
11.952776,30.502891,34.600261,1104.824724,-1.749447,94.443968,8.568469,3.19198,0.0
11.951683,30.517206,34.551461,1100.707752,-1.808504,94.449375,8.563306,3.190057,0.0
11.950598,30.531467,34.501216,1096.607349,-1.868231,94.454765,8.559894,3.188786,0.0
11.949515,30.545682,34.449529,1092.522739,-1.928501,94.460145,8.558228,3.188165,0.0
11.948432,30.559838,34.396402,1088.453107,-1.989192,94.465509,8.558295,3.18819,0.0
11.947356,30.573937,34.341835,1084.397635,-2.050167,94.47086,8.560082,3.188856,0.0
11.946282,30.587988,34.285834,1080.355479,-2.111298,94.476198,8.563571,3.190155,0.0
11.945209,30.601984,34.228407,1076.32576,-2.172461,94.481527,8.568738,3.19208,0.0
11.94414,30.615926,34.169562,1072.30759,-2.233529,94.486843,8.575559,3.194621,0.0
11.943072,30.629818,34.109321,1068.300074,-2.294374,94.492143,8.584004,3.197767,0.0
11.942005,30.643657,34.047703,1064.302291,-2.354873,94.497437,8.594039,3.201506,0.0
11.940948,30.657442,33.984723,1060.313309,-2.414899,94.502716,8.605629,3.205823,0.0
11.939886,30.671175,33.920417,1056.332197,-2.474325,94.507983,8.618734,3.210705,0.0
11.938832,30.684862,33.854805,1052.35801,-2.533037,94.513235,8.633309,3.216135,0.0
11.937777,30.698494,33.787921,1048.389794,-2.590911,94.518477,8.649308,3.222095,0.0
11.936724,30.712072,33.7198,1044.426591,-2.647842,94.523709,8.66668,3.228566,0.0
11.935679,30.725597,33.650484,1040.467465,-2.703704,94.528924,8.685373,3.23553,0.0
11.934634,30.739067,33.579999,1036.511447,-2.758386,94.53413,8.705327,3.242964,0.0
11.933589,30.75249,33.508342,1032.557657,-2.811737,94.539317,8.726541,3.250866,0.0
11.932553,30.765859,33.435617,1028.605009,-2.863675,94.544503,8.748892,3.259193,0.0
11.931518,30.779174,33.361864,1024.652571,-2.914124,94.549673,8.772308,3.267916,0.0
11.930482,30.792443,33.287134,1020.699417,-2.962998,94.554825,8.796718,3.277009,0.0
11.929454,30.805652,33.211485,1016.74465,-3.010198,94.559966,8.822049,3.286445,0.0
11.928428,30.818811,33.134961,1012.787408,-3.055642,94.565099,8.848226,3.296197,0.0
11.927402,30.83192,33.057627,1008.826831,-3.099255,94.570222,8.87517,3.306234,0.0
11.926382,30.84498,32.97953,1004.862085,-3.140965,94.57533,8.902802,3.316528,0.0
11.92536,30.85799,32.900726,1000.892362,-3.18071,94.580426,8.931038,3.327047,0.0
5.926433,15.297415,43.980953,3250.91564,-1.77502,69.533287,10.528456,3.922127,0.0
0.075104,0.075104,54.848245,5453.338986,-0.325649,45.000159,12.101818,4.508245,0.0
0.12407,0.12407,54.811799,5446.969417,-0.21102,45.000303,12.135597,4.520829,0.0
0.172978,0.172982,54.790896,5440.561458,-0.096123,45.000485,12.142714,4.52348,0.0
0.221827,0.221837,54.785511,5434.129156,0.018649,45.000696,12.123224,4.51622,0.0
0.270621,0.270628,54.79556,5427.686564,0.132896,45.000944,12.077447,4.499167,0.0
0.319359,0.319361,54.820912,5421.247587,0.246226,45.001228,12.005958,4.472535,0.0
0.368035,0.368046,54.861386,5414.825856,0.358272,45.001547,11.909574,4.43663,0.0
0.416648,0.416668,54.916748,5408.434602,0.468656,45.001903,11.789335,4.391837,0.0
0.465208,0.465228,54.986713,5402.086565,0.577028,45.002294,11.646482,4.338621,0.0
0.513713,0.513733,55.070976,5395.79385,0.683049,45.002712,11.482433,4.277509,0.0
0.562152,0.562182,55.169821,5389.571776,0.786255,45.003168,11.297866,4.208752,0.0
0.610528,0.610567,55.282213,5383.428564,0.886474,45.00367,11.095453,4.133348,0.0
0.658858,0.658907,55.407624,5377.373444,0.983458,45.004199,10.877085,4.052,0.0
0.707079,0.707234,55.54236,5371.420011,1.031332,45.107375,10.6494,3.967182,38.633576
0.755152,0.755597,55.682628,5365.577828,1.068376,45.227027,10.418771,3.881266,47.999999
0.803073,0.804005,55.827501,5359.849542,1.102976,45.344244,10.186938,3.794902,47.999999
0.850847,0.852458,55.976652,5354.236161,1.135128,45.459009,9.954668,3.708376,47.999999
0.898471,0.900949,56.129746,5348.73831,1.16482,45.571311,9.722684,3.621955,47.999999
0.945953,0.949489,56.286454,5343.356237,1.192058,45.681158,9.491654,3.535891,47.999999
0.993295,0.998071,56.446453,5338.089862,1.216852,45.788553,9.262195,3.450411,47.999999
1.040497,1.04669,56.609415,5332.938785,1.239217,45.893504,9.034871,3.365727,47.999999
1.087565,1.095345,56.775022,5327.902317,1.259177,45.996037,8.810196,3.28203,47.999999
1.134501,1.144036,56.942956,5322.979511,1.276759,46.096178,8.588629,3.19949,47.999999
1.181311,1.192763,57.112898,5318.169182,1.291993,46.193959,8.370583,3.118262,47.999999
1.227996,1.241526,57.284551,5313.469933,1.304924,46.289416,8.156421,3.038481,47.999999
1.274556,1.290323,57.457616,5308.880169,1.315586,46.382582,7.946462,2.960266,47.999999
1.320999,1.339149,57.63179,5304.398153,1.324017,46.473507,7.740981,2.883719,47.999999
1.367326,1.388009,57.806793,5300.021976,1.330266,46.562241,7.540212,2.808927,47.999999
1.413545,1.436896,57.982337,5295.749616,1.334377,46.648828,7.34435,2.735964,47.999999
1.459647,1.485811,58.158158,5291.578947,1.33641,46.733318,7.153556,2.664888,47.999999
1.505635,1.534763,58.333961,5287.512652,1.336315,46.815662,6.968223,2.595847,47.999999
1.551515,1.583742,58.509483,5283.543773,1.33423,46.896025,6.788215,2.528789,47.999999
1.597295,1.632749,58.68447,5279.669444,1.330234,46.97446,6.613568,2.463728,47.999999
1.642977,1.681774,58.858683,5275.887286,1.32437,47.051034,6.444323,2.40068,47.999999
1.688559,1.730832,59.031883,5272.194873,1.316703,47.125798,6.280495,2.33965,47.999999
1.734042,1.779913,59.20384,5268.589775,1.307281,47.198813,6.122083,2.280637,47.999999
1.779433,1.829018,59.374338,5265.069548,1.296165,47.270142,5.969066,2.223634,47.999999
1.82474,1.878143,59.543164,5261.631751,1.283406,47.339837,5.821407,2.168627,47.999999
1.869955,1.927293,59.710111,5258.273948,1.269062,47.407957,5.679056,2.115598,47.999999
1.915081,1.976464,59.87498,5254.993725,1.253186,47.474564,5.541953,2.064523,47.999999
1.960121,2.025658,60.03758,5251.788695,1.23583,47.539713,5.410025,2.015377,47.999999
2.00508,2.074875,60.197733,5248.656495,1.21705,47.603459,5.283192,1.968128,47.999999
2.049959,2.12411,60.355264,5245.594787,1.196895,47.665859,5.161366,1.922744,47.999999
2.094755,2.173366,60.509999,5242.601272,1.175422,47.726963,5.044454,1.879192,47.999999
2.139476,2.222646,60.661772,5239.673688,1.152682,47.786828,4.932358,1.837433,47.999999
2.184118,2.271944,60.81043,5236.809818,1.128723,47.845512,4.824977,1.797431,47.999999
2.228688,2.321261,60.955823,5234.007484,1.103592,47.903058,4.722207,1.759146,47.999999
2.273186,2.370595,61.097806,5231.264545,1.077333,47.959527,4.623942,1.72254,47.999999
2.317612,2.419947,61.236244,5228.578928,1.049998,48.014956,4.530077,1.687573,47.999999
2.361966,2.469317,61.371009,5225.948576,1.021637,48.069405,4.440505,1.654205,47.999999
2.406244,2.518707,61.501764,5223.374104,0.992235,48.122879,4.355329,1.622475,47.999999
2.450459,2.568123,61.628577,5220.850958,0.961893,48.175449,4.274241,1.592267,47.999999
2.494603,2.617549,61.75133,5218.376998,0.930658,48.227187,4.197121,1.563538,47.999999
2.538691,2.666993,61.869935,5215.950369,0.898572,48.27813,4.123868,1.536249,47.999999
2.582709,2.716454,61.984277,5213.569256,0.865663,48.328319,4.054385,1.510365,47.999999
2.626663,2.765933,62.094257,5211.231876,0.831984,48.377795,3.988575,1.485849,47.999999
2.670553,2.815431,62.199796,5208.936499,0.797569,48.426596,3.926347,1.462668,47.999999
2.714387,2.86494,62.300792,5206.681427,0.762449,48.474774,3.867612,1.440787,47.999999
2.758161,2.914469,62.397169,5204.465006,0.726669,48.522359,3.812284,1.420176,47.999999
2.801872,2.964015,62.488852,5202.285615,0.690265,48.569389,3.760282,1.400804,47.999999
2.845525,3.013575,62.575761,5200.141657,0.653268,48.615907,3.711527,1.382642,47.999999
2.88912,3.063157,62.657822,5198.031575,0.615711,48.661946,3.665946,1.365661,47.999999
2.932658,3.112755,62.734975,5195.953844,0.577627,48.70754,3.623468,1.349837,47.999999
2.976143,3.162363,62.807167,5193.90696,0.539053,48.752727,3.584028,1.335145,47.999999
3.019563,3.211994,62.874334,5191.889457,0.500017,48.797542,3.547563,1.321561,47.999999
3.062936,3.261642,62.936417,5189.899884,0.460549,48.842016,3.514016,1.309063,47.999999
3.106254,3.311301,62.993378,5187.936805,0.420682,48.88618,3.483333,1.297633,47.999999
3.149511,3.360977,63.04516,5185.998818,0.38045,48.930069,3.455464,1.287251,47.999999
3.192722,3.410671,63.09173,5184.08453,0.339886,48.973718,3.430365,1.277901,47.999999
3.235879,3.460383,63.133052,5182.192573,0.298998,49.01716,3.407995,1.269568,47.999999
3.27897,3.510115,63.168809,5180.322584,0.257826,49.060412,3.388453,1.262288,47.999999
3.322016,3.559855,63.199227,5178.472146,0.216401,49.10352,3.371578,1.256002,47.999999
3.365008,3.609621,63.2243,5176.639825,0.174759,49.146509,3.357332,1.250694,47.999999
3.407954,3.659398,63.244012,5174.824288,0.132916,49.189422,3.34569,1.246358,47.999999
3.45084,3.709192,63.258329,5173.024221,0.090905,49.232278,3.336635,1.242985,47.999999
3.493677,3.759004,63.267247,5171.238295,0.048761,49.275107,3.330152,1.240569,47.999999
3.536463,3.808834,63.270746,5169.465182,0.00651,49.317939,3.326229,1.239108,47.999999
3.579195,3.858682,63.268824,5167.703557,-0.035834,49.360809,3.324861,1.238598,47.999999
3.621872,3.908547,63.261473,5165.952087,-0.078234,49.403745,3.326044,1.239039,47.999999
3.664501,3.958431,63.248692,5164.209443,-0.120661,49.446773,3.329782,1.240432,47.999999
3.70708,4.008333,63.230479,5162.474278,-0.163092,49.489927,3.33608,1.242778,47.999999
3.749606,4.058249,63.206843,5160.745225,-0.205501,49.533237,3.344949,1.246082,47.999999
3.79208,4.108181,63.177794,5159.020923,-0.247861,49.576732,3.356403,1.250348,47.999999
3.834507,4.158136,63.143334,5157.299994,-0.29014,49.620443,3.370461,1.255585,47.999999
3.876877,4.20811,63.103485,5155.581033,-0.332312,49.664398,3.387146,1.261801,47.999999
3.919191,4.258102,63.058273,5153.862613,-0.374351,49.70863,3.406484,1.269005,47.999999
3.961463,4.308112,63.00771,5152.143298,-0.416231,49.753166,3.428508,1.277209,47.999999
4.003674,4.35814,62.951817,5150.421614,-0.457911,49.798047,3.453252,1.286427,47.999999
4.045831,4.408185,62.890641,5148.696067,-0.499381,49.843299,3.480757,1.296674,47.999999
4.087944,4.458249,62.824202,5146.965149,-0.5406,49.888956,3.511066,1.307965,47.999999
4.129989,4.508341,62.752269,5145.226836,-0.581534,49.935068,3.544379,1.320375,47.999999
4.171981,4.558452,62.675145,5143.479792,-0.622144,49.981668,3.580613,1.333873,47.999999
4.213927,4.60858,62.592889,5141.722398,-0.662421,50.028779,3.619815,1.348476,47.999999
4.255813,4.658726,62.505551,5139.953,-0.702316,50.076435,3.662045,1.364208,47.999999
4.297642,4.708898,62.41319,5138.169886,-0.74181,50.12467,3.70737,1.381093,47.999999
4.339411,4.759083,62.315852,5136.371298,-0.780864,50.173525,3.755857,1.399156,47.999999
4.381123,4.809296,62.213604,5134.555442,-0.819441,50.223043,3.80758,1.418424,47.999999
4.422782,4.859527,62.106518,5132.72048,-0.857515,50.27326,3.862615,1.438926,47.999999
4.46438,4.909784,61.994662,5130.864514,-0.895047,50.32421,3.921043,1.460692,47.999999
4.505921,4.960062,61.878103,5128.985594,-0.932002,50.375937,3.982946,1.483752,47.999999
4.547403,5.010358,61.756928,5127.08173,-0.96834,50.428488,4.048413,1.50814,47.999999
4.588823,5.06068,61.631222,5125.150868,-1.004027,50.481901,4.117531,1.533889,47.999999
4.630175,5.11103,61.501067,5123.190889,-1.039027,50.53622,4.190396,1.561033,47.999999
4.671462,5.161404,61.366563,5121.199632,-1.073292,50.591497,4.267101,1.589607,47.999999
4.712692,5.211796,61.227809,5119.174869,-1.106782,50.647772,4.347744,1.619649,47.999999
4.753858,5.26221,61.084911,5117.114304,-1.139462,50.705099,4.432425,1.651195,47.999999
4.794951,5.312656,60.937975,5115.015581,-1.171294,50.763517,4.521243,1.684282,47.999999
4.835973,5.363122,60.787114,5112.876285,-1.202214,50.823084,4.614301,1.718949,47.999999
4.876932,5.413615,60.632461,5110.693933,-1.232194,50.883851,4.711701,1.755233,47.999999
4.917819,5.464135,60.474128,5108.46599,-1.261194,50.945869,4.813544,1.793172,47.999999
4.95863,5.514683,60.312082,5106.187131,-1.289086,51.00927,4.920176,1.832895,47.999999
4.999368,5.565249,60.146632,5103.85693,-1.315885,51.074043,5.031474,1.874356,47.999999
5.040027,5.61585,59.977952,5101.472778,-1.341544,51.140244,5.147521,1.917587,47.999999
5.080612,5.66648,59.806179,5099.031856,-1.366012,51.207932,5.268408,1.962621,47.999999
5.121118,5.717136,59.631478,5096.531306,-1.389238,51.277166,5.394223,2.00949,47.999999
5.161542,5.767819,59.454013,5093.9682,-1.411171,51.348007,5.525045,2.058225,47.999999
5.20188,5.818536,59.273958,5091.339564,-1.431754,51.420513,5.660947,2.108852,47.999999
5.242133,5.869283,59.091485,5088.642374,-1.450932,51.49475,5.801993,2.161395,47.999999
5.282305,5.920057,58.906787,5085.873553,-1.468655,51.570781,5.948237,2.215875,47.999999
5.322386,5.970857,58.720053,5083.029993,-1.484867,51.648675,6.09972,2.272306,47.999999
5.362373,6.02169,58.531475,5080.10856,-1.499509,51.728495,6.256471,2.3307,47.999999
5.40227,6.072558,58.341264,5077.10609,-1.512524,51.8103,6.418502,2.391061,47.999999
5.44207,6.123459,58.149638,5074.0194,-1.523863,51.894161,6.585807,2.453386,47.999999
5.481767,6.174386,57.95681,5070.84531,-1.533467,51.98015,6.758362,2.517668,47.999999
5.52137,6.225346,57.763002,5067.580641,-1.541277,52.068327,6.936122,2.583888,47.999999
5.560867,6.276347,57.568456,5064.222226,-1.547244,52.15876,7.119015,2.652021,47.999999
5.600262,6.327376,57.373405,5060.766935,-1.551304,52.251509,7.306948,2.72203,47.999999
5.63954,6.378441,57.178089,5057.211682,-1.553413,52.346641,7.499795,2.793871,47.999999
5.678711,6.429533,56.982778,5053.553428,-1.553513,52.444215,7.697403,2.867485,47.999999
5.717764,6.48067,56.787712,5049.789225,-1.551551,52.544301,7.899585,2.942803,47.999999
5.756694,6.531845,56.593204,5045.910265,-1.547371,52.647089,8.106337,3.019824,47.999999
5.795507,6.583048,56.399517,5041.919205,-1.541026,52.75251,8.317157,3.09836,47.999999
5.834185,6.634294,56.206914,5037.81371,-1.532488,52.86061,8.531733,3.178295,47.999999
5.872745,6.685577,56.015689,5033.591363,-1.521705,52.971432,8.749719,3.2595,47.999999
5.911173,6.736896,55.826117,5029.24994,-1.50865,53.085034,8.970728,3.341832,47.999999
5.949465,6.788252,55.638485,5024.787408,-1.493283,53.201453,9.194331,3.42513,47.999999
5.987617,6.839643,55.453082,5020.201965,-1.475581,53.320718,9.420054,3.509218,47.999999
6.02563,6.891076,55.270202,5015.492074,-1.455527,53.44286,9.64738,3.593903,47.999999
6.063497,6.942549,55.090138,5010.656474,-1.433099,53.567907,9.875748,3.678976,47.999999
6.101216,6.994058,54.913178,5005.69421,-1.408286,53.695875,10.104553,3.764212,47.999999
6.138783,7.045607,54.739625,5000.604647,-1.381088,53.826773,10.333149,3.84937,47.999999
6.176195,7.097197,54.569769,4995.387498,-1.351509,53.9606,10.56085,3.934195,47.999999
6.213453,7.148827,54.403892,4990.042858,-1.319558,54.097349,10.786934,4.018417,47.999999
6.250542,7.200499,54.242293,4984.571216,-1.285251,54.237007,11.010641,4.101754,47.999999
6.287468,7.252206,54.085254,4978.973463,-1.248622,54.379553,11.231186,4.183912,47.999999
6.324222,7.303952,53.933044,4973.250925,-1.209701,54.524949,11.447754,4.26459,47.999999
6.360805,7.355743,53.785947,4967.405363,-1.168538,54.673147,11.659513,4.343475,47.999999
6.397216,7.407577,53.644217,4961.439002,-1.125177,54.824107,11.865613,4.420253,47.999999
6.433447,7.459438,53.508119,4955.354525,-1.079688,54.977754,12.065198,4.494604,47.999999
6.469489,7.511345,53.377897,4949.155076,-1.032139,55.134011,12.257412,4.566208,47.999999
6.505341,7.563299,53.254125,4942.838526,-0.982521,55.292932,12.44091,4.634566,47.999999
6.541004,7.61529,53.136717,4936.415058,-0.93102,55.454269,12.615239,4.699509,47.999999
6.576477,7.667316,53.025884,4929.889487,-0.877748,55.617925,12.779606,4.760739,47.999999
6.611754,7.719378,52.921816,4923.266878,-0.822817,55.783773,12.933235,4.81797,47.999999
6.646833,7.771476,52.824683,4916.552714,-0.766344,55.951687,13.075392,4.870928,47.999999
6.681714,7.823617,52.734656,4909.752884,-0.708462,56.121531,13.205391,4.919356,47.999999
6.71639,7.875797,52.651873,4902.873662,-0.649295,56.293157,13.322604,4.96302,47.999999
6.750865,7.928007,52.576472,4895.92166,-0.588991,56.466405,13.426465,5.001711,47.999999
6.785137,7.980255,52.508555,4888.903807,-0.527701,56.641126,13.516478,5.035244,47.999999
6.819202,8.032537,52.448212,4881.827305,-0.465579,56.817149,13.592224,5.063461,47.999999
6.853055,8.084852,52.395519,4874.699594,-0.402782,56.994293,13.653364,5.086237,47.999999
6.886701,8.137202,52.350518,4867.528309,-0.339467,57.172386,13.699643,5.103477,47.999999
6.920137,8.189584,52.313245,4860.321238,-0.275804,57.35125,13.730893,5.115119,47.999999
6.953358,8.241997,52.28371,4853.086276,-0.21196,57.530692,13.747036,5.121133,47.999999
6.986374,8.294443,52.261895,4845.831372,-0.1481,57.710536,13.748082,5.121522,47.999999
7.01917,8.346917,52.247778,4838.564475,-0.084402,57.890589,13.73413,5.116325,47.999999
7.051764,8.399417,52.241301,4831.29353,-0.021024,58.070673,13.705368,5.10561,47.999999
7.084135,8.451944,52.2424,4824.026375,0.04186,58.250599,13.662065,5.089479,47.999999
7.116299,8.504498,52.250987,4816.770736,0.104104,58.430181,13.604574,5.068062,47.999999
7.148256,8.557079,52.266937,4809.534177,0.165528,58.609251,13.53332,5.041518,47.999999
7.179985,8.609679,52.290524,4802.325904,0.225928,58.78759,13.448115,5.009777,47.999999
7.211507,8.662316,52.321203,4795.152014,0.285192,58.965055,13.350265,4.973325,47.999999
7.242822,8.714962,52.358795,4788.019249,0.343186,59.141494,13.240413,4.932402,47.999999
7.27393,8.767634,52.403129,4780.93407,0.399766,59.316737,13.119234,4.88726,47.999999
7.304831,8.820333,52.454012,4773.902626,0.454817,59.490661,12.987443,4.838164,47.999999
7.335532,8.873044,52.511229,4766.930686,0.508209,59.663124,12.84579,4.785395,47.999999
7.366035,8.925778,52.574565,4760.023657,0.55983,59.833996,12.695047,4.729239,47.999999
7.396334,8.978527,52.64379,4753.18656,0.609585,60.003167,12.536004,4.669991,47.999999
7.426437,9.03129,52.718659,4746.424014,0.657381,60.170524,12.369463,4.60795,47.999999
7.456346,9.084071,52.798927,4739.74025,0.703124,60.335968,12.196227,4.543415,47.999999
7.486062,9.136866,52.884334,4733.139087,0.746738,60.49941,12.017096,4.476684,47.999999
7.515588,9.189673,52.974606,4726.623936,0.788165,60.660775,11.832862,4.408052,47.999999
7.544926,9.242495,53.069477,4720.197825,0.82734,60.82,11.6443,4.337808,47.999999
7.574077,9.29533,53.168674,4713.863389,0.864209,60.97701,11.452168,4.266234,47.999999
7.603051,9.348177,53.271911,4707.62287,0.898737,61.131764,11.257197,4.193602,47.999999
7.631851,9.401028,53.378913,4701.478155,0.930892,61.284228,11.060092,4.120175,47.999999
7.660465,9.453896,53.489383,4695.430764,0.960647,61.434357,10.861526,4.046204,47.999999
7.688916,9.506772,53.603043,4689.481885,0.987974,61.582128,10.662141,3.971928,47.999999
7.717187,9.559658,53.719608,4683.632367,1.012887,61.72754,10.462539,3.897571,47.999999
7.745297,9.612553,53.838775,4677.882771,1.035362,61.870566,10.26329,3.823345,47.999999
7.773236,9.665457,53.960391,4672.238861,1.055274,62.011087,10.065001,3.749478,47.999999
7.801004,9.718361,54.084024,4666.695162,1.072772,62.14923,9.868139,3.676141,47.999999
7.828626,9.771273,54.209384,4661.251287,1.087858,62.285014,9.67315,3.603503,47.999999
7.856088,9.824195,54.336197,4655.906721,1.100572,62.418464,9.480443,3.531714,47.999999
7.883396,9.877126,54.464192,4650.66071,1.110935,62.549599,9.29039,3.460915,47.999999
7.91055,9.930058,54.593105,4645.51232,1.118969,62.678441,9.103326,3.391228,47.999999
7.937565,9.982998,54.722663,4640.460444,1.124715,62.80503,8.919552,3.322768,47.999999
7.964433,10.03594,54.852609,4635.503816,1.128207,62.929403,8.739336,3.255633,47.999999
7.991159,10.088887,54.982692,4630.641018,1.129486,63.051598,8.562915,3.189911,47.999999
8.01775,10.141839,55.112667,4625.870521,1.128599,63.171663,8.390493,3.125679,47.999999
8.044201,10.194795,55.242281,4621.190679,1.125589,63.28964,8.222249,3.063004,47.999999
8.070516,10.247756,55.3713,4616.599745,1.1205,63.405579,8.058335,3.001942,47.999999
8.096705,10.300717,55.4995,4612.095891,1.11339,63.519538,7.898875,2.942539,47.999999
8.122766,10.353682,55.626651,4607.67721,1.104308,63.631565,7.743975,2.884834,47.999999
8.148696,10.406652,55.752536,4603.341738,1.093307,63.741715,7.593716,2.828859,47.999999
8.174507,10.459623,55.876947,4599.08747,1.080437,63.850036,7.448163,2.774637,47.999999
8.200193,10.512595,55.999671,4594.912343,1.065752,63.956594,7.30736,2.722184,47.999999
8.225754,10.565575,56.120524,4590.814264,1.049317,64.06145,7.171339,2.671513,47.999999
8.251209,10.618554,56.239429,4586.790865,1.033345,64.159787,7.039988,2.622581,45.59416
8.276583,10.671515,56.358432,4582.835772,1.054662,64.169011,6.911152,2.574586,0.0
8.301928,10.724439,56.479735,4578.947483,1.073481,64.178264,6.782784,2.526766,0.0
8.327246,10.777317,56.602918,4575.122765,1.089933,64.187534,6.655201,2.479237,0.0
8.352529,10.830158,56.727736,4571.361662,1.104043,64.196832,6.528694,2.43211,0.0
8.377784,10.882964,56.85391,4567.664096,1.115822,64.206148,6.403531,2.385484,0.0
8.403004,10.935741,56.981182,4564.02984,1.1253,64.215482,6.279958,2.33945,0.0
8.428203,10.988477,57.109296,4560.458536,1.132504,64.224842,6.158199,2.294091,0.0
8.45337,11.041175,57.237993,4556.94971,1.137466,64.234228,6.038454,2.249483,0.0
8.478507,11.093843,57.367025,4553.502783,1.14022,64.243635,5.920905,2.205693,0.0
8.503623,11.146478,57.496149,4550.117076,1.140806,64.25306,5.805712,2.162781,0.0
8.528711,11.199082,57.62512,4546.791811,1.139265,64.262509,5.693019,2.120799,0.0
8.553768,11.251655,57.753708,4543.526142,1.135642,64.271984,5.582948,2.079795,0.0
8.578797,11.304195,57.881686,4540.319148,1.129985,64.281486,5.475607,2.039808,0.0
8.603799,11.356709,58.00882,4537.169839,1.122345,64.291012,5.371088,2.000871,0.0
8.628775,11.409193,58.134901,4534.077179,1.112764,64.300556,5.269465,1.963015,0.0
8.653725,11.461643,58.259723,4531.040074,1.101299,64.310122,5.170803,1.92626,0.0
8.678656,11.514066,58.383073,4528.057387,1.088001,64.319721,5.075152,1.890628,0.0
8.703559,11.566464,58.504744,4525.127955,1.072921,64.329339,4.982549,1.856131,0.0
8.728428,11.618841,58.624558,4522.250578,1.056112,64.338985,4.893023,1.82278,0.0
8.753287,11.671184,58.742327,4519.424038,1.03764,64.348657,4.806594,1.790583,0.0
8.77811,11.723509,58.857863,4516.647098,1.017548,64.358356,4.723271,1.759543,0.0
8.802914,11.775805,58.970854,4513.921074,0.995813,64.368074,4.643229,1.729725,0.0
8.827691,11.828074,59.081253,4511.241948,0.972585,64.377829,4.566289,1.701063,0.0
8.85244,11.880316,59.188908,4508.608427,0.947913,64.387602,4.492441,1.673553,0.0
8.877171,11.932539,59.293665,4506.019235,0.921849,64.397401,4.42167,1.647188,0.0
8.901884,11.984744,59.395371,4503.473067,0.89446,64.407227,4.353955,1.621963,0.0
8.926565,12.036925,59.493887,4500.968629,0.865791,64.41708,4.289273,1.597867,0.0
8.951229,12.089084,59.589078,4498.504628,0.835893,64.426961,4.227596,1.574891,0.0
8.975873,12.14122,59.680818,4496.079767,0.804827,64.436868,4.168897,1.553024,0.0
9.000489,12.19334,59.768985,4493.692757,0.772652,64.446797,4.113145,1.532255,0.0
9.025084,12.24544,59.85346,4491.342303,0.739412,64.456753,4.060307,1.512571,0.0
9.049656,12.297518,59.934133,4489.027129,0.705156,64.466742,4.010351,1.493961,0.0
9.074208,12.349579,60.010897,4486.745955,0.669942,64.476757,3.963244,1.476413,0.0
9.098742,12.401617,60.083653,4484.497504,0.633823,64.486799,3.918953,1.459913,0.0
9.123248,12.453635,60.152313,4482.280518,0.596847,64.496868,3.877443,1.44445,0.0
9.147741,12.505641,60.216786,4480.093733,0.55907,64.506964,3.838683,1.430011,0.0
9.172208,12.557629,60.276988,4477.935885,0.520532,64.517088,3.802642,1.416584,0.0
9.196656,12.609601,60.332847,4475.805726,0.481283,64.527238,3.769287,1.404159,0.0
9.221078,12.661562,60.384288,4473.702005,0.441373,64.537415,3.738591,1.392724,0.0
9.245482,12.713496,60.431244,4471.623475,0.400855,64.54762,3.710525,1.382268,0.0
9.269868,12.765412,60.473651,4469.568934,0.359778,64.557861,3.685067,1.372784,0.0
9.294234,12.817319,60.511208,4467.538254,0.31816,64.56812,3.662327,1.364313,0.0
9.318574,12.869207,60.544103,4465.528912,0.276074,64.578416,3.642143,1.356794,0.0
9.342904,12.921087,60.572303,4463.539661,0.233571,64.588731,3.624495,1.35022,0.0
9.367209,12.972949,60.595765,4461.569257,0.190702,64.599079,3.609364,1.344583,0.0
9.391487,13.024793,60.614454,4459.616469,0.147503,64.609457,3.596737,1.339879,0.0
9.415752,13.076619,60.628344,4457.680042,0.104029,64.619861,3.586599,1.336103,0.0
9.439995,13.128434,60.637408,4455.758726,0.06032,64.630292,3.578941,1.33325,0.0
9.464223,13.18024,60.641627,4453.851264,0.016422,64.64075,3.573754,1.331318,0.0
9.488431,13.232025,60.640991,4451.956399,-0.027615,64.651235,3.571034,1.330304,0.0
9.512612,13.283799,60.635489,4450.072858,-0.071753,64.661753,3.570776,1.330208,0.0
9.536774,13.335564,60.625115,4448.199353,-0.115945,64.672297,3.572981,1.331029,0.0
9.560924,13.38731,60.609866,4446.334596,-0.160144,64.682867,3.57765,1.332769,0.0
9.585053,13.439043,60.589753,4444.477287,-0.204309,64.693466,3.584789,1.335428,0.0
9.609157,13.490763,60.564785,4442.626097,-0.248387,64.704089,3.594404,1.33901,0.0
9.633244,13.542467,60.534981,4440.779693,-0.292335,64.714746,3.606505,1.343518,0.0
9.657312,13.594163,60.500357,4438.936736,-0.33611,64.72543,3.621104,1.348957,0.0
9.681362,13.645848,60.460935,4437.095843,-0.379663,64.73614,3.638215,1.355331,0.0
9.705394,13.697516,60.416756,4435.255641,-0.422957,64.746879,3.657855,1.362647,0.0
9.729399,13.749165,60.367855,4433.414709,-0.465933,64.757653,3.680043,1.370913,0.0
9.753396,13.800806,60.314257,4431.571614,-0.508549,64.768445,3.704803,1.380137,0.0
9.777364,13.852437,60.255764,4429.724638,-0.550738,64.779265,3.732297,1.390379,0.0
9.801313,13.90405,60.1927,4427.872401,-0.592468,64.790121,3.76241,1.401597,0.0
9.82522,13.955663,60.123562,4426.016587,-0.660248,64.852054,3.795998,1.414109,46.671045
9.849065,14.007283,60.046878,4424.15833,-0.730882,64.920634,3.833955,1.428249,54.999999
9.872833,14.058919,59.962495,4422.295574,-0.801165,64.989887,3.876478,1.44409,54.999999
9.896526,14.110567,59.870459,4420.42579,-0.871054,65.059872,3.923681,1.461674,54.999999
9.920154,14.162224,59.770827,4418.546376,-0.940499,65.130668,3.975686,1.481048,54.999999
9.943707,14.213889,59.66366,4416.654655,-1.009443,65.20235,4.032631,1.502261,54.999999
9.967185,14.265564,59.549023,4414.74786,-1.077838,65.274984,4.094663,1.52537,54.999999
9.990586,14.317253,59.426978,4412.82312,-1.145631,65.34866,4.161945,1.550434,54.999999
10.01391,14.368955,59.297606,4410.877466,-1.212762,65.42346,4.234651,1.577519,54.999999
10.037158,14.420666,59.160992,4408.907834,-1.279173,65.49946,4.312966,1.606693,54.999999
10.060328,14.47239,59.017217,4406.911037,-1.344807,65.57675,4.397092,1.638033,54.999999
10.083421,14.524128,58.866387,4404.883754,-1.409604,65.655423,4.487242,1.671616,54.999999
10.106428,14.575876,58.708592,4402.822545,-1.473495,65.735575,4.583641,1.707527,54.999999
10.12936,14.627635,58.543956,4400.723835,-1.536422,65.817303,4.686529,1.745856,54.999999
10.152201,14.67941,58.372591,4398.583892,-1.598303,65.9007,4.79616,1.786696,54.999999
10.174954,14.731194,58.194618,4396.398846,-1.659077,65.98589,4.912797,1.830146,54.999999
10.197625,14.782987,58.010165,4394.164658,-1.718667,66.072968,5.03672,1.876311,54.999999
10.220206,14.834799,57.819381,4391.876993,-1.776986,66.162067,5.168235,1.925304,54.999999
10.242683,14.88662,57.622084,4389.528212,-1.833883,66.253402,5.30807,1.977396,54.999999
10.265069,14.93845,57.418793,4387.116579,-1.889349,66.347015,5.456134,2.032553,54.999999
10.287366,14.990298,57.209669,4384.63731,-1.943283,66.443023,5.612752,2.090898,54.999999
10.309557,15.042156,56.994898,4382.08542,-1.995597,66.541569,5.778257,2.152553,54.999999
10.331647,15.09403,56.774667,4379.455725,-2.046201,66.642799,5.95299,2.217645,54.999999
10.353631,15.145915,56.549184,4376.742853,-2.094993,66.746849,6.137297,2.286305,54.999999
10.375507,15.197809,56.318654,4373.941206,-2.141871,66.853875,6.331528,2.358661,54.999999
10.397275,15.249718,56.0833,4371.04499,-2.186727,66.964038,6.536033,2.434844,54.999999
10.41893,15.30164,55.843368,4368.048195,-2.229452,67.077512,6.751159,2.514984,54.999999
10.440468,15.353571,55.599103,4364.944603,-2.269928,67.194458,6.97725,2.599209,54.999999
10.461884,15.40551,55.35076,4361.727794,-2.308043,67.31505,7.214639,2.687643,54.999999
10.483174,15.457463,55.098615,4358.391144,-2.343673,67.439476,7.463647,2.780405,54.999999
10.504338,15.50943,54.842957,4354.92783,-2.37669,67.56793,7.724576,2.877608,54.999999
10.525371,15.561409,54.584088,4351.330856,-2.406971,67.700601,7.997704,2.979355,54.999999
10.546262,15.613401,54.322325,4347.593055,-2.434384,67.837685,8.283279,3.085739,54.999999
10.567013,15.665397,54.057995,4343.707102,-2.458789,67.979383,8.581513,3.19684,54.999999
10.587614,15.717409,53.79144,4339.665539,-2.480056,68.125911,8.892575,3.312718,54.999999
10.608069,15.769422,53.523013,4335.460801,-2.498047,68.27747,9.216581,3.433419,54.999999
10.628371,15.821452,53.253095,4331.085242,-2.512612,68.434287,9.553587,3.558962,54.999999
10.648501,15.873492,52.982076,4326.530689,-2.523603,68.596571,9.903613,3.689356,54.999999
10.66846,15.925541,52.710338,4321.779566,-2.53069,68.764863,10.267205,3.824804,54.999999
10.688239,15.97759,52.438355,4316.83367,-2.533907,68.939077,10.643476,3.964975,54.999999
10.707847,16.029648,52.166578,4311.685452,-2.533137,69.119415,11.032123,4.109756,54.999999
10.72726,16.081715,51.895434,4306.327534,-2.528226,69.306107,11.432736,4.258995,54.999999
10.746483,16.133783,51.625393,4300.752726,-2.519054,69.499344,11.844776,4.412491,54.999999
10.765509,16.185858,51.35693,4294.954141,-2.505493,69.699327,12.267577,4.569995,54.999999
10.784332,16.237936,51.090522,4288.925252,-2.487416,69.90624,12.70033,4.731207,54.999999
10.802935,16.290013,50.826656,4282.659973,-2.464719,70.120262,13.142075,4.895769,54.999999
10.821318,16.342091,50.565842,4276.152729,-2.437304,70.341551,13.591696,5.063265,54.999999
10.839476,16.394169,50.308593,4269.398557,-2.405084,70.570249,14.047918,5.233219,54.999999
10.8574,16.446246,50.05542,4262.393188,-2.367977,70.806488,14.509297,5.405095,54.999999
10.875082,16.498316,49.806839,4255.133144,-2.325927,71.050372,14.974225,5.578293,54.999999
10.892511,16.550375,49.563379,4247.615819,-2.278897,71.301979,15.44093,5.752153,54.999999
10.909686,16.60243,49.325563,4239.839572,-2.226857,71.56136,15.907482,5.925956,54.999999
10.926598,16.654477,49.093907,4231.803818,-2.169813,71.828538,16.371798,6.098926,54.999999
10.943237,16.706513,48.868922,4223.50909,-2.107776,72.103509,16.83166,6.270236,54.999999
10.959596,16.75853,48.651124,4214.957148,-2.040793,72.386225,17.284722,6.439014,54.999999
10.975666,16.810529,48.441005,4206.151016,-1.968942,72.676611,17.728541,6.604348,54.999999
10.991439,16.862502,48.239056,4197.095033,-1.892311,72.974532,18.160589,6.765297,54.999999
11.006924,16.914466,48.045764,4187.794173,-1.811022,73.279873,18.578233,6.920881,54.999999
11.022077,16.966391,47.862058,4178.244448,-1.725006,73.592753,18.977869,7.069756,54.999999
11.036915,17.01829,47.687917,4168.46743,-1.634706,73.912555,19.357666,7.21124,54.999999
11.05143,17.070153,47.523723,4158.473295,-1.540334,74.238964,19.715097,7.344392,54.999999
11.065621,17.121989,47.369852,4148.273589,-1.442142,74.571674,20.047725,7.468305,54.999999
11.079487,17.173782,47.226639,4137.881157,-1.340393,74.910289,20.353245,7.582119,54.999999
11.093009,17.22553,47.094382,4127.310079,-1.235392,75.254408,20.629518,7.685038,54.999999
11.106193,17.277234,46.973349,4116.575586,-1.127466,75.603586,20.874604,7.776339,54.999999
11.119038,17.328892,46.863776,4105.693943,-1.016966,75.957341,21.086798,7.855387,54.999999
11.131535,17.380494,46.765843,4094.68234,-0.904247,76.315157,21.264653,7.921643,54.999999
11.143681,17.432039,46.679699,4083.558725,-0.789702,76.676504,21.407011,7.974675,54.999999
11.155477,17.483529,46.605451,4072.341677,-0.673729,77.040822,21.513015,8.014164,54.999999
11.166917,17.534958,46.543158,4061.05025,-0.556735,77.407534,21.582126,8.03991,54.999999
11.178005,17.586314,46.492838,4049.703785,-0.439142,77.776051,21.614129,8.051832,54.999999
11.188744,17.637601,46.454469,4038.321744,-0.321368,78.14578,21.609135,8.049971,54.999999
11.199126,17.688821,46.427973,4026.923561,-0.20384,78.516132,21.567575,8.034489,54.999999
11.209155,17.739961,46.413249,4015.528471,-0.086974,78.886501,21.490188,8.00566,54.999999
11.218827,17.791028,46.410139,4004.155336,0.028821,79.256304,21.378005,7.963869,54.999999
11.228157,17.842014,46.41846,3992.822505,0.143133,79.624972,21.23233,7.909602,54.999999
11.237145,17.892919,46.43798,3981.547678,0.255579,79.991946,21.054709,7.843433,54.999999
11.24578,17.943733,46.468474,3970.348101,0.365766,80.35668,20.846801,7.765982,54.999999
11.254065,17.994462,46.510129,3959.245188,0.473209,80.718497,20.609332,7.677518,54.999999
11.262017,18.045101,46.562054,3948.249897,0.577682,81.07705,20.345987,7.579416,54.999999
11.269636,18.095642,46.623892,3937.376025,0.67889,81.431888,20.058996,7.472504,54.999999
11.27693,18.146099,46.695246,3926.636229,0.776534,81.782591,19.750663,7.357641,54.999999
11.283908,18.196461,46.77571,3916.042018,0.870369,82.128796,19.423332,7.235702,54.999999
11.29057,18.246723,46.864853,3905.603706,0.960158,82.470153,19.079361,7.107564,54.999999
11.296924,18.296893,46.962243,3895.330435,1.0457,82.806371,18.721093,6.9741,54.999999
11.302972,18.346973,47.067411,3885.230169,1.126821,83.137178,18.350827,6.836166,54.999999
11.308725,18.396958,47.179894,3875.309711,1.203368,83.462341,17.9708,6.694596,54.999999
11.314195,18.446844,47.299216,3865.574748,1.27521,83.781677,17.583163,6.550191,54.999999
11.319382,18.496635,47.42489,3856.029892,1.342252,84.095029,17.189971,6.403717,54.999999
11.324288,18.546332,47.556426,3846.678715,1.404416,84.402264,16.793166,6.255896,54.999999
11.328928,18.595933,47.69334,3837.523813,1.461647,84.703292,16.394566,6.107407,54.999999
11.333307,18.645442,47.835145,3828.566884,1.513919,84.998059,15.995862,5.95888,54.999999
11.337427,18.694854,47.981345,3819.808767,1.561215,85.286528,15.59861,5.810893,54.999999
11.341298,18.744176,48.13146,3811.249513,1.603539,85.568686,15.204231,5.663976,54.999999
11.344925,18.793407,48.28502,3802.888458,1.64092,85.84456,14.81401,5.518608,54.999999
11.348311,18.842541,48.441542,3794.7243,1.673394,86.114195,14.429099,5.375219,54.999999
11.351473,18.891592,48.600569,3786.755136,1.70102,86.377642,14.050521,5.234189,54.999999
11.354408,18.940544,48.761646,3778.979348,1.723839,86.634952,13.679205,5.095864,54.999999
11.357117,18.989412,48.92439,3771.402787,1.741728,86.885961,13.31635,4.960691,54.999999
11.359609,19.038198,49.088251,3764.012217,1.754999,87.131075,12.96223,4.828772,54.999999
11.361902,19.086894,49.252813,3756.803957,1.763764,87.370437,12.617386,4.700308,54.999999
11.36399,19.135501,49.417668,3749.77405,1.768133,87.604178,12.282263,4.575466,54.999999
11.365877,19.184032,49.582416,3742.918301,1.768209,87.832439,11.957218,4.454378,54.999999
11.367581,19.232478,49.74667,3736.232326,1.764107,88.055364,11.642527,4.337148,54.999999
11.369098,19.280847,49.910062,3729.711589,1.755953,88.273125,11.338396,4.223851,54.999999
11.370439,19.329137,50.072237,3723.351423,1.743869,88.485881,11.044961,4.114539,54.999999
11.371602,19.377347,50.232848,3717.147085,1.727979,88.693796,10.762304,4.009241,54.999999
11.372591,19.425485,50.39156,3711.093777,1.708411,88.897036,10.490452,3.907969,54.999999
11.373413,19.473552,50.548055,3705.186658,1.685292,89.095775,10.229388,3.810716,54.999999
11.374078,19.521538,50.702027,3699.420878,1.658753,89.290185,9.979056,3.717461,54.999999
11.374585,19.569449,50.853181,3693.791597,1.628924,89.480435,9.739367,3.62817,54.999999
11.374934,19.617298,51.001235,3688.293996,1.595929,89.666707,9.510202,3.5428,54.999999
11.375132,19.665079,51.145919,3682.923302,1.5599,89.849159,9.291419,3.461298,54.999999
11.375186,19.712782,51.286975,3677.674786,1.520958,90.027961,9.082858,3.383603,54.999999
11.375096,19.760423,51.424165,3672.543778,1.479229,90.203291,8.88434,3.30965,54.999999
11.374864,19.807999,51.557254,3667.525671,1.434842,90.375309,8.695678,3.239369,54.999999
11.374495,19.855505,51.68602,3662.615939,1.387913,90.544177,8.516673,3.172685,54.999999
11.373982,19.902956,51.81022,3657.810591,1.338543,90.710042,8.347166,3.109539,54.999999
11.373337,19.950332,51.929436,3653.109573,1.286761,90.872948,8.187363,3.050008,54.999999
11.372566,19.997644,52.043712,3648.503314,1.232801,91.033189,8.036576,2.993836,54.999999
11.37166,20.044902,52.15287,3643.987615,1.176772,91.190936,7.894597,2.940945,54.999999
11.370635,20.092098,52.256739,3639.558366,1.118787,91.346325,7.761223,2.89126,54.999999
11.369485,20.139232,52.355164,3635.211542,1.058947,91.499502,7.636255,2.844706,54.999999
11.368217,20.186309,52.448007,3630.943175,0.997368,91.650617,7.519501,2.801212,54.999999
11.366825,20.233325,52.535123,3626.749394,0.934151,91.799811,7.410772,2.760707,54.999999
11.365319,20.280285,52.616388,3622.626387,0.869394,91.947219,7.30989,2.723126,54.999999
11.3637,20.32719,52.691676,3618.570415,0.803194,92.092971,7.216684,2.688405,54.999999
11.361964,20.374037,52.760885,3614.577807,0.735655,92.237211,7.130994,2.656483,54.999999
11.360115,20.420825,52.823912,3610.644939,0.666869,92.380074,7.052666,2.627304,54.999999
11.358154,20.467563,52.880658,3606.768242,0.596928,92.521678,6.98156,2.600815,54.999999
11.356079,20.514249,52.931045,3602.944215,0.525929,92.662152,6.917544,2.576967,54.999999
11.353897,20.560875,52.974999,3599.169391,0.453958,92.801631,6.860497,2.555716,54.999999
11.351609,20.607447,53.012447,3595.440332,0.38111,92.940227,6.81031,2.53702,54.999999
11.349218,20.653965,53.043329,3591.75365,0.307465,93.078071,6.766885,2.520843,54.999999
11.346713,20.70043,53.06759,3588.105976,0.233123,93.215285,6.730135,2.507152,54.999999
11.344107,20.74684,53.085186,3584.493962,0.158161,93.351983,6.699983,2.49592,54.999999
11.341386,20.793196,53.096077,3580.914278,0.082672,93.488291,6.676366,2.487122,54.999999
11.338574,20.839498,53.100209,3577.363754,0.006731,93.624327,6.659266,2.480752,54.999999
11.335639,20.885752,53.097234,3573.839997,-0.069588,93.760203,6.648928,2.476901,54.999999
11.332605,20.931944,53.087499,3570.338236,-0.146169,93.89606,6.645,2.475437,54.999999
11.329473,20.978089,53.070981,3566.855156,-0.222943,94.032017,6.647464,2.476355,54.999999
11.326233,21.024182,53.047685,3563.387402,-0.29981,94.168186,6.656317,2.479653,54.999999
11.322885,21.070221,53.017628,3559.931632,-0.376692,94.304692,6.671563,2.485333,54.999999
11.319436,21.116205,52.980811,3556.484457,-0.453511,94.441648,6.693221,2.493401,54.999999
11.315882,21.162129,52.937262,3553.042458,-0.530178,94.579184,6.721317,2.503867,54.999999
11.312225,21.208002,52.88702,3549.60218,-0.606605,94.717418,6.755891,2.516747,54.999999
11.308465,21.253825,52.830117,3546.160128,-0.682708,94.856467,6.79699,2.532058,54.999999
11.304596,21.299594,52.766593,3542.712757,-0.758402,94.996464,6.844675,2.549822,54.999999
11.300619,21.345308,52.696503,3539.256463,-0.833601,95.137535,6.899013,2.570064,54.999999
11.296538,21.390965,52.619911,3535.787582,-0.908213,95.279804,6.960083,2.592814,54.999999
11.292351,21.436562,52.536885,3532.3024,-0.982149,95.423402,7.027972,2.618105,54.999999
11.288054,21.482105,52.447496,3528.797125,-1.055324,95.568464,7.102776,2.645971,54.999999
11.283652,21.527592,52.351831,3525.267877,-1.127633,95.715128,7.184597,2.676451,54.999999
11.279135,21.573018,52.249991,3521.710713,-1.198999,95.863524,7.273547,2.709588,54.999999
11.274509,21.618388,52.142061,3518.121611,-1.269314,96.013791,7.369743,2.745423,54.999999
11.269772,21.663696,52.028499,3514.495579,-1.331052,96.151792,7.472941,2.783867,49.786374
11.264984,21.70895,51.91248,3510.82075,-1.324436,96.162934,7.579958,2.823734,0.0
11.260196,21.75415,51.797267,3507.086966,-1.31543,96.174058,7.687383,2.863752,0.0
11.255399,21.799303,51.683112,3503.290859,-1.303902,96.185173,7.794935,2.903818,0.0
11.250602,21.84441,51.570198,3499.4348,-1.289989,96.19627,7.902325,2.943824,0.0
11.245796,21.889464,51.45872,3495.518381,-1.273682,96.207349,8.009269,2.983663,0.0
11.240997,21.934464,51.348889,3491.541344,-1.25499,96.218418,8.115472,3.023227,0.0
11.236185,21.979418,51.240911,3487.503593,-1.233942,96.22947,8.220633,3.062402,0.0
11.231375,22.024313,51.134976,3483.405204,-1.210546,96.240511,8.324438,3.101072,0.0
11.226562,22.069157,51.03129,3479.246428,-1.184846,96.251537,8.426569,3.139119,0.0
11.221746,22.113951,50.930047,3475.027683,-1.156872,96.262545,8.526702,3.176421,0.0
11.216924,22.158685,50.83143,3470.749577,-1.126673,96.27354,8.624511,3.212857,0.0
11.212103,22.203362,50.735626,3466.412893,-1.094309,96.284521,8.719665,3.248305,0.0
11.207282,22.247984,50.642814,3462.018609,-1.059833,96.295485,8.811837,3.282641,0.0
11.202452,22.292548,50.553166,3457.567893,-1.023314,96.306434,8.900702,3.315746,0.0
11.19762,22.337053,50.466849,3453.062084,-0.984832,96.317371,8.985938,3.347498,0.0
11.192791,22.381503,50.384011,3448.502723,-0.944475,96.328293,9.067231,3.377782,0.0
11.187956,22.425895,50.304811,3443.891535,-0.902332,96.339201,9.144279,3.406484,0.0
11.183121,22.470219,50.229385,3439.230417,-0.858498,96.350085,9.216789,3.433496,0.0
11.178285,22.514487,50.157859,3434.52144,-0.813089,96.36096,9.284483,3.458714,0.0
11.173449,22.558692,50.090359,3429.766848,-0.766208,96.371817,9.347101,3.482041,0.0
11.168605,22.602835,50.026995,3424.969048,-0.717974,96.382664,9.404401,3.503387,0.0
11.163769,22.646924,49.967897,3420.130337,-0.668509,96.393485,9.456125,3.522655,0.0
11.158924,22.690936,49.913332,3415.251988,-0.617911,96.404295,9.501817,3.539677,0.0
11.15408,22.734886,49.863166,3410.338854,-0.566367,96.415088,9.541582,3.55449,0.0
11.149235,22.778773,49.817469,3405.393884,-0.514021,96.425871,9.575278,3.567043,0.0
11.14439,22.822597,49.776284,3400.420147,-0.461018,96.43663,9.602791,3.577292,0.0
11.139537,22.86635,49.739647,3395.420787,-0.407504,96.447376,9.624035,3.585206,0.0
11.13469,22.910038,49.707585,3390.399025,-0.353628,96.458107,9.638955,3.590764,0.0
11.129839,22.953664,49.680109,3385.358139,-0.299543,96.468825,9.647525,3.593957,0.0
11.12499,22.997226,49.657212,3380.301447,-0.245392,96.479523,9.64975,3.594786,0.0
11.12014,23.04072,49.638886,3375.232299,-0.191332,96.490205,9.645664,3.593264,0.0
11.115286,23.084147,49.625097,3370.15404,-0.137513,96.500873,9.63533,3.589414,0.0
11.110436,23.127506,49.615809,3365.070021,-0.084084,96.511523,9.618843,3.583272,0.0
11.105587,23.170797,49.610971,3359.983574,-0.031199,96.522155,9.59632,3.574882,0.0
11.100732,23.214022,49.610514,3354.897989,0.021,96.532772,9.567911,3.564299,0.0
11.095878,23.257178,49.614371,3349.816509,0.072379,96.543374,9.533786,3.551586,0.0
11.091024,23.300271,49.622447,3344.742319,0.122796,96.553955,9.494141,3.536817,0.0
11.086169,23.343299,49.634641,3339.678527,0.172108,96.564524,9.449192,3.520073,0.0
11.081315,23.386256,49.650856,3334.628138,0.2202,96.575075,9.399176,3.501441,0.0
11.07646,23.429149,49.670972,3329.594079,0.266939,96.58561,9.344347,3.481015,0.0
11.071596,23.471971,49.69486,3324.579157,0.312214,96.596134,9.284974,3.458897,0.0
11.066742,23.51473,49.722399,3319.586227,0.355894,96.606641,9.221311,3.435181,0.0
11.061887,23.557422,49.753582,3314.619062,0.397799,96.61712,9.153507,3.409922,0.0
11.057033,23.600051,49.788096,3309.678994,0.437915,96.627589,9.082071,3.38331,0.0
11.05217,23.642609,49.825762,3304.768287,0.476146,96.638049,9.007311,3.35546,0.0
11.047314,23.685103,49.866418,3299.889089,0.512417,96.648485,8.92954,3.326488,0.0
11.04246,23.727534,49.909903,3295.043363,0.546649,96.658908,8.84907,3.296511,0.0
11.037599,23.769895,49.956027,3290.232958,0.578774,96.669315,8.766215,3.265646,0.0
11.032741,23.812197,50.004614,3285.459553,0.608737,96.679705,8.681287,3.234008,0.0
11.027881,23.854439,50.055476,3280.724685,0.63648,96.690076,8.594591,3.201711,0.0
11.023022,23.896612,50.108429,3276.029735,0.661956,96.700435,8.50643,3.168869,0.0
11.018163,23.938723,50.16328,3271.375951,0.68513,96.71078,8.417099,3.135591,0.0
11.013299,23.980776,50.219838,3266.764431,0.70597,96.721106,8.326885,3.101984,0.0
11.008439,24.022766,50.277911,3262.196121,0.724451,96.731419,8.236066,3.068151,0.0
11.003582,24.064696,50.337305,3257.671842,0.740565,96.741716,8.144911,3.034193,0.0
10.998718,24.10657,50.397825,3253.192267,0.75429,96.751992,8.053677,3.000206,0.0
10.993854,24.148383,50.459272,3248.757945,0.765624,96.762259,7.962611,2.966282,0.0
10.98899,24.190139,50.521457,3244.369298,0.774576,96.772513,7.871947,2.932507,0.0
10.984126,24.231833,50.584186,3240.026635,0.781151,96.782743,7.781909,2.898966,0.0
10.979262,24.273466,50.647264,3235.73013,0.785353,96.792962,7.692707,2.865736,0.0
10.974398,24.315053,50.710512,3231.479854,0.787208,96.803165,7.604539,2.832891,0.0
10.969524,24.356576,50.773733,3227.276126,0.786733,96.813358,7.517602,2.800504,0.0
10.964661,24.398043,50.836728,3223.120655,0.783844,96.823532,7.432137,2.768667,0.0
10.959788,24.439447,50.899319,3219.010976,0.778695,96.833689,7.348245,2.737415,0.0
10.954923,24.480805,50.961327,3214.946758,0.771329,96.843827,7.266074,2.706804,0.0
10.950051,24.52211,51.022576,3210.927573,0.761781,96.853955,7.18576,2.676885,0.0
10.945178,24.563361,51.082907,3206.952922,0.750093,96.864067,7.10743,2.647705,0.0
10.940304,24.604558,51.142142,3203.022233,0.73632,96.874168,7.031197,2.619306,0.0
10.935431,24.6457,51.20013,3199.13486,0.720509,96.884253,6.957168,2.591728,0.0
10.930557,24.686795,51.256719,3195.290094,0.702715,96.894321,6.885438,2.565007,0.0
10.925679,24.72784,51.311752,3191.487166,0.682992,96.904376,6.816094,2.539174,0.0
10.920801,24.768835,51.365086,3187.72525,0.6614,96.914417,6.749213,2.514259,0.0
10.915923,24.809781,51.416581,3184.003466,0.638003,96.924444,6.684866,2.490288,0.0
10.911044,24.850673,51.466096,3180.320881,0.612861,96.934458,6.623115,2.467285,0.0
10.906167,24.891517,51.513506,3176.676521,0.586037,96.944458,6.564017,2.445269,0.0
10.901281,24.93232,51.558691,3173.06937,0.557598,96.954443,6.507621,2.42426,0.0
10.896391,24.973069,51.601525,3169.498366,0.527612,96.964408,6.45397,2.404274,0.0
10.891509,25.013768,51.641904,3165.962412,0.496148,96.974368,6.403102,2.385324,0.0
10.886624,25.054428,51.679716,3162.460378,0.463274,96.984304,6.355051,2.367424,0.0
10.881732,25.095035,51.714848,3158.99109,0.429058,96.994238,6.309844,2.350583,0.0
10.876839,25.135606,51.74723,3155.553364,0.393576,97.004146,6.267508,2.334812,0.0
10.871947,25.176123,51.776726,3152.14619,0.356888,97.014045,6.228085,2.320126,0.0
10.867055,25.216592,51.803131,3148.769393,0.31904,97.023934,6.19171,2.306575,0.0
10.862162,25.257016,51.826521,3145.420245,0.280148,97.033806,6.15826,2.294114,0.0
10.857262,25.297404,51.846804,3142.097427,0.240297,97.043667,6.127746,2.282746,0.0
10.852368,25.33774,51.863933,3138.799616,0.199554,97.053512,6.100177,2.272476,0.0
10.847468,25.378037,51.877836,3135.525455,0.157997,97.063339,6.075561,2.263306,0.0
10.842566,25.418291,51.888472,3132.27357,0.115701,97.073155,6.053904,2.255239,0.0
10.837664,25.4585,51.895781,3129.04256,0.072743,97.082962,6.035211,2.248275,0.0
10.832756,25.498663,51.89973,3125.831013,0.029205,97.092754,6.019483,2.242416,0.0
10.827845,25.538788,51.90028,3122.637496,-0.014844,97.102528,6.006724,2.237663,0.0
10.822938,25.578871,51.897401,3119.460555,-0.059325,97.112289,5.996933,2.234015,0.0
10.818032,25.618909,51.891071,3116.298715,-0.104162,97.12204,5.990111,2.231474,0.0
10.813117,25.658907,51.881272,3113.150481,-0.149275,97.131779,5.986256,2.230038,0.0
10.808199,25.698865,51.867996,3110.014347,-0.194584,97.141504,5.985367,2.229707,0.0
10.803285,25.738777,51.851234,3106.888793,-0.24002,97.151216,5.987442,2.23048,0.0
10.798367,25.778648,51.830986,3103.772268,-0.285495,97.16091,5.992476,2.232355,0.0
10.793453,25.81848,51.807263,3100.663221,-0.330948,97.170589,6.000466,2.235332,0.0
10.788532,25.858269,51.780071,3097.560066,-0.37628,97.180258,6.011408,2.239408,0.0
10.783611,25.898021,51.749434,3094.461226,-0.421425,97.189917,6.025294,2.244581,0.0
10.778681,25.937728,51.715369,3091.365078,-0.466305,97.199559,6.04212,2.250849,0.0
10.77376,25.977389,51.677883,3088.27001,-0.51084,97.209192,6.0619,2.258217,0.0
10.76883,26.017013,51.636883,3085.174244,-0.554932,97.218806,6.084739,2.266725,0.0
10.763899,26.056592,51.592579,3082.076082,-0.598511,97.228411,6.110488,2.276317,0.0
10.758969,26.096134,51.545005,3078.973857,-0.641502,97.238007,6.139133,2.286989,0.0
10.754038,26.135632,51.494229,3075.865895,-0.683836,97.247578,6.170662,2.298734,0.0
10.749108,26.175093,51.440309,3072.750515,-0.725429,97.257144,6.205056,2.311547,0.0
10.744171,26.214511,51.383299,3069.626021,-0.766212,97.266696,6.242298,2.32542,0.0
10.739237,26.253884,51.323282,3066.490711,-0.806095,97.276231,6.282366,2.340347,0.0
10.734301,26.293218,51.260334,3063.342881,-0.84501,97.285753,6.325236,2.356317,0.0
10.729361,26.33251,51.194533,3060.180822,-0.882887,97.295266,6.370878,2.37332,0.0
10.724421,26.371757,51.125969,3057.002821,-0.919648,97.304766,6.419263,2.391344,0.0
10.719481,26.410964,51.054736,3053.807161,-0.955217,97.314252,6.470354,2.410377,0.0
10.714538,26.450131,50.980931,3050.592133,-0.989519,97.323725,6.524111,2.430403,0.0
10.709592,26.489253,50.90466,3047.35603,-1.022482,97.333183,6.58049,2.451406,0.0
10.704649,26.528333,50.826036,3044.09715,-1.054042,97.342629,6.639441,2.473366,0.0
10.699699,26.567372,50.74517,3040.813817,-1.084125,97.35206,6.700907,2.496264,0.0
10.694752,26.606361,50.66217,3037.504352,-1.112663,97.36148,6.764829,2.520077,0.0
10.689811,26.645312,50.577182,3034.167102,-1.139587,97.370883,6.831136,2.544778,0.0
10.684861,26.684219,50.490318,3030.80043,-1.164831,97.380278,6.899755,2.57034,0.0
10.679912,26.72308,50.401716,3027.402731,-1.188335,97.389663,6.970604,2.596733,0.0
10.674963,26.761886,50.311496,3023.972113,-1.210013,97.399029,7.043611,2.62393,0.0
10.670013,26.800655,50.219761,3020.505659,-1.229752,97.408377,7.118747,2.651921,0.0
10.665055,26.839379,50.126737,3017.003374,-1.247556,97.417716,7.195806,2.680627,0.0
10.660104,26.878058,50.032561,3013.46383,-1.263383,97.427046,7.274669,2.710006,0.0
10.655155,26.916684,49.937392,3009.885615,-1.277183,97.436359,7.355213,2.74001,0.0
10.650206,26.955263,49.841385,3006.267392,-1.288912,97.445654,7.437302,2.770591,0.0
10.645249,26.993798,49.744706,3002.60789,-1.29852,97.454938,7.520792,2.801693,0.0
10.640297,27.032287,49.647513,2998.905891,-1.305976,97.464213,7.605529,2.83326,0.0
10.635348,27.070726,49.549965,2995.160269,-1.311237,97.473472,7.691349,2.86523,0.0
10.630393,27.10911,49.452233,2991.369965,-1.314274,97.48272,7.778081,2.89754,0.0
10.625439,27.147445,49.354486,2987.534011,-1.315063,97.491953,7.86554,2.930121,0.0
10.620489,27.185736,49.256891,2983.651543,-1.313581,97.501169,7.953537,2.962902,0.0
10.615536,27.223977,49.159617,2979.721778,-1.309808,97.51037,8.041869,2.995808,0.0
10.610581,27.262165,49.062831,2975.744037,-1.303738,97.519562,8.130327,3.028761,0.0
10.605631,27.300299,48.966703,2971.717764,-1.29536,97.528743,8.218695,3.06168,0.0
10.600682,27.338378,48.87141,2967.642522,-1.284677,97.537905,8.306746,3.094481,0.0
10.595733,27.376406,48.777111,2963.517983,-1.271706,97.547052,8.394249,3.127079,0.0
10.590783,27.414385,48.683981,2959.343941,-1.256445,97.556189,8.480967,3.159383,0.0
10.585835,27.452303,48.592175,2955.120329,-1.238919,97.565316,8.566655,3.191304,0.0
10.580895,27.490166,48.50187,2950.847229,-1.219162,97.574426,8.651067,3.22275,0.0
10.575945,27.527975,48.413228,2946.524346,-1.197171,97.583517,8.733934,3.25362,0.0
10.571005,27.565728,48.326497,2942.150302,-1.172929,97.592599,8.814923,3.283791,0.0
10.566065,27.603426,48.241735,2937.727872,-1.146563,97.601663,8.893851,3.313194,0.0
10.561117,27.641063,48.159104,2933.257716,-1.118149,97.610717,8.970467,3.341735,0.0
10.556183,27.678644,48.078741,2928.740633,-1.087732,97.619755,9.044522,3.369322,0.0
10.551246,27.716163,48.000776,2924.177578,-1.055391,97.628774,9.115773,3.395865,0.0
10.546306,27.75362,47.925348,2919.569646,-1.021204,97.637783,9.183981,3.421275,0.0
10.541372,27.79102,47.852578,2914.918067,-0.985248,97.646782,9.248915,3.445464,0.0
10.536442,27.82836,47.782582,2910.224221,-0.947611,97.655766,9.310354,3.468352,0.0
10.531512,27.865643,47.715473,2905.489616,-0.908398,97.664733,9.368087,3.489859,0.0
10.526586,27.902861,47.651352,2900.715897,-0.867703,97.673686,9.421914,3.509911,0.0
10.521661,27.940017,47.590312,2895.904833,-0.825631,97.682626,9.471649,3.528439,0.0
10.516734,27.977115,47.532435,2891.05831,-0.782295,97.691548,9.517123,3.545379,0.0
10.511817,28.014146,47.477796,2886.178332,-0.737818,97.700455,9.558181,3.560674,0.0
10.506903,28.051111,47.426471,2881.267006,-0.692325,97.709351,9.594686,3.574273,0.0
10.501984,28.08802,47.378515,2876.326532,-0.645934,97.718231,9.62652,3.586132,0.0
10.497073,28.124864,47.333973,2871.359199,-0.598781,97.7271,9.653584,3.596214,0.0
10.492163,28.161637,47.29289,2866.367392,-0.550992,97.735951,9.6758,3.60449,0.0
10.48726,28.198347,47.255291,2861.353532,-0.502707,97.744784,9.693109,3.610938,0.0
10.482349,28.234994,47.221185,2856.320122,-0.454067,97.753609,9.705476,3.615545,0.0
10.477457,28.271578,47.190634,2851.269558,-0.405201,97.762415,9.712835,3.618286,0.0
10.472555,28.308086,47.163752,2846.204109,-0.356268,97.771212,9.715019,3.6191,0.0
10.467662,28.344531,47.140362,2841.127131,-0.307415,97.779982,9.712287,3.618083,0.0
10.46277,28.380913,47.120447,2836.041259,-0.258777,97.78875,9.704691,3.615253,0.0
10.457886,28.417225,47.103974,2830.949102,-0.210491,97.797495,9.692305,3.610639,0.0
10.453003,28.453471,47.090902,2825.853264,-0.1627,97.806227,9.67522,3.604274,0.0
10.44812,28.489655,47.081175,2820.75633,-0.115542,97.814951,9.653551,3.596202,0.0
10.443243,28.525769,47.074732,2815.660859,-0.069139,97.823652,9.627425,3.586469,0.0
10.43837,28.561818,47.071509,2810.569354,-0.023616,97.832339,9.59699,3.575131,0.0
10.433497,28.597803,47.071432,2805.484269,0.020888,97.841016,9.562407,3.562248,0.0
10.428628,28.63372,47.07441,2800.40801,0.064257,97.849679,9.523854,3.547886,0.0
10.423764,28.66957,47.080346,2795.342907,0.106386,97.858325,9.481519,3.532115,0.0
10.418904,28.705353,47.089141,2790.291216,0.147156,97.866952,9.435603,3.51501,0.0
10.41405,28.741067,47.100691,2785.255111,0.186457,97.875565,9.386316,3.49665,0.0
10.409195,28.776718,47.114883,2780.23667,0.224193,97.884166,9.333878,3.477115,0.0
10.404344,28.812307,47.131594,2775.237888,0.26027,97.892752,9.278513,3.45649,0.0
10.399499,28.84783,47.150697,2770.26066,0.294607,97.901326,9.220453,3.434861,0.0
10.394655,28.883284,47.172064,2765.306777,0.327114,97.909883,9.159934,3.412316,0.0
10.38982,28.918682,47.195558,2760.377918,0.357724,97.918422,9.097192,3.388944,0.0
10.384984,28.954009,47.221043,2755.475652,0.38636,97.926952,9.032468,3.364832,0.0
10.380149,28.989272,47.248393,2750.601783,0.41295,97.935464,8.965984,3.340065,0.0
10.375323,29.02447,47.277501,2745.758738,0.437349,97.943957,8.897943,3.314718,0.0
10.370497,29.059604,47.30815,2740.946485,0.459615,97.952441,8.828658,3.288908,0.0
10.365671,29.094667,47.340177,2736.166129,0.479715,97.960907,8.758361,3.26272,0.0
10.360853,29.129673,47.373431,2731.418665,0.497599,97.969363,8.687277,3.236239,0.0
10.356044,29.164626,47.407765,2726.704983,0.513245,97.977803,8.615629,3.209548,0.0
10.351231,29.199511,47.443013,2722.025861,0.526636,97.986225,8.54363,3.182727,0.0
10.346421,29.23433,47.479026,2717.381967,0.537755,97.994636,8.471489,3.155853,0.0
10.341614,29.269093,47.515653,2712.773867,0.546598,98.003031,8.399408,3.129001,0.0
10.336812,29.303801,47.552735,2708.20202,0.553164,98.011414,8.32758,3.102243,0.0
10.332015,29.338445,47.590115,2703.666784,0.557453,98.019783,8.25619,3.075648,0.0
10.327218,29.373026,47.627646,2699.168431,0.559473,98.028134,8.185416,3.049283,0.0
10.322424,29.407554,47.665178,2694.70713,0.559243,98.036471,8.115427,3.02321,0.0
10.317636,29.442023,47.70256,2690.282957,0.556779,98.044795,8.046383,2.997489,0.0
10.312848,29.476433,47.73964,2685.895911,0.552106,98.053105,7.978435,2.972177,0.0
10.308063,29.510786,47.776276,2681.545897,0.545262,98.061403,7.911727,2.947326,0.0
10.303284,29.545079,47.812334,2677.232739,0.536274,98.069683,7.846394,2.922988,0.0
10.298506,29.579317,47.847673,2672.956193,0.525171,98.077946,7.782561,2.899209,0.0
10.293728,29.613501,47.882145,2668.715935,0.512012,98.0862,7.720348,2.876033,0.0
10.28895,29.647631,47.915639,2664.511565,0.496839,98.094436,7.659865,2.853501,0.0
10.284181,29.681707,47.947995,2660.343024,0.479663,98.102662,7.601235,2.83166,0.0
10.279412,29.715726,47.979054,2656.210903,0.460495,98.11088,7.544624,2.810571,0.0
10.274652,29.749691,48.008738,2652.113014,0.439472,98.11907,7.490037,2.790236,0.0
10.269884,29.783603,48.036927,2648.048712,0.416655,98.127251,7.437553,2.770684,0.0
10.265123,29.81746,48.063519,2644.017296,0.392109,98.135422,7.387246,2.751944,0.0
10.260371,29.851263,48.088411,2640.017993,0.365882,98.143577,7.339183,2.734039,0.0
10.255614,29.885012,48.111487,2636.049994,0.338057,98.151721,7.293424,2.716992,0.0
10.250861,29.918714,48.132661,2632.112452,0.308695,98.15985,7.250025,2.700825,0.0
10.246112,29.952365,48.151844,2628.20446,0.277871,98.16796,7.209036,2.685556,0.0
10.241362,29.985962,48.168943,2624.325076,0.245654,98.176058,7.170503,2.671201,0.0
10.236617,30.019509,48.183874,2620.473324,0.212113,98.184147,7.134465,2.657776,0.0
10.231876,30.053007,48.196565,2616.648178,0.177329,98.192222,7.10096,2.645294,0.0
10.227136,30.086456,48.206948,2612.848577,0.14138,98.20028,7.070018,2.633768,0.0
10.222396,30.119855,48.214952,2609.073433,0.104339,98.208323,7.041669,2.623207,0.0
10.217658,30.153204,48.220511,2605.321624,0.06629,98.216357,7.015936,2.613621,0.0
10.212925,30.186505,48.223581,2601.591998,0.02731,98.224379,6.992841,2.605017,0.0
10.208186,30.219755,48.224108,2597.883369,-0.012516,98.232384,6.972401,2.597403,0.0
10.203457,30.252959,48.22204,2594.194527,-0.053113,98.240372,6.954633,2.590784,0.0
10.198735,30.286118,48.217348,2590.524242,-0.094401,98.24835,6.939547,2.585164,0.0
10.194004,30.319232,48.209992,2586.871232,-0.13628,98.25632,6.927153,2.580547,0.0
10.189283,30.352291,48.199913,2583.234392,-0.178696,98.264271,6.917489,2.576947,0.0
10.184561,30.385294,48.186996,2579.61278,-0.221545,98.272213,6.910648,2.574398,0.0
10.17984,30.41826,48.171345,2576.00436,-0.264745,98.280137,6.906511,2.572857,0.0
10.175127,30.451174,48.152949,2572.40778,-0.308196,98.288043,6.905078,2.572323,0.0
10.170407,30.484042,48.131808,2568.821659,-0.35181,98.295947,6.906346,2.572796,0.0
10.165693,30.516864,48.107915,2565.244602,-0.395511,98.303829,6.910309,2.574272,0.0
10.160981,30.549642,48.081275,2561.67521,-0.439215,98.311704,6.91696,2.57675,0.0
10.156276,30.582368,48.051902,2558.112041,-0.482831,98.31956,6.926288,2.580225,0.0
10.151568,30.615052,48.019809,2554.55366,-0.526271,98.327407,6.938282,2.584692,0.0
10.146861,30.64769,47.985015,2550.998617,-0.569455,98.335243,6.952925,2.590148,0.0
10.142159,30.680278,47.947549,2547.445441,-0.612298,98.343061,6.970201,2.596583,0.0
10.137461,30.712821,47.907445,2543.892658,-0.654714,98.350865,6.99009,2.603993,0.0
10.132764,30.745316,47.864738,2540.338788,-0.696619,98.358661,7.012569,2.612367,0.0
10.128065,30.777763,47.819473,2536.782335,-0.737927,98.366444,7.037613,2.621696,0.0
10.123372,30.810168,47.771699,2533.221795,-0.778558,98.374209,7.065191,2.63197,0.0
10.118682,30.842522,47.721457,2529.655674,-0.818427,98.38196,7.095274,2.643176,0.0
10.113996,30.87483,47.66881,2526.08247,-0.857453,98.389707,7.127825,2.655302,0.0
10.109305,30.907094,47.613824,2522.500676,-0.895562,98.39743,7.162805,2.668333,0.0
10.104622,30.939313,47.55656,2518.908791,-0.932658,98.405151,7.200172,2.682254,0.0
10.099948,30.971486,47.497095,2515.305319,-0.968678,98.412855,7.239879,2.697046,0.0
10.095265,31.003605,47.43548,2511.68859,-1.003533,98.42054,7.281904,2.712701,0.0
10.090591,31.035677,47.371742,2508.056568,-1.037082,98.428216,7.326254,2.729222,0.0
10.085917,31.067703,47.306042,2504.408347,-1.069319,98.435883,7.37277,2.746551,0.0
10.081243,31.099677,47.238489,2500.742483,-1.100166,98.443533,7.421387,2.764662,0.0
10.076577,31.131604,47.16917,2497.057547,-1.129555,98.451172,7.472034,2.783529,0.0
10.071905,31.163486,47.098185,2493.352126,-1.15741,98.458795,7.524634,2.803124,0.0
10.067245,31.195323,47.025629,2489.624842,-1.183677,98.466407,7.579106,2.823416,0.0
10.062584,31.227109,46.95162,2485.874348,-1.208284,98.47401,7.635362,2.844373,0.0
10.057925,31.258841,46.876258,2482.099312,-1.231172,98.481598,7.693308,2.86596,0.0
10.05327,31.290524,46.799659,2478.298456,-1.252286,98.489168,7.752846,2.888139,0.0
10.04862,31.322163,46.721934,2474.470541,-1.271571,98.49673,7.813869,2.910872,0.0
10.043975,31.353752,46.643204,2470.614366,-1.288976,98.504278,7.876267,2.934117,0.0
10.03933,31.385286,46.563594,2466.728776,-1.304449,98.511812,7.93992,2.957829,0.0
10.034684,31.416771,46.483219,2462.812675,-1.317947,98.519338,8.004704,2.981963,0.0
10.030042,31.448207,46.40221,2458.865032,-1.329436,98.526847,8.070489,3.00647,0.0
10.025408,31.479589,46.32069,2454.884861,-1.338876,98.534342,8.137138,3.031298,0.0
10.02078,31.51092,46.238793,2450.871242,-1.346227,98.541832,8.204509,3.056395,0.0
10.016147,31.542202,46.156645,2446.823342,-1.351475,98.549299,8.272451,3.081706,0.0
10.011529,31.573423,46.07437,2442.740388,-1.354589,98.556764,8.34081,3.107171,0.0
10.006903,31.604599,45.992117,2438.621687,-1.35556,98.564211,8.409427,3.132733,0.0
10.002286,31.635721,45.910001,2434.466142,-1.354335,98.571639,8.478136,3.158329,0.0
9.997669,31.666785,45.828176,2430.272113,-1.350857,98.579059,8.546751,3.18389,0.0
9.993061,31.697796,45.746781,2426.040733,-1.345211,98.586469,8.615094,3.209349,0.0
9.988462,31.728753,45.665927,2421.771661,-1.337396,98.593862,8.682987,3.234641,0.0
9.983857,31.759648,45.585756,2417.464683,-1.327435,98.601245,8.75025,3.259698,0.0
9.979257,31.790495,45.50639,2413.119668,-1.315348,98.608619,8.816698,3.284452,0.0
9.974666,31.821283,45.427956,2408.736581,-1.30115,98.615977,8.882148,3.308834,0.0
9.970077,31.852015,45.350574,2404.315506,-1.284872,98.623317,8.946414,3.332774,0.0
9.965495,31.882686,45.274369,2399.856622,-1.266553,98.630645,9.00931,3.356205,0.0
9.960916,31.913305,45.199452,2395.360212,-1.246237,98.637964,9.070654,3.379057,0.0
9.956342,31.943865,45.125936,2390.826677,-1.223969,98.645274,9.130262,3.401263,0.0
9.951772,31.974366,45.053939,2386.256524,-1.199807,98.652571,9.187956,3.422755,0.0
9.947207,32.00481,44.983565,2381.650357,-1.173809,98.659849,9.24356,3.443469,0.0
9.942647,32.035189,44.914908,2377.008888,-1.146045,98.667113,9.296903,3.463341,0.0
9.93809,32.065514,44.848071,2372.332947,-1.116594,98.674368,9.34782,3.482309,0.0
9.933542,32.09578,44.783139,2367.623456,-1.085529,98.681612,9.396154,3.500315,0.0
9.929001,32.125978,44.720199,2362.881434,-1.052936,98.688839,9.441754,3.517302,0.0
9.924462,32.156121,44.65934,2358.108011,-1.018909,98.696057,9.484479,3.533218,0.0
9.91993,32.1862,44.60063,2353.304404,-0.983534,98.703266,9.524196,3.548014,0.0
9.915399,32.216217,44.544145,2348.471917,-0.946921,98.710457,9.560785,3.561644,0.0
9.910877,32.246179,44.489958,2343.611604,-0.90916,98.717629,9.594089,3.574051,0.0
9.906356,32.276067,44.43821,2338.724298,-0.870329,98.724792,9.623909,3.585159,0.0
9.901843,32.305891,44.388847,2333.812716,-0.830605,98.731946,9.650297,3.594989,0.0
9.897339,32.33566,44.34191,2328.878506,-0.7901,98.739091,9.673184,3.603515,0.0
9.892844,32.36536,44.297426,2323.92334,-0.748923,98.746211,9.692513,3.610716,0.0
9.88835,32.394995,44.255421,2318.948974,-0.707207,98.753326,9.708243,3.616576,0.0
9.883864,32.424567,44.215921,2313.957196,-0.665074,98.760428,9.720345,3.621084,0.0
9.87938,32.454076,44.178926,2308.949838,-0.622644,98.767518,9.728807,3.624237,0.0
9.874902,32.483522,44.144444,2303.928768,-0.580046,98.774593,9.73363,3.626033,0.0
9.870433,32.512905,44.112471,2298.895886,-0.537413,98.78165,9.734829,3.62648,0.0
9.865968,32.542221,44.082995,2293.853093,-0.49487,98.788699,9.732434,3.625588,0.0
9.861512,32.571468,44.055999,2288.802308,-0.452538,98.795739,9.72649,3.623373,0.0
9.857066,32.600653,44.03145,2283.745464,-0.410541,98.802761,9.717053,3.619858,0.0
9.85262,32.629774,44.009314,2278.684481,-0.369011,98.809768,9.704196,3.615068,0.0
9.848177,32.65883,43.989564,2273.621262,-0.328064,98.816764,9.688,3.609035,0.0
9.843743,32.687819,43.972147,2268.557702,-0.287823,98.823746,9.668561,3.601793,0.0
9.839318,32.716749,43.957002,2263.495664,-0.248401,98.830723,9.645986,3.593384,0.0
9.834901,32.745608,43.944072,2258.436988,-0.209914,98.837675,9.620392,3.583849,0.0
9.830485,32.774397,43.933303,2253.383469,-0.172473,98.844619,9.591904,3.573237,0.0
9.826086,32.80313,43.924628,2248.336874,-0.136188,98.851553,9.56066,3.561597,0.0
9.821678,32.831791,43.917978,2243.299029,-0.101163,98.858469,9.526767,3.548971,0.0
9.817289,32.860386,43.913334,2238.272022,-0.067553,98.865375,9.490319,3.535394,0.0
9.8129,32.888919,43.910519,2233.257059,-0.035399,98.872272,9.451583,3.520963,0.0
9.80852,32.917388,43.909438,2228.255663,-0.004779,98.879144,9.410721,3.505741,0.0
9.804148,32.945786,43.910014,2223.269293,0.024224,98.886013,9.367899,3.489789,0.0
9.799778,32.974127,43.912134,2218.299336,0.051538,98.892866,9.323285,3.473169,0.0
9.795415,33.0024,43.9157,2213.3471,0.07709,98.899709,9.277052,3.455946,0.0
9.791061,33.030608,43.920611,2208.413819,0.100816,98.906536,9.229372,3.438184,0.0
9.786716,33.058753,43.926759,2203.500655,0.122661,98.913345,9.180418,3.419947,0.0
9.782375,33.086834,43.934029,2198.608695,0.14257,98.920147,9.130362,3.4013,0.0
9.778038,33.114858,43.942312,2193.738943,0.160502,98.926934,9.079377,3.382307,0.0
9.773711,33.142819,43.9515,2188.892325,0.176419,98.933707,9.027632,3.36303,0.0
9.769388,33.170711,43.961477,2184.069681,0.190282,98.940469,8.975296,3.343534,0.0
9.765069,33.198541,43.972124,2179.271775,0.202068,98.947214,8.922532,3.323878,0.0
9.760759,33.226311,43.983331,2174.499293,0.21176,98.953953,8.869504,3.304123,0.0
9.756456,33.254024,43.994978,2169.75283,0.21934,98.960674,8.816367,3.284329,0.0
9.752155,33.281674,44.006956,2165.032919,0.224788,98.967379,8.763277,3.264551,0.0
9.747862,33.309261,44.019142,2160.340011,0.228113,98.974075,8.71038,3.244846,0.0
9.743578,33.336786,44.031424,2155.674466,0.229314,98.980761,8.657821,3.225266,0.0
9.739294,33.364257,44.043693,2151.036586,0.228401,98.987429,8.605739,3.205864,0.0
9.735029,33.391654,44.055833,2146.426991,0.225342,98.994089,8.554278,3.186694,0.0
9.730754,33.419004,44.067712,2141.84659,0.220119,99.000729,8.503593,3.167812,0.0
9.726497,33.446292,44.079232,2137.294303,0.212825,99.007361,8.453782,3.149256,0.0
9.722241,33.473517,44.090283,2132.770114,0.203504,99.013975,8.404958,3.131068,0.0
9.717993,33.500686,44.100763,2128.273974,0.192182,99.020579,8.357231,3.113288,0.0
9.713746,33.527795,44.110569,2123.805736,0.178891,99.027166,8.310705,3.095956,0.0
9.709507,33.554847,44.119607,2119.365205,0.163672,99.033743,8.265477,3.079108,0.0
9.705276,33.581845,44.127776,2114.952132,0.146575,99.04031,8.22164,3.062777,0.0
9.701049,33.608783,44.134981,2110.566207,0.12765,99.046863,8.17928,3.046997,0.0
9.696827,33.635664,44.141134,2106.207055,0.106943,99.053403,8.138478,3.031797,0.0
9.692614,33.66249,44.146153,2101.874253,0.084511,99.059929,8.099309,3.017206,0.0
9.688405,33.689263,44.149951,2097.567327,0.060413,99.066441,8.061845,3.003249,0.0
9.684201,33.715981,44.152443,2093.28575,0.034712,99.072941,8.026149,2.989952,0.0
9.680002,33.742643,44.15356,2089.02895,0.007475,99.079426,7.992283,2.977336,0.0
9.675806,33.769247,44.153224,2084.796313,-0.021237,99.085902,7.9603,2.965421,0.0
9.671619,33.795801,44.151369,2080.587164,-0.051345,99.092366,7.930253,2.954228,0.0
9.667439,33.822296,44.147934,2076.40081,-0.082788,99.098813,7.902186,2.943772,0.0
9.663261,33.848743,44.14286,2072.236505,-0.115494,99.105244,7.876142,2.93407,0.0
9.659091,33.875129,44.13608,2068.093454,-0.149372,99.111673,7.852157,2.925135,0.0
9.65493,33.901469,44.127553,2063.97084,-0.184354,99.118076,7.830265,2.91698,0.0
9.650769,33.927746,44.117207,2059.868095,-0.220367,99.124479,7.810528,2.909627,0.0
9.646618,33.953975,44.104942,2055.784715,-0.257364,99.130863,7.793026,2.903107,0.0
9.642466,33.980151,44.090788,2051.718998,-0.295199,99.137229,7.777695,2.897396,0.0
9.638323,34.006273,44.074719,2047.669975,-0.333805,99.143594,7.764552,2.8925,0.0
9.634181,34.03234,44.056709,2043.63667,-0.373089,99.149935,7.75361,2.888424,0.0
9.630047,34.058361,44.036726,2039.618062,-0.412965,99.156271,7.74488,2.885172,0.0
9.625921,34.08433,44.014757,2035.613107,-0.453356,99.162587,7.738369,2.882746,0.0
9.621798,34.110246,43.990779,2031.620761,-0.494158,99.168895,7.73408,2.881148,0.0
9.617681,34.136107,43.964785,2027.639931,-0.535292,99.175191,7.732014,2.880378,0.0
9.613568,34.161919,43.936776,2023.66951,-0.576673,99.181475,7.732167,2.880436,0.0
9.609459,34.187682,43.906741,2019.708382,-0.618207,99.187744,7.734534,2.881317,0.0
9.60536,34.213391,43.87468,2015.755409,-0.659806,99.194,7.739105,2.88302,0.0
9.601266,34.239049,43.840604,2011.80943,-0.70138,99.200247,7.745868,2.88554,0.0
9.597175,34.264659,43.804522,2007.869277,-0.742839,99.206482,7.754808,2.88887,0.0
9.59309,34.290215,43.766457,2003.933773,-0.784099,99.212698,7.765905,2.893004,0.0
9.589007,34.31572,43.726426,2000.001725,-0.825072,99.218902,7.779137,2.897933,0.0
9.584932,34.341178,43.684449,1996.071933,-0.865667,99.225101,7.794479,2.903648,0.0
9.580859,34.366581,43.640559,1992.143189,-0.905798,99.231283,7.811902,2.910139,0.0
9.576802,34.391932,43.594784,1988.214286,-0.94538,99.237448,7.831374,2.917393,0.0
9.572737,34.417237,43.547166,1984.284009,-0.984328,99.243613,7.85286,2.925397,0.0
9.56869,34.442487,43.497719,1980.351081,-1.022536,99.249759,7.876351,2.934148,0.0
9.564633,34.467682,43.446439,1976.41411,-1.059911,99.255887,7.901848,2.943646,0.0
9.560595,34.492831,43.393465,1972.471984,-1.096397,99.262005,7.929225,2.953845,0.0
9.556557,34.517926,43.338833,1968.523496,-1.131899,99.268115,7.958431,2.964725,0.0
9.552528,34.542976,43.2826,1964.567464,-1.166357,99.274208,7.989412,2.976266,0.0
9.5485,34.567973,43.224832,1960.602705,-1.199688,99.280297,8.022111,2.988447,0.0
9.544479,34.592916,43.165599,1956.628045,-1.231814,99.286366,8.056464,3.001245,0.0
9.540461,34.617806,43.104955,1952.642337,-1.262672,99.292427,8.092405,3.014634,0.0
9.536454,34.642647,43.042975,1948.644447,-1.292191,99.298476,8.129865,3.028589,0.0
9.532449,34.667437,42.979733,1944.633261,-1.320298,99.304507,8.16877,3.043082,0.0
9.52845,34.692174,42.915301,1940.607694,-1.346932,99.31053,8.209041,3.058084,0.0
9.52446,34.716857,42.849757,1936.566692,-1.372032,99.316544,8.250595,3.073564,0.0
9.520474,34.741489,42.783184,1932.509226,-1.395543,99.322544,8.293348,3.08949,0.0
9.516494,34.766074,42.715669,1928.434297,-1.417411,99.328531,8.337207,3.105829,0.0
9.512516,34.790601,42.647289,1924.340943,-1.437581,99.334504,8.382079,3.122545,0.0
9.508547,34.815073,42.578128,1920.228241,-1.456012,99.340467,8.427866,3.139602,0.0
9.504586,34.839502,42.508283,1916.095322,-1.472659,99.34642,8.474466,3.156961,0.0
9.500626,34.863871,42.437841,1911.941351,-1.487475,99.352356,8.521772,3.174584,0.0
9.496675,34.888185,42.366894,1907.765528,-1.500433,99.358283,8.569675,3.192429,0.0
9.492733,34.912445,42.295519,1903.567132,-1.511501,99.364201,8.618063,3.210455,0.0
9.48879,34.936651,42.223834,1899.345089,-1.520631,99.37011,8.666825,3.22862,0.0
9.484857,34.9608,42.151915,1895.098171,-1.527739,99.376,8.715836,3.246878,0.0
9.480933,34.984904,42.079869,1890.826739,-1.532895,99.381881,8.764963,3.265179,0.0
9.477018,35.008946,42.007788,1886.530299,-1.53609,99.387745,8.81408,3.283477,0.0
9.473104,35.032926,41.935774,1882.208413,-1.537315,99.393606,8.863061,3.301724,0.0
9.469198,35.056857,41.863915,1877.860728,-1.536569,99.399453,8.911781,3.319873,0.0
9.4653,35.080736,41.792303,1873.486939,-1.533866,99.405288,8.960109,3.337876,0.0
9.461405,35.104555,41.72103,1869.086824,-1.529216,99.411108,9.007918,3.355686,0.0
9.457516,35.128317,41.650185,1864.660223,-1.522628,99.416916,9.055077,3.373255,0.0
9.453636,35.152025,41.579858,1860.20705,-1.514132,99.422715,9.101459,3.390533,0.0
9.449765,35.175673,41.510132,1855.727298,-1.503756,99.428505,9.146936,3.407474,0.0
9.445899,35.199264,41.441093,1851.221032,-1.491534,99.434282,9.19138,3.424031,0.0
9.44204,35.2228,41.372827,1846.688392,-1.477506,99.440048,9.234667,3.440156,0.0
9.438193,35.246279,41.30541,1842.129592,-1.46171,99.445805,9.276675,3.455806,0.0
9.434348,35.269695,41.238916,1837.544921,-1.444207,99.451542,9.317285,3.470934,0.0
9.43051,35.29305,41.173417,1832.934748,-1.42505,99.457276,9.356381,3.485498,0.0
9.426676,35.316351,41.108993,1828.299498,-1.404292,99.462994,9.393852,3.499457,0.0
9.422857,35.339596,41.045705,1823.639695,-1.382014,99.468709,9.429592,3.512771,0.0
9.419039,35.362771,40.983618,1818.955904,-1.358285,99.4744,9.463499,3.525402,0.0
9.41523,35.3859,40.922786,1814.248798,-1.333165,99.480089,9.495477,3.537315,0.0
9.41143,35.408956,40.863289,1809.518717,-1.306737,99.485761,9.525403,3.548463,0.0
9.407639,35.431956,40.805222,1804.766028,-1.279056,99.491423,9.553141,3.558796,0.0
9.403858,35.454893,40.748559,1799.992463,-1.250266,99.497076,9.578696,3.568316,0.0
9.400077,35.477775,40.693359,1795.198948,-1.220453,99.50272,9.602003,3.576999,0.0
9.396312,35.500588,40.639656,1790.386455,-1.189725,99.508347,9.623003,3.584822,0.0
9.39255,35.523343,40.587479,1785.555999,-1.158185,99.513963,9.641647,3.591767,0.0
9.388795,35.546038,40.536845,1780.708655,-1.125928,99.519571,9.657895,3.59782,0.0
9.385049,35.568669,40.487791,1775.845535,-1.093061,99.525169,9.671713,3.602968,0.0
9.381312,35.591238,40.44033,1770.967804,-1.059688,99.530753,9.68308,3.607202,0.0
9.377584,35.613743,40.394467,1766.076641,-1.025928,99.536324,9.691981,3.610518,0.0
9.37386,35.636186,40.350216,1761.173273,-0.991893,99.541886,9.698412,3.612914,0.0
9.370144,35.658565,40.307576,1756.258952,-0.957684,99.547439,9.702378,3.614391,0.0
9.366443,35.680886,40.266542,1751.334944,-0.923421,99.552979,9.703891,3.614955,0.0
9.362748,35.703145,40.227112,1746.402538,-0.889221,99.558505,9.702974,3.614613,0.0
9.359055,35.725336,40.189266,1741.463035,-0.855184,99.564021,9.699658,3.613378,0.0
9.355374,35.747466,40.152986,1736.517743,-0.821426,99.569529,9.693984,3.611264,0.0
9.351707,35.769538,40.118263,1731.567982,-0.788065,99.575025,9.685998,3.608289,0.0
9.348042,35.791539,40.085056,1726.615054,-0.7552,99.580505,9.675757,3.604474,0.0
9.344385,35.813478,40.05333,1721.660275,-0.722938,99.585976,9.663324,3.599843,0.0
9.340738,35.835354,40.023061,1716.704935,-0.691383,99.591438,9.64877,3.594421,0.0
9.337099,35.857175,39.99423,1711.750347,-0.66067,99.596891,9.632137,3.588225,0.0
9.33347,35.878921,39.966818,1706.797926,-0.630901,99.602325,9.613475,3.581273,0.0
9.32985,35.900604,39.940722,1701.848876,-0.602156,99.60775,9.592953,3.573627,0.0
9.326239,35.922224,39.915881,1696.904412,-0.574521,99.613166,9.570665,3.565325,0.0
9.322637,35.943781,39.892252,1691.96571,-0.54808,99.618566,9.546711,3.556401,0.0
9.319037,35.965282,39.86977,1687.033921,-0.522918,99.623961,9.521195,3.546896,0.0
9.31545,35.986716,39.84838,1682.110159,-0.499121,99.629344,9.494224,3.536848,0.0
9.311868,36.008084,39.828008,1677.195496,-0.47676,99.634708,9.465908,3.5263,0.0
9.308299,36.029389,39.808596,1672.290966,-0.455904,99.640066,9.436359,3.515292,0.0
9.304736,36.050631,39.79007,1667.397551,-0.43662,99.645413,9.405691,3.503867,0.0
9.301184,36.071815,39.772361,1662.516202,-0.418968,99.650747,9.374021,3.49207,0.0
9.29764,36.092936,39.755397,1657.647814,-0.402997,99.656068,9.341465,3.479942,0.0
9.294101,36.113993,39.739098,1652.793227,-0.38876,99.661378,9.30814,3.467527,0.0
9.290573,36.134989,39.723399,1647.953244,-0.376303,99.666682,9.274162,3.454869,0.0
9.287059,36.155919,39.708221,1643.128613,-0.365666,99.67197,9.239648,3.442012,0.0
9.283546,36.176793,39.693481,1638.320021,-0.356882,99.677247,9.204713,3.428998,0.0
9.280042,36.197603,39.679102,1633.528116,-0.349974,99.682508,9.169471,3.415869,0.0
9.276548,36.218352,39.665008,1628.753476,-0.344969,99.68776,9.134035,3.402668,0.0
9.273061,36.239046,39.651122,1623.996631,-0.341882,99.693003,9.098515,3.389436,0.0
9.269576,36.259677,39.637358,1619.258072,-0.340729,99.698237,9.06302,3.376213,0.0
9.266108,36.280244,39.62365,1614.538555,-0.341536,99.703452,9.027658,3.36304,0.0
9.26265,36.300746,39.609905,1609.838867,-0.344371,99.708658,8.992546,3.34996,0.0
9.259192,36.321185,39.596044,1605.158595,-0.349131,99.713855,8.957777,3.337008,0.0
9.255751,36.341569,39.581999,1600.497993,-0.35581,99.719035,8.923448,3.324219,0.0
9.252312,36.361899,39.567687,1595.857279,-0.364405,99.724205,8.88965,3.311629,0.0
9.248888,36.382167,39.553037,1591.236583,-0.37488,99.729365,8.856473,3.299269,0.0
9.245468,36.402373,39.537981,1586.636018,-0.387227,99.73451,8.824001,3.287173,0.0
9.242054,36.422522,39.522446,1582.05563,-0.401408,99.739649,8.792317,3.275369,0.0
9.23865,36.442611,39.50636,1577.495418,-0.41739,99.744771,8.761497,3.263888,0.0
9.235254,36.462642,39.489665,1572.955335,-0.435141,99.749882,8.731616,3.252757,0.0
9.231863,36.482615,39.472293,1568.435285,-0.454618,99.754983,8.702743,3.242001,0.0
9.22848,36.502529,39.454178,1563.935123,-0.47577,99.760071,8.674945,3.231645,0.0
9.225108,36.522389,39.435269,1559.454667,-0.498549,99.765149,8.648282,3.221713,0.0
9.221742,36.542191,39.415502,1554.993687,-0.522907,99.770215,8.622813,3.212225,0.0
9.218389,36.561934,39.394824,1550.551903,-0.548787,99.775266,8.598592,3.203202,0.0
9.215037,36.581622,39.373183,1546.129008,-0.576131,99.780308,8.575669,3.194662,0.0
9.211695,36.601255,39.350537,1541.724654,-0.604868,99.78534,8.55409,3.186623,0.0
9.208362,36.620826,39.326824,1537.338433,-0.634942,99.790354,8.533897,3.179101,0.0
9.205038,36.640343,39.30201,1532.969931,-0.666279,99.79536,8.515129,3.17211,0.0
9.201723,36.659806,39.27606,1528.618678,-0.69881,99.800356,8.497821,3.165662,0.0
9.198407,36.679214,39.24891,1524.284462,-0.732487,99.805334,8.482032,3.15978,0.0
9.195111,36.698566,39.2205,1519.967021,-0.767246,99.810302,8.467819,3.154485,0.0
9.191814,36.717855,39.190839,1515.665169,-0.802962,99.815262,8.45515,3.149766,0.0
9.188526,36.737098,39.159902,1511.378287,-0.839556,99.820204,8.444045,3.145629,0.0
9.185247,36.75628,39.127672,1507.105761,-0.876952,99.825136,8.434519,3.14208,0.0
9.181977,36.775407,39.094116,1502.84693,-0.91506,99.830059,8.426585,3.139125,0.0
9.178716,36.794486,39.059228,1498.601114,-0.953806,99.834973,8.420252,3.136766,0.0
9.175457,36.813508,39.02299,1494.367609,-0.99311,99.839872,8.415526,3.135005,0.0
9.172211,36.832472,38.985392,1490.145688,-1.032874,99.844758,8.412409,3.133844,0.0
9.168971,36.851383,38.946425,1485.934605,-1.073014,99.849631,8.410899,3.133281,0.0
9.165737,36.870244,38.906086,1481.733588,-1.113442,99.854495,8.410994,3.133316,0.0
9.162511,36.889052,38.864375,1477.541852,-1.154079,99.85935,8.412684,3.133946,0.0
9.159295,36.9078,38.82129,1473.358603,-1.194837,99.864187,8.41596,3.135167,0.0
9.156084,36.926495,38.776838,1469.183024,-1.235619,99.869013,8.420807,3.136972,0.0
9.152878,36.945138,38.731026,1465.01428,-1.276346,99.873833,8.427209,3.139357,0.0
9.149686,36.963732,38.683876,1460.851539,-1.31693,99.878638,8.435145,3.142313,0.0
9.146496,36.982266,38.635395,1456.693952,-1.357279,99.883431,8.444591,3.145832,0.0
9.143315,37.000754,38.585596,1452.540665,-1.397311,99.888208,8.455522,3.149904,0.0
9.140143,37.019187,38.534504,1448.390805,-1.436948,99.892976,8.467906,3.154518,0.0
9.13698,37.037558,38.482152,1444.24353,-1.476103,99.897735,8.481713,3.159661,0.0
9.133816,37.055883,38.428526,1440.097969,-1.514672,99.902485,8.496931,3.16533,0.0
9.130672,37.074152,38.373659,1435.953211,-1.552579,99.907226,8.513542,3.171518,0.0
9.127527,37.092367,38.317604,1431.808325,-1.589741,99.911949,8.531453,3.178191,0.0
9.124391,37.110528,38.260411,1427.662447,-1.626089,99.916662,8.550619,3.185331,0.0
9.121264,37.128643,38.202123,1423.514739,-1.661555,99.921358,8.570991,3.19292,0.0
9.118146,37.146699,38.142768,1419.364346,-1.696065,99.926051,8.592519,3.200939,0.0
9.115037,37.164698,38.082385,1415.210439,-1.729541,99.93073,8.615148,3.209369,0.0
9.11193,37.182649,38.02103,1411.052192,-1.761926,99.935398,8.638822,3.218188,0.0
9.108836,37.20055,37.958744,1406.888804,-1.793146,99.94005,8.663481,3.227375,0.0
9.105748,37.218391,37.895577,1402.719485,-1.823148,99.944696,8.689063,3.236905,0.0
9.102666,37.236179,37.83158,1398.543468,-1.851868,99.949331,8.715503,3.246754,0.0
9.099592,37.253917,37.766798,1394.360001,-1.879248,99.953953,8.742735,3.256899,0.0
9.096527,37.271602,37.701288,1390.168351,-1.905247,99.958566,8.770689,3.267312,0.0
9.093472,37.289233,37.635104,1385.967826,-1.929809,99.963167,8.799293,3.277968,0.0
9.090425,37.306809,37.568304,1381.757757,-1.952887,99.967753,8.828474,3.288839,0.0
9.087385,37.324329,37.500949,1377.53749,-1.97445,99.972332,8.858155,3.299896,0.0
9.084347,37.34179,37.433085,1373.306411,-1.994458,99.976905,8.888259,3.311111,0.0
9.081319,37.359205,37.364771,1369.063956,-2.012878,99.981455,8.918708,3.322453,0.0
9.078308,37.376565,37.296067,1364.809557,-2.029685,99.986005,8.94942,3.333894,0.0
9.075297,37.393872,37.227042,1360.542729,-2.044853,99.990545,8.980314,3.345403,0.0
9.072295,37.411124,37.157741,1356.262728,-2.058333,99.995067,9.011307,3.356949,0.0
9.069302,37.428319,37.088235,1351.968869,-2.070088,99.99958,9.042308,3.368498,0.0
9.066319,37.445452,37.018575,1347.661239,-2.080169,100.004083,9.073232,3.380017,0.0
9.063344,37.462538,36.948837,1343.339515,-2.088568,100.008578,9.103992,3.391476,0.0
9.060371,37.479564,36.879075,1339.003389,-2.095292,100.013063,9.134505,3.402843,0.0
9.057412,37.496542,36.809338,1334.652621,-2.100342,100.017533,9.164686,3.414087,0.0
9.054458,37.51346,36.739691,1330.287002,-2.103738,100.021997,9.194453,3.425176,0.0
9.051516,37.530323,36.670191,1325.906385,-2.105501,100.02645,9.223723,3.43608,0.0
9.04858,37.547125,36.600887,1321.510665,-2.105651,100.03089,9.252416,3.446768,0.0
9.045656,37.563875,36.531832,1317.099782,-2.104216,100.035321,9.28045,3.457212,0.0
9.042739,37.58057,36.46308,1312.673726,-2.101221,100.039743,9.307749,3.467381,0.0
9.039827,37.597207,36.394683,1308.232541,-2.096712,100.044152,9.334237,3.477249,0.0
9.036924,37.613789,36.326687,1303.776309,-2.090735,100.04855,9.359842,3.486787,0.0
9.03403,37.630315,36.259136,1299.30517,-2.083326,100.052942,9.384491,3.49597,0.0
9.031148,37.64678,36.192073,1294.819318,-2.074549,100.057321,9.40812,3.504772,0.0
9.028279,37.663191,36.12555,1290.318971,-2.064458,100.061696,9.430662,3.51317,0.0
9.025412,37.679546,36.059601,1285.804412,-2.053118,100.066054,9.452059,3.521141,0.0
9.022554,37.69584,35.99426,1281.275978,-2.040584,100.070404,9.472254,3.528664,0.0
9.019704,37.71208,35.929562,1276.73403,-2.026933,100.074745,9.491193,3.535719,0.0
9.016864,37.728265,35.86554,1272.178987,-2.01224,100.079076,9.508831,3.54229,0.0
9.014033,37.744386,35.802243,1267.611058,-1.996556,100.083389,9.525095,3.548348,0.0
9.011212,37.760451,35.739701,1263.030601,-1.979967,100.087702,9.539922,3.553872,0.0
9.008399,37.776454,35.677924,1258.438605,-1.962586,100.092006,9.553328,3.558866,0.0
9.005596,37.792401,35.616919,1253.835638,-1.944495,100.096292,9.565285,3.56332,0.0
9.002801,37.808287,35.556704,1249.222324,-1.925789,100.100577,9.57577,3.567226,0.0
9.000015,37.824117,35.497304,1244.599307,-1.90656,100.104847,9.584767,3.570578,0.0
8.997239,37.839887,35.438722,1239.96726,-1.886895,100.109105,9.592264,3.573371,0.0
8.994471,37.855599,35.380965,1235.326883,-1.866899,100.113355,9.598253,3.575602,0.0
8.991712,37.871252,35.324042,1230.678902,-1.846663,100.117595,9.602735,3.577272,0.0
8.988963,37.886847,35.267951,1226.02407,-1.826285,100.121827,9.605714,3.578381,0.0
8.986222,37.902384,35.212688,1221.363156,-1.80586,100.126049,9.607198,3.578934,0.0
8.983491,37.917861,35.158252,1216.696943,-1.785488,100.130263,9.607202,3.578936,0.0
8.980768,37.933281,35.104637,1212.026227,-1.765269,100.134464,9.605747,3.578393,0.0
8.978054,37.948638,35.051829,1207.351826,-1.745302,100.138653,9.602857,3.577317,0.0
8.97535,37.963935,34.999819,1202.674556,-1.725679,100.14284,9.598561,3.575716,0.0
8.972657,37.979175,34.948591,1197.995246,-1.706493,100.147015,9.592893,3.573605,0.0
8.969978,37.994355,34.898118,1193.314729,-1.687853,100.151174,9.585893,3.570997,0.0
8.9673,38.009478,34.848386,1188.633834,-1.669833,100.155324,9.577602,3.567909,0.0
8.964632,38.024539,34.799365,1183.95339,-1.65254,100.159466,9.568068,3.564357,0.0
8.961982,38.039538,34.751043,1179.274235,-1.636052,100.163607,9.55734,3.560361,0.0
8.959331,38.054481,34.703383,1174.59723,-1.620481,100.16773,9.54545,3.555931,0.0
8.95669,38.069368,34.656375,1169.923317,-1.605927,100.171834,9.532444,3.551086,0.0
8.954067,38.084183,34.609961,1165.253203,-1.592432,100.175938,9.518423,3.545863,0.0
8.951453,38.098952,34.5641,1160.587686,-1.580091,100.180034,9.503449,3.540285,0.0
8.948841,38.113652,34.518765,1155.927519,-1.568958,100.184113,9.487586,3.534375,0.0
8.946243,38.128295,34.473907,1151.273464,-1.559106,100.188188,9.470902,3.52816,0.0
8.94365,38.142884,34.42949,1146.626245,-1.550611,100.19225,9.453466,3.521665,0.0
8.941069,38.157406,34.385474,1141.986576,-1.543518,100.196306,9.435346,3.514915,0.0
8.9385,38.171873,34.34181,1137.355142,-1.53789,100.200351,9.416614,3.507937,0.0
8.935941,38.186285,34.298463,1132.732604,-1.533783,100.204383,9.397342,3.500757,0.0
8.93339,38.200634,34.255388,1128.119601,-1.531239,100.208401,9.3776,3.493403,0.0
8.930844,38.214924,34.212534,1123.516742,-1.5303,100.21241,9.357462,3.485901,0.0
8.928306,38.229157,34.16986,1118.924604,-1.531005,100.216415,9.337,3.478278,0.0
8.925782,38.24333,34.127318,1114.343741,-1.533389,100.220408,9.316285,3.470561,0.0
8.923267,38.257448,34.084862,1109.774675,-1.537479,100.224386,9.295389,3.462777,0.0
8.920762,38.271511,34.042445,1105.217898,-1.543297,100.228357,9.274382,3.454951,0.0
8.918265,38.28551,34.000018,1100.673858,-1.550869,100.232324,9.253334,3.44711,0.0
8.915779,38.299448,33.957531,1096.142984,-1.56019,100.236273,9.232313,3.439279,0.0
8.913309,38.313332,33.91495,1091.625679,-1.571284,100.240206,9.211385,3.431483,0.0
8.910839,38.327162,33.872223,1087.12229,-1.584151,100.244138,9.190617,3.423747,0.0
8.908379,38.340936,33.829293,1082.633456,-1.598828,100.248052,9.170078,3.416095,0.0
8.905928,38.354646,33.786112,1078.159686,-1.615321,100.251966,9.149838,3.408555,0.0
8.903486,38.368301,33.742645,1073.700742,-1.633578,100.255862,9.129949,3.401146,0.0
8.901053,38.381894,33.698856,1069.256829,-1.653565,100.259749,9.110469,3.393889,0.0
8.898636,38.39544,33.654688,1064.828143,-1.675264,100.263627,9.091451,3.386805,0.0
8.896223,38.408926,33.610111,1060.414835,-1.698659,100.267488,9.072948,3.379912,0.0
8.893817,38.422355,33.56508,1056.017009,-1.723711,100.271345,9.055012,3.37323,0.0
8.89142,38.435725,33.519561,1051.634759,-1.750392,100.275189,9.037688,3.366777,0.0
8.889038,38.449043,33.473513,1047.268137,-1.778663,100.279021,9.021022,3.360568,0.0
8.886663,38.462305,33.426905,1042.917156,-1.808478,100.282844,9.005056,3.35462,0.0
8.884293,38.47551,33.379702,1038.581797,-1.839794,100.286658,8.98983,3.348948,0.0
8.881931,38.48866,33.331869,1034.262022,-1.872565,100.290459,8.97538,3.343565,0.0
8.879583,38.501756,33.283381,1029.957757,-1.906735,100.29425,8.96174,3.338484,0.0
8.877246,38.514799,33.234209,1025.668893,-1.942246,100.298033,8.948942,3.333716,0.0
8.874912,38.527787,33.184323,1021.395298,-1.97904,100.301802,8.937013,3.329273,0.0
8.872587,38.540719,33.133695,1017.136799,-2.017063,100.305559,8.92598,3.325162,0.0
8.870273,38.553592,33.082308,1012.893207,-2.056244,100.309302,8.915865,3.321394,0.0
8.867974,38.566418,33.030142,1008.664315,-2.09652,100.313042,8.906687,3.317975,0.0
8.865676,38.57919,32.977174,1004.449861,-2.137815,100.316765,8.898464,3.314912,0.0
8.863386,38.591909,32.923387,1000.249589,-2.180062,100.32048,8.89121,3.31221,0.0
8.861106,38.604572,32.868754,996.063483,-2.223201,100.324184,8.884957,3.30988,0.0
0.661806,2.725777,56.876273,5031.449157,-0.588601,48.839139,6.910197,2.57423,0.0
0.094784,0.094784,58.611243,5329.117598,-0.436613,45.000241,6.80746,2.535958,0.0
0.14261,0.14261,58.555652,5325.592124,-0.403628,45.000426,6.851815,2.552481,0.0
0.190409,0.190417,58.504503,5322.036331,-0.370076,45.000655,6.892074,2.567479,0.0
0.23818,0.23819,58.457852,5318.452302,-0.336009,45.000929,6.928105,2.580901,0.0
0.285918,0.285928,58.415751,5314.84217,-0.301506,45.001248,6.95979,2.592705,0.0
0.333626,0.333636,58.37825,5311.208171,-0.266627,45.001612,6.987027,2.602851,0.0
0.381301,0.381311,58.345389,5307.552588,-0.231441,45.002021,7.009732,2.611309,0.0
0.42894,0.428955,58.317197,5303.877768,-0.196018,45.002475,7.027836,2.618054,0.0
0.476543,0.476568,58.293695,5300.186112,-0.160426,45.002974,7.041291,2.623066,0.0
0.524114,0.524148,58.274894,5296.48004,-0.124738,45.003514,7.050065,2.626335,0.0
0.571655,0.571698,58.260792,5292.762016,-0.089031,45.004097,7.054147,2.627855,0.0
0.619159,0.619213,58.251383,5289.034522,-0.053373,45.004728,7.053542,2.62763,0.0
0.666619,0.666705,58.24571,5285.301593,-0.031526,45.031717,7.049218,2.626019,15.416058
0.714003,0.714215,58.240865,5281.569853,-0.042561,45.121634,7.044067,2.6241,54.999999
0.761273,0.761768,58.234567,5277.843123,-0.053728,45.211603,7.040361,2.62272,54.999999
0.808441,0.809358,58.226803,5274.12067,-0.065011,45.301655,7.038111,2.621881,54.999999
0.855494,0.856985,58.217569,5270.401747,-0.07641,45.391799,7.037326,2.621589,54.999999
0.902448,0.904665,58.206841,5266.685614,-0.087907,45.482061,7.038016,2.621846,54.999999
0.949291,0.952373,58.194576,5262.971523,-0.099478,45.572451,7.040221,2.622668,54.999999
0.996013,1.000137,58.180768,5259.258668,-0.111133,45.662999,7.043966,2.624063,54.999999
1.042636,1.047928,58.16544,5255.546219,-0.122842,45.753727,7.049207,2.626015,54.999999
1.089144,1.095771,58.14859,5251.833376,-0.134588,45.844635,7.05595,2.628527,54.999999
1.13555,1.143652,58.13022,5248.119365,-0.146363,45.935753,7.064199,2.6316,54.999999
1.181842,1.19157,58.110336,5244.403389,-0.158157,46.027103,7.073958,2.635235,54.999999
1.228024,1.23953,58.088926,5240.684657,-0.169949,46.118707,7.08523,2.639435,54.999999
1.274105,1.287529,58.066,5236.962372,-0.181732,46.210572,7.098017,2.644198,54.999999
1.320075,1.33557,58.041567,5233.235723,-0.193494,46.302726,7.112322,2.649527,54.999999
1.365928,1.383656,58.015626,5229.503906,-0.205219,46.395187,7.128143,2.655421,54.999999
1.411673,1.431781,57.988187,5225.766106,-0.216889,46.487973,7.145482,2.66188,54.999999
1.457311,1.479943,57.959259,5222.021513,-0.228492,46.58111,7.164336,2.668904,54.999999
1.502836,1.528145,57.928849,5218.269311,-0.240019,46.674614,7.184704,2.676491,54.999999
1.548253,1.576392,57.896978,5214.508679,-0.251458,46.768503,7.206583,2.684642,54.999999
1.593559,1.624681,57.863661,5210.7388,-0.262793,46.862796,7.229969,2.693354,54.999999
1.638748,1.673006,57.828911,5206.958849,-0.274006,46.957516,7.254855,2.702625,54.999999
1.683823,1.721369,57.79275,5203.168013,-0.285084,47.052682,7.281238,2.712453,54.999999
1.728796,1.769776,57.755189,5199.36547,-0.296024,47.14831,7.309108,2.722835,54.999999
1.773644,1.818228,57.716254,5195.550394,-0.306801,47.244426,7.338458,2.733769,54.999999
1.818384,1.866717,57.675969,5191.721971,-0.317416,47.341046,7.369277,2.74525,54.999999
1.863005,1.915251,57.634332,5187.879044,-0.327837,47.43821,7.401589,2.757287,54.999999
1.907513,1.963832,57.591355,5184.020582,-0.338044,47.535931,7.435394,2.76988,54.999999
1.951897,2.012448,57.547119,5180.146247,-0.348054,47.63421,7.470631,2.783006,54.999999
1.99617,2.061101,57.501638,5176.255231,-0.357832,47.73308,7.507283,2.796661,54.999999
2.040321,2.109798,57.454955,5172.346742,-0.367376,47.832559,7.545335,2.810836,54.999999
2.084359,2.15854,57.407097,5168.419981,-0.376671,47.932658,7.584767,2.825525,54.999999
2.128277,2.207327,57.358103,5164.474165,-0.385708,48.033398,7.625561,2.840722,54.999999
2.172074,2.256152,57.308003,5160.508523,-0.394465,48.134799,7.667693,2.856417,54.999999
2.215755,2.305013,57.256845,5156.522285,-0.402939,48.236877,7.71114,2.872603,54.999999
2.259318,2.353921,57.204663,5152.514693,-0.411119,48.33965,7.755877,2.889268,54.999999
2.302755,2.402874,57.151493,5148.485004,-0.418988,48.443139,7.801877,2.906405,54.999999
2.34607,2.451862,57.097381,5144.432488,-0.426538,48.547362,7.84911,2.924,54.999999
2.389266,2.500894,57.042371,5140.356421,-0.43376,48.652334,7.897546,2.942044,54.999999
2.432333,2.549974,56.986504,5136.256095,-0.440639,48.758074,7.947149,2.960522,54.999999
2.47528,2.599089,56.929825,5132.13082,-0.447161,48.864593,7.997886,2.979423,54.999999
2.518099,2.648245,56.872387,5127.979921,-0.453327,48.971909,8.049718,2.998732,54.999999
2.560787,2.697452,56.814238,5123.802751,-0.459123,49.080039,8.102605,3.018434,54.999999
2.603355,2.746695,56.755421,5119.59867,-0.464538,49.188999,8.156505,3.038513,54.999999
2.645789,2.795984,56.695988,5115.367066,-0.469557,49.298805,8.211374,3.058953,54.999999
2.688106,2.845317,56.63599,5111.107337,-0.474189,49.409459,8.267163,3.079736,54.999999
2.730275,2.894688,56.575467,5106.818244,-0.478398,49.521014,8.323844,3.100851,54.999999
2.772315,2.944104,56.514479,5102.498917,-0.482179,49.63348,8.381366,3.122279,54.999999
2.814219,2.993566,56.453095,5098.149787,-0.485537,49.746846,8.439647,3.143991,54.999999
2.855997,3.043073,56.391364,5093.770352,-0.488464,49.86112,8.49863,3.165963,54.999999
2.897634,3.092617,56.329337,5089.360166,-0.490959,49.976311,8.558256,3.188175,54.999999
2.93914,3.142211,56.267089,5084.9188,-0.493015,50.092434,8.618461,3.210603,54.999999
2.980508,3.191846,56.20466,5080.445859,-0.494622,50.209493,8.679182,3.233224,54.999999
3.021737,3.241523,56.142111,5075.940981,-0.49578,50.327501,8.740352,3.256011,54.999999
3.062832,3.29124,56.079504,5071.403847,-0.496483,50.446469,8.801901,3.27894,54.999999
3.103786,3.341002,56.016892,5066.834157,-0.496731,50.566394,8.863759,3.301983,54.999999
3.144596,3.39081,55.954336,5062.231661,-0.49652,50.687282,8.925852,3.325115,54.999999
3.185263,3.440658,55.891892,5057.596151,-0.495841,50.809147,8.988104,3.348305,54.999999
3.225789,3.49055,55.829617,5052.927445,-0.494702,50.931993,9.050437,3.371526,54.999999
3.266174,3.540488,55.767575,5048.225411,-0.493106,51.055817,9.112773,3.394748,54.999999
3.306411,3.590468,55.705816,5043.48996,-0.491042,51.180615,9.17503,3.41794,54.999999
3.346508,3.640486,55.644403,5038.721047,-0.488512,51.306396,9.237125,3.441072,54.999999
3.386453,3.690551,55.58339,5033.918669,-0.485524,51.433164,9.298973,3.464112,54.999999
3.426246,3.740667,55.522836,5029.082863,-0.482077,51.560905,9.36049,3.487029,54.999999
3.465894,3.79082,55.4628,5024.213716,-0.47818,51.689627,9.421589,3.50979,54.999999
3.505389,3.841008,55.403332,5019.311368,-0.473825,51.81933,9.482181,3.532362,54.999999
3.544727,3.891253,55.3445,5014.375228,-0.469018,51.950018,9.542163,3.554707,54.999999
3.583908,3.941534,55.286383,5009.405266,-0.463756,52.0817,9.601433,3.576786,54.999999
3.622936,3.99186,55.229003,5004.402836,-0.458062,52.214336,9.65992,3.598574,54.999999
3.66181,4.042231,55.172411,4999.368267,-0.451944,52.347917,9.717536,3.620038,54.999999
3.700532,4.09264,55.116665,4994.301946,-0.445411,52.482444,9.774193,3.641144,54.999999
3.739093,4.143091,55.061803,4989.204301,-0.438471,52.617886,9.829801,3.66186,54.999999
3.777493,4.193588,55.007886,4984.075811,-0.431127,52.754244,9.884275,3.682152,54.999999
3.815736,4.24413,54.954958,4978.917009,-0.423396,52.891508,9.937528,3.701991,54.999999
3.853821,4.29471,54.903063,4973.728472,-0.415293,53.029654,9.989476,3.721343,54.999999
3.891744,4.345333,54.852242,4968.510822,-0.406832,53.168668,10.040036,3.740177,54.999999
3.929505,4.396,54.802539,4963.264725,-0.398019,53.308541,10.089127,3.758465,54.999999
3.967104,4.446708,54.753992,4957.990896,-0.388869,53.449247,10.136671,3.776177,54.999999
4.004537,4.497451,54.706637,4952.690092,-0.379398,53.590764,10.182591,3.793283,54.999999
4.041803,4.548235,54.66052,4947.363119,-0.369619,53.733084,10.226816,3.809758,54.999999
4.078906,4.599063,54.61567,4942.01082,-0.359551,53.876181,10.269274,3.825575,54.999999
4.115845,4.649933,54.572117,4936.634066,-0.349213,54.020024,10.309901,3.840709,54.999999
4.152615,4.700842,54.529892,4931.233788,-0.338613,54.164599,10.348631,3.855137,54.999999
4.189221,4.751794,54.489021,4925.810936,-0.327781,54.309881,10.385408,3.868838,54.999999
4.225648,4.802783,54.449529,4920.366506,-0.316734,54.455845,10.420175,3.881789,54.999999
4.261912,4.853807,54.411442,4914.901512,-0.30548,54.602465,10.452883,3.893974,54.999999
4.298002,4.904878,54.37482,4909.416571,-0.294052,54.74973,10.483433,3.905355,54.999999
4.333915,4.955977,54.339675,4903.912723,-0.282448,54.897608,10.511767,3.91591,54.999999
4.369657,5.007128,54.305995,4898.391693,-0.270716,55.046063,10.537916,3.925651,54.999999
4.405228,5.058309,54.273782,4892.854604,-0.258867,55.19506,10.561848,3.934566,54.999999
4.440621,5.109525,54.243052,4887.302623,-0.246916,55.344566,10.58354,3.942647,54.999999
4.475848,5.160784,54.213806,4881.736902,-0.234895,55.494554,10.602971,3.949886,54.999999
4.510899,5.212075,54.186053,4876.158628,-0.222825,55.644998,10.620129,3.956277,54.999999
4.545777,5.263405,54.159787,4870.568995,-0.210729,55.795874,10.635004,3.961819,54.999999
4.580478,5.314769,54.135017,4864.969203,-0.19862,55.947144,10.647593,3.966508,54.999999
4.615005,5.36617,54.111735,4859.360459,-0.186524,56.098771,10.657899,3.970348,54.999999
4.64936,5.417606,54.089933,4853.74397,-0.174464,56.250735,10.665929,3.973339,54.999999
4.68354,5.469074,54.069607,4848.120948,-0.162458,56.403006,10.671697,3.975488,54.999999
4.71754,5.520578,54.050741,4842.4926,-0.15053,56.555545,10.675222,3.976801,54.999999
4.751363,5.572114,54.033321,4836.860121,-0.138707,56.708326,10.676528,3.977287,54.999999
4.785016,5.623681,54.017335,4831.224701,-0.127007,56.861321,10.675643,3.976958,54.999999
4.818495,5.675283,54.002762,4825.587523,-0.115449,57.014498,10.672603,3.975825,54.999999
4.851794,5.726919,53.989572,4819.949749,-0.104058,57.167832,10.667446,3.973904,54.999999
4.884914,5.778583,53.977755,4814.312524,-0.092856,57.321295,10.660217,3.971211,54.999999
4.917863,5.830274,53.967276,4808.676983,-0.081847,57.474855,10.650963,3.967764,54.999999
4.950631,5.882001,53.958101,4803.044222,-0.071073,57.628477,10.639737,3.963582,54.999999
4.983216,5.933766,53.950244,4797.415455,-0.060547,57.782145,10.626551,3.95867,54.999999
5.015633,5.985548,53.943668,4791.791855,-0.05029,57.935822,10.61146,3.953048,54.999999
5.047862,6.037367,53.938308,4786.174329,-0.040312,58.089491,10.594588,3.946763,54.999999
5.079918,6.089213,53.934113,4780.563857,-0.030638,58.243126,10.576003,3.93984,54.999999
5.111803,6.141078,53.931047,4774.961401,-0.021285,58.396694,10.555778,3.932305,54.999999
5.143511,6.192976,53.929078,4769.367884,-0.012263,58.550182,10.533985,3.924187,54.999999
5.175045,6.244903,53.92815,4763.78419,-0.003588,58.703563,10.510702,3.915513,54.999999
5.206401,6.296857,53.928229,4758.211176,0.004723,58.856814,10.486009,3.906314,54.999999
5.237584,6.348838,53.929266,4752.649646,0.01266,59.009918,10.459987,3.89662,54.999999
5.26859,6.40084,53.931213,4747.100376,0.020208,59.162854,10.432718,3.886462,54.999999
5.299421,6.452866,53.934023,4741.564097,0.027356,59.315605,10.404286,3.87587,54.999999
5.330081,6.504918,53.937644,4736.041493,0.034089,59.468158,10.374779,3.864878,54.999999
5.36057,6.556994,53.942029,4730.533213,0.040397,59.620493,10.344281,3.853517,54.999999
5.390888,6.609091,53.947125,4725.039857,0.046269,59.772594,10.312881,3.84182,54.999999
5.421032,6.661212,53.952874,4719.561982,0.051697,59.924452,10.280666,3.829819,54.999999
5.451001,6.713354,53.959228,4714.100102,0.056673,60.07605,10.247725,3.817547,54.999999
5.480804,6.76552,53.966127,4708.65469,0.06119,60.227383,10.214144,3.805037,54.999999
5.51043,6.817705,53.973515,4703.226165,0.065245,60.378437,10.180012,3.792322,54.999999
5.539892,6.869908,53.981348,4697.814915,0.068824,60.52921,10.145416,3.779434,54.999999
5.569175,6.922129,53.989565,4692.421277,0.071935,60.679678,10.110443,3.766406,54.999999
5.598292,6.974377,53.998115,4687.045991,0.074547,60.82985,10.075174,3.753267,54.999999
5.627233,7.026645,54.006934,4681.689426,0.076668,60.979698,10.039699,3.740052,54.999999
5.656011,7.07893,54.015961,4676.351233,0.078304,61.129248,10.004111,3.726795,54.999999
5.684611,7.131233,54.025137,4671.031557,0.079453,61.278476,9.968492,3.713526,54.999999
5.713046,7.183546,54.034403,4665.730513,0.080116,61.427396,9.932923,3.700275,54.999999
5.74132,7.235883,54.043706,4660.448166,0.080286,61.575996,9.897484,3.687073,54.999999
5.769424,7.288234,54.052995,4655.184542,0.079975,61.724291,9.86225,3.673948,54.999999
5.797358,7.340606,54.062207,4649.939635,0.07918,61.872271,9.8273,3.660928,54.999999
5.825132,7.392993,54.071292,4644.713385,0.077906,62.019945,9.792705,3.64804,54.999999
5.852743,7.445395,54.08019,4639.505701,0.076159,62.167316,9.758538,3.635312,54.999999
5.880182,7.49781,54.088849,4634.316447,0.073935,62.31439,9.72487,3.62277,54.999999
5.90746,7.550238,54.097216,4629.145458,0.071238,62.461173,9.691768,3.610438,54.999999
5.934576,7.602681,54.105237,4623.99253,0.068082,62.607669,9.659297,3.598342,54.999999
5.961528,7.655135,54.11286,4618.857419,0.06447,62.753893,9.627522,3.586505,54.999999
5.988322,7.707605,54.120038,4613.73986,0.060411,62.899843,9.596505,3.574951,54.999999
6.014949,7.760086,54.126723,4608.63953,0.055911,63.045536,9.566304,3.5637,54.999999
6.04142,7.812584,54.132859,4603.556097,0.050971,63.190987,9.536977,3.552775,54.999999
6.067722,7.86509,54.138402,4598.489189,0.045603,63.336198,9.508579,3.542196,54.999999
6.093871,7.917606,54.143302,4593.438397,0.039821,63.481193,9.481163,3.531983,54.999999
6.119857,7.97014,54.147518,4588.403294,0.033634,63.625973,9.454779,3.522154,54.999999
6.145678,8.022683,54.150985,4583.383793,0.027041,63.77055,9.429506,3.512739,54.999999
6.171331,8.075236,54.153646,4578.379426,0.02005,63.914951,9.405399,3.503758,54.999999
6.196832,8.127797,54.155498,4573.389212,0.012689,64.059189,9.382468,3.495216,54.999999
6.222171,8.180368,54.156491,4568.412615,0.004968,64.203274,9.360756,3.487128,54.999999
6.247348,8.232947,54.15658,4563.449061,-0.003106,64.347237,9.340303,3.479509,54.999999
6.27237,8.285536,54.155739,4558.49795,-0.011516,64.49109,9.321146,3.472372,54.999999
6.297233,8.338133,54.153935,4553.558673,-0.020246,64.634849,9.303321,3.465732,54.999999
6.321939,8.390739,54.151127,4548.630598,-0.02929,64.77853,9.286863,3.459601,54.999999
6.346493,8.443349,54.147286,4543.713059,-0.038632,64.922156,9.271802,3.45399,54.999999
6.370884,8.495969,54.142379,4538.805382,-0.048252,65.065748,9.25817,3.448912,54.999999
6.395117,8.548598,54.136378,4533.906871,-0.058137,65.209328,9.245993,3.444376,54.999999
6.419198,8.601231,54.129257,4529.016816,-0.068274,65.352916,9.235299,3.440392,54.999999
6.443121,8.653869,54.120995,4524.134487,-0.078651,65.496533,9.226112,3.43697,54.999999
6.466888,8.706514,54.111568,4519.25913,-0.089252,65.640201,9.218455,3.434117,54.999999
6.490495,8.759171,54.10095,4514.389996,-0.100057,65.783941,9.212348,3.431842,54.999999
6.51395,8.811828,54.089126,4509.526296,-0.111055,65.927776,9.207811,3.430152,54.999999
6.537249,8.864487,54.076069,4504.667245,-0.12223,66.071725,9.204862,3.429053,54.999999
6.560388,8.917154,54.061776,4499.812043,-0.133563,66.215821,9.203515,3.428552,54.999999
6.583374,8.969821,54.046223,4494.95988,-0.145032,66.360082,9.203786,3.428653,54.999999
6.606207,9.022497,54.029408,4490.109923,-0.156634,66.504532,9.205687,3.429361,54.999999
6.628873,9.075173,54.011273,4485.261352,-0.168337,66.649204,9.209272,3.430696,54.999999
6.651382,9.127859,53.991814,4480.413253,-0.180143,66.794125,9.214556,3.432664,54.999999
6.673738,9.180536,53.971067,4475.564737,-0.192013,66.939317,9.221497,3.43525,54.999999
6.695933,9.23322,53.949017,4470.714937,-0.203945,67.084794,9.230103,3.438456,54.999999
6.717966,9.285913,53.92567,4465.862979,-0.215917,67.230583,9.240376,3.442283,54.999999
6.739851,9.338601,53.90102,4461.007994,-0.227904,67.376716,9.252319,3.446732,54.999999
6.761579,9.391294,53.875065,4456.149109,-0.239899,67.52322,9.265932,3.451804,54.999999
6.783145,9.443983,53.847817,4451.285436,-0.251879,67.670121,9.281216,3.457497,54.999999
6.804554,9.496674,53.819283,4446.416094,-0.263825,67.817439,9.298166,3.463812,54.999999
6.825811,9.549369,53.789461,4441.540191,-0.275725,67.965195,9.31678,3.470746,54.999999
6.846909,9.602059,53.758367,4436.656837,-0.287562,68.113425,9.337049,3.478297,54.999999
6.867846,9.654749,53.726013,4431.765139,-0.299318,68.262154,9.358968,3.486462,54.999999
6.888625,9.707441,53.692406,4426.864211,-0.310973,68.411399,9.382526,3.495238,54.999999
6.909247,9.760126,53.657561,4421.953172,-0.322508,68.561191,9.407711,3.50462,54.999999
6.929707,9.812812,53.621494,4417.031129,-0.333911,68.711561,9.43451,3.514603,54.999999
6.950006,9.865498,53.584233,4412.097198,-0.345163,68.862526,9.462909,3.525183,54.999999
6.970144,9.918182,53.545788,4407.150505,-0.356244,69.014116,9.49289,3.536351,54.999999
6.990128,9.970858,53.506187,4402.190177,-0.367149,69.166359,9.524433,3.548102,54.999999
7.009949,10.023534,53.465453,4397.215354,-0.377847,69.319278,9.557519,3.560427,54.999999
7.029599,10.07621,53.423614,4392.22517,-0.388328,69.47289,9.592123,3.573318,54.999999
7.049093,10.128876,53.380656,4387.218323,-0.398569,69.627243,9.62826,3.58678,54.999999
7.06842,10.181534,53.336624,4382.193869,-0.40855,69.782372,9.665902,3.600803,54.999999
7.087576,10.234191,53.291566,4377.151448,-0.418262,69.938275,9.704978,3.615359,54.999999
7.106577,10.28684,53.245523,4372.090236,-0.427704,70.094985,9.745453,3.630438,54.999999
7.125403,10.339488,53.19853,4367.009455,-0.436845,70.252506,9.787295,3.646025,54.999999
7.14407,10.392121,53.150622,4361.908303,-0.445673,70.410879,9.830466,3.662107,54.999999
7.162571,10.444749,53.101831,4356.786027,-0.454172,70.570117,9.874928,3.67867,54.999999
7.180906,10.497372,53.052199,4351.641873,-0.462339,70.730237,9.920638,3.695699,54.999999
7.199075,10.549985,53.001761,4346.47511,-0.470149,70.891271,9.967554,3.713176,54.999999
7.217072,10.60259,52.950559,4341.28503,-0.477596,71.053238,10.015628,3.731085,54.999999
7.234936,10.655175,52.900929,4336.066443,-0.444234,71.13843,10.061535,3.748187,28.846228
7.252735,10.707717,52.857021,4330.812815,-0.370024,71.146585,10.099331,3.762267,0.0
7.270508,10.760196,52.821165,4325.52435,-0.295273,71.154745,10.125616,3.772058,0.0
7.288253,10.812615,52.793384,4320.207047,-0.220194,71.162912,10.140281,3.777522,0.0
7.305968,10.864978,52.773682,4314.866999,-0.145001,71.171091,10.143297,3.778645,0.0
7.32365,10.917277,52.762044,4309.510339,-0.069918,71.179273,10.134709,3.775446,0.0
7.341305,10.969515,52.758428,4304.143212,0.004842,71.187462,10.114633,3.767967,0.0
7.358933,11.021698,52.762766,4298.771749,0.079065,71.195653,10.083257,3.756278,0.0
7.376533,11.073818,52.774975,4293.402002,0.152532,71.203861,10.040836,3.740475,0.0
7.394097,11.125875,52.79493,4288.039916,0.225039,71.212069,9.987689,3.720677,0.0
7.411634,11.177877,52.822727,4282.691867,0.296345,71.220286,9.923925,3.696923,0.0
7.429142,11.229814,52.858193,4277.363988,0.366243,71.228503,9.850015,3.66939,0.0
7.446624,11.281688,52.900937,4272.061312,0.434582,71.236738,9.766741,3.638368,0.0
7.464071,11.333499,52.950762,4266.789046,0.501189,71.244975,9.674636,3.604057,0.0
7.481489,11.385254,53.007474,4261.552115,0.565888,71.253219,9.574268,3.566667,0.0
7.49888,11.436949,53.07084,4256.355202,0.628528,71.261472,9.466232,3.52642,0.0
7.516245,11.488587,53.140616,4251.202693,0.688966,71.269734,9.351147,3.483548,0.0
7.533582,11.540165,53.216549,4246.098675,0.747069,71.277998,9.229647,3.438286,0.0
7.550887,11.591685,53.298379,4241.046944,0.802716,71.286269,9.102373,3.390873,0.0
7.56816,11.643147,53.385825,4236.050966,0.855798,71.294549,8.969972,3.341551,0.0
7.585407,11.69455,53.4786,4231.113903,0.906218,71.302842,8.833087,3.290557,0.0
7.602627,11.745899,53.576414,4226.238607,0.953895,71.311145,8.692354,3.23813,0.0
7.61982,11.797191,53.678967,4221.427602,0.998753,71.319447,8.548395,3.184502,0.0
7.636986,11.848426,53.785948,4216.683116,1.040728,71.327757,8.401816,3.129898,0.0
7.654127,11.89961,53.897048,4212.007075,1.079779,71.336081,8.253205,3.074536,0.0
7.671246,11.950736,54.011953,4207.401108,1.115861,71.344415,8.103124,3.018627,0.0
7.688331,12.001815,54.130346,4202.866568,1.148942,71.352757,7.952108,2.96237,0.0
7.705389,12.052842,54.251905,4198.404535,1.179007,71.361109,7.800667,2.905954,0.0
7.72242,12.103822,54.376317,4194.015837,1.206049,71.36947,7.649279,2.849558,0.0
7.739434,12.154749,54.503266,4189.701044,1.230077,71.377849,7.498392,2.793348,0.0
7.756419,12.20562,54.632481,4185.462613,1.251005,71.386228,7.348458,2.737494,0.0
7.773368,12.256445,54.76363,4181.300624,1.268853,71.394625,7.199893,2.682149,0.0
7.790307,12.307234,54.896336,4177.212946,1.283731,71.403023,7.053015,2.627434,0.0
7.807212,12.357962,55.030292,4173.199297,1.295672,71.411445,6.908142,2.573465,0.0
7.824096,12.40865,55.165202,4169.259233,1.304718,71.419872,6.765557,2.520348,0.0
7.840963,12.459302,55.300767,4165.392163,1.310911,71.428312,6.625515,2.468179,0.0
7.857798,12.509905,55.436696,4161.597363,1.314301,71.436764,6.488243,2.417041,0.0
7.874616,12.560466,55.572707,4157.873974,1.314933,71.445225,6.353941,2.36701,0.0
7.891407,12.610986,55.70852,4154.221031,1.312871,71.453701,6.222782,2.31815,0.0
7.908179,12.66146,55.843869,4150.637472,1.308177,71.46219,6.094917,2.270517,0.0
7.924927,12.711899,55.978486,4147.12214,1.300906,71.470692,5.970472,2.224158,0.0
7.941652,12.762303,56.112111,4143.67381,1.291126,71.479208,5.849555,2.179113,0.0
7.95836,12.812665,56.244502,4140.291189,1.278911,71.487733,5.732252,2.135415,0.0
7.975045,12.862991,56.375414,4136.972918,1.264328,71.496274,5.618632,2.093088,0.0
7.991708,12.913281,56.504607,4133.717606,1.247444,71.504833,5.508747,2.052153,0.0
8.008347,12.963536,56.631858,4130.5238,1.228332,71.513399,5.402637,2.012625,0.0
8.024969,13.013756,56.756946,4127.390032,1.207065,71.521988,5.300326,1.974511,0.0
8.041572,13.063947,56.87967,4124.314784,1.183721,71.530587,5.201826,1.937817,0.0
8.058157,13.114103,56.999813,4121.296548,1.158368,71.539196,5.107141,1.902544,0.0
8.074724,13.164223,57.117178,4118.333776,1.131082,71.547831,5.016262,1.86869,0.0
8.091263,13.214315,57.231498,4115.426404,1.10189,71.556476,4.929284,1.836288,0.0
8.107783,13.26437,57.342583,4112.57265,1.070867,71.56513,4.846175,1.805328,0.0
8.124295,13.314398,57.450335,4109.769493,1.038141,71.573811,4.766805,1.77576,0.0
8.14078,13.364399,57.554599,4107.015361,1.003788,71.582502,4.69114,1.747573,0.0
8.157247,13.414366,57.655208,4104.308691,0.967869,71.591209,4.619143,1.720752,0.0
8.173696,13.46431,57.752013,4101.647924,0.930474,71.599928,4.550773,1.695283,0.0
8.190126,13.514224,57.844883,4099.0315,0.89166,71.608669,4.485989,1.671149,0.0
8.206539,13.564107,57.933684,4096.45786,0.851499,71.617425,4.424747,1.648335,0.0
8.222933,13.613969,58.018281,4093.925466,0.810061,71.626195,4.367,1.626823,0.0
8.23931,13.663803,58.098558,4091.432784,0.76742,71.634983,4.312705,1.606596,0.0
8.255669,13.71361,58.174409,4088.978274,0.723637,71.643789,4.261815,1.587638,0.0
8.272013,13.763395,58.245718,4086.560416,0.67878,71.652614,4.214287,1.569933,0.0
8.288342,13.813153,58.312386,4084.177698,0.632923,71.661452,4.170075,1.553463,0.0
8.30465,13.862888,58.374324,4081.82862,0.586019,71.667853,4.129142,1.538214,-1.619951
8.320946,13.912598,58.431425,4079.511719,0.538031,71.669557,4.091455,1.524175,-5.0
8.337228,13.962278,58.483599,4077.225514,0.489233,71.671334,4.056982,1.511332,-5.0
8.353507,14.011937,58.530768,4074.968504,0.439691,71.673188,4.025684,1.499673,-5.0
8.36977,14.061571,58.572879,4072.739191,0.389465,71.675098,3.997528,1.489184,-5.0
8.386023,14.111186,58.609864,4070.536073,0.338624,71.677077,3.972481,1.479854,-5.0
8.402267,14.160774,58.641673,4068.357671,0.287217,71.679102,3.950515,1.471671,-5.0
8.418503,14.210334,58.668092,4066.203107,0.23531,71.681183,3.931691,1.464659,-5.0
8.434728,14.259867,58.689107,4064.070705,0.182951,71.683309,3.915978,1.458805,-5.0
8.450937,14.309381,58.704822,4061.958346,0.130229,71.685472,3.903274,1.454072,-5.0
8.467143,14.358877,58.715195,4059.864526,0.077197,71.687663,3.893565,1.450455,-5.0
8.483334,14.408348,58.720214,4057.787741,0.023921,71.689888,3.886838,1.447949,-5.0
8.499515,14.457791,58.719857,4055.726471,-0.029546,71.692135,3.883083,1.446551,-5.0
8.515686,14.507215,58.714119,4053.679183,-0.083146,71.6944,3.882296,1.446258,-5.0
8.531848,14.55662,58.702986,4051.644336,-0.136819,71.696677,3.884475,1.447069,-5.0
8.548002,14.606001,58.686471,4049.620371,-0.1905,71.698957,3.88962,1.448986,-5.0
8.564146,14.655356,58.664578,4047.605725,-0.244126,71.701242,3.897737,1.45201,-5.0
8.580277,14.704693,58.637317,4045.598805,-0.297648,71.703527,3.908834,1.456143,-5.0
8.596398,14.754008,58.604706,4043.598001,-0.351006,71.705802,3.922922,1.461392,-5.0
8.612511,14.803299,58.566772,4041.601687,-0.40413,71.708062,3.940016,1.46776,-5.0
8.628613,14.852574,58.523552,4039.608205,-0.456962,71.7103,3.960134,1.475254,-5.0
8.64471,14.901824,58.475075,4037.615882,-0.509445,71.712522,3.983298,1.483883,-5.0
8.660791,14.951055,58.421389,4035.62302,-0.56152,71.714707,4.00953,1.493655,-5.0
8.676863,15.00026,58.36254,4033.627876,-0.613118,71.716857,4.038858,1.504581,-5.0
8.692926,15.049446,58.298579,4031.628701,-0.664183,71.718969,4.071312,1.516671,-5.0
8.708979,15.098606,58.229575,4029.623699,-0.714649,71.721036,4.106922,1.529937,-5.0
8.725024,15.147748,58.155597,4027.611041,-0.764456,71.723048,4.145724,1.544391,-5.0
8.74106,15.196871,58.076578,4025.588534,-0.813503,71.725005,4.187849,1.560084,-5.0
8.757077,15.245967,57.992619,4023.554152,-0.861729,71.726888,4.233327,1.577026,-5.0
8.773094,15.295044,57.903933,4021.506206,-0.909092,71.728708,4.282114,1.5952,-5.0
8.789102,15.344095,57.810613,4019.442733,-0.955526,71.730448,4.334249,1.614622,-5.0
8.805094,15.393127,57.712775,4017.361716,-1.000946,71.7321,4.389774,1.635306,-5.0
8.821082,15.442133,57.610517,4015.261102,-1.045304,71.733669,4.448729,1.657268,-5.0
8.837056,15.49112,57.503953,4013.138822,-1.088517,71.735143,4.511153,1.680523,-5.0
8.853019,15.540082,57.393207,4010.992746,-1.130523,71.736512,4.577087,1.705085,-5.0
8.868979,15.589017,57.278407,4008.820717,-1.171242,71.737774,4.646568,1.730969,-5.0
8.884928,15.63793,57.159692,4006.620535,-1.210607,71.738916,4.719632,1.758187,-5.0
8.900864,15.68682,57.037205,4004.389973,-1.248547,71.739938,4.796311,1.786752,-5.0
8.916791,15.735684,56.911092,4002.126775,-1.284987,71.740834,4.876634,1.816675,-5.0
8.932708,15.784524,56.78151,3999.828639,-1.31985,71.741591,4.960626,1.847964,-5.0
8.948617,15.83334,56.648631,3997.493235,-1.353062,71.742204,5.048305,1.880626,-5.0
8.964517,15.882125,56.512616,3995.118216,-1.384552,71.742671,5.139683,1.914667,-5.0
8.980406,15.930888,56.373654,3992.701215,-1.414235,71.742982,5.234767,1.950089,-5.0
8.99628,15.979619,56.23193,3990.239834,-1.442048,71.74313,5.333554,1.986889,-5.0
9.012153,16.028328,56.087635,3987.731666,-1.467906,71.743105,5.436029,2.025064,-5.0
9.028016,16.077004,55.940963,3985.174298,-1.491742,71.742901,5.54217,2.064604,-5.0
9.043861,16.125661,55.792129,3982.565316,-1.513479,71.742516,5.651942,2.105497,-5.0
9.059707,16.17428,55.641301,3979.900586,-1.532973,71.741927,5.765401,2.147764,-5.0
9.075534,16.222863,55.488729,3977.177775,-1.55015,71.741135,5.882461,2.191372,-5.0
9.091352,16.271419,55.334684,3974.395867,-1.564999,71.740136,6.002948,2.236256,-5.0
9.107161,16.319947,55.17941,3971.552526,-1.57745,71.73893,6.126763,2.28238,-5.0
9.122961,16.368441,55.023154,3968.645451,-1.587437,71.737495,6.253786,2.3297,-5.0
9.138752,16.416906,54.866148,3965.672377,-1.594892,71.735839,6.383879,2.378163,-5.0
9.154534,16.465331,54.708662,3962.631125,-1.599752,71.733948,6.516881,2.42771,-5.0
9.1703,16.513723,54.550958,3959.519578,-1.601966,71.731813,6.65261,2.478272,-5.0
9.18606,16.562077,54.393291,3956.335717,-1.601469,71.729435,6.790858,2.529773,-5.0
9.20181,16.610396,54.235937,3953.077615,-1.598206,71.726815,6.931395,2.582127,-5.0
9.217546,16.658678,54.079175,3949.743471,-1.592138,71.723937,7.073964,2.635238,-5.0
9.233274,16.70692,53.923277,3946.331609,-1.583224,71.720798,7.218282,2.689,-5.0
9.248992,16.755126,53.768526,3942.840497,-1.571426,71.717399,7.36404,2.743299,-5.0
9.264701,16.803293,53.615207,3939.268779,-1.556721,71.713731,7.510902,2.798009,-5.0
9.280399,16.851414,53.463598,3935.615263,-1.539072,71.709792,7.658505,2.852995,-5.0
9.296081,16.899493,53.313996,3931.878945,-1.518478,71.705583,7.806462,2.908112,-5.0
9.311754,16.947533,53.166684,3928.059051,-1.494931,71.701103,7.954357,2.963207,-5.0
9.327418,16.99552,53.021943,3924.155006,-1.468424,71.696345,8.101754,3.018116,-5.0
9.343072,17.043471,52.880068,3920.166494,-1.438968,71.691317,8.24819,3.072668,-5.0
9.358708,17.091368,52.741324,3916.093427,-1.406597,71.686019,8.393185,3.126682,-5.0
9.374345,17.139218,52.606124,3911.933417,-1.371239,71.680442,8.53616,3.179944,-5.0
9.389963,17.187022,52.474732,3907.687501,-1.332966,71.674589,8.676565,3.232249,-5.0
9.405563,17.234772,52.347328,3903.358566,-1.291902,71.668466,8.813918,3.283416,-5.0
9.421162,17.282469,52.224183,3898.94773,-1.248097,71.66209,8.94768,3.333246,-5.0
9.436745,17.330111,52.105538,3894.456381,-1.201642,71.655461,9.077306,3.381535,-5.0
9.45231,17.377707,51.991645,3889.886238,-1.152621,71.64858,9.202253,3.428081,-5.0
9.467871,17.425244,51.882733,3885.2393,-1.101135,71.641461,9.321981,3.472683,-5.0
9.483419,17.472731,51.779029,3880.517897,-1.047284,71.634114,9.435959,3.515143,-5.0
9.498949,17.520161,51.680738,3875.724656,-0.991189,71.626548,9.543671,3.555269,-5.0
9.514472,17.567528,51.588063,3870.862489,-0.932986,71.618771,9.644619,3.592875,-5.0
9.52998,17.614837,51.501183,3865.934604,-0.872816,71.610797,9.738331,3.627784,-5.0
9.545474,17.662092,51.420265,3860.944486,-0.810831,71.602638,9.82436,3.659833,-5.0
9.560961,17.709286,51.345462,3855.895881,-0.747191,71.594302,9.902296,3.688866,-5.0
9.57643,17.756414,51.276909,3850.79279,-0.682059,71.585809,9.971766,3.714745,-5.0
9.591883,17.803485,51.214726,3845.639432,-0.615625,71.577177,10.032437,3.737347,-5.0
9.607325,17.850493,51.159016,3840.440224,-0.548067,71.568411,10.084026,3.756565,-5.0
9.622751,17.897438,51.109854,3835.199772,-0.479571,71.559538,10.126295,3.772311,-5.0
9.638168,17.944321,51.067305,3829.922854,-0.410338,71.550569,10.15906,3.784517,-5.0
9.653575,17.991139,51.031416,3824.614363,-0.340572,71.541521,10.18219,3.793134,-5.0
9.668964,18.037886,51.002205,3819.279285,-0.270461,71.532419,10.195609,3.798133,-5.0
9.684335,18.084578,50.979881,3813.92222,-0.200229,71.523271,10.198994,3.799394,-5.0
9.699696,18.131195,50.964397,3808.548857,-0.13009,71.514095,10.192458,3.796959,-5.0
9.71504,18.177741,50.955538,3803.164848,-0.060258,71.504918,10.176339,3.790954,-5.0
9.730366,18.224231,50.953245,3797.775312,0.009077,71.49575,10.150792,3.781437,-5.0
9.745681,18.270651,50.957451,3792.385317,0.0777,71.486613,10.116023,3.768485,-5.0
9.760987,18.317007,50.968059,3786.999851,0.14543,71.47752,10.072287,3.752192,-5.0
9.776271,18.363293,50.984954,3781.623804,0.212066,71.468492,10.019884,3.732671,-5.0
9.791547,18.409513,51.008016,3776.261942,0.277432,71.459542,9.959157,3.710048,-5.0
9.806805,18.455671,51.037093,3770.918886,0.341344,71.450685,9.890485,3.684466,-5.0
9.822047,18.50176,51.072024,3765.59909,0.403637,71.441942,9.814282,3.656078,-5.0
9.837276,18.547782,51.112638,3760.306812,0.464152,71.433325,9.730989,3.625049,-5.0
9.85249,18.59374,51.158749,3755.046121,0.522733,71.424843,9.641072,3.591553,-5.0
9.867688,18.639636,51.210153,3749.820866,0.579239,71.416508,9.545018,3.55577,-5.0
9.882868,18.685469,51.266634,3744.634661,0.63354,71.408336,9.443326,3.517887,-5.0
9.898041,18.731236,51.327973,3739.490899,0.685517,71.400344,9.336507,3.478094,-5.0
9.913191,18.776936,51.393939,3734.392722,0.735053,71.392532,9.225077,3.436584,-5.0
9.928332,18.822578,51.46429,3729.343026,0.782047,71.384906,9.109555,3.393549,-5.0
9.943461,18.86815,51.538772,3724.344453,0.826425,71.377486,8.990455,3.349181,-5.0
9.958565,18.913668,51.617128,3719.399409,0.86809,71.370274,8.868286,3.30367,-5.0
9.97366,18.959123,51.699106,3714.51003,0.906991,71.363278,8.743548,3.257202,-5.0
9.988746,19.004513,51.784537,3709.680126,0.942966,71.356514,8.616678,3.209939,-5.0
10.003813,19.049847,51.873092,3704.911004,0.975994,71.349971,8.488203,3.162079,-5.0
10.018862,19.095119,51.964427,3700.202672,1.006106,71.343662,8.358621,3.113806,-5.0
10.033893,19.140336,52.058271,3695.55631,1.033278,71.337586,8.228365,3.065282,-5.0
10.048914,19.185499,52.154345,3690.972852,1.0575,71.331737,8.097844,3.01666,-5.0
10.063926,19.230601,52.252375,3686.453049,1.078755,71.326128,7.967446,2.968083,-5.0
10.078915,19.275647,52.352089,3681.997435,1.097047,71.320754,7.837535,2.919688,-5.0
10.093897,19.320645,52.453215,3677.606364,1.112391,71.315615,7.708453,2.871602,-5.0
10.108861,19.365586,52.555482,3673.280022,1.124797,71.31071,7.580517,2.823942,-5.0
10.123808,19.410475,52.658626,3669.018423,1.134291,71.306038,7.45402,2.776819,-5.0
10.138746,19.455314,52.76239,3664.821421,1.140905,71.301601,7.329234,2.730333,-5.0
10.153672,19.500099,52.866505,3660.688732,1.144671,71.297393,7.206405,2.684576,-5.0
10.168579,19.544834,52.970714,3656.619945,1.145627,71.293411,7.085759,2.639632,-5.0
10.183471,19.58952,53.074776,3652.614517,1.143828,71.28965,6.967499,2.595577,-5.0
10.198355,19.634158,53.178445,3648.671788,1.139318,71.286105,6.851807,2.552478,-5.0
10.213227,19.678756,53.281475,3644.791013,1.132153,71.282776,6.738847,2.510398,-5.0
10.228081,19.723301,53.383633,3640.971324,1.122395,71.27966,6.628763,2.469388,-5.0
10.242918,19.767802,53.484697,3637.211796,1.110094,71.276743,6.52168,2.429497,-5.0
10.257747,19.812257,53.584438,3633.511403,1.095332,71.274032,6.41771,2.390766,-5.0
10.272566,19.856667,53.682653,3629.869066,1.078159,71.271519,6.316946,2.353229,-5.0
10.287367,19.901041,53.779057,3626.285444,1.058589,71.269191,6.219578,2.316957,-5.0
10.302158,19.945359,53.873462,3622.758695,1.036709,71.267057,6.125647,2.281965,-5.0
10.316932,19.98964,53.965697,3619.286248,1.012638,71.265103,6.03513,2.248245,-5.0
10.331696,20.033886,54.055598,3615.866794,0.986472,71.263313,5.948069,2.215812,-5.0
10.346443,20.078088,54.142965,3612.498995,0.958271,71.261693,5.864497,2.18468,-5.0
10.361179,20.122252,54.227637,3609.181478,0.928118,71.260236,5.784438,2.154856,-5.0
10.375907,20.16638,54.309448,3605.91284,0.896083,71.258928,5.707909,2.126346,-5.0
10.390619,20.210466,54.388247,3602.691652,0.862248,71.257764,5.63492,2.099156,-5.0
10.405319,20.254512,54.463872,3599.51647,0.826696,71.256738,5.565474,2.073286,-5.0
10.42001,20.298523,54.536184,3596.38582,0.789498,71.255847,5.499571,2.048735,-5.0
10.434687,20.342497,54.605046,3593.29821,0.750732,71.255086,5.437205,2.025502,-5.0
10.44935,20.38644,54.670329,3590.252148,0.710483,71.254448,5.378367,2.003583,-5.0
10.464005,20.430348,54.731918,3587.246124,0.668828,71.253922,5.323044,1.982974,-5.0
10.478647,20.474218,54.789688,3584.278605,0.625842,71.253505,5.271224,1.96367,-5.0
10.493274,20.518058,54.843538,3581.348054,0.581603,71.25319,5.222889,1.945664,-5.0
10.507892,20.561862,54.893365,3578.452932,0.536187,71.252967,5.178022,1.92895,-5.0
10.522499,20.60563,54.939072,3575.591672,0.489672,71.252838,5.136606,1.913521,-5.0
10.537091,20.649364,54.980575,3572.762729,0.442141,71.252782,5.09862,1.89937,-5.0
10.551681,20.69307,55.017805,3569.964515,0.393672,71.252807,5.064048,1.886491,-5.0
10.566253,20.736749,55.050669,3567.195457,0.344331,71.252903,5.03287,1.874877,-5.0
10.580807,20.780391,55.078969,3564.454816,0.294182,71.253055,5.00518,1.864561,-5.0
10.59536,20.823996,55.102676,3561.74058,0.243315,71.253272,4.980925,1.855526,-5.0
10.609897,20.867574,55.121848,3559.050501,0.191815,71.253534,4.960013,1.847735,-5.0
10.624423,20.911124,55.136428,3556.382973,0.13976,71.253841,4.94243,1.841185,-5.0
10.63894,20.95464,55.146393,3553.736365,0.087232,71.254177,4.928165,1.835871,-5.0
10.653442,20.998128,55.151699,3551.109032,0.034303,71.254548,4.917206,1.831789,-5.0
10.667932,21.041588,55.152327,3548.499311,-0.018952,71.254942,4.909544,1.828934,-5.0
10.682419,21.085015,55.148263,3545.905537,-0.072458,71.255353,4.905174,1.827306,-5.0
10.696889,21.128412,55.139489,3543.32602,-0.126137,71.255771,4.904088,1.826902,-5.0
10.711347,21.171782,55.126011,3540.75904,-0.17968,71.261594,4.906278,1.827718,-2.399027
10.725792,21.215124,55.107848,3538.20284,-0.233049,71.271882,4.911729,1.829748,0.0
10.740214,21.25844,55.085015,3535.655665,-0.286372,71.282183,4.920435,1.832991,0.0
10.754621,21.301733,55.05753,3533.115776,-0.339572,71.2925,4.932399,1.837448,0.0
10.769013,21.345001,55.025419,3530.581419,-0.392564,71.302823,4.947624,1.84312,0.0
10.783381,21.388236,54.988696,3528.050815,-0.445276,71.313161,4.966117,1.850009,0.0
10.797731,21.431446,54.947403,3525.522165,-0.497642,71.323511,4.987885,1.858118,0.0
10.812064,21.474634,54.901584,3522.993635,-0.549579,71.333875,5.012934,1.86745,0.0
10.826386,21.517789,54.851289,3520.463393,-0.60101,71.344243,5.041275,1.878008,0.0
10.840682,21.560925,54.796554,3517.929566,-0.651858,71.354636,5.072918,1.889796,0.0
10.85496,21.604025,54.737455,3515.390258,-0.702038,71.365029,5.107874,1.902817,0.0
10.869228,21.647106,54.673912,3512.84324,-0.751465,71.37544,5.146264,1.917119,0.0
10.883469,21.69016,54.606053,3510.28649,-0.800055,71.385861,5.188064,1.93269,0.0
10.897692,21.733187,54.534053,3507.718208,-0.847748,71.396291,5.233209,1.949508,0.0
10.911905,21.776178,54.458011,3505.1364,-0.894451,71.406738,5.28171,1.967576,0.0
10.926094,21.819149,54.378006,3502.539052,-0.940109,71.417188,5.333574,1.986897,0.0
10.940262,21.862095,54.294151,3499.924121,-0.984627,71.427659,5.388809,2.007473,0.0
10.95442,21.905014,54.206552,3497.289552,-1.027924,71.438138,5.447417,2.029306,0.0
10.968556,21.9479,54.115323,3494.633264,-1.06993,71.448622,5.5094,2.052397,0.0
10.982671,21.990761,54.020583,3491.953154,-1.110564,71.459121,5.574756,2.076743,0.0
10.996767,22.033593,53.922456,3489.247109,-1.149748,71.469628,5.643479,2.102344,0.0
11.010846,22.076399,53.821084,3486.513004,-1.1874,71.480144,5.715557,2.129195,0.0
11.024907,22.119175,53.716611,3483.748697,-1.22344,71.490674,5.790973,2.15729,0.0
11.03895,22.161916,53.609181,3480.952037,-1.25779,71.501213,5.869705,2.18662,0.0
11.052971,22.204637,53.498946,3478.120871,-1.290371,71.511761,5.951723,2.217173,0.0
11.066971,22.247327,53.386069,3475.253043,-1.321107,71.522318,6.036989,2.248937,0.0
11.080958,22.289982,53.270722,3472.346403,-1.349926,71.532884,6.125458,2.281894,0.0
11.094921,22.332602,53.15307,3469.398803,-1.376737,71.543459,6.217073,2.316023,0.0
11.108872,22.375195,53.033296,3466.408115,-1.401485,71.554043,6.311768,2.3513,0.0
11.122797,22.417761,52.911592,3463.37224,-1.424084,71.564635,6.409466,2.387695,0.0
11.136704,22.460291,52.788138,3460.28908,-1.444459,71.575237,6.510078,2.425175,0.0
11.150584,22.502783,52.663102,3457.154845,-1.46248,71.585849,6.613592,2.463737,0.0
11.164453,22.545248,52.536706,3453.967972,-1.478083,71.59646,6.719847,2.50332,0.0
11.178297,22.587668,52.409203,3450.727587,-1.491259,71.60708,6.828647,2.543851,0.0
11.192122,22.63006,52.280808,3447.431791,-1.501955,71.617709,6.939843,2.585274,0.0
11.205921,22.672417,52.151732,3444.078775,-1.510106,71.628347,7.05327,2.627529,0.0
11.219707,22.714738,52.022202,3440.666793,-1.515657,71.638994,7.168745,2.670546,0.0
11.233465,22.757024,51.892441,3437.194192,-1.518566,71.649643,7.286068,2.714252,0.0
11.247205,22.799267,51.762682,3433.659414,-1.518788,71.660292,7.405021,2.758565,0.0
11.260924,22.841476,51.633159,3430.061016,-1.516283,71.670953,7.525366,2.803397,0.0
11.274622,22.883648,51.504104,3426.397678,-1.511011,71.681616,7.646851,2.848653,0.0
11.288297,22.925775,51.375753,3422.668208,-1.50295,71.692279,7.769202,2.894232,0.0
11.301945,22.967861,51.248341,3418.871552,-1.492077,71.702952,7.892128,2.940026,0.0
11.315574,23.009907,51.122113,3415.006813,-1.478374,71.713629,8.015322,2.985918,0.0
11.329183,23.051912,50.997307,3411.073262,-1.46184,71.724307,8.138458,3.03179,0.0
11.342763,23.093878,50.874159,3407.070331,-1.442478,71.734987,8.261194,3.077512,0.0
11.356324,23.135797,50.752907,3402.997647,-1.420284,71.745675,8.383174,3.122953,0.0
11.369864,23.177665,50.633783,3398.855038,-1.395281,71.756362,8.504029,3.167975,0.0
11.38337,23.219496,50.517029,3394.64251,-1.367502,71.767049,8.623377,3.212435,0.0
11.396858,23.261281,50.402867,3390.360314,-1.33698,71.777736,8.740825,3.256187,0.0
11.410328,23.303013,50.291518,3386.008883,-1.303751,71.788424,8.855973,3.299083,0.0
11.423761,23.344698,50.183316,3381.586566,-1.267785,71.799111,8.968307,3.34093,0.0
11.437175,23.386327,50.078459,3377.095274,-1.229182,71.809807,9.077421,3.381578,0.0
11.450563,23.427912,49.977086,3372.537648,-1.188083,71.820495,9.182963,3.420895,0.0
11.463932,23.469451,49.879385,3367.915075,-1.144572,71.831182,9.284528,3.458731,0.0
11.477267,23.510931,49.785551,3363.229217,-1.098736,71.84187,9.381717,3.494936,0.0
11.490581,23.552361,49.695764,3358.481938,-1.050687,71.852557,9.474139,3.529366,0.0
11.503863,23.59374,49.610197,3353.675342,-1.000539,71.863244,9.561419,3.56188,0.0
11.517122,23.635065,49.529001,3348.811747,-0.948407,71.873931,9.643195,3.592344,0.0
11.530357,23.67633,49.452331,3343.893699,-0.894434,71.884613,9.719127,3.62063,0.0
11.543565,23.717542,49.380319,3338.923948,-0.838756,71.895291,9.788895,3.646621,0.0
11.556746,23.7587,49.313084,3333.905428,-0.781516,71.905968,9.852206,3.670206,0.0
11.569896,23.7998,49.250737,3328.84126,-0.722875,71.916642,9.908796,3.691287,0.0
11.583018,23.840845,49.193371,3323.734745,-0.662999,71.92731,9.95843,3.709777,0.0
11.596118,23.881833,49.141073,3318.589327,-0.602056,71.937975,10.000906,3.725601,0.0
11.609191,23.922761,49.09391,3313.408586,-0.540219,71.948637,10.03606,3.738696,0.0
11.622235,23.963633,49.051923,3308.196228,-0.477659,71.9593,10.063761,3.749016,0.0
11.635246,24.004441,49.015152,3302.956071,-0.414565,71.96995,10.083918,3.756525,0.0
11.648237,24.045188,48.98362,3297.691987,-0.351111,71.980599,10.096478,3.761204,0.0
11.661193,24.08588,48.957333,3292.40794,-0.287493,71.991247,10.101429,3.763048,0.0
11.674121,24.12651,48.936275,3287.107916,-0.223896,72.001887,10.098795,3.762067,0.0
11.687031,24.167074,48.92062,3281.795661,-0.160524,72.012527,10.088383,3.758188,0.0
11.699905,24.207573,48.910227,3276.475692,-0.097564,72.023157,10.070415,3.751495,0.0
11.712742,24.248019,48.90493,3271.152227,-0.035192,72.033779,10.045193,3.742099,0.0
11.72556,24.288402,48.904677,3265.829212,0.026406,72.0444,10.012896,3.730067,0.0
11.738352,24.328722,48.909365,3260.510536,0.087051,72.055013,9.973738,3.71548,0.0
11.75111,24.368979,48.918896,3255.199998,0.146579,72.065624,9.927962,3.698427,0.0
11.763846,24.40918,48.933164,3249.901312,0.204821,72.076235,9.87584,3.67901,0.0
11.77655,24.449314,48.952046,3244.618065,0.261626,72.086834,9.817668,3.65734,0.0
11.789225,24.489388,48.975398,3239.353732,0.316837,72.097432,9.753763,3.633533,0.0
11.801878,24.529403,49.003071,3234.111653,0.370316,72.108028,9.684464,3.607717,0.0
11.814503,24.569359,49.034916,3228.895005,0.421924,72.118616,9.610123,3.580024,0.0
11.827097,24.609253,49.070761,3223.706821,0.471529,72.129199,9.531107,3.550588,0.0
11.839664,24.649083,49.110423,3218.549964,0.51902,72.139778,9.447791,3.519551,0.0
11.852203,24.688858,49.153729,3213.427115,0.564286,72.150351,9.36056,3.487055,0.0
11.864713,24.728574,49.20048,3208.340786,0.607217,72.160922,9.269801,3.453245,0.0
11.877192,24.768225,49.250475,3203.29332,0.647738,72.171485,9.1759,3.418264,0.0
11.88965,24.807827,49.303516,3198.286858,0.685753,72.182049,9.079246,3.382258,0.0
11.902082,24.847366,49.359396,3193.32335,0.721204,72.192613,8.980222,3.345369,0.0
11.914487,24.886843,49.417888,3188.40459,0.754021,72.203176,8.879204,3.307737,0.0
11.926874,24.926266,49.478787,3183.532171,0.784147,72.21373,8.776564,3.269501,0.0
11.939224,24.965633,49.541941,3178.709249,0.81145,72.224275,8.672627,3.230782,0.0
11.951546,25.004945,49.607069,3173.936402,0.835925,72.234828,8.56779,3.191727,0.0
11.96385,25.044194,49.673907,3169.213706,0.857602,72.245374,8.46241,3.152471,0.0
11.976119,25.083397,49.74224,3164.542026,0.876472,72.255919,8.356807,3.11313,0.0
11.988368,25.122539,49.811835,3159.922075,0.892519,72.266464,8.251285,3.073821,0.0
12.000592,25.161633,49.882474,3155.354399,0.905754,72.277008,8.146132,3.034649,0.0
12.012795,25.200675,49.953931,3150.839396,0.916168,72.287553,8.041624,2.995716,0.0
12.024968,25.239663,50.025991,3146.37734,0.923781,72.298092,7.938016,2.95712,0.0
12.037116,25.278597,50.098433,3141.968348,0.928622,72.308632,7.83555,2.918949,0.0
12.049247,25.317482,50.171043,3137.612424,0.930704,72.319172,7.734451,2.881286,0.0
12.06135,25.356322,50.243608,3133.309445,0.930066,72.329712,7.634928,2.844211,0.0
12.073425,25.395109,50.31592,3129.059164,0.926745,72.340257,7.537174,2.807796,0.0
12.085482,25.433843,50.387775,3124.861241,0.920776,72.350798,7.441367,2.772105,0.0
12.097518,25.472536,50.458972,3120.715237,0.912214,72.361336,7.347672,2.737201,0.0
12.109528,25.511177,50.529317,3116.620615,0.901109,72.371881,7.256236,2.703139,0.0
12.121512,25.549773,50.598623,3112.576735,0.887521,72.382426,7.167195,2.669969,0.0
12.133478,25.588324,50.666698,3108.582895,0.871499,72.392972,7.080672,2.637737,0.0
12.145425,25.62683,50.733371,3104.638316,0.853112,72.403525,6.996777,2.606484,0.0
12.157346,25.665291,50.798455,3100.742137,0.832434,72.41407,6.915609,2.576246,0.0
12.169239,25.703708,50.861781,3096.893445,0.809516,72.424625,6.837255,2.547057,0.0
12.181123,25.742077,50.923121,3093.092887,0.784361,72.435179,6.7619,2.518986,0.0
12.19298,25.78041,50.982332,3089.338578,0.757086,72.445733,6.689569,2.49204,0.0
12.20481,25.818698,51.039309,3085.628517,0.727811,72.456296,6.620263,2.466222,0.0
12.216621,25.856941,51.093897,3081.96155,0.696602,72.46686,6.554033,2.44155,0.0
12.228413,25.895139,51.145959,3078.336506,0.663553,72.477431,6.490922,2.418039,0.0
12.240188,25.9333,51.195374,3074.752154,0.628734,72.488004,6.430967,2.395704,0.0
12.251938,25.971424,51.242009,3071.207227,0.592227,72.498578,6.374198,2.374557,0.0
12.263668,26.009506,51.285748,3067.700437,0.554116,72.509151,6.320642,2.354605,0.0
12.275379,26.047549,51.326484,3064.230453,0.514482,72.519735,6.270319,2.335859,0.0
12.287067,26.085551,51.364112,3060.795914,0.473411,72.530322,6.223246,2.318323,0.0
12.298738,26.123517,51.398524,3057.395436,0.430987,72.54091,6.179437,2.302003,0.0
12.310391,26.161447,51.429632,3054.02761,0.387299,72.551506,6.138902,2.286903,0.0
12.322021,26.199337,51.457359,3050.690996,0.342431,72.562108,6.101648,2.273024,0.0
12.333633,26.237187,51.481626,3047.384131,0.296461,72.572713,6.06768,2.26037,0.0
12.345227,26.274997,51.502353,3044.105532,0.249489,72.583324,6.037001,2.248942,0.0
12.3568,26.312779,51.519475,3040.853695,0.201592,72.593938,6.009614,2.238739,0.0
12.36835,26.350524,51.532941,3037.627095,0.152852,72.604558,5.985517,2.229763,0.0
12.379889,26.388232,51.542694,3034.424183,0.103375,72.61518,5.96471,2.222011,0.0
12.391402,26.425897,51.54869,3031.243391,0.053231,72.62581,5.947192,2.215485,0.0
12.402906,26.463534,51.550888,3028.083132,0.002522,72.636441,5.932959,2.210183,0.0
12.414381,26.501134,51.549121,3024.942427,-0.048701,72.64708,5.922129,2.206149,0.0
12.425839,26.538698,51.54343,3021.81919,-0.100309,72.657729,5.914641,2.203359,0.0
12.437278,26.576225,51.53386,3018.711416,-0.152217,72.668379,5.910427,2.20179,0.0
12.4487,26.613724,51.520412,3015.617439,-0.20434,72.679028,5.909485,2.201438,0.0
12.460103,26.651182,51.503077,3012.535569,-0.256585,72.689692,5.911809,2.202304,0.0
12.471488,26.688608,51.481855,3009.464095,-0.30886,72.700361,5.917397,2.204386,0.0
12.482856,26.726001,51.456758,3006.401306,-0.361084,72.711029,5.926242,2.207681,0.0
12.494205,26.763358,51.427797,3003.345457,-0.413168,72.721703,5.938341,2.212188,0.0
12.505536,26.800679,51.394993,3000.294788,-0.465019,72.732387,5.953688,2.217905,0.0
12.51685,26.837969,51.358381,2997.247525,-0.516548,72.743074,5.972277,2.22483,0.0
12.528145,26.875222,51.317994,2994.201863,-0.56767,72.753766,5.994101,2.23296,0.0
12.539418,26.91244,51.27387,2991.155993,-0.618301,72.764462,6.019154,2.242293,0.0
12.550672,26.949626,51.226056,2988.108087,-0.668347,72.775163,6.047427,2.252826,0.0
12.561913,26.986779,51.174609,2985.056294,-0.717717,72.785872,6.078909,2.264554,0.0
12.573137,27.023901,51.119593,2981.99876,-0.766327,72.796588,6.113591,2.277473,0.0
12.58434,27.060981,51.061064,2978.9336,-0.814082,72.807304,6.151458,2.29158,0.0
12.595519,27.098033,50.999108,2975.858925,-0.860908,72.818021,6.192495,2.306867,0.0
12.606689,27.135049,50.933791,2972.772837,-0.906705,72.828748,6.236683,2.323329,0.0
12.61784,27.172029,50.865205,2969.673423,-0.95139,72.839482,6.284003,2.340956,0.0
12.628964,27.208973,50.793445,2966.558763,-0.994884,72.850207,6.334429,2.359741,0.0
12.640078,27.245879,50.718501,2963.426208,-1.037035,72.860951,6.388046,2.379715,0.0
12.651166,27.282758,50.640533,2960.274004,-1.077774,72.871696,6.444761,2.400843,0.0
12.662243,27.319593,50.559717,2957.100521,-1.117057,72.88244,6.50448,2.42309,0.0
12.673295,27.356391,50.476162,2953.903837,-1.154785,72.893192,6.567157,2.446439,0.0
12.684328,27.393161,50.390004,2950.682024,-1.190886,72.903946,6.632744,2.470872,0.0
12.695343,27.429889,50.301363,2947.433151,-1.22527,72.9147,6.701185,2.496368,0.0
12.70634,27.466579,50.210378,2944.155324,-1.257857,72.92546,6.772416,2.522903,0.0
12.717319,27.503233,50.117182,2940.846642,-1.288571,72.936223,6.846367,2.550452,0.0
12.72828,27.539851,50.021925,2937.505231,-1.317334,72.946986,6.922959,2.578984,0.0
12.739223,27.576432,49.924757,2934.129255,-1.344077,72.95775,7.002104,2.608468,0.0
12.750148,27.612974,49.825834,2930.716895,-1.368721,72.968518,7.083707,2.638867,0.0
12.76105,27.649474,49.725315,2927.266374,-1.391198,72.97929,7.16766,2.670142,0.0
12.77193,27.685939,49.623363,2923.775958,-1.411443,72.990063,7.253847,2.702249,0.0
12.782791,27.722364,49.520146,2920.243951,-1.429386,73.000836,7.342141,2.735141,0.0
12.793634,27.758747,49.415838,2916.668732,-1.444974,73.011608,7.432403,2.768766,0.0
12.80446,27.795091,49.310616,2913.048722,-1.458142,73.022381,7.524484,2.803068,0.0
12.815266,27.831391,49.204663,2909.382419,-1.468849,73.033156,7.618222,2.837988,0.0
12.826045,27.867647,49.09816,2905.668404,-1.477031,73.043937,7.713444,2.873461,0.0
12.836807,27.903866,48.991293,2901.905325,-1.482654,73.054709,7.809965,2.909417,0.0
12.847551,27.940041,48.884241,2898.091935,-1.485685,73.065482,7.907586,2.945784,0.0
12.858277,27.976168,48.777217,2894.225087,-1.485979,73.076255,8.006122,2.982491,0.0
12.868974,28.01225,48.670421,2890.304699,-1.483563,73.087028,8.105316,3.019443,0.0
12.879654,28.048287,48.564042,2886.330765,-1.478465,73.0978,8.204916,3.056547,0.0
12.890315,28.084287,48.458272,2882.302505,-1.470668,73.108565,8.304675,3.09371,0.0
12.900951,28.120235,48.35331,2878.219253,-1.460172,73.119336,8.404337,3.130837,0.0
12.911567,28.15613,48.249341,2874.080491,-1.446969,73.130101,8.503635,3.167828,0.0
12.922158,28.191984,48.146561,2869.885839,-1.431077,73.140858,8.602292,3.20458,0.0
12.932728,28.22779,48.045164,2865.635072,-1.412509,73.151612,8.700025,3.240988,0.0
12.943281,28.263547,47.945329,2861.328112,-1.39128,73.162365,8.796543,3.276944,0.0
12.95381,28.299254,47.847242,2856.965054,-1.367432,73.173119,8.891552,3.312337,0.0
12.964312,28.334907,47.751088,2852.546147,-1.341002,73.183868,8.98475,3.347056,0.0
12.974792,28.37051,47.657043,2848.071812,-1.312035,73.194608,9.075836,3.380988,0.0
12.985253,28.406065,47.565272,2843.542651,-1.280597,73.205343,9.164507,3.41402,0.0
12.995693,28.441566,47.475943,2838.959423,-1.246745,73.216074,9.250461,3.44604,0.0
13.006107,28.477015,47.389227,2834.323069,-1.210556,73.226797,9.333402,3.476938,0.0
13.016495,28.512415,47.305272,2829.634715,-1.172121,73.237513,9.413034,3.506603,0.0
13.026864,28.547754,47.224218,2824.895641,-1.131526,73.248227,9.489072,3.534929,0.0
13.037207,28.583038,47.146215,2820.10731,-1.088868,73.258933,9.561239,3.561813,0.0
13.047531,28.618268,47.071397,2815.271363,-1.044265,73.269638,9.629269,3.587156,0.0
13.057828,28.653436,46.999866,2810.389574,-0.99782,73.280325,9.69291,3.610864,0.0
13.068098,28.688556,46.931895,2805.462316,-0.949608,73.291012,9.751739,3.632779,0.0
13.078339,28.723613,46.867513,2800.49277,-0.899804,73.30169,9.805618,3.652851,0.0
13.088563,28.758606,46.806754,2795.483984,-0.848581,73.31236,9.854431,3.671035,0.0
13.09876,28.793545,46.749704,2790.438341,-0.796067,73.32302,9.898001,3.687266,0.0
13.108938,28.82843,46.696424,2785.358375,-0.742429,73.333671,9.936176,3.701487,0.0
13.119084,28.863246,46.646973,2780.246709,-0.687814,73.344313,9.968827,3.71365,0.0
13.129207,28.898004,46.601406,2775.106075,-0.632387,73.354946,9.995849,3.723717,0.0
13.139311,28.932707,46.55976,2769.939292,-0.576307,73.365576,10.017163,3.731657,0.0
13.149387,28.967346,46.522057,2764.74925,-0.519736,73.376195,10.032717,3.737451,0.0
13.159437,29.001922,46.488316,2759.538895,-0.462845,73.386801,10.042486,3.74109,0.0
13.16946,29.036441,46.458535,2754.311229,-0.4058,73.397398,10.046472,3.742575,0.0
13.179455,29.070896,46.432696,2749.069284,-0.348774,73.407986,10.044702,3.741916,0.0
13.189432,29.105291,46.410786,2743.8161,-0.291936,73.418565,10.037232,3.739133,0.0
13.199384,29.139627,46.392778,2738.554733,-0.235447,73.429135,10.024141,3.734256,0.0
13.209306,29.173893,46.378617,2733.288229,-0.179479,73.439696,10.005534,3.727325,0.0
13.219208,29.208098,46.368255,2728.019609,-0.124189,73.450246,9.981542,3.718387,0.0
13.229083,29.242246,46.361622,2722.751852,-0.069752,73.460782,9.952315,3.707499,0.0
13.23893,29.276324,46.358641,2717.487906,-0.016302,73.471316,9.918026,3.694726,0.0
13.248752,29.310347,46.359235,2712.230654,0.035987,73.48184,9.878868,3.680138,0.0
13.258555,29.344298,46.3633,2706.982892,0.086986,73.492347,9.835052,3.663816,0.0
13.268321,29.378193,46.370852,2701.747946,0.136489,73.502844,9.786643,3.645782,0.0
13.278068,29.412024,46.381717,2696.528373,0.184373,73.513341,9.733998,3.62617,0.0
13.287798,29.445793,46.395692,2691.32648,0.230551,73.523821,9.677446,3.605103,0.0
13.297493,29.479498,46.412651,2686.144693,0.274889,73.534291,9.617253,3.58268,0.0
13.307167,29.51314,46.432471,2680.985311,0.317289,73.54476,9.553692,3.559001,0.0
13.316817,29.546719,46.454993,2675.850507,0.357636,73.555214,9.48704,3.534172,0.0
13.326439,29.580242,46.480079,2670.742337,0.395837,73.565657,9.417581,3.508297,0.0
13.33604,29.613698,46.507571,2665.662729,0.431803,73.576098,9.3456,3.481482,0.0
13.345618,29.647099,46.537304,2660.613491,0.465454,73.586527,9.271382,3.453834,0.0
13.355169,29.68044,46.569122,2655.596287,0.496725,73.596943,9.195213,3.425459,0.0
13.364697,29.713719,46.602859,2650.612645,0.525547,73.607354,9.117374,3.396462,0.0
13.374204,29.746939,46.638344,2645.663969,0.551864,73.617762,9.038144,3.366946,0.0
13.383683,29.780099,46.675408,2640.751529,0.575631,73.628161,8.957796,3.337015,0.0
13.393139,29.813203,46.713873,2635.876454,0.596805,73.63855,8.876598,3.306766,0.0
13.402573,29.846246,46.753566,2631.039752,0.615361,73.648931,8.794808,3.276297,0.0
13.411983,29.879234,46.794316,2626.242301,0.631275,73.659302,8.712679,3.245702,0.0
13.421374,29.912159,46.835936,2621.484846,0.644524,73.669667,8.630454,3.215071,0.0
13.430738,29.945031,46.878269,2616.768029,0.655109,73.68003,8.548365,3.184491,0.0
13.440084,29.977849,46.921129,2612.092352,0.663031,73.690384,8.466637,3.154045,0.0
13.449403,30.010613,46.964337,2607.458204,0.668299,73.700729,8.385483,3.123813,0.0
13.458703,30.04332,47.007741,2602.867532,0.670806,73.711074,8.305144,3.093885,0.0
13.467976,30.075964,47.051127,2598.319533,0.670644,73.72141,8.225807,3.06433,0.0
13.47723,30.108562,47.094349,2593.813586,0.667879,73.731737,8.147639,3.03521,0.0
13.486459,30.141099,47.137228,2589.349645,0.662547,73.742064,8.070808,3.006588,0.0
13.495668,30.173587,47.179609,2584.92756,0.654687,73.752382,7.995473,2.978524,0.0
13.504859,30.206024,47.221333,2580.547118,0.644337,73.762699,7.92178,2.951072,0.0
13.514025,30.238414,47.262244,2576.207994,0.631542,73.773009,7.849867,2.924282,0.0
13.523171,30.270746,47.30219,2571.909792,0.61636,73.783316,7.779862,2.898203,0.0
13.532298,30.303026,47.341028,2567.652037,0.59884,73.793618,7.711882,2.872879,0.0
13.541402,30.335262,47.378618,2563.434188,0.579044,73.803916,7.646036,2.84835,0.0
13.550484,30.367448,47.414816,2559.25563,0.55704,73.814213,7.582423,2.824652,0.0
13.559548,30.399579,47.449488,2555.115673,0.532891,73.824507,7.521136,2.801821,0.0
13.568594,30.431661,47.482513,2551.013575,0.506666,73.834795,7.462257,2.779887,0.0
13.577619,30.463697,47.513765,2546.948532,0.478435,73.84508,7.405862,2.758879,0.0
13.58662,30.495686,47.543127,2542.919686,0.448274,73.855359,7.35202,2.738821,0.0
13.595604,30.527625,47.570484,2538.926131,0.416263,73.865638,7.300793,2.719738,0.0
13.604575,30.559525,47.595731,2534.966904,0.382485,73.875916,7.252237,2.701649,0.0
13.613513,30.591372,47.618762,2531.040995,0.347018,73.886194,7.2064,2.684574,0.0
13.622442,30.623173,47.63949,2527.147348,0.309947,73.896463,7.163328,2.668528,0.0
13.631352,30.654921,47.657814,2523.284866,0.271365,73.906733,7.123059,2.653527,0.0
13.640234,30.686631,47.673555,2519.453567,0.231295,73.917002,7.085743,2.639626,0.0
13.649107,30.718296,47.686682,2515.651462,0.189872,73.927271,7.051342,2.626811,0.0
13.657954,30.749915,47.697166,2511.876858,0.147212,73.937532,7.019837,2.615074,0.0
13.666782,30.78149,47.704947,2508.128506,0.103401,73.947799,6.99125,2.604424,0.0
13.6756,30.813019,47.70995,2504.405126,0.058539,73.958061,6.965597,2.594868,0.0
13.684394,30.844504,47.712135,2500.705406,0.012713,73.968321,6.942896,2.586411,0.0
13.693168,30.875943,47.711455,2497.028002,-0.033979,73.978581,6.923156,2.579058,0.0
13.701924,30.907344,47.707857,2493.371551,-0.081445,73.98884,6.906388,2.572811,0.0
13.710662,30.938703,47.701309,2489.734644,-0.129586,73.999094,6.892598,2.567674,0.0
13.719382,30.970017,47.69178,2486.115863,-0.178305,74.00935,6.88179,2.563648,0.0
13.728084,31.001286,47.679244,2482.513772,-0.227513,74.019605,6.873966,2.560733,0.0
13.736768,31.032514,47.66369,2478.92689,-0.277108,74.029855,6.869125,2.55893,0.0
13.745434,31.063699,47.645104,2475.353721,-0.326987,74.040109,6.867265,2.558237,0.0
13.754082,31.094839,47.623476,2471.792756,-0.37706,74.050366,6.868381,2.558652,0.0
13.762712,31.125945,47.59881,2468.242457,-0.427231,74.060616,6.872466,2.560174,0.0
13.771324,31.157,47.571112,2464.701282,-0.477392,74.070866,6.879511,2.562799,0.0
13.77992,31.18802,47.540393,2461.16765,-0.527457,74.081115,6.889504,2.566522,0.0
13.788504,31.219001,47.506663,2457.639975,-0.577315,74.091357,6.902434,2.571338,0.0
13.797062,31.24993,47.469956,2454.116645,-0.626885,74.101607,6.918283,2.577242,0.0
13.805602,31.280823,47.430298,2450.59606,-0.676048,74.111857,6.937034,2.584228,0.0
13.814124,31.311678,47.387606,2447.076543,-0.724706,74.122098,6.958781,2.592329,0.0
13.822636,31.342487,47.342,2443.556313,-0.772751,74.132338,6.983425,2.60151,0.0
13.831122,31.373252,47.293574,2440.033689,-0.820099,74.142588,7.010898,2.611744,0.0
13.839597,31.403971,47.242373,2436.507012,-0.866663,74.15283,7.041168,2.62302,0.0
13.848048,31.434654,47.188468,2432.974618,-0.912337,74.163071,7.074201,2.635326,0.0
13.856486,31.465293,47.131916,2429.434841,-0.957029,74.173304,7.109962,2.648648,0.0
13.864902,31.495893,47.072793,2425.885995,-1.000644,74.183542,7.14841,2.662971,0.0
13.873303,31.526452,47.011166,2422.326407,-1.043096,74.193777,7.189498,2.678277,0.0
13.881684,31.556965,46.947117,2418.754417,-1.084298,74.204008,7.233179,2.69455,0.0
13.890048,31.587434,46.880734,2415.168358,-1.124157,74.214239,7.279398,2.711767,0.0
13.898398,31.617862,46.812108,2411.566564,-1.162579,74.22447,7.328097,2.729909,0.0
13.906731,31.64825,46.741335,2407.947398,-1.199483,74.234697,7.379211,2.74895,0.0
13.915042,31.678593,46.668515,2404.309235,-1.23479,74.244919,7.43267,2.768865,0.0
13.923332,31.708891,46.593746,2400.650457,-1.26841,74.255141,7.4884,2.789626,0.0
13.93161,31.739147,46.517142,2396.96948,-1.300263,74.26536,7.546318,2.811202,0.0
13.939871,31.769362,46.438818,2393.264731,-1.330279,74.275572,7.606337,2.833561,0.0
13.948113,31.799527,46.358884,2389.53469,-1.358382,74.285785,7.668363,2.856667,0.0
13.956337,31.829655,46.277478,2385.777853,-1.384504,74.295996,7.732293,2.880483,0.0
13.964534,31.859737,46.194706,2381.99276,-1.408562,74.306198,7.798019,2.904967,0.0
13.972723,31.889765,46.110703,2378.177992,-1.430512,74.316401,7.865427,2.930078,0.0
13.980893,31.919756,46.025566,2374.330837,-1.450186,74.326604,7.93445,2.955791,0.0
13.989044,31.949691,45.939461,2370.45072,-1.467587,74.336797,8.004906,2.982038,0.0
13.997169,31.979582,45.852549,2366.536846,-1.482686,74.346982,8.076633,3.008758,0.0
14.005283,32.009428,45.764966,2362.588031,-1.495456,74.357166,8.149484,3.035897,0.0
14.013373,32.039228,45.676856,2358.603146,-1.505835,74.367342,8.223304,3.063397,0.0
14.02145,32.068984,45.588363,2354.581163,-1.513797,74.377516,8.29793,3.091197,0.0
14.029505,32.098688,45.499632,2350.521117,-1.519312,74.387684,8.373195,3.119235,0.0
14.037539,32.128344,45.410801,2346.422122,-1.522345,74.397842,8.44892,3.147445,0.0
14.045561,32.157949,45.322023,2342.283389,-1.522879,74.407998,8.524924,3.175759,0.0
14.053563,32.187506,45.233449,2338.104227,-1.520907,74.418148,8.601018,3.204105,0.0
14.061539,32.217013,45.14522,2333.884041,-1.516414,74.428289,8.677005,3.232413,0.0
14.069496,32.24647,45.057478,2329.622333,-1.509397,74.438421,8.752687,3.260606,0.0
14.07744,32.275878,44.970374,2325.318711,-1.49987,74.448548,8.827859,3.28861,0.0
14.085362,32.305233,44.884052,2320.9729,-1.487848,74.458671,8.902313,3.316346,0.0
14.093261,32.334533,44.798655,2316.58474,-1.47334,74.468783,8.975837,3.343735,0.0
14.101142,32.36378,44.714319,2312.154185,-1.456388,74.478882,9.048218,3.370699,0.0
14.109004,32.392974,44.631187,2307.681305,-1.437014,74.488978,9.119242,3.397158,0.0
14.116848,32.422121,44.549385,2303.166303,-1.415263,74.499066,9.188694,3.42303,0.0
14.124665,32.451206,44.469043,2298.609496,-1.391195,74.509144,9.256361,3.448238,0.0
14.132464,32.480246,44.390295,2294.011335,-1.364869,74.519214,9.322032,3.472702,0.0
14.140244,32.50922,44.313347,2289.370713,-1.336246,74.529265,9.385397,3.496307,0.0
14.148006,32.53814,44.238252,2284.689517,-1.305488,74.539315,9.446298,3.518995,0.0
14.155741,32.567005,44.165121,2279.969172,-1.272693,74.549349,9.504572,3.540703,0.0
14.163458,32.595809,44.094051,2275.210633,-1.237945,74.559381,9.560028,3.561362,0.0
14.171156,32.624557,44.025142,2270.41499,-1.201352,74.569397,9.612484,3.580903,0.0
14.17883,32.653251,43.958482,2265.583435,-1.163018,74.579403,9.661771,3.599264,0.0
14.18649,32.681884,43.89417,2260.717278,-1.123045,74.589399,9.707728,3.616384,0.0
14.194122,32.71046,43.832276,2255.817944,-1.081553,74.599381,9.750205,3.632208,0.0
14.201735,32.738977,43.772872,2250.886953,-1.038663,74.60935,9.789067,3.646685,0.0
14.209329,32.767436,43.716024,2245.925927,-0.9945,74.61931,9.824192,3.65977,0.0
14.216896,32.795832,43.661795,2240.936583,-0.949192,74.629257,9.855473,3.671423,0.0
14.224444,32.824164,43.61023,2235.920709,-0.902878,74.639193,9.882819,3.68161,0.0
14.231972,32.852442,43.561366,2230.880177,-0.855701,74.649119,9.906153,3.690303,0.0
14.239474,32.88066,43.515248,2225.816939,-0.807796,74.659027,9.925416,3.697479,0.0
14.246962,32.908811,43.471884,2220.732982,-0.759316,74.66893,9.940567,3.703123,0.0
14.254424,32.936906,43.431302,2215.630375,-0.710405,74.678815,9.951581,3.707226,0.0
14.261867,32.964938,43.393501,2210.511211,-0.661217,74.688684,9.95845,3.709785,0.0
14.269284,32.992907,43.35849,2205.377619,-0.611895,74.698544,9.961184,3.710803,0.0
14.276683,33.020813,43.326258,2200.231776,-0.562593,74.708394,9.95981,3.710291,0.0
14.284054,33.048656,43.296779,2195.075849,-0.513455,74.718226,9.954373,3.708266,0.0
14.291407,33.076433,43.270151,2189.9118,-0.464664,74.728049,9.944768,3.704688,0.0
14.298742,33.104146,43.246251,2184.742197,-0.416357,74.737853,9.931192,3.699631,0.0
14.306049,33.131797,43.225006,2179.569319,-0.368691,74.747648,9.913796,3.69315,0.0
14.31333,33.159392,43.206368,2174.39532,-0.321786,74.757426,9.892687,3.685286,0.0
14.3206,33.186919,43.19027,2169.222325,-0.275792,74.767194,9.867989,3.676085,0.0
14.327846,33.21438,43.176658,2164.05244,-0.230848,74.776945,9.839835,3.665597,0.0
14.335065,33.241779,43.165455,2158.887709,-0.187083,74.786685,9.808372,3.653877,0.0
14.342263,33.269114,43.156581,2153.730127,-0.144625,74.796417,9.773758,3.640982,0.0
14.349443,33.296387,43.149955,2148.581648,-0.10359,74.806133,9.736157,3.626975,0.0
14.3566,33.323601,43.145487,2143.444157,-0.064094,74.815832,9.695745,3.61192,0.0
14.363734,33.350753,43.143087,2138.31947,-0.026251,74.825521,9.652701,3.595885,0.0
14.370847,33.377836,43.142655,2133.209336,0.009838,74.835199,9.607215,3.57894,0.0
14.377939,33.404857,43.144078,2128.115426,0.044077,74.84486,9.559476,3.561156,0.0
14.385014,33.431817,43.147251,2123.039329,0.076374,74.854515,9.509681,3.542607,0.0
14.39206,33.458718,43.152065,2117.982554,0.106644,74.864152,9.458028,3.523364,0.0
14.399093,33.485552,43.158405,2112.946534,0.134815,74.873773,9.404715,3.503504,0.0
14.4061,33.51233,43.166152,2107.932595,0.160816,74.883385,9.349944,3.4831,0.0
14.413089,33.539045,43.17518,2102.941984,0.184585,74.892988,9.293912,3.462227,0.0
14.420051,33.565697,43.185368,2097.975866,0.206066,74.902582,9.236817,3.440958,0.0
14.426995,33.592286,43.19659,2093.035302,0.225215,74.912158,9.178857,3.419366,0.0
14.43392,33.618819,43.208759,2088.122436,0.241877,74.921724,9.120203,3.397515,0.0
14.440828,33.645288,43.221703,2083.237412,0.256106,74.931281,9.061077,3.375489,0.0
14.447708,33.671694,43.235283,2078.380665,0.267906,74.940829,9.001672,3.353359,0.0
14.45457,33.698045,43.249371,2073.552871,0.277243,74.95036,8.942166,3.331192,0.0
14.461413,33.724335,43.263847,2068.754626,0.284122,74.959881,8.882734,3.309052,0.0
14.468239,33.750568,43.278571,2063.986439,0.288538,74.969392,8.823542,3.287002,0.0
14.47504,33.776741,43.293426,2059.248728,0.290487,74.978895,8.764753,3.265101,0.0
14.48182,33.802857,43.308281,2054.541827,0.289977,74.988383,8.706522,3.243409,0.0
14.488582,33.82892,43.323019,2049.865991,0.287026,74.997863,8.648997,3.221979,0.0
14.495326,33.854923,43.337508,2045.221388,0.281656,75.007339,8.592319,3.200865,0.0
14.502052,33.880863,43.35163,2040.608109,0.273893,75.016801,8.536625,3.180117,0.0
14.50876,33.906748,43.365274,2036.026171,0.263774,75.026253,8.482042,3.159784,0.0
14.515447,33.932581,43.378312,2031.475518,0.251332,75.035698,8.428691,3.139909,0.0
14.522112,33.958357,43.390637,2026.956022,0.236601,75.045128,8.376688,3.120537,0.0
14.528764,33.984083,43.402146,2022.467489,0.219643,75.054552,8.326139,3.101706,0.0
14.535391,34.009748,43.412728,2018.009652,0.200504,75.063974,8.277145,3.083454,0.0
14.542001,34.03536,43.422275,2013.582171,0.179241,75.073385,8.229802,3.065818,0.0
14.5486,34.060917,43.430692,2009.184664,0.155909,75.08278,8.184197,3.048829,0.0
14.555172,34.08642,43.437879,2004.816684,0.130574,75.092175,8.140412,3.032518,0.0
14.561727,34.111869,43.443742,2000.477719,0.103306,75.10156,8.098522,3.016913,0.0
14.568263,34.137272,43.44814,1996.168402,0.074104,75.110937,8.058686,3.002073,0.0
14.57478,34.16261,43.451017,1991.887193,0.043106,75.120304,8.020911,2.988,0.0
14.58128,34.187903,43.452313,1987.633076,0.010405,75.129662,7.98523,2.974708,0.0
14.58777,34.213143,43.451961,1983.405307,-0.023916,75.139019,7.951696,2.962216,0.0
14.594235,34.238328,43.449876,1979.20313,-0.059772,75.148369,7.920357,2.950541,0.0
14.600681,34.26346,43.446003,1975.025732,-0.097077,75.15771,7.891254,2.9397,0.0
14.607109,34.288544,43.440278,1970.872255,-0.135748,75.167041,7.864426,2.929706,0.0
14.613524,34.313578,43.432643,1966.741808,-0.175686,75.176364,7.839907,2.920572,0.0
14.61992,34.338562,43.423049,1962.633451,-0.216801,75.185683,7.817725,2.912308,0.0
14.626298,34.363497,43.41145,1958.546219,-0.258997,75.194997,7.797906,2.904925,0.0
14.632664,34.388382,43.397807,1954.47911,-0.302183,75.204302,7.78047,2.89843,0.0
14.639007,34.413219,43.382079,1950.431083,-0.346264,75.213603,7.765435,2.892829,0.0
14.64533,34.438001,43.364229,1946.401074,-0.391142,75.222899,7.752815,2.888127,0.0
14.651641,34.462732,43.344236,1942.387984,-0.436718,75.232187,7.742619,2.884329,0.0
14.657934,34.487418,43.322076,1938.390681,-0.482886,75.241466,7.734853,2.881436,0.0
14.664211,34.512058,43.297729,1934.408018,-0.529553,75.250737,7.72952,2.87945,0.0
14.670476,34.536645,43.271191,1930.438816,-0.57662,75.260008,7.726621,2.87837,0.0
14.676717,34.561185,43.242449,1926.481876,-0.623972,75.26927,7.72615,2.878194,0.0
14.682947,34.585673,43.211502,1922.535987,-0.671515,75.278532,7.728102,2.878921,0.0
14.68916,34.610115,43.178341,1918.599893,-0.719147,75.287784,7.732464,2.880546,0.0
14.695344,34.63451,43.142897,1914.672646,-0.766769,75.297027,7.739328,2.883103,0.0
14.701528,34.658851,43.10524,1910.75262,-0.814255,75.306262,7.748598,2.886557,0.0
14.707687,34.683146,43.065423,1906.838415,-0.861519,75.315495,7.760225,2.890888,0.0
14.713827,34.707397,43.023454,1902.928729,-0.908445,75.324721,7.774184,2.896088,0.0
14.719956,34.731594,42.979371,1899.022239,-0.954945,75.333945,7.790447,2.902147,0.0
14.726069,34.755745,42.933205,1895.117633,-1.000917,75.343155,7.808984,2.909052,0.0
14.732164,34.779845,42.884992,1891.213577,-1.046255,75.352361,7.829759,2.916791,0.0
14.738241,34.803902,42.83477,1887.30874,-1.090866,75.361566,7.852733,2.92535,0.0
14.7443,34.827907,42.782589,1883.401784,-1.134654,75.37076,7.877864,2.934711,0.0
14.750347,34.851864,42.728494,1879.491372,-1.177522,75.379946,7.905106,2.94486,0.0
14.756379,34.875775,42.672537,1875.576178,-1.219371,75.389128,7.934408,2.955776,0.0
14.762394,34.899637,42.614777,1871.654873,-1.260113,75.398305,7.965717,2.967439,0.0
14.76839,34.923451,42.555274,1867.726133,-1.299663,75.407478,7.998975,2.979828,0.0
14.774369,34.947213,42.494094,1863.788655,-1.337931,75.416639,8.034118,2.99292,0.0
14.780332,34.97093,42.431309,1859.841144,-1.37483,75.42579,8.07108,3.006689,0.0
14.786282,34.994601,42.36699,1855.882315,-1.410271,75.434943,8.109789,3.02111,0.0
14.792209,35.018218,42.301206,1851.910912,-1.444185,75.44408,8.150171,3.036153,0.0
14.798125,35.04179,42.234053,1847.925691,-1.476487,75.45321,8.192145,3.05179,0.0
14.804024,35.065309,42.165593,1843.925447,-1.507101,75.462338,8.235626,3.067987,0.0
14.809913,35.088782,42.095928,1839.908999,-1.53596,75.471458,8.280525,3.084713,0.0
14.815774,35.112199,42.025088,1835.874357,-1.562911,75.480568,8.326801,3.101953,0.0
14.821627,35.13557,41.953211,1831.820912,-1.58795,75.489669,8.374306,3.119649,0.0
14.827453,35.158888,41.880402,1827.74778,-1.611031,75.498762,8.42292,3.137759,0.0
14.833268,35.18216,41.806764,1823.653941,-1.632109,75.507845,8.472535,3.156242,0.0
14.839067,35.205379,41.732383,1819.538404,-1.651128,75.516927,8.523038,3.175056,0.0
14.844854,35.228544,41.657365,1815.400234,-1.668047,75.525994,8.574312,3.194157,0.0
14.85062,35.251662,41.581808,1811.238556,-1.682829,75.53505,8.626236,3.2135,0.0
14.856371,35.274729,41.505804,1807.052536,-1.695428,75.544104,8.678685,3.233038,0.0
14.862101,35.297742,41.429466,1802.841412,-1.705821,75.553146,8.73153,3.252725,0.0
14.867815,35.320701,41.352895,1798.604474,-1.713984,75.562175,8.784639,3.272509,0.0
14.873515,35.34361,41.276186,1794.341083,-1.719902,75.571195,8.837878,3.292342,0.0
14.879197,35.366466,41.199444,1790.050671,-1.723558,75.580206,8.891108,3.312172,0.0
14.884861,35.389267,41.122778,1785.732727,-1.724944,75.589208,8.94419,3.331946,0.0
14.890508,35.412019,41.046284,1781.386829,-1.724068,75.598198,8.996982,3.351613,0.0
14.896138,35.434718,40.970065,1777.012627,-1.72093,75.607176,9.04934,3.371117,0.0
14.901756,35.45736,40.894219,1772.609844,-1.715545,75.616149,9.101121,3.390407,0.0
14.90735,35.479942,40.818843,1768.178286,-1.707934,75.625105,9.15218,3.409428,0.0
14.912932,35.502479,40.744036,1763.717841,-1.698122,75.634052,9.202373,3.428126,0.0
14.918489,35.52496,40.669893,1759.228467,-1.686144,75.642982,9.251557,3.446448,0.0
14.924037,35.547379,40.596507,1754.710224,-1.672033,75.651911,9.299589,3.464342,0.0
14.929556,35.569742,40.524005,1750.161978,-1.655741,75.660822,9.346266,3.48173,0.0
14.935066,35.592049,40.452449,1745.584949,-1.637411,75.669715,9.391484,3.498575,0.0
14.940559,35.614303,40.381923,1740.979773,-1.617126,75.678606,9.435126,3.514833,0.0
14.946033,35.636495,40.312498,1736.346845,-1.594936,75.687474,9.477063,3.530455,0.0
14.95149,35.658631,40.244255,1731.686656,-1.570923,75.696337,9.517171,3.545397,0.0
14.956922,35.680714,40.177265,1726.999784,-1.545173,75.705186,9.555333,3.559613,0.0
14.96234,35.702735,40.111591,1722.286879,-1.517762,75.714017,9.591436,3.573062,0.0
14.967742,35.7247,40.047298,1717.548663,-1.488781,75.722837,9.625375,3.585705,0.0
14.973127,35.746606,39.984447,1712.785941,-1.458334,75.731647,9.657053,3.597506,0.0
14.978494,35.768448,39.923095,1707.999587,-1.426516,75.740443,9.686381,3.608432,0.0
14.983842,35.790232,39.863286,1703.190551,-1.39343,75.749221,9.713276,3.618451,0.0
14.989169,35.811962,39.805063,1698.359849,-1.359195,75.757985,9.737668,3.627538,0.0
14.994476,35.83363,39.748469,1693.508554,-1.323924,75.766737,9.759493,3.635668,0.0
14.99977,35.855233,39.693538,1688.637799,-1.28773,75.775473,9.778698,3.642822,0.0
15.005047,35.876782,39.640288,1683.748765,-1.250742,75.784198,9.79524,3.648985,0.0
15.010303,35.898273,39.588747,1678.842693,-1.213075,75.792905,9.809087,3.654143,0.0
15.015536,35.919695,39.538942,1673.920867,-1.174857,75.801596,9.820214,3.658288,0.0
15.020759,35.941061,39.490868,1668.984608,-1.136223,75.810277,9.828611,3.661416,0.0
15.025963,35.962365,39.444547,1664.035262,-1.097302,75.818939,9.834276,3.663527,0.0
15.03114,35.983606,39.399964,1659.074222,-1.058219,75.827584,9.837217,3.664622,0.0
15.036308,36.004781,39.357205,1654.102506,-1.019118,75.836219,9.837333,3.664666,0.0
15.041449,36.025901,39.316184,1649.121997,-0.980136,75.844836,9.834752,3.663704,0.0
15.046571,36.046951,39.276881,1644.134238,-0.941407,75.853444,9.82954,3.661762,0.0
15.051683,36.067944,39.239264,1639.140689,-0.903053,75.862027,9.821751,3.658861,0.0
15.056771,36.088876,39.2033,1634.142797,-0.865208,75.870597,9.811442,3.65502,0.0
15.06184,36.109738,39.168969,1629.142006,-0.827992,75.879159,9.798683,3.650267,0.0
15.066896,36.130541,39.136228,1624.139756,-0.791533,75.887698,9.783551,3.64463,0.0
15.071932,36.151283,39.105036,1619.137475,-0.755956,75.896223,9.766129,3.63814,0.0
15.076946,36.171963,39.075351,1614.136576,-0.721374,75.904733,9.746509,3.630831,0.0
15.081942,36.192585,39.047114,1609.138441,-0.687893,75.91323,9.72479,3.62274,0.0
15.08692,36.213144,39.020272,1604.144428,-0.655628,75.921714,9.701075,3.613906,0.0
15.091881,36.233635,38.994769,1599.155865,-0.62469,75.93018,9.675475,3.604369,0.0
15.096823,36.254066,38.970546,1594.174044,-0.595174,75.938631,9.648104,3.594173,0.0
15.101747,36.274437,38.947534,1589.200227,-0.567174,75.94707,9.61908,3.58336,0.0
15.106653,36.294742,38.925658,1584.235629,-0.540788,75.955491,9.588526,3.571978,0.0
15.111541,36.314988,38.904862,1579.281422,-0.516087,75.963894,9.556566,3.560072,0.0
15.116412,36.335166,38.885067,1574.338723,-0.493156,75.972281,9.523327,3.54769,0.0
15.121264,36.355288,38.866188,1569.408617,-0.472069,75.980659,9.488939,3.534879,0.0
15.126098,36.375348,38.848151,1564.492116,-0.452894,75.989027,9.453531,3.521689,0.0
15.130914,36.395354,38.830877,1559.590202,-0.435691,75.997377,9.417233,3.508167,0.0
15.135712,36.415284,38.814319,1554.704534,-0.420605,76.005708,9.380149,3.494352,0.0
15.140491,36.43516,38.798352,1549.835478,-0.407619,76.01403,9.342443,3.480306,0.0
15.145252,36.454974,38.782892,1544.983662,-0.396754,76.022335,9.304251,3.466078,0.0
15.149995,36.474724,38.767847,1540.149829,-0.388046,76.030622,9.2657,3.451717,0.0
15.15472,36.494411,38.753147,1535.334643,-0.381512,76.038898,9.226916,3.437269,0.0
15.159428,36.514043,38.738695,1530.538728,-0.377185,76.047165,9.18802,3.422779,0.0
15.164123,36.533614,38.724408,1525.76264,-0.375078,76.055417,9.149133,3.408293,0.0
15.168798,36.553128,38.710198,1521.006879,-0.375195,76.063656,9.110371,3.393853,0.0
15.173457,36.572582,38.695989,1516.271877,-0.377545,76.071881,9.071847,3.379502,0.0
15.178096,36.591974,38.681696,1511.558012,-0.382121,76.080094,9.033673,3.365281,0.0
15.182718,36.611307,38.667232,1506.86561,-0.388915,76.088292,8.995953,3.351229,0.0
15.187327,36.630581,38.652519,1502.194931,-0.397912,76.096477,8.95879,3.337385,0.0
15.191918,36.649797,38.637479,1497.546182,-0.409087,76.104653,8.922283,3.323785,0.0
15.19649,36.668955,38.622027,1492.919515,-0.422424,76.112816,8.886526,3.310465,0.0
15.201045,36.688053,38.606093,1488.315017,-0.437886,76.120964,8.851608,3.297457,0.0
15.205582,36.707097,38.589602,1483.732739,-0.455439,76.129104,8.817615,3.284794,0.0
15.210102,36.726086,38.572484,1479.172668,-0.475031,76.137232,8.784629,3.272505,0.0
15.214612,36.745012,38.554657,1474.63473,-0.496631,76.145344,8.752725,3.26062,0.0
15.219105,36.763885,38.536068,1470.118813,-0.520181,76.153447,8.721976,3.249165,0.0
15.223579,36.782703,38.516643,1465.624762,-0.545628,76.16154,8.69245,3.238166,0.0
15.228034,36.801456,38.496275,1461.153341,-0.572988,76.169615,8.664272,3.227669,0.0
15.232471,36.820154,38.474936,1456.703472,-0.602127,76.17769,8.637458,3.21768,0.0
15.236899,36.838798,38.452582,1452.27464,-0.63297,76.185748,8.612049,3.208215,0.0
15.241302,36.857388,38.429155,1447.866485,-0.665434,76.193795,8.588095,3.199291,0.0
15.245693,36.875924,38.40461,1443.478601,-0.699447,76.201826,8.565641,3.190927,0.0
15.250074,36.894406,38.37889,1439.11056,-0.734936,76.209854,8.544728,3.183136,0.0
15.254434,36.912827,38.351963,1434.761876,-0.771817,76.217868,8.525393,3.175933,0.0
15.258779,36.931198,38.323778,1430.432035,-0.809999,76.22587,8.507669,3.16933,0.0
15.263109,36.949513,38.294304,1426.120473,-0.849405,76.233869,8.491584,3.163338,0.0
15.267426,36.967769,38.263509,1421.826606,-0.889947,76.241852,8.477163,3.157966,0.0
15.271726,36.985976,38.231359,1417.549813,-0.931528,76.249823,8.464428,3.153222,0.0
15.276006,37.00413,38.197829,1413.289437,-0.974058,76.257789,8.453396,3.149112,0.0
15.280277,37.022228,38.162897,1409.044792,-1.017445,76.265746,8.44408,3.145642,0.0
15.284533,37.040278,38.126543,1404.815166,-1.061593,76.273691,8.436489,3.142814,0.0
15.288768,37.058272,38.088749,1400.599819,-1.106409,76.281624,8.430631,3.140632,0.0
15.292991,37.076207,38.049508,1396.397974,-1.151786,76.289552,8.426506,3.139095,0.0
15.297198,37.094095,38.008803,1392.208855,-1.197624,76.297463,8.424115,3.138205,0.0
15.301394,37.111929,37.966637,1388.031644,-1.243834,76.305367,8.423453,3.137958,0.0
15.305573,37.129709,37.922996,1383.865498,-1.290308,76.31327,8.424511,3.138352,0.0
15.309734,37.147445,37.877898,1379.709568,-1.336953,76.321155,8.427278,3.139383,0.0
15.313885,37.165114,37.831273,1375.56339,-1.383663,76.32903,8.431818,3.141074,0.0
15.318019,37.182739,37.783178,1371.425654,-1.430319,76.336896,8.438046,3.143394,0.0
15.322134,37.200309,37.73365,1367.295369,-1.476835,76.344753,8.445924,3.146329,0.0
15.326239,37.217826,37.6827,1363.171635,-1.52311,76.352602,8.455427,3.149869,0.0
15.330328,37.235288,37.63035,1359.053535,-1.569035,76.360441,8.466525,3.154003,0.0
15.334399,37.252704,37.57662,1354.940131,-1.61452,76.368264,8.479188,3.158721,0.0
15.338458,37.270061,37.521532,1350.830491,-1.659473,76.376082,8.493378,3.164007,0.0
15.342502,37.287368,37.465119,1346.723684,-1.703796,76.383894,8.509057,3.169847,0.0
15.346534,37.30463,37.407414,1342.618775,-1.747392,76.391692,8.526182,3.176227,0.0
15.350552,37.321836,37.348452,1338.514823,-1.790171,76.399482,8.544709,3.183129,0.0
15.354552,37.338989,37.288266,1334.410898,-1.83205,76.407262,8.564588,3.190535,0.0
15.358537,37.356093,37.226894,1330.306076,-1.87294,76.415029,8.585769,3.198425,0.0
15.362511,37.373142,37.16438,1326.199431,-1.912753,76.422787,8.608195,3.206779,0.0
15.366466,37.390138,37.100771,1322.090055,-1.951413,76.430536,8.631808,3.215576,0.0
15.370406,37.407082,37.036119,1317.97705,-1.988842,76.438275,8.656549,3.224792,0.0
15.374334,37.423979,36.970463,1313.859543,-2.02496,76.446006,8.682352,3.234405,0.0
15.378247,37.440822,36.903856,1309.736654,-2.059704,76.453726,8.709152,3.244388,0.0
15.382149,37.457611,36.836363,1305.607548,-2.092993,76.461431,8.736877,3.254717,0.0
15.386033,37.474347,36.76802,1301.471396,-2.124774,76.469134,8.765457,3.265363,0.0
15.3899,37.491038,36.698903,1297.327399,-2.154989,76.476819,8.794815,3.2763,0.0
15.393757,37.507662,36.629023,1293.174334,-2.183488,76.484495,8.824904,3.287509,0.0
15.397595,37.524242,36.558471,1289.011742,-2.2103,76.492162,8.85561,3.298948,0.0
15.401425,37.540767,36.487331,1284.838981,-2.235378,76.499819,8.886846,3.310584,0.0
15.405237,37.557239,36.415654,1280.655392,-2.258687,76.50746,8.918528,3.322386,0.0
15.409031,37.573656,36.343499,1276.460315,-2.280184,76.51509,8.950569,3.334322,0.0
15.412814,37.59002,36.270926,1272.253163,-2.299843,76.522711,8.982881,3.34636,0.0
15.416582,37.606336,36.198006,1268.033368,-2.317644,76.530317,9.015377,3.358465,0.0
15.420338,37.622595,36.124806,1263.800403,-2.333558,76.537917,9.047966,3.370605,0.0
15.424074,37.638803,36.051378,1259.55379,-2.347578,76.545506,9.080557,3.382746,0.0
15.427798,37.654955,35.977788,1255.293102,-2.359693,76.553076,9.11306,3.394854,0.0
15.431508,37.671053,35.904104,1251.017952,-2.369891,76.560633,9.145382,3.406895,0.0
15.435199,37.687098,35.830382,1246.728001,-2.378185,76.568182,9.177432,3.418835,0.0
15.438882,37.703087,35.756683,1242.422956,-2.384585,76.575721,9.20912,3.430639,0.0
15.442549,37.719025,35.683078,1238.102576,-2.389098,76.583248,9.240354,3.442275,0.0
15.446194,37.734906,35.60962,1233.766683,-2.391751,76.59076,9.271045,3.453708,0.0
15.44983,37.750737,35.536359,1229.415141,-2.392563,76.59826,9.301106,3.464907,0.0
15.453456,37.766506,35.463359,1225.047862,-2.39158,76.605745,9.330451,3.475838,0.0
15.457064,37.782222,35.390673,1220.664818,-2.388828,76.613219,9.358994,3.486471,0.0
15.460654,37.797884,35.318359,1216.266031,-2.384353,76.620676,9.386654,3.496775,0.0
15.464226,37.813491,35.246468,1211.851586,-2.378204,76.628123,9.413352,3.506721,0.0
15.467788,37.829033,35.175058,1207.42088,-2.370366,76.635552,9.438958,3.51626,0.0
15.471332,37.844529,35.104184,1202.974741,-2.36097,76.642972,9.463438,3.52538,0.0
15.474867,37.859963,35.033866,1198.513526,-2.350093,76.650374,9.486731,3.534057,0.0
15.478385,37.875343,34.964162,1194.037543,-2.337814,76.657758,9.508773,3.542268,0.0
15.481885,37.890668,34.895095,1189.547138,-2.3242,76.665132,9.529505,3.549991,0.0
15.485373,37.905932,34.826708,1185.04271,-2.30934,76.672497,9.548871,3.557206,0.0
15.488847,37.92114,34.759035,1180.524704,-2.293316,76.679846,9.566823,3.563893,0.0
15.492302,37.936293,34.6921,1175.993606,-2.276222,76.687177,9.583314,3.570037,0.0
15.495739,37.951388,34.625934,1171.449951,-2.258154,76.694496,9.598306,3.575622,0.0
15.499164,37.966424,34.560566,1166.894322,-2.239206,76.7018,9.611764,3.580635,0.0
15.502574,37.981406,34.496008,1162.327335,-2.219476,76.709087,9.62366,3.585067,0.0
15.505971,37.99633,34.432276,1157.749646,-2.199073,76.71636,9.633972,3.588908,0.0
15.509356,38.011195,34.369394,1153.161942,-2.178104,76.72362,9.642683,3.592153,0.0
15.512722,38.026003,34.307367,1148.564951,-2.15667,76.730862,9.649782,3.594798,0.0
15.51607,38.04075,34.246197,1143.95943,-2.134896,76.738089,9.655264,3.59684,0.0
15.519402,38.055441,34.185891,1139.346161,-2.112878,76.745305,9.65913,3.59828,0.0
15.522724,38.070071,34.126451,1134.725938,-2.090731,76.752502,9.661387,3.599121,0.0
15.526029,38.084646,34.06788,1130.099602,-2.068579,76.759683,9.662048,3.599367,0.0
15.529324,38.099167,34.010156,1125.468004,-2.046525,76.766854,9.661131,3.599026,0.0
15.532592,38.113616,33.953287,1120.831994,-2.024687,76.774008,9.65866,3.598105,0.0
15.53585,38.128018,33.897296,1116.192341,-2.003198,76.781142,9.654592,3.59659,0.0
15.539099,38.142356,33.84212,1111.550124,-1.982163,76.788267,9.649028,3.594517,0.0
15.542323,38.156631,33.787754,1106.906267,-1.961698,76.795375,9.642018,3.591905,0.0
15.545535,38.170851,33.734157,1102.261672,-1.941897,76.802464,9.633608,3.588772,0.0
15.548738,38.18501,33.681318,1097.61724,-1.922869,76.809536,9.623847,3.585136,0.0
15.551919,38.199113,33.629207,1092.973864,-1.904726,76.816597,9.612788,3.581017,0.0
15.555085,38.213155,33.57779,1088.33243,-1.887563,76.823642,9.600489,3.576435,0.0
15.558242,38.22714,33.527044,1083.693835,-1.871481,76.830669,9.587011,3.571414,0.0
15.56138,38.241066,33.476926,1079.058951,-1.856571,76.837684,9.572417,3.565977,0.0
15.5645,38.254934,33.4274,1074.428643,-1.842922,76.844685,9.556775,3.56015,0.0
15.567611,38.268743,33.378436,1069.803758,-1.830623,76.851672,9.540154,3.553959,0.0
15.570706,38.282493,33.329988,1065.185125,-1.819757,76.858642,9.522626,3.547429,0.0
15.57378,38.296186,33.282015,1060.573563,-1.810398,76.865592,9.504264,3.540588,0.0
15.576845,38.309819,33.23448,1055.969859,-1.80262,76.872534,9.485143,3.533465,0.0
15.579897,38.323395,33.187328,1051.374776,-1.796492,76.879463,9.46534,3.526088,0.0
15.582927,38.33691,33.140517,1046.78907,-1.792077,76.886375,9.444932,3.518486,0.0
15.585953,38.35037,33.094004,1042.213447,-1.789428,76.893269,9.423997,3.510687,0.0
15.588954,38.363768,33.047744,1037.648606,-1.788603,76.900146,9.402613,3.502721,0.0
15.591945,38.377112,33.001681,1033.095199,-1.789643,76.907013,9.380858,3.494616,0.0
15.594918,38.390401,32.955778,1028.553857,-1.792591,76.913872,9.358809,3.486403,0.0
15.597882,38.403625,32.909971,1024.025836,-1.797578,76.920702,9.336538,3.478106,0.0
15.600828,38.416785,32.864217,1019.511193,-1.804558,76.927533,9.314135,3.46976,0.0
15.603756,38.4299,32.818458,1015.010365,-1.813544,76.934337,9.291677,3.461394,0.0
15.606674,38.442953,32.772649,1010.523845,-1.824536,76.941139,9.269237,3.453035,0.0
15.609575,38.455943,32.726741,1006.052097,-1.837559,76.947918,9.246887,3.444709,0.0
15.612458,38.468877,32.68069,1001.59553,-1.852615,76.954692,9.224699,3.436443,0.0
15.61533,38.481758,32.634446,997.154536,-1.869704,76.961445,9.20274,3.428263,0.0
6.187268,15.206192,44.29695,3441.65548,-0.935337,57.605182,13.080071,4.872671,0.0
0.074118,0.074118,51.884612,5029.580246,-0.223855,45.000151,15.617568,5.817955,0.0
0.119291,0.119291,51.867219,5021.324814,-0.05485,45.000266,15.604496,5.813086,0.0
0.164383,0.164388,51.870856,5013.048138,0.11362,45.000403,15.545208,5.790999,0.0
0.209403,0.209409,51.895348,5004.77456,0.280814,45.000563,15.440767,5.752092,0.0
0.254352,0.254352,51.940424,4996.527902,0.446008,45.000741,15.292802,5.696971,0.0
0.299223,0.299223,52.005719,4988.331165,0.608508,45.000937,15.103461,5.626437,0.0
0.34402,0.344023,52.090799,4980.206251,0.767653,45.001151,14.87535,5.541459,0.0
0.388738,0.38875,52.195152,4972.173738,0.922821,45.001385,14.61146,5.443153,0.0
0.433384,0.433404,52.31819,4964.252715,1.073442,45.001645,14.315091,5.332748,0.0
0.477958,0.477978,52.459274,4956.460584,1.219008,45.001924,13.98977,5.211557,0.0
0.52246,0.522481,52.617697,4948.812976,1.35905,45.002229,13.639173,5.080951,0.0
0.56689,0.56692,52.792719,4941.32368,1.493169,45.002552,13.267043,4.942323,0.0
0.611244,0.611274,52.984272,4934.01357,1.620684,45.002903,12.87644,4.796813,0.0
0.65559,0.655511,53.186354,4926.892876,1.672977,44.852558,12.479804,4.649056,-44.359902
0.699986,0.699562,53.394044,4919.969699,1.717351,44.699284,12.086774,4.502642,-48.999999
0.744436,0.743433,53.606582,4913.243112,1.757353,44.550704,11.699027,4.358196,-48.999999
0.78894,0.78713,53.823424,4906.711067,1.793029,44.406775,11.317689,4.216137,-48.999999
0.833484,0.830657,54.044055,4900.37092,1.824462,44.26742,10.94374,4.076831,-48.999999
0.878071,0.87402,54.267958,4894.21955,1.85172,44.132566,10.578021,3.940591,-48.999999
0.922708,0.917226,54.494638,4888.2534,1.874893,44.002121,10.22124,3.807681,-48.999999
0.967383,0.96028,54.723607,4882.468554,1.894078,43.875977,9.87398,3.678317,-48.999999
1.012096,1.003185,54.954391,4876.860799,1.909372,43.754035,9.536709,3.552675,-48.999999
1.056844,1.045952,55.186535,4871.425676,1.920887,43.636182,9.20979,3.430889,-48.999999
1.101627,1.088579,55.419594,4866.158545,1.928738,43.522296,8.893489,3.313059,-48.999999
1.146448,1.131069,55.653139,4861.054613,1.933036,43.412256,8.587987,3.199251,-48.999999
1.191299,1.173433,55.88676,4856.108977,1.933893,43.305942,8.293385,3.089504,-48.999999
1.236181,1.215671,56.12005,4851.316687,1.931432,43.203225,8.009718,2.983831,-48.999999
1.281085,1.257786,56.352631,4846.67275,1.925773,43.103978,7.736958,2.88222,-48.999999
1.326023,1.299784,56.584137,4842.172185,1.917022,43.008072,7.475027,2.784644,-48.999999
1.370989,1.341674,56.814208,4837.810021,1.905301,42.915374,7.223801,2.691056,-48.999999
1.415981,1.383448,57.042511,4833.581347,1.890741,42.825773,6.983117,2.601395,-48.999999
1.460991,1.425123,57.268706,4829.481303,1.873437,42.739131,6.75278,2.515588,-48.999999
1.506029,1.466694,57.492368,4825.511089,1.853383,42.655467,6.533064,2.433738,-48.999999
1.551095,1.508156,57.713271,4821.660193,1.830814,42.574526,6.323257,2.35558,-48.999999
1.59617,1.549528,57.931155,4817.923417,1.805854,42.496175,6.123043,2.280995,-48.999999
1.64127,1.590809,58.145749,4814.296329,1.778597,42.420301,5.932149,2.209882,-48.999999
1.68639,1.632008,58.356803,4810.774605,1.749161,42.346795,5.750295,2.142136,-48.999999
1.731535,1.673112,58.564064,4807.35407,1.717635,42.275547,5.577195,2.077652,-48.999999
1.776694,1.714137,58.767296,4804.030662,1.684117,42.206445,5.412562,2.016322,-48.999999
1.821868,1.755077,58.966282,4800.800459,1.648698,42.139398,5.256108,1.958038,-48.999999
1.86706,1.795939,59.160816,4797.659662,1.611469,42.074309,5.107546,1.902695,-48.999999
1.912265,1.836728,59.350698,4794.604596,1.572511,42.011077,4.966595,1.850187,-48.999999
1.957483,1.877441,59.535732,4791.631716,1.531917,41.949608,4.832978,1.800412,-48.999999
2.00272,1.918082,59.715736,4788.737609,1.489771,41.889813,4.706425,1.753267,-48.999999
2.047974,1.958655,59.890542,4785.918974,1.446141,41.83161,4.586672,1.708656,-48.999999
2.093241,1.99916,60.059994,4783.172627,1.401102,41.774921,4.473464,1.666483,-48.999999
2.138515,2.039599,60.223934,4780.495505,1.354733,41.719658,4.366556,1.626657,-48.999999
2.183812,2.079968,60.382209,4777.884658,1.307103,41.665745,4.26571,1.589089,-48.999999
2.229117,2.120276,60.534692,4775.337231,1.258277,41.613108,4.1707,1.553695,-48.999999
2.274432,2.160528,60.681247,4772.850477,1.208317,41.561685,4.081308,1.520395,-48.999999
2.319757,2.200718,60.821756,4770.421741,1.157291,41.511401,3.997327,1.48911,-48.999999
2.365099,2.240845,60.956109,4768.048465,1.105266,41.462178,3.918561,1.459767,-48.999999
2.41046,2.280924,61.083862,4765.730724,1.052238,41.414024,3.845069,1.432389,-48.999999
2.455822,2.320931,61.205203,4763.463571,0.998315,41.366801,3.776434,1.406821,-48.999999
2.5012,2.360892,61.320069,4761.244446,0.943569,41.320462,3.712469,1.382992,-48.999999
2.546581,2.4008,61.428367,4759.071102,0.888037,41.274941,3.653019,1.360846,-48.999999
2.591984,2.440661,61.530027,4756.941394,0.831782,41.230193,3.597941,1.340328,-48.999999
2.637392,2.480463,61.624958,4754.853202,0.774844,41.186146,3.547102,1.321389,-48.999999
2.682808,2.520216,61.7131,4752.804488,0.717271,41.142756,3.500376,1.303982,-48.999999
2.728238,2.559923,61.794384,4750.793262,0.659113,41.099979,3.45765,1.288065,-48.999999
2.773676,2.59958,61.868751,4748.817567,0.600415,41.057756,3.418818,1.2736,-48.999999
2.819123,2.639187,61.936148,4746.875495,0.541221,41.016039,3.383785,1.260549,-48.999999
2.864584,2.678746,61.996521,4744.965178,0.481573,40.974786,3.352464,1.248881,-48.999999
2.910054,2.718258,62.049827,4743.084782,0.421513,40.933945,3.324777,1.238567,-48.999999
2.955536,2.757727,62.096028,4741.232503,0.36108,40.893465,3.300655,1.229581,-48.999999
3.00103,2.797145,62.135087,4739.406551,0.300314,40.853305,3.280039,1.221901,-48.999999
3.046527,2.836521,62.166976,4737.605176,0.239259,40.81343,3.262875,1.215507,-48.999999
3.092035,2.875857,62.191657,4735.826626,0.177946,40.77379,3.249122,1.210383,-48.999999
3.137558,2.91514,62.209124,4734.069157,0.116425,40.734327,3.238743,1.206517,-48.999999
3.183083,2.95438,62.219353,4732.331051,0.054734,40.69502,3.231713,1.203898,-48.999999
3.228625,2.993582,62.222328,4730.610582,-0.007105,40.655818,3.228013,1.20252,-48.999999
3.274177,3.03274,62.218041,4728.906025,-0.069034,40.61667,3.227632,1.202378,-48.999999
3.319738,3.071851,62.206109,4727.216266,-0.131029,40.57754,3.230739,1.203535,-48.999999
3.365307,3.110916,62.186893,4725.538807,-0.193043,40.538384,3.237186,1.205937,-48.999999
3.410895,3.149945,62.160414,4723.871821,-0.255032,40.499149,3.246973,1.209583,-48.999999
3.456484,3.188922,62.126689,4722.213524,-0.316969,40.459793,3.260125,1.214482,-48.999999
3.502089,3.22786,62.085726,4720.562115,-0.378815,40.420281,3.276672,1.220647,-48.999999
3.547704,3.266754,62.037549,4718.915771,-0.440527,40.380557,3.296656,1.228091,-48.999999
3.593328,3.305604,61.982177,4717.272634,-0.502062,40.340583,3.320125,1.236834,-48.999999
3.638968,3.344415,61.919638,4715.630789,-0.563384,40.300311,3.347136,1.246896,-48.999999
3.68462,3.383179,61.849961,4713.988303,-0.624459,40.259696,3.377752,1.258302,-48.999999
3.73028,3.421899,61.773187,4712.343198,-0.685238,40.218692,3.412049,1.271078,-48.999999
3.77595,3.460573,61.689361,4710.693427,-0.745679,40.177246,3.450109,1.285256,-48.999999
3.821633,3.499202,61.598528,4709.03689,-0.805745,40.135308,3.492022,1.30087,-48.999999
3.867331,3.537792,61.500735,4707.371445,-0.865388,40.092827,3.537888,1.317956,-48.999999
3.913037,3.576333,61.396043,4705.694872,-0.924563,40.049751,3.587816,1.336556,-48.999999
3.958755,3.614825,61.284511,4704.004878,-0.983221,40.006028,3.641925,1.356713,-48.999999
4.004491,3.653278,61.166205,4702.2991,-1.04132,39.961598,3.70034,1.378474,-48.999999
4.050243,3.691676,61.041208,4700.575093,-1.098815,39.916401,3.763199,1.401891,-48.999999
4.096004,3.730022,60.909597,4698.830323,-1.155646,39.870379,3.830647,1.427017,-48.999999
4.141775,3.768331,60.771449,4697.06218,-1.211763,39.823479,3.902838,1.45391,-48.999999
4.187564,3.806577,60.626858,4695.267927,-1.267115,39.775625,3.979936,1.482631,-48.999999
4.233372,3.844775,60.475603,4693.443099,-1.321596,39.726691,4.062389,1.513347,-48.999999
4.279189,3.88292,60.318096,4691.58595,-1.375192,39.676665,4.150148,1.546039,-48.999999
4.325023,3.921019,60.154473,4689.693537,-1.427838,39.625481,4.243386,1.580773,-48.999999
4.370876,3.959056,59.984868,4687.762672,-1.479473,39.573049,4.342306,1.617623,-48.999999
4.416739,3.997039,59.809394,4685.79007,-1.530039,39.519296,4.447118,1.656669,-48.999999
4.462625,4.03496,59.628183,4683.772285,-1.579462,39.464147,4.558041,1.69799,-48.999999
4.508524,4.072825,59.44139,4681.705755,-1.627671,39.407514,4.675301,1.741672,-48.999999
4.554439,4.110636,59.249159,4679.58678,-1.674599,39.349315,4.799129,1.787802,-48.999999
4.600378,4.148382,59.051654,4677.411517,-1.720167,39.289457,4.929767,1.836468,-48.999999
4.646333,4.18606,58.849042,4675.175979,-1.7643,39.227842,5.067456,1.887761,-48.999999
4.692306,4.223676,58.641499,4672.876024,-1.80692,39.164377,5.212446,1.941773,-48.999999
4.738303,4.261225,58.429217,4670.507361,-1.847939,39.098962,5.364986,1.998599,-48.999999
4.784317,4.298702,58.212393,4668.065555,-1.887271,39.031487,5.525328,2.05833,-48.999999
4.83035,4.336107,57.991233,4665.546019,-1.924832,38.96185,5.693721,2.121061,-48.999999
4.876403,4.373437,57.765952,4662.943996,-1.960527,38.889936,5.870413,2.186883,-48.999999
4.92248,4.410688,57.53679,4660.254608,-1.994258,38.815629,6.055645,2.255887,-48.999999
4.968578,4.447866,57.303977,4657.472792,-2.025935,38.738816,6.249651,2.32816,-48.999999
5.014701,4.484962,57.067766,4654.593372,-2.05545,38.659369,6.452652,2.403783,-48.999999
5.060843,4.521967,56.828422,4651.611018,-2.082708,38.577168,6.664855,2.482834,-48.999999
5.107012,4.558883,56.586217,4648.520281,-2.107598,38.492079,6.886448,2.565383,-48.999999
5.153209,4.595714,56.341323,4645.309297,-2.129875,38.403807,7.118104,2.651681,-48.999999
5.199434,4.632436,56.09419,4641.977626,-2.149552,38.312357,7.359495,2.741606,-48.999999
5.245685,4.669067,55.84514,4638.519859,-2.166517,38.217603,7.610688,2.835181,-48.999999
5.291964,4.7056,55.594497,4634.930145,-2.180669,38.119401,7.871739,2.93243,-48.999999
5.338269,4.74202,55.342597,4631.202589,-2.191881,38.01762,8.14266,3.033355,-48.999999
5.384608,4.778329,55.089796,4627.331279,-2.200055,37.912114,8.423412,3.137943,-48.999999
5.430971,4.81453,54.836457,4623.31032,-2.205065,37.802741,8.713894,3.246155,-48.999999
5.477363,4.850611,54.582957,4619.133839,-2.206805,37.689366,9.013943,3.357931,-48.999999
5.523792,4.886567,54.329684,4614.796061,-2.205171,37.571853,9.323323,3.473183,-48.999999
5.570251,4.922396,54.077039,4610.291321,-2.200051,37.450061,9.641716,3.591793,-48.999999
5.616742,4.958099,53.825436,4605.614121,-2.191335,37.323858,9.968722,3.713611,-48.999999
5.663265,4.993664,53.575293,4600.759179,-2.178929,37.193127,10.303845,3.838454,-48.999999
5.709822,5.02908,53.327044,4595.721464,-2.162747,37.057743,10.646493,3.966099,-48.999999
5.756418,5.064351,53.081133,4590.496265,-2.142691,36.91759,10.995967,4.096287,-48.999999
5.803043,5.099474,52.838005,4585.079256,-2.118685,36.772567,11.35146,4.228717,-48.999999
5.849706,5.134437,52.598107,4579.46653,-2.090666,36.622581,11.712051,4.363047,-48.999999
5.896412,5.169242,52.361917,4573.654697,-2.058573,36.467547,12.076706,4.498891,-48.999999
5.943146,5.203869,52.129886,4567.640911,-2.022361,36.307409,12.444272,4.635819,-48.999999
5.989925,5.238333,51.902483,4561.422959,-1.981991,36.142095,12.81348,4.773359,-48.999999
6.03674,5.272607,51.680176,4554.999321,-1.937445,35.971579,13.182949,4.910995,-48.999999
6.083593,5.306692,51.463762,4548.358307,-1.888502,35.795577,13.551028,5.048114,-48.999999
6.130482,5.340579,51.253439,4541.510431,-1.83539,35.614341,13.916081,5.184106,-48.999999
6.177415,5.374276,51.04966,4534.457315,-1.778163,35.42792,14.276414,5.31834,-48.999999
6.224386,5.40776,50.852859,4527.200976,-1.716872,35.236363,14.630249,5.450153,-48.999999
6.271399,5.441043,50.663486,4519.74437,-1.651597,35.039744,14.97575,5.578861,-48.999999
6.318451,5.474107,50.481962,4512.09147,-1.58243,34.83816,15.311038,5.703765,-48.999999
6.365539,5.506953,50.308698,4504.247269,-1.509504,34.631747,15.634208,5.824154,-48.999999
6.412663,5.539577,50.144078,4496.217793,-1.432958,34.420648,15.943353,5.939318,-48.999999
6.459823,5.57197,49.988475,4488.0101,-1.352956,34.205042,16.236589,6.048557,-48.999999
6.507024,5.604129,49.842234,4479.632273,-1.269689,33.985133,16.512078,6.151184,-48.999999
6.554261,5.636045,49.705681,4471.093393,-1.183373,33.761148,16.768051,6.24654,-48.999999
6.601533,5.667717,49.579113,4462.403495,-1.094231,33.533346,17.002836,6.334004,-48.999999
6.648842,5.699148,49.462783,4453.573523,-1.002519,33.302005,17.214882,6.412996,-48.999999
6.696182,5.730324,49.35693,4444.615259,-0.908512,33.067423,17.402782,6.482994,-48.999999
6.743558,5.761242,49.261751,4435.541267,-0.812485,32.829923,17.565296,6.543535,-48.999999
6.790968,5.791908,49.17742,4426.364764,-0.714757,32.589843,17.701368,6.594225,-48.999999
6.838405,5.822318,49.104058,4417.09956,-0.615632,32.347534,17.810146,6.634748,-48.999999
6.885869,5.852459,49.041754,4407.75993,-0.515447,32.103363,17.890993,6.664865,-48.999999
6.93336,5.88233,48.990557,4398.360507,-0.414528,31.857722,17.943497,6.684425,-48.999999
6.980887,5.91195,48.950502,4388.916166,-0.313222,31.610983,17.967478,6.693358,-48.999999
7.028434,5.941285,48.922145,4379.441204,-0.211879,31.363524,17.961486,6.691126,-48.999999
7.075998,5.97035,48.904855,4369.952993,-0.110878,31.115794,17.927308,6.678394,-48.999999
7.123589,5.999153,48.898487,4360.466426,-0.01056,30.868186,17.865551,6.655388,-48.999999
7.171199,6.027687,48.902924,4350.996063,0.088759,30.621091,17.77697,6.622389,-48.999999
7.218819,6.055952,48.917986,4341.556086,0.186735,30.37487,17.662516,6.579752,-48.999999
7.266462,6.08396,48.943458,4332.160206,0.283062,30.129886,17.523315,6.527896,-48.999999
7.31412,6.111703,48.979112,4322.821566,0.377435,29.886499,17.360653,6.4673,-48.999999
7.361786,6.139189,49.024677,4313.55268,0.469566,29.645036,17.17595,6.398493,-48.999999
7.409467,6.166416,49.079853,4304.365346,0.559192,29.405805,16.970739,6.322047,-48.999999
7.457155,6.193393,49.144324,4295.270577,0.646053,29.169108,16.746645,6.238566,-48.999999
7.504849,6.220118,49.217748,4286.278584,0.729917,28.935219,16.505358,6.14868,-48.999999
7.552551,6.24659,49.299758,4277.398737,0.810579,28.704385,16.248612,6.053035,-48.999999
7.600259,6.272819,49.389966,4268.639525,0.88784,28.476841,15.978164,5.952286,-48.999999
7.647967,6.298808,49.487979,4260.008551,0.961521,28.252793,15.695771,5.847088,-48.999999
7.695677,6.324563,49.593387,4251.512549,1.031484,28.032408,15.403174,5.738088,-48.999999
7.743392,6.350086,49.705759,4243.157368,1.097601,27.815862,15.102078,5.625921,-48.999999
7.7911,6.375383,49.824666,4234.948005,1.159752,27.603286,14.794137,5.511205,-48.999999
7.838808,6.400456,49.949658,4226.888638,1.217854,27.394781,14.480945,5.394533,-48.999999
7.886516,6.425305,50.080301,4218.98262,1.27184,27.190455,14.164018,5.27647,-48.999999
7.934223,6.449948,50.216136,4211.232566,1.32166,26.990359,13.844794,5.15755,-48.999999
7.981922,6.474371,50.356951,4203.64892,1.36705,26.794778,13.524641,5.038285,-48.999999
8.029611,6.498588,50.502012,4196.224616,1.408212,26.603524,13.204919,4.91918,-48.999999
8.0773,6.522606,50.650868,4188.959856,1.445162,26.416598,12.886767,4.80066,-48.999999
8.124972,6.546426,50.803079,4181.854523,1.477924,26.233993,12.571221,4.683111,-48.999999
8.172642,6.570063,50.958202,4174.907981,1.506509,26.055685,12.259221,4.566883,-48.999999
8.220305,6.593513,51.115809,4168.119122,1.530967,25.881635,11.95161,4.452289,-48.999999
8.267959,6.616788,51.275475,4161.486387,1.551358,25.711793,11.649137,4.33961,-48.999999
8.315603,6.639885,51.436782,4155.007859,1.56773,25.546103,11.352461,4.229091,-48.999999
8.363234,6.662807,51.599317,4148.681272,1.580162,25.3845,11.062156,4.120944,-48.999999
8.410856,6.685569,51.76269,4142.504059,1.588729,25.226901,10.778714,4.015355,-48.999999
8.458469,6.708169,51.926507,4136.473399,1.59351,25.07322,10.502552,3.912477,-48.999999
8.506069,6.730605,52.090385,4130.586247,1.594607,24.923371,10.234013,3.812439,-48.999999
8.553659,6.752893,52.253963,4124.839374,1.592106,24.77725,9.973379,3.715346,-48.999999
8.60124,6.775033,52.416887,4119.229403,1.586104,24.634752,9.720868,3.621279,-48.999999
8.64881,6.797025,52.57881,4113.752825,1.576704,24.495773,9.476647,3.530301,-48.999999
8.696364,6.81888,52.739399,4108.406031,1.564007,24.36021,9.240832,3.442453,-48.999999
8.743908,6.840593,52.898338,4103.185334,1.548118,24.22794,9.013495,3.357764,-48.999999
8.791443,6.862172,53.055307,4098.087006,1.529154,24.098852,8.794667,3.276245,-48.999999
8.838961,6.883625,53.210008,4093.10728,1.507208,23.972844,8.584349,3.197896,-48.999999
8.886479,6.904952,53.362163,4088.242356,1.482392,23.849787,8.382507,3.122704,-48.999999
8.933968,6.926136,53.511328,4083.494282,1.454681,23.72972,8.189537,3.050818,-48.999999
8.981457,6.947203,53.657367,4078.853131,1.424321,23.612373,8.004903,2.982037,-48.999999
9.028929,6.968162,53.800045,4074.315024,1.391418,23.497617,7.828494,2.91632,-48.999999
9.076392,6.988997,53.939108,4069.876262,1.356097,23.385347,7.660193,2.853624,-48.999999
9.123845,7.009721,54.074338,4065.533156,1.318441,23.275447,7.499872,2.7939,-48.999999
9.171282,7.030337,54.205516,4061.282071,1.278568,23.167812,7.347394,2.737098,-48.999999
9.218708,7.050845,54.332441,4057.119434,1.236566,23.062326,7.202615,2.683163,-48.999999
9.266125,7.071245,54.454905,4053.041707,1.192543,22.958884,7.065384,2.632042,-48.999999
9.313527,7.091542,54.572728,4049.045417,1.146595,22.857377,6.935551,2.583675,-48.999999
9.360916,7.11174,54.685735,4045.127159,1.098813,22.757699,6.812963,2.538008,-48.999999
9.408297,7.131835,54.793751,4041.283566,1.049293,22.659754,6.697466,2.494982,-48.999999
9.455668,7.151834,54.896623,4037.511335,0.998131,22.56344,6.588909,2.454542,-48.999999
9.50303,7.171742,54.994208,4033.807228,0.945414,22.468653,6.487145,2.416632,-48.999999
9.550381,7.19155,55.086359,4030.168056,0.891233,22.375299,6.392028,2.381199,-48.999999
9.597715,7.211273,55.172943,4026.590689,0.835674,22.283284,6.30342,2.34819,-48.999999
9.645041,7.230898,55.253845,4023.072044,0.77882,22.192509,6.221186,2.317555,-48.999999
9.692355,7.250441,55.3293,4019.608282,0.727535,22.117758,6.14489,2.289133,-41.622578
9.739641,7.269943,55.401226,4016.192068,0.711051,22.122919,6.072691,2.262237,0.0
9.786889,7.289435,55.471378,4012.817583,0.693022,22.128108,6.002951,2.236257,0.0
9.834084,7.30891,55.539604,4009.483884,0.673499,22.133333,5.935729,2.211215,0.0
9.88125,7.328384,55.605637,4006.192095,0.652457,22.138577,5.871217,2.187183,0.0
9.928363,7.34785,55.669463,4002.938961,0.630029,22.143856,5.809319,2.164124,0.0
9.975446,7.367298,55.730941,3999.7234,0.606274,22.149155,5.750067,2.142051,0.0
10.022487,7.386744,55.78994,3996.544316,0.581244,22.154488,5.69349,2.120975,0.0
10.069483,7.406182,55.846356,3993.40059,0.554982,22.15985,5.639615,2.100905,0.0
10.116448,7.425612,55.900067,3990.291073,0.527546,22.165238,5.58846,2.081848,0.0
10.163373,7.445032,55.950964,3987.214596,0.499001,22.170653,5.540042,2.063812,0.0
10.210258,7.46445,55.99895,3984.169974,0.469391,22.176102,5.494376,2.0468,0.0
10.257103,7.483856,56.043923,3981.156,0.438777,22.181581,5.451471,2.030816,0.0
10.303912,7.503255,56.08579,3978.171444,0.407217,22.187086,5.411334,2.015864,0.0
10.350685,7.522649,56.124472,3975.215061,0.374761,22.192624,5.373972,2.001946,0.0
10.397422,7.542034,56.159883,3972.285593,0.341465,22.198193,5.339389,1.989063,0.0
10.444127,7.561413,56.191948,3969.381767,0.307387,22.20379,5.307586,1.977215,0.0
10.490794,7.580787,56.220606,3966.502296,0.27259,22.209416,5.278564,1.966404,0.0
10.537421,7.600147,56.24579,3963.645881,0.237125,22.215076,5.252324,1.956629,0.0
10.584019,7.619508,56.267442,3960.811201,0.201052,22.220765,5.228864,1.94789,0.0
10.630579,7.638867,56.285504,3957.996923,0.164421,22.226486,5.208184,1.940186,0.0
10.677096,7.658217,56.299936,3955.201718,0.127286,22.232229,5.190281,1.933516,0.0
10.723587,7.677558,56.310701,3952.424232,0.089722,22.238016,5.175154,1.927881,0.0
10.77005,7.69689,56.31775,3949.66309,0.05177,22.24383,5.162801,1.923279,0.0
