0.051,0.051,50.42397,5382.82665,-0.22313,45.00008,21.967938560950202,8.183635125204594,0.0
0.10188,0.10188,50.41207,5370.58456,0.05398,45.00018,21.904841625166625,8.160129856444916,0.0
0.15265,0.15265,50.43901,5358.34126,0.32941,45.00029,21.72267183038746,8.092266814713902,0.0
0.2033,0.2033,50.50426,5346.16263,0.60127,45.00042,21.426571507770564,7.981961653670734,0.0
0.25383,0.25384,50.60701,5334.11147,0.86777,45.00055,21.024105208407008,7.832032367632152,0.0
0.30425,0.30425,50.74623,5322.24619,1.12726,45.00071,20.52487439280064,7.64605575326547,0.0
0.35455,0.35455,50.92068,5310.61977,1.37822,45.00087,19.94006053175218,7.42819720264616,0.0
0.40473,0.40474,51.12892,5299.27899,1.61932,45.00106,19.281931693627342,7.183026894032752,0.0
0.4548,0.45481,51.36938,5288.2639,1.84945,45.00126,18.56334685030221,6.9153351327890045,0.0
0.50475,0.50477,51.64034,5277.60756,2.06766,45.00148,17.797288059866794,6.629958077131951,0.0
0.5546,0.55463,51.94001,5267.33605,2.27324,45.00172,16.996444339902485,6.331622719978806,0.0
0.60435,0.60438,52.2665,5257.46868,2.46567,45.00198,16.172863534370006,6.024817200202791,0.0
0.65399,0.65403,52.61791,5248.01839,2.64462,45.00227,15.337680844977326,5.7136896734249145,0.0
0.70352,0.7036,52.99209,5238.99256,2.80693,45.04088,14.501347883123795,5.402133639889882,8.999999846476552
0.75293,0.75311,53.38695,5230.39299,2.95579,45.07745,13.672970848108115,5.093541398434981,8.999999846476552
0.80221,0.80256,53.8006,5222.21652,3.09134,45.11199,12.85988902494025,4.790647025834635,8.999999846476552
0.85139,0.85196,54.23122,5214.45621,3.21384,45.14455,12.068193038878617,4.4957194402516025,8.999999846476552
0.90045,0.90131,54.67703,5207.10193,3.32365,45.17519,11.302772546810132,4.210580167530871,8.999999846476552
0.94941,0.9506,55.13632,5200.14108,3.4212,45.20396,10.567398654946652,3.9366340439601366,8.999999846476552
0.99828,0.99985,55.60746,5193.55909,3.50696,45.23094,9.864827191507244,3.674907688061204,8.999999846476552
1.04706,1.04905,56.08888,5187.34,3.58147,45.25622,9.196913842407053,3.4260923916635004,8.999999846476552
1.09575,1.09821,56.5791,5181.46688,3.64528,45.27989,8.564733748298526,3.190588672948716,8.999999846476552
1.14436,1.14733,57.07673,5175.92225,3.69896,45.30203,7.968699791229382,2.9685503413432057,8.999999846476552
1.1929,1.19641,57.58044,5170.68843,3.74309,45.32272,7.408675334376215,2.75992649603512,8.999999846476552
1.24136,1.24545,58.089,5165.74778,3.77823,45.34208,6.884078535461339,2.5645003854668293,8.999999846476552
1.28976,1.29446,58.60126,5161.08293,3.80496,45.36017,6.393976492576288,2.3819244791313032,8.999999846476552
1.3381,1.34343,59.11613,5156.67701,3.82382,45.37709,5.937168390631813,2.2117514418124506,8.999999846476552
1.38638,1.39238,59.63261,5152.5137,3.83535,45.39292,5.512257508833503,2.053460958264417,8.999999846476552
1.4346,1.44129,60.14977,5148.57738,3.84003,45.40774,5.117712448690674,1.9064825422559026,8.999999846476552
1.48277,1.49018,60.66675,5144.85321,3.83837,45.42163,4.751918278112659,1.7702145890917143,8.999999846476552
1.53089,1.53904,61.18274,5141.3271,3.83082,45.43465,4.413218491712123,1.6440400069297905,8.999999846476552
1.57897,1.58788,61.697,5137.98583,3.8178,45.44688,4.099948790283719,1.52733880052579,8.999999846476552
1.627,1.6367,62.20884,5134.81696,3.79972,45.45839,3.8104637099977805,1.419497991308404,8.999999846476552
1.67499,1.68549,62.71763,5131.80888,3.77696,45.46922,3.5431571064803333,1.3199192482381261,8.999999846476552
1.72294,1.73427,63.22279,5128.95075,3.74988,45.47943,3.2964774385290987,1.2280245813936006,8.999999846476552
1.77085,1.78302,63.72377,5126.23252,3.71879,45.48909,3.06893871489763,1.1432604199367429,8.999999846476552
1.81874,1.83176,64.22009,5123.64484,3.68401,45.49823,2.8591278757380074,1.0651003618943615,8.999999846476552
1.86658,1.88048,64.71127,5121.17909,3.64582,45.5069,2.6657092855254243,0.9930468478907797,8.999999846476552
1.9144,1.92918,65.1969,5118.82728,3.60448,45.51514,2.4874269218052114,0.9266319765136936,8.999999846476552
1.96219,1.97787,65.67658,5116.58203,3.56023,45.52298,2.323104757170235,0.8654176466108026,8.999999846476552
2.00994,2.02654,66.14997,5114.43656,3.5133,45.53048,2.1716457524933017,0.8089951822423905,8.999999846476552
2.05768,2.0752,66.61672,5112.38461,3.46389,45.53765,2.0320298085324353,0.7569845696003948,8.999999846476552
2.10538,2.12385,67.07653,5110.42043,3.41219,45.54453,1.9033109607881156,0.7090334120189201,8.999999846476552
2.15306,2.17249,67.52913,5108.53871,3.35837,45.55114,1.7846140487159836,0.6648156891683331,8.999999846476552
2.20072,2.22111,67.97424,5106.7346,3.30261,45.55751,1.675131044512009,0.6240303894311412,8.999999846476552
2.24836,2.26973,68.41164,5105.00363,3.24503,45.56367,1.5741171879951197,0.5864000700440756,8.999999846476552
2.29597,2.31833,68.8411,5103.34168,3.18579,45.56963,1.480887041819635,0.551669387560928,8.999999846476552
2.34357,2.36693,69.26241,5101.74499,3.125,45.57541,1.3948105545800067,0.5196036312554817,8.999999846476552
2.39114,2.41551,69.67539,5100.21009,3.06279,45.58104,1.3153091975256224,0.48998728394612573,8.999999846476552
2.4387,2.46409,70.07987,5098.73379,2.99925,45.58652,1.2418522229141498,0.4626226281340282,8.999999846476552
2.48623,2.51266,70.47569,5097.31318,2.93449,45.59188,1.1739530778217304,0.4373284100530735,8.999999846476552
2.53375,2.56122,70.86268,5095.94556,2.86859,45.59713,1.111165995927735,0.41393857002000983,8.999999846476552
2.58126,2.60978,71.24073,5094.62846,2.80164,45.60228,1.053082780935659,0.39230104417409795,8.999999846476552
2.62874,2.65833,71.60969,5093.35961,2.73372,45.60734,0.9993297884003965,0.3722766401283591,8.999999846476552
2.67621,2.70687,71.96946,5092.13691,2.66489,45.61233,0.9495651074842995,0.3537379870995537,8.999999846476552
2.72367,2.75541,72.31993,5090.95845,2.59523,45.61725,0.9034759402176407,0.33656855961374843,8.999999846476552
2.77111,2.80394,72.66098,5089.82244,2.52478,45.62212,0.8607761729595305,0.320661772811609,8.999999846476552
2.81853,2.85247,72.99254,5088.72726,2.45361,45.62694,0.8212041327111934,0.3059201466160607,8.999999846476552
2.86595,2.901,73.31451,5087.67139,2.38176,45.63172,0.7845205195531738,0.29225453551074615,8.999999846476552
2.91334,2.94952,73.62681,5086.65343,2.30929,45.63647,0.7505065056241151,0.2795834203596028,8.999999846476552
2.96073,2.99804,73.92937,5085.67211,2.23624,45.64119,0.718961990596749,0.2678322585257666,8.999999846476552
3.0081,3.04655,74.22211,5084.72622,2.16265,45.6459,0.6897040034568056,0.2569328884921648,8.999999846476552
3.05546,3.09506,74.50498,5083.81467,2.08855,45.65059,0.66256524046718,0.24682298521469972,8.999999846476552
3.10281,3.14357,74.77792,5082.93644,2.01399,45.65528,0.637392729446407,0.23744556253083512,8.999999846476552
3.15015,3.19208,75.04086,5082.09056,1.93899,45.65996,0.6140466108533599,0.22874851908157542,8.999999846476552
3.19747,3.24058,75.29376,5081.27617,1.86358,45.66465,0.5923990266165221,0.22068422437113222,8.999999846476552
3.24478,3.28909,75.53657,5080.49243,1.7878,45.66934,0.5723331081451902,0.21320914177447095,8.999999846476552
3.29209,3.33759,75.76925,5079.73859,1.71167,45.67404,0.553742055485835,0.20628348549882594,8.999999846476552
3.33938,3.3861,75.99175,5079.01393,1.63521,45.67876,0.5365283001261217,0.1998709087061706,8.999999846476552
3.38666,3.4346,76.20404,5078.31778,1.55845,45.6835,0.520602744487631,0.19393822020424523,8.999999846476552
3.43393,3.4831,76.40608,5077.64951,1.48141,45.68825,0.5058840716745289,0.18845512730977532,8.999999846476552
3.48119,3.5316,76.59785,5077.00853,1.40411,45.69304,0.49229811955650565,0.18339400267789757,8.999999846476552
3.52844,3.58011,76.7793,5076.39429,1.32657,45.69785,0.47977731375128496,0.17872967307322493,8.999999846476552
3.57569,3.62861,76.95041,5075.80627,1.24881,45.70269,0.46826015453983394,0.17443922823226268,8.999999846476552
3.62292,3.67712,77.11115,5075.24398,1.17084,45.70756,0.45769075317906244,0.17050184812768845,8.999999846476552
3.67014,3.72562,77.26152,5074.70694,1.09268,45.71247,0.44801841349455884,0.16689864710063723,8.999999846476552
3.71736,3.77413,77.40147,5074.19471,1.01434,45.71742,0.43919725501550055,0.16361253346853974,8.999999846476552
3.76456,3.82264,77.53099,5073.70687,0.93585,45.72241,0.43118587427620697,0.1606280833510393,8.999999846476552
3.81176,3.87116,77.65007,5073.24302,0.85721,45.72744,0.42394704123997246,0.15793142757988177,8.999999846476552
3.85895,3.91967,77.75868,5072.80275,0.77844,45.73251,0.41744742811395436,0.15551015067532634,8.999999846476552
3.90613,3.96819,77.85682,5072.38571,0.69956,45.73763,0.41165736810993364,0.15335320097818111,8.999999846476552
3.9533,4.01672,77.94447,5071.99151,0.62056,45.7428,0.4065506419774883,0.15145081112779393,8.999999846476552
4.00047,4.06524,78.02161,5071.61983,0.54147,45.74802,0.4021042903823538,0.14979442816805494,8.999999846476552
4.04763,4.11377,78.08825,5071.2703,0.4623,45.75329,0.3982984504384526,0.1483766526512761,8.999999846476552
4.09478,4.1623,78.14436,5070.9426,0.38305,45.75861,0.39511621491943166,0.14719118619078508,8.999999846476552
4.14192,4.21084,78.18995,5070.63641,0.30375,45.76399,0.392543512878941,0.14623278698883765,8.999999846476552
4.18906,4.25938,78.22501,5070.35138,0.22439,45.76942,0.3905690106036243,0.14549723293900063,8.999999846476552
4.23618,4.30793,78.24952,5070.08721,0.145,45.77491,0.38918403200468904,0.14498129196991713,8.999999846476552
4.28331,4.35648,78.2635,5069.84357,0.06557,45.78047,0.3883824977273796,0.14468269936198327,8.999999846476552
4.33042,4.40504,78.26693,5069.62015,-0.01387,45.78608,0.38816088242788427,0.1446001418318718,8.999999846476552
4.37753,4.4536,78.25982,5069.41663,-0.09332,45.79176,0.38851818982536984,0.14473324823875863,8.999999846476552
4.42463,4.50217,78.24216,5069.23267,-0.17277,45.7975,0.38945594529925454,0.14508258682661215,8.999999846476552
4.47172,4.55075,78.21396,5069.06796,-0.2522,45.8033,0.3909782059546015,0.14564966897381726,8.999999846476552
4.51881,4.59933,78.17522,5068.92216,-0.33161,45.80918,0.3930915882336977,0.146436959479215,8.999999846476552
4.56589,4.64792,78.12595,5068.79493,-0.41099,45.81512,0.3958053133095547,0.1474478934723758,8.999999846476552
4.61297,4.69651,78.06615,5068.68593,-0.49032,45.82113,0.39913127064993087,0.14868690009287033,8.999999846476552
4.66004,4.74512,77.99582,5068.5948,-0.5696,45.82722,0.4030841003052266,0.1501594331446757,8.999999846476552
4.7071,4.79373,77.91499,5068.52117,-0.64881,45.83338,0.40768129463516256,0.1518720089920395,8.999999846476552
4.75416,4.84234,77.82365,5068.46465,-0.72795,45.83962,0.4129433203627905,0.15383225202781042,8.999999846476552
4.80121,4.89097,77.72181,5068.42484,-0.80699,45.84593,0.4188937620207314,0.15604894811093617,8.999999846476552
4.84826,4.9396,77.6095,5068.40135,-0.88593,45.85232,0.42555948804463095,0.15853210644064591,8.999999846476552
4.8953,4.98825,77.48672,5068.39372,-0.96476,45.8588,0.43297084096425137,0.16129303040763598,8.999999846476552
4.94233,5.0369,77.35349,5068.4015,-1.04346,45.86536,0.4411618533544063,0.1643443980414755,8.999999846476552
4.98936,5.08556,77.20982,5068.42423,-1.12201,45.872,0.45017049142906623,0.1677003527558196,8.999999846476552
5.03638,5.13422,77.05575,5068.46139,-1.20041,45.87873,0.4600389284006359,0.17137660518193307,8.999999846476552
5.0834,5.1829,76.89128,5068.51244,-1.27864,45.88555,0.470813849978578,0.17539054697496576,8.999999846476552
5.13041,5.23159,76.71645,5068.57684,-1.35668,45.89247,0.4825467946503467,0.1797613775775535,8.999999846476552
5.17742,5.28029,76.53128,5068.65398,-1.43452,45.89948,0.4952945316785255,0.18451024503369784,8.999999846476552
5.22442,5.32899,76.33579,5068.74322,-1.51214,45.90658,0.5091194800481575,0.18966040205766974,8.999999846476552
5.27142,5.37771,76.13001,5068.84389,-1.58951,45.91379,0.5240901719278198,0.19523737868545396,8.999999846476552
5.31841,5.42644,75.91399,5068.95527,-1.66662,45.9211,0.5402817645482081,0.20126917296299043,8.999999846476552
5.36539,5.47518,75.68775,5069.07659,-1.74345,45.92852,0.5577766047619787,0.20778646125956984,8.999999846476552
5.41237,5.52393,75.45133,5069.20703,-1.81998,45.93605,0.5766648509260233,0.21482282993534324,8.999999846476552
5.45935,5.57269,75.20478,5069.3457,-1.89618,45.9437,0.5970451571351955,0.22241503023638937,8.999999846476552
5.50632,5.62146,74.94814,5069.49166,-1.97202,45.95146,0.6190254252348483,0.23060325843917032,8.999999846476552
5.55328,5.67024,74.68145,5069.64388,-2.04748,45.95935,0.642723630441249,0.23943146341586066,8.999999846476552
5.60024,5.71904,74.40478,5069.80129,-2.12252,45.96736,0.6682687267910974,0.24894768393811578,8.999999846476552
5.64719,5.76785,74.11817,5069.96271,-2.19712,45.97551,0.6958016390237287,0.2592044181792913,8.999999846476552
5.69414,5.81667,73.82169,5070.12687,-2.27124,45.9838,0.7254763478435633,0.2702590280032599,8.999999846476552
5.74108,5.8655,73.5154,5070.2924,-2.34485,45.99223,0.7574610758083908,0.28217418073899986,8.999999846476552
5.78801,5.91434,73.19938,5070.45784,-2.41789,46.00081,0.7919395813111967,0.2950183312228729,8.999999846476552
5.83494,5.9632,72.8737,5070.6216,-2.49034,46.00954,0.8291125682367572,0.3088662469327952,8.999999846476552
5.88186,6.01207,72.53844,5070.78196,-2.56215,46.01845,0.8691992188474208,0.3237995790285237,8.999999846476552
5.92878,6.06095,72.19369,5070.93706,-2.63325,46.02752,0.9124388572213495,0.33990748202616955,8.999999846476552
5.97569,6.10984,71.83955,5071.08488,-2.70361,46.03678,0.9590927500926054,0.35728728465851206,8.999999846476552
6.02259,6.15875,71.47612,5071.22326,-2.77316,46.04623,1.0094460511201746,0.37604521416636805,8.999999846476552
6.06949,6.20767,71.10352,5071.34984,-2.84183,46.05587,1.0638098933818276,0.39629717580761104,8.999999846476552
6.11638,6.25661,70.72187,5071.46205,-2.90956,46.06573,1.1225236331046544,0.4181695887058317,8.999999846476552
6.16326,6.30556,70.33129,5071.55713,-2.97628,46.07582,1.185957245200028,0.4418002782501422,8.999999846476552
6.21014,6.35452,69.93193,5071.63206,-3.0419,46.08614,1.2545138678714363,0.46733942402854645,8.999999846476552
6.257,6.40349,69.52395,5071.68358,-3.10633,46.09671,1.3286324892456012,0.49495056066872095,8.999999846476552
6.30386,6.45248,69.1075,5071.70814,-3.16948,46.10754,1.4087907633767356,0.5248116268736948,8.999999846476552
6.35071,6.50149,68.68277,5071.7019,-3.23124,46.11866,1.4955079358515129,0.5571160552866772,8.999999846476552
6.39755,6.5505,68.24996,5071.66069,-3.2915,46.13008,1.589347850232335,0.5920738924702801,8.999999846476552
6.44437,6.59953,67.80926,5071.57995,-3.35014,46.14182,1.690921995394114,0.6299129341196487,8.999999846476552
6.49119,6.64858,67.36092,5071.45478,-3.40703,46.1539,1.8008925399989164,0.6708798554841089,8.999999846476552
6.538,6.69764,66.90518,5071.27983,-3.46202,46.16635,1.919975283497365,0.7152413106928347,8.999999846476552
6.58479,6.74671,66.4423,5071.0493,-3.51496,46.17918,2.0489424326425705,0.7632849670793423,8.999999846476552
6.63158,6.7958,65.97257,5070.7569,-3.56567,46.19243,2.1886250880807774,0.8153204315019321,8.999999846476552
6.67835,6.8449,65.49632,5070.39584,-3.61397,46.20613,2.339915296626149,0.8716800148700439,8.999999846476552
6.7251,6.89401,65.01387,5069.95872,-3.65966,46.2203,2.5037674908920087,0.9327192684447743,8.999999846476552
6.77184,6.94313,64.5256,5069.43757,-3.70253,46.23499,2.6811990987045506,0.9988172108615175,8.999999846476552
6.81856,6.99227,64.03191,5068.82378,-3.74234,46.25022,2.87329005994829,1.0703761481421845,8.999999846476552
6.86526,7.04142,63.53323,5068.10803,-3.77884,46.26605,3.081180938288984,1.147820970262306,8.999999846476552
6.91195,7.09059,63.03003,5067.2803,-3.81176,46.2825,3.306069260098223,1.2315977873041133,8.999999846476552
6.95861,7.13977,62.52281,5066.32982,-3.84081,46.29964,3.5492036538841645,1.3221717462402902,8.999999846476552
7.00526,7.18895,62.01212,5065.24502,-3.86567,46.31751,3.811875302509991,1.4200238466604373,8.999999846476552
7.05188,7.23815,61.49855,5064.01352,-3.88601,46.33616,4.095406160281272,1.52564655132609,8.999999846476552
7.09847,7.28736,60.98275,5062.62211,-3.90148,46.35565,4.401133331860216,1.6395379669052623,8.999999846476552
7.14504,7.33658,60.46539,5061.05675,-3.91168,46.37604,4.730388965652918,1.7621943537301576,8.999999846476552
7.19157,7.38581,59.94723,5059.30254,-3.91622,46.3974,5.0844749886047635,1.8941007138436934,8.999999846476552
7.23808,7.43505,59.42905,5057.34379,-3.91468,46.41979,5.464632012095164,2.0357192076271495,8.999999846476552
7.28455,7.4843,58.91171,5055.16401,-3.90661,46.44329,5.87200178200844,2.1874751654635776,8.999999846476552
7.33098,7.53355,58.39614,5052.74601,-3.89153,46.46796,6.307582644520207,2.3497404975714633,8.999999846476552
7.37737,7.58281,57.88329,5050.07196,-3.86898,46.49389,6.77217766890142,2.522814368384261,8.999999846476552
7.42372,7.63207,57.37423,5047.12353,-3.83846,46.52116,7.2663353268041915,2.7069010980235415,8.999999846476552
7.47002,7.68134,56.87005,5043.88205,-3.79947,46.54984,7.790282990737766,2.9020853887315274,8.999999846476552
7.51627,7.73061,56.37194,5040.3287,-3.75149,46.58001,8.343853996461053,3.108305153693215,8.999999846476552
7.56247,7.77988,55.88113,5036.44473,-3.69404,46.61176,8.926409622473036,3.325322452343699,8.999999846476552
7.60861,7.82915,55.39891,5032.2118,-3.62662,46.64517,9.536758072496779,3.552693309211774,8.999999846476552
7.65469,7.87842,54.92666,5027.61228,-3.54876,46.6803,10.173073386412726,3.789737506109004,8.999999846476552
7.7007,7.92769,54.4658,5022.62964,-3.46004,46.71722,10.832818114989276,4.035509776432311,8.999999846476552
7.74663,7.97694,54.01778,5017.24886,-3.36007,46.75601,11.512674512758315,4.288774172699682,8.999999846476552
7.79249,8.02619,53.58411,5011.45693,-3.24852,46.7967,12.208489843890488,4.5479836915496294,8.999999846476552
7.83827,8.07543,53.16634,5005.24334,-3.12514,46.83935,12.915242044047377,4.8112674818776275,8.999999846476552
7.88397,8.12465,52.76602,4998.60054,-2.98976,46.88397,13.62703230188783,5.076428081252029,8.999999846476552
7.92956,8.17386,52.38472,4991.52452,-2.84232,46.93058,14.33711097299772,5.3409510695347375,8.999999846476552
7.97506,8.22305,52.02398,4984.01524,-2.68288,46.97917,15.037942481242947,5.602029246342861,8.999999846476552
8.02046,8.27222,51.68534,4976.07711,-2.51162,47.02971,15.72131339582731,5.856602892596444,8.999999846476552
8.06575,8.32136,51.37028,4967.71934,-2.32888,47.08214,16.378485657244365,6.101416851217153,8.999999846476552
8.11092,8.37048,51.08021,4958.95624,-2.13514,47.1364,17.000394011419267,6.3330940765409185,8.999999846476552
8.15597,8.41956,50.81644,4949.80735,-1.93104,47.19237,17.577883258405233,6.548224015699756,8.999999846476552
8.2009,8.46861,50.58022,4940.29747,-1.71736,47.24994,18.101977206293494,6.743462801029827,8.999999846476552
8.24569,8.51762,50.37262,4930.45652,-1.49507,47.30896,18.564167619795025,6.915640891020823,8.999999846476552
8.29035,8.5666,50.19459,4920.31925,-1.26524,47.36925,18.956708407237308,7.061872662712796,8.999999846476552
8.33487,8.61553,50.04691,4909.92474,-1.02911,47.43062,19.272898243779412,7.179661696280029,8.999999846476552
8.37925,8.66441,49.93021,4899.31578,-0.78801,47.49285,19.507334156259926,7.2669952420591155,8.999999846476552
8.42348,8.71324,49.84488,4888.53814,-0.54336,47.55574,19.656119526740987,7.3224217073420155,8.999999846476552
8.46757,8.76203,49.79117,4877.63967,-0.29666,47.61903,19.717012537774334,7.345105956143484,8.999999846476552
8.5115,8.81076,49.76909,4866.66936,-0.04943,47.68249,19.689505087489312,7.3348587071477365,8.999999846476552
8.55528,8.85944,49.77848,4855.67642,0.19682,47.74588,19.574827242638758,7.292138192585212,8.999999846476552
8.5989,8.90806,49.81898,4844.70926,0.44056,47.80896,19.375877815782065,7.218024296406627,8.999999846476552
8.64238,8.95662,49.89003,4833.81461,0.68036,47.8715,19.09708702537683,7.114167391553505,8.999999846476552
8.6857,9.00512,49.9909,4823.03672,0.91484,47.93328,18.744221835339747,6.982715823822767,8.999999846476552
8.72887,9.05356,50.12072,4812.41663,1.14273,47.99411,18.324148006262593,6.826227269683879,8.999999846476552
8.77189,9.10195,50.27846,4801.99158,1.36288,48.0538,17.844564844595418,6.647569923370435,8.999999846476552
8.81477,9.15027,50.46296,4791.79466,1.57429,48.11218,17.31372904097588,6.449819619391564,8.999999846476552
8.8575,9.19854,50.67296,4781.85444,1.77607,48.16913,16.740182976063533,6.236158619306513,8.999999846476552
8.90009,9.24675,50.90711,4772.19495,1.9675,48.22453,16.132500726995357,6.009780992446356,8.999999846476552
8.94255,9.2949,51.164,4762.8356,2.14801,48.27828,15.499062106215371,5.773808439432622,8.999999846476552
8.98487,9.343,51.44217,4753.79137,2.31717,48.33031,14.84786180682945,5.531219193800288,8.999999846476552
9.02707,9.39104,51.74011,4745.07299,2.47468,48.38058,14.186357481277799,5.284791427305974,8.999999846476552
9.06914,9.43903,52.05631,4736.68728,2.62037,48.42906,13.521357635429633,5.037061487528534,8.999999846476552
9.11109,9.48698,52.38926,4728.63744,2.7542,48.47574,12.858947776104811,4.790296385877689,8.999999846476552
9.15293,9.53487,52.73746,4720.92352,2.87623,48.52063,12.204451408720557,4.546479268191207,8.999999846476552
9.19466,9.58272,53.09944,4713.54277,2.98659,48.56374,11.562421260228165,4.307306145047903,8.999999846476552
9.23628,9.63052,53.47375,4706.49005,3.08552,48.60512,10.936655454271092,4.074191917439613,8.999999846476552
9.2778,9.67828,53.85898,4699.75825,3.17331,48.64481,10.330233201575767,3.848283672380842,8.999999846476552
9.31923,9.72601,54.25379,4693.33864,3.25029,48.68286,9.745564779913858,3.630479301759762,8.999999846476552
9.36058,9.77368,54.65699,4687.22096,3.31899,48.69217,9.184281325207783,3.421386446625241,0.0
9.40186,9.8213,55.06747,4681.39419,3.37755,48.70149,8.647518484931174,3.2214281655418904,0.0
9.44308,9.86887,55.48402,4675.84684,3.42642,48.71085,8.136129768802588,3.0309224133370667,0.0
9.48424,9.9164,55.90548,4670.56702,3.46605,48.72023,7.650544966901415,2.850029298123799,0.0
9.52534,9.96387,56.33077,4665.54253,3.4969,48.72965,7.190836093541261,2.6787756471287167,0.0
9.56638,10.01131,56.75887,4660.76113,3.51943,48.73909,6.756777634105831,2.5170774502236024,0.0
9.60738,10.05871,57.18879,4656.21065,3.53409,48.74857,6.347901837202487,2.364760457707419,0.0
9.64832,10.10607,57.61963,4651.87912,3.54134,48.75808,5.963548487567687,2.221578722023188,0.0
9.68922,10.15339,58.05053,4647.75487,3.54161,48.76763,5.60290894144498,2.087231002094934,0.0
9.73007,10.20069,58.4807,4643.82662,3.53533,48.77722,5.265064468753572,1.961375046794318,0.0
9.77088,10.24796,58.90936,4640.08349,3.52289,48.78685,4.949019135744019,1.8436398445950775,0.0
9.81164,10.2952,59.33583,4636.5151,3.5047,48.79651,4.653727589698524,1.7336359741049483,0.0
9.85237,10.34241,59.75945,4633.11155,3.48112,48.80622,4.378118185296229,1.630964219245225,0.0
9.89305,10.3896,60.1796,4629.86345,3.45251,48.81597,4.121111931447176,1.5352226274449345,0.0
9.9337,10.43678,60.59571,4626.76193,3.41919,48.82576,3.8816377473340204,1.4460121929177834,0.0
9.97432,10.48393,61.00726,4623.79863,3.38148,48.83559,3.6586445052949848,1.3629413429529256,0.0
10.01489,10.53106,61.41374,4620.9657,3.33968,48.84547,3.4511103127147535,1.285629395663544,0.0
10.05544,10.57818,61.8147,4618.25576,3.29407,48.85539,3.258049450641044,1.2137091448040864,0.0
10.09595,10.62528,62.20971,4615.66191,3.2449,48.86536,3.078517347429288,1.1468287125837755,0.0
10.13644,10.67237,62.59836,4613.17772,3.19241,48.87538,2.911613924424417,1.0846527960211036,0.0
10.17689,10.71945,62.9803,4610.79716,3.13684,48.88544,2.7564856097045345,1.026863417116335,0.0
10.21732,10.76652,63.35518,4608.51463,3.0784,48.89555,2.612326276645276,0.9731602724914266,0.0
10.25771,10.81358,63.72266,4606.3249,3.01729,48.90571,2.4783773275469483,0.9232607645433353,0.0
10.29808,10.86063,64.08247,4604.22312,2.95368,48.91592,2.353927109257632,0.8768997837482497,0.0
10.33843,10.90767,64.43432,4602.20477,2.88776,48.92618,2.2383098178861385,0.8338293006383481,0.0
10.37874,10.9547,64.77796,4600.26565,2.81968,48.93649,2.130904023376772,0.793817816167074,0.0
10.41904,11.00173,65.11315,4598.40184,2.74959,48.94684,2.0311309217167772,0.7566497106104266,0.0
10.45931,11.04876,65.43966,4596.60973,2.67763,48.95725,1.9384524027401833,0.7221245237730509,0.0
10.49955,11.09578,65.75729,4594.88593,2.60393,48.96771,1.8523690045437298,0.6900561929543491,0.0
10.53978,11.1428,66.06586,4593.22732,2.52861,48.97822,1.7724178111877167,0.660272269786731,0.0
10.57998,11.18981,66.36517,4591.63097,2.45179,48.98878,1.6981703383025641,0.6326131325684263,0.0
10.62015,11.23683,66.65508,4590.09417,2.37355,48.9994,1.6292304411834517,0.6069312069736946,0.0
10.66031,11.28384,66.93541,4588.6144,2.29402,49.01006,1.565232271669346,0.5830902049365067,0.0
10.70045,11.33085,67.20604,4587.18931,2.21326,49.02078,1.5058383032892761,0.56096438896557,0.0
10.74057,11.37786,67.46683,4585.81669,2.13138,49.03155,1.4507374386405842,0.540437867092929,0.0
10.78066,11.42487,67.71766,4584.4945,2.04844,49.04237,1.39964320851117,0.5214039219996176,0.0
10.82074,11.47189,67.9584,4583.22084,1.96453,49.05325,1.352292068701765,0.5037643765371433,0.0
10.8608,11.5189,68.18897,4581.99391,1.8797,49.06418,1.308441797714314,0.48742899682424956,0.0
10.90084,11.56592,68.40926,4580.81203,1.79404,49.07516,1.2678699962919193,0.47231493328606505,0.0
10.94086,11.61294,68.61917,4579.67363,1.70759,49.0862,1.2303726881356676,0.4583461993843052,0.0
10.98086,11.65997,68.81863,4578.57723,1.62042,49.09729,1.1957630198815223,0.44545318732445854,0.0
11.02084,11.707,69.00756,4577.52144,1.53257,49.10843,1.1638700575144998,0.43357221968839893,0.0
11.06081,11.75403,69.18589,4576.50495,1.44411,49.11963,1.1345376757783734,0.42264513571027945,0.0
11.10076,11.80107,69.35355,4575.52651,1.35507,49.13088,1.1076235367197977,0.41261891075734186,0.0
11.14069,11.84811,69.51048,4574.58494,1.26551,49.14219,1.0829981532842199,0.4034453074947555,0.0
11.18061,11.89516,69.65663,4573.67913,1.17546,49.15355,1.0605440337859904,0.3950805571782241,0.0
11.22051,11.94221,69.79194,4572.80799,1.08497,49.16497,1.0401549030794148,0.3874850695197088,0.0
11.26039,11.98927,69.91637,4571.97052,0.99408,49.17644,1.021734996366425,0.38062316961220577,0.0
11.30026,12.03634,70.02989,4571.16573,0.90282,49.18796,1.0051984217247043,0.3744628604546997,0.0
11.34011,12.08341,70.13244,4570.39267,0.81123,49.19954,0.9904685876551581,0.36897560969853416,0.0
11.37995,12.13049,70.224,4569.65043,0.71934,49.21118,0.9774776921805186,0.3641361593231993,0.0
11.41977,12.17758,70.30454,4568.93812,0.6272,49.22287,0.9661662702950837,0.359922357049453,0.0
11.45957,12.22468,70.37403,4568.25489,0.53482,49.23461,0.9564827968486117,0.3563150084031216,0.0
11.49936,12.27178,70.43246,4567.59988,0.44225,49.24642,0.9483833422324011,0.3532977484491064,0.0
11.53914,12.3189,70.47979,4566.97227,0.34951,49.25827,0.9418312785422949,0.3508569323293707,0.0
11.5789,12.36602,70.51603,4566.37124,0.25663,49.27018,0.9367970341866403,0.3489815438479484,0.0
11.61864,12.41315,70.54115,4565.79597,0.16364,49.28215,0.9332578952131536,0.34766312145997386,0.0
11.65838,12.46029,70.55515,4565.24567,0.07057,49.29417,0.931197851927639,0.34689570113311863,0.0
11.69809,12.50745,70.55802,4564.71952,-0.02255,49.30625,0.9306074896764401,0.34667577566118135,0.0
11.73779,12.55461,70.54976,4564.21672,-0.11569,49.31838,0.9314839229574299,0.3470022701186975,0.0
11.77748,12.60178,70.53037,4563.73643,-0.20883,49.33057,0.9338307723241996,0.3478765332571424,0.0
11.81716,12.64896,70.49986,4563.27785,-0.30193,49.34282,0.9376581838281144,0.34930234474760824,0.0
11.85682,12.69615,70.45823,4562.84011,-0.39496,49.35512,0.9429828910379572,0.3512859382847533,0.0
11.89646,12.74336,70.4055,4562.42236,-0.48791,49.36747,0.9498283199539521,0.35383604067003616,0.0
11.9361,12.79057,70.34168,4562.02372,-0.58073,49.37989,0.958224737418092,0.3569639270984678,0.0
11.97572,12.8378,70.26679,4561.64327,-0.6734,49.39235,0.9682094438922202,0.3606834929735191,0.0
12.01532,12.88504,70.18086,4561.28008,-0.76588,49.40488,0.9798270117489197,0.36501134267674684,0.0
12.05491,12.93229,70.0839,4560.93317,-0.85815,49.41745,0.9931295704859652,0.3699668958176818,0.0
12.09449,12.97955,69.97594,4560.60152,-0.95016,49.43009,1.0081771405265394,0.3755725115831919,0.0
12.13406,13.02682,69.85703,4560.28407,-1.0419,49.44278,1.0250380175158618,0.3818536318980879,0.0
12.17361,13.07411,69.72719,4559.97972,-1.13332,49.45552,1.0437892092510643,0.3888389441929987,0.0
12.21315,13.12141,69.58647,4559.6873,-1.22438,49.46833,1.0645169275938415,0.39656056465477596,0.0
12.25267,13.16872,69.43491,4559.4056,-1.31505,49.48118,1.087317137897346,0.4050542429024695,0.0
12.29219,13.21604,69.27257,4559.13332,-1.40528,49.4941,1.1122961686242263,0.4143595890860861,0.0
12.33169,13.26338,69.0995,4558.8691,-1.49504,49.50706,1.1395713839410675,0.4245203244457158,0.0
12.37117,13.31073,68.91576,4558.6115,-1.58428,49.52009,1.1692719221139265,0.43558455638329713,0.0
12.41064,13.35809,68.72142,4558.35899,-1.67294,49.53317,1.2015395024974187,0.4476050790872848,0.0
12.4501,13.40547,68.51656,4558.10995,-1.76099,49.5463,1.2365293037925096,0.4606397007067861,0.0
12.48955,13.45286,68.30124,4557.86265,-1.84837,49.55949,1.2744109159892547,0.4747515979752775,0.0
12.52898,13.50026,68.07555,4557.61525,-1.93502,49.57273,1.3153693680280507,0.4900096990414616,0.0
12.5684,13.54768,67.83959,4557.3658,-2.02089,49.58603,1.35960623262145,0.506489095044461,0.0
12.6078,13.59511,67.59345,4557.11219,-2.1059,49.59939,1.4073408088805046,0.5242714806732499,0.0
12.6472,13.64255,67.33725,4556.85218,-2.19,49.61279,1.4588113822880926,0.5434456235398685,0.0
12.68657,13.69,67.07109,4556.58339,-2.27311,49.62626,1.5142765601412647,0.5641078616668357,0.0
12.72594,13.73747,66.79511,4556.30324,-2.35514,49.63978,1.5740166787406076,0.5863626277022121,0.0
12.76529,13.78496,66.50944,4556.009,-2.43603,49.65335,1.6383352762665482,0.6103229976047769,0.0
12.80462,13.83245,66.21422,4555.69771,-2.51568,49.66697,1.7075606223568023,0.6361112604518734,0.0
12.84395,13.87996,65.90961,4555.36622,-2.59399,49.68065,1.78204729176774,0.6638595046696724,0.0
12.88325,13.92748,65.59577,4555.01114,-2.67087,49.69439,1.8621777650474058,0.6937102143259899,0.0
12.92254,13.97501,65.2729,4554.62882,-2.74621,49.70818,1.9483640337241226,0.725816867105275,0.0
12.96182,14.02256,64.94117,4554.21537,-2.81988,49.72202,2.041049180969832,0.7603445231472965,0.0
13.00108,14.07012,64.60082,4553.76659,-2.89177,49.73591,2.1407089008602336,0.7974703910115165,0.0
13.04033,14.11769,64.25205,4553.27799,-2.96173,49.74985,2.247852910058556,0.8373843535664406,0.0
13.07956,14.16527,63.89511,4552.74473,-3.02963,49.76385,2.36302619479559,0.8802894325224884,0.0
13.11877,14.21287,63.53027,4552.16162,-3.0953,49.7779,2.48681002325702,0.9264021655729145,0.0
13.15797,14.26047,63.1578,4551.52313,-3.15859,49.792,2.6198226387316215,0.9759528646097475,0.0
13.19715,14.30809,62.77801,4550.82327,-3.21932,49.80615,2.762719532026383,1.0291857172055916,0.0
13.23631,14.35571,62.39121,4550.05569,-3.27728,49.82035,2.9161931726177124,1.0863586864603774,0.0
13.27546,14.40335,61.99777,4549.21354,-3.33229,49.8346,3.0809720568409293,1.1477431564269038,0.0
13.31458,14.45099,61.59805,4548.28954,-3.38412,49.84891,3.2578189082482187,1.2136232616968237,0.0
13.35369,14.49864,61.19246,4547.27588,-3.43254,49.86325,3.44752784043036,1.2842948304770885,0.0
13.39277,14.5463,60.78142,4546.16428,-3.47729,49.87765,3.650920266672881,1.360063860829242,0.0
13.43184,14.59397,60.3654,4544.94591,-3.51813,49.8921,3.8688393147026634,1.4412444400155733,0.0
13.47088,14.64164,59.9449,4543.61137,-3.55476,49.90659,4.102142479730713,1.5281560075642382,0.0
13.5099,14.68931,59.52044,4542.15075,-3.58689,49.92112,4.351692226831086,1.6211198544081458,0.0
13.54889,14.73699,59.09259,4540.55356,-3.61421,49.9357,4.618344236733337,1.720454744133369,0.0
13.58787,14.78467,58.66196,4538.80875,-3.63639,49.95033,4.902932980437685,1.8264715391437427,0.0
13.62681,14.83236,58.2292,4536.90474,-3.65308,49.96499,5.206254311379139,1.939466715783973,0.0
13.66573,14.88004,57.79499,4534.82943,-3.66392,49.9797,5.52904478385783,2.059714659910768,0.0
13.70462,14.92772,57.36008,4532.57023,-3.66854,49.99445,5.871957448285804,2.187458649985405,0.0
13.74348,14.9754,56.92522,4530.11412,-3.66655,50.00923,6.235533943481585,2.32290046071916,0.0
13.78231,15.02307,56.49126,4527.44773,-3.65755,50.02406,6.620172810013825,2.466188558960089,0.0
13.82111,15.07073,56.05906,4524.55739,-3.64114,50.03892,7.02609409264919,2.6174049171735008,0.0
13.85987,15.11839,55.62955,4521.42928,-3.61692,50.05381,7.453300489715155,2.776550540557378,0.0
13.8986,15.16603,55.20369,4518.04954,-3.58447,50.06874,7.901535546449552,2.9435298929650817,0.0
13.93729,15.21367,54.78249,4514.40442,-3.5434,50.0837,8.370239679178102,3.11813451475441,0.0
13.97594,15.26128,54.36702,4510.48051,-3.49331,50.09868,8.858505154157351,3.300026251222015,0.0
14.01455,15.30888,53.95837,4506.26487,-3.43384,50.1137,9.365031520239711,3.488720650098491,0.0
14.05311,15.35645,53.55768,4501.74537,-3.36463,50.12874,9.888083391931707,3.6835712346267764,0.0
14.09162,15.404,53.16614,4496.91084,-3.28538,50.1438,10.425452874219946,3.883755505821171,0.0
14.13009,15.45152,52.78494,4491.75144,-3.19583,50.15888,10.97442927888482,4.088263660997369,0.0
14.1685,15.49902,52.41532,4486.25894,-3.09575,50.17399,11.531779061230182,4.295891119676375,0.0
14.20686,15.54648,52.05852,4480.42698,-2.98501,50.1891,12.093739056666939,4.505236004033934,0.0
14.24517,15.5939,51.71579,4474.25145,-2.86352,50.20423,12.656026065041553,4.714702709315071,0.0
14.28341,15.64128,51.38837,4467.73074,-2.7313,50.21938,13.213865566408648,4.922512601214955,0.0
14.32159,15.68861,51.0775,4460.86608,-2.58845,50.23453,13.762041813472859,5.126722676631493,0.0
14.3597,15.7359,50.78439,4453.66172,-2.43518,50.24968,14.294970710059633,5.32525271281325,0.0
14.39774,15.78313,50.51019,4446.1252,-2.27179,50.26485,14.806795756306974,5.5159210094678475,0.0
14.43572,15.83031,50.25602,4438.26747,-2.09872,50.28001,15.291505958422466,5.696488313248844,0.0
14.47361,15.87743,50.02292,4430.10297,-1.91651,50.29517,15.743073042515478,5.864708933518548,0.0
14.51143,15.92448,49.81185,4421.64964,-1.72582,50.31033,16.155603694867935,6.018387455854558,0.0
14.54917,15.97147,49.62369,4412.92881,-1.52744,50.32548,16.523501023259353,6.155438890641652,0.0
14.58683,16.01839,49.4592,4403.96502,-1.32223,50.34063,16.84162816069514,6.2739496197652365,0.0
14.6244,16.06524,49.31902,4394.78578,-1.1112,50.35577,17.105466076440567,6.372236185373771,0.0
14.66188,16.11201,49.20367,4385.42116,-0.8954,50.3709,17.311257355487772,6.448898851513284,0.0
14.69928,16.1587,49.11353,4375.90336,-0.67597,50.38601,17.45612804276988,6.5028669943030595,0.0
14.73658,16.20531,49.04885,4366.26623,-0.45412,50.40111,17.538180642171955,6.533433746514158,0.0
14.77379,16.25183,49.00972,4356.5447,-0.23108,50.4162,17.55655295468633,6.540277916330397,0.0
14.8109,16.29827,48.9961,4346.77421,-0.00808,50.43128,17.511439504410667,6.523471969096395,0.0
14.84792,16.34463,49.00779,4336.99009,0.21362,50.44633,17.404074644856625,6.483475733973045,0.0
14.88484,16.39089,49.04448,4327.22704,0.43281,50.46138,17.23667883667732,6.421116390977463,0.0
14.92167,16.43707,49.10568,4317.51857,0.64831,50.4764,17.012371813109752,6.337556122825555,0.0
14.9584,16.48316,49.19082,4307.89648,0.85903,50.49142,16.73505819884018,6.23424950494981,0.0
14.99504,16.52917,49.29918,4298.39052,1.06392,50.50642,16.40929247214375,6.112893200343258,0.0
15.03158,16.57508,49.42996,4289.02796,1.26203,50.5214,16.040130876913253,5.975370792893745,0.0
15.06803,16.62092,49.58226,4279.83338,1.45253,50.53637,15.632977991094672,5.823695630089154,0.0
15.10438,16.66666,49.75509,4270.82848,1.63467,50.55133,15.193435197784822,5.65995437451431,0.0
15.14064,16.71233,49.9474,4262.03201,1.80782,50.56629,14.727157392104795,5.486253623391063,0.0
15.17681,16.75791,50.15808,4253.45966,1.97146,50.58123,14.239723028828479,5.304671497900666,0.0
15.2129,16.80341,50.38599,4245.12424,2.12518,50.59617,13.736521220709331,5.1172155843398714,0.0
15.2489,16.84884,50.62995,4237.03566,2.26867,50.6111,13.222658174183403,4.925788078958487,0.0
15.28481,16.89419,50.88876,4229.20115,2.40173,50.62603,12.702883913901243,4.7321584909195105,0.0
15.32065,16.93947,51.16123,4221.62547,2.52424,50.64096,12.181539085972382,4.537943825108017,0.0
15.3564,16.98469,51.44615,4214.31105,2.63617,50.65589,11.662520694155525,4.344595817960463,0.0
15.39208,17.02983,51.74233,4207.25829,2.73757,50.67082,11.14926493507479,4.153394543131107,0.0
15.42768,17.07492,52.0486,4200.46578,2.82856,50.68576,10.64474485328228,3.9654475379411167,0.0
15.46321,17.11994,52.3638,4193.93052,2.90931,50.7007,10.15148031138237,3.781693517512199,0.0
15.49867,17.16491,52.68682,4187.6482,2.98004,50.71566,9.671557729240144,3.6029097281411073,0.0
15.53406,17.20983,53.01657,4181.61337,3.04102,50.73063,9.206657148703629,3.4297220296207924,0.0
15.56939,17.25469,53.35199,4175.81969,3.09254,50.74561,8.758084385198476,3.262616872555383,0.0
15.60466,17.29951,53.69208,4170.26011,3.13493,50.7606,8.326806297160564,3.1019544371518175,0.0
15.63986,17.34428,54.03586,4164.92701,3.16854,50.77561,7.913487506413466,2.947982312526633,0.0
15.67501,17.38901,54.3824,4159.81244,3.19371,50.79064,7.518527211386497,2.800849210598289,0.0
15.7101,17.4337,54.73082,4154.90814,3.21081,50.80569,7.142095031711819,2.660618319142729,0.0
15.74514,17.47835,55.08027,4150.20576,3.22022,50.82076,6.7841650941918115,2.5272799997130737,0.0
15.78012,17.52296,55.42996,4145.6969,3.2223,50.83586,6.444547808918608,2.4007636250802324,0.0
15.81506,17.56755,55.77912,4141.37322,3.21742,50.85098,6.122918986882832,2.2809484263082864,0.0
15.84994,17.6121,56.12703,4137.2265,3.20593,50.86613,5.818846116570438,2.1676732814781903,0.0
15.88478,17.65663,56.47302,4133.24867,3.18819,50.88131,5.531811748639154,2.0607454270950356,0.0
15.91957,17.70112,56.81645,4129.43193,3.16454,50.89651,5.261234038117045,1.9599481105975154,0.0
15.95432,17.7456,57.1567,4125.76868,3.1353,50.91175,5.006484566663026,1.8650472296188936,0.0
15.98903,17.79005,57.49323,4122.25164,3.1008,50.92701,4.766903617526981,1.7757970223115593,0.0
16.0237,17.83448,57.82548,4118.87381,3.06134,50.94231,4.541813107212288,1.6919448847315706,0.0
16.05832,17.8789,58.15297,4115.62849,3.01721,50.95764,4.330527394254093,1.6132353973929552,0.0
16.09291,17.92329,58.47522,4112.50929,2.96869,50.97301,4.132362190465628,1.5394136449414382,0.0
16.12746,17.96767,58.79179,4109.51015,2.91604,50.98841,3.9466417965151037,1.470227911597207,0.0
16.16198,18.01204,59.10227,4106.6253,2.85952,51.00385,3.7727048741010796,1.4054318314421184,0.0
16.19645,18.05639,59.40627,4103.84928,2.79937,51.01933,3.6099089534720163,1.3447860675893266,0.0
16.2309,18.10073,59.70343,4101.17693,2.73581,51.03485,3.457633859032041,1.2880595883115673,0.0
16.26531,18.14506,59.99342,4098.60335,2.66905,51.0504,3.3152842186045817,1.2350306018078827,0.0
16.29969,18.18938,60.27591,4096.12394,2.5993,51.06599,3.1822912044642133,1.1854872047837937,0.0
16.33404,18.23369,60.55061,4093.73435,2.52674,51.08162,3.058113637160785,1.139227793654831,0.0
16.36835,18.278,60.81724,4091.43049,2.45156,51.0973,2.9422385668760844,1.096061281117188,0.0
16.40264,18.3223,61.07556,4089.20847,2.37394,51.11301,2.8341814319028718,1.0558071551853323,0.0
16.4369,18.36659,61.32531,4087.06466,2.29401,51.12877,2.7334858799580326,1.0182954126264527,0.0
16.47113,18.41088,61.56627,4084.99562,2.21195,51.14457,2.6397233254873673,0.9833663940448449,0.0
16.50533,18.45517,61.79824,4082.99811,2.12789,51.16041,2.552492304954237,0.9508705437099698,0.0
16.5395,18.49945,62.02101,4081.06906,2.04196,51.17629,2.4714176822248106,0.9206681135415496,0.0
16.57365,18.54373,62.23442,4079.20559,1.9543,51.19222,2.396149747518389,0.8926288274448558,0.0
16.60777,18.58801,62.43829,4077.40496,1.86503,51.20819,2.326363245920455,0.8666315194062585,0.0
16.64186,18.63229,62.63247,4075.66458,1.77424,51.22421,2.261756364997741,0.8425637563532029,0.0
16.67593,18.67657,62.81681,4073.982,1.68207,51.24027,2.2020497055476955,0.820321454731303,0.0
16.70997,18.72085,62.99118,4072.3549,1.5886,51.25637,2.1469852548573893,0.7998084980162695,0.0
16.74399,18.76513,63.15546,4070.78104,1.49394,51.27252,2.09632537790053,0.7809363609082548,0.0
16.77799,18.80942,63.30954,4069.25833,1.39817,51.28872,2.0498518386136255,0.7636237447314715,0.0
16.81196,18.8537,63.4533,4067.78474,1.30139,51.30496,2.0073648606728405,0.7477962275488595,0.0
16.8459,18.89799,63.58666,4066.35835,1.20367,51.32125,1.9686822349232678,0.7333859316560049,0.0
16.87983,18.94229,63.70954,4064.97728,1.10511,51.33758,1.9336384787937893,0.7203312104410572,0.0
16.91373,18.98658,63.82184,4063.63977,1.00577,51.35396,1.9020840515375366,0.7085763560411543,0.0
16.94761,19.03088,63.9235,4062.34407,0.90573,51.37039,1.8738846279515604,0.6980713287838886,0.0
16.98146,19.07519,64.01446,4061.08852,0.80506,51.38686,1.8489204322886812,0.6887715090519465,0.0
17.0153,19.1195,64.09467,4059.87148,0.70383,51.40338,1.8270856333605303,0.6806374719430741,0.0
17.04911,19.16382,64.16406,4058.69136,0.60211,51.41995,1.8082878012649923,0.6736347848867567,0.0
17.0829,19.20814,64.22261,4057.54661,0.49996,51.43656,1.7924474257749583,0.6677338282313561,0.0
17.11667,19.25247,64.27027,4056.43569,0.39744,51.45322,1.7794974961297898,0.6629096387053751,0.0
17.15041,19.2968,64.30701,4055.35709,0.29462,51.46993,1.7693831417858106,0.6591417755875636,0.0
17.18414,19.34115,64.33282,4054.30929,0.19156,51.48669,1.7620613335574475,0.6564142093741295,0.0
17.21784,19.3855,64.34767,4053.29081,0.08832,51.50349,1.7575006445306753,0.6547152327127065,0.0
17.25153,19.42985,64.35156,4052.30014,-0.01504,51.52034,1.7556810701122878,0.6540373933659728,0.0
17.28519,19.47422,64.34448,4051.33577,-0.11847,51.53724,1.7565939066045577,0.6543774489775169,0.0
17.31884,19.51859,64.32643,4050.3962,-0.2219,51.55419,1.760241687724663,0.6557363434236536,0.0
17.35246,19.56297,64.29742,4049.47987,-0.32527,51.57118,1.7666381785434548,0.6581192045554565,0.0
17.38606,19.60736,64.25747,4048.58524,-0.42853,51.58822,1.775808426356287,0.6615353631494778,0.0
17.41965,19.65176,64.20659,4047.71069,-0.53161,51.60531,1.7877888680345655,0.6659983928990286,0.0
17.45321,19.69617,64.14481,4046.85461,-0.63445,51.62245,1.802627493410149,0.6715261712791647,0.0
17.48675,19.74058,64.07217,4046.0153,-0.737,51.63964,1.8203840642244975,0.6781409611110059,0.0
17.52027,19.78501,63.9887,4045.19103,-0.83918,51.65687,1.841130388094243,0.6858695126211196,0.0
17.55378,19.82944,63.89445,4044.38002,-0.94093,51.67415,1.864950646811056,0.6947431857418597,0.0
17.58726,19.87389,63.78947,4043.5804,-1.04219,51.69148,1.8919417780904002,0.7047980923228208,0.0
17.62072,19.91834,63.67383,4042.79024,-1.14288,51.70886,1.9222139095699728,0.716075257806678,0.0
17.65416,19.9628,63.54759,4042.00753,-1.24293,51.72628,1.9558908434530229,0.7286208017715733,0.0
17.68759,20.00728,63.41082,4041.23015,-1.34228,51.74375,1.9931105896355776,0.742486136535036,0.0
17.72099,20.05176,63.26362,4040.4559,-1.44084,51.76127,2.0340259444489726,0.7577281827508019,0.0
17.75437,20.09625,63.10607,4039.68246,-1.53853,51.77884,2.0788051112504453,0.7744096005951386,0.0
17.78774,20.14075,62.93827,4038.90739,-1.63526,51.79645,2.1276323579686025,0.7925990347198333,0.0
17.82108,20.18526,62.76033,4038.12813,-1.73096,51.81411,2.18070870534116,0.8123713706388589,0.0
17.8544,20.22978,62.57238,4037.34197,-1.82552,51.83181,2.2382526378818275,0.8338079995822455,0.0
17.8877,20.27431,62.37454,4036.54605,-1.91885,51.84957,2.3005008275991217,0.8569970881003817,0.0
17.92099,20.31885,62.16695,4035.73736,-2.01085,51.86737,2.3677088580576373,0.8820338477958867,0.0
17.95425,20.3634,61.94976,4034.91271,-2.1014,51.88521,2.440151933478269,0.909020799482103,0.0
17.98749,20.40796,61.72315,4034.0687,-2.1904,51.9031,2.5181255541944165,0.9380680248083032,0.0
18.02071,20.45252,61.48727,4033.20177,-2.27773,51.92104,2.601946135802564,0.9692933969095736,0.0
18.0539,20.4971,61.24233,4032.30811,-2.36325,51.93902,2.6919515447425137,1.002822779924541,0.0
18.08708,20.54168,60.98853,4031.38369,-2.44683,51.95704,2.7885015177463495,1.0387901852511503,0.0
18.12023,20.58627,60.72608,4030.42427,-2.52833,51.97511,2.8919779265493246,1.0773378701584333,0.0
18.15337,20.63087,60.45522,4029.42531,-2.6076,51.99323,3.0027848424318404,1.1186163618300944,0.0
18.18648,20.67548,60.1762,4028.38202,-2.68448,52.01138,3.1213483475015753,1.162784387062139,0.0
18.21956,20.72009,59.8893,4027.28932,-2.75881,52.02958,3.2481160311919,1.2100086846952844,0.0
18.25263,20.76471,59.59478,4026.14184,-2.83039,52.04783,3.383556101230075,1.260463674427222,0.0
18.28567,20.80934,59.29297,4024.93389,-2.89905,52.06611,3.5281560284392093,1.3143309519656896,0.0
18.31868,20.85397,58.9842,4023.65944,-2.96458,52.08444,3.6824206343567174,1.371798576616027,0.0
18.35168,20.8986,58.6688,4022.31214,-3.02677,52.10281,3.84686951998225,1.4330601134221301,0.0
18.38464,20.94324,58.34716,4020.88529,-3.08541,52.12121,4.02203372345328,1.4983133880626616,0.0
18.41758,20.98789,58.01967,4019.37182,-3.14026,52.13966,4.208451484469106,1.567758908987549,0.0
18.4505,21.03253,57.68676,4017.76432,-3.19107,52.15814,4.406662984667461,1.6415979080698826,0.0
18.48338,21.07718,57.34887,4016.055,-3.23759,52.17666,4.617203926560066,1.720029948590459,0.0
18.51624,21.12183,57.00648,4014.23571,-3.27955,52.19522,4.84059781032476,1.8032500481396423,0.0
18.54907,21.16647,56.66011,4012.29795,-3.31667,52.21382,5.077346768885108,1.8914452644433732,0.0
18.58187,21.21112,56.31028,4010.23285,-3.34866,52.23245,5.327920828915154,1.9847906948048786,0.0
18.61464,21.25576,55.95757,4008.03126,-3.37522,52.25111,5.592745480478788,2.0834448454682755,0.0
18.64738,21.3004,55.60257,4005.68369,-3.39604,52.26981,5.872187462876253,2.187544336472395,0.0
18.68009,21.34503,55.24593,4003.1804,-3.4108,52.28853,6.166538711179865,2.297197921312951,0.0
18.71276,21.38966,54.8883,4000.51144,-3.41918,52.30729,6.4759984589467425,2.4124798197321176,0.0
18.7454,21.43428,54.53039,3997.66667,-3.42085,52.32607,6.800653559843006,2.533422387005785,0.0
18.77801,21.47889,54.17293,3994.63589,-3.41549,52.34489,7.140457176001501,2.6600081747960584,0.0
18.81057,21.52348,53.81669,3991.40886,-3.40275,52.36372,7.495206084983604,2.7921614773974457,0.0
18.8431,21.56806,53.46248,3987.97542,-3.38233,52.38258,7.86451698019266,2.929739503017291,0.0
18.87558,21.61263,53.11112,3984.32561,-3.3539,52.40147,8.247802280122034,3.072523362084171,0.0
18.90803,21.65717,52.76349,3980.44977,-3.31715,52.42037,8.644246116631008,3.220209122248887,0.0
18.94043,21.7017,52.42046,3976.3387,-3.27182,52.43929,9.052781335992936,3.372399240669759,0.0
18.97279,21.7462,52.08297,3971.98379,-3.21764,52.45823,9.472068510364055,3.5285947452325166,0.0
19.0051,21.79068,51.75195,3967.37722,-3.15437,52.47718,9.900478110572786,3.688188593445253,0.0
19.03736,21.83513,51.42837,3962.51207,-3.08182,52.49615,10.336077119523335,3.850460685579047,0.0
19.06957,21.87955,51.11318,3957.38258,-2.99984,52.51513,10.776621452748207,4.014575041124338,0.0
19.10173,21.92394,50.80739,3951.98429,-2.90834,52.53411,11.21955558042781,4.179579657983294,0.0
19.13383,21.96829,50.51196,3946.3142,-2.80725,52.5531,11.66202069525733,4.344409555215122,0.0
19.16588,22.0126,50.22788,3940.37103,-2.69661,52.57209,12.10087262623277,4.507893446392718,0.0
19.19786,22.05687,49.95613,3934.15531,-2.57649,52.59109,12.53271044681881,4.668764396897909,0.0
19.22979,22.10109,49.69764,3927.66959,-2.44707,52.61008,12.953916361194889,4.825674682597601,0.0
19.26165,22.14526,49.45334,3920.91851,-2.30857,52.62907,13.360706977218522,4.977214890371681,0.0
19.29345,22.18938,49.22411,3913.90895,-2.16133,52.64806,13.749195504021058,5.1219370883539534,0.0
19.32518,22.23345,49.01079,3906.65006,-2.00576,52.66703,14.11546377242908,5.258381655434085,0.0
19.35684,22.27746,48.81416,3899.15328,-1.84235,52.686,14.455642307278564,5.385107110301455,0.0
19.38843,22.32141,48.63495,3891.43233,-1.67168,52.70496,14.765996031726663,5.50072203855632,0.0
19.41995,22.36529,48.4738,3883.50309,-1.49443,52.7239,15.043012611345947,5.6039180032093805,0.0
19.45139,22.40911,48.33128,3875.38352,-1.31133,52.74283,15.283490008041714,5.693502160819665,0.0
19.48275,22.45286,48.20788,3867.09346,-1.12319,52.76174,15.48461956262744,5.768428211939926,0.0
19.51404,22.49654,48.10399,3858.6544,-0.93089,52.78063,15.644060900691585,5.827824305522905,0.0
19.54524,22.54015,48.01989,3850.08921,-0.73536,52.7995,15.760005180258434,5.871016600339155,0.0
19.57637,22.58367,47.9558,3841.42188,-0.53756,52.81835,15.831223670708303,5.897547361902992,0.0
19.60741,22.62712,47.91179,3832.67715,-0.33849,52.83717,15.857099343926539,5.907186731006723,0.0
19.63836,22.6705,47.88785,3823.88018,-0.13915,52.85598,15.837640022346928,5.899937621712753,0.0
19.66924,22.71379,47.88387,3815.05621,0.05945,52.87476,15.773472596750711,5.876033567331583,0.0
19.70002,22.757,47.89964,3806.23023,0.25631,52.89352,15.66581882165775,5.835929703568158,0.0
19.73073,22.80013,47.93483,3797.42663,0.45046,52.91225,15.51645413797258,5.78028742887408,0.0
19.76134,22.84317,47.98905,3788.66891,0.64097,52.93096,15.327651788511524,5.7099535860110455,0.0
19.79188,22.88614,48.0618,3779.97941,0.82697,52.94965,15.102115124194903,5.625935244326319,0.0
19.82232,22.92902,48.15252,3771.37906,1.00763,52.96831,14.842901409959753,5.5293713154504305,0.0
19.85269,22.97182,48.26054,3762.88723,1.1822,52.98695,14.55334061527299,5.421502300626572,0.0
19.88297,23.01454,48.38517,3754.52152,1.34999,53.00558,14.236952622856258,5.303639448782245,0.0
19.91316,23.05718,48.52564,3746.29772,1.51042,53.02418,13.897366037870658,5.177134510814309,0.0
19.94328,23.09974,48.68114,3738.22971,1.66294,53.04276,13.538241369978344,5.043351122885722,0.0
19.97332,23.14223,48.8508,3730.32945,1.80712,53.06133,13.163200841438574,4.903638658094459,0.0
20.00327,23.18464,49.03375,3722.60702,1.94261,53.07988,12.775766497143517,4.759309170833435,0.0
20.03315,23.22698,49.22906,3715.07064,2.0691,53.09841,12.379307704848665,4.611617839244969,0.0
20.06296,23.26925,49.43583,3707.72675,2.18641,53.11694,11.976998576476333,4.461747103536036,0.0
20.09269,23.31144,49.65311,3700.58016,2.29438,53.13545,11.571785345316702,4.3107945131272905,0.0
20.12234,23.35357,49.87996,3693.63409,2.39296,53.15395,11.166363319284876,4.159764141134927,0.0
20.15193,23.39564,50.11546,3686.89035,2.48212,53.17245,10.763162707718726,4.009561304479962,0.0
20.18145,23.43765,50.35867,3680.34947,2.56192,53.19094,10.364342389840376,3.860990242476166,0.0
20.2109,23.47959,50.60868,3674.01083,2.63244,53.20943,9.971790551590724,3.714754354067685,0.0
20.24028,23.52148,50.8646,3667.87278,2.69382,53.22792,9.587131053836776,3.571458570153829,0.0
20.2696,23.56332,51.12555,3661.93282,2.74624,53.24641,9.211734395679553,3.4316134377097325,0.0
20.29886,23.6051,51.39068,3656.18769,2.7899,53.2649,8.846732187771686,3.2956405114779663,0.0
20.32806,23.64683,51.65916,3650.63351,2.82503,53.28339,8.493034137824345,3.1638786815167927,0.0
20.3572,23.68852,51.93019,3645.26587,2.85188,53.30189,8.151346661313257,3.0365911061778297,0.0
20.38629,23.73016,52.20301,3640.07997,2.87072,53.3204,7.8221923534766535,2.913972465937627,0.0
20.41532,23.77176,52.47686,3635.07069,2.88183,53.33892,7.5059296853758575,2.7961563006984678,0.0
20.44429,23.81331,52.75105,3630.23269,2.88551,53.35744,7.202772409920731,2.6832222390434546,0.0
20.47322,23.85483,53.02488,3625.56043,2.88204,53.37598,6.912808278678957,2.575202970740431,0.0
20.50209,23.89631,53.29772,3621.04833,2.87173,53.39454,6.636016773753336,2.4720908523328324,0.0
20.53092,23.93776,53.56893,3616.69073,2.85488,53.41311,6.372285649421715,2.373844069335794,0.0
20.5597,23.97918,53.83793,3612.48201,2.83178,53.43169,6.12142615483775,2.280392307092718,0.0
20.58843,24.02056,54.10416,3608.41658,2.80272,53.4503,5.883186872372345,2.1916419059215713,0.0
20.61711,24.06192,54.36708,3604.48892,2.76799,53.46892,5.657266156811487,2.1074804950433714,0.0
20.64576,24.10325,54.62619,3600.69366,2.72788,53.48757,5.443323199877826,2.0277811144075977,0.0
20.67436,24.14455,54.88102,3597.02551,2.68266,53.50623,5.240987773842625,1.9524058444440209,0.0
20.70292,24.18583,55.13112,3593.47936,2.6326,53.52492,5.049868728725865,1.8812089714933056,0.0
20.73144,24.22709,55.37605,3590.05023,2.57795,53.54363,4.869561331262779,1.8140397217651554,0.0
20.75992,24.26833,55.61541,3586.73333,2.51897,53.56237,4.699653541703906,1.750744599611476,0.0
20.78836,24.30955,55.84883,3583.52402,2.45589,53.58113,4.539731327852955,1.6911693671453074,0.0
20.81677,24.35075,56.07596,3580.41783,2.38895,53.59992,4.389383115599786,1.635160702181455,0.0
20.84514,24.39193,56.29645,3577.41048,2.31836,53.61874,4.248203472446549,1.582567570446899,0.0
20.87347,24.4331,56.51,3574.49784,2.24435,53.63758,4.115796115927564,1.5332423462963547,0.0
20.90177,24.47426,56.7163,3571.67596,2.16712,53.65646,3.991776332969063,1.4870417139874332,0.0
20.93003,24.5154,56.91509,3568.94103,2.08686,53.67536,3.875772889699892,1.4438273791353784,0.0
20.95826,24.55652,57.10611,3566.28941,2.00377,53.6943,3.7674295042413632,1.4034666173660393,0.0
20.98646,24.59764,57.2891,3563.71762,1.91802,53.71326,3.6664059480321494,1.3658326845883684,0.0
21.01463,24.63875,57.46386,3561.2223,1.82978,53.73226,3.572378834369095,1.330805110746624,0.0
21.04276,24.67984,57.63017,3558.80022,1.73922,53.75129,3.4850421462814936,1.2982698964674282,0.0
21.07087,24.72093,57.78783,3556.4483,1.64651,53.77035,3.4041075496815036,1.2681196297165322,0.0
21.09894,24.76201,57.93667,3554.16355,1.55178,53.78944,3.329304532025425,1.2402535374537949,0.0
21.12698,24.80308,58.07652,3551.94311,1.45519,53.80857,3.2603804014875593,1.2145774853254212,0.0
21.155,24.84415,58.20723,3549.78422,1.35688,53.82773,3.197100176920307,1.1910039366712046,0.0
21.18298,24.88521,58.32865,3547.68418,1.25698,53.84693,3.139246394633273,1.1694518805446588,0.0
21.21094,24.92626,58.44066,3545.64042,1.15563,53.86616,3.0866188542295747,1.1498467370303553,0.0
21.23887,24.96731,58.54314,3543.6504,1.05294,53.88543,3.039034322422888,1.132120246907981,0.0
21.26677,25.00835,58.63599,3541.71169,0.94905,53.90473,2.9963262107923088,1.1162103516075428,0.0
21.29464,25.0494,58.7191,3539.82188,0.84407,53.92407,2.9583442408833354,1.102061068450676,0.0
21.32248,25.09043,58.7924,3537.97863,0.73811,53.94344,2.9249541078191124,1.0896223653369776,0.0
21.3503,25.13147,58.85581,3536.17965,0.63128,53.96285,2.896037151638909,1.0788500383089437,0.0
21.3781,25.1725,58.90926,3534.42266,0.5237,53.98229,2.871490043905543,1.069705594804989,0.0
21.40586,25.21354,58.95271,3532.70543,0.41547,54.00177,2.851224495645221,1.0621561448593528,0.0
21.4336,25.25457,58.9861,3531.02573,0.3067,54.02129,2.8351669914415565,1.0561743020451244,0.0
21.46131,25.29559,59.0094,3529.38135,0.19749,54.04085,2.8232585533718817,1.0517380955343074,0.0
21.489,25.33662,59.02259,3527.77009,0.08794,54.06044,2.8154545375163997,1.0488308942921254,0.0
21.51666,25.37765,59.02564,3526.18973,-0.02184,54.08007,2.8117244648968307,1.0474413440972186,0.0
21.5443,25.41868,59.01855,3524.63805,-0.13176,54.09974,2.812051887914517,1.0475633177863248,0.0
21.57191,25.45971,59.00132,3523.1128,-0.24172,54.11944,2.8164342926302974,1.0491958788509608,0.0
21.5995,25.50073,58.97397,3521.61171,-0.35161,54.13918,2.8248830365170883,1.052343258248621,0.0
21.62706,25.54176,58.9365,3520.13248,-0.46133,54.15896,2.837423320657178,1.057014844045538,0.0
21.6546,25.58279,58.88895,3518.67276,-0.57079,54.17877,2.854094194621794,1.0632251832344508,0.0
21.68211,25.62382,58.83135,3517.23013,-0.67988,54.19862,2.8749485915791095,1.0709939948132587,0.0
21.7096,25.66485,58.76376,3515.80215,-0.78849,54.21851,2.9000533903715957,1.0803461929104705,0.0
21.73706,25.70588,58.68623,3514.38628,-0.89651,54.23844,2.929489500453992,1.091311918426832,0.0
21.7645,25.74691,58.59882,3512.97991,-1.00385,54.2584,2.963351964630153,1.1039265773075073,0.0
21.79191,25.78795,58.50162,3511.58036,-1.11039,54.2784,3.001750073460787,1.1182308831619667,0.0
21.8193,25.82898,58.3947,3510.18484,-1.21601,54.29844,3.044807483994615,1.1342709014944723,0.0
21.84666,25.87002,58.27817,3508.79047,-1.32061,54.31851,3.0926623341003867,1.1520980922957584,0.0
21.874,25.91105,58.15214,3507.39425,-1.42405,54.33862,3.145467342121749,1.1717693471670956,0.0
21.90131,25.95209,58.01672,3505.99306,-1.52622,54.35876,3.20338987979745,1.193347016484983,0.0
21.9286,25.99313,57.87205,3504.58367,-1.62699,54.37895,3.2666120043873113,1.216898921368919,0.0
21.95586,26.03417,57.71826,3503.16268,-1.72622,54.39916,3.3353304337102205,1.242498344382397,0.0
21.9831,26.0752,57.55552,3501.72656,-1.82377,54.41941,3.409756445256712,1.270223991949685,0.0
22.01031,26.11624,57.38399,3500.27163,-1.91952,54.4397,3.4901156777738427,1.3001599204409757,0.0
22.0375,26.15728,57.20385,3498.79403,-2.01329,54.46002,3.5766478106310045,1.3323954167277114,0.0
22.06466,26.19832,57.0153,3497.28972,-2.10495,54.48038,3.6696060929418275,1.3670248227681034,0.0
22.0918,26.23936,56.81855,3495.75449,-2.19432,54.50077,3.769256690793351,1.404147292432826,0.0
22.11891,26.28039,56.61383,3494.18393,-2.28125,54.52119,3.8758778171409634,1.4438664673679849,0.0
22.14599,26.32143,56.40138,3492.57342,-2.36555,54.54165,3.9897586049049996,1.4862900571939492,0.0
22.17304,26.36246,56.18146,3490.91814,-2.44705,54.56213,4.111197679757384,1.5315293078308254,0.0
22.20007,26.40349,55.95433,3489.21306,-2.52555,54.58265,4.240501385044604,1.5796983402355584,0.0
22.22707,26.44452,55.7203,3487.45292,-2.60086,54.6032,4.377981607430401,1.6309133403966243,0.0
22.25404,26.48555,55.47968,3485.63223,-2.67278,54.62379,4.523953148416522,1.6852915801563493,0.0
22.28099,26.52657,55.23279,3483.74527,-2.74108,54.6444,4.678730584062028,1.7429502473737286,0.0
22.3079,26.56758,54.97999,3481.78611,-2.80555,54.66504,4.842624553406237,1.804005063264312,0.0
22.33478,26.60859,54.72165,3479.74857,-2.86596,54.6857,5.0159374155853875,1.8685686645618977,0.0
22.36164,26.64959,54.45817,3477.62625,-2.92207,54.7064,5.198958216976398,1.9367487286471543,0.0
22.38846,26.69059,54.18995,3475.41255,-2.97365,54.72712,5.391956913316707,2.0086458211352416,0.0
22.41526,26.73158,53.91744,3473.10063,-3.02043,54.74787,5.595177798356163,2.0843509478757327,0.0
22.44202,26.77255,53.64109,3470.68349,-3.06216,54.76864,5.808832100736449,2.163942797095415,0.0
22.46875,26.81352,53.3614,3468.15395,-3.09859,54.78944,6.033089725222448,2.24748466278967,0.0
22.49544,26.85448,53.07886,3465.50466,-3.12943,54.81025,6.268070133833814,2.335021047704056,0.0
22.5221,26.89542,52.79402,3462.72819,-3.15443,54.83109,6.513832387438542,2.4265739535658835,0.0
22.54873,26.93635,52.50742,3459.81699,-3.17332,54.85195,6.770364399642618,2.5221388778753715,0.0
22.57532,26.97726,52.21964,3456.76348,-3.18581,54.87283,7.037571492671071,2.621680550670221,0.0
22.60187,27.01816,51.9313,3453.56012,-3.19165,54.89372,7.315264389552798,2.725128461298519,0.0
22.62839,27.05903,51.64302,3450.1994,-3.19057,54.91463,7.60314682810858,2.8323722443033796,0.0
22.65487,27.09989,51.35544,3446.67395,-3.18231,54.93555,7.9008030391779505,2.9432570147329837,0.0
22.6813,27.14072,51.06924,3442.97662,-3.16662,54.95649,8.207685393127154,3.0575787661397547,0.0
22.7077,27.18153,50.7851,3439.10053,-3.14328,54.97744,8.523102582577183,3.1750799683356203,0.0
22.73405,27.22232,50.50374,3435.03918,-3.11207,54.99839,8.846208773015945,3.2954455257095807,0.0
22.76036,27.26307,50.22589,3430.78653,-3.0728,55.01936,9.175994212507565,3.4182992790973525,0.0
22.78663,27.3038,49.95227,3426.3371,-3.02529,55.04033,9.51127784275405,3.5432012532074144,0.0
22.81284,27.34449,49.68365,3421.68609,-2.9694,55.0613,9.850702490850738,3.669645865423414,0.0
22.83901,27.38515,49.42077,3416.82948,-2.90505,55.08228,10.192733238568426,3.7970613183188444,0.0
22.86514,27.42578,49.1644,3411.76411,-2.83214,55.10325,10.535659557760587,3.92481039515242,0.0
22.89121,27.46636,48.9153,3406.48785,-2.75068,55.12422,10.877601760984527,4.052192862894184,0.0
22.91723,27.5069,48.67422,3400.99962,-2.66067,55.14519,11.216522240677723,4.178449659114414,0.0
22.94319,27.5474,48.44191,3395.29957,-2.5622,55.16616,11.550241855187805,4.302768996210935,0.0
22.9691,27.58785,48.21911,3389.3891,-2.4554,55.18711,11.87646166445092,4.424294458521208,0.0
22.99496,27.62826,48.00652,3383.27098,-2.34046,55.20806,12.19279002438892,4.542135095698183,0.0
23.02075,27.66861,47.80484,3376.94938,-2.21764,55.22899,12.496774822305428,4.655377431243488,0.0
23.04649,27.70891,47.61472,3370.42993,-2.08724,55.24991,12.78594038519292,4.763099211822942,0.0
23.07217,27.74915,47.43678,3363.71971,-1.94964,55.27081,13.057828331490695,4.864384625621278,0.0
23.09778,27.78933,47.27159,3356.82728,-1.80529,55.2917,13.31004138061815,4.9583406225459665,0.0
23.12333,27.82945,47.11969,3349.76262,-1.65468,55.31256,13.540288901410623,5.044113882218039,0.0
23.14881,27.86951,46.98156,3342.5371,-1.49838,55.33341,13.746432789555492,5.120907904524138,0.0
23.17423,27.9095,46.85762,3335.16335,-1.337,55.35423,13.92653213271103,5.187999648548488,0.0
23.19958,27.94942,46.74821,3327.65522,-1.17122,55.37502,14.078885065577689,5.24475512468824,0.0
23.22486,27.98927,46.65365,3320.02758,-1.00173,55.3958,14.202066245636981,5.290643355352236,0.0
23.25007,28.02905,46.57415,3312.29621,-0.8293,55.41654,14.294958498237836,5.325248163588319,0.0
23.27521,28.06876,46.50987,3304.47763,-0.65469,55.43726,14.356777383686575,5.348277324970743,0.0
23.30028,28.10839,46.46089,3296.58887,-0.47872,55.45795,14.387087719401311,5.3595687225374125,0.0
23.32527,28.14794,46.42723,3288.64733,-0.30218,55.4786,14.385811429720007,5.359093271049925,0.0
23.3502,28.18742,46.40883,3280.67057,-0.1259,55.49923,14.353226473060634,5.346954517332499,0.0
23.37505,28.22682,46.40555,3272.67609,0.04931,55.51983,14.289956985161592,5.323384968369688,0.0
23.39982,28.26614,46.4172,3264.68115,0.22265,55.5404,14.196955152430585,5.288739338651897,0.0
23.42452,28.30538,46.44351,3256.7026,0.39336,55.56094,14.075475666420367,5.243485033795445,0.0
23.44915,28.34454,46.48415,3248.7567,0.56068,55.58144,13.927043888734758,5.188190291132439,0.0
23.4737,28.38362,46.53874,3240.85899,0.72392,55.60192,13.753419060314371,5.123510474201669,0.0
23.49819,28.42262,46.60683,3233.02413,0.88241,55.62237,13.55655401171814,5.050173063768399,0.0
23.52259,28.46154,46.68794,3225.2658,1.03554,55.64278,13.338552870242763,4.968961902613574,0.0
23.54693,28.50038,46.78151,3217.59664,1.18275,55.66317,13.101628220340627,4.880701236662311,0.0
23.57119,28.53915,46.88699,3210.02815,1.32354,55.68353,12.848059065926202,4.786240054836949,0.0
23.59538,28.57783,47.00374,3202.57069,1.45746,55.70387,12.580150780713554,4.686437169504009,0.0
23.61951,28.61645,47.13114,3195.23341,1.58412,55.72418,12.30019803182245,4.582147404541933,0.0
23.64356,28.65498,47.26851,3188.0243,1.70321,55.74447,12.010451438912517,4.474209174991298,0.0
23.66754,28.69345,47.41517,3180.95018,1.81445,55.76473,11.713088502007363,4.363433656904373,0.0
23.69146,28.73184,47.57043,3174.01673,1.91763,55.78497,11.410189109281474,4.250595663351303,0.0
23.71531,28.77016,47.73357,3167.22858,2.01258,55.8052,11.10371573257976,4.136426266730061,0.0
23.7391,28.80842,47.90388,3160.58928,2.09922,55.8254,10.795498241180567,4.021607141493589,0.0
23.76282,28.8466,48.08065,3154.10147,2.17746,55.84559,10.487223117934956,3.9067665468779396,0.0
23.78648,28.88473,48.26316,3147.76687,2.24731,55.86576,10.180426748680516,3.7924768270323614,0.0
23.81008,28.92279,48.45071,3141.58637,2.30879,55.88592,9.876492375199922,3.679253275916181,0.0
23.83362,28.96079,48.64261,3135.56016,2.36196,55.90607,9.576650251777618,3.567554195620295,0.0
23.8571,28.99873,48.83816,3129.68771,2.40692,55.92621,9.28198052217086,3.4577819681145696,0.0
23.88053,29.03662,49.03669,3123.96795,2.4438,55.94634,8.99341833324421,3.350284960211252,0.0
23.9039,29.07445,49.23755,3118.39925,2.47274,55.96646,8.711760718990858,3.2453600880440314,0.0
23.92721,29.11223,49.4401,3112.97955,2.49393,55.98658,8.437674819751036,3.1432558789431635,0.0
23.95047,29.14995,49.64372,3107.7064,2.50755,56.0067,8.171707041826528,3.0441758836328763,0.0
23.97368,29.18763,49.8478,3102.57703,2.51381,56.02681,7.9142928087457065,2.948282308834172,0.0
23.99684,29.22526,50.05177,3097.5884,2.51293,56.04692,7.665766603920806,2.855699758418897,0.0
24.01995,29.26285,50.25506,3092.73723,2.50514,56.06703,7.42637205301845,2.7665189893580435,0.0
24.04301,29.30039,50.45713,3088.0201,2.49069,56.08715,7.1962718409222335,2.6808006060512497,0.0
24.06602,29.33789,50.65748,3083.43344,2.46981,56.10726,6.975557301494203,2.5985786327652662,0.0
24.08899,29.37536,50.85559,3078.97358,2.44275,56.12739,6.764257557583724,2.519863918527749,0.0
24.11192,29.41278,51.05101,3074.6368,2.40976,56.14752,6.562348123199156,2.444647341662547,0.0
24.13479,29.45016,51.24328,3070.41934,2.37109,56.16765,6.369758909596694,2.372902792268447,0.0
24.15763,29.48752,51.43196,3066.31741,2.32699,56.1878,6.186381602036262,2.3045899202548394,0.0
24.18042,29.52483,51.61664,3062.32725,2.2777,56.20795,6.0120763945764315,2.2396566442300245,0.0
24.20318,29.56212,51.79695,3058.44512,2.22347,56.22812,5.84667808675486,2.1780414226750953,0.0
24.22589,29.59937,51.9725,3054.6673,2.16453,56.2483,5.690001558820826,2.1196752936121146,0.0
24.24856,29.6366,52.14295,3050.99013,2.10113,56.26849,5.541846651803053,2.0644836925577814,0.0
24.2712,29.6738,52.30797,3047.41002,2.03348,56.28869,5.402002485574232,2.012388061116083,0.0
24.29379,29.71097,52.46725,3043.92341,1.96183,56.30891,5.270251252627165,1.9633072602597283,0.0
24.31635,29.74811,52.62049,3040.52683,1.88638,56.32915,5.1463715279292925,1.9171588033380458,0.0
24.33888,29.78523,52.76742,3037.21688,1.80736,56.3494,5.0301411364074795,1.8738599242905136,0.0
24.36137,29.82232,52.90778,3033.99021,1.72497,56.36966,4.9213396195320165,1.8333284965142036,0.0
24.38382,29.8594,53.04133,3030.84356,1.63941,56.38995,4.819750341497854,1.795483817471702,0.0
24.40624,29.89645,53.16784,3027.77373,1.5509,56.41025,4.725162273886049,1.7602472735244619,0.0
24.42862,29.93348,53.2871,3024.77759,1.45962,56.43058,4.637371495539402,1.7275428986759374,0.0
24.45097,29.97049,53.39892,3021.85206,1.36576,56.45092,4.556182441954218,1.6972978400028906,0.0
24.47329,30.00748,53.50312,3018.99415,1.2695,56.47128,4.481408935890379,1.6694427415847588,0.0
24.49558,30.04445,53.59953,3016.20089,1.17103,56.49166,4.412875028168059,1.6439120577225566,0.0
24.51783,30.0814,53.688,3013.46938,1.07052,56.51207,4.3504156749353315,1.6206443052388755,0.0
24.54006,30.11834,53.76839,3010.79677,0.96814,56.5325,4.29387727501211,1.5995822636526422,0.0
24.56225,30.15526,53.84057,3008.18023,0.86406,56.55294,4.243118088374876,1.5806731310756932,0.0
24.58441,30.19216,53.90444,3005.61698,0.75844,56.57341,4.198008554372595,1.5638686427565711,0.0
24.60654,30.22905,53.95989,3003.10426,0.65144,56.59391,4.158431525985648,1.5491251583481447,0.0
24.62864,30.26593,54.00685,3000.63935,0.54323,56.61442,4.124282434236558,1.5364037231549281,0.0
24.65071,30.30279,54.04522,2998.21951,0.43395,56.63496,4.0954693948677,1.5256701078733361,0.0
24.67275,30.33963,54.07495,2995.84205,0.32376,56.65553,4.071913267477571,1.5168948306214995,0.0
24.69476,30.37646,54.09599,2993.50424,0.21282,56.67611,4.053547675579093,1.510053164411511,0.0
24.71675,30.41328,54.1083,2991.20339,0.10126,56.69672,4.040318994355907,1.5051251325883233,0.0
24.7387,30.45009,54.11184,2988.93677,-0.01075,56.71736,4.032186311378448,1.502095494195452,0.0
24.76063,30.48688,54.10661,2986.70163,-0.12308,56.73802,4.029121364068551,1.500953720678898,0.0
24.78252,30.52366,54.09259,2984.4952,-0.23557,56.7587,4.03110845629318,1.5016939648161154,0.0
24.80439,30.56043,54.0698,2982.3147,-0.34808,56.77941,4.038144355159626,1.5043150222695074,0.0
24.82624,30.59719,54.03825,2980.15729,-0.46046,56.80014,4.050238167756085,1.508820285669049,0.0
24.84805,30.63394,53.99796,2978.02007,-0.57256,56.82089,4.067411196312191,1.515217690655774,0.0
24.86983,30.67067,53.94898,2975.90011,-0.68424,56.84167,4.089696768981837,1.523519652843924,0.0
24.89159,30.7074,53.89137,2973.79443,-0.79533,56.86248,4.117140042155427,1.5337429941770608,0.0
24.91332,30.74411,53.82517,2971.69996,-0.9057,56.88331,4.149797768917884,1.5459088566725823,0.0
24.93502,30.78081,53.75048,2969.61355,-1.01518,56.90416,4.187738026925379,1.560042601048642,0.0
24.9567,30.8175,53.66736,2967.53201,-1.12363,56.92504,4.231039897606243,1.5761736872180518,0.0
24.97834,30.85417,53.57593,2965.45202,-1.23088,56.94594,4.279793087161432,1.5943355331009796,0.0
24.99996,30.89084,53.4763,2963.37019,-1.33677,56.96686,4.334097478392879,1.6145653476692199,0.0
25.02155,30.9275,53.36858,2961.28302,-1.44113,56.98781,4.394062600857401,1.6369039335645836,0.0
25.04311,30.96414,53.25292,2959.18692,-1.54381,57.00877,4.459807005318325,1.6613954540656681,0.0
25.06465,31.00077,53.12946,2957.07818,-1.64462,57.02977,4.531457526889887,1.6880871585897592,0.0
25.08615,31.03739,52.99837,2954.95296,-1.7434,57.05078,4.609148419723564,1.7170290603407208,0.0
25.10763,31.07399,52.85982,2952.80731,-1.83996,57.07182,4.693020344526496,1.748273559132969,0.0
25.12908,31.11059,52.71401,2950.63716,-1.93412,57.09287,4.7832191887983795,1.7818750018986715,0.0
25.1505,31.14717,52.56114,2948.43831,-2.02569,57.11395,4.879894698317793,1.8178891728803985,0.0
25.17189,31.18373,52.40142,2946.20641,-2.11448,57.13505,4.983198897301094,1.8563727050987393,0.0
25.19325,31.22029,52.23511,2943.93699,-2.20029,57.15617,5.093284273866594,1.8973824043899703,0.0
25.21459,31.25682,52.06243,2941.62544,-2.28292,57.17731,5.210301706952964,1.9409744771286093,0.0
25.23589,31.29335,51.88367,2939.26703,-2.36216,57.19846,5.3343981109747025,1.9872036527996084,0.0
25.25716,31.32986,51.6991,2936.85688,-2.4378,57.21964,5.465713775188386,2.036122192842275,0.0
25.2784,31.36635,51.50901,2934.38997,-2.50963,57.24083,5.6043793763531,2.0877787777876797,0.0
25.29962,31.40282,51.31374,2931.86118,-2.57743,57.26204,5.750512645771351,2.142217265643704,0.0
25.3208,31.43928,51.1136,2929.26527,-2.64096,57.28326,5.904214675568034,2.199475315886766,0.0
25.34195,31.47572,50.90894,2926.59687,-2.70002,57.3045,6.065565854180263,2.259582875324836,0.0
25.36306,31.51214,50.70013,2923.85054,-2.75436,57.32575,6.234621427760963,2.3225605246034946,0.0
25.38415,31.54854,50.48756,2921.02075,-2.80375,57.34702,6.411406692727297,2.3884176873037215,0.0
25.4052,31.58492,50.27162,2918.10189,-2.84797,57.3683,6.595911835156293,2.4571507074809906,0.0
25.42622,31.62127,50.05274,2915.08833,-2.88679,57.38959,6.788086445369103,2.5287408062035737,0.0
25.4472,31.65761,49.83134,2911.97442,-2.91996,57.41089,6.98783375079246,2.603151933141688,0.0
25.46815,31.69392,49.60787,2908.75451,-2.94727,57.43219,7.195004627210978,2.680328535601408,0.0
25.48906,31.7302,49.38282,2905.423,-2.96849,57.45351,7.4093914675734505,2.760193274493689,0.0
25.50994,31.76646,49.15665,2901.97436,-2.9834,57.47483,7.630722008391634,2.842644724505477,0.0
25.53078,31.80269,48.92987,2898.40318,-2.99179,57.49616,7.858653236089174,2.9275551040543495,0.0
25.55158,31.83889,48.70299,2894.70421,-2.99346,57.51749,8.092765518768205,3.014768089217172,0.0
25.57235,31.87506,48.47655,2890.87242,-2.98823,57.53882,8.332557131870399,3.104096774394799,0.0
25.59307,31.91119,48.25107,2886.90302,-2.97591,57.56015,8.577439368259485,3.1953218506891545,0.0
25.61376,31.94729,48.0271,2882.79154,-2.95636,57.58148,8.82673244277697,3.2881900802424733,0.0
25.6344,31.98336,47.80521,2878.53388,-2.92944,57.60281,9.07966241708241,3.382413150659399,0.0
25.655,32.01939,47.58596,2874.12637,-2.89502,57.62414,9.335359380778826,3.4776669974283343,0.0
25.67556,32.05538,47.36992,2869.5658,-2.85304,57.64546,9.592857127677256,3.5735916833214785,0.0
25.69608,32.09133,47.15766,2864.84956,-2.80342,57.66677,9.851094559943157,3.6697919214762984,0.0
25.71655,32.12724,46.94975,2859.97559,-2.74614,57.68808,10.10891903601152,3.7658383225820042,0.0
25.73697,32.1631,46.74678,2854.94254,-2.6812,57.70937,10.365091849312176,3.861269435848877,0.0
25.75735,32.19892,46.54929,2849.74975,-2.60866,57.73065,10.618295983013166,3.9555946378542113,0.0
25.77768,32.23468,46.35785,2844.39734,-2.52859,57.75192,10.867146231013164,4.048297902878301,0.0
25.79796,32.2704,46.173,2838.88626,-2.44113,57.77317,11.110201707662606,4.138842463104696,0.0
25.81819,32.30607,45.99527,2833.2183,-2.34643,57.79441,11.345980689603156,4.226676337595931,0.0
25.83838,32.34168,45.82518,2827.39613,-2.24471,57.81562,11.57297764521317,4.3112386762100225,0.0
25.8585,32.37723,45.66321,2821.42333,-2.13624,57.83682,11.789682213577992,4.391966829766273,0.0
25.87858,32.41272,45.50982,2815.30439,-2.02132,57.85799,11.99459980030789,4.468304022529362,0.0
25.8986,32.44816,45.36545,2809.04472,-1.90029,57.87914,12.186273366599313,4.539707469207969,0.0
25.91857,32.48353,45.2305,2802.6506,-1.77357,57.90027,12.36330590650711,4.605656748330086,0.0
25.93848,32.51884,45.10534,2796.1292,-1.64159,57.92137,12.524383040728132,4.66566221902189,0.0
25.95834,32.55408,44.9903,2789.48849,-1.50482,57.94244,12.66829510873085,4.719273250907302,0.0
25.97813,32.58926,44.88567,2782.73722,-1.36379,57.96348,12.793958119065847,4.766086028649883,0.0
25.99787,32.62437,44.79168,2775.88484,-1.21906,57.98449,12.900432923348344,4.8057506947658215,0.0
26.01755,32.6594,44.70855,2768.94143,-1.07121,58.00546,12.98694201418356,4.83797760729311,0.0
26.03717,32.69436,44.63643,2761.91761,-0.92084,58.02641,13.052883410945627,4.862542512609549,0.0
26.05673,32.72925,44.57542,2754.82442,-0.76859,58.04732,13.097841187530326,4.879290467297644,0.0
26.07623,32.76407,44.52558,2747.67327,-0.6151,58.0682,13.121592308587745,4.888138384821139,0.0
26.09566,32.79881,44.48692,2740.47579,-0.46103,58.08904,13.124109569978181,4.889076130922209,0.0
26.11504,32.83347,44.45941,2733.24374,-0.30703,58.10985,13.10556057776231,4.88216614326844,0.0
26.13435,32.86805,44.44295,2725.98891,-0.15376,58.13062,13.066302840871492,4.867541603343385,0.0
26.1536,32.90256,44.43741,2718.72297,-0.00186,58.15136,13.006875187550598,4.8454032388456865,0.0
26.17279,32.93698,44.44262,2711.45745,0.14803,58.17205,12.927985837963423,4.816014880420752,0.0
26.19191,32.97133,44.45835,2704.20358,0.29531,58.19272,12.830497568654552,4.779697935032457,0.0
26.21097,33.0056,44.48434,2696.9722,0.43938,58.21334,12.715410484424206,4.736824968033222,0.0
26.22997,33.03979,44.52028,2689.77373,0.57968,58.23394,12.583842966719185,4.687812605938368,0.0
26.24891,33.0739,44.56586,2682.61808,0.7157,58.25449,12.437011393713624,4.633113981622597,0.0
26.26779,33.10793,44.62068,2675.51455,0.84694,58.27501,12.276209226851552,4.573210943506828,0.0
26.2866,33.14189,44.68436,2668.47186,0.97295,58.2955,12.10278603370668,4.508606241021528,0.0
26.30535,33.17576,44.75647,2661.49806,1.09331,58.31595,11.918126971447144,4.439815881657509,0.0
26.32405,33.20956,44.83656,2654.6005,1.20766,58.33637,11.723633193053352,4.367361831766523,0.0
26.34268,33.24329,44.92416,2647.78588,1.31567,58.35676,11.52070356474915,4.2917652058233395,0.0
26.36125,33.27693,45.01878,2641.06015,1.41706,58.37712,11.310718002644615,4.213540058886743,0.0
26.37977,33.31051,45.11993,2634.4286,1.51159,58.39745,11.095022653992984,4.133187866227825,0.0
26.39822,33.34401,45.22709,2627.89582,1.59905,58.41775,10.874917067746393,4.051192744024449,0.0
26.41662,33.37744,45.33975,2621.46574,1.6793,58.43803,10.651643423791764,3.9680174369682137,0.0
26.43496,33.41079,45.45738,2615.14164,1.7522,58.45827,10.426377822579052,3.8841000734217945,0.0
26.45325,33.44408,45.57946,2608.9262,1.81768,58.4785,10.200223578981474,3.799851667205422,0.0
26.47148,33.4773,45.70547,2602.82152,1.87568,58.4987,9.974206416656845,3.7156543273700504,0.0
26.48966,33.51046,45.83487,2596.82915,1.92621,58.51887,9.749271422507855,3.6318601236536625,0.0
26.50779,33.54355,45.96715,2590.95013,1.96926,58.53903,9.526281594568193,3.548790545530651,0.0
26.52587,33.57657,46.1018,2585.18504,2.0049,58.55917,9.30601779998516,3.46673648655924,0.0
26.54389,33.60954,46.23831,2579.53404,2.03318,58.57929,9.089179951838986,3.385958682777634,0.0
26.56186,33.64244,46.37619,2573.99688,2.0542,58.59939,8.8763892127767,3.3066885336156253,0.0
26.57979,33.67529,46.51494,2568.57297,2.06809,58.61948,8.668191038846464,3.2291292358029655,0.0
26.59766,33.70807,46.65411,2563.2614,2.07496,58.63955,8.465058886837276,3.153457164450956,0.0
26.61549,33.74081,46.79322,2558.06098,2.07497,58.65962,8.26739842183339,3.0798234404771705,0.0
26.63328,33.77348,46.93182,2552.97027,2.06829,58.67967,8.075552077350643,3.0083556293762284,0.0
26.65101,33.80611,47.06949,2547.98761,2.0551,58.69971,7.889803837307883,2.9391595226299647,0.0
26.6687,33.83868,47.2058,2543.11115,2.03557,58.71974,7.710384126503791,2.872320959538731,0.0
26.68635,33.8712,47.34035,2538.33889,2.00991,58.73976,7.537474713347531,2.807907653617555,0.0
26.70396,33.90368,47.47275,2533.66866,1.97831,58.75978,7.371213545090807,2.7459709938473074,0.0
26.72152,33.9361,47.60262,2529.09821,1.941,58.77979,7.211699451091381,2.6865477967641116,0.0
26.73904,33.96849,47.72962,2524.62515,1.89817,58.7998,7.058996663656939,2.6296619905926333,0.0
26.75653,34.00082,47.85338,2520.24705,1.85006,58.81981,6.913139118503038,2.575326217279821,0.0
26.77397,34.03312,47.9736,2515.96138,1.79687,58.83981,6.774134507885756,2.523543342393459,0.0
26.79137,34.06537,48.08996,2511.76557,1.73883,58.85981,6.641968068845592,2.474307866342695,0.0
26.80873,34.09758,48.20215,2507.657,1.67616,58.87981,6.516606097066397,2.4276072333829526,0.0
26.82606,34.12975,48.30992,2503.63304,1.60908,58.89981,6.397999183359723,2.383423037291498,0.0
26.84335,34.16188,48.41298,2499.69101,1.53782,58.91982,6.286085175210631,2.3417321246211866,0.0
26.8606,34.19397,48.51109,2495.82822,1.46259,58.93982,6.180791869963853,2.3025075979831637,0.0
26.87782,34.22603,48.60401,2492.04196,1.38361,58.95983,6.0820394494763175,2.2657197230189956,0.0
26.895,34.25805,48.69154,2488.32954,1.30109,58.97985,5.989742668363436,2.2313367435799814,0.0
26.91214,34.29003,48.77345,2484.68823,1.21527,58.99987,5.903812809586474,2.1993256102349044,0.0
26.92925,34.32198,48.84957,2481.1153,1.12634,59.01989,5.8241594220860184,2.1696526275842256,0.0
26.94633,34.3539,48.91971,2477.60805,1.03452,59.03992,5.750691855595584,2.142284026018525,0.0
26.96337,34.38578,48.98371,2474.16373,0.94002,59.05995,5.683320607818003,2.1171864635771627,0.0
26.98038,34.41764,49.04143,2470.77961,0.84304,59.08,5.621958498811299,2.094327463437908,0.0
26.99736,34.44946,49.09273,2467.45298,0.7438,59.10005,5.566521686851403,2.0736757923525375,0.0
27.01431,34.48125,49.13748,2464.18107,0.64249,59.1201,5.5169305392610095,2.055201785053493,0.0
27.03122,34.51301,49.17559,2460.96115,0.53931,59.14017,5.473110370715377,2.03887761929222,0.0
27.0481,34.54474,49.20695,2457.79045,0.43447,59.16025,5.434992060537476,2.0246775457978488,0.0
27.06495,34.57645,49.23148,2454.66621,0.32817,59.18033,5.402512559307827,2.012578077002695,0.0
27.08177,34.60812,49.2491,2451.58563,0.22059,59.20042,5.375615293978867,2.0025581379580135,0.0
27.09856,34.63977,49.25978,2448.54591,0.11194,59.22053,5.3542504794501,1.9945991824039453,0.0
27.11532,34.67139,49.26344,2445.54421,0.00241,59.24064,5.338375343378331,1.988685276517243,0.0
27.13204,34.70298,49.26008,2442.57768,-0.1078,59.26076,5.3279542697565425,1.984803152398177,0.0
27.14874,34.73454,49.24965,2439.64342,-0.21852,59.28089,5.322958865621876,1.9829422329210211,0.0
27.16541,34.76608,49.23216,2436.73851,-0.32953,59.30104,5.323367954065495,1.9830946291300338,0.0
27.18205,34.79759,49.20761,2433.85999,-0.44065,59.32119,5.329167495582773,1.9852551109403407,0.0
27.19865,34.82908,49.17601,2431.00485,-0.55169,59.34135,5.340350438661565,1.9894210514781316,0.0
27.21523,34.86054,49.1374,2428.17004,-0.66245,59.36153,5.356916499445251,1.9955923449993471,0.0
27.23178,34.89197,49.09181,2425.35245,-0.77275,59.38171,5.378871869261341,2.003771297936388,0.0
27.2483,34.92338,49.03929,2422.54893,-0.88238,59.40191,5.406228847788398,2.0139624922431425,0.0
27.26479,34.95476,48.97991,2419.75626,-0.99115,59.42211,5.439005398714457,2.026172619866057,0.0
27.28126,34.98612,48.91375,2416.97117,-1.09886,59.44233,5.477224623839677,2.0404102868335365,0.0
27.29769,35.01745,48.84089,2414.19031,-1.20533,59.46256,5.52091415076367,2.0566857851533613,0.0
27.31409,35.04875,48.76143,2411.41028,-1.31034,59.48279,5.570105428571519,2.0750108304372,0.0
27.33046,35.08003,48.6755,2408.62761,-1.41371,59.50304,5.624832925313404,2.095398262940655,0.0
27.34681,35.11129,48.58321,2405.83874,-1.51521,59.52329,5.685133220558669,2.117861709515772,0.0
27.36313,35.14251,48.4847,2403.04006,-1.61467,59.54355,5.7510439859744995,2.1424152038497795,0.0
27.37941,35.17371,48.38012,2400.22788,-1.71186,59.56382,5.8226028466966095,2.169072762295708,0.0
27.39567,35.20489,48.26965,2397.39843,-1.80658,59.5841,5.8998461163065326,2.197847912618145,0.0
27.4119,35.23604,48.15345,2394.54788,-1.89862,59.60439,5.982807398547026,2.228753173095437,0.0
27.42809,35.26716,48.03171,2391.67232,-1.98777,59.62468,6.071516049477735,2.2617994796322054,0.0
27.44426,35.29825,47.90464,2388.76778,-2.07382,59.64498,6.165995494744877,2.296995558898033,0.0
27.4604,35.32931,47.77246,2385.83021,-2.15656,59.66529,6.266261397958345,2.3343472459997376,0.0
27.4765,35.36035,47.63538,2382.85551,-2.23577,59.6856,6.372319677970717,2.373856745865642,0.0
27.49258,35.39136,47.49366,2379.83954,-2.31123,59.70592,6.484164375126533,2.4155218383672756,0.0
27.50863,35.42233,47.34755,2376.77808,-2.38274,59.72624,6.601775369399671,2.459335028265521,0.0
27.52464,35.45328,47.19731,2373.66691,-2.45007,59.74657,6.725115956752186,2.5052826423405006,0.0
27.54063,35.4842,47.04323,2370.50174,-2.51302,59.7669,6.854130294119757,2.553343877581436,0.0
27.55658,35.51508,46.8856,2367.2783,-2.57137,59.78723,6.988740728107418,2.603489806055519,0.0
27.5725,35.54593,46.72472,2363.99229,-2.62491,59.80756,7.128845027866069,2.655682344081604,0.0
27.58839,35.57675,46.56091,2360.63945,-2.67344,59.82789,7.274313548578799,2.7098731955542306,0.0
27.60424,35.60754,46.39451,2357.21552,-2.71675,59.84822,7.424986358551877,2.7660027817094295,0.0
27.62006,35.63829,46.22584,2353.71629,-2.75465,59.86855,7.580670369948447,2.823999172247523,0.0
27.63585,35.66901,46.05527,2350.13765,-2.78695,59.88887,7.741136520623476,2.8837770354925003,0.0
27.65161,35.69969,45.88316,2346.47556,-2.81345,59.9092,7.9061170620569055,2.9452366280757514,0.0
27.66733,35.73033,45.70987,2342.72607,-2.83401,59.92951,8.075303015922552,3.0082628474410633,0.0
27.68301,35.76093,45.5358,2338.88543,-2.84844,59.94982,8.248341869020788,3.0727243731463956,0.0
27.69866,35.7915,45.36132,2334.95001,-2.8566,59.97013,8.424835582762974,3.1384729253444523,0.0
27.71428,35.82202,45.18683,2330.91639,-2.85835,59.99043,8.604338998831054,3.2053426708489403,0.0
27.72986,35.8525,45.01274,2326.78141,-2.85358,60.01071,8.78635872655718,3.273149808654195,0.0
27.7454,35.88294,44.83946,2322.54213,-2.84219,60.03099,8.97035259952764,3.3416923675058507,0.0
27.7609,35.91333,44.66739,2318.19593,-2.82408,60.05125,9.155729788420453,3.4107502479358156,0.0
27.77636,35.94368,44.49695,2313.7405,-2.79921,60.0715,9.341851653746042,3.4800855399306054,0.0
27.79179,35.97398,44.32855,2309.17389,-2.76753,60.09174,9.528033415524884,3.5494431449302026,0.0
27.80718,36.00423,44.1626,2304.49455,-2.72903,60.11196,9.71354670667049,3.6185517270303977,0.0
27.82252,36.03443,43.99951,2299.70133,-2.68372,60.13216,9.897623062719521,3.6871250129990822,0.0
27.83783,36.06458,43.8397,2294.79353,-2.63166,60.15235,10.07945838262914,3.7548634540406267,0.0
27.8531,36.09468,43.68355,2289.77095,-2.5729,60.17251,10.258218373526947,3.8214562541084924,0.0
27.86832,36.12473,43.53146,2284.63384,-2.50755,60.19265,10.433044967167048,3.886583760203954,0.0
27.8835,36.15471,43.38381,2279.38299,-2.43576,60.21277,10.603063667709735,3.949920199617347,0.0
27.89863,36.18465,43.24097,2274.01973,-2.35768,60.23287,10.767391760393803,4.0111367378745015,0.0
27.91373,36.21452,43.10328,2268.5459,-2.27352,60.25294,10.925147279440882,4.069904819517056,0.0
27.92877,36.24433,42.9711,2262.9639,-2.18352,60.27298,11.075458602667315,4.1258997423478405,0.0
27.94378,36.27408,42.84473,2257.27669,-2.08794,60.29299,11.21747451087275,4.178804404817798,0.0
27.95873,36.30377,42.72447,2251.48775,-1.98709,60.31298,11.35037452381905,4.228313156450089,0.0
27.97364,36.33339,42.61061,2245.6011,-1.8813,60.33293,11.473379302868025,4.2741356730963505,0.0
27.9885,36.36295,42.50339,2239.62125,-1.77093,60.35286,11.585760894444416,4.316000772896192,0.0
28.00332,36.39244,42.40304,2233.55322,-1.65638,60.37275,11.686852579791243,4.353660085570209,0.0
28.01808,36.42186,42.30977,2227.40247,-1.53807,60.3926,11.776058095616866,4.386891487353635,0.0
28.0328,36.45121,42.22374,2221.1749,-1.41645,60.41242,11.852859998037172,4.41550221678487,0.0
28.04747,36.48049,42.14509,2214.87677,-1.29198,60.43221,11.916826958513614,4.439331592634369,0.0
28.06209,36.5097,42.07395,2208.51469,-1.16514,60.45196,11.967619805125803,4.458253264437637,0.0
28.07666,36.53883,42.01039,2202.09556,-1.03644,60.47167,12.004996154557002,4.4721769380317,0.0
28.09117,36.56789,41.95447,2195.62649,-0.90638,60.49134,12.028813518488937,4.481049532768906,0.0
28.10564,36.59688,41.9062,2189.11481,-0.7755,60.51098,12.039030810918302,4.484855743031988,0.0
28.12005,36.62579,41.86557,2182.56796,-0.64431,60.53058,12.035708228619693,4.483617993703354,0.0
28.13442,36.65462,41.83255,2175.99345,-0.51334,60.55013,12.019005523248136,4.477395796477823,0.0
28.14873,36.68338,41.80706,2169.3988,-0.38311,60.56965,11.989178728707381,4.466284530721195,0.0
28.16299,36.71206,41.78899,2162.79151,-0.25413,60.58913,11.946575449161106,4.450413688130457,0.0
28.1772,36.74066,41.77823,2156.17899,-0.12691,60.60857,11.891628850008376,4.429944634214031,0.0
28.19135,36.76919,41.77461,2149.5685,-0.00195,60.62796,11.824850524644612,4.405067950972543,0.0
28.20546,36.79763,41.77794,2142.96713,0.12029,60.64732,11.746822433028134,4.376000433802754,0.0
28.21951,36.826,41.78803,2136.38172,0.23936,60.66664,11.65818812342732,4.34298182136741,0.0
28.23351,36.85428,41.80464,2129.81888,0.35482,60.68592,11.55964345592919,4.306271339858106,0.0
28.24746,36.88249,41.82751,2123.28492,0.46626,60.70516,11.4519270457532,4.2661441428782245,0.0
28.26135,36.91063,41.85638,2116.7858,0.57332,60.72436,11.335810636746855,4.222887725316764,0.0
28.2752,36.93868,41.89096,2110.32716,0.67563,60.74353,11.212089601502605,4.176798384391927,0.0
28.289,36.96666,41.93093,2103.91427,0.77287,60.76265,11.08157374547913,4.1281777939443325,0.0
28.30274,36.99456,41.97598,2097.55203,0.86476,60.78174,10.945078569590905,4.077329749521746,0.0
28.31644,37.02238,42.02579,2091.24494,0.95103,60.8008,10.80341712032256,4.024557132332231,0.0
28.33008,37.05013,42.08,2084.99711,1.03146,60.81981,10.657392529499122,3.9701591301122794,0.0
28.34368,37.0778,42.13827,2078.81229,1.10584,60.8388,10.507791319018708,3.9144287429635782,0.0
28.35723,37.1054,42.20024,2072.6938,1.17401,60.85775,10.355377519623723,3.8576505924405313,0.0
28.37073,37.13293,42.26555,2066.64461,1.23583,60.87667,10.200887628436877,3.800099043099753,0.0
28.38418,37.16038,42.33384,2060.6673,1.2912,60.89556,10.045026407843151,3.7420366374730634,0.0
28.39758,37.18776,42.40473,2054.7641,1.34003,60.91441,9.888463509019067,3.6837128382433,0.0
28.41094,37.21508,42.47787,2048.9369,1.38227,60.93324,9.731830887065554,3.625363065313299,0.0
28.42425,37.24232,42.55289,2043.18723,1.41789,60.95204,9.575720961633412,3.5672080105904813,0.0
28.43752,37.26949,42.62942,2037.51634,1.44689,60.97081,9.420685466849925,3.509453209554261,0.0
28.45074,37.2966,42.70711,2031.92515,1.46929,60.98955,9.26723492725765,3.4522888460294476,0.0
28.46392,37.32364,42.78561,2026.41431,1.48513,61.00827,9.115838692061384,3.3958897649441475,0.0
28.47706,37.35061,42.86456,2020.98421,1.49447,61.02697,8.966925458014018,3.3404156671185063,0.0
28.49015,37.37753,42.94362,2015.63499,1.49741,61.04564,8.820884211226598,3.286011460113727,0.0
28.5032,37.40437,43.02246,2010.36657,1.49402,61.06429,8.678065520016725,3.2328077398521247,0.0
28.51621,37.43116,43.10076,2005.17863,1.48443,61.08292,8.538783113925719,3.18092137884256,0.0
28.52917,37.45789,43.17819,2000.07068,1.46877,61.10153,8.403315688229235,3.1304561984081323,0.0
28.5421,37.48455,43.25446,1995.04203,1.44717,61.12012,8.271908878046029,3.081503704093624,0.0
28.55499,37.51116,43.32925,1990.09186,1.41978,61.13869,8.144777351496465,3.034143865422131,0.0
28.56783,37.53771,43.40229,1985.21915,1.38678,61.15725,8.022106976853472,2.9884459232158056,0.0
28.58064,37.5642,43.4733,1980.42277,1.34833,61.17579,7.904057024235143,2.9444692097842875,0.0
28.59341,37.59064,43.542,1975.70147,1.30462,61.19432,7.790762367766504,2.902263969287902,0.0
28.60615,37.61702,43.60816,1971.05385,1.25582,61.21283,7.682335659394347,2.861872167540878,0.0
28.61884,37.64335,43.67152,1966.47844,1.20214,61.23132,7.578869450351282,2.823328282312533,0.0
28.6315,37.66963,43.73185,1961.97365,1.14378,61.24981,7.480438240798707,2.786660066873206,0.0
28.64412,37.69586,43.78894,1957.53783,1.08093,61.26828,7.387100442173833,2.7518892810201545,0.0
28.65671,37.72203,43.84257,1953.16921,1.01382,61.28675,7.298900240408992,2.7190323851757743,0.0
28.66926,37.74816,43.89255,1948.86597,0.94264,61.3052,7.215869351314833,2.6881011943140254,0.0
28.68178,37.77423,43.9387,1944.62622,0.86762,61.32364,7.138028662183082,2.659103489500653,0.0
28.69426,37.80026,43.98084,1940.448,0.78897,61.34208,7.065389755918976,2.6320435856726228,0.0
28.70671,37.82624,44.0188,1936.3293,0.70692,61.3605,6.9979563159916225,2.606922855019095,0.0
28.71913,37.85217,44.05246,1932.26804,0.62168,61.37892,6.935725411990578,2.5837402058850776,0.0
28.73151,37.87806,44.08166,1928.2621,0.53347,61.39734,6.878688666876434,2.562492517602975,0.0
28.74386,37.9039,44.10628,1924.3093,0.44253,61.41574,6.826833307921892,2.5431750319957986,0.0
28.75618,37.9297,44.12621,1920.40742,0.34907,61.43414,6.780143104043232,2.5257817025577975,0.0
28.76847,37.95545,44.14135,1916.55418,0.25332,61.45254,6.738599192718032,2.510305502503068,0.0
28.78072,37.98116,44.1516,1912.74727,0.1555,61.47093,6.702180799950872,2.4967386929717175,0.0
28.79294,38.00682,44.15689,1908.98432,0.05585,61.48931,6.670865856880588,2.4850730527322957,0.0
28.80514,38.03244,44.15716,1905.26292,-0.04541,61.50769,6.644631516613911,2.475300070715923,0.0
28.8173,38.05802,44.15235,1901.58063,-0.14806,61.52607,6.623454574777857,2.4674111026831187,0.0
28.82943,38.08356,44.14241,1897.93494,-0.25186,61.54444,6.607311797063901,2.461397493242625,0.0
28.84153,38.10906,44.12731,1894.32331,-0.35659,61.56281,6.596180156792708,2.457250664350523,0.0
28.8536,38.13451,44.10703,1890.74316,-0.46203,61.58118,6.590036985232701,2.454962171307849,0.0
28.86564,38.15993,44.08157,1887.19185,-0.56794,61.59954,6.588860037070657,2.454523727150117,0.0
28.87765,38.1853,44.05092,1883.66672,-0.6741,61.6179,6.5926274731248355,2.455927196207507,0.0
28.88963,38.21063,44.01509,1880.16502,-0.78029,61.63626,6.601317762030319,2.459164557480063,0.0
28.90158,38.23593,43.97411,1876.684,-0.88626,61.65461,6.614909502369177,2.4642278383764986,0.0
28.9135,38.26118,43.92802,1873.22085,-0.9918,61.67297,6.633381166419832,2.471109019254099,0.0
28.92539,38.28639,43.87686,1869.7727,-1.09668,61.69132,6.656710766488237,2.479799909118302,0.0
28.93725,38.31157,43.82068,1866.33665,-1.20067,61.70966,6.68487544466933,2.4902919927980416,0.0
28.94909,38.3367,43.75956,1862.90974,-1.30354,61.728,6.717850986759973,2.502576249865536,0.0
28.96089,38.36179,43.69357,1859.489,-1.40507,61.74634,6.755611261097104,2.5166429455887305,0.0
28.97267,38.38685,43.62281,1856.07138,-1.50502,61.76468,6.798127583210852,2.5324813942478626,0.0
28.98441,38.41186,43.54736,1852.6538,-1.60319,61.78301,6.845368007412538,2.550079695233358,0.0
28.99613,38.43684,43.46735,1849.23316,-1.69933,61.80134,6.897296546810194,2.5694244424810884,0.0
29.00782,38.46177,43.38289,1845.80631,-1.79322,61.81966,6.953872323749394,2.590500407989221,0.0
29.01948,38.48667,43.29411,1842.37005,-1.88464,61.83798,7.0150486533667715,2.6132902004178016,0.0
29.03111,38.51152,43.20117,1838.9212,-1.97337,61.8563,7.080772063729833,2.637773900065044,0.0
29.04271,38.53633,43.1042,1835.4565,-2.05919,61.87461,7.150981257079261,2.663928671902762,0.0
29.05428,38.56111,43.00337,1831.97271,-2.14188,61.89291,7.2256060178509625,2.691728358785848,0.0
29.06582,38.58584,42.89885,1828.46657,-2.22123,61.91121,7.304566074510707,2.7211430574557305,0.0
29.07733,38.61053,42.79083,1824.93479,-2.29701,61.9295,7.387769923773298,2.7521386805310764,0.0
29.08882,38.63518,42.67949,1821.37412,-2.36903,61.94778,7.475113627488633,2.784676508316195,0.0
29.10027,38.65978,42.56503,1817.78128,-2.43708,61.96606,7.5664795943210414,2.8187127349445364,0.0
29.11169,38.68435,42.44767,1814.15305,-2.50096,61.98433,7.661735360337714,2.8541980141157923,0.0
29.12308,38.70887,42.32762,1810.48619,-2.56047,62.00258,7.760732384698184,2.891077010458544,0.0
29.13445,38.73334,42.2051,1806.77755,-2.61543,62.02083,7.863304878799693,2.9292879633561038,0.0
29.14578,38.75777,42.08036,1803.02399,-2.66565,62.03907,7.969268689353972,2.968762270863226,0.0
29.15708,38.78216,41.95362,1799.22246,-2.71097,62.0573,8.078420257951084,3.0094241021162653,0.0
29.16835,38.8065,41.82514,1795.36996,-2.75122,62.07551,8.190535681660778,3.0511900473824647,0.0
29.17959,38.8308,41.69518,1791.46362,-2.78624,62.09371,8.305369900892023,3.0939688155162557,0.0
29.1908,38.85505,41.56398,1787.50064,-2.8159,62.1119,8.422656042220764,3.137660989145316,0.0
29.20198,38.87925,41.43182,1783.47836,-2.84007,62.13007,8.542104944848568,3.1821588482639545,0.0
29.21312,38.9034,41.29897,1779.39424,-2.85862,62.14823,8.66340489988448,3.2273462731087323,0.0
29.22423,38.92751,41.16569,1775.24591,-2.87145,62.16637,8.786221631470996,3.273098737127402,0.0
29.23531,38.95156,41.03226,1771.03116,-2.87848,62.18449,8.910198547932628,3.319283400538355,0.0
29.24636,38.97557,40.89897,1766.74797,-2.87964,62.2026,9.034957289385813,3.365759314329714,0.0
29.25737,38.99952,40.76608,1762.3945,-2.87487,62.22068,9.160098595655727,3.4123777435811906,0.0
29.26835,39.02342,40.63388,1757.96917,-2.86415,62.23875,9.285203514752265,3.4589826176531813,0.0
29.27929,39.04727,40.50265,1753.4706,-2.84745,62.25679,9.409834967543997,3.5054111130689836,0.0
29.29021,39.07106,40.37265,1748.89766,-2.82478,62.27481,9.533539678673359,3.5514943728315123,0.0
29.30108,39.0948,40.24417,1744.24948,-2.79618,62.29281,9.655850477170551,3.597058363462509,0.0
29.31192,39.11848,40.11747,1739.5255,-2.76169,62.31078,9.77628896277058,3.641924868275795,0.0
29.32273,39.1421,39.99282,1734.72539,-2.72139,62.32873,9.894368525735784,3.685912612340619,0.0
29.3335,39.16567,39.87047,1729.84915,-2.67537,62.34665,10.009597699175616,3.7288385113089793,0.0
29.34423,39.18918,39.75067,1724.89707,-2.62377,62.36455,10.121483813799896,3.7705190329073757,0.0
29.35493,39.21262,39.63366,1719.86977,-2.56674,62.38241,10.229536915779994,3.8107716564431806,0.0
29.36559,39.23601,39.51968,1714.76816,-2.50443,62.40025,10.333273899527965,3.849416412373615,0.0
29.37621,39.25933,39.40894,1709.59346,-2.43705,62.41805,10.43222279878392,3.8862774808486864,0.0
29.38679,39.28259,39.30166,1704.34723,-2.36483,62.43583,10.52592717197278,3.9211848253719803,0.0
29.39734,39.30579,39.19803,1699.0313,-2.288,62.45357,10.613950511557698,3.9539758354008154,0.0
29.40784,39.32892,39.09823,1693.64784,-2.20684,62.47128,10.69588060251291,3.984496949992064,0.0
29.41831,39.35198,39.00243,1688.1993,-2.12163,62.48895,10.771333752210586,4.0126052335463,0.0
29.42874,39.37498,38.91078,1682.68839,-2.03269,62.50659,10.839958813272162,4.038169874425765,0.0
29.43913,39.39791,38.82342,1677.11812,-1.94035,62.52419,10.90144092239103,4.061073577764193,0.0
29.44948,39.42077,38.74046,1671.49174,-1.84495,62.54176,10.955504881810237,4.081213825156233,0.0
29.45979,39.44356,38.66201,1665.81271,-1.74687,62.55928,11.001918116103452,4.098503976136146,0.0
29.47005,39.46628,38.58815,1660.08475,-1.64647,62.57678,11.040493144863882,4.112874189319498,0.0
29.48028,39.48893,38.51893,1654.31172,-1.54416,62.59423,11.071089521808304,4.124272144770424,0.0
29.49047,39.51151,38.45442,1648.49767,-1.44033,62.61164,11.093615202251282,4.1326635534217555,0.0
29.50061,39.53401,38.39463,1642.64679,-1.33538,62.62901,11.108027313489355,4.138032444063406,0.0
29.51072,39.55645,38.33958,1636.76339,-1.22974,62.64635,11.11433231600075,4.140381223393502,0.0
29.52078,39.5788,38.28924,1630.85185,-1.12382,62.66364,11.112585557026614,4.1397305097156405,0.0
29.5308,39.60109,38.24361,1624.91662,-1.01804,62.68089,11.102890231544325,4.136118745874122,0.0
29.54077,39.62329,38.20261,1618.9622,-0.91281,62.6981,11.085395778464568,4.129601601795149,0.0
29.55071,39.64543,38.16621,1612.99308,-0.80854,62.71527,11.060295751568693,4.120251181354982,0.0
29.5606,39.66748,38.1343,1607.01373,-0.70563,62.7324,11.027825215100254,4.108155052169255,0.0
29.57045,39.68947,38.1068,1601.0286,-0.60448,62.74949,10.988257722412333,4.093415120059615,0.0
29.58026,39.71137,38.08359,1595.04207,-0.50548,62.76654,10.941901942727005,4.076146372432861,0.0
29.59003,39.7332,38.06454,1589.05842,-0.40899,62.78354,10.88909800567245,4.056475516524839,0.0
29.59975,39.75495,38.04951,1583.08184,-0.31537,62.80051,10.830213635650582,4.0345395393506704,0.0
29.60943,39.77663,38.03834,1577.11639,-0.22496,62.81743,10.765640148584577,4.010484216387884,0.0
29.61907,39.79823,38.03088,1571.16599,-0.13808,62.83431,10.69578838203629,3.9844625954380564,0.0
29.62867,39.81975,38.02692,1565.23441,-0.05503,62.85116,10.621084626460027,3.9566334809117922,0.0
29.63823,39.8412,38.0263,1559.32525,0.0239,62.86796,10.541966620649834,3.927159942027477,0.0
29.64775,39.86258,38.02881,1553.44193,0.09846,62.88473,10.458879668456817,3.8962078661862938,0.0
29.65722,39.88387,38.03424,1547.58767,0.1684,62.90145,10.372272926995985,3.863944576231621,0.0
29.66665,39.90509,38.04238,1541.76554,0.23351,62.91814,10.282595909050858,3.8305375275027123,0.0
29.67604,39.92624,38.05302,1535.97836,0.29359,62.93479,10.190295234576888,3.7961530976842512,0.0
29.6854,39.94732,38.06592,1530.22878,0.34848,62.9514,10.095811658230772,3.760955479482811,0.0
29.69471,39.96831,38.08086,1524.51924,0.39802,62.96798,9.999577392158075,3.7251056832948,0.0
29.70398,39.98924,38.09761,1518.85197,0.44209,62.98452,9.90201373587924,3.6887606542766425,0.0
29.71321,40.01009,38.11594,1513.22901,0.48058,63.00103,9.803529018262314,3.652072505675461,0.0
29.7224,40.03087,38.13561,1507.65219,0.51341,63.0175,9.704516850396963,3.6151878679786913,0.0
29.73155,40.05158,38.15639,1502.12314,0.54053,63.03394,9.605354682758701,3.5782473514197815,0.0
29.74067,40.07222,38.17805,1496.6433,0.56188,63.05035,9.506402655375826,3.5413851176351256,0.0
29.74974,40.09279,38.20034,1491.21392,0.57747,63.06672,9.408002725933166,3.5047285548597715,0.0
29.75878,40.11329,38.22306,1485.83608,0.58727,63.08306,9.310478057662982,3.468398049900671,0.0
29.76778,40.13371,38.24596,1480.51065,0.59132,63.09938,9.214132646652997,3.432506849299122,0.0
29.77675,40.15408,38.26882,1475.23837,0.58965,63.11566,9.119251166616808,3.397161001503652,0.0
29.78567,40.17437,38.29143,1470.01978,0.58231,63.13191,9.026099008278734,3.3624593715419233,0.0
29.79456,40.19459,38.31357,1464.85528,0.56938,63.14814,8.934922490198428,3.3284937195584363,0.0
29.80342,40.21475,38.33503,1459.74511,0.55094,63.16434,8.845949217984014,3.2953488346308832,0.0
29.81223,40.23485,38.35561,1454.68936,0.52709,63.18051,8.759388569452952,3.2631027155053274,0.0
29.82102,40.25488,38.37511,1449.688,0.49795,63.19666,8.675432284160324,3.23182679021101,0.0
29.82976,40.27485,38.39335,1444.74085,0.46363,63.21278,8.594255136876614,3.2015861669485357,0.0
29.83848,40.29475,38.41013,1439.8476,0.42428,63.22888,8.51601567599724,3.1724399091668567,0.0
29.84716,40.31459,38.42527,1435.00784,0.38005,63.24496,8.440857009252653,3.1444413282609607,0.0
29.8558,40.33437,38.43863,1430.22103,0.33109,63.26101,8.36890762072085,3.117638287930517,0.0
29.86441,40.35408,38.45002,1425.48651,0.27758,63.27704,8.300282204694499,3.0920735148173337,0.0
29.87299,40.37374,38.45929,1420.80353,0.2197,63.29305,8.235082503502683,3.067784910615998,0.0
29.88154,40.39334,38.46631,1416.17126,0.15762,63.30904,8.173398137968347,3.044805861441121,0.0
29.89005,40.41287,38.47094,1411.58873,0.09154,63.32501,8.115307420594807,3.0231655407607145,0.0
29.89853,40.43235,38.47304,1407.05491,0.02167,63.34096,8.060878143005827,3.0028892027383347,0.0
29.90698,40.45177,38.4725,1402.56868,-0.0518,63.3569,8.010168330401074,2.9839984632875938,0.0
29.9154,40.47114,38.4692,1398.12883,-0.12865,63.37281,7.963226957032424,2.966511566605904,0.0
29.92379,40.49044,38.46305,1393.73407,-0.20866,63.38871,7.920094617709155,2.950443635327837,0.0
29.93214,40.50969,38.45394,1389.38305,-0.29162,63.40458,7.880804151389875,2.935806902829519,0.0
29.94047,40.52889,38.4418,1385.07432,-0.37729,63.42045,7.845381213731933,2.9226109265183524,0.0
29.94876,40.54803,38.42656,1380.80639,-0.46545,63.43629,7.813844796263869,2.9108627812384156,0.0
29.95703,40.56711,38.40813,1376.57767,-0.55586,63.45212,7.786207690509839,2.9005672321690223,0.0
29.96526,40.58614,38.38647,1372.38654,-0.6483,63.46794,7.76247689601122,2.891726886823505,0.0
29.97347,40.60512,38.36153,1368.23128,-0.74251,63.48374,7.742653971696069,2.8843423259435825,0.0
29.98164,40.62404,38.33327,1364.11014,-0.83827,63.49952,7.726735330498193,2.8784122132527155,0.0
29.98979,40.64291,38.30165,1360.02131,-0.93533,63.51529,7.714712477553489,2.8739333841905137,0.0
29.99791,40.66173,38.26666,1355.9629,-1.03344,63.53105,7.706572192627948,2.8709009138719632,0.0
30.00599,40.6805,38.22828,1351.93298,-1.13237,63.54679,7.702296657785488,2.8693081646470544,0.0
30.01405,40.69921,38.18651,1347.92959,-1.23187,63.56252,7.70186353156572,2.8691468137339537,0.0
30.02208,40.71787,38.14135,1343.9507,-1.33168,63.57823,7.705245971252911,2.8704068615147764,0.0
30.03009,40.73648,38.09281,1339.99422,-1.43157,63.59393,7.712412605089757,2.8730766211844867,0.0
30.03806,40.75504,38.04093,1336.05805,-1.5313,63.60962,7.723327456529292,2.8771426905327395,0.0
30.04601,40.77354,37.98572,1332.14003,-1.63061,63.62529,7.737949822929217,2.8825899067543266,0.0
30.05393,40.792,37.92722,1328.23796,-1.72926,63.64095,7.7562341114018185,2.889401285298954,0.0
30.06182,40.81041,37.86549,1324.34961,-1.82701,63.6566,7.778129634797417,2.8975579438697077,0.0
30.06968,40.82876,37.80057,1320.47272,-1.92362,63.67223,7.803580371187646,2.907039012824245,0.0
30.07752,40.84706,37.73254,1316.605,-2.01886,63.68785,7.832524690552085,2.9178215333583752,0.0
30.08532,40.86532,37.66145,1312.74414,-2.11247,63.70346,7.864895052766613,2.9298803449987765,0.0
30.0931,40.88352,37.58739,1308.8878,-2.20424,63.71905,7.900617681425172,2.943187964093018,0.0
30.10086,40.90167,37.51045,1305.03364,-2.29393,63.73462,7.939612218475636,2.9577144551523347,0.0
30.10858,40.91977,37.43072,1301.17929,-2.38132,63.75018,7.98179136510186,2.973427297070743,0.0
30.11628,40.93782,37.3483,1297.32239,-2.46618,63.76573,8.027060514807273,2.990291246439024,0.0
30.12395,40.95582,37.26329,1293.46057,-2.5483,63.78126,8.075317385139696,3.0082682003525267,0.0
30.13159,40.97377,37.17581,1289.59147,-2.62747,63.79678,8.126451655024118,3.027317061308087,0.0
30.13921,40.99167,37.08598,1285.71274,-2.70349,63.81228,8.180344615142113,3.0473936069611636,0.0
30.14679,41.00952,36.99392,1281.82205,-2.77615,63.82777,8.236868839313777,3.0684503677069546,0.0
30.15436,41.02731,36.89977,1277.91708,-2.84526,63.84324,8.295887885248227,3.0904365152020943,0.0
30.16189,41.04506,36.80366,1273.99557,-2.91065,63.85869,8.357256033424253,3.1132977650908216,0.0
30.16939,41.06275,36.70574,1270.05527,-2.97213,63.87412,8.420818073203376,3.1369762973264645,0.0
30.17687,41.08039,36.60616,1266.094,-3.02956,63.88954,8.486409145445556,3.161410697541654,0.0
30.18432,41.09798,36.50505,1262.10961,-3.08276,63.90494,8.5538546510508,3.1865359229776624,0.0
30.19174,41.11551,36.40259,1258.10004,-3.1316,63.92032,8.622970234782995,3.2122832964583594,0.0
30.19913,41.133,36.29892,1254.06328,-3.17595,63.93568,8.693561853546036,3.238580531824867,0.0
30.2065,41.15043,36.19421,1249.99741,-3.21568,63.95102,8.765425937907965,3.265351794107545,0.0
30.21384,41.1678,36.08862,1245.90058,-3.2507,63.96633,8.83834965509002,3.2925177974963367,0.0
30.22115,41.18513,35.98231,1241.77107,-3.2809,63.98163,8.91211128082945,3.319995943869452,0.0
30.22843,41.20239,35.87547,1237.60724,-3.30622,63.99691,8.986480686526523,3.347700504268443,0.0
30.23568,41.21961,35.76824,1233.40756,-3.32659,64.01216,9.061219946823535,3.3755428452373706,0.0
30.2429,41.23676,35.66081,1229.17064,-3.34196,64.02739,9.136084071251933,3.4034317013806135,0.0
30.2501,41.25387,35.55334,1224.89519,-3.35231,64.0426,9.210821861900742,3.431273494866917,0.0
30.25726,41.27091,35.44599,1220.5801,-3.35761,64.05778,9.285176897100152,3.4589727018774172,0.0
30.2644,41.2879,35.33893,1216.22436,-3.35789,64.07293,9.35888863900251,3.4864322652087005,0.0
30.27151,41.30483,35.23233,1211.82713,-3.35315,64.08806,9.431693660664573,3.513554051393228,0.0
30.27858,41.32171,35.12634,1207.38773,-3.34344,64.10316,9.503326985826458,3.54023934980225,0.0
30.28563,41.33852,35.02113,1202.90563,-3.32883,64.11824,9.573523532146819,3.566389410288877,0.0
30.29265,41.35528,34.91685,1198.38047,-3.30938,64.13329,9.642019646136465,3.591906014991246,0.0
30.29964,41.37197,34.81364,1193.81206,-3.28521,64.1483,9.708554715654374,3.6166920790297072,0.0
30.30659,41.38861,34.71166,1189.20038,-3.25642,64.16329,9.772872843500231,3.6406522739640828,0.0
30.31352,41.40519,34.61103,1184.54558,-3.22315,64.17825,9.834724563553044,3.6636936671004543,0.0
30.32042,41.4217,34.5119,1179.84799,-3.18557,64.19318,9.89386857902939,3.685726369038097,0.0
30.32728,41.43816,34.41438,1175.10812,-3.14383,64.20807,9.950073500956764,3.706664181296542,0.0
30.33412,41.45455,34.3186,1170.32663,-3.09814,64.22294,10.003119563821274,3.7264252354394873,0.0
30.34092,41.47087,34.22466,1165.50436,-3.0487,64.23777,10.052800294634734,3.7449326148462005,0.0
30.34769,41.48714,34.13267,1160.64234,-2.99573,64.25257,10.0989241115755,3.762114950247298,0.0
30.35443,41.50334,34.04272,1155.74172,-2.93949,64.26733,10.141315828559003,3.7779069802168563,0.0
30.36114,41.51947,33.95489,1150.80384,-2.88022,64.28206,10.179818043095683,3.7922500681860036,0.0
30.36782,41.53554,33.86926,1145.83017,-2.8182,64.29675,10.21429238605813,3.8050926680140695,0.0
30.37446,41.55155,33.7859,1140.82233,-2.7537,64.31141,10.244620613992009,3.8163907309031426,0.0
30.38107,41.56749,33.70486,1135.78207,-2.68702,64.32603,10.270705526899661,3.826108047296608,0.0
30.38765,41.58336,33.62618,1130.71127,-2.61847,64.34061,10.292471697236723,3.8342165184495736,0.0
30.3942,41.59916,33.5499,1125.61191,-2.54836,64.35516,10.30986599903625,3.8406963535415213,0.0
30.40071,41.6149,33.47604,1120.4861,-2.477,64.36967,10.322857929397145,3.8455361894392164,0.0
30.40719,41.63057,33.40462,1115.33601,-2.40472,64.38414,10.331439718238515,3.848733131583081,0.0
30.41364,41.64617,33.33565,1110.16392,-2.33186,64.39858,10.335626225785093,3.8502927157978233,0.0
30.42006,41.6617,33.26911,1104.97215,-2.25874,64.41298,10.335454630986062,3.8502287922202534,0.0
30.42644,41.67716,33.20499,1099.76312,-2.18569,64.42733,10.330983917518033,3.848563333821863,0.0
30.43279,41.69256,33.14327,1094.53924,-2.11305,64.44165,10.322294167322083,3.845326173232782,0.0
30.43911,41.70788,33.08391,1089.30301,-2.04114,64.45593,10.309485674736319,3.8405546727328628,0.0
30.44539,41.72313,33.02686,1084.05691,-1.97029,64.47018,10.292677896844951,3.834293333229076,0.0
30.45164,41.73832,32.97208,1078.80345,-1.90082,64.48438,10.272008257958573,3.8265933488929695,0.0
30.45786,41.75343,32.91949,1073.54513,-1.83305,64.49855,10.247630827912966,3.817512114792194,0.0
30.46404,41.76847,32.86903,1068.28445,-1.76727,64.51267,10.2197148951362,3.807112695320451,0.0
30.47019,41.78345,32.82063,1063.02388,-1.70378,64.52676,10.18844345628569,3.7954632615475603,0.0
30.47631,41.79835,32.77418,1057.76586,-1.64287,64.54081,10.154011644493535,3.7826365056994904,0.0
30.48239,41.81318,32.72962,1052.51278,-1.58481,64.55482,10.116625118150276,3.768709040937916,0.0
30.48844,41.82794,32.68682,1047.26699,-1.52985,64.56879,10.076498431511935,3.753760794368466,0.0
30.49446,41.84263,32.6457,1042.03079,-1.47824,64.58273,10.033853407470941,3.7378744008550835,0.0
30.50044,41.85725,32.60614,1036.80639,-1.43021,64.59663,9.988917531453051,3.721134604704362,0.0
30.50639,41.8718,32.56803,1031.59595,-1.38597,64.61049,9.941922383830002,3.703627675698025,0.0
30.51231,41.88627,32.53125,1026.40155,-1.34573,64.62431,9.893102126380432,3.685440845259778,0.0
30.51819,41.90068,32.49567,1021.22517,-1.30966,64.6381,9.842692056356988,3.6666617678072764,0.0
30.52405,41.91502,32.46118,1016.06873,-1.27792,64.65185,9.79092723961835,3.647378011557833,0.0
30.52987,41.92929,32.42765,1010.93404,-1.25067,64.66557,9.738041232185221,3.62767658227439,0.0
30.53566,41.94349,32.39494,1005.82281,-1.22803,64.67925,9.6842648974248,3.607643482635609,0.0
30.54141,41.95762,32.36294,1000.73667,-1.21012,64.69289,9.6298253240396,3.587363309158239,0.0
30.54714,41.97168,32.3315,995.67713,-1.19701,64.70651,9.574944848088629,3.566918887874274,0.0
