0.05117,0.05117,53.52214,5406.11836,-0.34507,45.00009,14.331683580785368,5.338929223132352,0.0
0.10227,0.10227,53.48435,5398.1659,-0.18924,45.00022,14.365723861411379,5.351610123319228,0.0
0.1533,0.1533,53.46864,5390.16754,-0.03323,45.00038,14.354883491441894,5.347571800278295,0.0
0.20425,0.20425,53.47492,5382.14831,0.12226,45.00057,14.299574458249577,5.32696773014591,0.0
0.25512,0.25512,53.50301,5374.13303,0.27652,45.00079,14.200818121910192,5.290178396423895,0.0
0.30592,0.30592,53.55262,5366.14594,0.42886,45.00105,14.0602105306337,5.237798369065017,0.0
0.35663,0.35664,53.62337,5358.21045,0.57864,45.00134,13.879871718914181,5.170617416699787,0.0
0.40728,0.40729,53.71479,5350.34877,0.72522,45.00166,13.662381654386182,5.089596645155106,0.0
0.45784,0.45786,53.82633,5342.58175,0.86802,45.00201,13.410706030768576,4.995840853373352,0.0
0.50833,0.50835,53.95737,5334.9286,1.00651,45.0024,13.128115401076304,4.89056840840602,0.0
0.55874,0.55877,54.10723,5327.40681,1.14021,45.00282,12.8181012040647,4.775079963054754,0.0
0.60908,0.60912,54.27515,5320.03194,1.2687,45.00327,12.484292075422735,4.650727279588847,0.0
0.65935,0.6594,54.46033,5312.81764,1.3916,45.00376,12.130373489123178,4.518883294033813,0.0
0.70951,0.70963,54.66095,5305.77706,1.49454,45.07676,11.761637208580769,4.381519327496316,21.99999962472046
0.75954,0.75986,54.87521,5298.92015,1.59182,45.14762,11.383020728753737,4.240474726761607,21.99999962472046
0.80944,0.81009,55.10227,5292.25306,1.6833,45.21628,10.997516144277835,4.096864125808254,21.99999962472046
0.85922,0.86031,55.34131,5285.78031,1.76889,45.28272,10.607935621763753,3.9517351306912953,21.99999962472046
0.90887,0.91051,55.59147,5279.50494,1.84853,45.3469,10.216879601076553,3.806056473682156,21.99999962472046
0.95841,0.96072,55.85193,5273.42863,1.92221,45.40881,9.826719170884381,3.6607114476968197,21.99999962472046
1.00783,1.01091,56.12185,5267.55176,1.98995,45.46847,9.439585714549466,3.516494049117786,21.99999962472046
1.05715,1.0611,56.40039,5261.87361,2.0518,45.52587,9.0573670438787,3.374107537514442,21.99999962472046
1.10636,1.11127,56.68675,5256.39245,2.10783,45.58107,8.681709136051872,3.2341650826945245,21.99999962472046
1.15546,1.16144,56.98013,5251.10566,2.15816,45.63409,8.314022544951651,3.097192153093234,21.99999962472046
1.20447,1.21161,57.27974,5246.00987,2.20289,45.68497,7.955492562416357,2.9636303011072496,21.99999962472046
1.25339,1.26176,57.58482,5241.1011,2.24217,45.73378,7.607092247118174,2.833842016694675,21.99999962472046
1.30221,1.31191,57.89464,5236.3748,2.27615,45.78058,7.269597508521073,2.7081163465462468,21.99999962472046
1.35095,1.36204,58.20849,5231.82602,2.305,45.82542,6.943603521203624,2.5866750088524655,21.99999962472046
1.39961,1.41217,58.52567,5227.4495,2.3289,45.86838,6.629541842468138,2.4696787700634,21.99999962472046
1.44818,1.4623,58.84553,5223.23971,2.34801,45.90953,6.327697706863254,2.357233887553391,21.99999962472046
1.49668,1.51241,59.16744,5219.19095,2.36253,45.94893,6.0382270697574745,2.2493984588006373,21.99999962472046
1.54511,1.56252,59.49078,5215.29743,2.37264,45.98666,5.761173064581111,2.14618855214284,21.99999962472046
1.59346,1.61262,59.81497,5211.55332,2.37852,46.0228,5.49648162229648,2.0475840254408193,21.99999962472046
1.64175,1.66271,60.13945,5207.95277,2.38037,46.05741,5.244016075583732,1.953533966521997,21.99999962472046
1.68997,1.7128,60.46371,5204.49001,2.37837,46.09058,5.003570633577611,1.8639617128743828,21.99999962472046
1.73813,1.76288,60.78722,5201.15934,2.37269,46.12237,4.774882665772836,1.778769427724535,21.99999962472046
1.78623,1.81295,61.10953,5197.95518,2.36352,46.15284,4.5576437765729265,1.6978422255983874,21.99999962472046
1.83428,1.86302,61.43016,5194.87208,2.35102,46.18208,4.351509685574596,1.6210518529871536,21.99999962472046
1.88227,1.91308,61.74869,5191.90477,2.33536,46.21014,4.156108954277697,1.5482599392763932,21.99999962472046
1.9302,1.96314,62.06471,5189.04811,2.31671,46.23709,3.9710506183863887,1.4793208399790165,21.99999962472046
1.97809,2.01319,62.37784,5186.29718,2.29522,46.26299,3.79593079751168,1.4140840990233907,21.99999962472046
2.02592,2.06324,62.6877,5183.64724,2.27103,46.2879,3.6303383617579725,1.352396559705928,21.99999962472046
2.07372,2.11328,62.99396,5181.09374,2.2443,46.31188,3.473859738509214,1.2941041553453978,21.99999962472046
2.12146,2.16331,63.29628,5178.63231,2.21516,46.33498,3.326082943437727,1.23905341093978,21.99999962472046
2.16916,2.21335,63.59435,5176.25881,2.18373,46.35725,3.186600918170785,1.187092686534884,21.99999962472046
2.21682,2.26338,63.88789,5173.96926,2.15016,46.37874,3.055014253748977,1.1380731917842468,21.99999962472046
2.26444,2.3134,64.17662,5171.75989,2.11454,46.3995,2.930933374536369,1.0918497995131313,21.99999962472046
2.31202,2.36342,64.46028,5169.62711,2.07701,46.41958,2.8139802520077737,1.0482816841493758,21.99999962472046
2.35957,2.41344,64.73863,5167.56749,2.03766,46.43901,2.703789712190919,1.0072328087800038,21.99999962472046
2.40707,2.46346,65.01143,5165.57782,1.9966,46.45784,2.600010394716014,0.9685722824224202,21.99999962472046
2.45455,2.51347,65.27847,5163.655,1.95393,46.4761,2.502305415666412,0.9321746069537253,21.99999962472046
2.50199,2.56348,65.53954,5161.79614,1.90973,46.49384,2.4103527808093697,0.897919831050043,21.99999962472046
2.54939,2.61349,65.79445,5159.99847,1.8641,46.51108,2.3238455904783413,0.8656936265105697,21.99999962472046
2.59677,2.6635,66.04303,5158.25938,1.81712,46.52787,2.242492072410879,0.8353873004905532,21.99999962472046
2.64411,2.7135,66.28509,5156.5764,1.76886,46.54422,2.166015474244641,0.8068977554532281,21.99999962472046
2.69142,2.7635,66.52049,5154.94719,1.7194,46.56017,2.094153843202413,0.7801274070966895,21.99999962472046
2.73871,2.81351,66.74906,5153.36952,1.66881,46.57576,2.0266597167072953,0.7549840690999106,21.99999962472046
2.78597,2.86351,66.97068,5151.8413,1.61717,46.59099,1.9632997442709554,0.731380812266166,21.99999962472046
2.8332,2.91351,67.18519,5150.36053,1.56452,46.60591,1.9038542579946143,0.7092358045233509,21.99999962472046
2.8804,2.96351,67.39249,5148.92533,1.51093,46.62052,1.8481168063499187,0.6884721372450864,21.99999962472046
2.92758,3.01351,67.59245,5147.5339,1.45646,46.63486,1.7958936635686884,0.6690176424854941,21.99999962472046
2.97473,3.06351,67.78496,5146.18455,1.40116,46.64895,1.7470033249379147,0.6508047049633018,21.99999962472046
3.02185,3.11352,67.96993,5144.87567,1.34508,46.66281,1.7012759965203144,0.6337700719693239,21.99999962472046
3.06896,3.16352,68.14724,5143.60571,1.28828,46.67645,1.6585530862954292,0.6178546638031327,21.99999962472046
3.11604,3.21352,68.31683,5142.37322,1.23079,46.68989,1.6186867024164382,0.6030033868605187,21.99999962472046
3.16309,3.26353,68.47859,5141.1768,1.17266,46.70315,1.581539163151151,0.5891649510736165,21.99999962472046
3.21013,3.31353,68.63245,5140.01512,1.11394,46.71626,1.5469825221383942,0.5762916930564177,21.99999962472046
3.25714,3.36354,68.77834,5138.88692,1.05466,46.72921,1.51489811178708,0.56433940600891,21.99999962472046
3.30413,3.41355,68.91619,5137.79097,0.99486,46.74204,1.4851761069848377,0.5532671771870624,21.99999962472046
3.3511,3.46356,69.04594,5136.72611,0.93458,46.75475,1.4577151107250326,0.5430372335379878,21.99999962472046
3.39805,3.51357,69.16752,5135.69121,0.87385,46.76735,1.4324217628061269,0.5336147959301587,21.99999962472046
3.44498,3.56359,69.28089,5134.68521,0.81271,46.77987,1.4092103723835434,0.524967942269308,21.99999962472046
3.49189,3.61361,69.386,5133.70704,0.75119,46.7923,1.3880025748586413,0.5170674796805458,21.99999962472046
3.53878,3.66363,69.48279,5132.75571,0.68932,46.80468,1.3687270133457148,0.5098868258464336,21.99999962472046
3.58565,3.71366,69.57123,5131.83024,0.62713,46.817,1.351319044777087,0.5034018995234006,21.99999962472046
3.6325,3.76369,69.65129,5130.92966,0.56466,46.82927,1.3357204705606622,0.4975910202045937,21.99999962472046
3.67933,3.81373,69.72292,5130.05307,0.50192,46.84152,1.3218792916094342,0.492434816861925,21.99999962472046
3.72614,3.86376,69.7861,5129.19954,0.43894,46.85375,1.3097494874789568,0.4879161456689675,21.99999962472046
3.77294,3.91381,69.84079,5128.36819,0.37576,46.86597,1.2992908193131913,0.48402001659309873,21.99999962472046
3.81971,3.96385,69.88699,5127.55815,0.3124,46.87819,1.2904686562712953,0.4807335287349125,21.99999962472046
3.86647,4.01391,69.92466,5126.76854,0.24889,46.89042,1.2832538251059316,0.4780458142921816,21.99999962472046
3.91321,4.06396,69.95379,5125.99852,0.18524,46.90268,1.2776224825670288,0.4759479910269007,21.99999962472046
3.95993,4.11403,69.97438,5125.24722,0.12149,46.91496,1.2735560103327874,0.47443312312432184,21.99999962472046
4.00664,4.1641,69.9864,5124.51381,0.05767,46.92729,1.2710409321995475,0.4734961903440016,21.99999962472046
4.05333,4.21417,69.98985,5123.79744,-0.00622,46.93967,1.2700688532922273,0.4731340653740894,21.99999962472046
4.1,4.26425,69.98473,5123.09726,-0.07013,46.95211,1.2706364211093368,0.47334549931957076,21.99999962472046
4.14665,4.31434,69.97103,5122.4124,-0.13405,46.96462,1.2727453082592939,0.47413111527109014,21.99999962472046
4.19329,4.36443,69.94877,5121.74201,-0.19796,46.97721,1.2764022167850355,0.47549340991598316,21.99999962472046
4.23991,4.41453,69.91795,5121.08522,-0.26182,46.98989,1.2816189040319175,0.4774367631747489,21.99999962472046
4.28651,4.46464,69.87857,5120.44112,-0.32561,47.00267,1.2884122300514493,0.4799674558601897,21.99999962472046
4.3331,4.51475,69.83066,5119.80882,-0.38931,47.01555,1.2968042265785396,0.4830936953732484,21.99999962472046
4.37967,4.56487,69.77422,5119.18739,-0.4529,47.02856,1.306822187653081,0.48682564946193496,21.99999962472046
4.42622,4.615,69.70927,5118.57587,-0.51634,47.0417,1.3184987819901879,0.4911754880821945,21.99999962472046
4.47275,4.66514,69.63584,5117.97331,-0.57961,47.05498,1.3318721872212762,0.49615743340624385,21.99999962472046
4.51927,4.71529,69.55396,5117.37867,-0.64268,47.06841,1.3469862461357291,0.5017878180267014,21.99999962472046
4.56577,4.76544,69.46365,5116.79094,-0.70553,47.082,1.363890645049292,0.5080851514035077,21.99999962472046
4.61225,4.81561,69.36496,5116.20904,-0.76813,47.09577,1.3826411143998714,0.5150701945911392,21.99999962472046
4.65872,4.86578,69.2579,5115.63184,-0.83045,47.10972,1.4032996516310636,0.5227660432685866,21.99999962472046
4.70517,4.91596,69.14254,5115.0582,-0.89245,47.12387,1.425934766349854,0.5311982190670479,21.99999962472046
4.7516,4.96615,69.01891,5114.4869,-0.95411,47.13823,1.4506217476532284,0.5403947691561257,21.99999962472046
4.79801,5.01635,68.88707,5113.91669,-1.01539,47.15282,1.477442953379396,0.5503863739975182,21.99999962472046
4.84441,5.06656,68.74706,5113.34626,-1.07626,47.16764,1.5064881208701637,0.56120646311218,21.99999962472046
4.89078,5.11678,68.59895,5112.77422,-1.13669,47.18271,1.5378546986060972,0.5728913386231458,21.99999962472046
4.93714,5.16701,68.4428,5112.19914,-1.19664,47.19805,1.5716481978032322,0.5854803062345558,21.99999962472046
4.98348,5.21725,68.27869,5111.6195,-1.25606,47.21368,1.607982562708586,0.5990158131764776,21.99999962472046
5.0298,5.26751,68.10668,5111.03372,-1.31493,47.2296,1.6469805579272998,0.6135435924944576,21.99999962472046
5.07611,5.31777,67.92686,5110.44013,-1.37319,47.24584,1.6887741705977062,0.6291128128703152,21.99999962472046
5.12239,5.36804,67.7393,5109.83697,-1.4308,47.26241,1.7335050246331938,0.645776232938137,21.99999962472046
5.16865,5.41833,67.54412,5109.22239,-1.48772,47.27933,1.7813248035336882,0.6635903587926786,21.99999962472046
5.21489,5.46863,67.34139,5108.59445,-1.5439,47.29663,1.8323956774160506,0.6826156030694233,21.99999962472046
5.26112,5.51894,67.13123,5107.95108,-1.59928,47.31432,1.8868907289295036,0.702916443609285,21.99999962472046
5.30732,5.56926,66.91375,5107.29012,-1.65382,47.33243,1.9449943715543085,0.7245615792858715,21.99999962472046
5.3535,5.61959,66.68908,5106.60927,-1.70744,47.35098,2.0069027524472958,0.747624080076045,21.99999962472046
5.39965,5.66994,66.45733,5105.90614,-1.76011,47.36999,2.072824130453765,0.7721815278792993,21.99999962472046
5.44578,5.7203,66.21864,5105.17815,-1.81174,47.3895,2.1429792181270435,0.7983161439290455,21.99999962472046
5.49189,5.77067,65.97317,5104.42261,-1.86228,47.40952,2.217601474593532,0.8261148978925476,21.99999962472046
5.53798,5.82106,65.72106,5103.63669,-1.91165,47.43009,2.2969373338227754,0.8556695929075285,21.99999962472046
5.58404,5.87145,65.46248,5102.81737,-1.95978,47.45123,2.381246350297696,0.8870769198481667,21.99999962472046
5.63008,5.92187,65.1976,5101.96147,-2.00659,47.47299,2.470801241245899,0.9204384730573668,21.99999962472046
5.67608,5.97229,64.92661,5101.06566,-2.05199,47.49539,2.5658878014472366,0.9558607186103374,21.99999962472046
5.72206,6.02273,64.64972,5100.12638,-2.09591,47.51847,2.6668046631866082,0.9934549048906914,21.99999962472046
5.76802,6.07319,64.36711,5099.13992,-2.13824,47.54227,2.77386287021777,1.0333369038807572,21.99999962472046
5.81394,6.12366,64.07903,5098.10234,-2.17889,47.56683,2.8873852306258065,1.0756269700858205,21.99999962472046
5.85983,6.17414,63.78571,5097.0095,-2.21776,47.59219,3.0077054093182585,1.120449402463192,21.99999962472046
5.90569,6.22464,63.48739,5095.85706,-2.25474,47.61839,3.1351667165735564,1.1679320931246242,21.99999962472046
5.95152,6.27515,63.18435,5094.64043,-2.28972,47.64548,3.270120544774411,1.2182059449783673,21.99999962472046
5.99731,6.32568,62.87686,5093.35482,-2.32258,47.67352,3.412924401255971,1.2714041389133484,21.99999962472046
6.04307,6.37623,62.56522,5091.99518,-2.35319,47.70254,3.5639394813402867,1.3276612296906511,21.99999962472046
6.08879,6.42679,62.24975,5090.55625,-2.38142,47.73261,3.7235277222992513,1.3871120484671993,21.99999962472046
6.13447,6.47736,61.93077,5089.03252,-2.40715,47.76379,3.8920482765342577,1.4498903889623802,21.99999962472046
6.18011,6.52795,61.60864,5087.41826,-2.43022,47.79612,4.069853341014515,1.5161274538140839,21.99999962472046
6.22571,6.57856,61.28374,5085.70749,-2.4505,47.82967,4.25728328044851,1.5859500378317566,21.99999962472046
6.27126,6.62918,60.95644,5083.89403,-2.46782,47.8645,4.454660984256851,1.6594784258203061,21.99999962472046
6.31677,6.67982,60.62717,5081.97146,-2.48204,47.90068,4.6622854027598235,1.7368239846398956,21.99999962472046
6.36223,6.73048,60.29634,5079.93319,-2.49299,47.93828,4.88042421678363,1.818086432441392,21.99999962472046
6.40764,6.78115,59.96443,5077.77243,-2.50051,47.97736,5.109305607721937,1.90335077279775,21.99999962472046
6.453,6.83184,59.6319,5075.48223,-2.50442,48.01799,5.349109112819139,1.9926838880564153,21.99999962472046
6.4983,6.88254,59.29926,5073.05553,-2.50456,48.06025,5.599955573661606,2.086130794887844,21.99999962472046
6.54354,6.93326,58.96702,5070.48517,-2.50075,48.10421,5.861896215291291,2.183710575967976,21.99999962472046
6.58873,6.984,58.63573,5067.76393,-2.49281,48.14993,6.1349009294534484,2.2854120151797237,21.99999962472046
6.63385,7.03476,58.30596,5064.88459,-2.48058,48.1975,6.418845878604992,2.391188979779924,21.99999962472046
6.6789,7.08553,57.9783,5061.84,-2.46388,48.24698,6.713500587366358,2.500955611625518,21.99999962472046
6.72388,7.13631,57.65335,5058.62311,-2.44255,48.29844,7.0185147446406235,2.6145814106156617,21.99999962472046
6.7688,7.18712,57.33175,5055.22708,-2.41641,48.35196,7.33340500167329,2.731886316621633,21.99999962472046
6.81363,7.23794,57.01416,5051.64531,-2.38533,48.40759,7.657542117128926,2.85263592068965,21.99999962472046
6.85839,7.28878,56.70123,5047.8716,-2.34916,48.46539,7.990138867361049,2.976536961298294,21.99999962472046
6.90306,7.33963,56.39367,5043.90015,-2.30776,48.52543,8.33023920513641,3.1032332856980656,21.99999962472046
6.94765,7.3905,56.09216,5039.72576,-2.26103,48.58774,8.676709208818972,3.232302478244266,21.99999962472046
6.99215,7.44138,55.79742,5035.34385,-2.20887,48.65237,9.028230411507858,3.3632533753253666,21.99999962472046
7.03655,7.49228,55.51018,5030.75064,-2.15119,48.71936,9.383296129993012,3.4955246978024,21.99999962472046
7.08086,7.54319,55.23115,5025.94321,-2.08796,48.78872,9.740211420605998,3.6284850345622237,21.99999962472046
7.12506,7.59412,54.96108,5020.91962,-2.01916,48.86048,10.097097266947385,3.7614344025561497,21.99999962472046
7.16916,7.64506,54.70068,5015.67905,-1.94478,48.93461,10.45189954749251,3.8936075874690537,21.99999962472046
7.21315,7.69602,54.45067,5010.22186,-1.86487,49.01113,10.802403234799408,4.024179433297923,21.99999962472046
7.25702,7.74698,54.21178,5004.54972,-1.7795,49.08998,11.146252140082947,4.152272197725237,21.99999962472046
7.30078,7.79796,53.98468,4998.66567,-1.6888,49.17114,11.48097433726135,4.276965023245247,21.99999962472046
7.34441,7.84895,53.77005,4992.57416,-1.59292,49.25454,11.804013182883391,4.39730549290303,21.99999962472046
7.38792,7.89996,53.56854,4986.28118,-1.49205,49.34011,12.112763599473714,4.512323146795305,21.99999962472046
7.43131,7.95097,53.38075,4979.7942,-1.38642,49.42774,12.40461302096574,4.62104473532152,21.99999962472046
7.47456,8.00199,53.20726,4973.12221,-1.27633,49.51734,12.676986124592263,4.722510882990068,21.99999962472046
7.51767,8.05302,53.0486,4966.2757,-1.16209,49.60877,12.927392211293906,4.8157937388671,21.99999962472046
7.56065,8.10405,52.90525,4959.26661,-1.04405,49.70189,13.153473865789065,4.900015103732885,21.99999962472046
7.60348,8.15509,52.77764,4952.10822,-0.92262,49.79655,13.353055347238588,4.974364456877655,21.99999962472046
7.64617,8.20614,52.66615,4944.8151,-0.79823,49.89257,13.524189049853335,5.038116263900362,21.99999962472046
7.68871,8.25719,52.57107,4937.40293,-0.67134,49.98976,13.665198343779565,5.090645936065698,21.99999962472046
7.7311,8.30824,52.49266,4929.88836,-0.54245,50.08793,13.774715169156226,5.131443835079605,21.99999962472046
7.77335,8.3593,52.4311,4922.28886,-0.41205,50.18687,13.851710912292237,5.160126775277697,21.99999962472046
7.81544,8.41036,52.38649,4914.62248,-0.28069,50.28637,13.895519336939795,5.176446566127938,21.99999962472046
7.85738,8.46141,52.35887,4906.90768,-0.14889,50.38623,13.905850662948016,5.180295256899547,21.99999962472046
7.89916,8.51247,52.34822,4899.16312,-0.0172,50.48621,13.882796259563069,5.171706885040794,21.99999962472046
7.94079,8.56352,52.35442,4891.40745,0.11385,50.5861,13.826823827088978,5.150855681220861,21.99999962472046
7.98227,8.61457,52.37731,4883.65906,0.24372,50.68569,13.738763351631585,5.118050837102426,21.99999962472046
8.02359,8.66562,52.41665,4875.93594,0.37189,50.78477,13.61978450581632,5.073728086514398,21.99999962472046
8.06476,8.71666,52.47214,4868.25547,0.49788,50.88313,13.471366509565081,5.018438477798305,21.99999962472046
8.10577,8.7677,52.54342,4860.63423,0.62119,50.98059,13.295261738421303,4.9528348169518495,21.99999962472046
8.14664,8.81873,52.63008,4853.08788,0.7414,51.07697,13.093454559180763,4.877656332818294,21.99999962472046
8.18736,8.86975,52.73165,4845.63102,0.85809,51.17209,12.86811697657616,4.793712154309449,21.99999962472046
8.22793,8.92076,52.84761,4838.27711,0.97087,51.2658,12.621562690677482,4.7018641955785005,21.99999962472046
8.26835,8.97177,52.9774,4831.03837,1.07941,51.35797,12.356201099480632,4.603010020774,21.99999962472046
8.30863,9.02277,53.12043,4823.92573,1.18341,51.44846,12.074492646419019,4.498066209813052,21.99999962472046
8.34877,9.07376,53.27607,4816.94883,1.2826,51.53718,11.778906724189648,4.387952676448926,21.99999962472046
8.38878,9.12474,53.44367,4810.11597,1.37677,51.62403,11.471883121298703,4.273578306094872,21.99999962472046
8.42865,9.17571,53.62256,4803.4342,1.46573,51.70893,11.155797754069816,4.1558281900955665,21.99999962472046
8.46839,9.22668,53.81204,4796.90925,1.54934,51.79182,10.832933180382383,4.0355526413187945,21.99999962472046
8.508,9.27763,54.01141,4790.54569,1.62749,51.87266,10.505454156611846,3.9135580884725787,21.99999962472046
8.54749,9.32857,54.21997,4784.34691,1.7001,51.95142,10.175388286544024,3.790599867316601,21.99999962472046
8.58685,9.37951,54.437,4778.31523,1.76715,52.02808,9.8446116284287,3.66737685891097,21.99999962472046
8.6261,9.43043,54.66179,4772.45198,1.82862,52.10263,9.514838978314529,3.544527869902808,21.99999962472046
8.66523,9.48135,54.89363,4766.75756,1.88453,52.17507,9.187618435402563,3.4226296079774503,21.99999962472046
8.70425,9.53226,55.13183,4761.23156,1.93493,52.24543,8.864329778040066,3.302196076873404,21.99999962472046
8.74316,9.58316,55.37569,4755.87282,1.97987,52.31372,8.546186133838734,3.1836791985453363,21.99999962472046
8.78197,9.63405,55.62453,4750.67954,2.01946,52.37997,8.234238410493694,3.067470463760726,21.99999962472046
8.82068,9.68493,55.87769,4745.64934,2.05378,52.44424,7.929381960288542,2.95390341480335,21.99999962472046
8.85928,9.7358,56.13453,4740.77935,2.08296,52.50655,7.632364976035769,2.8432567731819978,21.99999962472046
8.8978,9.78667,56.39442,4736.06631,2.10712,52.56697,7.34379815442092,2.735758039480433,21.99999962472046
8.93622,9.83753,56.65674,4731.5066,2.12642,52.62554,7.064165209921762,2.6315874100689163,21.99999962472046
8.97455,9.88839,56.92091,4727.09633,2.14099,52.68232,6.7938338746813365,2.5308818748463473,21.99999962472046
9.0128,9.93924,57.18635,4722.8314,2.15099,52.73738,6.533067073845051,2.433739380347366,21.99999962472046
9.05096,9.99008,57.45251,4718.70756,2.15657,52.79077,6.282034019085278,2.340222962372159,21.99999962472046
9.08904,10.04092,57.71887,4714.72042,2.1579,52.84256,6.0408210136942,2.2503647711678405,21.99999962472046
9.12707,10.09174,57.98541,4710.86462,2.16301,52.85231,5.8090435831555505,2.164021579860967,0.0
9.16505,10.14253,58.2521,4707.1351,2.16387,52.86209,5.586329768681491,2.081054824016245,0.0
9.20299,10.19329,58.51844,4703.52784,2.16066,52.87191,5.372694583102267,2.0014700963079517,0.0
9.24089,10.24402,58.78394,4700.03878,2.15353,52.88177,5.168092615825004,1.925250480095417,0.0
9.27876,10.29472,59.04813,4696.66387,2.14265,52.89166,4.972429101995929,1.8523606729771966,0.0
9.31659,10.3454,59.31058,4693.39906,2.12817,52.9016,4.785567683352637,1.7827498779127435,0.0
9.35438,10.39606,59.57087,4690.24039,2.11026,52.91157,4.607337505165879,1.7163544470199534,0.0
9.39214,10.44669,59.82858,4687.18391,2.08907,52.92159,4.437539645210618,1.6531002765360416,0.0
9.42987,10.4973,60.08333,4684.2258,2.06476,52.93164,4.275952885974482,1.5929049571170664,0.0
9.46756,10.54789,60.33476,4681.36229,2.03746,52.94174,4.1223388530496345,1.5356796880241004,0.0
9.50522,10.59846,60.58252,4678.58973,2.00732,52.95187,3.9764465512126006,1.481330966932318,0.0
9.54285,10.64901,60.82629,4675.90457,1.97448,52.96205,3.8380163356527435,1.42976206931809,0.0
9.58044,10.69955,61.06574,4673.30339,1.93908,52.97228,3.706783359520402,1.380874332761378,0.0
9.61801,10.75007,61.30058,4670.78286,1.90124,52.98254,3.58248054090839,1.334568262224407,0.0
9.65555,10.80057,61.53053,4668.33978,1.8611,52.99285,3.4648410928881055,1.2907444725566872,0.0
9.69306,10.85106,61.75533,4665.97106,1.81876,53.0032,3.353600659622684,1.2493044842533647,0.0
9.73054,10.90154,61.97472,4663.67374,1.77436,53.0136,3.2484991001511845,1.210151387961769,0.0
9.76799,10.95201,62.18846,4661.44497,1.72799,53.02404,3.14928195944002,1.173190392486774,0.0
9.80542,11.00246,62.39633,4659.28201,1.67976,53.03452,3.0557016638426657,1.1383292701309942,0.0
9.84282,11.0529,62.59813,4657.18222,1.62978,53.04505,2.967518475488104,1.1054787122295928,0.0
9.88019,11.10333,62.79364,4655.14308,1.57815,53.05563,2.8845012372851344,1.074552606683988,0.0
9.91754,11.15376,62.98268,4653.16218,1.52495,53.06625,2.806427937455409,1.0454682482652649,0.0
9.95486,11.20417,63.16508,4651.23718,1.47029,53.07692,2.733086119714312,1.0181464914173417,0.0
9.99216,11.25458,63.34066,4649.36587,1.41424,53.08764,2.6642731625765634,0.9925118543056601,0.0
10.02944,11.30498,63.50927,4647.54609,1.35688,53.0984,2.599796448716721,0.9684925819084256,0.0
10.06669,11.35537,63.67077,4645.7758,1.29831,53.1092,2.539473442965934,0.9460206750724522,0.0
10.10391,11.40576,63.82502,4644.05302,1.23859,53.12006,2.48313169532978,0.9250318916373852,0.0
10.14112,11.45614,63.97188,4642.37584,1.17779,53.13096,2.430608783411257,0.9054657249867506,0.0
10.1783,11.50652,64.11125,4640.74244,1.11599,53.14191,2.3817522067972483,0.8872653647041354,0.0
10.21546,11.55689,64.243,4639.15106,1.05326,53.1529,2.3364192443257217,0.8703776434014624,0.0
10.25259,11.60726,64.36704,4637.59997,0.98965,53.16395,2.294476783674995,0.8547529732365097,0.0
10.28971,11.65762,64.48327,4636.08755,0.92523,53.17504,2.255801131406307,0.8403452751487678,0.0
10.3268,11.70798,64.5916,4634.61218,0.86007,53.18618,2.220277810429979,0.8271119034102582,0.0
10.36388,11.75834,64.69195,4633.17232,0.79422,53.19737,2.187801350830098,0.8150135677022227,0.0
10.40093,11.8087,64.78424,4631.76645,0.72773,53.2086,2.1582750791062426,0.8040142546021211,0.0
10.43796,11.85906,64.86841,4630.39311,0.66067,53.21989,2.1316109100783627,0.7940811500627252,0.0
10.47497,11.90941,64.9444,4629.05085,0.59308,53.23122,2.1077291450436024,0.785184564220221,0.0
10.51196,11.95976,65.01214,4627.73827,0.52501,53.2426,2.0865582791683246,0.777297859642674,0.0
10.54893,12.01012,65.07159,4626.45398,0.45652,53.25403,2.0680348205885397,0.7703973839401763,0.0
10.58587,12.06047,65.12271,4625.19661,0.38766,53.26551,2.0521031232572464,0.7644624074960842,0.0
10.6228,12.11082,65.16546,4623.96483,0.31848,53.27704,2.038715235193004,0.7594750669356187,0.0
10.65971,12.16118,65.19981,4622.75729,0.24901,53.28861,2.027830763459519,0.7554203148272084,0.0
10.6966,12.21153,65.22573,4621.57267,0.17932,53.30024,2.019416756920977,0.7522858760057655,0.0
10.73348,12.26188,65.2432,4620.40965,0.10944,53.31191,2.0134476075782537,0.7500622108178295,0.0
10.77033,12.31224,65.2522,4619.26691,0.03942,53.32364,2.009904971067823,0.7487424855053175,0.0
10.80716,12.3626,65.25273,4618.14312,-0.03069,53.33541,2.008777706722685,0.7483225498766437,0.0
10.84397,12.41296,65.24478,4617.03696,-0.10085,53.34723,2.0100618374135366,0.7488009223464978,0.0
10.88077,12.46332,65.22835,4615.94708,-0.17101,53.3591,2.0137605292327008,0.7501787823675753,0.0
10.91754,12.51368,65.20345,4614.87212,-0.24113,53.37102,2.019884090922445,0.7524599702176099,0.0
10.9543,12.56405,65.17009,4613.81072,-0.31116,53.38299,2.0284499927962796,0.755650994048056,0.0
10.99104,12.61442,65.12829,4612.76147,-0.38105,53.395,2.039482904743528,0.7597610440417905,0.0
11.02775,12.66479,65.07807,4611.72294,-0.45076,53.40707,2.053014752730348,0.7648020134612294,0.0
11.06446,12.71516,65.01945,4610.69368,-0.52024,53.41919,2.0690847930360383,0.7707885263033074,0.0
11.10114,12.76554,64.95249,4609.67219,-0.58944,53.43135,2.0877397032399436,0.7777379711944903,0.0
11.1378,12.81592,64.8772,4608.65694,-0.65832,53.44356,2.10903368875207,0.785670541076236,0.0
11.17444,12.8663,64.79365,4607.64634,-0.72682,53.45583,2.1330286034010846,0.7946092781271953,0.0
11.21107,12.91669,64.70188,4606.63878,-0.79489,53.46814,2.1597940822892654,0.8045801232551764,0.0
11.24768,12.96708,64.60194,4605.63256,-0.86249,53.4805,2.1894076847589634,0.8156119693559143,0.0
11.28426,13.01747,64.49392,4604.62596,-0.92955,53.4929,2.221955044908368,0.8277367173841531,0.0
11.32083,13.06787,64.37787,4603.61715,-0.99602,53.50536,2.257530026608696,0.8409893341016282,0.0
11.35739,13.11826,64.25363,4602.60475,-1.06583,53.4999,2.296312853473267,0.8554369575462699,-24.999999573545978
11.39395,13.16865,64.12105,4601.58726,-1.135,53.49416,2.3384991092405953,0.8711524478067925,-24.999999573545978
11.4305,13.21902,63.98021,4600.56257,-1.20348,53.48811,2.3842209414642124,0.888185033323898,-24.999999573545978
11.46705,13.26939,63.8312,4599.52848,-1.2712,53.48173,2.433620938021914,0.906587831833778,-24.999999573545978
11.50359,13.31975,63.67413,4598.4827,-1.33811,53.47499,2.4868525946571918,0.9264180245395993,-24.999999573545978
11.54014,13.3701,63.50909,4597.42284,-1.40414,53.46785,2.5440805662019614,0.9477369496985802,-24.999999573545978
11.57668,13.42044,63.3362,4596.34637,-1.46921,53.46029,2.605480896463937,0.9706101882610854,-24.999999573545978
11.61322,13.47077,63.15558,4595.25067,-1.53326,53.45226,2.6712412169726605,0.9951076379087516,-24.999999573545978
11.64976,13.52109,62.96737,4594.13299,-1.59621,53.44373,2.7415609031708645,1.0213035712398806,-24.999999573545978
11.68629,13.57139,62.77172,4592.99042,-1.65798,53.43467,2.816651174806567,1.0492766731681347,-24.999999573545978
11.72283,13.62169,62.56876,4591.81996,-1.71849,53.42503,2.896735125272741,1.0791100518523373,-24.999999573545978
11.75936,13.67197,62.35866,4590.6184,-1.77766,53.41477,2.982047662388941,1.1108912166360692,-24.999999573545978
11.7959,13.72224,62.1416,4589.38241,-1.8354,53.40386,3.0728353406460682,1.14471201555443,-24.999999573545978
11.83243,13.77249,61.91775,4588.10849,-1.89161,53.39223,3.1693560622805026,1.1806685239762875,-24.999999573545978
11.86896,13.82273,61.68732,4586.79298,-1.94619,53.37986,3.271878621626457,1.2188608748635403,-24.999999573545978
11.9055,13.87295,61.45051,4585.432,-1.99904,53.36669,3.380682064164702,1.2593930199999046,-24.999999573545978
11.94203,13.92316,61.20754,4584.02154,-2.05006,53.35265,3.4960548284754998,1.3023724103458032,-24.999999573545978
11.97857,13.97334,60.95864,4582.55736,-2.09912,53.33771,3.6182936360349283,1.3479095824582867,-24.999999573545978
12.01511,14.02351,60.70407,4581.03503,-2.14612,53.32181,3.7477020905152605,1.3961176366935717,-24.999999573545978
12.05165,14.07366,60.44408,4579.44994,-2.19092,53.30487,3.884588945114174,1.447111591741577,-24.999999573545978
12.08819,14.12378,60.17895,4577.79724,-2.23341,53.28685,4.029265993515104,1.5010075989531688,-24.999999573545978
12.12473,14.17389,59.90899,4576.07189,-2.27344,53.26768,4.182045537625832,1.5579219990061532,-24.999999573545978
12.16128,14.22397,59.63448,4574.26866,-2.31088,53.24728,4.343237383433642,1.6179702027822793,-24.999999573545978
12.19783,14.27402,59.35577,4572.38208,-2.34558,53.22559,4.513145315431413,1.6812653779981956,-24.999999573545978
12.23439,14.32404,59.0732,4570.4065,-2.37739,53.20253,4.692063000407027,1.7479169232592273,-24.999999573545978
12.27095,14.37404,58.78714,4568.33605,-2.40617,53.17804,4.880269273401282,1.8180287119546616,-24.999999573545978
12.30752,14.424,58.49795,4566.16468,-2.43174,53.15203,5.078022762612183,1.891697089893174,-24.999999573545978
12.34409,14.47393,58.20606,4563.88618,-2.45395,53.12441,5.2855558165502865,1.9690086130084032,-24.999999573545978
12.38067,14.52383,57.91187,4561.49414,-2.47263,53.09512,5.503067706277063,2.050037515013885,-24.999999573545978
12.41726,14.57368,57.61583,4558.98204,-2.4876,53.06406,5.73071708860844,2.134842899748064,-24.999999573545978
12.45386,14.6235,57.3184,4556.34321,-2.4987,53.03115,5.968613733238342,2.2234656593101416,-24.999999573545978
12.49046,14.67327,57.02007,4553.57093,-2.50574,52.99631,6.216809538405688,2.3159251271596397,-24.999999573545978
12.52707,14.723,56.72134,4550.65839,-2.50856,52.95944,6.47528888620933,2.412215485217449,-24.999999573545978
12.56369,14.77268,56.42272,4547.59877,-2.50697,52.92046,6.743958420450879,2.5123019558433213,-24.999999573545978
12.60033,14.82231,56.12477,4544.3853,-2.5008,52.87928,7.022636366725917,2.616116823288837,-24.999999573545978
12.63697,14.87188,55.82805,4541.01127,-2.48988,52.83582,7.3110415564817615,2.723555344870133,-24.999999573545978
12.67363,14.9214,55.53314,4537.47015,-2.47405,52.78999,7.608782362934323,2.8344716293058143,-24.999999573545978
12.71029,14.97086,55.24065,4533.75557,-2.45314,52.74172,7.9153458063877995,2.9486745781618864,-24.999999573545978
12.74698,15.02025,54.95119,4529.86149,-2.42701,52.69093,8.230087137759291,3.0659240054406016,-24.999999573545978
12.78367,15.06958,54.66539,4525.78222,-2.39551,52.63754,8.55222025999901,3.185927069307453,-24.999999573545978
12.82038,15.11884,54.38391,4521.51249,-2.35853,52.5815,8.880809394639988,3.308335167661684,-24.999999573545978
12.85711,15.16802,54.1074,4517.04761,-2.31595,52.52274,9.214762441709247,3.4327414645284797,-24.999999573545978
12.89385,15.21712,53.83653,4512.38348,-2.26768,52.46122,9.552826511515164,3.558679225532197,-24.999999573545978
12.9306,15.26614,53.57198,4507.51675,-2.21367,52.3969,9.893586122274638,3.6856211464650674,-24.999999573545978
12.96738,15.31507,53.31443,4502.44489,-2.15386,52.32975,10.235464553535277,3.8129798574725604,-24.999999573545978
13.00417,15.36392,53.06456,4497.16627,-2.08825,52.25977,10.576728817637955,3.940109775054002,-24.999999573545978
13.04098,15.41267,52.82305,4491.68029,-2.01685,52.18694,10.915498656350668,4.066310453545399,-24.999999573545978
13.07781,15.46132,52.59055,4485.98743,-1.9397,52.11129,11.249759884460726,4.190831555958624,-24.999999573545978
13.11466,15.50987,52.36774,4480.08937,-1.8569,52.03285,11.577382285568417,4.3128795206354145,-24.999999573545978
13.15153,15.55831,52.15525,4473.989,-1.76857,51.95167,11.89614211831392,4.431625945409083,-24.999999573545978
13.18841,15.60665,51.95371,4467.69053,-1.67485,51.86782,12.203749117115915,4.5462176460900725,-24.999999573545978
13.22532,15.65486,51.76371,4461.19951,-1.57597,51.78138,12.497877676168747,4.655788273325404,-24.999999573545978
13.26225,15.70296,51.58581,4454.52282,-1.47215,51.69246,12.776201697642165,4.7594712944699955,-24.999999573545978
13.2992,15.75094,51.42055,4447.66874,-1.36369,51.60119,13.036432375682976,4.856414069121422,-24.999999573545978
13.33617,15.7988,51.26842,4440.64684,-1.25089,51.5077,13.276357990240014,4.945792673366769,-24.999999573545978
13.37315,15.84652,51.12987,4433.46802,-1.13413,51.41217,13.493884612533744,5.026827063641079,-24.999999573545978
13.41016,15.89411,51.00529,4426.14438,-1.0138,51.31477,13.687076491643644,5.098796121793783,-24.999999573545978
13.44719,15.94157,50.89504,4418.68916,-0.89034,51.21569,13.854194811270785,5.161052093002521,-24.999999573545978
13.48424,15.98889,50.7994,4411.11662,-0.76419,51.11516,13.993733487587104,5.21303392141389,-24.999999573545978
13.5213,16.03607,50.71861,4403.44192,-0.63586,51.01338,14.104450728977667,5.2542790069778205,-24.999999573545978
13.55838,16.08311,50.65284,4395.68095,-0.50586,50.91061,14.185395197794032,5.284432951389069,-24.999999573545978
13.59548,16.13001,50.60221,4387.85017,-0.3747,50.80706,14.235925799000613,5.303256929878656,-24.999999573545978
13.6326,16.17676,50.56676,4379.96647,-0.24293,50.70301,14.2557243615012,5.310632415341655,-24.999999573545978
13.66974,16.22337,50.54648,4372.04693,-0.11109,50.59869,14.2448007612708,5.306563086838612,-24.999999573545978
13.70689,16.26983,50.5413,4364.1087,0.02027,50.49436,14.203490343835481,5.291173869401456,-24.999999573545978
13.74405,16.31614,50.55106,4356.16878,0.15063,50.39027,14.132443817782178,5.264707169099996,-24.999999573545978
13.78123,16.3623,50.57558,4348.24386,0.27945,50.28665,14.032610091355634,5.227516479222674,-24.999999573545978
13.81841,16.40832,50.61459,4340.35014,0.40622,50.18376,13.905212792432172,5.180057633349012,-24.999999573545978
13.85562,16.4542,50.66778,4332.50322,0.53046,50.08182,13.75172143339476,5.12287806350686,-24.999999573545978
13.89283,16.49993,50.73479,4324.7179,0.6517,49.98105,13.573818345211139,5.056604482246494,-24.999999573545978
13.93005,16.54552,50.8152,4317.00814,0.76951,49.88164,13.373362603600816,4.9819294441886575,-24.999999573545978
13.96728,16.59096,50.90856,4309.38691,0.88349,49.78379,13.152352202995012,4.899597254829377,-24.999999573545978
14.00451,16.63627,51.01437,4301.86613,0.99329,49.68768,12.91288570482225,4.810389683517251,-24.999999573545978
14.04176,16.68144,51.1321,4294.45661,1.09856,49.59345,12.657124502846784,4.715111906299158,-24.999999573545978
14.079,16.72647,51.26118,4287.16804,1.19902,49.50125,12.387256720098549,4.614579056576731,-24.999999573545978
14.11626,16.77137,51.40103,4280.00894,1.29442,49.41119,12.105463591719847,4.509603701832225,-24.999999573545978
14.15351,16.81615,51.55103,4272.98669,1.38454,49.32339,11.813889008177785,4.400984497673795,-24.999999573545978
14.19077,16.86079,51.71056,4266.10751,1.46922,49.23793,11.514612706120904,4.289496200724183,-24.999999573545978
14.22803,16.90532,51.87897,4259.37657,1.54832,49.15488,11.209627410498515,4.175881153458758,-24.999999573545978
14.26529,16.94972,52.0556,4252.79793,1.62173,49.07429,10.900820060384044,4.060842290330728,-24.999999573545978
14.30256,16.99401,52.23982,4246.3747,1.68938,48.9962,10.589957098956766,3.945037657902288,-24.999999573545978
14.33982,17.03818,52.43095,4240.10902,1.75124,48.92063,10.278673679748136,3.829076393887385,-24.999999573545978
14.37708,17.08225,52.62833,4234.00216,1.80729,48.8476,9.968466538915674,3.713516071886191,-24.999999573545978
14.41434,17.1262,52.83132,4228.05462,1.85757,48.77709,9.660690207117057,3.598861290208541,-24.999999573545978
14.45159,17.17006,53.03928,4222.26614,1.90211,48.7091,9.356556183616128,3.485563364206678,-24.999999573545978
14.48885,17.21382,53.25155,4216.63583,1.94097,48.64361,9.05713466699789,3.374020971012136,-24.999999573545978
14.52609,17.25748,53.46752,4211.16221,1.97425,48.58057,8.763358428440268,3.2645815924313797,-24.999999573545978
14.56334,17.30104,53.68658,4205.84331,2.00203,48.51995,8.4760284212341,3.157543604639594,-24.999999573545978
14.60058,17.34452,53.90812,4200.6767,2.02445,48.4617,8.195820740748383,3.0531588709508704,-24.999999573545978
14.63782,17.38792,54.13156,4195.65957,2.04161,48.40576,7.923294578827891,2.9516357050406112,-24.999999573545978
14.67505,17.43123,54.35635,4190.78883,2.05368,48.35208,7.658900852490703,2.85314208536239,-24.999999573545978
14.71227,17.47446,54.58192,4186.06108,2.06078,48.30059,7.402991226193047,2.757809016179003,-24.999999573545978
14.74949,17.51762,54.80776,4181.47275,2.06308,48.25123,7.1558272874749145,2.6657339457318767,-24.999999573545978
14.7867,17.5607,55.03335,4177.02009,2.06073,48.20393,6.917589675740856,2.576984166952116,-24.999999573545978
14.82391,17.60371,55.2582,4172.69924,2.05389,48.15862,6.688387001919116,2.491600140268219,-24.999999573545978
14.8611,17.64666,55.48184,4168.50623,2.04273,48.11522,6.4682644318097315,2.40959869112908,-24.999999573545978
14.8983,17.68954,55.70381,4164.43707,2.02741,48.07367,6.257211837573043,2.330976046647949,-24.999999573545978
14.93548,17.73235,55.92368,4160.48773,2.0081,48.03388,6.055171449548789,2.255710686106367,-24.999999573545978
14.97266,17.77511,56.14104,4156.65419,1.98497,47.9958,5.862044964530931,2.1837659889735703,-24.999999573545978
15.00982,17.81781,56.35548,4152.93245,1.95816,47.95935,5.6777000867098995,2.1150926715795833,-24.999999573545978
15.04699,17.86046,56.56663,4149.31854,1.92785,47.92445,5.501976494039313,2.049631009743801,-24.999999573545978
15.08414,17.90305,56.77412,4145.80857,1.8942,47.89104,5.334691236018715,1.987312849591087,-24.999999573545978
15.12128,17.9456,56.97762,4142.3987,1.85735,47.85904,5.175643579205523,1.9280634126324638,-24.999999573545978
15.15842,17.98809,57.1768,4139.08516,1.81746,47.8284,5.0246193245015185,1.8718029040679285,-24.999999573545978
15.19555,18.03054,57.37134,4135.8643,1.77467,47.79904,4.881394625807099,1.8184479353356322,-24.999999573545978
15.23267,18.07294,57.56095,4132.73251,1.72914,47.77091,4.745739343289479,1.7679127732925206,-24.999999573545978
15.26978,18.1153,57.74536,4129.68631,1.68099,47.74393,4.617419966681479,1.7201104292200429,-24.999999573545978
15.30689,18.15762,57.92429,4126.72231,1.63037,47.71806,4.496202144923815,1.6749536011824695,-24.999999573545978
15.34399,18.1999,58.09751,4123.83722,1.57741,47.69322,4.381852858389831,1.632355483237755,-24.999999573545978
15.38107,18.24214,58.26477,4121.02782,1.52223,47.66937,4.274142269121732,1.5922304546992208,-24.999999573545978
15.41815,18.28435,58.42586,4118.29102,1.46496,47.64645,4.17284528313604,1.5544946621354407,-24.999999573545978
15.45522,18.32652,58.58057,4115.62381,1.40571,47.62441,4.077742857066876,1.519066506129249,-24.999999573545978
15.49229,18.36865,58.72869,4113.02326,1.34461,47.60319,3.988623079404766,1.485867044067638,-24.999999573545978
15.52934,18.41076,58.87005,4110.48654,1.28176,47.58274,3.905282054383567,1.4548203194128995,-24.999999573545978
15.56639,18.45283,59.00448,4108.01091,1.21727,47.56302,3.8275246143280883,1.4258536270708537,-24.999999573545978
15.60343,18.49487,59.13181,4105.59369,1.15125,47.54398,3.755164884008458,1.3988977236277023,-24.999999573545978
15.64046,18.53688,59.2519,4103.23229,1.0838,47.52558,3.6880267183292954,1.3738869904007591,-24.999999573545978
15.67748,18.57887,59.3646,4100.92419,1.01501,47.50776,3.6259440325763768,1.3507595564640242,-24.999999573545978
15.71449,18.62082,59.46979,4098.66692,0.94499,47.49049,3.5687610423952063,1.3294573880465153,-24.999999573545978
15.7515,18.66275,59.56735,4096.4581,0.87382,47.47373,3.5163324288075755,1.3099263500052765,-24.999999573545978
15.7885,18.70466,59.65718,4094.29537,0.8016,47.45743,3.468523441790289,1.2921162444111813,-24.999999573545978
15.82549,18.74654,59.73916,4092.17645,0.7284,47.44156,3.425209954326266,1.275980830684389,-24.999999573545978
15.86247,18.78839,59.81321,4090.09909,0.65432,47.42607,3.386278477349926,1.2614778311618935,-24.999999573545978
15.89944,18.83022,59.87926,4088.06109,0.57945,47.41094,3.3516261446319113,1.2485689254666859,-24.999999573545978
15.93641,18.87203,59.93722,4086.06025,0.50385,47.39612,3.3211606754350775,1.2372197365961275,-24.999999573545978
15.97337,18.91382,59.98703,4084.09445,0.42762,47.38157,3.294800321634667,1.2273998112228233,-24.999999573545978
16.01032,18.95559,60.02865,4082.16156,0.35083,47.36727,3.2724738049846485,1.2190825963246832,-24.999999573545978
16.04726,18.99733,60.06201,4080.25947,0.27355,47.35317,3.2541202492920256,1.2122454139180676,-24.999999573545978
16.0842,19.03905,60.08708,4078.38609,0.19587,47.33925,3.2396891114191355,1.2068694353543261,-24.999999573545978
16.12113,19.08076,60.10382,4076.53933,0.11786,47.32546,3.2291401142689065,1.2029396563550463,-24.999999573545978
16.15806,19.12244,60.11223,4074.7171,0.03959,47.31177,3.2224431841957837,1.200444873695973,-24.999999573545978
16.19497,19.1641,60.11227,4072.91732,-0.03886,47.29816,3.2195783946423466,1.199377664210168,-24.999999573545978
16.23188,19.20574,60.10394,4071.13788,-0.11742,47.28458,3.220535917165677,1.1997343665440425,-24.999999573545978
16.26879,19.24737,60.08724,4069.37666,-0.19601,47.271,3.2253159804477356,1.2015150658876435,-24.999999573545978
16.30568,19.28897,60.06218,4067.63152,-0.27456,47.25738,3.2339288372902573,1.204723581679385,-24.999999573545978
16.34257,19.33056,60.02877,4065.90031,-0.353,47.2437,3.246394739046802,1.2093674580813134,-24.999999573545978
16.37946,19.37212,59.98704,4064.18082,-0.43125,47.22992,3.2627439163644674,1.2154579568048884,-24.999999573545978
16.41633,19.41367,59.93701,4062.47081,-0.50924,47.216,3.283016564525871,1.2230100516504874,-24.999999573545978
16.45321,19.4552,59.87873,4060.768,-0.58689,47.20191,3.307262831080083,1.232042423899599,-24.999999573545978
16.49007,19.4967,59.81225,4059.07006,-0.66412,47.18761,3.335542802801938,1.2425774574568287,-24.999999573545978
16.52693,19.53819,59.73761,4057.37461,-0.74085,47.17306,3.3679264883477913,1.2546412323887064,-24.999999573545978
16.56379,19.57966,59.65488,4055.67919,-0.81701,47.15823,3.4044937922273486,1.2682635152275126,-24.999999573545978
16.60064,19.62111,59.56414,4053.98129,-0.89251,47.14308,3.4453344749242913,1.2834777441151581,-24.999999573545978
16.63748,19.66254,59.46547,4052.27831,-0.96728,47.12757,3.4905480931363724,1.300321006541051,-24.999999573545978
16.67433,19.70395,59.35895,4050.5676,-1.04121,47.11166,3.54024391315262,1.3188340070728237,-24.999999573545978
16.71116,19.74534,59.24469,4048.84639,-1.11424,47.0953,3.594540789382367,1.3390610221051986,-24.999999573545978
16.74799,19.78671,59.12279,4047.11183,-1.18626,47.07846,3.653566998920482,1.36104983823119,-24.999999573545978
16.78482,19.82806,58.99337,4045.36099,-1.25719,47.06109,3.717460021855868,1.3848516704012321,-24.999999573545978
16.82163,19.86939,58.85696,4043.58991,-1.31946,47.07685,3.786154050754682,1.4104420036147205,0.0
16.85841,19.91073,58.71409,4041.79468,-1.3803,47.09265,3.8595724055638265,1.4377922725343024,0.0
16.89517,19.95206,58.56493,4039.97226,-1.43962,47.10849,3.937842455274513,1.4669499254604847,0.0
16.9319,19.9934,58.40966,4038.11949,-1.49729,47.12437,4.0210955319865915,1.4979638870560168,0.0
16.9686,20.03473,58.24845,4036.23313,-1.55323,47.14029,4.109465366769692,1.5308839756630124,0.0
17.00527,20.07607,58.08151,4034.30984,-1.60732,47.15626,4.20308701121172,1.5657605015513862,0.0
17.04192,20.1174,57.90904,4032.34616,-1.65944,47.17226,4.3020955973117365,1.6026438049463267,0.0
17.07853,20.15873,57.73127,4030.33854,-1.70948,47.1883,4.406624919917355,1.6415837279489234,0.0
17.11512,20.20006,57.54843,4028.2833,-1.75731,47.20438,4.516805825830383,1.6826290144356375,0.0
17.15167,20.24139,57.36076,4026.17671,-1.80283,47.2205,4.632764394048689,1.7258266321505111,0.0
17.1882,20.28272,57.16852,4024.01488,-1.8459,47.23666,4.7546198923448895,1.7712210114769693,0.0
17.22469,20.32404,56.97199,4021.79386,-1.8864,47.25286,4.8824824967180325,1.8188531958735612,0.0
17.26116,20.36536,56.77145,4019.50961,-1.92419,47.26909,5.016450762222713,1.8687598996912647,0.0
17.29759,20.40667,56.56721,4017.15798,-1.95915,47.28536,5.156608836423432,1.92097247011191,0.0
17.33399,20.44798,56.35956,4014.73478,-1.99114,47.30167,5.303023410336137,1.9755157512936858,0.0
17.37035,20.48928,56.14884,4012.23572,-2.02003,47.31801,5.455740406412773,2.032406850558233,0.0
17.40669,20.53058,55.93539,4009.65647,-2.04567,47.33438,5.614781408826198,2.0916538085778553,0.0
17.44298,20.57187,55.71957,4006.99268,-2.06794,47.35079,5.780139848342056,2.1532541781399073,0.0
17.47925,20.61315,55.50175,4004.23994,-2.0867,47.36723,5.951776962324907,2.217193519142782,0.0
17.51547,20.65442,55.2823,4001.39387,-2.10181,47.38371,6.129617560013624,2.283443821049573,0.0
17.55166,20.69568,55.06163,3998.4501,-2.11314,47.40021,6.313545634174599,2.3519618681134244,0.0
17.58782,20.73694,54.84014,3995.40429,-2.12055,47.41675,6.503399872395647,2.4226875672164145,0.0
17.62393,20.77818,54.61825,3992.25218,-2.12393,47.43331,6.698969134604457,2.4955422631261763,0.0
17.66001,20.8194,54.39641,3988.98962,-2.12314,47.44991,6.899987977574681,2.5704270712566646,0.0
17.69604,20.86062,54.17506,3985.61258,-2.11807,47.46653,7.1061323218734795,2.6472212634921033,0.0
17.73204,20.90182,53.95465,3982.11721,-2.10861,47.48317,7.317015371496675,2.725780748143721,0.0
17.76799,20.943,53.73566,3978.49986,-2.09465,47.49985,7.532183910661694,2.8059366904076843,0.0
17.8039,20.98417,53.51857,3974.75713,-2.07611,47.51654,7.751115115282984,2.8874943245557945,0.0
17.83977,21.02532,53.30385,3970.88592,-2.05291,47.53327,7.973214027537681,2.9702320131447535,0.0
17.87559,21.06645,53.09199,3966.88343,-2.02497,47.55001,8.197811849917501,3.0539006115056027,0.0
17.91136,21.10756,52.8835,3962.74729,-1.99225,47.56677,8.424165219044012,3.1382231972208086,0.0
17.94709,21.14864,52.67887,3958.47551,-1.9547,47.58356,8.651456618412157,3.2228952238820843,0.0
17.98276,21.18971,52.4786,3954.0666,-1.91232,47.60036,8.878796082065715,3.307585155754325,0.0
18.01839,21.23075,52.28319,3949.51957,-1.86509,47.61718,9.105224327092728,3.3919356347125724,0.0
18.05397,21.27176,52.09314,3944.83398,-1.81305,47.63402,9.32971743114571,3.47556522274137,0.0
18.08949,21.31274,51.90893,3940.01,-1.75624,47.65087,9.551193141445403,3.5580707522046593,0.0
18.12497,21.3537,51.73105,3935.04844,-1.69472,47.66773,9.768518863913782,3.6390303020080323,0.0
18.16038,21.39462,51.55996,3929.95075,-1.62858,47.68461,9.980521335674396,3.7180068008596074,0.0
18.19574,21.43551,51.39613,3924.71908,-1.55796,47.7015,10.18599793197043,3.794552239394509,0.0
18.23105,21.47637,51.23999,3919.35632,-1.48299,47.71841,10.383729501313573,3.8682124516055345,0.0
18.26629,21.5172,51.09196,3913.86603,-1.40384,47.73532,10.572494562139157,3.9385324034707327,0.0
18.30148,21.55799,50.95246,3908.25254,-1.32072,47.75223,10.75108463324699,4.005061903945975,0.0
18.3366,21.59874,50.82184,3902.52089,-1.23384,47.76916,10.918320411666118,4.067361631645255,0.0
18.37167,21.63945,50.70047,3896.67681,-1.14347,47.78609,11.073068458523101,4.1250093507656445,0.0
18.40667,21.68012,50.58866,3890.72673,-1.04987,47.80303,11.214258009358465,4.177606173372479,0.0
18.44161,21.72075,50.48669,3884.67773,-0.95336,47.81997,11.340897493160403,4.224782713174058,0.0
18.47648,21.76133,50.39483,3878.5375,-0.85424,47.83692,11.452090326905747,4.266204969403733,0.0
18.51129,21.80187,50.31329,3872.31427,-0.75287,47.85387,11.547049551623648,4.301579779138725,0.0
18.54603,21.84237,50.24224,3866.01678,-0.6496,47.87082,11.625110893170072,4.330659682782278,0.0
18.5807,21.88282,50.18184,3859.65418,-0.54481,47.88777,11.68574386598784,4.353247060506425,0.0
18.61531,21.92323,50.13217,3853.236,-0.43888,47.90472,11.728560590611924,4.369197417004724,0.0
18.64985,21.96358,50.0933,3846.77203,-0.33221,47.92167,11.75332206291703,4.378421716951923,0.0
18.68432,22.00389,50.06526,3840.27224,-0.22521,47.93862,11.759941692813632,4.380887703261352,0.0
18.71872,22.04415,50.048,3833.74673,-0.11827,47.95557,11.748486017846604,4.376620162919185,0.0
18.75305,22.08436,50.04149,3827.20561,-0.01179,47.97253,11.7191725889617,4.365700139376826,0.0
18.78731,22.12452,50.0456,3820.65894,0.09382,47.98948,11.672365116915024,4.348263124460728,0.0
18.8215,22.16463,50.0602,3814.11662,0.19818,48.00642,11.608566053812014,4.324496294800477,0.0
18.85562,22.20469,50.08511,3807.58834,0.3009,48.02337,11.52840686108515,4.294634886394425,0.0
18.88967,22.2447,50.12011,3801.0835,0.40162,48.04032,11.432636279431977,4.258957824852958,0.0
18.92365,22.28466,50.16495,3794.61115,0.5,48.05727,11.32210696516736,4.217782747088102,0.0
18.95756,22.32457,50.21935,3788.1799,0.5957,48.07421,11.19776088975576,4.17146056225513,0.0
18.9914,22.36443,50.283,3781.79792,0.68841,48.09116,11.060613914329297,4.120369705354672,0.0
19.02517,22.40424,50.35555,3775.47286,0.77784,48.10811,10.911739949350315,4.064910236290236,0.0
19.05887,22.444,50.43663,3769.21182,0.86373,48.12506,10.752255092694968,4.005497930886989,0.0
19.09251,22.48371,50.52587,3763.02134,0.94585,48.14201,10.583302109244604,3.94255849913119,0.0
19.12608,22.52338,50.62285,3756.90738,1.02397,48.15896,10.406035574507593,3.8765220507784157,0.0
19.15958,22.563,50.72714,3750.8753,1.09791,48.17591,10.221607956356891,3.8078179104345975,0.0
19.19302,22.60257,50.83831,3744.92986,1.1675,48.19287,10.031156855945259,3.7368698644612253,0.0
19.22639,22.64209,50.9559,3739.07524,1.23261,48.20984,9.835793573922944,3.6640919015905973,0.0
19.25969,22.68157,51.07945,3733.31503,1.29312,48.22681,9.636593113798005,3.58988448891451,0.0
19.29294,22.72101,51.2085,3727.65225,1.34895,48.24378,9.434585682865556,3.514631405756778,0.0
19.32612,22.76041,51.34256,3722.0894,1.40002,48.26076,9.230749704273238,3.4386971404837605,0.0
19.35924,22.79976,51.48116,3716.62845,1.4463,48.27776,9.026006312753157,3.36242484001968,0.0
19.3923,22.83907,51.62382,3711.27088,1.48777,48.29475,8.821215271964999,3.286134788949514,0.0
19.4253,22.87835,51.77007,3706.01771,1.52441,48.31176,8.617172223852428,3.210123384831875,0.0
19.45824,22.91758,51.91944,3700.86954,1.55625,48.32878,8.414607159590263,3.1346625685866076,0.0
19.49112,22.95678,52.07144,3695.82656,1.58331,48.34582,8.214183987438684,3.0599996635091067,0.0
19.52395,22.99594,52.22563,3690.88861,1.60564,48.36286,8.016501064508848,2.986357573367002,0.0
19.55672,23.03507,52.38155,3686.0552,1.6233,48.37992,7.822092556334273,2.913935288876269,0.0
19.58943,23.07417,52.53874,3681.32553,1.63636,48.39699,7.63143048944608,2.842908652339516,0.0
19.6221,23.11323,52.69678,3676.69855,1.64491,48.41408,7.444927367098438,2.7734313320725357,0.0
19.65471,23.15226,52.85522,3672.17295,1.64903,48.43118,7.262939225865602,2.7056359610671232,0.0
19.68727,23.19126,53.01366,3667.74725,1.64884,48.44831,7.085769020618629,2.639635397983969,0.0
19.71978,23.23023,53.17169,3663.41974,1.64443,48.46545,6.913670236248482,2.5755240726145474,0.0
19.75223,23.26917,53.32892,3659.18858,1.63593,48.4826,6.746850636268884,2.513379382334307,0.0
19.78464,23.30808,53.48496,3655.0518,1.62344,48.49978,6.585476070308451,2.4532631104936717,0.0
19.81701,23.34697,53.63945,3651.00731,1.6071,48.51698,6.429674274174868,2.3952228420419375,0.0
19.84932,23.38584,53.79203,3647.05292,1.58704,48.5342,6.279538607431006,2.339293355872711,0.0
19.88159,23.42468,53.94236,3643.18637,1.56337,48.55145,6.135131683821495,2.2854979772533337,0.0
19.91382,23.46349,54.09011,3639.40535,1.53623,48.56871,5.996488859516778,2.2338498772875726,0.0
19.946,23.50229,54.23496,3635.70748,1.50576,48.586,5.863621552709523,2.1843533095526273,0.0
19.97813,23.54106,54.37662,3632.09037,1.47208,48.60332,5.736520375696877,2.1370047768821796,0.0
20.01023,23.57982,54.51479,3628.55159,1.43533,48.62066,5.615158067142792,2.091794123711263,0.0
20.04228,23.61855,54.6492,3625.08871,1.39564,48.63802,5.499492217820701,2.048705551487127,0.0
20.07429,23.65727,54.77958,3621.69929,1.35314,48.65541,5.389467787787438,2.007718556382754,0.0
20.10626,23.69597,54.90569,3618.38087,1.30796,48.67283,5.285019416781553,1.968808789981023,0.0
20.13819,23.73465,55.02729,3615.13103,1.26024,48.69027,5.186073532666676,1.9319488447253352,0.0
20.17008,23.77332,55.14415,3611.94734,1.21009,48.70775,5.092550265126799,1.8971089668214645,0.0
20.20193,23.81197,55.25606,3608.82738,1.15766,48.72525,5.004365173566408,1.8642576999258154,0.0
20.23374,23.8506,55.36282,3605.76877,1.10305,48.74278,4.921430799443765,1.8333624634304178,0.0
20.26552,23.88922,55.46424,3602.76911,1.04639,48.76034,4.8436580540453535,1.8043900694454218,0.0
20.29725,23.92783,55.56014,3599.82606,0.98782,48.77793,4.770957453171404,1.7773071827519418,0.0
20.32895,23.96643,55.65036,3596.93727,0.92743,48.79555,4.703240210343889,1.752080728050801,0.0
20.36062,24.00501,55.73475,3594.10043,0.86536,48.8132,4.6404192000383455,1.7286782487917254,0.0
20.39225,24.04358,55.81316,3591.31323,0.80171,48.83088,4.582409802124467,1.7070682217496862,0.0
20.42384,24.08214,55.88546,3588.57339,0.7366,48.8486,4.529130638284858,1.687220331360262,0.0
20.4554,24.12069,55.95152,3585.87864,0.67015,48.86634,4.4805042105828266,1.6691057076029405,0.0
20.48692,24.15923,56.01125,3583.22673,0.60246,48.88412,4.4364574517203526,1.6526971309866934,0.0
20.51841,24.19776,56.06452,3580.61542,0.53365,48.90192,4.396922195811555,1.6379692079254775,0.0
20.54987,24.23628,56.11126,3578.04246,0.46381,48.91977,4.361835577761988,1.624898519517532,0.0
20.58129,24.27479,56.15139,3575.50565,0.39306,48.93764,4.331140368564972,1.6134637464520822,0.0
20.61268,24.31329,56.18483,3573.00275,0.3215,48.95555,4.30478525306422,1.603645772483229,0.0
20.64404,24.35179,56.21152,3570.53154,0.24924,48.97348,4.2827250559469245,1.5954277686183171,0.0
20.67536,24.39027,56.23141,3568.0898,0.17638,48.99146,4.26492092097905,1.5887952598877997,0.0
20.70665,24.42875,56.24446,3565.6753,0.10302,49.00946,4.25134044771557,1.5837361762733966,0.0
20.73791,24.46722,56.25063,3563.2858,0.02927,49.0275,4.241957789196308,1.5802408891023676,0.0
20.76914,24.50568,56.24991,3560.91904,-0.04478,49.04557,4.2367537134006845,1.5783022339410229,0.0
20.80033,24.54414,56.24228,3558.57276,-0.11902,49.06368,4.235715630518483,1.577915520753798,0.0
20.83149,24.58259,56.22774,3556.24466,-0.19335,49.08182,4.238837587395369,1.5790785318340679,0.0
20.86262,24.62103,56.20628,3553.93243,-0.26768,49.09999,4.246120229830717,1.5817915077590892,0.0
20.89372,24.65947,56.17793,3551.63374,-0.34189,49.1182,4.257570732717894,1.5860571213654262,0.0
20.92479,24.6979,56.14271,3549.3462,-0.41589,49.13643,4.273202697349868,1.5918804394925798,0.0
20.95583,24.73632,56.10066,3547.06741,-0.48957,49.15471,4.293036014556154,1.599268871997904,0.0
20.98683,24.77474,56.0518,3544.79492,-0.56284,49.17301,4.317096691677815,1.6082321073002388,0.0
21.0178,24.81315,55.99621,3542.52624,-0.63558,49.19135,4.345416640735753,1.6187820334670264,0.0
21.04874,24.85156,55.93394,3540.25885,-0.7077,49.20973,4.37803342450497,1.6309326436202902,0.0
21.07965,24.88996,55.86505,3537.99015,-0.77909,49.22813,4.41498995657364,1.644699924200751,0.0
21.11053,24.92835,55.78964,3535.71751,-0.84964,49.24657,4.456334150834023,1.6601017243939649,0.0
21.14138,24.96674,55.7078,3533.43824,-0.91924,49.26504,4.5021185152483145,1.6771576047974173,0.0
21.17219,25.00512,55.61962,3531.14959,-0.98779,49.28354,4.5523996841457235,1.6958886631888779,0.0
21.20298,25.04349,55.52521,3528.84875,-1.05518,49.30208,4.6072378827482074,1.716317335048147,0.0
21.23373,25.08186,55.42471,3526.53286,-1.12128,49.32065,4.666696317112171,1.738467166294287,0.0
21.26445,25.12022,55.31823,3524.19896,-1.18599,49.33924,4.730840482235777,1.762362555537389,0.0
21.29514,25.15857,55.20592,3521.84407,-1.24919,49.35787,4.799737380688046,1.7880284629973582,0.0
21.32579,25.19692,55.08795,3519.46511,-1.31077,49.37653,4.873454643863503,1.8154900831481446,0.0
21.35641,25.23526,54.96446,3517.05895,-1.3706,49.39523,4.952059547812807,1.8447724780887573,0.0
21.387,25.27359,54.83563,3514.62238,-1.42856,49.41395,5.035617915606811,1.8759001686449983,0.0
21.41756,25.31191,54.70166,3512.15212,-1.48453,49.4327,5.124192898411567,1.9088966802878296,0.0
21.44808,25.35023,54.56273,3509.64485,-1.53839,49.45148,5.217843627880818,1.9437840411141172,0.0
21.47857,25.38853,54.41906,3507.09716,-1.59001,49.47029,5.316623733187191,1.9805822294017341,0.0
21.50902,25.42683,54.27087,3504.5056,-1.63926,49.48913,5.420579717034611,2.019308568631452,0.0
21.53945,25.46511,54.11838,3501.86664,-1.68602,49.50799,5.529749186425354,2.0599770684011176,0.0
21.56983,25.50339,53.96185,3499.17671,-1.73015,49.52689,5.644158935748871,2.1025977103258047,0.0
21.60018,25.54165,53.80153,3496.43222,-1.77152,49.5458,5.7638228820848445,2.147175678883875,0.0
21.6305,25.57991,53.63768,3493.6295,-1.81001,49.56475,5.888739855400806,2.19371053820745,0.0
21.66077,25.61815,53.47058,3490.76489,-1.84548,49.58372,6.01889124972495,2.2421953570824784,0.0
21.69102,25.65638,53.30052,3487.83469,-1.8778,49.60272,6.154238545334275,2.2926157858986267,0.0
21.72122,25.69459,53.12781,3484.8352,-1.90684,49.62173,6.294720716575808,2.3449490909944832,0.0
21.75139,25.73279,52.95276,3481.76274,-1.93247,49.64078,6.440251545155772,2.399163153787073,0.0
21.78152,25.77098,52.77569,3478.61362,-1.95458,49.65984,6.590716864532654,2.4552154442357823,0.0
21.81161,25.80915,52.59694,3475.38424,-1.97302,49.67893,6.745971767373587,2.513051980546376,0.0
21.84166,25.84731,52.41685,3472.07102,-1.98769,49.69803,6.905837814874485,2.572606289569324,0.0
21.87167,25.88544,52.23577,3468.67047,-1.99847,49.71716,7.070100293886561,2.633798385007262,0.0
21.90163,25.92356,52.05408,3465.17922,-2.00525,49.7363,7.238505575115956,2.696533783274837,0.0
21.93156,25.96166,51.87215,3461.594,-2.00792,49.75547,7.410758632951552,2.760702579569318,0.0
21.96145,25.99974,51.69035,3457.9117,-2.00639,49.77465,7.586520794452263,2.826178609309128,0.0
21.99129,26.0378,51.50908,3454.12939,-2.00057,49.79384,7.765407791334677,2.8928187224479895,0.0
22.02109,26.07584,51.32874,3450.24436,-1.99038,49.81305,7.946988194199361,2.960462200183023,0.0
22.05084,26.11385,51.14972,3446.25411,-1.97575,49.83228,8.130782312093407,3.028930345012843,0.0
22.08055,26.15184,50.97243,3442.15642,-1.95663,49.85151,8.316261642689216,3.098026275914684,0.0
22.11021,26.1898,50.79728,3437.94937,-1.93297,49.87076,8.502848958071668,3.1675349603023837,0.0
22.13982,26.22774,50.62468,3433.63135,-1.90475,49.89002,8.68991910832731,3.2372235133844955,0.0
22.16939,26.26565,50.45504,3429.20113,-1.87195,49.90929,8.876800619013164,3.306841793263457,0.0
22.1989,26.30353,50.28876,3424.65786,-1.83457,49.92857,9.06277814917422,3.376123316611773,0.0
22.22837,26.34137,50.12626,3420.00108,-1.79265,49.94785,9.247095863427644,3.4447865148621086,0.0
22.25778,26.37919,49.96794,3415.23079,-1.74621,49.96714,9.428961754754347,3.5125363445608992,0.0
22.28715,26.41698,49.81418,3410.34747,-1.69533,49.98644,9.607552934073963,3.57906625787419,0.0
22.31646,26.45473,49.66538,3405.35206,-1.64008,50.00574,9.782021878762837,3.644060530325009,0.0
22.34572,26.49244,49.52191,3400.246,-1.58056,50.02504,9.951503605396114,3.7071969328285137,0.0
22.37492,26.53012,49.38414,3395.03127,-1.51691,50.04434,10.115123703048999,3.768149724308081,0.0
22.40407,26.56776,49.25241,3389.71035,-1.44926,50.06365,10.272007133252025,3.8265929299101877,0.0
22.43316,26.60536,49.12705,3384.28626,-1.37779,50.08295,10.421287672407068,3.882203858552818,0.0
22.46219,26.64292,49.00838,3378.76254,-1.3027,50.10225,10.562117843415212,3.9346668027181613,0.0
22.49117,26.68044,48.8967,3373.14324,-1.22419,50.12155,10.693679156815543,3.983676853546272,0.0
22.52008,26.71792,48.79227,3367.43293,-1.1425,50.14085,10.815192459339405,4.028943755943822,0.0
22.54894,26.75535,48.69535,3361.63665,-1.05788,50.16014,10.925928170756135,4.070195722078474,0.0
22.57773,26.79274,48.60615,3355.75991,-0.97061,50.17943,11.025216179452965,4.107183117742779,0.0
22.60647,26.83008,48.52488,3349.80864,-0.88098,50.19871,11.112455164360341,4.1396819350166165,0.0
22.63514,26.86737,48.45169,3343.78915,-0.7893,50.21798,11.187121116026702,4.167496966591761,0.0
22.66375,26.90462,48.38673,3337.70813,-0.69588,50.23725,11.248774843462611,4.190464602268838,0.0
22.6923,26.94181,48.33011,3331.57254,-0.60106,50.2565,11.297068275146003,4.208455176247562,0.0
22.72079,26.97896,48.2819,3325.38961,-0.50519,50.27575,11.331749392103028,4.221374804829161,0.0
22.74921,27.01606,48.24216,3319.16677,-0.4086,50.29499,11.352665666888022,4.229166667526882,0.0
22.77756,27.0531,48.21089,3312.91159,-0.31166,50.31422,11.35976592326754,4.231811699847242,0.0
22.80585,27.0901,48.18809,3306.63174,-0.21471,50.33344,11.353100575735183,4.229328682515591,0.0
22.83408,27.12704,48.1737,3300.33492,-0.11812,50.35265,11.332820253672477,4.221773728939843,0.0
22.86224,27.16393,48.16765,3294.02881,-0.02224,50.37185,11.299172860100207,4.209239189517966,0.0
22.89034,27.20077,48.16982,3287.72099,0.07259,50.39104,11.252499157560008,4.191852007262719,0.0
22.91837,27.23755,48.18009,3281.41896,0.16603,50.41022,11.19322701205638,4.169771573518609,0.0
22.94633,27.27428,48.19829,3275.13,0.25776,50.42939,11.121864458471073,4.143187144646293,0.0
22.97423,27.31096,48.22422,3268.86119,0.34745,50.44855,11.038991776652646,4.112314890157438,0.0
23.00207,27.34759,48.25768,3262.61932,0.43481,50.4677,10.945252785339411,4.077394649471957,0.0
23.02984,27.38416,48.29842,3256.41093,0.51955,50.48684,10.84134557124458,4.038686478258287,0.0
23.05754,27.42068,48.34617,3250.24216,0.6014,50.50597,10.728012872852265,3.99646706614439,0.0
23.08519,27.45715,48.40067,3244.11885,0.68012,50.52509,10.606032333379732,3.9510261056897162,0.0
23.11276,27.49356,48.4616,3238.04642,0.75547,50.5442,10.476206825668156,3.9026626881524624,0.0
23.14028,27.52993,48.52864,3232.02991,0.82725,50.5633,10.3393550344839,3.8516817951489912,0.0
23.16773,27.56624,48.60147,3226.07395,0.89527,50.5824,10.196302460133627,3.798390947263753,0.0
23.19512,27.6025,48.67974,3220.18274,0.95937,50.60149,10.047872982541392,3.7430970614460466,0.0
23.22245,27.63871,48.7631,3214.36008,1.01938,50.62058,9.89488109842362,3.6861035591534357,0.0
23.24972,27.67488,48.85118,3208.60934,1.0752,50.63965,9.738124916948994,3.627707757050774,0.0
23.27692,27.71099,48.9436,3202.93348,1.12672,50.65873,9.578379972596364,3.568198562136971,0.0
23.30407,27.74706,49.04,3197.33507,1.17385,50.6778,9.416393888466345,3.5078544836881544,0.0
23.33116,27.78309,49.13998,3191.81627,1.21653,50.69687,9.252881900009186,3.4469419657285187,0.0
23.35819,27.81906,49.24316,3186.37889,1.25471,50.71593,9.08852322846532,3.385714036041512,0.0
23.38516,27.85499,49.34917,3181.02435,1.28837,50.735,8.923958275573908,3.324409261124955,0.0
23.41207,27.89088,49.45761,3175.75375,1.31749,50.75406,8.759786596536774,3.2632509910667746,0.0
23.43893,27.92672,49.5681,3170.56786,1.34208,50.77312,8.596565596854566,3.202446874082183,0.0
23.46574,27.96253,49.68026,3165.46716,1.36217,50.79219,8.434809890289857,3.1421886173380433,0.0
23.49249,27.99829,49.79372,3160.45181,1.37777,50.81126,8.27499124971442,3.08265196864218,0.0
23.51918,28.03401,49.90811,3155.52175,1.38895,50.83033,8.117539079715026,3.023996892501481,0.0
23.54583,28.06969,50.02306,3150.67667,1.39575,50.8494,7.962841339129089,2.9663679137906946,0.0
23.57242,28.10533,50.13822,3145.91601,1.39825,50.86848,7.81124584289661,2.9098946027265327,0.0
23.59896,28.14094,50.25324,3141.23904,1.39652,50.88757,7.663061875365921,2.85469217586651,0.0
23.62545,28.17651,50.36778,3136.64482,1.39066,50.90666,7.5185620511317195,2.8008621893200734,0.0
23.65189,28.21205,50.48151,3132.13228,1.38075,50.92576,7.377984364260433,2.748493302138968,0.0
23.67828,28.24755,50.59409,3127.70016,1.3669,50.94487,7.241534372168708,2.6976620898694335,0.0
23.70462,28.28301,50.70523,3123.3471,1.34921,50.96398,7.109387466074895,2.6484338903551294,0.0
23.73092,28.31845,50.81462,3119.07161,1.3278,50.98311,6.981691185810815,2.6008636660654134,0.0
23.75717,28.35385,50.92197,3114.87208,1.30279,51.00224,6.858567542468414,2.5549968693423413,0.0
23.78337,28.38922,51.02699,3110.74683,1.27429,51.02139,6.740115317921269,2.5108702990329284,0.0
23.80953,28.42457,51.12942,3106.69409,1.24243,51.04055,6.626412315494482,2.468512938922903,0.0
23.83564,28.45988,51.22899,3102.71203,1.20733,51.05972,6.517517540863301,2.427946770178828,0.0
23.86171,28.49516,51.32546,3098.79875,1.16912,51.07891,6.413473296707824,2.3891875516620913,0.0
23.88773,28.53042,51.41859,3094.9523,1.12794,51.09811,6.314307178571711,2.3522455634387875,0.0
23.91372,28.56565,51.50816,3091.17068,1.08391,51.11732,6.2200339628634875,2.317126310109884,0.0
23.93966,28.60085,51.59395,3087.45186,1.03716,51.13655,6.130657380977528,2.283831181717963,0.0
23.96555,28.63603,51.67575,3083.79377,0.98784,51.15579,6.0461717760695395,2.2523580709396858,0.0
23.99141,28.67119,51.75338,3080.19433,0.93606,51.17505,5.966563641198341,2.2227019460840736,0.0
24.01723,28.70632,51.82665,3076.65141,0.88196,51.19433,5.891813039345858,2.194855380087318,0.0
24.043,28.74142,51.8954,3073.16288,0.82568,51.21362,5.82189490721182,2.168809036210614,0.0
24.06874,28.77651,51.95946,3069.72657,0.76734,51.23293,5.756780245844955,2.144552111581605,0.0
24.09444,28.81157,52.01868,3066.34032,0.70709,51.25226,5.6964372019746214,2.1220727400188664,0.0
24.1201,28.84661,52.07293,3063.00193,0.64505,51.27161,5.640832044514306,2.1013583558051523,0.0
24.14572,28.88163,52.12209,3059.70921,0.58134,51.29097,5.589930041075868,2.0823960202120184,0.0
24.1713,28.91663,52.16603,3056.45993,0.51611,51.31036,5.543696239533801,2.0651727126530672,0.0
24.19684,28.9516,52.20465,3053.25187,0.44948,51.32976,5.502096159730927,2.0496755883625215,0.0
24.22235,28.98656,52.23786,3050.08279,0.38158,51.34918,5.465096400304638,2.0358922044539676,0.0
24.24782,29.0215,52.26556,3046.95042,0.31254,51.36863,5.432665165453176,2.023810716154653,0.0
24.27325,29.05642,52.2877,3043.85251,0.24248,51.38809,5.404772716155012,2.013420044896577,0.0
24.29865,29.09132,52.30419,3040.78674,0.17154,51.40757,5.381391750030392,2.0047100198249126,0.0
24.32401,29.1262,52.31499,3037.75083,0.09984,51.42708,5.362497713602585,1.9976714941235365,0.0
24.34934,29.16106,52.32006,3034.74245,0.02751,51.4466,5.348069050308959,1.9922964374056815,0.0
24.37463,29.19591,52.31935,3031.75924,-0.04532,51.46615,5.338087387103528,1.9885780052282926,0.0
24.39988,29.23074,52.31286,3028.79885,-0.11854,51.48571,5.332537662029599,1.9865105866161994,0.0
24.4251,29.26555,52.30055,3025.85888,-0.19201,51.5053,5.331408194616183,1.986089830286626,0.0
24.45028,29.30034,52.28244,3022.9369,-0.2656,51.52491,5.334690700441037,1.9873126500743101,0.0
24.47543,29.33511,52.25852,3020.03047,-0.3392,51.54454,5.342380250712349,1.9901772098746184,0.0
24.50054,29.36987,52.22881,3017.13712,-0.41267,51.56419,5.354475177193986,1.9946828882256964,0.0
24.52561,29.40461,52.19333,3014.25433,-0.48589,51.58386,5.3709769223386665,2.0008302224791357,0.0
24.55066,29.43934,52.15213,3011.37957,-0.55874,51.60355,5.391889834010393,2.0086208323286767,0.0
24.57566,29.47405,52.10525,3008.51025,-0.63107,51.62326,5.417220903728974,2.018057322299405,0.0
24.60064,29.50874,52.05275,3005.64375,-0.70278,51.64299,5.446979447002223,2.0291431626630874,0.0
24.62557,29.54341,51.99468,3002.77744,-0.77372,51.66274,5.481176723883793,2.04188254808598,0.0
24.65048,29.57807,51.93113,2999.90861,-0.84377,51.68252,5.519825497642607,2.0562802332215777,0.0
24.67535,29.61271,51.86218,2997.03453,-0.91281,51.70231,5.562939529115172,2.072341344343549,0.0
24.70018,29.64733,51.78793,2994.15243,-0.98069,51.72212,5.610533004174915,2.0900711660629985,0.0
24.72498,29.68193,51.70848,2991.2595,-1.0473,51.74195,5.66261989160797,2.1094749021203016,0.0
24.74974,29.71652,51.62395,2988.35289,-1.1125,51.76181,5.719213228708285,2.1305574092504855,0.0
24.77447,29.75109,51.53446,2985.42969,-1.17615,51.78168,5.7803243319779005,2.1533229031483163,0.0
24.79916,29.78564,51.44015,2982.48698,-1.23813,51.80156,5.845961930574305,2.177774635654636,0.0
24.82382,29.82018,51.34117,2979.52178,-1.29831,51.82147,5.916131220521238,2.203914542425003,0.0
24.84844,29.85469,51.23768,2976.5311,-1.35654,51.8414,5.990832838210281,2.2317428605320258,0.0
24.87302,29.88919,51.12983,2973.51189,-1.4127,51.86134,6.070061752497476,2.261257715742203,0.0
24.89757,29.92367,51.01781,2970.46109,-1.46666,51.8813,6.1538060755606265,2.292454679528979,0.0
24.92209,29.95813,50.90181,2967.3756,-1.51827,51.90127,6.242045793895188,2.325326296335323,0.0
24.94656,29.99256,50.78201,2964.25231,-1.56742,51.92127,6.3347514221610055,2.3598615820962228,0.0
24.971,30.02698,50.65863,2961.0881,-1.61396,51.94127,6.431882584249889,2.396045495649018,0.0
24.9954,30.06138,50.53189,2957.87984,-1.65776,51.96129,6.533386527843198,2.433858385367017,0.0
25.01977,30.09575,50.402,2954.62439,-1.6987,51.98133,6.639196580879643,2.473275414153142,0.0
25.04409,30.13011,50.26921,2951.31862,-1.73665,52.00138,6.749230560800226,2.5142659668418146,0.0
25.06838,30.16444,50.13376,2947.95944,-1.77147,52.02144,6.863389150085384,2.5567930450437943,0.0
25.09263,30.19875,49.99591,2944.54376,-1.80306,52.04151,6.981554254551899,2.600812655568589,0.0
25.11684,30.23303,49.85591,2941.06855,-1.83128,52.0616,7.103587363942819,2.646273199701059,0.0
25.14101,30.26729,49.71404,2937.53083,-1.85603,52.0817,7.229327937620825,2.6931148718297258,0.0
25.16514,30.30152,49.57058,2933.92768,-1.87719,52.1018,7.358591841490254,2.7412690771590924,0.0
25.18923,30.33573,49.42581,2930.25627,-1.89465,52.12192,7.491169865617148,2.790657879484118,0.0
25.21328,30.36992,49.28004,2926.51387,-1.90832,52.14204,7.626826355210114,2.841193491194557,0.0
25.23729,30.40407,49.13355,2922.69786,-1.9181,52.16217,7.765297990637178,2.8927778187991415,0.0
25.26126,30.4382,48.98666,2918.80575,-1.92391,52.1823,7.906292754776499,2.945302078236554,0.0
25.28518,30.47229,48.83968,2914.8352,-1.92566,52.20245,8.049489128103353,2.998646495024146,0.0
25.30906,30.50636,48.69293,2910.78404,-1.9233,52.22259,8.194535553325323,3.0526801048204644,0.0
25.3329,30.54039,48.54672,2906.6503,-1.91675,52.24274,8.341050211961546,3.1072606701951377,0.0
25.35669,30.5744,48.40138,2902.43221,-1.90599,52.2629,8.488621154765342,3.1622347292147412,0.0
25.38043,30.60837,48.25723,2898.12822,-1.89096,52.28305,8.636806826226573,3.2174377908337237,0.0
25.40414,30.64231,48.11459,2893.73704,-1.87166,52.30321,8.785137020345108,3.272694690945172,0.0
25.42779,30.67621,47.9738,2889.25764,-1.84806,52.32336,8.93311430039269,3.3278201212794625,0.0
25.4514,30.71007,47.83517,2884.68928,-1.82019,52.34351,9.08021590928671,3.382619341068757,0.0
25.47496,30.7439,47.69903,2880.03151,-1.78806,52.36366,9.225896189551474,3.4368890785462445,0.0
25.49847,30.77769,47.56568,2875.28422,-1.75171,52.38381,9.369589522621498,3.4904186259139665,0.0
25.52194,30.81145,47.43545,2870.44761,-1.71119,52.40395,9.510713786578842,3.5429911274409376,0.0
25.54535,30.84516,47.30864,2865.52223,-1.66659,52.42409,9.64867431936528,3.5943850558639694,0.0
25.56871,30.87883,47.18553,2860.50901,-1.61798,52.44422,9.782868361610657,3.6443758674581255,0.0
25.59203,30.91245,47.06643,2855.4092,-1.56549,52.46434,9.91268993942054,3.6927378210035964,0.0
25.61529,30.94604,46.9516,2850.22446,-1.50923,52.48446,10.037535133590355,3.739245940706609,0.0
25.6385,30.97958,46.84131,2844.95678,-1.44936,52.50456,10.156807667917757,3.7836780979928175,0.0
25.66165,31.01307,46.7358,2839.60856,-1.38603,52.52466,10.269924736264107,3.825817182241026,0.0
25.68475,31.04652,46.63532,2834.18254,-1.31944,52.54474,10.376322976383207,3.865453326191575,0.0
25.7078,31.07992,46.54009,2828.68182,-1.24977,52.56481,10.475464488565603,3.9023861480496973,0.0
25.7308,31.11327,46.4503,2823.10984,-1.17725,52.58487,10.566842789774817,3.936426969557935,0.0
25.75374,31.14657,46.36614,2817.47037,-1.10211,52.60492,10.649988589232313,3.9674009675535014,0.0
25.77662,31.17983,46.28778,2811.76751,-1.02459,52.62495,10.724475270018047,3.995149216008711,0.0
25.79945,31.21303,46.21535,2806.00564,-0.94496,52.64496,10.789923963236522,4.019530576291352,0.0
25.82222,31.24618,46.14898,2800.18938,-0.86348,52.66496,10.846008106943216,4.040423395484728,0.0
25.84493,31.27927,46.08878,2794.32362,-0.78044,52.68494,10.892457391032034,4.057726975962031,0.0
25.86758,31.31231,46.03482,2788.41344,-0.69614,52.70491,10.929061001844154,4.071362784088509,0.0
25.89018,31.3453,45.98716,2782.46412,-0.61086,52.72485,10.955670095444818,4.081275371582145,0.0
25.91272,31.37823,45.94584,2776.48104,-0.52492,52.74478,10.972199446437958,4.087432989740491,0.0
25.9352,31.41111,45.91085,2770.46972,-0.43863,52.76469,10.97862823868028,4.089827884002459,0.0
25.95762,31.44393,45.8822,2764.43574,-0.3523,52.78458,10.97499998496859,4.0884762640297545,0.0
25.97999,31.4767,45.85984,2758.38473,-0.26622,52.80446,10.96142158371077,4.083417952291978,0.0
26.00229,31.50941,45.84373,2752.3223,-0.18073,52.82431,10.938061541133845,4.07471572179236,0.0
26.02454,31.54206,45.83377,2746.25404,-0.0961,52.84414,10.905147406860197,4.062454340752433,0.0
26.04672,31.57465,45.82987,2740.18548,-0.01265,52.86396,10.862962488082413,4.046739348555694,0.0
26.06885,31.60719,45.83191,2734.12204,0.06933,52.88375,10.811841922531658,4.027695592825007,0.0
26.09092,31.63967,45.83975,2728.06901,0.14958,52.90353,10.752168202442391,4.0054655619816835,0.0
26.11293,31.67209,45.85322,2722.03153,0.22781,52.92328,10.684366250583272,3.9802075509374415,0.0
26.13488,31.70445,45.87215,2716.01456,0.30377,52.94302,10.608898154871893,3.952093699599848,0.0
26.15677,31.73676,45.89635,2710.02285,0.37721,52.96274,10.526257670198165,3.9213079446568675,0.0
26.1786,31.76901,45.92561,2704.06094,0.44792,52.98244,10.436964595091013,3.8880439247372482,0.0
26.20038,31.8012,45.95969,2698.13311,0.51566,53.00213,10.341559126714312,3.852502877497977,0.0
26.22209,31.83334,45.99837,2692.24341,0.58025,53.02179,10.240596291235533,3.814891564790051,0.0
26.24375,31.86542,46.0414,2686.39559,0.6415,53.04144,10.134640537761078,3.7754202587571566,0.0
26.26535,31.89744,46.08852,2680.59317,0.69926,53.06107,10.024260573766243,3.734300817897437,0.0
26.2869,31.92941,46.13945,2674.83936,0.75336,53.08069,9.910024508300138,3.691744877779534,0.0
26.30839,31.96132,46.19393,2669.13709,0.80369,53.10029,9.79249535716404,3.647962176603258,0.0
26.32982,31.99318,46.25168,2663.48904,0.85013,53.11987,9.672226951777386,3.6031590311445343,0.0
26.3512,32.02499,46.31239,2657.89757,0.89259,53.13944,9.549760281276622,3.5575369740909686,0.0
26.37252,32.05674,46.37579,2652.36478,0.93098,53.159,9.425620285767687,3.5112915594440275,0.0
26.39379,32.08844,46.44158,2646.89251,0.96525,53.17855,9.300313107873903,3.4646113386483144,0.0
26.41501,32.12009,46.50946,2641.48232,0.99535,53.19808,9.174323799992735,3.4176770064843787,0.0
26.43617,32.15168,46.57914,2636.13553,1.02125,53.2176,9.048114476222404,3.3706607126127643,0.0
26.45728,32.18323,46.65031,2630.8532,1.04293,53.23711,8.922122890708367,3.3237255319706587,0.0
26.47833,32.21473,46.7227,2625.63617,1.0604,53.25661,8.796761418331672,3.2770250850514864,0.0
26.49934,32.24618,46.79599,2620.48503,1.07366,53.2761,8.672416409135554,3.2307032974118353,0.0
26.52029,32.27758,46.86991,2615.40018,1.08274,53.29559,8.549447884587584,3.1848942865211107,0.0
26.5412,32.30893,46.94416,2610.38181,1.08768,53.31506,8.42818954165553,3.1397223632799003,0.0
26.56205,32.34023,47.01847,2605.42993,1.08852,53.33453,8.308949029602505,3.0953021351334544,0.0
26.58286,32.37149,47.09255,2600.54435,1.08532,53.354,8.192008464181466,3.051738697622661,0.0
26.60362,32.40271,47.16615,2595.72474,1.07814,53.37346,8.077625144573924,3.0091279014625822,0.0
26.62432,32.43388,47.23899,2590.97059,1.06708,53.39291,7.966032439546157,2.967556682658958,0.0
26.64499,32.46501,47.31082,2586.28126,1.0522,53.41236,7.857440811093581,2.927103443842669,0.0
26.6656,32.49609,47.38139,2581.65598,1.03359,53.43181,7.752038945907194,2.8878384757707587,0.0
26.68617,32.52713,47.45045,2577.09384,1.01137,53.45125,7.649994967319636,2.8498244088082267,0.0
26.70669,32.55814,47.51777,2572.59383,0.98562,53.47069,7.551457702975536,2.8131166851685867,0.0
26.72717,32.5891,47.58313,2568.15483,0.95647,53.49013,7.456557985966265,2.777764043620801,0.0
26.74761,32.62002,47.64631,2563.77562,0.92402,53.50958,7.365409969817058,2.7438090093565806,0.0
26.768,32.6509,47.7071,2559.45491,0.88839,53.52902,7.278112440211206,2.7112883826421577,0.0
26.78834,32.68174,47.7653,2555.19129,0.84971,53.54846,7.19475010874177,2.680233720774844,0.0
26.80865,32.71255,47.82072,2550.98331,0.8081,53.5679,7.1153948762641255,2.6506718087150927,0.0
26.82891,32.74332,47.87317,2546.82944,0.76369,53.58735,7.040107055524654,2.622625114547855,0.0
26.84913,32.77405,47.9225,2542.72808,0.71662,53.6068,6.968936544640896,2.596112226634812,0.0
26.8693,32.80474,47.96853,2538.67757,0.667,53.62625,6.901923944743643,2.571148269965465,0.0
26.88944,32.8354,48.01111,2534.67622,0.61499,53.6457,6.839101616623589,2.54774529978581,0.0
26.90954,32.86603,48.0501,2530.72225,0.56072,53.66516,6.780494672539367,2.5259126710729327,0.0
26.92959,32.89662,48.08536,2526.81387,0.50433,53.68462,6.7261219005164365,2.505657382860657,0.0
26.94961,32.92718,48.11678,2522.94922,0.44596,53.70409,6.6759966194209825,2.48698439677708,0.0
26.96958,32.9577,48.14424,2519.12642,0.38574,53.72357,6.6301274639077485,2.4698969294582827,0.0
26.98952,32.98819,48.16763,2515.34352,0.32383,53.74304,6.588519098996671,2.454396718746937,0.0
27.00941,33.01865,48.18686,2511.59856,0.26036,53.76253,6.551172864559095,2.4404842637803723,0.0
27.02927,33.04908,48.20184,2507.88953,0.19547,53.78202,6.518087350377802,2.4281590392155707,0.0
27.04909,33.07947,48.2125,2504.21439,0.12932,53.80152,6.489258902751092,2.417419683952513,0.0
27.06887,33.10984,48.21878,2500.57108,0.06205,53.82102,6.464682063787342,2.408264164782965,0.0
27.08862,33.14017,48.22061,2496.95748,-0.00621,53.84053,6.444349944684568,2.400689915446931,0.0
27.10832,33.17047,48.21795,2493.37144,-0.0753,53.86005,6.428254534283187,2.394693951576681,0.0
27.12799,33.20074,48.21077,2489.81081,-0.14508,53.87957,6.416386944236703,2.3902729620292797,0.0
27.14762,33.23098,48.19903,2486.27337,-0.2154,53.8991,6.408737592041508,2.38742337707,0.0
27.16722,33.26119,48.18272,2482.75689,-0.28612,53.91864,6.405296323107209,2.3861414138467385,0.0
27.18678,33.29137,48.16183,2479.25911,-0.3571,53.93819,6.406052472953802,2.3864230995600937,0.0
27.2063,33.32152,48.13637,2475.77772,-0.42818,53.95774,6.410994870491248,2.388264272685098,0.0
27.22578,33.35164,48.10633,2472.3104,-0.49922,53.9773,6.420111783208696,2.3916605625527585,0.0
27.24523,33.38173,48.07175,2468.8548,-0.57007,53.99687,6.433390805030019,2.396607347573293,0.0
27.26464,33.4118,48.03265,2465.40852,-0.6406,54.01645,6.45081868745366,2.4030996923312835,0.0
27.28402,33.44183,47.98907,2461.96916,-0.71064,54.03603,6.472381114552496,2.411132263767202,0.0
27.30336,33.47183,47.94107,2458.53426,-0.78007,54.05562,6.498062422374648,2.42069922664683,0.0
27.32266,33.5018,47.88868,2455.10135,-0.84872,54.07522,6.527845263272526,2.431794118514996,0.0
27.34193,33.53175,47.83199,2451.66793,-0.91646,54.09482,6.561710215775659,2.44440970436294,0.0
27.36116,33.56166,47.77107,2448.23148,-0.98314,54.11443,6.599635340704182,2.4585378112689074,0.0
27.38035,33.59155,47.706,2444.78945,-1.04861,54.13405,6.641595684448805,2.4741691433568693,0.0
27.39951,33.6214,47.63688,2441.33927,-1.11274,54.15367,6.687562730546843,2.4912930774941615,0.0
27.41863,33.65123,47.5638,2437.87836,-1.17537,54.1733,6.737503801093173,2.50989744030132,0.0
27.43771,33.68102,47.48689,2434.40409,-1.23636,54.19294,6.791381409882093,2.529968267180397,0.0
27.45676,33.71078,47.40627,2430.91387,-1.29558,54.21258,6.849152569769775,2.5514895442892573,0.0
27.47577,33.74052,47.32205,2427.40504,-1.35287,54.23223,6.910768057339759,2.5744429346101256,0.0
27.49475,33.77022,47.23438,2423.87499,-1.40811,54.25187,6.976171638679223,2.59880748953087,0.0
27.51369,33.79989,47.14341,2420.32107,-1.46115,54.27153,7.045299260938334,2.6245593476795968,0.0
27.53259,33.82953,47.04929,2416.74065,-1.51186,54.29119,7.118078215279473,2.651671423101208,0.0
27.55145,33.85914,46.95217,2413.1311,-1.5601,54.31085,7.194426277824543,2.680113085237672,0.0
27.57028,33.88871,46.85225,2409.48982,-1.60574,54.33051,7.274250836412405,2.7098498336221932,0.0
27.58906,33.91826,46.74968,2405.81421,-1.64866,54.35017,7.357448012138295,2.7408429706295268,0.0
27.60782,33.94777,46.64466,2402.10172,-1.68872,54.36984,7.443901785942296,2.7730492761072085,0.0
27.62653,33.97724,46.53738,2398.34983,-1.72582,54.38951,7.533483141864001,2.8064206882153737,0.0
27.6452,34.00668,46.42804,2394.55606,-1.75982,54.40918,7.6260492398795785,2.840903995286797,0.0
27.66384,34.03609,46.31684,2390.71799,-1.79063,54.42884,7.721442632608591,2.876440544029576,0.0
27.68243,34.06546,46.204,2386.83327,-1.81813,54.44851,7.819490541433151,2.9129659698624684,0.0
27.70099,34.0948,46.08973,2382.89962,-1.84222,54.46817,7.920004208720348,2.9504099556007035,0.0
27.71951,34.1241,45.97426,2378.91483,-1.86281,54.48783,8.022778343935194,2.9886960251184775,0.0
27.73799,34.15336,45.85782,2374.87681,-1.87981,54.50749,8.12759068218799,3.027741378896238,0.0
27.75642,34.18259,45.74063,2370.78357,-1.89315,54.52715,8.234201674368636,3.067456778587556,0.0
27.77482,34.21178,45.62294,2366.63324,-1.90274,54.5468,8.342354328245309,3.1077464878242047,0.0
27.79318,34.24092,45.50497,2362.42407,-1.90854,54.56644,8.451774219770039,3.148508276427782,0.0
27.81149,34.27003,45.38698,2358.15448,-1.91049,54.58608,8.562169693257879,3.189633494981727,0.0
27.82976,34.2991,45.26921,2353.82301,-1.90854,54.60571,8.673232268010695,3.231007226309364,0.0
27.84799,34.32813,45.15189,2349.4284,-1.90267,54.62533,8.784637267356192,3.272508519807509,0.0
27.86618,34.35711,45.03527,2344.96955,-1.89285,54.64494,8.896044683851581,3.3140107137575883,0.0
27.88432,34.38605,44.9196,2340.44556,-1.87909,54.66454,9.007100291603221,3.3553818496939742,0.0
27.90242,34.41495,44.80512,2335.85573,-1.86138,54.68414,9.117437013242832,3.396485181638598,0.0
27.92048,34.4438,44.69207,2331.19956,-1.83975,54.70372,9.2266765451168,3.4371797815267198,0.0
27.93849,34.47261,44.58067,2326.47679,-1.81423,54.72328,9.334431239660406,3.477321240440861,0.0
27.95646,34.50137,44.47118,2321.68737,-1.78488,54.74284,9.440306238965277,3.516762463420814,0.0
27.97438,34.53009,44.36381,2316.83151,-1.75174,54.76238,9.543901848050826,3.5553545535697038,0.0
27.99226,34.55875,44.25878,2311.90963,-1.7149,54.7819,9.644816130768868,3.592947779096755,0.0
28.01009,34.58737,44.15632,2306.92243,-1.67445,54.80141,9.74264770536162,3.6293926147362026,0.0
28.02787,34.61594,44.05662,2301.87082,-1.6305,54.82091,9.836998710976577,3.6645408468521405,0.0
28.04561,34.64446,43.95989,2296.75601,-1.58317,54.84038,9.927477910881679,3.6982467294678174,0.0
28.0633,34.67292,43.86632,2291.5794,-1.5326,54.85984,10.013703893002184,3.7303681765498378,0.0
28.08094,34.70134,43.77608,2286.34268,-1.47894,54.87928,10.09530832381474,3.7607679741693127,0.0
28.09853,34.7297,43.68935,2281.04777,-1.42236,54.89869,10.171939207965382,3.7893149947953377,0.0
28.11607,34.75801,43.60627,2275.69682,-1.36303,54.91809,10.243264103174276,3.8158853949315894,0.0
28.13357,34.78626,43.527,2270.29222,-1.30116,54.93746,10.308973238405311,3.8403637767165506,0.0
28.15101,34.81446,43.45165,2264.83654,-1.23694,54.95682,10.368782482818947,3.8626442939365617,0.0
28.16841,34.8426,43.38036,2259.33261,-1.17059,54.97615,10.422436114039323,3.882631683278151,0.0
28.18575,34.87069,43.31322,2253.78341,-1.10235,54.99545,10.469709336529405,3.90024220248905,0.0
28.20305,34.89872,43.25031,2248.1921,-1.03244,55.01474,10.510410504508991,3.915404458473626,0.0
28.22029,34.92669,43.19171,2242.56202,-0.96111,55.03399,10.544383008799674,3.928060110192291,0.0
28.23748,34.9546,43.13748,2236.89662,-0.88862,55.05323,10.571506793009453,3.938164433480148,0.0
28.25462,34.98246,43.08765,2231.1995,-0.81522,55.07244,10.591699471603798,3.9456867375578915,0.0
28.27171,35.01025,43.04225,2225.47435,-0.74118,55.09162,10.604917030197333,3.95061062590888,0.0
28.28875,35.03799,43.00128,2219.72493,-0.66676,55.11077,10.611154096836266,3.952934097338982,0.0
28.30574,35.06566,42.96475,2213.95508,-0.59222,55.1299,10.610443781688991,3.952669486257106,0.0
28.32267,35.09327,42.93262,2208.16866,-0.51784,55.14901,10.602857091298393,3.9498432444687706,0.0
28.33955,35.12082,42.90486,2202.36955,-0.44388,55.16808,10.58850193191753,3.9444955698924242,0.0
28.35638,35.14831,42.88142,2196.56165,-0.37059,55.18713,10.567521724413261,3.936679890574601,0.0
28.37316,35.17574,42.86221,2190.74881,-0.29825,55.20616,10.540093660358638,3.9264622150384554,0.0
28.38988,35.20311,42.84717,2184.93485,-0.2271,55.22515,10.506426635180455,3.9139203623268366,0.0
28.40655,35.23041,42.8362,2179.12352,-0.15739,55.24412,10.46675889934455,3.899143087007016,0.0
28.42317,35.25766,42.82918,2173.31849,-0.08935,55.26306,10.42135547248841,3.8822291158670446,0.0
28.43974,35.28484,42.82599,2167.52335,-0.02322,55.28198,10.370505368036357,3.8632861140118844,0.0
28.45626,35.31196,42.8265,2161.74157,0.04079,55.30086,10.314518677242246,3.842429598592586,0.0
28.47272,35.33901,42.83055,2155.97648,0.10246,55.31973,10.253723561694542,3.8197818184353047,0.0
28.48913,35.36601,42.83801,2150.23131,0.1616,55.33856,10.188463202313745,3.79547061746256,0.0
28.50549,35.39294,42.84869,2144.5091,0.21804,55.35737,10.119092750718707,3.7696282989969765,0.0
28.5218,35.41981,42.86243,2138.81277,0.27158,55.37616,10.045976325877776,3.7423905069348096,0.0
28.53806,35.44662,42.87904,2133.14505,0.32209,55.39491,9.96948409513034,3.71389513834967,0.0
28.55427,35.47337,42.89834,2127.50853,0.36941,55.41365,9.88998947433987,3.6842813004758637,0.0
28.57043,35.50006,42.92013,2121.90559,0.41342,55.43236,9.807866477076093,3.653688323209004,0.0
28.58653,35.52669,42.94421,2116.33846,0.454,55.45105,9.723487237774133,3.6222548364176204,0.0
28.60259,35.55326,42.97037,2110.80918,0.49104,55.46971,9.637219728618378,3.590117919422328,0.0
28.6186,35.57977,42.99841,2105.31961,0.52447,55.48835,9.549425684858612,3.5574123281214973,0.0
28.63455,35.60622,43.02811,2099.87143,0.5542,55.50697,9.460458748391666,3.5242698034265794,0.0
28.65046,35.63261,43.05927,2094.46615,0.58019,55.52557,9.370662834795251,3.4908184629392327,0.0
28.66632,35.65894,43.09166,2089.10509,0.60238,55.54414,9.280370724831583,3.4571822762493722,0.0
28.68214,35.68522,43.12509,2083.7894,0.62074,55.5627,9.189902877634026,3.423480622815963,0.0
28.6979,35.71144,43.15932,2078.52008,0.63526,55.58123,9.099566459445805,3.3898279301466365,0.0
28.71362,35.7376,43.19415,2073.29794,0.64592,55.59975,9.009654579023804,3.356333388965488,0.0
28.72929,35.76371,43.22937,2068.12364,0.65274,55.61825,8.920445718465295,3.3231007411810563,0.0
28.74491,35.78976,43.26476,2062.99769,0.65572,55.63673,8.832203346417808,3.2902281357968235,0.0
28.76049,35.81575,43.30013,2057.92045,0.6549,55.65519,8.745175699279445,3.257808047402576,0.0
28.77602,35.84169,43.33526,2052.89214,0.65031,55.67364,8.65959571506967,3.2259272515395305,0.0
28.79151,35.86758,43.36996,2047.91283,0.64201,55.69207,8.57568110411763,3.1946668510336,0.0
28.80695,35.89341,43.40404,2042.98246,0.63006,55.71048,8.493634540583843,3.164102347342252,0.0
28.82235,35.9192,43.4373,2038.10087,0.61451,55.72888,8.41364395889397,3.134303750983903,0.0
28.83771,35.94493,43.46955,2033.26776,0.59544,55.74727,8.33588293959834,3.1053357252807254,0.0
28.85302,35.9706,43.50063,2028.48271,0.57294,55.76564,8.260511169732379,3.0772577578550355,0.0
28.86828,35.99623,43.53035,2023.7452,0.5471,55.784,8.18767496351357,3.0501243546026053,0.0
28.88351,36.02181,43.55854,2019.05463,0.51801,55.80235,8.117507830073636,3.0239852511878356,0.0
28.89869,36.04734,43.58506,2014.41027,0.48578,55.82068,8.050131075927677,2.9988856374793706,0.0
28.91383,36.07282,43.60973,2009.81131,0.45052,55.83901,7.985654430826002,2.974866390696363,0.0
28.92893,36.09824,43.63242,2005.25686,0.41233,55.85732,7.924176686740641,2.9519643134477667,0.0
28.94399,36.12363,43.65298,2000.74595,0.37135,55.87562,7.865786340724094,2.9302123732141356,0.0
28.95901,36.14896,43.67128,1996.27752,0.3277,55.89392,7.810562233412034,2.9096399402066804,0.0
28.97398,36.17425,43.68719,1991.85045,0.28149,55.9122,7.758574175931012,2.890273020906882,0.0
28.98892,36.19949,43.70059,1987.46353,0.23288,55.93048,7.709883558875049,2.8721344849262977,0.0
29.00382,36.22468,43.71139,1983.11551,0.18198,55.94874,7.6645439379143205,2.855244283161202,0.0
29.01868,36.24983,43.71946,1978.80506,0.12895,55.967,7.622601591377741,2.839619655506771,0.0
29.03349,36.27493,43.72472,1974.53079,0.07391,55.98525,7.584096045932541,2.8252753266865582,0.0
29.04827,36.29999,43.72707,1970.29126,0.01703,56.0035,7.549060567109031,2.8122236889858727,0.0
29.06301,36.325,43.72645,1966.08499,-0.04157,56.02173,7.517522612064785,2.8004749709183523,0.0
29.07772,36.34997,43.72277,1961.91041,-0.10173,56.03996,7.489504242519103,2.7900373910549146,0.0
29.09238,36.37489,43.71598,1957.76594,-0.16329,56.05818,7.465022496240725,2.780917296412707,0.0
29.10701,36.39977,43.70601,1953.64993,-0.22611,56.0764,7.4440897159331705,2.7731192849735447,0.0
29.1216,36.42461,43.69283,1949.5607,-0.29003,56.09461,7.426713834727,2.766646312037296,0.0
29.13615,36.4494,43.6764,1945.49652,-0.35491,56.11282,7.412898617805079,2.7614997802336467,0.0
29.15066,36.47415,43.65667,1941.45562,-0.42058,56.13101,7.402643859979257,2.757679613124611,0.0
29.16514,36.49886,43.63364,1937.43619,-0.48688,56.14921,7.3959455393311995,2.755184312439786,0.0
29.17958,36.52353,43.60728,1933.4364,-0.55367,56.1674,7.3927959272119885,2.7540109990540977,0.0
29.19398,36.54815,43.57759,1929.45436,-0.62078,56.18558,7.393183655132664,2.754155437906285,0.0
29.20835,36.57273,43.54457,1925.48816,-0.68805,56.20376,7.39709373929823,2.7556120471384644,0.0
29.22268,36.59727,43.50823,1921.53586,-0.75534,56.22193,7.404507563702354,2.758373891798461,0.0
29.23698,36.62177,43.46858,1917.5955,-0.82247,56.24009,7.415402822896678,2.762432662519869,0.0
29.25123,36.64622,43.42566,1913.66507,-0.8893,56.25826,7.429753425770163,2.767778639677328,0.0
29.26546,36.67064,43.37949,1909.74256,-0.95567,56.27641,7.447529361859909,2.7744006435837867,0.0
29.27964,36.69501,43.33012,1905.82593,-1.02141,56.29456,7.468696531937182,2.7822859713793338,0.0
29.29379,36.71934,43.27759,1901.91311,-1.08638,56.31271,7.493216544882956,2.791420321362004,0.0
29.30791,36.74362,43.22196,1898.00203,-1.15043,56.33085,7.521046483077717,2.801787705589296,0.0
29.32198,36.76787,43.16329,1894.09059,-1.21339,56.34898,7.552138638883309,2.813370351710734,0.0
29.33603,36.79207,43.10165,1890.1767,-1.27511,56.36711,7.586440225051035,2.826148595087262,0.0
29.35003,36.81624,43.03713,1886.25825,-1.33546,56.38523,7.623893062260968,2.840100762391417,0.0
29.364,36.84036,42.9698,1882.33311,-1.39427,56.40334,7.664433247385414,2.855203048026741,0.0
29.37794,36.86443,42.89976,1878.39919,-1.4514,56.42145,7.707990806422288,2.8714293848363295,0.0
29.39184,36.88847,42.8271,1874.45438,-1.50672,56.43955,7.754489336495316,2.888751310738491,0.0
29.4057,36.91246,42.75193,1870.49657,-1.56007,56.45764,7.803845641756471,2.9071378330908204,0.0
29.41952,36.93641,42.67436,1866.52367,-1.61133,56.47572,7.855969368469808,2.926555292749329,0.0
29.43331,36.96032,42.59451,1862.53363,-1.66036,56.4938,7.9107626450190365,2.9469672299617895,0.0
29.44707,36.98418,42.51251,1858.5244,-1.70704,56.51187,7.9681197330486775,2.9683342544086444,0.0
29.46079,37.008,42.42847,1854.49396,-1.75122,56.52992,8.027926696388343,2.990613921868581,0.0
29.47447,37.03178,42.34253,1850.44033,-1.79281,56.54797,8.090061094822866,3.013760620139856,0.0
29.48811,37.05551,42.25484,1846.36158,-1.83168,56.56601,8.154391710188754,3.0377254670040106,0.0
29.50172,37.0792,42.16553,1842.25582,-1.86772,56.58404,8.220778312545093,3.0624562231183803,0.0
29.51529,37.10284,42.07476,1838.1212,-1.90082,56.60205,8.289071474488027,3.0878972228433588,0.0
29.52882,37.12644,41.98268,1833.95595,-1.93091,56.62006,8.359112441805099,3.1139893260577307,0.0
29.54232,37.14999,41.88943,1829.75836,-1.95787,56.63805,8.43073306873858,3.1406698940425617,0.0
29.55578,37.17349,41.79519,1825.52679,-1.98163,56.65603,8.503755826052405,3.1678727924863406,0.0
29.5692,37.19695,41.70011,1821.25971,-2.00212,56.674,8.57799388989974,3.1955284245904916,0.0
29.58258,37.22036,41.60436,1816.95563,-2.01927,56.69195,8.653251319114968,3.2235637971153,0.0
29.59593,37.24372,41.5081,1812.6132,-2.03303,56.70988,8.72932332797935,3.251902621992299,0.0
29.60923,37.26704,41.41151,1808.23115,-2.04334,56.72781,8.805996660799341,3.2804654558645465,0.0
29.6225,37.2903,41.31474,1803.80833,-2.05016,56.74571,8.88305007370096,3.309169879567711,0.0
29.63573,37.31352,41.21797,1799.3437,-2.05348,56.7636,8.960254927869073,3.337930719127302,0.0
29.64892,37.33669,41.12137,1794.83635,-2.05326,56.78147,9.037375897170842,3.366660309367038,0.0
29.66207,37.35981,41.02511,1790.2855,-2.04952,56.79933,9.11417179151263,3.3952688006309444,0.0
29.67518,37.38287,40.92935,1785.6905,-2.04225,56.81716,9.190396495619725,3.4236645085035065,0.0
29.68825,37.40589,40.83426,1781.05085,-2.03146,56.83498,9.265800021005624,3.4517543056959124,0.0
29.70129,37.42885,40.74,1776.3662,-2.0172,56.85277,9.340129666914336,3.479444054527594,0.0
29.71428,37.45176,40.64673,1771.63632,-1.99949,56.87055,9.41313128388955,3.5066390776390053,0.0
29.72723,37.47462,40.55461,1766.86118,-1.9784,56.8883,9.484550631503263,3.5332446637812436,0.0
29.74014,37.49742,40.46379,1762.04087,-1.95399,56.90603,9.554134819553065,3.5591666046999726,0.0
29.75301,37.52017,40.37441,1757.17565,-1.92633,56.92374,9.621633819977795,3.5843117583637722,0.0
29.76583,37.54287,40.28663,1752.26596,-1.89553,56.94142,9.686802034668673,3.6085886330150503,0.0
29.77862,37.56551,40.20058,1747.31236,-1.86168,56.95908,9.749399902534194,3.6319079858439856,0.0
29.79136,37.58809,40.11638,1742.3156,-1.8249,56.97672,9.809195527546718,3.6541834294787345,0.0
29.80406,37.61061,40.03417,1737.27659,-1.78531,56.99432,9.865966308131451,3.6753320389756836,0.0
29.81672,37.63308,39.95405,1732.19637,-1.74306,57.01191,9.919500547267806,3.695274951624581,0.0
29.82934,37.65549,39.87613,1727.07616,-1.69829,57.02946,9.969599022014755,3.713937951638023,0.0
29.84191,37.67784,39.80053,1721.9173,-1.65117,57.04699,10.016076490971972,3.731252031720394,0.0
29.85444,37.70014,39.72732,1716.7213,-1.60187,57.06449,10.058763118419424,3.7471539235973337,0.0
29.86693,37.72237,39.65658,1711.48977,-1.55056,57.08197,10.097505794523412,3.761586589827228,0.0
29.87937,37.74454,39.5884,1706.22448,-1.49744,57.09941,10.132169332199027,3.7744996696639617,0.0
29.89177,37.76665,39.52284,1700.9273,-1.44271,57.11683,10.162637522748165,3.785849872309856,0.0
29.90412,37.7887,39.45995,1695.60022,-1.38656,57.13421,10.188814034418458,3.7956013116525136,0.0
29.91643,37.81069,39.39976,1690.24533,-1.3292,57.15157,10.21062314039731,3.80372577746175,0.0
29.9287,37.83262,39.34233,1684.8648,-1.27086,57.16889,10.228010265449022,3.8102029390263064,0.0
29.94092,37.85449,39.28767,1679.46089,-1.21175,57.18618,10.240942343315547,3.815020478295034,0.0
29.9531,37.87629,39.23578,1674.03593,-1.15209,57.20345,10.249407980165541,3.818174150765968,0.0
29.96523,37.89803,39.18669,1668.59229,-1.09211,57.22068,10.25341742255241,3.819667773549855,0.0
29.97732,37.9197,39.14037,1663.13241,-1.03204,57.23787,10.253002331573983,3.81951314123869,0.0
29.98936,37.94131,39.09681,1657.65875,-0.97209,57.25504,10.248215368130808,3.817729871403518,0.0
30.00136,37.96286,39.05599,1652.17379,-0.9125,57.27218,10.239129597121691,3.8143451826416,0.0
30.01331,37.98434,39.01787,1646.68003,-0.85349,57.28928,10.225837721274411,3.809393609158186,0.0
30.02522,38.00576,38.98239,1641.17995,-0.79527,57.30635,10.20845115776357,3.8029166567823802,0.0
30.03708,38.02712,38.94951,1635.67605,-0.73806,57.32339,10.187098972945892,3.7949624061280005,0.0
30.0489,38.04841,38.91916,1630.17078,-0.68207,57.3404,10.161926692348596,3.785585069282943,0.0
30.06067,38.06963,38.89127,1624.66656,-0.62751,57.35737,10.133095004354821,3.7748445068978946,0.0
30.07239,38.09079,38.86575,1619.16579,-0.57457,57.37431,10.100778377030972,3.7628057129181216,0.0
30.08408,38.11189,38.84252,1613.67079,-0.52345,57.39122,10.065163607999198,3.749538274372815,0.0
30.09571,38.13292,38.82149,1608.18383,-0.47432,57.4081,10.02644832738075,3.7351158136821034,0.0
30.1073,38.15388,38.80255,1602.70711,-0.42736,57.42495,9.984839473495557,3.719615420815034,0.0
30.11885,38.17478,38.78559,1597.24278,-0.38273,57.44176,9.940551760387066,3.7031170824022577,0.0
30.13035,38.19562,38.7705,1591.79286,-0.34058,57.45855,9.893806155154744,3.6857031145023202,0.0
30.14181,38.21639,38.75717,1586.35933,-0.30106,57.4753,9.844828381899099,3.66745760528182,0.0
30.15323,38.23709,38.74546,1580.94404,-0.2643,57.49202,9.793847467510977,3.648465873283657,0.0
30.1646,38.25773,38.73524,1575.54878,-0.23041,57.50872,9.741094342864805,3.6288139463347124,0.0
30.17592,38.27831,38.7264,1570.1752,-0.19952,57.52538,9.686800511227384,3.6085880654930853,0.0
30.1872,38.29882,38.7188,1564.82489,-0.17171,57.54201,9.631196793750592,3.5878742177111236,0.0
30.19844,38.31927,38.71229,1559.49929,-0.14707,57.55862,9.574512160053027,3.566757700196306,0.0
30.20964,38.33966,38.70674,1554.19977,-0.12567,57.57519,9.51697265002159,3.545322718753969,0.0
30.22079,38.35998,38.70202,1548.92758,-0.10758,57.59174,9.45880039114149,3.523652021716883,0.0
30.2319,38.38024,38.69797,1543.68385,-0.09285,57.60826,9.400212713909767,3.5018265704135016,0.0
30.24297,38.40044,38.69446,1538.46961,-0.08151,57.62475,9.341421366334,3.4799252465480763,0.0
30.25399,38.42058,38.69136,1533.28579,-0.0736,57.64122,9.28263182697224,3.4580245962899445,0.0
30.26497,38.44065,38.68851,1528.1332,-0.06912,57.65765,9.224042714730288,3.436198610407497,0.0
30.27592,38.46066,38.68578,1523.01254,-0.06809,57.67407,9.165845292432845,3.414518539335361,0.0
30.28681,38.48061,38.68303,1517.92443,-0.0705,57.69046,9.108223060205942,3.393052741698662,0.0
30.29767,38.5005,38.68013,1512.86937,-0.07633,57.70682,9.051351433909494,3.3718665645206882,0.0
30.30849,38.52033,38.67694,1507.84774,-0.08556,57.72316,8.995397503180945,3.3510222530877813,0.0
30.31927,38.5401,38.67333,1502.85987,-0.09814,57.73947,8.940519863171595,3.330578888266689,0.0
30.33,38.55981,38.66918,1497.90593,-0.11405,57.75576,8.886868513687388,3.310592348931857,0.0
30.3407,38.57947,38.66435,1492.98606,-0.13321,57.77203,8.834584819238252,3.2911152970827606,0.0
30.35135,38.59906,38.65872,1488.10026,-0.15556,57.78828,8.783801523392453,3.2721971831912695,0.0
30.36197,38.61859,38.65219,1483.24847,-0.18104,57.8045,8.734642810841315,3.253884269322397,0.0
30.37255,38.63807,38.64463,1478.43053,-0.20957,57.8207,8.687224410675853,3.2362196676075663,0.0
30.38308,38.65749,38.63593,1473.6462,-0.24106,57.83688,8.641653734577918,3.219243391724434,0.0
30.39358,38.67685,38.62599,1468.89515,-0.27541,57.85304,8.59803004383126,3.202992419112921,0.0
30.40404,38.69615,38.61471,1464.177,-0.31252,57.86918,8.556444639386834,3.1875007617795297,0.0
30.41447,38.7154,38.602,1459.49126,-0.3523,57.8853,8.516981069542966,3.172799543663674,0.0
30.42485,38.73459,38.58776,1454.83738,-0.39461,57.9014,8.479715350174663,3.1589170826788933,0.0
30.4352,38.75373,38.57191,1450.21477,-0.43936,57.91749,8.444716192806402,3.145878975675963,0.0
30.44551,38.77281,38.55438,1445.62272,-0.4864,57.93355,8.412045236275269,3.133708184743513,0.0
30.45578,38.79184,38.53507,1441.06049,-0.53563,57.9496,8.381757278077796,3.1224251233908116,0.0
30.46601,38.81081,38.51394,1436.52728,-0.58689,57.96562,8.353900501954644,3.1120477413290457,0.0
30.47621,38.82972,38.49091,1432.02221,-0.64006,57.98163,8.328516698627002,3.1025916067014374,0.0
30.48637,38.84859,38.46593,1427.54435,-0.69499,57.99763,8.305641477008118,3.094069984765098,0.0
30.4965,38.86739,38.43895,1423.09274,-0.75154,58.0136,8.285304463610379,3.0864939121754134,0.0
30.50659,38.88615,38.40992,1418.66633,-0.80957,58.02956,8.267529488206002,3.079872266149533,0.0
30.51664,38.90485,38.3788,1414.26404,-0.86892,58.04551,8.252334754167695,3.0742118279227495,0.0
30.52666,38.9235,38.34557,1409.88475,-0.92945,58.06143,8.239732992283272,3.069517340048491,0.0
30.53664,38.9421,38.31019,1405.52728,-0.99099,58.07734,8.229731597100468,3.065791557190352,0.0
30.54659,38.96064,38.27264,1401.19042,-1.0534,58.09324,8.222332745244808,3.0630352901986093,0.0
30.5565,38.97913,38.2329,1396.87292,-1.11651,58.10911,8.217533495378756,3.0612474433476424,0.0
30.56638,38.99757,38.19098,1392.57347,-1.18018,58.12498,8.215325869822646,3.0604250447418666,0.0
30.57622,39.01596,38.14686,1388.29077,-1.24423,58.14083,8.215696918085204,3.0605632699825365,0.0
30.58602,39.03429,38.10054,1384.02345,-1.30852,58.15666,8.218628762815564,3.061655459286074,0.0
30.5958,39.05258,38.05204,1379.77013,-1.37287,58.17247,8.224098629001219,3.0636931283610713,0.0
30.60553,39.07081,38.00137,1375.52939,-1.43715,58.18827,8.232078857399618,3.066665973411921,0.0
30.61524,39.08899,37.94855,1371.29979,-1.50117,58.20406,8.24253690348462,3.070561870746337,0.0
30.6249,39.10712,37.89361,1367.07989,-1.5648,58.21983,8.255435323414991,3.0753668715482543,0.0
30.63454,39.12519,37.83657,1362.86821,-1.62787,58.23559,8.270731748743811,3.0810651924564123,0.0
30.64414,39.14322,37.77747,1358.66326,-1.69022,58.25132,8.288378851803067,3.087639202669212,0.0
30.6537,39.1612,37.71636,1354.46354,-1.75171,58.26705,8.308324303934825,3.095069408384721,0.0
30.66324,39.17912,37.65328,1350.26754,-1.81219,58.28276,8.330510728915742,3.1033344354500874,0.0
30.67273,39.19699,37.58828,1346.07376,-1.8715,58.29845,8.354875654106506,3.112411011163412,0.0
30.6822,39.21481,37.52142,1341.88067,-1.9295,58.31412,8.381351462076747,3.122273946252759,0.0
30.69163,39.23258,37.45276,1337.68678,-1.98606,58.32978,8.409865345579258,3.132896118102872,0.0
30.70103,39.2503,37.38236,1333.49058,-2.04102,58.34542,8.440339268918793,3.144248456364029,0.0
30.71039,39.26797,37.31031,1329.29057,-2.09427,58.36105,8.472689938872687,3.1562999321192096,0.0
30.71972,39.28559,37.23666,1325.08529,-2.14567,58.37666,8.5068287884303,3.1690175518266126,0.0
30.72901,39.30315,37.1615,1320.87326,-2.19509,58.39225,8.54266197669487,3.1823663572830916,0.0
30.73827,39.32066,37.08491,1316.65307,-2.24242,58.40783,8.580090408312426,3.196309432861937,0.0
30.7475,39.33812,37.00697,1312.42329,-2.28754,58.42338,8.619009775805901,3.2108079212834455,0.0
30.75669,39.35553,36.92778,1308.18255,-2.33035,58.43892,8.659310628172895,3.225821049169394,0.0
30.76585,39.37289,36.84743,1303.92951,-2.37075,58.45444,8.70087846896055,3.241306163578511,0.0
30.77497,39.39019,36.766,1299.66288,-2.40863,58.46994,8.743593886962481,3.257218780694519,0.0
30.78407,39.40745,36.6836,1295.38139,-2.44392,58.48542,8.78733272243517,3.2735126477461196,0.0
30.79312,39.42464,36.60032,1291.08384,-2.47654,58.50088,8.83196627149917,3.2901398191518147,0.0
30.80214,39.44179,36.51627,1286.76909,-2.50641,58.51632,8.877361531096916,3.30705074777314,0.0
30.81113,39.45888,36.43154,1282.43603,-2.53347,58.53174,8.92338148647673,3.3241943920100208,0.0
30.82009,39.47592,36.34624,1278.08364,-2.55767,58.54714,8.969885442746294,3.3415183393131644,0.0
30.829,39.49291,36.26047,1273.71096,-2.57896,58.56252,9.0167294015701,3.3589689465137678,0.0
30.83789,39.50984,36.17434,1269.3171,-2.5973,58.57788,9.063766483499142,3.3764914971524473,0.0
30.84674,39.52672,36.08795,1264.90122,-2.61268,58.59321,9.11084739581968,3.3940303757652046,0.0
30.85555,39.54354,36.0014,1260.46261,-2.62507,58.60852,9.157820945199719,3.4115292588577377,0.0
30.86433,39.56031,35.91479,1256.0006,-2.63446,58.62381,9.204534593646953,3.4289313220143964,0.0
30.87308,39.57702,35.82824,1251.51462,-2.64087,58.63907,9.250835055649704,3.4461794623488946,0.0
30.88179,39.59368,35.74184,1247.00418,-2.6443,58.65431,9.296568933580177,3.4632165352087463,0.0
30.89047,39.61028,35.65568,1242.4689,-2.64478,58.66953,9.341583387722922,3.479985603778489,0.0
30.89911,39.62682,35.56987,1237.90846,-2.64234,58.68472,9.385726836543979,3.496430199948374,0.0
30.90771,39.64331,35.4845,1233.32268,-2.63704,58.69988,9.42884968213319,3.512494594560709,0.0
30.91628,39.65974,35.39967,1228.71142,-2.62892,58.71502,9.470805055080163,3.5281240748957567,0.0
30.92481,39.67611,35.31546,1224.07469,-2.61806,58.73013,9.511449572381254,3.5432652270120264,0.0
30.93331,39.69243,35.23196,1219.41257,-2.60454,58.74521,9.550644101551429,3.5578662203980445,0.0
30.94177,39.70869,35.14925,1214.72523,-2.58843,58.76026,9.588254523561607,3.5718770921865968,0.0
30.95019,39.72489,35.06741,1210.01296,-2.56984,58.77529,9.624152486935106,3.5852500280754875,0.0
30.95858,39.74103,34.98651,1205.27613,-2.54888,58.79029,9.658216145109453,3.5979396370142194,0.0
30.96694,39.75711,34.90663,1200.5152,-2.52567,58.80526,9.690330869031401,3.6099032166643865,0.0
30.97525,39.77313,34.82782,1195.73074,-2.50032,58.8202,9.720389927045712,3.6211010066761333,0.0
30.98353,39.78909,34.75016,1190.92341,-2.47299,58.83511,9.748295124262519,3.631496426869321,0.0
30.99177,39.805,34.67368,1186.09393,-2.4438,58.84999,9.773957393896353,3.6410562975228755,0.0
30.99998,39.82084,34.59845,1181.24315,-2.41291,58.86484,9.797297333568775,3.649751039161626,0.0
31.00815,39.83662,34.5245,1176.37195,-2.38048,58.87965,9.818245680098766,3.6575548494282173,0.0
31.01628,39.85234,34.45188,1171.48132,-2.34667,58.89444,9.836743717010853,3.6644458548906136,0.0
31.02438,39.868,34.38061,1166.57231,-2.31166,58.9092,9.852743609850764,3.670406235955997,0.0
31.03243,39.8836,34.31073,1161.64606,-2.27561,58.92392,9.866208665240704,3.675422323375679,0.0
31.04045,39.89914,34.24224,1156.70373,-2.23871,58.93861,9.877113510655942,3.6794846652166067,0.0
31.04844,39.91461,34.17518,1151.74657,-2.20114,58.95327,9.885444192899989,3.682588063545956,0.0
31.05638,39.93002,34.10954,1146.77588,-2.16309,58.9679,9.891198194330496,3.684731580475709,0.0
31.06429,39.94537,34.04532,1141.79298,-2.12474,58.98249,9.894384367032043,3.6859185136402846,0.0
31.07216,39.96066,33.98254,1136.79927,-2.08629,58.99705,9.895022786134568,3.6861563415537932,0.0
31.07999,39.97588,33.92117,1131.79614,-2.04791,59.01158,9.89314452456522,3.685456639699174,0.0
31.08779,39.99104,33.8612,1126.78505,-2.00982,59.02607,9.888791352508568,3.6838349685692218,0.0
31.09555,40.00614,33.80261,1121.76744,-1.97218,59.04053,9.88201536573544,3.681310735209289,0.0
31.10327,40.02117,33.74537,1116.74481,-1.9352,59.05496,9.872878547836686,3.6779070301378556,0.0
31.11095,40.03614,33.68946,1111.71863,-1.89904,59.06935,9.861452272062762,3.673650441768659,0.0
31.11859,40.05105,33.63484,1106.6904,-1.8639,59.08371,9.847816749109967,3.6685708506965424,0.0
31.1262,40.06589,33.58146,1101.6616,-1.82994,59.09804,9.832060427662357,3.66270120638354,0.0
31.13377,40.08067,33.52928,1096.63372,-1.79735,59.11234,9.814279354848328,3.6560772889121305,0.0
31.1413,40.09538,33.47826,1091.60823,-1.76628,59.1266,9.794576503981116,3.6487374585508863,0.0
31.1488,40.11003,33.42833,1086.58658,-1.73689,59.14083,9.773061077061202,3.6407223959182673,0.0
31.15625,40.12462,33.37943,1081.5702,-1.70934,59.15502,9.749847789465939,3.6320748355106756,0.0
31.16367,40.13914,33.33152,1076.56048,-1.68378,59.16919,9.725056144113076,3.6228392953092867,0.0
31.17106,40.1536,33.28451,1071.5588,-1.66034,59.18332,9.69880970211311,3.613061805078848,0.0
31.1784,40.168,33.23835,1066.5665,-1.63915,59.19742,9.671235356600187,3.602789635850589,0.0
31.18571,40.18233,33.19296,1061.58485,-1.62033,59.21148,9.642462615960044,3.5920710329057663,0.0
31.19298,40.1966,33.14827,1056.61513,-1.60399,59.22552,9.61262290218924,3.5809549543960197,0.0
31.20021,40.2108,33.10421,1051.65852,-1.59025,59.23952,9.58184886957601,3.5694908175340614,0.0
31.20741,40.22495,33.06069,1046.71619,-1.57918,59.25349,9.550273748250111,3.5577282540487216,0.0
31.21457,40.23902,33.01765,1041.78924,-1.57089,59.26743,9.518030716577,3.5457168763852667,0.0
31.2217,40.25304,32.97499,1036.87871,-1.56542,59.28134,9.485252305696672,3.5335060558804483,0.0
31.22878,40.26699,32.93264,1031.98561,-1.56287,59.29522,9.452069838893857,3.521144713913152,0.0
31.23583,40.28088,32.89052,1027.11085,-1.56326,59.30907,9.41861290786034,3.5086811267983316,0.0
31.24285,40.29471,32.84855,1022.25533,-1.56666,59.32289,9.385008887283474,3.4961627449584536,0.0
31.24983,40.30847,32.80665,1017.41985,-1.57309,59.33668,9.351382488669008,3.4836360267107698,0.0
31.25677,40.32217,32.76474,1012.60517,-1.58257,59.35045,9.31785535372132,3.471146286790743,0.0
31.26368,40.33581,32.72273,1007.81197,-1.59512,59.36418,9.284545687163122,3.4587375595677403,0.0
31.27055,40.34939,32.68055,1003.04089,-1.61074,59.37789,9.251567928379695,3.4464524767238585,0.0
31.27739,40.36291,32.63812,998.29248,-1.62943,59.39157,9.219032460946382,3.4343321590452804,0.0
