0.05189,0.05189,56.07575,5485.37713,-0.40806,45.0001,10.3028893869911,3.8380973819889914,0.0
0.10373,0.10373,56.02384,5479.69535,-0.3152,45.00024,10.356910550371843,3.8582216867306727,0.0
0.15552,0.15552,55.98534,5473.96529,-0.2217,45.00043,10.391380061232802,3.8710624864737944,0.0
0.20725,0.20725,55.9603,5468.19782,-0.12789,45.00066,10.406082998984823,3.876539717643997,0.0
0.25893,0.25893,55.94871,5462.40397,-0.03407,45.00093,10.400983270805176,3.8746399347151543,0.0
0.31055,0.31056,55.95053,5456.5948,0.05946,45.00125,10.376223463819342,3.865416255143202,0.0
0.36212,0.36213,55.96566,5450.78134,0.15237,45.00161,10.332121171393185,3.848986990813306,0.0
0.41363,0.41364,55.99396,5444.97445,0.24437,45.00201,10.269161939342085,3.825533020317178,0.0
0.46508,0.4651,56.03526,5439.18478,0.33517,45.00246,10.187989089675193,3.7952939980300457,0.0
0.51648,0.51651,56.08934,5433.42262,0.42449,45.00295,10.089390777329992,3.7585635324037256,0.0
0.56783,0.56786,56.15594,5427.69787,0.51204,45.00348,9.974284714721897,3.7156834954594276,0.0
0.61911,0.61916,56.23475,5422.01995,0.59758,45.00406,9.843701056524043,3.667037646917896,0.0
0.67035,0.6704,56.32547,5416.39775,0.68087,45.00467,9.698763971347171,3.613044769165286,0.0
0.72156,0.72155,56.42565,5410.84271,0.73252,44.91555,9.54345792256599,3.5551891796462196,-35.99999938590621
0.77281,0.77257,56.53289,5405.36357,0.78201,44.82786,9.381568416877329,3.49488107920794,-35.99999938590621
0.82408,0.82346,56.64686,5399.96431,0.82928,44.74167,9.213946660423689,3.4324375645351113,-35.99999938590621
0.87537,0.87422,56.76724,5394.64849,0.87423,44.65703,9.04143641083087,3.3681729575439427,-35.99999938590621
0.92668,0.92486,56.89368,5389.4192,0.91682,44.57399,8.864862701692289,3.3023946049559227,-35.99999938590621
0.97801,0.97537,57.02583,5384.27907,0.957,44.49259,8.685025658720837,3.2354005746516776,-35.99999938590621
1.02937,1.02576,57.16334,5379.23034,0.99472,44.41286,8.5026951562387,3.1674776650728327,-35.99999938590621
1.08074,1.07603,57.30586,5374.27482,1.02996,44.33483,8.31860632394611,3.0988997313751536,-35.99999938590621
1.13214,1.12619,57.45303,5369.41393,1.0627,44.2585,8.133455894388874,3.0299263247640886,-35.99999938590621
1.18355,1.17623,57.60449,5364.6487,1.09292,44.1839,7.947899364602533,2.960801635132542,-35.99999938590621
1.23498,1.22616,57.75989,5359.97983,1.12062,44.11103,7.762548931405143,2.8917537219031066,-35.99999938590621
1.28643,1.27599,57.91886,5355.40768,1.14581,44.03989,7.5779721486507965,2.822994013819674,-35.99999938590621
1.33789,1.32571,58.08104,5350.9323,1.1685,43.97048,7.3946912464837835,2.7547170553516924,-35.99999938590621
1.38937,1.37532,58.2461,5346.55346,1.18871,43.90278,7.213183046955778,2.6871004752593555,-35.99999938590621
1.44086,1.42484,58.41368,5342.27068,1.20645,43.83677,7.033879407163887,2.6203051516741787,-35.99999938590621
1.49236,1.47425,58.58343,5338.08322,1.22177,43.77245,6.857168120009282,2.554475547655294,-35.99999938590621
1.54388,1.52357,58.75503,5333.99016,1.2347,43.70979,6.68339420336408,2.4897401914380315,-35.99999938590621
1.59541,1.5728,58.92813,5329.99036,1.24528,43.64876,6.512861510781937,2.426212276465996,-35.99999938590621
1.64696,1.62193,59.10242,5326.08252,1.25354,43.58934,6.345834600284553,2.3639903575632113,-35.99999938590621
1.69851,1.67098,59.27758,5322.2652,1.25954,43.53149,6.182540802133436,2.3031591212335085,-35.99999938590621
1.75008,1.71994,59.45329,5318.53682,1.26333,43.47519,6.023172431505564,2.243790209940429,-35.99999938590621
1.80165,1.76882,59.62926,5314.89569,1.26496,43.42039,5.867889097336863,2.1859430822121686,-35.99999938590621
1.85324,1.81762,59.80519,5311.34004,1.26447,43.36706,5.716820064178788,2.1296658924952996,-35.99999938590621
1.90483,1.86633,59.98079,5307.868,1.26194,43.31516,5.570066629445175,2.0749963767417707,-35.99999938590621
1.95643,1.91497,60.15578,5304.47765,1.25741,43.26467,5.427704483872018,2.021962731742284,-35.99999938590621
2.00805,1.96353,60.32991,5301.16701,1.25094,43.21552,5.28978602815361,1.9705844781342075,-35.99999938590621
2.05967,2.01202,60.50289,5297.93408,1.2426,43.16769,5.156342623604667,1.92087329883244,-35.99999938590621
2.11129,2.06044,60.67449,5294.77681,1.23243,43.12114,5.027386759106164,1.872833846273745,-35.99999938590621
2.16293,2.10879,60.84446,5291.69315,1.22051,43.07582,4.902914120695822,1.8264645133936692,-35.99999938590621
2.21457,2.15707,61.01256,5288.68104,1.20688,43.0317,4.7829055537190515,1.7817581645793865,-35.99999938590621
2.26621,2.20529,61.17856,5285.73841,1.19161,42.98873,4.667328910673828,1.7387028240405422,-35.99999938590621
2.31787,2.25344,61.34226,5282.86319,1.17476,42.94687,4.556140780611383,1.6972823200565084,-35.99999938590621
2.36953,2.30153,61.50342,5280.05335,1.15638,42.90609,4.449288098321881,1.6574768844403924,-35.99999938590621
2.42119,2.34956,61.66186,5277.30686,1.13653,42.86635,4.346709633500722,1.6192637072926641,-35.99999938590621
2.47286,2.39753,61.81738,5274.62171,1.11527,42.8276,4.248337361720714,1.5826174477243642,-35.99999938590621
2.52454,2.44544,61.9698,5271.99591,1.09265,42.78981,4.154097720349234,1.5475107017192913,-35.99999938590621
2.57622,2.4933,62.11893,5269.42752,1.06873,42.75293,4.063912753582654,1.5139144286894533,-35.99999938590621
2.6279,2.5411,62.2646,5266.91461,1.04357,42.71694,3.9777011515592093,1.4817983385719513,-35.99999938590621
2.67959,2.58884,62.40665,5264.45529,1.0172,42.6818,3.895379189067207,1.451131241522487,-35.99999938590621
2.73129,2.63654,62.54492,5262.0477,0.98969,42.64747,3.8168615697703747,1.4218813624115176,-35.99999938590621
2.78299,2.68419,62.67926,5259.69003,0.96109,42.61391,3.7420621820832047,1.394016622407709,-35.99999938590621
2.83469,2.73178,62.80954,5257.3805,0.93144,42.5811,3.6708947729373915,1.3675048899736626,-35.99999938590621
2.88639,2.77933,62.93561,5255.11734,0.90079,42.54899,3.603273545653543,1.342314203588858,-35.99999938590621
2.9381,2.82683,63.05735,5252.89886,0.8692,42.51756,3.5391136880532583,1.318412968485299,-35.99999938590621
2.98982,2.87428,63.17463,5250.72336,0.8367,42.48678,3.4783318367707055,1.2957701296157904,-35.99999938590621
3.04153,2.92169,63.28733,5248.58921,0.80334,42.4566,3.4208464834934293,1.27435532298933,-35.99999938590621
3.09325,2.96905,63.39535,5246.4948,0.76916,42.42701,3.3665783286165714,1.2541390074166099,-35.99999938590621
3.14498,3.01637,63.49858,5244.43856,0.73421,42.39797,3.3154505875083933,1.235092578601982,-35.99999938590621
3.1967,3.06365,63.59693,5242.41892,0.69854,42.36945,3.2673892542653933,1.2171884673991797,-35.99999938590621
3.24843,3.11089,63.69029,5240.43439,0.66217,42.34143,3.2223233275291436,1.2004002239340306,-35.99999938590621
3.30017,3.15808,63.77859,5238.48347,0.62515,42.31387,3.180185002630008,1.1847025891830467,-35.99999938590621
3.3519,3.20524,63.86173,5236.56471,0.58752,42.28676,3.1409098339788724,1.1700715554686176,-35.99999938590621
3.40364,3.25236,63.93965,5234.67666,0.54932,42.26005,3.1044368713438697,1.1564844172256763,-35.99999938590621
3.45538,3.29944,64.01227,5232.81793,0.51058,42.23373,3.0707087733312233,1.1439198132762967,-35.99999938590621
3.50713,3.34648,64.07952,5230.98711,0.47135,42.20777,3.0396719011002196,1.1323577617409912,-35.99999938590621
3.55887,3.39348,64.14135,5229.18285,0.43165,42.18214,3.011276395071127,1.1217796886144251,-35.99999938590621
3.61063,3.44045,64.19769,5227.40378,0.39152,42.15683,2.985476237113751,1.112168450932291,-35.99999938590621
3.66238,3.48738,64.24849,5225.64858,0.351,42.1318,2.962229300447812,1.1035083553605127,-35.99999938590621
3.71414,3.53427,64.29371,5223.91593,0.31013,42.10703,2.941497389266452,1.0957851729560433,-35.99999938590621
3.76589,3.58113,64.3333,5222.2045,0.26892,42.0825,2.923246269851575,1.0889861507581484,-35.99999938590621
3.81766,3.62795,64.36723,5220.51301,0.22743,42.05818,2.907445694753218,1.0831000207958588,-35.99999938590621
3.86942,3.67474,64.39546,5218.84016,0.18568,42.03405,2.8940694213951708,1.0781170070190524,-35.99999938590621
3.92119,3.7215,64.41796,5217.18466,0.1437,42.01009,2.883095226301495,1.0740288305982069,-35.99999938590621
3.97296,3.76822,64.43471,5215.54523,0.10153,41.98627,2.8745049159349185,1.0708287139619885,-35.99999938590621
4.02474,3.81491,64.44568,5213.92058,0.05919,41.96257,2.868284334993805,1.0685113838880886,-35.99999938590621
4.07651,3.86157,64.45086,5212.30944,0.01673,41.93897,2.8644233728486714,1.0670730739009986,-35.99999938590621
4.12829,3.90819,64.45024,5210.71051,-0.02584,41.91545,2.8629159686381644,1.0665115261703926,-35.99999938590621
4.18008,3.95479,64.44381,5209.12249,-0.06847,41.89198,2.863760115399767,1.0668259930499278,-35.99999938590621
4.23187,4.00134,64.43157,5207.5441,-0.11114,41.86854,2.8669578634766086,1.0680172383463666,-35.99999938590621
4.28366,4.04787,64.41351,5205.97401,-0.15381,41.8451,2.872515323282751,1.070087538349723,-35.99999938590621
4.33545,4.09437,64.38964,5204.4109,-0.19645,41.82165,2.880442667376198,1.0730406826055081,-35.99999938590621
4.38725,4.14083,64.35998,5202.85344,-0.23903,41.79816,2.8907541316498193,1.0768819743583855,-35.99999938590621
4.43905,4.18726,64.32453,5201.30026,-0.28152,41.77461,2.903468015297811,1.0816182305396744,-35.99999938590621
4.49085,4.23366,64.28332,5199.75,-0.32389,41.75097,2.9186066790708294,1.0872577811173405,-35.99999938590621
4.54266,4.28003,64.23636,5198.20125,-0.3661,41.72722,2.9361965411859106,1.0938104675723344,-35.99999938590621
4.59448,4.32636,64.18368,5196.65259,-0.40812,41.70334,2.9562680700850654,1.1012876402009792,-35.99999938590621
4.64629,4.37267,64.12532,5195.10258,-0.44992,41.6793,2.9788557730852765,1.1097021538867924,-35.99999938590621
4.69811,4.41894,64.06131,5193.54974,-0.49146,41.65508,3.0039981797741477,1.1190683619149309,-35.99999938590621
4.74994,4.46518,63.99169,5191.99256,-0.53271,41.63064,3.0317378188283524,1.1294021073364522,-35.99999938590621
4.80177,4.51138,63.91651,5190.4295,-0.57364,41.60597,3.062121186731511,1.1407207113149018,-35.99999938590621
4.8536,4.55756,63.83582,5188.85898,-0.6142,41.58104,3.095198706660321,1.1530429578103123,-35.99999938590621
4.90544,4.6037,63.74966,5187.27939,-0.65437,41.55583,3.131024675591482,1.1663890738751441,-35.99999938590621
4.95728,4.64981,63.65811,5185.68908,-0.6941,41.53029,3.169657197440051,1.1807807047465622,-35.99999938590621
5.00913,4.69588,63.56123,5184.08634,-0.73336,41.50442,3.2111580997988454,1.1962408828296724,-35.99999938590621
5.06099,4.74192,63.45908,5182.46943,-0.77211,41.47817,3.255592831589748,1.2127939895699413,-35.99999938590621
5.11285,4.78792,63.35175,5180.83655,-0.81031,41.45152,3.3030303386571553,1.2304657091084805,-35.99999938590621
5.16471,4.8339,63.23931,5179.18587,-0.84792,41.42443,3.353542914057617,1.249282972511,-35.99999938590621
5.21658,4.87983,63.12185,5177.5155,-0.88489,41.39689,3.407206019508875,1.2692738912528756,-35.99999938590621
5.26846,4.92573,62.99946,5175.82349,-0.9212,41.36884,3.464098074151249,1.2904676785272085,-35.99999938590621
5.32034,4.97159,62.87224,5174.10783,-0.95678,41.34028,3.5243002064748454,1.3128945568311823,-35.99999938590621
5.37223,5.01742,62.7403,5172.36648,-0.99161,41.31114,3.5878959649780393,1.3365856501787345,-35.99999938590621
5.42412,5.06321,62.60374,5170.59731,-1.02563,41.28142,3.654970982796709,1.3615728591661236,-35.99999938590621
5.47602,5.10895,62.46268,5168.79814,-1.05879,41.25106,3.7256125912969877,1.3878887170250611,-35.99999938590621
5.52793,5.15466,62.31725,5166.96675,-1.09105,41.22004,3.799909377327795,1.415566224687629,-35.99999938590621
5.57984,5.20033,62.16757,5165.10082,-1.12237,41.18831,3.8779506786396993,1.4446386628165326,-35.99999938590621
5.63176,5.24596,62.01378,5163.198,-1.15268,41.15584,3.959826011750594,1.475139378670008,-35.99999938590621
5.68369,5.29155,61.85602,5161.25585,-1.18194,41.12258,4.045624426454115,1.5071015456392252,-35.99999938590621
5.73563,5.33709,61.69444,5159.27191,-1.21009,41.08851,4.135433781084279,1.5405578932652981,-35.99999938590621
5.78758,5.38259,61.5292,5157.2436,-1.23709,41.05357,4.229339932703359,1.5755404055629592,-35.99999938590621
5.83953,5.42804,61.36047,5155.16833,-1.26287,41.01772,4.327425836541096,1.6120799855379688,-35.99999938590621
5.89149,5.47344,61.18841,5153.04342,-1.28739,40.98093,4.429770549285376,1.6502060838866726,-35.99999938590621
5.94346,5.5188,61.01321,5150.86615,-1.31057,40.94315,4.536448131293058,1.6899462900406452,-35.99999938590621
5.99544,5.56411,60.83504,5148.63374,-1.33238,40.90433,4.6475264434218095,1.731325883954894,-35.99999938590621
6.04743,5.60937,60.65412,5146.34334,-1.35273,40.86443,4.763065835034378,1.77436734735493,-35.99999938590621
6.09942,5.65458,60.47064,5143.99209,-1.37159,40.82339,4.883117720842988,1.81908983357386,-35.99999938590621
6.15143,5.69973,60.28481,5141.57707,-1.38888,40.78119,5.007723045614588,1.865508595614693,-35.99999938590621
6.20345,5.74483,60.09684,5139.09531,-1.40455,40.73776,5.136910637458852,1.9136343727067964,-35.99999938590621
6.25547,5.78987,59.90698,5136.54385,-1.41854,40.69306,5.270695452410409,1.9634727363665863,-35.99999938590621
6.30751,5.83485,59.71545,5133.91967,-1.43077,40.64705,5.409076715387884,2.0150233978558574,-35.99999938590621
6.35956,5.87977,59.52249,5131.21976,-1.4412,40.59967,5.5520359653322044,2.0682794799443642,-35.99999938590621
6.41162,5.92463,59.32837,5128.44112,-1.44976,40.55088,5.699535015440995,2.1232267570434673,-35.99999938590621
6.46369,5.96942,59.13333,5125.58074,-1.45639,40.50063,5.851513842876662,2.1798428690668685,-35.99999938590621
6.51577,6.01415,58.93764,5122.63565,-1.46102,40.44887,6.007888426200825,2.238096515818031,-35.99999938590621
6.56786,6.05882,58.74159,5119.60291,-1.46362,40.39555,6.168548552925465,2.297946640245306,-35.99999938590621
6.61997,6.10341,58.54544,5116.47964,-1.4641,40.34064,6.333355624047134,2.359341610573147,-35.99999938590621
6.67209,6.14792,58.3495,5113.26304,-1.46243,40.28408,6.502140487106644,2.422218413059839,-35.99999938590621
6.72422,6.19237,58.15405,5109.95037,-1.45854,40.22584,6.674701334064548,2.4865018689007994,-35.99999938590621
6.77636,6.23673,57.9594,5106.53903,-1.4524,40.16587,6.850801705103751,2.5521038905925257,-35.99999938590621
6.82852,6.28102,57.76586,5103.02654,-1.44394,40.10414,7.030168644083514,2.6189227947906875,-35.99999938590621
6.88069,6.32522,57.57373,5099.41058,-1.43313,40.04061,7.2124910556567245,2.6868426902930715,-35.99999938590621
6.93287,6.36934,57.38335,5095.68898,-1.41994,39.97525,7.397418317843508,2.7557329611867556,-35.99999938590621
6.98507,6.41338,57.19503,5091.8598,-1.40432,39.90803,7.584559206895581,2.8254478663317895,-35.99999938590621
7.03728,6.45732,57.00909,5087.92129,-1.38625,39.83892,7.773481193253574,2.8958262770867687,-35.99999938590621
7.08951,6.50117,56.82587,5083.87197,-1.36571,39.7679,7.963710168227538,2.9666915754901364,-35.99999938590621
7.14175,6.54493,56.6457,5079.71062,-1.34268,39.69497,8.154730660253998,3.0378517348216265,-35.99999938590621
7.194,6.58859,56.4689,5075.43633,-1.31715,39.62009,8.345986597143451,3.1090996035595087,-35.99999938590621
7.24627,6.63215,56.29581,5071.0485,-1.28913,39.54329,8.536882666227061,3.180213412071023,-35.99999938590621
7.29856,6.6756,56.12675,5066.54686,-1.25861,39.46454,8.726786317808555,3.2509575189509228,-35.99999938590621
7.35085,6.71895,55.96205,5061.93154,-1.22563,39.38386,8.91503044842381,3.3210834106062723,-35.99999938590621
7.40317,6.76219,55.80204,5057.20303,-1.1902,39.30126,9.100916789282632,3.390330963540171,-35.99999938590621
7.4555,6.80532,55.64702,5052.36224,-1.15235,39.21677,9.283720011924334,3.458429973816469,-35.99999938590621
7.50784,6.84834,55.49732,5047.41049,-1.11214,39.1304,9.462692547596438,3.525101952405151,-35.99999938590621
7.5602,6.89124,55.35322,5042.34953,-1.06962,39.04221,9.637070099612577,3.5900621786806903,-35.99999938590621
7.61257,6.93402,55.21503,5037.18159,-1.02485,38.95222,9.806077809256745,3.653021997383614,-35.99999938590621
7.66496,6.97668,55.08303,5031.90931,-0.97791,38.86049,9.968937016176067,3.7136913370446893,-35.99999938590621
7.71736,7.01922,54.95748,5026.53581,-0.9289,38.76709,10.124872534349128,3.771781420474568,-35.99999938590621
7.76978,7.06163,54.83865,5021.06466,-0.8779,38.67207,10.2731203453082,3.8270076306914858,-35.99999938590621
7.82221,7.10391,54.72677,5015.49988,-0.82503,38.57551,10.412935592059805,3.879092488867003,-35.99999938590621
7.87466,7.14606,54.62206,5009.84592,-0.7704,38.4775,10.543600741004978,3.9277686948560624,-35.99999938590621
7.92712,7.18808,54.52475,5004.10765,-0.71416,38.37812,10.664433765859942,3.9727821759227635,-35.99999938590621
7.97959,7.22997,54.43501,4998.29036,-0.65642,38.27747,10.774796197848971,4.013895085649026,-35.99999938590621
8.03207,7.27172,54.35301,4992.39971,-0.59735,38.17566,10.874100880963015,4.050888692972474,-35.99999938590621
8.08457,7.31333,54.27891,4986.4417,-0.53709,38.07279,10.961819270323064,4.083566101018821,-35.99999938590621
8.13708,7.3548,54.21283,4980.42266,-0.47581,37.96898,11.037488116093762,4.111754737035563,-35.99999938590621
8.1896,7.39613,54.15486,4974.3492,-0.41368,37.86434,11.100715384758423,4.135308558222711,-35.99999938590621
8.24214,7.43732,54.1051,4968.22817,-0.35087,37.75902,11.151185284169996,4.154109923696496,-35.99999938590621
8.29468,7.47836,54.06361,4962.06662,-0.28757,37.65312,11.188662277920573,4.168071089947638,-35.99999938590621
8.34724,7.51927,54.0304,4955.87176,-0.22395,37.54678,11.212993997742572,4.177135295787412,-35.99999938590621
8.3998,7.56002,54.00549,4949.65088,-0.16019,37.44014,11.22411298913165,4.181277412638114,-35.99999938590621
8.45237,7.60064,53.98887,4943.41138,-0.0965,37.33332,11.222037254075154,4.180504146713693,-35.99999938590621
8.50495,7.64111,53.9805,4937.16062,-0.03303,37.22646,11.206869584623822,4.174853790757671,-35.99999938590621
8.55754,7.68143,53.98031,4930.90596,0.03001,37.1197,11.178795710977399,4.164395534156306,-35.99999938590621
8.61014,7.72161,53.98821,4924.65467,0.09245,37.01316,11.138081316573603,4.149228350980701,-35.99999938590621
8.66275,7.76165,54.00411,4918.4139,0.15411,36.90697,11.085067999324151,4.129479495440956,-35.99999938590621
8.71536,7.80154,54.02785,4912.19063,0.21482,36.80125,11.020168281681263,4.105302643004637,-35.99999938590621
8.76797,7.84129,54.0593,4905.99163,0.27441,36.69614,10.943859791855738,4.076875722747425,-35.99999938590621
8.82059,7.8809,54.09828,4899.82343,0.33272,36.59173,10.856678753772334,4.04439849219019,-35.99999938590621
8.87322,7.92037,54.1446,4893.69228,0.38961,36.48816,10.759212933692826,4.008089909730506,-35.99999938590621
8.92584,7.95969,54.19804,4887.60415,0.44492,36.38552,10.652094196961487,3.9681853618344918,-35.99999938590621
8.97847,7.99888,54.25838,4881.56464,0.49853,36.28391,10.5359908289739,3.924933802395649,-35.99999938590621
9.03111,8.03793,54.32537,4875.57905,0.5503,36.18343,10.411599770654139,3.8785948602458165,-35.99999938590621
9.08374,8.07685,54.39877,4869.65228,0.60012,36.08416,10.279638910764664,3.829435967837797,-35.99999938590621
9.13638,8.11563,54.47829,4863.78886,0.64789,35.98618,10.140839566112493,3.7777295599243113,-35.99999938590621
9.18902,8.15428,54.56367,4857.99294,0.6935,35.88957,9.995939266553444,3.723750385782229,-35.99999938590621
9.24165,8.19279,54.65459,4852.26828,0.73688,35.79438,9.84567494560269,3.66777297253584,-35.99999938590621
9.29429,8.23118,54.75078,4846.61825,0.77795,35.70068,9.69077662002557,3.610069270638128,-35.99999938590621
9.34693,8.26945,54.8519,4841.04583,0.81664,35.60852,9.531961623817478,3.5509065058765743,-35.99999938590621
9.39956,8.30759,54.95766,4835.55362,0.85291,35.51794,9.36992944407903,3.4905452556007694,-35.99999938590621
9.45219,8.34561,55.06773,4830.14385,0.88669,35.42897,9.205357189010813,3.4292377604312207,-35.99999938590621
9.50482,8.38351,55.18179,4824.81838,0.91797,35.34165,9.038895702135624,3.3672264767048947,-35.99999938590621
9.55745,8.42129,55.29952,4819.57874,0.94672,35.25599,8.871166322199535,3.3047428694531087,-35.99999938590621
9.61007,8.45896,55.42058,4814.4261,0.97291,35.17202,8.702758275302166,3.2420064409014437,-35.99999938590621
9.6627,8.49651,55.54465,4809.36135,0.99654,35.08974,8.534226674811105,3.1792239853852386,-35.99999938590621
9.71531,8.53396,55.67141,4804.38505,1.01761,35.00915,8.366091095659373,3.116589058237883,-35.99999938590621
9.76793,8.57129,55.80052,4799.49749,1.03612,34.93027,8.198834682527645,3.054281643565227,-35.99999938590621
9.82054,8.60853,55.93166,4794.69869,1.05209,34.85307,8.032903746331698,2.992468003926547,-35.99999938590621
9.87314,8.64565,56.06452,4789.98844,1.06554,34.77755,7.86870780003795,2.931300693676768,-35.99999938590621
9.92574,8.68268,56.19878,4785.3663,1.07649,34.7037,7.706619983057932,2.870918717064574,-35.99999938590621
9.97833,8.71961,56.33413,4780.83162,1.08498,34.6315,7.546977823068478,2.8114478120304733,-35.99999938590621
10.03092,8.75644,56.47026,4776.38356,1.09104,34.56092,7.39008428495179,2.753000840964571,-35.99999938590621
10.0835,8.79318,56.60687,4772.02113,1.09471,34.49193,7.236209058285298,2.695678270330423,-35.99999938590621
10.13608,8.82983,56.74367,4767.74317,1.09603,34.42452,7.0855900374111265,2.639568722029843,-35.99999938590621
10.18865,8.86639,56.88037,4763.54838,1.09506,34.35865,6.938434951250037,2.5847495805514944,-35.99999938590621
10.24122,8.90286,57.01669,4759.43535,1.09183,34.29429,6.794923103551029,2.531287641259644,-35.99999938590621
10.29378,8.93925,57.15236,4755.40256,1.08642,34.23139,6.655207188102256,2.479239786607995,-35.99999938590621
10.34633,8.97555,57.2871,4751.4484,1.07886,34.16994,6.5194151473089565,2.4286536785088657,-35.99999938590621
10.39886,9.0118,57.42205,4747.5686,1.09153,34.17853,6.386399862749949,2.3791019851678636,0.0
10.45133,9.04804,57.55831,4743.75977,1.10171,34.18716,6.255121729181462,2.330197426278024,0.0
10.50376,9.08426,57.69558,4740.02151,1.10944,34.19583,6.125852721428553,2.2820413196177696,0.0
10.55614,9.12047,57.83354,4736.35323,1.11475,34.20454,5.99883362888824,2.2347233655730374,0.0
10.60847,9.15666,57.97191,4732.75422,1.11768,34.21329,5.8742787873487385,2.1883234098644544,0.0
10.66076,9.19284,58.1104,4729.22364,1.11829,34.22208,5.752377247733425,2.1429118789352075,0.0
10.713,9.22901,58.24872,4725.76055,1.11661,34.23091,5.633294064405052,2.0985502598782624,0.0
10.7652,9.26516,58.38658,4722.36389,1.1127,34.23978,5.517171672036742,2.055291613357039,0.0
10.81735,9.3013,58.52374,4719.03255,1.10661,34.2487,5.404131322990829,2.0131811090668488,0.0
10.86946,9.33743,58.65991,4715.7653,1.0984,34.25766,5.294274560208772,1.9722565744251415,0.0
10.92153,9.37355,58.79485,4712.56087,1.08813,34.26666,5.187684703638548,1.9325490483048173,0.0
10.97356,9.40966,58.92831,4709.41793,1.07586,34.27571,5.08442833125732,1.8940833327541418,0.0
11.02554,9.44576,59.06005,4706.3351,1.06163,34.2848,4.9845567385805785,1.856878536702302,0.0
11.07749,9.48185,59.18983,4703.31097,1.04553,34.29393,4.8881073632863865,1.8209486066694198,0.0
11.12939,9.51793,59.31744,4700.34407,1.02761,34.30311,4.795105164057762,1.7863028404216226,0.0
11.18126,9.55401,59.44265,4697.43292,1.00792,34.31233,4.705563945068474,1.752946380376849,0.0
11.23309,9.59007,59.56526,4694.57604,0.98655,34.3216,4.6194876195799,1.7208806843279265,0.0
11.28488,9.62613,59.68507,4691.7719,0.96354,34.33092,4.536871407963509,1.6901039717374675,0.0
11.33664,9.66218,59.80189,4689.01897,0.93896,34.34028,4.4577029670607,1.6606116444541241,0.0
11.38836,9.69823,59.91553,4686.31572,0.91287,34.34968,4.38196344918746,1.6323966812196908,0.0
11.44004,9.73427,60.02582,4683.66061,0.88534,34.35914,4.309628490280168,1.60545000577941,0.0
11.49168,9.7703,60.13259,4681.05211,0.85643,34.36864,4.240669127652499,1.579760828770573,0.0
11.5433,9.80633,60.23567,4678.48868,0.8262,34.37819,4.175052648657182,1.5553169638713489,0.0
11.59487,9.84236,60.33492,4675.96878,0.79471,34.38778,4.112743372216212,1.532105118941355,0.0
11.64642,9.87838,60.43019,4673.49088,0.76202,34.39742,4.053703365651321,1.510111163059868,0.0
11.69793,9.9144,60.52134,4671.05346,0.72819,34.40712,3.997893099687376,1.4893203705318236,0.0
11.74941,9.95041,60.60824,4668.65502,0.69328,34.41685,3.9452720447246996,1.469717643014943,0.0
11.80085,9.98642,60.69077,4666.29404,0.65735,34.42664,3.8957992116963527,1.4512877110033044,0.0
11.85226,10.02243,60.76881,4663.96902,0.62046,34.43648,3.8494336408959975,1.4340153159285827,0.0
11.90365,10.05844,60.84225,4661.67848,0.58266,34.44636,3.806134842201179,1.4178853741548039,0.0
11.955,10.09445,60.91099,4659.42093,0.54401,34.4563,3.7658631900929382,1.402883124133545,0.0
12.00631,10.13045,60.97493,4657.1949,0.50456,34.46628,3.7285802767898497,1.388994257955657,0.0
12.0576,10.16645,61.03399,4654.99892,0.46438,34.47631,3.6942492266979015,1.3762050384921136,0.0
12.10886,10.20245,61.08809,4652.83154,0.42351,34.48639,3.662834975241975,1.3645024032660795,0.0
12.16009,10.23845,61.13715,4650.69129,0.38201,34.49653,3.634304514967897,1.3538740561323965,0.0
12.21129,10.27446,61.18109,4648.57673,0.33993,34.50671,3.6086271116164865,1.3443085477708527,0.0
12.26245,10.31046,61.21986,4646.48641,0.29732,34.51694,3.5857744926800224,1.3357953459284275,0.0
12.31359,10.34646,61.25341,4644.41889,0.25425,34.52722,3.5657210107231254,1.3283248962606176,0.0
12.3647,10.38246,61.28168,4642.37271,0.21075,34.53755,3.5484437835500393,1.3218886745474367,0.0
12.41578,10.41846,61.30462,4640.34643,0.16688,34.54793,3.533922813078655,1.3164792309771187,0.0
12.46684,10.45446,61.32221,4638.33861,0.1227,34.55836,3.52214108453058,1.3120902270970256,0.0
12.51786,10.49047,61.33441,4636.34778,0.07824,34.56884,3.513084647367476,1.3087164659645665,0.0
12.56886,10.52647,61.3412,4634.3725,0.03357,34.57937,3.506742679134297,1.3063539159304804,0.0
12.61983,10.56248,61.34255,4632.4113,-0.01126,34.58996,3.503107533179786,1.3049997284159789,0.0
12.67076,10.59849,61.33846,4630.46269,-0.05622,34.60059,3.5021747709855138,1.304652249956162,0.0
12.72168,10.6345,61.32892,4628.5252,-0.10124,34.61127,3.5039431796116034,1.3053110286990115,0.0
12.77256,10.67051,61.31393,4626.59733,-0.14627,34.62201,3.508414774556448,1.3069768154707102,0.0
12.82342,10.70652,61.29349,4624.67755,-0.19127,34.63279,3.5155947881037735,1.309651559434615,0.0
12.87425,10.74254,61.26762,4622.76434,-0.23618,34.64362,3.525491643011143,1.313338398289535,0.0
12.92505,10.77856,61.23633,4620.85615,-0.28096,34.65451,3.5381169111787165,1.318041642872754,0.0
12.97582,10.81458,61.19965,4618.95141,-0.32555,34.66544,3.5534852567110056,1.3237667559490391,0.0
13.02657,10.8506,61.15761,4617.04854,-0.3699,34.67643,3.5716143625891528,1.3305203248941326,0.0
13.07728,10.88663,61.11024,4615.1459,-0.41396,34.68746,3.592524839925846,1.3383100278898223,0.0
13.12798,10.92266,61.05759,4613.24188,-0.45767,34.69855,3.6162401185854707,1.347144593177068,0.0
13.17864,10.95869,60.99971,4611.33479,-0.501,34.70968,3.642786317725451,1.357033750829247,0.0
13.22927,10.99472,60.93665,4609.42294,-0.54387,34.72087,3.672192094607291,1.3679881764302873,0.0
13.27988,11.03076,60.86847,4607.50461,-0.58624,34.73211,3.7044884698196867,1.3800194259656797,0.0
13.33046,11.0668,60.79525,4605.57805,-0.62806,34.74339,3.7397086268580284,1.3931398611605657,0.0
13.38101,11.10284,60.71705,4603.64145,-0.66927,34.75472,3.7778876837997033,1.4073625644227858,0.0
13.43154,11.13889,60.63395,4601.69299,-0.70981,34.76611,3.819062434661439,1.4227012424916796,0.0
13.48202,11.17496,60.54469,4599.73356,-0.77243,34.83003,3.8640219462719037,1.4394498435225231,46.99999919826643
13.53244,11.21108,60.44795,4597.76346,-0.83453,34.89469,3.913599306281592,1.457918714584982,46.99999919826643
13.58279,11.24726,60.34382,4595.77993,-0.89604,34.96014,3.9679135419460203,1.4781521964635302,46.99999919826643
13.63309,11.28348,60.23237,4593.78014,-0.9569,35.02646,4.027092609834813,1.5001979563470944,46.99999919826643
13.68332,11.31976,60.11369,4591.76117,-1.01706,35.09372,4.091274679925233,1.5241074661876746,46.99999919826643
13.73349,11.35609,59.98789,4589.71999,-1.07643,35.16197,4.160608044047482,1.5499359685938146,46.99999919826643
13.78359,11.39247,59.85506,4587.65348,-1.13497,35.23131,4.2352509772555145,1.5777424251875793,46.99999919826643
13.83363,11.42891,59.71532,4585.5584,-1.1926,35.30179,4.315371541510258,1.6075894434713913,46.99999919826643
13.8836,11.4654,59.56878,4583.43141,-1.24924,35.37351,4.401147319800441,1.6395431777810408,46.99999919826643
13.9335,11.50195,59.41558,4581.26903,-1.30484,35.44653,4.492765067474643,1.6736731993977023,46.99999919826643
13.98334,11.53855,59.25586,4579.06769,-1.3593,35.52095,4.5904202661239255,1.7100523303574775,46.99999919826643
14.0331,11.57522,59.08976,4576.82365,-1.41255,35.59685,4.694316563885966,1.7487564349499554,46.99999919826643
14.08279,11.61194,58.91744,4574.53306,-1.46452,35.67432,4.8046650844760155,1.7898641623140668,46.99999919826643
14.13241,11.64872,58.73907,4572.19191,-1.51512,35.75345,4.92168358572177,1.8334566329701816,46.99999919826643
14.18195,11.68556,58.55483,4569.79607,-1.56425,35.83434,5.045595446825957,1.8796170615487768,46.99999919826643
14.23141,11.72246,58.3649,4567.34123,-1.61185,35.91708,5.17662846211883,1.9284303074315,46.99999919826643
14.2808,11.75943,58.16948,4564.82296,-1.6578,36.00179,5.315013417706444,1.9799823445152056,46.99999919826643
14.3301,11.79646,57.96879,4562.23666,-1.70201,36.08855,5.460982426255959,2.0343596408756626,46.99999919826643
14.37932,11.83355,57.76304,4559.57757,-1.7444,36.1775,5.614766994281494,2.091648438780683,46.99999919826643
14.42846,11.87071,57.55247,4556.8408,-1.78485,36.26873,5.77659579578529,2.151933925312877,46.99999919826643
14.47751,11.90794,57.33734,4554.02128,-1.82326,36.36237,5.94669212611893,2.2152992838659635,46.99999919826643
14.52647,11.94524,57.11788,4551.11381,-1.85953,36.45853,6.125271010530348,2.281824617002452,46.99999919826643
14.57534,11.98261,56.89439,4548.11304,-1.89354,36.55734,6.312535943339562,2.351585731710808,46.99999919826643
14.62411,12.02005,56.66714,4545.01348,-1.92518,36.65893,6.50867523604599,2.4246527789793384,46.99999919826643
14.67278,12.05756,56.43643,4541.80951,-1.95433,36.76342,6.713857956239057,2.5010887409335387,46.99999919826643
14.72135,12.09515,56.20258,4538.49539,-1.98088,36.87095,6.92822944409706,2.5809477606139564,46.99999919826643
14.76982,12.13282,55.96591,4535.06528,-2.00472,36.98165,7.151906399721255,2.6642733118788726,46.99999919826643
14.81818,12.17056,55.72676,4531.51327,-2.0257,37.09566,7.384971542794822,2.7510962099867586,46.99999919826643
14.86643,12.20839,55.48549,4527.83335,-2.04373,37.21311,7.627467856210153,2.841432467195978,46.99999919826643
14.91457,12.24629,55.24247,4524.01949,-2.05866,37.33416,7.879392437614661,2.9352810023038267,46.99999919826643
14.96258,12.28428,54.99808,4520.06564,-2.07038,37.45893,8.140689997276487,3.032621218430427,46.99999919826643
15.01048,12.32236,54.75271,4515.96577,-2.07877,37.58756,8.411246057426824,3.1334104695948066,46.99999919826643
15.05824,12.36052,54.50679,4511.71389,-2.0837,37.72021,8.69087992716402,3.2375814436818353,46.99999919826643
15.10588,12.39877,54.26073,4507.30411,-2.08506,37.85699,8.97933754796293,3.345039497206217,46.99999919826643
15.15338,12.43712,54.01497,4502.73068,-2.08273,37.99804,9.27628432750809,3.455659985726787,46.99999919826643
15.20074,12.47556,53.76996,4497.98801,-2.0766,38.1435,9.581298103495357,3.5692856426774906,46.99999919826643
15.24796,12.51409,53.52616,4493.07076,-2.06656,38.29348,9.893862403477625,3.6857240684825756,46.99999919826643
15.29503,12.55272,53.28405,4487.97388,-2.05252,38.44811,10.213360191004847,3.804745400829194,46.99999919826643
15.34194,12.59145,53.0441,4482.69268,-2.03438,38.60748,10.539068310941547,3.9260802454020216,46.99999919826643
15.3887,12.63028,52.80682,4477.22285,-2.01206,38.7717,10.870152866797923,4.049417953817472,46.99999919826643
15.43528,12.66921,52.57269,4471.5606,-1.98549,38.94086,11.205665778546207,4.174405341319714,46.99999919826643
15.4817,12.70825,52.34221,4465.70264,-1.95462,39.11502,11.544542779067356,4.300645940404352,46.99999919826643
15.52795,12.7474,52.11591,4459.64634,-1.91939,39.29425,11.885603109465434,4.4276998873150095,46.99999919826643
15.57401,12.78665,51.89428,4453.38972,-1.87978,39.47859,12.22755116610378,4.555084535607652,46.99999919826643
15.61989,12.82602,51.67783,4446.93157,-1.83578,39.66805,12.568980333916091,4.68227588415981,46.99999919826643
15.66557,12.86549,51.46707,4440.27146,-1.7874,39.86265,12.90837920996436,4.808710895609672,46.99999919826643
15.71106,12.90508,51.26251,4433.40989,-1.73465,40.06238,13.244140377544353,4.933790764941229,46.99999919826643
15.75634,12.94479,51.06463,4426.34825,-1.6776,40.26717,13.574571833927754,5.056885176618915,46.99999919826643
15.80142,12.98461,50.87392,4419.08892,-1.6163,40.47698,13.897911104757661,5.177337562571291,46.99999919826643
15.84628,13.02456,50.69085,4411.63531,-1.55086,40.69172,14.21234199637684,5.294471342874107,46.99999919826643
15.89092,13.06462,50.51587,4403.99188,-1.48139,40.91126,14.516013846114125,5.40759709698849,46.99999919826643
15.93533,13.1048,50.34943,4396.16415,-1.40803,41.13547,14.80706303321727,5.516020577149412,46.99999919826643
15.97952,13.1451,50.19193,4388.15872,-1.33096,41.36417,15.083636413558319,5.619051438410053,46.99999919826643
16.02347,13.18552,50.04378,4379.98329,-1.25037,41.59717,15.343916244365579,5.716012523760269,46.99999919826643
16.06718,13.22607,49.90532,4371.64658,-1.16646,41.83425,15.586146076336183,5.8062495096197795,46.99999919826643
16.11064,13.26673,49.7769,4363.15833,-1.07949,42.07515,15.808657015003496,5.889140688888506,46.99999919826643
16.15386,13.30752,49.65881,4354.52926,-0.98972,42.31961,16.00989369645982,5.964106647586742,46.99999919826643
16.19682,13.34843,49.55133,4345.77099,-0.89743,42.56732,16.1884392890259,6.030619578634881,46.99999919826643
16.23953,13.38947,49.45469,4336.89595,-0.80292,42.81797,16.343038825925156,6.088211973888483,46.99999919826643
16.28198,13.43062,49.36907,4327.91731,-0.70653,43.07122,16.47262019644588,6.13648444389851,46.99999919826643
16.32417,13.47189,49.29463,4318.84886,-0.60858,43.32671,16.5763121751924,6.17511243428175,46.99999919826643
16.36609,13.51328,49.23148,4309.70491,-0.50943,43.58408,16.653458949366296,6.20385163751532,46.99999919826643
16.40774,13.55479,49.17969,4300.50016,-0.40943,43.84295,16.70363070947725,6.222541938255107,46.99999919826643
16.44913,13.59642,49.13929,4291.24959,-0.30894,44.10293,16.726629994662577,6.231109777134254,46.99999919826643
16.49024,13.63816,49.11027,4281.9683,-0.20834,44.36362,16.72249362374285,6.229568870132187,46.99999919826643
16.53109,13.68002,49.09256,4272.6714,-0.108,44.62465,16.691490190078135,6.218019275342646,46.99999919826643
16.57166,13.72198,49.08607,4263.3739,-0.00828,44.88561,16.63411324476936,6.196644853536838,46.99999919826643
16.61196,13.76406,49.09066,4254.09054,0.09046,45.14612,16.551070431356166,6.1657092205525,46.99999919826643
16.65199,13.80624,49.10615,4244.83572,0.18787,45.4058,16.443268959057015,6.125550335693622,46.99999919826643
16.69175,13.84853,49.13233,4235.62335,0.28361,45.6643,16.31179790534672,6.076573908974925,46.99999919826643
16.73124,13.89092,49.16896,4226.46678,0.37736,45.92126,16.157907917911334,6.019245839565984,46.99999919826643
16.77046,13.93341,49.21574,4217.3787,0.46879,46.17634,15.982988938297265,5.954083917264398,46.99999919826643
16.80942,13.976,49.27237,4208.37107,0.55763,46.42923,15.78854659432101,5.881649028047265,46.99999919826643
16.84812,14.01868,49.3385,4199.45506,0.64361,46.67964,15.576177905942558,5.802536103869806,46.99999919826643
16.88655,14.06145,49.41376,4190.64096,0.72646,46.92729,15.34754692270435,5.717365046970359,46.99999919826643
16.92473,14.10432,49.49776,4181.93823,0.80598,47.17194,15.104360863038075,5.626771841134347,46.99999919826643
16.96266,14.14727,49.59009,4173.35537,0.88194,47.41336,14.84834726114526,5.531400038306,46.99999919826643
17.00033,14.19031,49.69032,4164.9,0.95417,47.65135,14.581232550615272,5.431892780422558,46.99999919826643
17.03776,14.23343,49.79801,4156.57881,1.02251,47.88572,14.304722429967859,5.328885485062258,46.99999919826643
17.07494,14.27663,49.9127,4148.39759,1.08684,48.11634,14.02048426858534,5.222999291191141,46.99999919826643
17.11189,14.3199,50.03391,4140.36124,1.14702,48.34308,13.730131726206181,5.11483532951973,46.99999919826643
17.1486,14.36325,50.16118,4132.47379,1.20299,48.56582,13.435211678503785,5.0049698519371155,46.99999919826643
17.18508,14.40668,50.29403,4124.73846,1.25466,48.78449,13.137193468014901,4.893950227198964,46.99999919826643
17.22133,14.45017,50.43197,4117.15769,1.30199,48.99902,12.837460435915593,4.782291786291257,46.99999919826643
17.25736,14.49373,50.57452,4109.73318,1.34495,49.20938,12.53730363663998,4.670475480960393,46.99999919826643
17.29318,14.53735,50.72119,4102.46593,1.38353,49.41555,12.23791759485267,4.55894630307377,46.99999919826643
17.32878,14.58104,50.87152,4095.3563,1.41774,49.61753,11.940397932627842,4.448112400681576,46.99999919826643
17.36418,14.6248,51.02502,4088.40409,1.4476,49.81532,11.645740673097762,4.33834481860752,46.99999919826643
17.39937,14.66861,51.18121,4081.60853,1.47314,50.00896,11.354843014597938,4.229977786838292,46.99999919826643
17.43436,14.71248,51.33966,4074.96838,1.49441,50.19849,11.068505365208336,4.123309478443685,46.99999919826643
17.46916,14.7564,51.49988,4068.48196,1.51148,50.38397,10.787434430080994,4.018603159687358,46.99999919826643
17.50377,14.80038,51.66145,4062.14721,1.5244,50.56545,10.512247152127749,3.9160886580367213,46.99999919826643
17.53819,14.84441,51.82393,4055.96172,1.53327,50.74303,10.24347531886534,3.8159640783339297,46.99999919826643
17.57243,14.88849,51.9869,4049.9228,1.53817,50.91678,9.981570663439214,3.7183977030614774,46.99999919826643
17.6065,14.93262,52.14993,4044.0275,1.53919,51.0868,9.726910305022013,3.6235300190337756,46.99999919826643
17.64039,14.9768,52.31264,4038.27264,1.53644,51.25318,9.47980239198119,3.5314758196255713,46.99999919826643
17.67411,15.02103,52.47464,4032.65487,1.53001,51.41603,9.240491829539891,3.4423263384763327,46.99999919826643
17.70766,15.0653,52.63554,4027.1707,1.52001,51.57546,9.009165991732749,3.3561513773440645,46.99999919826643
17.74106,15.10962,52.79499,4021.81651,1.50656,51.73157,8.785960334599885,3.2730013971677785,46.99999919826643
17.77429,15.15398,52.95265,4016.5886,1.48977,51.88449,8.57096384356382,3.19290954735871,46.99999919826643
17.80737,15.19839,53.10816,4011.4832,1.46976,52.03432,8.364224262529016,3.1158936137774873,46.99999919826643
17.8403,15.24283,53.26122,4006.49648,1.44663,52.18119,8.165753065301681,3.0419578707188197,46.99999919826643
17.87308,15.28732,53.4115,4001.6246,1.42051,52.32521,7.975530141411366,2.9710948265033243,46.99999919826643
17.90572,15.33184,53.55872,3996.8637,1.39152,52.4665,7.793508178369547,2.90328685598416,46.99999919826643
17.93821,15.37641,53.70259,3992.20994,1.35976,52.60519,7.619616730770321,2.8385077163940977,46.99999919826643
17.97057,15.42101,53.84284,3987.65946,1.32536,52.74138,7.4537659737074184,2.776723945592117,46.99999919826643
18.00279,15.46565,53.97921,3983.20848,1.28843,52.8752,7.2958501436806165,2.7178961438915796,46.99999919826643
18.03487,15.51032,54.11145,3978.85319,1.24909,53.00676,7.145750674729774,2.6619801423526734,46.99999919826643
18.06682,15.55504,54.23934,3974.58988,1.20743,53.13618,7.003339041031502,2.608928061724471,46.99999919826643
18.09864,15.59978,54.36264,3970.41485,1.16359,53.26357,6.8684793198751395,2.5586892672209065,46.99999919826643
18.13034,15.64457,54.48115,3966.32445,1.11766,53.38904,6.741030490727583,2.511211224982926,46.99999919826643
18.16191,15.68939,54.59467,3962.3151,1.06976,53.51271,6.620848487307611,2.4664402665301632,46.99999919826643
18.19336,15.73424,54.70302,3958.38326,1.01998,53.63467,6.507788020257434,2.424322267754049,46.99999919826643
18.22468,15.77912,54.806,3954.52546,0.96843,53.75504,6.401704188180357,2.384803249071728,46.99999919826643
18.25589,15.82404,54.90347,3950.73826,0.91521,53.87393,6.302453894652187,2.3478299033000947,46.99999919826643
18.28698,15.869,54.99527,3947.0183,0.86043,53.99143,6.20989708839512,2.313350057653198,46.99999919826643
18.31795,15.91398,55.08124,3943.36226,0.80418,54.10764,6.123897843102964,2.2813130760055427,46.99999919826643
18.34881,15.959,55.16126,3939.76687,0.74655,54.22267,6.044325292644472,2.2516702072799455,46.99999919826643
18.37956,16.00405,55.2352,3936.2289,0.68765,54.33662,5.9710544363697675,2.224374885445362,46.99999919826643
18.41019,16.04913,55.30295,3932.74518,0.62756,54.44957,5.903966828284981,2.199382986252574,46.99999919826643
18.44072,16.09424,55.36439,3929.31258,0.56637,54.56163,5.842951162767347,2.176653045428475,46.99999919826643
18.47113,16.13939,55.41944,3925.92799,0.50418,54.67289,5.787903768434372,2.156146442655327,46.99999919826643
18.50143,16.18456,55.468,3922.58834,0.44107,54.78344,5.7387290206756685,2.1378275552497263,46.99999919826643
18.53163,16.22977,55.51,3919.29061,0.37713,54.89337,5.69533968231088,2.121663885066642,46.99999919826643
18.56172,16.27501,55.54537,3916.03178,0.31245,55.00277,5.657657180762604,2.1076261617536214,46.99999919826643
18.5917,16.32028,55.57405,3912.80885,0.24711,55.11174,5.62561182911761,2.095688425101915,46.99999919826643
18.62158,16.36558,55.59598,3909.61885,0.1812,55.22035,5.5991429974836935,2.085828088881405,46.99999919826643
18.65135,16.41091,55.61113,3906.45882,0.11479,55.3287,5.5781992400387965,2.078025988169758,46.99999919826643
18.68101,16.45627,55.61945,3903.32578,0.04798,55.43688,5.562738382318702,2.0722664118693728,46.99999919826643
18.71058,16.50166,55.62093,3900.21679,-0.01915,55.54497,5.552727572320856,2.068537121744912,46.99999919826643
18.74003,16.54709,55.61554,3897.12886,-0.08653,55.65306,5.5481432982047965,2.0668293590171682,46.99999919826643
18.76938,16.59254,55.60327,3894.05903,-0.15407,55.76124,5.548971374490737,2.0671378392216795,46.99999919826643
18.79863,16.63802,55.58412,3891.00431,-0.22169,55.86959,5.555206897852104,2.0694607357402828,46.99999919826643
18.82777,16.68354,55.55811,3887.96167,-0.2893,55.9782,5.566854172819938,2.073799652124049,46.99999919826643
18.85681,16.72908,55.52523,3884.92808,-0.35684,56.08716,5.583926606888523,2.0801595830173722,46.99999919826643
18.88575,16.77466,55.48553,3881.90048,-0.4242,56.19656,5.606446573778525,2.088548863219888,46.99999919826643
18.91458,16.82027,55.43903,3878.87576,-0.49131,56.30648,5.634445242804737,2.0989791041214714,46.99999919826643
18.9433,16.8659,55.38576,3875.85077,-0.55809,56.41702,5.667962371560792,2.1114651164718348,46.99999919826643
18.97192,16.91157,55.32579,3872.82232,-0.62445,56.52826,5.7070460583292935,2.1260248181467913,46.99999919826643
19.00043,16.95727,55.25916,3869.78718,-0.69031,56.6403,5.751752449869502,2.142679125291475,46.99999919826643
19.02883,17.003,55.18594,3866.74204,-0.75558,56.75324,5.802145399466316,2.1614518249345913,46.99999919826643
19.05713,17.04876,55.10621,3863.68354,-0.82018,56.86716,5.858296069347495,2.1823694268783718,46.99999919826643
19.08531,17.09455,55.02005,3860.60828,-0.88401,56.98216,5.920282470803749,2.205460992381207,46.99999919826643
19.11339,17.14037,54.92756,3857.51276,-0.94698,57.09834,5.988188934597648,2.2307579368710293,46.99999919826643
19.14135,17.18623,54.82883,3854.39342,-1.00902,57.21581,6.062105503515523,2.2582938036549156,46.99999919826643
19.16921,17.23211,54.72397,3851.24662,-1.07001,57.33465,6.142127238188871,2.288104005319295,46.99999919826643
19.19695,17.27803,54.61311,3848.06867,-1.12987,57.45498,6.228353426696015,2.320225529285768,46.99999919826643
19.22457,17.32398,54.49638,3844.85576,-1.18851,57.5769,6.320886687823437,2.3546966037523633,46.99999919826643
19.25212,17.36993,54.37618,3841.59869,-1.20055,57.5963,6.41775845373212,2.3907838854029086,0.0
19.27963,17.41586,54.25498,3838.28966,-1.21051,57.61572,6.516854108497862,2.427699624166746,0.0
19.3071,17.46177,54.13299,3834.92692,-1.21833,57.63517,6.618018223598266,2.465385918829713,0.0
19.33454,17.50766,54.01044,3831.50883,-1.22398,57.65463,6.721085760092208,2.503781288043803,0.0
19.36193,17.55353,53.88754,3828.03382,-1.22741,57.67412,6.825876035150675,2.5428184227011585,0.0
19.38929,17.59937,53.76452,3824.50041,-1.22858,57.69362,6.932192335276713,2.58242404184832,0.0
19.4166,17.64519,53.64161,3820.90724,-1.22746,57.71314,7.039821647362093,2.6225187924977598,0.0
19.44388,17.69098,53.51904,3817.25304,-1.22402,57.73268,7.148534524415062,2.6630171996079373,0.0
19.47112,17.73675,53.39706,3813.53669,-1.21823,57.75223,7.25808510263496,2.70382767244404,0.0
19.49831,17.78249,53.27589,3809.75721,-1.21007,57.77181,7.368211286100082,2.7448525733790743,0.0
19.52546,17.8282,53.15577,3805.91374,-1.19954,57.79139,7.478635114404271,2.785988354848168,0.0
19.55258,17.87388,53.03695,3802.00559,-1.18662,57.811,7.58906332728487,2.8271257696873393,0.0
19.57965,17.91954,52.91965,3798.03226,-1.17131,57.83061,7.699188138441049,2.8681501594011847,0.0
19.60667,17.96517,52.80411,3793.99338,-1.15363,57.85024,7.80868822840371,2.9089418240330405,0.0
19.63366,18.01077,52.69057,3789.88882,-1.13359,57.86989,7.917229963508908,2.9493764762646575,0.0
19.6606,18.05633,52.57925,3785.71859,-1.1112,57.88955,8.024468844639447,2.9893257811105625,0.0
19.68749,18.10186,52.47039,3781.48294,-1.0865,57.90922,8.13005118563724,3.0286579811708267,0.0
19.71434,18.14737,52.36421,3777.18232,-1.05953,57.9289,8.233616017011897,3.0672386058125984,0.0
19.74115,18.19283,52.26093,3772.81738,-1.03033,57.94859,8.334797206010194,3.104931260951771,0.0
19.76791,18.23827,52.16076,3768.389,-0.99896,57.96829,8.433225779250716,3.1415984942954935,0.0
19.79463,18.28366,52.0639,3763.89828,-0.96548,57.98801,8.528532429160222,3.177102729055665,0.0
19.8213,18.32902,51.97056,3759.34654,-0.92996,58.00773,8.620350180426396,3.211307257272747,0.0
19.84792,18.37435,51.88092,3754.73533,-0.89248,58.02746,8.708317187828477,3.2440772820812875,0.0
19.8745,18.41964,51.79516,3750.06641,-0.85313,58.0472,8.792079632211928,3.275280996536676,0.0
19.90103,18.46489,51.71347,3745.34177,-0.81201,58.06695,8.871294677283315,3.3047906850990425,0.0
19.92751,18.5101,51.63598,3740.5636,-0.76921,58.0867,8.9456334463362,3.3324838325419748,0.0
19.95395,18.55527,51.56286,3735.73431,-0.72486,58.10646,9.014783975319446,3.358244224048154,0.0
19.98033,18.6004,51.49424,3730.85649,-0.67908,58.12623,9.078454096803977,3.3819630195628627,0.0
20.00667,18.64548,51.43025,3725.93295,-0.63197,58.146,9.136374208563065,3.403539785162981,0.0
20.03296,18.69053,51.37099,3720.96664,-0.58369,58.16578,9.18829988076143,3.4228834643035344,0.0
20.05919,18.73553,51.31656,3715.96069,-0.53437,58.18557,9.234014257197014,3.4399132723434236,0.0
20.08538,18.7805,51.26705,3710.91839,-0.48415,58.20535,9.273330208580397,3.4545594986986736,0.0
20.11152,18.82541,51.22251,3705.84314,-0.43318,58.22515,9.306092199579055,3.466764202365537,0.0
20.13761,18.87029,51.18301,3700.73848,-0.3816,58.24494,9.332177836099675,3.4764817883238717,0.0
20.16365,18.91512,51.14858,3695.60801,-0.32959,58.26474,9.35149906497568,3.4836794544523118,0.0
20.18964,18.9599,51.11924,3690.45546,-0.27728,58.28454,9.364003004715444,3.4883375010038296,0.0
20.21557,19.00464,51.095,3685.28457,-0.22484,58.30435,9.369672393006011,3.4904494973126483,0.0
20.24146,19.04934,51.07585,3680.09916,-0.17243,58.32416,9.368525644186693,3.490022303204675,0.0
20.2673,19.09398,51.06176,3674.90304,-0.12021,58.34397,9.360616517445695,3.487075945392005,0.0
20.29308,19.13859,51.0527,3669.70004,-0.06833,58.36379,9.346033404130834,3.481643351977415,0.0
20.31881,19.18314,51.04861,3664.49395,-0.01695,58.3836,9.324898249770344,3.4737699508787525,0.0
20.3445,19.22765,51.04942,3659.28856,0.03378,58.40342,9.297365133199207,3.4635131405161075,0.0
20.37013,19.27211,51.05505,3654.08755,0.0837,58.42324,9.26361853121522,3.450941643350535,0.0
20.39571,19.31653,51.0654,3648.89458,0.13269,58.44307,9.22387130245642,3.436134754825352,0.0
20.42124,19.3609,51.08036,3643.71318,0.18058,58.46289,9.178362428399863,3.419181501828743,0.0
20.44672,19.40522,51.09981,3638.5468,0.22725,58.48272,9.127354552534062,3.4001797259707445,0.0
20.47215,19.4495,51.12361,3633.39875,0.27257,58.50255,9.071131360942633,3.379235107781735,0.0
20.49753,19.49373,51.15162,3628.27222,0.31641,58.52239,9.009994848354998,3.3564601482443823,0.0
20.52286,19.53792,51.18367,3623.17026,0.35867,58.54222,8.94426251377003,3.3319731240896693,0.0
20.54813,19.58206,51.2196,3618.09576,0.39922,58.56206,8.874264528531567,3.3058970328305057,0.0
20.57336,19.62615,51.25924,3613.05146,0.43798,58.58191,8.800340917808253,3.278358542788812,0.0
20.59854,19.6702,51.30239,3608.03991,0.47484,58.60175,8.722838793575445,3.2494869623084752,0.0
20.62367,19.7142,51.34888,3603.06352,0.50972,58.6216,8.642109673805836,3.219413241083317,0.0
20.64875,19.75816,51.39849,3598.12449,0.54255,58.64146,8.558506918556722,3.188269015032143,0.0
20.67378,19.80208,51.45102,3593.22486,0.57325,58.66132,8.47238330942083,3.156185704580486,0.0
20.69876,19.84595,51.50627,3588.36649,0.60177,58.68118,8.384088794227996,3.123293674502643,0.0
20.7237,19.88978,51.56401,3583.55106,0.62805,58.70105,8.29396841435099,3.0897214617885544,0.0
20.74858,19.93356,51.62403,3578.78006,0.65204,58.72092,8.202360427408333,3.055595076301214,0.0
20.77342,19.9773,51.68612,3574.05481,0.67372,58.7408,8.109594633836604,3.0210373773808175,0.0
20.79822,20.02101,51.75003,3569.37647,0.69305,58.76068,8.015990911661197,2.9861675280083233,0.0
20.82296,20.06467,51.81556,3564.746,0.71,58.78057,7.921857960069065,2.951100526753234,0.0
20.84766,20.10829,51.88248,3560.16423,0.72458,58.80047,7.827492248944626,2.9159468164480886,0.0
20.87231,20.15186,51.95055,3555.63181,0.73676,58.82037,7.733177168637005,2.8808119674543855,0.0
20.89692,20.1954,52.01956,3551.14924,0.74656,58.84028,7.639182371643987,2.845796432422533,0.0
20.92148,20.23891,52.08929,3546.71687,0.75397,58.8602,7.5457632958849254,2.810995368698466,0.0
20.946,20.28237,52.1595,3542.33492,0.75901,58.88013,7.453160857537993,2.7764985238974416,0.0
20.97047,20.32579,52.22999,3538.00346,0.76169,58.90006,7.3616013002747165,2.7423901797399317,0.0
20.9949,20.36918,52.30053,3533.72244,0.76205,58.92001,7.271296186822957,2.708749148908614,0.0
21.01928,20.41253,52.37091,3529.49168,0.7601,58.93996,7.182442518396592,2.6756488195390737,0.0
21.04362,20.45585,52.44093,3525.31092,0.75589,58.95993,7.095222967312458,2.643157241875729,0.0
21.06792,20.49913,52.51037,3521.17975,0.74945,58.9799,7.009806208288235,2.6113372516890148,0.0
21.09217,20.54237,52.57903,3517.09767,0.74082,58.99988,6.926347334229413,2.580246625166967,0.0
21.11639,20.58558,52.64672,3513.06411,0.73005,59.01988,6.844988342896844,2.549938260211688,0.0
21.14056,20.62876,52.71325,3509.07839,0.71719,59.03988,6.7658586815153825,2.5204603793203977,0.0
21.16469,20.67191,52.77843,3505.13975,0.7023,59.0599,6.68907583722297,2.491856749543252,0.0
21.18878,20.71502,52.84208,3501.24736,0.68541,59.07993,6.6147459621274765,2.464166915333463,0.0
21.21282,20.7581,52.90403,3497.4003,0.66661,59.09997,6.542964522697704,2.437426440462532,0.0
21.23683,20.80115,52.9641,3493.59763,0.64594,59.12003,6.473816964187966,2.4116671555358926,0.0
21.2608,20.84417,53.02213,3489.83829,0.62348,59.14009,6.407379381731923,2.3869174079930153,0.0
21.28473,20.88715,53.07797,3486.12121,0.59927,59.16017,6.3437191907381845,2.3632023118474144,0.0
21.30861,20.93011,53.13147,3482.44525,0.57341,59.18027,6.2828957900794915,2.3405439947420636,0.0
21.33246,20.97304,53.18248,3478.80921,0.54594,59.20037,6.2249612124904825,2.3189618402396794,0.0
21.35627,21.01594,53.23086,3475.21187,0.51694,59.2205,6.169960757362501,2.2984727235554367,0.0
21.38004,21.05881,53.2765,3471.65196,0.48649,59.24063,6.117933601899468,2.2790912392286096,0.0
21.40378,21.10166,53.31925,3468.12816,0.45465,59.26078,6.068913387281904,2.260829919484095,0.0
21.42747,21.14447,53.35902,3464.63912,0.4215,59.28095,6.022928777100152,2.2436994422634795,0.0
21.45113,21.18726,53.39568,3461.18346,0.38711,59.30113,5.980003985882446,2.227708828115654,0.0
21.47475,21.23003,53.42914,3457.75977,0.35156,59.32132,5.940159276033887,2.212865625319654,0.0
21.49833,21.27276,53.4593,3454.36661,0.31493,59.34153,5.9034114218981,2.1991760827598394,0.0
21.52187,21.31547,53.48607,3451.00251,0.27728,59.36176,5.869774140051393,2.1866453102217895,0.0
21.54538,21.35816,53.50938,3447.66597,0.2387,59.382,5.839258485230184,2.175277425885689,0.0
21.56885,21.40082,53.52914,3444.35547,0.19926,59.40225,5.811873211527792,2.165075690881631,0.0
21.59229,21.44345,53.54529,3441.06948,0.15904,59.42253,5.787625098720367,2.156042630854619,0.0
21.61569,21.48606,53.55777,3437.8064,0.11813,59.44282,5.766519243751682,2.1481801445503175,0.0
21.63905,21.52865,53.56654,3434.56467,0.07659,59.46312,5.7485593174750065,2.1414895994581555,0.0
21.66238,21.57121,53.57153,3431.34267,0.0345,59.48344,5.733747786901418,2.1359719146046694,0.0
21.68567,21.61375,53.57272,3428.13877,-0.00805,59.50378,5.722086103203331,2.1316276305897675,0.0
21.70892,21.65626,53.57008,3424.95131,-0.05098,59.52413,5.713574855791261,2.1284569669843743,0.0
21.73214,21.69875,53.56357,3421.77862,-0.09423,59.54451,5.708213892757771,2.126459867198972,0.0
21.75533,21.74121,53.55319,3418.61901,-0.1377,59.56489,5.706002408005261,2.1256360309409965,0.0
21.77847,21.78366,53.53892,3415.47077,-0.18133,59.5853,5.7069389953263,2.125984934361179,0.0
21.80159,21.82608,53.52077,3412.33217,-0.22502,59.60572,5.711021669697619,2.1275058379861234,0.0
21.82466,21.86847,53.49872,3409.20145,-0.26871,59.62615,5.71824785599905,2.130197782515811,0.0
21.84771,21.91084,53.4728,3406.07686,-0.31231,59.6466,5.728614345342157,2.134059572554869,0.0
21.87071,21.95319,53.44303,3402.95659,-0.35574,59.66707,5.742117219171095,2.1390897483381406,0.0
21.89369,21.99552,53.40943,3399.83886,-0.39892,59.68756,5.758751741259047,2.145286545496521,0.0
21.91662,22.03782,53.37203,3396.72184,-0.44177,59.70806,5.778512217716205,2.152647842906239,0.0
21.93953,22.0801,53.33087,3393.6037,-0.48422,59.72858,5.801391825140124,2.1611710986703505,0.0
21.96239,22.12236,53.28601,3390.48257,-0.52619,59.74911,5.827382407041605,2.1708532742820195,0.0
21.98523,22.16459,53.23748,3387.35659,-0.56758,59.76966,5.856474238736901,2.1816907470406774,0.0
22.00802,22.2068,53.18536,3384.22389,-0.60833,59.79022,5.888655760955016,2.1936792108137357,0.0
22.03078,22.24899,53.12971,3381.08255,-0.64836,59.8108,5.923913282517944,2.20681356527715,0.0
22.05351,22.29115,53.07061,3377.93068,-0.68759,59.8314,5.962230652585466,2.221087793817985,0.0
22.0762,22.33329,53.00813,3374.76636,-0.72593,59.85201,6.003588903096944,2.2364948303345744,0.0
22.09886,22.37541,52.94237,3371.58767,-0.76332,59.87264,6.047965862304106,2.253026415267312,0.0
22.12148,22.4175,52.87342,3368.39267,-0.79966,59.89328,6.095335740480258,2.270672941264435,0.0
22.14406,22.45957,52.80137,3365.17942,-0.8349,59.91393,6.145668689245977,2.2894232890192523,0.0
22.16661,22.50161,52.72635,3361.94599,-0.86894,59.9346,6.198930336241354,2.309264653923304,0.0
22.18913,22.54363,52.64846,3358.69045,-0.90171,59.95528,6.255081297332135,2.3301823643503234,0.0
22.21161,22.58562,52.56782,3355.41085,-0.93314,59.97598,6.3140766689084415,2.3521596925241455,0.0
22.23405,22.62759,52.48457,3352.10529,-0.96316,59.99669,6.375865503387158,2.375177659129548,0.0
22.25645,22.66953,52.39883,3348.77184,-0.99169,60.01741,6.4403902715522205,2.3992148330198613,0.0
22.27882,22.71144,52.31074,3345.40861,-1.01866,60.03814,6.507586315921397,2.4242471275817152,0.0
22.30116,22.75333,52.22045,3342.01372,-1.044,60.05889,6.577381300001196,2.4502475955679937,0.0
22.32345,22.79519,52.12811,3338.58533,-1.06765,60.07965,6.649694658904969,2.477186224438633,0.0
22.34571,22.83702,52.03388,3335.12161,-1.08953,60.10041,6.724437057516092,2.5050297345121417,0.0
22.36794,22.87883,51.93792,3331.62079,-1.10959,60.12119,6.801509863057252,2.533741382483785,0.0
22.39012,22.92061,51.84039,3328.08111,-1.12776,60.14199,6.880804639611733,2.563280773121467,0.0
22.41227,22.96235,51.74147,3324.50089,-1.14398,60.16279,6.962202672841606,2.5936036822107456,0.0
22.43438,23.00407,51.64133,3320.87849,-1.1582,60.1836,7.045574533759872,2.624661894048484,0.0
22.45645,23.04576,51.54015,3317.21233,-1.17038,60.20442,7.1307796910136005,2.6564030570081107,0.0
22.47848,23.08742,51.43812,3313.5009,-1.18044,60.22524,7.217666181628263,2.688770560883229,0.0
22.50048,23.12905,51.33543,3309.74278,-1.18837,60.24608,7.306070350581828,2.7217034398721083,0.0
22.52244,23.17064,51.23226,3305.93661,-1.1941,60.26692,7.395816669806592,2.755136305151109,0.0
22.54435,23.2122,51.12881,3302.08114,-1.19762,60.28778,7.486717647400101,2.788999311053357,0.0
22.56623,23.25373,51.02528,3298.17521,-1.19888,60.30863,7.578573837662959,2.8232181588080953,0.0
22.58807,23.29523,50.92186,3294.21778,-1.19786,60.3295,7.6711739623714,2.8577141417179064,0.0
22.60987,23.33669,50.81875,3290.20791,-1.19454,60.35037,7.764295153136108,2.8924042354437502,0.0
22.63162,23.37812,50.71615,3286.14479,-1.1889,60.37124,7.857703323911425,2.9272012367744438,0.0
22.65334,23.41951,50.61426,3282.02773,-1.18094,60.39212,7.951153681697769,2.9620139538767534,0.0
22.67502,23.46087,50.51329,3277.85621,-1.17066,60.413,8.044391382084251,2.9967474505022604,0.0
22.69665,23.50218,50.41343,3273.62983,-1.15806,60.43389,8.137152334705439,3.0313033460412075,0.0
22.71825,23.54346,50.31487,3269.34833,-1.14314,60.45477,8.229164161692465,3.065580172570747,0.0
22.7398,23.5847,50.21782,3265.01164,-1.12594,60.47567,8.320147310048611,3.09947378924412,0.0
22.76131,23.62591,50.12246,3260.61983,-1.10647,60.49656,8.409816316399542,3.1328778534433934,0.0
22.78278,23.66707,50.02899,3256.17315,-1.08477,60.51745,8.49788121989046,3.165684347120825,0.0
22.8042,23.70819,49.93759,3251.67201,-1.06088,60.53834,8.584049116153663,3.197784155692669,0.0
22.82558,23.74927,49.84843,3247.11701,-1.03485,60.55924,8.668025842313545,3.2290676957478714,0.0
22.84692,23.79031,49.76171,3242.50892,-1.00674,60.58013,8.749517779949107,3.2594255866990434,0.0
22.86821,23.83131,49.67758,3237.84869,-0.9766,60.60102,8.828233759947569,3.2887493603905535,0.0
22.88946,23.87226,49.5962,3233.13745,-0.94452,60.62191,8.90388705028797,3.3169322016002223,0.0
22.91067,23.91317,49.51774,3228.37651,-0.91058,60.6428,8.976197405074538,3.34386971135816,0.0
22.93183,23.95403,49.44233,3223.56734,-0.87485,60.66368,9.044893150733264,3.3694606841098858,0.0
22.95295,23.99485,49.37013,3218.7116,-0.83744,60.68456,9.10971328320129,3.393607888974555,0.0
22.97402,24.03562,49.30125,3213.81112,-0.79845,60.70544,9.170409548347873,3.416218844756509,0.0
22.99504,24.07634,49.23581,3208.86788,-0.75799,60.72631,9.226748476757262,3.4372065779554273,0.0
23.01602,24.11702,49.17393,3203.88401,-0.71616,60.74718,9.278513343534058,3.4564903528454005,0.0
23.03696,24.15765,49.1157,3198.86179,-0.67311,60.76805,9.32550602385254,3.4739963627158694,0.0
23.05784,24.19822,49.06122,3193.80365,-0.62894,60.7889,9.367548715809141,3.4896583716795053,0.0
23.07868,24.23876,49.01055,3188.71214,-0.5838,60.80975,9.404485503570474,3.5034182969859784,0.0
23.09948,24.27924,48.96377,3183.5899,-0.53782,60.8306,9.436183735862887,3.515226722545588,0.0
23.12023,24.31967,48.92092,3178.43972,-0.49114,60.85144,9.462535197617733,3.5250433353979567,0.0
23.14093,24.36005,48.88205,3173.26443,-0.4439,60.87227,9.483457055807472,3.532837278060854,0.0
23.16158,24.40037,48.84717,3168.06697,-0.39625,60.8931,9.498892564269937,3.5385874110957922,0.0
23.18219,24.44065,48.81632,3162.85032,-0.34833,60.91391,9.50881151642931,3.542282481758497,0.0
23.20275,24.48088,48.78949,3157.61753,-0.30031,60.93472,9.513210439255,3.5439211962536925,0.0
23.22326,24.52105,48.76666,3152.37166,-0.25231,60.95552,9.512112526299854,3.543512194790072,0.0
23.24372,24.56117,48.74783,3147.1158,-0.2045,60.97632,9.505567312314001,3.5410739303653975,0.0
23.26414,24.60124,48.73295,3141.85303,-0.15703,60.9971,9.493650096359644,3.5366344538615753,0.0
23.28451,24.64126,48.72198,3136.58644,-0.11003,61.01788,9.476461124683306,3.5302311096430756,0.0
23.30483,24.68122,48.71486,3131.31907,-0.06365,61.03865,9.454124548534132,3.521910147316819,0.0
23.32511,24.72113,48.71152,3126.05395,-0.01804,61.05941,9.42678717567311,3.5117262566365195,0.0
23.34533,24.76099,48.71188,3120.79401,0.02668,61.08016,9.39461703729834,3.4997420336446337,0.0
23.36552,24.80079,48.71585,3115.54217,0.07036,61.10091,9.35780179466178,3.4860273870951826,0.0
23.38565,24.84054,48.72332,3110.30124,0.11288,61.12164,9.316547011416352,3.470658894857585,0.0
23.40573,24.88024,48.73419,3105.07394,0.15412,61.14237,9.271074319029136,3.4537191204848026,0.0
23.42577,24.91988,48.74834,3099.86291,0.19395,61.16309,9.221619503127862,3.4352959003270573,0.0
23.44577,24.95947,48.76563,3094.67067,0.23227,61.1838,9.16843053867728,3.415481611583334,0.0
23.46571,24.99901,48.78593,3089.49964,0.26898,61.2045,9.11176560125017,3.394372431447502,0.0
23.48561,25.0385,48.80909,3084.3521,0.30397,61.2252,9.051891080550464,3.372067597093407,0.0
23.50546,25.07793,48.83497,3079.23022,0.33716,61.24589,8.989079620745144,3.3486686756469544,0.0
23.52527,25.11732,48.8634,3074.13603,0.36847,61.26657,8.92360821021917,3.32427885256954,0.0
23.54503,25.15665,48.89422,3069.07142,0.3978,61.28724,8.855756341047789,3.2990022460130777,0.0
23.56475,25.19593,48.92726,3064.03816,0.42511,61.30791,8.78580425598623,3.2729432537775165,0.0
23.58442,25.23516,48.96236,3059.03787,0.45032,61.32857,8.714031298130049,3.246205938515913,0.0
23.60404,25.27434,48.99933,3054.072,0.47339,61.34922,8.640714375614483,3.218893455794533,0.0
23.62362,25.31346,49.038,3049.14192,0.49427,61.36987,8.566126551027237,3.1911075286120063,0.0
23.64316,25.35254,49.07818,3044.2488,0.51292,61.39051,8.490535762521137,3.1629479709801376,0.0
23.66265,25.39157,49.1197,3039.39371,0.52931,61.41115,8.414203681016119,3.134512262201579,0.0
23.68209,25.43055,49.16236,3034.57755,0.54342,61.43178,8.337384705538948,3.105895172607442,0.0
23.7015,25.46948,49.20598,3029.80113,0.55523,61.45241,8.260325096500967,3.077188440680453,0.0
23.72086,25.50836,49.25037,3025.06508,0.56473,61.47303,8.183262244759689,3.048480500761166,0.0
23.74017,25.5472,49.29536,3020.36993,0.57192,61.49365,8.106424072574818,3.0198562598883147,0.0
23.75945,25.58599,49.34076,3015.71607,0.5768,61.51426,8.03002856107974,2.9913969217695153,0.0
23.77868,25.62473,49.38638,3011.10379,0.57938,61.53487,7.954283397693417,2.963179855432916,0.0
23.79787,25.66343,49.43204,3006.53325,0.57968,61.55548,7.879385735858478,2.935278505723315,0.0
23.81701,25.70208,49.47757,3002.00449,0.57772,61.57609,7.805522058808326,2.9077623425518238,0.0
23.83612,25.74068,49.52279,2997.51745,0.57353,61.59669,7.732868138505576,2.8806968455993562,0.0
23.85518,25.77924,49.56753,2993.07198,0.56713,61.6173,7.661589080609662,2.8541435210682415,0.0
23.87421,25.81776,49.61161,2988.66782,0.55857,61.6379,7.591839446131504,2.828159947001793,0.0
23.89319,25.85623,49.65488,2984.30461,0.54788,61.6585,7.523763440554676,2.8027998437369175,0.0
23.91213,25.89467,49.69717,2979.98191,0.53511,61.67909,7.457495161265733,2.7781131660784197,0.0
23.93104,25.93305,49.73832,2975.69919,0.52032,61.69969,7.393158894474702,2.754146213909702,0.0
23.9499,25.9714,49.77819,2971.45586,0.50354,61.72029,7.330869453165012,2.730941758088004,0.0
23.96872,26.0097,49.81662,2967.25123,0.48485,61.74089,7.270732548036268,2.708539178630343,0.0
23.98751,26.04797,49.85347,2963.08455,0.4643,61.76149,7.2128451839161025,2.6869746123873646,0.0
24.00625,26.08619,49.8886,2958.955,0.44194,61.78209,7.157296074669198,2.6662811076078636,0.0
24.02496,26.12437,49.9219,2954.86169,0.41786,61.80269,7.104166070131731,2.6464887829831047,0.0
24.04363,26.16251,49.95321,2950.80369,0.39211,61.82329,7.053528589233721,2.6276249889962875,0.0
24.06226,26.20062,49.98244,2946.77999,0.36477,61.84389,7.0054500539773645,2.609714469590898,0.0
24.08085,26.23868,50.00946,2942.78955,0.33591,61.8645,6.959990319514383,2.592779522385836,0.0
24.0994,26.2767,50.03416,2938.83125,0.3056,61.8851,6.917203096098621,2.576840155863862,0.0
24.11792,26.31469,50.05645,2934.90395,0.27392,61.90571,6.87713635917121,2.5619142421391055,0.0
24.1364,26.35264,50.07622,2931.00646,0.24094,61.92632,6.8398327443203835,2.548017664089994,0.0
24.15485,26.39055,50.0934,2927.13753,0.20676,61.94694,6.805329924314753,2.5351644558140656,0.0
24.17325,26.42843,50.10788,2923.29588,0.17144,61.96755,6.773660965779768,2.523366935499335,0.0
24.19162,26.46627,50.11961,2919.48021,0.13507,61.98817,6.744854663482449,2.512635829954155,0.0
24.20996,26.50407,50.12851,2915.68916,0.09773,62.0088,6.718935850516745,2.502980390159418,0.0
24.22826,26.54183,50.13451,2911.92134,0.05951,62.02942,6.695925682971471,2.4944084973148573,0.0
24.24652,26.57956,50.13756,2908.17534,0.02049,62.05005,6.675841897948558,2.486926758957635,0.0
24.26474,26.61725,50.13762,2904.4497,-0.01924,62.07069,6.658699044016612,2.4805405948123513,0.0
24.28293,26.65491,50.13462,2900.74296,-0.0596,62.09133,6.644508683411084,2.475254312115934,0.0
24.30109,26.69253,50.12855,2897.05361,-0.1005,62.11197,6.633279565455268,2.471071170221517,0.0
24.31921,26.73012,50.11937,2893.38011,-0.14186,62.13261,6.625017770848705,2.467993434349673,0.0
24.33729,26.76767,50.10705,2889.72092,-0.18357,62.15326,6.619726826622994,2.466022418412475,0.0
24.35534,26.80519,50.09159,2886.07444,-0.22557,62.17391,6.6174077916677065,2.4651585168741486,0.0
24.37335,26.84267,50.07297,2882.43909,-0.26775,62.19457,6.618059312848743,2.465401225656638,0.0
24.39133,26.88012,50.05118,2878.81323,-0.31003,62.21523,6.621677651871292,2.4667491521467677,0.0
24.40928,26.91753,50.02624,2875.19522,-0.35232,62.23589,6.628256683107105,2.4692000143868373,0.0
24.42719,26.95491,49.99815,2871.58342,-0.39454,62.25656,6.637787862722009,2.472750629573818,0.0
24.44506,26.99225,49.96692,2867.97613,-0.43658,62.27723,6.6502601695429355,2.4773968920307556,0.0
24.4629,27.02956,49.9326,2864.37166,-0.47838,62.29791,6.665660018191949,2.483133740846918,0.0
24.48071,27.06683,49.89519,2860.76831,-0.51983,62.31859,6.683971145152683,2.4899551174345387,0.0
24.49848,27.10407,49.85474,2857.16437,-0.56085,62.33927,6.705174468527101,2.4978539132845237,0.0
24.51621,27.14127,49.8113,2853.55809,-0.60135,62.35996,6.72924792241289,2.5068219082676726,0.0
24.53391,27.17844,49.76492,2849.94774,-0.64124,62.38064,6.756166266942489,2.516849699869219,0.0
24.55158,27.21558,49.71564,2846.33157,-0.68044,62.40134,6.785900875245877,2.5279266238268607,0.0
24.56921,27.25268,49.66353,2842.70784,-0.71886,62.42203,6.818419498746855,2.540040666697455,0.0
24.58681,27.28974,49.60867,2839.07478,-0.75642,62.44273,6.853686012427214,2.5531783709612093,0.0
24.60437,27.32677,49.55112,2835.43066,-0.79303,62.46343,6.89166014195254,2.5673247333688742,0.0
24.6219,27.36377,49.49096,2831.7737,-0.82861,62.48413,6.932297174775575,2.5824630973201383,0.0
24.63939,27.40073,49.42829,2828.10218,-0.86307,62.50484,6.975547657629116,2.5985750401717755,0.0
24.65685,27.43765,49.3632,2824.41435,-0.89634,62.52554,7.0213570831319885,2.6156402564901216,0.0
24.67427,27.47454,49.29577,2820.70848,-0.92833,62.54625,7.069665568530957,2.6336364383739865,0.0
24.69166,27.51139,49.22613,2816.98287,-0.95897,62.56696,7.120407529964682,2.6525391541094065,0.0
24.70901,27.5482,49.15437,2813.23583,-0.98818,62.58767,7.173511355959422,2.6723217265382013,0.0
24.72633,27.58498,49.08062,2809.46568,-1.0159,62.60838,7.228899084264868,2.69295511267082,0.0
24.74361,27.62171,49.00498,2805.67079,-1.04203,62.62909,7.286486086474527,2.714407786199138,0.0
24.76086,27.65842,48.92759,2801.84954,-1.06653,62.6498,7.346180765233675,2.736645624698448,0.0
24.77807,27.69508,48.84857,2798.00036,-1.08932,62.67051,7.407884269220815,2.7596318034505565,0.0
24.79525,27.7317,48.76805,2794.12171,-1.11033,62.69122,7.4714902313823215,2.7833266979293048,0.0
24.81239,27.76829,48.68618,2790.21212,-1.12951,62.71193,7.536884536212454,2.8076877971062437,0.0
24.82949,27.80483,48.6031,2786.27013,-1.1468,62.73264,7.603945122126816,2.832669629829552,0.0
24.84656,27.84134,48.51894,2782.29438,-1.16215,62.75334,7.672541825174837,2.858223706602823,0.0
24.86359,27.87781,48.43385,2778.28354,-1.1755,62.77405,7.742536270464151,2.884298479137787,0.0
24.88059,27.91423,48.348,2774.23636,-1.18682,62.79475,7.813781817736898,2.9108393200800537,0.0
24.89755,27.95062,48.26152,2770.15167,-1.19605,62.81544,7.8861235674590064,2.93778852527753,0.0
24.91447,27.98696,48.17458,2766.02837,-1.20317,62.83613,7.959398433689895,2.9650853409263003,0.0
24.93135,28.02326,48.08733,2761.86544,-1.20814,62.85682,8.033435289670646,2.9926660178060516,0.0
24.9482,28.05952,47.99994,2757.66195,-1.21094,62.8775,8.108055191687782,3.0204638946752205,0.0
24.96501,28.09573,47.91255,2753.41709,-1.21154,62.89818,8.183071686258119,3.0484095127054345,0.0
24.98178,28.1319,47.82534,2749.13013,-1.20994,62.91886,8.258291204935063,3.0764307625572465,0.0
24.99852,28.16803,47.73846,2744.80045,-1.20612,62.93952,8.33351355024426,3.1044530654039453,0.0
25.01522,28.20411,47.65206,2740.42754,-1.20008,62.96018,8.408532475244824,3.132399588833367,0.0
25.03187,28.24014,47.56632,2736.01101,-1.19182,62.98083,8.483136358070622,3.1601914981322716,0.0
25.04849,28.27613,47.48139,2731.5506,-1.18135,63.00148,8.5571089715511,3.1877482429903488,0.0
25.06507,28.31207,47.39743,2727.04616,-1.1687,63.02211,8.630230346582328,3.2149878791286493,0.0
25.08162,28.34797,47.31458,2722.49768,-1.15388,63.04274,8.702277726435177,3.24182742380449,0.0
25.09812,28.38381,47.233,2717.90528,-1.13693,63.06336,8.77302660757108,3.2681832435427096,0.0
25.11458,28.41961,47.15284,2713.2692,-1.11788,63.08397,8.842251860918566,3.2939714718406856,0.0
25.13101,28.45536,47.07425,2708.58985,-1.09678,63.10456,8.909728925855658,3.3191084539581825,0.0
25.14739,28.49105,46.99735,2703.86773,-1.07369,63.12515,8.975235067523299,3.3435112152996984,0.0
25.16374,28.5267,46.92229,2699.10353,-1.04866,63.14573,9.038550686466698,3.3670979492903106,0.0
25.18004,28.5623,46.8492,2694.29803,-1.02176,63.16629,9.099460668130959,3.389788520098319,0.0
25.19631,28.59784,46.7782,2689.45219,-0.99306,63.18684,9.157755758321523,3.41150497503044,0.0
25.21253,28.63333,46.7094,2684.56706,-0.96265,63.20738,9.213233949632544,3.4321720610128605,0.0
25.22871,28.66877,46.64293,2679.64386,-0.93061,63.22791,9.265701862826136,3.451717739191355,0.0
25.24485,28.70416,46.57887,2674.68392,-0.89704,63.24842,9.314976106476017,3.470073691434313,0.0
25.26095,28.73949,46.51733,2669.68869,-0.86204,63.26892,9.360884597799894,3.4871758123775627,0.0
25.27701,28.77477,46.4584,2664.65975,-0.82571,63.2894,9.403267827507975,3.5029646806137116,0.0
25.29303,28.80999,46.40216,2659.59879,-0.78816,63.30987,9.441980051729667,3.5173860027162136,0.0
25.30901,28.84515,46.34867,2654.50761,-0.74951,63.33033,9.476890394720884,3.5303910240268483,0.0
25.32494,28.88026,46.29801,2649.38809,-0.70988,63.35076,9.507883846945807,3.5419369004674395,0.0
25.34083,28.91532,46.25022,2644.24222,-0.6694,63.37119,9.534862144410932,3.5519870261149253,0.0
25.35668,28.95031,46.20535,2639.07206,-0.62819,63.39159,9.55774451675412,3.560511311884215,0.0
25.37249,28.98525,46.16343,2633.87976,-0.58638,63.41198,9.576468293350443,3.567486411318557,0.0
25.38826,29.02013,46.12449,2628.66752,-0.54412,63.43236,9.590989358905057,3.572895890309881,0.0
25.40398,29.05496,46.08854,2623.4376,-0.50153,63.45271,9.601282452204458,3.5767303383914917,0.0
25.41966,29.08972,46.0556,2618.19229,-0.45875,63.47305,9.607341304171678,3.57898742016727,0.0
25.4353,29.12443,46.02565,2612.93393,-0.41592,63.49338,9.609178613851492,3.579671866365529,0.0
25.4509,29.15907,45.99869,2607.66486,-0.37318,63.51368,9.606825863482488,3.5787954049484867,0.0
25.46645,29.19366,45.97469,2602.38747,-0.33067,63.53397,9.600332976260258,3.5763766336200615,0.0
25.48197,29.22819,45.95362,2597.10412,-0.28851,63.55424,9.589767822862669,3.572440835993543,0.0
25.49743,29.26266,45.93544,2591.81717,-0.24685,63.57449,9.575215584890937,3.567019744456648,0.0
25.51286,29.29707,45.9201,2586.52896,-0.20582,63.59472,9.55677798552218,3.5601512535693502,0.0
25.52825,29.33142,45.90754,2581.24181,-0.16555,63.61494,9.534572399355932,3.551879088458287,0.0
25.54359,29.36571,45.8977,2575.95799,-0.12615,63.63514,9.50873085497574,3.542252433244712,0.0
25.55889,29.39994,45.8905,2570.67974,-0.08777,63.65532,9.479398944865341,3.531325524959584,0.0
25.57415,29.43411,45.88586,2565.40922,-0.0505,63.67548,9.446734658224688,3.5191572187368347,0.0
25.58936,29.46823,45.88369,2560.14857,-0.01447,63.69562,9.410907152739027,3.505810530265023,0.0
25.60454,29.50228,45.88389,2554.8998,0.02023,63.71575,9.372095481569035,3.4913521615576726,0.0
25.61967,29.53627,45.88636,2549.66491,0.05347,63.73586,9.33048729167311,3.475852016044076,0.0
25.63476,29.5702,45.89099,2544.44577,0.08518,63.75595,9.286277509281119,3.4593827088736764,0.0
25.64981,29.60408,45.89767,2539.24419,0.11526,63.77602,9.23966702753582,3.4420190780279682,0.0
25.66481,29.63789,45.90627,2534.06186,0.14362,63.79608,9.190861410552769,3.4238377015487136,0.0
25.67978,29.67164,45.91668,2528.90042,0.17019,63.81612,9.140069626977482,3.4049164257546622,0.0
25.69471,29.70534,45.92876,2523.76136,0.1949,63.83614,9.087502824876323,3.3853339088561754,0.0
25.70959,29.73898,45.94239,2518.6461,0.21768,63.85615,9.033373158464856,3.365169183880666,0.0
25.72443,29.77256,45.95743,2513.55595,0.23849,63.87614,8.977892675692486,3.344501244268599,0.0
25.73923,29.80608,45.97373,2508.49212,0.25726,63.89611,8.921272274215086,3.323408654945845,0.0
25.754,29.83954,45.99117,2503.4557,0.27396,63.91607,8.863720731767488,3.3019691911118962,0.0
25.76872,29.87295,46.0096,2498.44769,0.28855,63.93601,8.805443815524267,3.280259506453348,0.0
25.7834,29.9063,46.02887,2493.46897,0.301,63.95594,8.746643473520525,3.2583548319268414,0.0
25.79804,29.93959,46.04884,2488.52032,0.31129,63.97585,8.687517109932749,3.2363287057821406,0.0
25.81265,29.97283,46.06938,2483.60244,0.3194,63.99575,8.628256944693272,3.2142527350016477,0.0
25.82721,30.00601,46.09033,2478.71588,0.32533,64.01563,8.569049456827264,3.1921963879287967,0.0
25.84174,30.03913,46.11156,2473.86112,0.32907,64.0355,8.510074909786248,3.1702268174422965,0.0
25.85622,30.0722,46.13291,2469.03854,0.33063,64.05536,8.451506956244792,3.1484087137325028,0.0
25.87067,30.10522,46.15425,2464.24842,0.33001,64.0752,8.393512318967154,3.126804185415838,0.0
25.88508,30.13818,46.17544,2459.49093,0.32724,64.09503,8.336250543759203,3.105472667502894,0.0
25.89945,30.17108,46.19635,2454.76618,0.32233,64.11484,8.27987381996905,3.084470854530184,0.0
25.91378,30.20394,46.21683,2450.07417,0.3153,64.13464,8.22452686363849,3.063852657030986,0.0
25.92808,30.23674,46.23675,2445.4148,0.3062,64.15443,8.170346858074593,3.0436691793966917,0.0
25.94234,30.26948,46.25599,2440.78792,0.29505,64.17421,8.11746344647064,3.023968717127917,0.0
25.95656,30.30218,46.27442,2436.19328,0.28191,64.19398,8.065998771080446,3.0047967714279644,0.0
25.97074,30.33482,46.29191,2431.63055,0.26681,64.21373,8.016067553486385,2.9861960791047735,0.0
25.98489,30.36741,46.30835,2427.09935,0.2498,64.23348,7.967777210534785,2.9682066557599094,0.0
25.999,30.39995,46.32362,2422.59918,0.23094,64.25321,7.921228000662624,2.950865850299105,0.0
26.01308,30.43244,46.33761,2418.12953,0.21029,64.27293,7.876513195509452,2.934208408862217,0.0
26.02712,30.46487,46.35021,2413.68978,0.18791,64.29264,7.833719271950218,2.9182665463605084,0.0
26.04112,30.49726,46.36132,2409.27928,0.16386,64.31234,7.792926119916878,2.9030700238956615,0.0
26.05509,30.5296,46.37085,2404.89729,0.13822,64.33204,7.75420726168556,2.8886462304500222,0.0
26.06903,30.56189,46.3787,2400.54303,0.11104,64.35172,7.717630078572201,2.8750202673366867,0.0
26.08292,30.59413,46.38478,2396.21568,0.08241,64.37139,7.683256041326176,2.86221503402719,0.0
26.09679,30.62632,46.38901,2391.91433,0.0524,64.39105,7.651140940770993,2.8502513140712336,0.0
26.11061,30.65846,46.39132,2387.63805,0.0211,64.41071,7.621335115624753,2.8391478599658,0.0
26.12441,30.69055,46.39162,2383.38587,-0.01143,64.43035,7.593883674649849,2.8289214759117662,0.0
26.13817,30.7226,46.38987,2379.15674,-0.0451,64.44999,7.568826710669615,2.8195870975407282,0.0
26.15189,30.75459,46.38599,2374.9496,-0.07981,64.46962,7.546199504216628,2.811157867779358,0.0
26.16558,30.78654,46.37993,2370.76334,-0.1155,64.48924,7.5260327148868615,2.803645208133857,0.0
26.17924,30.81845,46.37163,2366.59682,-0.15206,64.50885,7.508352558722682,2.797058884769794,0.0
26.19286,30.8503,46.36107,2362.44883,-0.18941,64.52845,7.493180970217094,2.7914070688629447,0.0
26.20645,30.88211,46.34819,2358.31818,-0.22747,64.54804,7.480535747742518,2.786696390775338,0.0
26.22001,30.91387,46.33297,2354.2036,-0.26613,64.56763,7.47043068148194,2.7829319877129772,0.0
26.23353,30.94559,46.31538,2350.10383,-0.30531,64.58721,7.46287566309276,2.78011754457851,0.0
26.24702,30.97726,46.2954,2346.01754,-0.34492,64.60678,7.457876776592612,2.778255327828586,0.0
26.26048,31.00888,46.27301,2341.94342,-0.38486,64.62635,7.455436370118468,2.777346212206008,0.0
26.2739,31.04045,46.2482,2337.8801,-0.42504,64.6459,7.455553108406188,2.7773897002897527,0.0
26.28729,31.07199,46.22098,2333.8262,-0.46537,64.66545,7.45822200603573,2.7783839348796797,0.0
26.30065,31.10347,46.19134,2329.78032,-0.50574,64.68499,7.463434441610006,2.780325704278532,0.0
26.31398,31.13491,46.15929,2325.74106,-0.54608,64.70452,7.471178153272522,2.783210440622135,0.0
26.32727,31.1663,46.12485,2321.70697,-0.58628,64.72405,7.481437216101468,2.7870322114581065,0.0
26.34053,31.19765,46.08803,2317.67661,-0.62625,64.74356,7.494192002073059,2.7917837048311407,0.0
26.35376,31.22895,46.04886,2313.64852,-0.66589,64.76307,7.509419123506778,2.7974562082148786,0.0
26.36695,31.2602,46.00737,2309.62124,-0.70512,64.78257,7.527091361014552,2.804039581671078,0.0
26.38011,31.29141,45.9636,2305.59328,-0.74385,64.80206,7.547177577203666,2.8115222257016783,0.0
26.39324,31.32258,45.91759,2301.56318,-0.78197,64.82155,7.569642617541398,2.819891044318269,0.0
26.40634,31.35369,45.86939,2297.52944,-0.8194,64.84102,7.594447199944677,2.8291314039113327,0.0
26.4194,31.38476,45.81904,2293.4906,-0.85606,64.86049,7.621547794884299,2.8392270885859094,0.0
26.43243,31.41579,45.76661,2289.44516,-0.89185,64.87995,7.650896497951723,2.8501602526893777,0.0
26.44543,31.44677,45.71216,2285.39166,-0.92669,64.8994,7.6824408970517775,2.8619113713372393,0.0
26.4584,31.4777,45.65575,2281.32864,-0.96049,64.91884,7.716123936523459,2.8744591897945484,0.0
26.47134,31.50858,45.59746,2277.25464,-0.99317,64.93827,7.7518837807448016,2.8877806726651265,0.0
26.48424,31.53942,45.53736,2273.16823,-1.02465,64.95769,7.7896536799143075,2.9018509538916253,0.0
26.49711,31.57021,45.47553,2269.068,-1.05486,64.9771,7.82936184088643,2.916643288638336,0.0
26.50994,31.60095,45.41207,2264.95254,-1.08371,64.9965,7.870931306128057,2.9321290081992983,0.0
26.52275,31.63165,45.34705,2260.82049,-1.11113,65.01589,7.914279843998834,2.9482774791248385,0.0
26.53552,31.6623,45.28058,2256.6705,-1.13705,65.03527,7.959319853670816,2.9650560678016293,0.0
26.54826,31.6929,45.21274,2252.50127,-1.16141,65.05464,8.00595828817867,2.98243011178687,0.0
26.56096,31.72345,45.14364,2248.31154,-1.18414,65.074,8.054096599096153,3.0003628991988225,0.0
26.57364,31.75395,45.07339,2244.10006,-1.20518,65.09335,8.103630706448008,3.018815657508192,0.0
26.58628,31.7844,45.00208,2239.86566,-1.22447,65.11268,8.154450997425757,3.037747553059735,0.0
26.59888,31.81481,44.92983,2235.60719,-1.24196,65.132,8.206442357503912,3.057115702663862,0.0
26.61146,31.84516,44.85675,2231.32358,-1.2576,65.15131,8.259484237379922,3.0768751985335294,0.0
26.624,31.87546,44.78295,2227.0138,-1.27135,65.17061,8.313450759113937,3.0969791478240944,0.0
26.63651,31.90572,44.70855,2222.67688,-1.28317,65.18989,8.3682108645679,3.1173787279307845,0.0
26.64898,31.93592,44.63367,2218.31193,-1.29302,65.20916,8.423628509036266,3.1380232586212333,0.0
26.66142,31.96607,44.55842,2213.91811,-1.30088,65.22842,8.479562902570876,3.1588602919353432,0.0
26.67383,31.99617,44.48292,2209.49467,-1.30671,65.24766,8.535868801165917,3.179835720659351,0.0
26.6862,32.02622,44.4073,2205.04093,-1.31051,65.26689,8.592396849432012,3.2008939059809354,0.0
26.69854,32.05621,44.33167,2200.55628,-1.31225,65.2861,8.648993975903645,3.2219778247516406,0.0
26.71084,32.08615,44.25616,2196.04022,-1.31194,65.30529,8.705503841483292,3.2430292365441082,0.0
26.72312,32.11604,44.18087,2191.4923,-1.30957,65.32447,8.761767340875743,3.26398887044956,0.0
26.73535,32.14587,44.10594,2186.9122,-1.30514,65.34363,8.81762315612832,3.2847966312860946,0.0
26.74755,32.17565,44.03148,2182.29967,-1.29867,65.36278,8.872908360654476,3.3053918246133644,0.0
26.75972,32.20538,43.9576,2177.65455,-1.29018,65.38191,8.927459071282561,3.3257133996379067,0.0
26.77185,32.23505,43.88442,2172.97679,-1.27969,65.40102,8.981111145064935,3.3457002087928616,0.0
26.78395,32.26466,43.81205,2168.26643,-1.26722,65.42011,9.033700916748353,3.365291282465107,0.0
26.79602,32.29422,43.7406,2163.52363,-1.25283,65.43918,9.085065971980887,3.384426117035168,0.0
26.80804,32.32372,43.67017,2158.74862,-1.23655,65.45824,9.135045950519402,3.4030449740931443,0.0
26.82004,32.35316,43.60087,2153.94176,-1.21843,65.47727,9.183483372963325,3.421089188418793,0.0
26.83199,32.38254,43.5328,2149.10347,-1.19853,65.49629,9.230224483849579,3.4385014820565667,0.0
26.84392,32.41187,43.46605,2144.23433,-1.17692,65.51528,9.275120103292497,3.455226281573895,0.0
26.8558,32.44114,43.4007,2139.33495,-1.15365,65.53426,9.318026478905312,3.4712100354243556,0.0
26.86765,32.47035,43.33686,2134.4061,-1.12882,65.55321,9.358806129258825,3.4864015281582152,0.0
26.87947,32.49949,43.27458,2129.4486,-1.1025,65.57214,9.397328669947413,3.5007521881537618,0.0
26.89125,32.52858,43.21396,2124.46339,-1.07477,65.59105,9.43347161313566,3.5142163854694535,0.0
26.90299,32.55761,43.15506,2119.45148,-1.04573,65.60994,9.467121131518729,3.5267517164392603,0.0
26.9147,32.58658,43.09794,2114.41397,-1.01548,65.62881,9.498172777810947,3.538319271701097,0.0
26.92637,32.61549,43.04266,2109.35204,-0.98412,65.64765,9.526532151202906,3.5488838844696233,0.0
26.938,32.64433,42.98927,2104.26697,-0.95175,65.66647,9.552115502715308,3.5584143560464843,0.0
26.9496,32.67311,42.93781,2099.16006,-0.91848,65.68527,9.57485027207442,3.5668836558205372,0.0
26.96116,32.70184,42.88833,2094.03273,-0.88443,65.70404,9.59467554946824,3.574269093284178,0.0
26.97269,32.73049,42.84086,2088.88643,-0.84972,65.72279,9.6115424564801,3.580552459941128,0.0
26.98418,32.75909,42.79541,2083.72267,-0.81446,65.74151,9.625414441557403,3.5857201393763174,0.0
26.99563,32.78762,42.752,2078.54299,-0.77877,65.76021,9.636267486432663,3.5897631841531488,0.0
27.00705,32.81609,42.71066,2073.34901,-0.74278,65.77889,9.644090221158796,3.5926773586671708,0.0
27.01842,32.84449,42.67137,2068.14236,-0.70661,65.79754,9.648883946601554,3.594463147525106,0.0
27.02977,32.87283,42.63414,2062.92468,-0.67039,65.81617,9.65066256451213,3.59512572949505,0.0
27.04107,32.90111,42.59895,2057.69767,-0.63423,65.83477,9.64945241651302,3.5946749175244705,0.0
27.05234,32.92932,42.5658,2052.46302,-0.59827,65.85335,9.645292034554341,3.593125065778625,0.0
27.06357,32.95746,42.53465,2047.22241,-0.56262,65.8719,9.638231806502619,3.590494945063579,0.0
27.07477,32.98554,42.50548,2041.97756,-0.52742,65.89043,9.62833356161897,3.5868075884059225,0.0
27.08593,33.01356,42.47825,2036.73016,-0.49276,65.90893,9.615670081622953,3.5820901089111947,0.0
27.09705,33.04151,42.45292,2031.48188,-0.45879,65.9274,9.60032454385823,3.576373492328436,0.0
27.10813,33.0694,42.42943,2026.23438,-0.4256,65.94585,9.582389903796686,3.5696923670167306,0.0
27.11918,33.09722,42.40774,2020.9893,-0.39331,65.96428,9.561968224679482,3.562084754218856,0.0
27.1302,33.12498,42.38779,2015.74823,-0.36203,65.98268,9.539169962496057,3.553591801697151,0.0
27.14117,33.15267,42.36951,2010.51274,-0.33186,66.00105,9.514113214742315,3.5442575038761692,0.0
27.15211,33.18029,42.35283,2005.28436,-0.3029,66.0194,9.486922941556847,3.5341284116954386,0.0
27.16301,33.20785,42.33768,2000.06455,-0.27525,66.03772,9.457730167764677,3.5232533353497484,0.0
27.17388,33.23535,42.32398,1994.85474,-0.24899,66.05602,9.426671174181637,3.511683043028762,0.0
27.18471,33.26278,42.31165,1989.65629,-0.2242,66.0743,9.393886686285107,3.4994699586755127,0.0
27.19551,33.29015,42.3006,1984.47053,-0.20097,66.09254,9.359521067902891,3.4866678616142988,0.0
27.20627,33.31745,42.29074,1979.29868,-0.17937,66.11077,9.323721527101931,3.473331590723332,0.0
27.21699,33.34468,42.28198,1974.14195,-0.15947,66.12897,9.286637340859205,3.459516755604252,0.0
27.22768,33.37186,42.27422,1969.00142,-0.14132,66.14714,9.248419104458543,3.445279456962686,0.0
27.23833,33.39896,42.26737,1963.87816,-0.12498,66.16529,9.20921801086624,3.430676018156704,0.0
27.24895,33.42601,42.26134,1958.77314,-0.11049,66.18342,9.169185164620616,3.415762729602631,0.0
27.25953,33.45299,42.25601,1953.68724,-0.09791,66.20152,9.128470933994072,3.4005956074383623,0.0
27.27008,33.4799,42.25129,1948.62131,-0.08727,66.2196,9.087224344509577,3.3852301675923036,0.0
27.28059,33.50676,42.24707,1943.57608,-0.07859,66.23766,9.045592516117965,3.3697212161170973,0.0
27.29107,33.53354,42.24325,1938.55225,-0.07189,66.25569,9.003720145636818,3.354122656384496,0.0
27.30151,33.56027,42.23974,1933.5504,-0.06721,66.2737,8.961749035431364,3.3384873135065924,0.0
27.31192,33.58693,42.23642,1928.57106,-0.06454,66.29169,8.919817668647777,3.322866776099046,0.0
27.32229,33.61354,42.23319,1923.6147,-0.06389,66.30966,8.878060830752224,3.3073112552944233,0.0
27.33264,33.64008,42.22995,1918.68168,-0.06526,66.3276,8.836609276587417,3.291869460712003,0.0
27.34294,33.66655,42.2266,1913.7723,-0.06864,66.34552,8.795589441758882,3.276588492941562,0.0
27.35322,33.69297,42.22304,1908.88682,-0.07401,66.36342,8.755123196660374,3.26151375191138,0.0
27.36345,33.71932,42.21917,1904.02537,-0.08137,66.3813,8.715327641188937,3.2466888604141877,0.0
27.37366,33.74562,42.21489,1899.18807,-0.09069,66.39915,8.676314937873803,3.2321556019432967,0.0
27.38383,33.77185,42.21012,1894.37493,-0.10193,66.41699,8.638192180930732,3.217953871911899,0.0
27.39397,33.79802,42.20475,1889.58592,-0.11507,66.4348,8.601061298550077,3.2041216412527915,0.0
27.40408,33.82413,42.1987,1884.82092,-0.13005,66.45259,8.565018985672657,3.190694931375626,0.0
27.41416,33.85019,42.19189,1880.07977,-0.14685,66.47037,8.530156664335586,3.1777077993946867,0.0
27.4242,33.87618,42.18422,1875.36224,-0.16541,66.48812,8.496560468732167,3.1651923325633065,0.0
27.43421,33.90211,42.17562,1870.66804,-0.18569,66.50586,8.46431125208261,3.1531786508333886,0.0
27.44419,33.92799,42.16601,1865.99682,-0.20761,66.52357,8.433484612459294,3.1416949164759997,0.0
27.45413,33.9538,42.15531,1861.34817,-0.23113,66.54126,8.40415093480268,3.130767349733401,0.0
27.46405,33.97956,42.14346,1856.72165,-0.25617,66.55894,8.376375446439466,3.120420249501022,0.0
27.47393,34.00526,42.13038,1852.11674,-0.28268,66.5766,8.350218283558334,3.110676018091423,0.0
27.48378,34.0309,42.11603,1847.53288,-0.31058,66.59423,8.325734566202335,3.101555189170939,0.0
27.4936,34.05648,42.10032,1842.96947,-0.3398,66.61185,8.30297447951642,3.093076458026513,0.0
27.50339,34.08201,42.08322,1838.42587,-0.37026,66.62945,8.28198335914925,3.0852567133801254,0.0
27.51314,34.10748,42.06466,1833.90136,-0.40188,66.64704,8.26280177886027,3.0781110700247285,0.0
27.52287,34.13289,42.04461,1829.39522,-0.43459,66.6646,8.245465638569732,3.0716529016251997,0.0
27.53257,34.15824,42.02302,1824.90668,-0.46829,66.68215,8.230006251294768,3.065893873104315,0.0
27.54223,34.18354,41.99986,1820.43491,-0.5029,66.69968,8.216450427546691,3.0608439720829685,0.0
27.55187,34.20878,41.97508,1815.97907,-0.53834,66.71719,8.204820555995774,3.056511538929915,0.0
27.56147,34.23397,41.94866,1811.53827,-0.57452,66.73468,8.19513467936454,3.0529032950340276,0.0
27.57104,34.2591,41.92058,1807.11161,-0.61135,66.75215,8.187406564705864,3.050024368984736,0.0
27.58059,34.28417,41.89081,1802.69813,-0.64873,66.76961,8.181645767388904,3.047878320408469,0.0
27.5901,34.30919,41.85934,1798.29686,-0.68657,66.78705,8.177857688291834,3.0464671612744505,0.0
27.59958,34.33415,41.82616,1793.90681,-0.72478,66.80447,8.176043623890415,3.0457913745540144,0.0
27.60904,34.35905,41.79126,1789.52696,-0.76327,66.82188,8.176200809075,3.045849930171064,0.0
27.61846,34.3839,41.75465,1785.15627,-0.80194,66.83927,8.178322452709505,3.046640298248721,0.0
27.62786,34.4087,41.71631,1780.79367,-0.84071,66.85664,8.182397766085952,3.048158459709396,0.0
27.63722,34.43344,41.67626,1776.43809,-0.87946,66.87399,8.188411984620194,3.050398914357014,0.0
27.64655,34.45812,41.63451,1772.08844,-0.91811,66.89133,8.19634638324283,3.0533546866105388,0.0
27.65586,34.48275,41.59108,1767.74361,-0.95657,66.90864,8.206178286112591,3.057017329122458,0.0
27.66514,34.50733,41.54599,1763.40249,-0.99475,66.92594,8.21788107142104,3.061376924568669,0.0
27.67438,34.53184,41.49925,1759.06395,-1.03254,66.94323,8.231424172168099,3.0664220859373748,0.0
27.6836,34.55631,41.4509,1754.72688,-1.06986,66.96049,8.246773073968464,3.0721399557119233,0.0
27.69279,34.58072,41.40097,1750.39014,-1.10662,66.97774,8.263889311004181,3.0785162043630288,0.0
27.70195,34.60507,41.3495,1746.05261,-1.14274,66.99497,8.282730461415435,3.0855350286317225,0.0
27.71108,34.62937,41.29652,1741.71315,-1.17811,67.01218,8.303250143508937,3.0931791501168817,0.0
27.72018,34.65361,41.24208,1737.37064,-1.21266,67.02938,8.325398014243785,3.1014298147111643,0.0
27.72925,34.67779,41.18623,1733.02398,-1.24631,67.04655,8.349119771573184,3.1102667934733654,0.0
27.73829,34.70192,41.12902,1728.67205,-1.27897,67.06371,8.37435716228026,3.1196683855474645,0.0
27.7473,34.726,41.0705,1724.31377,-1.31056,67.08085,8.40104799699809,3.1296114237579835,0.0
27.75628,34.75002,41.01072,1719.94807,-1.34102,67.09797,8.42912617418436,3.1400712835411735,0.0
27.76524,34.77398,40.94976,1715.57388,-1.37025,67.11507,8.458521714824107,3.1510218958727036,0.0
27.77416,34.79789,40.88767,1711.19018,-1.39821,67.13216,8.489160809636504,3.162435764853423,0.0
27.78306,34.82174,40.82452,1706.79597,-1.42481,67.14922,8.520965880594868,3.1742839906271962,0.0
27.79193,34.84553,40.76037,1702.39025,-1.45,67.16626,8.55385565848113,3.1865362982719674,0.0
27.80076,34.86927,40.69531,1697.97208,-1.47371,67.18329,8.587745278193033,3.199161073304211,0.0
27.80957,34.89295,40.62939,1693.54055,-1.4959,67.20029,8.622546393393224,3.2121254043887317,0.0
27.81835,34.91657,40.5627,1689.09478,-1.5165,67.21728,8.658167312014843,3.225395133818061,0.0
27.8271,34.94014,40.49531,1684.63392,-1.53548,67.23424,8.694513153973988,3.2389349162644994,0.0
27.83582,34.96364,40.4273,1680.15719,-1.55279,67.25118,8.73148603230887,3.2527082862592205,0.0
27.84451,34.98709,40.35875,1675.66384,-1.56839,67.2681,8.768985258699681,3.266677734753826,0.0
27.85318,35.01049,40.28974,1671.15315,-1.58225,67.285,8.806907574192472,3.280804795071062,0.0
27.86181,35.03382,40.22035,1666.62448,-1.59434,67.30188,8.845147405615673,3.295050138426724,0.0
27.87041,35.0571,40.15066,1662.07723,-1.60464,67.31874,8.88359714794062,3.309373679116374,0.0
27.87898,35.08031,40.08075,1657.51085,-1.61313,67.33557,8.922147472524438,3.3237346893439317,0.0
27.88753,35.10347,40.0107,1652.92487,-1.61981,67.35239,8.960687660836902,3.338091923543709,0.0
27.89604,35.12657,39.9406,1648.31884,-1.62466,67.36918,8.999105962937575,3.3524037519225747,0.0
27.90453,35.1496,39.87053,1643.69242,-1.62768,67.38594,9.037289979614735,3.3666283028167623,0.0
27.91298,35.17258,39.80057,1639.0453,-1.62889,67.40269,9.075127066714472,3.3807236133150917,0.0
27.92141,35.1955,39.73079,1634.37725,-1.62829,67.41941,9.112504759837625,3.394647787469761,0.0
27.9298,35.21836,39.66127,1629.68809,-1.6259,67.4361,9.149311217168389,3.4083591612616475,0.0
27.93817,35.24115,39.59209,1624.97773,-1.62174,67.45277,9.185435677912592,3.42181647338063,0.0
27.9465,35.26389,39.52333,1620.24613,-1.61585,67.46942,9.220768933403464,3.434979040724883,0.0
27.95481,35.28656,39.45505,1615.49333,-1.60825,67.48604,9.255203807637205,3.4478069374130222,0.0
27.96308,35.30917,39.38733,1610.71944,-1.599,67.50264,9.288635643729368,3.4602611760019006,0.0
27.97133,35.33172,39.32024,1605.92461,-1.58813,67.51921,9.32096279248694,3.4723038894925717,0.0
27.97954,35.35421,39.25383,1601.10911,-1.5757,67.53575,9.352087099116854,3.483898512642009,0.0
27.98773,35.37663,39.18818,1596.27323,-1.56176,67.55227,9.381914383869415,3.4950099610154326,0.0
27.99588,35.39899,39.12333,1591.41736,-1.54639,67.56876,9.410354912381989,3.505604806201708,0.0
28.004,35.42129,39.05935,1586.54193,-1.52965,67.58523,9.43732385136967,3.51565144557011,0.0
28.0121,35.44352,38.99629,1581.64745,-1.51161,67.60166,9.46274170534097,3.525120264958408,0.0
28.02016,35.46569,38.9342,1576.7345,-1.49235,67.61808,9.48653473011486,3.5339837927188404,0.0
28.02819,35.48779,38.87312,1571.80369,-1.47196,67.63446,9.508635319003062,3.542216843581187,0.0
28.03619,35.50983,38.81308,1566.85571,-1.45052,67.65081,9.528982357795787,3.549796650894288,0.0
28.04416,35.5318,38.75414,1561.8913,-1.42813,67.66714,9.547521544870255,3.5567029858748964,0.0
28.0521,35.55371,38.69631,1556.91126,-1.40487,67.68344,9.564205673142828,3.562918262642265,0.0
28.06001,35.57556,38.63963,1551.91643,-1.38085,67.69971,9.578994870941642,3.568427627949536,0.0
28.06789,35.59733,38.58413,1546.90769,-1.35617,67.71596,9.591856799257625,3.5732190346649415,0.0
28.07574,35.61905,38.52981,1541.88597,-1.33092,67.73217,9.602766803398488,3.5772832982668983,0.0
28.08355,35.64069,38.47669,1536.85225,-1.30522,67.74835,9.611708017475681,3.5806141357681533,0.0
28.09134,35.66227,38.42479,1531.80751,-1.27918,67.76451,9.618671420745553,3.5832081867043475,0.0
28.0991,35.68378,38.3741,1526.75279,-1.25289,67.78064,9.623655845361855,3.5850650160220248,0.0
28.10682,35.70523,38.32464,1521.68915,-1.22648,67.79673,9.626667935593558,3.5861870988861986,0.0
28.11451,35.72661,38.27639,1516.61766,-1.20005,67.8128,9.627722059187382,3.5865797876605576,0.0
28.12218,35.74792,38.22935,1511.53943,-1.1737,67.82884,9.62684017201543,3.5862512614851583,0.0
28.12981,35.76916,38.1835,1506.45556,-1.14756,67.84485,9.624051637676791,3.585212459073261,0.0
28.13741,35.79034,38.13883,1501.36718,-1.12172,67.86082,9.619393004215848,3.5834769955330357,0.0
28.14498,35.81145,38.09532,1496.2754,-1.0963,67.87677,9.612907740509687,3.581061064164933,0.0
28.15252,35.83249,38.05294,1491.18136,-1.0714,67.89269,9.604645935307836,3.5779833243460666,0.0
28.16003,35.85347,38.01166,1486.08617,-1.04713,67.90858,9.59466396219275,3.5742647767191777,0.0
28.16751,35.87437,37.97145,1480.99096,-1.02358,67.92444,9.58302411407644,3.5699286270330157,0.0
28.17495,35.89521,37.93228,1475.89682,-1.00085,67.94027,9.569794210983591,3.5650001400312297,0.0
28.18237,35.91598,37.8941,1470.80485,-0.97905,67.95607,9.555047185095697,3.559506484870384,0.0
28.18976,35.93669,37.85687,1465.71612,-0.95826,67.97184,9.538860647089217,3.553476573569524,0.0
28.19711,35.95732,37.82054,1460.63167,-0.93856,67.98758,9.521316437855146,3.546940894013906,0.0
28.20444,35.97789,37.78507,1455.55253,-0.92006,68.00329,9.502500169663662,3.5399313390267664,0.0
28.21173,35.99839,37.75041,1450.47971,-0.90281,68.01897,9.482500760744335,3.5324810329881973,0.0
28.219,36.01883,37.71649,1445.41415,-0.88691,68.03462,9.461409967140698,3.5246241574386654,0.0
28.22623,36.03919,37.68327,1440.35681,-0.87242,68.05024,9.439321915528577,3.5163957770415357,0.0
28.23344,36.05949,37.65068,1435.30857,-0.8594,68.06583,9.416332640479212,3.507831667201415,0.0
28.24061,36.07972,37.61867,1430.2703,-0.84792,68.0814,9.392539629343416,3.4989681445215317,0.0
28.24775,36.09988,37.58716,1425.24281,-0.83803,68.09693,9.368041377769156,3.4898419012223267,0.0
28.25487,36.11998,37.55611,1420.22688,-0.82978,68.11243,9.3429369584697,3.4804898444962538,0.0
28.26195,36.14,37.52544,1415.22325,-0.82322,68.12791,9.317325605575975,3.470948941668089,0.0
28.26901,36.15997,37.49509,1410.2326,-0.81838,68.14336,9.291306316633216,3.461256071928218,0.0
28.27603,36.17986,37.46499,1405.25557,-0.8153,68.15878,9.264977473903357,3.4514478852578,0.0
28.28303,36.19969,37.43508,1400.29277,-0.81401,68.17417,9.23843648636657,3.441560669064936,0.0
28.29,36.21945,37.40529,1395.34474,-0.81452,68.18953,9.21177945348606,3.4316302229281983,0.0
28.29693,36.23914,37.37555,1390.41197,-0.81685,68.20486,9.185100851485862,3.4216917417268604,0.0
28.30384,36.25877,37.3458,1385.49492,-0.82101,68.22017,9.158493242616391,3.4117797073346585,0.0
28.31072,36.27834,37.31597,1380.594,-0.82701,68.23545,9.132047007609753,3.4019277889523636,0.0
28.31757,36.29783,37.286,1375.70954,-0.83484,68.2507,9.105850101253264,3.392168752052481,0.0
28.32439,36.31726,37.25582,1370.84186,-0.84451,68.26593,9.079987830830602,3.3825343758427504,0.0
28.33119,36.33663,37.22536,1365.99121,-0.85599,68.28113,9.054542656911204,3.3730553790549553,0.0
28.33795,36.35593,37.19457,1361.15779,-0.86927,68.2963,9.029594015859358,3.3637613538248896,0.0
28.34469,36.37517,37.16339,1356.34175,-0.88432,68.31144,9.005218163217725,3.3546807073485985,0.0
28.35139,36.39434,37.13175,1351.54321,-0.90113,68.32656,8.981488037011108,3.345840610959436,0.0
28.35807,36.41344,37.09961,1346.76222,-0.91965,68.34165,8.958473139949536,3.3372669562456143,0.0
28.36472,36.43249,37.06689,1341.9988,-0.93985,68.35672,8.936239439363106,3.328984317773298,0.0
28.37135,36.45146,37.03355,1337.25292,-0.96169,68.37176,8.914849283678922,3.3210159219720716,0.0
28.37794,36.47038,36.99954,1332.52449,-0.98512,68.38677,8.894361334215567,3.3133836217265777,0.0
28.38451,36.48923,36.96481,1327.8134,-1.01009,68.40176,8.87483051104935,3.3061078762102762,0.0
28.39105,36.50801,36.9293,1323.11949,-1.03654,68.41672,8.856307951674141,3.299207735485143,0.0
28.39756,36.52674,36.89299,1318.44253,-1.06443,68.43166,8.838840981255833,3.2927008294206717,0.0
28.40405,36.5454,36.85581,1313.7823,-1.09368,68.44657,8.822473093262955,3.2866033604782725,0.0
28.41051,36.56399,36.81774,1309.1385,-1.12424,68.46146,8.807243939319553,3.280930099931199,0.0
28.41694,36.58253,36.77874,1304.51081,-1.15603,68.47633,8.793189327189953,3.275694387113822,0.0
28.42335,36.601,36.73878,1299.89887,-1.18898,68.49116,8.780341225860095,3.2709081313145583,0.0
28.42972,36.61941,36.69781,1295.30227,-1.22301,68.50598,8.76872777676641,3.266581815958924,0.0
28.43607,36.63775,36.65583,1290.7206,-1.25806,68.52077,8.75837331030818,3.262724504760825,0.0
28.4424,36.65604,36.61279,1286.15339,-1.29404,68.53554,8.7492983668451,3.259343849544694,0.0
28.4487,36.67426,36.56868,1281.60014,-1.33086,68.55028,8.741519721526972,3.256446099495215,0.0
28.45497,36.69242,36.52349,1277.06034,-1.36846,68.565,8.73505041231877,3.2540361115973906,0.0
28.46121,36.71052,36.47718,1272.53343,-1.40674,68.57969,8.729899770786139,3.2521173621049497,0.0
28.46743,36.72856,36.42976,1268.01883,-1.44561,68.59436,8.72607345519645,3.250691958871369,0.0
28.47362,36.74653,36.38121,1263.51596,-1.48499,68.60901,8.723573485698715,3.249760654455306,0.0
28.47979,36.76445,36.33153,1259.02417,-1.52479,68.62364,8.722398281323517,3.249322859904058,0.0
28.48593,36.7823,36.28071,1254.54284,-1.56493,68.63824,8.722542698781961,3.2493766592071793,0.0
28.49204,36.8001,36.22874,1250.0713,-1.60531,68.65281,8.72399807299939,3.2499188243963717,0.0
28.49813,36.81783,36.17565,1245.60887,-1.64584,68.66737,8.726752259510372,3.250944831338721,0.0
28.50419,36.8355,36.12142,1241.15486,-1.68644,68.6819,8.730789678871473,3.252448876281628,0.0
28.51023,36.85311,36.06607,1236.70856,-1.72701,68.6964,8.736091363354838,3.254423893247396,0.0
28.51624,36.87066,36.00961,1232.26925,-1.76747,68.71089,8.74263500625642,3.2568615724018413,0.0
28.52223,36.88815,35.95205,1227.83621,-1.80773,68.72535,8.750395014213291,3.259752379543874,0.0
28.52819,36.90558,35.89342,1223.4087,-1.8477,68.73978,8.75934256299899,3.2630855768907248,0.0
28.53412,36.92295,35.83372,1218.98599,-1.8873,68.75419,8.76944565729529,3.2668492453445057,0.0
28.54003,36.94026,35.77299,1214.56733,-1.92644,68.76858,8.78066919503714,3.271030308462396,0.0
28.54592,36.95751,35.71124,1210.15198,-1.96505,68.78295,8.79297503688958,3.2756145583386163,0.0
28.55178,36.97469,35.64851,1205.73921,-2.00303,68.79729,8.806322081503698,3.280586683639254,0.0
28.55761,36.99182,35.58482,1201.32827,-2.04032,68.81161,8.82066634718346,3.28593030002531,0.0
28.56342,37.00889,35.52021,1196.91844,-2.07684,68.82591,8.835961060608524,3.2916279832042763,0.0
28.5692,37.02589,35.45471,1192.50899,-2.11251,68.84018,8.85215675325881,3.2976613048508283,0.0
28.57496,37.04284,35.38835,1188.09921,-2.14727,68.85442,8.86920136613562,3.304010871618195,0.0
28.58069,37.05972,35.32117,1183.6884,-2.18105,68.86865,8.887040363412817,3.3106563674762186,0.0
28.5864,37.07655,35.25322,1179.27588,-2.21379,68.88284,8.905616855511779,3.317576599560005,0.0
28.59208,37.09331,35.18452,1174.86097,-2.24543,68.89702,8.924871732127528,3.3247495477256663,0.0
28.59774,37.11002,35.11514,1170.44304,-2.27591,68.91117,8.94474380561594,3.3321524179658217,0.0
28.60338,37.12666,35.0451,1166.02145,-2.30518,68.92529,8.96516996506805,3.339761699806333,0.0
28.60898,37.14324,34.97445,1161.59559,-2.33319,68.9394,8.98608534135486,3.3475532277898403,0.0
28.61457,37.15976,34.90325,1157.16489,-2.3599,68.95347,9.00742348324644,3.3555022470847566,0.0
28.62013,37.17622,34.83152,1152.7288,-2.38527,68.96752,9.02911654466448,3.3635834832417753,0.0
28.62566,37.19262,34.75934,1148.28679,-2.40928,68.98155,9.051095482953613,3.3717712160551474,0.0
28.63117,37.20896,34.68673,1143.83837,-2.43188,68.99555,9.073290267964088,3.38003935745149,0.0
28.63665,37.22524,34.61375,1139.38308,-2.45305,69.00952,9.095630101550068,3.3883615332586645,0.0
28.64211,37.24146,34.54044,1134.9205,-2.47279,69.02347,9.118043647002597,3.3967111686756057,0.0
28.64754,37.25761,34.46687,1130.45023,-2.49106,69.0374,9.140459267729543,3.40506157718687,0.0
28.65295,37.2737,34.39306,1125.97192,-2.50787,69.05129,9.162805274371472,3.413386052619809,0.0
28.65833,37.28974,34.31908,1121.48526,-2.52322,69.06517,9.18501017941656,3.4216579639953175,0.0
28.66369,37.3057,34.24496,1116.98998,-2.53709,69.07901,9.207002958174307,3.429850852747415,0.0
28.66903,37.32161,34.17076,1112.48584,-2.54951,69.09283,9.228713314862738,3.4379385318477182,0.0
28.67434,37.33746,34.09651,1107.97265,-2.56049,69.10662,9.250071952451203,3.4458951863289995,0.0
28.67962,37.35324,34.02228,1103.45026,-2.57004,69.12039,9.271010844702213,3.4536954746279136,0.0
28.68488,37.36896,33.94809,1098.91857,-2.57819,69.13412,9.29146350884529,3.4613146301631907,0.0
28.69011,37.38462,33.87399,1094.37751,-2.58497,69.14783,9.311365277120867,3.468728562492882,0.0
28.69532,37.40022,33.80003,1089.82707,-2.59041,69.16152,9.330653565439476,3.475913957396973,0.0
28.70051,37.41575,33.72624,1085.26727,-2.59456,69.17517,9.349268137268114,3.482848375182003,0.0
28.70567,37.43122,33.65266,1080.69818,-2.59746,69.1888,9.36715136089194,3.48951034651781,0.0
28.7108,37.44663,33.57932,1076.11991,-2.59916,69.2024,9.384248458109267,3.4958794650829668,0.0
28.71591,37.46198,33.50627,1071.53261,-2.59971,69.21597,9.40050774248358,3.501936476319918,0.0
28.721,37.47726,33.43353,1066.9365,-2.59918,69.22951,9.41588084527416,3.5076633616000863,0.0
28.72606,37.49247,33.36113,1062.3318,-2.59763,69.24302,9.430322927257743,3.5130434171330176,0.0
28.73109,37.50763,33.2891,1057.7188,-2.59513,69.25651,9.44379287467485,3.5180613269615373,0.0
28.7361,37.52272,33.21746,1053.09782,-2.59175,69.26997,9.456253477713378,3.522703229451586,0.0
28.74109,37.53775,33.14624,1048.46922,-2.58756,69.28339,9.467671590019656,3.52695677671429,0.0
28.74605,37.55271,33.07546,1043.83339,-2.58266,69.29679,9.478018267877834,3.530811186453941,0.0
28.75098,37.56761,33.00514,1039.19077,-2.57711,69.31016,9.487268887904571,3.5342572858123624,0.0
28.75589,37.58244,32.93529,1034.54183,-2.57101,69.3235,9.495403242227823,3.537287546825517,0.0
28.76078,37.59721,32.86592,1029.88705,-2.56444,69.33681,9.502405610389355,3.5398961132090814,0.0
28.76564,37.61192,32.79705,1025.22698,-2.5575,69.35009,9.508264807341915,3.5420788182386604,0.0
28.77047,37.62656,32.72868,1020.56217,-2.55028,69.36334,9.512974207221301,3.543833193605501,0.0
28.77528,37.64113,32.66082,1015.8932,-2.54287,69.37656,9.516531742695063,3.5451584691738685,0.0
28.78007,37.65565,32.59347,1011.22069,-2.53537,69.38976,9.518939880003874,3.546055563683307,0.0
28.78483,37.67009,32.52662,1006.54525,-2.52787,69.40292,9.52020556996678,3.546527066496796,0.0
28.78956,37.68447,32.46028,1001.86753,-2.52047,69.41605,9.52034017548668,3.546577210594644,0.0
28.79427,37.69879,32.39445,997.18821,-2.51327,69.42915,9.51935937625576,3.546211837074745,0.0
