0.05135,0.05135,51.27507,5421.06527,-0.25893,45.00009,19.76745552569112,7.363897296377378,0.0
0.10259,0.10259,51.25548,5410.0571,-0.01733,45.00019,19.74161709456785,7.354271800933919,0.0
0.15373,0.15373,51.27007,5399.02895,0.22327,45.00032,19.620976836016506,7.309330130387302,0.0
0.20477,0.20477,51.31844,5388.03345,0.4614,45.00047,19.40869760866532,7.230250532796362,0.0
0.2557,0.2557,51.40001,5377.12131,0.69562,45.00063,19.10971455154831,7.118871477302592,0.0
0.30652,0.30653,51.51399,5366.3404,0.92457,45.00082,18.730507075315586,6.9776067148567105,0.0
0.35724,0.35725,51.65943,5355.73494,1.14701,45.00102,18.278817601167958,6.809340501071386,0.0
0.40785,0.40786,51.83522,5345.34484,1.36182,45.00125,17.763336942634567,6.6173103926552885,0.0
0.45836,0.45838,52.04011,5335.20523,1.56802,45.0015,17.193376786312946,6.404985237871218,0.0
0.50877,0.50879,52.27272,5325.34616,1.76478,45.00177,16.57854842457985,6.175945496017837,0.0
0.55908,0.5591,52.53161,5315.79252,1.9514,45.00207,15.928464108626883,5.933771983577571,0.0
0.60929,0.60932,52.81524,5306.56401,2.12737,45.0024,15.252473631465039,5.68194774445487,0.0
0.65941,0.65945,53.12204,5297.67537,2.29229,45.00275,14.559444555833144,5.42377617908957,0.0
0.70947,0.70945,53.44931,5289.13818,2.43061,44.92038,13.859666628890768,5.163090489038152,-20.999999641778622
0.75952,0.75929,53.79446,5280.95814,2.5583,44.84199,13.162126873042475,4.9032385766091044,-20.999999641778622
0.80955,0.80899,54.15598,5273.13504,2.67542,44.76755,12.472573966685552,4.64636197576225,-20.999999641778622
0.85957,0.85854,54.53239,5265.66568,2.78209,44.69704,11.795945297750858,4.394299993412328,-20.999999641778622
0.90956,0.90796,54.92225,5258.54427,2.87852,44.63037,11.136367181136922,4.148589790428921,-20.999999641778622
0.95954,0.95725,55.32416,5251.76286,2.96498,44.56746,10.497190710804869,3.910479737485134,-20.999999641778622
1.0095,1.00642,55.73676,5245.31179,3.04177,44.50819,9.88104376160431,3.6809487871059994,-20.999999641778622
1.05945,1.05547,56.15874,5239.18001,3.10924,44.45243,9.28989392853276,3.46072992019863,-20.999999641778622
1.10938,1.10442,56.58887,5233.35545,3.16778,44.40006,8.725117855698176,3.250335972914926,-20.999999641778622
1.15929,1.15326,57.02594,5227.82533,3.21778,44.35092,8.187573164243675,3.050086431696069,-20.999999641778622
1.20918,1.20201,57.46884,5222.57639,3.25965,44.30486,7.677669961806181,2.860134072427394,-20.999999641778622
1.25906,1.25067,57.91648,5217.59518,3.29381,44.26173,7.195439650584494,2.6804905932541963,-20.999999641778622
1.30892,1.29924,58.36786,5212.86819,3.32066,44.22137,6.740599411485478,2.5110506366228647,-20.999999641778622
1.35877,1.34773,58.82202,5208.38205,3.34063,44.18364,6.312611308810627,2.3516138073317645,-20.999999641778622
1.4086,1.39614,59.27808,5204.12364,3.35411,44.14838,5.910735426887785,2.201904467324666,-20.999999641778622
1.45841,1.44449,59.73518,5200.0802,3.36149,44.11545,5.5340768191848,2.0615892254708816,-20.999999641778622
1.50822,1.49276,60.19255,5196.23941,3.36315,44.08471,5.181626329868512,1.9302921446700714,-20.999999641778622
1.558,1.54098,60.64945,5192.58943,3.35945,44.05602,4.852295548740589,1.80760776348556,-20.999999641778622
1.60777,1.58913,61.10519,5189.11897,3.35075,44.02925,4.544946295673969,1.6931120798726962,-20.999999641778622
1.65753,1.63723,61.55913,5185.81728,3.33737,44.00428,4.258415112620932,1.5863716750962806,-20.999999641778622
1.70728,1.68528,62.01067,5182.6742,3.31961,43.981,3.991533281752368,1.486951171014152,-20.999999641778622
1.75701,1.73327,62.45927,5179.68014,3.29779,43.95929,3.7431428976206274,1.3944192173807362,-20.999999641778622
1.80673,1.78123,62.9044,5176.82606,3.27216,43.93905,3.5121095082008926,1.308353200967559,-20.999999641778622
1.85644,1.82913,63.34558,5174.10351,3.243,43.92018,3.297331811443517,1.2283428577841253,-20.999999641778622
1.90613,1.877,63.78236,5171.50454,3.21055,43.90259,3.097748856247421,1.153992955629981,-20.999999641778622
1.95582,1.92483,64.21434,5169.02175,3.17504,43.8862,2.912345153913273,1.0849251982455084,-20.999999641778622
2.00549,1.97262,64.64112,5166.64823,3.13668,43.87092,2.7401540613784787,1.0207794856559815,-20.999999641778622
2.05515,2.02038,65.06235,5164.37754,3.09566,43.85669,2.580259753218705,0.961214648794019,-20.999999641778622
2.1048,2.06811,65.47769,5162.2037,3.05219,43.84343,2.431798057051551,0.9059087607094328,-20.999999641778622
2.15443,2.1158,65.88684,5160.12114,3.00641,43.83107,2.293956387605201,0.8545591120080667,-20.999999641778622
2.20406,2.16347,66.28951,5158.1247,2.95851,43.81956,2.1659729788940996,0.8068819248170312,-20.999999641778622
2.25368,2.21111,66.68543,5156.20957,2.90862,43.80885,2.047135581870894,0.7626118676257879,-20.999999641778622
2.30329,2.25873,67.07436,5154.37132,2.85689,43.79887,1.9367797666427027,0.7215014228170351,-20.999999641778622
2.35288,2.30632,67.45607,5152.60582,2.80345,43.78959,1.834286943697316,0.6833201495214053,-20.999999641778622
2.40247,2.35389,67.83033,5150.90926,2.7484,43.78095,1.739082197339238,0.6478538765153842,-20.999999641778622
2.45205,2.40143,68.19696,5149.27809,2.69187,43.77292,1.650632006408244,0.6149038531290011,-20.999999641778622
2.50161,2.44896,68.55578,5147.70904,2.63396,43.76546,1.5684419120006146,0.5842858804106239,-20.999999641778622
2.55117,2.49647,68.9066,5146.19907,2.57475,43.75853,1.4920541790526443,0.5558294400052881,-20.999999641778622
2.60072,2.54396,69.24927,5144.74536,2.51435,43.75211,1.4210454879274816,0.5293768342100563,-20.999999641778622
2.65026,2.59143,69.58364,5143.34532,2.45283,43.74615,1.3550246833069604,0.5047823473769961,-20.999999641778622
2.69979,2.63889,69.90958,5141.99651,2.39027,43.74063,1.2936306004475395,0.4819114361363219,-20.999999641778622
2.74932,2.68633,70.22696,5140.69671,2.32674,43.73552,1.236529982985387,0.4606399537240035,-20.999999641778622
2.79883,2.73376,70.53565,5139.44382,2.2623,43.73081,1.183415501743936,0.44085341193545263,-20.999999641778622
2.84834,2.78117,70.83555,5138.23592,2.19702,43.72646,1.1340038802347634,0.4224462828252787,-20.999999641778622
2.89783,2.82857,71.12655,5137.07121,2.13095,43.72246,1.088034129575603,0.4053213411678067,-20.999999641778622
2.94732,2.87596,71.40856,5135.94802,2.06415,43.71878,1.0452658932568324,0.3893890478390418,-20.999999641778622
2.99681,2.92334,71.68149,5134.86481,1.99666,43.71542,1.0054779004236654,0.37456697362358987,-20.999999641778622
3.04628,2.97071,71.94525,5133.82012,1.92854,43.71234,0.9684665250352258,0.36077926246350067,-20.999999641778622
3.09575,3.01807,72.19977,5132.81261,1.85982,43.70954,0.9340444473092735,0.3479561328112097,-20.999999641778622
3.14521,3.06541,72.44497,5131.84103,1.79055,43.707,0.9020394131991709,0.33603341550206783,-20.999999641778622
3.19466,3.11276,72.6808,5130.90419,1.72076,43.70471,0.8722930872210819,0.3249521264022887,-20.999999641778622
3.24411,3.16009,72.90717,5130.00101,1.65048,43.70265,0.844659993696861,0.31465807199406765,-20.999999641778622
3.29355,3.20741,73.12405,5129.13044,1.57976,43.70081,0.8190065413774832,0.3051014860221456,-20.999999641778622
3.34298,3.25473,73.33136,5128.29153,1.50862,43.69919,0.795210126412101,0.2962366953261804,-20.999999641778622
3.39241,3.30204,73.52907,5127.48337,1.43709,43.69776,0.7731583087172798,0.28802181301661606,-20.999999641778622
3.44183,3.34935,73.71713,5126.7051,1.3652,43.69652,0.7527480569514943,0.2804184572078166,-20.999999641778622
3.49124,3.39665,73.89549,5125.95591,1.29297,43.69546,0.7338850574907847,0.2733914935933161,-20.999999641778622
3.54065,3.44394,74.06411,5125.23506,1.22043,43.69458,0.716483083033599,0.26690880023450975,-20.999999641778622
3.59005,3.49123,74.22296,5124.54181,1.14761,43.69385,0.7004634167042332,0.26094105302403203,-20.999999641778622
3.63944,3.53852,74.37201,5123.87548,1.07451,43.69328,0.6857543277834802,0.25546153038162966,-20.999999641778622
3.68883,3.5858,74.51121,5123.23542,1.00118,43.69286,0.6722905954626877,0.25044593584001673,-20.999999641778622
3.73821,3.63308,74.64055,5122.62101,0.92761,43.69257,0.6600130772780259,0.24587223727528482,-20.999999641778622
3.78759,3.68036,74.76,5122.03165,0.85384,43.69242,0.6488683191466086,0.2417205216350973,-20.999999641778622
3.83696,3.72763,74.86953,5121.46677,0.77988,43.6924,0.6388082041820196,0.23797286411323257,-20.999999641778622
3.88633,3.7749,74.96912,5120.92582,0.70575,43.6925,0.6297896377156769,0.2346132108117549,-20.999999641778622
3.93569,3.82217,75.05875,5120.40827,0.63147,43.69271,0.6217742661923823,0.23162727402221028,-20.999999641778622
3.98505,3.86944,75.13841,5119.9136,0.55705,43.69302,0.6147282278391233,0.22900243934319453,-20.999999641778622
4.0344,3.9167,75.20808,5119.44131,0.4825,43.69344,0.6086219332320499,0.22672768393577902,-20.999999641778622
4.08375,3.96397,75.26774,5118.99092,0.40785,43.69396,0.6034298740963779,0.2247935052964435,-20.999999641778622
4.13309,4.01123,75.31739,5118.56193,0.3331,43.69457,0.5991304588829285,0.22319186000501104,-20.999999641778622
4.18243,4.0585,75.35701,5118.15389,0.25828,43.69526,0.5957058738617959,0.22191611197838423,-20.999999641778622
4.23176,4.10576,75.3866,5117.76631,0.1834,43.69604,0.5931419686608871,0.2209609898306399,-20.999999641778622
4.28109,4.15303,75.40615,5117.39874,0.10846,43.69689,0.5914281653644206,0.22032255300982742,-20.999999641778622
4.33042,4.20029,75.41566,5117.05072,0.03349,43.69781,0.5905573904616157,0.21999816644706607,-20.999999641778622
4.37974,4.24756,75.41512,5116.72177,-0.0415,43.6988,0.5905260291105132,0.21998648351861355,-20.999999641778622
4.42905,4.29482,75.40454,5116.41145,-0.11651,43.69985,0.5913339013492802,0.22028743718395213,-20.999999641778622
4.47837,4.34209,75.38391,5116.11927,-0.1915,43.70095,0.5929842600570858,0.22090223922616076,-20.999999641778622
4.52768,4.38936,75.35324,5115.84476,-0.26648,43.70211,0.5954838106284651,0.22183338758113327,-20.999999641778622
4.57698,4.43663,75.31254,5115.58744,-0.34142,43.70331,0.598842752491208,0.22308468180408442,-20.999999641778622
4.62629,4.48391,75.2618,5115.34681,-0.41632,43.70455,0.6030748427618693,0.22466124678290242,-20.999999641778622
4.67558,4.53118,75.20103,5115.12238,-0.49115,43.70582,0.6081974824973881,0.22656956486914656,-20.999999641778622
4.72488,4.57846,75.13026,5114.91361,-0.56591,43.70712,0.6142318261708294,0.22881751666064107,-20.999999641778622
4.77417,4.62574,75.04948,5114.71998,-0.64058,43.70845,0.6212029151687981,0.23141443073277493,-20.999999641778622
4.82346,4.67302,74.95871,5114.54093,-0.71514,43.7098,0.6291398362809079,0.23437114267999873,-20.999999641778622
4.87275,4.72031,74.85798,5114.37587,-0.78958,43.71116,0.6380759063333287,0.23770006389667922,-20.999999641778622
4.92204,4.7676,74.74729,5114.22422,-0.86388,43.71252,0.6480488842993147,0.24141526059385185,-20.999999641778622
4.97132,4.81489,74.62666,5114.08535,-0.93802,43.71389,0.6591012124067993,0.24553254361814422,-20.999999641778622
5.0206,4.86219,74.49613,5113.9586,-1.01199,43.71525,0.6712802879624814,0.2500695697133997,-20.999999641778622
5.06987,4.90949,74.35571,5113.84327,-1.08577,43.71659,0.6846387678047764,0.2550459549374129,-20.999999641778622
5.11915,4.95679,74.20543,5113.73866,-1.15934,43.71791,0.6992349075039059,0.26048340102288775,-20.999999641778622
5.16842,5.0041,74.04532,5113.64399,-1.23268,43.71921,0.7151329376377734,0.2664058355501014,-20.999999641778622
5.21769,5.05141,73.87542,5113.55847,-1.30577,43.72046,0.7324034796796549,0.2728395668760119,-20.999999641778622
5.26696,5.09872,73.69575,5113.48123,-1.37858,43.72167,0.7511240042428271,0.2798134548424396,-20.999999641778622
5.31623,5.14604,73.50636,5113.41138,-1.4511,43.72283,0.7713793346397169,0.2873590983650988,-20.999999641778622
5.36549,5.19337,73.3073,5113.34795,-1.52329,43.72392,0.7932621989125909,0.29551104107955584,-20.999999641778622
5.41476,5.24069,73.09859,5113.28994,-1.59513,43.72494,0.8168738336806565,0.30430699629016095,-20.999999641778622
5.46402,5.28802,72.8803,5113.23625,-1.6666,43.72588,0.8423246433262771,0.3137880925342588,-20.999999641778622
5.51328,5.33536,72.65248,5113.18573,-1.73766,43.72671,0.8697349181830393,0.32399914112613937,-20.999999641778622
5.56254,5.3827,72.41518,5113.13714,-1.80828,43.72744,0.8992356154996004,0.3349889270866204,-20.999999641778622
5.6118,5.43004,72.16846,5113.08917,-1.87843,43.72805,0.9309692070114698,0.3468105248858358,-20.999999641778622
5.66106,5.47739,71.91239,5113.0404,-1.94808,43.72852,0.965090596942925,0.3595216404231045,-20.999999641778622
5.71031,5.52474,71.64705,5112.98933,-2.01717,43.72884,1.0017681141635075,0.3731849806313298,-20.999999641778622
5.75957,5.5721,71.3725,5112.93434,-2.08568,43.72899,1.0411845820179713,0.38786865201680437,-20.999999641778622
5.80883,5.61945,71.08884,5112.87369,-2.15356,43.72895,1.0835384689924041,0.40364658931261604,-20.999999641778622
5.85808,5.66682,70.79614,5112.80553,-2.22076,43.72872,1.1290451228532647,0.4205990152279113,-20.999999641778622
5.90734,5.71418,70.49451,5112.72785,-2.28724,43.72826,1.1779380901353054,0.4388129319918646,-20.999999641778622
5.95659,5.76155,70.18404,5112.63851,-2.35292,43.72756,1.230470521827503,0.4583826450086733,-20.999999641778622
6.00584,5.80892,69.86485,5112.53519,-2.41777,43.72659,1.2869166647334613,0.4794103184285473,-20.999999641778622
6.0551,5.85629,69.53706,5112.41542,-2.48171,43.72533,1.3475734361983054,0.5020065617749114,-20.999999641778622
6.10435,5.90367,69.20078,5112.27651,-2.54468,43.72375,1.4127620776077783,0.5262910459163244,-20.999999641778622
6.15361,5.95105,68.85617,5112.1156,-2.60661,43.72182,1.4828298791812142,0.5523931455972438,-20.999999641778622
6.20286,5.99842,68.50337,5111.92958,-2.66741,43.71951,1.558151964969627,0.5804526043967801,-20.999999641778622
6.25212,6.0458,68.14253,5111.71512,-2.727,43.7168,1.6391331225149963,0.6106202163249222,-20.999999641778622
6.30137,6.09318,67.77382,5111.46862,-2.7853,43.71363,1.726209656160153,0.6430585162292324,-20.999999641778622
6.35063,6.14056,67.39744,5111.18622,-2.8422,43.70999,1.8198512363672434,0.6779424687146339,-20.999999641778622
6.39989,6.18794,67.01357,5110.86375,-2.8976,43.70581,1.9205627094068969,0.7154601423002411,-20.999999641778622
6.44915,6.23532,66.62243,5110.49671,-2.95138,43.70106,2.028885822231702,0.7558133519801136,-20.999999641778622
6.49841,6.28269,66.22425,5110.08029,-3.00343,43.69569,2.145400806038064,0.7992182491417135,-20.999999641778622
6.54767,6.33006,65.81928,5109.60928,-3.05361,43.68965,2.27072774873611,0.845905832847058,-20.999999641778622
6.59693,6.37742,65.40777,5109.07809,-3.10179,43.68288,2.4055276710928357,0.8961223507243568,-20.999999641778622
6.64619,6.42478,64.99002,5108.48071,-3.1478,43.67532,2.550503203524602,0.9501295510910225,-20.999999641778622
6.69546,6.47213,64.56633,5107.81069,-3.19149,43.66691,2.706398740247355,1.008204740378686,-20.999999641778622
6.74473,6.51948,64.13703,5107.06112,-3.23268,43.65758,2.873999924749636,1.070640591458353,-20.999999641778622
6.79399,6.56681,63.70248,5106.22457,-3.27118,43.64725,3.0541322953629666,1.137744639079736,-20.999999641778622
6.84326,6.61413,63.26305,5105.2931,-3.3068,43.63584,3.247658892344125,1.2098383884464416,-20.999999641778622
6.89254,6.66144,62.81916,5104.25823,-3.33932,43.62327,3.455476598885638,1.2872559521461018,-20.999999641778622
6.94181,6.70874,62.37125,5103.11091,-3.3685,43.60945,3.678510958536702,1.3703421195033094,-20.999999641778622
6.99109,6.75601,61.91978,5101.84151,-3.39412,43.59428,3.917709181973042,1.4594497514173845,-20.999999641778622
7.04037,6.80327,61.46527,5100.4398,-3.4159,43.57765,4.174031028528754,1.5549363834930658,-20.999999641778622
7.08965,6.85051,61.00826,5098.89495,-3.43357,43.55947,4.448437224810686,1.6571599116696427,-20.999999641778622
7.13893,6.89773,60.54934,5097.1955,-3.44685,43.53961,4.741875066997785,1.7664732286986358,-20.999999641778622
7.18822,6.94491,60.08911,5095.32944,-3.45543,43.51795,5.05526084915776,1.8832176782294139,-20.999999641778622
7.23751,6.99207,59.62825,5093.28414,-3.459,43.49437,5.389458771620354,2.007715197623286,-20.999999641778622
7.2868,7.0392,59.16745,5091.04645,-3.45721,43.46873,5.745256017066125,2.140259033140782,-20.999999641778622
7.3361,7.08628,58.70749,5088.60271,-3.44973,43.4409,6.123333743708901,2.281102934138906,-20.999999641778622
7.3854,7.13333,58.24914,5085.93883,-3.4362,43.41074,6.524233842131546,2.430448769117772,-20.999999641778622
7.4347,7.18034,57.79327,5083.04037,-3.41626,43.37809,6.948321441944348,2.588432558464351,-20.999999641778622
7.484,7.2273,57.34076,5079.89267,-3.38953,43.34281,7.3957433435128515,2.7551089891773595,-20.999999641778622
7.53331,7.2742,56.89256,5076.48093,-3.35566,43.30476,7.866382793912411,2.930434567720411,-20.999999641778622
7.58262,7.32105,56.44966,5072.79044,-3.31428,43.26379,8.359811327887849,3.114249679512355,-20.999999641778622
7.63193,7.36784,56.0131,5068.80673,-3.26501,43.21974,8.875238752940334,3.306259957056159,-20.999999641778622
7.68125,7.41456,55.58396,5064.51577,-3.20753,43.17249,9.411462765705425,3.5060175107140625,-20.999999641778622
7.73057,7.46121,55.16336,5059.90426,-3.1415,43.12189,9.966820130183718,3.712902741313917,-20.999999641778622
7.77989,7.50778,54.75247,5054.95991,-3.06663,43.06784,10.539141803375292,3.9261076232672947,-20.999999641778622
7.82921,7.55427,54.35248,5049.67167,-2.98265,43.01021,11.125714826642852,4.144621508099564,-20.999999641778622
7.87853,7.60067,53.96462,5044.03015,-2.88935,42.94892,11.723254166863095,4.367220634537873,-20.999999641778622
7.92786,7.64697,53.59013,5038.02789,-2.78658,42.8839,12.327887936647008,4.592462622654325,-20.999999641778622
7.97718,7.69317,53.23026,5031.65971,-2.67422,42.8151,12.935159487233411,4.818687253523895,-20.999999641778622
8.0265,7.73926,52.88626,5024.9231,-2.55227,42.7425,13.54004969094864,5.0440247700269465,-20.999999641778622
8.07583,7.78523,52.55938,5017.81847,-2.42077,42.66613,14.137022258286116,5.266412758653732,-20.999999641778622
8.12515,7.83108,52.25084,5010.34949,-2.27987,42.58602,14.720094131139868,5.483622372836047,-20.999999641778622
8.17446,7.87681,51.96182,5002.52333,-2.12982,42.50226,15.282931848423422,5.693294231675788,-20.999999641778622
8.22378,7.92239,51.69347,4994.35084,-1.97096,42.41497,15.818973320597435,5.8929837841605845,-20.999999641778622
8.27308,7.96784,51.44686,4985.84665,-1.80375,42.32433,16.3215727460932,6.0802152943445265,-20.999999641778622
8.32239,8.01314,51.22298,4977.02926,-1.62875,42.23054,16.784164572371793,6.252542921156786,-20.999999641778622
8.37168,8.05829,51.02276,4967.92089,-1.44663,42.13385,17.200440604019725,6.407616695827223,-20.999999641778622
8.42096,8.10327,50.84698,4958.54737,-1.25815,42.03453,17.564532774914955,6.543250609327266,-20.999999641778622
8.47023,8.1481,50.69634,4948.93785,-1.06417,41.93293,17.871192921426765,6.657489582616978,-20.999999641778622
8.51949,8.19276,50.57141,4939.12442,-0.86564,41.82939,18.115960290835652,6.748671867938877,-20.999999641778622
8.56873,8.23724,50.4726,4929.14168,-0.66356,41.7243,18.29530761738853,6.81548346599199,-20.999999641778622
8.61796,8.28155,50.40022,4919.02614,-0.45902,41.61806,18.406757451226746,6.857001461518337,-20.999999641778622
8.66716,8.32569,50.3544,4908.81571,-0.25311,41.51109,18.448962000349777,6.872723766535188,-20.999999641778622
8.71635,8.36965,50.33514,4898.54896,-0.04696,41.40383,18.421741921937063,6.862583571123086,-20.999999641778622
8.76551,8.41342,50.34229,4888.26454,0.1583,41.29669,18.326082080163346,6.826947763100458,-20.999999641778622
8.81466,8.45702,50.37554,4878.00054,0.36156,41.19012,18.164085025081636,6.766599597683473,-20.999999641778622
8.86377,8.50044,50.43447,4867.79384,0.56175,41.08451,17.938885575664695,6.682706877421535,-20.999999641778622
8.91286,8.54368,50.5185,4857.67956,0.75785,40.98026,17.65453216302713,6.576777749425472,-20.999999641778622
8.96193,8.58675,50.62697,4847.69062,0.9489,40.87774,17.31584231152227,6.450606868273588,-20.999999641778622
9.01096,8.62964,50.75906,4837.85728,1.13402,40.77729,16.928240683601103,6.30621506346034,-20.999999641778622
9.05996,8.67236,50.9139,4828.20685,1.31244,40.67922,16.497588451144303,6.145785775727992,-20.999999641778622
9.10894,8.71492,51.09049,4818.76348,1.48346,40.58379,16.03001242262899,5.9716014024403,-20.999999641778622
9.15788,8.75731,51.28779,4809.54803,1.64648,40.49124,15.531741459730712,5.785982358462627,-20.999999641778622
9.20679,8.79955,51.50468,4800.57801,1.80103,40.40176,15.008956408871622,5.591231171715077,-20.999999641778622
9.25567,8.84163,51.74002,4791.86763,1.9467,40.31552,14.467658222296619,5.389583354803432,-20.999999641778622
9.30452,8.88357,51.99262,4783.42792,2.0832,40.23262,13.913557314725916,5.183166187461025,-20.999999641778622
9.35333,8.92536,52.26126,4775.26687,2.21034,40.15315,13.35198563845028,4.973965962208278,-20.999999641778622
9.40212,8.96702,52.54473,4767.38967,2.328,40.07718,12.787831571539723,4.763803728497235,-20.999999641778622
9.45087,9.00855,52.84181,4759.79892,2.43615,40.00471,12.225496572015205,4.554319145250034,-20.999999641778622
9.49959,9.04995,53.15129,4752.4949,2.53483,39.93574,11.668871689454594,4.34696173081411,-20.999999641778622
9.54827,9.09123,53.47198,4745.47583,2.62412,39.87025,11.12133144716053,4.142988583908744,-20.999999641778622
9.59693,9.1324,53.8027,4738.73819,2.7042,39.80817,10.58574229048328,3.943467530847629,-20.999999641778622
9.64556,9.17346,54.14232,4732.27692,2.77525,39.74946,10.064482702471444,3.7492846191480242,-20.999999641778622
9.69415,9.21441,54.48972,4726.0857,2.83752,39.69401,9.559472170559902,3.561154908384175,-20.999999641778622
9.74272,9.25528,54.84384,4720.15721,2.89128,39.64173,9.072206399460944,3.379635587915772,-20.999999641778622
9.79126,9.29604,55.20365,4714.48333,2.93682,39.59252,8.603796461062228,3.2051405612550252,-20.999999641778622
9.83977,9.33673,55.56816,4709.05532,2.97446,39.54627,8.155009912712575,3.0379557637100207,-20.999999641778622
9.88823,9.37735,55.93701,4703.86294,3.01416,39.55487,7.725664929728456,2.87801346080205,0.0
9.93663,9.41794,56.30987,4698.89619,3.0461,39.56351,7.315486129637098,2.7252110653142534,0.0
9.98497,9.45849,56.6858,4694.14619,3.07062,39.57219,6.924710942748742,2.5796370262843658,0.0
10.03325,9.49902,57.06393,4689.60393,3.08808,39.5809,6.553349626459652,2.4412951648623835,0.0
10.08148,9.53952,57.44343,4685.26034,3.09882,39.58965,6.201226684084546,2.3101201039154415,0.0
10.12965,9.57999,57.82351,4681.10639,3.10317,39.59843,5.8680136063782005,2.185989465106097,0.0
10.17778,9.62044,58.20341,4677.13323,3.10149,39.60726,5.553258505317841,2.0687349082559767,0.0
10.22585,9.66087,58.58245,4673.33215,3.09408,39.61612,5.25641254056294,1.9581519758973762,0.0
10.27388,9.70127,58.95994,4669.69473,3.08128,39.62503,4.976853163932813,1.8540087524527613,0.0
10.32186,9.74166,59.33527,4666.21282,3.06339,39.63398,4.713904299273328,1.7560533817660837,0.0
10.3698,9.78203,59.70785,4662.87857,3.04071,39.64298,4.466853639197312,1.6640205105936872,0.0
10.4177,9.82238,60.07713,4659.68447,3.01353,39.65202,4.234967281256808,1.57763674096357,0.0
10.46556,9.86272,60.44258,4656.62336,2.9821,39.6611,4.017501948832686,1.496625182778324,0.0
10.51338,9.90305,60.80374,4653.68842,2.9467,39.67023,3.813715050473698,1.4207092011836002,0.0
10.56116,9.94336,61.16013,4650.87317,2.90756,39.67941,3.6228728293487236,1.3496154524535033,0.0
10.60891,9.98367,61.51134,4648.1715,2.86492,39.68864,3.444256844757694,1.2830762985239446,0.0
10.65662,10.02396,61.85697,4645.57763,2.81899,39.69792,3.277169012885105,1.2208316848059584,0.0
10.70431,10.06425,62.19664,4643.08609,2.76999,39.70725,3.120935416077251,1.1626305592416986,0.0
10.75195,10.10453,62.53001,4640.69175,2.71811,39.71662,2.974909070367187,1.1082319032803056,0.0
10.79957,10.1448,62.85675,4638.38978,2.66353,39.72605,2.8384718209730706,1.057405438000912,0.0
10.84716,10.18507,63.17656,4636.17564,2.60642,39.73553,2.711035515807628,1.0099320612757952,0.0
10.89472,10.22533,63.48915,4634.04508,2.54695,39.74506,2.5920425882192144,0.9656040648567561,0.0
10.94225,10.26559,63.79426,4631.99408,2.48527,39.75465,2.480966162670187,0.9242251737430933,0.0
10.98975,10.30585,64.09164,4630.01891,2.42153,39.76428,2.377309780969745,0.8856104441961323,0.0
11.03723,10.3461,64.38105,4628.11605,2.35585,39.77397,2.280606832181932,0.8495860513649561,0.0
11.08468,10.38635,64.66229,4626.2822,2.28836,39.78372,2.1904197563739625,0.8159889926617082,0.0
11.1321,10.42661,64.93516,4624.51428,2.21919,39.79351,2.1063390809838993,0.7846667287831951,0.0
11.17951,10.46686,65.19945,4622.80938,2.14844,39.80337,2.0279823386045823,0.7554767805569266,0.0
11.22688,10.50711,65.45501,4621.1648,2.07621,39.81327,1.954992906364944,0.7282862965801173,0.0
11.27424,10.54737,65.70166,4619.57797,2.00262,39.82324,1.8870387996654712,0.7029716038544085,0.0
11.32157,10.58762,65.93925,4618.04652,1.92773,39.83326,1.823811446721396,0.6794177512709615,0.0
11.36888,10.62788,66.16765,4616.56817,1.85165,39.84333,1.7650244649972522,0.6575180538001371,0.0
11.41617,10.66814,66.38672,4615.14082,1.77446,39.85346,1.710412456141466,0.6371736435729235,0.0
11.46344,10.7084,66.59634,4613.76247,1.69623,39.86365,1.6597298322555394,0.6182930326353234,0.0
11.51069,10.74867,66.79639,4612.43123,1.61703,39.87389,1.6127496832396988,0.6007916910048072,0.0
11.55792,10.78894,66.98678,4611.14533,1.53694,39.88419,1.5692626923888795,0.5845916427012846,0.0
11.60512,10.82922,67.16739,4609.90309,1.45601,39.89454,1.5290761053370165,0.569621081651723,0.0
11.65231,10.8695,67.33815,4608.70291,1.37431,39.90496,1.4920127557574554,0.5558140087379178,0.0
11.69948,10.90979,67.49897,4607.54328,1.2919,39.91543,1.4579101498912266,0.5431098907591844,0.0
11.74663,10.95009,67.64977,4606.42275,1.20883,39.92596,1.4266196109093956,0.5314533416848218,0.0
11.79377,10.99039,67.79049,4605.33995,1.12515,39.93654,1.3980054833000268,0.5207938262673231,0.0
11.84088,11.03069,67.92105,4604.29356,1.04091,39.94719,1.37194439684375,0.5110853858539064,0.0
11.88798,11.07101,68.0414,4603.28232,0.95617,39.95789,1.348324589285668,0.5022863860639811,0.0
11.93506,11.11133,68.15148,4602.30501,0.87096,39.96865,1.3270452864870954,0.4943592858793597,0.0
11.98212,11.15166,68.25126,4601.36046,0.78534,39.97947,1.3080161386262652,0.48727042761418676,0.0
12.02917,11.192,68.34067,4600.44754,0.69934,39.99034,1.2911567108963269,0.4809898471865436,0.0
12.0762,11.23235,68.41969,4599.56514,0.613,40.00128,1.2763960270920858,0.4754911040924988,0.0
12.12322,11.2727,68.48829,4598.71219,0.52637,40.01227,1.2636721644988371,0.47075113049154005,0.0
12.17021,11.31307,68.54643,4597.88762,0.43948,40.02332,1.2529318985318914,0.46675009882544755,0.0
12.2172,11.35344,68.59408,4597.09041,0.35237,40.03443,1.2441303956875847,0.46347130743446596,0.0
12.26416,11.39382,68.63124,4596.31953,0.26508,40.0456,1.2372309534678627,0.46090108367236904,0.0
12.31112,11.43422,68.65787,4595.57396,0.17764,40.05683,1.2322047860994658,0.4590287040812187,0.0
12.35805,11.47462,68.67398,4594.8527,0.09009,40.06812,1.2290308550150808,0.4578463312411324,0.0
12.40497,11.51504,68.67955,4594.15474,0.00247,40.07946,1.2276957432383575,0.457348966975398,0.0
12.45188,11.55546,68.67457,4593.47908,-0.0852,40.09087,1.2281935729957125,0.45753442165870184,0.0
12.49877,11.5959,68.65906,4592.82468,-0.17286,40.10233,1.2305259660542873,0.4584032994419758,0.0
12.54565,11.63635,68.633,4592.19052,-0.2605,40.11385,1.2347020464745426,0.4599589992778097,0.0
12.59251,11.67681,68.59642,4591.57556,-0.34808,40.12543,1.240738485638155,0.4622077316945287,0.0
12.63936,11.71728,68.54933,4590.97872,-0.43555,40.13708,1.2486595896053354,0.4651585513390922,0.0
12.6862,11.75776,68.49173,4590.39892,-0.52288,40.14878,1.258497429004276,0.4688234053643307,0.0
12.73301,11.79826,68.42313,4589.83612,-0.61881,40.17893,1.2703867594329605,0.47325249377612655,50.99999913003379
12.7798,11.83879,68.34303,4589.29019,-0.71461,40.20935,1.2844754233014035,0.4785008917621779,50.99999913003379
12.82656,11.87935,68.25143,4588.75986,-0.81026,40.24005,1.3008297057441327,0.48459329227916326,50.99999913003379
12.87329,11.91994,68.14836,4588.24379,-0.90573,40.27108,1.3195269108812215,0.4915584931458037,50.99999913003379
12.92,11.96056,68.03385,4587.7406,-1.00098,40.30246,1.3406559975670442,0.4994296338760022,50.99999913003379
12.96667,12.0012,67.90793,4587.24886,-1.096,40.33423,1.364318198397108,0.5082444262751749,50.99999913003379
13.01333,12.04187,67.77064,4586.76704,-1.19074,40.36643,1.3906277251792005,0.5180454172468161,50.99999913003379
13.05995,12.08258,67.622,4586.29358,-1.28518,40.39911,1.419712565631873,0.528880285583646,50.99999913003379
13.10654,12.12331,67.46206,4585.82679,-1.37928,40.43229,1.4517153765646755,0.5408021747007483,50.99999913003379
13.15311,12.16408,67.29086,4585.36492,-1.473,40.46604,1.4867944792337868,0.5538700634317325,50.99999913003379
13.19965,12.20488,67.10846,4584.90611,-1.56632,40.50038,1.5251249629935542,0.5681491771679714,50.99999913003379
13.24616,12.24571,66.91491,4584.44837,-1.65918,40.53537,1.566899903705848,0.5837114417481433,50.99999913003379
13.29263,12.28657,66.71026,4583.98962,-1.75155,40.57107,1.612331703657429,0.600635982612707,50.99999913003379
13.33908,12.32746,66.49459,4583.52761,-1.84339,40.60753,1.661653559899933,0.6190096717991806,50.99999913003379
13.3855,12.36839,66.26797,4583.05997,-1.93464,40.6448,1.7151210679589683,0.6389277253659762,50.99999913003379
13.43188,12.40935,66.03046,4582.58416,-2.02525,40.68296,1.7730139677092762,0.6604943537768341,50.99999913003379
13.47823,12.45035,65.78215,4582.09744,-2.11518,40.72206,1.835638037822158,0.6838234676323349,50.99999913003379
13.52455,12.49138,65.52313,4581.59692,-2.20437,40.76218,1.9033271445010131,0.7090394408777936,50.99999913003379
13.57084,12.53245,65.2535,4581.07947,-2.29274,40.80339,1.9764454491533994,0.7362779332191887,50.99999913003379
13.61709,12.57356,64.97337,4580.54173,-2.38025,40.84579,2.0553897781021337,0.7656867729028983,50.99999913003379
13.6633,12.61471,64.68284,4579.98012,-2.46681,40.88945,2.14059215529151,0.7974269002154062,50.99999913003379
13.70948,12.65589,64.38203,4579.39076,-2.55236,40.93447,2.2325224960860908,0.831673370994229,50.99999913003379
13.75561,12.69712,64.07109,4578.7695,-2.63681,40.98096,2.3316914564793785,0.8686164180331147,50.99999913003379
13.80171,12.73838,63.75015,4578.11184,-2.72007,41.02903,2.4386534271925155,0.9084625664625864,50.99999913003379
13.84776,12.77969,63.41936,4577.41297,-2.80205,41.07879,2.554009655956429,0.9514357968821939,50.99999913003379
13.89377,12.82104,63.0789,4576.66768,-2.88264,41.13038,2.678411473538919,0.9977787471404873,50.99999913003379
13.93974,12.86243,62.72894,4575.87037,-2.96175,41.18393,2.8125635894473047,1.047753940070966,50.99999913003379
13.98565,12.90387,62.36967,4575.01499,-3.03925,41.23959,2.9572274114119237,1.1016450200870234,50.99999913003379
14.03152,12.94535,62.0013,4574.09504,-3.11501,41.29752,3.113224328322629,1.1597579761621721,50.99999913003379
14.07734,12.98689,61.62407,4573.10348,-3.18891,41.3579,3.281438878880676,1.222422322236244,50.99999913003379
14.1231,13.02847,61.23821,4572.03274,-3.26078,41.42092,3.462821707377005,1.2899921983205713,50.99999913003379
14.16881,13.0701,60.84398,4570.87466,-3.33047,41.48677,3.658392183283696,1.3628473463647286,50.99999913003379
14.21445,13.11179,60.44167,4569.62044,-3.39782,41.55568,3.8692405323199948,1.4413939041347,50.99999913003379
14.26004,13.15353,60.03159,4568.26061,-3.46262,41.62788,4.096529292946986,1.526064947795467,50.99999913003379
14.30555,13.19532,59.61405,4566.78499,-3.5247,41.70362,4.3414938735382975,1.6173206994717568,50.99999913003379
14.351,13.23718,59.18943,4565.18263,-3.58383,41.78318,4.6054419416853944,1.715648299748196,50.99999913003379
14.39637,13.27909,58.75809,4563.44178,-3.63978,41.86686,4.889751328265012,1.82156102687928,50.99999913003379
14.44166,13.32107,58.32046,4561.54982,-3.69231,41.95496,5.195866075596859,1.9355968246241404,50.99999913003379
14.48687,13.36311,57.87698,4559.49327,-3.74115,42.04782,5.525290202084337,2.0583159794111494,50.99999913003379
14.53199,13.40522,57.42812,4557.25771,-3.78603,42.1458,5.879578696958978,2.190297765643283,50.99999913003379
14.57702,13.4474,56.9744,4554.82776,-3.82663,42.2493,6.26032520049961,2.332135856255604,50.99999913003379
14.62195,13.48965,56.51637,4552.18708,-3.86264,42.35872,6.669145771102099,2.484432275521628,50.99999913003379
14.66677,13.53197,56.05463,4549.31834,-3.89372,42.47449,7.1076580957410815,2.6477896544033115,50.99999913003379
14.71148,13.57438,55.58982,4546.2032,-3.9195,42.59708,7.577455471265741,2.82280153789914,50.99999913003379
14.75607,13.61686,55.1226,4542.82237,-3.93961,42.72697,8.080074878978838,3.0100404919848036,50.99999913003379
14.80053,13.65944,54.65372,4539.15563,-3.95365,42.86469,8.616958504343106,3.2100437686913543,50.99999913003379
14.84485,13.7021,54.18395,4535.18188,-3.9612,43.01075,9.189408129605296,3.423296316157657,50.99999913003379
14.88903,13.74485,53.71413,4530.87923,-3.96182,43.16573,9.798531963527257,3.6502109713062287,50.99999913003379
14.93305,13.7877,53.24512,4526.22513,-3.95508,43.33019,10.445183684073756,3.891105751640566,50.99999913003379
14.97691,13.83065,52.77787,4521.19653,-3.9405,43.50472,11.12989377189601,4.1461782751610325,50.99999913003379
15.02059,13.87371,52.31336,4515.77006,-3.91763,43.68993,11.852793617832075,4.415477488411904,50.99999913003379
15.06408,13.91688,51.85264,4509.92232,-3.88601,43.88641,12.613533406145189,4.698873075827032,50.99999913003379
15.10737,13.96016,51.3968,4503.63011,-3.84515,44.09477,13.411195409200253,4.996023159715472,50.99999913003379
15.15045,14.00356,50.94699,4496.8708,-3.79463,44.31559,14.24420507119376,5.306341176611365,50.99999913003379
15.19329,14.04708,50.50439,4489.62276,-3.73399,44.54943,15.110243086172165,5.6289631240224,50.99999913003379
15.2359,14.09073,50.07026,4481.86576,-3.66283,44.79684,16.00616254878574,5.962716696905743,50.99999913003379
15.27825,14.13452,49.64585,4473.58147,-3.58079,45.0583,16.92791611383423,6.306094152682234,50.99999913003379
15.32033,14.17844,49.23249,4464.75401,-3.48754,45.33422,17.870498858614596,6.657231025957554,50.99999913003379
15.36212,14.2225,48.83151,4455.37049,-3.38283,45.62498,18.827913096413933,7.013893020622506,50.99999913003379
15.4036,14.26671,48.44424,4445.4216,-3.26648,45.93081,19.79316162012689,7.373473492922752,50.99999913003379
15.44477,14.31107,48.07206,4434.90217,-3.13837,46.2519,20.75827563855906,7.733003858466857,50.99999913003379
15.48559,14.35558,47.71629,4423.81172,-2.9985,46.58826,21.71438289124992,8.089178966790055,50.99999913003379
15.52607,14.40025,47.37827,4412.15499,-2.84699,46.93981,22.65182001028921,8.43839895908726,50.99999913003379
15.56616,14.44507,47.05927,4399.94231,-2.68406,47.3063,23.560291111815218,8.776828347718979,50.99999913003379
15.60588,14.49006,46.76054,4387.18999,-2.51005,47.68733,24.42907189460728,9.10047204830717,50.99999913003379
15.64518,14.53521,46.48324,4373.9205,-2.32546,48.08233,25.247255336360627,9.405266908062268,50.99999913003379
15.68407,14.58051,46.22846,4360.16252,-2.13089,48.49058,26.004031642978106,9.687185994260291,50.99999913003379
15.72253,14.62598,45.99719,4345.95085,-1.92712,48.91116,26.688991737783,9.94235165195987,50.99999913003379
15.76053,14.67161,45.79029,4331.32614,-1.71501,49.34302,27.292440645114173,10.16715224763707,50.99999913003379
15.79808,14.7174,45.60853,4316.33441,-1.49558,49.78495,27.805705002281627,10.35835672547996,50.99999913003379
15.83516,14.76334,45.45251,4301.02645,-1.26994,50.23558,28.221417954918163,10.513220738403149,50.99999913003379
15.87176,14.80943,45.32269,4285.45705,-1.03931,50.69346,28.533765075771907,10.629578259268534,50.99999913003379
15.90787,14.85567,45.21939,4269.68407,-0.80497,51.15701,28.738676768346835,10.705913256303813,50.99999913003379
15.94349,14.90206,45.14276,4253.76747,-0.56826,51.62459,28.833955768568515,10.741407190827761,50.99999913003379
15.97861,14.94858,45.0928,4237.76825,-0.33057,52.09452,28.819332561602117,10.735959661473045,50.99999913003379
16.01323,14.99523,45.06933,4221.74737,-0.09328,52.56511,28.69644636873715,10.690181321300514,50.99999913003379
16.04736,15.04201,45.07205,4205.76471,0.14226,53.03467,28.468754332383185,10.605360046820627,50.99999913003379
16.08099,15.0889,45.10048,4189.87809,0.3747,53.50157,28.141376129812986,10.483403052524304,50.99999913003379
16.11412,15.13591,45.15403,4174.14239,0.60277,53.96424,27.720885036268154,10.326759056392318,50.99999913003379
16.14677,15.18302,45.23196,4158.60879,0.82529,54.4212,27.215059117501045,10.138325592570652,50.99999913003379
16.17894,15.23023,45.33342,4143.32411,1.04115,54.87109,26.632607598672728,9.921347076585306,50.99999913003379
16.21063,15.27753,45.45748,4128.33041,1.24936,55.31265,25.98288753336454,9.679309257094232,50.99999913003379
16.24187,15.32491,45.60311,4113.66463,1.44904,55.7448,25.27562482779294,9.415835290067049,50.99999913003379
16.27265,15.37236,45.76918,4099.35845,1.63942,56.16657,24.520651711746297,9.134587939801461,50.99999913003379
16.30298,15.41989,45.95455,4085.43825,1.81989,56.57716,23.72767019489795,8.839181460176027,50.99999913003379
16.3329,15.46747,46.15801,4071.92521,1.98991,56.9759,22.906048221255546,8.533105656819034,50.99999913003379
16.36239,15.51512,46.37831,4058.83556,2.1491,57.36227,22.064652419728315,8.219663582294217,50.99999913003379
16.39149,15.56282,46.6142,4046.18079,2.29716,57.73591,21.21171877300386,7.901923356854457,50.99999913003379
16.4202,15.61056,46.86443,4033.96806,2.43394,58.09655,20.354760347031416,7.582683795246507,50.99999913003379
16.44854,15.65835,47.12772,4022.20059,2.55934,58.44406,19.500509524155902,7.264452887033488,50.99999913003379
16.47653,15.70618,47.40284,4010.87807,2.67338,58.77843,18.654890987209054,6.949437732458008,50.99999913003379
16.50417,15.75403,47.68855,3999.99707,2.77614,59.09973,17.823020981650753,6.639544267570397,50.99999913003379
16.53148,15.80192,47.98365,3989.55151,2.86778,59.40812,17.0092280777006,6.336384998668989,50.99999913003379
16.55847,15.84984,48.28697,3979.53306,2.94851,59.70383,16.217090684620665,6.041292977357518,50.99999913003379
16.58516,15.89778,48.59738,3969.9315,3.0186,59.98714,15.449486849811478,5.755340352018672,50.99999913003379
16.61157,15.94575,48.91378,3960.73514,3.07834,60.25841,14.708652324664335,5.479359998871864,50.99999913003379
16.6377,15.99373,49.23513,3951.93112,3.12806,60.51801,13.996243425406414,5.213968939292021,50.99999913003379
16.66357,16.04173,49.5604,3943.50569,3.16814,60.76636,13.313401802148777,4.9595924679841366,50.99999913003379
16.68918,16.08975,49.88864,3935.44451,3.19894,61.00389,12.660818808192287,4.716488132243382,50.99999913003379
16.71456,16.13778,50.21893,3927.73289,3.22084,61.23106,12.038797703336899,4.484768904324485,50.99999913003379
16.73971,16.18582,50.55039,3920.35593,3.23425,61.44832,11.447312409683787,4.264425069523985,50.99999913003379
16.76464,16.23388,50.8822,3913.29874,3.23955,61.65614,10.886061955967056,4.055344508126303,50.99999913003379
16.78936,16.28195,51.21357,3906.54656,3.23713,61.85498,10.354520094036543,3.8573311788490816,50.99999913003379
16.81388,16.33002,51.54375,3900.08489,3.22739,62.04529,9.85197985040395,3.6701217154663377,50.99999913003379
16.83822,16.37811,51.87205,3893.89954,3.21071,62.22753,9.377592992712804,3.4934001291069494,50.99999913003379
16.86237,16.42621,52.19781,3887.97677,3.18745,62.40213,8.930404552531286,3.326810668903332,50.99999913003379
16.88634,16.47431,52.5204,3882.30326,3.15797,62.56953,8.50938266031566,3.1699689363003225,50.99999913003379
16.91016,16.52242,52.83923,3876.86622,3.12262,62.73012,8.11344402394717,3.022471376480553,50.99999913003379
16.93381,16.57054,53.15377,3871.65339,3.08173,62.88431,7.741475426518469,2.883903286855536,50.99999913003379
16.9573,16.61867,53.46349,3866.65303,3.03562,63.03248,7.3923516391073685,2.7538454900452027,50.99999913003379
16.98066,16.6668,53.76791,3861.85398,2.9846,63.17498,7.064950145992597,2.631879819408214,50.99999913003379
17.00387,16.71494,54.06658,3857.2456,2.92896,63.31217,6.758163068294207,2.5175935609117395,50.99999913003379
17.02694,16.76309,54.35907,3852.81782,2.86898,63.44437,6.470906651480969,2.4105829874776004,50.99999913003379
17.04989,16.81124,54.64498,3848.56107,2.80491,63.57191,6.202128655873547,2.3104561121391503,50.99999913003379
17.07271,16.8594,54.92394,3844.4663,2.73702,63.69507,5.950813959663635,2.2168347753133335,50.99999913003379
17.09541,16.90757,55.1956,3840.52497,2.66553,63.81414,5.715988653160314,2.1293561700151775,50.99999913003379
17.11799,16.95574,55.45965,3836.72899,2.59067,63.92938,5.496722872206065,2.047673897379807,50.99999913003379
17.14047,17.00392,55.71577,3833.07075,2.51266,64.04105,5.2921325890402375,1.9714586338062092,50.99999913003379
17.16283,17.05211,55.96368,3829.54304,2.43169,64.14939,5.1013805510048496,1.9003984806498428,50.99999913003379
17.18508,17.1003,56.20313,3826.13908,2.34795,64.25463,4.923676531701625,1.8341990577852425,50.99999913003379
17.20724,17.1485,56.43385,3822.85246,2.26163,64.35697,4.758277035832706,1.772583393651417,50.99999913003379
17.22929,17.19671,56.65563,3819.67712,2.1729,64.45662,4.604484577923229,1.7152916565570329,50.99999913003379
17.25125,17.24492,56.86826,3816.60734,2.08191,64.55377,4.4616466365050975,1.6620807650863503,50.99999913003379
17.27312,17.29314,57.07152,3813.63773,1.98882,64.64859,4.329154368977919,1.6127239093511112,50.99999913003379
17.29489,17.34137,57.26525,3810.76318,1.89377,64.74128,4.206441158104077,1.5670100095217059,50.99999913003379
17.31657,17.38961,57.44926,3807.97884,1.7969,64.83197,4.092981048765692,1.524743133478012,50.99999913003379
17.33817,17.43785,57.62341,3805.28012,1.69834,64.92084,3.9882871230651378,1.4857418914915832,50.99999913003379
17.35968,17.48611,57.78755,3802.66265,1.59821,65.00801,3.8919098528349094,1.4498388224922263,50.99999913003379
17.38111,17.53437,57.94155,3800.12229,1.49663,65.09365,3.8034354610186814,1.4168797836393296,50.99999913003379
17.40246,17.58263,58.08527,3797.65508,1.39371,65.17786,3.7224843169744206,1.3867233525300535,50.99999913003379
17.42372,17.63091,58.21861,3795.25723,1.28955,65.26079,3.6487093854286172,1.359240249393967,50.99999913003379
17.44491,17.6792,58.34147,3792.92512,1.18427,65.34255,3.5817947443624223,1.3343127849666412,50.99999913003379
17.46602,17.72749,58.45376,3790.65526,1.07795,65.42326,3.521454183478082,1.3118343383815156,50.99999913003379
17.48705,17.77579,58.55539,3788.44432,0.9707,65.50304,3.467429891924295,1.2917088683130697,50.99999913003379
17.50801,17.82411,58.64628,3786.28903,0.8626,65.58198,3.419491241539524,1.2738504597029385,50.99999913003379
17.52889,17.87243,58.72637,3784.18627,0.75373,65.66019,3.37743366996229,1.2581829076891107,50.99999913003379
17.5497,17.92076,58.7956,3782.13298,0.64419,65.73777,3.341077666407381,1.2446393397808824,50.99999913003379
17.57043,17.9691,58.85392,3780.12617,0.53406,65.81483,3.3102678617311,1.233161876884218,50.99999913003379
17.5911,18.01745,58.90129,3778.16293,0.42341,65.89145,3.2848722234766257,1.223701333434969,50.99999913003379
17.61169,18.06581,58.93767,3776.24038,0.31233,65.96774,3.2647813558815075,1.2162169566332464,50.99999913003379
17.63221,18.11418,58.96304,3774.35568,0.20089,66.04377,3.2499079043089254,1.2106762045783959,50.99999913003379
17.65266,18.16256,58.97737,3772.50601,0.08917,66.11965,3.2401860631813384,1.2070545629613347,50.99999913003379
17.67303,18.21095,58.98065,3770.68857,-0.02275,66.19547,3.235571186192974,1.2053353998584475,50.99999913003379
17.69334,18.25935,58.97287,3768.90055,-0.13481,66.27131,3.236039497370962,1.2055098580942567,50.99999913003379
17.71358,18.30776,58.95405,3767.13915,-0.24693,66.34726,3.2415879013714215,1.2075767845717231,50.99999913003379
17.73374,18.35618,58.92417,3765.40152,-0.35903,66.42341,3.252233891255707,1.211542695916472,50.99999913003379
17.75384,18.40462,58.88327,3763.68479,-0.47103,66.49986,3.2680155517954392,1.2174217797080018,50.99999913003379
17.77386,18.45306,58.83136,3761.98605,-0.58287,66.5767,3.288991656178232,1.2252359305051148,50.99999913003379
17.79384,18.50151,58.76984,3760.29892,-0.6665,66.59538,3.3145942771575467,1.2347735804654103,0.0
17.81379,18.54994,58.70015,3758.61739,-0.7496,66.61408,3.344249657405803,1.245820989887901,0.0
17.83372,18.59837,58.62235,3756.93905,-0.83205,66.6328,3.3780266409821573,1.2584038049960178,0.0
17.85362,18.64679,58.53651,3755.26138,-0.91377,66.65155,3.416003999312798,1.272551370218618,0.0
17.8735,18.69519,58.44272,3753.58184,-0.99466,66.67032,3.4582696458436057,1.2882964356274331,0.0
17.89335,18.74359,58.34106,3751.89776,-1.07462,66.68912,3.5049204775286857,1.3056750978873806,0.0
17.91318,18.79198,58.23166,3750.20643,-1.15355,66.70794,3.5560621749739445,1.3247267258047841,0.0
17.93299,18.84035,58.11461,3748.50503,-1.23134,66.72678,3.611808951994521,1.3454938670309295,0.0
17.95277,18.88872,57.99004,3746.79065,-1.30789,66.74565,3.6722832441704867,1.3680221320408674,0.0
17.97253,18.93708,57.85809,3745.0603,-1.38308,66.76454,3.737615324764055,1.3923600510524676,0.0
17.99226,18.98542,57.71891,3743.31087,-1.45681,66.78345,3.807942835066581,1.4185588990683216,0.0
18.01197,19.03376,57.57264,3741.53913,-1.52895,66.80238,3.883410214934804,1.4466724837355045,0.0
18.03166,19.08208,57.41947,3739.74177,-1.59939,66.82134,3.964168017897104,1.4767568902046404,0.0
18.05132,19.13039,57.25957,3737.91534,-1.668,66.84032,4.050372093902305,1.508870176682325,0.0
18.07095,19.17869,57.09313,3736.05627,-1.73465,66.85932,4.142182621433766,1.543072013868159,0.0
18.09056,19.22698,56.92036,3734.16089,-1.79922,66.87834,4.239762969535991,1.5794232610297185,0.0
18.11014,19.27525,56.74148,3732.22537,-1.86157,66.89738,4.343278369195931,1.6179854710571326,0.0
18.1297,19.32351,56.55671,3730.24579,-1.92156,66.91644,4.452894372670538,1.6588203165220559,0.0
18.14923,19.37176,56.36632,3728.21807,-1.97905,66.93552,4.568775078814109,1.7019889285654162,0.0
18.16874,19.41999,56.17055,3726.13803,-2.0339,66.95462,4.691081102279895,1.7475511403715758,0.0
18.18822,19.46821,55.96968,3724.00133,-2.08594,66.97374,4.819967264873456,1.7955646271367112,0.0
18.20767,19.51641,55.76401,3721.80354,-2.13504,66.99288,4.95557998834506,1.8460839348153868,0.0
18.22709,19.56459,55.55382,3719.54011,-2.18102,67.01204,5.098054369778363,1.8991593906258815,0.0
18.24649,19.61276,55.33945,3717.20635,-2.22373,67.03122,5.247510923531583,1.9548358893375553,0.0
18.26586,19.66091,55.12123,3714.79749,-2.26302,67.05041,5.404051977704104,2.013151550859844,0.0
18.28521,19.70904,54.89952,3712.30867,-2.2987,67.06962,5.567757718394995,2.074136246624473,0.0
18.30452,19.75715,54.67467,3709.73494,-2.33062,67.08884,5.738681881894112,2.137809994813301,0.0
18.32381,19.80524,54.44707,3707.07128,-2.3586,67.10808,5.9168471034823735,2.2041812276640402,0.0
18.34306,19.8533,54.21712,3704.31263,-2.38248,67.12733,6.102239941915499,2.2732449379595354,0.0
18.36229,19.90135,53.98524,3701.45392,-2.40209,67.1466,6.294805611008412,2.344980716404335,0.0
18.38149,19.94937,53.75186,3698.49006,-2.41725,67.16588,6.494442464081743,2.4193506969358882,0.0
18.40066,19.99736,53.51743,3695.416,-2.42781,67.18517,6.700996293327323,2.4962974330882006,0.0
18.41979,20.04533,53.2824,3692.22675,-2.43359,67.20447,6.914254524309051,2.5757417352906535,0.0
18.4389,20.09326,53.04726,3688.9174,-2.43446,67.22379,7.133940405452451,2.657580506299985,0.0
18.45797,20.14117,52.81249,3685.4832,-2.43024,67.24311,7.359707313217591,2.7416846197273532,0.0
18.47701,20.18905,52.5786,3681.91957,-2.4208,67.26244,7.591133314927882,2.8278968945490135,0.0
18.49601,20.23689,52.34611,3678.22214,-2.40602,67.28178,7.827716152230633,2.9160302263133766,0.0
18.51499,20.2847,52.11554,3674.38682,-2.38576,67.30112,8.068868827899736,3.0058659431088888,0.0
18.53393,20.33247,51.88742,3670.40984,-2.35992,67.32047,8.313915995788987,3.097152460726664,0.0
18.55283,20.38021,51.66231,3666.28781,-2.32841,67.33983,8.562091367065298,3.189604316414104,0.0
18.5717,20.4279,51.44075,3662.01779,-2.29116,67.35918,8.812536353620162,3.2829016635099766,0.0
18.59053,20.47555,51.2233,3657.59729,-2.24812,67.37854,9.064300170359719,3.376690309550158,0.0
18.60932,20.52316,51.01051,3653.0244,-2.19925,67.39791,9.316341610245587,3.4705823775170446,0.0
18.62808,20.57073,50.80293,3648.29779,-2.14455,67.41727,9.567532688152138,3.564157663272266,0.0
18.64679,20.61824,50.60113,3643.41681,-2.08403,67.43663,9.81666432053754,3.656965751383587,0.0
18.66547,20.66571,50.40563,3638.38149,-2.01777,67.45598,10.06245416707364,3.748528936338364,0.0
18.68411,20.71313,50.21699,3633.19262,-1.94582,67.47534,10.303556707417188,3.8383459764059675,0.0
18.70271,20.76049,50.03572,3627.85178,-1.8683,67.49468,10.53857556188686,3.9258966834141433,0.0
18.72126,20.8078,49.86233,3622.36137,-1.78537,67.51403,10.766077990398752,4.010647323983976,0.0
18.73978,20.85505,49.69731,3616.72465,-1.69719,67.53336,10.984611421738236,4.092056777118569,0.0
18.75825,20.90224,49.54113,3610.94573,-1.60399,67.55269,11.19272177855812,4.169583360747014,0.0
18.77667,20.94937,49.39423,3605.0296,-1.50601,67.57201,11.388973276058168,4.242692207253453,0.0
18.79506,20.99643,49.25702,3598.98209,-1.40353,67.59132,11.571969289036593,4.3108630370028,0.0
18.81339,21.04344,49.12989,3592.80988,-1.29688,67.61061,11.740373807703975,4.373598151195961,0.0
18.83169,21.09037,49.01318,3586.52047,-1.1864,67.6299,11.892932942433596,4.4304304429551635,0.0
18.84993,21.13723,48.90721,3580.12212,-1.07247,67.64917,12.028495896210162,4.480931210112916,0.0
18.86813,21.18403,48.81224,3573.62378,-0.9555,67.66843,12.146034804665058,4.524717546147175,0.0
18.88628,21.23075,48.7285,3567.03506,-0.83592,67.68767,12.244662850433466,4.561459088255972,0.0
18.90439,21.2774,48.65617,3560.36614,-0.71418,67.7069,12.323650091928478,4.590883913992268,0.0
18.92244,21.32398,48.5954,3553.62766,-0.59075,67.72611,12.382436506698523,4.612783400257772,0.0
18.94045,21.37048,48.54628,3546.83066,-0.46613,67.7453,12.42064183383707,4.627015889859537,0.0
18.95841,21.4169,48.50885,3539.98647,-0.3408,67.76448,12.438071904764184,4.633509049892655,0.0
18.97632,21.46325,48.4831,3533.10658,-0.21527,67.78364,12.434721271964941,4.632260851014482,0.0
18.99418,21.50951,48.469,3526.20257,-0.09003,67.80278,12.410772074432947,4.623339144792502,0.0
19.01199,21.5557,48.46644,3519.286,0.03441,67.8219,12.366589209859931,4.606879865217922,0.0
19.02975,21.60181,48.47529,3512.36829,0.15757,67.84101,12.302712009867479,4.583083927510451,0.0
19.04746,21.64783,48.49535,3505.46065,0.27897,67.86009,12.219842729352935,4.552212940096784,0.0
19.06512,21.69378,48.52641,3498.57397,0.39814,67.87916,12.118832258630272,4.514583882007155,0.0
19.08273,21.73965,48.56819,3491.71872,0.51466,67.89821,12.000663543013998,4.47056292623406,0.0
19.1003,21.78544,48.62039,3484.90493,0.62809,67.91724,11.86643324642528,4.420558608943101,0.0
19.11781,21.83115,48.68267,3478.14208,0.73804,67.93626,11.717332221873747,4.365014554213591,0.0
19.13528,21.87678,48.75467,3471.43905,0.84416,67.95525,11.554625353263033,4.304401964580734,0.0
19.15269,21.92233,48.83597,3464.8041,0.94611,67.97423,11.379631311574219,4.239212079681304,0.0
19.17006,21.9678,48.92615,3458.2448,1.04358,67.99319,11.193702727270876,4.16994878995283,0.0
19.18738,22.0132,49.02477,3451.76807,1.13631,68.01214,10.998207223724778,4.097121571085635,0.0
19.20466,22.05852,49.13135,3445.3801,1.22405,68.03107,10.794509687987814,4.021238879418887,0.0
19.22188,22.10376,49.24541,3439.08639,1.30661,68.04999,10.5839560797906,3.942802120366574,0.0
19.23906,22.14894,49.36644,3432.89173,1.3838,68.06889,10.36785900168451,3.8623002729157316,0.0
19.2562,22.19404,49.49394,3426.80025,1.45549,68.08778,10.147485176433811,3.7802052246255347,0.0
19.27329,22.23906,49.62739,3420.81541,1.52157,68.10666,9.92404490554468,3.6969678446519785,0.0
19.29034,22.28402,49.76627,3414.94002,1.58195,68.12552,9.698683517621548,3.6130147980356266,0.0
19.30734,22.32891,49.91005,3409.17632,1.63659,68.14438,9.472474758701876,3.528746083427392,0.0
19.3243,22.37374,50.05819,3403.52594,1.68546,68.16322,9.2464160301438,3.444533259076387,0.0
19.34121,22.4185,50.21019,3397.99001,1.72856,68.18206,9.02142534301485,3.360718308259593,0.0
19.35809,22.46319,50.36552,3392.56915,1.7659,68.20089,8.798339831431814,3.2776130854618386,0.0
19.37492,22.50783,50.52366,3387.26354,1.79753,68.21971,8.577915649967968,3.1954992781572904,0.0
19.39171,22.5524,50.6841,3382.07293,1.82352,68.23852,8.360829071318195,3.1146288157186,0.0
19.40847,22.59691,50.84635,3376.99672,1.84393,68.25733,8.147678598734547,3.0352246563547256,0.0
19.42518,22.64137,51.00993,3372.03394,1.85886,68.27614,7.938987911898483,2.9574818845258504,0.0
19.44185,22.68577,51.17434,3367.18335,1.86841,68.29494,7.735209473840925,2.8815690546160138,0.0
19.45849,22.73012,51.33913,3362.44344,1.87272,68.31374,7.536728638900361,2.8076297212555836,0.0
19.47509,22.77441,51.50384,3357.81247,1.87189,68.33253,7.343868116417363,2.735784102164919,0.0
19.49165,22.81866,51.66803,3353.2885,1.86607,68.35133,7.156892661070462,2.6661308254278846,0.0
19.50818,22.86285,51.83128,3348.86942,1.8554,68.37012,6.976013877471972,2.598748719330222,0.0
19.52467,22.907,51.99318,3344.553,1.84004,68.38892,6.801395043268387,2.5336986090913425,0.0
19.54113,22.9511,52.15332,3340.33685,1.82012,68.40771,6.633155871088926,2.47102509081546,0.0
19.55755,22.99515,52.31134,3336.21853,1.79582,68.42651,6.471377144703913,2.410758258582568,0.0
19.57394,23.03916,52.46685,3332.19549,1.76729,68.44531,6.31610517860034,2.35291536575768,0.0
19.5903,23.08313,52.61952,3328.26515,1.73469,68.46412,6.167356062601959,2.297502406223491,0.0
19.60662,23.12705,52.769,3324.42486,1.69818,68.48292,6.025119664089778,2.244515605312821,0.0
19.62291,23.17094,52.91497,3320.67197,1.65793,68.50174,5.889363369865465,2.1939428137511885,0.0
19.63917,23.21478,53.05712,3317.00378,1.6141,68.52056,5.760035557712629,2.1457648009047237,0.0
19.65539,23.25859,53.19517,3313.41762,1.56684,68.53938,5.637068794410845,2.0999564461245437,0.0
19.67159,23.30236,53.32883,3309.91078,1.51632,68.55821,5.520382762386351,2.0564878290011404,0.0
19.68776,23.3461,53.45784,3306.48059,1.4627,68.57705,5.409886921492008,2.0153252209474486,0.0
19.70389,23.3898,53.58195,3303.12438,1.40613,68.59589,5.305482915746134,1.9764319817723914,0.0
19.72,23.43347,53.70093,3299.8395,1.34677,68.61475,5.207066737301529,1.9397693658162753,0.0
19.73607,23.47711,53.81455,3296.62331,1.28477,68.63361,5.114530661638053,1.9052972428609456,0.0
19.75212,23.52071,53.92261,3293.47322,1.22028,68.65248,5.027764969055499,1.8729747394311753,0.0
19.76814,23.56428,54.02491,3290.38663,1.15345,68.67136,4.946659468107238,1.8427608063137846,0.0
19.78413,23.60783,54.12126,3287.36098,1.08441,68.69025,4.87110483676926,1.8146147181783936,0.0
19.8001,23.65134,54.2115,3284.39375,1.01333,68.70915,4.800993796943005,1.7884965111106321,0.0
19.81603,23.69482,54.29546,3281.48241,0.94032,68.72806,4.7362221374232005,1.7643673636945745,0.0
19.83194,23.73828,54.37301,3278.62449,0.86554,68.74698,4.676689599807196,1.7421899270372756,0.0
19.84782,23.78171,54.444,3275.8175,0.78912,68.76591,4.622300641022634,1.7219286088303938,0.0
19.86368,23.82511,54.50831,3273.059,0.71118,68.78485,4.572965085218294,1.7035498161966787,0.0
19.8795,23.86849,54.56584,3270.34656,0.63188,68.80381,4.5285986767796285,1.6870221617028145,0.0
19.8953,23.91184,54.61648,3267.67774,0.55132,68.82278,4.489123545230354,1.6723166365474882,0.0
19.91108,23.95517,54.66014,3265.05013,0.46964,68.84175,4.454468591697084,1.6594067545296398,0.0
19.92683,23.99847,54.69674,3262.46133,0.38698,68.86075,4.424569805595945,1.6482686700225575,0.0
19.94255,24.04175,54.72622,3259.90892,0.30344,68.87975,4.39937051915796,1.638881272791278,0.0
19.95825,24.085,54.74852,3257.39051,0.21916,68.89877,4.378821606373202,1.63122626210452,0.0
19.97392,24.12823,54.76359,3254.90366,0.13426,68.91779,4.36288163196229,1.6252882022304869,0.0
19.98957,24.17144,54.77139,3252.44597,0.04886,68.93684,4.3515169549858355,1.62105456103411,0.0
20.00519,24.21463,54.7719,3250.01499,-0.03692,68.95589,4.3447017907839065,1.618515733051129,0.0
20.02079,24.25779,54.7651,3247.60827,-0.12295,68.97496,4.342418233988305,1.6176650480607722,0.0
20.03636,24.30093,54.75099,3245.22332,-0.20913,68.99404,4.344656244480901,1.6184987658548642,0.0
20.0519,24.34405,54.72957,3242.85763,-0.29531,69.01313,4.351413597274281,1.6210160575670505,0.0
20.06743,24.38715,54.70086,3240.50869,-0.38139,69.03224,4.362695796435671,1.6252189736071943,0.0
20.08292,24.43022,54.66487,3238.17389,-0.46725,69.05136,4.3785159523318935,1.6311123979318904,0.0
20.09839,24.47328,54.62165,3235.85065,-0.55275,69.07049,4.398894620634206,1.638703988069535,0.0
20.11384,24.51631,54.57124,3233.53629,-0.63779,69.08964,4.423859600700648,1.648004100012444,0.0
20.12926,24.55932,54.51369,3231.22811,-0.72223,69.10879,4.453445690116849,1.6590256967768422,0.0
20.14466,24.60231,54.44907,3228.92335,-0.80595,69.12796,4.487694391383583,1.6717842391362645,0.0
20.16004,24.64528,54.37746,3226.61921,-0.88882,69.14715,4.526653565923557,1.686297556729981,0.0
20.17538,24.68823,54.29895,3224.31279,-0.97073,69.16635,4.570377029787191,1.7025856974527562,0.0
20.19071,24.73115,54.21362,3222.00116,-1.05153,69.18555,4.618924084660974,1.720670752743131,0.0
20.20601,24.77406,54.1216,3219.68132,-1.1311,69.20477,4.672358977035051,1.740576656109109,0.0
20.22128,24.81694,54.02299,3217.35019,-1.2093,69.22401,4.730750277682603,1.7623289519679073,0.0
20.23653,24.8598,53.91794,3215.00461,-1.28601,69.24325,4.794170172920126,1.7859545316217562,0.0
20.25176,24.90264,53.80658,3212.64137,-1.36108,69.26251,4.862693658555892,1.8114813329824957,0.0
20.26696,24.94546,53.68906,3210.25716,-1.43438,69.28178,4.936397626944355,1.838938000475319,0.0
20.28213,24.98825,53.56556,3207.8486,-1.50576,69.30105,5.015359837175371,1.8683535014071635,0.0
20.29728,25.03102,53.43624,3205.41222,-1.57508,69.32034,5.099657758256913,1.8997566950218308,0.0
20.31241,25.07376,53.3013,3202.94449,-1.6422,69.33964,5.189367275144509,1.9331758504619088,0.0
20.32751,25.11649,53.16094,3200.44179,-1.70697,69.35895,5.284561247698541,1.9686381099424468,0.0
20.34258,25.15918,53.01537,3197.90043,-1.76924,69.37827,5.385307913237837,2.006168893660141,0.0
20.35763,25.20186,52.86482,3195.31662,-1.82885,69.3976,5.491669124240254,2.045791243290431,0.0
20.37265,25.2445,52.70953,3192.68654,-1.88565,69.41694,5.603698414109219,2.087525101434639,0.0
20.38765,25.28712,52.54974,3190.00628,-1.9395,69.43628,5.721438885705134,2.1313865250423714,0.0
20.40262,25.32972,52.38573,3187.27186,-1.99022,69.45564,5.84492091977986,2.1773868317430627,0.0
20.41756,25.37228,52.21776,3184.47927,-2.03767,69.475,5.974159703423873,2.22553167912751,0.0
20.43248,25.41482,52.04614,3181.62444,-2.08169,69.49436,6.109152582341838,2.2758200784008626,0.0
20.44737,25.45733,51.87116,3178.70328,-2.12211,69.51374,6.249876245240181,2.3282433454929077,0.0
20.46223,25.49981,51.69313,3175.71168,-2.15879,69.53312,6.39628375381994,2.3827839946522604,0.0
20.47706,25.54226,51.51239,3172.6455,-2.19156,69.5525,6.548301437927658,2.4394145818083808,0.0
20.49187,25.58467,51.32927,3169.50063,-2.22027,69.57189,6.705825682279521,2.498096507541765,0.0
20.50665,25.62706,51.14414,3166.273,-2.24476,69.59128,6.86871963878861,2.558778792339345,0.0
20.5214,25.66941,50.95734,3162.95855,-2.2649,69.61067,7.036809906874375,2.6213968399224234,0.0
20.53612,25.71172,50.76927,3159.55334,-2.28053,69.63007,7.2098832329953195,2.685871207735754,0.0
20.55081,25.754,50.5803,3156.05348,-2.29152,69.64947,7.387683289980248,2.752106407163693,0.0
20.56547,25.79624,50.39083,3152.45523,-2.29774,69.66887,7.569907606063426,2.819989759514992,0.0
20.58011,25.83844,50.20126,3148.75498,-2.29906,69.68827,7.756204722846148,2.8893903372887078,0.0
20.59471,25.88061,50.01202,3144.94933,-2.29537,69.70766,7.946171669968779,2.960158023423086,0.0
20.60928,25.92273,49.82353,3141.03506,-2.28657,69.72706,8.139351851957317,3.0321227240903132,0.0
20.62382,25.96481,49.63621,3137.00922,-2.27257,69.74645,8.335233448708848,3.1050937728352555,0.0
20.63833,26.00685,49.4505,3132.86911,-2.25328,69.76584,8.533248435053997,3.178859565336679,0.0
20.65281,26.04884,49.26683,3128.61239,-2.22866,69.78522,8.732772325991638,3.2531874645004755,0.0
20.66725,26.09078,49.08565,3124.23703,-2.19865,69.8046,8.933124752122476,3.3278240148238094,0.0
20.68166,26.13268,48.9074,3119.74142,-2.16324,69.82397,9.13357096377798,3.4024955027227284,0.0
20.69604,26.17453,48.73252,3115.12433,-2.12241,69.84333,9.333324352003874,3.4769088956648355,0.0
20.71038,26.21632,48.56144,3110.38503,-2.07619,69.86269,9.531550059462063,3.5507531873252725,0.0
20.72469,26.25806,48.39461,3105.52324,-2.02461,69.88204,9.727369734328354,3.6237011685386995,0.0
20.73897,26.29975,48.23244,3100.53921,-1.96773,69.90137,9.919867455409436,3.695411634561272,0.0
20.7532,26.34138,48.07536,3095.43374,-1.90566,69.92069,10.108096827205802,3.7655320281682596,0.0
20.76741,26.38296,47.92377,3090.20817,-1.8385,69.94,10.2910892102914,3.8337015056870194,0.0
20.78157,26.42447,47.77807,3084.86443,-1.76639,69.9593,10.467863015783182,3.8995543994314583,0.0
20.7957,26.46592,47.63863,3079.40503,-1.68951,69.97858,10.637433954337222,3.9627240357227547,0.0
20.80979,26.50731,47.50581,3073.83309,-1.60805,69.99785,10.798826091300368,4.022846853224221,0.0
20.82385,26.54864,47.37996,3068.15231,-1.52225,70.0171,10.951083522247677,4.0795667523862065,0.0
20.83786,26.5899,47.2614,3062.36698,-1.43234,70.03633,11.09328244885558,4.132539594026587,0.0
20.85184,26.63109,47.15041,3056.48197,-1.33862,70.05555,11.224543405961203,4.18143775423207,0.0
20.86578,26.67222,47.04727,3050.50268,-1.24138,70.07474,11.34404336843325,4.225954634486154,0.0
20.87968,26.71327,46.95222,3044.43505,-1.14096,70.09392,11.451027452904146,4.265809020872238,0.0
20.89353,26.75426,46.86547,3038.28551,-1.03769,70.11308,11.544819925520942,4.300749184750473,0.0
20.90735,26.79517,46.7872,3032.0609,-0.93196,70.13221,11.62483423387988,4.330556619917337,0.0
20.92113,26.836,46.71757,3025.76851,-0.82414,70.15132,11.69058179912348,4.355049317893134,0.0
20.93487,26.87676,46.65667,3019.41592,-0.71464,70.17041,11.74167933275536,4.374084493628034,0.0
20.94856,26.91745,46.60461,3013.01103,-0.60387,70.18948,11.77785448106197,4.3875606881976825,0.0
20.96221,26.95805,46.56142,3006.56196,-0.49224,70.20852,11.798949646641004,4.395419192423085,0.0
20.97583,26.99858,46.52712,3000.07699,-0.3802,70.22754,11.804923889431793,4.397644755054441,0.0
20.9894,27.03904,46.50168,2993.56449,-0.26815,70.24654,11.795852866486106,4.394265560334196,0.0
21.00292,27.07941,46.48506,2987.03288,-0.15654,70.26551,11.77192682785395,4.385352481411752,0.0
21.01641,27.1197,46.47717,2980.49055,-0.04579,70.28446,11.733446742835103,4.371017637270261,0.0
21.02985,27.15991,46.47787,2973.94579,0.06369,70.30338,11.680818683769031,4.351412300540576,0.0
21.04326,27.20005,46.48703,2967.40674,0.17149,70.32228,11.614546641448987,4.326724221053982,0.0
21.05662,27.2401,46.50445,2960.88134,0.27722,70.34115,11.535223985042254,4.297174444437773,0.0
21.06994,27.28007,46.52993,2954.37727,0.3805,70.36,11.443523808958147,4.263013716069599,0.0
21.08321,27.31996,46.56323,2947.90192,0.48097,70.37882,11.340188428414798,4.224518567899703,0.0
21.09645,27.35978,46.60407,2941.46231,0.5783,70.39762,11.226018294569823,4.1819871890454365,0.0
21.10964,27.39951,46.65219,2935.0651,0.67216,70.4164,11.101860599028333,4.135735180670653,0.0
21.1228,27.43916,46.70726,2928.71656,0.76226,70.43515,10.968597827404913,4.086091291886381,0.0
21.13591,27.47874,46.76897,2922.42249,0.84834,70.45388,10.82713650342952,4.033393226634103,0.0
21.14898,27.51824,46.83695,2916.18828,0.93015,70.47259,10.678396340452283,3.9779836023358586,0.0
21.16201,27.55766,46.91086,2910.01885,1.00748,70.49127,10.523299987624684,3.9202061300769344,0.0
21.175,27.597,46.99033,2903.91866,1.08012,70.50993,10.362763525434396,3.860402073942515,0.0
21.18796,27.63627,47.07495,2897.8917,1.14791,70.52857,10.197687831001824,3.7989070343634586,0.0
21.20087,27.67546,47.16436,2891.94152,1.21072,70.54719,10.028950899371576,3.736048087595318,0.0
21.21374,27.71458,47.25814,2886.07119,1.26843,70.5658,9.857401174174244,3.6721413012143853,0.0
21.22658,27.75363,47.35588,2880.28337,1.32094,70.58438,9.683851910445345,3.6074896341194207,0.0
21.23938,27.7926,47.4572,2874.58028,1.36819,70.60294,9.509076565067085,3.5423812193499185,0.0
21.25214,27.83151,47.56166,2868.96374,1.41014,70.62149,9.333805186662424,3.477088019226667,0.0
21.26486,27.87035,47.66887,2863.43519,1.44675,70.64002,9.158721757174392,3.4118648350200926,0.0
21.27755,27.90912,47.77841,2857.99568,1.47803,70.65853,8.984462421839654,3.3469486475688437,0.0
21.2902,27.94782,47.88989,2852.64595,1.50399,70.67703,8.81161453280068,3.282558261000154,0.0
21.30282,27.98646,48.00289,2847.38639,1.52467,70.69551,8.640716423846882,3.2188942188149934,0.0
21.3154,28.02503,48.11704,2842.21711,1.54011,70.71398,8.472257829401078,3.156138959971551,0.0
21.32795,28.06354,48.23193,2837.13793,1.55037,70.73244,8.306680859580267,3.094457182121025,0.0
21.34046,28.10199,48.3472,2832.14845,1.55554,70.75088,8.144381444261985,3.0339963795603406,0.0
21.35294,28.14038,48.46246,2827.24799,1.5557,70.76931,7.985711162263321,2.9748875246494584,0.0
21.36539,28.17871,48.57735,2822.43571,1.55096,70.78773,7.8309793765834055,2.9172458632453844,0.0
21.3778,28.21698,48.69152,2817.71055,1.54141,70.80614,7.680455602537339,2.8611717968943697,0.0
21.39018,28.25519,48.80462,2813.0713,1.52719,70.82455,7.534372042333518,2.8067518270286476,0.0
21.40253,28.29335,48.91632,2808.51657,1.50842,70.84294,7.392926226802891,2.7540595390800977,0.0
21.41485,28.33146,49.02631,2804.04488,1.48523,70.86132,7.25628371225437,2.703156607129837,0.0
21.42713,28.36951,49.13426,2799.6546,1.45775,70.8797,7.124580787633063,2.654093802395896,0.0
21.43939,28.40751,49.23988,2795.34399,1.42613,70.89807,6.997927154130325,2.6069119914584684,0.0
21.45162,28.44547,49.34288,2791.11125,1.39053,70.91643,6.876408545884325,2.5616431125398202,0.0
21.46382,28.48337,49.44298,2786.95447,1.35108,70.93479,6.760089266492122,2.518311120421788,0.0
21.47598,28.52122,49.53993,2782.87169,1.30794,70.95315,6.649014621510642,2.476932892616386,0.0
21.48812,28.55902,49.63346,2778.86088,1.26127,70.9715,6.543213232025077,2.4375190912309153,0.0
21.50023,28.59678,49.72335,2774.91997,1.21122,70.98984,6.442699218650623,2.4000749765660703,0.0
21.51231,28.6345,49.80936,2771.04683,1.15794,71.00818,6.347474249052324,2.3646011698709613,0.0
21.52437,28.67216,49.89128,2767.2393,1.10161,71.02652,6.25752944521141,2.3310943638500015,0.0
21.5364,28.70979,49.9689,2763.4952,1.04237,71.04486,6.172847149298712,2.2995479804972176,0.0
21.5484,28.74737,50.04203,2759.8123,0.98038,71.0632,6.09340254912441,2.2699527766190566,0.0
21.56037,28.78491,50.1105,2756.18835,0.91581,71.08153,6.019165165897868,2.242297398064059,0.0
21.57231,28.82241,50.17414,2752.6211,0.84881,71.09986,5.950100208272717,2.2165688841402873,0.0
21.58423,28.85986,50.23278,2749.10826,0.77954,71.11819,5.886169797675528,2.1927531240824956,0.0
21.59613,28.89728,50.2863,2745.64752,0.70815,71.13652,5.8273340705479795,2.1708352676663343,0.0
21.60799,28.93466,50.33454,2742.23656,0.6348,71.15486,5.773552163553074,2.1508000922235935,0.0
21.61984,28.972,50.3774,2738.87304,0.55966,71.17319,5.724783088006645,2.132632328390943,0.0
21.63165,29.0093,50.41477,2735.55462,0.48286,71.19152,5.680986499743841,2.1163169469054575,0.0
21.64344,29.04656,50.44653,2732.27891,0.40457,71.20985,5.642123370562815,2.101839408735055,0.0
21.65521,29.08379,50.47262,2729.04354,0.32494,71.22819,5.608156567047795,2.0891858807053216,0.0
21.66695,29.12097,50.49294,2725.84609,0.24413,71.24652,5.57905134224283,2.0783434186609187,0.0
21.67867,29.15813,50.50744,2722.68414,0.16228,71.26486,5.55477574519426,2.069300120030927,0.0
21.69036,29.19525,50.51606,2719.55524,0.07955,71.2832,5.535300952860207,2.0620452474738666,0.0
21.70203,29.23233,50.51876,2716.45692,-0.00391,71.30154,5.5206015283435175,2.0565693250762638,0.0
21.71367,29.26937,50.5155,2713.38668,-0.08795,71.31988,5.510655608820312,2.052864208360977,0.0
21.72529,29.30639,50.50626,2710.342,-0.17242,71.33822,5.505445025928117,2.0509231291349477,0.0
21.73688,29.34336,50.49102,2707.32032,-0.25717,71.35657,5.504955360774386,2.050740715981317,0.0
21.74845,29.38031,50.4698,2704.31907,-0.34204,71.37492,5.509175935106899,2.0523129909701723,0.0
21.76,29.41722,50.4426,2701.33563,-0.4269,71.39327,5.518099739576573,2.0556373429345522,0.0
21.77153,29.45409,50.40943,2698.36734,-0.51157,71.41162,5.531723299455852,2.060712477447018,0.0
21.78303,29.49093,50.37033,2695.41151,-0.59593,71.42997,5.550046477573884,2.0675383434078163,0.0
21.7945,29.52774,50.32534,2692.46543,-0.6798,71.44833,5.57307221371518,2.076116035964029,0.0
21.80595,29.56452,50.27452,2689.52631,-0.76305,71.46669,5.600806199217255,2.0864476752886287,0.0
21.81738,29.60126,50.21791,2686.59135,-0.84551,71.48505,5.633256485054508,2.098536260581412,0.0
21.82879,29.63796,50.15561,2683.6577,-0.92705,71.50341,5.670433021273428,2.112385498496499,0.0
21.84017,29.67464,50.08768,2680.72245,-1.00749,71.52177,5.712347125353141,2.127999605092642,0.0
21.85153,29.71128,50.01424,2677.78267,-1.08669,71.54014,5.759010876755062,2.1453830802870506,0.0
21.86286,29.74788,49.93537,2674.83535,-1.16449,71.5585,5.810436434826119,2.164540453756387,0.0
21.87418,29.78445,49.8512,2671.87747,-1.24075,71.57687,5.866635277115736,2.1854760011898033,0.0
21.88546,29.82099,49.76185,2668.90594,-1.31529,71.59524,5.927617355263955,2.2081934298350583,0.0
21.89673,29.85749,49.66746,2665.91763,-1.38796,71.61361,5.993390165843484,2.232695532362733,0.0
21.90797,29.89396,49.56817,2662.90938,-1.45861,71.63198,6.063957733894197,2.2589838082060862,0.0
21.91919,29.93039,49.46416,2659.87797,-1.52708,71.65035,6.139319507479737,2.2870580517543013,0.0
21.93038,29.96679,49.35558,2656.82017,-1.59321,71.66872,6.219469162367377,2.316915907064287,0.0
21.94155,30.00315,49.24262,2653.73267,-1.65684,71.68709,6.304393316925012,2.348552389125994,0.0
21.95269,30.03947,49.12546,2650.61217,-1.71781,71.70546,6.39407015861179,2.38195937219403,0.0
21.96381,30.07576,49.00432,2647.45534,-1.77596,71.72383,6.488467984937938,2.4171250462568135,0.0
21.97491,30.11201,48.87939,2644.2588,-1.83115,71.74219,6.58754366362659,2.4540333434063326,0.0
21.98598,30.14823,48.75091,2641.0192,-1.88321,71.76056,6.691241018781755,2.4926633366432545,0.0
21.99703,30.1844,48.6191,2637.73316,-1.93198,71.77892,6.799489152335087,2.5329886145716807,0.0
22.00805,30.22054,48.48421,2634.39732,-1.97732,71.79728,6.91220071274876,2.5749766364454105,0.0
22.01905,30.25663,48.34649,2631.00831,-2.01908,71.81563,7.029270125973209,2.618588073153164,0.0
22.03003,30.29269,48.20621,2627.56282,-2.05711,71.83398,7.150571806956487,2.6637761409587473,0.0
22.04097,30.3287,48.06363,2624.05756,-2.09126,71.85233,7.2759583734914886,2.710485936112156,0.0
22.0519,30.36468,47.91904,2620.48929,-2.1214,71.87067,7.405258887898275,2.7586537798299706,0.0
22.06279,30.40061,47.77272,2616.85485,-2.1474,71.889,7.538277155771645,2.808206584534069,0.0
22.07367,30.43649,47.62498,2613.15116,-2.16913,71.90733,7.6747901148101105,2.859061253648023,0.0
22.08451,30.47233,47.47611,2609.37525,-2.18647,71.92565,7.814546350362276,2.9111241285990714,0.0
22.09533,30.50813,47.32642,2605.52424,-2.1993,71.94396,7.957264777698677,2.9642904979297047,0.0
22.10612,30.54388,47.17625,2601.59542,-2.20753,71.96227,8.102633533942543,3.018444184512718,0.0
22.11689,30.57958,47.0259,2597.58623,-2.21107,71.98056,8.250309124923273,3.0734572277316894,0.0
22.12763,30.61524,46.87571,2593.49428,-2.20983,71.99885,8.399915873687561,3.1291896780368544,0.0
22.13834,30.65084,46.726,2589.31738,-2.20374,72.01712,8.551045717982726,3.1854895215023276,0.0
22.14902,30.6864,46.57712,2585.05357,-2.19274,72.03539,8.703258403229395,3.242192751713495,0.0
22.15968,30.7219,46.42939,2580.70113,-2.1768,72.05364,8.856082115448643,3.2991236055490356,0.0
22.1703,30.75735,46.28316,2576.2586,-2.1559,72.07188,9.009014594896971,3.3560949780392466,0.0
22.1809,30.79275,46.13876,2571.72481,-2.13001,72.0901,9.16152476574852,3.41290902946555,0.0
22.19147,30.82809,45.99652,2567.09888,-2.09915,72.10831,9.313054910002098,3.4693579951980578,0.0
22.20201,30.86337,45.85678,2562.38026,-2.06334,72.12651,9.463023404735033,3.5252252053946536,0.0
22.21253,30.8986,45.71986,2557.56876,-2.02264,72.14469,9.610828031022129,3.5802863176603688,0.0
22.22301,30.93376,45.58608,2552.6645,-1.97711,72.16285,9.755849850466264,3.634310761157026,0.0
22.23346,30.96887,45.45576,2547.66803,-1.92683,72.18099,9.897457631364318,3.6870633854665082,0.0
22.24388,31.00392,45.3292,2542.58021,-1.87191,72.19912,10.03501279164747,3.7383063019660736,0.0
22.25427,31.0389,45.20669,2537.40235,-1.81249,72.21722,10.16787481017769,3.78780089967868,0.0
22.26463,31.07382,45.08853,2532.13611,-1.74871,72.23531,10.295407042175572,3.8353100116728673,0.0
22.27496,31.10867,44.97497,2526.78357,-1.68075,72.25337,10.416982859337631,3.8806002024180044,0.0
22.28525,31.14346,44.86627,2521.34718,-1.60881,72.27142,10.531992020852764,3.923444141155552,0.0
22.29552,31.17818,44.76268,2515.8298,-1.53309,72.28944,10.639847169033546,3.963623021692636,0.0
22.30575,31.21283,44.66442,2510.23465,-1.45385,72.30743,10.739990333042924,4.000928985211354,0.0
22.31595,31.24741,44.57168,2504.56534,-1.37133,72.32541,10.831899316856461,4.035167499952802,0.0
22.32612,31.28192,44.48466,2498.82578,-1.28581,72.34335,10.915093843761454,4.066159650204657,0.0
22.33625,31.31636,44.40351,2493.02026,-1.19758,72.36128,10.989141329569291,4.093744286974685,0.0
22.34635,31.35073,44.32839,2487.15334,-1.10696,72.37918,11.05366216061616,4.11777999418488,0.0
22.35642,31.38502,44.2594,2481.22986,-1.01425,72.39705,11.108334360665436,4.138146827215394,0.0
22.36646,31.41923,44.19665,2475.25493,-0.91981,72.41489,11.152897542684439,4.154747785045359,0.0
22.37646,31.45337,44.14022,2469.23384,-0.82396,72.43271,11.187156057024369,4.167509983032745,0.0
22.38642,31.48744,44.09014,2463.17209,-0.72707,72.4505,11.210981266132238,4.176385500304406,0.0
22.39635,31.52142,44.04645,2457.07529,-0.6295,72.46826,11.224312896959379,4.181351883563835,0.0
22.40625,31.55533,44.00915,2450.94919,-0.5316,72.486,11.227159444959968,4.182412297591239,0.0
22.41612,31.58916,43.97822,2444.79959,-0.43373,72.50371,11.219597627089396,4.179595321471049,0.0
22.42595,31.62291,43.95361,2438.63232,-0.33627,72.52138,11.201770904504336,4.172954398258813,0.0
22.43574,31.65659,43.93526,2432.45321,-0.23957,72.53903,11.173887118197417,4.162566954192913,0.0
22.4455,31.69018,43.92307,2426.26805,-0.14397,72.55665,11.136215301223634,4.14853321116502,0.0
22.45523,31.72369,43.91693,2420.08253,-0.04984,72.57424,11.089081749368624,4.130974722940641,0.0
22.46492,31.75712,43.91671,2413.90226,0.0425,72.5918,11.032865446904662,4.110032671132876,0.0
22.47458,31.79048,43.92225,2407.73269,0.13273,72.60933,10.967992955599424,4.085865961223701,0.0
22.48421,31.82375,43.93338,2401.5791,0.22053,72.62684,10.894932882717075,4.058649161748815,0.0
22.4938,31.85694,43.94991,2395.44658,0.30561,72.64431,10.814190047617444,4.028570331202351,0.0
22.50335,31.89006,43.97164,2389.34,0.38768,72.66176,10.726299466612288,3.9958287772375662,0.0
22.51287,31.92309,43.99833,2383.26401,0.4665,72.67918,10.631820272480338,3.9606327915262054,0.0
22.52236,31.95605,44.02977,2377.22297,0.54181,72.69657,10.531329678515794,3.9231974012077555,0.0
22.53182,31.98892,44.06569,2371.221,0.61339,72.71393,10.425417088056431,3.8837421745336704,0.0
22.54124,32.02172,44.10583,2365.26193,0.68104,72.73127,10.314678439347134,3.84248911418025,0.0
22.55063,32.05444,44.14994,2359.34933,0.74457,72.74858,10.199710863047065,3.799660667029487,0.0
22.55999,32.08709,44.19772,2353.48644,0.80382,72.76586,10.081107716257002,3.7554778742135837,0.0
22.56931,32.11966,44.24889,2347.67625,0.85866,72.78312,9.959454043065401,3.7101586800489272,0.0
22.5786,32.15215,44.30317,2341.92143,0.90895,72.80035,9.835322497943144,3.663916413393368,0.0
22.58786,32.18456,44.36024,2336.22437,0.95459,72.81756,9.709269755135796,3.6169584500503578,0.0
22.59709,32.21691,44.41983,2330.58719,0.99551,72.83474,9.581833414862684,3.5694850602467096,0.0
22.60629,32.24918,44.48162,2325.01173,1.03164,72.8519,9.453529406109203,3.521688441104394,0.0
22.61546,32.28138,44.54531,2319.49955,1.06293,72.86903,9.324849875896932,3.473751930338114,0.0
22.62459,32.3135,44.6106,2314.05196,1.08936,72.88615,9.196261546711721,3.4258493943540564,0.0
22.6337,32.34556,44.67719,2308.67001,1.11092,72.90324,9.068204516874676,3.3781447813565184,0.0
22.64277,32.37754,44.74478,2303.35454,1.12761,72.92031,8.941091473358423,3.3307918281012507,0.0
22.65182,32.40946,44.81308,2298.10613,1.13946,72.93736,8.815307282627154,3.283933907472611,0.0
22.66084,32.44131,44.88179,2292.92516,1.1465,72.95439,8.691208922506702,3.2377040031033735,0.0
22.66982,32.47309,44.95062,2287.81182,1.14878,72.9714,8.569125716696401,3.192224796736568,0.0
22.67878,32.50481,45.0193,2282.76608,1.14637,72.98839,8.449359833179548,3.1476088538964904,0.0
22.68771,32.53646,45.08754,2277.78777,1.13933,73.00536,8.332187008336687,3.103958893639956,0.0
22.69661,32.56805,45.15508,2272.87651,1.12776,73.02231,8.217857459834175,3.061368128631303,0.0
22.70549,32.59957,45.22166,2268.03179,1.11174,73.03925,8.106596953176686,3.019920662461273,0.0
22.71433,32.63104,45.28701,2263.25295,1.09138,73.05617,7.998607989136555,2.979691931995675,0.0
22.72315,32.66244,45.3509,2258.53921,1.06679,73.07308,7.894071081814989,2.9407491834868216,0.0
22.73195,32.69378,45.41308,2253.88964,1.03809,73.08997,7.7931460998682835,2.9031519722155807,0.0
22.74071,32.72506,45.47333,2249.3032,1.00542,73.10684,7.69597364628549,2.8669526764948596,0.0
22.74945,32.75628,45.53142,2244.77876,0.96889,73.1237,7.602676454982123,2.832197017937512,0.0
22.75817,32.78745,45.58713,2240.31508,0.92864,73.14055,7.513360785233588,2.7989245809194774,0.0
22.76686,32.81856,45.64028,2235.91084,0.88483,73.15738,7.428117797666126,2.7671693251726093,0.0
22.77552,32.84961,45.69066,2231.56461,0.8376,73.1742,7.347024898038956,2.736960086378885,0.0
22.78416,32.88061,45.73808,2227.27491,0.78709,73.19101,7.270147037375767,2.7083210605035943,0.0
22.79277,32.91155,45.78239,2223.04018,0.73347,73.2078,7.1975379591323545,2.681272268398095,0.0
22.80136,32.94244,45.8234,2218.85879,0.67688,73.22459,7.129241385964039,2.6558299979019067,0.0
22.80993,32.97328,45.86097,2214.72905,0.61749,73.24136,7.065292140389606,2.6320072213195136,0.0
22.81847,33.00407,45.89496,2210.64922,0.55547,73.25812,7.0057171951019885,2.609813986688726,0.0
22.82698,33.0348,45.92523,2206.61748,0.49097,73.27488,6.950536649917212,2.5892577817198728,0.0
22.83548,33.06548,45.95165,2202.63199,0.42415,73.29162,6.899764633486102,2.5703438697071324,0.0
22.84395,33.09611,45.97411,2198.69084,0.3552,73.30835,6.853410128714446,2.5530755970192653,0.0
22.85239,33.1267,45.9925,2194.79208,0.28427,73.32507,6.811477721622981,2.5374546720696625,0.0
22.86082,33.15723,46.00674,2190.93373,0.21153,73.34179,6.77396827391358,2.5234814158649437,0.0
22.86922,33.18771,46.01674,2187.11375,0.13716,73.35849,6.74087951995236,2.511154984396876,0.0
22.87759,33.21815,46.02243,2183.33006,0.06133,73.37519,6.712206589228314,2.500473563271956,0.0
22.88595,33.24853,46.02374,2179.58054,-0.0158,73.39188,6.687942455536684,2.4914345350440437,0.0
22.89428,33.27887,46.02061,2175.86305,-0.09405,73.40856,6.668078314283149,2.4840346197700893,0.0
22.90259,33.30917,46.01301,2172.17538,-0.17326,73.42523,6.652603889381844,2.4782699893377296,0.0
22.91088,33.33941,46.00089,2168.5153,-0.25323,73.44189,6.641507671185158,2.4741363561003924,0.0
22.91914,33.36961,45.98425,2164.88056,-0.33381,73.45855,6.6347770869163964,2.4716290363679483,0.0
22.92739,33.39977,45.96305,2161.26883,-0.41482,73.4752,6.632398604931498,2.4707429892469457,0.0
22.93561,33.42987,45.93731,2157.67779,-0.49609,73.49184,6.634357774095698,2.471472831309454,0.0
22.94381,33.45993,45.90701,2154.10506,-0.57744,73.50847,6.640639199468434,2.473812827535046,0.0
22.95199,33.48995,45.87218,2150.54822,-0.65871,73.5251,6.651226455365289,2.477756858924093,0.0
22.96015,33.51992,45.83285,2147.00483,-0.73971,73.54171,6.666101936822627,2.483298367164424,0.0
22.96828,33.54985,45.78904,2143.47242,-0.82027,73.55832,6.6852466504152375,2.490430276705403,0.0
22.9764,33.57973,45.74081,2139.94846,-0.90022,73.57493,6.708639945370552,2.4991448945908923,0.0
22.98449,33.60956,45.6882,2136.43041,-0.97939,73.59152,6.736259185937863,2.5094337884081703,0.0
22.99256,33.63935,45.63128,2132.91571,-1.0576,73.60811,6.768079366047445,2.5212876427383173,0.0
23.00061,33.6691,45.57012,2129.40174,-1.13468,73.62469,6.804072667447855,2.5346960945507266,0.0
23.00864,33.69879,45.50481,2125.88587,-1.21047,73.64126,6.84420796267124,2.549647548044611,0.0
23.01665,33.72845,45.43542,2122.36546,-1.28478,73.65782,6.888450264541645,2.5661289695763587,0.0
23.02463,33.75806,45.36208,2118.83782,-1.35745,73.67438,6.936760124218218,2.5841256634147913,0.0
23.0326,33.78762,45.28488,2115.30026,-1.42831,73.69093,6.98909298030676,2.603621029268087,0.0
23.04054,33.81714,45.20394,2111.75005,-1.49719,73.70746,7.045398462103984,2.624596302723941,0.0
23.04846,33.84661,45.1194,2108.18448,-1.56392,73.72399,7.105619650674268,2.647030279981206,0.0
23.05636,33.87603,45.03138,2104.60082,-1.62835,73.74051,7.169692302305693,2.6708990285668377,0.0
23.06424,33.90541,44.94003,2100.99632,-1.6903,73.75702,7.2375440396764725,2.6961755860241094,0.0
23.0721,33.93474,44.84551,2097.36824,-1.74963,73.77352,7.309093517110177,2.722829648948217,0.0
23.07994,33.96403,44.74798,2093.71387,-1.80616,73.79001,7.384249567325851,2.7508272551282493,0.0
23.08775,33.99326,44.6476,2090.03048,-1.85975,73.8065,7.462910338277368,2.7801304619971354,0.0
23.09554,34.02245,44.54455,2086.3154,-1.91024,73.82296,7.5449624298902185,2.810697025043386,0.0
23.10332,34.05159,44.43903,2082.56594,-1.9575,73.83942,7.630280041782814,2.84248008031485,0.0
23.11107,34.08068,44.33121,2078.7795,-2.00138,73.85587,7.718724144410266,2.875427835647971,0.0
23.11879,34.10972,44.2213,2074.95349,-2.04174,73.87231,7.810141687330855,2.9094832757262075,0.0
23.1265,34.13872,44.1095,2071.08539,-2.07846,73.88873,7.904364859600523,2.944583886557528,0.0
23.13418,34.16766,43.99603,2067.17275,-2.1114,73.90514,8.001210418496033,2.9806614054061193,0.0
23.14184,34.19655,43.88109,2063.21318,-2.14046,73.92153,8.100479103820602,3.017641602605827,0.0
23.14948,34.22539,43.76492,2059.20439,-2.16553,73.93792,8.201955155950927,3.0554441020199956,0.0
23.1571,34.25417,43.64774,2055.14419,-2.1865,73.95428,8.305405956419678,3.0939822471489844,0.0
23.16469,34.28291,43.52977,2051.0305,-2.20328,73.97064,8.410581810219258,3.1331630200325913,0.0
23.17226,34.31159,43.41126,2046.86134,-2.2158,73.98698,8.51721588895276,3.1728870200722925,0.0
23.17981,34.34021,43.29244,2042.63491,-2.22399,74.0033,8.625024353605447,3.2130485097668418,0.0
23.18734,34.36878,43.17354,2038.34952,-2.22778,74.0196,8.733706674792806,3.2535355340131065,0.0
23.19484,34.3973,43.05481,2034.00364,-2.22714,74.03589,8.842946166899036,3.2942301190867003,0.0
23.20232,34.42575,42.93649,2029.59593,-2.22202,74.05216,8.952410750615797,3.335008556707733,0.0
23.20977,34.45415,42.81882,2025.12523,-2.21241,74.06841,9.061753955757464,3.3757417776158807,0.0
23.2172,34.4825,42.70203,2020.59056,-2.1983,74.08465,9.170616173120498,3.4162958179209366,0.0
23.22461,34.51078,42.58638,2015.99116,-2.17971,74.10086,9.278626160342217,3.4565323800748287,0.0
23.23199,34.539,42.47208,2011.32646,-2.15666,74.11705,9.385402802496504,3.4963094887398403,0.0
23.23935,34.56716,42.35938,2006.59616,-2.1292,74.13323,9.49055712324183,3.5354822399941694,0.0
23.24669,34.59526,42.24851,2001.80014,-2.09738,74.14938,9.593694537196173,3.5739036404008457,0.0
23.254,34.62329,42.13967,1996.93855,-2.06127,74.16551,9.69441732863813,3.6114255303891163,0.0
23.26128,34.65127,42.0331,1992.01177,-2.02098,74.18161,9.792327335925693,3.6478995842710695,0.0
23.26854,34.67917,41.92899,1987.02044,-1.97661,74.1977,9.887028815279432,3.6831783770762225,0.0
23.27578,34.70702,41.82756,1981.96545,-1.92829,74.21376,9.978131452047856,3.717116506327099,0.0
23.28299,34.73479,41.72898,1976.84791,-1.87616,74.22979,10.065253482275848,3.749571754905601,0.0
23.29017,34.7625,41.63345,1971.66922,-1.82039,74.2458,10.14802488275104,3.7804062794292292,0.0
23.29733,34.79014,41.54114,1966.431,-1.76116,74.26178,10.226090583718458,3.809487807071805,0.0
23.30446,34.81771,41.4522,1961.13512,-1.69865,74.27774,10.299113655378623,3.8366908226178675,0.0
23.31157,34.84521,41.36679,1955.78368,-1.63308,74.29367,10.366778417317187,3.861897726807019,0.0
23.31865,34.87264,41.28503,1950.37902,-1.56468,74.30958,10.428793419174124,3.884999946711629,0.0
23.3257,34.9,41.20706,1944.92366,-1.49368,74.32546,10.484894241370636,3.9058989790813006,0.0
23.33273,34.92729,41.13297,1939.42035,-1.42033,74.34131,10.534846066538327,3.924507348267886,0.0
23.33973,34.9545,41.06287,1933.87203,-1.3449,74.35713,10.578445975422653,3.9407494615099425,0.0
23.3467,34.98164,40.99683,1928.28179,-1.26766,74.37292,10.615524925500225,3.9545623460197303,0.0
23.35365,35.00871,40.93491,1922.65289,-1.18889,74.38868,10.64594937618828,3.965896254416507,0.0
23.36057,35.0357,40.87716,1916.98873,-1.10888,74.40441,10.669622531127473,3.9747151275095507,0.0
23.36746,35.06262,40.82362,1911.29282,-1.02793,74.42011,10.68648517560514,3.98099690626036,0.0
23.37433,35.08946,40.7743,1905.56876,-0.94633,74.43579,10.69651609519822,3.984733687738161,0.0
23.38117,35.11622,40.7292,1899.82025,-0.86439,74.45143,10.699732070294484,3.9859317230789166,0.0
23.38798,35.14291,40.68831,1894.05103,-0.78241,74.46704,10.69618744962467,3.9846112586148283,0.0
23.39476,35.16952,40.6516,1888.26489,-0.7007,74.48262,10.685973314408614,3.9808062244967757,0.0
23.40152,35.19605,40.61902,1882.46561,-0.61955,74.49817,10.669216252637016,3.9745637780820253,0.0
23.40825,35.2225,40.59051,1876.657,-0.53927,74.51369,10.646076770328756,3.965943712085776,0.0
23.41495,35.24888,40.566,1870.84282,-0.46014,74.52917,10.616747373045177,3.9550177398947555,0.0
23.42163,35.27518,40.54541,1865.0268,-0.38245,74.54463,10.581450356293105,3.941868672434204,0.0
23.42828,35.3014,40.52862,1859.21261,-0.30648,74.56005,10.540435347750295,3.9265895025821833,0.0
23.4349,35.32754,40.51553,1853.40383,-0.23249,74.57545,10.493976647165416,3.909282414212335,0.0
23.44149,35.3536,40.50602,1847.60396,-0.16074,74.59081,10.442370411609874,3.8900577336261173,0.0
23.44806,35.37959,40.49994,1841.81639,-0.09147,74.60614,10.385931734185421,3.869032841294533,0.0
23.4546,35.40549,40.49714,1836.04439,-0.02493,74.62145,10.324991663706802,3.8463310616114916,0.0
23.46111,35.43132,40.49749,1830.29109,0.03868,74.63672,10.25989421105712,3.8220805476824222,0.0
23.4676,35.45707,40.5008,1824.5595,0.09915,74.65196,10.190993385308873,3.7964131772013676,0.0
23.47406,35.48274,40.5069,1818.85246,0.15629,74.66717,10.118650299118444,3.7694634741342763,0.0
23.4805,35.50834,40.51562,1813.17265,0.20993,74.68235,10.043230378899043,3.7413675694350177,0.0
23.4869,35.53386,40.52677,1807.52261,0.2599,74.6975,9.965100710617525,3.7122622122848585,0.0
23.49328,35.5593,40.54015,1801.90469,0.30607,74.71262,9.88462754724282,3.6822838415514196,0.0
23.49964,35.58467,40.55558,1796.32109,0.3483,74.72771,9.80217399880741,3.6515677252758016,0.0
23.50597,35.60996,40.57284,1790.77383,0.3865,74.74278,9.718097921160188,3.6202471741774715,0.0
23.51227,35.63518,40.59175,1785.26474,0.42057,74.75782,9.63275001451686,3.588452833314257,0.0
23.51855,35.66032,40.61209,1779.7955,0.45042,74.77283,9.546472138422425,3.556312054361535,0.0
23.5248,35.68538,40.63365,1774.36763,0.47601,74.78781,9.45959584542402,3.5239483493667874,0.0
23.53103,35.71038,40.65624,1768.98244,0.49727,74.80276,9.372441131961345,3.491480925423417,0.0
23.53724,35.7353,40.67964,1763.64112,0.51419,74.81769,9.28531540154347,3.4590242984268236,0.0
23.54341,35.76015,40.70366,1758.34466,0.52673,74.8326,9.198512632425121,3.4266879830119272,0.0
23.54957,35.78492,40.72807,1753.09393,0.53491,74.84747,9.112312739538755,3.394576254856075,0.0
23.5557,35.80963,40.75269,1747.88961,0.53874,74.86233,9.02698111854598,3.3627879808261913,0.0
23.5618,35.83427,40.77731,1742.73225,0.53823,74.87715,8.942768358360148,3.331416511885893,0.0
23.56789,35.85883,40.80174,1737.62226,0.53343,74.89196,8.859910107502635,3.3005496333096813,0.0
23.57395,35.88333,40.82578,1732.55989,0.52438,74.90674,8.778627078976447,3.27026956649848,0.0
23.57998,35.90776,40.84924,1727.54529,0.51115,74.9215,8.699125178091656,3.2406530165979883,0.0
23.58599,35.93212,40.87195,1722.57845,0.4938,74.93623,8.621595737668853,3.2117712601181463,0.0
23.59198,35.95641,40.89372,1717.65927,0.47242,74.95094,8.546215845366282,3.183690266871105,0.0
23.59795,35.98064,40.91438,1712.78749,0.44709,74.96563,8.47314874836344,3.15647085072652,0.0
23.60389,36.0048,40.93376,1707.96278,0.41793,74.9803,8.402544321312698,3.130168843935838,0.0
23.60981,36.0289,40.9517,1703.18468,0.38503,74.99495,8.334539584274546,3.104835290076806,0.0
23.61571,36.05293,40.96805,1698.45263,0.34851,75.00958,8.269259258307864,3.080516651025467,0.0
23.62159,36.0769,40.98265,1693.766,0.3085,75.02419,8.206816347254795,3.057255023686329,0.0
23.62745,36.1008,40.99536,1689.12402,0.26513,75.03878,8.147312735370171,3.035088362625051,0.0
23.63328,36.12465,41.00605,1684.52587,0.21852,75.05334,8.09083979138491,3.014050705097957,0.0
23.63909,36.14843,41.01459,1679.97063,0.16884,75.06789,8.037478970600418,2.994172395348041,0.0
23.64488,36.17215,41.02086,1675.45732,0.11621,75.08242,7.987302407601642,2.975480305406167,0.0
23.65065,36.1958,41.02475,1670.98485,0.0608,75.09694,7.940373493068577,2.957998049968545,0.0
23.6564,36.2194,41.02615,1666.55208,0.00276,75.11143,7.896747429072555,2.9417461932592004,0.0
23.66213,36.24294,41.02496,1662.1578,-0.05775,75.12591,7.85647175803895,2.926742446082499,0.0
23.66784,36.26642,41.02109,1657.80074,-0.12056,75.14037,7.819586861304851,2.9130018515490055,0.0
23.67353,36.28984,41.01447,1653.47955,-0.18551,75.15481,7.786126423922384,2.9005369582269425,0.0
23.6792,36.3132,41.00501,1649.19284,-0.25242,75.16924,7.756117862965426,2.8893579796977176,0.0
23.68485,36.33651,40.99265,1644.93913,-0.32112,75.18365,7.729582717166507,2.8794729397059147,0.0
23.69047,36.35975,40.97733,1640.71692,-0.39144,75.19804,7.706536996225482,2.8708878022859716,0.0
23.69608,36.38294,40.95901,1636.52465,-0.4632,75.21242,7.68699148861241,2.8636065864268456,0.0
23.70167,36.40607,40.93763,1632.3607,-0.53621,75.22678,7.67095202704767,2.8576314649703467,0.0
23.70724,36.42915,40.91317,1628.2234,-0.6103,75.24112,7.65841971128667,2.8529628476043016,0.0
23.71279,36.45217,40.88559,1624.11104,-0.68528,75.25545,7.649391088080378,2.8495994479025843,0.0
23.71832,36.47514,40.85489,1620.02189,-0.76097,75.26977,7.643858288571219,2.8475383345087053,0.0
23.72383,36.49804,40.82105,1615.95413,-0.83719,75.28407,7.641809123613827,2.8467749666453024,0.0
23.72932,36.5209,40.78406,1611.90594,-0.91374,75.29835,7.64322713779148,2.847303214236676,0.0
23.7348,36.5437,40.74393,1607.87545,-0.99046,75.31262,7.648091623135006,2.849115363019452,0.0
23.74025,36.56644,40.70068,1603.86075,-1.06714,75.32687,7.6563775938279,2.8522021051195656,0.0
23.74569,36.58913,40.65433,1599.85992,-1.14361,75.34111,7.668055723389918,2.856552515651499,0.0
23.7511,36.61176,40.6049,1595.87099,-1.21968,75.35533,7.683092246102917,2.862154015996815,0.0
23.7565,36.63434,40.55243,1591.89197,-1.29517,75.36954,7.701448824712112,2.868992324519391,0.0
23.76188,36.65687,40.49697,1587.92085,-1.3699,75.38373,7.723082386664088,2.8770513955597745,0.0
23.76724,36.67934,40.43857,1583.95558,-1.44368,75.39791,7.747944931476794,2.886313347675433,0.0
23.77258,36.70175,40.37727,1579.99412,-1.51633,75.41207,7.775983312109536,2.896758382195323,0.0
23.77791,36.72412,40.31316,1576.03441,-1.58768,75.42622,7.807138993545025,2.908364693285358,0.0
23.78321,36.74642,40.2463,1572.07436,-1.65756,75.44035,7.841347792101419,2.921108370835275,0.0
23.7885,36.76868,40.17677,1568.11189,-1.72578,75.45447,7.878539599391441,2.9349632976261533,0.0
23.79376,36.79088,40.10465,1564.14492,-1.79218,75.46857,7.918638095194519,2.9499010423677223,0.0
23.79901,36.81302,40.03005,1560.17135,-1.85659,75.48265,7.961560453891941,2.965890750337738,0.0
23.80425,36.83511,39.95305,1556.18913,-1.91886,75.49672,8.007217049530244,2.9828990335103365,0.0
23.80946,36.85715,39.87376,1552.19617,-1.97881,75.51077,8.0555111649298,3.000889862191323,0.0
23.81465,36.87913,39.79229,1548.19043,-2.0363,75.5248,8.106338710699879,3.0198244603438935,0.0
23.81983,36.90105,39.70876,1544.16988,-2.09118,75.53882,8.159587960322373,3.0396612069003526,0.0
23.82498,36.92292,39.62329,1540.13252,-2.14331,75.55283,8.215139307876534,3.060355545508199,0.0
23.83012,36.94473,39.53601,1536.07637,-2.19254,75.56681,8.272865055221693,3.0818599052500955,0.0
23.83524,36.96649,39.44704,1531.99953,-2.23874,75.58078,8.332629235737398,3.1041236349824244,0.0
23.84034,36.9882,39.35652,1527.90009,-2.2818,75.59473,8.394287481902955,3.127092954005188,0.0
23.84543,37.00984,39.26459,1523.77623,-2.32159,75.60866,8.45768694407262,3.150710921803634,0.0
23.85049,37.03143,39.17139,1519.62619,-2.358,75.62257,8.522666267816474,3.1749174296071248,0.0
23.85554,37.05296,39.07707,1515.44825,-2.39094,75.63646,8.58905563710241,3.1996492164755717,0.0
23.86056,37.07444,38.98178,1511.24079,-2.42031,75.65034,8.656676890311632,3.2248399125182603,0.0
23.86557,37.09585,38.88566,1507.00224,-2.44603,75.66419,8.725343715728258,3.2504201117188667,0.0
23.87056,37.11721,38.78888,1502.73116,-2.46802,75.67803,8.794861932574854,3.2763174766285936,0.0
23.87553,37.13851,38.69158,1498.42616,-2.48624,75.69185,8.865029862997332,3.302456876940329,0.0
23.88048,37.15975,38.59393,1494.08597,-2.50062,75.70564,8.935638799478927,3.3287605636126547,0.0
23.88541,37.18093,38.49607,1489.70943,-2.51112,75.71941,9.00647357115,3.355148379835142,0.0
23.89033,37.20205,38.39817,1485.29549,-2.51773,75.73317,9.077313211233927,3.381538009669512,0.0
23.89522,37.22311,38.30038,1480.84322,-2.52043,75.7469,9.147931726459747,3.407845264676093,0.0
23.90009,37.24411,38.20286,1476.3518,-2.51921,75.76061,9.218098967792015,3.4339844082835946,0.0
23.90495,37.26505,38.10576,1471.82057,-2.51409,75.77429,9.287581600094965,3.4598685170145282,0.0
23.90979,37.28592,38.00923,1467.24899,-2.50509,75.78796,9.356144166648518,3.4854098770454245,0.0
23.9146,37.30674,37.91342,1462.63666,-2.49225,75.80159,9.423550242539857,3.5105204138755455,0.0
23.9194,37.32749,37.81847,1457.98332,-2.47562,75.81521,9.489563669107648,3.535112152189835,0.0
23.92417,37.34817,37.72453,1453.28885,-2.45528,75.8288,9.553949859703678,3.559097702289489,0.0
23.92893,37.36879,37.63174,1448.55331,-2.4313,75.84237,9.61647716527816,3.5823907688084082,0.0
23.93367,37.38935,37.54023,1443.77688,-2.40377,75.85591,9.676918286496708,3.604906676763927,0.0
23.93839,37.40984,37.45012,1438.95991,-2.37281,75.86942,9.735051717583222,3.626562909426282,0.0
23.94308,37.43026,37.36154,1434.10287,-2.33854,75.88291,9.790663205697333,3.6472796519751043,0.0
23.94776,37.45062,37.27461,1429.20643,-2.3011,75.89638,9.84354720851662,3.666980334487147,0.0
23.95242,37.47091,37.18943,1424.27136,-2.26063,75.90981,9.893508331887606,3.685592167499111,0.0
23.95705,37.49114,37.1061,1419.29861,-2.21729,75.92322,9.940362728925043,3.703046663208937,0.0
23.96167,37.51129,37.02472,1414.28924,-2.17126,75.9366,9.983939441743853,3.719280135306264,0.0
23.96627,37.53138,36.94538,1409.24448,-2.12273,75.94996,10.024081667339894,3.7342341705463116,0.0
23.97084,37.55139,36.86815,1404.16568,-2.07188,75.96328,10.060647929694001,3.747856065389483,0.0
23.9754,37.57134,36.7931,1399.0543,-2.01893,75.97658,10.093513141247948,3.7600992214290874,0.0
23.97993,37.59122,36.7203,1393.91193,-1.96409,75.98985,10.122569538293316,3.770923493848305,0.0
23.98444,37.61102,36.6498,1388.74027,-1.90759,76.00308,10.14772747656334,3.7802954877990835,0.0
23.98893,37.63076,36.58163,1383.54114,-1.84965,76.01629,10.16891607538187,3.788188798364573,0.0
23.99341,37.65042,36.51584,1378.31642,-1.79051,76.02947,10.186083701101461,3.7945841906525404,0.0
23.99786,37.67001,36.45244,1373.0681,-1.73042,76.04262,10.199198283029103,3.799469717486004,0.0
24.00229,37.68953,36.39146,1367.79823,-1.66961,76.05574,10.208247457836206,3.8028407731997698,0.0
24.00669,37.70898,36.33289,1362.50894,-1.60834,76.06883,10.213238541117777,3.8047000830454594,0.0
24.01108,37.72835,36.27673,1357.20239,-1.54686,76.08189,10.214198327647674,3.8050576287813493,0.0
24.01545,37.74765,36.22297,1351.88081,-1.48541,76.09492,10.21117272452223,3.803930512008712,0.0
24.0198,37.76688,36.17159,1346.54644,-1.42426,76.10791,10.204226224031604,3.8013427578025256,0.0
24.02412,37.78603,36.12255,1341.20156,-1.36364,76.12088,10.19344122547948,3.797325062071469,0.0
24.02842,37.80511,36.07582,1335.84845,-1.30381,76.13382,10.178917217355506,3.7919144868956365,0.0
24.03271,37.82412,36.03134,1330.4894,-1.245,76.14672,10.160769833107787,3.785154108776944,0.0
24.03697,37.84305,35.98907,1325.12668,-1.18745,76.15959,10.139129795351996,3.7770926253292503,0.0
24.04121,37.86191,35.94894,1319.76257,-1.1314,76.17244,10.114141764512159,3.7677839263667496,0.0
24.04543,37.88069,35.91087,1314.39928,-1.07706,76.18525,10.085963108737031,3.7572866356654595,0.0
24.04963,37.8994,35.87479,1309.03903,-1.02465,76.19803,10.054762612416239,3.7456636298514994,0.0
24.05381,37.91803,35.84061,1303.68396,-0.97439,76.21078,10.020719140684214,3.732981540893669,0.0
24.05796,37.93659,35.80825,1298.33619,-0.92645,76.2235,9.984020277130394,3.7193102486146574,0.0
24.0621,37.95507,35.7776,1292.99776,-0.88104,76.23619,9.944860951331904,3.7047223694108475,0.0
24.06622,37.97349,35.74857,1287.67064,-0.83833,76.24885,9.903442072042578,3.6892927470792714,0.0
24.07031,37.99182,35.72105,1282.35677,-0.79849,76.26148,9.85996918075417,3.673097951233727,0.0
24.07439,38.01009,35.69492,1277.05796,-0.76166,76.27408,9.814651139156194,3.6562157883490447,0.0
24.07844,38.02827,35.67008,1271.77598,-0.72799,76.28665,9.7676988625028,3.6387248299069057,0.0
24.08247,38.04639,35.64641,1266.5125,-0.69761,76.29918,9.71932410944897,3.620703961577998,0.0
24.08649,38.06443,35.62378,1261.2691,-0.67062,76.31169,9.6697383372503,3.602231956753805,0.0
24.09048,38.0824,35.60208,1256.04729,-0.64715,76.32418,9.619151629635532,3.583387077150921,0.0
24.09445,38.1003,35.58118,1250.84847,-0.62726,76.33663,9.567771703011402,3.564246702596201,0.0
24.09841,38.11812,35.56095,1245.67394,-0.61104,76.34905,9.515802995112866,3.5448869915249968,0.0
24.10234,38.13587,35.54128,1240.52492,-0.59855,76.36145,9.46344583867688,3.5253825731528963,0.0
24.10626,38.15355,35.52204,1235.40252,-0.58985,76.37381,9.410895721332766,3.5058062717654117,0.0
24.11015,38.17116,35.50309,1230.30777,-0.58496,76.38615,9.358342631608801,3.4862288630882245,0.0
24.11403,38.1887,35.48431,1225.24159,-0.58391,76.39847,9.305970489763634,3.4667188622569145,0.0
24.11788,38.20617,35.46559,1220.20481,-0.58671,76.41075,9.25395666117348,3.4473423425408853,0.0
24.12172,38.22356,35.44679,1215.19815,-0.59335,76.42301,9.202471549065923,3.4281627836259925,0.0
24.12553,38.24089,35.42779,1210.22225,-0.60384,76.43524,9.151678262681632,3.409240947996046,0.0
24.12933,38.25815,35.40849,1205.27766,-0.61813,76.44745,9.101732356340907,3.390634783728239,0.0
24.13311,38.27534,35.38875,1200.36482,-0.6362,76.45963,9.052781634395577,3.3723993518325934,0.0
24.13687,38.29246,35.36846,1195.4841,-0.65799,76.47179,9.004966016753968,3.354586776156477,0.0
24.14061,38.30951,35.34752,1190.63575,-0.68344,76.48392,8.958417459384956,3.3372462137702636,0.0
24.14434,38.32649,35.32582,1185.81996,-0.7125,76.49602,8.913259924138806,3.3204238437248117,0.0
24.14804,38.34341,35.30325,1181.03683,-0.74506,76.5081,8.869609392179816,3.3041628720554694,0.0
24.15173,38.36026,35.27972,1176.28636,-0.78106,76.52016,8.827573915368461,3.28850355092328,0.0
24.1554,38.37704,35.25512,1171.56848,-0.82039,76.53219,8.787253700120147,3.273483209854571,0.0
24.15905,38.39376,35.22936,1166.88305,-0.86295,76.5442,8.748741218394766,3.2591362970874864,0.0
24.16268,38.41041,35.20237,1162.22983,-0.90861,76.55619,8.712121340776878,3.245494429147855,0.0
24.1663,38.427,35.17405,1157.60852,-0.95727,76.56816,8.677471486858265,3.2325864468706444,0.0
24.1699,38.44352,35.14432,1153.01874,-1.00878,76.5801,8.644861788459803,3.2204384762044143,0.0
24.17348,38.45998,35.11312,1148.46005,-1.06302,76.59202,8.614355261567404,3.209073992261965,0.0
24.17704,38.47637,35.08038,1143.93193,-1.11984,76.60391,8.586007983230392,3.1985138852196457,0.0
24.18059,38.4927,35.04603,1139.4338,-1.1791,76.61579,8.559869270012586,3.188776526795076,0.0
24.18412,38.50897,35.01002,1134.965,-1.24063,76.62764,8.535981854953802,3.1798778361699616,0.0
24.18763,38.52517,34.9723,1130.52484,-1.30429,76.63948,8.514382060412471,3.1718313443785187,0.0
24.19113,38.54131,34.93281,1126.11254,-1.36991,76.65129,8.495099964458227,3.1646482562930838,0.0
24.19461,38.55739,34.89152,1121.72727,-1.43732,76.66308,8.478159558905473,3.158337509495787,0.0
24.19807,38.57341,34.84839,1117.36817,-1.50635,76.67485,8.46357889737521,3.15290582943547,0.0
24.20151,38.58937,34.80339,1113.03429,-1.57683,76.6866,8.451370232173128,3.14835778041838,0.0
24.20494,38.60526,34.7565,1108.72466,-1.64858,76.69833,8.441540139026296,3.1446958120758683,0.0
24.20836,38.6211,34.70769,1104.43825,-1.72142,76.71004,8.434089629120802,3.141920301101358,0.0
24.21175,38.63687,34.65696,1100.17397,-1.79518,76.72173,8.429014248120762,3.1400295881375317,0.0
24.21513,38.65258,34.6043,1095.93073,-1.86966,76.7334,8.426304162180639,3.139020009818183,0.0
24.2185,38.66824,34.54969,1091.70735,-1.94469,76.74505,8.42594423124276,3.13888592607347,0.0
24.22185,38.68383,34.49316,1087.50265,-2.02008,76.75668,8.427914070154582,3.1396197428977053,0.0
24.22518,38.69937,34.43469,1083.31541,-2.09565,76.76829,8.432188098452,3.141211930894946,0.0
24.2285,38.71484,34.37432,1079.14436,-2.17121,76.77988,8.43873557984422,3.143651039988152,0.0
24.2318,38.73026,34.31205,1074.98821,-2.24659,76.79145,8.447520652718481,3.1469237107829926,0.0
24.23508,38.74562,34.24791,1070.84567,-2.3216,76.803,8.458502353173495,3.1510146831484147,0.0
24.23835,38.76092,34.18192,1066.7154,-2.39605,76.81454,8.4716346323413,3.155906802669482,0.0
24.24161,38.77616,34.11413,1062.59604,-2.46978,76.82605,8.486866369889684,3.1615810256773895,0.0
24.24484,38.79134,34.04457,1058.48624,-2.5426,76.83754,8.504141385872225,3.1680164236639135,0.0
24.24807,38.80646,33.97328,1054.38462,-2.61434,76.84902,8.523398453165123,3.175190187914452,0.0
24.25128,38.82153,33.9003,1050.28978,-2.68485,76.86047,8.544571312948829,3.183077635275352,0.0
24.25447,38.83653,33.8257,1046.20035,-2.75394,76.87191,8.567588695778795,3.1916522160033054,0.0
24.25765,38.85148,33.74952,1042.11494,-2.82145,76.88333,8.592374350901114,3.2008855246862047,0.0
24.26081,38.86637,33.67183,1038.03215,-2.88725,76.89473,8.618847086582289,3.2107473152670383,0.0
24.26395,38.88121,33.59269,1033.95062,-2.95116,76.9061,8.646920824200182,3.2212055211941966,0.0
24.26709,38.89598,33.51216,1029.86898,-3.01306,76.91746,8.67650466892393,3.2322262817515934,0.0
24.2702,38.9107,33.43031,1025.78589,-3.0728,76.9288,8.707502999778692,3.2437739756101642,0.0
24.2733,38.92536,33.34722,1021.70001,-3.13025,76.94012,8.739815581793595,3.2558112626059175,0.0
24.27639,38.93996,33.26296,1017.61004,-3.18528,76.95141,8.7733377028736,3.268299134728309,0.0
24.27946,38.9545,33.17762,1013.51471,-3.23779,76.96269,8.807960337890796,3.2811969772485674,0.0
24.28252,38.96898,33.09126,1009.41278,-3.28766,76.97395,8.84357034226749,3.2944626408344915,0.0
24.28556,38.98341,33.00398,1005.30304,-3.3348,76.98519,8.880050677109237,3.3080525254184194,0.0
24.28858,38.99778,32.91585,1001.18435,-3.37911,76.9964,8.91728066766665,3.3219216764810633,0.0
24.29159,39.01209,32.82697,997.05558,-3.42052,77.0076,8.955136296522662,3.336023894271469,0.0
