date,date1,date2,date3,date4,date5,OT1,OT2,OT3
0.0507,0.0507,56.56545,5362.21393,-0.51912,45.00011,3.442896905668032,1.2825696854308943,0.0
0.10139,0.10139,56.49127,5360.4142,-0.53777,45.00027,3.4766686610919324,1.2951505529146614,0.0
0.15206,0.15207,56.41454,5358.59981,-0.55593,45.0005,3.512014791140154,1.3083179163702778,0.0
0.20272,0.20272,56.33532,5356.76976,-0.57357,45.00078,3.5489386538348824,1.322073026749362,0.0
0.25336,0.25336,56.25369,5354.92302,-0.59066,45.00112,3.587442345933333,1.336416665149146,0.0
0.30398,0.30398,56.16974,5353.05857,-0.60719,45.00152,3.627526513847059,1.3513490723749415,0.0
0.35458,0.35459,56.08354,5351.17539,-0.62312,45.00198,3.6691901540881258,1.36686987460109,0.0
0.40516,0.40518,55.99518,5349.27244,-0.63843,45.0025,3.712430403384318,1.3829780051833527,0.0
0.45573,0.45575,55.90476,5347.34868,-0.6531,45.00307,3.757242318722139,1.3996716227191452,0.0
0.50628,0.50631,55.81236,5345.40306,-0.66709,45.0037,3.803618647687893,1.4169480254935425,0.0
0.55681,0.55685,55.71809,5343.43455,-0.6804,45.00439,3.8515495896384557,1.4348035625091105,0.0
0.60732,0.60737,55.62204,5341.4421,-0.69298,45.00514,3.901022548340408,1.4532335413374733,0.0
0.65781,0.65787,55.52431,5339.42467,-0.70482,45.00594,3.9520218769447233,1.472232133115676,0.0
0.70828,0.70836,55.42503,5337.38122,-0.71589,45.0068,4.004528616302519,1.4917922750619137,0.0
0.75873,0.75883,55.32429,5335.31072,-0.72617,45.00772,4.058520227846898,1.5119055709669929,0.0
0.80917,0.80928,55.22221,5333.21213,-0.73564,45.0087,4.113970322484471,1.5325621901992863,0.0
0.85958,0.85972,55.11891,5331.08446,-0.74427,45.00973,4.170848387144859,1.5537507658372298,0.0
0.90997,0.91013,55.01451,5328.92669,-0.75204,45.01081,4.229119510909932,1.575458292645261,0.0
0.96034,0.96053,54.90912,5326.73783,-0.75892,45.01196,4.288744112863005,1.597670025690476,0.0
1.01067,1.01093,54.80128,5324.51965,-0.78796,45.06497,4.350665362534799,1.620737320439353,47.999999181208274
1.06093,1.06136,54.68949,5322.27321,-0.81638,45.11882,4.4158877186608,1.64503436419976,47.999999181208274
1.11112,1.11182,54.57382,5319.9965,-0.84415,45.17356,4.48447316903806,1.670584249057097,47.999999181208274
1.16125,1.16231,54.45439,5317.68745,-0.87123,45.22923,4.556481591780068,1.6974092811841255,47.999999181208274
1.2113,1.21282,54.33129,5315.34396,-0.89759,45.28586,4.631972704040263,1.7255317067917544,47.999999181208274
1.26128,1.26336,54.20463,5312.96386,-0.92318,45.34351,4.711005596316848,1.7549735386453298,47.999999181208274
1.31118,1.31394,54.07452,5310.54498,-0.94798,45.40222,4.793638219143082,1.7857563648432608,47.999999181208274
1.36101,1.36454,53.94108,5308.08508,-0.97193,45.46203,4.879926819278293,1.817901138783338,47.999999181208274
1.41077,1.41517,53.80444,5305.58188,-0.99501,45.52298,4.969925322671486,1.851427949300443,47.999999181208274
1.46045,1.46584,53.66473,5303.03308,-1.01718,45.58513,5.063684661650289,1.886355770026727,47.999999181208274
1.51005,1.51653,53.52207,5300.43631,-1.03838,45.64852,5.161252044053408,1.9227021871242218,47.999999181208274
1.55957,1.56726,53.37661,5297.78919,-1.05858,45.7132,5.262670162408182,1.960483104682668,47.999999181208274
1.609,1.61802,53.22849,5295.08931,-1.07775,45.77922,5.367976341695722,1.9997124272396112,47.999999181208274
1.65836,1.66882,53.07787,5292.33421,-1.09583,45.84662,5.477201624829181,2.040401719096986,47.999999181208274
1.70762,1.71964,52.92491,5289.52142,-1.11278,45.91546,5.590369795643698,2.082559840359174,47.999999181208274
1.75681,1.77051,52.76975,5286.64843,-1.12857,45.98578,5.707496340037516,2.1261925599307294,47.999999181208274
1.8059,1.82141,52.61259,5283.71275,-1.14315,46.05764,5.828587346863356,2.1713021460694963,47.999999181208274
1.8549,1.87234,52.45358,5280.71184,-1.15647,46.13108,5.953638351274929,2.217886935502757,47.999999181208274
1.9038,1.92331,52.29291,5277.64316,-1.16851,46.20616,6.0826331244884715,2.265940882581553,47.999999181208274
1.95262,1.97432,52.13076,5274.5042,-1.1792,46.28293,6.215542415396538,2.315453090498719,47.999999181208274
2.00133,2.02537,51.96733,5271.29244,-1.18851,46.36143,6.352322650984352,2.3664073271597745,47.999999181208274
2.04995,2.07645,51.80282,5268.00536,-1.19641,46.44171,6.492914604290567,2.4187815289632644,47.999999181208274
2.09846,2.12758,51.63742,5264.6405,-1.20284,46.52383,6.637242040530106,2.472547296445888,47.999999181208274
2.14687,2.17874,51.47134,5261.19543,-1.20777,46.60783,6.78521035397167,2.5276693864835105,47.999999181208274
2.19517,2.22995,51.3048,5257.66775,-1.21116,46.69376,6.9367052103166875,2.5841052065415986,47.999999181208274
2.24336,2.28119,51.13802,5254.05513,-1.21297,46.78166,7.0915912114926565,2.6418043172756067,47.999999181208274
2.29144,2.33248,50.97121,5250.35533,-1.21316,46.87158,7.249710601994587,2.7007079506091274,47.999999181208274
2.33941,2.38381,50.80461,5246.56616,-1.21171,46.96356,7.410882038113059,2.7607485512389647,47.999999181208274
2.38726,2.43519,50.63845,5242.68557,-1.20857,47.05764,7.574899443513849,2.8218493503084225,47.999999181208274
2.43499,2.48661,50.47296,5238.71159,-1.20372,47.15386,7.741530976621077,2.883923980730369,47.999999181208274
2.4826,2.53807,50.30837,5234.64239,-1.19713,47.25225,7.910518137018019,2.946876144298018,47.999999181208274
2.53008,2.58958,50.14494,5230.4763,-1.18878,47.35285,8.0815750395277,3.010599341260854,47.999999181208274
2.57743,2.64113,49.98291,5226.21179,-1.17864,47.45568,8.254387885715287,3.07497667344537,47.999999181208274
2.62466,2.69274,49.82252,5221.84753,-1.1667,47.56077,8.428614663105,3.139880732205446,47.999999181208274
2.67174,2.74439,49.66402,5217.38236,-1.15294,47.66813,8.603885102360346,3.2051735824708674,47.999999181208274
2.7187,2.79608,49.50766,5212.81535,-1.13735,47.77779,8.779800922021204,3.270706853918321,47.999999181208274
2.76551,2.84783,49.35369,5208.1458,-1.11992,47.88975,8.955936388838454,3.3363219497107974,47.999999181208274
2.81217,2.89962,49.20236,5203.37324,-1.10066,48.00402,9.13183921944184,3.40185038239258,47.999999181208274
2.8587,2.95147,49.05392,5198.49747,-1.07957,48.1206,9.307031845817598,3.467114245312974,47.999999181208274
2.90507,3.00336,48.90861,5193.51856,-1.05666,48.23949,9.481013062853705,3.531926826380251,47.999999181208274
2.95129,3.05531,48.76668,5188.43687,-1.03194,48.36067,9.653260071044553,3.596093369022887,47.999999181208274
2.99736,3.1073,48.62836,5183.25307,-1.00543,48.48412,9.823230921336505,3.659411982958866,47.999999181208274
3.04327,3.15935,48.4939,5177.96813,-0.97716,48.60983,9.990367362047627,3.7216747047481813,47.999999181208274
3.08901,3.21145,48.36353,5172.58336,-0.94716,48.73775,10.154098080079105,3.782668705229373,47.999999181208274
3.1346,3.2636,48.23746,5167.10038,-0.91548,48.86785,10.313842320085243,3.8421776377555745,47.999999181208274
3.18001,3.3158,48.11593,5161.52116,-0.88215,49.00008,10.46901385646915,3.8999831178674227,47.999999181208274
3.22526,3.36806,47.99913,5155.84802,-0.84724,49.13438,10.619025283804419,3.955866321588013,47.999999181208274
3.27033,3.42037,47.88728,5150.08361,-0.81079,49.27071,10.763292582203581,4.009609686142774,47.999999181208274
3.31523,3.47273,47.78057,5144.2309,-0.77288,49.40898,10.901239905280745,4.060998693601533,47.999999181208274
3.35996,3.52514,47.67917,5138.29324,-0.73357,49.54912,11.032304530052057,4.109823714846671,47.999999181208274
3.4045,3.57761,47.58327,5132.27428,-0.69294,49.69106,11.155941900859116,4.15588188856731,47.999999181208274
3.44886,3.63013,47.49302,5126.17798,-0.65109,49.83469,11.271630693148627,4.198979007650477,47.999999181208274
3.49304,3.6827,47.40856,5120.00863,-0.60809,49.97993,11.378877818431578,4.238931383660072,47.999999181208274
3.53703,3.73532,47.33004,5113.7708,-0.56405,50.12667,11.477223288750164,4.275567658978803,47.999999181208274
3.58083,3.788,47.25758,5107.46932,-0.51906,50.2748,11.566244858123277,4.308730535868748,47.999999181208274
3.62444,3.84073,47.19127,5101.1093,-0.47323,50.42421,11.645562359556353,4.338278392121634,47.999999181208274
3.66786,3.89351,47.13121,5094.69604,-0.42668,50.57477,11.714841659552098,4.364086754218138,47.999999181208274
3.71109,3.94634,47.07747,5088.23507,-0.3795,50.72637,11.773798157504139,4.386049600944094,47.999999181208274
3.75412,3.99922,47.03012,5081.73208,-0.33183,50.87888,11.822199764877903,4.4040804732137575,47.999999181208274
3.79696,4.05215,46.98919,5075.19292,-0.28378,51.03216,11.85986930846245,4.4181133693443435,47.999999181208274
3.8396,4.10513,46.95472,5068.62352,-0.23547,51.18609,11.886686313050454,4.428103409151231,47.999999181208274
3.88205,4.15816,46.9267,5062.02993,-0.18702,51.34053,11.902588131144388,4.434027254793238,47.999999181208274
3.92429,4.21124,46.90514,5055.41823,-0.13856,51.49533,11.907570400589744,4.43588328125303,47.999999181208274
3.96634,4.26436,46.89001,5048.79452,-0.09022,51.65038,11.901686824750769,4.4336914944468155,47.999999181208274
4.00819,4.31754,46.88128,5042.16489,-0.04211,51.80552,11.885048283721481,4.427493200127044,47.999999181208274
4.04984,4.37076,46.87888,5035.53539,0.00565,51.96063,11.857821298495692,4.417350431745341,47.999999181208274
4.0913,4.42402,46.88274,5028.91196,0.05292,52.11556,11.820225882745294,4.403345150183396,47.999999181208274
4.13255,4.47733,46.89278,5022.30048,0.0996,52.2702,11.772532828433684,4.385578232572538,47.999999181208274
4.17361,4.53068,46.90889,5015.70665,0.14557,52.42441,11.715060481526102,4.364168271161007,47.999999181208274
4.21447,4.58408,46.93097,5009.13605,0.19071,52.57807,11.648171072470298,4.339250206321445,47.999999181208274
4.25513,4.63751,46.95887,5002.59405,0.23493,52.73105,11.572266672511388,4.310973820171791,47.999999181208274
4.2956,4.69099,46.99245,4996.0858,0.27811,52.88325,11.487784851305944,4.2795021189222675,47.999999181208274
4.33588,4.74451,47.03157,4989.61625,0.32017,53.03455,11.395194113667422,4.245009632942989,47.999999181208274
4.37596,4.79807,47.07604,4983.19009,0.361,53.18485,11.294989193636656,4.207680663681404,47.999999181208274
4.41585,4.85166,47.1257,4976.81176,0.40053,53.33405,11.187686282422147,4.167707505944487,47.999999181208274
4.45555,4.9053,47.18035,4970.48541,0.43866,53.48206,11.073818263590557,4.12528867288183,47.999999181208274
4.49506,4.95897,47.23979,4964.21492,0.47533,53.62879,10.953930024041892,4.080627149200522,47.999999181208274
4.53439,5.01267,47.30383,4958.00388,0.51046,53.77416,10.828573903264903,4.033928695893049,47.999999181208274
4.57353,5.06641,47.37223,4951.85559,0.544,53.91811,10.69830533638935,3.9854002271596256,47.999999181208274
4.61248,5.12018,47.4448,4945.77306,0.57588,54.06056,10.563678738851577,3.935248277337837,47.999999181208274
4.65126,5.17399,47.52129,4939.75899,0.60606,54.20146,10.42524367234632,3.8836775726188124,47.999999181208274
4.68986,5.22782,47.60147,4933.81579,0.6345,54.34075,10.283541323503098,3.8308897192615228,47.999999181208274
4.72828,5.28169,47.68512,4927.94559,0.66115,54.47839,10.139101318483457,3.7770820169464487,47.999999181208274
4.76653,5.33559,47.77198,4922.15023,0.68598,54.61435,9.99243888887583,3.7224464029968383,47.999999181208274
4.8046,5.38952,47.86182,4916.43127,0.70897,54.74859,9.844052396765534,3.66716853040217,47.999999181208274
4.84251,5.44347,47.9544,4910.79002,0.7301,54.88109,9.694421220090701,3.611426980057589,47.999999181208274
4.88025,5.49746,48.04947,4905.22751,0.74936,55.01182,9.544003993282658,3.5553926053561637,47.999999181208274
4.91782,5.55147,48.14678,4899.74454,0.76673,55.14077,9.393237192875267,3.499228005291147,47.999999181208274
4.95523,5.6055,48.24608,4894.34167,0.78221,55.26794,9.242534053239924,3.4430871205387334,47.999999181208274
4.99248,5.65957,48.34715,4889.01922,0.79581,55.39332,9.09228379398226,3.387114945643005,47.999999181208274
5.02958,5.71365,48.44972,4883.77732,0.80752,55.51692,8.942851137629065,3.3314473493416186,47.999999181208274
5.06651,5.76776,48.55355,4878.61589,0.81736,55.63874,8.794576094136342,3.276210994289386,47.999999181208274
5.1033,5.8219,48.65842,4873.53467,0.82534,55.75879,8.64777398740107,3.2215233469346023,47.999999181208274
5.13993,5.87605,48.76408,4868.53322,0.83148,55.87709,8.5027356981734,3.1674927680102307,47.999999181208274
5.17641,5.93023,48.87029,4863.61094,0.8358,55.99365,8.359728097649748,3.1142186740587436,47.999999181208274
5.21275,5.98443,48.97684,4858.76709,0.83832,56.10851,8.21899464632278,3.061791760519486,47.999999181208274
5.24895,6.03865,49.08348,4854.00079,0.83907,56.22169,8.08075613342311,3.010294277190179,47.999999181208274
5.285,6.0929,49.19001,4849.31102,0.83808,56.33321,7.945211533380638,2.95980034728129,47.999999181208274
5.32091,6.14716,49.2962,4844.69668,0.83538,56.44311,7.812538957059371,2.910376321776043,47.999999181208274
5.35669,6.20144,49.40184,4840.15654,0.83101,56.55142,7.682896677074257,2.862081161387908,47.999999181208274
5.39233,6.25574,49.50673,4835.68928,0.82499,56.65818,7.556424208183111,2.814966839035025,47.999999181208274
5.42784,6.31006,49.61065,4831.29351,0.81737,56.76343,7.433243425468923,2.7690787563925356,47.999999181208274
5.46321,6.3644,49.71342,4826.96776,0.80819,56.8672,7.313459704850627,2.724456168762848,47.999999181208274
5.49846,6.41875,49.81484,4822.7105,0.79749,56.96954,7.197163072197621,2.681132613151038,47.999999181208274
5.53358,6.47313,49.91473,4818.52014,0.7853,57.07049,7.084429349086021,2.6391363350891934,47.999999181208274
5.56857,6.52752,50.01291,4814.39503,0.77167,57.1701,6.9753212848633765,2.5984907103603114,47.999999181208274
5.60345,6.58193,50.10919,4810.3335,0.75665,57.2684,6.869889666299174,2.5592146583723063,47.999999181208274
5.63819,6.63635,50.20342,4806.33383,0.74027,57.36545,6.768174397513732,2.5213230444599377,47.999999181208274
5.67282,6.69079,50.29543,4802.39426,0.72258,57.46129,6.6702055442913295,2.484827068918927,47.999999181208274
5.70733,6.74525,50.38506,4798.51303,0.70363,57.55597,6.576004338060013,2.4497346410148544,47.999999181208274
5.74173,6.79972,50.47216,4794.68834,0.68346,57.64954,6.48558413597309,2.4160507366387742,47.999999181208274
5.77601,6.85421,50.55659,4790.91837,0.66211,57.74203,6.3989513344806745,2.383777738636656,47.999999181208274
5.81017,6.90871,50.6382,4787.20131,0.63963,57.83351,6.316106234693888,2.352915759180314,47.999999181208274
5.84422,6.96323,50.71687,4783.53531,0.61607,57.92402,6.237043858540103,2.323462943806714,47.999999181208274
5.87816,7.01777,50.79246,4779.91853,0.59147,58.0136,6.16175471542825,2.29541575702097,47.999999181208274
5.91199,7.07232,50.86486,4776.34912,0.56588,58.10231,6.090225519627365,2.2687692495387295,47.999999181208274
5.94571,7.12688,50.93395,4772.82524,0.53934,58.19019,6.022439859056833,2.2435173074281356,47.999999181208274
5.97932,7.18146,50.99961,4769.34503,0.51189,58.27729,5.958378816558655,2.219652883550093,47.999999181208274
6.01283,7.23605,51.06174,4765.90663,0.48359,58.36366,5.898021544978952,2.19716821179126,47.999999181208274
6.04623,7.29066,51.12025,4762.5082,0.45447,58.44935,5.841345797663114,2.1760550046874503,47.999999181208274
6.07952,7.34528,51.17504,4759.14788,0.42458,58.5344,5.788328416095797,2.1563046350823605,47.999999181208274
6.11272,7.39992,51.22602,4755.82383,0.39397,58.61886,5.738945776545272,2.1379083025143437,47.999999181208274
6.14584,7.45454,51.27525,4752.53019,0.39684,58.62599,5.691462077044984,2.1202193750791607,0.0
6.17894,7.50914,51.32473,4749.26241,0.39877,58.63315,5.644215181491176,2.1026186633447272,0.0
6.212,7.56371,51.37437,4746.02058,0.39976,58.64035,5.597300538945454,2.08514172459791,0.0
6.24504,7.61825,51.42403,4742.80472,0.39981,58.64758,5.550807710193235,2.0678219225877603,0.0
6.27804,7.67275,51.47361,4739.61481,0.39893,58.65484,5.504822233331954,2.050691122506217,0.0
6.31102,7.72723,51.523,4736.45078,0.39713,58.66215,5.459425599487924,2.033779681941992,0.0
6.34397,7.78168,51.57206,4733.3125,0.39442,58.66948,5.414695253809545,2.0171164512505686,0.0
6.37689,7.8361,51.62071,4730.19981,0.39082,58.67686,5.370704619599714,2.0007287825441598,0.0
6.40978,7.89049,51.66882,4727.11251,0.38633,58.68427,5.327523143397074,1.9846425464856579,0.0
6.44264,7.94486,51.71629,4724.05034,0.38098,58.69171,5.285216358858392,1.9688821560865033,0.0
6.47548,7.9992,51.76302,4721.01302,0.37477,58.69919,5.243845967282246,1.953470596703875,0.0
6.50828,8.0535,51.8089,4718.00021,0.36773,58.70671,5.20346993270396,1.9384294614660569,0.0
6.54106,8.10779,51.85383,4715.01157,0.35988,58.71426,5.164142589518289,1.9237789913647185,0.0
6.57381,8.16204,51.89771,4712.04668,0.35123,58.72184,5.125914760706749,1.9095381192977083,0.0
6.60653,8.21627,51.94045,4709.10512,0.3418,58.72947,5.088833884793282,1.8957245173633779,0.0
6.63922,8.27048,51.98196,4706.18644,0.33162,58.73713,5.052944149796369,1.8823546467612675,0.0
6.67189,8.32465,52.02214,4703.29013,0.3207,58.74482,5.01828663251985,1.8694438096816024,0.0
6.70453,8.37881,52.06091,4700.41569,0.30908,58.75255,4.98489944164908,1.857006202612379,0.0
6.73714,8.43293,52.09818,4697.56258,0.29676,58.76032,4.9528178632284545,1.8450549705335653,0.0
6.76972,8.48704,52.13387,4694.73022,0.28379,58.76812,4.922074507206448,1.8336022615089873,0.0
6.80228,8.54111,52.16791,4691.91802,0.27017,58.77596,4.89269945384549,1.82265928122786,0.0
6.83481,8.59517,52.20022,4689.12536,0.25594,58.78384,4.864720398906742,1.8122363470899352,0.0
6.86731,8.64919,52.23073,4686.35162,0.24113,58.79175,4.838162796615179,1.8023429414637566,0.0
6.89979,8.7032,52.25937,4683.59614,0.22575,58.7997,4.813049999513526,1.7929877637859322,0.0
6.93224,8.75718,52.28607,4680.85824,0.20984,58.80768,4.789403394415826,1.7841787812074137,0.0
6.96466,8.81114,52.31078,4678.13723,0.19341,58.81571,4.767242533745959,1.7759232775205511,0.0
6.99706,8.86508,52.33343,4675.4324,0.17651,58.82376,4.746585261637937,1.7682279001347723,0.0
7.02943,8.91899,52.35397,4672.74302,0.15916,58.83186,4.727447834256528,1.7610987048991775,0.0
7.06177,8.97288,52.37235,4670.06835,0.14138,58.83999,4.709845033839967,1.7545411985864552,0.0
7.09409,9.02674,52.38852,4667.40763,0.1232,58.84816,4.693790276072184,1.7485603788918553,0.0
7.12638,9.08059,52.40244,4664.76009,0.10466,58.85636,4.679295710409529,1.743160771807542,0.0
7.15865,9.13441,52.41407,4662.12495,0.08577,58.8646,4.666372313060148,1.7383464662598487,0.0
7.19089,9.18821,52.42337,4659.5014,0.06658,58.87288,4.655029972353723,1.7341211459117598,0.0
7.2231,9.24199,52.43031,4656.88863,0.04711,58.88119,4.645277566278372,1.7304881180474447,0.0
7.25529,9.29575,52.43485,4654.28583,0.02738,58.88954,4.637123031998691,1.7274503394695535,0.0
7.28746,9.34949,52.43697,4651.69216,0.00743,58.89792,4.630573427203736,1.7250104393529593,0.0
7.31959,9.4032,52.43665,4649.10676,-0.01271,58.90635,4.6256349831401495,1.7231707390009894,0.0
7.3517,9.45689,52.43387,4646.52879,-0.03301,58.9148,4.622313149241872,1.7219332684711708,0.0
7.38379,9.51057,52.42862,4643.95737,-0.05345,58.9233,4.62061262925516,1.7212997800327474,0.0
7.41585,9.56422,52.42087,4641.39163,-0.07398,58.93183,4.620537408791332,1.7212717584308015,0.0
7.44789,9.61785,52.41063,4638.83068,-0.09459,58.9404,4.622090774255935,1.721850427937871,0.0
7.47989,9.67146,52.3979,4636.27362,-0.11525,58.949,4.625275323106325,1.723036756175165,0.0
7.51188,9.72505,52.38266,4633.71956,-0.13591,58.95764,4.630092965405426,1.724831454691378,0.0
7.54384,9.77862,52.36492,4631.16757,-0.15655,58.96632,4.636544916658164,1.7272349762940773,0.0
7.57577,9.83216,52.3447,4628.61674,-0.17715,58.97503,4.64463168192259,1.7302475091306755,0.0
7.60767,9.88569,52.32199,4626.06613,-0.19767,58.98378,4.654353031187709,1.7338689675160257,0.0
7.63956,9.9392,52.29683,4623.51481,-0.21808,58.99256,4.665707966058451,1.7380989795216948,0.0
7.67141,9.99269,52.26921,4620.96183,-0.23834,59.00139,4.678694677762646,1.7429368713324571,0.0
7.70324,10.04615,52.23916,4618.40624,-0.25844,59.01024,4.693310496532117,1.7483816483894217,0.0
7.73504,10.0996,52.20672,4615.8471,-0.27834,59.01913,4.709551832439942,1.754431973350353,0.0
7.76682,10.15302,52.1719,4613.28342,-0.29801,59.02806,4.727414107773845,1.7610861408969816,0.0
7.79858,10.20643,52.13475,4610.71426,-0.31741,59.03703,4.746891681077123,1.7683420494382496,0.0
7.8303,10.25981,52.09529,4608.13864,-0.33652,59.04602,4.767977762996396,1.7761971697613843,0.0
7.862,10.31318,52.05357,4605.55558,-0.35532,59.05506,4.790664324142201,1.784648510707546,0.0
7.89368,10.36652,52.00962,4602.96412,-0.37376,59.06413,4.814941995173207,1.793692581950565,0.0
7.92533,10.41984,51.9635,4600.36326,-0.39182,59.07323,4.840799959394973,1.8033253539871588,0.0
7.95695,10.47314,51.91526,4597.75203,-0.40947,59.08237,4.868225838192184,1.813542215457421,0.0
7.98854,10.52642,51.86495,4595.12945,-0.42668,59.09155,4.897205569690085,1.8243379279430154,0.0
8.02011,10.57968,51.81262,4592.49455,-0.44342,59.10076,4.927723281094464,1.8357065784104598,0.0
8.05166,10.63292,51.75834,4589.84634,-0.45967,59.11,4.959761155237501,1.847641529495943,0.0
8.08317,10.68614,51.70218,4587.18386,-0.47539,59.11928,4.993299291937189,1.8601353678580619,0.0
8.11466,10.73934,51.64419,4584.50613,-0.49056,59.1286,5.028315564850068,1.8731798508516995,0.0
8.14613,10.79251,51.58445,4581.81219,-0.50514,59.13795,5.064785474617387,1.8867658518211035,0.0
8.17756,10.84567,51.52303,4579.10109,-0.51912,59.14733,5.102681999159653,1.900883304330669,0.0
8.20897,10.8988,51.46001,4576.37188,-0.53247,59.15675,5.141975442124465,1.9155211457077683,0.0
8.24036,10.95191,51.39547,4573.62362,-0.54515,59.1662,5.18263328056123,1.930667260297576,0.0
8.27171,11.005,51.32949,4570.8554,-0.55715,59.17568,5.2246200130312745,1.9463084228800867,0.0
8.30304,11.05806,51.26216,4568.0663,-0.56843,59.1852,5.267897009470264,1.9624302427399174,0.0
8.33434,11.1111,51.19356,4565.25544,-0.57898,59.19475,5.312422364226411,1.9790171089191733,0.0
8.36561,11.16412,51.12379,4562.42193,-0.58877,59.20433,5.358150753826683,1.996052137231618,0.0
8.39685,11.21712,51.05295,4559.56492,-0.59778,59.21395,5.40503330113057,2.0135171196563753,0.0
8.42807,11.27009,50.98111,4556.6836,-0.60599,59.2236,5.4530174476336315,2.0313924767676452,0.0
8.45926,11.32305,50.9084,4553.77714,-0.61338,59.23328,5.502046835800547,2.0496572139006637,0.0
8.49041,11.37597,50.8349,4550.84477,-0.61992,59.243,5.552061203376233,2.068288881779818,0.0
8.52154,11.42887,50.76072,4547.88574,-0.62561,59.25275,5.602996291745717,2.087263542380283,0.0
8.55265,11.48175,50.68596,4544.89934,-0.63041,59.26253,5.6547837704334425,2.106555740802033,0.0
8.58372,11.53461,50.61074,4541.88489,-0.63432,59.27234,5.707351179903208,2.126138483961306,0.0
8.61476,11.58743,50.53515,4538.84174,-0.63733,59.28218,5.760621894869351,2.1459832269230614,0.0
8.64577,11.64024,50.45932,4535.7693,-0.63941,59.29206,5.814515110286149,2.1660598676816583,0.0
8.67676,11.69301,50.38334,4532.667,-0.64056,59.30196,5.868945852210338,2.186336751207432,0.0
8.70771,11.74577,50.30733,4529.53433,-0.64077,59.3119,5.9238250156237156,2.2067806835366084,0.0
8.73863,11.79849,50.23141,4526.37083,-0.64003,59.32187,5.979059431273115,2.227356956670951,0.0
8.76953,11.85119,50.15569,4523.17609,-0.63834,59.33187,6.034551963401102,2.248029384985021,0.0
8.80039,11.90386,50.08027,4519.94973,-0.63568,59.3419,6.090201640134122,2.268760353799189,0.0
8.83122,11.95651,50.00528,4516.69148,-0.63206,59.35196,6.145903818053051,2.2895108806864983,0.0
8.86202,12.00912,49.93083,4513.40107,-0.62748,59.36205,6.201550382243864,2.3102406899967987,0.0
8.89279,12.06171,49.85704,4510.07833,-0.62193,59.37216,6.257029982832384,2.3309083009721676,0.0
8.92353,12.11427,49.78401,4506.72314,-0.61543,59.38231,6.312228308713989,2.3514711297184285,0.0
8.95423,12.16681,49.71186,4503.33545,-0.60797,59.39249,6.3670283987566565,2.371885605136469,0.0
8.9849,12.21931,49.64069,4499.91528,-0.59957,59.4027,6.421310990437421,2.3921072987984995,0.0
9.01555,12.27178,49.57063,4496.4627,-0.59023,59.41293,6.474954905351719,2.4120910685604247,0.0
9.04615,12.32423,49.50177,4492.97787,-0.57998,59.42319,6.52783747064905,2.4317912155577153,0.0
9.07673,12.37664,49.43422,4489.46103,-0.56881,59.43349,6.579834974889677,2.4511616540240255,0.0
9.10727,12.42902,49.3681,4485.91248,-0.55676,59.44381,6.63082315635988,2.4701560932014717,0.0
9.13778,12.48138,49.30349,4482.33258,-0.54384,59.45415,6.6806777213392445,2.4887282304088365,0.0
9.16826,12.5337,49.24049,4478.7218,-0.53007,59.46453,6.729274889316231,2.506831954148709,0.0
9.1987,12.58599,49.17921,4475.08065,-0.51548,59.47493,6.776491961628051,2.5244215559408048,0.0
9.22911,12.63824,49.11974,4471.40975,-0.5001,59.48536,6.822207909517843,2.5414519493887338,0.0
9.25948,12.69047,49.06216,4467.70975,-0.48395,59.49582,6.866303977147378,2.557878894818103,0.0
9.28983,12.74266,49.00656,4463.98141,-0.46706,59.5063,6.908664294669862,2.5736592276622616,0.0
9.32013,12.79482,48.95302,4460.22555,-0.44948,59.51681,6.949176496134631,2.588751088648061,0.0
9.3504,12.84694,48.90162,4456.44306,-0.43122,59.52735,6.987732336628156,2.6031141536971174,0.0
9.38064,12.89904,48.85242,4452.63489,-0.41235,59.53791,7.024228302883618,2.6167098613939412,0.0
9.41084,12.95109,48.8055,4448.80208,-0.39288,59.5485,7.058566211373797,2.6295016357912817,0.0
9.44101,13.00312,48.76093,4444.94571,-0.37288,59.55912,7.090653787877209,2.6414551023137522,0.0
9.47114,13.05511,48.71874,4441.06693,-0.35237,59.56976,7.120405222462572,2.6525382945041565,0.0
9.50123,13.10706,48.679,4437.16694,-0.33141,59.58042,7.147741694015941,2.662721849423641,0.0
9.53129,13.15898,48.64176,4433.24701,-0.31003,59.59112,7.172591858568635,2.6719791895667,0.0
9.56131,13.21087,48.60705,4429.30845,-0.2883,59.60183,7.194892296039425,2.6802866892843933,0.0
9.5913,13.26271,48.57491,4425.35261,-0.26626,59.61257,7.214587910350169,2.6876238238379466,0.0
9.62125,13.31453,48.54536,4421.38089,-0.24396,59.62334,7.23163227839081,2.6939732993973995,0.0
9.65116,13.3663,48.51844,4417.39472,-0.22145,59.63413,7.245987943842136,2.699321162498309,0.0
9.68104,13.41804,48.49415,4413.39557,-0.19879,59.64494,7.2576266524871365,2.703656887701426,0.0
9.71088,13.46975,48.4725,4409.38493,-0.17602,59.65578,7.26652952637553,2.7069734424735628,0.0
9.74069,13.52142,48.45351,4405.3643,-0.1532,59.66665,7.272687174875668,2.7092673285573476,0.0
9.77045,13.57305,48.43716,4401.33523,-0.13039,59.67753,7.2760997414754325,2.710538599405791,0.0
9.80019,13.62464,48.42346,4397.29924,-0.10764,59.68845,7.27677688596524,2.7107908535449883,0.0
9.82988,13.6762,48.41238,4393.25789,-0.08499,59.69938,7.27473770240081,2.710031204013089,0.0
9.85954,13.72772,48.4039,4389.21271,-0.06251,59.71034,7.27001057408052,2.7082702243355494,0.0
9.88916,13.7792,48.398,4385.16525,-0.04025,59.72133,7.262632967479464,2.705521871760143,0.0
9.91874,13.83065,48.39464,4381.11704,-0.01826,59.73233,7.252651167845143,2.7018033887594037,0.0
9.94828,13.88206,48.3938,4377.06959,0.00342,59.74337,7.240119959775503,2.697135184037535,0.0
9.97779,13.93343,48.39541,4373.0244,0.02473,59.75442,7.225102256756165,2.6915406945232845,0.0
10.00727,13.98476,48.39944,4368.98293,0.04562,59.7655,7.207668684115432,2.685046230009708,0.0
10.0367,14.03606,48.40583,4364.94663,0.06605,59.7766,7.187897120335629,2.677680802280579,0.0
10.0661,14.08732,48.41452,4360.91691,0.08596,59.78773,7.165872202005827,2.66947594069225,0.0
10.09546,14.13855,48.42544,4356.89512,0.10532,59.79888,7.14168479796005,2.660465496276295,0.0
10.12478,14.18973,48.43852,4352.88261,0.12409,59.81005,7.115431458354006,2.650685436506106,0.0
10.15407,14.24089,48.45369,4348.88065,0.14222,59.82125,7.087213844480983,2.6401736328883003,0.0
10.18332,14.292,48.47088,4344.89047,0.15967,59.83247,7.057138145142644,2.6289696435454935,0.0
10.21253,14.34308,48.48999,4340.91327,0.17641,59.84371,7.025314485308694,2.6171144929264623,0.0
10.24171,14.39412,48.51094,4336.95016,0.1924,59.85498,6.991856332617604,2.6046504507120516,0.0
10.27085,14.44512,48.53365,4333.00223,0.20762,59.86627,6.9568799070256695,2.5916208118939124,0.0
10.29995,14.49609,48.55801,4329.07049,0.22203,59.87759,6.920503598640042,2.578069679901989,0.0
10.32902,14.54702,48.58394,4325.1559,0.2356,59.88893,6.882847398368118,2.5640417545064382,0.0
10.35805,14.59792,48.61134,4321.25935,0.24831,59.90029,6.844032345652456,2.549582126084352,0.0
10.38705,14.64878,48.64009,4317.38167,0.26014,59.91168,6.804179997117516,2.534736077676689,0.0
10.416,14.69961,48.67011,4313.52365,0.27107,59.92309,6.763411919458006,2.519548896075841,0.0
10.44493,14.7504,48.70128,4309.68599,0.28107,59.93452,6.721849209474442,2.5040656930262473,0.0
10.47381,14.80116,48.7335,4305.86933,0.29014,59.94598,6.679612043646265,2.4883312374285342,0.0
10.50266,14.85188,48.76663,4302.07432,0.29775,59.96905,6.6368460072911715,2.4723997636441237,4.999999914709195
10.53146,14.90258,48.80053,4298.30151,0.3044,59.99208,6.5936938948256705,2.4563244663503125,4.999999914709195
10.56021,14.95324,48.8351,4294.55134,0.31009,60.01508,6.550268899347918,2.440147512954453,4.999999914709195
10.58892,15.00389,48.87022,4290.82416,0.31482,60.03803,6.506681754823528,2.4239101547723236,4.999999914709195
10.61759,15.0545,48.90579,4287.12029,0.31856,60.06094,6.463040445630548,2.4076526188259857,4.999999914709195
10.64621,15.10508,48.94169,4283.43997,0.32134,60.08381,6.419449974350467,2.391414021339829,4.999999914709195
10.67479,15.15564,48.97782,4279.78339,0.32315,60.10664,6.3760121625249635,2.3752322935172145,4.999999914709195
10.70332,15.20617,49.01407,4276.15069,0.32398,60.12943,6.332825483442929,2.359144119249242,4.999999914709195
10.73181,15.25668,49.05033,4272.54194,0.32385,60.15218,6.289984925749731,2.343184884305613,4.999999914709195
10.76025,15.30715,49.08648,4268.95716,0.32277,60.17489,6.247581886478503,2.3273886364859706,4.999999914709195
10.78865,15.3576,49.12244,4265.39633,0.32073,60.19756,6.205704091928259,2.311788056144915,4.999999914709195
10.81701,15.40803,49.15808,4261.85937,0.31776,60.22019,6.164435544668262,2.296414436449737,4.999999914709195
10.84532,15.45843,49.19331,4258.34614,0.31387,60.24279,6.123856494851688,2.281297672694004,4.999999914709195
10.87359,15.5088,49.22803,4254.85649,0.30906,60.26535,6.084043433930952,2.2664662599563514,4.999999914709195
10.90182,15.55915,49.26213,4251.39019,0.30336,60.28787,6.045069108842268,2.2519472983846063,4.999999914709195
10.93,15.60948,49.29552,4247.94696,0.29678,60.31036,6.007002554688217,2.2377665053709026,4.999999914709195
10.95815,15.65977,49.32811,4244.52652,0.28934,60.33283,5.969909143949224,2.223948233884252,4.999999914709195
10.98625,15.71005,49.3598,4241.12851,0.28105,60.35526,5.933850650291687,2.2105154962407516,4.999999914709195
11.01431,15.7603,49.39049,4237.75255,0.27195,60.37766,5.8988853250601485,2.1974899925989275,4.999999914709195
11.04233,15.81052,49.42011,4234.39821,0.26205,60.40004,5.865067984618778,2.1848921434967394,4.999999914709195
11.0703,15.86072,49.44856,4231.06505,0.25137,60.42239,5.832450106750293,2.1727411257627103,4.999999914709195
11.09824,15.9109,49.47577,4227.75256,0.23994,60.44473,5.801079934414894,2.161054911168864,4.999999914709195
11.12613,15.96106,49.50165,4224.46023,0.22779,60.46704,5.77100258524972,2.1498503072221515,4.999999914709195
11.15398,16.01119,49.52613,4221.1875,0.21494,60.48933,5.742260165280754,2.1391429995251277,4.999999914709195
11.1818,16.0613,49.54913,4217.93378,0.20141,60.51161,5.714891885411653,2.128947595171105,4.999999914709195
11.20957,16.11138,49.57059,4214.69848,0.18724,60.53388,5.688934179352487,2.119277666675714,4.999999914709195
11.2373,16.16144,49.59043,4211.48094,0.17246,60.55614,5.664420821751434,2.1101457959840655,4.999999914709195
11.26499,16.21148,49.6086,4208.28051,0.15708,60.57839,5.641383045370778,2.1015636181218933,4.999999914709195
11.29264,16.2615,49.62503,4205.0965,0.14116,60.60063,5.619849656270223,2.093541864104371,4.999999914709195
11.32025,16.3115,49.63966,4201.92819,0.1247,60.62287,5.599847146035174,2.0860904027440963,4.999999914709195
11.34783,16.36147,49.65245,4198.77485,0.10775,60.64511,5.581399800165185,2.079218281028643,4.999999914709195
11.37536,16.41142,49.66333,4195.63573,0.09034,60.66736,5.564529801855981,2.0729337627820943,4.999999914709195
11.40285,16.46135,49.67228,4192.51006,0.07249,60.68961,5.549257330457525,2.0672443653432624,4.999999914709195
11.4303,16.51126,49.67923,4189.39704,0.05425,60.71187,5.535600653971946,2.0621568940236,4.999999914709195
11.45772,16.56115,49.68416,4186.29585,0.03564,60.73414,5.5235762150473855,2.057677474142172,4.999999914709195
11.48509,16.61102,49.68703,4183.20569,0.0167,60.75642,5.513198709958899,2.0538115804481185,4.999999914709195
11.51242,16.66086,49.68781,4180.12569,-0.00254,60.77873,5.50448116016163,2.050564063776096,4.999999914709195
11.53972,16.71069,49.68647,4177.055,-0.02205,60.80105,5.497434976030892,2.047939174791134,4.999999914709195
11.56698,16.76049,49.68298,4173.99274,-0.04178,60.82339,5.492070012484028,2.0459405847092405,4.999999914709195
11.59419,16.81027,49.67733,4170.93803,-0.06172,60.84576,5.488394616200765,2.0445714028882285,4.999999914709195
11.62137,16.86004,49.6695,4167.88997,-0.08181,60.86817,5.486415664247759,2.0438341912163747,4.999999914709195
11.64851,16.90978,49.65947,4164.84764,-0.10203,60.8906,5.486138593909557,2.043730975225235,4.999999914709195
11.67561,16.9595,49.64725,4161.81012,-0.12234,60.91306,5.4875674236067695,2.044263251882218,4.999999914709195
11.70268,17.0092,49.63281,4158.77647,-0.1427,60.93557,5.490704764818419,2.0454319940319734,4.999999914709195
11.7297,17.05888,49.61617,4155.74575,-0.16309,60.95812,5.495551824934382,2.047237651458997,4.999999914709195
11.75668,17.10854,49.59733,4152.71701,-0.18346,60.98071,5.502108401055162,2.0496801485778873,4.999999914709195
11.78363,17.15818,49.57628,4149.68927,-0.20379,61.00335,5.510372864747196,2.052758878754297,4.999999914709195
11.81054,17.2078,49.55305,4146.66158,-0.22403,61.02603,5.520342137837997,2.0564726952879826,4.999999914709195
11.8374,17.25739,49.52765,4143.63295,-0.24415,61.04878,5.53201165934683,2.0608198990936124,4.999999914709195
11.86423,17.30697,49.50009,4140.6024,-0.26411,61.07157,5.54537534370705,2.065798223137492,4.999999914709195
11.89102,17.35653,49.4704,4137.56894,-0.28389,61.09443,5.560425530482326,2.071404813705529,4.999999914709195
11.91778,17.40607,49.4386,4134.53158,-0.30343,61.11735,5.5771529258142305,2.077636208590923,4.999999914709195
11.94449,17.45558,49.40472,4131.48932,-0.32272,61.14033,5.59554653589203,2.084488312309911,4.999999914709195
11.97116,17.50508,49.3688,4128.44117,-0.34172,61.16339,5.615593592805117,2.091956368479849,4.999999914709195
11.9978,17.55456,49.33086,4125.38613,-0.36038,61.18651,5.637279473166015,2.1000349295041363,4.999999914709195
12.02439,17.60401,49.29097,4122.3232,-0.37868,61.20971,5.660587609980253,2.1087178237414284,4.999999914709195
12.05095,17.65345,49.24914,4119.25138,-0.39659,61.23299,5.685499398289618,2.1179981203552667,4.999999914709195
12.07746,17.70286,49.20544,4116.16968,-0.41407,61.25634,5.7119940951947,2.127868092069841,4.999999914709195
12.10394,17.75225,49.15992,4113.0771,-0.43108,61.27978,5.740048714937446,2.1383191760854845,4.999999914709195
12.13038,17.80163,49.11263,4109.97266,-0.4476,61.30331,5.769637919773718,2.1493419334258306,4.999999914709195
12.15678,17.85098,49.06362,4106.85538,-0.46359,61.32692,5.800733907499165,2.1609260070382383,4.999999914709195
12.18313,17.90031,49.01296,4103.72429,-0.47902,61.35062,5.833306296541084,2.1730600789874885,4.999999914709195
12.20945,17.94962,48.96072,4100.57843,-0.49386,61.37442,5.867322009618427,2.1857318271160753,4.999999914709195
12.23573,17.9989,48.90695,4097.41685,-0.50808,61.39831,5.902745157085446,2.198927881586644,4.999999914709195
12.26197,18.04817,48.85174,4094.23861,-0.52165,61.42231,5.939536921137207,2.2126337817454984,4.999999914709195
12.28816,18.09741,48.79515,4091.0428,-0.53455,61.4464,5.977655442186411,2.226833933794978,4.999999914709195
12.31432,18.14663,48.73726,4087.8285,-0.54674,61.4706,6.017055708765777,2.2415115697791967,4.999999914709195
12.34044,18.19583,48.67816,4084.59483,-0.55819,61.4949,6.057689452442247,2.256648708436823,4.999999914709195
12.36651,18.24501,48.61791,4081.34094,-0.56889,61.51932,6.099505049293861,2.272226118498619,4.999999914709195
12.39255,18.29416,48.55662,4078.06597,-0.5788,61.54384,6.142447429570371,2.288223285033646,4.999999914709195
12.41854,18.34329,48.49435,4074.76912,-0.58791,61.56847,6.186457997268628,2.3046183794889754,4.999999914709195
12.44449,18.3924,48.43121,4071.44959,-0.59619,61.59322,6.231474561361041,2.3213882340704854,4.999999914709195
12.4704,18.44149,48.36729,4068.10664,-0.60362,61.61809,6.277431280524425,2.3385083211529016,4.999999914709195
12.49626,18.49055,48.30267,4064.73953,-0.61017,61.64307,6.324258623193005,2.3559527383984857,4.999999914709195
12.52209,18.53958,48.23746,4061.34758,-0.61584,61.66817,6.371883344828642,2.373694200289602,4.999999914709195
12.54787,18.5886,48.17175,4057.93014,-0.62061,61.69339,6.420228484259157,2.391704036764645,4.999999914709195
12.57361,18.63759,48.10564,4054.48659,-0.62445,61.71874,6.4692133809450345,2.409952199650335,4.999999914709195
12.59931,18.68655,48.03922,4051.01637,-0.62736,61.74421,6.518753714954737,2.4284072775535863,4.999999914709195
12.62496,18.73549,47.9726,4047.51896,-0.62933,61.7698,6.568761571370213,2.447036519854243,4.999999914709195
12.65057,18.7844,47.90588,4043.99387,-0.63034,61.79551,6.619145530751449,2.4658058704055095,4.999999914709195
12.67614,18.83329,47.83917,4040.44068,-0.63038,61.82136,6.669810787121176,2.4846800114863585,4.999999914709195
12.70166,18.88215,47.77256,4036.85902,-0.62946,61.84732,6.720659294793221,2.503622418498953,4.999999914709195
12.72714,18.93099,47.70616,4033.24856,-0.62756,61.87342,6.771589945152903,2.5225954258239955,4.999999914709195
12.75258,18.9798,47.64007,4029.60905,-0.6247,61.89964,6.822498774270347,2.5415603041621537,4.999999914709195
12.77797,19.02858,47.57439,4025.94027,-0.62085,61.92599,6.8732792019639986,2.5604773495915043,4.999999914709195
12.80331,19.07734,47.50923,4022.24208,-0.61604,61.95246,6.923822302631329,2.5793059844591006,4.999999914709195
12.82861,19.12606,47.44469,4018.5144,-0.61026,61.97906,6.97401710782253,2.5980048700976335,4.999999914709195
12.85387,19.17476,47.38086,4014.75722,-0.60352,62.00578,7.023750940223204,2.61653203124277,4.999999914709195
12.87908,19.22344,47.31785,4010.97058,-0.59584,62.03263,7.072909778263383,2.634844991859611,4.999999914709195
12.90424,19.27208,47.25576,4007.15459,-0.58722,62.0596,7.121378650246252,2.6529009219660042,4.999999914709195
12.92936,19.32069,47.19468,4003.30944,-0.57767,62.08669,7.169042056431523,2.670656794869711,4.999999914709195
12.95443,19.36928,47.13471,3999.43538,-0.56723,62.1139,7.215784417084052,2.688069554078305,4.999999914709195
12.97945,19.41783,47.07593,3995.53273,-0.5559,62.14123,7.261490544111412,2.705096288996576,4.999999914709195
13.00443,19.46636,47.01844,3991.60188,-0.54371,62.16867,7.3060461334643945,2.7216944183586733,4.999999914709195
13.02936,19.51486,46.96233,3987.64328,-0.53068,62.19623,7.349338275087684,2.7378218801981498,4.999999914709195
13.05424,19.56332,46.90767,3983.65748,-0.51684,62.2239,7.39125597680066,2.7534373270073442,4.999999914709195
13.07908,19.61175,46.85455,3979.64505,-0.50223,62.25168,7.431690698172486,2.7685003246198985,4.999999914709195
13.10386,19.66016,46.80304,3975.60668,-0.48686,62.27956,7.470536890098298,2.7829715532170876,4.999999914709195
13.1286,19.70853,46.75323,3971.54308,-0.47078,62.30755,7.507692535536331,2.7968130087666236,4.999999914709195
13.1533,19.75687,46.70517,3967.45506,-0.45403,62.33563,7.543059686646182,2.809988203120794,4.999999914709195
13.17794,19.80517,46.65893,3963.34348,-0.43664,62.36382,7.576544993395812,2.8224623609364774,4.999999914709195
13.20253,19.85345,46.61458,3959.20924,-0.41865,62.39209,7.608060218625201,2.8342026115499057,4.999999914709195
13.22708,19.90169,46.57216,3955.05334,-0.4001,62.42045,7.637522734530356,2.845178173930025,4.999999914709195
13.25158,19.9499,46.53174,3950.87681,-0.38104,62.4489,7.664855995571072,2.8553605328490725,4.999999914709195
13.27602,19.99808,46.49335,3946.68072,-0.36152,62.47743,7.689989982959008,2.864723604466088,4.999999914709195
13.30042,20.04622,46.45704,3942.46622,-0.34159,62.50604,7.712861616044448,2.8732438895792987,4.999999914709195
13.32477,20.09433,46.42285,3938.23449,-0.32128,62.53472,7.733415126250237,2.880900612926356,4.999999914709195
13.34907,20.1424,46.3908,3933.98675,-0.30066,62.56346,7.751602389497562,2.8876758470216815,4.999999914709195
13.37332,20.19044,46.36093,3929.72425,-0.27977,62.59227,7.767383213543268,2.8935546191971766,4.999999914709195
13.39752,20.23844,46.33325,3925.4483,-0.25866,62.62114,7.780725577071202,2.8985250006700443,4.999999914709195
13.42167,20.28642,46.30777,3921.16021,-0.2374,62.65006,7.791605817948417,2.902578176673174,4.999999914709195
13.44577,20.33435,46.28451,3916.86133,-0.21603,62.67903,7.80000876863216,2.905708496897807,4.999999914709195
13.46983,20.38225,46.26346,3912.55302,-0.19461,62.70805,7.8059278373019865,2.907913505717387,4.999999914709195
13.49383,20.43012,46.24464,3908.23667,-0.17318,62.73711,7.809365033950666,2.909193951907107,4.999999914709195
13.51778,20.47795,46.22802,3903.91367,-0.15181,62.7662,7.810330941301006,2.9095537778096605,4.999999914709195
13.54168,20.52574,46.2136,3899.58542,-0.13056,62.79532,7.808844631056677,2.9090000881364717,4.999999914709195
13.56553,20.5735,46.20136,3895.25331,-0.10946,62.82446,7.804933526644018,2.9075430988354056,4.999999914709195
13.58933,20.62122,46.19127,3890.91873,-0.08858,62.85363,7.798633214207495,2.9051960666816043,4.999999914709195
13.61308,20.66891,46.1833,3886.58307,-0.06797,62.88281,7.789987204191237,2.9019752004603334,4.999999914709195
13.63678,20.71656,46.17742,3882.24771,-0.04768,62.91201,7.779046646380295,2.8978995548123563,4.999999914709195
13.66043,20.76418,46.17359,3877.91399,-0.02776,62.94121,7.76587000175386,2.8929909079906233,4.999999914709195
13.68403,20.81176,46.17177,3873.58325,-0.00826,62.97042,7.750522674936325,2.88727362493862,4.999999914709195
13.70759,20.8593,46.1719,3869.25679,0.01077,62.99962,7.73307661135502,2.8807745072210245,4.999999914709195
13.73109,20.90681,46.17393,3864.93589,0.02929,63.02882,7.713609863552474,2.873522631463615,4.999999914709195
13.75454,20.95428,46.17781,3860.62179,0.04725,63.05801,7.6922061312537755,2.8655491780162596,4.999999914709195
13.77794,21.00171,46.18346,3856.3157,0.06461,63.08718,7.6689542799846775,2.8568872516254937,4.999999914709195
13.80129,21.04911,46.19083,3852.01877,0.08133,63.11634,7.643947843060881,2.847571695912425,4.999999914709195
13.8246,21.09648,46.19984,3847.73213,0.09737,63.14548,7.6172845117850505,2.83763890345771,4.999999914709195
13.84785,21.14381,46.21042,3843.45686,0.11269,63.17459,7.5890656186313015,2.827126623274174,4.999999914709195
13.87105,21.1911,46.2225,3839.19398,0.12725,63.20368,7.559395618007913,2.8160737673772616,4.999999914709195
13.89421,21.23835,46.23598,3834.94447,0.14104,63.23274,7.528381569068965,2.804520218118764,4.999999914709195
13.91731,21.28557,46.25079,3830.70925,0.154,63.26177,7.496132624740846,2.7925066378357473,4.999999914709195
13.94037,21.33276,46.26684,3826.48919,0.16613,63.29077,7.462759530875835,2.780074282272083,4.999999914709195
13.96338,21.37991,46.28404,3822.2851,0.17739,63.31972,7.428374139113539,2.76726481910652,4.999999914709195
13.98634,21.42702,46.30231,3818.09775,0.18776,63.34864,7.393088936673347,2.7541201527879964,4.999999914709195
14.00925,21.4741,46.32155,3813.92782,0.19721,63.37752,7.357016595941236,2.7406822567448788,4.999999914709195
14.03212,21.52115,46.34166,3809.77597,0.20574,63.40635,7.320269546300131,2.726993013880501,4.999999914709195
14.05494,21.56816,46.36256,3805.64277,0.21333,63.43515,7.28295957029905,2.713094066135548,4.999999914709195
14.0777,21.61513,46.38414,3801.52875,0.21996,63.4639,7.245197425822899,2.6990266737363617,4.999999914709195
14.10043,21.66207,46.40631,3797.43437,0.22562,63.4926,7.207092495577291,2.6848315846188178,4.999999914709195
14.1231,21.70898,46.42896,3793.36005,0.23031,63.52126,7.168752464779098,2.6705489143595673,4.999999914709195
14.14573,21.75585,46.45202,3789.30613,0.23402,63.54987,7.130283027655823,2.6562180368393387,4.999999914709195
14.16831,21.80269,46.47536,3785.2729,0.23675,63.57843,7.0917876229353505,2.6418774857059057,4.999999914709195
14.19084,21.84949,46.49891,3781.2606,0.23849,63.60695,7.053367198267288,2.627564866614839,4.999999914709195
14.21333,21.89627,46.52255,3777.26941,0.23925,63.63542,7.0151200031871195,2.613316780103208,4.999999914709195
14.23577,21.943,46.54619,3773.29945,0.23903,63.66384,6.977141409989852,2.599168754860299,4.999999914709195
14.25816,21.98971,46.56974,3769.3508,0.23784,63.69222,6.939523761650656,2.5851551910740507,4.999999914709195
14.28051,22.03638,46.5931,3765.42347,0.23568,63.72055,6.902356245731374,2.571309313457918,4.999999914709195
14.30281,22.08302,46.61618,3761.51743,0.23257,63.74883,6.86572479302887,2.5576631334947075,4.999999914709195
14.32507,22.12963,46.63887,3757.6326,0.22851,63.77708,6.829711999597687,2.544247420387969,4.999999914709195
14.34728,22.1762,46.6611,3753.76885,0.22352,63.80528,6.794397070648948,2.5310916801628607,4.999999914709195
14.36945,22.22274,46.68278,3749.926,0.21762,63.83344,6.759855784757779,2.5182241423324707,4.999999914709195
14.39157,22.26925,46.7038,3746.10383,0.21083,63.86156,6.726160476735591,2.505671753517294,4.999999914709195
14.41365,22.31573,46.7241,3742.30206,0.20315,63.88964,6.693380037479333,2.4934601773890717,4.999999914709195
14.43569,22.36218,46.74358,3738.5204,0.19462,63.91769,6.661579929119641,2.481613800313879,4.999999914709195
14.45768,22.4086,46.76217,3734.75848,0.18526,63.9457,6.630822213759938,2.470155742058192,4.999999914709195
14.47962,22.45498,46.77979,3731.01593,0.17508,63.97368,6.601165594127938,2.4591078709326473,4.999999914709195
14.50152,22.50134,46.79635,3727.2923,0.16412,64.00163,6.572665464492611,2.448490822759946,4.999999914709195
14.52338,22.54766,46.81179,3723.58714,0.1524,64.02955,6.545373970260678,2.4383240230761207,4.999999914709195
14.54519,22.59395,46.82604,3719.89994,0.13994,64.05745,6.519340074669765,2.4286257119754864,4.999999914709195
14.56696,22.64022,46.83903,3716.23018,0.12678,64.08532,6.494609631138026,2.4194129710627825,4.999999914709195
14.58869,22.68645,46.85069,3712.57728,0.11295,64.11318,6.471225459828011,2.4107017519752256,4.999999914709195
14.61038,22.73265,46.86096,3708.94064,0.09847,64.14101,6.449227427094979,2.4025069059790956,4.999999914709195
14.63202,22.77883,46.86979,3705.31965,0.08338,64.16883,6.4286525265714864,2.3948422141758803,4.999999914709195
14.65362,22.82497,46.87712,3701.71365,0.06771,64.19664,6.409534960701342,2.38772041787582,4.999999914709195
14.67517,22.87108,46.8829,3698.12195,0.0515,64.22444,6.3919062216373606,2.3811532487344462,4.999999914709195
14.69669,22.91717,46.88708,3694.54386,0.03477,64.25223,6.375795170499758,2.375151458278422,4.999999914709195
14.71816,22.96322,46.88961,3690.97864,0.01757,64.28002,6.361228114073223,2.3697248464772156,4.999999914709195
14.73959,23.00925,46.89046,3687.42553,-7e-05,64.30781,6.348228878082535,2.3648822890402,4.999999914709195
14.76097,23.05525,46.88959,3683.88377,-0.01812,64.33561,6.336818876326374,2.360631763170816,4.999999914709195
14.78232,23.10121,46.88695,3680.35255,-0.03654,64.36341,6.327017174958513,2.3569803715130027,4.999999914709195
14.80362,23.14715,46.88254,3676.83107,-0.05528,64.39122,6.318840551324655,2.353934364069475,4.999999914709195
14.82488,23.19306,46.8763,3673.31848,-0.07432,64.41904,6.3123035468504485,2.351499157903894,4.999999914709195
14.8461,23.23895,46.86823,3669.81395,-0.09361,64.44687,6.307418513493055,2.3496793544453016,4.999999914709195
14.86728,23.2848,46.85831,3666.31659,-0.11312,64.47473,6.304195653409827,2.348478754265747,4.999999914709195
14.88841,23.33062,46.84651,3662.82553,-0.13281,64.50261,6.302643051516449,2.3479003692090488,4.999999914709195
14.90951,23.37642,46.83284,3659.33989,-0.15264,64.53052,6.30276670070223,2.3479464317841585,4.999999914709195
14.93056,23.42219,46.81727,3655.85873,-0.17256,64.55845,6.304570519518557,2.34861840175457,4.999999914709195
14.95157,23.46793,46.7998,3652.38116,-0.19255,64.58642,6.308056362224902,2.349916969880725,4.999999914709195
14.97254,23.51364,46.78044,3648.90624,-0.21255,64.61442,6.313224021178198,2.351842058810118,4.999999914709195
14.99346,23.55932,46.7592,3645.43302,-0.23254,64.64247,6.320071221533292,2.3543928211030747,4.999999914709195
15.01435,23.60498,46.73606,3641.96057,-0.25247,64.67056,6.32859360838144,2.3575676344415033,4.999999914709195
15.0352,23.6506,46.71106,3638.48793,-0.2723,64.69869,6.338784726442179,2.3613640940635827,4.999999914709195
15.056,23.6962,46.68419,3635.01414,-0.29199,64.72687,6.3506359925356,2.3657790025089596,4.999999914709195
15.07676,23.74177,46.65549,3631.53823,-0.31151,64.75511,6.364136661101257,2.3708083567736358,4.999999914709195
15.09748,23.78731,46.62497,3628.05924,-0.33081,64.7834,6.379273783106145,2.3764473330021065,4.999999914709195
15.11816,23.83283,46.59266,3624.5762,-0.34986,64.81176,6.396032158754263,2.3826902688704314,4.999999914709195
15.1388,23.87831,46.55858,3621.08813,-0.36861,64.84018,6.414394284474123,2.389530643837684,4.999999914709195
15.15939,23.92377,46.52278,3617.59408,-0.38704,64.86866,6.434340294729324,2.396961057468862,4.999999914709195
15.17995,23.96919,46.48528,3614.09306,-0.40509,64.89721,6.455847899281163,2.4049732060635556,4.999999914709195
15.20046,24.01459,46.44616,3610.58405,-0.42216,64.91243,6.478866874997424,2.413548380183566,0.0
15.22095,24.05995,46.40549,3607.06604,-0.43878,64.92766,6.503344189066006,2.422666823711006,0.0
15.2414,24.10528,46.36331,3603.5381,-0.45493,64.9429,6.5292494437650195,2.4323172126946613,0.0
15.26183,24.15057,46.31967,3599.99933,-0.47057,64.95815,6.5565495880959554,2.442487234767964,0.0
15.28222,24.19583,46.27463,3596.44881,-0.48566,64.97342,6.585208833279919,2.453163557669114,0.0
15.30258,24.24105,46.22824,3592.88566,-0.50017,64.9887,6.615188586837337,2.4643318046840426,0.0
15.3229,24.28624,46.18056,3589.30901,-0.51407,65.00399,6.646447389088022,2.475976530991009,0.0
15.3432,24.3314,46.13165,3585.71798,-0.52733,65.01929,6.678940853242518,2.488081201343056,0.0
15.36346,24.37652,46.08158,3582.11174,-0.53993,65.0346,6.71262161031963,2.500628169548333,0.0
15.38369,24.4216,46.03041,3578.48946,-0.55182,65.04992,6.747439260203727,2.5135986602376637,0.0
15.40389,24.46665,45.97821,3574.85035,-0.56299,65.06526,6.783340330156148,2.526972753408941,0.0
15.42406,24.51166,45.92505,3571.19363,-0.5734,65.0806,6.820268242191804,2.5407293722740656,0.0
15.4442,24.55664,45.87102,3567.51854,-0.58303,65.09596,6.858163290706187,2.554846274924408,0.0
15.4643,24.60158,45.81617,3563.82436,-0.59187,65.11133,6.896962631796083,2.5693000503524988,0.0
15.48437,24.64649,45.7606,3560.1104,-0.59988,65.12671,6.9366002856994475,2.584066119360944,0.0
15.50441,24.69136,45.70438,3556.376,-0.60705,65.14209,6.977007153766951,2.599118740884774,0.0
15.52442,24.73619,45.64759,3552.62053,-0.61335,65.15749,7.018111051384022,2.6144310242557682,0.0
15.54439,24.78098,45.59032,3548.84341,-0.61877,65.1729,7.059836758166125,2.629974947901522,0.0
15.56433,24.82574,45.53264,3545.04408,-0.6233,65.18832,7.102106086719378,2.6457213849605785,0.0
15.58424,24.87046,45.47465,3541.22203,-0.62692,65.20375,7.144837971187585,2.661640136268533,0.0
15.60411,24.91514,45.41643,3537.37679,-0.62962,65.21918,7.187948576641701,2.677699971108488,0.0
15.62396,24.95978,45.35807,3533.50796,-0.63139,65.23463,7.231351430313303,2.6938686760989703,0.0
15.64377,25.00438,45.29965,3529.61514,-0.63222,65.25008,7.274957575465102,2.710113112514746,0.0
15.66354,25.04895,45.24126,3525.69801,-0.63211,65.26554,7.318675748543642,2.726399282280866,0.0
15.68328,25.09347,45.18299,3521.75629,-0.63105,65.28101,7.362412580050122,2.742692402802325,0.0
15.70299,25.13796,45.12492,3517.78977,-0.62905,65.29649,7.40607281937363,2.758956990720366,0.0
15.72267,25.1824,45.06715,3513.79828,-0.6261,65.31198,7.449559583539404,2.7751569545777457,0.0
15.74231,25.22681,45.00976,3509.78169,-0.62221,65.32747,7.492774629627528,2.791255696301867,0.0
15.76191,25.27117,44.95284,3505.73994,-0.61739,65.34297,7.535618650302182,2.8072162212972045,0.0
15.78149,25.31549,44.89647,3501.67305,-0.61164,65.35848,7.577991591609256,2.8230012568332747,0.0
15.80103,25.35977,44.84073,3497.58106,-0.60497,65.37399,7.619792991940616,2.8385733783177436,0.0
15.82053,25.40401,44.7857,3493.4641,-0.59741,65.38952,7.660922340683198,2.8538951429026507,0.0
15.84,25.44821,44.73148,3489.32234,-0.58896,65.40504,7.701279454870469,2.8689292297969904,0.0
15.85944,25.49237,44.67813,3485.15602,-0.57964,65.42058,7.74076487174847,2.88363858650789,0.0
15.87884,25.53648,44.62573,3480.96543,-0.56948,65.43612,7.7792802549469515,2.897986580150047,0.0
15.8982,25.58055,44.57436,3476.75093,-0.5585,65.45166,7.816728811654718,2.9119371528545184,0.0
15.91754,25.62458,44.52409,3472.51295,-0.54672,65.46721,7.853015717897315,2.925454980195851,0.0
15.93683,25.66856,44.47498,3468.25195,-0.53417,65.48277,7.888048548845868,2.938505631493445,0.0
15.95609,25.7125,44.42711,3463.96848,-0.52089,65.49833,7.921737710829456,2.9510557307475316,0.0
15.97532,25.75639,44.38053,3459.66312,-0.50691,65.5139,7.953996871572525,2.963073116913928,0.0
15.99451,25.80024,44.3353,3455.33652,-0.49226,65.52947,7.984743385070535,2.974527002181395,0.0
16.01367,25.84404,44.29149,3450.9894,-0.47697,65.54504,8.013898707390336,2.98538812686822,0.0
16.03279,25.8878,44.24913,3446.62249,-0.4611,65.56062,8.041388799682618,2.9956289095549553,0.0
16.05187,25.93152,44.20829,3442.23661,-0.44467,65.57621,8.067144514689842,3.005223591068792,0.0
16.07092,25.97518,44.169,3437.83261,-0.42774,65.59179,8.091101963097511,3.0141483709590546,0.0
16.08994,26.0188,44.13131,3433.41138,-0.41034,65.60738,8.113202856207215,3.022381535151915,0.0
16.10891,26.06238,44.09525,3428.97388,-0.39253,65.62298,8.133394821575019,3.0299035735340056,0.0
16.12786,26.10591,44.06084,3424.52107,-0.37435,65.63858,8.15163168845523,3.03669728628773,0.0
16.14676,26.14939,44.02813,3420.05398,-0.35585,65.65418,8.167873740219981,3.042747877924202,0.0
16.16563,26.19282,43.99713,3415.57365,-0.33708,65.66978,8.182087931176577,3.0480430380534065,0.0
16.18447,26.23621,43.96785,3411.08116,-0.31809,65.68539,8.194248065603208,3.0525730080797193,0.0
16.20327,26.27955,43.94032,3406.57762,-0.29893,65.701,8.204334937190938,3.0563306331477134,0.0
16.22203,26.32284,43.91454,3402.06415,-0.27965,65.71661,8.212336427506983,3.0593113988223215,0.0
16.24075,26.36609,43.89051,3397.54189,-0.26031,65.73222,8.218247562556622,3.061513452159635,0.0
16.25944,26.40929,43.86823,3393.01201,-0.24096,65.74784,8.222070526921964,3.0629376069739713,0.0
16.2781,26.45243,43.8477,3388.47568,-0.22164,65.76346,8.223814635492337,3.0635873333066934,0.0
16.29672,26.49553,43.8289,3383.93406,-0.20243,65.77908,8.2234962631867,3.063468731245964,0.0
16.3153,26.53859,43.81182,3379.38833,-0.18336,65.7947,8.22113873358597,3.062590489439356,0.0
16.33384,26.58159,43.79645,3374.83968,-0.16448,65.81033,8.216772167767367,3.060963828780664,0.0
16.35235,26.62455,43.78275,3370.28926,-0.14586,65.82596,8.210433295098648,3.058602431925788,0.0
16.37082,26.66745,43.7707,3365.73823,-0.12753,65.84159,8.202165228101778,3.0555223594235197,0.0
16.38926,26.71031,43.76026,3361.18776,-0.10956,65.85722,8.192017203824205,3.0517419533695347,0.0
16.40766,26.75312,43.75141,3356.63895,-0.09197,65.87285,8.180044294514447,3.0472817296254466,0.0
16.42603,26.79588,43.74408,3352.09293,-0.07484,65.88849,8.166307090580725,3.042164259712546,0.0
16.44436,26.83859,43.73825,3347.55078,-0.05819,65.90412,8.150871359096671,3.036414043596198,0.0
16.46265,26.88126,43.73387,3343.01355,-0.04207,65.91976,8.133807681228044,3.030057374617748,0.0
16.4809,26.92387,43.73087,3338.48228,-0.02652,65.9354,8.115191072079904,3.023122197877599,0.0
16.49913,26.96644,43.72921,3333.95797,-0.01159,65.95104,8.095100586520289,3.015637963394153,0.0
16.51731,27.00896,43.72883,3329.44157,0.00269,65.96669,8.07361891456159,3.007635475372732,0.0
16.53546,27.05143,43.72966,3324.93401,0.01628,65.98233,8.050831969814208,2.999146738893731,0.0
16.55357,27.09385,43.73164,3320.43617,0.02915,65.99798,8.026828474462018,2.990204805305068,0.0
16.57165,27.13622,43.73471,3315.94889,0.04126,66.01363,8.001699544086714,2.980843617558316,0.0
16.58969,27.17855,43.73878,3311.47297,0.05259,66.02928,7.9755382755051825,2.971097856667292,0.0
16.6077,27.22082,43.7438,3307.00917,0.06312,66.04493,7.948439340574257,2.9610027903896325,0.0
16.62567,27.26305,43.74969,3302.55819,0.0728,66.06059,7.920498588739306,2.950594125165686,0.0
16.64361,27.30523,43.75636,3298.12068,0.08163,66.07624,7.891812660808605,2.939907862239311,0.0
16.66151,27.34737,43.76376,3293.69726,0.08958,66.0919,7.862478616214823,2.9289801588029625,0.0
16.67938,27.38945,43.77179,3289.28849,0.09664,66.10756,7.832593575731998,2.917847194900371,0.0
16.69721,27.43149,43.78037,3284.89488,0.10278,66.12322,7.802254381354643,2.9065450467225586,0.0
16.71501,27.47348,43.78944,3280.51688,0.108,66.13889,7.771557274744373,2.8951095668207483,0.0
16.73277,27.51543,43.7989,3276.15491,0.1123,66.15456,7.740597595388165,2.8835762716623705,0.0
16.75049,27.55733,43.80867,3271.80931,0.11565,66.17023,7.709469499320714,2.8719802368477456,0.0
16.76819,27.59918,43.81868,3267.48041,0.11805,66.1859,7.678265699021425,2.860356000214862,0.0
16.78585,27.64098,43.82884,3263.16846,0.11951,66.20157,7.6470772248120555,2.848737472953727,0.0
16.80347,27.68274,43.83908,3258.87365,0.12003,66.21725,7.61599320788459,2.8371578587785375,0.0
16.82106,27.72445,43.8493,3254.59616,0.11959,66.23293,7.5851006848257265,2.8256495811079105,0.0
16.83862,27.76612,43.85943,3250.33609,0.11822,66.24861,7.554484423338067,2.8142442181414347,0.0
16.85614,27.80774,43.86939,3246.09349,0.11591,66.2643,7.52422676863792,2.802972445638821,0.0
16.87363,27.84932,43.8791,3241.86839,0.11267,66.27999,7.49440750989791,2.7918639871662494,0.0
16.89108,27.89085,43.88849,3237.66074,0.10852,66.29568,7.465103765895324,2.780947571497378,0.0
16.9085,27.93233,43.89747,3233.47048,0.10347,66.31137,7.436389888975108,2.7702508968370263,0.0
16.92589,27.97377,43.90598,3229.29747,0.09753,66.32707,7.408337386281191,2.759800601477775,0.0
16.94325,28.01517,43.91394,3225.14156,0.09072,66.34277,7.381014857145978,2.7496222404758996,0.0
16.96057,28.05652,43.92128,3221.00253,0.08306,66.35848,7.354487945479997,2.739740267915269,0.0
16.97786,28.09783,43.92793,3216.88013,0.07457,66.37418,7.328819305934084,2.730178024301863,0.0
16.99511,28.13909,43.93382,3212.77408,0.06527,66.38989,7.304068582595576,2.7209577286275435,0.0
17.01233,28.18031,43.93888,3208.68405,0.05518,66.40561,7.280292398942703,2.7121004746278063,0.0
17.02952,28.22148,43.94307,3204.60967,0.04434,66.42133,7.257544357818676,2.7036262307721217,0.0
17.04668,28.26261,43.9463,3200.55055,0.03276,66.43705,7.235875050157157,2.695553843514407,0.0
17.06381,28.3037,43.94854,3196.50625,0.02048,66.45277,7.215332071246689,2.6879010433519515,0.0
17.0809,28.34475,43.94971,3192.47631,0.00752,66.4685,7.19596004333667,2.680684453246739,0.0
17.09796,28.38575,43.94978,3188.46022,-0.00607,66.48423,7.177800643428281,2.673919598978297,0.0
17.11499,28.42671,43.94868,3184.45745,-0.02028,66.49997,7.160892635159101,2.667620921021555,0.0
17.13198,28.46762,43.94638,3180.46745,-0.03507,66.51571,7.145271903727406,2.6618017875570685,0.0
17.14895,28.5085,43.94283,3176.48964,-0.0504,66.53145,7.130971492870549,2.6564745082464345,0.0
17.16588,28.54933,43.93799,3172.52339,-0.06624,66.5472,7.118021642964632,2.6516503484254224,0.0
17.18278,28.59012,43.93181,3168.56807,-0.08255,66.56295,7.106449829410632,2.6473395434038185,0.0
17.19965,28.63087,43.92428,3164.62301,-0.0993,66.57871,7.096280800487479,2.6435513125666903,0.0
17.21649,28.67157,43.91535,3160.68754,-0.11644,66.59447,7.087536613994966,2.6402938730248353,0.0
17.23329,28.71223,43.905,3156.76095,-0.13394,66.61023,7.0802366720064995,2.637574452561098,0.0
17.25006,28.75285,43.8932,3152.84251,-0.15177,66.626,7.074397753190913,2.635399301671092,0.0
17.26681,28.79343,43.87994,3148.93148,-0.16987,66.64177,7.070034042190457,2.633773704507276,0.0
17.28352,28.83397,43.86519,3145.02709,-0.18821,66.65754,7.067157155649807,2.632701988575443,0.0
17.3002,28.87447,43.84894,3141.12857,-0.20675,66.67332,7.06577616453288,2.632187533048325,0.0
17.31685,28.91492,43.83118,3137.23512,-0.22546,66.68911,7.065897612467517,2.632232775599465,0.0
17.33346,28.95533,43.81191,3133.34595,-0.24428,66.70489,7.067525529920312,2.6328392176837165,0.0
17.35005,28.9957,43.79111,3129.46023,-0.26317,66.72068,7.070661444068705,2.6340074282148604,0.0
17.3666,29.03603,43.76878,3125.57713,-0.28211,66.73648,7.07530438432312,2.63573704562274,0.0
17.38313,29.07632,43.74494,3121.69582,-0.30103,66.75227,7.081450883518349,2.6380267782970903,0.0
17.39962,29.11656,43.71958,3117.81545,-0.31991,66.76808,7.0890949748691785,2.640874403453422,0.0
17.41608,29.15677,43.69272,3113.93517,-0.3387,66.78388,7.098228184846978,2.64427676447937,0.0
17.43251,29.19693,43.66436,3110.05412,-0.35736,66.79969,7.1088395222226595,2.648229766852901,0.0
17.44891,29.23705,43.63453,3106.17144,-0.37585,66.8155,7.120915463568026,2.6527283727411897,0.0
17.46528,29.27713,43.60324,3102.28628,-0.39413,66.83132,7.134439935599933,2.6577665944233506,0.0
17.48162,29.31717,43.57052,3098.39776,-0.41215,66.84713,7.14939429480491,2.663337486700076,0.0
17.49792,29.35717,43.53639,3094.50503,-0.42988,66.86296,7.165757304846383,2.6694331384772303,0.0
17.5142,29.39712,43.50088,3090.60722,-0.44728,66.87878,7.1835051123526155,2.6760446637462216,0.0
17.53044,29.43703,43.46402,3086.70348,-0.46431,66.89461,7.202611221699089,2.6831621921897755,0.0
17.54666,29.4769,43.42585,3082.79297,-0.48094,66.91044,7.223046469512261,2.6907748596839123,0.0
17.56284,29.51673,43.3864,3078.87483,-0.49711,66.92627,7.244778999624842,2.6988707989681298,0.0
17.57899,29.55651,43.34573,3074.94823,-0.5128,66.94211,7.267774239349053,2.7074371308065697,0.0
17.59511,29.59626,43.30386,3071.01236,-0.52798,66.95795,7.2919948778901125,2.7164599559464695,0.0
17.6112,29.63596,43.26084,3067.06641,-0.5426,66.97379,7.31740084785697,2.725924348230424,0.0
17.62726,29.67561,43.21674,3063.10957,-0.55663,66.98963,7.343949310814773,2.7358143492143068,0.0
17.64328,29.71523,43.17159,3059.14107,-0.57005,67.00547,7.371594647897049,2.7461129646700506,0.0
17.65928,29.7548,43.12545,3055.16015,-0.58281,67.02132,7.4002884564864075,2.756802163349129,0.0
17.67524,29.79433,43.07838,3051.16607,-0.5949,67.03717,7.4299795540469225,2.767862878410214,0.0
17.69118,29.83381,43.03043,3047.1581,-0.60627,67.05302,7.460613990154045,2.7792750119006424,0.0
17.70708,29.87325,42.98167,3043.13557,-0.6169,67.06887,7.492135067810306,2.791017442697067,0.0
17.72295,29.91265,42.93216,3039.09779,-0.62678,67.08472,7.524483375099017,2.8030680382973023,0.0
17.73879,29.952,42.88196,3035.04412,-0.63586,67.10058,7.557596828236583,2.815403670858434,0.0
17.7546,29.99131,42.83113,3030.97396,-0.64414,67.11643,7.5914107270261715,2.828000237854778,0.0
17.77037,30.03058,42.77976,3026.88672,-0.65159,67.13228,7.62585782368668,2.8408326877184793,0.0
17.78612,30.0698,42.72789,3022.78186,-0.65819,67.14814,7.660868405970667,2.8538750508031248,0.0
17.80183,30.10897,42.67561,3018.65885,-0.66392,67.164,7.696370395395819,2.8671004759775545,0.0
17.81751,30.1481,42.62298,3014.51724,-0.66877,67.17985,7.7322894613392235,2.8804812731289773,0.0
17.83316,30.18718,42.57008,3010.35657,-0.67273,67.19571,7.76854915163276,2.89398896181319,0.0
17.84878,30.22622,42.51697,3006.17646,-0.67579,67.21156,7.805071040160047,2.9075943262383253,0.0
17.86437,30.26521,42.46373,3001.97655,-0.67793,67.22741,7.841774891855732,2.9212674767314284,0.0
17.87992,30.30416,42.41044,2997.75653,-0.67916,67.24327,7.878578845300564,2.9349779177599236,0.0
17.89544,30.34306,42.35716,2993.51613,-0.67946,67.25912,7.915399612990049,2.9486946225369617,0.0
17.91093,30.38191,42.30396,2989.25514,-0.67885,67.27497,7.952152699137116,2.9623861141586407,0.0
17.92639,30.42071,42.25093,2984.97337,-0.6773,67.29082,7.988752634695659,2.97602055315646,0.0
17.94182,30.45947,42.19813,2980.67072,-0.67485,67.30667,8.025113229090634,2.9895658312734046,0.0
17.95721,30.49818,42.14564,2976.34709,-0.67147,67.32252,8.061147837909262,3.002989671185964,0.0
17.97257,30.53684,42.09351,2972.00247,-0.6672,67.33836,8.096769645621764,3.016259731825041,0.0
17.9879,30.57545,42.04184,2967.63689,-0.66203,67.3542,8.131891962169375,3.029343718862792,0.0
18.0032,30.61401,41.99067,2963.25042,-0.65598,67.37004,8.166428532032343,3.042209499848591,0.0
18.01846,30.65253,41.94008,2958.84319,-0.64907,67.38588,8.200293854205672,3.054825223408408,0.0
18.03369,30.69099,41.89014,2954.41539,-0.64131,67.40171,8.233403511262821,3.0671594418297046,0.0
18.04889,30.72941,41.8409,2949.96725,-0.63273,67.41754,8.265674505554657,3.0791812363043762,0.0
18.06405,30.76778,41.79243,2945.49905,-0.62335,67.43337,8.297025600342506,3.0908603440097995,0.0
18.07918,30.80609,41.74478,2941.01113,-0.6132,67.44919,8.327377663574364,3.102167286174513,0.0
18.09428,30.84436,41.69802,2936.50388,-0.6023,67.46501,8.356654011827462,3.1130734962058764,0.0
18.10935,30.88257,41.65219,2931.97773,-0.59068,67.48082,8.384780751846186,3.1235514469219194,0.0
18.12438,30.92073,41.60736,2927.43317,-0.57838,67.49664,8.411687117014663,3.1335747758962524,0.0
18.13938,30.95884,41.56356,2922.87073,-0.56544,67.51244,8.43730579607424,3.143118407913959,0.0
18.15434,30.9969,41.52084,2918.29099,-0.55188,67.52824,8.461573251337256,3.1521586735146085,0.0
18.16928,31.03491,41.47924,2913.69457,-0.53775,67.54404,8.484430023696637,3.1606734226163535,0.0
18.18417,31.07287,41.43881,2909.08213,-0.52309,67.55983,8.505821021776573,3.1686421322321623,0.0
18.19904,31.11077,41.39958,2904.45437,-0.50794,67.57562,8.525695792628468,3.176046007311187,0.0
18.21387,31.14862,41.36158,2899.81205,-0.49235,67.5914,8.544008771548816,3.1828680738024917,0.0
18.22867,31.18642,41.32483,2895.15593,-0.47636,67.60718,8.560719508715612,3.18909326308308,0.0
18.24344,31.22417,41.28938,2890.48683,-0.46001,67.62295,8.575792870531865,3.194708486963653,0.0
18.25817,31.26186,41.25522,2885.80558,-0.44336,67.63872,8.589199213823175,3.199702702581788,0.0
18.27287,31.2995,41.22239,2881.11305,-0.42646,67.65448,8.60091453123654,3.2040669665668196,0.0
18.28753,31.33708,41.19089,2876.41014,-0.40935,67.67023,8.61092056650216,3.2077944779778953,0.0
18.30216,31.37461,41.16074,2871.69776,-0.39209,67.68598,8.619204898486345,3.2108806096158977,0.0
18.31676,31.41209,41.13194,2866.97684,-0.37473,67.70172,8.625760993288834,3.2133229274310606,0.0
18.33132,31.44951,41.10449,2862.24833,-0.35731,67.71745,8.630588223963441,3.215121197869435,0.0
18.34585,31.48688,41.07839,2857.51318,-0.33989,67.73318,8.633691857739604,3.2162773831125753,0.0
18.36035,31.5242,41.05363,2852.77235,-0.32253,67.7489,8.635083010969078,3.216795624293998,0.0
18.37481,31.56146,41.03021,2848.02684,-0.30527,67.76462,8.634778572359366,3.216682212901618,0.0
18.38924,31.59866,41.0081,2843.27759,-0.28816,67.78033,8.632801095318644,3.215945550673398,0.0
18.40363,31.63581,40.9873,2838.5256,-0.27125,67.79603,8.629178660584792,3.214596098423043,0.0
18.41799,31.67291,40.96778,2833.77182,-0.2546,67.81173,8.623944710552898,3.21264631432265,0.0
18.43232,31.70995,40.94952,2829.01723,-0.23825,67.82741,8.617137856984348,3.210110582269268,0.0
18.44661,31.74693,40.93248,2824.26275,-0.22225,67.8431,8.60880166402789,3.20700513105455,0.0
18.46087,31.78387,40.91664,2819.50935,-0.20665,67.85877,8.598984408620026,3.2033479451075855,0.0
18.4751,31.82074,40.90196,2814.75792,-0.19149,67.87444,8.587738820583885,3.1991586676748938,0.0
18.48929,31.85756,40.88841,2810.00938,-0.17682,67.8901,8.575121804797332,3.194458497320738,0.0
18.50345,31.89433,40.87593,2805.2646,-0.16267,67.90575,8.561194147971724,3.1892700786944927,0.0
18.51758,31.93104,40.8645,2800.52443,-0.1491,67.9214,8.546020212569134,3.183617388506759,0.0
18.53167,31.9677,40.85405,2795.78971,-0.13613,67.93704,8.529667620507608,3.1775256177012476,0.0
18.54573,32.0043,40.84455,2791.06123,-0.12381,67.95267,8.51220692920335,3.1710210507719734,0.0
18.55976,32.04085,40.83594,2786.33975,-0.11216,67.9683,8.493711302543206,3.1641309431918443,0.0
18.57375,32.07734,40.82817,2781.62602,-0.10123,67.98392,8.474256179267503,3.156883397876544,0.0
18.58771,32.11378,40.82118,2776.92073,-0.09104,67.99953,8.453918941186785,3.1493072415865373,0.0
18.60164,32.15016,40.81491,2772.22454,-0.08162,68.01513,8.432778583471508,3.1414319021013086,0.0
18.61553,32.18649,40.80931,2767.53808,-0.073,68.03073,8.410915389233269,3.133287286992303,0.0
18.62939,32.22276,40.80431,2762.86193,-0.0652,68.04632,8.388410610326137,3.124903664713026,0.0
18.64322,32.25898,40.79986,2758.19665,-0.05824,68.06191,8.36534615621582,3.1163115486946213,0.0
18.65702,32.29515,40.79588,2753.54273,-0.05213,68.07748,8.341804292555869,3.107541585057577,0.0
18.67078,32.33126,40.79232,2748.90064,-0.04691,68.09306,8.317867350911708,3.0986244444762883,0.0
18.68451,32.36732,40.78911,2744.27081,-0.04257,68.10862,8.293617450869581,3.0895907186573255,0.0
18.69821,32.40332,40.78618,2739.65361,-0.03912,68.12418,8.269136235605357,3.0804708218318613,0.0
18.71188,32.43927,40.78348,2735.04937,-0.03659,68.13973,8.244504621750506,3.0712948975741634,0.0
18.72551,32.47517,40.78092,2730.4584,-0.03497,68.15528,8.219802564216664,3.0620927311925574,0.0
18.73911,32.51101,40.77845,2725.88093,-0.03427,68.17081,8.195108836462481,3.0528936678730427,0.0
18.75269,32.5468,40.77601,2721.31718,-0.03448,68.18635,8.170500826496538,3.043726536685019,0.0
18.76622,32.58254,40.77352,2716.76731,-0.03562,68.20187,8.146054348719295,3.0346195804874534,0.0
18.77973,32.61822,40.77092,2712.23144,-0.03766,68.21739,8.121843471610907,3.025600391738064,0.0
18.79321,32.65385,40.76815,2707.70965,-0.04061,68.23291,8.097940361049542,3.016695854125265,0.0
18.80665,32.68943,40.76514,2703.20198,-0.04446,68.24842,8.074415138970037,3.007932089914804,0.0
18.82006,32.72496,40.76184,2698.70843,-0.04919,68.26392,8.051335756919974,2.999334412846066,0.0
18.83344,32.76043,40.75817,2694.22894,-0.0548,68.27941,8.028767884002567,2.990927286387859,0.0
18.84679,32.79585,40.75409,2689.76344,-0.06127,68.29491,8.006774808545796,2.9827342871075686,0.0
18.86011,32.83122,40.74952,2685.3118,-0.06858,68.31039,7.985417352836353,2.9747780729073208,0.0
18.8734,32.86654,40.74442,2680.87387,-0.07672,68.32587,7.964753800138081,2.967080355836422,0.0
18.88665,32.90181,40.73873,2676.44944,-0.08565,68.34134,7.9448398331799215,2.9596618791765024,0.0
18.89988,32.93702,40.7324,2672.03829,-0.09537,68.35681,7.925728483280438,2.952542398489065,0.0
18.91307,32.97218,40.72538,2667.64014,-0.10584,68.37227,7.9074700892332395,2.9457406662992236,0.0
18.92624,33.00729,40.7176,2663.2547,-0.11703,68.38773,7.8901122650726245,2.939274420087554,0.0
18.93937,33.04235,40.70904,2658.88162,-0.12893,68.40318,7.873699875846467,2.9331603732648595,0.0
18.95247,33.07736,40.69964,2654.52055,-0.1415,68.41863,7.85827502049703,2.9274142087948247,0.0
18.96554,33.11232,40.68936,2650.17108,-0.1547,68.43407,7.843877021021668,2.922050575156086,0.0
18.97859,33.14723,40.67816,2645.8328,-0.16852,68.44951,7.830542417056725,2.9170830843245983,0.0
18.9916,33.18209,40.666,2641.50524,-0.1829,68.46494,7.818304965103297,2.9125243114852077,0.0
19.00458,33.21689,40.65285,2637.18792,-0.19783,68.48036,7.807195641614284,2.9083857961816575,0.0
0.05085,0.05085,53.29159,5374.07545,-0.48639,45.0001,5.480472390735228,2.041620165456019,0.0
0.10167,0.10167,53.22417,5371.12126,-0.4721,45.00026,5.526602725066127,2.058804928756425,0.0
0.15246,0.15246,53.15885,5368.13796,-0.45717,45.00048,5.571418855684784,2.0755001165952387,0.0
0.20323,0.20323,53.0957,5365.12616,-0.44161,45.00074,5.614814509623794,2.091666139495894,0.0
0.25397,0.25397,53.03482,5362.08652,-0.42545,45.00106,5.656685137941021,2.1072640502265956,0.0
0.30467,0.30468,52.97628,5359.01977,-0.40871,45.00143,5.696928439007015,2.122255738738657,0.0
0.35535,0.35536,52.92016,5355.92672,-0.39141,45.00186,5.735444887411674,2.1366041291981417,0.0
0.406,0.40602,52.86654,5352.80821,-0.3736,45.00234,5.772138264003969,2.1502733774396154,0.0
0.45663,0.45665,52.81548,5349.66516,-0.35529,45.00287,5.806916182294153,2.1632290670648118,0.0
0.50722,0.50725,52.76704,5346.49854,-0.33652,45.00345,5.839690606367942,2.1754384023792945,0.0
0.55778,0.55782,52.72129,5343.30939,-0.31731,45.00409,5.870378355324602,2.186870396308921,0.0
0.60831,0.60836,52.67828,5340.09878,-0.29772,45.00478,5.898901589227572,2.1974960514292285,0.0
0.65881,0.65887,52.63806,5336.86786,-0.27776,45.00552,5.925188271645511,2.2072885322741516,0.0
0.70928,0.70935,52.60068,5333.61781,-0.25748,45.00632,5.949172603966546,2.2162233271295,0.0
0.75971,0.7598,52.56617,5330.34984,-0.23692,45.00716,5.970795426861757,2.2242783975886775,0.0
0.81012,0.81023,52.53457,5327.06523,-0.2161,45.00806,5.990004584591106,2.231434314266219,0.0
0.86049,0.86062,52.5059,5323.76528,-0.19508,45.00901,6.00675524815965,2.237674377181985,0.0
0.91084,0.91099,52.48019,5320.45133,-0.17389,45.01001,6.021010193762063,2.242984719489076,0.0
0.96115,0.96133,52.45746,5317.12474,-0.15258,45.01106,6.032740033455929,2.2473543934056983,0.0
1.01139,1.01167,52.43482,5313.79171,-0.17279,45.09215,6.044395378488855,2.251696316101048,54.99999906180115
1.06153,1.06205,52.40939,5310.45661,-0.19297,45.17351,6.0584432895624225,2.256929532598737,54.99999906180115
1.11157,1.11247,52.38117,5307.11808,-0.21311,45.25518,6.074891653816886,2.263056981066035,54.99999906180115
1.1615,1.16293,52.35018,5303.77478,-0.23318,45.3372,6.09374690914167,2.2700810597861425,54.99999906180115
1.21133,1.21344,52.31642,5300.42533,-0.25317,45.41959,6.1150155166095495,2.2780041756786704,54.99999906180115
1.26106,1.26398,52.27992,5297.06837,-0.27304,45.5024,6.13870389677546,2.286828720569265,54.99999906180115
1.31068,1.31457,52.2407,5293.7025,-0.29277,45.58564,6.1648183549838755,2.296557043364649,54.99999906180115
1.3602,1.3652,52.19878,5290.32633,-0.31235,45.66936,6.193364995493642,2.307191418061853,54.99999906180115
1.40961,1.41586,52.15419,5286.93846,-0.33175,45.75359,6.224349624252718,2.3187340075292573,54.99999906180115
1.45892,1.46657,52.10696,5283.53747,-0.35094,45.83835,6.257777640145222,2.331186822993248,54.99999906180115
1.50811,1.51733,52.05712,5280.12195,-0.36991,45.92369,6.293653914517169,2.3445516791583882,54.99999906180115
1.5572,1.56812,52.0047,5276.69047,-0.38864,46.00964,6.331982658840444,2.3588301449087665,54.99999906180115
1.60619,1.61896,51.94976,5273.24159,-0.40709,46.09623,6.372767280348992,2.3740234895286765,54.99999906180115
1.65506,1.66983,51.89232,5269.77386,-0.42525,46.1835,6.416010225538632,2.3901326244021823,54.99999906180115
1.70382,1.72076,51.83244,5266.28584,-0.44309,46.27147,6.461712811416394,2.4071580401490547,54.99999906180115
1.75248,1.77172,51.77016,5262.77606,-0.46059,46.36018,6.509875044487076,2.4250997391925027,54.99999906180115
1.80102,1.82273,51.70554,5259.24307,-0.47773,46.44968,6.560495427430234,2.443957163741264,54.99999906180115
1.84945,1.87378,51.63862,5255.6854,-0.49449,46.53998,6.613570753580104,2.463729119227968,54.99999906180115
1.89777,1.92487,51.56948,5252.10157,-0.51084,46.63113,6.669095889306252,2.484413693240206,54.99999906180115
1.94597,1.97601,51.49816,5248.49012,-0.52676,46.72316,6.7270635445269775,2.5060081700307286,54.99999906180115
1.99406,2.0272,51.42474,5244.84957,-0.54223,46.8161,6.787464031691636,2.5285089407320283,54.99999906180115
2.04203,2.07842,51.34928,5241.17845,-0.55722,46.90999,6.850285013610758,2.551911409416415,54.99999906180115
2.08988,2.1297,51.27185,5237.47529,-0.57171,47.00486,6.915511240743934,2.576209895228847,54.99999906180115
2.13761,2.18101,51.19253,5233.73862,-0.58569,47.10075,6.983124278586094,2.601397530831145,54.99999906180115
2.18523,2.23238,51.11138,5229.96697,-0.59912,47.19769,7.053102226001995,2.6274661574741778,54.99999906180115
2.23272,2.28379,51.02849,5226.1589,-0.61199,47.29571,7.125419425530664,2.6544062170786433,54.99999906180115
2.28009,2.33524,50.94395,5222.31296,-0.62427,47.39485,7.200046166807025,2.6822066417518258,54.99999906180115
2.32734,2.38674,50.85783,5218.42771,-0.63594,47.49513,7.2769483845117255,2.7108547412659525,54.99999906180115
2.37446,2.43829,50.77022,5214.50174,-0.64699,47.5966,7.356087352390026,2.7403360890721835,54.99999906180115
2.42145,2.48989,50.68121,5210.53366,-0.65738,47.69929,7.437419375153966,2.770634407526063,54.99999906180115
2.46831,2.54153,50.5909,5206.52207,-0.66711,47.80322,7.520895480272759,2.801731453071327,54.99999906180115
2.51505,2.59322,50.49939,5202.46563,-0.67615,47.90843,7.606461111905036,2.8336069022216144,54.99999906180115
2.56165,2.64496,50.40676,5198.36302,-0.68448,48.01495,7.6940558294548085,2.866238239264633,54.99999906180115
2.60812,2.69675,50.31312,5194.21292,-0.69208,48.1228,7.783613013461769,2.8996006466985547,54.99999906180115
2.65446,2.74859,50.21857,5190.01408,-0.69893,48.23202,7.875059581810523,2.9336668995124877,54.99999906180115
2.70066,2.80048,50.12323,5185.76528,-0.70502,48.34264,7.968315719428269,2.9684072644917534,54.99999906180115
2.74672,2.85241,50.02718,5181.46533,-0.71033,48.45468,8.063294624892396,3.0037894058225474,54.99999906180115
2.79264,2.9044,49.93055,5177.11309,-0.71485,48.56817,8.159902277583885,3.039778298350451,54.99999906180115
2.83842,2.95644,49.83345,5172.70749,-0.71855,48.68313,8.258037229174196,3.076336149903818,54.99999906180115
2.88406,3.00852,49.73598,5168.24749,-0.72143,48.79958,8.357590423443614,3.113422334171365,54.99999906180115
2.92955,3.06066,49.63827,5163.73211,-0.72347,48.91756,8.458445048516547,3.1509933356559245,54.99999906180115
2.97489,3.11285,49.54042,5159.16046,-0.72466,49.03707,8.560476425718045,3.189002708270588,54.99999906180115
3.02009,3.16509,49.44256,5154.5317,-0.72499,49.15814,8.663551939291972,3.2274010491568625,54.99999906180115
3.06513,3.21738,49.3448,5149.84506,-0.72445,49.28078,8.767531011222472,3.2661359893050106,54.99999906180115
3.11002,3.26973,49.24726,5145.09985,-0.72303,49.40502,8.872265125331525,3.305152202531026,54.99999906180115
3.15476,3.32213,49.15006,5140.29548,-0.72073,49.53086,8.977597904696761,3.3443914343168006,54.99999906180115
3.19934,3.37458,49.05332,5135.43144,-0.71754,49.65831,9.083365246253559,3.38379255195295,54.99999906180115
3.24376,3.42708,48.95716,5130.50729,-0.71345,49.78738,9.189395516147652,3.4232916173128043,54.99999906180115
3.28802,3.47963,48.86171,5125.52272,-0.70846,49.91809,9.295509809070724,3.462821983461732,54.99999906180115
3.33211,3.53224,48.76708,5120.4775,-0.70258,50.05043,9.401522274382197,3.5023144161460924,54.99999906180115
3.37604,3.58491,48.67339,5115.37152,-0.69581,50.1844,9.507240511291867,3.5416972410091665,54.99999906180115
3.4198,3.63762,48.58076,5110.20477,-0.68814,50.32001,9.612466034759134,3.5808965171508746,54.99999906180115
3.4634,3.69039,48.4893,5104.97736,-0.67959,50.45725,9.716994813176159,3.619836237428902,54.99999906180115
3.50682,3.74322,48.39915,5099.68951,-0.67016,50.59612,9.82061787798076,3.658438555555542,54.99999906180115
3.55007,3.79609,48.3104,5094.34157,-0.65986,50.7366,9.923122004703785,3.696624039805763,54.99999906180115
3.59315,3.84903,48.22318,5088.934,-0.64871,50.87868,10.024290463899877,3.7343119527586723,54.99999906180115
3.63604,3.90201,48.13759,5083.4674,-0.6367,51.02235,10.123903839598237,3.771420556191968,54.99999906180115
3.67876,3.95505,48.05374,5077.94247,-0.62387,51.16759,10.221740911816742,3.8078674398416594,54.99999906180115
3.7213,4.00815,47.97175,5072.36008,-0.61023,51.31438,10.317579598766201,3.8435698723979517,54.99999906180115
3.76366,4.0613,47.89171,5066.72119,-0.5958,51.46269,10.411197953306223,3.8784451727112663,54.99999906180115
3.80583,4.1145,47.81372,5061.02691,-0.58059,51.6125,10.502375207220732,3.9124110988123544,54.99999906180115
3.84781,4.16776,47.73789,5055.27847,-0.56465,51.76377,10.590892855921268,3.9453862519928133,54.99999906180115
3.88961,4.22107,47.6643,5049.47724,-0.54798,51.91647,10.676535775264002,3.9772904928488075,54.99999906180115
3.93121,4.27443,47.59304,5043.62469,-0.53062,52.07056,10.759093361319945,4.00804536587547,54.99999906180115
3.97263,4.32785,47.5242,5037.72245,-0.5126,52.22601,10.838360683185288,4.03757452891907,54.99999906180115
4.01385,4.38132,47.45786,5031.77224,-0.49396,52.38277,10.914139638294552,4.065804183561579,54.99999906180115
4.05487,4.43484,47.39409,5025.7759,-0.47472,52.54079,10.986240099190244,4.092663502322524,54.99999906180115
4.0957,4.48842,47.33296,5019.73541,-0.45493,52.70002,11.054481040359132,4.1180850484351605,54.99999906180115
4.13633,4.54205,47.27454,5013.65282,-0.43462,52.86042,11.118691633555803,4.142005183883307,54.99999906180115
4.17677,4.59573,47.21888,5007.53032,-0.41383,53.02193,11.178712300035611,4.164364461385817,54.99999906180115
4.217,4.64947,47.16605,5001.37015,-0.3926,53.18449,11.234395708308838,4.185107996086241,54.99999906180115
4.25703,4.70325,47.11609,4995.1747,-0.37098,53.34805,11.285607706349047,4.204185812824983,54.99999906180115
4.29686,4.75709,47.06904,4988.94638,-0.34901,53.51254,11.332228177809883,4.221553165102574,54.99999906180115
4.33648,4.81098,47.02493,4982.68771,-0.32673,53.6779,11.374151812470481,4.237170822090863,54.99999906180115
4.3759,4.86491,46.98381,4976.40127,-0.3042,53.84407,11.411288782096774,4.251005320409137,54.99999906180115
4.41511,4.9189,46.94568,4970.08971,-0.28146,54.01098,11.443565313944475,4.263029177769068,54.99999906180115
4.45412,4.97294,46.91057,4963.7557,-0.25855,54.17856,11.470924155321196,4.273221066036338,54.99999906180115
4.49292,5.02702,46.87848,4957.40196,-0.23553,54.34675,11.493324923996282,4.281565941767503,54.99999906180115
4.53151,5.08115,46.84943,4951.03127,-0.21245,54.51548,11.51074434061984,4.288055132792215,54.99999906180115
4.56989,5.13533,46.8234,4944.64638,-0.18936,54.68468,11.523176340824199,4.29268637997395,54.99999906180115
4.60806,5.18956,46.8004,4938.25009,-0.1663,54.85427,11.530632066206056,4.295463833850634,54.99999906180115
4.64602,5.24383,46.7804,4931.84518,-0.14333,55.0242,11.533139734889577,4.296398006415978,54.99999906180115
4.68378,5.29815,46.76338,4925.43444,-0.12049,55.19438,11.530744393923706,4.295505678880978,54.99999906180115
4.72132,5.35251,46.74931,4919.02064,-0.09783,55.36475,11.523507557186186,4.292809766783617,54.99999906180115
4.75866,5.40692,46.73817,4912.6065,-0.07541,55.53524,11.511506733869515,4.288339144337492,54.99999906180115
4.79578,5.46137,46.7299,4906.19473,-0.05327,55.70579,11.494834853888095,4.282128430380849,54.99999906180115
4.83269,5.51586,46.72447,4899.78799,-0.03145,55.87633,11.47359959769364,4.2742177387151985,54.99999906180115
4.8694,5.57039,46.72182,4893.38888,-0.01001,56.04678,11.44792263900922,4.264652396003809,54.99999906180115
4.90589,5.62497,46.72188,4886.99995,0.01102,56.2171,11.41793880979438,4.253482630699254,54.99999906180115
4.94218,5.67958,46.72461,4880.62367,0.03158,56.38721,11.383795197497987,4.240763236746339,54.99999906180115
4.97826,5.73423,46.72993,4874.26245,0.05164,56.55706,11.345650185075158,4.226553215963155,54.99999906180115
5.01413,5.78893,46.73777,4867.91861,0.07116,56.72658,11.30367244461678,4.210915403141584,54.99999906180115
5.04979,5.84366,46.74804,4861.59439,0.0901,56.89573,11.258039895555964,4.193916077951804,54.99999906180115
5.08524,5.89842,46.76067,4855.29192,0.10842,57.06445,11.208938638419637,4.175624567736692,54.99999906180115
5.12049,5.95323,46.77558,4849.01325,0.12608,57.23268,11.156561874834773,4.15611284518574,54.99999906180115
5.15553,6.00807,46.79266,4842.76034,0.14306,57.40038,11.101108824228161,4.135455124777204,54.99999906180115
5.19037,6.06294,46.81182,4836.53501,0.15932,57.5675,11.04278364714919,4.113727461687518,54.99999906180115
5.225,6.11785,46.83297,4830.339,0.17483,57.73401,10.981794384539702,4.091007356641405,54.99999906180115
5.25943,6.17279,46.856,4824.17393,0.18956,57.89985,10.918351921613413,4.067373369929699,54.99999906180115
5.29366,6.22776,46.88081,4818.04133,0.2035,58.065,10.852668984174242,4.042904747511512,54.99999906180115
5.32769,6.28276,46.9073,4811.94257,0.21661,58.22941,10.784959174438194,4.01768106183252,54.99999906180115
5.36152,6.3378,46.93535,4805.87895,0.22888,58.39306,10.71543605247304,3.9917818696370677,54.99999906180115
5.39515,6.39287,46.96486,4799.85164,0.24028,58.55592,10.644312268521421,3.9652863887357066,54.99999906180115
5.42858,6.44796,46.9957,4793.86169,0.25081,58.71796,10.571798750495436,3.93827319532554,54.99999906180115
5.46181,6.50308,47.02777,4787.91005,0.26045,58.87917,10.49810395010078,3.910819943151634,54.99999906180115
5.49485,6.55823,47.06096,4781.99754,0.26917,59.03951,10.423433150095587,3.8830031054427065,54.99999906180115
5.5277,6.61341,47.09513,4776.12489,0.27699,59.19898,10.347987834414617,3.8548977402658196,54.99999906180115
5.56035,6.66862,47.13018,4770.29271,0.28387,59.35756,10.271965122011961,3.8265772796178825,54.99999906180115
5.59281,6.72385,47.166,4764.5015,0.28983,59.51524,10.195557264604943,3.7981133423220443,54.99999906180115
5.62508,6.7791,47.20245,4758.75166,0.29486,59.67201,10.118951207769724,3.7695755705242613,54.99999906180115
5.65716,6.83438,47.23943,4753.04348,0.29894,59.82786,10.042328214256873,3.741031489368429,54.99999906180115
5.68906,6.88968,47.27681,4747.37717,0.30209,59.98281,9.965863547815829,3.7125463892126818,54.99999906180115
5.72077,6.94501,47.31448,4741.75283,0.30431,60.13683,9.889726215376102,3.6841832295851,54.99999906180115
5.75229,7.00036,47.35232,4736.17045,0.30559,60.28994,9.814078765003522,3.656002563917104,54.99999906180115
5.78363,7.05573,47.39022,4730.62997,0.30595,60.44214,9.739077136741605,3.6280624839779323,54.99999906180115
5.81478,7.11112,47.42807,4725.13121,0.30538,60.59344,9.664870563150957,3.600418582822956,54.99999906180115
5.84576,7.16654,47.46574,4719.67392,0.30391,60.74385,9.591601516182415,3.5731239350025237,54.99999906180115
5.87655,7.22197,47.50313,4714.25777,0.30153,60.89337,9.519405696867913,3.5462290927215405,54.99999906180115
5.90717,7.27742,47.54013,4708.88235,0.29825,61.04203,9.448412064219145,3.5197820966049775,54.99999906180115
5.93761,7.33289,47.57663,4703.54717,0.2941,61.18984,9.378742899691558,3.4938284997124094,54.99999906180115
5.96787,7.38838,47.61252,4698.25169,0.28908,61.33681,9.310513903589131,3.468411403451324,54.99999906180115
5.99796,7.44389,47.64771,4692.99529,0.28321,61.48296,9.243834319795427,3.44357150404273,54.99999906180115
6.02794,7.49938,47.6865,4687.76923,0.34844,61.49005,9.173075702191642,3.4172120572140425,0.0
6.05788,7.55481,47.73317,4682.56905,0.4122,61.49717,9.092864315381982,3.3873312051388393,0.0
6.08777,7.61019,47.78749,4677.40025,0.47433,61.50431,9.003744758043783,3.354131825153682,0.0
6.11763,7.66552,47.84925,4672.2681,0.53466,61.51147,8.906297493100958,3.3178301549706273,0.0
6.14745,7.72078,47.91821,4667.17756,0.59306,61.51865,8.8011345591452,3.278654195068786,0.0
6.17723,7.776,47.99409,4662.13326,0.64937,61.52586,8.688892258829298,3.2368409849284503,0.0
6.20697,7.83116,48.07662,4657.13954,0.70346,61.53309,8.57022393439685,3.192633911725831,0.0
6.23666,7.88626,48.16552,4652.20036,0.75523,61.54035,8.445792955892678,3.1462800982569417,0.0
6.26632,7.94132,48.26048,4647.31937,0.80457,61.54763,8.316266032907425,3.0980279113864806,0.0
6.29595,7.99632,48.36119,4642.49986,0.85139,61.55493,8.182306944114199,3.0481246261352477,0.0
6.32553,8.05127,48.46732,4637.74477,0.89561,61.56226,8.044570761173613,2.996814273932796,0.0
6.35507,8.10617,48.57855,4633.05669,0.93715,61.56961,7.903698625478879,2.9443356968175403,0.0
6.38458,8.16102,48.69454,4628.43791,0.97597,61.57699,7.76031311836849,2.8909208227191714,0.0
6.41405,8.21583,48.81495,4623.89033,1.01202,61.58439,7.615014248438876,2.836793170627036,0.0
6.44349,8.27058,48.93943,4619.41559,1.04526,61.59182,7.468376063871576,2.7821665885928732,0.0
6.47288,8.32529,49.06764,4615.01499,1.07568,61.59927,7.320943883640909,2.7272442222828235,0.0
6.50224,8.37995,49.19922,4610.68954,1.10325,61.60675,7.173232129240745,2.6722177072385964,0.0
6.53157,8.43456,49.33385,4606.43999,1.12798,61.61426,7.025722728413203,2.617266574224414,0.0
6.56086,8.48913,49.47115,4602.26681,1.14987,61.62179,6.878864054210535,2.5625578539996456,0.0
6.59012,8.54366,49.6108,4598.17025,1.16893,61.62935,6.733070356570944,2.5082458655658435,0.0
6.61934,8.59814,49.75245,4594.15032,1.18519,61.63694,6.588721639349936,2.4544721703576857,0.0
6.64853,8.65259,49.89577,4590.20681,1.19866,61.64455,6.446163933216749,2.4013656739040794,0.0
6.67769,8.70699,50.04041,4586.33934,1.20939,61.65219,6.3057099138452966,2.3490428561205494,0.0
6.70682,8.76135,50.18606,4582.54734,1.21741,61.65986,6.167639815172639,2.2976081115220492,0.0
6.73591,8.81567,50.33239,4578.83009,1.22277,61.66756,6.0322025889251565,2.2471541811769686,0.0
6.76497,8.86996,50.47909,4575.18673,1.22551,61.67529,5.899617263950678,2.197762659094121,0.0
6.794,8.92421,50.62584,4571.61625,1.2257,61.68305,5.7700744618911886,2.149504556850703,0.0
6.823,8.97842,50.77236,4568.11756,1.22339,61.69083,5.643738029188473,2.102440911557338,0.0
6.85198,9.0326,50.91834,4564.68944,1.21863,61.69865,5.520746749242551,2.056623423682145,0.0
6.88092,9.08674,51.06351,4561.3306,1.21149,61.7065,5.401216102433356,2.0120951127051208,0.0
6.90983,9.14086,51.20757,4558.03969,1.20204,61.71437,5.2852400457454705,1.9688909800751793,0.0
6.93871,9.19493,51.35027,4554.81525,1.19034,61.72228,5.172892787587549,1.9270386703770852,0.0
6.96757,9.24898,51.49135,4551.65582,1.17646,61.73022,5.064230537180364,1.8865591230245293,0.0
6.9964,9.303,51.63055,4548.55986,1.16047,61.73819,4.959293211394988,1.8474672081022634,0.0
7.0252,9.35698,51.76763,4545.52581,1.14243,61.74619,4.858106085206919,1.809772341203684,0.0
7.05397,9.41094,51.90236,4542.55207,1.12242,61.75422,4.760681374895883,1.7734790732144188,0.0
7.08272,9.46487,52.0345,4539.63704,1.10051,61.76229,4.667019745826897,1.738587652000444,0.0
7.11144,9.51877,52.16386,4536.77907,1.07677,61.77038,4.577111738982244,1.7050945538287774,0.0
7.14013,9.57265,52.2902,4533.97654,1.05127,61.77851,4.490939112526217,1.6729929831356471,0.0
7.1688,9.6265,52.41335,4531.2278,1.02408,61.78667,4.408476096432541,1.6422733399082163,0.0
7.19745,9.68032,52.5331,4528.5312,0.99527,61.79487,4.329690559729529,1.6129236545141132,0.0
7.22607,9.73412,52.64927,4525.8851,0.96491,61.80309,4.254545091167132,1.5849299902783471,0.0
7.25466,9.78789,52.76169,4523.28786,0.93306,61.81135,4.1829979951437934,1.5582768144922594,0.0
7.28323,9.84165,52.87019,4520.73784,0.8998,61.81965,4.115004205522217,1.5329473388339463,0.0
7.31178,9.89537,52.97461,4518.23342,0.86519,61.82797,4.050516120625266,1.508923830426199,0.0
7.3403,9.94908,53.07481,4515.773,0.8293,61.83633,3.989484363139454,1.4861878949205485,0.0
7.3688,10.00277,53.17065,4513.35495,0.7922,61.84473,3.9318584690026084,1.464720733126046,0.0
7.39728,10.05643,53.26198,4510.9777,0.75394,61.85315,3.877587509553241,1.4445033727762733,0.0
7.42574,10.11007,53.34868,4508.63967,0.71459,61.86162,3.8266206512994216,1.4255168770579767,0.0
7.45417,10.16369,53.43063,4506.33929,0.67422,61.87011,3.778907657721317,1.4077425315457162,0.0
7.48258,10.2173,53.50772,4504.07501,0.63289,61.87864,3.7343993374301814,1.3911620111528806,0.0
7.51096,10.27088,53.57985,4501.84528,0.59065,61.8872,3.6930479429227336,1.3757575286781851,0.0
7.53933,10.32445,53.64691,4499.64858,0.54757,61.8958,3.65480752399743,1.3615119664625324,0.0
7.56767,10.37799,53.70882,4497.48338,0.5037,61.90444,3.619634239714779,1.3484089926024372,0.0
7.59599,10.43152,53.7655,4495.34817,0.45912,61.9131,3.587486632566186,1.3364331630851352,0.0
7.62429,10.48503,53.81686,4493.24145,0.41386,61.92181,3.558325868268974,1.3255700111185378,0.0
7.65257,10.53853,53.86284,4491.16172,0.36799,61.93054,3.5321159443685737,1.3158061248410362,0.0
7.68083,10.59201,53.90338,4489.10748,0.32157,61.93931,3.508823870545703,1.307129214490671,0.0
7.70907,10.64547,53.93841,4487.07725,0.27466,61.94812,3.48841982328622,1.2995281700237193,0.0
7.73728,10.69891,53.96789,4485.06954,0.2273,61.95696,3.4708772772746186,1.292993110062233,0.0
7.76548,10.75234,53.99178,4483.08286,0.17955,61.96584,3.456173115628334,1.2875154229592145,0.0
7.79365,10.80575,54.01003,4481.11572,0.13147,61.97475,3.4442877208075258,1.2830878006649047,0.0
7.8218,10.85915,54.02262,4479.16663,0.08311,61.98369,3.4352050477732083,1.279704265980111,0.0
7.84994,10.91254,54.02951,4477.23409,0.03453,61.99267,3.428912680706308,1.277360193685549,0.0
7.87805,10.9659,54.03071,4475.31659,-0.01422,62.00169,3.4254018743461487,1.276052325941515,0.0
7.90614,11.01926,54.02618,4473.41261,-0.06309,62.01074,3.4246675807418687,1.275778782253493,0.0
7.93422,11.0726,54.01593,4471.52064,-0.11203,62.01983,3.4267084619659185,1.2765390642082683,0.0
7.96227,11.12592,53.99995,4469.63912,-0.16097,62.02895,3.4315268890834743,1.2783340550900055,0.0
7.9903,11.17923,53.97826,4467.7665,-0.20987,62.0381,3.4391289274305237,1.2811660143959485,0.0
8.01831,11.23253,53.95086,4465.9012,-0.25868,62.04729,3.4495243079923066,1.2850385671741367,0.0
8.0463,11.28581,53.91778,4464.04163,-0.30733,62.05652,3.4627263844510403,1.2899566880225528,0.0
8.07427,11.33908,53.87904,4462.18617,-0.35578,62.06578,3.47875207518966,1.2959266794839888,0.0
8.10223,11.39233,53.83467,4460.33318,-0.40396,62.07507,3.497621789334829,1.3029561444951248,0.0
8.13016,11.44557,53.78471,4458.48098,-0.45183,62.0844,3.519359335629484,1.311053952439149,0.0
8.15807,11.4988,53.72921,4456.62789,-0.49933,62.09377,3.5439918127165946,1.3202301982735765,0.0
8.18596,11.55202,53.66821,4454.77218,-0.5464,62.10317,3.571549479137289,1.3304961541011273,0.0
8.21383,11.60521,53.60178,4452.91208,-0.59299,62.1126,3.6020656011150427,1.341864212465333,0.0
8.24168,11.6584,53.52998,4451.04581,-0.63903,62.12207,3.6355762759445733,1.3543478205582533,0.0
8.26951,11.71157,53.45288,4449.17154,-0.68448,62.13157,3.672120228561319,1.3679614044372532,0.0
8.29732,11.76473,53.37055,4447.28741,-0.72926,62.14111,3.711738578633335,1.382720282260607,0.0
8.32511,11.81788,53.2831,4445.3915,-0.77333,62.15068,3.7544745752820714,1.3986405654640075,0.0
8.35288,11.87101,53.19059,4443.48188,-0.81661,62.16028,3.8003732963298185,1.4157390467223263,0.0
8.38062,11.92412,53.09314,4441.55656,-0.85906,62.16992,3.8494813087698794,1.4340330734658207,0.0
8.40835,11.97722,52.99085,4439.61352,-0.9006,62.17959,3.9018462869802795,1.4535404056546937,0.0
8.43606,12.03031,52.88384,4437.65069,-0.94118,62.18929,3.9575165850675433,1.4742790564658983,0.0
8.46374,12.08338,52.77222,4435.66595,-0.98072,62.19903,4.016540759607604,1.4962671145015702,0.0
8.49141,12.13644,52.65612,4433.65716,-1.01917,62.2088,4.078967039011904,1.5195225461139377,0.0
8.51905,12.18948,52.53568,4431.6221,-1.05645,62.2186,4.144842735742639,1.5440629764400342,0.0
8.54667,12.24251,52.41104,4429.55854,-1.09251,62.22844,4.2142135976816615,1.5699054477695495,0.0
8.57427,12.29552,52.28236,4427.4642,-1.12726,62.23831,4.2871230951173365,1.5970661539286704,0.0
8.60185,12.34852,52.14979,4425.33674,-1.16065,62.24821,4.363611640082783,1.62556014946304,0.0
8.6294,12.40149,52.0135,4423.17381,-1.1926,62.25814,4.443715735162848,1.6554010325459543,0.0
8.65693,12.45446,51.87367,4420.97301,-1.22305,62.26811,4.527467049395033,1.686600600727144,0.0
8.68444,12.5074,51.73047,4418.73189,-1.25191,62.2781,4.614891419573354,1.719168478892188,0.0
8.71193,12.56033,51.58411,4416.448,-1.27913,62.28813,4.706007776100061,1.7531117191140129,0.0
8.73939,12.61323,51.43477,4414.11884,-1.30462,62.29819,4.800826993551296,1.7884343724583591,0.0
8.76683,12.66612,51.28268,4411.7419,-1.32832,62.30827,4.899350667379431,1.825137033273214,0.0
8.79425,12.71899,51.12804,4409.31465,-1.35015,62.31839,5.001569819616082,1.8632163570291298,0.0
8.82164,12.77184,50.97107,4406.83455,-1.37004,62.32854,5.107463538143889,1.9026645534121591,0.0
8.84901,12.82467,50.81202,4404.29905,-1.38792,62.33872,5.216997556012112,1.9434688570815337,0.0
8.87636,12.87748,50.65112,4401.70561,-1.40373,62.34893,5.330122779495554,1.9856109793328842,0.0
8.90367,12.93027,50.48862,4399.05172,-1.41738,62.35916,5.4467737759309225,2.0290665447774967,0.0
8.93097,12.98304,50.32477,4396.33488,-1.42881,62.36943,5.566867235083983,2.0738045181610953,0.0
8.95823,13.03578,50.15984,4393.55261,-1.43796,62.37972,5.690300420567715,2.119786627476356,0.0
8.98547,13.0885,49.9941,4390.70249,-1.44475,62.39004,5.816949630864551,2.166966790653205,0.0
9.01269,13.14119,49.82783,4387.78218,-1.44913,62.40039,5.9466686925919205,2.2152905542605796,0.0
9.03988,13.19386,49.6613,4384.78938,-1.45104,62.41076,6.079287511816965,2.264694553833049,0.0
9.06704,13.2465,49.49482,4381.72188,-1.45042,62.42116,6.214610712311008,2.315106006584775,0.0
9.09417,13.29912,49.32867,4378.57761,-1.44721,62.43159,6.352416392637698,2.3664422483921372,0.0
9.12127,13.35171,49.16316,4375.35456,-1.44138,62.44204,6.492455036653028,2.4186103279263285,0.0
9.14835,13.40427,48.9986,4372.05092,-1.43288,62.45252,6.634448614340776,2.471506671690896,0.0
9.17539,13.4568,48.83529,4368.66497,-1.42167,62.46302,6.778089911681211,2.525016834380203,0.0
9.20241,13.5093,48.67354,4365.19521,-1.40771,62.47355,6.923042129387933,2.5790153493983423,0.0
9.22939,13.56176,48.51368,4361.64031,-1.391,62.4841,7.06893879054598,2.6333656944519035,0.0
9.25634,13.6142,48.35601,4357.99914,-1.3715,62.49467,7.215383996461508,2.687920386860707,0.0
9.28327,13.6666,48.20086,4354.27081,-1.34921,62.50527,7.361953068121427,2.7425212225184,0.0
9.31016,13.71897,48.04854,4350.45467,-1.32413,62.51589,7.508193607387343,2.7969996712151195,0.0
9.33701,13.7713,47.89937,4346.55033,-1.29626,62.52653,7.6536270075147295,2.8511774393456273,0.0
9.36384,13.82359,47.75366,4342.55767,-1.26563,62.53719,7.797750436422198,2.904867208729299,0.0
9.39063,13.87585,47.61172,4338.47688,-1.23226,62.54787,7.94003930864081,2.957873557476281,0.0
9.41739,13.92807,47.47386,4334.30843,-1.1962,62.55857,8.079950252802911,3.0099940654551594,0.0
9.44411,13.98025,47.34037,4330.05314,-1.15748,62.56929,8.216924571222654,3.0610206030777354,0.0
9.4708,14.03239,47.21155,4325.71215,-1.11617,62.58003,8.350392176571024,3.11074079781405,0.0
9.49745,14.08448,47.08767,4321.28691,-1.07234,62.59079,8.47977597828547,3.158939668245389,0.0
9.52406,14.13653,46.96902,4316.77925,-1.02608,62.60156,8.604496678306052,3.2054014106021738,0.0
9.55064,14.18854,46.85585,4312.19132,-0.97747,62.61236,8.723977922637989,3.2499113178565624,0.0
9.57718,14.24051,46.74841,4307.52564,-0.92663,62.62317,8.83765174229096,3.2922578066154955,0.0
9.60369,14.29242,46.64694,4302.78505,-0.87368,62.634,8.944964205096063,3.332234522571227,0.0
9.63015,14.3443,46.55166,4297.97274,-0.81874,62.64484,9.045381189050827,3.3696424912242384,0.0
9.65658,14.39612,46.46276,4293.0922,-0.76194,62.6557,9.138394178873952,3.404292277252405,0.0
9.68296,14.44789,46.38045,4288.14728,-0.70345,62.66657,9.223525980676483,3.4360061133763624,0.0
9.70931,14.49962,46.30488,4283.14207,-0.64342,62.67746,9.300336245725756,3.464619958106922,0.0
9.73562,14.55129,46.2362,4278.08097,-0.58201,62.68837,9.368426693250337,3.489985441377327,0.0
9.76189,14.60292,46.17455,4272.96864,-0.51941,62.69928,9.427445924583257,3.5119716579382754,0.0
9.78811,14.65449,46.12003,4267.80994,-0.45579,62.71022,9.477093726563085,3.5304667704880504,0.0
9.8143,14.70601,46.07272,4262.60995,-0.39135,62.72116,9.51712477112318,3.545379387866859,0.0
9.84044,14.75747,46.0327,4257.37391,-0.32627,62.73212,9.547351630008212,3.5566396881180564,0.0
9.86654,14.80888,46.0,4252.1072,-0.26076,62.74309,9.56764703841171,3.564200261752693,0.0
9.8926,14.86024,45.97465,4246.81531,-0.19502,62.75408,9.577945358373324,3.5680366569035002,0.0
9.91862,14.91154,45.95663,4241.50379,-0.12925,62.76508,9.57824321150653,3.568147615032608,0.0
9.94456,14.96281,45.94476,4236.18063,-0.08479,62.86422,9.570189373821764,3.5651473485858087,26.999999539429652
9.97038,15.01407,45.93781,4230.8526,-0.04063,62.9634,9.555464782579115,3.55966205092061,26.999999539429652
9.99607,15.06531,45.93574,4225.52349,0.00311,63.06254,9.53418824369014,3.5517359803650357,26.999999539429652
10.02165,15.11653,45.93847,4220.19706,0.04632,63.16159,9.50650744601238,3.5414241549044494,26.999999539429652
10.04711,15.16774,45.94594,4214.87697,0.08887,63.26048,9.472598640901198,3.528792232806176,26.999999539429652
10.07245,15.21893,45.95806,4209.56683,0.13066,63.35917,9.432664818980497,3.513915833418623,26.999999539429652
10.09767,15.2701,45.97471,4204.27016,0.17158,63.45759,9.386933668647508,3.496879776660603,26.999999539429652
10.12277,15.32126,45.99579,4198.99036,0.21151,63.55569,9.335655351484544,3.4777772543036725,26.999999539429652
10.14776,15.3724,46.02117,4193.73071,0.25037,63.65341,9.279100131553806,3.456708946822079,26.999999539429652
10.17263,15.42352,46.05072,4188.49438,0.28805,63.75072,9.217555896548687,3.4337820999563906,26.999999539429652
10.19738,15.47463,46.08429,4183.28437,0.32447,63.84756,9.15132560880261,3.409109575147229,26.999999539429652
10.22202,15.52572,46.12173,4178.10355,0.35953,63.94389,9.080724723434995,3.3828088877266995,26.999999539429652
10.24654,15.57679,46.16289,4172.95462,0.39317,64.03966,9.006078609350066,3.3550012461725958,26.999999539429652
10.27094,15.62784,46.20758,4167.84012,0.4253,64.13484,8.927720006691194,3.3258106049432468,26.999999539429652
10.29524,15.67887,46.25564,4162.76242,0.45586,64.2294,8.845986551539745,3.2953627423626983,26.999999539429652
10.31942,15.72989,46.30688,4157.72372,0.48479,64.3233,8.761218395549031,3.2637843738717396,26.999999539429652
10.34349,15.78089,46.36111,4152.72605,0.51202,64.41651,8.673755944594479,3.231202309615584,26.999999539429652
10.36745,15.83187,46.41814,4147.77124,0.53752,64.50901,8.583937736890714,3.197742663986656,26.999999539429652
10.3913,15.88283,46.47778,4142.86097,0.56124,64.60076,8.492098477147838,3.16353012329608,26.999999539429652
10.41504,15.93377,46.53982,4137.99673,0.58313,64.69176,8.398567239526278,3.1286872763270765,26.999999539429652
10.43868,15.9847,46.60405,4133.17984,0.60318,64.78199,8.303665848429938,3.0933340111378103,26.999999539429652
10.46221,16.0356,46.67028,4128.41146,0.62135,64.87142,8.207707442647195,3.0575869801661275,26.999999539429652
10.48563,16.08649,46.73829,4123.69255,0.63762,64.96006,8.11099522499534,3.021559134439218,26.999999539429652
10.50895,16.13736,46.80788,4119.02396,0.65198,65.04788,8.013821396664069,2.985359326588517,26.999999539429652
10.53217,16.18821,46.87883,4114.40633,0.66443,65.1349,7.916466272715549,2.949091981350217,26.999999539429652
10.55528,16.23905,46.95095,4109.84019,0.67495,65.22109,7.819197572910169,2.912856831379192,26.999999539429652
10.5783,16.28986,47.024,4105.3259,0.68355,65.30646,7.722269880017022,2.876748715455406,26.999999539429652
10.60121,16.34066,47.0978,4100.86369,0.69023,65.39102,7.6259242561825555,2.8408574355711367,26.999999539429652
10.62403,16.39144,47.17214,4096.45365,0.69501,65.47476,7.530388006674107,2.8052676689192295,26.999999539429652
10.64675,16.4422,47.24681,4092.09575,0.6979,65.5577,7.435874579378015,2.770058930453498,26.999999539429652
10.66937,16.49295,47.3216,4087.78984,0.69891,65.63984,7.3425835878470025,2.735305581474478,26.999999539429652
10.6919,16.54368,47.39633,4083.53567,0.69807,65.72119,7.250700945340811,2.7010768795630984,26.999999539429652
10.71434,16.59439,47.47079,4079.33284,0.69541,65.80176,7.160399097238527,2.6674370651603776,26.999999539429652
10.73668,16.64509,47.5448,4075.18091,0.69096,65.88157,7.071837339344387,2.6344454801447186,26.999999539429652
10.75893,16.69576,47.61816,4071.07929,0.68473,65.96063,6.985162209924785,2.6021567138760084,26.999999539429652
10.78109,16.74643,47.69069,4067.02736,0.67678,66.03895,6.900507943820833,2.570620772364492,26.999999539429652
10.80315,16.79707,47.76222,4063.02436,0.66714,66.11656,6.817996977522852,2.5398832664243107,26.999999539429652
10.82513,16.8477,47.83256,4059.0695,0.65585,66.19348,6.737740494862964,2.509985614958355,26.999999539429652
10.84703,16.89831,47.90155,4055.1619,0.64294,66.26972,6.659839003655929,2.48096525977214,26.999999539429652
10.86883,16.94891,47.96902,4051.30063,0.62847,66.34531,6.584382934480366,2.452855888635575,26.999999539429652
10.89055,16.99949,48.03481,4047.48467,0.61248,66.42026,6.511453253564127,2.425687663598885,26.999999539429652
10.91219,17.05006,48.09876,4043.71299,0.59501,66.4946,6.441122082568772,2.3994874518786338,26.999999539429652
10.93374,17.10061,48.16073,4039.98448,0.57612,66.56836,6.373453318887368,2.3742790569349816,26.999999539429652
10.9552,17.15115,48.22058,4036.29798,0.55585,66.64156,6.308503250805687,2.3500834476354133,26.999999539429652
10.97659,17.20167,48.27816,4032.65231,0.53425,66.71421,6.246321162663015,2.326918983693061,26.999999539429652
10.99789,17.25218,48.33334,4029.04623,0.51138,66.78636,6.186949925820312,2.3048016358178964,26.999999539429652
11.01911,17.30267,48.386,4025.47849,0.48729,66.85802,6.130426571873245,2.283745199253664,26.999999539429652
11.04025,17.35315,48.43601,4021.94778,0.46204,66.92922,6.076782845197348,2.263761499615497,26.999999539429652
11.06131,17.40362,48.48326,4018.45277,0.43567,66.99999,6.02604573239418,2.244860590122535,26.999999539429652
11.08229,17.45407,48.52764,4014.99211,0.40824,67.07035,5.978237966723834,2.227050939512311,26.999999539429652
11.10319,17.5045,48.56905,4011.56441,0.37981,67.14034,5.933378506037919,2.2103396100833606,26.999999539429652
11.12401,17.55493,48.60739,4008.16828,0.35043,67.20997,5.891482983089726,2.1947324254476057,26.999999539429652
11.14476,17.60534,48.64256,4004.80227,0.32017,67.27928,5.852564127442414,2.1802341277022608,26.999999539429652
11.16543,17.65574,48.67449,4001.46496,0.28906,67.3483,5.816632158461974,2.1668485238300432,26.999999539429652
11.18602,17.70612,48.7031,3998.15486,0.25718,67.41705,5.78369514910765,2.154578621220684,26.999999539429652
11.20654,17.75649,48.72831,3994.87049,0.22458,67.48556,5.753759360448265,2.1434267522870587,26.999999539429652
11.22698,17.80685,48.75006,3991.61035,0.19132,67.55387,5.7268295469454635,2.133394688191228,26.999999539429652
11.24735,17.8572,48.76828,3988.37291,0.15745,67.62199,5.70290923270471,2.124483741755201,26.999999539429652
11.26764,17.90753,48.78292,3985.15665,0.12304,67.68996,5.682000958936468,2.116694859646739,26.999999539429652
11.28785,17.95785,48.79394,3981.96001,0.08813,67.7578,5.664106502963962,2.110028703965507,26.999999539429652
11.30799,18.00816,48.80128,3978.78141,0.05279,67.82556,5.649227069116402,2.104485723355824,26.999999539429652
11.32806,18.05845,48.80492,3975.61929,0.01708,67.89324,5.637363451872294,2.100066213781838,26.999999539429652
11.34805,18.10874,48.80483,3972.47203,-0.01895,67.9609,5.628516171618043,2.0967703691011756,26.999999539429652
11.36797,18.15901,48.80097,3969.33804,-0.05524,68.02854,5.622685583330345,2.094598321551997,26.999999539429652
11.38781,18.20927,48.79334,3966.21567,-0.09173,68.09621,5.619871958499318,2.0935501722715153,26.999999539429652
11.40759,18.25951,48.78192,3963.10329,-0.12836,68.16393,5.620075540528256,2.0936260119338606,26.999999539429652
11.42728,18.30975,48.7667,3959.99924,-0.16508,68.23174,5.623296573822006,2.0948259315862687,26.999999539429652
11.44691,18.35997,48.74769,3956.90185,-0.20182,68.29965,5.6295353066960265,2.0971500237327825,26.999999539429652
11.46646,18.41018,48.72489,3953.80943,-0.23853,68.36771,5.6387919681999366,2.1005983737004117,26.999999539429652
11.48593,18.46038,48.69832,3950.72028,-0.27514,68.43594,5.651066718890907,2.105171041300926,26.999999539429652
11.50533,18.51057,48.66798,3947.63268,-0.31161,68.50436,5.666359575524599,2.110868032776251,26.999999539429652
11.52466,18.56074,48.63392,3944.5449,-0.34787,68.57302,5.684670309600213,2.1176892630038266,26.999999539429652
11.54392,18.61091,48.59615,3941.45519,-0.38385,68.64195,5.705998319668696,2.1256345079280554,26.999999539429652
11.5631,18.66106,48.55471,3938.3618,-0.41952,68.71116,5.730342477254179,2.1347033471619836,26.999999539429652
11.5822,18.7112,48.50966,3935.26294,-0.45479,68.78069,5.757700946249505,2.144895096707385,26.999999539429652
11.60123,18.76132,48.46102,3932.15684,-0.48962,68.85058,5.788070975655111,2.1562087317445395,26.999999539429652
11.62019,18.81144,48.40887,3929.04168,-0.52395,68.92085,5.821448665546188,2.168642799448841,26.999999539429652
11.63907,18.86154,48.35326,3925.91565,-0.55772,68.99153,5.85782870617881,2.1821953218009718,26.999999539429652
11.65787,18.91162,48.29425,3922.77694,-0.59086,69.06266,5.897204090265982,2.1968636884021504,26.999999539429652
11.6766,18.9617,48.23192,3919.6237,-0.62332,69.13426,5.939565798500211,2.2126445393230263,26.999999539429652
11.69525,19.01176,48.16635,3916.45408,-0.65505,69.20636,5.984902458566682,2.2295336380771054,26.999999539429652
11.71383,19.06181,48.09763,3913.26624,-0.68597,69.279,6.033199978035238,2.2475257348633613,26.999999539429652
11.73233,19.11185,48.02583,3910.05832,-0.71604,69.3522,6.084441151725524,2.266614420299415,26.999999539429652
11.75075,19.16187,47.95107,3906.82845,-0.7452,69.426,6.138605244380674,2.286791969956507,26.999999539429652
11.76909,19.21188,47.87343,3903.57478,-0.77339,69.50042,6.1956675497646225,2.3080491801116425,26.999999539429652
11.78735,19.26188,47.79304,3900.29542,-0.80055,69.5755,6.255598927599929,2.330375195244749,26.999999539429652
11.80553,19.31186,47.70999,3896.98853,-0.82662,69.65127,6.31836532017314,2.3537573279614517,26.999999539429652
11.82363,19.36183,47.62442,3893.65225,-0.85155,69.72775,6.383927250805734,2.378180872160308,26.999999539429652
11.84166,19.41178,47.53643,3890.28473,-0.87528,69.80497,6.452239306843408,2.403628910432711,26.999999539429652
11.85959,19.46172,47.44618,3886.88414,-0.89776,69.88297,6.523249610352906,2.4300821168835314,26.999999539429652
11.87745,19.51164,47.35378,3883.44867,-0.91894,69.96177,6.596899280205003,2.4575185567428783,26.999999539429652
11.89523,19.56155,47.25938,3879.97652,-0.93876,70.0414,6.673121889821649,2.48591348436264,26.999999539429652
11.91292,19.61144,47.16312,3876.46593,-0.95717,70.12189,6.751842925463594,2.51523914141437,26.999999539429652
11.93052,19.66131,47.06516,3872.91516,-0.97413,70.20325,6.832979250569726,2.5454645573416004,26.999999539429652
11.94804,19.71117,46.96564,3869.3225,-0.98957,70.28553,6.916438582261265,2.576555354343877,26.999999539429652
11.96547,19.76101,46.86474,3865.68631,-1.00347,70.36875,7.002118986843903,2.6084735594380324,26.999999539429652
11.98282,19.81084,46.7626,3862.00498,-1.01577,70.45292,7.089908401673864,2.641177426340715,26.999999539429652
12.00007,19.86065,46.6594,3858.27694,-1.02642,70.53807,7.17968419145487,2.6746212701773318,26.999999539429652
12.01724,19.91043,46.55531,3854.50071,-1.0354,70.62422,7.271312747527662,2.708755318206855,26.999999539429652
12.03432,19.9602,46.4505,3850.67486,-1.04267,70.7114,7.364649139255566,2.7435255799537677,26.999999539429652
12.0513,20.00995,46.34516,3846.79804,-1.04818,70.79963,7.459536827002669,2.7788737402848867,26.999999539429652
12.0682,20.05968,46.23945,3842.86899,-1.05191,70.88891,7.555807446506282,2.81473707908243,26.999999539429652
12.085,20.10939,46.13357,3838.88652,-1.05383,70.97927,7.653280674647378,2.851048421239973,26.999999539429652
12.1017,20.15908,46.0277,3834.84956,-1.05392,71.07072,7.751764186612197,2.8877361207040204,26.999999539429652
12.11832,20.20875,45.92203,3830.75712,-1.05216,71.16327,7.851053714311092,2.924724082236562,26.999999539429652
12.13483,20.2584,45.81674,3826.60836,-1.04852,71.25694,7.950933215529316,2.96193182442819,26.999999539429652
12.15125,20.30802,45.71202,3822.40251,-1.043,71.35173,8.051175162723613,2.999274587282434,26.999999539429652
12.16756,20.35762,45.60807,3818.13898,-1.03559,71.44764,8.151540959558751,3.036663487386571,26.999999539429652
12.18378,20.4072,45.50506,3813.81728,-1.02629,71.54468,8.251781492187929,3.0740057232780877,26.999999539429652
12.1999,20.45675,45.4032,3809.43708,-1.0151,71.64286,8.35163782093288,3.1112048331137174,26.999999539429652
12.21592,20.50627,45.30266,3804.99818,-1.00203,71.74216,8.450842016478253,3.1481610061738476,26.999999539429652
12.23183,20.55578,45.20364,3800.50054,-0.98708,71.84259,8.54911814274177,3.1847714490075143,26.999999539429652
12.24764,20.60525,45.10631,3795.9443,-0.97029,71.94414,8.64618338657821,3.2209308062768605,26.999999539429652
12.26335,20.6547,45.01086,3791.32975,-0.95166,72.04679,8.741749332091164,3.256531635471795,26.999999539429652
12.27894,20.70412,44.91746,3786.65734,-0.93124,72.15053,8.835523374832496,3.291464933736499,26.999999539429652
12.29444,20.75351,44.82628,3781.92771,-0.90906,72.25536,8.927210268564666,3.325620714079097,26.999999539429652
12.30982,20.80287,44.73751,3777.14165,-0.88516,72.36124,9.016513794446217,3.358888627187157,26.999999539429652
12.3251,20.8522,44.65129,3772.30017,-0.85959,72.46815,9.103138539784554,3.391158624059911,26.999999539429652
12.34026,20.90151,44.56778,3767.40442,-0.8324,72.57608,9.186791770756937,3.4223216536460987,26.999999539429652
12.35532,20.95078,44.48714,3762.45573,-0.80365,72.68498,9.26718538083843,3.4522703886846426,26.999999539429652
12.37026,21.00002,44.40951,3757.45562,-0.77341,72.79484,9.344037894276578,3.4808999720516796,26.999999539429652
12.38509,21.04922,44.33503,3752.40578,-0.74176,72.9056,9.417076501754591,3.508108775098663,26.999999539429652
12.39981,21.09839,44.26382,3747.30806,-0.70876,73.01725,9.486039103554063,3.5337991587842246,26.999999539429652
12.41442,21.14753,44.19601,3742.16448,-0.6745,73.12973,9.550676334098323,3.557878227869852,26.999999539429652
12.42891,21.19664,44.1317,3736.97721,-0.63907,73.243,9.61075354080523,3.5802585680946186,26.999999539429652
12.44328,21.2457,44.071,3731.74858,-0.60256,73.35702,9.666052689792,3.6008589561003688,26.999999539429652
12.45754,21.29474,44.01399,3726.48105,-0.56508,73.47174,9.716374171058128,3.6196050319098583,26.999999539429652
12.47169,21.34373,43.96077,3721.17721,-0.52671,73.5871,9.761538476567628,3.6364299240565447,26.999999539429652
12.48571,21.39269,43.91139,3715.8398,-0.48757,73.70306,9.80138772594368,3.6512748179459784,26.999999539429652
12.49963,21.44161,43.86592,3710.47162,-0.44777,73.81957,9.835787016450109,3.6640894587594293,26.999999539429652
12.51342,21.49049,43.82441,3705.0756,-0.40741,73.93655,9.864625576340444,3.6748325811067573,26.999999539429652
12.5271,21.53933,43.7869,3699.65476,-0.36662,74.05397,9.887817703702241,3.6834722587706232,26.999999539429652
12.54065,21.58813,43.7534,3694.21216,-0.3255,74.17176,9.905303476269863,3.6899861691304277,26.999999539429652
12.55409,21.63689,43.72394,3688.75094,-0.28418,74.28986,9.917049221455263,3.694361768261145,26.999999539429652
12.56742,21.68561,43.69851,3683.27427,-0.24278,74.4082,9.923047739881222,3.696596374205333,26.999999539429652
12.58062,21.73429,43.67711,3677.78536,-0.20141,74.52675,9.923318279826194,3.696697157453169,26.999999539429652
12.59371,21.78292,43.65972,3672.28741,-0.16019,74.64542,9.917906264234698,3.694681039246637,26.999999539429652
12.60668,21.83152,43.6463,3666.78364,-0.11924,74.76416,9.906882776076399,3.6905744998622416,26.999999539429652
12.61953,21.88007,43.63681,3661.27723,-0.07868,74.88292,9.890343811814969,3.6844133005085182,26.999999539429652
12.63226,21.92857,43.6312,3655.77136,-0.03862,75.00163,9.868409316430524,3.6762421238465057,26.999999539429652
12.64488,21.97704,43.62939,3650.26913,0.00082,75.12024,9.841222016814672,3.6661141393986956,26.999999539429652
12.65738,22.02546,43.63133,3644.77361,0.03954,75.2387,9.808946073203577,3.6540905011723757,26.999999539429652
12.66977,22.07383,43.63691,3639.28779,0.07743,75.35694,9.771765570793884,3.6402397857468696,26.999999539429652
12.68203,22.12216,43.64605,3633.81458,0.11439,75.47491,9.729882875466922,3.6246373797375386,26.999999539429652
12.69419,22.17045,43.65864,3628.3568,0.15031,75.59257,9.683516878912865,3.607364826058361,26.999999539429652
12.70623,22.21869,43.67457,3622.91715,0.1851,75.70986,9.632901159164163,3.588509138672232,26.999999539429652
12.71815,22.26688,43.69371,3617.49825,0.21868,75.82675,9.578282082695974,3.5681620955734363,26.999999539429652
12.72996,22.31503,43.71594,3612.10257,0.25096,75.94318,9.519916873925034,3.5464195196251955,26.999999539429652
12.74166,22.36314,43.74113,3606.73248,0.28185,76.05911,9.458071677067647,3.5233805565507557,26.999999539429652
12.75324,22.4112,43.76912,3601.39021,0.31128,76.17451,9.393019634043808,3.4991469589021107,26.999999539429652
12.76472,22.45921,43.79977,3596.07785,0.33919,76.28934,9.325039000429873,3.4738223842028,26.999999539429652
12.77608,22.50718,43.83293,3590.79736,0.36552,76.40357,9.25441131950605,3.447511714732549,26.999999539429652
12.78734,22.55511,43.86844,3585.55053,0.3902,76.51716,9.18141967220987,3.4203204055888956,26.999999539429652
12.79848,22.60298,43.90613,3580.33905,0.41318,76.6301,9.10634701842846,3.3923538667749193,26.999999539429652
12.80952,22.65082,43.94584,3575.16442,0.43442,76.74235,9.029474642583784,3.3637168841388387,26.999999539429652
12.82045,22.6986,43.9874,3570.02803,0.45388,76.8539,8.951080713915538,3.3345130830415135,26.999999539429652
12.83128,22.74635,44.03062,3564.9311,0.47152,76.96473,8.87143896940695,3.304844437711651,26.999999539429652
12.842,22.79404,44.07535,3559.87473,0.48732,77.07481,8.79081752485235,3.27481082833719,26.999999539429652
12.85261,22.8417,44.1214,3554.85984,0.50126,77.18415,8.70947781727086,3.244509647086573,26.999999539429652
12.86312,22.8893,44.16859,3549.88726,0.51331,77.29272,8.627673679771563,3.214035453471687,26.999999539429652
12.87353,22.93687,44.21675,3544.95765,0.52347,77.40053,8.545650547962747,3.183479678714418,26.999999539429652
12.88384,22.98438,44.26569,3540.07154,0.53173,77.50757,8.463644795346832,3.1529303781637794,26.999999539429652
12.89405,23.03186,44.31525,3535.22934,0.53809,77.61383,8.381883193540387,3.122472030213662,26.999999539429652
12.90416,23.07929,44.36524,3530.43135,0.54256,77.71932,8.300582491957398,3.0921853797237966,26.999999539429652
12.91417,23.12668,44.41548,3525.67772,0.54514,77.82403,8.21994911046529,3.062147323526034,26.999999539429652
12.92408,23.17402,44.46581,3520.96849,0.54584,77.92799,8.140178937725544,3.0324308353009144,26.999999539429652
12.9339,23.22132,44.51605,3516.30362,0.54468,78.03118,8.061457227298126,3.0031049268738403,26.999999539429652
12.94362,23.26858,44.56604,3511.68294,0.54169,78.13363,7.983958583139334,2.97423464281264,26.999999539429652
12.95324,23.31579,44.6156,3507.10617,0.53688,78.23534,7.907847025899913,2.945881085125359,26.999999539429652
12.96278,23.36296,44.66457,3502.57295,0.53029,78.33632,7.83327613130711,2.9181014648112176,26.999999539429652
12.97221,23.41009,44.71279,3498.08283,0.52195,78.4366,7.760389231982568,2.8909491770430855,26.999999539429652
12.98156,23.45718,44.76012,3493.63527,0.51189,78.53619,7.689319674223651,2.864473896825283,26.999999539429652
12.99082,23.50423,44.80638,3489.22966,0.50016,78.6351,7.620191121511186,2.8387216920582,26.999999539429652
12.99998,23.55123,44.85144,3484.86529,0.48679,78.73336,7.553117896916375,2.813735151093881,26.999999539429652
13.00906,23.5982,44.89516,3480.54139,0.47183,78.83098,7.488205356930661,2.789553521997483,26.999999539429652
13.01804,23.64512,44.93738,3476.25713,0.45532,78.928,7.42555028976002,2.7662128609223857,26.999999539429652
13.02694,23.692,44.97799,3472.01161,0.43731,79.02443,7.365241331588794,2.743746187179413,26.999999539429652
13.03575,23.73884,45.01684,3467.80386,0.41785,79.12029,7.307359394846284,2.722183642777414,26.999999539429652
13.04448,23.78565,45.05382,3463.63288,0.397,79.21562,7.251978103019442,2.7015526544024295,26.999999539429652
13.05312,23.83241,45.0888,3459.49758,0.3748,79.31043,7.199164227085484,2.6818780960003212,26.999999539429652
13.06167,23.87913,45.12167,3455.39685,0.35132,79.40477,7.1489781191355215,2.6631824503129873,26.999999539429652
13.07014,23.92582,45.15232,3451.32954,0.3266,79.49864,7.10147413924551,2.6454859678990235,26.999999539429652
13.07852,23.97246,45.18066,3447.29442,0.30072,79.59209,7.056701072135391,2.6288068223502083,26.999999539429652
13.08682,24.01907,45.20657,3443.29025,0.27372,79.68515,7.01470253055846,2.6131612605646666,26.999999539429652
13.09504,24.06563,45.22998,3439.31574,0.24568,79.77783,6.97551734280403,2.5985637471018,26.999999539429652
13.10317,24.11216,45.25079,3435.36957,0.21664,79.87018,6.9391799220473285,2.5850271017748465,26.999999539429652
13.11122,24.15865,45.26892,3431.45038,0.18668,79.96222,6.905720615638084,2.5725626297700677,26.999999539429652
13.11919,24.2051,45.2843,3427.55678,0.15585,80.05399,6.875166032700658,2.561180243686415,26.999999539429652
13.12708,24.25152,45.29687,3423.68736,0.12423,80.14552,6.8475393487299225,2.5508885770055127,26.999999539429652
13.13489,24.29789,45.30655,3419.84066,0.09187,80.23683,6.822860586076325,2.5416950885797225,26.999999539429652
13.14265,24.34422,45.31413,3416.013,0.0775,80.25021,6.800339557784182,2.5333054129769814,0.0
13.15039,24.39051,45.32039,3412.20126,0.06245,80.26359,6.779200750986259,2.5254306512492746,0.0
13.15811,24.43674,45.32527,3408.40484,0.04675,80.27696,6.759483111559096,2.5180853117603386,0.0
13.16581,24.48293,45.32872,3404.62309,0.03045,80.29033,6.741222487671307,2.5112827488962077,0.0
13.17349,24.52907,45.33069,3400.85533,0.01356,80.3037,6.724451821372696,2.505035234437187,0.0
13.18115,24.57516,45.33112,3397.10087,-0.00386,80.31706,6.709201218445417,2.499353983579262,0.0
13.1888,24.6212,45.32999,3393.35899,-0.02178,80.33042,6.69549801631364,2.4942491802322277,0.0
13.19642,24.6672,45.32724,3389.62892,-0.04016,80.34378,6.6833668491389435,2.489730001269435,0.0
13.20403,24.71315,45.32285,3385.90989,-0.05896,80.35714,6.672829709297729,2.4858046394297473,0.0
13.21162,24.75905,45.31678,3382.20113,-0.07814,80.37049,6.663906004524371,2.482480324604868,0.0
13.21918,24.80491,45.309,3378.50179,-0.09766,80.38385,6.656612610113096,2.4797633432859114,0.0
13.22674,24.85072,45.29949,3374.81106,-0.11748,80.39719,6.65096391561629,2.477659055959754,0.0
13.23427,24.89648,45.28824,3371.12809,-0.13756,80.41054,6.646971865580089,2.4761719122841117,0.0
13.24178,24.9422,45.27521,3367.45199,-0.15785,80.42389,6.644645993954565,2.4753054639062375,0.0
13.24927,24.98786,45.2604,3363.7819,-0.17831,80.43723,6.643993451846428,2.475062374801541,0.0
13.25675,25.03349,45.2438,3360.1169,-0.19891,80.45057,6.645019028412054,2.47544442905678,0.0
13.26421,25.07906,45.2254,3356.4561,-0.21959,80.4639,6.647725164729621,2.476452536037806,0.0
13.27165,25.12459,45.20521,3352.79856,-0.24031,80.47724,6.6521119605852395,2.478086732917569,0.0
13.27907,25.17007,45.18322,3349.14335,-0.26104,80.49057,6.658177174160775,2.4803461845598296,0.0
13.28647,25.21551,45.15944,3345.48954,-0.28172,80.5039,6.665916214702589,2.483229180788067,0.0
13.29385,25.2609,45.13387,3341.83617,-0.30232,80.51722,6.675322128335329,2.4867331311007455,0.0
13.30122,25.30624,45.10654,3338.18229,-0.32279,80.53055,6.686385577213865,2.4908545569048592,0.0
13.30857,25.35154,45.07746,3334.52693,-0.34308,80.54387,6.699094812333142,2.495589081386891,0.0
13.31589,25.39679,45.04665,3330.86914,-0.36317,80.55718,6.713435640354148,2.5009314171546104,0.0
13.32321,25.442,45.01413,3327.20794,-0.383,80.5705,6.729391384900306,2.5068753518189606,0.0
13.3305,25.48716,44.97994,3323.54236,-0.40253,80.58381,6.7469428428411815,2.513413731708588,0.0
13.33777,25.53227,44.9441,3319.87145,-0.42172,80.59712,6.7660682361629725,2.5205384439403393,0.0
13.34503,25.57733,44.90664,3316.19424,-0.44053,80.61043,6.786743160097666,2.5282403970960012,0.0
13.35227,25.62235,44.86762,3312.50976,-0.45892,80.62373,6.808940528266107,2.5365095007866523,0.0
13.35949,25.66732,44.82706,3308.81707,-0.47685,80.63703,6.832630515667897,2.5453346444149014,0.0
13.36669,25.71225,44.78502,3305.11521,-0.49428,80.65033,6.85778050040627,2.55470367546587,0.0
13.37387,25.75712,44.74154,3301.40325,-0.51117,80.66362,6.884355005148701,2.5646033776997275,0.0
13.38104,25.80195,44.69668,3297.68027,-0.52748,80.67691,6.912315639358545,2.5750194496314567,0.0
13.38818,25.84673,44.65049,3293.94534,-0.54319,80.6902,6.941621043431347,2.5859364837201633,0.0
13.39531,25.89147,44.60302,3290.19758,-0.55824,80.70348,6.972226835926918,2.597337946711629,0.0
13.40242,25.93616,44.55434,3286.43609,-0.57262,80.71676,7.004085565145103,2.6092061615990185,0.0
13.40952,25.9808,44.50451,3282.66002,-0.58627,80.73003,7.037146666357887,2.6215222916907073,0.0
13.41659,26.02539,44.45359,3278.86852,-0.59918,80.74331,7.071356426056711,2.6342663272914693,0.0
13.42365,26.06993,44.40166,3275.06078,-0.61132,80.75657,7.106657954619575,2.6474170755202535,0.0
13.43068,26.11442,44.34879,3271.236,-0.62265,80.76984,7.142991168817933,2.6609521537935428,0.0
13.4377,26.15887,44.29504,3267.3934,-0.63314,80.7831,7.180292785628583,2.674847987520117,0.0
13.44471,26.20326,44.2405,3263.53227,-0.64277,80.79635,7.218496328791781,2.6890798125441253,0.0
13.45169,26.24761,44.18524,3259.65188,-0.65152,80.8096,7.257532149567907,2.703621682877492,0.0
13.45865,26.29191,44.12933,3255.75157,-0.65936,80.82285,7.297327463118064,2.7184464842526426,0.0
13.4656,26.33615,44.07286,3251.8307,-0.66627,80.83609,7.337806401873212,2.7335259540039134,0.0
13.47253,26.38035,44.01592,3247.88868,-0.67223,80.84933,7.378890087211033,2.748830707769071,0.0
13.47944,26.4245,43.95858,3243.92494,-0.67723,80.86256,7.4204967206753745,2.7643302734709496,0.0
13.48633,26.46859,43.90092,3239.93898,-0.68126,80.87578,7.462541695847443,2.779993132992422,0.0
13.49321,26.51264,43.84304,3235.93031,-0.68429,80.889,7.504937731872818,2.7957867719187184,0.0
13.50006,26.55663,43.78501,3231.89853,-0.68633,80.90222,7.547595029484409,2.811677737660086,0.0
13.5069,26.60057,43.72693,3227.84325,-0.68735,80.91543,7.590421450183903,2.827631706201593,0.0
13.51372,26.64446,43.66887,3223.76414,-0.68737,80.92864,7.633322719056932,2.8436135576571155,0.0
13.52052,26.6883,43.61093,3219.66095,-0.68637,80.94183,7.676202651483741,2.859587460725027,0.0
13.5273,26.73208,43.55319,3215.53344,-0.68435,80.95503,7.718963403720358,2.8755169660362716,0.0
13.53406,26.77581,43.49574,3211.38145,-0.68132,80.96821,7.761505747148006,2.8913651083194942,0.0
13.54081,26.81949,43.43866,3207.20489,-0.67729,80.9814,7.8037293656263245,2.9070945171729323,0.0
13.54753,26.86311,43.38204,3203.0037,-0.67225,80.99457,7.845533175174708,2.9226675361541323,0.0
13.55424,26.90668,43.32595,3198.77789,-0.66623,81.00774,7.886815664832122,2.9380463497591944,0.0
13.56093,26.9502,43.27048,3194.52753,-0.65922,81.0209,7.927475257303575,2.9531931177730746,0.0
13.5676,26.99366,43.21571,3190.25275,-0.65126,81.03405,7.967410687660107,2.9680701163452943,0.0
13.57425,27.03707,43.16172,3185.95375,-0.64236,81.0472,8.00652139807846,2.9826398850408555,0.0
13.58089,27.08041,43.10858,3181.63078,-0.63254,81.06034,8.044707946253599,2.9968653789846464,0.0
13.5875,27.12371,43.05637,3177.28414,-0.62183,81.07347,8.08187242494145,3.0107101251521575,0.0
13.5941,27.16695,43.00516,3172.91422,-0.61024,81.0866,8.117918889710014,3.024138381718017,0.0
13.60067,27.21013,42.95502,3168.52145,-0.59782,81.09972,8.15275379182639,3.037115299317804,0.0
13.60723,27.25325,42.906,3164.10633,-0.58459,81.11283,8.186286412944268,3.0496070829805757,0.0
13.61377,27.29632,42.85819,3159.66939,-0.57059,81.12593,8.218429298133877,3.061581153443913,0.0
13.6203,27.33933,42.81163,3155.21126,-0.55585,81.13903,8.249098683609462,3.0730063064936672,0.0
13.6268,27.38228,42.76638,3150.7326,-0.54042,81.15212,8.278214915469077,3.0838528689555407,0.0
13.63328,27.42518,42.72249,3146.23413,-0.52434,81.1652,8.305702855704654,3.0940928499445293,0.0
13.63975,27.46801,42.68002,3141.71661,-0.50765,81.17827,8.331492271738082,3.103700085977355,0.0
13.64619,27.51079,42.639,3137.18086,-0.49039,81.19133,8.35551820582185,3.1126503785839303,0.0
13.65262,27.55351,42.59948,3132.62776,-0.47262,81.20438,8.377721320768613,3.120921623100713,0.0
13.65903,27.59617,42.56149,3128.0582,-0.45438,81.21743,8.398048218601142,3.1284939273762005,0.0
13.66542,27.63877,42.52507,3123.47314,-0.43573,81.23047,8.416451728971753,3.1353497192147537,0.0
13.67179,27.68131,42.49024,3118.87356,-0.41671,81.24349,8.432891164484712,3.1414738414909125,0.0
13.67815,27.72379,42.45702,3114.26049,-0.39738,81.25651,8.447332540300087,3.1468536339576048,0.0
13.68448,27.76621,42.42545,3109.63498,-0.3778,81.26952,8.459748755853674,3.15147900094161,0.0
13.6908,27.80857,42.39552,3104.99811,-0.35802,81.28253,8.47011973681995,3.155342464228479,0.0
13.69709,27.85087,42.36724,3100.35099,-0.33809,81.29552,8.478432535943602,3.1584392006249478,0.0
13.70337,27.89311,42.34063,3095.69472,-0.31808,81.3085,8.48468139175523,3.1607670638320706,0.0
13.70963,27.93529,42.31568,3091.03047,-0.29804,81.32148,8.488867744681293,3.1623265904466047,0.0
13.71587,27.97741,42.29239,3086.35936,-0.27803,81.33444,8.491000210493869,3.163120990070342,0.0
13.72209,28.01946,42.27075,3081.68257,-0.2581,81.3474,8.49109451153109,3.163156119687916,0.0
13.7283,28.06146,42.25074,3077.00125,-0.23831,81.36034,8.489173366544794,3.1624404426321533,0.0
13.73448,28.10339,42.23235,3072.31656,-0.21872,81.37328,8.48526634051414,3.160984972635694,0.0
13.74065,28.14527,42.21555,3067.62967,-0.19938,81.38621,8.479409656118596,3.1588032035997133,0.0
13.7468,28.18708,42.20032,3062.94171,-0.18035,81.39912,8.471645969003875,3.1559110258745777,0.0
13.75293,28.22883,42.18661,3058.25383,-0.16168,81.41203,8.462024109275685,3.15232662995946,0.0
13.75904,28.27052,42.17441,3053.56715,-0.14342,81.42493,8.450598791994075,3.1480703986538705,0.0
13.76513,28.31215,42.16367,3048.88276,-0.12563,81.43782,8.437430299680075,3.14316478878302,0.0
13.7712,28.35372,42.15434,3044.20176,-0.10834,81.4507,8.422584140064837,3.137634203700374,0.0
13.77726,28.39522,42.14638,3039.52519,-0.09162,81.46357,8.406130682480505,3.1315048578336864,0.0
13.7833,28.43667,42.13974,3034.85408,-0.07551,81.47643,8.388144776395334,3.124804634579291,0.0
13.78932,28.47805,42.13437,3030.18943,-0.06004,81.48928,8.36870535565333,3.117562938870951,0.0
13.79532,28.51937,42.1302,3025.53218,-0.04527,81.50212,8.34789503199675,3.1098105457563054,0.0
13.8013,28.56063,42.12718,3020.88328,-0.03123,81.51495,8.32579968139759,3.101579446294456,0.0
13.80726,28.60183,42.12524,3016.24359,-0.01795,81.52777,8.30250802668218,3.092902692072647,0.0
13.81321,28.64297,42.12432,3011.61396,-0.00548,81.54059,8.278111219733502,3.0838142395656396,0.0
13.81914,28.68405,42.12435,3006.99519,0.00615,81.55339,8.252702426491055,3.074348795537242,0.0
13.82505,28.72507,42.12526,3002.38804,0.01693,81.56618,8.226376417698317,3.064541664582967,0.0
13.83094,28.76603,42.12699,2997.79321,0.02681,81.57897,8.1992291681606,3.0544285998430447,0.0
13.83681,28.80693,42.12945,2993.21137,0.03577,81.59174,8.17135746702827,3.0440456578226587,0.0
13.84267,28.84776,42.13257,2988.64313,0.0438,81.60451,8.142858541385877,3.0334290581690038,0.0
13.84851,28.88854,42.13627,2984.08904,0.05087,81.61727,8.113829695076973,3.0226150491240222,0.0
13.85433,28.92926,42.14049,2979.54964,0.05697,81.63001,8.08436796453134,3.0116397793109897,0.0
13.86013,28.96992,42.14514,2975.02537,0.06209,81.64275,8.054569792976032,3.0005391763695575,0.0
13.86592,29.01051,42.15014,2970.51665,0.06621,81.65548,8.024530724186809,2.989348832870104,0.0
13.87169,29.05105,42.15541,2966.02384,0.06932,81.6682,7.994345116646871,2.9781038998303426,0.0
13.87744,29.09153,42.16088,2961.54726,0.07143,81.68091,7.964105878706046,2.96683898805515,0.0
13.88317,29.13196,42.16646,2957.08717,0.07252,81.69361,7.933904225118969,2.9555880774406322,0.0
13.88889,29.17232,42.17208,2952.64377,0.0726,81.7063,7.9038294550316905,2.9443844342682954,0.0
13.89459,29.21262,42.17766,2948.21723,0.07167,81.71899,7.873968751348826,2.9332605364640285,0.0
13.90027,29.25287,42.18311,2943.80766,0.06973,81.73166,7.844407001135049,2.922248006692936,0.0
13.90594,29.29306,42.18838,2939.41512,0.0668,81.74433,7.815226636577057,2.9113775531134847,0.0
13.91158,29.33319,42.19337,2935.03963,0.06289,81.75699,7.786507495842643,2.900678917543845,0.0
13.91721,29.37327,42.19802,2930.68117,0.05799,81.76964,7.758326703038523,2.890180830743026,0.0
13.92283,29.41328,42.20225,2926.33964,0.05214,81.78228,7.730758566331951,2.8799109744584963,0.0
13.92842,29.45324,42.20598,2922.01493,0.04535,81.79491,7.703874493244119,2.8698959498707435,0.0
13.934,29.49315,42.20916,2917.70688,0.03763,81.80753,7.677742921976546,2.8601612520105526,0.0
13.93957,29.53299,42.21171,2913.41529,0.02901,81.82015,7.652429267631939,2.850731249724855,0.0
13.94511,29.57278,42.21356,2909.13989,0.01951,81.83275,7.627995882103162,2.841629170734322,0.0
13.95064,29.61252,42.21466,2904.8804,0.00916,81.84535,7.604502026399248,2.832877091324067,0.0
13.95616,29.65219,42.21494,2900.6365,-0.00203,81.85794,7.582003854156605,2.8244959302011434,0.0
13.96166,29.69182,42.21433,2896.40782,-0.01401,81.87052,7.560554405075797,2.816505446049571,0.0
13.96714,29.73138,42.21279,2892.19396,-0.02676,81.8831,7.540203607058285,2.8089242383263264,0.0
13.9726,29.77089,42.21026,2887.99448,-0.04024,81.89566,7.520998285828415,2.801769750845785,0.0
13.97805,29.81035,42.20669,2883.80891,-0.05444,81.90822,7.502982180860411,2.795058277712953,0.0
13.98348,29.84975,42.20203,2879.63676,-0.0693,81.92077,7.486195966485798,2.788804971186528,0.0
13.9889,29.8891,42.19623,2875.47749,-0.08479,81.93331,7.470677277094175,2.7830238510668552,0.0
13.99429,29.92839,42.18925,2871.33053,-0.10088,81.94584,7.456460735406192,2.7777278152283573,0.0
13.99968,29.96763,42.18105,2867.1953,-0.11753,81.95837,7.443577982856143,2.7729286509378444,0.0
14.00504,30.00681,42.17159,2863.07117,-0.1347,81.97088,7.432057711208783,2.7686370466326125,0.0
14.0104,30.04594,42.16085,2858.95752,-0.15234,81.98339,7.4219256945583245,2.764862603840915,0.0
14.01573,30.08501,42.14878,2854.85367,-0.17042,81.9959,7.413204821000034,2.761613848980458,0.0
14.02105,30.12404,42.13536,2850.75893,-0.1889,82.00839,7.40591512326498,2.7588982447706596,0.0
14.02635,30.163,42.12058,2846.6726,-0.20773,82.02088,7.400073807762119,2.7567222010515837,0.0
14.03164,30.20192,42.10439,2842.59393,-0.22687,82.03335,7.395695281481742,2.755091084806183,0.0
14.03691,30.24078,42.0868,2838.5222,-0.24628,82.04582,7.392791176345731,2.754009229231414,0.0
14.04217,30.27958,42.06779,2834.45663,-0.2659,82.05829,7.391370370639561,2.7534799417222175,0.0
14.04741,30.31834,42.04734,2830.39643,-0.2857,82.07074,7.391439007248645,2.7535055106650392,0.0
14.05263,30.35703,42.02545,2826.34083,-0.30563,82.08319,7.393000508509202,2.7540872109701673,0.0
14.05784,30.39568,42.00211,2822.289,-0.32565,82.09563,7.396055587548782,2.755225308296379,0.0
14.06304,30.43427,41.97732,2818.24014,-0.34571,82.10806,7.400602256078691,2.7569190619538184,0.0
14.06821,30.47281,41.9511,2814.19341,-0.36577,82.12048,7.406635828687337,2.7591667265033886,0.0
14.07338,30.5113,41.92343,2810.14797,-0.38577,82.13289,7.414148923726865,2.7619655520870405,0.0
14.07852,30.54973,41.89434,2806.103,-0.40567,82.1453,7.423131461014479,2.7653117835714576,0.0
14.08366,30.58811,41.86383,2802.05763,-0.42544,82.1577,7.433570656585914,2.7692006585935833,0.0
14.08877,30.62644,41.83193,2798.01102,-0.44502,82.17009,7.445451014866556,2.7736264046441614,0.0
14.09387,30.66471,41.79864,2793.96231,-0.46437,82.18248,7.458754318651211,2.7785822353349343,0.0
14.09896,30.70293,41.764,2789.91065,-0.48344,82.19485,7.473459617389821,2.7840603460347633,0.0
14.10403,30.7411,41.72803,2785.85519,-0.5022,82.20722,7.489543214329704,2.790051909079774,0.0
14.10908,30.77921,41.69076,2781.79508,-0.52059,82.21958,7.506978653113816,2.79654706878086,0.0
14.11412,30.81727,41.65222,2777.72947,-0.53858,82.23193,7.525736704542019,2.8035349364919027,0.0
14.11915,30.85528,41.61244,2773.65754,-0.55613,82.24427,7.5457853542139794,2.811003586006428,0.0
14.12415,30.89323,41.57147,2769.57843,-0.57319,82.2566,7.5670897918548405,2.81894004958114,0.0
14.12915,30.93113,41.52933,2765.49135,-0.58972,82.26893,7.589612403169806,2.8273303149015336,0.0
14.13413,30.96897,41.48609,2761.39548,-0.60569,82.28124,7.613312765127073,2.8361593233246696,0.0
14.13909,31.00676,41.44178,2757.29002,-0.62106,82.29355,7.638147645594035,2.8454109697436443,0.0
14.14404,31.0445,41.39644,2753.1742,-0.63579,82.30585,7.6640710082823675,2.8550681044297717,0.0
14.14897,31.08218,41.35014,2749.04726,-0.64985,82.31814,7.691034024025139,2.8651125372335953,0.0
14.15389,31.1198,41.30293,2744.90846,-0.6632,82.33043,7.718985089350761,2.8755250445041796,0.0
14.15879,31.15738,41.25485,2740.75707,-0.67582,82.3427,7.747869853397765,2.886285379115571,0.0
14.16367,31.19489,41.20596,2736.5924,-0.68767,82.35496,7.777631254180285,2.897372283976643,0.0
14.16855,31.23236,41.15633,2732.41378,-0.69872,82.36722,7.80820956519028,2.9087635093916506,0.0
14.1734,31.26976,41.10602,2728.22056,-0.70895,82.37947,7.839542453309854,2.920435834634096,0.0
14.17824,31.30712,41.05509,2724.01213,-0.71833,82.3917,7.871565048973123,2.9323650940838637,0.0
14.18307,31.34441,41.00359,2719.7879,-0.72684,82.40393,7.904210029446719,2.944526208251409,0.0
14.18788,31.38165,40.9516,2715.54732,-0.73445,82.41615,7.9374077160451035,2.9568932199930122,0.0
14.19268,31.41884,40.89919,2711.28987,-0.74116,82.42836,7.971086186004922,2.96943933618692,0.0
14.19746,31.45596,40.84641,2707.01508,-0.74694,82.44056,8.005171399647637,2.9821369751047775,0.0
14.20222,31.49303,40.79334,2702.72249,-0.75178,82.45275,8.039587343353528,2.9949578196731994,0.0
14.20697,31.53005,40.74005,2698.41171,-0.75567,82.46493,8.074256188747789,3.0078728767747838,0.0
14.21171,31.567,40.6866,2694.08238,-0.75859,82.47709,8.109098468312833,3.020852542668312,0.0
14.21643,31.6039,40.63307,2689.73416,-0.76055,82.48925,8.144033267578946,3.033866674584828,0.0
14.22113,31.64075,40.57952,2685.3668,-0.76153,82.5014,8.178978433764536,3.04688466845162,0.0
14.22582,31.67753,40.52602,2680.98005,-0.76154,82.51354,8.213850800649185,3.059875542663347,0.0
14.2305,31.71426,40.47264,2676.57374,-0.76058,82.52567,8.248566429233389,3.0728080277341245,0.0
14.23516,31.75092,40.41945,2672.14773,-0.75864,82.53779,8.283040863537302,3.0856506615892907,0.0
14.2398,31.78753,40.36652,2667.70193,-0.75574,82.54989,8.317189400720606,3.0983718901921597,0.0
14.24443,31.82408,40.31392,2663.2363,-0.75188,82.56199,8.350927374463701,3.110940173110977,0.0
14.24904,31.86057,40.2617,2658.75086,-0.74709,82.57408,8.384170450375573,3.1233240935661186,0.0
14.25364,31.897,40.20994,2654.24567,-0.74136,82.58615,8.416834931983841,3.1354924724194344,0.0
14.25822,31.93337,40.15869,2649.72084,-0.73472,82.59821,8.448838075662563,3.147414485493148,0.0
14.26279,31.96968,40.10803,2645.17654,-0.72719,82.61027,8.480098412673547,3.1590597835387073,0.0
14.26734,32.00594,40.058,2640.61297,-0.71879,82.62231,8.510536076323042,3.1703986141112748,0.0
14.27188,32.04212,40.00866,2636.03041,-0.70955,82.63434,8.540073132103652,3.1814019445562627,0.0
14.2764,32.07825,39.96008,2631.42917,-0.6995,82.64635,8.568633908488694,3.192041585238943,0.0
14.28091,32.11432,39.91231,2626.8096,-0.68866,82.65836,8.596145326038721,3.202290312145291,0.0
14.2854,32.15033,39.86538,2622.17213,-0.67707,82.67035,8.622537222291633,3.2121219879120835,0.0
14.28988,32.18627,39.81936,2617.51721,-0.66476,82.68234,8.647742669918904,3.221511680348482,0.0
14.29434,32.22215,39.77429,2612.84534,-0.65178,82.69431,8.671698285559703,3.2304357774848618,0.0
14.29879,32.25797,39.73021,2608.15707,-0.63815,82.70626,8.694344526783693,3.2388720981992667,0.0
14.30322,32.29373,39.68716,2603.45299,-0.62393,82.71821,8.715625974649392,3.2467999974778325,0.0
14.30764,32.32943,39.64517,2598.73373,-0.60916,82.73014,8.735491599385826,3.254200465388199,0.0
14.31204,32.36506,39.60428,2593.99997,-0.59388,82.74206,8.753895006882724,3.261056218903587,0.0
14.31642,32.40063,39.56452,2589.2524,-0.57814,82.75397,8.77079466372856,3.2673517857353946,0.0
14.32079,32.43614,39.52591,2584.49177,-0.56199,82.76587,8.78615409879489,3.2730735794286607,0.0
14.32515,32.47158,39.48848,2579.71885,-0.54548,82.77775,8.799942079486522,3.2782099650199,0.0
14.32949,32.50696,39.45224,2574.93444,-0.52866,82.78962,8.812132761074542,3.282751314667574,0.0
14.33381,32.54227,39.41721,2570.13936,-0.51159,82.80148,8.822705807707303,3.2866900527318776,0.0
14.33812,32.57752,39.3834,2565.33448,-0.49431,82.81333,8.83164648401358,3.290020689899317,0.0
14.34242,32.61271,39.35082,2560.52064,-0.47688,82.82516,8.838945716496998,3.292739846053756,0.0
14.3467,32.64783,39.31946,2555.69875,-0.45935,82.83698,8.844600124175434,3.2948462616903926,0.0
14.35096,32.68289,39.28935,2550.86971,-0.44179,82.84879,8.848612018284218,3.2963407978052017,0.0
14.35521,32.71788,39.26046,2546.03442,-0.42424,82.86058,8.850989371099196,3.297226424280699,0.0
14.35945,32.75281,39.23279,2541.19381,-0.40677,82.87236,8.851745754300534,3.2975081969248374,0.0
14.36367,32.78768,39.20633,2536.34881,-0.38941,82.88413,8.850900247576691,3.2971932234235837,0.0
14.36787,32.82248,39.18107,2531.50033,-0.37224,82.89588,8.848477318405058,3.296290618556048,0.0
14.37206,32.85721,39.15698,2526.64931,-0.35529,82.90762,8.844506674292038,3.2948114491500133,0.0
14.37624,32.89188,39.13406,2521.79666,-0.33864,82.91935,8.839023088941515,3.2927686693251297,0.0
14.3804,32.92648,39.11226,2516.94331,-0.32231,82.93106,8.832066204064649,3.2901770466618396,0.0
14.38454,32.96102,39.09157,2512.09015,-0.30638,82.94276,8.823680308764162,3.287053080016223,0.0
14.38867,32.9955,39.07195,2507.23807,-0.29088,82.95445,8.813914098527919,3.283414909738766,0.0
14.39279,33.02991,39.05337,2502.38794,-0.27586,82.96613,8.802820416107462,3.2792822211447943,0.0
14.39689,33.06425,39.03579,2497.54063,-0.26138,82.97779,8.790455976547165,3.2746761420805988,0.0
14.40098,33.09853,39.01918,2492.69696,-0.24747,82.98944,8.77688107880832,3.2696191354958235,0.0
14.40505,33.13275,39.00348,2487.85774,-0.23417,83.00107,8.762159306400855,3.2641348879208993,0.0
14.40911,33.1669,38.98866,2483.02376,-0.22153,83.01269,8.746357219467916,3.2582481947604482,0.0
14.41315,33.20098,38.97466,2478.19577,-0.20959,83.0243,8.729544040784326,3.2519848433194554,0.0
14.41718,33.235,38.96145,2473.37451,-0.19838,83.03589,8.711791338016731,3.245371494436804,0.0
14.42119,33.26896,38.94896,2468.56066,-0.18793,83.04748,8.693172704562835,3.2384355635894986,0.0
14.42519,33.30285,38.93714,2463.75488,-0.17828,83.05904,8.673763441189216,3.23120510229437,0.0
14.42918,33.33668,38.92594,2458.95781,-0.16946,83.0706,8.653640240540394,3.2237086805794095,0.0
14.43315,33.37044,38.9153,2454.17003,-0.16149,83.08214,8.632880876469477,3.215975271251251,0.0
14.4371,33.40414,38.90517,2449.3921,-0.15439,83.09367,8.611563899995048,3.2080341366311185,0.0
14.44104,33.43777,38.89548,2444.62453,-0.14819,83.10519,8.589768343504696,3.199914718362858,0.0
14.44497,33.47134,38.88618,2439.86779,-0.1429,83.11669,8.567573434664313,3.1916465308366164,0.0
14.44889,33.50485,38.8772,2435.12232,-0.13854,83.12818,8.54505832129646,3.183259058698805,0.0
0.0517,0.0517,58.88731,5469.693,-0.52909,45.00011,2.584268135018866,0.9627078764814516,0.0
0.10339,0.10339,58.80949,5468.3786,-0.55781,45.00028,2.611450592104756,0.9728340569594359,0.0
0.15506,0.15506,58.72762,5467.05572,-0.58613,45.00051,2.640419341039537,0.9836256781512995,0.0
0.20673,0.20673,58.64174,5465.72324,-0.61403,45.00081,2.6712034675477057,0.9950935752547084,0.0
0.25838,0.25838,58.55192,5464.38004,-0.64148,45.00117,2.7038330852907335,1.0072489664008997,0.0
0.31001,0.31002,58.45822,5463.02496,-0.66846,45.00159,2.7383392127257977,1.020103406781316,0.0
0.36164,0.36165,58.36074,5461.65681,-0.69492,45.00207,2.774753634907297,1.0336687371650355,0.0
0.41325,0.41327,58.25953,5460.2744,-0.72084,45.00261,2.813108748913563,1.0479570263161562,0.0
0.46485,0.46488,58.15468,5458.87647,-0.74619,45.00322,2.853437391535349,1.0629805068032208,0.0
0.51644,0.51647,58.04628,5457.46179,-0.77094,45.00388,2.895772647805871,1.0787515036716224,0.0
0.56801,0.56805,57.93442,5456.02905,-0.79506,45.00461,2.940147638934763,1.0952823554434203,0.0
0.61957,0.61962,57.81919,5454.57696,-0.81852,45.0054,2.986595288179046,1.1125853268981192,0.0
0.67111,0.67118,57.7007,5453.10416,-0.84127,45.00625,3.0351480631812913,1.1306725130868513,0.0
0.72264,0.72273,57.57903,5451.6093,-0.8633,45.00716,3.0858376933231186,1.1495557340391203,0.0
0.77416,0.77426,57.45432,5450.09099,-0.88456,45.00813,3.138694860693385,1.1692464196403192,0.0
0.82566,0.82578,57.32666,5448.5478,-0.90503,45.00917,3.1937488633192634,1.1897554841764484,0.0
0.87715,0.87729,57.19618,5446.9783,-0.92466,45.01026,3.251027249429036,1.2110931900873798,0.0
0.92862,0.92879,57.06299,5445.38103,-0.94343,45.01141,3.310555421639732,1.23326900051634,0.0
0.98008,0.98028,56.92724,5443.7545,-0.9613,45.01263,3.3723562101475406,1.2562914203121085,0.0
1.03153,1.03174,56.78863,5442.09789,-0.98408,44.98949,3.4366520563768743,1.2802433147580643,-26.999999539429652
1.08298,1.08316,56.64689,5440.41026,-1.00601,44.96594,3.5036805212067295,1.3052131815322372,-26.999999539429652
1.13445,1.13455,56.50212,5438.68983,-1.02704,44.94195,3.57348705908352,1.3312179536118947,-26.999999539429652
1.18592,1.18591,56.35448,5436.93481,-1.04712,44.9175,3.646114101405279,1.3582734378092416,-26.999999539429652
1.23739,1.23722,56.20409,5435.14337,-1.06624,44.89257,3.721601141457899,1.386394346412403,-26.999999539429652
1.28887,1.2885,56.05111,5433.31366,-1.08433,44.86714,3.7999841190602477,1.4155940679495411,-26.999999539429652
1.34036,1.33974,55.89568,5431.44378,-1.10137,44.84118,3.881294756124659,1.4458844196676541,-26.999999539429652
1.39185,1.39094,55.73797,5429.53182,-1.1173,44.81468,3.965559842334052,1.477275381428508,-26.999999539429652
1.44336,1.4421,55.57812,5427.57584,-1.1321,44.78761,4.052800470676949,1.5097748109253184,-26.999999539429652
1.49486,1.49322,55.41632,5425.57388,-1.14572,44.75995,4.143031223202813,1.5433881403551852,-26.999999539429652
1.54638,1.5443,55.25272,5423.52397,-1.15812,44.73168,4.236259308163114,1.578118054981443,-26.999999539429652
1.5979,1.59533,55.08752,5421.42411,-1.16925,44.70277,4.332483650540749,1.6139641543319356,-26.999999539429652
1.64943,1.64632,54.9209,5419.2723,-1.17907,44.67321,4.431693939007993,1.6509225971657766,-26.999999539429652
1.70096,1.69727,54.75305,5417.06656,-1.18755,44.64296,4.533869633475388,1.6889857317592019,-26.999999539429652
1.75251,1.74817,54.58416,5414.80489,-1.19464,44.61201,4.63897893866738,1.7281417135354833,-26.999999539429652
1.80406,1.79902,54.41444,5412.4853,-1.20031,44.58033,4.7469777505429995,1.7683741125789127,-26.999999539429652
1.85561,1.84983,54.24409,5410.10583,-1.2045,44.54791,4.857808583911257,1.8096615141433192,-26.999999539429652
1.90718,1.90058,54.07333,5407.66455,-1.20719,44.51472,4.971399491190714,1.8519771158615632,-26.999999539429652
1.95875,1.95129,53.90238,5405.15953,-1.20834,44.48073,5.087662983986663,1.8952883260046574,-26.999999539429652
2.01033,2.00194,53.73145,5402.58894,-1.2079,44.44594,5.206494970926202,1.9395563677973877,-26.999999539429652
2.06191,2.05254,53.56079,5399.95095,-1.20585,44.41032,5.327773726993772,1.9847358954686796,-26.999999539429652
2.11351,2.10308,53.39062,5397.24383,-1.20214,44.37384,5.451358911431493,2.0307746283936354,-26.999999539429652
2.16511,2.15357,53.22117,5394.46592,-1.19676,44.3365,5.5770906529754685,2.0776130103199866,-26.999999539429652
2.21672,2.20401,53.05269,5391.61563,-1.18966,44.29828,5.704788722875067,2.1251839012960216,-26.999999539429652
2.26834,2.25438,52.88543,5388.69148,-1.18083,44.25915,5.834251817589917,2.1734123104563348,-26.999999539429652
2.31997,2.30469,52.71963,5385.6921,-1.17024,44.21911,5.965256974281355,2.22221517827702,-26.999999539429652
2.3716,2.35494,52.55554,5382.61626,-1.15787,44.17815,6.097559143124426,2.271501217250632,-26.999999539429652
2.42324,2.40513,52.39341,5379.46286,-1.14371,44.13625,6.230890940982864,2.321170820123638,-26.999999539429652
2.47489,2.45526,52.2335,5376.23093,-1.12773,44.0934,6.364962611018675,2.3711160448499244,-26.999999539429652
2.52655,2.50531,52.07606,5372.91969,-1.10994,44.0496,6.499462212283579,2.4212206852185956,-26.999999539429652
2.57822,2.5553,51.92135,5369.52854,-1.09033,44.00485,6.634056062193966,2.471360435687541,-26.999999539429652
2.62989,2.60523,51.76962,5366.05705,-1.0689,43.95914,6.768389452923475,2.521403158258515,-26.999999539429652
2.68157,2.65508,51.62113,5362.50502,-1.04565,43.91247,6.902087660179612,2.5712092582729755,-26.999999539429652
2.73326,2.70485,51.47612,5358.87246,-1.0206,43.86485,7.034757259407213,2.6206321747325005,-26.999999539429652
2.78496,2.75456,51.33485,5355.15959,-0.99377,43.81628,7.1659877603010695,2.6695189891977495,-26.999999539429652
2.83666,2.80419,51.19757,5351.3669,-0.96517,43.76677,7.295353565555714,2.7177111554742965,-26.999999539429652
2.88838,2.85374,51.06451,5347.49509,-0.93484,43.71634,7.422416254045833,2.7650453501574086,-26.999999539429652
2.9401,2.90321,50.93591,5343.54515,-0.90281,43.665,7.5467271822911774,2.811354441746173,-26.999999539429652
2.99183,2.95261,50.812,5339.51832,-0.86912,43.61276,7.667830391137982,2.856468573458804,-26.999999539429652
3.04356,3.00192,50.693,5335.4161,-0.83383,43.55966,7.785265797286811,2.900216352160742,-26.999999539429652
3.0953,3.05115,50.57914,5331.24027,-0.79698,43.50572,7.898572641748102,2.9424261330050774,-26.999999539429652
3.14705,3.10029,50.47061,5326.99288,-0.75865,43.45097,8.007293159803334,2.9829273865896444,-26.999999539429652
3.19881,3.14935,50.36761,5322.67625,-0.71888,43.39543,8.110976429736391,3.0215521327107266,-26.999999539429652
3.25057,3.19832,50.27032,5318.29297,-0.67778,43.33915,8.209182350769641,3.0581364222489076,-26.999999539429652
3.30234,3.24721,50.17893,5313.84587,-0.6354,43.28217,8.301485694623407,3.092521846481578,-26.999999539429652
3.35412,3.296,50.09359,5309.33808,-0.59184,43.22452,8.387480169985496,3.124557051204779,-26.999999539429652
3.4059,3.3447,50.01445,5304.77292,-0.54719,43.16626,8.466782435409138,3.1540992316432668,-26.999999539429652
3.45769,3.39332,49.94165,5300.15398,-0.50156,43.10743,8.539035993772144,3.1810155832390232,-26.999999539429652
3.50948,3.44184,49.8753,5295.48505,-0.45504,43.04808,8.603914900676395,3.2051846831276363,-26.999999539429652
3.56128,3.49026,49.81551,5290.77013,-0.40774,42.98827,8.661127220177853,3.226497777488653,-26.999999539429652
3.61309,3.53859,49.76237,5286.01338,-0.35977,42.92805,8.710418164047251,3.244859951002791,-26.999999539429652
3.6649,3.58683,49.71596,5281.21914,-0.31125,42.86748,8.751572855318628,3.2601911563464774,-26.999999539429652
3.71671,3.63497,49.67632,5276.39188,-0.2623,42.80661,8.784418663236448,3.2724270840210834,-26.999999539429652
3.76852,3.68302,49.6435,5271.53619,-0.21304,42.74552,8.808827064535729,3.281519855728756,-26.999999539429652
3.82035,3.73097,49.61752,5266.65674,-0.16359,42.68426,8.824714995224635,3.287438527946988,-26.999999539429652
3.87217,3.77882,49.59839,5261.75828,-0.11408,42.62289,8.832045667322387,3.2901693961849934,-26.999999539429652
3.924,3.82657,49.58609,5256.84558,-0.06462,42.56148,8.830828836063514,3.2897160945243056,-26.999999539429652
3.97583,3.87423,49.58059,5251.92345,-0.01535,42.50009,8.821120514513765,3.2860994893057103,-26.999999539429652
4.02766,3.92179,49.58185,5246.99665,0.03361,42.43878,8.803022144054834,3.279357370112972,-26.999999539429652
4.07949,3.96925,49.5898,5242.06994,0.08214,42.37761,8.776679240345748,3.269543945357826,-26.999999539429652
4.13133,4.01662,49.60436,5237.14799,0.13013,42.31665,8.742279544852178,3.2567291536760092,-26.999999539429652
4.18316,4.06389,49.62545,5232.23539,0.17745,42.25595,8.700050721568036,3.2409978058954545,-26.999999539429652
4.235,4.11106,49.65294,5227.33664,0.22399,42.19558,8.65025764670943,3.2224485753759753,-26.999999539429652
4.28684,4.15814,49.68671,5222.45609,0.26965,42.13558,8.593199345980484,3.2011928570601964,-26.999999539429652
4.33868,4.20512,49.72662,5217.59794,0.31431,42.07601,8.529205639056135,3.1773535174551113,-26.999999539429652
4.39051,4.25201,49.77252,5212.76624,0.35788,42.01692,8.458633554366251,3.151063559044827,-26.999999539429652
4.44235,4.2988,49.82425,5207.96484,0.40027,41.95837,8.381863578904383,3.1224647232456584,-26.999999539429652
4.49419,4.3455,49.88161,5203.19742,0.44137,41.9004,8.299295807746105,3.0917060560003917,-26.999999539429652
4.54602,4.39211,49.94443,5198.46743,0.48112,41.84304,8.211346056367152,3.0589424595145016,-26.999999539429652
4.59786,4.43862,50.0125,5193.77811,0.51943,41.78635,8.118441995819664,3.0243332525076108,-26.999999539429652
4.64969,4.48505,50.08561,5189.13248,0.55623,41.73036,8.021019366517363,2.9880407597488547,-26.999999539429652
4.70152,4.53139,50.16355,5184.53335,0.59145,41.67511,7.919518321143362,2.9502289496938037,-26.999999539429652
4.75334,4.57764,50.24609,5179.98326,0.62505,41.62062,7.81437994109856,2.911062136769846,-26.999999539429652
4.80517,4.6238,50.33299,5175.48455,0.65696,41.56692,7.706042964316097,2.870703762400964,-26.999999539429652
4.85699,4.66987,50.42403,5171.03931,0.68714,41.51404,7.594940755403271,2.8293152663058843,-26.999999539429652
4.90881,4.71587,50.51895,5166.64943,0.71555,41.462,7.48149854203783,2.7870550569829837,-26.999999539429652
4.96062,4.76177,50.61752,5162.31653,0.74216,41.41081,7.36613093475879,2.744077587767105,-26.999999539429652
5.01243,4.8076,50.71947,5158.04205,0.76695,41.3605,7.249239740688232,2.7005325423834035,-26.999999539429652
5.06424,4.85335,50.82456,5153.82719,0.78988,41.31108,7.131212075622056,2.656564131651484,-26.999999539429652
5.11604,4.89902,50.93253,5149.67295,0.81095,41.26254,7.012418773367964,2.612310500921938,-26.999999539429652
5.16784,4.94461,51.04313,5145.58014,0.83014,41.21491,6.89321308625285,2.5679032459811637,-26.999999539429652
5.21963,4.99012,51.1561,5141.54936,0.84746,41.16819,6.773929666499841,2.523467033587504,-26.999999539429652
5.27142,5.03556,51.27118,5137.58105,0.86289,41.12237,6.6548838146069995,2.479119321472543,-26.999999539429652
5.3232,5.08093,51.38812,5133.67547,0.87646,41.07746,6.536370978035931,2.4349701715894208,-26.999999539429652
5.37498,5.12622,51.50668,5129.83271,0.88815,41.03345,6.418666481349534,2.39112214958204,-26.999999539429652
5.42675,5.17145,51.62659,5126.05272,0.898,40.99034,6.302025467444143,2.3476703028925003,-26.999999539429652
5.47851,5.2166,51.74761,5122.3353,0.90601,40.94812,6.186683028556232,2.304702209564537,-26.999999539429652
5.53028,5.26169,51.86949,5118.68014,0.9122,40.90678,6.072854505393194,2.262298089677609,-26.999999539429652
5.58203,5.30671,51.992,5115.08679,0.9166,40.86632,5.9607359327574185,2.220530971353592,-26.999999539429652
5.63378,5.35167,52.11489,5111.55468,0.91924,40.82672,5.850504610522483,2.179466903460435,-26.999999539429652
5.68552,5.39656,52.23793,5108.08317,0.92014,40.78797,5.742319779619791,2.1391652074349663,-26.999999539429652
5.73726,5.4414,52.3609,5104.6715,0.91933,40.75005,5.6363233837393905,2.0996787610364915,-26.999999539429652
5.78899,5.48617,52.48357,5101.31885,0.91685,40.71295,5.5326408986946864,2.061054307306973,-26.999999539429652
5.84072,5.53088,52.60571,5098.0243,0.91274,40.67665,5.431382212811196,2.0233327825389997,-26.999999539429652
5.89244,5.57554,52.72713,5094.78689,0.90702,40.64114,5.33264254316596,1.986549657599083,-26.999999539429652
5.94415,5.62013,52.8476,5091.60558,0.89975,40.60639,5.2365033740380955,1.9507352875251733,-26.999999539429652
5.99586,5.66468,52.96692,5088.47929,0.89095,40.5724,5.143033405441934,1.915915264880216,-26.999999539429652
6.04756,5.70917,53.0849,5085.40689,0.88067,40.53913,5.052289501165386,1.8821107729213837,-26.999999539429652
6.09925,5.7536,53.20134,5082.38721,0.86895,40.50657,4.964317627132814,1.8493389351649383,-26.999999539429652
6.15094,5.79799,53.31607,5079.41906,0.85583,40.47471,4.879153772335268,1.817613158456972,-26.999999539429652
6.20262,5.84232,53.42889,5076.50121,0.84136,40.44351,4.796824845844197,1.786943467134621,-26.999999539429652
6.2543,5.8866,53.53964,5073.63239,0.82557,40.41296,4.717349544632776,1.757336826312339,-26.999999539429652
6.30597,5.93084,53.64815,5070.81134,0.80852,40.38304,4.640739188021144,1.7287974527347088,-26.999999539429652
6.35763,5.97503,53.75425,5068.03677,0.79023,40.35373,4.566998515549698,1.7013271120052311,-26.999999539429652
6.40929,6.01917,53.85779,5065.30739,0.77077,40.325,4.496126445959126,1.674925401326363,-26.999999539429652
6.46093,6.06327,53.95862,5062.62188,0.75017,40.29684,4.42811679576757,1.649590017188416,-26.999999539429652
6.51258,6.10732,54.05659,5059.97893,0.72847,40.26922,4.362958956551721,1.6253170076745824,-26.999999539429652
6.56421,6.15133,54.15156,5057.37721,0.70571,40.24213,4.300638530697237,1.6021010092946957,-26.999999539429652
6.61584,6.19529,54.24341,5054.81542,0.68195,40.21554,4.241137925814066,1.5799354684205786,-26.999999539429652
6.66747,6.23922,54.33201,5052.29223,0.65723,40.18943,4.184436908464398,1.5588128475642722,-26.999999539429652
6.71909,6.2831,54.41723,5049.80631,0.63158,40.16379,4.13051311817141,1.5387248168598213,-26.999999539429652
6.7707,6.32694,54.49896,5047.35636,0.60504,40.13858,4.079342542955221,1.519662431212926,-26.999999539429652
6.8223,6.37075,54.57709,5044.94105,0.57767,40.1138,4.03089995784245,1.501616293657294,-26.999999539429652
6.8739,6.41451,54.65152,5042.55908,0.5495,40.08941,3.985159327962705,1.4845767055186851,-26.999999539429652
6.92549,6.45824,54.72214,5040.20914,0.52057,40.0654,3.942094177940588,1.468533804023154,-26.999999539429652
6.97708,6.50193,54.78887,5037.88992,0.49093,40.04176,3.901677929370591,1.4534776880153293,-26.999999539429652
7.02866,6.54558,54.85161,5035.60014,0.46061,40.01845,3.8638842081837645,1.439398532460584,-26.999999539429652
7.08023,6.5892,54.91029,5033.33849,0.42965,39.99547,3.828687123721841,1.4262866924074895,-26.999999539429652
7.1318,6.63278,54.96482,5031.10369,0.3981,39.97278,3.7960615213076285,1.414132797076932,-26.999999539429652
7.18336,6.67632,55.01513,5028.89446,0.36599,39.95038,3.765983210050326,1.4029278347255871,-26.999999539429652
7.23492,6.71983,55.06116,5026.70951,0.33336,39.92823,3.738429167573005,1.3926632289122949,-26.999999539429652
7.28647,6.76331,55.10285,5024.54757,0.30025,39.90633,3.71337772324314,1.3833309067562498,-26.999999539429652
7.338,6.80677,55.14059,5022.40652,0.27361,39.91341,3.6905718627394144,1.3748351236603082,0.0
7.38951,6.85022,55.17478,5020.28445,0.24652,39.92054,3.6697631694774135,1.3670833379105418,0.0
7.44099,6.89366,55.20537,5018.18035,0.21902,39.92773,3.6509452998928977,1.3600731863623619,0.0
7.49244,6.9371,55.23232,5016.0932,0.19115,39.93497,3.634112069612038,1.353802365173797,0.0
7.54386,6.98053,55.25556,5014.022,0.16294,39.94226,3.619257765993106,1.348268746235494,0.0
7.59526,7.02395,55.27508,5011.96571,0.13442,39.94961,3.6063772535283487,1.3434704164356923,0.0
7.64663,7.06737,55.29083,5009.92332,0.10562,39.95701,3.595466066484842,1.3394057121713767,0.0
7.69798,7.11078,55.30278,5007.89377,0.07659,39.96446,3.586520489246152,1.336073249277662,0.0
7.7493,7.15419,55.3109,5005.87604,0.04735,39.97197,3.5795376247429296,1.3334719485199888,0.0
7.80059,7.19759,55.31518,5003.86907,0.01795,39.97953,3.574515451322007,1.3316010567793595,0.0
7.85186,7.24099,55.3156,5001.87182,-0.0116,39.98715,3.5714528683502715,1.33046016404098,0.0
7.9031,7.28438,55.31214,4999.8832,-0.04125,39.99482,3.5703497307802725,1.330049216270859,0.0
7.95431,7.32777,55.3048,4997.90216,-0.07097,40.00254,3.5712068728529553,1.3303685242456993,0.0
8.0055,7.37115,55.29357,4995.9276,-0.10073,40.01032,3.5740261210463347,1.331418768376617,0.0
8.05666,7.41453,55.27845,4993.95844,-0.13048,40.01815,3.578810296322119,1.3332009995460743,0.0
8.1078,7.4579,55.25945,4991.99357,-0.16021,40.02603,3.585563205644127,1.3357166359482602,0.0
8.15891,7.50127,55.23658,4990.03188,-0.18987,40.03397,3.594289622694398,1.3389674559053373,0.0
8.20999,7.54463,55.20985,4988.07225,-0.21943,40.04196,3.6049952576420408,1.3429555866055423,0.0
8.26105,7.58799,55.17927,4986.11354,-0.24886,40.05001,3.6176867157585235,1.3476834886862925,0.0
8.31208,7.63135,55.14488,4984.15459,-0.27812,40.05811,3.6323714446091397,1.3531539365616172,0.0
8.36309,7.6747,55.1067,4982.19425,-0.30718,40.06626,3.64905766950233,1.3593699943753308,0.0
8.41407,7.71805,55.06476,4980.23133,-0.336,40.07446,3.667754316810752,1.3663349874361155,0.0
8.46502,7.76139,55.0191,4978.26466,-0.36455,40.08272,3.6884709247378025,1.374052468975702,0.0
8.51595,7.80473,54.96975,4976.29302,-0.39279,40.09104,3.71121754104465,1.3825261820494978,0.0
8.56685,7.84807,54.91677,4974.31519,-0.42069,40.0994,3.736004607228056,1.3917600163897792,0.0
8.61773,7.8914,54.8602,4972.32995,-0.44821,40.10782,3.7628428285864195,1.401757960001873,0.0
8.66858,7.93473,54.8001,4970.33604,-0.47533,40.11629,3.791743029593866,1.4125240452871999,0.0
8.7194,7.97805,54.73652,4968.33221,-0.50199,40.12482,3.8227159939931155,1.4240622894736608,0.0
8.77019,8.02138,54.66953,4966.31716,-0.52816,40.13339,3.8557722889843187,1.4363766291213511,0.0
8.82096,8.06469,54.59921,4964.28961,-0.55382,40.14202,3.8909220729256275,1.4494708484859649,0.0
8.87171,8.10801,54.52561,4962.24825,-0.57892,40.1507,3.928174885954765,1.463348501519821,0.0
8.92242,8.15132,54.44882,4960.19176,-0.60343,40.15944,3.9675394229768703,1.4780128273038597,0.0
8.97311,8.19463,54.36892,4958.11879,-0.62731,40.16823,4.009023288541676,1.493466658732944,0.0
9.02377,8.23793,54.286,4956.02801,-0.65052,40.17706,4.052632733160945,1.509712324287167,0.0
9.0744,8.28123,54.20014,4953.91805,-0.67304,40.18596,4.09837237075472,1.5267515427731437,0.0
9.12501,8.32452,54.11146,4951.78754,-0.69481,40.1949,4.146244876996478,1.5445853109496461,0.0
9.17558,8.36781,54.02004,4949.63509,-0.7158,40.20389,4.196250668498027,1.5632137840155338,0.0
9.22613,8.4111,53.92599,4947.45931,-0.73598,40.21294,4.248387562923067,1.5826361489931142,0.0
9.27665,8.45438,53.82942,4945.2588,-0.75531,40.22203,4.302650420342601,1.6028504911235963,0.0
9.32714,8.49766,53.73046,4943.03216,-0.77376,40.23118,4.35903076635564,1.6238536534696375,0.0
9.37761,8.54093,53.62921,4940.77798,-0.79128,40.24038,4.4175163977893375,1.6456410900282674,0.0
9.42804,8.5842,53.5258,4938.49485,-0.80784,40.24963,4.478090972085577,1.6682067127665887,0.0
9.47844,8.62746,53.42037,4936.18136,-0.8234,40.25893,4.540733581802328,1.6915427331123367,0.0
9.52881,8.67072,53.31304,4933.8361,-0.83794,40.26827,4.605418316075754,1.715639498586978,0.0
9.57916,8.71397,53.20396,4931.45769,-0.8514,40.27767,4.672113811244103,1.7404853254012809,0.0
9.62947,8.75722,53.09326,4929.04472,-0.86377,40.28712,4.740782793327888,1.7660663280171491,0.0
9.67975,8.80046,52.98109,4926.59583,-0.875,40.29662,4.811381615498389,1.7923662468424684,0.0
9.73,8.8437,52.86761,4924.10967,-0.88506,40.30616,4.883859794193031,1.819366275421876,0.0
9.78021,8.88693,52.75296,4921.58489,-0.89392,40.31576,4.9581595480422385,1.847044888674886,0.0
9.8304,8.93015,52.63731,4919.0202,-0.90155,40.3254,5.034215344334724,1.8753776739422745,0.0
9.88055,8.97336,52.52082,4916.41431,-0.90791,40.33509,5.1119534582670045,1.9043371667949285,0.0
9.93067,9.01657,52.40366,4913.76598,-0.91299,40.34483,5.191291550800569,1.9338926937745307,0.0
9.98075,9.05977,52.28599,4911.07402,-0.91674,40.35462,5.272138271467802,1.9640102244283197,0.0
10.0308,9.10296,52.168,4908.33728,-0.91915,40.36445,5.354392892964079,1.9946522351850278,0.0
10.08082,9.14615,52.04984,4905.55465,-0.9202,40.37433,5.437944984857792,2.0257775878032813,0.0
10.1308,9.18933,51.93171,4902.72509,-0.91985,40.38426,5.522674134120101,2.057341425261581,0.0
10.18075,9.23249,51.81378,4899.84763,-0.9181,40.39423,5.608449720534651,2.0892950880925087,0.0
10.23066,9.27565,51.69624,4896.92137,-0.91492,40.40425,5.695130755269209,2.1215860542464178,0.0
10.28053,9.3188,51.57926,4893.94548,-0.91029,40.41431,5.7825657910088415,2.154157905613679,0.0
10.33037,9.36194,51.46305,4890.9192,-0.90421,40.42442,5.870592912042653,2.186950324331722,0.0
10.38017,9.40507,51.34778,4887.8419,-0.89667,40.43457,5.95903981251333,2.2198991219350592,0.0
10.42993,9.44819,51.23364,4884.71302,-0.88766,40.44477,6.047723970712666,2.2529363042849497,0.0
10.47965,9.49129,51.12082,4881.5321,-0.87717,40.45501,6.136452926747279,2.285990175007182,0.0
10.52933,9.53439,51.00951,4878.2988,-0.86522,40.46529,6.225024670180468,2.3189854798988714,0.0
10.57897,9.57747,50.89989,4875.0129,-0.85179,40.47562,6.313228143314424,2.3518435944143214,0.0
10.62858,9.62054,50.79215,4871.67429,-0.8369,40.48599,6.400843864568445,2.3844827558898136,0.0
10.67814,9.6636,50.68648,4868.28299,-0.82057,40.49641,6.487644675061434,2.416818341665229,0.0
10.72766,9.70665,50.58306,4864.83916,-0.80279,40.50686,6.573396609874715,2.4487631936523724,0.0
10.77714,9.74968,50.48206,4861.3431,-0.78361,40.51736,6.657859893691472,2.4802279892368624,0.0
10.82657,9.7927,50.38366,4857.79523,-0.76304,40.52789,6.740790058508428,2.5111216576551385,0.0
10.87596,9.8357,50.28804,4854.19613,-0.7411,40.53847,6.821939178988076,2.54135184019567,0.0
10.92531,9.87869,50.19536,4850.54653,-0.71783,40.54909,6.901057218795954,2.570825391745019,0.0
10.97462,9.92166,50.10579,4846.8473,-0.69328,40.55975,6.977893478918698,2.5994489203244178,0.0
11.02388,9.96462,50.01948,4843.09946,-0.66747,40.57045,7.052198136649857,2.6271293604024835,0.0
11.07309,10.00756,49.93658,4839.30419,-0.64046,40.58119,7.123723861640512,2.653774574916591,0.0
11.12226,10.05049,49.85724,4835.4628,-0.6123,40.59196,7.19222749319416,2.6792939801093496,0.0
11.17138,10.0934,49.7816,4831.57676,-0.58303,40.60278,7.257471760979968,2.7035991865395648,0.0
11.22046,10.13629,49.70979,4827.6477,-0.55273,40.61363,7.319227029530314,2.7266046489534763,0.0
11.26949,10.17916,49.64193,4823.67736,-0.52145,40.62453,7.377273045386628,2.7482283171425492,0.0
11.31847,10.22202,49.57813,4819.66765,-0.48927,40.63546,7.431400664584152,2.768392279477001,0.0
11.3674,10.26485,49.51849,4815.62057,-0.45624,40.64642,7.481413537437071,2.7870233905325956,0.0
11.41628,10.30767,49.46312,4811.53829,-0.42245,40.65743,7.527129727289917,2.8040538741181287,0.0
11.46512,10.35047,49.41209,4807.42305,-0.38797,40.66847,7.568383240018978,2.819421893054951,0.0
11.5139,10.39325,49.36549,4803.27725,-0.35289,40.67955,7.605025441818696,2.8330720773396987,0.0
11.56264,10.43601,49.32336,4799.10334,-0.31728,40.69066,7.6369263439204635,2.844956002735858,0.0
11.61132,10.47875,49.28578,4794.90388,-0.28123,40.70181,7.663975734594298,2.8550326124741643,0.0
11.65995,10.52147,49.25277,4790.68152,-0.24483,40.713,7.686084140871588,2.863268575519633,0.0
11.70854,10.56417,49.22437,4786.43895,-0.20817,40.72422,7.703183605044015,2.869638575837842,0.0
11.75707,10.60686,49.2006,4782.17893,-0.17134,40.73548,7.715228263802952,2.8741255281395914,0.0
11.80555,10.64951,49.18147,4777.90427,-0.13443,40.74678,7.722194721198034,2.8767207168177853,0.0
11.85398,10.69215,49.16697,4773.61778,-0.09752,40.75811,7.72408220992126,2.877423856030004,0.0
11.90236,10.73477,49.15709,4769.32232,-0.06072,40.76947,7.7209125390294036,2.876243070223728,0.0
11.95069,10.77737,49.1518,4765.02075,-0.0241,40.78087,7.712729829759258,2.87319479572056,0.0
11.99896,10.81995,49.15106,4760.71589,0.01223,40.79231,7.699600044625025,2.8683036052926196,0.0
12.04718,10.8625,49.15483,4756.41059,0.04819,40.80378,7.681610318374626,2.861601958926161,0.0
12.09535,10.90503,49.16304,4752.10762,0.08369,40.81528,7.658868102487566,2.8531298851245173,0.0
12.14347,10.94755,49.17562,4747.80973,0.11865,40.82682,7.631500137796655,2.8429345981826644,0.0
12.19154,10.99004,49.1925,4743.51963,0.15298,40.8384,7.599651272195256,2.8310700577520547,0.0
12.23955,11.03251,49.21359,4739.23993,0.18661,40.85001,7.5634831425338716,2.817596477812424,0.0
12.28752,11.07496,49.23878,4734.9732,0.21945,40.86166,7.523172741303423,2.8025797927235923,0.0
12.33543,11.11739,49.26796,4730.7219,0.25144,40.87334,7.478910889891279,2.786091088473168,0.0
12.38328,11.1598,49.30102,4726.4884,0.2825,40.88506,7.430900640745702,2.7682060074407593,0.0
12.43109,11.20219,49.33783,4722.275,0.31256,40.89681,7.379355630993766,2.7490041350773327,0.0
12.47885,11.24456,49.37825,4718.08386,0.34156,40.9086,7.3244984096969095,2.728568376763893,0.0
12.52655,11.28691,49.42216,4713.91704,0.36944,40.92042,7.266558760237268,2.70698433285625,0.0
12.57421,11.32923,49.46939,4709.7765,0.39615,40.93228,7.20577203820193,2.6843396795031715,0.0
12.62181,11.37154,49.5198,4705.66406,0.42163,40.94418,7.142377543702272,2.6607235622925107,0.0
12.66936,11.41383,49.57322,4701.58143,0.44585,40.95611,7.076616945393748,2.636226009157109,0.0
12.71686,11.4561,49.62949,4697.53018,0.46874,40.96808,7.008732771506239,2.610937368243899,0.0
12.76431,11.49835,49.68845,4693.51179,0.49029,40.98008,6.938966981202772,2.5849477757074393,0.0
12.81172,11.54059,49.74993,4689.52757,0.51045,40.99212,6.867559627387233,2.5583466575705955,0.0
12.85907,11.5828,49.81373,4685.57873,0.5292,41.0042,6.794747619953069,2.5312222690021526,0.0
12.90637,11.625,49.87969,4681.66636,0.5465,41.01632,6.720763596275708,2.503661273545516,0.0
12.95363,11.66718,49.94763,4677.79141,0.56235,41.02847,6.6458349036969375,2.4757483640673703,0.0
13.00083,11.70934,50.01737,4673.95472,0.57672,41.04066,6.570182696733776,2.4475659264442293,0.0
13.04799,11.75149,50.08871,4670.15702,0.58959,41.05289,6.494021149925674,2.4191937463273088,0.0
13.0951,11.79362,50.16147,4666.3989,0.60097,41.06516,6.417556785537172,2.390708758694081,0.0
13.14217,11.83574,50.23548,4662.68086,0.61085,41.07747,6.340987913828916,2.362184839334491,0.0
13.18919,11.87783,50.31054,4659.00328,0.61922,41.08981,6.26450418230331,2.3336926369331112,0.0
13.23616,11.91992,50.38647,4655.36645,0.62609,41.1022,6.188286229234446,2.30529944399992,0.0
13.28308,11.96199,50.46309,4651.77055,0.63146,41.11462,6.112505435826899,2.2770691045429325,0.0
13.32996,12.00404,50.54021,4648.21567,0.63534,41.12708,6.037323770691811,2.2490619561314493,0.0
13.3768,12.04608,50.61766,4644.70181,0.63775,41.13958,5.962893719730891,2.2213348037760032,0.0
13.42359,12.08811,50.69525,4641.22887,0.63869,41.15213,5.889358294182368,2.193940922925685,0.0
13.47033,12.13013,50.7728,4637.7967,0.63818,41.16471,5.816851109355891,2.166930088798972,0.0
13.51703,12.17213,50.85016,4634.40503,0.63625,41.17733,5.745496526518571,2.140348629240003,0.0
13.56369,12.21412,50.92714,4631.05356,0.63291,41.19,5.675409850443644,2.1142394983106603,0.0
13.61031,12.25609,51.00357,4627.7419,0.62819,41.2027,5.606697575291412,2.088642367887686,0.0
13.65688,12.29806,51.07929,4624.46959,0.62212,41.21545,5.539457671732932,2.0635937346238125,0.0
13.70341,12.34002,51.15415,4621.23614,0.61471,41.22824,5.473779908565034,2.039127039757818,0.0
13.7499,12.38196,51.22798,4618.04097,0.60601,41.24107,5.409746202414818,2.0152727993886543,0.0
13.79634,12.4239,51.30063,4614.88348,0.59603,41.25394,5.347430989575489,1.9920587429940755,0.0
13.84275,12.46582,51.37195,4611.76299,0.58482,41.26685,5.28690161443343,1.9695099581299478,0.0
13.88911,12.50774,51.4418,4608.67881,0.5724,41.27981,5.228218729450078,1.9476490394340187,0.0
13.93544,12.54964,51.51003,4605.63018,0.55882,41.29281,5.171436702076311,1.9264962402122332,0.0
13.98172,12.59154,51.57651,4602.61632,0.5441,41.30585,5.116604024507995,1.9060696250834595,0.0
14.02797,12.63343,51.64111,4599.63641,0.52829,41.31893,5.063763722584794,1.8863852223050483,0.0
14.07417,12.67531,51.7037,4596.6896,0.51141,41.33206,5.012953760631473,1.867457174586878,0.0
14.12034,12.71719,51.76415,4593.77501,0.49351,41.34523,4.964207439418066,1.8492978873419814,0.0
14.16646,12.75905,51.82236,4590.89172,0.47463,41.35845,4.917553784832469,1.8319181734773162,0.0
14.21254,12.80093,51.87752,4588.04019,0.44332,41.41616,4.873493787549337,1.8155046652010498,28.999999505313333
14.25854,12.84284,51.92883,4585.22043,0.41121,41.47356,4.832502966505831,1.8002345058289317,28.999999505313333
14.30447,12.88478,51.97621,4582.43095,0.37837,41.53069,4.7945649144026365,1.786101583210265,28.999999505313333
14.35034,12.92675,52.01959,4579.67021,0.34485,41.58757,4.759663734524598,1.7730999754003858,28.999999505313333
14.39614,12.96874,52.05888,4576.93669,0.31068,41.64423,4.727783683272356,1.7612238174942936,28.999999505313333
14.44187,13.01077,52.09402,4574.22886,0.27593,41.70069,4.698909453274025,1.7504674070932005,28.999999505313333
14.48753,13.05283,52.12495,4571.54519,0.24064,41.75698,4.673026426864437,1.7408252987322173,28.999999505313333
14.53313,13.09492,52.1516,4568.88414,0.20486,41.81312,4.650120901345992,1.7322923877959484,28.999999505313333
14.57866,13.13704,52.17394,4566.24417,0.16864,41.86916,4.630180287358931,1.7248639844166371,28.999999505313333
14.62412,13.17919,52.19191,4563.62373,0.13202,41.9251,4.613193281593717,1.718535877814074,28.999999505313333
14.66952,13.22137,52.20547,4561.02126,0.09506,41.98098,4.599150014988053,1.7133043915028816,28.999999505313333
14.71485,13.26358,52.2146,4558.43521,0.05781,42.03683,4.588042177403526,1.7091664297378488,28.999999505313333
14.76012,13.30582,52.21926,4555.864,0.02031,42.09267,4.579863119674837,1.7061195155299513,28.999999505313333
14.80532,13.3481,52.21944,4553.30605,-0.01739,42.14852,4.574607933768335,1.7041618205075166,28.999999505313333
14.85046,13.3904,52.21511,4550.75978,-0.05523,42.20442,4.572273511651498,1.7032921868466517,28.999999505313333
14.89553,13.43273,52.20628,4548.22358,-0.09318,42.26039,4.572858583328839,1.7035101414406233,28.999999505313333
14.94054,13.4751,52.19292,4545.69584,-0.13118,42.31646,4.576363734356949,1.704815902424669,28.999999505313333
14.98548,13.51749,52.17505,4543.17495,-0.16919,42.37265,4.582791402984413,1.7072103781105392,28.999999505313333
15.03036,13.55992,52.15268,4540.65925,-0.20715,42.429,4.592145856923634,1.7106951583333958,28.999999505313333
15.07517,13.60237,52.12581,4538.1471,-0.24502,42.48552,4.604433149617444,1.7152724981599679,28.999999505313333
15.11992,13.64486,52.09447,4535.63682,-0.28275,42.54225,4.619661055705957,1.7209452938482623,28.999999505313333
15.1646,13.68738,52.05867,4533.12673,-0.32028,42.59921,4.637838985253286,1.7277170508947541,28.999999505313333
15.20921,13.72994,52.01846,4530.61512,-0.35758,42.65642,4.658977876167882,1.735591843958136,28.999999505313333
15.25376,13.77252,51.97386,4528.10027,-0.39459,42.71393,4.683090064112114,1.744574268397209,28.999999505313333
15.29824,13.81514,51.92492,4525.58044,-0.43126,42.77175,4.710189129071299,1.754669383113817,28.999999505313333
15.34266,13.85778,51.87169,4523.05385,-0.46755,42.82992,4.74028971764087,1.765882644350133,28.999999505313333
15.38701,13.90046,51.81421,4520.51872,-0.50339,42.88846,4.773407339985334,1.7782198300505327,28.999999505313333
15.4313,13.94318,51.75256,4517.97325,-0.53875,42.94739,4.809558140348106,1.791686954370469,28.999999505313333
15.47551,13.98592,51.68679,4515.41561,-0.57357,43.00676,4.84875863990962,1.8062901718843516,28.999999505313333
15.51966,14.0287,51.61698,4512.84395,-0.60779,43.06658,4.8910254507433235,1.8220356710266306,28.999999505313333
15.56374,14.07151,51.5432,4510.25638,-0.64138,43.12688,4.936374959610939,1.8389295562972088,28.999999505313333
15.60775,14.11435,51.46554,4507.65103,-0.67427,43.1877,4.984822980319186,1.856977718755175,28.999999505313333
15.6517,14.15723,51.38409,4505.02596,-0.70642,43.24907,5.036384373415228,1.8761856943453523,28.999999505313333
15.69557,14.20014,51.29895,4502.37925,-0.73777,43.31101,5.09107263206149,1.896558509625771,28.999999505313333
15.73937,14.24308,51.21021,4499.70893,-0.76828,43.37355,5.148899433048219,1.9181005145080325,28.999999505313333
15.7831,14.28606,51.11798,4497.01303,-0.79788,43.43672,5.209874152061535,1.940815201681906,28.999999505313333
15.82676,14.32907,51.02238,4494.28955,-0.82652,43.50056,5.274003342538773,1.9647050124752299,28.999999505313333
15.87035,14.37212,50.92353,4491.53648,-0.85416,43.56509,5.341290177723467,1.9897711290047133,28.999999505313333
15.91386,14.4152,50.82155,4488.7518,-0.88074,43.63035,5.4117338558381,2.0160132525871357,28.999999505313333
15.9573,14.45831,50.71658,4485.93346,-0.9062,43.69636,5.485328968740279,2.0434293685471587,28.999999505313333
16.00066,14.50146,50.60876,4483.07942,-0.9305,43.76315,5.56206483486912,2.072015497722304,28.999999505313333
16.04395,14.54465,50.49822,4480.18763,-0.95358,43.83076,5.6419247978517415,2.1017654351754183,28.999999505313333
16.08716,14.58787,50.38513,4477.25604,-0.97538,43.89922,5.724885492784623,2.1326704768651714,28.999999505313333
16.1303,14.63112,50.26963,4474.28259,-0.99586,43.96855,5.810916082919604,2.164719135291511,28.999999505313333
16.17335,14.67441,50.15189,4471.26524,-1.01497,44.03878,5.899977470287279,2.1978968454321044,28.999999505313333
16.21633,14.71774,50.03208,4468.20195,-1.03265,44.10995,5.992021484677367,2.2321856626161853,28.999999505313333
16.25922,14.7611,49.91037,4465.0907,-1.04885,44.18208,6.086990056377815,2.267563954348111,28.999999505313333
16.30203,14.8045,49.78694,4461.92951,-1.06353,44.25521,6.184814379101634,2.304006088475573,28.999999505313333
16.34476,14.84794,49.66198,4458.71639,-1.07663,44.32935,6.285414070633747,2.3414821205084735,28.999999505313333
16.3874,14.89141,49.53568,4455.44943,-1.08811,44.40454,6.388696339935633,2.3799574833434822,28.999999505313333
16.42996,14.93492,49.40822,4452.12674,-1.09792,44.48081,6.494555170572014,2.419392683069,28.999999505313333
16.47242,14.97846,49.27982,4448.74648,-1.10603,44.55818,6.6028705315932905,2.4597430049980957,28.999999505313333
16.51481,15.02204,49.15067,4445.30689,-1.11239,44.63667,6.713507628177078,2.500958234512766,28.999999505313333
16.5571,15.06566,49.02099,4441.80625,-1.11695,44.71631,6.826316205493876,2.5429823977355785,28.999999505313333
16.5993,15.10932,48.89099,4438.24294,-1.11969,44.79712,6.941129920344287,2.5857535274480075,28.999999505313333
16.6414,15.15302,48.76088,4434.61543,-1.12057,44.87912,7.057765796076341,2.6292034600327847,28.999999505313333
16.68341,15.19675,48.63089,4430.92228,-1.11956,44.96233,7.176023777090634,2.6732576695153556,28.999999505313333
16.72533,15.24052,48.50123,4427.16215,-1.11664,45.04676,7.295686399836243,2.71783514500119,28.999999505313333
16.76715,15.28433,48.37214,4423.33385,-1.11177,45.13243,7.416518597537055,2.762848317931207,28.999999505313333
16.80887,15.32817,48.24383,4419.43629,-1.10494,45.21936,7.538267655921156,2.8082030455898055,28.999999505313333
16.85049,15.37206,48.11654,4415.46854,-1.09614,45.30755,7.6606633368887165,2.8537986571744063,28.999999505313333
16.89201,15.41598,47.9905,4411.4298,-1.08535,45.39701,7.783418186342098,2.8995280684702673,28.999999505313333
16.93343,15.45994,47.86594,4407.31947,-1.07257,45.48775,7.906228041215642,2.945277970732418,28.999999505313333
16.97474,15.50394,47.74308,4403.1371,-1.0578,45.57976,8.028772749077179,2.990929098756159,28.999999505313333
17.01594,15.54798,47.62215,4398.88242,-1.04104,45.67305,8.150717111549156,3.0363565823262504,28.999999505313333
17.05703,15.59205,47.50339,4394.55536,-1.02231,45.76762,8.271712060096936,3.0814303842289954,28.999999505313333
17.09802,15.63617,47.38701,4390.15606,-1.00162,45.86345,8.391396069562052,3.1260158268305647,28.999999505313333
17.13889,15.68032,47.27323,4385.68486,-0.97899,45.96053,8.509396811150578,3.1699742078586617,28.999999505313333
17.17965,15.72451,47.16228,4381.14231,-0.95446,46.05886,8.625333042441556,3.2131635044803843,28.999999505313333
17.2203,15.76874,47.05437,4376.5292,-0.92806,46.15841,8.738816727502243,3.255439163100951,28.999999505313333
17.26083,15.81301,46.94969,4371.84655,-0.89983,46.25916,8.849455375374516,3.296654970511398,28.999999505313333
17.30125,15.85731,46.84846,4367.09558,-0.86982,46.36108,8.95685458015094,3.3366640001337657,28.999999505313333
17.34154,15.90165,46.75087,4362.27779,-0.83809,46.46415,9.060620740812617,3.375319625232245,28.999999505313333
17.38171,15.94603,46.6571,4357.39487,-0.80471,46.56833,9.16036393389424,3.412476589056507,28.999999505313333
17.42177,15.99045,46.56734,4352.44878,-0.76974,46.67359,9.25570090730667,3.4479921201193777,28.999999505313333
17.46169,16.03491,46.48174,4347.44169,-0.73325,46.77988,9.346258159072441,3.4817270791068213,28.999999505313333
17.5015,16.0794,46.40048,4342.376,-0.69534,46.88716,9.431675060902018,3.5135471224922865,28.999999505313333
17.54118,16.12393,46.3237,4337.25431,-0.65609,46.99538,9.51160698324603,3.5433238667008844,28.999999505313333
17.58073,16.16849,46.25153,4332.07948,-0.6156,47.1045,9.585728376044408,3.5709360357694986,28.999999505313333
17.62015,16.21309,46.18411,4326.85451,-0.57396,47.21445,9.653735757989084,3.5962705749258026,28.999999505313333
17.65945,16.25773,46.12154,4321.58264,-0.53129,47.32518,9.715350566668773,3.619223712342172,28.999999505313333
17.69861,16.3024,46.06392,4316.26725,-0.4877,47.43663,9.77032182277174,3.6397019516213245,28.999999505313333
17.73765,16.34711,46.01134,4310.9119,-0.44329,47.54873,9.818428563371683,3.6576229782593264,28.999999505313333
17.77655,16.39186,45.96388,4305.5203,-0.3982,47.66142,9.859482002444993,3.6729164644951275,28.999999505313333
17.81532,16.43663,45.92159,4300.09626,-0.35254,47.77463,9.8933273808745,3.68552475848562,28.999999505313333
17.85396,16.48145,45.88452,4294.64373,-0.30644,47.8883,9.919845473442793,3.6954034457003173,28.999999505313333
17.89246,16.52629,45.85269,4289.16672,-0.26003,48.00236,9.938953726385733,3.702521772689957,28.999999505313333
17.93083,16.57117,45.82612,4283.66934,-0.21344,48.11672,9.950607005848884,3.7068629259062154,28.999999505313333
17.96907,16.61608,45.80482,4278.1557,-0.16679,48.23133,9.95479794496021,3.70842416099543,28.999999505313333
18.00717,16.66102,45.78875,4272.63,-0.12023,48.34611,9.951556884915137,3.707216780851217,28.999999505313333
18.04514,16.706,45.77791,4267.09638,-0.07387,48.46098,9.940951413115664,3.703265963559157,28.999999505313333
18.08297,16.75101,45.77223,4261.55902,-0.02784,48.57588,9.923085509186738,3.6966104442654077,28.999999505313333
18.12067,16.79604,45.77167,4256.02204,0.01771,48.69074,9.89809831677997,3.6873020576412867,28.999999505313333
18.15823,16.84111,45.77615,4250.48949,0.06268,48.80548,9.866162565908303,3.675405150161413,28.999999505313333
18.19565,16.88621,45.78559,4244.96538,0.10693,48.92004,9.827482676470648,3.660995873616744,28.999999505313333
18.23295,16.93134,45.79989,4239.45359,0.15036,49.03435,9.782292578678,3.64416137316595,28.999999505313333
18.27011,16.97649,45.81893,4233.95794,0.19283,49.14835,9.730853290206351,3.6249988847611245,28.999999505313333
18.30713,17.02168,45.84259,4228.48207,0.23426,49.26198,9.67345029285436,3.603614757883748,28.999999505313333
18.34403,17.06689,45.87075,4223.02952,0.27452,49.37518,9.610390753393174,3.580123420238116,28.999999505313333
18.38079,17.11213,45.90324,4217.60368,0.31352,49.48789,9.542000634040349,3.55464630132685,28.999999505313333
18.41741,17.1574,45.93993,4212.20774,0.35116,49.60006,9.468621737705766,3.527310731727258,28.999999505313333
18.45391,17.20269,45.98063,4206.84476,0.38736,49.71164,9.390608731860276,3.498248834404091,28.999999505313333
18.49028,17.24801,46.02519,4201.51761,0.42203,49.82258,9.308326192713333,3.467596423587952,28.999999505313333
18.52652,17.29336,46.07342,4196.22896,0.4551,49.93284,9.222145708382179,3.4354919256295844,28.999999505313333
18.56263,17.33873,46.12512,4190.9813,0.4865,50.04238,9.132443076240124,3.40207533493837,28.999999505313333
18.59861,17.38413,46.1801,4185.77692,0.51616,50.15117,9.039595625468115,3.3674872165623393,28.999999505313333
18.63447,17.42955,46.23817,4180.61793,0.54404,50.25917,8.943979691478745,3.3318677653446644,28.999999505313333
18.6702,17.47499,46.29912,4175.50623,0.57007,50.36635,8.845968264292145,3.2953559298818,28.999999505313333
18.7058,17.52046,46.36274,4170.44352,0.59422,50.47269,8.745928828251232,3.258088607760582,28.999999505313333
18.74129,17.56595,46.4288,4165.43132,0.61644,50.57816,8.644221405881268,3.22019991684443,28.999999505313333
18.77665,17.61147,46.49711,4160.47096,0.63672,50.68276,8.54119681430891,3.1818205457435784,28.999999505313333
18.81189,17.657,46.56743,4155.56358,0.65502,50.78646,8.437195138465114,3.1430771850429826,28.999999505313333
18.84701,17.70256,46.63955,4150.71012,0.67133,50.88925,8.332544421511244,3.1040920394515847,28.999999505313333
18.88201,17.74814,46.71325,4145.91137,0.68563,50.99112,8.22755956947762,3.064982419751355,28.999999505313333
18.9169,17.79375,46.78831,4141.16795,0.69793,51.09207,8.122541464133029,3.025860412317843,28.999999505313333
18.95167,17.83937,46.86451,4136.4803,0.70821,51.1921,8.017776275519154,2.9868326230211624,28.999999505313333
18.98633,17.88502,46.94162,4131.8487,0.71648,51.29121,7.91353496351302,2.947999991544888,28.999999505313333
19.02087,17.93069,47.01944,4127.27332,0.72275,51.3894,7.810072956094606,2.9094576715322775,28.999999505313333
19.0553,17.97637,47.09774,4122.75414,0.72703,51.48667,7.707629990765515,2.8712949715105505,28.999999505313333
19.08962,18.02208,47.17631,4118.29104,0.72935,51.58304,7.606430104737603,2.8335953512358976,28.999999505313333
19.12383,18.06781,47.25493,4113.88375,0.72972,51.67852,7.50668175897289,2.79643646790161,28.999999505313333
19.15793,18.11356,47.33342,4109.53191,0.72817,51.77311,7.408578081068126,2.759890266618969,28.999999505313333
19.19192,18.15933,47.41155,4105.23502,0.72472,51.86684,7.3122972120110505,2.724023109593079,28.999999505313333
19.22581,18.20512,47.48912,4100.9925,0.71942,51.95972,7.218002742240158,2.6888959385666014,28.999999505313333
19.25959,18.25093,47.56596,4096.80365,0.71229,52.05176,7.12584422299332,2.654564465310577,28.999999505313333
19.29327,18.29675,47.64185,4092.66772,0.70338,52.143,7.035957739569265,2.6210793851793985,28.999999505313333
19.32685,18.3426,47.71662,4088.58382,0.69272,52.23344,6.9484665340515175,2.5884866090918743,28.999999505313333
19.36032,18.38847,47.79008,4084.55105,0.68036,52.32311,6.8634816658548905,2.556827509602172,28.999999505313333
19.3937,18.43435,47.86206,4080.56838,0.66634,52.41204,6.7811026994865315,2.526139177108903,28.999999505313333
19.42697,18.48026,47.93239,4076.63475,0.65072,52.50025,6.701418409868837,2.4964546826064686,28.999999505313333
19.46015,18.52618,48.0009,4072.74904,0.63353,52.58776,6.624507496584489,2.4678033437601288,28.999999505313333
19.49323,18.57213,48.06744,4068.91006,0.61483,52.67461,6.550439299367272,2.440210991445157,28.999999505313333
19.52621,18.61809,48.13184,4065.11659,0.59468,52.76081,6.479274508119499,2.4137002342470115,28.999999505313333
19.5591,18.66407,48.19396,4061.36734,0.57312,52.84641,6.411065861638511,2.3882907187553437,28.999999505313333
19.59189,18.71007,48.25367,4057.66101,0.5502,52.93142,6.345858830094826,2.363999383805063,28.999999505313333
19.62458,18.75609,48.31081,4053.99623,0.52599,53.01587,6.283692277068298,2.340840707102228,28.999999505313333
19.65719,18.80212,48.36527,4050.37163,0.50054,53.0998,6.224599097693959,2.3188269429501602,28.999999505313333
19.6897,18.84818,48.41692,4046.78578,0.4739,53.18324,6.168606830133576,2.2979683500386923,28.999999505313333
19.72212,18.89425,48.46565,4043.23724,0.44613,53.26621,6.115738238147018,2.2782734084673253,28.999999505313333
19.75445,18.94035,48.51134,4039.72453,0.4173,53.34875,6.0660118631029345,2.259749025383733,28.999999505313333
19.78669,18.98646,48.55388,4036.24616,0.38745,53.43089,6.019442544184718,2.2424007287741725,28.999999505313333
19.81884,19.03259,48.59319,4032.80061,0.35664,53.51266,5.976041905952374,2.2262328490931056,28.999999505313333
19.8509,19.07874,48.62916,4029.38634,0.32494,53.59409,5.935818812792866,2.211248688557913,28.999999505313333
19.88287,19.1249,48.66171,4026.00179,0.2924,53.67522,5.898779789994746,2.1974506780102705,28.999999505313333
19.91475,19.17109,48.69077,4022.64539,0.25909,53.75606,5.864929411492453,2.1848405213611044,28.999999505313333
19.94655,19.21729,48.71626,4019.31554,0.22505,53.83667,5.834270654443545,2.1734193276799387,28.999999505313333
19.97825,19.26352,48.73811,4016.01063,0.19035,53.91707,5.806805220973264,2.163187731053212,28.999999505313333
20.00988,19.30976,48.75627,4012.72904,0.15506,53.99728,5.782533827503253,2.154145998366836,28.999999505313333
20.04141,19.35602,48.77067,4009.46913,0.11922,54.07736,5.7614564621581446,2.1462941251969245,28.999999505313333
20.07286,19.4023,48.78128,4006.22923,0.08291,54.15732,5.7435726107716745,2.1396319200030143,28.999999505313333
20.10422,19.44859,48.78805,4003.00769,0.04617,54.2372,5.728881452014393,2.134159076818276,28.999999505313333
20.1355,19.49491,48.79095,3999.80282,0.00907,54.31703,5.717382022176175,2.129875236635331,28.999999505313333
20.16669,19.54124,48.78994,3996.61291,-0.02833,54.39684,5.709073350074953,2.126780037663306,28.999999505313333
20.19779,19.58759,48.78501,3993.43625,-0.06598,54.47668,5.703954562529229,2.1248731546191175,28.999999505313333
20.22881,19.63397,48.77614,3990.27112,-0.1038,54.55657,5.702024960784996,2.1241543271985135,28.999999505313333
20.25975,19.68036,48.76332,3987.11577,-0.14175,54.63654,5.70328406818346,2.12462337783355,28.999999505313333
20.2906,19.72676,48.74655,3983.96845,-0.17975,54.71663,5.707731649325498,2.1262802188318624,28.999999505313333
20.32136,19.77319,48.72583,3980.82737,-0.21776,54.79687,5.715367700872397,2.12912484894969,28.999999505313333
20.35204,19.81964,48.70117,3977.69075,-0.25571,54.87729,5.726192414068152,2.133157339430455,28.999999505313333
20.38264,19.8661,48.67258,3974.55679,-0.29354,54.95794,5.740206108979635,2.138377809507486,28.999999505313333
20.41314,19.91258,48.64009,3971.42366,-0.33118,55.03883,5.757409140390893,2.1447863913471785,28.999999505313333
20.44357,19.95909,48.60372,3968.28953,-0.36859,55.12001,5.777801775218032,2.1523831843828027,28.999999505313333
20.47391,20.00561,48.56351,3965.15255,-0.4057,55.20151,5.801384041263363,2.1611681989714513,28.999999505313333
20.50416,20.05214,48.51951,3962.01086,-0.44244,55.28336,5.828155547085201,2.1711412892907975,28.999999505313333
20.53432,20.0987,48.47175,3958.86256,-0.47876,55.3656,5.85811527275204,2.18230207538952,28.999999505313333
20.5644,20.14528,48.42029,3955.70578,-0.5146,55.44826,5.891261331218746,2.1946498542936546,28.999999505313333
20.59439,20.19187,48.36519,3952.53859,-0.54989,55.53138,5.9275907001377925,2.2081835000992247,28.999999505313333
20.62429,20.23848,48.30651,3949.35908,-0.58457,55.61498,5.967098923901665,2.2229013529751978,28.999999505313333
20.65411,20.28511,48.24433,3946.1653,-0.61859,55.69911,6.009779785849006,2.2388010970516463,28.999999505313333
20.68384,20.33176,48.17873,3942.95532,-0.65188,55.7838,6.055624950646399,2.255879627197559,28.999999505313333
20.71348,20.37843,48.10978,3939.72717,-0.68438,55.86908,6.1046235770091,2.274132904749116,28.999999505313333
20.74302,20.42512,48.03758,3936.47889,-0.71604,55.95499,6.156761901132783,2.2935558023270586,28.999999505313333
20.77248,20.47182,47.96223,3933.20852,-0.74678,56.04156,6.212022791403477,2.3141419379544224,28.999999505313333
20.80185,20.51854,47.88383,3929.91406,-0.77656,56.12882,6.270385275286194,2.3358834988101047,28.999999505313333
20.83113,20.56528,47.80248,3926.59355,-0.80531,56.21681,6.331824039545635,2.3587710550479253,28.999999505313333
20.86031,20.61204,47.71831,3923.245,-0.83296,56.30557,6.396308905407138,2.3827933642802703,28.999999505313333
20.88941,20.65881,47.63142,3919.86644,-0.85948,56.39512,6.463804280637528,2.4079371674637944,28.999999505313333
20.91841,20.70561,47.54195,3916.4559,-0.88478,56.48551,6.534268591040645,2.434186977116546,28.999999505313333
20.94731,20.75242,47.45004,3913.01143,-0.90882,56.57675,6.6076536943894055,2.461524858992236,28.999999505313333
20.97612,20.79925,47.3558,3909.53107,-0.93155,56.6689,6.683904280397947,2.489930208554081,28.999999505313333
21.00483,20.84609,47.2594,3906.01291,-0.9529,56.76197,6.762957260978839,2.519379523829566,28.999999505313333
21.03345,20.89295,47.16098,3902.45505,-0.97282,56.856,6.844741155717945,2.549846176483662,28.999999505313333
21.06197,20.93983,47.06069,3898.8556,-0.99125,56.95102,6.929175478196089,2.5813001832075,28.999999505313333
21.09038,20.98673,46.95868,3895.21274,-1.00816,57.04706,7.016170129529376,2.6137079797961857,28.999999505313333
21.1187,21.03364,46.85514,3891.52467,-1.02348,57.14416,7.105624806290532,2.6470322005839164,28.999999505313333
21.14692,21.08057,46.75021,3887.78963,-1.03716,57.24233,7.197428430689741,2.6812314661713548,28.999999505313333
21.17503,21.12752,46.64408,3884.00593,-1.04917,57.3416,7.291458611690101,2.7162601826769515,28.999999505313333
21.20305,21.17448,46.53691,3880.17193,-1.05946,57.44201,7.387581146396645,2.7520683559912413,28.999999505313333
21.23095,21.22146,46.4289,3876.28605,-1.06799,57.54357,7.485649571766344,2.788601424777021,28.999999505313333
21.25875,21.26845,46.32023,3872.34682,-1.07472,57.64631,7.585504777237517,2.825800116163613,28.999999505313333
21.28648,21.31543,46.21215,3868.35034,-1.05836,57.66802,7.685801317598952,2.863163216409048,0.0
21.31416,21.36239,46.10594,3864.29367,-1.03989,57.68975,7.785115128310376,2.900160224002681,0.0
21.3418,21.40932,46.00182,3860.17691,-1.01934,57.71149,7.883137426242535,2.936676109104291,0.0
21.36939,21.45622,45.89999,3856.00036,-0.99672,57.73324,7.979555572273512,2.972594405414934,0.0
21.39693,21.50309,45.80066,3851.76446,-0.97208,57.75501,8.074051630986176,3.007796673626345,0.0
21.42443,21.54993,45.70402,3847.46989,-0.94546,57.77679,8.166304189303412,3.0421631789104095,0.0
21.45188,21.59674,45.61027,3843.11749,-0.91691,57.79858,8.255990331025552,3.075573626486318,0.0
21.47928,21.64352,45.51958,3838.7083,-0.88649,57.82038,8.342787751153526,3.1079079492615587,0.0
21.50664,21.69026,45.43215,3834.24355,-0.85426,57.84219,8.426376990086636,3.139047140129385,0.0
21.53394,21.73697,45.34814,3829.72468,-0.82029,57.86402,8.506443764225121,3.1688741201795874,0.0
21.5612,21.78365,45.26772,3825.15331,-0.78467,57.88585,8.582681366118491,3.1972746328168986,0.0
21.58842,21.83029,45.19104,3820.53125,-0.74748,57.90769,8.654793104335855,3.2241381526768906,0.0
21.61558,21.87689,45.11825,3815.86051,-0.70881,57.92954,8.722494750734722,3.249358797297994,0.0
21.64269,21.92346,45.04947,3811.14326,-0.66876,57.9514,8.785516960870515,3.2728362287877233,0.0
21.66975,21.96999,44.98484,3806.38184,-0.62744,57.97327,8.843607632076594,3.294476532269537,0.0
21.69676,22.01648,44.92446,3801.57878,-0.58495,57.99514,8.896534163262835,3.3141930577172576,0.0
21.72373,22.06294,44.86844,3796.73673,-0.54143,58.01702,8.944085580828645,3.3319072119136175,0.0
21.75064,22.10935,44.81685,3791.85851,-0.49698,58.03891,8.986074496240487,3.347549187699385,0.0
21.7775,22.15573,44.76979,3786.94705,-0.45173,58.06081,9.022338862917643,3.3610586184595386,0.0
21.80431,22.20206,44.7273,3782.00541,-0.40582,58.08271,9.052743502873113,3.3723851468371744,0.0
21.83107,22.24836,44.68944,3777.03672,-0.35937,58.10461,9.077181377198007,3.3814888980223694,0.0
21.85778,22.29461,44.65624,3772.04424,-0.31252,58.12652,9.095574578793988,3.388340849571133,0.0
21.88443,22.34083,44.62772,3767.03127,-0.2654,58.14844,9.107875030627433,3.3929230915234574,0.0
21.91104,22.387,44.60389,3762.00117,-0.21817,58.17036,9.114064878106927,3.3952289725742575,0.0
21.93759,22.43313,44.58475,3756.95734,-0.17094,58.19228,9.114156569776407,3.3952631301336926,0.0
21.96409,22.47922,44.57026,3751.9032,-0.12387,58.21421,9.108192626314741,3.3930414042734256,0.0
21.99054,22.52526,44.5604,3746.84217,-0.0771,58.23615,9.096245103491043,3.3885906376633534,0.0
22.01694,22.57126,44.55511,3741.77766,-0.03075,58.25808,9.07841476031592,3.381948365686056,0.0
22.04328,22.61722,44.55435,3736.71304,0.01504,58.28002,9.054829948781368,3.373162402835696,0.0
22.06957,22.66314,44.55803,3731.65165,0.06013,58.30197,9.025645246262116,3.362290333251537,0.0
22.09581,22.70901,44.56607,3726.59676,0.10441,58.32392,8.991039855835771,3.3493989147951018,0.0
22.122,22.75485,44.57837,3721.55157,0.14773,58.34587,8.951215803112158,3.3345634073216655,0.0
22.14814,22.80063,44.59482,3716.5192,0.18999,58.36783,8.906395960833095,3.31786683679169,0.0
22.17422,22.84638,44.6153,3711.50264,0.23106,58.38979,8.856821934374462,3.299399207564711,0.0
22.20026,22.89208,44.63968,3706.5048,0.27085,58.41176,8.802751842272292,3.279256675586907,0.0
22.22624,22.93774,44.66781,3701.52845,0.30924,58.43373,8.744458026141384,3.257540695275531,0.0
22.25217,22.98336,44.69956,3696.57625,0.34614,58.4557,8.682224723827913,3.2343571527070303,0.0
22.27805,23.02894,44.73475,3691.6507,0.38145,58.47768,8.616345738396834,3.2098154972535244,0.0
22.30388,23.07447,44.77323,3686.75418,0.41509,58.49966,8.547122133715186,3.1840278831269533,0.0
22.32966,23.11996,44.81482,3681.88889,0.44699,58.52165,8.47485998500338,3.1571083314002433,0.0
22.35539,23.16541,44.85934,3677.0569,0.47707,58.54365,8.399868209949318,3.129171922040251,0.0
22.38107,23.21082,44.90661,3672.26012,0.50527,58.56565,8.322456502844199,3.100334024318996,0.0
22.40669,23.25619,44.95643,3667.50029,0.53154,58.58765,8.242933390864511,3.0707095727275577,0.0
22.43227,23.30152,45.00861,3662.77902,0.55581,58.60966,8.161604428193437,3.040412394238787,0.0
22.4578,23.34681,45.06296,3658.09774,0.57805,58.63168,8.078770540225053,3.0095545914798008,0.0
22.48328,23.39206,45.11926,3653.45772,0.59823,58.6537,7.9947265266595595,2.9782459850955703,0.0
22.50872,23.43727,45.17733,3648.86009,0.61631,58.67573,7.909759729126681,2.946593617403582,0.0
22.5341,23.48244,45.23694,3644.30582,0.63227,58.69777,7.824148865867897,2.9147013182823036,0.0
22.55944,23.52758,45.2979,3639.79573,0.6461,58.71982,7.738163033270023,2.882669333216178,0.0
22.58473,23.57268,45.36,3635.3305,0.65778,58.74187,7.652060871532788,2.8505940124848363,0.0
22.60997,23.61774,45.42304,3630.91067,0.66732,58.76393,7.566089889590453,2.8185675596786437,0.0
22.63516,23.66276,45.4868,3626.53665,0.67471,58.786,7.48048594254203,2.786677837027702,0.0
22.66031,23.70775,45.55108,3622.20871,0.67996,58.80808,7.395472853337823,2.755008224470137,0.0
22.68541,23.7527,45.61569,3617.927,0.68309,58.83017,7.311262169264997,2.7236375289365595,0.0
22.71047,23.79762,45.68041,3613.69156,0.68411,58.85227,7.228053042871357,2.6926399399910492,0.0
22.73548,23.84251,45.74506,3609.5023,0.68304,58.87438,7.146032226386101,2.6620850277527253,0.0
22.76044,23.88736,45.80944,3605.35903,0.67992,58.89649,7.065374168299951,2.6320377788744014,0.0
22.78537,23.93218,45.87335,3601.26146,0.67477,58.91862,6.986241200700723,2.602558666330001,0.0
22.81024,23.97696,45.93661,3597.20922,0.66763,58.94076,6.908783806007966,2.573703748780238,0.0
22.83508,24.02172,45.99903,3593.20182,0.65853,58.96292,6.833140952027026,2.5455247953890656,0.0
22.85986,24.06644,46.06044,3589.23869,0.64753,58.98508,6.759440484641796,2.5180694321120636,0.0
22.88461,24.11113,46.12066,3585.31922,0.63466,59.00725,6.68779956796978,2.491381305665773,0.0
22.90931,24.15579,46.17953,3581.44266,0.61997,59.02944,6.618325162424117,2.465500261618389,0.0
22.93397,24.20042,46.23687,3577.60826,0.60351,59.05164,6.5511145317619075,2.440462533278593,0.0
22.95859,24.24502,46.29252,3573.81514,0.58534,59.07386,6.486255770939364,2.416300938335491,0.0
22.98317,24.2896,46.34635,3570.06241,0.56551,59.09609,6.423828347288516,2.3930450804611776,0.0
23.0077,24.33414,46.39818,3566.3491,0.54408,59.11833,6.363903648268625,2.3707215533625434,0.0
23.03219,24.37866,46.4479,3562.67419,0.52111,59.14058,6.306545529786708,2.3493541450451034,0.0
23.05665,24.42315,46.49535,3559.0366,0.49666,59.16285,6.251810859728429,2.328964040292551,0.0
23.08106,24.46761,46.5404,3555.43524,0.47078,59.18513,6.199750052070247,2.3095700196375883,0.0
23.10543,24.51205,46.58295,3551.86894,0.44355,59.20743,6.1504075875162245,2.2911886533128367,0.0
23.12976,24.55646,46.62286,3548.33652,0.41503,59.22975,6.103822517212386,2.2738344888976876,0.0
23.15405,24.60084,46.66002,3544.83672,0.38529,59.25207,6.0600289466292,2.2575202315772604,0.0
23.1783,24.6452,46.69433,3541.3683,0.35438,59.27442,6.019056497188744,2.242256916110664,0.0
23.20251,24.68953,46.7257,3537.92995,0.32239,59.29678,5.980930743638097,2.2280540697640983,0.0
23.22668,24.73384,46.75402,3534.52033,0.28937,59.31915,5.945673625581493,2.2149198656174063,0.0
23.25081,24.77813,46.77922,3531.13811,0.2554,59.34154,5.913303831907196,2.2028612657732,0.0
23.2749,24.82239,46.80122,3527.78188,0.22055,59.36395,5.883837157152101,2.191884154112053,0.0
23.29896,24.86662,46.81994,3524.45023,0.18488,59.38637,5.857286829096462,2.181993458330153,0.0
23.32297,24.91084,46.83532,3521.14174,0.14847,59.40881,5.833663807079736,2.1731932610698053,0.0
23.34695,24.95503,46.84729,3517.85493,0.11139,59.43127,5.812977050732673,2.1654869000292063,0.0
23.37089,24.9992,46.85582,3514.58834,0.07371,59.45374,5.795233758930837,2.158877056978918,0.0
23.39479,25.04334,46.86085,3511.34045,0.0355,59.47623,5.780439578901888,2.1533658356598306,0.0
23.41865,25.08746,46.86233,3508.10974,-0.00316,59.49873,5.768598785502596,2.14895482856857,0.0
23.44248,25.13156,46.86025,3504.89467,-0.04222,59.52125,5.759714430733389,2.1456451726555974,0.0
23.46626,25.17564,46.85458,3501.69368,-0.08158,59.54379,5.753788463618959,2.143437593983893,0.0
23.49001,25.2197,46.84529,3498.50517,-0.12118,59.56635,5.750821820582737,2.142332441395824,0.0
23.51373,25.26373,46.83238,3495.32755,-0.16095,59.58892,5.750814486479264,2.1423297092493088,0.0
23.5374,25.30774,46.81584,3492.15919,-0.20081,59.61151,5.753765526445474,2.143429049283257,0.0
23.56104,25.35173,46.79566,3488.99847,-0.2407,59.63412,5.759673088735221,2.1456297716735064,0.0
23.58464,25.3957,46.77187,3485.84371,-0.28053,59.65674,5.768534378682896,2.1489308353335863,0.0
23.6082,25.43965,46.74447,3482.69326,-0.32024,59.67938,5.7803456039703836,2.153330827525216,0.0
23.63173,25.48357,46.71348,3479.54543,-0.35975,59.70203,5.795101891339686,2.1588279328315694,0.0
23.65522,25.52747,46.67894,3476.3985,-0.39899,59.72471,5.812797174945989,2.1654198915658505,0.0
23.67867,25.57136,46.64087,3473.25077,-0.43788,59.7474,5.833424056510845,2.173103947674676,0.0
23.70209,25.61522,46.59932,3470.1005,-0.47636,59.7701,5.856973637549504,2.181876786238345,0.0
23.72546,25.65905,46.55433,3466.94594,-0.51434,59.79282,5.883435323905965,2.1917344606549984,0.0
23.7488,25.70287,46.50597,3463.78534,-0.55177,59.81556,5.912796602991589,2.202672309656141,0.0
23.77211,25.74666,46.45429,3460.61694,-0.58856,59.83831,5.945042794149584,2.214684864310847,0.0
23.79537,25.79044,46.39935,3457.43895,-0.62464,59.86108,5.980156772744931,2.227765745241994,0.0
23.8186,25.83419,46.34124,3454.24959,-0.65995,59.88386,6.018118668679372,2.2419075503151693,0.0
23.84179,25.87791,46.28002,3451.04707,-0.6944,59.90666,6.058905540259168,2.2571017331458227,0.0
23.86495,25.92162,46.21579,3447.82959,-0.72793,59.92948,6.102491024527502,2.2733384728388875,0.0
23.88806,25.9653,46.14864,3444.59536,-0.76047,59.95231,6.148844965435332,2.2906065354726426,0.0
23.91114,26.00896,46.07867,3441.34257,-0.79195,59.97515,6.1979330215242925,2.30889312795027,0.0
23.93418,26.05259,46.00598,3438.06944,-0.8223,59.99801,6.249716255088672,2.3281837449518763,0.0
23.95719,26.0962,45.93069,3434.77418,-0.85144,60.02088,6.30415070517979,2.348462009867399,0.0
23.98015,26.13979,45.8529,3431.455,-0.87933,60.04376,6.3611869472022295,2.3697095107346047,0.0
24.00308,26.18336,45.77275,3428.11013,-0.90588,60.06666,6.420769642269807,2.391905632362336,0.0
24.02597,26.22689,45.69035,3424.73784,-0.93103,60.08957,6.4828370799880295,2.4150273860049465,0.0
24.04882,26.27041,45.60585,3421.33638,-0.95473,60.1125,6.547320718803197,2.439049238130246,0.0
24.07163,26.3139,45.51938,3417.90405,-0.9769,60.13543,6.61414472857151,2.4639429400144586,0.0
24.0944,26.35736,45.43108,3414.43917,-0.9975,60.15838,6.6832255405599135,2.489677360105694,0.0
24.11714,26.4008,45.3411,3410.9401,-1.01645,60.18134,6.754471410594635,2.516218321285289,0.0
24.13983,26.44421,45.24961,3407.40523,-1.03371,60.20431,6.827782001652271,2.5435284453719995,0.0
24.16249,26.48759,45.15674,3403.83301,-1.04923,60.22729,6.903047992665006,2.571567007391654,0.0
24.18511,26.53094,45.06267,3400.22192,-1.06294,60.25029,6.980150720835692,2.600289802330107,0.0
24.20768,26.57427,44.96757,3396.57052,-1.07482,60.27329,7.058961865174665,2.629649027242383,0.0
24.23022,26.61757,44.87159,3392.87741,-1.0848,60.2963,7.139343179369065,2.6595931817394605,0.0
24.25272,26.66083,44.77492,3389.14128,-1.09286,60.31932,7.2211462823871875,2.6900669899828897,0.0
24.27517,26.70407,44.67773,3385.36088,-1.09895,60.34234,7.304212515402971,2.7210113473853985,0.0
24.29759,26.74728,44.58019,3381.53505,-1.10305,60.36538,7.388372873715495,2.7523632952491117,0.0
24.31996,26.79046,44.4825,3377.66271,-1.10511,60.38842,7.4734480222445265,2.784056026538054,0.0
24.34229,26.8336,44.38482,3373.7429,-1.10513,60.41147,7.559248402976188,2.816018925904484,0.0
24.36459,26.87672,44.28735,3369.77473,-1.10307,60.43453,7.645574442272198,2.848177646917042,0.0
24.38684,26.9198,44.19027,3365.75746,-1.09893,60.45759,7.732216865411138,2.8804542292356516,0.0
24.40904,26.96284,44.09376,3361.69042,-1.0927,60.48065,7.818957124794644,2.9127672581295885,0.0
24.43121,27.00586,43.99801,3357.5731,-1.08437,60.50373,7.905567947339682,2.9450320683955074,0.0
24.45333,27.04883,43.9032,3353.40511,-1.07394,60.5268,7.991814005189871,2.9771609942150596,0.0
24.47541,27.09178,43.80951,3349.18618,-1.06143,60.54988,8.077452712446082,3.0090636659579983,0.0
24.49745,27.13468,43.71713,3344.9162,-1.04685,60.57296,8.162235148915096,3.0406473543028656,0.0
24.51944,27.17755,43.62624,3340.59519,-1.03022,60.59605,8.245907109933443,3.0718173613239923,0.0
24.54139,27.22038,43.537,3336.22332,-1.01157,60.61913,8.328210279283628,3.102477457433652,0.0
24.56329,27.26317,43.4496,3331.80094,-0.99092,60.64222,8.408883519973145,3.132530362231209,0.0
24.58515,27.30593,43.3642,3327.32852,-0.96834,60.66531,8.487664275367232,3.161878266461934,0.0
24.60697,27.34864,43.28096,3322.8067,-0.94385,60.6884,8.564290070748894,3.190423391387619,0.0
24.62874,27.39131,43.20004,3318.23629,-0.91752,60.71148,8.638500103046283,3.2180685810018606,0.0
24.65046,27.43394,43.1216,3313.61825,-0.88941,60.73457,8.710036904127739,3.2447179216512203,0.0
24.67214,27.47653,43.04579,3308.95369,-0.85958,60.75766,8.778648060933545,3.2702773828295677,0.0
24.69378,27.51908,42.97273,3304.2439,-0.82812,60.78074,8.844087973640057,3.294655472140474,0.0
24.71537,27.56159,42.90256,3299.49032,-0.79509,60.80382,8.9061196314109,3.317763896811258,0.0
24.73691,27.60405,42.83541,3294.69451,-0.7606,60.8269,8.964516383808427,3.339518223590366,0.0
24.7584,27.64646,42.77139,3289.85822,-0.72474,60.84998,9.019063684919157,3.3598385284799828,0.0
24.77985,27.68883,42.71061,3284.98332,-0.68759,60.87305,9.069560786669749,3.378650027540789,0.0
24.80125,27.73116,42.65316,3280.0718,-0.64928,60.89612,9.115822357626698,3.3958836799374414,0.0
24.8226,27.77344,42.59913,3275.1258,-0.60991,60.91918,9.15768000397248,3.4114767545422047,0.0
24.84391,27.81567,42.54859,3270.14757,-0.56959,60.94224,9.19498367016835,3.425373351718696,0.0
24.86517,27.85786,42.50162,3265.13947,-0.52844,60.96529,9.22760289823905,3.437524872438576,0.0
24.88638,27.9,42.45827,3260.10394,-0.48658,60.98834,9.255427926444387,3.4478904275656177,0.0
24.90754,27.94209,42.41858,3255.04354,-0.44415,61.01138,9.278370610413832,3.4564371810025825,0.0
24.92866,27.98413,42.38258,3249.96087,-0.40126,61.03441,9.296365152572655,3.4631406214216427,0.0
24.94972,28.02612,42.3503,3244.85862,-0.35805,61.05744,9.30936862871041,3.467984758425005,0.0
24.97074,28.06807,42.32175,3239.73951,-0.31466,61.08046,9.317361303916146,3.470962240239084,0.0
24.99171,28.10996,42.29692,3234.60632,-0.2712,61.10348,9.320346733562674,3.472074391333797,0.0
25.01263,28.15181,42.27581,3229.46184,-0.22781,61.12648,9.318351648690017,3.4713311697248903,0.0
25.03351,28.1936,42.25839,3224.30886,-0.18463,61.14948,9.311425628669637,3.468751045032744,0.0
25.05433,28.23534,42.24463,3219.15021,-0.14179,61.17248,9.29964056759836,3.464360799700073,0.0
25.07511,28.27704,42.23447,3213.98866,-0.09941,61.19546,9.283089944163745,3.4581952569975694,0.0
25.09584,28.31868,42.22788,3208.82699,-0.05763,61.21844,9.261887907766837,3.450296940580569,0.0
25.11652,28.36027,42.22477,3203.66792,-0.01656,61.24141,9.23616819645274,3.440715671389734,0.0
25.13715,28.40182,42.22507,3198.51414,0.02367,61.26437,9.206082904496471,3.4295081085443524,0.0
25.15773,28.44331,42.2287,3193.36826,0.06295,61.28732,9.171801119380085,3.4167372415804453,0.0
25.17827,28.48475,42.23557,3188.23283,0.10116,61.31027,9.13350744930376,3.4024718419099154,0.0
25.19875,28.52614,42.24555,3183.11033,0.13819,61.33321,9.091400463349972,3.38678588174065,0.0
25.21919,28.56748,42.25856,3178.00314,0.17395,61.35614,9.045691066794456,3.3697579288371147,0.0
25.23958,28.60876,42.27446,3172.91355,0.20833,61.37906,8.996600834084363,3.351470525510846,0.0
25.25993,28.65,42.29313,3167.84374,0.24124,61.40198,8.944360321499332,3.3320095600423105,0.0
25.28022,28.69119,42.31443,3162.7958,0.27259,61.42489,8.88920738066625,3.311463638420778,0.0
25.30047,28.73233,42.33822,3157.77168,0.30231,61.44779,8.831385492857828,3.289923463826709,0.0
25.32068,28.77342,42.36436,3152.77324,0.33032,61.47068,8.771142142440825,3.267481230698428,0.0
25.34083,28.81446,42.3927,3147.8022,0.35656,61.49357,8.708727246121091,3.244230039584568,0.0
25.36094,28.85545,42.42308,3142.86016,0.38096,61.51645,8.644391652599621,3.220263338226477,0.0
25.381,28.89639,42.45533,3137.9486,0.40347,61.53933,8.578385725234682,3.195674393562566,0.0
25.40102,28.93728,42.48931,3133.06886,0.42404,61.5622,8.510958018098053,3.170555798524422,0.0
25.42099,28.97812,42.52484,3128.22218,0.44263,61.58506,8.4423540536848,3.144999016701545,0.0
25.44091,29.01892,42.56175,3123.40964,0.45921,61.60792,8.372815208385328,3.119093967150354,0.0
25.46079,29.05967,42.59988,3118.63222,0.47376,61.63078,8.302577709801458,3.092928650868051,0.0
25.48062,29.10037,42.63906,3113.89077,0.48624,61.65363,8.231871748028395,3.0665888197217646,0.0
25.50041,29.14103,42.6791,3109.186,0.49664,61.67647,8.160920701294645,3.0401576879790495,0.0
25.52015,29.18164,42.71985,3104.51852,0.50496,61.69931,8.08994047464256,3.0137156859489846,0.0
25.53985,29.2222,42.76113,3099.88882,0.5112,61.72215,8.019138949018535,2.9873402547537795,0.0
25.55951,29.26272,42.80276,3095.29727,0.51534,61.74498,7.94871553678096,2.9611056807437883,0.0
25.57912,29.30319,42.84459,3090.74413,0.51742,61.76781,7.878860838671305,2.935082967710217,0.0
25.59869,29.34362,42.88644,3086.22957,0.51742,61.79064,7.809756396402173,2.9093397447176597,0.0
25.61822,29.38401,42.92815,3081.75363,0.51539,61.81346,7.741574534356079,2.88394020713273,0.0
25.6377,29.42435,42.96955,3077.31627,0.51133,61.83629,7.674478283378498,2.858945088234968,0.0
25.65714,29.46465,43.01048,3072.91735,0.50528,61.85911,7.608621379374438,2.834411658694025,0.0
25.67654,29.5049,43.05079,3068.55663,0.49727,61.88193,7.544148329159992,2.8103937511010963,0.0
25.69589,29.54512,43.09033,3064.2338,0.48733,61.90474,7.4811945360350585,2.786941806748072,0.0
25.71521,29.58529,43.12893,3059.94845,0.47551,61.92756,7.4198864775885385,2.764102941864642,0.0
25.73448,29.62542,43.16646,3055.70011,0.46185,61.95038,7.360341928403476,2.741921030581826,0.0
25.75371,29.66551,43.20278,3051.48822,0.44639,61.97319,7.30267022059157,2.720436801987933,0.0
25.7729,29.70557,43.23774,3047.31215,0.4292,61.99601,7.246972535400777,2.6996879487600656,0.0
25.79206,29.74558,43.27122,3043.1712,0.41031,62.01882,7.193342219491338,2.6797092449852626,0.0
25.81117,29.78555,43.30308,3039.06463,0.38979,62.04164,7.141865119889081,2.6605326709394155,0.0
25.83024,29.82548,43.3332,3034.99161,0.3677,62.06446,7.092619932048446,2.642187542749905,0.0
25.84927,29.86538,43.36147,3030.95126,0.3441,62.08728,7.045678555888287,2.6247006450283052,0.0
25.86826,29.90523,43.38777,3026.94265,0.31904,62.1101,7.001106455122825,2.608096364730618,0.0
25.88721,29.94505,43.412,3022.96481,0.29261,62.13292,6.958963015637289,2.592396824661627,0.0
25.90612,29.98483,43.43405,3019.01669,0.26486,62.15574,6.9193018990908985,2.577622015201315,0.0
25.92499,30.02457,43.45384,3015.09724,0.23586,62.17857,6.882171388348598,2.5637899229872727,0.0
25.94383,30.06428,43.47126,3011.20532,0.20568,62.20139,6.847614721730209,2.550916655431302,0.0
25.96263,30.10395,43.48624,3007.33977,0.1744,62.22422,6.8156704134300785,2.539016560084167,0.0
25.98138,30.14359,43.4987,3003.49941,0.14209,62.24705,6.786372557827831,2.5281023379993552,0.0
26.0001,30.18318,43.50856,2999.68298,0.10883,62.26989,6.759751115696943,2.5181851503533004,0.0
26.01879,30.22275,43.51577,2995.88923,0.07468,62.29273,6.735832180643729,2.5092747177009196,0.0
26.03743,30.26227,43.52026,2992.11684,0.03973,62.31557,6.714638224349417,2.5013794113347374,0.0
26.05604,30.30177,43.52198,2988.36449,0.00405,62.33841,6.696188319439407,2.4945063363095445,0.0
26.07461,30.34122,43.52088,2984.63081,-0.03227,62.36125,6.680498339036629,2.4886614057812797,0.0
26.09314,30.38065,43.51692,2980.91442,-0.06917,62.3841,6.6675811322047025,2.4838494063642202,0.0
26.11163,30.42003,43.51007,2977.21388,-0.10655,62.40696,6.65744667471984,2.480074054297485,0.0
26.13009,30.45939,43.5003,2973.52776,-0.14435,62.42981,6.650102194730311,2.477338042256486,0.0
26.14851,30.49871,43.48759,2969.85459,-0.18247,62.45267,6.64555227300501,2.4756430766981654,0.0
26.1669,30.53799,43.47192,2966.19289,-0.22085,62.47553,6.6437989176176515,2.4749899056828184,0.0
26.18524,30.57724,43.45329,2962.54114,-0.25939,62.4984,6.644841613029479,2.4753783371586913,0.0
26.20355,30.61646,43.43169,2958.89782,-0.29802,62.52127,6.648677343623622,2.4768072477291554,0.0
26.22183,30.65564,43.40712,2955.26137,-0.33665,62.54414,6.655300591891176,2.479274581976969,0.0
26.24007,30.69479,43.3796,2951.63024,-0.37521,62.56702,6.664703311535279,2.4827773424448414,0.0
26.25827,30.73391,43.34914,2948.00284,-0.41362,62.5899,6.6768748758921115,2.4873115704208937,0.0
26.27643,30.77299,43.31576,2944.37758,-0.45178,62.61278,6.691802002173462,2.4928723177170276,0.0
26.29456,30.81204,43.2795,2940.75285,-0.48963,62.63566,6.709468652144359,2.499453609668723,0.0
26.31265,30.85105,43.24038,2937.12705,-0.52708,62.65855,6.729855909977567,2.5070483996326303,0.0
26.33071,30.89003,43.19846,2933.49853,-0.56405,62.68144,6.752941838175174,2.515648515313567,0.0
26.34873,30.92898,43.15377,2929.86568,-0.60046,62.70434,6.778701312583694,2.525244597303304,0.0
26.36671,30.96789,43.10636,2926.22685,-0.63623,62.72723,6.807105837674174,2.535826030267543,0.0
26.38466,31.00677,43.05631,2922.5804,-0.67128,62.75013,6.838123343494009,2.547380867305127,0.0
26.40257,31.04561,43.00366,2918.92469,-0.70554,62.77303,6.871717965815199,2.5598957480474813,0.0
26.42045,31.08442,42.9485,2915.25809,-0.73893,62.79593,6.907849811287068,2.5733558111718238,0.0
26.43829,31.12319,42.8909,2911.57894,-0.77138,62.81884,6.946474709572573,2.587744602065412,0.0
0.04518,0.04518,52.81035,4774.55249,-0.5181,45.0001,4.628826879008907,1.7243598041959363,0.0
0.09033,0.09033,52.74451,4772.08858,-0.5356,45.00025,4.667071159500136,1.7386068049465002,0.0
0.13547,0.13547,52.67655,4769.60719,-0.55249,45.00045,4.706993604679254,1.7534789661984733,0.0
0.18057,0.18058,52.60656,4767.10722,-0.56872,45.00069,4.748574798476747,1.7689690549550932,0.0
0.22566,0.22566,52.53462,4764.58757,-0.58427,45.00099,4.791792614651264,1.785068828609282,0.0
0.27072,0.27073,52.46083,4762.04717,-0.59911,45.00133,4.836621999712919,1.8017689540768587,0.0
0.31576,0.31577,52.38528,4759.48494,-0.61321,45.00172,4.883034751467989,1.819058925298617,0.0
0.36077,0.36078,52.30805,4756.89981,-0.62655,45.00215,4.9309992944681245,1.8369269795892478,0.0
0.40576,0.40578,52.22926,4754.29073,-0.63908,45.00264,4.980480453866507,1.8553600133928043,0.0
0.45072,0.45075,52.149,4751.65666,-0.6508,45.00317,5.031439229335025,1.8743434980609053,0.0
0.49566,0.49569,52.06738,4748.99657,-0.66166,45.00374,5.083832570913358,1.893861396350618,0.0
0.54058,0.54062,51.98451,4746.30945,-0.67165,45.00436,5.137613158823951,1.913896080399746,0.0
0.58546,0.58551,51.90051,4743.59433,-0.68074,45.00503,5.192729189522357,1.9344282520249476,0.0
0.63033,0.63039,51.81548,4740.85023,-0.68891,45.00575,5.249124170398185,1.9554368662424448,0.0
0.67516,0.67523,51.72954,4738.07623,-0.69613,45.00651,5.306736725778334,1.9768990589991136,0.0
0.71997,0.72006,51.64282,4735.27142,-0.70238,45.00732,5.365500417022657,1.9987900801533953,0.0
0.76476,0.76486,51.55544,4732.43493,-0.70765,45.00817,5.425343579706443,2.0210832328214803,0.0
0.80951,0.80963,51.46752,4729.56593,-0.7119,45.00906,5.4861891809944705,2.043749820245391,0.0
0.85424,0.85438,51.37919,4726.66361,-0.71513,45.01001,5.547954700461103,2.0667591013953373,0.0
0.89892,0.89912,51.29004,4723.72827,-0.72609,45.05227,5.610982417974145,2.090238584528,23.999999590604137
0.94355,0.94386,51.19965,4720.7599,-0.73607,45.09508,5.6756303229446,2.114321630118247,23.999999590604137
0.98811,0.98861,51.10815,4717.75737,-0.74506,45.13845,5.741835578538689,2.1389848297921583,23.999999590604137
1.03261,1.03337,51.01566,4714.71958,-0.75301,45.18239,5.809528412507032,2.1642021915510226,23.999999590604137
1.07705,1.07813,50.92231,4711.64546,-0.75992,45.22691,5.878632759350957,2.189945378995179,23.999999590604137
1.12142,1.1229,50.82823,4708.53396,-0.76576,45.27202,5.949066027243346,2.216183624495907,23.999999590604137
1.16573,1.16768,50.73357,4705.3841,-0.7705,45.31773,6.020738889036681,2.242883651340414,23.999999590604137
1.20998,1.21246,50.63845,4702.19493,-0.77413,45.36406,6.093555101722196,2.270009606475632,23.999999590604137
1.25415,1.25725,50.54302,4698.96555,-0.77662,45.411,6.167411358860889,2.2975230055348743,23.999999590604137
1.29827,1.30205,50.44743,4695.69513,-0.77797,45.45858,6.2421971806329015,2.3253826918783465,23.999999590604137
1.34231,1.34686,50.3518,4692.38289,-0.77815,45.50679,6.3177948461961035,2.353544811394932,23.999999590604137
1.38629,1.39167,50.2563,4689.02811,-0.77715,45.55564,6.394079373086243,2.3819628048282113,23.999999590604137
1.43019,1.43648,50.16105,4685.63014,-0.77496,45.60515,6.470918548278363,2.4105874193476526,23.999999590604137
1.47403,1.48131,50.06622,4682.18841,-0.77157,45.6553,6.548173015412358,2.439366741042432,23.999999590604137
1.51779,1.52614,49.97195,4678.70243,-0.76698,45.70612,6.625696422436802,2.468246249922637,23.999999590604137
1.56148,1.57098,49.87839,4675.17178,-0.76118,45.75759,6.703335633561954,2.4971688988773457,23.999999590604137
1.6051,1.61583,49.78568,4671.59614,-0.75417,45.80973,6.780931009054717,2.5260752179056047,23.999999590604137
1.64865,1.66068,49.69397,4667.97526,-0.74595,45.86253,6.858316755777994,2.554903444701565,23.999999590604137
1.69212,1.70554,49.60341,4664.30901,-0.73652,45.91598,6.9353213508079685,2.583589682463066,23.999999590604137
1.73551,1.75041,49.51415,4660.59735,-0.7259,45.9701,7.01176803967209,2.6120680854983913,23.999999590604137
1.77883,1.79528,49.42632,4656.84034,-0.71409,46.02487,7.087475409937753,2.640271072903148,23.999999590604137
1.82207,1.84016,49.34008,4653.03813,-0.70111,46.08029,7.162258039898327,2.6681295702128773,23.999999590604137
1.86524,1.88505,49.25556,4649.19101,-0.68697,46.13636,7.235927221097106,2.6955732785622377,23.999999590604137
1.90832,1.92995,49.1729,4645.29937,-0.67169,46.19306,7.308291752349176,2.7225309704790437,23.999999590604137
1.95132,1.97485,49.09224,4641.36369,-0.65529,46.25038,7.379158801722081,2.748930810994741,23.999999590604137
1.99424,2.01976,49.0137,4637.38459,-0.63781,46.30832,7.448334831773059,2.7747007023196235,23.999999590604137
2.03708,2.06467,48.93742,4633.36279,-0.61926,46.36686,7.515626582107146,2.7997686498715812,23.999999590604137
2.07984,2.1096,48.86351,4629.29914,-0.59968,46.426,7.5808421021671535,2.8240631470175384,23.999999590604137
2.12251,2.15453,48.7921,4625.19459,-0.57912,46.48571,7.643791825941255,2.847513575430307,23.999999590604137
2.1651,2.19946,48.7233,4621.05022,-0.5576,46.54597,7.704289679228174,2.8700506175740053,23.999999590604137
2.20761,2.2444,48.65722,4616.86721,-0.53517,46.60677,7.7621542090689175,2.891606677447093,23.999999590604137
2.25002,2.28935,48.59397,4612.64686,-0.51187,46.6681,7.817209724075813,2.9121163053849433,23.999999590604137
2.29235,2.33431,48.53363,4608.39056,-0.48775,46.72992,7.869287433675092,2.931516622457682,23.999999590604137
2.3346,2.37927,48.4763,4604.09983,-0.46287,46.79222,7.918226573676263,2.9497477397743888,23.999999590604137
2.37675,2.42423,48.42207,4599.77628,-0.43728,46.85498,7.963875505299783,2.9667531678998276,23.999999590604137
2.41882,2.4692,48.37101,4595.42161,-0.41103,46.91816,8.006092774554917,2.9824802115005724,23.999999590604137
2.4608,2.51418,48.3232,4591.03762,-0.38418,46.98175,8.04474811903413,2.996880344402405,23.999999590604137
2.50269,2.55917,48.27868,4586.62618,-0.3568,47.04572,8.079723409460573,3.009909560341531,23.999999590604137
2.54448,2.60415,48.23753,4582.18926,-0.32894,47.11003,8.110913513922593,3.0215286949146725,23.999999590604137
2.58619,2.64915,48.19978,4577.72888,-0.30068,47.17467,8.138227073507057,3.0317037145228896,23.999999590604137
2.62781,2.69415,48.16547,4573.24714,-0.27208,47.2396,8.161587179101462,3.0404059684981752,23.999999590604137
2.66933,2.73915,48.13463,4568.74619,-0.2432,47.30479,8.18093194035371,3.04761240105594,23.999999590604137
2.71076,2.78416,48.1073,4564.22822,-0.21412,47.37021,8.196214939227026,3.053305720256152,23.999999590604137
2.7521,2.82917,48.08347,4559.69547,-0.1849,47.43583,8.207405562114163,3.0574745217246186,23.999999590604137
2.79335,2.87419,48.06315,4555.15021,-0.15562,47.50162,8.214489206285247,3.060113365560243,23.999999590604137
2.83451,2.91921,48.04635,4550.59472,-0.12635,47.56755,8.217467358131923,3.061222805483021,23.999999590604137
2.87557,2.96424,48.03304,4546.03131,-0.09716,47.63359,8.21635754257385,3.060809369986633,23.999999590604137
2.91654,3.00927,48.02321,4541.46227,-0.06811,47.6997,8.211193144841252,3.0588854959477585,23.999999590604137
2.95742,3.0543,48.01683,4536.88992,-0.03928,47.76586,8.20202310763536,3.0554694158103644,23.999999590604137
2.9982,3.09934,48.01387,4532.31652,-0.01074,47.83204,8.188911508443171,3.0505850001243364,23.999999590604137
3.03889,3.14438,48.01427,4527.74435,0.01745,47.8982,8.17193702338735,3.0442615578154615,23.999999590604137
3.07949,3.18942,48.01799,4523.17564,0.04522,47.96431,8.151192285498857,3.0365335971250937,23.999999590604137
3.11999,3.23447,48.02496,4518.61258,0.0725,48.03035,8.126783146606215,3.0274405506444877,23.999999590604137
3.1604,3.27952,48.03512,4514.05731,0.09923,48.09629,8.098827853138115,3.01702646827958,23.999999590604137
3.20072,3.32457,48.04839,4509.51193,0.12535,48.16209,8.0674561470761,3.0053396823322145,23.999999590604137
3.24095,3.36962,48.06469,4504.97847,0.1508,48.22775,8.032808303902673,2.9924324491104937,23.999999590604137
3.28108,3.41468,48.08393,4500.4589,0.17552,48.29322,7.995034119910116,2.9783605716746684,23.999999590604137
3.32113,3.45974,48.10601,4495.95511,0.19947,48.35848,7.9542918613944895,2.963183008384259,23.999999590604137
3.36108,3.5048,48.13085,4491.46892,0.22258,48.42351,7.910747188241485,2.946961471905459,23.999999590604137
3.40094,3.54986,48.15832,4487.00207,0.24481,48.4883,7.864572064232619,2.9297600232715237,23.999999590604137
3.44071,3.59493,48.18832,4482.55619,0.26611,48.55281,7.81594366592633,2.9116446654122665,23.999999590604137
3.48039,3.63999,48.22074,4478.13287,0.28645,48.61703,7.7650433014138756,2.8926829403621843,23.999999590604137
3.51998,3.68506,48.25545,4473.73355,0.30578,48.68095,7.712055349461768,2.8729435340630998,23.999999590604137
3.55948,3.73013,48.29232,4469.35962,0.32406,48.74453,7.657166228706291,2.8524958923619987,23.999999590604137
3.59889,3.7752,48.33124,4465.01235,0.34127,48.80778,7.600563405568515,2.8314098514332677,23.999999590604137
3.63822,3.82028,48.37206,4460.69294,0.35736,48.87067,7.542434448534212,2.8097552854730807,23.999999590604137
3.67746,3.86535,48.41466,4456.40246,0.37233,48.9332,7.482966135305766,2.787601774089993,23.999999590604137
3.71661,3.91042,48.45889,4452.14189,0.38614,48.99535,7.422343618254513,2.7650182914139796,23.999999590604137
3.75567,3.9555,48.50463,4447.91214,0.39877,49.05711,7.360749652454878,2.7420729185188386,23.999999590604137
3.79465,4.00058,48.55172,4443.71398,0.4102,49.11848,7.298363889506983,2.718832580352534,23.999999590604137
3.83354,4.04565,48.60002,4439.54813,0.42043,49.17945,7.235362239285006,2.6953628079716645,23.999999590604137
3.87235,4.09073,48.6494,4435.41517,0.42944,49.24001,7.171916300759969,2.6717275265079774,23.999999590604137
3.91108,4.13581,48.69971,4431.31563,0.43723,49.30016,7.108192862118337,2.64798886894939,23.999999590604137
3.94972,4.18089,48.7508,4427.24993,0.44378,49.35989,7.044353469562958,2.6242070155070003,23.999999590604137
3.98828,4.22597,48.80253,4423.21839,0.4491,49.41921,6.980554063402022,2.6004400580486466,23.999999590604137
4.02676,4.27105,48.85476,4419.22127,0.45319,49.47811,6.916944679383851,2.576743888838257,23.999999590604137
4.06516,4.31614,48.90734,4415.25873,0.45605,49.5366,6.853669212650001,2.553172112602169,23.999999590604137
4.10347,4.36122,48.96014,4411.33085,0.45768,49.59468,6.7908652412256,2.5297759807746383,23.999999590604137
4.14171,4.4063,49.01301,4407.43765,0.4581,49.65235,6.728663905551297,2.506604346620321,23.999999590604137
4.17987,4.45138,49.06581,4403.57905,0.45732,49.70961,6.6671898402623135,2.48370363982017,23.999999590604137
4.21795,4.49647,49.11841,4399.75492,0.45535,49.76648,6.606561154244484,2.4611178590417913,23.999999590604137
4.25595,4.54155,49.17067,4395.96507,0.4522,49.82295,6.546889454791074,2.4388885809384915,23.999999590604137
4.29388,4.58664,49.22245,4392.20921,0.44789,49.87903,6.488279911679431,2.4170549840195137,23.999999590604137
4.33173,4.63172,49.27363,4388.48701,0.44245,49.93473,6.430831356936771,2.395653885815426,23.999999590604137
4.3695,4.67681,49.32407,4384.7981,0.43588,49.99006,6.37463641612583,2.374719791785471,23.999999590604137
4.4072,4.7219,49.37366,4381.14202,0.42821,50.04503,6.319781667072783,2.3542849544478988,23.999999590604137
4.44482,4.76698,49.42226,4377.51827,0.41948,50.09965,6.266347822093345,2.3343794412639816,23.999999590604137
4.48237,4.81207,49.46976,4373.92632,0.40969,50.15393,6.214409929941165,2.315031209869107,23.999999590604137
4.51985,4.85716,49.51605,4370.36556,0.39889,50.20788,6.164037593879783,2.296266189310314,23.999999590604137
4.55725,4.90225,49.561,4366.83536,0.38709,50.26152,6.115295202510075,2.2781083660355947,23.999999590604137
4.59458,4.94734,49.60452,4363.33504,0.37432,50.31484,6.068242170186048,2.2605798734551037,23.999999590604137
4.63184,4.99243,49.64649,4359.86387,0.36063,50.36788,6.022933184107257,2.2437010839895817,23.999999590604137
4.66903,5.03753,49.68681,4356.42111,0.34603,50.42064,5.979418455373484,2.2274907025948307,23.999999590604137
4.70615,5.08262,49.72538,4353.00596,0.33056,50.47313,5.937743971569183,2.2119658608560666,23.999999590604137
4.7432,5.12771,49.76212,4349.6176,0.31425,50.52537,5.897951748623883,2.197142210812544,23.999999590604137
4.78017,5.17281,49.79692,4346.25516,0.29714,50.57738,5.8600800799559964,2.1830340177701824,23.999999590604137
4.81708,5.21791,49.82971,4342.91778,0.27926,50.62917,5.824163781105709,2.1696542514337533,23.999999590604137
4.85392,5.263,49.8604,4339.60453,0.26065,50.68075,5.790234428261896,2.1570146747644308,23.999999590604137
4.89069,5.3081,49.88891,4336.31448,0.24134,50.73214,5.758320589276191,2.145125930038615,23.999999590604137
4.9274,5.3532,49.91517,4333.04666,0.22136,50.78335,5.728448045957121,2.1339976216583425,23.999999590604137
4.96403,5.3983,49.93911,4329.8001,0.20077,50.83441,5.700640006564265,2.1236383953109517,23.999999590604137
5.0006,5.44341,49.96066,4326.57378,0.17958,50.88533,5.674917307599258,2.114056013141544,23.999999590604137
5.0371,5.48851,49.97977,4323.36668,0.15785,50.93612,5.6512986041149516,2.1052574246481504,23.999999590604137
5.07353,5.53362,49.99638,4320.17776,0.1356,50.9868,5.629800547880109,2.097248833052768,23.999999590604137
5.1099,5.57872,50.01043,4317.00594,0.11288,51.03739,5.610437952861904,2.0900357569479513,23.999999590604137
5.1462,5.62383,50.02188,4313.85015,0.08973,51.0879,5.593223947552849,2.0836230870425894,23.999999590604137
5.18244,5.66894,50.03068,4310.70928,0.06618,51.13836,5.578170113781601,2.078015137872595,23.999999590604137
5.21861,5.71405,50.0368,4307.58223,0.04228,51.18877,5.565286611711497,2.07321569436614,23.999999590604137
5.25471,5.75917,50.04021,4304.46786,0.01805,51.23916,5.554582290760331,2.0692280531641956,23.999999590604137
5.29075,5.80428,50.04086,4301.36503,-0.00644,51.28955,5.546064786288707,2.0660550586394852,23.999999590604137
5.32672,5.8494,50.03875,4298.27257,-0.03118,51.33995,5.539740601874527,2.0636991335458967,23.999999590604137
5.36263,5.89452,50.03384,4295.18932,-0.05611,51.39037,5.535615177095246,2.0621623042691555,23.999999590604137
5.39847,5.93964,50.02613,4292.11409,-0.0812,51.44085,5.533692940707913,2.0614462206377913,23.999999590604137
5.43424,5.98477,50.01559,4289.04568,-0.1064,51.49139,5.53397734920531,2.0615521702863093,23.999999590604137
5.46995,6.02989,50.00223,4285.98289,-0.13168,51.54201,5.536470910686994,2.0624810875477873,23.999999590604137
5.5056,6.07502,49.98604,4282.92449,-0.157,51.59273,5.541175194047535,2.064233556876734,23.999999590604137
5.54118,6.12015,49.96702,4279.86925,-0.18231,51.64357,5.548090823480007,2.0668098108014914,23.999999590604137
5.5767,6.16529,49.94519,4276.81593,-0.20757,51.69455,5.557217458311482,2.0702097224124305,23.999999590604137
5.61215,6.21042,49.92055,4273.76328,-0.23275,51.74569,5.5685537582170594,2.0744327924032597,23.999999590604137
5.64753,6.25556,49.89311,4270.71004,-0.2578,51.797,5.582097333861033,2.079478130683562,23.999999590604137
5.68285,6.3007,49.8629,4267.65493,-0.28269,51.8485,5.597844683049391,2.0853444325939194,23.999999590604137
5.71811,6.34584,49.82995,4264.59668,-0.30736,51.90021,5.615791112506608,2.0920299497657107,23.999999590604137
5.75331,6.39097,49.79483,4261.53285,-0.32199,51.90601,5.635494150907226,2.099369849988082,0.0
5.78849,6.43608,49.75812,4258.4613,-0.33631,51.91185,5.656504361531409,2.107196706257502,0.0
5.82364,6.48116,49.71986,4255.38124,-0.35029,51.91773,5.678802634046636,2.115503399472283,0.0
5.85875,6.52621,49.68009,4252.29185,-0.36391,51.92364,5.702368300704921,2.1242822303525024,0.0
5.89384,6.57124,49.63885,4249.19235,-0.37714,51.92958,5.727178721861012,2.133524765034615,0.0
5.9289,6.61624,49.59619,4246.08195,-0.38996,51.93556,5.7532092203116125,2.1432218106110983,0.0
5.96392,6.66121,49.55217,4242.95985,-0.40234,51.94157,5.780433015013914,2.1533633904388543,0.0
5.99892,6.70616,49.50683,4239.82529,-0.41426,51.94761,5.808821154896718,2.163938719482113,0.0
6.03388,6.75109,49.46022,4236.67751,-0.4257,51.95369,5.838342453513906,2.17493617996913,0.0
6.06882,6.79598,49.41241,4233.51576,-0.43663,51.9598,5.868963425381284,2.1863432976759873,0.0
6.10372,6.84085,49.36346,4230.3393,-0.44703,51.96595,5.9006482248401975,2.198146719151681,0.0
6.1386,6.88569,49.31342,4227.14741,-0.45687,51.97213,5.93335858837634,2.2103321902303565,0.0
6.17344,6.93051,49.26236,4223.93939,-0.46615,51.97834,5.967053781343522,2.2228845361845164,0.0
6.20825,6.97529,49.21035,4220.71455,-0.47483,51.98458,6.001690550106,2.2357876438967743,0.0
6.24303,7.02006,49.15745,4217.47222,-0.4829,51.99086,6.037223080615519,2.2490244464287152,0.0
6.27778,7.06479,49.10374,4214.21176,-0.49034,51.99717,6.073602964502849,2.2625769103890994,0.0
6.3125,7.1095,49.04928,4210.93256,-0.49713,52.00351,6.110779173768024,2.2764260265053133,0.0
6.34718,7.15417,48.99415,4207.63401,-0.50326,52.00989,6.148698045178632,2.2905518038113173,0.0
6.38184,7.19882,48.93843,4204.31555,-0.50871,52.01629,6.187303275461248,2.304933267856333,0.0
6.41646,7.24345,48.88219,4200.97663,-0.51347,52.02273,6.226535928419513,2.3195484633565133,0.0
6.45105,7.28804,48.82551,4197.61674,-0.51753,52.0292,6.266334455024749,2.3343744616792215,0.0
6.4856,7.33261,48.76848,4194.23541,-0.52087,52.0357,6.30663472757312,2.3493873735674775,0.0
6.52013,7.37714,48.71116,4190.8322,-0.52348,52.04224,6.347370088882697,2.3645623674671565,0.0
6.55462,7.42165,48.65364,4187.40668,-0.52536,52.0488,6.3884714174893125,2.3798736938141625,0.0
6.58907,7.46613,48.596,4183.9585,-0.52649,52.0554,6.429867209713922,2.395294715606674,0.0
6.6235,7.51058,48.53833,4180.48731,-0.52688,52.06202,6.471483679376495,2.410797945551201,0.0
6.65789,7.555,48.4807,4176.99283,-0.52651,52.06868,6.513244875828012,2.4263550900326005,0.0
6.69225,7.59939,48.42321,4173.47481,-0.52539,52.07537,6.555072820836454,2.4419371001077144,0.0
6.72657,7.64375,48.36592,4169.93304,-0.52351,52.08209,6.596887664736544,2.4575142296752563,0.0
6.76086,7.68808,48.30893,4166.36735,-0.52087,52.08883,6.638607862063941,2.4730561009041687,0.0
6.79512,7.73238,48.25232,4162.77763,-0.51748,52.09561,6.680150366757382,2.4885317769515587,0.0
6.82934,7.77665,48.19617,4159.16382,-0.51334,52.10242,6.721430846789221,2.5039098419182175,0.0
6.86352,7.82089,48.14056,4155.5259,-0.50845,52.10925,6.762363917888508,2.5191584879166213,0.0
6.89767,7.8651,48.08557,4151.86389,-0.50283,52.11612,6.802863395832559,2.534245609056178,0.0
6.93179,7.90927,48.03128,4148.17788,-0.49648,52.12301,6.842842566509878,2.5491389020487683,0.0
6.96587,7.95342,47.97776,4144.46799,-0.48941,52.12993,6.882214472783255,2.5638059730728022,0.0
6.99991,7.99753,47.9251,4140.73442,-0.48163,52.13689,6.920892216913001,2.578214450433829,0.0
7.03392,8.04161,47.87337,4136.97739,-0.47317,52.14387,6.958789277063776,2.5923321024716564,0.0
7.0679,8.08566,47.82263,4133.1972,-0.46403,52.15087,6.995819836227147,2.606126960092663,0.0
7.10183,8.12967,47.77297,4129.39418,-0.45424,52.15791,7.031899121635379,2.6195674432103613,0.0
7.13573,8.17366,47.72444,4125.56872,-0.44381,52.16497,7.066943752543835,2.6326224903034947,0.0
7.1696,8.21761,47.67712,4121.72127,-0.43276,52.17206,7.100872094072753,2.6452616902314094,0.0
7.20343,8.26152,47.63107,4117.85233,-0.42113,52.17918,7.133604614612679,2.6574554153769805,0.0
7.23722,8.3054,47.58634,4113.96243,-0.40893,52.18633,7.165064244154728,2.669174955134064,0.0
7.27097,8.34925,47.543,4110.05216,-0.39619,52.1935,7.195176730780373,2.6803926487093253,0.0
7.30468,8.39307,47.5011,4106.12217,-0.38294,52.2007,7.223870992457815,2.6910820161756357,0.0
7.33836,8.43685,47.46069,4102.17314,-0.36921,52.20793,7.251079461210173,2.7012178866837875,0.0
7.372,8.4806,47.42181,4098.2058,-0.35503,52.21518,7.2767384167392954,2.710776522746137,0.0
7.40561,8.52431,47.38452,4094.22093,-0.34043,52.22246,7.300788306546345,2.719735739489948,0.0
7.43917,8.56799,47.34885,4090.21934,-0.32545,52.22977,7.323174049695523,2.7280750178173676,0.0
7.4727,8.61163,47.31483,4086.20187,-0.31012,52.2371,7.343845321424138,2.7357756104301694,0.0
7.50618,8.65524,47.28251,4082.16942,-0.29448,52.24446,7.3627568159417915,2.7428206397293637,0.0
7.53963,8.69881,47.2519,4078.12291,-0.27856,52.25184,7.379868484947249,2.7491951866690054,0.0
7.57304,8.74235,47.22304,4074.06329,-0.2624,52.25925,7.395145749574417,2.75488636971165,0.0
7.60642,8.78585,47.19593,4069.99153,-0.24605,52.26669,7.408559683728059,2.7598834131257304,0.0
7.63975,8.82932,47.17061,4065.90863,-0.22954,52.27415,7.420087167044171,2.7641777039673228,0.0
7.67304,8.87275,47.14707,4061.81563,-0.21291,52.28163,7.42971100600766,2.767762837199665,0.0
7.7063,8.91614,47.12533,4057.71357,-0.1962,52.28914,7.437420022057743,2.770634648514741,0.0
7.73952,8.9595,47.10539,4053.60349,-0.17945,52.29668,7.443209105902435,2.772791234566851,0.0
7.77269,9.00283,47.08724,4049.48647,-0.1627,52.30424,7.447079237524624,2.774232960425409,0.0
7.80583,9.04611,47.07089,4045.36358,-0.14599,52.31183,7.44903747182454,2.774962454226373,0.0
7.83893,9.08936,47.05631,4041.23591,-0.12937,52.31944,7.44909689010032,2.7749845890974894,0.0
7.87199,9.13258,47.04351,4037.10454,-0.11287,52.32707,7.447276517983286,2.774306452587021,0.0
7.90501,9.17576,47.03245,4032.97054,-0.09653,52.33473,7.4436012107647604,2.7729373039449676,0.0
7.93799,9.2189,47.02311,4028.83499,-0.0804,52.34242,7.4381015073615995,2.7708885197213844,0.0
7.97093,9.26201,47.01548,4024.69897,-0.0645,52.35013,7.430813454496807,2.768173528269038,0.0
8.00383,9.30507,47.00951,4020.56351,-0.04889,52.35786,7.421778402926744,2.7648077338326753,0.0
8.03669,9.34811,47.00517,4016.42966,-0.03359,52.36562,7.411042777802544,2.760808431002613,0.0
8.06951,9.39111,47.00243,4012.29844,-0.01865,52.3734,7.398657825479593,2.756194710394606,0.0
8.10229,9.43407,47.00124,4008.17086,-0.00409,52.38121,7.384679339246082,2.7509873564765153,0.0
8.13504,9.47699,47.00156,4004.04788,0.01005,52.38904,7.369167366611729,2.7452087385256547,0.0
8.16774,9.51988,47.00333,3999.93046,0.02373,52.3969,7.352185900874139,2.738882695729148,0.0
8.2004,9.56273,47.00651,3995.81951,0.03692,52.40478,7.333802559782234,2.732034417477599,0.0
8.23303,9.60555,47.01104,3991.71594,0.0496,52.41268,7.314088254109732,2.7246903198999917,0.0
8.26561,9.64833,47.01686,3987.6206,0.06173,52.42061,7.293116848979668,2.716877919698164,0.0
8.29816,9.69107,47.02391,3983.5343,0.0733,52.42857,7.270964820698247,2.708625706308392,0.0
8.33067,9.73378,47.03212,3979.45784,0.08426,52.43654,7.247710911836202,2.6999630134101142,0.0
8.36313,9.77646,47.04144,3975.39197,0.0946,52.44455,7.223435787127138,2.690919890739017,0.0
8.39556,9.8191,47.05179,3971.33739,0.10431,52.45257,7.198221692674105,2.681526977132509,0.0
8.42795,9.8617,47.06311,3967.29476,0.11334,52.46062,7.172152120778926,2.671815375669836,0.0
8.4603,9.90427,47.07531,3963.26472,0.1217,52.4687,7.145311482529696,2.6618165317023026,0.0
8.49261,9.9468,47.08834,3959.24784,0.12936,52.4768,7.117784790091036,2.651562114498035,0.0
8.52489,9.98929,47.1021,3955.24467,0.1363,52.48493,7.089657350474918,2.6410839031635533,0.0
8.55712,10.03176,47.11654,3951.2557,0.14252,52.49307,7.061014472283141,2.630413677397633,0.0
8.58932,10.07419,47.13156,3947.28137,0.148,52.50125,7.031941186789397,2.6195831135870336,0.0
8.62147,10.11658,47.1471,3943.32209,0.15274,52.50945,7.002521984427196,2.6086236866413137,0.0
8.65359,10.15894,47.16307,3939.37823,0.15672,52.51767,6.972840567593175,2.5975665779055612,0.0
8.68567,10.20126,47.1794,3935.4501,0.15994,52.52592,6.942979620429439,2.586442589398264,0.0
8.71771,10.24355,47.196,3931.53796,0.1624,52.53419,6.9130205960555,2.5752820645495995,0.0
8.74972,10.28581,47.2128,3927.64205,0.16409,52.54249,6.883043521536812,2.5641148155470876,0.0
8.78169,10.32803,47.22972,3923.76254,0.16501,52.55081,6.853126820657737,2.552970057313858,0.0
8.81362,10.37022,47.24668,3919.89958,0.16517,52.55916,6.823347154439478,2.5418763480973814,0.0
8.84551,10.41238,47.2636,3916.05326,0.16456,52.56754,6.793779279146694,2.530861536573198,0.0
8.87736,10.4545,47.2804,3912.22364,0.1632,52.57593,6.764495921414349,2.519952715326386,0.0
8.90918,10.4966,47.297,3908.41073,0.16108,52.58436,6.7355676699637925,2.509176180512949,0.0
8.94096,10.53865,47.31334,3904.61449,0.15823,52.59281,6.707062883314171,2.49855739747989,0.0
8.9727,10.58068,47.32932,3900.83487,0.15463,52.60128,6.679047612724749,2.488120972059198,0.0
9.00441,10.62267,47.34489,3897.07175,0.15031,52.60978,6.651585539615826,2.4778906272554937,0.0
9.03608,10.66464,47.35997,3893.325,0.14528,52.6183,6.624737926554311,2.467889184986865,0.0
9.06771,10.70656,47.37449,3889.59442,0.13955,52.62685,6.59856358090249,2.4581385525430792,0.0
9.0993,10.74846,47.38837,3885.87981,0.13314,52.63543,6.573118830161979,2.4486597134005543,0.0
9.13086,10.79033,47.40155,3882.18091,0.12605,52.64403,6.5484575080195455,2.43947272202406,0.0
9.16239,10.83216,47.41397,3878.49743,0.11832,52.65266,6.52463095009132,2.430596702281327,0.0
9.19387,10.87397,47.42556,3874.82907,0.10995,52.66131,6.501687998347326,2.4220498490912976,0.0
9.22533,10.91574,47.43626,3871.17546,0.10098,52.66999,6.47967501321682,2.4138494329336866,0.0
9.25674,10.95748,47.44601,3867.53624,0.0914,52.67869,6.458635892378558,2.4060118068488485,0.0
9.28812,10.99919,47.45475,3863.91099,0.08126,52.68742,6.438612095255078,2.3985524155625413,0.0
9.31946,11.04087,47.46243,3860.29927,0.07057,52.69618,6.419642672267116,2.3914858063839683,0.0
9.35077,11.08252,47.469,3856.70063,0.05935,52.70496,6.401764297949222,2.3848256415422133,0.0
9.38205,11.12415,47.4744,3853.11456,0.04763,52.71376,6.385011307020442,2.378584711623523,0.0
9.41328,11.16574,47.47859,3849.54057,0.03543,52.72259,6.369415732603061,2.372774949808789,0.0
9.44449,11.2073,47.48153,3845.97811,0.02279,52.73145,6.3550073457814955,2.367407446610282,0.0
9.47565,11.24883,47.48316,3842.42662,0.00971,52.74034,6.341813695771688,2.362492464835804,0.0
9.50678,11.29033,47.48347,3838.88552,-0.00375,52.74925,6.329860149988519,2.3580394545148557,0.0
9.53788,11.3318,47.4824,3835.3542,-0.01759,52.75818,6.319169933380333,2.354057067551779,0.0
9.56894,11.37324,47.47992,3831.83205,-0.03177,52.76714,6.309764166443058,2.3505531718870216,0.0
9.59997,11.41465,47.47601,3828.31842,-0.04626,52.77613,6.301661901351781,2.3475348649570957,0.0
9.63096,11.45604,47.47064,3824.81266,-0.06104,52.78514,6.294880155744788,2.3450084862800242,0.0
9.66192,11.49739,47.46378,3821.3141,-0.07607,52.79418,6.289433943704039,2.342979628996383,0.0
9.69284,11.53872,47.45542,3817.82203,-0.09132,52.80325,6.285336303556528,2.341453150226034,0.0
9.72373,11.58001,47.44552,3814.33577,-0.10677,52.81234,6.282598322168071,2.3404331801182074,0.0
9.75458,11.62128,47.43409,3810.85458,-0.12238,52.82145,6.28122915543018,2.339923129483398,0.0
9.7854,11.66252,47.4211,3807.37775,-0.13812,52.8306,6.2812360447257145,2.339925695927253,0.0
9.81619,11.70373,47.40655,3803.90453,-0.15396,52.83976,6.28262432919008,2.3404428684181915,0.0
9.84694,11.74491,47.39043,3800.43417,-0.16988,52.84896,6.285397453622593,2.341475930234598,0.0
9.87765,11.78606,47.37275,3796.96591,-0.18583,52.85818,6.289556971986754,2.343025460268763,0.0
9.90833,11.82719,47.35349,3793.49898,-0.20179,52.86742,6.295102546457925,2.34509133267212,0.0
9.93898,11.86828,47.33267,3790.03261,-0.21772,52.87669,6.302031942035989,2.34767271484832,0.0
9.96959,11.90935,47.31029,3786.56601,-0.2336,52.88598,6.310341016793044,2.350768063820237,0.0
10.00017,11.95039,47.28636,3783.09839,-0.24939,52.8953,6.320023707879258,2.3543751210167874,0.0
10.03071,11.9914,47.26089,3779.62897,-0.26507,52.90465,6.331072013441446,2.3584909055371175,0.0
10.06122,12.03238,47.23391,3776.15695,-0.28059,52.91402,6.343475970684733,2.3631117059779996,0.0
10.09169,12.07333,47.20542,3772.68153,-0.29594,52.92342,6.357223630333569,2.368233070919885,0.0
10.12213,12.11425,47.17546,3769.20192,-0.31107,52.93284,6.372301027824235,2.373849798195362,0.0
10.15253,12.15515,47.14404,3765.71732,-0.32596,52.94228,6.388692151574449,2.3799559230687386,0.0
10.1829,12.19601,47.1112,3762.22693,-0.34059,52.95175,6.4063789087781045,2.3865447054936904,0.0
10.21324,12.23685,47.07696,3758.72998,-0.35491,52.96125,6.425341089169537,2.393608616614492,0.0
10.24354,12.27766,47.04136,3755.22566,-0.3689,52.97077,6.445556327289001,2.40113932470892,0.0
10.2738,12.31844,47.00444,3751.71321,-0.38253,52.98031,6.467000063827192,2.409127680788061,0.0
10.30404,12.35919,46.96623,3748.19184,-0.39577,52.98988,6.489645506648277,2.4175637040763753,0.0
10.33424,12.3999,46.92665,3744.66111,-0.41134,52.97101,6.513587864365725,2.42648286228747,-10.99999981236023
10.36443,12.44057,46.8856,3741.12051,-0.42648,52.95203,6.5389216653443905,2.435920369724444,-10.99999981236023
10.39461,12.4812,46.84312,3737.56915,-0.44116,52.93293,6.5656162428147855,2.4458648022087712,-10.99999981236023
10.42477,12.52178,46.79928,3734.00616,-0.45534,52.9137,6.593638173051564,2.456303708523329,-10.99999981236023
10.45491,12.56231,46.75412,3730.43068,-0.469,52.89434,6.622951371878724,2.4672236463631263,-10.99999981236023
10.48504,12.6028,46.70769,3726.84185,-0.4821,52.87484,6.653517035611544,2.4786101603346165,-10.99999981236023
10.51515,12.64325,46.66006,3723.23886,-0.49463,52.8552,6.685293585063019,2.4904477610966267,-10.99999981236023
10.54525,12.68365,46.61129,3719.62088,-0.50654,52.8354,6.718236613717003,2.502719906053486,-10.99999981236023
10.57533,12.724,46.56143,3715.98712,-0.51782,52.81545,6.752298841246792,2.5154089820394776,-10.99999981236023
10.6054,12.76431,46.51056,3712.3368,-0.52844,52.79534,6.787430073591514,2.528496290446241,-10.99999981236023
10.63546,12.80457,46.45874,3708.66916,-0.53837,52.77506,6.8235771708193615,2.541962035250983,-10.99999981236023
10.66549,12.84478,46.40604,3704.98349,-0.5476,52.75461,6.860684024069221,2.5557853144266254,-10.99999981236023
10.69551,12.88495,46.35254,3701.27908,-0.55609,52.73398,6.89869154287173,2.569944115218566,-10.99999981236023
10.72552,12.92507,46.2983,3697.55525,-0.56383,52.71317,6.9375376541263565,2.584415313763615,-10.99999981236023
10.75551,12.96514,46.2434,3693.81136,-0.5708,52.69218,6.977157314066349,2.5991746795472546,-10.99999981236023
10.78548,13.00517,46.18793,3690.0468,-0.57698,52.67099,7.017482534464498,2.6141968851659705,-10.99999981236023
10.81544,13.04515,46.13195,3686.26099,-0.58236,52.64961,7.058442424342505,2.6294555218650926,-10.99999981236023
10.84538,13.08508,46.07556,3682.45339,-0.58691,52.62804,7.099963248359343,2.6449231212899944,-10.99999981236023
10.87531,13.12496,46.01882,3678.62351,-0.59064,52.60626,7.141968503021166,2.6605711838762907,-10.99999981236023
10.90522,13.16479,45.96182,3674.77088,-0.59351,52.58428,7.184379011739829,2.676370214261636,-10.99999981236023
10.93511,13.20457,45.90465,3670.89508,-0.59554,52.5621,7.227113039663159,2.692289764063022,-10.99999981236023
10.96499,13.2443,45.84738,3666.99573,-0.5967,52.5397,7.270086429085841,2.7082984823208966,-10.99999981236023
10.99485,13.28399,45.79011,3663.07251,-0.597,52.5171,7.313212756092747,2.7243641738529245,-10.99999981236023
11.0247,13.32362,45.73291,3659.12514,-0.59642,52.49428,7.356403508916657,2.740453865696933,-10.99999981236023
11.05453,13.3632,45.67587,3655.15338,-0.59498,52.47125,7.399568288301165,2.75653388175136,-10.99999981236023
11.08434,13.40273,45.61907,3651.15706,-0.59266,52.44801,7.442615029966903,2.7725699256497873,-10.99999981236023
11.11414,13.44221,45.5626,3647.13604,-0.58947,52.42456,7.4854502490395625,2.788527171816798,-10.99999981236023
11.14392,13.48164,45.50654,3643.09026,-0.58541,52.40089,7.52797930607079,2.804370364567767,-10.99999981236023
11.17368,13.52102,45.45096,3639.01968,-0.5805,52.37701,7.570106694014068,2.8200639250149253,-10.99999981236023
11.20342,13.56034,45.39596,3634.92435,-0.57474,52.35292,7.611736345277604,2.8355720654526397,-10.99999981236023
11.23315,13.59961,45.3416,3630.80435,-0.56814,52.32862,7.652771957691649,2.850858910788815,-10.99999981236023
11.26286,13.63883,45.28798,3626.65983,-0.56072,52.30411,7.6931173379432005,2.865888626483361,-10.99999981236023
11.29256,13.67799,45.23515,3622.491,-0.55249,52.2794,7.732676760790709,2.8806255523651174,-10.99999981236023
11.32223,13.7171,45.18321,3618.29813,-0.54347,52.25448,7.771355342065223,2.8950343415845965,-10.99999981236023
11.35189,13.75616,45.13222,3614.08153,-0.53368,52.22936,7.809059423240924,2.9090801038766263,-10.99999981236023
11.38153,13.79516,45.08224,3609.84158,-0.52314,52.20405,7.845696965083171,2.9227285522046063,-10.99999981236023
11.41116,13.83411,45.03336,3605.57871,-0.51188,52.17855,7.8811779476876564,2.935946151785615,-10.99999981236023
11.44076,13.873,44.98563,3601.29342,-0.49992,52.15285,7.91541477399036,2.948700270408487,-10.99999981236023
11.47035,13.91183,44.93912,3596.98625,-0.4873,52.12698,7.948322673686409,2.960959328904218,-10.99999981236023
11.49992,13.95061,44.89387,3592.65781,-0.47404,52.10093,7.979820104336165,2.9726929505685296,-10.99999981236023
11.52947,13.98934,44.84996,3588.30874,-0.46018,52.07471,8.0098291463509,2.9838721083044337,-10.99999981236023
11.559,14.028,44.80743,3583.93974,-0.44575,52.04832,8.03827588846738,2.9944692682216547,-10.99999981236023
11.58852,14.06662,44.76633,3579.55159,-0.43079,52.02177,8.06509080032913,3.00445852843295,-10.99999981236023
11.61802,14.10517,44.72671,3575.14506,-0.41533,51.99507,8.090209088789301,3.013815751786309,-10.99999981236023
11.6475,14.14367,44.6886,3570.72101,-0.39942,51.96823,8.113571034660401,3.0225186913130844,-10.99999981236023
11.67696,14.1821,44.65204,3566.28033,-0.3831,51.94125,8.13512230669992,3.0305471071959,-10.99999981236023
11.7064,14.22049,44.61707,3561.82393,-0.36641,51.91414,8.15481424985812,3.0378828741485373,-10.99999981236023
11.73582,14.25881,44.58372,3557.35279,-0.34939,51.8869,8.172604144976548,3.0445100781604633,-10.99999981236023
11.76522,14.29707,44.552,3552.8679,-0.33209,51.85956,8.188455437370092,3.0504151016496617,-10.99999981236023
11.79461,14.33528,44.52195,3548.37028,-0.31456,51.83211,8.202337932084623,3.055586696201244,-10.99999981236023
11.82397,14.37343,44.49356,3543.86099,-0.29683,51.80456,8.2142279538578,3.0600160421570535,-10.99999981236023
11.85332,14.41152,44.46687,3539.34111,-0.27897,51.77692,8.224108470261246,3.06369679448937,-10.99999981236023
11.88264,14.44955,44.44187,3534.81173,-0.26101,51.74921,8.231969176802561,3.0666251145036467,-10.99999981236023
11.91195,14.48752,44.41856,3530.27396,-0.243,51.72143,8.237806543218777,3.0687996870840415,-10.99999981236023
11.94124,14.52543,44.39695,3525.72893,-0.225,51.69358,8.241623820599917,3.0702217233471285,-10.99999981236023
11.9705,14.56329,44.37702,3521.17777,-0.20704,51.66569,8.243431009349814,3.070894948706463,-10.99999981236023
11.99975,14.60108,44.35877,3516.62162,-0.18919,51.63775,8.243244788480693,3.0708255765329495,-10.99999981236023
12.02898,14.63881,44.34218,3512.06161,-0.17148,51.60977,8.241088407069563,3.070022267719494,-10.99999981236023
12.05819,14.67649,44.32723,3507.49889,-0.15396,51.58178,8.236991539145524,3.0684960766227074,-10.99999981236023
12.08738,14.71411,44.3139,3502.93457,-0.13669,51.55376,8.23099010361853,3.0662603839816294,-10.99999981236023
12.11655,14.75166,44.30215,3498.36979,-0.11969,51.52574,8.223126051200934,3.063330817540403,-10.99999981236023
12.14569,14.78916,44.29196,3493.80565,-0.10303,51.49772,8.213447120587375,3.059725161218861,-10.99999981236023
12.17482,14.8266,44.28329,3489.24323,-0.08674,51.46971,8.202006566443865,3.055463253781307,-10.99999981236023
12.20393,14.86398,44.2761,3484.6836,-0.07087,51.44171,8.188862861923207,3.0505668780156823,-10.99999981236023
12.23302,14.9013,44.27034,3480.12782,-0.05546,51.41375,8.174079378712882,3.0450596415429834,-10.99999981236023
12.26209,14.93856,44.26598,3475.57689,-0.04054,51.38581,8.157724047665168,3.0389668503930505,-10.99999981236023
12.29113,14.97576,44.26295,3471.03181,-0.02616,51.35792,8.13986900321657,3.0323153765414537,-10.99999981236023
12.32016,15.0129,44.2612,3466.49353,-0.01235,51.33007,8.120590214836486,3.0251335206144216,-10.99999981236023
12.34917,15.04998,44.26069,3461.96298,0.00085,51.30228,8.099967108764178,3.017450870975908,-10.99999981236023
12.37815,15.08701,44.26134,3457.44104,0.01341,51.27455,8.07808218322288,3.009298160384729,-10.99999981236023
12.40712,15.12398,44.26309,3452.92857,0.0253,51.24688,8.055020620291012,3.0007071214063674,-10.99999981236023
12.43607,15.16088,44.26589,3448.42636,0.03649,51.21929,8.030869897438489,2.991710341700042,-10.99999981236023
12.46499,15.19773,44.26966,3443.93518,0.04696,51.19177,8.005719401637142,2.9823411202646684,-10.99999981236023
12.4939,15.23452,44.27433,3439.45576,0.05667,51.16434,7.9796600487345986,2.97263332564563,-10.99999981236023
12.52278,15.27126,44.27984,3434.98877,0.06561,51.137,7.952783910664782,2.9626212570608716,-10.99999981236023
12.55164,15.30793,44.28611,3430.53484,0.07375,51.10974,7.9251838527367475,2.9523395092814484,-10.99999981236023
12.58049,15.34455,44.29306,3426.09455,0.08109,51.08259,7.8969531831323545,2.9418228420601906,-10.99999981236023
12.60931,15.38111,44.30063,3421.66843,0.08759,51.05553,7.868185316419207,2.9311060547814147,-10.99999981236023
12.63811,15.41762,44.30873,3417.25697,0.09325,51.02857,7.8389734526428985,2.9202238669143457,-10.99999981236023
12.6669,15.45406,44.31729,3412.86061,0.09806,51.00171,7.809410273354651,2.9092108047754124,-10.99999981236023
12.69566,15.49046,44.32623,3408.47974,0.10201,50.97496,7.779587655631935,2.8981010949934025,-10.99999981236023
12.7244,15.52679,44.33547,3404.11469,0.10509,50.94832,7.749596404915487,2.886928564984227,-10.99999981236023
12.75312,15.56307,44.34493,3399.76576,0.10729,50.92178,7.719526007251942,2.8757265506547762,-10.99999981236023
12.78182,15.59929,44.35454,3395.43319,0.10862,50.89536,7.6894644013028035,2.864527811470266,-10.99999981236023
12.8105,15.63546,44.36422,3391.11716,0.10907,50.86904,7.659497770251828,2.8533644529342608,-10.99999981236023
12.83916,15.67157,44.37388,3386.81783,0.10864,50.84283,7.629710353550778,2.8422678564590176,-10.99999981236023
12.8678,15.70763,44.38346,3382.5353,0.10735,50.81673,7.600184278258124,2.8312686165347065,-10.99999981236023
12.89642,15.74363,44.39287,3378.26961,0.10519,50.79074,7.570999409537075,2.8203964850360044,-10.99999981236023
12.92502,15.77957,44.40204,3374.02077,0.10217,50.76486,7.542233219756136,2.809680322458599,-10.99999981236023
12.9536,15.81547,44.41089,3369.78874,0.09831,50.73907,7.513960675499114,2.799148055827449,-10.99999981236023
12.98216,15.85131,44.41936,3365.57345,0.09361,50.7134,7.486254141639787,2.788826642962069,-10.99999981236023
13.0107,15.88709,44.42737,3361.37475,0.08809,50.68782,7.459183301584652,2.7787420427648617,-10.99999981236023
13.03921,15.92282,44.43484,3357.1925,0.08176,50.66233,7.4328150927025884,2.768919191166962,-10.99999981236023
13.06771,15.9585,44.44172,3353.02647,0.07464,50.63695,7.4072136558621775,2.759381982329565,-10.99999981236023
13.09619,15.99413,44.44792,3348.87642,0.06676,50.61165,7.382440297984585,2.7501532546938865,-10.99999981236023
13.12465,16.0297,44.4534,3344.74206,0.05812,50.58644,7.358553466498762,2.741254781465055,-10.99999981236023
13.15309,16.06522,44.45808,3340.62307,0.04876,50.56131,7.33560873451465,2.7327072650887407,-10.99999981236023
13.18151,16.10068,44.46191,3336.5191,0.03869,50.53626,7.3136587956012145,2.7245303353058343,-10.99999981236023
13.20991,16.1361,44.46482,3332.42974,0.02794,50.51129,7.292753466988434,2.716742550345274,-10.99999981236023
13.23829,16.17146,44.46676,3328.35456,0.01653,50.48638,7.2729397000837315,2.7093614008416886,-10.99999981236023
13.26665,16.20677,44.46768,3324.29312,0.0045,50.46154,7.254261597195863,2.7024033160654937,-10.99999981236023
13.29499,16.24203,44.46753,3320.24491,-0.00813,50.43675,7.236760433399289,2.6958836720679367,-10.99999981236023
13.32331,16.27724,44.46626,3316.20941,-0.02133,50.41202,7.220474682514618,2.6898168013595014,-10.99999981236023
13.35161,16.3124,44.46381,3312.18609,-0.03507,50.38734,7.20544004623167,2.684216003759015,-10.99999981236023
13.37989,16.34751,44.46016,3308.17436,-0.04931,50.3627,7.191689485434722,2.6790935580631223,-10.99999981236023
13.40815,16.38256,44.45526,3304.17361,-0.06403,50.33809,7.179253252876628,2.6744607342182607,-10.99999981236023
13.43639,16.41757,44.44907,3300.18324,-0.0792,50.31351,7.168158926400905,2.6703278056967563,-10.99999981236023
13.46461,16.45252,44.44156,3296.20257,-0.09477,50.28895,7.158431441935427,2.6667040617878452,-10.99999981236023
13.49282,16.48742,44.4327,3292.23095,-0.11071,50.26441,7.150093125611506,2.6635978195628787,-10.99999981236023
13.521,16.52228,44.42247,3288.26769,-0.12699,50.23987,7.143163724384142,2.661016435282166,-10.99999981236023
13.54916,16.55708,44.41083,3284.31206,-0.14357,50.21534,7.137660434587919,2.658966315032804,-10.99999981236023
13.57731,16.59184,44.39777,3280.36335,-0.16042,50.1908,7.133597927981184,2.6574529244308134,-10.99999981236023
13.60543,16.62654,44.38327,3276.4208,-0.1775,50.16625,7.130988374846428,2.656480797226641,-10.99999981236023
13.63354,16.66119,44.36732,3272.48366,-0.19476,50.14168,7.12984146382067,2.6560535426925007,-10.99999981236023
13.66163,16.6958,44.3499,3268.55115,-0.21218,50.11707,7.130164418167002,2.65617385168395,-10.99999981236023
13.68969,16.73035,44.331,3264.62247,-0.22972,50.09244,7.13196200830851,2.6568435013091043,-10.99999981236023
13.71774,16.76485,44.31063,3260.69684,-0.24733,50.06776,7.135236560462526,2.658063358145129,-10.99999981236023
13.74577,16.79931,44.28878,3256.77344,-0.26499,50.04303,7.139987961336956,2.6598333799877345,-10.99999981236023
13.77378,16.83371,44.26544,3252.85144,-0.28264,50.01824,7.146213658861536,2.662152616123601,-10.99999981236023
13.80177,16.86807,44.24064,3248.93004,-0.30026,49.99339,7.153908659051068,2.665019206161842,-10.99999981236023
13.82974,16.90237,44.21437,3245.00838,-0.3178,49.96846,7.1630655191186055,2.6684303774684888,-10.99999981236023
13.8577,16.93663,44.18665,3241.08563,-0.33523,49.94346,7.1736743370400875,2.6723824412790393,-10.99999981236023
13.88563,16.97083,44.15749,3237.16095,-0.35251,49.91836,7.185722737860419,2.6768707875971174,-10.99999981236023
13.91354,17.00499,44.1269,3233.2335,-0.3696,49.89317,7.199195857050597,2.68188987899456,-10.99999981236023
13.94144,17.03909,44.09492,3229.30244,-0.38646,49.86787,7.214076321333038,2.6874332434683486,-10.99999981236023
13.96931,17.07315,44.06157,3225.36691,-0.40306,49.84246,7.230344227422054,2.6934934665208776,-10.99999981236023
13.99717,17.10715,44.02686,3221.42609,-0.41936,49.81694,7.247977119220795,2.7000621826652136,-10.99999981236023
14.025,17.14111,43.99084,3217.47913,-0.43533,49.79128,7.266949964058763,2.7071300665729483,-10.99999981236023
14.05282,17.17501,43.95354,3213.5252,-0.45092,49.76549,7.287235128599357,2.7146868240991213,-10.99999981236023
14.08062,17.20887,43.91498,3209.56348,-0.46611,49.73957,7.308802355141548,2.7227211834539706,-10.99999981236023
14.1084,17.24267,43.87522,3205.59315,-0.48086,49.71349,7.331618739055643,2.731220886797163,-10.99999981236023
14.13616,17.27643,43.83429,3201.61342,-0.49513,49.68726,7.355648708171989,2.7401726825595407,-10.99999981236023
14.1639,17.31013,43.79224,3197.62349,-0.5089,49.66087,7.380854004971695,2.749562318808704,-10.99999981236023
14.19162,17.34378,43.7491,3193.62258,-0.52213,49.6343,7.407193672473834,2.759374537991613,-10.99999981236023
14.21932,17.37738,43.70494,3189.60993,-0.53479,49.60757,7.43462404475716,2.769593073403683,-10.99999981236023
14.247,17.41093,43.65981,3185.58479,-0.54686,49.58065,7.4630987430708196,2.7802006477399246,-10.99999981236023
14.27466,17.44443,43.61375,3181.54645,-0.5583,49.55355,7.492568678531272,2.7911789740996125,-10.99999981236023
14.30231,17.47787,43.56682,3177.49419,-0.56909,49.52625,7.522982062408406,2.802508759818135,-10.99999981236023
14.32993,17.51126,43.51909,3173.42735,-0.5792,49.49875,7.554284424983237,2.8141697134919874,-10.99999981236023
14.35753,17.54461,43.47061,3169.34525,-0.58861,49.47105,7.586418644021882,2.8261405555860715,-10.99999981236023
14.38511,17.57789,43.42143,3165.24728,-0.5973,49.44314,7.619324983820624,2.8383990329790114,-10.99999981236023
14.41268,17.61113,43.37164,3161.13282,-0.60524,49.41501,7.652941145802983,2.850921937811895,-10.99999981236023
14.44022,17.64431,43.32128,3157.00132,-0.61241,49.38667,7.687202331589075,2.863685130983266,-10.99999981236023
14.46774,17.67744,43.27043,3152.85224,-0.61881,49.3581,7.722041319408094,2.876663570614789,-10.99999981236023
14.49525,17.71052,43.21915,3148.68506,-0.6244,49.32931,7.7573885546647325,2.88983134578962,-10.99999981236023
14.52273,17.74354,43.16751,3144.49933,-0.62918,49.30028,7.793172255378789,2.903161715831437,-10.99999981236023
14.55019,17.77651,43.11558,3140.2946,-0.63314,49.27103,7.829318533138637,2.9166271553627867,-10.99999981236023
14.57764,17.80942,43.06343,3136.0705,-0.63626,49.24153,7.865751530074999,2.930199405331425,-10.99999981236023
14.60506,17.84228,43.01113,3131.82666,-0.63853,49.2118,7.902393572276806,2.9438495301617524,-10.99999981236023
14.63246,17.87508,42.95875,3127.56277,-0.63995,49.18182,7.939165339874801,2.957547981115441,-10.99999981236023
14.65984,17.90783,42.90636,3123.27858,-0.64052,49.15161,7.975986053936316,2.9712646659146484,-10.99999981236023
14.6872,17.94053,42.85403,3118.97386,-0.64023,49.12115,8.012773680083477,2.9849690245951646,-10.99999981236023
14.71454,17.97316,42.80183,3114.64842,-0.63909,49.09044,8.049445148616279,2.9986301115080414,-10.99999981236023
14.74186,18.00574,42.74983,3110.30215,-0.63709,49.05949,8.085916590716764,3.0122166833118666,-10.99999981236023
14.76916,18.03827,42.6981,3105.93497,-0.63424,49.02829,8.122103590120984,3.0256972927271972,-10.99999981236023
14.79644,18.07074,42.64671,3101.54683,-0.63054,48.99685,8.157921449459407,3.039040387755357,-10.99999981236023
14.82369,18.10315,42.59573,3097.13777,-0.62602,48.96517,8.193285470227982,3.0522144159750395,-10.99999981236023
14.85093,18.1355,42.54522,3092.70784,-0.62067,48.93324,8.22811124519096,3.0651879334700345,-10.99999981236023
14.87814,18.16779,42.49525,3088.25716,-0.61451,48.90107,8.262314961804316,3.0779297178624576,-10.99999981236023
14.90533,18.20003,42.44587,3083.7859,-0.60756,48.86867,8.295813715029121,3.0904088848439417,-10.99999981236023
14.9325,18.23221,42.39717,3079.29428,-0.59984,48.83602,8.328525827755433,3.10259500754198,-10.99999981236023
14.95965,18.26433,42.34918,3074.78257,-0.59137,48.80315,8.360371176864332,3.114458237986608,-10.99999981236023
14.98678,18.29639,42.30198,3070.25108,-0.58216,48.77005,8.39127152280151,3.12596942988524,-10.99999981236023
15.01389,18.32839,42.25561,3065.70018,-0.57226,48.73672,8.421150840403739,3.1371002618642314,-10.99999981236023
15.04097,18.36033,42.21014,3061.1303,-0.56167,48.70317,8.449935648590543,3.1478233602877017,-10.99999981236023
15.06803,18.39221,42.16561,3056.54188,-0.55044,48.66941,8.477555336457772,3.1581124207359688,-10.99999981236023
15.09507,18.42404,42.12207,3051.93544,-0.53859,48.63543,8.503942483243188,3.1679423272011533,-10.99999981236023
15.12208,18.4558,42.07956,3047.31154,-0.52616,48.60125,8.529033169585079,3.177289268039197,-10.99999981236023
15.14908,18.4875,42.03813,3042.67078,-0.51318,48.56688,8.552767277524268,3.186130847728509,-10.99999981236023
15.17605,18.51914,41.99782,3038.01378,-0.49969,48.53231,8.575088776683614,3.1944461934793558,-10.99999981236023
15.203,18.55072,41.95866,3033.34124,-0.48573,48.49755,8.595945994183314,3.2022160557844153,-10.99999981236023
15.22992,18.58223,41.92068,3028.65387,-0.47133,48.46262,8.615291865887324,3.2094229020146776,-10.99999981236023
15.25682,18.61369,41.88392,3023.95242,-0.45655,48.42751,8.633084166753319,3.2160510022308713,-10.99999981236023
15.2837,18.64508,41.8484,3019.23767,-0.44141,48.39225,8.64928571819219,3.2220865064303252,-10.99999981236023
15.31056,18.67641,41.81415,3014.51045,-0.42598,48.35682,8.663864570543717,3.227517512523961,-10.99999981236023
15.33739,18.70768,41.78117,3009.77158,-0.41028,48.32125,8.676794159011004,3.232334124425972,-10.99999981236023
15.3642,18.73889,41.7495,3005.02195,-0.39437,48.28554,8.688053431588298,3.2365284997103045,-10.99999981236023
15.39099,18.77004,41.71913,3000.26244,-0.3783,48.2497,8.697626947866329,3.240094886418245,-10.99999981236023
15.41775,18.80112,41.69007,2995.49396,-0.3621,48.21374,8.705504947773871,3.243029648666457,-10.99999981236023
15.44449,18.83214,41.66233,2990.71744,-0.34583,48.17767,8.71168338972389,3.245331280857431,-10.99999981236023
15.47121,18.8631,41.63591,2985.9338,-0.32954,48.14148,8.716163957819855,3.247000410364019,-10.99999981236023
15.4979,18.89399,41.61081,2981.144,-0.31327,48.10521,8.718954038180588,3.248039788709825,-10.99999981236023
15.52456,18.92482,41.58701,2976.349,-0.29707,48.06884,8.720066664669643,3.2484542713519624,-10.99999981236023
15.55121,18.95559,41.56451,2971.54973,-0.28098,48.0324,8.71952043468627,3.24825078631098,-10.99999981236023
15.57783,18.98629,41.54329,2966.74717,-0.26507,47.99589,8.717339395874564,3.247438291967036,-10.99999981236023
15.60442,19.01694,41.52333,2961.94227,-0.24936,47.95931,8.713552904965416,3.2460277244748053,-10.99999981236023
15.63099,19.04751,41.50461,2957.13597,-0.23391,47.92268,8.708195460151922,3.244031935318922,-10.99999981236023
15.65754,19.07803,41.4871,2952.32921,-0.21876,47.88601,8.701306508684493,3.2414656196380824,-10.99999981236023
15.68406,19.10848,41.47078,2947.52291,-0.20395,47.8493,8.692930231512323,3.238345235998333,-10.99999981236023
15.71056,19.13887,41.45562,2942.71799,-0.18954,47.81257,8.683115307046899,3.2346889183887577,-10.99999981236023
15.73702,19.16921,41.44175,2937.91479,-0.17089,47.82421,8.671692603539524,3.2304336607828428,0.0
15.76344,19.1995,41.42931,2933.1138,-0.15272,47.83586,8.658500566640553,3.2255192799345953,0.0
15.7898,19.22976,41.41828,2928.31612,-0.13507,47.84751,8.643605856827875,3.2199706086259714,0.0
15.81611,19.25998,41.40859,2923.5228,-0.118,47.85918,8.627080346600568,3.2138144212539568,0.0
15.84238,19.29016,41.4002,2918.73491,-0.10155,47.87084,8.60900055305201,3.20707922244912,0.0
15.8686,19.32029,41.39305,2913.95345,-0.08578,47.88251,8.58944722738114,3.1997950941577593,0.0
15.89476,19.35039,41.38709,2909.17939,-0.07072,47.89419,8.568504933059376,3.1919935384979747,0.0
15.92088,19.38045,41.38226,2904.41367,-0.05641,47.90587,8.546261616355027,3.18370731776872,0.0
15.94695,19.41047,41.37849,2899.6572,-0.0429,47.91756,8.522808172850969,3.1749702929662202,0.0
15.97298,19.44044,41.37572,2894.91082,-0.03023,47.92926,8.49823801342727,3.1658172621010903,0.0
15.99895,19.47038,41.37389,2890.17536,-0.01842,47.94096,8.472646633028129,3.156283799552667,0.0
16.02488,19.50028,41.37291,2885.45158,-0.00751,47.95266,8.446131185345852,3.1464060976276014,0.0
16.05075,19.53014,41.37273,2880.74019,0.00248,47.96438,8.41879006630204,3.136220811395644,0.0
16.07658,19.55996,41.37326,2876.04188,0.01151,47.97609,8.390722508951237,3.12576490778059,0.0
16.10236,19.58974,41.37444,2871.35726,0.01957,47.98782,8.36202819216718,3.1150755197856155,0.0
16.1281,19.61949,41.37618,2866.68691,0.02664,47.99955,8.332806865200041,3.1041898066309703,0.0
16.15378,19.64919,41.37841,2862.03135,0.03269,48.01129,8.303157989850579,3.0931448204544356,0.0
16.17942,19.67885,41.38105,2857.39104,0.03772,48.02303,8.2731804017679,3.0819773801358243,0.0
16.20501,19.70848,41.38403,2852.76641,0.04172,48.03478,8.242971992049553,3.0707239526846437,0.0
16.23055,19.73806,41.38725,2848.15782,0.04467,48.04654,8.212629410040043,3.0594205425247196,0.0
16.25605,19.76761,41.39066,2843.56558,0.04657,48.05831,8.182247787946265,3.0481025889062003,0.0
16.2815,19.79712,41.39416,2838.98996,0.04742,48.07008,8.151920487631562,3.0368048715796774,0.0
16.3069,19.82659,41.39768,2834.43117,0.04721,48.08186,8.121738869689302,3.025561424770024,0.0
16.33226,19.85603,41.40114,2829.88936,0.04596,48.09364,8.091792084665494,3.0144054594013197,0.0
16.35757,19.88542,41.40447,2825.36466,0.04367,48.10544,8.062166886099918,3.0033692934497553,0.0
16.38283,19.91478,41.40758,2820.85711,0.04034,48.11724,8.032947464857918,2.992484290227867,0.0
16.40805,19.9441,41.4104,2816.36674,0.03599,48.12905,8.004215304056673,2.981780804340754,0.0
16.43322,19.97338,41.41286,2811.89349,0.03063,48.14086,7.976049053715188,2.9712881349899027,0.0
16.45834,20.00263,41.41489,2807.4373,0.02427,48.15269,7.948524424209671,2.9610344862825086,0.0
16.48342,20.03184,41.4164,2802.99803,0.01694,48.16452,7.92171409741202,2.95104693412823,0.0
16.50846,20.06101,41.41735,2798.5755,0.00865,48.17636,7.895687654378647,2.9413513993013685,0.0
16.53345,20.09014,41.41765,2794.16951,-0.00056,48.18821,7.870511518365895,2.9319726262126125,0.0
16.55839,20.11924,41.41724,2789.77979,-0.01069,48.20007,7.846248911902655,2.9229341669174587,0.0
16.58329,20.1483,41.41607,2785.40603,-0.02169,48.21193,7.822959826628888,2.914258369880268,0.0
16.60815,20.17733,41.41406,2781.04791,-0.03355,48.22381,7.800701004612202,2.905966373014198,0.0
16.63296,20.20632,41.41116,2776.70504,-0.04623,48.23569,7.779525929820955,2.898078100504709,0.0
16.65772,20.23527,41.40732,2772.377,-0.05969,48.24758,7.759484828485422,2.8906122629441104,0.0
16.68244,20.26419,41.40248,2768.06335,-0.07391,48.25948,7.7406246771022715,2.883586360313438,0.0
16.70712,20.29307,41.39659,2763.7636,-0.08885,48.27139,7.722989216850533,2.8770166873527807,0.0
16.73176,20.32191,41.38961,2759.47722,-0.10447,48.28331,7.706618973272412,2.8709183408928984,0.0
16.75634,20.35072,41.38148,2755.20368,-0.12074,48.29523,7.691551280110887,2.865305228735363,0.0
16.78089,20.3795,41.37218,2750.9424,-0.1376,48.30717,7.677820306245411,2.8601900796868076,0.0
16.80539,20.40824,41.36165,2746.69276,-0.15503,48.31911,7.665457084772622,2.855584454392259,0.0
16.82985,20.43694,41.34987,2742.45412,-0.17298,48.33107,7.654489543317469,2.851498756626831,0.0
16.85427,20.46561,41.3368,2738.22584,-0.19141,48.34303,7.6449425347543665,2.847942244740162,0.0
16.87864,20.49424,41.32242,2734.00722,-0.21027,48.355,7.636837867597675,2.8449230429776677,0.0
16.90297,20.52284,41.30669,2729.79756,-0.22951,48.36698,7.630194335397924,2.8424481524314076,0.0
16.92725,20.5514,41.28961,2725.59613,-0.2491,48.37897,7.62502774457473,2.8405234614085817,0.0
16.95149,20.57993,41.27114,2721.40218,-0.26899,48.39097,7.621350940175313,2.8391537550272536,0.0
16.97569,20.60842,41.25127,2717.21495,-0.28913,48.40298,7.619173829180304,2.838342723898374,0.0
16.99985,20.63688,41.23,2713.03365,-0.30947,48.415,7.618503401009408,2.8380929717646888,0.0
17.02396,20.6653,41.20731,2708.85749,-0.32997,48.42703,7.619343745012022,2.8384060220164438,0.0
17.04803,20.69369,41.1832,2704.68565,-0.35057,48.43907,7.621696064785099,2.839282323025173,0.0
17.07206,20.72205,41.15766,2700.51732,-0.37124,48.45111,7.6255586892544684,2.8407212522717797,0.0
17.09605,20.75036,41.13071,2696.35165,-0.39191,48.46317,7.630927080544472,2.842721119278182,0.0
17.11999,20.77865,41.10234,2692.18781,-0.41255,48.47523,7.6377938387289115,2.845279167377168,0.0
17.14389,20.8069,41.07256,2688.02494,-0.43311,48.4873,7.646148703658486,2.8483915743931605,0.0
17.16775,20.83511,41.04138,2683.8622,-0.45353,48.49938,7.655978554125909,2.8520534523312078,0.0
17.19156,20.86329,41.00883,2679.69871,-0.47377,48.51147,7.6672674047127085,2.8562588462023255,0.0
17.21533,20.89144,40.97492,2675.53363,-0.49379,48.52357,7.679996400738963,2.8610007321421476,0.0
17.23906,20.91955,40.93966,2671.36609,-0.51353,48.53568,7.694143811803388,2.866271015004434,0.0
17.26275,20.94762,40.9031,2667.19522,-0.53296,48.54779,7.709685024501592,2.8720605256484313,0.0
17.28639,20.97567,40.86525,2663.02017,-0.55202,48.55992,7.726592534934512,2.8783590181480667,0.0
17.30999,21.00367,40.82614,2658.84008,-0.57067,48.57205,7.7448359417258725,2.8851551671907707,0.0
17.33355,21.03164,40.78581,2654.65412,-0.58886,48.58419,7.764381940302828,2.8924365659468614,0.0
17.35707,21.05958,40.7443,2650.46143,-0.60656,48.59634,7.78519431926091,2.9001897247153945,0.0
17.38054,21.08748,40.70165,2646.2612,-0.62372,48.60849,7.8072339596874265,2.9084000706721116,0.0
17.40397,21.11534,40.6579,2642.0526,-0.64031,48.62066,7.830458838364901,2.9170519490628073,0.0
17.42736,21.14317,40.61309,2637.83484,-0.65627,48.63283,7.854824035787985,2.926128626189833,0.0
17.45071,21.17096,40.56727,2633.60713,-0.67158,48.645,7.880281750005319,2.935612294568564,0.0
17.47401,21.19872,40.5205,2629.3687,-0.6862,48.65719,7.90678131728174,2.9454840806246088,0.0
17.49727,21.22644,40.47282,2625.11881,-0.70008,48.66938,7.934269240601784,2.9557240553121167,0.0
17.52048,21.25413,40.42429,2620.85672,-0.71321,48.68158,7.962689227034316,2.9663112480330818,0.0
17.54365,21.28178,40.37497,2616.58174,-0.72554,48.69378,7.991982234985497,2.977223664240323,0.0
17.56678,21.30939,40.32491,2612.29319,-0.73705,48.70599,8.022086532314246,2.9884383070870157,0.0
17.58987,21.33697,40.27418,2607.99043,-0.74771,48.71821,8.052937766276974,2.999931203482951,0.0
17.61291,21.3645,40.22284,2603.67283,-0.75749,48.73043,8.084469046223637,3.011677434900989,0.0
17.63591,21.39201,40.17094,2599.3398,-0.76637,48.74265,8.116611039862974,3.023651173238394,0.0
17.65886,21.41947,40.11856,2594.99081,-0.77432,48.75489,8.14929208390104,3.035825722032594,0.0
17.68177,21.4469,40.06575,2590.62532,-0.78134,48.76712,8.18243830970008,3.048173563272425,0.0
17.70464,21.47429,40.0126,2586.24286,-0.7874,48.77937,8.215973784555132,3.06066641002738,0.0
17.72746,21.50165,39.95916,2581.84299,-0.79248,48.79161,8.24982066901568,3.073275265054062,0.0
17.75024,21.52896,39.90549,2577.42531,-0.79658,48.80386,8.283899390561807,3.0859704854951233,0.0
17.77297,21.55624,39.85168,2572.98945,-0.79968,48.81612,8.318128833812345,3.0987218537368055,0.0
17.79566,21.58348,39.79779,2568.53511,-0.80178,48.82837,8.352426547223898,3.11149865440976,0.0
17.8183,21.61068,39.74388,2564.06202,-0.80288,48.84064,8.386708966135341,3.124269757479001,0.0
17.8409,21.63784,39.69002,2559.56994,-0.80297,48.8529,8.420891651740135,3.1370037072673753,0.0
17.86346,21.66496,39.63629,2555.05871,-0.80206,48.86517,8.45488954546001,3.1496688172164493,0.0
17.88597,21.69205,39.58275,2550.5282,-0.80014,48.87744,8.48861723791881,3.16223327008635,0.0
17.90843,21.71909,39.52946,2545.97833,-0.79724,48.88971,8.521989251564468,3.1746652232398826,0.0
17.93085,21.74609,39.47649,2541.40907,-0.79335,48.90198,8.554920335726726,3.186932918559295,0.0
17.95322,21.77306,39.42392,2536.82045,-0.78849,48.91426,8.587325772757346,3.199004796491565,0.0
17.97555,21.79998,39.37179,2532.21253,-0.78268,48.92654,8.619121693633275,3.210849613618876,0.0
17.99783,21.82687,39.32017,2527.58545,-0.77594,48.93882,8.650225401284608,3.222436563106801,0.0
18.02006,21.85371,39.26912,2522.93937,-0.76828,48.95109,8.680555699638836,3.23373539728193,0.0
18.04225,21.88051,39.2187,2518.27452,-0.75974,48.96338,8.710033226320286,3.2447165515711758,0.0
18.06439,21.90727,39.16896,2513.59118,-0.75033,48.97566,8.738580786707512,3.2553512689469373,0.0
18.08649,21.93399,39.11997,2508.88968,-0.7401,48.98794,8.766123686974101,3.265611723993563,0.0
18.10853,21.96067,39.07176,2504.17038,-0.72907,49.00022,8.792590063637325,3.2754711456728947,0.0
18.13054,21.98731,39.02439,2499.43372,-0.71728,49.0125,8.817911207073154,3.2849039378421216,0.0
18.15249,22.0139,38.97791,2494.68016,-0.70476,49.02478,8.842021876395014,3.293885796554405,0.0
18.1744,22.04046,38.93235,2489.91021,-0.69156,49.03706,8.864860603127989,3.3023938231855046,0.0
18.19626,22.06697,38.88776,2485.12444,-0.67772,49.04934,8.886369981085782,3.310406632420577,0.0
18.21807,22.09343,38.84418,2480.32344,-0.66328,49.06162,8.906496939972449,3.3179044541780205,0.0
18.23984,22.11986,38.80163,2475.50786,-0.64829,49.07389,8.925193000302144,3.3248692285737853,0.0
18.26156,22.14624,38.76016,2470.67838,-0.6328,49.08617,8.942414507323459,3.3312846930643465,0.0
18.28323,22.17258,38.71978,2465.8357,-0.61686,49.09844,8.958122841872573,3.337136460995047,0.0
18.30485,22.19888,38.68052,2460.98057,-0.60052,49.11071,8.972284606208724,3.3424120908287094,0.0
18.32643,22.22513,38.64241,2456.11378,-0.58383,49.12298,8.984871783123305,3.3471011454179473,0.0
18.34795,22.25134,38.60545,2451.23613,-0.56685,49.13525,8.9958618668676,3.3511952407792043,0.0
18.36943,22.2775,38.56966,2446.34843,-0.54963,49.14751,9.005237964708822,3.354688083925041,0.0
18.39086,22.30362,38.53505,2441.45156,-0.53222,49.15977,9.01298886819145,3.3575754994108644,0.0
18.41225,22.3297,38.50163,2436.54638,-0.51469,49.17203,9.019109093499777,3.3598554443710356,0.0
18.43358,22.35573,38.46939,2431.63377,-0.4971,49.18429,9.02359889060675,3.3615280119270547,0.0
18.45487,22.38172,38.43834,2426.71463,-0.47949,49.19654,9.026464221210421,3.3625954229683086,0.0
18.47611,22.40766,38.40846,2421.78988,-0.46192,49.20879,9.027716705774607,3.363062006423318,0.0
18.4973,22.43356,38.37976,2416.86043,-0.44446,49.22104,9.027373540258882,3.3629341682394833,0.0
18.51844,22.45941,38.35221,2411.92719,-0.42715,49.23329,9.025457383460186,3.3622203494148493,0.0
18.53953,22.48522,38.32581,2406.99108,-0.41006,49.24553,9.021996216137902,3.3609309735185056,0.0
18.56058,22.51099,38.30053,2402.05303,-0.39324,49.25777,9.017023173334197,3.3590783842254943,0.0
18.58158,22.53671,38.27634,2397.11394,-0.37674,49.27,9.010576351575427,3.3566767734942635,0.0
18.60253,22.56238,38.25323,2392.17471,-0.36062,49.28223,9.002698592808551,3.3537421010772936,0.0
18.62343,22.58801,38.23116,2387.23623,-0.34493,49.29446,8.993437247136772,3.3502920061338863,0.0
18.64428,22.61359,38.21011,2382.29938,-0.32972,49.30669,8.982843916543954,3.3463457117607582,0.0
18.66508,22.63913,38.19002,2377.365,-0.31503,49.31891,8.97097418191563,3.341923923300193,0.0
18.68584,22.66463,38.17088,2372.43394,-0.30092,49.33113,8.95788731576795,3.33704872132401,0.0
18.70655,22.69008,38.15263,2367.50702,-0.28743,49.34334,8.943645983128905,3.3317434502039527,0.0
18.72721,22.71548,38.13523,2362.58502,-0.2746,49.35556,8.928315933037457,3.326032603186995,0.0
18.74782,22.74084,38.11864,2357.6687,-0.26247,49.36777,8.911965683119941,3.319941704891754,0.0
18.76838,22.76616,38.10281,2352.7588,-0.25109,49.37997,8.894666199669123,3.3134971921295193,0.0
18.7889,22.79143,38.08769,2347.85602,-0.24048,49.39217,8.876490575558519,3.306726293918868,0.0
18.80937,22.81665,38.07323,2342.96103,-0.23068,49.40437,8.857513708261218,3.299656911539194,0.0
18.82979,22.84183,38.05938,2338.07447,-0.22172,49.41657,8.837811980108148,3.2923174994185094,0.0
18.85016,22.86697,38.04607,2333.19693,-0.21364,49.42876,8.817462942787476,3.284736947601163,0.0
18.87049,22.89206,38.03326,2328.32899,-0.20644,49.44096,8.796545007955967,3.276944466492437,0.0
18.89076,22.9171,38.02088,2323.47117,-0.20017,49.45314,8.775137145623471,3.2689694744988236,0.0
18.91099,22.9421,38.00889,2318.62395,-0.19483,49.46533,8.753318591859177,3.260841489140924,0.0
18.93118,22.96706,37.99721,2313.78779,-0.19045,49.47751,8.731168567129725,3.2525900221269763,0.0
18.95131,22.99197,37.9858,2308.96308,-0.18703,49.48969,8.708766006436855,3.2442444788220364,0.0
18.9714,23.01684,37.97458,2304.15021,-0.1846,49.50187,8.686189302200098,3.235834062465004,0.0
18.99145,23.04166,37.96351,2299.34949,-0.18315,49.51405,8.663516060695882,3.2273876834357957,0.0
19.01144,23.06644,37.95251,2294.5612,-0.1827,49.52622,8.640822872610682,3.2189338737803452,0.0
19.03139,23.09118,37.94154,2289.7856,-0.18324,49.53839,8.618185098176943,3.2105007071680833,0.0
19.05129,23.11587,37.93052,2285.02287,-0.18478,49.55056,8.595676667123566,3.202115724368237,0.0
19.07115,23.14052,37.91941,2280.2732,-0.18732,49.56273,8.573369893553368,3.1938058642868024,0.0
19.09096,23.16512,37.90814,2275.53668,-0.19084,49.57489,8.55133530570455,3.1855974005482186,0.0
19.11073,23.18968,37.89665,2270.8134,-0.19535,49.58706,8.529641490432047,3.1775158835605777,0.0
19.13044,23.21419,37.88489,2266.10341,-0.20082,49.59922,8.508354952097086,3.169586087948274,0.0
19.15012,23.23867,37.8728,2261.40669,-0.20726,49.61138,8.487539985467928,3.161831965204179,0.0
19.16974,23.2631,37.86033,2256.72321,-0.21463,49.62354,8.467258562142542,3.1542766013791077,0.0
19.18933,23.28748,37.84742,2252.05289,-0.22292,49.6357,8.447570229906965,3.146942179590158,0.0
19.20886,23.31183,37.83403,2247.39562,-0.23212,49.64786,8.428532024388316,3.1398499471091257,0.0
19.22835,23.33613,37.82009,2242.75124,-0.24219,49.66001,8.410198392306972,3.1330201867719336,0.0
19.2478,23.36038,37.80557,2238.11956,-0.25312,49.67217,8.392621125594076,3.1264721924356578,0.0
19.2672,23.3846,37.79042,2233.50036,-0.26488,49.68432,8.37584930558813,3.1202242481902998,0.0
19.28656,23.40877,37.77458,2228.89339,-0.27743,49.69648,8.35992925656255,3.114293611046571,0.0
19.30587,23.4329,37.75803,2224.29836,-0.29075,49.70863,8.344904507747987,3.108696496788213,0.0
19.32513,23.45698,37.74071,2219.71494,-0.3048,49.72078,8.330815763099084,3.103448068709315,0.0
19.34436,23.48103,37.72259,2215.14278,-0.31955,49.73294,8.317700878020917,3.098562428944303,0.0
19.36354,23.50503,37.70363,2210.5815,-0.33496,49.74509,8.3055948422839,3.094052612103294,0.0
19.38267,23.52899,37.68381,2206.0307,-0.351,49.75724,8.294529768436073,3.0899305809553623,0.0
19.40176,23.55291,37.66308,2201.48993,-0.36763,49.76939,8.284534884982413,3.0862072238876643,0.0
19.4208,23.57678,37.64142,2196.95873,-0.38479,49.78154,8.27563653372538,3.082892353914706,0.0
19.43981,23.60061,37.61881,2192.43663,-0.40247,49.79369,8.267858170627456,3.0799947089996795,0.0
19.45876,23.6244,37.59521,2187.9231,-0.4206,49.80584,8.26122036966632,3.0775219534906015,0.0
19.47768,23.64815,37.57062,2183.41762,-0.43915,49.81799,8.25574082917611,3.075480680482611,0.0
19.49655,23.67186,37.545,2178.91963,-0.45807,49.83014,8.251434380242186,3.0738764149452336,0.0
19.51538,23.69553,37.51835,2174.42858,-0.47732,49.84229,8.248312996758644,3.0727136174690712,0.0
19.53416,23.71915,37.49066,2169.94386,-0.49685,49.85444,8.246385806835281,3.071995688515201,0.0
19.5529,23.74273,37.4619,2165.46488,-0.51661,49.86659,8.245659105304467,3.0717249730743044,0.0
19.57159,23.76627,37.43208,2160.99101,-0.53656,49.87874,8.246136367120517,3.071902765658297,0.0
19.59025,23.78977,37.40119,2156.52163,-0.55665,49.89089,8.247818261542756,3.072529315583887,0.0
19.60886,23.81323,37.36923,2152.05609,-0.57682,49.90303,8.250702667006573,3.073603832512434,0.0
19.62742,23.83664,37.33619,2147.59374,-0.59705,49.91518,8.254784686716471,3.075124492258774,0.0
19.64595,23.86001,37.30209,2143.13392,-0.61726,49.92733,8.260056664986992,3.0770884428786394,0.0
19.66443,23.88335,37.26693,2138.67595,-0.63743,49.93948,8.26650820447171,3.079491811086917,0.0
19.68287,23.90664,37.23072,2134.21917,-0.65749,49.95162,8.274126184441586,3.0823297090668125,0.0
19.70126,23.92988,37.19346,2129.76288,-0.67741,49.96377,8.282894780351512,3.0855962417589033,0.0
19.71961,23.95309,37.15518,2125.30642,-0.69713,49.97591,8.29279548497445,3.089284514734165,0.0
19.73792,23.97626,37.1159,2120.8491,-0.71661,49.98806,8.30380713144242,3.0933866427773387,0.0
19.75618,23.99938,37.07562,2116.39024,-0.73581,50.0002,8.315905918555956,3.0978937593153795,0.0
19.77441,24.02246,37.03437,2111.92916,-0.75467,50.01234,8.329065438800093,3.1027960268541364,0.0
19.79259,24.0455,36.99217,2107.46518,-0.77316,50.02449,8.34325670950647,3.1080826485870667,0.0
19.81072,24.0685,36.94906,2102.99765,-0.79123,50.03663,8.358448207651998,3.113741881358649,0.0
19.82881,24.09145,36.90506,2098.52588,-0.80883,50.04876,8.374605908800147,3.119761050171037,0.0
19.84686,24.11436,36.8602,2094.04925,-0.82594,50.0609,8.391693330726575,3.1261265644357614,0.0
19.86487,24.13723,36.81452,2089.56709,-0.84251,50.07304,8.409671582251582,3.1328239361650936,0.0
19.88284,24.16006,36.76804,2085.07879,-0.85849,50.08517,8.428499417845,3.1398378003138108,0.0
19.90076,24.18285,36.72081,2080.58373,-0.87386,50.0973,8.448133298537604,3.147151937470297,0.0
19.91863,24.20559,36.67286,2076.08131,-0.88859,50.10943,8.46852745967422,3.1547492990963613,0.0
19.93647,24.22829,36.62423,2071.57095,-0.90262,50.12156,8.489633986037544,3.1626120355128315,0.0
19.95426,24.25095,36.57497,2067.05209,-0.91594,50.13368,8.511402894812539,3.1707215268059783,0.0
19.97201,24.27356,36.52512,2062.52419,-0.92852,50.14581,8.533782226869302,3.179058416832789,0.0
19.98971,24.29614,36.47472,2057.98673,-0.94033,50.15793,8.556718146760655,3.1876026504726895,0.0
20.00737,24.31866,36.42381,2053.43921,-0.95134,50.17004,8.580155051792964,3.1963335142593094,0.0
20.02499,24.34115,36.37245,2048.88117,-0.96152,50.18215,8.604035690479012,3.205229680507282,0.0
20.04256,24.36359,36.32068,2044.31216,-0.97087,50.19426,8.62830129057949,3.2142692550110743,0.0
20.06009,24.38599,36.26855,2039.73176,-0.97936,50.20637,8.652891696898704,3.223429828377512,0.0
20.07758,24.40834,36.21611,2035.1396,-0.98697,50.21847,8.677745518876362,3.2326885310076023,0.0
20.09502,24.43066,36.1634,2030.53532,-0.9937,50.23057,8.702800287955199,3.242022091720118,0.0
20.11242,24.45292,36.11048,2025.9186,-0.99952,50.24266,8.727992624592186,3.2514068999676664,0.0
20.12978,24.47514,36.0574,2021.28914,-1.00443,50.25475,8.753258414646062,3.2608190715456815,0.0
20.14709,24.49732,36.0042,2016.6467,-1.00844,50.26683,8.77853299482825,3.2702345176777734,0.0
20.16435,24.51946,35.95094,2011.99105,-1.01152,50.27891,8.803751346714993,3.279629017290357,0.0
20.18158,24.54154,35.89766,2007.32201,-1.01369,50.29098,8.828848298762754,3.2889782922686988,0.0
20.19876,24.56359,35.84442,2002.63944,-1.01494,50.30305,8.853758735620008,3.2982580854310672,0.0
20.21589,24.58559,35.79126,1997.94322,-1.01529,50.31511,8.878417813907632,3.307444240912606,0.0
20.23298,24.60754,35.73823,1993.23329,-1.01473,50.32717,8.90276118355411,3.3165127866185227,0.0
20.25002,24.62945,35.68538,1988.5096,-1.01328,50.33921,8.926725213658617,3.325440018364031,0.0
20.26702,24.65131,35.63275,1983.77217,-1.01096,50.35126,8.950247221699573,3.3342025852605675,0.0
20.28398,24.67313,35.58039,1979.02104,-1.00778,50.36329,8.973265704908048,3.3427775759084675,0.0
20.30089,24.6949,35.52834,1974.25629,-1.00376,50.37532,8.995720572433875,3.3511426048849615,0.0
20.31776,24.71662,35.47665,1969.47803,-0.99891,50.38734,9.017553376953673,3.359275899024246,0.0
20.33458,24.7383,35.42535,1964.68644,-0.99328,50.39936,9.038707544244426,3.367156382939691,0.0
20.35135,24.75993,35.37449,1959.88171,-0.98688,50.41136,9.059128599209256,3.374763763224384,0.0
20.36808,24.78151,35.32409,1955.06406,-0.97974,50.42336,9.078764386861796,3.3820786107736227,0.0
20.38477,24.80305,35.27421,1950.23376,-0.9719,50.43535,9.097565286676582,3.389082440636077,0.0
20.40141,24.82454,35.22487,1945.39114,-0.96338,50.44734,9.115484418802149,3.3957577888335915,0.0
20.418,24.84598,35.17609,1940.53651,-0.95423,50.45931,9.132477840595223,3.4020882855753496,0.0
20.43455,24.86738,35.12792,1935.67026,-0.94449,50.47128,9.148504731985199,3.4080587243110076,0.0
20.45105,24.88873,35.08038,1930.79278,-0.9342,50.48323,9.163527568281188,3.4136551261058745,0.0
20.46751,24.91003,35.03349,1925.90452,-0.92339,50.49518,9.177512279030823,3.4188647988199996,0.0
20.48392,24.93128,34.98728,1921.00594,-0.91211,50.50712,9.190428391708403,3.4236763906357766,0.0
20.50029,24.95249,34.94176,1916.09752,-0.90041,50.51905,9.202249159076912,3.4280799375036533,0.0
20.51661,24.97364,34.89695,1911.1798,-0.88834,50.53097,9.212951669196354,3.4320669041231335,0.0
20.53288,24.99475,34.85287,1906.2533,-0.87595,50.54288,9.22251693721386,3.4356302181370033,0.0
20.54911,25.01581,34.80953,1901.31859,-0.86327,50.55478,9.230929978188069,3.4387642972603274,0.0
20.56529,25.03682,34.76694,1896.37626,-0.85038,50.56667,9.238179860385157,3.4414650691346242,0.0
20.58143,25.05778,34.7251,1891.4269,-0.83731,50.57855,9.244259738638553,3.4437299837552384,0.0
0.04802,0.04802,51.78755,5073.76506,-0.48503,45.0001,6.035884595161196,2.2485258253793083,0.0
0.09601,0.09601,51.72418,5070.50002,-0.46935,45.00025,6.082088644026886,2.2657380492834696,0.0
0.14397,0.14397,51.66297,5067.20554,-0.45299,45.00045,6.126702381508767,2.2823578403535505,0.0
0.1919,0.1919,51.60402,5063.88239,-0.43597,45.0007,6.169612374412618,2.298342941740098,0.0
0.2398,0.2398,51.54741,5060.53137,-0.41832,45.00099,6.2107081787319,2.313652210144719,0.0
0.28766,0.28767,51.4932,5057.15339,-0.40008,45.00133,6.249882941324432,2.328245839960476,0.0
0.3355,0.33551,51.44149,5053.74939,-0.38128,45.00172,6.287033998608055,2.342085586301773,0.0
0.3833,0.38331,51.39234,5050.32039,-0.36195,45.00216,6.322063466560788,2.355134984794938,0.0
0.43107,0.43109,51.3458,5046.86749,-0.34213,45.00264,6.354878816205123,2.3673595659612667,0.0
0.4788,0.47883,51.30195,5043.39182,-0.32186,45.00317,6.3853934287138285,2.3787270620085357,0.0
0.52651,0.52654,51.26082,5039.89457,-0.30117,45.00375,6.413527124307277,2.389207603859177,0.0
0.57418,0.57422,51.22249,5036.37701,-0.28011,45.00437,6.439206659276809,2.398773906304557,0.0
0.62181,0.62186,51.18697,5032.84043,-0.25873,45.00504,6.46236618568788,2.4074014392564953,0.0
0.66942,0.66948,51.15432,5029.28618,-0.23706,45.00575,6.482947668641726,2.415068583188211,0.0
0.71698,0.71706,51.12456,5025.71565,-0.21514,45.00652,6.5009012564065305,2.421756767017925,0.0
0.76452,0.76461,51.09771,5022.13025,-0.19303,45.00732,6.516185599181002,2.427450586856677,0.0
0.81202,0.81213,51.0738,5018.53146,-0.17077,45.00818,6.528768112875427,2.4321379042737106,0.0
0.85948,0.85961,51.05284,5014.92075,-0.1484,45.00908,6.538625184877692,2.435809922949728,0.0
0.90691,0.90707,51.03484,5011.29963,-0.12598,45.01003,6.545742319504361,2.4384612428612447,0.0
0.9543,0.95449,51.01971,5007.66976,-0.10464,45.02665,6.5501805129081125,2.4401145866800387,7.999999863534712
1.00165,1.0019,51.0074,5004.03273,-0.08333,45.04334,6.552009554397557,2.4407959527598346,7.999999863534712
1.04894,1.04928,50.99788,5000.39003,-0.0621,45.06009,6.551241481682707,2.440509825464343,7.999999863534712
1.09618,1.09665,50.99113,4996.74312,-0.04099,45.0769,6.5478967410520905,2.4392638215740163,7.999999863534712
1.14338,1.144,50.98714,4993.09347,-0.02004,45.09374,6.542004066411697,2.4370686452248687,7.999999863534712
1.19053,1.19132,50.98588,4989.44254,0.0007,45.11063,6.533600279233725,2.4339380133841257,7.999999863534712
1.23763,1.23863,50.98731,4985.79178,0.02118,45.12755,6.522730038207342,2.429888562588543,7.999999863534712
1.28468,1.28592,50.9914,4982.14263,0.04137,45.1445,6.50944554162614,2.424939738075904,7.999999863534712
1.33168,1.33318,50.99809,4978.4965,0.06123,45.16148,6.493806186059004,2.4191136666309347,7.999999863534712
1.37864,1.38043,51.00734,4974.85477,0.08072,45.17847,6.475878185250016,2.412435014615496,7.999999863534712
1.42554,1.42766,51.0191,4971.2188,0.09979,45.19547,6.4557341536077875,2.4049308328073944,7.999999863534712
1.4724,1.47486,51.03329,4967.58992,0.11841,45.21247,6.433452658891762,2.3966303897642653,7.999999863534712
1.51921,1.52205,51.04987,4963.96942,0.13654,45.22948,6.409117748925103,2.3875649955116685,7.999999863534712
1.56597,1.56922,51.06876,4960.35854,0.15416,45.24648,6.382818457321637,2.3777678174133694,7.999999863534712
1.61268,1.61637,51.08989,4956.7585,0.17122,45.26347,6.354648293244272,2.3672736900929254,7.999999863534712
1.65935,1.6635,51.11317,4953.17046,0.18769,45.28045,6.324704720220373,2.3561189212786995,7.999999863534712
1.70596,1.71061,51.13854,4949.59554,0.20355,45.29742,6.293088628942852,2.3443410954083963,7.999999863534712
1.75253,1.7577,51.16589,4946.03479,0.21876,45.31436,6.259903808838746,2.3319788767744507,7.999999863534712
1.79905,1.80477,51.19516,4942.48924,0.2333,45.33127,6.225256422985129,2.3190718139163904,7.999999863534712
1.84553,1.85182,51.22624,4938.95984,0.24715,45.34816,6.189254490677046,2.3056601468637803,7.999999863534712
1.89195,1.89885,51.25904,4935.4475,0.26028,45.36501,6.15200738165576,2.2917846187229305,7.999999863534712
1.93833,1.94587,51.29347,4931.95306,0.27267,45.38183,6.113625325660696,2.2774862929720965,7.999999863534712
1.98467,1.99286,51.32942,4928.47733,0.2843,45.39861,6.074218940597814,2.2628063776917813,7.999999863534712
2.03095,2.03984,51.3668,4925.02103,0.29515,45.41535,6.033898782214333,2.247786057806718,7.999999863534712
2.07719,2.0868,51.4055,4921.58485,0.30521,45.43204,5.992774917784363,2.23246633627256,7.999999863534712
2.12339,2.13374,51.44541,4918.16941,0.31447,45.44869,5.950956525876339,2.216887884978709,7.999999863534712
2.16953,2.18067,51.48644,4914.77526,0.32292,45.4653,5.908551523883736,2.201090905993712,7.999999863534712
2.21564,2.22757,51.52847,4911.40292,0.33053,45.48185,5.865666224591986,2.1851150036274,7.999999863534712
2.26169,2.27446,51.5714,4908.05282,0.33732,45.49836,5.822405022653508,2.168999067634588,7.999999863534712
2.30771,2.32133,51.61512,4904.72538,0.34326,45.51482,5.778870111512879,2.152781167762253,7.999999863534712
2.35367,2.36818,51.65952,4901.42092,0.34836,45.53123,5.7351612309346205,2.1364984596969885,7.999999863534712
2.39959,2.41502,51.70449,4898.13973,0.35261,45.54758,5.691375444993994,2.1201871023607404,7.999999863534712
2.44547,2.46183,51.74992,4894.88203,0.35602,45.56388,5.647606950090509,2.1038821863907824,7.999999863534712
2.49131,2.50864,51.7957,4891.64802,0.35858,45.58014,5.603946912286945,2.0876176735442225,7.999999863534712
2.5371,2.55542,51.84172,4888.43781,0.36029,45.59634,5.560483333041698,2.071426346679772,7.999999863534712
2.58284,2.60219,51.88788,4885.25149,0.36117,45.61249,5.5173009422105315,2.0553397698980787,7.999999863534712
2.62855,2.64894,51.93407,4882.08908,0.36121,45.62859,5.474481117019559,2.0393882583570337,7.999999863534712
2.67421,2.69568,51.98018,4878.95058,0.36042,45.64464,5.432101825578835,2.0236008572290967,7.999999863534712
2.71983,2.7424,52.02611,4875.83593,0.3588,45.66065,5.390237593400606,2.008005329228464,7.999999863534712
2.7654,2.78911,52.07175,4872.74502,0.35638,45.6766,5.348959491292153,1.9926281501008336,7.999999863534712
2.81093,2.8358,52.117,4869.67771,0.35316,45.69251,5.308335142969134,1.9774945114595741,7.999999863534712
2.85643,2.88247,52.16176,4866.63382,0.34914,45.70838,5.268428750655018,1.962628330322191,7.999999863534712
2.90188,2.92913,52.20593,4863.61313,0.34435,45.72421,5.229301136989906,1.948052264722461,7.999999863534712
2.94729,2.97578,52.24942,4860.61539,0.3388,45.73999,5.191009801505945,1.9337877347490133,7.999999863534712
2.99265,3.02241,52.29212,4857.64029,0.3325,45.75574,5.153608990020613,1.9198549483961511,7.999999863534712
3.03798,3.06902,52.33396,4854.68752,0.32546,45.77145,5.117149775293057,1.9062729316104623,7.999999863534712
3.08327,3.11563,52.37482,4851.75673,0.31771,45.78712,5.08168014736388,1.8930595619447654,7.999999863534712
3.12851,3.16221,52.41464,4848.84751,0.30927,45.80277,5.047245112064098,1.8802316052552883,7.999999863534712
3.17372,3.20879,52.45331,4845.95946,0.30014,45.81838,5.013886796225954,1.8678047548954664,7.999999863534712
3.21889,3.25535,52.49076,4843.09213,0.29035,45.83397,4.981644558238014,1.8557936729006201,7.999999863534712
3.26402,3.3019,52.52691,4840.24506,0.27992,45.84954,4.950555102638533,1.8442120326770053,7.999999863534712
3.3091,3.34843,52.56168,4837.41774,0.26888,45.86508,4.920652597549028,1.8330725627489042,7.999999863534712
3.35415,3.39495,52.59499,4834.60967,0.25723,45.88061,4.8919687938102445,1.822387091139909,7.999999863534712
3.39916,3.44146,52.62677,4831.8203,0.245,45.89612,4.864533144793084,1.8121665900056454,7.999999863534712
3.44413,3.48796,52.65695,4829.04906,0.23222,45.91162,4.8383729259242125,1.8024212201602066,7.999999863534712
3.48907,3.53444,52.68547,4826.29539,0.21891,45.92711,4.813513353047685,1.7931603751689713,7.999999863534712
3.53396,3.58091,52.71225,4823.55866,0.20508,45.9426,4.789977698839721,1.7843927247161733,7.999999863534712
3.57882,3.62737,52.73724,4820.83828,0.19077,45.95808,4.767787406543722,1.776126256974184,7.999999863534712
3.62364,3.67382,52.76039,4818.13358,0.176,45.97356,4.746962200392354,1.7683683197386482,7.999999863534712
3.66842,3.72026,52.78163,4815.44394,0.16079,45.98905,4.7275201921272965,1.7611256601098895,7.999999863534712
3.71316,3.76668,52.80091,4812.76866,0.14516,46.00455,4.709477983107628,1.7544044625309732,7.999999863534712
3.75787,3.8131,52.81819,4810.10708,0.12915,46.02005,4.69285076154625,1.7482103850108306,7.999999863534712
3.80254,3.8595,52.83342,4807.45848,0.11277,46.03557,4.677652394475819,1.7425485933839904,7.999999863534712
3.84717,3.90589,52.84656,4804.82216,0.09605,46.05111,4.6638955140843175,1.7374237934728483,7.999999863534712
3.89177,3.95227,52.85757,4802.19739,0.07902,46.06667,4.651591598119783,1.7328402610405462,7.999999863534712
3.93632,3.99864,52.86642,4799.58343,0.0617,46.08226,4.640751044090023,1.728801869432318,7.999999863534712
3.98085,4.045,52.87307,4796.97953,0.04412,46.09787,4.631383237033771,1.725312114822026,7.999999863534712
4.02533,4.09135,52.87749,4794.38492,0.02631,46.11352,4.623496610650206,1.722374138984519,7.999999863534712
4.06978,4.13768,52.87967,4791.79884,0.00829,46.1292,4.617098701636239,1.7199907495376994,7.999999863534712
4.11419,4.18401,52.87957,4789.2205,-0.00992,46.14492,4.612196197073192,1.7181644375953053,7.999999863534712
4.15856,4.23033,52.87717,4786.6491,-0.02828,46.16069,4.608794974746213,1.7168973927869602,7.999999863534712
4.2029,4.27664,52.87247,4784.08384,-0.04677,46.1765,4.606900136296688,1.7161915156083118,7.999999863534712
4.2472,4.32293,52.86546,4781.5239,-0.06536,46.19236,4.606516033123762,1.7160484270700345,7.999999863534712
4.29147,4.36922,52.85611,4778.96847,-0.08402,46.20828,4.607646284960941,1.7164694756180994,7.999999863534712
4.3357,4.4155,52.84443,4776.41671,-0.10274,46.22426,4.610293791087868,1.717455741310458,7.999999863534712
4.37989,4.46177,52.83042,4773.86778,-0.12147,46.2403,4.614460734128465,1.7190080372319505,7.999999863534712
4.42404,4.50803,52.81407,4771.32084,-0.1402,46.2564,4.620148576416133,1.7211269081402443,7.999999863534712
4.46816,4.55428,52.79539,4768.77502,-0.15889,46.27257,4.627358048905499,1.7238126263351707,7.999999863534712
4.51225,4.60052,52.7744,4766.22948,-0.17753,46.28882,4.636089132645443,1.7270651847569392,7.999999863534712
4.55629,4.64675,52.75109,4763.68333,-0.19608,46.30514,4.646341032812542,1.7308842873129113,7.999999863534712
4.6003,4.69297,52.7255,4761.1357,-0.21451,46.32155,4.658112145349636,1.73526933644959,7.999999863534712
4.64427,4.73919,52.69763,4758.58572,-0.2328,46.33804,4.671400016248373,1.7402194179842945,7.999999863534712
4.68821,4.78539,52.6675,4756.03249,-0.25092,46.35462,4.686201293544511,1.7457332832221497,7.999999863534712
4.73211,4.83159,52.63515,4753.47513,-0.26885,46.37129,4.70251167211697,1.7518093283922798,7.999999863534712
4.77597,4.87777,52.6006,4750.91274,-0.28655,46.38806,4.720325831392892,1.7584455714412999,7.999999863534712
4.8198,4.92395,52.56388,4748.34443,-0.304,46.40492,4.739637366115993,1.7656396262427143,7.999999863534712
4.86359,4.97012,52.52503,4745.76929,-0.32117,46.42189,4.76043871032828,1.7733886742780975,7.999999863534712
4.90734,5.01628,52.48409,4743.18641,-0.33805,46.43897,4.782721054785439,1.781689433872157,7.999999863534712
4.95105,5.06243,52.44109,4740.5949,-0.35459,46.45616,4.806474258038003,1.7905381270681286,7.999999863534712
4.99473,5.10857,52.39609,4737.99385,-0.37077,46.47346,4.8316867514779975,1.799930444255154,7.999999863534712
5.03837,5.15471,52.34912,4735.38235,-0.38658,46.49088,4.858345438679219,1.8098615066698844,7.999999863534712
5.08197,5.20083,52.30026,4732.75951,-0.40197,46.50843,4.886435589421854,1.8203258269178637,7.999999863534712
5.12553,5.24695,52.24953,4730.12441,-0.41693,46.52609,4.915940728844341,1.8313172676796812,7.999999863534712
5.16905,5.29305,52.19702,4727.47616,-0.43143,46.54389,4.946842522244151,1.8428289987962287,7.999999863534712
5.21254,5.33915,52.14276,4724.81386,-0.44545,46.56182,4.979120656084973,1.85485345294075,7.999999863534712
5.25599,5.38524,52.08684,4722.13663,-0.45895,46.57989,5.012752715885671,1.8673822801292612,7.999999863534712
5.2994,5.43132,52.02931,4719.44359,-0.47193,46.5981,5.047714061689825,1.8804063013296792,7.999999863534712
5.34276,5.4774,51.97025,4716.73386,-0.48434,46.61645,5.08397770194621,1.8939154614789826,7.999999863534712
5.38609,5.52346,51.90972,4714.00658,-0.49618,46.63494,5.1215141666818385,1.9078987822368316,7.999999863534712
5.42938,5.56951,51.8478,4711.2609,-0.50741,46.65359,5.1602913809444555,1.9223443148395694,7.999999863534712
5.47263,5.61556,51.78458,4708.49597,-0.51802,46.67238,5.200274539592146,1.9372390934560533,7.999999863534712
5.51584,5.66159,51.72012,4705.71098,-0.52798,46.69134,5.241425984579782,1.9525690894736296,7.999999863534712
5.55901,5.70762,51.65452,4702.90511,-0.53727,46.71045,5.283705085997871,1.968319167181977,7.999999863534712
5.60214,5.75364,51.58785,4700.07758,-0.54587,46.72972,5.327068128192624,1.98447304134983,7.999999863534712
5.64523,5.79964,51.52021,4697.22762,-0.55377,46.74916,5.371468202400596,2.001013237228561,7.999999863534712
5.68828,5.84564,51.45169,4694.35448,-0.56094,46.76876,5.416855107386438,2.0179210535371293,7.999999863534712
5.73128,5.89163,51.38237,4691.45744,-0.56737,46.78853,5.463175259678352,2.0351765290224235,7.999999863534712
5.77424,5.93761,51.31235,4688.5358,-0.57303,46.80848,5.510371615019225,2.0527584131977457,7.999999863534712
5.81716,5.98358,51.24173,4685.58889,-0.57792,46.82859,5.558383602756012,2.0706441419011252,7.999999863534712
5.86004,6.02954,51.1706,4682.61608,-0.58202,46.84889,5.607147074877978,2.0888098183107275,7.999999863534712
5.90287,6.07549,51.09906,4679.61677,-0.58532,46.86936,5.656594271483164,2.1072302000802035,7.999999863534712
5.94566,6.12143,51.02722,4676.59039,-0.5878,46.89001,5.706653804440853,2.125878693252526,7.999999863534712
5.98841,6.16736,50.95517,4673.53641,-0.58945,46.91084,5.75725066099068,2.144727353600755,7.999999863534712
6.03111,6.21328,50.88301,4670.45433,-0.59027,46.93185,5.808306229021371,2.163746896045031,7.999999863534712
6.07377,6.25919,50.81086,4667.34373,-0.59024,46.95305,5.859738345673914,2.1829067127585366,7.999999863534712
6.11638,6.30508,50.73881,4664.20419,-0.58937,46.97443,5.91146137084633,2.2021749005499593,7.999999863534712
6.15895,6.35097,50.66696,4661.03536,-0.58764,46.996,5.963386287061084,2.221518298066726,7.999999863534712
6.20147,6.39685,50.59543,4657.83693,-0.58505,47.01775,6.0154208269986835,2.2409025333046264,7.999999863534712
6.24395,6.44271,50.52432,4654.60866,-0.5816,47.03968,6.067469629836253,2.260292081848045,7.999999863534712
6.28637,6.48857,50.45373,4651.35035,-0.57729,47.06181,6.119434427319905,2.279650336186816,7.999999863534712
6.32876,6.53441,50.38376,4648.06185,-0.57212,47.08411,6.171214260236779,2.2989396863577505,7.999999863534712
6.37109,6.58024,50.31452,4644.74307,-0.5661,47.10661,6.222705725723553,2.3181216120735697,7.999999863534712
6.41338,6.62605,50.24619,4641.39387,-0.5581,47.11319,6.27374261821359,2.337134197387569,0.0
6.45564,6.67184,50.17893,4638.0142,-0.54926,47.1198,6.324154973684406,2.3559141262293504,0.0
6.49786,6.7176,50.11284,4634.60421,-0.53959,47.12646,6.3738308045131165,2.3744196802628177,0.0
6.54005,6.76334,50.04802,4631.16415,-0.5291,47.13316,6.422657438054073,2.3926088859628707,0.0
6.5822,6.80906,49.98457,4627.69431,-0.5178,47.13989,6.470521859760122,2.4104396424371055,0.0
6.62431,6.85475,49.92259,4624.19507,-0.50572,47.14666,6.51731117297045,2.4278698927088755,0.0
6.66639,6.90042,49.86216,4620.66686,-0.49287,47.15347,6.562913080924177,2.4448578032800494,0.0
6.70842,6.94606,49.80338,4617.11017,-0.47929,47.16031,6.6072163879203485,2.4613619508262867,0.0
6.75042,6.99167,49.74632,4613.5256,-0.46498,47.1672,6.650111516188771,2.477341514745025,0.0
6.79239,7.03726,49.69108,4609.91376,-0.44999,47.17412,6.691491034626579,2.4927564741237647,0.0
6.83431,7.08282,49.63773,4606.27537,-0.43433,47.18108,6.731250195235748,2.5075678075771557,0.0
6.8762,7.12835,49.58635,4602.6112,-0.41804,47.18807,6.7692874728119925,2.521737694295313,0.0
6.91805,7.17386,49.53701,4598.92209,-0.40116,47.1951,6.8055051031832985,2.535229714551832,0.0
6.95986,7.21934,49.48978,4595.20891,-0.38371,47.20217,6.839809615093325,2.5480090478443476,0.0
7.00163,7.2648,49.44471,4591.47265,-0.36573,47.20927,6.872112350744043,2.5600426668103675,0.0
7.04336,7.31022,49.40187,4587.71429,-0.34726,47.21641,6.902329969913221,2.5712995250242976,0.0
7.08505,7.35562,49.36131,4583.93493,-0.32834,47.22358,6.930384932608039,2.581750736798612,0.0
7.12671,7.401,49.32308,4580.13566,-0.30901,47.23079,6.956205955305686,2.5913697471454813,0.0
7.16832,7.44634,49.28722,4576.31766,-0.28931,47.23804,6.97972843600714,2.6001324901204894,0.0
7.20989,7.49165,49.25377,4572.48215,-0.26929,47.24532,7.000894843567356,2.60801753385837,0.0
7.25142,7.53694,49.22276,4568.63038,-0.24899,47.25264,7.0196550670925815,2.6150062107327057,0.0
7.29291,7.5822,49.19422,4564.76364,-0.22845,47.25999,7.035966721612857,2.621082731226968,0.0
7.33436,7.62743,49.16816,4560.88325,-0.20772,47.26737,7.0497954066476165,2.626234280257018,0.0
7.37577,7.67263,49.14461,4556.99057,-0.18686,47.27479,7.061114914830982,2.630451094889507,0.0
7.41714,7.7178,49.12358,4553.08697,-0.16589,47.28225,7.0699073883354755,2.633726522613832,0.0
7.45847,7.76295,49.10507,4549.17386,-0.14488,47.28974,7.07616342140065,2.636057059536746,0.0
7.49975,7.80806,49.08907,4545.25263,-0.12388,47.29726,7.079882107931409,2.6374423681139847,0.0
7.541,7.85315,49.07558,4541.32473,-0.10292,47.30482,7.081071033770319,2.6378852742715004,0.0
7.5822,7.8982,49.06459,4537.39157,-0.08206,47.31241,7.079746213913822,2.637391744016847,0.0
7.62336,7.94323,49.05608,4533.45458,-0.06134,47.32004,7.07593197555855,2.635970839870857,0.0
7.66448,7.98823,49.05002,4529.51519,-0.04081,47.3277,7.069660788517473,2.6336346576931944,0.0
7.70556,8.0332,49.04639,4525.57482,-0.02052,47.33539,7.060973045151801,2.630398244701196,0.0
7.7466,8.07814,49.04515,4521.63486,-0.00052,47.34312,7.049916792492873,2.6262794996782297,0.0
7.78759,8.12305,49.04625,4517.6967,0.01916,47.35088,7.036547419750504,2.6212990565623295,0.0
7.82854,8.16793,49.04966,4513.76171,0.03846,47.35868,7.0209273048722824,2.6154801527802345,0.0
7.86945,8.21278,49.05533,4509.83123,0.05736,47.36651,7.003125424178843,2.608848483826258,0.0
7.91032,8.25761,49.06319,4505.90656,0.07579,47.37437,6.983216929426306,2.601432045706914,0.0
7.95115,8.3024,49.07319,4501.98898,0.09373,47.38227,6.961282696909467,2.593260966970001,0.0
7.99194,8.34717,49.08526,4498.07973,0.11114,47.3902,6.937408853363901,2.584367332090648,0.0
8.03268,8.3919,49.09934,4494.18,0.12797,47.39817,6.911686283536325,2.5747849980283313,0.0
8.07339,8.43661,49.11535,4490.29096,0.1442,47.40616,6.884210124318249,2.56454940577834,0.0
8.11405,8.48129,49.13321,4486.41371,0.15979,47.4142,6.855079250288443,2.5536973887228114,0.0
8.15467,8.52594,49.15286,4482.54931,0.17471,47.42226,6.824395755389179,2.5422669795414956,0.0
8.19524,8.57057,49.17419,4478.69878,0.18893,47.43037,6.79226443529708,2.5302972173812766,0.0
8.23578,8.61516,49.19713,4474.86307,0.20243,47.4385,6.758792274829307,2.5178279569014848,0.0
8.27628,8.65973,49.22159,4471.0431,0.21517,47.44667,6.724087944435886,2.5048996807040464,0.0
8.31673,8.70427,49.24747,4467.23971,0.22713,47.45487,6.688261309522228,2.4915533165432118,0.0
8.35715,8.74878,49.27469,4463.4537,0.2383,47.46311,6.651422956004884,2.477830060582585,0.0
8.39752,8.79326,49.30313,4459.6858,0.24866,47.47138,6.613683735123996,2.463771207825791,0.0
8.43785,8.83772,49.33272,4455.93671,0.25817,47.47969,6.575154330155934,2.4494179907055305,0.0
8.47815,8.88215,49.36333,4452.20704,0.26685,47.48803,6.535944847269932,2.434811426666911,0.0
8.5184,8.92655,49.39489,4448.49736,0.27466,47.4964,6.496164432380895,2.419992175435035,0.0
8.55861,8.97093,49.42727,4444.80817,0.28159,47.50481,6.455920915434036,2.4050004065016712,0.0
8.59878,9.01528,49.46039,4441.13994,0.28765,47.51325,6.415320483224443,2.389875677241934,0.0
8.63892,9.0596,49.49413,4437.49304,0.29282,47.52173,6.3744673814184685,2.374656821909408,0.0
8.67901,9.1039,49.52839,4433.86783,0.2971,47.53025,6.333463646148718,2.35938185164822,0.0
8.71906,9.14818,49.56307,4430.26457,0.30048,47.53879,6.292408865215887,2.344087865534443,0.0
8.75908,9.19242,49.59806,4426.68351,0.30297,47.54738,6.251399968608881,2.3288109725393236,0.0
8.79905,9.23665,49.63326,4423.12481,0.30457,47.556,6.2105310478238405,2.313586224220872,0.0
8.83899,9.28084,49.66856,4419.5886,0.30527,47.56465,6.169893203172259,2.2984475578421137,0.0
8.87888,9.32502,49.70386,4416.07495,0.30509,47.57334,6.12957441811095,2.2834277495556945,0.0
8.91874,9.36916,49.73907,4412.58387,0.30402,47.58206,6.089659459399963,2.268558377210081,0.0
8.95856,9.41329,49.77407,4409.11535,0.30209,47.59082,6.0502298017634955,2.2538697922837665,0.0
8.99835,9.45739,49.80878,4405.66931,0.29929,47.59962,6.011363575610306,2.239391100409747,0.0
9.03809,9.50147,49.84308,4402.24563,0.29564,47.60845,5.973135536260638,2.2251501499117445,0.0
9.0778,9.54552,49.87689,4398.84414,0.29115,47.61731,5.935617053064502,2.2111735277504794,0.0
9.11747,9.58955,49.91011,4395.46465,0.28583,47.62621,5.898876116757246,2.1974865622638116,0.0
9.1571,9.63356,49.94264,4392.10691,0.27971,47.63515,5.86297736335784,2.184113332069484,0.0
9.1967,9.67754,49.9744,4388.77062,0.27279,47.64413,5.827982112929046,2.171076680504303,0.0
9.23625,9.72151,50.0053,4385.45548,0.26509,47.65314,5.793948421519753,2.158398234974026,0.0
9.27578,9.76545,50.03524,4382.16112,0.25664,47.66218,5.760931144643684,2.1460984306008517,0.0
9.31526,9.80937,50.06416,4378.88714,0.24746,47.67126,5.728982010691988,2.134196537571538,0.0
9.35471,9.85327,50.09195,4375.63313,0.23755,47.68038,5.698149702727511,2.122710691607924,0.0
9.39412,9.89714,50.11855,4372.39861,0.22695,47.68954,5.668479947166188,2.1116579270030784,0.0
9.4335,9.941,50.14389,4369.18311,0.21569,47.69873,5.640015607930577,2.101054211695974,0.0
9.47284,9.98483,50.16787,4365.9861,0.20377,47.70795,5.612796784720951,2.0909144838800477,0.0
9.51214,10.02865,50.19044,4362.80704,0.19123,47.71722,5.58686091414909,2.0812526896782044,0.0
9.55141,10.07244,50.21153,4359.64535,0.17809,47.72652,5.562242872534337,2.07208182143705,0.0
9.59064,10.11621,50.23108,4356.50045,0.16439,47.73586,5.538975079243185,2.063413956223609,0.0
9.62984,10.15997,50.24901,4353.3717,0.15013,47.74523,5.517087599583751,2.05526029415622,0.0
9.669,10.2037,50.26528,4350.25846,0.13536,47.75464,5.496608246261454,2.047631196199449,0.0
9.70813,10.24741,50.27983,4347.16007,0.1201,47.76409,5.4775626785674065,2.0405362211143707,0.0
9.74722,10.29111,50.2926,4344.07583,0.10438,47.77357,5.459974498481013,2.03398416125932,0.0
9.78628,10.33478,50.30355,4341.00504,0.08823,47.78309,5.443865342985287,2.027983076979771,0.0
9.8253,10.37844,50.31264,4337.94698,0.07167,47.79265,5.4292549719306695,2.0225403293399276,0.0
9.86429,10.42207,50.31982,4334.9009,0.05474,47.80225,5.416161350883293,2.0176626109858757,0.0
9.90324,10.46569,50.32505,4331.86604,0.03746,47.81188,5.404600728413468,2.013355974937582,0.0
9.94216,10.50929,50.3283,4328.84161,0.01987,47.82155,5.394587707386284,2.009625861146517,0.0
9.98105,10.55287,50.32955,4325.82683,0.002,47.83125,5.386135309835675,2.0064771206629506,0.0
10.0199,10.59643,50.32875,4322.8209,-0.01612,47.841,5.3792550350696615,2.0039140372816866,0.0
10.05871,10.63997,50.32589,4319.82298,-0.03446,47.85078,5.373956910705823,2.001940346554115,0.0
10.0975,10.6835,50.32095,4316.83224,-0.05299,47.86059,5.370249536377334,2.000559252069863,0.0
10.13624,10.72701,50.31391,4313.84784,-0.07168,47.87045,5.368140119882844,1.9997734389235775,0.0
10.17496,10.7705,50.30475,4310.86892,-0.0905,47.88034,5.367634505622793,1.9995850843081966,0.0
10.21364,10.81397,50.29348,4307.8946,-0.1094,47.89026,5.368737195173788,1.9999958651794505,0.0
10.25228,10.85742,50.28008,4304.92401,-0.12837,47.90023,5.371451359900566,2.0010069629541474,0.0
10.29089,10.90086,50.26454,4301.95626,-0.14737,47.91023,5.375778845549977,2.002619065221553,0.0
10.32947,10.94428,50.24688,4298.99045,-0.16636,47.92026,5.381720168791915,2.004832364454798,0.0
10.36801,10.98768,50.2271,4296.02566,-0.18532,47.93034,5.389274505725458,2.00764655372911,0.0
10.40652,11.03106,50.2052,4293.061,-0.20421,47.94045,5.398439672380715,2.0110608194582413,0.0
10.445,11.07443,50.1812,4290.09554,-0.223,47.95059,5.4092120973056295,2.01507383118233,0.0
10.48344,11.11777,50.15511,4287.12835,-0.24166,47.96077,5.421586786356246,2.0196837284513496,0.0
10.52185,11.1611,50.12696,4284.1585,-0.26015,47.97099,5.435557279843016,2.024888104860978,0.0
10.56022,11.20442,50.09677,4281.18505,-0.27844,47.98125,5.451115602235069,2.030683989316117,0.0
10.59856,11.24771,50.06456,4278.20708,-0.29651,47.99154,5.468252204668974,2.037067824613893,0.0
10.63686,11.29099,50.03036,4275.22363,-0.31432,48.00187,5.486955900541072,2.044035443450106,0.0
10.67513,11.33425,49.99421,4272.23376,-0.33183,48.01223,5.507213794536592,2.051582041980707,0.0
10.71337,11.37749,49.95614,4269.23654,-0.34903,48.02263,5.529011205476969,2.059702151080397,0.0
10.75157,11.42072,49.9162,4266.23102,-0.36587,48.03307,5.552331583439604,2.068389605467551,0.0
10.78974,11.46392,49.87443,4263.21627,-0.38232,48.04354,5.577156421662238,2.0776375108862872,0.0
10.82787,11.50711,49.83088,4260.19134,-0.39836,48.05404,5.603465163795399,2.087438209555556,0.0
10.86597,11.55028,49.78559,4257.1553,-0.41395,48.06458,5.631235107158362,2.0977832441294444,0.0
10.90403,11.59344,49.73862,4254.10724,-0.42907,48.07516,5.6604413026970715,2.108663320428867,0.0
10.94206,11.63657,49.69004,4251.04622,-0.44369,48.08577,5.691056452433091,2.120068269238604,0.0
10.98005,11.67969,49.63989,4247.97134,-0.45777,48.09642,5.723050805276733,2.131987007494949,0.0
11.01801,11.72279,49.58824,4244.88171,-0.4713,48.1071,5.756392052125854,2.144407499207248,0.0
11.05593,11.76587,49.53516,4241.77643,-0.48424,48.11781,5.791045221289548,2.15731671650048,0.0
11.09382,11.80893,49.48072,4238.65462,-0.49656,48.12856,5.826972575326197,2.1707006011847083,0.0
11.13167,11.85197,49.42498,4235.51544,-0.50824,48.13935,5.864133510493549,2.184544027297597,0.0
11.16948,11.895,49.36803,4232.35803,-0.51926,48.15017,5.902484460059365,2.1988307650850776,0.0
11.20726,11.938,49.30994,4229.18157,-0.5296,48.16102,5.94197880280902,2.213543446918022,0.0
11.24501,11.98099,49.25078,4225.98527,-0.53922,48.1719,5.982566778184799,2.228663535679405,0.0
11.28271,12.02396,49.19065,4222.76834,-0.5481,48.18282,6.0241954094950065,2.244171296157667,0.0
11.32038,12.0669,49.12963,4219.53002,-0.55623,48.19377,6.066808436768075,2.2600457700331122,0.0
11.35802,12.10983,49.06779,4216.2696,-0.56359,48.20476,6.110346260803629,2.2762647550354504,0.0
11.39561,12.15274,49.00524,4212.98637,-0.57015,48.21578,6.154745900060826,2.292804788883574,0.0
11.43317,12.19563,48.94205,4209.67966,-0.57591,48.22683,6.199940962017842,2.3096411386162106,0.0
11.4707,12.23849,48.87833,4206.34885,-0.58083,48.23791,6.245861630659722,2.32674779593082,0.0
11.50818,12.28134,48.81416,4202.99334,-0.58492,48.24902,6.292434671737659,2.3440974791428126,0.0
11.54563,12.32417,48.74964,4199.61257,-0.58814,48.26017,6.339583457402375,2.361661642362132,0.0
11.58303,12.36697,48.68487,4196.20601,-0.59051,48.27135,6.387228011790776,2.3794104924754844,0.0
11.62041,12.40976,48.61994,4192.77321,-0.59199,48.28256,6.435285079029034,2.3973130144792747,0.0
11.65774,12.45252,48.55494,4189.31373,-0.59259,48.2938,6.483668215045927,2.4153370056824928,0.0
11.69503,12.49526,48.48999,4185.82718,-0.5923,48.30507,6.532287904458382,2.4334491192496523,0.0
11.73228,12.53798,48.42516,4182.31323,-0.59111,48.31637,6.581051703599952,2.4516149174826607,0.0
11.7695,12.58067,48.36058,4178.77161,-0.58903,48.3277,6.629864410658113,2.469798935201446,0.0
11.80667,12.62335,48.29632,4175.20208,-0.58604,48.33906,6.6786282635653675,2.487964753463588,0.0
11.84381,12.666,48.23249,4171.60447,-0.58216,48.35046,6.727243166153173,2.506075083812616,0.0
11.8809,12.70862,48.1692,4167.97867,-0.57738,48.36188,6.775606942739908,2.524091863118723,0.0
11.91796,12.75123,48.10652,4164.32461,-0.57171,48.37333,6.823615621066689,2.541976358979799,0.0
11.95495,12.79383,48.04333,4160.64497,-0.58796,48.46183,6.872372989143206,2.560139761471865,32.99999943708069
11.99183,12.83647,47.97847,4156.94158,-0.60345,48.55099,6.923014942384728,2.5790052215243153,32.99999943708069
12.02863,12.87913,47.91202,4153.2132,-0.61817,48.64085,6.975490441475894,2.5985537256492526,32.99999943708069
12.06532,12.92181,47.84407,4149.45863,-0.63207,48.73143,7.0297421094374775,2.6187638994122366,32.99999943708069
12.10191,12.96452,47.77473,4145.67668,-0.64513,48.82274,7.0857078928230415,2.639612626271744,32.99999943708069
12.13841,13.00726,47.70407,4141.86619,-0.65731,48.9148,7.143320872030643,2.6610749769152915,32.99999943708069
12.1748,13.05003,47.63221,4138.02604,-0.66859,49.00765,7.202509082477772,2.68312414264239,32.99999943708069
12.21109,13.09283,47.55925,4134.15514,-0.67895,49.10129,7.26319534945221,2.7057313738421516,32.99999943708069
12.24728,13.13565,47.48529,4130.25244,-0.68834,49.19574,7.325297139591958,2.7288659246656475,32.99999943708069
12.28336,13.17849,47.41043,4126.31692,-0.69675,49.29102,7.388726432034756,2.752495005025716,32.99999943708069
12.31935,13.22137,47.33479,4122.34761,-0.70416,49.38715,7.453389612435585,2.776583741115698,32.99999943708069
12.35522,13.26427,47.25848,4118.3436,-0.71054,49.48415,7.519187393072352,2.8010951456466957,32.99999943708069
12.39099,13.3072,47.18161,4114.30401,-0.71588,49.58202,7.586014762342221,2.825990099033631,32.99999943708069
12.42666,13.35015,47.10431,4110.22805,-0.72015,49.68079,7.653760966915726,2.8512273427471837,32.99999943708069
12.46221,13.39313,47.02667,4106.11494,-0.72334,49.78045,7.722309529821491,2.8767634860508196,32.99999943708069
12.49766,13.43614,46.94884,4101.96401,-0.72543,49.88103,7.791538307586324,2.9025530272869893,32.99999943708069
12.533,13.47918,46.87091,4097.77463,-0.72642,49.98253,7.86131958949456,2.9285483908538357,32.99999943708069
12.56823,13.52224,46.79302,4093.54625,-0.72629,50.08497,7.931520241732906,2.9546999809029453,32.99999943708069
12.60334,13.56532,46.71528,4089.27839,-0.72503,50.18834,8.002001899039032,2.9809562527334914,32.99999943708069
12.63834,13.60844,46.63783,4084.97063,-0.72265,50.29265,8.072621206055437,3.0072638027028993,32.99999943708069
12.67323,13.65158,46.56076,4080.62267,-0.71913,50.39791,8.14323011026784,3.033567477354101,32.99999943708069
12.70801,13.69475,46.48422,4076.23427,-0.71448,50.50412,8.213676207933622,3.0598105022829882,32.99999943708069
12.74267,13.73794,46.40831,4071.80526,-0.70871,50.61127,8.283803143894136,3.085934631079014,32.99999943708069
12.77721,13.78116,46.33317,4067.33559,-0.70181,50.71937,8.35345106560336,3.11188031446281,32.99999943708069
12.81164,13.8244,46.2589,4062.82529,-0.69379,50.82841,8.422457131040536,3.1375868894970145,32.99999943708069
12.84594,13.86767,46.18562,4058.27448,-0.68467,50.93838,8.490656069569003,3.162992788520937,32.99999943708069
12.88013,13.91097,46.11345,4053.68338,-0.67446,51.04929,8.557880793969252,3.188035767148981,32.99999943708069
12.9142,13.95429,46.04251,4049.0523,-0.66318,51.16111,8.623963061242517,3.212653150437368,32.99999943708069
12.94814,13.99763,45.97289,4044.38167,-0.65084,51.27384,8.688734178897096,3.2367820959943723,32.99999943708069
12.98197,14.041,45.90472,4039.672,-0.63747,51.38746,8.752025752709319,3.2603598725409566,32.99999943708069
13.01567,14.0844,45.83809,4034.9239,-0.62311,51.50196,8.813670471168372,3.283324152137114,32.99999943708069
13.04924,14.12782,45.77311,4030.1381,-0.60777,51.61732,8.873502921005839,3.305613313988072,32.99999943708069
13.08269,14.17126,45.70988,4025.3154,-0.59148,51.73352,8.93136042756881,3.327166757505396,32.99999943708069
13.11602,14.21473,45.64848,4020.45671,-0.57429,51.85054,8.987083913054022,3.347925222021782,32.99999943708069
13.14922,14.25822,45.58902,4015.56306,-0.55624,51.96836,9.040518765089965,3.367831110360744,32.99999943708069
13.18229,14.30173,45.53156,4010.63555,-0.53735,52.08695,9.091515707605314,3.3868288132580244,32.99999943708069
13.21523,14.34527,45.4762,4005.67537,-0.51768,52.20629,9.139931665538121,3.4048650314885163,32.99999943708069
13.24804,14.38883,45.42301,4000.68381,-0.49728,52.32634,9.185630614673206,3.4218890924530534,32.99999943708069
13.28073,14.43241,45.37206,3995.66225,-0.47618,52.44707,9.228484407680224,3.4378532578993224,32.99999943708069
13.31328,14.47602,45.32341,3990.61214,-0.45445,52.56847,9.26837356748546,3.452713019473734,32.99999943708069
13.3457,14.51965,45.27712,3985.53501,-0.43214,52.69048,9.305188039151185,3.4664273788162623,32.99999943708069
13.378,14.5633,45.23325,3980.43247,-0.40929,52.81307,9.338827891788386,3.478959109041412,32.99999943708069
13.41015,14.60697,45.19183,3975.30618,-0.38598,52.93622,9.369203962384267,3.490274994580898,32.99999943708069
13.44218,14.65066,45.15292,3970.1579,-0.36225,53.05988,9.396238434042692,3.50034604659342,32.99999943708069
13.47407,14.69437,45.11654,3964.9894,-0.33817,53.18401,9.419865341777605,3.5091476913860324,32.99999943708069
13.50583,14.7381,45.08272,3959.80252,-0.3138,53.30858,9.440030999873963,3.516659929617323,32.99999943708069
13.53746,14.78185,45.05148,3954.59914,-0.2892,53.43355,9.456694345758322,3.5228674643982645,32.99999943708069
13.56895,14.82562,45.02284,3949.38118,-0.26444,53.55887,9.46982719632946,3.5277597967821084,32.99999943708069
13.6003,14.86941,44.9968,3944.15057,-0.23957,53.6845,9.479414413827133,3.5313312875548655,32.99999943708069
13.63153,14.91322,44.97337,3938.9093,-0.21468,53.81041,9.485453979450348,3.5335811846600493,32.99999943708069
13.66261,14.95704,44.95252,3933.65933,-0.18981,53.93655,9.487956974167162,3.534513616049816,32.99999943708069
13.69356,15.00089,44.93427,3928.40266,-0.16503,54.06287,9.486947467309871,3.534137548183751,32.99999943708069
13.72438,15.04475,44.91857,3923.14126,-0.14042,54.18935,9.482462314757647,3.5324667108465815,32.99999943708069
13.75506,15.08863,44.90541,3917.87711,-0.11602,54.31594,9.47455086960144,3.5295194893632447,32.99999943708069
13.78561,15.13252,44.89476,3912.61218,-0.09191,54.44259,9.463274609336079,3.525318785718133,32.99999943708069
13.81602,15.17643,44.88657,3907.3484,-0.06815,54.56927,9.448706684527096,3.5198918504216166,32.99999943708069
13.84629,15.22036,44.8808,3902.08769,-0.04479,54.69594,9.430931394861432,3.5132700873251377,32.99999943708069
13.87643,15.2643,44.8774,3896.83193,-0.02191,54.82256,9.410043599219755,3.505488833857633,32.99999943708069
13.90644,15.30826,44.87631,3891.58294,0.00046,54.94909,9.386148067090026,3.496587119410019,32.99999943708069
13.93631,15.35223,44.87747,3886.34253,0.02225,55.0755,9.359358779129625,3.4866074047761817,32.99999943708069
13.96604,15.39621,44.88081,3881.11242,0.0434,55.20175,9.329798185068922,3.47559530570253,32.99999943708069
13.99565,15.44021,44.88626,3875.89429,0.06387,55.32781,9.297596427391838,3.4635993036885786,32.99999943708069
14.02512,15.48422,44.89375,3870.68978,0.0836,55.45364,9.262890539285692,3.450670447202165,32.99999943708069
14.05445,15.52825,44.90318,3865.50041,0.10255,55.57922,9.22582362534025,3.4368620464682853,32.99999943708069
14.08366,15.57229,44.91447,3860.32769,0.12068,55.70451,9.186544033303193,3.4222293649262143,32.99999943708069
14.11273,15.61634,44.92754,3855.17301,0.13794,55.8295,9.145204524884656,3.406829310332381,32.99999943708069
14.14167,15.6604,44.94229,3850.0377,0.1543,55.95415,9.101961453233322,3.390720128348566,32.99999943708069
14.17047,15.70447,44.95861,3844.92303,0.16971,56.07843,9.056973954224185,3.3739611012753237,32.99999943708069
14.19915,15.74856,44.97642,3839.83016,0.18415,56.20234,9.01040315810315,3.3566122543688457,32.99999943708069
14.2277,15.79265,44.9956,3834.76019,0.19759,56.32584,8.962411427459601,3.338734071965693,32.99999943708069
14.25611,15.83676,45.01606,3829.71412,0.20999,56.44892,8.913161626777828,3.320387225371488,32.99999943708069
14.2844,15.88088,45.03767,3824.69287,0.22134,56.57157,8.86281642815325,3.3016323142219335,32.99999943708069
14.31256,15.925,45.06035,3819.69728,0.23162,56.69376,8.811537657022733,3.2825296227501455,32.99999943708069
14.34059,15.96914,45.08396,3814.7281,0.24079,56.81549,8.759485681042984,3.2631388921277744,32.99999943708069
14.3685,16.01328,45.1084,3809.78601,0.24886,56.93674,8.706818844548414,3.243519109785679,32.99999943708069
14.39627,16.05743,45.13356,3804.87157,0.25581,57.05751,8.653692950328155,3.2237283163622283,32.99999943708069
14.42393,16.1016,45.15933,3799.9853,0.26162,57.17779,8.600260789778048,3.203823430672558,32.99999943708069
14.45145,16.14577,45.18558,3795.1276,0.2663,57.29758,8.546671721914842,3.1838600928802774,32.99999943708069
14.47885,16.18994,45.21221,3790.29883,0.26983,57.41686,8.493071301134517,3.163892525827657,32.99999943708069
14.50613,16.23413,45.23909,3785.49922,0.27222,57.53565,8.439600953053699,3.1439734142780225,32.99999943708069
14.53329,16.27832,45.26612,3780.72896,0.27348,57.65393,8.386397697362828,3.1241538016712656,32.99999943708069
14.56032,16.32252,45.29319,3775.98815,0.27359,57.77172,8.333593916150356,3.104483003818519,32.99999943708069
14.58723,16.36673,45.32018,3771.27682,0.27258,57.88902,8.281317165830673,3.0850085388403543,32.99999943708069
14.61403,16.41095,45.34698,3766.59493,0.27044,58.00582,8.229690030509548,3.0657760725415515,32.99999943708069
14.6407,16.45517,45.37348,3761.94236,0.2672,58.12214,8.178830014354588,3.046829378316265,32.99999943708069
14.66725,16.4994,45.39957,3757.31893,0.26286,58.23799,8.128849470368907,3.0282103106143405,32.99999943708069
14.69368,16.54363,45.42516,3752.72439,0.25745,58.35337,8.079855562819056,3.00995879094473,32.99999943708069
14.71999,16.58787,45.45013,3748.15844,0.25097,58.4683,8.031950260454467,2.9921128053495547,32.99999943708069
14.74619,16.63212,45.47438,3743.62071,0.24345,58.58279,7.985230357626946,2.974708412271677,32.99999943708069
14.77227,16.67637,45.49781,3739.11076,0.23492,58.69685,7.939787520387447,2.9577797597269555,32.99999943708069
14.79823,16.72063,45.52034,3734.62812,0.22539,58.81049,7.895708354646085,2.9413591106956463,32.99999943708069
14.82408,16.76489,45.54186,3730.17225,0.21489,58.92374,7.853074493563978,2.925476875678164,32.99999943708069
14.84981,16.80915,45.56228,3725.74257,0.20346,59.0366,7.811962701368243,2.910161651368898,32.99999943708069
14.87543,16.85343,45.58152,3721.33843,0.1911,59.14911,7.772444990915685,2.8954402644517803,32.99999943708069
14.90093,16.8977,45.59949,3716.95915,0.17787,59.26127,7.734588752424377,2.8813378195561863,32.99999943708069
14.92632,16.94198,45.61611,3712.60401,0.16379,59.3731,7.698456890912568,2.867877750456545,32.99999943708069
14.9516,16.98627,45.6313,3708.27224,0.14888,59.48463,7.6641079700206935,2.8550818736498202,32.99999943708069
14.97676,17.03056,45.64499,3703.96303,0.1332,59.59588,7.631596360049569,2.842970443503634,32.99999943708069
15.00181,17.07486,45.65711,3699.67553,0.11676,59.70687,7.6009723881728855,2.831562208214375,32.99999943708069
15.02675,17.11915,45.66759,3695.40886,0.09961,59.81762,7.57228248892733,2.8208744658687253,32.99999943708069
15.05158,17.16346,45.67636,3691.16211,0.08179,59.92816,7.54556935325825,2.810923119967092,32.99999943708069
15.0763,17.20776,45.68338,3686.93432,0.06333,60.0385,7.520872074520842,2.8017227338128947,32.99999943708069
15.1009,17.25207,45.68857,3682.72451,0.04427,60.14869,7.498226289985787,2.7932865832271356,32.99999943708069
15.1254,17.29638,45.6919,3678.53168,0.02465,60.25873,7.477664316541272,2.7856267071009717,32.99999943708069
15.14979,17.3407,45.6933,3674.35479,0.00451,60.36866,7.459215279419762,2.7787539553498277,32.99999943708069
15.17406,17.38502,45.69275,3670.19278,-0.0161,60.4785,7.442905232890375,2.7726780338744788,32.99999943708069
15.19823,17.42934,45.6902,3666.04456,-0.03715,60.58828,7.428757272016016,2.7674075461935255,32.99999943708069
15.22229,17.47367,45.68561,3661.90902,-0.0586,60.69803,7.416791634632609,2.762950031433339,32.99999943708069
15.24624,17.51799,45.67895,3657.78503,-0.08039,60.80778,7.407025792906808,2.759311998435717,32.99999943708069
15.27008,17.56232,45.6702,3653.67145,-0.10249,60.91754,7.399474533818326,2.756498955739674,32.99999943708069
15.29381,17.60666,45.65934,3649.5671,-0.12486,61.02735,7.394150028148536,2.7545154372815013,32.99999943708069
15.31744,17.65099,45.64634,3645.4708,-0.14745,61.13725,7.391061887523544,2.7533650236448217,32.99999943708069
15.34095,17.69533,45.63119,3641.38135,-0.17021,61.24724,7.390217209247062,2.75305035876201,32.99999943708069
15.36436,17.73967,45.61388,3637.29752,-0.19311,61.35738,7.391620608699131,2.7535731619835664,32.99999943708069
15.38766,17.78401,45.59441,3633.2181,-0.21609,61.46768,7.395274239181918,2.754934235471209,32.99999943708069
15.41085,17.82835,45.57277,3629.14185,-0.23912,61.57817,7.401177799154909,2.7571334668931593,32.99999943708069
15.43393,17.8727,45.54898,3625.0675,-0.26215,61.68889,7.409328526924013,2.760169827445705,32.99999943708069
15.4569,17.91704,45.52302,3620.9938,-0.28513,61.79985,7.419721182881772,2.7640413652372056,32.99999943708069
15.47976,17.96139,45.49492,3616.91948,-0.30802,61.9111,7.432348019531093,2.7687451941211454,32.99999943708069
15.50252,18.00574,45.46469,3612.84328,-0.33077,62.02266,7.447198739562014,2.774277478078624,32.99999943708069
15.52517,18.05009,45.43236,3608.7639,-0.35335,62.13456,7.464260442366247,2.7806334112936195,32.99999943708069
15.5477,18.09444,45.39794,3604.68007,-0.3757,62.24683,7.483517559449789,2.787807194092484,32.99999943708069
15.57013,18.13879,45.36146,3600.5905,-0.39778,62.3595,7.504951779301658,2.7957920049555707,32.99999943708069
15.59245,18.18314,45.32296,3596.49391,-0.41955,62.47259,7.5285419623696335,2.8045799688434645,32.99999943708069
15.61466,18.22749,45.28247,3592.38902,-0.44096,62.58614,7.554264046883016,2.8141621221134745,32.99999943708069
15.63676,18.27184,45.24003,3588.27454,-0.46198,62.70018,7.582090946382625,2.8245283743468703,32.99999943708069
15.65875,18.31619,45.19569,3584.14921,-0.48256,62.81472,7.6119924399085495,2.8356674674409224,32.99999943708069
15.68062,18.36054,45.14949,3580.01175,-0.50265,62.92981,7.643935055914985,2.8475669323641286,32.99999943708069
15.70239,18.40489,45.10148,3575.86091,-0.52222,63.04547,7.677881951096891,2.8602130440159574,32.99999943708069
15.72405,18.44924,45.05173,3571.69544,-0.54122,63.16173,7.713792785425022,2.873590774674103,32.99999943708069
15.74559,18.49358,45.00029,3567.51411,-0.55962,63.27861,7.751623594799562,2.8876837465546217,32.99999943708069
15.76702,18.53793,44.94722,3563.3157,-0.57737,63.39614,7.791326662891978,2.9024741840696384,32.99999943708069
15.78834,18.58227,44.89259,3559.09902,-0.59444,63.51434,7.832850393793705,2.9179428663856464,32.99999943708069
15.80954,18.62662,44.83647,3554.86287,-0.61079,63.63325,7.876139187292861,2.9340690809607888,32.99999943708069
15.83063,18.67095,44.77893,3550.6061,-0.62639,63.75288,7.921133318657501,2.950830578760963,32.99999943708069
15.85161,18.71529,44.72005,3546.32759,-0.64119,63.87327,7.96776882494187,2.96820353190591,32.99999943708069
15.87247,18.75962,44.6599,3542.02622,-0.65517,63.99443,8.015977399935082,2.9861624945348297,32.99999943708069
15.89321,18.80395,44.59857,3537.70094,-0.66829,64.11638,8.065686299962888,3.0046803677150633,32.99999943708069
15.91384,18.84828,44.53614,3533.35069,-0.68052,64.23915,8.116818262844648,3.023728369251432,32.99999943708069
15.93435,18.8926,44.4727,3528.97448,-0.69183,64.36276,8.16929144235763,3.0432760092724647,32.99999943708069
15.95475,18.93692,44.40834,3524.57135,-0.7022,64.48723,8.22301936063778,3.063291072498431,32.99999943708069
15.97502,18.98124,44.34315,3520.14037,-0.71159,64.61258,8.277910880933769,3.0837396080915074,32.99999943708069
15.99518,19.02555,44.27722,3515.68068,-0.71999,64.73882,8.333870203189305,3.104585928010077,32.99999943708069
16.01522,19.06985,44.21065,3511.19144,-0.72737,64.86597,8.390796884840402,3.125792614756251,32.99999943708069
16.03514,19.11415,44.14353,3506.6719,-0.7337,64.99405,8.448585889217618,3.1473205394069805,32.99999943708069
16.05493,19.15844,44.07597,3502.12132,-0.73898,65.12307,8.507127663783425,3.169128890759536,32.99999943708069
16.07461,19.20273,44.00806,3497.53905,-0.74318,65.25304,8.566308250393185,3.19117521640662,32.99999943708069
16.09416,19.247,43.93991,3492.92449,-0.7463,65.38398,8.626009429514731,3.213415476461957,32.99999943708069
16.11359,19.29128,43.87161,3488.27711,-0.74831,65.51589,8.68610890018662,3.2358041105994797,32.99999943708069
16.13289,19.33554,43.80327,3483.59644,-0.74921,65.64878,8.746480497231586,3.258294118971049,32.99999943708069
16.15207,19.37979,43.73499,3478.88208,-0.749,65.78265,8.806994446918669,3.280837157447329,32.99999943708069
16.17113,19.42404,43.66687,3474.1337,-0.74767,65.91752,8.867517662000436,3.303383647526917,32.99999943708069
16.19006,19.46828,43.59902,3469.35106,-0.74522,66.05338,8.927914076578041,3.3258829010823825,32.99999943708069
16.20886,19.5125,43.53154,3464.53398,-0.74165,66.19023,8.988045020901323,3.34828325998317,32.99999943708069
16.22753,19.55672,43.46452,3459.68236,-0.73697,66.32808,9.047769635754868,3.3705322504653092,32.99999943708069
16.24608,19.60093,43.39808,3454.79619,-0.73118,66.46691,9.106945325527704,3.392576751911795,32.99999943708069
16.26449,19.64512,43.33229,3449.87553,-0.72429,66.60674,9.16542824865285,3.4143631795542295,32.99999943708069
16.28278,19.68931,43.26728,3444.92055,-0.71633,66.74754,9.223073843481268,3.435837680374699,32.99999943708069
16.30093,19.73348,43.20312,3439.93146,-0.7073,66.88931,9.27973738717863,3.45694634130953,32.99999943708069
16.31896,19.77764,43.13992,3434.90861,-0.69722,67.03205,9.33527458464444,3.4776354086371546,32.99999943708069
16.33685,19.82178,43.07776,3429.85238,-0.68612,67.17573,9.389542183938683,3.497851517240733,32.99999943708069
16.35461,19.86591,43.01673,3424.76328,-0.67402,67.32034,9.44239861417311,3.517541928239437,32.99999943708069
16.37224,19.91003,42.95692,3419.64188,-0.66096,67.46587,9.493704641320454,3.5366547732946416,32.99999943708069
16.38973,19.95413,42.89842,3414.48885,-0.64696,67.61229,9.543324036944536,3.555139303729486,32.99999943708069
16.40708,19.99821,42.84129,3409.30493,-0.63206,67.75959,9.591124254435371,3.5729461424442377,32.99999943708069
16.42431,20.04228,42.78561,3404.09096,-0.61629,67.90774,9.63697710700682,3.5900275364882623,32.99999943708069
16.44139,20.08634,42.73147,3398.84783,-0.5997,68.05673,9.68075944139646,3.606337608030953,32.99999943708069
16.45834,20.13037,42.67891,3393.57653,-0.58234,68.20651,9.72235380103456,3.621832601409613,32.99999943708069
16.47516,20.17439,42.62801,3388.27814,-0.56423,68.35708,9.761649072293551,3.6364711238743994,32.99999943708069
16.49183,20.21838,42.57883,3382.95377,-0.54545,68.50838,9.798541107459485,3.6502143776615763,32.99999943708069
16.50837,20.26236,42.53142,3377.60464,-0.52602,68.66041,9.832933318061901,3.663026381024498,32.99999943708069
16.52477,20.30632,42.48582,3372.23201,-0.50601,68.81311,9.864737232407284,3.6748741759295025,32.99999943708069
16.54103,20.35026,42.44209,3366.83721,-0.48548,68.96647,9.893873011438323,3.685728020227049,32.99999943708069
16.55716,20.39418,42.40025,3361.42163,-0.46447,69.12044,9.920269917346486,3.6955615622222338,32.99999943708069
16.57314,20.43807,42.36035,3355.98668,-0.44305,69.27499,9.943866729870003,3.7043519957567477,32.99999943708069
16.58899,20.48195,42.32241,3350.53387,-0.42127,69.43007,9.964612105726854,3.7120801941071155,32.99999943708069
16.60469,20.5258,42.28645,3345.06471,-0.3992,69.58566,9.982464877240014,3.718730821230456,32.99999943708069
16.62026,20.56962,42.25249,3339.58077,-0.3769,69.74172,9.997394286919702,3.7242924191525497,32.99999943708069
16.63568,20.61342,42.22055,3334.08362,-0.35443,69.8982,10.00938015548714,3.728757470561103,32.99999943708069
16.65097,20.6572,42.19062,3328.57488,-0.33185,70.05506,10.018412981598038,3.7321224359553713,32.99999943708069
16.66612,20.70096,42.16271,3323.05619,-0.30923,70.21227,10.024493972378584,3.734387765021622,32.99999943708069
16.68112,20.74468,42.13681,3317.52919,-0.28664,70.36978,10.027635004672058,3.735557882196474,32.99999943708069
16.69599,20.78838,42.11292,3311.99552,-0.26412,70.52756,10.027858517691708,3.7356411466772754,32.99999943708069
16.71071,20.83206,42.091,3306.45685,-0.24176,70.68556,10.025197338654209,3.7346497874659725,32.99999943708069
16.7253,20.8757,42.07105,3300.91481,-0.21961,70.84374,10.01969444367247,3.7325998142953933,32.99999943708069
16.73974,20.91932,42.05304,3295.37103,-0.19773,71.00207,10.011402656946196,3.7295109055698172,32.99999943708069
16.75405,20.96291,42.03693,3289.82715,-0.17618,71.16051,10.000384291929155,3.725406274690337,32.99999943708069
16.76822,21.00647,42.02268,3284.28475,-0.15503,71.31901,9.986710738793914,3.7203125163746247,32.99999943708069
16.78225,21.05001,42.01025,3278.74541,-0.13433,71.47754,9.970462002991157,3.714259434758129,32.99999943708069
16.79614,21.09351,41.9996,3273.21065,-0.11414,71.63607,9.951726200161357,3.7072798552353863,32.99999943708069
16.80994,21.13696,41.99248,3267.67712,-0.05239,71.65226,9.928051266338374,3.6984603194613257,0.0
16.82371,21.18035,41.99061,3262.1433,0.00857,71.66844,9.897053827418818,3.6869129578720883,0.0
16.83744,21.22367,41.99391,3256.61344,0.06856,71.68461,9.858955950556215,3.672720496325299,0.0
16.85113,21.26693,42.00226,3251.09172,0.12739,71.70077,9.814015426092391,3.655978968506161,0.0
16.8648,21.31012,42.01555,3245.58221,0.18487,71.71692,9.762521593657723,3.6367961610399737,0.0
16.87842,21.35324,42.03363,3240.08883,0.24084,71.73306,9.704792146444957,3.6152904230000455,0.0
16.89202,21.39629,42.05635,3234.61538,0.29513,71.74918,9.64116974143045,3.5915894031259166,0.0
16.90558,21.43928,42.08356,3229.1655,0.34758,71.7653,9.572018476261995,3.565828737371377,0.0
16.9191,21.48221,42.11506,3223.74266,0.39804,71.78141,9.49772029282836,3.5381507091394866,0.0
16.93259,21.52507,42.15068,3218.35014,0.44638,71.79751,9.41867136551339,3.5087029038122064,0.0
16.94604,21.56786,42.19021,3212.99105,0.49248,71.8136,9.335278528724988,3.477636877910934,0.0
16.95947,21.61059,42.23346,3207.66829,0.5362,71.82968,9.247955793941307,3.445106861604582,0.0
16.97285,21.65326,42.2802,3202.38454,0.57746,71.84575,9.157121001235408,3.411268511314399,0.0
16.98621,21.69586,42.33021,3197.14229,0.61614,71.86182,9.063192644294384,3.3762777269500566,0.0
16.99953,21.7384,42.38326,3191.94382,0.65217,71.87787,8.966586901735093,3.340289545996654,0.0
17.01281,21.78087,42.43912,3186.79118,0.68547,71.89392,8.867714900955313,3.303457124227277,0.0
17.02607,21.82329,42.49756,3181.68625,0.71599,71.90995,8.766980234328141,3.26593081042006,0.0
17.03929,21.86564,42.55832,3176.63066,0.74366,71.92598,8.664776741286058,3.2278573201261387,0.0
17.05248,21.90793,42.62116,3171.62584,0.76844,71.942,8.5614865638361,3.1893790112978975,0.0
17.06564,21.95016,42.68584,3166.67305,0.7903,71.95802,8.45747847763607,3.150633262570936,0.0
17.07876,21.99233,42.75211,3161.77333,0.80923,71.97403,8.353106495796048,3.1117519531434095,0.0
17.09185,22.03445,42.81972,3156.92753,0.8252,71.99003,8.248708738261358,3.0728610415914184,0.0
17.10492,22.0765,42.88843,3152.13632,0.83821,72.00603,8.144606555970679,3.0340802395948745,0.0
17.11795,22.1185,42.95798,3147.40021,0.84827,72.02202,8.041103895946316,2.9955227754169136,0.0
17.13095,22.16044,43.02813,3142.71953,0.8554,72.038,7.938486891161202,2.9572952411185645,0.0
17.14392,22.20233,43.09865,3138.09445,0.8596,72.05398,7.837023657195865,2.91949751680812,0.0
17.15686,22.24416,43.16929,3133.52499,0.86092,72.06996,7.736964276600199,2.8822227648154826,0.0
17.16977,22.28593,43.23982,3129.01102,0.85938,72.08593,7.638540951168277,2.8455574864185422,0.0
17.18265,22.32765,43.31,3124.5523,0.85502,72.1019,7.541968302158387,2.809581633683036,0.0
17.1955,22.36932,43.37962,3120.14845,0.8479,72.11786,7.447443798689881,2.7743687690516485,0.0
17.20832,22.41094,43.44845,3115.79895,0.83807,72.13382,7.355148295086046,2.739986265518366,0.0
17.22111,22.4525,43.51627,3111.5032,0.82558,72.14978,7.265246658744976,2.7064955405269027,0.0
17.23387,22.49402,43.58288,3107.26048,0.8105,72.16573,7.177888471138826,2.6739523171113606,0.0
17.24661,22.53548,43.64806,3103.06999,0.79289,72.18169,7.093208785708381,2.642406906231903,0.0
17.25931,22.5769,43.71163,3098.93082,0.77283,72.19764,7.011328927732391,2.611904504747123,0.0
17.27199,22.61827,43.7734,3094.84198,0.75038,72.21359,6.932357322551682,2.5824855039493215,0.0
17.28464,22.65959,43.83317,3090.80243,0.72564,72.22954,6.856390339944334,2.554185804116476,0.0
17.29727,22.70086,43.89077,3086.81103,0.69867,72.24548,6.783513143767381,2.5270371310261255,0.0
17.30986,22.74208,43.94603,3082.86659,0.66956,72.26143,6.713800537326165,2.5010673508777046,0.0
17.32243,22.78326,43.99879,3078.96785,0.6384,72.27738,6.647317796191799,2.4763007805389563,0.0
17.33498,22.8244,44.0489,3075.11349,0.60528,72.29332,6.584121481375121,2.4527584904746265,0.0
17.34749,22.86549,44.0962,3071.30216,0.57028,72.30927,6.524260226887137,2.4304585981334537,0.0
17.35998,22.90653,44.14056,3067.53245,0.53349,72.32521,6.467775496721991,2.409416549944241,0.0
17.37244,22.94753,44.18184,3063.80289,0.49501,72.34116,6.414702307205926,2.3896453904098465,0.0
17.38488,22.98849,44.21993,3060.11199,0.45493,72.35711,6.3650699115161995,2.371156017108498,0.0
17.39729,23.0294,44.2547,3056.45821,0.41334,72.37305,6.318902443855183,2.353957420665587,0.0
17.40968,23.07028,44.28604,3052.83998,0.37035,72.389,6.276219521418462,2.338056909002629,0.0
17.42204,23.11111,44.31386,3049.2557,0.32604,72.40495,6.237036802834701,2.3234603153708053,0.0
17.43438,23.1519,44.33807,3045.70372,0.28052,72.42091,6.2013665021992805,2.310172189842016,0.0
17.44669,23.19265,44.35857,3042.18237,0.23389,72.43686,6.169217858219589,2.2981959740778493,0.0
17.45897,23.23335,44.3753,3038.68996,0.18623,72.45281,6.140597558267963,2.2875341593004554,0.0
17.47123,23.27402,44.38818,3035.22476,0.13765,72.46877,6.115510117408839,2.278188427490135,0.0
17.48347,23.31465,44.39716,3031.78501,0.08825,72.48473,6.0939582126118905,2.2701597758885286,0.0
17.49568,23.35524,44.40217,3028.36894,0.03814,72.50069,6.075942972533302,2.26344862494976,0.0
17.50787,23.39579,44.40319,3024.97473,-0.01261,72.51666,6.061464223308981,2.2580549099048812,0.0
17.52003,23.4363,44.40017,3021.60055,-0.06387,72.53262,6.05052069083915,2.2539781561182,0.0
17.53217,23.47677,44.39308,3018.24456,-0.11555,72.54859,6.043110160106707,2.251217538437566,0.0
17.54428,23.5172,44.3819,3014.90487,-0.16755,72.56456,6.039229592016882,2.2497719247202155,0.0
17.55637,23.55759,44.36662,3011.57957,-0.21978,72.58053,6.038875198261847,2.2496399037218033,0.0
17.56844,23.59795,44.34724,3008.26675,-0.27212,72.5965,6.042042474635189,2.2508197975069306,0.0
17.58048,23.63827,44.32376,3004.96445,-0.32448,72.61248,6.0487261932197365,2.2533096585388948,0.0
17.5925,23.67855,44.2962,3001.67071,-0.37676,72.62846,6.0589203538016365,2.25710725158016,0.0
17.60449,23.71879,44.26456,2998.38352,-0.42886,72.64444,6.072618094833831,2.26221002052391,0.0
17.61646,23.75899,44.22888,2995.10088,-0.48067,72.66043,6.0898115642277,2.2686150402605323,0.0
17.62841,23.79916,44.18919,2991.82074,-0.53209,72.67641,6.110491750263705,2.2763189536873862,0.0
17.64033,23.83928,44.14554,2988.54106,-0.58303,72.6924,6.134648272883558,2.2853178939596446,0.0
17.65223,23.87937,44.09798,2985.25976,-0.63338,72.70839,6.162269135698482,2.2956073921068434,0.0
17.6641,23.91943,44.04656,2981.97475,-0.68305,72.72438,6.193340439061261,2.307182270144673,0.0
17.67595,23.95944,43.99136,2978.6839,-0.73192,72.74038,6.227846054689036,2.320036519863407,0.0
17.68778,23.99941,43.93244,2975.38511,-0.77991,72.75637,6.265767262444338,2.334163167519283,0.0
17.69959,24.03935,43.86989,2972.07622,-0.82691,72.77237,6.307082350055983,2.34955412472,0.0
17.71137,24.07925,43.80379,2968.75509,-0.87281,72.78837,6.351766176826593,2.366200025894293,0.0
17.72312,24.11911,43.73425,2965.41956,-0.91754,72.80437,6.399789702622374,2.384090052828232,0.0
17.73485,24.15893,43.66137,2962.06745,-0.96098,72.82037,6.451119483820068,2.4032117468922,0.0
17.74656,24.19871,43.58526,2958.69658,-1.00303,72.83637,6.505717138284479,2.423550809730939,0.0
17.75825,24.23845,43.50603,2955.30479,-1.04361,72.85237,6.5635387818946995,2.445090893354753,0.0
17.76991,24.27816,43.42382,2951.8899,-1.08261,72.86837,6.624534439730278,2.467813380790852,0.0
17.78154,24.31782,43.33876,2948.44974,-1.11994,72.88438,6.688647435564155,2.491697158653418,0.0
17.79315,24.35744,43.25098,2944.98215,-1.15552,72.90038,6.7558137640061835,2.516718383250535,0.0
17.80474,24.39702,43.16064,2941.48499,-1.18924,72.91638,6.825961450377179,2.5428502421204406,0.0
17.81631,24.43656,43.06789,2937.95613,-1.22101,72.93238,6.899009904110304,2.5700627131565223,0.0
17.82785,24.47606,42.97288,2934.39347,-1.25077,72.94838,6.974869272359892,2.598322323809599,0.0
17.83936,24.51552,42.87579,2930.79495,-1.27841,72.96438,7.053439801290899,2.627591913151435,0.0
17.85085,24.55493,42.77678,2927.15853,-1.30385,72.98038,7.1346112134449164,2.6578303999271977,0.0
17.86232,24.5943,42.67603,2923.48224,-1.32703,72.99638,7.2182621103930975,2.6889925600279585,0.0
17.87376,24.63363,42.57372,2919.76413,-1.34786,73.01237,7.304259410796589,2.7210288171534134,0.0
17.88517,24.67291,42.47005,2916.00234,-1.36627,73.02836,7.392457834746495,2.753885050714954,0.0
17.89656,24.71215,42.36521,2912.19505,-1.38219,73.04435,7.482699446027465,2.787502425316809,0.0
17.90793,24.75134,42.25938,2908.34052,-1.39557,73.06034,7.574813264592536,2.82181724639273,0.0
17.91927,24.79049,42.15278,2904.43713,-1.40634,73.07632,7.668614961978418,2.8567608467401677,0.0
17.93058,24.82959,42.0456,2900.48329,-1.41446,73.09229,7.763906652804753,2.8922595088482614,0.0
17.94187,24.86864,41.93806,2896.47758,-1.41987,73.10827,7.860476795550484,2.9282344279344246,0.0
17.95313,24.90765,41.83036,2892.41863,-1.42254,73.12423,7.958100215730744,2.964601720578347,0.0
17.96437,24.94661,41.72271,2888.30523,-1.42243,73.1402,8.056538264174574,3.0012724836846085,0.0
17.97558,24.98551,41.61533,2884.13628,-1.41951,73.15615,8.155539122410001,3.038152908246658,0.0
17.98676,25.02437,41.50844,2879.91083,-1.41378,73.1721,8.254838266129255,3.075144451999795,0.0
17.99792,25.06318,41.40224,2875.62807,-1.40521,73.18805,8.354159096277842,3.112144074518463,0.0
18.00905,25.10193,41.29695,2871.28735,-1.3938,73.20398,8.453213745556166,3.149044537659318,0.0
18.02015,25.14063,41.19279,2866.88818,-1.37956,73.21991,8.5517040659713,3.1857347734502492,0.0
18.03123,25.17928,41.08996,2862.43024,-1.3625,73.23583,8.649322800515634,3.2221003205715033,0.0
18.04228,25.21788,40.98867,2857.9134,-1.34265,73.25174,8.745754939240234,3.2580238295286903,0.0
18.0533,25.25642,40.88913,2853.3377,-1.32003,73.26765,8.840679256725004,3.293385635400877,0.0
18.0643,25.2949,40.79154,2848.70339,-1.2947,73.28354,8.933770024567782,3.3280643957878264,0.0
18.07526,25.33333,40.6961,2844.01088,-1.2667,73.29943,9.024698888788784,3.361937790192556,0.0
18.0862,25.3717,40.60299,2839.26082,-1.2361,73.3153,9.113136898350843,3.3948832756985006,0.0
18.09711,25.41001,40.51241,2834.45403,-1.20296,73.33116,9.1987566671321,3.426778892361217,0.0
18.10799,25.44827,40.42453,2829.59155,-1.16738,73.34701,9.281234647964546,3.4575041103475854,0.0
18.11885,25.48646,40.33952,2824.6746,-1.12944,73.36285,9.360253493871895,3.4869407095590392,0.0
18.12967,25.5246,40.25755,2819.70464,-1.08925,73.37868,9.43550447834127,3.514973681246446,0.0
18.14047,25.56267,40.17876,2814.68327,-1.04692,73.3945,9.506689943643858,3.541492140073977,0.0
18.15123,25.60068,40.10331,2809.61234,-1.00257,73.4103,9.57352574398974,3.566390234258562,0.0
18.16197,25.63863,40.03132,2804.49384,-0.95633,73.42609,9.635743648616671,3.5895680407836896,0.0
18.17268,25.67652,39.96293,2799.32996,-0.90834,73.44187,9.693093668939968,3.6109324323239673,0.0
18.18336,25.71434,39.89823,2794.12307,-0.85874,73.45763,9.745346273845966,3.630397902500231,0.0
18.19401,25.7521,39.83733,2788.87568,-0.8077,73.47338,9.79229445778775,3.6478873362996103,0.0
18.20463,25.78979,39.78031,2783.59045,-0.75536,73.48911,9.833755628018116,3.6633327131194653,0.0
18.21521,25.82742,39.72726,2778.2702,-0.7019,73.50483,9.869573279549828,3.676675730734158,0.0
18.22577,25.86498,39.67823,2772.91785,-0.6475,73.52053,9.899618429738421,3.6878683397148877,0.0
18.2363,25.90248,39.63327,2767.53644,-0.59231,73.53622,9.92379078827084,3.696873179281245,0.0
18.2468,25.9399,39.59241,2762.12908,-0.53654,73.55189,9.94201964288033,3.7036639072533117,0.0
18.25727,25.97726,39.55568,2756.699,-0.48035,73.56755,9.954264446259435,3.7082254186921944,0.0
18.26771,26.01456,39.52308,2751.24945,-0.42394,73.58319,9.96051509502866,3.7105539498231983,0.0
18.27812,26.05178,39.4946,2745.78375,-0.36749,73.59881,9.960791897389543,3.7106570659857354,0.0
18.2885,26.08894,39.47023,2740.30523,-0.31118,73.61442,9.955145231742417,3.708553534459467,0.0
18.29885,26.12602,39.44994,2734.81725,-0.25521,73.63001,9.943654904267971,3.7042730851465246,0.0
18.30917,26.16304,39.43367,2729.32314,-0.19974,73.64559,9.926429218810279,3.697856064078472,0.0
18.31946,26.19999,39.42137,2723.82623,-0.14497,73.66115,9.903603777372982,3.68935298656957,0.0
18.32971,26.23687,39.41297,2718.3298,-0.09107,73.67669,9.875340033991659,3.678823998496182,0.0
18.33994,26.27368,39.40838,2712.83709,-0.03821,73.69222,9.841823628515822,3.6663382555867305,0.0
18.35014,26.31042,39.40751,2707.35125,0.01345,73.70773,9.803262529891976,3.6519732317457794,0.0
18.36031,26.34709,39.41025,2701.87536,0.06374,73.72322,9.759885020845305,3.6358139682949413,0.0
18.37045,26.38369,39.41649,2696.41243,0.1125,73.7387,9.711937557293913,3.617952276548355,0.0
18.38055,26.42022,39.42609,2690.96532,0.1596,73.75416,9.659682536523926,3.598485906399191,0.0
18.39063,26.45669,39.43893,2685.53683,0.20489,73.7696,9.603396008011188,3.5775176935404978,0.0
18.40068,26.49308,39.45485,2680.12959,0.24824,73.78503,9.543365359960838,3.5551546976403317,0.0
18.4107,26.52941,39.47371,2674.74612,0.28953,73.80044,9.479887013110904,3.531507343222905,0.0
18.42069,26.56567,39.49534,2669.38881,0.32865,73.81584,9.413264151299218,3.5066885742450586,0.0
18.43065,26.60186,39.51959,2664.05989,0.36549,73.83122,9.343804515726186,3.4808130324011004,0.0
18.44058,26.63799,39.54627,2658.76145,0.39995,73.84658,9.271818286906154,3.4539962680939644,0.0
18.45048,26.67404,39.57521,2653.49542,0.43196,73.86193,9.197616075207957,3.4263539918586945,0.0
18.46035,26.71003,39.60622,2648.26361,0.46143,73.87727,9.121507037387214,3.39800137272116,0.0
18.4702,26.74596,39.63913,2643.06762,0.4883,73.89259,9.04379713323452,3.3690523887536474,0.0
18.48002,26.78181,39.67373,2637.90896,0.51252,73.90789,8.96478753300493,3.339619233800428,0.0
18.4898,26.81761,39.70985,2632.78893,0.53404,73.92319,8.88477318300877,3.3098117831226044,0.0
18.49956,26.85333,39.74729,2627.70871,0.55282,73.93846,8.804041533655289,3.2797371195608958,0.0
18.5093,26.889,39.78584,2622.66932,0.56882,73.95373,8.722871431336173,3.2494991207330974,0.0
18.519,26.9246,39.82533,2617.67164,0.58205,73.96898,8.641532172920336,3.2191981068085056,0.0
18.52868,26.96013,39.86555,2612.7164,0.59247,73.98422,8.56028271928952,3.1889305475292393,0.0
18.53833,26.99561,39.90632,2607.80419,0.60009,73.99944,8.479371062379487,3.1587888264164317,0.0
18.54795,27.03102,39.94743,2602.93546,0.60492,74.01466,8.399033738450866,3.128861059450811,0.0
18.55754,27.06637,39.9887,2598.11054,0.60697,74.02986,8.319495479000173,3.0992309650278704,0.0
18.56711,27.10166,40.02993,2593.32963,0.60626,74.04505,8.240968989603022,3.069977781571145,0.0
18.57666,27.13689,40.07096,2588.59279,0.60282,74.06023,8.163654846265437,3.0411762289203534,0.0
18.58617,27.17206,40.11158,2583.89999,0.59668,74.07539,8.087741498341373,3.0128965094182436,0.0
18.59566,27.20717,40.15162,2579.25108,0.58789,74.09055,8.01340536676063,2.9852043445030807,0.0
18.60513,27.24222,40.19091,2574.64579,0.57649,74.10569,7.9408110263944485,2.9581610426446274,0.0
18.61457,27.27721,40.22928,2570.08376,0.56253,74.12083,7.870111461346263,2.9318235944466657,0.0
18.62398,27.31215,40.26656,2565.56454,0.54608,74.13595,7.801448382444247,2.9062447909213285,0.0
18.63337,27.34703,40.30258,2561.08758,0.5272,74.15107,7.734952596470831,2.881473361036803,0.0
18.64273,27.38185,40.3372,2556.65224,0.50595,74.16618,7.6707444172808605,2.8575541248696688,0.0
18.65207,27.41662,40.37026,2552.2578,0.48241,74.18127,7.608934109537584,2.8345281589082223,0.0
18.66138,27.45133,40.40162,2547.90346,0.45665,74.19636,7.549622356426991,2.8124329702883797,0.0
18.67067,27.48599,40.43114,2543.58836,0.42876,74.21144,7.492900743414713,2.791302677005846,0.0
18.67994,27.5206,40.45868,2539.31156,0.39881,74.22651,7.438852250788681,2.771168191401221,0.0
18.68918,27.55515,40.48412,2535.07204,0.3669,74.24157,7.387551748452251,2.7520574044834474,0.0
18.69839,27.58965,40.50734,2530.86875,0.33311,74.25663,7.339066487063872,2.7339953688922707,0.0
18.70759,27.62409,40.52822,2526.70056,0.29753,74.27167,7.293456580361693,2.7170044785768392,0.0
18.71676,27.65848,40.54667,2522.56629,0.26026,74.28671,7.250775474041069,2.7011046434649115,0.0
18.7259,27.69283,40.56257,2518.4647,0.2214,74.30174,7.211070397226883,2.686313457648182,0.0
18.73502,27.72712,40.57583,2514.39452,0.18105,74.31677,7.1743827930846935,2.6726463597962553,0.0
18.74412,27.76136,40.58638,2510.35441,0.1393,74.33179,7.140748725635235,2.6601167847057567,0.0
18.7532,27.79554,40.59412,2506.34299,0.09626,74.3468,7.110199260318515,2.6487363050704698,0.0
18.76225,27.82968,40.59898,2502.35886,0.05203,74.3618,7.082760816223195,2.638514762696049,0.0
18.77128,27.86377,40.60091,2498.40055,0.00672,74.3768,7.058455488346532,2.629460388550327,0.0
18.78029,27.89781,40.59985,2494.46657,-0.03958,74.39179,7.037301338509144,2.6215799111367195,0.0
18.78928,27.9318,40.59573,2490.55539,-0.08674,74.40678,7.019312653907089,2.614878652811676,0.0
18.79824,27.96574,40.58852,2486.66545,-0.13466,74.42176,7.004500172522809,2.6093606137561904,0.0
18.80718,27.99963,40.57818,2482.79514,-0.18324,74.43673,6.992871274843845,2.6050285433960636,0.0
18.8161,28.03348,40.56469,2478.94285,-0.23237,74.45169,6.984430141560379,2.601883999148389,0.0
18.82499,28.06728,40.54802,2475.10691,-0.28193,74.46666,6.979177877094853,2.5999273924395854,0.0
18.83387,28.10102,40.52815,2471.28564,-0.33181,74.48161,6.977112598971246,2.599158021997804,0.0
18.84272,28.13472,40.50508,2467.47733,-0.38191,74.49656,6.978229493199126,2.599574094484945,0.0
18.85155,28.16838,40.47881,2463.68023,-0.43211,74.5115,6.982520835985556,2.6011727325849145,0.0
18.86036,28.20198,40.44934,2459.8926,-0.4823,74.52644,6.9899759822143945,2.6039499707118594,0.0
18.86914,28.23554,40.4167,2456.11266,-0.53238,74.54137,7.000581321289993,2.6079007385607853,0.0
18.87791,28.26905,40.38089,2452.33859,-0.58222,74.55629,7.014320201069841,2.6130188327704618,0.0
18.88665,28.30251,40.34195,2448.5686,-0.63173,74.57121,7.031172820751422,2.619296877020961,0.0
18.89537,28.33592,40.29991,2444.80083,-0.68078,74.58613,7.051116093748833,2.62672627095159,0.0
18.90407,28.36929,40.25482,2441.03345,-0.72927,74.60103,7.074123481762013,2.635297128347311,0.0
18.91275,28.40261,40.20672,2437.26459,-0.7771,74.61593,7.100164801415159,2.6449982051064653,0.0
18.9214,28.43588,40.15567,2433.49239,-0.82414,74.63083,7.129206005075234,2.6558168175899,0.0
18.93004,28.46911,40.10174,2429.71497,-0.8703,74.64572,7.161208937657351,2.667738752024573,0.0
18.93865,28.50228,40.04498,2425.93044,-0.91547,74.6606,7.196131071499414,2.6807481657373833,0.0
18.94724,28.53541,39.98548,2422.13693,-0.95954,74.67547,7.233925221646766,2.6948274810912105,0.0
18.95581,28.56849,39.92332,2418.33255,-1.00241,74.69034,7.274539244198552,2.7099572731109984,0.0
18.96436,28.60153,39.85859,2414.51543,-1.04398,74.7052,7.317915720680592,2.726116151904343,0.0
18.97288,28.63451,39.79138,2410.68369,-1.08414,74.72006,7.36399163176075,2.743280641111885,0.0
18.98139,28.66745,39.72179,2406.83548,-1.1228,74.7349,7.4126980239713784,2.7614250537526517,0.0
18.98987,28.70034,39.64993,2402.96896,-1.15986,74.74974,7.463959673509935,2.7805213669809388,0.0
18.99833,28.73317,39.57591,2399.08229,-1.19523,74.76457,7.517694751534555,2.8005390974001045,0.0
19.00677,28.76596,39.49984,2395.17369,-1.22881,74.7794,7.573814495826011,2.8214451787480113,0.0
19.01519,28.7987,39.42185,2391.24139,-1.26051,74.79421,7.632222894013162,2.843203843890173,0.0
19.02358,28.83139,39.34207,2387.28364,-1.29026,74.80902,7.692816383987803,2.8657765132164004,0.0
19.03196,28.86403,39.26063,2383.29875,-1.31797,74.82382,7.755483577490402,2.889121691669216,0.0
19.04031,28.89662,39.17767,2379.28506,-1.34355,74.83861,7.820105013123202,2.9131948767347358,0.0
19.04864,28.92916,39.09332,2375.24098,-1.36694,74.85339,7.886552945407807,2.9379484798610727,0.0
19.05695,28.96164,39.00773,2371.16495,-1.38807,74.86816,7.954691176663214,2.9633317638284757,0.0
19.06523,28.99407,38.92105,2367.05548,-1.40688,74.88292,8.024374938654013,2.989290798660173,0.0
19.0735,29.02646,38.83343,2362.91116,-1.42329,74.89767,8.095450831018395,3.0157684386851855,0.0
19.08174,29.05878,38.74503,2358.73065,-1.43726,74.91241,8.167756823435948,3.0427043233458835,0.0
19.08996,29.09106,38.65599,2354.51266,-1.44874,74.92714,8.241122328352613,3.0700349042899533,0.0
19.09815,29.12328,38.56649,2350.25603,-1.45768,74.94186,8.315368350760105,3.0976935011671647,0.0
19.10632,29.15545,38.47669,2345.95967,-1.46406,74.95656,8.390307721118862,3.1256103883993056,0.0
19.11448,29.18756,38.38673,2341.62258,-1.46783,74.97126,8.465745416916143,3.1537129149690273,0.0
19.1226,29.21961,38.29679,2337.24387,-1.46898,74.98594,8.541478977585353,3.181925658988216,0.0
19.13071,29.25161,38.20704,2332.82279,-1.46749,75.00061,8.61729901662195,3.2101706184746397,0.0
19.13879,29.28356,38.11762,2328.35866,-1.46336,75.01527,8.692989833618165,3.238367439350986,0.0
19.14685,29.31544,38.02871,2323.85094,-1.45658,75.02992,8.768330127725136,3.266433681228273,0.0
19.15488,29.34727,37.94046,2319.29923,-1.44716,75.04455,8.843093812619651,3.2942851210024218,0.0
19.1629,29.37904,37.85304,2314.70324,-1.43512,75.05916,8.917050931539412,3.3218360937289453,0.0
19.17088,29.41075,37.7666,2310.06283,-1.42048,75.07377,8.989968669301746,3.3489998696265633,0.0
19.17885,29.4424,37.68129,2305.37798,-1.40328,75.08835,9.06161245644339,3.375689065398316,0.0
19.18679,29.47399,37.59728,2300.64883,-1.38356,75.10293,9.131747158859195,3.4018160874032857,0.0
19.19471,29.50552,37.51469,2295.87565,-1.36137,75.11748,9.200138344460193,3.42729360352005,0.0
19.2026,29.53699,37.43368,2291.05886,-1.33678,75.13203,9.266553616596523,3.4520350398818147,0.0
19.21047,29.5684,37.35439,2286.19902,-1.30984,75.14655,9.330764002225958,3.475955098005705,0.0
19.21832,29.59974,37.27695,2281.29685,-1.28065,75.16106,9.392545381202288,3.4989702872403012,0.0
19.22614,29.63102,37.20148,2276.3532,-1.24927,75.17555,9.451679941579556,3.52099946690476,0.0
19.23394,29.66224,37.1281,2271.36907,-1.21582,75.19003,9.507957644585453,3.54196439202994,0.0
0.04563,0.04563,57.18347,4825.71094,-0.55306,45.0001,2.5562808331387306,0.9522818701408697,0.0
0.09124,0.09124,57.11028,4824.42197,-0.60575,45.00026,2.5813524153765255,0.9616216941974788,0.0
0.13684,0.13684,57.03047,4823.1315,-0.65802,45.00048,2.6090917541157,0.9719553277437497,0.0
0.18243,0.18243,56.94412,4821.83792,-0.70983,45.00074,2.639555539173917,0.9833038892283613,0.0
0.22801,0.22801,56.85129,4820.53956,-0.76113,45.00107,2.6728055138460864,0.9956903796532306,0.0
0.27357,0.27358,56.75204,4819.23472,-0.81185,45.00144,2.708908432280517,1.0091396666950103,0.0
0.31912,0.31913,56.64646,4817.92164,-0.86197,45.00187,2.7479359996403687,1.0236784624136541,0.0
0.36466,0.36467,56.53464,4816.59849,-0.91141,45.00236,2.7899647912648007,1.039335293137817,0.0
0.41019,0.41021,56.41665,4815.2634,-0.96014,45.00289,2.835076146608407,1.0561404599545048,0.0
0.4557,0.45572,56.29261,4813.91445,-1.00808,45.00348,2.883356033260147,1.0741259880525489,0.0
0.5012,0.50123,56.16261,4812.54962,-1.05519,45.00413,2.934894875833746,1.0933255629797767,0.0
0.54669,0.54673,56.02677,4811.16686,-1.10141,45.00483,2.9897873439953777,1.1137744516777461,0.0
0.59216,0.59221,55.88521,4809.76404,-1.14667,45.00558,3.048132093346624,1.1355094059538322,0.0
0.63762,0.63768,55.73805,4808.33894,-1.19092,45.00638,3.1100314523007184,1.1585685458343866,0.0
0.68307,0.68314,55.58544,4806.88929,-1.23409,45.00724,3.175591047543135,1.1829912200389536,0.0
0.7285,0.72859,55.42752,4805.41273,-1.27611,45.00814,3.244919360066636,1.2088178405916443,0.0
0.77391,0.77403,55.26444,4803.90684,-1.31692,45.00911,3.318127203244527,1.2360896883896904,0.0
0.81932,0.81945,55.09636,4802.36909,-1.35644,45.01012,3.3953271138773315,1.2648486863523078,0.0
0.8647,0.86486,54.92345,4800.7969,-1.39461,45.01118,3.476632646687226,1.2951371366013122,0.0
0.91006,0.91027,54.74502,4799.18927,-1.44538,45.05197,3.562601779398708,1.3271629005203565,38.99999933473172
0.95537,0.9557,54.56034,4797.54483,-1.49499,45.09382,3.653845162720141,1.361153461565493,38.99999933473172
1.00063,1.00115,54.36957,4795.86029,-1.54335,45.13679,3.7505707761990426,1.3971862975904434,38.99999933473172
1.04584,1.04661,54.17289,4794.1322,-1.59039,45.18097,3.8529921260616886,1.4353409452821824,38.99999933473172
1.091,1.0921,53.97046,4792.35696,-1.63603,45.2264,3.961329201105894,1.475699356256149,38.99999933473172
1.1361,1.13761,53.76249,4790.53086,-1.68018,45.27315,4.075807594625865,1.518345569950153,38.99999933473172
1.18115,1.18314,53.54915,4788.65001,-1.72277,45.32131,4.196657437507842,1.5633653161744263,38.99999933473172
1.22614,1.22869,53.33067,4786.71037,-1.76369,45.37095,4.32411211847037,1.6108455383674534,38.99999933473172
1.27108,1.27426,53.10726,4784.70777,-1.80286,45.42213,4.45840676606549,1.660873828101475,38.99999933473172
1.31595,1.31986,52.87916,4782.63785,-1.84018,45.47495,4.599776465911841,1.7135377609549083,38.99999933473172
1.36077,1.36548,52.64661,4780.49613,-1.87555,45.52949,4.748454185855914,1.7689241235803246,38.99999933473172
1.40552,1.41112,52.40987,4778.27796,-1.90887,45.58582,4.904668381485611,1.8271180216952447,38.99999933473172
1.4502,1.45679,52.16921,4775.97852,-1.94003,45.64405,5.068640254714166,1.8882018588325222,38.99999933473172
1.49482,1.50248,51.92492,4773.59287,-1.96892,45.70426,5.240580639304823,1.9522541761163348,38.99999933473172
1.53936,1.5482,51.67729,4771.11591,-1.99544,45.76655,5.420686489259278,2.0193483440944866,38.99999933473172
1.58384,1.59395,51.42663,4768.54242,-2.01946,45.83101,5.609136949299341,2.0895510988894324,38.99999933473172
1.62823,1.63972,51.17328,4765.86704,-2.04087,45.89774,5.806088991298655,2.1629209166542833,38.99999933473172
1.67255,1.68552,50.91758,4763.08431,-2.05955,45.96684,6.011672606840275,2.2395062226740112,38.99999933473172
1.71679,1.73136,50.65988,4760.18867,-2.07537,46.03842,6.225985554172628,2.3193434344683306,38.99999933473172
1.76094,1.77722,50.40055,4757.17449,-2.08822,46.11258,6.449087668073996,2.4024548420664975,38.99999933473172
1.805,1.82311,50.13998,4754.03608,-2.09797,46.18942,6.680994753562664,2.4888463332536803,38.99999933473172
1.84898,1.86904,49.87857,4750.76774,-2.1045,46.26905,6.921672099241367,2.578504977121084,38.99999933473172
1.89286,1.915,49.61674,4747.36375,-2.10768,46.35158,7.1710276633659475,2.671396485697247,38.99999933473172
1.93664,1.96099,49.35492,4743.81845,-2.1074,46.4371,7.428905005493614,2.767462580801033,38.99999933473172
1.98032,2.00702,49.09356,4740.12623,-2.10352,46.52572,7.695076058605756,2.8666183014672053,38.99999933473172
2.0239,2.05308,48.83312,4736.28163,-2.09594,46.61754,7.969233860625807,2.9687492962455857,38.99999933473172
2.06737,2.09918,48.57406,4732.27933,-2.08454,46.71265,8.25098538978073,3.0737091541846913,38.99999933473172
2.11072,2.14531,48.31689,4728.11425,-2.06922,46.81116,8.539844674605984,3.1813168381273025,38.99999933473172
2.15395,2.19148,48.06208,4723.78155,-2.04987,46.91313,8.83522637547515,3.2913542936613656,38.99999933473172
2.19707,2.2377,47.81016,4719.27676,-2.02642,47.01866,9.136440059428455,3.4035643163429805,38.99999933473172
2.24006,2.28395,47.56163,4714.59578,-1.99876,47.12782,9.442685411999015,3.5176487679756914,38.99999933473172
2.28292,2.33024,47.31703,4709.73498,-1.96684,47.24066,9.7530486473639,3.6332672392973064,38.99999933473172
2.32564,2.37657,47.07688,4704.69124,-1.9306,47.35724,10.06650038930733,3.750036260582928,38.99999933473172
2.36822,2.42295,46.84172,4699.46206,-1.88999,47.47761,10.381895298598616,3.867529162833436,38.99999933473172
2.41066,2.46937,46.61208,4694.04559,-1.845,47.60178,10.697973715100233,3.985276689503949,38.99999933473172
2.45295,2.51583,46.38851,4688.44069,-1.79561,47.72977,11.013365563942246,4.102768451656577,38.99999933473172
2.49508,2.56233,46.17153,4682.64706,-1.74184,47.86158,11.326596742389972,4.219455307236675,38.99999933473172
2.53706,2.60888,45.96168,4676.66522,-1.68371,47.99719,11.636098157053583,4.334752727671197,38.99999933473172
2.57887,2.65547,45.75948,4670.49662,-1.62129,48.13656,11.940217519249769,4.448045191951281,38.99999933473172
2.62052,2.70211,45.56542,4664.14366,-1.55466,48.27962,12.23723393014413,4.558691619981539,38.99999933473172
2.66199,2.74879,45.38001,4657.60974,-1.48392,48.42631,12.525375198390616,4.666031823856405,38.99999933473172
2.70328,2.79552,45.20373,4650.89931,-1.40919,48.57652,12.802837733709485,4.769393918741361,38.99999933473172
2.7444,2.8423,45.03703,4644.01783,-1.33065,48.73013,13.067808754078062,4.8681025956357935,38.99999933473172
2.78533,2.88912,44.88034,4636.97184,-1.24846,48.887,13.318490436334642,4.961488118108393,38.99999933473172
2.82606,2.93598,44.73407,4629.76893,-1.16284,49.04697,13.55312553578416,5.048895866274361,38.99999933473172
2.86661,2.98289,44.59859,4622.41768,-1.07403,49.20986,13.770023905572774,5.129696215960196,38.99999933473172
2.90695,3.02985,44.47425,4614.92769,-0.98227,49.37546,13.967589267572684,5.203294511562689,38.99999933473172
2.9471,3.07684,44.36134,4607.30945,-0.88785,49.54354,14.144345528936165,5.269140869657723,38.99999933473172
2.98704,3.12389,44.26015,4599.57434,-0.79108,49.71388,14.298961907624648,5.326739538920946,38.99999933473172
3.02678,3.17097,44.1709,4591.7345,-0.69227,49.8862,14.430276129671155,5.375657541718395,38.99999933473172
3.06631,3.2181,44.09378,4583.80276,-0.59176,50.06025,14.537314992957505,5.415532334654553,38.99999933473172
3.10562,3.26527,44.02892,4575.79252,-0.48992,50.23574,14.619311657070247,5.446078249498628,38.99999933473172
3.14472,3.31248,43.97643,4567.71764,-0.38709,50.41238,14.675719114074859,5.467091511402362,38.99999933473172
3.18361,3.35973,43.93635,4559.59231,-0.28366,50.58986,14.706219417195298,5.478453676826001,38.99999933473172
3.22229,3.40702,43.9087,4551.43095,-0.18001,50.76789,14.710728387046583,5.48013338673374,38.99999933473172
3.26075,3.45434,43.89343,4543.24803,-0.0765,50.94616,14.68939567116326,5.472186388769664,38.99999933473172
3.29899,3.50171,43.89046,4535.05798,0.02647,51.12437,14.642600193781776,5.45475384218195,38.99999933473172
3.33701,3.5491,43.89967,4526.87506,0.12855,51.30221,14.57094119030637,5.428058977925506,38.99999933473172
3.37482,3.59653,43.92087,4518.71322,0.22936,51.4794,14.475225166989697,5.392402240799902,38.99999933473172
3.41242,3.644,43.95386,4510.586,0.32855,51.65564,14.356449253099365,5.348155087693372,38.99999933473172
3.4498,3.69149,43.99837,4502.50641,0.42579,51.83066,14.215781515101858,5.295752654098361,38.99999933473172
3.48697,3.73901,44.05413,4494.48687,0.52075,52.00421,14.054538875727426,5.235685528382208,38.99999933473172
3.52394,3.78656,44.12081,4486.53909,0.61314,52.17603,13.87416332339413,5.168490889171642,38.99999933473172
3.56069,3.83414,44.19804,4478.67403,0.70267,52.34589,13.676197109380865,5.094743265647123,38.99999933473172
3.59724,3.88175,44.28545,4470.90183,0.78908,52.51358,13.462257612993296,5.015045174155822,38.99999933473172
3.63359,3.92938,44.38261,4463.23177,0.87213,52.67891,13.234012512352404,4.930017868677057,38.99999933473172
3.66973,3.97703,44.4891,4455.67226,0.95162,52.8417,12.993155834703344,4.840292418932187,38.99999933473172
3.70568,4.0247,44.60446,4448.23079,1.02736,53.0018,12.741385380477215,4.746501300253615,38.99999933473172
3.74144,4.07239,44.72821,4440.91397,1.09918,53.15907,12.48038192533953,4.649270645800613,38.99999933473172
3.77701,4.1201,44.85987,4433.72751,1.16695,53.31339,12.211790509447418,4.5492132763153235,38.99999933473172
3.81239,4.16783,44.99893,4426.67625,1.23056,53.46467,11.937204027968331,4.446922587159217,38.99999933473172
3.8476,4.21558,45.14489,4419.76417,1.28991,53.61283,11.658149245924031,4.342967338474506,38.99999933473172
3.88262,4.26334,45.29724,4412.99445,1.34493,53.75781,11.376075276955657,4.237887363220986,38.99999933473172
3.91747,4.31112,45.45546,4406.3695,1.39559,53.89956,11.09234449208099,4.132190180448925,38.99999933473172
3.95215,4.35891,45.61902,4399.89101,1.44185,54.03807,10.808225762636738,4.026348478117256,38.99999933473172
3.98667,4.40672,45.78742,4393.55996,1.48371,54.17331,10.524889891922216,3.9207984112606638,38.99999933473172
4.02102,4.45453,45.96014,4387.37673,1.52118,54.3053,10.243407052761764,3.815938647414159,38.99999933473172
4.05521,4.50236,46.13666,4381.34114,1.55428,54.43404,9.96474602260648,3.712130081668341,38.99999933473172
4.08925,4.5502,46.31649,4375.45244,1.58306,54.55957,9.689774992843622,3.6096961381584554,38.99999933473172
4.12314,4.59805,46.49913,4369.70946,1.60756,54.68191,9.419263723501262,3.5089235727485653,38.99999933473172
4.15689,4.64591,46.68409,4364.11059,1.62786,54.80113,9.153886816900876,3.410063692553273,38.99999933473172
4.19049,4.69378,46.87089,4358.65384,1.64402,54.91726,8.894227892540199,3.3133339111914406,38.99999933473172
4.22396,4.74165,47.05908,4353.33691,1.65614,55.03039,8.640784459059324,3.2189195637217427,38.99999933473172
4.25729,4.78954,47.24819,4348.15722,1.6643,55.14057,8.393973296198409,3.126975911563521,38.99999933473172
4.29049,4.83743,47.43779,4343.11196,1.66861,55.24788,8.154136178899975,3.0376302748755073,38.99999933473172
4.32356,4.88533,47.62745,4338.19812,1.66917,55.3524,7.921545796065134,2.9509842374482402,38.99999933473172
4.35651,4.93323,47.81675,4333.41252,1.66608,55.45421,7.696411737064689,2.8671158768369738,38.99999933473172
4.38934,4.98115,48.00529,4328.75186,1.65945,55.5534,7.478886439232708,2.7860819799595147,38.99999933473172
4.42205,5.02907,48.19269,4324.21273,1.64941,55.65005,7.2690710086759065,2.707920211500877,38.99999933473172
4.45465,5.07699,48.37857,4319.79166,1.63606,55.74426,7.067020844441681,2.6326512090638525,38.99999933473172
4.48713,5.12492,48.56257,4315.48513,1.61953,55.83611,6.872751012150331,2.560280584988403,38.99999933473172
4.51951,5.17285,48.74435,4311.28959,1.59993,55.9257,6.686241327513245,2.49080082009594,38.99999933473172
4.55178,5.2208,48.92358,4307.20146,1.57738,56.01311,6.507441122602831,2.424193039250282,38.99999933473172
4.58395,5.26874,49.09994,4303.2172,1.55198,56.09843,6.336273678488574,2.3604286626312168,38.99999933473172
4.61602,5.31669,49.27313,4299.33327,1.52387,56.18176,6.172640316785652,2.2994709299440124,38.99999933473172
4.64799,5.36465,49.44285,4295.54617,1.49316,56.26319,6.016424150110688,2.241276297562868,38.99999933473172
4.67987,5.41261,49.60883,4291.85242,1.45995,56.34279,5.8674934973726645,2.185795710816643,38.99999933473172
4.71165,5.46057,49.77081,4288.24862,1.42436,56.42067,5.725704974502761,2.132975755367039,38.99999933473172
4.74334,5.50854,49.92853,4284.73141,1.38649,56.49689,5.590906274757124,2.08275969294454,38.99999933473172
4.77495,5.55652,50.08176,4281.29747,1.34646,56.57155,5.462938655287583,2.035088387661426,38.99999933473172
4.80646,5.6045,50.23026,4277.94358,1.30436,56.64474,5.341639148379923,1.989901129756214,38.99999933473172
4.83789,5.65248,50.37383,4274.66656,1.26031,56.71651,5.2268425168095884,1.9471363640151025,38.99999933473172
4.86924,5.70047,50.51226,4271.4633,1.2144,56.78697,5.118382973206597,1.9067323302806456,38.99999933473172
4.90051,5.74847,50.64535,4268.33078,1.16672,56.85617,5.01609568333224,1.8686276234618753,38.99999933473172
4.9317,5.79646,50.77293,4265.26601,1.11738,56.9242,4.919818072787976,1.8327616803177442,38.99999933473172
4.9628,5.84447,50.89483,4262.26609,1.06647,56.99113,4.829390956062238,1.799075200056771,38.99999933473172
4.99383,5.89248,51.01087,4259.32818,1.01407,57.05703,4.74465950596971,1.7675105054786766,38.99999933473172
5.02479,5.94049,51.12092,4256.44951,0.96027,57.12197,4.665474080527323,1.738011851007451,38.99999933473172
5.05567,5.98851,51.22483,4253.62736,0.90517,57.18602,4.59169092327157,1.7105256835779765,38.99999933473172
5.08648,6.03653,51.32247,4250.85906,0.84884,57.24924,4.523172751839055,1.6850008618977728,38.99999933473172
5.11721,6.08456,51.41371,4248.142,0.79136,57.31169,4.459789248507372,1.6613888391863783,38.99999933473172
5.14787,6.13259,51.49845,4245.47365,0.73283,57.37345,4.401417465215521,1.6396438140561116,38.99999933473172
5.17847,6.18063,51.57658,4242.85147,0.67331,57.43457,4.347942154452191,1.6197228537766646,38.99999933473172
5.20899,6.22868,51.64799,4240.27301,0.61288,57.49511,4.299256036322258,1.6015859937644,38.99999933473172
5.23945,6.27673,51.71262,4237.73583,0.55162,57.55513,4.255260011011238,1.5851963167309497,38.99999933473172
5.26983,6.32478,51.77036,4235.23755,0.4896,57.61469,4.2158633248984465,1.5705200145647369,38.99999933473172
5.30015,6.37285,51.82116,4232.7758,0.42689,57.67384,4.180983697609381,1.5575264356613332,38.99999933473172
5.3304,6.42091,51.86495,4230.34823,0.36357,57.73265,4.150547416402493,1.5461881200850114,38.99999933473172
5.36059,6.46899,51.90168,4227.95253,0.2997,57.79117,4.124489403454238,1.5364808246342014,38.99999933473172
5.39071,6.51707,51.93128,4225.5864,0.23536,57.84945,4.102753260817918,1.5283835395898402,38.99999933473172
5.42077,6.56515,51.95374,4223.24755,0.1706,57.90755,4.085291297098328,1.5218784986523755,38.99999933473172
5.45076,6.61325,51.969,4220.9337,0.10551,57.96552,4.072064539173259,1.5169511833083411,38.99999933473172
5.4807,6.66133,51.97807,4218.64034,0.0586,57.97129,4.062456082410551,1.5133717803505198,0.0
5.51063,6.7094,51.98194,4216.3634,0.01144,57.97709,4.05586399068101,1.510916052732893,0.0
5.54054,6.75744,51.98059,4214.10126,-0.03593,57.98292,4.052281837125022,1.5095816062811556,0.0
5.57042,6.80547,51.97401,4211.85228,-0.08342,57.98879,4.051705703517162,1.5093669813532398,0.0
5.60029,6.85347,51.96219,4209.61481,-0.13099,57.9947,4.054134459758657,1.5102717569576194,0.0
5.63013,6.90146,51.94514,4207.38718,-0.17857,58.00064,4.059569763124009,1.5122965504726513,0.0
5.65995,6.94942,51.92285,4205.1677,-0.2261,58.00661,4.068016035271798,1.5154430090824982,0.0
5.68975,6.99737,51.89536,4202.95466,-0.27351,58.01262,4.079480416854822,1.5197137928682085,0.0
5.71953,7.04529,51.86267,4200.74635,-0.32075,58.01866,4.0939726993250325,1.5251125494032627,0.0
5.74929,7.0932,51.82482,4198.54101,-0.36776,58.02474,4.1115052332956115,1.5316438796160357,0.0
5.77903,7.14109,51.78184,4196.33687,-0.41446,58.03086,4.132092812604087,1.5393132946002557,0.0
5.80875,7.18895,51.73377,4194.13215,-0.4608,58.037,4.155752532994163,1.5481271629702686,0.0
5.83845,7.2368,51.68066,4191.92501,-0.50672,58.04319,4.182503624125229,1.5580926482801603,0.0
5.86813,7.28463,51.62257,4189.71362,-0.55214,58.0494,4.212367253419558,1.5692176359516743,0.0
5.89778,7.33244,51.55956,4187.49608,-0.59701,58.05565,4.24536630006352,1.5815106490837225,0.0
5.92742,7.38023,51.4917,4185.2705,-0.64126,58.06194,4.281525097319918,1.594980752456945,0.0
5.95704,7.428,51.41907,4183.03494,-0.68483,58.06826,4.3208691411363045,1.6096374439826453,0.0
5.98663,7.47575,51.34174,4180.78743,-0.72765,58.07461,4.363424762923124,1.6254905328040332,0.0
6.0162,7.52348,51.25982,4178.52597,-0.76965,58.081,4.4092187642653276,1.6425500032166962,0.0
6.04575,7.57119,51.17339,4176.24853,-0.81077,58.08742,4.458278011274477,1.6608258635540805,0.0
6.07528,7.61889,51.08257,4173.95305,-0.85094,58.09387,4.51062898625941,1.680327979173019,0.0
6.10479,7.66656,50.98747,4171.63743,-0.89008,58.10036,4.566297294418852,1.701065888683752,0.0
6.13428,7.71421,50.8882,4169.29954,-0.92814,58.10688,4.625307123343709,1.723048602600305,0.0
6.16374,7.76184,50.7849,4166.93724,-0.96505,58.11344,4.687680653272051,1.7462843836449555,0.0
6.19319,7.80945,50.6777,4164.54832,-1.00072,58.12002,4.753437416248126,1.7707805080181058,0.0
6.22261,7.85704,50.56675,4162.13059,-1.0351,58.12664,4.822593602663963,1.7965430070667816,0.0
6.25201,7.9046,50.45219,4159.68179,-1.06811,58.13329,4.895161314063279,1.8235763889344272,0.0
6.28138,7.95215,50.33418,4157.19967,-1.09968,58.13997,4.971147761594954,1.8518833399637384,0.0
6.31073,7.99967,50.21289,4154.68194,-1.12974,58.14669,5.050554410152724,1.8814644058661754,0.0
6.34006,8.04717,50.08849,4152.12631,-1.15822,58.15343,5.133376068983975,1.9123176529498114,0.0
6.36937,8.09465,49.96117,4149.53045,-1.18505,58.16021,5.219599930461311,1.9444383100364537,0.0
6.39865,8.1421,49.8311,4146.89206,-1.21016,58.16702,5.309204559758731,1.9778183920894317,0.0
6.42791,8.18953,49.69849,4144.20879,-1.23347,58.17385,5.402158839360452,2.012446307015366,0.0
6.45714,8.23694,49.56354,4141.47834,-1.25492,58.18072,5.498420873701041,2.0483064476137933,0.0
6.48635,8.28432,49.42646,4138.69838,-1.27444,58.18762,5.597936860730238,2.085378771205376,0.0
6.51554,8.33168,49.28746,4135.86662,-1.29197,58.19455,5.70063993885447,2.1236383700872716,0.0
6.54469,8.37901,49.14678,4132.98079,-1.30742,58.20151,5.806449019501617,2.1630550366327985,0.0
6.57383,8.42632,49.00463,4130.03865,-1.32075,58.20849,5.915267617461087,2.203592827562332,0.0
6.60293,8.4736,48.86127,4127.03799,-1.33189,58.21551,6.02698269316223,2.2452096326615547,0.0
6.63201,8.52085,48.71693,4123.97669,-1.34077,58.22255,6.1414635231032175,2.287856753986494,0.0
6.66107,8.56807,48.57187,4120.85264,-1.34734,58.22962,6.258560616750464,2.331478502380055,0.0
6.69009,8.61526,48.42634,4117.66385,-1.35155,58.23672,6.378104700231651,2.376011818870936,0.0
6.71909,8.66243,48.28059,4114.4084,-1.35335,58.24384,6.499905789125367,2.4213859292633706,0.0
6.74806,8.70956,48.1349,4111.08446,-1.35268,58.25099,6.623752374393245,2.46752204087543,0.0
6.777,8.75667,47.98954,4107.69033,-1.34951,58.25817,6.749410747032265,2.5143330909542336,0.0
6.80591,8.80374,47.84477,4104.22443,-1.3438,58.26537,6.87662448820575,2.561723556736336,0.0
6.83479,8.85078,47.70088,4100.68532,-1.33551,58.2726,7.005114152309225,2.609589337381411,0.0
6.86364,8.89778,47.55814,4097.07171,-1.32463,58.27985,7.134577170668527,2.6578177180972737,0.0
6.89246,8.94475,47.41683,4093.38249,-1.31113,58.28713,7.2646880031203285,2.7062874266076076,0.0
6.92125,8.99169,47.27724,4089.61673,-1.295,58.29443,7.395098563530821,2.754868791668871,0.0
6.95001,9.03859,47.13965,4085.77369,-1.27623,58.30175,7.525438943381643,2.8034240126250953,0.0
6.97873,9.08546,47.00434,4081.85285,-1.25482,58.3091,7.65531845466774,2.8518075479147775,0.0
7.00742,9.13228,46.87158,4077.85392,-1.2308,58.31647,7.784327009597876,2.899866629045623,0.0
7.03608,9.17907,46.74165,4073.77685,-1.20417,58.32386,7.9120368498415194,2.9474419047845113,0.0
7.06471,9.22582,46.61484,4069.62181,-1.17496,58.33127,8.038004632441984,2.9943682182150195,0.0
7.0933,9.27253,46.49139,4065.38927,-1.14321,58.33871,8.16177387296847,3.040475516875847,0.0
7.12185,9.3192,46.37159,4061.07994,-1.10898,58.34616,8.282877739148095,3.0855898934622497,0.0
7.15037,9.36583,46.25568,4056.69482,-1.07231,58.35363,8.400842180251315,3.129534751604446,0.0
7.17885,9.41241,46.14392,4052.2352,-1.03328,58.36113,8.51518936906773,3.172132088094171,0.0
7.2073,9.45895,46.03654,4047.70263,-0.99196,58.36864,8.625441424567102,3.2132038796738556,0.0
7.2357,9.50545,45.93377,4043.09896,-0.94844,58.37617,8.731124374694017,3.2525735592819034,0.0
7.26407,9.5519,45.83583,4038.42634,-0.90282,58.38372,8.831772310315657,3.2900675635075296,0.0
7.29241,9.5983,45.74294,4033.68718,-0.85521,58.39129,8.926931673552653,3.325516930106846,0.0
7.3207,9.64466,45.65528,4028.88418,-0.80572,58.39887,9.016165616889676,3.358758921886243,0.0
7.34895,9.69097,45.57303,4024.02032,-0.75449,58.40647,9.099058363792972,3.3896386511471555,0.0
7.37717,9.73723,45.49637,4019.09881,-0.70164,58.41409,9.175219497481857,3.418010677366296,0.0
7.40534,9.78344,45.42543,4014.12313,-0.64732,58.42172,9.244288102121327,3.4437405498988607,0.0
7.43347,9.8296,45.36036,4009.09698,-0.59169,58.42937,9.305936680381055,3.4667062673723255,0.0
7.46157,9.87571,45.30127,4004.02427,-0.5349,58.43704,9.359874772952383,3.486799626051773,0.0
7.48962,9.92178,45.24825,3998.90913,-0.47712,58.44472,9.405852209510646,3.5039274309088904,0.0
7.51763,9.96778,45.20139,3993.75581,-0.41852,58.45242,9.443661926538148,3.5180125453351625,0.0
7.54559,10.01374,45.16075,3988.56875,-0.35927,58.46013,9.473142295351343,3.528994758393264,0.0
7.57352,10.05965,45.12637,3983.35249,-0.29956,58.46785,9.494178913344031,3.5368314521022723,0.0
7.6014,10.1055,45.09828,3978.11168,-0.23956,58.47559,9.506705822682138,3.541498055433538,0.0
7.62924,10.1513,45.07647,3972.85102,-0.17947,58.48335,9.510706132865996,3.5429882762315215,0.0
7.65704,10.19704,45.06094,3967.57529,-0.11945,58.49111,9.50621203670191,3.541314107163612,0.0
7.68479,10.24273,45.05164,3962.28923,-0.0597,58.4989,9.493304222401376,3.5365056067116294,0.0
7.7125,10.28837,45.04853,3956.99762,-0.0004,58.50669,9.472110697682009,3.5286104611184697,0.0
7.74017,10.33395,45.05153,3951.70517,0.05828,58.5145,9.442805054224268,3.5176933378525743,0.0
7.7678,10.37948,45.06056,3946.41654,0.11615,58.52233,9.405604212368722,3.503835045448325,0.0
7.79538,10.42495,45.07549,3941.1363,0.17306,58.53016,9.360765696017946,3.4871315183352927,0.0
7.82292,10.47037,45.09622,3935.86889,0.22882,58.53802,9.308584496197684,3.467692648432246,0.0
7.85041,10.51574,45.1226,3930.61864,0.2833,58.54588,9.24938958835492,3.445640987749054,0.0
7.87786,10.56105,45.15447,3925.38972,0.33632,58.55376,9.183540173037736,3.421110347941011,0.0
7.90527,10.60631,45.19167,3920.18612,0.38775,58.56165,9.111421712193286,3.394244323725546,0.0
7.93264,10.65151,45.234,3915.01167,0.43745,58.56956,9.033441833836957,3.3651947672637306,0.0
7.95996,10.69666,45.28127,3909.86996,0.4853,58.57748,8.950026176508686,3.334120240110912,0.0
7.98724,10.74176,45.33327,3904.76441,0.53117,58.58542,8.861614241827011,3.3011844681839837,0.0
8.01448,10.7868,45.38979,3899.69819,0.57495,58.59337,8.768655318863741,3.2665548234836983,0.0
8.04168,10.83179,45.45059,3894.67425,0.61656,58.60134,8.671604538234957,3.230400854139754,0.0
8.06884,10.87674,45.51544,3889.69533,0.65589,58.60932,8.570919106951756,3.192892881793625,0.0
8.09595,10.92163,45.58409,3884.76392,0.69287,58.61732,8.467054767650179,3.1542006825685474,0.0
8.12302,10.96646,45.65629,3879.88226,0.72742,58.62533,8.360462517896039,3.114492264924246,0.0
8.15006,11.01125,45.73177,3875.05239,0.75949,58.63336,8.251585617342881,3.07393275474453,0.0
8.17705,11.05599,45.81029,3870.27609,0.78903,58.64141,8.140856902574331,3.032683395045416,0.0
8.204,11.10068,45.89157,3865.55493,0.81599,58.64947,8.028696422009718,2.9909006649152436,0.0
8.23092,11.14533,45.97535,3860.89025,0.84035,58.65755,7.915509396179984,2.9487355196637823,0.0
8.25779,11.18992,46.06136,3856.28318,0.86207,58.66565,7.801684502336335,2.90633275179382,0.0
8.28463,11.23447,46.14932,3851.73464,0.88115,58.67376,7.687592476704254,2.863830470304006,0.0
8.31142,11.27897,46.23897,3847.24536,0.89758,58.68189,7.573585022849714,2.8213596940265435,0.0
8.33818,11.32343,46.33003,3842.81586,0.91136,58.69004,7.459994010652877,2.7790440532238145,0.0
8.36491,11.36784,46.42224,3838.4465,0.92249,58.69821,7.347130947129159,2.736999592455305,0.0
8.39159,11.41221,46.51534,3834.13744,0.931,58.7064,7.235286698027352,2.6953346668655787,0.0
8.41824,11.45653,46.60905,3829.88872,0.9369,58.7146,7.124731437381961,2.6541499233911936,0.0
8.44486,11.50081,46.70312,3825.7002,0.94023,58.72283,7.015714801327434,2.6135383580605556,0.0
8.47143,11.54505,46.7973,3821.5716,0.94101,58.73107,6.908466222021685,2.5735854403892104,0.0
8.49797,11.58925,46.89132,3817.50251,0.93928,58.73934,6.803195417749977,2.5343692959564383,0.0
8.52448,11.63341,46.98496,3813.49241,0.93509,58.74762,6.700093015843291,2.4959609384587367,0.0
8.55096,11.67753,47.07795,3809.54064,0.92849,58.75593,6.599331286027614,2.4584245429017257,0.0
8.5774,11.72161,47.17007,3805.64647,0.91952,58.76425,6.5010649630511965,2.4218177520504436,0.0
8.6038,11.76565,47.26109,3801.80905,0.90825,58.7726,6.405432138904827,2.38619200880488,0.0
8.63017,11.80965,47.35079,3798.02745,0.89472,58.78097,6.312555206535957,2.3515929077583104,0.0
8.65651,11.85362,47.43894,3794.30067,0.879,58.78936,6.222541838662202,2.318060559831088,0.0
8.68282,11.89755,47.52535,3790.62762,0.86116,58.79778,6.135485986980503,2.2856299645023417,0.0
8.7091,11.94144,47.60979,3787.00716,0.84125,58.80621,6.051468888816137,2.254331384813218,0.0
8.73534,11.9853,47.69208,3783.43808,0.81936,58.81467,5.970560069893461,2.2241907209253724,0.0
8.76156,12.02913,47.77204,3779.91912,0.79554,58.82316,5.892818333520401,2.195229878618217,0.0
8.78774,12.07292,47.84947,3776.44899,0.76986,58.83166,5.818292727995073,2.1674671296733368,0.0
8.81389,12.11668,47.9242,3773.02632,0.7424,58.84019,5.747023485421462,2.140917461608037,0.0
8.84001,12.16041,47.99608,3769.64973,0.71324,58.84874,5.679042926427419,2.115592914706599,0.0
8.8661,12.2041,48.06493,3766.31781,0.68244,58.85732,5.614376326404481,2.091502904717406,0.0
8.89217,12.24776,48.1306,3763.02909,0.65008,58.86591,5.553042739965512,2.068654529985106,0.0
8.9182,12.29139,48.19296,3759.7821,0.61623,58.87454,5.4950557811976575,2.0470528621153705,0.0
8.9442,12.33499,48.25187,3756.57532,0.58098,58.88319,5.44042435808668,2.0267012195672782,0.0
8.97018,12.37856,48.3072,3753.40724,0.54439,58.89186,5.389153360181221,2.00760142382635,0.0
8.99613,12.42211,48.35882,3750.27629,0.50655,58.90056,5.341244299112663,1.9897540380150496,0.0
9.02205,12.46562,48.40662,3747.18091,0.46752,58.90928,5.296695902092024,1.9731585879859916,0.0
9.04794,12.5091,48.45051,3744.11951,0.42739,58.91803,5.255504658837311,1.9578137660667732,0.0
9.0738,12.55256,48.49038,3741.09049,0.38623,58.9268,5.217665322736815,1.943717617756486,0.0
9.09964,12.59598,48.52614,3738.09222,0.34411,58.93559,5.183171367223214,1.9308677117370774,0.0
9.12545,12.63938,48.5577,3735.12307,0.30113,58.94442,5.152015398531998,1.9192612936367262,0.0
9.15123,12.68276,48.585,3732.18139,0.25734,58.95327,5.12418952607273,1.9088954240028808,0.0
9.17699,12.7261,48.60797,3729.26551,0.21283,58.96214,5.0996856917284905,1.8997671009749677,0.0
9.20271,12.76942,48.62654,3726.37375,0.16768,58.97104,5.078495959359895,1.8918733681322524,0.0
9.22842,12.81271,48.64067,3723.50441,0.12195,58.97996,5.060612765778844,1.885211407988169,0.0
9.25409,12.85598,48.65031,3720.65578,0.07573,58.98891,5.046029134364625,1.879778621567936,0.0
9.27974,12.89922,48.65541,3717.82615,0.02909,58.99789,5.034738852428252,1.8755726944814406,0.0
9.30536,12.94244,48.65596,3715.01375,-0.01788,59.00689,5.02673661326664,1.872591649842156,0.0
9.33096,12.98563,48.65193,3712.21684,-0.06513,59.01592,5.022018123761561,1.8708338883505835,0.0
9.35653,13.02879,48.6433,3709.43364,-0.11256,59.02497,5.020580178194046,1.8702982157920591,0.0
9.38206,13.07195,48.62921,3706.66448,-0.17779,59.09573,5.023032488223744,1.8712117658022818,31.999999454138848
9.40751,13.1151,48.6088,3703.9092,-0.24304,59.16662,5.029986233803113,1.8738022189946546,31.999999454138848
9.43289,13.15826,48.58208,3701.16531,-0.30824,59.2377,5.04144584534237,1.878071225813554,31.999999454138848
9.45819,13.20143,48.54907,3698.43024,-0.37329,59.30904,5.057421477038402,1.8840225689644943,31.999999454138848
9.48343,13.24459,48.5098,3695.70142,-0.43811,59.38067,5.077928939515671,1.8916621383210888,31.999999454138848
9.50859,13.28776,48.46431,3692.97625,-0.50259,59.45266,5.102989520007313,1.9009978639377827,31.999999454138848
9.53368,13.33093,48.41263,3690.25208,-0.56666,59.52507,5.132629760813467,1.9120396335197474,31.999999454138848
9.5587,13.37411,48.35484,3687.52622,-0.63023,59.59795,5.166881193363587,1.924799193354096,31.999999454138848
9.58365,13.41729,48.29098,3684.79594,-0.69319,59.67137,5.20578002468989,1.939290031512994,31.999999454138848
9.60852,13.46047,48.22112,3682.05849,-0.75545,59.74537,5.249366772592974,1.9555272419432514,31.999999454138848
9.63332,13.50366,48.14536,3679.31103,-0.81693,59.82002,5.2976858453082665,1.973527367881016,31.999999454138848
9.65805,13.54685,48.06378,3676.5507,-0.87753,59.89538,5.350785061015238,1.9933082228563126,31.999999454138848
9.6827,13.59004,47.97648,3673.77458,-0.93715,59.97151,5.408715102109212,2.014888687394934,31.999999454138848
9.70727,13.63324,47.88356,3670.9797,-0.9957,60.04847,5.471528898817743,2.0382884793993212,31.999999454138848
9.73177,13.67644,47.78514,3668.16303,-1.05307,60.12633,5.539280936403323,2.063527896063347,31.999999454138848
9.75619,13.71965,47.68136,3665.32148,-1.10917,60.20514,5.612026480021676,2.090627525111631,31.999999454138848
9.78053,13.76285,47.57233,3662.45192,-1.16389,60.28497,5.689820711142071,2.1196079230933895,31.999999454138848
9.80479,13.80607,47.45823,3659.55115,-1.21714,60.36588,5.772717769463668,2.1504892584710595,31.999999454138848
9.82898,13.84928,47.33918,3656.61592,-1.26882,60.44795,5.8607696943934595,2.1832909172929855,31.999999454138848
9.85308,13.8925,47.21537,3653.64293,-1.31881,60.53124,5.95402526046363,2.218031069355741,31.999999454138848
9.8771,13.93572,47.08697,3650.6288,-1.36701,60.61581,6.052528701598896,2.254726192960148,31.999999454138848
9.90104,13.97895,46.95416,3647.57015,-1.41333,60.70174,6.156318319855249,2.2933905566298507,31.999999454138848
9.92489,14.02218,46.81714,3644.4635,-1.45764,60.78909,6.2654249753117774,2.3340356565562876,31.999999454138848
9.94866,14.06541,46.67611,3641.30537,-1.49984,60.87793,6.379870455053562,2.3766696090019033,31.999999454138848
9.97234,14.10865,46.53129,3638.09223,-1.53983,60.96834,6.499665720877232,2.4212964975243647,31.999999454138848
9.99593,14.15189,46.3829,3634.8205,-1.57749,61.06039,6.6248090373347,2.4679156756235967,31.999999454138848
10.01943,14.19513,46.23118,3631.4866,-1.61271,61.15414,6.755283984132535,2.5165210263082534,31.999999454138848
10.04284,14.23837,46.07638,3628.08694,-1.6454,61.24966,6.891057359767976,2.5671001811449705,31.999999454138848
10.06615,14.28162,45.91874,3624.6179,-1.67543,61.34703,7.0320769864982395,2.619633702551683,31.999999454138848
10.08937,14.32487,45.75854,3621.07589,-1.70271,61.44632,7.178269430491215,2.67409423449377,31.999999454138848
10.1125,14.36812,45.59605,3617.45734,-1.72712,61.5476,7.329537655132111,2.730445628279033,31.999999454138848
10.13552,14.41137,45.43155,3613.75871,-1.74857,61.65093,7.485758630012166,2.7886420518430843,31.999999454138848
10.15844,14.45463,45.26535,3609.9765,-1.76694,61.75638,7.646780923062059,2.8486270927556854,31.999999454138848
10.18126,14.49789,45.09773,3606.10729,-1.78215,61.86402,7.812422308483396,2.9103328671122832,31.999999454138848
10.20398,14.54114,44.92901,3602.14775,-1.7941,61.97392,7.982467428605688,2.9736791485142207,31.999999454138848
10.22658,14.5844,44.75951,3598.09465,-1.80269,62.08612,8.156665553196792,3.038572533352914,31.999999454138848
10.24908,14.62766,44.58955,3593.94487,-1.80785,62.2007,8.334728485241511,3.1049056606572845,31.999999454138848
10.27147,14.67091,44.41948,3589.69548,-1.80949,62.3177,8.51632866722736,3.1725565066353716,31.999999454138848
10.29374,14.71417,44.24962,3585.34369,-1.80753,62.43718,8.701097546667517,3.2413877757886373,31.999999454138848
10.3159,14.75742,44.08032,3580.88694,-1.80192,62.55918,8.888624263315794,3.3112464118649916,31.999999454138848
10.33793,14.80068,43.91194,3576.32285,-1.79259,62.68374,9.07845472340504,3.381963252988245,31.999999454138848
10.35985,14.84393,43.74482,3571.64935,-1.7795,62.8109,9.270091127588874,3.45335285580398,31.999999454138848
10.38164,14.88718,43.57933,3566.86461,-1.7626,62.94069,9.462992019098248,3.525213513419146,31.999999454138848
10.40331,14.93042,43.41581,3561.96711,-1.74188,63.07313,9.656572916411998,3.5973274910884685,31.999999454138848
10.42485,14.97366,43.25463,3556.95567,-1.71731,63.20823,9.85020759034587,3.6694615019637347,31.999999454138848
10.44625,15.0169,43.09614,3551.82948,-1.68889,63.34601,10.04323003866554,3.741367442689086,31.999999454138848
10.46753,15.06012,42.94071,3546.58809,-1.65663,63.48645,10.234937201830183,3.8127834050869542,31.999999454138848
10.48866,15.10335,42.78867,3541.23147,-1.62056,63.62955,10.424592451370406,3.883434975670629,31.999999454138848
10.50966,15.14656,42.64038,3535.76002,-1.58072,63.7753,10.611429867682578,3.953036829235201,31.999999454138848
10.53052,15.18977,42.49618,3530.17458,-1.53716,63.92365,10.794659306698938,4.021294616325487,31.999999454138848
10.55123,15.23297,42.35639,3524.47646,-1.48996,64.07457,10.973472235574892,4.087907137183096,31.999999454138848
10.5718,15.27616,42.22135,3518.66743,-1.43921,64.22802,11.147048296295122,4.152568786862404,31.999999454138848
10.59222,15.31933,42.09137,3512.74978,-1.38501,64.38392,11.314562533913415,4.214972247940076,31.999999454138848
10.6125,15.3625,41.96673,3506.72624,-1.32749,64.5422,11.475193203392475,4.274811398768304,31.999999454138848
10.63261,15.40565,41.84774,3500.60007,-1.26679,64.70279,11.62813004679537,4.331784396946414,31.999999454138848
10.65258,15.44879,41.73465,3494.37501,-1.20307,64.86559,11.772582911767014,4.385596889931976,31.999999454138848
10.67239,15.49191,41.62772,3488.05525,-1.13649,65.03049,11.907790563557775,4.435965297751459,31.999999454138848
10.69204,15.53502,41.52717,3481.64547,-1.06726,65.19739,12.033029527772538,4.482620107156928,31.999999454138848
10.71153,15.57811,41.43324,3475.15078,-0.99557,65.36615,12.147622789782721,4.525309112385908,31.999999454138848
10.73086,15.62118,41.34609,3468.57671,-0.92166,65.53664,12.250948170653066,4.563800535414502,31.999999454138848
10.75003,15.66424,41.26591,3461.92917,-0.84575,65.70873,12.342446198841625,4.5978859583727525,31.999999454138848
10.76903,15.70727,41.19284,3455.21444,-0.76808,65.88225,12.421627302051343,4.627383002698584,31.999999454138848
10.78787,15.75028,41.12699,3448.43911,-0.68893,66.05706,12.488078154986503,4.6521376938441,31.999999454138848
10.80654,15.79327,41.06847,3441.61004,-0.60854,66.23299,12.541467035604432,4.672026456620271,31.999999454138848
10.82505,15.83624,41.01735,3434.73432,-0.52721,66.40987,12.581548064876555,4.686957694619487,31.999999454138848
10.84339,15.87918,40.97367,3427.81923,-0.4452,66.58753,12.608164231843539,4.696872917128188,31.999999454138848
10.86156,15.92209,40.93745,3420.87217,-0.3628,66.7658,12.621249136215459,4.701747388291283,31.999999454138848
10.87956,15.96498,40.90868,3413.90066,-0.2803,66.94449,12.620827413544497,4.701590285500158,31.999999454138848
10.8974,16.00784,40.88733,3406.91221,-0.19799,67.12344,12.607013841958222,4.696444366627329,31.999999454138848
10.91507,16.05067,40.87334,3399.91433,-0.11614,67.30247,12.580011163034742,4.6863851582450895,31.999999454138848
10.93257,16.09347,40.86662,3392.91448,-0.03503,67.48139,12.540106681552661,4.671519688942917,31.999999454138848
10.9499,16.13624,40.86707,3385.91999,0.04504,67.66005,12.487667738129845,4.651984802766277,31.999999454138848
10.96707,16.17898,40.87456,3378.93804,0.12383,67.83827,12.423136174226807,4.62794509728476,31.999999454138848
10.98407,16.22169,40.88893,3371.9756,0.20106,68.0159,12.347021929843272,4.599590538565594,31.999999454138848
11.00091,16.26437,40.91,3365.03943,0.27649,68.19276,12.259895929658787,4.567133811073842,31.999999454138848
11.01758,16.30701,40.93758,3358.13598,0.34989,68.36873,12.162382423494932,4.530807464293042,31.999999454138848
11.0341,16.34962,40.97144,3351.27142,0.42101,68.54365,12.05515095114929,4.490860919414447,31.999999454138848
11.05045,16.3922,41.01137,3344.4516,0.48966,68.71738,11.938908100732295,4.447557399100647,31.999999454138848
11.06664,16.43474,41.0571,3337.68199,0.55563,68.88982,11.814389223528314,4.401170841053324,31.999999454138848
11.08267,16.47724,41.10838,3330.96772,0.61874,69.06083,11.682350258039826,4.351982852254591,31.999999454138848
11.09855,16.51971,41.16492,3324.31352,0.67883,69.23032,11.543559801873856,4.300279755536085,31.999999454138848
11.11427,16.56215,41.22644,3317.72373,0.73574,69.39818,11.398791553358315,4.246349773882182,31.999999454138848
11.12984,16.60454,41.29262,3311.20231,0.78935,69.56434,11.248817226030093,4.190480390890377,31.999999454138848
11.14526,16.64691,41.36318,3304.7528,0.83953,69.72871,11.094400019408756,4.132955918462696,31.999999454138848
11.16053,16.68923,41.43778,3298.37837,0.88618,69.89122,10.936288709360637,4.0740552953108295,31.999999454138848
11.17565,16.73152,41.51611,3292.08177,0.92921,70.05183,10.775212401684326,4.014050132528679,31.999999454138848
11.19063,16.77377,41.59784,3285.86539,0.96856,70.21049,10.611875973979629,3.9532030155686155,31.999999454138848
11.20547,16.81599,41.68263,3279.73126,1.00417,70.36715,10.446956213638625,3.89176606554154,31.999999454138848
11.22016,16.85817,41.77016,3273.68102,1.036,70.52179,10.281098644571626,3.8299797570887986,31.999999454138848
11.23472,16.90031,41.86009,3267.71599,1.06403,70.67439,10.114915022007102,3.7680719851292457,31.999999454138848
11.24915,16.94242,41.95209,3261.83717,1.08824,70.82493,9.948981463793091,3.706257368719847,31.999999454138848
11.26343,16.98449,42.04583,3256.04522,1.10862,70.97342,9.783837177790488,3.644736776976201,31.999999454138848
11.27759,17.02653,42.14097,3250.34053,1.1252,71.11985,9.619983738374502,3.583697059550286,31.999999454138848
11.29162,17.06853,42.2372,3244.72321,1.138,71.26424,9.457884860520691,3.5233109624715753,31.999999454138848
11.30552,17.1105,42.33419,3239.19312,1.14705,71.40661,9.297966617235845,3.4637372091457523,31.999999454138848
11.3193,17.15243,42.43163,3233.74988,1.15239,71.54697,9.140618045036447,3.405120725911374,31.999999454138848
11.33295,17.19432,42.5292,3228.39287,1.15407,71.68535,8.986192082556016,3.3475929916958016,31.999999454138848
11.34648,17.23618,42.6266,3223.12131,1.15215,71.8218,8.835006788904439,3.291272491886104,31.999999454138848
11.35989,17.27801,42.72353,3217.9342,1.14671,71.95634,8.687346790880841,3.2362652574539417,31.999999454138848
11.37319,17.3198,42.8197,3212.83038,1.13781,72.08902,8.543464911296306,3.182665471548608,31.999999454138848
11.38637,17.36156,42.91483,3207.80855,1.12554,72.21989,8.403583934476364,3.1305561271931714,31.999999454138848
11.39943,17.40329,43.00864,3202.86726,1.10998,72.34899,8.267898468904864,3.0800097211683255,31.999999454138848
11.41239,17.44499,43.10087,3198.00494,1.09121,72.47638,8.136576871321374,3.03108897078929,31.999999454138848
11.42523,17.48665,43.19127,3193.21991,1.06934,72.60211,8.009763200726164,2.9838475418240864,31.999999454138848
11.43797,17.52828,43.27957,3188.51038,1.04446,72.72624,7.88757917495502,2.9383307773691336,31.999999454138848
11.4506,17.56988,43.36555,3183.87451,1.01668,72.84883,7.770126106488193,2.8945764189890184,31.999999454138848
11.46313,17.61145,43.44898,3179.31033,0.98609,72.96995,7.6574867979306935,2.8526153128327723,31.999999454138848
11.47555,17.65298,43.52962,3174.81584,0.9528,73.08965,7.549727381102396,2.8124720947433333,31.999999454138848
11.48787,17.69449,43.60729,3170.38897,0.91692,73.20799,7.446899086884842,2.774165849572041,31.999999454138848
11.50009,17.73597,43.68176,3166.02759,0.87855,73.32505,7.349039935822185,2.737710740971973,31.999999454138848
11.51221,17.77742,43.75286,3161.72954,0.83782,73.44089,7.25617634206692,2.7031166089099314,31.999999454138848
11.52424,17.81883,43.8204,3157.49259,0.79482,73.55558,7.168324625447957,2.670389532951587,31.999999454138848
11.53616,17.86022,43.8842,3153.31452,0.74968,73.66918,7.085492428382024,2.6395323600982548,31.999999454138848
11.54799,17.90158,43.94412,3149.19304,0.7025,73.78176,7.007680035968015,2.6105451965567728,31.999999454138848
11.55973,17.94291,43.99999,3145.12585,0.6534,73.89339,6.934881598930576,2.5834258633181686,31.999999454138848
11.57137,17.98422,44.05167,3141.11063,0.60249,74.00414,6.867086260224641,2.5581703158474904,31.999999454138848
11.58292,18.02549,44.09903,3137.14502,0.54989,74.11408,6.804279186920705,2.534773028488218,31.999999454138848
11.59438,18.06674,44.14196,3133.22667,0.4957,74.22328,6.746442509701569,2.5132273444495254,31.999999454138848
11.60574,18.10796,44.18032,3129.35317,0.44005,74.33179,6.693556172749936,2.493525792411769,31.999999454138848
11.61702,18.14916,44.21402,3125.52214,0.38304,74.43971,6.645598697147475,2.4756603709127276,31.999999454138848
11.62821,18.19032,44.24297,3121.73114,0.32479,74.54708,6.6025478610774515,2.459622801740973,31.999999454138848
11.63931,18.23146,44.26709,3117.97776,0.26541,74.65399,6.564381300193569,2.4454047535890715,31.999999454138848
11.65032,18.27258,44.28628,3114.25952,0.20502,74.7605,6.531077031471202,2.432998037201942,31.999999454138848
11.66124,18.31366,44.3005,3110.57398,0.14372,74.86667,6.502613903764157,2.4223947732211046,31.999999454138848
11.67208,18.35472,44.30967,3106.91863,0.08164,74.97259,6.4789719780511,2.4135875338364876,31.999999454138848
11.68282,18.39576,44.31376,3103.29098,0.01888,75.07831,6.460132840176382,2.406569459290605,31.999999454138848
11.69349,18.43677,44.31273,3099.68851,-0.04445,75.18391,6.446079848538692,2.4013343501491025,31.999999454138848
11.70406,18.47775,44.30654,3096.10867,-0.10823,75.28946,6.436798318904354,2.3978767361485684,31.999999454138848
11.71455,18.51871,44.29518,3092.54891,-0.17235,75.39502,6.432275648151605,2.3961919222945407,31.999999454138848
11.72496,18.55964,44.27863,3089.00663,-0.2367,75.50067,6.432501378402784,2.396276012752425,31.999999454138848
11.73527,18.60054,44.2569,3085.47924,-0.30116,75.60648,6.437467202632139,2.398125912936559,31.999999454138848
11.74551,18.64142,44.22998,3081.9641,-0.36563,75.7125,6.447166912478601,2.401739310069092,31.999999454138848
11.75565,18.68228,44.1979,3078.45855,-0.42999,75.81883,6.461596288622821,2.40711463234255,31.999999454138848
11.76571,18.7231,44.16068,3074.95991,-0.49412,75.92552,6.48075293374715,2.4142509866930304,31.999999454138848
11.77569,18.7639,44.11836,3071.46547,-0.55793,76.03264,6.50463604779748,2.423148075079329,31.999999454138848
11.78557,18.80468,44.07097,3067.97248,-0.62128,76.14027,6.533246144950119,2.4338060890456483,31.999999454138848
11.79538,18.84543,44.01858,3064.47819,-0.68408,76.24848,6.566584711443566,2.4462255822549346,31.999999454138848
11.80509,18.88615,43.96123,3060.97979,-0.7462,76.35734,6.604653803231277,2.4604073206039465,31.999999454138848
11.81472,18.92685,43.89901,3057.47445,-0.80753,76.46692,6.647455582253962,2.4763521094724807,31.999999454138848
11.82426,18.96752,43.83199,3053.95931,-0.86796,76.57729,6.694991790042505,2.494060597626615,31.999999454138848
11.83371,19.00816,43.76026,3050.43149,-0.92737,76.68853,6.747263157322765,2.513533057280959,31.999999454138848
11.84308,19.04878,43.68391,3046.88806,-0.98565,76.80071,6.804268748407278,2.5347691398673122,31.999999454138848
11.85235,19.08936,43.60306,3043.32609,-1.04268,76.91391,6.8660052392735,2.5577676070998168,31.999999454138848
11.86154,19.12993,43.51781,3039.7426,-1.09835,77.02819,6.932466128508157,2.582526037030966,31.999999454138848
11.87063,19.17046,43.4283,3036.13459,-1.15255,77.14363,7.003640880709667,2.609040504946467,31.999999454138848
11.87964,19.21096,43.33465,3032.49904,-1.20515,77.2603,7.079514002434978,2.637305239131126,31.999999454138848
11.88855,19.25144,43.237,3028.83293,-1.25604,77.37829,7.160064051438575,2.6673122517843098,31.999999454138848
11.89737,19.29188,43.13552,3025.13318,-1.30511,77.49766,7.2452625807911755,2.6990509456763756,31.999999454138848
11.90609,19.3323,43.03035,3021.39675,-1.35225,77.61849,7.3350730204376315,2.7325076974995657,31.999999454138848
11.91473,19.37268,42.92167,3017.62057,-1.39734,77.74084,7.429449499910179,2.767665419297713,31.999999454138848
11.92326,19.41304,42.80965,3013.80156,-1.44026,77.86481,7.528335617265265,2.8045030998628206,31.999999454138848
11.9317,19.45336,42.69448,3009.93665,-1.48091,77.99045,7.631663160807713,2.8429953285436764,31.999999454138848
11.94004,19.49366,42.57635,3006.02281,-1.51917,78.11784,7.739350791928567,2.883111804568297,31.999999454138848
11.94828,19.53392,42.45547,3002.057,-1.55494,78.24705,7.851302699170492,2.9248168356478734,31.999999454138848
11.95642,19.57414,42.33204,2998.03623,-1.58811,78.37816,7.967407235765612,2.96806883042377,31.999999454138848
11.96446,19.61433,42.20628,2993.95754,-1.61858,78.51122,8.0875355549838,3.0128197900988525,31.999999454138848
11.9724,19.65449,42.07841,2989.81802,-1.64625,78.64632,8.211540259987355,3.0590148054728314,31.999999454138848
11.98023,19.69461,41.94868,2985.61483,-1.67101,78.78351,8.339254087148433,3.1065915664433654,31.999999454138848
11.98796,19.7347,41.81731,2981.34519,-1.69278,78.92286,8.47048864422879,3.1554798919448106,31.999999454138848
11.99558,19.77475,41.68455,2977.00645,-1.71146,79.06443,8.605033227091829,3.2056012891423245,31.999999454138848
12.00309,19.81476,41.55066,2972.596,-1.72698,79.20827,8.742653740801387,3.256868551512778,31.999999454138848
12.01049,19.85473,41.41588,2968.1114,-1.73924,79.35445,8.883091752992772,3.3091854062005583,31.999999454138848
12.01778,19.89467,41.28049,2963.55031,-1.74819,79.503,9.026063709029742,3.3624462216428945,31.999999454138848
12.02495,19.93456,41.14475,2958.91055,-1.75375,79.65399,9.171260339794442,3.4165357869560253,31.999999454138848
12.03202,19.97441,41.00892,2954.1901,-1.75586,79.80745,9.318346293684687,3.4713291748445054,31.999999454138848
12.03896,20.01421,40.87328,2949.38714,-1.75448,79.96341,9.466960024529826,3.5266916998469138,31.999999454138848
12.04579,20.05398,40.73811,2944.50001,-1.74956,80.12192,9.616713966559873,3.5824789835164625,31.999999454138848
12.0525,20.09369,40.60368,2939.5273,-1.74108,80.28299,9.767195026092534,3.638537137587348,31.999999454138848
12.05908,20.13337,40.47027,2934.4678,-1.729,80.44666,9.917965417207247,3.6947030752853203,31.999999454138848
12.06555,20.17299,40.33815,2929.32058,-1.71332,80.61292,10.068563865325416,3.7508049596929864,31.999999454138848
12.07188,20.21256,40.20761,2924.08495,-1.69403,80.78179,10.21850719809831,3.8066627963974167,31.999999454138848
12.0781,20.25209,40.07892,2918.7605,-1.67116,80.95327,10.367292337512499,3.8620891756018265,31.999999454138848
12.08418,20.29156,39.95234,2913.34711,-1.64472,81.12735,10.514398700542685,3.9168901664319304,31.999999454138848
12.09014,20.33098,39.82815,2907.84498,-1.61475,81.30401,10.659291008043398,3.9708663633219996,31.999999454138848
12.09597,20.37035,39.70661,2902.25458,-1.5813,81.48323,10.801422493208822,4.023814081250565,31.999999454138848
12.10166,20.40966,39.58797,2896.57676,-1.54443,81.66497,10.940238491674094,4.07552669314762,31.999999454138848
12.10722,20.44891,39.47248,2890.81266,-1.50424,81.84919,11.075180385738388,4.125796099221488,31.999999454138848
12.11265,20.4881,39.36039,2884.96376,-1.46079,82.03584,11.205689865235957,4.174414314245405,31.999999454138848
12.11793,20.52724,39.25192,2879.03189,-1.41422,82.22486,11.331213457813163,4.2211751552049055,31.999999454138848
12.12309,20.56631,39.1473,2873.0192,-1.36463,82.41618,11.451207271855731,4.265876008163025,31.999999454138848
12.1281,20.60532,39.04673,2866.92817,-1.31216,82.60973,11.565141886671963,4.3083196499822085,31.999999454138848
12.13297,20.64427,38.95041,2860.76164,-1.25696,82.80541,11.672507316976331,4.348316097725072,31.999999454138848
12.1377,20.68315,38.85852,2854.52272,-1.19919,83.00313,11.772817972558405,4.385684456261591,31.999999454138848
12.14229,20.72197,38.77124,2848.21486,-1.13903,83.20279,11.865617529708386,4.420254733003259,31.999999454138848
12.14674,20.76071,38.68871,2841.84179,-1.07666,83.40428,11.950483628653542,4.45186958782178,31.999999454138848
12.15105,20.79939,38.61109,2835.40752,-1.01229,83.60747,12.027032311196765,4.480385986186187,31.999999454138848
12.15521,20.838,38.53847,2828.9163,-0.94612,83.81225,12.094922115088696,4.505676724424178,31.999999454138848
12.15922,20.87653,38.47098,2822.37263,-0.87837,84.01848,12.153857746298765,4.527631797739714,31.999999454138848
12.16309,20.91499,38.4087,2815.7812,-0.80927,84.22603,12.203593257505071,4.54615958428412,31.999999454138848
12.16682,20.95338,38.35169,2809.14691,-0.73905,84.43475,12.243934670252962,4.5611878219791615,31.999999454138848
12.17046,20.99168,38.30211,2802.46824,-0.61092,84.44548,12.271069708280566,4.5712963376102635,0.0
12.17409,21.0299,38.26205,2795.74649,-0.48214,84.45619,12.28127287430214,4.575097285414755,0.0
12.17771,21.06803,38.23152,2788.99103,-0.35321,84.46689,12.27460061748369,4.57261169419224,0.0
12.1813,21.10606,38.21045,2782.21125,-0.22465,84.47756,12.251252063261722,4.563913743407121,0.0
12.18489,21.144,38.19875,2775.41655,-0.09697,84.48822,12.211558629408596,4.549126894899731,0.0
12.18845,21.18186,38.19631,2768.61622,0.02933,84.49886,12.15597732591241,4.5284213969152916,0.0
12.192,21.21962,38.20295,2761.81941,0.15377,84.50947,12.085082053784124,4.502011042680629,0.0
12.19554,21.25729,38.21847,2755.03501,0.27586,84.52007,11.999553178754782,4.4701492863320595,0.0
12.19906,21.29486,38.24266,2748.27165,0.39516,84.53065,11.900165695909218,4.433124833930029,0.0
12.20257,21.33235,38.27524,2741.5376,0.51122,84.54122,11.787776327108409,4.391256836909462,0.0
12.20605,21.36974,38.31594,2734.84075,0.62365,84.55176,11.663309904613403,4.3448898196213985,0.0
12.20953,21.40705,38.36444,2728.18854,0.73206,84.56228,11.527745391998357,4.294388471755295,0.0
12.21299,21.44426,38.42039,2721.58797,0.8361,84.57279,11.382101878559501,4.240132430887852,0.0
12.21643,21.48138,38.48346,2715.04552,0.93545,84.58328,11.22742485760906,4.182511170786452,0.0
12.21986,21.51842,38.55324,2708.56718,1.02981,84.59375,11.064773064722893,4.121919098310119,0.0
12.22327,21.55536,38.62936,2702.15841,1.11893,84.6042,10.895206111224994,4.0587509465570895,0.0
12.22667,21.59222,38.71141,2695.82415,1.20258,84.61464,10.719773103776397,3.993397535362256,0.0
12.23006,21.62899,38.79896,2689.56879,1.28057,84.62506,10.539502394717683,3.926241953030064,0.0
12.23343,21.66567,38.89158,2683.39624,1.35272,84.63546,10.35539256239082,3.8576561962670737,0.0
12.23678,21.70228,38.98885,2677.30985,1.41892,84.64584,10.16840467735501,3.787998289143876,0.0
12.24012,21.73879,39.09033,2671.31251,1.47904,84.65621,9.979455870896725,3.71760988719586,0.0
12.24345,21.77523,39.19556,2665.40663,1.53303,84.66657,9.789414187428005,3.6468143598061302,0.0
12.24677,21.81159,39.3041,2659.59414,1.58083,84.6769,9.59909467290261,3.575915333037615,0.0
12.25007,21.84786,39.41552,2653.87657,1.62241,84.68723,9.409256627524131,3.505195666194542,0.0
12.25335,21.88406,39.52937,2648.25503,1.65778,84.69754,9.220601932905861,3.434916828645478,0.0
12.25662,21.92019,39.64522,2642.73025,1.68697,84.70783,9.033774350952378,3.3653186386382767,0.0
12.25988,21.95624,39.76262,2637.3026,1.71001,84.71811,8.8493596839172,3.2966193229257548,0.0
12.26313,21.99221,39.88117,2631.97214,1.72698,84.72838,8.66788668159603,3.229015854719058,0.0
12.26637,22.02811,40.00045,2626.73863,1.73795,84.73864,8.489828581814866,3.162684527560007,0.0
12.26959,22.06395,40.12003,2621.60154,1.74303,84.74888,8.315605173748528,3.09778172396154,0.0
12.2728,22.09971,40.23954,2616.56011,1.74231,84.75911,8.145585279225978,3.034444839759232,0.0
12.27599,22.13541,40.35857,2611.61336,1.73594,84.76933,7.9800895547796005,2.9727933279483767,0.0
12.27918,22.17103,40.47676,2606.76009,1.72403,84.77954,7.819393525767988,2.91292982897456,0.0
12.28235,22.2066,40.59373,2601.99894,1.70674,84.78974,7.663730773424707,2.854941357993175,0.0
12.28551,22.2421,40.70913,2597.32839,1.68421,84.79992,7.5132962053709464,2.798900523221445,0.0
12.28866,22.27754,40.82263,2592.74679,1.65662,84.8101,7.368249349708597,2.74486675307476,0.0
12.29179,22.31291,40.93389,2588.25233,1.62411,84.82027,7.228717622288185,2.692887513309954,0.0
12.29492,22.34823,41.0426,2583.84315,1.58688,84.83042,7.094799525410699,2.6429994986258967,0.0
12.29803,22.38349,41.14845,2579.51726,1.54508,84.84057,6.966567744458832,2.595229786240109,0.0
12.30113,22.41869,41.25116,2575.27259,1.4989,84.85071,6.844072116292934,2.5495969416943582,0.0
12.30422,22.45384,41.35045,2571.10703,1.44852,84.86084,6.727342449820492,2.506112069591003,0.0
12.3073,22.48893,41.44606,2567.01839,1.39413,84.87097,6.616391184929255,2.464779804115542,0.0
12.31037,22.52396,41.53774,2563.00443,1.3359,84.88108,6.511215880897261,2.425599236034826,0.0
12.31343,22.55894,41.62524,2559.06287,1.27403,84.89119,6.411801529602716,2.3885647744285987,0.0
12.31648,22.59388,41.70836,2555.19142,1.20869,84.90129,6.318122692337343,2.3536669427086943,0.0
12.31952,22.62876,41.78687,2551.38772,1.14008,84.91138,6.230145461829135,2.320893109524137,0.0
12.32255,22.66358,41.86059,2547.6494,1.06838,84.92147,6.147829253298923,2.2902281559768354,0.0
12.32556,22.69837,41.92932,2543.97408,0.99377,84.93155,6.071128430114907,2.261655081220673,0.0
12.32857,22.7331,41.9929,2540.35934,0.91644,84.94162,5.999993770810502,2.2351555489642507,0.0
12.33156,22.76778,42.05117,2536.80276,0.83658,84.95169,5.934373785095462,2.210710377719663,0.0
12.33455,22.80242,42.10397,2533.30189,0.75436,84.96175,5.8742158869899725,2.1882999778258068,0.0
12.33753,22.83701,42.15118,2529.85426,0.66996,84.9718,5.8194674334324565,2.1679047383571226,0.0
12.34049,22.87156,42.19267,2526.45739,0.58357,84.98185,5.770076636693011,2.1495053670216047,0.0
12.34345,22.90606,42.22834,2523.10879,0.49537,84.99189,5.725993358704425,2.1330831860700044,0.0
12.3464,22.94051,42.25809,2519.80594,0.40553,85.00193,5.687169795075362,2.118620387108741,0.0
12.34933,22.97493,42.28182,2516.54631,0.31424,85.01196,5.653561056032705,2.1061002475162063,0.0
12.35226,23.0093,42.29947,2513.32734,0.22166,85.02199,5.625125650976884,2.095507310952377,0.0
12.35518,23.04362,42.31097,2510.14645,0.12798,85.03202,5.601825882653236,2.0868275341980174,0.0
12.35809,23.07791,42.31627,2507.00105,0.03337,85.04203,5.583628156249729,2.0800484023017125,0.0
12.36099,23.11215,42.31534,2503.8885,-0.06199,85.05205,5.570503207969566,2.075159013729179,0.0
12.36388,23.14635,42.30814,2500.80614,-0.15793,85.06205,5.562426256875848,2.0721501369293955,0.0
12.36676,23.18052,42.29466,2497.75129,-0.25428,85.07206,5.559377083015216,2.071014239437717,0.0
12.36963,23.21463,42.27488,2494.72121,-0.35086,85.08206,5.56134003405722,2.071745490349214,0.0
12.37249,23.24871,42.24883,2491.71316,-0.4475,85.09205,5.568303961925268,2.074339736712032,0.0
12.37534,23.28275,42.21651,2488.72433,-0.54403,85.10204,5.580262090147282,2.078794454112022,0.0
12.37818,23.31675,42.17795,2485.75188,-0.64026,85.11202,5.597211811923342,2.085108671447625,0.0
12.38102,23.35071,42.13319,2482.79292,-0.73603,85.122,5.619154418236034,2.0932828696438213,0.0
12.38384,23.38463,42.08229,2479.84453,-0.83115,85.13198,5.646094754674013,2.1033188538098813,0.0
12.38666,23.41851,42.0253,2476.90372,-0.92546,85.14195,5.678040805062619,2.115219598130811,0.0
12.38946,23.45235,41.9623,2473.96747,-1.01878,85.15191,5.715003199440819,2.1289890625758177,0.0
12.39226,23.48614,41.89337,2471.0327,-1.11092,85.16188,5.756994643500343,2.144631980349379,0.0
12.39505,23.5199,41.81861,2468.09627,-1.20172,85.17183,5.804029266206212,2.1621536148627194,0.0
12.39783,23.55362,41.73812,2465.15499,-1.29099,85.18178,5.8561218820894565,2.1815594849184428,0.0
12.4006,23.5873,41.65203,2462.20563,-1.37855,85.19173,5.913287164528205,2.202855056735981,0.0
12.40336,23.62094,41.56046,2459.2449,-1.46423,85.20167,5.975538726365733,2.22604540145763,0.0
12.40611,23.65454,41.46355,2456.26944,-1.54783,85.21161,6.042888104365091,2.251134816831177,0.0
12.40885,23.68809,41.36147,2453.27586,-1.62918,85.22154,6.115343644366343,2.2781264119016362,0.0
12.41158,23.72161,41.25436,2450.26071,-1.7081,85.23147,6.192909284576436,2.307021653754718,0.0
12.41431,23.75508,41.14242,2447.2205,-1.78439,85.24139,6.275583235254667,2.3378198756649193,0.0
12.41702,23.78852,41.02582,2444.15168,-1.85788,85.2513,6.363356554125108,2.370517746399171,0.0
12.41973,23.82191,40.90477,2441.05068,-1.92838,85.26121,6.456211618248138,2.4051087009487757,0.0
12.42243,23.85526,40.77947,2437.91388,-1.99572,85.27112,6.554120494799377,2.441582333601697,0.0
12.42511,23.88856,40.65014,2434.73765,-2.0597,85.28102,6.657043215260467,2.479923755033211,0.0
12.42779,23.92183,40.51703,2431.51832,-2.12014,85.29091,6.764925959948398,2.520112915995314,0.0
12.43046,23.95504,40.38036,2428.25223,-2.17686,85.30079,6.877699162644045,2.562123901240987,0.0
12.43312,23.98822,40.24041,2424.9357,-2.22969,85.31067,6.995275548251111,2.6059241985005106,0.0
12.43577,24.02134,40.09742,2421.56506,-2.27845,85.32054,7.117548119967076,2.6514739486496937,0.0
12.43841,24.05443,39.95169,2418.13668,-2.32297,85.33041,7.244388116380322,2.698725184674789,0.0
12.44105,24.08746,39.80348,2414.64694,-2.36307,85.34026,7.375642963080901,2.7476210685936193,0.0
12.44367,24.12045,39.65311,2411.09229,-2.39861,85.35011,7.511134247814488,2.7980951371471376,0.0
12.44628,24.15339,39.50086,2407.46924,-2.42941,85.35995,7.650655752774767,2.850070568776575,0.0
12.44889,24.18628,39.34706,2403.77438,-2.45533,85.36979,7.793971582257016,2.9034594861251324,0.0
12.45148,24.21912,39.19203,2400.00441,-2.47623,85.37961,7.940814428309238,2.9581623099473964,0.0
12.45407,24.25191,39.0361,2396.15615,-2.49197,85.38943,8.090884021290925,3.0140671819017073,0.0
12.45664,24.28465,38.8796,2392.22657,-2.50244,85.39923,8.243845815834685,3.0710494750362933,0.0
12.45921,24.31733,38.72287,2388.21279,-2.50751,85.40903,8.399329965736728,3.128971411909003,0.0
12.46176,24.34996,38.56626,2384.11215,-2.50711,85.41882,8.55693064329461,3.1876818110227085,0.0
12.46431,24.38254,38.41012,2379.92217,-2.50113,85.4286,8.716205759328481,3.2470159825258462,0.0
12.46684,24.41506,38.2548,2375.64064,-2.48951,85.43837,8.876677139510567,3.306795793899799,0.0
12.46937,24.44752,38.10067,2371.26558,-2.47221,85.44812,9.037831210098322,3.3668299254125285,0.0
12.47189,24.47992,37.94807,2366.79531,-2.44919,85.45787,9.19912024188656,3.4269143335234813,0.0
12.47439,24.51227,37.79736,2362.22848,-2.42043,85.4676,9.359964194620337,3.4868329379759126,0.0
12.47689,24.54455,37.6489,2357.56403,-2.38595,85.47732,9.519753195460918,3.5463585450906727,0.0
12.47937,24.57677,37.50304,2352.80129,-2.34577,85.48703,9.67785067405907,3.6052540156635,0.0
12.48185,24.60893,37.36012,2347.93994,-2.29995,85.49673,9.833597163635675,3.6632736809675572,0.0
12.48432,24.64102,37.22047,2342.98006,-2.24856,85.50642,9.986314762277924,3.7201650047036496,0.0
12.48677,24.67305,37.08445,2337.92213,-2.19171,85.51609,10.135312231698013,3.775670482421996,0.0
12.48921,24.70501,36.95235,2332.76704,-2.12952,85.52574,10.27989069254084,3.8295297631742002,0.0
12.49165,24.7369,36.8245,2327.51614,-2.06215,85.53539,10.41934985629227,3.8814819710630446,0.0
12.49407,24.76872,36.70119,2322.17116,-1.98977,85.54502,10.552994714858555,3.931268197286847,0.0
12.49648,24.80047,36.58271,2316.73432,-1.91259,85.55463,10.680142590388565,3.978634126383725,0.0
12.49889,24.83215,36.46932,2311.20822,-1.83084,85.56423,10.800130431018015,4.023332754088288,0.0
12.50128,24.86375,36.36127,2305.59591,-1.74477,85.57381,10.912322223453373,4.065127148714178,0.0
12.50366,24.89528,36.25879,2299.90087,-1.65467,85.58338,11.016116381740478,4.103793203664791,0.0
12.50603,24.92674,36.1621,2294.12694,-1.56084,85.59293,11.110952963639873,4.139122325722964,0.0
12.50838,24.95811,36.07139,2288.27837,-1.4636,85.60246,11.196320562542732,4.170924002470988,0.0
12.51073,24.98941,35.98681,2282.35976,-1.3633,85.61198,11.271762724201125,4.199028192691478,0.0
12.51307,25.02063,35.90853,2276.37602,-1.2603,85.62148,11.336883743787986,4.223287485924732,0.0
12.51539,25.05177,35.83665,2270.33239,-1.15498,85.63096,11.391353710139178,4.243578981581621,0.0
12.51771,25.08283,35.77127,2264.23434,-1.04774,85.64043,11.434912680091728,4.259805843994423,0.0
12.52001,25.11381,35.71246,2258.0876,-0.93897,85.64988,11.467373886052142,4.271898497320408,0.0
12.5223,25.1447,35.66026,2251.89805,-0.82911,85.65931,11.488625903827108,4.279815433115824,0.0
12.52458,25.17551,35.6147,2245.67175,-0.71855,85.66872,11.498633734098659,4.28354361321384,0.0
12.52685,25.20624,35.57577,2239.41484,-0.60774,85.67811,11.497438778972237,4.283098460988086,0.0
12.52911,25.23688,35.54343,2233.13355,-0.49709,85.68749,11.48515772353995,4.2785234447055425,0.0
12.53136,25.26744,35.51762,2226.83412,-0.38702,85.69684,11.461980360115886,4.269889266996945,0.0
12.53359,25.29791,35.49827,2220.52276,-0.27796,85.70618,11.428166418958448,4.257292684217463,0.0
12.53582,25.3283,35.48527,2214.20563,-0.1703,85.7155,11.384041492557683,4.240854988136489,0.0
12.53803,25.3586,35.47848,2207.88881,-0.06446,85.7248,11.32999216044032,4.220720189799255,0.0
12.54023,25.38882,35.47776,2201.57822,0.03919,85.73408,11.266460437007755,4.197052951200376,0.0
12.54242,25.41895,35.48294,2195.27964,0.14027,85.74334,11.193937676124689,4.170036314582752,0.0
12.54461,25.44899,35.49382,2188.99863,0.23843,85.75259,11.112958072514255,4.13986928153626,0.0
12.54677,25.47895,35.51019,2182.74056,0.33333,85.76181,11.02409190181688,4.106764294741813,0.0
12.54893,25.50882,35.53184,2176.51053,0.42466,85.77102,10.92793863850398,4.070944674213138,0.0
12.55108,25.53861,35.5585,2170.31339,0.51211,85.78021,10.825120084285405,4.03264205744774,0.0
12.55322,25.56831,35.58994,2164.15371,0.59542,85.78938,10.716273629687862,3.992093889187572,0.0
12.55534,25.59793,35.62588,2158.03576,0.67434,85.79853,10.602045758788977,3.94954100176157,0.0
12.55746,25.62747,35.66604,2151.96351,0.74865,85.80767,10.483085892418309,3.9052253215160335,0.0
12.55956,25.65692,35.71014,2145.94063,0.81813,85.81678,10.360040649135716,3.8593877308780695,0.0
12.56166,25.68629,35.75787,2139.97047,0.88262,85.82588,10.233548586706577,3.8122661094167487,0.0
12.56374,25.71558,35.80893,2134.05607,0.94196,85.83497,10.104235470241262,3.764093571100552,0.0
12.56582,25.74478,35.86301,2128.20016,0.99603,85.84403,9.972710097130895,3.7150969089760975,0.0
12.56788,25.77391,35.91981,2122.40518,1.04471,85.85308,9.839560693981198,3.6654952529311915,0.0
12.56993,25.80296,35.979,2116.67324,1.08792,85.86211,9.705351887106564,3.615498941124156,0.0
12.57198,25.83193,36.04027,2111.00619,1.12561,85.87113,9.570622236220578,3.565308601218662,0.0
12.57401,25.86082,36.1033,2105.40558,1.15773,85.88013,9.435882310761746,3.5151144337644427,0.0
12.57603,25.88964,36.16778,2099.87271,1.18427,85.88911,9.301613279909734,3.4650956869412455,0.0
12.57805,25.91838,36.2334,2094.4086,1.20523,85.89808,9.168265980900543,3.4154203094817244,0.0
12.58005,25.94705,36.29984,2089.01403,1.22062,85.90704,9.036260425377424,3.36624476677416,0.0
12.58205,25.97564,36.3668,2083.68956,1.23048,85.91598,8.9059857004864,3.317714004017947,0.0
12.58403,26.00416,36.43397,2078.43551,1.23486,85.9249,8.777800219607542,3.2699615396275834,0.0
12.58601,26.03262,36.50107,2073.25202,1.23383,85.93382,8.652032277289461,3.2231096719603776,0.0
12.58798,26.061,36.56781,2068.139,1.22748,85.94271,8.528980863571027,3.1772697826727088,0.0
12.58993,26.08931,36.63389,2063.09621,1.21589,85.9516,8.408916694441176,3.132542720593423,0.0
12.59188,26.11755,36.69905,2058.12322,1.19918,85.96047,8.292083417413723,3.0890192508321683,0.0
12.59382,26.14572,36.76302,2053.21945,1.17745,85.96933,8.178698953957518,3.0467805548699496,0.0
12.59575,26.17383,36.82554,2048.38418,1.15084,85.97817,8.068956943653454,3.0058987685456144,0.0
12.59767,26.20188,36.88636,2043.61655,1.11949,85.987,7.963028258238104,2.9664375460769405,0.0
12.59959,26.22985,36.94524,2038.91556,1.08353,85.99582,7.86106255715008,2.928452639542589,0.0
12.60149,26.25777,37.00196,2034.28013,1.04312,86.00463,7.7631898595899855,2.891992484515796,0.0
12.60339,26.28562,37.05627,2029.70904,0.99843,86.01343,7.669522111435468,2.857098783781457,0.0
12.60528,26.31342,37.10799,2025.20097,0.9496,86.02221,7.580154728491371,2.823807082237419,0.0
12.60716,26.34115,37.1569,2020.75455,0.89682,86.03099,7.495168100554897,2.7921473271983226,0.0
12.60903,26.36882,37.20281,2016.36827,0.84025,86.03975,7.414629043488194,2.762144409330847,0.0
12.61089,26.39643,37.24555,2012.04057,0.78007,86.0485,7.338592188961411,2.7338186803695703,0.0
12.61275,26.42398,37.28494,2007.76983,0.71647,86.05725,7.267101303772388,2.707186444598261,0.0
12.61459,26.45148,37.32081,2003.55434,0.64963,86.06598,7.200190532554804,2.682260421791365,0.0
12.61643,26.47892,37.35304,1999.39232,0.57973,86.0747,7.137885559425157,2.659050179958066,0.0
12.61827,26.50631,37.38146,1995.28196,0.50698,86.08341,7.0802046855377725,2.6375625367598827,0.0
12.62009,26.53363,37.40596,1991.22137,0.43155,86.09211,7.027159820737873,2.6178019289275287,0.0
12.62191,26.56091,37.42642,1987.2086,0.35364,86.10081,6.978757388511702,2.599770749378641,0.0
12.62371,26.58813,37.44272,1983.24168,0.27345,86.10949,6.934999144220635,2.5834696520315186,0.0
12.62551,26.61529,37.45478,1979.31855,0.19117,86.11816,6.89588290725869,2.568897824553057,0.0
12.62731,26.64241,37.46251,1975.43714,0.107,86.12683,6.8614032082446155,2.5560532294548337,0.0
12.62909,26.66947,37.46582,1971.59531,0.02113,86.13548,6.831551852670177,2.54493281406692,0.0
12.63087,26.69648,37.46467,1967.79088,-0.06623,86.14413,6.806318402713958,2.5355326900262014,0.0
12.63264,26.72344,37.45898,1964.02162,-0.15488,86.15277,6.785690578992722,2.5278482829393343,0.0
12.63441,26.75034,37.44873,1960.28529,-0.24463,86.1614,6.769654584127546,2.5218744529196373,0.0
12.63616,26.7772,37.43386,1956.57955,-0.33528,86.17002,6.758195349951665,2.517605586678524,0.0
12.63791,26.804,37.41437,1952.90207,-0.42662,86.17863,6.751296710156588,2.51503566184072,0.0
12.63965,26.83076,37.39024,1949.25045,-0.51846,86.18723,6.748941500054948,2.514158284108552,0.0
12.64139,26.85746,37.36146,1945.62226,-0.61059,86.19583,6.751111585069921,2.514966697875003,0.0
12.64312,26.88412,37.32804,1942.01502,-0.70281,86.20441,6.757787819391361,2.5174537708220366,0.0
12.64484,26.91073,37.29,1938.42622,-0.79492,86.21299,6.7689499361944,2.5216119530241374,0.0
12.64655,26.93728,37.24737,1934.85331,-0.88673,86.22156,6.7845763706805835,2.5274332110264766,0.0
12.64826,26.96379,37.20019,1931.29369,-0.97802,86.23012,6.804644017176357,2.53490893735771,0.0
12.64996,26.99025,37.1485,1927.74473,-1.06861,86.23868,6.829127921503578,2.544029835929893,0.0
12.65165,27.01666,37.09236,1924.20378,-1.15828,86.24722,6.858000909858276,2.5547857837860644,0.0
12.65333,27.04303,37.03183,1920.66812,-1.24684,86.25576,6.891233155576988,2.5671656697092944,0.0
12.65501,27.06934,36.967,1917.13503,-1.33409,86.26429,6.928791685301318,2.5811572102559994,0.0
12.65668,27.09561,36.89796,1913.60174,-1.41983,86.27281,6.970639826336869,2.5967467438826013,0.0
12.65835,27.12182,36.82479,1910.06545,-1.50387,86.28132,7.016736597354334,2.613919003965648,0.0
12.66,27.14799,36.74761,1906.52334,-1.586,86.28982,7.067036045018122,2.632656871678528,0.0
12.66166,27.17411,36.66653,1902.97258,-1.66603,86.29831,7.121486529676914,2.652941109892404,0.0
12.6633,27.20018,36.58167,1899.41031,-1.74377,86.3068,7.1800299639486544,2.6747500795290886,0.0
12.66494,27.2262,36.49318,1895.83364,-1.81903,86.31528,7.242601008781031,2.6980594400724223,0.0
12.66657,27.25217,36.40118,1892.2397,-1.89162,86.32375,7.309126232484957,2.7228418362861158,0.0
12.66819,27.27809,36.30585,1888.62559,-1.96134,86.33221,7.379523239235015,2.749066573557237,0.0
12.66981,27.30397,36.20732,1884.98843,-2.02803,86.34066,7.45369977468803,2.776699284715594,0.0
12.67141,27.32979,36.10578,1881.32533,-2.09149,86.3491,7.531552817535525,2.805701591613126,0.0
12.67302,27.35556,36.00141,1877.63345,-2.15155,86.35753,7.612967667161986,2.836030765252601,0.0
12.67461,27.38128,35.89437,1873.90993,-2.20805,86.36595,7.69781703893158,2.8676393887581075,0.0
12.6762,27.40694,35.78488,1870.15196,-2.26081,86.37436,7.785960180035187,2.900475028004822,0.0
12.67778,27.43256,35.67312,1866.3568,-2.30967,86.38277,7.877242020261284,2.9344799152588084,0.0
12.67936,27.45813,35.5593,1862.5217,-2.35449,86.39116,7.971492373457661,2.9695906517004995,0.0
12.68093,27.48364,35.44364,1858.64404,-2.39511,86.39954,8.068525206729802,3.005737935181872,0.0
12.68249,27.50909,35.32635,1854.72121,-2.4314,86.40792,8.168137995697922,3.0428463200427154,0.0
12.68404,27.5345,35.20767,1850.75073,-2.46323,86.41628,8.270111185049492,3.0808340161522656,0.0
12.68559,27.55985,35.0878,1846.73019,-2.49048,86.42463,8.374207774492124,3.1196127346657545,0.0
12.68713,27.58514,34.967,1842.6573,-2.51303,86.43297,8.48017305060928,3.1590875881336102,0.0
12.68866,27.61038,34.8455,1838.52989,-2.5308,86.4413,8.587734485228074,3.1991570526407833,0.0
12.69019,27.63556,34.72354,1834.34592,-2.54369,86.44962,8.69660182059237,3.2397129995359735,0.0
12.69171,27.66069,34.60135,1830.10349,-2.55164,86.45793,8.806467360706879,3.2806408039649644,0.0
12.69322,27.68576,34.47919,1825.80087,-2.55458,86.46622,8.917006486851385,3.3218195369132455,0.0
12.69472,27.71077,34.3573,1821.4365,-2.55247,86.47451,9.027878413202131,3.36312224669485,0.0
12.69622,27.73571,34.23592,1817.00902,-2.54528,86.48278,9.138727195851299,3.4044163348386705,0.0
12.69771,27.7606,34.11531,1812.51724,-2.533,86.49104,9.249183005172428,3.445564030078046,0.0
12.69919,27.78543,33.99569,1807.96019,-2.51564,86.49928,9.358863667491649,3.4864229626638648,0.0
12.70067,27.8102,33.87732,1803.33713,-2.49322,86.50752,9.467376477488086,3.5268468395314025,0.0
12.70214,27.8349,33.76043,1798.64754,-2.46578,86.51573,9.574320277525963,3.5666862189062405,0.0
12.7036,27.85954,33.64525,1793.89114,-2.43338,86.52394,9.679287794561716,3.6057893808636523,0.0
12.70506,27.88412,33.53201,1789.06789,-2.3961,86.53213,9.78186821927802,3.6440032881238906,0.0
12.7065,27.90863,33.42093,1784.17803,-2.35404,86.54031,9.88165000592903,3.6811746290682064,0.0
12.70794,27.93308,33.31223,1779.22202,-2.30733,86.54848,9.97822386516167,3.71715093264353,0.0
12.70938,27.95745,33.20611,1774.20061,-2.2561,86.55663,10.071185916040243,3.7517817425745656,0.0
12.7108,27.98176,33.10276,1769.11479,-2.20051,86.56476,10.1601409578216,3.7849198361861345,0.0
12.71222,28.00601,33.00238,1763.96582,-2.14074,86.57288,10.244705816862698,3.816422471214297,0.0
12.71363,28.03018,32.90514,1758.75521,-2.07699,86.58099,10.32451271979502,3.8461526424025805,0.0
12.71503,28.05428,32.81121,1753.48475,-2.00948,86.58908,10.399212640672928,3.87398032840281,0.0
0.04503,0.04503,59.51031,4765.13545,-0.56902,45.00011,1.7968333342603313,0.6693676945423549,0.0
0.09006,0.09006,59.43504,4764.27863,-0.63777,45.00027,1.8153031768654653,0.6762481968835741,0.0
0.13508,0.13508,59.35123,4763.42813,-0.7062,45.00048,1.8361719957736997,0.6840223810185636,0.0
0.18009,0.18009,59.25893,4762.58251,-0.77428,45.00076,1.859504986145537,0.6927145338599981,0.0
0.22509,0.22509,59.15818,4761.74028,-0.84194,45.00108,1.8853750635949948,0.7023518183926254,0.0
0.27008,0.27009,59.04904,4760.8999,-0.90916,45.00147,1.9138630713764502,0.7129643508558141,0.0
0.31507,0.31508,58.93157,4760.05975,-0.97587,45.00191,1.945058002114902,0.7245852833439135,0.0
0.36005,0.36006,58.80585,4759.21817,-1.04204,45.0024,1.979057231812513,0.7372508909798461,0.0
0.40501,0.40503,58.67195,4758.37342,-1.10761,45.00295,2.01596676338053,0.7510006626371556,0.0
0.44997,0.45,58.52994,4757.52369,-1.17252,45.00356,2.055901476390904,0.7658773939790575,0.0
0.49492,0.49496,58.37992,4756.66707,-1.23672,45.00422,2.098985379080847,0.7819272813367661,0.0
0.53987,0.53991,58.22198,4755.80159,-1.30015,45.00493,2.145351857892187,0.7992000146694709,0.0
0.5848,0.58485,58.05623,4754.92517,-1.36276,45.0057,2.195143918935242,0.8177488675159826,0.0
0.62973,0.62979,57.88277,4754.03564,-1.42447,45.00653,2.2485144147694545,0.8376307814764867,0.0
0.67464,0.67472,57.70172,4753.13074,-1.48523,45.00741,2.3056262487335593,0.8589064423309063,0.0
0.71955,0.71964,57.51322,4752.20806,-1.54497,45.00834,2.366652547747139,0.881640344412029,0.0
0.76444,0.76456,57.31739,4751.26511,-1.6036,45.00933,2.431776793038608,0.9059008393051217,0.0
0.80933,0.80946,57.11438,4750.29926,-1.66107,45.01037,2.5011928965764265,0.9317601643205664,0.0
0.85421,0.85436,56.90435,4749.30776,-1.71728,45.01147,2.5751052091649083,0.9592944455097632,0.0
0.89907,0.89926,56.68738,4748.28786,-1.77357,45.02406,2.6537611949907722,0.9885958697934393,13.999999761185746
0.94391,0.94415,56.46354,4747.2367,-1.82847,45.03708,2.7374234131269115,1.0197622473345929,13.999999761185746
0.98874,0.98905,56.23302,4746.15104,-1.88191,45.05052,2.8263356269384667,1.0528843864005386,13.999999761185746
1.03354,1.03395,55.99602,4745.02751,-1.93379,45.06442,2.9207520438695544,1.0880569859528104,13.999999761185746
1.07832,1.07885,55.75273,4743.86255,-1.98401,45.07881,3.020936948085152,1.1253784987965973,13.999999761185746
1.12308,1.12375,55.50339,4742.65242,-2.03246,45.0937,3.1271639952775527,1.164950868877593,13.999999761185746
1.16781,1.16865,55.24821,4741.39323,-2.07905,45.10913,3.239715280165046,1.2068791839007191,13.999999761185746
1.21252,1.21356,54.98744,4740.08086,-2.12366,45.12513,3.358880140938271,1.2512712299549347,13.999999761185746
1.25721,1.25846,54.72135,4738.71104,-2.16616,45.14172,3.484953661768496,1.2982369336581687,13.999999761185746
1.30187,1.30337,54.4502,4737.27927,-2.20644,45.15893,3.61823483146897,1.3478876762102263,13.999999761185746
1.3465,1.34828,54.17429,4735.78087,-2.24437,45.1768,3.759024313747047,1.4003354627530347,13.999999761185746
1.39111,1.39319,53.89392,4734.21094,-2.27982,45.19537,3.907621782345895,1.4556919296408144,13.999999761185746
1.43569,1.4381,53.60942,4732.56441,-2.31264,45.21466,4.0643227730036635,1.514067171712039,13.999999761185746
1.48023,1.48301,53.32113,4730.83598,-2.3427,45.23471,4.229415003845309,1.575568371538576,13.999999761185746
1.52475,1.52792,53.02941,4729.02017,-2.36983,45.25557,4.403174116919016,1.6402982130359514,13.999999761185746
1.56923,1.57283,52.73463,4727.1113,-2.3939,45.27727,4.585858796481327,1.7083530628961199,13.999999761185746
1.61368,1.61775,52.4372,4725.10354,-2.41474,45.29984,4.7777052247324985,1.7798209052030052,13.999999761185746
1.65809,1.66266,52.13753,4722.99086,-2.43218,45.32334,4.978920843567665,1.8547790175206689,13.999999761185746
1.70246,1.70758,51.83606,4720.7671,-2.44606,45.34781,5.189677401950278,1.9332913808569852,13.999999761185746
1.74679,1.7525,51.53326,4718.42598,-2.45622,45.37328,5.4101032833333,2.0154058214261528,13.999999761185746
1.79109,1.79741,51.22959,4715.9611,-2.46248,45.3998,5.640275126615671,2.101150889234519,13.999999761185746
1.83534,1.84233,50.92556,4713.366,-2.46466,45.42742,5.880208777834704,2.1905324873479173,13.999999761185746
1.87954,1.88724,50.62169,4710.63419,-2.4626,45.45618,6.129849638545552,2.2835302764090692,13.999999761185746
1.9237,1.93216,50.31853,4707.75918,-2.45613,45.48612,6.389062510737565,2.380093891601735,13.999999761185746
1.96781,1.97707,50.01664,4704.73454,-2.44506,45.51729,6.657621077064746,2.4801390237597642,13.999999761185746
2.01187,2.02199,49.7166,4701.55396,-2.42925,45.54973,6.935197198823224,2.5835434325821134,13.999999761185746
2.05587,2.0669,49.41901,4698.21129,-2.40853,45.58348,7.221350261444213,2.690142977548644,13.999999761185746
2.09982,2.11181,49.12449,4694.70064,-2.38274,45.61857,7.5155168472466345,2.799727770748743,13.999999761185746
2.14371,2.15671,48.83368,4691.0164,-2.35176,45.65505,7.817001065651882,2.9120385746318957,13.999999761185746
2.18754,2.20161,48.54723,4687.15338,-2.31545,45.69295,8.124965919682625,3.0267635858013313,13.999999761185746
2.2313,2.24651,48.2658,4683.10687,-2.2737,45.7323,8.438426131196247,3.143535762224698,13.999999761185746
2.275,2.29141,47.99008,4678.87271,-2.22642,45.77311,8.75624288215698,3.2619308642195644,13.999999761185746
2.31862,2.3363,47.72073,4674.44741,-2.17354,45.81542,9.077120951380891,3.381466387815596,13.999999761185746
2.36218,2.38118,47.45845,4669.82823,-2.11499,45.85923,9.399608730930217,3.5016015708618715,13.999999761185746
2.40566,2.42606,47.20394,4665.01327,-2.05077,45.90456,9.722101589490594,3.6217386459734007,13.999999761185746
2.44906,2.47093,46.95787,4660.00157,-1.98088,45.95139,10.042849007537788,3.741225498568466,13.999999761185746
2.49238,2.51579,46.72093,4654.79319,-1.90535,45.99973,10.35996583767916,3.8593598616420954,13.999999761185746
2.53561,2.56064,46.49379,4649.38929,-1.82427,46.04956,10.671447941454582,3.975395140885835,13.999999761185746
2.57876,2.60549,46.27712,4643.7922,-1.73772,46.10084,10.97519232096709,4.08854791424986,13.999999761185746
2.62182,2.65032,46.07154,4638.00549,-1.64587,46.15356,11.269021702376728,4.198007089941266,13.999999761185746
2.66478,2.69514,45.87768,4632.03397,-1.5489,46.20765,11.550713343093218,4.302944637861295,13.999999761185746
2.70765,2.73995,45.69612,4625.8838,-1.44704,46.26307,11.818031633226923,4.4025277345036224,13.999999761185746
2.75042,2.78474,45.52741,4619.56241,-1.34055,46.31975,12.0687638544908,4.495932084086204,13.999999761185746
2.79309,2.82952,45.37206,4613.07852,-1.22973,46.37762,12.300758258529939,4.582356103730924,13.999999761185746
2.83566,2.87429,45.23055,4606.44214,-1.11494,46.43659,12.511963445463536,4.66103559300661,13.999999761185746
2.87812,2.91903,45.1033,4599.66445,-0.99655,46.49656,12.700467876163025,4.731258453292246,13.999999761185746
2.92048,2.96376,44.99067,4592.75778,-0.87498,46.55744,12.864538251816976,4.792378985174738,13.999999761185746
2.96272,3.00848,44.89299,4585.73545,-0.75068,46.61911,13.002655452776176,4.843831276614312,13.999999761185746
3.00485,3.05317,44.81051,4578.61171,-0.62413,46.68146,13.113546752963972,4.885141203659973,13.999999761185746
3.04687,3.09784,44.74342,4571.40154,-0.49581,46.74436,13.196213119643293,4.915936600331033,13.999999761185746
3.08877,3.14249,44.69187,4564.12054,-0.36625,46.80769,13.249950568900413,4.935955214096696,13.999999761185746
3.13056,3.18712,44.65591,4556.78475,-0.23598,46.87131,13.274364767516508,4.945050145457417,13.999999761185746
3.17223,3.23172,44.63555,4549.41049,-0.10552,46.93509,13.269378339803641,4.943192569933566,13.999999761185746
3.21379,3.2763,44.63074,4542.01414,0.02459,46.99891,13.235230637057716,4.930471652180576,13.999999761185746
3.25523,3.32086,44.64135,4534.61202,0.15381,47.06262,13.172470039010934,4.90709167807743,13.999999761185746
3.29655,3.36539,44.66719,4527.22018,0.28163,47.1261,13.08193916096424,4.873366543994276,13.999999761185746
3.33775,3.40989,44.70802,4519.85427,0.40754,47.18921,12.964753618594143,4.829711846124227,13.999999761185746
3.37884,3.45437,44.76353,4512.52936,0.53106,47.25186,12.822275238137392,4.776634900572277,13.999999761185746
3.41981,3.49882,44.83336,4505.25982,0.65172,47.3139,12.656080780417197,4.7147230922321475,13.999999761185746
3.46067,3.54325,44.91712,4498.05919,0.7691,47.37525,12.467927364897458,4.644630994336733,13.999999761185746
3.50141,3.58765,45.01433,4490.94011,0.88279,47.43579,12.259715832139584,4.5670667200092865,13.999999761185746
3.54204,3.63202,45.12452,4483.91421,0.99244,47.49544,12.033453271594139,4.4827779628798465,13.999999761185746
3.58256,3.67636,45.24714,4476.99207,1.09771,47.55411,11.791215872931517,4.392538158228467,13.999999761185746
3.62297,3.72068,45.38163,4470.18319,1.19831,47.61174,11.535113142982116,4.297133152853942,13.999999761185746
3.66327,3.76497,45.52739,4463.49593,1.294,47.66825,11.26725437824372,4.197348715200623,13.999999761185746
3.70347,3.80923,45.68381,4456.93757,1.38456,47.7236,10.9897181078246,4.093959152050738,13.999999761185746
3.74357,3.85346,45.85025,4450.51427,1.46981,47.77773,10.704525035940408,3.9877172288925404,13.999999761185746
3.78356,3.89767,46.02606,4444.23112,1.54961,47.83062,10.413614828075787,3.8793455221547317,13.999999761185746
3.82345,3.94185,46.21058,4438.09221,1.62387,47.88223,10.118826910373112,3.7695292664735622,13.999999761185746
3.86325,3.98601,46.40314,4432.10062,1.6925,47.93254,9.82188529494995,3.6589107017243134,13.999999761185746
3.90296,4.03014,46.60307,4426.25854,1.75548,47.98156,9.524387309937772,3.548084874664191,13.999999761185746
3.94257,4.07425,46.8097,4420.56731,1.8128,48.02926,9.227796004727299,3.437596809686386,13.999999761185746
3.9821,4.11833,47.02237,4415.02748,1.86446,48.07566,8.933435919152565,3.327939932729816,13.999999761185746
4.02153,4.16239,47.24042,4409.63888,1.91053,48.12077,8.642491849188009,3.2195556114688153,13.999999761185746
4.06089,4.20643,47.46319,4404.40074,1.95104,48.16459,8.35601020916084,3.112833662773091,13.999999761185746
4.10016,4.25044,47.69006,4399.31169,1.9861,48.20716,8.074902578365823,3.0081136739150356,13.999999761185746
4.13936,4.29444,47.92039,4394.36987,2.0158,48.24848,7.799951025075635,2.905686985903677,13.999999761185746
4.17847,4.33841,48.15357,4389.57299,2.04026,48.28859,7.53181481945181,2.8057991942206284,13.999999761185746
4.21752,4.38236,48.38902,4384.91842,2.05959,48.32753,7.271038175386496,2.7086530328598433,13.999999761185746
4.25649,4.42629,48.62615,4380.40317,2.07394,48.36531,7.018058696559035,2.6144115207059224,13.999999761185746
4.29539,4.4702,48.86441,4376.02406,2.08346,48.40198,6.773216241192315,2.5232012638891006,13.999999761185746
4.33422,4.5141,49.10325,4371.77764,2.08829,48.43758,6.536761960625813,2.435115822891523,13.999999761185746
4.37299,4.55798,49.34215,4367.66037,2.08859,48.47214,6.308867307198591,2.3502190682206705,13.999999761185746
4.4117,4.60184,49.58062,4363.66854,2.08451,48.50569,6.089632845403042,2.2685484627959718,13.999999761185746
4.45034,4.64568,49.81816,4359.79839,2.07623,48.53829,5.879096735957522,2.190118222489084,13.999999761185746
4.48892,4.68951,50.05432,4356.04611,2.0639,48.56997,5.67724279466423,2.1149223182604935,13.999999761185746
4.52745,4.73332,50.28865,4352.40786,2.04768,48.60076,5.484008056213374,2.042937293875586,13.999999761185746
4.56592,4.77712,50.52073,4348.87981,2.02774,48.63071,5.299289797602456,1.9741248823131268,13.999999761185746
4.60434,4.8209,50.75016,4345.45817,2.00424,48.65986,5.122951996318471,1.9084344116080523,13.999999761185746
4.6427,4.86468,50.97653,4342.13917,1.97732,48.68824,4.954831215367182,1.8458049971797248,13.999999761185746
4.68102,4.90844,51.1995,4338.91912,1.94715,48.71589,4.794741920769571,1.7861675227392657,13.999999761185746
4.71928,4.95218,51.4187,4335.79439,1.91388,48.74286,4.642481247683572,1.729446415795311,13.999999761185746
4.7575,4.99592,51.6338,4332.76142,1.87765,48.76916,4.497833239216837,1.675561226723294,13.999999761185746
4.79567,5.03964,51.84449,4329.81675,1.8386,48.79485,4.360572587617738,1.6244280224575283,13.999999761185746
4.83379,5.08336,52.05046,4326.95702,1.79688,48.81995,4.230467911293727,1.5759606072667736,13.999999761185746
4.87187,5.12706,52.25143,4324.17894,1.75263,48.8445,4.107284603266166,1.5300715838786076,13.999999761185746
4.90991,5.17076,52.44713,4321.47934,1.70596,48.86853,3.9907872875862247,1.486673268558976,13.999999761185746
4.9479,5.21445,52.6373,4318.85514,1.65701,48.89207,3.8807419201423183,1.4456784737182422,13.999999761185746
4.98586,5.25812,52.8217,4316.30335,1.6059,48.91514,3.7769175694401786,1.4070011712986181,13.999999761185746
5.02377,5.3018,53.00011,4313.8211,1.55274,48.93779,3.679087911534562,1.370557049675559,13.999999761185746
5.06165,5.34546,53.17231,4311.4056,1.49766,48.96003,3.587032471460621,1.3362639761236144,13.999999761185746
5.09949,5.38911,53.3381,4309.05414,1.44076,48.98189,3.500537641449945,1.304042376128692,13.999999761185746
5.13729,5.43276,53.49728,4306.76413,1.38215,49.0034,3.4193975039878133,1.2738155399985425,13.999999761185746
5.17506,5.47641,53.64969,4304.53305,1.32193,49.02459,3.3434144854816568,1.2455098663714606,13.999999761185746
5.21279,5.52005,53.79515,4302.35845,1.2602,49.04547,3.272399864013265,1.2190550513673388,13.999999761185746
5.25049,5.56368,53.9335,4300.238,1.19705,49.06608,3.206174152424525,1.1943842312971904,13.999999761185746
5.28815,5.60731,54.06461,4298.16939,1.13257,49.08643,3.144567375837156,1.1714340860465466,13.999999761185746
5.32578,5.65093,54.18833,4296.15042,1.06686,49.10654,3.0874192606793516,1.1501449094928584,13.999999761185746
5.36338,5.69455,54.30454,4294.17893,1.0,49.12644,3.034579350400789,1.1304606526123804,13.999999761185746
5.40094,5.73816,54.41312,4292.25285,0.93207,49.14615,2.9859070612894962,1.1123289442734228,13.999999761185746
5.43848,5.78177,54.51397,4290.37013,0.86315,49.16569,2.9412716902054914,1.0957010941173357,13.999999761185746
5.47598,5.82538,54.60698,4288.52879,0.79333,49.18507,2.9005523845683996,1.0805320813781074,13.999999761185746
5.51345,5.86898,54.69207,4286.7269,0.72267,49.20431,2.8636380836007986,1.066780532993962,13.999999761185746
5.5509,5.91259,54.76916,4284.96255,0.65125,49.22343,2.830427438632773,1.054408693918713,13.999999761185746
5.58831,5.95619,54.83816,4283.23388,0.57915,49.24246,2.8008287191911827,1.0433823921375414,13.999999761185746
5.62569,5.99978,54.89902,4281.53907,0.50643,49.2614,2.774759710626228,1.033671000530199,13.999999761185746
5.66305,6.04338,54.95168,4279.87631,0.43316,49.28028,2.7521476081648655,1.0252473974031187,13.999999761185746
5.70037,6.08697,54.99607,4278.24381,0.35942,49.2991,2.7329289115168676,1.018087927227397,13.999999761185746
5.73767,6.13057,55.03217,4276.6398,0.28526,49.31789,2.7170493234539874,1.0121723628568662,13.999999761185746
5.77494,6.17416,55.05994,4275.06254,0.21075,49.33667,2.7044636551747874,1.0074838702740017,13.999999761185746
5.81218,6.21775,55.07934,4273.51026,0.13595,49.35544,2.6951357407012315,1.0040089767004015,13.999999761185746
5.8494,6.26134,55.09035,4271.98121,0.06094,49.37423,2.6890383620543794,1.0017375427227613,13.999999761185746
5.88659,6.30493,55.09306,4270.47346,-0.01262,49.37996,2.6861190422917973,1.0006500192992736,0.0
5.92377,6.34851,55.08753,4268.98507,-0.08628,49.38574,2.6863342378463324,1.0007301853054738,0.0
5.96092,6.39207,55.07377,4267.5143,-0.15998,49.39157,2.689683116175595,1.0019777305974162,0.0
5.99806,6.43564,55.05179,4266.0594,-0.23364,49.39744,2.6961730970333084,1.0043954192285878,0.0
6.03519,6.47919,55.02159,4264.6186,-0.3072,49.40335,2.705819859780485,1.007989092173515,0.0
6.07229,6.52273,54.9832,4263.1901,-0.38061,49.40932,2.7186473407407004,1.0127676663425322,0.0
6.10938,6.56627,54.93664,4261.77205,-0.45379,49.41533,2.7346877383840775,1.0187431365129527,0.0
6.14646,6.6098,54.88195,4260.3626,-0.52669,49.42138,2.753981524813344,1.025930579607928,0.0
6.18351,6.65332,54.81917,4258.95982,-0.59922,49.42748,2.7765774615956165,1.0343481605942029,0.0
6.22055,6.69684,54.74834,4257.56176,-0.67133,49.43362,2.8025326174977994,1.0440171390890187,0.0
6.25757,6.74035,54.66953,4256.16641,-0.74295,49.43982,2.831912385163891,1.0549618755728494,0.0
6.29458,6.78385,54.5828,4254.77171,-0.81401,49.44605,2.8647904932123716,1.067209835895995,0.0
6.33156,6.82734,54.48822,4253.37552,-0.88443,49.45233,2.9012490096079753,1.0807915925346572,0.0
6.36853,6.87082,54.38587,4251.97565,-0.95415,49.45866,2.9413783314911814,1.0957408208021564,0.0
6.40549,6.9143,54.27584,4250.56984,-1.02308,49.46503,2.985277155886704,1.1120942879370739,0.0
6.44242,6.95777,54.15822,4249.15575,-1.09115,49.47144,3.0330524249157977,1.1298918326933935,0.0
6.47934,7.00124,54.03312,4247.73094,-1.15828,49.4779,3.084819238220806,1.1491763327163422,0.0
6.51624,7.04469,53.90066,4246.29292,-1.22439,49.48441,3.140700724342243,1.1699936566269675,0.0
6.55313,7.08814,53.76096,4244.83907,-1.28939,49.49096,3.2008278617315638,1.192392597344688,0.0
6.58999,7.13158,53.61415,4243.36671,-1.3532,49.49755,3.2653392389458444,1.2164247827534984,0.0
6.62684,7.17502,53.46038,4241.87301,-1.41573,49.50419,3.3343807423454574,1.2421445593611387,0.0
6.66367,7.21844,53.2998,4240.35509,-1.47688,49.51087,3.4081051583459843,1.2696088441274656,0.0
6.70048,7.26186,53.13257,4238.80992,-1.53656,49.51759,3.4866716759222474,1.2988769391341144,0.0
6.73728,7.30527,52.95887,4237.23436,-1.59467,49.52436,3.570245273708003,1.3300103032630082,0.0
6.77405,7.34867,52.77888,4235.62516,-1.6511,49.53116,3.658995974621553,1.3630722745247867,0.0
6.81081,7.39206,52.59281,4233.97895,-1.70575,49.53802,3.753097949621115,1.3981277361841,0.0
6.84754,7.43544,52.40086,4232.29222,-1.75851,49.54491,3.852728450876453,1.4352427193379704,0.0
6.88426,7.47882,52.20326,4230.56135,-1.80927,49.55184,3.9580665534945125,1.4744839341754843,0.0
6.92095,7.52218,52.00024,4228.78257,-1.8579,49.55882,4.069291683982679,1.515918221791639,0.0
6.95762,7.56553,51.79204,4226.952,-1.90429,49.56584,4.186581912927976,1.5596119181654196,0.0
6.99428,7.60887,51.57894,4225.06562,-1.94832,49.57289,4.310111989102313,1.6056301218122788,0.0
7.03091,7.6522,51.36121,4223.11927,-1.98985,49.57999,4.440051092388534,1.654035856689967,0.0
7.06752,7.69552,51.13913,4221.1087,-2.02875,49.58713,4.576560283787721,1.7048891222591582,0.0
7.10411,7.73883,50.91302,4219.0295,-2.06489,49.59431,4.719789632398544,1.7582458232076605,0.0
7.14067,7.78212,50.68319,4216.87716,-2.09813,49.60152,4.869875001865672,1.8141565723179032,0.0
7.17721,7.8254,50.44998,4214.64708,-2.12833,49.60877,5.026934482554553,1.8726653613581585,0.0
7.21372,7.86866,50.21374,4212.33454,-2.15535,49.61606,5.191064460781067,1.933808096767168,0.0
7.25021,7.91191,49.97484,4209.93475,-2.17903,49.62339,5.3623353230639585,1.997610999375146,0.0
7.28668,7.95515,49.73366,4207.44284,-2.19924,49.63076,5.540786801674208,2.0640888704984515,0.0
7.32311,7.99836,49.4906,4204.85391,-2.21583,49.63815,5.7264229779806595,2.133243230554365,0.0
7.35952,8.04156,49.24607,4202.16301,-2.22865,49.64559,5.9192069722742815,2.2050603408809106,0.0
7.39591,8.08474,49.00051,4199.3652,-2.23755,49.65306,6.119055363055717,2.279509124774625,0.0
7.43226,8.12791,48.75436,4196.45555,-2.24239,49.66056,6.325832395071849,2.3565390098317858,0.0
7.46858,8.17105,48.50808,4193.4292,-2.24302,49.66809,6.539344053702973,2.4360777205017223,0.0
7.50487,8.21416,48.26215,4190.28138,-2.23932,49.67566,6.759332103245439,2.518029057190234,0.0
7.54113,8.25726,48.01706,4187.00744,-2.23114,49.68326,6.985468207966277,2.602270706197757,0.0
7.57736,8.30033,47.77331,4183.6029,-2.21836,49.69088,7.217348276759188,2.688652132954918,0.0
7.61355,8.34338,47.53142,4180.06351,-2.20086,49.69854,7.454487194216396,2.7769926192081646,0.0
7.64971,8.3864,47.29191,4176.38527,-2.17854,49.70623,7.696314121771143,2.8670795125717143,0.0
7.68583,8.42939,47.05532,4172.56451,-2.1513,49.71394,7.942168571182926,2.958666763797488,0.0
7.72192,8.47236,46.8222,4168.59793,-2.11907,49.72168,8.191297467586008,3.0514738326834063,0.0
7.75796,8.51529,46.59309,4164.48266,-2.08177,49.72944,8.442853428968181,3.1451850471339586,0.0
7.79397,8.55819,46.36855,4160.2163,-2.03936,49.73723,8.695894491849492,3.2394495009683117,0.0
7.82993,8.60106,46.14914,4155.79702,-1.99181,49.74504,8.949385507141184,3.333881573914492,0.0
7.86586,8.64389,45.93541,4151.22356,-1.93911,49.75288,9.202201414483016,3.428062151386191,0.0
7.90174,8.68669,45.72792,4146.49534,-1.88129,49.76074,9.453132576126876,3.521540611494751,0.0
7.93757,8.72945,45.52722,4141.61245,-1.81838,49.76861,9.700892312200883,3.6138376321333125,0.0
7.97336,8.77217,45.33384,4136.57578,-1.75046,49.77651,9.944126727196927,3.704448851601969,0.0
8.0091,8.81484,45.14832,4131.38697,-1.67761,49.78443,10.181426853516255,3.792849392398016,0.0
8.04479,8.85748,44.97116,4126.04852,-1.59998,49.79236,10.411343062941032,3.878499229868298,0.0
8.08043,8.90007,44.80287,4120.56375,-1.51772,49.80031,10.632401613272892,3.96084935626743,0.0
8.11602,8.94261,44.6439,4114.93689,-1.43101,49.80827,10.84312310796553,4.039348657456649,0.0
8.15155,8.98511,44.49472,4109.17301,-1.34008,49.81625,11.042042555710204,4.113451385627206,0.0
8.18703,9.02756,44.35574,4103.27806,-1.24518,49.82425,11.227730628945366,4.182625078654555,0.0
8.22246,9.06996,44.22734,4097.25886,-1.14658,49.83225,11.398815640487493,4.246358746971571,0.0
8.25783,9.1123,44.10989,4091.12302,-1.0446,49.84027,11.554005691241484,4.3041711241734175,0.0
8.29314,9.15459,44.00369,4084.87894,-0.93957,49.8483,11.69211039407256,4.355618759731419,0.0
8.3284,9.19683,43.90902,4078.53575,-0.83185,49.85634,11.81206155401668,4.400303722915569,0.0
8.36359,9.23902,43.82612,4072.10322,-0.72183,49.86439,11.91293218597559,4.437880687386324,0.0
8.39873,9.28114,43.75518,4065.5917,-0.60991,49.87245,11.993953279978843,4.468063176695818,0.0
8.4338,9.32321,43.69633,4059.01202,-0.49651,49.88052,12.05452778072299,4.49062877203405,0.0
8.46881,9.36522,43.64968,4052.37541,-0.38206,49.8886,12.094241330977317,4.505423114430181,0.0
8.50376,9.40717,43.61527,4045.69339,-0.26699,49.89669,12.112869433576945,4.512362572783421,0.0
8.53864,9.44906,43.59311,4038.97766,-0.15177,49.90478,12.11038080928382,4.511435494754585,0.0
8.57346,9.49089,43.58315,4032.23999,-0.03682,49.91288,12.086936861145265,4.502702007225574,0.0
8.60822,9.53266,43.5853,4025.49214,0.07739,49.92099,12.04288729295019,4.486292384059015,0.0
8.64291,9.57437,43.59941,4018.74571,0.19045,49.92911,11.97876206270256,4.462404048555421,0.0
8.67754,9.61601,43.62531,4012.01209,0.30192,49.93723,11.895259974513698,4.431297323632901,0.0
8.71211,9.6576,43.66275,4005.30233,0.4114,49.94536,11.793234317869604,4.393290082076388,0.0
8.74661,9.69912,43.71149,3998.62706,0.51848,49.9535,11.673676047046731,4.3487514804274365,0.0
8.78104,9.74058,43.7712,3991.99643,0.62281,49.96165,11.537695052193262,4.298094981969213,0.0
8.81542,9.78198,43.84154,3985.42004,0.72402,49.9698,11.386500105816276,4.241770886265324,0.0
8.84972,9.82332,43.92215,3978.90685,0.82181,49.97797,11.221378074293476,4.180258584900954,0.0
8.88397,9.8646,44.01261,3972.46519,0.91586,49.98614,11.043672965512476,4.114058756177217,0.0
8.91815,9.90582,44.11249,3966.10269,1.00592,49.99433,10.854765343541297,4.043685696534276,0.0
8.95228,9.94699,44.22134,3959.82627,1.09174,50.00252,10.656052583948641,3.9696599651386357,0.0
8.98634,9.98809,44.33867,3953.64211,1.17311,50.01073,10.448930372986927,3.892501491842041,0.0
9.02034,10.02914,44.464,3947.55568,1.24986,50.01894,10.234775775651404,3.8127232695879814,0.0
9.05428,10.07013,44.59682,3941.57173,1.32183,50.02717,10.014932115849458,3.7308257218769354,0.0
9.08816,10.11107,44.7366,3935.69431,1.38891,50.03542,9.790695830968703,3.6472918057471118,0.0
9.12199,10.15195,44.88283,3929.92677,1.45098,50.04367,9.563305386452406,3.562582882162114,0.0
9.15576,10.19278,45.03496,3924.27183,1.508,50.05194,9.333932266407736,3.477135359775465,0.0
9.18947,10.23356,45.19247,3918.73157,1.5599,50.06023,9.10367399573135,3.3913580954887856,0.0
9.22313,10.27429,45.35481,3913.3075,1.60668,50.06853,8.873549098887088,3.305630516463851,0.0
9.25673,10.31497,45.52146,3908.00058,1.64833,50.07685,8.64449386092629,3.2203014135174244,0.0
9.29028,10.3556,45.69187,3902.81128,1.68488,50.08519,8.417360727239151,3.135688344986544,0.0
9.32379,10.39619,45.86554,3897.73958,1.71636,50.09354,8.19291815944491,3.0520775830438165,0.0
9.35724,10.43673,46.04193,3892.78507,1.74283,50.10191,7.971851754714104,2.9697245306744153,0.0
9.39064,10.47723,46.22055,3887.94695,1.76436,50.11031,7.754766433366627,2.888854536613912,0.0
9.42399,10.51768,46.40089,3883.22408,1.78104,50.11873,7.542189503664508,2.8096640370642283,0.0
9.4573,10.55809,46.58246,3878.61503,1.79297,50.12716,7.334574421863049,2.732321956411616,0.0
9.49056,10.59847,46.76479,3874.11812,1.80024,50.13562,7.132305078400133,2.6569713039449514,0.0
9.52377,10.6388,46.94742,3869.73142,1.80297,50.14411,6.935700456727809,2.5837309093930836,0.0
9.55694,10.6791,47.1299,3865.45284,1.80129,50.15261,6.745019528253128,2.5126972464190853,0.0
9.59007,10.71936,47.31179,3861.28009,1.79532,50.16114,6.560466264632294,2.443946299831712,0.0
9.62316,10.75959,47.49268,3857.21079,1.78519,50.1697,6.382194666308388,2.377535438848005,0.0
9.6562,10.79978,47.67214,3853.24243,1.77104,50.17829,6.210313723242262,2.3135052650960803,0.0
9.68921,10.83994,47.84981,3849.37241,1.75301,50.1869,6.044892239773247,2.2518814100026914,0.0
9.72217,10.88007,48.02529,3845.59807,1.73124,50.19553,5.885963470270381,2.1926762616952775,0.0
9.7551,10.92017,48.19823,3841.91673,1.70586,50.2042,5.7335295253782155,2.13589060644447,0.0
9.78799,10.96024,48.36828,3838.32564,1.67702,50.21289,5.587565520350814,2.0815151740276514,0.0
9.82084,11.00028,48.53511,3834.82206,1.64486,50.22162,5.44802344694924,2.0295320801126437,0.0
9.85366,11.04029,48.69841,3831.40324,1.60952,50.23037,5.314835758926175,1.979916161945072,0.0
9.88644,11.08027,48.85786,3828.06644,1.57114,50.23915,5.187918668184942,1.9326362062543267,0.0
9.91919,11.12024,49.01319,3824.80894,1.52985,50.24797,5.06717515442894,1.887656070427167,0.0
9.9519,11.16017,49.16411,3821.62802,1.4858,50.25681,4.952497695679573,1.8449356996974917,0.0
9.98458,11.20008,49.31038,3818.52102,1.43911,50.26569,4.843770730527688,1.804432044399788,0.0
10.01723,11.23997,49.45174,3815.48529,1.38992,50.2746,4.740872865547015,1.7660998822887168,0.0
10.04985,11.27984,49.58795,3812.51823,1.33835,50.28354,4.6436788430859774,1.7298925515933385,0.0
10.08243,11.31969,49.71881,3809.61727,1.28453,50.29252,4.552061285777976,1.6957626008930955,0.0
10.11499,11.35951,49.84409,3806.77988,1.22859,50.30152,4.465892234693034,1.6636623621197688,0.0
10.14751,11.39932,49.96361,3804.00357,1.17064,50.31057,4.38504449817894,1.6335444530362946,0.0
10.18001,11.4391,50.07718,3801.28589,1.1108,50.31964,4.309392828235468,1.6053622154671179,0.0
10.21247,11.47887,50.18463,3798.62445,1.04919,50.32875,4.238814940775581,1.5790700953723276,0.0
10.24491,11.51862,50.28579,3796.01686,0.98593,50.3379,4.173192395439926,1.5546239706017126,0.0
10.27732,11.55835,50.38053,3793.4608,0.92112,50.34707,4.112411349772013,1.5319814318448548,0.0
10.3097,11.59806,50.4687,3790.95396,0.85487,50.35629,4.056363201661599,1.5111020219581939,0.0
10.34205,11.63776,50.55017,3788.49408,0.78728,50.36554,4.004945132918656,1.4919474384606364,0.0
10.37438,11.67744,50.62483,3786.07893,0.71847,50.37482,3.958060565838541,1.4744817036160904,0.0
10.40668,11.71711,50.69256,3783.70629,0.64854,50.38414,3.9156195435607932,1.4586713061271261,0.0
10.43895,11.75676,50.75328,3781.37398,0.57758,50.3935,3.8775390439997848,1.444485318082405,0.0
10.4712,11.79639,50.80689,3779.07982,0.50569,50.40289,3.843743236107382,1.4318954904212626,0.0
10.50342,11.83602,50.85331,3776.82166,0.43297,50.41232,3.8141636862647927,1.420876329820101,0.0
10.53562,11.87563,50.89249,3774.59737,0.35952,50.42179,3.788739521639469,1.4114051595471366,0.0
10.56779,11.91522,50.92435,3772.4048,0.28544,50.43129,3.7674175564656105,1.4034621665052065,0.0
10.59994,11.9548,50.94885,3770.24183,0.2108,50.44083,3.750152386324393,1.3970304363536366,0.0
10.63206,11.99437,50.96595,3768.10632,0.13572,50.4504,3.7369064546986763,1.3920959783016202,0.0
10.66416,12.03393,50.97562,3765.99615,0.06027,50.46002,3.727650095269012,1.3886477408645959,0.0
10.69623,12.07347,50.97783,3763.90916,-0.01545,50.46966,3.7223615526888008,1.3866776196035373,0.0
10.72828,12.113,50.97257,3761.84321,-0.09134,50.47935,3.7210269838361074,1.3861804575912893,0.0
10.76033,12.1525,50.95829,3759.79995,-0.19885,50.42296,3.7244608300985935,1.387459655673998,-50.99999913003379
10.79239,12.19196,50.93343,3757.78042,-0.3064,50.36646,3.733491153268996,1.3908236886570757,-50.99999913003379
10.82448,12.23136,50.89801,3755.78149,-0.4139,50.30975,3.748146287373512,1.396283111710793,-50.99999913003379
10.85659,12.27071,50.85204,3753.79997,-0.52127,50.25273,3.7684755231818072,1.4038562869437694,-50.99999913003379
10.88872,12.31001,50.79556,3751.83263,-0.62844,50.19529,3.7945491998896546,1.4135694175571654,-50.99999913003379
10.92088,12.34927,50.72861,3749.87618,-0.7353,50.13733,3.8264588667292045,1.4254566080487623,-50.99999913003379
10.95305,12.38847,50.65121,3747.92724,-0.84179,50.07875,3.864317510594602,1.4395599490094937,-50.99999913003379
10.98525,12.42763,50.56344,3745.98235,-0.94781,50.01943,3.90825984450334,1.4559296245828883,-50.99999913003379
11.01747,12.46673,50.46534,3744.03793,-1.05327,49.95927,3.9584426505947206,1.4746240402410224,-50.99999913003379
11.04971,12.50578,50.35699,3742.09029,-1.15808,49.89816,4.015045170120687,1.4957099680663661,-50.99999913003379
11.08198,12.54478,50.23848,3740.13562,-1.26215,49.83596,4.0782695313575585,1.519262706160163,-50.99999913003379
11.11427,12.58372,50.10988,3738.16996,-1.36537,49.77257,4.148341204565127,1.5453662481266657,-50.99999913003379
11.14659,12.62262,49.97129,3736.1892,-1.46766,49.70786,4.225509471007227,1.5741134577956366,-50.99999913003379
11.17893,12.66145,49.82283,3734.18903,-1.56889,49.64168,4.310047890586758,1.6056062434287015,-50.99999913003379
11.2113,12.70023,49.66462,3732.16498,-1.66898,49.57391,4.402254749722466,1.6399557245652299,-50.99999913003379
11.24369,12.73896,49.49678,3730.11238,-1.76779,49.50441,4.502453467778663,1.6772823834281039,-50.99999913003379
11.27611,12.77762,49.31946,3728.02633,-1.86522,49.43302,4.610992936495323,1.717716191370358,-50.99999913003379
11.30857,12.81623,49.13281,3725.9017,-1.96114,49.35958,4.728247762461042,1.7613966992027372,-50.99999913003379
11.34105,12.85477,48.937,3723.73311,-2.05542,49.28393,4.8546183777022955,1.808473078391104,-50.99999913003379
11.37356,12.89325,48.7322,3721.51494,-2.14793,49.20591,4.990530977843961,1.8591040980196074,-50.99999913003379
11.4061,12.93166,48.51862,3719.24125,-2.23854,49.12532,5.136437241061017,1.9134580200927944,-50.99999913003379
11.43868,12.97001,48.29645,3716.90583,-2.32708,49.04199,5.292813774170206,1.9717123931901817,-50.99999913003379
11.47129,13.00828,48.06593,3714.50216,-2.4134,48.9557,5.460161224722774,2.034053721697439,-50.99999913003379
11.50393,13.04649,47.82729,3712.02338,-2.49736,48.86626,5.639002989940944,2.100676984851253,-50.99999913003379
11.53662,13.08461,47.58079,3709.4623,-2.57877,48.77343,5.829883444841557,2.171784976668767,-50.99999913003379
11.56934,13.12266,47.32669,3706.81137,-2.65745,48.677,6.033365603194241,2.24758743459295,-50.99999913003379
11.6021,13.16063,47.06529,3704.06268,-2.73323,48.57672,6.250028116110061,2.328299921387901,-50.99999913003379
11.6349,13.19851,46.7969,3701.20794,-2.8059,48.47233,6.480461504602173,2.4141424216685645,-50.99999913003379
11.66774,13.2363,46.52185,3698.23849,-2.87526,48.36357,6.725263514670602,2.505337611547593,-50.99999913003379
11.70062,13.27401,46.24049,3695.14527,-2.9411,48.25017,6.985033476899431,2.602108757436894,-50.99999913003379
11.73356,13.31161,45.95319,3691.91883,-3.0032,48.13183,7.260365548062938,2.704677198368093,-50.99999913003379
11.76654,13.34912,45.66035,3688.54933,-3.06132,48.00824,7.551840710444528,2.8132593655283196,-50.99999913003379
11.79957,13.38652,45.36238,3685.02657,-3.11523,47.8791,7.8600174066937685,2.9280632934980497,-50.99999913003379
11.83265,13.42381,45.05972,3681.33998,-3.16468,47.74408,8.185420695155978,3.0492845803260304,-50.99999913003379
11.86579,13.46098,44.75284,3677.47862,-3.20941,47.60284,8.528529824068462,3.17710175859044,-50.99999913003379
11.89898,13.49804,44.44223,3673.43127,-3.24915,47.45503,8.889764144370776,3.311671047550049,-50.99999913003379
11.93223,13.53497,44.12841,3669.18639,-3.28364,47.30029,9.26946731162274,3.4531204679430103,-50.99999913003379
11.96554,13.57176,43.81192,3664.73223,-3.31259,47.13826,9.66788976926415,3.6015433165402144,-50.99999913003379
11.99892,13.60842,43.49332,3660.05685,-3.33573,46.96856,10.085169559737555,3.7569910177836237,-50.99999913003379
12.03236,13.64493,43.17322,3655.14821,-3.35278,46.79082,10.52131157793177,3.919465395148116,-50.99999913003379
12.06587,13.68129,42.85224,3649.9942,-3.36344,46.60466,10.97616546404533,4.0889104356514405,-50.99999913003379
12.09945,13.71748,42.53101,3644.58282,-3.36744,46.4097,11.449402430111581,4.2652036571250855,-50.99999913003379
12.1331,13.75351,42.21023,3638.9022,-3.3645,46.20555,11.940491425716933,4.448147229317213,-50.99999913003379
12.16683,13.78937,41.89057,3632.94078,-3.35434,45.99186,12.448675171498076,4.637459045739769,-50.99999913003379
12.20064,13.82503,41.57277,3626.68741,-3.33671,45.76827,12.97294672061889,4.832763992201934,-50.99999913003379
12.23453,13.86051,41.25756,3620.13151,-3.31135,45.53443,13.512027343201984,5.033585708178973,-50.99999913003379
12.2685,13.89578,40.94571,3613.26326,-3.27804,45.29004,14.064346659426528,5.239339185868444,-50.99999913003379
12.30256,13.93083,40.63799,3606.07371,-3.23658,45.03479,14.628026064716172,5.4493245956365985,-50.99999913003379
12.33671,13.96567,40.33519,3598.55502,-3.18678,44.76843,15.200866583774442,5.662722761326976,-50.99999913003379
12.37095,14.00027,40.03812,3590.70063,-3.12849,44.49073,15.780342347238024,5.878592730142122,-50.99999913003379
12.40528,14.03463,39.74757,3582.50545,-3.06161,44.20153,16.363600891526826,6.095871884345613,-50.99999913003379
12.43971,14.06874,39.46436,3573.96603,-2.98607,43.90071,16.94747142683298,6.313379021305521,-50.99999913003379
12.47424,14.10258,39.1893,3565.08079,-2.90186,43.58818,17.52848208802754,6.529820779911044,-50.99999913003379
12.50887,14.13615,38.92318,3555.85016,-2.80899,43.26396,18.10288697077949,6.743801712238206,-50.99999913003379
12.54359,14.16944,38.66678,3546.27673,-2.70756,42.92811,18.66670345667481,6.953838188138782,-50.99999913003379
12.57842,14.20243,38.42087,3536.36542,-2.59773,42.58078,19.215759949390815,7.1583761782212685,-50.99999913003379
12.61335,14.23512,38.18618,3526.12356,-2.47969,42.22217,19.745753689926453,7.355812791545374,-50.99999913003379
12.64839,14.26749,37.96342,3515.56096,-2.35374,41.85261,20.252317811154263,7.544521255206928,-50.99999913003379
12.68352,14.29953,37.75325,3504.68996,-2.2202,41.47247,20.731096258127256,7.7228788241234705,-50.99999913003379
12.71876,14.33125,37.5563,3493.5254,-2.07951,41.08223,21.17782467467155,7.889296913418272,-50.99999913003379
12.75411,14.36261,37.37313,3482.08458,-1.93213,40.68243,21.58841487840841,8.042252567588699,-50.99999913003379
12.78955,14.39363,37.20426,3470.38713,-1.77861,40.27372,21.95904015606733,8.180320235254603,-50.99999913003379
12.82509,14.42429,37.05013,3458.45489,-1.61956,39.85681,22.28621834723475,8.302202720040775,-50.99999913003379
12.86073,14.45458,36.91114,3446.31168,-1.45563,39.43248,22.56688957916345,8.406760138838782,-50.99999913003379
12.89647,14.4845,36.78759,3433.98307,-1.28755,39.00157,22.798485588568507,8.493035745999915,-50.99999913003379
12.9323,14.51403,36.67972,3421.4961,-1.11605,38.56499,22.978987825446,8.560277578536464,-50.99999913003379
12.96822,14.54319,36.5877,3408.87898,-0.94194,38.12369,23.106971969395666,8.607955039623214,-50.99999913003379
13.00423,14.57196,36.51162,3396.16075,-0.76603,37.67866,23.18163707587383,8.635769756343514,-50.99999913003379
13.04032,14.60034,36.45148,3383.37091,-0.58916,37.2309,23.202818269386082,8.643660308237571,-50.99999913003379
13.07649,14.62832,36.40721,3370.53912,-0.41216,36.78144,23.170982663548166,8.631800707417746,-50.99999913003379
13.11273,14.65591,36.37868,3357.69478,-0.23588,36.33129,23.08720895970693,8.600592798518077,-50.99999913003379
13.14905,14.68311,36.36566,3344.86678,-0.06114,35.88147,22.953151902084777,8.550653017300354,-50.99999913003379
13.18544,14.70992,36.36786,3332.08311,0.11126,35.43296,22.77099339945745,8.482794182193015,-50.99999913003379
13.22188,14.73634,36.38494,3319.37064,0.28053,34.98673,22.543382622551746,8.398003178995669,-50.99999913003379
13.25839,14.76237,36.41647,3306.75481,0.44595,34.54367,22.27336772720734,8.297415525960403,-50.99999913003379
13.29495,14.78802,36.46199,3294.25946,0.6068,34.10466,21.964322025440044,8.182287870570285,-50.99999913003379
13.33156,14.81329,36.52095,3281.90664,0.76246,33.67049,21.619867433215266,8.053969471820775,-50.99999913003379
13.36821,14.83818,36.5928,3269.71649,0.91233,33.24192,21.243797881349202,7.913873668765237,-50.99999913003379
13.4049,14.8627,36.67693,3257.70713,1.05587,32.8196,20.84000511009041,7.763450237044101,-50.99999913003379
13.44164,14.88686,36.77268,3245.89462,1.19261,32.40414,20.412408910302098,7.604159401889825,-50.99999913003379
13.4784,14.91067,36.87937,3234.29297,1.32214,31.99608,19.964893458767655,7.437448121353057,-50.99999913003379
13.51519,14.93413,36.99632,3222.91412,1.44411,31.59587,19.501250955036596,7.264729089544766,-50.99999913003379
13.55201,14.95724,37.1228,3211.76803,1.55823,31.20389,19.025133332083453,7.087362747586111,-50.99999913003379
13.58885,14.98002,37.25809,3200.8627,1.66425,30.82046,18.540012406892522,6.906642438652738,-50.99999913003379
13.62571,15.00248,37.40144,3190.20434,1.76201,30.44582,18.04914847788508,6.723782709690191,-50.99999913003379
13.66259,15.02462,37.55212,3179.79742,1.85138,30.08016,17.555567075436773,6.539910650369891,-50.99999913003379
13.69947,15.04645,37.70938,3169.64481,1.93229,29.7236,17.062043334831362,6.356060071603247,-50.99999913003379
13.73637,15.06798,37.8725,3159.74793,2.00471,29.3762,16.571093288355442,6.173168261617805,-50.99999913003379
13.77327,15.08922,38.04074,3150.10684,2.06865,29.03798,16.084971261108112,5.992075015827845,-50.99999913003379
13.81019,15.11018,38.21339,3140.72044,2.12416,28.7089,15.60567249685726,5.813523615034925,-50.99999913003379
13.8471,15.13086,38.38974,3131.58655,2.17134,28.38888,15.134940127893815,5.638163421881991,-50.99999913003379
13.88401,15.15128,38.56911,3122.70204,2.21029,28.07782,14.674275626886919,5.466553774444421,-50.99999913003379
13.92093,15.17144,38.75083,3114.063,2.24118,27.77556,14.224951930769237,5.299168875222618,-50.99999913003379
13.95784,15.19134,38.93423,3105.66481,2.26416,27.48192,13.788028497826977,5.13640340030422,-50.99999913003379
13.99476,15.21101,39.1187,3097.50229,2.27941,27.19671,13.364367642331123,4.978578584444022,-50.99999913003379
14.03166,15.23044,39.30362,3089.56975,2.28716,26.9197,12.954651579803194,4.825948570873961,-50.99999913003379
14.06856,15.24964,39.4884,3081.86113,2.28761,26.65065,12.559399705519512,4.67870684800058,-50.99999913003379
14.10546,15.26862,39.67248,3074.37006,2.28099,26.38931,12.178985715219524,4.53699262731935,-50.99999913003379
14.14235,15.28739,39.85531,3067.08993,2.26753,26.13541,11.813654257489379,4.400897046865701,-50.99999913003379
14.17923,15.30595,40.03636,3060.01399,2.24749,25.88868,11.463536880311956,4.270469111724492,-50.99999913003379
14.2161,15.32431,40.21515,3053.13535,2.22111,25.64883,11.128667098712423,4.1457213071244325,-50.99999913003379
14.25296,15.34248,40.39119,3046.44709,2.18863,25.41559,10.808994466016358,4.026634840351968,-50.99999913003379
14.28981,15.36045,40.56403,3039.94224,2.15031,25.18867,10.504397578074247,3.913164485167068,-50.99999913003379
14.32666,15.37825,40.73324,3033.6139,2.1064,24.96778,10.214695978396001,3.80524301677908,-50.99999913003379
14.36349,15.39586,40.8984,3027.45517,2.05715,24.75264,9.93966096300643,3.7027852369396803,-50.99999913003379
14.40031,15.4133,41.05913,3021.45926,2.00279,24.54296,9.679025308078337,3.605691597742158,-50.99999913003379
14.43712,15.43058,41.21507,3015.61947,1.94358,24.33846,9.432491961504526,3.513851439460671,-50.99999913003379
14.47392,15.44769,41.36585,3009.92921,1.87976,24.13887,9.199741752754836,3.427145862674849,-50.99999913003379
14.51071,15.46464,41.51116,3004.382,1.81156,23.94392,8.980440184124257,3.345450258188415,-50.99999913003379
14.54749,15.48143,41.65068,2998.9715,1.73921,23.75333,8.77424337190432,3.2686365202718384,-50.99999913003379
14.58425,15.49807,41.78412,2993.69152,1.66293,23.56685,8.580803208431517,3.196574969661198,-50.99999913003379
14.62101,15.51457,41.91122,2988.53598,1.58296,23.38421,8.39977181634568,3.129136012886627,-50.99999913003379
14.65775,15.53092,42.03171,2983.49896,1.49949,23.20517,8.230805364927175,3.0661915639583324,-50.99999913003379
14.69448,15.54713,42.14536,2978.57467,1.41275,23.02948,8.073567315752488,3.0076162534586945,-50.99999913003379
14.7312,15.5632,42.25194,2973.75744,1.32295,22.8569,7.927731161344304,2.953288448761486,-50.99999913003379
14.7679,15.57913,42.35126,2969.04175,1.23027,22.68719,7.79298271632707,2.903091107547599,-50.99999913003379
14.8046,15.59493,42.44313,2964.42219,1.13493,22.52012,7.6690220160820095,2.8569124851039933,-50.99999913003379
14.84128,15.6106,42.52736,2959.89346,1.03711,22.35547,7.555564873225071,2.8146467141526914,-50.99999913003379
14.87795,15.62614,42.6038,2955.45037,0.937,22.19302,7.452344137470913,2.776194274183256,-50.99999913003379
14.91461,15.64155,42.6723,2951.08782,0.83478,22.03254,7.359110699819498,2.74146236553872,-50.99999913003379
14.95126,15.65684,42.73274,2946.80082,0.73063,21.87383,7.275634277481036,2.710365201820783,-50.99999913003379
14.98789,15.672,42.78499,2942.58443,0.62474,21.71667,7.201704011651971,2.682824232577091,-50.99999913003379
15.02452,15.68705,42.82896,2938.43379,0.51727,21.56086,7.137128906144116,2.6587683067021324,-50.99999913003379
15.06113,15.70197,42.86455,2934.34411,0.4084,21.4062,7.081738131050885,2.6381337855608975,-50.99999913003379
15.09773,15.71677,42.89168,2930.31063,0.29829,21.25248,7.0353812119850545,2.6208646134849265,-50.99999913003379
15.13432,15.73145,42.9103,2926.32862,0.18711,21.0995,6.997928122081774,2.6069123520458506,-50.99999913003379
15.17089,15.74601,42.92034,2922.39341,0.07503,20.94708,6.969269290762675,2.596236183320252,-50.99999913003379
15.20746,15.76046,42.92177,2918.5003,-0.03779,20.795,6.949315540313991,2.5888028862633456,-50.99999913003379
15.24401,15.77479,42.91456,2914.64461,-0.1512,20.64308,6.937997958539489,2.584586789268845,-50.99999913003379
15.28055,15.789,42.89869,2910.82168,-0.26502,20.49111,6.935267713081995,2.583569700998847,-50.99999913003379
15.31708,15.8031,42.87417,2907.02679,-0.3791,20.33891,6.94109581053367,2.5857408206460697,-50.99999913003379
15.3536,15.81708,42.84099,2903.25521,-0.49328,20.18627,6.955472801006552,2.5910966278786036,-50.99999913003379
15.3901,15.83094,42.79919,2899.50216,-0.60739,20.03301,6.978408426503639,2.5996407518488946,-50.99999913003379
15.4266,15.84468,42.74879,2895.76282,-0.72128,19.87891,7.009931209151414,2.6113838177995206,-50.99999913003379
15.46308,15.85831,42.68985,2892.0323,-0.83479,19.72378,7.050087973095035,2.626343268956568,-50.99999913003379
15.49955,15.87182,42.62241,2888.30564,-0.94774,19.56742,7.098943291631424,2.6445431605721677,-50.99999913003379
15.53601,15.88521,42.54655,2884.57781,-1.05997,19.40961,7.156578848922823,2.6660139221459946,-50.99999913003379
15.57245,15.89848,42.46236,2880.84365,-1.17132,19.25015,7.2230927033959995,2.690792083022091,-50.99999913003379
15.60888,15.91163,42.36992,2877.09795,-1.28162,19.08883,7.298598437741694,2.7189199557412995,-50.99999913003379
15.6453,15.92466,42.26934,2873.33534,-1.39069,18.92543,7.383224178167176,2.7504452706870306,-50.99999913003379
15.68171,15.93756,42.16075,2869.55037,-1.49836,18.75972,7.477111463378548,2.7854207547514145,-50.99999913003379
15.7181,15.95034,42.04429,2865.73744,-1.60445,18.59148,7.580413941620518,2.8239036459483344,-50.99999913003379
15.75448,15.96299,41.92009,2861.89081,-1.70878,18.42047,7.693295872054804,2.8659551351374493,-50.99999913003379
15.79085,15.97551,41.78832,2858.00463,-1.81117,18.24647,7.815930404805851,2.9116397252959674,-50.99999913003379
15.8272,15.9879,41.64916,2854.07288,-1.91142,18.06922,7.948497612356449,2.9610244981617213,-50.99999913003379
15.86354,16.00016,41.5028,2850.08938,-2.00935,17.88848,8.091182243516155,3.014178277527304,-50.99999913003379
15.89986,16.01228,41.34944,2846.04783,-2.10476,17.70399,8.24417117023292,3.0711706781102257,-50.99999913003379
15.93617,16.02427,41.1893,2841.94175,-2.19745,17.5155,8.407650497000171,3.1320710287309894,-50.99999913003379
15.97246,16.03611,41.02261,2837.76452,-2.28721,17.32273,8.581802302909459,3.196947158641989,-50.99999913003379
16.00873,16.04781,40.84963,2833.50934,-2.37383,17.12541,8.766800987409017,3.2658640362264157,-50.99999913003379
16.04499,16.05936,40.67062,2829.16931,-2.45711,16.92326,8.962809193010141,3.3388822500991115,-50.99999913003379
16.08122,16.07076,40.48585,2824.73734,-2.53682,16.716,9.169973281578406,3.4160563239060124,-50.99999913003379
16.11744,16.082,40.29564,2820.20624,-2.61276,16.50333,9.388418345803888,3.497432857965561,-50.99999913003379
16.15364,16.09309,40.10028,2815.5687,-2.68469,16.28496,9.618242744044197,3.58304849335393,-50.99999913003379
16.18982,16.10401,39.90011,2810.81729,-2.75239,16.06058,9.85951215548174,3.6729276972946887,-50.99999913003379
16.22598,16.11477,39.69547,2805.9445,-2.81563,15.8299,10.112253163371923,3.767080372749926,-50.99999913003379
16.26212,16.12536,39.48673,2800.94278,-2.87419,15.59259,10.376446387490606,3.8654993000762223,-50.99999913003379
16.29823,16.13577,39.27426,2795.80453,-2.92783,15.34836,10.652019202813939,3.968157424541315,-50.99999913003379
16.33431,16.14601,39.05845,2790.52214,-2.97633,15.09689,10.938838100004658,4.075005010404232,-50.99999913003379
16.37038,16.15605,38.83972,2785.08806,-3.01947,14.83787,11.236700764493882,4.1859666901648485,-50.99999913003379
16.40641,16.16591,38.61848,2779.49481,-3.05701,14.57099,11.545327974690876,4.300938446433851,-50.99999913003379
16.44241,16.17557,38.39518,2773.73501,-3.08874,14.29595,11.86435544567091,4.419784573491869,-50.99999913003379
16.47839,16.18503,38.17026,2767.80148,-3.11444,14.01244,12.193325772245196,4.542334675871021,-50.99999913003379
16.51433,16.19429,37.94421,2761.68726,-3.13391,13.72019,12.531680653754368,4.668380771885918,-50.99999913003379
16.55023,16.20333,37.71748,2755.38569,-3.14696,13.4189,12.878753611196895,4.797674580572374,-50.99999913003379
16.5861,16.21215,37.49058,2748.89045,-3.15339,13.1083,13.23376343425897,4.9299250805336134,-50.99999913003379
16.62193,16.22075,37.26401,2742.19565,-3.15304,12.78816,13.595808619871002,5.064796438156243,-50.99999913003379
16.65772,16.22911,37.03827,2735.29591,-3.14576,12.45824,13.963863083171729,5.201906409831521,-50.99999913003379
16.69347,16.23724,36.81387,2728.1864,-3.13141,12.11833,14.336773434530365,5.340825327574477,-50.99999913003379
16.72917,16.24512,36.59135,2720.86295,-3.10987,11.76824,14.71325812022993,5.481075778905823,-50.99999913003379
16.76481,16.25276,36.37122,2713.32212,-3.08106,11.40782,15.09190871759776,5.622133089322165,-50.99999913003379
16.80041,16.26014,36.15401,2705.56126,-3.04492,11.03695,15.471193655954654,5.763426708447449,-50.99999913003379
16.83595,16.26725,35.94025,2697.5786,-3.00142,10.65554,15.849464600947497,5.904342588364853,-50.99999913003379
16.87144,16.2741,35.73044,2689.37334,-2.95054,10.26355,16.22496569081321,6.044226624368126,-50.99999913003379
16.90686,16.28067,35.52512,2680.94564,-2.89234,9.86096,16.595845748270666,6.182389204212644,-50.99999913003379
16.94221,16.28695,35.32477,2672.29679,-2.82687,9.44782,16.960173511730904,6.318110882141967,-50.99999913003379
16.9775,16.29295,35.1299,2663.42915,-2.75425,9.02422,17.315955835910877,6.450649159095351,-50.99999913003379
17.01271,16.29866,34.94098,2654.34627,-2.67461,8.59028,17.661158707311944,6.579246311526439,-50.99999913003379
17.04784,16.30406,34.75846,2645.05287,-2.58817,8.1462,17.993730808276744,6.7031381696344425,-50.99999913003379
17.0829,16.30916,34.58279,2635.55487,-2.49514,7.69221,18.31162924931953,6.82156370333427,-50.99999913003379
17.11786,16.31396,34.41438,2625.85939,-2.39579,7.22861,18.612846978928278,6.9337752331289835,-50.99999913003379
17.15274,16.31843,34.25362,2615.97473,-2.29045,6.75574,18.895441279212893,7.039049045488542,-50.99999913003379
17.18752,16.32259,34.10085,2605.91033,-2.17948,6.27399,19.157562671086872,7.136696160790501,-50.99999913003379
17.2222,16.32643,33.95641,2595.67673,-2.06326,5.78382,19.39748349043843,7.226072978695639,-50.99999913003379
17.25678,16.32993,33.82059,2585.2855,-1.94224,5.28571,19.613625361756288,7.306591512796442,-50.99999913003379
17.29124,16.33311,33.69363,2574.74916,-1.81688,4.78022,19.804584792389754,7.37772892515242,-50.99999913003379
17.3256,16.33596,33.57575,2564.08108,-1.68768,4.2679,19.969156140846362,7.439036082585291,-50.99999913003379
17.35984,16.33848,33.46713,2553.29539,-1.55519,3.7494,20.106351276613776,7.490144880479929,-50.99999913003379
17.39395,16.34065,33.3679,2542.40683,-1.41995,3.22535,20.215415344894215,7.530774115562736,-50.99999913003379
17.42794,16.3425,33.27815,2531.43064,-1.28254,2.69644,20.29583817309789,7.560733735120567,-50.99999913003379
17.4618,16.34417,33.20639,2520.35446,-0.88745,2.70093,20.322699644358725,7.570740339933073,0.0
17.4955,16.34584,33.16099,2509.18431,-0.49137,2.70534,20.27202014404911,7.551860892609835,0.0
17.52906,16.3475,33.14172,2497.96315,-0.09689,2.70967,20.145684093402117,7.504797389642279,0.0
17.56247,16.34916,33.14815,2486.73311,0.29345,2.71393,19.946939588672283,7.4307598323477775,0.0
17.59573,16.35082,33.17971,2475.53486,0.67718,2.71812,19.68019104620116,7.331388981700724,0.0
17.62884,16.35247,33.23566,2464.40691,1.05198,2.72223,19.350817430986105,7.208688643691724,0.0
17.66179,16.35411,33.31513,2453.38514,1.41569,2.72627,18.964966321408305,7.064948953020289,0.0
17.69459,16.35575,33.41715,2442.50235,1.76634,2.73024,18.529336340722914,6.9026653231003525,0.0
17.72724,16.35739,33.54061,2431.78796,2.10219,2.73415,18.050959877477595,6.724457503699195,0.0
17.75974,16.35902,33.68435,2421.26784,2.42171,2.73799,17.536996545982852,6.5329926395282705,0.0
17.79209,16.36065,33.84711,2410.96426,2.7236,2.74178,16.994545772203438,6.330915453556588,0.0
17.82429,16.36227,34.0276,2400.89582,3.0068,2.74551,16.4304845184118,6.120787795174402,0.0
17.85636,16.36388,34.22448,2391.07766,3.27048,2.7492,15.851333749742818,5.905038895471375,0.0
17.88828,16.36549,34.43638,2381.52155,3.51404,2.75283,15.26315501546581,5.685926841039285,0.0
17.92007,16.3671,34.66193,2372.23616,3.73706,2.75642,14.671476620120876,5.46551107077777,0.0
17.95173,16.3687,34.89977,2363.2273,3.93933,2.75998,14.081247379801168,5.245635148892713,0.0
17.98326,16.3703,35.14855,2354.49822,4.12082,2.7635,13.496814921059183,5.027918680667862,0.0
18.01467,16.3719,35.40691,2346.04988,4.28162,2.76699,12.921924861294329,4.813757007137621,0.0
18.04596,16.37349,35.67358,2337.88128,4.42199,2.77045,12.359736954690593,4.6043272198736584,0.0
18.07714,16.37508,35.94726,2329.98971,4.54229,2.7739,11.812854324625423,4.400599050826377,0.0
18.1082,16.37666,36.22674,2322.37106,4.64297,2.77733,11.283362154395961,4.203349285638432,0.0
18.13916,16.37824,36.51084,2315.02006,4.72457,2.78074,10.772872599867375,4.013178494787973,0.0
18.17002,16.37982,36.79841,2307.93051,4.78768,2.78415,10.282573156633605,3.830529051628634,0.0
18.20079,16.3814,37.08837,2301.09549,4.83296,2.78755,9.813276209494637,3.6557035908735376,0.0
18.23146,16.38297,37.37968,2294.50754,4.86109,2.79095,9.365467975610434,3.4888832412079167,0.0
18.26204,16.38454,37.67136,2288.15884,4.87278,2.79436,8.939355498886952,3.330145131934391,0.0
18.29253,16.38611,37.96247,2282.04135,4.86874,2.79777,8.534910746597431,3.179478820124657,0.0
18.32295,16.38768,38.25213,2276.14689,4.84972,2.80119,8.15191119300868,3.0368014090880977,0.0
18.35329,16.38924,38.53949,2270.46728,4.81643,2.80462,7.789976547598083,2.901971230598991,0.0
18.38355,16.3908,38.82378,2264.9944,4.76959,2.80806,7.448601500772715,2.7748000435384794,0.0
18.41374,16.39237,39.10425,2259.72028,4.70992,2.81153,7.1271845232103725,2.6550637624068507,0.0
18.44387,16.39393,39.3802,2254.63709,4.6381,2.81501,6.825052873278258,2.542511773244991,0.0
18.47393,16.39549,39.65098,2249.73725,4.55481,2.81852,6.5414840477139435,2.43687492457744,0.0
18.50393,16.39704,39.91598,2245.01341,4.4607,2.82205,6.275723961053841,2.33787229972783,0.0
18.53387,16.3986,40.17461,2240.4585,4.35639,2.82561,6.0270021657450465,2.2452168867110087,0.0
18.56375,16.40016,40.42636,2236.06571,4.2425,2.8292,5.794544433294953,2.158620265042302,0.0
18.59358,16.40171,40.67071,2231.82851,4.11961,2.83282,5.577583011934894,2.077796426987117,0.0
18.62335,16.40327,40.90721,2227.74066,3.98827,2.83648,5.375364862279563,2.0024648455607683,0.0
18.65308,16.40483,41.13541,2223.79621,3.84903,2.84017,5.187158152397411,1.932352894113097,0.0
18.68276,16.40638,41.35491,2219.98945,3.70238,2.8439,5.012257270187733,1.8671977135708182,0.0
18.71239,16.40794,41.56535,2216.31494,3.54882,2.84766,4.84998658578593,1.806747614032478,0.0
18.74198,16.40949,41.76636,2212.76751,3.38882,2.85147,4.699703171285346,1.7507630879363953,0.0
18.77153,16.41105,41.95764,2209.34221,3.22281,2.85531,4.560798660322234,1.6990175028049919,0.0
18.80103,16.4126,42.13889,2206.03429,3.05123,2.8592,4.432700406758575,1.6512975328846284,0.0
18.8305,16.41416,42.30983,2202.83924,2.87448,2.86313,4.31487208000319,1.6074033809183852,0.0
18.85992,16.41571,42.47021,2199.75271,2.69295,2.8671,4.206813814887888,1.5671488339788655,0.0
18.88931,16.41727,42.61981,2196.77055,2.50701,2.87113,4.108062016362393,1.5303611907119217,0.0
18.91867,16.41883,42.75842,2193.88874,2.31702,2.87519,4.0181889036028915,1.4968810915050934,0.0
18.94799,16.42039,42.88584,2191.10342,2.12333,2.87931,3.936801864432741,1.4665622779923322,0.0
18.97727,16.42194,43.00191,2188.41085,1.92625,2.88347,3.8635426789565677,1.4392713038372786,0.0
19.00653,16.4235,43.10647,2185.80739,1.72611,2.88767,3.798086661018519,1.4148872149038714,0.0
19.03575,16.42506,43.19939,2183.28951,1.52321,2.89193,3.7401417572026907,1.3933012136102976,0.0
19.06494,16.42662,43.28054,2180.85374,1.31786,2.89624,3.6894476355139063,1.374416319438608,0.0
19.0941,16.42819,43.34983,2178.49669,1.11033,2.9006,3.645774789447786,1.3581470351772402,0.0
19.12323,16.42975,43.40716,2176.215,0.90092,2.905,3.6089236776634963,1.3444190264264864,0.0
19.15234,16.43131,43.45246,2174.00536,0.68989,2.90946,3.5787239148292147,1.3331688201671337,0.0
19.18141,16.43288,43.48567,2171.86447,0.47752,2.91397,3.555033525274224,1.3243435267262358,0.0
19.21046,16.43445,43.50675,2169.78902,0.26406,2.91853,3.537738267667682,1.3179005882021835,0.0
19.23948,16.43602,43.51566,2167.77572,0.04979,2.92314,3.5267510360396788,1.3138075553292894,0.0
19.26847,16.43758,43.5124,2165.82123,-0.16505,2.92781,3.522011339878675,1.312041893800404,0.0
19.29744,16.43916,43.49695,2163.92218,-0.38019,2.93252,3.523484863727019,1.312590820204658,0.0
19.32638,16.44073,43.46933,2162.07515,-0.59538,2.93728,3.531163104544515,1.31545116693585,0.0
19.3553,16.4423,43.42956,2160.27665,-0.81036,2.9421,3.5450630830688215,1.3206292746666002,0.0
19.38419,16.44388,43.37768,2158.5231,-1.02487,2.94697,3.5652271233351964,1.3281409102136548,0.0
19.41305,16.44545,43.31375,2156.81083,-1.23866,2.95189,3.5917226924302725,1.3380112068419507,0.0
19.44189,16.44703,43.23784,2155.13606,-1.45145,2.95686,3.6246422902947675,1.350274623213224,0.0
19.47071,16.44861,43.15002,2153.49488,-1.66298,2.96188,3.66410337695328,1.3649749162771982,0.0
19.4995,16.45019,43.05039,2151.88325,-1.87299,2.96696,3.7102483218268807,1.3821651223891864,0.0
19.52827,16.45178,42.93906,2150.29696,-2.08117,2.97208,3.763244356726549,1.4019075397989123,0.0
19.55701,16.45336,42.81616,2148.73164,-2.28726,2.97725,3.823283510667337,1.4242737043670701,0.0
19.58573,16.45495,42.68184,2147.18271,-2.49096,2.98248,3.8905825007279895,1.4493443489076627,0.0
19.61442,16.45654,42.53626,2145.6454,-2.69196,2.98775,3.965382548727222,1.4772093348950885,0.0
19.64309,16.45813,42.37959,2144.11474,-2.88996,2.99307,4.047949088496081,1.507967543415397,0.0
19.67174,16.45972,42.21202,2142.58549,-3.08462,2.99843,4.138571322920816,1.5417267101531027,0.0
19.70036,16.46131,42.03378,2141.05218,-3.27561,3.00385,4.237561583688873,1.5786031868797197,0.0
19.72895,16.46291,41.84509,2139.50907,-3.46258,3.00931,4.345254439855674,1.6187216093714345,0.0
19.75752,16.4645,41.64621,2137.95013,-3.64518,3.01481,4.462005493920427,1.6622144489156672,0.0
19.78606,16.4661,41.43741,2136.36904,-3.82302,3.02036,4.588189796221217,1.7092214216315231,0.0
19.81458,16.4677,41.21899,2134.75917,-3.99571,3.02596,4.724199800196758,1.7598887267509944,0.0
19.84307,16.46931,40.99126,2133.11355,-4.16284,3.03159,4.870442772701046,1.8143680818930297,0.0
19.87153,16.47091,40.75457,2131.42489,-4.32399,3.03727,5.027337565338045,1.872815520300755,0.0
19.89997,16.47252,40.50928,2129.68556,-4.47872,3.04298,5.1953106451960585,1.9353899121855886,0.0
19.92837,16.47412,40.25579,2127.88755,-4.62657,3.04874,5.374791276851754,2.0022511698969683,0.0
19.95675,16.47573,39.99451,2126.02252,-4.76706,3.05453,5.56620574288547,2.0735580949122414,0.0
19.9851,16.47734,39.72589,2124.08176,-4.89969,3.06035,5.769970488205827,2.1494658239171933,0.0
20.01341,16.47896,39.45041,2122.0562,-5.02395,3.06621,5.986484075283718,2.230122831919042,0.0
20.0417,16.48057,39.16857,2119.93644,-5.13932,3.0721,6.21611784418102,2.3156674528613803,0.0
20.06995,16.48219,38.88089,2117.71273,-5.24525,3.07803,6.459205184491028,2.4062238831397207,0.0
20.09816,16.4838,38.58796,2115.37502,-5.34118,3.08397,6.716029347459912,2.501897641296049,0.0
20.12635,16.48542,38.29036,2112.91296,-5.42654,3.08995,6.986809757412489,2.6027704686647617,0.0
20.15449,16.48704,37.98872,2110.31598,-5.50075,3.09595,7.271686823741407,2.708894671439013,0.0
20.1826,16.48866,37.68371,2107.57328,-5.56322,3.10197,7.570705309780289,2.8202869251383715,0.0
20.21067,16.49029,37.37601,2104.67394,-5.61336,3.108,7.88379638398084,2.9369215882000312,0.0
20.2387,16.49191,37.06635,2101.60696,-5.65058,3.11405,8.210758562945113,3.058723602756909,0.0
20.26669,16.49353,36.75549,2098.36132,-5.6743,3.12012,8.551237854601489,3.1855610974482347,0.0
20.29463,16.49516,36.4442,2094.92614,-5.68395,3.1262,8.90470752231208,3.317237849017121,0.0
20.32252,16.49679,36.13331,2091.29071,-5.67897,3.13228,9.270448014004806,3.4534858053841626,0.0
20.35037,16.49841,35.82366,2087.44467,-5.65885,3.13837,9.647527730347537,3.593957921286288,0.0
20.37817,16.50004,35.51611,2083.3781,-5.6231,3.14445,10.034785435754117,3.7382216059137057,0.0
20.40592,16.50167,35.21154,2079.08166,-5.57127,3.15054,10.430815237156843,3.8857531271074253,0.0
20.43361,16.5033,34.91088,2074.5468,-5.50298,3.15662,10.833955156933849,4.035933354474038,0.0
20.46124,16.50492,34.61502,2069.76585,-5.41792,3.16268,11.242280395432276,4.188045249498326,0.0
20.48881,16.50655,34.32491,2064.73222,-5.31583,3.16874,11.653602401384752,4.341273519248945,0.0
20.51632,16.50818,34.04147,2059.44056,-5.19656,3.17478,12.065474830688608,4.4947068361804625,0.0
20.54377,16.50981,33.76563,2053.88694,-5.06006,3.1808,12.475207363258196,4.647342985274393,0.0
20.57114,16.51143,33.49831,2048.06897,-4.90637,3.18679,12.879888153522902,4.798097227440417,0.0
20.59845,16.51306,33.24043,2041.98598,-4.73568,3.19276,13.27641540834637,4.945814063122149,0.0
20.62568,16.51468,32.99285,2035.63914,-4.54828,3.19869,13.661538218541596,5.089282443110864,0.0
20.65283,16.51631,32.75643,2029.03153,-4.3446,3.2046,14.031906327491663,5.227254308666202,0.0
20.6799,16.51793,32.53198,2022.16828,-4.12522,3.21046,14.384128022772208,5.358466157668766,0.0
20.70688,16.51955,32.32027,2015.05653,-3.89086,3.21628,14.714834813505927,5.481663138636428,0.0
20.73378,16.52116,32.12201,2007.70551,-3.64238,3.22206,15.020751044943585,5.5956249839874355,0.0
20.76058,16.52278,31.93784,2000.12646,-3.38077,3.22779,15.298766145134705,5.699192923826163,0.0
20.78729,16.52439,31.76834,1992.33255,-3.10718,3.23347,15.546006840430845,5.791296588118183,0.0
20.8139,16.526,31.61402,1984.33881,-2.82287,3.2391,15.759906457314493,5.87097982344498,0.0
20.84041,16.52761,31.47529,1976.16192,-2.52921,3.24467,15.938268379189235,5.93742433232793,0.0
20.86682,16.52921,31.3525,1967.82003,-2.22769,3.25019,16.079320866434024,5.989970095140915,0.0
20.89312,16.53081,31.24588,1959.33256,-1.91987,3.25565,16.181760777483227,6.028131657363022,0.0
20.91931,16.53241,31.15561,1950.71989,-1.60738,3.26106,16.24478423083879,6.051609551984826,0.0
20.94539,16.534,31.08173,1942.00319,-1.29191,3.2664,16.268102888688592,6.060296365584691,0.0
20.97135,16.53559,31.02423,1933.20402,-0.97515,3.27168,16.251945273281216,6.054277228712996,0.0
20.9972,16.53717,30.98298,1924.34414,-0.65881,3.2769,16.197043290436536,6.033824795545245,0.0
21.02293,16.53875,30.95777,1915.4452,-0.34459,3.28207,16.10460487048271,5.999389051911235,0.0
21.04854,16.54032,30.94831,1906.52848,-0.03413,3.28717,15.976274289775155,5.951582534016877,0.0
21.07403,16.54189,30.95422,1897.61465,0.27097,3.29221,15.814082260466428,5.891161735570247,0.0
21.09941,16.54346,30.97507,1888.72354,0.56918,3.2972,15.620388240672014,5.819005616800445,0.0
21.12466,16.54502,31.01033,1879.87397,0.85908,3.30213,15.397817607454542,5.736092199741127,0.0
21.14979,16.54658,31.05942,1871.08359,1.13933,3.30701,15.149196352848499,5.643474240781465,0.0
21.1748,16.54813,31.12172,1862.36876,1.40871,3.31183,14.877485825210758,5.54225492010216,0.0
21.19969,16.54967,31.19654,1853.74445,1.66613,3.31661,14.585719772306822,5.43356438856857,0.0
21.22447,16.55121,31.28317,1845.2242,1.91061,3.32134,14.276945583321933,5.31853787883383,0.0
21.24912,16.55275,31.38085,1836.82009,2.1413,3.32602,13.954171211688525,5.198295932695541,0.0
21.27366,16.55428,31.4888,1828.54274,2.35748,3.33066,13.620318825050004,5.0739271344877315,0.0
21.29809,16.55581,31.60623,1820.40132,2.55856,3.33527,13.2781858038359,4.946473582023907,0.0
21.3224,16.55733,31.73232,1812.40363,2.74407,3.33984,12.930413321142957,4.816919181776056,0.0
21.34661,16.55885,31.86626,1804.55616,2.91365,3.34437,12.579462400855592,4.686180729894555,0.0
21.3707,16.56036,32.00723,1796.86413,3.06705,3.34888,12.227597078750971,4.555101639276766,0.0
21.39469,16.56187,32.15441,1789.3316,3.20412,3.35336,11.876874086191249,4.424448096470952,0.0
21.41858,16.56337,32.30699,1781.96158,3.32483,3.35782,11.529138335884644,4.2949073800034965,0.0
21.44237,16.56487,32.46419,1774.75609,3.42921,3.36226,11.186023408853428,4.167088041787303,0.0
21.46605,16.56637,32.62521,1767.7163,3.51738,3.36668,10.848956212279278,4.04152164229173,0.0
21.48964,16.56786,32.78929,1760.84256,3.58952,3.3711,10.519164990047086,3.918665734680944,0.0
21.51314,16.56935,32.95569,1754.13456,3.64588,3.3755,10.19768991155919,3.798907809425819,0.0
21.53655,16.57084,33.12369,1747.59137,3.68677,3.3799,9.8853955303876,3.6825699354797035,0.0
21.55987,16.57232,33.29258,1741.21155,3.71253,3.38429,9.582984484176933,3.5699138638527246,0.0
21.58311,16.5738,33.4617,1734.9932,3.72356,3.38869,9.291011893910564,3.4611463917173015,0.0
21.60626,16.57527,33.6304,1728.93407,3.72026,3.39309,9.009900008654855,3.356424817960697,0.0
21.62933,16.57674,33.79805,1723.03156,3.70308,3.39749,8.739952726770957,3.2558623527184856,0.0
21.65232,16.57821,33.96405,1717.28285,3.6725,3.40191,8.481369703668099,3.1595333728838573,0.0
21.67524,16.57968,34.12785,1711.68489,3.629,3.40633,8.23425982726674,3.0674784420721948,0.0
21.69808,16.58114,34.28891,1706.23447,3.57306,3.41077,7.998653904703781,2.9797090367525785,0.0
21.72086,16.58261,34.44669,1700.92827,3.5052,3.41523,7.774516456988668,2.8962119400675186,0.0
21.74356,16.58407,34.60073,1695.76286,3.42592,3.41971,7.56175656259108,2.816953281354682,0.0
21.7662,16.58552,34.75055,1690.73474,3.33574,3.42421,7.3602377268175205,2.7418822127493487,0.0
21.78877,16.58698,34.89572,1685.8404,3.23515,3.42873,7.169786782155468,2.670934224796793,0.0
21.81128,16.58843,35.03583,1681.07627,3.12468,3.43328,6.990201846317739,2.6040341110331973,0.0
21.83373,16.58988,35.1705,1676.4388,3.00481,3.43786,6.821259380548026,2.541098597390178,0.0
21.85612,16.59133,35.29935,1671.92441,2.87606,3.44246,6.662720401717789,2.482038656364329,0.0
21.87845,16.59278,35.42206,1667.52957,2.73891,3.4471,6.514335908655738,2.42676152846773,0.0
21.90073,16.59423,35.5383,1663.25074,2.59384,3.45177,6.375851586893639,2.375172474869547,0.0
21.92295,16.59568,35.64778,1659.0844,2.44134,3.45648,6.247011857173013,2.327176285571302,0.0
21.94512,16.59712,35.75022,1655.02708,2.28187,3.46122,6.127563332291652,2.2826785671731535,0.0
21.96724,16.59856,35.84538,1651.0753,2.1159,3.466,6.017257744627959,2.241586833453743,0.0
21.98931,16.60001,35.93303,1647.22561,1.94387,3.47082,5.915854403439688,2.2038114207786292,0.0
22.01133,16.60145,36.01294,1643.4746,1.76624,3.47568,5.823122237046884,2.169266248867167,0.0
22.0333,16.60289,36.08493,1639.81884,1.58344,3.48058,5.738841470654063,2.1378694458254155,0.0
22.05522,16.60433,36.14882,1636.25494,1.39591,3.48553,5.662804985888946,2.1095438546100884,0.0
22.0771,16.60577,36.20446,1632.77948,1.20405,3.49051,5.594819403502153,2.0842174363626778,0.0
22.09893,16.6072,36.25171,1629.38908,1.0083,3.49554,5.534705925993543,2.0618235843099346,0.0
22.12072,16.60864,36.29044,1626.0803,0.80907,3.50062,5.482300972416443,2.042301360245151,0.0
22.14247,16.61008,36.32056,1622.84974,0.60675,3.50574,5.437456633285194,2.025595663993186,0.0
22.16418,16.61152,36.34197,1619.69392,0.40176,3.51091,5.4000409693576055,2.0116573447147923,0.0
22.18584,16.61295,36.35461,1616.60936,0.19448,3.51612,5.369938174176598,2.000443261457656,0.0
22.20746,16.61439,36.35842,1613.59254,-0.01468,3.52138,5.347048616559406,1.991916298984745,0.0
22.22905,16.61582,36.35336,1610.63988,-0.22534,3.52668,5.331288775768895,1.9860453436239123,0.0
22.25059,16.61726,36.33941,1607.74774,-0.43711,3.53204,5.322591078823877,1.9828052226617134,0.0
22.27209,16.6187,36.31657,1604.91243,-0.6496,3.53744,5.320903646357748,1.9821766096690598,0.0
22.29356,16.62013,36.28483,1602.13018,-0.86243,3.54289,5.326189950505725,1.9841458970552142,0.0
22.31499,16.62157,36.24423,1599.39712,-1.0752,3.54839,5.3384283855534145,1.9887050361230851,0.0
22.33638,16.623,36.19481,1596.70931,-1.28753,3.55393,5.357611749475614,1.9958513439287866,0.0
22.35773,16.62444,36.13662,1594.06272,-1.49904,3.55953,5.383746631960359,2.005587275304498,0.0
22.37904,16.62587,36.06973,1591.45318,-1.70933,3.56517,5.416852702153302,2.0179201575245007,0.0
22.40032,16.62731,35.99424,1588.87643,-1.91801,3.57085,5.456961887072831,2.032861884243195,0.0
22.42156,16.62874,35.91024,1586.32808,-2.12468,3.57659,5.504117429448095,2.050428564514973,0.0
22.44277,16.63018,35.81784,1583.80363,-2.32896,3.58237,5.558372811761678,2.0706401219718074,0.0
22.46394,16.63161,35.7172,1581.29842,-2.53042,3.58819,5.619790531316688,2.093519838503507,0.0
22.48507,16.63305,35.60846,1578.80767,-2.72868,3.59406,5.688440709519939,2.119093836179117,0.0
22.50616,16.63448,35.49178,1576.32643,-2.92331,3.59998,5.764399517076314,2.147390490590378,0.0
22.52722,16.63592,35.36735,1573.84964,-3.1139,3.60594,5.84774739565242,2.178439768374647,0.0
22.54825,16.63735,35.23537,1571.37204,-3.30002,3.61194,5.938567055813517,2.2122724813937316,0.0
22.56923,16.63879,35.09606,1568.88826,-3.48126,3.61798,6.036941230738054,2.248919449933443,0.0
22.59018,16.64022,34.94965,1566.39276,-3.65717,3.62407,6.142950165553497,2.2884105674151396,0.0
22.61109,16.64166,34.7964,1563.87983,-3.82733,3.63019,6.256668823181582,2.330773759499562,0.0
22.63197,16.6431,34.63658,1561.34364,-3.99129,3.63636,6.378163789540915,2.3760338311933706,0.0
22.6528,16.64453,34.47047,1558.77818,-4.1486,3.64256,6.507489863949226,2.424211196684276,0.0
22.6736,16.64597,34.29838,1556.17732,-4.29881,3.64879,6.644686324794712,2.4753204882053605,0.0
22.69436,16.6474,34.12063,1553.53481,-4.44148,3.65506,6.789772866204628,2.52936904233721,0.0
22.71508,16.64884,33.93757,1550.84426,-4.57614,3.66136,6.942745208651616,2.586355264843281,0.0
22.73576,16.65028,33.74956,1548.09919,-4.70235,3.6677,7.103570395437902,2.6462668784865095,0.0
22.7564,16.65171,33.55697,1545.29301,-4.81965,3.67406,7.272181797843688,2.7090790623156646,0.0
22.777,16.65315,33.36019,1542.41909,-4.92758,3.68045,7.4484738645551,2.7747524956891065,0.0
22.79756,16.65458,33.15964,1539.47076,-5.0257,3.68686,7.632296665765207,2.8432313258088615,0.0
22.81808,16.65602,32.95575,1536.44131,-5.11358,3.6933,7.823450299050891,2.9144410837625703,0.0
22.83855,16.65745,32.74896,1533.32406,-5.19078,3.69976,8.021679242473978,2.988286580905075,0.0
22.85898,16.65889,32.53974,1530.11239,-5.25688,3.70624,8.226666760083578,3.064649824760845,0.0
22.87937,16.66032,32.32855,1526.79976,-5.31149,3.71273,8.438029485541882,3.1433880012820716,0.0
22.8997,16.66176,32.11589,1523.37978,-5.35422,3.71924,8.655312330235214,3.2243315779860584,0.0
22.92,16.66319,31.90227,1519.84623,-5.38472,3.72576,8.877983882142683,3.30728258991273,0.0
22.94024,16.66462,31.68819,1516.19312,-5.40266,3.73229,9.1054324796159,3.3920131770042765,0.0
22.96043,16.66605,31.47417,1512.41475,-5.40774,3.73883,9.336963159036843,3.478264447027391,0.0
22.98058,16.66748,31.26076,1508.50577,-5.39971,3.74537,9.571795685341334,3.565745741891448,0.0
23.00067,16.66891,31.04849,1504.46121,-5.37834,3.75191,9.809063878219334,3.654134386640381,0.0
23.0207,16.67034,30.8379,1500.27656,-5.34346,3.75845,10.047816442863665,3.7430759989284446,0.0
23.04069,16.67177,30.62953,1495.94785,-5.29495,3.76498,10.287019500797525,3.83218543182005,0.0
23.06061,16.6732,30.42392,1491.47166,-5.23275,3.77151,10.525560992619548,3.921048413928143,0.0
23.08048,16.67462,30.22163,1486.84521,-5.15686,3.77802,10.762257089196499,4.009223937752176,0.0
23.10029,16.67605,30.02318,1482.0664,-5.06734,3.78453,10.995860701003215,4.096247429631124,0.0
23.12004,16.67747,29.82909,1477.13387,-4.96433,3.79102,11.225072116881362,4.181634712961052,0.0
23.13972,16.67889,29.63987,1472.04705,-4.84803,3.79748,11.448551734950536,4.264886750794459,0.0
23.15934,16.6803,29.45603,1466.80616,-4.71872,3.80393,11.66493477149951,4.345495125289294,0.0
23.17889,16.68172,29.27803,1461.41229,-4.57676,3.81035,11.872847751530058,4.422948180870417,0.0
23.19837,16.68313,29.10633,1455.86738,-4.4226,3.81675,12.070926500765632,4.496737726726225,0.0
23.21779,16.68454,28.94137,1450.17426,-4.25675,3.82312,12.25783527791655,4.566366164080849,0.0
23.23713,16.68595,28.78354,1444.33661,-4.07982,3.82946,12.43228661257371,4.631353876331505,0.0
23.2564,16.68735,28.63321,1438.35899,-3.89247,3.83576,12.593061353149503,4.691246697434005,0.0
23.27559,16.68876,28.49072,1432.2468,-3.69547,3.84202,12.739028385649615,4.745623257664066,0.0
23.2947,16.69015,28.35637,1426.00623,-3.48963,3.84825,12.869163461443788,4.794101997457315,0.0
23.31373,16.69155,28.23041,1419.64423,-3.27584,3.85444,12.982566573678204,4.836347640580095,0.0
23.33268,16.69294,28.11306,1413.16845,-3.05505,3.86059,13.078477349112402,4.8720769279937155,0.0
0.04677,0.04677,58.19184,4947.83576,-0.55215,45.00011,2.3319683678401697,0.8687195748009859,0.0
0.09353,0.09353,58.11697,4946.67215,-0.60396,45.00027,2.35554639329905,0.8775030096596055,0.0
0.14028,0.14028,58.03543,4945.50771,-0.65539,45.00049,2.381593744058902,0.887206333164696,0.0
0.18702,0.18702,57.94729,4944.34095,-0.70639,45.00076,2.4101665117619717,0.8978504409288537,0.0
0.23375,0.23375,57.85259,4943.17033,-0.75692,45.00109,2.441325827607371,0.9094581059322067,0.0
0.28047,0.28047,57.75141,4941.99425,-0.80693,45.00148,2.4751378626217195,0.9220539786232356,0.0
0.32717,0.32718,57.64382,4940.81109,-0.85638,45.00192,2.5116738161572902,0.9356645826340293,0.0
0.37387,0.37388,57.5299,4939.61915,-0.90522,45.00242,2.5510098893359374,0.9503183048874511,0.0
0.42055,0.42057,57.40973,4938.41668,-0.9534,45.00297,2.5932272397715503,0.9660453787300596,0.0
0.46722,0.46725,57.28341,4937.20188,-1.00087,45.00358,2.638411913420744,0.9828778585446996,0.0
0.51388,0.51391,57.15104,4935.97288,-1.04758,45.00425,2.686654748959125,1.0008495841281442,0.0
0.56053,0.56057,57.01272,4934.72776,-1.09347,45.00497,2.7380512495348257,1.019996132915911,0.0
0.60716,0.60722,56.86857,4933.4645,-1.13848,45.00575,2.792701416218971,1.0403547579381816,0.0
0.65378,0.65385,56.71869,4932.18103,-1.18257,45.00658,2.8507095368786457,1.061964309169423,0.0
0.70039,0.70048,56.56323,4930.87521,-1.22567,45.00746,2.912183923602403,1.0848651357124846,0.0
0.74699,0.74709,56.40232,4929.54481,-1.26773,45.0084,2.9772365911758616,1.1090989660222952,0.0
0.79358,0.79369,56.2361,4928.18753,-1.30867,45.0094,3.045982868479813,1.1347087631414352,0.0
0.84015,0.84029,56.06471,4926.80099,-1.34844,45.01044,3.1185409340500376,1.1617385516839476,0.0
0.8867,0.88687,55.88833,4925.38271,-1.38696,45.01155,3.195031266435529,1.1902332130793136,0.0
0.93326,0.93342,55.70601,4923.93223,-1.44141,44.97208,3.2760905724345344,1.2204299373626448,-45.99999921532459
0.97984,0.97992,55.51679,4922.44864,-1.49491,44.9316,3.3624205927541673,1.2525901414112495,-45.99999921532459
1.02644,1.02639,55.32081,4920.9287,-1.54741,44.89005,3.45426127821154,1.2868032132179887,-45.99999921532459
1.07306,1.0728,55.11819,4919.36898,-1.59883,44.84734,3.5518627480645155,1.3231623287874499,-45.99999921532459
1.11969,1.11916,54.90909,4917.76593,-1.6491,44.80342,3.6554871685955495,1.3617651519578577,-45.99999921532459
1.16635,1.16547,54.69367,4916.11581,-1.69815,44.75818,3.765408493389572,1.402713737647751,-45.99999921532459
1.21303,1.21173,54.47209,4914.41469,-1.74591,44.71156,3.881912060701335,1.4461143818647266,-45.99999921532459
1.25974,1.25794,54.24454,4912.65849,-1.79229,44.66347,4.005294022517286,1.4920774090159643,-45.99999921532459
1.30646,1.30409,54.01121,4910.84292,-1.83721,44.61382,4.135860577155313,1.5407168860314386,-45.99999921532459
1.35321,1.35019,53.77229,4908.9635,-1.88058,44.5625,4.273926974393166,1.5921502517480846,-45.99999921532459
1.39999,1.39622,53.528,4907.01554,-1.92232,44.50943,4.419816259224465,1.6464978489258484,-45.99999921532459
1.44678,1.4422,53.27856,4904.99417,-1.96232,44.45449,4.573857717553993,1.703882345228297,-45.99999921532459
1.49361,1.48811,53.0242,4902.89428,-2.00048,44.39759,4.736384984495221,1.7644280285136662,-45.99999921532459
1.54046,1.53396,52.76519,4900.71057,-2.03671,44.33861,4.907733773576944,1.8282599609045869,-45.99999921532459
1.58734,1.57973,52.50178,4898.43751,-2.07089,44.27742,5.088239183315792,1.8955029754154749,-45.99999921532459
1.63425,1.62544,52.23426,4896.06936,-2.10292,44.21392,5.278232536380357,1.9662804984580067,-45.99999921532459
1.68118,1.67107,51.96291,4893.60017,-2.13267,44.14797,5.478037706267105,2.040713181431239,-45.99999921532459
1.72815,1.71663,51.68804,4891.02378,-2.16003,44.07945,5.687966887301157,2.1189173249356084,-45.99999921532459
1.77515,1.76211,51.40998,4888.33384,-2.18488,44.00821,5.908315766093841,2.201003080013815,-45.99999921532459
1.82218,1.8075,51.12907,4885.52379,-2.20708,43.93413,6.1393580568806625,2.2870724124204416,-45.99999921532459
1.86925,1.85281,50.84566,4882.5869,-2.22651,43.85705,6.381339369560443,2.377216818305184,-45.99999921532459
1.91635,1.89803,50.56012,4879.51629,-2.24304,43.77683,6.634470388409617,2.4715147831044493,-45.99999921532459
1.96348,1.94315,50.27286,4876.30492,-2.25652,43.69332,6.8989193516298695,2.570028979974982,-45.99999921532459
2.01065,1.98818,49.98427,4872.94564,-2.26682,43.60637,7.174803837559484,2.672803209941462,-45.99999921532459
2.05786,2.03311,49.69478,4869.43124,-2.2738,43.51583,7.462181882929324,2.779859093213176,-45.99999921532459
2.10511,2.07793,49.40484,4865.75442,-2.27732,43.42153,7.761042482215721,2.8911925299429835,-45.99999921532459
2.1524,2.12263,49.1149,4861.9079,-2.27724,43.32333,8.071295545196492,3.0067699591527055,-45.99999921532459
2.19974,2.16723,48.82544,4857.88443,-2.27342,43.22107,8.392761422182765,3.126524456606371,-45.99999921532459
2.24711,2.2117,48.53696,4853.67686,-2.26572,43.1146,8.72516014294642,3.2503517260275414,-45.99999921532459
2.29453,2.25605,48.24996,4849.27817,-2.25402,43.00377,9.068100555483332,3.378106053002854,-45.99999921532459
2.342,2.30026,47.96497,4844.68159,-2.23817,42.88843,9.421069593761624,3.509596306935855,-45.99999921532459
2.38951,2.34434,47.68253,4839.88063,-2.21807,42.76844,9.78342194804816,3.6445820929718304,-45.99999921532459
2.43707,2.38828,47.4032,4834.86915,-2.1936,42.64369,10.154370455715545,3.7827701723205815,-45.99999921532459
2.48468,2.43207,47.12754,4829.64148,-2.16465,42.51403,10.532977572391353,3.9238112850350984,-45.99999921532459
2.53235,2.47571,46.85613,4824.19251,-2.13113,42.37937,10.91814832020739,4.067297523048881,-45.99999921532459
2.58006,2.51918,46.58955,4818.51773,-2.09296,42.23962,11.308625138689036,4.212760411996724,-45.99999921532459
2.62783,2.56249,46.3284,4812.61339,-2.05009,42.09468,11.702985081168732,4.359669866804982,-45.99999921532459
2.67565,2.60563,46.07327,4806.47654,-2.00245,41.94451,12.099639801759633,4.507434186838909,-45.99999921532459
2.72353,2.64859,45.82475,4800.10518,-1.95004,41.78906,12.496838761518015,4.655401250282519,-45.99999921532459
2.77147,2.69136,45.58345,4793.49831,-1.89285,41.62832,12.892676044358861,4.802861053246469,-45.99999921532459
2.81946,2.73394,45.34995,4786.65605,-1.8309,41.46228,13.285101110704247,4.949049715785041,-45.99999921532459
2.86751,2.77632,45.12484,4779.5797,-1.76423,41.29099,13.67193372879797,5.0931550442037015,-45.99999921532459
2.91562,2.8185,44.9087,4772.27184,-1.69292,41.11452,14.050883209563178,5.2343236965496605,-45.99999921532459
2.9638,2.86046,44.70207,4764.73635,-1.61707,40.93294,14.4195719327996,5.37166994673937,-45.99999921532459
3.01203,2.90221,44.5055,4756.97853,-1.53681,40.74638,14.775562993811398,5.504285983654806,-45.99999921532459
3.06032,2.94373,44.3195,4749.00504,-1.45231,40.555,15.116391626189188,5.631253616956567,-45.99999921532459
3.10867,2.98503,44.14457,4740.824,-1.36377,40.35899,15.439599875777148,5.75165719404894,-45.99999921532459
3.15709,3.02609,43.98116,4732.44492,-1.2714,40.15856,15.74277382267478,5.864597466254939,-45.99999921532459
3.20556,3.06691,43.82969,4723.87872,-1.17546,39.95398,16.02358248287094,5.96920608069853,-45.99999921532459
3.25409,3.10748,43.69056,4715.13764,-1.07624,39.74551,16.279817380053803,6.064660321845052,-45.99999921532459
3.30269,3.1478,43.56411,4706.23521,-0.97405,39.53348,16.50943167226213,6.150197687208284,-45.99999921532459
3.35134,3.18787,43.45064,4697.18609,-0.86923,39.31822,16.71057765685516,6.225129858938565,-45.99999921532459
3.40006,3.22769,43.35041,4688.00605,-0.76214,39.1001,16.881641468246602,6.288855629641642,-45.99999921532459
3.44883,3.26723,43.26363,4678.71175,-0.65317,38.87951,17.021273830067877,6.34087235836862,-45.99999921532459
3.49765,3.30652,43.19045,4669.32064,-0.54271,38.65686,17.128415827858976,6.380785571621429,-45.99999921532459
3.54653,3.34554,43.13097,4659.85076,-0.43118,38.43256,17.202318826197487,6.408316383007438,-45.99999921532459
3.59547,3.38429,43.08525,4650.32061,-0.31901,38.20705,17.24255785838969,6.423306481251693,-45.99999921532459
3.64446,3.42277,43.05329,4640.74893,-0.20662,37.98077,17.249038056350948,6.42572052549653,-45.99999921532459
3.69349,3.46098,43.03502,4631.15453,-0.09445,37.75416,17.22199394988915,6.415645884266244,-45.99999921532459
3.74258,3.49891,43.03034,4621.55611,0.01708,37.52766,17.16198173276686,6.393289754371727,-45.99999921532459
3.79171,3.53658,43.03909,4611.97209,0.12754,37.30172,17.069864852684116,6.358973792799919,-45.99999921532459
3.84089,3.57398,43.06106,4602.42041,0.23653,37.07674,16.946793518616587,6.313126482658077,-45.99999921532459
3.89012,3.61111,43.09599,4592.91842,0.34364,36.85316,16.794178919709797,6.256273529033529,-45.99999921532459
3.93938,3.64797,43.14359,4583.48271,0.4485,36.63135,16.613663105228643,6.189026638482366,-45.99999921532459
3.98868,3.68457,43.20351,4574.12896,0.55074,36.4117,16.407085579177938,6.112071074646643,-45.99999921532459
4.03802,3.7209,43.27536,4564.87192,0.65004,36.19456,16.17644771373594,6.026152401322037,-45.99999921532459
4.08739,3.75698,43.35873,4555.72521,0.74608,35.98026,15.923876083951633,5.932062823667844,-45.99999921532459
4.1368,3.7928,43.45317,4546.70134,0.83857,35.76909,15.651585777036535,5.830627519952814,-45.99999921532459
4.18624,3.82838,43.55819,4537.81164,0.92727,35.56132,15.361844640050025,5.722691322877208,-45.99999921532459
4.23571,3.8637,43.6733,4529.06621,1.01194,35.35721,15.056939308608706,5.609106064373216,-45.99999921532459
4.2852,3.89879,43.79797,4520.47394,1.09238,35.15696,14.739143716365652,5.490718844557405,-45.99999921532459
4.33472,3.93364,43.93166,4512.0425,1.16844,34.96075,14.410690630121602,5.368361427810678,-45.99999921532459
4.38426,3.96825,44.07381,4503.77836,1.23997,34.76875,14.07374659754712,5.242840910145622,-45.99999921532459
4.43383,4.00264,44.22385,4495.68687,1.30686,34.58107,13.730390541815783,5.114931745144156,-45.99999921532459
4.48341,4.03681,44.38122,4487.77222,1.36901,34.39782,13.382596096361976,4.985369163190006,-45.99999921532459
4.53301,4.07076,44.54532,4480.03759,1.42639,34.21907,13.032217648188183,4.854843972233458,-45.99999921532459
4.58263,4.1045,44.71558,4472.48514,1.47894,34.04486,12.680979952924918,4.723998689127931,-45.99999921532459
4.63227,4.13804,44.89143,4465.11615,1.52666,33.87523,12.330471100488861,4.593424919152548,-45.99999921532459
4.68191,4.17137,45.07227,4457.93101,1.56955,33.71017,11.982138547067898,4.463661877822159,-45.99999921532459
4.73157,4.20452,45.25755,4450.92937,1.60765,33.54966,11.63728788603572,4.335195933020696,-45.99999921532459
4.78125,4.23747,45.4467,4444.11014,1.64099,33.39368,11.297084005793065,4.208461036327493,-45.99999921532459
4.83093,4.27025,45.63916,4437.47165,1.66964,33.24218,10.96255427370932,4.083839909119304,-45.99999921532459
4.88062,4.30284,45.8344,4431.01165,1.69367,33.09508,10.634593390040392,3.961665850782441,-45.99999921532459
4.93032,4.33527,46.03187,4424.72741,1.71316,32.95231,10.31396957087807,3.8422250420240727,-45.99999921532459
4.98003,4.36752,46.23107,4418.61577,1.72822,32.81379,10.00133174235207,3.725759224901795,-45.99999921532459
5.02975,4.39962,46.43148,4412.67324,1.73893,32.67942,9.697217457009325,3.612468651883198,-45.99999921532459
5.07947,4.43156,46.63262,4406.89601,1.74543,32.54908,9.40206127525548,3.5025152081533575,-45.99999921532459
5.12919,4.46334,46.83402,4401.28002,1.74782,32.42268,9.116203388327108,3.3960256238988653,-45.99999921532459
5.17892,4.49498,47.0352,4395.82104,1.74623,32.30009,8.839898292762655,3.293094705776502,-45.99999921532459
5.22866,4.52648,47.23573,4390.51467,1.74078,32.1812,8.57332335875453,3.1937885288498307,-45.99999921532459
5.2784,4.55784,47.43518,4385.35638,1.73161,32.06587,8.316587165218802,3.098147541621968,-45.99999921532459
5.32814,4.58907,47.63314,4380.34161,1.71884,31.95399,8.069737502272462,3.0061895471689275,-45.99999921532459
5.37788,4.62017,47.82921,4375.46571,1.7026,31.84542,7.832768966768972,2.9179125326764597,-45.99999921532459
5.42763,4.65114,48.02302,4370.72403,1.68303,31.74004,7.605630098464606,2.8332973278497744,-45.99999921532459
5.47737,4.68199,48.2142,4366.11194,1.66025,31.63772,7.388230023244834,2.7523100796901687,-45.99999921532459
5.52712,4.71272,48.4024,4361.62482,1.63441,31.53833,7.180444585682878,2.6749045370344415,-45.99999921532459
5.57687,4.74334,48.5873,4357.25809,1.60562,31.44176,6.982121966376641,2.6010241431607026,-45.99999921532459
5.62662,4.77384,48.76857,4353.00725,1.57402,31.34787,6.793087790007922,2.5306039386748314,-45.99999921532459
5.67637,4.80424,48.94591,4348.86785,1.53972,31.25653,6.613149738418118,2.463572280002553,-45.99999921532459
5.72612,4.83454,49.11904,4344.83554,1.50286,31.16764,6.442101689235621,2.399852381137037,-45.99999921532459
5.77587,4.86473,49.28768,4340.90603,1.46355,31.08108,6.27972740519944,2.339363688009021,-45.99999921532459
5.82562,4.89482,49.45157,4337.07514,1.42191,30.99672,6.125803802398455,2.28202309599192,-45.99999921532459
5.87537,4.92482,49.61046,4333.3388,1.37805,30.91446,5.980103827542875,2.2277460217611567,-45.99999921532459
5.92512,4.95472,49.76413,4329.69302,1.33208,30.83419,5.842398975259939,2.176447341053038,-45.99999921532459
5.97487,4.98453,49.91235,4326.1339,1.28412,30.75579,5.7124614765261414,2.1280422039133455,-45.99999921532459
6.02461,5.01425,50.05491,4322.65766,1.23427,30.67917,5.5900661887879695,2.082446738817038,-45.99999921532459
6.07436,5.04389,50.19162,4319.26062,1.18263,30.60422,5.474992217349865,2.0395786566779317,-45.99999921532459
6.12411,5.07344,50.32229,4315.93918,1.12931,30.53085,5.367024296218611,1.9993577652495629,-45.99999921532459
6.17385,5.1029,50.44675,4312.68983,1.0744,30.45895,5.265953955055326,1.9617064038455145,-45.99999921532459
6.2236,5.13229,50.56484,4309.50919,1.01799,30.38844,5.1715804970894546,1.926549807638104,-45.99999921532459
6.27334,5.16159,50.67639,4306.39391,0.96017,30.31922,5.08371181106112,1.8938164101282766,-45.99999921532459
6.32309,5.19082,50.78128,4303.34076,0.90105,30.2512,5.0021650383765675,1.8634380916785585,-45.99999921532459
6.37283,5.21997,50.87937,4300.34657,0.8407,30.1843,4.926767114826755,1.8353503813174896,-45.99999921532459
6.42257,5.24904,50.97053,4297.40826,0.7792,30.11843,4.857355204421531,1.8094926183542643,-45.99999921532459
6.47232,5.27805,51.05466,4294.52279,0.71665,30.05351,4.793777041157243,1.7858080796961626,-45.99999921532459
6.52206,5.30697,51.13164,4291.68721,0.65313,29.98946,4.735891192899736,1.7642440781519095,-45.99999921532459
6.5718,5.33583,51.20139,4288.89861,0.5887,29.9262,4.683567260001759,1.7447520364218811,-45.99999921532459
6.62154,5.36462,51.26381,4286.15413,0.52345,29.86365,4.636686019829725,1.7272875409381314,-45.99999921532459
6.67128,5.39333,51.31884,4283.45095,0.45746,29.80173,4.595139527012319,1.7118103792096309,-45.99999921532459
6.72101,5.42198,51.36639,4280.78631,0.3908,29.74038,4.558831177988893,1.698284563868246,-45.99999921532459
6.77075,5.45056,51.40641,4278.15746,0.32354,29.67951,4.527675747229797,1.6866783461617636,-45.99999921532459
6.82049,5.47907,51.43885,4275.56167,0.25575,29.61906,4.501599401476563,1.6769642212587343,-45.99999921532459
6.87021,5.50755,51.4652,4272.99296,0.21508,29.6239,4.479560940481227,1.6687543146711648,0.0
6.9199,5.53601,51.48695,4270.44606,0.17391,29.62879,4.460552489637824,1.6616731665895548,0.0
6.96956,5.56446,51.50407,4267.91942,0.13228,29.63371,4.4445637260397115,1.6557169314595688,0.0
7.01918,5.59291,51.5165,4265.41146,0.09027,29.63868,4.43158505904679,1.6508820365154244,0.0
7.06878,5.62134,51.52422,4262.92057,0.04793,29.64369,4.4216084639299345,1.64716549233438,0.0
7.11834,5.64977,51.52719,4260.44517,0.00533,29.64875,4.4146275914044955,1.6445649336408428,0.0
7.16787,5.67819,51.5254,4257.98364,-0.03747,29.65384,4.410637850664827,1.64307865023892,0.0
7.21737,5.7066,51.51883,4255.53435,-0.08043,29.65898,4.409636466582347,1.6427056083201956,0.0
7.26684,5.735,51.50748,4253.09567,-0.12346,29.66416,4.4116225115422125,1.6434454623237327,0.0
7.31628,5.76339,51.49134,4250.66593,-0.16652,29.66938,4.4165969122081,1.645298557456135,0.0
7.36569,5.79177,51.47042,4248.24347,-0.20954,29.67464,4.424562431339759,1.6482659229181,0.0
7.41507,5.82014,51.44474,4245.82659,-0.25246,29.67995,4.435523624564604,1.6523492558007058,0.0
7.46442,5.84851,51.41431,4243.41359,-0.29522,29.6853,4.449486771882437,1.6575508955691156,0.0
7.51373,5.87687,51.37915,4241.00273,-0.33777,29.69069,4.466459783456969,1.6638737889674406,0.0
7.56302,5.90522,51.33932,4238.59228,-0.38003,29.69612,4.486452079100474,1.671321445123603,0.0
7.61227,5.93356,51.29483,4236.18047,-0.42195,29.70159,4.509474440706848,1.6798978805767684,0.0
7.6615,5.96189,51.24574,4233.76549,-0.46346,29.70711,4.535538836716524,1.689607553885906,0.0
7.71069,5.99022,51.19211,4231.34555,-0.50451,29.71266,4.564658217598423,1.7004552894414362,0.0
7.75985,6.01853,51.13399,4228.91879,-0.54502,29.71826,4.596846281166454,1.712446190039451,0.0
7.80898,6.04684,51.07145,4226.48338,-0.58495,29.7239,4.6321172065104985,1.7255855377640061,0.0
7.85809,6.07514,51.00457,4224.03741,-0.62422,29.72958,4.670485355203589,1.739878682678932,0.0
7.90716,6.10344,50.93342,4221.57898,-0.66278,29.7353,4.7119649384284905,1.755330918823727,0.0
7.95619,6.13172,50.8581,4219.10616,-0.70055,29.74106,4.756569648648576,1.7719473470012683,0.0
8.0052,6.16,50.7787,4216.61699,-0.73747,29.74686,4.804312254482401,1.7897327238579297,0.0
8.05418,6.18827,50.69532,4214.10951,-0.77349,29.7527,4.855204157506287,1.8086912967808855,0.0
8.10312,6.21653,50.60808,4211.58169,-0.80853,29.75858,4.909254909845106,1.828826624187981,0.0
8.15203,6.24478,50.51707,4209.03153,-0.84253,29.7645,4.966471691578166,1.8501413808476783,0.0
8.20091,6.27302,50.42244,4206.45699,-0.87542,29.77047,5.026858747249844,1.8726371479644381,0.0
8.24976,6.30126,50.32432,4203.856,-0.90715,29.77647,5.09041678106784,1.8963141878741578,0.0
8.29857,6.32948,50.22282,4201.22648,-0.93764,29.78251,5.1571423107826035,1.9211712033472568,0.0
8.34735,6.3577,50.11812,4198.56636,-0.96683,29.78858,5.227026980711133,1.9472050816719648,0.0
8.3961,6.38591,50.01034,4195.87354,-0.99465,29.7947,5.300056834934918,1.9744106239014354,0.0
8.44481,6.41411,49.89966,4193.1459,-1.02105,29.80085,5.376211552366389,2.002780259895868,0.0
8.49349,6.4423,49.78624,4190.38134,-1.04595,29.80705,5.455463646133783,2.032303750072308,0.0
8.54213,6.47048,49.67024,4187.57775,-1.0693,29.81327,5.537777630624769,2.0629678751064793,0.0
8.59074,6.49865,49.55186,4184.73303,-1.09102,29.81954,5.623109160461204,2.0947561151782277,0.0
8.63931,6.52681,49.43126,4181.8451,-1.11106,29.82584,5.711404146789275,2.127648320766343,0.0
8.68785,6.55496,49.30866,4178.91188,-1.12936,29.83218,5.802597857397948,2.1616203774190086,0.0
8.73635,6.5831,49.18423,4175.93133,-1.14585,29.83856,5.89661400848408,2.1966438674124062,0.0
8.78481,6.61123,49.0582,4172.90142,-1.16048,29.84497,5.993363857152505,2.2326857316831203,0.0
8.83323,6.63935,48.93077,4169.82018,-1.1732,29.85141,6.09274530520591,2.2697079359662866,0.0
8.88162,6.66746,48.80215,4166.68568,-1.18394,29.85789,6.194642026127332,2.307667145573601,0.0
8.92996,6.69555,48.67256,4163.49605,-1.19266,29.8644,6.2989226286548785,2.346514413802897,0.0
8.97827,6.72364,48.54224,4160.24947,-1.1993,29.87095,6.405439871704142,2.3861948894760867,0.0
9.02654,6.75171,48.41141,4156.94421,-1.20383,29.87753,6.5140299467613065,2.4266475496117117,0.0
9.07476,6.77977,48.28032,4153.57862,-1.20619,29.88414,6.624511845062029,2.467804963682428,0.0
9.12295,6.80781,48.14919,4150.15114,-1.20636,29.89078,6.736686827924975,2.5095930963003075,0.0
9.17109,6.83585,48.01828,4146.66033,-1.20429,29.89746,6.850338019442802,2.5519311554835187,0.0
9.21919,6.86386,47.88782,4143.10486,-1.19995,29.90416,6.965230141248519,2.594731493849809,0.0
9.26724,6.89187,47.75807,4139.48352,-1.19332,29.9109,7.081109409260421,2.6378995701512835,0.0
9.31525,6.91986,47.62928,4135.79526,-1.18439,29.91766,7.197703612097705,2.68133397848628,0.0
9.36322,6.94783,47.50169,4132.03917,-1.17312,29.92446,7.3147223901228084,2.7249265522499853,0.0
9.41113,6.97579,47.37557,4128.2145,-1.15953,29.93128,7.431857732857448,2.768562549434994,0.0
9.45901,7.00374,47.25116,4124.3207,-1.1436,29.93813,7.548784710707351,2.8121209252180286,0.0
9.50683,7.03167,47.12871,4120.35738,-1.12534,29.94501,7.6651624544988834,2.8554746968631024,0.0
9.55461,7.05958,47.00848,4116.32435,-1.10476,29.95191,7.780635393307495,2.898491404845186,0.0
9.60233,7.08747,46.8907,4112.22165,-1.08189,29.95885,7.894834757356246,2.9410336727194535,0.0
9.65001,7.11535,46.77562,4108.04951,-1.05675,29.9658,8.007380348513811,2.9829598666783697,0.0
9.69763,7.14321,46.66349,4103.80838,-1.02937,29.97279,8.117882576061094,3.024124853928324,0.0
9.74521,7.17105,46.55453,4099.49896,-0.9998,29.97979,8.225944750075067,3.064380857035448,0.0
9.79273,7.19887,46.44897,4095.12219,-0.96809,29.98682,8.331165619110585,3.103578399278865,0.0
9.8402,7.22667,46.34703,4090.67921,-0.9343,29.99388,8.43314213283887,3.1415673338062104,0.0
9.88761,7.25445,46.24893,4086.17144,-0.8985,30.00096,8.531472404314416,3.178197947156004,0.0
9.93497,7.28221,46.15487,4081.60052,-0.86077,30.00806,8.625758840514347,3.213322125465921,0.0
9.98227,7.30996,46.06504,4076.96836,-0.8212,30.01518,8.715611404091648,3.246794569561698,0.0
10.02952,7.33768,45.97963,4072.27706,-0.77987,30.02232,8.80065096405383,3.2784740431730977,0.0
10.07671,7.36537,45.89882,4067.529,-0.73689,30.02949,8.880512688457166,3.308224636801774,0.0
10.12384,7.39305,45.82275,4062.72675,-0.69237,30.03667,8.954849428593596,3.3359170284199413,0.0
10.17091,7.42071,45.75158,4057.87313,-0.64643,30.04388,9.023335041353,3.361429721137742,0.0
10.21793,7.44834,45.68545,4052.97113,-0.59918,30.0511,9.085667595154158,3.3846502374968694,0.0
10.26488,7.47595,45.62447,4048.02397,-0.55077,30.05835,9.141572404573727,3.405476249949722,0.0
10.31178,7.50353,45.56874,4043.03503,-0.50133,30.06561,9.190804840162402,3.423816627589844,0.0
10.35861,7.5311,45.51837,4038.00784,-0.451,30.07289,9.233152862616617,3.439592380197571,0.0
10.40539,7.55864,45.47341,4032.94611,-0.39992,30.08019,9.268439234581175,3.4527374821946917,0.0
10.4521,7.58615,45.43394,4027.85364,-0.34825,30.08751,9.296523368809723,3.463199561132871,0.0
10.49875,7.61364,45.39998,4022.73437,-0.29615,30.09485,9.317302778028703,3.470940437806102,0.0
10.54533,7.64111,45.37156,4017.59229,-0.24375,30.1022,9.330714099492075,3.4759365079243136,0.0
10.59186,7.66855,45.3487,4012.43149,-0.19123,30.10958,9.336733675686304,3.478178958441246,0.0
10.63832,7.69596,45.33138,4007.25607,-0.13874,30.11697,9.335377681498594,3.4776738149279693,0.0
10.68471,7.72335,45.31958,4002.07018,-0.08644,30.12437,9.32670179751555,3.47444181986804,0.0
10.73105,7.75072,45.31325,3996.87794,-0.03448,30.1318,9.310800438174827,3.4685181451236744,0.0
10.77732,7.77806,45.31234,3991.68347,0.01698,30.13924,9.287805552393799,3.459951945138384,0.0
10.82353,7.80537,45.31678,3986.49083,0.0678,30.1467,9.25788502257013,3.448805760522548,0.0
10.86967,7.83266,45.32646,3981.30401,0.11781,30.15418,9.221240695258912,3.435154784428839,0.0
10.91575,7.85993,45.3413,3976.12694,0.16688,30.16167,9.178106083218324,3.4190860065037723,0.0
10.96176,7.88717,45.36116,3970.96342,0.21487,30.16918,9.1287437837325,3.4006972511450355,0.0
11.00772,7.91438,45.38593,3965.81714,0.26164,30.17671,9.07344266200359,3.380096128240933,0.0
11.0536,7.94157,45.41544,3960.69167,0.30707,30.18426,9.012514850921482,3.357398915505656,0.0
11.09943,7.96874,45.44955,3955.59041,0.35103,30.19183,8.946292619703955,3.332729391965359,0.0
11.14519,7.99588,45.48809,3950.51661,0.39342,30.19941,8.875125163718792,3.306217642082421,0.0
11.19089,8.02299,45.53087,3945.47334,0.43412,30.20701,8.799375366416204,3.2779988494900887,0.0
11.23653,8.05008,45.5777,3940.46351,0.47304,30.21464,8.71941658177241,3.2482120983680334,0.0
11.28211,8.07715,45.6284,3935.48982,0.51008,30.22228,8.63562948220149,3.2169991992065947,0.0
11.32762,8.10419,45.68274,3930.55478,0.54516,30.22994,8.54839901260077,3.1845035541085394,0.0
11.37307,8.13121,45.74052,3925.66074,0.57821,30.23762,8.45811148638038,3.150869074983655,0.0
11.41847,8.1582,45.80151,3920.8098,0.60915,30.24532,8.365151854034893,3.116239166019829,0.0
11.4638,8.18518,45.86549,3916.0039,0.63794,30.25304,8.269901169314268,3.0807557797650484,0.0
11.50907,8.21213,45.93224,3911.24476,0.66452,30.26078,8.172734272513537,3.0445585540918527,0.0
11.55429,8.23905,46.0015,3906.53392,0.68885,30.26854,8.07401770492255,3.007784035274996,0.0
11.59944,8.26596,46.07306,3901.87271,0.7109,30.27633,7.974107863259507,2.970564990469366,0.0
11.64454,8.29284,46.14666,3897.26231,0.73063,30.28414,7.873349398014213,2.933029811050719,0.0
11.68958,8.3197,46.22206,3892.70366,0.74803,30.29197,7.772073855190229,2.8953020066288784,0.0
11.73456,8.34654,46.29903,3888.19756,0.76309,30.29982,7.670598556941145,2.8574997880553084,0.0
11.77949,8.37336,46.37733,3883.74465,0.77579,30.3077,7.5692257132069765,2.819735736484284,0.0
11.82436,8.40016,46.45671,3879.34536,0.78616,30.3156,7.4682417535302905,2.782116554456828,0.0
11.86918,8.42694,46.53693,3875.00001,0.79418,30.32352,7.367916865965592,2.7447428941323166,0.0
11.91394,8.4537,46.61776,3870.70874,0.79988,30.33147,7.2685047281426245,2.707709257102492,0.0
11.95865,8.48045,46.69896,3866.47156,0.80328,30.33945,7.170242414321704,2.6711039597671205,0.0
12.00331,8.50717,46.7803,3862.28835,0.80439,30.34745,7.073350461424901,2.6350091579323482,0.0
12.04791,8.53387,46.86155,3858.15887,0.80325,30.35547,6.978033076650528,2.599500924152562,0.0
12.09247,8.56056,46.94249,3854.08273,0.7999,30.36353,6.884478469272318,2.564649371334311,0.0
12.13697,8.58723,47.02289,3850.05947,0.79436,30.37161,6.792859289481966,2.530518816216702,0.0
12.18142,8.61388,47.10255,3846.08851,0.78669,30.37972,6.703333157742327,2.4971679765693926,0.0
12.22582,8.64052,47.18124,3842.16917,0.77692,30.38785,6.616043268861467,2.4646501962260685,0.0
12.27017,8.66714,47.25877,3838.30069,0.76511,30.39601,6.5311190559553,2.433013692427999,0.0
12.31448,8.69374,47.33494,3834.48223,0.75131,30.40421,6.448676900493296,2.4023018203347415,0.0
12.35873,8.72033,47.40955,3830.71286,0.73558,30.41243,6.368820875813358,2.3725533500030007,0.0
12.40294,8.7469,47.48241,3826.9916,0.71796,30.42068,6.291643512604021,2.343802751548883,0.0
12.44711,8.77346,47.55335,3823.31739,0.69852,30.42896,6.217226576100622,2.3160804846739254,0.0
12.49122,8.8,47.62219,3819.68913,0.67733,30.43727,6.14564184587301,2.2894132891565295,0.0
12.53529,8.82653,47.68876,3816.10565,0.65443,30.44561,6.076951890258365,2.2638244733485693,0.0
12.57932,8.85304,47.75289,3812.56575,0.6299,30.45398,6.011210828557914,2.239334198113714,0.0
12.6233,8.87954,47.81445,3809.06816,0.60381,30.46239,5.948465075151145,2.2159597540295604,0.0
12.66723,8.90603,47.87327,3805.61159,0.57621,30.47082,5.888754060622908,2.1937158300264445,0.0
12.71113,8.93251,47.92922,3802.1947,0.54717,30.47929,5.8321109258803165,2.1726147719642577,0.0
12.75498,8.95897,47.98216,3798.81613,0.51678,30.48778,5.778563186016849,2.1526668299392857,0.0
12.79878,8.98542,48.03196,3795.47448,0.48508,30.49631,5.7281333613737555,2.133880393371189,0.0
12.84255,9.01186,48.07852,3792.16832,0.45216,30.50488,5.680839573897633,2.1162622131618933,0.0
12.88627,9.03829,48.12171,3788.89619,0.41808,30.51347,5.636696107395653,2.0998176104054,0.0
12.92995,9.06471,48.16142,3785.65662,0.38292,30.5221,5.595713930784238,2.0845506713116833,0.0
12.97359,9.09111,48.19758,3782.4481,0.34674,30.53076,5.557901183795842,2.0704644281452547,0.0
13.01719,9.1175,48.23007,3779.2691,0.30962,30.53945,5.523263624933219,2.0575610260999038,0.0
13.06075,9.14389,48.25882,3776.11808,0.27163,30.54818,5.491805041738107,2.0458418761345847,0.0
13.10427,9.17026,48.28375,3772.99348,0.23284,30.55694,5.4635276236144215,2.035307793859863,0.0
13.14775,9.19662,48.30479,3769.8937,0.19333,30.56573,5.4384322976146375,2.025959124627177,0.0
13.19119,9.22297,48.32189,3766.81715,0.15315,30.57456,5.4165190277057516,2.017795855013285,0.0
13.23458,9.24932,48.33498,3763.76221,0.1124,30.58342,5.397787078088187,2.0108177109134853,0.0
13.27795,9.27565,48.34403,3760.72723,0.07113,30.59232,5.382235241168254,2.0050242424673534,0.0
13.32127,9.30197,48.34898,3757.71055,0.02943,30.60125,5.369862030796471,2.0004148960451062,0.0
13.36455,9.32829,48.34981,3754.71052,-0.01264,30.61021,5.36066584134864,1.9969890735094824,0.0
13.4078,9.35458,48.34643,3751.72557,-0.05619,30.60213,5.354689697255821,1.994762802593093,-7.999999863534712
13.45102,9.38086,48.33876,3748.7541,-0.09997,30.59409,5.351976463609108,1.9937520516702187,-7.999999863534712
13.4942,9.40711,48.3268,3745.79435,-0.14389,30.58606,5.352524670399603,1.9939562731238665,-7.999999863534712
13.53736,9.43334,48.31054,3742.84451,-0.18788,30.57805,5.35633323330576,1.9953750630157312,-7.999999863534712
13.58049,9.45955,48.28999,3739.90277,-0.23188,30.57004,5.36340146730099,1.9980081661553832,-7.999999863534712
13.62358,9.48574,48.26514,3736.96731,-0.27579,30.56202,5.373729045532534,2.0018554607815706,-7.999999863534712
13.66665,9.51191,48.23603,3734.03627,-0.31956,30.55397,5.387315924941144,2.0069169308535906,-7.999999863534712
13.70969,9.53805,48.20267,3731.10778,-0.3631,30.5459,5.404162238507768,2.013192625910345,-7.999999863534712
13.75269,9.56417,48.16511,3728.17996,-0.40634,30.53778,5.424268153974816,2.020682608440295,-7.999999863534712
13.79567,9.59027,48.12337,3725.2509,-0.4492,30.52961,5.4476336987695015,2.029386888660799,-7.999999863534712
13.83861,9.61635,48.07751,3722.31868,-0.49162,30.52138,5.474258550834579,2.0393053465970596,-7.999999863534712
13.88153,9.6424,48.02757,3719.38134,-0.53351,30.51307,5.504141795028963,2.050437641334944,-7.999999863534712
13.92441,9.66843,47.97363,3716.43693,-0.5748,30.50468,5.537281644731337,2.0627831073110023,-7.999999863534712
13.96727,9.69444,47.91575,3713.48347,-0.61541,30.49619,5.573675128335045,2.076340637523568,-7.999999863534712
14.01009,9.72043,47.854,3710.51896,-0.65528,30.48759,5.6133177403554,2.0911085535610474,-7.999999863534712
14.05289,9.7464,47.78847,3707.54139,-0.69432,30.47888,5.656203056982814,2.1070844623853504,-7.999999863534712
14.09565,9.77234,47.71925,3704.54873,-0.73246,30.47003,5.702322316056874,2.1242650998611747,-7.999999863534712
14.13838,9.79826,47.64643,3701.53894,-0.76962,30.46105,5.751663961621099,2.142646161090679,-7.999999863534712
14.18108,9.82416,47.57013,3698.50996,-0.80574,30.45192,5.804213153479953,2.1622221177105536,-7.999999863534712
14.22376,9.85003,47.49044,3695.45974,-0.84073,30.44262,5.859951242484697,2.1829860224222055,-7.999999863534712
14.2664,9.87588,47.4075,3692.38621,-0.87452,30.43315,5.91885521262774,2.2049293011572204,-7.999999863534712
14.309,9.90171,47.32142,3689.28729,-0.90705,30.4235,5.9808970914830715,2.22804153345091,-7.999999863534712
14.35158,9.92751,47.23233,3686.1609,-0.93822,30.41365,6.046043331031844,2.252310221783552,-7.999999863534712
14.39413,9.95328,47.14039,3683.00498,-0.96798,30.40359,6.114254161483733,2.2777205508618446,-7.999999863534712
14.43664,9.97904,47.04573,3679.81746,-0.99625,30.39332,6.185482921366862,2.304255138059776,-7.999999863534712
14.47912,10.00476,46.9485,3676.59627,-1.02296,30.38282,6.2596753678638715,2.3318937765006664,-7.999999863534712
14.52157,10.03046,46.84886,3673.33939,-1.04805,30.37208,6.336768972190928,2.360613172567305,-7.999999863534712
14.56399,10.05614,46.74699,3670.04477,-1.07143,30.36109,6.416692205647826,2.3903866799368334,-7.999999863534712
14.60637,10.08179,46.64304,3666.71044,-1.09306,30.34985,6.499363822882597,2.421184032577949,-7.999999863534712
14.64872,10.10741,46.53721,3663.33442,-1.11285,30.33833,6.5846921498851385,2.4529710795098003,-7.999999863534712
14.69104,10.133,46.42966,3659.91479,-1.13076,30.32654,6.672574385188537,2.485709524481092,-7.999999863534712
14.73332,10.15857,46.32059,3656.44966,-1.14672,30.31445,6.762895923782411,2.5193566741100177,-7.999999863534712
14.77557,10.18411,46.2102,3652.93721,-1.16067,30.30207,6.855529714217082,2.5538651983886487,-7.999999863534712
14.81778,10.20962,46.09868,3649.37567,-1.17257,30.28938,6.9503356603429545,2.589182907815108,-7.999999863534712
14.85996,10.23509,45.98623,3645.76333,-1.18235,30.27638,7.047160080040851,2.625252551756381,-7.999999863534712
14.9021,10.26054,45.87306,3642.09858,-1.18997,30.26305,7.145835234087605,2.662011642938357,-7.999999863534712
14.9442,10.28596,45.75939,3638.37988,-1.19538,30.24939,7.2461789389753655,2.699392313210821,-7.999999863534712
14.98627,10.31135,45.64543,3634.60579,-1.19855,30.2354,7.347994278014879,2.7373212059258383,-7.999999863534712
15.0283,10.3367,45.53139,3630.77497,-1.19945,30.22106,7.451069425342612,2.7757194103757694,-7.999999863534712
15.0703,10.36203,45.41749,3626.8862,-1.19804,30.20637,7.555177597487327,2.8145024437505444,-7.999999863534712
15.11225,10.38732,45.30397,3622.93838,-1.19429,30.19133,7.660077146882854,2.8535802859736346,-7.999999863534712
15.15417,10.41257,45.19103,3618.93054,-1.18819,30.17593,7.765511811173789,2.8928574725749856,-7.999999863534712
15.19605,10.43779,45.07891,3614.86187,-1.17973,30.16017,7.871211131133167,2.932233250376342,-7.999999863534712
15.23788,10.46298,44.96783,3610.73169,-1.1689,30.14404,7.976891048731503,2.9716018002877016,-7.999999863534712
15.27968,10.48813,44.85801,3606.53949,-1.15569,30.12755,8.082254695053653,3.010852530827085,-7.999999863534712
15.32144,10.51324,44.74968,3602.28494,-1.14012,30.11069,8.18699337562991,3.049870445182285,-7.999999863534712
15.36315,10.53832,44.64305,3597.96788,-1.12221,30.09347,8.290787758032497,3.088536583621812,-7.999999863534712
15.40482,10.56336,44.53835,3593.58833,-1.10196,30.07589,8.393309263627044,3.1267285419589395,-7.999999863534712
15.44645,10.58836,44.43579,3589.14652,-1.07942,30.05794,8.494221661875992,3.16432106547167,-7.999999863534712
15.48804,10.61332,44.33558,3584.64285,-1.05461,30.03964,8.5931828618838,3.201186716300459,-7.999999863534712
15.52958,10.63824,44.23793,3580.07794,-1.0276,30.02099,8.689846891798993,3.237196610827567,-7.999999863534712
15.57108,10.66312,44.14303,3575.45263,-0.99842,30.00199,8.783866052531751,3.272221221993521,-7.999999863534712
15.61253,10.68796,44.05109,3570.76794,-0.96714,29.98265,8.874893227911937,3.3061312398917706,-7.999999863534712
15.65394,10.71276,43.96228,3566.02512,-0.93384,29.96299,8.962584329165843,3.338798482400586,-7.999999863534712
15.6953,10.73752,43.87679,3561.22563,-0.89859,29.943,9.046600847493306,3.3700968460852065,-7.999999863534712
15.73662,10.76223,43.79479,3556.37113,-0.86148,29.92271,9.126612484688586,3.399903286173326,-7.999999863534712
15.77788,10.7869,43.71643,3551.46348,-0.82261,29.90211,9.202299828364753,3.428098813146563,-7.999999863534712
15.8191,10.81152,43.64187,3546.50475,-0.78208,29.88124,9.27335703547663,3.4545694924233783,-7.999999863534712
15.86027,10.8361,43.57125,3541.4972,-0.73999,29.86009,9.339494485708915,3.4792074328159517,-7.999999863534712
15.9014,10.86064,43.5047,3536.44328,-0.69647,29.8387,9.400441364846229,3.501911748903503,-7.999999863534712
15.94247,10.88513,43.44233,3531.34562,-0.65164,29.81706,9.455948137816732,3.522589482306109,-7.999999863534712
15.98349,10.90957,43.38425,3526.20699,-0.60563,29.7952,9.505788871458757,3.5411564669763904,-7.999999863534712
16.02447,10.93396,43.33054,3521.03034,-0.55858,29.77315,9.549763368523655,3.557538124171718,-7.999999863534712
16.06539,10.95831,43.28129,3515.81876,-0.51063,29.75091,9.587699076740261,3.57167017363096,-7.999999863534712
16.10626,10.98261,43.23656,3510.57543,-0.46192,29.7285,9.619452740160293,3.5834992487440895,-7.999999863534712
16.14708,11.00687,43.1964,3505.30369,-0.4126,29.70595,9.644911764124089,3.59298340503784,-7.999999863534712
16.18785,11.03107,43.16084,3500.00693,-0.36283,29.68328,9.6639952701904,3.6000925131648045,-7.999999863534712
16.22856,11.05523,43.12991,3494.68864,-0.31275,29.66051,9.676654822973878,3.604808529669531,-7.999999863534712
16.26923,11.07934,43.10361,3489.35235,-0.26253,29.63766,9.682874816896064,3.6071256410634343,-7.999999863534712
16.30984,11.1034,43.08194,3484.00164,-0.21232,29.61475,9.68267251729481,3.6070502791391443,-7.999999863534712
16.3504,11.12741,43.06487,3478.64011,-0.16228,29.5918,9.676097756826154,3.604601007872211,-7.999999863534712
16.3909,11.15138,43.05237,3473.27136,-0.11255,29.56884,9.663232294594675,3.5998082846803,-7.999999863534712
16.43135,11.17529,43.04438,3467.89898,-0.0633,29.54588,9.64418885160377,3.5927141011030486,-7.999999863534712
16.47175,11.19916,43.04085,3462.52651,-0.01468,29.52295,9.619109841967195,3.583371510144966,-7.999999863534712
16.51209,11.22297,43.0417,3457.15747,0.03317,29.50006,9.588165824468614,3.571844049440643,-7.999999863534712
16.55239,11.24674,43.04682,3451.79529,0.08011,29.47724,9.55155370356875,3.5582050710825666,-7.999999863534712
16.59262,11.27046,43.05614,3446.44333,0.12599,29.45451,9.509494712662141,3.5425369903312016,-7.999999863534712
16.63281,11.29413,43.06952,3441.10485,0.17068,29.43189,9.462232215097707,3.524930466437297,-7.999999863534712
16.67294,11.31775,43.08685,3435.783,0.21405,29.40939,9.410029360394729,3.505483529520665,-7.999999863534712
16.71301,11.34133,43.10798,3430.48082,0.25598,29.38703,9.353166634003472,3.484300667791546,-7.999999863534712
16.75304,11.36485,43.13278,3425.2012,0.29636,29.36483,9.291939338937661,3.4614918893924425,-7.999999863534712
16.79301,11.38833,43.16108,3419.94691,0.33507,29.34281,9.226655046819781,3.437171772845426,-7.999999863534712
16.83293,11.41176,43.19272,3414.72057,0.37201,29.32097,9.157631054248464,3.4114585194820646,-7.999999863534712
16.87279,11.43515,43.22753,3409.52464,0.4071,29.29934,9.085191878113113,3.384473020382211,-7.999999863534712
16.9126,11.45849,43.26533,3404.3614,0.44024,29.27792,9.009666820637948,3.3563379492888528,-7.999999863534712
16.95237,11.48178,43.30594,3399.23301,0.47136,29.25672,8.93138763163363,3.3271768917353235,-7.999999863534712
16.99207,11.50503,43.34916,3394.14142,0.50038,29.23577,8.850686291810685,3.297113519271232,-7.999999863534712
17.03173,11.52823,43.3948,3389.08844,0.52725,29.21506,8.767892937214404,3.2662708162598517,-7.999999863534712
17.07134,11.55138,43.44265,3384.0757,0.55191,29.19461,8.683333940891478,3.2347703652484654,-7.999999863534712
17.11089,11.5745,43.49252,3379.10466,0.57432,29.17442,8.59733016403179,3.2027316954726732,-7.999999863534712
17.15039,11.59757,43.5442,3374.17662,0.59444,29.1545,8.51019538506642,3.1702716976540564,-7.999999863534712
17.18985,11.62059,43.59747,3369.29271,0.61223,29.13485,8.422234911616194,3.1375041069145007,-7.999999863534712
17.22925,11.64357,43.65213,3364.4539,0.62768,29.11548,8.333744376831467,3.1045390543810925,-7.999999863534712
17.2686,11.66652,43.70797,3359.661,0.64077,29.09639,8.245008718739056,3.0714826869659886,-7.999999863534712
17.30791,11.68942,43.76478,3354.91467,0.6515,29.07759,8.156301338446747,3.0384368537754556,-7.999999863534712
17.34717,11.71227,43.82234,3350.21543,0.65985,29.05906,8.067883430843684,3.0054988567781535,-7.999999863534712
17.38637,11.73509,43.88046,3345.56364,0.66584,29.04083,7.980003479475959,2.9727612626329933,-7.999999863534712
17.42553,11.75787,43.93891,3340.95953,0.66948,29.02287,7.892896905723193,2.940311771998196,-7.999999863534712
17.46465,11.78061,43.9975,3336.4032,0.67079,29.0052,7.806785861224124,2.9082331422043515,-7.999999863534712
17.50371,11.80331,44.05602,3331.89464,0.66978,28.98781,7.721879151640986,2.87660315885465,-7.999999863534712
17.54273,11.82597,44.11428,3327.43368,0.66649,28.97069,7.638372279302373,2.845494651710469,-7.999999863534712
17.58171,11.8486,44.17208,3323.02007,0.66096,28.95385,7.556447592011887,2.8149755501265092,-7.999999863534712
17.62064,11.87119,44.22922,3318.65345,0.65321,28.93728,7.476274525281613,2.7851089732891396,-7.999999863534712
17.65952,11.89374,44.28552,3314.33334,0.64329,28.92097,7.3980099254658604,2.7559533505922156,-7.999999863534712
17.69836,11.91625,44.34079,3310.05919,0.63126,28.90492,7.321798441629069,2.7275625676181874,-7.999999863534712
17.73716,11.93873,44.39486,3305.83033,0.61715,28.88912,7.2477729744962875,2.6999861333839634,-7.999999863534712
17.77591,11.96118,44.44755,3301.64604,0.60103,28.87356,7.176055171496376,2.673269364757531,-7.999999863534712
17.81461,11.98359,44.49871,3297.50549,0.58294,28.85825,7.106755957583762,2.6474535842030265,-7.999999863534712
17.85328,12.00596,44.54815,3293.40779,0.56296,28.84316,7.039976092320895,2.6225763273086047,-7.999999863534712
17.8919,12.02831,44.59573,3289.35199,0.54114,28.8283,6.97580674451182,2.598671556852569,-7.999999863534712
17.93048,12.05061,44.6413,3285.33705,0.51756,28.81364,6.9143300764571425,2.5757698804537146,-7.999999863534712
17.96902,12.07289,44.68471,3281.36189,0.49227,28.7992,6.855619830764895,2.553898769173818,-7.999999863534712
18.00752,12.09514,44.72583,3277.42538,0.46535,28.78495,6.799741913389566,2.533082774715017,-7.999999863534712
18.04598,12.11735,44.76453,3273.5263,0.43687,28.77089,6.746754967361413,2.513343743149073,-7.999999863534712
18.08439,12.13953,44.80067,3269.66343,0.4069,28.757,6.696710932372449,2.494701023377876,-7.999999863534712
18.12277,12.16168,44.83415,3265.83547,0.37552,28.74328,6.64965558608483,2.4771716687850636,-7.999999863534712
18.16111,12.1838,44.86485,3262.04108,0.3428,28.72972,6.60562906357272,2.4607706307417776,-7.999999863534712
18.1994,12.20589,44.89266,3258.27889,0.30883,28.7163,6.564666351981455,2.445510942880223,-7.999999863534712
18.23766,12.22795,44.9175,3254.5475,0.27368,28.70302,6.526797757895776,2.431403895200631,-7.999999863534712
18.27588,12.24998,44.93927,3250.84544,0.23743,28.68987,6.49204934542586,2.4184591972698297,-7.999999863534712
18.31406,12.27198,44.95789,3247.17125,0.20016,28.67683,6.46044334339122,2.4066851299079635,-7.999999863534712
18.3522,12.29395,44.97328,3243.52341,0.16195,28.66389,6.431998520343436,2.396088684894326,-7.999999863534712
18.39031,12.3159,44.98537,3239.90036,0.12289,28.65105,6.406730526463707,2.386675692333195,-7.999999863534712
18.42837,12.33781,44.99411,3236.30055,0.08306,28.63828,6.38465220161566,2.378450935411609,-7.999999863534712
18.4664,12.3597,44.99943,3232.72237,0.04254,28.62559,6.365773849080132,2.371418252372775,-7.999999863534712
18.50439,12.38156,45.00129,3229.16418,0.00141,28.61295,6.350103474622456,2.365580625574924,-7.999999863534712
18.54235,12.40339,44.99966,3225.62436,-0.04023,28.60036,6.337646990736432,2.360940257577564,-7.999999863534712
18.58026,12.42519,44.99449,3222.1012,-0.08232,28.58781,6.328408385991413,2.3574986342277238,-7.999999863534712
18.61814,12.44696,44.98576,3218.59303,-0.12475,28.57528,6.322389859512373,2.355256574757319,-7.999999863534712
18.65599,12.46871,44.97346,3215.09811,-0.16746,28.56276,6.319591920690654,2.354214268928028,-7.999999863534712
18.6938,12.49043,44.95757,3211.6147,-0.21034,28.55024,6.320013454286831,2.35437130128382,-7.999999863534712
18.73157,12.51212,44.93809,3208.14105,-0.25332,28.5377,6.323651751112147,2.355726662580601,-7.999999863534712
18.7693,12.53378,44.91502,3204.67536,-0.29631,28.52515,6.330502504547012,2.3582787484892593,-7.999999863534712
18.807,12.55542,44.88837,3201.21584,-0.33923,28.51255,6.3405597731627115,2.3620253456712716,-7.999999863534712
18.84466,12.57703,44.85817,3197.76067,-0.38199,28.49991,6.353815909765387,2.3669636053457133,-7.999999863534712
18.88229,12.59862,44.82443,3194.30801,-0.4245,28.4872,6.370261457237716,2.373090004487552,-7.999999863534712
18.91988,12.62017,44.78718,3190.85601,-0.46668,28.47442,6.389885011597179,2.3804002948132417,-7.999999863534712
18.95743,12.6417,44.74647,3187.4028,-0.50844,28.46156,6.412673052757217,2.3888894397348044,-7.999999863534712
18.99495,12.6632,44.70234,3183.9465,-0.5497,28.44859,6.438609743590321,2.3985515395055437,-7.999999863534712
19.03243,12.68467,44.65485,3180.48523,-0.59038,28.43552,6.467676697995681,2.409379744819139,-7.999999863534712
19.06987,12.70612,44.60405,3177.01707,-0.63038,28.42233,6.499852718786332,2.421366159165716,-7.999999863534712
19.10728,12.72754,44.55001,3173.54012,-0.66963,28.409,6.53511350642806,2.434501730329419,-7.999999863534712
19.14466,12.74893,44.49281,3170.05246,-0.70804,28.39552,6.5734313398108055,2.4487761314673664,-7.999999863534712
19.18199,12.77029,44.43252,3166.55217,-0.74553,28.38188,6.614774730509984,2.4641776323128886,-7.999999863534712
19.21929,12.79162,44.36923,3163.03732,-0.78202,28.36808,6.659108052218967,2.4806929611293818,-7.999999863534712
19.25656,12.81293,44.30304,3159.50599,-0.81742,28.35408,6.706391147393321,2.498307158174937,-7.999999863534712
19.29378,12.8342,44.23405,3155.95626,-0.85165,28.3399,6.756578913446552,2.5170034215493655,-7.999999863534712
19.33097,12.85545,44.16235,3152.38621,-0.88464,28.3255,6.8096208712543405,2.5367629464506707,-7.999999863534712
19.36812,12.87667,44.08807,3148.79394,-0.91631,28.31089,6.86546071913704,2.557564759021798,-7.999999863534712
19.40524,12.89786,44.01133,3145.17756,-0.94657,28.29604,6.924035875935532,2.579385546134368,-7.999999863534712
19.44232,12.91902,43.93224,3141.53519,-0.97536,28.28096,6.985277017325596,2.602199482653575,-7.999999863534712
19.47936,12.94015,43.85094,3137.86498,-1.00261,28.26562,7.049107609983042,2.6259780579024445,-7.999999863534712
19.51636,12.96125,43.76757,3134.16512,-1.02823,28.25001,7.1154434488061185,2.6506899032650058,-7.999999863534712
19.55333,12.98231,43.68226,3130.43379,-1.05216,28.23413,7.184192202912924,2.676300623058378,-7.999999863534712
19.59025,13.00335,43.59517,3126.66925,-1.07433,28.21796,7.255252976713335,2.7027726310205167,-7.999999863534712
19.62714,13.02436,43.50644,3122.86979,-1.09469,28.2015,7.328515892911131,2.7300649949675355,-7.999999863534712
19.66399,13.04533,43.41624,3119.03373,-1.11316,28.18473,7.4038617047781194,2.7581332923556126,-7.999999863534712
19.70079,13.06627,43.32472,3115.15946,-1.12968,28.16764,7.481161445600632,2.7869294796905866,-7.999999863534712
19.73756,13.08718,43.23204,3111.24543,-1.14422,28.15023,7.560276123547755,2.8164017788583475,-7.999999863534712
19.77429,13.10805,43.13839,3107.29015,-1.1567,28.13249,7.641056470654393,2.8464945836144215,-7.999999863534712
19.81098,13.12889,43.04392,3103.29222,-1.16709,28.11441,7.723342754815454,2.8771483895468575,-7.999999863534712
19.84763,13.1497,42.94882,3099.25029,-1.17535,28.09597,7.806964663868213,2.9082997508938555,-7.999999863534712
19.88423,13.17047,42.85326,3095.16314,-1.18143,28.07718,7.891741270832571,2.939881267594856,-7.999999863534712
19.9208,13.1912,42.75743,3091.02961,-1.1853,28.05804,7.977481089260634,2.9718216059097036,-7.999999863534712
19.95732,13.2119,42.6615,3086.84865,-1.18693,28.03852,8.0639822272747,3.004045555801863,-7.999999863534712
19.9938,13.23257,42.56567,3082.61932,-1.1863,28.01863,8.151032648387366,3.0364741281007577,-7.999999863534712
20.03024,13.25319,42.4701,3078.34082,-1.1834,27.99837,8.238410546443049,3.069024694177364,-7.999999863534712
20.06663,13.27378,42.375,3074.01243,-1.1782,27.97773,8.325884841037677,3.1016111705010725,-7.999999863534712
20.10298,13.29433,42.28054,3069.63359,-1.17072,27.95671,8.413215798608439,3.1341442500119676,-7.999999863534712
20.13929,13.31484,42.18691,3065.20387,-1.16095,27.93531,8.500155782916266,3.166531681695294,-7.999999863534712
20.17555,13.33532,42.09429,3060.72298,-1.14889,27.91352,8.58645013700113,3.1986785991330104,-7.999999863534712
20.21176,13.35575,42.00286,3056.19077,-1.13458,27.89135,8.67183819680384,3.2304878981045895,-7.999999863534712
20.24793,13.37614,41.9128,3051.60725,-1.11802,27.86881,8.756054434557953,3.261860662530572,-7.999999863534712
20.28406,13.39649,41.82429,3046.97259,-1.09925,27.84588,8.83882972781559,3.2926966372180853,-7.999999863534712
20.32013,13.4168,41.7375,3042.28711,-1.0783,27.82259,8.919892747604397,3.322894744985833,-7.999999863534712
20.35616,13.43707,41.65259,3037.5513,-1.05524,27.79892,8.998971456748436,3.3523536448280487,-7.999999863534712
20.39214,13.4573,41.56973,3032.76581,-1.0301,27.77489,9.075794706878431,3.3809723268428367,-7.999999863534712
20.42808,13.47748,41.48908,3027.93145,-1.00294,27.75051,9.150093920223778,3.408650738743937,-7.999999863534712
20.46396,13.49762,41.41078,3023.04921,-0.97385,27.72578,9.221604839906503,3.4352904378912887,-7.999999863534712
20.4998,13.51771,41.33498,3018.12024,-0.94289,27.70072,9.290069330252756,3.4607952619544253,-7.999999863534712
20.53558,13.53776,41.26183,3013.14584,-0.91015,27.67532,9.355237206699346,3.4850720106008057,-7.999999863534712
20.57132,13.55777,41.19144,3008.12749,-0.87572,27.64961,9.416868073181794,3.5080311299712097,-7.999999863534712
20.607,13.57773,41.12394,3003.0668,-0.8397,27.6236,9.47473314362351,3.5295873912323836,-7.999999863534712
20.64264,13.59764,41.05944,2997.96555,-0.80219,27.5973,9.528617023267834,3.5496605541700954,-7.999999863534712
20.67822,13.61751,40.99805,2992.82567,-0.76331,27.57072,9.578319425200588,3.5681760066389465,-7.999999863534712
20.71375,13.63733,40.93986,2987.64919,-0.72316,27.54388,9.623656797534665,3.58506537073145,-7.999999863534712
20.74922,13.6571,40.88496,2982.4383,-0.68188,27.51679,9.664463837347501,3.600267066759568,-7.999999863534712
20.78465,13.67683,40.8334,2977.19531,-0.63959,27.48948,9.700594868652688,3.613726826585399,-7.999999863534712
20.82002,13.6965,40.78527,2971.92262,-0.59643,27.46196,9.731925063411241,3.6253981484799973,-7.999999863534712
20.85534,13.71613,40.74061,2966.62274,-0.55252,27.43424,9.758351486714847,3.635242686481635,-7.999999863534712
20.8906,13.73573,40.69957,2961.29794,-0.50525,27.44579,9.779644590892929,3.6431749280432593,0.0
20.92579,13.7553,40.66228,2955.95067,-0.45751,27.45733,9.795598439136434,3.6491181562849757,0.0
20.96091,13.77484,40.62876,2950.58382,-0.40946,27.46888,9.80618079357466,3.6530603617517183,0.0
20.99597,13.79437,40.59902,2945.20035,-0.36124,27.48042,9.811385772986801,3.6549993535339906,0.0
21.03096,13.81387,40.57305,2939.80322,-0.31302,27.49197,9.811233547683408,3.6549426456031884,0.0
21.06588,13.83335,40.55083,2934.39544,-0.26496,27.50352,9.805770042317592,3.6529073461009434,0.0
21.10074,13.8528,40.53233,2928.98002,-0.21719,27.51507,9.795066395983843,3.6489199562117385,0.0
21.13552,13.87223,40.51751,2923.55995,-0.16989,27.52662,9.779218190101766,3.6430160825292703,0.0
21.17024,13.89163,40.5063,2918.13822,-0.1232,27.53818,9.758344458356884,3.635240068233366,0.0
21.20489,13.91102,40.49866,2912.71776,-0.07726,27.54973,9.732586496366439,3.625644549659156,0.0
21.23948,13.93037,40.49449,2907.30147,-0.03222,27.56128,9.702106491687069,3.6142899459389017,0.0
21.27399,13.94971,40.49372,2901.89219,0.01178,27.57284,9.667085997163824,3.601243890284326,0.0
21.30844,13.96902,40.49625,2896.49268,0.0546,27.5844,9.627724272399814,3.5865806121404225,0.0
21.34282,13.9883,40.50197,2891.10562,0.09612,27.59595,9.584236519423865,3.5703802799252355,0.0
21.37713,14.00757,40.51076,2885.7336,0.1362,27.60751,9.536852039160797,3.5527283142665325,0.0
21.41137,14.0268,40.5225,2880.37911,0.17475,27.61908,9.485812335414082,3.5337146816854523,0.0
21.44555,14.04602,40.53707,2875.04453,0.21164,27.63064,9.43136919252403,3.5134331784736057,0.0
21.47966,14.06521,40.55432,2869.73211,0.24677,27.64221,9.373782751856199,3.491980714134394,0.0
21.5137,14.08438,40.5741,2864.44401,0.28004,27.65378,9.31331961080569,3.469456603212093,0.0
21.54768,14.10352,40.59627,2859.18223,0.31138,27.66535,9.25025096618579,3.445961873655268,0.0
21.58159,14.12264,40.62066,2853.94866,0.34069,27.67692,9.184850821698243,3.421598599052291,0.0
21.61543,14.14174,40.64712,2848.74505,0.3679,27.6885,9.117394276847453,3.396469261206857,0.0
21.64921,14.16081,40.67548,2843.57301,0.39296,27.70009,9.048155912124303,3.370676148576466,0.0
21.68293,14.17986,40.70557,2838.43401,0.4158,27.71168,8.977408282678711,3.344320795125821,0.0
21.71658,14.19889,40.73722,2833.3294,0.43637,27.72327,8.905420530118429,3.317503463185351,0.0
21.75016,14.21789,40.77025,2828.26037,0.45464,27.73487,8.832457119485987,3.2903226729418917,0.0
21.78368,14.23688,40.80448,2823.22798,0.47056,27.74647,8.758776706020438,3.262874780277621,0.0
21.81714,14.25584,40.83975,2818.23317,0.48413,27.75808,8.684631133996229,3.23525360381119,0.0
21.85054,14.27478,40.87586,2813.27672,0.49531,27.7697,8.610264567812584,3.2075501012056633,0.0
21.88387,14.29369,40.91265,2808.35929,0.5041,27.78132,8.535912753579103,3.1798520940897204,0.0
21.91714,14.31259,40.94993,2803.48144,0.51049,27.79296,8.46180240777057,3.152244040315487,0.0
21.95035,14.33147,40.98752,2798.64355,0.5145,27.8046,8.388150728024105,3.124806851717604,0.0
21.9835,14.35032,41.02526,2793.84594,0.51612,27.81625,8.315165020023707,3.097617755117903,0.0
22.01659,14.36915,41.06297,2789.08877,0.51538,27.8279,8.24304243333051,3.0707501939152224,0.0
22.04962,14.38797,41.10047,2784.3721,0.51229,27.83957,8.171969798354805,3.0442737673531997,0.0
22.08259,14.40676,41.1376,2779.69589,0.50689,27.85125,8.102123556073353,3.01825420433812,0.0
22.1155,14.42553,41.17419,2775.05999,0.49921,27.86294,8.03366977176594,2.992753368556144,0.0
22.14835,14.44429,41.21008,2770.46415,0.48929,27.87464,7.966764223875762,2.9678292915761397,0.0
22.18115,14.46302,41.24511,2765.90803,0.47718,27.88635,7.901552559077912,2.943536230616775,0.0
22.21388,14.48173,41.27913,2761.39119,0.46292,27.89807,7.838170504770717,2.919924747705128,0.0
22.24656,14.50043,41.31199,2756.91311,0.44656,27.9098,7.776744130437947,2.8970418070409916,0.0
22.27919,14.51911,41.34355,2752.4732,0.42817,27.92155,7.717390149649499,2.8749308875000708,0.0
22.31175,14.53777,41.37365,2748.07077,0.4078,27.93331,7.6602162548733,2.853632107360228,0.0
22.34427,14.55641,41.40218,2743.70507,0.38553,27.94508,7.605321477736431,2.8331823585082296,0.0
22.37672,14.57503,41.429,2739.37527,0.36141,27.95687,7.552796567863594,2.8136154475670434,0.0
22.40913,14.59363,41.45398,2735.08049,0.33552,27.96867,7.502724383925215,2.794962241571547,0.0
22.44147,14.61222,41.47701,2730.81977,0.30793,27.98048,7.455180291097805,2.777250816032966,0.0
22.47377,14.63079,41.49797,2726.59211,0.27873,27.99231,7.41023255963053,2.760506603415415,0.0
22.50601,14.64934,41.51677,2722.39643,0.24798,28.00415,7.36794275976449,2.7447525402537134,0.0
22.5382,14.66788,41.53329,2718.23162,0.21578,28.01601,7.328366148748236,2.730009211326851,0.0
22.57033,14.6864,41.54745,2714.0965,0.1822,28.02789,7.29155204617614,2.71629498948141,0.0
22.60242,14.7049,41.55915,2709.98985,0.14732,28.03978,7.257544194353745,2.7036261698771336,0.0
22.63445,14.72338,41.56832,2705.91042,0.11125,28.05169,7.2263811007994265,2.6920170975778106,0.0
22.66643,14.74185,41.57489,2701.8569,0.07406,28.06361,7.198096360425561,2.681480287572237,0.0
22.69835,14.76031,41.57878,2697.82795,0.03584,28.07555,7.1727189552734325,2.6720265364333526,0.0
22.73023,14.77875,41.57993,2693.82217,-0.00331,28.08751,7.150273530064294,2.663665024968268,0.0
22.76206,14.79717,41.5783,2689.83816,-0.0433,28.09948,7.130780642078024,2.6564034113046326,0.0
22.79383,14.81557,41.57382,2685.87445,-0.08404,28.11147,7.114256984203941,2.650247913982932,0.0
22.82556,14.83396,41.56647,2681.92957,-0.12543,28.12348,7.100715580232951,2.645203384707956,0.0
22.85723,14.85234,41.5562,2678.002,-0.16739,28.1355,7.090165951698187,2.6412733705013243,0.0
22.88886,14.8707,41.54299,2674.0902,-0.20981,28.14754,7.082614255760525,2.638460165067467,0.0
22.92044,14.88904,41.52681,2670.19258,-0.2526,28.1596,7.078063393871116,2.636764849273279,0.0
22.95196,14.90737,41.50767,2666.30757,-0.29566,28.17168,7.076513091065527,2.6361873206872755,0.0
22.98344,14.92568,41.48554,2662.43354,-0.3389,28.18377,7.077959945937335,2.6367263121960662,0.0
23.01487,14.94398,41.46042,2658.56886,-0.38222,28.19588,7.082397451486174,2.638379399770807,0.0
23.04624,14.96227,41.43233,2654.71185,-0.42552,28.20801,7.0898159871977535,2.6411429995167928,0.0
23.07757,14.98054,41.40128,2650.86084,-0.46871,28.22016,7.100202782835699,2.6450123541849684,0.0
23.10885,14.99879,41.36729,2647.01414,-0.51168,28.23232,7.113541854606919,2.6499815093918486,0.0
23.14008,15.01703,41.33037,2643.17004,-0.55435,28.2445,7.129813914488347,2.656043279841344,0.0
23.17127,15.03525,41.29058,2639.32681,-0.59662,28.2567,7.1489962537008935,2.663189205915738,0.0
23.2024,15.05346,41.24794,2635.48272,-0.63839,28.26891,7.171062601450896,2.671409501053166,0.0
23.23348,15.07165,41.2025,2631.63603,-0.67956,28.28114,7.195982960272571,2.680692990408343,0.0
23.26452,15.08983,41.15432,2627.78499,-0.72005,28.29339,7.223723419490246,2.6910270413623376,0.0
23.29551,15.10799,41.10346,2623.92785,-0.75975,28.30565,7.254245948548862,2.7023974865327447,0.0
23.32644,15.12614,41.04997,2620.06286,-0.79858,28.31793,7.287508172182019,2.7147885400178713,0.0
23.35733,15.14427,40.99393,2616.18826,-0.83644,28.33022,7.323463129633735,2.7281827077005025,0.0
23.38817,15.16239,40.93542,2612.30231,-0.87325,28.34253,7.362059020426942,2.7425606925399775,0.0
23.41896,15.18049,40.87452,2608.40327,-0.90892,28.35486,7.403238939451225,2.757901295885403,0.0
23.4497,15.19857,40.81132,2604.48942,-0.94335,28.3672,7.44694060442844,2.774181315949424,0.0
23.48039,15.21664,40.74591,2600.55904,-0.97647,28.37956,7.493096079158901,2.7913754447101495,0.0
23.51103,15.2347,40.6784,2596.61043,-1.00819,28.39193,7.541631496196027,2.8094561646001592,0.0
23.54161,15.25273,40.60888,2592.64192,-1.03843,28.40431,7.592466783021027,2.8283936464993675,0.0
23.57215,15.27076,40.53748,2588.65187,-1.06711,28.41671,7.645515396008236,2.8481556506301153,0.0
23.60264,15.28876,40.46429,2584.63865,-1.09415,28.42912,7.700684066850227,2.868707432093849,0.0
23.63308,15.30675,40.38945,2580.6007,-1.11949,28.44154,7.75787256639098,2.890011652892763,0.0
23.66346,15.32472,40.31308,2576.53646,-1.14305,28.45398,7.816973491070275,2.912028302374716,0.0
23.6938,15.34268,40.2353,2572.44444,-1.16477,28.46643,7.877872077455487,2.934714628141451,0.0
23.72408,15.36061,40.15625,2568.3232,-1.18458,28.47889,7.940446050501053,2.958025079521244,0.0
23.75431,15.37853,40.07606,2564.17134,-1.20242,28.49136,8.004565511354842,2.9819112657738307,0.0
23.78449,15.39643,39.99487,2559.98754,-1.21824,28.50384,8.070092870557726,3.006321931205491,0.0
23.81461,15.41432,39.91283,2555.77052,-1.232,28.51633,8.136882832535624,3.031202949391922,0.0
23.84469,15.43218,39.83007,2551.51909,-1.24364,28.52883,8.204782437160363,3.056497338660756,0.0
23.8747,15.45003,39.74674,2547.23214,-1.25312,28.54134,8.273631163975054,3.0821453009182562,0.0
23.90467,15.46786,39.663,2542.90863,-1.26041,28.55385,8.343261104372424,3.108084285790271,0.0
23.93458,15.48567,39.57899,2538.54761,-1.26548,28.56638,8.41349720662028,3.1342490819006685,0.0
23.96443,15.50346,39.49486,2534.14823,-1.2683,28.57891,8.484157598052441,3.1605719368959413,0.0
23.99423,15.52123,39.41076,2529.70972,-1.26886,28.59145,8.555053988090313,3.186982707581337,0.0
24.02398,15.53899,39.32686,2525.23144,-1.26715,28.60399,8.625992154925823,3.213409041223068,0.0
24.05367,15.55672,39.24328,2520.71284,-1.26315,28.61655,8.696772517800694,3.2397765887373873,0.0
24.0833,15.57443,39.1602,2516.15349,-1.25688,28.6291,8.767190795682426,3.266009250064734,0.0
24.11287,15.59212,39.07776,2511.55306,-1.24834,28.64166,8.837038752034497,3.292029451616219,0.0
24.14239,15.60979,38.9961,2506.91136,-1.23755,28.65423,8.906105023993113,3.3177584551637884,0.0
24.17185,15.62744,38.91538,2502.22833,-1.22453,28.66679,8.974176032972201,3.343116697064538,0.0
24.20125,15.64506,38.83573,2497.504,-1.20931,28.67936,9.041036972215581,3.3680241561498847,0.0
24.2306,15.66267,38.7573,2492.73857,-1.19192,28.69194,9.10647286537077,3.3924007480721627,0.0
24.25988,15.68025,38.68021,2487.93235,-1.17242,28.70451,9.170269688625154,3.416166743329865,0.0
24.2891,15.69781,38.60462,2483.08577,-1.15086,28.71708,9.232215547539143,3.439243205668968,0.0
24.31827,15.71534,38.53064,2478.19943,-1.1273,28.72966,9.292101898241022,3.4615524470101375,0.0
24.34737,15.73286,38.45839,2473.27401,-1.10179,28.74223,9.349724801391579,3.483018494583549,0.0
24.37641,15.75034,38.388,2468.31037,-1.07443,28.75481,9.4048861961046,3.5035675654977956,0.0
24.40539,15.76781,38.31958,2463.30947,-1.04529,28.76738,9.457395180062338,3.5231285436165707,0.0
24.43431,15.78525,38.25322,2458.27239,-1.01446,28.77996,9.507069281212697,3.541633453299341,0.0
24.46317,15.80267,38.18904,2453.20036,-0.98204,28.79253,9.553735705920467,3.559017924370518,0.0
24.49196,15.82006,38.12712,2448.09472,-0.94812,28.80509,9.597232548118312,3.5752216425600123,0.0
24.52069,15.83743,38.06754,2442.95689,-0.91282,28.81766,9.637409944040652,3.590188779671993,0.0
24.54936,15.85477,38.01039,2437.78846,-0.87625,28.83022,9.674131157333429,3.6038683978168247,0.0
24.57796,15.87208,37.95572,2432.59106,-0.83852,28.84278,9.707273580032714,3.6162148223019317,0.0
24.6065,15.88937,37.9036,2427.36645,-0.79977,28.85533,9.736729635694335,3.6271879780713543,0.0
24.63497,15.90663,37.85409,2422.11648,-0.76012,28.86788,9.762407572212899,3.636753685051692,0.0
24.66338,15.92387,37.80722,2416.84306,-0.71969,28.88043,9.784232133276102,3.6448839082864963,0.0
24.69173,15.94108,37.76303,2411.54819,-0.67863,28.89297,9.80214509911555,3.6515569593801884,0.0
24.72001,15.95827,37.72154,2406.23392,-0.63708,28.9055,9.816105689111769,3.6567576464790092,0.0
24.74822,15.97542,37.68277,2400.90235,-0.59516,28.91803,9.82609082083329,3.6604773707699025,0.0
24.77637,15.99255,37.64672,2395.55564,-0.55302,28.93056,9.832095222304478,3.6627141683032316,0.0
24.80445,16.00965,37.6134,2390.19596,-0.51081,28.94308,9.834131396490045,3.6634726967623226,0.0
24.83247,16.02673,37.58279,2384.82553,-0.46866,28.95559,9.832229439265395,3.6627641676526346,0.0
24.86042,16.04377,37.55487,2379.44657,-0.42672,28.9681,9.826436714302051,3.6606062251880216,0.0
24.8883,16.06079,37.52962,2374.0613,-0.38512,28.9806,9.81681739041867,3.657022773941818,0.0
24.91612,16.07778,37.50699,2368.67195,-0.344,28.99309,9.803451848935559,3.652043758070798,0.0
24.94387,16.09475,37.48694,2363.28072,-0.3035,29.00558,9.78643597029926,3.645704895564064,0.0
24.97156,16.11168,37.46941,2357.8898,-0.26375,29.01807,9.765880310852365,3.6380473715681454,0.0
24.99917,16.12859,37.45435,2352.50133,-0.22488,29.03054,9.74190918190518,3.629117495316957,0.0
25.02673,16.14547,37.44169,2347.11743,-0.18702,29.04302,9.71465964431203,3.618966325585023,0.0
25.05421,16.16232,37.43134,2341.74016,-0.15029,29.05548,9.68428043251415,3.607649269865145,0.0
25.08163,16.17914,37.42323,2336.37153,-0.1148,29.06794,9.650930822480825,3.5952256626466808,0.0
25.10899,16.19593,37.41727,2331.01348,-0.08067,29.0804,9.614779458137178,3.581758328229029,0.0
25.13627,16.2127,37.41335,2325.66788,-0.048,29.09285,9.576003150836025,3.5673131334933,0.0
25.16349,16.22944,37.41139,2320.33653,-0.01689,29.1053,9.534785665998369,3.5519585358939785,0.0
25.19065,16.24615,37.41126,2315.02116,0.01256,29.11774,9.49131651055312,3.535765131748308,0.0
25.21774,16.26283,37.41287,2309.72339,0.04028,29.13017,9.445789733962096,3.5188052095865663,0.0
25.24477,16.27948,37.4161,2304.44479,0.06617,29.14261,9.398402754677456,3.501152312976573,0.0
25.27173,16.29611,37.42082,2299.18679,0.09017,29.15504,9.349355222770422,3.48288081682297,0.0
25.29862,16.3127,37.42691,2293.95077,0.11221,29.16746,9.298847928269751,3.4640655206945716,0.0
25.32545,16.32927,37.43425,2288.73799,0.13223,29.17988,9.24708176345415,3.4447812622509892,0.0
25.35222,16.34582,37.44271,2283.54962,0.15018,29.1923,9.19425674601585,3.425102553345363,0.0
25.37892,16.36233,37.45216,2278.38672,0.16601,29.20472,9.140571108677774,3.405103240882798,0.0
25.40556,16.37882,37.46247,2273.25027,0.17969,29.21714,9.08622045954881,3.3848561940306148,0.0
25.43214,16.39528,37.47351,2268.14113,0.19118,29.22955,9.031397016175946,3.364433018882612,0.0
25.45865,16.41171,37.48513,2263.06007,0.20047,29.24196,8.976288915083327,3.3439038012442057,0.0
25.4851,16.42812,37.49722,2258.00776,0.20754,29.25437,8.921079597425534,3.323336877772105,0.0
25.51149,16.4445,37.50962,2252.98478,0.21237,29.26678,8.86594727036711,3.302798635324013,0.0
25.53782,16.46085,37.52222,2247.9916,0.21497,29.27919,8.81106444282477,3.28235333801039,0.0
25.56408,16.47718,37.53488,2243.02861,0.21533,29.29161,8.756597533423017,3.2620629811475994,0.0
25.59029,16.49348,37.54747,2238.09608,0.21348,29.30402,8.702706547778277,3.2419871710377635,0.0
25.61643,16.50976,37.55986,2233.19423,0.20942,29.31643,8.64954482161366,3.222183029272244,0.0
25.64251,16.52601,37.57192,2228.32315,0.20319,29.32885,8.597258825767712,3.2027051200922814,0.0
25.66854,16.54223,37.58352,2223.48286,0.19479,29.34126,8.54598802871666,3.1836053991749043,0.0
25.6945,16.55843,37.59455,2218.67332,0.18428,29.35368,8.495864811997802,3.1649331821259254,0.0
25.7204,16.5746,37.60489,2213.89437,0.17169,29.3661,8.447014433712141,3.146735130883708,0.0
25.74625,16.59075,37.61442,2209.1458,0.15706,29.37853,8.399555035185717,3.129055256200686,0.0
25.77204,16.60687,37.62302,2204.4273,0.14044,29.39096,8.353597685862582,3.1119349343671816,0.0
25.79776,16.62297,37.63059,2199.7385,0.12189,29.40339,8.309246461491094,3.0954129363378566,0.0
25.82344,16.63905,37.63703,2195.07897,0.10146,29.41583,8.266598550866718,3.079525467496214,0.0
25.84905,16.6551,37.64222,2190.4482,0.07921,29.42827,8.225744386415542,3.0643062163003902,0.0
25.87461,16.67112,37.64608,2185.84561,0.05522,29.44071,8.18676779420641,3.049786410166626,0.0
25.9001,16.68712,37.64851,2181.27057,0.02954,29.45317,8.149746159124033,3.035994877000597,0.0
25.92555,16.7031,37.64943,2176.72238,0.00226,29.46562,8.114750601236326,3.0229581108988803,0.0
25.95094,16.71905,37.64874,2172.2003,-0.02655,29.47809,8.08184615959592,3.0107003406198647,0.0
25.97627,16.73499,37.64638,2167.7035,-0.05681,29.49056,8.05109198007278,2.9992435995563307,0.0
26.00154,16.75089,37.64227,2163.23115,-0.08845,29.50303,8.02254150400822,2.9886077960140467,0.0
26.02676,16.76678,37.63634,2158.78233,-0.12137,29.51551,7.996242654841661,2.978810782735136,0.0
26.05193,16.78264,37.62853,2154.35608,-0.1555,29.528,7.972238020107058,2.969868424696545,0.0
26.07704,16.79848,37.61878,2149.9514,-0.19073,29.5405,7.950565026486862,2.9617946643222397,0.0
26.1021,16.81429,37.60704,2145.56727,-0.22698,29.553,7.931256105909392,2.954601583358855,0.0
26.1271,16.83008,37.59327,2141.20258,-0.26417,29.56551,7.914338850897675,2.9482994607472217,0.0
26.15205,16.84585,37.57741,2136.85624,-0.30219,29.57803,7.8998361576813005,2.942896825935298,0.0
26.17694,16.8616,37.55945,2132.52707,-0.34094,29.59055,7.88776635582627,2.938400507168699,0.0
26.20179,16.87732,37.53934,2128.2139,-0.38035,29.60309,7.878143323354236,2.934815674375644,0.0
26.22657,16.89303,37.51706,2123.9155,-0.42029,29.61563,7.870976586571812,2.9321458763559978,0.0
26.25131,16.90871,37.49259,2119.63063,-0.46069,29.62818,7.8662714040666195,2.930393072072011,0.0
26.27599,16.92436,37.46592,2115.35801,-0.50143,29.64073,7.86402883451636,2.929557655908984,0.0
26.30062,16.94,37.43705,2111.09634,-0.54243,29.6533,7.864245788183766,2.929638476858486,0.0
26.3252,16.95561,37.40597,2106.8443,-0.58357,29.66587,7.866915062156271,2.93063285164607,0.0
26.34972,16.9712,37.37268,2102.60056,-0.62476,29.67845,7.8720253596040735,2.9325365719053944,0.0
26.37419,16.98677,37.33719,2098.36374,-0.6659,29.69104,7.879561293512366,2.9353439055685877,0.0
26.39861,17.00232,37.29952,2094.13248,-0.70689,29.70364,7.889503375516037,2.9390475927068773,0.0
26.42298,17.01784,37.25969,2089.90538,-0.74764,29.71624,7.901827990702886,2.94363883614412,0.0
26.44729,17.03334,37.21772,2085.68105,-0.78803,29.72885,7.9165073593547035,2.949107287204357,0.0
26.47156,17.04882,37.17365,2081.45807,-0.82798,29.74147,7.933509486868445,2.955441027056124,0.0
26.49577,17.06428,37.1275,2077.23504,-0.86738,29.7541,7.952798103208741,2.9626265441569237,0.0
26.51992,17.07972,37.07933,2073.01054,-0.90615,29.76673,7.974332593464862,2.9706487083838686,0.0
26.54403,17.09513,37.02917,2068.78315,-0.94417,29.77938,7.998067921244818,2.979490742495962,0.0
26.56808,17.11052,36.97707,2064.55146,-0.98138,29.79202,8.023954546838302,2.989134191647647,0.0
26.59208,17.12589,36.9231,2060.31406,-1.01766,29.80468,8.051938342204016,2.9995588917193445,0.0
26.61603,17.14124,36.86732,2056.06954,-1.05293,29.81734,8.081960505082176,3.0107429373221053,0.0
26.63992,17.15656,36.80978,2051.81652,-1.0871,29.83001,8.113957474608489,3.022662650361594,0.0
26.66377,17.17186,36.75056,2047.55363,-1.1201,29.84268,8.147860851029742,3.035292550130032,0.0
26.68756,17.18714,36.68973,2043.2795,-1.15182,29.85536,8.183597322200798,3.0486053259243975,0.0
26.71129,17.20239,36.62736,2038.99281,-1.1822,29.86804,8.22108859971866,3.062571813254681,0.0
26.73498,17.21762,36.56355,2034.69225,-1.21116,29.88073,8.260251367632687,3.0771609747370956,0.0
26.75861,17.23283,36.49837,2030.37652,-1.23861,29.89342,8.300997246720542,3.0923398867859233,0.0
26.78219,17.24802,36.43191,2026.0444,-1.2645,29.90612,8.343232777454265,3.10807373326793,0.0
26.80571,17.26318,36.36427,2021.69466,-1.28875,29.91882,8.386859424716146,3.1243258072591553,0.0
26.82918,17.27832,36.29554,2017.32613,-1.31131,29.93153,8.431773607398673,3.1410575220716663,0.0
26.8526,17.29343,36.22581,2012.93769,-1.3321,29.94423,8.477866755896994,3.1582284326710175,0.0
26.87596,17.30852,36.15518,2008.52825,-1.35109,29.95694,8.525025400485243,3.175796268598757,0.0
26.89927,17.32359,36.08376,2004.09678,-1.36821,29.96966,8.573131293361465,3.1937169794373697,0.0
26.92253,17.33863,36.01166,1999.64232,-1.38342,29.98237,8.622061566998664,3.211944793800208,0.0
26.94573,17.35365,35.93897,1995.16394,-1.39668,29.99508,8.671688931178004,3.2304322927315505,0.0
26.96887,17.36864,35.8658,1990.66079,-1.40796,30.0078,8.721881910797704,3.249130498296665,0.0
26.99196,17.38361,35.79227,1986.13208,-1.41723,30.02052,8.772505126160024,3.267988977996089,0.0
27.01499,17.39855,35.71847,1981.57711,-1.42446,30.03323,8.823419617062784,3.2869559654982488,0.0
27.03797,17.41347,35.64452,1976.99522,-1.42963,30.04595,8.87448321153519,3.3059784980032525,0.0
27.06089,17.42836,35.57053,1972.38585,-1.43274,30.05866,8.92555093954104,3.325002570358223,0.0
27.08376,17.44322,35.49661,1967.74851,-1.43377,30.07137,8.976475491398842,3.343973305830854,0.0
27.10657,17.45806,35.42286,1963.08279,-1.43273,30.08408,9.02710772006252,3.362835143222189,0.0
27.12932,17.47287,35.3494,1958.38839,-1.42963,30.09679,9.077297185757011,3.3815320397577064,0.0
27.15201,17.48766,35.27632,1953.66505,-1.42448,30.10949,9.126892740783385,3.400007688942619,0.0
27.17465,17.50242,35.20373,1948.91265,-1.4173,30.12219,9.17574315163536,3.418205752316646,0.0
27.19723,17.51715,35.13174,1944.13111,-1.40811,30.13488,9.223697754864197,3.4360701037809362,0.0
27.21975,17.53185,35.06044,1939.32049,-1.39695,30.14757,9.27060714243254,3.453545084910414,0.0
27.24221,17.54653,34.98993,1934.48091,-1.38386,30.16026,9.316323871684848,3.47057576943644,0.0
27.26462,17.56117,34.92031,1929.61258,-1.36889,30.17294,9.360703194373468,3.4871082348282076,0.0
27.28696,17.57579,34.85167,1924.71584,-1.3521,30.18561,9.403603798674277,3.5030898387130924,0.0
27.30925,17.59039,34.78409,1919.79108,-1.33353,30.19827,9.444888557582914,3.5184694976739426,0.0
27.33147,17.60495,34.71766,1914.8388,-1.31326,30.21093,9.484425276679469,3.5331979658110972,0.0
27.35364,17.61948,34.65246,1909.85959,-1.29137,30.22358,9.522087433921127,3.5472281103346113,0.0
27.37574,17.63399,34.58856,1904.85413,-1.26792,30.23623,9.557754903914434,3.5605151813747344,0.0
27.39779,17.64846,34.52604,1899.82317,-1.24301,30.24886,9.591314658975037,3.573017073145108,0.0
0.04826,0.04826,53.25006,5100.36374,-0.50229,45.0001,4.9653432369115915,1.8497210017929502,0.0
0.09649,0.09649,53.18289,5097.70469,-0.50395,45.00026,5.00724822759065,1.865331713407562,0.0
0.1447,0.1447,53.11558,5095.02246,-0.50498,45.00046,5.049560967417039,1.881094322308081,0.0
0.19288,0.19289,53.04821,5092.31666,-0.50538,45.00072,5.092224101676483,1.8969874623543448,0.0
0.24104,0.24105,52.98086,5089.58696,-0.50513,45.00103,5.135177821175645,1.912988853048162,0.0
0.28917,0.28918,52.91362,5086.83306,-0.50424,45.00139,5.1783599092273915,1.9290753170365544,0.0
0.33728,0.33729,52.84659,5084.05466,-0.50269,45.0018,5.2217058046514815,1.9452228035811767,0.0
0.38536,0.38537,52.77984,5081.25155,-0.5005,45.00226,5.265148681532139,1.9614064182701056,0.0
0.43341,0.43343,52.71346,5078.42351,-0.49765,45.00277,5.308619546405814,1.977600459222842,0.0
0.48144,0.48147,52.64754,5075.57039,-0.49415,45.00333,5.352047353455823,1.9937784600033432,0.0
0.52944,0.52947,52.58217,5072.69207,-0.48999,45.00394,5.395359138131087,2.0099132393965204,0.0
0.57741,0.57746,52.51743,5069.78846,-0.48518,45.0046,5.4384801694996705,2.0259769581639366,0.0
0.62536,0.62541,52.4534,5066.85954,-0.47973,45.00531,5.481334121462326,2.041941182825363,0.0
0.67327,0.67334,52.39018,5063.9053,-0.47364,45.00607,5.523843262811247,2.05777695646066,0.0
0.72116,0.72124,52.32785,5060.92581,-0.46691,45.00687,5.56592866591142,2.073454876449074,0.0
0.76902,0.76912,52.26648,5057.92115,-0.45956,45.00773,5.607510433593199,2.088945178992691,0.0
0.81685,0.81697,52.20617,5054.89149,-0.45159,45.00864,5.648507943644383,2.104217830196167,0.0
0.86465,0.86479,52.14699,5051.837,-0.44301,45.00959,5.688840110081538,2.119242623397174,0.0
0.91243,0.91259,52.08902,5048.75795,-0.43384,45.0106,5.728425660148695,2.1339892823556976,0.0
0.96018,0.96034,52.03214,5045.65494,-0.42699,44.98797,5.7673400703962745,2.148485924072677,-13.999999761185746
1.00792,1.00806,51.97623,5042.52855,-0.41959,44.96522,5.805663598617026,2.1627624466876214,-13.999999761185746
1.05566,1.05572,51.92138,5039.379,-0.41166,44.94234,5.843323531988436,2.176791762760955,-13.999999761185746
1.10338,1.10333,51.86764,5036.20653,-0.4032,44.91934,5.880246991740545,2.1905467230333113,-13.999999761185746
1.15109,1.1509,51.81508,5033.01144,-0.39423,44.89623,5.916361472361274,2.2040003172937066,-13.999999761185746
1.19879,1.19842,51.76377,5029.79409,-0.38475,44.873,5.951595107739601,2.217125773524874,-13.999999761185746
1.24648,1.24589,51.71377,5026.55485,-0.3748,44.84965,5.985876944974022,2.2298966599041203,-13.999999761185746
1.29416,1.29331,51.66515,5023.29417,-0.36437,44.8262,6.019137224212482,2.2422869890510624,-13.999999761185746
1.34183,1.34069,51.61796,5020.0125,-0.35349,44.80265,6.051307662721432,2.2542713238508263,-13.999999761185746
1.38948,1.38801,51.57225,5016.71038,-0.34218,44.77899,6.082321741298583,2.2658248841503346,-13.999999761185746
1.43713,1.43528,51.52809,5013.38835,-0.33046,44.75524,6.112114990998868,2.276923653571269,-13.999999761185746
1.48476,1.48251,51.48552,5010.04701,-0.31835,44.7314,6.140625278084343,2.287544485661409,-13.999999761185746
1.53238,1.52968,51.4446,5006.687,-0.30586,44.70747,6.167793085047278,2.297665208583125,-13.999999761185746
1.57999,1.5768,51.40536,5003.309,-0.29303,44.68346,6.193561785490768,2.3072647275136395,-13.999999761185746
1.62759,1.62388,51.36784,4999.91372,-0.27988,44.65937,6.2178779106659245,2.316323123937144,-13.999999761185746
1.67518,1.6709,51.3321,4996.5019,-0.26642,44.63522,6.240691405466189,2.3248217510094165,-13.999999761185746
1.72275,1.71787,51.29815,4993.07433,-0.25269,44.611,6.2619558717082455,2.332743324186363,-13.999999761185746
1.77031,1.76479,51.26604,4989.63181,-0.23871,44.58672,6.2816287966142035,2.340072006339639,-13.999999761185746
1.81786,1.81166,51.2358,4986.17518,-0.22452,44.5624,6.299671764498223,2.3467934866154936,-13.999999761185746
1.86539,1.85848,51.20744,4982.70532,-0.21012,44.53803,6.3160506497782745,2.3528950523367205,-13.999999761185746
1.91291,1.90525,51.18098,4979.22312,-0.19557,44.51362,6.33073578957613,2.3583656533007047,-13.999999761185746
1.96042,1.95196,51.15646,4975.72949,-0.18087,44.48918,6.343702134372936,2.3631959579025796,-13.999999761185746
2.00792,1.99863,51.13387,4972.22537,-0.16607,44.46471,6.35492937532992,2.367378400565544,-13.999999761185746
2.0554,2.04524,51.11322,4968.71171,-0.15118,44.44023,6.3644020471416525,2.37090722005641,-13.999999761185746
2.10287,2.0918,51.09454,4965.18948,-0.13625,44.41574,6.372109605497626,2.373778488342076,-13.999999761185746
2.15032,2.13831,51.0778,4961.65965,-0.1213,44.39124,6.378046478469324,2.3759901297325623,-13.999999761185746
2.19776,2.18476,51.06302,4958.12322,-0.10636,44.36675,6.382212091398473,2.3775419301525433,-13.999999761185746
2.24519,2.23117,51.05019,4954.58118,-0.09146,44.34227,6.384610865121518,2.3784355364799126,-13.999999761185746
2.2926,2.27752,51.03929,4951.03453,-0.07663,44.31781,6.385252187616414,2.3786744459834717,-13.999999761185746
2.34,2.32382,51.03032,4947.48427,-0.06189,44.29338,6.38415035941709,2.378263985988379,-13.999999761185746
2.38738,2.37007,51.02325,4943.9314,-0.04729,44.26898,6.3813245134030385,2.3772112839956607,-13.999999761185746
2.43475,2.41627,51.01807,4940.3769,-0.03284,44.24462,6.3767985097921684,2.3755252285642903,-13.999999761185746
2.48211,2.46242,51.01475,4936.82177,-0.01858,44.22031,6.370600807418784,2.37321642135884,-13.999999761185746
2.52945,2.50851,51.01325,4933.26698,-0.00454,44.19605,6.362764312568701,2.370297120836596,-13.999999761185746
2.57678,2.55455,51.01356,4929.7135,0.00927,44.17185,6.353326206849951,2.3667811781248544,-13.999999761185746
2.62409,2.60054,51.01563,4926.16226,0.02281,44.14772,6.342327755741332,2.3626839657002283,-13.999999761185746
2.67139,2.64648,51.01943,4922.61421,0.03605,44.12366,6.329814099617997,2.3580222995401776,-13.999999761185746
2.71867,2.69237,51.02491,4919.07026,0.04897,44.09969,6.315834029159888,2.3528143554567404,-13.999999761185746
2.76593,2.73821,51.03203,4915.53129,0.06155,44.0758,6.300439747164147,2.3470795803653908,-13.999999761185746
2.81319,2.784,51.04073,4911.99816,0.07375,44.052,6.283686618835631,2.3408385992616823,-13.999999761185746
2.86042,2.82974,51.05098,4908.47173,0.08557,44.02831,6.265632912688734,2.334113118700366,-13.999999761185746
2.90765,2.87542,51.06271,4904.95279,0.09698,44.00471,6.2463395341736945,2.326925827564173,-13.999999761185746
2.95485,2.92106,51.07587,4901.44213,0.10795,43.98122,6.22586975420028,2.3193002959317504,-13.999999761185746
3.00204,2.96664,51.09039,4897.94051,0.11846,43.95785,6.204288934608168,2.3112608728081505,-13.999999761185746
3.04922,3.01218,51.10623,4894.44864,0.12851,43.9346,6.1816642526558025,2.3028325834896854,-13.999999761185746
3.09638,3.05766,51.1233,4890.96721,0.13806,43.91147,6.158064426472272,2.294041027287523,-13.999999761185746
3.14353,3.1031,51.14156,4887.49687,0.14711,43.88847,6.133559443339699,2.284912276305728,-13.999999761185746
3.19066,3.14849,51.16093,4884.03824,0.15564,43.86559,6.1082202925573785,2.275472775926131,-13.999999761185746
3.23777,3.19382,51.18134,4880.59189,0.16363,43.84286,6.0821187045126095,2.2657492476053402,-13.999999761185746
3.28487,3.23911,51.20272,4877.15837,0.17108,43.82026,6.0553268974439955,2.2557685945374115,-13.999999761185746
3.33195,3.28435,51.225,4873.73818,0.17796,43.7978,6.027917333235691,2.2455578106807796,-13.999999761185746
3.37902,3.32955,51.24811,4870.3318,0.18428,43.77548,5.999962483429511,2.2351438935916117,-13.999999761185746
3.42607,3.37469,51.27197,4866.93965,0.19001,43.75332,5.971534606476362,2.2245537614441044,-13.999999761185746
3.47311,3.41979,51.2965,4863.56212,0.19517,43.7313,5.9427055371125626,2.213814174567622,-13.999999761185746
3.52013,3.46484,51.32164,4860.19957,0.19972,43.70942,5.9135464885483815,2.202951661756723,-13.999999761185746
3.56714,3.50984,51.3473,4856.85231,0.20368,43.68771,5.884127868052962,2.1919924515716884,-13.999999761185746
3.61413,3.5548,51.37341,4853.52062,0.20704,43.66614,5.854519106312931,2.1809624087701183,-13.999999761185746
3.6611,3.59971,51.39989,4850.20474,0.20979,43.64473,5.824788500856844,2.1698869759784163,-13.999999761185746
3.70806,3.64458,51.42667,4846.90487,0.21194,43.62347,5.795003073635664,2.1587911206367707,-13.999999761185746
3.755,3.6894,51.45366,4843.62118,0.21348,43.60236,5.765228442783426,2.147699287226625,-13.999999761185746
3.80193,3.73417,51.48078,4840.3538,0.21441,43.58141,5.735528708415583,2.136635354727561,-13.999999761185746
3.84885,3.7789,51.50797,4837.10282,0.21473,43.56062,5.70596635223926,2.125622599219477,-13.999999761185746
3.89574,3.82358,51.53514,4833.86831,0.21445,43.53998,5.676602150636935,2.1146836615039675,-13.999999761185746
3.94262,3.86822,51.56222,4830.65028,0.21358,43.51949,5.647495100824252,2.1038405195961705,-13.999999761185746
3.98949,3.91282,51.58914,4827.44872,0.2121,43.49915,5.61870235955451,2.093114465890574,-13.999999761185746
4.03634,3.95737,51.61581,4824.2636,0.21004,43.47897,5.590279193832387,2.082526088800584,-13.999999761185746
4.08318,4.00188,51.64217,4821.09485,0.2074,43.45893,5.562278943009967,2.072095258638294,-13.999999761185746
4.13,4.04634,51.66814,4817.94235,0.20418,43.43904,5.534752991605368,2.06184111748871,-13.999999761185746
4.1768,4.09076,51.69365,4814.80598,0.20039,43.4193,5.507750752141994,2.0517820728169247,-13.999999761185746
4.22359,4.13514,51.71863,4811.68556,0.19605,43.39971,5.481319657291081,2.0419357945409993,-13.999999761185746
4.27036,4.17948,51.74302,4808.58092,0.19116,43.38025,5.45550516056251,2.032319215289319,-13.999999761185746
4.31712,4.22378,51.76674,4805.49182,0.18573,43.36093,5.430350744813837,2.0229485335704274,-13.999999761185746
4.36386,4.26803,51.78973,4802.41803,0.17978,43.34175,5.405897937793066,2.013839219563115,-13.999999761185746
4.41059,4.31225,51.81193,4799.35926,0.17331,43.3227,5.382186333999365,2.0050060232601177,-13.999999761185746
4.4573,4.35642,51.83326,4796.31523,0.16635,43.30379,5.359253622089811,1.9964629846778437,-13.999999761185746
4.504,4.40055,51.85368,4793.2856,0.1589,43.285,5.337135617119451,1.988223445866649,-13.999999761185746
4.55068,4.44464,51.87312,4790.27005,0.15098,43.26633,5.315866296913593,1.9803000644604714,-13.999999761185746
4.59735,4.48869,51.89153,4787.2682,0.1426,43.24778,5.295477841869373,1.9727048285039612,-13.999999761185746
4.644,4.5327,51.90885,4784.27966,0.13379,43.22935,5.276000677538735,1.9654490723157625,-13.999999761185746
4.69064,4.57667,51.92503,4781.30403,0.12454,43.21104,5.257463519362802,1.9585434931532415,-13.999999761185746
4.73726,4.62061,51.94001,4778.34088,0.11489,43.19283,5.239893418940292,1.9519981684486911,-13.999999761185746
4.78387,4.6645,51.95376,4775.38976,0.10485,43.17472,5.22331581127691,1.9458225734109726,-13.999999761185746
4.83046,4.70835,51.96622,4772.45022,0.09444,43.15672,5.207754562465391,1.9400255987875836,-13.999999761185746
4.87703,4.75217,51.97734,4769.52175,0.08366,43.13881,5.193232017286808,1.9346155685974002,-13.999999761185746
4.92359,4.79594,51.9871,4766.60388,0.07255,43.12099,5.179769046270588,1.929600257661772,-13.999999761185746
4.97014,4.83968,51.99544,4763.69608,0.06112,43.10326,5.167385091757706,1.9249869087642697,-13.999999761185746
5.01667,4.88338,52.00233,4760.79782,0.0494,43.08561,5.15609821257061,1.9207822492914117,-13.999999761185746
5.06319,4.92705,52.00774,4757.90856,0.03739,43.06804,5.145925126902624,1.9169925072100937,-13.999999761185746
5.10969,4.97067,52.01163,4755.02774,0.02511,43.05054,5.1368812530762735,1.9136234262511367,-13.999999761185746
5.15618,5.01426,52.01398,4752.15479,0.0126,43.0331,5.128980747873282,1.9106802801882194,-13.999999761185746
5.20265,5.05781,52.01476,4749.28913,-0.00013,43.01573,5.122236542123455,1.908167886095676,-13.999999761185746
5.24911,5.10132,52.01394,4746.43016,-0.01307,42.99842,5.116660373309845,1.9060906164947746,-13.999999761185746
5.29555,5.1448,52.0115,4743.57727,-0.02619,42.98116,5.112262814946334,1.9044524102976426,-13.999999761185746
5.34198,5.18824,52.00743,4740.72984,-0.03946,42.96395,5.109053302535457,1.9032567824772373,-13.999999761185746
5.38839,5.23164,52.0017,4737.88725,-0.05288,42.94678,5.1070401559102026,1.9025068323902539,-13.999999761185746
5.43478,5.27501,51.99431,4735.04886,-0.06641,42.92964,5.106230597813547,1.9022052506984943,-13.999999761185746
5.48117,5.31834,51.98524,4732.21402,-0.08004,42.91254,5.106630768580113,1.902354324838167,-13.999999761185746
5.52754,5.36163,51.97448,4729.38207,-0.09374,42.89546,5.108245736806528,1.9029559429948777,-13.999999761185746
5.57389,5.40489,51.96202,4726.55235,-0.1075,42.8784,5.111079505937024,1.9040115965569409,-13.999999761185746
5.62023,5.44811,51.94787,4723.72419,-0.12129,42.86136,5.1151350166866765,1.9055223810180966,-13.999999761185746
5.66655,5.49129,51.93202,4720.89692,-0.13509,42.84433,5.120414145266355,1.907488995316259,-13.999999761185746
5.71286,5.53444,51.91448,4718.06984,-0.14888,42.8273,5.126917697389311,1.9099117396008152,-13.999999761185746
5.75915,5.57755,51.89525,4715.24227,-0.16264,42.81027,5.134645398065492,1.9127905114307344,-13.999999761185746
5.80543,5.62063,51.87433,4712.41352,-0.17634,42.79323,5.143595877206687,1.9161248004121092,-13.999999761185746
5.85169,5.66367,51.85174,4709.58288,-0.18997,42.77618,5.153766651092727,1.9199136812938262,-13.999999761185746
5.89794,5.70667,51.82749,4706.74965,-0.2035,42.75911,5.165154099766231,1.9241558055465133,-13.999999761185746
5.94418,5.74964,51.8016,4703.91312,-0.21691,42.74202,5.177753440463785,1.9288493914649574,-13.999999761185746
5.99039,5.79257,51.77407,4701.0726,-0.23018,42.7249,5.191558697194455,1.933992212835298,-13.999999761185746
6.0366,5.83547,51.74495,4698.22736,-0.24328,42.70775,5.206562666629244,1.9395815862279522,-13.999999761185746
6.08279,5.87833,51.71423,4695.3767,-0.25621,42.69055,5.222756880455145,1.9456143569735098,-13.999999761185746
6.12896,5.92115,51.68197,4692.51991,-0.26893,42.67331,5.240131564429627,1.9520868839094536,-13.999999761185746
6.17512,5.96394,51.64817,4689.65626,-0.28143,42.65601,5.258675594340419,1.9589950229740158,-13.999999761185746
6.22126,6.00669,51.61287,4686.78507,-0.29368,42.63866,5.27837644916124,1.9663341097554592,-13.999999761185746
6.26739,6.04941,51.57611,4683.90561,-0.30566,42.62125,5.299220161689699,1.9740989411033931,-13.999999761185746
6.3135,6.09209,51.53792,4681.01719,-0.31736,42.60377,5.321191266993259,1.982283755923542,-13.999999761185746
6.3596,6.13473,51.49834,4678.1191,-0.32875,42.58622,5.344272749055028,1.9908822153018941,-13.999999761185746
6.40568,6.17733,51.45741,4675.21065,-0.33982,42.56859,5.368445986000768,1.999887382100326,-13.999999761185746
6.45175,6.2199,51.41517,4672.29114,-0.35054,42.55088,5.3936906943543805,2.0092917001902992,-13.999999761185746
6.4978,6.26243,51.37167,4669.35991,-0.36089,42.53307,5.419984872801189,2.0190869735032084,-13.999999761185746
6.54384,6.30493,51.32695,4666.41627,-0.37087,42.51518,5.447304745975232,2.029264345089665,-13.999999761185746
6.58986,6.34738,51.28107,4663.45955,-0.38044,42.49719,5.475624708820835,2.03981427639272,-13.999999761185746
6.63586,6.3898,51.23408,4660.48911,-0.38959,42.47909,5.5049172721218795,2.0507265269560855,-13.999999761185746
6.68184,6.4322,51.18621,4657.50394,-0.39528,42.48552,5.535008505864827,2.061936303273344,0.0
6.72779,6.47457,51.1377,4654.50316,-0.4005,42.492,5.565719158735894,2.073376829513725,0.0
6.7737,6.51693,51.08862,4651.48632,-0.40524,42.49851,5.597009876374584,2.0850334451424684,0.0
6.81957,6.55927,51.03903,4648.45298,-0.40949,42.50507,5.628839713142077,2.0968908968317685,0.0
6.86542,6.60159,50.98898,4645.40273,-0.41324,42.51168,5.66116592338714,2.1089332607018356,0.0
6.91122,6.64389,50.93853,4642.33517,-0.41647,42.51832,5.693943976420206,2.1211439478991343,0.0
6.957,6.68618,50.88776,4639.24993,-0.41919,42.525,5.727127579764373,2.1335057132579873,0.0
7.00274,6.72844,50.83673,4636.14667,-0.42138,42.53173,5.760668711271151,2.1460006672645457,0.0
7.04844,6.77069,50.7855,4633.02507,-0.42304,42.5385,5.794517660612762,2.158610291513754,0.0
7.09411,6.81292,50.73413,4629.88484,-0.42416,42.54531,5.828623080649663,2.1713154578451084,0.0
7.13974,6.85513,50.6827,4626.7257,-0.42474,42.55216,5.862932049118145,2.184096451322908,0.0
7.18533,6.89732,50.63126,4623.54743,-0.42477,42.55905,5.897390141011708,2.196932997200223,0.0
7.23089,6.93949,50.57989,4620.34981,-0.42425,42.56598,5.931941512011948,2.2098042919990974,0.0
7.27642,6.98165,50.52865,4617.13268,-0.42319,42.57295,5.9665289931954595,2.2226890387913563,0.0
7.3219,7.02378,50.4776,4613.89588,-0.42157,42.57997,6.001094197210796,2.2355654867523223,0.0
7.36735,7.06589,50.42682,4610.63931,-0.41941,42.58702,6.035577636003806,2.2484114750165984,0.0
7.41277,7.10799,50.37638,4607.3629,-0.41669,42.59411,6.06991885009186,2.2612044808361227,0.0
7.45814,7.15007,50.32632,4604.06659,-0.41343,42.60125,6.104056549278351,2.2739216720000135,0.0
7.50348,7.19212,50.27673,4600.75039,-0.40964,42.60842,6.137928764587507,2.286539963434297,0.0
7.54878,7.23416,50.22767,4597.41433,-0.4053,42.61563,6.171473011102795,2.2990360778634864,0.0
7.59404,7.27617,50.17919,4594.05846,-0.40044,42.62289,6.204626461254675,2.3113866103648353,0.0
7.63927,7.31817,50.13137,4590.68289,-0.39505,42.63018,6.237326127994906,2.323568096605585,0.0
7.68445,7.36014,50.08425,4587.28777,-0.38915,42.63751,6.269509057182645,2.3355570845118474,0.0
7.7296,7.4021,50.03791,4583.87327,-0.38275,42.64488,6.3011125283654605,2.347330209064818,0.0
7.77471,7.44403,49.99241,4580.43961,-0.37586,42.65228,6.332074263040556,2.35886426988356,0.0
7.81978,7.48595,49.94779,4576.98703,-0.36849,42.65973,6.3623326393477555,2.370136311203787,0.0
7.86481,7.52784,49.90412,4573.51583,-0.36065,42.66721,6.391826912055584,2.3811237038284734,0.0
7.90981,7.56971,49.86144,4570.02634,-0.35236,42.67474,6.420497436571283,2.391804228577473,0.0
7.95476,7.61156,49.81982,4566.51892,-0.34364,42.6823,6.448285895635382,2.402156160737212,0.0
7.99967,7.65339,49.7793,4562.99397,-0.33449,42.6899,6.47513552727685,2.4121583549799843,0.0
8.04454,7.6952,49.73992,4559.45192,-0.32495,42.69753,6.500991352514586,2.421790330188747,0.0
8.08938,7.73698,49.70173,4555.89326,-0.31502,42.7052,6.525800401237742,2.43103235360348,0.0
8.13417,7.77875,49.66479,4552.31848,-0.30474,42.71292,6.549511934680811,2.439865523699017,0.0
8.17892,7.82049,49.62911,4548.72812,-0.29411,42.72066,6.57207766285793,2.4482718511850354,0.0
8.22363,7.86221,49.59475,4545.12275,-0.28316,42.72845,6.593451955307503,2.4562343375139832,0.0
8.2683,7.90391,49.56174,4541.50297,-0.27191,42.73627,6.613592043542805,2.4637370502992466,0.0
8.31293,7.94558,49.5301,4537.86941,-0.2604,42.74413,6.6324582135997066,2.4707651950442524,0.0
8.35752,7.98724,49.49987,4534.22273,-0.24863,42.75203,6.650013987142058,2.4773051826089807,0.0
8.40206,8.02887,49.47108,4530.56361,-0.23664,42.75996,6.666226289644893,2.4833446918626385,0.0
8.44657,8.07048,49.44375,4526.89274,-0.22445,42.76793,6.681065604261269,2.4888727270031046,0.0
8.49103,8.11206,49.41789,4523.21087,-0.21209,42.77593,6.694506110097658,2.4938796690681513,0.0
8.53545,8.15363,49.39352,4519.51874,-0.19958,42.78397,6.706525803724984,2.4983573212015036,0.0
8.57983,8.19517,49.37066,4515.8171,-0.18696,42.79205,6.717106602902721,2.502298947292792,0.0
8.62417,8.23669,49.34932,4512.10676,-0.17424,42.80017,6.726234431630253,2.5056993036614257,0.0
8.66847,8.27818,49.3295,4508.38849,-0.16146,42.80831,6.733899285824806,2.508554663523348,0.0
8.71272,8.31966,49.3112,4504.66312,-0.14865,42.8165,6.740095279079605,2.510862834037155,0.0
8.75693,8.36111,49.29444,4500.93144,-0.13583,42.82472,6.744820668128532,2.512623165790349,0.0
8.8011,8.40253,49.27919,4497.19429,-0.12303,42.83298,6.748077857851326,2.5138365546639094,0.0
8.84523,8.44394,49.26546,4493.4525,-0.11027,42.84127,6.749873385814069,2.514505436073215,0.0
8.88931,8.48532,49.25324,4489.70689,-0.0976,42.8496,6.750217886544683,2.514633771659729,0.0
8.93335,8.52668,49.24252,4485.95829,-0.08503,42.85796,6.749126035907696,2.514227028569131,0.0
8.97735,8.56801,49.23327,4482.20754,-0.07259,42.86636,6.746616476127763,2.5132921515206146,0.0
9.02131,8.60933,49.22547,4478.45544,-0.06031,42.87479,6.742711722180585,2.5118375279350307,0.0
9.06522,8.65062,49.21912,4474.70283,-0.04821,42.88326,6.737438050421476,2.5098729464461083,0.0
9.10909,8.69188,49.21417,4470.9505,-0.03633,42.89176,6.730825370476571,2.5074095491765496,0.0
9.15292,8.73313,49.2106,4467.19926,-0.02468,42.9003,6.722907081532487,2.5044597782021576,0.0
9.1967,8.77435,49.20839,4463.44988,-0.01329,42.90888,6.713719914298657,2.501037316678638,0.0
9.24044,8.81554,49.20748,4459.70313,-0.0022,42.91748,6.703303760005513,2.4971570251389283,0.0
9.28414,8.85672,49.20786,4455.95977,0.00859,42.92613,6.691701487868711,2.4928348734938166,0.0
9.3278,8.89787,49.20948,4452.22052,0.01905,42.93481,6.678958752537783,2.4880878693015007,0.0
9.37141,8.939,49.21229,4448.4861,0.02915,42.94352,6.665123793067119,2.4829339828789863,0.0
9.41498,8.98011,49.21625,4444.75719,0.03887,42.95227,6.650247224982714,2.477392069841482,0.0
9.45851,9.02119,49.22132,4441.03446,0.0482,42.96106,6.634381827025336,2.471481791658615,0.0
9.50199,9.06225,49.22744,4437.31856,0.05711,42.96988,6.617582324127907,2.4652235348077984,0.0
9.54543,9.10329,49.23457,4433.61008,0.0656,42.97873,6.599905168184898,2.458638329105063,0.0
9.58883,9.14431,49.24265,4429.90962,0.07363,42.98762,6.581408318082714,2.4517477657605817,0.0
9.63219,9.18531,49.25163,4426.21774,0.0812,42.99654,6.562151020442486,2.4445739156996016,0.0
9.6755,9.22628,49.26145,4422.53496,0.08829,43.0055,6.5421935924561705,2.437139248663165,0.0
9.71878,9.26723,49.27205,4418.86179,0.09488,43.0145,6.521597208057627,2.4294665535512197,0.0
9.76201,9.30816,49.28338,4415.19868,0.10097,43.02353,6.500423688667738,2.4215788604696606,0.0
9.80519,9.34907,49.29538,4411.54607,0.10654,43.03259,6.478735299579226,2.413499364878329,0.0
9.84834,9.38995,49.30797,4407.90437,0.11159,43.04169,6.456594552971935,2.405251354209009,0.0
9.89144,9.43082,49.32111,4404.27394,0.1161,43.05083,6.434064018450395,2.3968581372856943,0.0
9.9345,9.47166,49.33472,4400.65512,0.12007,43.06,6.4112061418391635,2.388342976821081,0.0
9.97752,9.51248,49.34875,4397.04822,0.12349,43.0692,6.3880830729251015,2.379729025246033,0.0
10.0205,9.55328,49.36313,4393.4535,0.12636,43.07844,6.364756502653409,2.3710392640608253,0.0
10.06344,9.59406,49.3778,4389.8712,0.12867,43.08772,6.341287510205719,2.3622964468677052,0.0
10.10633,9.63482,49.39269,4386.30153,0.13042,43.09703,6.3177364202950175,2.3535230462094994,0.0
10.14918,9.67556,49.40773,4382.74466,0.13161,43.10638,6.29416267086025,2.344741204282371,0.0
10.19199,9.71628,49.42287,4379.20072,0.13223,43.11576,6.270624691294869,2.3359726875727507,0.0
10.23476,9.75698,49.43803,4375.66983,0.1323,43.12518,6.247179791207879,2.3272388454178996,0.0
10.27749,9.79765,49.45316,4372.15205,0.1318,43.13463,6.2238840596519065,2.3185605724657132,0.0
10.32018,9.83831,49.46818,4368.64743,0.13075,43.14412,6.200792274659345,2.309958274974554,0.0
10.36283,9.87895,49.48304,4365.15598,0.12915,43.15365,6.177957822869227,2.3014518408721494,0.0
10.40544,9.91956,49.49768,4361.67768,0.127,43.16321,6.155432628927715,2.2930606134554137,0.0
10.448,9.96016,49.51203,4358.21248,0.12431,43.1728,6.133267094333091,2.2848033686086007,0.0
10.49053,10.00074,49.52602,4354.76031,0.12108,43.18243,6.111510045300459,2.2766982953815327,0.0
10.53301,10.0413,49.53961,4351.32105,0.11733,43.1921,6.090208689214294,2.268762979767026,0.0
10.57546,10.08184,49.55274,4347.89458,0.11306,43.20181,6.06940857915188,2.2610143914849434,0.0
10.61786,10.12236,49.56533,4344.48071,0.10829,43.21154,6.049153586008003,2.2534688735979045,0.0
10.66022,10.16286,49.57735,4341.07928,0.10302,43.22132,6.029485877641054,2.2461421347426644,0.0
10.70255,10.20334,49.58873,4337.69006,0.09726,43.23113,6.01044590449528,2.2390492437740197,0.0
10.74483,10.24381,49.59942,4334.31281,0.09104,43.24098,5.992072391155721,2.2322046266188034,0.0
10.78708,10.28425,49.60938,4330.94727,0.08436,43.25086,5.974402333233304,2.2256220651154974,0.0
10.82928,10.32468,49.61854,4327.59314,0.07723,43.26078,5.9574709990260795,2.219314697633092,0.0
10.87145,10.36509,49.62686,4324.25012,0.06967,43.27073,5.94131193539336,2.213295021259351,0.0
10.91357,10.40548,49.6343,4320.91788,0.0617,43.28073,5.9259569772660425,2.2075748953436616,0.0
10.95566,10.44585,49.6408,4317.59605,0.05333,43.29075,5.911436260263878,2.202165546197297,0.0
10.99771,10.48621,49.64634,4314.28426,0.04457,43.30082,5.89777823588929,2.1970775727535137,0.0
11.03971,10.52655,49.65086,4310.98211,0.03546,43.31091,5.885009688766756,2.192320952989675,0.0
11.08168,10.56687,49.65433,4307.6892,0.02599,43.32105,5.873155755461077,2.1879050509375535,0.0
11.12361,10.60717,49.65671,4304.4051,0.0162,43.33122,5.86223994438258,2.1838386240985384,0.0
11.1655,10.64746,49.65797,4301.12934,0.0061,43.34143,5.852284156344312,2.180129831101735,0.0
11.20736,10.68773,49.65807,4297.86146,-0.00429,43.35167,5.843308705357231,2.1767862394507187,0.0
11.24917,10.72798,49.65699,4294.60099,-0.01495,43.36195,5.835332339260209,2.173814833208755,0.0
11.29094,10.76821,49.6547,4291.34742,-0.02587,43.37227,5.8283722598225,2.1712220204874972,0.0
11.33268,10.80843,49.65117,4288.10025,-0.03701,43.38262,5.822444141985799,2.169013640615158,0.0
11.37438,10.84863,49.64638,4284.85895,-0.04837,43.39301,5.817562151941318,2.1671949708706997,0.0
11.41603,10.88881,49.64032,4281.62297,-0.05991,43.40343,5.813738963746743,2.1657707326740856,0.0
11.45765,10.92898,49.63295,4278.39178,-0.07162,43.41389,5.81098577425257,2.16474509714673,0.0
11.49923,10.96913,49.62427,4275.16481,-0.08348,43.42439,5.809312316114436,2.164121689958942,0.0
11.54078,11.00927,49.61426,4271.94149,-0.09546,43.43492,5.808726868694184,2.1639035953908494,0.0
11.58228,11.04938,49.60291,4268.72124,-0.10755,43.44549,5.809236266691157,2.164093359547789,0.0
11.62375,11.08948,49.59022,4265.50346,-0.11971,43.45609,5.810845906387826,2.1646929926869682,0.0
11.66517,11.12957,49.57617,4262.28756,-0.13194,43.46673,5.813559749390029,2.165703970610796,0.0
11.70656,11.16964,49.56077,4259.07294,-0.14419,43.47741,5.817380323806288,2.167127235106215,0.0
11.74791,11.20969,49.54402,4255.85898,-0.15647,43.48812,5.822308722813335,2.168963193410322,0.0
11.78922,11.24973,49.52591,4252.64506,-0.16873,43.49887,5.828344600616351,2.1712117167054488,0.0
11.8305,11.28975,49.50645,4249.43056,-0.18097,43.50965,5.835486165801213,2.173872137642699,0.0
11.87173,11.32975,49.48564,4246.21486,-0.19315,43.52047,5.843730172141724,2.176943246917401,0.0
11.91293,11.36974,49.46351,4242.99731,-0.20525,43.53132,5.853071906947251,2.1804232889282957,0.0
11.95409,11.40971,49.44005,4239.77729,-0.21726,43.54221,5.863505177040943,2.184309956554053,0.0
11.9952,11.44966,49.41528,4236.55416,-0.22914,43.55314,5.875022292533502,2.188600385108578,0.0
12.03629,11.4896,49.38923,4233.32729,-0.24089,43.5641,5.887614048550933,2.1932911455341113,0.0
12.07733,11.52952,49.3619,4230.09604,-0.25247,43.5751,5.901269705113562,2.1983782369056395,0.0
12.11833,11.56943,49.33331,4226.85977,-0.26387,43.58613,5.915976965419979,2.203857078341088,0.0
12.15929,11.60932,49.30351,4223.61786,-0.27505,43.59719,5.9317219527795775,2.209722500408089,0.0
12.20022,11.6492,49.2725,4220.36966,-0.28601,43.60829,5.948489186496735,2.2159687361402,0.0
12.24111,11.68905,49.24031,4217.11455,-0.29673,43.61943,5.966261557036735,2.2225894117855627,0.0
12.28195,11.72889,49.20699,4213.85192,-0.30717,43.6306,5.985020300819435,2.2295775374168723,0.0
12.32276,11.76872,49.17255,4210.58115,-0.31732,43.6418,6.004744975032702,2.236925497548728,0.0
12.36353,11.80853,49.13704,4207.30161,-0.32717,43.65304,6.025413432879894,2.2446250419166613,0.0
12.40426,11.84832,49.10049,4204.01273,-0.33668,43.66431,6.047001799692489,2.2526672765784705,0.0
12.44495,11.8881,49.06294,4200.71389,-0.34585,43.67562,6.069484450385474,2.261042655515749,0.0
12.4856,11.92786,49.02444,4197.40453,-0.35466,43.68696,6.092833988755319,2.2697409729218463,0.0
12.52622,11.9676,48.98501,4194.08406,-0.36308,43.69834,6.117021229106562,2.2787513563572794,0.0
12.56679,12.00732,48.94472,4190.75194,-0.3711,43.70975,6.142015180780913,2.2880622609864223,0.0
12.60732,12.04703,48.9036,4187.40761,-0.37871,43.72119,6.167783036108469,2.297661465089015,0.0
12.64781,12.08672,48.8617,4184.05055,-0.38588,43.73267,6.194290162369889,2.307536067065861,0.0
12.68826,12.1264,48.81908,4180.68023,-0.3926,43.74418,6.221500098339565,2.317672484151069,0.0
12.72868,12.16605,48.77577,4177.29619,-0.39904,43.74901,6.249383090062665,2.328059632213589,-2.999999948825517
12.76906,12.20569,48.73182,4173.89796,-0.405,43.75383,6.277907742623442,2.3386858158212576,-2.999999948825517
12.8094,12.2453,48.68728,4170.48507,-0.41048,43.75866,6.307032487923101,2.3495355497635497,-2.999999948825517
12.84971,12.28488,48.6422,4167.05708,-0.41546,43.76347,6.336713930559002,2.36059266811118,-2.999999948825517
12.88998,12.32445,48.59665,4163.61355,-0.41993,43.76828,6.366906891742166,2.3718403405765294,-2.999999948825517
12.93021,12.36399,48.55068,4160.15408,-0.42387,43.77308,6.397564442753443,2.383261084976944,-2.999999948825517
12.97041,12.40351,48.50434,4156.6783,-0.42729,43.77788,6.428637946853428,2.394836782847288,-2.999999948825517
13.01057,12.44301,48.4577,4153.18585,-0.43016,43.78266,6.46007711014742,2.406548698388472,-2.999999948825517
13.05069,12.48248,48.41082,4149.6764,-0.43249,43.78744,6.4918300418479795,2.418377500916845,-2.999999948825517
13.09078,12.52194,48.36375,4146.14966,-0.43427,43.79221,6.523843324353746,2.4303032909704,-2.999999948825517
13.13083,12.56136,48.31656,4142.60534,-0.43548,43.79696,6.556062093491302,2.442305630200975,-2.999999948825517
13.17084,12.60077,48.26931,4139.04322,-0.43614,43.80171,6.588430129201194,2.4543635751571857,-2.999999948825517
13.21082,12.64014,48.22207,4135.46307,-0.43622,43.80644,6.620889956895802,2.466455715042895,-2.999999948825517
13.25075,12.6795,48.17488,4131.86473,-0.43574,43.81116,6.653382959608471,2.4785602134957196,-2.999999948825517
13.29065,12.71883,48.12782,4128.24805,-0.4347,43.81587,6.68584950100173,2.4906548544108253,-2.999999948825517
13.33052,12.75814,48.08094,4124.6129,-0.43308,43.82057,6.718229059176428,2.5027170917883503,-2.999999948825517
13.37034,12.79742,48.03431,4120.95923,-0.4309,43.82525,6.750460371148206,2.5147241035546943,-2.999999948825517
13.41013,12.83668,47.98798,4117.28698,-0.42816,43.82992,6.782481587742273,2.5266528492648996,-2.999999948825517
13.44987,12.87591,47.94203,4113.59614,-0.42485,43.83458,6.814230438553215,2.538480131554517,-2.999999948825517
13.48958,12.91512,47.8965,4109.88675,-0.421,43.83922,6.8456444064944675,2.550182661163875,-2.999999948825517
13.52925,12.9543,47.85145,4106.15887,-0.4166,43.84386,6.876660911366227,2.5617371253219643,-2.999999948825517
13.56889,12.99346,47.80695,4102.4126,-0.41166,43.84848,6.907217501747471,2.573120259231258,-2.999999948825517
13.60848,13.03259,47.76304,4098.64808,-0.4062,43.85308,6.937252054387523,2.5843089203463183,-2.999999948825517
13.64803,13.07169,47.71979,4094.8655,-0.40022,43.85768,6.966702980189724,2.5952801651081328,-2.999999948825517
13.68755,13.11077,47.67725,4091.06505,-0.39374,43.86226,6.995509435754387,2.6060113277494317,-2.999999948825517
13.72702,13.14982,47.63547,4087.247,-0.38676,43.86684,7.023611539349718,2.6164801007495386,-2.999999948825517
13.76646,13.18885,47.5945,4083.41164,-0.37931,43.8714,7.050950590080463,2.6266646164804586,-2.999999948825517
13.80585,13.22785,47.55439,4079.55927,-0.37141,43.87595,7.077469288957234,2.6365435295610165,-2.999999948825517
13.8452,13.26682,47.51518,4075.69028,-0.36306,43.8805,7.103111960457637,2.6460960993942106,-2.999999948825517
13.88452,13.30577,47.47692,4071.80504,-0.35428,43.88503,7.127824773156106,2.655302272357626,-2.999999948825517
13.92379,13.34468,47.43966,4067.904,-0.3451,43.88956,7.151555957909974,2.664142763083492,-2.999999948825517
13.96303,13.38358,47.40343,4063.9876,-0.33554,43.89408,7.174256022070003,2.6725991342577373,-2.999999948825517
14.00222,13.42244,47.36827,4060.05636,-0.32562,43.89859,7.195877958175907,2.6806538743645643,-2.999999948825517
14.04137,13.46127,47.33422,4056.11078,-0.31536,43.9031,7.21637744557439,2.6882904727944754,-2.999999948825517
14.08049,13.50008,47.30131,4052.15144,-0.30478,43.9076,7.235713043440357,2.6954934917497457,-2.999999948825517
14.11956,13.53886,47.26957,4048.17891,-0.29391,43.9121,7.253846373683773,2.7022486343820513,-2.999999948825517
14.15859,13.57761,47.23902,4044.19381,-0.28278,43.9166,7.270742292318458,2.7085428086318464,-2.999999948825517
14.19758,13.61634,47.20969,4040.19677,-0.27141,43.9211,7.286369047902036,2.7143641862514145,-2.999999948825517
14.23652,13.65503,47.18161,4036.18845,-0.25983,43.9256,7.30069842575138,2.7197022565289175,-2.999999948825517
14.27543,13.6937,47.15479,4032.16953,-0.24807,43.9301,7.313705876781886,2.724547874284416,-2.999999948825517
14.31429,13.73234,47.12924,4028.14072,-0.23615,43.9346,7.325370629860571,2.728893301724351,-2.999999948825517
14.35312,13.77095,47.10499,4024.10274,-0.2241,43.93911,7.335675786781638,2.7327322438224457,-2.999999948825517
14.3919,13.80953,47.08203,4020.05632,-0.21195,43.94362,7.344608399060413,2.736059876927463,-2.999999948825517
14.43064,13.84808,47.06037,4016.0022,-0.19974,43.94814,7.352159525906405,2.7388728703597,-2.999999948825517
14.46933,13.88661,47.04003,4011.94115,-0.18748,43.95267,7.358324272934757,2.741169400832018,-2.999999948825517
14.50799,13.9251,47.02099,4007.87394,-0.17521,43.95721,7.363101811298602,2.7429491595771496,-2.999999948825517
14.5466,13.96357,47.00326,4003.80134,-0.16297,43.96175,7.366495377120835,2.744213352136022,-2.999999948825517
14.58517,14.002,46.98682,3999.72414,-0.15077,43.96632,7.368512251296742,2.7449646908337004,-2.999999948825517
14.6237,14.04041,46.97168,3995.6431,-0.13865,43.97089,7.369163719863639,2.7452073800160393,-2.999999948825517
14.66219,14.07879,46.95781,3991.55903,-0.12664,43.97548,7.368465015360587,2.744947094204631,-2.999999948825517
14.70063,14.11714,46.94521,3987.47269,-0.11477,43.98009,7.366435239722696,2.7441909493729053,-2.999999948825517
14.73904,14.15546,46.93384,3983.38487,-0.10306,43.98472,7.363097269415868,2.7429474676063266,-2.999999948825517
14.77739,14.19375,46.9237,3979.29633,-0.09155,43.98936,7.358477643696796,2.7412265354763052,-2.999999948825517
14.81571,14.23201,46.91476,3975.20783,-0.08025,43.99403,7.352606436973686,2.7390393564912,-2.999999948825517
14.85399,14.27024,46.90699,3971.12012,-0.06921,43.99872,7.345517116376054,2.7363983980373305,-2.999999948825517
14.89222,14.30844,46.90036,3967.03395,-0.05843,44.00343,7.3372463857672665,2.733317333269538,-2.999999948825517
14.93041,14.34661,46.89484,3962.95002,-0.04796,44.00817,7.327834017493516,2.729810978433252,-2.999999948825517
14.96856,14.38476,46.8904,3958.86905,-0.03782,44.01293,7.317322673249107,2.725895226132098,-2.999999948825517
15.00666,14.42287,46.88699,3954.79172,-0.02802,44.01773,7.305757715495175,2.7215869750764057,-2.999999948825517
15.04473,14.46096,46.88458,3950.71871,-0.01859,44.02255,7.293187010889939,2.716904056855811,-2.999999948825517
15.08275,14.49901,46.88313,3946.65064,-0.00955,44.0274,7.2796607272234874,2.711865160292115,-2.999999948825517
15.12073,14.53704,46.88259,3942.58816,-0.00093,44.03228,7.265231125357019,2.7064897539311805,-2.999999948825517
15.15866,14.57504,46.88292,3938.53184,0.00726,44.03719,7.249952347629329,2.70079800721878,-2.999999948825517
15.19656,14.61301,46.88407,3934.48227,0.015,44.04214,7.233880204184942,2.6948107109022006,-2.999999948825517
15.23441,14.65095,46.886,3930.43999,0.02227,44.04712,7.217071958625673,2.688549197179816,-2.999999948825517
15.27222,14.68886,46.88864,3926.40551,0.02906,44.05213,7.199586114342718,2.6820352601041617,-2.999999948825517
15.30999,14.72674,46.89195,3922.37933,0.03534,44.05718,7.181482202789746,2.6752910767080986,-2.999999948825517
15.34772,14.7646,46.89588,3918.36188,0.04111,44.06227,7.162820574917186,2.66833912930859,-2.999999948825517
15.3854,14.80243,46.90037,3914.35362,0.04636,44.06739,7.143662196872488,2.661202129399675,-2.999999948825517
15.42304,14.84022,46.90536,3910.35492,0.05107,44.07255,7.124068450975663,2.6539029435106256,-2.999999948825517
15.46064,14.87799,46.91081,3906.36615,0.05524,44.07775,7.1041009429097315,2.6464645213793094,-2.999999948825517
15.4982,14.91573,46.91664,3902.38765,0.05885,44.08299,7.083821315918917,2.6389098267361324,-2.999999948825517
15.53572,14.95345,46.92281,3898.4197,0.0619,44.08826,7.063291072738011,2.631261770968036,-2.999999948825517
15.5732,14.99113,46.92926,3894.46258,0.06439,44.09358,7.042571405844329,2.623543149882893,-2.999999948825517
15.61063,15.02879,46.93592,3890.51653,0.0663,44.09893,7.021723036533983,2.615776583761178,-2.999999948825517
15.64803,15.06642,46.94274,3886.58173,0.06764,44.10433,7.000806063205083,2.607984460837472,-2.999999948825517
15.68538,15.10402,46.94967,3882.65836,0.0684,44.10976,6.979879819139268,2.6001888843203367,-2.999999948825517
15.72269,15.1416,46.95663,3878.74655,0.06859,44.11524,6.9590027399576755,2.5924116230161807,-2.999999948825517
15.75996,15.17915,46.96358,3874.8464,0.06821,44.12075,6.938232240862695,2.5846740655985787,-2.999999948825517
15.79719,15.21667,46.97045,3870.95799,0.06725,44.12631,6.917624603662848,2.576997178522067,-2.999999948825517
15.83438,15.25416,46.97719,3867.08134,0.06573,44.1319,6.897234873491331,2.569401467547088,-2.999999948825517
15.87152,15.29163,46.98374,3863.21648,0.06364,44.13753,6.8771167650898635,2.5619069428282515,-2.999999948825517
15.90863,15.32907,46.99004,3859.36337,0.06099,44.14321,6.857322578415106,2.554533087475509,-2.999999948825517
15.94569,15.36648,46.99605,3855.52196,0.05779,44.14892,6.837903123290979,2.5472988294851553,-2.999999948825517
15.98272,15.40387,47.00169,3851.69216,0.05405,44.15467,6.818907652775799,2.5402225169173414,-2.999999948825517
16.01971,15.44123,47.00693,3847.87387,0.04978,44.16046,6.800383804838981,2.533321896169105,-2.999999948825517
16.05665,15.47856,47.01171,3844.06693,0.04499,44.16629,6.782377551944198,2.5266140931927707,-2.999999948825517
16.09356,15.51587,47.01597,3840.27117,0.03968,44.17216,6.764933158064012,2.520115597482774,-2.999999948825517
16.13042,15.55315,47.01967,3836.48641,0.03387,44.17806,6.748093142632948,2.5138422486472303,-2.999999948825517
16.16724,15.59041,47.02276,3832.71241,0.02758,44.184,6.731898250960463,2.507809225385985,-2.999999948825517
16.20403,15.62764,47.02519,3828.94892,0.02082,44.18997,6.716387430544121,2.5020310366666503,-2.999999948825517
16.24077,15.66485,47.02692,3825.19568,0.0136,44.19598,6.701597812787942,2.496521514914211,-2.999999948825517
16.27748,15.70203,47.0279,3821.45237,0.00594,44.20202,6.687564699568555,2.4912938110065577,-2.999999948825517
16.31414,15.73918,47.02809,3817.71868,-0.00214,44.20809,6.674321554141108,2.4863603908867065,-2.999999948825517
16.35077,15.77631,47.02746,3813.99426,-0.01063,44.2142,6.661899995831892,2.4817330335856536,-2.999999948825517
16.38736,15.81342,47.02595,3810.27874,-0.0195,44.22034,6.65032979802987,2.4774228304741754,-2.999999948825517
16.4239,15.85049,47.02355,3806.57175,-0.02875,44.22651,6.639638888975282,2.473440185556594,-2.999999948825517
16.46041,15.88755,47.02021,3802.87285,-0.03834,44.2327,6.629853354844562,2.4697948166200026,-2.999999948825517
16.49688,15.92458,47.01591,3799.18164,-0.04826,44.23893,6.620997444689434,2.466495757074197,-2.999999948825517
16.53331,15.96158,47.01061,3795.49767,-0.05848,44.24518,6.6130935767855785,2.4635513583167308,-2.999999948825517
16.5697,15.99856,47.00428,3791.82047,-0.06899,44.25146,6.606162345990231,2.460969292473806,-2.999999948825517
16.60605,16.03552,46.9969,3788.14956,-0.07976,44.25776,6.600222531696401,2.4587565553634336,-2.999999948825517
16.64236,16.07245,46.98845,3784.48445,-0.09078,44.26409,6.5952911060598165,2.4569194695601886,-2.999999948825517
16.67863,16.10935,46.97891,3780.82462,-0.10201,44.27044,6.591383242163491,2.4554636874367204,-2.999999948825517
16.71487,16.14623,46.96825,3777.16957,-0.11344,44.27681,6.588512321806488,2.454394194065275,-2.999999948825517
16.75106,16.18309,46.95646,3773.51874,-0.12504,44.2832,6.586689942702857,2.4537153098994926,-2.999999948825517
16.78722,16.21992,46.94354,3769.8716,-0.13679,44.28961,6.585925924819601,2.4534306931354597,-2.999999948825517
16.82333,16.25673,46.92946,3766.22757,-0.14866,44.29603,6.5862283156800885,2.4535433416873733,-2.999999948825517
16.85941,16.29352,46.91422,3762.5861,-0.16063,44.30247,6.587603394488643,2.4540555947240614,-2.999999948825517
16.89545,16.33028,46.89781,3758.94661,-0.17268,44.30893,6.590055674932583,2.4549691337128103,-2.999999948825517
16.93145,16.36701,46.88023,3755.3085,-0.18478,44.3154,6.593587906590391,2.456284982943952,-2.999999948825517
16.96741,16.40372,46.86148,3751.67118,-0.1969,44.32188,6.5982010748937165,2.4580035095167045,-2.999999948825517
17.00334,16.44041,46.84155,3748.03406,-0.20902,44.32837,6.603894399626022,2.4601244227798773,-2.999999948825517
17.03922,16.47707,46.82046,3744.39652,-0.22113,44.33487,6.6106653319823785,2.462646773236573,-2.999999948825517
17.07507,16.51371,46.7982,3740.75796,-0.23318,44.34138,6.618509550246575,2.4655689509337897,-2.999999948825517
17.11088,16.55033,46.77479,3737.11776,-0.24516,44.34789,6.627420954178823,2.468888683371701,-2.999999948825517
17.14664,16.58692,46.75024,3733.47531,-0.25704,44.35441,6.6373916582487995,2.4726030329827804,-2.999999948825517
17.18237,16.62348,46.72455,3729.82999,-0.2688,44.36094,6.648411983866501,2.4767083942375923,-2.999999948825517
17.21806,16.66002,46.69775,3726.18119,-0.28041,44.36746,6.6604704508166614,2.4812004904538876,-2.999999948825517
17.25372,16.69654,46.66985,3722.52828,-0.29185,44.37399,6.6735537681298185,2.486074370395835,-2.999999948825517
17.28933,16.73303,46.64087,3718.87065,-0.3031,44.38051,6.687646824646926,2.4913244047590917,-2.999999948825517
17.3249,16.7695,46.61084,3715.20769,-0.31413,44.38703,6.702732679588161,2.496944282657434,-2.999999948825517
17.36044,16.80595,46.57977,3711.5388,-0.32493,44.39355,6.718792553435228,2.5029270082261794,-2.999999948825517
17.39594,16.84236,46.5477,3707.86336,-0.33545,44.40006,6.735805819503734,2.5092648974826686,-2.999999948825517
17.43139,16.87876,46.51466,3704.18079,-0.3457,44.40657,6.753749996576749,2.515949575582081,-2.999999948825517
17.46681,16.91513,46.48066,3700.4905,-0.35564,44.41307,6.77260074301874,2.5229719746247135,-2.999999948825517
17.50219,16.95147,46.44576,3696.79191,-0.36525,44.41956,6.792331852803824,2.5303223321763997,-2.999999948825517
17.53753,16.98779,46.40998,3693.08444,-0.37451,44.42604,6.812915253910414,2.5379901906704823,-2.999999948825517
17.57283,17.02409,46.37336,3689.36754,-0.3834,44.43251,6.834321009563358,2.5459643978705317,-2.999999948825517
17.60809,17.06036,46.33593,3685.64066,-0.3919,44.43897,6.8565173228106495,2.5542331085752985,-2.999999948825517
17.64331,17.0966,46.29774,3681.90327,-0.4,44.44541,6.87947054493589,2.5627837877525725,-2.999999948825517
17.6785,17.13282,46.25883,3678.15485,-0.40768,44.45184,6.903145188218674,2.5716032152927637,-2.999999948825517
17.71364,17.16901,46.21924,3674.3949,-0.41491,44.45825,6.9275039435569035,2.58067749257368,-2.999999948825517
17.74874,17.20518,46.17902,3670.62294,-0.42169,44.46465,6.952507703453385,2.589992051023637,-2.999999948825517
17.78381,17.24132,46.13821,3666.83849,-0.428,44.47102,6.97811559089359,2.599531662879183,-2.999999948825517
17.81883,17.27744,46.09686,3663.04111,-0.43382,44.47738,7.004284994583774,2.609280454312228,-2.999999948825517
17.85381,17.31353,46.05502,3659.23037,-0.43914,44.48372,7.030971611040416,2.619221921109465,-2.999999948825517
17.88876,17.34959,46.01274,3655.40587,-0.44394,44.49003,7.0581294939853505,2.629338947073359,-2.999999948825517
17.92366,17.38563,45.97007,3651.56723,-0.44823,44.49633,7.085711111460683,2.639613825298953,-2.999999948825517
17.95853,17.42164,45.92706,3647.71409,-0.45198,44.5026,7.113667411054194,2.650028282472048,-2.999999948825517
17.99335,17.45762,45.88377,3643.84612,-0.45519,44.50884,7.141947893584735,2.660563506318953,-2.999999948825517
18.02813,17.49358,45.84024,3639.96301,-0.45784,44.51506,7.17050069552482,2.671200176311068,-2.999999948825517
18.06287,17.52951,45.79653,3636.06449,-0.45995,44.52126,7.199272680423304,2.6819184977222386,-2.999999948825517
18.09757,17.56541,45.75269,3632.1503,-0.46148,44.52743,7.228209539471978,2.6926982390924534,-2.999999948825517
18.13223,17.60129,45.70878,3628.22024,-0.46246,44.53358,7.257255901343936,2.703518773145534,-2.999999948825517
18.16685,17.63714,45.66485,3624.27409,-0.46286,44.5397,7.286355451321798,2.714359121167529,-2.999999948825517
18.20143,17.67295,45.62096,3620.31172,-0.46269,44.54579,7.3154510596686135,2.725198000828246,-2.999999948825517
18.23597,17.70875,45.57716,3616.333,-0.46196,44.55186,7.3444849190964145,2.7360138773919207,-2.999999948825517
18.27046,17.74451,45.53351,3612.33782,-0.46065,44.55789,7.373398691116646,2.7467850182365847,-2.999999948825517
18.30492,17.78024,45.49006,3608.32613,-0.45878,44.5639,7.402133660935468,2.7574895505566546,-2.999999948825517
18.33933,17.81595,45.44685,3604.2979,-0.45634,44.56988,7.43063090048041,2.768105522094644,-2.999999948825517
18.3737,17.85163,45.40395,3600.25315,-0.45335,44.57584,7.4588314390524975,2.7786109647135735,-2.999999948825517
18.40803,17.88727,45.36141,3596.1919,-0.44981,44.58177,7.486676440971647,2.7889839605745514,-2.999999948825517
18.44231,17.92289,45.31927,3592.11424,-0.44572,44.58766,7.514107389514604,2.7992027106584967,-2.999999948825517
18.47656,17.95848,45.27759,3588.02029,-0.4411,44.59354,7.5410662763353855,2.8092456053302404,-2.999999948825517
18.51076,17.99404,45.23642,3583.91018,-0.43597,44.59938,7.567495795467442,2.8190912966094324,-2.999999948825517
18.54492,18.02957,45.1958,3579.78409,-0.43032,44.6052,7.59333954091793,2.8287187717796067,-2.999999948825517
18.57903,18.06507,45.15578,3575.64225,-0.42418,44.61099,7.618542206800395,2.8381074279428735,-2.999999948825517
18.61311,18.10054,45.1164,3571.4849,-0.41756,44.61675,7.643049788851368,2.847237147090153,-2.999999948825517
18.64714,18.13598,45.07771,3567.31232,-0.41047,44.62249,7.666809786135537,2.8560883712416594,-2.999999948825517
18.68113,18.17139,45.03975,3563.12484,-0.40294,44.62821,7.68977140168794,2.864642177191396,-2.999999948825517
18.71507,18.20677,45.00255,3558.9228,-0.39498,44.6339,7.711885740785739,2.8728803503686065,-2.999999948825517
18.74897,18.24211,44.96615,3554.70658,-0.38662,44.63957,7.7331060055296055,2.880785457324465,-2.999999948825517
18.78283,18.27743,44.9306,3550.4766,-0.37787,44.64521,7.753387684395952,2.8883409163452667,-2.999999948825517
18.81665,18.31271,44.89592,3546.23329,-0.36876,44.65084,7.772688735405525,2.895531065687549,-2.999999948825517
18.85042,18.34797,44.86214,3541.97713,-0.35931,44.65644,7.790969761589718,2.9023412289439086,-2.999999948825517
18.88415,18.38319,44.82929,3537.70862,-0.34955,44.66203,7.808194177446851,2.9087577770523474,-2.999999948825517
18.91783,18.41838,44.7974,3533.42827,-0.3395,44.66759,7.824328365145303,2.9147681864860475,-2.999999948825517
18.95147,18.45354,44.76649,3529.13663,-0.32918,44.67314,7.839341819245668,2.920361093166186,-2.999999948825517
18.98507,18.48866,44.73658,3524.83428,-0.31863,44.67867,7.853207278848301,2.925526341690366,-2.999999948825517
19.01862,18.52375,44.70769,3520.52181,-0.30788,44.68419,7.865900846116959,2.930255029485796,-2.999999948825517
19.05213,18.55882,44.67983,3516.19983,-0.29694,44.6897,7.877402090232752,2.934539545534874,-2.999999948825517
19.08559,18.59384,44.65302,3511.86896,-0.28585,44.69519,7.887694135964816,2.938373603370089,-2.999999948825517
19.11901,18.62884,44.62727,3507.52986,-0.27464,44.70067,7.896763736145163,2.9417522680728108,-2.999999948825517
19.15239,18.6638,44.60258,3503.18319,-0.26334,44.70614,7.9046013274862545,2.9446719770668075,-2.999999948825517
19.18572,18.69873,44.57897,3498.8296,-0.25198,44.7116,7.91120106929654,2.947130554540797,-2.999999948825517
19.219,18.73363,44.55642,3494.46979,-0.24059,44.71706,7.916560864815384,2.9491272193962734,-2.999999948825517
19.25225,18.7685,44.53495,3490.10444,-0.22919,44.72251,7.920682365012029,2.95066258666272,-2.999999948825517
19.28544,18.80333,44.51454,3485.73425,-0.21783,44.72796,7.923570954874202,2.9517386623897535,-2.999999948825517
19.3186,18.83813,44.49519,3481.35992,-0.20652,44.7334,7.925235722321091,2.9523588320663876,-2.999999948825517
19.3517,18.87289,44.47689,3476.98213,-0.19531,44.73885,7.925689410059592,2.9525278426862216,-2.999999948825517
19.38477,18.90762,44.45963,3472.6016,-0.18421,44.74429,7.924948350804125,2.9522517786151177,-2.999999948825517
19.41779,18.94232,44.44339,3468.21902,-0.17327,44.74974,7.923032386462102,2.9515380314856587,-2.999999948825517
19.45076,18.97699,44.42816,3463.83508,-0.1625,44.75519,7.919964771967612,2.950395264372666,-2.999999948825517
19.48369,19.01162,44.41391,3459.45047,-0.15194,44.76064,7.91577206458968,2.948833370557616,-2.999999948825517
19.51657,19.04622,44.40063,3455.06585,-0.14161,44.7661,7.910483999649164,2.9468634272299106,-2.999999948825517
19.54941,19.08078,44.38828,3450.68191,-0.13154,44.77157,7.904133353646287,2.944497644498287,-2.999999948825517
19.58221,19.11532,44.37685,3446.29928,-0.12177,44.77704,7.896755795916584,2.9417493101287464,-2.999999948825517
19.61496,19.14981,44.3663,3441.91862,-0.1123,44.78253,7.888389729974304,2.9386327304408035,-2.999999948825517
19.64766,19.18428,44.3566,3437.54054,-0.10317,44.78802,7.879076125759296,2.9351631678150376,-2.999999948825517
19.68032,19.21871,44.34773,3433.16562,-0.09414,44.80384,7.868844730708588,2.9313517039544434,0.0
19.71293,19.25312,44.33967,3428.79442,-0.08549,44.81968,7.857727647426944,2.927210297923965,0.0
19.74549,19.2875,44.33237,3424.42754,-0.07724,44.83553,7.845772667161444,2.9227567532206042,0.0
19.77799,19.32185,44.3258,3420.06551,-0.06943,44.85139,7.833029515226387,2.918009593832289,0.0
19.81045,19.35618,44.31992,3415.70889,-0.06206,44.86727,7.819549634332688,2.9129879835223744,0.0
19.84286,19.39048,44.31469,3411.35819,-0.05515,44.88316,7.805385984891558,2.9077116514375074,0.0
19.87521,19.42475,44.31006,3407.01389,-0.04873,44.89907,7.790592844760403,2.9022008175077096,0.0
19.90752,19.45899,44.30598,3402.67645,-0.04281,44.91499,7.775225609582485,2.8964761180676435,0.0
19.93977,19.49321,44.30242,3398.34631,-0.0374,44.93093,7.759340594858604,2.890558532123106,0.0
19.97198,19.5274,44.29931,3394.02388,-0.03252,44.94688,7.7429948408218445,2.88446930866174,0.0
20.00414,19.56156,44.29662,3389.70952,-0.02818,44.96285,7.726245921059145,2.8782298953595333,0.0
20.03624,19.5957,44.29429,3385.40359,-0.02439,44.97883,7.70915175581554,2.8718618690317332,0.0
20.0683,19.62981,44.29228,3381.10641,-0.02115,44.99483,7.69177043074376,2.865386868112308,0.0
20.10031,19.66389,44.29053,3376.81826,-0.01849,45.01084,7.674160021847203,2.858826527440596,0.0
20.13226,19.69795,44.28899,3372.53939,-0.01639,45.02686,7.656378427210947,2.852202415576678,0.0
20.16417,19.73198,44.28762,3368.27004,-0.01487,45.0429,7.638483206071865,2.845535974850764,0.0
20.19603,19.76598,44.28635,3364.01039,-0.01394,45.05896,7.620531425623423,2.838848464293948,0.0
20.22784,19.79996,44.28515,3359.76061,-0.01358,45.07503,7.602579515945948,2.832160905595918,0.0
20.2596,19.83391,44.28395,3355.52084,-0.01381,45.09112,7.584683133264089,2.825494032164758,0.0
20.29131,19.86783,44.28271,3351.29116,-0.01461,45.10722,7.566897031721262,2.818868241359558,0.0
20.32297,19.90173,44.28137,3347.07167,-0.016,45.12333,7.5492749437622875,2.8123035499298004,0.0
20.35459,19.9356,44.27988,3342.86238,-0.01796,45.13947,7.5318694691100925,2.8058195526562573,0.0
20.38615,19.96944,44.27821,3338.66332,-0.02049,45.15561,7.514731972282185,2.7994353841731825,0.0
20.41767,20.00326,44.27629,3334.47446,-0.02358,45.17177,7.497912488520535,2.7931696839247153,0.0
20.44914,20.03705,44.27407,3330.29575,-0.02723,45.18795,7.481459637938056,2.78704056418219,0.0
20.48056,20.07082,44.27152,3326.12712,-0.03143,45.20414,7.465420547639281,2.7810655810320317,0.0
20.51193,20.10456,44.26858,3321.96846,-0.03616,45.22035,7.449840781537072,2.7752617082306412,0.0
20.54325,20.13827,44.26522,3317.81963,-0.04141,45.23658,7.434764277517257,2.7696453137965653,0.0
20.57453,20.17196,44.26138,3313.68047,-0.04718,45.25281,7.420233291595796,2.7642321392075715,0.0
20.60575,20.20563,44.25702,3309.55079,-0.05344,45.26907,7.406288348686324,2.7590372810602624,0.0
20.63693,20.23927,44.2521,3305.43039,-0.06019,45.28534,7.392968199543449,2.754075175030324,0.0
20.66807,20.27288,44.24659,3301.31901,-0.0674,45.30162,7.380309783478075,2.7493595819830015,0.0
20.69915,20.30647,44.24044,3297.2164,-0.07507,45.31792,7.368348196386329,2.7449035760630274,0.0
20.73019,20.34003,44.23362,3293.12228,-0.08316,45.33424,7.357116663649818,2.740719534599265,0.0
20.76118,20.37356,44.22609,3289.03632,-0.09167,45.35057,7.346646517474851,2.7368191296629645,0.0
20.79212,20.40708,44.21782,3284.9582,-0.10057,45.36692,7.3369671782226975,2.7332133211127934,0.0
20.82301,20.44056,44.20878,3280.88756,-0.10985,45.38328,7.328106139301982,2.7299123509668615,0.0
20.85386,20.47402,44.19894,3276.82404,-0.11948,45.39966,7.320088955202083,2.72692573894484,0.0
20.88466,20.50746,44.18827,3272.76725,-0.12944,45.41605,7.3129392322708435,2.7242622790324207,0.0
20.91542,20.54087,44.17675,3268.71676,-0.1397,45.43246,7.306678621856406,2.721930036926469,0.0
20.94612,20.57425,44.16435,3264.67216,-0.15025,45.44889,7.301326815448362,2.7199363482249708,0.0
20.97678,20.60761,44.15106,3260.633,-0.16106,45.46533,7.296901541484981,2.7182878172376466,0.0
21.00739,20.64095,44.13685,3256.59882,-0.17211,45.48179,7.293418563525291,2.716990316304996,0.0
21.03796,20.67426,44.12171,3252.56916,-0.18337,45.49826,7.2908916794973235,2.716048985518258,0.0
21.06848,20.70755,44.10561,3248.54351,-0.19482,45.51474,7.289332721787783,2.715468232752808,0.0
21.09895,20.74081,44.08856,3244.52138,-0.20643,45.53125,7.288751557946566,2.715251733930615,0.0
21.12938,20.77404,44.07054,3240.50227,-0.21817,45.54777,7.28915609183276,2.715402433447148,0.0
21.15976,20.80725,44.05154,3236.48565,-0.23002,45.5643,7.290552265056426,2.7159225447084916,0.0
21.19009,20.84044,44.03156,3232.47098,-0.24195,45.58085,7.292944058583572,2.7168135507292295,0.0
21.22038,20.8736,44.01059,3228.45773,-0.25395,45.59741,7.296333494465597,2.718076204776709,0.0
21.25062,20.90674,43.98864,3224.44536,-0.26597,45.61399,7.300720637602301,2.7197105310278147,0.0
21.28081,20.93985,43.96569,3220.4333,-0.27799,45.63058,7.306103597587228,2.721715825256401,0.0
21.31096,20.97294,43.94176,3216.42101,-0.28999,45.64719,7.312478530607974,2.724090655541212,0.0
21.34106,21.006,43.91685,3212.40792,-0.30195,45.66382,7.319839641516163,2.7268328630369965,0.0
21.37111,21.03903,43.89098,3208.39346,-0.31382,45.68046,7.32817918613464,2.729939562834004,0.0
21.40112,21.07204,43.86414,3204.37707,-0.3256,45.69711,7.337487473946849,2.733407144959845,0.0
21.43108,21.10503,43.83635,3200.35818,-0.33724,45.71378,7.347752871330677,2.737231275584182,0.0
21.461,21.13799,43.80763,3196.33623,-0.34873,45.73046,7.35896180553906,2.7414068985016127,0.0
21.49087,21.17093,43.778,3192.31064,-0.36004,45.74716,7.371098769646047,2.7459282369742106,0.0
21.52069,21.20384,43.74746,3188.28086,-0.37115,45.76387,7.384146328725676,2.750788796033313,0.0
21.55046,21.23672,43.71604,3184.24633,-0.38202,45.7806,7.398085127539206,2.755981365343223,0.0
21.58019,21.26958,43.68377,3180.2065,-0.39264,45.79734,7.412893900032041,2.7614980227390586,0.0
21.60988,21.30242,43.65067,3176.16081,-0.40299,45.81409,7.428549480988244,2.76733013856837,0.0
21.63951,21.33522,43.61677,3172.10872,-0.41303,45.83086,7.445026820175903,2.7734683809606593,0.0
21.6691,21.36801,43.58208,3168.04972,-0.42275,45.84764,7.462298999346789,2.7799027221601995,0.0
21.69864,21.40076,43.54665,3163.98326,-0.43212,45.86443,7.480337252487638,2.7866224460701696,0.0
21.72814,21.43349,43.51051,3159.90886,-0.44113,45.88124,7.49911098967972,2.7936161571409754,0.0
21.75759,21.4662,43.47368,3155.826,-0.44975,45.89806,7.5185878250002025,2.8008717907642344,0.0
21.78699,21.49888,43.4362,3151.73421,-0.45796,45.9149,7.538733608817839,2.808376625303778,0.0
21.81634,21.53153,43.39812,3147.63301,-0.46575,45.93175,7.55951246490691,2.8161172959215652,0.0
21.84565,21.56415,43.35946,3143.52195,-0.47309,45.9486,7.580886832757014,2.824079810339194,0.0
21.87491,21.59675,43.32026,3139.4006,-0.47998,45.96548,7.602817515434685,2.8322495666676155,0.0
21.90413,21.62933,43.28057,3135.26854,-0.48639,45.98236,7.625263733377003,2.8406113734466683,0.0
21.93329,21.66187,43.24043,3131.12536,-0.49231,45.99926,7.64818318442643,2.84914947200963,0.0
21.96241,21.69439,43.19988,3126.97069,-0.49773,46.01617,7.671532110427531,2.857847561292257,0.0
21.99148,21.72688,43.15896,3122.80418,-0.50263,46.03309,7.69526537064554,2.8666888251831253,0.0
22.02051,21.75934,43.11771,3118.62549,-0.507,46.05002,7.719336522241519,2.875655962502743,0.0
22.04948,21.79178,43.07618,3114.43431,-0.51084,46.06696,7.743697907988598,2.884731219680166,0.0
22.07841,21.82419,43.03442,3110.23035,-0.51414,46.08392,7.768300751367333,2.893896426178514,0.0
22.10729,21.85657,42.99247,3106.01336,-0.51688,46.10088,7.793095259121389,2.903133032699662,0.0
22.13613,21.88892,42.95038,3101.78309,-0.51907,46.11786,7.818030731291706,2.912422152174864,0.0
22.16491,21.92125,42.90819,3097.53935,-0.52069,46.13485,7.843055678684918,2.921744603524829,0.0
22.19365,21.95355,42.86594,3093.28196,-0.52175,46.15184,7.868117947675687,2.9310809581518753,0.0
22.22234,21.98582,42.8237,3089.01076,-0.52224,46.16885,7.893164852138341,2.9404115890879328,0.0
22.25098,22.01805,42.78149,3084.72563,-0.52216,46.18587,7.918143312266419,2.949716722708482,0.0
22.27957,22.05027,42.73938,3080.4265,-0.52152,46.2029,7.942999999941366,2.9589764928862143,0.0
22.30811,22.08245,42.69739,3076.11328,-0.52032,46.21993,7.96768149022822,2.968170997427161,0.0
22.3366,22.1146,42.65559,3071.78596,-0.51856,46.23698,7.992134418508113,2.9772803566066863,0.0
22.36505,22.14672,42.61401,3067.44454,-0.51624,46.25403,8.016305642691824,2.986284773598303,0.0
22.39345,22.17882,42.57269,3063.08904,-0.51338,46.2711,8.040142409844428,2.995164596545739,0.0
22.42179,22.21088,42.53168,3058.71954,-0.50998,46.28817,8.063592526510408,3.00390038201352,0.0
22.45009,22.24291,42.49103,3054.33613,-0.50606,46.30525,8.086604531955523,3.0124729595241284,0.0
22.47834,22.27492,42.45077,3049.93893,-0.50162,46.32234,8.109127873453632,3.0208634968569554,0.0
22.50654,22.30689,42.41094,3045.52811,-0.49668,46.33943,8.131113082707211,3.029053565769584,0.0
22.53469,22.33883,42.37158,3041.10386,-0.49126,46.35654,8.152511952442971,3.0370252077843034,0.0
22.56279,22.37075,42.33273,3036.66638,-0.48536,46.37365,8.173277712149797,3.044760999655117,0.0
22.59084,22.40263,42.29442,3032.21594,-0.47901,46.39077,8.19336520192025,3.052244118128275,0.0
22.61884,22.43448,42.25669,3027.7528,-0.47223,46.40789,8.212731043319868,3.059458403595588,0.0
22.64679,22.4663,42.21956,3023.27729,-0.46503,46.42503,8.231333806184272,3.066388422230727,0.0
22.6747,22.49808,42.18308,3018.78973,-0.45744,46.44217,8.249134170255664,3.0730195262030864,0.0
22.70255,22.52984,42.14727,3014.29048,-0.44948,46.45931,8.266095080557438,3.0793379115589063,0.0
22.73035,22.56156,42.11215,3009.77993,-0.44117,46.47647,8.282181895442314,3.085330673373096,0.0
22.7581,22.59326,42.07775,3005.25849,-0.43253,46.49363,8.297362526271673,3.0909858577834686,0.0
22.7858,22.62492,42.0441,3000.72661,-0.4236,46.51079,8.31160756771468,3.0962925105305867,0.0
22.81345,22.65654,42.01121,2996.18473,-0.4144,46.52796,8.324890417736503,3.1012407216565334,0.0
22.84105,22.68814,41.97909,2991.63334,-0.40495,46.54514,8.337187386380313,3.105821666029071,0.0
22.8686,22.7197,41.94778,2987.07294,-0.39529,46.56232,8.348477792541969,3.1100276393927526,0.0
22.8961,22.75123,41.91727,2982.50403,-0.38544,46.57951,8.358744048003185,3.1138520896734936,0.0
22.92354,22.78273,41.88759,2977.92716,-0.37543,46.59671,8.367971728120496,3.1172896433120685,0.0
22.95094,22.81419,41.85874,2973.34287,-0.36529,46.6139,8.376149628610102,3.120336126417959,0.0
22.97829,22.84563,41.83072,2968.75172,-0.35505,46.63111,8.383269808024755,3.122988580593112,0.0
23.00558,22.87702,41.80355,2964.15429,-0.34475,46.64832,8.389327615626414,3.125245273315241,0.0
23.03283,22.90839,41.77722,2959.55114,-0.3344,46.66553,8.394321704431801,3.127105702797632,0.0
23.06002,22.93972,41.75173,2954.94288,-0.32405,46.68275,8.398254029387159,3.1285705973091997,0.0
23.08716,22.97102,41.72708,2950.33009,-0.31372,46.69997,8.401129830704033,3.1296419089666223,0.0
23.11425,23.00228,41.70326,2945.71337,-0.30344,46.7172,8.402957602525383,3.1303228020616465,0.0
23.14129,23.03351,41.68027,2941.09332,-0.29325,46.73443,8.403749047179753,3.13061763601956,0.0
23.16828,23.06471,41.6581,2936.47055,-0.28318,46.75166,8.403519015459738,3.1305319431513565,0.0
23.19522,23.09587,41.63673,2931.84565,-0.27324,46.7689,8.402285433374214,3.130072401367,0.0
23.22211,23.127,41.61615,2927.21921,-0.26348,46.78615,8.400069215983281,3.1292468020766893,0.0
23.24895,23.1581,41.59634,2922.59183,-0.25393,46.8034,8.396894169021364,3.1280640135428617,0.0
23.27573,23.18916,41.57729,2917.96409,-0.2446,46.82065,8.392786879062625,3.1265339399639287,0.0
23.30247,23.22019,41.55896,2913.33656,-0.23553,46.8379,8.38777659306524,3.1246674766013443,0.0
23.32915,23.25118,41.54135,2908.70982,-0.22675,46.85516,8.38189508822038,3.1224764612949283,0.0
23.35579,23.28214,41.52442,2904.08441,-0.21828,46.87243,8.375176533042756,3.1199736227154364,0.0
23.38237,23.31306,41.50815,2899.46087,-0.21014,46.88969,8.36765734071533,3.1171725257316134,0.0
23.4089,23.34395,41.49251,2894.83972,-0.20237,46.90697,8.359376015716695,3.114087514274847,0.0
23.43538,23.37481,41.47747,2890.22149,-0.19497,46.92424,8.35037299475663,3.1107336520834847,0.0
23.46181,23.40563,41.46299,2885.60665,-0.18798,46.94152,8.340690483105732,3.1071266617313116,0.0
23.48819,23.43642,41.44905,2880.99567,-0.18142,46.9588,8.330372287326787,3.1032828623155844,0.0
23.51452,23.46717,41.43561,2876.38903,-0.1753,46.97609,8.319463645477791,3.0992191062031926,0.0
23.5408,23.49789,41.42264,2871.78714,-0.16964,46.99338,8.308011055774678,3.0949527152030116,0.0
23.56702,23.52857,41.41009,2867.19041,-0.16446,47.01067,8.296062104695247,3.0905014165300995,0.0
23.5932,23.55922,41.39794,2862.59923,-0.15977,47.02797,8.283665295465408,3.0858832789123025,0.0
23.61933,23.58984,41.38613,2858.01397,-0.15559,47.04527,8.270869877802912,3.0811166491653217,0.0
23.64541,23.62042,41.37464,2853.43497,-0.15194,47.06257,8.257725679757696,3.0762200895488134,0.0
23.67143,23.65097,41.36342,2848.86254,-0.14881,47.07988,8.24428294243296,3.0712123161956435,0.0
23.69741,23.68148,41.35243,2844.29696,-0.14623,47.09719,8.230592158252103,3.066112138862063,0.0
23.72334,23.71196,41.34163,2839.73851,-0.14419,47.11451,8.216703913472625,3.0609384022599935,0.0
23.74921,23.7424,41.33098,2835.18741,-0.14271,47.13183,8.20266873545998,3.0557099291625254,0.0
23.77504,23.77281,41.32043,2830.64389,-0.14179,47.14915,8.188536945262424,3.050445465484157,0.0
23.80082,23.80319,41.30995,2826.10811,-0.14144,47.16648,8.17435851588243,3.0451636274831806,0.0
23.82654,23.83353,41.29949,2821.58024,-0.14165,47.18381,8.160182936624537,3.039882851227677,0.0
23.85222,23.86384,41.28901,2817.0604,-0.14243,47.20115,8.14605908379301,3.0346213444269994,0.0
23.87785,23.89411,41.27846,2812.5487,-0.14377,47.21848,8.132035097955512,3.0293970407092567,0.0
23.90343,23.92435,41.26782,2808.04521,-0.14568,47.23583,8.118158267949399,3.0242275564106076,0.0
23.92896,23.95456,41.25703,2803.54998,-0.14815,47.25317,8.104474921684963,3.0191301498965974,0.0
23.95444,23.98473,41.24606,2799.06303,-0.15117,47.27053,8.091030323808319,3.0141216834388866,0.0
23.97987,24.01487,41.23486,2794.58434,-0.15474,47.28788,8.07786858019904,3.0092185876381143,0.0
24.00525,24.04498,41.2234,2790.1139,-0.15885,47.30524,8.065032549216562,3.00443682836084,0.0
24.03059,24.07505,41.21165,2785.65164,-0.16349,47.3226,8.052563759598424,2.9997918761544837,0.0
24.05587,24.10508,41.19955,2781.19748,-0.16864,47.33997,8.040502334844534,2.995298678078475,0.0
24.08111,24.13509,41.18707,2776.75132,-0.17431,47.35734,8.028886923899211,2.990971631881486,0.0
24.10629,24.16506,41.17419,2772.31301,-0.18047,47.37472,8.017754637915726,2.986824562444565,0.0
24.13143,24.19499,41.16087,2767.8824,-0.18711,47.3921,8.007140992845839,2.982870700394224,0.0
24.15652,24.22489,41.14706,2763.45931,-0.19422,47.40948,7.997079857602776,2.979122662791782,0.0
24.18157,24.25476,41.13275,2759.04355,-0.20177,47.42687,7.987603407503219,2.9755924357892884,0.0
24.20656,24.2846,41.11791,2754.63488,-0.20976,47.44426,7.9787420827042785,2.9722913591461952,0.0
24.23151,24.3144,41.10249,2750.23307,-0.21815,47.46165,7.970524551333306,2.969230112494245,0.0
24.2564,24.34417,41.08648,2745.83784,-0.22694,47.47906,7.962977677012277,2.9664187032394476,0.0
24.28125,24.3739,41.06985,2741.44892,-0.2361,47.49646,7.956126490470571,2.963866455987095,0.0
24.30605,24.4036,41.05258,2737.06599,-0.24561,47.51387,7.949994164961844,2.9615820033839,0.0
24.33081,24.43327,41.03465,2732.68874,-0.25545,47.53128,7.944601995190657,2.9595732782676065,0.0
24.35552,24.46291,41.01603,2728.31683,-0.26559,47.5487,7.939969379485048,2.9578475070258126,0.0
24.38017,24.49251,40.9967,2723.9499,-0.27602,47.56612,7.936113804953522,2.956411204066548,0.0
24.40479,24.52208,40.97666,2719.58759,-0.2867,47.58355,7.933050835373373,2.955270167306362,0.0
24.42935,24.55161,40.95587,2715.2295,-0.29761,47.60098,7.930794101612844,2.954429474602326,0.0
24.45386,24.58111,40.93434,2710.87524,-0.30873,47.61841,7.929355294369429,2.9538934810468573,0.0
24.47833,24.61058,40.91205,2706.52441,-0.32004,47.63585,7.928744159053725,2.953665817061819,0.0
24.50275,24.64002,40.88898,2702.17657,-0.3315,47.65329,7.928968492665206,2.9537493872346685,0.0
24.52713,24.66942,40.86514,2697.8313,-0.34308,47.67073,7.930034142539154,2.9541463698516504,0.0
24.55145,24.69879,40.84052,2693.48815,-0.35478,47.68818,7.931945006868465,2.9548582170921853,0.0
24.57573,24.72812,40.81511,2689.14668,-0.36654,47.70564,7.934703036909078,2.955885655850451,0.0
24.59997,24.75742,40.78891,2684.80642,-0.37836,47.72309,7.9383082408459105,2.957228689175546,0.0
24.62415,24.78669,40.76192,2680.46691,-0.39019,47.74055,7.942758689295517,2.958886598321371,0.0
24.64829,24.81592,40.73415,2676.12769,-0.40202,47.75802,7.94805052245611,2.960857945410201,0.0
24.67238,24.84512,40.70559,2671.78828,-0.41382,47.77549,7.954177958936095,2.9631405767215533,0.0
24.69642,24.87429,40.67626,2667.44819,-0.42556,47.79296,7.9611333063383025,2.965731626635079,0.0
24.72042,24.90342,40.64616,2663.10697,-0.43721,47.81043,7.96890697366694,2.9686275222524943,0.0
24.74437,24.93252,40.6153,2658.76412,-0.44875,47.82791,7.977487485702197,2.971823988752486,0.0
24.76827,24.96159,40.58369,2654.41916,-0.46015,47.84539,7.986861499440404,2.9753160555151146,0.0
24.79213,24.99062,40.55135,2650.07162,-0.47138,47.86287,7.997013822787971,2.979098063085787,0.0
24.81594,25.01962,40.51829,2645.72103,-0.48243,47.88036,8.007927435650464,2.983163671031502,0.0
24.8397,25.04858,40.48453,2641.3669,-0.49325,47.89785,8.019583513655768,2.9875058667783483,0.0
24.86341,25.07751,40.45008,2637.00878,-0.50384,47.91534,8.03196145466115,2.9921169754860815,0.0
24.88708,25.10641,40.41497,2632.6462,-0.51416,47.93284,8.045038908305203,2.9969886710570055,0.0
24.9107,25.13527,40.37921,2628.27871,-0.52419,47.95034,8.058791808801795,3.002111988352577,0.0
24.93427,25.1641,40.34284,2623.90586,-0.53392,47.96784,8.073194411234276,3.0074773367139525,0.0
24.9578,25.19289,40.30587,2619.52722,-0.54331,47.98534,8.088219331549562,3.013074514860843,0.0
24.98127,25.22165,40.26833,2615.14235,-0.55234,48.00284,8.103837590521476,3.0188927272690056,0.0
25.00471,25.25037,40.23025,2610.75085,-0.56101,48.02035,8.12001866188125,3.0249206021001336,0.0
25.02809,25.27906,40.19165,2606.3523,-0.56928,48.03785,8.136730524857366,3.031146210774315,0.0
25.05143,25.30771,40.15257,2601.94633,-0.57714,48.05536,8.153939721313877,3.0375570892555754,0.0
25.07472,25.33633,40.11304,2597.53255,-0.58457,48.07287,8.17161141769171,3.0441402611266337,0.0
25.09796,25.36491,40.07308,2593.11061,-0.59155,48.09038,8.189709471915837,3.050882262513586,0.0
25.12115,25.39346,40.03273,2588.68016,-0.59808,48.10789,8.208196505418927,3.057769168916615,0.0
25.1443,25.42197,39.99202,2584.24088,-0.60414,48.12541,8.227033980399511,3.0647866239906785,0.0
25.1674,25.45045,39.951,2579.79247,-0.60971,48.14292,8.246182282404689,3.071919870309755,0.0
25.19045,25.47889,39.90968,2575.33463,-0.61478,48.16043,8.265600808272554,3.0791537821277,0.0
25.21345,25.5073,39.86811,2570.8671,-0.61935,48.17795,8.285248059475347,3.0864729001510316,0.0
25.23641,25.53566,39.82632,2566.38964,-0.6234,48.19546,8.305081740799745,3.093861468299933,0.0
25.25932,25.564,39.78435,2561.90201,-0.62693,48.21298,8.325058864312954,3.1013034724383584,0.0
25.28218,25.59229,39.74224,2557.40402,-0.62993,48.23049,8.345135858476224,3.108782681021685,0.0
25.30499,25.62055,39.70002,2552.8955,-0.63241,48.248,8.365268682235463,3.116282687598476,0.0
25.32776,25.64878,39.65772,2548.37628,-0.63434,48.26551,8.385412943865402,3.123786955083051,0.0
25.35048,25.67696,39.61539,2543.84623,-0.63574,48.28302,8.405524024267455,3.1312788616871887,0.0
25.37315,25.70511,39.57306,2539.30526,-0.6366,48.30053,8.425557204428156,3.138741748401743,0.0
25.39577,25.73322,39.53076,2534.75328,-0.63693,48.31804,8.445467796589453,3.1461589678610338,0.0
25.41834,25.7613,39.48854,2530.19023,-0.63673,48.33555,8.465211278747816,3.153513934447305,0.0
25.44086,25.78933,39.44642,2525.6161,-0.636,48.35305,8.48474343195181,3.160790175437673,0.0
25.46334,25.81733,39.40444,2521.03087,-0.63475,48.37056,8.504020479855612,3.1679713829914964,0.0
25.48577,25.84529,39.36265,2516.43456,-0.63298,48.38806,8.52299922994776,3.17504146676179,0.0
25.50815,25.87322,39.32106,2511.82724,-0.63072,48.40555,8.541637215819774,3.181984606894037,0.0
25.53048,25.9011,39.27971,2507.20897,-0.62796,48.42305,8.559892839785077,3.188785307155487,0.0
25.55276,25.92895,39.23863,2502.57985,-0.62471,48.44054,8.57772551514063,3.195428447931358,0.0
25.57499,25.95675,39.19786,2497.94002,-0.62101,48.45803,8.595095807338929,3.2018993388151187,0.0
25.59718,25.98452,39.15742,2493.28962,-0.61684,48.47552,8.611965573302156,3.208183770506677,0.0
25.61931,26.01225,39.11734,2488.62883,-0.61225,48.493,8.628298098084922,3.2142680657228477,0.0
25.6414,26.03994,39.07765,2483.95786,-0.60723,48.51048,8.644058228112563,3.2201391288321224,0.0
25.66344,26.06759,39.03838,2479.27692,-0.60181,48.52796,8.659212500188827,3.225784493913427,0.0
25.68542,26.0952,38.99954,2474.58627,-0.59601,48.54543,8.673729265493805,3.2311923709486132,0.0
25.70736,26.12278,38.96116,2469.88617,-0.58986,48.56289,8.68757880778432,3.2363516898552196,0.0
25.72925,26.15031,38.92326,2465.17693,-0.58337,48.58036,8.700733455051378,3.241252142081799,0.0
25.75109,26.1778,38.88587,2460.45884,-0.57656,48.59782,8.713167683920492,3.245884219499796,0.0
25.77289,26.20525,38.84899,2455.73225,-0.56947,48.61527,8.724858216081586,3.2502392503262167,0.0
25.79463,26.23266,38.81265,2450.99751,-0.56211,48.63272,8.735784106131351,3.254309431847223,0.0
25.81632,26.26004,38.77686,2446.25499,-0.55452,48.65016,8.745926820222795,3.2580878597171554,0.0
25.83796,26.28737,38.74163,2441.50506,-0.54672,48.6676,8.755270304992605,3.2615685536357897,0.0
25.85956,26.31466,38.70697,2436.74814,-0.53873,48.68504,8.7638010463042,3.2647464792316714,0.0
0.05101,0.05101,58.24331,5395.59898,-0.52894,45.00011,2.7531348071355883,1.025615154994481,0.0
0.102,0.102,58.16659,5394.18985,-0.5575,45.00028,2.781552339301407,1.03620143343652,0.0
0.15298,0.15298,58.08588,5392.77148,-0.58564,45.00051,2.811827756173574,1.0474798228155626,0.0
0.20394,0.20394,58.00125,5391.34272,-0.61333,45.0008,2.843988631026589,1.059460594901856,0.0
0.25489,0.2549,57.91277,5389.90239,-0.64054,45.00115,2.8780633528996478,1.0721543253594616,0.0
0.30583,0.30584,57.82051,5388.44929,-0.66725,45.00156,2.914080980847804,1.0855718394509766,0.0
0.35676,0.35677,57.72454,5386.9822,-0.69341,45.00203,2.952071081681881,1.099724151591382,0.0
0.40767,0.40769,57.62496,5385.49986,-0.71901,45.00256,2.9920635499143646,1.1146223982731511,0.0
0.45857,0.45859,57.52183,5384.001,-0.74401,45.00316,3.0340884085821678,1.1302777638674872,0.0
0.50945,0.50948,57.41525,5382.48432,-0.76837,45.00381,3.0781755895951415,1.1467013987983663,0.0
0.56032,0.56036,57.30532,5380.94849,-0.79206,45.00452,3.1243546922614978,1.1639043295869014,0.0
0.61117,0.61122,57.19213,5379.39217,-0.81505,45.0053,3.1726547186440706,1.1818973602645892,0.0
0.66201,0.66208,57.07579,5377.81398,-0.83731,45.00613,3.2231037844295654,1.2006909646644948,0.0
0.71283,0.71291,56.95641,5376.21253,-0.85881,45.00702,3.2757288040661843,1.2202951691267356,0.0
0.76364,0.76374,56.83409,5374.5864,-0.87949,45.00797,3.3305551489835423,1.2407194251764062,0.0
0.81443,0.81455,56.70895,5372.93413,-0.89935,45.00898,3.3876062778572393,1.2619724717874017,0.0
0.86521,0.86535,56.58113,5371.25427,-0.91832,45.01005,3.446903338007994,1.2840621868931097,0.0
0.91597,0.91614,56.45074,5369.54533,-0.93639,45.01118,3.508464737236166,1.306995427883502,0.0
0.96672,0.96691,56.31792,5367.80581,-0.95352,45.01236,3.5723056856300692,1.3307778609166778,0.0
1.01744,1.01767,56.18281,5366.03419,-0.96967,45.01461,3.638438021830583,1.3554138961978581,0.999999982941839
1.06815,1.06841,56.04554,5364.22894,-0.98481,45.01694,3.70686940289433,1.3809063861821036,0.999999982941839
1.11884,1.11914,55.90627,5362.38851,-0.99889,45.01935,3.7776024320414665,1.4072563006374175,0.999999982941839
1.16951,1.16986,55.76514,5360.51134,-1.01188,45.02184,3.850634385451315,1.4344626248689292,0.999999982941839
1.22016,1.22056,55.62232,5358.59587,-1.02375,45.0244,3.9259566092106684,1.4625221350662712,0.999999982941839
1.2708,1.27125,55.47797,5356.64054,-1.03445,45.02704,4.003553891526777,1.4914291644363977,0.999999982941839
1.32141,1.32193,55.33226,5354.64378,-1.04396,45.02977,4.083403813179025,1.5211753612297443,0.999999982941839
1.372,1.37259,55.18536,5352.60404,-1.05223,45.03257,4.165476079778082,1.551749439989192,0.999999982941839
1.42257,1.42324,55.03744,5350.51977,-1.05923,45.03545,4.249731840255969,1.5831369276696856,0.999999982941839
1.47312,1.47387,54.88869,5348.38944,-1.06494,45.03842,4.336122996834669,1.615319906583384,0.999999982941839
1.52365,1.52448,54.73929,5346.21153,-1.0693,45.04146,4.424591512648204,1.6482767564706704,0.999999982941839
1.57415,1.57508,54.58944,5343.98457,-1.07229,45.04459,4.515068724164801,1.6819818983593129,0.999999982941839
1.62463,1.62566,54.43934,5341.7071,-1.07389,45.0478,4.607474666515859,1.7164055432317533,0.999999982941839
1.67509,1.67623,54.28917,5339.37771,-1.07405,45.05109,4.70171742086773,1.7515134489039292,0.999999982941839
1.72553,1.72678,54.13915,5336.99504,-1.07276,45.05446,4.797692493924475,1.7872666888737199,0.999999982941839
1.77594,1.77731,53.98948,5334.55778,-1.06998,45.05792,4.895282240644358,1.823621437267649,0.999999982941839
1.82632,1.82783,53.84037,5332.06469,-1.06569,45.06145,4.994355342118682,1.8605287743370207,0.999999982941839
1.87668,1.87833,53.69204,5329.51459,-1.05987,45.06507,5.09476635137564,1.8979345172578965,0.999999982941839
1.92701,1.9288,53.54471,5326.90639,-1.05249,45.06878,5.1963553205329704,1.9357790812356503,0.999999982941839
1.97732,1.97926,53.39858,5324.23908,-1.04354,45.07256,5.298947523245227,1.973997376109278,0.999999982941839
2.0276,2.0297,53.25388,5321.51176,-1.03301,45.07643,5.402353286663942,2.0125187437521324,0.999999982941839
2.07785,2.08012,53.11084,5318.72362,-1.02088,45.08038,5.506367947206949,2.0512669415948324,0.999999982941839
2.12807,2.13052,52.96967,5315.87398,-1.00714,45.08442,5.610771944178428,2.0901601775011964,0.999999982941839
2.17826,2.1809,52.8306,5312.96229,-0.9918,45.08853,5.715331064724458,2.1291112010206277,0.999999982941839
2.22842,2.23126,52.69385,5309.9881,-0.97484,45.09273,5.8197968526907,2.1680274556983603,0.999999982941839
2.27855,2.2816,52.55965,5306.95115,-0.95628,45.09701,5.923907192636875,2.2068112966362174,0.999999982941839
2.32865,2.33191,52.42821,5303.8513,-0.93612,45.10137,6.027387078533418,2.245360276852342,0.999999982941839
2.37872,2.3822,52.29977,5300.68858,-0.91436,45.10582,6.129949574554506,2.283567505201879,0.999999982941839
2.42876,2.43247,52.17452,5297.46319,-0.89104,45.11034,6.231296972779462,2.3213220776512102,0.999999982941839
2.47876,2.48271,52.05269,5294.17548,-0.86617,45.11494,6.331122149688235,2.35850958260821,0.999999982941839
2.52872,2.53293,51.9345,5290.82602,-0.83978,45.11962,6.429110119987619,2.395012679763397,0.999999982941839
2.57866,2.58313,51.82013,5287.41553,-0.81189,45.12438,6.524939782624992,2.430711750525993,0.999999982941839
2.62855,2.6333,51.7098,5283.94495,-0.78255,45.12922,6.618285849950567,2.465485616687618,0.999999982941839
2.67841,2.68344,51.60369,5280.41538,-0.7518,45.13413,6.708820946833426,2.499212322398248,0.999999982941839
2.72824,2.73356,51.50201,5276.82813,-0.71968,45.13912,6.796217862396679,2.5317699729968046,0.999999982941839
2.77802,2.78365,51.40491,5273.18471,-0.68626,45.14418,6.88015193280343,2.5630376226616245,0.999999982941839
2.82777,2.83372,51.31259,5269.48683,-0.65158,45.14931,6.960303529557194,2.592896201367836,0.999999982941839
2.87748,2.88375,51.22519,5265.73637,-0.61571,45.15452,7.036360623979406,2.6212294702227026,0.999999982941839
2.92715,2.93376,51.14288,5261.9354,-0.57872,45.15979,7.10802139521445,2.647924993016126,0.999999982941839
2.97678,2.98374,51.0658,5258.08621,-0.54068,45.16514,7.174996846299318,2.6728751107754154,0.999999982941839
3.02638,3.03369,50.99407,5254.19121,-0.50168,45.17054,7.237013390653742,2.6959779053009263,0.999999982941839
3.07593,3.08361,50.92782,5250.25303,-0.46178,45.17602,7.293815370018642,2.7171381371643766,0.999999982941839
3.12543,3.1335,50.86716,5246.27442,-0.42109,45.18155,7.345167464271348,2.7362681434284273,0.999999982941839
3.1749,3.18336,50.81218,5242.25831,-0.37968,45.18715,7.390856953981764,2.7532886805083825,0.999999982941839
3.22432,3.2332,50.76297,5238.20773,-0.33766,45.19281,7.430695797900921,2.768129698091339,0.999999982941839
3.27371,3.283,50.71959,5234.12587,-0.29512,45.19852,7.464522489847416,2.780731030875239,0.999999982941839
3.32304,3.33276,50.6821,5230.016,-0.25216,45.2043,7.492203662716064,2.791042996104303,0.999999982941839
3.37234,3.3825,50.65055,5225.88149,-0.20888,45.21012,7.513635411406498,2.799026886394736,0.999999982941839
3.42159,3.43221,50.62496,5221.72579,-0.16538,45.216,7.528744311308124,2.804655349147173,0.999999982941839
3.4708,3.48188,50.60533,5217.5524,-0.12178,45.22192,7.5374881144936925,2.807912645897106,0.999999982941839
3.51996,3.53153,50.59168,5213.36487,-0.07816,45.2279,7.53985611176663,2.808794787187033,0.999999982941839
3.56908,3.58114,50.58399,5209.16677,-0.03464,45.23392,7.535869154959311,2.8073095408731596,0.999999982941839
3.61815,3.63071,50.58222,5204.96167,0.00867,45.23998,7.525579340376087,2.803476314199593,0.999999982941839
3.66718,3.68026,50.58634,5200.75314,0.05168,45.24609,7.509069360619945,2.7973259123367176,0.999999982941839
3.71616,3.72977,50.59628,5196.54471,0.09428,45.25224,7.486451538210567,2.7889001783785012,0.999999982941839
3.7651,3.77926,50.61197,5192.33988,0.13638,45.25842,7.45786656012855,2.7782515219269106,0.999999982941839
3.814,3.82871,50.63332,5188.14207,0.17787,45.26465,7.423481937584026,2.7654423453152073,0.999999982941839
3.86284,3.87812,50.66025,5183.95464,0.21865,45.2709,7.383490219808203,2.7505443781982897,0.999999982941839
3.91165,3.92751,50.69263,5179.78086,0.25865,45.2772,7.338106994299154,2.73363793259164,0.999999982941839
3.9604,3.97686,50.73035,5175.62387,0.29776,45.28352,7.2875687087513885,2.714811091482775,0.999999982941839
4.00912,4.02619,50.77328,5171.48674,0.33591,45.28987,7.232130351784694,2.6941588448417213,0.999999982941839
4.05778,4.07548,50.82126,5167.37236,0.37301,45.29626,7.172063030495014,2.6717821871949723,0.999999982941839
4.10641,4.12473,50.87415,5163.28353,0.409,45.30267,7.1076514829273405,2.6477871909561994,0.999999982941839
4.15499,4.17396,50.93177,5159.22289,0.44379,45.30911,7.039191562718527,2.6222840693895066,0.999999982941839
4.20352,4.22316,50.99397,5155.19292,0.47732,45.31558,6.96698773159318,2.595386242498181,0.999999982941839
4.25201,4.27233,51.06055,5151.19595,0.50954,45.32207,6.891350593108613,2.567209418279791,0.999999982941839
4.30046,4.32146,51.13134,5147.23416,0.54038,45.32858,6.812594498226024,2.537870700738457,0.999999982941839
4.34886,4.37057,51.20612,5143.30955,0.5698,45.33512,6.731035249963224,2.5074877348075897,0.999999982941839
4.39722,4.41965,51.28472,5139.42397,0.59775,45.34168,6.646987930779919,2.476177896993749,0.999999982941839
4.44554,4.4687,51.36691,5135.5791,0.62419,45.34826,6.560764872532667,2.4440575391314474,0.999999982941839
4.49381,4.51772,51.45249,5131.77646,0.64909,45.35486,6.472673784900564,2.4112412911724777,0.999999982941839
4.54205,4.56671,51.54124,5128.0174,0.67241,45.36149,6.383016054293304,2.3778414274844044,0.999999982941839
4.59024,4.61567,51.63295,5124.30312,0.69413,45.36813,6.292085221485201,2.343967299729182,0.999999982941839
4.63839,4.66461,51.7274,5120.63465,0.71424,45.3748,6.200165642606484,2.309724838047181,0.999999982941839
4.6865,4.71352,51.82437,5117.01288,0.73271,45.38149,6.107531334824785,2.2752161210431705,0.999999982941839
4.73457,4.7624,51.92364,5113.43856,0.74953,45.38819,6.014445005017551,2.240539013941233,0.999999982941839
4.78259,4.81126,52.02497,5109.91228,0.7647,45.39492,5.92115725708908,2.2057868732895045,0.999999982941839
4.83058,4.86009,52.12815,5106.4345,0.77822,45.40167,5.827905971297011,2.1710483157429628,0.999999982941839
4.87853,4.9089,52.23296,5103.00557,0.79009,45.40844,5.734915847034189,2.136407047737639,0.999999982941839
4.92644,4.95769,52.33918,5099.62569,0.80031,45.41523,5.642398098986694,2.1019417523014905,0.999999982941839
4.97432,5.00645,52.44658,5096.29496,0.80889,45.42205,5.550550295418412,2.0677260288111485,0.999999982941839
5.02215,5.05518,52.55494,5093.01336,0.81584,45.42888,5.459556326521376,2.033828381201589,0.999999982941839
5.06995,5.1039,52.66406,5089.78079,0.82119,45.43574,5.369586490228845,2.000312249933757,0.999999982941839
5.11771,5.15259,52.77371,5086.59702,0.82494,45.44262,5.2807976827108725,1.967236082959186,0.999999982941839
5.16544,5.20126,52.88369,5083.46177,0.82712,45.44952,5.193333680760293,1.9346534409162004,0.999999982941839
5.21313,5.2499,52.99379,5080.37463,0.82775,45.45645,5.107325503540064,1.9026131318903259,0.999999982941839
5.26078,5.29853,53.1038,5077.33517,0.82685,45.4634,5.022891841586276,1.8711593712291894,0.999999982941839
5.3084,5.34714,53.21353,5074.34284,0.82446,45.47038,4.940139541526838,1.8403319621129925,0.999999982941839
5.35598,5.39573,53.32278,5071.39706,0.8206,45.47738,4.859164135652548,1.8101664928336634,0.999999982941839
5.40353,5.4443,53.43136,5068.49718,0.8153,45.48441,4.780050406255237,1.7806945470256645,0.999999982941839
5.45105,5.49285,53.53908,5065.64249,0.8086,45.49147,4.702872975464403,1.7519439233956613,0.999999982941839
5.49853,5.54138,53.64576,5062.83224,0.80052,45.49855,4.627696912165291,1.7239388618154727,0.999999982941839
5.54598,5.58989,53.75123,5060.06565,0.79111,45.50567,4.554578348441091,1.6967002729630103,0.999999982941839
5.5934,5.63839,53.8553,5057.34188,0.78039,45.51281,4.483565098857322,1.6702459690220075,0.999999982941839
5.64079,5.68687,53.95782,5054.66008,0.76841,45.51998,4.41469727671755,1.6445908932534863,0.999999982941839
5.68814,5.73534,54.05861,5052.01934,0.75519,45.52719,4.348007902243949,1.6197473465590229,0.999999982941839
5.73546,5.78379,54.15752,5049.41874,0.74078,45.53443,4.283523498370465,1.5957252094293704,0.999999982941839
5.78275,5.83222,54.25441,5046.85736,0.72522,45.5417,4.2212646705786225,1.5725321579485603,0.999999982941839
5.83002,5.88064,54.34911,5044.33422,0.70853,45.549,4.161246667830679,1.5501738727562584,0.999999982941839
5.87725,5.92904,54.44149,5041.84834,0.69077,45.55634,4.103479922273293,1.5286542401015806,0.999999982941839
5.92445,5.97743,54.53142,5039.39874,0.67197,45.56371,4.0479705659217995,1.5079755443215823,0.999999982941839
5.97162,6.02581,54.61875,5036.98441,0.65217,45.57112,3.994720923022216,1.4881386512590598,0.999999982941839
6.01877,6.07417,54.70337,5034.60434,0.6314,45.57856,3.9437299772067362,1.4691431822902632,0.999999982941839
6.06588,6.12252,54.78515,5032.2575,0.6097,45.58604,3.8949938129517867,1.4509876787796372,0.999999982941839
6.11297,6.17086,54.86398,5029.94287,0.58712,45.59357,3.8485060311542383,1.4336697568928962,0.999999982941839
6.16002,6.21919,54.93975,5027.6594,0.5637,45.60113,3.804258138929385,1.4171862528070256,0.999999982941839
6.20705,6.2675,55.01234,5025.40606,0.53946,45.60872,3.7622399139447285,1.401533358434204,0.999999982941839
6.25406,6.3158,55.08166,5023.18181,0.51445,45.61636,3.7224397438324863,1.3867067478618933,0.999999982941839
6.30103,6.3641,55.14761,5020.98559,0.48871,45.62404,3.6848449413263813,1.372701694749582,0.999999982941839
6.34798,6.41238,55.21011,5018.81637,0.46227,45.63177,3.6494420359269646,1.3595131809817962,0.999999982941839
6.3949,6.46065,55.26906,5016.67308,0.43517,45.63953,3.6162170429708222,1.3471359969034555,0.999999982941839
6.44179,6.50891,55.32439,5014.55469,0.40746,45.64734,3.5851557110445866,1.3355648334881032,0.999999982941839
6.48866,6.55716,55.37602,5012.46013,0.37916,45.6552,3.5562437487150294,1.3247943668008306,0.999999982941839
6.5355,6.60541,55.42388,5010.38835,0.35031,45.66309,3.529467031578806,1.3148193351297577,0.999999982941839
6.58232,6.65364,55.4679,5008.33829,0.32095,45.67104,3.504811790623686,1.3056346091555435,0.999999982941839
6.62911,6.70187,55.50802,5006.3089,0.29112,45.67903,3.4822647828800535,1.2972352555235624,0.999999982941839
6.67587,6.75008,55.54419,5004.29912,0.26086,45.68706,3.461813445310303,1.2896165941717537,0.999999982941839
6.72261,6.79829,55.57636,5002.30788,0.23019,45.69515,3.4434460328499803,1.282774249754576,0.999999982941839
6.76932,6.84649,55.60447,5000.33412,0.19916,45.70328,3.427151741457412,1.2767041974822353,0.999999982941839
6.81601,6.89469,55.62848,4998.37677,0.16779,45.71146,3.412920816973522,1.2714028036738276,0.999999982941839
6.86267,6.94287,55.64837,4996.43477,0.13614,45.71969,3.4007446505283796,1.2668668612987914,0.999999982941839
6.90931,6.99105,55.66409,4994.50702,0.10422,45.72797,3.390615861164445,1.2630936207562384,0.999999982941839
6.95592,7.03922,55.67562,4992.59246,0.0721,45.73528,3.382528091253547,1.2600807136623953,0.0
7.00251,7.08738,55.68293,4990.68999,0.03978,45.74265,3.3764763474489174,1.2578262798642081,0.0
7.04907,7.13554,55.68601,4988.79851,0.00731,45.75007,3.3724573232533803,1.2563290876044795,0.0
7.09562,7.18369,55.68483,4986.91694,-0.02528,45.75754,3.3704691507346634,1.2555884410292901,0.0
7.14213,7.23183,55.6794,4985.04415,-0.05795,45.76507,3.370511427505215,1.2556041902386894,0.0
7.18863,7.27996,55.66971,4983.17903,-0.09066,45.77265,3.37258523237225,1.25637673711675,0.0
7.2351,7.32809,55.65575,4981.32045,-0.12339,45.78028,3.3766931306539814,1.2579070373120038,0.0
7.28154,7.37621,55.63753,4979.46728,-0.1561,45.78796,3.3828391691690536,1.2601965983708738,0.0
7.32797,7.42433,55.61505,4977.61836,-0.18874,45.7957,3.3910288608284214,1.2632474739977448,0.0
7.37436,7.47243,55.58834,4975.77252,-0.2213,45.80349,3.401269158666053,1.2670622543807146,0.0
7.42074,7.52054,55.55741,4973.9286,-0.25372,45.81133,3.413568419063736,1.2716440524918688,0.0
7.46709,7.56863,55.52227,4972.08541,-0.28598,45.81923,3.4279363538366443,1.2769964862378933,0.0
7.51342,7.61672,55.48296,4970.24173,-0.31804,45.82718,3.4443839707662574,1.2831236563070214,0.0
7.55972,7.6648,55.43952,4968.39634,-0.34986,45.83518,3.462923502081897,1.2900301195265236,0.0
7.60601,7.71288,55.39196,4966.54802,-0.38141,45.84323,3.483568320322193,1.2977208575188937,0.0
7.65226,7.76095,55.34035,4964.69551,-0.41265,45.85134,3.5063328409240393,1.3062012404136671,0.0
7.6985,7.80902,55.28471,4962.83753,-0.44354,45.8595,3.5312324108145954,1.3154769853450126,0.0
7.7447,7.85708,55.22511,4960.9728,-0.47405,45.86771,3.558283182231056,1.325554109446276,0.0
7.79089,7.90513,55.16159,4959.1,-0.50414,45.87597,3.587501970909818,1.336438877021714,0.0
7.83705,7.95318,55.09423,4957.21782,-0.53377,45.88429,3.618906097760731,1.3481377405659865,0.0
7.88319,8.00122,55.02307,4955.3249,-0.56291,45.89265,3.6525132130793314,1.3606572752785873,0.0
7.9293,8.04926,54.9482,4953.41989,-0.5915,45.90107,3.6883411023257984,1.374004106711397,0.0
7.97539,8.09729,54.86969,4951.50138,-0.61953,45.90954,3.7264074724911804,1.3881848311844809,0.0
8.02145,8.14531,54.78761,4949.56799,-0.64695,45.91806,3.7667297180520776,1.4032059285980476,0.0
8.06749,8.19333,54.70206,4947.61828,-0.67371,45.92664,3.8093246655367476,1.4190736672766064,0.0
8.11351,8.24134,54.61312,4945.65081,-0.69978,45.93526,3.8542082957689265,1.4357940004974792,0.0
8.15949,8.28934,54.52089,4943.66412,-0.72512,45.94394,3.9013954429012987,1.453372454372852,0.0
8.20546,8.33734,54.42546,4941.65673,-0.7497,45.95266,3.950899469444133,1.4718140067893872,0.0
8.25139,8.38534,54.32695,4939.62714,-0.77346,45.96144,4.00273191660582,1.4911229571508795,0.0
8.29731,8.43332,54.22546,4937.57384,-0.79637,45.97027,4.056902129416609,1.5113027867269782,0.0
8.34319,8.4813,54.12111,4935.4953,-0.81839,45.97915,4.113416856279004,1.5323560094751774,0.0
8.38905,8.52927,54.01402,4933.38998,-0.83947,45.98807,4.17227982283265,1.5542840132942721,0.0
8.43488,8.57724,53.90431,4931.25633,-0.85959,45.99705,4.233491280267477,1.5770868917591214,0.0
8.48069,8.6252,53.79213,4929.09278,-0.87869,46.00608,4.2970475285564795,1.600763266512311,0.0
8.52647,8.67315,53.67759,4926.89776,-0.89674,46.01516,4.362940415435544,1.6253101006209603,0.0
8.57222,8.72109,53.56085,4924.66971,-0.91369,46.02428,4.431156812358634,1.6507225033562378,0.0
8.61794,8.76902,53.44205,4922.40705,-0.9295,46.03346,4.5016780691762355,1.6769935270467344,0.0
8.66364,8.81695,53.32135,4920.1082,-0.94415,46.04268,4.574479449747535,1.7041139568291508,0.0
8.70931,8.86487,53.19889,4917.7716,-0.95758,46.05196,4.649529551328483,1.7320720943550705,0.0
8.75494,8.91277,53.07484,4915.39568,-0.96975,46.06128,4.7267897111896255,1.760853536740497,0.0
8.80055,8.96067,52.94937,4912.97892,-0.98063,46.07065,4.806213404601107,1.790440952299418,0.0
8.84613,9.00856,52.82265,4910.51977,-0.99019,46.08006,4.887745639051715,1.8208138548744677,0.0
8.89168,9.05644,52.69485,4908.01675,-0.99838,46.08953,4.97132235034092,1.8519483788653173,0.0
8.9372,9.10431,52.56616,4905.46837,-1.00517,46.09904,5.056869806965563,1.8838170573470483,0.0
8.98269,9.15217,52.43675,4902.87321,-1.01053,46.10859,5.144304030031775,1.9163886059720767,0.0
9.02814,9.20002,52.30682,4900.22986,-1.01442,46.1182,5.233530236745736,1.9496277156558195,0.0
9.07357,9.24786,52.17655,4897.53699,-1.01681,46.12784,5.324442316307493,1.98349485733335,0.0
9.11896,9.29568,52.04615,4894.79329,-1.01768,46.13754,5.416922347812654,2.017946102365097,0.0
9.16432,9.3435,51.91581,4891.99754,-1.017,46.14728,5.510840170430883,2.0529329624170227,0.0
9.20965,9.3913,51.78573,4889.14858,-1.01474,46.15706,5.60605301676734,2.088402252878113,0.0
9.25494,9.43908,51.65612,4886.24533,-1.01088,46.16689,5.702405220776051,2.1242959840504234,0.0
9.3002,9.48686,51.52719,4883.28679,-1.00541,46.17677,5.799728011954289,2.160551284481068,0.0
9.34542,9.53462,51.39914,4880.27205,-0.9983,46.18668,5.897839407710657,2.1971003608665,0.0
9.39061,9.58236,51.27218,4877.20032,-0.98954,46.19664,5.996544215757972,2.2338704989439275,0.0
9.43576,9.63009,51.14652,4874.07091,-0.97913,46.20665,6.095634158087849,2.270784109675103,0.0
9.48088,9.6778,51.02238,4870.88323,-0.96706,46.21669,6.194888127541735,2.3077588248257848,0.0
9.52596,9.7255,50.89996,4867.63684,-0.95333,46.22678,6.294072587146392,2.3447076457287137,0.0
9.571,9.77318,50.77949,4864.33143,-0.93794,46.23691,6.392942121207787,2.381539148580588,0.0
9.616,9.82085,50.66116,4860.96683,-0.92089,46.24708,6.4912401456725055,2.4181577490703785,0.0
9.66097,9.86849,50.54518,4857.54301,-0.90221,46.2573,6.588699783433597,2.4544640284537866,0.0
9.70589,9.91612,50.43176,4854.0601,-0.8819,46.26755,6.685044908081594,2.4903551223779603,0.0
9.75078,9.96373,50.32111,4850.5184,-0.85998,46.27784,6.779991357148064,2.5257251728466468,0.0
9.79562,10.01132,50.21343,4846.91836,-0.83649,46.28817,6.873248313074435,2.5604658426674067,0.0
9.84043,10.05889,50.1089,4843.26062,-0.81145,46.29854,6.964519847156701,2.594466890611645,0.0
9.88519,10.10644,50.00772,4839.54598,-0.78491,46.30896,7.053506618431333,2.627616804294311,0.0
9.92991,10.15397,49.91007,4835.77542,-0.75689,46.3194,7.139907716154612,2.659803486545933,0.0
9.97458,10.20148,49.81614,4831.95011,-0.72746,46.32989,7.2234226310719745,2.6909149897623115,0.0
10.01922,10.24896,49.72608,4828.0714,-0.69666,46.34042,7.30375333727056,2.720840291449372,0.0
10.06381,10.29643,49.64008,4824.14079,-0.66455,46.35098,7.380606463142782,2.7494701029642163,0.0
10.10836,10.34387,49.55828,4820.16,-0.6312,46.36158,7.453695526956539,2.776697702323849,0.0
10.15286,10.39128,49.48083,4816.13089,-0.59666,46.37221,7.522743209752554,2.8024197809192386,0.0
10.19731,10.43867,49.40786,4812.05551,-0.56103,46.38289,7.587483636054519,2.826537293139855,0.0
10.24172,10.48604,49.33951,4807.93607,-0.52437,46.3936,7.647664631057175,2.848956297235622,0.0
10.28609,10.53338,49.2759,4803.77493,-0.48676,46.40434,7.7030499218182475,2.8695887753188267,0.0
10.3304,10.5807,49.21712,4799.57461,-0.4483,46.41512,7.753421249498225,2.8883534202290146,0.0
10.37467,10.62799,49.16327,4795.33775,-0.40907,46.42593,7.798580359922496,2.905176377069762,0.0
10.4189,10.67526,49.11443,4791.06715,-0.36917,46.43678,7.838350840758622,2.9199919276055475,0.0
10.46307,10.7225,49.07068,4786.76568,-0.32869,46.44767,7.8725797753625955,2.9327431063630005,0.0
10.5072,10.76971,49.03207,4782.43636,-0.28774,46.45859,7.901139185879156,2.9433822382237347,0.0
10.55128,10.81689,48.99864,4778.08227,-0.24642,46.46954,7.923927241384936,2.951871388489464,0.0
10.59531,10.86405,48.97043,4773.70659,-0.20483,46.48052,7.940869210710009,2.958182717833095,0.0
10.63929,10.91118,48.94745,4769.31252,-0.16307,46.49154,7.951918143958718,2.962298736183169,0.0
10.68322,10.95828,48.92971,4764.90336,-0.12126,46.5026,7.957055271549529,2.9642124513767083,0.0
10.7271,11.00536,48.91719,4760.48239,-0.07949,46.51369,7.956290114668031,2.9639274103058613,0.0
10.77093,11.0524,48.90988,4756.05294,-0.03788,46.52481,7.949660306260249,2.961457632233204,0.0
10.81471,11.09942,48.90774,4751.61831,0.00346,46.53596,7.937231126960979,2.9568274359128375,0.0
10.85845,11.14641,48.91072,4747.1818,0.04445,46.54715,7.919094765390026,2.9500711640312645,0.0
10.90213,11.19337,48.91877,4742.74667,0.08496,46.55837,7.895369317103468,2.941232810290407,0.0
10.94576,11.2403,48.9318,4738.31614,0.12491,46.56962,7.866197540869507,2.9303655560876294,0.0
10.98934,11.28721,48.94973,4733.89337,0.16419,46.58091,7.831745394792388,2.9175312251833825,0.0
11.03288,11.33408,48.97246,4729.48143,0.20272,46.59223,7.792200378117491,2.9027996659799737,0.0
11.07636,11.38093,48.99989,4725.08331,0.24039,46.60358,7.747769707092216,2.886248071981746,0.0
11.11979,11.42775,49.03189,4720.70192,0.27711,46.61497,7.698678355138722,2.8679602517078617,0.0
11.16317,11.47454,49.06834,4716.34003,0.31282,46.62639,7.645166988728283,2.848025859751185,0.0
11.20651,11.52131,49.10909,4712.00032,0.34742,46.63784,7.587489830709875,2.8265396008119668,0.0
11.24979,11.56804,49.154,4707.68534,0.38084,46.64933,7.525912482564298,2.8036004184301992,0.0
11.29303,11.61475,49.20291,4703.39748,0.41302,46.66085,7.460709736065065,2.779310679771724,0.0
11.33621,11.66143,49.25566,4699.13903,0.44388,46.67241,7.392163403302192,2.7537753672549923,0.0
11.37935,11.70809,49.31207,4694.91211,0.47337,46.684,7.32056019194874,2.727101287031955,0.0
11.42244,11.75472,49.37196,4690.71871,0.50143,46.69562,7.246189650191881,2.699396303420802,0.0
11.46548,11.80132,49.43516,4686.56065,0.52801,46.70728,7.169342202977566,2.6707686073554426,0.0
11.50847,11.8479,49.50147,4682.43962,0.55308,46.71897,7.090307298155753,2.6413260257758164,0.0
11.55142,11.89445,49.57069,4678.35716,0.57658,46.7307,7.00937167802626,2.6111753777332503,0.0
11.59432,11.94097,49.64264,4674.31465,0.59848,46.74246,6.926817788557158,2.58042188178245,0.0
11.63717,11.98747,49.7171,4670.31332,0.61876,46.75425,6.842922335419332,2.549168618066386,0.0
11.67997,12.03395,49.79387,4666.35425,0.6374,46.76609,6.757954992929202,2.5175160473634826,0.0
11.72273,12.08041,49.87276,4662.43841,0.65437,46.77796,6.67217726914249,2.4855615883051874,0.0
11.76544,12.12684,49.95355,4658.56658,0.66965,46.78986,6.58584152767751,2.4533992529794086,0.0
11.80811,12.17324,50.03603,4654.73945,0.68325,46.8018,6.499190164466538,2.4211193402487394,0.0
11.85073,12.21963,50.12,4650.95754,0.69515,46.81378,6.412454935523119,2.3888081853260936,0.0
11.89331,12.26599,50.20524,4647.22129,0.70536,46.82579,6.325856429990779,2.356547963471484,0.0
11.93584,12.31233,50.29156,4643.53097,0.71387,46.83784,6.239603681243548,2.324416545116736,0.0
11.97833,12.35866,50.37874,4639.88677,0.7207,46.84993,6.153893907599993,2.292487399274642,0.0
12.02078,12.40496,50.46657,4636.28876,0.72585,46.86206,6.068912373255128,2.26082954173244,0.0
12.06318,12.45124,50.55487,4632.7369,0.72934,46.87422,5.984832359434126,2.2295075243058093,0.0
12.10554,12.4975,50.64342,4629.23107,0.73118,46.88643,5.901815235312745,2.1985814612585983,0.0
12.14786,12.54374,50.73203,4625.77104,0.7314,46.89867,5.8200106181162115,2.16810708894387,0.0
12.19013,12.58997,50.8205,4622.3565,0.73002,46.91094,5.739556611791302,2.138135854715533,0.0
12.23237,12.63617,50.90864,4618.98706,0.72706,46.92326,5.660580113860255,2.108715031239495,0.0
12.27457,12.68236,50.99627,4615.66227,0.72255,46.93562,5.583197180382931,2.0798878524516726,0.0
12.31672,12.72853,51.0832,4612.38159,0.71652,46.94802,5.507513439420258,2.0516936675840043,0.0
12.35883,12.77469,51.16925,4609.14442,0.709,46.96045,5.433624543905604,2.0241681098709488,0.0
12.40091,12.82083,51.25424,4605.95011,0.70003,46.97293,5.36161665546648,1.9973432767858028,0.0
12.44294,12.86695,51.33801,4602.79794,0.68964,46.98545,5.291566951392425,1.9712479188995762,0.0
12.48494,12.91306,51.42039,4599.68716,0.67787,46.998,5.2235441475969155,1.9459076346980648,0.0
12.5269,12.95916,51.50121,4596.61697,0.66475,47.0106,5.157609031153532,1.92134506896558,0.0
12.56882,13.00524,51.58032,4593.58651,0.65033,47.02324,5.093814996651931,1.8975801125916654,0.0
12.6107,13.0513,51.65758,4590.5949,0.63464,47.03592,5.032208581309071,1.874630101914106,0.0
12.65254,13.09736,51.73282,4587.64123,0.61773,47.04864,4.972829994389283,1.8525100159418346,0.0
12.69435,13.1434,51.80591,4584.72454,0.59963,47.0614,4.915713637165485,1.8312326700541655,0.0
12.73612,13.18943,51.87671,4581.84385,0.58039,47.07421,4.860888610153898,1.8108089049590708,0.0
12.77786,13.23544,51.9451,4578.99816,0.56006,47.08705,4.808379204958488,1.7912477699181795,0.0
12.81955,13.28145,52.01095,4576.18644,0.53867,47.09994,4.758205378520305,1.77255669941713,0.0
12.86122,13.32744,52.07413,4573.40764,0.51626,47.11287,4.710383208012321,1.7547416826258722,0.0
12.90284,13.37343,52.13454,4570.6607,0.4929,47.12585,4.664925325044912,1.7378074251516267,0.0
12.94443,13.4194,52.19205,4567.94452,0.46861,47.13886,4.621841328171847,1.7217575027082268,0.0
12.98599,13.46536,52.24658,4565.25801,0.44344,47.15192,4.581138173019087,1.7065945064493568,0.0
13.02751,13.51132,52.29802,4562.60006,0.41744,47.16502,4.542820539626202,1.692320179812895,0.0
13.069,13.55726,52.34627,4559.96952,0.39065,47.17817,4.506891176806026,1.6789355468039482,0.0
13.11045,13.6032,52.39126,4557.36527,0.36311,47.19135,4.47335122353547,1.6664410317213842,0.0
13.15186,13.64913,52.43242,4554.78709,0.32701,47.24012,4.442495721860483,1.6549465454903411,24.999999573545978
13.1932,13.69509,52.46922,4552.23452,0.29031,47.28873,4.414608263464631,1.6445577334746948,24.999999573545978
13.23448,13.74107,52.5016,4549.70607,0.25308,47.3372,4.3896707098627665,1.6352678386114754,24.999999573545978
13.27571,13.78706,52.5295,4547.2002,0.21536,47.38555,4.367666567163987,1.627070716492341,24.999999573545978
13.31687,13.83307,52.55286,4544.71542,0.1772,47.4338,4.348580840225304,1.619960781031983,24.999999573545978
13.35797,13.8791,52.57165,4542.25019,0.13865,47.48199,4.332400193120527,1.6139330642470062,24.999999573545978
13.39901,13.92515,52.58583,4539.80298,0.09977,47.53012,4.319113085881572,1.608983267195663,24.999999573545978
13.43999,13.97122,52.59535,4537.37226,0.06059,47.57823,4.308709888633828,1.6051078024962848,24.999999573545978
13.48091,14.0173,52.60021,4534.9565,0.02118,47.62634,4.301182974069816,1.602303828776149,24.999999573545978
13.52178,14.0634,52.60038,4532.55412,-0.01842,47.67447,4.296526789064206,1.6005692773499582,24.999999573545978
13.56258,14.10953,52.59584,4530.16358,-0.05816,47.72264,4.294737906056123,1.599902871361103,24.999999573545978
13.60333,14.15567,52.58658,4527.78331,-0.098,47.77088,4.2958150546683225,1.6003041375606328,24.999999573545978
13.64401,14.20183,52.5726,4525.41171,-0.13787,47.8192,4.299759133868788,1.601773410837776,24.999999573545978
13.68464,14.24801,52.55391,4523.04719,-0.17774,47.86764,4.306573204794818,1.6043118315467182,24.999999573545978
13.7252,14.29421,52.53052,4520.68813,-0.21754,47.91621,4.31626246421935,1.607921335622115,24.999999573545978
13.76571,14.34043,52.50243,4518.33291,-0.25724,47.96494,4.328834198444111,1.6126046374030736,24.999999573545978
13.80616,14.38666,52.46966,4515.97988,-0.29679,48.01385,4.344297717260823,1.6183652050319663,24.999999573545978
13.84655,14.43292,52.43226,4513.62738,-0.33612,48.06297,4.36266426745387,1.6252072282318961,24.999999573545978
13.88688,14.4792,52.39024,4511.27372,-0.3752,48.11232,4.383946925156847,1.633135578206681,24.999999573545978
13.92715,14.5255,52.34365,4508.91719,-0.41397,48.16191,4.408160466237273,1.6421557593557488,24.999999573545978
13.96736,14.57181,52.29253,4506.55607,-0.45237,48.21179,4.4353212137243965,1.6522738524369787,24.999999573545978
14.00751,14.61815,52.23692,4504.18861,-0.49037,48.26196,4.465446861180963,1.663496448768039,24.999999573545978
14.0476,14.66451,52.1769,4501.81303,-0.52791,48.31246,4.498556270775879,1.6758305750031421,24.999999573545978
14.08763,14.71089,52.11251,4499.42756,-0.56493,48.36331,4.534669244730475,1.6892836079907603,24.999999573545978
14.12759,14.75728,52.04383,4497.03035,-0.60139,48.41453,4.573806268692189,1.7038631791735743,24.999999573545978
14.1675,14.8037,51.97094,4494.61957,-0.63722,48.46614,4.61598822554355,1.719577067974788,24.999999573545978
14.20734,14.85014,51.8939,4492.19335,-0.67239,48.51819,4.661236078084072,1.7364330835887842,24.999999573545978
14.24712,14.8966,51.81282,4489.74979,-0.70683,48.57068,4.709570519019596,1.7544389345929474,24.999999573545978
14.28684,14.94308,51.72777,4487.28698,-0.74049,48.62364,4.761011586692515,1.7736020857970594,24.999999573545978
14.3265,14.98958,51.63887,4484.80296,-0.77332,48.67711,4.81557824503788,1.7939296017658979,24.999999573545978
14.36609,15.03611,51.54622,4482.29577,-0.80526,48.7311,4.873287926349143,1.815427976487444,24.999999573545978
14.40561,15.08265,51.44993,4479.76342,-0.83626,48.78564,4.934156035564724,1.8381029487065879,24.999999573545978
14.44508,15.12921,51.35012,4477.20389,-0.86626,48.84076,4.998195414993922,1.8619593025214463,24.999999573545978
14.48447,15.1758,51.24691,4474.61516,-0.8952,48.89648,5.065415768649001,1.8870006529319139,24.999999573545978
14.5238,15.22241,51.14043,4471.99516,-0.92304,48.95284,5.135823045679981,1.9132292161529052,24.999999573545978
14.56306,15.26904,51.03083,4469.34184,-0.94972,49.00985,5.209418782808648,1.9406455646537193,24.999999573545978
14.60225,15.31569,50.91824,4466.6531,-0.97517,49.06755,5.286199406130547,1.9692483670609118,24.999999573545978
14.64137,15.36236,50.80283,4463.92686,-0.99935,49.12596,5.366155493246315,1.999034113282801,24.999999573545978
14.68043,15.40905,50.68473,4461.16102,-1.0222,49.18511,5.449270997309292,2.0299968254467884,24.999999573545978
14.71941,15.45576,50.56412,4458.35347,-1.04367,49.24503,5.535522435370482,2.0621277555365,24.999999573545978
14.75832,15.5025,50.44117,4455.50212,-1.06369,49.30573,5.624878044241382,2.095415070928477,24.999999573545978
14.79716,15.54926,50.31605,4452.60486,-1.08221,49.36726,5.717296908048305,2.1298435293832116,24.999999573545978
14.83592,15.59604,50.18894,4449.65962,-1.09919,49.42963,5.812728062724546,2.1653941454449104,24.999999573545978
14.87461,15.64284,50.06003,4446.66434,-1.11457,49.49286,5.91110958383897,2.202043850633644,24.999999573545978
14.91323,15.68966,49.92952,4443.61696,-1.12829,49.55699,6.012367665369089,2.2397651502640854,24.999999573545978
14.95176,15.73651,49.7976,4440.51549,-1.14031,49.62204,6.11641569837373,2.2785257802268264,24.999999573545978
14.99022,15.78338,49.66448,4437.35796,-1.15058,49.68804,6.223153359878429,2.3182883675742243,24.999999573545978
15.0286,15.83026,49.53036,4434.14244,-1.15905,49.755,6.332465723652392,2.3590100992614174,24.999999573545978
15.0669,15.87717,49.39547,4430.86707,-1.16568,49.82295,6.444222406047887,2.4006424039490235,24.999999573545978
15.10511,15.92411,49.26002,4427.53005,-1.17041,49.89191,6.558276761368105,2.443130652256503,24.999999573545978
15.14325,15.97106,49.12423,4424.12966,-1.17322,49.9619,6.67446514262609,2.486413881375403,24.999999573545978
15.18129,16.01803,48.98834,4420.66428,-1.17407,50.03293,6.792606244735168,2.530424550390512,24.999999573545978
15.21926,16.06503,48.85257,4417.13235,-1.17292,50.10504,6.912500548227418,2.5750883330503576,24.999999573545978
15.25713,16.11205,48.71717,4413.53245,-1.16974,50.17822,7.033929882473039,2.620323955054923,24.999999573545978
15.29492,16.15909,48.58235,4409.86327,-1.16451,50.2525,7.156657127903138,2.666043083125806,24.999999573545978
15.33261,16.20615,48.44838,4406.12363,-1.1572,50.32789,7.280426077022388,2.7121502732297706,24.999999573545978
15.37022,16.25323,48.31548,4402.31251,-1.14779,50.40439,7.404961473820145,2.7585429852604317,24.999999573545978
15.40773,16.30033,48.18391,4398.42901,-1.13628,50.48202,7.529969250615561,2.8051116712692865,24.999999573545978
15.44515,16.34745,48.05389,4394.47242,-1.12265,50.56078,7.655136980242113,2.8517399439163515,24.999999573545978
15.48247,16.3946,47.92569,4390.44222,-1.10691,50.64067,7.780134559857589,2.8983048312073754,24.999999573545978
15.51969,16.44176,47.79953,4386.33806,-1.08905,50.7217,7.904615140394381,2.9446771227385238,24.999999573545978
15.55682,16.48894,47.67566,4382.15978,-1.06909,50.80385,8.028216312845064,2.990721811618978,24.999999573545978
15.59384,16.53615,47.55432,4377.90746,-1.04704,50.88712,8.150561559112324,3.0362986349507004,24.999999573545978
15.63077,16.58337,47.43575,4373.58139,-1.02292,50.97151,8.271261971094244,3.0812627142329383,24.999999573545978
15.66758,16.63061,47.32016,4369.18206,-0.99677,51.057,8.3899182370802,3.1254652953469626,24.999999573545978
15.7043,16.67788,47.2078,4364.71023,-0.96863,51.14357,8.506122889424791,3.1687545858737405,24.999999573545978
15.74091,16.72516,47.09888,4360.16687,-0.93854,51.23121,8.6194628019896,3.2109766854567097,24.999999573545978
15.77741,16.77246,46.99361,4355.55322,-0.90654,51.3199,8.729521920012964,3.251976602750091,24.999999573545978
15.8138,16.81977,46.89221,4350.87076,-0.87271,51.4096,8.835884199197073,3.2915993503061656,24.999999573545978
15.85008,16.86711,46.79487,4346.1212,-0.8371,51.50028,8.93813672485864,3.3296911065409707,24.999999573545978
15.88626,16.91446,46.70179,4341.30652,-0.79979,51.59192,9.035872976274208,3.3661004317888135,24.999999573545978
15.92231,16.96183,46.61314,4336.42892,-0.76087,51.68448,9.128696196059815,3.4006795234848535,24.999999573545978
15.95826,17.00922,46.52909,4331.49087,-0.72042,51.77792,9.21622281963397,3.433285493730294,24.999999573545978
15.99409,17.05662,46.44981,4326.49504,-0.67854,51.87218,9.298085915919502,3.4637816510443518,24.999999573545978
16.0298,17.10404,46.37543,4321.44436,-0.63532,51.96724,9.37393858735817,3.492038766959157,24.999999573545978
16.0654,17.15147,46.3061,4316.34195,-0.59089,52.06303,9.443457275487203,3.517936307433992,24.999999573545978
16.10087,17.19892,46.24193,4311.19113,-0.54535,52.15951,9.506344917602851,3.5413636087955207,24.999999573545978
16.13623,17.24638,46.18303,4305.99542,-0.49882,52.25661,9.562333900821164,3.5622209782031504,24.999999573545978
16.17147,17.29386,46.12949,4300.75852,-0.45144,52.35429,9.611188761790734,3.5804206993630716,24.999999573545978
16.20659,17.34135,46.08139,4295.48425,-0.40332,52.45249,9.652708583856697,3.5958879255349094,24.999999573545978
16.24159,17.38886,46.0388,4290.1766,-0.3546,52.55113,9.686729048186136,3.6085614436299154,24.999999573545978
16.27647,17.43638,46.00175,4284.83966,-0.30542,52.65017,9.713124101355824,3.61839429543127,24.999999573545978
16.31122,17.48391,45.97028,4279.47762,-0.25592,52.74953,9.731807208964227,3.6253542445975473,24.999999573545978
16.34585,17.53145,45.94441,4274.09473,-0.20623,52.84915,9.742732172753689,3.629424081062219,24.999999573545978
16.38036,17.579,45.92413,4268.69531,-0.15649,52.94896,9.745893497244586,3.630601757614531,24.999999573545978
16.41475,17.62657,45.90943,4263.28369,-0.10685,53.04891,9.741326300870872,3.628900356795154,24.999999573545978
16.44901,17.67414,45.90026,4257.86422,-0.05746,53.14892,9.72910577557953,3.624347889582757,24.999999573545978
16.48315,17.72173,45.8966,4252.44121,-0.00843,53.24893,9.709346207773175,3.6169869306693707,24.999999573545978
16.51717,17.76932,45.89836,4247.01896,0.04007,53.34888,9.682199581872698,3.606874098250728,24.999999573545978
16.55106,17.81693,45.90548,4241.60168,0.08793,53.4487,9.647853795508665,3.594079389138099,24.999999573545978
16.58483,17.86454,45.91786,4236.19353,0.13501,53.54834,9.60653052223275,3.578685382562064,24.999999573545978
16.61848,17.91216,45.93539,4230.79854,0.18118,53.64772,9.558482763360418,3.560786328169499,24.999999573545978
16.652,17.95979,45.95795,4225.42064,0.22632,53.74681,9.50399213513999,3.5404871354226723,24.999999573545978
16.68541,18.00743,45.98541,4220.06362,0.27031,53.84553,9.443365940704389,3.517902282824231,24.999999573545978
16.71869,18.05507,46.01763,4214.73113,0.31304,53.94383,9.37693407819123,3.493154666110579,24.999999573545978
16.75186,18.10272,46.05444,4209.42665,0.3544,54.04168,9.305045837061476,3.4663744047962832,24.999999573545978
16.7849,18.15038,46.09568,4204.15348,0.39429,54.13901,9.228066634011936,3.437697626215598,24.999999573545978
16.81783,18.19805,46.14117,4198.91475,0.43262,54.23578,9.146374738085482,3.40726524553985,24.999999573545978
16.85063,18.24572,46.19073,4193.71339,0.46931,54.33197,9.060358031818788,3.3752217592197544,24.999999573545978
16.88332,18.2934,46.24416,4188.55214,0.50426,54.42751,8.970410851555101,3.341714067918783,24.999999573545978
16.9159,18.34108,46.30125,4183.43353,0.53742,54.52239,8.87693094568714,3.306890343378615,24.999999573545978
16.94835,18.38877,46.3618,4178.35988,0.56871,54.61656,8.780316584687606,3.270898951829458,24.999999573545978
16.9807,18.43646,46.4256,4173.33332,0.59807,54.71001,8.680963851610281,3.2338874446304176,24.999999573545978
17.01293,18.48416,46.49241,4168.35576,0.62547,54.8027,8.579264136212052,3.19600162476402,24.999999573545978
17.04505,18.53187,46.56203,4163.42892,0.65084,54.89462,8.47560185055948,3.1573846958395477,24.999999573545978
17.07705,18.57958,46.63421,4158.55429,0.67416,54.98575,8.37035237859319,3.1181764982518305,24.999999573545978
17.10895,18.62729,46.70874,4153.7332,0.69539,55.07607,8.263880267152098,3.0785128352901694,24.999999573545978
17.14074,18.67501,46.78537,4148.96675,0.71452,55.16556,8.15653766123125,3.0385248902307094,24.999999573545978
17.17242,18.72273,46.86388,4144.25588,0.73152,55.25423,8.048662982052056,2.9983387338828273,24.999999573545978
17.20399,18.77046,46.94402,4139.60133,0.74638,55.34206,7.9405798427099805,2.958074920639354,24.999999573545978
17.23546,18.81819,47.02557,4135.00367,0.75911,55.42905,7.832596192971443,2.917848169890928,24.999999573545978
17.26683,18.86593,47.1083,4130.4633,0.7697,55.51521,7.725003682045648,2.8777671286417292,24.999999573545978
17.29809,18.91367,47.19195,4125.98048,0.77816,55.60053,7.6180772260470455,2.837934210377871,24.999999573545978
17.32925,18.96141,47.27632,4121.55529,0.78449,55.68501,7.51207476513254,2.798445504594611,24.999999573545978
17.36031,19.00916,47.36117,4117.18768,0.78873,55.76867,7.407237194185392,2.7593907509742923,24.999999573545978
17.39127,19.05691,47.44627,4112.87748,0.79089,55.85151,7.303788450159418,2.7208533719243464,24.999999573545978
17.42213,19.10467,47.53141,4108.62436,0.79099,55.93354,7.20193573888002,2.68291055706665,24.999999573545978
17.4529,19.15243,47.61636,4104.4279,0.78906,56.01478,7.101869884127219,2.645633393280135,24.999999573545978
17.48357,19.2002,47.70091,4100.28757,0.78514,56.09524,7.003765782146715,2.6090870340181214,24.999999573545978
17.51414,19.24797,47.78485,4096.20271,0.77927,56.17493,6.907782945309228,2.5733309018357287,24.999999573545978
17.54462,19.29574,47.86797,4092.1726,0.77147,56.25387,6.814066119419961,2.5384189183538832,24.999999573545978
17.57501,19.34352,47.95008,4088.19641,0.7618,56.33209,6.722745960120456,2.504399756236817,24.999999573545978
17.60531,19.39131,48.03097,4084.27324,0.75031,56.4096,6.633939754841451,2.471317108138499,24.999999573545978
17.63551,19.4391,48.11046,4080.40211,0.73703,56.48641,6.54775217791962,2.4392099680034858,24.999999573545978
17.66563,19.48689,48.18837,4076.58197,0.72201,56.56256,6.464276067614698,2.408112920526253,24.999999573545978
17.69566,19.53469,48.26451,4072.81172,0.70531,56.63807,6.383593214951688,2.3780564350156634,24.999999573545978
17.7256,19.58249,48.33872,4069.0902,0.68698,56.71296,6.305775155460615,2.3490671603388655,24.999999573545978
17.75545,19.6303,48.41082,4065.41619,0.66708,56.78724,6.230883956002466,2.3211682180346545,24.999999573545978
17.78522,19.67812,48.48066,4061.78844,0.64565,56.86096,6.158972989940545,2.2943794910851976,24.999999573545978
17.8149,19.72594,48.54808,4058.20564,0.62275,56.93413,6.090087694928323,2.2687179062119505,24.999999573545978
17.8445,19.77376,48.61294,4054.66647,0.59845,57.00678,6.024266308505839,2.2441977079046675,24.999999573545978
17.87402,19.82159,48.67509,4051.16953,0.5728,57.07893,5.961540577583301,2.2208307227227126,24.999999573545978
17.90345,19.86942,48.73439,4047.71344,0.54586,57.15062,5.9019364386324975,2.1986266126842575,24.999999573545978
17.9328,19.91727,48.79073,4044.29676,0.51769,57.22186,5.845474666138844,2.177593116831728,24.999999573545978
17.96207,19.96511,48.84398,4040.91803,0.48834,57.29269,5.792171487471945,2.1577362802872697,24.999999573545978
17.99126,20.01296,48.89402,4037.57577,0.45788,57.36313,5.74203916285433,2.1390606703063604,24.999999573545978
18.02037,20.06082,48.94074,4034.26849,0.42637,57.43321,5.695086529619769,2.1215695790283546,24.999999573545978
18.0494,20.10869,48.98405,4030.99466,0.39388,57.50296,5.65131951029237,2.105265212749314,24.999999573545978
18.07836,20.15656,49.02384,4027.75274,0.36045,57.57241,5.610741584385622,2.090148867679562,24.999999573545978
18.10723,20.20444,49.06003,4024.54118,0.32615,57.64158,5.573354224080872,2.0762210922453885,24.999999573545978
18.13602,20.25232,49.09254,4021.35841,0.29105,57.7105,5.539157294141749,2.0634818360676865,24.999999573545978
18.16474,20.30021,49.12129,4018.20283,0.25521,57.7792,5.508149416592215,2.051930585814125,24.999999573545978
18.19338,20.3481,49.14621,4015.07286,0.21867,57.84771,5.480328300813419,2.041566488168911,24.999999573545978
18.22195,20.39601,49.16725,4011.96687,0.18152,57.91605,5.455691039772847,2.032388460185946,24.999999573545978
18.25044,20.44392,49.18433,4008.88324,0.14381,57.98426,5.434234373135497,2.0243952873046562,24.999999573545978
18.27885,20.49183,49.19742,4005.82033,0.1056,58.05236,5.415954918044406,2.0175857093218155,24.999999573545978
18.30719,20.53975,49.20646,4002.77647,0.06695,58.12038,5.400849368300901,2.011958494591426,24.999999573545978
18.33545,20.58768,49.21144,3999.75,0.02793,58.18835,5.388914662662872,2.007512502720256,24.999999573545978
18.36363,20.63562,49.2123,3996.73923,-0.01141,58.2563,5.380148122919356,2.004246736004253,24.999999573545978
18.39175,20.68356,49.20904,3993.74247,-0.051,58.32426,5.374547562285526,2.0021603798085326,24.999999573545978
18.41978,20.73151,49.20164,3990.758,-0.09078,58.39225,5.372111364641322,2.0012528320858483,24.999999573545978
18.44774,20.77947,49.19007,3987.78409,-0.13069,58.4603,5.3728385349718035,2.0015237221669557,24.999999573545978
18.47563,20.82744,49.17435,3984.81901,-0.17066,58.52844,5.376728721315727,2.0029729189370307,24.999999573545978
18.50344,20.87541,49.15447,3981.861,-0.21064,58.59671,5.383782208391614,2.005600528461213,24.999999573545978
18.53118,20.92339,49.13044,3978.90827,-0.25056,58.66512,5.393999882986752,2.0094068810911,24.999999573545978
18.55884,20.97137,49.10227,3975.95905,-0.29036,58.73372,5.407383171068266,2.0143925080369667,24.999999573545978
18.58642,21.01937,49.07,3973.01151,-0.32998,58.80252,5.423933946492865,2.02055810735974,24.999999573545978
18.61394,21.06737,49.03364,3970.06385,-0.36935,58.87156,5.443654411100004,2.0279044993025512,24.999999573545978
18.64137,21.11537,48.99323,3967.11421,-0.40842,58.94086,5.466546945880145,2.0364325708469955,24.999999573545978
18.66873,21.16339,48.94882,3964.16074,-0.44712,59.01046,5.492613932855874,2.0461432093591596,24.999999573545978
18.69602,21.21141,48.90044,3961.20156,-0.48539,59.08039,5.521857547255254,2.057037225168732,24.999999573545978
18.72323,21.25944,48.84816,3958.23478,-0.52316,59.15067,5.554279519528045,2.069115262913779,24.999999573545978
18.75036,21.30748,48.79204,3955.25849,-0.56038,59.22133,5.589880866750712,2.0823777014820433,24.999999573545978
18.77742,21.35552,48.73214,3952.27077,-0.59697,59.29241,5.6286615929755515,2.096824542383114,24.999999573545978
18.8044,21.40357,48.66853,3949.26967,-0.63288,59.36393,5.670620358145134,2.1124552864103388,24.999999573545978
18.8313,21.45163,48.6013,3946.25324,-0.66805,59.43592,5.715754115256941,2.1292687984751075,24.999999573545978
18.85812,21.49969,48.53053,3943.21951,-0.7024,59.50842,5.764057715602183,2.1472631605479258,24.999999573545978
18.88487,21.54776,48.45631,3940.1665,-0.73588,59.58145,5.815523482058576,2.166435512698746,24.999999573545978
18.91153,21.59584,48.37875,3937.09221,-0.76843,59.65505,5.870140750616809,2.186781882303512,24.999999573545978
18.93812,21.64392,48.29794,3933.99464,-0.79997,59.72923,5.92789538061743,2.208297001594515,24.999999573545978
18.96463,21.69201,48.21401,3930.87179,-0.83046,59.80404,5.988769234429449,2.2309741138269823,24.999999573545978
18.99105,21.74011,48.12707,3927.72165,-0.85982,59.87951,6.052739627737468,2.2548047684965677,24.999999573545978
19.0174,21.78821,48.03723,3924.54219,-0.888,59.95565,6.1197787519897915,2.2797786061860763,24.999999573545978
19.04366,21.83632,47.94464,3921.3314,-0.91493,60.03251,6.1898530710617745,2.3058831338066894,24.999999573545978
19.06984,21.88443,47.84943,3918.08728,-0.94055,60.11011,6.262922694767763,2.333103491214679,24.999999573545978
19.09594,21.93255,47.75175,3914.80783,-0.96481,60.18848,6.338940732438537,2.361422210401991,24.999999573545978
19.12196,21.98067,47.65173,3911.49106,-0.98764,60.26764,6.417852630491561,2.3908189687237402,24.999999573545978
19.14788,22.0288,47.54954,3908.135,-1.00898,60.34764,6.499595498629707,2.4212703378895033,24.999999573545978
19.17373,22.07694,47.44533,3904.73771,-1.02878,60.42849,6.584097430133567,2.4527495307543212,24.999999573545978
19.19948,22.12508,47.33927,3901.29727,-1.04699,60.51022,6.671276822497553,2.4852261482377718,24.999999573545978
19.22515,22.17322,47.23153,3897.8118,-1.06355,60.59286,6.761041705577771,2.518665929041372,24.999999573545978
19.25073,22.22137,47.12228,3894.27946,-1.0784,60.67643,6.853289085273653,2.5530305051527256,24.999999573545978
19.27622,22.26952,47.01171,3890.69846,-1.0915,60.76096,6.94790431169115,2.5882771664696773,24.999999573545978
19.30161,22.31768,46.9,3887.06706,-1.1028,60.84648,7.044760481583685,2.624358638193852,24.999999573545978
19.32692,22.36584,46.78734,3883.38357,-1.11225,60.93299,7.14371788575291,2.661222874972895,24.999999573545978
19.35214,22.414,46.67392,3879.64641,-1.11982,61.02054,7.244623512822648,2.6988128760432093,24.999999573545978
19.37726,22.46216,46.55994,3875.85404,-1.12546,61.10912,7.347310621534162,2.7370665258986873,24.999999573545978
19.40228,22.51033,46.4456,3872.00502,-1.12913,61.19878,7.451598394252438,2.775916465212689,24.999999573545978
19.42721,22.55849,46.33111,3868.09801,-1.13081,61.28951,7.557291684764473,2.815289996886265,24.999999573545978
19.45204,22.60666,46.21666,3864.13178,-1.13046,61.38134,7.664180873708987,2.8551090321919204,24.999999573545978
19.4768,22.65482,46.10328,3860.10333,-1.11198,61.40167,7.771145782809426,2.894956275247976,0.0
19.50152,22.70294,45.992,3856.01045,-1.09124,61.42202,7.876999243617584,2.934389474571192,0.0
19.5262,22.75102,45.88305,3851.85327,-1.06826,61.44237,7.9814004487263155,2.9732816704352243,0.0
19.55084,22.79907,45.77664,3847.63215,-1.04308,61.46274,8.084003182173987,3.011503888284874,0.0
19.57543,22.84709,45.67299,3843.34764,-1.01573,61.48312,8.184455259336731,3.048924930081217,0.0
19.59998,22.89507,45.57232,3839.00048,-0.98626,61.5035,8.282400652830415,3.0854121662560168,0.0
19.62449,22.94302,45.47482,3834.59166,-0.95474,61.5239,8.377481802064924,3.120832396081473,0.0
19.64895,22.99092,45.3807,3830.12235,-0.92122,61.5443,8.469342086403659,3.155052768987197,0.0
19.67337,23.03879,45.29014,3825.59396,-0.88577,61.56471,8.557628437201648,3.1879417576131424,0.0
19.69775,23.08662,45.20334,3821.00811,-0.84849,61.58513,8.641994059611154,3.2193701717538046,0.0
19.72208,23.1344,45.12045,3816.36661,-0.80944,61.60556,8.722101230891091,3.2492122008021114,0.0
19.74636,23.18215,45.04165,3811.67152,-0.76875,61.62599,8.797624138373095,3.2773464709664477,0.0
19.7706,23.22986,44.96708,3806.92507,-0.72649,61.64643,8.868251717316065,3.303657102446147,0.0
19.79479,23.27752,44.89688,3802.1297,-0.6828,61.66687,8.933690446583658,3.3280347508949166,0.0
19.81894,23.32514,44.83119,3797.28804,-0.63777,61.68732,8.993667058893172,3.3503776170598565,0.0
19.84304,23.37272,44.77012,3792.40288,-0.59155,61.70777,9.047931121986833,3.370592408335674,0.0
19.8671,23.42025,44.71376,3787.47719,-0.54425,61.72823,9.09625744785373,3.388595236263254,0.0
19.8911,23.46773,44.66222,3782.51409,-0.496,61.74869,9.13844828889475,3.4043124346588725,0.0
19.91506,23.51518,44.61555,3777.51684,-0.44696,61.76915,9.174335282855473,3.4176812841528803,0.0
19.93897,23.56257,44.57383,3772.48882,-0.39727,61.78962,9.203781112194198,3.428650630347955,0.0
19.96284,23.60992,44.53709,3767.4335,-0.34706,61.81008,9.226680848433181,3.4371813846253,0.0
19.98666,23.65722,44.50538,3762.35445,-0.29649,61.83056,9.242962957654138,3.4432468987181823,0.0
20.01043,23.70448,44.47869,3757.25532,-0.2457,61.85103,9.252589949659502,3.4468332065415845,0.0
20.03415,23.75169,44.45704,3752.13978,-0.19486,61.87151,9.25555866002219,3.447939129263157,0.0
20.05782,23.79884,44.4404,3747.01155,-0.14411,61.89198,9.251900161438048,3.4465762422796726,0.0
20.08145,23.84595,44.42875,3741.87437,-0.0936,61.91246,9.241679307798115,3.442768705371954,0.0
20.10502,23.89302,44.42205,3736.73195,-0.04348,61.93294,9.224993921520094,3.436552959964456,0.0
20.12855,23.94003,44.42022,3731.58799,0.0061,61.95343,9.201973641231392,3.4279772998568863,0.0
20.15203,23.987,44.42321,3726.44614,0.05499,61.97391,9.172778453075626,3.417101324097231,0.0
20.17546,24.03391,44.43092,3721.30999,0.10305,61.9944,9.137596934280873,3.403995282664715,0.0
20.19885,24.08078,44.44325,3716.18306,0.15015,62.01488,9.096644242265699,3.388739327358885,0.0
20.22218,24.1276,44.4601,3711.06877,0.19616,62.03537,9.050159886122726,3.3714226816186077,0.0
20.24547,24.17437,44.48133,3705.97042,0.24093,62.05586,8.998405320038135,3.3521427440075087,0.0
20.26871,24.22109,44.5068,3700.89122,0.28436,62.07635,8.941661399728392,3.33100414066973,0.0
20.29191,24.26776,44.53638,3695.83423,0.32633,62.09684,8.880225743628733,3.3081177423032098,0.0
20.31505,24.31439,44.5699,3690.80236,0.36673,62.11734,8.814410040114254,3.2835996610286844,0.0
20.33815,24.36096,44.60719,3685.79839,0.40546,62.13783,8.744537340746973,3.2575702420530055,0.0
20.3612,24.40749,44.64809,3680.82492,0.44242,62.15833,8.670939377433411,3.2301530642397442,0.0
20.38421,24.45397,44.6924,3675.88441,0.47753,62.17883,8.593953938529914,3.201473962639385,0.0
20.40716,24.5004,44.73993,3670.97912,0.51071,62.19934,8.513922335586626,3.1716600847848033,0.0
20.43007,24.54679,44.79049,3666.11117,0.54188,62.21984,8.431186988606777,3.1408389911368153,0.0
20.45294,24.59313,44.84388,3661.28249,0.57099,62.24035,8.346089153568762,3.1091378085263592,0.0
20.47576,24.63943,44.89988,3656.49484,0.59797,62.26086,8.258966811751705,3.0766824438727305,0.0
20.49853,24.68568,44.95829,3651.74979,0.62278,62.28138,8.170152736071392,3.0435968638428426,0.0
20.52126,24.73188,45.01889,3647.04876,0.64538,62.3019,8.07997274545252,3.010002444558956,0.0
20.54395,24.77804,45.08146,3642.39299,0.66574,62.32242,7.988744154208728,2.976017393951943,0.0
20.56658,24.82416,45.14578,3637.78355,0.68383,62.34295,7.89677441965011,2.941756247959504,0.0
20.58918,24.87023,45.21163,3633.22135,0.69963,62.36349,7.804359987658565,2.907329440472606,0.0
20.61173,24.91626,45.27879,3628.70713,0.71313,62.38402,7.711785332916963,2.872842945795597,0.0
20.63424,24.96225,45.34705,3624.2415,0.72432,62.40457,7.6193221877693045,2.8383979913763264,0.0
20.6567,25.0082,45.41617,3619.8249,0.73321,62.42512,7.5272289514390325,2.804090837724419,0.0
20.67912,25.05411,45.48594,3615.45765,0.73981,62.44568,7.4357502694637265,2.770012621739635,0.0
20.7015,25.09997,45.55614,3611.13991,0.74413,62.46624,7.3451167717714805,2.7362492591384266,0.0
20.72384,25.1458,45.62656,3606.87172,0.74618,62.48681,7.255544956731786,2.7028814012598463,0.0
20.74613,25.19159,45.69699,3602.65301,0.74599,62.50739,7.167237207859373,2.669984441288161,0.0
20.76838,25.23733,45.76721,3598.48358,0.74359,62.52797,7.080381929402903,2.637628564763211,0.0
20.79059,25.28305,45.83702,3594.36312,0.73901,62.54857,6.99515378701306,2.605878839235606,0.0
20.81276,25.32872,45.90622,3590.29124,0.7323,62.56917,6.911714039813701,2.574795337971966,0.0
20.83489,25.37436,45.97461,3586.26741,0.72348,62.58978,6.830210950560927,2.5444332927499653,0.0
20.85698,25.41996,46.04201,3582.29106,0.71261,62.6104,6.7507802611345795,2.5148432709914306,0.0
20.87903,25.46552,46.10821,3578.36149,0.69974,62.63103,6.6735457212629345,2.4860713727261956,0.0
20.90104,25.51105,46.17305,3574.47796,0.68491,62.65167,6.598619659175603,2.458159443175323,0.0
20.92302,25.55655,46.23634,3570.63963,0.66818,62.67232,6.526103583689354,2.4311452970439165,0.0
20.94495,25.60201,46.29791,3566.8456,0.64961,62.69298,6.456088808173521,2.4050629509646537,0.0
20.96684,25.64744,46.3576,3563.09491,0.62925,62.71365,6.388657087699687,2.379942860852804,0.0
20.9887,25.69284,46.41525,3559.38655,0.60717,62.73433,6.323881261623654,2.3558121612849225,0.0
21.01052,25.7382,46.47071,3555.71943,0.58342,62.75503,6.261825894705457,2.3326949043329233,0.0
21.03229,25.78353,46.52382,3552.09244,0.55808,62.77573,6.20254791074501,2.3106122956100297,0.0
21.05404,25.82884,46.57446,3548.5044,0.53121,62.79645,6.146097213527739,2.2895829255893605,0.0
21.07574,25.87411,46.62248,3544.9541,0.50288,62.81717,6.092517290598262,2.2696229945255126,0.0
21.09741,25.91935,46.66776,3541.44029,0.47315,62.83792,6.041845796129451,2.25074652958862,0.0
21.11904,25.96456,46.71017,3537.96168,0.44209,62.85867,5.994115109752471,2.2329655930432533,0.0
21.14064,26.00974,46.74961,3534.51694,0.40978,62.87943,5.949352868821744,2.216290480531116,0.0
21.16219,26.05489,46.78597,3531.10471,0.37629,62.90021,5.907582472068723,2.200729908695332,0.0
21.18372,26.10002,46.81915,3527.72362,0.34168,62.92101,5.868823553095211,2.1862911915691643,0.0
21.2052,26.14511,46.84906,3524.37224,0.30604,62.94181,5.8330924225098695,2.1729804052834965,0.0
21.22666,26.19018,46.8756,3521.04913,0.26943,62.96263,5.800402477867923,2.1608025407801623,0.0
21.24807,26.23522,46.8987,3517.75283,0.23192,62.98346,5.77076458086014,2.1497616443247605,0.0
21.26945,26.28024,46.91829,3514.48183,0.1936,63.00431,5.744187401409166,2.139860945691595,0.0
21.2908,26.32522,46.93431,3511.23464,0.15454,63.02517,5.720677728548601,2.131102973974314,0.0
21.31211,26.37018,46.94669,3508.00971,0.1148,63.04604,5.700240748082496,2.1234896610213703,0.0
21.33338,26.41512,46.95538,3504.80549,0.07447,63.06693,5.68288028715271,2.117022432543807,0.0
21.35462,26.46002,46.96034,3501.62039,0.03362,63.08783,5.668599025891654,2.1117022869614646,0.0
21.37583,26.50491,46.96153,3498.45281,-0.00767,63.10875,5.657398676432758,2.107529862089096,0.0
21.397,26.54976,46.95893,3495.30114,-0.04933,63.12968,5.64928012953922,2.1045054897594277,0.0
21.41814,26.59459,46.9525,3492.16374,-0.09129,63.15062,5.644243569119875,2.102629238483342,0.0
21.43924,26.6394,46.94223,3489.03895,-0.13346,63.17158,5.64228855492746,2.101900944257148,0.0
21.46031,26.68418,46.92812,3485.9251,-0.17577,63.19255,5.643414073674217,2.102320229604495,0.0
21.48135,26.72893,46.91015,3482.82049,-0.21814,63.21354,5.647618558790228,2.1038865109368707,0.0
21.50235,26.77366,46.88834,3479.7234,-0.26051,63.23454,5.654899879029718,2.106598994309147,0.0
21.52332,26.81837,46.86269,3476.63211,-0.30279,63.25556,5.665255296066832,2.1104566596228915,0.0
21.54425,26.86305,46.83323,3473.54487,-0.3449,63.27659,5.678681391221289,2.1154582333297514,0.0
21.56515,26.9077,46.79997,3470.45991,-0.38677,63.29763,5.695173961421797,2.121602149675079,0.0
21.58602,26.95233,46.76296,3467.37544,-0.42833,63.31869,5.714727884501045,2.1288865005167796,0.0
21.60685,26.99693,46.72222,3464.28968,-0.4695,63.33976,5.737336953922339,2.1373089737566313,0.0
21.62765,27.04151,46.67781,3461.20081,-0.51019,63.36085,5.76299368304557,2.146866780424206,0.0
21.64842,27.08607,46.62978,3458.107,-0.55034,63.38195,5.791689079102487,2.1575565704767183,0.0
21.66915,27.1306,46.57819,3455.0064,-0.58987,63.40306,5.8234123870951215,2.169374337394443,0.0
21.68984,27.1751,46.5231,3451.89716,-0.6287,63.42419,5.858150803922374,2.182315311685351,0.0
21.71051,27.21958,46.46458,3448.77742,-0.66676,63.44533,5.895889163192464,2.196373843469452,0.0
21.73114,27.26403,46.40272,3445.64529,-0.70397,63.46648,5.936609591293639,2.211543274356085,0.0
21.75173,27.30846,46.33761,3442.4989,-0.74026,63.48764,5.980291135530466,2.2278157989149037,0.0
21.77229,27.35286,46.26933,3439.33635,-0.77555,63.50882,6.026909365336886,2.2451823161172433,0.0
21.79282,27.39724,46.19798,3436.15575,-0.80977,63.53001,6.07643594789724,2.26363227124379,0.0
21.81331,27.44158,46.12368,3432.9552,-0.84284,63.55121,6.128838199778999,2.2831534888559726,0.0
21.83377,27.4859,46.04653,3429.7328,-0.87469,63.57243,6.184078616607294,2.303731997587355,0.0
21.8542,27.5302,45.96665,3426.48667,-0.90526,63.59365,6.2421143831733765,2.3253518476461412,0.0
21.87459,27.57447,45.88417,3423.21492,-0.93446,63.61489,6.302896866890989,2.3479949221143492,0.0
21.89494,27.6187,45.79921,3419.91567,-0.96223,63.63613,6.366371097990417,2.3716407433064206,0.0
21.91526,27.66291,45.71192,3416.58708,-0.9885,63.65739,6.4324752403750765,2.396266275649371,0.0
21.93555,27.7071,45.62243,3413.22729,-1.01321,63.67866,6.5011400577291205,2.421845726793831,0.0
21.9558,27.75125,45.5309,3409.8345,-1.03628,63.69994,6.572288379991328,2.4483503488615277,0.0
21.97601,27.79537,45.43748,3406.40691,-1.05766,63.72123,6.64583457604744,2.4757482420093115,0.0
21.99619,27.83947,45.34232,3402.94279,-1.07729,63.74252,6.721684039086936,2.5040041627110066,0.0
22.01633,27.88353,45.24559,3399.44042,-1.09509,63.76383,6.799732691769933,2.533079339419068,0.0
22.03644,27.92756,45.14747,3395.89813,-1.11103,63.78514,6.8798665189972334,2.5629312985091266,0.0
22.05651,27.97157,45.04812,3392.31431,-1.12504,63.80646,6.961961136682175,2.593513703636159,0.0
22.07655,28.01553,44.94771,3388.68741,-1.13707,63.82779,7.045881405505483,2.6247762118480056,0.0
22.09655,28.05947,44.84644,3385.01595,-1.14708,63.84913,7.131481099123062,2.6566643499840428,0.0
22.11651,28.10337,44.74448,3381.2985,-1.15502,63.87047,7.218602636726741,2.689119415047028,0.0
22.13644,28.14724,44.64202,3377.53374,-1.16086,63.89182,7.30707689011673,2.7220784023325084,0.0
22.15632,28.19108,44.53926,3373.72043,-1.16455,63.91317,7.396723075595351,2.755473965156393,0.0
22.17618,28.23488,44.43639,3369.85741,-1.16608,63.93453,7.487348740985647,2.789234410019044,0.0
22.19599,28.27865,44.33359,3365.94364,-1.1654,63.95589,7.578749857811171,2.8232837309446723,0.0
22.21576,28.32237,44.23108,3361.97818,-1.16251,63.97726,7.6707110282766715,2.8575416865870906,0.0
22.2355,28.36607,44.12903,3357.96023,-1.15738,63.99863,7.763005815966034,2.891923923423395,0.0
22.2552,28.40972,44.02766,3353.88909,-1.15001,64.02,7.855397208231967,2.9263421480062903,0.0
22.27486,28.45333,43.92716,3349.76421,-1.14039,64.04138,7.947638217079775,2.9607043508091095,0.0
22.29448,28.49691,43.82773,3345.58518,-1.12852,64.06276,8.039472623764906,2.994915083607984,0.0
22.31406,28.54045,43.72955,3341.35172,-1.11443,64.08414,8.130635870637947,3.0288757917175775,0.0
22.3336,28.58394,43.63283,3337.06372,-1.09811,64.10552,8.22085610168068,3.0624852016181414,0.0
22.35311,28.6274,43.53775,3332.72123,-1.0796,64.1269,8.309855350886432,3.095639763658465,0.0
22.37257,28.67081,43.44451,3328.32445,-1.05893,64.14828,8.397350875147295,3.1282341485914325,0.0
22.39199,28.71418,43.35328,3323.87376,-1.03613,64.16966,8.483056625617392,3.1601617956955566,0.0
22.41137,28.7575,43.26425,3319.36971,-1.01125,64.19103,8.566684848693797,3.1913155091824956,0.0
22.43071,28.80078,43.17759,3314.81302,-0.98435,64.21241,8.647947804867023,3.221588098514083,0.0
22.45001,28.84402,43.09347,3310.20458,-0.95547,64.23379,8.726559590826387,3.250873057184519,0.0
22.46927,28.88721,43.01205,3305.54546,-0.9247,64.25516,8.802238047374306,3.2790652734686505,0.0
22.48848,28.93036,42.93348,3300.8369,-0.89211,64.27652,8.874706733050626,3.3060617656489564,0.0
22.50765,28.97345,42.85792,3296.08032,-0.85777,64.29789,8.9436969409659,3.3317624333390157,0.0
22.52679,29.0165,42.7855,3291.27731,-0.82178,64.31925,9.008949734241273,3.3560708157384136,0.0
22.54588,29.0595,42.71635,3286.42962,-0.78423,64.3406,9.070217973771095,3.378894847027675,0.0
22.56492,29.10245,42.65059,3281.53915,-0.74524,64.36195,9.127268310819687,3.4001475986629837,0.0
22.58392,29.14536,42.58834,3276.60797,-0.7049,64.3833,9.179883116294404,3.4197479980811654,0.0
22.60288,29.18821,42.52969,3271.63829,-0.66333,64.40464,9.227862318440119,3.4376215132892307,0.0
22.6218,29.23101,42.47474,3266.63246,-0.62066,64.42597,9.271025121253292,3.4537007930188297,0.0
22.64068,29.27376,42.42356,3261.59294,-0.577,64.44729,9.309211577092212,3.46792625256495,0.0
22.65951,29.31645,42.37622,3256.52232,-0.5325,64.46861,9.342283988725315,3.4802465960858027,0.0
22.67829,29.3591,42.33278,3251.4233,-0.48728,64.48992,9.370128118500132,3.4906192670500675,0.0
22.69703,29.40169,42.29328,3246.29865,-0.44148,64.51122,9.39265418522163,3.499010819600312,0.0
22.71573,29.44422,42.25775,3241.15124,-0.39523,64.53252,9.409797632800604,3.5053972048947335,0.0
22.73439,29.48671,42.22621,3235.98399,-0.34869,64.5538,9.42151965854234,3.5097639679085892,0.0
22.753,29.52914,42.19867,3230.79988,-0.302,64.57508,9.427807493087164,3.512106351719421,0.0
22.77156,29.57151,42.17512,3225.60193,-0.25529,64.59635,9.428674428332693,3.512429307908819,0.0
22.79008,29.61383,42.15555,3220.39315,-0.20871,64.61761,9.424159594085138,3.5107474133591663,0.0
22.80856,29.6561,42.13992,3215.17661,-0.16241,64.63886,9.414327488516275,3.507084695336498,0.0
22.82699,29.6983,42.12819,3209.95533,-0.11653,64.6601,9.399267271719573,3.5014743683215745,0.0
22.84538,29.74046,42.12031,3204.73232,-0.0712,64.68134,9.379091835553547,3.4939584875020557,0.0
22.86373,29.78256,42.11622,3199.51058,-0.02656,64.70256,9.353936666571007,3.484587525183729,0.0
22.88203,29.8246,42.11583,3194.29302,0.01725,64.72377,9.323958521856056,3.4734198775049507,0.0
22.90028,29.86659,42.11907,3189.08252,0.06011,64.74498,9.289333940261981,3.4605213098335867,0.0
22.9185,29.90852,42.12584,3183.88188,0.10189,64.76617,9.250257613498283,3.4459643499540737,0.0
22.93666,29.9504,42.13602,3178.69383,0.14246,64.78736,9.20694064294483,3.4298276386848214,0.0
22.95479,29.99222,42.14951,3173.52098,0.18172,64.80854,9.159608708920382,3.4121952478825794,0.0
22.97287,30.03398,42.16617,3168.36586,0.21956,64.8297,9.108500179310784,3.393155975856658,0.0
22.9909,30.07569,42.18589,3163.23089,0.25587,64.85086,9.053864184135303,3.37280263009424,0.0
23.0089,30.11735,42.20851,3158.11838,0.29056,64.87201,8.99595868176153,3.3512313068745465,0.0
23.02685,30.15895,42.23388,3153.03048,0.32353,64.89315,8.935048541115027,3.3285406768414703,0.0
23.04475,30.2005,42.26187,3147.96926,0.35471,64.91429,8.871403662552588,3.304831284979422,0.0
23.06262,30.24199,42.29229,3142.93663,0.38401,64.93541,8.805297157907917,3.280204872632463,0.0
23.08044,30.28343,42.325,3137.93438,0.41138,64.95653,8.737003607975394,3.2547637283711532,0.0
23.09822,30.32481,42.35983,3132.96415,0.43674,64.97764,8.666797413150514,3.2286100735627254,0.0
23.11595,30.36614,42.39659,3128.02744,0.46005,64.99874,8.594951250374798,3.201845487542458,0.0
23.13365,30.40742,42.43511,3123.12563,0.48125,65.01983,8.521734646862654,3.1745703762894038,0.0
23.1513,30.44865,42.47522,3118.25995,0.50031,65.04092,8.447412678510382,3.1468834875495038,0.0
23.16891,30.48982,42.51674,3113.43149,0.5172,65.062,8.372244798380622,3.1188814744152102,0.0
23.18648,30.53094,42.55947,3108.64121,0.53188,65.08307,8.296483798233524,3.090658508468532,0.0
23.20401,30.57202,42.60325,3103.88992,0.54435,65.10414,8.220374903914882,3.062305942789307,0.0
23.2215,30.61304,42.64788,3099.17833,0.55459,65.1252,8.144155003400446,3.0339120243814,0.0
23.23895,30.65401,42.69318,3094.50699,0.56259,65.14626,8.068052004500467,3.0055616549007445,0.0
23.25635,30.69493,42.73897,3089.87636,0.56836,65.16731,7.992284317707379,2.9773361980024986,0.0
23.27372,30.7358,42.78507,3085.28674,0.57189,65.18836,7.917060458380369,2.9493133311443285,0.0
23.29105,30.77663,42.8313,3080.73834,0.57322,65.2094,7.842578761387603,2.9215669392831303,0.0
23.30834,30.8174,42.87748,3076.23126,0.57234,65.23044,7.769027200505251,2.8941670475964156,0.0
23.32559,30.85813,42.92343,3071.76547,0.56929,65.25147,7.69658330428138,2.8671797901393963,0.0
23.3428,30.89881,42.96898,3067.34087,0.56409,65.27251,7.625414159657212,2.840667411193999,0.0
23.35997,30.93945,43.01397,3062.95723,0.55679,65.29353,7.555676494426292,2.8146882959870774,0.0
23.37711,30.98004,43.05822,3058.61424,0.5474,65.31456,7.487516829561116,2.789297027436082,0.0
23.3942,31.02058,43.10158,3054.31151,0.53599,65.33558,7.421071692524775,2.7645444656132714,0.0
23.41126,31.06108,43.14388,3050.04855,0.52258,65.3566,7.35646788289379,2.7404778466971957,0.0
23.42828,31.10153,43.18498,3045.82479,0.50724,65.37762,7.293822781942208,2.7171408983009244,0.0
23.44527,31.14194,43.22473,3041.6396,0.49001,65.39863,7.233244698199422,2.6945739682014254,0.0
23.46221,31.18231,43.26297,3037.49226,0.47096,65.41965,7.1748332414883516,2.672814163678629,0.0
23.47912,31.22263,43.29958,3033.382,0.45013,65.44066,7.118679718403531,2.6518954988414194,0.0
23.496,31.26291,43.33442,3029.30797,0.42759,65.46167,7.064867542745768,2.631849047525347,0.0
23.51284,31.30315,43.36736,3025.26925,0.40341,65.48269,7.013472654949926,2.612703099540513,0.0
23.52964,31.34335,43.39828,3021.26491,0.37766,65.5037,6.964563945081878,2.5944833182490594,0.0
23.54641,31.3835,43.42707,3017.2939,0.35039,65.52471,6.918203674544338,2.577212897661694,0.0
23.56314,31.42362,43.4536,3013.35518,0.32169,65.54572,6.874447892106914,2.560912717419828,0.0
23.57983,31.46369,43.47779,3009.44762,0.29162,65.56674,6.833346840399569,2.5456014942250875,0.0
23.59649,31.50373,43.49952,3005.57007,0.26026,65.58775,6.794945349482204,2.5312959284543326,0.0
23.61312,31.54372,43.51872,3001.72133,0.22768,65.60876,6.759283214531467,2.5180108448579395,0.0
23.62971,31.58368,43.53528,2997.90014,0.19397,65.62978,6.72639555509237,2.505759326390478,0.0
23.64627,31.6236,43.54914,2994.10524,0.15919,65.65079,6.696313153725284,2.4945528403656216,0.0
23.66279,31.66347,43.56021,2990.3353,0.12344,65.67181,6.669062772218051,2.4844013562534877,0.0
23.67928,31.70331,43.56844,2986.58898,0.08678,65.69283,6.64466744382157,2.4753134545460775,0.0
23.69573,31.74311,43.57376,2982.86488,0.0493,65.71385,6.623146740274735,2.467296426231092,0.0
23.71215,31.78288,43.57613,2979.16161,0.01109,65.73487,6.6045170125925745,2.460356362491851,0.0
23.72854,31.8226,43.57548,2975.47771,-0.02778,65.75589,6.588791604820953,2.4544982343365422,0.0
23.74489,31.86229,43.57179,2971.81171,-0.06722,65.77692,6.575981040160866,2.449725961934417,0.0
23.76121,31.90194,43.56501,2968.16212,-0.10715,65.79795,6.566093179005042,2.4460424734885877,0.0
23.7775,31.94155,43.55513,2964.52742,-0.14748,65.81897,6.559133348609358,2.4434497535420365,0.0
23.79375,31.98113,43.54211,2960.90606,-0.18813,65.84001,6.555104444210716,2.441948880646688,0.0
23.80997,32.02067,43.52596,2957.29648,-0.22901,65.86104,6.554007001548973,2.4415400543797348,0.0
23.82616,32.06017,43.50665,2953.69707,-0.27004,65.88207,6.555839240849897,2.442222611728446,0.0
23.84231,32.09964,43.48419,2950.10625,-0.31114,65.90311,6.560597082404396,2.4439950328938425,0.0
23.85843,32.13907,43.45859,2946.52236,-0.35222,65.92415,6.568274133994402,2.4468549366065035,0.0
23.87452,32.17846,43.42986,2942.94379,-0.39318,65.94519,6.578861650510468,2.450799065083064,0.0
23.89058,32.21782,43.39801,2939.36885,-0.43396,65.96623,6.592348466177792,2.4558232587786186,0.0
23.9066,32.25714,43.36308,2935.79588,-0.47446,65.98728,6.608720899926658,2.46192242113473,0.0
23.92259,32.29642,43.3251,2932.22318,-0.51459,66.00832,6.627962634571387,2.4690904735704002,0.0
23.93855,32.33567,43.28409,2928.64907,-0.55428,66.02937,6.65005457053736,2.4773203009915434,0.0
23.95447,32.37488,43.24012,2925.07181,-0.59343,66.05042,6.674974655045193,2.4866036881575972,0.0
23.97037,32.41406,43.19322,2921.48971,-0.63197,66.07147,6.702697687818456,2.49693124730253,0.0
23.98623,32.45319,43.14347,2917.90102,-0.66981,66.09252,6.733195104520364,2.5082923374593182,0.0
24.00205,32.49229,43.09091,2914.30403,-0.70687,66.11357,6.766434739344009,2.520674976018555,0.0
24.01785,32.53135,43.03563,2910.697,-0.74307,66.13463,6.8023805683677026,2.5340657431215634,0.0
24.03361,32.57038,42.9777,2907.07821,-0.77832,66.15568,6.8409924355488405,2.5484496795859064,0.0
24.04934,32.60937,42.91719,2903.44592,-0.81255,66.17673,6.8822257634657795,2.5638101791491184,0.0
