date,date1,date2,date3,date4,date5,OT1,OT2,OT3
0.04527,0.04527,59.07819,4789.05727,-0.50152,45.0001,5.5133755537556866,2.0538774594154625,0.0
0.09052,0.09052,59.01527,4786.0914,-0.50238,45.00025,5.555494973854501,2.0695680516309114,0.0
0.13574,0.13574,58.95233,4783.10204,-0.50256,45.00044,5.597897483459017,2.085364102135767,0.0
0.18093,0.18093,58.88944,4780.08889,-0.50207,45.00068,5.640516645548652,2.1012408613918,0.0
0.22609,0.22609,58.82669,4777.05168,-0.5009,45.00096,5.6832837600967325,2.1171727368314675,0.0
0.27122,0.27123,58.76418,4773.99016,-0.49905,45.00129,5.726127964786102,2.1331333303771283,0.0
0.31633,0.31634,58.70198,4770.90414,-0.49652,45.00166,5.768976353823669,2.14909548270259,0.0
0.3614,0.36142,58.64018,4767.79348,-0.4933,45.00208,5.8117541153086645,2.1650313244063955,0.0
0.40645,0.40647,58.57886,4764.65806,-0.48941,45.00254,5.854384687426553,2.1809123341981684,0.0
0.45147,0.45149,58.51811,4761.4978,-0.48484,45.00304,5.896789933621587,2.1967094041549973,0.0
0.49645,0.49648,58.45801,4758.3127,-0.47959,45.00359,5.938890336704077,2.212392912031497,0.0
0.54141,0.54145,58.39865,4755.10277,-0.47368,45.00419,5.980605211662466,2.227932800537914,0.0
0.58633,0.58638,58.34011,4751.86808,-0.46711,45.00483,6.021852936769343,2.2432986634331904,0.0
0.63123,0.63129,58.28246,4748.60875,-0.45989,45.00551,6.062551202335293,2.2584598381923215,0.0
0.67609,0.67616,58.22579,4745.32496,-0.45203,45.00623,6.102617276285222,2.2733855049405216,0.0
0.72093,0.72101,58.17017,4742.0169,-0.44354,45.007,6.141968285470393,2.288044791249364,0.0
0.76573,0.76582,58.11569,4738.68486,-0.43444,45.00782,6.180521511452767,2.3024068823242243,0.0
0.8105,0.81061,58.06241,4735.32915,-0.42473,45.00867,6.218194699234012,2.316441136013965,0.0
0.85523,0.85537,58.0104,4731.95013,-0.41445,45.00957,6.254906377224709,2.3301172020078824,0.0
0.89994,0.90009,57.95974,4728.54821,-0.40359,45.01051,6.290576186525738,2.343405144501683,0.0
0.94461,0.94479,57.9105,4725.12387,-0.3922,45.01149,6.325125217389122,2.3562755675380047,0.0
0.98925,0.98945,57.86273,4721.6776,-0.38027,45.01252,6.358476350590893,2.368699742176793,0.0
1.03385,1.03409,57.81651,4718.20998,-0.36784,45.01358,6.3905546012277705,2.3806497345686,0.0
1.07843,1.07869,57.77188,4714.72161,-0.35494,45.01469,6.421287462392925,2.392098533982865,0.0
1.12295,1.12328,57.72817,4711.21452,-0.35344,45.0673,6.4512734994992424,2.4032691217850886,25.999999556487815
1.16739,1.16788,57.68471,4707.69028,-0.35155,45.12022,6.4811246323448035,2.414389454200635,25.999999556487815
1.21176,1.21249,57.64153,4704.14888,-0.34927,45.17347,6.510793788438712,2.4254419954880952,25.999999556487815
1.25606,1.2571,57.5987,4700.59034,-0.34659,45.22704,6.540232799735738,2.436408801783242,25.999999556487815
1.30028,1.30173,57.55625,4697.0147,-0.34353,45.28092,6.569393301737041,2.4472718560377125,25.999999556487815
1.34443,1.34636,57.51423,4693.42204,-0.34008,45.33513,6.598226856614527,2.4580131138860644,25.999999556487815
1.3885,1.39101,57.47269,4689.81245,-0.33626,45.38964,6.626685081646984,2.46861455149162,25.999999556487815
1.43249,1.43566,57.43167,4686.18606,-0.33206,45.44447,6.654719782537656,2.4790582152107694,25.999999556487815
1.47641,1.48032,57.39122,4682.54303,-0.3275,45.49961,6.682283091067008,2.489326272872248,25.999999556487815
1.52025,1.52499,57.35139,4678.88354,-0.32259,45.55505,6.709327606516215,2.499401066461105,25.999999556487815
1.56401,1.56967,57.31221,4675.20782,-0.31733,45.61079,6.735806540219887,2.509265165968399,25.999999556487815
1.60769,1.61436,57.27372,4671.5161,-0.31173,45.66683,6.761673862540689,2.51890142414311,25.999999556487815
1.6513,1.65905,57.23597,4667.80865,-0.3058,45.72316,6.786884451560717,2.5282930318835897,25.999999556487815
1.69483,1.70376,57.199,4664.08577,-0.29955,45.77978,6.8113942426588245,2.5374235739590505,25.999999556487815
1.73828,1.74847,57.16283,4660.34778,-0.293,45.83668,6.835160378205708,2.546277084774925,25.999999556487815
1.78165,1.79319,57.12751,4656.59505,-0.28616,45.89386,6.858141356458807,2.554838103840134,25.999999556487815
1.82494,1.83792,57.09307,4652.82793,-0.27904,45.9513,6.880297178828915,2.5630917306277703,25.999999556487815
1.86815,1.88266,57.05954,4649.04685,-0.27166,46.00901,6.901589494604868,2.5710236784888587,25.999999556487815
1.91128,1.92741,57.02695,4645.25222,-0.26402,46.06698,6.921981742201889,2.578620327271075,25.999999556487815
1.95433,1.97216,56.99534,4641.4445,-0.25615,46.12519,6.941439286071947,2.5858687743214626,25.999999556487815
1.9973,2.01693,56.96471,4637.62415,-0.24806,46.18365,6.959929548340718,2.5927568835246606,25.999999556487815
2.04019,2.0617,56.93511,4633.79169,-0.23976,46.24234,6.977422134309608,2.599273332055709,25.999999556487815
2.083,2.10648,56.90655,4629.94761,-0.23128,46.30126,6.993888950952546,2.6054076545232254,25.999999556487815
2.12572,2.15127,56.87905,4626.09247,-0.22262,46.3604,7.009304317603156,2.6111502842032848,25.999999556487815
2.16837,2.19607,56.85263,4622.2268,-0.21382,46.41975,7.023645068033561,2.6164925910664634,25.999999556487815
2.21093,2.24087,56.82731,4618.35119,-0.20488,46.4793,7.036890643237258,2.621426916341899,25.999999556487815
2.25341,2.28568,56.80309,4614.46621,-0.19582,46.53904,7.049023174218757,2.62594660335861,25.999999556487815
2.29581,2.33051,56.78,4610.57246,-0.18667,46.59897,7.060027554215575,2.630046024450088,25.999999556487815
2.33813,2.37534,56.75803,4606.67057,-0.17744,46.65908,7.069891499834288,2.633720603729088,25.999999556487815
2.38036,2.42017,56.7372,4602.76114,-0.16815,46.71934,7.078605600659059,2.636966835568107,25.999999556487815
2.42251,2.46502,56.71751,4598.84482,-0.15882,46.77977,7.086163356976252,2.6397822986527983,25.999999556487815
2.46458,2.50987,56.69896,4594.92224,-0.14947,46.84034,7.092561205368894,2.64216566551658,25.999999556487815
2.50656,2.55473,56.68155,4590.99404,-0.14011,46.90106,7.097798532000906,2.6441167074893612,25.999999556487815
2.54846,2.5996,56.66527,4587.06088,-0.13078,46.9619,7.101877673515515,2.645636295032226,25.999999556487815
2.59028,2.64448,56.65013,4583.12341,-0.12149,47.02286,7.104803905581795,2.6467263934707144,25.999999556487815
2.63201,2.68936,56.63612,4579.18229,-0.11225,47.08393,7.106585419192326,2.6473900541650814,25.999999556487815
2.67366,2.73425,56.62322,4575.23817,-0.10309,47.1451,7.107233284926461,2.6476314011974202,25.999999556487815
2.71523,2.77915,56.61142,4571.29169,-0.09402,47.20637,7.106761405480891,2.6474556136880496,25.999999556487815
2.75671,2.82406,56.60071,4567.34351,-0.08507,47.26771,7.105186456841386,2.6468689038804416,25.999999556487815
2.79811,2.86897,56.59107,4563.39427,-0.07626,47.32913,7.102527818589047,2.6458784911784625,25.999999556487815
2.83942,2.91389,56.58248,4559.44461,-0.06759,47.39062,7.098807493847569,2.644492572324627,25.999999556487815
2.88065,2.95882,56.57492,4555.49515,-0.0591,47.45216,7.094050019513539,2.642720287958518,25.999999556487815
2.9218,3.00376,56.56838,4551.54651,-0.05079,47.51375,7.088282367434052,2.640571685802849,25.999999556487815
2.96286,3.0487,56.56281,4547.5993,-0.04269,47.57538,7.081533837250379,2.6380576807449154,25.999999556487815
3.00384,3.09365,56.5582,4543.6541,-0.0348,47.63704,7.073835941696955,2.6351900121074427,25.999999556487815
3.04474,3.1386,56.55452,4539.7115,-0.02716,47.69872,7.065222285161332,2.63198119840898,25.999999556487815
3.08555,3.18356,56.55174,4535.77206,-0.01976,47.76042,7.055728436341403,2.6284444899253603,25.999999556487815
3.12628,3.22853,56.54982,4531.83633,-0.01264,47.82213,7.045391795863291,2.624593819373884,25.999999556487815
3.16692,3.27351,56.54873,4527.90484,-0.00579,47.88384,7.034251459730404,2.620443751044499,25.999999556487815
3.20748,3.31849,56.54843,4523.9781,0.00076,47.94554,7.022348079474734,2.616009428702478,25.999999556487815
3.24796,3.36348,56.54889,4520.0566,0.007,48.00723,7.009723719882073,2.6113065225873187,25.999999556487815
3.28835,3.40847,56.55007,4516.1408,0.01292,48.06891,6.9964217151260994,2.60635117581891,25.999999556487815
3.32866,3.45348,56.55193,4512.23117,0.01851,48.13056,6.982486524175551,2.6011599505328897,25.999999556487815
3.36889,3.49848,56.55443,4508.32811,0.02375,48.19218,6.967963586236177,2.595749774028978,25.999999556487815
3.40904,3.5435,56.55753,4504.43205,0.02864,48.25377,6.952899177030218,2.590137885231297,25.999999556487815
3.4491,3.58852,56.56117,4500.54336,0.03317,48.31533,6.937340266615818,2.5843417817223617,25.999999556487815
3.48908,3.63354,56.56533,4496.66239,0.03733,48.37684,6.921334379446199,2.578379167611441,25.999999556487815
3.52897,3.67857,56.56995,4492.78947,0.04112,48.4383,6.9049294572942514,2.572267902470361,25.999999556487815
3.56878,3.72361,56.57499,4488.92491,0.04451,48.49972,6.888173725613158,2.5660259515493204,25.999999556487815
3.60851,3.76866,56.5804,4485.069,0.04752,48.56108,6.871115563884969,2.559671337478322,25.999999556487815
3.64816,3.81371,56.58613,4481.22198,0.05013,48.62239,6.8538033803953216,2.553222093617466,25.999999556487815
3.68773,3.85876,56.59214,4477.38408,0.05234,48.68364,6.836285491862626,2.5466962192156495,25.999999556487815
3.72721,3.90382,56.59838,4473.55552,0.05415,48.74483,6.818610008271708,2.54011163650807,25.999999556487815
3.76662,3.94889,56.60481,4469.73645,0.05555,48.80596,6.800824723198,2.5334861498590993,25.999999556487815
3.80594,3.99396,56.61137,4465.92705,0.05654,48.86703,6.782977009859262,2.526837407038819,25.999999556487815
3.84518,4.03904,56.61801,4462.12742,0.05712,48.92804,6.7651137230843785,2.5201828627038125,25.999999556487815
3.88434,4.08412,56.6247,4458.33768,0.05729,48.98898,6.7472811073050725,2.513539744121661,25.999999556487815
3.92341,4.12921,56.63137,4454.55788,0.05706,49.04986,6.729524710662942,2.506925019173554,25.999999556487815
3.96241,4.1743,56.63799,4450.78809,0.05641,49.11068,6.711889305236978,2.5003553666369394,25.999999556487815
4.00133,4.2194,56.6445,4447.02833,0.05537,49.17144,6.694418813378739,2.493847148743439,25.999999556487815
4.04016,4.26451,56.65087,4443.27858,0.05391,49.23214,6.677156240090899,2.48741638598808,25.999999556487815
4.07892,4.30962,56.65703,4439.53883,0.05206,49.29278,6.660143611324392,2.481078734143353,25.999999556487815
4.11759,4.35473,56.66295,4435.80903,0.04982,49.35337,6.643421918074456,2.4748494634335225,25.999999556487815
4.15618,4.39985,56.66859,4432.08909,0.04718,49.4139,6.627031066071822,2.46874343979327,25.999999556487815
4.1947,4.44498,56.67389,4428.37893,0.04416,49.47438,6.611009830894693,2.4627751081457214,25.999999556487815
4.23313,4.49011,56.67881,4424.67842,0.04077,49.53481,6.5953958182412125,2.456958477602902,25.999999556487815
4.27149,4.53525,56.68332,4420.98742,0.037,49.5952,6.5802254291283635,2.451307108501405,25.999999556487815
4.30977,4.58039,56.68736,4417.30575,0.03287,49.65555,6.565533829733923,2.4458341011677307,25.999999556487815
4.34796,4.62553,56.69091,4413.63325,0.02839,49.71585,6.551354925602328,2.4405520863092915,25.999999556487815
4.38608,4.67069,56.69391,4409.96969,0.02356,49.77613,6.537721339915236,2.4354732169196214,25.999999556487815
4.42412,4.71584,56.69634,4406.31485,0.01839,49.83638,6.524664395522123,2.4306091615843033,25.999999556487815
4.46208,4.761,56.69814,4402.66849,0.01291,49.8966,6.5122141004004135,2.425971099064486,25.999999556487815
4.49996,4.80617,56.6993,4399.03033,0.0071,49.95681,6.500399136268584,2.4215697140549635,25.999999556487815
4.53776,4.85134,56.69977,4395.4001,0.00099,50.017,6.489246849997258,2.417415193984583,25.999999556487815
4.57549,4.89652,56.69952,4391.77748,-0.00541,50.07719,6.478783247529935,2.4135172267515546,25.999999556487815
4.61313,4.9417,56.69851,4388.16217,-0.01209,50.13737,6.469032990003189,2.409884999278126,25.999999556487815
4.6507,4.98688,56.69673,4384.55382,-0.01903,50.19756,6.460019391752158,2.4065271967675734,25.999999556487815
4.68819,5.03207,56.69413,4380.95209,-0.02624,50.25776,6.451764419926287,2.4034520025610564,25.999999556487815
4.7256,5.07727,56.6907,4377.3566,-0.03368,50.31797,6.444288695424239,2.400667098485894,25.999999556487815
4.76293,5.12247,56.68641,4373.76697,-0.04135,50.37821,6.437611494873527,2.398179665593033,25.999999556487815
4.80019,5.16767,56.68123,4370.18281,-0.04923,50.43848,6.431750753406828,2.3959963851912995,25.999999556487815
4.83737,5.21288,56.67513,4366.60371,-0.05732,50.49879,6.426723067989129,2.3941234400868416,25.999999556487815
4.87447,5.25809,56.66811,4363.02926,-0.06558,50.55914,6.422543701056635,2.3925665159387255,25.999999556487815
4.91149,5.30331,56.66015,4359.459,-0.07402,50.61954,6.419226584280254,2.3913308026609283,25.999999556487815
4.94843,5.34854,56.65121,4355.89251,-0.08261,50.68,6.416784322231536,2.390420995787999,25.999999556487815
4.9853,5.39377,56.6413,4352.32932,-0.09134,50.74053,6.415228195794108,2.389841297745906,25.999999556487815
5.02209,5.439,56.6304,4348.76897,-0.10019,50.80113,6.414568165152095,2.389595418965305,25.999999556487815
5.0588,5.48424,56.61848,4345.21098,-0.10914,50.86182,6.41481287222149,2.389686578787285,25.999999556487815
5.09543,5.52948,56.60556,4341.65488,-0.11819,50.9226,6.415969642400441,2.3901175061153994,25.999999556487815
5.13199,5.57472,56.59161,4338.10017,-0.12732,50.98347,6.418044485541701,2.3908904397779276,25.999999556487815
5.16846,5.61998,56.57664,4334.54636,-0.1365,51.04445,6.421042096057221,2.392007128566838,25.999999556487815
5.20486,5.66523,56.56063,4330.99294,-0.14572,51.10554,6.4249658521128765,2.393468830937805,25.999999556487815
5.24119,5.71049,56.54359,4327.4394,-0.15497,51.16676,6.429817813847735,2.3952763143468365,25.999999556487815
5.27743,5.75576,56.52552,4323.88522,-0.16423,51.22811,6.435598720622545,2.397429854225265,25.999999556487815
5.3136,5.80103,56.50642,4320.3299,-0.17347,51.28959,6.442307987285363,2.3999292325885953,25.999999556487815
5.34968,5.8463,56.48628,4316.7729,-0.1827,51.35122,6.449943699475602,2.402773736287138,25.999999556487815
5.38569,5.89158,56.46512,4313.2137,-0.19188,51.41301,6.458502608014329,2.40596215491625,25.999999556487815
5.42163,5.93686,56.44295,4309.65177,-0.20101,51.47496,6.467980122444193,2.409492778409788,25.999999556487815
5.45748,5.98215,56.41977,4306.08659,-0.21006,51.53708,6.47837030379666,2.4133633943457062,25.999999556487815
5.49325,6.02744,56.39559,4302.51763,-0.21902,51.59938,6.4896658566982035,2.417571285005415,25.999999556487815
5.52895,6.07274,56.37043,4298.94435,-0.22788,51.66187,6.5018581209348465,2.4221132242313437,25.999999556487815
5.56457,6.11804,56.3443,4295.36624,-0.23661,51.72455,6.5149370626224865,2.4269854741376564,25.999999556487815
5.60011,6.16334,56.31722,4291.78276,-0.24521,51.78744,6.528891265146377,2.432183781734971,25.999999556487815
5.63556,6.20865,56.28921,4288.1934,-0.25365,51.85054,6.543707920056255,2.4377033755385535,25.999999556487815
5.67094,6.25396,56.26028,4284.59762,-0.26192,51.91386,6.559372818111218,2.4435389622323016,25.999999556487815
5.70625,6.29928,56.23045,4280.99493,-0.27,51.9774,6.575870340711065,2.4496847234766883,25.999999556487815
5.74147,6.3446,56.19976,4277.38481,-0.27789,52.04118,6.593183451928384,2.4561343129405118,25.999999556487815
5.77661,6.38993,56.16823,4273.76676,-0.28556,52.1052,6.611293691418394,2.4628808536596205,25.999999556487815
5.81167,6.43526,56.13587,4270.14028,-0.293,52.16947,6.630181168461579,2.4699169358176363,25.999999556487815
5.84665,6.48059,56.10273,4266.50488,-0.3002,52.234,6.6498245574306765,2.4772346150572955,25.999999556487815
5.88155,6.52593,56.06882,4262.86009,-0.30714,52.29879,6.670201094965582,2.4848254114280173,25.999999556487815
5.91637,6.57127,56.03418,4259.20543,-0.31381,52.36385,6.691286579188996,2.492680309093718,25.999999556487815
5.95111,6.61662,55.99885,4255.54045,-0.3202,52.42918,6.713055371240449,2.5007897569042754,25.999999556487815
5.98576,6.66197,55.96285,4251.86469,-0.32629,52.4948,6.735480399490208,2.509143669965315,25.999999556487815
6.02034,6.70732,55.92622,4248.17773,-0.33207,52.56071,6.758533166742707,2.5177314323216815,25.999999556487815
6.05483,6.75268,55.889,4244.47915,-0.33754,52.62691,6.7821837607593745,2.5265419008774703,25.999999556487815
6.08924,6.79804,55.85122,4240.76852,-0.34268,52.69342,6.806400868436952,2.53556341067782,25.999999556487815
6.12357,6.8434,55.81292,4237.04548,-0.34748,52.76023,6.831151793978981,2.5447837816782717,25.999999556487815
6.15782,6.88877,55.77414,4233.30962,-0.35192,52.82735,6.856402481360718,2.554190327113538,25.999999556487815
6.19198,6.93414,55.73493,4229.56061,-0.35601,52.89479,6.882117541425807,2.563769863591735,25.999999556487815
6.22606,6.97952,55.69532,4225.79809,-0.35973,52.96254,6.908260283891631,2.573508723017208,25.999999556487815
6.26006,7.02489,55.65535,4222.02175,-0.36308,53.03063,6.9347927545773205,2.583392766458946,25.999999556487815
6.29397,7.07028,55.61507,4218.23129,-0.36605,53.09904,6.961675778093117,2.5934074000534983,25.999999556487815
6.3278,7.11566,55.57452,4214.42641,-0.36862,53.16778,6.988869006246762,2.603537593037626,25.999999556487815
6.36154,7.16105,55.53374,4210.60686,-0.37081,53.23686,7.016330972383182,2.6137678979912584,25.999999556487815
6.3952,7.20644,55.49278,4206.77241,-0.37259,53.30628,7.044019151828166,2.624082473354361,25.999999556487815
6.42877,7.25183,55.45169,4202.92283,-0.37397,53.37604,7.071890028608638,2.6344651082819897,25.999999556487815
6.46226,7.29723,55.4105,4199.05793,-0.37494,53.44614,7.099899168527044,2.6448992498664214,25.999999556487815
6.49566,7.34263,55.36926,4195.17755,-0.37551,53.51658,7.128001298694919,2.6553680327655007,25.999999556487815
6.52898,7.38803,55.32803,4191.28155,-0.37566,53.58737,7.15615039350614,2.6658543112299395,25.999999556487815
6.56221,7.43343,55.28684,4187.3698,-0.37541,53.65851,7.184299767058148,2.6763406935326564,25.999999556487815
6.59535,7.47884,55.24574,4183.44222,-0.37474,53.72999,7.212402171924346,2.6868095787640884,25.999999556487815
6.6284,7.52425,55.20477,4179.49873,-0.37366,53.80183,7.240409904137884,2.697243195941417,25.999999556487815
6.66137,7.56966,55.16398,4175.53932,-0.37217,53.874,7.268274914211981,2.7076236453665588,25.999999556487815
6.69425,7.61507,55.12342,4171.56395,-0.37028,53.94653,7.295948923939141,2.717932942136945,25.999999556487815
6.72704,7.66049,55.08312,4167.57266,-0.36798,54.0194,7.323383548648053,2.7281530616894343,25.999999556487815
6.75974,7.7059,55.04313,4163.56549,-0.36529,54.09261,7.350530424572536,2.738265987248598,25.999999556487815
6.79235,7.75132,55.0035,4159.54251,-0.3622,54.16616,7.377341340886677,2.7482537590132803,25.999999556487815
6.82487,7.79674,54.96426,4155.50382,-0.35873,54.24005,7.403768375919672,2.758098524900211,25.999999556487815
6.85731,7.84216,54.92546,4151.44957,-0.35487,54.31428,7.429764037008567,2.7677825926428326,25.999999556487815
6.88965,7.88758,54.88714,4147.37989,-0.35065,54.38884,7.455281403383547,2.7772884830198294,25.999999556487815
6.9219,7.93301,54.84933,4143.29499,-0.34606,54.46372,7.480274271440389,2.7865989839729393,25.999999556487815
6.95407,7.97843,54.81208,4139.19508,-0.34112,54.53893,7.504697301679345,2.7956972053455513,25.999999556487815
6.98614,8.02386,54.77541,4135.0804,-0.33584,54.61446,7.528506166589572,2.804566633973548,25.999999556487815
7.01812,8.06928,54.73938,4130.95123,-0.33023,54.6903,7.5516576986709065,2.8131911888273153,25.999999556487815
7.05001,8.11471,54.704,4126.80785,-0.3243,54.76645,7.574110037793536,2.8215552759070914,25.999999556487815
7.0818,8.16014,54.66931,4122.65059,-0.31806,54.84291,7.595822777044431,2.829643842574603,25.999999556487815
7.11351,8.20557,54.63535,4118.4798,-0.31153,54.91965,7.616757106194055,2.8374424309981885,25.999999556487815
7.14512,8.25099,54.60214,4114.29586,-0.30473,54.99669,7.636875951924605,2.844937230391508,25.999999556487815
7.17664,8.29642,54.56971,4110.09916,-0.29767,55.07401,7.656144113927259,2.852115127713351,25.999999556487815
7.20807,8.34185,54.53809,4105.89012,-0.29036,55.15161,7.674528396016354,2.8589637565111126,25.999999556487815
7.2394,8.38728,54.5073,4101.66919,-0.28282,55.22947,7.69199773138868,2.865471543583181,25.999999556487815
7.27064,8.4327,54.47736,4097.43683,-0.27506,55.30759,7.708523301206413,2.871627753154197,25.999999556487815
7.30179,8.47813,54.44829,4093.19352,-0.26712,55.38596,7.724078645700345,2.877422528263933,25.999999556487815
7.33284,8.52356,54.42012,4088.93976,-0.259,55.46458,7.738639767021674,2.8828469290822882,25.999999556487815
7.3638,8.56898,54.39285,4084.67608,-0.25072,55.54343,7.75218522315488,2.8878929678943086,25.999999556487815
7.39466,8.6144,54.3665,4080.403,-0.24231,55.6225,7.76469621220723,2.8925536405002426,25.999999556487815
7.42543,8.65983,54.34108,4076.12109,-0.23377,55.70179,7.776156646508206,2.8968229538195307,25.999999556487815
7.4561,8.70525,54.31661,4071.8309,-0.22514,55.78129,7.7865532159723605,2.900695949495134,25.999999556487815
7.48668,8.75066,54.29308,4067.53301,-0.21643,55.86098,7.795875440305214,2.904168723341606,25.999999556487815
7.51717,8.79608,54.27052,4063.22801,-0.20767,55.94086,7.804115709666026,2.9072384404930443,25.999999556487815
7.54756,8.8415,54.2489,4058.91648,-0.19886,56.02091,7.8112693135212234,2.909903346151751,25.999999556487815
7.57786,8.88691,54.22825,4054.59903,-0.19004,56.10113,7.817334457490558,2.91216277186387,25.999999556487815
7.60806,8.93232,54.20856,4050.27627,-0.18123,56.18151,7.82231226808508,2.9140171372844086,25.999999556487815
7.63816,8.97773,54.18982,4045.9488,-0.17243,56.26204,7.826206785333606,2.915467947430401,25.999999556487815
7.66817,9.02314,54.17203,4041.61724,-0.16369,56.34271,7.829024943362868,2.916517785446501,25.999999556487815
7.69808,9.06854,54.15518,4037.28221,-0.15501,56.4235,7.830776539126064,2.9171703009555494,25.999999556487815
7.7279,9.11394,54.13925,4032.9443,-0.14642,56.50442,7.831474189513266,2.917430194081069,25.999999556487815
7.75763,9.15934,54.12425,4028.60414,-0.13793,56.58544,7.8311332772081,2.9173031952774524,25.999999556487815
7.78725,9.20473,54.11016,4024.26233,-0.12957,56.66656,7.829771885688684,2.9167960411161027,25.999999556487815
7.81679,9.25012,54.09695,4019.91946,-0.12135,56.74777,7.827410723890341,2.9159164462203138,25.999999556487815
7.84622,9.29551,54.08461,4015.57613,-0.1133,56.82906,7.824073041089438,2.9146730715572584,25.999999556487815
7.87556,9.34089,54.07312,4011.23292,-0.10544,56.91042,7.819784532621774,2.913075489315604,25.999999556487815
7.90481,9.38627,54.06245,4006.8904,-0.09778,56.99185,7.814573237145499,2.9111341446332557,25.999999556487815
7.93396,9.43165,54.05259,4002.54913,-0.09033,57.07332,7.808469426143988,2.9088603144342606,25.999999556487815
7.96301,9.47702,54.04351,3998.20967,-0.08313,57.15485,7.801505486458351,2.906266063669079,25.999999556487815
7.99197,9.52238,54.03518,3993.87254,-0.07618,57.23641,7.793715796644823,2.903364199254466,25.999999556487815
8.02084,9.56775,54.02757,3989.53826,-0.0695,57.31801,7.785136597962346,2.9001682220129408,25.999999556487815
8.04963,9.61309,54.02154,3985.20538,-0.04614,57.3261,7.774830027882941,2.896328753476182,0.0
8.07839,9.65838,54.01793,3980.87313,-0.02314,57.33422,7.76187465556485,2.8915025364113323,0.0
8.10711,9.70364,54.0167,3976.54308,-0.00054,57.34236,7.746338500351258,2.885714909813424,0.0
8.1358,9.74885,54.0178,3972.21677,0.02159,57.35051,7.728298253241719,2.878994443097652,0.0
8.16445,9.79403,54.02117,3967.89569,0.0432,57.35869,7.707838408326717,2.871372612535894,0.0
8.19306,9.83916,54.02675,3963.5813,0.06423,57.36689,7.685050714982596,2.8628835971849123,0.0
8.22163,9.88424,54.03448,3959.27504,0.08465,57.3751,7.660033597032976,2.85356406250869,0.0
8.25016,9.92929,54.04428,3954.97827,0.10439,57.38334,7.632891545319761,2.8434529340951564,0.0
8.27866,9.9743,54.05607,3950.69234,0.12342,57.3916,7.603734490189474,2.8325911638908323,0.0
8.30712,10.01926,54.06978,3946.41853,0.14169,57.39988,7.572677160407109,2.8210214913793745,0.0
8.33554,10.06418,54.08532,3942.15805,0.15916,57.40817,7.539838434846476,2.8087882020691675,0.0
8.36393,10.10906,54.1026,3937.91209,0.17579,57.41649,7.505340693125308,2.7959368855878193,0.0
8.39227,10.1539,54.12153,3933.68174,0.19154,57.42483,7.469309171046744,2.782514195567151,0.0
8.42058,10.1987,54.14202,3929.46806,0.20638,57.43319,7.431871326354918,2.7685676133704678,0.0
8.44886,10.24346,54.16396,3925.27202,0.22029,57.44157,7.393156219886739,2.754145217555313,0.0
8.4771,10.28818,54.18726,3921.09456,0.23322,57.44997,7.353293916745798,2.7392954607949935,0.0
8.5053,10.33286,54.21181,3916.93651,0.24517,57.45839,7.312414911601269,2.724066955787297,0.0
8.53346,10.3775,54.23751,3912.79868,0.25609,57.46683,7.270649581703213,2.708508271488305,0.0
8.56159,10.42209,54.26424,3908.68176,0.26599,57.47529,7.2281276706471225,2.6926677408010957,0.0
8.58968,10.46665,54.29191,3904.58642,0.27483,57.48377,7.184977805393438,2.676593280652814,0.0
8.61774,10.51117,54.32039,3900.51324,0.28261,57.49227,7.141327048478548,2.6603322251814805,0.0
8.64576,10.55565,54.34959,3896.46273,0.28931,57.5008,7.097300486849802,2.643931172566218,0.0
8.67374,10.60009,54.37938,3892.43534,0.29493,57.50934,7.053020858243974,2.6274358458434,0.0
8.70169,10.6445,54.40966,3888.43146,0.29945,57.51791,7.008608215548241,2.610890967872282,0.0
8.7296,10.68886,54.44031,3884.4514,0.30289,57.5265,6.964179629136996,2.59434015044763,0.0
8.75748,10.73319,54.47122,3880.49541,0.30523,57.5351,6.919848926788297,2.577825797411761,0.0
8.78532,10.77748,54.50229,3876.56369,0.30647,57.54373,6.87572647038542,2.5613890214699913,0.0
8.81313,10.82173,54.53339,3872.65636,0.30663,57.55238,6.831918968322932,2.545069574306964,0.0
8.8409,10.86594,54.56443,3868.7735,0.30571,57.56106,6.78852932221444,2.5289057894812523,0.0
8.86864,10.91012,54.59528,3864.91511,0.30372,57.56975,6.745656506293457,2.5129345374990093,0.0
8.89635,10.95426,54.62585,3861.08116,0.30067,57.57847,6.70339547767625,2.497191192384515,0.0
8.92402,10.99837,54.65603,3857.27153,0.29657,57.58721,6.661837115527971,2.4817096090179636,0.0
8.95165,11.04244,54.68572,3853.48607,0.29143,57.59597,6.621068187005073,2.466522110448115,0.0
8.97926,11.08647,54.7148,3849.72458,0.28529,57.60475,6.581171337820616,2.4516594843776245,0.0
9.00683,11.13047,54.74319,3845.9868,0.27815,57.61355,6.542225105182612,2.4371509879829145,0.0
9.03436,11.17443,54.77078,3842.27244,0.27003,57.62238,6.504303950865159,2.4230243602340438,0.0
9.06186,11.21836,54.79748,3838.58113,0.26096,57.63123,6.4674783121542765,2.4093058408733703,0.0
9.08933,11.26225,54.8232,3834.91249,0.25096,57.6401,6.431814668452096,2.396020195227367,0.0
9.11677,11.30611,54.84785,3831.26607,0.24007,57.64899,6.397375621378072,2.3831907440464297,0.0
9.14417,11.34994,54.87133,3827.64142,0.22829,57.65791,6.36421998624732,2.3708393975829605,0.0
9.17154,11.39373,54.89357,3824.038,0.21568,57.66685,6.332402892914905,2.3589866931585273,0.0
9.19888,11.43749,54.91449,3820.45526,0.20224,57.67581,6.301975894046681,2.347651835497591,0.0
9.22619,11.48121,54.934,3816.89262,0.18802,57.68479,6.272987078987337,2.336852739146356,0.0
9.25346,11.5249,54.95204,3813.34946,0.17305,57.6938,6.245481191483641,2.3266060723277726,0.0
9.2807,11.56856,54.96853,3809.82513,0.15735,57.70283,6.219499749668377,2.3169273016387097,0.0
9.30791,11.61218,54.98341,3806.31892,0.14098,57.71188,6.1950811667713745,2.3078307370179925,0.0
9.33509,11.65578,54.99661,3802.83014,0.12395,57.72096,6.172260871192906,2.2993295764768997,0.0
9.36223,11.69934,55.00807,3799.35804,0.1063,57.73006,6.151071424628952,2.2914359501039336,0.0
9.38935,11.74287,55.01774,3795.90185,0.08808,57.73918,6.131542637098904,2.2841609629156654,0.0
9.41643,11.78637,55.02556,3792.46078,0.06931,57.74832,6.113701677802017,2.277514736153684,0.0
9.44348,11.82983,55.03148,3789.03401,0.05004,57.75749,6.0975731808345515,2.2715064466670083,0.0
9.4705,11.87327,55.03547,3785.62069,0.03031,57.76668,6.083179344921621,2.266144364064826,0.0
9.49749,11.91667,55.03748,3782.21997,0.01016,57.7759,6.070540026382158,2.26143588534839,0.0
9.52445,11.96004,55.03747,3778.83095,-0.01039,57.78514,6.059672824653525,2.2573875667711887,0.0
9.55137,12.00338,55.03541,3775.45275,-0.03127,57.7944,6.050593159798909,2.2540051527124834,0.0
9.57827,12.04669,55.03128,3772.08444,-0.05247,57.80368,6.043314341460672,2.2512936013642535,0.0
9.60514,12.08997,55.02504,3768.72508,-0.07392,57.81299,6.037847628860901,2.249257107082973,0.0
9.63197,12.13322,55.01669,3765.37371,-0.0956,57.82232,6.034202281463995,2.2478991192627635,0.0
9.65877,12.17644,55.00619,3762.02937,-0.11746,57.83167,6.032385600023198,2.2472223576263013,0.0
9.68555,12.21963,54.99355,3758.69108,-0.13945,57.84105,6.0324029577972045,2.2472288238538285,0.0
9.71229,12.26279,54.97874,3755.35783,-0.16155,57.85045,6.034257821767415,2.247919809487141,0.0
9.739,12.30591,54.96178,3752.02863,-0.1837,57.85987,6.037951763772826,2.24929590007762,0.0
9.76568,12.34901,54.94266,3748.70245,-0.20586,57.86932,6.043484461519991,2.251356975562478,0.0
9.79233,12.39208,54.92138,3745.37826,-0.22799,57.87879,6.050853689510401,2.2541022068849634,0.0
9.81895,12.43511,54.89795,3742.05503,-0.25005,57.88828,6.060055299963951,2.257530048887853,0.0
9.84554,12.47812,54.87239,3738.73171,-0.272,57.89779,6.071083193894418,2.2616382295383044,0.0
9.8721,12.5211,54.84471,3735.40725,-0.29379,57.90733,6.083929282558462,2.2664237355665957,0.0
9.89862,12.56404,54.81493,3732.08058,-0.31539,57.91689,6.098583439546747,2.2718827946188074,0.0
9.92512,12.60696,54.78309,3728.75065,-0.33674,57.92647,6.1150334438677385,2.27801085405404,0.0
9.95159,12.64984,54.7492,3725.4164,-0.35782,57.93608,6.133264914448104,2.2848025565440873,0.0
9.97802,12.6927,54.7133,3722.07675,-0.37857,57.9457,6.1532612365320505,2.292251712655257,0.0
10.00443,12.73552,54.67544,3718.73064,-0.39896,57.95535,6.175003480544746,2.3003512706228553,0.0
10.0308,12.77832,54.63564,3715.377,-0.41894,57.96502,6.198470314066776,2.309093283559362,0.0
10.05714,12.82108,54.59395,3712.01477,-0.43849,57.97472,6.223637907663765,2.3184688743734814,0.0
10.08346,12.86381,54.55043,3708.64288,-0.45754,57.98443,6.2504798353637785,2.32846819869536,0.0
10.10974,12.90652,54.50512,3705.26029,-0.47608,57.99417,6.278966970709953,2.339080406153451,0.0
10.13598,12.94919,54.45805,3701.86604,-0.49486,58.01919,6.309102069853902,2.350306523486751,5.999999897651034
10.16218,12.99184,54.40923,3698.45916,-0.51303,58.04433,6.34088552539901,2.362146696950349,5.999999897651034
10.18834,13.03447,54.35872,3695.03859,-0.53058,58.06959,6.374280398695319,2.3745871659252233,5.999999897651034
10.21446,13.07708,54.3066,3691.60326,-0.54745,58.09496,6.4092465478436464,2.387612976497729,5.999999897651034
10.24054,13.11965,54.25293,3688.15215,-0.56361,58.12046,6.445740536454684,2.401207947469971,5.999999897651034
10.26657,13.16221,54.19779,3684.68421,-0.57902,58.14608,6.483715515456065,2.4153546263298176,5.999999897651034
10.29255,13.20474,54.14125,3681.19846,-0.59366,58.17184,6.523121108645333,2.430034246616377,5.999999897651034
10.3185,13.24725,54.08339,3677.69391,-0.60748,58.19773,6.563903303728484,2.445226687328984,5.999999897651034
10.3444,13.28973,54.0243,3674.16958,-0.62046,58.22376,6.606004350668302,2.46091043505928,5.999999897651034
10.37026,13.33218,53.96406,3670.62454,-0.63256,58.24993,6.649362669268725,2.477062549563959,5.999999897651034
10.39607,13.37461,53.90275,3667.05789,-0.64376,58.27625,6.693912767997197,2.4936586335239594,5.999999897651034
10.42184,13.41702,53.84048,3663.46875,-0.65402,58.30271,6.739585176120424,2.510672807263243,5.999999897651034
10.44757,13.4594,53.77734,3659.85626,-0.66333,58.32933,6.786306391269566,2.5280776892154546,5.999999897651034
10.47325,13.50175,53.71341,3656.21962,-0.67164,58.35609,6.833998844597892,2.545844382944226,5.999999897651034
10.49888,13.54408,53.64879,3652.55806,-0.67895,58.38301,6.882580885696102,2.5639424715237418,5.999999897651034
10.52447,13.58638,53.58359,3648.87084,-0.68523,58.41009,6.931966789441803,2.582340020090347,5.999999897651034
10.55002,13.62865,53.51791,3645.15728,-0.69046,58.43733,6.982066786870102,2.6010035873426567,5.999999897651034
10.57552,13.6709,53.45185,3641.41675,-0.69463,58.46473,7.032787122158696,2.6198982467699974,5.999999897651034
10.60097,13.71312,53.38551,3637.64863,-0.69772,58.49229,7.0840301376413315,2.638987618322161,5.999999897651034
10.62638,13.75531,53.319,3633.85241,-0.69971,58.52002,7.1356943886990525,2.6582339112094204,5.999999897651034
10.65174,13.79748,53.25242,3630.0276,-0.7006,58.54791,7.1876747901399485,2.677597978432829,5.999999897651034
10.67705,13.83961,53.18587,3626.17376,-0.70038,58.57597,7.239862795517045,2.69703938358486,5.999999897651034
10.70232,13.88172,53.11948,3622.29054,-0.69905,58.6042,7.292146610568011,2.716516480361313,5.999999897651034
10.72754,13.9238,53.05333,3618.37762,-0.69659,58.63259,7.344411441652678,2.7359865051108208,5.999999897651034
10.75271,13.96585,52.98754,3614.43478,-0.69302,58.66115,7.396539779768618,2.755405682638132,5.999999897651034
10.77783,14.00787,52.92221,3610.46183,-0.68834,58.68988,7.448411720337215,2.7747293453328314,5.999999897651034
10.80291,14.04987,52.85745,3606.45867,-0.68254,58.71877,7.499905318570494,2.7939120655528398,5.999999897651034
10.82794,14.09183,52.79336,3602.42528,-0.67565,58.74783,7.550896979784109,2.812907801026265,5.999999897651034
10.85292,14.13376,52.73005,3598.36168,-0.66766,58.77706,7.601261883592102,2.831670052875117,5.999999897651034
10.87785,14.17566,52.6676,3594.26799,-0.6586,58.80644,7.650874440417164,2.850152035677386,5.999999897651034
10.90273,14.21753,52.60614,3590.14439,-0.64849,58.83599,7.699608778288856,2.8683068588121934,5.999999897651034
10.92756,14.25937,52.54574,3585.99115,-0.63734,58.8657,7.747339257387987,2.8860877181411073,5.999999897651034
10.95234,14.30118,52.4865,3581.80861,-0.62517,58.89556,7.793941009323023,2.9034480969027974,5.999999897651034
10.97707,14.34295,52.42852,3577.59717,-0.61202,58.92558,7.839290497637804,2.9203419745169037,5.999999897651034
11.00175,14.3847,52.37189,3573.35732,-0.59792,58.95574,7.883266095582984,2.9367240418191023,5.999999897651034
11.02638,14.42641,52.31668,3569.08963,-0.58289,58.98606,7.925748676771417,2.9525499210957773,5.999999897651034
11.05096,14.46809,52.26299,3564.79473,-0.56697,59.01652,7.966622213954831,2.967776389144088,5.999999897651034
11.07548,14.50973,52.21088,3560.47334,-0.5502,59.04711,8.00577438080786,2.9823616014523497,5.999999897651034
11.09996,14.55135,52.16044,3556.12623,-0.53263,59.07785,8.043097151328482,2.996265315492476,5.999999897651034
11.12438,14.59292,52.11173,3551.75427,-0.51429,59.10871,8.078487391297763,3.0094491110542885,5.999999897651034
11.14875,14.63447,52.06482,3547.35836,-0.49523,59.1397,8.111847436048299,3.0218766054794677,5.999999897651034
11.17307,14.67598,52.01977,3542.93949,-0.47549,59.17081,8.143085648789231,3.033513661652309,5.999999897651034
11.19734,14.71745,51.97663,3538.49871,-0.45514,59.20204,8.172116953755207,3.0443285866117407,5.999999897651034
11.22156,14.75889,51.93546,3534.03713,-0.43423,59.23338,8.198863338561686,3.054292318691892,5.999999897651034
11.24572,14.8003,51.8963,3529.5559,-0.4128,59.26482,8.223254320396016,3.063378601190536,5.999999897651034
11.26983,14.84167,51.85918,3525.05624,-0.39092,59.29636,8.245227370937718,3.0715641406630754,5.999999897651034
11.29389,14.88301,51.82416,3520.5394,-0.36864,59.32799,8.264728295326506,3.0788287480981,5.999999897651034
11.31789,14.92431,51.79124,3516.00669,-0.34602,59.35971,8.281711560941764,3.0851554613963956,5.999999897651034
11.34184,14.96557,51.76046,3511.45944,-0.32312,59.39151,8.296140572339587,3.090530647792224,5.999999897651034
11.36574,15.0068,51.73184,3506.89904,-0.30002,59.42338,8.307987889230867,3.094944085055894,5.999999897651034
11.38958,15.04799,51.70538,3502.32687,-0.27676,59.45532,8.317235385137618,3.098389020597419,5.999999897651034
11.41337,15.08914,51.68109,3497.74437,-0.25341,59.48732,8.323874345009074,3.100862207831084,5.999999897651034
11.43711,15.13026,51.65897,3493.15298,-0.23004,59.51937,8.327905500807999,3.1023639194322756,5.999999897651034
11.46079,15.17134,51.63901,3488.55415,-0.2067,59.55147,8.329339004886565,3.102897937419304,5.999999897651034
11.48442,15.21238,51.6212,3483.94935,-0.18347,59.58361,8.328194341637106,3.1024715202409783,5.999999897651034
11.508,15.25339,51.60553,3479.34005,-0.1604,59.61579,8.32450017872154,3.101095347355654,5.999999897651034
11.53152,15.29436,51.59197,3474.72771,-0.13756,59.64799,8.31829415983169,3.098783442029,5.999999897651034
11.55499,15.33529,51.58049,3470.11379,-0.11501,59.68021,8.309622641644388,3.0955530733428547,5.999999897651034
11.57841,15.37618,51.57106,3465.49973,-0.09281,59.71245,8.29854037821969,3.091424638625254,5.999999897651034
11.60177,15.41704,51.56364,3460.88695,-0.07102,59.74469,8.285110156696495,3.0864215277374694,5.999999897651034
11.62507,15.45786,51.55818,3456.27686,-0.04969,59.77694,8.269402388568349,3.0805699708134817,5.999999897651034
11.64833,15.49864,51.55463,3451.67084,-0.02889,59.80918,8.251494661282852,3.073898871218971,5.999999897651034
11.67153,15.53938,51.55294,3447.07023,-0.00866,59.84142,8.231471255213647,3.0664396256106707,5.999999897651034
11.69468,15.58009,51.55305,3442.47634,0.01093,59.87364,8.209422631299917,3.0582259330685964,5.999999897651034
11.71777,15.62076,51.55489,3437.89044,0.02985,59.90584,8.18544489479023,3.0492935953265206,5.999999897651034
11.74081,15.66139,51.5584,3433.31377,0.04804,59.93801,8.159639240635572,3.0396803101662857,5.999999897651034
11.7638,15.70199,51.5635,3428.74749,0.06545,59.97015,8.132111386012472,3.029425460017735,5.999999897651034
11.78673,15.74254,51.57012,3424.19275,0.08204,60.00226,8.102970995414845,3.0185698977902966,5.999999897651034
11.80962,15.78306,51.57818,3419.65063,0.09778,60.03433,8.072331103548173,3.0071557318858866,5.999999897651034
11.83245,15.82354,51.5876,3415.12215,0.11263,60.06636,8.040307541048518,2.9952261122641253,5.999999897651034
11.85522,15.86399,51.59829,3410.60829,0.12654,60.09834,8.007018367758128,2.982825019322591,5.999999897651034
11.87795,15.90439,51.61017,3406.10996,0.13949,60.13027,7.972583317929989,2.9699970572209184,5.999999897651034
11.90062,15.94476,51.62314,3401.62801,0.15145,60.16215,7.937123261390709,2.9567872531497974,5.999999897651034
11.92325,15.9851,51.63711,3397.16323,0.16239,60.19398,7.900759684235965,2.943240863876357,5.999999897651034
11.94582,16.02539,51.65199,3392.71637,0.17229,60.22574,7.863614192211483,2.9294031907405214,5.999999897651034
11.96833,16.06565,51.66768,3388.28808,0.18113,60.25745,7.825808039505195,2.9153194041176835,5.999999897651034
11.9908,16.10588,51.68409,3383.87897,0.18889,60.28909,7.78746168518395,2.9010343781797143,5.999999897651034
12.01322,16.14606,51.70112,3379.48959,0.19556,60.32067,7.74869437907683,2.886592536625599,5.999999897651034
12.03558,16.18621,51.71866,3375.12041,0.20112,60.35218,7.709623778460475,2.8720377098866345,5.999999897651034
12.0579,16.22633,51.73663,3370.77186,0.20557,60.38363,7.670365596470978,2.8574130041506125,5.999999897651034
12.08016,16.26641,51.75491,3366.44429,0.20891,60.41501,7.631033282760301,2.842760682397927,5.999999897651034
12.10238,16.30645,51.77342,3362.13798,0.21112,60.44633,7.591737736537559,2.8281220575019086,5.999999897651034
12.12454,16.34646,51.79204,3357.85318,0.21221,60.47758,7.552587051768964,2.8135373973090942,5.999999897651034
12.14666,16.38643,51.81069,3353.59006,0.21219,60.50876,7.513686294012808,2.7990458415043884,5.999999897651034
12.16873,16.42636,51.82927,3349.34873,0.21106,60.53988,7.475137308056267,2.7846853299507126,5.999999897651034
12.19074,16.46627,51.84768,3345.12925,0.20882,60.57093,7.437038555282742,2.770492542104058,5.999999897651034
12.21271,16.50613,51.86581,3340.93161,0.20549,60.60192,7.399484979466306,2.7565028470183877,5.999999897651034
12.23463,16.54597,51.88359,3336.75576,0.20108,60.63284,7.362567899533875,2.7427502633967245,5.999999897651034
12.2565,16.58576,51.90091,3332.6016,0.1956,60.66371,7.326374927642872,2.7292674290729226,5.999999897651034
12.27833,16.62553,51.91769,3328.46895,0.18908,60.69451,7.290989910843678,2.716085579279398,5.999999897651034
12.3001,16.66526,51.93384,3324.35761,0.18153,60.72526,7.256492894491429,2.7032345330170564,5.999999897651034
12.32183,16.70495,51.94926,3320.26732,0.17298,60.75596,7.222960105513589,2.6907426868220323,5.999999897651034
12.34351,16.74461,51.96388,3316.19777,0.16345,60.7866,7.190463953601865,2.6786370152097,5.999999897651034
12.36515,16.78424,51.97762,3312.14861,0.15297,60.81719,7.159073048401582,2.6669430770781704,5.999999897651034
12.38673,16.82384,51.99038,3308.11943,0.14155,60.84774,7.128852230767856,2.6556850273520403,5.999999897651034
12.40827,16.8634,52.00211,3304.10979,0.12924,60.87824,7.099862616196912,2.6448856331616972,5.999999897651034
12.42976,16.90293,52.01272,3300.11923,0.11607,60.9087,7.07216164858873,2.6345662938713263,5.999999897651034
12.45121,16.94243,52.02214,3296.1472,0.10206,60.93912,7.04580316253279,2.624747064281981,5.999999897651034
12.47261,16.98189,52.03031,3292.19317,0.08726,60.96952,7.020837452430465,2.6154466803814977,5.999999897651034
12.49396,17.02132,52.03716,3288.25652,0.07169,60.99988,6.997311346786158,2.6066825870198995,5.999999897651034
12.51527,17.06072,52.04263,3284.33665,0.05539,61.03021,6.975268286134893,2.5984709669394714,5.999999897651034
12.53653,17.10009,52.04667,3280.43287,0.0384,61.06053,6.95474840314504,2.590826770615135,5.999999897651034
12.55775,17.13942,52.04921,3276.54451,0.02077,61.09082,6.935788603526065,2.5837637463947156,5.999999897651034
12.57892,17.17873,52.05022,3272.67083,0.00252,61.1211,6.918422646501814,2.5772944704773533,5.999999897651034
12.60005,17.218,52.04963,3268.8111,-0.01629,61.15138,6.902681223674412,2.571430376292384,5.999999897651034
12.62113,17.25724,52.04741,3264.96452,-0.03563,61.18165,6.888592035218044,2.5661817828835276,5.999999897651034
12.64217,17.29645,52.04353,3261.13031,-0.05545,61.21191,6.876179862461872,2.5615579219479336,5.999999897651034
12.66316,17.33562,52.03793,3257.30763,-0.07571,61.24218,6.865466635994417,2.557566963206853,5.999999897651034
12.6841,17.37477,52.0306,3253.49563,-0.09637,61.27246,6.856471498533039,2.5542160378261793,5.999999897651034
12.70501,17.41388,52.02151,3249.69344,-0.11738,61.30276,6.849210861902381,2.5515112596424117,5.999999897651034
12.72587,17.45296,52.01067,3245.90006,-0.1377,61.31413,6.843657406312109,2.549442451314824,0.0
12.7467,17.49201,51.9981,3242.11448,-0.15828,61.32552,6.839781665857966,2.5479986360187885,0.0
12.7675,17.53101,51.98379,3238.33584,-0.17909,61.33692,6.8375929338217905,2.5471832757463067,0.0
12.78827,17.56998,51.96773,3234.56323,-0.20006,61.34833,6.837097961019034,2.5469988853537613,0.0
12.809,17.6089,51.94991,3230.79575,-0.22117,61.35975,6.838300976307114,2.5474470402018086,0.0
12.82971,17.64779,51.93032,3227.03247,-0.24236,61.37118,6.841203700190175,2.548528381223511,0.0
12.85038,17.68665,51.90896,3223.27246,-0.26359,61.38263,6.845805351465977,2.550242617400479,0.0
12.87102,17.72546,51.88583,3219.51478,-0.28481,61.39408,6.852102646926088,2.552588525651186,0.0
12.89163,17.76424,51.86095,3215.75847,-0.30598,61.40555,6.860089794204511,2.5555639481668915,0.0
12.91221,17.80298,51.83432,3212.00257,-0.32706,61.41703,6.8697584779692695,2.5591657872676445,0.0
12.93276,17.84168,51.80595,3208.24611,-0.34799,61.42853,6.881097839718717,2.5633899978758774,0.0
12.95327,17.88034,51.77587,3204.48813,-0.36874,61.44003,6.8940944515168585,2.5682315777321225,0.0
12.97376,17.91897,51.74409,3200.72764,-0.38925,61.45154,6.908732284098786,2.5736845555134455,0.0
12.99421,17.95755,51.71064,3196.96368,-0.40949,61.46307,6.924992669851074,2.579741977042671,0.0
13.01463,17.9961,51.67556,3193.19526,-0.4294,61.47461,6.942854261240627,2.586395889802034,0.0
13.03502,18.03461,51.63886,3189.42142,-0.44896,61.48616,6.9622929853718505,2.5936373260045276,0.0
13.05538,18.07309,51.60059,3185.64117,-0.4681,61.49772,6.983281995400635,2.6014562844943407,0.0
13.0757,18.11152,51.5608,3181.85356,-0.4868,61.50929,7.005791619637246,2.609841711786337,0.0
13.096,18.14992,51.51951,3178.05763,-0.50501,61.52087,7.02978930924748,2.6187814825833637,0.0
13.11626,18.18828,51.47678,3174.25242,-0.52269,61.53246,7.0552395855155074,2.6282623801302742,0.0
13.13649,18.2266,51.43265,3170.43699,-0.5398,61.54407,7.082103987746474,2.638270076806273,0.0
13.15669,18.26488,51.38719,3166.61042,-0.5563,61.55568,7.1103410229083055,2.648789115365165,0.0
13.17685,18.30312,51.34044,3162.7718,-0.57216,61.5673,7.139906118235174,2.6598028912788996,0.0
13.19699,18.34133,51.29246,3158.92022,-0.58732,61.57894,7.170751578036679,2.6712936366478526,0.0
13.21709,18.37949,51.24331,3155.05481,-0.60178,61.59058,7.2028265460318215,2.6832424061692426,0.0
13.23716,18.41762,51.19307,3151.17471,-0.61547,61.60223,7.236076974575722,2.6956290656732738,0.0
13.2572,18.4557,51.14179,3147.27908,-0.62839,61.6139,7.270445602184216,2.708432283750454,0.0
13.2772,18.49375,51.08954,3143.36711,-0.64048,61.62557,7.305871940786837,2.7216295270029986,0.0
13.29718,18.53176,51.0364,3139.43803,-0.65173,61.63725,7.342292274177255,2.7351970594675734,0.0
13.31712,18.56972,50.98244,3135.49107,-0.66211,61.64894,7.379639669110392,2.749109946749269,0.0
13.33703,18.60765,50.92773,3131.52551,-0.67158,61.66064,7.417844000482978,2.7633420654020133,0.0
13.3569,18.64553,50.87235,3127.54066,-0.68013,61.67235,7.4568319920586035,2.7778661180997317,0.0
13.37675,18.68338,50.81638,3123.53588,-0.68774,61.68406,7.496527274070131,2.792653655094754,0.0
13.39656,18.72118,50.7599,3119.51054,-0.69437,61.69579,7.536850459030611,2.8076751024593833,0.0
13.41634,18.75895,50.70299,3115.46407,-0.70002,61.70752,7.577719236988443,2.822899797570941,0.0
13.43608,18.79667,50.64574,3111.39593,-0.70467,61.71926,7.619048491314908,2.838296032245676,0.0
13.45579,18.83434,50.58822,3107.30565,-0.70831,61.73101,7.660750436046163,2.853831103902272,0.0
13.47547,18.87198,50.53053,3103.19277,-0.71092,61.74276,7.702734775582732,2.869471375054101,0.0
13.49511,18.90958,50.47274,3099.05691,-0.7125,61.75452,7.744908887420572,2.8851823413813626,0.0
13.51472,18.94713,50.41495,3094.89772,-0.71304,61.76629,7.787178028370146,2.9009287085531126,0.0
13.5343,18.98464,50.35723,3090.71492,-0.71253,61.77806,7.829445564488834,2.9166744778831313,0.0
13.55384,19.0221,50.29967,3086.50826,-0.71098,61.78985,7.871613224741001,2.9323830408249782,0.0
13.57335,19.05952,50.24236,3082.27757,-0.70838,61.80163,7.913581378101043,2.9480172822001682,0.0
13.59283,19.0969,50.18538,3078.02272,-0.70475,61.81343,7.9552493335693235,2.963539691961994,0.0
13.61227,19.13423,50.12881,3073.74365,-0.70009,61.82522,7.996515662267125,2.9789124851843796,0.0
13.63168,19.17152,50.07273,3069.44035,-0.6944,61.83703,8.0372785404802,2.994097729854625,0.0
13.65105,19.20877,50.01724,3065.11287,-0.68771,61.84884,8.077436112219932,3.0090574819369795,0.0
13.67038,19.24597,49.96239,3060.76133,-0.68003,61.86065,8.116886869549583,3.023753927054172,0.0
13.68969,19.28312,49.90828,3056.38591,-0.67138,61.87247,8.15553004863306,3.038149528026002,0.0
13.70895,19.32023,49.85498,3051.98683,-0.66178,61.88429,8.193266039193398,3.052207177403395,0.0
13.72819,19.35729,49.80255,3047.56439,-0.65125,61.89612,8.229996804711794,3.0658903540036033,0.0
13.74738,19.3943,49.75108,3043.11896,-0.63983,61.90795,8.26562631054359,3.0791632823946666,0.0
13.76655,19.43127,49.70063,3038.65095,-0.62753,61.91979,8.300060956798024,3.091991094154515,0.0
13.78567,19.46819,49.65126,3034.16084,-0.61441,61.93163,8.333210012684074,3.104339989676221,0.0
13.80476,19.50507,49.60304,3029.64916,-0.60048,61.94347,8.364986048840306,3.1161773992222472,0.0
13.82382,19.54189,49.55603,3025.11651,-0.58579,61.95531,8.395305364014773,3.1274721418739304,0.0
13.84284,19.57867,49.51028,3020.56353,-0.57038,61.96716,8.42408840242401,3.138194581008691,0.0
13.86182,19.6154,49.46584,3015.99093,-0.5543,61.97901,8.45126015805176,3.1483167749119456,0.0
13.88077,19.65209,49.42276,3011.39947,-0.53758,61.99087,8.476750562149698,3.1578126211313253,0.0
13.89968,19.68872,49.38109,3006.78993,-0.52027,62.00272,8.500494850337917,3.166657993231259,0.0
13.91856,19.7253,49.34086,3002.16319,-0.50243,62.01458,8.522433905734065,3.1748308686176125,0.0
13.93739,19.76184,49.30212,2997.52013,-0.48411,62.02644,8.542514574778355,3.1823114461908126,0.0
13.9562,19.79833,49.2649,2992.86168,-0.46535,62.03831,8.560689952628078,3.1890822526628058,0.0
13.97496,19.83476,49.22921,2988.18882,-0.44621,62.05017,8.576919635256269,3.195128236470458,0.0
13.99369,19.87115,49.19509,2983.50256,-0.42675,62.06203,8.591169935722457,3.200436848342084,0.0
14.01239,19.90749,49.16255,2978.80394,-0.40702,62.0739,8.603414062427879,3.2049981077022167,0.0
14.03104,19.94377,49.13161,2974.09401,-0.38708,62.08577,8.613632257583934,3.2088046542547426,0.0
14.04966,19.98001,49.10228,2969.37388,-0.367,62.09764,8.621811894508005,3.211851784228159,0.0
14.06824,20.0162,49.07455,2964.64466,-0.34681,62.10951,8.627947532845557,3.214137470947258,0.0
14.08679,20.05233,49.04844,2959.90746,-0.3266,62.12138,8.632040931226696,3.2156623695480255,0.0
14.1053,20.08842,49.02393,2955.16343,-0.30641,62.13325,8.634101017373503,3.2164298058418397,0.0
14.12377,20.12445,49.00103,2950.4137,-0.2863,62.14513,8.634143816109633,3.2164457494971512,0.0
14.14221,20.16043,48.9797,2945.65944,-0.26633,62.157,8.632192336160719,3.2157187718696534,0.0
14.16061,20.19637,48.95994,2940.90179,-0.24657,62.16888,8.628276417124432,3.214259988994605,0.0
14.17897,20.23225,48.94172,2936.1419,-0.22706,62.18075,8.622432538310742,3.2120829903747996,0.0
14.19729,20.26808,48.92502,2931.3809,-0.20786,62.19263,8.614703591618849,3.209203754371243,0.0
14.21558,20.30385,48.90981,2926.61992,-0.18904,62.2045,8.605138620912413,3.20564055111357,0.0
14.23383,20.33958,48.89604,2921.86008,-0.17064,62.21638,8.59379253064947,3.201413833957022,0.0
14.25205,20.37526,48.88369,2917.10245,-0.15271,62.22826,8.580725766800915,3.1965461206161865,0.0
14.27022,20.41088,48.87271,2912.34812,-0.13531,62.24014,8.566003973297803,3.191061865182578,0.0
14.28836,20.44646,48.86304,2907.59813,-0.11848,62.25201,8.54969762739123,3.184987322286597,0.0
14.30647,20.48198,48.85465,2902.8535,-0.10228,62.26389,8.531881657406192,3.1783504047007876,0.0
14.32454,20.51745,48.84748,2898.11521,-0.08675,62.27577,8.512635046474912,3.171180535720075,0.0
14.34257,20.55287,48.84147,2893.3842,-0.07192,62.28765,8.492040425762012,3.1635084976274355,0.0
14.36056,20.58824,48.83656,2888.66141,-0.05785,62.29953,8.470183660741155,3.1553662775710674,0.0
14.37852,20.62356,48.8327,2883.94769,-0.04457,62.31141,8.44715343393005,3.1467869121221934,0.0
14.39644,20.65882,48.82981,2879.24389,-0.03211,62.32329,8.423040827386775,3.1378043317439626,0.0
14.41433,20.69404,48.82783,2874.5508,-0.02051,62.33518,8.39793890812942,3.128453206349353,0.0
14.43218,20.7292,48.8267,2869.86917,-0.0098,62.34706,8.371942319418475,3.1187687930431105,0.0
14.44999,20.76432,48.82634,2865.1997,-1e-05,62.35894,8.34514688061603,3.108786787058773,0.0
14.46777,20.79938,48.82667,2860.54303,0.00884,62.37083,8.317649198137877,3.0985431768280915,0.0
14.48551,20.8344,48.82764,2855.89979,0.01673,62.38271,8.289546289695009,3.0880741040011,0.0
14.50321,20.86936,48.82915,2851.27052,0.02364,62.3946,8.260935223791629,3.0774157291496396,0.0
14.52088,20.90427,48.83114,2846.65574,0.02954,62.40648,8.231912776156104,3.0666041037788516,0.0
14.53852,20.93914,48.83353,2842.05591,0.03444,62.41837,8.202575104494855,3.0556750491644373,0.0
14.55611,20.97395,48.83624,2837.47142,0.03831,62.43026,8.173017442687675,3.044664042432375,0.0
14.57368,21.00872,48.83919,2832.90263,0.04114,62.44215,8.143333815276874,3.0336061101986096,0.0
14.59121,21.04343,48.84231,2828.34986,0.04295,62.45404,8.113616772805775,3.0225357299756794,0.0
14.6087,21.0781,48.84553,2823.81336,0.04371,62.46594,8.083957148376316,3.01148673948402,0.0
14.62616,21.11271,48.84875,2819.29334,0.04344,62.47783,8.054443835489142,3.0004922538915504,0.0
14.64358,21.14728,48.85191,2814.78994,0.04213,62.48973,8.025163587045308,2.9895845909365186,0.0
14.66097,21.1818,48.85494,2810.30329,0.03979,62.50163,7.996200835216852,2.9787952038245544,0.0
14.67832,21.21627,48.85774,2805.83343,0.03643,62.51353,7.967637531644551,2.9681546216981243,0.0
14.69564,21.25069,48.86026,2801.38038,0.03206,62.52543,7.939553007314635,2.957692397436923,0.0
14.71293,21.28507,48.86242,2796.94411,0.02669,62.53733,7.91202385132695,2.947437062495822,0.0
14.73018,21.31939,48.86415,2792.52452,0.02035,62.54924,7.885123807602688,2.9374160884257874,0.0
14.74739,21.35367,48.86537,2788.12151,0.01304,62.56115,7.858923688536563,2.927655854707034,0.0
14.76458,21.3879,48.86603,2783.7349,0.00479,62.57306,7.833491304488743,2.9181816224829236,0.0
14.78172,21.42208,48.86605,2779.36447,-0.00439,62.58497,7.808891407944191,2.9090175137578447,0.0
14.79884,21.45622,48.86537,2775.00998,-0.01445,62.59688,7.785185651158364,2.9001864956191246,0.0
14.81592,21.49031,48.86393,2770.67114,-0.02539,62.6088,7.7624325560427065,2.8917103690185786,0.0
14.83297,21.52435,48.86167,2766.3476,-0.03717,62.62072,7.740687495069357,2.883609761659018,0.0
14.84998,21.55835,48.85853,2762.03901,-0.04976,62.63264,7.720002681941257,2.875904124518612,0.0
14.86696,21.5923,48.85445,2757.74495,-0.06312,62.64457,7.7004271708224215,2.8686117315641497,0.0
14.88391,21.6262,48.8494,2753.46499,-0.07723,62.6565,7.682006862930577,2.8617496822069675,0.0
14.90082,21.66005,48.8433,2749.19865,-0.09205,62.66843,7.664784519341362,2.855333906072853,0.0
14.91771,21.69386,48.83613,2744.94543,-0.10755,62.68036,7.648799778881958,2.8493791696678907,0.0
14.93456,21.72763,48.82783,2740.7048,-0.12368,62.6923,7.6340891800814346,2.843899084555547,0.0
14.95137,21.76135,48.81837,2736.47618,-0.14041,62.70424,7.620686186158981,2.8389061166654384,0.0
14.96815,21.79502,48.8077,2732.25898,-0.15769,62.71618,7.608621212131167,2.8344115963915057,0.0
14.98491,21.82865,48.7958,2728.05259,-0.17549,62.72812,7.597921653175639,2.830425729158232,0.0
15.00162,21.86223,48.78263,2723.85636,-0.19376,62.74007,7.58861191346648,2.8269576061625767,0.0
15.01831,21.89576,48.76816,2719.66961,-0.21246,62.75202,7.580713434762218,2.8240152150237567,0.0
15.03496,21.92925,48.75236,2715.49167,-0.23154,62.76398,7.574244724113906,2.82160545010524,0.0
15.05158,21.9627,48.73523,2711.32181,-0.25097,62.77594,7.569221380152954,2.819734122307651,0.0
15.06817,21.9961,48.71673,2707.15932,-0.27069,62.7879,7.565656117459112,2.818405968146488,0.0
15.08473,22.02946,48.69685,2703.00343,-0.29066,62.79986,7.563558788648363,2.817624657980442,0.0
15.10125,22.06277,48.67559,2698.85338,-0.31083,62.81183,7.562936403849285,2.817392803266855,0.0
15.11775,22.09603,48.65293,2694.7084,-0.33116,62.8238,7.56379314734122,2.817711962759879,0.0
15.13421,22.12925,48.62886,2690.56769,-0.3516,62.83577,7.566130391229931,2.818582647605012,0.0
15.15064,22.16243,48.60339,2686.43044,-0.3721,62.84774,7.56994670604975,2.82000432528868,0.0
15.16703,22.19556,48.57652,2682.29584,-0.39262,62.85972,7.575237868369359,2.8219754224715943,0.0
15.1834,22.22864,48.54826,2678.16307,-0.4131,62.8717,7.581996865436247,2.8244933267189256,0.0
15.19973,22.26169,48.5186,2674.03129,-0.4335,62.88369,7.590213897069068,2.827554387205266,0.0
15.21603,22.29468,48.48757,2669.89967,-0.45378,62.89567,7.599876375030319,2.8311539144809275,0.0
15.2323,22.32763,48.45517,2665.76736,-0.47388,62.90766,7.610968920212298,2.8352861794236444,0.0
15.24854,22.36054,48.42143,2661.63352,-0.49376,62.91965,7.623473358024233,2.8399444115201504,0.0
15.26474,22.3934,48.38637,2657.49731,-0.51338,62.93165,7.637368712460119,2.8451207966562966,0.0
15.28092,22.42622,48.35,2653.35788,-0.53268,62.94364,7.652631199378489,2.8508064746135893,0.0
15.29706,22.45899,48.31237,2649.21439,-0.55163,62.95564,7.669234219598304,2.856991536497224,0.0
15.31317,22.49172,48.2735,2645.06601,-0.57017,62.96764,7.687148352476619,2.8636650223436,0.0
15.32925,22.5244,48.23342,2640.9119,-0.58828,62.97964,7.706341350698859,2.87081491917956,0.0
15.34529,22.55703,48.19217,2636.75124,-0.60589,62.99165,7.7267781370543105,2.878428159821178,0.0
15.36131,22.58962,48.14978,2632.58322,-0.62298,63.00366,7.748420804028838,2.886490622722029,0.0
15.37729,22.62217,48.10631,2628.40703,-0.63951,63.01566,7.771228617075132,2.894987133191452,0.0
15.39324,22.65467,48.06179,2624.2219,-0.65542,63.02767,7.795158022505479,2.903901466334806,0.0
15.40916,22.68712,48.01627,2620.02705,-0.67069,63.03968,7.820162660898433,2.913216352047814,0.0
15.42505,22.71953,47.9698,2615.82171,-0.68528,63.0517,7.846193387014986,2.9229134824358547,0.0
15.4409,22.75189,47.92243,2611.60517,-0.69916,63.06371,7.873198297182303,2.93297352201513,0.0
15.45673,22.78421,47.87421,2607.37669,-0.71229,63.07572,7.901122765133868,2.943376121064059,0.0
15.47252,22.81647,47.82521,2603.1356,-0.72464,63.08774,7.929909487252098,2.9540999324773436,0.0
15.48827,22.8487,47.77547,2598.88123,-0.73617,63.09976,7.95949853819724,2.9651226324891953,0.0
15.504,22.88087,47.72505,2594.61293,-0.74688,63.11177,7.989827437807355,2.9764209455953385,0.0
15.51969,22.913,47.67403,2590.33009,-0.75671,63.12379,8.020831230161834,2.9879706740062546,0.0
15.53536,22.94508,47.62245,2586.03214,-0.76567,63.1358,8.052442575621205,2.9997467319344264,0.0
15.55099,22.97712,47.57038,2581.71853,-0.77371,63.14782,8.084591856583435,3.011723184991349,0.0
15.56658,23.0091,47.51788,2577.38875,-0.78082,63.15984,8.117207297608626,3.0238732949371356,0.0
15.58215,23.04104,47.46503,2573.04231,-0.78699,63.17185,8.150215100486445,3.036169569996685,0.0
15.59768,23.07293,47.41188,2568.67878,-0.79221,63.18386,8.183539594660765,3.0485838208968317,0.0
15.61318,23.10478,47.3585,2564.29776,-0.79645,63.19588,8.217103403339284,3.0610872227465356,0.0
15.62864,23.13657,47.30497,2559.89888,-0.79971,63.20789,8.250827625459559,3.0736503828240265,0.0
15.64408,23.16832,47.25134,2555.48184,-0.80198,63.2199,8.284632033499971,3.0862434142665855,0.0
15.65948,23.20001,47.19769,2551.04637,-0.80326,63.23191,8.318435287010692,3.098836015616458,0.0
15.67484,23.23166,47.14407,2546.59222,-0.80354,63.24392,8.352155161515482,3.111397556092787,0.0
15.69018,23.26326,47.09057,2542.11922,-0.80284,63.25592,8.385708792258532,3.1238971663937316,0.0
15.70548,23.29481,47.03724,2537.62724,-0.80114,63.26793,8.41901293211412,3.1363038347745964,0.0
15.72074,23.3263,46.98415,2533.11619,-0.79846,63.27993,8.451984222733065,3.148586508057021,0.0
15.73598,23.35775,46.93136,2528.58603,-0.79481,63.29192,8.484539477831444,3.1607141971614814,0.0
15.75118,23.38915,46.87894,2524.03677,-0.7902,63.30392,8.5165959773284,3.1726560866813616,0.0
15.76634,23.4205,46.82695,2519.46847,-0.78465,63.31591,8.548071770843,3.1843816479435207,0.0
15.78148,23.45179,46.77545,2514.88124,-0.77817,63.3279,8.57888598888537,3.195860754935175,0.0
15.79658,23.48304,46.72451,2510.27524,-0.77079,63.33989,8.608959159904705,3.2070638024126294,0.0
15.81164,23.51423,46.67416,2505.65068,-0.76252,63.35187,8.638213531183304,3.217961825442742,0.0
15.82667,23.54537,46.62449,2501.00783,-0.7534,63.36385,8.666573391453063,3.2285266195860594,0.0
15.84167,23.57646,46.57553,2496.34698,-0.74345,63.37582,8.693965392971121,3.2387308608784724,0.0
15.85663,23.6075,46.52733,2491.66849,-0.73271,63.38779,8.720318870699884,3.2485482247341677,0.0
15.87156,23.63848,46.47995,2486.97276,-0.72121,63.39975,8.745566156171275,3.2579535028683217,0.0
15.88646,23.66941,46.43343,2482.26025,-0.70898,63.41171,8.769642883567517,3.2669227173202455,0.0
15.90132,23.70029,46.38782,2477.53145,-0.69607,63.42367,8.792488285532833,3.2754332306510285,0.0
15.91614,23.73112,46.34315,2472.78688,-0.68252,63.43562,8.814045476275062,3.2834638514063337,0.0
15.93094,23.76189,46.29947,2468.02713,-0.66837,63.44756,8.834261719525523,3.2909949339385034,0.0
15.94569,23.79261,46.2568,2463.25282,-0.65366,63.4595,8.853088679058136,3.29800847173152,0.0
15.96042,23.82327,46.21517,2458.46459,-0.63845,63.47144,8.8704826495275,3.304488183394265,0.0
15.9751,23.85389,46.17462,2453.66315,-0.62277,63.48336,8.886404765598996,3.3104195905669846,0.0
15.98976,23.88444,46.13517,2448.8492,-0.60669,63.49529,8.900821187455923,3.3157900870275783,0.0
16.00437,23.91494,46.09684,2444.02351,-0.59026,63.5072,8.913703261012635,3.3205889983752086,0.0
16.01896,23.94539,46.05964,2439.18685,-0.57352,63.51911,8.925027651366648,3.3248076317447213,0.0
16.03351,23.97579,46.0236,2434.34003,-0.55653,63.53102,8.934776448302765,3.3284393151097094,0.0
16.04802,24.00612,45.98871,2429.48387,-0.53934,63.54292,8.942937242878509,3.331479425812602,0.0
16.0625,24.03641,45.95499,2424.61923,-0.52202,63.55481,8.949503174456124,3.3339254080853205,0.0
16.07694,24.06663,45.92244,2419.74696,-0.50461,63.56669,8.954472947780365,3.3357767794112068,0.0
16.09135,24.09681,45.89106,2414.86795,-0.48718,63.57857,8.957850820047964,3.3370351257080557,0.0
16.10572,24.12692,45.86084,2409.98308,-0.46977,63.59044,8.959646558158635,3.3377040854029945,0.0
16.12006,24.15698,45.83178,2405.09325,-0.45245,63.60231,8.959875366660423,3.3377893225902238,0.0
16.13437,24.18699,45.80386,2400.19935,-0.43527,63.61416,8.958557787169193,3.337298489562138,0.0
16.14864,24.21694,45.77707,2395.30228,-0.41829,63.62602,8.955719570309391,3.336241179103882,0.0
16.16287,24.24684,45.75139,2390.40294,-0.40156,63.63786,8.951391521464602,3.3346288670313786,0.0
16.17707,24.27667,45.7268,2385.50223,-0.38513,63.6497,8.945609321869785,3.3324748455434823,0.0
16.19123,24.30646,45.70328,2380.60103,-0.36906,63.66153,8.93841332678795,3.329794148037473,0.0
16.20536,24.33618,45.68079,2375.70021,-0.35339,63.67335,8.929848342645675,3.3266034660861794,0.0
16.21945,24.36585,45.65931,2370.80064,-0.33819,63.68517,8.919963385219226,3.3229210593559446,0.0
16.23351,24.39547,45.6388,2365.90316,-0.32349,63.69697,8.908811421032102,3.3187666592704037,0.0
16.24754,24.42503,45.61922,2361.00859,-0.30934,63.70878,8.89644909424546,3.3141613672699854,0.0
16.26153,24.45453,45.60054,2356.11775,-0.2958,63.72057,8.882936441349846,3.3091275485270737,0.0
16.27548,24.48398,45.58272,2351.23141,-0.28289,63.73236,8.868336596045502,3.3036887220061555,0.0
16.2894,24.51337,45.5657,2346.35033,-0.27066,63.74414,8.852715486626394,3.2978694477314128,0.0
16.30329,24.5427,45.54945,2341.47524,-0.25916,63.75591,8.836141528245447,3.291695212147419,0.0
16.31714,24.57198,45.53391,2336.60685,-0.24841,63.76768,8.818685312278689,3.285192312399117,0.0
16.33095,24.60121,45.51904,2331.74581,-0.23845,63.77944,8.800419295016,3.2783877403609267,0.0
16.34474,24.63037,45.50478,2326.89277,-0.22931,63.79119,8.78141748775015,3.2713090671867584,0.0
16.35848,24.65949,45.49108,2322.04833,-0.22102,63.80294,8.761755150234723,3.263984329115026,0.0
16.3722,24.68854,45.47789,2317.21305,-0.21361,63.81467,8.741508489330084,3.256441915206338,0.0
16.38587,24.71754,45.46515,2312.38746,-0.2071,63.82641,8.720754364534695,3.2487104576461667,0.0
16.39952,24.74649,45.4528,2307.57206,-0.2015,63.83813,8.699570001883153,3.24081872516434,0.0
16.41313,24.77538,45.44078,2302.76731,-0.19685,63.84985,8.678032717585156,3.232795520083281,0.0
16.42671,24.80422,45.42904,2297.9736,-0.19315,63.86156,8.656219652556338,3.2246695794237636,0.0
16.44025,24.833,45.41752,2293.19133,-0.19041,63.87327,8.634207518843102,3.216469480441488,0.0
16.45376,24.86172,45.40616,2288.42083,-0.18864,63.88497,8.612072358747453,3.2082235508947448,0.0
16.46723,24.89039,45.3949,2283.66239,-0.18786,63.89666,8.58988931730309,3.199959784285771,0.0
16.48068,24.91901,45.38368,2278.91627,-0.18806,63.90835,8.567732428581397,3.1917057602541115,0.0
16.49408,24.94757,45.37244,2274.18268,-0.18925,63.92003,8.545674416121976,3.18348857023174,0.0
16.50746,24.97607,45.36113,2269.4618,-0.19142,63.9317,8.523786507685188,3.1753347484335053,0.0
16.5208,25.00453,45.34968,2264.75376,-0.19457,63.94337,8.502138264296015,3.1672702081714736,0.0
16.53411,25.03293,45.33803,2260.05865,-0.19869,63.95503,8.480797423514241,3.159320183468948,0.0
16.54738,25.06127,45.32615,2255.37654,-0.20378,63.96669,8.459829756668011,3.15150917587621,0.0
16.56063,25.08956,45.31395,2250.70744,-0.20981,63.97834,8.439298939718153,3.143860906364082,0.0
16.57383,25.1178,45.3014,2246.05132,-0.21679,63.98998,8.419266437318965,3.1363982721335244,0.0
16.58701,25.14598,45.28844,2241.40812,-0.22468,64.00162,8.399791399562186,3.1291433081500415,0.0
16.60016,25.17411,45.27502,2236.77776,-0.23347,64.01326,8.38093057080589,3.1221171531800493,0.0
16.61327,25.20218,45.26108,2232.16009,-0.24314,64.02489,8.362738209955324,3.1153400200933916,0.0
16.62635,25.23021,45.24658,2227.55495,-0.25367,64.03651,8.345266021510648,3.108831170176804,0.0
16.63939,25.25818,45.23148,2222.96213,-0.26502,64.04813,8.328563096640414,3.1026088911822383,0.0
16.65241,25.28609,45.21572,2218.3814,-0.27718,64.05974,8.312675863572315,3.096690478846112,0.0
16.66539,25.31396,45.19927,2213.81248,-0.2901,64.07135,8.297648046520345,3.0910922215885894,0.0
16.67834,25.34177,45.18208,2209.25509,-0.30377,64.08295,8.283520632413925,3.0858293881193113,0.0
16.69126,25.36953,45.16412,2204.70889,-0.31814,64.09454,8.27033184466899,3.080916217666432,0.0
16.70414,25.39723,45.14534,2200.17351,-0.33318,64.10614,8.258117123287644,3.0763659125632183,0.0
16.717,25.42489,45.12572,2195.64857,-0.34885,64.11772,8.246909110569764,3.072190632925245,0.0
16.72982,25.45249,45.10523,2191.13366,-0.36512,64.1293,8.23673764176985,3.0684014931698256,0.0
16.74261,25.48004,45.08383,2186.62833,-0.38195,64.14088,8.227629740057699,3.065008560138734,0.0
16.75537,25.50754,45.06149,2182.13212,-0.39929,64.15245,8.219609615189238,3.0620208526030464,0.0
16.7681,25.53498,45.0382,2177.64454,-0.41711,64.16402,8.212698665343293,3.059446341947398,0.0
16.78079,25.56237,45.01392,2173.16508,-0.43536,64.17558,8.206915481606163,3.0572919538405947,0.0
16.79346,25.58972,44.98865,2168.69321,-0.454,64.18714,8.202275854694582,3.0555635707400994,0.0
16.80609,25.61701,44.96237,2164.22838,-0.47298,64.19869,8.198792783485546,3.0542660350696145,0.0
16.81869,25.64424,44.93505,2159.77003,-0.49226,64.21024,8.196476485057536,3.053403152959701,0.0
16.83126,25.67143,44.9067,2155.31755,-0.51179,64.22178,8.195334405944278,3.0529776984401025,0.0
16.8438,25.69856,44.87729,2150.87037,-0.53153,64.23332,8.195371234411365,3.0529914180131072,0.0
16.85631,25.72565,44.84684,2146.42787,-0.55142,64.24485,8.19658891358025,3.0534450355425844,0.0
16.86879,25.75268,44.81532,2141.98941,-0.57143,64.25638,8.198986655337901,3.054338257435692,0.0
16.88124,25.77966,44.78275,2137.55437,-0.59151,64.26791,8.202560954976557,3.055669778096575,0.0
16.89365,25.80659,44.74912,2133.12209,-0.6116,64.27942,8.207305606606155,3.0574372856678984,0.0
16.90604,25.83347,44.71444,2128.69193,-0.63166,64.29094,8.213211719422551,3.059637468091186,0.0
16.91839,25.86029,44.67872,2124.26323,-0.65165,64.30245,8.220267734968244,3.0622660195368994,0.0
16.93071,25.88707,44.64197,2119.83532,-0.67151,64.31395,8.228459445607108,3.065317647286755,0.0
16.943,25.91379,44.60419,2115.40754,-0.6912,64.32545,8.237770014418027,3.068786079144631,0.0
16.95527,25.94046,44.56542,2110.97922,-0.71068,64.33694,8.248179996848414,3.072664071503073,0.0
16.9675,25.96708,44.52565,2106.54968,-0.72989,64.34843,8.259667364442118,3.0769434181825597,0.0
16.9797,25.99365,44.48492,2102.11826,-0.7488,64.35991,8.272207531019971,3.0816149601844507,0.0
16.99187,26.02017,44.44324,2097.6843,-0.76736,64.37139,8.285773381772675,3.0866685965288485,0.0
17.004,26.04663,44.40065,2093.24714,-0.78553,64.38286,8.300335305649284,3.0920932963201624,0.0
17.01611,26.07304,44.35716,2088.80613,-0.80326,64.39432,8.315861231584577,3.097877112242756,0.0
17.02819,26.09941,44.31281,2084.36062,-0.82052,64.40578,8.33231666902275,3.1040071956570916,0.0
17.04023,26.12571,44.26762,2079.90998,-0.83726,64.41724,8.349664753261633,3.1104698134916435,0.0
17.05225,26.15197,44.22164,2075.45358,-0.85345,64.42868,8.367866296148694,3.11725036712849,0.0
17.06423,26.17818,44.17489,2070.99081,-0.86905,64.44013,8.38687984263498,3.124333413471148,0.0
17.07619,26.20433,44.12742,2066.52108,-0.88402,64.45156,8.406661733716769,3.131702688391994,0.0
17.08811,26.23043,44.07926,2062.04381,-0.89834,64.46299,8.427166176258677,3.139341132743208,0.0
17.1,26.25648,44.03044,2057.55844,-0.91196,64.47441,8.448345320192903,3.1472309211155225,0.0
17.11187,26.28248,43.98102,2053.06442,-0.92487,64.48583,8.47014934352744,3.1553534935060186,0.0
17.1237,26.30842,43.93104,2048.56124,-0.93702,64.49724,8.492526545598363,3.163689590057059,0.0
17.1355,26.33431,43.88054,2044.04839,-0.9484,64.50864,8.515423448919421,3.1722192889979373,0.0
17.14726,26.36015,43.82956,2039.5254,-0.95898,64.52004,8.538784909938576,3.1809220479046063,0.0
17.159,26.38593,43.77815,2034.99183,-0.96874,64.53142,8.562554238962568,3.1897767483747286,0.0
17.17071,26.41166,43.72636,2030.44724,-0.97766,64.5428,8.586673329415808,3.1987617441800245,0.0
17.18239,26.43734,43.67423,2025.89126,-0.98572,64.55418,8.611082796533863,3.207854912933233,0.0
17.19403,26.46296,43.62182,2021.3235,-0.99291,64.56554,8.635722125507053,3.21703371127551,0.0
17.20564,26.48853,43.56917,2016.74364,-0.99922,64.5769,8.660529828981101,3.226275233549555,0.0
17.21723,26.51405,43.51633,2012.15138,-1.00463,64.58825,8.685443613749424,3.2355562738968846,0.0
17.22878,26.53951,43.46334,2007.54644,-1.00915,64.59959,8.710400556337023,3.2448533916674442,0.0
17.2403,26.56492,43.41027,2002.92859,-1.01275,64.61092,8.7353372870921,3.2541429799985857,0.0
17.25179,26.59028,43.35716,1998.29764,-1.01546,64.62224,8.76019018227253,3.263401337372323,0.0
17.26325,26.61557,43.30405,1993.65341,-1.01725,64.63356,8.784895563538857,3.2726047419317332,0.0
17.27467,26.64082,43.25099,1988.99577,-1.01815,64.64487,8.809389904085071,3.2817295282700853,0.0
17.28607,26.66601,43.19803,1984.32464,-1.01815,64.65616,8.833610040609498,3.2907521663955803,0.0
17.29743,26.69114,43.14522,1979.63996,-1.01727,64.66745,8.857493390163961,3.299649342513365,0.0
17.30876,26.71622,43.09261,1974.94171,-1.01551,64.67873,8.880978170849028,3.308398041240321,0.0
17.32006,26.74124,43.04023,1970.22992,-1.01289,64.69,8.904003625195994,3.316975628820731,0.0
17.33133,26.76621,42.98814,1965.50463,-1.00943,64.70125,8.92651024504017,3.325359936897495,0.0
17.34257,26.79112,42.93637,1960.76595,-1.00515,64.7125,8.94843999655544,3.3335293463434224,0.0
17.35377,26.81598,42.88496,1956.014,-1.00007,64.72374,8.969736544114278,3.3414628706549796,0.0
17.36495,26.84078,42.83396,1951.24896,-0.99422,64.73497,8.990345471510528,3.3491402383635975,0.0
17.37609,26.86552,42.7834,1946.47103,-0.98762,64.74619,9.01021449913695,3.35654197394002,0.0
17.3872,26.8902,42.73332,1941.68046,-0.98031,64.75739,9.029293695606729,3.363649476628884,0.0
17.39828,26.91483,42.68376,1936.87752,-0.97231,64.76859,9.047535682345098,3.3704450966644846,0.0
17.40932,26.9394,42.63473,1932.06252,-0.96367,64.77977,9.064895829671444,3.376912208316516,0.0
17.42034,26.96392,42.58628,1927.23581,-0.95441,64.79095,9.081332442930288,3.383035279228758,0.0
17.43132,26.98837,42.53844,1922.39777,-0.94458,64.80211,9.09680693726535,3.3887999355270186,0.0
17.44227,27.01277,42.49122,1917.5488,-0.93423,64.81326,9.11128399970856,3.394193022201552,0.0
17.45319,27.03712,42.44465,1912.68934,-0.92338,64.8244,9.124731737307114,3.3992026582882846,0.0
17.46407,27.0614,42.39875,1907.81986,-0.91209,64.83552,9.137121810143697,3.4038182864223483,0.0
17.47493,27.08563,42.35355,1902.94084,-0.9004,64.84664,9.148429548188476,3.408030716368523,0.0
0.04753,0.04753,53.98028,5022.18854,-0.37718,45.00009,12.41922694987898,4.626488808357312,0.0
0.095,0.095,53.93884,5015.31644,-0.2535,45.00022,12.45767135756886,4.640810361755037,0.0
0.14241,0.14241,53.91371,5008.39959,-0.12943,45.00037,12.46732115861791,4.6444051665473545,0.0
0.18975,0.18975,53.90488,5001.45402,-0.00546,45.00055,12.448234607094694,4.637294923907563,0.0
0.23702,0.23703,53.91224,4994.4958,0.1179,45.00077,12.400781836404784,4.61961751826803,0.0
0.28423,0.28423,53.93565,4987.54082,0.24018,45.00101,12.325634214037875,4.591623051683413,0.0
0.33137,0.33138,53.97488,4980.60463,0.36091,45.00129,12.22374681368837,4.553667314234376,0.0
0.37844,0.37846,54.02967,4973.70231,0.47963,45.00159,12.096334761215845,4.506202972275498,0.0
0.42545,0.42547,54.09967,4966.84827,0.5959,45.00192,11.944844428876065,4.449768837528396,0.0
0.47239,0.47241,54.1845,4960.05621,0.70933,45.00229,11.77092061081012,4.3849776390877615,0.0
0.51927,0.51929,54.28373,4953.33892,0.81953,45.00269,11.576370905628913,4.312502754996942,0.0
0.56608,0.56611,54.39688,4946.70826,0.92615,45.00311,11.363128558356923,4.233064369894292,0.0
0.61282,0.61286,54.52342,4940.17507,1.02888,45.00357,11.133214977825352,4.1474155117559,0.0
0.6595,0.65955,54.66281,4933.74909,1.12743,45.00406,10.888703054841804,4.05632838694864,0.0
0.70612,0.70618,54.81445,4927.43901,1.22156,45.00459,10.631682271877198,3.9605813826705214,0.0
0.75268,0.75275,54.97774,4921.25237,1.31107,45.00514,10.364226429331572,3.8609470441355325,0.0
0.79917,0.79926,55.15204,4915.19563,1.39577,45.00573,10.088364629344891,3.7581812652796973,0.0
0.84561,0.8457,55.3367,4909.27418,1.47553,45.00636,9.806055968566696,3.653013861151907,0.0
0.89198,0.8921,55.53106,4903.49235,1.55024,45.00702,9.51916820661649,3.5461406213541404,0.0
0.9383,0.93843,55.73444,4897.85349,1.61983,45.00771,9.229460506722623,3.4382168804753275,0.0
0.98456,0.98471,55.94618,4892.36003,1.68425,45.00844,8.938570195253574,3.329852585668376,0.0
1.03077,1.03094,56.1656,4887.0135,1.74349,45.00921,8.648003362159363,3.221608795067279,0.0
1.07692,1.07712,56.39202,4881.81465,1.79756,45.01002,8.359129026459238,3.1139955042777663,0.0
1.12302,1.12324,56.62478,4876.76349,1.84648,45.01086,8.073176519915698,3.0074706717270336,0.0
1.16906,1.16933,56.86302,4871.85972,1.88727,45.04084,7.791450149396438,2.902520186041676,11.999999795302069
1.21503,1.2154,57.10591,4867.10227,1.92315,45.06986,7.515079078390852,2.7995646903315725,11.999999795302069
1.26092,1.26144,57.35282,4862.48917,1.95423,45.09795,7.244822766310424,2.69888710321008,11.999999795302069
1.30675,1.30746,57.60316,4858.01801,1.98061,45.12512,6.981320236509939,2.6007254776905735,11.999999795302069
1.35252,1.35346,57.85632,4853.68604,2.0024,45.1514,6.725096561697783,2.505275417172421,11.999999795302069
1.39822,1.39944,58.11175,4849.49022,2.01974,45.17682,6.476571269133598,2.4126932065982656,11.999999795302069
1.44386,1.44539,58.36889,4845.42726,2.03274,45.2014,6.236067159705978,2.3230990977925092,11.999999795302069
1.48944,1.49133,58.62719,4841.49368,2.04156,45.22517,6.003819296988562,2.23658065812123,11.999999795302069
1.53496,1.53725,58.88614,4837.68586,2.04632,45.24816,5.779983962420638,2.153196106532574,11.999999795302069
1.58043,1.58314,59.14525,4834.00009,2.04718,45.27041,5.564647411166593,2.072977575344785,11.999999795302069
1.62584,1.62903,59.40403,4830.43256,2.04428,45.29193,5.357834298719147,1.9959342493776253,11.999999795302069
1.67121,1.67489,59.66203,4826.97945,2.03776,45.31277,5.159515680489335,1.9220553460101297,11.999999795302069
1.71652,1.72074,59.9188,4823.63692,2.02777,45.33294,4.969616514878555,1.851312910272354,11.999999795302069
1.76179,1.76657,60.17393,4820.40117,2.01446,45.35249,4.788022624763032,1.7836644081815118,11.999999795302069
1.807,1.81238,60.42701,4817.2684,1.99797,45.37144,4.614587092818458,1.7190551091686703,11.999999795302069
1.85218,1.85818,60.67765,4814.23489,1.97843,45.38982,4.44913608299766,1.6574202547323562,11.999999795302069
1.89731,1.90397,60.9255,4811.29697,1.95598,45.40766,4.291474094013147,1.5986870154990307,11.999999795302069
1.94239,1.94974,61.17019,4808.45108,1.93076,45.42498,4.141388661183218,1.5427762427844784,11.999999795302069
1.98744,1.9955,61.41141,4805.69372,1.9029,45.44182,3.9986545308704464,1.4896040236819772,11.999999795302069
2.03245,2.04125,61.64882,4803.0215,1.87252,45.4582,3.8630373373828877,1.4390830508047459,11.999999795302069
2.07741,2.08699,61.88214,4800.43112,1.83974,45.47415,3.7342968158968652,1.3911238191842163,11.999999795302069
2.12235,2.13271,62.11107,4797.9194,1.80469,45.48969,3.612189587119155,1.3456356636299682,11.999999795302069
2.16724,2.17842,62.33534,4795.48325,1.76747,45.50484,3.496471550288283,1.3025276501856757,11.999999795302069
2.2121,2.22413,62.55471,4793.11971,1.72821,45.51963,3.386899920982904,1.2617093352663435,11.999999795302069
2.25693,2.26982,62.76892,4790.82591,1.68699,45.53408,3.283234949350171,1.2230914057435895,11.999999795302069
2.30172,2.3155,62.97775,4788.59908,1.64393,45.5482,3.1852413528986507,1.1865862126986988,11.999999795302069
2.34648,2.36118,63.18098,4786.43659,1.59913,45.56204,3.092689496184956,1.1521082108869376,11.999999795302069
2.39121,2.40684,63.3784,4784.33586,1.55267,45.57559,3.005356347612491,1.1195743151702602,11.999999795302069
2.43591,2.4525,63.56982,4782.29445,1.50465,45.58888,2.9230262413177397,1.0889041843399956,11.999999795302069
2.48058,2.49815,63.75506,4780.31001,1.45516,45.60193,2.8454914698121594,1.060020441891549,11.999999795302069
2.52522,2.54379,63.93395,4778.38027,1.40427,45.61476,2.772552730741998,1.0328488424541877,11.999999795302069
2.56983,2.58943,64.10632,4776.50305,1.35207,45.62737,2.7040194488893414,1.0073183917449025,11.999999795302069
2.61442,2.63506,64.27202,4774.67627,1.29863,45.6398,2.639709992376556,0.9833614271102525,11.999999795302069
2.65898,2.68068,64.4309,4772.8979,1.24404,45.65205,2.579451800009991,0.9609136649652448,11.999999795302069
2.70351,2.7263,64.58284,4771.16602,1.18835,45.66414,2.5230814348040833,0.9399142207324707,11.999999795302069
2.74802,2.77191,64.72771,4769.47877,1.13164,45.67608,2.4704445769600154,0.9203056062264731,11.999999795302069
2.7925,2.81752,64.86539,4767.83433,1.07397,45.68789,2.42139596798371,0.9020337088362266,11.999999795302069
2.83695,2.86312,64.99577,4766.23099,1.01541,45.69958,2.375799316157255,0.8850477563107585,11.999999795302069
2.88139,2.90871,65.11875,4764.66705,0.95601,45.71115,2.3335271722561766,0.8693002704605612,11.999999795302069
2.9258,2.95431,65.23423,4763.14091,0.89583,45.72264,2.294460783239966,0.8547470126534645,11.999999795302069
2.97018,2.9999,65.34213,4761.65098,0.83494,45.73404,2.258489930567898,0.841346923583024,11.999999795302069
3.01455,3.04548,65.44237,4760.19574,0.77338,45.74536,2.225512758870325,0.8290620594440701,11.999999795302069
3.05889,3.09107,65.53486,4758.7737,0.71121,45.75663,2.1954355998726074,0.8178575263397386,11.999999795302069
3.10321,3.13665,65.61955,4757.38342,0.64847,45.76784,2.168172795739533,0.8077014144726201,11.999999795302069
3.1475,3.18222,65.69637,4756.02347,0.58523,45.77901,2.143646525385467,0.7985647334407191,11.999999795302069
3.19178,3.2278,65.76527,4754.69247,0.52152,45.79015,2.121786636712133,0.7904213497416153,11.999999795302069
3.23603,3.27337,65.82619,4753.38905,0.4574,45.80128,2.1025304872826522,0.7832479274193492,11.999999795302069
3.28027,3.31894,65.87909,4752.11188,0.3929,45.81239,2.085822795494088,0.7770238726222807,11.999999795302069
3.32448,3.36451,65.92394,4750.85963,0.32809,45.82349,2.0716155039635518,0.7717312827108179,11.999999795302069
3.36867,3.41008,65.96069,4749.63099,0.26299,45.83461,2.059867656517386,0.7673549004326518,11.999999795302069
3.41285,3.45565,65.98933,4748.42467,0.19766,45.84574,2.0505452898968395,0.7638820735802699,11.999999795302069
3.457,3.50122,66.00983,4747.23936,0.13213,45.8569,2.043621341059117,0.76130272045816,11.999999795302069
3.50113,3.54678,66.02217,4746.07378,0.06646,45.8681,2.039075570737066,0.7596093014067805,11.999999795302069
3.54525,3.59235,66.02634,4744.92663,0.00068,45.87934,2.036894503727343,0.7587967965583319,11.999999795302069
3.58934,3.63791,66.02234,4743.79661,-0.06517,45.89063,2.0370713862211707,0.7588626899413412,11.999999795302069
3.63341,3.68348,66.01016,4742.68243,-0.13104,45.90198,2.0396061603103153,0.7598069599834679,11.999999795302069
3.67747,3.72905,65.9898,4741.58275,-0.19689,45.9134,2.044505455673268,0.761632076414387,11.999999795302069
3.72151,3.77461,65.96128,4740.49626,-0.26268,45.92491,2.0517825982824625,0.7643430035094575,11.999999795302069
3.76552,3.82018,65.92461,4739.42158,-0.32836,45.9365,2.0614576358298935,0.7679472095614341,11.999999795302069
3.80952,3.86575,65.8798,4738.35735,-0.39389,45.94819,2.0735573794098063,0.7724546824083659,11.999999795302069
3.8535,3.91132,65.82689,4737.30215,-0.45924,45.95998,2.088115460836049,0.7778779507858168,11.999999795302069
3.89746,3.95689,65.7659,4736.25455,-0.52434,45.97189,2.1051724047698808,0.7842321111963746,11.999999795302069
3.9414,4.00246,65.69687,4735.21308,-0.58917,45.98393,2.124775714650595,0.7915348599210661,11.999999795302069
3.98532,4.04804,65.61984,4734.17622,-0.65367,45.9961,2.14697997116937,0.79980652970346,11.999999795302069
4.02922,4.09361,65.53486,4733.14242,-0.7178,46.00841,2.1718469417781567,0.8090701305446077,11.999999795302069
4.0731,4.13919,65.44198,4732.11006,-0.7815,46.02088,2.199445699404416,0.8193513939274062,11.999999795302069
4.11696,4.18477,65.34125,4731.0775,-0.84474,46.03352,2.2298527482151616,0.8306788196670138,11.999999795302069
4.16081,4.23035,65.23275,4730.04301,-0.90745,46.04633,2.263152153859065,0.8430837244294613,11.999999795302069
4.20463,4.27594,65.11654,4729.00481,-0.96959,46.05934,2.299435675168141,0.8566002907939941,11.999999795302069
4.24843,4.32153,64.99271,4727.96107,-1.03111,46.07253,2.3388028937855667,0.8712656155428466,11.999999795302069
4.29221,4.36712,64.86133,4726.90986,-1.09194,46.08594,2.3813613375803775,0.8871197556364631,11.999999795302069
4.33598,4.41271,64.7225,4725.8492,-1.15203,46.09958,2.4272265930508,0.9042057700866963,11.999999795302069
4.37972,4.45831,64.57632,4724.777,-1.21132,46.11345,2.476522401158669,0.9225697556576506,11.999999795302069
4.42344,4.50391,64.42289,4723.69111,-1.26975,46.12756,2.5293807301856845,0.9422608740065538,11.999999795302069
4.46714,4.54951,64.26233,4722.58927,-1.32725,46.14194,2.5859418182483065,0.9633313675216745,11.999999795302069
4.51082,4.59511,64.09477,4721.46914,-1.38376,46.1566,2.646354177061755,0.9858365607245098,11.999999795302069
4.55447,4.64072,63.92033,4720.32827,-1.43921,46.17155,2.710774547370087,1.009834843666318,11.999999795302069
4.5981,4.68634,63.73914,4719.16408,-1.49353,46.1868,2.779367795188599,1.0353876332756842,11.999999795302069
4.64171,4.73195,63.55138,4717.97392,-1.54663,46.20238,2.8523067366166583,1.062559308096687,11.999999795302069
4.6853,4.77757,63.35718,4716.75498,-1.59845,46.2183,2.9297718774881787,1.0914171113018538,11.999999795302069
4.72886,4.82319,63.15672,4715.50436,-1.6489,46.23458,3.011951052533124,1.1220310162703253,11.999999795302069
4.7724,4.86882,62.95018,4714.21901,-1.69789,46.25123,3.0990389470581987,1.1544735484013278,11.999999795302069
4.81591,4.91445,62.73774,4712.89575,-1.74534,46.26828,3.1912364824228514,1.1888195561878152,11.999999795302069
4.8594,4.96008,62.51962,4711.53129,-1.79115,46.28574,3.2887500448264255,1.2251459239193898,11.999999795302069
4.90286,5.00572,62.29602,4710.12216,-1.83524,46.30364,3.391790535186562,1.2635312177370108,11.999999795302069
4.9463,5.05136,62.06717,4708.66477,-1.87749,46.32199,3.5005722162127793,1.3040552561375642,11.999999795302069
4.9897,5.097,61.8333,4707.15539,-1.91781,46.34082,3.61531133125665,1.3467985954592172,11.999999795302069
5.03308,5.14265,61.59467,4705.59011,-1.95609,46.36016,3.7362244682242185,1.3918419203957406,11.999999795302069
5.07643,5.18829,61.35153,4703.96491,-1.99221,46.38002,3.8635266408750875,1.4392653292299402,11.999999795302069
5.11974,5.23395,61.10418,4702.2756,-2.02607,46.40043,3.9974290593512984,1.4891475032969985,11.999999795302069
5.16303,5.2796,60.8529,4700.51785,-2.05754,46.42142,4.138136561909261,1.5415647502370475,11.999999795302069
5.20628,5.32526,60.59799,4698.68719,-2.0865,46.44302,4.285844680765459,1.5965899109454902,11.999999795302069
5.2495,5.37092,60.33979,4696.779,-2.11283,46.46524,4.44073631688837,1.6542911208454982,11.999999795302069
5.29269,5.41658,60.07864,4694.78855,-2.13639,46.48812,4.602978001730658,1.7147304172848947,11.999999795302069
5.33584,5.46225,59.81487,4692.71098,-2.15706,46.51169,4.772715728493949,1.7779621865725983,11.999999795302069
5.37895,5.50792,59.54888,4690.5413,-2.17469,46.53598,4.950070341837742,1.844031446523886,11.999999795302069
5.42202,5.55359,59.28104,4688.27447,-2.18915,46.56101,5.135132483226886,1.9129719634693356,11.999999795302069
5.46505,5.59926,59.01176,4685.90534,-2.20031,46.58681,5.327957099597993,1.9848042065885751,11.999999795302069
5.50804,5.64493,58.74146,4683.42872,-2.20802,46.61343,5.528557535908801,2.0595331472294895,11.999999795302069
5.55099,5.6906,58.47058,4680.83938,-2.21214,46.64088,5.73689924764802,2.1371459166527016,11.999999795302069
5.5939,5.73627,58.19958,4678.13209,-2.21254,46.66919,5.952893187496574,2.2176093423888803,11.999999795302069
5.63675,5.78194,57.92892,4675.30167,-2.20908,46.69841,6.17638894117665,2.3008673911619026,11.999999795302069
5.67956,5.82762,57.6591,4672.34298,-2.20162,46.72854,6.407167710775384,2.386838554992306,11.999999795302069
5.72232,5.87329,57.39061,4669.25102,-2.19004,46.75964,6.64493526928465,2.4754132265779867,11.999999795302069
5.76503,5.91896,57.12398,4666.02091,-2.1742,46.79171,6.889315037129116,2.5664511201187272,11.999999795302069
5.80768,5.96462,56.85974,4662.648,-2.154,46.82479,7.139841459265617,2.6597788041114594,11.999999795302069
5.85028,6.01029,56.59842,4659.1279,-2.12932,46.8589,7.395953888967561,2.755187422899023,11.999999795302069
5.89282,6.05595,56.34059,4655.45651,-2.10006,46.89406,7.656991210298709,2.8524306934001626,11.999999795302069
5.9353,6.10161,56.08682,4651.63012,-2.06615,46.9303,7.922187453856827,2.9512232718586784,11.999999795302069
5.97772,6.14726,55.83767,4647.64546,-2.0275,46.96762,8.190668677764572,3.051239591930465,11.999999795302069
6.02007,6.19291,55.59372,4643.49977,-1.98406,47.00604,8.461451396035205,3.152113279208389,11.999999795302069
6.06236,6.23855,55.35557,4639.19083,-1.9358,47.04558,8.733442837091014,3.253437247527201,11.999999795302069
6.10458,6.28418,55.12379,4634.71708,-1.88269,47.08622,9.005443304324361,3.35476457833464,11.999999795302069
6.14672,6.32981,54.89896,4630.07764,-1.82474,47.12798,9.276150886126995,3.4556102753012747,11.999999795302069
6.1888,6.37543,54.68168,4625.27241,-1.76199,47.17085,9.544168723322993,3.5554539716304974,11.999999795302069
6.23079,6.42104,54.47251,4620.30207,-1.69447,47.21481,9.808014986447041,3.6537436468571993,11.999999795302069
6.27271,6.46664,54.272,4615.16821,-1.62229,47.25986,10.066135643738454,3.7499003832614872,11.999999795302069
6.31455,6.51222,54.08071,4609.87329,-1.54553,47.30597,10.316920014056175,3.8433241597387484,11.999999795302069
6.35631,6.5578,53.89917,4604.42074,-1.46436,47.3531,10.558718999251541,3.9334006438382225,11.999999795302069
6.39798,6.60336,53.72788,4598.81493,-1.37893,47.40123,10.78986578123943,4.0195089019665735,11.999999795302069
6.43956,6.64891,53.56732,4593.06124,-1.28944,47.45031,11.008698654775129,4.101029905198056,11.999999795302069
6.48105,6.69444,53.41795,4587.166,-1.19613,47.5003,11.213585553329102,4.177355665808158,11.999999795302069
6.52246,6.73996,53.28018,4581.1365,-1.09926,47.55113,11.402949719165488,4.247898800053281,11.999999795302069
6.56377,6.78546,53.15441,4574.98098,-0.99912,47.60275,11.5752958765095,4.312102278364243,11.999999795302069
6.60498,6.83094,53.04097,4568.70855,-0.89602,47.6551,11.729236195420457,4.369449097572135,11.999999795302069
6.6461,6.8764,52.94017,4562.32915,-0.7903,47.7081,11.863515289951751,4.419471593380655,11.999999795302069
6.68712,6.92184,52.85227,4555.85345,-0.68233,47.76166,11.977033482003552,4.461760106763344,11.999999795302069
6.72804,6.96726,52.77747,4549.2928,-0.57251,47.81573,12.06886758547366,4.495970726606645,11.999999795302069
6.76886,7.01266,52.71594,4542.6591,-0.46121,47.87019,12.138288524461416,4.52183185295442,11.999999795302069
6.80958,7.05804,52.6678,4535.96473,-0.34887,47.92498,12.184775193185184,4.539149360191891,11.999999795302069
6.85019,7.10339,52.6331,4529.22237,-0.23591,47.98,12.208024089810865,4.547810185900243,11.999999795302069
6.8907,7.14872,52.61185,4522.44493,-0.12275,48.03515,12.207954405412584,4.547784226628376,11.999999795302069
6.93111,7.19403,52.60401,4515.64543,-0.00983,48.09035,12.184708414780836,4.539124483479226,11.999999795302069
6.97141,7.23931,52.60948,4508.83684,0.10242,48.14551,12.138647188505836,4.521965464747985,11.999999795302069
7.01161,7.28456,52.62813,4502.03198,0.21359,48.20054,12.07034181589642,4.49651991622846,11.999999795302069
7.05171,7.32979,52.65976,4495.2434,0.32326,48.25534,11.980560486511807,4.463074008743744,11.999999795302069
7.0917,7.37499,52.70413,4488.48327,0.43104,48.30984,11.870251915889273,4.421981163793679,11.999999795302069
7.13159,7.42017,52.76096,4481.76329,0.53654,48.36396,11.740525711774003,4.373654739458883,11.999999795302069
7.17137,7.46532,52.82992,4475.09459,0.63942,48.41761,11.592630356001036,4.318559828072444,11.999999795302069
7.21106,7.51044,52.91065,4468.48765,0.73932,48.47073,11.427929521983973,4.257204433861336,11.999999795302069
7.25064,7.55553,53.00276,4461.95226,0.83595,48.52325,11.247877458392383,4.190130302718556,11.999999795302069
7.29012,7.6006,53.1058,4455.49743,0.92902,48.57511,11.053994148313024,4.1179036683370835,11.999999795302069
7.3295,7.64564,53.21932,4449.13141,1.01828,48.62626,10.847840903813857,4.04110616054283,11.999999795302069
7.36879,7.69065,53.34284,4442.86159,1.10349,48.67664,10.630996983759793,3.9603260948157737,11.999999795302069
7.40798,7.73564,53.47584,4436.69457,1.18447,48.72622,10.405037733855965,3.876150328880916,11.999999795302069
7.44708,7.7806,53.6178,4430.63609,1.26104,48.77495,10.171514648655023,3.7891568352814002,11.999999795302069
7.48608,7.82553,53.76818,4424.6911,1.33306,48.82281,9.931937651608006,3.699908100231215,11.999999795302069
7.525,7.87044,53.92642,4418.86373,1.40042,48.86977,9.687759786876054,3.6089454209122773,11.999999795302069
7.56382,7.91532,54.09197,4413.15736,1.46304,48.91582,9.44036441993931,3.5167841373644753,11.999999795302069
7.60256,7.96018,54.26426,4407.57462,1.52087,48.96094,9.191054956896595,3.4239098026543,11.999999795302069
7.64121,8.00501,54.44273,4402.11747,1.57385,49.00511,8.94104701700365,3.3307752669393813,11.999999795302069
7.67978,8.04982,54.62679,4396.7872,1.62199,49.04835,8.691462931225105,3.23779862803435,11.999999795302069
7.71827,8.09461,54.81589,4391.5845,1.66528,49.09065,8.443328391518238,3.1453619831808712,11.999999795302069
7.75668,8.13938,55.00947,4386.50953,1.70377,49.13201,8.197571041240348,3.053810903937305,11.999999795302069
7.79501,8.18412,55.20697,4381.56194,1.73749,49.17245,7.955020775411689,2.963454548034547,11.999999795302069
7.83326,8.22885,55.40784,4376.74092,1.7665,49.21197,7.71641150914066,2.874566318160946,11.999999795302069
7.87145,8.27355,55.61155,4372.04526,1.79088,49.2506,7.482384171870675,2.7873849773980415,11.999999795302069
7.90956,8.31823,55.81757,4367.47341,1.81072,49.28834,7.253490692256933,2.7021161336920123,11.999999795302069
7.9476,8.3629,56.02539,4363.0235,1.8261,49.32522,7.030198751772013,2.618934010696834,11.999999795302069
7.98557,8.40754,56.2345,4358.6934,1.83715,49.36126,6.812897102891234,2.5379834289382552,11.999999795302069
8.02348,8.45217,56.44443,4354.48076,1.84396,49.39648,6.601901268303084,2.459381928919642,11.999999795302069
8.06132,8.49678,56.6547,4350.38302,1.84666,49.43091,6.3974594598057575,2.3832219760666637,11.999999795302069
8.0991,8.54138,56.86485,4346.39751,1.84538,49.46457,6.19975857823537,2.309573195858434,11.999999795302069
8.13682,8.58596,57.07445,4342.52139,1.84024,49.4975,6.008930178060801,2.2384845957960136,11.999999795302069
8.17448,8.63053,57.28306,4338.75177,1.83136,49.52971,5.825056301502557,2.169986738765204,11.999999795302069
8.21208,8.67508,57.49029,4335.08567,1.81889,49.56123,5.648175106689502,2.1040938396730064,11.999999795302069
8.24963,8.71962,57.69572,4331.52006,1.80295,49.5921,5.478286232220182,2.0408057638878723,11.999999795302069
8.28712,8.76414,57.899,4328.05192,1.78368,49.62233,5.3153558563103145,1.9801099119052492,11.999999795302069
8.32456,8.80866,58.09975,4324.67819,1.76121,49.65196,5.159321422425225,1.9219829797700114,11.999999795302069
8.36194,8.85316,58.29763,4321.39583,1.73567,49.68102,5.010096015028446,1.8663925891579378,11.999999795302069
8.39928,8.89765,58.49231,4318.20182,1.70719,49.70953,4.867572378833355,1.8132987846527067,11.999999795302069
8.43656,8.94213,58.68347,4315.09318,1.67589,49.73751,4.731626582897974,1.7626553987176108,11.999999795302069
8.4738,8.9866,58.8708,4312.06696,1.64191,49.765,4.602121337276947,1.714411287235689,11.999999795302069
8.51099,9.03107,59.05403,4309.12026,1.60537,49.79202,4.478908974777529,1.6685114402922865,11.999999795302069
8.54814,9.07552,59.23288,4306.25024,1.56638,49.81859,4.361834114048621,1.6248979742457905,11.999999795302069
8.58523,9.11997,59.40708,4303.45412,1.52506,49.84474,4.250736022748719,1.5835110120698666,11.999999795302069
8.62229,9.16441,59.5764,4300.72917,1.48154,49.87049,4.14545070118793,1.544289459564939,11.999999795302069
8.6593,9.20884,59.74059,4298.07274,1.43591,49.89587,4.045812707727437,1.5071716853675163,11.999999795302069
8.69627,9.25326,59.89944,4295.48222,1.38829,49.9209,3.951656747523792,1.4720961127992456,11.999999795302069
8.7332,9.29768,60.05274,4292.95509,1.33879,49.9456,3.8628190459808676,1.4390017315139008,11.999999795302069
8.77009,9.34209,60.20028,4290.48889,1.28751,49.97,3.7791385277438962,1.407828536703683,11.999999795302069
8.80694,9.3865,60.34189,4288.0812,1.23454,49.9941,3.7004578212079324,1.3785179033050532,11.999999795302069
8.84375,9.43091,60.47738,4285.72969,1.17998,50.01794,3.626624107491981,1.3510129022639348,11.999999795302069
8.88052,9.47531,60.6066,4283.43209,1.12393,50.04154,3.5574898316536325,1.3252585654818758,11.999999795302069
8.91725,9.5197,60.72939,4281.18616,1.06648,50.0649,3.492913292688145,1.301202105606232,11.999999795302069
8.95395,9.56409,60.84561,4278.98974,1.00772,50.08806,3.432759127565846,1.2787930963468346,11.999999795302069
8.99061,9.60848,60.95512,4276.84072,0.94773,50.11102,3.3768987032885893,1.2579836185273368,11.999999795302069
9.02724,9.65287,61.05779,4274.73702,0.8866,50.13381,3.3252104296891143,1.2387283766112036,11.999999795302069
9.06384,9.69725,61.15359,4272.67645,0.82585,50.14264,3.2775423663513505,1.2209707687956557,0.0
9.10041,9.74162,61.2425,4270.65688,0.7641,50.15151,3.233752621670543,1.2046579367245296,0.0
9.13696,9.78598,61.32442,4268.67642,0.70142,50.16043,3.1937459507780837,1.1897543991782251,0.0
9.17348,9.83032,61.39924,4266.7332,0.63789,50.16939,3.1574341351988617,1.1762272924535961,0.0
9.20998,9.87466,61.4669,4264.82538,0.57359,50.17839,3.124736187363971,1.164046446550313,0.0
9.24646,9.91899,61.5273,4262.95115,0.50858,50.18743,3.095578421425056,1.1531844115510728,0.0
9.28291,9.96331,61.58039,4261.10871,0.44293,50.19652,3.0698945002241773,1.1436164751191074,0.0
9.31935,10.00762,61.62611,4259.2963,0.37673,50.20565,3.0476254633085342,1.135320672934405,0.0
9.35576,10.05193,61.66439,4257.51216,0.31002,50.21482,3.0287197401811237,1.128277793629931,0.0
9.39214,10.09622,61.6952,4255.75452,0.2429,50.22404,3.013133152376695,1.1224713795649746,0.0
9.42851,10.14051,61.71851,4254.02165,0.17541,50.2333,3.000828907350356,1.1178877245484922,0.0
9.46486,10.18479,61.73427,4252.31181,0.10763,50.24261,2.9917775866362817,1.1145158694279182,0.0
9.50118,10.22907,61.74246,4250.62324,0.03963,50.25196,2.9859571302176047,1.112347596266536,0.0
9.53748,10.27334,61.74308,4248.95419,-0.02853,50.26135,2.983352818579793,1.1113774216578876,0.0
9.57376,10.3176,61.73611,4247.30291,-0.09679,50.27079,2.983957253447665,1.1116025895498087,0.0
9.61002,10.36185,61.72156,4245.66761,-0.16508,50.28027,2.9877703377781777,1.1130230637912115,0.0
9.64626,10.4061,61.69942,4244.0465,-0.23333,50.28979,2.9947992551536413,1.1156415204555186,0.0
9.68247,10.45034,61.66971,4242.43776,-0.30148,50.29936,3.0050584482796605,1.1194633398305776,0.0
9.71867,10.49458,61.63246,4240.83955,-0.36947,50.30898,3.0185695958899874,1.1244965978151136,0.0
9.75484,10.53881,61.58768,4239.24999,-0.43721,50.31863,3.035361586907162,1.1307520562928852,0.0
9.791,10.58304,61.53543,4237.66717,-0.50466,50.32833,3.055470490277071,1.1382431518952676,0.0
9.82713,10.62725,61.47573,4236.08915,-0.57173,50.33807,3.0789395184383603,1.1469859823926425,0.0
9.86324,10.67147,61.40863,4234.51392,-0.63837,50.34786,3.1058189818861193,1.1569992897681811,0.0
9.89933,10.71568,61.33421,4232.93946,-0.7045,50.35769,3.1361662318041215,1.1683044388468382,0.0
9.9354,10.75988,61.25252,4231.36366,-0.77005,50.36756,3.170045587174764,1.1809253901418917,0.0
9.97145,10.80408,61.16363,4229.78438,-0.83494,50.37748,3.2075282422168283,1.1948886653730701,0.0
10.00748,10.84827,61.06764,4228.19942,-0.89911,50.38744,3.248692149372993,1.2102233038763235,0.0
10.04348,10.89246,60.96462,4226.6065,-0.96248,50.39744,3.293621872429466,1.2269608078870213,0.0
10.07947,10.93664,60.85468,4225.00327,-1.02497,50.40749,3.342408403632182,1.2451350744109242,0.0
10.11543,10.98082,60.73793,4223.38734,-1.08649,50.41757,3.395148937952191,1.2647823111321024,0.0
10.15137,11.02499,60.61447,4221.75621,-1.14698,50.4277,3.4519465968598464,1.2859409335115513,0.0
10.1873,11.06915,60.48445,4220.1073,-1.20634,50.43788,3.5129100931673283,1.308651439932214,0.0
10.22319,11.11331,60.34798,4218.43798,-1.26449,50.44809,3.578153327666956,1.3329562614361403,0.0
10.25907,11.15747,60.20522,4216.74549,-1.32135,50.45835,3.647794907445222,1.3588995822837888,0.0
10.29492,11.20161,60.05632,4215.02701,-1.37681,50.46864,3.721957574897846,1.3865271272471116,0.0
10.33076,11.24575,59.90145,4213.27962,-1.4308,50.47898,3.8007675356598236,1.4158859112458142,0.0
10.36657,11.28989,59.74077,4211.5003,-1.4832,50.48936,3.8843536728631696,1.4470239466376924,0.0
10.40235,11.33401,59.57448,4209.68594,-1.53393,50.49978,3.9728466344449354,1.4799899032168515,0.0
10.43811,11.37813,59.40277,4207.83332,-1.58288,50.51024,4.066377779636632,1.514832715753299,0.0
10.47385,11.42224,59.22586,4205.93914,-1.62995,50.52074,4.165077970315205,1.5516011337393802,0.0
10.50957,11.46634,59.04395,4203.99997,-1.67503,50.53128,4.269076192722409,1.5903432079439803,0.0
10.54526,11.51044,58.85728,4202.01232,-1.71801,50.54186,4.378497995073741,1.6311057083807452,0.0
10.58092,11.55452,58.6661,4199.97257,-1.75878,50.55247,4.4934637270380104,1.6739334684678961,0.0
10.61656,11.5986,58.47065,4197.87703,-1.79723,50.56313,4.614086567891505,1.718868650463777,0.0
10.65218,11.64267,58.27122,4195.7219,-1.83324,50.57382,4.740470331531775,1.765949927776732,0.0
10.68777,11.68672,58.06808,4193.50332,-1.86669,50.58455,4.87270703853345,1.81521158049202,0.0
10.72333,11.73077,57.86152,4191.21732,-1.89745,50.59532,5.010874248151366,1.866682501472772,0.0
10.75886,11.7748,57.65186,4188.85988,-1.92542,50.60612,5.155032146706819,1.9203851117072688,0.0
10.79437,11.81882,57.43941,4186.42693,-1.95046,50.61696,5.305220393315292,1.9763341852595222,0.0
10.82985,11.86283,57.22452,4183.91434,-1.97244,50.62784,5.46145472938362,2.0345355862177597,0.0
10.86529,11.90682,57.00752,4181.31794,-1.99126,50.63875,5.623723364971835,2.094984922519131,0.0
10.90071,11.9508,56.78877,4178.63356,-2.00677,50.64969,5.7919831628956855,2.157666124427495,0.0
10.9361,11.99476,56.56867,4175.85702,-2.01886,50.66066,5.966155650436499,2.222549958790404,0.0
10.97146,12.03871,56.34758,4172.98417,-2.0274,50.67167,6.14612289874052,2.2895924940069396,0.0
11.00678,12.08264,56.12591,4170.01091,-2.03228,50.68271,6.331723321220293,2.3587335348216762,0.0
11.04208,12.12655,55.90408,4166.9332,-2.03338,50.69378,6.522747454572554,2.4298950506428363,0.0
11.07734,12.17044,55.68251,4163.74711,-2.03059,50.70488,6.718933798953873,2.5029796258982677,0.0
11.11256,12.21431,55.46162,4160.44885,-2.0238,50.71601,6.919964807241227,2.577868965929476,0.0
11.14775,12.25816,55.24188,4157.0348,-2.01291,50.72717,7.125463126691436,2.654422496910878,0.0
11.1829,12.30199,55.02373,4153.50152,-1.99783,50.73836,7.334988209018224,2.732476103014314,0.0
11.21802,12.34579,54.80764,4149.84584,-1.97848,50.74957,7.548033416531971,2.8118410483699594,0.0
11.25309,12.38957,54.59408,4146.06486,-1.95479,50.76081,7.764023761503196,2.8923031349197474,0.0
11.28813,12.43333,54.38353,4142.15601,-1.9267,50.77208,7.982314422679297,2.973622149780812,0.0
11.32313,12.47705,54.17645,4138.11708,-1.89416,50.78336,8.202190185912665,3.0555316568647544,0.0
11.35809,12.52075,53.97335,4133.94626,-1.85714,50.79468,8.422865954232527,3.137739186892816,0.0
11.393,12.56442,53.7747,4129.64221,-1.81564,50.80601,8.643488465556548,3.2199268772886516,0.0
11.42787,12.60805,53.58099,4125.20409,-1.76964,50.81737,8.86313934283409,3.301752608436943,0.0
11.4627,12.65166,53.39269,4120.63155,-1.71917,50.82874,9.080839581105336,3.382851675230988,0.0
11.49748,12.69523,53.21028,4115.92487,-1.66429,50.84014,9.29555554841342,3.4628390225703605,0.0
11.53221,12.73876,53.03422,4111.08488,-1.60505,50.85155,9.50620654279668,3.541312060539361,0.0
11.5669,12.78225,52.86498,4106.11309,-1.54153,50.86298,9.711673905938003,3.617854059481194,0.0
11.60153,12.82571,52.70299,4101.01164,-1.47387,50.87443,9.910811646599676,3.6920381075069666,0.0
11.63612,12.86913,52.54867,4095.78335,-1.40217,50.88589,10.102458474741839,3.763431593521451,0.0
11.67065,12.91251,52.40245,4090.43173,-1.32662,50.89737,10.285451092382624,3.83160115841819,0.0
11.70514,12.95584,52.26469,4084.96099,-1.24739,50.90886,10.458638531842363,3.8961180364527235,0.0
11.73957,12.99913,52.13578,4079.37602,-1.1647,50.92037,10.620897278802909,3.9565636889801032,0.0
11.77391,13.0424,52.01525,4073.68403,-1.09373,51.01273,10.772365669609407,4.012989649928742,20.999999641778622
11.80814,13.08567,51.9026,4067.892,-1.01995,51.10633,10.913303280222125,4.065492618173695,20.999999641778622
11.84225,13.12895,51.7981,4062.00538,-0.94356,51.2011,11.04285510900936,4.113754083110706,20.999999641778622
11.87625,13.17222,51.702,4056.03012,-0.86478,51.29695,11.160220314799771,4.157475710332051,20.999999641778622
11.91012,13.2155,51.61452,4049.97265,-0.78386,51.39378,11.264667490451593,4.196385031432943,20.999999641778622
11.94387,13.25878,51.53584,4043.83988,-0.70106,51.49151,11.355545174037438,4.2302393597044325,20.999999641778622
11.9775,13.30206,51.46613,4037.63911,-0.61664,51.59002,11.432291377287656,4.258829339729277,20.999999641778622
12.011,13.34533,51.40552,4031.37798,-0.53089,51.68922,11.494441886072675,4.281982039530001,20.999999641778622
12.04438,13.38861,51.3541,4025.06445,-0.44408,51.789,11.541637115660542,4.299563504332708,20.999999641778622
12.07763,13.43188,51.31195,4018.70674,-0.35653,51.88923,11.573627339994347,4.31148070461051,20.999999641778622
12.11076,13.47515,51.27909,4012.31323,-0.26853,51.98981,11.590276158444368,4.317682827539921,20.999999641778622
12.14376,13.51842,51.25553,4005.89242,-0.18039,52.09062,11.591562113028322,4.318161879457945,20.999999641778622
12.17664,13.56168,51.24123,3999.45288,-0.09241,52.19154,11.5775784221852,4.312952586685831,20.999999641778622
12.20938,13.60493,51.23615,3993.00317,-0.0049,52.29246,11.548530851348747,4.3021316022616665,20.999999641778622
12.242,13.64818,51.24017,3986.55178,0.08184,52.39326,11.504733793379314,4.285816045798104,20.999999641778622
12.27449,13.69143,51.25318,3980.10708,0.16752,52.49382,11.44660468120372,4.264161422043703,20.999999641778622
12.30686,13.73466,51.27503,3973.67724,0.25185,52.59405,11.374656898542462,4.2373589799422895,20.999999641778622
12.3391,13.77789,51.30552,3967.27019,0.33455,52.69382,11.289491390972866,4.205632587533248,20.999999641778622
12.37121,13.82112,51.34445,3960.89358,0.41536,52.79305,11.1917872071994,4.16923520832584,20.999999641778622
12.4032,13.86433,51.39158,3954.55472,0.49404,52.89163,11.08229121887443,4.128445071661943,20.999999641778622
12.43506,13.90754,51.44665,3948.26055,0.57033,52.98947,10.961807276147209,4.083561632872729,20.999999641778622
12.46681,13.95073,51.50938,3942.01761,0.64402,53.08649,10.831185055763422,4.0349014189023045,20.999999641778622
12.49843,13.99392,51.57947,3935.832,0.71491,53.1826,10.691308849599855,3.982793851741893,20.999999641778622
12.52992,14.0371,51.6566,3929.70937,0.7828,53.27774,10.543086525065407,3.9275771358887357,20.999999641778622
12.5613,14.08027,51.74042,3923.65492,0.84753,53.37183,10.387438866246526,3.869594287642325,20.999999641778622
12.59257,14.12343,51.83059,3917.67334,0.90896,53.46482,10.225289477341414,3.8091893738679796,20.999999641778622
12.62371,14.16657,51.92674,3911.76888,0.96693,53.55666,10.057555399530113,3.746704016534068,20.999999641778622
12.65474,14.20971,52.0285,3905.9453,1.02135,53.6473,9.885138560354473,3.682474207381075,20.999999641778622
12.68566,14.25284,52.13548,3900.20586,1.07212,53.7367,9.708918142419593,3.616827465062084,20.999999641778622
12.71647,14.29596,52.2473,3894.5534,1.11915,53.82483,9.529743926913122,3.5500803554285847,20.999999641778622
12.74717,14.33907,52.36355,3888.9903,1.16238,53.91167,9.348430638210358,3.4825363847470623,20.999999641778622
12.77776,14.38217,52.48384,3883.51848,1.20178,53.99719,9.165753289369702,3.414484265773593,20.999999641778622
12.80824,14.42525,52.60777,3878.1395,1.2373,54.08138,8.982443505302378,3.3461965480378173,20.999999641778622
12.83862,14.46833,52.73493,3872.85448,1.26894,54.16424,8.799186780980127,3.277928596453168,20.999999641778622
12.8689,14.5114,52.86493,3867.66421,1.2967,54.24577,8.616620616542267,3.209917896595178,20.999999641778622
12.89908,14.55446,52.99737,3862.5691,1.32058,54.32596,8.435333459396334,3.1423836606061384,20.999999641778622
12.92915,14.59751,53.13186,3857.56928,1.34061,54.40482,8.255864375227386,3.0755267046374044,20.999999641778622
12.95914,14.64055,53.268,3852.66455,1.35683,54.48237,8.078703364913224,3.0095295669086557,20.999999641778622
12.98902,14.68358,53.40541,3847.85446,1.36928,54.55861,7.904292242376987,2.944556834731086,20.999999641778622
13.01882,14.7266,53.54372,3843.1383,1.37802,54.63358,7.733025988889606,2.880755649020701,20.999999641778622
13.04852,14.76961,53.68256,3838.51515,1.3831,54.70729,7.565254501864255,2.8182563557702607,20.999999641778622
13.07813,14.81262,53.82156,3833.98389,1.38461,54.77977,7.401284660381249,2.7571732755116587,20.999999641778622
13.10766,14.85562,53.96037,3829.54321,1.3826,54.85104,7.241382635040515,2.697605563796738,20.999999641778622
13.1371,14.89861,54.09865,3825.19164,1.37718,54.92114,7.0857763759929275,2.639638138054427,20.999999641778622
13.16646,14.94159,54.23606,3820.92758,1.36842,54.99009,6.9346582196976945,2.5833426486764592,20.999999641778622
13.19573,14.98456,54.37229,3816.74932,1.35641,55.05793,6.788187561968614,2.5287784747974293,20.999999641778622
13.22492,15.02753,54.50701,3812.65502,1.34125,55.1247,6.646493551813432,2.475993727820839,20.999999641778622
13.25403,15.07049,54.63992,3808.64277,1.32304,55.19043,6.50967776735302,2.425026248269393,20.999999641778622
13.28306,15.11345,54.77073,3804.71059,1.30187,55.25515,6.377816841547005,2.3759045839368875,20.999999641778622
13.31202,15.1564,54.89915,3800.85641,1.27785,55.3189,6.250965011451964,2.3286489395539602,20.999999641778622
13.3409,15.19934,55.02493,3797.07813,1.25109,55.38173,6.129156570231928,2.28327209022652,20.999999641778622
13.36971,15.24228,55.14778,3793.37362,1.22167,55.44367,6.0124082061023225,2.239780252753906,20.999999641778622
13.39844,15.28521,55.26748,3789.7407,1.18971,55.50476,5.900721216729651,2.1981739105510343,20.999999641778622
13.4271,15.32814,55.38376,3786.17717,1.15532,55.56503,5.794083591481118,2.1584485893411705,20.999999641778622
13.45569,15.37107,55.49642,3782.68082,1.11859,55.62454,5.692471957134134,2.1205955819839133,20.999999641778622
13.48422,15.41399,55.60523,3779.24942,1.07964,55.6833,5.59585338549771,2.084602621861727,20.999999641778622
13.51267,15.4569,55.70998,3775.88074,1.03856,55.74137,5.504187063594163,2.050454505066568,20.999999641778622
13.54106,15.49982,55.81048,3772.57256,0.99546,55.79879,5.417425828999496,2.0181336623545834,20.999999641778622
13.56938,15.54273,55.90655,3769.32264,0.95044,55.85558,5.335517574336505,1.9876206823567337,20.999999641778622
13.59763,15.58563,55.998,3766.12875,0.90361,55.9118,5.258406526061012,1.9588947879603245,20.999999641778622
13.62582,15.62854,56.08467,3762.98868,0.85505,55.96746,5.186034403512095,1.9319342680857043,20.999999641778622
13.65395,15.67144,56.16641,3759.90022,0.80488,56.02263,5.118341464722207,1.9067168672780566,20.999999641778622
13.68201,15.71434,56.24307,3756.86117,0.75319,56.07732,5.055267445854074,1.8832201356723604,20.999999641778622
13.71002,15.75724,56.31452,3753.86932,0.70008,56.13158,4.996752401241932,1.861421741930853,20.999999641778622
13.73796,15.80014,56.38063,3750.9225,0.64565,56.18544,4.9427374510389965,1.841299751761385,20.999999641778622
13.76584,15.84303,56.44129,3748.01853,0.58998,56.23894,4.8931654433071765,1.8228328745632592,20.999999641778622
13.79366,15.88592,56.49638,3745.15524,0.53318,56.29212,4.847981537177775,1.8060006806699365,20.999999641778622
13.82142,15.92882,56.54581,3742.33046,0.47534,56.345,4.807133713358852,1.7907837915264584,20.999999641778622
13.84912,15.97171,56.58949,3739.54205,0.41654,56.39763,4.770573217915041,1.7771640450091093,20.999999641778622
13.87676,16.0146,56.62734,3736.78783,0.35689,56.45003,4.738254944794407,1.76512463792673,20.999999641778622
13.90434,16.05749,56.6593,3734.06567,0.29647,56.50225,4.7101377621136615,1.7546502475705514,20.999999641778622
13.93187,16.10038,56.68529,3731.3734,0.23538,56.55431,4.686184786723784,1.7457271339971083,20.999999641778622
13.95934,16.14328,56.70527,3728.70887,0.1737,56.60626,4.66636361109641,1.7383432245493933,20.999999641778622
13.98675,16.18617,56.71919,3726.06991,0.11151,56.65811,4.650646486000162,1.732488181908591,20.999999641778622
14.0141,16.22906,56.72701,3723.45435,0.04892,56.70992,4.639010461973866,1.7281534567965777,20.999999641778622
14.0414,16.27195,56.72872,3720.86001,-0.014,56.7617,4.631437492040659,1.7253323262396272,20.999999641778622
14.06864,16.31485,56.72428,3718.28469,-0.07715,56.8135,4.627914497601914,1.724019918115632,20.999999641778622
14.09583,16.35774,56.7137,3715.72618,-0.14045,56.86535,4.628433398932967,1.7242132225145648,20.999999641778622
14.12296,16.40064,56.69696,3713.18225,-0.2038,56.91727,4.632991111180073,1.7259110902472383,20.999999641778622
14.15003,16.44353,56.67408,3710.65065,-0.26713,56.96932,4.641589506255987,1.7291142186504065,20.999999641778622
14.17704,16.48643,56.64506,3708.12909,-0.33034,57.0215,4.654235340538955,1.7338251246527372,20.999999641778622
14.204,16.52933,56.60995,3705.61528,-0.39335,57.07387,4.670940147763393,1.7400481048737715,20.999999641778622
14.23091,16.57223,56.56876,3703.10687,-0.45607,57.12646,4.6917200960218635,1.7477891823533966,20.999999641778622
14.25775,16.61513,56.52153,3700.6015,-0.5184,57.17929,4.71659580732484,1.7570560393331112,20.999999641778622
14.28454,16.65803,56.46833,3698.09678,-0.58026,57.23241,4.74559213767927,1.7678579353295045,20.999999641778622
14.31128,16.70094,56.4092,3695.59025,-0.64156,57.28584,4.778737915210364,1.7802056095777314,20.999999641778622
14.33795,16.74385,56.34421,3693.07943,-0.70221,57.33963,4.81606563342096,1.794111166762555,20.999999641778622
14.36457,16.78675,56.27344,3690.56182,-0.76211,57.39381,4.857611096239781,1.8095879447894812,20.999999641778622
14.39113,16.82966,56.19698,3688.03483,-0.82118,57.44841,4.903413011169527,1.8266503632217226,20.999999641778622
14.41764,16.87258,56.11491,3685.49586,-0.87932,57.50348,4.953512526447271,1.845313750860264,20.999999641778622
14.44408,16.91549,56.02734,3682.94224,-0.93643,57.55904,5.0079527078563615,1.8655941508425313,20.999999641778622
14.47047,16.9584,55.93437,3680.37127,-0.99241,57.61514,5.066777950560201,1.8875081015349993,20.999999641778622
14.49679,17.00132,55.83614,3677.7802,-1.04718,57.67181,5.130033321135186,1.911072391423148,20.999999641778622
14.52306,17.04424,55.73278,3675.16621,-1.10064,57.72909,5.197763824887932,1.9363037861678538,20.999999641778622
14.54926,17.08716,55.62441,3672.52644,-1.15268,57.78702,5.270013593520551,1.9632187259893275,20.999999641778622
14.57541,17.13008,55.51119,3669.858,-1.20321,57.84563,5.346824988331537,1.9918329915858506,20.999999641778622
14.60149,17.17301,55.39328,3667.15793,-1.25212,57.90498,5.428237614370222,2.022161336880372,20.999999641778622
14.62751,17.21593,55.27085,3664.42322,-1.29931,57.96509,5.51428724139483,2.054217087048989,20.999999641778622
14.65347,17.25886,55.14406,3661.65083,-1.34468,58.02601,5.605004628058064,2.088011700499141,20.999999641778622
14.67936,17.30178,55.01313,3658.83768,-1.38813,58.08779,5.700414246581312,2.123554293777199,20.999999641778622
14.70519,17.34471,54.87822,3655.98063,-1.42956,58.15045,5.800532906205101,2.1608511287675376,20.999999641778622
14.73095,17.38764,54.73957,3653.07653,-1.46885,58.21404,5.905368275055761,2.1999050620489737,20.999999641778622
14.75664,17.43057,54.59738,3650.1222,-1.5059,58.2786,6.014917301652603,2.2407149568646623,20.999999641778622
14.78227,17.4735,54.45187,3647.11442,-1.54061,58.34419,6.129164539242263,2.283275058892547,20.999999641778622
14.80783,17.51643,54.30329,3644.04998,-1.57287,58.41082,6.24808037841806,2.327574337849568,20.999999641778622
14.83332,17.55936,54.15189,3640.92564,-1.60258,58.47856,6.371619196091405,2.37359579793481,20.999999641778622
14.85873,17.60229,53.99791,3637.73819,-1.62964,58.54743,6.499717431892766,2.42131576123825,20.999999641778622
14.88408,17.64522,53.84162,3634.48441,-1.65394,58.61748,6.6322916064236015,2.470703129487455,20.999999641778622
14.90935,17.68814,53.6833,3631.16113,-1.67539,58.68875,6.769236299443739,2.521718630869187,20.999999641778622
14.93454,17.73107,53.52322,3627.7652,-1.69388,58.76128,6.910422110077014,2.5743140601523327,20.999999641778622
14.95968,17.77398,53.36221,3624.29225,-1.69834,58.77577,7.055171413181013,2.628236984141953,0.0
14.98479,17.81687,53.20109,3620.73834,-1.69945,58.79027,7.202729361239946,2.6832062022771828,0.0
15.00986,17.85972,53.04018,3617.10114,-1.69714,58.80479,7.352797154414109,2.7391104037558356,0.0
15.03489,17.90254,52.87982,3613.37845,-1.69136,58.81933,7.505045028189291,2.7958267426197407,0.0
15.05989,17.94533,52.72034,3609.56828,-1.68205,58.83387,7.659109656616682,2.8532198703932847,0.0
15.08486,17.98809,52.56208,3605.66882,-1.66916,58.84844,7.8145938071490475,2.9111418075008073,0.0
15.10978,18.03081,52.40537,3601.67848,-1.65266,58.86301,7.971066387379137,2.9694319606778814,0.0
15.13467,18.0735,52.25057,3597.59594,-1.63254,58.8776,8.1280629313322,3.0279173041280796,0.0
15.15952,18.11615,52.09801,3593.4201,-1.60877,58.89219,8.28508656981188,3.0864127410023414,0.0
15.18433,18.15877,51.94803,3589.15018,-1.58136,58.9068,8.44160952442257,3.14472165996162,0.0
15.20911,18.20135,51.80098,3584.7857,-1.55031,58.92142,8.597075158191714,3.2026366990876367,0.0
15.23384,18.24389,51.65719,3580.32648,-1.51566,58.93604,8.750900606998467,3.2599407261592983,0.0
15.25853,18.28638,51.51699,3575.77271,-1.47745,58.95068,8.902480005546938,3.3164080404126124,0.0
15.28318,18.32884,51.38071,3571.12492,-1.43571,58.96532,9.051188309172044,3.3718057962639185,0.0
15.30779,18.37125,51.24866,3566.384,-1.39054,58.97997,9.19638569889296,3.4258956443082087,0.0
15.33236,18.41363,51.12117,3561.55125,-1.34201,58.99463,9.337422541792288,3.4784355791908825,0.0
15.35688,18.45595,50.99853,3556.62832,-1.29021,59.00929,9.473644862695794,3.529181977952415,0.0
15.38136,18.49823,50.88102,3551.61727,-1.23528,59.02395,9.604400266506037,3.5778918062534606,0.0
15.4058,18.54046,50.76892,3546.52058,-1.17733,59.03862,9.729044234158158,3.624324963784044,0.0
15.43019,18.58265,50.66249,3541.34107,-1.11652,59.05329,9.846946699598918,3.6682467343612966,0.0
15.45453,18.62478,50.56198,3536.08198,-1.05301,59.06797,9.95749880107756,3.7094303009629437,0.0
15.47883,18.66687,50.46761,3530.74693,-0.98698,59.08264,10.060119688140224,3.7476592815118286,0.0
15.50308,18.7089,50.37959,3525.33988,-0.91862,59.09732,10.154263256651165,3.782730237848521,0.0
15.52729,18.75088,50.29811,3519.86515,-0.84814,59.112,10.239424678458583,3.8144551082036506,0.0
15.55145,18.79281,50.22334,3514.32737,-0.77575,59.12668,10.315146590536298,3.842663512816013,0.0
15.57556,18.83469,50.15541,3508.73148,-0.70169,59.14136,10.381024810749011,3.867204883205545,0.0
15.59962,18.87651,50.09447,3503.08268,-0.62619,59.15603,10.436713454102415,3.8879503681110794,0.0
15.62363,18.91827,50.04059,3497.38643,-0.54951,59.17071,10.481929334257238,3.904794473170158,0.0
15.6476,18.95998,49.99386,3491.64836,-0.47189,59.18538,10.516455550021337,3.917656396981696,0.0
15.67151,19.00164,49.95433,3485.87428,-0.39361,59.20006,10.540144174994756,3.9264810330695292,0.0
15.69538,19.04323,49.92202,3480.07015,-0.31492,59.21473,10.55291798998836,3.9312396152539475,0.0
15.71919,19.08477,49.89694,3474.242,-0.2361,59.22939,10.554771221276154,3.9319299926701,0.0
15.74296,19.12625,49.87906,3468.39591,-0.1574,59.24406,10.545769272601436,3.928576529933243,0.0
15.76667,19.16767,49.86834,3462.53799,-0.07911,59.25872,10.526047463778696,3.921229637234752,0.0
15.79034,19.20903,49.86469,3456.67429,-0.00148,59.27338,10.49580881324188,3.909964944283008,0.0
15.81395,19.25033,49.86803,3450.81084,0.07522,59.28804,10.455320924579139,3.894882140455673,0.0
15.83752,19.29158,49.87824,3444.95353,0.15075,59.30269,10.40491205750211,3.876103511132361,0.0
15.86103,19.33276,49.89518,3439.10813,0.22486,59.31734,10.344966481033252,3.8537722066346696,0.0
15.8845,19.37388,49.91867,3433.28024,0.2973,59.33199,10.275919220269934,3.8280502852575626,0.0
15.90791,19.41495,49.94856,3427.47526,0.36786,59.34664,10.198250317905197,3.799116575534886,0.0
15.93128,19.45596,49.98462,3421.69838,0.43632,59.36128,10.112478737174783,3.767164404926694,0.0
15.95459,19.49691,50.02665,3415.95453,0.50248,59.37592,10.019156034575474,3.732399242740367,0.0
15.97786,19.5378,50.07441,3410.24837,0.56614,59.39056,9.918859928286313,3.6950363041982746,0.0
16.00107,19.57863,50.12765,3404.58429,0.62713,59.40519,9.81218788255196,3.6552981604517862,0.0
16.02424,19.6194,50.18611,3398.96638,0.68529,59.41983,9.699750819442286,3.613412396046253,0.0
16.04736,19.66012,50.24952,3393.39842,0.74048,59.43446,9.582167058224336,3.569609351177611,0.0
16.07043,19.70078,50.31758,3387.88389,0.79256,59.4491,9.460056569519981,3.524119981214913,0.0
16.09345,19.74139,50.39001,3382.42594,0.84142,59.46373,9.33403561717495,3.477173860655574,0.0
16.11643,19.78194,50.46649,3377.02743,0.88695,59.47836,9.20471184589513,3.4289973531406295,0.0
16.13935,19.82243,50.54673,3371.69088,0.92907,59.493,9.072679857782092,3.379811963597837,0.0
16.16224,19.86288,50.6304,3366.41852,0.96772,59.50763,8.93851730643139,3.3298328831905235,0.0
16.18507,19.90326,50.71719,3361.21226,1.00283,59.52227,8.802781523584404,3.279267732656631,0.0
16.20786,19.9436,50.80677,3356.07374,1.03435,59.53691,8.666006680920022,3.22831550500145,0.0
16.23061,19.98389,50.89883,3351.00431,1.06227,59.55155,8.528701478479652,3.1771657043751076,0.0
16.25331,20.02412,50.99304,3346.00505,1.08656,59.56619,8.39134734176397,3.1259976744436733,0.0
16.27596,20.0643,51.08907,3341.07676,1.10723,59.58084,8.254397101676355,3.074980106633354,0.0
16.29857,20.10444,51.18662,3336.22003,1.12427,59.59549,8.118274125301136,3.02427071632252,0.0
16.32114,20.14453,51.28535,3331.43519,1.1377,59.61015,7.9833718608794095,2.9740160733332277,0.0
16.34367,20.18456,51.38495,3326.72237,1.14756,59.62481,7.850053757199958,2.9243515719022093,0.0
16.36616,20.22456,51.48512,3322.08149,1.15388,59.63948,7.718653515873033,2.8754015246595026,0.0
16.3886,20.26451,51.58555,3317.51229,1.1567,59.65416,7.589475634317232,2.8272793649053454,0.0
16.411,20.30441,51.68593,3313.01431,1.15608,59.66884,7.462796197777374,2.7800879416576705,0.0
16.43337,20.34427,51.78598,3308.58695,1.15208,59.68353,7.338863879904057,2.733919892394325,0.0
16.45569,20.38408,51.88541,3304.22947,1.14477,59.69823,7.217901113444427,2.6888580791661774,0.0
16.47798,20.42386,51.98393,3299.94098,1.13421,59.71294,7.100105394999955,2.6449760746537256,0.0
16.50022,20.46359,52.08128,3295.72046,1.1205,59.72765,6.985650690687612,2.602338685812864,0.0
16.52243,20.50329,52.17719,3291.56679,1.10371,59.74238,6.874688912570469,2.5610025038841333,0.0
16.5446,20.54294,52.2714,3287.47875,1.08393,59.75711,6.767351438921544,2.521016470731004,0.0
16.56673,20.58255,52.36368,3283.45504,1.06125,59.77186,6.663750654563893,2.4824224526570866,0.0
16.58882,20.62213,52.45377,3279.49424,1.03576,59.78662,6.5639814907023215,2.445255814033961,0.0
16.61088,20.66167,52.54145,3275.5949,1.00757,59.80139,6.468122946629393,2.4095459841767046,0.0
16.63291,20.70117,52.62649,3271.75549,0.97677,59.81617,6.376239578572267,2.375317011978511,0.0
16.65489,20.74064,52.7087,3267.97441,0.94346,59.83096,6.2883829435516585,2.3425881037861425,0.0
16.67685,20.78007,52.78786,3264.25002,0.90774,59.84577,6.204592988547614,2.311374140900735,0.0
16.69876,20.81947,52.86378,3260.58064,0.86973,59.86059,6.124899377430486,2.2816861738944985,0.0
16.72065,20.85884,52.93627,3256.96454,0.82952,59.87542,6.049322750029888,2.25353189164703,0.0
16.7425,20.89817,53.00518,3253.39996,0.78721,59.89027,5.97787590940772,2.2269160636357572,0.0
16.76431,20.93747,53.07032,3249.8851,0.74293,59.90513,5.910564934839453,2.201840954550747,0.0
16.7861,20.97674,53.13154,3246.41813,0.69677,59.92,5.847390219242065,2.178306710763913,0.0
16.80785,21.01597,53.18871,3242.99721,0.64884,59.93489,5.788347430791722,2.1563117185568994,0.0
16.82956,21.05518,53.24167,3239.62046,0.59926,59.9498,5.733428399329461,2.1358529343305226,0.0
16.85125,21.09436,53.29031,3236.28599,0.54811,59.96472,5.682621928794449,2.116926187257537,0.0
16.8729,21.1335,53.33451,3232.99188,0.49553,59.97965,5.6359145374185395,2.099526455024581,0.0
16.89453,21.17262,53.37416,3229.73619,0.4416,59.99461,5.593291127797582,2.083648113451371,0.0
16.91612,21.21171,53.40916,3226.51698,0.38645,60.00957,5.554735589187522,2.069285160861849,0.0
16.93768,21.25077,53.43942,3223.33227,0.33017,60.02456,5.520231334513902,2.0564314181343457,0.0
16.9592,21.2898,53.46486,3220.18007,0.27288,60.03956,5.489761774619892,2.045080705371457,0.0
16.9807,21.3288,53.4854,3217.05837,0.21468,60.05458,5.46331073226604,2.035226996125836,0.0
17.00217,21.36778,53.501,3213.96516,0.15568,60.06961,5.440862798271689,2.0268645500722497,0.0
17.02361,21.40673,53.51159,3210.89838,0.09598,60.08466,5.422403632064001,2.0199880249699924,0.0
17.04501,21.44565,53.51712,3207.85598,0.03569,60.09973,5.407920208691666,2.0145925686819934,0.0
17.06639,21.48455,53.51757,3204.83586,-0.02508,60.11481,5.397401014135936,2.010673891933318,0.0
17.08774,21.52342,53.51291,3201.83594,-0.08623,60.12991,5.3908361904889786,2.00822832239392,0.0
17.10905,21.56227,53.50311,3198.85407,-0.14764,60.14503,5.3882176323204485,2.007252840577731,0.0
17.13034,21.60108,53.48818,3195.88812,-0.20922,60.16017,5.389539035234187,2.0077450979313016,0.0
17.1516,21.63988,53.4681,3192.9359,-0.27086,60.17532,5.394795897344062,2.0097034173835966,0.0
17.17283,21.67865,53.4429,3189.99523,-0.33245,60.19049,5.40398547411332,2.013126776522462,0.0
17.19403,21.71739,53.41258,3187.06389,-0.39388,60.20567,5.417106686679997,2.0180147734434297,0.0
17.2152,21.7561,53.37718,3184.13961,-0.45505,60.22088,5.434159983566276,2.024367575232814,0.0
17.23634,21.7948,53.33673,3181.22013,-0.51586,60.2361,5.455147155362371,2.032185848932584,0.0
17.25745,21.83346,53.29127,3178.30313,-0.57618,60.25134,5.480071101761701,2.0414706747548323,0.0
17.27853,21.8721,53.24086,3175.38629,-0.63592,60.26659,5.508935550122904,2.0522234412387244,0.0
17.29958,21.91072,53.18556,3172.46724,-0.69497,60.28186,5.5417447245393365,2.0644457219701793,0.0
17.32061,21.94931,53.12545,3169.54359,-0.75322,60.29715,5.578502964279016,2.0781391334407058,0.0
17.3416,21.98787,53.06059,3166.61292,-0.81057,60.31245,5.619214290375583,2.093305173591134,0.0
17.36257,22.02641,52.99109,3163.67276,-0.86689,60.32777,5.663881919119123,2.1099450405741482,0.0
17.3835,22.06493,52.91703,3160.72065,-0.9221,60.3431,5.71250772125609,2.1280594312920234,0.0
17.40441,22.10342,52.83853,3157.75407,-0.97606,60.35845,5.765091625796943,2.147648319299288,0.0
17.42528,22.14188,52.7557,3154.77048,-1.02869,60.37382,5.821630967562309,2.1687107117465017,0.0
17.44613,22.18031,52.66866,3151.76732,-1.07986,60.3892,5.882119777890645,2.1912443851501924,0.0
17.46695,22.21872,52.57755,3148.74202,-1.12947,60.4046,5.946548018323173,2.21524559992034,0.0
17.48773,22.2571,52.48251,3145.69196,-1.17741,60.42001,6.014900757632696,2.2407087937819474,0.0
17.50849,22.29546,52.38369,3142.61452,-1.22357,60.43543,6.087157293193483,2.2676262544622126,0.0
17.52922,22.33378,52.28124,3139.50706,-1.26784,60.45087,6.163290218491827,2.2959877723136697,0.0
17.54991,22.37208,52.17535,3136.36695,-1.31012,60.46632,6.2432644394919885,2.3257802738846265,0.0
17.57058,22.41035,52.06617,3133.19151,-1.35029,60.48179,6.327036143682143,2.3569874378616524,0.0
17.59121,22.4486,51.95391,3129.97811,-1.38825,60.49726,6.414551726853639,2.3895892952666125,0.0
17.61182,22.48681,51.83875,3126.7241,-1.4239,60.51275,6.505746684020953,2.4235618162951713,0.0
17.63239,22.52499,51.72089,3123.42684,-1.45713,60.52826,6.600544472523766,2.4588764867924,0.0
17.65293,22.56315,51.60054,3120.08373,-1.48785,60.54377,6.698855356922345,2.4954998779459183,0.0
17.67344,22.60127,51.47792,3116.69217,-1.51595,60.55929,6.800575247197894,2.5333932134849513,0.0
17.69392,22.63936,51.35326,3113.24963,-1.54133,60.57483,6.905584543636147,2.5725119393690763,0.0
17.71436,22.67742,51.22678,3109.75361,-1.56392,60.59037,7.013747003756772,2.612805301689614,0.0
17.73477,22.71544,51.09873,3106.20166,-1.5836,60.60593,7.124908648683528,2.654215939263738,0.0
17.75515,22.75344,50.96934,3102.59142,-1.60031,60.62149,7.2388967283363,2.696679498141276,0.0
17.77549,22.7914,50.83887,3098.92059,-1.61396,60.63706,7.35551876674895,2.7401242759604942,0.0
17.7958,22.82932,50.70758,3095.18699,-1.62448,60.65264,7.474561710601559,2.784470904753953,0.0
17.81608,22.86721,50.57573,3091.38851,-1.63179,60.66822,7.595791205632907,2.829632081393116,0.0
17.83632,22.90506,50.44358,3087.5232,-1.63583,60.68382,7.718951026804819,2.8755123553095765,0.0
17.85653,22.94288,50.3114,3083.58921,-1.63656,60.69941,7.843762689017553,2.9220079834762975,0.0
17.8767,22.98066,50.17947,3079.58486,-1.63391,60.71502,7.969925265472416,2.9690068627429045,0.0
17.89684,23.0184,50.04807,3075.50862,-1.62785,60.73062,8.097115440614598,3.0163885495582847,0.0
17.91694,23.0561,49.91746,3071.35916,-1.61836,60.74623,8.224987823638472,3.064024376759567,0.0
17.937,23.09376,49.78794,3067.13531,-1.6054,60.76185,8.353175546915347,3.1117776765021925,0.0
17.95703,23.13137,49.65977,3062.83613,-1.58897,60.77746,8.481291171152373,3.1595041174554344,0.0
17.97702,23.16895,49.53324,3058.46089,-1.56906,60.79308,8.608927915722967,3.207052163132848,0.0
17.99697,23.20648,49.40862,3054.00911,-1.5457,60.8087,8.73566122831438,3.2542636566272907,0.0
18.01688,23.24397,49.28619,3049.48053,-1.5189,60.82432,8.86105070275859,3.300974535053391,0.0
18.03675,23.28142,49.16622,3044.87516,-1.48869,60.83994,8.984642347853727,3.3470156747432247,0.0
18.05659,23.31882,49.04896,3040.19329,-1.45513,60.85556,9.105971203041795,3.392213865655089,0.0
18.07638,23.35617,48.93469,3035.43546,-1.41828,60.87117,9.224564289242322,3.4363929106366804,0.0
18.09613,23.39347,48.82365,3030.60252,-1.37822,60.88679,9.339943875004906,3.4793748421528523,0.0
18.11585,23.43072,48.7161,3025.69558,-1.33502,60.9024,9.451631029724046,3.520981245951633,0.0
18.13552,23.46793,48.61225,3020.71607,-1.2888,60.918,9.55914942715182,3.5610346779727755,0.0
18.15515,23.50508,48.51234,3015.6657,-1.23967,60.93361,9.662029354152288,3.599360157714244,0.0
18.17474,23.54219,48.41659,3010.54645,-1.18775,60.9492,9.75981187178121,3.6357867183438985,0.0
18.19428,23.57924,48.32519,3005.36062,-1.1332,60.96479,9.852053068839245,3.6701489912599787,0.0
18.21379,23.61623,48.23834,3000.11078,-1.07617,60.98038,9.93832834205985,3.702288800573713,0.0
18.23325,23.65318,48.15621,2994.79976,-1.01683,60.99596,10.018236632640445,3.732056741328648,0.0
18.25266,23.69007,48.07896,2989.43066,-0.95535,61.01153,10.091404545928683,3.7593137141921784,0.0
18.27204,23.7269,48.00672,2984.00683,-0.89194,61.02709,10.15749028007647,3.7839323889825445,0.0
18.29137,23.76367,47.93964,2978.53184,-0.82678,61.04265,10.216187290438771,3.8057985697537937,0.0
18.31065,23.80039,47.87782,2973.00949,-0.76009,61.05819,10.267227619563949,3.8248124353048065,0.0
18.32989,23.83705,47.82135,2967.44375,-0.69209,61.07373,10.310384827711712,3.8408896308743348,0.0
18.34908,23.87365,47.77031,2961.83879,-0.623,61.08925,10.345476465896894,3.853962189414885,0.0
18.36823,23.9102,47.72475,2956.19889,-0.55306,61.10477,10.372366042307863,3.8639792641353075,0.0
18.38733,23.94668,47.68472,2950.52849,-0.4825,61.12028,10.390964443342009,3.870907657873908,0.0
18.40639,23.9831,47.65022,2944.83211,-0.41156,61.13577,10.401230782025694,3.8747321391572096,0.0
18.4254,24.01947,47.62125,2939.11432,-0.34049,61.15126,10.40317265900997,3.875455539427711,0.0
18.44437,24.05577,47.59781,2933.37977,-0.26951,61.16673,10.396845834122919,3.873098630688503,0.0
18.46328,24.09201,47.57984,2927.63311,-0.19888,61.18219,10.382353319234586,3.867699787571582,0.0
18.48216,24.12819,47.5673,2921.87897,-0.12884,61.19764,10.359843915515187,3.8593144424280497,0.0
18.50098,24.1643,47.5601,2916.12197,-0.05961,61.21308,10.329510229628337,3.8480143463078877,0.0
18.51976,24.20036,47.55817,2910.36664,0.00858,61.22851,10.291586213695677,3.8338866525320583,0.0
18.5385,24.23635,47.56137,2904.61744,0.0755,61.24393,10.246344282580738,3.8170328428048945,0.0
18.55718,24.27228,47.5696,2898.87874,0.14093,61.25934,10.194092069124439,3.7975675184539437,0.0
18.57582,24.30815,47.58271,2893.15475,0.20466,61.27473,10.135168883020334,3.775617081267831,0.0
18.59442,24.34396,47.60055,2887.44956,0.26651,61.29011,10.069941942254053,3.7513183296082895,0.0
18.61297,24.3797,47.62295,2881.76708,0.32627,61.30549,9.99880244722045,3.724816995915506,0.0
18.63147,24.41539,47.64972,2876.11106,0.38378,61.32085,9.922161567007842,3.696266251493388,0.0
18.64993,24.45101,47.68068,2870.48504,0.43886,61.3362,9.84044640494275,3.665825203568827,0.0
18.66834,24.48657,47.71561,2864.89237,0.49137,61.35154,9.754096006631826,3.633657408182289,0.0
18.68671,24.52207,47.75431,2859.33619,0.54116,61.36687,9.663557468538185,3.5999294205300987,0.0
18.70503,24.55752,47.79655,2853.81942,0.58809,61.3822,9.56928219897256,3.564809402085273,0.0
18.72331,24.5929,47.84211,2848.34476,0.63207,61.39751,9.471722376371934,3.528465801213118,0.0
18.74155,24.62822,47.89074,2842.91467,0.67298,61.41281,9.371327642432966,3.491066121276423,0.0
18.75974,24.66348,47.9422,2837.53141,0.71073,61.42811,9.268542059966817,3.4527757873563427,0.0
18.77788,24.69869,47.99625,2832.19701,0.74526,61.4434,9.163801357796643,3.413757119904218,0.0
18.79599,24.73384,48.05263,2826.91325,0.77648,61.45868,9.057530477700595,3.374168420913301,0.0
18.81405,24.76893,48.11109,2821.68173,0.80436,61.47395,8.950141431462237,3.334163175613651,0.0
18.83207,24.80396,48.17138,2816.50381,0.82886,61.48922,8.842031469760492,3.293889370335462,0.0
18.85004,24.83894,48.23323,2811.38065,0.84994,61.50448,8.733581558937376,3.253488925064962,0.0
18.86798,24.87386,48.2964,2806.31319,0.86759,61.51974,8.625155156768765,3.2130972373868163,0.0
18.88587,24.90873,48.36063,2801.30221,0.88181,61.53499,8.517097274167458,3.1728428329438247,0.0
18.90373,24.94355,48.42565,2796.34826,0.8926,61.55023,8.409733806366509,3.1328471162851192,0.0
18.92154,24.97831,48.49123,2791.45175,0.89998,61.56547,8.30337111454042,3.0932242150090494,0.0
18.93931,25.01302,48.55711,2786.61289,0.90397,61.58071,8.19829583687108,3.0540809093802745,0.0
18.95704,25.04768,48.62304,2781.83174,0.9046,61.59595,8.094774906870478,3.015516639155452,0.0
18.97474,25.08229,48.68878,2777.10822,0.90192,61.61118,7.993055756116882,2.9776235791078043,0.0
18.99239,25.11684,48.7541,2772.44206,0.89599,61.62641,7.893366678492947,2.940486774715395,0.0
19.01001,25.15135,48.81877,2767.83292,0.88684,61.64164,7.79591733331656,2.904184329590604,0.0
19.02759,25.18581,48.88255,2763.28027,0.87456,61.65687,7.7008993655242985,2.8687876365147886,0.0
19.04513,25.22022,48.94522,2758.7835,0.85921,61.67209,7.608487122052523,2.834361644309088,0.0
19.06263,25.25459,49.00658,2754.34188,0.84086,61.68732,7.518838444840609,2.800965153248991,0.0
19.0801,25.28891,49.06642,2749.95457,0.81959,61.70255,7.432095522291788,2.768651132255902,0.0
19.09753,25.32318,49.12452,2745.62063,0.7955,61.71778,7.348385782551267,2.7374670516667474,0.0
19.11493,25.3574,49.18071,2741.33904,0.76867,61.733,7.267822813502627,2.7074552259568385,0.0
19.13229,25.39158,49.23479,2737.10871,0.73919,61.74823,7.190507296065187,2.678653161417697,0.0
19.14961,25.42572,49.28659,2732.92843,0.70716,61.76347,7.116527938822092,2.6510939043306054,0.0
19.1669,25.45982,49.33593,2728.79697,0.67269,61.7787,7.0459624036307185,2.6248063857808446,0.0
19.18416,25.49387,49.38265,2724.71299,0.63587,61.79394,6.978878213229559,2.5998157597651326,0.0
19.20138,25.52788,49.42659,2720.67512,0.59682,61.80918,6.915333633244686,2.5761437317622424,0.0
19.21856,25.56184,49.46762,2716.68192,0.55563,61.82442,6.855378522209337,2.553808875387662,0.0
19.23572,25.59577,49.50558,2712.7319,0.51242,61.83967,6.799055144364783,2.532826935183305,0.0
19.25284,25.62965,49.54036,2708.8235,0.46731,61.85492,6.74639894100826,2.5132111139649065,0.0
19.26992,25.6635,49.57182,2704.95515,0.4204,61.87018,6.697439257057387,2.4949723434863915,0.0
19.28698,25.6973,49.59986,2701.12521,0.3718,61.88544,6.6522000202792775,2.4781195374705876,0.0
19.304,25.73107,49.62437,2697.33201,0.32165,61.90071,6.610700371341403,2.4626598263197503,0.0
19.32099,25.7648,49.64526,2693.57383,0.27004,61.91598,6.572955243374342,2.4485987730179324,0.0
19.33795,25.79849,49.66243,2689.84892,0.2171,61.93125,6.538975890241507,2.435940569925363,0.0
19.35487,25.83214,49.67581,2686.1555,0.16295,61.94654,6.508770363125505,2.4246882163194017,0.0
19.37177,25.86575,49.68533,2682.49175,0.10771,61.96182,6.48234393529828,2.4148436766325974,0.0
19.38863,25.89932,49.69092,2678.85582,0.0515,61.97712,6.459699475256038,2.40640801945526,0.0
19.40546,25.93286,49.69253,2675.24583,-0.00557,61.99241,6.440837768530263,2.399381537418536,0.0
19.42226,25.96636,49.69012,2671.65986,-0.06337,62.00772,6.425757788645677,2.3937638481333776,0.0
19.43903,25.99983,49.68366,2668.09597,-0.12178,62.02303,6.414456917771956,2.389553976389108,0.0
19.45577,26.03326,49.6731,2664.55219,-0.18068,62.03835,6.406931117666325,2.3867504178340426,0.0
19.47248,26.06665,49.65844,2661.02652,-0.23995,62.05367,6.403175051526833,2.385351184369034,0.0
19.48915,26.10001,49.63967,2657.51694,-0.29947,62.069,6.403182157380241,2.3853538314863942,0.0
19.5058,26.13333,49.61677,2654.02139,-0.35911,62.08434,6.40694467360588,2.3867554677782055,0.0
19.52242,26.16661,49.58977,2650.53778,-0.41876,62.09968,6.414453617193503,2.3895527468367916,0.0
19.539,26.19986,49.55867,2647.06403,-0.47828,62.11503,6.425698715295715,2.3937418417562037,0.0
19.55556,26.23307,49.52349,2643.59798,-0.53757,62.13039,6.440668290651025,2.399318402449289,0.0
19.57208,26.26625,49.48427,2640.1375,-0.59649,62.14575,6.4593491014315445,2.4062774959867457,0.0
19.58858,26.29939,49.44105,2636.68041,-0.65493,62.16112,6.481726136122351,2.4146135301842886,0.0
19.60505,26.3325,49.39387,2633.22451,-0.71276,62.17649,6.50778236405881,2.424320160671238,0.0
19.62148,26.36557,49.3428,2629.76757,-0.76986,62.19187,6.537498442379861,2.4353901817229064,0.0
19.63789,26.39861,49.28789,2626.30736,-0.82611,62.20725,6.570852380222337,2.4478154011641506,0.0
19.65426,26.43161,49.22923,2622.84163,-0.8814,62.22265,6.607819161219548,2.461586499740158,0.0
19.67061,26.46457,49.16688,2619.3681,-0.93559,62.23804,6.648370325521403,2.476692875407946,0.0
19.68693,26.4975,49.10095,2615.88449,-0.98858,62.25344,6.692473512885731,2.4931224731258563,0.0
19.70321,26.53039,49.03152,2612.3885,-1.04023,62.26885,6.740091968675489,2.51086160082452,0.0
19.71947,26.56325,48.9587,2608.87783,-1.09044,62.28426,6.7911840150483975,2.529894732411075,0.0
19.73569,26.59607,48.88261,2605.35018,-1.13909,62.29968,6.845702490049567,2.5502042988164195,0.0
19.75189,26.62885,48.80336,2601.80322,-1.18606,62.3151,6.9035941578634805,2.571770468298556,0.0
19.76805,26.6616,48.72109,2598.23466,-1.23124,62.33052,6.964799094095779,2.5945709174438805,0.0
19.78418,26.69431,48.63592,2594.6422,-1.27451,62.34595,7.029250050604056,2.61858059454994,0.0
19.80029,26.72698,48.548,2591.02354,-1.31577,62.36138,7.096871805141692,2.643771477350653,0.0
19.81636,26.75961,48.45748,2587.37641,-1.3549,62.37681,7.167580501865912,2.670112327338206,0.0
19.8324,26.79221,48.36452,2583.69857,-1.39181,62.39225,7.2412829895858986,2.6975684432430636,0.0
19.84841,26.82476,48.26927,2579.9878,-1.42638,62.40769,7.317876165528955,2.726101416569599,0.0
19.86439,26.85728,48.17191,2576.2419,-1.45853,62.42313,7.397246333270111,2.755668892407979,0.0
19.88033,26.88976,48.07261,2572.45873,-1.48815,62.43857,7.479268584406916,2.786224339091752,0.0
19.89625,26.92219,47.97155,2568.6362,-1.51515,62.45401,7.56380621441705,2.8177168305894407,0.0
19.91213,26.95459,47.86892,2564.77227,-1.53944,62.46945,7.650710184023774,2.850090845849002,0.0
19.92798,26.98695,47.7649,2560.86497,-1.56095,62.48489,7.739818638125171,2.883286089586307,0.0
19.9438,27.01926,47.65971,2556.91239,-1.57959,62.50034,7.830956495059846,2.9172373392758097,0.0
19.95959,27.05153,47.55352,2552.91273,-1.59529,62.51578,7.923935119504072,2.9518743232961278,0.0
19.97534,27.08376,47.44656,2548.86425,-1.60799,62.53121,8.018552092654042,2.987121635316886,0.0
19.99106,27.11595,47.33902,2544.76534,-1.61762,62.54665,8.114591093513825,3.0228986900753485,0.0
20.00675,27.14809,47.23112,2540.61448,-1.62414,62.56208,8.211821905022946,3.0591197256591163,0.0
20.0224,27.18019,47.12307,2536.41027,-1.6275,62.57751,8.310000558324251,3.09569385724969,0.0
20.03802,27.21224,47.01508,2532.15146,-1.62767,62.59294,8.408869627849446,3.1325251870496076,0.0
20.0536,27.24424,46.90737,2527.83692,-1.62461,62.60836,8.508158688758012,3.1695129746904693,0.0
20.06915,27.2762,46.80015,2523.46567,-1.61831,62.62377,8.607584946878333,3.2065518719025854,0.0
20.08467,27.30811,46.69364,2519.0369,-1.60875,62.63918,8.70685404945254,3.243532224538762,0.0
20.10015,27.33998,46.58806,2514.54996,-1.59595,62.65459,8.8056610827825,3.2803404442236843,0.0
20.11559,27.37179,46.48362,2510.00437,-1.57991,62.66998,8.903691760210737,3.3168594509080616,0.0
20.131,27.40356,46.38052,2505.39983,-1.56065,62.68537,9.000623800941025,3.3529691865155806,0.0
20.14638,27.43527,46.27898,2500.73624,-1.53821,62.70075,9.096128496857963,3.388547198624426,0.0
20.16171,27.46694,46.1792,2496.01369,-1.51263,62.71612,9.18987246088813,3.423469291777804,0.0
20.17701,27.49855,46.08138,2491.23247,-1.48396,62.73149,9.281519546656272,3.45761024260639,0.0
20.19228,27.53011,45.98572,2486.39306,-1.45228,62.74684,9.37073292524908,3.4908445734774745,0.0
20.2075,27.56161,45.8924,2481.49618,-1.41766,62.76218,9.457177300880858,3.5230473778887226,0.0
20.22269,27.59306,45.8016,2476.54271,-1.38019,62.77751,9.540521243412073,3.554095189392707,0.0
20.23784,27.62446,45.7135,2471.53379,-1.33998,62.79283,9.620439611911051,3.583866884437405,0.0
20.25295,27.6558,45.62826,2466.47072,-1.29714,62.80814,9.696616040106075,3.6122446082625057,0.0
20.26802,27.68709,45.54605,2461.35503,-1.25179,62.82343,9.768745451571748,3.6391147118725047,0.0
20.28306,27.71831,45.467,2456.18846,-1.20408,62.83871,9.83653657017767,3.6643686872448904,0.0
20.29805,27.74948,45.39125,2450.97291,-1.15414,62.85398,9.899714389512825,3.687904087255707,0.0
20.31301,27.78059,45.31893,2445.7105,-1.10214,62.86923,9.958022564102508,3.7096254164707716,0.0
20.32793,27.81165,45.25016,2440.4035,-1.04824,62.88447,10.011225685074688,3.7294449788912707,0.0
20.3428,27.84264,45.18503,2435.05438,-0.99262,62.89969,10.059111403657296,3.7472836690123765,0.0
20.35764,27.87357,45.12363,2429.66574,-0.93546,62.91489,10.101492367551511,3.7630716931732446,0.0
20.37243,27.90444,45.06605,2424.24033,-0.87695,62.93008,10.138207937755224,3.776749209118919,0.0
20.38719,27.93526,45.01234,2418.78105,-0.81729,62.94526,10.169125656709868,3.7882668729236695,0.0
20.4019,27.966,44.96256,2413.29089,-0.75668,62.96041,10.19414244288764,3.7975862840061487,0.0
20.41658,27.99669,44.91674,2407.77296,-0.69532,62.97555,10.213185491602703,3.8046803207052773,0.0
20.43121,28.02731,44.87491,2402.23045,-0.63344,62.99068,10.226212867262959,3.8095333609096054,0.0
20.4458,28.05787,44.83707,2396.66661,-0.57123,63.00578,10.233213777889757,3.812141384323133,0.0
20.46036,28.08837,44.80322,2391.08475,-0.50891,63.02087,10.234208528789553,3.812511955206778,0.0
20.47487,28.1188,44.77335,2385.48822,-0.4467,63.03594,10.229248158083612,3.810664086603607,0.0
20.48933,28.14917,44.74742,2379.88037,-0.3848,63.05099,10.218413762829966,3.8066279893015285,0.0
20.50376,28.17948,44.72538,2374.26457,-0.32344,63.06602,10.201815529885486,3.8004447108039163,0.0
20.51815,28.20972,44.70719,2368.64415,-0.26282,63.08104,10.179591490896094,3.792165671530709,0.0
20.53249,28.23989,44.69276,2363.02243,-0.20313,63.09603,10.151906025300367,3.7818521071478597,0.0
20.54679,28.27,44.68203,2357.40268,-0.14459,63.11101,10.118948139107998,3.769574427367026,0.0
20.56105,28.30005,44.67488,2351.78809,-0.08738,63.12597,10.080929550314764,3.7554115027122723,0.0
20.57528,28.33003,44.67123,2346.18179,-0.03169,63.14091,10.038082614105166,3.739449891603456,0.0
20.58945,28.35995,44.67095,2340.58682,0.0223,63.15584,9.990658122388579,3.721783020625551,0.0
20.60359,28.3898,44.67392,2335.00611,0.07442,63.17074,9.938923012843048,3.7025103310871845,0.0
20.61769,28.41959,44.68,2329.44249,0.12451,63.18563,9.883158022404192,3.6817364048835057,0.0
20.63175,28.44931,44.68906,2323.89867,0.17242,63.2005,9.82365531917769,3.659570082321286,0.0
20.64576,28.47897,44.70093,2318.37721,0.21801,63.21536,9.760716145075646,3.636123583938938,0.0
20.65974,28.50857,44.71547,2312.88057,0.26114,63.23019,9.694648499321389,3.611511647551097,0.0
20.67367,28.5381,44.7325,2307.41103,0.30169,63.24501,9.625764890193741,3.5858506907142127,0.0
20.68756,28.56756,44.75186,2301.97076,0.33955,63.25982,9.554380179335379,3.559258007674689,0.0
20.70142,28.59697,44.77336,2296.56176,0.37462,63.27461,9.4808095396259,3.531851008622875,0.0
20.71523,28.62631,44.79684,2291.18587,0.40682,63.28938,9.405366544121973,3.5037465077729832,0.0
20.72901,28.65559,44.82211,2285.84481,0.43607,63.30413,9.328361399999391,3.4750600654600396,0.0
20.74275,28.68481,44.84897,2280.54011,0.4623,63.31888,9.25009933800153,3.445905388167053,0.0
20.75644,28.71397,44.87725,2275.27316,0.48546,63.3336,9.170879164444889,3.4163937891089904,0.0
0.05195,0.05195,54.52057,5489.44419,-0.35413,45.0001,13.751916016145069,5.1229505507011295,0.0
0.10383,0.10383,54.48024,5481.81767,-0.20733,45.00023,13.791747894279238,5.137788973345897,0.0
0.15564,0.15564,54.46105,5474.14326,-0.06024,45.00039,13.790341467381158,5.137265042321043,0.0
0.20738,0.20738,54.46294,5466.44398,0.08649,45.00059,13.74794705275811,5.121472007409777,0.0
0.25904,0.25905,54.48574,5458.74271,0.23222,45.00083,13.665355961183073,5.090704652695669,0.0
0.31063,0.31064,54.52921,5451.06189,0.37633,45.0011,13.543874231548848,5.045449512030242,0.0
0.36215,0.36216,54.59302,5443.42327,0.51822,45.00141,13.385282385492095,4.986369876571496,0.0
0.41359,0.41361,54.67676,5435.84762,0.65731,45.00175,13.191783254459416,4.914286358993272,0.0
0.46496,0.46498,54.77993,5428.35454,0.79307,45.00213,12.96594041063025,4.830153957384055,0.0
0.51625,0.51628,54.90197,5420.96221,0.92499,45.00254,12.710610030982732,4.73503667281874,0.0
0.56748,0.56751,55.04225,5413.6873,1.05262,45.00299,12.428869132294336,4.630080775008119,0.0
0.61863,0.61867,55.20009,5406.5448,1.17556,45.00348,12.12394304277728,4.516487783574739,0.0
0.66971,0.66976,55.37476,5399.54799,1.29346,45.004,11.79913474666625,4.395488147052763,0.0
0.72072,0.72078,55.56548,5392.70837,1.40602,45.00457,11.457758384591383,4.268316470027205,0.0
0.77166,0.77173,55.77145,5386.03567,1.51298,45.00517,11.103078754796558,4.136188975745925,0.0
0.82253,0.82262,55.99183,5379.53787,1.61415,45.00581,10.73825817810549,4.000283711921421,0.0
0.87334,0.87345,56.22576,5373.22129,1.70938,45.00649,10.366311601509333,3.861723825635929,0.0
0.92409,0.92421,56.47238,5367.09063,1.79856,45.00721,9.990070352828463,3.7215640609992593,0.0
0.97477,0.97492,56.73082,5361.14907,1.88164,45.00797,9.612154547229874,3.5807804798504956,0.0
1.02539,1.02556,57.00019,5355.39844,1.9586,45.00878,9.234953801460911,3.440263277302623,0.0
1.07596,1.07615,57.27963,5349.83926,2.02946,45.00963,8.86061564222464,3.3008124635573637,0.0
1.12647,1.12668,57.56827,5344.47093,2.09426,45.01052,8.49104080247518,3.1631361116514194,0.0
1.17692,1.17717,57.86527,5339.29184,2.1531,45.01146,8.127884479537249,3.0278508261391104,0.0
1.22732,1.2276,58.16979,5334.2995,2.20608,45.01244,7.772562573801573,2.8954840671705653,0.0
1.27763,1.27802,58.47817,5329.49523,2.21282,45.10458,7.429225919903567,2.767582129862507,47.999999181208274
1.32781,1.32848,58.78695,5324.87735,2.21584,45.19282,7.101156919024317,2.645367795020063,47.999999181208274
1.37787,1.37897,59.09565,5320.43834,2.21529,45.27734,6.788109947210036,2.5287495612576927,47.999999181208274
1.42782,1.42949,59.40378,5316.17074,2.21133,45.35832,6.489790954189412,2.4176178871124034,47.999999181208274
1.47765,1.48003,59.71088,5312.06727,2.20413,45.43591,6.2058479163023526,2.311841634508512,47.999999181208274
1.52738,1.53061,60.01654,5308.1208,2.19383,45.51029,5.935882608021155,2.2112724539590043,47.999999181208274
1.577,1.5812,60.32034,5304.3244,2.18058,45.58161,5.679461061962423,2.1157486811951958,47.999999181208274
1.62653,1.63183,60.62189,5300.67136,2.16453,45.65002,5.43612277812499,2.025098767850168,47.999999181208274
1.67596,1.68247,60.92082,5297.15518,2.14581,45.71567,5.205388758010661,1.939144274380135,47.999999181208274
1.7253,1.73314,61.21679,5293.76961,2.12456,45.77872,4.986768448670469,1.8577024569043814,47.999999181208274
1.77456,1.78383,61.50947,5290.50865,2.10092,45.83929,4.7797656869516665,1.7805884815936688,47.999999181208274
1.82373,1.83454,61.79854,5287.36652,2.07499,45.89752,4.5838837359009394,1.7076173008629543,47.999999181208274
1.87282,1.88527,62.0837,5284.33771,2.04691,45.95354,4.398629504359046,1.6386052252814094,47.999999181208274
1.92183,1.93601,62.36468,5281.41695,2.01678,46.00747,4.223517037889433,1.573371224035188,47.999999181208274
1.97076,1.98678,62.64121,5278.59919,1.98472,46.05942,4.058070364861759,1.511737985168421,47.999999181208274
2.01963,2.03756,62.91304,5275.87965,1.95083,46.10952,3.901825776259128,1.4535327648713954,47.999999181208274
2.06843,2.08836,63.17994,5273.25374,1.9152,46.15785,3.7543336119199826,1.3985880529026602,47.999999181208274
2.11716,2.13918,63.44167,5270.71713,1.87794,46.20454,3.6151596198302256,1.3467420789611062,47.999999181208274
2.16582,2.19001,63.69804,5268.26569,1.83913,46.24966,3.4838859488873926,1.2978391825167412,47.999999181208274
2.21442,2.24085,63.94884,5265.89549,1.79885,46.29331,3.360111829513986,1.2517300663570652,47.999999181208274
2.26297,2.29171,64.19388,5263.6028,1.75719,46.33559,3.2434539906576947,1.2082719519306242,47.999999181208274
2.31145,2.34259,64.43299,5261.38408,1.71422,46.37657,3.1335468562397697,1.1673286525291984,47.999999181208274
2.35988,2.39348,64.66599,5259.23599,1.67002,46.41632,3.0300425589610223,1.1287705784309003,47.999999181208274
2.40825,2.44438,64.89275,5257.15533,1.62465,46.45494,2.932610804668819,1.092474686373312,47.999999181208274
2.45657,2.4953,65.1131,5255.13909,1.57819,46.49247,2.8409386161758543,1.058324384119237,47.999999181208274
2.50483,2.54623,65.3269,5253.18439,1.53069,46.529,2.754729981533174,1.026209399429146,47.999999181208274
2.55305,2.59717,65.53403,5251.28851,1.48222,46.56459,2.673705428257031,0.9960256214494808,47.999999181208274
2.60122,2.64813,65.73436,5249.44886,1.43282,46.59929,2.597601541902796,0.9676749213687647,47.999999181208274
2.64934,2.6991,65.92778,5247.663,1.38256,46.63317,2.526170444624262,0.9410649581672274,47.999999181208274
2.69741,2.75008,66.11417,5245.92857,1.33148,46.66628,2.45917924692835,0.9161089743810054,47.999999181208274
2.74544,2.80107,66.29344,5244.24337,1.27964,46.69866,2.3964094837147574,0.8927255860120735,47.999999181208274
2.79343,2.85208,66.46548,5242.60528,1.22708,46.73038,2.3376565438357653,0.8708385700242631,47.999999181208274
2.84137,2.9031,66.63022,5241.01227,1.17383,46.76147,2.2827291008297017,0.8503766522764992,47.999999181208274
2.88927,2.95413,66.78755,5239.46242,1.11996,46.79199,2.2314485510784214,0.8312732982216784,47.999999181208274
2.93713,3.00517,66.93742,5237.9539,1.06549,46.82198,2.18364846448311,0.8134665082689534,47.999999181208274
2.98495,3.05623,67.07973,5236.48496,1.01046,46.85146,2.1391740517265747,0.7968986193249173,47.999999181208274
3.03273,3.10729,67.21443,5235.05389,0.95492,46.8805,2.097881651352404,0.7815161137170967,47.999999181208274
3.08047,3.15837,67.34145,5233.6591,0.89889,46.90912,2.059638239171174,0.7672694364348541,47.999999181208274
3.12817,3.20947,67.46073,5232.29902,0.84241,46.93736,2.024320961893384,0.7541128213953859,47.999999181208274
3.17583,3.26057,67.57221,5230.97216,0.78551,46.96525,1.9918166964088675,0.7420041272637068,47.999999181208274
3.22346,3.31169,67.67585,5229.67708,0.72822,46.99283,1.9620216357087847,0.7309046831976972,47.999999181208274
3.27106,3.36282,67.7716,5228.41239,0.67058,47.02013,1.9348409021209911,0.7207791447681017,47.999999181208274
3.31861,3.41396,67.85941,5227.17673,0.61261,47.04718,1.9101881882619067,0.7115953602036525,47.999999181208274
3.36613,3.46512,67.93925,5225.96879,0.55434,47.07401,1.8879854258946853,0.7033242470320258,47.999999181208274
3.41362,3.51628,68.01108,5224.78729,0.49579,47.10065,1.8681624827248333,0.6959396791282306,47.999999181208274
3.46107,3.56747,68.07487,5223.63099,0.437,47.12714,1.8506568870323756,0.6894183841328467,47.999999181208274
3.50849,3.61866,68.1306,5222.49866,0.37799,47.15348,1.8354135799682665,0.683739851175919,47.999999181208274
3.55587,3.66987,68.17822,5221.38911,0.31878,47.17973,1.8223846952641813,0.6788862488130589,47.999999181208274
3.60322,3.72109,68.21774,5220.30115,0.2594,47.20589,1.8115293660860987,0.6748423530733224,47.999999181208274
3.65054,3.77232,68.24912,5219.23363,0.19988,47.232,1.8028135587287293,0.6715954855060088,47.999999181208274
3.69783,3.82357,68.27236,5218.18538,0.14023,47.25808,1.7962099328712566,0.669135461122247,47.999999181208274
3.74508,3.87484,68.28743,5217.15526,0.08048,47.28416,1.7916977281007829,0.6674545461219926,47.999999181208274
3.7923,3.92611,68.29434,5216.14212,0.02066,47.31027,1.7892626764554105,0.6665474253140268,47.999999181208274
3.83948,3.9774,68.29307,5215.14483,-0.03921,47.33643,1.7888969407572477,0.6664111791433758,47.999999181208274
3.88664,4.02871,68.28363,5214.16224,-0.09911,47.36266,1.7905990785405812,0.6670452702536079,47.999999181208274
3.93376,4.08003,68.26602,5213.1932,-0.15902,47.38899,1.7943740314266248,0.6684515395286474,47.999999181208274
3.98085,4.13137,68.24023,5212.23654,-0.21891,47.41544,1.8002331398225029,0.6706342115685321,47.999999181208274
4.02791,4.18272,68.20627,5211.29109,-0.27876,47.44205,1.8081941828699457,0.6735999095713535,47.999999181208274
4.07494,4.23409,68.16417,5210.35566,-0.33855,47.46883,1.8182814435965404,0.6773576796038134,47.999999181208274
4.12193,4.28547,68.11392,5209.42902,-0.39824,47.49582,1.8305257992484973,0.6819190242525539,47.999999181208274
4.16889,4.33687,68.05555,5208.50994,-0.45783,47.52303,1.8449648368101348,0.687297945658207,47.999999181208274
4.21582,4.38829,67.98907,5207.59715,-0.51728,47.55051,1.8616429937174772,0.6935109979349109,47.999999181208274
4.26271,4.43972,67.91451,5206.68935,-0.57656,47.57826,1.8806117237730002,0.7005773489779187,47.999999181208274
4.30958,4.49117,67.8319,5205.7852,-0.63566,47.60634,1.90192968824786,0.7085188516542071,47.999999181208274
4.3564,4.54264,67.74126,5204.88332,-0.69454,47.63475,1.9256629721157674,0.7173601243552838,47.999999181208274
4.4032,4.59413,67.64263,5203.98228,-0.75319,47.66354,1.9518853253009814,0.7271286408684123,47.999999181208274
4.44996,4.64563,67.53605,5203.08061,-0.81156,47.69273,1.9806784287353854,0.7378548294898744,47.999999181208274
4.49669,4.69715,67.42156,5202.17677,-0.86964,47.72236,2.0121321848860787,0.7495721812541402,47.999999181208274
4.54338,4.7487,67.2992,5201.26917,-0.92738,47.75245,2.046345032262643,0.7623173670961021,47.999999181208274
4.59004,4.80026,67.16903,5200.35616,-0.98477,47.78306,2.0834242832003205,0.7761303636841956,47.999999181208274
4.63666,4.85184,67.03109,5199.43601,-1.04177,47.8142,2.1234864839550145,0.7910545875652611,47.999999181208274
4.68324,4.90344,66.88545,5198.50692,-1.09835,47.84592,2.16665779583217,0.8071370371450808,47.999999181208274
4.72979,4.95506,66.73217,5197.567,-1.15446,47.87826,2.2130743956748766,0.8244284418807333,47.999999181208274
4.7763,5.0067,66.57131,5196.61429,-1.21009,47.91125,2.2628828935731224,0.8429834178882833,47.999999181208274
4.82277,5.05836,66.40296,5195.64671,-1.26517,47.94495,2.3162407650911327,0.8628606289588361,47.999999181208274
4.86921,5.11005,66.22719,5194.6621,-1.31969,47.97939,2.37331679465057,0.8841229517304463,47.999999181208274
4.9156,5.16176,66.04408,5193.65818,-1.37359,48.01463,2.4342915259142757,0.9068376434679121,47.999999181208274
4.96195,5.21349,65.85372,5192.63256,-1.42684,48.05071,2.4993577141170737,0.9310765105679009,47.999999181208274
5.00826,5.26524,65.65621,5191.58274,-1.47938,48.08769,2.5687207742012075,0.9569160755011906,47.999999181208274
5.05453,5.31702,65.45166,5190.50606,-1.53117,48.12561,2.6425992174031934,0.9844377394527606,47.999999181208274
5.10075,5.36882,65.24017,5189.39975,-1.58216,48.16454,2.7212250675074907,1.013727937387235,47.999999181208274
5.14693,5.42065,65.02186,5188.26089,-1.63229,48.20454,2.8048442463731322,1.0448782816676965,47.999999181208274
5.19306,5.4725,64.79685,5187.08638,-1.68151,48.24567,2.893716916481358,1.0779856896636946,47.999999181208274
5.23915,5.52438,64.56528,5185.87298,-1.72977,48.288,2.98811776618911,1.1131524900156755,47.999999181208274
5.28518,5.57628,64.32728,5184.61728,-1.77699,48.3316,3.0883362210188987,1.1504865013460182,47.999999181208274
5.33117,5.62822,64.08301,5183.31567,-1.82312,48.37654,3.1946765617238895,1.1901010762413855,47.999999181208274
5.3771,5.68018,63.83263,5181.96436,-1.86808,48.42291,3.3074579269694206,1.2321151022516592,47.999999181208274
5.42298,5.73217,63.5763,5180.55936,-1.9118,48.47078,3.427014175317131,1.2766529504753974,47.999999181208274
5.4688,5.78418,63.3142,5179.09648,-1.95422,48.52023,3.5536935777579344,1.3238443610202768,47.999999181208274
5.51456,5.83623,63.04653,5177.57128,-1.99524,48.57138,3.687858308340997,1.3738242532489844,47.999999181208274
5.56027,5.88831,62.77348,5175.97912,-2.03479,48.6243,3.829883696533554,1.4267324472635783,47.999999181208274
5.60591,5.94043,62.49526,5174.31513,-2.07277,48.6791,3.9801572008486454,1.4827132815548123,47.999999181208274
5.65149,5.99257,62.21211,5172.57418,-2.1091,48.73589,4.139077059081074,1.5419151101795179,47.999999181208274
5.697,6.04475,61.92426,5170.75089,-2.14367,48.79477,4.307050566324641,1.604489661276715,47.999999181208274
5.74244,6.09696,61.63195,5168.83965,-2.17639,48.85587,4.48449192787602,1.6705912372178113,47.999999181208274
5.78781,6.14921,61.33547,5166.83457,-2.20716,48.9193,4.671819630424613,1.7403757353056575,47.999999181208274
5.8331,6.20149,61.03509,5164.72949,-2.23585,48.9852,4.869453271747861,1.8139994667526311,47.999999181208274
5.87831,6.25381,60.7311,5162.51801,-2.26236,49.05369,5.0778097867746315,1.8916177507899545,47.999999181208274
5.92345,6.30617,60.42382,5160.19346,-2.28656,49.12492,5.297299006703158,1.9733832603222767,47.999999181208274
5.96849,6.35857,60.11358,5157.74891,-2.30833,49.19902,5.528318488224483,2.0594440956773576,47.999999181208274
6.01345,6.41101,59.80072,5155.17718,-2.32754,49.27616,5.771247552303222,2.1499415638950516,47.999999181208274
6.05831,6.46349,59.48561,5152.47086,-2.34406,49.35648,6.026440476945636,2.2450076428543064,47.999999181208274
6.10308,6.51601,59.16864,5149.62231,-2.35774,49.44013,6.294218796449739,2.344762112541208,47.999999181208274
6.14775,6.56858,58.8502,5146.62367,-2.36846,49.5273,6.57486267153228,2.44930934019422,47.999999181208274
6.19231,6.62119,58.53072,5143.46694,-2.37606,49.61813,6.868601310986161,2.558734712119541,47.999999181208274
6.23675,6.67384,58.21064,5140.14394,-2.3804,49.71281,7.1756024469116975,2.673100712937838,47.999999181208274
6.28109,6.72655,57.89041,5136.64638,-2.38133,49.81151,7.495960892553171,2.7924426630772916,47.999999181208274
6.3253,6.7793,57.57052,5132.96592,-2.3787,49.91439,7.829686244974178,2.916764137696607,47.999999181208274
6.36939,6.83211,57.25146,5129.0942,-2.37236,50.02164,8.176689834453551,3.046032104991606,47.999999181208274
6.41334,6.88496,56.93376,5125.02287,-2.36216,50.13343,8.536771068677973,3.1801718390476794,47.999999181208274
6.45716,6.93787,56.61795,5120.74374,-2.34795,50.24992,8.909603372258934,3.3190616819398895,47.999999181208274
6.50083,6.99083,56.30459,5116.24876,-2.3296,50.3713,9.294719980058183,3.462527751372908,47.999999181208274
6.54435,7.04384,55.99425,5111.53018,-2.30696,50.49771,9.69149990500074,3.6103387133221516,47.999999181208274
6.58772,7.09692,55.68752,5106.58059,-2.27991,50.62932,10.099154465481682,3.762200763138327,47.999999181208274
6.63092,7.15005,55.38501,5101.39304,-2.24832,50.76627,10.516714821565929,3.9177529824539006,47.999999181208274
6.67395,7.20324,55.08733,5095.96115,-2.21209,50.90869,10.943021029355902,4.076563261647066,47.999999181208274
6.7168,7.25648,54.79513,5090.27922,-2.17112,51.05671,11.376713175124179,4.238124997072873,47.999999181208274
6.75947,7.30979,54.50903,5084.34233,-2.12532,51.21041,11.816225190118447,4.401854786915337,47.999999181208274
6.80195,7.36317,54.22968,5078.14649,-2.07464,51.36989,12.259781968045626,4.567091357374428,47.999999181208274
6.84422,7.4166,53.95774,5071.68874,-2.01903,51.5352,12.705400404680761,4.733095949947739,47.999999181208274
6.88629,7.4701,53.69385,5064.96727,-1.95847,51.70638,13.150894947265083,4.899054388727272,47.999999181208274
6.92814,7.52367,53.43867,5057.98157,-1.89297,51.88343,13.593888175933529,5.064081022259613,47.999999181208274
6.96977,7.5773,53.19283,5050.73248,-1.82255,52.06632,14.031826836766722,5.227224696279635,47.999999181208274
7.01118,7.63099,52.95697,5043.22233,-1.74729,52.25501,14.462003604594486,5.387476860927442,47.999999181208274
7.05234,7.68475,52.73171,5035.45504,-1.66727,52.4494,14.88158467437299,5.543781849262304,47.999999181208274
7.09326,7.73858,52.51764,5027.43614,-1.58261,52.64936,15.287643066433857,5.695049284344282,47.999999181208274
7.13392,7.79248,52.31535,5019.17287,-1.49348,52.85474,15.677197290312444,5.8401684825275595,47.999999181208274
7.17433,7.84644,52.12537,5010.67417,-1.40008,53.06531,16.047254754552824,5.978024624754986,47.999999181208274
7.21447,7.90047,51.94823,5001.95071,-1.30262,53.28085,16.394859048943225,6.107516370434841,47.999999181208274
7.25434,7.95457,51.7844,4993.01484,-1.20136,53.50107,16.71713997728944,6.227574495965375,47.999999181208274
7.29393,8.00873,51.63432,4983.88056,-1.09661,53.72566,17.011364999693768,6.337181058337245,47.999999181208274
7.33324,8.06296,51.49837,4974.56343,-0.98869,53.95426,17.27499057086689,6.435388520005473,47.999999181208274
7.37226,8.11725,51.37691,4965.08043,-0.87796,54.18648,17.505711750902304,6.521338230208266,47.999999181208274
7.41099,8.1716,51.27022,4955.44986,-0.76479,54.42192,17.701508429627477,6.594277644754063,47.999999181208274
7.44942,8.22602,51.17855,4945.69115,-0.6496,54.66012,17.860686553461047,6.65357568411057,47.999999181208274
7.48755,8.28049,51.10206,4935.82471,-0.5328,54.90063,17.98191287670336,6.698735679174863,47.999999181208274
7.52537,8.33503,51.04088,4925.87166,-0.41484,55.14295,18.064241973836392,6.729405434065836,47.999999181208274
7.5629,8.38962,50.99508,4915.85367,-0.29617,55.38659,18.107134534997257,6.745384041669462,47.999999181208274
7.60011,8.44426,50.96464,4905.79271,-0.17726,55.63105,18.11046630770159,6.746625214666043,47.999999181208274
7.63702,8.49896,50.94952,4895.71083,-0.05855,55.87581,18.07452742350406,6.733237034693508,47.999999181208274
7.67362,8.55371,50.94958,4885.62989,0.05948,56.12036,18.00001223534529,6.705478166491768,47.999999181208274
7.70992,8.6085,50.96466,4875.57139,0.1764,56.36422,17.888000166184508,6.663750723514461,47.999999181208274
7.74591,8.66335,50.99453,4865.55625,0.29176,56.60689,17.739928409626287,6.608590098194133,47.999999181208274
7.78159,8.71823,51.03889,4855.60458,0.40514,56.8479,17.557557609184418,6.540652176564985,47.999999181208274
7.81698,8.77316,51.09741,4845.73554,0.51615,57.08681,17.342931860538982,6.460698438051246,47.999999181208274
7.85206,8.82813,51.16971,4835.96719,0.62439,57.32319,17.098334521611445,6.369579493557421,47.999999181208274
7.88685,8.88313,51.25536,4826.31632,0.72953,57.55665,16.826241375827063,6.268217637551204,47.999999181208274
7.92136,8.93817,51.3539,4816.79841,0.83124,57.78682,16.529272677657723,6.157588983766412,47.999999181208274
7.95557,8.99324,51.46483,4807.4275,0.92921,58.01337,16.210145524311656,6.038705722404248,47.999999181208274
7.9895,9.04835,51.58761,4798.2162,1.02321,58.236,15.871627854961853,5.912598983635509,47.999999181208274
8.02316,9.10348,51.72169,4789.17559,1.11298,58.45445,15.516495193383603,5.780302723094919,47.999999181208274
8.05655,9.15863,51.86649,4780.31529,1.19835,58.6685,15.147491036388043,5.64283896553037,47.999999181208274
8.08967,9.21381,52.02141,4771.64344,1.27913,58.87795,14.767291563853943,5.501204658361233,47.999999181208274
8.12253,9.26902,52.18583,4763.16674,1.3552,59.08265,14.378475120110611,5.356360302690501,47.999999181208274
8.15515,9.32424,52.35915,4754.89054,1.42646,59.28246,13.98349670218149,5.209220449504264,47.999999181208274
8.18751,9.37949,52.54073,4746.81884,1.49283,59.4773,13.584667497015202,5.060646076751872,47.999999181208274
8.21964,9.43475,52.72993,4738.95443,1.55427,59.66711,13.184139343399417,4.911438801000018,47.999999181208274
8.25153,9.49003,52.92613,4731.29897,1.61074,59.85185,12.783893858241402,4.762336826686137,47.999999181208274
8.2832,9.54532,53.1287,4723.85303,1.66226,60.03151,12.385735862601482,4.6140124971429035,47.999999181208274
8.31464,9.60063,53.33701,4716.61624,1.70885,60.2061,11.991290669396935,4.467071284196558,47.999999181208274
8.34587,9.65595,53.55045,4709.58735,1.75055,60.37567,11.602004749682138,4.3220520363737975,47.999999181208274
8.3769,9.71129,53.76842,4702.76436,1.78742,60.54027,11.21914927465942,4.17942829839402,47.999999181208274
8.40773,9.76663,53.99031,4696.14455,1.81953,60.69998,10.84382603194537,4.039610515134182,47.999999181208274
8.43836,9.82198,54.21556,4689.72466,1.84698,60.85487,10.476975232977543,3.9029489400932222,47.999999181208274
8.4688,9.87735,54.44358,4683.50087,1.86987,61.00506,10.119384759691686,3.76973708002263,47.999999181208274
8.49906,9.93272,54.67384,4677.46898,1.8883,61.15066,9.771700438724233,3.6402155223371975,47.999999181208274
8.52914,9.9881,54.90579,4671.62441,1.90239,61.29178,9.434436977169323,3.5145760089722495,47.999999181208274
8.55905,10.04348,55.13892,4665.9623,1.91227,61.42856,9.107989242190595,3.3929656383358218,47.999999181208274
8.5888,10.09888,55.37272,4660.47757,1.91806,61.56113,8.792643615466009,3.2754910951381127,47.999999181208274
8.61838,10.15428,55.60672,4655.16497,1.91991,61.68963,8.488589200377424,3.1622228253644713,47.999999181208274
8.64781,10.20968,55.84045,4650.01915,1.91794,61.8142,8.195928704061195,3.053199090125579,47.999999181208274
8.67709,10.26509,56.07346,4645.03467,1.91229,61.93499,7.914688856617328,2.9484298470869974,47.999999181208274
8.70623,10.32051,56.30532,4640.20607,1.9031,62.05214,7.644830265816334,2.8479004216067714,47.999999181208274
8.73522,10.37593,56.53562,4635.52789,1.89051,62.16579,7.386256636923422,2.7515749413625237,47.999999181208274
8.76408,10.43136,56.76396,4630.99471,1.87466,62.27609,7.1388233140837105,2.6593995182421875,47.999999181208274
8.7928,10.48679,56.98998,4626.60115,1.85567,62.38318,6.902345122064806,2.5713051695994404,47.999999181208274
8.8214,10.54222,57.2133,4622.34193,1.83368,62.48721,6.6766035054537305,2.4872104777924102,47.999999181208274
8.84987,10.59767,57.43359,4618.21185,1.80882,62.58831,6.461352976935324,2.407023992337041,47.999999181208274
8.87822,10.65311,57.65051,4614.20584,1.78123,62.68662,6.256326897488798,2.3306463831823936,47.999999181208274
8.90646,10.70856,57.86376,4610.31892,1.75102,62.78227,6.061242619749962,2.257972356748406,47.999999181208274
8.93458,10.76401,58.07304,4606.54628,1.71831,62.87538,5.875806031582859,2.188892348525879,47.999999181208274
8.96258,10.81947,58.27806,4602.88321,1.68323,62.96609,5.699715540794214,2.12329400748745,47.999999181208274
8.99048,10.87493,58.47856,4599.32517,1.64588,63.05452,5.532665543984352,2.06106348832583,47.999999181208274
9.01828,10.9304,58.67428,4595.86775,1.60639,63.14078,5.374349423330657,2.0020865678344943,47.999999181208274
9.04597,10.98587,58.86499,4592.50666,1.56485,63.225,5.224462114729483,1.946249601608115,47.999999181208274
9.07357,11.04134,59.05045,4589.2378,1.52137,63.30727,5.082702289617348,1.8934403368283634,47.999999181208274
9.10106,11.09682,59.23045,4586.05717,1.47606,63.38771,4.948774191015093,1.8435485962386693,47.999999181208274
9.12846,11.15231,59.40478,4582.96094,1.429,63.46642,4.822389162181349,1.7964668476078551,47.999999181208274
9.1558,11.20778,59.57504,4579.94187,1.40984,63.47709,4.702088187546141,1.751651569247096,0.0
9.18311,11.26322,59.74275,4576.99383,1.38838,63.48778,4.586563619788618,1.708615628123103,0.0
9.2104,11.31864,59.90765,4574.11473,1.3647,63.49851,4.47577753914834,1.6673448981273842,0.0
9.23765,11.37403,60.06948,4571.30248,1.33888,63.50927,4.369675030152314,1.6278189218013348,0.0
9.26488,11.4294,60.228,4568.55502,1.31103,63.52006,4.268191212813284,1.5900135296426083,0.0
9.29208,11.48474,60.38299,4565.87028,1.28122,63.53088,4.171253017828496,1.5539015014133593,0.0
9.31926,11.54006,60.5342,4563.24623,1.24954,63.54173,4.07878080517104,1.5194531691081086,0.0
9.34641,11.59536,60.68145,4560.68086,1.21607,63.55261,3.9906898320302155,1.4866369638001524,0.0
9.37353,11.65064,60.82451,4558.17218,1.1809,63.56352,3.9068915772735133,1.4554199090385003,0.0
9.40063,11.70589,60.9632,4555.71824,1.14409,63.57447,3.8272949304833643,1.4257680637953485,0.0
9.4277,11.76112,61.09734,4553.31711,1.10574,63.58544,3.751807254160399,1.397646918164742,0.0
9.45475,11.81634,61.22675,4550.96691,1.06592,63.59645,3.6803353280244555,1.3710217451395479,0.0
9.48177,11.87153,61.35127,4548.66578,1.0247,63.60749,3.6127861844260627,1.3458579118242116,0.0
9.50877,11.92671,61.47074,4546.41189,0.98215,63.61857,3.549067843837041,1.322121153424359,0.0
9.53575,11.98187,61.58501,4544.20345,0.93836,63.62968,3.4890899591674125,1.2997778132717999,0.0
9.5627,12.03701,61.69395,4542.0387,0.89338,63.64081,3.4327643773774694,1.2787950520397953,0.0
9.58963,12.09214,61.79742,4539.91592,0.8473,63.65199,3.380005626462252,1.2591410291575948,0.0
9.61653,12.14725,61.89531,4537.8334,0.80016,63.66319,3.3307313354607495,1.240785059274911,0.0
9.64342,12.20234,61.9875,4535.78948,0.75205,63.67443,3.284862594669599,1.2236977464510022,0.0
9.67028,12.25742,62.07388,4533.7825,0.70303,63.6857,3.242324262748556,1.2078510985595396,0.0
9.69711,12.31248,62.15436,4531.81086,0.65315,63.69701,3.203045226913618,1.1932186242173926,0.0
9.72393,12.36754,62.22883,4529.87295,0.60248,63.70835,3.1669586218985315,1.1797754143535504,0.0
9.75072,12.42257,62.29722,4527.96719,0.55108,63.71972,3.1340020128886312,1.1674982103567912,0.0
9.77749,12.4776,62.35946,4526.09205,0.49901,63.73113,3.1041175471358837,1.1563654605562756,0.0
9.80424,12.53261,62.41546,4524.24596,0.44633,63.74257,3.077252078512685,1.146357366621112,0.0
9.83097,12.5876,62.46516,4522.42741,0.39309,63.75405,3.0533572688053745,1.1374559212948572,0.0
9.85767,12.64259,62.50852,4520.63488,0.33935,63.76556,3.032389669129178,1.1296449387247234,0.0
9.88435,12.69756,62.54547,4518.86686,0.28517,63.7771,3.0143107844431953,1.1229100784951103,0.0
9.91102,12.75253,62.57598,4517.12186,0.23061,63.78868,2.9990871237528705,1.1172388643293443,0.0
9.93766,12.80748,62.6,4515.39837,0.17571,63.80029,2.986690238231403,1.1126206982909084,0.0
9.96428,12.86242,62.61751,4513.6949,0.12053,63.81193,2.9770967491338243,1.1090468711821708,0.0
9.99088,12.91735,62.62848,4512.00996,0.06512,63.82361,2.970288367059406,1.1065105697201363,0.0
10.01746,12.97227,62.63289,4510.34203,0.00954,63.83533,2.9662519037870676,1.1050068809454492,0.0
10.04401,13.02718,62.63073,4508.68962,-0.04615,63.84708,2.9649792776151105,1.1045327942115857,0.0
10.07055,13.08208,62.62199,4507.0512,-0.10192,63.85886,2.9664675128341336,1.1050872009884969,0.0
10.09707,13.13697,62.60668,4505.42524,-0.15769,63.87068,2.9707187336766125,1.1066708926086726,0.0
10.12356,13.19185,62.5848,4503.81018,-0.21343,63.88253,2.977740152796947,1.1092865559756528,0.0
10.15004,13.24672,62.55636,4502.20447,-0.26907,63.89442,2.987544054062727,1.1129387671533233,0.0
10.17649,13.30158,62.52137,4500.60651,-0.32457,63.90634,3.000147769141606,1.117633982643908,0.0
10.20292,13.35643,62.47988,4499.01468,-0.37987,63.91829,3.015573647090094,1.1233805280589961,0.0
10.22934,13.41128,62.4319,4497.42736,-0.43491,63.93028,3.033849015856832,1.130188583778498,0.0
10.25573,13.46611,62.37748,4495.84286,-0.48964,63.9423,3.055006134306918,1.1380701670784446,0.0
10.2821,13.52093,62.31666,4494.25948,-0.54401,63.95436,3.079082133062949,1.1470391100927189,0.0
10.30845,13.57575,62.24949,4492.67547,-0.59795,63.96645,3.106118942149977,1.1571110328588974,0.0
10.33478,13.63056,62.17602,4491.08907,-0.65142,63.97857,3.1361632030702324,1.1683033105637737,0.0
10.36109,13.68535,62.09633,4489.49845,-0.70435,63.99073,3.1692661626021135,1.1806350339806846,0.0
10.38738,13.74014,62.01048,4487.90173,-0.75668,64.00292,3.2054835452502104,1.1941269619537898,0.0
10.41365,13.79492,61.91855,4486.29702,-0.80836,64.01515,3.2448754008861593,1.2088014646402812,0.0
10.4399,13.84969,61.82063,4484.68233,-0.85932,64.02741,3.2875059237297033,1.2246824560760645,0.0
10.46612,13.90445,61.71681,4483.05566,-0.9095,64.0397,3.333443238412582,1.24179531447893,0.0
10.49233,13.9592,61.60719,4481.41494,-0.95883,64.05203,3.3827591484600616,1.2601667885513028,0.0
10.51851,14.01394,61.49187,4479.75804,-1.00726,64.06439,3.4355288420893353,1.2798248878824094,0.0
10.54468,14.06868,61.37098,4478.08276,-1.05471,64.07678,3.4918305498200484,1.3007987553991864,0.0
10.57082,14.1234,61.24463,4476.38686,-1.10112,64.0892,3.5517451479770066,1.3231185196606083,0.0
10.59694,14.17811,61.11295,4474.66803,-1.14641,64.10166,3.6153557017611266,1.346815124639593,0.0
10.62304,14.23281,60.9761,4472.92389,-1.19051,64.11415,3.682746941222669,1.3719201345092442,0.0
10.64911,14.2875,60.83421,4471.15199,-1.23336,64.12667,3.7540046631325312,1.3984655108241713,0.0
10.67517,14.34218,60.68743,4469.34983,-1.27487,64.13922,3.829215051497172,1.426483359394416,0.0
10.7012,14.39685,60.53595,4467.51482,-1.31498,64.15181,3.9084639092923252,1.456005644086053,0.0
10.72721,14.45151,60.37992,4465.64433,-1.35359,64.16443,3.991835793913411,1.4870638647537142,0.0
10.7532,14.50615,60.21954,4463.73563,-1.39064,64.17707,4.079413048902053,1.5196886965332446,0.0
10.77916,14.56078,60.055,4461.78596,-1.42604,64.18975,4.171274724749966,1.5539095878127505,0.0
10.8051,14.6154,59.8865,4459.79248,-1.4597,64.20246,4.267495381989445,1.5897543143523167,0.0
10.83102,14.67001,59.71425,4457.75228,-1.49155,64.2152,4.368143770454873,1.6272484872741706,0.0
10.85691,14.7246,59.53847,4455.6624,-1.52149,64.22797,4.473281379527437,1.666415012990685,0.0
10.88278,14.77918,59.35941,4453.51983,-1.54945,64.24077,4.582960855448547,1.7072735036119915,0.0
10.90863,14.83374,59.17729,4451.3215,-1.57532,64.2536,4.6972242833901685,1.7498396369719755,0.0
10.93445,14.88828,58.99238,4449.06432,-1.59904,64.26646,4.81610133401154,1.794124466171885,0.0
10.96025,14.94281,58.80493,4446.74514,-1.62049,64.27934,4.9396072767043036,1.840133679461868,0.0
10.98602,14.99733,58.61522,4444.3608,-1.6396,64.29226,5.067740864679846,1.8878668123803617,0.0
11.01177,15.05182,58.42353,4441.90811,-1.65628,64.3052,5.200482100544256,1.937316415371971,0.0
11.03749,15.1063,58.23016,4439.38388,-1.67044,64.31817,5.3377898949914675,1.988467181589062,0.0
11.06318,15.16075,58.0354,4436.78494,-1.68198,64.33116,5.47959963580426,2.0412950412806694,0.0
11.08885,15.21519,57.83958,4434.10811,-1.69083,64.34419,5.625820689421158,2.0957662310604315,0.0
11.11449,15.26961,57.64301,4431.35028,-1.69689,64.35723,5.776333862854516,2.151836348404294,0.0
11.1401,15.324,57.44603,4428.50838,-1.70008,64.37031,5.930988859739297,2.209449403961745,0.0
11.16565,15.37838,57.24776,4425.58186,-1.72143,64.45037,6.090655044244751,2.2689292587601786,34.99999940296436
11.19112,15.43277,57.04729,4422.56956,-1.74028,64.53232,6.256297521781789,2.330635439958611,34.99999940296436
11.21648,15.48717,56.84493,4419.46749,-1.75656,64.61622,6.427890492550546,2.394558336452758,34.99999940296436
11.24175,15.54157,56.64099,4416.27169,-1.77016,64.70216,6.605374119425777,2.460675657339057,34.99999940296436
11.26692,15.59598,56.43579,4412.9782,-1.78099,64.7902,6.788655851217658,2.52895292486413,34.99999940296436
11.29199,15.65039,56.22965,4409.58311,-1.78896,64.88041,6.977606984417649,2.5993421935846532,34.99999940296436
11.31696,15.70481,56.02292,4406.08256,-1.79397,64.97285,7.172059186474971,2.671780755196365,34.99999940296436
11.34182,15.75923,55.81596,4402.47277,-1.79595,65.0676,7.371801031948595,2.7461898481595433,34.99999940296436
11.36657,15.81366,55.60912,4398.75009,-1.7948,65.1647,7.576574612081269,2.8224733946761247,34.99999940296436
11.39121,15.86808,55.40278,4394.91098,-1.79045,65.26423,7.7860722876795165,2.9005167910520644,34.99999940296436
11.41573,15.92251,55.19731,4390.95208,-1.78281,65.36624,7.999933664312806,2.980185780879442,34.99999940296436
11.44014,15.97695,54.99309,4386.87024,-1.77183,65.47079,8.217742877547682,3.0613254437147432,34.99999940296436
11.46442,16.03138,54.79052,4382.66251,-1.75743,65.57791,8.439026283637533,3.143759334800037,34.99999940296436
11.48859,16.08581,54.59,4378.32624,-1.73957,65.68767,8.663250657380022,3.2272888137174562,34.99999940296436
11.51262,16.14025,54.39192,4373.85906,-1.7182,65.80008,8.889822003218681,3.3116926014932515,34.99999940296436
11.53653,16.19468,54.1967,4369.25895,-1.69327,65.91518,9.118085087444987,3.3967266063307595,34.99999940296436
11.5603,16.24911,54.00474,4364.52425,-1.66477,66.033,9.34732379816362,3.4821240577069386,34.99999940296436
11.58394,16.30354,53.81645,4359.65374,-1.63267,66.15355,9.57676243476354,3.567595986734262,34.99999940296436
11.60743,16.35796,53.63223,4354.64661,-1.59699,66.27684,9.805568019628437,3.652832087333697,34.99999940296436
11.63079,16.41238,53.4525,4349.50256,-1.55772,66.40286,10.03285371141753,3.737501987771601,34.99999940296436
11.654,16.4668,53.27766,4344.22179,-1.5149,66.5316,10.257683381005409,3.821256955317719,34.99999940296436
11.67706,16.52121,53.10809,4338.80506,-1.46856,66.66303,10.479077388251945,3.903732048243972,34.99999940296436
11.69997,16.57561,52.94419,4333.25368,-1.41877,66.79712,10.69601957029605,3.9845487191477464,34.99999940296436
11.72273,16.63,52.78635,4327.56956,-1.36559,66.93383,10.907465420422657,4.063317861795057,34.99999940296436
11.74533,16.68439,52.63491,4321.75522,-1.30912,67.07309,11.11235140157639,4.139643280649432,34.99999940296436
11.76777,16.73876,52.49025,4315.81382,-1.24947,67.21483,11.309605301323602,4.21312554836773,34.99999940296436
11.79004,16.79312,52.35269,4309.74911,-1.18677,67.35898,11.49815749656841,4.283366202203258,34.99999940296436
11.81215,16.84747,52.22257,4303.56551,-1.12114,67.50542,11.676952958596301,4.349972216200383,34.99999940296436
11.83409,16.9018,52.10018,4297.26803,-1.05277,67.65406,11.84496379317796,4.412560672713161,34.99999940296436
11.85587,16.95612,51.9858,4290.8623,-0.98182,67.80478,12.001202078842374,4.470763544999861,34.99999940296436
11.87746,17.01043,51.87969,4284.35453,-0.90848,67.95743,12.144732740462548,4.524232492972369,34.99999940296436
11.89889,17.06471,51.78208,4277.7515,-0.83298,68.11189,12.274686176837301,4.572643567302663,34.99999940296436
11.92014,17.11898,51.69318,4271.06048,-0.75552,68.26799,12.390270351193301,4.615701713452932,34.99999940296436
11.94121,17.17322,51.61318,4264.28926,-0.67636,68.42558,12.490782053968424,4.653144967358729,34.99999940296436
11.9621,17.22744,51.54222,4257.44601,-0.59573,68.58448,12.575617057820287,4.684748238436839,34.99999940296436
11.98281,17.28164,51.48042,4250.53931,-0.5139,68.74451,12.644278906345166,4.710326583614321,34.99999940296436
12.00334,17.33582,51.42787,4243.57803,-0.43112,68.9055,12.69638610941432,4.729737887780606,34.99999940296436
12.02368,17.38997,51.38464,4236.5713,-0.34769,69.06724,12.731677558620408,4.742884881183787,34.99999940296436
12.04385,17.4441,51.35075,4229.52842,-0.26387,69.22955,12.750016024517336,4.7497164422444715,34.99999940296436
12.06383,17.49819,51.3262,4222.45881,-0.17994,69.39223,12.751389650905473,4.750228154216338,34.99999940296436
12.08362,17.55226,51.31095,4215.37194,-0.09619,69.55509,12.735911418366289,4.744462105338684,34.99999940296436
12.10324,17.6063,51.30494,4208.27724,-0.0129,69.71793,12.7038166068226,4.732505943573344,34.99999940296436
12.12267,17.66031,51.30807,4201.18405,0.06966,69.88056,12.655458342802246,4.714491217843259,34.99999940296436
12.14191,17.71429,51.32022,4194.10156,0.15122,70.04279,12.591301368764574,4.690591056942644,34.99999940296436
12.16098,17.76824,51.34122,4187.03872,0.23151,70.20444,12.511914217302394,4.661017254221314,34.99999940296436
12.17986,17.82215,51.3709,4180.00423,0.31028,70.36532,12.417960010563347,4.626016840127059,34.99999940296436
12.19857,17.87603,51.40906,4173.00642,0.38729,70.52527,12.31018613350405,4.585868235221101,34.99999940296436
12.2171,17.92987,51.45545,4166.05328,0.46231,70.68411,12.189413048076702,4.540877083168288,34.99999940296436
12.23545,17.98369,51.50981,4159.15235,0.53511,70.84171,12.056522523729742,4.491371866288912,34.99999940296436
12.25363,18.03746,51.57188,4152.31074,0.6055,70.99791,11.912445558315191,4.437699405778881,34.99999940296436
12.27163,18.0912,51.64135,4145.53506,0.67329,71.15258,11.758150253158608,4.380220344854242,34.99999940296436
12.28947,18.14491,51.71791,4138.83143,0.7383,71.3056,11.594629887993534,4.319304706350503,34.99999940296436
12.30713,18.19857,51.80123,4132.20545,0.80038,71.45685,11.422891416985854,4.255327607189015,34.99999940296436
12.32463,18.25221,51.89096,4125.66218,0.85939,71.60624,11.243944577838944,4.188665201232083,34.99999940296436
12.34197,18.3058,51.98675,4119.20617,0.9152,71.75367,11.058791773477612,4.119690909944008,34.99999940296436
12.35914,18.35936,52.08822,4112.84143,0.96772,71.89907,10.86841885180265,4.0487719876070525,34.99999940296436
12.37616,18.41288,52.19501,4106.57146,1.01685,72.04238,10.673786874708476,3.976266455063948,34.99999940296436
12.39302,18.46637,52.30672,4100.39924,1.06251,72.18353,10.475824934533987,3.9025204236568243,34.99999940296436
12.40973,18.51982,52.42298,4094.32726,1.10466,72.32248,10.275424045176248,3.8278658195063247,34.99999940296436
12.42629,18.57324,52.54339,4088.35756,1.14324,72.4592,10.07343210715339,3.752618507865059,34.99999940296436
12.44269,18.62662,52.66756,4082.49169,1.17823,72.59367,9.87064992159465,3.6770768082240113,34.99999940296436
12.45896,18.67996,52.7951,4076.7308,1.20961,72.72586,9.667828207646833,3.6015203832179794,34.99999940296436
12.47508,18.73327,52.92561,4071.07562,1.23739,72.85579,9.465665561377332,3.526209478263235,34.99999940296436
12.49106,18.78654,53.05871,4065.52652,1.26156,72.98343,9.264807281830436,3.4513844842326136,34.99999940296436
12.50691,18.83978,53.19401,4060.08351,1.28216,73.10882,9.065844981145718,3.377265792214361,34.99999940296436
12.52262,18.89299,53.33113,4054.74627,1.2992,73.23196,8.869316890474213,3.3040539074739494,34.99999940296436
12.5382,18.94616,53.4697,4049.51421,1.31274,73.35288,8.675708771208411,3.231929788911234,34.99999940296436
12.55365,18.9993,53.60933,4044.38644,1.32282,73.47161,8.485455341524851,3.161055380485099,34.99999940296436
12.56898,19.05241,53.74968,4039.36186,1.32949,73.58818,8.29894213081651,3.091574302038317,34.99999940296436
12.58418,19.10549,53.89038,4034.43912,1.33282,73.70263,8.116507678967576,3.0236126685852684,34.99999940296436
12.59926,19.15853,54.03109,4029.61671,1.33288,73.81502,7.938446003032691,2.9572800092148626,34.99999940296436
12.61422,19.21154,54.17146,4024.89292,1.32974,73.92537,7.7650092604045415,2.8926702591905347,34.99999940296436
12.62906,19.26452,54.31118,4020.2659,1.32347,74.03375,7.596410544690611,2.829862801487902,34.99999940296436
12.64379,19.31748,54.44993,4015.73369,1.31416,74.14022,7.4328267578290514,2.7689235367334977,34.99999940296436
12.65841,19.3704,54.58738,4011.29419,1.3019,74.24481,7.274401509367581,2.7099059632624405,34.99999940296436
12.67292,19.4233,54.72324,4006.94522,1.28677,74.3476,7.121248001004007,2.652852251685679,34.99999940296436
12.68733,19.47616,54.85723,4002.68454,1.26886,74.44865,6.973451861325109,2.597794300904814,34.99999940296436
12.70162,19.529,54.98906,3998.5098,1.24827,74.54801,6.831073902109437,2.5447547649074074,34.99999940296436
12.71582,19.58181,55.11846,3994.41864,1.22508,74.64574,6.694152773355045,2.4937480418346785,34.99999940296436
12.72991,19.6346,55.24518,3990.40866,1.19939,74.74191,6.562707499572666,2.444781218817441,34.99999940296436
12.7439,19.68736,55.36896,3986.47739,1.1713,74.83659,6.436739884527134,2.397854967805553,34.99999940296436
12.75779,19.74009,55.48957,3982.6224,1.1409,74.92983,6.316236775761827,2.3529643891628633,34.99999940296436
12.77159,19.7928,55.60678,3978.84118,1.10828,75.02169,6.201172183772005,2.3100998011150304,34.99999940296436
12.78529,19.84548,55.72037,3975.13128,1.07354,75.11225,6.0915092537126085,2.2692474742625595,34.99999940296436
12.7989,19.89814,55.83014,3971.49019,1.03677,75.20156,5.987202090005301,2.2303903112949355,34.99999940296436
12.81242,19.95078,55.93589,3967.91545,0.99807,75.28969,5.88819743628112,2.1935084728134613,34.99999940296436
12.82585,20.00339,56.03743,3964.40459,0.95753,75.3767,5.794436214690772,2.1585799507648415,34.99999940296436
12.83918,20.05598,56.13458,3960.95513,0.91523,75.46265,5.705854929879253,2.125581091458676,34.99999940296436
12.85243,20.10854,56.22718,3957.56465,0.87127,75.5476,5.622386943880644,2.0944870704993077,34.99999940296436
12.8656,20.16109,56.31507,3954.2307,0.82575,75.63161,5.543963628777144,2.0652723221816465,34.99999940296436
12.87867,20.21361,56.39809,3950.95088,0.77874,75.71475,5.470515404461342,2.037910926084921,34.99999940296436
12.89167,20.26611,56.47612,3947.72278,0.73033,75.79707,5.401972668961238,2.0123769536432214,34.99999940296436
12.90457,20.3186,56.54901,3944.54402,0.68062,75.87863,5.338266628908293,1.988644777516704,34.99999940296436
12.9174,20.37106,56.61665,3941.41224,0.62969,75.95949,5.279330037564587,1.9666893465261266,34.99999940296436
12.93014,20.4235,56.67892,3938.32509,0.57762,76.0397,5.225097847663828,1.9464864288532986,34.99999940296436
12.94281,20.47592,56.73572,3935.28023,0.52449,76.11933,5.175507785990267,1.9280128260868468,34.99999940296436
12.95539,20.52832,56.78696,3932.27534,0.47039,76.19843,5.1305008562656,1.911246560560817,34.99999940296436
12.96789,20.5807,56.83254,3929.30812,0.4154,76.27705,5.090021776494547,1.89616703827741,34.99999940296436
12.98032,20.63306,56.8724,3926.37625,0.3596,76.35525,5.054019356456304,1.8827551895324823,34.99999940296436
12.99266,20.6854,56.90645,3923.47745,0.30307,76.43309,5.022446820543996,1.8709935891817318,34.99999940296436
13.00493,20.73773,56.93464,3920.60942,0.2459,76.51061,4.995262080648596,1.8608665582971406,34.99999940296436
13.01712,20.79003,56.95691,3917.76988,0.18815,76.58788,4.972427963282489,1.852360248776479,34.99999940296436
13.02923,20.84232,56.97322,3914.95655,0.1299,76.66495,4.953912394596429,1.8454627122669893,34.99999940296436
13.04126,20.89459,56.98353,3912.16712,0.07124,76.74187,4.939688546436898,1.8401639545755948,34.99999940296436
13.05322,20.94684,56.9878,3909.39931,0.01224,76.81869,4.929734946084497,1.8364559765493382,34.99999940296436
13.0651,20.99908,56.98603,3906.6508,-0.04702,76.89547,4.924035551760582,1.8343328022035903,34.99999940296436
13.0769,21.05129,56.97818,3903.91928,-0.10646,76.97225,4.922579795524771,1.8337904947024986,34.99999940296436
13.08863,21.10349,56.96426,3901.20243,-0.16602,77.04911,4.925362594650676,1.83482716059675,34.99999940296436
13.10028,21.15567,56.94427,3898.49787,-0.2256,77.12607,4.932384332079897,1.8374429425421657,34.99999940296436
13.11186,21.20783,56.91822,3895.80326,-0.28514,77.20321,4.943650806068636,1.8416400005417426,34.99999940296436
13.12339,21.25997,56.88712,3893.11382,-0.3248,77.21791,4.958464914538007,1.8471586457292362,0.0
13.13489,21.31208,56.85202,3890.42529,-0.36421,77.23261,4.976125270455212,1.8537375929803246,0.0
13.14638,21.36416,56.81295,3887.73602,-0.40331,77.24731,4.996633182611045,1.861377329854017,0.0
13.15784,21.4162,56.76994,3885.04432,-0.44204,77.26203,5.019990272282527,1.87007846031866,0.0
13.16928,21.46822,56.72304,3882.3485,-0.48032,77.27675,5.046197864099584,1.8798414778337549,0.0
13.1807,21.5202,56.67232,3879.64685,-0.5181,77.29148,5.0752567754711135,1.890666686905624,0.0
13.19211,21.57216,56.61782,3876.93764,-0.55531,77.30621,5.107167078805329,1.9025541145082312,0.0
13.20349,21.62408,56.55962,3874.21912,-0.5919,77.32096,5.141927836184865,1.9155034112426799,0.0
13.21484,21.67598,56.49778,3871.48955,-0.62779,77.33571,5.1795368062193425,1.9295137421320798,0.0
13.22618,21.72784,56.43239,3868.74713,-0.66292,77.35047,5.219990122868564,1.9445836669747358,0.0
13.2375,21.77967,56.36353,3865.99009,-0.69723,77.36523,5.263281946144562,1.9607110102214689,0.0
13.2488,21.83147,56.29129,3863.21663,-0.73066,77.38,5.3094040847634565,1.9778927204035106,0.0
13.26007,21.88324,56.21577,3860.42493,-0.76314,77.39478,5.358345590975195,1.9961247191959126,0.0
13.27132,21.93497,56.13707,3857.61319,-0.79461,77.40956,5.4100923280721505,2.015401740303125,0.0
13.28256,21.98668,56.05531,3854.77957,-0.825,77.42435,5.4646265113370145,2.035717158450005,0.0
13.29377,22.03835,55.9706,3851.92224,-0.85426,77.43915,5.521926223509391,2.0570628088803793,0.0
13.30496,22.08999,55.88307,3849.03938,-0.88232,77.45395,5.5819649062633285,2.0794287979190376,0.0
13.31613,22.14159,55.79284,3846.12914,-0.90912,77.46876,5.644710829587469,2.102803305301883,0.0
13.32727,22.19317,55.70004,3843.18971,-0.9346,77.48358,5.710126541476879,2.1271723791716566,0.0
13.3384,22.2447,55.60482,3840.21925,-0.9587,77.49839,5.778168300862812,2.1525197248293533,0.0
13.3495,22.29621,55.50733,3837.21597,-0.98136,77.51322,5.848785497317571,2.1788264885590145,0.0
13.36059,22.34768,55.40771,3834.17807,-1.00252,77.52805,5.921920061708349,2.20607103808078,0.0
13.37165,22.39911,55.30613,3831.10377,-1.02213,77.54288,5.997505872657124,2.234228741441578,0.0
13.38269,22.45051,55.20275,3827.99132,-1.04012,77.55772,6.075468164388886,2.263271746423011,0.0
13.39371,22.50187,55.09772,3824.83901,-1.05646,77.57256,6.155722942306947,2.2931687628277824,0.0
13.4047,22.55319,54.99124,3821.64515,-1.07107,77.58741,6.238176413393741,2.323884850289006,0.0
13.41568,22.60448,54.88347,3818.40812,-1.08393,77.60226,6.322724439296329,2.3553812145301665,0.0
13.42663,22.65573,54.7746,3815.1263,-1.09497,77.61712,6.409252020740637,2.387615015295859,0.0
13.43756,22.70694,54.66482,3811.79818,-1.10415,77.63197,6.497632822588892,2.420539189423185,0.0
13.44846,22.75811,54.55431,3808.42227,-1.11143,77.64683,6.587728749570406,2.454102292790309,0.0
13.45935,22.80925,54.44327,3804.99719,-1.11678,77.6617,6.679389583244577,2.4882483650756195,0.0
13.47021,22.86034,54.3319,3801.52159,-1.12015,77.67656,6.77245269124241,2.522916821442553,0.0
13.48105,22.91139,54.22039,3797.99425,-1.12152,77.69143,6.8667428201884535,2.558042375397559,0.0
13.49186,22.9624,54.10895,3794.41403,-1.12086,77.7063,6.962071983806314,2.593554997106464,0.0
13.50266,23.01337,53.99779,3790.77987,-1.11814,77.72118,7.0582394577321725,2.6293799114623706,0.0
13.51343,23.06429,53.8871,3787.09085,-1.11334,77.73605,7.155031892255113,2.6654376400843933,0.0
13.52417,23.11517,53.7771,3783.34615,-1.10645,77.75092,7.252223553675915,2.7016440912301602,0.0
13.5349,23.16601,53.668,3779.54509,-1.09747,77.7658,7.349576704203303,2.737910701317165,0.0
13.5456,23.2168,53.56,3775.68712,-1.08638,77.78067,7.446842129148677,2.7741446313166715,0.0
13.55628,23.26754,53.45331,3771.77182,-1.0732,77.79555,7.543759818795466,2.8102490207679875,0.0
13.56693,23.31824,53.34813,3767.79894,-1.05792,77.81042,7.640059810548637,2.8461233015013216,0.0
13.57756,23.36889,53.24468,3763.76836,-1.04057,77.8253,7.735463194910672,2.8816635723902975,0.0
13.58816,23.41949,53.14315,3759.68016,-1.02116,77.84017,7.829683286447025,2.916763035567399,0.0
13.59874,23.47005,53.04374,3755.53454,-0.99971,77.85504,7.922426958279688,2.9513124935579347,0.0
13.6093,23.52055,52.94664,3751.33192,-0.97628,77.86992,8.01339613567196,2.9852009056796662,0.0
13.61983,23.571,52.85205,3747.07287,-0.95089,77.88478,8.102289441281348,3.0183160009428,0.0
13.63034,23.6214,52.76015,3742.75813,-0.92359,77.89965,8.188803981302177,3.0505449434351064,0.0
13.64082,23.67175,52.67112,3738.38866,-0.89444,77.91452,8.272637258526993,3.0817750449876273,0.0
13.65128,23.72204,52.58513,3733.96557,-0.86349,77.92938,8.353489194986164,3.1118945186611495,0.0
13.66172,23.77228,52.50236,3729.49016,-0.83083,77.94424,8.431064243753523,3.1407932654493673,0.0
13.67212,23.82247,52.42295,3724.96393,-0.79652,77.95909,8.50507356645948,3.1683636854598127,0.0
13.68251,23.8726,52.34706,3720.38853,-0.76065,77.97395,8.575237250459038,3.1945015038672815,0.0
13.69286,23.92268,52.27483,3715.7658,-0.7233,77.98879,8.641286537338399,3.219106601091172,0.0
13.7032,23.9727,52.20638,3711.09776,-0.68457,78.00364,8.702966032649249,3.242083835979658,0.0
13.71351,24.02266,52.14185,3706.38657,-0.64456,78.01848,8.760035865637182,3.263343850365341,0.0
13.72379,24.07256,52.08133,3701.63457,-0.60338,78.03331,8.812273767143676,3.282803843138419,0.0
13.73404,24.12241,52.02494,3696.84423,-0.56113,78.04814,8.85947703403101,3.300388302046651,0.0
13.74427,24.17219,51.97274,3692.01816,-0.51795,78.06297,8.901464349365694,3.316029681761576,0.0
13.75448,24.22192,51.92483,3687.15909,-0.47394,78.07779,8.938077429201755,3.329669017348618,0.0
13.76466,24.27158,51.88127,3682.26987,-0.42923,78.0926,8.969182469120797,3.341256463141318,0.0
13.77481,24.32119,51.84209,3677.35346,-0.38396,78.10741,8.994671366719421,3.3507517481500635,0.0
13.78494,24.37073,51.80735,3672.41288,-0.33824,78.12221,9.014462699793679,3.358124540461538,0.0
13.79504,24.42022,51.77706,3667.45125,-0.29222,78.13701,9.028502444179862,3.3633547146532985,0.0
13.80511,24.46964,51.75124,3662.47172,-0.24602,78.1518,9.036764419654762,3.3664325179033563,0.0
13.81516,24.519,51.72988,3657.47749,-0.19979,78.16658,9.039250457243273,3.3673586323166624,0.0
13.82519,24.56829,51.71297,3652.4718,-0.15365,78.18136,9.035990286190806,3.3661441328193558,0.0
13.83518,24.61753,51.70048,3647.45788,-0.10775,78.19613,9.027041143941704,3.3628103418654613,0.0
13.84515,24.6667,51.69237,3642.43897,-0.06222,78.21089,9.012487117329904,3.3573885840130786,0.0
13.8551,24.71581,51.6886,3637.41826,-0.01718,78.22565,8.99243822784013,3.3499198451601075,0.0
13.86502,24.76485,51.68908,3632.39895,0.02724,78.2404,8.967029278096348,3.340454342830844,0.0
13.87491,24.81384,51.69375,3627.38416,0.0709,78.25515,8.936418480520924,3.329051015315441,0.0
13.88478,24.86276,51.70251,3622.37695,0.11368,78.26989,8.900785892323167,3.315776938661956,0.0
13.89462,24.91161,51.71527,3617.38031,0.15547,78.28462,8.860331683597186,3.3007066814972355,0.0
13.90444,24.96041,51.73192,3612.39713,0.19615,78.29934,8.815274267189377,3.2839216083533507,0.0
13.91423,25.00914,51.75233,3607.43023,0.23562,78.31406,8.765848320234642,3.26550914263778,0.0
13.92399,25.0578,51.77638,3602.48229,0.27376,78.32877,8.712302727763198,3.245562000572838,0.0
13.93373,25.10641,51.80392,3597.55589,0.31049,78.34348,8.654898478609528,3.2241774073663985,0.0
13.94344,25.15495,51.83482,3592.65349,0.34571,78.35818,8.59390654309859,3.201456306594167,0.0
13.95313,25.20344,51.8689,3587.77739,0.37932,78.37287,8.529605760601898,3.177502573258739,0.0
13.96279,25.25186,51.90602,3582.92979,0.41127,78.38755,8.462280763210032,3.1524222403029754,0.0
13.97243,25.30022,51.946,3578.11274,0.44146,78.40223,8.392219959532692,3.1263227475224777,0.0
13.98204,25.34851,51.98867,3573.32812,0.46984,78.41691,8.319713600015659,3.0993122208452473,0.0
13.99163,25.39675,52.03384,3568.57769,0.49635,78.43157,8.245051942376557,3.0714987889082397,0.0
14.00119,25.44493,52.08135,3563.86306,0.52093,78.44624,8.168523532798872,3.0429899427569103,0.0
14.01073,25.49305,52.13099,3559.18568,0.54354,78.46089,8.090413615476589,3.013891943358745,0.0
14.02025,25.54111,52.18257,3554.54686,0.56414,78.47555,8.011002680139736,2.9843092805183082,0.0
14.02974,25.58911,52.23591,3549.94776,0.58269,78.49019,7.930565154253132,2.954344185686866,0.0
14.0392,25.63705,52.29081,3545.3894,0.59918,78.50483,7.84936824379756,2.924096200122873,0.0
14.04864,25.68494,52.34708,3540.87267,0.61358,78.51947,7.767670924030311,2.8936617989237186,0.0
14.05806,25.73277,52.4045,3536.39829,0.62588,78.5341,7.685723079188835,2.8631340705427033,0.0
14.06745,25.78054,52.4629,3531.96688,0.63608,78.54873,7.603764788114756,2.832602450665186,0.0
14.07682,25.82826,52.52207,3527.57891,0.64416,78.56335,7.5220257508955655,2.8021525086175316,0.0
14.08617,25.87592,52.58181,3523.23472,0.65014,78.57797,7.440724850140744,2.7718657839309184,0.0
14.09549,25.92353,52.64194,3518.93455,0.65402,78.59258,7.360069839236482,2.7418196702080238,0.0
14.10479,25.97108,52.70225,3514.67851,0.65582,78.60719,7.2802571489793495,2.7120873430889745,0.0
14.11407,26.01858,52.76256,3510.4666,0.65556,78.6218,7.201471803249158,2.682737728837273,0.0
14.12332,26.06603,52.82268,3506.2987,0.65326,78.63641,7.1238874339292195,2.653835509897981,0.0
14.13255,26.11342,52.88243,3502.17463,0.64895,78.65101,7.04766638501573,2.62544116368121,0.0
14.14176,26.16077,52.94162,3498.09408,0.64266,78.6656,6.9729598958078824,2.5976110308052545,0.0
14.15095,26.20806,53.00008,3494.05665,0.63443,78.6802,6.899908353146996,2.570397409062307,0.0
14.16011,26.2553,53.05763,3490.06188,0.6243,78.69479,6.828641602984662,2.543848669485788,0.0
14.16925,26.30249,53.1141,3486.10921,0.61231,78.70938,6.759279311834759,2.51800939100073,0.0
14.17837,26.34964,53.16934,3482.198,0.5985,78.72397,6.691931369234251,2.4929205103510226,0.0
14.18747,26.39673,53.22317,3478.32755,0.58292,78.73856,6.626698322761513,2.4686194841551763,0.0
14.19654,26.44378,53.27545,3474.49711,0.56563,78.75314,6.56367183783496,2.445140460193412,0.0
14.2056,26.49078,53.32602,3470.70583,0.54668,78.76772,6.502935175062277,2.4225144552328106,0.0
14.21463,26.53773,53.37475,3466.95283,0.52611,78.7823,6.444563678587125,2.400769536949311,0.0
14.22364,26.58464,53.42148,3463.23717,0.504,78.79688,6.388625269482992,2.379931007729897,0.0
14.23263,26.6315,53.46609,3459.55785,0.4804,78.81146,6.335180938883081,2.3600215883764606,0.0
14.2416,26.67831,53.50846,3455.91384,0.45537,78.82604,6.2842852361298105,2.3410615999543336,0.0
14.25055,26.72508,53.54845,3452.30405,0.42897,78.84061,6.235986747814729,2.3230691422472556,0.0
14.25948,26.7718,53.58596,3448.72736,0.40126,78.85519,6.190328564098438,2.3060602674738218,0.0
14.26839,26.81848,53.62088,3445.18259,0.37232,78.86976,6.1473487292314175,2.290049148118341,0.0
14.27727,26.86512,53.65309,3441.66855,0.3422,78.88433,6.107080673655332,2.2750482378999406,0.0
14.28614,26.91171,53.68251,3438.18401,0.31098,78.89891,6.06955362546963,2.2610684250547033,0.0
14.29498,26.95827,53.70904,3434.72769,0.27871,78.91348,6.034792999443425,2.248119177252826,0.0
14.30381,27.00477,53.73261,3431.2983,0.24548,78.92805,6.002820762101448,2.2362086776027463,0.0
14.31261,27.05124,53.75312,3427.89451,0.21134,78.94262,5.973655771685986,2.2253439512959052,0.0
14.3214,27.09766,53.77052,3424.51496,0.17638,78.95719,5.947314092072602,2.215530982548616,0.0
14.33016,27.14405,53.78473,3421.15828,0.14065,78.97177,5.923809279931459,2.2067748215772114,0.0
14.33891,27.19039,53.79569,3417.82305,0.10423,78.98634,5.903152644625545,2.199079681416973,0.0
14.34763,27.23669,53.80336,3414.50786,0.06719,79.00091,5.885353480476694,2.1924490244473316,0.0
14.35634,27.28295,53.80769,3411.21125,0.02961,79.01548,5.870419271163062,2.1868856385353075,0.0
14.36502,27.32916,53.80864,3407.93174,-0.00845,79.03005,5.858355866136973,2.1823917027558006,0.0
14.37369,27.37534,53.80617,3404.66785,-0.04692,79.04462,5.849167628987927,2.1789688426607112,0.0
14.38233,27.42148,53.80027,3401.41806,-0.08571,79.0592,5.842857557789461,2.1766181751113174,0.0
14.39096,27.46758,53.7909,3398.18082,-0.12477,79.07377,5.839427377465841,2.175340342687293,0.0
14.39956,27.51364,53.77806,3394.9546,-0.16401,79.08834,5.838877604288824,2.1751355377134516,0.0
14.40815,27.55966,53.76175,3391.73782,-0.20336,79.10291,5.841207582620996,2.1760035159476043,0.0
14.41672,27.60564,53.74195,3388.52888,-0.24275,79.11749,5.846415494044102,2.1779435999811083,0.0
14.42527,27.65158,53.71868,3385.32619,-0.28211,79.13206,5.854498339019024,2.1809546724067177,0.0
14.43379,27.69748,53.69195,3382.12811,-0.32137,79.14663,5.865451891266292,2.18503515882413,0.0
14.4423,27.74334,53.66178,3378.93302,-0.36044,79.16121,5.8792706250552715,2.190183000753293,0.0
14.45079,27.78916,53.62819,3375.73926,-0.39926,79.17578,5.895947615612972,2.196395618534067,0.0
14.45926,27.83495,53.59122,3372.54515,-0.43775,79.19035,5.915474412934754,2.2036698643173898,0.0
14.46772,27.88069,53.55091,3369.34903,-0.47584,79.20493,5.937840889268293,2.2120019652490437,0.0
14.47615,27.92639,53.50729,3366.14919,-0.51347,79.2195,5.963035060681551,2.2213874569990284,0.0
14.48456,27.97206,53.46043,3362.94393,-0.55054,79.23408,5.991042883128101,2.2318211077905277,0.0
14.49295,28.01768,53.41037,3359.73153,-0.587,79.24865,6.021848023595471,2.2432968331466503,0.0
14.50133,28.06327,53.35719,3356.51028,-0.62277,79.26322,6.055431606993657,2.2558076015997344,0.0
14.50968,28.10881,53.30095,3353.27844,-0.65778,79.2778,6.091771939629351,2.269345331678229,0.0
14.51802,28.15432,53.24172,3350.03429,-0.69196,79.29237,6.130844210267277,2.283900780544169,0.0
14.52634,28.19979,53.1796,3346.77607,-0.72523,79.30694,6.172620169986677,2.2994634247312997,0.0
14.53463,28.24521,53.11467,3343.50206,-0.75753,79.32151,6.217067792305939,2.316021333532553,0.0
14.54291,28.2906,53.04702,3340.21051,-0.78879,79.33608,6.264150915273691,2.3335610356695637,0.0
14.55117,28.33594,52.97676,3336.89969,-0.81893,79.35065,6.313828867559389,2.3520673800015772,0.0
14.55941,28.38124,52.90398,3333.56788,-0.8479,79.36522,6.366056080909195,2.3715233911550673,0.0
14.56763,28.4265,52.8288,3330.21335,-0.87562,79.37978,6.420781691670924,2.3919101210812914,0.0
14.57583,28.47172,52.75134,3326.83442,-0.90204,79.39435,6.477949134494786,2.413206497699127,0.0
14.58401,28.5169,52.67172,3323.42937,-0.92707,79.40891,6.537495731761893,2.4353891719463925,0.0
14.59217,28.56204,52.59007,3319.99657,-0.95067,79.42347,6.5993522826799556,2.4584323647071784,0.0
14.60032,28.60713,52.50652,3316.53435,-0.97277,79.43803,6.66344265648191,2.4823077152676305,0.0
14.60844,28.65218,52.4212,3313.04112,-0.99332,79.45259,6.729683394607836,2.506984133118252,0.0
14.61654,28.69718,52.33426,3309.51529,-1.01225,79.46715,6.7979833272210834,2.5324276550960705,0.0
14.62462,28.74215,52.24585,3305.95533,-1.02952,79.4817,6.86824320986004,2.558601310027853,0.0
14.63269,28.78706,52.15611,3302.35975,-1.04506,79.49625,6.940355386472323,2.5854649932014873,0.0
14.64073,28.83194,52.06521,3298.72709,-1.05884,79.51079,7.014203485463989,2.6129753531363087,0.0
14.64876,28.87676,51.97329,3295.05597,-1.0708,79.52534,7.089662155789243,2.641085693269574,0.0
14.65676,28.92154,51.88053,3291.34507,-1.08091,79.53988,7.166596850341207,2.6697458912638243,0.0
14.66474,28.96628,51.78708,3287.59312,-1.08912,79.55441,7.244863664172828,2.698902338739913,0.0
14.67271,29.01097,51.69312,3283.79895,-1.09539,79.56895,7.324309235182563,2.728497904279818,0.0
14.68065,29.05561,51.59881,3279.96143,-1.0997,79.58347,7.404770714879244,2.7584719225357763,0.0
14.68858,29.1002,51.50433,3276.07956,-1.10202,79.598,7.486075816766929,2.78876021225492,0.0
14.69648,29.14474,51.40984,3272.1524,-1.10232,79.61252,7.568042949564607,2.8192951259071166,0.0
14.70436,29.18923,51.31554,3268.17912,-1.10059,79.62703,7.650481442094333,2.850005633461723,0.0
14.71223,29.23368,51.22158,3264.15901,-1.09682,79.64154,7.733191866035543,2.880817442622053,0.0
14.72007,29.27807,51.12815,3260.09144,-1.09098,79.65604,7.815966461965296,2.9116531575365814,0.0
14.72789,29.32241,51.03542,3255.97592,-1.0831,79.67054,7.898589673132398,2.9424324776438495,0.0
14.73569,29.3667,50.94357,3251.81209,-1.07315,79.68503,7.980838790231903,2.973072437867931,0.0
14.74347,29.41094,50.85277,3247.59968,-1.06116,79.69951,8.062484709091613,3.003487690876588,0.0
14.75123,29.45512,50.76319,3243.33859,-1.04714,79.71399,8.143292801645751,3.0335908315418822,0.0
14.75897,29.49925,50.67501,3239.02883,-1.03111,79.72846,8.223023898886794,3.0632927631155966,0.0
14.76669,29.54333,50.58839,3234.67059,-1.0131,79.74293,8.301435382612796,3.092503103933837,0.0
14.77439,29.58735,50.50349,3230.26415,-0.99314,79.75738,8.378282380872529,3.1211306327518016,0.0
14.78206,29.63131,50.42047,3225.80998,-0.97127,79.77183,8.45331905995298,3.1490837700431205,0.0
14.78972,29.67522,50.3395,3221.30869,-0.94754,79.78627,8.526300003706707,3.1762710918355817,0.0
14.79735,29.71907,50.26071,3216.76101,-0.92201,79.8007,8.596981668969951,3.20260187189268,0.0
14.80496,29.76286,50.18426,3212.16786,-0.89473,79.81513,8.665123903824993,3.2279866473062886,0.0
14.81255,29.80659,50.11028,3207.53029,-0.86577,79.82954,8.730491513609516,3.2523378018763496,0.0
14.82012,29.85027,50.0389,3202.84948,-0.8352,79.84395,8.792855857859228,3.2755701610140204,0.0
14.82767,29.89388,49.97026,3198.1268,-0.80311,79.85834,8.851996459960437,3.2976015913796135,0.0
14.8352,29.93744,49.90446,3193.36371,-0.76958,79.87273,8.907702610028428,3.318353597996962,0.0
14.8427,29.98093,49.84162,3188.56185,-0.73469,79.88711,8.95977494077891,3.337751911306997,0.0
14.85018,30.02436,49.78184,3183.72297,-0.69856,79.90147,9.008026955597142,3.3557270564137074,0.0
14.85764,30.06773,49.7252,3178.84894,-0.66127,79.91583,9.052286487988153,3.3722148967677428,0.0
14.86508,30.11104,49.6718,3173.94176,-0.62294,79.93018,9.092397071920905,3.3871571446556725,0.0
14.8725,30.15429,49.6217,3169.00354,-0.58368,79.94451,9.128219203389435,3.4005018311647053,0.0
14.87989,30.19747,49.57497,3164.03649,-0.5436,79.95884,9.159631474707213,3.412203728737178,0.0
14.88727,30.24058,49.53166,3159.04291,-0.50282,79.97315,9.186531564717995,3.42222472005016,0.0
14.89462,30.28364,49.49182,3154.02518,-0.46146,79.98745,9.208837070117028,3.430534107704468,0.0
14.90195,30.32663,49.45547,3148.98576,-0.41965,80.00174,9.226486165431943,3.4371088600849196,0.0
14.90926,30.36955,49.42263,3143.92716,-0.37751,80.01602,9.239438081923963,3.4419337897636306,0.0
14.91654,30.41241,49.39332,3138.85195,-0.33517,80.03029,9.247673398486773,3.4450016618674972,0.0
14.9238,30.4552,49.36754,3133.76272,-0.29277,80.04455,9.251194140715114,3.4463132309838564,0.0
14.93104,30.49792,49.34528,3128.66212,-0.25042,80.05879,9.250023687442905,3.4458772063434795,0.0
14.93826,30.54058,49.32651,3123.55276,-0.20825,80.07302,9.244206487128256,3.4437101461665214,0.0
14.94546,30.58318,49.31121,3118.43731,-0.1664,80.08725,9.233807589550944,3.4398362832075096,0.0
14.95264,30.6257,49.29933,3113.31838,-0.12499,80.10145,9.21891200118977,3.4342872846164556,0.0
14.95979,30.66816,49.29082,3108.1986,-0.08413,80.11565,9.199623875276254,3.427101950212534,0.0
14.96692,30.71056,49.28561,3103.08054,-0.04397,80.12984,9.176065549963457,3.418325854176673,0.0
14.97403,30.75289,49.28365,3097.96673,-0.0046,80.14401,9.148376450066888,3.4080109359211352,0.0
14.98112,30.79515,49.28484,3092.85966,0.03385,80.15817,9.116711869560033,3.3962150465370775,0.0
14.98818,30.83734,49.2891,3087.76175,0.07128,80.17232,9.081241653242966,3.3830014576814103,0.0
14.99523,30.87947,49.29633,3082.67535,0.10757,80.18646,9.042148796930638,3.3684383401101132,0.0
15.00225,30.92153,49.30643,3077.60272,0.14263,80.20058,8.999627985912484,3.35259821921598,0.0
15.00925,30.96353,49.31927,3072.54606,0.17635,80.21469,8.953884091512354,3.3355574149576315,0.0
15.01623,31.00546,49.33476,3067.50745,0.20866,80.22879,8.90513064524421,3.3173954734423736,0.0
15.02319,31.04732,49.35274,3062.48889,0.23946,80.24288,8.853588309358138,3.298194597164336,0.0
15.03013,31.08912,49.37311,3057.49225,0.26867,80.25696,8.799483361579984,3.2780390805301205,0.0
15.03704,31.13085,49.39571,3052.51933,0.29623,80.27103,8.743046210592526,3.2570147568364787,0.0
15.04394,31.17252,49.42041,3047.57178,0.32206,80.28508,8.684509957245123,3.235208462283051,0.0
15.05081,31.21413,49.44705,3042.65116,0.34611,80.29913,8.62410901493432,3.2127075220278374,0.0
15.05766,31.25567,49.47549,3037.7589,0.36831,80.31316,8.562077800684117,3.189599262580161,0.0
15.06449,31.29714,49.50558,3032.89632,0.38863,80.32718,8.49864950669484,3.165970554170299,0.0
15.0713,31.33855,49.53716,3028.06463,0.40702,80.34119,8.434054960209695,3.141907386019777,0.0
15.07809,31.3799,49.57006,3023.2649,0.42344,80.35519,8.368521577690075,3.1174944767441493,0.0
15.08486,31.42119,49.60413,3018.49809,0.43787,80.36918,8.302272417499484,3.0928149214528418,0.0
15.09161,31.46241,49.63921,3013.76505,0.45029,80.38315,8.235525333588404,3.0679498764744895,0.0
15.09834,31.50358,49.67513,3009.06652,0.46067,80.39712,8.16849223103328,3.042978282025629,0.0
15.10505,31.54468,49.71174,3004.40311,0.46901,80.41108,8.10137842290396,3.017976622626887,0.0
15.11174,31.58572,49.74886,2999.77532,0.47531,80.42503,8.034382086529133,2.993018724547563,0.0
15.11841,31.6267,49.78634,2995.18356,0.47955,80.43896,7.967693816157948,2.968175589160299,0.0
15.12506,31.66762,49.82401,2990.62812,0.48176,80.45289,7.901496268000145,2.9435152607091988,0.0
15.13169,31.70848,49.86172,2986.1092,0.48194,80.46681,7.835963892813458,2.9191027266915945,0.0
15.1383,31.74928,49.89931,2981.62687,0.48011,80.48072,7.7712627505724425,2.894999848817307,0.0
15.14489,31.79003,49.93662,2977.18115,0.4763,80.49462,7.707550401219511,2.871265322310537,0.0
15.15146,31.83071,49.97351,2972.77194,0.47051,80.50851,7.6449758651938655,2.8479546612058524,0.0
15.15801,31.87134,50.00981,2968.39905,0.4628,80.52239,7.583679647157284,2.8251202071866643,0.0
15.16454,31.91191,50.04539,2964.06222,0.45318,80.53627,7.523793816302647,2.8028111595022707,0.0
15.17105,31.95243,50.08009,2959.7611,0.44171,80.55013,7.4654421365541594,2.7810736234708626,0.0
15.17755,31.99289,50.11379,2955.49527,0.42841,80.56399,7.4087402401444,2.7599506751415426,0.0
15.18402,32.03329,50.14635,2951.26423,0.41335,80.57783,7.353795838182438,2.739482439736489,0.0
15.19048,32.07364,50.17762,2947.06741,0.39656,80.59167,7.300708962076394,2.7197061815872123,0.0
15.19692,32.11394,50.2075,2942.90417,0.3781,80.60551,7.249572229969238,2.7006564033888982,0.0
15.20334,32.15418,50.23584,2938.77382,0.35802,80.61933,7.2004711326693815,2.6823649527170783,0.0
15.20974,32.19436,50.26255,2934.67561,0.33639,80.63315,7.1534843339168885,2.6648611338846937,0.0
15.21613,32.2345,50.2875,2930.6087,0.31325,80.64696,7.108683980194028,2.6481718233546783,0.0
15.22249,32.27458,50.31058,2926.57225,0.28868,80.66076,7.066136015678088,2.6323215870681684,0.0
15.22884,32.31461,50.3317,2922.56532,0.26273,80.67455,7.025900498314425,2.6173327981900276,0.0
15.23517,32.35459,50.35075,2918.58695,0.23548,80.68834,6.98803191336542,2.603225753914087,0.0
15.24148,32.39451,50.36765,2914.63612,0.20698,80.70212,6.952579481160881,2.5900187901082643,0.0
15.24777,32.43439,50.38231,2910.71178,0.17732,80.7159,6.919587456127028,2.5777283927107315,0.0
15.25405,32.47421,50.39465,2906.81282,0.14656,80.72966,6.88909541451199,2.56636930491523,0.0
15.26031,32.51398,50.4046,2902.93811,0.11478,80.74342,6.861138528543577,2.555954629302055,0.0
15.26655,32.55371,50.41208,2899.08647,0.08204,80.75718,6.835747825035558,2.546495924175701,0.0
15.27277,32.59338,50.41703,2895.25669,0.04843,80.77093,6.812950426765299,2.538003293484381,0.0
15.27898,32.633,50.4194,2891.44753,0.01402,80.78467,6.792769775161008,2.5304854697768815,0.0
15.28517,32.67258,50.41914,2887.65771,-0.02112,80.7984,6.7752258330898805,2.5239498897464894,0.0
15.29134,32.7121,50.41619,2883.88593,-0.0569,80.81213,6.760335266758014,2.518402761993489,0.0
15.29749,32.75158,50.41053,2880.13086,-0.09325,80.82585,6.748111605895644,2.513849126698382,0.0
15.30363,32.79101,50.40212,2876.39113,-0.13009,80.83957,6.738565381604161,2.510292906973527,0.0
15.30975,32.83039,50.39093,2872.66536,-0.16733,80.85328,6.731704241395574,2.507736951718364,0.0
15.31585,32.86972,50.37695,2868.95214,-0.20491,80.86698,6.727533041080303,2.5061830698500405,0.0
15.32194,32.909,50.36015,2865.25005,-0.24273,80.88068,6.726053913334982,2.505632055846715,0.0
15.32801,32.94824,50.34053,2861.55762,-0.28073,80.89437,6.727266312867235,2.5060837065726314,0.0
15.33406,32.98742,50.31809,2857.87339,-0.31881,80.90805,6.7311670382445,2.507536829409924,0.0
15.3401,33.02656,50.29283,2854.19588,-0.35689,80.92173,6.737750230553923,2.5099892417593983,0.0
15.34612,33.06565,50.26476,2850.52357,-0.3949,80.9354,6.747007349181929,2.51343776201778,0.0
15.35212,33.1047,50.23389,2846.85494,-0.43276,80.94907,6.758927125122968,2.517878192183998,0.0
15.3581,33.14369,50.20026,2843.18847,-0.47038,80.96273,6.773495492329877,2.5233052922853823,0.0
15.36407,33.18264,50.16388,2839.5226,-0.50768,80.97638,6.790695497764735,2.529712746869247,0.0
15.37003,33.22154,50.12479,2835.85578,-0.54458,80.99003,6.810507190914576,2.5370931238445826,0.0
15.37596,33.2604,50.08303,2832.18645,-0.58101,81.00367,6.832907493691102,2.5454378260162756,0.0
15.38188,33.2992,50.03865,2828.51304,-0.61688,81.01731,6.85787005179334,2.5547370357137926,0.0
15.38778,33.33796,49.99169,2824.83397,-0.65212,81.03094,6.8853650687393255,2.5649796529636073,0.0
15.39367,33.37667,49.94222,2821.14768,-0.68665,81.04456,6.915359123987145,2.57615322773451,0.0
15.39954,33.41533,49.89029,2817.45257,-0.72038,81.05817,6.947814976721801,2.58824388684305,0.0
15.40539,33.45394,49.83597,2813.74708,-0.75325,81.07178,6.982691357109149,2.601236256190134,0.0
15.41123,33.49251,49.77934,2810.02964,-0.78518,81.08539,7.019942747004736,2.615113379069297,0.0
15.41705,33.53103,49.72048,2806.29869,-0.81609,81.09898,7.059519152359181,2.6298566313817235,0.0
15.42285,33.56949,49.65946,2802.55269,-0.84591,81.11257,7.101365869784981,2.645445634676235,0.0
15.42864,33.60791,49.59638,2798.79008,-0.87458,81.12615,7.145423249980927,2.6618581680186644,0.0
15.43441,33.64628,49.53133,2795.00936,-0.90202,81.13972,7.191626461009448,2.679070079806435,0.0
15.44016,33.6846,49.46441,2791.20902,-0.92816,81.15329,7.239905254611034,2.6970552007145376,0.0
15.4459,33.72287,49.39573,2787.3876,-0.95295,81.16685,7.290183739055802,2.7157852590767577,0.0
15.45162,33.76109,49.32538,2783.54364,-0.9763,81.1804,7.34238016224354,2.735229800084739,0.0
15.45732,33.79927,49.25348,2779.67573,-0.99818,81.19394,7.396406709024271,2.7553561102845596,0.0
15.46301,33.83739,49.18014,2775.78249,-1.01851,81.20748,7.452169316895572,2.7761291489191353,0.0
15.46868,33.87545,49.1055,2771.86258,-1.03724,81.22101,7.509567514486345,2.797511487759169,0.0
15.47433,33.91347,49.02965,2767.9147,-1.05433,81.23452,7.568494287330812,2.8194632611004398,0.0
15.47997,33.95144,48.95275,2763.93761,-1.06971,81.24803,7.628835975611569,2.8419421276703933,0.0
15.48559,33.98935,48.8749,2759.93011,-1.08334,81.26154,7.690472208612288,2.864903246210055,0.0
15.4912,34.02721,48.79625,2755.89108,-1.09519,81.27503,7.75327588060163,2.8882992664901472,0.0
15.49678,34.06502,48.71692,2751.81942,-1.10521,81.28851,7.817113172869855,2.91208033752031,0.0
15.50235,34.10278,48.63706,2747.71415,-1.11337,81.30199,7.881843626485354,2.9361941346528204,0.0
15.50791,34.14048,48.5568,2743.57433,-1.11964,81.31545,7.947320270127283,2.960585907203618,0.0
15.51344,34.17812,48.47627,2739.3991,-1.12399,81.32891,8.013389807058076,2.9851985481044796,0.0
15.51896,34.21571,48.39563,2735.18769,-1.1264,81.34235,8.079892864925728,3.009972686960943,0.0
15.52447,34.25325,48.31502,2730.9394,-1.12686,81.35579,8.146664311552769,3.0348468076920105,0.0
15.52995,34.29073,48.23456,2726.65364,-1.12536,81.36921,8.21353363929237,3.059757391712916,0.0
15.53542,34.32816,48.15441,2722.3299,-1.12188,81.38262,8.28032541985622,3.084639087370464,0.0
15.54087,34.36552,48.0747,2717.96778,-1.11644,81.39603,8.346859830664439,3.109424906022234,0.0
15.54631,34.40283,47.99558,2713.56698,-1.10903,81.40942,8.412953252941417,3.1340464448430096,0.0
15.55172,34.44009,47.91719,2709.1273,-1.09967,81.4228,8.4784189407433,3.1584341360551247,0.0
15.55712,34.47728,47.83965,2704.64864,-1.08838,81.43617,8.543067759083758,3.18251752189973,0.0
15.56251,34.51442,47.76311,2700.13104,-1.07517,81.44953,8.60670898819341,3.206225554244591,0.0
15.56787,34.55149,47.68769,2695.57463,-1.06009,81.46287,8.669151189801958,3.2294869172969793,0.0
15.57322,34.58851,47.61354,2690.97965,-1.04316,81.47621,8.730203130149617,3.2522303714497114,0.0
15.57855,34.62546,47.54076,2686.34648,-1.02442,81.48953,8.789674753264322,3.274385115852519,0.0
15.58387,34.66236,47.46949,2681.67561,-1.00393,81.50283,8.847378196876733,3.295881166867119,0.0
15.58916,34.69919,47.39985,2676.96762,-0.98174,81.51613,8.903128842284815,3.3166497491693936,0.0
15.59444,34.73596,47.33193,2672.22325,-0.95791,81.52941,8.956746388443602,3.336623695876087,0.0
0.04531,0.04531,52.36589,4785.21572,-0.34699,45.00009,14.148883477687367,5.2708313749681635,0.0
0.09054,0.09054,52.33207,4777.37014,-0.19323,45.0002,14.169776692289208,5.27861464714091,0.0
0.1357,0.13571,52.31753,4769.48481,-0.03942,45.00033,14.151958838593531,5.271977027823325,0.0
0.18079,0.18079,52.32218,4761.58132,0.11375,45.00048,14.09590013424754,5.251093685461161,0.0
0.2258,0.22581,52.34582,4753.68106,0.26559,45.00066,14.00254592479785,5.216316786144071,0.0
0.27074,0.27074,52.38818,4745.80491,0.41545,45.00086,13.873287519461071,5.168164629162789,0.0
0.3156,0.31561,52.44892,4737.97304,0.56269,45.00107,13.709921811493961,5.107306604534569,0.0
0.36038,0.36039,52.52762,4730.20466,0.70669,45.00131,13.514601624811307,5.034544695811871,0.0
0.40509,0.4051,52.62377,4722.51786,0.84688,45.00158,13.289779053873593,4.9507923726997145,0.0
0.44973,0.44974,52.73682,4714.9294,0.98275,45.00186,13.038144237398827,4.85705178265237,0.0
0.49429,0.49431,52.86616,4707.45463,1.11382,45.00217,12.762562028250807,4.754390158740415,0.0
0.53877,0.5388,53.01111,4700.10739,1.23966,45.0025,12.46600890445458,4.643916317344028,0.0
0.58319,0.58322,53.17097,4692.89991,1.3599,45.00286,12.151512232251353,4.5267580320428635,0.0
0.62753,0.62757,53.34498,4685.84285,1.47423,45.00324,11.822093670223778,4.404040950163577,0.0
0.67181,0.67185,53.53236,4678.94524,1.58238,45.00365,11.48071812599555,4.276869577807413,0.0
0.71601,0.71607,53.73232,4672.21456,1.68415,45.00408,11.130249275416285,4.146310709576195,0.0
0.76015,0.76022,53.94403,4665.65675,1.77937,45.00454,10.773412257001477,4.01337953126966,0.0
0.80423,0.8043,54.16666,4659.27632,1.86794,45.00503,10.41276378540789,3.879028486368659,0.0
0.84824,0.84833,54.39937,4653.07643,1.94979,45.00555,10.050669603993896,3.744138876520643,0.0
0.89218,0.89229,54.64133,4647.05898,2.0249,45.0061,9.689288929388557,3.609515066732344,0.0
0.93607,0.93619,54.89169,4641.22473,2.09329,45.00669,9.33056533523509,3.4758810893243623,0.0
0.9799,0.98004,55.14964,4635.57339,2.155,45.0073,8.976223377977547,3.343879386947918,0.0
1.02368,1.02383,55.41436,4630.10377,2.21013,45.00795,8.627770180383564,3.2140714024887416,0.0
1.06739,1.06757,55.68505,4624.81385,2.25877,45.00863,8.286501151933296,3.086939710062465,0.0
1.11105,1.11127,55.96073,4619.70131,2.29777,45.04076,7.953733184322787,2.962974886475371,11.999999795302069
1.15463,1.15494,56.24045,4614.76304,2.33072,45.07169,7.630546495374473,2.8425793412885585,11.999999795302069
1.19814,1.19859,56.52351,4609.99502,2.35779,45.10145,7.317593174931269,2.7259959951260306,11.999999795302069
1.24157,1.24222,56.80919,4605.39283,2.37915,45.1301,7.0153704997254644,2.613410096654702,11.999999795302069
1.28495,1.28582,57.09682,4600.95179,2.39501,45.15765,6.724234703247387,2.5049543522227875,11.999999795302069
1.32825,1.3294,57.38578,4596.66701,2.40556,45.18416,6.444416258117007,2.400714618945326,11.999999795302069
1.3715,1.37295,57.67542,4592.53344,2.411,45.20967,6.176034815803929,2.3007354701429645,11.999999795302069
1.41469,1.41649,57.96517,4588.54593,2.41154,45.23422,5.919113542534285,2.2050255358444777,11.999999795302069
1.45782,1.46001,58.25445,4584.69932,2.40737,45.25785,5.673592659045186,2.113562546701551,11.999999795302069
1.50089,1.5035,58.54273,4580.98841,2.39872,45.28061,5.439342051879836,2.026298032028039,11.999999795302069
1.54392,1.54698,58.82947,4577.40808,2.38576,45.30253,5.216172874897173,1.943161641667553,11.999999795302069
1.58689,1.59044,59.1142,4573.95325,2.36872,45.32366,5.003848101771166,1.8640650770771097,11.999999795302069
1.62981,1.63389,59.39645,4570.61895,2.34777,45.34405,4.8020920241175515,1.7889056296292463,11.999999795302069
1.67269,1.67731,59.67576,4567.4003,2.32311,45.36372,4.610598716247785,1.7175693339555909,11.999999795302069
1.71552,1.72072,59.95173,4564.29259,2.29492,45.38272,4.42903950735349,1.6499337515321744,11.999999795302069
1.7583,1.76412,60.22394,4561.29121,2.26338,45.40108,4.2570695160707075,1.5858704049765455,11.999999795302069
1.80105,1.8075,60.49202,4558.39174,2.22866,45.41884,4.09433331176922,1.5252468870270068,11.999999795302069
1.84375,1.85087,60.75562,4555.58989,2.19093,45.43604,3.940469772451248,1.467928670237694,11.999999795302069
1.88642,1.89422,61.01439,4552.88153,2.15036,45.45271,3.7951162115862425,1.41378064433312,11.999999795302069
1.92904,1.93757,61.26801,4550.26272,2.10708,45.46888,3.657911846233893,1.362668408175249,11.999999795302069
1.97163,1.9809,61.51619,4547.72965,2.06125,45.48459,3.528500677032,1.3144593426347542,11.999999795302069
2.01419,2.02421,61.75864,4545.2787,2.01302,45.49985,3.406533847527956,1.269023489504074,11.999999795302069
2.05671,2.06752,61.99509,4542.90638,1.9625,45.5147,3.291671546348496,1.226234260105692,11.999999795302069
2.0992,2.11082,62.22528,4540.60938,1.90985,45.52918,3.1835845111425614,1.1859689955504253,11.999999795302069
2.14165,2.15411,62.44898,4538.38452,1.85516,45.54329,3.081955188379841,1.1481093987928959,11.999999795302069
2.18408,2.19738,62.66597,4536.22877,1.79858,45.55707,2.9864785981424666,1.1125418567891938,11.999999795302069
2.22647,2.24065,62.87604,4534.13923,1.74019,45.57054,2.896862948151305,1.079157669237825,11.999999795302069
2.26884,2.28391,63.07898,4532.11316,1.68012,45.58372,2.8128300365620396,1.0478531986318502,11.999999795302069
2.31117,2.32716,63.27461,4530.1479,1.61847,45.59664,2.73411547858232,1.0185299546797364,11.999999795302069
2.35348,2.37041,63.46277,4528.24095,1.55532,45.60931,2.6604687878066184,0.991094624604731,11.999999795302069
2.39576,2.41365,63.64328,4526.38991,1.49078,45.62175,2.59165333930341,0.9654590593938635,11.999999795302069
2.43802,2.45688,63.816,4524.59247,1.42494,45.63399,2.5274462380019074,0.941540224768544,11.999999795302069
2.48025,2.5001,63.98078,4522.84643,1.35787,45.64604,2.4676381127449725,0.919260124463852,11.999999795302069
2.52245,2.54332,64.13749,4521.14968,1.28966,45.65791,2.412032853540077,0.8985457023476054,11.999999795302069
2.56463,2.58653,64.28601,4519.50022,1.22038,45.66963,2.360447307019696,0.8793287289713468,11.999999795302069
2.60679,2.62974,64.42622,4517.89608,1.15012,45.6812,2.3127109428915147,0.8615456773142666,11.999999795302069
2.64892,2.67294,64.55803,4516.33542,1.07893,45.69265,2.268665502193405,0.8451375917489283,11.999999795302069
2.69103,2.71613,64.68132,4514.81642,1.0069,45.70398,2.228164636469768,0.8300499536249617,11.999999795302069
2.73312,2.75933,64.79601,4513.33735,0.93408,45.71522,2.191073545494662,0.8162325463113959,11.999999795302069
2.77519,2.80251,64.90202,4511.89652,0.86054,45.72637,2.157268619888506,0.8036393220619785,11.999999795302069
2.81723,2.8457,64.99927,4510.49231,0.78634,45.73744,2.126637093875164,0.792228272658053,11.999999795302069
2.85926,2.88888,65.0877,4509.12313,0.71153,45.74846,2.099076712487727,0.7819613054339556,11.999999795302069
2.90126,2.93206,65.16724,4507.78743,0.63619,45.75943,2.0744954167299885,0.7728041259913813,11.999999795302069
2.94324,2.97523,65.23784,4506.4837,0.56035,45.77036,2.0528110495275027,0.7647261286584158,11.999999795302069
2.9852,3.0184,65.29944,4505.21046,0.48408,45.78126,2.033951084729598,0.7577002955356571,11.999999795302069
3.02715,3.06157,65.35202,4503.96624,0.40743,45.79215,2.0178523809535442,0.7517031047966879,11.999999795302069
3.06907,3.10474,65.39552,4502.74961,0.33045,45.80303,2.0044609616548392,0.7467144487584727,11.999999795302069
3.11097,3.14791,65.42991,4501.55915,0.2532,45.81393,1.9937318224800418,0.7427175621152187,11.999999795302069
3.15286,3.19107,65.45519,4500.39343,0.17571,45.82483,1.985628766687641,0.7396989606283201,11.999999795302069
3.19472,3.23424,65.47131,4499.25106,0.09805,45.83577,1.9801242691739864,0.7376483904724377,11.999999795302069
3.23657,3.2774,65.47828,4498.13062,0.02026,45.84674,1.9771993694688252,0.7365587883735221,11.999999795302069
3.2784,3.32056,65.47608,4497.03071,-0.05761,45.85777,1.9768435938707822,0.7364262526022317,11.999999795302069
3.32021,3.36372,65.46472,4495.94989,-0.13552,45.86884,1.9790549067663479,0.7372500248389738,11.999999795302069
3.362,3.40688,65.44418,4494.88675,-0.21341,45.87999,1.9838396910271865,0.739032482871387,11.999999795302069
3.40377,3.45004,65.41449,4493.83982,-0.29123,45.89122,1.991212757245049,0.7417791440345889,11.999999795302069
3.44553,3.4932,65.37566,4492.80763,-0.36893,45.90253,2.001197381439611,0.7454986792583366,11.999999795302069
3.48727,3.53636,65.32771,4491.78868,-0.44647,45.91395,2.0138253707193177,0.7502029375274223,11.999999795302069
3.52899,3.57952,65.27067,4490.78144,-0.5238,45.92547,2.029137156222132,0.755906980504544,11.999999795302069
3.57069,3.62269,65.20456,4489.78432,-0.60086,45.93711,2.047181912468037,0.7626291269922549,11.999999795302069
3.61237,3.66585,65.12943,4488.79572,-0.6776,45.94889,2.068017702053795,0.7703910068355682,11.999999795302069
3.65403,3.70901,65.04532,4487.81398,-0.75398,45.96081,2.091711644335952,0.7792176237608133,11.999999795302069
3.69568,3.75218,64.95229,4486.83736,-0.82992,45.97288,2.118340106477314,0.7891374265454769,11.999999795302069
3.73731,3.79534,64.85038,4485.86411,-0.90538,45.98512,2.147988914830355,0.8001823877640823,11.999999795302069
3.77892,3.83851,64.73966,4484.89237,-0.98031,45.99754,2.180753584221903,0.81238808920277,11.999999795302069
3.82051,3.88168,64.62021,4483.92024,-1.05463,46.01014,2.216739562176885,0.8257938128390658,11.999999795302069
3.86208,3.92485,64.4921,4482.94573,-1.1283,46.02295,2.256062484510978,0.8404426360568716,11.999999795302069
3.90363,3.96802,64.35541,4481.96675,-1.20124,46.03598,2.2988484380161327,0.8563815295037318,11.999999795302069
3.94517,4.0112,64.21025,4480.98117,-1.27339,46.04924,2.3452342251182783,0.8736614556827935,11.999999795302069
3.98668,4.05437,64.05671,4479.9867,-1.34468,46.06275,2.3953676244259117,0.8923374660140109,11.999999795302069
4.02818,4.09755,63.89489,4478.981,-1.41504,46.07651,2.449407639966126,0.9124687936811241,11.999999795302069
4.06965,4.14074,63.72493,4477.9616,-1.4844,46.09056,2.5075247306263377,0.9341189391047391,11.999999795302069
4.1111,4.18392,63.54693,4476.92589,-1.55268,46.1049,2.569901009832713,0.9573557443277951,11.999999795302069
4.15254,4.22711,63.36105,4475.87118,-1.61979,46.11955,2.6367304038630217,0.982251451991269,11.999999795302069
4.19395,4.2703,63.16743,4474.7946,-1.68565,46.13452,2.7082187552776507,1.0088827438649486,11.999999795302069
4.23534,4.31349,62.96622,4473.69318,-1.75017,46.14985,2.784583855879388,1.0373307531258196,11.999999795302069
4.27671,4.35668,62.75759,4472.56378,-1.81326,46.16555,2.8660553912625475,1.067681043701156,11.999999795302069
4.31806,4.39988,62.54171,4471.40311,-1.87483,46.18163,2.952874776445772,1.1000235490374133,11.999999795302069
4.35938,4.44308,62.31879,4470.20772,-1.93476,46.19813,3.045294859285783,1.1344524616140477,11.999999795302069
4.40068,4.48628,62.08902,4468.97397,-1.99296,46.21506,3.1435794653395,1.1710660633926802,11.999999795302069
4.44195,4.52949,61.85262,4467.69808,-2.04931,46.23244,3.248002754628352,1.2099664861948773,11.999999795302069
4.4832,4.57269,61.60981,4466.37604,-2.10369,46.25031,3.3588483574131978,1.25125938975557,11.999999795302069
4.52443,4.61591,61.36084,4465.00369,-2.15598,46.2687,3.4764082526014795,1.2950535439002082,11.999999795302069
4.56563,4.65912,61.10598,4463.57665,-2.20605,46.28761,3.60098134898805,1.341460300019638,11.999999795302069
4.60679,4.70233,60.84548,4462.09034,-2.25378,46.3071,3.7328717261659787,1.3905929357630935,11.999999795302069
4.64794,4.74555,60.57965,4460.53998,-2.29901,46.32718,3.8723864888752573,1.4425658557266339,11.999999795302069
4.68905,4.78877,60.30879,4458.92058,-2.34161,46.34789,4.019833185956339,1.4974936299454251,11.999999795302069
4.73013,4.832,60.03322,4457.22693,-2.38142,46.36926,4.17551674313046,1.5554898512737054,11.999999795302069
4.77118,4.87522,59.75329,4455.45365,-2.41829,46.39132,4.339735857936561,1.616665792403936,11.999999795302069
4.81219,4.91845,59.46936,4453.5951,-2.45205,46.41411,4.512778805523909,1.6811288434141942,11.999999795302069
4.85318,4.96168,59.18181,4451.64549,-2.48253,46.43767,4.694918606189038,1.7489807115485363,11.999999795302069
4.89412,5.00491,58.89103,4449.59881,-2.50956,46.46203,4.886407509856289,1.8203153665408731,11.999999795302069
4.93503,5.04814,58.59746,4447.44888,-2.53297,46.48724,5.087470759775949,1.895216717428443,11.999999795302069
4.97591,5.09137,58.30153,4445.18936,-2.55257,46.51332,5.298299608019564,1.9737560106400431,11.999999795302069
5.01674,5.1346,58.0037,4442.81377,-2.56817,46.54033,5.5190435694867,2.055988944409734,11.999999795302069
5.05753,5.17783,57.70447,4440.3155,-2.57959,46.5683,5.749801919650486,2.1419525014633525,11.999999795302069
5.09828,5.22107,57.40434,4437.68788,-2.58663,46.59727,5.990614464698344,2.2316615106530757,11.999999795302069
5.13898,5.2643,57.10383,4434.92415,-2.58911,46.62729,6.241451641425452,2.3251049589072545,11.999999795302069
5.17963,5.30753,56.80351,4432.01756,-2.58682,46.6584,6.502204038563018,2.422242087649479,11.999999795302069
5.22024,5.35076,56.50393,4428.96141,-2.5796,46.69063,6.772671471053715,2.522998322678707,11.999999795302069
5.26079,5.39398,56.2057,4425.74907,-2.56724,46.72403,7.052551783955839,2.627261103328983,11.999999795302069
5.30129,5.43721,55.90943,4422.37407,-2.54958,46.75864,7.341429612314809,2.734875695225813,11.999999795302069
5.34174,5.48043,55.61574,4418.83017,-2.52644,46.7945,7.638765376311263,2.845641090689286,11.999999795302069
5.38213,5.52365,55.3253,4415.11142,-2.49767,46.83163,7.943884845462928,2.959306121124683,11.999999795302069
5.42245,5.56686,55.03875,4411.21224,-2.46311,46.87007,8.255969659021924,3.0755659256210524,11.999999795302069
5.46272,5.61007,54.7568,4407.12754,-2.42263,46.90985,8.57404923893783,3.1940589383171663,11.999999795302069
5.50292,5.65327,54.48011,4402.85275,-2.37614,46.951,8.896994572850769,3.3143645724028694,11.999999795302069
5.54305,5.69646,54.20941,4398.38398,-2.32353,46.99353,9.223514373294918,3.4360017893213213,11.999999795302069
5.58311,5.73965,53.94539,4393.71808,-2.26474,47.03747,9.552154130712507,3.558428745991806,11.999999795302069
5.62309,5.78282,53.68877,4388.85272,-2.19974,47.08281,9.881298567250148,3.681043708913415,11.999999795302069
5.663,5.82599,53.44025,4383.78654,-2.12852,47.12956,10.209177960967248,3.8031874100990932,11.999999795302069
5.70283,5.86914,53.20055,4378.5192,-2.05112,47.17771,10.533878742355519,3.924146994557959,11.999999795302069
5.74258,5.91229,52.97035,4373.05149,-1.9676,47.22726,10.853358664270157,4.0431616714938166,11.999999795302069
5.78225,5.95542,52.75033,4367.38538,-1.87806,47.27817,11.165466712089879,4.159430131363637,11.999999795302069
5.82182,5.99853,52.54117,4361.5241,-1.78266,47.33043,11.467967754695414,4.272119729015651,11.999999795302069
5.86131,6.04163,52.3435,4355.4722,-1.68159,47.38399,11.75857174335556,4.38037736104268,11.999999795302069
5.9007,6.08472,52.15794,4349.23555,-1.57508,47.43879,12.034967052314734,4.483341886028234,11.999999795302069
5.94,6.12778,51.98505,4342.82139,-1.46342,47.49479,12.294857332162755,4.580157853396432,11.999999795302069
5.9792,6.17083,51.82538,4336.23832,-1.34693,47.55191,12.536001028008645,4.6699902249715235,11.999999795302069
6.0183,6.21386,51.67942,4329.49622,-1.22598,47.61008,12.756252513703274,4.75203969855814,11.999999795302069
6.0573,6.25686,51.54762,4322.60627,-1.10098,47.66921,12.953603626372589,4.825558180647746,11.999999795302069
6.09619,6.29985,51.43037,4315.5808,-0.97238,47.72921,13.126224267088162,4.889863911236707,11.999999795302069
6.13498,6.3428,51.32801,4308.43324,-0.84067,47.78996,13.272500676308253,4.944355722435152,11.999999795302069
6.17365,6.38574,51.24082,4301.17797,-0.70636,47.85138,13.391070005868148,4.988525917443033,11.999999795302069
6.21222,6.42864,51.169,4293.83021,-0.56999,47.91333,13.480849897110138,5.021971289181783,11.999999795302069
6.25068,6.47152,51.11271,4286.40583,-0.43213,47.97571,13.54106193610685,5.044401857982152,11.999999795302069
6.28902,6.51438,51.07203,4278.92117,-0.29335,48.03838,13.571248084449401,5.055646992485117,11.999999795302069
6.32725,6.5572,51.04698,4271.39291,-0.15425,48.10123,13.571279465462219,5.055658682738074,11.999999795302069
6.36537,6.59999,51.03751,4263.83784,-0.01541,48.16413,13.541357203451588,5.044511852837019,11.999999795302069
6.40337,6.64275,51.04349,4256.27273,0.12259,48.22695,13.482005347652763,5.022401724910644,11.999999795302069
6.44126,6.68548,51.06475,4248.71407,0.25916,48.28958,13.394056241270798,4.989638368703102,11.999999795302069
6.47903,6.72818,51.10105,4241.17798,0.39375,48.3519,13.278628998580208,4.946638683727319,11.999999795302069
6.51669,6.77085,51.15208,4233.68002,0.52583,48.41379,13.137102011468473,4.893916157229052,11.999999795302069
6.55424,6.81349,51.21749,4226.23502,0.65488,48.47514,12.97108060656208,4.832068815615356,11.999999795302069
6.59168,6.85609,51.29685,4218.85702,0.78042,48.53585,12.78236110650415,4.761765836334885,11.999999795302069
6.629,6.89865,51.38971,4211.55911,0.902,48.59582,12.572892610315407,4.683733310056743,11.999999795302069
6.66622,6.94119,51.49557,4204.35336,1.01923,48.65498,12.344737800213373,4.598739640179389,11.999999795302069
6.70332,6.98369,51.61389,4197.25077,1.13174,48.71323,12.100034012264446,4.507581040624256,11.999999795302069
6.74032,7.02616,51.74408,4190.26123,1.23919,48.77052,11.840955686206728,4.411067547406735,11.999999795302069
6.77722,7.0686,51.88554,4183.39347,1.34132,48.82678,11.569679148582772,4.310009899426529,11.999999795302069
6.81401,7.111,52.03764,4176.6551,1.43787,48.88195,11.288350496428155,4.205207574296602,11.999999795302069
6.8507,7.15337,52.19973,4170.05258,1.52866,48.93601,10.999057150236004,4.097438191073979,11.999999795302069
6.88729,7.19571,52.37115,4163.59129,1.61352,48.9889,10.703803446744795,3.9874484179310192,11.999999795302069
6.92378,7.23802,52.55122,4157.27553,1.69234,49.04061,10.404490455092732,3.875946453141841,11.999999795302069
6.96018,7.2803,52.73925,4151.10861,1.76503,49.09111,10.1029000319122,3.763596085185479,11.999999795302069
6.99648,7.32255,52.93456,4145.09289,1.83156,49.1404,9.800682987697133,3.6510122844063604,11.999999795302069
7.0327,7.36477,53.13647,4139.22987,1.8919,49.18847,9.499351121018819,3.538758235550105,11.999999795302069
7.06883,7.40697,53.34429,4133.52021,1.94608,49.23533,9.200272790222307,3.427343688103919,11.999999795302069
7.10487,7.44913,53.55735,4127.96387,1.99413,49.28098,8.90467163262529,3.3172244791644774,11.999999795302069
7.14083,7.49127,53.775,4122.56015,2.03614,49.32543,8.613628006999592,3.2088030708002355,11.999999795302069
7.17671,7.53338,53.99656,4117.30773,2.07218,49.36871,8.328082722882693,3.1024299393180934,11.999999795302069
7.21252,7.57547,54.22141,4112.20482,2.10236,49.41084,8.048842626202438,2.9984056560555663,11.999999795302069
7.24824,7.61753,54.44892,4107.24916,2.12681,49.45184,7.776587631062283,2.8969835069058094,11.999999795302069
7.28389,7.65957,54.67849,4102.43812,2.14568,49.49173,7.5118788183555125,2.798372509264499,11.999999795302069
7.31948,7.70159,54.90952,4097.76875,2.15909,49.53056,7.255167259790033,2.702740699211239,11.999999795302069
7.35499,7.74359,55.14144,4093.23782,2.16723,49.56835,7.006803267787393,2.6102185773403312,11.999999795302069
7.39043,7.78556,55.37371,4088.84191,2.17024,49.60514,6.767045815163329,2.520902617839624,11.999999795302069
7.42581,7.82752,55.60579,4084.57744,2.16831,49.64096,6.536071911266619,2.434858761348931,11.999999795302069
7.46113,7.86945,55.83717,4080.44068,2.16161,49.67585,6.313985762109925,2.3521258273497962,11.999999795302069
7.49638,7.91137,56.06735,4076.42785,2.15031,49.70985,6.100827579668603,2.2727187958610795,11.999999795302069
7.53158,7.95327,56.29587,4072.53508,2.13459,49.74299,5.896581939425464,2.196631920844284,11.999999795302069
7.56672,7.99515,56.52227,4068.75851,2.11464,49.77531,5.7011856150054365,2.1238416488111103,11.999999795302069
7.6018,8.03702,56.74613,4065.09426,2.09063,49.80685,5.514534844275131,2.054309325636725,11.999999795302069
7.63682,8.07887,56.96702,4061.5385,2.06273,49.83764,5.336492002710086,1.9879836825646462,11.999999795302069
7.6718,8.12071,57.18457,4058.0874,2.03111,49.86772,5.166891677353577,1.9248030989162177,11.999999795302069
7.70672,8.16253,57.39839,4054.73721,1.99596,49.89713,5.005546148692419,1.8646976442335799,11.999999795302069
7.7416,8.20434,57.60812,4051.48427,1.95743,49.9259,4.852250298607465,1.807590906620369,11.999999795302069
7.77642,8.24614,57.81344,4048.32494,1.91569,49.95406,4.706785970580537,1.7534016170335194,11.999999795302069
7.8112,8.28792,58.01401,4045.25572,1.87089,49.98165,4.5689258140754765,1.7020450814163592,11.999999795302069
7.84593,8.3297,58.20954,4042.27316,1.82319,50.00869,4.43843664868737,1.6534344339327134,11.999999795302069
7.88062,8.37146,58.39974,4039.37393,1.77275,50.03523,4.315082385782508,1.6074817253546587,11.999999795302069
7.91526,8.41322,58.58433,4036.55477,1.71969,50.06129,4.198626546120725,1.5640988609430908,11.999999795302069
7.94987,8.45496,58.76306,4033.81254,1.66417,50.0869,4.08883441171446,1.523198402071841,11.999999795302069
7.98443,8.4967,58.93569,4031.14418,1.60633,50.11209,3.9854748491889405,1.4846942454773209,11.999999795302069
8.01895,8.53842,59.10199,4028.54672,1.54628,50.13689,3.8883218403229733,1.4485021934252391,11.999999795302069
8.05343,8.58014,59.26175,4026.01731,1.48416,50.16132,3.7971557534564324,1.4145404273433422,11.999999795302069
8.08787,8.62185,59.41475,4023.55315,1.4201,50.1854,3.7117643872421238,1.3827298966464465,11.999999795302069
8.12227,8.66356,59.56083,4021.15155,1.35421,50.20917,3.631943815828936,1.3529946335894012,11.999999795302069
8.15664,8.70526,59.6998,4018.8099,1.2866,50.23265,3.5574990621400717,1.3252620040809433,11.999999795302069
8.19097,8.74695,59.83149,4016.52567,1.21739,50.25585,3.488244623483407,1.2994629034873872,11.999999795302069
8.22526,8.78864,59.95575,4014.29639,1.14668,50.27881,3.4240048713902835,1.2755319055830951,11.999999795302069
8.25952,8.83032,60.07244,4012.11967,1.07458,50.30155,3.3646143453264257,1.2534073719655199,11.999999795302069
8.29374,8.87199,60.18144,4009.99318,1.00119,50.32407,3.309917957787429,1.2330315284586737,11.999999795302069
8.32793,8.91367,60.28261,4007.91465,0.92661,50.34642,3.2597711263078555,1.2143505142899866,11.999999795302069
8.36209,8.95534,60.37584,4005.88186,0.85092,50.3686,3.2140398460907704,1.1973144091467227,11.999999795302069
8.39622,8.997,60.46105,4003.89265,0.77423,50.39063,3.1726007152560447,1.1818772425816348,11.999999795302069
8.43031,9.03866,60.53812,4001.9449,0.69662,50.41254,3.135340923181616,1.167996989669778,11.999999795302069
8.46437,9.08032,60.60699,4000.0365,0.61819,50.43433,3.102158211018688,1.1556355562993845,11.999999795302069
8.4984,9.12197,60.66757,3998.16542,0.539,50.45604,3.072960812176167,1.1447587570007463,11.999999795302069
8.5324,9.16362,60.71988,3996.32944,0.4606,50.464,3.0476349007351855,1.1353241886241463,0.0
8.56638,9.20526,60.76393,3994.52642,0.3816,50.47199,3.0260782231392658,1.1272937590293428,0.0
8.60034,9.24689,60.79968,3992.75439,0.30209,50.48003,3.008231798213385,1.120645496176752,0.0
8.63428,9.28851,60.82707,3991.01143,0.22216,50.48811,2.9940462570656186,1.1153610088551578,0.0
8.6682,9.33012,60.84609,3989.29559,0.14187,50.49623,2.983481839394232,1.1114254853060084,0.0
8.7021,9.37172,60.8567,3987.60493,0.06131,50.50439,2.976508335151871,1.1088276714917895,0.0
8.73598,9.41331,60.85889,3985.93753,-0.01945,50.51259,2.973105031031107,1.107559851160484,0.0
8.76984,9.45489,60.85264,3984.29141,-0.10032,50.52083,2.9732606630344547,1.1076178281766556,0.0
8.80368,9.49647,60.83796,3982.66463,-0.18123,50.52912,2.9769733758187846,1.1090009113761712,0.0
8.8375,9.53803,60.81485,3981.05517,-0.2621,50.53744,2.9842506889478733,1.1117119019943886,0.0
8.8713,9.57959,60.78333,3979.46104,-0.34286,50.54581,2.995109469634191,1.1157570835117574,0.0
8.90508,9.62114,60.74342,3977.88019,-0.42342,50.55422,3.0095759110041804,1.1211462135570591,0.0
8.93884,9.66269,60.69515,3976.31052,-0.50371,50.56267,3.027685514357226,1.12789251729841,0.0
8.97258,9.70422,60.63857,3974.74992,-0.58364,50.57116,3.0494830733038367,1.1360126815343157,0.0
9.0063,9.74575,60.57371,3973.19621,-0.66314,50.57969,3.0750226570655084,1.1455268484724304,0.0
9.04,9.78727,60.50063,3971.64717,-0.74212,50.58827,3.1043675895549807,1.1564586079364012,0.0
9.07369,9.82878,60.41941,3970.1005,-0.82051,50.59688,3.1375904201759104,1.1688349864879808,0.0
9.10735,9.87029,60.3301,3968.55386,-0.89821,50.60554,3.17477288149665,1.1826864316593937,0.0
9.14099,9.91179,60.2328,3967.00482,-0.97513,50.61424,3.2160058281736417,1.198046789200694,0.0
9.17462,9.95328,60.1276,3965.4509,-1.0512,50.62297,3.26138915056959,1.2149532709002633,0.0
9.20822,9.99476,60.01459,3963.88951,-1.12631,50.63175,3.311031655584827,1.2334464101913574,0.0
9.24181,10.03623,59.89388,3962.31799,-1.20038,50.64057,3.365050906139281,1.2535700023549148,0.0
9.27537,10.0777,59.76561,3960.73359,-1.27331,50.64943,3.4235730096442225,1.275371025719721,0.0
9.30891,10.11916,59.62989,3959.13345,-1.34499,50.65832,3.486732344567745,1.29889953980085,0.0
9.34244,10.16062,59.48687,3957.51463,-1.41533,50.66726,3.5546712129283815,1.324208555844398,0.0
9.37594,10.20206,59.33669,3955.87405,-1.48422,50.67624,3.6275394051775516,1.3513538747347413,0.0
9.40943,10.2435,59.17953,3954.20855,-1.55155,50.68525,3.70549366251917,1.3803938866944485,0.0
9.44289,10.28492,59.01556,3952.51482,-1.61721,50.69431,3.788697020273248,1.4113893266699409,0.0
9.47633,10.32634,58.84495,3950.78946,-1.68109,50.7034,3.877318014404013,1.4444029787423414,0.0
9.50975,10.36775,58.66792,3949.02892,-1.74306,50.71253,3.971529731919338,1.479499322376276,0.0
9.54315,10.40915,58.48467,3947.22955,-1.80301,50.7217,4.071508684480263,1.516744112809783,0.0
9.57652,10.45054,58.29542,3945.38753,-1.86079,50.73091,4.177433483328676,1.5562038874300106,0.0
9.60988,10.49192,58.10041,3943.49895,-1.91629,50.74015,4.289483292643358,1.597945389607648,0.0
9.64321,10.53329,57.8999,3941.55973,-1.96937,50.74943,4.407836037704944,1.6420349011912276,0.0
9.67652,10.57465,57.69415,3939.56568,-2.01989,50.75874,4.532666343970464,1.688537474758166,0.0
9.7098,10.616,57.48343,3937.51246,-2.0677,50.76809,4.664143183362772,1.7375160567956431,0.0
9.74306,10.65733,57.26805,3935.39563,-2.11266,50.77748,4.802427205037972,1.789030493341244,0.0
9.77629,10.69866,57.04831,3933.2106,-2.15462,50.7869,4.947667729622784,1.843136410257282,0.0
9.8095,10.73996,56.82454,3930.95266,-2.19342,50.79636,5.099999388730122,1.89988396136194,0.0
9.84269,10.78126,56.59707,3928.61701,-2.22891,50.80584,5.259538395570367,1.9593164391338378,0.0
9.87585,10.82254,56.36628,3926.19873,-2.26094,50.81536,5.426378437924578,2.0214687447364934,0.0
9.90898,10.86381,56.13253,3923.69284,-2.28932,50.82492,5.6005861918186355,2.0863657167439005,0.0
9.94208,10.90505,55.89621,3921.09427,-2.31392,50.8345,5.782196463139444,2.154020321264727,0.0
9.97515,10.94629,55.65773,3918.3979,-2.33455,50.84411,5.971206975343882,2.2244317102267614,0.0
10.0082,10.9875,55.41751,3915.5986,-2.35107,50.85376,6.167572834420628,2.2975831594295553,0.0
10.04121,11.02869,55.176,3912.6912,-2.3633,50.86343,6.371200717504524,2.373439903650363,0.0
10.0742,11.06987,54.93364,3909.6706,-2.37108,50.87313,6.581942848928066,2.4519468925648287,0.0
10.10715,11.11102,54.69091,3906.53173,-2.37426,50.88286,6.799590846933249,2.5330264984852415,0.0
10.14007,11.15215,54.4483,3903.26962,-2.37269,50.89262,7.023869545488365,2.616576214824735,0.0
10.17296,11.19326,54.2063,3899.87944,-2.36622,50.9024,7.254430918169048,2.7024663925831076,0.0
10.20581,11.23434,53.96544,3896.35655,-2.35471,50.91221,7.490848254274658,2.790538070796937,0.0
10.23863,11.2754,53.72623,3892.69652,-2.33803,50.92203,7.732610760382499,2.8806009654764835,0.0
10.27141,11.31643,53.48921,3888.8952,-2.31607,50.93189,7.9791187822760445,2.9724316896482406,0.0
10.30415,11.35743,53.25494,3884.94878,-2.28871,50.94176,8.229679861346552,3.065772284260768,0.0
10.33685,11.3984,53.02396,3880.85384,-2.25588,50.95165,8.48350585461805,3.160329145318228,0.0
10.36951,11.43934,52.79685,3876.6074,-2.2175,50.96157,8.73971135682149,3.2557724360614837,0.0
10.40213,11.48024,52.57416,3872.20698,-2.17352,50.9715,8.997313664622139,3.3517360736418675,0.0
10.43471,11.52112,52.35646,3867.6507,-2.12391,50.98145,9.255234515611502,3.4478183769414232,0.0
10.46725,11.56195,52.14433,3862.93725,-2.06867,50.99141,9.512303816106586,3.5435834552762167,0.0
10.49974,11.60275,51.93833,3858.06605,-2.00781,51.00139,9.767265541227747,3.63856340633058,0.0
10.53218,11.64351,51.739,3853.03721,-1.9414,51.01139,10.018785946953223,3.7322613753634863,0.0
10.56458,11.68422,51.54692,3847.85166,-1.86949,51.02139,10.265464176862691,3.8241555064996176,0.0
10.59692,11.7249,51.36259,3842.51112,-1.79222,51.03141,10.505845276725918,3.91370379100606,0.0
10.62922,11.76553,51.18656,3837.01819,-1.70972,51.04144,10.738435549196598,4.000349787319773,0.0
10.66147,11.80611,51.01932,3831.37633,-1.62216,51.05148,10.961720091447875,4.08352915427826,0.0
10.69366,11.84665,50.86134,3825.58992,-1.52977,51.06152,11.174182264006907,4.162676903772701,0.0
10.7258,11.88714,50.71308,3819.66422,-1.43278,51.07158,11.374324743565259,4.237235243473758,0.0
10.75788,11.92757,50.57495,3813.60539,-1.33147,51.08164,11.560691721644728,4.306661846418675,0.0
10.78991,11.96796,50.44735,3807.42048,-1.22616,51.0917,11.731891729753727,4.370438353982591,0.0
10.82188,12.00829,50.33064,3801.11734,-1.11719,51.10177,11.886620506092845,4.428078894328038,0.0
10.85379,12.04856,50.22512,3794.70464,-1.00494,51.11184,12.023683273872281,4.479138381664342,0.0
10.88564,12.08878,50.13106,3788.19176,-0.8898,51.12192,12.142015781395386,4.523220354232356,0.0
10.91743,12.12894,50.0487,3781.58877,-0.77219,51.132,12.240703462223497,4.559984111969986,0.0
10.94916,12.16904,49.97822,3774.90627,-0.65257,51.14208,12.318998111509114,4.589150928885084,0.0
10.98082,12.20909,49.91976,3768.15539,-0.53139,51.15216,12.376331541316201,4.610509140021551,0.0
11.01243,12.24907,49.8734,3761.3476,-0.40914,51.16224,12.412325771377503,4.623917937784577,0.0
11.04404,12.28892,49.83382,3754.50674,-0.39544,50.9484,12.436267830994861,4.632836984945546,-51.99999911297563
11.07575,12.32859,49.79567,3747.64976,-0.38163,50.73373,12.457559319569619,4.640768624652423,-51.99999911297563
11.10754,12.36807,49.75894,3740.77811,-0.36775,50.51828,12.476201301384533,4.64771325337854,-51.99999911297563
11.13942,12.40736,49.72364,3733.89328,-0.35383,50.30209,12.492189879639714,4.653669419463406,-51.99999911297563
11.17139,12.44645,49.68976,3726.99673,-0.33992,50.08521,12.505529553100134,4.658638798815346,-51.99999911297563
11.20344,12.48536,49.6573,3720.08994,-0.32604,49.86768,12.516233173908597,4.662626179195712,-51.99999911297563
11.23558,12.52407,49.62625,3713.17441,-0.31224,49.64954,12.524321861424738,4.6656394281216516,-51.99999911297563
11.2678,12.5626,49.59659,3706.2516,-0.29856,49.43084,12.529824873124822,4.6676894447728845,-51.99999911297563
11.30011,12.60092,49.5683,3699.32298,-0.28502,49.21163,12.532779433957637,4.668790096422282,-51.99999911297563
11.3325,12.63906,49.54137,3692.39001,-0.27167,48.99194,12.533230525994165,4.668958140074836,-51.99999911297563
11.36497,12.677,49.51577,3685.45413,-0.25855,48.77183,12.531230640475625,4.6682131300990255,-51.99999911297563
11.39752,12.71475,49.49147,3678.51674,-0.24568,48.55133,12.526839494767609,4.666577312784792,-51.99999911297563
11.43016,12.7523,49.46844,3671.57924,-0.23311,48.33048,12.52012371692459,4.664075508835517,-51.99999911297563
11.46287,12.78966,49.44665,3664.64299,-0.22086,48.10934,12.511156500897055,4.660734984923607,-51.99999911297563
11.49566,12.82682,49.42605,3657.7093,-0.20898,47.88792,12.500017235503808,4.6565853154729115,-51.99999911297563
11.52853,12.86379,49.40661,3650.77946,-0.19748,47.66629,12.48679111053549,4.65165823592192,-51.99999911297563
11.56148,12.90056,49.38828,3643.85472,-0.18641,47.44446,12.471568703418704,4.645987488745281,-51.99999911297563
11.59451,12.93714,49.37103,3636.93628,-0.17578,47.22248,12.45444554990487,4.639608663524093,-51.99999911297563
11.62761,12.97352,49.35479,3630.02528,-0.16564,47.00039,12.435521702341012,4.6325590323901595,-51.99999911297563
11.66079,13.0097,49.33953,3623.12283,-0.15601,46.7782,12.414901278954304,4.624877382122618,-51.99999911297563
11.69404,13.04569,49.32518,3616.22999,-0.1469,46.55597,12.392692007609918,4.616603844185737,-51.99999911297563
11.72736,13.08148,49.31169,3609.34773,-0.13835,46.33371,12.369004767328859,4.60777972393224,-51.99999911297563
11.76076,13.11708,49.29902,3602.47701,-0.13038,46.11145,12.343953130741466,4.598447330155208,-51.99999911297563
11.79422,13.15248,49.28708,3595.61869,-0.123,45.88921,12.317652910508503,4.588649806117987,-51.99999911297563
11.82776,13.18769,49.27584,3588.77361,-0.11625,45.66703,12.290221712484191,4.5784309630956725,-51.99999911297563
11.86137,13.2227,49.26522,3581.94251,-0.11012,45.44492,12.26177849827225,4.567835117415717,-51.99999911297563
11.89504,13.25751,49.25516,3575.12609,-0.10465,45.2229,12.23244315947745,4.556906931855437,-51.99999911297563
11.92878,13.29213,49.24561,3568.32499,-0.09985,45.00099,12.202336105831408,4.545691262208028,-51.99999911297563
11.96259,13.32656,49.23649,3561.53976,-0.09571,44.77921,12.171577869027914,4.5342330097008094,-51.99999911297563
11.99647,13.36079,49.22774,3554.77092,-0.09227,44.55756,12.140288723854228,4.522576979856655,-51.99999911297563
12.03041,13.39482,49.21929,3548.0189,-0.08952,44.33605,12.108588328011214,4.510767748317519,-51.99999911297563
12.06441,13.42866,49.21108,3541.28407,-0.08748,44.1147,12.076595381656714,4.498849534015387,-51.99999911297563
12.09848,13.46231,49.20305,3534.56674,-0.08614,43.89351,12.044427307527437,4.486866080009262,-51.99999911297563
12.1326,13.49576,49.19512,3527.86717,-0.08551,43.67249,12.012199952220904,4.474860542204826,-51.99999911297563
12.16679,13.52902,49.18723,3521.18552,-0.0856,43.45163,11.980027308986564,4.462875386086845,-51.99999911297563
12.20104,13.56209,49.17931,3514.52193,-0.08641,43.23094,11.948021262148993,4.450952291510076,-51.99999911297563
12.23535,13.59496,49.17131,3507.87644,-0.08792,43.01042,11.9162913531025,4.4391320655261035,-51.99999911297563
12.26971,13.62764,49.16314,3501.24905,-0.09014,42.79005,11.884944567588631,4.427454563138622,-51.99999911297563
12.30414,13.66013,49.15476,3494.63969,-0.09307,42.56984,11.854085143852172,4.415958615836486,-51.99999911297563
12.33862,13.69242,49.14609,3488.04825,-0.09669,42.34977,11.823814401022963,4.4046819676614275,-51.99999911297563
12.37315,13.72453,49.13708,3481.47455,-0.10101,42.12983,11.794230587064247,4.393661218564811,-51.99999911297563
12.40774,13.75644,49.12766,3474.91834,-0.106,41.91002,11.765428745377966,4.382931774714608,-51.99999911297563
12.44239,13.78816,49.11777,3468.37933,-0.11167,41.69032,11.73750059914744,4.372527805409984,-51.99999911297563
12.47709,13.81968,49.10736,3461.85718,-0.11799,41.4707,11.710534452373027,4.362482206214493,-51.99999911297563
12.51184,13.85102,49.09637,3455.3515,-0.12495,41.25116,11.684615106496732,4.352826567896539,-51.99999911297563
12.54664,13.88217,49.08474,3448.86183,-0.13255,41.03167,11.659823791484946,4.343591150755892,-51.99999911297563
12.58149,13.91312,49.07242,3442.38768,-0.14075,40.8122,11.63623811016086,4.3348048638860455,-51.99999911297563
12.61639,13.94388,49.05935,3435.9285,-0.14955,40.59275,11.613931994607276,4.326495248933113,-51.99999911297563
12.65135,13.97446,49.04549,3429.48372,-0.15893,40.37328,11.592975673402995,4.318688467890522,-51.99999911297563
12.68634,14.00484,49.0308,3423.0527,-0.16886,40.15376,11.573435648514282,4.311409294490479,-51.99999911297563
12.72139,14.03503,49.01522,3416.63477,-0.17932,39.93417,11.555374680646478,4.304681108747057,-51.99999911297563
12.75649,14.06504,48.9987,3410.22922,-0.1903,39.71448,11.538851781882911,4.298525894213997,-51.99999911297563
12.79163,14.09485,48.98122,3403.83531,-0.20176,39.49466,11.523922214515238,4.29296423754898,-51.99999911297563
12.82681,14.12447,48.96273,3397.45224,-0.2137,39.27467,11.51063749495327,4.288015329970139,-51.99999911297563
12.86204,14.15391,48.9432,3391.0792,-0.22607,39.05449,11.499045401728834,4.283696970237706,-51.99999911297563
12.89732,14.18315,48.92258,3384.71534,-0.23885,38.83407,11.489189986587334,4.280025568785921,-51.99999911297563
12.93263,14.2122,48.90086,3378.35978,-0.25203,38.61339,11.481111587791471,4.277016152678995,-51.99999911297563
12.96799,14.24107,48.87799,3372.01161,-0.26556,38.3924,11.474846844778193,4.27468237107124,-51.99999911297563
13.00339,14.26974,48.85396,3365.6699,-0.27943,38.17107,11.470428713417054,4.273036500891184,-51.99999911297563
13.03884,14.29822,48.82874,3359.33368,-0.29361,37.94936,11.467886481199743,4.27208945250008,-51.99999911297563
13.07432,14.32652,48.80231,3353.00198,-0.30806,37.72722,11.467245781688,4.271850775074138,-51.99999911297563
13.10984,14.35462,48.77465,3346.6738,-0.32275,37.50463,11.468528607772585,4.27232866154383,-51.99999911297563
13.1454,14.38253,48.74575,3340.3481,-0.33767,37.28154,11.471753323229406,4.273529952898867,-51.99999911297563
13.181,14.41025,48.71559,3334.02386,-0.35276,37.05791,11.476934672221804,4.275460141728031,-51.99999911297563
13.21664,14.43778,48.68416,3327.70001,-0.36802,36.83369,11.484083786505483,4.27812337490322,-51.99999911297563
13.25231,14.46512,48.65147,3321.3755,-0.3834,36.60884,11.493208190064244,4.281522455306365,-51.99999911297563
13.28802,14.49226,48.61749,3315.04924,-0.39887,36.38332,11.504311801144263,4.285658842587262,-51.99999911297563
13.32377,14.51922,48.58223,3308.72016,-0.4144,36.1571,11.517394931597325,4.290532652918908,-51.99999911297563
13.35955,14.54598,48.5457,3302.38714,-0.42996,35.93011,11.53245428363101,4.296142657786854,-51.99999911297563
13.39537,14.57254,48.50789,3296.04911,-0.44552,35.70232,11.549482944078933,4.302486281854728,-51.99999911297563
13.43122,14.59892,48.46881,3289.70495,-0.46105,35.47369,11.568470376434528,4.309559599996599,-51.99999911297563
13.4671,14.6251,48.42848,3283.35356,-0.47651,35.24416,11.58940241094675,4.317357333607377,-51.99999911297563
13.50301,14.65108,48.3869,3276.99384,-0.49188,35.01371,11.612261233172246,4.325872846338186,-51.99999911297563
13.53896,14.67687,48.34409,3270.62469,-0.50712,34.78227,11.637025371438313,4.3350981394259875,-51.99999911297563
13.57494,14.70247,48.30006,3264.24502,-0.5222,34.54982,11.66366968377105,4.345023846823981,-51.99999911297563
13.61095,14.72786,48.25484,3257.85374,-0.5371,34.31629,11.692165344921186,4.355639230368376,-51.99999911297563
13.64699,14.75307,48.20845,3251.44977,-0.55177,34.08166,11.722479834131732,4.36693217522152,-51.99999911297563
13.68305,14.77807,48.16092,3245.03205,-0.5662,33.84587,11.754576924465102,4.378889185895974,-51.99999911297563
13.71915,14.80287,48.11226,3238.59953,-0.58035,33.60889,11.788416674457148,4.391495383145421,-51.99999911297563
13.75528,14.82748,48.06252,3232.15116,-0.59419,33.37067,11.823955423022968,4.4047345020669395,-51.99999911297563
13.79143,14.85188,48.01172,3225.68594,-0.6077,33.13117,11.861145788491552,4.418588891741396,-51.99999911297563
13.8276,14.87609,47.95989,3219.20287,-0.62084,32.89035,11.899936672813393,4.433039516800875,-51.99999911297563
13.86381,14.90009,47.90708,3212.70097,-0.6336,32.64817,11.940273271907033,4.448065961283053,-51.99999911297563
13.90004,14.92389,47.85333,3206.17929,-0.64593,32.40459,11.982097093211177,4.463646435169815,-51.99999911297563
13.93629,14.94748,47.79866,3199.63691,-0.65783,32.15956,12.025345981521015,4.479757784011966,-51.99999911297563
13.97257,14.97087,47.74313,3193.07294,-0.66926,31.91307,12.069954154176816,4.496375502037914,-51.99999911297563
14.00887,14.99406,47.68679,3186.48652,-0.68021,31.66505,12.115852246708481,4.5134737491574555,-51.99999911297563
14.04519,15.01704,47.62966,3179.87681,-0.69064,31.41549,12.16296736999303,4.531025372254452,-51.99999911297563
14.08154,15.03981,47.57182,3173.24304,-0.70054,31.16435,12.211223179982792,4.5490019311624135,-51.99999911297563
14.1179,15.06237,47.51329,3166.58444,-0.70989,30.9116,12.260539961029911,4.56737372970507,-51.99999911297563
14.15429,15.08473,47.45413,3159.9003,-0.71867,30.65719,12.310834723775121,4.5861098521625125,-51.99999911297563
14.19069,15.10687,47.3944,3153.18996,-0.72686,30.40111,12.362021318491719,4.605178205494808,-51.99999911297563
14.22711,15.1288,47.33415,3146.45279,-0.73445,30.14333,12.414010564723343,4.624545567635483,-51.99999911297563
14.26355,15.15052,47.27342,3139.68822,-0.74142,29.88382,12.466710397943096,4.644177642125905,-51.99999911297563
14.30001,15.17202,47.21228,3132.89571,-0.74776,29.62255,12.52002603385322,4.664039119321235,-51.99999911297563
14.33648,15.19331,47.15079,3126.07478,-0.75346,29.35951,12.573860150839968,4.684093744359666,-51.99999911297563
14.37297,15.21438,47.08898,3119.22502,-0.7585,29.09466,12.62811309090825,4.704304392015866,-51.99999911297563
14.40947,15.23524,47.02693,3112.34604,-0.76288,28.828,12.68268307934433,4.724633148531114,-51.99999911297563
14.44599,15.25588,46.96468,3105.43754,-0.76659,28.55951,12.73746646311843,4.745041400424546,-51.99999911297563
14.48252,15.2763,46.9023,3098.49925,-0.76964,28.28916,12.792357967880832,4.765489930230954,-51.99999911297563
14.51906,15.29649,46.83984,3091.53096,-0.772,28.01695,12.8472509732555,4.785939019054914,-51.99999911297563
14.55561,15.31647,46.77736,3084.53255,-0.77369,27.74287,12.902037805865723,4.806348555730545,-51.99999911297563
14.59217,15.33622,46.71491,3077.50392,-0.7747,27.46692,12.95661004936923,4.826678152317744,-51.99999911297563
14.62873,15.35575,46.65255,3070.44506,-0.77503,27.18907,13.01085887056142,4.846887265584226,-51.99999911297563
14.66531,15.37505,46.59033,3063.356,-0.7747,26.90933,13.064675360399864,4.866935324046116,-51.99999911297563
14.70189,15.39413,46.52831,3056.23685,-0.77369,26.62771,13.117950888532468,4.88678186003902,-51.99999911297563
14.73848,15.41298,46.46654,3049.08777,-0.77204,26.34419,13.170577469817848,4.9063866462565136,-51.99999911297563
14.77507,15.4316,46.40508,3041.909,-0.76973,26.05878,13.22244814098427,4.925709836065503,-51.99999911297563
14.81166,15.44999,46.34396,3034.70081,-0.76679,25.7715,13.273457345511183,4.944712106884724,-51.99999911297563
14.84826,15.46815,46.28326,3027.46357,-0.76323,25.48234,13.323501324537922,4.963354805808519,-51.99999911297563
14.88482,15.48618,46.22876,3020.18127,-0.61333,25.49031,13.361490176353703,4.977506652656746,0.0
14.92128,15.50417,46.18627,3012.84609,-0.46253,25.49826,13.37636865409868,4.98304927709306,0.0
14.95765,15.52213,46.15578,3005.4708,-0.31148,25.5062,13.368171695937155,4.979995694502943,0.0
14.99394,15.54005,46.13723,2998.06825,-0.16084,25.51411,13.337172637674904,4.968447729665943,0.0
15.03013,15.55794,46.13049,2990.65123,-0.01126,25.52201,13.283856798868852,4.948586176886542,0.0
15.06622,15.57579,46.1354,2983.23239,0.13664,25.52989,13.208909886592846,4.9206664800917865,0.0
15.10223,15.5936,46.15175,2975.82407,0.28223,25.53774,13.113202637957553,4.885013011765872,0.0
15.13815,15.61138,46.17928,2968.43826,0.42493,25.54558,12.997772271654611,4.842012163162299,0.0
15.17397,15.62912,46.21769,2961.08646,0.56416,25.55341,12.8638014041086,4.7921044900157375,0.0
15.2097,15.64683,46.26663,2953.77963,0.69938,25.56121,12.712595136911562,4.73577617700851,0.0
15.24534,15.6645,46.32572,2946.52808,0.83011,25.569,12.54555703921321,4.6735500905790115,0.0
15.28088,15.68213,46.39455,2939.34145,0.95587,25.57677,12.364164733229329,4.605976683881204,0.0
15.31634,15.69973,46.47267,2932.22867,1.07625,25.58452,12.169945746836543,4.5336250012408055,0.0
15.35171,15.71729,46.55962,2925.19786,1.19086,25.59227,11.964454229597784,4.457074004262146,0.0
15.38699,15.73482,46.65489,2918.25641,1.29937,25.6,11.749249043218121,4.376904409946481,0.0
15.42218,15.75231,46.75797,2911.4109,1.4015,25.60772,11.52587364093041,4.29369119523375,0.0
15.45728,15.76977,46.86833,2904.66712,1.49698,25.61543,11.295838048619627,4.20799688449728,0.0
15.4923,15.78719,46.98543,2898.0301,1.58562,25.62313,11.060603159195386,4.120365698784306,0.0
15.52724,15.80458,47.10872,2891.50409,1.66724,25.63082,10.82156745556835,4.03131860977535,0.0
15.56209,15.82194,47.23763,2885.09266,1.74174,25.63851,10.58005619028684,3.9413493089141554,0.0
15.59687,15.83927,47.3716,2878.79865,1.80901,25.64619,10.337312973963689,3.8509210738753663,0.0
15.63156,15.85657,47.51007,2872.62427,1.86902,25.65387,10.094493661759797,3.7604644911187983,0.0
15.66618,15.87384,47.65248,2866.57109,1.92173,25.66155,9.852662377862078,3.6703759749028686,0.0
15.70072,15.89108,47.79827,2860.64013,1.96718,25.66923,9.612789481969092,3.5810170097469927,0.0
15.73518,15.90829,47.94689,2854.83189,2.00539,25.67691,9.375751258427165,3.492714034626604,0.0
15.76957,15.92547,48.0978,2849.14639,2.03645,25.68459,9.142331096502412,3.4057588826555434,0.0
15.80389,15.94263,48.25045,2843.58321,2.06044,25.69228,8.913221927763724,3.320409689075348,0.0
15.83814,15.95976,48.40434,2838.14154,2.07748,25.69997,8.68902969201327,3.2368921824055645,0.0
15.87232,15.97686,48.55894,2832.82022,2.0877,25.70768,8.470277614820962,3.155401277937876,0.0
15.90644,15.99394,48.71376,2827.6178,2.09125,25.71539,8.257411095879418,3.0761028987769548,0.0
15.94049,16.011,48.86833,2822.53255,2.08829,25.72311,8.050803026656872,2.9991359568060836,0.0
15.97448,16.02803,49.02217,2817.56251,2.07899,25.73084,7.850759376781717,2.9246144337623834,0.0
16.0084,16.04504,49.17482,2812.70551,2.06355,25.73859,7.657524910187319,2.8526295106511594,0.0
16.04227,16.06203,49.32586,2807.95923,2.04215,25.74635,7.471288913498386,2.7832517017205465,0.0
16.07607,16.079,49.47487,2803.3212,2.015,25.75413,7.292190839555442,2.7165329568228658,0.0
16.10982,16.09594,49.62143,2798.78883,1.98229,25.76192,7.120325788150449,2.6525087031328485,0.0
16.14351,16.11287,49.76518,2794.35943,1.94424,25.76973,6.9557497634101,2.5911998036612447,0.0
16.17715,16.12978,49.90573,2790.03026,1.90106,25.77757,6.798484662805933,2.5326144157923602,0.0
16.21073,16.14667,50.04273,2785.79849,1.85296,25.78542,6.648522966313775,2.476749738119326,0.0
16.24426,16.16355,50.17585,2781.66127,1.80016,25.79329,6.505832105892865,2.423593638190043,0.0
16.27774,16.1804,50.30477,2777.61572,1.74286,25.80118,6.370358505183271,2.3731261574007565,0.0
16.31117,16.19725,50.42919,2773.65892,1.68129,25.8091,6.242031287385465,2.325320892278762,0.0
16.34455,16.21407,50.54881,2769.78796,1.61565,25.81704,6.120765655674773,2.28014625377573,0.0
16.37789,16.23088,50.66338,2765.99992,1.54616,25.82501,6.006465955581216,2.2375666080847725,0.0
16.41117,16.24767,50.77263,2762.29189,1.47302,25.833,5.8990284325262445,2.1975433038954324,0.0
16.44441,16.26446,50.87632,2758.66095,1.39643,25.84102,5.798343700411074,2.1600355920077914,0.0
16.47761,16.28122,50.97424,2755.10421,1.31662,25.84907,5.70429893898994,2.125001443911822,0.0
16.51076,16.29797,51.06617,2751.61878,1.23376,25.85714,5.616779838785916,2.092398276319707,0.0
16.54387,16.31472,51.15192,2748.20179,1.14807,25.86525,5.535672312756574,2.0621835888063305,0.0
16.57693,16.33144,51.2313,2744.85038,1.05974,25.87338,5.4608639938177745,2.034315521676294,0.0
16.60996,16.34816,51.30416,2741.5617,0.96895,25.88154,5.392245536907522,2.008753341016964,0.0
16.64294,16.36486,51.37034,2738.33291,0.87591,25.88973,5.3297117434542844,1.9854578575925024,0.0
16.67588,16.38155,51.4297,2735.16121,0.7808,25.89796,5.273162525160548,1.9643917858786037,0.0
16.70878,16.39824,51.48212,2732.04375,0.6838,25.90621,5.222503722817298,1.9455200490924336,0.0
16.74165,16.41491,51.52748,2728.97774,0.58511,25.91449,5.177647794590672,1.9288100355975126,0.0
16.77447,16.43157,51.56569,2725.96035,0.48489,25.92281,5.138514386889219,1.9142318115667953,0.0
16.80726,16.44822,51.59666,2722.98878,0.38332,25.93116,5.10503079951359,1.9017582942631672,0.0
16.84001,16.46485,51.62032,2720.06019,0.2806,25.93954,5.077132355378424,1.8913653897705742,0.0
16.87272,16.48148,51.63661,2717.17177,0.17689,25.94795,5.054762683710962,1.8830320984929603,0.0
16.9054,16.4981,51.64547,2714.32065,0.07236,25.9564,5.0378739242294515,1.8767405912160913,0.0
16.93804,16.51472,51.64688,2711.50398,-0.0328,25.96488,5.026426858438004,1.8724762580183492,0.0
16.97064,16.53132,51.64081,2708.71886,-0.13843,25.97339,5.020390972835303,1.8702277318176348,0.0
17.00321,16.54791,51.62725,2705.96236,-0.24435,25.98194,5.019744457544988,1.8699868878611516,0.0
17.03574,16.56449,51.60619,2703.23154,-0.35039,25.99052,5.024474142588998,1.871748819985548,0.0
17.06824,16.58107,51.57766,2700.52339,-0.45638,25.99913,5.034575372777271,1.8755117940100419,0.0
17.1007,16.59763,51.54167,2697.83489,-0.56215,26.00777,5.050051821002047,1.8812771781836313,0.0
17.13312,16.61419,51.49827,2695.16295,-0.66751,26.01645,5.070915238528982,1.8890493501619676,0.0
17.16551,16.63074,51.44749,2692.50442,-0.7723,26.02516,5.097185139747381,1.898835579568522,0.0
17.19787,16.64728,51.38941,2689.85612,-0.87635,26.0339,5.1288884177183816,1.9106458847761665,0.0
17.23019,16.66381,51.3241,2687.21479,-0.97946,26.04268,5.166058885802606,1.9244928621514164,0.0
17.26248,16.68033,51.25164,2684.5771,-1.08148,26.05149,5.2087367396193205,1.9403914856200584,0.0
17.29473,16.69685,51.17213,2681.93967,-1.18221,26.06033,5.256967932622852,1.9583588740529376,0.0
17.32695,16.71335,51.08568,2679.29904,-1.28148,26.0692,5.31080345766964,1.9784140236307806,0.0
17.35913,16.72985,50.99241,2676.65166,-1.3791,26.07811,5.3702985261505045,2.0005775020493677,0.0
17.39128,16.74634,50.89246,2673.99391,-1.47488,26.08704,5.435511635555084,2.0248711011627494,0.0
17.42339,16.76282,50.78598,2671.3221,-1.56865,26.09601,5.506503515755051,2.0513174444460236,0.0
17.45547,16.77929,50.67314,2668.63244,-1.66021,26.105,5.583335943913402,2.0799395455178615,0.0
17.48751,16.79576,50.5541,2665.92108,-1.74936,26.11403,5.666070417741831,2.110760313893971,0.0
17.51951,16.81221,50.42905,2663.18407,-1.83591,26.12308,5.754766676892005,2.143802004166443,0.0
17.55148,16.82865,50.29821,2660.41738,-1.91967,26.13216,5.849481062682441,2.179085604958855,0.0
17.58341,16.84509,50.16177,2657.6169,-2.00044,26.14128,5.950264707098404,2.21663016428108,0.0
17.61531,16.86151,50.01997,2654.77845,-2.07801,26.15041,6.057161543235195,2.25645204836707,0.0
17.64716,16.87793,49.87306,2651.89777,-2.15219,26.15958,6.170206131050846,2.2985641317105157,0.0
17.67898,16.89433,49.7213,2648.97053,-2.22276,26.16877,6.289421294609269,2.3429749168757636,0.0
17.71076,16.91073,49.56494,2645.99235,-2.28953,26.17798,6.414815569940459,2.389687583758582,0.0
17.7425,16.92711,49.40428,2642.95879,-2.35228,26.18722,6.546380466337451,2.4386989693472247,0.0
17.7742,16.94349,49.23961,2639.86536,-2.41082,26.19649,6.684087548408631,2.489998480710133,0.0
17.80586,16.95985,49.07125,2636.70757,-2.46493,26.20577,6.827885351493355,2.543566945907101,0.0
17.83748,16.9762,48.89952,2633.48087,-2.51442,26.21508,6.977696149283199,2.59937540984314,0.0
17.86906,16.99254,48.72477,2630.18076,-2.55908,26.2244,7.133412599559003,2.657383884717266,0.0
17.90059,17.00886,48.54733,2626.80271,-2.59871,26.23375,7.294894301900245,2.7175400676786805,0.0
17.93208,17.02517,48.36759,2623.34226,-2.63312,26.24311,7.461964309935779,2.77977804154839,0.0
17.96353,17.04147,48.18591,2619.795,-2.66212,26.25249,7.634405650107241,2.8440169779669873,0.0
17.99493,17.05776,48.00268,2616.15662,-2.68553,26.26188,7.811957908737171,2.910159865987722,0.0
18.02628,17.07403,47.81831,2612.42289,-2.70317,26.27129,7.994313959283098,2.978092292892538,0.0
18.05759,17.09028,47.6332,2608.58977,-2.71489,26.28072,8.18111691161046,3.047681307715965,0.0
18.08885,17.10653,47.44778,2604.65334,-2.72051,26.29015,8.371957374556318,3.1187744014780816,0.0
18.12006,17.12275,47.26246,2600.60993,-2.71992,26.29959,8.566371131440164,3.1911986412511197,0.0
18.15121,17.13896,47.0777,2596.4561,-2.71298,26.30905,8.763837335094987,3.2647599977610544,0.0
18.18232,17.15515,46.89392,2592.18867,-2.69958,26.31851,8.96377733363213,3.339242907954115,0.0
18.21337,17.17132,46.71158,2587.80479,-2.67964,26.32797,9.165554240027644,3.414410114656373,0.0
18.24437,17.18747,46.53112,2583.30197,-2.65308,26.33744,9.368473357003845,3.4900028248533057,0.0
18.27532,17.20361,46.35299,2578.67808,-2.61987,26.34692,9.571783562958903,3.5657412259850343,0.0
18.3062,17.21972,46.17766,2573.93145,-2.57998,26.35639,9.774679754360571,3.6413253958022453,0.0
18.33703,17.23581,46.00556,2569.06085,-2.53342,26.36587,9.97630642464178,3.7164366355989746,0.0
18.3678,17.25188,45.83713,2564.06554,-2.48022,26.37534,10.175762438879515,3.7907392489061116,0.0
18.39851,17.26793,45.67282,2558.94534,-2.42044,26.38481,10.372107037694008,3.863882778101825,0.0
18.42915,17.28396,45.51306,2553.70059,-2.35419,26.39428,10.564367072771766,3.9355046998342633,0.0
18.45973,17.29996,45.35827,2548.33222,-2.28158,26.40374,10.75154544113761,4.0052335670098165,0.0
18.49025,17.31594,45.20885,2542.84176,-2.20279,26.41319,10.932630646597584,4.072692570682168,0.0
18.5207,17.33189,45.06518,2537.23136,-2.118,26.42263,11.106607375847718,4.137503479931089,0.0
18.55108,17.34781,44.92766,2531.50378,-2.02746,26.43207,11.272467935393898,4.199290902416009,0.0
18.58139,17.36371,44.79662,2525.66239,-1.93141,26.44149,11.429224355368817,4.2576867933663065,0.0
18.61163,17.37958,44.67239,2519.7112,-1.83017,26.45089,11.57592092956878,4.31233512707496,0.0
18.6418,17.39543,44.5553,2513.6548,-1.72407,26.46029,11.711646929736878,4.362896633303569,0.0
18.67189,17.41124,44.4456,2507.49837,-1.61347,26.46967,11.835549208221806,4.409053492104356,0.0
18.70191,17.42702,44.34357,2501.24765,-1.49876,26.47903,11.946844388388886,4.4505138750690225,0.0
18.73186,17.44277,44.24941,2494.90889,-1.38036,26.48837,12.04483033792984,4.487016219438525,0.0
18.76173,17.45849,44.16332,2488.48882,-1.25873,26.4977,12.12889662757916,4.5183331242501,0.0
18.79152,17.47418,44.08546,2481.9946,-1.13433,26.507,12.19853369675717,4.5442747647804715,0.0
18.82123,17.48984,44.01595,2475.43377,-1.00766,26.51629,12.253340478189811,4.564691732917339,0.0
18.85086,17.50546,43.95489,2468.81418,-0.87922,26.52556,12.293030274496074,4.579477226342813,0.0
18.88041,17.52105,43.90232,2462.14395,-0.74951,26.5348,12.317434729449834,4.588568527932943,0.0
18.90988,17.53661,43.85826,2455.43138,-0.61908,26.54402,12.326505793024984,4.591947737788733,0.0
18.93926,17.55213,43.82271,2448.68491,-0.48845,26.55323,12.320315639695101,4.589641742800616,0.0
18.96857,17.56762,43.79562,2441.91302,-0.35814,26.5624,12.299054561144818,4.581721431627992,0.0
18.99779,17.58307,43.77689,2435.12422,-0.22869,26.57156,12.263026914548801,4.568300185326542,0.0
19.02692,17.59849,43.76642,2428.32691,-0.1006,26.5807,12.212645263279182,4.549531694607583,0.0
19.05598,17.61387,43.76404,2421.5294,0.02562,26.58981,12.148422895831137,4.525607172940999,0.0
19.08495,17.62921,43.7696,2414.73978,0.14947,26.59891,12.070964948990202,4.496752049701512,0.0
19.11383,17.64452,43.78287,2407.96593,0.2705,26.60798,11.980958391456843,4.463222238805279,0.0
19.14264,17.6598,43.80362,2401.21543,0.38824,26.61703,11.879161143412814,4.425300085462082,0.0
19.17135,17.67504,43.83159,2394.49552,0.50227,26.62606,11.76639061583945,4.383290096769846,0.0
19.19999,17.69024,43.86649,2387.81308,0.61221,26.63507,11.643511951134158,4.337514561034873,0.0
19.22854,17.70541,43.90802,2381.17461,0.71767,26.64407,11.511426234723237,4.288309156287443,0.0
19.25701,17.72054,43.95586,2374.58618,0.81832,26.65304,11.371058927165297,4.236018640935972,0.0
19.2854,17.73564,44.00965,2368.0534,0.91384,26.662,11.223348739543779,4.180992709558015,0.0
19.31371,17.7507,44.06904,2361.58146,1.00397,26.67095,11.069237143238077,4.123582085014001,0.0
19.34194,17.76573,44.13366,2355.17507,1.08845,26.67988,10.909658670509481,4.064134905160282,0.0
19.37009,17.78073,44.20313,2348.83849,1.16708,26.68879,10.745532126338535,4.002993449027326,0.0
19.39816,17.79569,44.27705,2342.57552,1.23966,26.6977,10.577752796188179,3.9404912340064566,0.0
19.42615,17.81062,44.35503,2336.38951,1.30606,26.70659,10.407185700278442,3.876950502889688,0.0
19.45406,17.82551,44.43668,2330.28337,1.36616,26.71547,10.23465991349421,3.8126801078859103,0.0
19.4819,17.84038,44.52157,2324.25958,1.41985,26.72435,10.06096394207572,3.7479737883164588,0.0
19.50967,17.85521,44.60932,2318.32023,1.46709,26.73321,9.88684212432756,3.683108829784515,0.0
19.53736,17.87001,44.6995,2312.46699,1.50782,26.74208,9.712992002876,3.6183450852718155,0.0
19.56498,17.88478,44.79173,2306.70118,1.54206,26.75093,9.540062600680178,3.5539243329074597,0.0
19.59252,17.89952,44.8856,2301.02375,1.5698,26.75979,9.36865352175406,3.4900699409631812,0.0
19.62,17.91423,44.98071,2295.43536,1.5911,26.76864,9.19931479026849,3.426986807914626,0.0
19.64741,17.92891,45.07667,2289.93632,1.60599,26.77749,9.032547337801054,3.36486154395475,0.0
19.67475,17.94357,45.17312,2284.52668,1.61456,26.78634,8.868804047710405,3.3038628600507254,0.0
19.70202,17.95819,45.26966,2279.20623,1.61691,26.79519,8.708491267219486,3.244142131234742,0.0
19.72923,17.97279,45.36593,2273.97452,1.61313,26.80405,8.551970701497993,3.185834102199545,0.0
19.75637,17.98736,45.46158,2268.83086,1.60336,26.81291,8.399561609291887,3.1290577052282087,0.0
19.78345,18.00191,45.55626,2263.77438,1.58773,26.82178,8.251543225950712,3.073916962835563,0.0
19.81047,18.01643,45.64964,2258.80403,1.5664,26.83065,8.108157346756183,3.0205019501260613,0.0
19.83743,18.03093,45.74139,2253.91857,1.5395,26.83953,7.969611010883897,2.9688897946401447,0.0
19.86432,18.0454,45.8312,2249.11666,1.50723,26.84842,7.836079233840324,2.9191456942589067,0.0
19.89116,18.05985,45.91877,2244.39677,1.46974,26.85732,7.707707743583959,2.871323936481221,0.0
19.91794,18.07428,46.00381,2239.7573,1.42721,26.86624,7.584615682577925,2.825468905009427,0.0
19.94466,18.08868,46.08604,2235.19651,1.37985,26.87516,7.4668982446378225,2.7816160620445363,0.0
19.97133,18.10306,46.1652,2230.71258,1.32784,26.8841,7.354629221533253,2.7397928969623035,0.0
19.99794,18.11742,46.24103,2226.3036,1.27136,26.89305,7.247863439728571,2.7000198340632724,0.0
20.0245,18.13176,46.31331,2221.96759,1.21064,26.90202,7.146639072544633,2.662311093913863,0.0
20.05101,18.14607,46.3818,2217.7025,1.14586,26.911,7.05097981727644,2.626675504379974,0.0
20.07746,18.16037,46.44629,2213.50621,1.07723,26.92001,6.96089693041499,2.5931172588006812,0.0
20.10386,18.17465,46.50657,2209.37656,1.00495,26.92903,6.87639111723899,2.5616366199108573,0.0
20.13021,18.1889,46.56247,2205.31133,0.92924,26.93806,6.797454274532838,2.532230569049485,0.0
20.15651,18.20314,46.61381,2201.30825,0.85031,26.94712,6.724071087291122,2.504893400974084,0.0
20.18276,18.21736,46.66043,2197.36502,0.76835,26.9562,6.656220481857514,2.479617265193192,0.0
20.20897,18.23156,46.70216,2193.47929,0.68358,26.96529,6.593876939160834,2.4563926551813475,0.0
20.23512,18.24575,46.73889,2189.64867,0.59622,26.97441,6.537011672627041,2.435208847182298,0.0
20.26123,18.25991,46.77048,2185.87075,0.50646,26.98355,6.4855936758867285,2.416054290507615,0.0
20.28729,18.27406,46.79682,2182.14306,0.41452,26.99271,6.4395906457522925,2.3989169513699666,0.0
20.3133,18.28819,46.81781,2178.46313,0.32061,27.0019,6.398969786053301,2.383784612332949,0.0
20.33927,18.30231,46.83336,2174.82842,0.22494,27.0111,6.363698497828054,2.3706451294255984,0.0
20.3652,18.31641,46.8434,2171.23637,0.12771,27.02033,6.333744961199638,2.3594866489065325,0.0
20.39108,18.33049,46.84786,2167.68438,0.02913,27.02959,6.309078613914896,2.3502977855323084,0.0
20.41691,18.34455,46.84669,2164.16983,-0.07058,27.03887,6.28967053109359,2.343067764023979,0.0
20.4427,18.3586,46.83985,2160.69005,-0.17122,27.04817,6.275493710311225,2.3377865252679446,0.0
20.46845,18.37264,46.82731,2157.24233,-0.27259,27.05749,6.266523265538259,2.3344447985634065,0.0
20.49416,18.38666,46.80906,2153.82392,-0.37447,27.06684,6.262736532957294,2.333034141042067,0.0
20.51982,18.40066,46.78508,2150.43204,-0.47665,27.07622,6.264113091090845,2.3335469451662396,0.0
20.54544,18.41465,46.75539,2147.06386,-0.57894,27.08562,6.270634697107241,2.335976415001128,0.0
20.57102,18.42862,46.72001,2143.7165,-0.68111,27.09504,6.282285140628751,2.340316511754509,0.0
20.59655,18.44258,46.67896,2140.38706,-0.78297,27.10449,6.299050015863263,2.346561868889779,0.0
20.62204,18.45652,46.63228,2137.07256,-0.8843,27.11396,6.320916412389505,2.354707676935324,0.0
20.64749,18.47045,46.58003,2133.77001,-0.9849,27.12345,6.347872524542889,2.3647495379704564,0.0
20.6729,18.48436,46.52227,2130.47636,-1.08456,27.13297,6.379907178980218,2.3766832896308476,0.0
20.69827,18.49826,46.45908,2127.18849,-1.18306,27.14252,6.417009279774167,2.390504798391618,0.0
20.72359,18.51214,46.39054,2123.90328,-1.28021,27.15208,6.459167170236956,2.406209721829864,0.0
20.74887,18.52601,46.31676,2120.61751,-1.37578,27.16167,6.5063679106126395,2.4237932395460287,0.0
20.77411,18.53986,46.23784,2117.32797,-1.46958,27.17129,6.558596470909961,2.443249752472909,0.0
20.79931,18.5537,46.1539,2114.03136,-1.56139,27.18092,6.615834838402862,2.4645725503961025,0.0
20.82447,18.56752,46.06507,2110.72437,-1.65101,27.19058,6.678061039706707,2.4877534476516794,0.0
20.84958,18.58133,45.97151,2107.40363,-1.73822,27.20025,6.745248078010403,2.5127823872171766,0.0
20.87465,18.59512,45.87335,2104.06575,-1.82282,27.20995,6.817362786816212,2.5396470136995264,0.0
20.89968,18.60889,45.77078,2100.70729,-1.90459,27.21967,6.894364602596393,2.5683322161173523,0.0
20.92466,18.62266,45.66396,2097.3248,-1.98334,27.22941,6.976204260070541,2.5988196418574567,0.0
20.9496,18.6364,45.55308,2093.91479,-2.05885,27.23917,7.062822415297786,2.631087183740432,0.0
20.9745,18.65013,45.43835,2090.47378,-2.13093,27.24895,7.154148203621011,2.6651084428169423,0.0
20.99935,18.66384,45.31996,2086.99827,-2.19938,27.25874,7.250097741492071,2.700852170258193,0.0
21.02416,18.67754,45.19815,2083.48474,-2.26399,27.26855,7.350572583567149,2.7382816925833615,0.0
21.04893,18.69122,45.07313,2079.92971,-2.32457,27.27838,7.455458148968353,2.7773543254006263,0.0
21.07365,18.70488,44.94514,2076.3297,-2.38093,27.28822,7.564622133399423,2.818020781878496,0.0
21.09832,18.71852,44.81444,2072.68129,-2.43289,27.29807,7.677912926740712,2.860224583258299,0.0
21.12295,18.73215,44.68128,2068.98106,-2.48027,27.30794,7.795158058855309,2.9039014798760747,0.0
21.14753,18.74576,44.54592,2065.22568,-2.52289,27.31782,7.916162699421744,2.9489788923107807,0.0
21.17206,18.75935,44.40864,2061.41189,-2.56059,27.32771,8.040708240809757,2.9953753834682315,0.0
21.19655,18.77292,44.26973,2057.5365,-2.59321,27.33762,8.168550995949198,3.0430001735030054,0.0
21.22098,18.78648,44.12946,2053.59646,-2.6206,27.34753,8.299421045927653,3.091752710518233,0.0
21.24537,18.80001,43.98814,2049.58879,-2.64264,27.35744,8.433021274433859,3.1415223108703683,0.0
21.26971,18.81352,43.84607,2045.51071,-2.65918,27.36737,8.569026627996047,3.192187883588505,0.0
21.29399,18.82702,43.70354,2041.35954,-2.67013,27.3773,8.707083642138437,3.2436177538552062,0.0
21.31823,18.84049,43.56088,2037.13284,-2.67538,27.38723,8.84681027387153,3.295669600604727,0.0
21.34241,18.85394,43.41838,2032.82831,-2.67486,27.39717,8.987796080227339,3.348190523032088,0.0
21.36654,18.86737,43.27638,2028.44391,-2.6685,27.40711,9.129602780652766,3.4010172500994047,0.0
21.39061,18.88078,43.13517,2023.97782,-2.65624,27.41705,9.271765237863976,3.4539765059299485,0.0
21.41463,18.89417,42.99509,2019.42848,-2.63808,27.42698,9.41379288712788,3.5068855422531118,0.0
21.4386,18.90753,42.85643,2014.79461,-2.61398,27.43692,9.555171637824149,3.559552846786283,0.0
21.4625,18.92087,42.71953,2010.07522,-2.58399,27.44685,9.695366263519633,3.6117790336004547,0.0
21.48635,18.93418,42.58467,2005.26962,-2.54812,27.45678,9.833823287638024,3.663357918108112,0.0
21.51015,18.94747,42.45217,2000.37748,-2.50643,27.4667,9.969974361404807,3.7140777754365906,0.0
21.53388,18.96074,42.32233,1995.39877,-2.45903,27.47661,10.103240119110646,3.763722776615133,0.0
21.55755,18.97397,42.19543,1990.33383,-2.40601,27.48651,10.23303448318722,3.8120745923289103,0.0
21.58116,18.98719,42.07176,1985.18335,-2.34751,27.49641,10.358769378548029,3.8589141491350154,0.0
21.60471,19.00037,41.95158,1979.9484,-2.28368,27.50629,10.479859802420124,3.9040235181081737,0.0
21.62819,19.01353,41.83515,1974.6304,-2.21473,27.51616,10.595729182980588,3.947187911073832,0.0
21.65161,19.02665,41.72273,1969.23115,-2.14085,27.52602,10.70581494806326,3.988197755097932,0.0
21.67497,19.03975,41.61454,1963.75282,-2.06229,27.53586,10.809574214512875,4.026850811921022,0.0
21.69826,19.05282,41.5108,1958.19792,-1.9793,27.54569,10.906489499945993,4.062954305739487,0.0
21.72148,19.06586,41.41171,1952.56933,-1.89217,27.55549,10.996074352215167,4.0963270203290785,0.0
21.74463,19.07887,41.31744,1946.87026,-1.80121,27.56529,11.077878788233338,4.126801325150099,0.0
21.76772,19.09185,41.22818,1941.10424,-1.70675,27.57506,11.151494433207425,4.154225089847141,0.0
21.79073,19.1048,41.14405,1935.2751,-1.60913,27.58481,11.216559254088375,4.178463447583763,0.0
21.81368,19.11771,41.06518,1929.38694,-1.50872,27.59454,11.272761787122594,4.1994003699166536,0.0
21.83656,19.13059,40.99168,1923.44414,-1.4059,27.60425,11.319844768720955,4.216940019389846,0.0
21.85936,19.14344,40.92363,1917.45128,-1.30107,27.61394,11.357608091319195,4.231007850670507,0.0
21.88209,19.15626,40.86108,1911.41315,-1.19462,27.62361,11.385911020901785,4.241551436634919,0.0
21.90475,19.16904,40.80409,1905.3347,-1.08699,27.63326,11.40467363004017,4.248541002212925,0.0
21.92733,19.18179,40.75265,1899.22102,-0.97857,27.64288,11.413877419024464,4.251969655775838,0.0
21.94985,19.1945,40.70677,1893.0773,-0.86981,27.65248,11.413565117174604,4.251853315119608,0.0
21.97228,19.20718,40.66642,1886.90879,-0.76112,27.66205,11.403839676004655,4.248230332392045,0.0
21.99464,19.21982,40.63156,1880.72078,-0.65293,27.67161,11.384862484990684,4.241160829419393,0.0
22.01693,19.23243,40.6021,1874.51855,-0.54565,27.68113,11.356850858292523,4.230725761444073,0.0
22.03914,19.245,40.57797,1868.30737,-0.43971,27.69064,11.320074856619073,4.217025733185872,0.0
22.06128,19.25754,40.55905,1862.09244,-0.33549,27.70012,11.27485352172448,4.200179596092706,0.0
22.08334,19.27004,40.54521,1855.87886,-0.2334,27.70958,11.221550611624645,4.1803228595965445,0.0
22.10533,19.2825,40.53632,1849.67163,-0.1338,27.71902,11.160569932109475,4.157605951978901,0.0
22.12724,19.29493,40.5322,1843.47559,-0.03706,27.72843,11.092350364494939,4.132192368077633,0.0
22.14908,19.30733,40.53268,1837.29542,0.05647,27.73782,11.017360690894678,4.104256741564476,0.0
22.17084,19.31969,40.53756,1831.13564,0.14647,27.74719,10.93609431659367,4.073982878890353,0.0
22.19252,19.33201,40.54665,1825.00054,0.23263,27.75654,10.849063984879866,4.041561790421118,0.0
22.21413,19.34429,40.55972,1818.8942,0.31468,27.76587,10.756796573063955,4.007189751817977,0.0
22.23567,19.35655,40.57654,1812.82048,0.39234,27.77518,10.659828049990114,3.971066425577575,0.0
22.25713,19.36876,40.59688,1806.78301,0.46539,27.78448,10.558698665496964,3.9333930689796284,0.0
22.27852,19.38094,40.62048,1800.78515,0.5336,27.79375,10.453948431405363,3.894370850635972,0.0
22.29984,19.39309,40.64711,1794.83003,0.59679,27.80301,10.346112942332889,3.854199293633996,0.0
22.32108,19.4052,40.67648,1788.92052,0.65478,27.81226,10.235719573134785,3.813074858983346,0.0
22.34225,19.41727,40.70835,1783.05926,0.70743,27.82149,10.123284078673331,3.7711896789405492,0.0
22.36335,19.42932,40.74244,1777.2486,0.75462,27.8307,10.009307610960732,3.7287304458162542,0.0
22.38438,19.44133,40.77848,1771.49068,0.79626,27.8399,9.894274159031736,3.685877458260423,0.0
22.40534,19.4533,40.8162,1765.78737,0.83227,27.8491,9.778648408103928,3.64280382374321,0.0
22.42623,19.46524,40.85533,1760.14032,0.86259,27.85828,9.662874007031164,3.5996748131357785,0.0
22.44706,19.47715,40.8956,1754.55093,0.88719,27.86745,9.547372226624617,3.556647360899597,0.0
22.46781,19.48903,40.93674,1749.02041,0.90606,27.87662,9.432540986242778,3.513869702465587,0.0
22.4885,19.50087,40.97849,1743.54971,0.9192,27.88577,9.31875422207461,3.471481138902993,0.0
22.50912,19.51268,41.02057,1738.13962,0.92665,27.89492,9.206361567669793,3.4296119179084834,0.0
22.52967,19.52446,41.06273,1732.7907,0.92844,27.90407,9.095688315397972,3.388383219448708,0.0
22.55016,19.53622,41.10472,1727.50332,0.92464,27.91322,8.987035626675452,3.3479072340752722,0.0
22.57059,19.54794,41.14628,1722.2777,0.91532,27.92236,8.880680958623712,3.308287321866266,0.0
22.59095,19.55963,41.18718,1717.11387,0.90056,27.9315,8.776878675451378,3.269618240182126,0.0
22.61125,19.57129,41.22717,1712.0117,0.88048,27.94063,8.675860813938653,3.231986428828734,0.0
22.63149,19.58292,41.26602,1706.97091,0.85519,27.94977,8.57783797399484,3.1954703418135217,0.0
22.65167,19.59452,41.30352,1701.99108,0.82481,27.95892,8.483000307127664,3.1601408155763044,0.0
22.67178,19.60609,41.33945,1697.07166,0.78948,27.96806,8.39151857778043,3.126061464365295,0.0
22.69184,19.61764,41.37361,1692.21196,0.74936,27.97721,8.303545274757552,3.093289094272362,0.0
22.71184,19.62915,41.40578,1687.41119,0.7046,27.98636,8.219215752230946,3.061874128287924,0.0
22.73178,19.64065,41.4358,1682.66842,0.65536,27.99552,8.138649382157128,3.0318610356066507,0.0
22.75166,19.65211,41.46347,1677.98264,0.60182,28.00469,8.06195070214924,3.003288759239986,0.0
22.77149,19.66355,41.48862,1673.35273,0.54416,28.01386,7.9892105450353625,2.9761911368063454,0.0
22.79126,19.67496,41.51109,1668.77748,0.48256,28.02304,7.92050713831865,2.950597310108945,0.0
22.81098,19.68634,41.53073,1664.25559,0.41722,28.03223,7.855907163650155,2.9265321198173004,0.0
22.83064,19.6977,41.5474,1659.78567,0.34834,28.04143,7.795466768126772,2.9040164822023242,0.0
22.85024,19.70903,41.56096,1655.36626,0.27611,28.05064,7.739232520800586,2.883067745461224,0.0
22.8698,19.72034,41.57129,1650.99582,0.20074,28.05986,7.687242309098761,2.8637000236574957,0.0
22.8893,19.73163,41.57828,1646.67274,0.12245,28.06909,7.639526171149938,2.845924506784409,0.0
22.90874,19.74289,41.58182,1642.39534,0.04144,28.07833,7.596107060977008,2.8297497458194485,0.0
22.92814,19.75412,41.58181,1638.16188,-0.04207,28.08759,7.557001544476908,2.8151819119950963,0.0
22.94748,19.76533,41.57818,1633.97055,-0.12786,28.09686,7.522220424859843,2.8022250297914058,0.0
22.96678,19.77652,41.57085,1629.81948,-0.21572,28.10614,7.491769296846647,2.790881183389091,0.0
22.98602,19.78769,41.55975,1625.70674,-0.30541,28.11544,7.465649029464733,2.7811506965237314,0.0
23.00521,19.79883,41.54484,1621.63037,-0.39671,28.12475,7.4438561777252135,2.7730322858463206,0.0
23.02435,19.80995,41.52606,1617.58832,-0.48941,28.13408,7.4263833237945684,2.7665231880187,0.0
23.04344,19.82104,41.50338,1613.5785,-0.58327,28.14342,7.413219348582029,2.761619260886995,0.0
23.06249,19.83212,41.47677,1609.59878,-0.67806,28.15277,7.404349634876515,2.758315059155478,0.0
23.08148,19.84317,41.44623,1605.64697,-0.77356,28.16214,7.399756203380262,2.7566038850626673,0.0
23.10043,19.8542,41.41174,1601.72083,-0.86954,28.17153,7.39941778311856,2.7564778146108107,0.0
23.11933,19.8652,41.37331,1597.8181,-0.96577,28.18093,7.403309817888229,2.75792769996811,0.0
23.13818,19.87619,41.33095,1593.93645,-1.06202,28.19035,7.411404410530472,2.7609431487088965,0.0
23.15698,19.88715,41.28469,1590.07351,-1.15806,28.19978,7.42367020696575,2.7655124806135647,0.0
23.17573,19.89809,41.23455,1586.22688,-1.25367,28.20923,7.440072222128736,2.7716226628247687,0.0
0.04737,0.04737,54.85178,5006.03155,-0.403,45.00009,10.915980105873887,4.066489806160498,0.0
0.09468,0.09468,54.8054,5000.0078,-0.30512,45.00022,10.961003957821864,4.08326237565996,0.0
0.14194,0.14194,54.77191,4993.93965,-0.20669,45.00039,10.98603462859381,4.092586959119096,0.0
0.18914,0.18914,54.75135,4987.83822,-0.10805,45.00058,10.990954746367914,4.09441983244604,0.0
0.23629,0.23629,54.74368,4981.71475,-0.00956,45.00081,10.975828354026833,4.088784853299652,0.0
0.28337,0.28338,54.74882,4975.58044,0.08844,45.00108,10.940898715819294,4.0757726440132505,0.0
0.3304,0.3304,54.76667,4969.44642,0.18562,45.00138,10.886582629111683,4.055538472572412,0.0
0.37736,0.37738,54.79706,4963.32362,0.28164,45.00171,10.813461456191211,4.0282989117256855,0.0
0.42427,0.42429,54.83979,4957.22268,0.37618,45.00207,10.72226919658149,3.9943273956083067,0.0
0.47112,0.47114,54.89461,4951.15388,0.46893,45.00247,10.61387800879317,3.9539488262133657,0.0
0.51791,0.51794,54.96125,4945.12705,0.55961,45.0029,10.489281657963984,3.9075334072022008,0.0
0.56465,0.56468,55.0394,4939.15149,0.64792,45.00337,10.349577410276453,3.855489899098612,0.0
0.61132,0.61136,55.12869,4933.23597,0.73363,45.00387,10.195946915387143,3.7982584974907434,0.0
0.65794,0.65799,55.22876,4927.3886,0.81648,45.00441,10.029636615266481,3.736303534808442,0.0
0.7045,0.70456,55.33919,4921.61686,0.89627,45.00498,9.851938193624079,3.670106197219781,0.0
0.751,0.75108,55.45957,4915.92756,0.9728,45.00558,9.664169537740436,3.600157432412448,0.0
0.79745,0.79754,55.58942,4910.32678,1.0459,45.00622,9.467656627711786,3.5269512028609267,0.0
0.84385,0.84395,55.7283,4904.81995,1.11542,45.0069,9.263716701083371,3.4509782142094254,0.0
0.89018,0.89031,55.8757,4899.41176,1.18125,45.00761,9.053642967804432,3.372720221190439,0.0
0.93647,0.93661,56.03114,4894.10625,1.24327,45.00836,8.838691075538451,3.29264498559669,0.0
0.9827,0.98286,56.1941,4888.90677,1.3014,45.00915,8.620067452085337,3.211201933526673,0.0
1.02888,1.02907,56.36407,4883.81604,1.35559,45.00998,8.39891958305816,3.1288185335634187,0.0
1.07501,1.07522,56.54054,4878.83618,1.40579,45.01084,8.17632822141328,3.0458973946194936,0.0
1.1211,1.12133,56.72298,4873.96872,1.45199,45.01174,7.953301472351146,2.9628140624069097,0.0
1.16714,1.16738,56.91074,4869.21488,1.49207,44.98865,7.730917188211738,2.8799700652823095,-9.99999982941839
1.21315,1.21337,57.10317,4864.5753,1.5282,44.96626,7.510152992097679,2.7977295935742337,-9.99999982941839
1.25914,1.2593,57.29977,4860.04984,1.56042,44.94456,7.291746784220001,2.7163675345266145,-9.99999982941839
1.3051,1.30516,57.50004,4855.638,1.58877,44.92354,7.076358382235964,2.636129687577629,-9.99999982941839
1.35103,1.35097,57.70349,4851.33888,1.61331,44.90321,6.86457071619114,2.557233209507064,-9.99999982941839
1.39694,1.39672,57.90963,4847.15128,1.63408,44.88354,6.656892440954521,2.479867587637135,-9.99999982941839
1.44282,1.44241,58.118,4843.07373,1.65118,44.86453,6.453761246351319,2.4041958729440456,-9.99999982941839
1.48867,1.48805,58.32813,4839.1045,1.66467,44.84616,6.255547706152023,2.3303561139076865,-9.99999982941839
1.53451,1.53364,58.53958,4835.24165,1.67465,44.82843,6.062559520130686,2.25846293678996,-9.99999982941839
1.58031,1.57917,58.75191,4831.48307,1.6812,44.81131,5.8750460182768185,2.188609223572225,-9.99999982941839
1.6261,1.62466,58.96468,4827.82648,1.68442,44.79479,5.693202812019546,2.1208678446586786,-9.99999982941839
1.67186,1.6701,59.1775,4824.26951,1.6844,44.77886,5.5171764933264384,2.0552934094143067,-9.99999982941839
1.7176,1.7155,59.38997,4820.80968,1.68126,44.7635,5.347069298242802,1.9919240034559778,-9.99999982941839
1.76331,1.76085,59.6017,4817.44444,1.67509,44.74868,5.182943666362839,1.9307828871754176,-9.99999982941839
1.80901,1.80616,59.81231,4814.17119,1.66599,44.73441,5.024826641556063,1.871880135125586,-9.99999982941839
1.85468,1.85142,60.02146,4810.9873,1.65407,44.72064,4.8727140719261675,1.8152142006158667,-9.99999982941839
1.90034,1.89665,60.22881,4807.89011,1.63944,44.70738,4.726574578121933,1.7607733940122894,-9.99999982941839
1.94597,1.94183,60.43401,4804.87697,1.62219,44.6946,4.586353269006367,1.7085372669220524,-9.99999982941839
1.99159,1.98698,60.63677,4801.94524,1.60244,44.68229,4.4519751920143555,1.6584778975425294,-9.99999982941839
2.03719,2.03209,60.83676,4799.0923,1.58028,44.67042,4.323348512657047,1.6105610751103125,-9.99999982941839
2.08276,2.07717,61.03371,4796.31556,1.55581,44.65899,4.200367423426088,1.5647473835445773,-9.99999982941839
2.12832,2.12221,61.22734,4793.61246,1.52913,44.64797,4.082914787026875,1.520993186121016,-9.99999982941839
2.17387,2.16722,61.41738,4790.98049,1.50034,44.63735,3.970864522556582,1.4792515143859375,-9.99999982941839
2.21939,2.2122,61.60359,4788.4172,1.46953,44.62712,3.864083745993411,1.4394728655448332,-9.99999982941839
2.2649,2.25714,61.78571,4785.92016,1.4368,44.61725,3.7624346783774922,1.4016059133099692,-9.99999982941839
2.31039,2.30206,61.96352,4783.48703,1.40223,44.60773,3.6657763363900853,1.3655981376856203,-9.99999982941839
2.35587,2.34695,62.13681,4781.11551,1.36591,44.59856,3.573966020850655,1.331396379472395,-9.99999982941839
2.40133,2.39181,62.30536,4778.80335,1.32793,44.58971,3.486860618975141,1.298947325392708,-9.99999982941839
2.44677,2.43664,62.46899,4776.54838,1.28836,44.58116,3.404317736238251,1.2681979297392618,-9.99999982941839
2.4922,2.48144,62.62749,4774.34847,1.24729,44.57292,3.3261966733731465,1.2390957783331384,-9.99999982941839
2.53761,2.52622,62.78071,4772.20155,1.2048,44.56496,3.252359263534071,1.2115894003889056,-9.99999982941839
2.58301,2.57098,62.92846,4770.10563,1.16096,44.55727,3.18267058395889,1.1856285336276362,-9.99999982941839
2.6284,2.61571,63.0706,4768.05874,1.11584,44.54984,3.116999555689962,1.1611643476887141,-9.99999982941839
2.67377,2.66042,63.20697,4766.05899,1.06952,44.54265,3.0552194440578315,1.1381496305731773,-9.99999982941839
2.71913,2.7051,63.33744,4764.10454,1.02206,44.5357,2.9972082717149036,1.1165389425096293,-9.99999982941839
2.76448,2.74976,63.46187,4762.19358,0.97353,44.52898,2.9428491551226115,1.096288741304563,-9.99999982941839
2.80981,2.7944,63.58014,4760.32437,0.924,44.52246,2.892030574466251,1.0773574828927386,-9.99999982941839
2.85513,2.83902,63.69213,4758.49521,0.87352,44.51615,2.844646586103106,1.0597057004796986,-9.99999982941839
2.90044,2.88362,63.79774,4756.70443,0.82216,44.51003,2.800596985797075,1.0432960653509638,-9.99999982941839
2.94573,2.9282,63.89686,4754.9504,0.76998,44.5041,2.7597874301921355,1.0280934321240922,-9.99999982941839
2.99101,2.97276,63.9894,4753.23155,0.71704,44.49834,2.7221295231998393,1.014064870930296,-9.99999982941839
3.03629,3.01731,64.07528,4751.54631,0.66338,44.49273,2.687540873286861,1.0011796887555597,-9.99999982941839
3.08154,3.06183,64.15441,4749.89317,0.60907,44.48729,2.6559451269759258,0.989409441920618,-9.99999982941839
3.12679,3.10634,64.22673,4748.27064,0.55415,44.48198,2.627271983261637,0.9787279414512292,-9.99999982941839
3.17203,3.15083,64.29216,4746.67723,0.49869,44.47682,2.6014571930904844,0.9691112528844666,-9.99999982941839
3.21725,3.1953,64.35065,4745.11151,0.44273,44.47178,2.5784425475421733,0.9605376918659521,-9.99999982941839
3.26247,3.23975,64.40214,4743.57203,0.38632,44.46685,2.5581758578655425,0.9529878167127087,-9.99999982941839
3.30767,3.28419,64.44659,4742.05739,0.32951,44.46204,2.5406109301086945,0.9464444189622184,-9.99999982941839
3.35286,3.32862,64.48395,4740.56618,0.27236,44.45733,2.5257075366881,0.9408925127811661,-9.99999982941839
3.39805,3.37302,64.51418,4739.097,0.21489,44.45271,2.513431386875352,0.936319323970976,-9.99999982941839
3.44322,3.41742,64.53726,4737.64847,0.15718,44.44818,2.503754097862752,0.9327142791889842,-9.99999982941839
3.48838,3.46179,64.55316,4736.21919,0.09925,44.44372,2.496653167759156,0.930068995888679,-9.99999982941839
3.53353,3.50616,64.56187,4734.80778,0.04116,44.43934,2.4921119515910726,0.9283772733794796,-9.99999982941839
3.57867,3.5505,64.56337,4733.41285,-0.01704,44.43501,2.490119641114023,0.9276350853059349,-9.99999982941839
3.6238,3.59484,64.55764,4732.033,-0.07532,44.43074,2.490671248997014,0.9278405737560261,-9.99999982941839
3.66893,3.63916,64.5447,4730.66681,-0.13362,44.42651,2.493767597704684,0.9289940451194707,-9.99999982941839
3.71404,3.68347,64.52455,4729.31287,-0.1919,44.42232,2.499415313158445,0.9310979677263337,-9.99999982941839
3.75914,3.72776,64.49719,4727.96974,-0.25011,44.41816,2.507626823039715,0.9341569712149351,-9.99999982941839
3.80423,3.77204,64.46264,4726.63595,-0.30821,44.41401,2.5184203593588363,0.9381778474888404,-9.99999982941839
3.84932,3.8163,64.42092,4725.31003,-0.36615,44.40988,2.5318199646814086,0.9431695530363333,-9.99999982941839
3.89439,3.86056,64.37206,4723.99045,-0.42388,44.40576,2.547855501157323,0.949143212293969,-9.99999982941839
3.93945,3.9048,64.31609,4722.67569,-0.48136,44.40163,2.5665626612325085,0.9561121216369807,-9.99999982941839
3.98451,3.94902,64.25304,4721.36417,-0.53854,44.39748,2.587982978670414,0.9640917534850721,-9.99999982941839
4.02956,3.99324,64.18297,4720.05427,-0.59536,44.39332,2.612163838188118,0.973099759892122,-9.99999982941839
4.07459,4.03744,64.10593,4718.74435,-0.65178,44.38912,2.6391584817276126,0.9831559748824026,-9.99999982941839
4.11962,4.08162,64.02196,4717.43271,-0.70774,44.38488,2.6690260090107287,0.9942824146573025,-9.99999982941839
4.16464,4.1258,63.93114,4716.11761,-0.7632,44.3806,2.7018313696770297,1.0065032746664873,-9.99999982941839
4.20965,4.16996,63.83353,4714.79725,-0.8181,44.37625,2.7376453438835373,1.0198449223807855,-9.99999982941839
4.25465,4.21411,63.72921,4713.46979,-0.87239,44.37184,2.776544507815429,1.034335884444017,-9.99999982941839
4.29964,4.25824,63.61826,4712.13331,-0.92601,44.36735,2.8186111800675775,1.0500068266987033,-9.99999982941839
4.34462,4.30236,63.50078,4710.78585,-0.97891,44.36277,2.863933344351462,1.066890525392362,-9.99999982941839
4.38959,4.34647,63.37685,4709.42538,-1.03101,44.35808,2.9126045434087096,1.085021827657507,-9.99999982941839
4.43456,4.39056,63.24659,4708.04979,-1.08227,44.35329,2.9647237384257057,1.1044375991398916,-9.99999982941839
4.47951,4.43464,63.11011,4706.6569,-1.13263,44.34837,3.020395127600957,1.1251766564100798,-9.99999982941839
4.52445,4.47871,62.96753,4705.24446,-1.18201,44.34332,3.07972791684058,1.14727968154148,-9.99999982941839
4.56939,4.52276,62.81897,4703.81015,-1.23035,44.33813,3.142836034851159,1.1707891159749397,-9.99999982941839
4.61431,4.5668,62.66458,4702.35156,-1.27758,44.33277,3.209837784179811,1.1957490305219876,-9.99999982941839
4.65923,4.61082,62.50449,4700.86618,-1.32363,44.32724,3.2808554189881316,1.222204968074518,-9.99999982941839
4.70414,4.65482,62.33886,4699.35143,-1.36843,44.32153,3.35601463962021,1.2502037553180794,-9.99999982941839
4.74903,4.69881,62.16787,4697.80465,-1.4119,44.31562,3.4354439932939784,1.2797932794736329,-9.99999982941839
4.79392,4.74279,61.99166,4696.22305,-1.45397,44.30949,3.519274169547953,1.3110222258329238,-9.99999982941839
4.83879,4.78675,61.81044,4694.6038,-1.49456,44.30313,3.6076371784660433,1.3439397716256039,-9.99999982941839
4.88366,4.83069,61.6244,4692.94392,-1.53357,44.29653,3.7006653991808793,1.3785952315616812,-9.99999982941839
4.92852,4.87461,61.43372,4691.24039,-1.57094,44.28967,3.7984904857761808,1.4150376502513693,-9.99999982941839
4.97336,4.91852,61.23864,4689.49004,-1.60657,44.28254,3.9012421175085468,1.4533153366298177,-9.99999982941839
5.0182,4.9624,61.03937,4687.68965,-1.64037,44.27511,4.009046580347142,1.4934753355433243,-9.99999982941839
5.06302,5.00627,60.83615,4685.83589,-1.67226,44.26738,4.122025167148381,1.535562831772311,-9.99999982941839
5.10783,5.05012,60.62923,4683.92534,-1.70213,44.25932,4.2402923845631415,1.57962048205708,-9.99999982941839
5.15263,5.09394,60.41886,4681.9545,-1.72989,44.25091,4.3639539559155605,1.6256876711176218,-9.99999982941839
5.19742,5.13775,60.20531,4679.91977,-1.75544,44.24214,4.493104611061923,1.6737996883178934,-9.99999982941839
5.2422,5.18153,59.98887,4677.81752,-1.77869,44.23299,4.627825656562123,1.7239868224907615,-9.99999982941839
5.28696,5.22529,59.76982,4675.644,-1.79954,44.22343,4.768182322588993,1.776273373591914,-9.99999982941839
5.33171,5.26902,59.54849,4673.39544,-1.81787,44.21346,4.914220886871573,1.8306765812930592,-9.99999982941839
5.37645,5.31273,59.32518,4671.068,-1.83359,44.20305,5.065965580748184,1.8872054724052865,-9.99999982941839
5.42118,5.35641,59.10022,4668.65784,-1.8466,44.19217,5.223415288156233,1.9458596311659146,-9.99999982941839
5.46589,5.40007,58.87397,4666.16107,-1.85679,44.18082,5.38654005512369,2.0066278989322255,-9.99999982941839
5.51058,5.4437,58.64677,4663.57381,-1.86406,44.16898,5.555277435172719,2.069487012748161,-9.99999982941839
5.55527,5.4873,58.419,4660.8922,-1.86831,44.15661,5.729528704866264,2.1344001955358456,-9.99999982941839
5.59993,5.53087,58.19103,4658.11243,-1.86943,44.14371,5.909154993590028,2.2013157143375492,-9.99999982941839
5.64459,5.5744,57.96326,4655.23074,-1.86734,44.13025,6.093973382361683,2.2701654270194664,-9.99999982941839
5.68922,5.6179,57.73609,4652.24346,-1.86194,44.11622,6.283753037862693,2.340863342096853,-9.99999982941839
5.73384,5.66137,57.50993,4649.14705,-1.85314,44.1016,6.478211459733187,2.4133042207526234,-9.99999982941839
5.77844,5.7048,57.28521,4645.93813,-1.84085,44.08637,6.6770109310605585,2.487362254550967,-9.99999982941839
5.82303,5.7482,57.06235,4642.61348,-1.82501,44.07051,6.879755273555359,2.5628898566549854,-9.99999982941839
5.86759,5.79156,56.84179,4639.17012,-1.80553,44.05402,7.0859870195568,2.6397166083243353,-9.99999982941839
5.91214,5.83487,56.62399,4635.60531,-1.78237,44.03689,7.295185122105559,2.7176484058571,-9.99999982941839
5.95667,5.87814,56.4094,4631.91662,-1.75546,44.01908,7.506763331204708,2.796466855704257,-9.99999982941839
6.00117,5.92137,56.19847,4628.10194,-1.72476,44.00061,7.720069368259313,2.8759289669267103,-9.99999982941839
6.04566,5.96456,55.99166,4624.15955,-1.69025,43.98147,7.934385030730171,2.9557671901815623,-9.99999982941839
6.09012,6.0077,55.78944,4620.08813,-1.65192,43.96164,8.14892735455488,3.035689850754543,-9.99999982941839
6.13457,6.05079,55.59226,4615.88682,-1.60976,43.94112,8.36285095209149,3.1153820195055375,-9.99999982941839
6.17899,6.09383,55.40058,4611.55525,-1.56378,43.91993,8.575251627692271,3.1945068597649486,-9.99999982941839
6.22338,6.13681,55.21486,4607.09356,-1.51403,43.89805,8.785171351100127,3.272707480054714,-9.99999982941839
6.26775,6.17975,55.03555,4602.50249,-1.46054,43.8755,8.991604640607987,3.3496093119831336,-9.99999982941839
6.31209,6.22262,54.86308,4597.78332,-1.40338,43.85229,9.19350637341227,3.4248230198070386,-9.99999982941839
6.35641,6.26545,54.69787,4592.93797,-1.34266,43.82842,9.389801000559007,3.4979479332416785,-9.99999982941839
6.4007,6.30821,54.54035,4587.96898,-1.27846,43.80393,9.57939309910684,3.5685759784190854,-9.99999982941839
6.44497,6.35091,54.39091,4582.87956,-1.21092,43.77882,9.761179146253038,3.6362960640598105,-9.99999982941839
6.4892,6.39355,54.24992,4577.67353,-1.14019,43.75312,9.934060350729201,3.7006988615054355,-9.99999982941839
6.53341,6.43613,54.11775,4572.35539,-1.06644,43.72686,10.096956328187034,3.761381899159598,-9.99999982941839
6.57758,6.47864,53.99473,4566.93027,-0.98985,43.70008,10.24881936171219,3.8179548749046117,-9.99999982941839
6.62172,6.52108,53.88117,4561.40392,-0.91063,43.6728,10.388648948759869,3.8700450752177327,-9.99999982941839
6.66584,6.56346,53.77734,4555.7827,-0.82902,43.64506,10.515506304038018,3.917302777876745,-9.99999982941839
6.70991,6.60577,53.6835,4550.07352,-0.74524,43.61691,10.628528466544154,3.9594065072023508,-9.99999982941839
6.75396,6.64801,53.59986,4544.28381,-0.65957,43.58839,10.72694164995309,3.996068007428876,-9.99999982941839
6.79797,6.69018,53.52662,4538.42149,-0.57227,43.55955,10.810073480185752,4.027036801520638,-9.99999982941839
6.84195,6.73227,53.46392,4532.49487,-0.48363,43.53043,10.877363782928871,4.052104209806872,-9.99999982941839
6.88589,6.77429,53.41188,4526.51265,-0.39395,43.50109,10.928373616977812,4.071106715139613,-9.99999982941839
6.92979,6.81624,53.37057,4520.48377,-0.30354,43.47158,10.96279229552698,4.083928578509114,-9.99999982941839
6.97366,6.85812,53.34004,4514.41743,-0.21269,43.44196,10.980442195138593,4.090503630511248,-9.99999982941839
7.01749,6.89992,53.32029,4508.32293,-0.12174,43.41227,10.98128121871789,4.0908161888705745,-9.99999982941839
7.06128,6.94164,53.31129,4502.20967,-0.03098,43.38258,10.965402851052016,4.08490107913004,-9.99999982941839
7.10504,6.98329,53.31296,4496.08702,0.05926,43.35293,10.93303382030525,4.0728427634964115,-9.99999982941839
7.14875,7.02486,53.3252,4489.96426,0.14869,43.32339,10.884529452321452,4.054773610195718,-9.99999982941839
7.19243,7.06636,53.34786,4483.85053,0.23699,43.294,10.82036687359422,4.030871361400773,-9.99999982941839
7.23607,7.10778,53.38077,4477.75475,0.32388,43.26482,10.741136279906316,4.001355880569645,-9.99999982941839
7.27967,7.14913,53.42372,4471.68553,0.40908,43.2359,10.647530538534836,3.966485278993484,-9.99999982941839
7.32323,7.1904,53.47647,4465.65116,0.49231,43.20728,10.540333430570493,3.926551535751105,-9.99999982941839
7.36675,7.2316,53.53874,4459.65953,0.57333,43.17901,10.420406865168665,3.8818757346810804,-9.99999982941839
7.41024,7.27272,53.61024,4453.71808,0.65189,43.15114,10.288677409179469,3.8328030463145173,-9.99999982941839
7.45368,7.31377,53.69064,4447.83379,0.72777,43.12369,10.146122473897174,3.7796975820757743,-9.99999982941839
7.49708,7.35475,53.7796,4442.01312,0.80078,43.09672,9.993756486840601,3.722937242906805,-9.99999982941839
7.54045,7.39566,53.87676,4436.26204,0.87074,43.07025,9.83261735207115,3.662908675379378,-9.99999982941839
7.58378,7.4365,53.98172,4430.58593,0.93746,43.04431,9.663753469638166,3.600002436096942,-9.99999982941839
7.62706,7.47727,54.09409,4424.98966,1.00082,43.01893,9.48821154558928,3.5346084506027324,-9.99999982941839
7.67031,7.51797,54.21345,4419.47754,1.06069,42.99413,9.307025380784413,3.4671118369180083,-9.99999982941839
7.71352,7.55861,54.33938,4414.05334,1.11696,42.96993,9.121205781947385,3.3978891471433172,-9.99999982941839
7.7567,7.59918,54.47144,4408.7203,1.16955,42.94635,8.931731693767912,3.327305063933163,-9.99999982941839
7.79984,7.63969,54.60919,4403.48112,1.21839,42.92341,8.739542608379992,3.2557095728269876,-9.99999982941839
7.84294,7.68013,54.75219,4398.33805,1.26343,42.9011,8.545532269425333,3.1834356168471363,-9.99999982941839
7.886,7.72051,54.89998,4393.29281,1.30463,42.87945,8.35054365336845,3.110797226906686,-9.99999982941839
7.92903,7.76084,55.05212,4388.34671,1.34197,42.85846,8.155365181262772,3.0380881105926463,-9.99999982941839
7.97202,7.8011,55.20815,4383.50063,1.37546,42.83812,7.960728090234884,2.9655806729746788,-9.99999982941839
8.01498,7.84131,55.36764,4378.75504,1.40511,42.81844,7.767304875560437,2.893525436237376,-9.99999982941839
8.05791,7.88147,55.53012,4374.11006,1.43094,42.79941,7.5757087010966355,2.8221508200508594,-9.99999982941839
8.1008,7.92157,55.69518,4369.56547,1.45298,42.78103,7.386493667692847,2.75166324156079,-9.99999982941839
8.14365,7.96162,55.86237,4365.12076,1.47128,42.7633,7.200155825399849,2.682247492462944,-9.99999982941839
8.18648,8.00162,56.03127,4360.77513,1.48589,42.7462,7.017134815339132,2.614067350642731,-9.99999982941839
8.22927,8.04157,56.20147,4356.52753,1.49688,42.72973,6.837816030156167,2.547266385000879,-9.99999982941839
8.27203,8.08147,56.37255,4352.37672,1.50432,42.71388,6.662533187619806,2.481968914186931,-9.99999982941839
8.31476,8.12133,56.54412,4348.32124,1.50829,42.69862,6.491571219316069,2.4182810827136767,-9.99999982941839
8.35746,8.16114,56.71579,4344.35948,1.50887,42.68396,6.325169385103363,2.3562920211736826,-9.99999982941839
8.40014,8.20091,56.88718,4340.48967,1.50614,42.66988,6.163524533481138,2.2960750608123863,-9.99999982941839
8.44278,8.24063,57.05793,4336.70993,1.5002,42.65635,6.006794437785186,2.2376889763486383,-9.99999982941839
8.48539,8.28032,57.22767,4333.01829,1.49115,42.64338,5.855101147971176,2.1811792346022525,-9.99999982941839
8.52797,8.31997,57.39608,4329.41267,1.47907,42.63093,5.708534307192479,2.126579230006512,-9.99999982941839
8.57053,8.35957,57.56281,4325.89094,1.46406,42.619,5.567154391375608,2.0739114914352617,-9.99999982941839
8.61306,8.39914,57.72756,4322.45093,1.44624,42.60757,5.430995838339485,2.0231888478821634,-9.99999982941839
8.65557,8.43868,57.89,4319.09039,1.42569,42.59662,5.300070040496521,1.9744155433205917,-9.99999982941839
8.69804,8.47818,58.04984,4315.80709,1.40252,42.58614,5.174368182010563,1.9275882936196216,-9.99999982941839
8.7405,8.51765,58.20681,4312.59877,1.37683,42.57611,5.053863907124098,1.8826972805661177,-9.99999982941839
8.78292,8.55708,58.36062,4309.46315,1.34871,42.56651,4.938515811518843,1.8397270799621066,-9.99999982941839
8.82533,8.59648,58.51102,4306.39795,1.31828,42.55732,4.828269752904295,1.7986575223798067,-9.99999982941839
8.8677,8.63586,58.65776,4303.40094,1.28562,42.54854,4.723060980594344,1.7594644864849476,-9.99999982941839
8.91006,8.6752,58.8006,4300.46984,1.25084,42.54014,4.622816086799759,1.7221206259445676,-9.99999982941839
8.95239,8.71452,58.93932,4297.60244,1.21403,42.53211,4.527454784680591,1.6865960317983102,-9.99999982941839
8.9947,8.7538,59.0737,4294.79654,1.17528,42.52443,4.436891519996147,1.6528588328404499,-9.99999982941839
9.03698,8.79307,59.20353,4292.04994,1.13469,42.51709,4.351036924529546,1.6208757370587805,-9.99999982941839
9.07925,8.8323,59.32862,4289.3605,1.09236,42.51007,4.269799120397849,1.5906125175244532,-9.99999982941839
9.12149,8.87151,59.44878,4286.72608,1.04836,42.50335,4.193084884936797,1.562034446342197,-9.99999982941839
9.16371,8.9107,59.56386,4284.14461,1.0028,42.49693,4.120800686189869,1.535106680397232,-9.99999982941839
9.20591,8.94986,59.67367,4281.614,0.95575,42.49078,4.052853599062317,1.5097946026467595,-9.99999982941839
9.24809,8.989,59.77806,4279.13223,0.9073,42.4849,3.989152112142291,1.486064122682055,-9.99999982941839
9.29025,9.02812,59.87689,4276.69728,0.85753,42.47927,3.929606834892148,1.46388194017584,-9.99999982941839
9.33238,9.06721,59.97003,4274.30719,0.80654,42.47387,3.8741311145684865,1.4432157747012266,-9.99999982941839
9.3745,9.10629,60.05735,4271.96,0.75438,42.46869,3.8226415717649687,1.4240345652355093,-9.99999982941839
9.4166,9.14534,60.13873,4269.65378,0.70115,42.46372,3.7750585629548232,1.406308642469419,-9.99999982941839
9.45868,9.18438,60.21406,4267.38664,0.64692,42.45895,3.7313065778546726,1.3900098768356017,-9.99999982941839
9.50074,9.2234,60.28331,4265.15656,0.59291,42.46734,3.6912813951598005,1.3750994431558232,0.0
9.54277,9.26241,60.34644,4262.96157,0.53804,42.47578,3.6548851942808587,1.3615409006867378,0.0
9.58477,9.30141,60.40337,4260.79987,0.48238,42.48426,3.6220591344112485,1.3493123296796914,0.0
9.62674,9.3404,60.45403,4258.66966,0.426,42.49279,3.59274913612618,1.338393584126035,0.0
9.66869,9.37939,60.49834,4256.56916,0.36898,42.50136,3.5669061144033405,1.3287663785634525,0.0
9.71061,9.41837,60.53625,4254.4966,0.31139,42.50997,3.5444861299515407,1.3204143444498628,0.0
9.75251,9.45734,60.56769,4252.45022,0.2533,42.51863,3.5254505126939675,1.313323076164183,0.0
9.79438,9.4963,60.59263,4250.42824,0.19476,42.52734,3.509765960678303,1.3074801678529475,0.0
9.83622,9.53526,60.61103,4248.42892,0.13586,42.53609,3.497404617215427,1.302875242166505,0.0
9.87804,9.57421,60.62285,4246.45048,0.07666,42.54489,3.4883441285850663,1.2994999717558922,0.0
9.91983,9.61315,60.62807,4244.49115,0.01723,42.55373,3.482567684199685,1.2973480942349387,0.0
9.9616,9.65208,60.62667,4242.54915,-0.04237,42.56262,3.480064040683763,1.2964154211504322,0.0
10.00334,9.69101,60.61865,4240.62268,-0.10207,42.57155,3.480827530909047,1.296699841347987,0.0
10.04506,9.72994,60.60401,4238.70994,-0.16181,42.58053,3.4848580586003326,1.2982013189625574,0.0
10.08676,9.76886,60.58274,4236.8091,-0.22151,42.58955,3.4921610787201445,1.3009218861112113,0.0
10.12842,9.80777,60.55487,4234.91832,-0.28111,42.59862,3.5027475634536462,1.3048656302216182,0.0
10.17007,9.84668,60.52042,4233.03571,-0.34054,42.60773,3.516633953185091,1.3100386757694849,0.0
10.21169,9.88558,60.47941,4231.15938,-0.39974,42.61689,3.5338420914718967,1.3164491600546877,0.0
10.25328,9.92447,60.43187,4229.2874,-0.45864,42.6261,3.554399142607733,1.3241072024913552,0.0
10.29485,9.96336,60.37786,4227.41781,-0.51716,42.63535,3.5783374899590843,1.3330248667355595,0.0
10.3364,10.00225,60.31742,4225.5486,-0.57525,42.64464,3.605694612835125,1.3432161148161088,0.0
10.37792,10.04113,60.25061,4223.67773,-0.63282,42.65398,3.6365129392301907,1.3546967522772404,0.0
10.41942,10.08,60.1775,4221.80312,-0.68981,42.66336,3.670839671341956,1.3674843631795526,0.0
10.46089,10.11887,60.09816,4219.92263,-0.74615,42.67279,3.708726580329999,1.3815982336421697,0.0
10.50234,10.15774,60.01267,4218.0341,-0.80176,42.68226,3.7502297663367368,1.3970592624442248,0.0
10.54376,10.1966,59.92112,4216.13528,-0.85657,42.69178,3.795409379337247,1.4138898570340768,0.0
10.58515,10.23545,59.82361,4214.22391,-0.91051,42.70134,3.8443292959500566,1.432113813132821,0.0
10.62653,10.2743,59.72026,4212.29763,-0.96348,42.71095,3.8970567468873463,1.451756175949692,0.0
10.66787,10.31314,59.61116,4210.35405,-1.01543,42.7206,3.953661889308693,1.472843080872577,0.0
10.70919,10.35198,59.49646,4208.39072,-1.06626,42.73029,4.014217317938245,1.4954015713463042,0.0
10.75049,10.39081,59.37627,4206.40512,-1.1159,42.74002,4.078797508436066,1.5194593915138204,0.0
10.79176,10.42964,59.25075,4204.39467,-1.16426,42.7498,4.147478186201647,1.5450447510788898,0.0
10.833,10.46846,59.12004,4202.35671,-1.21127,42.75962,4.2203356135447985,1.5721860597584993,0.0
10.87422,10.50727,58.9843,4200.28856,-1.25682,42.76949,4.2974457879865975,1.6009116286288663,0.0
10.91541,10.54608,58.84371,4198.18742,-1.30084,42.77939,4.3788835444252125,1.6312493356585818,0.0
10.95657,10.58488,58.69844,4196.05047,-1.34323,42.78934,4.464721553969507,1.6632262527477906,0.0
10.9977,10.62367,58.54869,4193.87481,-1.38391,42.79933,4.555029212520817,1.696868231695656,0.0
11.03881,10.66246,58.39465,4191.65748,-1.42278,42.80936,4.64987141265026,1.7321994466923454,0.0
11.07989,10.70124,58.23653,4189.39546,-1.45975,42.81943,4.749307193014379,1.7692418911908214,0.0
11.12094,10.74001,58.07455,4187.08567,-1.49472,42.82954,4.853388260548646,1.8080148273850396,0.0
11.16196,10.77877,57.90895,4184.725,-1.5276,42.83969,4.962157381993682,1.848534187011141,0.0
11.20295,10.81752,57.73996,4182.31028,-1.55829,42.84988,5.075646642968458,1.8908119228064157,0.0
11.24391,10.85627,57.56783,4179.8383,-1.58669,42.86011,5.19387557492924,1.9348553107522275,0.0
11.28484,10.895,57.39284,4177.30582,-1.61271,42.87037,5.316849152827863,1.9806662041490324,0.0
11.32574,10.93373,57.21524,4174.70958,-1.63624,42.88068,5.444555669359206,2.028240241717636,0.0
11.36661,10.97244,57.03532,4172.0463,-1.6572,42.89102,5.5769644951598965,2.0775660132142746,0.0
11.40744,11.01114,56.85337,4169.31271,-1.67548,42.9014,5.714023738398797,2.1286241875664937,0.0
11.44824,11.04983,56.66971,4166.50553,-1.69098,42.91181,5.855657821738238,2.1813866102274515,0.0
11.48901,11.08851,56.48463,4163.62154,-1.70362,42.92226,6.0017649997564195,2.235815378350444,0.0
11.52974,11.12718,56.29847,4160.65753,-1.71329,42.93274,6.152214845390994,2.2918619044230053,0.0
11.57044,11.16583,56.11156,4157.61035,-1.71992,42.94326,6.306845739954873,2.34946598123175,0.0
11.6111,11.20447,55.92423,4154.47695,-1.7234,42.95381,6.465462407412182,2.4085548633152944,0.0
11.65172,11.24309,55.73684,4151.25435,-1.72368,42.9644,6.627833539970342,2.4690423824348278,0.0
11.69231,11.28169,55.54975,4147.93971,-1.72065,42.97501,6.793689568348651,2.530828116940494,0.0
11.73286,11.32028,55.36332,4144.53033,-1.71426,42.98566,6.962720636055688,2.593796637136424,0.0
11.77337,11.35885,55.17793,4141.02367,-1.70443,42.99634,7.1345748425563045,2.6578168508142146,0.0
11.81384,11.39741,54.99394,4137.41739,-1.69112,43.00705,7.308856824804456,2.7227414748365866,0.0
11.85426,11.43594,54.81175,4133.70935,-1.67426,43.01778,7.485126750080782,2.7884066599428823,0.0
11.89465,11.47445,54.63175,4129.89768,-1.65383,43.02855,7.662899794981395,2.854631796658683,0.0
11.93499,11.51295,54.45431,4125.98079,-1.62979,43.03934,7.841646185410249,2.9212195301940156,0.0
11.97528,11.55142,54.27983,4121.95736,-1.60212,43.05016,8.020791870089388,2.9879560113436425,0.0
12.01554,11.58986,54.10871,4117.82644,-1.57081,43.061,8.199719895204435,3.054611408578678,0.0
12.05574,11.62829,53.94132,4113.58739,-1.53587,43.07187,8.377772539972993,3.120940703602003,0.0
12.0959,11.66669,53.77807,4109.23999,-1.49733,43.08276,8.554254261976462,3.1866847885618674,0.0
12.13601,11.70506,53.61932,4104.7844,-1.45521,43.09368,8.728435486969657,3.2515718778556844,0.0
12.17607,11.74341,53.46546,4100.22123,-1.40957,43.10462,8.899557260590027,3.315319241014115,0.0
12.21608,11.78172,53.31686,4095.55152,-1.36047,43.11558,9.066836759172704,3.377635255624664,0.0
12.25604,11.82001,53.17386,4090.77677,-1.308,43.12655,9.229473634025343,3.4382217707409914,0.0
12.29594,11.85827,53.03683,4085.89896,-1.25225,43.13755,9.386657138802228,3.496776762017298,0.0
12.33579,11.8965,52.90609,4080.92055,-1.19334,43.14857,9.537573963453276,3.552997250060452,0.0
12.37559,11.9347,52.78196,4075.84448,-1.13141,43.15961,9.681416671991851,3.6065824437205145,0.0
12.41533,11.97286,52.66475,4070.67418,-1.0666,43.17066,9.817392615571084,3.6572370604461777,0.0
12.45502,12.01099,52.55473,4065.41355,-0.99909,43.18173,9.944733168757274,3.7046747670396365,0.0
12.49465,12.04909,52.45217,4060.06697,-0.92905,43.19282,10.062703116128109,3.748621676411397,0.0
12.53421,12.08715,52.35732,4054.63925,-0.85669,43.20392,10.170610000071616,3.788819829881345,0.0
12.57372,12.12517,52.27037,4049.13563,-0.78222,43.21504,10.267813229513065,3.8250305904191766,0.0
12.61312,12.16322,52.18709,4043.57116,-0.79001,43.39883,10.360272426456627,3.8594740740285376,51.99999911297563
12.65234,12.20135,52.10316,4037.95645,-0.79672,43.58448,10.454208709843286,3.894467811202436,51.99999911297563
12.69138,12.23957,52.01869,4032.29043,-0.80235,43.77201,10.54948066241588,3.929959120291666,51.99999911297563
12.73025,12.27786,51.9338,4026.57213,-0.80686,43.96146,10.645924559555526,3.9658870095678407,51.99999911297563
12.76894,12.31625,51.84862,4020.80065,-0.81025,44.15284,10.743368651358196,4.002187497672698,51.99999911297563
12.80745,12.35471,51.76327,4014.9752,-0.81249,44.34619,10.841633310457452,4.0387936686859565,51.99999911297563
12.84577,12.39326,51.67786,4009.09509,-0.81359,44.54152,10.940531245215944,4.075635751544768,51.99999911297563
12.88391,12.43189,51.59253,4003.15972,-0.81352,44.73884,11.03986778194642,4.112641225178455,51.99999911297563
12.92186,12.47061,51.50739,3997.1686,-0.81229,44.93818,11.139441219273689,4.1497349505176775,51.99999911297563
12.95963,12.50941,51.42257,3991.12137,-0.80989,45.13954,11.23904325721738,4.186839330339044,51.99999911297563
12.9972,12.5483,51.33819,3985.01778,-0.80631,45.34294,11.338459502876981,4.223874497646099,51.99999911297563
13.03458,12.58727,51.25438,3978.85769,-0.80156,45.54836,11.437470053800443,4.26075853298947,51.99999911297563
13.07177,12.62632,51.17125,3972.64109,-0.79565,45.75582,11.53585015928921,4.2974077108204,51.99999911297563
13.10876,12.66545,51.08892,3966.36811,-0.78858,45.96531,11.633370958911595,4.333736774606404,51.99999911297563
13.14556,12.70467,51.00752,3960.039,-0.78035,46.17682,11.729800296537501,4.369659240080627,51.99999911297563
13.18215,12.74397,50.92716,3953.65415,-0.771,46.39034,11.824903607048334,4.405087725564611,51.99999911297563
13.21854,12.78336,50.84796,3947.21408,-0.76052,46.60585,11.918444871842535,4.4399343079192555,51.99999911297563
13.25472,12.82283,50.77002,3940.71945,-0.74895,46.82333,12.010187638078817,4.474110902239728,51.99999911297563
13.29071,12.86238,50.69346,3934.17105,-0.73631,47.04277,12.099896095457895,4.507529662985005,51.99999911297563
13.32648,12.90201,50.61839,3927.56981,-0.72261,47.26413,12.187336203208563,4.540103403809828,51.99999911297563
13.36204,12.94173,50.5449,3920.91681,-0.7079,47.48737,12.272276858889866,4.571746032974271,51.99999911297563
13.39739,12.98152,50.47309,3914.21325,-0.6922,47.71247,12.354491099572032,4.60237300081524,51.99999911297563
13.43253,13.0214,50.40307,3907.46048,-0.67555,47.93937,12.43375732504445,4.63190175542363,51.99999911297563
13.46746,13.06135,50.33491,3900.65996,-0.65798,48.16805,12.50986053186192,4.660252202359021,51.99999911297563
13.50217,13.10139,50.26871,3893.8133,-0.63955,48.39844,12.582593546440364,4.687347164010282,51.99999911297563
13.53666,13.14151,50.20455,3886.92221,-0.6203,48.6305,12.651758244798092,4.713112833981272,51.99999911297563
13.57093,13.1817,50.1425,3879.98855,-0.60026,48.86417,12.717166746276789,4.73747922178334,51.99999911297563
13.60498,13.22197,50.08263,3873.01427,-0.5795,49.09939,12.77864256842721,4.760380583060601,51.99999911297563
13.63881,13.26232,50.025,3866.00144,-0.55807,49.3361,12.836021730292536,4.781755830592046,51.99999911297563
13.67241,13.30275,49.96968,3858.95223,-0.53602,49.57422,12.88915379162454,4.801548921426887,51.99999911297563
13.70579,13.34325,49.91671,3851.86889,-0.51341,49.8137,12.93790281604532,4.819709215687657,51.99999911297563
13.73895,13.38383,49.86615,3844.75378,-0.49029,50.05446,12.98214824691591,4.836191802854303,51.99999911297563
13.77187,13.42448,49.81803,3837.60933,-0.46674,50.29643,13.021785685544225,4.850957791667126,51.99999911297563
13.80457,13.4652,49.77238,3830.43802,-0.4428,50.53953,13.05672756249638,4.86397456020792,51.99999911297563
13.83704,13.506,49.72922,3823.24242,-0.41856,50.78367,13.086903694071383,4.8752159632014145,51.99999911297563
13.86928,13.54687,49.68859,3816.02514,-0.39406,51.02879,13.112261717375535,4.884662494091961,51.99999911297563
13.90129,13.58781,49.65049,3808.78882,-0.36939,51.2748,13.132767399013344,4.892301400039,51.99999911297563
13.93307,13.62882,49.61493,3801.53614,-0.3446,51.52161,13.148404814088762,4.898126748599746,51.99999911297563
13.96461,13.66989,49.5819,3794.2698,-0.31976,51.76915,13.159176393801806,4.902139445460174,51.99999911297563
13.99593,13.71104,49.5514,3786.99251,-0.29494,52.01733,13.16510284176533,4.9043472032608175,51.99999911297563
14.02701,13.75225,49.52341,3779.70698,-0.27021,52.26606,13.166222920771956,4.904764462161838,51.99999911297563
14.05785,13.79352,49.49792,3772.41591,-0.24563,52.51527,13.16259311348772,4.903412263442483,51.99999911297563
14.08846,13.83486,49.47488,3765.12199,-0.22128,52.76486,13.154287162071677,4.900318077997271,51.99999911297563
14.11884,13.87626,49.45428,3757.82787,-0.19721,53.01476,13.141395493211233,4.895515592146534,51.99999911297563
14.14899,13.91772,49.43607,3750.53616,-0.17349,53.26489,13.124024536401837,4.889044453677653,51.99999911297563
14.1789,13.95925,49.42019,3743.24943,-0.15019,53.51517,13.102295944510077,4.880949981484312,51.99999911297563
14.20858,14.00083,49.40661,3735.97019,-0.12737,53.76551,13.076345726575694,4.871282842512426,51.99999911297563
14.23802,14.04247,49.39526,3728.70088,-0.10508,54.01584,13.046323303701215,4.860098700054196,51.99999911297563
14.26723,14.08416,49.38607,3721.44388,-0.08339,54.26609,13.012390499461558,4.84745783764911,51.99999911297563
14.29621,14.12591,49.37899,3714.20149,-0.06235,54.51619,12.974720476617026,4.833424762981569,51.99999911297563
14.32495,14.16772,49.37392,3706.97591,-0.04202,54.76607,12.933496632205381,4.818067796273605,51.99999911297563
14.35346,14.20958,49.3708,3699.76926,-0.02244,55.01566,12.888911463001095,4.801458647638606,51.99999911297563
14.38174,14.25149,49.36955,3692.58357,-0.00367,55.2649,12.841165413230907,4.7836719878250324,51.99999911297563
14.40979,14.29345,49.37006,3685.42074,0.01424,55.51373,12.790465715989678,4.764785016613355,51.99999911297563
14.43761,14.33546,49.37226,3678.2826,0.03126,55.7621,12.73702523937531,4.744877032970939,51.99999911297563
14.4652,14.37751,49.37605,3671.17085,0.04735,56.00995,12.681061347656716,4.72402901080715,51.99999911297563
14.49255,14.41961,49.38133,3664.08707,0.06246,56.25723,12.622794787026287,4.702323183886836,51.99999911297563
14.51968,14.46176,49.388,3657.03274,0.07656,56.5039,12.562448604653023,4.679842643149176,51.99999911297563
14.54659,14.50395,49.39596,3650.00923,0.08962,56.74991,12.500247108799536,4.656670949323899,51.99999911297563
14.57326,14.54619,49.40509,3643.01777,0.10161,56.99524,12.43641487677898,4.632891763369137,51.99999911297563
14.59971,14.58846,49.4153,3636.05948,0.11251,57.23984,12.371175816558472,4.608588496894014,51.99999911297563
14.62594,14.63078,49.42648,3629.13537,0.12229,57.48369,12.30475228671681,4.58384398431974,51.99999911297563
14.65194,14.67314,49.4385,3622.24633,0.13093,57.72676,12.237364278532736,4.558740178185967,51.99999911297563
14.67772,14.71553,49.45127,3615.39311,0.13843,57.96904,12.169228662943206,4.533357868622925,51.99999911297563
14.70328,14.75796,49.46467,3608.57638,0.14476,58.21049,12.100558504208287,4.507776427673549,51.99999911297563
14.72861,14.80042,49.47858,3601.79667,0.14991,58.45111,12.031562441182825,4.482073578800888,51.99999911297563
14.75373,14.84292,49.4929,3595.0544,0.15389,58.69089,11.962444136301212,4.456325191620434,51.99999911297563
14.77863,14.88546,49.50751,3588.34989,0.15668,58.92982,11.893401791613446,4.430605101610822,51.99999911297563
14.80331,14.92802,49.5223,3581.68333,0.15829,59.16789,11.824627730530448,4.404984954302951,51.99999911297563
14.82777,14.97062,49.53716,3575.05483,0.15872,59.40512,11.756308043311599,4.3795340732147725,51.99999911297563
14.85202,15.01325,49.55198,3568.46437,0.15796,59.6415,11.6886222938502,4.35431935062115,51.99999911297563
14.87605,15.0559,49.56664,3561.91186,0.15604,59.87705,11.621743284814608,4.329405160062758,51.99999911297563
14.89988,15.09858,49.58104,3555.39709,0.15296,60.11176,11.555836877892649,4.304853289382398,51.99999911297563
14.92349,15.14129,49.59508,3548.91976,0.14872,60.34566,11.491061865530835,4.280722892944473,51.99999911297563
14.94688,15.18403,49.60865,3542.4795,0.14336,60.57877,11.42756989041563,4.2570704616396515,51.99999911297563
14.97007,15.22679,49.62164,3536.07582,0.13688,60.8111,11.365505408751032,4.233949809204794,51.99999911297563
14.99305,15.26958,49.63396,3529.70817,0.1293,61.04268,11.305005693261773,4.211412073341727,51.99999911297563
15.01582,15.31239,49.6455,3523.37591,0.12065,61.27353,11.246200871915962,4.189505730142443,51.99999911297563
15.03839,15.35522,49.65618,3517.07833,0.11095,61.50368,11.189213998251697,4.168276620287617,51.99999911297563
15.06074,15.39807,49.6659,3510.81465,0.10022,61.73317,11.134161149345156,4.1477679855422975,51.99999911297563
15.0829,15.44094,49.67458,3504.58401,0.08849,61.96203,11.081151547514185,4.128020514093695,51.99999911297563
15.10485,15.48383,49.68211,3498.38548,0.0758,62.19028,11.03028770193387,4.109072393306705,51.99999911297563
15.12659,15.52674,49.68843,3492.21809,0.06216,62.41798,10.981665566588454,4.090959368565162,51.99999911297563
15.14813,15.56967,49.69345,3486.08079,0.04762,62.64516,10.935374711052432,4.073714806892282,51.99999911297563
15.16947,15.61262,49.6971,3479.97247,0.03221,62.87186,10.891498500850462,4.057369764139476,51.99999911297563
15.19061,15.65558,49.6993,3473.89199,0.01596,63.09813,10.85011428428925,4.041953054586155,51.99999911297563
15.21155,15.69855,49.69998,3467.83814,-0.00109,63.32401,10.811293582928943,4.027491321895313,51.99999911297563
15.23229,15.74154,49.69908,3461.80965,-0.0189,63.54956,10.7751022829789,4.01400911041351,51.99999911297563
15.25283,15.78455,49.69653,3455.80525,-0.03744,63.77481,10.741600825214647,4.001528935919921,51.99999911297563
15.27317,15.82757,49.69229,3449.82358,-0.05666,63.99982,10.710844391112046,3.9900713549662172,51.99999911297563
15.29332,15.87059,49.68628,3443.86326,-0.07653,64.22464,10.682883083230447,3.979655032074032,51.99999911297563
15.31327,15.91363,49.67847,3437.92288,-0.09699,64.44933,10.657762097939365,3.970296804080201,51.99999911297563
15.33301,15.95669,49.66881,3432.00099,-0.11802,64.67394,10.6355218889094,3.962011741041421,51.99999911297563
15.35257,15.99975,49.65725,3426.0961,-0.13956,64.89852,10.61619831986067,3.954813203137068,51.99999911297563
15.37192,16.04282,49.64376,3420.2067,-0.16157,65.12313,10.599822805366415,3.9487128931222406,51.99999911297563
15.39109,16.0859,49.62831,3414.33125,-0.18401,65.34783,10.586422438549839,3.9437209038981953,51.99999911297563
15.41005,16.12898,49.61086,3408.46818,-0.20683,65.57267,10.57602010481038,3.9398457608783737,51.99999911297563
15.42882,16.17207,49.59139,3402.6159,-0.22999,65.79773,10.568634580794024,3.9370944588574472,51.99999911297563
15.44739,16.21517,49.56988,3396.77279,-0.25343,66.02305,10.564280617991983,3.9354724931540326,51.99999911297563
15.46577,16.25828,49.54631,3390.93724,-0.27712,66.24869,10.56296901054819,3.9349838848707517,51.99999911297563
15.48396,16.30138,49.52067,3385.10759,-0.30101,66.47472,10.564706646938404,3.935631200146071,51.99999911297563
15.50195,16.3445,49.49295,3379.28219,-0.32504,66.70121,10.569496545338309,3.937415563329846,51.99999911297563
15.51974,16.38761,49.46316,3373.45935,-0.34917,66.9282,10.577337872710608,3.9403366640937674,51.99999911297563
15.53734,16.43073,49.43128,3367.6374,-0.37336,67.15577,10.588225947646638,3.9443927584899328,51.99999911297563
15.55474,16.47385,49.39733,3361.81464,-0.39755,67.38397,10.602152227236454,3.9495806640596087,51.99999911297563
15.57195,16.51697,49.3613,3355.98937,-0.42171,67.61288,10.619104278355923,3.95589574913692,51.99999911297563
15.58896,16.56008,49.32323,3350.1599,-0.44577,67.84255,10.639065733835807,3.9633319165206804,51.99999911297563
15.60577,16.6032,49.28312,3344.32451,-0.4697,68.07304,10.662016234183364,3.9718815817641517,51.99999911297563
15.62239,16.64632,49.24099,3338.4815,-0.49344,68.30442,10.68793135563867,3.981535646374136,51.99999911297563
15.63881,16.68943,49.19687,3332.62917,-0.51695,68.53676,10.71678252545768,3.9922834662516826,51.99999911297563
15.65512,16.73251,49.15543,3326.75368,-0.43378,68.55179,10.741450821074777,4.001473055430972,0.0
15.67138,16.77552,49.12132,3320.84645,-0.35016,68.56682,10.754815442618844,4.006451728600494,0.0
15.68761,16.81847,49.09454,3314.91372,-0.26637,68.58184,10.756862172983874,4.007214189514184,0.0
15.70379,16.86134,49.07507,3308.96179,-0.18271,68.59684,10.747660585955902,4.003786356237939,0.0
15.71994,16.90415,49.06287,3302.99698,-0.09946,68.61184,10.727354070477503,3.9962216449256562,0.0
15.73604,16.94688,49.05784,3297.02558,-0.01692,68.62683,10.696157425212698,3.9846000737313796,0.0
15.75211,16.98955,49.05991,3291.05381,0.06465,68.6418,10.654353492034355,3.969027008694765,0.0
15.76813,17.03215,49.06894,3285.0878,0.14495,68.65677,10.602288917208337,3.9496315846706653,0.0
15.78412,17.07467,49.08479,3279.1335,0.22373,68.67173,10.540369147703608,3.926564841322964,0.0
15.80006,17.11713,49.10729,3273.19674,0.30072,68.68667,10.469052784785323,3.899997619689463,0.0
15.81597,17.15952,49.13626,3267.28309,0.37569,68.70161,10.38884542726234,3.8701182686295628,0.0
15.83183,17.20184,49.17149,3261.39792,0.44839,68.71653,10.300293142525863,3.8371302126143885,0.0
15.84766,17.24409,49.21275,3255.54634,0.51862,68.73145,10.203975704654269,3.801249432742907,0.0
15.86345,17.28627,49.25981,3249.73318,0.58616,68.74636,10.100499735991585,3.762701911799463,0.0
15.8792,17.32838,49.3124,3243.96295,0.65082,68.76125,9.99049188168375,3.721721091588946,0.0
15.89491,17.37042,49.37026,3238.23989,0.71243,68.77614,9.874592136740114,3.6785453870916207,0.0
15.91058,17.4124,49.4331,3232.56789,0.77084,68.79102,9.753447432448878,3.633415797234128,0.0
15.92622,17.45431,49.50063,3226.95055,0.8259,68.80589,9.627705574526228,3.586573646690541,0.0
15.94181,17.49615,49.57254,3221.39111,0.87749,68.82076,9.498009609465115,3.538258487199057,0.0
15.95737,17.53793,49.64852,3215.89249,0.9255,68.83561,9.364992679321187,3.4887061808343742,0.0
15.97289,17.57965,49.72826,3210.45731,0.96984,68.85046,9.229273408779225,3.4381471815685676,0.0
15.98837,17.6213,49.81144,3205.08784,1.01043,68.8653,9.091451852667925,3.3868050256137217,0.0
16.00382,17.66288,49.89771,3199.78604,1.04722,68.88014,8.952106017380482,3.3348950355595632,0.0
16.01923,17.70441,49.98677,3194.55359,1.08016,68.89497,8.811788956286446,3.28262323833796,0.0
16.03461,17.74587,50.07827,3189.39186,1.10922,68.9098,8.671026427547146,3.2301854926975366,0.0
16.04995,17.78728,50.17188,3184.30195,1.13438,68.92462,8.530315092713929,3.177766818134122,0.0
16.06526,17.82862,50.26728,3179.28467,1.15565,68.93943,8.390121226355255,3.125540914192889,0.0
16.08053,17.86991,50.36414,3174.3406,1.17302,68.95425,8.250879900622483,3.073669856697657,0.0
16.09576,17.91114,50.46213,3169.47008,1.18653,68.96906,8.112994603999908,3.0223039557252473,0.0
16.11097,17.95231,50.56092,3164.67322,1.1962,68.98386,7.976837250489547,2.971581759027057,0.0
16.12614,17.99343,50.66022,3159.94993,1.20207,68.99867,7.842748533918492,2.9216301840178707,0.0
16.14127,18.03449,50.7597,3155.29991,1.2042,69.01347,7.711038581699044,2.8725647613187153,0.0
16.15638,18.0755,50.85905,3150.72269,1.20265,69.02827,7.581987863186574,2.8244899731440594,0.0
16.17145,18.11645,50.95799,3146.21764,1.19748,69.04307,7.4558483093822945,2.7774996704205575,0.0
16.18649,18.15736,51.05621,3141.78398,1.18877,69.05787,7.332844603052811,2.7316775533905298,0.0
16.2015,18.19821,51.15343,3137.42078,1.1766,69.07267,7.213175601229768,2.687097701530508,0.0
16.21648,18.23902,51.24939,3133.12699,1.16106,69.08748,7.097015855146221,2.643825139767524,0.0
16.23143,18.27978,51.34381,3128.90146,1.14223,69.10228,6.9845171961820425,2.601916429285504,0.0
16.24634,18.32048,51.43642,3124.7429,1.12022,69.11708,6.8758103597926565,2.5614202724814508,0.0
16.26123,18.36115,51.52699,3120.64998,1.09511,69.13189,6.771006622920417,2.5223781229442634,0.0
16.27609,18.40176,51.61527,3116.62124,1.06703,69.1467,6.670199433769565,2.484824792588792,0.0
16.29092,18.44233,51.70103,3112.65517,1.03606,69.16151,6.573466016032789,2.448789049272442,0.0
16.30572,18.48286,51.78405,3108.7502,1.00233,69.17632,6.480868932696547,2.414294199353797,0.0
16.32049,18.52334,51.8641,3104.90467,0.96593,69.19114,6.392457597325748,2.381358650685938,0.0
16.33523,18.56378,51.94101,3101.11691,0.92699,69.20596,6.308269723266169,2.3499964524824635,0.0
16.34995,18.60418,52.01456,3097.38517,0.88562,69.22079,6.228332703440987,2.3202178093280086,0.0
16.36463,18.64454,52.08457,3093.70766,0.84193,69.23562,6.152664915424829,2.292029567352664,0.0
16.3793,18.68485,52.15087,3090.08258,0.79603,69.25046,6.081276948194837,2.2654356712290284,0.0
16.39393,18.72513,52.21331,3086.50807,0.74804,69.2653,6.014172748435381,2.2404375912008727,0.0
16.40854,18.76537,52.27171,3082.98226,0.69809,69.28015,5.951350685515921,2.217034719815418,0.0
16.42312,18.80556,52.32595,3079.50322,0.64628,69.295,5.892804535275158,2.1952247384088106,0.0
16.43767,18.84572,52.37587,3076.06904,0.59273,69.30986,5.838524383567435,2.175003953700937,0.0
16.4522,18.88585,52.42137,3072.67774,0.53757,69.32472,5.7884974511529155,2.1563676050887173,0.0
16.4667,18.92593,52.46232,3069.32737,0.4809,69.33959,5.742708842003178,2.1393101434096256,0.0
16.48117,18.96598,52.49862,3066.01591,0.42285,69.35447,5.701142217419726,2.1238254820685745,0.0
16.49563,19.006,52.53017,3062.74134,0.36353,69.36936,5.66378039856661,2.1099072214971697,0.0
16.51005,19.04597,52.55689,3059.50163,0.30306,69.38425,5.630605900122275,2.0975488479530684,0.0
16.52445,19.08592,52.5787,3056.29472,0.24155,69.39915,5.60160139776177,2.086743907669393,0.0
16.53883,19.12582,52.59552,3053.11854,0.17912,69.41406,5.5767501321086055,2.0774861573374372,0.0
16.55318,19.1657,52.60731,3049.97097,0.1159,69.42897,5.556036251670624,2.0697696918592934,0.0
16.5675,19.20554,52.61402,3046.8499,0.05198,69.44389,5.539445097062527,2.063589050228227,0.0
16.5818,19.24534,52.6156,3043.75319,-0.0125,69.45882,5.526963428624179,2.0589393003224803,0.0
16.59608,19.28511,52.61202,3040.67868,-0.07744,69.47376,5.518579599246481,2.0558161032874613,0.0
16.61033,19.32485,52.60326,3037.62418,-0.14271,69.4887,5.514283673963872,2.0542157580870923,0.0
16.62456,19.36456,52.58932,3034.58748,-0.20821,69.50365,5.514067497533604,2.054135226678873,0.0
16.63877,19.40423,52.57018,3031.56634,-0.27381,69.51861,5.51792471094918,2.0555721401655687,0.0
16.65295,19.44387,52.54586,3028.5585,-0.3394,69.53358,5.525850717507767,2.058524786154426,0.0
16.6671,19.48348,52.51637,3025.56167,-0.40487,69.54856,5.537842598727619,2.062992077434205,0.0
16.68123,19.52306,52.48173,3022.57353,-0.4701,69.56354,5.553898980150308,2.0689735019829776,0.0
16.69534,19.5626,52.44198,3019.59174,-0.53496,69.57853,5.574019846748935,2.076469054202829,0.0
16.70943,19.60211,52.39717,3016.61392,-0.59935,69.59353,5.5982063074342765,2.0854791471921996,0.0
16.72349,19.64159,52.34734,3013.63766,-0.66315,69.60854,5.626460307905325,2.096004505775159,0.0
16.73752,19.68103,52.29255,3010.66052,-0.72624,69.62355,5.658784290918177,2.108046039942626,0.0
16.75154,19.72045,52.23288,3007.68005,-0.7885,69.63858,5.695180802897605,2.1216046983048282,0.0
16.76553,19.75983,52.16841,3004.69372,-0.84982,69.6536,5.735652045727163,2.136681301121325,0.0
16.77949,19.79917,52.09922,3001.69903,-0.91007,69.66864,5.780199372526781,2.153276352464893,0.0
16.79343,19.83849,52.02541,2998.6934,-0.96915,69.68368,5.828822726269238,2.171389831091392,0.0
16.80735,19.87777,51.9471,2995.67424,-1.02692,69.69873,5.8815200202287,2.1910209596405443,0.0
16.82124,19.91702,51.86439,2992.63894,-1.08328,69.71379,5.938286459439045,2.2121679518613053,0.0
16.83511,19.95624,51.77741,2989.58486,-1.13809,69.72885,5.999113802706963,2.2348277376923287,0.0
16.84896,19.99542,51.68629,2986.50932,-1.19126,69.74392,6.063989565117417,2.258995666174266,0.0
16.86278,20.03456,51.59119,2983.40963,-1.24265,69.75899,6.132896161558032,2.284665186390063,0.0
16.87657,20.07368,51.49225,2980.28308,-1.29214,69.77407,6.205809992486047,2.311827506889102,0.0
16.89035,20.11276,51.38963,2977.12696,-1.33963,69.78916,6.282700473975938,2.340471234354413,0.0
16.90409,20.1518,51.2835,2973.93852,-1.38499,69.80425,6.363529015129493,2.370581992661026,0.0
16.91782,20.19081,51.17404,2970.71503,-1.42811,69.81934,6.4482479470343,2.402142023884821,0.0
16.93151,20.22978,51.06145,2967.45375,-1.46887,69.83444,6.536799408823989,2.4351297733306647,0.0
16.94519,20.26872,50.94591,2964.15194,-1.50715,69.84954,6.629114197836363,2.4695194611860565,0.0
16.95884,20.30762,50.82763,2960.80689,-1.54286,69.86465,6.7251105925323085,2.5052806440274553,0.0
16.97246,20.34648,50.70683,2957.4159,-1.57588,69.87976,6.824693158600865,2.5423777700629984,0.0
16.98606,20.3853,50.58371,2953.97631,-1.6061,69.89487,6.927751550596938,2.580769732711026,0.0
16.99963,20.42408,50.45852,2950.48547,-1.63341,69.90999,7.034159323479152,2.6204094278666563,0.0
17.01317,20.46283,50.33149,2946.94083,-1.65773,69.9251,7.143772770486226,2.6612433209801596,0.0
17.02669,20.50153,50.20285,2943.33985,-1.67894,69.94022,7.256429805885948,2.7032110308515542,0.0
17.04019,20.5402,50.07286,2939.68009,-1.69697,69.95534,7.3719489132536475,2.746244937836667,0.0
17.05365,20.57882,49.94177,2935.9592,-1.71173,69.97046,7.490128181846845,2.790269824871331,0.0
17.06709,20.6174,49.80985,2932.1749,-1.72313,69.98558,7.610744455537481,2.8352025604262536,0.0
17.08051,20.65594,49.67735,2928.32505,-1.7311,70.00069,7.733552620248731,2.88095183305848,0.0
17.09389,20.69443,49.54456,2924.40761,-1.73557,70.01581,7.858285057149919,2.927417947712106,0.0
17.10725,20.73288,49.41173,2920.42071,-1.73649,70.03093,7.984651289561604,2.97449269418114,0.0
17.12058,20.77128,49.27916,2916.36261,-1.7338,70.04604,8.112337851798506,3.022059298250034,0.0
17.13388,20.80964,49.14712,2912.23174,-1.72746,70.06115,8.241008407792526,3.06999246588389,0.0
17.14716,20.84795,49.01588,2908.02673,-1.71744,70.07626,8.370304146161287,3.1181585304018755,0.0
17.1604,20.88621,48.88574,2903.7464,-1.70372,70.09136,8.499844476409933,3.166415711830717,0.0
17.17362,20.92442,48.75698,2899.38978,-1.6863,70.10646,8.629228048151514,3.2146144965911123,0.0
17.18681,20.96258,48.62987,2894.95614,-1.66516,70.12155,8.758034111326944,3.262598144215452,0.0
17.19997,21.00069,48.50471,2890.44499,-1.64032,70.13664,8.885824230720024,3.310203326049775,0.0
17.21309,21.03874,48.38175,2885.85609,-1.61182,70.15172,9.012144362277693,3.3572608987377026,0.0
17.22619,21.07675,48.26128,2881.18945,-1.57969,70.1668,9.13652729210678,3.403596812810887,0.0
17.23926,21.11469,48.14356,2876.4454,-1.54399,70.18186,9.258495431617776,3.449033153953624,0.0
17.2523,21.15259,48.02885,2871.62451,-1.50479,70.19692,9.377563954120964,3.493389311467438,0.0
17.2653,21.19043,47.91741,2866.72766,-1.46216,70.21197,9.49324424962824,3.536483265275658,0.0
17.27828,21.2282,47.80948,2861.75603,-1.41621,70.22701,9.605047665699454,3.578132979487107,0.0
17.29122,21.26593,47.7053,2856.71109,-1.36706,70.24204,9.712489493401396,3.6181578872707054,0.0
17.30413,21.30359,47.60509,2851.59461,-1.31482,70.25706,9.815093148811544,3.6563804485756366,0.0
17.31701,21.34119,47.50907,2846.40867,-1.25964,70.27207,9.912394492665666,3.692627759313733,0.0
17.32985,21.37873,47.41744,2841.15562,-1.20168,70.28707,10.0039462237478,3.726733188012849,0.0
17.34267,21.41621,47.33038,2835.83812,-1.14111,70.30205,10.089322275885117,3.7585380138131277,0.0
17.35545,21.45362,47.24807,2830.45908,-1.07811,70.31702,10.168122144325926,3.787893038156651,0.0
17.36819,21.49097,47.17066,2825.02171,-1.01288,70.33198,10.239975064890249,3.814660141630984,0.0
17.38091,21.52826,47.0983,2819.52942,-0.94563,70.34693,10.30454396896535,3.8387137573090717,0.0
17.39359,21.56547,47.0311,2813.9859,-0.87656,70.36186,10.361529139238467,3.859942232605877,0.0
17.40623,21.60263,46.96918,2808.39502,-0.80592,70.37678,10.410671494964127,3.878249053126883,0.0
17.41884,21.63971,46.91262,2802.76086,-0.73394,70.39168,10.45175544172214,3.89355390427794,0.0
17.43142,21.67673,46.8615,2797.08767,-0.66087,70.40657,10.48461122867397,3.9057935494052796,0.0
17.44396,21.71368,46.81585,2791.37981,-0.58694,70.42144,10.509116766206462,3.9149225069156315,0.0
17.45647,21.75056,46.77572,2785.64181,-0.51242,70.4363,10.52519886817192,3.920913513043334,0.0
17.46894,21.78737,46.74111,2779.87826,-0.43756,70.45114,10.532833895395878,3.9237577615739143,0.0
17.48138,21.82411,46.71203,2774.09382,-0.36263,70.46596,10.53204779025893,3.9234649167267315,0.0
17.49379,21.86078,46.68843,2768.29319,-0.28787,70.48077,10.522915505511325,3.9200629003733747,0.0
17.50616,21.89738,46.67028,2762.48108,-0.21356,70.49556,10.505559843714302,3.913597459699038,0.0
17.51849,21.93391,46.65752,2756.66218,-0.13993,70.51034,10.480149736164433,3.904131526056544,0.0
17.53079,21.97037,46.65005,2750.84114,-0.06725,70.5251,10.446898001664154,3.8917443800494005,0.0
17.54305,22.00676,46.64779,2745.02255,0.00424,70.53984,10.406058635612252,3.8765306416466756,0.0
17.55528,22.04307,46.65062,2739.21089,0.07432,70.55457,10.357923688149624,3.8585991072101544,0.0
17.56748,22.07932,46.65841,2733.41054,0.14274,70.56928,10.302819796753617,3.8380714577945003,0.0
17.57964,22.11549,46.671,2727.62575,0.20929,70.58397,10.241104442966067,3.8150808646799517,0.0
17.59176,22.15159,46.68824,2721.8606,0.27376,70.59865,10.173162005490092,3.789770519047031,0.0
17.60385,22.18763,46.70995,2716.11902,0.33595,70.61331,10.099399682202874,3.7622921128190105,0.0
17.61591,22.22359,46.73595,2710.40473,0.39567,70.62796,10.020243352195635,3.732804297162925,0.0
17.62793,22.25948,46.76604,2704.72128,0.45276,70.64259,9.93613344572713,3.7014711439385763,0.0
17.63992,22.2953,46.8,2699.072,0.50704,70.65721,9.847520885276337,3.66846063363387,0.0
17.65188,22.33105,46.83762,2693.46,0.55839,70.67181,9.754863155019317,3.633943191141518,0.0
17.6638,22.36673,46.87867,2687.88819,0.60665,70.68639,9.658620549186203,3.5980902881733203,0.0
17.67568,22.40234,46.92292,2682.35923,0.65171,70.70096,9.559252642287737,3.561073128326658,0.0
17.68754,22.43789,46.97012,2676.87556,0.69348,70.71552,9.457215016376868,3.5230614279033414,0.0
17.69936,22.47337,47.02003,2671.4394,0.73185,70.73006,9.352956272562723,3.4842223026199246,0.0
17.71115,22.50878,47.0724,2666.05275,0.76674,70.74459,9.246915346258401,3.444719267466873,0.0
17.7229,22.54412,47.12697,2660.71735,0.79811,70.75911,9.139519138134045,3.404711354176249,0.0
17.73463,22.5794,47.1835,2655.43476,0.82589,70.77361,9.031180465934943,3.3643523482200592,0.0
17.74632,22.61461,47.24172,2650.20631,0.85005,70.7881,8.922296335954714,3.323790144888542,0.0
17.75798,22.64976,47.30137,2645.0331,0.87057,70.80258,8.813246527537093,3.2831662219798337,0.0
17.76961,22.68485,47.36219,2639.91606,0.88743,70.81705,8.704392479125904,3.2426152248242777,0.0
17.78121,22.71987,47.42394,2634.85592,0.90063,70.83151,8.596076460583392,3.202264657951221,0.0
17.79278,22.75483,47.48635,2629.85319,0.91018,70.84596,8.48862101329763,3.162234676514297,0.0
17.80431,22.78974,47.54918,2624.90825,0.91611,70.86039,8.38232863729202,3.1226379697314757,0.0
17.81582,22.82458,47.61218,2620.02126,0.91844,70.87482,8.277481702978543,3.083579728010835,0.0
17.8273,22.85936,47.67509,2615.19227,0.91722,70.88924,8.174342564157024,3.0451576850457522,0.0
17.83875,22.89408,47.73769,2610.42113,0.91249,70.90365,8.073153848606754,3.007462226067934,0.0
17.85017,22.92874,47.79973,2605.70758,0.90431,70.91805,7.974138902680499,2.9705765534703823,0.0
17.86156,22.96335,47.86099,2601.0512,0.89274,70.93244,7.877502366936706,2.934576901245536,0.0
17.87292,22.9979,47.92123,2596.45148,0.87786,70.94683,7.783430860754109,2.899532790022225,0.0
17.88425,23.03239,47.98025,2591.90774,0.85974,70.96121,7.692093755029217,2.8655073149158152,0.0
17.89556,23.06683,48.03784,2587.41924,0.83848,70.97558,7.603644013538476,2.8325574589577522,0.0
17.90683,23.10122,48.09378,2582.9851,0.81415,70.98994,7.51821908498983,2.8007344254082374,0.0
17.91808,23.13555,48.14788,2578.60436,0.78685,71.0043,7.435941829451345,2.770083982875269,0.0
17.92931,23.16983,48.19995,2574.27597,0.75668,71.01866,7.356921464488375,2.7406468177756285,0.0
17.9405,23.20405,48.24981,2569.9988,0.72375,71.03301,7.281254517955228,2.712458889274846,0.0
17.95167,23.23823,48.29728,2565.77163,0.68816,71.04735,7.209025776001341,2.6855517824444455,0.0
17.96281,23.27235,48.3422,2561.59319,0.65002,71.06169,7.140309216363686,2.6599530559379203,0.0
17.97393,23.30642,48.38441,2557.46212,0.60944,71.07603,7.07516891846465,2.635686581026138,0.0
17.98502,23.34045,48.42376,2553.37701,0.56654,71.09036,7.013659943149322,2.6127728693226366,0.0
17.99609,23.37442,48.46011,2549.3364,0.52144,71.10469,6.955829176126715,2.5912293869876577,0.0
18.00713,23.40835,48.49332,2545.33874,0.47425,71.11901,6.901716130289382,2.571070853613325,0.0
18.01814,23.44223,48.52327,2541.38248,0.4251,71.13333,6.851353703035504,2.552309524346044,0.0
18.02913,23.47606,48.54985,2537.46599,0.37411,71.14765,6.804768885621494,2.5349554541390096,0.0
18.04009,23.50984,48.57294,2533.5876,0.32141,71.16197,6.761983422285346,2.519016743293002,0.0
18.05103,23.54358,48.59245,2529.7456,0.26712,71.17628,6.723014417550214,2.504499763692942,0.0
18.06195,23.57728,48.6083,2525.93824,0.21137,71.1906,6.687874890647964,2.4914093653452563,0.0
18.07284,23.61092,48.62038,2522.16373,0.15429,71.20491,6.656574276437708,2.47974906298321,0.0
18.08371,23.64452,48.62865,2518.42025,0.096,71.21921,6.629118872584563,2.4695212026527615,0.0
18.09455,23.67808,48.63302,2514.70593,0.03664,71.23352,6.60551223301477,2.4607271082849445,0.0
18.10537,23.71159,48.63346,2511.01888,-0.02366,71.24783,6.585755507915093,2.4533672083545914,0.0
18.11616,23.74506,48.6299,2507.35717,-0.08478,71.26213,6.569847730701917,2.447441142783875,0.0
18.12693,23.77849,48.62231,2503.71884,-0.14659,71.27643,6.5577860524706475,2.442947850280872,0.0
18.13768,23.81187,48.61067,2500.1019,-0.20894,71.29073,6.549565924560553,2.43988563634978,0.0
18.14841,23.8452,48.59496,2496.50432,-0.27171,71.30503,6.545181229866168,2.438252222207861,0.0
18.15911,23.8785,48.57515,2492.92406,-0.33477,71.31933,6.544624363583233,2.4380447748654337,0.0
18.16979,23.91175,48.55126,2489.35903,-0.39799,71.33363,6.547886264073202,2.4392599186237143,0.0
18.18044,23.94496,48.52328,2485.80713,-0.46123,71.34793,6.554956394509638,2.4418937282376145,0.0
18.19107,23.97813,48.49124,2482.26622,-0.52436,71.36222,6.565822676017364,2.4459417040083165,0.0
18.20168,24.01125,48.45514,2478.73414,-0.58725,71.37652,6.580471372966597,2.4513987290523187,0.0
18.21227,24.04433,48.41503,2475.2087,-0.64977,71.39081,6.598886931153194,2.4582590090193244,0.0
18.22283,24.07737,48.37095,2471.68769,-0.71178,71.4051,6.621051769619488,2.4665159945400177,0.0
18.23337,24.11037,48.32294,2468.16888,-0.77315,71.41939,6.646946026961161,2.476162286718706,0.0
18.24389,24.14332,48.27105,2464.65001,-0.83376,71.43368,6.676547263024472,2.4871895260076844,0.0
18.25438,24.17623,48.21537,2461.12881,-0.89346,71.44797,6.709830117130307,2.4995882648867047,0.0
18.26485,24.2091,48.15595,2457.60299,-0.95214,71.46226,6.746765924077484,2.513347824814098,0.0
18.2753,24.24192,48.09288,2454.07023,-1.00965,71.47654,6.787322289466032,2.5284561380235284,0.0
18.28572,24.27471,48.02625,2450.52821,-1.06588,71.49083,6.831462626177349,2.544899574850651,0.0
18.29613,24.30745,47.95616,2446.9746,-1.12068,71.50511,6.879145654217183,2.562662757411464,0.0
18.30651,24.34014,47.88271,2443.40706,-1.17395,71.51939,6.930324866532331,2.5817283606049775,0.0
18.31686,24.3728,47.80602,2439.82324,-1.22554,71.53366,6.984947963954644,2.60207690161498,0.0
18.3272,24.40541,47.7262,2436.22079,-1.27534,71.54794,7.042956262926766,2.6236865192722996,0.0
18.33751,24.43797,47.64339,2432.59738,-1.32322,71.56221,7.1042840803507685,2.6465327448947327,0.0
18.34779,24.4705,47.55773,2428.95066,-1.36906,71.57648,7.1688581005551155,2.670588266465579,0.0
18.35806,24.50297,47.46934,2425.27832,-1.41275,71.59074,7.236596730142795,2.6958226882976,0.0
18.3683,24.53541,47.3784,2421.57806,-1.45416,71.605,7.307409447284947,2.722202288627775,0.0
18.37852,24.56779,47.28504,2417.84758,-1.49319,71.61926,7.381196152876866,2.7496897779058327,0.0
18.38871,24.60014,47.18944,2414.08465,-1.52973,71.63351,7.457846531831389,2.7782440608592416,0.0
18.39888,24.63243,47.09176,2410.28705,-1.56367,71.64776,7.537239433692755,2.8078200057555707,0.0
18.40903,24.66468,46.99218,2406.45262,-1.59491,71.662,7.619242282622612,2.838368224606753,0.0
18.41915,24.69688,46.89089,2402.57925,-1.62335,71.67623,7.703710527662166,2.869834868377272,0.0
18.42925,24.72904,46.78806,2398.66487,-1.64889,71.69046,7.7904871449617925,2.902161441551599,0.0
18.43932,24.76114,46.68389,2394.7075,-1.67146,71.70469,7.879402204391027,2.9352846406850017,0.0
18.44937,24.7932,46.57857,2390.70524,-1.69097,71.71891,7.97027251350867,2.969136221773054,0.0
18.4594,24.82521,46.47231,2386.65625,-1.70735,71.73312,8.062901352289442,3.003642901430321,0.0
18.4694,24.85717,46.36532,2382.55883,-1.72052,71.74732,8.157078312271052,3.0387262969684214,0.0
18.47938,24.88908,46.25778,2378.41133,-1.73043,71.76152,8.25257925373827,3.0743029104459594,0.0
18.48933,24.92093,46.14992,2374.21226,-1.73702,71.7757,8.349166394347,3.1102841616833308,0.0
18.49926,24.95274,46.04195,2369.96023,-1.74026,71.78988,8.446588541943582,3.146576474994033,0.0
18.50916,24.98449,45.93408,2365.654,-1.7401,71.80405,8.544581483478144,3.183081424065124,0.0
18.51904,25.01619,45.82652,2361.29246,-1.73651,71.81821,8.642868540627545,3.2196959389413915,0.0
18.52889,25.04784,45.71948,2356.87465,-1.72949,71.83236,8.741161301043071,3.2563125784343523,0.0
18.53871,25.07943,45.61319,2352.39978,-1.71903,71.84649,8.839160532141314,3.292819870533403,0.0
18.54851,25.11097,45.50785,2347.86723,-1.70513,71.86062,8.936557281882285,3.329102722474632,0.0
18.55829,25.14245,45.40367,2343.27656,-1.6878,71.87473,9.033034168189962,3.365042901083896,0.0
18.56803,25.17387,45.30087,2338.62751,-1.66708,71.88884,9.128266855484956,3.4005195828240886,0.0
18.57775,25.20524,45.19963,2333.92,-1.64301,71.90292,9.221925713379648,3.4354099717027253,0.0
18.58745,25.23654,45.10018,2329.15416,-1.61563,71.917,9.313677648880844,3.469589981815636,0.0
18.59711,25.26779,45.00269,2324.33034,-1.58502,71.93106,9.403188099574932,3.5029349798608855,0.0
18.60675,25.29898,44.90737,2319.44905,-1.55124,71.94511,9.490123171380258,3.535320581507773,0.0
18.61636,25.33011,44.81438,2314.51103,-1.51439,71.95914,9.574151900537439,3.5666234940477497,0.0
18.62595,25.36117,44.72392,2309.51725,-1.47457,71.97316,9.654948615782203,3.5967223963659474,0.0
18.63551,25.39218,44.63614,2304.46885,-1.43189,71.98716,9.732195373158115,3.6254988459729853,0.0
18.64504,25.42312,44.55121,2299.36719,-1.38648,72.00115,9.805584432861707,3.6528382016949483,0.0
18.65454,25.45399,44.46928,2294.21385,-1.33848,72.01512,9.874820744907439,3.6786305496489917,0.0
18.66401,25.48481,44.39049,2289.01056,-1.28804,72.02907,9.939624408434826,3.70277161939995,0.0
18.67345,25.51555,44.31496,2283.7593,-1.23531,72.04301,9.999733068282463,3.7251636767472194,0.0
18.68287,25.54623,44.24282,2278.46218,-1.18048,72.05692,10.05490421191832,3.7457163793917316,0.0
18.69226,25.57685,44.17418,2273.12153,-1.12371,72.07082,10.104917330305376,3.7643475819152523,0.0
18.70162,25.6074,44.10912,2267.7398,-1.06519,72.0847,10.149575907445136,3.7809840769376954,0.0
18.71095,25.63788,44.04773,2262.31963,-1.00514,72.09856,10.188709205628108,3.795562260169897,0.0
18.72025,25.66829,43.99008,2256.86378,-0.94374,72.11241,10.222173816288226,3.80802870814769,0.0
18.72952,25.69863,43.93623,2251.37512,-0.88121,72.12623,10.249854950228201,3.818340658874799,0.0
18.73876,25.72891,43.88622,2245.85667,-0.81778,72.14003,10.271667445467596,3.826466387272764,0.0
18.74797,25.75911,43.84008,2240.3115,-0.75365,72.15381,10.287556475941699,3.83238546918992,0.0
18.75715,25.78924,43.79782,2234.7428,-0.68905,72.16758,10.297497949870756,3.836088929804416,0.0
18.76631,25.81931,43.75945,2229.15379,-0.62421,72.18132,10.30149859232617,3.8375792743822963,0.0
18.77543,25.8493,43.72496,2223.54775,-0.55935,72.19504,10.299595712426568,3.8368704015519106,0.0
18.78452,25.87922,43.69432,2217.92798,-0.4947,72.20874,10.291856661433899,3.8339874014304547,0.0
18.79359,25.90907,43.66749,2212.2978,-0.43049,72.22242,10.278377993623254,3.8289662430258957,0.0
18.80262,25.93885,43.64443,2206.66053,-0.36693,72.23608,10.259284347018953,3.821853357281716,0.0
18.81163,25.96855,43.62508,2201.01945,-0.30424,72.24972,10.234727065810088,3.812705123890457,0.0
18.8206,25.99819,43.60935,2195.37782,-0.24264,72.26334,10.204882590350982,3.8015872715265315,0.0
18.82955,26.02775,43.59715,2189.73883,-0.18234,72.27694,10.169950643973806,3.7885742023862075,0.0
18.83847,26.05724,43.5884,2184.10562,-0.12354,72.29051,10.130152248414493,3.7737482528815547,0.0
18.84735,26.08666,43.58299,2178.48126,-0.06642,72.30407,10.085727601405548,3.7571989029879114,0.0
18.85621,26.116,43.58079,2172.8687,-0.01118,72.3176,10.036933850853497,3.7390219470664285,0.0
18.86504,26.14528,43.58167,2167.27082,0.04201,72.33112,9.984042800154997,3.719318639033938,0.0
18.87384,26.17448,43.58551,2161.69035,0.09298,72.34461,9.927338578499286,3.698194824489321,0.0
18.88261,26.20361,43.59215,2156.12994,0.14158,72.35808,9.867115308705285,3.675760071921461,0.0
18.89135,26.23267,43.60144,2150.59209,0.18766,72.37154,9.803674803083632,3.652126814357232,0.0
18.90006,26.26166,43.61322,2145.07917,0.23108,72.38497,9.737324315421382,3.6274095119166447,0.0
18.90874,26.29058,43.62734,2139.59339,0.27173,72.39839,9.66837437425072,3.6017238446484363,0.0
18.9174,26.31942,43.64361,2134.13686,0.30949,72.41178,9.597136719388288,3.5751859438366727,0.0
18.92602,26.3482,43.66186,2128.7115,0.34426,72.42516,9.523922360367749,3.547911668715798,0.0
18.93462,26.37691,43.68192,2123.31911,0.37595,72.43851,9.449039771907447,3.5200159342348547,0.0
18.94319,26.40555,43.7036,2117.96132,0.40449,72.45185,9.372793238107505,3.491612094227332,0.0
18.95173,26.43412,43.72671,2112.63961,0.42981,72.46517,9.295481353703972,3.4628113830889102,0.0
18.96024,26.46262,43.75108,2107.35532,0.45187,72.47848,9.217395687468157,3.4337224178585393,0.0
18.96873,26.49105,43.77651,2102.10965,0.47062,72.49176,9.138819609894103,3.4044507615011748,0.0
18.97719,26.51942,43.80281,2096.90363,0.48603,72.50503,9.060027284556334,3.3750985471620054,0.0
18.98562,26.54772,43.82981,2091.73815,0.49808,72.51828,8.98128282009164,3.345764162257351,0.0
18.99403,26.57595,43.8573,2086.61397,0.50676,72.53152,8.902839577679144,3.316541990492771,0.0
19.0024,26.60412,43.88511,2081.53171,0.51208,72.54473,8.824939627070163,3.2875222092198677,0.0
19.01076,26.63222,43.91305,2076.49186,0.51405,72.55794,8.747813342772684,3.2587906390043844,0.0
19.01908,26.66026,43.94094,2071.49475,0.51268,72.57112,8.671679130872405,3.2304286418598536,0.0
19.02738,26.68824,43.9686,2066.54063,0.50802,72.5843,8.596743276079877,3.2025130642686332,0.0
19.03565,26.71615,43.99585,2061.6296,0.5001,72.59745,8.523199898072887,3.1751162209182953,0.0
19.0439,26.744,44.02253,2056.76165,0.48897,72.6106,8.451231005846509,3.14830591494845,0.0
19.05212,26.77178,44.04845,2051.93667,0.47469,72.62373,8.38100663871428,3.1221454904773918,0.0
19.06032,26.79951,44.07347,2047.15441,0.45731,72.63684,8.312685082691802,3.0966939132106894,0.0
19.06849,26.82717,44.09742,2042.41455,0.43691,72.64994,8.246413151247333,3.0720058750281645,0.0
19.07664,26.85477,44.12014,2037.71668,0.41357,72.66303,8.182326519820009,3.04813191860073,0.0
19.08476,26.88232,44.1415,2033.06025,0.38737,72.67611,8.12055010399749,3.025118578271516,0.0
19.09286,26.9098,44.16133,2028.44467,0.35839,72.68917,8.061198471833633,3.003008533655052,0.0
19.10093,26.93722,44.17952,2023.86925,0.32674,72.70223,8.004376281420383,2.981840772644306,0.0
19.10898,26.96459,44.19591,2019.3332,0.29251,72.71527,7.950178735535605,2.96165076077897,0.0
19.11701,26.9919,44.2104,2014.83568,0.2558,72.72829,7.898692045851798,2.9424706141754147,0.0
19.12501,27.01915,44.22286,2010.37576,0.21673,72.74131,7.849993899923224,2.924329273491686,0.0
19.13299,27.04634,44.23318,2005.95245,0.17541,72.75432,7.804153924850104,2.907252676654615,0.0
19.14095,27.07348,44.24125,2001.5647,0.13195,72.76732,7.761234142191131,2.8912639283267008,0.0
19.14888,27.10056,44.24698,1997.21137,0.08647,72.7803,7.721289409348819,2.876383464333764,0.0
19.15679,27.12759,44.25026,1992.8913,0.0391,72.79328,7.684367843248282,2.862629209496444,0.0
19.16467,27.15456,44.25103,1988.60325,-0.01005,72.80624,7.6505112227326055,2.8500167275330552,0.0
19.17254,27.18148,44.24919,1984.34592,-0.06083,72.8192,7.619755366605331,2.8385593618903675,0.0
19.18038,27.20834,44.24469,1980.11797,-0.11313,72.83214,7.592130484737031,2.8282683665400388,0.0
19.1882,27.23515,44.23744,1975.91802,-0.16681,72.84508,7.567661500154852,2.819153025965445,0.0
19.19599,27.2619,44.22741,1971.74463,-0.22173,72.85801,7.546368340379937,2.8112207636925364,0.0
19.20377,27.2886,44.21454,1967.59631,-0.27777,72.87093,7.52826619668814,2.804477238871277,0.0
19.21152,27.31525,44.19878,1963.47155,-0.33477,72.88384,7.513365750320365,2.798926430544941,0.0
0.04774,0.04774,55.19395,5045.22758,-0.40858,45.0001,10.566633482037034,3.936348996918393,0.0
0.09542,0.09542,55.1461,5039.40071,-0.31627,45.00023,10.61343586108944,3.9537841145601207,0.0
0.14305,0.14305,55.11051,5033.52943,-0.22338,45.00039,10.641850460982443,3.964369300653383,0.0
0.19062,0.19062,55.08723,5027.62392,-0.13022,45.0006,10.651729895764767,3.9680496500533717,0.0
0.23814,0.23814,55.07622,5021.69454,-0.03712,45.00083,10.643087111580986,3.9648299855395757,0.0
0.2856,0.28561,55.07744,5015.75164,0.05562,45.00111,10.616094352437559,3.9547744725364122,0.0
0.33301,0.33301,55.09079,5009.80553,0.14769,45.00141,10.57107913030737,3.9380051178711386,0.0
0.38035,0.38037,55.11613,5003.86635,0.23877,45.00176,10.508517349207077,3.91469920831175,0.0
0.42764,0.42766,55.15328,4997.94404,0.32856,45.00214,10.429023822134203,3.8850857778765255,0.0
0.47488,0.4749,55.20203,4992.04821,0.4168,45.00255,10.333340496682627,3.849441221566003,0.0
0.52206,0.52208,55.26213,4986.18811,0.50318,45.003,10.222322766366684,3.8080841959710283,0.0
0.56918,0.56921,55.3333,4980.37255,0.58747,45.00348,10.096924288014913,3.761369963352455,0.0
0.61624,0.61628,55.41522,4974.60984,0.66941,45.004,9.958180749941269,3.709684344857829,0.0
0.66325,0.6633,55.50754,4968.90775,0.74879,45.00455,9.807193041003972,3.6534374505529694,0.0
0.7102,0.71027,55.6099,4963.27349,0.82538,45.00515,9.64511025836935,3.5930573493668976,0.0
0.7571,0.75718,55.72189,4957.71365,0.89902,45.00577,9.473112963800842,3.5289838316189432,0.0
0.80394,0.80403,55.84312,4952.23421,0.96952,45.00644,9.29239705729971,3.4616624015256003,0.0
0.85073,0.85084,55.97313,4946.84052,1.03675,45.00714,9.104158586212426,3.39153861819333,0.0
0.89746,0.89759,56.11149,4941.5373,1.10058,45.00788,8.909579750610648,3.3190528822543794,0.0
0.94415,0.94429,56.25772,4936.32864,1.1609,45.00866,8.709816305323532,3.2446357427923496,0.0
0.99078,0.99095,56.41136,4931.21803,1.21763,45.00947,8.505986498295588,3.1687037765894455,0.0
1.03736,1.03755,56.57192,4926.20835,1.2707,45.01033,8.299161626715852,3.091656070036107,0.0
1.08389,1.08411,56.73893,4921.30192,1.32006,45.01122,8.090358238634582,3.013871314028045,0.0
1.13038,1.13062,56.91188,4916.50053,1.36568,45.01215,7.88053196021233,2.9357055044541025,0.0
1.17683,1.17706,57.08965,4911.80655,1.39765,44.96217,7.67126350975722,2.857747500475258,-21.99999962472046
1.22328,1.22342,57.27114,4907.22138,1.42613,44.91354,7.463970556956807,2.7805254213512587,-21.99999962472046
1.26973,1.2697,57.4559,4902.74462,1.45116,44.86627,7.259250929250986,2.704261973533254,-21.99999962472046
1.31616,1.3159,57.64348,4898.37553,1.47279,44.82032,7.057639876330598,2.629156551614348,-21.99999962472046
1.3626,1.36201,57.83345,4894.11312,1.49106,44.7757,6.85960940041107,2.555384988838913,-21.99999962472046
1.40902,1.40806,58.02539,4889.95608,1.50604,44.73236,6.66557074605476,2.4831004846269233,-21.99999962472046
1.45544,1.45402,58.21887,4885.90293,1.51779,44.6903,6.475877354091386,2.4124347049870374,-21.99999962472046
1.50185,1.49992,58.4135,4881.95195,1.52637,44.64948,6.29082816665847,2.3434990137311225,-21.99999962472046
1.54826,1.54575,58.60887,4878.10126,1.53187,44.60987,6.110671180622453,2.276385796217117,-21.99999962472046
1.59466,1.59151,58.80459,4874.34885,1.53437,44.57145,5.935607157798998,2.2111698415037186,-21.99999962472046
1.64105,1.6372,59.0003,4870.69256,1.53394,44.53419,5.765793411875082,2.147909753078498,-21.99999962472046
1.68744,1.68283,59.19563,4867.13015,1.53068,44.49805,5.601347603380724,2.0866493625847213,-21.99999962472046
1.73382,1.72839,59.39022,4863.65931,1.52467,44.46299,5.4423514851391275,2.0274191251000797,-21.99999962472046
1.78019,1.7739,59.58374,4860.27766,1.516,44.429,5.288854551055309,1.9702374784064527,-21.99999962472046
1.82656,1.81935,59.77586,4856.98277,1.50476,44.39602,5.1408775507671285,1.9151121522899006,-21.99999962472046
1.87292,1.86474,59.96627,4853.7722,1.49104,44.36403,4.998415841382582,1.8620414171509894,-21.99999962472046
1.91928,1.91008,60.15466,4850.64349,1.47492,44.333,4.861442555335258,1.8110152641143027,-21.99999962472046
1.96563,1.95536,60.34073,4847.59418,1.4565,44.30288,4.7299115701412475,1.7620165113410284,-21.99999962472046
2.01197,2.00059,60.52422,4844.6218,1.43587,44.27365,4.6037602716882695,1.7150218334268665,-21.99999962472046
2.0583,2.04578,60.70484,4841.72392,1.41312,44.24526,4.482912107620419,1.6700027126050276,-21.99999962472046
2.10463,2.09091,60.88234,4838.89812,1.38832,44.2177,4.367278931406539,1.6269263119733814,-21.99999962472046
2.15096,2.13599,61.05647,4836.14203,1.36157,44.19092,4.256763141011826,1.585756272205899,-21.99999962472046
2.19727,2.18103,61.227,4833.45328,1.33295,44.16489,4.1512596186502195,1.5464534341614586,-21.99999962472046
2.24358,2.22603,61.39371,4830.82958,1.30254,44.13959,4.050657480112757,1.508976490554681,-21.99999962472046
2.28989,2.27098,61.55637,4828.26865,1.27042,44.11497,3.95484164357268,1.4732825703771149,-21.99999962472046
2.33619,2.31589,61.71479,4825.76827,1.23667,44.09102,3.863694228782316,1.4393277601348857,-21.99999962472046
2.38248,2.36075,61.86876,4823.32627,1.20136,44.06769,3.7770957981831303,1.4070675661948482,-21.99999962472046
2.42877,2.40558,62.01811,4820.94052,1.16458,44.04497,3.694926451723601,1.3764573226330494,-21.99999962472046
2.47506,2.45037,62.16265,4818.60895,1.12639,44.02282,3.6170667872297924,1.3474525489980387,-21.99999962472046
2.52133,2.49512,62.30223,4816.32951,1.08686,44.00121,3.543398737969833,1.3200092623256723,-21.99999962472046
2.5676,2.53984,62.43667,4814.10023,1.04607,43.98012,3.473806298755169,1.2940842476309313,-21.99999962472046
2.61387,2.58451,62.56584,4811.91917,1.00407,43.95953,3.4081761514342914,1.2696352909208004,-21.99999962472046
2.66013,2.62916,62.68959,4809.78444,0.96094,43.9394,3.3463982001030304,1.2466213785741784,-21.99999962472046
2.70639,2.67376,62.80779,4807.6942,0.91674,43.91972,3.2883660257615883,1.225002866713588,-21.99999962472046
2.75264,2.71834,62.92031,4805.64665,0.87154,43.90045,3.23397726950639,1.2047416239542228,-21.99999962472046
2.79889,2.76288,63.02704,4803.64001,0.82538,43.88158,3.1831339526830167,1.1858011506693384,-21.99999962472046
2.84513,2.80739,63.12787,4801.67257,0.77833,43.86309,3.135742741791391,1.1681466776744034,-21.99999962472046
2.89137,2.85187,63.22269,4799.74264,0.73044,43.84494,3.0917151652594734,1.151745246981006,-21.99999962472046
2.9376,2.89632,63.3114,4797.84856,0.68178,43.82712,3.050967788607298,1.136565777050066,-21.99999962472046
2.98382,2.94074,63.39393,4795.98872,0.6324,43.80961,3.0134223538904386,1.1225791147381936,-21.99999962472046
3.03005,2.98513,63.47018,4794.16152,0.58235,43.79238,2.979005888754681,1.1097580759234265,-21.99999962472046
3.07627,3.02949,63.54008,4792.36538,0.53167,43.77542,2.947650789878998,1.098077476589931,-21.99999962472046
3.12248,3.07382,63.60357,4790.59877,0.48043,43.7587,2.919294885095181,1.0875141559692016,-21.99999962472046
3.16869,3.11812,63.66057,4788.86017,0.42868,43.74222,2.893881477958406,1.078046993143768,-21.99999962472046
3.2149,3.1624,63.71104,4787.14806,0.37645,43.72593,2.871359378139035,1.0696569183689415,-21.99999962472046
3.2611,3.20665,63.75491,4785.46095,0.32381,43.70984,2.8516829205674323,1.062326920204762,-21.99999962472046
3.3073,3.25087,63.79216,4783.79737,0.27079,43.69391,2.834811975879364,1.0560420494071863,-21.99999962472046
3.35349,3.29507,63.82273,4782.15585,0.21745,43.67814,2.8207119543691466,1.0507894204007364,-21.99999962472046
3.39968,3.33924,63.8466,4780.53491,0.16383,43.66249,2.8093538053119333,1.0465582110260365,-21.99999962472046
3.44587,3.38339,63.86373,4778.93311,0.10998,43.64696,2.8007140132047588,1.0433396611395023,-21.99999962472046
3.49206,3.42751,63.87411,4777.34898,0.05594,43.63153,2.794774592195721,1.0411270705380637,-21.99999962472046
3.53824,3.47161,63.87772,4775.78105,0.00175,43.61617,2.7915230796860504,1.0399157965757684,-21.99999962472046
3.58441,3.51568,63.87454,4774.22785,-0.05253,43.60087,2.7909525298291498,1.0397032517420028,-21.99999962472046
3.63059,3.55973,63.86459,4772.68792,-0.10686,43.58562,2.793061507400163,1.0404889013777445,-21.99999962472046
3.67676,3.60375,63.84784,4771.15975,-0.1612,43.57038,2.7978540822616713,1.0422742616138903,-21.99999962472046
3.72293,3.64775,63.82432,4769.64184,-0.2155,43.55515,2.8053398244072856,1.0450628975248615,-21.99999962472046
3.76909,3.69173,63.79403,4768.13267,-0.26971,43.53991,2.8155337993310927,1.0488604214036021,-21.99999962472046
3.81525,3.73568,63.75699,4766.63068,-0.3238,43.52464,2.8284565632126637,1.0536744909678688,-21.99999962472046
3.86141,3.77961,63.71322,4765.13432,-0.37771,43.50932,2.8441341571724377,1.059514807220208,-21.99999962472046
3.90757,3.82351,63.66276,4763.64199,-0.4314,43.49392,2.862598099577056,1.0663931115814915,-21.99999962472046
3.95372,3.86739,63.60564,4762.15205,-0.48483,43.47844,2.883885375128843,1.074323181826461,-21.99999962472046
3.99987,3.91125,63.54189,4760.66284,-0.53793,43.46285,2.9080384191569366,1.083320826231762,-21.99999962472046
4.04602,3.95508,63.47156,4759.17267,-0.59067,43.44714,2.935105095256547,1.0934038752459758,-21.99999962472046
4.09217,3.99889,63.39472,4757.67979,-0.643,43.43127,2.965138664083969,1.1045921698649457,-21.99999962472046
4.13831,4.04268,63.31141,4756.18242,-0.69486,43.41524,2.998197740776978,1.11690754576975,-21.99999962472046
4.18446,4.08644,63.2217,4754.67873,-0.74621,43.39902,3.034346238107345,1.130373812149519,-21.99999962472046
4.2306,4.13017,63.12567,4753.16684,-0.79699,43.38259,3.073653292077558,1.1450167239842572,-21.99999962472046
4.27673,4.17388,63.02338,4751.64481,-0.84715,43.36592,3.1161931662550995,1.1608639464068444,-21.99999962472046
4.32287,4.21757,62.91494,4750.11066,-0.89664,43.349,3.1620451306973845,1.1779450095993889,-21.99999962472046
4.36901,4.26123,62.80042,4748.56233,-0.9454,43.3318,3.211293310837731,1.1962912524992737,-21.99999962472046
4.41514,4.30487,62.67992,4746.99771,-0.99336,43.3143,3.264026501230736,1.2159357534144126,-21.99999962472046
4.46127,4.34848,62.55356,4745.41462,-1.04048,43.29648,3.3203379385011216,1.236913245440717,-21.99999962472046
4.5074,4.39207,62.42145,4743.81082,-1.08669,43.2783,3.3803250273385426,1.2592600143879558,-21.99999962472046
4.55353,4.43562,62.2837,4742.18399,-1.13193,43.25974,3.444089012798525,1.2830137767032295,-21.99999962472046
4.59965,4.47915,62.14045,4740.53174,-1.17614,43.24078,3.511734591647436,1.3082135346867478,-21.99999962472046
4.64578,4.52266,61.99184,4738.8516,-1.21925,43.22139,3.583369454902379,1.334899406075903,-21.99999962472046
4.6919,4.56613,61.838,4737.14103,-1.26119,43.20153,3.659103753220967,1.363112424888894,-21.99999962472046
4.73803,4.60958,61.67909,4735.3974,-1.3019,43.18119,3.7390494762785718,1.3928943102264228,-21.99999962472046
4.78415,4.65299,61.51528,4733.61801,-1.3413,43.16033,3.823319736834734,1.4242871995675936,-21.99999962472046
4.83027,4.69638,61.34674,4731.80007,-1.37932,43.13891,3.912027949830406,1.4573333429620385,-21.99999962472046
4.87639,4.73974,61.17364,4729.94073,-1.41588,43.11692,4.005286896610398,1.492074754428155,-21.99999962472046
4.9225,4.78306,60.99618,4728.03702,-1.45091,43.09431,4.103207664234173,1.528552816818468,-21.99999962472046
4.96862,4.82635,60.81456,4726.08591,-1.48433,43.07105,4.205898449939174,1.5668078364507683,-21.99999962472046
5.01474,4.86961,60.62899,4724.08431,-1.51606,43.04712,4.313463221081452,1.6068785439007283,-21.99999962472046
5.06085,4.91283,60.43968,4722.02901,-1.54602,43.02246,4.426000221468908,1.648801537571743,-21.99999962472046
5.10697,4.95602,60.24687,4719.91677,-1.57411,42.99705,4.54360031587729,1.6926106669835737,-21.99999962472046
5.15308,4.99917,60.05079,4717.74424,-1.60027,42.97086,4.666345165837858,1.738336353205259,-21.99999962472046
5.1992,5.04228,59.8517,4715.50804,-1.62439,42.94384,4.794305231497549,1.7860048444954508,-21.99999962472046
5.24531,5.08536,59.64987,4713.2047,-1.6464,42.91595,4.9275375965808985,1.8356374060435028,-21.99999962472046
5.29142,5.12839,59.44555,4710.83074,-1.66619,42.88717,5.066083616311698,1.887249443758398,-21.99999962472046
5.33753,5.17138,59.23904,4708.3826,-1.68369,42.85744,5.209966391558353,1.940849563321438,-21.99999962472046
5.38364,5.21433,59.03063,4705.85671,-1.69881,42.82674,5.359188076596867,1.9964385672571163,-21.99999962472046
5.42975,5.25724,58.82062,4703.24948,-1.71145,42.79502,5.513727032729372,2.0540083945811283,-21.99999962472046
5.47586,5.3001,58.60934,4700.55731,-1.72152,42.76224,5.673534845556146,2.113541009655719,-21.99999962472046
5.52197,5.34291,58.3971,4697.77663,-1.72893,42.72837,5.838533230047879,2.1750072492476678,-21.99999962472046
5.56808,5.38567,58.18424,4694.90387,-1.7336,42.69337,6.008610854597686,2.2383656394040976,-21.99999962472046
5.61418,5.42839,57.97112,4691.93555,-1.73545,42.65719,6.183620122952335,2.3035611966371885,-21.99999962472046
5.66029,5.47105,57.75808,4688.86822,-1.73438,42.61981,6.363373961128614,2.3705242309659824,-21.99999962472046
5.7064,5.51365,57.5455,4685.69856,-1.73033,42.58119,6.54764266512436,2.4391691716057964,-21.99999962472046
5.7525,5.5562,57.33375,4682.42336,-1.72321,42.5413,6.736150873995656,2.50939343935984,-21.99999962472046
5.7986,5.5987,57.12321,4679.03954,-1.71295,42.5001,6.928574741591939,2.581076393016123,-21.99999962472046
5.8447,5.64113,56.91428,4675.54423,-1.6995,42.45756,7.124539388578324,2.6540783801587304,-21.99999962472046
5.8908,5.6835,56.70735,4671.93474,-1.68278,42.41367,7.323616723738854,2.728239925545964,-21.99999962472046
5.9369,5.7258,56.50283,4668.20864,-1.66275,42.36838,7.525323729754691,2.8033810925176024,-21.99999962472046
5.983,5.76804,56.30112,4664.36377,-1.63937,42.32169,7.729121313003326,2.8793010545148556,-21.99999962472046
6.0291,5.81022,56.10264,4660.39826,-1.61261,42.27357,7.9344138189187845,2.9557779145392837,-21.99999962472046
6.07519,5.85232,55.90781,4656.31061,-1.58244,42.22402,8.14054931360368,3.032568810060696,-21.99999962472046
6.12128,5.89434,55.71703,4652.09966,-1.54884,42.17302,8.346820728146188,3.1094103393053363,-21.99999962472046
6.16737,5.9363,55.53072,4647.7647,-1.51183,42.12057,8.552467953909142,3.1860193418061966,-21.99999962472046
6.21345,5.97818,55.34929,4643.30543,-1.47141,42.06668,8.756680964734674,3.262094061506401,-21.99999962472046
6.25954,6.01997,55.17316,4638.72203,-1.42761,42.01135,8.958604025104444,3.337315714409612,-21.99999962472046
6.30562,6.06169,55.00272,4634.01518,-1.38047,41.95459,9.157341021895197,3.4113504747992613,-21.99999962472046
6.35169,6.10332,54.83837,4629.18608,-1.33006,41.89643,9.351961931572498,3.4838518844383803,-21.99999962472046
6.39776,6.14487,54.68049,4624.23647,-1.27645,41.83689,9.541510404894327,3.554463678071251,-21.99999962472046
6.44383,6.18632,54.52946,4619.16865,-1.21972,41.77601,9.72501241813142,3.6228230062306195,-21.99999962472046
6.48989,6.22769,54.38563,4613.98552,-1.15999,41.71382,9.90148590444101,3.6885640231778196,-21.99999962472046
6.53595,6.26897,54.24935,4608.69052,-1.09737,41.65037,10.069951242526374,3.751321794204434,-21.99999962472046
6.582,6.31015,54.12094,4603.28768,-1.03202,41.58571,10.229442443649761,3.810736463088959,-21.99999962472046
6.62804,6.35124,54.00072,4597.78162,-0.96409,41.51992,10.379018843914084,3.8664576077793695,-21.99999962472046
6.67408,6.39222,53.88895,4592.17748,-0.89376,41.45304,10.517777078396168,3.918148701072825,-21.99999962472046
6.72011,6.43311,53.78591,4586.48098,-0.82121,41.38517,10.64486308878822,3.9654915837780433,-21.99999962472046
6.76614,6.4739,53.69182,4580.69832,-0.74665,41.31637,10.759483898366653,4.008190851201017,-21.99999962472046
6.81215,6.51458,53.6069,4574.83619,-0.6703,41.24673,10.860918878713548,4.045978050295194,-21.99999962472046
6.85816,6.55516,53.53132,4568.90172,-0.59238,41.17635,10.948530232719216,4.078615584855765,-21.99999962472046
6.90415,6.59564,53.46523,4562.90242,-0.51315,41.10532,11.02177242857831,4.105900229931432,-21.99999962472046
6.95014,6.63601,53.40876,4556.84615,-0.43285,41.03375,11.080200339932082,4.1276661642415835,-21.99999962472046
6.99612,6.67627,53.36198,4550.74104,-0.35175,40.96172,11.12347587733743,4.143787440572993,-21.99999962472046
7.04208,6.71642,53.32496,4544.59546,-0.2701,40.88935,11.15137293524694,4.154179828660055,-21.99999962472046
7.08804,6.75647,53.29771,4538.41794,-0.18818,40.81675,11.163780524685963,4.158801982189416,-21.99999962472046
7.13398,6.7964,53.28023,4532.21709,-0.10626,40.74402,11.160704013349182,4.157655900768581,-21.99999962472046
7.17991,6.83623,53.27247,4526.00159,-0.0246,40.67128,11.14226444929322,4.150786677983605,-21.99999962472046
7.22583,6.87595,53.27437,4519.78004,0.05651,40.59862,11.10869599956997,4.1382815472226255,-21.99999962472046
7.27173,6.91556,53.28581,4513.561,0.13683,40.52617,11.06034158859915,4.120268256854871,-21.99999962472046
7.31762,6.95506,53.30666,4507.35282,0.21609,40.45401,10.99764687033861,4.096912824705503,-21.99999962472046
7.3635,6.99445,53.33675,4501.16369,0.29403,40.38226,10.921152711561026,4.068416737878404,-21.99999962472046
7.40936,7.03373,53.37588,4495.00149,0.37042,40.31101,10.831486398933016,4.035013677161795,-21.99999962472046
7.4552,7.07291,53.42385,4488.87383,0.44503,40.24036,10.72935180916925,3.996965855152002,-21.99999962472046
7.50103,7.11198,53.4804,4482.78793,0.51764,40.17039,10.615518798357552,3.9545600634978695,-21.99999962472046
7.54685,7.15094,53.54525,4476.75065,0.58804,40.10119,10.490812073754057,3.908103527351665,-21.99999962472046
7.59265,7.1898,53.61813,4470.76839,0.65605,40.03283,10.356099809139439,3.8579196642897164,-21.99999962472046
7.63843,7.22855,53.69872,4464.84712,0.72148,39.9654,10.2122822540393,3.804343840947299,-21.99999962472046
7.68419,7.26721,53.78668,4458.99236,0.78419,39.89895,10.060280568866842,3.747719213815521,-21.99999962472046
7.72994,7.30576,53.88168,4453.20912,0.84402,39.83354,9.90102609383307,3.6883927316280167,-21.99999962472046
7.77567,7.34421,53.98335,4447.50194,0.90085,39.76923,9.735450230698113,3.62671136604709,-21.99999962472046
7.82138,7.38257,54.09133,4441.87486,0.95456,39.70607,9.564475084778907,3.563018625565351,-21.99999962472046
7.86708,7.42083,54.20522,4436.33146,1.00507,39.6441,9.389004981629235,3.497651395245821,-21.99999962472046
7.91275,7.459,54.32465,4430.87482,1.0523,39.58335,9.20991893979264,3.4309371326243383,-21.99999962472046
7.95841,7.49707,54.44921,4425.50756,1.09617,39.52384,9.028064149323736,3.36319143828716,-21.99999962472046
8.00406,7.53506,54.5785,4420.23185,1.13665,39.46561,8.84425047634129,3.294716008672386,-21.99999962472046
8.04968,7.57296,54.71212,4415.04944,1.1737,39.40866,8.659245987428868,3.225796968791444,-21.99999962472046
8.09529,7.61077,54.84967,4409.96166,1.20729,39.35302,8.473773464886655,3.1567035740686986,-21.99999962472046
8.14088,7.64849,54.99074,4404.96945,1.23743,39.29867,8.288507864825755,3.0876872634146997,-21.99999962472046
8.18645,7.68614,55.13492,4400.0734,1.26411,39.24564,8.104074655028047,3.0189810400352464,-21.99999962472046
8.232,7.7237,55.28182,4395.27375,1.28735,39.1939,7.921048958330792,2.9507991523196107,-21.99999962472046
8.27754,7.76119,55.43103,4390.57043,1.30718,39.14347,7.739955419687612,2.8833370443172557,-21.99999962472046
8.32305,7.79859,55.58217,4385.96308,1.32362,39.09431,7.561268710804054,2.8167715437278624,-21.99999962472046
8.36856,7.83593,55.73484,4381.4511,1.33673,39.04643,7.38541458486672,2.751261254815679,-21.99999962472046
8.41404,7.87319,55.88868,4377.03362,1.34655,38.9998,7.212771394976423,2.6869471240658305,-21.99999962472046
8.45951,7.91038,56.0433,4372.70958,1.35315,38.95439,7.0436719929968366,2.623953147555393,-21.99999962472046
8.50496,7.9475,56.19834,4368.47772,1.35658,38.9102,6.878405930182347,2.562387190745177,-21.99999962472046
8.55039,7.98456,56.35345,4364.33662,1.35692,38.86719,6.717221886779422,2.502341893570165,-21.99999962472046
8.59581,8.02155,56.50827,4360.28472,1.35423,38.82534,6.560330264426596,2.4438956361767086,-21.99999962472046
8.64121,8.05847,56.66248,4356.32031,1.3486,38.78462,6.407905882192806,2.387113543267755,-21.99999962472046
8.68659,8.09534,56.81575,4352.44159,1.3401,38.74499,6.260090724347965,2.3320485077196773,-21.99999962472046
8.73196,8.13214,56.96775,4348.64667,1.32882,38.70643,6.116996695130119,2.2787422168055267,-21.99999962472046
8.77731,8.16889,57.11818,4344.93358,1.31484,38.6689,5.978708342682525,2.227226166933259,-21.99999962472046
8.82265,8.20558,57.26675,4341.30027,1.29826,38.63238,5.845285520890883,2.177522655250151,-21.99999962472046
8.86797,8.24221,57.41317,4337.74468,1.27915,38.59682,5.7167659639308415,2.1296457387294763,-21.99999962472046
8.91327,8.27879,57.55716,4334.26467,1.25761,38.56221,5.593167753818917,2.0836021533981537,-21.99999962472046
8.95856,8.31532,57.69847,4330.85811,1.23373,38.52849,5.474491666269214,2.0393921882300976,-21.99999962472046
9.00384,8.35179,57.83682,4327.52281,1.20759,38.49564,5.360723384484842,1.997010509841769,-21.99999962472046
9.0491,8.38822,57.97199,4324.25661,1.17928,38.46362,5.251835574284284,1.9564469355313465,-21.99999962472046
9.09435,8.4246,58.10374,4321.05731,1.1489,38.4324,5.147789817260878,1.9176871534314999,-21.99999962472046
9.13958,8.46093,58.23184,4317.92275,1.11653,38.40195,5.048538401307644,1.8807133895269974,-21.99999962472046
9.1848,8.49722,58.35609,4314.85075,1.08226,38.37223,4.95402597012949,1.8455050221414067,-21.99999962472046
9.23,8.53346,58.47627,4311.83914,1.04618,38.34321,4.864191035146799,1.8120391451609572,-21.99999962472046
9.27519,8.56966,58.5922,4308.88577,1.00836,38.31485,4.778967354582427,1.7802910817807385,-21.99999962472046
9.32037,8.60581,58.7037,4305.98852,0.9689,38.28713,4.698285185622217,1.7502348509674317,-21.99999962472046
9.36554,8.64192,58.81059,4303.14526,0.92788,38.26001,4.6220724162883995,1.7218435891119372,-21.99999962472046
9.41069,8.678,58.9127,4300.35391,0.88537,38.23346,4.55025558418074,1.6950899295372563,-21.99999962472046
9.45582,8.71403,59.00988,4297.61239,0.84147,38.20745,4.4827607895414046,1.6699463426391763,-21.99999962472046
9.50095,8.75003,59.10199,4294.91864,0.79625,38.18195,4.419514510209707,1.6463854394783566,-21.99999962472046
9.54606,8.78598,59.1889,4292.27065,0.74979,38.15692,4.360444326024806,1.6243802416393953,-21.99999962472046
9.59116,8.8219,59.27046,4289.66639,0.70216,38.13234,4.305479560036267,1.6039044200986328,-21.99999962472046
9.63625,8.85779,59.34656,4287.10388,0.65344,38.10818,4.254551843702818,1.5849325057755599,-21.99999962472046
9.68133,8.89363,59.4171,4284.58113,0.60371,38.08441,4.207595612882584,1.567440074302233,-21.99999962472046
9.72639,8.92945,59.48196,4282.09621,0.55304,38.061,4.164548541092971,1.5514039074239765,-21.99999962472046
9.77144,8.96522,59.54106,4279.64716,0.5015,38.03792,4.125351916070002,1.5368021332776471,-21.99999962472046
9.81648,9.00098,59.59465,4277.23133,0.45518,38.04605,4.089756026912193,1.5235417279821515,0.0
9.86148,9.03673,59.64298,4274.84625,0.40808,38.05423,4.0575233200539875,1.5115341965839109,0.0
9.90645,9.07247,59.68597,4272.49022,0.36027,38.06245,4.028619490364781,1.5007667595191518,0.0
9.95139,9.1082,59.72355,4270.16157,0.31183,38.07071,4.003012691974789,1.4912275533634647,0.0
9.9963,9.14392,59.75567,4267.85861,0.26281,38.07902,3.980674005619098,1.4829058049297579,0.0
10.04118,9.17964,59.78226,4265.57966,0.21328,38.08738,3.9615776287986435,1.4757919021082244,0.0
10.08604,9.21535,59.80329,4263.32304,0.16331,38.09577,3.9457010356180287,1.4698774534101375,0.0
10.13086,9.25105,59.81871,4261.08705,0.11297,38.10422,3.933025108464907,1.4651553370218837,0.0
10.17566,9.28674,59.82848,4258.87,0.06231,38.1127,3.9235342433861797,1.4616197400603683,0.0
10.22043,9.32243,59.83259,4256.67018,0.0114,38.12123,3.917216430687897,1.4592661885986014,0.0
10.26517,9.35811,59.83102,4254.48587,-0.03969,38.12981,3.9140633119967183,1.4580915689225913,0.0
10.30988,9.39379,59.82375,4252.31535,-0.0909,38.13843,3.914070214685218,1.4580941403556784,0.0
10.35456,9.42946,59.81078,4250.15688,-0.14217,38.1471,3.9172361642914066,1.459273539885131,0.0
10.39922,9.46512,59.79211,4248.00869,-0.19342,38.15581,3.9235638752015065,1.4616307786912375,0.0
10.44384,9.50078,59.76776,4245.869,-0.24461,38.16456,3.933059719614691,1.4651682305858522,0.0
10.48844,9.53643,59.73774,4243.73603,-0.29566,38.17336,3.9457336744582405,1.469889612236896,0.0
10.53302,9.57207,59.70208,4241.60793,-0.3465,38.1822,3.9615992456604054,1.4757999549580048,0.0
10.57756,9.60771,59.6608,4239.48288,-0.39708,38.19109,3.9806733688460034,1.4829055677150256,0.0
10.62208,9.64334,59.61395,4237.35899,-0.44733,38.20002,4.002976285271684,1.4912139909086402,0.0
10.66657,9.67897,59.56157,4235.23436,-0.49717,38.209,4.028531391491462,1.50073394037082,0.0
10.71103,9.71459,59.50372,4233.10706,-0.54656,38.21802,4.0573650609670775,1.5114752409099894,0.0
10.75546,9.75021,59.44045,4230.97512,-0.59541,38.22708,4.089506435579485,1.5234487486435744,0.0
10.79987,9.78582,59.37184,4228.83655,-0.64366,38.23619,4.124987184702091,1.53666626124644,0.0
10.84424,9.82143,59.29796,4226.6893,-0.69124,38.24534,4.163841229266987,1.5511404151583035,0.0
10.88859,9.85703,59.2189,4224.53132,-0.73809,38.25454,4.206104428007308,1.5668845687007567,0.0
10.93291,9.89262,59.13473,4222.36048,-0.78413,38.26377,4.251814222854345,1.583912669978364,0.0
10.97721,9.92821,59.04558,4220.17465,-0.82929,38.27306,4.301009240273225,1.6022391083657075,0.0
11.02147,9.9638,58.95153,4217.97163,-0.87351,38.28238,4.353728845187096,1.6218785483324132,0.0
11.06571,9.99937,58.85271,4215.74919,-0.9167,38.29175,4.410012644022551,1.642845744314495,0.0
11.10991,10.03495,58.74923,4213.50506,-0.95879,38.30116,4.469899933374626,1.6651553353275599,0.0
11.15409,10.07051,58.64124,4211.23695,-0.99972,38.31061,4.533429090781649,1.6888216180144082,0.0
11.19824,10.10607,58.52885,4208.94249,-1.03941,38.3201,4.600636904218046,1.713858296863464,0.0
11.24235,10.14162,58.41223,4206.61929,-1.07777,38.32964,4.67155783708397,1.7402782103980705,0.0
11.28644,10.17717,58.29153,4204.26495,-1.11474,38.33921,4.7462232257494845,1.7680930322405861,0.0
11.3305,10.21271,58.16691,4201.87698,-1.15024,38.34883,4.8246604071534716,1.7973129461200226,0.0
11.37453,10.24824,58.03854,4199.45291,-1.18419,38.35849,4.906891774472092,1.8279462940836988,0.0
11.41852,10.28377,57.90661,4196.9902,-1.21651,38.36819,4.992933759599595,1.8599991974445738,0.0
11.46249,10.31928,57.77129,4194.48629,-1.24712,38.37792,5.082795742058294,1.8934751503214977,0.0
11.50642,10.35479,57.6328,4191.93863,-1.27595,38.3877,5.176478885033974,1.9283745860317807,0.0
11.55032,10.3903,57.49133,4189.3446,-1.30292,38.39752,5.2739749004869045,1.964694417062553,0.0
11.59418,10.42579,57.3471,4186.70162,-1.32794,38.40737,5.375264746805847,2.0024275499126123,0.0
11.63802,10.46127,57.20033,4184.00706,-1.35094,38.41727,5.480317264197671,2.041562376739155,0.0
11.68182,10.49675,57.05125,4181.25831,-1.37184,38.4272,5.589087754948814,2.082082246467809,0.0
11.72558,10.53221,56.9001,4178.45278,-1.39057,38.43717,5.701516517898851,2.1239649188454863,0.0
11.76931,10.56767,56.74713,4175.58788,-1.40705,38.44717,5.817527348885369,2.1671820058166356,0.0
11.81301,10.60311,56.59259,4172.66106,-1.4212,38.45721,5.937026021558219,2.2116984055865805,0.0
11.85667,10.63855,56.43674,4169.66981,-1.43296,38.46729,6.059898765736081,2.257471735769308,0.0
11.90029,10.67397,56.27986,4166.61167,-1.44226,38.4774,6.186010763475509,2.3044517731336085,0.0
11.94387,10.70938,56.12222,4163.48423,-1.44902,38.48755,6.315204686017452,2.352579908577168,0.0
11.98742,10.74477,55.96411,4160.28518,-1.45319,38.49773,6.4472992978293755,2.4017886270955238,0.0
12.03092,10.78016,55.8058,4157.01229,-1.4547,38.50795,6.5820881569752885,2.4520010236357037,0.0
12.07439,10.81553,55.64761,4153.66344,-1.4535,38.51819,6.719338443793365,2.5031303667478246,0.0
12.11782,10.85089,55.48982,4150.23663,-1.44954,38.52847,6.858789952414654,2.5550797228992734,0.0
12.1612,10.88623,55.33275,4146.73002,-1.44278,38.53878,7.000154281750426,2.60774165509621,0.0
12.20454,10.92155,55.1767,4143.1419,-1.43317,38.54912,7.14311426403512,2.6609980100007755,0.0
12.24784,10.95687,55.02198,4139.47076,-1.42069,38.55949,7.2873236699084805,2.7147198080664316,0.0
12.2911,10.99216,54.86891,4135.71528,-1.4053,38.56989,7.432407228832141,2.768767251143676,0.0
12.33431,11.02743,54.71781,4131.87433,-1.387,38.58032,7.577961002633621,2.822989861635006,0.0
12.37748,11.06269,54.56898,4127.94703,-1.36577,38.59078,7.72355314759844,2.877226766394286,0.0
12.4206,11.09793,54.42274,4123.93276,-1.34161,38.60126,7.868725097042126,2.931307137265935,0.0
12.46367,11.13315,54.27942,4119.83114,-1.31453,38.61177,8.012993191300394,2.9850507982991537,0.0
12.50669,11.16835,54.13931,4115.64208,-1.28456,38.62231,8.155850775710245,3.0382690073010905,0.0
12.54967,11.20353,54.00273,4111.36578,-1.25172,38.63287,8.296770779353595,3.0907654164866867,0.0
12.59259,11.23868,53.86997,4107.00277,-1.21606,38.64345,8.435208778158765,3.142337213564583,0.0
12.63547,11.27382,53.74134,4102.55386,-1.17762,38.65406,8.570606535501032,3.19277644070398,0.0
12.67829,11.30893,53.61712,4098.02024,-1.13648,38.6647,8.702396002007763,3.241871484567295,0.0
12.72106,11.34401,53.49759,4093.40338,-1.09271,38.67535,8.830003743986081,3.2894087260159823,0.0
12.76377,11.37908,53.38302,4088.70515,-1.0464,38.68603,8.952855757216396,3.3351743333752837,0.0
12.80643,11.41411,53.27367,4083.92773,-0.99765,38.69673,9.070382610100447,3.3789561783922,0.0
12.84904,11.44912,53.16978,4079.07363,-0.94658,38.70744,9.182024847844778,3.4205458494360284,0.0
12.89159,11.48411,53.07158,4074.14574,-0.8933,38.71818,9.287238577939569,3.459740732236187,0.0
12.93408,11.51906,52.9793,4069.14725,-0.83796,38.72894,9.38550114716767,3.496346124717454,0.0
12.97652,11.55399,52.89312,4064.08167,-0.7807,38.73971,9.476316812254831,3.530177349466381,0.0
13.0189,11.58889,52.81323,4058.95285,-0.72169,38.75051,9.5592223005113,3.5610618252165955,0.0
13.06121,11.62376,52.7398,4053.76488,-0.66108,38.76132,9.633792153694639,3.58884105757831,0.0
13.10347,11.6586,52.67296,4048.52216,-0.59906,38.77214,9.699643748347786,3.6133725092463425,0.0
13.14571,11.69335,52.60978,4043.23586,-0.59381,38.63939,9.760689034680524,3.6361134846034378,-43.99999924944092
13.18798,11.72797,52.54728,4037.91423,-0.5878,38.50556,9.820967397181713,3.658568760654302,-43.99999924944092
13.23026,11.76244,52.48553,4032.55755,-0.58104,38.37065,9.8803598802738,3.6806940233163856,-43.99999924944092
13.27257,11.79678,52.42462,4027.16616,-0.57356,38.23467,9.938739811754528,3.7024420838613996,-43.99999924944092
13.3149,11.83096,52.36462,4021.74048,-0.56535,38.09764,9.995981273634934,3.723766034525357,-43.99999924944092
13.35726,11.86501,52.3056,4016.281,-0.55645,37.95956,10.051959603533055,3.74461943529091,-43.99999924944092
13.39964,11.89891,52.24763,4010.78829,-0.54687,37.82046,10.106551910174886,3.76495650592503,-43.99999924944092
13.44204,11.93266,52.19077,4005.26298,-0.53664,37.68035,10.159637599564459,3.7847323219911972,-43.99999924944092
13.48446,11.96627,52.13511,3999.70579,-0.52576,37.53925,10.21109890809918,3.803903013448899,-43.99999924944092
13.52691,11.99972,52.08069,3994.1175,-0.51428,37.39717,10.260821438674752,3.822425964366816,-43.99999924944092
13.56937,12.03303,52.02758,3988.49896,-0.50222,37.25415,10.308694695611369,3.840260012196905,-43.99999924944092
13.61186,12.06619,51.97583,3982.8511,-0.4896,37.11021,10.354612614084976,3.8573656450014724,-43.99999924944092
13.65437,12.0992,51.92549,3977.17488,-0.47646,36.96536,10.398474079612722,3.873705194975172,-43.99999924944092
13.6969,12.13205,51.87662,3971.47137,-0.46282,36.81965,10.440183433120136,3.889243026595823,-43.99999924944092
13.73945,12.16475,51.82927,3965.74167,-0.44873,36.67309,10.479650957109587,3.903945717734947,-43.99999924944092
13.78202,12.1973,51.78346,3959.98694,-0.43421,36.52573,10.51679333850053,3.9177822320779443,-43.99999924944092
13.82461,12.2297,51.73925,3954.20841,-0.4193,36.37758,10.551534103883853,3.9307240812677833,-43.99999924944092
13.86722,12.26194,51.69666,3948.40733,-0.40404,36.22869,10.58380402306295,3.9427454752346716,-43.99999924944092
13.90985,12.29402,51.65573,3942.58503,-0.38847,36.07908,10.613541477058769,3.9538234592876194,-43.99999924944092
13.9525,12.32595,51.61648,3936.74286,-0.37263,35.9288,10.640692787003038,3.963938036635819,-43.99999924944092
13.99516,12.35772,51.57893,3930.88222,-0.35655,35.77788,10.665212500783843,3.973072275171666,-43.99999924944092
14.03784,12.38934,51.5431,3925.00452,-0.34028,35.62636,10.68706363462453,3.981212397465256,-43.99999924944092
14.08054,12.42079,51.509,3919.11124,-0.32387,35.47428,10.706217867300243,3.988347853115152,-43.99999924944092
14.12326,12.45209,51.47664,3913.20384,-0.30734,35.32166,10.722655685138063,3.9944713727647567,-43.99999924944092
14.16599,12.48323,51.44603,3907.28383,-0.29075,35.16856,10.736366476489895,3.9995790032959464,-43.99999924944092
14.20874,12.51421,51.41715,3901.35273,-0.27414,35.01502,10.74734857486891,4.003670123898529,-43.99999924944092
14.25151,12.54503,51.39002,3895.41204,-0.25755,34.86106,10.755609250518631,4.006747442929508,-43.99999924944092
14.29429,12.57569,51.36462,3889.46331,-0.24103,34.70674,10.761164650707407,4.008816975671202,-43.99999924944092
14.33708,12.6062,51.34093,3883.50806,-0.22461,34.55209,10.764039689566268,4.009888003292953,-43.99999924944092
14.37989,12.63654,51.31894,3877.54781,-0.20835,34.39715,10.764267888844916,4.009973013528533,-43.99999924944092
14.42271,12.66672,51.29862,3871.58407,-0.19227,34.24196,10.761891171429209,4.009087623755985,-43.99999924944092
14.46555,12.69674,51.27995,3865.61834,-0.17643,34.08656,10.756959609938297,4.007250487343427,-43.99999924944092
14.5084,12.7266,51.2629,3859.65209,-0.16087,33.93099,10.74953113312835,4.004483184276734,-43.99999924944092
14.55126,12.7563,51.24743,3853.68677,-0.14562,33.77528,10.73967119324272,4.000810097238705,-43.99999924944092
14.59413,12.78584,51.23351,3847.72382,-0.13072,33.61948,10.727452397750485,3.9962582744219888,-43.99999924944092
14.63702,12.81522,51.22108,3841.76461,-0.11621,33.46361,10.71295410918935,3.990857280460036,-43.99999924944092
14.67991,12.84444,51.21011,3835.8105,-0.10214,33.30771,10.696262017061475,3.984639036947026,-43.99999924944092
14.72281,12.8735,51.20055,3829.86281,-0.08852,33.15182,10.677467685888065,3.977637654076316,-43.99999924944092
14.76573,12.9024,51.19234,3823.92281,-0.07541,32.99596,10.65666808363093,3.9698892549650604,-43.99999924944092
14.80865,12.93114,51.18543,3817.99171,-0.06282,32.84018,10.63396509470305,3.9614317942378356,-43.99999924944092
14.85158,12.95972,51.17976,3812.07069,-0.0508,32.68449,10.609465021826656,3.952304872455664,-43.99999924944092
14.89453,12.98814,51.17527,3806.16087,-0.03937,32.52893,10.58327808090658,3.9425495479430523,-43.99999924944092
14.93747,13.0164,51.1719,3800.26332,-0.02855,32.37352,10.55551789293635,3.9322081475096375,-43.99999924944092
14.98043,13.0445,51.16957,3794.37903,-0.01838,32.21828,10.526300976873575,3.921324077532925,-43.99999924944092
15.02339,13.07245,51.16822,3788.50896,-0.00888,32.06325,10.4957462471356,3.909941636762205,-43.99999924944092
15.06636,13.10024,51.16778,3782.65399,-7e-05,31.90844,10.463974519171467,3.8981058321310917,-43.99999924944092
15.10933,13.12787,51.16818,3776.81495,0.00803,31.75387,10.431108026317075,3.8858621987733577,-43.99999924944092
15.15231,13.15534,51.16935,3770.99259,0.0154,31.59957,10.397269950789902,3.8732566253061345,-43.99999924944092
15.1953,13.18266,51.1712,3765.18762,0.02203,31.44553,10.362583971433947,3.860335185352998,-43.99999924944092
15.23829,13.20982,51.17366,3759.40065,0.0279,31.29179,10.327173830469016,3.8471439761466795,-43.99999924944092
15.28128,13.23682,51.17666,3753.63226,0.03299,31.13835,10.291162921185679,3.8337289649345876,-43.99999924944092
15.32428,13.26367,51.18012,3747.88294,0.0373,30.98522,10.254673898186782,3.820135843783523,-43.99999924944092
15.36728,13.29037,51.18396,3742.15312,0.04082,30.83241,10.21782831147121,3.8064098932662396,-43.99999924944092
15.41028,13.31691,51.18809,3736.44317,0.04355,30.67993,10.180746265302057,3.7925958553808736,-43.99999924944092
15.45328,13.3433,51.19245,3730.75339,0.04547,30.52779,10.143546102558055,3.778737815963543,-43.99999924944092
15.49629,13.36953,51.19695,3725.08403,0.04659,30.37598,10.106344114882555,3.764879096711213,-43.99999924944092
15.5393,13.39562,51.20151,3719.43524,0.0469,30.2245,10.069254278767344,3.7510621568659754,-43.99999924944092
15.58231,13.42155,51.20606,3713.80715,0.04641,30.07336,10.032388017388739,3.7373285044927287,-43.99999924944092
15.62532,13.44733,51.21051,3708.19979,0.04512,29.92255,9.995853987801864,3.7237186172034464,-43.99999924944092
15.66832,13.47295,51.21479,3702.61316,0.04303,29.77208,9.959757892880544,3.710271872099838,-43.99999924944092
15.71133,13.49843,51.21883,3697.04717,0.04016,29.62192,9.924202317237627,3.6970264846493532,-43.99999924944092
15.75434,13.52376,51.22254,3691.50171,0.0365,29.47209,9.88928658612298,3.6840194561209705,-43.99999924944092
15.79735,13.54894,51.22586,3685.97658,0.03207,29.32255,9.855106646241541,3.67128652918679,-43.99999924944092
15.84035,13.57397,51.22871,3680.47154,0.02689,29.17332,9.821754967236172,3.658862151221803,-43.99999924944092
15.88336,13.59885,51.23102,3674.98629,0.02096,29.02437,9.789320462572707,3.6467794448314823,-43.99999924944092
15.92636,13.62359,51.23272,3669.52048,0.0143,28.87568,9.757888428389363,3.6350701850715934,-43.99999924944092
15.96936,13.64817,51.23374,3664.07372,0.00692,28.72726,9.72754049889648,3.6237647828334136,-43.99999924944092
16.01236,13.67261,51.23402,3658.64554,-0.00115,28.57906,9.698354616860428,3.6128922738482103,-43.99999924944092
16.05535,13.69691,51.2335,3653.23546,-0.0099,28.43109,9.670405017648088,3.602480312743398,-43.99999924944092
16.09834,13.72105,51.23211,3647.84293,-0.0193,28.28332,9.643762225361069,3.592555171602429,-43.99999924944092
16.14133,13.74506,51.22979,3642.46736,-0.02934,28.13573,9.618493059573213,3.5831417424746865,-43.99999924944092
16.18431,13.76891,51.22649,3637.10814,-0.04,27.9883,9.594660651182046,3.5742635432805714,-43.99999924944092
16.22729,13.79262,51.22216,3631.76459,-0.05124,27.841,9.572324466008476,3.565942726603015,-43.99999924944092
16.27026,13.81619,51.21673,3626.43601,-0.06305,27.69381,9.551540334700876,3.5582000908275266,-43.99999924944092
16.31323,13.83961,51.21017,3621.12165,-0.07539,27.54671,9.532360487677138,3.5510550931590372,-43.99999924944092
16.35619,13.86289,51.20242,3615.82073,-0.08825,27.39967,9.514833593803056,3.544525864030609,-43.99999924944092
16.39915,13.88603,51.19345,3610.53246,-0.10159,27.25266,9.499004801645878,3.538629222471474,-43.99999924944092
16.4421,13.90902,51.18321,3605.25597,-0.11538,27.10566,9.484915782141986,3.5333806920018596,-43.99999924944092
16.48504,13.93187,51.17166,3599.99041,-0.1296,26.95864,9.47260477169009,3.5287945166863492,-43.99999924944092
16.52798,13.95457,51.15877,3594.73487,-0.14422,26.81156,9.462106614643645,3.524883676963412,-43.99999924944092
16.57091,13.97714,51.1445,3589.48843,-0.15919,26.66439,9.453452804368299,3.521659904940394,-43.99999924944092
16.61383,13.99956,51.12884,3584.25013,-0.17451,26.51712,9.446671522044012,3.5191336988483206,-43.99999924944092
16.65675,14.02183,51.11174,3579.01901,-0.19012,26.3697,9.441787672493856,3.5173143363890715,-43.99999924944092
16.69966,14.04397,51.0932,3573.79406,-0.206,26.2221,9.438822916436118,3.5162098867501372,-43.99999924944092
16.74256,14.06596,51.07319,3568.57428,-0.22211,26.07429,9.43779569858941,3.5158272210745105,-43.99999924944092
16.78545,14.08781,51.05169,3563.35864,-0.23843,25.92623,9.438721271205623,3.5161720212273315,-43.99999924944092
16.82833,14.10951,51.0287,3558.14607,-0.25492,25.7779,9.44161171264115,3.517248786714157,-43.99999924944092
16.87121,14.13107,51.0042,3552.93554,-0.27154,25.62926,9.44647594070533,3.5190608396536067,-43.99999924944092
16.91407,14.15249,50.97818,3547.72595,-0.28826,25.48027,9.453319720582993,3.521610327728722,-43.99999924944092
16.95693,14.17377,50.95065,3542.51622,-0.30505,25.3309,9.462145667239612,3.5248982250829464,-43.99999924944092
16.99977,14.1949,50.9216,3537.30526,-0.32187,25.18112,9.472953242264765,3.5289243311442275,-43.99999924944092
17.0426,14.21589,50.89104,3532.09196,-0.33868,25.03089,9.485738745250329,3.5336872674131796,-43.99999924944092
17.08543,14.23674,50.85897,3526.87522,-0.35546,24.88018,9.500495299845026,3.539184472268024,-43.99999924944092
17.12824,14.25744,50.8254,3521.65393,-0.37217,24.72894,9.517212834720684,3.5454121938740224,-43.99999924944092
17.17104,14.278,50.79035,3516.42696,-0.38877,24.57715,9.53587805978951,3.552365481323789,-43.99999924944092
17.21383,14.29842,50.75383,3511.19321,-0.40522,24.42477,9.556474438073046,3.560038174157733,-43.99999924944092
17.25661,14.31868,50.71586,3505.95155,-0.42151,24.27176,9.57898215372083,3.5684228904501736,-43.99999924944092
17.29938,14.33881,50.67646,3500.70089,-0.43758,24.11809,9.603378076767765,3.577511013680524,-43.99999924944092
17.34213,14.35879,50.63566,3495.44011,-0.45341,23.96373,9.629635725289026,3.5872926786350066,-43.99999924944092
17.38487,14.37862,50.59349,3490.16811,-0.46897,23.80864,9.657725225692815,3.5977567566146544,-43.99999924944092
17.4276,14.3983,50.54997,3484.88382,-0.48421,23.65278,9.687613271986288,3.6088908402607998,-43.99999924944092
17.47031,14.41784,50.50515,3479.58615,-0.49912,23.49613,9.7192630849167,3.6206812283340746,-43.99999924944092
17.51301,14.43723,50.45905,3474.27404,-0.51365,23.33864,9.752634371961628,3.6331129108097175,-43.99999924944092
17.5557,14.45647,50.41172,3468.94643,-0.52778,23.18029,9.78768328923638,3.646169554687078,-43.99999924944092
17.59837,14.47556,50.3632,3463.60231,-0.54148,23.02105,9.824362406401727,3.6598334909168244,-43.99999924944092
17.64103,14.49451,50.31354,3458.24066,-0.55471,22.86087,9.862620675792709,3.674085702900616,-43.99999924944092
17.68367,14.5133,50.26278,3452.8605,-0.56746,22.69974,9.902403406979554,3.6889058170143714,-43.99999924944092
17.72629,14.53194,50.21097,3447.46085,-0.57968,22.53762,9.943652248049622,3.7042720956352997,-43.99999924944092
17.7689,14.55043,50.15816,3442.04078,-0.59136,22.37447,9.986305174925137,3.720161433162478,-43.99999924944092
17.81149,14.56877,50.10441,3436.59939,-0.60246,22.21028,10.030296490083387,3.7365493555400895,-43.99999924944092
17.85404,14.58702,50.05294,3431.12771,-0.54238,22.21982,10.071014018769295,3.751717706318249,0.0
17.89651,14.60526,50.00699,3425.62018,-0.48143,22.22937,10.103800808702458,3.7639316482407135,0.0
17.93892,14.62348,49.96661,3420.08106,-0.41983,22.23891,10.128522498429628,3.773141128130889,0.0
17.98125,14.64168,49.93182,3414.51475,-0.35776,22.24847,10.145097635258505,3.7793158027177434,0.0
18.02352,14.65986,49.90265,3408.92572,-0.29544,22.25802,10.15349135187362,3.7824426830088496,0.0
18.06571,14.67803,49.87908,3403.31849,-0.23307,22.26758,10.153715584810568,3.7825262156777866,0.0
18.10783,14.69618,49.8611,3397.69765,-0.17085,22.27715,10.145828731283352,3.7795881552232924,0.0
18.14988,14.71431,49.84867,3392.06775,-0.10899,22.28672,10.129934754779065,3.7736672307797554,0.0
18.19185,14.73242,49.84172,3386.43334,-0.04769,22.29629,10.106181761446283,3.7648186157844257,0.0
18.23376,14.75051,49.84019,3380.79893,0.01286,22.30586,10.074760080050543,3.7531132127103177,0.0
18.27559,14.76859,49.84396,3375.16896,0.07245,22.31544,10.035899887954029,3.7386367686811757,0.0
18.31734,14.78664,49.85295,3369.54779,0.1309,22.32503,9.9898684338455,3.721488840865298,0.0
18.35903,14.80468,49.86702,3363.93963,0.18804,22.33461,9.936966914549368,3.701781633004744,0.0
18.40064,14.8227,49.88602,3358.34861,0.24367,22.34421,9.877527068201166,3.679638726283556,0.0
18.44218,14.8407,49.90981,3352.77867,0.29764,22.3538,9.8119075490454,3.6551937288445733,0.0
18.48365,14.85868,49.93821,3347.23361,0.34979,22.36341,9.74049015043733,3.628588868758217,0.0
18.52504,14.87664,49.97105,3341.71703,0.39997,22.37301,9.663675942020628,3.5999735550195346,0.0
18.56637,14.89459,50.00813,3336.23235,0.44804,22.38263,9.581881385003248,3.5695029303862404,0.0
18.60762,14.91252,50.04925,3330.78278,0.49387,22.39225,9.495534485782427,3.537336438502832,0.0
18.6488,14.93043,50.09419,3325.37134,0.53734,22.40187,9.405071043442636,3.503636425994839,0.0
18.68992,14.94832,50.14273,3320.0008,0.57835,22.41151,9.310931040827274,3.468566798048074,0.0
18.73096,14.9662,50.19464,3314.67373,0.6168,22.42115,9.213555222404638,3.4322917435736615,0.0
18.77194,14.98405,50.2497,3309.39249,0.6526,22.43079,9.113381895180641,3.3949745434638547,0.0
18.81284,15.0019,50.30764,3304.15919,0.68568,22.44045,9.010843981723756,3.3567764727662883,0.0
18.85368,15.01972,50.36824,3298.97573,0.71598,22.45012,8.906366347178297,3.3178558049260958,0.0
18.89445,15.03753,50.43123,3293.84378,0.74344,22.45979,8.8003634152167,3.278366923665401,0.0
18.93515,15.05532,50.49637,3288.76483,0.76803,22.46948,8.69323708123329,3.2384595455930953,0.0
18.97579,15.07309,50.5634,3283.74011,0.7897,22.47918,8.585374925053266,3.198278054391903,0.0
19.01636,15.09085,50.63206,3278.77066,0.80845,22.48888,8.477148719940375,3.1579609453845143,0.0
19.05687,15.1086,50.7021,3273.85735,0.82425,22.4986,8.368913229947347,3.117640377514975,0.0
19.09732,15.12633,50.77326,3269.00082,0.8371,22.50834,8.261005283573951,3.077441828261939,0.0
19.1377,15.14404,50.84529,3264.20155,0.84701,22.51808,8.153743108412948,3.037483845776783,0.0
19.17802,15.16174,50.91793,3259.45984,0.85399,22.52784,8.047425908853826,2.9978778915671325,0.0
19.21827,15.17943,50.99095,3254.7758,0.85806,22.53762,7.942333667059724,2.9587282663555294,0.0
19.25847,15.1971,51.06408,3250.14943,0.85926,22.5474,7.838727146090278,2.9201321112427796,0.0
19.29861,15.21476,51.13709,3245.58054,0.85762,22.55721,7.7368480734633245,2.8821794760895085,0.0
19.33868,15.2324,51.20974,3241.06882,0.85318,22.56703,7.636919483190874,2.8449534469335696,0.0
19.3787,15.25003,51.28179,3236.61383,0.84599,22.57687,7.539146194640138,2.8085303243783715,0.0
19.41866,15.26765,51.35302,3232.21499,0.8361,22.58672,7.443715407207721,2.7729798451246603,0.0
19.45856,15.28526,51.42321,3227.87162,0.82358,22.59659,7.3507973906907464,2.738365439151933,0.0
19.49841,15.30285,51.49214,3223.58293,0.80848,22.60649,7.260546252457696,2.7047445155097583,0.0
19.5382,15.32044,51.5596,3219.34803,0.79088,22.6164,7.1731007637849356,2.6721687701498746,0.0
19.57794,15.33801,51.62539,3215.16596,0.77084,22.62633,7.088585229236507,2.6406845097930374,0.0
19.61762,15.35557,51.6893,3211.03564,0.74844,22.63627,7.00711038438226,2.610332986352644,0.0
19.65725,15.37312,51.75115,3206.95593,0.72376,22.64625,6.928774308757138,2.5811507370360873,0.0
19.69682,15.39066,51.81077,3202.92562,0.69689,22.65624,6.853663342415322,2.553169925785295,0.0
19.73634,15.40819,51.86797,3198.94343,0.6679,22.66625,6.7818529958853695,2.5264186822589565,0.0
19.77581,15.42571,51.92258,3195.00803,0.63687,22.67628,6.7134088447791225,2.5009214350978795,0.0
19.81523,15.44321,51.97446,3191.11802,0.60391,22.68634,6.648387401550261,2.4766992366779936,0.0
19.8546,15.46071,52.02344,3187.27195,0.5691,22.69642,6.5868369581530155,2.453770077022886,0.0
19.89392,15.4782,52.06938,3183.46832,0.53253,22.70652,6.528798394431632,2.432149184950153,0.0
19.93319,15.49568,52.11216,3179.7056,0.49429,22.71665,6.474305948078649,2.411849314901112,0.0
19.97241,15.51316,52.15163,3175.9822,0.45447,22.7268,6.4233879428795255,2.3928810182310913,0.0
20.01158,15.53062,52.18769,3172.29652,0.41318,22.73697,6.376067472735854,2.37525289802607,0.0
20.0507,15.54807,52.22023,3168.64689,0.3705,22.74717,6.332363039650838,2.3589718467690597,0.0
20.08977,15.56552,52.24913,3165.03162,0.32654,22.75739,6.292289144388743,2.3440432663762865,0.0
20.1288,15.58296,52.27431,3161.44901,0.28139,22.76764,6.255856829068252,2.330471270327495,0.0
20.16778,15.60039,52.29568,3157.89729,0.23515,22.77791,6.223074171262988,2.318258867731395,0.0
20.20671,15.61781,52.31317,3154.37469,0.18791,22.78821,6.193946729567677,2.307408129310776,0.0
20.2456,15.63523,52.3267,3150.87941,0.13978,22.79853,6.168477940785832,2.297920335365375,0.0
20.28444,15.65264,52.33621,3147.40961,0.09086,22.80888,6.146669469096406,2.2897961058456393,0.0
20.32324,15.67004,52.34165,3143.96344,0.04124,22.81926,6.128521507662013,2.283035512709725,0.0
20.36199,15.68743,52.34299,3140.53902,-0.00898,22.82966,6.114033033257972,2.2776381747795145,0.0
20.4007,15.70482,52.34017,3137.13443,-0.05969,22.84008,6.1032020145000265,2.273603335310925,0.0
20.43936,15.7222,52.33317,3133.74776,-0.1108,22.85054,6.096025574263195,2.270929922499199,0.0
20.47797,15.73957,52.32198,3130.37704,-0.16221,22.86102,6.092500106881979,2.269616593139066,0.0
20.51655,15.75694,52.30658,3127.0203,-0.21382,22.87152,6.092621350669245,2.2696617596399387,0.0
20.55507,15.7743,52.28697,3123.67555,-0.26552,22.88205,6.0963844162309995,2.271063600573906,0.0
20.59356,15.79165,52.26316,3120.34075,-0.31721,22.89261,6.103783771009733,2.273820054917726,0.0
20.632,15.809,52.23515,3117.01386,-0.3688,22.9032,6.114813180441644,2.27792880013234,0.0
20.67039,15.82634,52.20298,3113.69283,-0.42019,22.91381,6.129465606023346,2.2833872141900433,0.0
20.70874,15.84367,52.16666,3110.37556,-0.47127,22.92444,6.147733060571754,2.2901923216549824,0.0
20.74705,15.86099,52.12624,3107.05994,-0.52195,22.9351,6.169606420953629,2.2983407239199796,0.0
20.78531,15.87832,52.08176,3103.74386,-0.57211,22.94579,6.195075198508667,2.3078285136830994,0.0
20.82353,15.89563,52.03329,3100.42515,-0.62167,22.95651,6.224127267469182,2.318651173776831,0.0
20.86171,15.91294,51.98087,3097.10167,-0.67053,22.96725,6.256748551720091,2.33080346047794,0.0
20.89984,15.93024,51.92458,3093.77122,-0.71857,22.97801,6.292922670359648,2.344279271469519,0.0
20.93793,15.94753,51.8645,3090.43161,-0.76571,22.9888,6.332630542644719,2.3590714986727073,0.0
20.97597,15.96482,51.80071,3087.08063,-0.81184,22.99961,6.375849953148911,2.375171866256649,0.0
21.01397,15.9821,51.73331,3083.71606,-0.85687,23.01045,6.422555078172336,2.3925707542136734,0.0
21.05192,15.99937,51.6624,3080.33567,-0.90069,23.02132,6.472715974807429,2.411257008022868,0.0
21.08983,16.01664,51.58808,3076.93722,-0.94321,23.0322,6.526298034407877,2.4312177350528725,0.0
21.1277,16.0339,51.51049,3073.51846,-0.98433,23.04312,6.583261402683644,2.4524380885320185,0.0
21.16551,16.05115,51.42973,3070.07716,-1.02395,23.05405,6.643560369171626,2.474901040110086,0.0
21.20329,16.0684,51.34594,3066.61108,-1.06199,23.06501,6.7071427294066925,2.4985871422502317,0.0
21.24102,16.08564,51.25926,3063.11798,-1.09834,23.07599,6.7739491238127005,2.523474281948497,0.0
21.2787,16.10287,51.16985,3059.59564,-1.13291,23.08699,6.843912358052542,2.54953742754632,0.0
21.31633,16.12009,51.07784,3056.04187,-1.16562,23.09801,6.916956710388399,2.5767483707040055,0.0
21.35392,16.1373,50.9834,3052.45447,-1.19637,23.10906,6.992997232464388,2.605075465923861,0.0
21.39146,16.15451,50.88669,3048.8313,-1.22509,23.12012,7.071939050853489,2.63448337035805,0.0
21.42895,16.17171,50.7879,3045.17024,-1.25167,23.13121,7.15367667761918,2.664932786974665,0.0
21.4664,16.1889,50.6872,3041.46921,-1.27606,23.14231,7.2380933391601845,2.6963802145347313,0.0
21.50379,16.20608,50.58477,3037.72617,-1.29816,23.15344,7.325060333560714,2.7287777081882667,0.0
21.54114,16.22325,50.4808,3033.93917,-1.3179,23.16458,7.414436427585029,2.7620726548388888,0.0
21.57844,16.24042,50.3755,3030.10629,-1.33521,23.17574,7.506067305404888,2.7962075677802827,0.0
21.61568,16.25757,50.26905,3026.22569,-1.35003,23.18692,7.599785081916785,2.83111990539407,0.0
21.65288,16.27472,50.16167,3022.29562,-1.3623,23.19812,7.695407894220837,2.8667419189649435,0.0
21.69002,16.29185,50.05356,3018.31441,-1.37196,23.20933,7.792739585381367,2.9030005348731636,0.0
21.72712,16.30897,49.94494,3014.28051,-1.37895,23.22056,7.8915694948944815,2.9398172765382196,0.0
21.76416,16.32609,49.83602,3010.19245,-1.38323,23.2318,7.991672370445283,2.9771082315460653,0.0
21.80114,16.34319,49.72702,3006.04891,-1.38477,23.24305,8.0928084153243,3.0147840693129937,0.0
21.83808,16.36028,49.61815,3001.84868,-1.38354,23.25432,8.194723485412942,3.0527501144678935,0.0
21.87496,16.37736,49.50965,2997.59068,-1.3795,23.26561,8.297149448775409,3.0909064808097044,0.0
21.91178,16.39443,49.40173,2993.27401,-1.37264,23.2769,8.399804719695721,3.129148270250257,0.0
21.94855,16.41148,49.29462,2988.89789,-1.36296,23.28821,8.502394977338975,3.167365840534503,0.0
21.98526,16.42853,49.18853,2984.46174,-1.35044,23.29952,8.60461407715899,3.2054451447638432,0.0
22.02192,16.44556,49.08368,2979.96514,-1.33511,23.31085,8.706145160720096,3.243268144833943,0.0
22.05851,16.46257,48.9803,2975.40784,-1.31697,23.32219,8.80666196665017,3.2807132997992317,0.0
22.09505,16.47958,48.8786,2970.78981,-1.29606,23.33353,8.905830342216017,3.3176561289745075,0.0
22.13153,16.49657,48.77878,2966.11118,-1.27241,23.34489,9.003309951341596,3.353969848216664,0.0
22.16795,16.51354,48.68107,2961.37232,-1.24607,23.35625,9.098756171008166,3.3895260763836434,0.0
22.2043,16.5305,48.58565,2956.57378,-1.21708,23.36761,9.191822163858916,3.4241956074341937,0.0
22.2406,16.54745,48.49274,2951.71633,-1.18553,23.37899,9.282161110592655,3.4578492420532565,0.0
22.27683,16.56438,48.4025,2946.80094,-1.15149,23.39036,9.369428581529085,3.490358671122429,0.0
22.31301,16.58129,48.31514,2941.82881,-1.11504,23.40175,9.45328502261606,3.521597401823081,0.0
22.34911,16.59819,48.23082,2936.80133,-1.07629,23.41313,9.533398327277846,3.551441715717505,0.0
22.38516,16.61507,48.1497,2931.72012,-1.03533,23.42452,9.60944646205762,3.5797716468698217,0.0
22.42113,16.63194,48.07195,2926.587,-0.99228,23.43592,9.681120111014694,3.6064719669535332,0.0
22.45705,16.64878,47.9977,2921.40397,-0.94728,23.44731,9.74812530154254,3.631433163437826,0.0
22.49289,16.66561,47.9271,2916.17325,-0.90045,23.45871,9.810185972648855,3.6545523963394597,0.0
22.52867,16.68243,47.86026,2910.89721,-0.85193,23.4701,9.867046446069889,3.6757344187778904,0.0
22.56439,16.69922,47.79729,2905.57844,-0.80189,23.4815,9.918473760685162,3.694892446606165,0.0
22.60003,16.716,47.73829,2900.21965,-0.75048,23.4929,9.964259831904299,3.7119489628393314,0.0
22.63561,16.73275,47.68336,2894.82371,-0.69785,23.5043,10.00422339970487,3.7268364433497965,0.0
22.67111,16.74949,47.63254,2889.39366,-0.64419,23.5157,10.038211732105767,3.7394979914559787,0.0
22.70655,16.76621,47.58592,2883.9326,-0.58967,23.5271,10.066102054684666,3.7498878704551704,0.0
22.74192,16.78291,47.54352,2878.44379,-0.53446,23.53849,10.08780268150617,3.757971924924036,0.0
22.77722,16.79959,47.50537,2872.93056,-0.47876,23.54989,10.10325382812185,3.7637278835825128,0.0
22.81245,16.81625,47.4715,2867.39629,-0.42274,23.56128,10.112428093211811,3.767145538717965,0.0
22.84761,16.83289,47.4419,2861.84443,-0.36659,23.57268,10.115330601663372,3.768226799485765,0.0
22.88269,16.8495,47.41656,2856.27849,-0.3105,23.58407,10.111998808236672,3.766985618769558,0.0
22.91771,16.8661,47.39545,2850.70195,-0.25465,23.59545,10.102501967363802,3.763447795667491,0.0
22.95265,16.88268,47.37854,2845.11833,-0.19924,23.60684,10.086940280834023,3.7576506579825346,0.0
22.98752,16.89924,47.36575,2839.5311,-0.14443,23.61823,10.065443740826284,3.749642631221643,0.0
23.02233,16.91578,47.35704,2833.94372,-0.09042,23.62961,10.03817069111198,3.7394827026059385,0.0
23.05706,16.93229,47.35231,2828.35959,-0.03737,23.64099,10.005306133764954,3.7272397902756254,0.0
23.09171,16.94879,47.35147,2822.78205,0.01454,23.65237,9.967059812570726,3.7129920293095013,0.0
23.1263,16.96526,47.35442,2817.21433,0.06515,23.66375,9.923664107255778,3.6968259872699556,0.0
23.16082,16.98171,47.36104,2811.65961,0.1143,23.67512,9.875371774769977,3.678835822771256,0.0
23.19526,16.99815,47.3712,2806.12093,0.16185,23.6865,9.822453574894519,3.6591224009560106,0.0
23.22963,17.01456,47.38477,2800.60122,0.20765,23.69787,9.765195817814881,3.637792379901586,0.0
23.26394,17.03095,47.4016,2795.10328,0.25156,23.70925,9.703897870612252,3.614957281722549,0.0
23.29817,17.04732,47.42153,2789.62979,0.29346,23.72062,9.638869658262866,3.590732561627161,0.0
23.33233,17.06367,47.44441,2784.18325,0.33323,23.732,9.570429192710565,3.5652366874319013,0.0
23.36643,17.08,47.47005,2778.76604,0.37076,23.74337,9.498900160879785,3.53859024103284,0.0
23.40045,17.09631,47.49829,2773.38038,0.40596,23.75475,9.424609599400293,3.510915052179414,0.0
23.4344,17.1126,47.52894,2768.02832,0.43874,23.76613,9.347885680378106,3.482333373615844,0.0
23.46829,17.12887,47.56182,2762.71174,0.46902,23.77751,9.269055628816925,3.452967105265818,0.0
23.50211,17.14512,47.59672,2757.43239,0.49672,23.78889,9.188443788551622,3.422937073741823,0.0
23.53585,17.16135,47.63347,2752.19182,0.52179,23.80027,9.106369849703436,3.3923623720255747,0.0
23.56954,17.17756,47.67185,2746.99144,0.54419,23.81166,9.023147246964665,3.3613597627869187,0.0
23.60315,17.19375,47.71167,2741.83248,0.56386,23.82305,8.939081734508642,3.3300431475002963,0.0
23.6367,17.20992,47.75273,2736.71603,0.58078,23.83445,8.854470139946445,3.2985231022608383,0.0
23.67019,17.22607,47.79482,2731.64302,0.59493,23.84585,8.769599296797557,3.2669064801015986,0.0
23.7036,17.24221,47.83775,2726.61421,0.6063,23.85726,8.684745152223396,3.2352960786008103,0.0
23.73696,17.25832,47.88131,2721.63022,0.61487,23.86867,8.60017204441224,3.203790370688763,0.0
23.77025,17.27442,47.92531,2716.69154,0.62066,23.88009,8.516132142074936,3.1724832958452063,0.0
23.80347,17.2905,47.96953,2711.7985,0.62367,23.89152,8.43286503686194,3.1414641082639707,0.0
23.83664,17.30657,48.01379,2706.95131,0.62393,23.90295,8.350597478236981,3.110817278086432,0.0
23.86974,17.32261,48.0579,2702.15005,0.62147,23.9144,8.269543239455443,3.0806224414749344,0.0
23.90278,17.33864,48.10166,2697.39466,0.6163,23.92585,8.189903102629918,3.0509543950493136,0.0
23.93576,17.35465,48.14488,2692.68497,0.60849,23.93731,8.11186495054972,3.0218831300920814,0.0
23.96868,17.37064,48.18739,2688.02072,0.59806,23.94878,8.035603952809936,2.993473901886399,0.0
24.00154,17.38662,48.22899,2683.40152,0.58508,23.96027,7.961282833939787,2.9657873296009405,0.0
24.03434,17.40258,48.26953,2678.82687,0.5696,23.97176,7.889052211530831,2.938879522251548,0.0
24.06708,17.41853,48.30883,2674.2962,0.55169,23.98326,7.819050992787102,2.9128022264265945,0.0
24.09976,17.43446,48.34673,2669.80883,0.5314,23.99478,7.751406818522775,2.8876029916877908,0.0
24.13238,17.45038,48.38306,2665.364,0.50882,24.00631,7.686236544278516,2.863325349798689,0.0
24.16495,17.46628,48.41769,2660.96088,0.48402,24.01785,7.6236467489516855,2.840009004202816,0.0
24.19746,17.48216,48.45045,2656.59854,0.45707,24.02941,7.563734262086188,2.8176900264530147,0.0
24.22992,17.49803,48.48122,2652.276,0.42806,24.04098,7.506586701769944,2.796401056592407,0.0
24.26232,17.51389,48.50985,2647.9922,0.39708,24.05256,7.452283015837729,2.776171504766688,0.0
24.29466,17.52973,48.53623,2643.74602,0.36421,24.06416,7.400894019866752,2.757027751641638,0.0
24.32695,17.54555,48.56023,2639.53628,0.32954,24.07577,7.35248292618794,2.7389933454737454,0.0
24.35919,17.56137,48.58174,2635.36174,0.29318,24.0874,7.307105858824073,2.7220891939382064,0.0
24.39137,17.57717,48.60065,2631.22111,0.25521,24.09904,7.264812349944661,2.7063337490714328,0.0
24.4235,17.59295,48.61687,2627.11305,0.21573,24.1107,7.225645814046817,2.691743183915905,0.0
24.45558,17.60873,48.6303,2623.03617,0.17485,24.12238,7.189643996617321,2.678331559658591,0.0
24.4876,17.62449,48.64085,2618.98903,0.13266,24.13407,7.156839394586025,2.666110982260906,0.0
24.51957,17.64023,48.64846,2614.97016,0.08926,24.14578,7.127259646286912,2.655091747729469,0.0
24.55149,17.65596,48.65305,2610.97805,0.04477,24.1575,7.100927889138881,2.6452824753615984,0.0
24.58336,17.67169,48.65456,2607.01113,-0.00072,24.16925,7.077863083545637,2.6366902284065556,0.0
24.61517,17.68739,48.65294,2603.06781,-0.0471,24.18101,7.058080301918648,2.629320621734191,0.0
24.64694,17.70309,48.64813,2599.14647,-0.09425,24.19279,7.041590981959013,2.6231779161891073,0.0
24.67865,17.71877,48.6401,2595.24546,-0.14208,24.20458,7.028403143615562,2.618265099413262,0.0
24.71032,17.73444,48.62881,2591.36307,-0.19048,24.2164,7.018521569334087,2.6145839529935455,0.0
24.74193,17.7501,48.61425,2587.49759,-0.23933,24.22823,7.011947947450616,2.6121351058795512,0.0
24.7735,17.76575,48.59639,2583.64728,-0.28852,24.24008,7.008680978690903,2.610918074057436,0.0
24.80501,17.78138,48.57522,2579.81036,-0.33796,24.25194,7.008716445961246,2.6109312865488397,0.0
24.83648,17.797,48.55074,2575.98504,-0.38752,24.26383,7.012047247693602,2.61217209783281,0.0
24.86789,17.81261,48.52295,2572.16949,-0.43709,24.27573,7.018663395212515,2.614636786864923,0.0
24.89926,17.82821,48.49187,2568.36187,-0.48657,24.28765,7.028551974668496,2.6183205428964604,0.0
24.93057,17.8438,48.45753,2564.56032,-0.53585,24.29959,7.041697074248996,2.6232174383585827,0.0
24.96184,17.85937,48.41993,2560.76297,-0.58482,24.31155,7.058079677527359,2.629320389132007,0.0
24.99305,17.87493,48.37913,2556.9679,-0.63336,24.32352,7.0776775239305385,2.636621102567565,0.0
25.02422,17.89048,48.33515,2553.17323,-0.68137,24.33551,7.10046493751247,2.6451100136997705,0.0
25.05534,17.90602,48.28806,2549.37702,-0.72874,24.34752,7.126412625394998,2.6547762101607693,0.0
25.08641,17.92155,48.2379,2545.57733,-0.77537,24.35955,7.155487447428035,2.6656073463726844,0.0
25.11743,17.93706,48.18474,2541.77224,-0.82113,24.37159,7.187652158877492,2.6775895476920994,0.0
25.1484,17.95256,48.12864,2537.9598,-0.86594,24.38365,7.222865128203972,2.6907073052751977,0.0
25.17932,17.96805,48.0697,2534.13805,-0.90968,24.39573,7.261080032251362,2.70494336252749,0.0
25.21019,17.98353,48.00798,2530.30506,-0.95225,24.40782,7.302245531532961,2.720278594139359,0.0
25.24101,17.99899,47.94357,2526.45888,-0.99354,24.41993,7.346304928589749,2.7366918788155195,0.0
25.27178,18.01445,47.87658,2522.59757,-1.03347,24.43205,7.393195812788101,2.7541599669528223,0.0
25.3025,18.02989,47.80711,2518.71922,-1.07192,24.44419,7.442849695331411,2.772657344672484,0.0
25.33318,18.04531,47.73527,2514.82191,-1.1088,24.45634,7.49519163864037,2.7921560957544846,0.0
25.36379,18.06073,47.66116,2510.90376,-1.14402,24.46851,7.550139884726097,2.8126257631967855,0.0
25.39436,18.07613,47.58491,2506.9629,-1.17749,24.48069,7.607605487577214,2.834033212269837,0.0
25.42488,18.09152,47.50665,2502.9975,-1.20911,24.49289,7.66749195508185,2.856342497123107,0.0
25.45535,18.10689,47.42651,2499.00576,-1.2388,24.5051,7.729694906395211,2.879514733145483,0.0
25.48576,18.12225,47.34462,2494.98591,-1.26647,24.51732,7.794101751099795,2.903507977444016,0.0
25.51613,18.1376,47.26112,2490.93624,-1.29206,24.52955,7.860591396926992,2.9282771199625173,0.0
25.54644,18.15293,47.17616,2486.85507,-1.31548,24.5418,7.929033993100969,2.9537737878704107,0.0
25.57669,18.16825,47.08989,2482.74081,-1.33666,24.55406,7.999290716728723,2.979946265987402,0.0
25.6069,18.18356,47.00247,2478.59189,-1.35553,24.56632,8.071213609811393,3.006739436065907,0.0
25.63705,18.19885,46.91405,2474.40685,-1.37204,24.5786,8.144645474627865,3.034094737818688,0.0
25.66715,18.21412,46.82478,2470.18428,-1.38613,24.59089,8.219419835250056,3.0619501545822905,0.0
25.69719,18.22938,46.73484,2465.92285,-1.39774,24.60318,8.295360972834823,3.0902402264642013,0.0
25.72718,18.24463,46.64438,2461.62135,-1.40684,24.61548,8.372284042108372,3.1188960937363626,0.0
25.75711,18.25986,46.55358,2457.27861,-1.41338,24.62779,8.449995276053867,3.1478455730866837,0.0
25.78699,18.27507,46.46261,2452.89363,-1.41734,24.64011,8.528292285222767,3.1770132691203954,0.0
25.81681,18.29027,46.37163,2448.46545,-1.41868,24.65244,8.606964457393515,3.2063207232434285,0.0
25.84657,18.30545,46.28081,2443.99328,-1.4174,24.66477,8.68579346229302,3.235686601684443,0.0
25.87628,18.32061,46.19032,2439.47642,-1.41347,24.6771,8.764553865037565,3.2650269240177026,0.0
25.90593,18.33576,46.10034,2434.91431,-1.40691,24.68944,8.84301385055869,3.2942553330307853,0.0
25.93552,18.35089,46.01103,2430.3065,-1.39771,24.70179,8.920936059894663,3.323283406265156,0.0
25.96506,18.366,45.92255,2425.6527,-1.38589,24.71413,8.998078537440513,3.3520210088917266,0.0
25.99453,18.3811,45.83508,2420.95276,-1.37147,24.72648,9.074195786555482,3.380376686952412,0.0
26.02394,18.39617,45.74877,2416.20666,-1.35449,24.73883,9.149039928926364,3.4082580992534695,0.0
26.0533,18.41123,45.66379,2411.41454,-1.33499,24.75118,9.222361961145452,3.4355724854738567,0.0
26.08259,18.42627,45.58028,2406.57668,-1.313,24.76354,9.293913099874999,3.4622271672743765,0.0
26.11182,18.44129,45.4984,2401.69352,-1.2886,24.77589,9.363446204932979,3.488130078434577,0.0
26.14099,18.45629,45.4183,2396.76566,-1.26186,24.78824,9.430717267661532,3.5131903193091487,0.0
26.1701,18.47127,45.34011,2391.79383,-1.23284,24.80059,9.495486950049884,3.5373187301917195,0.0
26.19914,18.48623,45.26396,2386.77894,-1.20163,24.81294,9.5575221583568,3.560428477530611,0.0
26.22812,18.50117,45.18999,2381.72204,-1.16833,24.82529,9.616597633513656,3.5824356463958402,0.0
26.25704,18.51608,45.11831,2376.62431,-1.13303,24.83763,9.672497539288974,3.6032598321121867,0.0
26.28589,18.53098,45.04904,2371.4871,-1.09586,24.84997,9.725017028364736,3.622824723663832,0.0
26.31468,18.54586,44.98228,2366.31189,-1.05692,24.86231,9.773963765881327,3.6410586712549358,0.0
26.3434,18.56071,44.91813,2361.1003,-1.01634,24.87464,9.81915938984047,3.657895230348152,0.0
26.37205,18.57554,44.85667,2355.85406,-0.97426,24.88697,9.860440888070341,3.6732736746203676,0.0
26.40064,18.59035,44.79798,2350.57505,-0.93081,24.89929,9.897661872094002,3.687139470512213,0.0
26.42917,18.60514,44.74213,2345.26524,-0.88614,24.91161,9.93069372939627,3.69944470647778,0.0
26.45762,18.6199,44.68918,2339.92671,-0.8404,24.92392,9.959426637141682,3.7101484706212493,0.0
26.48601,18.63465,44.63919,2334.56163,-0.79373,24.93622,9.983770422246419,3.719217171096299,0.0
26.51434,18.64936,44.59218,2329.17227,-0.74631,24.94852,10.003655255095465,3.7266247945340094,0.0
26.54259,18.66406,44.54818,2323.76096,-0.69829,24.96081,10.019032166647955,3.732353098678204,0.0
26.57078,18.67873,44.50722,2318.33009,-0.64984,24.97309,10.029873381583455,3.7363917364912105,0.0
26.59889,18.69338,44.4693,2312.88212,-0.60112,24.98536,10.036172463038346,3.7387383100719656,0.0
26.62694,18.708,44.43442,2307.41952,-0.55229,24.99763,10.037944267596362,3.7393983538888103,0.0
26.65492,18.7226,44.40257,2301.94482,-0.50353,25.00989,10.035224712239335,3.7383852479625093,0.0
26.68283,18.73718,44.37372,2296.46055,-0.45501,25.02214,10.028070358024879,3.7357200627752363,0.0
26.71067,18.75173,44.34785,2290.96924,-0.40688,25.03439,10.016557818067923,3.7314313387281133,0.0
26.73845,18.76625,44.3249,2285.47342,-0.3593,25.04663,10.000783000150227,3.7255548039933317,0.0
26.76615,18.78075,44.30483,2279.97561,-0.31245,25.05886,9.980860196613822,3.7181330354755113,0.0
26.79378,18.79523,44.28758,2274.4783,-0.26648,25.07108,9.95692103632231,3.709215068389707,0.0
26.82135,18.80968,44.27307,2268.98392,-0.22153,25.08329,9.929113315192968,3.6988559606038507,0.0
26.84884,18.82411,44.26123,2263.49487,-0.17776,25.0955,9.897599723101907,3.687116318377419,0.0
26.87627,18.83851,44.25197,2258.01349,-0.13531,25.1077,9.862556485908788,3.674061790479919,0.0
26.90363,18.85289,44.2452,2252.54206,-0.09432,25.11989,9.824171941897081,3.659762537877422,0.0
26.93091,18.86724,44.24081,2247.08277,-0.05491,25.13207,9.782645071991977,3.644292686200064,0.0
26.95813,18.88157,44.2387,2241.63773,-0.01721,25.14425,9.738184002903138,3.627729768123337,0.0
26.98528,18.89588,44.23875,2236.20898,0.01866,25.15642,9.691004501711266,3.610154162561979,0.0
27.01237,18.91015,44.24085,2230.79845,0.05261,25.16859,9.641328479478425,3.5916485372254363,0.0
27.03938,18.92441,44.24486,2225.40797,0.08451,25.18075,9.589382520296207,3.572297300649615,0.0
27.06633,18.93864,44.25065,2220.03927,0.1143,25.1929,9.535396450761388,3.5521860692889167,0.0
27.09321,18.95284,44.2581,2214.69399,0.14187,25.20505,9.47960196322075,3.531401154638709,0.0
27.12002,18.96702,44.26706,2209.37363,0.16716,25.2172,9.422231304508196,3.5100290747554035,0.0
27.14676,18.98118,44.27739,2204.0796,0.1901,25.22934,9.363516039985804,3.4881560938292244,0.0
27.17344,18.99531,44.28895,2198.81319,0.21063,25.24148,9.303685900965759,3.4658677928185564,0.0
27.20005,19.00942,44.30159,2193.57558,0.22869,25.25361,9.24296772171418,3.4432486734558982,0.0
27.22659,19.0235,44.31516,2188.36782,0.24426,25.26574,9.181584470498898,3.420381797287663,0.0
27.25307,19.03756,44.32953,2183.19088,0.25729,25.27787,9.119754377442598,3.397348460776533,0.0
27.27949,19.0516,44.34452,2178.04558,0.26777,25.29,9.057690160371394,3.3742279069096774,0.0
27.30584,19.06561,44.36001,2172.93265,0.27567,25.30212,8.995598348407446,3.3510970732192087,0.0
27.33212,19.0796,44.37584,2167.8527,0.28099,25.31425,8.933678701722188,3.3280303756249934,0.0
27.35834,19.09357,44.39186,2162.80624,0.28372,25.32637,8.872123724758797,3.3050995270972114,0.0
27.3845,19.10751,44.40792,2157.79367,0.28388,25.33849,8.811118269202431,3.2823733897523253,0.0
27.41059,19.12143,44.42388,2152.81527,0.28148,25.35062,8.750839222178152,3.2599178586986,0.0
27.43662,19.13533,44.4396,2147.87124,0.27654,25.36274,8.691455274464962,3.2377957756897358,0.0
27.46259,19.1492,44.45494,2142.96168,0.26909,25.37487,8.633126763011264,3.2160668704577304,0.0
27.4885,19.16306,44.46975,2138.08659,0.25917,25.387,8.57600558164456,3.1947877274498984,0.0
27.51435,19.17689,44.48391,2133.24587,0.24681,25.39913,8.52023515363842,3.174011775609335,0.0
27.54013,19.1907,44.49727,2128.43934,0.23207,25.41126,8.465950459650662,3.1537892987826344,0.0
27.56585,19.20449,44.50973,2123.66674,0.21499,25.4234,8.413278114545278,3.134167464338071,0.0
27.59152,19.21825,44.52114,2118.9277,0.19565,25.43554,8.362336486672904,3.115190367600714,0.0
27.61712,19.232,44.53139,2114.22181,0.17409,25.44768,8.313235853345805,3.0968990897709543,0.0
27.64267,19.24572,44.54037,2109.54856,0.15039,25.45983,8.266078586418196,3.079331767058051,0.0
27.66815,19.25943,44.54797,2104.90737,0.12462,25.47198,8.220959362218561,3.062523668885451,0.0
27.69358,19.27311,44.55407,2100.29759,0.09686,25.48414,8.177965390333329,3.0465072831187188,0.0
27.71895,19.28677,44.55859,2095.7185,0.06719,25.49631,8.137176656100763,3.0313124064009,0.0
27.74426,19.30041,44.56142,2091.16932,0.03569,25.50848,8.098666172047382,3.0169662378191973,0.0
27.76952,19.31403,44.56247,2086.64922,0.00247,25.52066,8.062500233856353,3.0034934742599346,0.0
27.79471,19.32763,44.56166,2082.15729,-0.03241,25.53284,8.028738676854747,2.9909164059568085,0.0
27.81985,19.34121,44.55891,2077.69259,-0.06883,25.54503,7.997435129371918,2.9792550108735503,0.0
27.84494,19.35477,44.55415,2073.25409,-0.1067,25.55723,7.968637259709633,2.968527046706796,0.0
27.86997,19.36832,44.5473,2068.84076,-0.14593,25.56944,7.942387013816265,2.9587481394259787,0.0
27.89494,19.38184,44.53832,2064.45148,-0.1864,25.58165,7.918720841135291,2.949931867407836,0.0
27.91986,19.39534,44.52714,2060.0851,-0.22802,25.59387,7.8976699064034275,2.9420898403367888,0.0
27.94472,19.40882,44.51371,2055.74043,-0.27067,25.6061,7.879260285546047,2.9352317721811376,0.0
27.96952,19.42228,44.49799,2051.41624,-0.31426,25.61834,7.863513144078346,2.929365547652191,0.0
27.99428,19.43573,44.47994,2047.11126,-0.35867,25.63059,7.850444896749251,2.9244972816758223,0.0
0.04673,0.04673,58.69622,4942.6747,-0.48533,45.0001,6.196879393539541,2.308500623803329,0.0
0.09343,0.09343,58.63443,4939.31971,-0.46994,45.00025,6.242486887837687,2.3254906154347847,0.0
0.1401,0.1401,58.57471,4935.93571,-0.45386,45.00044,6.286514201896155,2.341891948349916,0.0
0.18673,0.18674,58.51716,4932.52342,-0.43712,45.00068,6.32884923439007,2.3576628618556428,0.0
0.23334,0.23334,58.46185,4929.08368,-0.41974,45.00096,6.369382954818669,2.3727627392216672,0.0
0.27991,0.27991,58.40886,4925.61735,-0.40176,45.00129,6.408009994922927,2.387152327999096,0.0
0.32645,0.32646,58.35826,4922.12538,-0.38321,45.00166,6.44462923624817,2.4007939589029763,0.0
0.37295,0.37297,58.31012,4918.60879,-0.36413,45.00208,6.479144388248653,2.4136517611714616,0.0
0.41943,0.41944,58.2645,4915.06864,-0.34456,45.00254,6.511464551214977,2.425691872271085,0.0
0.46586,0.46589,58.22147,4911.50606,-0.32453,45.00305,6.5415047583196495,2.436882639822994,0.0
0.51227,0.5123,58.18106,4907.92224,-0.30408,45.0036,6.569186491095448,2.447194813632204,0.0
0.55864,0.55868,58.14334,4904.31843,-0.28326,45.0042,6.594438162841936,2.4566017257692407,0.0
0.60498,0.60503,58.10834,4900.6959,-0.2621,45.00484,6.6171955646801335,2.46507945673725,0.0
0.65128,0.65134,58.07609,4897.05598,-0.24067,45.00552,6.637402269333477,2.472606985891017,0.0
0.69755,0.69762,58.04664,4893.40006,-0.21898,45.00625,6.655009988064557,2.479166324405307,0.0
0.74378,0.74387,58.01999,4889.72953,-0.1971,45.00702,6.66997887677362,2.4847426293045993,0.0
0.78998,0.79008,57.99618,4886.04584,-0.17508,45.00784,6.6822777877595,2.4893242972506635,0.0
0.83614,0.83626,57.97521,4882.35045,-0.15294,45.00869,6.691884464305054,2.4929030370307546,0.0
0.88227,0.88241,57.95708,4878.64486,-0.13076,45.0096,6.698785675898258,2.4954739199310283,0.0
0.92836,0.92852,57.9418,4874.93056,-0.10856,45.01054,6.702977292647953,2.497035407458364,0.0
0.97441,0.9746,57.92937,4871.20908,-0.08641,45.01153,6.704464298164431,2.497589356138722,0.0
1.02043,1.02064,57.91976,4867.48193,-0.06434,45.01256,6.703260740926182,2.4971409993999774,0.0
1.06641,1.06666,57.91296,4863.75065,-0.04241,45.01364,6.699389624918168,2.495698906831799,0.0
1.11236,1.11263,57.90895,4860.01676,-0.02065,45.01475,6.692882741044616,2.4932749213824827,0.0
1.15825,1.1586,57.90669,4856.28358,-0.01498,45.07508,6.684732745134168,2.4902388334665426,29.999999488255167
1.20405,1.20458,57.90514,4852.55374,-0.00952,45.13542,6.675927475210577,2.4869586387394103,29.999999488255167
1.24977,1.25058,57.90426,4848.82765,-0.0043,45.19578,6.666499146877517,2.4834463383610967,29.999999488255167
1.29541,1.29659,57.90403,4845.10571,0.00069,45.25614,6.6564807861248685,2.479714235381799,29.999999488255167
1.34096,1.34261,57.90442,4841.38829,0.00541,45.3165,6.645906385035084,2.475774992746617,29.999999488255167
1.38643,1.38865,57.9054,4837.67577,0.00988,45.37685,6.6348108006345425,2.471641595615019,29.999999488255167
1.43182,1.4347,57.90692,4833.96849,0.01408,45.4372,6.6232296536271855,2.4673273136364617,29.999999488255167
1.47712,1.48076,57.90895,4830.26679,0.01801,45.49753,6.611199227462063,2.4628456633503903,29.999999488255167
1.52234,1.52684,57.91146,4826.57096,0.02165,45.55784,6.598756368209007,2.4582103708872967,29.999999488255167
1.56748,1.57293,57.91441,4822.88132,0.02501,45.61814,6.585938385694127,2.453435335139085,29.999999488255167
1.61253,1.61903,57.91776,4819.19812,0.02807,45.6784,6.572782956265487,2.448534591536737,29.999999488255167
1.6575,1.66515,57.92148,4815.52162,0.03083,45.73864,6.559328027610342,2.4435222765922164,29.999999488255167
1.70239,1.71127,57.92552,4811.85206,0.03329,45.79885,6.545611725934159,2.4384125933202205,29.999999488255167
1.7472,1.75742,57.92985,4808.18965,0.03544,45.85903,6.53167226583782,2.4332197776650655,29.999999488255167
1.79192,1.80357,57.93443,4804.53457,0.03727,45.91917,6.517547863158428,2.4279580660315907,29.999999488255167
1.83656,1.84974,57.93922,4800.88701,0.0388,45.97927,6.50327665102622,2.422641664014153,29.999999488255167
1.88112,1.89592,57.94417,4797.24711,0.04001,46.03934,6.488896599346831,2.41728471640165,29.999999488255167
1.92559,1.94211,57.94925,4793.615,0.0409,46.09937,6.474445437881118,2.4119012785227296,29.999999488255167
1.96999,1.98832,57.95442,4789.99079,0.04147,46.15935,6.459960583071644,2.406505288986733,29.999999488255167
2.0143,2.03454,57.95964,4786.37457,0.04172,46.2193,6.445479068714424,2.4011105438570937,29.999999488255167
2.05853,2.08077,57.96486,4782.76641,0.04165,46.27921,6.431037480568531,2.3957306722916956,29.999999488255167
2.10268,2.12702,57.97005,4779.16636,0.04126,46.33907,6.416671894929896,2.3903791136599977,29.999999488255167
2.14675,2.17327,57.97517,4775.57445,0.04056,46.3989,6.402417821206142,2.385069096150648,29.999999488255167
2.19073,2.21954,57.98018,4771.99068,0.03954,46.45869,6.388310148464867,2.379813616859313,29.999999488255167
2.23464,2.26582,57.98504,4768.41504,0.03821,46.51844,6.374383095933499,2.3746254233485717,29.999999488255167
2.27846,2.31212,57.98971,4764.8475,0.03657,46.57815,6.360670167378079,2.3695169966528127,29.999999488255167
2.3222,2.35843,57.99415,4761.288,0.03462,46.63783,6.347204109279808,2.364500535697894,29.999999488255167
2.36587,2.40474,57.99833,4757.73649,0.03237,46.69748,6.334016872713964,2.3595879431000406,29.999999488255167
2.40945,2.45108,58.0022,4754.19287,0.02982,46.7571,6.321139578798263,2.354790812294447,29.999999488255167
2.45295,2.49742,58.00574,4750.65703,0.02697,46.81669,6.308602487588571,2.3501204159481146,29.999999488255167
2.49637,2.54378,58.0089,4747.12884,0.02384,46.87626,6.29643497024996,2.345587695592833,29.999999488255167
2.53971,2.59014,58.01165,4743.60818,0.02043,46.93581,6.2846654843624385,2.3412032524259203,29.999999488255167
2.58297,2.63652,58.01396,4740.09487,0.01673,46.99534,6.273321552172339,2.3369773392082887,29.999999488255167
2.62615,2.68292,58.0158,4736.58874,0.01277,47.05486,6.262429741609908,2.3329198531929998,29.999999488255167
2.66924,2.72932,58.01712,4733.08959,0.00855,47.11437,6.252015649891885,2.3290403300167917,29.999999488255167
2.71226,2.77574,58.01791,4729.59723,0.00407,47.17387,6.242103889519349,2.325347938483911,29.999999488255167
2.7552,2.82217,58.01812,4726.11142,-0.00065,47.23338,6.232718076455673,2.321851476162087,29.999999488255167
2.79806,2.86861,58.01773,4722.63192,-0.00561,47.29289,6.223880820320673,2.3185593657295964,29.999999488255167
2.84084,2.91506,58.01672,4719.15849,-0.0108,47.3524,6.2156137163719265,2.3154796519880927,29.999999488255167
2.88354,2.96153,58.01506,4715.69085,-0.01622,47.41193,6.207937339110407,2.312619999480535,29.999999488255167
2.92616,3.008,58.01271,4712.22873,-0.02184,47.47149,6.200871237284231,2.3099876906299555,29.999999488255167
2.9687,3.05449,58.00966,4708.77182,-0.02767,47.53106,6.194433930147759,2.3075896243458756,29.999999488255167
3.01117,3.10099,58.00588,4705.31983,-0.03369,47.59067,6.188642904744006,2.3054323150119287,29.999999488255167
3.05355,3.14751,58.00135,4701.87243,-0.03989,47.65031,6.183514614083499,2.3035218918074416,29.999999488255167
3.09585,3.19403,57.99605,4698.42929,-0.04626,47.71,6.179064476008116,2.301864098284182,29.999999488255167
3.13808,3.24057,57.98997,4694.99008,-0.05279,47.76974,6.175306872619899,2.3004642921535754,29.999999488255167
3.18022,3.28712,57.98307,4691.55444,-0.05947,47.82953,6.1722551500845135,2.299327445213492,29.999999488255167
3.22228,3.33368,57.97535,4688.12201,-0.06629,47.88938,6.169921618695028,2.298458143372003,29.999999488255167
3.26427,3.38025,57.96679,4684.69241,-0.07324,47.9493,6.16831755305677,2.2978605867162445,29.999999488255167
3.30618,3.42684,57.95738,4681.26528,-0.0803,48.0093,6.167453192259944,2.297538589576725,29.999999488255167
3.348,3.47343,57.94711,4677.84021,-0.08746,48.06938,6.167337739948552,2.297495580552998,29.999999488255167
3.38975,3.52004,57.93596,4674.41682,-0.09472,48.12954,6.167979364167627,2.297734602456754,29.999999488255167
3.43142,3.56666,57.92392,4670.9947,-0.10205,48.18981,6.169385196917228,2.2982583121456663,29.999999488255167
3.47301,3.61329,57.911,4667.57344,-0.10946,48.25017,6.171561333324104,2.299068980214822,29.999999488255167
3.51452,3.65994,57.89717,4664.15263,-0.11691,48.31065,6.174512830380704,2.3001684905269664,29.999999488255167
3.55595,3.70659,57.88244,4660.73183,-0.12441,48.37124,6.178243705190059,2.3015583395586754,29.999999488255167
3.5973,3.75326,57.86681,4657.31064,-0.13194,48.43195,6.182756932681219,2.3032396355492946,29.999999488255167
3.63857,3.79994,57.85027,4653.8886,-0.13949,48.4928,6.188054442780214,2.3052130974470506,29.999999488255167
3.67976,3.84663,57.83282,4650.46529,-0.14705,48.55379,6.194137117015901,2.307479053644635,29.999999488255167
3.72087,3.89333,57.81446,4647.04027,-0.15459,48.61492,6.201004784558628,2.3100374405035087,29.999999488255167
3.7619,3.94005,57.7952,4643.6131,-0.16212,48.67621,6.208656217719298,2.3128878006771814,29.999999488255167
3.80285,3.98677,57.77505,4640.18333,-0.16962,48.73766,6.217089126928158,2.3160292812406764,29.999999488255167
3.84372,4.03351,57.754,4636.75051,-0.17707,48.79927,6.226300155237007,2.319460631642464,29.999999488255167
3.88451,4.08026,57.73206,4633.31421,-0.18446,48.86106,6.236284872399761,2.3231802014993095,29.999999488255167
3.92522,4.12702,57.70925,4629.87398,-0.19178,48.92304,6.247037768604866,2.3271859382614375,29.999999488255167
3.96585,4.1738,57.68557,4626.42936,-0.19902,48.9852,6.258552247929293,2.331475384773972,29.999999488255167
4.0064,4.22058,57.66104,4622.97991,-0.20617,49.04757,6.270820621623394,2.3360456767753637,29.999999488255167
4.04687,4.26738,57.63567,4619.52519,-0.21321,49.11013,6.28383410132058,2.3408935403678237,29.999999488255167
4.08725,4.31419,57.60948,4616.06475,-0.22013,49.17291,6.297582792303745,2.3460152895088835,29.999999488255167
4.12756,4.36101,57.58247,4612.59816,-0.22693,49.23591,6.312055686949596,2.3514068235692394,29.999999488255167
4.16778,4.40784,57.55468,4609.12499,-0.23358,49.29913,6.327240658501835,2.357063625013097,29.999999488255167
4.20792,4.45469,57.52611,4605.64479,-0.24007,49.36259,6.3431244553233554,2.3629807572569597,29.999999488255167
4.24798,4.50155,57.49679,4602.15714,-0.24641,49.42629,6.35969269580204,2.369152862771913,29.999999488255167
4.28796,4.54841,57.46674,4598.66163,-0.25257,49.49023,6.376929864078589,2.3755741614921213,29.999999488255167
4.32786,4.59529,57.43598,4595.15784,-0.25854,49.55442,6.394819306774033,2.38223844959574,29.999999488255167
4.36767,4.64219,57.40454,4591.64535,-0.26431,49.61888,6.413343230935029,2.3891390987394887,29.999999488255167
4.4074,4.68909,57.37245,4588.12378,-0.26988,49.68359,6.4324827033798515,2.3962690558150137,29.999999488255167
4.44704,4.736,57.33972,4584.59272,-0.27523,49.74858,6.452217651647815,2.4036208433025696,29.999999488255167
4.4866,4.78293,57.30639,4581.05179,-0.28036,49.81385,6.472526866785898,2.4111865603091167,29.999999488255167
4.52608,4.82987,57.27248,4577.50063,-0.28525,49.8794,6.493388008172445,2.4189578843652697,29.999999488255167
4.56548,4.87682,57.23803,4573.93887,-0.2899,49.94524,6.514777610610526,2.426926074067766,29.999999488255167
4.60479,4.92378,57.20306,4570.36615,-0.29429,50.01137,6.53667109389359,2.435081972642921,29.999999488255167
4.64401,4.97076,57.16762,4566.78215,-0.29842,50.07779,6.559042775096293,2.4434160125252875,29.999999488255167
4.68315,5.01774,57.13172,4563.18652,-0.30228,50.14453,6.5818658837586765,2.451918221014156,29.999999488255167
4.72221,5.06474,57.0954,4559.57896,-0.30587,50.21157,6.605112580234678,2.4605782271088623,29.999999488255167
4.76118,5.11175,57.05871,4555.95918,-0.30917,50.27892,6.628753977365664,2.4693852695827507,29.999999488255167
4.80006,5.15877,57.02166,4552.32687,-0.31219,50.34659,6.6527601657009745,2.4783282063784835,29.999999488255167
4.83886,5.2058,56.98431,4548.68179,-0.31491,50.41457,6.677100242443365,2.487395525390987,29.999999488255167
4.87757,5.25284,56.94668,4545.02367,-0.31732,50.48288,6.701742344309823,2.4965753567089637,29.999999488255167
4.91619,5.29989,56.9088,4541.35227,-0.31944,50.55152,6.726653684439068,2.5058554863639144,29.999999488255167
4.95473,5.34696,56.87073,4537.66738,-0.32124,50.62049,6.7518005935190075,2.515223371651191,29.999999488255167
4.99317,5.39404,56.83249,4533.9688,-0.32273,50.68979,6.7771485652287975,2.524666158058363,29.999999488255167
5.03153,5.44112,56.79413,4530.25634,-0.32391,50.75942,6.802662306117915,2.534170697846484,29.999999488255167
5.06981,5.48822,56.75567,4526.52985,-0.32476,50.82939,6.828305789982335,2.5437235703066485,29.999999488255167
5.10799,5.53533,56.71717,4522.78917,-0.32529,50.8997,6.854042316784294,2.553311103709153,29.999999488255167
5.14608,5.58246,56.67865,4519.0342,-0.3255,50.97035,6.879834576148113,2.5629193989573626,29.999999488255167
5.18409,5.62959,56.64016,4515.26481,-0.32539,51.04134,6.905644715403144,2.5725343549354966,29.999999488255167
5.222,5.67673,56.60174,4511.48094,-0.32495,51.11267,6.931434412145932,2.582141695539946,29.999999488255167
5.25983,5.72389,56.56342,4507.68252,-0.32419,51.18434,6.957164951214598,2.591726998354252,29.999999488255167
5.29756,5.77105,56.52524,4503.86952,-0.32311,51.25635,6.982797305995662,2.6012757249380427,29.999999488255167
5.3352,5.81823,56.48723,4500.04192,-0.3217,51.3287,7.00829222387756,2.6107732526607115,29.999999488255167
5.37276,5.86542,56.44945,4496.19972,-0.31998,51.40139,7.033610315679034,2.6202049080158476,29.999999488255167
5.41022,5.91262,56.41192,4492.34297,-0.31795,51.47442,7.058712148812343,2.629556001326985,29.999999488255167
5.44758,5.95982,56.37467,4488.4717,-0.3156,51.54779,7.083558343915761,2.638811862745746,29.999999488255167
5.48486,6.00704,56.33776,4484.586,-0.31294,51.62148,7.108109674658798,2.6479578794319174,29.999999488255167
5.52204,6.05427,56.3012,4480.68596,-0.30998,51.69552,7.132327170359593,2.6569795337811253,29.999999488255167
5.55913,6.10151,56.26505,4476.77171,-0.30673,51.76988,7.156172221040515,2.665862442560811,29.999999488255167
5.59613,6.14876,56.22932,4472.84339,-0.30319,51.84456,7.1796066845084,2.674592396800442,29.999999488255167
5.63303,6.19602,56.19405,4468.90116,-0.29936,51.91957,7.202592995017083,2.683155402271155,29.999999488255167
5.66984,6.24329,56.15928,4464.94523,-0.29525,51.9949,7.2250942730082315,2.6915377203671134,29.999999488255167
5.70656,6.29058,56.12504,4460.9758,-0.29088,52.07054,7.247074435464187,2.699725909214838,29.999999488255167
5.74318,6.33787,56.09135,4456.9931,-0.28625,52.14649,7.268498306289476,2.707706864793225,29.999999488255167
5.7797,6.38517,56.05824,4452.99739,-0.28137,52.22275,7.289331726216488,2.7154678618763053,29.999999488255167
5.81613,6.43248,56.02575,4448.98895,-0.27625,52.29931,7.30954166164839,2.722996594580094,29.999999488255167
5.85246,6.4798,55.9939,4444.96808,-0.27091,52.37616,7.3290963118410035,2.730281216290654,29.999999488255167
5.8887,6.52712,55.96271,4440.93509,-0.26534,52.45329,7.347965213871948,2.737310378767874,29.999999488255167
5.92484,6.57446,55.93221,4436.89033,-0.25957,52.53071,7.366119344768069,2.7440732701906096,29.999999488255167
5.96089,6.62181,55.90242,4432.83415,-0.2536,52.60841,7.383531220232139,2.7505596519349917,29.999999488255167
5.99684,6.66917,55.87335,4428.76692,-0.24745,52.68637,7.400174989375532,2.7567598938648286,29.999999488255167
6.03269,6.71653,55.84504,4424.68903,-0.24113,52.76459,7.416026524884382,2.7626650079208757,29.999999488255167
6.06844,6.76391,55.81749,4420.6009,-0.23466,52.84307,7.431063508086304,2.768266679810431,29.999999488255167
6.1041,6.81129,55.79073,4416.50295,-0.22804,52.92179,7.4452655083812855,2.7735572985974293,29.999999488255167
6.13966,6.85868,55.76476,4412.39561,-0.2213,53.00075,7.458614056544039,2.7785299840094946,29.999999488255167
6.17512,6.90608,55.73961,4408.27933,-0.21445,53.07995,7.471092711429089,2.7831786112873464,29.999999488255167
6.21048,6.95349,55.71527,4404.15458,-0.20749,53.15936,7.482687119678986,2.7874978334276745,29.999999488255167
6.24575,7.00091,55.69176,4400.02184,-0.20045,53.23899,7.493385068018137,2.7914831006639695,29.999999488255167
6.28091,7.04833,55.66909,4395.88159,-0.19334,53.31882,7.5031765278346185,2.7951306770744218,29.999999488255167
6.31598,7.09577,55.64726,4391.73432,-0.18618,53.39885,7.512053691740203,2.7984376542014915,29.999999488255167
6.35095,7.14321,55.62628,4387.58053,-0.17899,53.47907,7.5200110018897,2.8014019616016106,29.999999488255167
6.38581,7.19066,55.60614,4383.42073,-0.17177,53.55947,7.527045169880668,2.804022374258344,29.999999488255167
6.42058,7.23811,55.58686,4379.25543,-0.16454,53.64003,7.5331551881205545,2.806298516816957,29.999999488255167
6.45525,7.28558,55.56841,4375.08515,-0.15732,53.72076,7.538342332586688,2.8082308646125775,29.999999488255167
6.48983,7.33305,55.55081,4370.91041,-0.15013,53.80165,7.542610156993345,2.8098207414972753,29.999999488255167
6.5243,7.38052,55.53405,4366.73173,-0.14298,53.88267,7.545964478413032,2.8110703144836173,29.999999488255167
6.55867,7.42801,55.51812,4362.54963,-0.13589,53.96383,7.548413354460768,2.8119825852452056,29.999999488255167
6.59294,7.4755,55.50301,4358.36462,-0.12887,54.04512,7.549967052235407,2.8125613785465076,29.999999488255167
6.62711,7.523,55.48871,4354.17724,-0.12193,54.12653,7.550638009207831,2.812811327672675,29.999999488255167
6.66119,7.5705,55.47521,4349.98798,-0.1151,54.20804,7.550440786365089,2.812737856974509,29.999999488255167
6.69516,7.61802,55.46249,4345.79736,-0.10838,54.28966,7.549392013906866,2.8123471616389564,29.999999488255167
6.72903,7.66553,55.45054,4341.60587,-0.1018,54.37137,7.5475103298946475,2.811646184834319,29.999999488255167
6.7628,7.71306,55.43934,4337.41403,-0.09536,54.45316,7.544816312230428,2.810642592370527,29.999999488255167
6.79648,7.76059,55.42888,4333.2223,-0.08908,54.53503,7.541332404437988,2.809344745050711,29.999999488255167
6.83005,7.80812,55.41912,4329.03117,-0.08297,54.61697,7.53708283572479,2.807761668892163,29.999999488255167
6.86352,7.85566,55.41006,4324.8411,-0.07705,54.69897,7.5320935358004775,2.805903023393975,29.999999488255167
6.8969,7.90321,55.40167,4320.65255,-0.07133,54.78103,7.526392045033281,2.8037790680679437,29.999999488255167
6.93017,7.95076,55.39392,4316.46596,-0.06582,54.86313,7.520007420431224,2.801400627414094,29.999999488255167
6.96334,7.99832,55.38678,4312.28175,-0.06054,54.94527,7.512970138055787,2.7987790545672007,29.999999488255167
6.99642,8.04588,55.38024,4308.10035,-0.05549,55.02745,7.505311992394677,2.7959261938104985,29.999999488255167
7.02939,8.09345,55.37426,4303.92215,-0.05068,55.10965,7.497065993281531,2.7928543421755565,29.999999488255167
7.06227,8.14102,55.36881,4299.74753,-0.04613,55.19187,7.488266260903068,2.789576210329685,29.999999488255167
7.09504,8.1886,55.36386,4295.57685,-0.04184,55.27412,7.478947919478969,2.78610488296889,29.999999488255167
7.12772,8.23618,55.35939,4291.41048,-0.03783,55.35637,7.469146990118565,2.7824537789041677,29.999999488255167
7.16029,8.28377,55.35535,4287.24872,-0.0341,55.43863,7.458900283401821,2.7786366110451004,29.999999488255167
7.19277,8.33136,55.35172,4283.0919,-0.03066,55.52089,7.448245292189078,2.7746673464686626,29.999999488255167
7.22514,8.37895,55.34846,4278.94031,-0.02752,55.60314,7.437220085123382,2.7705601667460336,29.999999488255167
7.25742,8.42655,55.34554,4274.79422,-0.02468,55.6854,7.425863201298398,2.7663294287036297,29.999999488255167
7.2896,8.47416,55.34293,4270.65388,-0.02215,55.76764,7.4142135465039365,2.7619896257718275,29.999999488255167
7.32168,8.52176,55.34058,4266.51953,-0.01994,55.84987,7.402310291452779,2.7575553500717818,29.999999488255167
7.35366,8.56937,55.33846,4262.39136,-0.01804,55.93208,7.3901927723292795,2.7530412553671613,29.999999488255167
7.38555,8.61699,55.33654,4258.26958,-0.01647,56.01428,7.377900394016472,2.748462021013702,29.999999488255167
7.41733,8.6646,55.33478,4254.15435,-0.01522,56.09645,7.36547253626214,2.743832317003596,29.999999488255167
7.44902,8.71222,55.33314,4250.04582,-0.0143,56.17861,7.352948463053963,2.739166770205351,29.999999488255167
7.4806,8.75985,55.33158,4245.94412,-0.01371,56.26075,7.340367235420213,2.7344799318797572,29.999999488255167
7.51209,8.80747,55.33008,4241.84935,-0.01345,56.34286,7.3277676278376545,2.7297862465396268,29.999999488255167
7.54349,8.8551,55.32858,4237.76159,-0.01352,56.42495,7.3151880483928835,2.725100022207794,29.999999488255167
7.57478,8.90274,55.32706,4233.6809,-0.01392,56.50701,7.302666462820834,2.720435402119461,29.999999488255167
7.60597,8.95037,55.32548,4229.60733,-0.01466,56.58906,7.290240322474757,2.7158063378891173,29.999999488255167
7.63707,8.99801,55.32381,4225.5409,-0.01572,56.67108,7.277946496309559,2.711226564172547,29.999999488255167
7.66807,9.04565,55.32199,4221.4816,-0.01711,56.75308,7.265821206872618,2.70670957482172,29.999999488255167
7.69898,9.09329,55.32001,4217.42941,-0.01882,56.83507,7.25389997030343,2.7022686005330856,29.999999488255167
7.72978,9.14094,55.31783,4213.38429,-0.02085,56.91703,7.242217540294077,2.697916587971369,29.999999488255167
7.76049,9.18859,55.3154,4209.34617,-0.02319,56.99898,7.2308078559661215,2.6936661803523436,29.999999488255167
7.79111,9.23624,55.3127,4205.31498,-0.02585,57.08093,7.219703993566194,2.689529699448167,29.999999488255167
7.82162,9.28389,55.3097,4201.29061,-0.02881,57.16286,7.208938121877425,2.6855191289769684,29.999999488255167
7.85204,9.33154,55.30636,4197.27294,-0.03207,57.24478,7.198541461235348,2.6816460993351905,29.999999488255167
7.88236,9.3792,55.30264,4193.26183,-0.03562,57.32671,7.188544246000846,2.6779218736177732,29.999999488255167
7.91259,9.42685,55.29852,4189.25713,-0.03946,57.40864,7.1789756903407635,2.6743573348705416,29.999999488255167
7.94272,9.47451,55.29398,4185.25865,-0.04358,57.49057,7.169863957151803,2.6709629745135244,29.999999488255167
7.97275,9.52217,55.28896,4181.2662,-0.04797,57.57252,7.161236129978036,2.6677488818795005,29.999999488255167
8.00269,9.56983,55.28346,4177.27957,-0.05262,57.65448,7.153118187700815,2.66472473478532,29.999999488255167
8.03253,9.61749,55.27745,4173.29854,-0.05752,57.73646,7.145534981863867,2.661899791084903,29.999999488255167
8.06228,9.66516,55.27089,4169.32286,-0.06266,57.81847,7.138510216413943,2.659282881122103,29.999999488255167
8.09193,9.71282,55.26376,4165.35227,-0.06804,57.90051,7.132066429690428,2.6568824010213614,29.999999488255167
8.12148,9.76049,55.25604,4161.38651,-0.07364,57.98259,7.126224978462328,2.654706306741062,29.999999488255167
8.15094,9.80815,55.24771,4157.42527,-0.07945,58.06471,7.121006023842969,2.6527621088263897,29.999999488255167
8.1803,9.85582,55.23874,4153.46827,-0.08547,58.14689,7.1164285188858285,2.651056867788452,29.999999488255167
8.20957,9.90349,55.22911,4149.51519,-0.09167,58.22912,7.112510197706,2.64959719005173,29.999999488255167
8.23874,9.95116,55.21881,4145.5657,-0.09805,58.31142,7.109267565934522,2.648389224398078,29.999999488255167
8.26785,9.99881,55.20889,4141.61717,-0.08486,58.32007,7.105637869073748,2.647037066814367,0.0
8.29692,10.04642,55.2004,4137.66777,-0.07186,58.32874,7.1005673188950835,2.64514815345861,0.0
8.32596,10.094,55.19332,4133.71833,-0.05909,58.33744,7.094086712331143,2.6427339569985207,0.0
8.35496,10.14153,55.1876,4129.76971,-0.04657,58.34616,7.086231122325376,2.6398075430283607,0.0
8.38393,10.18903,55.18324,4125.82272,-0.03433,58.3549,7.077039291653689,2.6363833442515365,0.0
8.41286,10.2365,55.18018,4121.87818,-0.02239,58.36367,7.066553446226842,2.6324770909308377,0.0
8.44176,10.28392,55.17839,4117.93687,-0.0108,58.37246,7.054819095194861,2.6281057364220675,0.0
8.47062,10.33131,55.17784,4113.99957,0.00044,58.38127,7.041884819544431,2.6232873784210082,0.0
8.49945,10.37866,55.17847,4110.06704,0.01128,58.3901,7.027802050941653,2.6180411765765306,0.0
8.52824,10.42598,55.18025,4106.13999,0.02172,58.39896,7.012624842592554,2.612387267130106,0.0
8.557,10.47325,55.18312,4102.21913,0.03172,58.40784,6.9964096339178266,2.6063466752509523,0.0
8.58572,10.52049,55.18704,4098.30514,0.04127,58.41675,6.979215010824471,2.5999412257309156,0.0
8.61441,10.5677,55.19196,4094.39867,0.05034,58.42568,6.961101463295636,2.5931934526803055,0.0
8.64307,10.61486,55.19782,4090.50033,0.05892,58.43463,6.942131142028482,2.586126508869098,0.0
8.67169,10.66199,55.20456,4086.61071,0.06698,58.4436,6.922367615727122,2.578764075312168,0.0
8.70027,10.70908,55.21213,4082.73037,0.07451,58.4526,6.901875630621472,2.571130271683735,0.0
8.72882,10.75614,55.22047,4078.85984,0.0815,58.46162,6.880720873648186,2.56324956809603,0.0
8.75734,10.80316,55.22952,4074.9996,0.08794,58.47066,6.858969740666602,2.5551466987536378,0.0
8.78582,10.85014,55.23921,4071.15011,0.0938,58.47973,6.836689110928121,2.546846577937403,0.0
8.81427,10.89709,55.24949,4067.31179,0.09907,58.48881,6.813946128927983,2.538374218738481,0.0
8.84268,10.944,55.26029,4063.48504,0.10376,58.49793,6.790807994627353,2.529754654910543,0.0
8.87106,10.99087,55.27154,4059.67021,0.10785,58.50706,6.76734176289783,2.5210128661575792,0.0
8.89941,11.03771,55.28319,4055.8676,0.11133,58.51622,6.7436141529249785,2.5121737071317,0.0
8.92772,11.08451,55.29516,4052.07752,0.11419,58.5254,6.719691368161426,2.503261840360927,0.0
8.956,11.13128,55.3074,4048.30019,0.11644,58.53461,6.695638927308532,2.4943016732854164,0.0
8.98424,11.17801,55.31983,4044.53583,0.11808,58.54383,6.671521506663675,2.485317299527679,0.0
9.01245,11.22471,55.33238,4040.78462,0.11909,58.55308,6.6474027940535585,2.47633244447889,0.0
9.04063,11.27137,55.345,4037.0467,0.11948,58.56236,6.623345354476019,2.4673704152469247,0.0
9.06877,11.318,55.35761,4033.32217,0.11924,58.57165,6.599410507435977,2.458454054960782,0.0
9.09688,11.36459,55.37016,4029.6111,0.1184,58.58097,6.57565821588966,2.449605701399375,0.0
9.12495,11.41115,55.38257,4025.91353,0.11694,58.59032,6.5521469866012385,2.440847149871765,0.0
9.153,11.45767,55.39479,4022.22946,0.11487,58.59969,6.528933781640069,2.4321996202475478,0.0
9.18101,11.50416,55.40674,4018.55887,0.1122,58.60908,6.506073940663403,2.4236837280051238,0.0
9.20898,11.55061,55.41838,4014.90169,0.10894,58.61849,6.483621113580783,2.4153194591474128,0.0
9.23693,11.59703,55.42962,4011.25783,0.10509,58.62793,6.461627203118746,2.407126148805691,0.0
9.26484,11.64342,55.44043,4007.62717,0.10066,58.63739,6.440142316776245,2.3991224633417274,0.0
9.29271,11.68977,55.45073,4004.00954,0.09567,58.64687,6.419214727598082,2.3913263857348515,0.0
9.32056,11.73609,55.46047,4000.40478,0.09013,58.65638,6.398890843187168,2.3837552040382026,0.0
9.34837,11.78238,55.46959,3996.81266,0.08405,58.66591,6.379215182331912,2.376425502671826,0.0
9.37615,11.82863,55.47804,3993.23295,0.07744,58.67546,6.360230358626616,2.369353156320828,0.0
9.4039,11.87485,55.48576,3989.66538,0.07032,58.68504,6.341977070426544,2.362553326193384,0.0
9.43161,11.92104,55.49271,3986.10966,0.0627,58.69464,6.324494096517285,2.356040458407457,0.0
9.45929,11.96719,55.49883,3982.56547,0.05461,58.70427,6.307818296822803,2.349828284254565,0.0
9.48694,12.01331,55.50408,3979.03246,0.04605,58.71391,6.291984617554263,2.3439298221178593,0.0
9.51456,12.0594,55.50841,3975.51028,0.03705,58.72359,6.277026100140898,2.3383573807991,0.0
9.54215,12.10546,55.51178,3971.99854,0.02763,58.73328,6.262973893359374,2.3331225640371693,0.0
9.5697,12.15148,55.51414,3968.49682,0.0178,58.743,6.249857268058587,2.3282362759934445,0.0
9.59722,12.19748,55.51546,3965.00469,0.00758,58.75274,6.237703633931332,2.323708727499682,0.0
9.62471,12.24344,55.51571,3961.52171,-0.003,58.76251,6.226538557777542,2.3195494428615615,0.0
9.65217,12.28937,55.51483,3958.0474,-0.01392,58.7723,6.216385782756339,2.315767267030575,0.0
9.6796,12.33526,55.51281,3954.58128,-0.02516,58.78211,6.207267248143129,2.312370372964069,0.0
9.70699,12.38113,55.50961,3951.12284,-0.0367,58.79195,6.19920310915156,2.309366269009443,0.0
9.73436,12.42696,55.50521,3947.67156,-0.04852,58.80181,6.192211756382225,2.306761806149303,0.0
9.76169,12.47276,55.49957,3944.2269,-0.06059,58.81169,6.1863098345392205,2.3045631849738744,0.0
9.78899,12.51854,55.49269,3940.7883,-0.07289,58.8216,6.181512260051749,2.3027759622455095,0.0
9.81625,12.56428,55.48453,3937.35521,-0.08539,58.83153,6.177832237285077,2.301405056937698,0.0
9.84349,12.60998,55.47508,3933.92705,-0.09807,58.84148,6.1752812730774185,2.3004547556504376,0.0
9.8707,12.65566,55.46432,3930.50321,-0.11091,58.85146,6.1738691893446545,2.299928717305823,0.0
9.89787,12.70131,55.45225,3927.08311,-0.12388,58.86146,6.173604133563492,2.2998299770533026,0.0
9.92501,12.74692,55.43885,3923.66612,-0.13696,58.87148,6.174492586940737,2.300160949312942,0.0
9.95212,12.79251,55.42411,3920.25163,-0.15011,58.88153,6.176539370165455,2.300923429918257,0.0
9.9792,12.83806,55.40803,3916.839,-0.16332,58.8916,6.179747646624598,2.3021185973141223,0.0
10.00625,12.88358,55.39061,3913.42759,-0.17656,58.90169,6.184118923025753,2.3037470127887567,0.0
10.03327,12.92907,55.37186,3910.01677,-0.1898,58.91181,6.189653047420444,2.3058086197373555,0.0
10.06025,12.97453,55.35176,3906.60587,-0.20302,58.92195,6.196348204608516,2.3083027419501,0.0
10.0872,13.01996,55.33033,3903.19424,-0.2162,58.93211,6.204200909014624,2.311228080958463,0.0
10.11413,13.06536,55.30758,3899.78122,-0.2293,58.94229,6.2132059950877085,2.3145827124587615,0.0
10.14102,13.11073,55.28351,3896.36615,-0.2423,58.9525,6.223356605366613,2.318364081866284,0.0
10.16788,13.15607,55.25815,3892.94836,-0.25518,58.96273,6.234644176359524,2.32256899905501,0.0
10.1947,13.20137,55.2315,3889.52718,-0.26791,58.97299,6.247058422446557,2.3271936323609026,0.0
10.2215,13.24665,55.20359,3886.10195,-0.28047,58.98326,6.260587318023664,2.3322335019300415,0.0
10.24826,13.29189,55.17444,3882.67201,-0.29283,58.99356,6.27521707816747,2.3376834725157662,0.0
10.275,13.3371,55.14407,3879.23668,-0.30497,59.00388,6.290932138118185,2.3435377458355195,0.0
10.3017,13.38228,55.11251,3875.7953,-0.31686,59.01422,6.307715131924112,2.349789852615371,0.0
10.32837,13.42743,55.07978,3872.34723,-0.32848,59.02459,6.325546870618825,2.356432644460434,0.0
10.35501,13.47255,55.04592,3868.8918,-0.3398,59.03497,6.34440632034278,2.3634582857045943,0.0
10.38162,13.51763,55.01085,3865.42863,-0.35296,59.02086,6.364368653893479,2.370894780192836,-9.99999982941839
10.40823,13.56267,54.9745,3861.95726,-0.36578,59.00666,6.3855081942281195,2.3787698151822716,-9.99999982941839
10.43482,13.60767,54.9369,3858.47695,-0.37825,58.99238,6.407800210384122,2.387074177738627,-9.99999982941839
10.46139,13.65262,54.89809,3854.98697,-0.39033,58.97801,6.431217738927217,2.3957978232731896,-9.99999982941839
10.48796,13.69753,54.85812,3851.4866,-0.40201,58.96354,6.4557316630499395,2.404929905009065,-9.99999982941839
10.51451,13.74239,54.81704,3847.97513,-0.41325,58.94897,6.481310678977927,2.4144587614666553,-9.99999982941839
10.54105,13.78721,54.77488,3844.45186,-0.42404,58.93429,6.507921264685516,2.424371904809381,-9.99999982941839
10.56758,13.83199,54.7317,3840.91612,-0.43435,58.91951,6.535527651642194,2.4346560103185007,-9.99999982941839
10.59409,13.87672,54.68755,3837.36722,-0.44416,58.90461,6.5640918003835464,2.4452969072926405,-9.99999982941839
10.62059,13.92141,54.64248,3833.80451,-0.45344,58.8896,6.593573380686512,2.4562795716625576,-9.99999982941839
10.64708,13.96605,54.59654,3830.22737,-0.46219,58.87446,6.623929757194088,2.4675881206359667,-9.99999982941839
10.67355,14.01065,54.5498,3826.63517,-0.47038,58.8592,6.655115981304386,2.479205809675993,-9.99999982941839
10.70001,14.05521,54.50232,3823.02732,-0.47798,58.84381,6.687084790197109,2.4911150321385183,-9.99999982941839
10.72646,14.09972,54.45415,3819.40325,-0.48499,58.82828,6.719786613832416,2.5032973218794345,-9.99999982941839
10.75289,14.14418,54.40535,3815.76241,-0.49138,58.81262,6.753169590781996,2.51573335915214,-9.99999982941839
10.77932,14.1886,54.35599,3812.10427,-0.49715,58.79682,6.78717959372837,2.5284029801066983,-9.99999982941839
10.80573,14.23297,54.30614,3808.42835,-0.50227,58.78088,6.821760265424651,2.5412851901857954,-9.99999982941839
10.83212,14.2773,54.25586,3804.73417,-0.50674,58.7648,6.856853065927819,2.554358181720377,-9.99999982941839
10.8585,14.32158,54.20521,3801.0213,-0.51054,58.74856,6.892397331818499,2.567599355990577,-9.99999982941839
10.88487,14.36581,54.15428,3797.28934,-0.51367,58.73218,6.928330348091084,2.5809853500066744,-9.99999982941839
10.91123,14.40999,54.10311,3793.53791,-0.51611,58.71565,6.964587433333701,2.5944920682408767,-9.99999982941839
10.93757,14.45413,54.05179,3789.76667,-0.51785,58.69896,7.0011020387394005,2.6080947195115898,-9.99999982941839
10.9639,14.49822,54.00038,3785.97533,-0.5189,58.68212,7.037805861390273,2.621767859184736,-9.99999982941839
10.99022,14.54226,53.94895,3782.16362,-0.51924,58.66512,7.0746289721538504,2.635485436818523,-9.99999982941839
11.01652,14.58626,53.89757,3778.33132,-0.51888,58.64796,7.111499958429208,2.6492208493401295,-9.99999982941839
11.04281,14.6302,53.84632,3774.47824,-0.51781,58.63065,7.148346081846076,2.662946999792768,-9.99999982941839
11.06908,14.6741,53.79526,3770.60423,-0.51604,58.61317,7.185093450883235,2.6766363616405795,-9.99999982941839
11.09534,14.71795,53.74447,3766.7092,-0.51356,58.59554,7.22166720822893,2.690261048565323,-9.99999982941839
11.12159,14.76175,53.694,3762.79309,-0.51037,58.57775,7.257991732561735,2.7037928896350496,-9.99999982941839
11.14782,14.8055,53.64394,3758.85588,-0.5065,58.5598,7.293990854238907,2.717203509653693,-9.99999982941839
11.17404,14.8492,53.59434,3754.89759,-0.50193,58.5417,7.3295880842630705,2.7304644144571855,-9.99999982941839
11.20025,14.89284,53.54528,3750.91831,-0.49669,58.52344,7.364706855680528,2.7435470808406768,-9.99999982941839
11.22644,14.93644,53.49681,3746.91814,-0.49078,58.50502,7.399270776411158,2.756423050744324,-9.99999982941839
11.25262,14.97999,53.44901,3742.89726,-0.48421,58.48645,7.433203892370381,2.7690640292731494,-9.99999982941839
11.27878,15.02349,53.40194,3738.85587,-0.47701,58.46773,7.466430959515515,2.781441986041465,-9.99999982941839
11.30493,15.06693,53.35565,3734.79423,-0.46917,58.44886,7.4988777233533215,2.7935292592967857,-9.99999982941839
11.33107,15.11032,53.31021,3730.71263,-0.46073,58.42984,7.5304712042673145,2.8052986622117606,-9.99999982941839
11.35719,15.15366,53.26567,3726.61143,-0.4517,58.41068,7.561139986861353,2.8167235906722747,-9.99999982941839
11.3833,15.19695,53.22209,3722.49101,-0.4421,58.39137,7.590814511460057,2.827778131869025,-9.99999982941839
11.40939,15.24019,53.17952,3718.35181,-0.43195,58.37193,7.619427365715863,2.838437172928818,-9.99999982941839
11.43547,15.28337,53.13801,3714.1943,-0.42129,58.35236,7.646913574272473,2.8486765088218275,-9.99999982941839
11.46153,15.3265,53.09761,3710.019,-0.41012,58.33266,7.673210884290484,2.8584729487274063,-9.99999982941839
11.48758,15.36957,53.05836,3705.82648,-0.39849,58.31283,7.69826004465403,2.8678044200459025,-9.99999982941839
11.51362,15.41259,53.0203,3701.61732,-0.38642,58.29288,7.722005076649419,2.876650069233578,-9.99999982941839
11.53964,15.45556,52.98348,3697.39216,-0.37394,58.27282,7.7443935338974565,2.884990358634235,-9.99999982941839
11.56564,15.49848,52.94792,3693.15169,-0.36107,58.25265,7.765376749390687,2.892807158507091,-9.99999982941839
11.59163,15.54133,52.91366,3688.89659,-0.34786,58.23237,7.7849100675305465,2.90008383346672,-9.99999982941839
11.61761,15.58414,52.88074,3684.62761,-0.33434,58.21199,7.802953059160941,2.9068053225887236,-9.99999982941839
11.64357,15.62689,52.84917,3680.34552,-0.32053,58.19151,7.819469717724989,2.912958212483274,-9.99999982941839
11.66951,15.66958,52.81898,3676.05112,-0.30648,58.17095,7.834428634789999,2.918530802682787,-9.99999982941839
11.69544,15.71222,52.79019,3671.74521,-0.29221,58.1503,7.847803153405589,2.923513162771857,-9.99999982941839
11.72136,15.75481,52.76281,3667.42865,-0.27778,58.12958,7.8595714978950175,2.9278971807379484,-9.99999982941839
11.74725,15.79734,52.73685,3663.1023,-0.2632,58.10878,7.869716878942227,2.9316766021190745,-9.99999982941839
11.77314,15.83981,52.71232,3658.76704,-0.24853,58.08792,7.878227573023922,2.9348470595943446,-9.99999982941839
11.79901,15.88223,52.68924,3654.42376,-0.2338,58.067,7.885096975530494,2.9374060927729007,-9.99999982941839
11.82486,15.92459,52.66759,3650.07338,-0.21904,58.04603,7.890323627092565,2.939353158001251,-9.99999982941839
11.8507,15.96689,52.64737,3645.7168,-0.20429,58.02502,7.893911212976616,2.940689628138126,-9.99999982941839
11.87652,16.00914,52.62859,3641.35495,-0.1896,58.00397,7.895868535596885,2.941418782314434,-9.99999982941839
11.90233,16.05134,52.61122,3636.98875,-0.175,57.98288,7.8962094604973565,2.9415457858101335,-9.99999982941839
11.92812,16.09347,52.59526,3632.61913,-0.16052,57.96177,7.894952836378454,2.941077660262071,-9.99999982941839
11.95389,16.13555,52.58068,3628.24702,-0.14621,57.94064,7.892122389996821,2.9400232445113863,-9.99999982941839
11.97965,16.17758,52.56747,3623.87332,-0.1321,57.91949,7.887746596996488,2.93839314648472,-9.99999982941839
12.00539,16.21955,52.55561,3619.49896,-0.11823,57.89834,7.881858529936903,2.9361996865806557,-9.99999982941839
12.03112,16.26146,52.54506,3615.12482,-0.10462,57.87718,7.874495684971486,2.933456833102928,-9.99999982941839
12.05683,16.30331,52.53579,3610.7518,-0.09133,57.85604,7.865699788806153,2.9301801303473844,-9.99999982941839
12.08253,16.34511,52.52778,3606.38077,-0.07838,57.8349,7.8555165877247175,2.9263866200084045,-9.99999982941839
12.10821,16.38685,52.52098,3602.01257,-0.06579,57.81377,7.843995620562514,2.9220947566055933,-9.99999982941839
12.13387,16.42854,52.51536,3597.64804,-0.05362,57.79267,7.8311899776458285,2.9173243176823846,-9.99999982941839
12.15952,16.47017,52.51087,3593.28799,-0.04187,57.7716,7.817156047735554,2.912096309535888,-9.99999982941839
12.18515,16.51175,52.50746,3588.93319,-0.03059,57.75056,7.8019532550968815,2.9064328692684342,-9.99999982941839
12.21076,16.55327,52.5051,3584.58441,-0.0198,57.72955,7.785643788818886,2.9003571639519965,-9.99999982941839
12.23636,16.59473,52.50373,3580.24238,-0.00953,57.70859,7.768292326481921,2.893893287687026,-9.99999982941839
12.26194,16.63614,52.5033,3575.90779,0.0002,57.68767,7.749965754268344,2.8870661573363323,-9.99999982941839
12.28751,16.67749,52.50375,3571.5813,0.00936,57.6668,7.730732885533002,2.879901407685186,-9.99999982941839
12.31306,16.71878,52.50503,3567.26356,0.01794,57.64599,7.710664179765,2.8724252867471765,-9.99999982941839
12.33859,16.76002,52.50708,3562.95515,0.02591,57.62523,7.68983146381921,2.8646645519156237,-9.99999982941839
12.36411,16.80121,52.50984,3558.65664,0.03326,57.60453,7.668307657113095,2.856646367592157,-9.99999982941839
12.38961,16.84234,52.51326,3554.36856,0.03996,57.5839,7.646166502441732,2.848398204908234,-9.99999982941839
12.4151,16.88341,52.51726,3550.0914,0.04601,57.56333,7.6234823038547335,2.8399477440773913,-9.99999982941839
12.44056,16.92444,52.52179,3545.8256,0.05139,57.54283,7.60032967292954,2.8313227798753737,-9.99999982941839
12.46602,16.9654,52.52678,3541.57157,0.05609,57.5224,7.576783284611955,2.8225511306843094,-9.99999982941839
12.49145,17.00631,52.53217,3537.32969,0.0601,57.50205,7.552917643643159,2.8136605514806274,-9.99999982941839
12.51687,17.04717,52.53789,3533.1003,0.06341,57.48177,7.528806862435815,2.8046786510880577,-9.99999982941839
12.54227,17.08797,52.54388,3528.88368,0.06602,57.46156,7.504524451086904,2.7956328139518933,-9.99999982941839
12.56766,17.12872,52.55007,3524.6801,0.06791,57.44143,7.480143120085903,2.786550126642593,-9.99999982941839
12.59303,17.16942,52.55639,3520.48975,0.0691,57.42138,7.455734596103352,2.777457309232175,-9.99999982941839
12.61839,17.21006,52.56278,3516.31283,0.06957,57.4014,7.431369451125317,2.7683806516423095,-9.99999982941839
12.64372,17.25065,52.56918,3512.14947,0.06933,57.3815,7.407116945027401,2.759345954998995,-9.99999982941839
12.66905,17.29119,52.57551,3507.99976,0.06838,57.36168,7.383044881592655,2.7503784779954445,-9.99999982941839
12.69435,17.33167,52.58172,3503.86377,0.06673,57.34194,7.359219477826579,2.7415028882084798,-9.99999982941839
12.71964,17.3721,52.58773,3499.74151,0.06437,57.32227,7.335705246339155,2.732743218282748,-9.99999982941839
12.74491,17.41248,52.59349,3495.63297,0.06133,57.30267,7.312564890440128,2.7241228268509525,-9.99999982941839
12.77017,17.45281,52.59893,3491.5381,0.0576,57.28315,7.2898592115255365,2.715664364032901,-9.99999982941839
12.79541,17.49308,52.604,3487.45682,0.05319,57.26369,7.267647028254706,2.7073897413268,-9.99999982941839
12.82064,17.5333,52.60863,3483.38899,0.04812,57.24431,7.2459851069399726,2.6993201056776095,-9.99999982941839
12.84584,17.57347,52.61276,3479.33446,0.04241,57.225,7.224928102528506,2.6914758174912077,-9.99999982941839
12.87104,17.61359,52.61633,3475.29305,0.03606,57.20575,7.204528509505955,2.683876432344711,-9.99999982941839
12.89621,17.65366,52.6193,3471.26452,0.02909,57.18656,7.184836622014857,2.6765406861295347,-9.99999982941839
12.92137,17.69368,52.6216,3467.24863,0.02152,57.16743,7.165900502471077,2.6694864833601852,-9.99999982941839
12.94651,17.73364,52.62319,3463.24508,0.01336,57.14835,7.147765957915132,2.6627308883645116,-9.99999982941839
12.97164,17.77356,52.62401,3459.25357,0.00465,57.12933,7.130476523360216,2.6562901190804045,-9.99999982941839
12.99675,17.81343,52.62402,3455.27375,-0.00462,57.11036,7.114073451384834,2.6501795431787754,-9.99999982941839
13.02185,17.85324,52.62316,3451.30524,-0.01441,57.09144,7.0985957072143355,2.644413676231306,-9.99999982941839
13.04693,17.89301,52.6214,3447.34766,-0.02469,57.07255,7.084079968575232,2.63900618165617,-9.99999982941839
13.07199,17.93272,52.61869,3443.40057,-0.03546,57.05371,7.07056062959244,2.633969872169863,-9.99999982941839
13.09704,17.97238,52.61499,3439.46353,-0.04667,57.0349,7.058069808058763,2.6293167124952737,-9.99999982941839
13.12207,18.012,52.61027,3435.53607,-0.05832,57.01611,7.0466373554091115,2.625057823077346,-9.99999982941839
13.14709,18.05157,52.60449,3431.61769,-0.07037,56.99735,7.036290868767436,2.6212034845708745,-9.99999982941839
13.17209,18.09108,52.59762,3427.70788,-0.08279,56.97861,7.027055704484048,2.6177631428835157,-9.99999982941839
13.19707,18.13055,52.58962,3423.8061,-0.09556,56.95989,7.018954992613277,2.614745414569097,-9.99999982941839
13.22203,18.16997,52.5806,3419.91148,-0.10597,56.97178,7.011890076517962,2.612113547434461,0.0
13.24695,18.20936,52.57064,3416.02321,-0.11668,56.98368,7.00576136938395,2.609830442771052,0.0
13.27183,18.24872,52.55972,3412.14085,-0.12766,56.99559,7.000587268138538,2.607902953918339,0.0
13.29668,18.28803,52.54782,3408.26392,-0.13888,57.00752,6.9963843273969095,2.6063372479060565,0.0
13.3215,18.32732,52.53493,3404.39193,-0.15033,57.01947,6.993167194923427,2.6051387814118336,0.0
13.34627,18.36657,52.52102,3400.52437,-0.16197,57.03143,6.990948614722417,2.6043123019125995,0.0
13.37101,18.40578,52.50609,3396.66075,-0.17379,57.0434,6.989739430241791,2.603861848878008,0.0
13.39572,18.44496,52.49011,3392.80052,-0.18575,57.05539,6.989548587477022,2.603790754926756,0.0
13.42039,18.4841,52.47309,3388.94315,-0.19784,57.0674,6.990383137792845,2.6041016468777403,0.0
13.44502,18.52321,52.455,3385.0881,-0.21002,57.07942,6.992248240355677,2.604796446656197,0.0
13.46962,18.56228,52.43586,3381.23481,-0.22227,57.09145,6.995147164047822,2.605876372006794,0.0
13.49418,18.60131,52.41565,3377.38271,-0.23456,57.1035,6.999081288824342,2.607341936999101,0.0
13.5187,18.64032,52.39438,3373.53124,-0.24687,57.11557,7.004050106461687,2.6091929523064716,0.0
13.54319,18.67928,52.37205,3369.67981,-0.25916,57.12765,7.0100512207333265,2.611428525271477,0.0
13.56764,18.71821,52.34866,3365.82785,-0.27142,57.13974,7.017080347040286,2.614047059768264,0.0
13.59206,18.75711,52.32422,3361.97477,-0.28362,57.15185,7.025131311581131,2.6170462558933543,0.0
13.61644,18.79597,52.29873,3358.11998,-0.29573,57.16397,7.034196050182937,2.6204231095301536,0.0
13.64079,18.8348,52.27222,3354.2629,-0.30773,57.17611,7.044264606944144,2.624173911843376,0.0
13.6651,18.87359,52.24469,3350.40293,-0.31958,57.18826,7.055325132867376,2.6282942487697314,0.0
13.68937,18.91235,52.21616,3346.53948,-0.33127,57.20042,7.067363884708831,2.632779000589299,0.0
13.71361,18.95107,52.18665,3342.67197,-0.34277,57.2126,7.0803652242938195,2.6376223416705398,0.0
13.73781,18.98975,52.15618,3338.79981,-0.35405,57.2248,7.094311618565763,2.642817740488556,0.0
13.76197,19.0284,52.12477,3334.92242,-0.36509,57.237,7.109183640697604,2.6483579600391196,0.0
13.7861,19.06702,52.09244,3331.03923,-0.37586,57.24922,7.124959972580571,2.6542350587657997,0.0
13.8102,19.10559,52.05922,3327.14967,-0.38635,57.26146,7.141617409065242,2.660440392139871,0.0
13.83425,19.14414,52.02514,3323.25317,-0.39652,57.27371,7.159130864323906,2.6669646150304653,0.0
13.85828,19.18264,51.99024,3319.34918,-0.40636,57.28597,7.177473380750715,2.673797685020104,0.0
13.88226,19.22112,51.95453,3315.43717,-0.41585,57.29824,7.196616140789036,2.680928866810708,0.0
13.90621,19.25955,51.91806,3311.5166,-0.42496,57.31053,7.216528482153273,2.68834673789412,0.0
13.93012,19.29795,51.88086,3307.58694,-0.43367,57.32283,7.23717791685116,2.6960391956384093,0.0
13.954,19.33631,51.84297,3303.64771,-0.44197,57.33514,7.258530154467821,2.7039934659617995,0.0
13.97784,19.37464,51.80442,3299.6984,-0.44983,57.34747,7.280549130148409,2.7121961137569364,0.0
14.00164,19.41293,51.76526,3295.73854,-0.45724,57.35981,7.303197037730865,2.720633055233713,0.0
14.02541,19.45118,51.72553,3291.76767,-0.46418,57.37216,7.32643436845011,2.7292895723376005,0.0
14.04914,19.4894,51.68527,3287.78537,-0.47064,57.38452,7.350219955631949,2.7381503293993,0.0
14.07284,19.52758,51.64453,3283.7912,-0.47659,57.3969,7.374511025791185,2.747199392170138,0.0
14.09649,19.56572,51.60334,3279.78476,-0.48204,57.40928,7.399263256478272,2.756420249371462,0.0
14.12011,19.60383,51.56177,3275.7657,-0.48695,57.42168,7.424430841255699,2.7657958369000633,0.0
14.1437,19.6419,51.51984,3271.73364,-0.49133,57.43409,7.449966562081176,2.775308564792805,0.0
14.16724,19.67993,51.47761,3267.68826,-0.49517,57.44652,7.475821869363621,2.7849403470495933,0.0
14.19075,19.71792,51.43514,3263.62926,-0.49845,57.45895,7.501946969922779,2.794672634400645,0.0
14.21423,19.75588,51.39245,3259.55635,-0.50116,57.47139,7.528290923001256,2.8044864500735005,0.0
14.23766,19.79379,51.34962,3255.46929,-0.50331,57.48385,7.554801744425667,2.814362428595787,0.0
14.26106,19.83167,51.30668,3251.36786,-0.50488,57.49632,7.581426518958792,2.8242808576493545,0.0
14.28442,19.86951,51.26369,3247.25186,-0.50588,57.50879,7.608111520802312,2.834221722960721,0.0
14.30774,19.90731,51.22068,3243.12112,-0.50629,57.52128,7.634802342155219,2.844164756192455,0.0
14.33103,19.94508,51.17773,3238.97551,-0.50613,57.53378,7.661444029591915,2.8540894857476093,0.0
14.35428,19.9828,51.13487,3234.81492,-0.50539,57.54629,7.687981228057087,2.8639752904115996,0.0
14.37749,20.02049,51.09215,3230.6393,-0.50407,57.5588,7.714358332055666,2.873801455674446,0.0
14.40066,20.05813,51.04962,3226.44858,-0.50217,57.57133,7.740519643641141,2.8835472325855704,0.0
14.42379,20.09574,51.00733,3222.24277,-0.49971,57.58387,7.766409536652865,2.89319189893652,0.0
14.44689,20.1333,50.96532,3218.02189,-0.49669,57.59641,7.791972626590616,2.902714822543709,0.0
14.46995,20.17083,50.92365,3213.786,-0.49312,57.60897,7.817153945431385,2.91209552637227,0.0
14.49297,20.20832,50.88236,3209.53518,-0.489,57.62153,7.841899120603825,2.9213137552087476,0.0
14.51595,20.24576,50.84149,3205.26956,-0.48435,57.6341,7.866154557277848,2.9303495435687696,0.0
14.53889,20.28317,50.80109,3200.9893,-0.47918,57.64669,7.889867623015938,2.9391832844845185,0.0
14.5618,20.32053,50.7612,3196.69458,-0.47351,57.65928,7.912986833808913,2.947795798807947,0.0
14.58466,20.35786,50.72185,3192.38562,-0.46735,57.67187,7.935462040444135,2.9561684046378454,0.0
14.60749,20.39514,50.68309,3188.06268,-0.46072,57.68448,7.957244614088862,2.9642829864545117,0.0
14.63028,20.43238,50.64496,3183.72604,-0.45363,57.6971,7.9782876299641075,2.972122063543111,0.0
14.65303,20.46958,50.60748,3179.376,-0.4461,57.70972,7.998546047922404,2.9796688572636327,0.0
14.67574,20.50674,50.5707,3175.01292,-0.43817,57.72235,8.017976888751852,2.986907356728794,0.0
14.69841,20.54385,50.53465,3170.63717,-0.42984,57.73498,8.036539405015006,2.993822382446016,0.0
14.72105,20.58093,50.49935,3166.24914,-0.42114,57.74763,8.054195245222832,3.000399647476546,0.0
14.74364,20.61796,50.46484,3161.84926,-0.4121,57.76028,8.070908610188866,3.0066258156814922,0.0
14.76619,20.65495,50.43114,3157.43799,-0.40274,57.77294,8.086646400433123,3.0124885566336608,0.0
14.78871,20.6919,50.39827,3153.0158,-0.39308,57.78561,8.101378353543145,3.017976596788159,0.0
14.81119,20.7288,50.36625,3148.58319,-0.38316,57.79828,8.115077170465357,3.0230797665292486,0.0
14.83362,20.76566,50.33511,3144.14067,-0.37301,57.81096,8.127718629788005,3.0277890427437484,0.0
14.85602,20.80248,50.30485,3139.6888,-0.36264,57.82364,8.139281689122782,3.0320965865883545,0.0
14.87838,20.83926,50.2755,3135.22812,-0.35209,57.83634,8.149748572823235,3.035995776167058,0.0
14.9007,20.87599,50.24705,3130.75922,-0.34139,57.84903,8.159104845365595,3.0394812338674333,0.0
14.92297,20.91268,50.21953,3126.28268,-0.33057,57.86174,8.167339469820853,3.042548848143026,0.0
14.94521,20.94932,50.19294,3121.7991,-0.31966,57.87445,8.174444850980446,3.045195789578805,0.0
14.96741,20.98593,50.16728,3117.3091,-0.3087,57.88717,8.180416862830674,3.0474205211261034,0.0
14.98957,21.02249,50.14256,3112.8133,-0.2977,57.89989,8.185254860152018,3.049222802423675,0.0
15.01169,21.059,50.11876,3108.31234,-0.28671,57.91262,8.18896167422246,3.0506036881970617,0.0
15.03377,21.09547,50.0959,3103.80683,-0.27575,57.92535,8.19154359265505,3.051565520747564,0.0
15.05581,21.1319,50.07395,3099.29743,-0.26485,57.93809,8.193010323606696,3.052111916619067,0.0
15.07781,21.16828,50.05291,3094.78478,-0.25406,57.95084,8.193374944652325,3.052247747552321,0.0
15.09977,21.20462,50.03278,3090.26951,-0.24339,57.96359,8.192653836775714,3.051979115894793,0.0
15.12169,21.24092,50.01353,3085.75226,-0.23287,57.97634,8.190866604061634,3.0513133246838753,0.0
15.14357,21.27717,49.99515,3081.23366,-0.22254,57.9891,8.18803597971613,3.050258842636966,0.0
15.16542,21.31337,49.97762,3076.71434,-0.21243,58.00187,8.184187719227694,3.0488252643511964,0.0
15.18722,21.34953,49.96092,3072.19493,-0.20256,58.01464,8.179350481483825,3.04702326601622,0.0
15.20898,21.38565,49.94502,3067.67602,-0.19296,58.02742,8.173555698805455,3.044864556998619,0.0
15.2307,21.42173,49.92991,3063.15821,-0.18367,58.0402,8.166837436883439,3.0423618276645574,0.0
15.25238,21.45775,49.91556,3058.6421,-0.17469,58.05298,8.159232245669804,3.0395286938328554,0.0
15.27403,21.49374,49.90193,3054.12825,-0.16607,58.06578,8.150779002329246,3.036379638270279,0.0
15.29563,21.52968,49.88899,3049.61721,-0.15782,58.07857,8.14151874736377,3.0329299496436675,0.0
15.31719,21.56558,49.87671,3045.10953,-0.14996,58.09138,8.13149451505378,3.029195659354769,0.0
15.33872,21.60143,49.86507,3040.60572,-0.14253,58.10418,8.120751159353935,3.0251934766818773,0.0
15.3602,21.63724,49.85401,3036.10627,-0.13553,58.11699,8.109335176394115,3.0209407226567535,0.0
15.38165,21.673,49.84351,3031.61166,-0.12899,58.12981,8.097294524675489,3.0164552630829524,0.0
15.40305,21.70872,49.83352,3027.12235,-0.12293,58.14263,8.084678444074294,3.0117554411099485,0.0
15.42442,21.74439,49.82401,3022.63877,-0.11736,58.15546,8.071537274686671,3.0068600097480824,0.0
15.44574,21.78002,49.81494,3018.16132,-0.1123,58.16829,8.057922276503518,3.0017880646926964,0.0
15.46703,21.81561,49.80625,3013.69038,-0.10776,58.18113,8.043885450889078,2.9965589778202086,0.0
15.48828,21.85115,49.79792,3009.22631,-0.10375,58.19397,8.029479364703546,2.991192331669157,0.0
15.50949,21.88665,49.78989,3004.76944,-0.10029,58.20682,8.014756977912816,2.9857078552202996,0.0
15.53066,21.92211,49.78212,3000.32006,-0.09739,58.21967,7.999771475406168,2.9801253612442724,0.0
15.55179,21.95752,49.77458,2995.87845,-0.09505,58.23252,7.984576103697244,2.9744646854684063,0.0
15.57288,21.99288,49.7672,2991.44486,-0.09327,58.24539,7.969224013085889,2.968745627777862,0.0
15.59394,22.02821,49.75995,2987.01951,-0.09208,58.25825,7.953768105793712,2.9629878956421294,0.0
15.61495,22.06349,49.75278,2982.60258,-0.09146,58.27112,7.938260890497272,2.957211049924815,0.0
15.63593,22.09872,49.74565,2978.19423,-0.09142,58.284,7.922754343611405,2.951434453208026,0.0
15.65687,22.13391,49.73851,2973.7946,-0.09196,58.29688,7.907299777596936,2.9456772207335318,0.0
15.67777,22.16906,49.73132,2969.40379,-0.09308,58.30977,7.891947716485609,2.9399581740325234,0.0
15.69863,22.20417,49.72403,2965.02187,-0.09478,58.32266,7.876747778760948,2.9342957972956563,0.0
15.71945,22.23923,49.71659,2960.6489,-0.09705,58.33556,7.861748567654658,2.928708196505567,0.0
15.74023,22.27425,49.70897,2956.28488,-0.09989,58.34846,7.846997568844552,2.923213061326665,0.0
15.76098,22.30923,49.70112,2951.92982,-0.10329,58.36137,7.832541055520349,2.917827629739642,0.0
15.78169,22.34416,49.69299,2947.58368,-0.10724,58.37428,7.818424000678993,2.9125686553691685,0.0
15.80236,22.37905,49.68455,2943.24639,-0.11174,58.3872,7.80468999650644,2.9074523774514947,0.0
15.82299,22.41389,49.67576,2938.91786,-0.11677,58.40013,7.791381180637611,2.9024944933643355,0.0
15.84358,22.4487,49.66657,2934.59798,-0.12232,58.41305,7.778538169057435,2.8977101336307483,0.0
15.86414,22.48346,49.65695,2930.28661,-0.12838,58.42599,7.7661999953677014,2.893113839294434,0.0
15.88466,22.51818,49.64686,2925.98358,-0.13494,58.43893,7.754404056128261,2.8887195415579026,0.0
15.90514,22.55285,49.63626,2921.6887,-0.14197,58.45187,7.74318606195215,2.88454054356411,0.0
15.92558,22.58749,49.62513,2917.40176,-0.14947,58.46482,7.732579994016442,2.8805895041956155,0.0
15.94599,22.62208,49.61342,2913.12252,-0.15741,58.47778,7.722618065656793,2.8768784237675358,0.0
15.96635,22.65663,49.60111,2908.85073,-0.16577,58.49074,7.713330688684376,2.8734186314797157,0.0
15.98669,22.69113,49.58816,2904.5861,-0.17454,58.50371,7.704746444072427,2.8702207744966954,0.0
16.00698,22.7256,49.57456,2900.32833,-0.1837,58.51668,7.696892056674783,2.867294808529703,0.0
16.02724,22.76002,49.56026,2896.07711,-0.19323,58.52965,7.6897923736243605,2.864649989789517,0.0
16.04745,22.7944,49.54525,2891.8321,-0.20309,58.54264,7.683470346078349,2.862294868186072,0.0
16.06764,22.82874,49.5295,2887.59293,-0.21328,58.55563,7.677947014000157,2.8602372816593316,0.0
16.08778,22.86303,49.51299,2883.35924,-0.22376,58.56862,7.673241493667516,2.8584843515257314,0.0
16.10789,22.89729,49.49571,2879.13063,-0.23452,58.58162,7.6693709676254125,2.8570424787353788,0.0
16.12796,22.9315,49.47763,2874.90671,-0.24552,58.59462,7.666350676824896,2.855917340943553,0.0
16.148,22.96567,49.45875,2870.68705,-0.25675,58.60763,7.664193914713238,2.855113890309134,0.0
16.16799,22.9998,49.43904,2866.47122,-0.26817,58.62064,7.66291202304976,2.8546363519358886,0.0
16.18796,23.03388,49.4185,2862.25877,-0.27977,58.63366,7.662514389279661,2.8544882228941524,0.0
16.20788,23.06793,49.39711,2858.04925,-0.29151,58.64669,7.663008445296841,2.854672271759948,0.0
16.22777,23.10193,49.37487,2853.84219,-0.30337,58.65972,7.664399667468974,2.855190538624326,0.0
16.24762,23.13589,49.35178,2849.63711,-0.31532,58.67275,7.666691577835149,2.8560443355395178,0.0
16.26743,23.16981,49.32782,2845.43354,-0.32733,58.68579,7.669885746403199,2.8572342473747487,0.0
16.28721,23.20368,49.30301,2841.23098,-0.33938,58.69884,7.673981794506224,2.858760133066638,0.0
16.30695,23.23752,49.27733,2837.02893,-0.35144,58.71189,7.678977399223838,2.86062112726622,0.0
16.32666,23.27131,49.2508,2832.82689,-0.36348,58.72494,7.684868298877535,2.8628156423861206,0.0
16.34632,23.30506,49.22342,2828.62435,-0.37548,58.738,7.691648299677281,2.865341371076583,0.0
16.36595,23.33877,49.1952,2824.42081,-0.3874,58.75106,7.699309283577943,2.868195289152198,0.0
16.38555,23.37244,49.16614,2820.21574,-0.39923,58.76413,7.707841217468891,2.8713736590152674,0.0
16.40511,23.40606,49.13625,2816.00866,-0.41092,58.7772,7.717232163842056,2.874872033629941,0.0
16.42463,23.43965,49.10555,2811.79903,-0.42247,58.79028,7.727468293093208,2.8786852611047653,0.0
16.44412,23.47319,49.07406,2807.58635,-0.43384,58.80336,7.738533897656163,2.882807489958045,0.0
16.46356,23.50669,49.04178,2803.37011,-0.445,58.81645,7.750411408159098,2.8872321751364978,0.0
16.48298,23.54014,49.00874,2799.14981,-0.45594,58.82954,7.76308141186044,2.891952084883109,0.0
16.50235,23.57356,48.97497,2794.92496,-0.46662,58.84264,7.776522673592619,2.8969593085392265,0.0
16.52169,23.60693,48.94047,2790.69505,-0.47702,58.85573,7.790712159488361,2.902245265383234,0.0
16.541,23.64026,48.90527,2786.45961,-0.48713,58.86884,7.805625063749773,2.9078007146027356,0.0
16.56026,23.67354,48.8694,2782.21816,-0.4969,58.88194,7.821234838762449,2.9136157665128573,0.0
16.57949,23.70679,48.83289,2777.97023,-0.50633,58.89505,7.837513228823982,2.9196798951209977,0.0
16.59869,23.73999,48.79577,2773.71536,-0.5154,58.90816,7.854430307795893,2.9259819521531716,0.0
16.61784,23.77314,48.75805,2769.45313,-0.52407,58.92128,7.871954520941975,2.932510182639885,0.0
16.63696,23.80626,48.71978,2765.18308,-0.53234,58.9344,7.890052731268879,2.93925224217923,0.0
16.65604,23.83933,48.68099,2760.90481,-0.54019,58.94752,7.90869027061264,2.9461952159679545,0.0
16.67509,23.87236,48.64171,2756.61792,-0.54759,58.96065,7.927830995746323,2.9533256397030403,0.0
16.6941,23.90535,48.60197,2752.32201,-0.55453,58.97378,7.947437349732978,2.960629522437289,0.0
16.71307,23.93829,48.56181,2748.01673,-0.56099,58.98691,7.967470428760029,2.968092371476898,0.0
16.73201,23.97118,48.52126,2743.70172,-0.56697,59.00004,7.987890054628019,2.975699219385416,0.0
16.75091,24.00404,48.48037,2739.37666,-0.57245,59.01318,8.00865485304586,2.9834346531507903,0.0
16.76977,24.03685,48.43917,2735.04122,-0.57741,59.02631,8.029722337878953,2.9912828455700047,0.0
16.7886,24.06962,48.39769,2730.69514,-0.58185,59.03945,8.051049001394873,2.999227588867974,0.0
16.80738,24.10234,48.35599,2726.33813,-0.58576,59.0526,8.072590410576376,3.0072523305766703,0.0
16.82614,24.13501,48.31409,2721.96997,-0.58913,59.06574,8.094301309452666,3.0153402116562193,0.0
16.84485,24.16765,48.27204,2717.59042,-0.59196,59.07888,8.116135727412429,3.0234741068443425,0.0
16.86353,24.20024,48.22987,2713.19929,-0.59423,59.09203,8.138047093357418,3.0316366671815866,0.0
16.88217,24.23278,48.18764,2708.79641,-0.59595,59.10518,8.159988355542959,3.039810364655053,0.0
16.90077,24.26528,48.14536,2704.38165,-0.59711,59.11833,8.18191210683795,3.0479775388610517,0.0
16.91933,24.29773,48.1031,2699.95488,-0.59772,59.13148,8.203770715120912,3.0561204455810516,0.0
16.93786,24.33014,48.06088,2695.516,-0.59777,59.14463,8.225516458457529,3.064221307138885,0.0
16.95635,24.3625,48.01875,2691.06497,-0.59727,59.15778,8.247101664631417,3.072262364379614,0.0
16.9748,24.39482,47.97674,2686.60173,-0.59623,59.17093,8.268478854528514,3.080225930084,0.0
16.99322,24.42709,47.93489,2682.12629,-0.59464,59.18408,8.28960088886029,3.088094443626757,0.0
17.01159,24.45931,47.89324,2677.63866,-0.59252,59.19723,8.31042111759786,3.0958505266446896,0.0
17.02993,24.49149,47.85183,2673.13888,-0.58987,59.21038,8.330893531478777,3.1034770394769597,0.0
17.04823,24.52362,47.81069,2668.62704,-0.58671,59.22354,8.350972914861256,3.1109571381073065,0.0
17.0665,24.55571,47.76986,2664.10324,-0.58304,59.23669,8.370614999191172,3.118274331334543,0.0
17.08472,24.58774,47.72938,2659.5676,-0.57888,59.24984,8.389776616273553,3.1254125378702184,0.0
17.10291,24.61974,47.68926,2655.02029,-0.57425,59.26299,8.408415850523394,3.132356143056053,0.0
17.12106,24.65168,47.64956,2650.46149,-0.56916,59.27613,8.426492189343792,3.1390900548837504,0.0
17.13917,24.68358,47.61029,2645.89141,-0.56362,59.28928,8.44396667075172,3.1455997589894804,0.0
17.15724,24.71543,47.57149,2641.31029,-0.55766,59.30243,8.460802027362611,3.1518713722919296,0.0
17.17528,24.74723,47.53318,2636.71839,-0.5513,59.31557,8.476962825852196,3.1578916949454996,0.0
17.19327,24.77898,47.49538,2632.116,-0.54456,59.32872,8.492415600994331,3.163648260272929,0.0
17.21123,24.81069,47.45814,2627.50342,-0.53745,59.34186,8.507128983422838,3.1691293823599387,0.0
17.22915,24.84235,47.42145,2622.881,-0.53001,59.355,8.521073820260424,3.174324200992679,0.0
17.24703,24.87396,47.38535,2618.24908,-0.52226,59.36813,8.534223287808693,3.1792227236377233,0.0
17.26488,24.90552,47.34986,2613.60804,-0.51422,59.38127,8.546552995517294,3.183815864173311,0.0
17.28268,24.93703,47.31499,2608.95828,-0.50592,59.3944,8.558041080533785,3.188095478111663,0.0
17.30045,24.9685,47.28076,2604.30021,-0.49739,59.40754,8.568668292157188,3.192054394060147,0.0
17.31818,24.99991,47.24717,2599.63425,-0.48865,59.42066,8.578418065605801,3.1956864412017336,0.0
17.33587,25.03128,47.21425,2594.96087,-0.47974,59.43379,8.587276584584009,3.1989864726027784,0.0
17.35352,25.0626,47.18199,2590.28051,-0.47068,59.44691,8.595232832200358,3.201950384181343,0.0
17.37113,25.09386,47.15041,2585.59364,-0.4615,59.46003,8.602278629895416,3.204575129208846,0.0
17.3887,25.12508,47.11951,2580.90076,-0.45223,59.47315,8.60840866409494,3.2068587282390753,0.0
17.40624,25.15625,47.0893,2576.20236,-0.4429,59.48627,8.613620500428043,3.2088002744048243,0.0
17.42373,25.18737,47.05977,2571.49893,-0.43355,59.49938,8.617914585413295,3.210399934046006,0.0
17.44119,25.21845,47.03093,2566.79099,-0.42419,59.51249,8.621294235654464,3.2116589426847906,0.0
17.45861,25.24947,47.00276,2562.07906,-0.41487,59.52559,8.623765614614031,3.212579596373123,0.0
17.47599,25.28044,46.97527,2557.36364,-0.40562,59.5387,8.625337697196938,3.213165238499238,0.0
17.49333,25.31136,46.94844,2552.64525,-0.39645,59.55179,8.626022222412873,3.213420242153117,0.0
17.51063,25.34223,46.92228,2547.92443,-0.38741,59.56489,8.625833634508435,3.213349988196667,0.0
17.5279,25.37305,46.89676,2543.20168,-0.37852,59.57798,8.624789012998129,3.212960839198432,0.0
17.54512,25.40383,46.87187,2538.47751,-0.36981,59.59107,8.62290799216073,3.2122601094438643,0.0
17.56231,25.43455,46.8476,2533.75245,-0.36132,59.60415,8.620212670565122,3.211256031231321,0.0
17.57946,25.46522,46.82393,2529.02699,-0.35305,59.61724,8.616727511307356,3.2099577177077445,0.0
17.59657,25.49584,46.80084,2524.30164,-0.34506,59.63031,8.612479233670449,3.2083751225090844,0.0
17.61364,25.52641,46.77831,2519.57688,-0.33735,59.64339,8.6074966969498,3.2065189964822114,0.0
17.63067,25.55693,46.75633,2514.85318,-0.32996,59.65646,8.6018107772686,3.204400841795414,0.0
17.64766,25.5874,46.73486,2510.13103,-0.32291,59.66952,8.595454238179869,3.202032863734252,0.0
17.66462,25.61783,46.71388,2505.41086,-0.31622,59.68258,8.588461595914609,3.1994279205029517,0.0
17.68154,25.6482,46.69337,2500.69313,-0.30992,59.69564,8.58086898011992,3.196599471345685,0.0
17.69842,25.67852,46.67329,2495.97825,-0.30403,59.7087,8.572713990955378,3.193561523311215,0.0
17.71526,25.70879,46.65362,2491.26664,-0.29856,59.72175,8.564035553379185,3.1903285769706478,0.0
17.73206,25.73901,46.63434,2486.55869,-0.29353,59.73479,8.554873769472522,3.186915571404372,0.0
17.74882,25.76918,46.6154,2481.85476,-0.28897,59.74784,8.545269769611945,3.183337828759863,0.0
17.76555,25.7993,46.59677,2477.15523,-0.28489,59.76088,8.535265563280257,3.1796109986747987,0.0
17.78223,25.82937,46.57843,2472.46041,-0.2813,59.77391,8.52490389024716,3.1757510028379445,0.0
17.79888,25.85939,46.56035,2467.77063,-0.27822,59.78694,8.51422807286777,3.1717739799664604,0.0
17.81549,25.88936,46.54247,2463.08617,-0.27565,59.79997,8.50328187013057,3.1676962314349266,0.0
17.83207,25.91927,46.52478,2458.40732,-0.27362,59.81299,8.492109334102768,3.163534167797455,0.0
17.8486,25.94914,46.50724,2453.73431,-0.27212,59.82601,8.480754669318989,3.159304256406286,0.0
17.8651,25.97896,46.48981,2449.06738,-0.27116,59.83903,8.469262095654097,3.155022970328302,0.0
17.88156,26.00873,46.47246,2444.40673,-0.27076,59.85204,8.457675715119288,3.1507067387230663,0.0
17.89798,26.03845,46.45515,2439.75253,-0.2709,59.86505,8.446039383005273,3.146371898840271,0.0
17.91437,26.06812,46.43784,2435.10495,-0.27161,59.87805,8.434396583707203,3.142034649761253,0.0
17.93071,26.09774,46.4205,2430.46411,-0.27287,59.89105,8.422790311538371,3.137711007998964,0.0
17.94702,26.12731,46.4031,2425.83013,-0.27469,59.90405,8.41126295677145,3.133416765045329,0.0
17.96329,26.15683,46.3856,2421.2031,-0.27706,59.91704,8.399856197084986,3.12916744693221,0.0
17.97953,26.1863,46.36797,2416.58306,-0.27999,59.93003,8.38861089456352,3.1249782758612477,0.0
17.99573,26.21572,46.35016,2411.97007,-0.28346,59.94302,8.377566998353805,3.12086413394073,0.0
18.01189,26.24509,46.33216,2407.36413,-0.28748,59.956,8.366763452985872,3.1168395290327893,0.0
18.02801,26.27441,46.31392,2402.76523,-0.29203,59.96898,8.356238112404307,3.112918562727778,0.0
18.0441,26.30369,46.29541,2398.17336,-0.2971,59.98195,8.346027659653254,3.1091149004248297,0.0
18.06014,26.33291,46.2766,2393.58844,-0.30268,59.99492,8.336167532148787,3.1054417434938477,0.0
18.07616,26.36208,46.25746,2389.0104,-0.30877,60.00789,8.32669185244988,3.101911803485866,0.0
18.09213,26.39121,46.23797,2384.43916,-0.31535,60.02085,8.317633364389117,3.098537278340067,0.0
18.10807,26.42028,46.21808,2379.87457,-0.3224,60.03381,8.309023374427737,3.095329830536983,0.0
18.12397,26.44931,46.19778,2375.31651,-0.32992,60.04677,8.30089169806396,3.0923005671341945,0.0
18.13984,26.47828,46.17704,2370.76482,-0.33787,60.05972,8.293266611107576,3.089460021614829,0.0
18.15566,26.50721,46.15583,2366.21931,-0.34625,60.07267,8.286174805638748,3.0868181374810577,0.0
18.17146,26.53609,46.13414,2361.67979,-0.35504,60.08562,8.279641350442576,3.084384253514932,0.0
18.18721,26.56492,46.11192,2357.14603,-0.36422,60.09856,8.273689655710085,3.082167090628566,0.0
18.20293,26.5937,46.08918,2352.6178,-0.37376,60.1115,8.268341441815792,3.080174740232965,0.0
18.21861,26.62243,46.06588,2348.09485,-0.38365,60.12444,8.263616711962095,3.0784146540473385,0.0
18.23426,26.65112,46.042,2343.57691,-0.39386,60.13737,8.259533728469732,3.076893635266672,0.0
18.24987,26.67975,46.01754,2339.0637,-0.40437,60.1503,8.256108992562172,3.075617831030881,0.0
18.26544,26.70834,45.99247,2334.55491,-0.41516,60.16322,8.253357227437135,3.0745927261185066,0.0
18.28098,26.73687,45.96679,2330.05023,-0.4262,60.17614,8.251291364461565,3.073823137803981,0.0
18.29648,26.76536,45.94047,2325.54935,-0.43747,60.18906,8.249922532333068,3.0733132118199746,0.0
18.31195,26.7938,45.91352,2321.05191,-0.44894,60.20197,8.249260049078133,3.0730664193765285,0.0
18.32738,26.82219,45.88591,2316.55758,-0.46059,60.21488,8.249311416754749,3.073085555187632,0.0
18.34277,26.85053,45.85765,2312.06599,-0.47238,60.22779,8.250082318760068,3.073372736468266,0.0
18.35813,26.87882,45.82872,2307.57677,-0.4843,60.24069,8.251576619651424,3.0739294028677184,0.0
18.37345,26.90707,45.79913,2303.08955,-0.49632,60.25359,8.25379636742397,3.0747563173180716,0.0
18.38874,26.93526,45.76887,2298.60394,-0.5084,60.26649,8.25674179818965,3.0758535677772345,0.0
18.40399,26.96341,45.73794,2294.11955,-0.52053,60.27938,8.260411343243309,3.0772205698612636,0.0
18.4192,26.9915,45.70635,2289.63599,-0.53268,60.29226,8.264801638481826,3.0788560703532317,0.0
18.43438,27.01955,45.67409,2285.15285,-0.54481,60.30515,8.269907536230523,3.080758151608877,0.0
18.44953,27.04755,45.64116,2280.66973,-0.5569,60.31803,8.275722119466874,3.08292423685531,0.0
18.46464,27.0755,45.60759,2276.18623,-0.56893,60.3309,8.282236718514058,3.085351096409803,0.0
18.47971,27.10341,45.57336,2271.70193,-0.58086,60.34377,8.289440930258761,3.088034854838924,0.0
18.49474,27.13126,45.5385,2267.21643,-0.59268,60.35664,8.297322639980274,3.0909709990904513,0.0
18.50974,27.15906,45.50301,2262.72931,-0.60435,60.3695,8.305868045882226,3.0941543876320896,0.0
18.52471,27.18682,45.46691,2258.24018,-0.61585,60.38236,8.315061686423295,3.097579260632879,0.0
18.53964,27.21452,45.4302,2253.74862,-0.62716,60.39521,8.324886470583476,3.1012392512381757,0.0
18.55453,27.24218,45.3929,2249.25425,-0.63824,60.40806,8.33532371116038,3.1051273979733987,0.0
18.56939,27.26979,45.35504,2244.75665,-0.64908,60.42091,8.346353161252903,3.1092361583351624,0.0
18.58422,27.29735,45.31662,2240.25545,-0.65965,60.43375,8.357953054048652,3.113557423613127,0.0
18.599,27.32486,45.27767,2235.75025,-0.66994,60.44658,8.3701001460399,3.118082534989092,0.0
18.61376,27.35232,45.2382,2231.2407,-0.67991,60.45941,8.382769763825959,3.1228023009721064,0.0
18.62847,27.37973,45.19825,2226.7264,-0.68955,60.47224,8.395935854587858,3.1277070162016094,0.0
18.64315,27.40709,45.15782,2222.20702,-0.69883,60.48506,8.409571040384487,3.1327864816741844,0.0
18.6578,27.4344,45.11694,2217.68221,-0.70775,60.49787,8.423646676365864,3.1380300264295204,0.0
18.67241,27.46166,45.07565,2213.15163,-0.71627,60.51068,8.438132912978528,3.1434265307235623,0.0
18.68698,27.48887,45.03395,2208.61495,-0.72439,60.52348,8.452998762266807,3.1489644507274814,0.0
18.70152,27.51603,44.99189,2204.07188,-0.73208,60.53628,8.468212168298766,3.1546318447631903,0.0
18.71603,27.54314,44.94948,2199.52212,-0.73934,60.54907,8.483740081762953,3.1604164010925913,0.0
18.73049,27.5702,44.90675,2194.96538,-0.74615,60.56186,8.49954853873202,3.1663054672591047,0.0
18.74492,27.59722,44.86374,2190.40141,-0.75249,60.57464,8.515602743585868,3.172286080978716,0.0
18.75932,27.62418,44.82046,2185.82996,-0.75837,60.58741,8.53186715602878,3.178345002556147,0.0
18.77368,27.65109,44.77695,2181.2508,-0.76375,60.60018,8.54830558210958,3.184468748792266,0.0
18.78801,27.67794,44.73325,2176.66372,-0.76865,60.61294,8.564881269146847,3.1906436283462227,0.0
18.80229,27.70475,44.68936,2172.06853,-0.77305,60.62569,8.58155700437712,3.1968557784845,0.0
18.81655,27.73151,44.64534,2167.46506,-0.77695,60.63844,8.598295217155414,3.203091203153298,0.0
18.83077,27.75822,44.6012,2162.85315,-0.78034,60.65118,8.615058084448835,3.2093358122776805,0.0
18.84495,27.78487,44.55698,2158.23267,-0.78322,60.66391,8.631807639374257,3.215575462194714,0.0
18.85909,27.81147,44.51271,2153.60352,-0.78559,60.67664,8.648505882469232,3.2217959971048105,0.0
18.8732,27.83803,44.46841,2148.96559,-0.78745,60.68936,8.665114895315675,3.227983291399539,0.0
18.88728,27.86453,44.42412,2144.31883,-0.7888,60.70207,8.681596956170383,3.2341232927370394,0.0
18.90131,27.89098,44.37986,2139.66319,-0.78965,60.71477,8.697914657157485,3.2402020656992874,0.0
18.91532,27.91737,44.33566,2134.99864,-0.79,60.72747,8.714031022561635,3.246205835859428,0.0
18.92928,27.94372,44.29156,2130.32517,-0.78987,60.74015,8.7299096277415,3.2521210340801754,0.0
18.94321,27.97001,44.24757,2125.64282,-0.78924,60.75283,8.745514718145737,3.2579343408503925,0.0
18.9571,27.99625,44.20373,2120.95161,-0.78815,60.76551,8.760811327879837,3.2636327304543697,0.0
18.97096,28.02244,44.16006,2116.25162,-0.78659,60.77817,8.775765397266149,3.269203514766017,0.0
18.98478,28.04858,44.11658,2111.54292,-0.78458,60.79082,8.790343888810558,3.2746343864495073,0.0
18.99857,28.07466,44.07332,2106.82563,-0.78214,60.80347,8.804514900980116,3.2799134613444383,0.0
19.01232,28.10069,44.03031,2102.09987,-0.77927,60.81611,8.818247779195987,3.2850293198136225,0.0
19.02603,28.12667,43.98756,2097.36579,-0.77601,60.82874,8.831513223419893,3.2899710468218717,0.0
0.05034,0.05034,52.17319,5316.09002,-0.28666,45.00009,17.94212532545641,6.6839137694618955,0.0
0.10059,0.10059,52.1482,5306.10726,-0.07267,45.0002,17.93776755719582,6.6822903861250404,0.0
0.15075,0.15075,52.15294,5296.09394,0.14076,45.00033,17.858271724890525,6.6526760969300875,0.0
0.20081,0.20081,52.18712,5286.09183,0.35242,45.00049,17.7055953688674,6.595800137154777,0.0
0.25077,0.25077,52.2503,5276.1416,0.56114,45.00066,17.482966281599317,6.512864944423589,0.0
0.30064,0.30064,52.34191,5266.28204,0.7658,45.00086,17.194748063323,6.405496074637931,0.0
0.35041,0.35042,52.46119,5256.54953,0.96537,45.00108,16.846268818961757,6.2756783870726185,0.0
0.40008,0.4001,52.60729,5246.97748,1.15888,45.00132,16.443624027465454,6.125682608018177,0.0
0.44967,0.44968,52.77921,5237.59598,1.34548,45.00159,15.993465392010991,5.957986671924848,0.0
0.49915,0.49917,52.97586,5228.43147,1.52443,45.00188,15.502787247583168,5.775196152606496,0.0
0.54855,0.54858,53.19608,5219.50665,1.69509,45.0022,14.978720999891417,5.5799676863284615,0.0
0.59786,0.59789,53.43863,5210.84034,1.85694,45.00254,14.428346313286703,5.374938634338661,0.0
0.64708,0.64712,53.7022,5202.44762,2.00958,45.00291,13.858525610863152,5.162665429800874,0.0
0.69621,0.69626,53.98547,5194.3399,2.1527,45.00331,13.27576615252181,4.945572198244552,0.0
0.74527,0.74532,54.28709,5186.52512,2.28613,45.00374,12.686111739727455,4.725910414737313,0.0
0.79424,0.79431,54.60569,5179.00806,2.40975,45.00421,12.095064130731979,4.505729628987958,0.0
0.84314,0.84322,54.9399,5171.79058,2.52357,45.0047,11.507532647805759,4.286858692714246,0.0
0.89196,0.89205,55.28839,5164.87197,2.62766,45.00523,10.927809270368929,4.070896481178951,0.0
0.94071,0.94082,55.64982,5158.24925,2.72215,45.0058,10.35956573578742,3.8592108131601077,0.0
0.98939,0.98952,56.0229,5151.91755,2.80724,45.0064,9.80586877643258,3.652944127156628,0.0
1.03801,1.03816,56.40637,5145.87036,2.88317,45.00705,9.269209546410963,3.4530244436194137,0.0
1.08657,1.08674,56.79901,5140.09987,2.95024,45.00773,8.751543462262378,3.2601802066596455,0.0
1.13507,1.13526,57.19965,5134.59724,3.00874,45.00845,8.254337025340192,3.0749577266174297,0.0
1.1835,1.18372,57.60716,5129.35286,3.05903,45.00921,7.778618642685144,2.897740112174458,0.0
1.23191,1.23211,58.01985,5124.35761,3.09224,44.96254,7.325670250722551,2.729004918378937,-21.99999962472046
1.2803,1.28042,58.43613,5119.60148,3.11848,44.91864,6.896257018292701,2.5690371907566805,-21.99999962472046
1.32869,1.32864,58.8551,5115.07311,3.13813,44.87738,6.490127233852102,2.417743160134806,-21.99999962472046
1.37706,1.37678,59.2759,5110.76121,3.15153,44.83862,6.1068399649445775,2.274958567571757,-21.99999962472046
1.42541,1.42485,59.69776,5106.65472,3.15903,44.80222,5.7457979067664375,2.140460901312125,-21.99999962472046
1.47376,1.47285,60.11991,5102.74284,3.16096,44.76805,5.406282369825213,2.0139824306101057,-21.99999962472046
1.52209,1.52079,60.54164,5099.01513,3.15766,44.73598,5.087483878757648,1.8952216045943069,-21.99999962472046
1.57042,1.56866,60.96231,5095.46154,3.14944,44.70589,4.788528560902082,1.7838528827052886,-21.99999962472046
1.61873,1.61647,61.38128,5092.07243,3.13659,44.67767,4.508500593171038,1.6795350967462086,-21.99999962472046
1.66703,1.66423,61.79799,5088.83861,3.11942,44.65119,4.246461031793238,1.5819184654571683,-21.99999962472046
1.71532,1.71193,62.21187,5085.75136,3.09818,44.62636,4.001463378740183,1.4906503934186897,-21.99999962472046
1.7636,1.75959,62.62243,5082.80239,3.07314,44.60306,3.7725662474196975,1.405380189355816,-21.99999962472046
1.81186,1.8072,63.0292,5079.9839,3.04455,44.58121,3.558843484054652,1.3257628366179939,-21.99999962472046
1.86012,1.85476,63.43172,5077.28852,3.01263,44.56071,3.3593920845129692,1.2514619424065556,-21.99999962472046
1.90837,1.90228,63.82959,5074.70933,2.97761,44.54148,3.173338222925575,1.1821519835935297,-21.99999962472046
1.95661,1.94977,64.22242,5072.23984,2.93968,44.52344,2.999841681006723,1.1175199567600005,-21.99999962472046
2.00484,1.99722,64.60986,5069.87395,2.89905,44.50651,2.8380989377969494,1.0572665292066599,-21.99999962472046
2.05306,2.04463,64.99156,5067.60597,2.85588,44.49062,2.6873451501153345,1.0011067767243798,-21.99999962472046
2.10126,2.09201,65.36722,5065.43057,2.81035,44.4757,2.546855225478582,0.9487705832848008,-21.99999962472046
2.14946,2.13935,65.73655,5063.34279,2.76262,44.4617,2.4159441623367113,0.9000027677870797,-21.99999962472046
2.19766,2.18667,66.09927,5061.33798,2.71283,44.44855,2.2939668076684927,0.8545629937558112,-21.99999962472046
2.24584,2.23396,66.45513,5059.41183,2.66111,44.43621,2.1803171594837045,0.812225509504765,-21.99999962472046
2.29401,2.28122,66.80389,5057.5603,2.60761,44.42461,2.074427321664992,0.772778758787981,-21.99999962472046
2.34218,2.32846,67.14535,5055.77963,2.55243,44.41372,1.9757662008606363,0.736024895358036,-21.99999962472046
2.39033,2.37567,67.47928,5054.06634,2.49568,44.4035,1.883838019638638,0.7017792290768219,-21.99999962472046
2.43848,2.42286,67.80551,5052.41716,2.43748,44.39389,1.7981807067136655,0.6698696262327248,-21.99999962472046
2.48662,2.47003,68.12385,5050.82907,2.37791,44.38487,1.7183642135870514,0.6401358824447343,-21.99999962472046
2.53475,2.51718,68.43414,5049.29923,2.31708,44.37639,1.6439887971537768,0.6124290828883568,-21.99999962472046
2.58288,2.56431,68.73623,5047.82503,2.25505,44.36843,1.5746832996031563,0.5866109615133621,-21.99999962472046
2.631,2.61142,69.02996,5046.40401,2.19192,44.36095,1.5101034500208472,0.5625532683458446,-21.99999962472046
2.67911,2.65851,69.31521,5045.03389,2.12775,44.35393,1.4499302063657982,0.5401371518310116,-21.99999962472046
2.72721,2.70559,69.59185,5043.71253,2.06261,44.34733,1.3938681517496048,0.5192525614050462,-21.99999962472046
2.7753,2.75265,69.85977,5042.43795,1.99657,44.34114,1.3416439550667334,0.4997976740393627,-21.99999962472046
2.82339,2.79969,70.11885,5041.20828,1.92969,44.33533,1.293004902874113,0.4816783473271265,-21.99999962472046
2.87147,2.84672,70.36899,5040.0218,1.86202,44.32987,1.2477175068778534,0.46480760073541677,-21.99999962472046
2.91955,2.89374,70.61011,5038.87688,1.79361,44.32476,1.2055661893734757,0.44910512589712426,-21.99999962472046
2.96761,2.94075,70.8421,5037.772,1.72452,44.31996,1.1663520473940174,0.4344968262236034,-21.99999962472046
3.01568,2.98774,71.0649,5036.70573,1.65479,44.31546,1.12989169509633,0.4209143856631094,-21.99999962472046
3.06373,3.03473,71.27842,5035.67674,1.58446,44.31125,1.0960161829796573,0.40829486608128185,-21.99999962472046
3.11178,3.0817,71.4826,5034.68376,1.51358,44.3073,1.0645699918425917,0.39658033248363983,-21.99999962472046
3.15982,3.12866,71.67736,5033.72562,1.44218,44.30361,1.0354100988901809,0.38571750511590736,-21.99999962472046
3.20786,3.17561,71.86265,5032.80118,1.3703,44.30016,1.0084051130646574,0.3756574373519593,-21.99999962472046
3.25589,3.22256,72.0384,5031.90941,1.29798,44.29693,0.9834344764756914,0.36635521820557887,-21.99999962472046
3.30391,3.26949,72.20458,5031.04929,1.22524,44.29391,0.9603877286903887,0.3577696982591238,-21.99999962472046
3.35193,3.31642,72.36112,5030.21988,1.15211,44.2911,0.9391638306278522,0.3498632377964621,-21.99999962472046
3.39995,3.36334,72.50799,5029.42027,1.07863,44.28848,0.9196705448358945,0.34260147593974033,-21.99999962472046
3.44796,3.41025,72.64514,5028.64962,1.00483,44.28604,0.9018238690159084,0.33595311962249375,-21.99999962472046
3.49596,3.45716,72.77253,5027.90709,0.93072,44.28376,0.8855475197819922,0.32988975127633735,-21.99999962472046
3.54396,3.50406,72.89014,5027.1919,0.85634,44.28165,0.8707724637923887,0.32438565416509013,-21.99999962472046
3.59195,3.55095,72.99793,5026.50329,0.78171,44.27968,0.8574364935562946,0.31941765436165,-21.99999962472046
3.63994,3.59784,73.09586,5025.84053,0.70685,44.27786,0.8454838454035012,0.3149649784316341,-21.99999962472046
3.68792,3.64472,73.18392,5025.20292,0.63178,44.27617,0.8348648572927371,0.31100912595798175,-21.99999962472046
3.7359,3.6916,73.26208,5024.58977,0.55653,44.27461,0.8255356643302565,0.30753375611361766,-21.99999962472046
3.78388,3.73848,73.33033,5024.00041,0.48112,44.27316,0.8174579300677611,0.3045245875628583,-21.99999962472046
3.83185,3.78535,73.38864,5023.4342,0.40556,44.27182,0.8105986118489658,0.3019693110468328,-21.99999962472046
3.87982,3.83222,73.437,5022.89048,0.32988,44.27058,0.8049297586653051,0.29985751407941497,-21.99999962472046
3.92778,3.87908,73.47539,5022.36864,0.2541,44.26943,0.8004283401839896,0.29818061725567657,-21.99999962472046
3.97574,3.92594,73.50381,5021.86804,0.17823,44.26837,0.7970761057982648,0.29693182174439897,-21.99999962472046
4.02369,3.9728,73.52225,5021.38807,0.1023,44.26739,0.7948594727421241,0.2961060676078607,-21.99999962472046
4.07164,4.01966,73.53071,5020.92811,0.02632,44.26648,0.7937694424967596,0.29570000266104063,-21.99999962472046
4.11959,4.06651,73.52917,5020.48754,-0.04969,44.26563,0.7938015449057727,0.2957119616530631,-21.99999962472046
4.16753,4.11336,73.51765,5020.06574,-0.12571,44.26484,0.7949558095896527,0.29614195561834017,-21.99999962472046
4.21547,4.16021,73.49613,5019.66207,-0.20172,44.2641,0.7972367644380037,0.2969916713148849,-21.99999962472046
4.26341,4.20706,73.46463,5019.27591,-0.2777,44.26341,0.8006534611328989,0.29826448073243395,-21.99999962472046
4.31135,4.25391,73.42315,5018.90661,-0.35364,44.26275,0.8052195278320409,0.29996546071830976,-21.99999962472046
4.35928,4.30076,73.3717,5018.55351,-0.42951,44.26211,0.810953249323164,0.30210142283704516,-21.99999962472046
4.40721,4.3476,73.31029,5018.21593,-0.5053,44.2615,0.8178776751297476,0.30468095364260556,-21.99999962472046
4.45513,4.39445,73.23894,5017.89317,-0.58099,44.2609,0.8260207562279319,0.3077144656090378,-21.99999962472046
4.50305,4.44129,73.15765,5017.58452,-0.65655,44.2603,0.8354155112085986,0.31121425903021666,-21.99999962472046
4.55098,4.48814,73.06646,5017.28924,-0.73197,44.2597,0.8461002228945157,0.31519459526490495,-21.99999962472046
4.59889,4.53498,72.96537,5017.00655,-0.80723,44.25909,0.8581186665930571,0.3196717817668969,-21.99999962472046
4.64681,4.58183,72.85442,5016.73566,-0.8823,44.25846,0.8715203713421026,0.3246642694059904,-21.99999962472046
4.69472,4.62867,72.73363,5016.47572,-0.95716,44.2578,0.8863609156709594,0.33019276264671155,-21.99999962472046
4.74264,4.67552,72.60304,5016.22587,-1.03179,44.2571,0.9027022595688259,0.33628034321530187,-21.99999962472046
4.79055,4.72236,72.46266,5015.98518,-1.10616,44.25635,0.9206131145090495,0.34295260794349125,-21.99999962472046
4.83845,4.76921,72.31255,5015.7527,-1.18024,44.25554,0.9401693535270762,0.35023782153332284,-21.99999962472046
4.88636,4.81605,72.15274,5015.5274,-1.25402,44.25466,0.9614544634855395,0.3581670850377993,-21.99999962472046
4.93427,4.8629,71.98327,5015.30822,-1.32746,44.2537,0.98456004178428,0.3667745208984337,-21.99999962472046
4.98217,4.90974,71.80419,5015.09402,-1.40053,44.25264,1.009586339856498,0.37609747541186733,-21.99999962472046
5.03007,4.95659,71.61556,5014.88361,-1.4732,44.25148,1.0366428558653962,0.3861767395249632,-21.99999962472046
5.07797,5.00344,71.41743,5014.67572,-1.54544,44.25019,1.0658489790317303,0.3970567888637722,-21.99999962472046
5.12587,5.05029,71.20985,5014.46901,-1.61721,44.24877,1.0973346879919361,0.40878604389031054,-21.99999962472046
5.17377,5.09713,70.99289,5014.26203,-1.68848,44.24721,1.131241305487881,0.4214171510443487,-21.99999962472046
5.22167,5.14398,70.76663,5014.05327,-1.7592,44.24547,1.167722311512106,0.4350072856614101,-21.99999962472046
5.26957,5.19083,70.53114,5013.8411,-1.82934,44.24356,1.206944216739273,0.449618477348966,-21.99999962472046
5.31747,5.23768,70.2865,5013.6238,-1.89884,44.24144,1.249087497665172,0.46531795835032,-21.99999962472046
5.36537,5.28452,70.03279,5013.39951,-1.96767,44.2391,1.294347594297567,0.48217853521070075,-21.99999962472046
5.41326,5.33137,69.77012,5013.16626,-2.03578,44.23652,1.3429359704769332,0.5002789837746335,-21.99999962472046
5.46116,5.37822,69.49857,5012.92194,-2.10309,44.23367,1.3950812359065523,0.5197044671716743,-21.99999962472046
5.50906,5.42506,69.21827,5012.6643,-2.16957,44.23053,1.451030327683383,0.5405469759677458,-21.99999962472046
5.55696,5.4719,68.92932,5012.39092,-2.23515,44.22709,1.5110497475052254,0.5629057890573609,-21.99999962472046
5.60485,5.51875,68.63185,5012.09921,-2.29976,44.2233,1.5754268487024046,0.5868879531167864,-21.99999962472046
5.65275,5.56558,68.32599,5011.78642,-2.36333,44.21914,1.6444711647448154,0.6126087775078737,-21.99999962472046
5.70065,5.61242,68.0119,5011.44956,-2.42578,44.21457,1.7185157678131584,0.6401923403815909,-21.99999962472046
5.74855,5.65925,67.68971,5011.08547,-2.48705,44.20958,1.7979186423128743,0.6697720003481007,-21.99999962472046
5.79645,5.70608,67.35961,5010.69073,-2.54702,44.20411,1.88306405373538,0.7014909064135898,-21.99999962472046
5.84435,5.75291,67.02176,5010.2617,-2.60563,44.19813,1.9743638879299243,0.7355024968942722,-21.99999962472046
5.89225,5.79973,66.67636,5009.79445,-2.66276,44.19159,2.0722589295096565,0.771970975656287,-21.99999962472046
5.94016,5.84654,66.32361,5009.28479,-2.7183,44.18446,2.1772200406678452,0.811071751255757,-21.99999962472046
5.98806,5.89335,65.96373,5008.72822,-2.77215,44.17669,2.289749192964289,0.8529918213063736,-21.99999962472046
6.03597,5.94015,65.59696,5008.11994,-2.82419,44.16822,2.41038029457557,0.8979300806518834,-21.99999962472046
6.08388,5.98694,65.22354,5007.45478,-2.87427,44.159,2.539679743955141,0.9460975276190375,-21.99999962472046
6.13179,6.03372,64.84376,5006.72724,-2.92226,44.14898,2.6782466277280066,0.9977173377385683,-21.99999962472046
6.1797,6.08049,64.4579,5005.93142,-2.96801,44.13808,2.826712465943954,1.0530247688453138,-21.99999962472046
6.22761,6.12725,64.06627,5005.06101,-3.01136,44.12624,2.9857403915386374,1.1122668554058828,-21.99999962472046
6.27553,6.174,63.66921,5004.10932,-3.05214,44.11339,3.1560236331222162,1.175701843317502,-21.99999962472046
6.32345,6.22073,63.26707,5003.06917,-3.09016,44.09946,3.338283151276609,1.2435983093665515,-21.99999962472046
6.37137,6.26744,62.86023,5001.93296,-3.12524,44.08435,3.5332642588371583,1.3162339021945562,-21.99999962472046
6.4193,6.31414,62.44911,5000.6926,-3.15716,44.068,3.7417320357206205,1.393893634200973,-21.99999962472046
6.46722,6.36081,62.03415,4999.33952,-3.18571,44.0503,3.96446532972838,1.4768676466845354,-21.99999962472046
6.51516,6.40746,61.6158,4997.86465,-3.21065,44.03116,4.202249117552564,1.5654483641170418,-21.99999962472046
6.56309,6.45409,61.19457,4996.25843,-3.23175,44.01047,4.45586498661805,1.6599269483790613,-21.99999962472046
6.61103,6.50069,60.77099,4994.5108,-3.24875,43.98814,4.726079490462832,1.760588960832734,-21.99999962472046
6.65897,6.54726,60.34563,4992.6112,-3.26137,43.96404,5.013630130674597,1.8677091402243085,-21.99999962472046
6.70692,6.5938,59.9191,4990.54863,-3.26935,43.93805,5.3192087301002395,1.9815452087672072,-21.99999962472046
6.75487,6.6403,59.49202,4988.31161,-3.27238,43.91007,5.643441988672837,2.102330628675969,-21.99999962472046
6.80282,6.68676,59.06509,4985.8883,-3.27017,43.87995,5.986869058995566,2.230266248481236,-21.99999962472046
6.85078,6.73319,58.63902,4983.26647,-3.26241,43.84758,6.3499160479960155,2.3655108042250834,-21.99999962472046
6.89874,6.77956,58.21457,4980.43364,-3.24878,43.81281,6.732867448088618,2.5081702768173333,-21.99999962472046
6.94671,6.82589,57.79255,4977.37712,-3.22896,43.77551,7.135834630446388,2.658286154950285,-21.99999962472046
6.99468,6.87217,57.37379,4974.08415,-3.20263,43.73555,7.558721697461349,2.81582271424175,-21.99999962472046
7.04266,6.91838,56.95918,4970.54199,-3.16947,43.69279,8.00118919294552,2.9806534983300743,-21.99999962472046
7.09064,6.96454,56.54965,4966.73809,-3.12918,43.64709,8.462616406549257,3.152547276278145,-21.99999962472046
7.13862,7.01063,56.14615,4962.66027,-3.08144,43.59833,8.942063278986268,3.331153851267368,-21.99999962472046
7.18662,7.05664,55.74968,4958.29687,-3.02597,43.54639,9.438233208761053,3.5159902051250334,-21.99999962472046
7.23461,7.10258,55.36127,4953.63702,-2.96251,43.49115,9.949438365148573,3.7064275764965635,-21.99999962472046
7.28261,7.14844,54.98199,4948.67083,-2.89082,43.43251,10.473569406506616,3.901680180120114,-21.99999962472046
7.33061,7.19421,54.61291,4943.38965,-2.8107,43.37037,11.008071761475719,4.10079637094947,-21.99999962472046
7.37862,7.23988,54.25514,4937.78637,-2.722,43.30468,11.549930821157062,4.302653127850686,-21.99999962472046
7.42663,7.28546,53.90979,4931.85563,-2.62461,43.23537,12.095668477159629,4.505954763933569,-21.99999962472046
7.47465,7.33093,53.57799,4925.59412,-2.51848,43.16243,12.641353385411476,4.709236750091432,-21.99999962472046
7.52266,7.37629,53.26085,4919.00086,-2.40362,43.08583,13.182627103792397,4.910875451956984,-21.99999962472046
7.57068,7.42153,52.95946,4912.07741,-2.28013,43.00563,13.714747815058931,5.1091044178423175,-21.99999962472046
7.6187,7.46665,52.67492,4904.82813,-2.14816,42.92187,14.232652690769301,5.302037610941832,-21.99999962472046
7.66672,7.51164,52.40825,4897.26029,-2.00797,42.83464,14.731039082056283,5.487699655031402,-21.99999962472046
7.71474,7.5565,52.16046,4889.38429,-1.8599,42.74408,15.20446366779044,5.664062769767914,-21.99999962472046
7.76276,7.60121,51.93249,4881.21364,-1.70437,42.65034,15.647457506241258,5.82908963046023,-21.99999962472046
7.81078,7.64578,51.7252,4872.76502,-1.54188,42.55363,16.054653704932825,5.980780928449637,-21.99999962472046
7.85879,7.69019,51.53939,4864.0582,-1.37306,42.45419,16.420923249228284,6.117225970831411,-21.99999962472046
7.9068,7.73445,51.37576,4855.11585,-1.19857,42.35228,16.741513529802386,6.236654285583212,-21.99999962472046
7.9548,7.77855,51.23491,4845.96338,-1.01918,42.2482,17.01218339908631,6.337485933644352,-21.99999962472046
8.00279,7.82249,51.11732,4836.62858,-0.83573,42.14229,17.229328267668897,6.4183781106167155,-21.99999962472046
8.05077,7.86626,51.02337,4827.14126,-0.6491,42.03489,17.390088892739445,6.47826567332211,-21.99999962472046
8.09875,7.90985,50.95333,4817.53285,-0.46022,41.92638,17.492438137892734,6.5163934601124245,-21.99999962472046
8.1467,7.95328,50.90731,4807.83589,-0.27006,41.81715,17.535241070370766,6.532338678673424,-21.99999962472046
8.19465,7.99653,50.88533,4798.08357,-0.07959,41.70759,17.518285230421927,6.526022182157483,-21.99999962472046
8.24258,8.0396,50.88725,4788.30916,0.11018,41.59809,17.442279634761434,6.4977080979463695,-21.99999962472046
8.29049,8.0825,50.91285,4778.54555,0.2983,41.48905,17.308822909351363,6.447991956273339,-21.99999962472046
8.33839,8.12523,50.96175,4768.82474,0.48382,41.38084,17.120342721771753,6.377778127187733,-21.99999962472046
8.38626,8.16778,51.03348,4759.17741,0.66584,41.27384,16.880010245601436,6.288247956286267,-21.99999962472046
8.43411,8.21016,51.12745,4749.63248,0.8435,41.16838,16.591634613010232,6.180820445526493,-21.99999962472046
8.48195,8.25237,51.243,4740.21682,1.01602,41.0648,16.259543112784257,6.057107623839067,-21.99999962472046
8.52975,8.29441,51.37935,4730.95496,1.18269,40.96337,15.88845323498926,5.918866880398111,-21.99999962472046
8.57754,8.33629,51.53565,4721.86887,1.34286,40.86437,15.483342564590844,5.7679524965714535,-21.99999962472046
8.6253,8.37801,51.71101,4712.97786,1.49599,40.76801,15.049322040026803,5.606268431404058,-21.99999962472046
8.67303,8.41957,51.90445,4704.29851,1.6416,40.67451,14.591517305421338,5.435724122196003,-21.99999962472046
8.72074,8.46098,52.11496,4695.84464,1.7793,40.58401,14.114961898457677,5.258194694174638,-21.99999962472046
8.76842,8.50224,52.34151,4687.62743,1.90879,40.49666,13.624504934933304,5.075486570562441,-21.99999962472046
8.81608,8.54336,52.58302,4679.65545,2.02985,40.41254,13.124734871364163,4.889309072141157,-21.99999962472046
8.86371,8.58434,52.83841,4671.93485,2.14233,40.33173,12.61991992693362,4.701252222860197,-21.99999962472046
8.91131,8.62519,53.10659,4664.46955,2.24614,40.25426,12.113964882507277,4.512770656332965,-21.99999962472046
8.95888,8.66591,53.38648,4657.26137,2.34129,40.18016,11.610383281275473,4.32517325984475,-21.99999962472046
9.00643,8.70651,53.67701,4650.31029,2.42781,40.1094,11.11228354546604,4.139618002462925,-21.99999962472046
9.05395,8.74699,53.9771,4643.61466,2.50579,40.04196,10.622367192493169,3.957111270505482,-21.99999962472046
9.10145,8.78737,54.28573,4637.17137,2.57538,39.97778,10.142937164348927,3.778510970458515,-21.99999962472046
9.14892,8.82763,54.60186,4630.97613,2.63675,39.91682,9.675914250823327,3.6045326470578254,-21.99999962472046
9.19636,8.8678,54.92453,4625.02361,2.69012,39.85898,9.222859661288858,3.435757891872554,-21.99999962472046
9.24378,8.90787,55.25277,4619.30762,2.73572,39.80418,8.785001951699371,3.272644374320766,-21.99999962472046
9.29117,8.94784,55.58565,4613.82135,2.7738,39.75233,8.363266715906649,3.115536902466088,-21.99999962472046
9.33854,8.98773,55.92231,4608.55746,2.80464,39.70331,7.958307679815672,2.964679006408691,-21.99999962472046
9.38589,9.02754,56.26188,4603.50823,2.82852,39.65703,7.570538074048647,2.8202246254280983,-21.99999962472046
9.43321,9.06728,56.60355,4598.66573,2.84573,39.61338,7.20016139134392,2.6822495659235592,-21.99999962472046
9.48051,9.10693,56.94655,4594.02187,2.85656,39.57223,6.847200848644872,2.550762476817358,-21.99999962472046
9.52778,9.14652,57.29015,4589.56851,2.86131,39.53348,6.511527064438736,2.425715160091757,-21.99999962472046
9.57504,9.18604,57.63364,4585.29756,2.86026,39.49702,6.19288362615757,2.307012095318577,-21.99999962472046
9.62227,9.2255,57.97636,4581.20103,2.85371,39.46273,5.890910359518376,2.194519108100645,-21.99999962472046
9.66948,9.26491,58.31768,4577.27107,2.84194,39.4305,5.605164222443536,2.0880711536069105,-21.99999962472046
9.71668,9.30425,58.657,4573.50004,2.82521,39.40023,5.33513783267409,1.9874792185958792,-21.99999962472046
9.76385,9.34355,58.99377,4569.88052,2.8038,39.37182,5.080275703156472,1.892536369524355,-21.99999962472046
9.811,9.38279,59.32745,4566.40534,2.77796,39.34517,4.839988305676168,1.8030229916210092,-21.99999962472046
9.85813,9.42199,59.65755,4563.06763,2.74795,39.32018,4.613664114156679,1.7187112753321272,-21.99999962472046
9.90525,9.46115,59.98359,4559.86076,2.71398,39.29675,4.40067979741831,1.6393690133924423,-21.99999962472046
9.95234,9.50026,60.30513,4556.77842,2.67631,39.27481,4.200408739685876,1.5647627749384443,-21.99999962472046
9.99942,9.53934,60.62177,4553.81459,2.63513,39.25426,4.0122280680210975,1.4946605234118513,-21.99999962472046
10.04648,9.57838,60.9331,4550.96354,2.59065,39.23502,3.835524361221459,1.428833743274643,-21.99999962472046
10.09353,9.61738,61.23876,4548.21983,2.54308,39.21703,3.6696982061321672,1.367059137355149,-21.99999962472046
10.14056,9.65635,61.53841,4545.57829,2.49259,39.20021,3.514167756161291,1.3091199524885704,-21.99999962472046
10.18757,9.6953,61.83172,4543.03405,2.43936,39.18448,3.368371434143115,1.2548069864046931,-21.99999962472046
10.23456,9.73422,62.11866,4540.58192,2.38811,39.1932,3.2316463827722943,1.2038733073164514,0.0
10.28151,9.77313,62.39921,4538.2171,2.33426,39.20197,3.1033770824732985,1.156089617986665,0.0
10.32844,9.81204,62.67309,4535.93563,2.27798,39.21079,2.9831084304411872,1.1112863806460183,0.0
10.37534,9.85095,62.94001,4533.73374,2.2194,39.21965,2.8704041506805527,1.0693010710071098,0.0
10.42221,9.88984,63.19973,4531.60789,2.15868,39.22857,2.764848427196476,1.0299787866710548,0.0
10.46905,9.92874,63.45201,4529.55472,2.09594,39.23754,2.6660462803317606,0.9931723873230067,0.0
10.51586,9.96762,63.69663,4527.57104,2.0313,39.24656,2.5736236664284555,0.958742531858699,0.0
10.56265,10.00651,63.93339,4525.65385,1.96489,39.25563,2.4872273546550185,0.9265576324993189,0.0
10.60941,10.04539,64.16208,4523.8003,1.89683,39.26476,2.406524627318264,0.8964937431498258,0.0
10.65615,10.08427,64.38254,4522.0077,1.8272,39.27394,2.3312028432479424,0.868434396748217,0.0
10.70287,10.12315,64.59459,4520.27351,1.75612,39.28316,2.26096889783533,0.8422704041156969,0.0
10.74956,10.16203,64.79807,4518.59531,1.68369,39.29245,2.195548608035829,0.8178996248539624,0.0
10.79623,10.20091,64.99283,4516.97081,1.60998,39.30178,2.1346860460107266,0.7952267191092268,0.0
10.84287,10.23979,65.17874,4515.39784,1.53509,39.31117,2.0781428410857212,0.7741628875334021,0.0
10.88949,10.27867,65.35568,4513.87433,1.4591,39.32062,2.0256974662349783,0.7546256054806388,0.0
10.9361,10.31755,65.52352,4512.39832,1.38208,39.33011,1.977144522332727,0.7365383563722107,0.0
10.98268,10.35643,65.68216,4510.96793,1.30411,39.33967,1.932294030907125,0.7198303682287217,0.0
11.02924,10.39532,65.83149,4509.58136,1.22526,39.34927,1.8909707439775476,0.704436356566338,0.0
11.07578,10.4342,65.97141,4508.23692,1.1456,39.35893,1.8530134777748162,0.6902962761900402,0.0
11.1223,10.4731,66.10186,4506.93294,1.06518,39.36865,1.8182744756481857,0.6773550838597134,0.0
11.1688,10.51199,66.22274,4505.66785,0.98408,39.37842,1.7866188042199254,0.6655625133418434,0.0
11.21528,10.55089,66.33398,4504.44014,0.90235,39.38825,1.7579237858367454,0.6548728639827354,0.0
11.26175,10.58979,66.43553,4503.24831,0.82004,39.39813,1.7320784695343912,0.6452448036289096,0.0
11.30819,10.6287,66.52732,4502.09095,0.73721,39.40807,1.7089831420756163,0.636641186475878,0.0
11.35462,10.66761,66.60929,4500.96667,0.65392,39.41806,1.6885488800846857,0.629028886226465,0.0
11.40103,10.70652,66.68141,4499.87412,0.57021,39.42811,1.670697143899159,0.6223786447899082,0.0
11.44742,10.74545,66.74362,4498.81196,0.48613,39.43821,1.6553594134361325,0.6166649366324545,0.0
11.49379,10.78438,66.79591,4497.77889,0.40174,39.44837,1.6424768661488427,0.6118658488077199,0.0
11.54015,10.82331,66.83822,4496.77363,0.31708,39.45859,1.6320000969655906,0.6079629766265707,0.0
11.58649,10.86225,66.87055,4495.79491,0.23219,39.46886,1.6238888800078919,0.6049413348908655,0.0
11.63281,10.9012,66.89288,4494.84147,0.14713,39.47919,1.618111971805218,0.6027892845857666,0.0
11.67912,10.94015,66.90518,4493.91204,0.06193,39.48958,1.6146469556874807,0.6014984749118485,0.0
11.72541,10.97911,66.90745,4493.00536,-0.02335,39.50002,1.6134801270409722,0.6010638005399147,0.0
11.77168,11.01808,66.89968,4492.12018,-0.10867,39.51052,1.6146064191029401,0.6014833739675254,0.0
11.81794,11.05706,66.88189,4491.25521,-0.194,39.52107,1.6180293690088794,0.6027585128707201,0.0
11.86418,11.09604,66.85407,4490.40916,-0.27927,39.53168,1.623761123821231,0.6048937423498667,0.0
11.91041,11.13503,66.81623,4489.58072,-0.36446,39.54235,1.6318224862943076,0.6078968119782998,0.0
11.95662,11.17403,66.7684,4488.76855,-0.4495,39.55307,1.6422430001523927,0.6117787275706573,0.0
12.00281,11.21304,66.71059,4487.97128,-0.53437,39.56385,1.6550610746527443,0.6165537975858766,0.0
12.04899,11.25206,66.64284,4487.1875,-0.619,39.57469,1.6703241481948217,0.6222396940759349,0.0
12.09516,11.29109,66.56517,4486.41579,-0.70335,39.58558,1.68808889068207,0.628857528070941,0.0
12.1413,11.33012,66.47764,4485.65463,-0.78738,39.59653,1.7084214442731946,0.6364319392653172,0.0
12.18744,11.36917,66.38027,4484.90249,-0.87103,39.60753,1.7313977020241917,0.6449911998192889,0.0
12.23355,11.40822,66.27312,4484.15778,-0.95425,39.61859,1.7571036237458864,0.654567332024127,0.0
12.27966,11.44728,66.15625,4483.41881,-1.03698,39.62971,1.7856355881567008,0.6651962394883204,0.0
12.32574,11.48635,66.02972,4482.68387,-1.11918,39.64088,1.8171007800818502,0.6769178513794647,0.0
12.37182,11.52543,65.8936,4481.95113,-1.20078,39.65211,1.8516176110419282,0.6897762791045751,0.0
12.41787,11.56452,65.74798,4481.21869,-1.28173,39.6634,1.8893161710356698,0.7038199846110544,0.0
12.46391,11.60362,65.59292,4480.48458,-1.36196,39.67474,1.9303387086771073,0.719101959250416,0.0
12.50994,11.64273,65.42853,4479.74671,-1.44141,39.68614,1.9748401360395773,0.7356799118459598,0.0
12.55595,11.68185,65.25489,4479.00288,-1.52,39.69759,2.0229885535815306,0.7536164642414479,0.0
12.60194,11.72098,65.07213,4478.25077,-1.59767,39.7091,2.074965789358359,0.7729793521716977,0.0
12.64792,11.76012,64.88036,4477.48797,-1.67435,39.72066,2.130967945318037,0.7938416287720826,0.0
12.69388,11.79927,64.6797,4476.7119,-1.74995,39.73228,2.1912059418211745,0.8162818674265787,0.0
12.73983,11.83843,64.47028,4475.91986,-1.82439,39.74395,2.255906049561622,0.8403843599221853,0.0
12.78576,11.87759,64.25226,4475.10899,-1.89758,39.75568,2.3253103957908023,0.8662393050308087,0.0
12.83167,11.91677,64.02578,4474.27625,-1.96944,39.76746,2.3996774290888334,0.8939429816487345,0.0
12.87757,11.95595,63.79102,4473.41847,-2.03986,39.77929,2.4792823238798674,0.9235978994892342,0.0
12.92345,11.99515,63.54815,4472.53225,-2.10874,39.79118,2.5644173023892756,0.9553129190200882,0.0
12.96931,12.03435,63.29737,4471.61403,-2.17597,39.80312,2.655391847780906,0.9892033308628215,0.0
13.01515,12.07356,63.03888,4470.66003,-2.24145,39.81512,2.752532777750096,1.0253908832080387,0.0
13.06098,12.11278,62.7729,4469.66624,-2.30504,39.82717,2.8561841428713595,1.0640037439472618,0.0
13.10678,12.15201,62.49965,4468.62845,-2.36663,39.83927,2.966706908527906,1.105176382183307,0.0
13.15257,12.19125,62.2194,4467.5422,-2.42607,39.85142,3.0844783732457555,1.1490493515444384,0.0
13.19834,12.23049,61.93241,4466.40276,-2.48323,39.86362,3.2098912698568793,1.1957689553439885,0.0
13.24409,12.26974,61.63896,4465.20516,-2.53795,39.87588,3.3433524891183346,1.2454867710949002,0.0
13.28982,12.309,61.33934,4463.94416,-2.59008,39.88818,3.4852813584219278,1.2983590092837902,0.0
13.33553,12.34827,61.03389,4462.61424,-2.63946,39.90054,3.636107401171355,1.3545456786799757,0.0
13.38121,12.38754,60.72294,4461.20959,-2.6859,39.91294,3.7962674956276565,1.4142095279306528,0.0
13.42687,12.42681,60.40685,4459.72412,-2.72923,39.9254,3.966202345801286,1.4775147308753365,0.0
13.47251,12.46609,60.086,4458.15143,-2.76926,39.9379,4.146352171811029,1.5446252810911625,0.0
13.51813,12.50538,59.76081,4456.48483,-2.80578,39.95044,4.33715152361121,1.6157030598698143,0.0
13.56372,12.54466,59.43171,4454.71736,-2.83859,39.96304,4.539023120801968,1.6909055413847656,0.0
13.60928,12.58396,59.09914,4452.84175,-2.86748,39.97568,4.752370623226315,1.7703830995484677,0.0
13.65482,12.62325,58.7636,4450.85046,-2.89221,39.98836,4.977570243266828,1.8542758833721746,0.0
13.70033,12.66254,58.42559,4448.73571,-2.91255,40.00109,5.214961122251171,1.9427102319237863,0.0
13.74579,12.70185,58.08504,4446.49067,-2.93871,40.05915,5.4653037542155,2.0359694492415734,25.999999556487815
13.7912,12.7412,57.74188,4444.10805,-2.96049,40.11947,5.72940617920018,2.1343545515013846,25.999999556487815
13.83654,12.78059,57.39664,4441.57891,-2.97764,40.18217,6.007623023679589,2.2379976463957103,25.999999556487815
13.88181,12.82002,57.0499,4438.89409,-2.98991,40.24738,6.300239913005161,2.3470051368832143,25.999999556487815
13.92701,12.85948,56.70224,4436.04421,-2.99706,40.31522,6.607461442392862,2.461453240065069,25.999999556487815
13.97213,12.89898,56.3543,4433.01977,-2.99882,40.38582,6.929394280437404,2.5813816927994235,25.999999556487815
14.01718,12.93853,56.00672,4429.81114,-2.99494,40.45932,7.266028865582467,2.706786933154969,25.999999556487815
14.06215,12.97811,55.66019,4426.40868,-2.98516,40.53584,7.617219880891036,2.8376148267491486,25.999999556487815
14.10704,13.01774,55.31542,4422.80283,-2.96922,40.61551,7.9826657856402825,2.9737530417286946,25.999999556487815
14.15183,13.05741,54.97314,4418.98414,-2.94688,40.69846,8.361887789084875,3.115023215943229,25.999999556487815
14.19653,13.09713,54.63414,4414.94345,-2.91788,40.78481,8.754208770295794,3.261173104030568,25.999999556487815
14.24114,13.13688,54.29919,4410.67197,-2.88201,40.87468,9.15873277470068,3.4118689393385235,25.999999556487815
14.28564,13.17669,53.96911,4406.16142,-2.83905,40.96817,9.574325847419784,3.5666882938382423,25.999999556487815
14.33003,13.21654,53.64475,4401.40417,-2.78881,41.06539,9.99959908844215,3.7251137657314817,25.999999556487815
14.37431,13.25643,53.32695,4396.39341,-2.73112,41.16643,10.43289492558514,3.8865278657668614,25.999999556487815
14.41848,13.29638,53.01659,4391.12326,-2.66584,41.27135,10.872277686772245,4.050209505165284,25.999999556487815
14.46252,13.33637,52.71454,4385.589,-2.59287,41.38021,11.315529600545158,4.215332505705454,25.999999556487815
14.50644,13.37641,52.42169,4379.7872,-2.51215,41.49305,11.760153349613164,4.380966550988203,25.999999556487815
14.55023,13.4165,52.13892,4373.71587,-2.42365,41.60988,12.20338223322446,4.54608097218721,25.999999556487815
14.59387,13.45664,51.86712,4367.37467,-2.32741,41.73069,12.642198849317067,4.709551707641758,25.999999556487815
14.63738,13.49682,51.60713,4360.76499,-2.22351,41.85545,13.07336297883225,4.870171690497178,25.999999556487815
14.68073,13.53706,51.35983,4353.89015,-2.1121,41.98409,13.493449040111873,5.026664801453332,25.999999556487815
14.72393,13.57735,51.12602,4346.75543,-1.99338,42.11652,13.8988930854593,5.177703376220118,25.999999556487815
14.76698,13.61768,50.90649,4339.3682,-1.86762,42.25262,14.28604884810075,5.321929084485251,25.999999556487815
14.80986,13.65807,50.702,4331.73798,-1.73514,42.39222,14.651251837636952,5.457976807156455,25.999999556487815
14.85257,13.6985,50.51323,4323.87637,-1.59636,42.53514,14.990889956264562,5.584500942761971,25.999999556487815
14.89511,13.73899,50.34084,4315.79711,-1.45172,42.68115,15.301478604391297,5.700203386268341,25.999999556487815
14.93747,13.77952,50.1854,4307.51592,-1.30177,42.83001,15.579737803942374,5.803862259541292,25.999999556487815
14.97965,13.8201,50.04742,4299.05045,-1.14707,42.98143,15.822668533411507,5.894360348160727,25.999999556487815
15.02164,13.86072,49.92734,4290.42007,-0.98827,43.13511,16.027625277821162,5.970712128189825,25.999999556487815
15.06345,13.90139,49.82552,4281.64568,-0.82606,43.29072,16.19238177852026,6.032088259704672,25.999999556487815
15.10506,13.9421,49.74223,4272.74948,-0.66115,43.4479,16.31518713758872,6.077836487161136,25.999999556487815
15.14648,13.98286,49.67766,4263.75469,-0.49431,43.6063,16.394809789218858,6.1074980198914135,25.999999556487815
15.18771,14.02366,49.6319,4254.68526,-0.32631,43.76553,16.43056737780292,6.120818662477755,25.999999556487815
15.22874,14.0645,49.60495,4245.56557,-0.15795,43.92522,16.422341245573875,6.1177542117798716,25.999999556487815
15.26957,14.10537,49.59674,4236.4201,0.00999,44.08497,16.37057498333051,6.098469917041884,25.999999556487815
15.3102,14.14629,49.6071,4227.27314,0.17671,44.2444,16.276257280496033,6.063334091087924,25.999999556487815
15.35064,14.18724,49.63576,4218.14848,0.34145,44.40315,16.1408900660874,6.012906241994937,25.999999556487815
15.39088,14.22822,49.68238,4209.06912,0.50347,44.56084,15.966443605483043,5.947920345457193,25.999999556487815
15.43092,14.26924,49.74656,4200.05703,0.66206,44.71714,15.75530076297514,5.869264081120461,25.999999556487815
15.47077,14.31029,49.8278,4191.13292,0.81655,44.87172,15.510193025031752,5.777954999563826,25.999999556487815
15.51043,14.35137,49.92555,4182.31607,0.96634,45.02427,15.234131087306219,5.675114664134327,25.999999556487815
15.5499,14.39247,50.03919,4173.62414,1.11085,45.17453,14.930332839875048,5.561941823553249,25.999999556487815
15.58918,14.4336,50.16806,4165.0731,1.24959,45.32223,14.602151454292988,5.4396856224519885,25.999999556487815
15.62827,14.47476,50.31144,4156.67716,1.3821,45.46717,14.25300600936767,5.309619757647767,25.999999556487815
15.66719,14.51594,50.46858,4148.4487,1.50802,45.60914,13.886316723531033,5.173018350497841,25.999999556487815
15.70593,14.55714,50.6387,4140.39829,1.62701,45.748,13.505446428031942,5.031134144123832,25.999999556487815
15.74449,14.59837,50.82098,4132.53474,1.73882,45.88361,13.113649453563204,4.885179462335403,25.999999556487815
15.78289,14.63961,51.0146,4124.86512,1.84324,46.01586,12.714028646441038,4.736310197026146,25.999999556487815
15.82113,14.68087,51.21873,4117.39488,1.94013,46.14468,12.309500806496187,4.585612932878634,25.999999556487815
15.8592,14.72216,51.43251,4110.12792,2.02939,46.27001,11.902770467233825,4.434095179784104,25.999999556487815
15.89712,14.76346,51.65509,4103.0667,2.11099,46.39184,11.496311632214333,4.282678569163751,25.999999556487815
15.93489,14.80477,51.88564,4096.21237,2.18493,46.51016,11.092356845802383,4.13219478253519,25.999999556487815
15.97251,14.8461,52.12332,4089.56492,2.25124,46.62498,10.692892810903354,3.983383919003977,25.999999556487815
16.00999,14.88745,52.3673,4083.12326,2.31001,46.73634,10.299661666393982,3.836894971140126,25.999999556487815
16.04734,14.92881,52.61678,4076.88536,2.36134,46.84429,9.914166994688252,3.6932880629544824,25.999999556487815
16.08455,14.97019,52.87096,4070.84841,2.40539,46.94888,9.53768363524922,3.5530381056900797,25.999999556487815
16.12163,15.01158,53.12908,4065.00888,2.4423,47.05019,9.171270422618466,3.41653954307327,25.999999556487815
16.15859,15.05298,53.39039,4059.36269,2.47226,47.14831,8.815785037175793,3.284111883612458,25.999999556487815
16.19543,15.0944,53.65416,4053.90527,2.49548,47.24333,8.471900244249207,3.156005750093848,25.999999556487815
16.23215,15.13583,53.91969,4048.63165,2.51215,47.33535,8.140120893997677,3.032409212485062,25.999999556487815
16.26877,15.17728,54.18631,4043.5366,2.52251,47.42447,7.820801154272627,2.9134542076294725,25.999999556487815
16.30527,15.21873,54.45337,4038.61466,2.52679,47.5108,7.514161546204851,2.7992228854505616,25.999999556487815
16.34167,15.2602,54.72025,4033.86021,2.5252,47.59444,7.220305443802945,2.689753755486465,25.999999556487815
16.37797,15.30168,54.98635,4029.26756,2.518,47.67551,6.939234782053056,2.5850475385704343,25.999999556487815
16.41417,15.34317,55.25112,4024.83096,2.50541,47.75412,6.6708647913206285,2.485072655783174,25.999999556487815
16.45028,15.38468,55.514,4020.5447,2.48767,47.83039,6.415037638805163,2.389770310253668,25.999999556487815
16.4863,15.4262,55.77448,4016.40309,2.46501,47.90441,6.171534910413097,2.299059136985243,25.999999556487815
16.52222,15.46773,56.03207,4012.40052,2.43767,47.9763,5.940088909218142,2.212839411829327,25.999999556487815
16.55807,15.50927,56.2863,4008.53151,2.40585,48.04617,5.72039278050563,2.1309968233308725,25.999999556487815
16.59383,15.55083,56.53673,4004.79067,2.36979,48.11411,5.512109499217888,2.0534058207882326,25.999999556487815
16.62951,15.5924,56.78294,4001.17277,2.3297,48.18023,5.314879774532638,1.9799325589165997,25.999999556487815
16.66512,15.63398,57.02454,3997.67273,2.28578,48.24463,5.128328939349534,1.910437464363009,25.999999556487815
16.70064,15.67558,57.26115,3994.28563,2.23823,48.30741,4.95207290067358,1.84477745238073,25.999999556487815
16.7361,15.71718,57.49241,3991.0067,2.18724,48.36864,4.785723231203569,1.7828078235799263,25.999999556487815
16.77149,15.7588,57.71799,3987.83137,2.13301,48.42843,4.628891483648828,1.7243838711241575,25.999999556487815
16.8068,15.80044,57.93758,3984.75521,2.07571,48.48686,4.4811928082198715,1.6693622283408338,25.999999556487815
16.84205,15.84209,58.15088,3981.77399,2.01551,48.544,4.342248950878381,1.6176019856482189,25.999999556487815
16.87724,15.88375,58.35761,3978.88362,1.95258,48.59995,4.211690705899214,1.5689656041993094,25.999999556487815
16.91236,15.92542,58.55751,3976.08018,1.88707,48.65476,4.089159891438595,1.5233196518329684,25.999999556487815
16.94742,15.96711,58.75032,3973.3599,1.81915,48.70853,3.9743109114865924,1.4805353849423164,25.999999556487815
16.98242,16.00881,58.93583,3970.71919,1.74895,48.76131,3.8668119620823926,1.4404891978216643,25.999999556487815
17.01736,16.05053,59.11382,3968.15458,1.67661,48.81317,3.7663459341109604,1.403062958982018,25.999999556487815
17.05224,16.09226,59.28407,3965.66274,1.60228,48.86417,3.67261105965648,1.3681442519347444,25.999999556487815
17.08707,16.13401,59.44641,3963.24047,1.52607,48.91438,3.585321343718918,1.3356265360173494,25.999999556487815
17.12184,16.17577,59.60066,3960.88471,1.44812,48.96386,3.5042068182626864,1.3054092410332903,25.999999556487815
17.15656,16.21754,59.74665,3958.5925,1.36853,49.01266,3.4290136511261355,1.2773978078236263,25.999999556487815
17.19122,16.25933,59.88424,3956.36099,1.28744,49.06084,3.3595041381751574,1.2515036853440304,25.999999556487815
17.22583,16.30114,60.01328,3954.18744,1.20493,49.10844,3.2954566033839225,1.227644293442233,25.999999556487815
17.26039,16.34296,60.13365,3952.06919,1.12113,49.15553,3.2366652281653887,1.2057429592791489,25.999999556487815
17.2949,16.3848,60.24523,3950.00367,1.03613,49.20214,3.1829398282871515,1.185728834224158,25.999999556487815
17.32936,16.42665,60.3479,3947.98839,0.95003,49.24832,3.1341055940345957,1.1675367970590471,25.999999556487815
17.36377,16.46852,60.44157,3946.02092,0.86292,49.29412,3.0900028069492853,1.1511073484556023,25.999999556487815
17.39813,16.51041,60.52616,3944.09891,0.7749,49.33959,3.0504865443961493,1.1363865009191156,25.999999556487815
17.43244,16.55231,60.60157,3942.22003,0.68607,49.38476,3.0154263814188313,1.1233256677216577,25.999999556487815
17.46671,16.59423,60.66774,3940.38204,0.59649,49.42968,2.9847060977612347,1.111881553759893,25.999999556487815
17.50093,16.63616,60.72462,3938.58271,0.50627,49.47438,2.9582233965688656,1.1020160507639312,25.999999556487815
17.5351,16.67812,60.77213,3936.81985,0.41548,49.51891,2.9358896400824226,1.0936961388362312,25.999999556487815
17.56923,16.72009,60.81024,3935.0913,0.32421,49.56331,2.9176296066173695,1.086893795920103,25.999999556487815
17.60331,16.76207,60.83892,3933.3949,0.23253,49.60762,2.903381272200368,1.0815859164535289,25.999999556487815
17.63735,16.80408,60.85813,3931.72852,0.14053,49.65187,2.893095619452319,1.0777542401730686,25.999999556487815
17.67134,16.8461,60.86784,3930.09003,0.04828,49.69609,2.8867364755973712,1.075385291767956,25.999999556487815
17.70529,16.88814,60.86806,3928.47729,-0.04413,49.74034,2.8842803808458433,1.0744703318492694,25.999999556487815
17.73919,16.9302,60.85876,3926.88816,-0.13664,49.78464,2.885716487822277,1.07500531948424,25.999999556487815
17.77304,16.97228,60.83997,3925.32048,-0.22916,49.82903,2.8910464921558185,1.0769908863393383,25.999999556487815
17.80686,17.01438,60.81167,3923.77207,-0.32161,49.87356,2.900284593846497,1.0804323222882006,25.999999556487815
17.84062,17.05649,60.7739,3922.2407,-0.41392,49.91825,2.9134574884717064,1.0853395721358081,25.999999556487815
17.87435,17.09863,60.72668,3920.72411,-0.506,49.96315,2.9306043867937674,1.091727242922824,25.999999556487815
17.90802,17.14078,60.67004,3919.22002,-0.59779,50.00829,2.9517770607411338,1.099614621054797,25.999999556487815
17.94166,17.18295,60.60402,3917.72607,-0.68919,50.05371,2.9770399131637837,1.109025698287886,25.999999556487815
17.97526,17.22514,60.52902,3916.23904,-0.77349,50.07068,3.0063249125379814,1.119935131089482,0.0
18.00883,17.26733,60.44544,3914.75573,-0.85718,50.08769,3.0395695015605866,1.132319615218184,0.0
18.04238,17.30952,60.35336,3913.27375,-0.94017,50.10474,3.076862474941744,1.1462122290398495,0.0
18.0759,17.35171,60.25284,3911.79062,-1.02237,50.12184,3.1183031226562052,1.1616499606825508,0.0
18.1094,17.3939,60.144,3910.30379,-1.10369,50.13898,3.164001011663984,1.1786736267217723,0.0
18.14287,17.4361,60.02692,3908.8106,-1.18403,50.15616,3.214075929605489,1.19732785120537,0.0
18.17632,17.47829,59.90172,3907.30833,-1.2633,50.17338,3.268657791434524,1.217661030871903,0.0
18.20974,17.52049,59.76853,3905.79412,-1.34139,50.19064,3.3278864984653236,1.2397252826419487,0.0
18.24314,17.56269,59.62747,3904.26505,-1.41821,50.20794,3.3919117378841315,1.26357636893089,0.0
18.27651,17.6049,59.47869,3902.71804,-1.49363,50.22529,3.460892709224168,1.2892735957536439,0.0
18.30986,17.6471,59.32234,3901.14992,-1.56757,50.24267,3.5349977626587195,1.3168796779793182,0.0
18.34318,17.68931,59.15859,3899.55739,-1.63988,50.2601,3.61440393217785,1.3464605654272572,0.0
18.37647,17.73151,58.98762,3897.93701,-1.71047,50.27756,3.6992963448908163,1.3780852228166462,0.0
18.40974,17.77372,58.80961,3896.28522,-1.77921,50.29507,3.789867485753923,1.411825355858293,0.0
18.44298,17.81593,58.62477,3894.59831,-1.84596,50.31261,3.8863162950940766,1.447755075058404,0.0
18.4762,17.85814,58.43332,3892.87242,-1.9106,50.33019,3.9888470743780373,1.4859504880888441,0.0
18.50938,17.90034,58.23548,3891.10354,-1.973,50.34781,4.097668173837242,1.5264892108928472,0.0
18.54254,17.94255,58.03151,3889.28752,-2.033,50.36547,4.212990433894656,1.5694497870755133,0.0
18.57567,17.98476,57.82165,3887.42005,-2.09047,50.38317,4.335025350945595,1.6149110046089028,0.0
18.60877,18.02696,57.60619,3885.49667,-2.14525,50.4009,4.46398293703828,1.6629510985067277,0.0
18.64184,18.06916,57.38542,3883.51274,-2.19719,50.41867,4.600069242547233,1.7136468279550086,0.0
18.67489,18.11136,57.15963,3881.46351,-2.24614,50.43647,4.743483511207322,1.7670724164874023,0.0
18.7079,18.15356,56.92915,3879.34404,-2.29191,50.45431,4.894414938061053,1.823298344235264,0.0
18.74088,18.19575,56.69433,3877.14926,-2.33436,50.47219,5.053039003232669,1.8823899821620327,0.0
18.77383,18.23794,56.45552,3874.87397,-2.37329,50.49009,5.219513358205597,1.9444060595933466,0.0
18.80675,18.28012,56.21308,3872.51285,-2.40855,50.50803,5.3939732467575086,2.0093969583948654,0.0
18.83964,18.32229,55.96743,3870.06044,-2.43994,50.526,5.576526450101349,2.077402829904307,0.0
18.87249,18.36446,55.71895,3867.51121,-2.46729,50.544,5.767247755546666,2.148451534362249,0.0
18.90531,18.40662,55.46809,3864.85953,-2.49042,50.56204,5.966172960177071,2.222556407124214,0.0
18.9381,18.44877,55.21529,3862.09974,-2.50913,50.5801,6.1732924360734724,2.299713861537016,0.0
18.97085,18.49091,54.96102,3859.22613,-2.52326,50.59819,6.388544301541658,2.379900845041356,0.0
19.00356,18.53303,54.70575,3856.23302,-2.5326,50.6163,6.611807263792182,2.463072172881758,0.0
19.03623,18.57515,54.44999,3853.11473,-2.53699,50.63445,6.842893222343665,2.5491577726796897,0.0
19.06887,18.61725,54.19426,3849.86571,-2.53625,50.65261,7.081539749102807,2.638059883065495,0.0
19.10147,18.65933,53.93909,3846.4805,-2.53021,50.67081,7.32740258985516,2.72965026028642,0.0
19.13403,18.7014,53.68502,3842.95382,-2.51871,50.68902,7.580048362320797,2.823767458040218,0.0
19.16654,18.74345,53.43263,3839.28062,-2.50159,50.70726,7.8389476567564484,2.9202142572679124,0.0
19.19902,18.78549,53.1825,3835.45616,-2.47872,50.72551,8.103468775193342,3.018755333855162,0.0
19.23145,18.8275,52.9352,3831.47601,-2.44997,50.74378,8.37287237288628,3.119115262431047,0.0
19.26383,18.86948,52.69134,3827.33618,-2.41524,50.76208,8.646307288627863,3.2209769630504153,0.0
19.29617,18.91145,52.45154,3823.03316,-2.37442,50.78038,8.922807866873955,3.3239807036151476,0.0
19.32846,18.95339,52.21639,3818.56397,-2.32747,50.79871,9.201293081754587,3.4277237735451784,0.0
19.3607,18.99529,51.98652,3813.92629,-2.27432,50.81704,9.480567768502528,3.531760942518038,0.0
19.39289,19.03717,51.76254,3809.11845,-2.21498,50.83539,9.759326249268607,3.6356058111804566,0.0
19.42503,19.07902,51.54507,3804.13958,-2.14944,50.85374,10.036158605704538,3.738733147850514,0.0
19.45712,19.12084,51.33471,3798.98958,-2.07776,50.87211,10.309559798567607,3.840582285810333,0.0
19.48915,19.16262,51.13206,3793.66928,-2.00002,50.89048,10.57794176440839,3.9405616296405395,0.0
19.52113,19.20436,50.9377,3788.18042,-1.91634,50.90886,10.839648531580771,4.038054286331718,0.0
19.55305,19.24607,50.75221,3782.52571,-1.82686,50.92724,11.092974294034322,4.132424798247627,0.0
19.58491,19.28773,50.57613,3776.70887,-1.73179,50.94562,11.336184264966816,4.223026911659449,0.0
19.61671,19.32935,50.40997,3770.73466,-1.63135,50.96401,11.567538007837406,4.309212268162077,0.0
19.64846,19.37093,50.25424,3764.60884,-1.52582,50.98239,11.785314815590885,4.390339859102919,0.0
19.68013,19.41246,50.1094,3758.33823,-1.41551,51.00078,11.987840587206465,4.465786037803482,0.0
19.71175,19.45394,49.97585,3751.93062,-1.30076,51.01916,12.17351554153685,4.534954843693621,0.0
19.7433,19.49537,49.854,3745.39478,-1.18198,51.03754,12.34084201979213,4.597288359468324,0.0
19.77478,19.53675,49.74418,3738.74037,-1.05957,51.05591,12.488451567220952,4.652276799726501,0.0
19.8062,19.57808,49.64668,3731.9779,-0.934,51.07427,12.615130457738726,4.699468019566581,0.0
19.83755,19.61935,49.56175,3725.11861,-0.80574,51.09263,12.719842836740565,4.738476135893273,0.0
19.86883,19.66057,49.48959,3718.1744,-0.67529,51.11098,12.801750709158338,4.768988973494721,0.0
19.90004,19.70173,49.43033,3711.15772,-0.54319,51.12932,12.86023009099736,4.790774081914897,0.0
19.93118,19.74283,49.38406,3704.08141,-0.40998,51.14766,12.894882769812966,4.803683116540565,0.0
19.96224,19.78388,49.35082,3696.95864,-0.27619,51.16598,12.905543276236918,4.807654435678291,0.0
19.99324,19.82486,49.33058,3689.80273,-0.14238,51.18429,12.892280846418949,4.802713831615567,0.0
20.02416,19.86578,49.32327,3682.62704,-0.00912,51.20259,12.855396343936624,4.788973383951234,0.0
20.05501,19.90664,49.32877,3675.44483,0.12307,51.22088,12.79541429829114,4.766628493725686,0.0
20.08579,19.94744,49.34689,3668.26917,0.25363,51.23916,12.713070394921646,4.735953223122057,0.0
20.1165,19.98818,49.3774,3661.11276,0.38206,51.25743,12.609294908835945,4.697294124057762,0.0
20.14713,20.02886,49.42003,3653.98789,0.50786,51.27568,12.485192702483392,4.6510627868658645,0.0
20.17769,20.06947,49.47445,3646.9063,0.63055,51.29393,12.342020502584795,4.59772737531634,0.0
20.20818,20.11002,49.5403,3639.87911,0.7497,51.31217,12.18116222710894,4.537803435265632,0.0
20.2386,20.15051,49.61719,3632.91675,0.86488,51.33039,12.004103152276016,4.471844271185729,0.0
20.26894,20.19095,49.70466,3626.02889,0.97572,51.34861,11.812403691981716,4.400431178309736,0.0
20.29922,20.23132,49.80227,3619.2244,1.08187,51.36682,11.607673512939714,4.324163799841382,0.0
20.32942,20.27163,49.9095,3612.51135,1.18303,51.38502,11.391546633565724,4.243650850634129,0.0
20.35956,20.31188,50.02585,3605.89695,1.27894,51.40321,11.165658059932234,4.159501413469578,0.0
20.38963,20.35208,50.15077,3599.38755,1.36935,51.4214,10.931622405162468,4.072316974219159,0.0
20.41963,20.39222,50.28371,3592.9887,1.45407,51.43959,10.691014826048153,3.982684320232659,0.0
20.44956,20.4323,50.4241,3586.70509,1.53295,51.45777,10.445354498848584,3.8911693846385975,0.0
20.47943,20.47233,50.57137,3580.54064,1.60586,51.47594,10.196090750406173,3.7983120798198584,0.0
20.50923,20.51231,50.72493,3574.4985,1.67272,51.49412,9.944591864894935,3.704622127632987,0.0
20.53897,20.55224,50.88419,3568.58111,1.73347,51.5123,9.69213650370417,3.6105758630891,0.0
20.56865,20.59211,51.04858,3562.7902,1.78807,51.53047,9.439907607745564,3.5166139628028525,0.0
20.59826,20.63194,51.2175,3557.12692,1.83653,51.54865,9.188988598525972,3.4231400297920818,0.0
20.62782,20.67172,51.39038,3551.59178,1.87889,51.56683,8.940361656256028,3.330519952027966,0.0
20.65732,20.71146,51.56665,3546.18481,1.91518,51.58502,8.694907829200314,3.239081943170836,0.0
20.68676,20.75115,51.74574,3540.90554,1.94547,51.60321,8.453408716727893,3.1491171695507867,0.0
20.71614,20.7908,51.92709,3535.75307,1.96986,51.62141,8.216549467479034,3.0608808670636627,0.0
20.74547,20.83041,52.11017,3530.7261,1.98846,51.63961,7.984922841505576,2.9745938544252315,0.0
20.77475,20.86998,52.29445,3525.82304,2.00137,51.65783,7.7590340995020055,2.890444354538395,0.0
20.80397,20.90951,52.4794,3521.04196,2.00874,51.67605,7.539306501206038,2.8085900427920887,0.0
20.83314,20.949,52.66454,3516.38071,2.01071,51.69429,7.326087217191292,2.7291602493595915,0.0
20.86226,20.98846,52.84938,3511.83691,2.00742,51.71254,7.1196534821431925,2.65225825145571,0.0
20.89132,21.02789,53.03344,3507.40803,1.99905,51.7308,6.920218842001636,2.577963600561785,0.0
20.92035,21.06728,53.21627,3503.09137,1.98574,51.74908,6.7279393712688265,2.506334438536456,0.0
20.94932,21.10664,53.39745,3498.88413,1.96767,51.76737,6.542919759436448,2.4374097649699222,0.0
20.97825,21.14597,53.57654,3494.7834,1.945,51.78568,6.365219186541133,2.3712116259829483,0.0
21.00713,21.18528,53.75316,3490.78624,1.91792,51.80401,6.194856926824824,2.3077472017377945,0.0
21.03596,21.22455,53.92691,3486.88963,1.8866,51.82235,6.031817636298032,2.2470107761946516,0.0
21.06476,21.2638,54.09742,3483.09054,1.85121,51.84071,5.876056294624708,2.188985578093785,0.0
21.0935,21.30303,54.26434,3479.38594,1.81192,51.8591,5.727502784066874,2.1336454867328882,0.0
21.12221,21.34223,54.42735,3475.77278,1.7689,51.8775,5.586066098619141,2.080956599980443,0.0
21.15088,21.3814,54.58611,3472.24803,1.72233,51.89593,5.451638184782519,2.030878665065016,0.0
21.1795,21.42056,54.74034,3468.80868,1.67238,51.91438,5.324097422121733,1.9833663751744421,0.0
21.20809,21.4597,54.88973,3465.45176,1.6192,51.93285,5.203311756827268,1.938370536790131,0.0
21.23664,21.49881,55.03401,3462.17432,1.56297,51.95135,5.089141505305504,1.8958391140981634,0.0
21.26515,21.53791,55.17294,3458.97345,1.50383,51.96987,4.98144184741806,1.8557181577865445,0.0
21.29362,21.57699,55.30626,3455.84629,1.44196,51.98842,4.880065030689941,1.817952626170738,0.0
21.32205,21.61605,55.43376,3452.79002,1.3775,52.00699,4.784862307677179,1.7824871069140846,0.0
21.35045,21.65509,55.55521,3449.80187,1.3106,52.02559,4.695685628933887,1.7492664477025757,0.0
21.37881,21.69412,55.67041,3446.8791,1.24142,52.04421,4.6123891137642135,1.7182363041386546,0.0
21.40714,21.73314,55.77918,3444.01902,1.17008,52.06286,4.534830320300697,1.6893436128788213,0.0
21.43543,21.77214,55.88134,3441.219,1.09674,52.08154,4.462871335510927,1.6625369976897924,0.0
21.46369,21.81112,55.97673,3438.47643,1.02154,52.10025,4.3963797046099105,1.6377671156790625,0.0
21.49191,21.8501,56.06519,3435.78874,0.9446,52.11899,4.335229218054896,1.6149869504711842,0.0
21.5201,21.88906,56.14661,3433.1534,0.86606,52.13775,4.2793005729590385,1.5941520586017595,0.0
21.54826,21.92801,56.22083,3430.56791,0.78605,52.15655,4.228481924329089,1.5752207748679845,0.0
21.57638,21.96695,56.28776,3428.0298,0.70469,52.17537,4.182669340141631,1.5581543818565202,0.0
21.60448,22.00587,56.34728,3425.53662,0.62212,52.19422,4.141767172855787,1.542917248341752,0.0
21.63254,22.04479,56.39931,3423.08595,0.53845,52.21311,4.105688358616982,1.5294769407470623,0.0
21.66056,22.0837,56.44376,3420.67538,0.4538,52.23202,4.074354654063664,1.517804311361566,0.0
21.68856,22.1226,56.48057,3418.30249,0.3683,52.25097,4.04769681941061,1.50787356654346,0.0
21.71653,22.16148,56.50966,3415.9649,0.28205,52.26994,4.0256547552630835,1.4996623176868944,0.0
21.74446,22.20036,56.531,3413.66022,0.19518,52.28895,4.008177599457111,1.4931516172975245,0.0
21.77237,22.23924,56.54454,3411.38605,0.10781,52.30798,3.9952237891472464,1.4883259821218378,0.0
21.80024,22.2781,56.55025,3409.13998,0.02004,52.32705,3.986761092288978,1.4851734048751775,0.0
21.82808,22.31695,56.54811,3406.9196,-0.06801,52.34615,3.982766611682412,1.4836853557481218,0.0
21.8559,22.3558,56.53811,3404.72247,-0.15623,52.36528,3.9832267637608787,1.4838567745046802,0.0
21.88368,22.39464,56.52026,3402.54613,-0.24449,52.38444,3.9881372333825347,1.4856860536409788,0.0
21.91144,22.43348,56.49456,3400.38809,-0.3327,52.40364,3.997502904975047,1.48917501273484,0.0
21.93916,22.4723,56.46103,3398.24583,-0.42073,52.42286,4.011337769455932,1.4943288637711623,0.0
21.96685,22.51112,56.41971,3396.11679,-0.50848,52.44212,4.0296648055063,1.5011561669132645,0.0
21.99452,22.54993,56.37063,3393.99837,-0.59582,52.4614,4.0525158328447555,1.5096687758435539,0.0
22.02215,22.58874,56.31385,3391.8879,-0.68264,52.48072,4.079931334279414,1.5198817714732205,0.0
22.04976,22.62754,56.24942,3389.78268,-0.76882,52.50007,4.1119602423943755,1.531813382477335,0.0
22.07734,22.66633,56.17742,3387.67994,-0.85425,52.51945,4.14865968582237,1.545484890774735,0.0
22.10488,22.70511,56.09793,3385.57685,-0.9388,52.53886,4.190094689102773,1.5609205197172356,0.0
22.1324,22.74389,56.01104,3383.4705,-1.02235,52.5583,4.236337819196724,1.5781473024072126,0.0
22.15989,22.78266,55.91686,3381.35793,-1.10479,52.57777,4.287468770735372,1.597194927191662,0.0
22.18735,22.82143,55.81549,3379.23607,-1.18597,52.59727,4.3435738811392035,1.6180955570313884,0.0
22.21477,22.86018,55.70707,3377.10179,-1.26577,52.61681,4.404745565751299,1.640883619073284,0.0
22.24217,22.89893,55.59174,3374.95188,-1.34407,52.63637,4.4710816621856475,1.6655955604028216,0.0
22.26954,22.93767,55.46963,3372.78302,-1.42073,52.65596,4.542684672169445,1.692269565610365,0.0
22.29688,22.97641,55.34092,3370.5918,-1.49561,52.67558,4.619660888300641,1.7209452314853773,0.0
22.32418,23.01513,55.20577,3368.37474,-1.56857,52.69522,4.7021193923730085,1.7516631938661527,0.0
22.35146,23.05385,55.06438,3366.12823,-1.63947,52.7149,4.790170911273673,1.7844647014315451,0.0
22.3787,23.09256,54.91692,3363.84858,-1.70816,52.7346,4.883926516011906,1.8193911310549635,0.0
22.40592,23.13126,54.76363,3361.532,-1.77451,52.75433,4.983496149190231,1.8564834392486111,0.0
22.4331,23.16994,54.60472,3359.1746,-1.83835,52.77409,5.088986966315398,1.8957815442581833,0.0
22.46025,23.20862,54.44043,3356.77239,-1.89953,52.79387,5.200501476767787,1.9373236335250559,0.0
22.48737,23.24729,54.27101,3354.32129,-1.9579,52.81368,5.318135471163428,1.9811453915741029,0.0
22.51446,23.28595,54.09672,3351.81713,-2.01329,52.83352,5.4419757232820976,2.0272791439214464,0.0
22.54151,23.3246,53.91784,3349.25564,-2.06555,52.85337,5.572097456839046,2.0757529133802723,0.0
22.56853,23.36323,53.73467,3346.63249,-2.11451,52.87326,5.708561570249879,2.1265893862127285,0.0
22.59551,23.40185,53.5475,3343.94327,-2.16,52.89316,5.851411616234028,2.179804786952742,0.0
22.62246,23.44046,53.35667,3341.1835,-2.20187,52.91309,6.00067053783982,2.2354076624894845,0.0
22.64938,23.47905,53.16251,3338.34867,-2.23993,52.93303,6.156337168215231,2.2933975781398743,0.0
22.67626,23.51763,52.96536,3335.43423,-2.27403,52.953,6.31838250838169,2.353763731021386,0.0
22.70311,23.55619,52.76559,3332.4356,-2.304,52.97299,6.486745805406456,2.4164834890680655,0.0
22.72992,23.59473,52.56358,3329.34822,-2.32967,52.993,6.661330462711229,2.481520867512889,0.0
22.75669,23.63326,52.35972,3326.16753,-2.35088,53.01302,6.841999824853043,2.54882495860773,0.0
22.78342,23.67177,52.15441,3322.88905,-2.36746,53.03306,7.0285728907649885,2.6183283346927393,0.0
22.81011,23.71025,51.94807,3319.50834,-2.37928,53.05312,7.220820022113769,2.689945449446617,0.0
22.83677,23.74872,51.74114,3316.02109,-2.38616,53.07319,7.418458726751481,2.7635710671114526,0.0
22.86339,23.78716,51.53404,3312.42311,-2.38799,53.09328,7.6211496109411465,2.8390787545902354,0.0
22.88996,23.82558,51.32724,3308.7104,-2.38461,53.11337,7.828492607617686,2.916319476374824,0.0
22.91649,23.86398,51.1212,3304.87914,-2.37591,53.13348,8.040023600827894,2.995120337061026,0.0
22.94298,23.90235,50.91638,3300.92579,-2.36178,53.1536,8.255211577994592,3.075283520492059,0.0
22.96943,23.94069,50.71327,3296.84708,-2.34212,53.17373,8.473456450991417,3.1565854780515847,0.0
22.99583,23.979,50.51236,3292.64007,-2.31685,53.19386,8.694087693247212,3.2387764209492302,0.0
23.02219,24.01728,50.31412,3288.30221,-2.2859,53.214,8.916363942393282,3.3215801721962395,0.0
23.0485,24.05553,50.11905,3283.83136,-2.24924,53.23415,9.139473715294276,3.4046944329732884,0.0
23.07476,24.09375,49.92764,3279.22584,-2.20683,53.2543,9.362537373815972,3.4877915149307053,0.0
23.10098,24.13194,49.74039,3274.48449,-2.15868,53.27445,9.584610464649986,3.5705195843610578,0.0
23.12714,24.17008,49.55778,3269.60668,-2.10481,53.2946,9.804688534288635,3.6525044559039688,0.0
23.15326,24.20819,49.3803,3264.59239,-2.04528,53.31475,10.021713490631912,3.7333519624121085,0.0
23.17933,24.24626,49.20841,3259.44218,-1.98016,53.3349,10.23458154575709,3.8126509138418516,0.0
23.20534,24.28429,49.04258,3254.15731,-1.90955,53.35505,10.442152730572653,3.88997664171222,0.0
23.2313,24.32228,48.88325,3248.73969,-1.83361,53.37519,10.643261922517365,3.9648951072129295,0.0
23.2572,24.36022,48.73087,3243.19191,-1.7525,53.39533,10.836731273534243,4.036967530951707,0.0
23.28305,24.39812,48.58584,3237.51729,-1.66641,53.41546,11.021383869372942,4.105755481403825,0.0
23.30885,24.43597,48.44855,3231.71984,-1.57559,53.43558,11.196058395171214,4.170826338227059,0.0
23.33458,24.47377,48.31938,3225.8043,-1.48029,53.45569,11.359624529205297,4.231759026838755,0.0
23.36026,24.51152,48.19866,3219.77607,-1.3808,53.47578,11.51099873936813,4.288149903019587,0.0
23.38588,24.54921,48.08672,3213.64123,-1.27746,53.49587,11.649160118552238,4.339618652010337,0.0
23.41144,24.58686,47.98382,3207.4065,-1.1706,53.51594,11.773165868331443,4.385814056590736,0.0
23.43694,24.62445,47.89022,3201.07918,-1.06061,53.536,11.882166027410841,4.426419483814603,0.0
23.46237,24.66198,47.80612,3194.66712,-0.94789,53.55605,11.97541704407712,4.461157941104708,0.0
23.48775,24.69946,47.73172,3188.17866,-0.83285,53.57608,12.052293811079679,4.489796559562637,0.0
23.51306,24.73688,47.66714,3181.62256,-0.71593,53.59609,12.11229981700626,4.512150375623326,0.0
23.53831,24.77424,47.61248,3175.00793,-0.59758,53.61608,12.155075119188888,4.5280853011722915,0.0
23.56349,24.81154,47.56781,3168.34417,-0.47827,53.63606,12.180401907472024,4.537520196195666,0.0
23.58862,24.84877,47.53314,3161.64087,-0.35846,53.65601,12.188207502953535,4.540427985890108,0.0
23.61367,24.88595,47.50846,3154.90773,-0.23863,53.67595,12.178564717366388,4.536835794541935,0.0
23.63866,24.92306,47.4937,3148.1545,-0.11924,53.69587,12.15168958324565,4.526824099954624,0.0
23.66359,24.96012,47.48876,3141.39089,-0.00077,53.71577,12.107936548275278,4.510524943216526,0.0
23.68845,24.9971,47.49352,3134.6265,0.11634,53.73565,12.047791304958887,4.488119257564576,0.0
23.71324,25.03403,47.50779,3127.87071,0.23163,53.75551,11.97186149579656,4.4598334058180935,0.0
23.73797,25.07089,47.53138,3121.13267,0.34467,53.77535,11.880865591053526,4.4259350370549635,0.0
23.76263,25.10769,47.56403,3114.42121,0.45506,53.79517,11.77562027928167,4.386728389249134,0.0
23.78723,25.14442,47.60549,3107.74474,0.5624,53.81497,11.65702673827444,4.34254917484008,0.0
23.81177,25.18109,47.65544,3101.11129,0.66632,53.83475,11.526056166260336,4.293759190721679,0.0
23.83624,25.2177,47.71357,3094.5284,0.76648,53.85452,11.38373495007507,4.240740792996098,0.0
23.86064,25.25424,47.77951,3088.00311,0.86257,53.87427,11.231129830432064,4.183891370646725,0.0
23.88498,25.29072,47.8529,3081.54194,0.95429,53.894,11.069333395963959,4.123617941686953,0.0
23.90926,25.32714,47.93334,3075.15084,1.04139,53.91371,10.899450200056233,4.060331981315423,0.0
23.93348,25.36351,48.02043,3068.83523,1.12365,53.93341,10.72258375005269,3.9944445750527295,0.0
23.95763,25.39981,48.11374,3062.59997,1.20086,53.95309,10.53982456991569,3.926361971768262,0.0
23.98173,25.43605,48.21284,3056.44934,1.27284,53.97276,10.352239487499387,3.8564815929076217,0.0
24.00576,25.47223,48.31727,3050.38711,1.33947,53.99242,10.160862248259559,3.7851885358525665,0.0
24.02973,25.50836,48.4266,3044.41647,1.40063,54.01207,9.966685510663035,3.71285259200041,0.0
24.05364,25.54443,48.54037,3038.54013,1.45623,54.0317,9.770654236108326,3.6398257843355246,0.0
24.0775,25.58044,48.65811,3032.76029,1.50621,54.05132,9.573660448982517,3.5664404154126736,0.0
24.1013,25.6164,48.77937,3027.07868,1.55054,54.07094,9.376539311161581,3.4930076050050896,0.0
24.12504,25.65231,48.90368,3021.49658,1.58921,54.09054,9.180066430170971,3.4198162873234654,0.0
24.14873,25.68817,49.0306,3016.01486,1.62222,54.11014,8.984956301276485,3.347132630653814,0.0
24.17236,25.72398,49.15968,3010.63401,1.6496,54.12974,8.791861770635133,3.2751998373670363,0.0
24.19594,25.75974,49.29046,3005.35415,1.6714,54.14933,8.601374398887884,3.2042382793667907,0.0
24.21947,25.79545,49.42251,3000.17508,1.6877,54.16892,8.414025601487758,3.1344459228917096,0.0
24.24294,25.83111,49.5554,2995.09629,1.69856,54.1885,8.230288442954587,3.0659989969225077,0.0
24.26636,25.86673,49.6887,2990.11701,1.70407,54.20808,8.05057996642462,2.9990528610005014,0.0
24.28973,25.9023,49.82201,2985.23622,1.70436,54.22766,7.8752639465255445,2.933743030745993,0.0
24.31306,25.93783,49.95493,2980.45269,1.69953,54.24724,7.704653962113981,2.8701863225338275,0.0
24.33633,25.97332,50.08707,2975.765,1.68971,54.26683,7.539016695141943,2.808482082407956,0.0
24.35956,26.00877,50.21805,2971.17153,1.67503,54.28642,7.378575372360679,2.748713468206667,0.0
24.38274,26.04418,50.3475,2966.67055,1.65563,54.30601,7.223513277181335,2.690948757823091,0.0
24.40587,26.07955,50.47507,2962.26018,1.63167,54.3256,7.0739772695787435,2.6352426604619694,0.0
24.42896,26.11489,50.60043,2957.93845,1.60328,54.3452,6.930081262013292,2.5816376115120145,0.0
24.45201,26.15019,50.72324,2953.70326,1.57064,54.36481,6.791909608810522,2.5301650351789875,0.0
24.47501,26.18545,50.8432,2949.55246,1.53388,54.38442,6.659520375198673,2.4808465622881926,0.0
24.49797,26.22068,50.96001,2945.48382,1.49319,54.40404,6.532948460026856,2.433695193579171,0.0
24.52088,26.25587,51.07337,2941.49507,1.44871,54.42367,6.412208553165853,2.388716401415302,0.0
24.54375,26.29104,51.18302,2937.58389,1.40062,54.44331,6.297297914658743,2.345909165090539,0.0
24.56659,26.32617,51.2887,2933.7479,1.34907,54.46296,6.1881989678802745,2.305266936849507,0.0
24.58938,26.36127,51.39015,2929.98473,1.29423,54.48262,6.084881703295239,2.266778537350743,0.0
24.61213,26.39634,51.48716,2926.29197,1.23627,54.50229,5.987305893037047,2.230428980655484,0.0
24.63485,26.43139,51.57949,2922.66718,1.17534,54.52198,5.895423119380567,2.19620022988717,0.0
24.65752,26.4664,51.66694,2919.10793,1.11161,54.54167,5.809178622450686,2.164071885551503,0.0
24.68016,26.50139,51.74932,2915.61178,1.04525,54.56138,5.728512974206682,2.134021809139669,0.0
24.70276,26.53636,51.82644,2912.17627,0.9764,54.58111,5.653363586990818,2.1060266851023797,0.0
24.72532,26.57129,51.89814,2908.79894,0.90524,54.60085,5.583666065683496,2.080062524563248,0.0
24.74784,26.60621,51.96426,2905.47732,0.83191,54.6206,5.519355413030665,2.056105114334959,0.0
24.77033,26.64109,52.02465,2902.20896,0.75658,54.64037,5.460367097814798,2.034130414841065,0.0
24.79279,26.67596,52.07918,2898.99138,0.6794,54.66016,5.406637995510246,2.0141149105348553,0.0
24.8152,26.7108,52.12774,2895.82211,0.60052,54.67996,5.3581072107677254,1.9960359162964691,0.0
24.83759,26.74562,52.1702,2892.69867,0.5201,54.69977,5.314716790669788,1.9798718431393245,0.0
24.85993,26.78041,52.20648,2889.61857,0.43829,54.71961,5.276412337130303,1.9656024263450371,0.0
24.88225,26.81519,52.23649,2886.57933,0.35523,54.73946,5.24314352619488,1.9532089189164938,0.0
24.90453,26.84994,52.26015,2883.57842,0.27108,54.75933,5.214864541292761,1.942674252975581,0.0
24.92677,26.88467,52.2774,2880.61334,0.18599,54.77921,5.191534426701475,1.9339831714380673,0.0
24.94898,26.91938,52.28818,2877.68155,0.10009,54.79912,5.173117366761762,1.9271223320285134,0.0
24.97116,26.95407,52.29247,2874.78049,0.01355,54.81904,5.159582895507755,1.9220803853730248,0.0
24.99331,26.98874,52.29021,2871.9076,-0.0735,54.83898,5.150906040595205,1.9188480286163074,0.0
25.01542,27.02339,52.28141,2869.06026,-0.16091,54.85894,5.147067404596333,1.9174180357061354,0.0
25.0375,27.05802,52.26604,2866.23586,-0.24853,54.87891,5.148053185877327,1.917785265170772,0.0
25.05955,27.09263,52.24411,2863.43174,-0.33622,54.89891,5.153855140523019,1.9199466459349068,0.0
25.08156,27.12723,52.21564,2860.6452,-0.42384,54.91892,5.164470485930304,1.923901141405668,0.0
25.10354,27.1618,52.18064,2857.87352,-0.51123,54.93895,5.1799017459654815,1.929649691789659,0.0
25.12549,27.19635,52.13915,2855.11393,-0.59825,54.959,5.200156536788742,1.9371951343069442,0.0
25.14741,27.23089,52.09122,2852.36362,-0.68475,54.97907,5.2252472917765145,1.9465421007173858,0.0
25.16929,27.26541,52.03691,2849.61973,-0.77059,54.99915,5.255190923240759,1.957696891302178,0.0
25.19115,27.2999,51.97628,2846.87936,-0.85561,55.01925,5.290008418025706,1.9706673242129933,0.0
25.21297,27.33438,51.9094,2844.13957,-0.93967,55.03937,5.329724363451188,1.9854625588734007,0.0
25.23475,27.36884,51.83638,2841.39733,-1.02262,55.05951,5.374366399543029,2.0020928919202734,0.0
25.25651,27.40328,51.75731,2838.64959,-1.10431,55.07967,5.423964593014029,2.020569523995232,0.0
25.27823,27.4377,51.67229,2835.89324,-1.18458,55.09984,5.478550728071281,2.0409042955517105,0.0
25.29992,27.4721,51.58147,2833.12509,-1.26328,55.12003,5.538157508874771,2.063109389749804,0.0
25.32158,27.50649,51.48496,2830.34193,-1.34025,55.14023,5.602817668274705,2.087197000437465,0.0
25.34321,27.54085,51.38291,2827.54046,-1.41534,55.16045,5.672562977481718,2.1131789632266074,0.0
25.3648,27.57519,51.27549,2824.71734,-1.4884,55.18069,5.7474231514893095,2.141066347734157,0.0
25.38636,27.60951,51.16286,2821.86916,-1.55925,55.20094,5.827424645390242,2.170869009178244,0.0
25.40789,27.64381,51.0452,2818.99248,-1.62775,55.22121,5.9125893374076846,2.2025950977726505,0.0
25.42938,27.67809,50.9227,2816.08379,-1.69373,55.24149,6.002933095264506,2.236250524661649,0.0
25.45084,27.71235,50.79557,2813.13953,-1.75703,55.26179,6.098464223729809,2.2718383835902416,0.0
25.47227,27.74659,50.66401,2810.15612,-1.81748,55.28209,6.199181792687816,2.3093583280658287,0.0
25.49366,27.7808,50.52826,2807.12991,-1.87494,55.30242,6.3050738469690355,2.348805904473215,0.0
25.51502,27.81499,50.38856,2804.05724,-1.92922,55.32275,6.41611550147033,2.390171842456716,0.0
25.53634,27.84916,50.24515,2800.93443,-1.98019,55.34309,6.532266927854049,2.4334413049126096,0.0
25.55763,27.8833,50.0983,2797.75777,-2.02766,55.36345,6.653471242273003,2.478593101111115,0.0
25.57888,27.91742,49.94828,2794.52357,-2.07149,55.38381,6.779652307249429,2.5255988678384655,0.0
25.6001,27.95151,49.79536,2791.22812,-2.11151,55.40418,6.9107124649288325,2.5744222249743305,0.0
25.62128,27.98558,49.63985,2787.86775,-2.14758,55.42457,7.046530223492398,2.6250179136195593,0.0
25.64242,28.01962,49.48205,2784.43883,-2.17954,55.44496,7.186957923456201,2.677330926731235,0.0
25.66353,28.05363,49.32227,2780.93776,-2.20724,55.46535,7.331819415857989,2.7312956441861598,0.0
25.6846,28.08761,49.16084,2777.36104,-2.23055,55.48575,7.480907789805478,2.7868349862328055,0.0
25.70563,28.12156,48.9981,2773.70523,-2.24933,55.50616,7.633983192468211,2.843859601380919,0.0
25.72662,28.15549,48.83437,2769.96704,-2.26345,55.52657,7.790770790120992,2.902267106836554,0.0
25.74757,28.18938,48.67002,2766.14326,-2.2728,55.54698,7.95095892402665,2.961941401519879,0.0
25.76849,28.22324,48.5054,2762.23088,-2.27726,55.5674,8.114197519752198,3.0227520734935935,0.0
25.78936,28.25706,48.34087,2758.22705,-2.27673,55.58781,8.280096812372964,3.084553925067926,0.0
25.81019,28.29085,48.1768,2754.12913,-2.27113,55.60823,8.448226452894973,3.147186639919456,0.0
25.83098,28.32461,48.01357,2749.93471,-2.26038,55.62864,8.618115062691508,3.210474617107015,0.0
25.85173,28.35833,47.85155,2745.64164,-2.24443,55.64905,8.789250302430876,3.2742269967490865,0.0
25.87244,28.39201,47.69112,2741.24804,-2.22322,55.66946,8.96107951968345,3.338237901274475,0.0
25.8931,28.42565,47.53265,2736.75236,-2.19674,55.68986,9.133011034721733,3.4022869144166563,0.0
25.91372,28.45925,47.37653,2732.15337,-2.16497,55.71026,9.304416116859812,3.4661398174522287,0.0
25.93429,28.49281,47.22314,2727.45023,-2.12793,55.73065,9.474631693682857,3.529549598460182,0.0
25.95482,28.52633,47.07284,2722.64245,-2.08565,55.75103,9.642963822874744,3.59225774566904,0.0
25.9753,28.5598,46.926,2717.72996,-2.03818,55.7714,9.80869194083643,3.6539958301789888,0.0
25.99574,28.59323,46.78299,2712.71312,-1.98559,55.79176,9.971073884304143,3.7144873766467827,0.0
26.01612,28.62661,46.64415,2707.59272,-1.928,55.81211,10.129351660995113,3.773450013003113,0.0
26.03646,28.65994,46.50982,2702.37003,-1.86552,55.83245,10.282757923427615,3.8305978821209092,0.0
26.05675,28.69323,46.38034,2697.04674,-1.79831,55.85277,10.430523077131387,3.885644289810749,0.0
0.05037,0.05037,54.68816,5323.07237,-0.37244,45.0001,12.629747039435093,4.704913080833888,0.0
0.10068,0.10068,54.64522,5316.07934,-0.24395,45.00023,12.67288420736865,4.720982810896335,0.0
0.15093,0.15093,54.62025,5309.03868,-0.11506,45.00039,12.68381544552631,4.725054984728249,0.0
0.2011,0.20111,54.61322,5301.96833,0.01372,45.00059,12.6625898425922,4.7171478891560685,0.0
0.25121,0.25122,54.62402,5294.88627,0.14186,45.00083,12.609629733668944,4.697418855117826,0.0
0.30126,0.30126,54.65248,5287.81024,0.26886,45.0011,12.525717766734413,4.666159439577985,0.0
0.35123,0.35124,54.69837,5280.75761,0.39423,45.0014,12.411975186763762,4.623787335791523,0.0
0.40114,0.40115,54.76137,5273.74512,0.51747,45.00174,12.269832332746457,4.570835382666498,0.0
0.45098,0.45099,54.84112,5266.78878,0.63815,45.00212,12.100992637377354,4.507938153701758,0.0
0.50075,0.50077,54.9372,5259.90368,0.75584,45.00253,11.907391630202474,4.4358166845800415,0.0
0.55045,0.55048,55.04911,5253.10388,0.87013,45.00297,11.691152563879017,4.355261942782295,0.0
0.60009,0.60013,55.17633,5246.40232,0.98068,45.00345,11.454540309447289,4.267117652363377,0.0
0.64966,0.64971,55.31829,5239.8107,1.08716,45.00397,11.199915106269763,4.172263064587445,0.0
0.69917,0.69923,55.47438,5233.3395,1.18928,45.00452,10.929687617774068,4.071596215009659,0.0
0.74861,0.74868,55.64393,5226.99788,1.2868,45.00511,10.64627655146302,3.9660181358148474,0.0
0.79799,0.79807,55.8263,5220.79375,1.37952,45.00574,10.352069869237123,3.8564184056420037,0.0
0.84731,0.84741,56.02077,5214.73372,1.46726,45.00641,10.049390360626361,3.7436623247073184,0.0
0.89656,0.89668,56.22664,5208.82317,1.5499,45.00712,9.740466094543132,3.62857990730468,0.0
0.94576,0.9459,56.44318,5203.06632,1.62734,45.00787,9.427406019631057,3.5119567922936192,0.0
0.9949,0.99506,56.66968,5197.46622,1.69952,45.00865,9.11218076110691,3.39452708941765,0.0
1.04398,1.04416,56.90538,5192.02493,1.76641,45.00948,8.796608471413156,3.2769681083000632,0.0
1.09301,1.09322,57.14956,5186.74349,1.82802,45.01035,8.482345437794743,3.159896859519143,0.0
1.14199,1.14222,57.4015,5181.62209,1.88436,45.01127,8.170881033674261,3.0438681738625744,0.0
1.19091,1.19117,57.66048,5176.66012,1.93549,45.01222,7.863536521484873,2.929374256351219,0.0
1.23976,1.2401,57.92476,5171.85794,1.96649,45.0734,7.562550972904251,2.8172492200985317,27.999999522371493
1.2885,1.28904,58.19269,5167.21446,1.99306,45.13236,7.269792653136637,2.708189043050108,27.999999522371493
1.33716,1.33798,58.46369,5162.72604,2.01529,45.18917,6.985769339522745,2.6023828856257896,27.999999522371493
1.38572,1.38692,58.73717,5158.38875,2.03334,45.24389,6.710878441544884,2.49997879331421,27.999999522371493
1.43419,1.43587,59.01258,5154.19845,2.04732,45.29659,6.4454109378319515,2.4010851633107415,27.999999522371493
1.48258,1.48482,59.28939,5150.15083,2.05737,45.34734,6.1895621445337525,2.305774756020264,27.999999522371493
1.53088,1.53378,59.56709,5146.24145,2.06364,45.3962,5.9434422824018425,2.214088631572814,27.999999522371493
1.57911,1.58273,59.84517,5142.46579,2.06626,45.44327,5.7070866735452315,2.126039948383379,27.999999522371493
1.62726,1.63169,60.12317,5138.81931,2.06538,45.4886,5.480465439759643,2.0416175760347226,27.999999522371493
1.67534,1.68065,60.40063,5135.29746,2.06114,45.53227,5.26349261049404,1.960789488234562,27.999999522371493
1.72334,1.72961,60.67711,5131.8957,2.05367,45.57435,5.056034579816715,1.8835059132579532,27.999999522371493
1.77128,1.77858,60.95221,5128.60957,2.04313,45.61492,4.85791787808527,1.8097022290988423,27.999999522371493
1.81915,1.82755,61.22552,5125.43465,2.02964,45.65403,4.668936245780522,1.7393015986593172,27.999999522371493
1.86696,1.87652,61.49666,5122.36664,2.01333,45.69178,4.48885701441868,1.6722173468072914,27.999999522371493
1.9147,1.92549,61.76528,5119.40132,1.99434,45.72821,4.317426813044579,1.6083550861953744,27.999999522371493
1.96239,1.97446,62.03103,5116.53459,1.97279,45.7634,4.1543766290318835,1.5476146025421076,27.999999522371493
2.01002,2.02344,62.29358,5113.76247,1.9488,45.7974,3.9994262592087457,1.4898915127933883,27.999999522371493
2.05759,2.07241,62.55263,5111.08112,1.9225,45.83028,3.8522881922048837,1.435078711398908,27.999999522371493
2.10512,2.12139,62.80788,5108.48682,1.89399,45.86211,3.7126709657434667,1.383067620991712,27.999999522371493
2.15259,2.17037,63.05905,5105.97599,1.86339,45.89292,3.5802820438279115,1.3337492642159896,27.999999522371493
2.20001,2.21935,63.30588,5103.54518,1.8308,45.92279,3.454830258701107,1.2870151734211301,27.999999522371493
2.24738,2.26834,63.54811,5101.19109,1.79632,45.95176,3.3360278614118046,1.2427581545516642,27.999999522371493
2.2947,2.31733,63.78552,5098.91054,1.76005,45.97989,3.223592223059326,1.2008729209056745,27.999999522371493
2.34198,2.36631,64.01786,5096.70049,1.72209,46.00721,3.117247226508498,1.1612566115852303,27.999999522371493
2.38922,2.41531,64.24494,5094.55802,1.68252,46.03378,3.016724385758459,1.1238092084907187,27.999999522371493
2.43641,2.4643,64.46655,5092.48034,1.64143,46.05965,2.921763727345267,1.0884338646665077,27.999999522371493
2.48356,2.5133,64.68249,5090.46479,1.59889,46.08485,2.83211446529065,1.055037155737115,27.999999522371493
2.53067,2.56229,64.89259,5088.50882,1.555,46.10942,2.747535498218758,1.0235292650962775,27.999999522371493
2.57775,2.61129,65.09669,5086.61,1.50982,46.13341,2.6677957544807684,0.9938241124749474,27.999999522371493
2.62478,2.6603,65.29461,5084.76598,1.46342,46.15685,2.592674408435291,0.9658394345114352,27.999999522371493
2.67178,2.7093,65.48621,5082.97456,1.41587,46.17978,2.5219609885040972,0.9394968250050094,27.999999522371493
2.71874,2.75831,65.67135,5081.23359,1.36725,46.20222,2.455455395269473,0.9147217416576396,27.999999522371493
2.76567,2.80733,65.8499,5079.54105,1.3176,46.22422,2.3929678456860337,0.8914434852914276,27.999999522371493
2.81256,2.85634,66.02172,5077.89499,1.26699,46.2458,2.3343187575119058,0.8695951567961819,27.999999522371493
2.85942,2.90536,66.1867,5076.29354,1.21548,46.26699,2.279338586233939,0.8491135963797696,27.999999522371493
2.90624,2.95439,66.34472,5074.73492,1.16312,46.28782,2.2278676251501435,0.8299393090935633,27.999999522371493
2.95304,3.00341,66.4957,5073.21741,1.10996,46.30832,2.1797557778094876,0.8120163800602784,27.999999522371493
2.9998,3.05245,66.63952,5071.73937,1.05606,46.32852,2.134862310705633,0.7952923823458823,27.999999522371493
3.04653,3.10148,66.77609,5070.29922,1.00145,46.34843,2.093055592990638,0.7797182799961012,27.999999522371493
3.09323,3.15052,66.90534,5068.89544,0.9462,46.36809,2.054212828941748,0.7652483283732584,27.999999522371493
3.1399,3.19956,67.02718,5067.52656,0.89033,46.38751,2.018219788054443,0.7518399736088351,27.999999522371493
3.18654,3.24861,67.14154,5066.19117,0.8339,46.40671,1.984970536837935,0.739453752690235,27.999999522371493
3.23316,3.29767,67.24836,5064.88788,0.77694,46.42573,1.9543671757456866,0.7280531954604805,27.999999522371493
3.27974,3.34673,67.34756,5063.61539,0.7195,46.44457,1.9263195840770244,0.7176047295873526,27.999999522371493
3.3263,3.39579,67.4391,5062.3724,0.66161,46.46327,1.9007451751956932,0.7080775893758608,27.999999522371493
3.37283,3.44486,67.52291,5061.15765,0.60332,46.48183,1.8775686639984928,0.6994437291441932,27.999999522371493
3.41933,3.49393,67.59896,5059.96993,0.54464,46.50028,1.8567218481899965,0.6916777417427927,27.999999522371493
3.46581,3.54302,67.66719,5058.80803,0.48563,46.51863,1.838143404626653,0.6847567826871771,27.999999522371493
3.51226,3.5921,67.72758,5057.67079,0.42632,46.53691,1.8217787017358416,0.6786605002791027,27.999999522371493
3.55869,3.6412,67.78008,5056.55705,0.36674,46.55513,1.8075796287995145,0.6733709720102272,27.999999522371493
3.60508,3.6903,67.82467,5055.46568,0.30691,46.57331,1.7955044427160325,0.6688726474768628,27.999999522371493
3.65146,3.7394,67.86131,5054.39556,0.24689,46.59145,1.7855176327076876,0.6651522979799686,27.999999522371493
3.69781,3.78852,67.89,5053.34557,0.18668,46.6096,1.777589803319851,0.6621989729392541,27.999999522371493
3.74413,3.83764,67.9107,5052.31462,0.12634,46.62774,1.7716975759601834,0.6600039632139455,27.999999522371493
3.79043,3.88677,67.92341,5051.3016,0.06588,46.64591,1.7678235091404748,0.6585607713907714,27.999999522371493
3.8367,3.9359,67.92812,5050.30541,0.00534,46.66412,1.7659560375247771,0.6578650890777885,27.999999522371493
3.88295,3.98505,67.92482,5049.32494,-0.05525,46.68239,1.7660894298194094,0.6579147812173017,27.999999522371493
3.92917,4.0342,67.91352,5048.3591,-0.11586,46.70072,1.768223765501187,0.6587098774165153,27.999999522371493
3.97537,4.08336,67.8942,5047.40676,-0.17646,46.71915,1.7723649303290532,0.6602525702754997,27.999999522371493
4.02155,4.13253,67.86689,5046.46679,-0.23702,46.73767,1.7785246305416733,0.6625472206761674,27.999999522371493
4.0677,4.1817,67.83158,5045.53805,-0.2975,46.75632,1.7867204255978626,0.6656003699789442,27.999999522371493
4.11382,4.23089,67.7883,5044.61936,-0.35789,46.7751,1.7969757792694019,0.6694207590561876,27.999999522371493
4.15993,4.28008,67.73706,5043.70955,-0.41814,46.79403,1.8093201288350587,0.6740193540687796,27.999999522371493
4.206,4.32929,67.67788,5042.8074,-0.47822,46.81314,1.823788972059025,0.6794093788678842,27.999999522371493
4.25206,4.3785,67.6108,5041.91165,-0.53811,46.83242,1.840423971554054,0.6856063538729615,27.999999522371493
4.29808,4.42773,67.53584,5041.02105,-0.59776,46.85192,1.8592730760319618,0.6926281412407691,27.999999522371493
4.34409,4.47696,67.45303,5040.13427,-0.65715,46.87163,1.8803906578246257,0.7004949960955539,27.999999522371493
4.39007,4.52621,67.36243,5039.24995,-0.71624,46.89159,1.9038376659114402,0.7092296235358043,27.999999522371493
4.43602,4.57546,67.26407,5038.36671,-0.775,46.9118,1.9296817935181712,0.7188572410692342,27.999999522371493
4.48195,4.62473,67.158,5037.48309,-0.83338,46.93229,1.9579976591386392,0.7294056460481223,27.999999522371493
4.52785,4.674,67.04428,5036.59759,-0.89136,46.95308,1.9888669995856214,0.7409052875858532,27.999999522371493
4.57372,4.72329,66.92297,5035.70865,-0.94888,46.97419,2.0223788733838663,0.7533893423261665,27.999999522371493
4.61957,4.77259,66.79413,5034.81466,-1.00592,46.99565,2.058629872465931,0.7668937933054261,27.999999522371493
4.6654,4.82191,66.65782,5033.91392,-1.06242,47.01746,2.0977243397342313,0.7814575110002097,27.999999522371493
4.71119,4.87123,66.51414,5033.00468,-1.11835,47.03966,2.1397745895756257,0.7971223354747907,27.999999522371493
4.75696,4.92057,66.36315,5032.08511,-1.17366,47.06228,2.1849011278699475,0.8139331583401076,27.999999522371493
4.8027,4.96992,66.20496,5031.15329,-1.22831,47.08533,2.2332328674098934,0.8319380030033399,27.999999522371493
4.84842,5.01928,66.03964,5030.20722,-1.28223,47.10884,2.2849073339267334,0.8511881014179057,27.999999522371493
4.8941,5.06866,65.8673,5029.2448,-1.3354,47.13285,2.3400708570955255,0.871737965237929,27.999999522371493
4.93976,5.11804,65.68806,5028.26386,-1.38774,47.15737,2.3988787399690605,0.893645448936844,27.999999522371493
4.98538,5.16745,65.50202,5027.26208,-1.43921,47.18245,2.4614953992407713,0.9169718020590174,27.999999522371493
5.03097,5.21687,65.3093,5026.23708,-1.48974,47.2081,2.5280944675669614,0.9417817073374731,27.999999522371493
5.07654,5.2663,65.11004,5025.18633,-1.53928,47.23437,2.5988588478658614,0.9681433009217172,27.999999522371493
5.12207,5.31574,64.90438,5024.10719,-1.58776,47.26128,2.6739807080834135,0.9961281704278563,27.999999522371493
5.16756,5.36521,64.69247,5022.99692,-1.63512,47.28888,2.7536614033192652,1.02581132592848,27.999999522371493
5.21303,5.41468,64.47445,5021.8526,-1.68129,47.31721,2.8381113104882854,1.0572711383597277,27.999999522371493
5.25846,5.46417,64.25051,5020.6712,-1.72618,47.34629,2.9275495588449085,1.090589239134513,27.999999522371493
5.30385,5.51368,64.0208,5019.44955,-1.76974,47.37617,3.0222036377073827,1.1258503740094878,27.999999522371493
5.34921,5.56321,63.78552,5018.18433,-1.81187,47.40691,3.1223088606482574,1.1631422034819001,27.999999522371493
5.39453,5.61275,63.54488,5016.87204,-1.8525,47.43853,3.228107663259841,1.2025550411887482,27.999999522371493
5.43981,5.6623,63.29906,5015.50906,-1.89153,47.47109,3.3398487094159126,1.2441815209657558,27.999999522371493
5.48504,5.71188,63.0483,5014.09158,-1.92888,47.50464,3.4577857787916417,1.2881161824192682,27.999999522371493
5.53024,5.76147,62.79283,5012.61563,-1.96446,47.53924,3.582176406321247,1.334454964088434,27.999999522371493
5.5754,5.81108,62.5329,5011.07708,-1.99815,47.57492,3.71328024240841,1.3832945925804376,27.999999522371493
5.62051,5.86071,62.26875,5009.47161,-2.02987,47.61175,3.851357101089924,1.4347318554601038,27.999999522371493
5.66557,5.91035,62.00068,5007.79476,-2.05951,47.64979,3.996664662239643,1.4888627452604082,27.999999522371493
5.71059,5.96002,61.72895,5006.04186,-2.08694,47.6891,4.149455793332617,1.5457814617691508,27.999999522371493
5.75556,6.0097,61.45388,5004.20811,-2.11207,47.72974,4.309975456564798,1.6055792598496674,27.999999522371493
5.80047,6.0594,61.17578,5002.28853,-2.13478,47.77177,4.47845716841925,1.6683431305360874,27.999999522371493
5.84534,6.10912,60.89498,5000.27797,-2.15493,47.81526,4.655118981329294,1.734154304097127,27.999999522371493
5.89014,6.15886,60.61184,4998.17116,-2.17241,47.86029,4.840158961258473,1.8030865653156363,27.999999522371493
5.93489,6.20863,60.32672,4995.96267,-2.18709,47.90691,5.033750141033531,1.8752043734723445,27.999999522371493
5.97958,6.25841,60.03999,4993.64696,-2.19884,47.9552,5.236034937466553,1.9505607825769657,27.999999522371493
6.02421,6.30821,59.75207,4991.21839,-2.20752,48.00523,5.447119031053553,2.029195161394885,27.999999522371493
6.06878,6.35804,59.46337,4988.67123,-2.21301,48.05709,5.667064720558648,2.1111307178549175,27.999999522371493
6.11327,6.40788,59.17431,4985.99971,-2.21516,48.11083,5.895883781399404,2.1963718386099336,27.999999522371493
6.1577,6.45775,58.88536,4983.19801,-2.21385,48.16654,6.133529876609468,2.284901261920769,27.999999522371493
6.20206,6.50764,58.59698,4980.26034,-2.20894,48.22428,6.379890592367077,2.376677110681032,27.999999522371493
6.24633,6.55755,58.30965,4977.18096,-2.2003,48.28414,6.634779196527765,2.4716298222536905,27.999999522371493
6.29053,6.60749,58.02388,4973.95421,-2.18779,48.34619,6.897926248069892,2.569659022768762,27.999999522371493
6.33465,6.65744,57.74018,4970.57458,-2.1713,48.41048,7.168971217397412,2.6706304054656176,27.999999522371493
6.37869,6.70742,57.4591,4967.03676,-2.1507,48.4771,7.44745431106183,2.7743726851867967,27.999999522371493
6.42263,6.75743,57.18116,4963.3357,-2.12589,48.5461,7.73280872887817,2.8806747139499858,27.999999522371493
6.46649,6.80745,56.90694,4959.46666,-2.09675,48.61754,8.024353614790815,2.9892828549600674,27.999999522371493
6.51025,6.8575,56.63699,4955.42529,-2.06321,48.69146,8.32128799365793,3.099898723901783,27.999999522371493
6.55391,6.90758,56.37191,4951.20772,-2.02517,48.76793,8.622686011951377,3.212177415975229,27.999999522371493
6.59746,6.95767,56.11228,4946.81059,-1.98258,48.84697,8.927493818990813,3.325726344073498,27.999999522371493
6.64091,7.0078,55.8587,4942.23117,-1.93539,48.92862,9.234528433742133,3.4401048166352797,27.999999522371493
6.68426,7.05794,55.61175,4937.46738,-1.88356,49.01289,9.542478938008994,3.5548244821401047,27.999999522371493
6.72748,7.10811,55.37204,4932.51796,-1.82709,49.0998,9.849910317187872,3.669350759890653,27.999999522371493
6.77059,7.1583,55.14015,4927.38244,-1.76598,49.18933,10.155270232417672,3.783105362816673,27.999999522371493
6.81358,7.20852,54.91668,4922.06126,-1.70029,49.28148,10.45689895140228,3.8954699969676767,27.999999522371493
6.85644,7.25875,54.70221,4916.55584,-1.63007,49.37621,10.753042588523627,4.005791293803426,27.999999522371493
6.89917,7.30902,54.4973,4910.86862,-1.5554,49.47348,11.041869708666379,4.113386995555502,27.999999522371493
6.94177,7.3593,54.3025,4905.00311,-1.47642,49.57323,11.321491235154898,4.217553371457629,27.999999522371493
6.98423,7.40961,54.11833,4898.9639,-1.39326,49.67538,11.58998347381533,4.317573794814607,27.999999522371493
7.02656,7.45994,53.94531,4892.75671,-1.30612,49.77984,11.845413927464012,4.412728359578461,27.999999522371493
7.06873,7.51029,53.78391,4886.3884,-1.21518,49.8865,12.085869434311883,4.50230436264445,27.999999522371493
7.11076,7.56066,53.63457,4879.86692,-1.1207,49.99525,12.309486027914424,4.585607427468079,27.999999522371493
7.15265,7.61105,53.49771,4873.20133,-1.02294,50.10594,12.51447979360231,4.661972998897408,27.999999522371493
7.19437,7.66146,53.37369,4866.4017,-0.9222,50.21842,12.69917789553353,4.730777901566326,27.999999522371493
7.23595,7.71189,53.26284,4859.47909,-0.81879,50.33252,12.862048877949507,4.791451627909737,27.999999522371493
7.27736,7.76234,53.16545,4852.44545,-0.71305,50.44806,13.001731310703342,4.843487009376538,27.999999522371493
7.31861,7.8128,53.08175,4845.31354,-0.60536,50.56484,13.117059857733203,4.886449927621863,27.999999522371493
7.35971,7.86328,53.01192,4838.09678,-0.4961,50.68268,13.207087900299216,4.919987742258065,27.999999522371493
7.40063,7.91378,52.95611,4830.80918,-0.38566,50.80135,13.27110594401894,4.943836147959767,27.999999522371493
7.4414,7.96429,52.91439,4823.46516,-0.27446,50.92064,13.308655176304747,4.957824224965993,27.999999522371493
7.48199,8.01482,52.88679,4816.07943,-0.1629,51.04034,13.319535712066102,4.961877510821223,27.999999522371493
7.52242,8.06536,52.8733,4808.66687,-0.05141,51.16022,13.303809261346093,4.956018994140198,27.999999522371493
7.56269,8.11591,52.87382,4801.24232,0.0596,51.28005,13.261796161860083,4.940368009150483,27.999999522371493
7.60278,8.16647,52.88823,4793.8205,0.16971,51.39963,13.194066930000202,4.915137088219334,27.999999522371493
7.64271,8.21704,52.91635,4786.41584,0.27853,51.51874,13.101428683968525,4.880626904113586,27.999999522371493
7.68248,8.26762,52.95795,4779.04237,0.38565,51.63716,12.984906971018361,4.837219500168865,27.999999522371493
7.72208,8.31821,53.01275,4771.71357,0.49072,51.7547,12.845723678230272,4.785370061472467,27.999999522371493
7.76151,8.36881,53.08043,4764.4423,0.59337,51.87118,12.685271816080304,4.725597521079028,27.999999522371493
7.80078,8.41941,53.16064,4757.24067,0.69327,51.9864,12.505088032329093,4.658474320711022,27.999999522371493
7.83989,8.47002,53.25298,4750.11998,0.79011,52.10022,12.306823739565012,4.584615655008901,27.999999522371493
7.87885,8.52064,53.357,4743.09067,0.8836,52.21246,12.092215725189147,4.504668522977193,27.999999522371493
7.91764,8.57126,53.47225,4736.16225,0.97351,52.323,11.863057061686575,4.4193008912951655,27.999999522371493
7.95629,8.62188,53.59823,4729.34329,1.05958,52.43172,11.621169054148007,4.329191244030532,27.999999522371493
7.99478,8.67251,53.73444,4722.64138,1.14164,52.5385,11.368374858396413,4.235018754697463,27.999999522371493
8.03312,8.72314,53.88034,4716.06316,1.2195,52.64325,11.10647528443449,4.137454272404127,27.999999522371493
8.07132,8.77377,54.03537,4709.6143,1.29302,52.74589,10.837227174238455,4.03715226701196,27.999999522371493
8.10938,8.8244,54.19897,4703.29954,1.36209,52.84636,10.562324617000456,3.9347438313192056,27.999999522371493
8.14729,8.87503,54.37058,4697.12274,1.42663,52.94461,10.28338314500781,3.8308307936101027,27.999999522371493
8.18507,8.92567,54.54961,4691.08687,1.48656,53.04061,10.001926944066744,3.7259809532012103,27.999999522371493
8.22272,8.97631,54.73548,4685.1941,1.54185,53.13432,9.719379017319993,3.6207244162046672,27.999999522371493
8.26023,9.02694,54.92761,4679.44586,1.59249,53.22574,9.437054162490675,3.5155509793667434,27.999999522371493
8.29762,9.07758,55.12542,4673.84285,1.63847,53.31486,9.156154560725648,3.410908486795932,27.999999522371493
8.33489,9.12822,55.32833,4668.38515,1.67983,53.4017,8.877767730456886,3.3072020677224776,27.999999522371493
8.37204,9.17885,55.53578,4663.07223,1.7166,53.48627,8.602866570559335,3.204794152575806,27.999999522371493
8.40907,9.22949,55.74721,4657.90307,1.74885,53.5686,8.332311202412278,3.1040051592008564,27.999999522371493
8.44599,9.28013,55.96206,4652.87614,1.77663,53.64873,8.06685231785451,3.0051147400594704,27.999999522371493
8.4828,9.33076,56.17979,4647.98955,1.80003,53.72669,7.807135747532355,2.90836348406023,27.999999522371493
8.5195,9.3814,56.39988,4643.24101,1.81915,53.80253,7.553707979490538,2.8139549723787636,27.999999522371493
8.55609,9.43204,56.62182,4638.62795,1.83408,53.87631,7.3070223787855015,2.7220580954273457,27.999999522371493
8.59259,9.48267,56.8451,4634.14754,1.84493,53.94806,7.067445883792055,2.632809547405325,27.999999522371493
8.62899,9.53331,57.06924,4629.79675,1.85182,54.01786,6.835265981737195,2.546316424869001,27.999999522371493
8.66529,9.58395,57.29378,4625.57235,1.85487,54.08577,6.610697793629187,2.462658866054126,27.999999522371493
8.7015,9.63459,57.51825,4621.47102,1.85419,54.15184,6.393891125990605,2.381892677832006,27.999999522371493
8.73762,9.68522,57.74223,4617.4893,1.84992,54.21614,6.184937372764621,2.3040519068511935,27.999999522371493
8.77365,9.73586,57.96529,4613.62369,1.84218,54.27873,5.9838761748818134,2.2291513204013427,27.999999522371493
8.8096,9.7865,58.18704,4609.87063,1.83109,54.33968,5.790701766828712,2.157188770676987,27.999999522371493
8.84547,9.83714,58.40707,4606.22656,1.81679,54.39906,5.605368958949587,2.088147423342356,27.999999522371493
8.88125,9.88779,58.62502,4602.68791,1.7994,54.45692,5.427798721052035,2.0219978375713694,27.999999522371493
8.91696,9.93843,58.84053,4599.25113,1.77904,54.51334,5.257883347212355,1.958699890073535,27.999999522371493
8.95259,9.98907,59.05326,4595.91272,1.75585,54.56838,5.095491193635447,1.898204540071422,27.999999522371493
8.98815,10.03972,59.26289,4592.66921,1.72993,54.6221,4.94047099113052,1.840455435811328,27.999999522371493
9.02364,10.09037,59.46909,4589.5172,1.70142,54.67455,4.79265574150263,1.7853903660716501,27.999999522371493
9.05906,10.14102,59.67159,4586.45334,1.67042,54.72582,4.651866213089281,1.732942562342239,27.999999522371493
9.09441,10.19168,59.87009,4583.47439,1.63705,54.77594,4.517914055068312,1.6830418589860319,27.999999522371493
9.12969,10.24233,60.06433,4580.57715,1.60143,54.82498,4.3906045532442235,1.6356157198419663,27.999999522371493
9.16491,10.29299,60.25404,4577.75852,1.56366,54.87299,4.269739051965475,1.5905901404528986,27.999999522371493
9.20006,10.34366,60.439,4575.01548,1.52384,54.92003,4.155117067885577,1.547890435497227,27.999999522371493
9.23515,10.39432,60.61896,4572.34511,1.48209,54.96615,4.046538121590933,1.5074419211184558,27.999999522371493
9.27019,10.44499,60.79371,4569.74455,1.43848,55.01141,3.94380331284998,1.4691705017469485,27.999999522371493
9.30516,10.49567,60.96304,4567.21104,1.39314,55.05584,3.8467166645231297,1.4330031707417386,27.999999522371493
9.34008,10.54635,61.12677,4564.74192,1.34613,55.09951,3.7550862591306577,1.3988684337919763,27.999999522371493
9.37495,10.59702,61.28518,4562.3336,1.30574,55.10962,3.668471644374327,1.3666022108275717,0.0
9.4098,10.64768,61.43859,4559.9828,1.26367,55.11977,3.5864662202100726,1.3360530326338178,0.0
9.44462,10.69832,61.58681,4557.68739,1.22002,55.12997,3.5089391803719243,1.3071721704349224,0.0
9.47941,10.74895,61.72966,4555.44529,1.17487,55.1402,3.4357607295014567,1.2799112720447499,0.0
9.51418,10.79956,61.86697,4553.25448,1.12829,55.15048,3.366803897996194,1.2542230379456065,0.0
9.54892,10.85016,61.99859,4551.11297,1.08037,55.1608,3.301945194976268,1.2300614645355012,0.0
9.58363,10.90075,62.12435,4549.01884,1.03118,55.17116,3.241065160107146,1.2073820496966303,0.0
9.61832,10.95133,62.24414,4546.97021,0.9808,55.18156,3.1840488259054283,1.1861419650164498,0.0
9.65299,11.0019,62.35781,4544.96524,0.9293,55.19201,3.1307861013195746,1.1663001986815917,0.0
9.68763,11.05246,62.46524,4543.00213,0.87676,55.20249,3.081172086511451,1.1478176727422702,0.0
9.72225,11.103,62.56632,4541.07912,0.82323,55.21302,3.0351073279275944,1.13065733813304,0.0
9.75684,11.15354,62.66094,4539.19451,0.76879,55.22359,2.992498021927922,1.1147842505298475,0.0
9.79142,11.20407,62.749,4537.34659,0.7135,55.23421,2.953256174446483,1.1001656298278635,0.0
9.82596,11.25459,62.83042,4535.53373,0.65742,55.24487,2.917299723422902,1.0867709057504142,0.0
9.86049,11.3051,62.9051,4533.75428,0.60063,55.25557,2.8845526300173128,1.0745717518289488,0.0
9.89499,11.3556,62.97297,4532.00666,0.54317,55.26631,2.854944943983154,1.0635421097561204,0.0
9.92947,11.4061,63.03396,4530.28929,0.48511,55.2771,2.8284128479400525,1.0536582058786033,0.0
9.96393,11.45658,63.08802,4528.60061,0.4265,55.28793,2.8048986847213118,1.0448985613847523,0.0
9.99836,11.50707,63.13508,4526.93907,0.36741,55.2988,2.7843509714457495,1.0372439975467311,0.0
10.03277,11.55754,63.17509,4525.30314,0.30789,55.30972,2.766724403466194,1.0306776371914308,0.0
10.06716,11.60801,63.20802,4523.69131,0.24799,55.32068,2.7519798509078046,1.0251849034109042,0.0
10.10153,11.65847,63.23382,4522.10206,0.18778,55.33168,2.7400843500705085,1.0207535163595476,0.0
10.13588,11.70893,63.25247,4520.53389,0.1273,55.34273,2.7310110915990253,1.0173734888471218,0.0
10.17021,11.75939,63.26394,4518.98527,0.0666,55.35382,2.7247394069533977,1.0150371212986713,0.0
10.20451,11.80983,63.26822,4517.45469,0.00576,55.36496,2.7212547543649683,1.0137389965227532,0.0
10.2388,11.86028,63.2653,4515.94064,-0.0552,55.37613,2.720548705146601,1.0134759746116386,0.0
10.27306,11.91071,63.25517,4514.44158,-0.1162,55.38736,2.722618930910214,1.0142471881795025,0.0
10.3073,11.96115,63.23784,4512.95596,-0.1772,55.39862,2.727469191947332,1.0160540380338776,0.0
10.34152,12.01158,63.2133,4511.48223,-0.23815,55.40993,2.735109326722558,1.0189001892616936,0.0
10.37572,12.062,63.18159,4510.01879,-0.29899,55.42129,2.7455552421423812,1.0227915676041541,0.0
10.4099,12.11243,63.14271,4508.56404,-0.35966,55.43268,2.7588289039600613,1.0277363558823016,0.0
10.44406,12.16284,63.09669,4507.11635,-0.42012,55.44412,2.774958326366722,1.0337449901194278,0.0
10.47819,12.21326,63.04357,4505.67405,-0.4803,55.45561,2.7939775595103598,1.0408301548915746,0.0
10.51231,12.26367,62.9834,4504.23543,-0.54016,55.46714,2.8159266733414916,1.0490067773096134,0.0
10.5464,12.31408,62.9162,4502.79876,-0.59963,55.47871,2.84085173584707,1.0582920189108058,0.0
10.58048,12.36448,62.84205,4501.36226,-0.65865,55.49032,2.8688047833462518,1.0687052645931954,0.0
10.61453,12.41488,62.76099,4499.92411,-0.71718,55.50198,2.8998437801311785,1.0802681075807374,0.0
10.64856,12.46528,62.6731,4498.48242,-0.77515,55.51368,2.934032564321375,1.093004329252637,0.0
10.68258,12.51567,62.57844,4497.03527,-0.83249,55.52543,2.9714407763174195,1.1069398724904587,0.0
10.71657,12.56606,62.47711,4495.58068,-0.88915,55.53721,3.0121437657760777,1.1221028070239163,0.0
10.75053,12.61645,62.36919,4494.1166,-0.94507,55.54904,3.056222472489846,1.1385232850553688,0.0
10.78448,12.66683,62.25477,4492.64094,-1.00017,55.56092,3.1037632760016103,1.1562334852373244,0.0
10.81841,12.71721,62.13396,4491.15151,-1.0544,55.57283,3.154857808201733,1.1752675428599226,0.0
10.85231,12.76759,62.00687,4489.64608,-1.10767,55.58479,3.2096027225187416,1.1956614638683947,0.0
10.8862,12.81796,61.87363,4488.12233,-1.15993,55.59679,3.268099412680911,1.2174530200943525,0.0
10.92006,12.86833,61.73435,4486.57787,-1.2111,55.60883,3.33045367334849,1.2406816228323645,0.0
10.9539,12.91869,61.58919,4485.01023,-1.2611,55.62091,3.396775294237757,1.265388171640485,0.0
10.98771,12.96905,61.43828,4483.41686,-1.30986,55.63304,3.4671775786831165,1.2916148749919698,0.0
11.02151,13.0194,61.28178,4481.79513,-1.3573,55.64521,3.5417767769047086,1.3194050391525487,0.0
11.05528,13.06975,61.11985,4480.14232,-1.40333,55.65741,3.6206914236334793,1.3488028214283359,0.0
11.08903,13.12009,60.95268,4478.45562,-1.44788,55.66966,3.704041569152264,1.3798529437084002,0.0
11.12275,13.17043,60.78044,4476.73214,-1.49086,55.68195,3.791947892354005,1.4126003620556153,0.0
11.15646,13.22076,60.60332,4474.96888,-1.53218,55.69428,3.8845306840267275,1.4470898879535619,0.0
11.19014,13.27109,60.42154,4473.16278,-1.57175,55.70665,3.981908688403018,1.4833657567532275,0.0
11.22379,13.32141,60.23532,4471.31066,-1.60948,55.71905,4.0841977910063685,1.5214711388612439,0.0
11.25742,13.37172,60.04486,4469.40929,-1.64527,55.7315,4.191509541129295,1.5614475893241122,0.0
11.29103,13.42202,59.85043,4467.45532,-1.67902,55.74399,4.303949497875915,1.6033344316855431,0.0
11.3246,13.47232,59.65226,4465.44533,-1.71064,55.75651,4.421615389723702,1.6471680723747866,0.0
11.35816,13.52261,59.45061,4463.37584,-1.74002,55.76907,4.544595079050047,1.6929812424392199,0.0
11.39169,13.57288,59.24577,4461.24327,-1.76707,55.78167,4.672964325089611,1.7408021641870983,0.0
11.42519,13.62315,59.038,4459.04399,-1.79167,55.79431,4.806784341489394,1.790653641312558,0.0
11.45866,13.67341,58.82762,4456.77432,-1.81373,55.80698,4.946099147988099,1.8425520723264956,0.0
11.49211,13.72365,58.61494,4454.43052,-1.83313,55.81969,5.09093271996323,1.8965063886878604,0.0
11.52553,13.77389,58.40026,4452.00883,-1.84977,55.83244,5.241285944576702,1.9525169208878084,0.0
11.55892,13.82411,58.18393,4449.50545,-1.86355,55.84522,5.397133398282137,2.010574197986381,0.0
11.59228,13.87431,57.96629,4446.9166,-1.87435,55.85803,5.558419967264472,2.0706576886373345,0.0
11.62561,13.9245,57.7477,4444.23849,-1.88208,55.87088,5.72505734031243,2.1327344945908604,0.0
11.65892,13.97468,57.52854,4441.46739,-1.88662,55.88376,5.896920412314886,2.1967580109013514,0.0
11.69219,14.02484,57.30917,4438.59959,-1.88789,55.89668,6.073843646167366,2.262666570641848,0.0
11.72542,14.07498,57.09,4435.63149,-1.88577,55.90962,6.2556174511071285,2.330382095738564,0.0
11.75863,14.1251,56.87142,4432.55958,-1.88018,55.9226,6.441984646201093,2.399808779527088,0.0
11.7918,14.17521,56.65384,4429.38049,-1.87104,55.93561,6.632637088563123,2.4708318306746087,0.0
11.82494,14.22529,56.4377,4426.09102,-1.85825,55.94865,6.827212556527742,2.5433163120801097,0.0
11.85804,14.27535,56.22341,4422.68816,-1.84175,55.96171,7.025291987986628,2.6171061120820522,0.0
11.89111,14.32539,56.01142,4419.16913,-1.82147,55.97481,7.226397182877082,2.6920230885748824,0.0
11.92414,14.3754,55.80217,4415.53143,-1.79734,55.98793,7.429989085727233,2.7678664292119235,0.0
11.95712,14.4254,55.59573,4411.77358,-1.77574,56.04399,7.635866527333713,2.8445611931718413,16.999999710011267
11.99002,14.4754,55.39218,4407.89418,-1.75038,56.10129,7.843815853212667,2.9220277885378114,16.999999710011267
12.02284,14.5254,55.19196,4403.8913,-1.72122,56.15986,8.0531977060813,3.00002803789949,16.999999710011267
12.05559,14.57539,54.9955,4399.76335,-1.68824,56.2197,8.263310436781635,3.0783005584840315,16.999999710011267
12.08825,14.62538,54.80324,4395.50918,-1.65143,56.28081,8.47339347576761,3.1565620181237386,16.999999710011267
12.12083,14.67536,54.61562,4391.12806,-1.61079,56.3432,8.68262986340547,3.2345080778595348,16.999999710011267
12.15332,14.72534,54.43308,4386.61973,-1.56635,56.40685,8.890149941940997,3.3118147672959,16.999999710011267
12.18573,14.77531,54.25605,4381.98444,-1.51812,56.47177,9.09503627089372,3.3881403157145504,16.999999710011267
12.21805,14.82528,54.08495,4377.22299,-1.46618,56.53794,9.296329801680866,3.4631274522843136,16.999999710011267
12.25028,14.87524,53.92019,4372.33672,-1.41058,56.60533,9.49303731615757,3.536406177113086,16.999999710011267
12.28241,14.92519,53.76218,4367.32757,-1.35142,56.67392,9.684140098233364,3.6075969916531343,16.999999710011267
12.31445,14.97512,53.61131,4362.19806,-1.2888,56.74368,9.868603768580893,3.6763145623888613,16.999999710011267
12.3464,15.02505,53.46796,4356.95134,-1.22286,56.81458,10.045389171028129,3.742171776304341,16.999999710011267
12.37824,15.07497,53.33248,4351.59116,-1.15374,56.88656,10.21346415697645,3.8047841308891246,16.999999710011267
12.40999,15.12487,53.20521,4346.12188,-1.08161,56.95958,10.371816073171658,3.8637743861615115,16.999999710011267
12.44163,15.17476,53.08646,4340.54849,-1.00665,57.03358,10.519464719999819,3.9187773919747073,16.999999710011267
12.47318,15.22464,52.97653,4334.87651,-0.92907,57.1085,10.655475514761031,3.9694449916826477,16.999999710011267
12.50461,15.2745,52.87568,4329.11209,-0.8491,57.18427,10.77897256860968,4.015450893644319,16.999999710011267
12.53594,15.32435,52.78414,4323.26184,-0.76696,57.26083,10.889151369267788,4.056495395868182,16.999999710011267
12.56717,15.37417,52.70213,4317.33291,-0.68292,57.33809,10.98529075556871,4.092309846844769,16.999999710011267
12.59829,15.42398,52.62982,4311.33288,-0.59725,57.41597,11.066763875237914,4.122660727608342,16.999999710011267
12.62929,15.47377,52.56735,4305.2697,-0.51021,57.4944,11.133047834846359,4.1473532465984295,16.999999710011267
12.66019,15.52354,52.51484,4299.15168,-0.42212,57.57327,11.183731780086655,4.166234349775297,16.999999710011267
12.69098,15.57329,52.47236,4292.98738,-0.33325,57.6525,11.21852318471018,4.17919506341451,16.999999710011267
12.72166,15.62302,52.43994,4286.7856,-0.24392,57.73201,11.237252176066963,4.186172105484333,16.999999710011267
12.75222,15.67273,52.4176,4280.55523,-0.15443,57.81169,11.239873782099986,4.18714872271024,16.999999710011267
12.78267,15.72241,52.40531,4274.30526,-0.06509,57.89144,11.226468046413633,4.182154733440939,16.999999710011267
12.81302,15.77207,52.40301,4268.04468,0.0238,57.97119,11.19723802172456,4.171265780156023,16.999999710011267
12.84325,15.82171,52.41059,4261.78239,0.11192,58.05083,11.15250571475741,4.154601818832928,16.999999710011267
12.87336,15.87132,52.42794,4255.52717,0.199,58.13028,11.092706114676028,4.13232489438044,16.999999710011267
12.90337,15.92091,52.45487,4249.28759,0.28473,58.20944,11.018379489753551,4.104636270945616,16.999999710011267
12.93327,15.97048,52.49122,4243.07198,0.36884,58.28824,10.930162181087002,4.071773002330239,16.999999710011267
12.96305,16.02001,52.53674,4236.88835,0.45106,58.36659,10.828776156231568,4.034004040444728,16.999999710011267
12.99273,16.06953,52.59119,4230.74434,0.53115,58.4444,10.715017608520734,3.9916259882549108,16.999999710011267
13.0223,16.11901,52.6543,4224.6472,0.60886,58.52162,10.589744899335345,3.9449586079600003,16.999999710011267
13.05175,16.16848,52.72577,4218.60374,0.68397,58.59817,10.453866140877617,3.8943401952491916,16.999999710011267
13.08111,16.21791,52.80527,4212.62032,0.75629,58.67399,10.308326706952203,3.8401229267390016,16.999999710011267
13.11035,16.26732,52.89246,4206.70279,0.82561,58.74901,10.154096940132344,3.7826682805692107,16.999999710011267
13.1395,16.3167,52.98699,4200.85652,0.89179,58.8232,9.992160297077174,3.722342620221648,16.999999710011267
13.16854,16.36606,53.08848,4195.08635,0.95466,58.8965,9.823502141513409,3.659513019610995,16.999999710011267
13.19747,16.4154,53.19654,4189.39662,1.0141,58.96887,9.649099358386714,3.594543394082903,16.999999710011267
13.22631,16.4647,53.31078,4183.79115,1.07,59.04027,9.469910924736139,3.5277909878166223,16.999999710011267
13.25505,16.51399,53.43079,4178.27326,1.12226,59.11069,9.286869534745207,3.459603253936177,16.999999710011267
13.28369,16.56325,53.55615,4172.84579,1.17082,59.18008,9.100874339582203,3.390315149909842,16.999999710011267
13.31224,16.61248,53.68644,4167.51109,1.2156,59.24845,8.91278482838619,3.320246858056441,16.999999710011267
13.34069,16.66169,53.82125,4162.27106,1.25658,59.31576,8.723415845920167,3.2497019294900453,16.999999710011267
13.36905,16.71088,53.96013,4157.12717,1.29373,59.38201,8.533533715788126,3.17896583991633,16.999999710011267
13.39732,16.76004,54.10268,4152.08046,1.32703,59.4472,8.34385341592163,3.1083049374270044,16.999999710011267
13.4255,16.80918,54.24847,4147.13162,1.35649,59.51133,8.155036735486865,3.0379657558991933,16.999999710011267
13.45359,16.8583,54.39707,4142.28096,1.38213,59.57439,7.967691329407123,2.968174662780187,16.999999710011267
13.4816,16.9074,54.54807,4137.52846,1.40397,59.63641,7.782370577856827,2.8991378067452658,16.999999710011267
13.50953,16.95648,54.70106,4132.87381,1.42205,59.69738,7.599574153242687,2.831041328913101,16.999999710011267
13.53737,17.00554,54.85563,4128.31641,1.43643,59.75733,7.419749195659486,2.7640518007339647,16.999999710011267
13.56513,17.05458,55.01139,4123.85541,1.44715,59.81626,7.243291999174491,2.698316852175038,16.999999710011267
13.59281,17.10359,55.16794,4119.48976,1.45429,59.8742,7.07055011496452,2.6339659551943067,16.999999710011267
13.62041,17.15259,55.32492,4115.21818,1.45792,59.93117,6.901824782837772,2.571111329546421,16.999999710011267
13.64794,17.20158,55.48193,4111.03924,1.45811,59.98719,6.7373736094646315,2.50984894049414,16.999999710011267
13.6754,17.25054,55.63863,4106.95135,1.45494,60.04228,6.577413419312027,2.4502595608563884,16.999999710011267
13.70278,17.29949,55.79465,4102.95277,1.44851,60.09647,6.422123212459572,2.3924098728725984,16.999999710011267
13.73009,17.34842,55.94966,4099.04166,1.43891,60.14979,6.271647171777874,2.3363535884557507,16.999999710011267
13.75733,17.39734,56.10334,4095.21611,1.42623,60.20227,6.126097670162697,2.282132569466226,16.999999710011267
13.7845,17.44624,56.25535,4091.47408,1.41056,60.25393,5.985558236451166,2.2297779325936307,16.999999710011267
13.8116,17.49513,56.40539,4087.81352,1.39201,60.3048,5.850086446023248,2.1793111261819,16.999999710011267
13.83864,17.54401,56.55316,4084.23228,1.37068,60.35491,5.719716709013515,2.130744968911548,16.999999710011267
13.86561,17.59287,56.69839,4080.72821,1.34666,60.40429,5.594462935204099,2.084084642542407,16.999999710011267
13.89252,17.64171,56.84078,4077.2991,1.32005,60.45297,5.474321060228601,2.039328632991054,16.999999710011267
13.91936,17.69055,56.98009,4073.94276,1.29096,60.50099,5.359271422574388,1.996469615826707,16.999999710011267
13.94615,17.73938,57.11605,4070.65695,1.25949,60.54836,5.249280985012026,1.9554952838121413,16.999999710011267
13.97287,17.78819,57.24844,4067.43944,1.22574,60.59513,5.144305397643273,1.9163891154433441,16.999999710011267
13.99953,17.83699,57.37701,4064.28802,1.18981,60.64132,5.044290902705346,1.8791310845392273,16.999999710011267
14.02614,17.88578,57.50155,4061.20046,1.15179,60.68695,4.949176083640708,1.8436983118161419,16.999999710011267
14.05269,17.93457,57.62184,4058.17456,1.11178,60.73207,4.858893462881179,1.8100656601044989,16.999999710011267
14.07918,17.98334,57.7377,4055.20812,1.06988,60.77669,4.773370954243826,1.7782062754044543,16.999999710011267
14.10561,18.03211,57.84894,4052.29898,1.02619,60.82084,4.692533176944834,1.7480920763906491,16.999999710011267
14.13199,18.08086,57.95537,4049.44497,0.9808,60.86456,4.616302638976574,1.7196941952513045,16.999999710011267
14.15832,18.12961,58.05683,4046.64396,0.93379,60.90788,4.5446007981147805,1.6929833729413104,16.999999710011267
14.18459,18.17835,58.15316,4043.89384,0.88527,60.95081,4.477349009016004,1.6679303120009494,16.999999710011267
14.21081,18.22709,58.24422,4041.19251,0.83532,60.99338,4.414469364986508,1.6445059901369548,16.999999710011267
14.23698,18.27582,58.32986,4038.53789,0.78403,61.03563,4.3558854428478115,1.6226819377045292,16.999999710011267
14.26309,18.32454,58.40996,4035.92794,0.73148,61.07757,4.3015229591253465,1.6024304821548794,16.999999710011267
14.28915,18.37325,58.4844,4033.36063,0.67777,61.11923,4.2513103454602,1.5837249623912333,16.999999710011267
14.31517,18.42196,58.55306,4030.83393,0.62297,61.16064,4.205179250742042,1.5665399158265663,16.999999710011267
14.34113,18.47067,58.61584,4028.34584,0.56716,61.20183,4.163064977004032,1.5508512407659265,16.999999710011267
14.36704,18.51937,58.67266,4025.89439,0.51044,61.24281,4.124906855644791,1.5366363365590108,16.999999710011267
14.39291,18.56806,58.72341,4023.47759,0.45287,61.28361,4.090648570014153,1.523874223771854,16.999999710011267
14.41872,18.61675,58.76804,4021.09349,0.39455,61.32426,4.0602384298748175,1.512545646431009,16.999999710011267
14.44449,18.66544,58.80646,4018.74013,0.33554,61.36478,4.0336296027260765,1.5026331581977248,16.999999710011267
14.47021,18.71412,58.83862,4016.41556,0.27593,61.40518,4.010780306426853,1.4941211941250956,16.999999710011267
14.49588,18.7628,58.86447,4014.11783,0.21579,61.4455,3.9916539670329363,1.4869961294565845,16.999999710011267
14.5215,18.81147,58.88396,4011.84499,0.15519,61.48576,3.9762193452510743,1.4812463267335005,16.999999710011267
14.54707,18.86015,58.89706,4009.5951,0.09422,61.52598,3.9644506343788333,1.4768621722801714,16.999999710011267
14.5726,18.90882,58.90374,4007.36619,0.03295,61.56619,3.9563275321258127,1.4738361029592377,16.999999710011267
14.59808,18.95748,58.90397,4005.1563,-0.02854,61.6064,3.951835288192199,1.4721626238959153,16.999999710011267
14.62351,19.00615,58.89775,4002.96345,-0.09019,61.64664,3.9509647290192262,1.4718383176981924,16.999999710011267
14.6489,19.05481,58.88507,4000.78565,-0.15191,61.68693,3.953712260648201,1.4728618455218936,16.999999710011267
14.67424,19.10347,58.86593,3998.62088,-0.21364,61.72729,3.9600798501471726,1.4752339401516235,16.999999710011267
14.69953,19.15212,58.84034,3996.46711,-0.27529,61.76775,3.9700749856344677,1.478957391108483,16.999999710011267
14.72478,19.20078,58.80833,3994.32229,-0.33679,61.80833,3.983710614425868,1.484037021608266,16.999999710011267
14.74998,19.24943,58.76992,3992.18432,-0.39807,61.84905,4.001005058429114,1.490479657043683,16.999999710011267
14.77513,19.29808,58.72513,3990.05109,-0.45904,61.88994,4.021981905411929,1.4982940844788437,16.999999710011267
14.80023,19.34673,58.67403,3987.92045,-0.51964,61.93102,4.046669874355369,1.5074910024898325,16.999999710011267
14.82529,19.39537,58.61665,3985.79021,-0.57979,61.97231,4.0751026526253,1.5180829605068022,16.999999710011267
14.8503,19.44402,58.55305,3983.65815,-0.63941,62.01383,4.107318702248008,1.5300842866465425,16.999999710011267
14.87526,19.49266,58.48331,3981.522,-0.69841,62.05562,4.143361032140293,1.543511002862192,16.999999710011267
14.90018,19.54131,58.40748,3979.37944,-0.75673,62.09769,4.183276932667605,1.5583807260591669,16.999999710011267
14.92504,19.58995,58.32567,3977.22811,-0.81427,62.14007,4.227117668488692,1.5747125536717048,16.999999710011267
14.94986,19.63858,58.23795,3975.0656,-0.87096,62.18279,4.274938125190648,1.5925269320251247,16.999999710011267
14.97463,19.68722,58.14443,3972.88944,-0.92672,62.22587,4.326796404820068,1.611845505660541,16.999999710011267
14.99935,19.73586,58.04522,3970.69711,-0.98145,62.26933,4.38275336499537,1.632690945642073,16.999999710011267
15.02402,19.78449,57.94043,3968.48605,-1.03508,62.31321,4.442872095969178,1.6550867547488286,16.999999710011267
15.04865,19.83311,57.83042,3966.2531,-1.08328,62.32918,4.507076851748173,1.6790047156052998,0.0
15.07326,19.88172,57.71553,3963.99517,-1.13015,62.34518,4.575283215680312,1.7044133807874637,0.0
15.09784,19.93032,57.59592,3961.70966,-1.17559,62.3612,4.647539710708905,1.7313308263684204,0.0
15.12239,19.9789,57.47174,3959.39392,-1.21951,62.37725,4.723892984998022,1.7597744300166716,0.0
15.14691,20.02746,57.34317,3957.04527,-1.26183,62.39332,4.804386546575545,1.7897603996173683,0.0
15.17141,20.07601,57.21038,3954.66095,-1.30246,62.40942,4.889059732511351,1.8213033892640613,0.0
15.19587,20.12454,57.07356,3952.23819,-1.3413,62.42554,4.977946586207309,1.8544160810196821,0.0
15.22031,20.17306,56.93291,3949.77417,-1.37826,62.44169,5.071074640319808,1.8891087315231645,0.0
15.24473,20.22155,56.78862,3947.26601,-1.41325,62.45786,5.168463603936313,1.9253886829281646,0.0
15.26911,20.27003,56.64092,3944.71083,-1.44618,62.47406,5.270123953941617,1.9632598381499315,0.0
15.29346,20.31849,56.49003,3942.10572,-1.47694,62.49027,5.376055432100722,2.002722100989136,0.0
15.31779,20.36693,56.33618,3939.44772,-1.50546,62.50652,5.486245451355153,2.043770782435308,0.0
15.34208,20.41536,56.17962,3936.73389,-1.53162,62.52278,5.600667417017253,2.086395975267549,0.0
15.36635,20.46376,56.0206,3933.96127,-1.55535,62.53906,5.719278971166842,2.1305819000460864,0.0
15.39058,20.51214,55.85938,3931.12691,-1.57655,62.55537,5.842020171442006,2.1763062266639297,0.0
15.41478,20.5605,55.69622,3928.22787,-1.59513,62.5717,5.968811618690314,2.223539376847681,0.0
15.43896,20.60883,55.53142,3925.26124,-1.611,62.58805,6.099552551486936,2.272243814315398,0.0
15.4631,20.65715,55.36526,3922.22416,-1.62407,62.60441,6.23411892938475,2.3223733307368275,0.0
15.48721,20.70544,55.19804,3919.11381,-1.63426,62.6208,6.372361530810132,2.373872337149538,0.0
15.51129,20.7537,55.03005,3915.92744,-1.64148,62.63721,6.514104095737833,2.4266751720564455,0.0
15.53533,20.80194,54.86162,3912.66241,-1.64567,62.65363,6.659141547534379,2.4807054390156873,0.0
15.55935,20.85015,54.69307,3909.31615,-1.64675,62.67007,6.807238332548859,2.535875388094512,0.0
15.58333,20.89833,54.52471,3905.88623,-1.64465,62.68653,6.958126919984566,2.5920853570319866,0.0
15.60727,20.94649,54.35687,3902.37037,-1.63931,62.703,7.111506508182061,2.649223289295402,0.0
15.63118,20.99461,54.18991,3898.76644,-1.63067,62.71949,7.267041986396574,2.707164347315037,0.0
15.65506,21.04271,54.02415,3895.07251,-1.6187,62.736,7.42436320335397,2.7657706400020086,0.0
15.6789,21.09077,53.85994,3891.28682,-1.60334,62.75252,7.583064595015583,2.824891084080884,0.0
15.7027,21.1388,53.69763,3887.40788,-1.58458,62.76905,7.742705223858974,2.8843614187227895,0.0
15.72647,21.1868,53.53757,3883.43443,-1.56238,62.7856,7.902809280387563,2.9440043923709474,0.0
15.7502,21.23476,53.3801,3879.36547,-1.53675,62.80216,8.062867094295772,3.0036301394262974,0.0
15.77389,21.28268,53.22557,3875.20032,-1.50768,62.81873,8.22233669751769,3.063036762524249,0.0
15.79755,21.33057,53.07433,3870.9386,-1.47518,62.83531,8.380645974237867,3.122011133470275,0.0
15.82116,21.37842,52.92673,3866.58025,-1.43929,62.8519,8.537195423716703,3.1803299224650603,0.0
15.84474,21.42622,52.78309,3862.12558,-1.40005,62.8685,8.69136155043922,3.237760861024119,0.0
15.86828,21.47399,52.64375,3857.57525,-1.3575,62.8851,8.842500882955067,3.2940642391014454,0.0
15.89177,21.52171,52.50903,3852.93031,-1.31172,62.90172,8.989954607757266,3.348994631331263,0.0
15.91523,21.56939,52.37925,3848.19219,-1.26278,62.91834,9.133053788205801,3.4023028412143828,0.0
15.93864,21.61703,52.25471,3843.36275,-1.2108,62.93497,9.271125121233895,3.4537380456427615,0.0
15.96201,21.66462,52.1357,3838.4442,-1.15588,62.95161,9.403497166738795,3.503050115511471,0.0
15.98534,21.71216,52.02251,3833.43919,-1.09814,62.96825,9.529506967121291,3.54999208167134,0.0
16.00863,21.75966,51.91538,3828.35077,-1.03774,62.9849,9.648506957745344,3.5943227092569945,0.0
16.03187,21.8071,51.81458,3823.18238,-0.97483,63.00154,9.75987205409616,3.635809137839709,0.0
16.05507,21.8545,51.72032,3817.93782,-0.90959,63.0182,9.863006788878728,3.674229540184406,0.0
16.07822,21.90184,51.63282,3812.62129,-0.84219,63.03485,9.957352362699172,3.7093757488139687,0.0
16.10133,21.94913,51.55226,3807.23733,-0.77284,63.05151,10.04239346619642,3.741055797432792,0.0
16.1244,21.99637,51.47881,3801.79079,-0.70175,63.06817,10.117664729855868,3.7690963236520787,0.0
16.14741,22.04355,51.41262,3796.28684,-0.62914,63.08483,10.18275666061899,3.7933447805331157,0.0
16.17039,22.09068,51.35379,3790.73092,-0.55523,63.10149,10.237320931967064,3.8136714072826567,0.0
16.19331,22.13776,51.30244,3785.12868,-0.48027,63.11815,10.281074906260992,3.8299709139434945,0.0
16.21619,22.18477,51.25863,3779.48599,-0.4045,63.13481,10.31380528457338,3.8421638410529435,0.0
16.23902,22.23173,51.22241,3773.80889,-0.32817,63.15147,10.335370799352372,3.8501975627309606,0.0
16.26181,22.27863,51.19379,3768.10351,-0.25153,63.16813,10.345703888551045,3.8540469103374067,0.0
16.28454,22.32547,51.17277,3762.37611,-0.17484,63.18479,10.344811315249695,3.8537144032976367,0.0
16.30723,22.37226,51.15933,3756.63294,-0.09835,63.20145,10.332773723457722,3.8492300836270243,0.0
16.32987,22.41898,51.15341,3750.88028,-0.02232,63.2181,10.3097441475786,3.840650960667442,0.0
16.35247,22.46565,51.15492,3745.12435,0.053,63.23476,10.275945519023644,3.828060082235283,0.0
16.37501,22.51225,51.16376,3739.37132,0.12738,63.25141,10.231667237547478,3.811565257353709,0.0
16.39751,22.5588,51.17981,3733.6272,0.20056,63.26806,10.177260896299217,3.7912974637217376,0.0
16.41996,22.60528,51.20292,3727.89788,0.27232,63.28471,10.113135267548905,3.7674089797654084,0.0
16.44237,22.65171,51.23291,3722.18905,0.34244,63.30136,10.039750669985253,3.740071286307979,0.0
16.46472,22.69808,51.26959,3716.5062,0.41071,63.31801,9.95761284822148,3.709472786524815,0.0
16.48703,22.74439,51.31275,3710.85454,0.47691,63.33465,9.867266500271004,3.675816394757781,0.0
16.50929,22.79063,51.36217,3705.23907,0.54087,63.3513,9.769288589682136,3.6393170451094474,0.0
16.53151,22.83682,51.4176,3699.66446,0.60241,63.36794,9.664281575770026,3.600199169526368,0.0
16.55368,22.88296,51.47878,3694.13511,0.66137,63.38459,9.552866688456989,3.558694192500147,0.0
16.5758,22.92903,51.54543,3688.65508,0.71759,63.40123,9.43567736421983,3.515038085785111,0.0
16.59787,22.97505,51.61727,3683.22815,0.77095,63.41788,9.313352947066111,3.46946902184623,0.0
16.6199,23.02101,51.694,3677.85775,0.82133,63.43452,9.18653274412263,3.4222251594094177,0.0
16.64189,23.06691,51.77533,3672.54696,0.86861,63.45117,9.055850509822674,3.3735425886761594,0.0
16.66383,23.11276,51.86092,3667.29859,0.91271,63.46782,8.92192941666947,3.3236534578005608,0.0
16.68572,23.15856,51.95047,3662.11507,0.95356,63.48447,8.785377554519282,3.2727842962538873,0.0
16.70758,23.2043,52.04365,3656.99855,0.99109,63.50112,8.64678398498625,3.2211545449865504,0.0
16.72938,23.24999,52.14012,3651.95085,1.02524,63.51777,8.506715363129084,3.1689752979175103,0.0
16.75115,23.29563,52.23957,3646.9735,1.056,63.53443,8.365713125646497,3.1164482544630956,0.0
16.77287,23.34121,52.34165,3642.06775,1.08332,63.55109,8.224291233284987,3.0637648785244984,0.0
16.79455,23.38675,52.44603,3637.23456,1.10721,63.56776,8.082934445504467,3.0111057557553242,0.0
16.81619,23.43223,52.55239,3632.47464,1.12766,63.58443,7.942097097527399,2.9586401379802187,0.0
16.83778,23.47767,52.66039,3627.78845,1.14468,63.60111,7.802202343702514,2.906525661327947,0.0
16.85934,23.52306,52.7697,3623.17621,1.15828,63.61779,7.663641826700683,2.854908222998147,0.0
16.88085,23.56841,52.88,3618.63794,1.16851,63.63448,7.52677572915464,2.803922000498487,0.0
16.90233,23.6137,52.99098,3614.17344,1.1754,63.65117,7.391933162865623,2.7536895966343797,0.0
16.92377,23.65896,53.10231,3609.78234,1.17899,63.66787,7.259412850504974,2.7043222934607694,0.0
16.94516,23.70417,53.2137,3605.4641,1.17933,63.68458,7.129484055507782,2.6559203986919715,0.0
16.96652,23.74934,53.32483,3601.218,1.17649,63.7013,7.0023877175487215,2.6085736686963075,0.0
16.98784,23.79446,53.43542,3597.04321,1.17053,63.71803,6.878337753321759,2.5623617930707674,0.0
17.00913,23.83954,53.54518,3592.93874,1.16152,63.73477,6.757522485182495,2.5173549268478705,0.0
17.03038,23.88459,53.65383,3588.9035,1.14953,63.75151,6.6401061633950675,2.4736142575726947,0.0
17.05159,23.92959,53.76109,3584.9363,1.13465,63.76827,6.5262305511067105,2.4311925957475955,0.0
17.07276,23.97456,53.86671,3581.03584,1.11695,63.78504,6.4160165446383575,2.3901349784330956,0.0
17.0939,24.01949,53.97042,3577.20075,1.09652,63.80182,6.309565805148502,2.350479277085599,0.0
17.115,24.06438,54.072,3573.42958,1.07345,63.81861,6.206962381043222,2.312256801947817,0.0
17.13607,24.10924,54.17118,3569.72082,1.04783,63.83541,6.1082743037450085,2.2754928965146433,0.0
17.15711,24.15406,54.26776,3566.07289,1.01974,63.85222,6.013555142411973,2.2402075167069606,0.0
17.17811,24.19885,54.36151,3562.48417,0.98929,63.86905,5.922845505935456,2.2064157904052806,0.0
17.19907,24.2436,54.45222,3558.95301,0.95657,63.88589,5.83617448308732,2.1741285539424915,0.0
17.22001,24.28833,54.53969,3555.4777,0.92167,63.90274,5.753561013873662,2.1433528629692074,0.0
17.24091,24.33302,54.62373,3552.05651,0.88469,63.91961,5.675015187178442,2.114092475860157,0.0
17.26177,24.37767,54.70416,3548.68767,0.84572,63.93649,5.600539461451114,2.086348308452448,0.0
17.28261,24.4223,54.78081,3545.36941,0.80487,63.95339,5.530129806677354,2.060118859459709,0.0
17.30341,24.4669,54.85351,3542.09991,0.76222,63.9703,5.463776767108684,2.0354006063668355,0.0
17.32419,24.51147,54.92212,3538.87736,0.71788,63.98723,5.401466445223568,2.0121883719813902,0.0
17.34493,24.55601,54.98648,3535.69991,0.67195,64.00417,5.343181408243296,1.9904756621346191,0.0
17.36564,24.60052,55.04647,3532.56571,0.62451,64.02112,5.288901519134749,1.9702549752518486,0.0
17.38631,24.645,55.10195,3529.4729,0.57566,64.0381,5.238604694538546,1.9515180847006615,0.0
17.40696,24.68946,55.15282,3526.4196,0.52551,64.05509,5.192267592393861,1.934256294949232,0.0
17.42758,24.73389,55.19895,3523.40392,0.47415,64.07209,5.149866232259691,1.9184606726523243,0.0
17.44817,24.77829,55.24026,3520.42396,0.42166,64.08911,5.111376551429059,1.9041222538184612,0.0
17.46873,24.82267,55.27665,3517.47782,0.36816,64.10615,5.076774899992099,1.8912322282339515,0.0
17.48925,24.86702,55.30804,3514.56357,0.31372,64.12321,5.0460384779033225,1.8797821022819445,0.0
17.50975,24.91135,55.33435,3511.67929,0.25845,64.14028,5.019145717040444,1.869763841269398,0.0
17.53022,24.95565,55.35554,3508.82302,0.20244,64.15737,4.996076611039963,1.861169992299509,0.0
17.55066,24.99993,55.37153,3505.99282,0.14578,64.17447,4.9768129954907625,1.8539937886512021,0.0
17.57107,25.04418,55.38228,3503.18671,0.08856,64.1916,4.961338780832622,1.8482292365399529,0.0
17.59146,25.08841,55.38776,3500.40272,0.03089,64.20874,4.949640140006892,1.8438711850226035,0.0
17.61181,25.13261,55.38794,3497.63882,-0.02716,64.22589,4.941705652633648,1.840915379707143,0.0
17.63213,25.1768,55.38278,3494.89302,-0.08548,64.24307,4.937526407167301,1.8393585008083617,0.0
17.65243,25.22095,55.37229,3492.16327,-0.14399,64.26026,4.937096062167835,1.8391981859730022,0.0
17.6727,25.26509,55.35646,3489.4475,-0.20258,64.27747,4.940410867494818,1.8404330381750813,0.0
17.69294,25.3092,55.33528,3486.74365,-0.26118,64.2947,4.947469645903287,1.8430626188598733,0.0
17.71315,25.35329,55.30878,3484.0496,-0.31968,64.31194,4.958273735202666,1.8470874263965904,0.0
17.73333,25.39736,55.27697,3481.36323,-0.378,64.32921,4.97282689081554,1.8525088597789556,0.0
17.75349,25.44141,55.23989,3478.68238,-0.43603,64.34649,4.991135148262357,1.8593291673971402,0.0
17.77361,25.48543,55.19757,3476.00487,-0.49369,64.36378,5.013206644813664,1.867551380598527,0.0
17.79371,25.52943,55.15005,3473.32849,-0.55089,64.3811,5.039051399258192,1.8771792316455296,0.0
17.81378,25.5734,55.0974,3470.65099,-0.60752,64.39843,5.068681048497457,1.8882170555901474,0.0
17.83383,25.61736,55.03968,3467.97011,-0.6635,64.41577,5.102108539443806,1.900669675497883,0.0
17.85384,25.66129,54.97695,3465.28354,-0.71873,64.43314,5.139347774506694,1.9145422703820525,0.0
17.87382,25.7052,54.9093,3462.58895,-0.77311,64.45052,5.180413208799231,1.929840225152628,0.0
17.89378,25.74908,54.83682,3459.88397,-0.82654,64.46792,5.225319397098019,1.9465689618468516,0.0
17.91371,25.79294,54.7596,3457.16619,-0.87894,64.48533,5.2740804885361,1.9647337513890673,0.0
17.93361,25.83678,54.67776,3454.43319,-0.9302,64.50276,5.3267096670302845,1.9843395051351775,0.0
17.95348,25.8806,54.5914,3451.68251,-0.98023,64.52021,5.383218535525127,2.0053905454873204,0.0
17.97333,25.92439,54.50065,3448.91165,-1.02893,64.53767,5.443616442331649,2.0278903549373206,0.0
17.99314,25.96816,54.40565,3446.11809,-1.0762,64.55515,5.507909748098638,2.05184130299421,0.0
18.01293,26.0119,54.30652,3443.29927,-1.12195,64.57264,5.576101032337436,2.077244350593834,0.0
18.03268,26.05562,54.20344,3440.45262,-1.16607,64.59014,5.648188238941643,2.1040987317824595,0.0
18.05241,26.09931,54.09654,3437.57555,-1.20846,64.60766,5.724163760767961,2.132401612699053,0.0
18.07211,26.14298,53.986,3434.66544,-1.24903,64.6252,5.804013464139415,2.16214772817706,0.0
18.09178,26.18662,53.87199,3431.71966,-1.28768,64.64275,5.8877156550672405,2.193328996634864,0.0
18.11142,26.23024,53.7547,3428.73555,-1.32431,64.66031,5.975239990101207,2.22593411433887,0.0
18.13103,26.27383,53.63433,3425.71049,-1.35883,64.67789,6.066546336010514,2.2599481306046347,0.0
18.15061,26.31739,53.51106,3422.64182,-1.39113,64.69547,6.1615835839304784,2.2953520060353094,0.0
18.17016,26.36092,53.38512,3419.52691,-1.42113,64.71307,6.260288425276661,2.332122156517442,0.0
18.18968,26.40443,53.25671,3416.36313,-1.44873,64.73069,6.362584098524542,2.3702299863634293,0.0
18.20917,26.4479,53.12607,3413.14788,-1.47384,64.74831,6.468379117924111,2.40964141472426,0.0
18.22862,26.49135,52.99343,3409.8786,-1.49636,64.76594,6.577565997316437,2.4503164001776003,0.0
18.24805,26.53477,52.85902,3406.55276,-1.51622,64.78359,6.690019984470105,2.492208469234819,0.0
18.26744,26.57815,52.7231,3403.16789,-1.53333,64.80124,6.805597823638096,2.5352642553608664,0.0
18.28681,26.6215,52.58592,3399.72159,-1.5476,64.8189,6.924136566338678,2.5794230559588645,0.0
18.30614,26.66482,52.44774,3396.21152,-1.55897,64.83658,7.045452452720307,2.6246164156491,0.0
18.32543,26.70811,52.30882,3392.63545,-1.56736,64.85426,7.16933988798495,2.6707677449597824,0.0
18.3447,26.75137,52.16944,3388.99125,-1.57271,64.87194,7.295570540407739,2.7177919843156277,0.0
18.36393,26.79458,52.02987,3385.27688,-1.57495,64.88964,7.423892589180117,2.7655953238396447,0.0
18.38313,26.83777,51.8904,3381.49048,-1.57403,64.90734,7.554030151676776,2.8140749899949973,0.0
18.40229,26.88091,51.75131,3377.6303,-1.56991,64.92505,7.6856829205619555,2.8631191103975544,0.0
18.42142,26.92402,51.61289,3373.69477,-1.56254,64.94276,7.8185260414447475,2.9126066682392664,0.0
18.44052,26.96709,51.47543,3369.68249,-1.55189,64.96048,7.952210261288588,2.962407557574615,0.0
18.45958,27.01012,51.33921,3365.59227,-1.53794,64.9782,8.0863623765204,3.0123827502530527,0.0
18.4786,27.05311,51.20454,3361.42312,-1.52068,64.99592,8.220586007564242,3.062384584453164,0.0
18.49759,27.09605,51.0717,3357.17428,-1.50011,65.01365,8.354462723312269,3.112257183577695,0.0
18.51655,27.13896,50.94097,3352.84522,-1.47623,65.03137,8.487553534822258,3.161837012695171,0.0
18.53546,27.18182,50.81266,3348.43567,-1.44906,65.0491,8.619400772165628,3.210953577715176,0.0
18.55434,27.22464,50.68704,3343.94563,-1.41863,65.06683,8.749530352011433,3.2594302701230498,0.0
18.57318,27.26741,50.56439,3339.37538,-1.38499,65.08456,8.877454436120399,3.3070853573388663,0.0
18.59199,27.31013,50.44499,3334.72548,-1.34819,65.10229,9.00267447268792,3.3537331156977204,0.0
18.61075,27.35281,50.3291,3329.9968,-1.30831,65.12002,9.12468460347746,3.3991850996965725,0.0
18.62948,27.39544,50.21698,3325.19048,-1.26541,65.13774,9.242975410190741,3.4432515376157133,0.0
18.64817,27.43802,50.10888,3320.30802,-1.2196,65.15547,9.357037963757712,3.485742839985816,0.0
18.66681,27.48054,50.00505,3315.35118,-1.17099,65.17318,9.46636813054949,3.526471203765572,0.0
18.68542,27.52302,49.9057,3310.32205,-1.1197,65.1909,9.570471080179964,3.5652522916163787,0.0
18.70399,27.56544,49.81105,3305.22302,-1.06586,65.20861,9.668865930966867,3.6019069624588362,0.0
18.72252,27.60781,49.72131,3300.0568,-1.00962,65.22631,9.761090461714632,3.6362630267358234,0.0
18.741,27.65012,49.63667,3294.82635,-0.95114,65.24401,9.846705812379323,3.668156997533872,0.0
18.75945,27.69238,49.55729,3289.53494,-0.89059,65.26171,9.92530109200848,3.697435807161999,0.0
18.77785,27.73458,49.48333,3284.1861,-0.82815,65.27939,9.996497810125279,3.723958457958903,0.0
18.79621,27.77673,49.41493,3278.78361,-0.76401,65.29707,10.059954047787873,3.747597576122318,0.0
18.81453,27.81882,49.35221,3273.33147,-0.69838,65.31474,10.115368287042394,3.768240838281012,0.0
18.83281,27.86084,49.29527,3267.8339,-0.63146,65.3324,10.162482822294102,3.7857922423203045,0.0
18.85104,27.90281,49.24419,3262.29529,-0.56347,65.35006,10.201086684368729,3.8001731966718446,0.0
18.86924,27.94472,49.19904,3256.7202,-0.49464,65.3677,10.23101801739021,3.811323405763116,0.0
18.88738,27.98657,49.15986,3251.11334,-0.42518,65.38534,10.252165859901277,3.819201533531713,0.0
18.90549,28.02835,49.12667,3245.47949,-0.35534,65.40296,10.264471294471507,3.8237856316845935,0.0
18.92355,28.07008,49.09947,3239.82354,-0.28534,65.42058,10.267927944023684,3.825073324592702,0.0
18.94157,28.11174,49.07825,3234.1504,-0.21541,65.43818,10.262581807716332,3.823081748152902,0.0
18.95954,28.15334,49.06298,3228.46502,-0.1458,65.45578,10.248530443955026,3.8178472454381844,0.0
18.97747,28.19488,49.05358,3222.77233,-0.07672,65.47336,10.225921522567868,3.8094248273449445,0.0
18.99536,28.23635,49.05,3217.07722,-0.00841,65.49094,10.194950781669846,3.7978874114711947,0.0
19.01321,28.27776,49.05213,3211.38453,0.05891,65.5085,10.155859437037432,3.7833248570404403,0.0
19.03101,28.31911,49.05987,3205.69899,0.12503,65.52606,10.108931102403982,3.7658428176306837,0.0
19.04876,28.36039,49.07307,3200.02522,0.18974,65.5436,10.054488287724254,3.745561436685818,0.0
19.06647,28.40161,49.09161,3194.36772,0.25283,65.56113,9.992888548906414,3.722613913189498,0.0
19.08414,28.44277,49.1153,3188.7308,0.31411,65.57866,9.9245203667367,3.6971449664561433,0.0
19.10177,28.48387,49.14399,3183.11861,0.37341,65.59617,9.84979883458018,3.669309229686004,0.0
19.11935,28.5249,49.17747,3177.5351,0.43054,65.61367,9.769161234171754,3.6392696018309065,0.0
19.1369,28.56587,49.21555,3171.98404,0.48535,65.63117,9.683062576426343,3.6071955864287144,0.0
19.15439,28.60678,49.25801,3166.46893,0.5377,65.64865,9.59197118002257,3.5732616445094227,0.0
19.17185,28.64763,49.30462,3160.99309,0.58743,65.66613,9.496364354749646,3.537645586528288,0.0
19.18926,28.68841,49.35515,3155.55958,0.63444,65.68359,9.396724249653554,3.500527025691045,0.0
19.20663,28.72914,49.40936,3150.17122,0.67861,65.70105,9.293533918067972,3.462085912074386,0.0
19.22396,28.7698,49.467,3144.8306,0.71983,65.7185,9.187273643153658,3.422501163792703,0.0
19.24125,28.81041,49.5278,3139.54005,0.75802,65.73594,9.07841755876413,3.381949408181646,0.0
19.2585,28.85096,49.59151,3134.30168,0.79312,65.75338,8.96743059170816,3.340603842710441,0.0
19.27571,28.89144,49.65787,3129.11733,0.82505,65.7708,8.854765742961686,3.2986332221617993,0.0
19.29288,28.93187,49.7266,3123.98863,0.85378,65.78822,8.740861717378287,3.256200975636699,0.0
19.31,28.97225,49.79743,3118.91697,0.87925,65.80564,8.626140904072015,3.2134644541938493,0.0
19.32709,29.01257,49.87009,3113.90352,0.90145,65.82305,8.511007703034348,3.1705743074704813,0.0
19.34414,29.05283,49.9443,3108.94924,0.92036,65.84045,8.395847187881204,3.1276739855204205,0.0
19.36115,29.09304,50.01981,3104.05487,0.93597,65.85785,8.281024089744887,3.0848993602871038,0.0
19.37812,29.13319,50.09633,3099.22095,0.9483,65.87525,8.16688208346651,3.0423784596914745,0.0
19.39505,29.17329,50.1736,3094.44784,0.95736,65.89264,8.053743354224164,3.000231306189574,0.0
19.41195,29.21334,50.25135,3089.73574,0.96316,65.91002,7.941908420588053,2.9585698508559237,0.0
19.42881,29.25333,50.32932,3085.08464,0.96574,65.92741,7.831656188597131,2.917497993528493,0.0
19.44563,29.29328,50.40726,3080.4944,0.96515,65.94479,7.723244210797622,2.877111679307365,0.0
19.46242,29.33317,50.48491,3075.96472,0.96143,65.96217,7.616909124115164,2.837499061673633,0.0
19.47916,29.37302,50.56201,3071.49517,0.95463,65.97955,7.512867240914877,2.798740722674825,0.0
19.49588,29.41282,50.63834,3067.08518,0.94481,65.99693,7.411315268472037,2.7609099409466604,0.0
19.51256,29.45257,50.71366,3062.73406,0.93204,66.01431,7.312431133348768,2.7240729988150605,0.0
19.5292,29.49227,50.78773,3058.44102,0.91639,66.03169,7.216374888636348,2.688289520267777,0.0
19.54581,29.53193,50.86033,3054.20515,0.89793,66.04906,7.123289683742047,2.6536128322255053,0.0
19.56238,29.57154,50.93125,3050.02546,0.87675,66.06644,7.033302778166048,2.620090342200462,0.0
19.57892,29.61111,51.00027,3045.90085,0.85292,66.08382,6.946526582578727,2.5877639261250653,0.0
19.59543,29.65063,51.0672,3041.83018,0.82654,66.1012,6.863059712364134,2.5566703208246007,0.0
19.6119,29.69011,51.13185,3037.81219,0.79769,66.11859,6.782988040616764,2.526841516286225,0.0
19.62834,29.72955,51.19402,3033.84558,0.76647,66.13597,6.706385739335219,2.4983051435310006,0.0
19.64475,29.76894,51.25354,3029.92898,0.73297,66.15336,6.633316299199602,2.4710848545078044,0.0
19.66112,29.80829,51.31024,3026.06097,0.69729,66.17075,6.563833519884112,2.4452006910108315,0.0
19.67747,29.84761,51.36397,3022.24007,0.65953,66.18815,6.497982464250076,2.4206694401416016,0.0
19.69378,29.88688,51.41456,3018.46475,0.61978,66.20555,6.435800371064944,2.397504974320801,0.0
19.71006,29.92611,51.46187,3014.73344,0.57816,66.22295,6.377317522036517,2.3757185742813443,0.0
19.72631,29.96531,51.50578,3011.04453,0.53476,66.24036,6.322558059955017,2.355319233847824,0.0
19.74252,30.00446,51.54614,3007.39637,0.48969,66.25777,6.271540755635568,2.3363139456427646,0.0
19.75871,30.04358,51.58285,3003.78727,0.44304,66.27518,6.224279722071767,2.3187079671276165,0.0
19.77487,30.08266,51.61578,3000.21552,0.39494,66.2926,6.1807850748811415,2.302505066636065,0.0
19.79099,30.12171,51.64485,2996.67936,0.34548,66.31003,6.141063538631111,2.2877077492464086,0.0
19.80709,30.16071,51.66996,2993.17701,0.29477,66.32746,6.10511899903548,2.2743174624892806,0.0
19.82316,30.19968,51.69103,2989.70667,0.24292,66.3449,6.072953001377166,2.262334782023223,0.0
19.83919,30.23862,51.70797,2986.26649,0.19003,66.36234,6.0445651957288415,2.2517595774911032,0.0
19.8552,30.27752,51.72072,2982.85463,0.13622,66.37979,6.019953729731063,2.2425911588402867,0.0
19.87118,30.31638,51.72922,2979.46917,0.08159,66.39724,5.999115589788498,2.2348284034272217,0.0
19.88713,30.35521,51.73343,2976.10823,0.02624,66.41471,5.9820468916114375,2.228469864251789,0.0
19.90305,30.394,51.7333,2972.76984,-0.0297,66.43217,5.968743121020099,2.2235138596632433,0.0
19.91894,30.43276,51.7288,2969.45206,-0.08614,66.44965,5.959199325925365,2.219958544878093,0.0
19.9348,30.47149,51.7199,2966.15288,-0.14297,66.46713,5.953410260313347,2.217801965618133,0.0
19.95063,30.51018,51.70659,2962.87031,-0.20007,66.48461,5.951370481001112,2.2170420941545017,0.0
19.96644,30.54884,51.68886,2959.6023,-0.25734,66.50211,5.953074397822032,2.217676848003044,0.0
19.98221,30.58746,51.66671,2956.34679,-0.31467,66.5196,5.958516277801806,2.2197040914799895,0.0
19.99796,30.62605,51.64016,2953.10169,-0.37195,66.53711,5.9676902037679875,2.223121620282912,0.0
20.01368,30.66461,51.60921,2949.8649,-0.42907,66.55462,5.980589987735998,2.227927129224739,0.0
20.02937,30.70314,51.5739,2946.63428,-0.48592,66.57214,5.997209039330888,2.2341181632174,0.0
20.04503,30.74163,51.53425,2943.40768,-0.54239,66.58967,6.017540189406155,2.241692051565191,0.0
20.06067,30.78008,51.49032,2940.1829,-0.59837,66.6072,6.041575468982609,2.2506458256136863,0.0
20.07627,30.81851,51.44215,2936.95775,-0.65376,66.62473,6.0693058435915335,2.2609761197855787,0.0
20.09185,30.8569,51.38981,2933.73001,-0.70844,66.64228,6.1007209031312,2.2726790560440677,0.0
20.1074,30.89526,51.33336,2930.49742,-0.76231,66.65983,6.135808507369552,2.285750111833284,0.0
20.12292,30.93358,51.27287,2927.25771,-0.81526,66.67738,6.174554387348668,2.300183971590963,0.0
20.13842,30.97187,51.20844,2924.00861,-0.86717,66.69494,6.216941703074452,2.3159743619762163,0.0
20.15388,31.01013,51.14014,2920.7478,-0.91794,66.71251,6.2629505580962785,2.3331138710376793,0.0
20.16932,31.04835,51.0681,2917.47297,-0.96746,66.73008,6.312557471853243,2.351593751648604,0.0
20.18473,31.08654,50.9924,2914.18178,-1.01562,66.74765,6.365734811013303,2.371403709665728,0.0
20.2001,31.12469,50.91317,2910.8719,-1.06232,66.76523,6.4224501814365915,2.3925316774196097,0.0
20.21546,31.16281,50.83054,2907.54097,-1.10746,66.78282,6.482665782926987,2.414963573342611,0.0
20.23078,31.20089,50.74463,2904.18664,-1.15091,66.80041,6.546337729490967,2.4386830487474342,0.0
20.24607,31.23894,50.65559,2900.80655,-1.19259,66.818,6.613415338516637,2.4636712230276103,0.0
20.26134,31.27695,50.56356,2897.39836,-1.23238,66.83559,6.683840393048842,2.4899064088355627,0.0
20.27657,31.31493,50.4687,2893.95972,-1.27019,66.85319,6.757546382138931,2.5173638290929095,0.0
20.29178,31.35287,50.37116,2890.48832,-1.30591,66.87079,6.834457725246332,2.546015328059646,0.0
20.30696,31.39077,50.27113,2886.98183,-1.33946,66.8884,6.9144889875874895,2.575829079030972,0.0
20.32211,31.42863,50.16876,2883.43799,-1.37073,66.90601,6.997544094431763,2.6067692916418457,0.0
20.33722,31.46646,50.06426,2879.85454,-1.39963,66.92361,7.083515553459044,2.6387959221747344,0.0
20.35231,31.50425,49.9578,2876.22928,-1.42607,66.94122,7.172283695399983,2.671864390678117,0.0
20.36737,31.542,49.84958,2872.56004,-1.44997,66.95883,7.263715944352597,2.7059253091402224,0.0
20.3824,31.57971,49.73981,2868.84474,-1.47125,66.97644,7.357666130273233,2.740924225373824,0.0
20.3974,31.61738,49.62868,2865.08132,-1.48982,66.99405,7.453973857233593,2.776801387675362,0.0
20.41237,31.65501,49.51641,2861.26783,-1.50561,67.01166,7.5524639419909585,2.8134915356775734,0.0
20.42731,31.69259,49.40321,2857.4024,-1.51856,67.02927,7.652945938304255,2.850923723144717,0.0
20.44221,31.73014,49.28931,2853.48323,-1.5286,67.04688,7.755213763046657,2.889021178689676,0.0
20.45709,31.76764,49.17493,2849.50864,-1.53568,67.06448,7.859045440665616,2.927701210578598,0.0
20.47193,31.8051,49.06029,2845.47708,-1.53975,67.08208,7.964202982695553,2.966875161846201,0.0
20.48674,31.84251,48.94563,2841.38711,-1.54076,67.09968,8.07043241885154,3.0064484218789906,0.0
20.50152,31.87988,48.83117,2837.23741,-1.53867,67.11728,8.17746399576296,3.0463205004487706,0.0
20.51627,31.91721,48.71715,2833.02684,-1.53347,67.13487,8.28501255839113,3.086385169800755,0.0
20.53099,31.95448,48.60381,2828.7544,-1.52513,67.15245,8.392778127855479,3.1265306799090085,0.0
20.54567,31.99171,48.49136,2824.41926,-1.51365,67.17003,8.500446687451449,3.166640051288808,0.0
20.56032,32.02889,48.38006,2820.02076,-1.49902,67.1876,8.607691186296089,3.2065914488810265,0.0
20.57494,32.06602,48.27013,2815.55845,-1.48125,67.20517,8.714172767142175,3.246258639445204,0.0
20.58952,32.10311,48.16179,2811.03205,-1.46037,67.22273,8.81954222151051,3.2855115336346095,0.0
20.60407,32.14014,48.05528,2806.4415,-1.4364,67.24028,8.92344167148346,3.324216812508591,0.0
20.61858,32.17712,47.95082,2801.78694,-1.40939,67.25782,9.025506473231905,3.3622386366464445,0.0
20.63306,32.21404,47.84861,2797.06874,-1.37938,67.27536,9.125367332789315,3.3994394343289285,0.0
20.64751,32.25092,47.74889,2792.28748,-1.34646,67.29288,9.222652619795284,3.435680763468608,0.0
20.66192,32.28774,47.65184,2787.44398,-1.31068,67.3104,9.316990859948893,3.4708242401143137,0.0
20.67629,32.3245,47.55768,2782.53928,-1.27214,67.3279,9.408013382054158,3.5047325245452194,0.0
20.69063,32.36121,47.46658,2777.57463,-1.23093,67.34539,9.495357090721479,3.537270354175085,0.0
20.70494,32.39786,47.37873,2772.55153,-1.18718,67.36287,9.578667331388058,3.5683056108477413,0.0
20.71921,32.43445,47.2943,2767.4717,-1.14099,67.38034,9.657600810318554,3.597710408614177,0.0
20.73344,32.47099,47.21346,2762.33709,-1.0925,67.39779,9.731828528909315,3.625362186838054,0.0
20.74763,32.50747,47.13635,2757.14983,-1.04186,67.41523,9.801038689043096,3.6511447925167975,0.0
20.76179,32.54388,47.0631,2751.9123,-0.98922,67.43266,9.86493952464505,3.6749495351107004,0.0
20.77591,32.58024,46.99386,2746.62703,-0.93474,67.45007,9.923262013859834,3.6966761969002535,0.0
20.79,32.61654,46.92872,2741.29679,-0.87859,67.46747,9.975762426819925,3.7162339820968886,0.0
20.80404,32.65277,46.86778,2735.92447,-0.82095,67.48485,10.022224665492653,3.7335423884975536,0.0
20.81805,32.68894,46.81114,2730.51316,-0.762,67.50221,10.062462354885577,3.7485319865137448,0.0
0.04701,0.04701,59.0846,4972.81884,-0.48899,45.0001,5.93924902679731,2.212526533528931,0.0
0.09399,0.09399,59.02171,4969.60937,-0.47728,45.00025,5.984280214250862,2.229301835697229,0.0
0.14095,0.14095,58.96043,4966.372,-0.46488,45.00044,6.028216179964369,2.245669138950343,0.0
0.18787,0.18787,58.90085,4963.10719,-0.45183,45.00069,6.070955644735897,2.261590714120735,0.0
0.23476,0.23476,58.84305,4959.81549,-0.43813,45.00097,6.112398558751101,2.2770292900200926,0.0
0.28162,0.28162,58.7871,4956.49748,-0.42381,45.00131,6.152446563997217,2.2919482257007067,0.0
0.32845,0.32845,58.73308,4953.15382,-0.4089,45.00169,6.191003464994973,2.306311685815492,0.0
0.37524,0.37526,58.68108,4949.78521,-0.39342,45.00211,6.227975704158084,2.32008481770191,0.0
0.42201,0.42203,58.63114,4946.39244,-0.37741,45.00259,6.263272837843187,2.3332339287230925,0.0
0.46874,0.46876,58.58335,4942.97632,-0.36088,45.0031,6.296808009006899,2.345726662345033,0.0
0.51544,0.51547,58.53776,4939.53775,-0.34387,45.00367,6.328498412225785,2.35753217136876,0.0
0.56211,0.56215,58.49444,4936.07765,-0.32642,45.00428,6.358265746782156,2.3686212867167185,0.0
0.60874,0.60879,58.45342,4932.59701,-0.30855,45.00493,6.386036653483266,2.378966680159414,0.0
0.65534,0.65541,58.41476,4929.09688,-0.29031,45.00563,6.411743130950123,2.3885430193939463,0.0
0.70191,0.70199,58.37851,4925.57832,-0.27172,45.00637,6.435322927189871,2.397327113915031,0.0
0.74845,0.74854,58.3447,4922.04246,-0.25284,45.00716,6.456719902472045,2.405298050195944,0.0
0.79495,0.79505,58.31336,4918.49047,-0.23368,45.00799,6.4758843597281635,2.412437314771066,0.0
0.84142,0.84154,58.28452,4914.92354,-0.2143,45.00887,6.4927733390143185,2.418728903930948,0.0
0.88785,0.88799,58.25822,4911.3429,-0.19474,45.00979,6.50735087291771,2.4241594188679625,0.0
0.93425,0.93441,58.23445,4907.74981,-0.17503,45.01076,6.519588200180805,2.4287181452569246,0.0
0.98061,0.9808,58.21324,4904.14555,-0.15521,45.01177,6.52946393528622,2.4323971164299203,0.0
1.02694,1.02716,58.1946,4900.53142,-0.13533,45.01282,6.53696419219935,2.435191159473698,0.0
1.07323,1.07348,58.17852,4896.90875,-0.11543,45.01392,6.542082661014276,2.4370979237822774,0.0
1.11949,1.11977,58.165,4893.27886,-0.09556,45.01506,6.544820636751553,2.438117891784891,0.0
1.16573,1.16601,58.15363,4889.64381,-0.08201,44.97881,6.545558341502144,2.438392706214666,-18.99999967589494
1.21196,1.21219,58.144,4886.00539,-0.06856,44.94257,6.5446812289547935,2.438065958712558,-18.99999967589494
1.25819,1.25831,58.13608,4882.36454,-0.05524,44.90636,6.542208532039612,2.4371448140510816,-18.99999967589494
1.30441,1.30437,58.12987,4878.72216,-0.04207,44.87018,6.538163440851865,2.4356379111508915,-18.99999967589494
1.35063,1.35036,58.12533,4875.07917,-0.02908,44.83404,6.532573272267265,2.4335554262669397,-18.99999967589494
1.39684,1.39629,58.12244,4871.43648,-0.0163,44.79796,6.525469332963853,2.430909021960526,-18.99999967589494
1.44305,1.44215,58.12116,4867.79497,-0.00375,44.76194,6.516886764712642,2.4277117894659885,-18.99999967589494
1.48925,1.48796,58.12147,4864.15553,0.00854,44.72598,6.506864373349662,2.4239781849782904,-18.99999967589494
1.53545,1.5337,58.12332,4860.51901,0.02055,44.69011,6.495444442941478,2.4197239604247898,-18.99999967589494
1.58164,1.57938,58.12668,4856.88626,0.03226,44.65432,6.48267253676938,2.4149660893266067,-18.99999967589494
1.62782,1.625,58.13151,4853.2581,0.04365,44.61862,6.468597286828408,2.4097226883814797,-18.99999967589494
1.674,1.67056,58.13776,4849.63532,0.05469,44.58302,6.453270173579538,2.4040129354156554,-18.99999967589494
1.72017,1.71605,58.14538,4846.0187,0.06536,44.54753,6.436745297751205,2.3978569843739503,-18.99999967589494
1.76633,1.76149,58.15433,4842.409,0.07564,44.51215,6.419079145955716,2.391275878005702,-18.99999967589494
1.81249,1.80686,58.16454,4838.80692,0.08552,44.4769,6.400330351931821,2.3842914589213406,-18.99999967589494
1.85864,1.85217,58.17598,4835.21317,0.09497,44.44177,6.380559455150282,2.3769262796666153,-18.99999967589494
1.90478,1.89742,58.18857,4831.62841,0.10398,44.40678,6.359828658481186,2.369203512447288,-18.99999967589494
1.95092,1.94261,58.20226,4828.05327,0.11254,44.37192,6.338201586593731,2.3611468591267033,-18.99999967589494
1.99705,1.98774,58.217,4824.48835,0.12062,44.33721,6.315743046621835,2.3527804620674213,-18.99999967589494
2.04317,2.03281,58.23271,4820.93422,0.12821,44.30264,6.29251879258469,2.344128816371684,-18.99999967589494
2.08929,2.07782,58.24934,4817.3914,0.13531,44.26823,6.268595294926961,2.335216684029073,-18.99999967589494
2.1354,2.12277,58.26682,4813.86041,0.1419,44.23397,6.244039516437869,2.326069010440469,-18.99999967589494
2.1815,2.16766,58.28508,4810.3417,0.14797,44.19988,6.218918695680432,2.31671084373975,-18.99999967589494
2.2276,2.21249,58.30407,4806.83571,0.15351,44.16595,6.1933001389495255,2.307167257292692,-18.99999967589494
2.27369,2.25727,58.3237,4803.34282,0.15851,44.13219,6.167251021629717,2.2974632756975364,-18.99999967589494
2.31977,2.30198,58.34391,4799.86341,0.16297,44.09859,6.140838199726724,2.2876238045755013,-18.99999967589494
2.36584,2.34664,58.36463,4796.39778,0.16687,44.06517,6.11412803216704,2.2776735643727144,-18.99999967589494
2.41191,2.39124,58.38579,4792.94623,0.17022,44.03193,6.0871862143953495,2.2676370283708702,-18.99999967589494
2.45796,2.43578,58.40733,4789.50901,0.17302,43.99885,6.0600776236052045,2.2575383650315906,-18.99999967589494
2.50402,2.48027,58.42916,4786.08633,0.17525,43.96596,6.032866175884967,2.247401384779522,-18.99999967589494
2.55006,2.52469,58.45122,4782.67838,0.17691,43.93324,6.005614695390639,2.2372494912657785,-18.99999967589494
2.59609,2.56907,58.47344,4779.28531,0.17802,43.9007,5.978384795586779,2.2271056371270577,-18.99999967589494
2.64212,2.61338,58.49574,4775.90723,0.17856,43.86834,5.951236772479917,2.2169922842122736,-18.99999967589494
2.68814,2.65764,58.51807,4772.54421,0.17854,43.83615,5.924229509677699,2.206931368214596,-18.99999967589494
2.73416,2.70185,58.54034,4769.19631,0.17796,43.80414,5.897420395025331,2.1969442676163284,-18.99999967589494
2.78016,2.746,58.56248,4765.86354,0.17683,43.7723,5.8708652484949635,2.187051776825811,-18.99999967589494
2.82616,2.79009,58.58444,4762.54587,0.17514,43.74064,5.844618260928553,2.177274083357517,-18.99999967589494
2.87215,2.83413,58.60613,4759.24328,0.17291,43.70915,5.81873194319327,2.1676307488911126,-18.99999967589494
2.91813,2.87812,58.6275,4755.95566,0.17014,43.67783,5.793257085241107,2.1581406940200782,-18.99999967589494
2.9641,2.92205,58.64848,4752.68292,0.16684,43.64668,5.7682427245343515,2.1488221864893706,-18.99999967589494
3.01007,2.96593,58.669,4749.42492,0.16302,43.6157,5.743736123257009,2.1396928327060745,-18.99999967589494
3.05602,3.00976,58.689,4746.18149,0.15868,43.58488,5.71978275371354,2.130769572300048,-18.99999967589494
3.10197,3.05353,58.70842,4742.95243,0.15384,43.55421,5.696426291294027,2.122068675503267,-18.99999967589494
3.14791,3.09725,58.72719,4739.73754,0.1485,43.52371,5.673708614378644,2.113605743114233,-18.99999967589494
3.19385,3.14092,58.74525,4736.53657,0.14268,43.49335,5.651669810520036,2.1053957088010726,-18.99999967589494
3.23977,3.18454,58.76255,4733.34924,0.13639,43.46315,5.6303481883030555,2.097452843519603,-18.99999967589494
3.28569,3.2281,58.77903,4730.17526,0.12964,43.43308,5.6097802942069706,2.089790761794948,-18.99999967589494
3.3316,3.27162,58.79464,4727.01431,0.12244,43.40316,5.590000933875661,2.0824224296452436,-18.99999967589494
3.3775,3.31508,58.80932,4723.86607,0.11481,43.37338,5.5710431971641245,2.075360173912123,-18.99999967589494
3.42339,3.35849,58.82302,4720.73016,0.10676,43.34372,5.552938486373866,2.0686156927791406,-18.99999967589494
3.46928,3.40186,58.83569,4717.6062,0.09831,43.31419,5.535716547097842,2.0622000672623284,-18.99999967589494
3.51515,3.44517,58.84729,4714.49379,0.08947,43.28479,5.51940550111421,2.0561237734639755,-18.99999967589494
3.56102,3.48843,58.85776,4711.39252,0.08025,43.25549,5.504031880810016,2.050396695396369,-18.99999967589494
3.60688,3.53164,58.86707,4708.30194,0.07068,43.22631,5.489620664608124,2.045028138179245,-18.99999967589494
3.65273,3.5748,58.87518,4705.2216,0.06078,43.19723,5.476195312936403,2.0400268414392673,-18.99999967589494
3.69858,3.61792,58.88203,4702.15103,0.05055,43.16825,5.463777804263117,2.035400992734151,-18.99999967589494
3.74441,3.66098,58.88761,4699.08972,0.04001,43.13937,5.45238867079929,2.031158240852739,-18.99999967589494
3.79024,3.70399,58.89187,4696.03719,0.02919,43.11056,5.44204703343239,2.027305708828713,-18.99999967589494
3.83606,3.74696,58.89477,4692.9929,0.0181,43.08184,5.432770635558115,2.0238500065438285,-18.99999967589494
3.88187,3.78988,58.8963,4689.95632,0.00675,43.0532,5.424575875442925,2.020797242783805,-18.99999967589494
3.92767,3.83275,58.89642,4686.92691,-0.00482,43.02462,5.417477836798595,2.0181530366281546,-18.99999967589494
3.97347,3.87557,58.89511,4683.90411,-0.0166,42.9961,5.411490317305856,2.0159225280759903,-18.99999967589494
4.01925,3.91834,58.89234,4680.88734,-0.02858,42.96764,5.4066258547883,2.0141103877964883,-18.99999967589494
4.06503,3.96107,58.8881,4677.87601,-0.04074,42.93922,5.4028957508309325,2.0127208259274276,-18.99999967589494
4.1108,4.00374,58.88236,4674.86954,-0.05304,42.91084,5.40031009161852,2.011757599838016,-18.99999967589494
4.15656,4.04637,58.87511,4671.86731,-0.06548,42.8825,5.398877765808738,2.0112240207871115,-18.99999967589494
4.20232,4.08896,58.86634,4668.86872,-0.07804,42.85419,5.398606479280461,2.0111229594173503,-18.99999967589494
4.24806,4.13149,58.85603,4665.87313,-0.09068,42.82589,5.3995027666273145,2.0114568500367924,-18.99999967589494
4.2938,4.17398,58.84418,4662.87991,-0.1034,42.79761,5.401571999276096,2.012227693643251,-18.99999967589494
4.33952,4.21642,58.83078,4659.88843,-0.11618,42.76933,5.404818390144919,2.013437059659572,-18.99999967589494
4.38524,4.25881,58.81584,4656.89804,-0.12899,42.74105,5.409244994775749,2.015086086355534,-18.99999967589494
4.43095,4.30116,58.79933,4653.90807,-0.1418,42.71276,5.414853708905344,2.0171754799429586,-18.99999967589494
4.47666,4.34346,58.78128,4650.91787,-0.15461,42.68446,5.421645262449216,2.0197055123345793,-18.99999967589494
4.52235,4.38571,58.76168,4647.92678,-0.16739,42.65613,5.4296192099060185,2.022676017569423,-18.99999967589494
4.56804,4.42791,58.74055,4644.93413,-0.18012,42.62777,5.438773917219869,2.0260863869186783,-18.99999967589494
4.61371,4.47007,58.71788,4641.93923,-0.19278,42.59938,5.449106545147184,2.029935562689406,-18.99999967589494
4.65938,4.51218,58.6937,4638.94142,-0.20535,42.57093,5.460613029213915,2.0342220307580803,-18.99999967589494
4.70504,4.55424,58.66801,4635.94,-0.2178,42.54244,5.473288056360254,2.0389438118701273,-18.99999967589494
4.75069,4.59626,58.64083,4632.93431,-0.23013,42.51389,5.487125038410017,2.044098451756573,-18.99999967589494
4.79634,4.63823,58.61219,4629.92366,-0.2423,42.48526,5.502116082522047,2.0496830101264143,-18.99999967589494
4.84197,4.68015,58.5821,4626.90736,-0.25429,42.45657,5.51825195880748,2.0556940486031947,-18.99999967589494
4.8876,4.72203,58.55059,4623.88473,-0.2661,42.42779,5.535522065325167,2.062127617684883,-18.99999967589494
4.93321,4.76385,58.51769,4620.85509,-0.27769,42.39892,5.553914390700418,2.0689792428183695,-18.99999967589494
4.97882,4.80563,58.48342,4617.81776,-0.28905,42.36996,5.573415474637457,2.076243909689316,-18.99999967589494
5.02442,4.84736,58.44781,4614.77206,-0.30016,42.3409,5.594010366632479,2.0839160488416826,-18.99999967589494
5.07001,4.88905,58.4109,4611.71733,-0.31099,42.31172,5.615682583220322,2.091989519750992,-18.99999967589494
5.11559,4.93068,58.37273,4608.65289,-0.32154,42.28243,5.63841406412053,2.100457594487578,-18.99999967589494
5.16117,4.97227,58.33333,4605.57808,-0.33178,42.25301,5.662185127682056,2.1093129411185707,-18.99999967589494
5.20673,5.01381,58.29273,4602.49224,-0.34169,42.22346,5.686974426057718,2.1185476070092,-18.99999967589494
5.25228,5.0553,58.251,4599.39474,-0.35126,42.19378,5.712758900573795,2.128153002196794,-18.99999967589494
5.29783,5.09675,58.20816,4596.28492,-0.36047,42.16395,5.739513737792506,2.138119883022898,-18.99999967589494
5.34337,5.13814,58.16426,4593.16217,-0.36929,42.13398,5.767212326787572,2.148438336217299,-18.99999967589494
5.3889,5.17949,58.11936,4590.02587,-0.37772,42.10384,5.795826218201769,2.1590977636458817,-18.99999967589494
5.43441,5.22079,58.0735,4586.8754,-0.38574,42.07355,5.825325085662461,2.1700868679369054,-18.99999967589494
5.47992,5.26203,58.02674,4583.71018,-0.39333,42.04309,5.855676690175515,2.181393639216795,-18.99999967589494
5.52542,5.30323,57.97912,4580.52964,-0.40048,42.01245,5.886846848141741,2.1930053431954297,-18.99999967589494
5.57091,5.34438,57.93071,4577.3332,-0.40718,41.98163,5.9187994036390075,2.204908510840495,-18.99999967589494
5.61639,5.38548,57.88155,4574.12034,-0.4134,41.95063,5.951496205677542,2.2170889299044867,-18.99999967589494
5.66187,5.42653,57.83172,4570.89051,-0.41914,41.91945,5.9848970910929955,2.22953163855193,-18.99999967589494
5.70733,5.46752,57.78126,4567.64323,-0.42439,41.88806,6.018959873795317,2.242220921354298,-18.99999967589494
5.75278,5.50847,57.73024,4564.378,-0.42913,41.85648,6.053640341083201,2.2551403079170473,-18.99999967589494
5.79822,5.54937,57.67872,4561.09436,-0.43335,41.82469,6.088892257730161,2.2682725744017898,-18.99999967589494
5.84365,5.59021,57.62677,4557.79187,-0.43704,41.7927,6.124667378519604,2.2815997481959363,-18.99999967589494
5.88908,5.631,57.57445,4554.47013,-0.4402,41.7605,6.160915469939535,2.2951031159945465,-18.99999967589494
5.93449,5.67174,57.52182,4551.12874,-0.44281,41.72808,6.197584341680357,2.3087632355340846,-18.99999967589494
5.97989,5.71243,57.46895,4547.76734,-0.44487,41.69544,6.234619888549794,2.322559951206835,-18.99999967589494
6.02528,5.75307,57.41591,4544.38562,-0.44637,41.66259,6.27196614342167,2.336472413785714,-18.99999967589494
6.07067,5.79365,57.36276,4540.98326,-0.44731,41.62951,6.309565341716986,2.3504791044451663,-18.99999967589494
6.11604,5.83418,57.30958,4537.56,-0.44768,41.5962,6.347357997923365,2.3645578632666733,-18.99999967589494
6.1614,5.87466,57.25643,4534.11561,-0.44747,41.56267,6.385282994545108,2.378685922374989,-18.99999967589494
6.20675,5.91508,57.20337,4530.64988,-0.4467,41.52891,6.423277683807236,2.3928399438255727,-18.99999967589494
6.25209,5.95545,57.15048,4527.16265,-0.44535,41.49492,6.461278002367998,2.4069960623380124,-18.99999967589494
6.29742,5.99577,57.09783,4523.65378,-0.44342,41.4607,6.4992185991629094,2.4211299329212994,-18.99999967589494
6.34274,6.03603,57.04548,4520.12319,-0.44092,41.42625,6.537032976436921,2.4352167834120153,-18.99999967589494
6.38805,6.07623,56.9935,4516.57082,-0.43786,41.39157,6.574653643859381,2.4492314718862147,-18.99999967589494
6.43334,6.11638,56.94195,4512.99666,-0.43422,41.35666,6.612012285540697,2.463148548877527,-18.99999967589494
6.47863,6.15647,56.89091,4509.40072,-0.43003,41.32152,6.649039939604116,2.4769423242723643,-18.99999967589494
6.5239,6.19651,56.84044,4505.78307,-0.42528,41.28615,6.685667189854509,2.4905869387115898,-18.99999967589494
6.56916,6.23649,56.7906,4502.14381,-0.41998,41.25056,6.721824368948415,2.504056439276708,-18.99999967589494
6.61441,6.27641,56.74146,4498.48309,-0.41414,41.21475,6.757441772298784,2.5173248591750044,-18.99999967589494
6.65965,6.31628,56.69308,4494.8011,-0.40777,41.17871,6.792449881856412,2.5303663011040203,-18.99999967589494
6.70488,6.35609,56.64552,4491.09806,-0.40089,41.14246,6.826779598728296,2.5431550239080103,-18.99999967589494
6.7501,6.39584,56.59883,4487.37424,-0.3935,41.10599,6.860362483486056,2.5556655320991535,-18.99999967589494
6.7953,6.43553,56.55308,4483.62995,-0.38562,41.06932,6.893131002868004,2.5678726677605646,-18.99999967589494
6.84049,6.47517,56.50832,4479.86554,-0.37726,41.03244,6.9250187814706,2.5797517043079825,-18.99999967589494
6.88567,6.51474,56.46461,4476.08141,-0.36844,40.99536,6.955960856901578,2.5912784415410237,-18.99999967589494
6.93083,6.55426,56.42199,4472.27798,-0.35918,40.95808,6.985893936779389,2.602429301382241,-18.99999967589494
6.97599,6.59372,56.38051,4468.45574,-0.34949,40.92062,7.014756655853726,2.6131814236612745,-18.99999967589494
7.02113,6.63312,56.34023,4464.61518,-0.3394,40.88297,7.042489831496554,2.623512761291997,-18.99999967589494
7.06626,6.67245,56.30119,4460.75685,-0.32893,40.84514,7.069036715692798,2.633402174145658,-18.99999967589494
7.11137,6.71173,56.26342,4456.88134,-0.31809,40.80715,7.0943432416956,2.6428295209364747,-18.99999967589494
7.15647,6.75095,56.22697,4452.98928,-0.30692,40.76899,7.118358263458831,2.65177574841653,-18.99999967589494
7.20156,6.79011,56.19187,4449.0813,-0.29543,40.73068,7.141033785963301,2.66022297717835,-18.99999967589494
7.24664,6.8292,56.15816,4445.1581,-0.28364,40.69222,7.162325184620951,2.668154583388739,-18.99999967589494
7.2917,6.86824,56.12587,4441.22038,-0.2716,40.65363,7.182191411948363,2.6755552757800998,-18.99999967589494
7.33675,6.90722,56.09501,4437.2689,-0.25931,40.6149,7.20059518981594,2.6824111672683113,-18.99999967589494
7.38178,6.94613,56.06563,4433.30442,-0.24681,40.57605,7.217503185648106,2.6887098405919376,-18.99999967589494
7.4268,6.98498,56.03773,4429.32774,-0.23412,40.53709,7.2328861710873005,2.6944404074187442,-18.99999967589494
7.47181,7.02377,56.01133,4425.33967,-0.22128,40.49802,7.246719161769587,2.699593560415786,-18.99999967589494
7.5168,7.0625,55.98646,4421.34104,-0.20831,40.45887,7.258981536997156,2.7041616178305654,-18.99999967589494
7.56178,7.10117,55.96311,4417.33272,-0.19524,40.41962,7.269657138306462,2.7081385602102577,-18.99999967589494
7.60674,7.13977,55.9413,4413.31557,-0.1821,40.3803,7.278734346064185,2.7115200589357205,-18.99999967589494
7.65169,7.17831,55.92103,4409.29047,-0.16892,40.34092,7.286206133477306,2.714303496341666,-18.99999967589494
7.69663,7.21679,55.9023,4405.25831,-0.15573,40.30148,7.29207009755411,2.716487977250457,-18.99999967589494
7.74155,7.25521,55.88511,4401.21999,-0.14255,40.262,7.296328466825784,2.7180743318485936,-18.99999967589494
7.78645,7.29357,55.86945,4397.17642,-0.12943,40.22248,7.298988085787553,2.7190651098906384,-18.99999967589494
7.83134,7.33186,55.85531,4393.12849,-0.11638,40.18293,7.30006037629289,2.7194645663175385,-18.99999967589494
7.87622,7.37009,55.84268,4389.07713,-0.10343,40.14337,7.299561276295757,2.719278638436495,-18.99999967589494
7.92107,7.40826,55.83153,4385.02322,-0.09063,40.10381,7.297511156579035,2.7185149149001195,-18.99999967589494
7.96592,7.44637,55.82186,4380.96767,-0.07798,40.06424,7.29393471627428,2.7171825967847907,-18.99999967589494
8.01075,7.48441,55.81364,4376.91138,-0.06553,40.02469,7.288860858164459,2.7152924511376413,-18.99999967589494
8.05556,7.5224,55.80683,4372.8552,-0.0533,39.98516,7.2823225449533195,2.7128567574331175,-18.99999967589494
8.10036,7.56032,55.80142,4368.80003,-0.04132,39.94567,7.274356637795209,2.709889247421089,-18.99999967589494
8.14514,7.59817,55.79737,4364.7467,-0.02961,39.90621,7.2650037185563,2.70640503891448,-18.99999967589494
8.18991,7.63597,55.79464,4360.69605,-0.0182,39.86681,7.254307897342996,2.7024205640885306,-18.99999967589494
8.23466,7.6737,55.7932,4356.6489,-0.00711,39.82746,7.242316606983663,2.6979534929198414,-18.99999967589494
8.27939,7.71138,55.79301,4352.60605,0.00363,39.78817,7.229080386150665,2.6930226523936196,-18.99999967589494
8.32411,7.74899,55.79402,4348.56826,0.01399,39.74897,7.2146526529339,2.6876479421538666,-18.99999967589494
8.36881,7.78653,55.79618,4344.53628,0.02396,39.70984,7.199089470635033,2.6818502472555674,-18.99999967589494
8.4135,7.82402,55.79945,4340.51084,0.03352,39.6708,7.182449307606799,2.6756513486985103,-18.99999967589494
8.45817,7.86145,55.80378,4336.49262,0.04265,39.63186,7.164792792925469,2.6690738324088534,-18.99999967589494
8.50282,7.89882,55.80912,4332.48229,0.05132,39.59302,7.146182469648892,2.6621409973212535,-18.99999967589494
8.54746,7.93612,55.8154,4328.48048,0.05952,39.55428,7.1266825473707875,2.6548767631988253,-18.99999967589494
8.59208,7.97336,55.82259,4324.48779,0.06723,39.51567,7.106358655709152,2.6473055788010935,-18.99999967589494
8.63669,8.01055,55.83061,4320.50478,0.07444,39.47717,7.0852776002714215,2.639452330974587,-18.99999967589494
8.68127,8.04767,55.8394,4316.53199,0.08113,39.43879,7.063507122575439,2.6313422552170915,-18.99999967589494
8.72585,8.08474,55.84892,4312.56993,0.08729,39.40055,7.041115665256841,2.623000848211213,-18.99999967589494
8.7704,8.12174,55.85909,4308.61904,0.09291,39.36244,7.018172143798507,2.6144537827876024,-18.99999967589494
8.81494,8.15869,55.86986,4304.67976,0.09797,39.32446,6.994745725913528,2.6057268257392967,-18.99999967589494
8.85946,8.19557,55.88115,4300.75249,0.10248,39.28663,6.970905619539614,2.5968457588440637,-18.99999967589494
8.90397,8.2324,55.89291,4296.83756,0.10642,39.24894,6.946720870316706,2.58783630341948,-18.99999967589494
8.94845,8.26917,55.90507,4292.93531,0.10978,39.21139,6.922260169257477,2.578724048675138,-18.99999967589494
8.99293,8.30588,55.91757,4289.04602,0.11256,39.174,6.897591671216255,2.5695343840875364,-18.99999967589494
9.03738,8.34253,55.93033,4285.16992,0.11476,39.13675,6.87278282459657,2.560292435961663,-18.99999967589494
9.08182,8.37912,55.94329,4281.30722,0.11637,39.09965,6.847900212651704,2.551023008311278,-18.99999967589494
9.12624,8.41566,55.95639,4277.45811,0.11739,39.0627,6.823009406584602,2.541750528134759,-18.99999967589494
9.17065,8.45214,55.96957,4273.6227,0.11783,39.0259,6.7981748305591605,2.5324989951282606,-18.99999967589494
9.21503,8.48856,55.98274,4269.80111,0.11768,38.98925,6.773459638592507,2.523291935824844,-18.99999967589494
9.2594,8.52492,55.99585,4265.99339,0.11694,38.95276,6.748925603256241,2.5141523621327644,-18.99999967589494
9.30376,8.56123,56.00884,4262.19957,0.11563,38.91641,6.724633015957039,2.505102734187371,-18.99999967589494
9.3481,8.59749,56.02164,4258.41965,0.11373,38.88021,6.70064059853671,2.496164927419804,-18.99999967589494
9.39242,8.63368,56.03418,4254.6536,0.11127,38.84416,6.677005425822584,2.48736020370497,-18.99999967589494
9.43672,8.66982,56.0464,4250.90133,0.10824,38.80825,6.65378285871177,2.4787091864336777,-18.99999967589494
9.48101,8.70591,56.05825,4247.16275,0.10466,38.77248,6.6310264873143066,2.4702318393319556,-18.99999967589494
9.52528,8.74194,56.06966,4243.43771,0.10053,38.73685,6.608788083614789,2.4619474488262685,-18.99999967589494
9.56953,8.77792,56.08057,4239.72606,0.09586,38.70135,6.587117563103543,2.453874609750118,-18.99999967589494
9.61377,8.81384,56.09092,4236.02759,0.09067,38.66599,6.5660629547615885,2.446031214162654,-18.99999967589494
9.65799,8.84971,56.10066,4232.34208,0.08496,38.63075,6.545670378790933,2.4384344430526186,-18.99999967589494
9.70218,8.88554,56.11013,4228.66843,0.08598,38.63887,6.525613679105314,2.4309627946961965,0.0
9.74632,8.92135,56.11968,4225.00579,0.0865,38.64702,6.505572113549203,2.423496784201218,0.0
9.79043,8.95714,56.12924,4221.35427,0.0865,38.65521,6.485597881362459,2.416055857157977,0.0
9.83448,8.99291,56.13878,4217.71394,0.086,38.66342,6.465742288896121,2.408659126532186,0.0
9.8785,9.02866,56.14822,4214.08486,0.08499,38.67168,6.446055599540268,2.4013253167591597,0.0
9.92247,9.06439,56.15751,4210.46704,0.08347,38.67996,6.426586950736,2.3940727328285907,0.0
9.96641,9.1001,56.1666,4206.86047,0.08146,38.68828,6.407384279059674,2.3869192323764583,0.0
10.01029,9.13579,56.17543,4203.26511,0.07895,38.69663,6.388494253153602,2.379882200699952,0.0
10.05414,9.17147,56.18396,4199.68091,0.07596,38.70501,6.369962214247627,2.3729785286001865,0.0
10.09794,9.20712,56.19212,4196.10777,0.07249,38.71343,6.35183212396426,2.3662245929382477,0.0
10.1417,9.24276,56.19987,4192.54557,0.06854,38.72188,6.334146519065712,2.359636239777268,0.0
10.18542,9.27837,56.20715,4188.99418,0.06414,38.73037,6.316946472769011,2.353228769971292,0.0
10.2291,9.31397,56.21392,4185.45343,0.05928,38.73889,6.300271562235385,2.3470169270542143,0.0
10.27273,9.34955,56.22013,4181.92312,0.05398,38.74744,6.284159841814524,2.3410148872725656,0.0
10.31632,9.38511,56.22572,4178.40304,0.04825,38.75603,6.268647821618646,2.335236251603786,0.0
10.35987,9.42065,56.23067,4174.89295,0.0421,38.76465,6.2537704509656935,2.3296940395883805,0.0
10.40338,9.45618,56.23491,4171.3926,0.03555,38.7733,6.2395611062673675,2.3244006848178933,0.0
10.44684,9.49168,56.23842,4167.9017,0.02861,38.78199,6.226051582907568,2.3193680319094163,0.0
10.49027,9.52717,56.24114,4164.41994,0.02129,38.79071,6.213272090635889,2.314607334789537,0.0
10.53365,9.56264,56.24305,4160.94701,0.01361,38.79947,6.201251252092143,2.310129256144694,0.0
10.57699,9.59809,56.2441,4157.48256,0.00559,38.80825,6.190016103963678,2.305943867852302,0.0
10.62029,9.63353,56.24425,4154.02624,-0.00277,38.81708,6.179592100408192,2.302060652255844,0.0
10.66355,9.66894,56.24348,4150.57765,-0.01143,38.82593,6.170003118310497,2.2984885041231484,0.0
10.70677,9.70434,56.24176,4147.13641,-0.02039,38.83482,6.161271463979675,2.295235733141265,0.0
10.74995,9.73972,56.23905,4143.70211,-0.02963,38.84375,6.153417880932616,2.2923100668160292,0.0
10.79308,9.77509,56.23532,4140.27431,-0.03913,38.8527,6.146461558401814,2.2897186536414442,0.0
10.83617,9.81043,56.23055,4136.85258,-0.04887,38.8617,6.140420140237105,2.2874680664158116,0.0
10.87923,9.84576,56.22473,4133.43645,-0.05883,38.87072,6.135309733899373,2.285564305592123,0.0
10.92224,9.88108,56.21781,4130.02545,-0.06899,38.87978,6.131144919263148,2.284012802557261,0.0
10.96521,9.91637,56.2098,4126.6191,-0.07934,38.88887,6.127938756971821,2.2828184227445347,0.0
11.00814,9.95165,56.20067,4123.21691,-0.08985,38.898,6.125702796105894,2.281985468490305,0.0
11.05103,9.98691,56.1904,4119.81837,-0.1005,38.90716,6.124447080971545,2.281517681562907,0.0
11.09388,10.02216,56.17898,4116.42297,-0.11127,38.91635,6.124180156818259,2.2814182452926106,0.0
11.13669,10.05739,56.16641,4113.03016,-0.12215,38.92558,6.124909074345827,2.2816897862506043,0.0
11.17945,10.0926,56.15268,4109.63943,-0.1331,38.93484,6.126639392869093,2.2823343754279413,0.0
11.22218,10.12779,56.13777,4106.25023,-0.14412,38.94414,6.12937518204476,2.283353528878823,0.0
11.26486,10.16297,56.12169,4102.862,-0.15517,38.95346,6.133119022100412,2.284748207805913,0.0
11.30751,10.19813,56.10443,4099.4742,-0.16624,38.96282,6.137872002515697,2.286518818069048,0.0
11.35011,10.23328,56.08601,4096.08625,-0.17731,38.97222,6.143633719151225,2.288665209115671,0.0
11.39267,10.2684,56.06641,4092.6976,-0.18835,38.98165,6.150402269844907,2.2911866723403542,0.0
11.4352,10.30351,56.04565,4089.30766,-0.19935,38.99111,6.158174248510838,2.29408193888648,0.0
11.47768,10.33861,56.02373,4085.91588,-0.21028,39.0006,6.1669447378259346,2.2973491769218155,0.0
11.52012,10.37369,56.00066,4082.52167,-0.22112,39.01013,6.1767073006032644,2.300985988424857,0.0
11.56252,10.40875,55.97647,4079.12445,-0.23185,39.01969,6.187453969979845,2.3049894055295224,0.0
11.60488,10.44379,55.95115,4075.72366,-0.24246,39.02928,6.1991752385780226,2.3093558864874817,0.0
11.64719,10.47882,55.92473,4072.3187,-0.25291,39.03891,6.211860046835953,2.314081311320953,0.0
11.68947,10.51384,55.89723,4068.90901,-0.26319,39.04857,6.225495770701686,2.3191609772384263,0.0
11.73171,10.54883,55.86867,4065.49401,-0.27328,39.05826,6.240068208955717,2.3245895939119783,0.0
11.7739,10.58381,55.83906,4062.07313,-0.28316,39.06798,6.255561570405337,2.3303612787068366,0.0
11.81605,10.61877,55.80845,4058.64582,-0.29282,39.07774,6.271958461261761,2.3364695519790173,0.0
11.85817,10.65372,55.77685,4055.2115,-0.30222,39.08753,6.289239872998482,2.342907332552255,0.0
11.90024,10.68865,55.74429,4051.76962,-0.31135,39.09735,6.307385171053067,2.349666933509113,0.0
11.94227,10.72356,55.7108,4048.31964,-0.3202,39.1072,6.326372084702521,2.3567400584193,0.0
11.98425,10.75845,55.67643,4044.86102,-0.32874,39.11709,6.346176698535398,2.364117798162798,0.0
12.0262,10.79333,55.64119,4041.39323,-0.33697,39.12701,6.366773445878136,2.3717906284810066,0.0
12.0681,10.82819,55.60514,4037.91575,-0.34485,39.13696,6.388135104617249,2.3797484084203946,0.0
12.10997,10.86304,55.5683,4034.42807,-0.35238,39.14694,6.410232795854179,2.3879803798313994,0.0
12.15179,10.89786,55.53071,4030.92971,-0.35954,39.15695,6.433035985803239,2.396475168075462,0.0
12.19357,10.93267,55.49243,4027.42018,-0.36631,39.16699,6.4565124914139265,2.4052207841194817,0.0
12.2353,10.96747,55.45348,4023.899,-0.37269,39.17707,6.480628490158093,2.4142046281817993,0.0
12.277,11.00224,55.41392,4020.36575,-0.37865,39.18717,6.505348534431839,2.423413495097279,0.0
12.31865,11.037,55.37379,4016.81997,-0.38418,39.19731,6.53063557103726,2.4328335815747755,0.0
12.36026,11.07174,55.33314,4013.26126,-0.38928,39.20747,6.556450966175105,2.442450495507549,0.0
12.40182,11.10646,55.29201,4009.68921,-0.39392,39.21767,6.582754536387222,2.4522492675001475,0.0
12.44334,11.14117,55.25045,4006.10346,-0.39811,39.2279,6.609504585864609,2.4622143647666346,0.0
12.48482,11.17586,55.20852,4002.50365,-0.40183,39.23816,6.636657950511391,2.472329707545584,0.0
12.52626,11.21053,55.16626,3998.88944,-0.40506,39.24844,6.664170049123808,2.4825786881655896,0.0
12.56766,11.24518,55.12372,3995.26052,-0.40781,39.25876,6.691994942026494,2.492944192888835,0.0
12.60901,11.27981,55.08096,3991.61662,-0.41007,39.26911,6.720085397446241,2.5034086266370545,0.0
12.65031,11.31443,55.03803,3987.95746,-0.41183,39.27949,6.748392965887255,2.513953940698284,0.0
12.69157,11.34903,54.99499,3984.28282,-0.41309,39.28989,6.776868062674663,2.524561663476482,0.0
12.73279,11.3836,54.95188,3980.59249,-0.41383,39.30033,6.805460058841462,2.5352129343493104,0.0
12.77397,11.41817,54.90875,3976.88629,-0.41407,39.31079,6.8341173804178155,2.5458885406560126,0.0
12.8151,11.45271,54.86567,3973.16406,-0.4138,39.32129,6.862787616129743,2.556568957818007,0.0
12.85618,11.48723,54.82269,3969.42569,-0.41302,39.33181,6.891417633467464,2.5672343925774013,0.0
12.89722,11.52173,54.77985,3965.67109,-0.41172,39.34236,6.9199537029706635,2.5778648292965194,0.0
12.9382,11.55625,54.7358,3961.90336,-0.4371,39.43919,6.949730783079239,2.5889575751190956,34.99999940296436
12.97907,11.59081,54.68919,3958.12462,-0.46204,39.53654,6.982102899400947,2.601017040210574,34.99999940296436
13.01985,11.62541,54.64007,3954.33333,-0.4865,39.63444,7.017049222406046,2.6140354650230706,34.99999940296436
13.06053,11.66006,54.58849,3950.52791,-0.51043,39.73292,7.054544539271306,2.628003457116542,34.99999940296436
13.10112,11.69476,54.53451,3946.70681,-0.5338,39.83201,7.094560483449803,2.6429104492058912,34.99999940296436
13.1416,11.72949,54.4782,3942.86848,-0.55655,39.93176,7.137065302750932,2.658744612764665,34.99999940296436
13.18199,11.76428,54.41964,3939.01139,-0.57864,40.03218,7.18202361607851,2.6754927674036044,34.99999940296436
13.22228,11.7991,54.35889,3935.13399,-0.60002,40.13332,7.229396160354201,2.6931402865929557,34.99999940296436
13.26247,11.83397,54.29604,3931.23477,-0.62065,40.2352,7.279139529362699,2.7116710003754303,34.99999940296436
13.30256,11.86889,54.23116,3927.31223,-0.6405,40.33785,7.331205906428375,2.7310670957812246,34.99999940296436
13.34255,11.90385,54.16436,3923.36486,-0.65951,40.44132,7.385542793104329,2.7513090157575504,34.99999940296436
13.38244,11.93886,54.09572,3919.39121,-0.67764,40.54561,7.44209273627417,2.77237535750687,34.99999940296436
13.42222,11.97391,54.02533,3915.38983,-0.69486,40.65078,7.500793056273412,2.7942427712049613,34.99999940296436
13.4619,12.00901,53.9533,3911.3593,-0.71113,40.75684,7.561575578959563,2.8168858601899758,34.99999940296436
13.50148,12.04415,53.87973,3907.29824,-0.7264,40.86382,7.62436637483149,2.8402770837775404,34.99999940296436
13.54095,12.07934,53.80473,3903.20528,-0.74065,40.97175,7.68908550860681,2.864386663971742,34.99999940296436
13.58032,12.11457,53.72841,3899.0791,-0.75383,41.08066,7.755646802862511,2.889182497415044,34.99999940296436
13.61957,12.14985,53.65088,3894.91844,-0.76592,41.19056,7.8239576195942035,2.9146300740133615,34.99999940296436
13.65873,12.18518,53.57225,3890.72206,-0.77688,41.3015,7.893918663744595,2.9406924037452393,34.99999940296436
13.69777,12.22055,53.49266,3886.48878,-0.78667,41.41348,7.9654238129454855,2.9673299532362782,34.99999940296436
13.7367,12.25597,53.41221,3882.21747,-0.79528,41.52654,8.038359977840745,2.9945005937257587,34.99999940296436
13.77552,12.29143,53.33104,3877.90706,-0.80268,41.64069,8.11260699749182,3.022159562102443,34.99999940296436
13.81423,12.32694,53.24928,3873.55654,-0.80883,41.75594,8.18803757439337,3.0502594366961966,34.99999940296436
13.85283,12.3625,53.16705,3869.16498,-0.81373,41.87233,8.264517253675043,3.0787501295300905,34.99999940296436
13.89131,12.39811,53.08448,3864.7315,-0.81734,41.98986,8.341904450930222,3.1075788966873508,34.99999940296436
13.92968,12.43376,53.0017,3860.25531,-0.81966,42.10854,8.42005053305237,3.136690368425018,34.99999940296436
13.96793,12.46946,52.91885,3855.73571,-0.82067,42.2284,8.498799956204538,3.1660266005712265,34.99999940296436
14.00607,12.5052,52.83607,3851.17206,-0.82035,42.34944,8.577990464724358,3.1955271486225403,34.99999940296436
14.04408,12.54099,52.75348,3846.56384,-0.8187,42.47166,8.657453354448963,3.225129165839417,34.99999940296436
14.08198,12.57683,52.67123,3841.9106,-0.81571,42.59508,8.737013803361242,3.2547675264206384,34.99999940296436
14.11975,12.61272,52.58944,3837.21199,-0.81139,42.7197,8.816491271992076,3.2843749746636797,34.99999940296436
14.15741,12.64866,52.50826,3832.46778,-0.80572,42.84552,8.895699975225012,3.3138823007243605,34.99999940296436
14.19494,12.68464,52.42781,3827.67783,-0.79872,42.97254,8.974449426462852,3.343218543333221,34.99999940296436
14.23234,12.72067,52.34823,3822.84212,-0.79039,43.10075,9.052545054228432,3.3723112194955336,34.99999940296436
14.26962,12.75674,52.26965,3817.96073,-0.78075,43.23015,9.129788890313069,3.401086580844707,34.99999940296436
14.30678,12.79287,52.1922,3813.03386,-0.76981,43.36074,9.205980327654325,3.4294698959716934,34.99999940296436
14.3438,12.82904,52.11601,3808.06184,-0.75759,43.4925,9.280916944968018,3.4573857576221103,34.99999940296436
14.3807,12.86525,52.04119,3803.04509,-0.74411,43.62542,9.354395394114634,3.484758413263578,34.99999940296436
14.41746,12.90152,51.96788,3797.98418,-0.7294,43.75948,9.426212345087233,3.511512117118577,34.99999940296436
14.4541,12.93783,51.89618,3792.87978,-0.71348,43.89466,9.496165482302617,3.5375715013091216,34.99999940296436
14.4906,12.97419,51.82622,3787.73268,-0.6964,44.03094,9.564054544859857,3.562861963380433,34.99999940296436
14.52697,13.0106,51.75811,3782.54382,-0.67819,44.1683,9.629682402354906,3.5873100670701947,34.99999940296436
14.56321,13.04705,51.69195,3777.31421,-0.65889,44.30671,9.69285615684977,3.6108439528210496,34.99999940296436
14.59931,13.08355,51.62783,3772.04503,-0.63854,44.44615,9.75338826076138,3.6333937542236328,34.99999940296436
14.63527,13.12009,51.56586,3766.73753,-0.6172,44.58657,9.811097639658458,3.6548920162879392,34.99999940296436
14.6711,13.15668,51.50613,3761.39309,-0.59492,44.72794,9.865810808356105,3.6752741112179215,34.99999940296436
14.70679,13.19332,51.44873,3756.01321,-0.57175,44.87024,9.917362968311334,3.694478647220207,34.99999940296436
14.74234,13.23,51.39372,3750.59948,-0.54775,45.01341,9.965599074011582,3.7124478657618747,34.99999940296436
14.77775,13.26673,51.34118,3745.15359,-0.52299,45.15742,10.010374856095623,3.729128022709911,34.99999940296436
14.81302,13.3035,51.29118,3739.67733,-0.49752,45.30223,10.051557789053787,3.7444697488250083,34.99999940296436
14.84815,13.34032,51.24378,3734.17256,-0.47142,45.44778,10.089027991792937,3.7584283852457103,34.99999940296436
14.88313,13.37718,51.19903,3728.64124,-0.44476,45.59404,10.12267904995348,3.770964289823141,34.99999940296436
14.91797,13.41408,51.15697,3723.0854,-0.41759,45.74095,10.152418749670034,3.7820431104661516,34.99999940296436
14.95267,13.45103,51.11763,3717.50713,-0.39001,45.88846,10.17816971353213,3.791636022053419,34.99999940296436
14.98723,13.48802,51.08106,3711.90857,-0.36208,46.03653,10.199869930678112,3.7997199239073733,34.99999940296436
15.02164,13.52506,51.04727,3706.29193,-0.33388,46.1851,10.217473174306118,3.8062775953280203,34.99999940296436
15.05591,13.56214,51.01627,3700.65945,-0.30549,46.33411,10.230949301452188,3.8112978072681774,34.99999940296436
15.09003,13.59925,50.98808,3695.01339,-0.27699,46.48352,10.2402844313892,3.8147753887917655,34.99999940296436
15.124,13.63641,50.96268,3689.35606,-0.24845,46.63327,10.245481000760476,3.816711247612535,34.99999940296436
15.15783,13.67362,50.94008,3683.68976,-0.21995,46.78331,10.246557695201398,3.8171123446213135,34.99999940296436
15.19152,13.71086,50.92025,3678.0168,-0.19158,46.93358,10.243549258939234,3.8159916229569357,34.99999940296436
15.22506,13.74814,50.90317,3672.3395,-0.1634,47.08403,10.236506185474978,3.813367892777085,34.99999940296436
15.25845,13.78546,50.88882,3666.66016,-0.1355,47.2346,10.225494294097665,3.809265673498736,34.99999940296436
15.29169,13.82282,50.87715,3660.98104,-0.10796,47.38525,10.210594198385781,3.8037149958009455,34.99999940296436
15.32479,13.86022,50.86811,3655.30439,-0.08084,47.53592,10.191900674250993,3.7967511662045155,34.99999940296436
15.35775,13.89766,50.86166,3649.63243,-0.05422,47.68656,10.169521936234768,3.788414497473437,34.99999940296436
15.39055,13.93513,50.85773,3643.9673,-0.02817,47.83711,10.143578831752713,3.7787500084497103,34.99999940296436
15.42322,13.97264,50.85626,3638.31113,-0.00276,47.98755,10.114203963831724,3.76780709724985,34.99999940296436
15.45573,14.01019,50.85718,3632.66596,0.02194,48.1378,10.08154075343507,3.7556391919563077,34.99999940296436
15.4881,14.04777,50.8604,3627.03377,0.04587,48.28784,10.045742452896656,3.742303383095773,34.99999940296436
15.52033,14.08539,50.86586,3621.41647,0.06897,48.43762,10.0069711221599,3.727860042261224,34.99999940296436
15.55241,14.12304,50.87345,3615.8159,0.09117,48.58709,9.965396579487305,3.7123724312236295,34.99999940296436
15.58435,14.16073,50.88309,3610.23379,0.11244,48.73622,9.921195338154574,3.6959063058225343,34.99999940296436
15.61614,14.19845,50.89467,3604.67183,0.1327,48.88497,9.874549540143748,3.6785295187386904,34.99999940296436
15.64779,14.2362,50.9081,3599.13157,0.15192,49.03331,9.825645897471604,3.6603116251110372,34.99999940296436
15.6793,14.27399,50.92326,3593.6145,0.17005,49.18121,9.774674650967565,3.641323494654072,34.99999940296436
15.71066,14.31181,50.94006,3588.122,0.18705,49.32863,9.721828555603764,3.6216369336666028,34.99999940296436
15.74189,14.34966,50.95837,3582.65536,0.20287,49.47556,9.667301900585079,3.6013243199895046,34.99999940296436
15.77297,14.38754,50.97808,3577.21576,0.2175,49.62195,9.611289571434652,3.580458253607892,34.99999940296436
15.80391,14.42545,50.99907,3571.80428,0.23089,49.7678,9.553986160335446,3.5591112252299504,34.99999940296436
15.83472,14.46339,51.02122,3566.42191,0.24302,49.91308,9.495585129949266,3.5373553047875075,34.99999940296436
15.86538,14.50136,51.04441,3561.06952,0.25387,50.05778,9.436278034952737,3.515261851437716,34.99999940296436
15.89591,14.53936,51.06851,3555.74791,0.26342,50.20188,9.376253804458592,3.492901246246092,34.99999940296436
15.9263,14.57739,51.09341,3550.45774,0.27165,50.34538,9.315698087596484,3.470342648398154,34.99999940296436
15.95655,14.61544,51.11897,3545.19961,0.27856,50.48825,9.254792663552326,3.4476537754235523,34.99999940296436
15.98667,14.65352,51.14507,3539.97398,0.28412,50.6305,9.193714916499724,3.4249007075942144,34.99999940296436
16.01665,14.69163,51.17159,3534.78126,0.28835,50.77211,9.132637375121725,3.4021477163840768,34.99999940296436
16.0465,14.72977,51.1984,3529.62173,0.29123,50.9131,9.071727315617922,3.3794571165787914,34.99999940296436
16.07621,14.76793,51.22537,3524.49559,0.29277,51.05345,9.01114642651851,3.3568891414101363,34.99999940296436
16.1058,14.80612,51.25239,3519.40295,0.29297,51.19318,8.951050533050267,3.3345018398750943,34.99999940296436
16.13524,14.84433,51.27932,3514.34384,0.29185,51.33228,8.89158937830905,3.3123509952168506,34.99999940296436
16.16456,14.88257,51.30605,3509.3182,0.28941,51.47076,8.832906458141478,3.290490063413874,34.99999940296436
16.19375,14.92083,51.33246,3504.32588,0.28567,51.60864,8.775138906280489,3.2689701303898886,34.99999940296436
16.22281,14.95911,51.35843,3499.36667,0.28065,51.74591,8.718417426098586,3.247839886590166,34.99999940296436
16.25174,14.99742,51.38384,3494.44026,0.27436,51.8826,8.662866265109487,3.227145617482713,34.99999940296436
16.28054,15.03576,51.40859,3489.54629,0.26683,52.01872,8.608603228307189,3.20693120852743,34.99999940296436
16.30921,15.07411,51.43256,3484.68431,0.25807,52.15429,8.555739726362662,3.187238163130647,34.99999940296436
16.33776,15.11249,51.45564,3479.85382,0.24813,52.28932,8.504380854693949,3.1681056321008088,34.99999940296436
16.36618,15.15089,51.47773,3475.05426,0.23703,52.42383,8.454625499505525,3.149570453150937,34.99999940296436
16.39447,15.18931,51.49873,3470.28497,0.22479,52.55784,8.406566466966785,3.131667199021006,34.99999940296436
16.42264,15.22775,51.51855,3465.54529,0.21146,52.69138,8.360290631833001,3.1144282328431694,34.99999940296436
16.45069,15.26622,51.53707,3460.83445,0.19706,52.82447,8.315879101959347,3.0978837694275554,34.99999940296436
16.47861,15.3047,51.55423,3456.15167,0.18164,52.95713,8.273407395327537,3.0820619412093486,34.99999940296436
16.50641,15.34321,51.56991,3451.49608,0.16523,53.08939,8.232945626416583,3.0669888676768062,34.99999940296436
16.53409,15.38174,51.58406,3446.86681,0.14787,53.22128,8.194558698896111,3.05268872715458,34.99999940296436
16.56164,15.42028,51.59657,3442.26289,0.1296,53.35282,8.158306501898018,3.03918382992008,34.99999940296436
16.58908,15.45885,51.60739,3437.68336,0.11047,53.48405,8.12424410725715,3.026494691680814,34.99999940296436
16.61639,15.49744,51.61644,3433.12717,0.09052,53.61498,8.092421965393294,3.0146401065455843,34.99999940296436
16.64358,15.53604,51.62364,3428.59328,0.06979,53.74567,8.062886097633534,3.0036372186696214,34.99999940296436
16.67065,15.57467,51.62895,3424.08059,0.04834,53.87613,8.035678283072631,2.9935015918649994,34.99999940296436
16.69764,15.61328,51.63392,3419.58368,0.06262,53.89081,8.008978615333929,2.983555263121795,0.0
16.72458,15.65186,51.64013,3415.09855,0.07611,53.9055,7.9810077079229025,2.973135364152321,0.0
16.75148,15.6904,51.6475,3410.62607,0.08876,53.92019,7.9518691615531765,2.9622804889483,0.0
16.77834,15.7289,51.65596,3406.16708,0.10054,53.9349,7.92166827278367,2.9510298632484515,0.0
16.80515,15.76736,51.66541,3401.72237,0.11144,53.94962,7.890511632409273,2.9394231949284424,0.0
16.83191,15.80578,51.67578,3397.29267,0.12142,53.96435,7.858506677462399,2.9275005071096865,0.0
16.85864,15.84417,51.68698,3392.87866,0.13046,53.97909,7.825761259869986,2.9153019774727222,0.0
16.88531,15.88252,51.69892,3388.48097,0.13855,53.99385,7.792383234110669,2.9028677846486626,0.0
16.91195,15.92084,51.71153,3384.10015,0.14567,54.00861,7.758480065983679,2.8902379624753185,0.0
16.93854,15.95911,51.72471,3379.73672,0.1518,54.02338,7.724158464116353,2.8774522627240455,0.0
16.96508,15.99735,51.73836,3375.39114,0.15693,54.03817,7.6895240355832915,2.8645500268088204,0.0
16.99158,16.03556,51.75241,3371.06381,0.16106,54.05296,7.654680966633773,2.851570066848805,0.0
17.01804,16.07372,51.76676,3366.75506,0.16417,54.06777,7.619731729171139,2.838550556324193,0.0
17.04446,16.11185,51.78132,3362.46519,0.16627,54.08259,7.584776813375473,2.8255289304711195,0.0
17.07083,16.14995,51.79601,3358.19443,0.16736,54.09742,7.549914486501257,2.812541796427449,0.0
17.09716,16.18801,51.81072,3353.94296,0.16743,54.11226,7.515240577648628,2.7996248530543952,0.0
17.12345,16.22603,51.82538,3349.71089,0.16649,54.12712,7.480848288069338,2.7868128202705087,0.0
17.14969,16.26402,51.83989,3345.49831,0.16455,54.14198,7.446828026307589,2.774139377637298,0.0
17.17589,16.30197,51.85417,3341.30523,0.16161,54.15686,7.413267267312135,2.761637111874778,0.0
17.20205,16.33988,51.86814,3337.13163,0.15769,54.17175,7.3802504344891995,2.7493374729230786,0.0
17.22817,16.37777,51.8817,3332.97742,0.1528,54.18665,7.347858803500851,2.737270738104814,0.0
17.25424,16.41561,51.89477,3328.84247,0.14695,54.20157,7.316170426507768,2.7254659839035122,0.0
17.28028,16.45343,51.90728,3324.72662,0.14017,54.2165,7.2852600754772645,2.713951064844366,0.0
17.30627,16.4912,51.91915,3320.62964,0.13247,54.23143,7.255199203073123,2.702752598924668,0.0
17.33222,16.52895,51.93029,3316.55126,0.12387,54.24639,7.226055919638173,2.6918959590392126,0.0
17.35813,16.56666,51.94063,3312.49118,0.1144,54.26135,7.197894984712691,2.6814052698206785,0.0
17.384,16.60434,51.95011,3308.44905,0.10408,54.27633,7.170777811554209,2.671303409323377,0.0
17.40983,16.64198,51.95864,3304.42449,0.09294,54.29132,7.144762483108771,2.6616120149729636,0.0
17.43561,16.67959,51.96617,3300.41706,0.081,54.30632,7.119903777919209,2.6523514932179544,0.0
17.46136,16.71717,51.97262,3296.4263,0.0683,54.32134,7.096253204477563,2.643541032326902,0.0
17.48706,16.75471,51.97793,3292.45171,0.05487,54.33637,7.073859042592839,2.6351986177989812,0.0
17.51273,16.79222,51.98206,3288.49277,0.04074,54.35141,7.052766390376358,2.627341049867261,0.0
17.53835,16.8297,51.98493,3284.54889,0.02593,54.36647,7.033017215530254,2.619983962605023,0.0
17.56394,16.86714,51.9865,3280.6195,0.0105,54.38154,7.014650409677852,2.613141844165257,0.0
17.58948,16.90456,51.98672,3276.70395,-0.00554,54.39662,6.997701844566394,2.6068280577176517,0.0
17.61499,16.94194,51.98554,3272.8016,-0.02213,54.41172,6.982204429023113,2.601054862666236,0.0
17.64045,16.97929,51.98291,3268.91175,-0.03925,54.42683,6.9681881656639275,2.5958334357748547,0.0
17.66588,17.0166,51.97881,3265.03371,-0.05685,54.44195,6.95568020639738,2.5911738918438507,0.0
17.69127,17.05389,51.97318,3261.16675,-0.0749,54.45709,6.944704905877481,2.5870853036226524,0.0
17.71661,17.09114,51.96601,3257.3101,-0.09335,54.47224,6.935283872135948,2.5835757206716154,0.0
17.74192,17.12836,51.95725,3253.46299,-0.11217,54.4874,6.927436013704325,2.580652186916253,0.0
17.76719,17.16555,51.94689,3249.62462,-0.1313,54.50258,6.921177582622781,2.5783207566691457,0.0
17.79242,17.20271,51.9349,3245.79418,-0.15073,54.51777,6.916522212827151,2.576586508930122,0.0
17.81761,17.23983,51.92127,3241.97083,-0.17039,54.53297,6.9134809534673805,2.575453559798258,0.0
17.84276,17.27693,51.90598,3238.15373,-0.19024,54.54819,6.912062296802721,2.5749250728635684,0.0
17.86787,17.31399,51.88901,3234.34201,-0.21025,54.56342,6.912272200419202,2.5750032674836043,0.0
17.89294,17.35103,51.87037,3230.5348,-0.23037,54.57867,6.914114103558447,2.5756894248663618,0.0
17.91798,17.38803,51.85004,3226.7312,-0.25056,54.59393,6.917588937453016,2.576983891920471,0.0
17.94297,17.425,51.82804,3222.93031,-0.27077,54.6092,6.922695129630257,2.5788860828584945,0.0
17.96793,17.46193,51.80435,3219.13122,-0.29096,54.62448,6.929428602244004,2.581394478575443,0.0
17.99285,17.49884,51.779,3215.33302,-0.31109,54.63978,6.93778276452969,2.584506623838099,0.0
18.01773,17.53572,51.75198,3211.53478,-0.33111,54.65509,6.947748499602472,2.5882191223669824,0.0
18.04257,17.57256,51.72332,3207.73557,-0.35098,54.67042,6.959314145871832,2.592527629912787,0.0
18.06737,17.60938,51.69304,3203.93446,-0.37066,54.68576,6.97246547341283,2.597426845454062,0.0
18.09213,17.64616,51.66115,3200.13051,-0.3901,54.70111,6.987185655738137,2.6029105006815456,0.0
18.11686,17.68291,51.62769,3196.32278,-0.40926,54.71647,7.003455237468588,2.608971347954597,0.0
18.14154,17.71963,51.59267,3192.51035,-0.4281,54.73185,7.021252098482085,2.6156011469457208,0.0
18.16619,17.75631,51.55614,3188.69227,-0.44658,54.74723,7.040551415204043,2.622790650220234,0.0
18.1908,17.79297,51.51812,3184.86762,-0.46466,54.76264,7.061325619766972,2.6305295880221435,0.0
18.21537,17.82959,51.47866,3181.03547,-0.4823,54.77805,7.083544357836808,2.63880665256334,0.0
18.2399,17.86618,51.43781,3177.19492,-0.49945,54.79347,7.107174446001819,2.647609482149846,0.0
18.26439,17.90274,51.39559,3173.34505,-0.51608,54.80891,7.132179829642536,2.6569246454872535,0.0
18.28884,17.93927,51.35207,3169.48497,-0.53216,54.82436,7.158521542314513,2.6667376265497387,0.0
18.31325,17.97577,51.3073,3165.61381,-0.54763,54.83982,7.1861576677143395,2.677032810411396,0.0
18.33763,18.01223,51.26132,3161.73068,-0.56248,54.85529,7.215043305354309,2.6877934704591526,0.0
18.36196,18.04866,51.2142,3157.83476,-0.57667,54.87077,7.24513054113065,2.699001757428657,0.0
18.38626,18.08506,51.166,3153.9252,-0.59015,54.88627,7.2763684240223245,2.7106386907239712,0.0
18.41052,18.12142,51.11677,3150.0012,-0.6029,54.90177,7.308702950178892,2.7226841524898786,0.0
18.43473,18.15775,51.06658,3146.06197,-0.6149,54.91729,7.342077055690594,2.735116884918553,0.0
18.45891,18.19405,51.0155,3142.10675,-0.6261,54.93281,7.376430619358019,2.747914491281329,0.0
18.48305,18.23032,50.9636,3138.13481,-0.63649,54.94835,7.411700476772355,2.7610534411739693,0.0
18.50715,18.26655,50.91095,3134.14544,-0.64603,54.9639,7.4478204470121945,2.7745090804619243,0.0
18.5312,18.30274,50.85761,3130.13798,-0.6547,54.97945,7.484721373245886,2.7882556464057773,0.0
18.55522,18.33891,50.80367,3126.11178,-0.66249,54.99502,7.52233117847758,2.8022662884281155,0.0
18.5792,18.37503,50.7492,3122.06625,-0.66937,55.01059,7.5605749376273454,2.816513094965267,0.0
18.60314,18.41113,50.69428,3118.00081,-0.67531,55.02617,7.599374967064011,2.8309671268206404,0.0
18.62704,18.44719,50.63898,3113.91494,-0.68032,55.04177,7.638650932599145,2.8455984573953264,0.0
18.65089,18.48321,50.58338,3109.80816,-0.68437,55.05737,7.67831997684409,2.8603762201319407,0.0
18.67471,18.5192,50.52757,3105.68003,-0.68744,55.07297,7.7182968667251295,2.875268663467905,0.0
18.69848,18.55515,50.47163,3101.53015,-0.68954,55.08859,7.758494161736101,2.8902432135139775,0.0
18.72222,18.59107,50.41562,3097.35817,-0.69066,55.10421,7.798822403392185,2.9052665446307686,0.0
18.74591,18.62695,50.35965,3093.16381,-0.69078,55.11985,7.839190326129906,2.9203046579945404,0.0
18.76956,18.66279,50.30378,3088.94681,-0.68991,55.13548,7.879505089679349,2.9353229681619775,0.0
18.79317,18.6986,50.24809,3084.70698,-0.68805,55.15113,7.9196725327214486,2.950286397564193,0.0
18.81674,18.73436,50.19267,3080.44417,-0.68521,55.16678,7.9595974473909274,2.9651594787663016,0.0
18.84027,18.7701,50.1376,3076.1583,-0.68138,55.18244,7.999183873924953,2.979906464231794,0.0
18.86376,18.80579,50.08296,3071.84934,-0.67657,55.1981,8.038335414516844,2.9944914432413046,0.0
18.8872,18.84145,50.02881,3067.51731,-0.67081,55.21377,8.076955565120265,3.008878465498398,0.0
18.9106,18.87706,49.97524,3063.16229,-0.66409,55.22945,8.114948063738867,3.023031670876629,0.0
18.93396,18.91264,49.92233,3058.78443,-0.65645,55.24513,8.15221725338501,3.036915424631213,0.0
18.95728,18.94818,49.87013,3054.38391,-0.64789,55.26081,8.18866845771875,3.0504944573344406,0.0
18.98055,18.98368,49.81874,3049.961,-0.63844,55.2765,8.224208367048806,3.0637340086711786,0.0
19.00378,19.01914,49.7682,3045.51601,-0.62813,55.2922,8.258745432180081,3.0765999741574532,0.0
19.02697,19.05457,49.7186,3041.04931,-0.61698,55.3079,8.29219026337583,3.0890590537643394,0.0
19.05012,19.08995,49.66998,3036.56132,-0.60502,55.3236,8.32445603149827,3.1010789013534024,0.0
19.07322,19.12529,49.62242,3032.05253,-0.59229,55.3393,8.355458868239646,3.1126282737732938,0.0
19.09628,19.16059,49.57597,3027.52347,-0.57882,55.35501,8.38511826223188,3.1236771784210227,0.0
19.11929,19.19585,49.53069,3022.97474,-0.56464,55.37072,8.413357447738571,3.1341970180399543,0.0
19.14227,19.23106,49.48662,3018.40696,-0.5498,55.38644,8.44010378256397,3.144160731500839,0.0
19.16519,19.26624,49.44381,3013.82084,-0.53434,55.40216,8.465289111853108,3.1535429293269384,0.0
19.18808,19.30137,49.40231,3009.21712,-0.5183,55.41788,8.488850114456076,3.162320022723832,0.0
19.21092,19.33647,49.36216,3004.59656,-0.50173,55.4336,8.510728628644115,3.1704703449172307,0.0
19.23371,19.37152,49.32339,2999.96001,-0.48468,55.44932,8.530871954108848,3.177974263655634,0.0
19.25647,19.40653,49.28604,2995.30833,-0.46719,55.46505,8.549233127315986,3.1848142837868356,0.0
19.27917,19.44149,49.25013,2990.64242,-0.44931,55.48078,8.565771167570894,3.1909751389238172,0.0
19.30184,19.47641,49.21569,2985.96321,-0.4311,55.49651,8.580451291360896,3.196443871292896,0.0
19.32446,19.51129,49.18273,2981.27169,-0.41261,55.51224,8.59324509287682,3.2012098989827553,0.0
19.34703,19.54613,49.15129,2976.56884,-0.39389,55.52797,8.604130688948231,3.2052650699366256,0.0
19.36956,19.58092,49.12135,2971.85568,-0.375,55.5437,8.613092826974336,3.208603702159394,0.0
19.39205,19.61567,49.09293,2967.13325,-0.35599,55.55943,8.620122954828728,3.211222609758951,0.0
19.41449,19.65038,49.06604,2962.40262,-0.33693,55.57517,8.625219252130922,3.2131211145956704,0.0
19.43688,19.68504,49.04067,2957.66485,-0.31785,55.5909,8.628386622650542,3.214301043452763,0.0
19.45924,19.71965,49.01682,2952.92103,-0.29883,55.60664,8.629636648045947,3.214766710802699,0.0
19.48154,19.75423,48.99447,2948.17223,-0.27991,55.62237,8.62898750355483,3.2145248873997385,0.0
19.5038,19.78876,48.9736,2943.41955,-0.26115,55.63811,8.626463836614239,3.2135847550626946,0.0
19.52602,19.82324,48.95421,2938.66408,-0.2426,55.65385,8.622096609789404,3.2119578481617905,0.0
19.54819,19.85768,48.93627,2933.90689,-0.22433,55.66958,8.615922909751317,3.2096579824577787,0.0
19.57032,19.89208,48.91974,2929.14905,-0.20638,55.68532,8.607985724329293,3.206701172048157,0.0
19.59241,19.92643,48.9046,2924.39164,-0.1888,55.70105,8.598333689977002,3.2031055352916207,0.0
19.61444,19.96073,48.89082,2919.63569,-0.17164,55.71679,8.587020812267358,3.1988911906850515,0.0
19.63644,19.99499,48.87835,2914.88223,-0.15496,55.73253,8.574106162184192,3.1940801437241775,0.0
19.65839,20.02921,48.86715,2910.13225,-0.1388,55.74826,8.559653551183704,3.188696165855414,0.0
19.68029,20.06338,48.85719,2905.38675,-0.1232,55.764,8.54373118811983,3.1827646666715346,0.0
19.70215,20.09751,48.8484,2900.64666,-0.10822,55.77974,8.526411321191542,3.176312560527622,0.0
19.72397,20.1316,48.84073,2895.91292,-0.09389,55.79547,8.507769868128888,3.169368128775634,0.0
19.74574,20.16563,48.83414,2891.1864,-0.08025,55.81121,8.48788603778118,3.1619608787960494,0.0
19.76747,20.19963,48.82856,2886.46796,-0.06733,55.82694,8.466841946270785,3.154121401005055,0.0
19.78915,20.23358,48.82394,2881.7584,-0.05519,55.84268,8.44472223075782,3.1458812249717334,0.0
19.81079,20.26748,48.82022,2877.05852,-0.04384,55.85842,8.421613663759196,3.1372726757417544,0.0
19.83238,20.30134,48.81732,2872.36903,-0.03332,55.87415,8.397604770779624,3.128328731394871,0.0
19.85393,20.33516,48.81518,2867.69063,-0.02365,55.88989,8.372785453886205,3.1190828828165427,0.0
19.87544,20.36893,48.81374,2863.02397,-0.01486,55.90563,8.34724662358412,3.109568996561949,0.0
19.8969,20.40266,48.81293,2858.36965,-0.00698,55.92137,8.321079841219644,3.0998211816417016,0.0
19.91832,20.43635,48.81268,2853.72823,-2e-05,55.9371,8.294376973813552,3.089873660938206,0.0
19.9397,20.46999,48.81291,2849.10021,0.006,55.95284,8.267229863039335,3.0797606478913364,0.0
19.96103,20.50358,48.81355,2844.48606,0.01107,55.96858,8.239730009815895,3.0695162290009206,0.0
19.98232,20.53714,48.81453,2839.8862,0.01517,55.98432,8.211968275690191,3.0591742525839085,0.0
20.00357,20.57065,48.81578,2835.30098,0.01829,56.00006,8.18403460198092,3.048768224148016,0.0
20.02477,20.60411,48.81722,2830.73074,0.02043,56.0158,8.156017747407809,3.0383312086517225,0.0
20.04593,20.63754,48.81878,2826.17573,0.02159,56.03155,8.128005044668942,3.0278957398229265,0.0
20.06705,20.67092,48.82039,2821.63619,0.02176,56.04729,8.100082176251565,3.017493736642568,0.0
20.08813,20.70425,48.82197,2817.11229,0.02095,56.06303,8.072332969518776,3.007156427009033,0.0
20.10916,20.73755,48.82346,2812.60416,0.01915,56.07878,8.044839210935537,2.9969142785324507,0.0
20.13015,20.7708,48.82477,2808.11188,0.01638,56.09453,8.017680479131034,2.9867969363460327,0.0
20.1511,20.80401,48.82584,2803.63549,0.01265,56.11028,7.9909339963322195,2.976833167761158,0.0
20.17201,20.83717,48.8266,2799.17497,0.00796,56.12603,7.964674497533206,2.967050813529529,0.0
20.19287,20.8703,48.82698,2794.73029,0.00233,56.14178,7.938974116703319,2.9574767454526785,0.0
20.2137,20.90338,48.82692,2790.30133,-0.00423,56.15753,7.913902289176472,2.9481368300194437,0.0
20.23448,20.93642,48.82635,2785.88797,-0.01169,56.17329,7.88952566930377,2.939055897729392,0.0
20.25522,20.96942,48.8252,2781.49002,-0.02003,56.18905,7.865908062390823,2.9302577177376814,0.0
20.27592,21.00238,48.82341,2777.10727,-0.02924,56.20481,7.8431103698625995,2.921764977427527,0.0
20.29658,21.0353,48.82092,2772.73945,-0.03929,56.22057,7.821190546588092,2.913599266512512,0.0
20.3172,21.06817,48.81768,2768.38627,-0.05015,56.23633,7.800203569262852,2.9057810652582527,0.0
20.33777,21.101,48.81364,2764.04739,-0.0618,56.2521,7.780201414740604,2.898329736410356,0.0
20.35831,21.1338,48.80872,2759.72245,-0.0742,56.26787,7.761233047202836,2.89126352041475,0.0
20.37881,21.16655,48.8029,2755.41104,-0.08733,56.28364,7.743344413089877,2.8845995335293826,0.0
20.39926,21.19926,48.79611,2751.11273,-0.10115,56.29941,7.726578442718434,2.8783537684267895,0.0
20.41968,21.23193,48.78831,2746.82705,-0.11563,56.31519,7.7109750575637195,2.872541096906886,0.0
20.44005,21.26456,48.77946,2742.5535,-0.13073,56.33097,7.696571182222232,2.867175274353413,0.0
20.46039,21.29715,48.76953,2738.29155,-0.14642,56.34675,7.683400760100592,2.86226894557844,0.0
20.48068,21.3297,48.75846,2734.04065,-0.16265,56.36254,7.67149477196838,2.8578336517337894,0.0
20.50094,21.36221,48.74623,2729.80022,-0.17939,56.37832,7.66088125654589,2.8538798379805144,0.0
20.52115,21.39468,48.73281,2725.56965,-0.19661,56.39411,7.651585332363615,2.8504168616321315,0.0
20.54133,21.42711,48.71816,2721.34832,-0.21425,56.40991,7.643629220203838,2.847453000514705,0.0
20.56146,21.45949,48.70227,2717.13557,-0.23227,56.4257,7.63703226551805,2.8449954613179242,0.0
20.58156,21.49184,48.68511,2712.93074,-0.25064,56.4415,7.631810960245128,2.843050387722951,0.0
20.60162,21.52415,48.66666,2708.73312,-0.26931,56.4573,7.627978963586746,2.841622868141804,0.0
20.62163,21.55642,48.64691,2704.54202,-0.28824,56.4731,7.625547121321071,2.8407169429122185,0.0
20.64161,21.58865,48.62584,2700.3567,-0.30738,56.48891,7.6245234833331,2.8403356108281623,0.0
20.66155,21.62084,48.60345,2696.17643,-0.32668,56.50472,7.624913319127203,2.840480834918663,0.0
20.68145,21.65299,48.57972,2692.00045,-0.34611,56.52053,7.6267191311397164,2.8411535474070986,0.0
20.70131,21.6851,48.55466,2687.82799,-0.36562,56.53635,7.629940665751829,2.8423536538137872,0.0
20.72113,21.71717,48.52827,2683.65829,-0.38516,56.55216,7.63457492200685,2.8440800362034033,0.0
20.74092,21.7492,48.50054,2679.49055,-0.40469,56.56798,7.640616158056085,2.84633055558623,0.0
20.76066,21.78119,48.47149,2675.32398,-0.42416,56.5838,7.648055895478893,2.8491020535274987,0.0
20.78037,21.81315,48.44113,2671.15779,-0.44353,56.59963,7.65688292168005,2.8523903530404673,0.0
20.80003,21.84506,48.40947,2666.99117,-0.46275,56.61546,7.667083290622044,2.85619025885922,0.0
20.81966,21.87693,48.37652,2662.82331,-0.48178,56.63129,7.678640322247587,2.860495557223538,0.0
20.83925,21.90876,48.3423,2658.65342,-0.50057,56.64712,7.691534600982037,2.8652990153210123,0.0
20.8588,21.94055,48.30684,2654.48067,-0.51908,56.66295,7.705743973808258,2.8705923805698803,0.0
20.87831,21.97231,48.27017,2650.30427,-0.53727,56.67879,7.721243548425276,2.876366379933071,0.0
20.89778,22.00402,48.2323,2646.12342,-0.5551,56.69462,7.738005692097162,2.8826107194893926,0.0
20.91721,22.03569,48.19327,2641.93731,-0.57251,56.71046,7.756000031829642,2.8893140844993144,0.0
20.93661,22.06732,48.15311,2637.74518,-0.58948,56.7263,7.7751934565727785,2.8964641402255316,0.0
20.95596,22.09891,48.11187,2633.54623,-0.60596,56.74214,7.795550122192901,2.9040475337851346,0.0
20.97528,22.13046,48.06957,2629.3397,-0.62192,56.75799,7.817031459994058,2.91204989732408,0.0
20.99456,22.16197,48.02626,2625.12483,-0.63731,56.77383,7.839596189596978,2.9204558528149356,0.0
21.01379,22.19344,47.98199,2620.90088,-0.6521,56.78967,7.8632003370312535,2.9292490187967,0.0
21.03299,22.22487,47.93679,2616.66714,-0.66626,56.80552,7.887797258892791,2.9384120193740877,0.0
21.05215,22.25626,47.89073,2612.42289,-0.67974,56.82137,7.913337673438221,2.9479264958010116,0.0
21.07127,22.28761,47.84383,2608.16744,-0.69253,56.83721,7.939769699502074,2.9577731209782585,0.0
21.09036,22.31891,47.79617,2603.90014,-0.70458,56.85306,7.967038904087925,2.967931617182443,0.0
21.1094,22.35018,47.74779,2599.62033,-0.71588,56.8689,7.995088359499147,2.9783807773487116,0.0
21.1284,22.3814,47.69875,2595.32742,-0.72639,56.88475,8.023858710823426,2.9890984902105076,0.0
21.14736,22.41258,47.6491,2591.0208,-0.73608,56.9006,8.053288254532799,3.0000617695801473,0.0
21.16629,22.44372,47.59891,2586.69992,-0.74494,56.91644,8.083313028964568,3.0112467880553417,0.0
21.18517,22.47481,47.54823,2582.36425,-0.75294,56.93229,8.113866917302209,3.0226289153822985,0.0
21.20402,22.50586,47.49713,2578.01329,-0.76007,56.94813,8.144881763658733,3.0341827616998245,0.0
21.22282,22.53688,47.44566,2573.64659,-0.76631,56.96397,8.176287502751482,3.045882225846601,0.0
21.24159,22.56784,47.39389,2569.26371,-0.77164,56.97981,8.208012303553845,3.0577005488752285,0.0
21.26032,22.59877,47.34188,2564.86428,-0.77605,56.99565,8.239982727184866,3.0696103728702564,0.0
21.279,22.62965,47.28969,2560.44792,-0.77953,57.01148,8.27212389918497,3.081583805125427,0.0
21.29765,22.66049,47.23739,2556.01435,-0.78208,57.02731,8.304359696181601,3.093592487681537,0.0
21.31625,22.69128,47.18505,2551.56328,-0.78368,57.04315,8.336612946778057,3.1056076721628156,0.0
21.33482,22.72203,47.13272,2547.09449,-0.78435,57.05897,8.368805646383064,3.117600299806585,0.0
21.35334,22.75273,47.08047,2542.6078,-0.78407,57.0748,8.400859185486619,3.1295410865020306,0.0
21.37183,22.78339,47.02836,2538.10308,-0.78285,57.09062,8.43269459074176,3.1414006125994955,0.0
21.39027,22.81401,46.97646,2533.58021,-0.7807,57.10644,8.464232778042822,3.153149417188791,0.0
21.40867,22.84458,46.92482,2529.03917,-0.77762,57.12225,8.495394816585874,3.164758096468658,0.0
21.42704,22.8751,46.87351,2524.47994,-0.77363,57.13806,8.52610220276384,3.1761974057799076,0.0
21.44536,22.90558,46.82258,2519.90258,-0.76874,57.15386,8.55627714253328,3.1874383647944726,0.0
21.46364,22.93602,46.7721,2515.30718,-0.76297,57.16966,8.585842840769901,3.198452365307953,0.0
21.48188,22.9664,46.72212,2510.69388,-0.75633,57.18546,8.614723795939675,3.209211281012358,0.0
21.50008,22.99674,46.67269,2506.06285,-0.74886,57.20125,8.642846098291049,3.219687578580553,0.0
21.51823,23.02704,46.62388,2501.41435,-0.74056,57.21704,8.670137729652883,3.2298544293488742,0.0
21.53635,23.05728,46.57572,2496.74865,-0.73147,57.23282,8.696528862791142,3.2396858208353807,0.0
21.55442,23.08748,46.52827,2492.06607,-0.72162,57.24859,8.721952158213197,3.2491566673072576,0.0
21.57246,23.11764,46.48157,2487.36698,-0.71105,57.26436,8.74634305622906,3.2582429185813173,0.0
21.59045,23.14774,46.43568,2482.6518,-0.69977,57.28012,8.769640062039235,3.2669216662267218,0.0
21.6084,23.1778,46.39063,2477.92099,-0.68784,57.29587,8.791785021620775,3.2751712463397995,0.0
21.62631,23.20781,46.34645,2473.17503,-0.67529,57.31162,8.812723386181348,3.282971338060141,0.0
21.64417,23.23777,46.30319,2468.41447,-0.66216,57.32736,8.832404462982838,3.2903030570089924,0.0
21.662,23.26768,46.26088,2463.63989,-0.64849,57.3431,8.850781650438948,3.297149042869296,0.0
21.67978,23.29754,46.21955,2458.85188,-0.63432,57.35882,8.86781265546271,3.30349354035336,0.0
21.69752,23.32736,46.17923,2454.05109,-0.61971,57.37454,8.883459691176704,3.3093224728551096,0.0
21.71521,23.35712,46.13993,2449.23821,-0.6047,57.39025,8.89768965323954,3.3146235081363518,0.0
21.73287,23.38684,46.10169,2444.41393,-0.58934,57.40596,8.910474273252648,3.3193861154748316,0.0
21.75048,23.4165,46.06451,2439.57899,-0.57368,57.42165,8.921790247863076,3.323601613758428,0.0
21.76805,23.44612,46.02841,2434.73413,-0.55777,57.43734,8.931619342429022,3.3272632101032853,0.0
21.78558,23.47569,45.99341,2429.88015,-0.54165,57.45302,8.939948468347058,3.330366028660247,0.0
21.80307,23.5052,45.9595,2425.01783,-0.5254,57.46869,8.946769733371662,3.332907129360195,0.0
21.82051,23.53467,45.9267,2420.14799,-0.50904,57.48435,8.952080464525519,3.3348855164487543,0.0
21.83791,23.56408,45.895,2415.27146,-0.49265,57.5,8.955883203470572,3.336302136761869,0.0
21.85527,23.59345,45.86439,2410.38907,-0.47627,57.51565,8.958185674435489,3.337159867777958,0.0
21.87259,23.62276,45.83489,2405.50166,-0.45995,57.53128,8.959000725106627,3.3374634955982305,0.0
21.88986,23.65203,45.80646,2400.61009,-0.44375,57.54691,8.958346241099441,3.337219683085044,0.0
21.9071,23.68124,45.7791,2395.71521,-0.42773,57.56253,8.956245034887095,3.3364369284848823,0.0
21.92428,23.7104,45.7528,2390.81787,-0.41192,57.57814,8.952724710290482,3.335125514947329,0.0
21.94143,23.73952,45.72753,2385.91891,-0.39639,57.59374,8.947817503850187,3.3332974514319464,0.0
21.95854,23.76858,45.70327,2381.01918,-0.38118,57.60933,8.941560104576546,3.330966405560431,0.0
21.9756,23.79759,45.68,2376.1195,-0.36635,57.62491,8.933993453748581,3.328147629036449,0.0
21.99262,23.82654,45.65768,2371.22071,-0.35193,57.64048,8.925162526587146,3.324857876313137,0.0
22.00959,23.85545,45.63629,2366.32359,-0.33799,57.65604,8.915116097726457,3.3211153172250785,0.0
22.02653,23.88431,45.6158,2361.42895,-0.32455,57.6716,8.903906492520527,3.316939444343405,0.0
22.04342,23.91311,45.59615,2356.53754,-0.31167,57.68714,8.89158932625159,3.312350975824077,0.0
22.06027,23.94186,45.57733,2351.65013,-0.29938,57.70267,8.878223233395529,3.3073717545521255,0.0
22.07708,23.97057,45.55928,2346.76743,-0.28773,57.7182,8.863869589050118,3.3020246443663477,0.0
22.09385,23.99922,45.54196,2341.89014,-0.27675,57.73371,8.848592224662378,3.296333424160265,0.0
22.11057,24.02782,45.52533,2337.01894,-0.26648,57.74922,8.832457140133638,3.290322680633685,0.0
22.12726,24.05636,45.50933,2332.15447,-0.25695,57.76472,8.815532214306074,3.284017700441318,0.0
22.1439,24.08486,45.49393,2327.29735,-0.24819,57.78021,8.79788691578695,3.2774443624671976,0.0
22.16049,24.11331,45.47907,2322.44814,-0.24022,57.79568,8.779592015919082,3.270629030898631,0.0
22.17705,24.1417,45.4647,2317.60742,-0.23308,57.81115,8.76071930563417,3.2635984497466075,0.0
22.19357,24.17005,45.45077,2312.77568,-0.22679,57.82661,8.741341317769779,3.2563796394015756,0.0
22.21004,24.19834,45.43722,2307.9534,-0.22136,57.84207,8.72153105628521,3.248999795759224,0.0
22.22648,24.22658,45.424,2303.14104,-0.21682,57.85751,8.70136173369028,3.2414861924057954,0.0
22.24287,24.25478,45.41106,2298.33899,-0.21318,57.87294,8.680906517816716,3.233866086283772,0.0
22.25922,24.28292,45.39833,2293.54763,-0.21045,57.88837,8.660238288928047,3.226166627208912,0.0
22.27553,24.31101,45.38577,2288.76729,-0.20864,57.90378,8.6394294079896,3.218414771544731,0.0
22.2918,24.33905,45.37331,2283.99826,-0.20777,57.91919,8.618551496762965,3.2106372002819037,0.0
22.30802,24.36704,45.3609,2279.24079,-0.20782,57.93459,8.597675230276867,3.2028602417282026,0.0
22.32421,24.39498,45.34849,2274.4951,-0.20881,57.94998,8.576870141991256,3.195109798926994,0.0
22.34036,24.42287,45.33601,2269.76138,-0.21074,57.96536,8.556204441940478,3.1874112819107867,0.0
22.35646,24.4507,45.32342,2265.03975,-0.2136,57.98074,8.53574484791548,3.1797895448121567,0.0
22.37253,24.47849,45.31066,2260.33033,-0.21739,57.99611,8.51555642967444,3.172268827828116,0.0
22.38855,24.50623,45.29768,2255.63317,-0.22209,58.01146,8.49570246604394,3.1648727039865325,0.0
22.40454,24.53392,45.28442,2250.9483,-0.2277,58.02681,8.476244314657807,3.1576240306204215,0.0
22.42049,24.56156,45.27082,2246.27572,-0.2342,58.04216,8.457241294013386,3.1505449054308103,0.0
22.43639,24.58915,45.25685,2241.61538,-0.24158,58.05749,8.438750577420258,3.1436566269798356,0.0
22.45226,24.61669,45.24245,2236.9672,-0.24982,58.07282,8.420827098370463,3.136979659438671,0.0
22.46808,24.64418,45.22758,2232.33105,-0.2589,58.08813,8.403523466766998,3.130533601380432,0.0
22.48387,24.67163,45.21218,2227.7068,-0.2688,58.10345,8.386889895456333,3.124337158411608,0.0
22.49962,24.69902,45.19621,2223.09425,-0.2795,58.11875,8.370974136424316,3.118408119403359,0.0
22.51532,24.72636,45.17963,2218.4932,-0.29096,58.13404,8.355821426000116,3.112763336078537,0.0
22.53099,24.75366,45.1624,2213.90339,-0.30316,58.14933,8.341474438431005,3.1074187057170817,0.0
22.54662,24.78091,45.14447,2209.32455,-0.31608,58.16461,8.32797324713508,3.102389156721627,0.0
22.56221,24.8081,45.12582,2204.75636,-0.32967,58.17989,8.315355292985942,3.097688636802718,0.0
22.57776,24.83525,45.10641,2200.1985,-0.34391,58.19516,8.303655358955687,3.093330103532657,0.0
22.59328,24.86235,45.08619,2195.65061,-0.35876,58.21042,8.292905550496616,3.0893255170371696,0.0
22.60875,24.88941,45.06515,2191.11228,-0.37419,58.22567,8.283135281031534,3.085685834590165,0.0
22.62419,24.91641,45.04325,2186.58312,-0.39016,58.24091,8.274371261995219,3.0824210069039184,0.0
22.63958,24.94336,45.02047,2182.06268,-0.40663,58.25615,8.266637496838756,3.079539975895529,0.0
22.65494,24.97027,44.99679,2177.55051,-0.42356,58.27138,8.259955278529498,3.0770506737555845,0.0
22.67026,24.99713,44.97217,2173.04611,-0.44091,58.28661,8.25434319006349,3.0749600231390626,0.0
22.68554,25.02394,44.94662,2168.549,-0.45864,58.30182,8.249817107570424,3.073273938321997,0.0
22.70079,25.0507,44.92009,2164.05865,-0.47671,58.31703,8.246390205653606,3.071997327190767,0.0
22.71599,25.07742,44.8926,2159.57452,-0.49507,58.33224,8.24407296464216,3.0711340939437233,0.0
22.73116,25.10409,44.86411,2155.09607,-0.51368,58.34743,8.242873179496126,3.0706871424085773,0.0
22.74629,25.1307,44.83463,2150.62272,-0.5325,58.36262,8.242795970152802,3.070658379896689,0.0
22.76138,25.15727,44.80415,2146.15389,-0.55148,58.3778,8.243843793173705,3.0710487215418585,0.0
22.77644,25.1838,44.77266,2141.68898,-0.57058,58.39298,8.246016454578932,3.0718580950814682,0.0
22.79145,25.21027,44.74016,2137.22741,-0.58975,58.40815,8.249311123830205,3.073085446065533,0.0
22.80643,25.2367,44.70667,2132.76854,-0.60895,58.42331,8.253722348983032,3.0747287435012796,0.0
22.82137,25.26308,44.67217,2128.31177,-0.62812,58.43846,8.25924207306308,3.076784985953778,0.0
22.83627,25.28941,44.63667,2123.85646,-0.64724,58.45361,8.265859651780241,3.079250208144896,0.0
22.85114,25.31569,44.60019,2119.40199,-0.66625,58.46875,8.273561872757849,3.0821194881166862,0.0
22.86597,25.34193,44.56274,2114.94771,-0.68511,58.48388,8.282332976474718,3.085386955032848,0.0
22.88076,25.36811,44.52433,2110.493,-0.70377,58.499,8.292154679184039,3.089045797716621,0.0
22.89551,25.39425,44.48498,2106.03722,-0.72219,58.51412,8.30300619809885,3.0930882740330348,0.0
22.91023,25.42034,44.44471,2101.57972,-0.74033,58.52923,8.314864279190337,3.0975057212445054,0.0
22.9249,25.44639,44.40353,2097.11989,-0.75815,58.54433,8.327703227947795,3.102288567469731,0.0
22.93954,25.47238,44.36147,2092.65709,-0.7756,58.55942,8.341494943516441,3.1074263444009285,0.0
