date,date1,date2,date3,date4,date5,OT1,OT2,OT3
0.04558,0.04558,57.09731,4819.82026,-0.46141,45.0001,7.723010321701393,2.8770245494650277,0.0
0.09113,0.09113,57.04159,4815.60287,-0.42201,45.00024,7.770156857332633,2.8945878744876756,0.0
0.13664,0.13664,56.99093,4811.35059,-0.38192,45.00041,7.811906275800023,2.91014063136009,0.0
0.1821,0.1821,56.9454,4807.06633,-0.34121,45.00063,7.848095966319685,2.92362224328673,0.0
0.22753,0.22753,56.90506,4802.75309,-0.3,45.00089,7.87858823808507,2.9349814168192907,0.0
0.27291,0.27292,56.86997,4798.41396,-0.25838,45.00118,7.903271629538939,2.944176629594974,0.0
0.31826,0.31826,56.84016,4794.05214,-0.21647,45.00152,7.922061962333774,2.9511765229644604,0.0
0.36356,0.36357,56.81564,4789.67087,-0.17435,45.00189,7.934903122120076,2.9559601928561063,0.0
0.40882,0.40884,56.79643,4785.27344,-0.13215,45.00231,7.941767553139494,2.9585173740248893,0.0
0.45404,0.45406,56.78253,4780.86318,-0.08997,45.00276,7.942656458793383,2.958848514769479,0.0
0.49922,0.49924,56.7739,4776.44345,-0.04791,45.00325,7.9375997056737795,2.956964741181244,0.0
0.54435,0.54439,56.77053,4772.0176,-0.00608,45.00378,7.926655433963069,2.9528877120078856,0.0
0.58944,0.58949,56.77237,4767.58897,0.03541,45.00435,7.909909382445623,2.9466493672025034,0.0
0.6345,0.63455,56.77935,4763.16087,0.07646,45.00495,7.887473941351188,2.938291575082844,0.0
0.6795,0.67957,56.79141,4758.73656,0.11696,45.0056,7.859486950993932,2.927865684792731,0.0
0.72447,0.72455,56.80846,4754.31926,0.15682,45.00628,7.826110268266157,2.9154319922832586,0.0
0.76939,0.76948,56.83041,4749.91209,0.19595,45.007,7.787528126607252,2.9010591293580736,0.0
0.81427,0.81438,56.85716,4745.51811,0.23424,45.00776,7.7439453179469675,2.884823386399406,0.0
0.85911,0.85924,56.88857,4741.14028,0.2716,45.00856,7.695585227237133,2.866807980179427,0.0
0.90391,0.90405,56.92454,4736.78144,0.30796,45.0094,7.642687751533374,2.8471022786634252,0.0
0.94866,0.94883,56.96491,4732.44432,0.34324,45.01028,7.585507136220463,2.825800994946829,0.0
0.99337,0.99356,57.00954,4728.13152,0.37734,45.01119,7.52430976081147,2.8030033624071238,0.0
1.03804,1.03826,57.05827,4723.84552,0.41021,45.01214,7.459371905971052,2.7788123028612755,0.0
1.08267,1.08291,57.11094,4719.58866,0.44178,45.01314,7.390977531909776,2.7533335989591636,0.0
1.12726,1.12753,57.16738,4715.36311,0.47198,45.01417,7.3194160963624615,2.7266750813230995,0.0
1.1718,1.17211,57.22741,4711.17092,0.50076,45.01524,7.244980437885023,2.698945840020207,0.0
1.21631,1.21664,57.29084,4707.01397,0.52807,45.01635,7.167964747414895,2.670255468915311,0.0
1.26077,1.26114,57.35749,4702.89402,0.55386,45.0175,7.0886626479882295,2.6407133503150635,0.0
1.30519,1.30561,57.42716,4698.81263,0.57808,45.01869,7.007365399291446,2.6104279861161617,0.0
1.34958,1.35003,57.49965,4694.77125,0.60071,45.01991,6.924360240435783,2.579506380445256,0.0
1.39392,1.39442,57.57475,4690.77116,0.62172,45.02118,6.839928881102486,2.5480534775708374,0.0
1.43823,1.43877,57.65228,4686.81349,0.64108,45.02249,6.7543461480231235,2.5161716576815443,0.0
1.48249,1.48309,57.732,4682.89923,0.65876,45.02384,6.667878790790823,2.483960292019419,0.0
1.52672,1.52737,57.81373,4679.02922,0.67476,45.02523,6.5807844481757565,2.4515153578052358,0.0
1.57091,1.57162,57.89724,4675.20418,0.68906,45.02666,6.493310773640714,2.4189291124700367,0.0
1.61506,1.61583,57.98233,4671.42468,0.70166,45.02813,6.405694716473363,2.386289825857991,0.0
1.65917,1.66,58.06879,4667.69116,0.71255,45.02964,6.318161953040598,2.3536815683536685,0.0
1.70325,1.70415,58.1564,4664.00396,0.72174,45.03119,6.230926461039148,2.3211840522791927,0.0
1.74729,1.74826,58.24497,4660.36326,0.72923,45.03278,6.144190228321039,2.2888725234240637,0.0
1.7913,1.79233,58.33427,4656.76918,0.73503,45.03442,6.058143086819846,2.256817699178318,0.0
1.83527,1.83638,58.42411,4653.2217,0.73916,45.03609,5.972962661422969,2.225085749486103,0.0
1.8792,1.88039,58.51429,4649.72071,0.74163,45.03781,5.888814423137283,2.193738316651283,0.0
1.9231,1.92437,58.6046,4646.266,0.74247,45.03957,5.805851835676429,2.1628325699450643,0.0
1.96696,1.96832,58.69485,4642.85729,0.74168,45.04138,5.724216584574526,2.1324212909568763,0.0
2.01079,2.01225,58.78483,4639.49419,0.73931,45.04322,5.6440388781036255,2.1025529856940444,0.0
2.05459,2.05614,58.87437,4636.17627,0.73537,45.04511,5.565437809579363,2.0732720195501755,0.0
2.09835,2.1,58.96328,4632.90299,0.72989,45.04704,5.488521771092665,2.0446187714311077,0.0
2.14208,2.14384,59.05136,4629.67378,0.72291,45.04901,5.41338890922835,2.016629803522079,0.0
2.18578,2.18764,59.13845,4626.48799,0.71446,45.05103,5.340127613981534,1.9893380434219496,0.0
2.22942,2.23145,59.22277,4623.34803,0.6781,45.12032,5.27001160318677,1.9632179845376247,42.999999266499074
2.27298,2.27528,59.30257,4620.25535,0.64072,45.18885,5.204226345192073,1.938711245020289,42.999999266499074
2.31646,2.31913,59.37773,4617.2078,0.60238,45.25667,5.142707206484029,1.915793747185585,42.999999266499074
2.35986,2.363,59.44816,4614.20324,0.56312,45.32382,5.085393440130079,1.8944428612027877,42.999999266499074
2.40318,2.4069,59.51375,4611.23956,0.52301,45.39036,5.032226164336807,1.8746366520545752,42.999999266499074
2.44642,2.45083,59.5744,4608.31467,0.48211,45.45634,4.983148800808314,1.856354042837061,42.999999266499074
2.48958,2.49477,59.63005,4605.42649,0.44047,45.52182,4.938107461877449,1.8395749589763617,42.999999266499074
2.53266,2.53874,59.68059,4602.57296,0.39815,45.58683,4.897051290823269,1.8242804550058052,42.999999266499074
2.57567,2.58273,59.72597,4599.75204,0.35519,45.65144,4.859932759455617,1.810452825424016,42.999999266499074
2.6186,2.62675,59.76612,4596.96168,0.31166,45.71568,4.826707926759969,1.7980757010469257,42.999999266499074
2.66146,2.67078,59.80097,4594.19986,0.2676,45.77961,4.797336662065692,1.787134132143823,42.999999266499074
2.70424,2.71484,59.83047,4591.46456,0.22308,45.84328,4.771782835868929,1.777614659523896,42.999999266499074
2.74695,2.75893,59.85458,4588.75377,0.17813,45.90673,4.750014481122968,1.769505374621141,42.999999266499074
2.78959,2.80303,59.87326,4586.06548,0.13282,45.97002,4.732003927458191,1.7627959694948243,42.999999266499074
2.83215,2.84716,59.88647,4583.39768,0.0872,46.03318,4.717727910488378,1.7574777775489558,42.999999266499074
2.87464,2.89132,59.89418,4580.74837,0.04131,46.09627,4.707167658006707,1.7535438056425683,42.999999266499074
2.91705,2.93549,59.89637,4578.11553,-0.00479,46.15933,4.700308954570532,1.7509887581492443,42.999999266499074
2.95939,2.97969,59.89302,4575.49715,-0.05105,46.22242,4.697142185657782,1.74980905340654,42.999999266499074
3.00166,3.02391,59.88414,4572.89119,-0.09743,46.28557,4.697662362228601,1.75000283286584,42.999999266499074
3.04386,3.06815,59.8697,4570.29563,-0.14386,46.34883,4.701869126265886,1.7515699631563515,42.999999266499074
3.08598,3.11242,59.84971,4567.70839,-0.1903,46.41226,4.709766737500952,1.7545120311400713,42.999999266499074
3.12803,3.15671,59.82419,4565.12743,-0.2367,46.4759,4.721364041274738,1.758832331939234,42.999999266499074
3.17001,3.20103,59.79314,4562.55065,-0.283,46.53979,4.736674417131493,1.7645358497861081,42.999999266499074
3.21192,3.24537,59.75659,4559.97594,-0.32917,46.60399,4.755715707488338,1.7716292314505349,42.999999266499074
3.25375,3.28973,59.71456,4557.40117,-0.37513,46.66854,4.778510125366305,1.7801207518673081,42.999999266499074
3.29551,3.33412,59.66708,4554.82417,-0.42085,46.73349,4.805084139914671,1.7900202714909783,42.999999266499074
3.33719,3.37853,59.61421,4552.24277,-0.46626,46.7989,4.835468338125148,1.8013391847807505,42.999999266499074
3.3788,3.42296,59.55597,4549.65473,-0.51133,46.86481,4.869697260848079,1.8140903591122017,42.999999266499074
3.42034,3.46742,59.49242,4547.0578,-0.55598,46.93126,4.907809210932539,1.828288063304422,42.999999266499074
3.4618,3.51191,59.42362,4544.4497,-0.60018,46.99832,4.949846030992474,1.8439478848320505,42.999999266499074
3.50318,3.55642,59.34963,4541.82809,-0.64385,47.06604,4.995852848041733,1.8610866346951096,42.999999266499074
3.54449,3.60095,59.27053,4539.19061,-0.68696,47.13446,5.045877781956128,1.8797222388134498,42.999999266499074
3.58572,3.64552,59.18639,4536.53484,-0.72944,47.20364,5.099971614446979,1.899873614710684,42.999999266499074
3.62687,3.6901,59.0973,4533.85834,-0.77124,47.27364,5.158187414981635,1.9215605321597424,42.999999266499074
3.66794,3.73472,59.00334,4531.15861,-0.8123,47.3445,5.220580119887095,1.944803456387894,42.999999266499074
3.70893,3.77936,58.90462,4528.4331,-0.85255,47.41629,5.287206060636356,1.9696233723509995,42.999999266499074
3.74985,3.82403,58.80124,4525.67922,-0.89195,47.48905,5.358122437202139,1.9960415885439198,42.999999266499074
3.79068,3.86872,58.69331,4522.89434,-0.93043,47.56286,5.433386732222859,2.024079518761924,42.999999266499074
3.83142,3.91345,58.58095,4520.07577,-0.96793,47.63776,5.513056061689302,2.053758440214392,42.999999266499074
3.87209,3.9582,58.46428,4517.22079,-1.00439,47.71382,5.597186457875622,2.0850992263977433,42.999999266499074
3.91267,4.00298,58.34345,4514.3266,-1.03975,47.79109,5.685832080338367,2.1181220531718172,42.999999266499074
3.95316,4.04779,58.21858,4511.3904,-1.07394,47.86964,5.7790443510179825,2.1528460765624207,42.999999266499074
3.99356,4.09263,58.08983,4508.40931,-1.1069,47.94953,5.876871009787891,2.189289080928516,42.999999266499074
4.03388,4.13749,57.95735,4505.38043,-1.13857,48.03081,5.979355087259915,2.2274670963052112,42.999999266499074
4.0741,4.18239,57.82131,4502.3008,-1.16888,48.11357,6.086533792243101,2.2673939839528976,42.999999266499074
4.11423,4.22732,57.68188,4499.16745,-1.19776,48.19785,6.198437312059844,2.3090809894434448,42.999999266499074
4.15427,4.27228,57.53923,4495.97736,-1.22515,48.28372,6.315087524873563,2.352536262968375,42.999999266499074
4.19421,4.31727,57.39355,4492.72749,-1.25098,48.37125,6.436496624360426,2.397764346992895,42.999999266499074
4.23405,4.36229,57.24504,4489.41478,-1.27519,48.46051,6.562665658504708,2.4447656319187216,42.999999266499074
4.27379,4.40735,57.09389,4486.03616,-1.2977,48.55155,6.693582985901848,2.4935357810163525,42.999999266499074
4.31343,4.45243,56.94032,4482.58853,-1.31845,48.64445,6.829222654933046,2.5440651266249574,42.999999266499074
4.35297,4.49755,56.78454,4479.06883,-1.33738,48.73927,6.9695427132830226,2.5963380404032605,42.999999266499074
4.3924,4.54271,56.62678,4475.47398,-1.35442,48.83607,7.114483457786077,2.6503322813511563,42.999999266499074
4.43172,4.5879,56.46726,4471.80094,-1.36949,48.93492,7.263965637251462,2.7060183263148647,42.999999266499074
4.47094,4.63312,56.30623,4468.0467,-1.38255,49.03588,7.417888623883776,2.763358688792923,42.999999266499074
4.51004,4.67837,56.14393,4464.20829,-1.39353,49.13902,7.57612857208281,2.8223072330406795,42.999999266499074
4.54902,4.72367,55.98062,4460.2828,-1.40236,49.2444,7.738536586765549,2.882808491722046,42.999999266499074
4.58789,4.76899,55.81655,4456.2674,-1.40899,49.35206,7.904936926788791,2.944796996637151,42.999999266499074
4.62663,4.81436,55.65198,4452.15937,-1.41336,49.46209,8.075125272615969,3.008196633382654,42.999999266499074
4.66526,4.85976,55.4872,4447.95606,-1.41542,49.57451,8.248867090801479,3.0729200320791197,42.999999266499074
4.70376,4.9052,55.32247,4443.65497,-1.41512,49.6894,8.42589613124169,3.138868007557484,42.999999266499074
4.74213,4.95067,55.15807,4439.25375,-1.4124,49.80679,8.605913096187502,3.205929063531211,42.999999266499074
4.78036,4.99618,54.9943,4434.7502,-1.40724,49.92673,8.788584522647623,3.2739789762621045,42.999999266499074
4.81847,5.04173,54.83144,4430.14232,-1.39958,50.04926,8.973541921938228,3.3428804740199176,42.999999266499074
4.85643,5.08732,54.66978,4425.42831,-1.38941,50.17441,9.160381221454372,3.4124830291275194,42.999999266499074
4.89426,5.13295,54.50962,4420.6066,-1.37668,50.30223,9.348662554186854,3.4826227795503835,42.999999266499074
4.93195,5.17862,54.35126,4415.67586,-1.36139,50.43272,9.537910440906971,3.5531225967652085,42.999999266499074
4.96948,5.22432,54.19499,4410.63504,-1.34352,50.5659,9.727614408037823,3.6237923159332297,42.999999266499074
5.00687,5.27007,54.04111,4405.48339,-1.32306,50.7018,9.917230080975834,3.6944291431912575,42.999999266499074
5.04411,5.31585,53.88992,4400.22047,-1.30002,50.84041,10.106180787917898,3.764818253119487,42.999999266499074
5.08119,5.36168,53.74172,4394.84615,-1.27439,50.98172,10.293859702801521,3.8347335870430843,42.999999266499074
5.11811,5.40755,53.59679,4389.36067,-1.24622,51.12574,10.479632548109741,3.903938859898135,42.999999266499074
5.15488,5.45345,53.45542,4383.76464,-1.21551,51.27243,10.662840868648331,3.97218877979979,42.999999266499074
5.19147,5.4994,53.3179,4378.05905,-1.1823,51.42176,10.842805876404414,4.039230480353267,42.999999266499074
5.22791,5.54538,53.18451,4372.24527,-1.14665,51.57371,11.018832854190881,4.104805161127259,42.999999266499074
5.26417,5.59141,53.05551,4366.32509,-1.10861,51.72822,11.19021609235156,4.1686499267065,42.999999266499074
5.30025,5.63747,52.93116,4360.3007,-1.06825,51.88523,11.356244318583336,4.230499809443381,42.999999266499074
5.33617,5.68358,52.81171,4354.17473,-1.02565,52.04468,11.516206566394041,4.290089955612915,42.999999266499074
5.3719,5.72972,52.69742,4347.95019,-0.98089,52.20649,11.669398413315108,4.3471579493110895,42.999999266499074
5.40745,5.77591,52.58849,4341.63052,-0.93406,52.37057,11.81512850612792,4.401446243273373,42.999999266499074
5.44282,5.82213,52.48516,4335.21959,-0.88529,52.53683,11.952725277836663,4.452704661123834,42.999999266499074
5.478,5.86839,52.38761,4328.72163,-0.83468,52.70517,12.08154375015663,4.500692931481018,42.999999266499074
5.513,5.91469,52.29604,4322.14128,-0.78237,52.87546,12.200972306693794,4.545183211145554,42.999999266499074
5.5478,5.96103,52.21062,4315.48352,-0.72849,53.04759,12.310439316065537,4.585962552386889,42.999999266499074
5.58242,6.00741,52.13149,4308.7537,-0.67318,53.22142,12.409419481504466,4.6228352683377825,42.999999266499074
5.61683,6.05382,52.05879,4301.95746,-0.6166,53.39683,12.497439794006649,4.655625150698651,42.999999266499074
5.65106,6.10027,51.99263,4295.10075,-0.55891,53.57365,12.574084970501799,4.684177495599058,42.999999266499074
5.68508,6.14675,51.93312,4288.18976,-0.50027,53.75174,12.639002266229674,4.708360896334542,42.999999266499074
5.71891,6.19327,51.88033,4281.23091,-0.44086,53.93095,12.691905561895005,4.728068765939362,42.999999266499074
5.75254,6.23982,51.83432,4274.2308,-0.38084,54.11111,12.732578640660979,4.743220557952797,42.999999266499074
5.78596,6.28641,51.79511,4267.19618,-0.32041,54.29206,12.760877587342573,4.753762660181789,42.999999266499074
5.81919,6.33303,51.76273,4260.13391,-0.25973,54.47362,12.776732261530364,4.759668943478326,42.999999266499074
5.85221,6.37968,51.73717,4253.05089,-0.199,54.65565,12.780146817421368,4.760940955390097,42.999999266499074
5.88503,6.42635,51.7184,4245.95408,-0.13839,54.83795,12.771199264905407,4.757607756653627,42.999999266499074
5.91765,6.47306,51.70638,4238.85039,-0.07809,55.02037,12.750040088171025,4.749725406588623,42.999999266499074
5.95007,6.5198,51.70104,4231.74669,-0.01828,55.20274,12.716889959283705,4.73737611134571,42.999999266499074
5.98228,6.56657,51.7023,4224.64976,0.04086,55.38489,12.672036603710202,4.720667056231769,42.999999266499074
6.01429,6.61336,51.71004,4217.56622,0.09917,55.56667,12.615830892311141,4.6997289498743475,42.999999266499074
6.0461,6.66018,51.72415,4210.50254,0.15647,55.74791,12.54868224923153,4.67471431354006,42.999999266499074
6.07771,6.70702,51.74449,4203.46498,0.2126,55.92846,12.471053476989873,4.645795553344118,42.999999266499074
6.10913,6.75389,51.77089,4196.45958,0.2674,56.10818,12.383455108554658,4.61316285625021,42.999999266499074
6.14034,6.80078,51.80318,4189.49211,0.32073,56.28693,12.28643940144979,4.577021952716765,42.999999266499074
6.17135,6.84769,51.84118,4182.56806,0.37244,56.46457,12.180594090611393,4.5375917894717235,42.999999266499074
6.20218,6.89462,51.88468,4175.69262,0.42241,56.64098,12.066536015249074,4.495102155350682,42.999999266499074
6.2328,6.94157,51.93346,4168.87065,0.47051,56.81604,11.944904730565666,4.449791301494404,42.999999266499074
6.26324,6.98854,51.9873,4162.1067,0.51662,56.98965,11.816356208118682,4.401903594567716,42.999999266499074
6.29348,7.03553,52.04596,4155.40496,0.56064,57.1617,11.681556719471894,4.351687238258781,42.999999266499074
6.32354,7.08254,52.1092,4148.76928,0.60248,57.3321,11.541176986852397,4.299392094244957,42.999999266499074
6.35341,7.12956,52.17675,4142.20315,0.64205,57.50077,11.395886672565696,4.245267629354918,42.999999266499074
6.38309,7.1766,52.24836,4135.70972,0.67927,57.66764,11.246349266104245,4.1895610108820645,42.999999266499074
6.41259,7.22365,52.32375,4129.29178,0.71408,57.83264,11.093217414889496,4.132515367163075,42.999999266499074
6.44192,7.27071,52.40265,4122.95177,0.74643,57.99572,10.93712873183071,4.074368225783252,42.999999266499074
6.47106,7.31779,52.48479,4116.6918,0.77627,58.15683,10.778702100508921,4.0153501371603415,42.999999266499074
6.50003,7.36489,52.56988,4110.51366,0.80355,58.31593,10.618534487407713,3.9556834870166093,42.999999266499074
6.52883,7.41199,52.65763,4104.41879,0.82826,58.47299,10.457198260171644,3.8955814973595535,42.999999266499074
6.55745,7.4591,52.74778,4098.40837,0.85038,58.628,10.295239001716823,3.835247412180573,42.999999266499074
6.58591,7.50623,52.84002,4092.48324,0.86988,58.78093,10.133173802138698,3.7748738611456845,42.999999266499074
6.61421,7.55336,52.93408,4086.644,0.88678,58.93178,9.971490003902725,3.7146423921460197,42.999999266499074
6.64234,7.60051,53.02967,4080.89095,0.90107,59.08055,9.810644370642827,3.6547231616533913,42.999999266499074
6.67031,7.64766,53.12651,4075.22417,0.91276,59.22724,9.651062646064162,3.5952747703999606,42.999999266499074
6.69812,7.69482,53.22433,4069.64349,0.92187,59.37187,9.493139466838702,3.5364442309295536,42.999999266499074
6.72578,7.74199,53.32285,4064.14854,0.92843,59.51445,9.337238591877412,3.478367053007578,42.999999266499074
6.75328,7.78916,53.4218,4058.73872,0.93246,59.65502,9.183693409835001,3.421167432679895,42.999999266499074
6.78063,7.83634,53.52091,4053.41328,0.934,59.79359,9.032807687035984,3.3649585308949606,42.999999266499074
6.80783,7.88353,53.61993,4048.17128,0.93309,59.93019,8.884856519083781,3.30984282800325,42.999999266499074
6.83489,7.93073,53.7186,4043.01161,0.92977,60.06488,8.740087450957073,3.2559125410226213,42.999999266499074
6.86181,7.97793,53.81667,4037.93304,0.92409,60.19768,8.598721732538682,3.2032500913558604,42.999999266499074
6.88858,8.02513,53.91389,4032.9342,0.9161,60.32863,8.460955678866627,3.15192861151999,42.999999266499074
6.91521,8.07234,54.01003,4028.01362,0.90585,60.45779,8.326962107017216,3.102012480423025,42.999999266499074
6.9417,8.11956,54.10485,4023.16969,0.8934,60.58521,8.196891824232157,3.0535578777304786,42.999999266499074
6.96806,8.16678,54.19814,4018.40074,0.87881,60.71093,8.070875144744667,3.0066133489229987,42.999999266499074
6.99429,8.214,54.28968,4013.70501,0.86214,60.83502,7.949023415403704,2.9612203736315346,42.999999266499074
7.02038,8.26123,54.37925,4009.08066,0.84345,60.95751,7.831430532941363,2.9174139308593614,42.999999266499074
7.04635,8.30846,54.46666,4004.52578,0.82282,61.07848,7.718174438238434,2.8752230556353235,42.999999266499074
7.07219,8.3557,54.55171,4000.03842,0.8003,61.19799,7.609318575321986,2.8346713825288155,42.999999266499074
7.0979,8.40294,54.63421,3995.61658,0.77596,61.31608,7.50491330503018,2.7957776722771266,42.999999266499074
7.12348,8.45018,54.71398,3991.2582,0.74987,61.43282,7.4049972653141705,2.758556318533687,42.999999266499074
7.14895,8.49743,54.79086,3986.9612,0.72211,61.54828,7.309598671936662,2.723017832412506,42.999999266499074
7.17429,8.54468,54.86467,3982.72347,0.69273,61.66251,7.218736554937426,2.689169303104109,42.999999266499074
7.19951,8.59193,54.93526,3978.54286,0.66181,61.77558,7.132421927681428,2.6570148333767234,42.999999266499074
7.22462,8.63919,55.00248,3974.41722,0.62943,61.88755,7.0506588864696775,2.626555949210257,42.999999266499074
7.2496,8.68644,55.0662,3970.34436,0.59564,61.99849,6.973445639800127,2.5977919832230594,42.999999266499074
7.27448,8.7337,55.12626,3966.32208,0.56053,62.10845,6.900775467203969,2.570720431863674,42.999999266499074
7.29923,8.78097,55.18256,3962.34819,0.52416,62.2175,6.832637608297582,2.545337286606077,42.999999266499074
7.32387,8.82823,55.23497,3958.42044,0.4866,62.32571,6.7690180833058164,2.5216373396161984,42.999999266499074
7.34841,8.8755,55.28338,3954.53662,0.44793,62.43314,6.709900446708242,2.4996144645049676,42.999999266499074
7.37282,8.92277,55.32769,3950.69449,0.40822,62.53985,6.655266476048778,2.479261872928035,42.999999266499074
7.39713,8.97005,55.36779,3946.89179,0.36753,62.64591,6.605096798147505,2.4605723478661385,42.999999266499074
7.42133,9.01732,55.40361,3943.12629,0.32594,62.75138,6.5593714551004085,2.443538454474912,42.999999266499074
7.44542,9.0646,55.43506,3939.39572,0.28351,62.85633,6.518070412547327,2.428152729428058,42.999999266499074
7.4694,9.11188,55.46207,3935.69781,0.24032,62.96081,6.481174012664206,2.4144078496688874,42.999999266499074
7.49327,9.15916,55.48456,3932.0303,0.19644,63.0649,6.448663374272261,2.4022967814615104,42.999999266499074
7.51704,9.20645,55.50249,3928.39089,0.15194,63.16865,6.42052074238134,2.3918129106049313,42.999999266499074
7.5407,9.25373,55.5158,3924.77732,0.10688,63.27214,6.396729789337712,2.382950154618532,42.999999266499074
7.56425,9.30102,55.52444,3921.18727,0.06134,63.37542,6.377275869524844,2.3757030576248024,42.999999266499074
7.5877,9.34831,55.52838,3917.61845,0.01538,63.47855,6.362146229430846,2.3700668686049986,42.999999266499074
7.61104,9.39561,55.52759,3914.06853,-0.03093,63.58161,6.351330174612982,2.3660376035978143,42.999999266499074
7.63428,9.4429,55.52203,3910.53519,-0.07751,63.68465,6.344819194880635,2.363612092333328,42.999999266499074
7.65741,9.4902,55.51171,3907.01608,-0.1243,63.78774,6.342607048772879,2.3627880097031215,42.999999266499074
7.68044,9.5375,55.49661,3903.50885,-0.17122,63.89095,6.344689808107073,2.3635638923558053,42.999999266499074
7.70336,9.5848,55.47672,3900.01112,-0.21822,63.99433,6.35106586317391,2.3659391406323076,42.999999266499074
7.72621,9.63208,55.45397,3896.51608,-0.22759,64.00238,6.360003785013271,2.3692687516883466,0.0
7.74904,9.67933,55.43029,3893.01816,-0.23686,64.01045,6.3697688249651545,2.3729064860040876,0.0
7.77184,9.72654,55.40569,3889.51689,-0.24602,64.01854,6.38035130240449,2.3768487372919798,0.0
7.79461,9.77372,55.38019,3886.01179,-0.25506,64.02665,6.391741021263202,2.3810917072483893,0.0
7.81736,9.82085,55.3538,3882.50235,-0.26394,64.03478,6.403926371112783,2.3856310706832087,0.0
7.84008,9.86796,55.32654,3878.98812,-0.27266,64.04293,6.416894324310297,2.3904619744566658,0.0
7.86277,9.91502,55.29843,3875.4686,-0.2812,64.0511,6.430630433812896,2.395579036665177,0.0
7.88544,9.96205,55.26948,3871.94334,-0.28954,64.05928,6.445118831856181,2.400976346148996,0.0
7.90807,10.00904,55.23973,3868.41185,-0.29766,64.06749,6.4603422297360895,2.4066474624109673,0.0
7.93068,10.05599,55.2092,3864.87367,-0.30555,64.07571,6.476281918943115,2.4125854160390485,0.0
7.95327,10.10291,55.17791,3861.32836,-0.31319,64.08396,6.492917773895861,2.4187827097246335,0.0
7.97582,10.14979,55.14589,3857.77546,-0.32057,64.09222,6.510228256555521,2.4252313199815676,0.0
7.99835,10.19663,55.11317,3854.21453,-0.32767,64.1005,6.528190423201618,2.431922699670287,0.0
8.02085,10.24344,55.07978,3850.64515,-0.33447,64.1088,6.546779933636857,2.43884778142687,0.0
8.04333,10.29021,55.04574,3847.06689,-0.34097,64.11712,6.56597106315382,2.4459969821209464,0.0
8.06577,10.33694,55.01111,3843.47935,-0.34714,64.12546,6.585736717515458,2.4533602084363224,0.0
8.08819,10.38363,54.9759,3839.88213,-0.35298,64.13381,6.606048451276958,2.4609268636963617,0.0
8.11058,10.43029,54.94015,3836.27485,-0.35848,64.14218,6.626876489735437,2.468685856040819,0.0
8.13295,10.4769,54.9039,3832.65714,-0.36361,64.15057,6.648189754796589,2.4766256080618514,0.0
8.15528,10.52348,54.86719,3829.02864,-0.36838,64.15898,6.669955895033619,2.4847340680017624,0.0
8.17759,10.57003,54.83006,3825.38901,-0.37277,64.16741,6.692141320227342,2.4929987226200927,0.0
8.19987,10.61653,54.79254,3821.73795,-0.37677,64.17585,6.714711240624803,2.5014066118184926,0.0
8.22212,10.66299,54.75468,3818.07513,-0.38037,64.18432,6.73762971116141,2.5099443451146315,0.0
8.24434,10.70942,54.71652,3814.40028,-0.38356,64.1928,6.7608596808628825,2.5185981200457177,0.0
8.26654,10.75581,54.67809,3810.71312,-0.38635,64.20129,6.784363047616424,2.52735374257221,0.0
8.28871,10.80216,54.63944,3807.01342,-0.38871,64.20981,6.808100718462246,2.536196649537988,0.0
8.31085,10.84847,54.60062,3803.30094,-0.39065,64.21834,6.832032675558133,2.545111933243894,0.0
8.33296,10.89474,54.56166,3799.57548,-0.39217,64.22689,6.856118047874415,2.5540843681559955,0.0
8.35504,10.94097,54.52262,3795.83686,-0.39325,64.23545,6.880315188700507,2.563098439778807,0.0
8.37709,10.98717,54.48352,3792.08492,-0.39389,64.24403,6.904581758961648,2.572138375692972,0.0
8.39912,11.03332,54.44442,3788.31952,-0.39411,64.25263,6.928874816297289,2.5811881787393065,0.0
8.42112,11.07943,54.40536,3784.54054,-0.39388,64.26125,6.953150909843857,2.590231662327866,0.0
8.44308,11.12551,54.36639,3780.7479,-0.39322,64.26988,6.9773661805527665,2.599252487809054,0.0
8.46502,11.17154,54.32754,3776.94154,-0.39212,64.27852,7.001476466881732,2.6082342038464055,0.0
8.48693,11.21754,54.28886,3773.12141,-0.39059,64.28719,7.0254374155978105,2.617160287693649,0.0
8.50882,11.26349,54.25039,3769.28751,-0.38863,64.29587,7.04920459741083,2.626014188271188,0.0
8.53067,11.3094,54.21217,3765.43984,-0.38624,64.30456,7.072733627070777,2.6347793709055485,0.0
8.55249,11.35527,54.17425,3761.57844,-0.38343,64.31327,7.095980287522232,2.643439363580163,0.0
8.57428,11.40111,54.13667,3757.70339,-0.38022,64.322,7.118900657659854,2.6519778045276614,0.0
8.59605,11.4469,54.09946,3753.81476,-0.37659,64.33074,7.141451243164146,2.660378490969624,0.0
8.61778,11.49265,54.06266,3749.91268,-0.37257,64.3395,7.163589109855731,2.6686254287945688,0.0
8.63949,11.53835,54.02632,3745.99729,-0.36816,64.34827,7.185272018946978,2.676702882942733,0.0
8.66117,11.58402,53.99046,3742.06876,-0.36337,64.35706,7.206458563544927,2.684595428257006,0.0
8.68281,11.62964,53.95513,3738.12728,-0.35821,64.36586,7.227108305706304,2.692288000539536,0.0
8.70443,11.67523,53.92036,3734.17308,-0.3527,64.37468,7.247181913310864,2.6997659475406373,0.0
8.72602,11.72077,53.88618,3730.20639,-0.34685,64.38351,7.2666412959942,2.7070150795973533,0.0
8.74758,11.76626,53.85263,3726.22749,-0.34067,64.39236,7.285449739375896,2.7140217196369645,0.0
8.7691,11.81172,53.81973,3722.23667,-0.33418,64.40122,7.303572036760046,2.720772752238902,0.0
8.7906,11.85713,53.78751,3718.23424,-0.3274,64.4101,7.320974617534698,2.7272556714669176,0.0
8.81207,11.9025,53.756,3714.22055,-0.32033,64.41899,7.337625671433722,2.7334586271598997,0.0
8.83351,11.94783,53.72522,3710.19595,-0.313,64.42789,7.3534952679082055,2.7393704694008583,0.0
8.85492,11.99312,53.6952,3706.16082,-0.30543,64.43681,7.3685554697766,2.7449807908545947,0.0
8.87629,12.03836,53.66596,3702.11557,-0.29763,64.44574,7.382780440440149,2.7502799667082702,0.0
8.89764,12.08356,53.63751,3698.06061,-0.28962,64.45469,7.39614654390354,2.7552591919317315,0.0
8.91896,12.12871,53.60988,3693.99638,-0.28143,64.46365,7.408632436948107,2.7599105156144508,0.0
8.94025,12.17382,53.58308,3689.92334,-0.27307,64.47262,7.420219152790161,2.764226872130458,0.0
8.9615,12.21889,53.55713,3685.84193,-0.26456,64.48161,7.430890175650944,2.7682021089176088,0.0
8.98273,12.26392,53.53203,3681.75267,-0.25593,64.49061,7.440631505720862,2.771831010678473,0.0
9.00392,12.3089,53.50779,3677.65602,-0.2472,64.49962,7.449431714045545,2.775109319826834,0.0
9.02509,12.35383,53.48443,3673.5525,-0.23839,64.50865,7.45728198695738,2.7780337530396038,0.0
9.04622,12.39873,53.46194,3669.44263,-0.22952,64.51769,7.464176159740193,2.780602013797805,0.0
9.06733,12.44357,53.44033,3665.32693,-0.22061,64.52675,7.470110739297223,2.7828128008309836,0.0
9.0884,12.48838,53.4196,3661.20593,-0.21169,64.53581,7.475084915668956,2.784665812407913,0.0
9.10944,12.53314,53.39975,3657.08016,-0.20277,64.54489,7.479100562340949,2.786161746451252,0.0
9.13045,12.57785,53.38077,3652.95016,-0.19389,64.55398,7.482162225362308,2.787302296483911,0.0
9.15144,12.62253,53.36267,3648.81648,-0.18506,64.56309,7.484277101362342,2.78809014343966,0.0
9.17239,12.66715,53.34542,3644.67965,-0.17631,64.57221,7.485455004683261,2.7885289434192044,0.0
9.19331,12.71173,53.32902,3640.54023,-0.16765,64.58134,7.48570832383985,2.7886233114702614,0.0
9.2142,12.75627,53.31345,3636.39874,-0.15912,64.59048,7.485051967709336,2.7883788015418762,0.0
9.23505,12.80077,53.29871,3632.25573,-0.15072,64.59964,7.483503301814772,2.7878018827482993,0.0
9.25588,12.84521,53.28478,3628.11173,-0.14249,64.60881,7.481082075208461,2.786899912131142,0.0
9.27668,12.88962,53.27164,3623.96727,-0.13444,64.61799,7.477810338478539,2.785681104114672,0.0
9.29744,12.93398,53.25927,3619.82285,-0.12659,64.62718,7.473712353491446,2.784154496882505,0.0
9.31818,12.97829,53.24764,3615.67899,-0.11896,64.63639,7.468814495502565,2.782329915911248,0.0
9.33888,13.02256,53.23674,3611.53618,-0.11158,64.64561,7.4631451483160145,2.7802179349147553,0.0
9.35956,13.06679,53.22653,3607.39492,-0.10445,64.65484,7.4567345932269085,2.777829834472208,0.0
9.3802,13.11097,53.217,3603.25568,-0.09761,64.66408,7.449614892467872,2.775177558608865,0.0
9.40081,13.1551,53.20811,3599.1189,-0.09105,64.67334,7.441819767929536,2.7722736696162644,0.0
9.4214,13.1992,53.19983,3594.98505,-0.08481,64.6826,7.4333844759332965,2.7691313014017758,0.0
9.44192,13.24326,53.19141,3590.85634,-0.09425,64.76417,7.425107203577822,2.766047799661218,23.999999590604137
9.46236,13.2873,53.1821,3586.73442,-0.10398,64.84575,7.417777063030283,2.763317129439655,23.999999590604137
9.48271,13.33132,53.17187,3582.61882,-0.114,64.92738,7.411415696232967,2.76094735293002,23.999999590604137
9.50298,13.37533,53.16071,3578.50907,-0.12427,65.00904,7.406042608263086,2.758945736286787,23.999999590604137
9.52316,13.41931,53.14858,3574.40466,-0.13477,65.09076,7.401675393378072,2.75731883383378,23.999999590604137
9.54326,13.46328,53.13548,3570.3051,-0.14549,65.17254,7.398329737741973,2.756072489079835,23.999999590604137
9.56327,13.50723,53.12138,3566.20985,-0.1564,65.25439,7.396019422470507,2.7552118358531605,23.999999590604137
9.5832,13.55116,53.10627,3562.11838,-0.16748,65.33633,7.394756326756237,2.7547412994655462,23.999999590604137
9.60305,13.59507,53.09014,3558.03014,-0.17871,65.41836,7.394550430859456,2.7546645978265487,23.999999590604137
9.6228,13.63896,53.07297,3553.94458,-0.19006,65.50049,7.395409818790517,2.7549847424427263,23.999999590604137
9.64248,13.68283,53.05477,3549.86111,-0.2015,65.58274,7.3973406805506645,2.7557040392524113,23.999999590604137
9.66207,13.72669,53.03552,3545.77918,-0.21302,65.66511,7.4003473137964075,2.7568240892457325,23.999999590604137
9.68157,13.77052,53.01522,3541.69818,-0.2246,65.74762,7.404432124894415,2.758345788857588,23.999999590604137
9.70099,13.81434,52.99387,3537.61753,-0.2362,65.83028,7.409595629289443,2.7602693301047148,23.999999590604137
9.72033,13.85813,52.97147,3533.53662,-0.2478,65.91309,7.415836451196245,2.7625942004709048,23.999999590604137
9.73958,13.90191,52.94802,3529.45486,-0.25938,65.99607,7.423151322654583,2.7653191825549874,23.999999590604137
9.75875,13.94566,52.92354,3525.37164,-0.27092,66.07923,7.4315350819885015,2.7684423534968565,23.999999590604137
9.77783,13.9894,52.89802,3521.28635,-0.28239,66.16258,7.440980671800037,2.7719610842300777,23.999999590604137
9.79682,14.03312,52.87147,3517.19837,-0.29377,66.24613,7.451479136590218,2.7758720385956543,23.999999590604137
9.81574,14.07681,52.84392,3513.10711,-0.30504,66.32989,7.463019620214012,2.780171172393916,23.999999590604137
9.83456,14.12049,52.81537,3509.01193,-0.31616,66.41388,7.4755893633259305,2.7848537324329516,23.999999590604137
9.8533,14.16414,52.78584,3504.91224,-0.32713,66.49809,7.489173701083309,2.789914255673013,23.999999590604137
9.87196,14.20778,52.75534,3500.80744,-0.3379,66.58255,7.503756061326551,2.7953465685486103,23.999999590604137
9.89053,14.25139,52.72391,3496.69691,-0.34848,66.66727,7.519317963556028,2.801143786587382,23.999999590604137
9.90902,14.29499,52.69155,3492.58006,-0.35882,66.75224,7.535839018998265,2.807298314434745,23.999999590604137
9.92742,14.33856,52.6583,3488.4563,-0.36891,66.8375,7.553296932108297,2.813801846413571,23.999999590604137
9.94573,14.38211,52.62418,3484.32505,-0.37873,66.92303,7.571667503863689,2.8206453677512884,23.999999590604137
9.96396,14.42564,52.58921,3480.18573,-0.38826,67.00886,7.59092463724159,2.8278191566202295,23.999999590604137
9.98211,14.46915,52.55344,3476.03778,-0.39747,67.095,7.611040345265415,2.8353127871352375,23.999999590604137
10.00017,14.51264,52.51688,3471.88065,-0.40635,67.18144,7.631984762049842,2.8431151334682077,23.999999590604137
10.01814,14.5561,52.47958,3467.71379,-0.41488,67.26821,7.653726157261705,2.851214375235163,23.999999590604137
10.03602,14.59955,52.44156,3463.53668,-0.42304,67.3553,7.676230954429543,2.859598004317033,23.999999590604137
10.05382,14.64297,52.40287,3459.34881,-0.43081,67.44274,7.699463753551046,2.8682528332815287,23.999999590604137
10.07153,14.68636,52.36354,3455.14967,-0.43818,67.53052,7.723387358432862,2.877165005567933,23.999999590604137
10.08916,14.72974,52.32362,3450.9388,-0.44513,67.61865,7.747962809189808,2.8863200075939206,23.999999590604137
10.10669,14.77309,52.28313,3446.71572,-0.45164,67.70715,7.7731494203467975,2.8957026829495227,23.999999590604137
10.12414,14.81642,52.24212,3442.48,-0.45771,67.79602,7.798904824940411,2.905297248826124,23.999999590604137
10.1415,14.85973,52.20064,3438.23122,-0.46331,67.88526,7.825185025021819,2.915087314830128,23.999999590604137
10.15878,14.90301,52.15873,3433.96898,-0.46843,67.97488,7.851944448923577,2.9250559043163507,23.999999590604137
10.17596,14.94627,52.11643,3429.69289,-0.47307,68.06488,7.879136015642497,2.9351854783723272,23.999999590604137
10.19306,14.98951,52.07379,3425.40261,-0.47721,68.15528,7.906711206617147,2.945457962557325,23.999999590604137
10.21007,15.03272,52.03086,3421.09782,-0.48085,68.24608,7.934620145186826,2.9558547765028997,23.999999590604137
10.22699,15.0759,51.98768,3416.7782,-0.48398,68.33727,7.962811683925797,2.9663568664471933,23.999999590604137
10.24382,15.11907,51.94429,3412.4435,-0.48658,68.42888,7.991233500030404,2.9769447407691483,23.999999590604137
10.26057,15.1622,51.90075,3408.09345,-0.48866,68.52088,8.019832198845117,2.987598508554682,23.999999590604137
10.27722,15.20531,51.85711,3403.72784,-0.4902,68.6133,8.048553425580687,2.9982979212146383,23.999999590604137
10.29378,15.2484,51.81341,3399.34649,-0.49122,68.70614,8.077341985189422,3.009022417141483,23.999999590604137
10.31025,15.29146,51.7697,3394.94924,-0.49169,68.79939,8.106141970292379,3.0197511693655485,23.999999590604137
10.32664,15.33449,51.72602,3390.53596,-0.49164,68.89305,8.13489689698787,3.0304631361472745,23.999999590604137
10.34293,15.3775,51.68243,3386.10655,-0.49104,68.98713,8.163549848282313,3.0411371144089765,23.999999590604137
10.35913,15.42048,51.63898,3381.66096,-0.48991,69.08162,8.192043624805118,3.051751795880103,23.999999590604137
10.37524,15.46344,51.5957,3377.19916,-0.48826,69.17653,8.220320902371586,3.0622858257935635,23.999999590604137
10.39126,15.50636,51.55266,3372.72114,-0.48607,69.27186,8.248324395914139,3.0727178639544235,23.999999590604137
10.40719,15.54926,51.50988,3368.22695,-0.48337,69.36759,8.27599702917194,3.0830266479537562,23.999999590604137
10.42302,15.59213,51.46743,3363.71665,-0.48015,69.46374,8.303282109462335,3.0931910582755977,23.999999590604137
10.43877,15.63498,51.42533,3359.19036,-0.47644,69.56029,8.330123506804613,3.103190185025265,23.999999590604137
10.45442,15.67779,51.38364,3354.64819,-0.47222,69.65725,8.356465836549676,3.1130033959637102,23.999999590604137
10.46998,15.72058,51.3424,3350.09034,-0.46753,69.7546,8.382254644612885,3.122610405511634,23.999999590604137
10.48544,15.76334,51.30165,3345.517,-0.46236,69.85235,8.40743659436734,3.1319913443721425,23.999999590604137
10.50082,15.80606,51.26142,3340.9284,-0.45674,69.95049,8.431959654151642,3.141126829382331,23.999999590604137
10.5161,15.84876,51.22176,3336.32482,-0.45068,70.04901,8.455773284332555,3.149998033199042,23.999999590604137
10.53129,15.89143,51.1827,3331.70656,-0.44419,70.1479,8.478828622793166,3.1585867533980836,23.999999590604137
10.54638,15.93407,51.14429,3327.07394,-0.4373,70.24717,8.50107866772474,3.16687548056901,23.999999590604137
10.56138,15.97668,51.10654,3322.42734,-0.43002,70.3468,8.52247845653552,3.174847464963357,23.999999590604137
10.57629,16.01925,51.06949,3317.76714,-0.42237,70.44678,8.542985239710513,3.182486781261981,23.999999590604137
10.5911,16.0618,51.03317,3313.09375,-0.41437,70.5471,8.562558648448215,3.1897783910241535,23.999999590604137
10.60582,16.10431,50.99762,3308.40764,-0.40605,70.64777,8.581160854930566,3.1967082023923394,23.999999590604137
10.62044,16.1468,50.96284,3303.70927,-0.39742,70.74876,8.59875672408723,3.2032631266283773,23.999999590604137
10.63497,16.18925,50.92888,3298.99913,-0.38851,70.85007,8.615313955763707,3.2094311310748496,23.999999590604137
10.64941,16.23167,50.89574,3294.27776,-0.37935,70.95168,8.630803216287703,3.2152012881670107,23.999999590604137
10.66375,16.27405,50.86345,3289.54568,-0.36995,71.05359,8.645198258437823,3.2205638201242843,23.999999590604137
10.67799,16.31641,50.83203,3284.80348,-0.36035,71.15579,8.658476028945062,3.2255101389973984,23.999999590604137
10.69215,16.35873,50.80148,3280.05171,-0.35058,71.25826,8.670616762705484,3.2300328817650867,23.999999590604137
10.7062,16.40101,50.77182,3275.291,-0.34065,71.36099,8.681604063022617,3.234125940226489,23.999999590604137
10.72016,16.44327,50.74306,3270.52194,-0.3306,71.46398,8.691424967264068,3.2377844854599718,23.999999590604137
10.73406,16.48547,50.71605,3265.74286,-0.3007,71.47419,8.699023533607935,3.2406151513533747,0.0
10.74794,16.52762,50.69164,3260.95288,-0.27074,71.4844,8.703354226376822,3.2422284483571713,0.0
10.76178,16.56972,50.66982,3256.15381,-0.24081,71.49461,8.70442863970428,3.2426286955911645,0.0
10.7756,16.61175,50.65058,3251.34748,-0.21101,71.50483,8.702272016039277,3.2418252965317675,0.0
10.78939,16.65373,50.63389,3246.53574,-0.1814,71.51504,8.696922144285091,3.239832328539735,0.0
10.80315,16.69565,50.61973,3241.72041,-0.15209,71.52525,8.688429048613342,3.236668426935213,0.0
10.81689,16.73751,50.60807,3236.90331,-0.12314,71.53546,8.676854592075392,3.232356637332545,0.0
10.83059,16.77932,50.59885,3232.08626,-0.09464,71.54567,8.662272000489072,3.2269242382755654,0.0
10.84427,16.82107,50.59203,3227.27103,-0.06668,71.55588,8.644765313094485,3.220402536592414,0.0
10.85792,16.86276,50.58756,3222.45939,-0.03933,71.5661,8.624428767239483,3.2128266381746995,0.0
10.87155,16.90439,50.58538,3217.65303,-0.01266,71.57631,8.601366125027623,3.2042351971361454,0.0
10.88514,16.94596,50.58541,3212.85364,0.01325,71.58652,8.575689950352157,3.194670146488718,0.0
10.89871,16.98748,50.58758,3208.06285,0.03834,71.59673,8.54752084513667,3.1841764136221853,0.0
10.91225,17.02894,50.59182,3203.28223,0.06252,71.60694,8.516986653719073,3.1728016239162016,0.0
10.92577,17.07034,50.59804,3198.51331,0.08575,71.61715,8.484221644432054,3.160595795857508,0.0
10.93925,17.11168,50.60615,3193.75753,0.10796,71.62737,8.449365677274919,3.147611030975783,0.0
10.95271,17.15297,50.61606,3189.0163,0.1291,71.63758,8.412563366322361,3.133901201818877,0.0
10.96614,17.1942,50.62767,3184.29093,0.14911,71.64779,8.373963245183617,3.1195216410643822,0.0
10.97955,17.23537,50.64089,3179.58268,0.16793,71.658,8.333716943290852,3.1045288346653934,0.0
10.99293,17.27649,50.6556,3174.89274,0.18554,71.66821,8.291978380263492,3.0889801217300135,0.0
11.00628,17.31755,50.67169,3170.22221,0.20188,71.67843,8.248902984920349,3.07293340358283,0.0
11.0196,17.35856,50.68907,3165.57211,0.21692,71.68864,8.204646944803047,3.056446864192638,0.0
11.0329,17.3995,50.70761,3160.9434,0.23062,71.69885,8.159366491322798,3.0395787038708106,0.0
11.04617,17.4404,50.7272,3156.33695,0.24296,71.70907,8.113217224869084,3.0223868878565225,0.0
11.05941,17.48123,50.74772,3151.75354,0.25392,71.71928,8.066353483442509,3.004928911115876,0.0
11.07263,17.52201,50.76906,3147.19389,0.26346,71.7295,8.018927757569767,2.9872615803823317,0.0
11.08582,17.56274,50.7911,3142.65863,0.27158,71.73972,7.971090153539108,2.9694408141977964,0.0
11.09899,17.60341,50.81371,3138.14831,0.27827,71.74993,7.922987906226008,2.951521461427368,0.0
11.11212,17.64403,50.83678,3133.6634,0.2835,71.76015,7.874764942158172,2.933557138489552,0.0
11.12524,17.6846,50.86019,3129.20429,0.28729,71.77037,7.826561492744652,2.915600085273929,0.0
11.13833,17.72511,50.88381,3124.77131,0.28963,71.7806,7.778513757114768,2.897701039539787,0.0
11.15139,17.76556,50.90754,3120.3647,0.29051,71.79082,7.730753613409949,2.879909129364731,0.0
11.16442,17.80597,50.93124,3115.98462,0.28996,71.80104,7.683408376974342,2.8622717830643247,0.0
11.17743,17.84632,50.9548,3111.63118,0.28797,71.81127,7.6366006034672775,2.844834655846299,0.0
11.19042,17.88662,50.97812,3107.3044,0.28457,71.8215,7.590447934576978,2.8276415723348594,0.0
11.20338,17.92687,51.00106,3103.00424,0.27976,71.83173,7.545062983798155,2.810734484019824,0.0
11.21632,17.96707,51.02353,3098.73059,0.27357,71.84196,7.500553259473901,2.79415344058771,0.0
11.22923,18.00721,51.04542,3094.48328,0.26602,71.8522,7.457021122166004,2.7779365740410507,0.0
11.24211,18.04731,51.0666,3090.26208,0.25714,71.86243,7.414563773318383,2.7621200944752307,0.0
11.25498,18.08735,51.08699,3086.0667,0.24696,71.87267,7.373273272133472,2.7467382963653804,0.0
11.26781,18.12734,51.10647,3081.89678,0.2355,71.88292,7.333236577532493,2.7318235741976813,0.0
11.28063,18.16729,51.12496,3077.75192,0.2228,71.89316,7.294535612133487,2.7174064463028675,0.0
11.29341,18.20718,51.14235,3073.63166,0.2089,71.90341,7.25724734520396,2.703515585758268,0.0
11.30618,18.24703,51.15855,3069.5355,0.19383,71.91366,7.221443891648943,2.690177857263465,0.0
11.31892,18.28682,51.17347,3065.46286,0.17764,71.92391,7.187192624214618,2.677418358939094,0.0
11.33164,18.32657,51.18703,3061.41315,0.16036,71.93417,7.154556296155788,2.665260468023708,0.0
11.34433,18.36627,51.19915,3057.38572,0.14204,71.94442,7.1235931718289445,2.653725889523126,0.0
11.357,18.40592,51.20974,3053.37987,0.12273,71.95469,7.09435716277011,2.6428347069030154,0.0
11.36964,18.44552,51.21875,3049.39487,0.10248,71.96495,7.066897966998265,2.63260543398308,0.0
11.38227,18.48508,51.22608,3045.42994,0.08133,71.97522,7.041261209434068,2.6230550672467285,0.0
11.39486,18.52459,51.23169,3041.48428,0.05933,71.98549,7.017488581512799,2.6141991378505702,0.0
11.40744,18.56405,51.23551,3037.55704,0.03655,71.99577,6.995617978198033,2.6060517626656137,0.0
11.41999,18.60346,51.23749,3033.64734,0.01301,72.00604,6.9756836307997725,2.598625693755515,0.0
11.43252,18.64283,51.23756,3029.75427,-0.0112,72.01633,6.957716234146482,2.5919323657515063,0.0
11.44503,18.68215,51.2357,3025.8769,-0.03605,72.02661,6.941743066803395,2.58598194063688,0.0
11.45751,18.72143,51.23184,3022.01425,-0.06148,72.0369,6.927788103212659,2.58078334952214,0.0
11.46997,18.76066,51.22596,3018.16532,-0.08742,72.04719,6.915872116736607,2.5763443310313368,0.0
11.48241,18.79984,51.21801,3014.32911,-0.11383,72.05749,6.90601277276112,2.5726714659855148,0.0
11.49483,18.83898,51.20798,3010.50456,-0.14064,72.06779,6.898224711122643,2.5697702081089484,0.0
11.50722,18.87807,51.19584,3006.69061,-0.16779,72.07809,6.892519617268621,2.5676449105382715,0.0
11.51959,18.91712,51.18156,3002.88617,-0.19523,72.0884,6.88890628167352,2.566298847956515,0.0
11.53194,18.95612,51.16514,2999.09013,-0.22289,72.09871,6.887390647165788,2.565734234223641,0.0
11.54426,18.99507,51.14656,2995.30137,-0.25072,72.10903,6.887975843909213,2.565952235408019,0.0
11.55657,19.03398,51.12582,2991.51876,-0.27865,72.11935,6.890662211940605,2.56695297818231,0.0
11.56885,19.07285,51.10291,2987.74114,-0.30663,72.12967,6.895447311215294,2.568735553565671,0.0
11.5811,19.11167,51.07785,2983.96733,-0.33459,72.13999,6.902325919280871,2.571298016057169,0.0
11.59334,19.15044,51.05064,2980.19616,-0.36248,72.15032,6.911290016752378,2.574637378224905,0.0
11.60555,19.18917,51.02129,2976.42645,-0.39023,72.16065,6.922328760924769,2.57874960087596,0.0
11.61775,19.22786,50.98983,2972.65699,-0.41779,72.17099,6.935428447900381,2.583629578947884,0.0
11.62991,19.2665,50.95627,2968.88658,-0.44509,72.18133,6.950572463789022,2.589271123329441,0.0
11.64206,19.30509,50.92065,2965.11401,-0.47207,72.19167,6.967741225585482,2.5956669388359335,0.0
11.65419,19.34364,50.883,2961.33807,-0.49868,72.20202,6.986912112491383,2.6028085986247738,0.0
11.66629,19.38215,50.84334,2957.55754,-0.52485,72.21237,7.008059388530575,2.610686515367693,0.0
11.67837,19.42061,50.80173,2953.77121,-0.55054,72.22272,7.031154117434833,2.619289909543418,0.0
11.69043,19.45902,50.75821,2949.97788,-0.57567,72.23307,7.0561640709144715,2.628606775266063,0.0
11.70246,19.49739,50.71283,2946.17632,-0.6002,72.24343,7.0830536315156385,2.638623844096918,0.0
11.71447,19.53572,50.66565,2942.36536,-0.62407,72.25379,7.111783691426094,2.6493265473469343,0.0
11.72646,19.57399,50.61671,2938.54378,-0.64722,72.26415,7.142311548688981,2.6606989774136265,0.0
11.73843,19.61222,50.56609,2934.71043,-0.66961,72.27452,7.174590802429664,2.6727238487503127,0.0
11.75038,19.65041,50.51384,2930.86412,-0.69118,72.28489,7.208571248806813,2.6853824591051545,0.0
11.7623,19.68855,50.46005,2927.00371,-0.71187,72.29526,7.244198779537486,2.698654651719081,0.0
11.7742,19.72664,50.40477,2923.12807,-0.73164,72.30563,7.281415284942074,2.712518779207481,0.0
11.78608,19.76469,50.34809,2919.23608,-0.75045,72.31601,7.320158563597249,2.726951669903546,0.0
11.79794,19.80269,50.2901,2915.32668,-0.76824,72.32638,7.360362240730787,2.741928597458198,0.0
11.80977,19.84064,50.23086,2911.39879,-0.78497,72.33676,7.401955697647274,2.7574232545493067,0.0
11.82158,19.87855,50.17047,2907.45138,-0.8006,72.34714,7.44486401448804,2.7734077315582546,0.0
11.83337,19.91641,50.10901,2903.48346,-0.81509,72.35752,7.48900792873089,2.7898525011100044,0.0
11.84514,19.95422,50.04659,2899.49408,-0.8284,72.3679,7.534303811827064,2.8067264093697406,0.0
11.85688,19.99198,49.98328,2895.4823,-0.8405,72.37829,7.5806636664372,2.8239966750132046,0.0
11.8686,20.02969,49.9192,2891.44725,-0.85136,72.38867,7.627995146637668,2.8416288967540733,0.0
11.8803,20.06736,49.85443,2887.38809,-0.86093,72.39906,7.676201603508226,2.8595870703265738,0.0
11.89197,20.10497,49.78908,2883.30404,-0.8692,72.40944,7.725182158347818,2.8778336157602813,0.0
11.90362,20.14254,49.72325,2879.19436,-0.87615,72.41983,7.774831805693874,2.8963294157575312,0.0
11.91525,20.18006,49.65703,2875.05836,-0.88174,72.43021,7.825041548165709,2.9150338659261235,0.0
11.92685,20.21753,49.59055,2870.89542,-0.88597,72.4406,7.875698564914926,2.933904937531535,0.0
11.93843,20.25494,49.5239,2866.70498,-0.88881,72.45098,7.926686415259238,2.9528992533558753,0.0
11.94999,20.29231,49.45718,2862.48653,-0.89026,72.46137,7.97788527877279,2.9719721771378484,0.0
11.96152,20.32962,49.39051,2858.23964,-0.89031,72.47175,8.02917223277792,2.9910779169457338,0.0
11.97303,20.36689,49.32398,2853.96392,-0.88895,72.48214,8.08042156782341,3.010169642701339,0.0
11.98452,20.4041,49.25771,2849.6591,-0.88619,72.49252,8.131505141301972,3.029199617911814,0.0
11.99598,20.44126,49.19179,2845.32493,-0.88202,72.5029,8.182292768919075,3.0481193455020925,0.0
12.00742,20.47837,49.12634,2840.96127,-0.87646,72.51328,8.232652653262877,3.066879727468462,0.0
12.01883,20.51542,49.06146,2836.56805,-0.86951,72.52366,8.282451848183236,3.0854312378719735,0.0
12.03022,20.55242,48.99724,2832.14525,-0.8612,72.53403,8.331556757177559,3.1037241085002742,0.0
12.04159,20.58937,48.93379,2827.69297,-0.85153,72.5444,8.379833663449181,3.1217085263283058,0.0
12.05293,20.62626,48.8712,2823.21136,-0.84055,72.55477,8.427149288735658,3.139334841696546,0.0
12.06425,20.6631,48.80957,2818.70068,-0.82826,72.56514,8.473371377473962,3.1565537859279136,0.0
12.07554,20.69988,48.74899,2814.16123,-0.81471,72.57551,8.518369302362641,3.173316696915607,0.0
12.08681,20.73661,48.68956,2809.59342,-0.79992,72.58587,8.562014686881959,3.189575751028233,0.0
12.09805,20.77328,48.63135,2804.99775,-0.78395,72.59623,8.604182039814507,3.2052841994854364,0.0
12.10927,20.80989,48.57445,2800.37476,-0.76683,72.60658,8.644749396532973,3.220396607254461,0.0
12.12047,20.84645,48.51894,2795.72511,-0.74861,72.61693,8.683598961334214,3.2348690923364924,0.0
12.13163,20.88295,48.46489,2791.04952,-0.72935,72.62728,8.720617744904025,3.2486595632390642,0.0
12.14278,20.9194,48.41238,2786.34877,-0.70909,72.63763,8.755698190792033,3.2617279523544296,0.0
12.1539,20.95579,48.36146,2781.62374,-0.6879,72.64797,8.788738784627517,3.274036442908491,0.0
12.16499,20.99212,48.31221,2776.87537,-0.66583,72.6583,8.819644639840979,3.285549687157498,0.0
12.17606,21.02839,48.26467,2772.10465,-0.64296,72.66863,8.848328053690732,3.296235013522571,0.0
12.1871,21.0646,48.21891,2767.31267,-0.61934,72.67896,8.874709027603958,3.306062620430446,0.0
12.19812,21.10075,48.17495,2762.50053,-0.59506,72.68928,8.898715746115169,3.315005754730652,0.0
12.20911,21.13685,48.13285,2757.66944,-0.57018,72.6996,8.920285009052131,3.3230408726961342,0.0
12.22008,21.17288,48.09263,2752.82062,-0.54477,72.70991,8.93936261209586,3.3301477817918688,0.0
12.23102,21.20886,48.05434,2747.95535,-0.51892,72.72021,8.955903671407652,3.3363097616069757,0.0
12.24193,21.24478,48.01798,2743.07497,-0.4927,72.73052,8.96987288863139,3.3415136625750437,0.0
12.25282,21.28063,47.98358,2738.18083,-0.46619,72.74081,8.981244753289142,3.3457499813718234,0.0
12.26369,21.31643,47.95114,2733.27432,-0.43948,72.7511,8.99000368032993,3.3490129121557572,0.0
12.27453,21.35216,47.92068,2728.35687,-0.41264,72.76139,8.996144081409572,3.3513003731216,0.0
12.28534,21.38784,47.89219,2723.42992,-0.38575,72.77166,8.999670369240569,3.352614008120864,0.0
12.29613,21.42345,47.86567,2718.49492,-0.3589,72.78194,9.000596895235683,3.352959163432409,0.0
12.30689,21.459,47.8411,2713.55333,-0.33217,72.7922,8.998947821432827,3.352344840051102,0.0
12.31762,21.49449,47.81847,2708.60664,-0.30565,72.80247,8.994756928513583,3.350783622169655,0.0
12.32833,21.52992,47.79775,2703.6563,-0.2794,72.81272,8.98806736245133,3.3482915827983897,0.0
12.33902,21.56529,47.77891,2698.70378,-0.25351,72.82297,8.978931323070446,3.3448881677453466,0.0
12.34967,21.6006,47.76191,2693.75054,-0.22806,72.83321,8.967409698385516,3.34059605939802,0.0
12.36031,21.63585,47.74673,2688.798,-0.20313,72.84345,8.953571649187113,3.3354410219706265,0.0
12.37091,21.67103,47.7333,2683.84758,-0.17878,72.85368,8.937494148807744,3.3294517300548185,0.0
12.38149,21.70615,47.72158,2678.90067,-0.1551,72.86391,8.919261483401012,3.3226595824605116,0.0
12.39205,21.74122,47.71153,2673.95862,-0.13214,72.87412,8.898964718365734,3.3150985034448412,0.0
12.40258,21.77622,47.70306,2669.02275,-0.10998,72.88434,8.876701136718156,3.30680473349103,0.0
12.41309,21.81116,47.69613,2664.09435,-0.08869,72.89454,8.852573655392465,3.297816611864969,0.0
12.42356,21.84604,47.69067,2659.17464,-0.06831,72.90475,8.826690225370484,3.2881743531477503,0.0
12.43402,21.88085,47.6866,2654.26483,-0.04892,72.91494,8.799163221563827,3.2779198199507107,0.0
12.44445,21.91561,47.68384,2649.36604,-0.03056,72.92513,8.770108828130262,3.267096293929607,0.0
12.45485,21.95031,47.68233,2644.47938,-0.01329,72.93531,8.739646424744032,3.2557482471541657,0.0
12.46523,21.98494,47.68198,2639.60587,0.00285,72.94549,8.707897978975183,3.243921115753386,0.0
12.47558,22.01952,47.6827,2634.7465,0.01782,72.95566,8.674987449645235,3.2316610776498385,0.0
12.48591,22.05403,47.68441,2629.90217,0.03157,72.96583,8.64104020556022,3.2190148360224216,0.0
12.49621,22.08848,47.68701,2625.07375,0.04406,72.97599,8.606182463613061,3.206029409984716,0.0
12.50649,22.12288,47.69043,2620.26203,0.05528,72.98614,8.570540749783222,3.19275193379317,0.0
12.51674,22.15721,47.69457,2615.46773,0.06518,72.99629,8.534241386044666,3.179229465706817,0.0
12.52697,22.19149,47.69933,2610.69154,0.07375,73.00644,8.497410005728634,3.165508807447154,0.0
12.53718,22.2257,47.70462,2605.93405,0.08097,73.01658,8.460171099384251,3.151636335019276,0.0
12.54736,22.25986,47.71034,2601.19579,0.08682,73.02671,8.422647592679395,3.1376578414688354,0.0
12.55751,22.29396,47.71641,2596.47725,0.09129,73.03684,8.384960457444555,3.1236183919856515,0.0
12.56764,22.32799,47.72272,2591.77883,0.09437,73.04696,8.347228356489477,3.109562191588558,0.0
12.57775,22.36198,47.72918,2587.10088,0.09606,73.05708,8.309567322420648,3.0955324654764755,0.0
12.58783,22.3959,47.7357,2582.44367,0.09635,73.0672,8.272090470285317,3.081571351980738,0.0
12.59789,22.42976,47.74218,2577.80743,0.09526,73.07731,8.234907743518443,3.067719807923657,0.0
12.60793,22.46357,47.74853,2573.19231,0.09279,73.08741,8.19812569237479,3.054017526078634,0.0
12.61794,22.49732,47.75465,2568.5984,0.08894,73.09751,8.161847283696051,3.040502864303424,0.0
12.62792,22.53101,47.76046,2564.02575,0.08375,73.10761,8.126171740689895,3.0272127858536,0.0
12.63789,22.56465,47.76587,2559.47434,0.07721,73.1177,8.091194411123588,3.0141828102812225,0.0
12.64783,22.59822,47.77078,2554.94407,0.06936,73.12779,8.05700666224566,3.0014469742903835,0.0
12.65775,22.63175,47.77512,2550.43481,0.06022,73.13788,8.023695800533817,2.9890378018412007,0.0
12.66764,22.66521,47.77879,2545.94639,0.04981,73.14796,7.991345014363418,2.976986282792314,0.0
12.67751,22.69862,47.78173,2541.47854,0.03817,73.15803,7.960033337530754,2.9653218593123465,0.0
12.68736,22.73198,47.78385,2537.03099,0.02533,73.16811,7.929835631616353,2.9540724193097705,0.0
12.69718,22.76528,47.78507,2532.60338,0.01132,73.17818,7.900822585102582,2.9432642961041937,0.0
12.70699,22.79853,47.78533,2528.19533,-0.00381,73.18824,7.873060727203649,2.9329222735783973,0.0
12.71676,22.83172,47.78454,2523.8064,-0.02003,73.1983,7.846612454390429,2.9230695960595328,0.0
12.72652,22.86485,47.78266,2519.43611,-0.0373,73.20836,7.82153606765861,2.9137279822024866,0.0
12.73626,22.89793,47.7796,2515.08393,-0.05556,73.21842,7.797885818640247,2.9049176421676437,0.0
12.74597,22.93096,47.77532,2510.74931,-0.07478,73.22847,7.7757119627506,2.896657297419488,0.0
12.75566,22.96394,47.76975,2506.43164,-0.0949,73.23852,7.7550608176772675,2.8889642025153432,0.0
12.76532,22.99686,47.76285,2502.13028,-0.11587,73.24857,7.735974825558195,2.8818541682683123,0.0
12.77497,23.02972,47.75456,2497.84455,-0.13765,73.25861,7.718492617392717,2.8753415857420914,0.0
12.78459,23.06254,47.74483,2493.57374,-0.16016,73.26865,7.702649078279458,2.869439450553799,0.0
12.79419,23.0953,47.73363,2489.31712,-0.18337,73.27869,7.688475412197453,2.8641593870066533,0.0
12.80377,23.128,47.72092,2485.0739,-0.20722,73.28872,7.6759992052197505,2.859511671638697,0.0
12.81333,23.16066,47.70666,2480.84329,-0.23164,73.29875,7.665244486104851,2.8555052557947067,0.0
12.82286,23.19326,47.69082,2476.62445,-0.25658,73.30878,7.656231783392473,2.8521477868958653,0.0
12.83238,23.22581,47.67338,2472.41653,-0.28198,73.31881,7.648978178205808,2.8494456281099936,0.0
12.84187,23.25831,47.65431,2468.21866,-0.30778,73.32883,7.64349735212903,2.847403876187181,0.0
12.85134,23.29075,47.6336,2464.02993,-0.33391,73.33885,7.639799629614955,2.8460263772577528,0.0
12.86079,23.32315,47.61123,2459.84943,-0.36032,73.34887,7.637892014522077,2.845315740443282,0.0
12.87021,23.35549,47.58719,2455.6762,-0.38694,73.35889,7.63777822049015,2.8452733491722886,0.0
12.87962,23.38778,47.56147,2451.50931,-0.41372,73.3689,7.639458694971993,2.8458993701327193,0.0
12.889,23.42001,47.53408,2447.34777,-0.44058,73.37891,7.642930636883037,2.8471927598468727,0.0
12.89837,23.4522,47.50502,2443.19059,-0.46747,73.38891,7.648188007912386,2.849151268885062,0.0
12.90771,23.48433,47.47428,2439.0368,-0.49432,73.39892,7.655221537670436,2.851771443783242,0.0
12.91703,23.51641,47.44189,2434.88536,-0.52107,73.40892,7.664018722951226,2.855048626768212,0.0
12.92632,23.54844,47.40786,2430.73529,-0.54765,73.41892,7.674563821502644,2.8589769534368563,0.0
12.9356,23.58042,47.3722,2426.58554,-0.57401,73.42891,7.686837840799831,2.8635493485739425,0.0
12.94486,23.61235,47.33494,2422.4351,-0.60009,73.4389,7.70081852242209,2.8687575203321063,0.0
12.95409,23.64422,47.2961,2418.28294,-0.62581,73.44889,7.716480322738038,2.8745919530365645,0.0
12.96331,23.67605,47.25571,2414.12803,-0.65113,73.45888,7.733794390701482,2.8810418989134927,0.0
12.9725,23.70782,47.21381,2409.96935,-0.67598,73.46886,7.752728543661226,2.8880953690785445,0.0
12.98167,23.73954,47.17042,2405.80588,-0.7003,73.47884,7.77324724217959,2.8957391241560857,0.0
12.99082,23.7712,47.12561,2401.6366,-0.72404,73.48881,7.795311564932939,2.90395866492898,0.0
12.99995,23.80282,47.07939,2397.4605,-0.74714,73.49879,7.818879184881251,2.9127382234611274,0.0
13.00905,23.83438,47.03184,2393.27659,-0.76954,73.50876,7.843904347925786,2.9220607551468847,0.0
13.01814,23.86589,46.98298,2389.08388,-0.79119,73.51872,7.870337855386427,2.931907932183413,0.0
13.02721,23.89735,46.93289,2384.88141,-0.81204,73.52868,7.898127051670634,2.9422601389770393,0.0
13.03625,23.92875,46.88161,2380.66822,-0.83203,73.53864,7.927215818568198,2.953096470017903,0.0
13.04527,23.96011,46.8292,2376.44338,-0.85113,73.54859,7.957544577635358,2.964394730768097,0.0
13.05427,23.99141,46.77572,2372.20599,-0.86928,73.55854,7.989050302173011,2.9761314421238763,0.0
13.06325,24.02265,46.72125,2367.95515,-0.88643,73.56849,8.021666540314044,2.988281849016286,0.0
13.07221,24.05385,46.66585,2363.69002,-0.90256,73.57843,8.0553234507333,3.000819933714068,0.0
13.08115,24.08499,46.60958,2359.40976,-0.91761,73.58837,8.089947852477883,3.0137184343867642,0.0
13.09006,24.11607,46.55251,2355.11357,-0.93155,73.5983,8.12546329036549,3.0269488694673092,0.0
13.09896,24.1471,46.49473,2350.8007,-0.94434,73.60822,8.161790117380129,3.0404815683466064,0.0
13.10783,24.17808,46.43631,2346.47042,-0.95596,73.61815,8.198845595355218,3.0542857088806317,0.0
13.11668,24.20901,46.37732,2342.12204,-0.96637,73.62806,8.236544015197879,3.068329362177145,0.0
13.12551,24.23987,46.31783,2337.75493,-0.97555,73.63797,8.274796837730428,3.082579545062856,0.0
13.13432,24.27069,46.25794,2333.36848,-0.98347,73.64788,8.313512856106994,3.097002280587879,0.0
13.1431,24.30145,46.19771,2328.96214,-0.99012,73.65778,8.352598380601876,3.1115626668642653,0.0
13.15187,24.33215,46.13723,2324.5354,-0.99548,73.66767,8.391957446316068,3.1262249544421468,0.0
13.16061,24.3628,46.07658,2320.08782,-0.99954,73.67756,8.431492044207546,3.140952632374598,0.0
13.16933,24.39339,46.01584,2315.61898,-1.00228,73.68744,8.471102375539388,3.155708523006251,0.0
13.17803,24.42393,45.95509,2311.12854,-1.00371,73.69732,8.510687129629623,3.170454885442428,0.0
13.1867,24.45441,45.89441,2306.61622,-1.00382,73.70719,8.550143784479515,3.185153527541082,0.0
13.19536,24.48483,45.83389,2302.08178,-1.00261,73.71705,8.58936892957835,3.19976592616608,0.0
13.20399,24.51519,45.77359,2297.52503,-1.0001,73.72691,8.628258609869105,3.214253355323459,0.0
13.2126,24.5455,45.71361,2292.94588,-0.99628,73.73676,8.666708689572998,3.2285770216956426,0.0
13.22119,24.57575,45.65401,2288.34426,-0.99117,73.7466,8.704615234221682,3.242698206958494,0.0
13.22976,24.60595,45.59488,2283.72018,-0.9848,73.75643,8.741874908937401,3.2565784161511435,0.0
13.2383,24.63608,45.53629,2279.07372,-0.97717,73.76626,8.778385390758332,3.2701795312780324,0.0
13.24682,24.66615,45.4783,2274.40501,-0.96833,73.77608,8.814045792412562,3.283463969175871,0.0
13.25532,24.69617,45.421,2269.71424,-0.95829,73.78589,8.848757094754072,3.2963948426074143,0.0
13.2638,24.72613,45.36444,2265.00168,-0.94709,73.79569,8.88242258479908,3.3089361234415335,0.0
13.27225,24.75603,45.3087,2260.26764,-0.93477,73.80549,8.914948296055265,3.321052806687431,0.0
13.28068,24.78586,45.25384,2255.51251,-0.92137,73.81527,8.946243447699175,3.3327110740997847,0.0
13.28909,24.81564,45.19992,2250.73673,-0.90693,73.82505,8.976220878975692,3.3438784560039743,0.0
13.29748,24.84536,45.14699,2245.94081,-0.8915,73.83482,9.004797475116678,3.3545239899619888,0.0
13.30584,24.87502,45.0951,2241.1253,-0.87513,73.84458,9.031894581003755,3.36461837487269,0.0
13.31418,24.90461,45.04431,2236.29082,-0.85788,73.85433,9.057438398817327,3.3741341191065413,0.0
13.3225,24.93415,44.99467,2231.43805,-0.8398,73.86407,9.081360365978115,3.3830456812987735,0.0
13.33079,24.96362,44.94621,2226.56769,-0.82096,73.8738,9.103597509736883,3.3913296024433794,0.0
13.33906,24.99303,44.89897,2221.68054,-0.80141,73.88352,9.124092775013427,3.398964628021777,0.0
13.34731,25.02238,44.853,2216.77739,-0.78122,73.89324,9.142795322231423,3.4059318189541137,0.0
13.35554,25.05167,44.80831,2211.85911,-0.76046,73.90294,9.159660792170207,3.412214650263532,0.0
13.36374,25.08089,44.76494,2206.92661,-0.7392,73.91263,9.174651535226243,3.4177990964820935,0.0
13.37192,25.11006,44.7229,2201.98082,-0.71751,73.92231,9.18773680271659,3.4226737029163563,0.0
13.38008,25.13916,44.68222,2197.02271,-0.69546,73.93199,9.198892898377258,3.4268296420844986,0.0
13.38821,25.16819,44.6429,2192.05329,-0.67313,73.94165,9.208103288491957,3.4302607547421724,0.0
13.39632,25.19717,44.60496,2187.07359,-0.6506,73.9513,9.215358669682672,3.4329635751362826,0.0
13.40441,25.22608,44.5684,2182.08464,-0.62793,73.96095,9.220656993696725,3.4349373402388124,0.0
13.41248,25.25492,44.53322,2177.08753,-0.6052,73.97058,9.224003449101708,3.436183982927709,0.0
13.42052,25.28371,44.49941,2172.08333,-0.58249,73.9802,9.225410400241788,3.4367081092465015,0.0
13.42853,25.31243,44.46697,2167.07313,-0.55989,73.98981,9.224897284225769,3.43651696002964,0.0
13.43653,25.34108,44.43588,2162.05805,-0.53745,73.99941,9.222490467212626,3.435620357365077,0.0
13.4445,25.36967,44.40612,2157.03917,-0.51526,74.009,9.218223061655564,3.4340306365128725,0.0
13.45245,25.3982,44.37768,2152.0176,-0.49339,74.01858,9.21213470654899,3.431762564041411,0.0
13.46038,25.42667,44.35052,2146.99444,-0.47192,74.02815,9.204271313086782,3.428833243078404,0.0
13.46828,25.45507,44.32462,2141.97077,-0.45091,74.03771,9.194684778471544,3.4252620066973214,0.0
13.47616,25.4834,44.29994,2136.94767,-0.43043,74.04726,9.183432670821935,3.4210703005370724,0.0
13.48401,25.51167,44.27644,2131.92619,-0.41056,74.05679,9.170577888426187,3.4162815558649746,0.0
13.49185,25.53988,44.25409,2126.90737,-0.39136,74.06632,9.156188296670736,3.4109210543231234,0.0
13.49966,25.56803,44.23285,2121.89223,-0.3729,74.07583,9.140336346182652,3.4050157856763925,0.0
13.50745,25.59611,44.21265,2116.88176,-0.35522,74.08534,9.123098675696466,3.3985942998698815,0.0
13.51521,25.62412,44.19346,2111.87691,-0.33839,74.09483,9.104555703255064,3.3916865547404913,0.0
13.52295,25.65207,44.17521,2106.87862,-0.32247,74.10432,9.08479120925866,3.3843237606916947,0.0
13.53067,25.67996,44.15786,2101.88777,-0.30751,74.11379,9.063891914831446,3.3765382236240264,0.0
13.53837,25.70779,44.14135,2096.90524,-0.29355,74.12325,9.04194705886355,3.3683631873720747,0.0
13.54604,25.73555,44.12561,2091.93183,-0.28065,74.13271,9.019047976889272,3.3598326768255475,0.0
13.55369,25.76324,44.11059,2086.96832,-0.26884,74.14215,8.99528768482408,3.3509813428603534,0.0
13.56132,25.79088,44.09621,2082.01547,-0.25815,74.15158,8.970760470319451,3.3418443101075264,0.0
13.56893,25.81845,44.08242,2077.07394,-0.24863,74.161,8.945561494290287,3.3324570285116994,0.0
13.57651,25.84595,44.06915,2072.1444,-0.24031,74.17041,8.919786404889406,3.3228551295264537,0.0
13.58407,25.8734,44.05633,2067.22745,-0.23321,74.17981,8.89353096594524,3.3130742876975763,0.0
13.59161,25.90078,44.04389,2062.32364,-0.22736,74.1892,8.866890701591709,3.303150088278345,0.0
13.59913,25.9281,44.03175,2057.43347,-0.22277,74.19858,8.839960558541547,3.2931179014174514,0.0
13.60662,25.95535,44.01986,2052.55741,-0.21946,74.20795,8.812834587194775,3.283012763363517,0.0
13.6141,25.98255,44.00815,2047.69587,-0.21744,74.21732,8.78560564246636,3.272869265015528,0.0
13.62155,26.00968,43.99653,2042.8492,-0.21672,74.22667,8.758365104976491,3.262721448058875,0.0
13.62898,26.03675,43.98494,2038.01772,-0.2173,74.23601,8.731202622999145,3.2526027088344005,0.0
13.63638,26.06375,43.97332,2033.20169,-0.21919,74.24534,8.70420587530334,3.2425457099905297,0.0
13.64377,26.0907,43.96158,2028.40132,-0.22238,74.25466,8.677460354825675,3.232582299895604,0.0
13.65113,26.11758,43.94968,2023.61677,-0.22686,74.26398,8.65104917291352,3.222743439713307,0.0
13.65847,26.14441,43.93753,2018.84818,-0.23262,74.27328,8.625052883676954,3.2130591379691507,0.0
13.66579,26.17117,43.92507,2014.0956,-0.23965,74.28258,8.599549327827186,3.203558392376171,0.0
13.67309,26.19787,43.91223,2009.35905,-0.24793,74.29186,8.57461349527586,3.1942691386495614,0.0
13.68037,26.22451,43.89896,2004.63852,-0.25744,74.30114,8.550317405617948,3.1852182059833956,0.0
13.68763,26.25109,43.88519,1999.93394,-0.26815,74.31041,8.526730005506836,3.176431278820158,0.0
13.69486,26.27761,43.87086,1995.24519,-0.28005,74.31967,8.50391708192653,3.1679328645423497,0.0
13.70208,26.30407,43.85591,1990.57213,-0.29309,74.32892,8.481941190204667,3.1597462666554454,0.0
13.70927,26.33047,43.84029,1985.91454,-0.30725,74.33816,8.460861595665879,3.151893563052233,0.0
13.71644,26.35681,43.82395,1981.27219,-0.32248,74.34739,8.440734227735282,3.1443955889151627,0.0
13.72359,26.38309,43.80682,1976.64482,-0.33876,74.35662,8.421611645324626,3.1372719238217694,0.0
13.73072,26.40931,43.78887,1972.03209,-0.35604,74.36584,8.403543012354536,3.130540882626065,0.0
13.73783,26.43547,43.77005,1967.43366,-0.37428,74.37504,8.386574082231943,3.124219509675977,0.0
13.74492,26.46157,43.7503,1962.84913,-0.39343,74.38424,8.370747190209679,3.118323575967091,0.0
13.75199,26.48762,43.7296,1958.27809,-0.41344,74.39344,8.356101252532861,3.112867578824664,0.0
13.75904,26.5136,43.7079,1953.72007,-0.43426,74.40262,8.342671771364609,3.1078647437385745,0.0
13.76607,26.53953,43.68516,1949.17459,-0.45586,74.41179,8.33049084454951,3.103327028000477,0.0
13.77307,26.5654,43.66136,1944.64112,-0.47816,74.42096,8.319587179293334,3.0992651257998522,0.0
13.78006,26.59121,43.63647,1940.11913,-0.50112,74.43012,8.309986108979054,3.0956884744884183,0.0
13.78703,26.61696,43.61045,1935.60804,-0.52467,74.43927,8.30170961236394,3.092605261731557,0.0
13.79397,26.64265,43.58329,1931.10724,-0.54877,74.44841,8.294776334499746,3.0900224333016246,0.0
13.8009,26.66829,43.55496,1926.61611,-0.57336,74.45755,8.289201608816596,3.087945701304791,0.0
13.80781,26.69387,43.52544,1922.134,-0.59837,74.46668,8.284997479864707,3.086379552652922,0.0
13.81469,26.71939,43.49473,1917.66025,-0.62375,74.4758,8.282172726339107,3.0853272576408983,0.0
13.82156,26.74485,43.46281,1913.19417,-0.64943,74.48491,8.280732884072094,3.084790878511905,0.0
13.8284,26.77026,43.42968,1908.73505,-0.67535,74.49401,8.280680268750269,3.084771277920133,0.0
13.83523,26.79561,43.39532,1904.28217,-0.70145,74.50311,8.282013998256396,3.0852681272537006,0.0
13.84204,26.8209,43.35974,1899.8348,-0.72767,74.5122,8.284730014562705,3.086279914790491,0.0
13.84882,26.84613,43.32294,1895.39219,-0.75395,74.52128,8.288821105233211,3.087803953708328,0.0
13.85559,26.87131,43.28492,1890.95358,-0.78022,74.53035,8.294276924639401,3.089836389988383,0.0
13.86234,26.89643,43.24569,1886.5182,-0.80643,74.53941,8.301084015101289,3.0923722102907645,0.0
13.86907,26.92149,43.20527,1882.08527,-0.8325,74.54847,8.309225828231678,3.0954052499058315,0.0
13.87578,26.9465,43.16366,1877.65402,-0.85838,74.55752,8.318682746837164,3.0989282009128782,0.0
13.88246,26.97144,43.12089,1873.22365,-0.88401,74.56656,8.329432107786396,3.102932620699176,0.0
13.88913,26.99633,43.07697,1868.79339,-0.90932,74.57559,8.34144822634908,3.1074089410268826,0.0
13.89578,27.02117,43.03192,1864.36244,-0.93427,74.58461,8.35470242254081,3.1123464778471934,0.0
13.90241,27.04595,42.98578,1859.93003,-0.95878,74.59363,8.369163050080902,3.117733442087887,0.0
13.90902,27.07066,42.93856,1855.49536,-0.9828,74.60264,8.384795528608349,3.123556951654625,0.0
13.91561,27.09533,42.89031,1851.05767,-1.00629,74.61164,8.401562379842566,3.1298030449017786,0.0
13.92218,27.11993,42.84105,1846.61619,-1.02917,74.62063,8.419423268415237,3.13645669584336,0.0
13.92873,27.14448,42.79082,1842.17016,-1.0514,74.62961,8.438335048122095,3.1435018313830363,0.0
13.93527,27.16897,42.73966,1837.71883,-1.07293,74.63858,8.458251814344155,3.1509213508424123,0.0
13.94178,27.1934,42.6876,1833.26148,-1.09371,74.64755,8.479124963430403,3.158697148082645,0.0
13.94827,27.21778,42.63469,1828.79738,-1.1137,74.65651,8.500903259785701,3.166810136496458,0.0
13.95475,27.24209,42.58098,1824.32584,-1.13283,74.66545,8.523532911423173,3.175240277153385,0.0
13.9612,27.26635,42.5265,1819.84617,-1.15109,74.67439,8.546957654705656,3.1839666103681994,0.0
13.96763,27.29055,42.47132,1815.35773,-1.16841,74.68332,8.571118848971462,3.1929672909514952,0.0
13.97405,27.3147,42.41547,1810.85987,-1.18478,74.69224,8.595955581669454,3.2022196273752632,0.0
13.98044,27.33878,42.35901,1806.35199,-1.20014,74.70116,8.621404784589274,3.2117001250717254,0.0
13.98682,27.36281,42.30198,1801.8335,-1.21447,74.71006,8.647401361689045,3.2213845340525005,0.0
13.99318,27.38678,42.24446,1797.30386,-1.22774,74.71895,8.673878328931696,3.2312479010013235,0.0
13.99951,27.41069,42.18647,1792.76254,-1.23993,74.72783,8.700766966457968,3.241264625962492,0.0
14.00583,27.43454,42.12809,1788.20905,-1.251,74.73671,8.727996983297485,3.2514085237000745,0.0
14.01213,27.45833,42.06937,1783.64293,-1.26095,74.74557,8.75549669471073,3.2616528897624626,0.0
14.01841,27.48206,42.01036,1779.06378,-1.26974,74.75443,8.78319321211264,3.2719705712339056,0.0
14.02466,27.50574,41.95112,1774.4712,-1.27738,74.76327,8.811012645409015,3.2823340421101483,0.0
14.0309,27.52935,41.8917,1769.86485,-1.28385,74.7721,8.838880317398688,3.292715483168881,0.0
14.03712,27.55291,41.83217,1765.24444,-1.28914,74.78093,8.866720989773972,3.303086866160852,0.0
14.04332,27.5764,41.77258,1760.60969,-1.29325,74.78974,8.894459100068639,3.3134200420792217,0.0
0.04699,0.04699,56.9234,4968.43583,-0.44655,45.0001,8.409822758247829,3.132880253201376,0.0
0.09394,0.09394,56.86887,4963.82836,-0.39226,45.00024,8.458868385284095,3.151151039740498,0.0
0.14085,0.14085,56.82148,4959.18201,-0.33728,45.00041,8.499501894711429,3.166288091134157,0.0
0.18771,0.18771,56.78131,4954.50141,-0.28175,45.00063,8.53153397264032,3.178220882977363,0.0
0.23453,0.23454,56.7484,4949.79126,-0.22583,45.00089,8.554824396457517,3.186897178657201,0.0
0.28131,0.28131,56.72279,4945.05641,-0.16966,45.00119,8.569283636696566,3.192283626091754,0.0
0.32804,0.32804,56.70447,4940.30175,-0.1134,45.00152,8.574873817507969,3.194366115530512,0.0
0.37472,0.37473,56.69345,4935.53225,-0.0572,45.0019,8.571609017116716,3.1931498914827015,0.0
0.42136,0.42138,56.68968,4930.75285,-0.00122,45.00232,8.55955490451663,3.188659417376379,0.0
0.46795,0.46798,56.69311,4925.96853,0.0544,45.00277,8.538827723448216,3.1809379970634386,0.0
0.5145,0.51453,56.70368,4921.18419,0.10949,45.00327,8.509592649157867,3.1700471626691837,0.0
0.561,0.56104,56.72129,4916.40469,0.16392,45.0038,8.472061556900714,3.1560658433009254,0.0
0.60746,0.60751,56.74584,4911.63477,0.21754,45.00437,8.4264902532093,3.1390893336227097,0.0
0.65387,0.65393,56.77719,4906.87906,0.27022,45.00498,8.373175231331711,3.119228085170655,0.0
0.70023,0.7003,56.81521,4902.14207,0.32181,45.00563,8.312450020530184,3.09660634637063,0.0
0.74655,0.74663,56.85974,4897.42812,0.37218,45.00632,8.244681205014055,3.0713606794860215,0.0
0.79283,0.79292,56.91059,4892.74135,0.42123,45.00705,8.170264192038557,3.0436383841231938,0.0
0.83905,0.83917,56.96758,4888.08573,0.46883,45.00782,8.089618810167444,3.0135958574685024,0.0
0.88524,0.88537,57.03051,4883.46499,0.51488,45.00863,8.003184817868604,2.9813969211219757,0.0
0.93137,0.93153,57.09916,4878.88263,0.55927,45.00947,7.911417399807301,2.947211143348054,0.0
0.97747,0.97764,57.1733,4874.34195,0.60191,45.01036,7.814782723524289,2.9112121838212732,0.0
1.02352,1.02371,57.2527,4869.84598,0.64273,45.01129,7.713753623006345,2.8735761856427207,0.0
1.06952,1.06975,57.3371,4865.39752,0.68164,45.01225,7.608805468264676,2.8344802366493087,0.0
1.11548,1.11574,57.42625,4860.99912,0.71858,45.01326,7.500412271750119,2.7941009189509907,0.0
1.1614,1.16168,57.5199,4856.65307,0.75349,45.01431,7.389043073661839,2.7526129623631475,0.0
1.20727,1.20759,57.61777,4852.36143,0.78631,45.0154,7.275158639119025,2.7101880140161354,0.0
1.25311,1.25346,57.71958,4848.12601,0.81702,45.01653,7.159208491274941,2.666993533112213,0.0
1.2989,1.29929,57.82506,4843.94838,0.84556,45.0177,7.041628295748291,2.623191816557398,0.0
1.34465,1.34508,57.93394,4839.82989,0.87191,45.01891,6.922837603719833,2.578939158205581,0.0
1.39036,1.39084,58.04591,4835.77166,0.89606,45.02017,6.803237953597043,2.534385141678656,0.0
1.43603,1.43655,58.16071,4831.77459,0.91798,45.02146,6.683211324645542,2.489672064303547,0.0
1.48166,1.48223,58.27805,4827.83938,0.93768,45.0228,6.563118930296014,2.444934487587282,0.0
1.52725,1.52788,58.39764,4823.96652,0.95516,45.02418,6.443300334179181,2.4002989079167603,0.0
1.5728,1.57348,58.5192,4820.15635,0.97041,45.02561,6.3240728681713705,2.3558835397654185,0.0
1.61831,1.61906,58.64245,4816.40901,0.98346,45.02707,6.205731328901972,2.311798202634271,0.0
1.66379,1.6646,58.76711,4812.72448,0.99431,45.02858,6.088547927234195,2.268144302232162,0.0
1.70923,1.7101,58.89291,4809.10259,1.00298,45.03014,5.9727724640461135,2.2250148959588296,0.0
1.75463,1.75558,59.01956,4805.54304,1.00952,45.03174,5.858632705182678,2.1824948325843994,0.0
1.8,1.80102,59.14682,4802.04539,1.01394,45.03338,5.746334928641957,2.140660956090652,0.0
1.84533,1.84643,59.2744,4798.6091,1.01627,45.03506,5.636064617670735,2.0995823638673725,0.0
1.89063,1.89181,59.40206,4795.23349,1.01656,45.03679,5.527987274621517,2.059320709895499,0.0
1.9359,1.93716,59.52954,4791.91782,1.01484,45.03857,5.422249331814326,2.0199305440671043,0.0
1.98113,1.98248,59.65659,4788.66125,1.01116,45.04039,5.318979137326798,1.9814596794181507,0.0
2.02633,2.02777,59.78298,4785.46285,1.00555,45.04226,5.218287995509502,1.9439495797478183,0.0
2.07149,2.07303,59.90846,4782.32163,0.99807,45.04417,5.120271243950646,1.907435760816198,0.0
2.11663,2.11827,60.03281,4779.23654,0.98877,45.04613,5.025009350611281,1.8719481990560192,0.0
2.16173,2.16348,60.1558,4776.20649,0.97769,45.04813,4.932569016825855,1.8375117424693832,0.0
2.20681,2.20866,60.27723,4773.2303,0.96488,45.05018,4.843004273792585,1.8041465190992718,0.0
2.25185,2.25382,60.39687,4770.30681,0.9504,45.05228,4.756357562021607,1.7718683391523875,0.0
2.29688,2.29893,60.51329,4767.43713,0.91442,44.9998,4.673480764686033,1.7409945515251095,-39.99999931767356
2.34193,2.34398,60.62508,4764.62173,0.87722,44.94827,4.5951461038112535,1.7118128292402803,-39.99999931767356
2.387,2.38896,60.73208,4761.85839,0.83887,44.89764,4.521256524057317,1.6842870166300887,-39.99999931767356
2.43207,2.43387,60.83418,4759.14495,0.79941,44.84787,4.451718858036211,1.6583824063911177,-39.99999931767356
2.47716,2.47872,60.93124,4756.47925,0.75892,44.79889,4.386442145961576,1.6340651136096533,-39.99999931767356
2.52226,2.52351,61.02314,4753.85921,0.71745,44.75067,4.325338166990492,1.6113022737004772,-39.99999931767356
2.56737,2.56824,61.10978,4751.28274,0.67506,44.70316,4.268321902633957,1.5900622150394652,-39.99999931767356
2.6125,2.61291,61.19105,4748.74782,0.63181,44.65631,4.215311939120953,1.570314608854788,-39.99999931767356
2.65764,2.65752,61.26684,4746.25243,0.58775,44.61008,4.16623081514422,1.5520305987713607,-39.99999931767356
2.70279,2.70208,61.33708,4743.7946,0.54294,44.56442,4.121005320962482,1.535182912234295,-39.99999931767356
2.74795,2.74657,61.40167,4741.37237,0.49743,44.51929,4.0795667543762955,1.5197459558666342,-39.99999931767356
2.79312,2.79101,61.46054,4738.98381,0.45127,44.47465,4.041851138619959,1.5056958966398242,-39.99999931767356
2.83831,2.83539,61.51362,4736.62703,0.40452,44.43045,4.007799406783105,1.4930107305756095,-39.99999931767356
2.8835,2.87972,61.56085,4734.30012,0.35722,44.38666,3.977357556911328,1.4816703405250964,-39.99999931767356
2.92871,2.924,61.60216,4732.00122,0.30943,44.34322,3.9504767815233754,1.4716565444173169,-39.99999931767356
2.97393,2.96822,61.6375,4729.72847,0.2612,44.30011,3.927113574860162,1.4629531352123053,-39.99999931767356
3.01916,3.01238,61.66683,4727.48001,0.21257,44.25727,3.907229820795564,1.4555459136501872,-39.99999931767356
3.0644,3.0565,61.6901,4725.254,0.16359,44.21468,3.8907928639412086,1.4494227147395762,-39.99999931767356
3.10966,3.10056,61.70729,4723.04862,0.11432,44.17229,3.877775566125852,1.444573428797637,-39.99999931767356
3.15492,3.14457,61.71836,4720.86201,0.0648,44.13005,3.868156350079915,1.440990017723719,-39.99999931767356
3.2002,3.18852,61.7233,4718.69236,0.01507,44.08794,3.8619192317993463,1.4386665270557482,-39.99999931767356
3.24549,3.23243,61.72208,4716.5378,-0.03481,44.04592,3.859053842754666,1.4375990942436814,-39.99999931767356
3.29079,3.27629,61.7147,4714.3965,-0.0848,44.00393,3.859555442777198,1.4377859534499655,-39.99999931767356
3.3361,3.32009,61.70115,4712.26659,-0.13485,43.96195,3.863424924153045,1.4392274370746514,-39.99999931767356
3.38142,3.36384,61.68143,4710.1462,-0.18491,43.91993,3.8706688071347553,1.4419259740833705,-39.99999931767356
3.42676,3.40754,61.65555,4708.03344,-0.23494,43.87783,3.8812992267894586,1.445886085107922,-39.99999931767356
3.4721,3.45119,61.62352,4705.9264,-0.28488,43.83562,3.895333910782822,1.4511143741702104,-39.99999931767356
3.51746,3.49479,61.58536,4703.82314,-0.3347,43.79325,3.912796147400532,1.4576195167694046,-39.99999931767356
3.56283,3.53834,61.5411,4701.7217,-0.38434,43.75069,3.9337147427933936,1.4654122439546162,-39.99999931767356
3.60821,3.58184,61.49076,4699.62009,-0.43375,43.70789,3.9581239661131526,1.474505321886545,-39.99999931767356
3.65361,3.62529,61.43438,4697.51629,-0.48289,43.66481,3.9860634808805346,1.4849135262702715,-39.99999931767356
3.69902,3.66868,61.372,4695.40823,-0.5317,43.6214,4.017578260592951,1.496653610916906,-39.99999931767356
3.74444,3.71203,61.30368,4693.29381,-0.58013,43.57763,4.052718486233608,1.5097442695630328,-39.99999931767356
3.78987,3.75532,61.22946,4691.1709,-0.62814,43.53345,4.091539422979695,1.5242060899412708,-39.99999931767356
3.83531,3.79856,61.14941,4689.03731,-0.67567,43.48882,4.134101273050822,1.5400614989624393,-39.99999931767356
3.88077,3.84174,61.0636,4686.8908,-0.72267,43.44369,4.180469001239386,1.5573346977210332,-39.99999931767356
3.92624,3.88487,60.9721,4684.72909,-0.76908,43.39802,4.230712129293925,1.5760515848976102,-39.99999931767356
3.97173,3.92795,60.87498,4682.54983,-0.81485,43.35175,4.284904494911563,1.5962396669771355,-39.99999931767356
4.01723,3.97098,60.77235,4680.35063,-0.85993,43.30484,4.343123970692964,1.6179279535523077,-39.99999931767356
4.06274,4.01394,60.66429,4678.12905,-0.90426,43.25725,4.405452138018016,1.6411468358336712,-39.99999931767356
4.10827,4.05686,60.5509,4675.88255,-0.94778,43.20892,4.471973910382003,1.6659279463324272,-39.99999931767356
4.15381,4.09971,60.43229,4673.60856,-0.99042,43.15979,4.542777100352873,1.6923039975406238,-39.99999931767356
4.19937,4.14251,60.30859,4671.30445,-1.03214,43.10982,4.617951923933247,1.7203085972929641,-39.99999931767356
4.24494,4.18525,60.1799,4668.96749,-1.07286,43.05896,4.697590435780945,1.7499760383715892,-39.99999931767356
4.29053,4.22793,60.04637,4666.59492,-1.11254,43.00714,4.78178588844174,1.7813410598034216,-39.99999931767356
4.33614,4.27055,59.90812,4664.18389,-1.15109,42.95431,4.870632008512547,1.8144385772119076,-39.99999931767356
4.38176,4.3131,59.76532,4661.73147,-1.18846,42.90042,4.964222182511547,1.8493033795322167,-39.99999931767356
4.42739,4.3556,59.61811,4659.2347,-1.22457,42.84541,5.062648545170612,1.8859697893761822,-39.99999931767356
4.47305,4.39803,59.46666,4656.69052,-1.25937,42.7892,5.16600096294466,1.9244712843627894,-39.99999931767356
4.51872,4.44039,59.31113,4654.0958,-1.29278,42.73176,5.274365905760938,1.9648400768150982,-39.99999931767356
4.56441,4.48269,59.15171,4651.44738,-1.32473,42.673,5.387825200441859,2.007106649377452,-39.99999931767356
4.61011,4.52491,58.98859,4648.742,-1.35514,42.61287,5.506454659857249,2.0512992443386167,-39.99999931767356
4.65584,4.56707,58.82196,4645.97637,-1.38395,42.5513,5.630322582769134,2.097443304784495,-39.99999931767356
4.70158,4.60916,58.65202,4643.14711,-1.41108,42.48823,5.7594881204739155,2.145560866129362,-39.99999931767356
4.74734,4.65117,58.47901,4640.25084,-1.43646,42.42359,5.893999507874651,2.1956698971437425,-39.99999931767356
4.79312,4.69311,58.30313,4637.28409,-1.46001,42.35731,6.033892158476961,2.247783590290266,-39.99999931767356
4.83893,4.73497,58.12462,4634.24339,-1.48165,42.28932,6.179186625089408,2.301909602030899,-39.99999931767356
4.88475,4.77674,57.94373,4631.12522,-1.50131,42.21956,6.329886430700091,2.358049244771403,-39.99999931767356
4.93059,4.81844,57.76071,4627.92606,-1.51891,42.14796,6.485975777202568,2.416196633301456,-39.99999931767356
4.97646,4.86006,57.5758,4624.64237,-1.53438,42.07444,6.647417143288874,2.4763377899465953,-39.99999931767356
5.02235,4.90159,57.3893,4621.27064,-1.54763,41.99895,6.81414878698066,2.5384497141953575,-39.99999931767356
5.06826,4.94303,57.20146,4617.80737,-1.55861,41.9214,6.986082172892588,2.6024994242871973,-39.99999931767356
5.11419,4.98438,57.01259,4614.24909,-1.56722,41.84175,7.163099349408943,2.6684429801417684,-39.99999931767356
5.16014,5.02563,56.82297,4610.5924,-1.5734,41.75991,7.3450503064051595,2.7362244990406634,-39.99999931767356
5.20612,5.06679,56.6329,4606.83398,-1.57708,41.67582,7.531750349984094,2.80577517764761,-39.99999931767356
5.25212,5.10785,56.44271,4602.97058,-1.5782,41.58943,7.722977536652135,2.877012336171553,-39.99999931767356
5.29815,5.14881,56.2527,4598.99909,-1.57668,41.50067,7.918470215499597,2.949838502764183,-39.99999931767356
5.34421,5.18967,56.0632,4594.91654,-1.57248,41.40949,8.11792473283457,3.024140558435655,-39.99999931767356
5.39028,5.23042,55.87453,4590.72013,-1.56552,41.31583,8.32099335942893,3.0997889648991883,-39.99999931767356
5.43639,5.27106,55.68705,4586.40724,-1.55577,41.21965,8.527282505532765,3.1766370996169675,-39.99999931767356
5.48252,5.31158,55.50109,4581.97548,-1.54318,41.12089,8.736351293035076,3.254520723892446,-39.99999931767356
5.52868,5.35199,55.31698,4577.42271,-1.52771,41.01953,8.947710557131176,3.3332576109651777,-39.99999931767356
5.57486,5.39229,55.13509,4572.74707,-1.50933,40.91552,9.16082235139116,3.4126473616357993,-39.99999931767356
5.62107,5.43245,54.95577,4567.94699,-1.48801,40.80885,9.375100029744505,3.4924714348074555,-39.99999931767356
5.66731,5.4725,54.77935,4563.02126,-1.46374,40.69948,9.589908976431005,3.5724934194117224,-39.99999931767356
5.71358,5.51241,54.60621,4557.96902,-1.43652,40.58742,9.804568049966834,3.652459572323964,-39.99999931767356
5.75988,5.55219,54.43667,4552.78981,-1.40634,40.47264,10.018351799525755,3.7320996440236485,-39.99999931767356
5.8062,5.59184,54.27111,4547.48358,-1.37322,40.35517,10.230493501544771,3.8111280098098472,-39.99999931767356
5.85256,5.63135,54.10985,4542.05073,-1.33719,40.23501,10.440189050891787,3.8892451193635744,-39.99999931767356
5.89894,5.67072,53.95324,4536.49214,-1.29829,40.11219,10.646601724480819,3.966139271319794,-39.99999931767356
5.94535,5.70994,53.8016,4530.80915,-1.25656,39.98675,10.848867816113442,4.041488712394113,-39.99999931767356
5.99179,5.74901,53.65527,4525.00361,-1.21207,39.85871,11.046103119734292,4.114964052566049,-39.99999931767356
6.03826,5.78794,53.51455,4519.0779,-1.16489,39.72816,11.237410214947554,4.1862309791256065,-39.99999931767356
6.08476,5.8267,53.37975,4513.03491,-1.1151,39.59514,11.42188648394059,4.254953243188274,-39.99999931767356
6.13129,5.86532,53.25116,4506.87807,-1.06282,39.45973,11.598632763929789,4.320795882958763,-39.99999931767356
6.17785,5.90377,53.12905,4500.61132,-1.00816,39.32204,11.7667625147105,4.38342863888456,-39.99999931767356
6.22443,5.94206,53.01368,4494.23913,-0.95123,39.18215,11.925411357857339,4.442529507259048,-39.99999931767356
6.27105,5.98018,52.9053,4487.76648,-0.89219,39.04019,12.07374682376347,4.497788371250086,-39.99999931767356
6.31769,6.01814,52.80412,4481.19884,-0.83119,38.89626,12.210978125918729,4.548910642075789,-39.99999931767356
6.36436,6.05592,52.71034,4474.54214,-0.76838,38.7505,12.33636576974757,4.5956208385494985,-39.99999931767356
6.41105,6.09354,52.62416,4467.80276,-0.70395,38.60306,12.449230796616778,4.637666030715862,-39.99999931767356
6.45778,6.13098,52.54572,4460.98748,-0.63807,38.45409,12.548963463138376,4.6748190731195445,-39.99999931767356
6.50453,6.16824,52.47516,4454.10345,-0.57095,38.30373,12.63503116179522,4.706881555446662,-39.99999931767356
6.5513,6.20533,52.4126,4447.15815,-0.50279,38.15216,12.70698540148563,4.733686402961328,-39.99999931767356
6.59811,6.24224,52.35811,4440.15932,-0.43378,37.99955,12.76446768552006,4.755100066214071,-39.99999931767356
6.64493,6.27896,52.31177,4433.11495,-0.36416,37.84608,12.807214149375099,4.771024248727229,-39.99999931767356
6.69178,6.31551,52.27359,4426.03318,-0.29413,37.69192,12.835058850323357,4.78139713246863,-39.99999931767356
6.73865,6.35188,52.2436,4418.92231,-0.22392,37.53725,12.847935634813172,4.786194073499677,-39.99999931767356
6.78555,6.38806,52.22177,4411.79065,-0.15375,37.38227,12.84587854579224,4.785427753714109,-39.99999931767356
6.83246,6.42406,52.20807,4404.64658,-0.08383,37.22715,12.829020769824059,4.779147788611182,-39.99999931767356
6.8794,6.45988,52.20241,4397.49838,-0.0144,37.07208,12.797592161027296,4.767439804897921,-39.99999931767356
6.92636,6.49551,52.20472,4390.35426,0.05434,36.91723,12.751915414484236,4.750424014983098,-39.99999931767356
6.97333,6.53097,52.21486,4383.22229,0.12217,36.7628,12.692400994145128,4.728253327488138,-39.99999931767356
7.02033,6.56624,52.2327,4376.1103,0.18888,36.60894,12.619540948479994,4.7011110434146985,-39.99999931767356
7.06734,6.60133,52.25808,4369.02592,0.25428,36.45584,12.53390177006855,4.669208196154038,-39.99999931767356
7.11436,6.63624,52.29081,4361.97647,0.31817,36.30364,12.436116472538373,4.632780599938022,-39.99999931767356
7.1614,6.67098,52.33068,4354.96894,0.38038,36.1525,12.326876069149534,4.592085675387681,-39.99999931767356
7.20846,6.70553,52.37747,4348.00998,0.44073,36.00257,12.206920642149498,4.547399122612929,-39.99999931767356
7.25553,6.73991,52.43093,4341.10586,0.49907,35.85399,12.077030190644532,4.499011511803863,-39.99999931767356
7.30261,6.77412,52.49081,4334.26243,0.55523,35.70688,11.938015438068126,4.447224858770875,-39.99999931767356
7.3497,6.80816,52.55684,4327.48512,0.60909,35.56136,11.79070876862473,4.392349248531472,-39.99999931767356
7.3968,6.84202,52.62872,4320.77894,0.66052,35.41754,11.635955446403651,4.334699564199155,-39.99999931767356
7.44392,6.87572,52.70617,4314.14843,0.70941,35.27552,11.474605252259238,4.274592371501248,-39.99999931767356
7.49104,6.90925,52.78886,4307.5977,0.75565,35.13538,11.307504652558952,4.212343001431503,-39.99999931767356
7.53817,6.94262,52.87649,4301.13042,0.79917,34.99721,11.135489591880214,4.148262865340034,-39.99999931767356
7.58531,6.97583,52.96872,4294.74979,0.83988,34.86107,10.959378979386502,4.082657028437033,-39.99999931767356
7.63245,7.00888,53.06524,4288.4586,0.87772,34.72701,10.77996891664796,4.015822059504072,-39.99999931767356
7.6796,7.04177,53.16569,4282.25922,0.91265,34.59509,10.598027693972604,3.948044166895823,-39.99999931767356
7.72676,7.07451,53.26975,4276.15358,0.94462,34.46534,10.414291563137319,3.8795976237711236,-39.99999931767356
7.77392,7.1071,53.37707,4270.14326,0.97361,34.3378,10.229461277484305,3.8107434791878734,-39.99999931767356
7.82108,7.13955,53.48731,4264.22942,0.99959,34.21247,10.044199375575067,3.7417285461926744,-39.99999931767356
7.86825,7.17184,53.60012,4258.4129,1.02257,34.08938,9.859128172454733,3.6727846535139275,-39.99999931767356
7.91542,7.204,53.71518,4252.69419,1.04254,33.96852,9.674828412805246,3.604128143825972,-39.99999931767356
7.9626,7.23602,53.83214,4247.07347,1.05951,33.84989,9.49183853303752,3.5359595988589847,-39.99999931767356
8.00977,7.2679,53.95067,4241.55061,1.07351,33.73348,9.310654474299072,3.4684637697394156,-39.99999931767356
8.05695,7.29964,54.07043,4236.12522,1.08456,33.61928,9.13172998550237,3.4018096898760097,-39.99999931767356
8.10413,7.33126,54.19111,4230.79668,1.0927,33.50726,8.955477354375706,3.336150947295499,-39.99999931767356
8.1513,7.36275,54.31237,4225.5641,1.09796,33.39739,8.782268505033745,3.27162609351651,-39.99999931767356
8.19848,7.39411,54.43391,4220.42643,1.10039,33.28964,8.612436402371127,3.208359166723128,-39.99999931767356
8.24566,7.42534,54.55542,4215.38239,1.10004,33.18398,8.446276706462672,3.1464603080725086,-39.99999931767356
8.29284,7.45646,54.67659,4210.43055,1.09697,33.08035,8.284049623779207,3.0860264513214797,-39.99999931767356
8.34002,7.48746,54.79714,4205.56933,1.09124,32.97871,8.125981906278357,3.027142067540458,-39.99999931767356
8.38719,7.51834,54.91678,4200.79702,1.08291,32.87903,7.972268954007621,2.9698799483884244,-39.99999931767356
8.43437,7.54911,55.03523,4196.11179,1.07205,32.78123,7.823076981610362,2.9143020131934,-39.99999931767356
8.48154,7.57976,55.15221,4191.51169,1.05872,32.68528,7.678545213963544,2.860460126885281,-39.99999931767356
8.52871,7.61031,55.26748,4186.9947,1.04301,32.59111,7.538788080849251,2.8083969175687242,-39.99999931767356
8.57588,7.64075,55.38078,4182.55872,1.02498,32.49868,7.403897385110971,2.758146584218406,-39.99999931767356
8.62305,7.67109,55.49186,4178.2016,1.00471,32.40791,7.273944423012858,2.70973568656864,-39.99999931767356
8.67022,7.70132,55.60049,4173.9211,0.98227,32.31875,7.148982039452508,2.6631839107342152,-39.99999931767356
8.71738,7.73145,55.70645,4169.71496,0.95774,32.23114,7.029046604325339,2.618504805458124,-39.99999931767356
8.76454,7.76149,55.80951,4165.5809,0.93121,32.14502,6.914159899520414,2.5757064850671587,-39.99999931767356
8.8117,7.79142,55.90947,4161.51657,0.90274,32.06032,6.8043309089901465,2.5347922963199743,-39.99999931767356
8.85885,7.82126,56.00614,4157.51963,0.87242,31.97699,6.699557506779082,2.4957614472422276,-39.99999931767356
8.90601,7.85101,56.09932,4153.58773,0.84033,31.89496,6.599828040106956,2.458609596866667,-39.99999931767356
8.95316,7.88067,56.18883,4149.71847,0.80655,31.81416,6.505122806428439,2.4233294054767516,-39.99999931767356
9.0003,7.91023,56.2745,4145.90948,0.77114,31.73454,6.415415424916817,2.38991104552041,-39.99999931767356
9.04745,7.93971,56.35617,4142.15837,0.7342,31.65603,6.3306741040975645,2.3583426738368964,-39.99999931767356
9.09459,7.9691,56.43369,4138.46275,0.69581,31.57857,6.2508628083180895,2.3286108661974656,-39.99999931767356
9.14172,7.9984,56.5069,4134.82024,0.65603,31.5021,6.175942326545214,2.3007010154605547,-39.99999931767356
9.18886,8.02762,56.57567,4131.22846,0.61494,31.42655,6.105871247545651,2.2745976948521687,-39.99999931767356
9.23599,8.05675,56.63987,4127.68502,0.57263,31.35187,6.040606845874925,2.2502849880200664,-39.99999931767356
9.28312,8.0858,56.69939,4124.18755,0.52917,31.27798,5.98010588339133,2.2277467876187984,-39.99999931767356
9.33025,8.11477,56.7541,4120.73369,0.48463,31.20484,5.924325331098565,2.2069670642150814,-39.99999931767356
9.37737,8.14365,56.80392,4117.32107,0.43909,31.13238,5.87322301611685,2.1879301073015633,-39.99999931767356
9.42449,8.17246,56.84873,4113.94732,0.39263,31.06053,5.826758198532704,2.1706207401885393,-39.99999931767356
9.4716,8.20119,56.88846,4110.6101,0.34531,30.98925,5.784892082691506,2.155024510473889,-39.99999931767356
9.51872,8.22984,56.92303,4107.30705,0.29721,30.91846,5.747588267271776,2.1411278577075836,-39.99999931767356
9.56583,8.25841,56.95236,4104.03581,0.24841,30.84811,5.714813138224896,2.128918259772075,-39.99999931767356
9.61293,8.2869,56.97639,4100.79404,0.19897,30.77814,5.686536208341843,2.118384359379834,-39.99999931767356
9.66004,8.31532,56.99506,4097.57937,0.14897,30.7085,5.662730406858509,2.1095160719589585,-39.99999931767356
9.70714,8.34366,57.00834,4094.38946,0.09848,30.63911,5.643372322163386,2.102304676068162,-39.99999931767356
9.75422,8.37196,57.01765,4091.21865,0.07526,30.64599,5.627259475865863,2.0963022168678336,0.0
9.80126,8.40025,57.02445,4088.06219,0.05162,30.65292,5.613211493132282,2.091068973674904,0.0
9.84826,8.42852,57.02869,4084.91902,0.02759,30.65987,5.601241310598334,2.08660976572655,0.0
9.89522,8.45678,57.03034,4081.78807,0.00323,30.66686,5.591359948525,2.082928698359949,0.0
9.94215,8.48503,57.02937,4078.66824,-0.02143,30.67389,5.583576795451576,2.0800292690530164,0.0
9.98903,8.51327,57.02575,4075.55843,-0.04633,30.68095,5.577899687123924,2.0779143968272566,0.0
10.03587,8.5415,57.01947,4072.45752,-0.07144,30.68805,5.574334971127907,2.0765864463254173,0.0
10.08268,8.56971,57.01052,4069.36438,-0.0967,30.69518,5.572887557074513,2.0760472465067723,0.0
10.12944,8.59792,56.99887,4066.27784,-0.12209,30.70235,5.573560952231133,2.0762981039207062,0.0
10.17617,8.62611,56.98452,4063.19676,-0.14754,30.70955,5.576357282509632,2.0773398105253245,0.0
10.22286,8.65429,56.96748,4060.11996,-0.17302,30.71679,5.581277298805862,2.07917264604909,0.0
10.26951,8.68246,56.94774,4057.04624,-0.19847,30.72407,5.588320368681834,2.081796374892211,0.0
10.31612,8.71062,56.92532,4053.97442,-0.22387,30.73138,5.597484453451718,2.0852102375905743,0.0
10.36269,8.73877,56.90023,4050.90328,-0.24915,30.73872,5.608766070769932,2.089412936878827,0.0
10.40922,8.7669,56.87248,4047.83162,-0.27428,30.7461,5.622160242838185,2.0944026183961277,0.0
10.45572,8.79503,56.84211,4044.75821,-0.2992,30.75352,5.637660430435338,2.1001768461105486,0.0
10.50217,8.82314,56.80913,4041.68182,-0.32389,30.76097,5.655258452982897,2.1067325725413544,0.0
10.54859,8.85125,56.77358,4038.6012,-0.34828,30.76846,5.674944394948367,2.114066103891799,0.0
10.59497,8.87934,56.73549,4035.51513,-0.37234,30.77598,5.69670649893605,2.122173060222627,0.0
10.64131,8.90742,56.69492,4032.42235,-0.39602,30.78353,5.720531045873707,2.131048330818462,0.0
10.6876,8.93549,56.65189,4029.32162,-0.41928,30.79112,5.746402222820719,2.140686024942857,0.0
10.73387,8.96355,56.60648,4026.21167,-0.44207,30.79875,5.77430197896001,2.151079418191508,0.0
10.78009,8.9916,56.55872,4023.09127,-0.46435,30.8064,5.804209870483193,2.1622208947078794,0.0
10.82627,9.01964,56.50868,4019.95917,-0.48608,30.8141,5.836102895144017,2.174101885550019,0.0
10.87241,9.04767,56.45643,4016.81411,-0.50721,30.82182,5.869955317404409,2.186712803552851,0.0
10.91851,9.07568,56.40203,4013.65485,-0.52771,30.82958,5.905738485209251,2.2000429750719643,0.0
10.96458,9.10369,56.34556,4010.48016,-0.54753,30.83738,5.943420639575515,2.2140805690505503,0.0
11.0106,9.13168,56.28709,4007.28881,-0.56663,30.8452,5.982966718318534,2.22881252390228,0.0
11.05658,9.15966,56.2267,4004.07958,-0.58496,30.85306,6.0243381554156,2.2442244727689595,0.0
11.10252,9.18763,56.16448,4000.85126,-0.6025,30.86096,6.067492677653444,2.2603006677663733,0.0
11.14843,9.21559,56.10052,3997.60268,-0.6192,30.86888,6.112384100399849,2.277023903903829,0.0
11.19429,9.24354,56.0349,3994.33264,-0.63503,30.87684,6.158962124507548,2.294375443425519,0.0
11.24011,9.27147,55.96774,3991.04001,-0.64995,30.88483,6.207172136545408,2.312334941391381,0.0
11.28588,9.2994,55.89912,3987.72365,-0.66391,30.89286,6.256955014732968,2.3308803733826062,0.0
11.33162,9.32731,55.82915,3984.38245,-0.6769,30.90091,6.308246943141882,2.3499879662867857,0.0
11.37731,9.35521,55.75794,3981.01535,-0.68887,30.909,6.360979236885502,2.3696321331764363,0.0
11.42297,9.38309,55.6856,3977.62129,-0.6998,30.91711,6.415078181212759,2.3897854133672323,0.0
11.46858,9.41097,55.61224,3974.19926,-0.70966,30.92526,6.470464887532952,2.4104184187834545,0.0
11.51414,9.43883,55.53797,3970.7483,-0.71841,30.93344,6.527055169552503,2.43149978781567,0.0
11.55967,9.46668,55.46292,3967.26748,-0.72604,30.94165,6.584759442812358,2.4529961478957727,0.0
11.60515,9.49451,55.3872,3963.75591,-0.73251,30.94989,6.643482650971313,2.4748720880355806,0.0
11.65058,9.52234,55.31094,3960.21276,-0.7378,30.95816,6.703124222236117,2.497090142595905,0.0
11.69598,9.55014,55.23426,3956.63723,-0.74191,30.96646,6.763578059320776,2.5196107875461253,0.0
11.74132,9.57794,55.15729,3953.02862,-0.7448,30.97478,6.824732566284977,2.542392450462209,0.0
11.78662,9.60572,55.08015,3949.38624,-0.74646,30.98314,6.886470715483161,2.5653915354670027,0.0
11.83188,9.63349,55.00297,3945.7095,-0.74688,30.99153,6.948670157707863,2.588562464261524,0.0
11.87709,9.66124,54.92589,3941.99786,-0.74606,30.99994,7.011203378373698,2.6118577343076077,0.0
11.92226,9.68898,54.84903,3938.25084,-0.74397,31.00838,7.0739379023146,2.6352279951202613,0.0
11.96738,9.7167,54.77253,3934.46807,-0.74063,31.01685,7.13673654939495,2.65862214348954,0.0
12.01245,9.74441,54.69651,3930.64922,-0.73602,31.02534,7.199457742729235,2.68198743830048,0.0
12.05747,9.77211,54.6211,3926.79405,-0.73015,31.03387,7.261955870785668,2.7052696354262187,0.0
12.10245,9.79978,54.54643,3922.90243,-0.72302,31.04241,7.324081704099794,2.7284131429647833,0.0
12.14737,9.82745,54.47263,3918.97427,-0.71464,31.05099,7.38568286669357,2.7513611968551004,0.0
12.19225,9.85509,54.39983,3915.0096,-0.70503,31.05959,7.446604361596033,2.7740560566472707,0.0
12.23708,9.88272,54.32815,3911.00853,-0.69419,31.06822,7.50668914914598,2.796439220935533,0.0
12.28186,9.91034,54.25772,3906.97128,-0.68215,31.07687,7.565778775951525,2.818451661662251,0.0
12.32659,9.93793,54.18865,3902.89813,-0.66893,31.08554,7.623714051588757,2.840034076205964,0.0
12.37127,9.96551,54.12106,3898.78948,-0.65456,31.09424,7.680335769278034,2.8611271558522753,0.0
12.4159,9.99308,54.05507,3894.64583,-0.63906,31.10297,7.73548546595968,2.8816718689420395,0.0
12.46048,10.02062,53.99078,3890.46775,-0.62246,31.11172,7.789006216371632,2.9016097566861876,0.0
12.50501,10.04815,53.92831,3886.25592,-0.6048,31.12049,7.840743454943481,2.920883239342876,0.0
12.54948,10.07566,53.86775,3882.01114,-0.58613,31.12928,7.890545818585437,2.939435930178556,0.0
12.59391,10.10315,53.80921,3877.73425,-0.56647,31.1381,7.938266002815851,2.9572129543979995,0.0
12.63828,10.13063,53.75277,3873.42623,-0.54589,31.14694,7.9837616230630335,2.9741612700018876,0.0
12.68259,10.15808,53.69852,3869.08813,-0.52443,31.1558,8.026896072520117,2.9902299873603218,0.0
12.72686,10.18552,53.64655,3864.72109,-0.50214,31.16469,8.067539367602844,3.0053706841680916,0.0
12.77107,10.21294,53.59694,3860.32633,-0.47907,31.17359,8.105568971805615,3.0195377123527307,0.0
12.81522,10.24033,53.54974,3855.90515,-0.45529,31.18252,8.140870588741835,3.032688493502917,0.0
12.85932,10.26771,53.50504,3851.45894,-0.43086,31.19147,8.173338915190925,3.0447837993982865,0.0
12.90337,10.29507,53.46288,3846.98915,-0.40583,31.20044,8.20287834525011,3.0557880143245137,0.0
12.94736,10.32241,53.42331,3842.4973,-0.38028,31.20943,8.22940361710167,3.065669376011127,0.0
12.99129,10.34973,53.38638,3837.98497,-0.35427,31.21844,8.252840394459485,3.0744001922356374,0.0
13.03517,10.37703,53.35213,3833.45379,-0.32787,31.22747,8.273125775480338,3.0819570304064023,0.0
13.079,10.40431,53.32058,3828.90546,-0.30114,31.23652,8.290208722778768,3.088320877754463,0.0
13.12277,10.43157,53.29176,3824.34169,-0.27418,31.2456,8.304050409185686,3.0934772701377278,0.0
13.16648,10.45881,53.26568,3819.76426,-0.24703,31.25469,8.31462447492067,3.097416387844424,0.0
13.21014,10.48603,53.24236,3815.17497,-0.21979,31.2638,8.321917193088,3.100133117244718,0.0
13.25373,10.51323,53.22178,3810.57562,-0.19251,31.27293,8.325927541571442,3.1016270775734194,0.0
13.29728,10.5404,53.20394,3805.96805,-0.16528,31.28209,8.326667180711294,3.1019026126140914,0.0
13.34073,10.56761,53.18598,3801.36074,-0.19558,31.42661,8.327536512967578,3.1022264617530646,45.99999921532459
13.38407,10.59491,53.16501,3796.75963,-0.22598,31.5714,8.33191885469948,3.1038589993545487,45.99999921532459
13.42728,10.62228,53.14105,3792.16279,-0.25643,31.71651,8.339812955665229,3.106799759670588,45.99999921532459
13.47038,10.64975,53.1141,3787.56826,-0.28687,31.862,8.351213843297781,3.1110468902891206,45.99999921532459
13.51335,10.67729,53.08417,3782.97407,-0.31725,32.00792,8.366114347251527,3.1165977200677455,45.99999921532459
13.55621,10.70492,53.05127,3778.37825,-0.34751,32.15433,8.384505020502079,3.1234487297413116,45.99999921532459
13.59894,10.73264,53.01543,3773.7788,-0.37759,32.3013,8.406374033209035,3.1315955123830075,45.99999921532459
13.64156,10.76044,52.97667,3769.17375,-0.40744,32.44887,8.43170703985178,3.1410327239089506,45.99999921532459
13.68405,10.78832,52.93503,3764.5611,-0.43701,32.59711,8.460487020178826,3.151754023827632,45.99999921532459
13.72642,10.81629,52.89054,3759.93884,-0.46624,32.74608,8.492694094703596,3.1637520065072406,45.99999921532459
13.76866,10.84434,52.84325,3755.30497,-0.49508,32.89583,8.528305315526723,3.1770181232514667,45.99999921532459
13.81078,10.87247,52.79321,3750.6575,-0.52347,33.04642,8.567294433438548,3.191542595539055,45.99999921532459
13.85278,10.90069,52.74047,3745.99442,-0.55135,33.19791,8.609631642402494,3.207314319837135,45.99999921532459
13.89466,10.929,52.68509,3741.31375,-0.57868,33.35037,8.65528330271907,3.2243207644725342,45.99999921532459
13.9364,10.95739,52.62714,3736.61348,-0.6054,33.50383,8.70421164431609,3.2425478590995715,45.99999921532459
13.97802,10.98586,52.56668,3731.89164,-0.63145,33.65837,8.75637445190864,3.2619798774138657,45.99999921532459
14.01952,11.01442,52.50378,3727.14626,-0.65679,33.81404,8.81172473393545,3.282599313822422,45.99999921532459
14.06088,11.04306,52.43853,3722.37539,-0.68136,33.9709,8.870210377512702,3.304386754904846,45.99999921532459
14.10212,11.07179,52.37101,3717.57709,-0.70512,34.12899,8.931773791888816,3.3273207465908685,45.99999921532459
14.14322,11.10061,52.30131,3712.74945,-0.728,34.28838,8.996351543235418,3.3513776581103767,45.99999921532459
14.1842,11.12951,52.22952,3707.89057,-0.74997,34.44912,9.06387398386271,3.3765315438663803,45.99999921532459
14.22504,11.1585,52.15575,3702.99859,-0.77097,34.61126,9.134264879397776,3.4027540045491205,45.99999921532459
14.26575,11.18757,52.08008,3698.07169,-0.79096,34.77486,9.207441037705104,3.4300140488992032,45.99999921532459
14.30632,11.21673,52.00263,3693.10807,-0.80989,34.93996,9.283311943780616,3.4582779576960148,45.99999921532459
14.34676,11.24598,51.92352,3688.10597,-0.82771,35.10662,9.361779405146567,3.487509151657997,45.99999921532459
14.38706,11.27531,51.84284,3683.0637,-0.84439,35.27489,9.442737212668016,3.5176680650878516,45.99999921532459
14.42722,11.30474,51.76073,3677.97959,-0.85988,35.4448,9.526070822050274,3.5487120272219683,45.99999921532459
14.46724,11.33425,51.67729,3672.85205,-0.87414,35.61641,9.611657061568511,3.5805951533520024,45.99999921532459
14.50711,11.36385,51.59267,3667.67954,-0.88714,35.78976,9.699363871919344,3.6132682479127554,45.99999921532459
14.54685,11.39353,51.50698,3662.46059,-0.89884,35.96488,9.789050084269967,3.646678721799631,45.99999921532459
14.58644,11.42331,51.42035,3657.1938,-0.9092,36.14183,9.880565242841415,3.6807705262762354,45.99999921532459
14.62588,11.45318,51.33293,3651.87785,-0.91819,36.32063,9.973749478424818,3.7154841058558516,45.99999921532459
14.66518,11.48313,51.24484,3646.51152,-0.92579,36.50133,10.068433439335037,3.750756372579856,45.99999921532459
14.70432,11.51318,51.15622,3641.09364,-0.93197,36.68394,10.164438286227675,3.7865207040869118,45.99999921532459
14.74332,11.54332,51.06721,3635.62319,-0.93671,36.8685,10.261575757098809,3.8227069678270897,45.99999921532459
14.78216,11.57354,50.97796,3630.0992,-0.93998,37.05504,10.359648308510486,3.8592415736720684,45.99999921532459
14.82085,11.60386,50.88861,3624.52084,-0.94177,37.24358,10.458449338719728,3.896047557036572,45.99999921532459
14.85938,11.63427,50.79929,3618.8874,-0.94207,37.43414,10.557763497893232,3.9330446944414983,45.99999921532459
14.89775,11.66477,50.71015,3613.19826,-0.94087,37.62672,10.657367089937718,3.9701496532063008,45.99999921532459
14.93596,11.69536,50.62134,3607.45294,-0.93815,37.82136,10.75702856969982,4.007276176669035,45.99999921532459
14.97402,11.72604,50.53301,3601.6511,-0.93392,38.01804,10.856509138351607,4.044335305983119,45.99999921532459
15.0119,11.75681,50.44528,3595.79253,-0.92818,38.21678,10.955563438757892,4.08123563915996,45.99999921532459
15.04963,11.78768,50.35831,3589.87714,-0.92094,38.41758,11.053940351337449,4.117883627548199,45.99999921532459
15.08718,11.81864,50.27223,3583.90502,-0.91219,38.62042,11.151383889720044,4.154183909489515,45.99999921532459
15.12457,11.84969,50.18718,3577.87637,-0.90197,38.82531,11.247634193984458,4.190039680325931,45.99999921532459
15.16179,11.88083,50.10331,3571.79157,-0.89028,39.03223,11.34242861780758,4.225353097391445,45.99999921532459
15.19883,11.91207,50.02073,3565.65113,-0.87715,39.24116,11.435502904222774,4.260025718012968,45.99999921532459
15.2357,11.94339,49.9396,3559.45572,-0.8626,39.45208,11.526592443115023,4.293958967960342,45.99999921532459
15.2724,11.97481,49.86002,3553.20618,-0.84667,39.66496,11.615433601945753,4.327054637176363,45.99999921532459
15.30892,12.00632,49.78212,3546.90349,-0.8294,39.87976,11.701765119574286,4.359215399011929,45.99999921532459
15.34526,12.03793,49.70603,3540.54878,-0.81082,40.09646,11.7853295515656,4.390345348641227,45.99999921532459
15.38142,12.06962,49.63185,3534.14336,-0.79097,40.31501,11.86587475392404,4.420350555791566,45.99999921532459
15.41739,12.10141,49.5597,3527.68865,-0.76991,40.53537,11.943155390926533,4.449139626450931,45.99999921532459
15.45318,12.13329,49.48968,3521.18626,-0.7477,40.75748,12.016934451614501,4.476624267801118,45.99999921532459
15.48879,12.16526,49.42189,3514.6379,-0.72438,40.98129,12.086984758661576,4.502719850310659,45.99999921532459
15.52421,12.19731,49.35641,3508.04547,-0.70002,41.20674,12.153090452674476,4.527345960675955,45.99999921532459
15.55944,12.22946,49.29333,3501.41096,-0.67469,41.43376,12.215048434647688,4.550426939173596,45.99999921532459
15.59449,12.2617,49.23274,3494.73651,-0.64846,41.6623,12.27266974922191,4.571892394960525,45.99999921532459
15.62934,12.29403,49.1747,3488.02437,-0.62139,41.89228,12.325780891721651,4.591677692979942,45.99999921532459
15.664,12.32645,49.11928,3481.2769,-0.59357,42.12363,12.374225022432988,4.609724406311707,45.99999921532459
15.69846,12.35896,49.06653,3474.49657,-0.56506,42.35626,12.417863072573997,4.625980728175435,45.99999921532459
15.73274,12.39155,49.0165,3467.68594,-0.53597,42.5901,12.456574727598381,4.640401838236962,45.99999921532459
15.76681,12.42423,48.96923,3460.84764,-0.50635,42.82507,12.490259274924119,4.652950218409581,45.99999921532459
15.80069,12.457,48.92475,3453.98439,-0.47631,43.06108,12.518836305013682,4.6635959140248575,45.99999921532459
15.83438,12.48985,48.88309,3447.09897,-0.44593,43.29805,12.542246256725193,4.672316736990296,45.99999921532459
15.86786,12.52278,48.84427,3440.1942,-0.4153,43.53588,12.560450799950623,4.679098408332129,45.99999921532459
15.90115,12.5558,48.80829,3433.27294,-0.38451,43.77448,12.573433050991289,4.683934638428359,45.99999921532459
15.93424,12.58891,48.77515,3426.33807,-0.35364,44.01378,12.581197618428037,4.686827144096612,45.99999921532459
15.96712,12.62209,48.74484,3419.39251,-0.3228,44.25366,12.58377047975182,4.687785602635778,45.99999921532459
15.99981,12.65536,48.71735,3412.43915,-0.29206,44.49406,12.581198691413174,4.686827543811807,45.99999921532459
16.0323,12.68871,48.69265,3405.48089,-0.26152,44.73486,12.573549937270146,4.683978181642696,45.99999921532459
16.06458,12.72213,48.6707,3398.52061,-0.23126,44.97599,12.56091192271,4.6792701886928665,45.99999921532459
16.09667,12.75564,48.65148,3391.56114,-0.20139,45.21736,12.54339162365699,4.672743416308807,45.99999921532459
16.12855,12.78922,48.63492,3384.6053,-0.17197,45.45887,12.521114401644335,4.664444564960105,45.99999921532459
16.16023,12.82287,48.62098,3377.65581,-0.14309,45.70044,12.494222997608219,4.654426809401229,45.99999921532459
16.19178,12.85654,48.61388,3370.70451,-0.01788,45.71332,12.455290602384228,4.639923467807322,0.0
16.22325,12.89015,48.61778,3363.74879,0.10616,45.7262,12.397143646011598,4.618262196620018,0.0
16.25465,12.9237,48.63251,3356.79958,0.22852,45.73906,12.320423899810502,4.5896820725420975,0.0
16.28598,12.9572,48.65786,3349.86753,0.34873,45.75191,12.225922708062784,4.5544778921400715,0.0
16.31723,12.99064,48.69359,3342.96293,0.46635,45.76476,12.114560838516349,4.512992665626892,0.0
16.34842,13.02402,48.73939,3336.09563,0.58095,45.77759,11.987371437381087,4.465611267149454,0.0
16.37953,13.05734,48.79495,3329.27498,0.69212,45.79042,11.845481758281016,4.412753628342531,0.0
16.41057,13.09061,48.85991,3322.50978,0.79948,45.80324,11.690094191683007,4.354867671291834,0.0
16.44154,13.12382,48.9339,3315.80823,0.90268,45.81605,11.52246710559989,4.2924221711917925,0.0
16.47244,13.15698,49.01649,3309.1779,1.00141,45.82885,11.343895974007483,4.225899726184375,0.0
16.50327,13.19008,49.10725,3302.62573,1.09539,45.84165,11.155695219604072,4.155789993309233,0.0
16.53402,13.22313,49.20574,3296.15795,1.18437,45.85445,10.95918113642396,4.082583326727924,0.0
16.56472,13.25612,49.31148,3289.78014,1.26812,45.86724,10.755656189413486,4.006764928902878,0.0
16.59534,13.28906,49.424,3283.49722,1.34646,45.88002,10.54639491637965,3.928809598702306,0.0
16.6259,13.32195,49.54278,3277.31344,1.41923,45.89281,10.332631586363762,3.849177133819672,0.0
16.65639,13.35479,49.66734,3271.2324,1.48633,45.90559,10.115549700605259,3.7683084196064582,0.0
16.68681,13.38758,49.79717,3265.25709,1.54764,45.91837,9.896273360217892,3.686622213304415,0.0
16.71718,13.42032,49.93174,3259.38991,1.60311,45.93115,9.67586047028541,3.6045126123923996,0.0
16.74748,13.45301,50.07055,3253.63272,1.65271,45.94393,9.455297704548567,3.5223471787997886,0.0
16.77772,13.48566,50.21308,3247.98681,1.69641,45.95672,9.235497118356259,3.440465677141668,0.0
16.80789,13.51826,50.35884,3242.45302,1.73425,45.96951,9.01729427042743,3.3591793750257177,0.0
16.83801,13.55082,50.5073,3237.03172,1.76624,45.98231,8.801447695451301,3.2787708465819203,0.0
16.86808,13.58333,50.65798,3231.72288,1.79244,45.99511,8.588639558955864,3.1994942164183082,0.0
16.89808,13.6158,50.81039,3226.52608,1.81293,46.00792,8.379477322279964,3.1215757798668724,0.0
16.92803,13.64824,50.96405,3221.44057,1.82779,46.02073,8.174496247580931,3.045214936164811,0.0
16.95792,13.68063,51.11849,3216.46528,1.83714,46.03356,7.974162579708443,2.9705853737862706,0.0
16.98776,13.71298,51.27325,3211.59888,1.84107,46.04639,7.778877252053048,2.8978364509684242,0.0
17.01755,13.7453,51.42788,3206.83982,1.83972,46.05924,7.588979976410309,2.827094719293472,0.0
17.04729,13.77758,51.58196,3202.18631,1.83322,46.0721,7.404753591349688,2.7584655435704697,0.0
17.07698,13.80982,51.73506,3197.63641,1.82172,46.08498,7.2264285588079336,2.692034776934675,0.0
17.10662,13.84204,51.88678,3193.188,1.80537,46.09786,7.054187514022259,2.627870455817373,0.0
17.13621,13.87421,52.03673,3188.83886,1.78432,46.11077,6.888169788960235,2.5660244850425262,0.0
17.16575,13.90636,52.18453,3184.58665,1.75873,46.12369,6.728475843568555,2.506534288583541,0.0
17.19524,13.93848,52.32983,3180.42893,1.72876,46.13662,6.575171552444609,2.449424406461208,0.0
17.2247,13.97057,52.47226,3176.36321,1.69459,46.14958,6.428292306405138,2.3947080226859523,0.0
17.2541,14.00262,52.61151,3172.38694,1.65637,46.16255,6.287846899134666,2.3423884131366357,0.0
17.28347,14.03466,52.74725,3168.49753,1.61427,46.17554,6.1538211783338435,2.2924603057093793,0.0
17.31279,14.06666,52.87919,3164.69236,1.56846,46.18856,6.026181448769035,2.244911148043081,0.0
17.34207,14.09864,53.00703,3160.96878,1.51911,46.20159,5.904877621313941,2.1997222806202688,0.0
17.37131,14.13059,53.1305,3157.32415,1.46639,46.21465,5.789846107571084,2.156870015089771,0.0
17.4005,14.16252,53.24933,3153.75581,1.41045,46.22772,5.681012464100422,2.116326619311447,0.0
17.42966,14.19443,53.3633,3150.26112,1.35147,46.24082,5.578293793752535,2.0780612119159834,0.0
17.45878,14.22631,53.47216,3146.83742,1.2896,46.25395,5.481600914236961,2.0420405701536555,0.0
17.48787,14.25817,53.5757,3143.48209,1.22501,46.2671,5.3908403059230805,2.008229855501406,0.0
17.51691,14.29001,53.67371,3140.1925,1.15785,46.28027,5.305915852167844,1.9765932619807214,0.0
17.54592,14.32183,53.766,3136.96605,1.08828,46.29347,5.226730386198199,1.9470945924120255,0.0
17.57489,14.35363,53.85239,3133.80015,1.01646,46.30669,5.153187058863871,1.9196977679385876,0.0
17.60383,14.38541,53.93272,3130.69222,0.94253,46.31994,5.0851905415855825,1.8943672761563803,0.0
17.63273,14.41717,54.00683,3127.6397,0.86664,46.33322,5.022648078442992,1.8710685630445216,0.0
17.66159,14.44891,54.07459,3124.64004,0.78895,46.34652,4.9654704008772,1.8497683737160244,0.0
17.69043,14.48064,54.13587,3121.69071,0.7096,46.35986,4.913572517713858,1.8304350467221913,0.0
17.71922,14.51234,54.19054,3118.78917,0.62873,46.37321,4.866874392428642,1.8130387663518235,0.0
17.74799,14.54403,54.2385,3115.93291,0.54649,46.3866,4.825301518661392,1.7975517770253817,0.0
17.77672,14.57571,54.27967,3113.11941,0.46301,46.40001,4.788785403998501,1.7839485635166539,0.0
17.80542,14.60737,54.31395,3110.34617,0.37843,46.41346,4.757263971060407,1.7722060003683973,0.0
17.83409,14.63901,54.34127,3107.61065,0.2929,46.42693,4.730681883900191,1.7623034734844099,0.0
17.86272,14.67064,54.36159,3104.91035,0.20654,46.44043,4.708990806694743,1.7542229764987904,0.0
17.89132,14.70225,54.37484,3102.24273,0.1195,46.45395,4.692149600716852,1.747949184153228,0.0
17.91989,14.73384,54.38099,3099.60525,0.0319,46.46751,4.680124464535888,1.7434695045254442,0.0
17.94843,14.76543,54.38001,3096.99534,-0.05611,46.4811,4.672889021447894,1.7407741115992008,0.0
17.97694,14.79699,54.37189,3094.41043,-0.14441,46.49471,4.670424357127418,1.7398559592906022,0.0
18.00542,14.82855,54.35661,3091.8479,-0.23286,46.50836,4.672719009590738,1.7407107777091289,0.0
18.03387,14.86009,54.33419,3089.30513,-0.32132,46.52203,4.67976891258856,1.7433370520699294,0.0
18.06229,14.89162,54.30464,3086.77943,-0.40968,46.53573,4.691577292655081,1.7477359843418871,0.0
18.09067,14.92313,54.26799,3084.26811,-0.49778,46.54947,4.708154519152613,1.7539114373852975,0.0
18.11903,14.95463,54.22427,3081.76842,-0.5855,46.56323,4.729517905763525,1.7618698610023937,0.0
18.14735,14.98611,54.17353,3079.27755,-0.6727,46.57702,4.755691461017203,1.7716201990020743,0.0
18.17565,15.01759,54.11583,3076.79267,-0.75924,46.59084,4.786705584626178,1.783173776077122,0.0
18.20391,15.04904,54.05125,3074.31089,-0.845,46.60468,4.822596705549147,1.7965441629731547,0.0
18.23215,15.08049,53.97985,3071.82923,-0.92982,46.61856,4.863406856933184,1.8117470181434157,0.0
18.26035,15.11192,53.90173,3069.34471,-1.01357,46.63247,4.909183182312987,1.8287999037950013,0.0
18.28852,15.14334,53.817,3066.85422,-1.09612,46.6464,4.959977366734004,1.847722073967257,0.0
18.31667,15.17475,53.72577,3064.35465,-1.17731,46.66036,5.015844985780937,1.8685342320277658,0.0
18.34478,15.20614,53.62816,3061.84276,-1.257,46.67435,5.0768447649266735,1.891258254760337,0.0
18.37286,15.23751,53.52431,3059.31529,-1.33504,46.68836,5.143037741084807,1.9159168800212638,0.0
18.40091,15.26888,53.41438,3056.76888,-1.41129,46.7024,5.21448631788418,1.942533354804228,0.0
18.42893,15.30022,53.29851,3054.20011,-1.4856,46.71647,5.291253205892316,1.971131040445645,0.0
18.45692,15.33156,53.17689,3051.60547,-1.55781,46.73057,5.3734002390154805,2.0017329717025483,0.0
18.48488,15.36288,53.0497,3048.98139,-1.62777,46.74469,5.460987058371672,2.034361366460644,0.0
18.5128,15.39418,52.91713,3046.32424,-1.69532,46.75883,5.554069655397608,2.0690370830033333,0.0
18.54069,15.42547,52.7794,3043.6303,-1.76031,46.773,5.6526987666449395,2.105779022031064,0.0
18.56855,15.45674,52.63672,3040.89579,-1.82257,46.7872,5.756918113805057,2.144603471024267,0.0
18.59638,15.488,52.48933,3038.11687,-1.88195,46.80142,5.866762484006257,2.185523389103537,0.0
18.62417,15.51924,52.33749,3035.28965,-1.93828,46.81566,5.982255647399633,2.2285476312755863,0.0
18.65193,15.55046,52.18144,3032.41016,-1.9914,46.82992,6.103408111586455,2.27368011189836,0.0
18.67966,15.58166,52.02146,3029.47443,-2.04115,46.8442,6.230214715519458,2.320918908345957,0.0
18.70735,15.61285,51.85783,3026.47842,-2.08735,46.85851,6.3626520693015225,2.3702553072662735,0.0
18.73501,15.64402,51.69086,3023.41808,-2.12986,46.87283,6.500675850710142,2.421672797465239,0.0
18.76263,15.67517,51.52084,3020.28936,-2.16851,46.88718,6.644217974451441,2.4751460153794533,0.0
18.79021,15.70629,51.34811,3017.0882,-2.20313,46.90154,6.793183655978878,2.530639651271398,0.0
18.81776,15.7374,51.173,3013.81058,-2.23357,46.91592,6.947448398281921,2.588107326728936,0.0
18.84527,15.76849,50.99586,3010.45249,-2.25968,46.93032,7.106854937232645,2.647490456726547,0.0
18.87274,15.79955,50.81703,3007.01,-2.28131,46.94473,7.271210188806028,2.7087171123845635,0.0
18.90017,15.83059,50.63689,3003.47925,-2.2983,46.95916,7.440282249580626,2.771700903576754,0.0
18.92756,15.8616,50.45582,2999.85651,-2.31053,46.9736,7.6137975103012066,2.836339903656447,0.0
18.95492,15.89259,50.2742,2996.13814,-2.31785,46.98806,7.791437950485916,2.902515641626534,0.0
18.98223,15.92356,50.09243,2992.3207,-2.32016,47.00253,7.972838689986681,2.9700921900312798,0.0
19.0095,15.9545,49.91092,2988.4009,-2.31734,47.017,8.157585880548819,3.038915379506815,0.0
19.03673,15.98541,49.73007,2984.3757,-2.30929,47.03149,8.345215026353811,3.108812173139119,0.0
19.06391,16.01629,49.5503,2980.2423,-2.29592,47.04599,8.53520982685501,3.1795902353898806,0.0
19.09105,16.04714,49.37204,2975.99816,-2.27716,47.06049,8.72700163734336,3.2510377311430356,0.0
19.11814,16.07796,49.19571,2971.6411,-2.25296,47.075,8.919969642133891,3.3229233902212862,0.0
19.14519,16.10875,49.02172,2967.16925,-2.22328,47.08951,9.113441831517374,3.394996871326307,0.0
19.17219,16.13951,48.85052,2962.58114,-2.1881,47.10403,9.306696866243989,3.4669894566079624,0.0
19.19914,16.17023,48.68253,2957.87571,-2.14742,47.11855,9.498966901936328,3.5386151038324645,0.0
19.22604,16.20091,48.51816,2953.05235,-2.10127,47.13307,9.689441430176686,3.6095718772884595,0.0
19.2529,16.23156,48.35784,2948.11091,-2.0497,47.14759,9.877272173081197,3.6795437711446737,0.0
19.2797,16.26217,48.20197,2943.05175,-1.99277,47.16211,10.061579044091577,3.748202930001674,0.0
19.30645,16.29275,48.05095,2937.87575,-1.9306,47.17663,10.24145715977511,3.815212260971857,0.0
19.33314,16.32328,47.90517,2932.58432,-1.86331,47.19115,10.415984856431495,3.8802284200764317,0.0
19.35978,16.35377,47.76501,2927.17943,-1.79104,47.20566,10.584232632033272,3.9429051433534967,0.0
19.38637,16.38421,47.63083,2921.66361,-1.71397,47.22016,10.745272899659941,4.002896880268886,0.0
19.4129,16.41462,47.50296,2916.03995,-1.63233,47.23466,10.898190404613368,4.059862674365744,0.0
19.43937,16.44498,47.38174,2910.31211,-1.54633,47.24914,11.042093125215041,4.1134702240983225,0.0
19.46578,16.47529,47.26745,2904.4843,-1.45624,47.26362,11.176123448684976,4.163400046140925,0.0
19.49214,16.50555,47.16039,2898.56125,-1.36235,47.27809,11.299469389973495,4.209349654697938,0.0
19.51843,16.53577,47.06079,2892.54822,-1.26497,47.29255,11.411375604640527,4.251037664091122,0.0
19.54467,16.56593,46.96889,2886.45096,-1.16443,47.30699,11.511153937954981,4.288207718576708,0.0
19.57084,16.59605,46.88488,2880.27566,-1.0611,47.32143,11.598193252561277,4.320632153409751,0.0
19.59695,16.62611,46.80892,2874.02893,-0.95533,47.33585,11.67196828657756,4.348115294718788,0.0
19.623,16.65612,46.74116,2867.71773,-0.84754,47.35025,11.732047313220113,4.370496312917467,0.0
19.64898,16.68608,46.6817,2861.34934,-0.73811,47.36464,11.77809840132676,4.387651554914245,0.0
19.6749,16.71598,46.6306,2854.93132,-0.62746,47.37901,11.80989411261181,4.399496293963439,0.0
19.70076,16.74583,46.58791,2848.47141,-0.51603,47.39337,11.827314514715841,4.405985852105557,0.0
19.72655,16.77562,46.55363,2841.9775,-0.40424,47.40771,11.830348437195118,4.407116068056392,0.0
19.75227,16.80536,46.52774,2835.45757,-0.29251,47.42204,11.819092948431324,4.402923102342147,0.0
19.77793,16.83504,46.51018,2828.91963,-0.18128,47.43635,11.793751082909571,4.393482590650681,0.0
19.80352,16.86466,46.50086,2822.37164,-0.07097,47.45064,11.754627897808083,4.378908174807424,0.0
19.82905,16.89423,46.49965,2815.82149,0.038,47.46492,11.702124983589107,4.359349457826041,0.0
19.85451,16.92374,46.5064,2809.2769,0.14522,47.47917,11.636733593124378,4.334989444326896,0.0
19.87991,16.95319,46.52095,2802.74542,0.25031,47.49341,11.559026586479549,4.3060415397573015,0.0
19.90523,16.98259,46.54306,2796.23434,0.35289,47.50764,11.469649412653727,4.272746190852207,0.0
19.93049,17.01193,46.57253,2789.75067,0.45259,47.52185,11.369310364857343,4.235367255468817,0.0
19.95569,17.04121,46.60909,2783.3011,0.54909,47.53604,11.258770352135299,4.194188192247075,0.0
19.98082,17.07043,46.65245,2776.89195,0.64206,47.55022,11.138832427802171,4.149508159676269,0.0
20.00589,17.0996,46.70233,2770.52918,0.73121,47.56438,11.010331304808728,4.1016381102931785,0.0
20.03089,17.12871,46.75841,2764.21834,0.81627,47.57853,10.874123071208531,4.050896959422789,0.0
20.05582,17.15776,46.82036,2757.96456,0.897,47.59266,10.731075296346232,3.9976078994731035,0.0
20.0807,17.18676,46.88782,2751.77256,0.97318,47.60679,10.582057691889528,3.9420949209238336,0.0
20.10551,17.21571,46.96045,2745.64659,1.04462,47.6209,10.427933462678627,3.8846795902902396,0.0
20.13025,17.2446,47.03787,2739.5905,1.11115,47.635,10.269551452178234,3.825678124097344,0.0
20.15494,17.27343,47.1197,2733.60771,1.17263,47.64908,10.107739157121365,3.7653987866509406,0.0
20.17956,17.30222,47.20557,2727.7012,1.22894,47.66316,9.943296657082112,3.7041396286437407,0.0
20.20413,17.33095,47.29508,2721.87354,1.27999,47.67723,9.776991477887046,3.6421865736409638,0.0
20.22863,17.35963,47.38784,2716.12691,1.32571,47.6913,9.609554383845635,3.5798118505754513,0.0
20.25308,17.38827,47.48347,2710.46311,1.36606,47.70535,9.441676073061986,3.5172727626643425,0.0
20.27746,17.41685,47.58156,2704.88357,1.40102,47.7194,9.27400473292236,3.454810776763859,0.0
20.30179,17.44538,47.68174,2699.38936,1.43056,47.73345,9.107144399199315,3.3926509120924147,0.0
20.32607,17.47387,47.78361,2693.98125,1.45472,47.74749,8.941654052142946,3.3310014035008244,0.0
20.35029,17.50231,47.88679,2688.65968,1.47353,47.76153,8.778047376029592,3.2700536118978736,0.0
20.37445,17.5307,47.9909,2683.42482,1.48703,47.77557,8.616793104767364,3.209982152997465,0.0
20.39856,17.55905,48.09558,2678.27657,1.49528,47.7896,8.458315874888763,3.150945215080813,0.0
20.42262,17.58736,48.20045,2673.21458,1.49836,47.80364,8.302997508115629,3.093085036785638,0.0
20.44662,17.61562,48.30516,2668.2383,1.49637,47.81768,8.15117864845139,3.036528516966099,0.0
20.47058,17.64384,48.40937,2663.34696,1.4894,47.83172,8.003160682841848,2.981387930189478,0.0
20.49448,17.67202,48.51273,2658.53959,1.47757,47.84576,7.859207879562369,2.9277617233416624,0.0
20.51834,17.70016,48.61491,2653.81509,1.46099,47.8598,7.719549684380941,2.8757353710083104,0.0
20.54214,17.72826,48.71561,2649.17217,1.43979,47.87386,7.584383120739879,2.8253822696056847,0.0
20.5659,17.75632,48.81451,2644.60943,1.41411,47.88791,7.45387524662597,2.7767646526294216,0.0
20.58961,17.78435,48.91131,2640.12535,1.38409,47.90198,7.328165627131017,2.7299345117483953,0.0
20.61327,17.81233,49.00573,2635.71829,1.34988,47.91605,7.2073687878591155,2.684934510763485,0.0
20.63689,17.84029,49.09749,2631.38651,1.31162,47.93013,7.091576620105507,2.6417988815999704,0.0
20.66047,17.8682,49.18634,2627.12821,1.26947,47.94421,6.98086071415649,2.6005542935231536,0.0
20.684,17.89609,49.27202,2622.9415,1.22359,47.95831,6.87527460192203,2.561220688578004,0.0
20.70748,17.92394,49.35429,2618.82442,1.17414,47.97242,6.77485589452166,2.523812077896157,0.0
20.73093,17.95175,49.43293,2614.77497,1.12128,47.98654,6.679628304314681,2.488337294955363,0.0
20.75433,17.97954,49.50773,2610.79107,1.06518,48.00067,6.5896035442519265,2.4548007031379915,0.0
20.77769,18.00729,49.57847,2606.87062,1.00599,48.01481,6.504783100224627,2.4232028559776233,0.0
20.801,18.03501,49.64497,2603.01148,0.94388,48.02896,6.425159874574019,2.393541109409619,0.0
20.82428,18.06271,49.70705,2599.21145,0.87903,48.04313,6.350719700834358,2.365810186052745,0.0
20.84752,18.09037,49.76454,2595.46832,0.81158,48.05731,6.281442731387596,2.3400026921470576,0.0
20.87072,18.118,49.81729,2591.77985,0.74173,48.07151,6.217304700929777,2.3161095882283735,0.0
20.89388,18.14561,49.86515,2588.14376,0.66962,48.08572,6.158278069573293,2.2941206149639406,0.0
20.917,18.17319,49.90799,2584.55776,0.59542,48.09995,6.104333050022388,2.27402467580234,0.0
20.94008,18.20074,49.94569,2581.01951,0.5193,48.11419,6.055438523713078,2.255810178259709,0.0
20.96313,18.22826,49.97813,2577.52667,0.44143,48.12845,6.011562850952097,2.239465335717814,0.0
20.98614,18.25576,50.00523,2574.07687,0.36197,48.14272,5.972674580175822,2.224978431641666,0.0
21.00911,18.28323,50.02689,2570.66771,0.28109,48.15702,5.938743061300676,2.212338048068681,0.0
21.03204,18.31067,50.04304,2567.29677,0.19894,48.17132,5.909738967936297,2.2015332601468245,0.0
21.05494,18.33809,50.05361,2563.96159,0.11569,48.18565,5.885634732909687,2.1925537983788184,0.0
21.0778,18.36549,50.05856,2560.65972,0.03152,48.19999,5.866404901123896,2.185390180071286,0.0
21.10063,18.39286,50.05783,2557.38864,-0.05343,48.21435,5.852026403383629,2.180033811341992,0.0
21.12342,18.4202,50.05139,2554.14582,-0.13899,48.22873,5.842478754284275,2.1764770608387156,0.0
21.14618,18.44752,50.03923,2550.92871,-0.225,48.24312,5.837744176757081,2.1747133061356037,0.0
21.1689,18.47482,50.02134,2547.73471,-0.31128,48.25754,5.837807655348882,2.1747369535812715,0.0
21.19158,18.50209,49.99771,2544.56119,-0.39769,48.27197,5.842656919760157,2.1765434321662975,0.0
21.21423,18.52934,49.96836,2541.4055,-0.48405,48.28641,5.852282359661303,2.18012916179004,0.0
21.23685,18.55657,49.93331,2538.26493,-0.57021,48.30088,5.866676871267539,2.1854914961057585,0.0
21.25943,18.58377,49.89259,2535.13675,-0.656,48.31536,5.885835635704395,2.1926286399559176,0.0
21.28198,18.61095,49.84625,2532.01818,-0.74126,48.32987,5.909755828726933,2.20153954123497,0.0
21.30449,18.6381,49.79434,2528.90642,-0.82582,48.34438,5.938436260957762,2.212223756868543,0.0
21.32697,18.66523,49.73693,2525.7986,-0.90952,48.35892,5.971876947468403,2.2246812924711734,0.0
21.34942,18.69234,49.67409,2522.69183,-0.9922,48.37347,6.010078605254308,2.2389124151425333,0.0
21.37183,18.71943,49.60591,2519.58316,-1.07369,48.38805,6.05304207694612,2.254917438784708,0.0
21.3942,18.74649,49.53249,2516.46961,-1.15382,48.40263,6.100767679018954,2.2726964812930044,0.0
21.41654,18.77353,49.45393,2513.34817,-1.23244,48.41724,6.153254472740451,2.2922491929649196,0.0
21.43885,18.80054,49.37035,2510.21576,-1.30936,48.43186,6.2104994562577085,2.3135744555312643,0.0
21.46112,18.82753,49.28189,2507.06928,-1.38444,48.44649,6.272496676466728,2.336670051304163,0.0
21.48336,18.85449,49.18868,2503.90559,-1.45749,48.46114,6.339236259774792,2.361532302110538,0.0
21.50556,18.88144,49.09088,2500.72151,-1.52836,48.47581,6.410703361423242,2.388155677887201,0.0
21.52773,18.90835,48.98864,2497.51383,-1.59688,48.49049,6.48687703388765,2.416532375130139,0.0
21.54986,18.93524,48.88214,2494.27932,-1.66288,48.50518,6.567729015865366,2.4466518657605163,0.0
21.57196,18.96211,48.77156,2491.01471,-1.7262,48.51989,6.653222444593483,2.4785004174292324,0.0
21.59402,18.98895,48.6571,2487.71673,-1.78667,48.53461,6.743310495732274,2.5120605868377157,0.0
21.61604,19.01576,48.53895,2484.38208,-1.84413,48.54934,6.837934956801701,2.5473106883054895,0.0
21.63803,19.04255,48.41732,2481.00746,-1.89842,48.56409,6.937024742106765,2.58422424054079,0.0
21.65998,19.06931,48.29245,2477.58958,-1.94937,48.57884,7.0404943593822,2.622769395425368,0.0
21.6819,19.09605,48.16457,2474.12517,-1.99684,48.59361,7.148242340849703,2.662908353542029,0.0
21.70377,19.12276,48.03391,2470.61095,-2.04066,48.60839,7.260149654097203,2.704596772185344,0.0
21.72561,19.14943,47.90073,2467.0437,-2.0807,48.62317,7.376078111131362,2.7477831726918494,0.0
21.74741,19.17608,47.76528,2463.42025,-2.11679,48.63797,7.49586879699438,2.792408355058462,0.0
21.76917,19.2027,47.62784,2459.73747,-2.14882,48.65277,7.619340542482411,2.8384048289899004,0.0
21.7909,19.22929,47.48869,2455.99231,-2.17663,48.66757,7.7462884687025975,2.885696271707886,0.0
21.81258,19.25585,47.3481,2452.18181,-2.2001,48.68239,7.876482634258425,2.9341970239920947,0.0
21.83422,19.28238,47.20637,2448.30311,-2.21911,48.6972,8.0096668187472,2.9838116370009597,0.0
21.85582,19.30888,47.0638,2444.35348,-2.23356,48.71202,8.145557478858917,3.0344344833910304,0.0
21.87739,19.33534,46.92068,2440.33033,-2.24334,48.72685,8.283842915406728,3.0859494470139057,0.0
21.8989,19.36177,46.77733,2436.23122,-2.24836,48.74168,8.424182691175528,3.1382297060495183,0.0
21.92038,19.38816,46.63406,2432.05388,-2.24854,48.7565,8.566207340102055,3.1911376246680643,0.0
21.94181,19.41452,46.49118,2427.79625,-2.24381,48.77133,8.709518408098683,3.2445247682379463,0.0
21.9632,19.44085,46.34901,2423.45648,-2.23413,48.78616,8.853688864425024,3.2982320565725134,0.0
21.98455,19.46713,46.20786,2419.03296,-2.21946,48.80098,8.998263919909041,3.35209006873896,0.0
22.00585,19.49338,46.06807,2414.52432,-2.19977,48.8158,9.142762284303553,3.4059195114567014,0.0
22.02711,19.51959,45.92993,2409.92948,-2.17506,48.83062,9.28667788956888,3.4595318610655066,0.0
22.04832,19.54577,45.79378,2405.24764,-2.14534,48.84543,9.429482098926746,3.5127301864561966,0.0
22.06948,19.5719,45.65992,2400.4783,-2.11065,48.86024,9.570626412967096,3.5653101571666372,0.0
22.09059,19.59799,45.52866,2395.6213,-2.07103,48.87503,9.709545674273109,3.6170612371888757,0.0
22.11166,19.62403,45.4003,2390.6768,-2.02657,48.88982,9.845661760805616,3.6677680608520165,0.0
22.13267,19.65004,45.27513,2385.64531,-1.97734,48.9046,9.97838774610371,3.717211982606406,0.0
22.15364,19.676,45.15345,2380.5277,-1.92347,48.91937,10.107132491423995,3.7651727877163346,0.0
22.17456,19.70191,45.03552,2375.32519,-1.8651,48.93413,10.231305621708902,3.8114305459391535,0.0
22.19542,19.72778,44.92161,2370.03938,-1.80236,48.94887,10.350322824065264,3.8557675853479605,0.0
22.21624,19.7536,44.81197,2364.67223,-1.73546,48.9636,10.463611394877196,3.8979705587771005,0.0
22.237,19.77937,44.70684,2359.22606,-1.66458,48.97832,10.570615950223385,3.9378325711028523,0.0
22.2577,19.8051,44.60645,2353.70355,-1.58994,48.99302,10.670804204480705,3.9751553319253254,0.0
22.27836,19.83077,44.51099,2348.10772,-1.51179,49.00771,10.763672714273612,4.009751295340737,0.0
22.29896,19.8564,44.42066,2342.44194,-1.43038,49.02237,10.848752479921338,4.041445746627877,0.0
22.3195,19.88197,44.33563,2336.70989,-1.34599,49.03702,10.925614294406042,4.070078794879482,0.0
22.33999,19.90749,44.25604,2330.91555,-1.25892,49.05165,10.993873731029824,4.09550723103571,0.0
22.36042,19.93295,44.18203,2325.06318,-1.16947,49.06627,11.05319566540979,4.11760621244628,0.0
22.3808,19.95837,44.11371,2319.15729,-1.07796,49.08086,11.103298235338404,4.136270738022641,0.0
22.40111,19.98372,44.05117,2313.20261,-0.98474,49.09543,11.143956153047288,4.1514168821434,0.0
22.42138,20.00903,43.99447,2307.20408,-0.89014,49.10998,11.175003298311049,4.1629827606537075,0.0
22.44158,20.03427,43.94365,2301.16679,-0.79451,49.12451,11.196334537227603,4.170929208408799,0.0
22.46172,20.05946,43.89874,2295.09598,-0.69821,49.13901,11.207906729599088,4.175240154549883,0.0
22.48181,20.0846,43.85974,2288.99696,-0.6016,49.1535,11.209738907277826,4.175922688942709,0.0
22.50183,20.10968,43.82663,2282.87513,-0.50504,49.16796,11.201911625686407,4.1730068206017314,0.0
22.5218,20.13469,43.79936,2276.7359,-0.4089,49.1824,11.184565510262132,4.166544936202424,0.0
22.54171,20.15965,43.77786,2270.58468,-0.31352,49.19681,11.157899038259664,4.1566109737443995,0.0
22.56156,20.18456,43.76205,2264.42687,-0.21926,49.2112,11.122165613261133,4.143299332729449,0.0
22.58135,20.2094,43.75183,2258.26776,-0.12646,49.22557,11.077670004628482,4.126723547763864,0.0
22.60108,20.23419,43.74705,2252.11257,-0.03546,49.23992,11.02476423621699,4.107014756996037,0.0
22.62075,20.25891,43.74759,2245.96639,0.05343,49.25425,10.96384301787839,4.084320000231183,0.0
22.64036,20.28358,43.75328,2239.83415,0.13989,49.26855,10.89533881940287,4.058800383845111,0.0
22.65991,20.30819,43.76394,2233.72062,0.22363,49.28283,10.81971668938119,4.030629150674043,0.0
22.6794,20.33274,43.77937,2227.63035,0.30438,49.29709,10.737468921341645,3.999989693010293,0.0
22.69884,20.35723,43.79937,2221.56771,0.38186,49.31132,10.64910966654907,3.9670735457281445,0.0
22.71821,20.38167,43.82371,2215.53682,0.45585,49.32554,10.555169587277625,3.9320783944872884,0.0
22.73753,20.40604,43.85217,2209.54156,0.52611,49.33974,10.456190636754188,3.8952061311243815,0.0
22.75679,20.43036,43.88449,2203.58558,0.59244,49.35391,10.352721042664658,3.8566609848771645,0.0
22.77599,20.45462,43.92044,2197.67223,0.65465,49.36807,10.245310560518108,3.8166477541377,0.0
22.79513,20.47883,43.95973,2191.80465,0.71258,49.38221,10.134506051893588,3.7753701592329807,0.0
22.81422,20.50298,44.00212,2185.98567,0.76609,49.39633,10.020847430929651,3.7330293323856134,0.0
22.83325,20.52707,44.04732,2180.2179,0.81505,49.41043,9.904864010909742,3.689822456720753,0.0
22.85222,20.5511,44.09507,2174.50363,0.85936,49.42452,9.78707127163935,3.6459415620290323,0.0
22.87114,20.57509,44.14507,2168.84495,0.89893,49.43859,9.66796805792077,3.6015724811247036,0.0
22.89001,20.59901,44.19705,2163.24365,0.93369,49.45265,9.548034209976706,3.5568939671160806,0.0
22.90882,20.62289,44.25073,2157.70131,0.9636,49.46669,9.427728618287235,3.5120769687811264,0.0
22.92757,20.64671,44.30582,2152.21922,0.98863,49.48072,9.307487688157309,3.4672840585784503,0.0
22.94628,20.67048,44.36204,2146.79849,1.00877,49.49474,9.18772419339976,3.4226690056140665,0.0
22.96493,20.69419,44.41911,2141.43998,1.02401,49.50874,9.068826493814043,3.3783764841316315,0.0
22.98353,20.71786,44.47676,2136.14434,1.03438,49.52274,8.951158087641009,3.334541906790077,0.0
23.00207,20.74148,44.53471,2130.91202,1.03991,49.53672,8.835057467787832,3.291291371103611,0.0
23.02057,20.76504,44.59269,2125.74327,1.04065,49.5507,8.720838249194886,3.2487417068892257,0.0
23.03902,20.78856,44.65044,2120.63817,1.03667,49.56466,8.608789534250471,3.2070006123933084,0.0
23.05741,20.81203,44.70771,2115.59663,1.02802,49.57862,8.499176483367195,3.1661668668463423,0.0
23.07576,20.83545,44.76423,2110.61837,1.0148,49.59258,8.392241058794454,3.126330607552639,0.0
23.09406,20.85882,44.81977,2105.70299,0.9971,49.60653,8.288202911090513,3.0875736601245065,0.0
23.11232,20.88215,44.87408,2100.84994,0.97502,49.62047,8.187260379479174,3.04996991114143,0.0
23.13052,20.90543,44.92694,2096.05852,0.94868,49.63441,8.089591579445571,3.0135857133081214,0.0
23.14868,20.92867,44.97812,2091.32795,0.9182,49.64835,7.995355553119191,2.978480314002466,0.0
23.16679,20.95186,45.02741,2086.65727,0.8837,49.66228,7.904693460395782,2.944706298999769,0.0
23.18486,20.97501,45.0746,2082.04547,0.84532,49.67621,7.8177297911344406,2.9123100440480703,0.0
23.20288,20.99812,45.11949,2077.49142,0.80321,49.69014,7.73457358111267,2.8813321678433947,0.0
23.22086,21.02119,45.16191,2072.99388,0.75749,49.70407,7.655319616701177,2.851807980802808,0.0
23.2388,21.04421,45.20165,2068.55154,0.70834,49.718,7.5800496153674475,2.8237679248330645,0.0
23.25669,21.06719,45.23857,2064.16302,0.6559,49.73193,7.508833371164804,2.797238000055422,0.0
23.27454,21.09013,45.27249,2059.82684,0.60033,49.74586,7.44172985614959,2.7722401751125134,0.0
23.29234,21.11303,45.30326,2055.54146,0.54179,49.75979,7.378788270420916,2.7487927783357913,0.0
23.31011,21.13589,45.33075,2051.30527,0.48046,49.77373,7.320049034907056,2.726910867584576,0.0
23.32783,21.15871,45.35483,2047.11661,0.41649,49.78766,7.265544722381576,2.7066065770740626,0.0
23.34551,21.1815,45.37536,2042.97375,0.35006,49.8016,7.215300923335301,2.6878894399354087,0.0
23.36316,21.20424,45.39224,2038.87489,0.28134,49.81555,7.169337044307755,2.6707666856152055,0.0
23.38076,21.22695,45.40536,2034.81821,0.21051,49.8295,7.127667037120575,2.6552435115341058,0.0
23.39832,21.24962,45.41463,2030.80182,0.13775,49.84345,7.090300058133505,2.6413233286770326,0.0
23.41584,21.27226,45.41998,2026.82377,0.06322,49.85741,7.0572410572271975,2.629007981004769,0.0
23.43332,21.29485,45.42132,2022.88208,-0.01288,49.87137,7.028491296629902,2.6182979387305494,0.0
23.45077,21.31742,45.4186,2018.97473,-0.09039,49.88534,7.0040488001024555,2.609192465653286,0.0
23.46817,21.33994,45.41175,2015.09963,-0.16911,49.89931,6.983908733201367,2.601689760815577,0.0
23.48554,21.36243,45.40074,2011.25468,-0.24888,49.91329,6.9680637155726926,2.5957870748413914,0.0
23.50287,21.38488,45.38553,2007.43772,-0.32949,49.92728,6.9565040663310045,2.5914808013461856,0.0
23.52016,21.4073,45.3661,2003.64654,-0.41079,49.94127,6.9492179836876415,2.5887665438531613,0.0
23.53741,21.42969,45.34243,1999.87891,-0.49257,49.95527,6.946191660006457,2.5876391586545515,0.0
23.55462,21.45204,45.31452,1996.13256,-0.57466,49.96927,6.947409333529141,2.58809277408067,0.0
23.5718,21.47435,45.28238,1992.40518,-0.65688,49.98328,6.952853278001061,2.5901207866352594,0.0
23.58894,21.49663,45.246,1988.69441,-0.73904,49.9973,6.962503731468984,2.5937158344707743,0.0
23.60605,21.51888,45.20543,1984.99788,-0.82095,50.01132,6.976338765530895,2.59886974868049,0.0
23.62311,21.54109,45.16069,1981.31317,-0.90244,50.02535,6.994334096371724,2.605573482904349,0.0
23.64014,21.56327,45.11183,1977.63783,-0.98332,50.03939,7.016462839006732,2.6138170217781505,0.0
23.65714,21.58542,45.0589,1973.96938,-1.06341,50.05343,7.042695206251333,2.623589268791887,0.0
23.67409,21.60753,45.00195,1970.30533,-1.14253,50.06748,7.072998154123393,2.6348779141927734,0.0
23.69101,21.6296,44.94106,1966.64312,-1.22049,50.08154,7.107334975576687,2.6476692836402713,0.0
23.70789,21.65164,44.87631,1962.98021,-1.29712,50.09559,7.145664844767835,2.6619481684335295,0.0
23.72474,21.67365,44.80778,1959.31402,-1.37224,50.10966,7.187942314395704,2.6776976382570843,0.0
23.74155,21.69563,44.73558,1955.64194,-1.44567,50.12373,7.2341167690695265,2.694898837546105,0.0
23.75832,21.71756,44.6598,1951.96137,-1.51723,50.1378,7.284131838185148,2.7135307667673434,0.0
23.77506,21.73947,44.58057,1948.26969,-1.58675,50.15188,7.337924772341989,2.733570050118047,0.0
23.79175,21.76134,44.498,1944.56426,-1.65406,50.16596,7.395425788012394,2.7549906913980506,0.0
23.80841,21.78317,44.41222,1940.84245,-1.71899,50.18005,7.456557385923836,2.7777638200892087,0.0
23.82504,21.80497,44.32338,1937.10163,-1.78136,50.19414,7.521233649406861,2.801857429971545,0.0
23.84163,21.82674,44.23163,1933.33919,-1.84102,50.20823,7.589359529886141,2.827236112949872,0.0
23.85817,21.84847,44.1371,1929.5525,-1.89781,50.22232,7.660830127600348,2.8538607911030165,0.0
23.87469,21.87016,44.03998,1925.739,-1.95157,50.23642,7.735529976676008,2.8816884503550195,0.0
23.89116,21.89182,43.94042,1921.89613,-2.00215,50.25051,7.81333234465963,2.910671879532423,0.0
23.90759,21.91344,43.8386,1918.02136,-2.04941,50.26461,7.894098557678905,2.940759418969064,0.0
23.92399,21.93502,43.73471,1914.11222,-2.09319,50.27871,7.977677363381782,2.9718947231841146,0.0
23.94035,21.95657,43.62893,1910.16629,-2.13338,50.2928,8.063904344798441,3.004016542530245,0.0
23.95667,21.97808,43.52145,1906.18121,-2.16984,50.30689,8.152601399100018,3.037058529017536,0.0
23.97295,21.99955,43.41248,1902.15469,-2.20244,50.32099,8.243576296039356,3.0709490718210404,0.0
23.98919,22.02098,43.30222,1898.08453,-2.23109,50.33507,8.336622331375706,3.1056111681723624,0.0
24.00539,22.04237,43.19087,1893.96862,-2.25567,50.34916,8.431518091005804,3.140962335492282,0.0
24.02155,22.06372,43.07866,1889.80494,-2.2761,50.36324,8.528027341623737,3.1769145706586714,0.0
24.03767,22.08503,42.96578,1885.59161,-2.29229,50.37731,8.625899063536462,3.2133743622311486,0.0
24.05375,22.10631,42.85247,1881.32684,-2.30417,50.39138,8.724867640716345,3.2502427612506417,0.0
24.06979,22.12754,42.73894,1877.00901,-2.31167,50.40544,8.824653222253366,3.287415515889846,0.0
24.08579,22.14873,42.62542,1872.63662,-2.31475,50.41949,8.924962268031315,3.3247832747319706,0.0
0.0474,0.0474,53.35534,5007.24017,-0.34827,45.00009,14.108759830345791,5.255884260616727,0.0
0.09473,0.09473,53.31971,4999.4158,-0.19573,45.00021,14.135387559296339,5.265803790268522,0.0
0.14198,0.14199,53.30409,4991.54917,-0.04307,45.00035,14.12193508013398,5.260792387824512,0.0
0.18917,0.18917,53.3084,4983.66264,0.10904,45.00052,14.06882132280701,5.241006115713153,0.0
0.23627,0.23627,53.33247,4975.77835,0.25991,45.00071,13.976971168672929,5.206789516575205,0.0
0.2833,0.28331,53.37602,4967.91798,0.40888,45.00093,13.847786103000317,5.158664680548508,0.0
0.33025,0.33026,53.4387,4960.10247,0.55532,45.00117,13.683102500148852,5.097315705399964,0.0
0.37713,0.37714,53.52008,4952.35176,0.69863,45.00144,13.485139598178076,5.023569315698418,0.0
0.42394,0.42395,53.61967,4944.68461,0.83824,45.00174,13.256439599602553,4.938372548769918,0.0
0.47067,0.47068,53.7369,4937.11845,0.97363,45.00206,12.999802547332182,4.842768494271963,0.0
0.51732,0.51734,53.87113,4929.66918,1.10432,45.00241,12.718218667675357,4.737871090182023,0.0
0.5639,0.56393,54.02169,4922.35113,1.22991,45.00279,12.414800758095765,4.624839935457951,0.0
0.61041,0.61045,54.18784,4915.17695,1.35001,45.00319,12.092718950435758,4.504855987622208,0.0
0.65685,0.6569,54.36883,4908.15761,1.46432,45.00363,11.755139832476742,4.379098883941311,0.0
0.70322,0.70327,54.56385,4901.30242,1.57258,45.00409,11.405171497871848,4.248726471079916,0.0
0.74952,0.74958,54.77207,4894.619,1.67458,45.00459,11.0458156524132,4.114856963425221,0.0
0.79575,0.79583,54.99267,4888.11341,1.77017,45.00511,10.679927465543852,3.9785539867187945,0.0
0.84192,0.84201,55.22478,4881.79018,1.85924,45.00567,10.31018344710768,3.84081461130069,0.0
0.88803,0.88813,55.46754,4875.65242,1.94173,45.00626,9.939057270193048,3.702560345482583,0.0
0.93407,0.93419,55.7201,4869.70194,2.01763,45.00689,9.568803164475481,3.5646309491309554,0.0
0.98006,0.9802,55.9816,4863.93933,2.08695,45.00755,9.201446276342264,3.4277808425598812,0.0
1.02598,1.02614,56.2512,4858.36413,2.14975,45.00824,8.838779232545596,3.292677826401402,0.0
1.07185,1.07204,56.52806,4852.97491,2.20612,45.00897,8.482364048332196,3.1599037924340165,0.0
1.11767,1.11787,56.81137,4847.76941,2.25616,45.00974,8.1335384813796,3.029957090591129,0.0
1.16343,1.16366,57.10032,4842.74465,2.30001,45.01055,7.793425939794581,2.9032562199511576,0.0
1.20915,1.2094,57.39416,4837.89703,2.33783,45.0114,7.462948095571439,2.7801445275826313,0.0
1.25481,1.2551,57.69211,4833.22247,2.36978,45.01229,7.142839424196306,2.6608956249293456,0.0
1.30043,1.30075,57.99346,4828.71646,2.39605,45.01322,6.833662977383431,2.545719263569641,0.0
1.346,1.34635,58.2975,4824.37419,2.41682,45.01419,6.5358267910561105,2.434767447621016,0.0
1.39153,1.39192,58.60356,4820.1906,2.43231,45.0152,6.249600428474418,2.3281405964904853,0.0
1.43701,1.43744,58.91098,4816.16046,2.4427,45.01626,5.975131253497612,2.2258936070929987,0.0
1.48246,1.48293,59.21915,4812.27846,2.4482,45.01736,5.712460117970067,2.128041697815462,0.0
1.52786,1.52838,59.52748,4808.53921,2.44903,45.0185,5.461536227764734,2.034565946509076,0.0
1.57323,1.57379,59.83539,4804.93734,2.44539,45.01969,5.222231022574185,1.945418461076699,0.0
1.61856,1.61917,60.14234,4801.4675,2.43747,45.02092,4.9943509649284925,1.8605271437185045,0.0
1.66386,1.66452,60.44782,4798.12444,2.42549,45.02221,4.7776491839449795,1.779800028535132,0.0
1.70912,1.70984,60.75135,4794.90298,2.40963,45.02353,4.571835959781864,1.7031291872625305,0.0
1.75435,1.75513,61.05246,4791.79808,2.39008,45.02491,4.376588066432506,1.630394209708638,0.0
1.79955,1.80039,61.3507,4788.80483,2.36704,45.02634,4.191557014345685,1.5614652743463127,0.0
1.84472,1.84563,61.64567,4785.91849,2.34068,45.02781,4.016376251563058,1.4962058309265096,0.0
1.88986,1.89084,61.93696,4783.13448,2.31117,45.02933,3.8506673935897955,1.4344749212690096,0.0
1.93497,1.93602,62.22421,4780.44836,2.27868,45.0309,3.694045559168172,1.376129166978474,0.0
1.98006,1.98118,62.50706,4777.85591,2.24337,45.03252,3.546123892361807,1.3210244540398095,0.0
2.02512,2.02632,62.78518,4775.35307,2.20539,45.03419,3.4065173517171967,1.2690173443805355,0.0
2.07015,2.07144,63.05825,4772.93593,2.16489,45.03592,3.274845845481015,1.2199662438217214,0.0
2.11516,2.11654,63.32598,4770.60079,2.12201,45.03769,3.1507367884789077,1.1737323545826153,0.0
2.16015,2.16161,63.58809,4768.3441,2.07688,45.03951,3.033827151811987,1.1301804388465155,0.0
2.20511,2.20667,63.84432,4766.16249,2.02962,45.04139,2.9237650714054357,1.0891794179874519,0.0
2.25005,2.25171,64.09441,4764.05274,1.98037,45.04332,2.820211075946517,1.0506028300094021,0.0
2.29498,2.29673,64.33769,4762.01267,1.92209,45.01953,2.723010396130498,1.0143930192741284,-30.999999471197007
2.33991,2.3417,64.57351,4760.04008,1.86227,44.99666,2.6319943078462553,0.9804871316108376,-30.999999471197007
2.38483,2.38665,64.80169,4758.13198,1.80101,44.97466,2.5468220995324033,0.9487582429982534,-30.999999471197007
2.42976,2.43156,65.02208,4756.28554,1.73841,44.95346,2.4671744550353094,0.9190873997674337,-30.999999471197007
2.47469,2.47644,65.23451,4754.49809,1.67453,44.93303,2.3927517586289087,0.8913629871770556,-30.999999471197007
2.51961,2.52128,65.43884,4752.7671,1.60947,44.91331,2.323273424607492,0.8654804796690884,-30.999999471197007
2.56454,2.5661,65.63494,4751.09015,1.5433,44.89427,2.258477187084816,0.8413421763002747,-30.999999471197007
2.60946,2.61089,65.82267,4749.46498,1.47609,44.87585,2.198118367115282,0.8188569277254895,-30.999999471197007
2.65438,2.65565,66.00193,4747.88942,1.40791,44.85803,2.141969131237604,0.7979398599857438,-30.999999471197007
2.6993,2.70038,66.17261,4746.36141,1.33883,44.84076,2.089817752908732,0.7785120993728913,-30.999999471197007
2.74422,2.74509,66.33459,4744.87899,1.2689,44.82401,2.041467886110885,0.7605005018291339,-30.999999471197007
2.78914,2.78978,66.4878,4743.44028,1.19819,44.80774,1.996737858518108,0.7438373896329668,-30.999999471197007
2.83406,2.83444,66.63213,4742.04351,1.12674,44.79192,1.955459990039178,0.7284602975384806,-30.999999471197007
2.87898,2.87907,66.76752,4740.68695,1.05463,44.77652,1.9174799412528893,0.7143117300503615,-30.999999471197007
2.9239,2.92369,66.89388,4739.36898,0.98189,44.76151,1.8826560951359022,0.7013389311012476,-30.999999471197007
2.96881,2.96828,67.01114,4738.08801,0.90857,44.74686,1.8508589746138586,0.6894936670741935,-30.999999471197007
3.01373,3.01285,67.11925,4736.84252,0.83473,44.73255,1.8219706977249563,0.6787320238367667,-30.999999471197007
3.05865,3.0574,67.21815,4735.63104,0.76041,44.71854,1.7958844716018074,0.6690142182359756,-30.999999471197007
3.10356,3.10193,67.30778,4734.45215,0.68565,44.70482,1.772504126017687,0.6603044243319749,-30.999999471197007
3.14848,3.14644,67.3881,4733.30447,0.61049,44.69135,1.7517436868772591,0.6525706145121367,-30.999999471197007
3.19339,3.19093,67.45906,4732.18663,0.53498,44.67812,1.7335269897603347,0.6457844155259344,-30.999999471197007
3.2383,3.2354,67.52064,4731.09734,0.45916,44.6651,1.7177873334206137,0.6399209794041055,-30.999999471197007
3.28322,3.27986,67.5728,4730.03528,0.38306,44.65227,1.7044671730052152,0.634958869174856,-30.999999471197007
3.32813,3.32429,67.6155,4728.99919,0.30672,44.6396,1.6935178526601407,0.630879959252359,-30.999999471197007
3.37305,3.36871,67.64873,4727.98781,0.23018,44.62707,1.6848993771399907,0.6276693503553644,-30.999999471197007
3.41796,3.41312,67.67248,4726.99989,0.15348,44.61467,1.678580222019886,0.6253152988061476,-30.999999471197007
3.46288,3.4575,67.68672,4726.03418,0.07666,44.60237,1.6745371821091874,0.62380916006063,-30.999999471197007
3.50779,3.50187,67.69145,4725.08945,-0.00026,44.59015,1.6727552576984583,0.6231453463323803,-30.999999471197007
3.55271,3.54622,67.68665,4724.16446,-0.07723,44.57799,1.6732275783048933,0.6233212981857806,-30.999999471197007
3.59762,3.59056,67.67234,4723.25795,-0.15422,44.56586,1.6759553636320312,0.624337469992491,-30.999999471197007
3.64254,3.63488,67.64852,4722.36866,-0.23119,44.55375,1.6809479215117884,0.6261973291648042,-30.999999471197007
3.68746,3.67918,67.61518,4721.49532,-0.30811,44.54163,1.6882226826516935,0.6289073690999043,-30.999999471197007
3.73238,3.72347,67.57235,4720.63662,-0.38494,44.52949,1.697805272056593,0.632477135786331,-30.999999471197007
3.7773,3.76775,67.52004,4719.79124,-0.46164,44.5173,1.7097296170320078,0.6369192680380722,-30.999999471197007
3.82222,3.81201,67.45828,4718.95782,-0.53818,44.50504,1.7240380917047455,0.6422495513322934,-30.999999471197007
3.86714,3.85625,67.38708,4718.13497,-0.61452,44.49269,1.7407816980061588,0.6484869852303657,-30.999999471197007
3.91207,3.90048,67.30648,4717.32126,-0.69062,44.48022,1.7600202830373808,0.6556538643521334,-30.999999471197007
3.957,3.94469,67.21651,4716.51522,-0.76644,44.46761,1.7818227927022563,0.6637758728608539,-30.999999471197007
4.00192,3.98889,67.11722,4715.71531,-0.84194,44.45483,1.8062675613923864,0.6728821923785009,-30.999999471197007
4.04685,4.03307,67.00865,4714.91995,-0.91707,44.44187,1.8334426374008703,0.6830056232109437,-30.999999471197007
4.09179,4.07724,66.89085,4714.12749,-0.9918,44.42868,1.863446143533285,0.6941827186850261,-30.999999471197007
4.13672,4.12139,66.76387,4713.33622,-1.06608,44.41526,1.8963866721597988,0.7064539323158734,-30.999999471197007
4.18166,4.16553,66.62779,4712.54434,-1.13986,44.40156,1.9323837136114501,0.7198637773957769,-30.999999471197007
4.2266,4.20965,66.48266,4711.74998,-1.21309,44.38756,1.9715681164166916,0.7344609984444171,-30.999999471197007
4.27155,4.25375,66.32856,4710.95118,-1.28573,44.37323,2.0140825773573505,0.7502987537676034,-30.999999471197007
4.3165,4.29784,66.16557,4710.14588,-1.35772,44.35853,2.0600821586762974,0.7674348081307378,-30.999999471197007
4.36145,4.34191,65.99378,4709.33192,-1.429,44.34343,2.109734828991714,0.7859317342636133,-30.999999471197007
4.4064,4.38596,65.81327,4708.50702,-1.49952,44.3279,2.1632220235179913,0.8058571215574389,-30.999999471197007
4.45136,4.43,65.62417,4707.66878,-1.56921,44.31189,2.2207392180701153,0.8272837898965745,-30.999999471197007
4.49632,4.47402,65.42656,4706.8147,-1.63802,44.29538,2.282496509960359,0.8502900060578349,-30.999999471197007
4.54129,4.51802,65.22057,4705.9421,-1.70587,44.27831,2.34871919731449,0.8749596995210194,-30.999999471197007
4.58626,4.562,65.00633,4705.04818,-1.77269,44.26064,2.4196483464582346,0.9013826738352972,-30.999999471197007
4.63124,4.60596,64.78398,4704.12996,-1.83842,44.24233,2.4955413348369384,0.9296548088710685,-30.999999471197007
4.67622,4.64989,64.55365,4703.18433,-1.90296,44.22333,2.5766723544171675,0.9598782483503029,-30.999999471197007
4.72121,4.69381,64.3155,4702.20796,-1.96624,44.20359,2.663332857598862,0.9921615659605534,-30.999999471197007
4.76621,4.73771,64.0697,4701.19735,-2.02816,44.18305,2.755831924369069,1.026619902129378,-30.999999471197007
4.81121,4.78158,63.81642,4700.1488,-2.08865,44.16165,2.8544965256419235,1.0633750621254152,-30.999999471197007
4.85621,4.82543,63.55586,4699.0584,-2.14759,44.13934,2.959671653525102,1.1025555645860627,-30.999999471197007
4.90123,4.86925,63.28822,4697.92201,-2.20489,44.11604,3.0717202845182383,1.144296627807921,-30.999999471197007
4.94625,4.91305,63.01371,4696.73526,-2.26043,44.0917,3.1910231364538166,1.1887400792008793,-30.999999471197007
4.99128,4.95681,62.73256,4695.49353,-2.3141,44.06625,3.3179781743059764,1.236034171188893,-30.999999471197007
5.03631,5.00055,62.44501,4694.19195,-2.36579,44.03959,3.4529998138813696,1.286333284563876,-30.999999471197007
5.08136,5.04426,62.15133,4692.82538,-2.41535,44.01166,3.596517765904043,1.339797497876906,-30.999999471197007
5.12641,5.08794,61.85179,4691.38839,-2.46266,43.98237,3.748975456297016,1.3965919989515458,-30.999999471197007
5.17148,5.13158,61.54669,4689.87529,-2.50758,43.95163,3.910827951591443,1.4568863120441706,-30.999999471197007
5.21655,5.17519,61.23633,4688.28007,-2.54995,43.91936,4.08253931171984,1.5208533116897953,-30.999999471197007
5.26163,5.21876,60.92105,4686.59644,-2.58961,43.88544,4.264579286181663,1.5886679919368198,-30.999999471197007
5.30672,5.26229,60.6012,4684.81779,-2.62642,43.84978,4.457419264122699,1.6605059576450456,-30.999999471197007
5.35183,5.30578,60.27715,4682.93722,-2.66018,43.81228,4.661527384773254,1.7365416029952447,-30.999999471197007
5.39694,5.34922,59.9493,4680.94752,-2.69074,43.77281,4.877362712526481,1.8169459415525793,-30.999999471197007
5.44207,5.39262,59.61806,4678.84117,-2.71788,43.73126,5.105368381431651,1.9018840524099598,-30.999999471197007
5.48721,5.43597,59.28386,4676.61039,-2.74144,43.68752,5.345963617964357,1.9915121084600584,-30.999999471197007
5.53236,5.47926,58.94718,4674.24708,-2.7612,43.64145,5.599534559540298,2.085973956050109,-30.999999471197007
5.57753,5.52251,58.60851,4671.74293,-2.77696,43.59293,5.866423800515271,2.185397220591846,-30.999999471197007
5.62271,5.56569,58.26835,4669.08938,-2.78851,43.54182,6.146918618550247,2.2898889205727118,-30.999999471197007
5.66791,5.60881,57.92725,4666.27766,-2.79562,43.48799,6.4412378634635585,2.3995305833083203,-30.999999471197007
5.71312,5.65187,57.58577,4663.29887,-2.7981,43.4313,6.749517529222892,2.514372870129851,-30.999999471197007
5.75835,5.69485,57.24451,4660.144,-2.7957,43.3716,7.071795078572491,2.634429736895239,-30.999999471197007
5.80359,5.73777,56.90409,4656.80397,-2.78822,43.30877,7.407992649872606,2.7596721780950153,-30.999999471197007
5.84886,5.78061,56.56515,4653.26976,-2.77543,43.24265,7.757899347193318,2.890021629446278,-30.999999471197007
5.89414,5.82337,56.22836,4649.53242,-2.75711,43.17311,8.121152897463077,3.0253431346978976,-30.999999471197007
5.93944,5.86604,55.89443,4645.58322,-2.73305,43.10002,8.497221051342153,3.1654384169665017,-30.999999471197007
5.98475,5.90862,55.56407,4641.41371,-2.70306,43.02324,8.885383205162617,3.3100390324255606,-30.999999471197007
6.03009,5.95111,55.23802,4637.01585,-2.66693,42.94265,9.284712826475243,3.458799823359205,-30.999999471197007
6.07545,5.99349,54.91704,4632.38216,-2.62451,42.85815,9.694061370319742,3.6112929265496896,-30.999999471197007
6.12083,6.03577,54.60192,4627.50578,-2.57563,42.76962,10.112044470863227,3.767002629299406,-30.999999471197007
6.16623,6.07795,54.29346,4622.38069,-2.52015,42.67697,10.537031275586704,3.9253213961347173,-30.999999471197007
6.21165,6.12,53.99245,4617.00179,-2.45798,42.58014,10.967137847178567,4.085547410837675,-30.999999471197007
6.2571,6.16193,53.6997,4611.36512,-2.38903,42.47906,11.400225581786241,4.246883987203143,-30.999999471197007
6.30256,6.20374,53.41605,4605.46794,-2.31327,42.3737,11.833905570558153,4.408441193827934,-30.999999471197007
6.34805,6.24542,53.1423,4599.30891,-2.23069,42.26405,12.26554975486862,4.569240009725598,-30.999999471197007
6.39357,6.28695,52.87926,4592.88823,-2.14133,42.15013,12.692309586335085,4.728219275673815,-30.999999471197007
6.4391,6.32834,52.62773,4586.20776,-2.04528,42.03197,13.111142695783268,4.88424562910561,-30.999999471197007
6.48466,6.36959,52.38848,4579.27114,-1.94267,41.90965,13.518847800582137,5.036126508010113,-30.999999471197007
6.53024,6.41067,52.16227,4572.08387,-1.83369,41.78326,13.912107742264645,5.182626183578655,-30.999999471197007
6.57585,6.4516,51.94982,4564.65338,-1.71858,41.65295,14.287540158226786,5.32248463674593,-30.999999471197007
6.62148,6.49236,51.7518,4556.98904,-1.59765,41.51888,14.641754870645086,5.454438937071743,-30.999999471197007
6.66712,6.53295,51.56887,4549.10223,-1.47122,41.38126,14.971416647861538,5.577246623008264,-30.999999471197007
6.7128,6.57336,51.4016,4541.00622,-1.33973,41.24031,15.27331158778925,5.689710431465268,-30.999999471197007
6.75849,6.6136,51.25052,4532.71615,-1.20361,41.09631,15.544415022293832,5.79070359397889,-30.999999471197007
6.8042,6.65364,51.11611,4524.2489,-1.06337,40.94954,15.781958578230604,5.879194818712454,-30.999999471197007
6.84993,6.69351,50.99876,4515.62294,-0.91957,40.80034,15.983493883801449,5.954272022750622,-30.999999471197007
6.89568,6.73318,50.89879,4506.85817,-0.7728,40.64904,16.14695040006404,6.015163875858219,-30.999999471197007
6.94144,6.77265,50.81647,4497.97565,-0.62367,40.49602,16.270684998278675,6.061258269346388,-30.999999471197007
6.98723,6.81193,50.75196,4488.99743,-0.47284,40.34167,16.353521194033124,6.092116931816405,-30.999999471197007
7.03302,6.85101,50.70535,4479.94622,-0.32098,40.18637,16.394776374738775,6.107485572118395,-30.999999471197007
7.07883,6.88989,50.67665,4470.84514,-0.16877,40.03054,16.39427589225616,6.107299129225135,-30.999999471197007
7.12465,6.92857,50.6658,4461.71747,-0.01688,39.87458,16.352353500501252,6.091681935251918,-30.999999471197007
7.17048,6.96705,50.67265,4452.5863,0.134,39.7189,16.269838255730786,6.060942835468164,-30.999999471197007
7.21632,7.00533,50.69696,4443.47431,0.28321,39.56389,16.14802861920047,6.015565540856192,-30.999999471197007
7.26217,7.04341,50.73843,4434.40351,0.4301,39.40995,15.988655064700982,5.9561946984345395,-30.999999471197007
7.30803,7.08129,50.79668,4425.39497,0.57406,39.25743,15.793832959927633,5.883618338328383,-30.999999471197007
7.35389,7.11898,50.87128,4416.46865,0.71452,39.1067,15.566007833813854,5.798747484411162,-30.999999471197007
7.39975,7.15647,50.96173,4407.64321,0.85092,38.95809,15.3078953462435,5.7025937914429266,-30.999999471197007
7.44561,7.19377,51.06746,4398.93585,0.98278,38.81188,15.022418339020762,5.596246094900331,-30.999999471197007
7.49148,7.23088,51.18787,4390.36222,1.10965,38.66836,14.712643276267471,5.48084673335229,-30.999999471197007
7.53734,7.26781,51.3223,4381.93634,1.23111,38.52778,14.381718196371617,5.357568433928197,-30.999999471197007
7.5832,7.30456,51.47008,4373.67057,1.34684,38.39034,14.032814021092458,5.227592448415356,-30.999999471197007
7.62906,7.34113,51.63046,4365.57556,1.45652,38.25624,13.669070729055841,5.092088501469699,-30.999999471197007
7.67492,7.37752,51.80272,4357.6603,1.55993,38.12563,13.293549529318526,4.952196974010133,-30.999999471197007
7.72077,7.41375,51.98609,4349.93217,1.65685,37.99863,12.90919179341699,4.809013604326133,-30.999999471197007
7.76661,7.44982,52.17978,4342.39699,1.74715,37.87534,12.518785144290483,4.663576855309346,-30.999999471197007
7.81245,7.48572,52.38301,4335.05909,1.83073,37.75583,12.124936775778453,4.516857975264365,-30.999999471197007
7.85828,7.52148,52.59499,4327.92142,1.90752,37.64014,11.73005379949139,4.369753676601015,-30.999999471197007
7.9041,7.55708,52.81493,4320.98566,1.97752,37.52829,11.336330193602794,4.223081273915965,-30.999999471197007
7.94992,7.59254,53.04204,4314.25231,2.04073,37.42028,10.945739762670836,4.077576061341057,-30.999999471197007
7.99573,7.62786,53.27556,4307.72085,2.09722,37.31608,10.560034406681757,3.933890667716429,-30.999999471197007
8.04152,7.66305,53.51472,4301.3898,2.14705,37.21567,10.180746936543907,3.792596105436124,-30.999999471197007
8.08731,7.69811,53.75876,4295.25686,2.19035,37.11898,9.809197655006487,3.6541842220134755,-30.999999471197007
8.13309,7.73305,54.00696,4289.31902,2.22723,37.02594,9.44650393860772,3.5190712696089164,-30.999999471197007
8.17885,7.76786,54.25861,4283.57269,2.25784,36.93648,9.093592099675355,3.3876023239372772,-30.999999471197007
8.22461,7.80256,54.51301,4278.01372,2.28235,36.8505,8.751210869749322,3.2600563071974964,-30.999999471197007
8.27036,7.83715,54.76949,4272.63761,2.30092,36.76791,8.419945920086205,3.1366513973425887,-30.999999471197007
8.31609,7.87164,55.02741,4267.43947,2.31376,36.68861,8.100234915177337,3.0175506359112214,-30.999999471197007
8.36182,7.90602,55.28614,4262.41418,2.32104,36.61248,7.792382676668205,2.902867576986678,-30.999999471197007
8.40753,7.94031,55.54508,4257.55645,2.32298,36.53942,7.496576113840045,2.7926718491940985,-30.999999471197007
8.45323,7.9745,55.80366,4252.86084,2.31976,36.46931,7.212898650543805,2.6869945301129756,-30.999999471197007
8.49892,8.00861,56.06132,4248.32183,2.31159,36.40203,6.941343945014928,2.5858332572691487,-30.999999471197007
8.54461,8.04262,56.31754,4243.93391,2.29869,36.33747,6.681828757764405,2.4891570217627996,-30.999999471197007
8.59028,8.07656,56.57182,4239.69156,2.28124,36.27552,6.4342048731044414,2.3969106093504355,-30.999999471197007
8.63594,8.11042,56.82366,4235.58929,2.25946,36.21605,6.1982700220254205,2.3090186695039563,-30.999999471197007
8.68159,8.1442,57.07263,4231.62172,2.23353,36.15896,5.973777788592404,2.2253894058040036,-30.999999471197007
8.72723,8.1779,57.31827,4227.78355,2.20366,36.10413,5.760446509271618,2.1459178911732333,-30.999999471197007
8.77286,8.21154,57.56019,4224.06959,2.17003,36.05146,5.557967195571505,2.070489019268564,-30.999999471197007
8.81848,8.24511,57.79798,4220.4748,2.13282,36.00085,5.366010525807278,1.9989801090974364,-30.999999471197007
8.86408,8.27862,58.03128,4216.99428,2.09222,35.95217,5.184232962547438,1.9312631839276047,-30.999999471197007
8.90968,8.31206,58.25973,4213.62326,2.0484,35.90535,5.012282059195768,1.8672069481285496,-30.999999471197007
8.95527,8.34545,58.483,4210.35714,2.00152,35.86028,4.849801022843076,1.8066784869538097,-30.999999471197007
9.00085,8.37877,58.70078,4207.19148,1.95175,35.81687,4.696432601765158,1.749544714736262,-30.999999471197007
9.04642,8.41205,58.91277,4204.12199,1.89924,35.77503,4.551822365229154,1.6956735967022811,-30.999999471197007
9.09198,8.44527,59.11869,4201.14455,1.84415,35.73467,4.4156214411083115,1.6449351688052742,-30.999999471197007
9.13753,8.47844,59.31828,4198.25518,1.78662,35.69571,4.287488773644137,1.597202378801485,-30.999999471197007
9.18308,8.51156,59.51128,4195.45007,1.72679,35.65807,4.167092959819372,1.5523517703472467,-30.999999471197007
9.22861,8.54463,59.69747,4192.72554,1.66478,35.62168,4.054113718520677,1.510264030300737,-30.999999471197007
9.27414,8.57766,59.87663,4190.07806,1.60074,35.58645,3.9482430421819847,1.4708244177394292,-30.999999471197007
9.31965,8.61064,60.04855,4187.50425,1.53477,35.55232,3.8491860760656773,1.4339230915154655,-30.999999471197007
9.36516,8.64358,60.21304,4185.00084,1.46701,35.51922,3.7566617658921126,1.3994553515146961,-30.999999471197007
9.41066,8.67648,60.36991,4182.56469,1.39756,35.48708,3.6704033102574782,1.3673218071942332,-30.999999471197007
9.45616,8.70934,60.51902,4180.19279,1.32653,35.45585,3.590158450229342,1.3374284854644145,-30.999999471197007
9.50164,8.74216,60.66018,4177.88221,1.25403,35.42545,3.5156896247587763,1.3096868885839064,-30.999999471197007
9.54712,8.77495,60.79327,4175.63016,1.18016,35.39584,3.446774017047072,1.284014011432527,-30.999999471197007
9.59258,8.80771,60.9187,4173.43271,1.11506,35.40317,3.3829405392917997,1.2602343614088056,0.0
9.63801,8.84046,61.03687,4171.28621,1.0486,35.41054,3.3237553651840406,1.2381863267980124,0.0
9.68342,8.87321,61.14766,4169.18846,0.98087,35.41796,3.2690739414587795,1.2178160577055042,0.0
9.72879,8.90596,61.25094,4167.13727,0.91197,35.42543,3.2187600353777253,1.1990728038517684,0.0
9.77415,8.93869,61.3466,4165.13053,0.84199,35.43294,3.172686724203392,1.181909283177553,0.0
9.81947,8.97143,61.43453,4163.16616,0.77102,35.4405,3.13073648369367,1.166281714810424,0.0
9.86477,9.00415,61.51463,4161.24212,0.69913,35.44811,3.092801234431948,1.1521498363239524,0.0
9.91005,9.03688,61.58683,4159.35642,0.62642,35.45577,3.058782354925933,1.1394769086173722,0.0
9.9553,9.0696,61.65103,4157.50709,0.55296,35.46347,3.028590669250967,1.128229711312387,0.0
10.00053,9.10232,61.70717,4155.6922,0.47883,35.47122,3.0021464159462243,1.1183785311661907,0.0
10.04573,9.13503,61.7552,4153.90982,0.40411,35.47902,2.979379203905636,1.10989714563967,0.0
10.09091,9.16774,61.79505,4152.15807,0.32887,35.48686,2.960227960121725,1.1027628034306123,0.0
10.13607,9.20045,61.82668,4150.43504,0.2532,35.49476,2.94464087335681,1.096956203489746,0.0
10.1812,9.23315,61.85006,4148.73887,0.17716,35.5027,2.932575337068825,1.0924614737591054,0.0
10.22632,9.26585,61.86516,4147.06768,0.10083,35.51069,2.9239978942716087,1.0892661506310397,0.0
10.27141,9.29856,61.87195,4145.41959,0.02428,35.51872,2.9188841863794854,1.0873611598914714,0.0
10.31647,9.33125,61.87043,4143.79272,-0.05241,35.52681,2.917218907515845,1.0867407996986413,0.0
10.36152,9.36395,61.86058,4142.18517,-0.12918,35.53494,2.9189957652246994,1.0874027259471295,0.0
10.40654,9.39665,61.84241,4140.59503,-0.20596,35.54313,2.924217447998892,1.089347940171259,0.0
10.45154,9.42934,61.81593,4139.02035,-0.28266,35.55136,2.9328955995289223,1.0925807799521041,0.0
10.49652,9.46204,61.78116,4137.45918,-0.35922,35.55963,2.9450507990803945,1.097108911607576,0.0
10.54148,9.49473,61.73812,4135.90953,-0.43556,35.56796,2.960712546883721,1.1029433247497011,0.0
10.58641,9.52742,61.68685,4134.36935,-0.51162,35.57633,2.979919252910221,1.110098328103422,0.0
10.63132,9.56011,61.62739,4132.83657,-0.58731,35.58476,3.0027182268464316,1.118591545771768,0.0
10.67622,9.5928,61.55978,4131.30908,-0.66256,35.59323,3.029165666514947,1.1284439129223083,0.0
10.72109,9.62549,61.48409,4129.78469,-0.7373,35.60174,3.059326641357175,1.1396796696340474,0.0
10.76594,9.65818,61.40038,4128.26117,-0.81144,35.61031,3.09327506693857,1.1523263513999529,0.0
10.81077,9.69087,61.30872,4126.73622,-0.88491,35.61892,3.131093665701018,1.1664147745061855,0.0
10.85557,9.72356,61.20921,4125.20748,-0.95762,35.62758,3.1728739084277766,1.18197901422625,0.0
10.90036,9.75625,61.10192,4123.6725,-1.02949,35.63629,3.2187159299949095,1.199056373436187,0.0
10.94512,9.78893,60.98697,4122.12877,-1.10043,35.64505,3.2687284121073983,1.2176873389306901,0.0
10.98986,9.82162,60.86447,4120.57367,-1.17036,35.65385,3.32302842466538,1.2379155223278553,0.0
11.03458,9.85431,60.73452,4119.00451,-1.23919,35.6627,3.381741216360728,1.2597875820608955,0.0
11.07927,9.88699,60.59727,4117.4185,-1.30682,35.67159,3.4449999439243664,1.2833531225156458,0.0
11.12395,9.91968,60.45286,4115.81275,-1.37315,35.68053,3.512945328233274,1.3086645659213694,0.0
11.1686,9.95236,60.30144,4114.18426,-1.43809,35.68952,3.5857252241598885,1.335776992108345,0.0
11.21323,9.98504,60.14316,4112.52993,-1.50153,35.69855,3.6634940897284847,1.3647479407546501,0.0
11.25783,10.01772,59.97821,4110.84653,-1.56337,35.70763,3.7464123387455017,1.395637170223925,0.0
11.30241,10.0504,59.80676,4109.13072,-1.6235,35.71675,3.834645559684706,1.4285063665795426,0.0
11.34697,10.08308,59.62902,4107.37904,-1.68181,35.72591,3.9283635822699465,1.463418795862125,0.0
11.3915,10.11576,59.44519,4105.58791,-1.73818,35.73512,4.027739371900841,1.500438892234024,0.0
11.43601,10.14843,59.2555,4103.75362,-1.79249,35.74438,4.1329477309445934,1.5396317741763497,0.0
11.48049,10.18111,59.06018,4101.87232,-1.84461,35.75368,4.2441637849706835,1.5810626805715644,0.0
11.52495,10.21378,58.85948,4099.94004,-1.89442,35.76302,4.36156123137371,1.6247963182694105,0.0
11.56938,10.24645,58.65366,4097.95269,-1.94179,35.7724,4.485310327595562,1.6708961126467337,0.0
11.61378,10.27911,58.44301,4095.90603,-1.98659,35.78182,4.6155755964126035,1.719423352766584,0.0
11.65816,10.31177,58.2278,4093.79572,-2.02867,35.79129,4.7525132267295245,1.7704362231055373,0.0
11.70251,10.34443,58.00836,4091.61729,-2.06789,35.80079,4.896268150021636,1.8239887144515223,0.0
11.74683,10.37708,57.78499,4089.36615,-2.10412,35.81033,5.046970775343835,1.8801294076087571,0.0
11.79112,10.40972,57.55804,4087.03761,-2.13719,35.81992,5.204733369699271,1.9389001249898383,0.0
11.83537,10.44237,57.32786,4084.62689,-2.16697,35.82954,5.36964607582335,2.0003344471355016,0.0
11.8796,10.475,57.09483,4082.12912,-2.1933,35.8392,5.5417725662600015,2.064456093743686,0.0
11.9238,10.50763,56.85931,4079.53939,-2.21602,35.8489,5.7211453411320585,2.131277171965279,0.0
11.96796,10.54025,56.62173,4076.8527,-2.23499,35.85863,5.907760687463173,2.200796298618894,0.0
12.01209,10.57286,56.38249,4074.06406,-2.25005,35.8684,6.101573330317907,2.2729966075998256,0.0
12.05618,10.60547,56.14203,4071.16845,-2.26104,35.8782,6.302490820587642,2.3478436591826317,0.0
12.10024,10.63806,55.90079,4068.16092,-2.26783,35.88804,6.510367720760778,2.4252832740675494,0.0
12.14426,10.67064,55.65924,4065.03653,-2.27025,35.8979,6.724999668569338,2.5052393219326636,0.0
12.18824,10.70322,55.41787,4061.79047,-2.26817,35.9078,6.946117418479177,2.5876115017322268,0.0
12.23219,10.73578,55.17715,4058.41805,-2.26145,35.91773,7.173380982451644,2.6722731589762203,0.0
12.27609,10.76833,54.93761,4054.91476,-2.24996,35.92769,7.406374013382755,2.759069193413656,0.0
12.31995,10.80086,54.69975,4051.27631,-2.23357,35.93768,7.64459859650683,2.8478141186933947,0.0
12.36377,10.83338,54.46411,4047.4987,-2.21219,35.9477,7.887470634674617,2.938290343258817,0.0
12.40754,10.86588,54.23123,4043.57822,-2.18571,35.95774,8.134316031674063,3.0302467485343945,0.0
12.45126,10.89837,54.00165,4039.51157,-2.15404,35.9678,8.384367892092438,3.123397645800655,0.0
12.49494,10.93084,53.77592,4035.29587,-2.11713,35.97789,8.636764965191931,3.2174221964968908,0.0
12.53857,10.96329,53.55461,4030.92874,-2.07492,35.988,8.890551562136581,3.311964381386019,0.0
12.58215,10.99571,53.33827,4026.40835,-2.02739,35.99814,9.144679169038316,3.406633601456674,0.0
12.62567,11.02812,53.12747,4021.73347,-1.97453,36.00829,9.398009961244384,3.5010059870877357,0.0
12.66914,11.06051,52.92275,4016.90354,-1.91636,36.01846,9.649322395672675,3.5946264813403883,0.0
12.71256,11.09287,52.72467,4011.91871,-1.85293,36.02865,9.897319017230451,3.6870117480544846,0.0
12.75591,11.1252,52.53376,4006.77988,-1.78431,36.03885,10.140636561875477,3.77765393550466,0.0
12.79921,11.15751,52.35056,4001.48876,-1.71061,36.04907,10.377858373537512,3.8660253020302835,0.0
12.84245,11.18979,52.17558,3996.04788,-1.63195,36.0593,10.607529076000025,3.9515836816974446,0.0
12.88562,11.22204,52.00931,3990.46065,-1.54852,36.06955,10.828171356344997,4.033778736573738,0.0
12.92873,11.25427,51.85223,3984.73133,-1.46049,36.07981,11.038304626948547,4.112058908812664,0.0
12.97178,11.28646,51.70477,3978.86508,-1.36811,36.09007,11.236465242194566,4.185878951911388,0.0
13.01476,11.31861,51.56736,3972.8679,-1.27164,36.10035,11.42122785897937,4.2547078880607545,0.0
13.05767,11.35074,51.44039,3966.74666,-1.17136,36.11063,11.591227451795502,4.3180372093432515,0.0
13.10046,11.38289,51.32129,3960.51528,-1.12394,36.28024,11.750048959302656,4.37720239973503,38.99999933473172
13.1431,11.41513,51.20741,3954.18483,-1.07399,36.45225,11.901613210491318,4.433664071198264,38.99999933473172
13.18557,11.44745,51.09902,3947.75895,-1.02163,36.6266,12.045209128338918,4.487157328832483,38.99999933473172
13.22788,11.47986,50.99632,3941.2417,-0.96699,36.80316,12.180134420848852,4.537420550390538,38.99999933473172
13.27003,11.51236,50.89954,3934.63754,-0.91021,36.98182,12.30571884314133,4.584204052019504,38.99999933473172
13.312,11.54494,50.80887,3927.95135,-0.85146,37.16247,12.421331652697353,4.62727286553522,38.99999933473172
13.3538,11.57762,50.72449,3921.18839,-0.7909,37.34497,12.526388831652584,4.6664094289167855,38.99999933473172
13.39543,11.61037,50.64655,3914.35428,-0.72871,37.52919,12.62035993245345,4.7014161364935765,38.99999933473172
13.43689,11.64322,50.57518,3907.45494,-0.66507,37.71496,12.702774406000302,4.7321176963450835,38.99999933473172
13.47816,11.67615,50.51051,3900.49662,-0.6002,37.90215,12.773227278559688,4.758363245100098,38.99999933473172
13.51926,11.70917,50.45263,3893.48581,-0.53427,38.09059,12.83138405532568,4.780028174642319,38.99999933473172
13.56018,11.74228,50.40162,3886.4292,-0.46752,38.2801,12.876984744050542,4.797015631018661,38.99999933473172
13.60092,11.77546,50.35751,3879.33369,-0.40014,38.47053,12.909846911401551,4.809257653012574,38.99999933473172
13.64148,11.80874,50.32035,3872.20631,-0.33236,38.66169,12.929867706857165,4.816715926098622,38.99999933473172
13.68186,11.8421,50.29012,3865.05415,-0.2644,38.85341,12.937024813288696,4.819382136559171,38.99999933473172
13.72205,11.87554,50.26683,3857.88438,-0.19648,39.04552,12.931376309074846,4.817277920118422,38.99999933473172
13.76206,11.90906,50.25042,3850.70415,-0.12882,39.23784,12.913059452553702,4.810454409118795,38.99999933473172
13.80189,11.94266,50.24083,3843.52059,-0.06164,39.43019,12.882288425045196,4.798991391737416,38.99999933473172
13.84153,11.97635,50.23798,3836.34071,0.00485,39.6224,12.839351092572429,4.7829961056421,38.99999933473172
13.88099,12.01011,50.24177,3829.17143,0.07043,39.81429,12.784604867928158,4.762601696502244,38.99999933473172
13.92026,12.04396,50.25206,3822.01949,0.13491,40.00571,12.718471773230263,4.737965378660833,38.99999933473172
13.95936,12.07787,50.26871,3814.89141,0.19808,40.19649,12.641432818026479,4.709266340830518,38.99999933473172
13.99827,12.11187,50.29157,3807.79351,0.25975,40.38648,12.554021818870096,4.6767034437229595,38.99999933473172
14.03699,12.14594,50.32044,3800.73182,0.31974,40.57553,12.456818793172907,4.640492759085225,38.99999933473172
14.07554,12.18008,50.35513,3793.71208,0.37788,40.76349,12.350443062702588,4.600865000571113,38.99999933473172
14.11391,12.21429,50.39542,3786.73975,0.43401,40.95024,12.2355462008239,4.558062896402922,38.99999933473172
14.1521,12.24858,50.4411,3779.8199,0.48797,41.13566,12.112804952636996,4.512338551936694,38.99999933473172
14.19011,12.28293,50.49192,3772.95731,0.53963,41.31962,11.982914248982784,4.463950847195401,38.99999933473172
14.22794,12.31736,50.54762,3766.15637,0.58886,41.50203,11.846580424561443,4.41316291043964,38.99999933473172
14.2656,12.35184,50.60795,3759.42111,0.63554,41.68278,11.704514737499629,4.360239704035921,38.99999933473172
14.30309,12.3864,50.67263,3752.7552,0.67957,41.86179,11.55742727343934,4.305445753569364,38.99999933473172
14.34041,12.42102,50.74138,3746.16193,0.72086,42.03899,11.406021302062523,4.249043045500637,38.99999933473172
14.37756,12.4557,50.81392,3739.64421,0.75933,42.2143,11.250988138547273,4.191289112923172,38.99999933473172
14.41454,12.49044,50.88996,3733.20462,0.79491,42.38767,11.09300254730052,4.1324353233326745,38.99999933473172
14.45135,12.52524,50.9692,3726.84536,0.82755,42.55904,10.932718710774072,4.072725376905018,38.99999933473172
14.48801,12.5601,51.05134,3720.56827,0.85721,42.72839,10.770766772744013,4.012394018776875,38.99999933473172
14.5245,12.59502,51.13608,3714.3749,0.88384,42.89568,10.607749953302065,3.951665964304086,38.99999933473172
14.56083,12.63,51.22313,3708.26643,0.90743,43.06089,10.444242222125304,3.890755032293413,38.99999933473172
14.597,12.66503,51.31217,3702.24377,0.92796,43.224,10.280786507633508,3.8298634778665326,38.99999933473172
14.63302,12.70011,51.4029,3696.30751,0.94544,43.38501,10.117893412245156,3.7691815138590847,38.99999933473172
14.66889,12.73525,51.49504,3690.45797,0.95987,43.54392,9.95604039821441,3.7088870075235314,38.99999933473172
14.70461,12.77044,51.58827,3684.69522,0.97126,43.70074,9.795671404390513,3.6491453377619516,38.99999933473172
14.74017,12.80567,51.68232,3679.01908,0.97964,43.85549,9.637196851481525,3.5901093970869153,38.99999933473172
14.77559,12.84096,51.77688,3673.42913,0.98504,44.00817,9.480993992008157,3.5319197219885003,38.99999933473172
14.81087,12.8763,51.87168,3667.92478,0.98749,44.15883,9.327407560833976,3.474704735273903,38.99999933473172
14.84601,12.91169,51.96643,3662.50519,0.98705,44.30749,9.176750682882869,3.4185810842160853,38.99999933473172
14.881,12.94712,52.06086,3657.16939,0.98375,44.45419,9.029305996085544,3.363654058880888,38.99999933473172
14.91586,12.9826,52.15471,3651.91621,0.97766,44.59896,8.88532694981053,3.310018075826741,38.99999933473172
14.95058,13.01812,52.24771,3646.74436,0.96883,44.74186,8.745039241553286,3.257757213309162,38.99999933473172
14.98516,13.05368,52.33961,3641.6524,0.95733,44.88293,8.608642357674578,3.2069457852463388,38.99999933473172
15.01962,13.0893,52.43016,3636.63878,0.94322,45.02223,8.476311187089697,3.157648942360822,38.99999933473172
15.05394,13.12495,52.51912,3631.70183,0.92658,45.1598,8.34819768009639,3.109923290136573,38.99999933473172
15.08813,13.16064,52.60627,3626.83978,0.90749,45.2957,8.224432527748814,3.0638175144299544,38.99999933473172
15.1222,13.19638,52.69138,3622.05078,0.886,45.43,8.105126840438366,3.0193730067852544,38.99999933473172
15.15614,13.23216,52.77422,3617.33292,0.86222,45.56274,7.9903738073594575,2.976624482629345,38.99999933473172
15.18996,13.26797,52.85461,3612.68419,0.83621,45.694,7.8802503214594495,2.9356005866082926,38.99999933473172
15.22366,13.30383,52.93233,3608.10254,0.80806,45.82384,7.774818557144361,2.896324480324248,38.99999933473172
15.25723,13.33972,53.0072,3603.58586,0.77786,45.95233,7.674127490476604,2.858814408649096,38.99999933473172
15.29069,13.37566,53.07904,3599.13201,0.74569,46.07952,7.578214353832331,2.823084241622597,38.99999933473172
15.32403,13.41163,53.14767,3594.73879,0.71163,46.20549,7.4871060189285386,2.7891439896663694,38.99999933473172
15.35725,13.44764,53.21292,3590.40398,0.67577,46.3303,7.400820303906142,2.7570002905067277,38.99999933473172
15.39035,13.48369,53.27465,3586.12532,0.6382,46.45402,7.319367201631104,2.726656866749171,38.99999933473172
15.42335,13.51977,53.33271,3581.90053,0.59901,46.57673,7.242750027662348,2.698114953526635,38.99999933473172
15.45623,13.55589,53.38695,3577.72731,0.55829,46.69848,7.170966487416511,2.6713736960464454,38.99999933473172
15.489,13.59204,53.43725,3573.60334,0.51611,46.81935,7.104009662925482,2.646430517183456,38.99999933473172
15.52165,13.62823,53.48348,3569.52627,0.47259,46.93941,7.041868920308191,2.623281455537175,38.99999933473172
15.5542,13.66446,53.52554,3565.49375,0.42779,47.05873,6.984530739615404,2.60192147457078,38.99999933473172
15.58664,13.70072,53.56331,3561.50341,0.38181,47.17738,6.931979469093772,2.582344743594328,38.99999933473172
15.61897,13.73701,53.59671,3557.55287,0.33474,47.29543,6.88419800624259,2.5645448914763107,38.99999933473172
15.65119,13.77334,53.62563,3553.63973,0.28667,47.41294,6.84116840817496,2.5485152340192547,38.99999933473172
15.68331,13.80971,53.65002,3549.76158,0.23768,47.52999,6.802872433873808,2.5342489759643487,38.99999933473172
15.71532,13.84611,53.66979,3545.916,0.18787,47.64665,6.769292020945603,2.521739388594752,38.99999933473172
15.74722,13.88254,53.68488,3542.10056,0.13731,47.76298,6.740409699398538,2.5109799638788535,38.99999933473172
15.77902,13.919,53.69524,3538.31282,0.08611,47.87906,6.716208944830682,2.501964546042152,38.99999933473172
15.81071,13.9555,53.70082,3534.55031,0.03434,47.99496,6.696674473255582,2.494687441397546,38.99999933473172
15.84233,13.99201,53.70326,3530.80628,0.01834,48.00833,6.68020153757719,2.488550839428323,0.0
15.87391,14.02848,53.7042,3527.07516,0.00184,48.02173,6.6652128172172995,2.482967146717295,0.0
15.90545,14.06494,53.70359,3523.35622,-0.01515,48.03514,6.651735566393128,2.4779465161774805,0.0
15.93694,14.10136,53.70139,3519.64873,-0.03256,48.04857,6.639794204030821,2.4734980445013677,0.0
15.9684,14.13777,53.69757,3515.95193,-0.05038,48.06203,6.6294105787404405,2.4696298708710764,0.0
15.99981,14.17415,53.6921,3512.26505,-0.06856,48.07551,6.620604023106033,2.4663491971828355,0.0
16.03118,14.2105,53.68496,3508.58728,-0.08706,48.08901,6.61339140336006,2.463662306552014,0.0
16.06251,14.24683,53.6761,3504.91781,-0.10584,48.10253,6.607787163918777,2.4615745799037216,0.0
16.0938,14.28313,53.66553,3501.2558,-0.12487,48.11607,6.603803366320413,2.460090510478308,0.0
16.12505,14.31941,53.65321,3497.60039,-0.14411,48.12963,6.601449722186254,2.459213716110229,0.0
16.15626,14.35567,53.63913,3493.95073,-0.16351,48.14322,6.600733619915085,2.4589469491724336,0.0
16.18742,14.3919,53.62329,3490.30593,-0.18303,48.15682,6.601660144876103,2.4592921040987523,0.0
16.21855,14.42811,53.60568,3486.66511,-0.20264,48.17045,6.604232092945649,2.460250222426685,0.0
16.24964,14.46429,53.5863,3483.02734,-0.22229,48.1841,6.608449977301039,2.4618214953282833,0.0
16.28068,14.50045,53.56514,3479.39174,-0.24195,48.19777,6.614312028471566,2.4640052636291543,0.0
16.31169,14.53658,53.54222,3475.75736,-0.26157,48.21146,6.621814187685181,2.4668000153299143,0.0
16.34265,14.57269,53.51754,3472.12329,-0.28111,48.22517,6.630950093660152,2.470203380685745,0.0
16.37357,14.60878,53.49112,3468.48859,-0.30054,48.23891,6.641711063029006,2.4742121249137874,0.0
16.40446,14.64484,53.46297,3464.85231,-0.3198,48.25266,6.654086064666893,2.478822138629789,0.0
16.4353,14.68087,53.43311,3461.21351,-0.33887,48.26644,6.66806168826951,2.484028426142552,0.0
16.4661,14.71689,53.40156,3457.57126,-0.3577,48.28024,6.683622107592066,2.489825091759477,0.0
16.49686,14.75288,53.36836,3453.9246,-0.37624,48.29405,6.70074903882926,2.4962053242820144,0.0
16.52758,14.78884,53.33353,3450.27258,-0.39448,48.30789,6.719421694704414,2.503161379902654,0.0
16.55826,14.82478,53.29711,3446.61428,-0.41235,48.32175,6.73961673489626,2.510684563737604,0.0
16.5889,14.86069,53.25913,3442.94874,-0.42983,48.33563,6.761308213501419,2.518765210255177,0.0
16.6195,14.89658,53.21964,3439.27503,-0.44688,48.34953,6.784467524318744,2.5273926628927716,0.0
16.65005,14.93245,53.17867,3435.59223,-0.46346,48.36344,6.809063344802592,2.5365552531779905,0.0
16.68057,14.96829,53.13629,3431.89943,-0.47953,48.37738,6.8350615796102465,2.5462402796985693,0.0
16.71104,15.0041,53.09252,3428.19571,-0.49507,48.39134,6.862425304741632,2.55643398729295,0.0
16.74148,15.03989,53.04744,3424.48019,-0.51003,48.40532,6.891114713314769,2.5671215468502138,0.0
16.77187,15.07566,53.00109,3420.75199,-0.52438,48.41932,6.92108706413563,2.578287036150997,0.0
16.80222,15.1114,52.95354,3417.01023,-0.53809,48.43333,6.952296634208835,2.5899134221764757,0.0
16.83253,15.14711,52.90484,3413.25409,-0.55112,48.44737,6.984694676470095,2.6019825453625907,0.0
16.8628,15.1828,52.85507,3409.48274,-0.56345,48.46142,7.018229384004115,2.6144751062702714,0.0
16.89302,15.21846,52.80428,3405.69537,-0.57505,48.47549,7.052845862095392,2.627370655173628,0.0
16.92321,15.2541,52.75255,3401.8912,-0.58589,48.48958,7.088486109462798,2.6406475850693325,0.0
16.95335,15.28971,52.69995,3398.0695,-0.59595,48.50369,7.125089010075182,2.654283128627723,0.0
16.98345,15.32529,52.64654,3394.22953,-0.60519,48.51782,7.162590336926458,2.668253359599117,0.0
17.01351,15.36085,52.59242,3390.3706,-0.6136,48.53196,7.200922769174865,2.6825331991986423,0.0
17.04352,15.39638,52.53765,3386.49206,-0.62115,48.54612,7.240015923986938,2.697096427968948,0.0
17.07349,15.43188,52.48231,3382.59328,-0.62783,48.5603,7.279796404438464,2.7119157036245767,0.0
17.10342,15.46736,52.42648,3378.67368,-0.63362,48.5745,7.320187864733313,2.7269625853476898,0.0
17.13331,15.50281,52.37024,3374.7327,-0.63849,48.58871,7.361111093942963,2.742207564983248,0.0
17.16315,15.53823,52.31369,3370.76985,-0.64244,48.60294,7.402484119359057,2.7576201055405574,0.0
17.19295,15.57362,52.25689,3366.78466,-0.64546,48.61718,7.4442223304554105,2.7731686873723773,0.0
17.22271,15.60899,52.19993,3362.77671,-0.64753,48.63144,7.4862386242993635,2.7888208623444757,0.0
17.25242,15.64432,52.14291,3358.74563,-0.64865,48.64571,7.528443573103215,2.8045433162529467,0.0
17.28209,15.67963,52.08589,3354.69109,-0.64881,48.66,7.570745614411564,2.8203019396740006,0.0
17.31172,15.71491,52.02897,3350.61284,-0.64801,48.67431,7.6130512642266615,2.836061907358763,0.0
17.3413,15.75016,51.97224,3346.51065,-0.64624,48.68863,7.655265353164098,2.8517877662074853,0.0
17.37084,15.78538,51.91577,3342.38435,-0.64352,48.70296,7.697291285453565,2.8674435317541405,0.0
17.40033,15.82057,51.85965,3338.23384,-0.63984,48.71731,7.739031320365961,2.8829927930054238,0.0
17.42977,15.85572,51.80396,3334.05906,-0.63521,48.73167,7.780386875387719,2.8983988253811694,0.0
17.45918,15.89085,51.74879,3329.86001,-0.62965,48.74605,7.821258850149353,2.9136247113862566,0.0
17.48853,15.92595,51.69421,3325.63676,-0.62315,48.76044,7.861547969843818,2.9286334685429836,0.0
17.51784,15.96102,51.6403,3321.38942,-0.61574,48.77484,7.901155146584839,2.9433881840065523,0.0
17.54711,15.99605,51.58715,3317.11818,-0.60744,48.78925,7.939981856843354,2.9578521551700803,0.0
17.57633,16.03106,51.53483,3312.82328,-0.59826,48.80368,7.977930532840872,2.971989035468914,0.0
17.6055,16.06603,51.4834,3308.50501,-0.58823,48.81812,8.01490496547533,2.985762984481123,0.0
17.63463,16.10097,51.43295,3304.16374,-0.57736,48.83257,8.05081071612894,2.9991388213367514,0.0
17.66371,16.13588,51.38354,3299.79987,-0.5657,48.84703,8.085555534448963,3.0120821803521496,0.0
17.69274,16.17076,51.33524,3295.41389,-0.55326,48.86151,8.119049779000253,3.0245596677341187,0.0
17.72173,16.2056,51.2881,3291.00632,-0.54008,48.87599,8.151206837495522,3.0365390181267373,0.0
17.75067,16.24041,51.24219,3286.57775,-0.5262,48.89049,8.18194354318377,3.0479892497270096,0.0
17.77956,16.27519,51.19757,3282.12882,-0.51164,48.90499,8.211180583878672,3.0588808166586983,0.0
17.80841,16.30993,51.15428,3277.66024,-0.49646,48.91951,8.238842900039517,3.0691857572679564,0.0
17.83721,16.34464,51.11238,3273.17274,-0.48069,48.93404,8.264860068328582,3.078877837008531,0.0
17.86596,16.37931,51.07192,3268.66711,-0.46436,48.94857,8.289166667085476,3.0879326845905766,0.0
17.89466,16.41395,51.03292,3264.14421,-0.44754,48.96312,8.311702620283286,3.096327920113376,0.0
17.92332,16.44856,50.99544,3259.6049,-0.43026,48.97768,8.33241351665222,3.1040432739472834,0.0
17.95192,16.48313,50.9595,3255.05012,-0.41257,48.99224,8.35125090083696,3.1110606951975073,0.0
17.98048,16.51767,50.92513,3250.48082,-0.39452,49.00682,8.368172533735361,3.117364448687119,0.0
18.00899,16.55217,50.89236,3245.89801,-0.37616,49.0214,8.383142619394164,3.1229411994816827,0.0
18.03745,16.58663,50.86121,3241.30271,-0.35754,49.03599,8.3961319962121,3.127780084117437,0.0
18.06587,16.62106,50.83169,3236.69597,-0.33872,49.05059,8.407118290526691,3.1318727678164233,0.0
18.09423,16.65546,50.80381,3232.07887,-0.31974,49.0652,8.416086031074402,3.1352134871259003,0.0
18.12255,16.68982,50.77758,3227.45251,-0.30066,49.07982,8.42302672320922,3.1377990775667213,0.0
18.15082,16.72414,50.753,3222.818,-0.28154,49.09444,8.427938882197562,3.139628986036559,0.0
18.17903,16.75843,50.73007,3218.17648,-0.26242,49.10908,8.430828025382358,3.140705267890828,0.0
18.2072,16.79268,50.70878,3213.52908,-0.24336,49.12372,8.43170662338732,3.1410325687649814,0.0
18.23532,16.82689,50.68912,3208.87693,-0.22442,49.13837,8.43059401104414,3.140618091392554,0.0
18.2634,16.86107,50.67107,3204.22118,-0.20565,49.15303,8.427516259075164,3.139471547803582,0.0
18.29142,16.89521,50.65461,3199.56297,-0.18709,49.16769,8.422506008047314,3.1376050974680703,0.0
18.31939,16.92932,50.63971,3194.90343,-0.16881,49.18236,8.415602266426164,3.135033272065818,0.0
18.34732,16.96339,50.62636,3190.24368,-0.15085,49.19704,8.406850174932115,3.1317728877028976,0.0
18.37519,16.99742,50.6145,3185.58483,-0.13326,49.21173,8.39630073974907,3.127842945524868,0.0
18.40302,17.03142,50.60412,3180.92796,-0.1161,49.22643,8.384010537308145,3.123264521740935,0.0
18.4308,17.06537,50.59515,3176.27415,-0.0994,49.24113,8.370041393722593,3.1180606482050286,0.0
18.45853,17.0993,50.58757,3171.62443,-0.08321,49.25584,8.354460042003439,3.112256184719607,0.0
18.48621,17.13318,50.58132,3166.97984,-0.06759,49.27056,8.337337760402878,3.1058776843090543,0.0
18.51384,17.16703,50.57635,3162.34134,-0.05256,49.28529,8.318749995277452,3.098953252726298,0.0
18.54142,17.20084,50.5726,3157.7099,-0.03817,49.30002,8.298775971891853,3.091512403466979,0.0
18.56896,17.23462,50.57001,3153.08643,-0.02446,49.31476,8.277498296598454,3.083585909570856,0.0
18.59644,17.26836,50.56854,3148.47181,-0.01147,49.32951,8.25500255373309,3.0752056534548906,0.0
18.62388,17.30206,50.5681,3143.86689,0.00078,49.34426,8.23137690050421,3.0664044759987834,0.0
18.65127,17.33573,50.56864,3139.27247,0.01225,49.35903,8.206711662997247,3.057216026045983,0.0
18.67861,17.36936,50.57009,3134.6893,0.02291,49.3738,8.18109893626238,3.0476746114258453,0.0
18.7059,17.40295,50.57238,3130.11809,0.03274,49.38858,8.154632191225364,3.0378150525175847,0.0
18.73315,17.43651,50.57543,3125.55951,0.04171,49.40337,8.12740589099779,3.0276725393157413,0.0
18.76034,17.47003,50.57918,3121.01417,0.0498,49.41816,8.099515118854603,3.017282492842021,0.0
18.78749,17.50351,50.58355,3116.48265,0.05699,49.43297,8.071055219946285,3.0066804316736646,0.0
18.81459,17.53696,50.58845,3111.96546,0.06326,49.44778,8.04212145852035,2.995901844249424,0.0
18.84165,17.57038,50.59383,3107.46308,0.06861,49.4626,8.012808692178323,2.984982067521719,0.0
18.86866,17.60376,50.59959,3102.97593,0.07302,49.47743,7.983211064394589,2.973956172411822,0.0
18.89561,17.6371,50.60567,3098.50438,0.07648,49.49226,7.953421716301118,2.9628588564420824,0.0
18.92253,17.67041,50.61197,3094.04875,0.07898,49.50711,7.923532518431197,2.9517243438034106,0.0
18.94939,17.70368,50.61843,3089.60932,0.08052,49.52196,7.8936338229245635,2.9405862930451647,0.0
18.97621,17.73692,50.62497,3085.18631,0.08111,49.53683,7.863814236410002,2.929477712467949,0.0
19.00299,17.77012,50.63151,3080.7799,0.08073,49.5517,7.8341604135796,2.918430883224587,0.0
19.02971,17.80329,50.63797,3076.3902,0.0794,49.56658,7.804756871282075,2.9074772900649997,0.0
19.05639,17.83642,50.64428,3072.01731,0.07713,49.58147,7.775685822742348,2.89664755957863,0.0
19.08303,17.86952,50.65035,3067.66124,0.07391,49.59637,7.74702703137117,2.8859714057346824,0.0
19.10961,17.90259,50.65612,3063.32198,0.06976,49.61128,7.718857683480286,2.8754775824651775,0.0
19.13616,17.93562,50.66152,3058.99948,0.0647,49.62619,7.6912522790756475,2.865193842982545,0.0
19.16265,17.96861,50.66646,3054.69362,0.05873,49.64112,7.6642825398064,2.855146905488203,0.0
19.1891,18.00158,50.67089,3050.40426,0.05188,49.65606,7.638017333053862,2.8453624248937013,0.0
19.21551,18.03451,50.67473,3046.13121,0.04417,49.671,7.612522611070636,2.835864970148442,0.0
19.24187,18.0674,50.67791,3041.87424,0.0356,49.68596,7.587861364037309,2.8266780067520663,0.0
19.26819,18.10026,50.68038,3037.63307,0.02622,49.70093,7.564093585840857,2.8178238840060064,0.0
19.29446,18.13309,50.68206,3033.40739,0.01604,49.7159,7.541276251409475,2.8093238265701155,0.0
19.32069,18.16589,50.6829,3029.19686,0.00508,49.73089,7.51946330435754,2.8011979298600913,0.0
19.34687,18.19865,50.68285,3025.0011,-0.00661,49.74589,7.498705653778766,2.7934651588528405,0.0
19.37301,18.23138,50.68184,3020.81968,-0.01903,49.76089,7.479051178967316,2.786143349845219,0.0
19.3991,18.26408,50.67982,3016.65215,-0.03212,49.77591,7.460544740949878,2.779249214750034,0.0
19.42515,18.29674,50.67675,3012.49802,-0.04587,49.79094,7.443228199682268,2.772798347502227,0.0
19.45116,18.32938,50.67257,3008.3568,-0.06024,49.80598,7.4271404358376225,2.766805232175554,0.0
19.47712,18.36198,50.66724,3004.22792,-0.07519,49.82102,7.4123173761876275,2.7612832524377584,0.0
19.50304,18.39454,50.66073,3000.11081,-0.0907,49.83608,7.3987920215808165,2.756244701973224,0.0
19.52891,18.42708,50.65299,2996.00488,-0.10671,49.85115,7.386594476634707,2.7517007955440755,0.0
19.55474,18.45958,50.64398,2991.90951,-0.1232,49.86623,7.375751980299695,2.7476616803760345,0.0
19.58053,18.49205,50.63367,2987.82404,-0.14013,49.88132,7.366288936514853,2.7441364475785144,0.0
19.60628,18.52449,50.62205,2983.74779,-0.15745,49.89643,7.3582269442781945,2.741133143346577,0.0
19.63198,18.5569,50.60907,2979.68009,-0.17513,49.91154,7.351584826493836,2.738658779707267,0.0
19.65764,18.58928,50.59472,2975.62022,-0.19313,49.92666,7.346378657047752,2.736719344606038,0.0
19.68326,18.62162,50.57897,2971.56743,-0.2114,49.94179,7.34262178564127,2.735319811157887,0.0
19.70883,18.65393,50.56182,2967.521,-0.22991,49.95694,7.340324859994591,2.734464145918748,0.0
19.73436,18.68622,50.54325,2963.48015,-0.24861,49.97209,7.339495845073934,2.7341553160481085,0.0
19.75985,18.71847,50.52324,2959.4441,-0.26745,49.98726,7.340140039130583,2.734395295283976,0.0
19.78529,18.75068,50.5018,2955.41206,-0.28641,50.00243,7.342260086360608,2.73518506865896,0.0
19.81069,18.78287,50.47892,2951.38323,-0.30542,50.01762,7.34585598609338,2.736524635923234,0.0
19.83605,18.81502,50.4546,2947.3568,-0.32446,50.03282,7.350925098509668,2.738413013674676,0.0
19.86137,18.84715,50.42885,2943.33194,-0.34348,50.04802,7.357462146930839,2.7408482362116575,0.0
19.88664,18.87924,50.40167,2939.30783,-0.36243,50.06324,7.365459216815266,2.743827355159179,0.0
19.91188,18.9113,50.37308,2935.28362,-0.38127,50.07847,7.374905751668321,2.7473464379452324,0.0
19.93707,18.94333,50.34308,2931.25849,-0.39997,50.09371,7.385788546148754,2.7514005652327507,0.0
19.96221,18.97532,50.3117,2927.23158,-0.41847,50.10895,7.398091736705438,2.7559838274315416,0.0
19.98732,19.00729,50.27895,2923.20206,-0.43673,50.12421,7.411796790174854,2.761089320450558,0.0
20.01238,19.03922,50.24486,2919.16909,-0.45472,50.13948,7.426882490817952,2.7667091408687847,0.0
20.0374,19.07112,50.20946,2915.13182,-0.47239,50.15476,7.443324926351732,2.7728343807316342,0.0
20.06237,19.10299,50.17277,2911.08942,-0.48971,50.17004,7.461097473580218,2.7794551221981068,0.0
20.08731,19.13483,50.13483,2907.04105,-0.50662,50.18534,7.48017078431664,2.786560432296432,0.0
20.1122,19.16664,50.09567,2902.9859,-0.5231,50.20064,7.500512772312818,2.7941383580549246,0.0
20.13705,19.19841,50.05533,2898.92315,-0.53911,50.21596,7.522088601986518,2.802175922302623,0.0
20.16186,19.23015,50.01385,2894.852,-0.5546,50.23128,7.544860679784348,2.810659120451742,0.0
20.18662,19.26186,49.97128,2890.77165,-0.56955,50.24661,7.568788649061811,2.8195729185903597,0.0
20.21134,19.29354,49.92766,2886.68133,-0.58391,50.26195,7.59382938939021,2.8289012532242195,0.0
20.23602,19.32518,49.88304,2882.58028,-0.59766,50.2773,7.619937021232939,2.8386270330187724,0.0
20.26065,19.35679,49.83747,2878.46775,-0.61076,50.29266,7.647062916982704,2.848732142910832,0.0
20.28524,19.38837,49.79101,2874.34302,-0.62317,50.30803,7.675155719330475,2.8591974509514926,0.0
20.30979,19.41991,49.74371,2870.20539,-0.63488,50.3234,7.70416136796415,2.8700028182520834,0.0
20.3343,19.45142,49.69562,2866.05419,-0.64585,50.33878,7.734023135582924,2.8811271124004705,0.0
20.35876,19.4829,49.64681,2861.88875,-0.65605,50.35417,7.7646816742135805,2.8925482247150898,0.0
20.38318,19.51434,49.59733,2857.70846,-0.66547,50.36956,7.796075072754478,2.9042430916816033,0.0
20.40755,19.54575,49.54726,2853.51272,-0.67407,50.38496,7.82813892667541,2.9161877209179212,0.0
20.43188,19.57713,49.49665,2849.30097,-0.68184,50.40037,7.86080642071543,2.9283572219813268,0.0
20.45617,19.60847,49.44556,2845.07267,-0.68875,50.41579,7.894008425358481,2.940725842308183,0.0
20.48042,19.63978,49.39407,2840.82733,-0.6948,50.43121,7.927673607822672,2.953267008560354,0.0
20.50462,19.67105,49.34224,2836.56449,-0.69996,50.44664,7.961728558128217,2.9659533735888397,0.0
20.52877,19.70228,49.29013,2832.28372,-0.70422,50.46207,7.996097930776122,2.9787568692128037,0.0
20.55288,19.73349,49.23783,2827.98464,-0.70757,50.47751,8.030704602391461,2.991648764945849,0.0
20.57695,19.76465,49.18539,2823.66692,-0.71001,50.49295,8.065469845593736,3.0045997327672977,0.0
20.60097,19.79578,49.13288,2819.33024,-0.71152,50.5084,8.10031351912953,3.0175799179516076,0.0
20.62495,19.82688,49.08038,2814.97436,-0.71211,50.52385,8.135154274234642,3.030559015943701,0.0
20.64888,19.85794,49.02795,2810.59906,-0.71177,50.53931,8.16990977693079,3.043506355170328,0.0
20.67277,19.88896,48.97566,2806.20419,-0.7105,50.55477,8.204496945836738,3.056390985630977,0.0
20.69661,19.91994,48.92358,2801.78962,-0.70831,50.57023,8.23883220485042,3.0691817730286104,0.0
20.72041,19.95089,48.87177,2797.35528,-0.7052,50.5857,8.272831749873824,3.081847498131698,0.0
20.74417,19.98181,48.82031,2792.90116,-0.70119,50.60117,8.30641182854417,3.0943569609814463,0.0
20.76787,20.01268,48.76926,2788.42729,-0.69628,50.61665,8.339489031755718,3.1066790894913443,0.0
20.79153,20.04352,48.71868,2783.93375,-0.6905,50.63212,8.371980595524539,3.1187830518997237,0.0
20.81515,20.07431,48.66863,2779.42066,-0.68384,50.6476,8.403804711609238,3.1306383724841624,0.0
20.83872,20.10508,48.61918,2774.8882,-0.67635,50.66308,8.434880845051907,3.1422150498538386,0.0
20.86224,20.1358,48.57038,2770.3366,-0.66803,50.67857,8.465130056731967,3.153483677109321,0.0
20.88572,20.16648,48.5223,2765.76615,-0.65892,50.69405,8.494475328759766,3.164415563060253,0.0
20.90915,20.19713,48.47498,2761.17716,-0.64903,50.70954,8.522841890509868,3.1749828536813247,0.0
20.93253,20.22773,48.42849,2756.57002,-0.6384,50.72502,8.550157542914132,3.1851586529199833,0.0
20.95587,20.2583,48.38286,2751.94515,-0.62707,50.74051,8.576352978580232,3.1949171419489995,0.0
20.97916,20.28882,48.33815,2747.30301,-0.61505,50.756,8.601362095264014,3.2042336959431714,0.0
21.00241,20.31931,48.2944,2742.64412,-0.6024,50.77149,8.62512230012624,3.2130849974229654,0.0
21.0256,20.34976,48.25166,2737.96904,-0.58914,50.78698,8.647574802310206,3.22144914524738,0.0
21.04875,20.38016,48.20995,2733.27836,-0.57532,50.80247,8.668664891322194,3.2293057583179845,0.0
21.07186,20.41053,48.16933,2728.57273,-0.56099,50.81796,8.688342198817223,3.2366360731010024,0.0
21.09491,20.44085,48.12982,2723.85281,-0.54617,50.83345,8.706560941495736,3.243423034112719,0.0
21.11792,20.47114,48.09145,2719.11933,-0.53093,50.84894,8.723280142913502,3.2496513765495014,0.0
21.14088,20.50138,48.05424,2714.37303,-0.5153,50.86442,8.738463832218091,3.25530770032237,0.0
21.16379,20.53158,48.01822,2709.61467,-0.49933,50.87991,8.75208121800236,3.2603805348219934,0.0
21.18666,20.56174,47.9834,2704.84507,-0.48307,50.8954,8.764106835656818,3.2648603938113236,0.0
21.20948,20.59186,47.94981,2700.06505,-0.46658,50.91088,8.774520666907875,3.2687398199567337,0.0
21.23225,20.62193,47.91744,2695.27547,-0.44989,50.92636,8.783308230434194,3.2720134185849985,0.0
21.25497,20.65197,47.88632,2690.47719,-0.43308,50.94184,8.790460642766414,3.2746778803700445,0.0
21.27764,20.68196,47.85644,2685.6711,-0.41617,50.95732,8.795974648963593,3.276731992760729,0.0
21.30027,20.71191,47.8278,2680.85811,-0.39924,50.9728,8.799852622819474,3.2781766400576773,0.0
21.32285,20.74182,47.8004,2676.03911,-0.38232,50.98827,8.802102536730667,3.279014792188395,0.0
21.34538,20.77168,47.77422,2671.21503,-0.36547,51.00375,8.802737901555437,3.2792514823030765,0.0
21.36786,20.8015,47.74927,2666.3868,-0.34875,51.01922,8.801777677172513,3.2788937734554136,0.0
21.39029,20.83128,47.72553,2661.55532,-0.3322,51.03469,8.799246154674206,3.277950714716428,0.0
21.41268,20.86102,47.70297,2656.72153,-0.31587,51.05015,8.795172811392376,3.2764332871678343,0.0
21.43502,20.89071,47.68158,2651.88634,-0.29982,51.06562,8.789592140237774,3.2743543403264495,0.0
21.45731,20.92036,47.66133,2647.05066,-0.2841,51.08108,8.78254345500158,3.271728519613897,0.0
21.47955,20.94997,47.6422,2642.21537,-0.26874,51.09654,8.77407067351519,3.268572185577919,0.0
21.50174,20.97954,47.62414,2637.38137,-0.25381,51.11199,8.764222080668034,3.26490332561028,0.0
21.52389,21.00906,47.60714,2632.54953,-0.23933,51.12745,8.753050073492355,3.2607414589841395,0.0
21.54599,21.03854,47.59114,2627.72067,-0.22537,51.1429,8.740610890571,3.256107536051334,0.0
21.56804,21.06797,47.57612,2622.89565,-0.21195,51.15835,8.726964328126826,3.2510238324782113,0.0
21.59004,21.09736,47.56202,2618.07524,-0.19912,51.17379,8.712173445176573,3.2455138394076903,0.0
21.61199,21.12671,47.54881,2613.26023,-0.18691,51.18924,8.69630426018678,3.2396021504556063,0.0
21.6339,21.15602,47.53643,2608.45137,-0.17538,51.20468,8.679425441569396,3.233314346412184,0.0
21.65576,21.18528,47.52484,2603.64938,-0.16453,51.22012,8.661607994425433,3.2266768785458084,0.0
21.67757,21.2145,47.51398,2598.85492,-0.15442,51.23555,8.642924945742966,3.219716951330994,0.0
21.69933,21.24368,47.5038,2594.06867,-0.14507,51.25099,8.623451030281306,3.2124624054319715,0.0
21.72105,21.27281,47.49426,2589.29123,-0.1365,51.26642,8.603262379144631,3.2049416016881787,0.0
21.74272,21.3019,47.48528,2584.52319,-0.12874,51.28185,8.58243621303219,3.197183306841886,0.0
21.76434,21.33095,47.47682,2579.76509,-0.12182,51.29727,8.561050541893165,3.1892165816517264,0.0
21.78592,21.35996,47.46881,2575.01742,-0.11575,51.3127,8.539183872614808,3.1810706719988433,0.0
21.80745,21.38892,47.46119,2570.28067,-0.11055,51.32812,8.516914926189612,3.1727749035242128,0.0
21.82893,21.41784,47.45391,2565.55524,-0.10623,51.34354,8.49432236561757,3.164358580265082,0.0
21.85036,21.44672,47.4469,2560.84154,-0.10281,51.35896,8.471484535647884,3.1558508877019027,0.0
21.87175,21.47555,47.4401,2556.13989,-0.1003,51.37438,8.448479215230256,3.147280800539926,0.0
21.8931,21.50434,47.43345,2551.45061,-0.0987,51.38979,8.425383383429095,3.1386769955060867,0.0
21.91439,21.53309,47.4269,2546.77395,-0.09802,51.4052,8.402272999339585,3.1300677693619425,0.0
21.93564,21.5618,47.42036,2542.11014,-0.09826,51.42062,8.379222796385868,3.121480962274342,0.0
21.95685,21.59047,47.4138,2537.45935,-0.09943,51.43603,8.356306091218585,3.112943886624726,0.0
21.978,21.61909,47.40713,2532.82172,-0.1015,51.45144,8.333594607291229,3.1044832612866795,0.0
21.99912,21.64767,47.40031,2528.19736,-0.10449,51.46684,8.311158313026835,3.0961251513387626,0.0
22.02018,21.67621,47.39328,2523.58631,-0.10839,51.48225,8.289065274399004,3.0878949131470637,0.0
22.0412,21.70471,47.38597,2518.98859,-0.11317,51.49766,8.267381521593284,3.0798171446930596,0.0
22.06218,21.73317,47.37834,2514.40418,-0.11884,51.51306,8.246170929326409,3.071915640989378,0.0
22.08311,21.76158,47.37031,2509.83303,-0.12538,51.52846,8.225495110333298,3.0642133544009065,0.0
22.10399,21.78996,47.36184,2505.27503,-0.13276,51.54387,8.205413321417176,3.056732359645984,0.0
22.12483,21.81829,47.35288,2500.73005,-0.14097,51.55927,8.185982381423143,3.0494938232394055,0.0
22.14563,21.84658,47.34337,2496.19791,-0.15,51.57467,8.167256600420655,3.042517977111028,0.0
22.16638,21.87483,47.33326,2491.67842,-0.15981,51.59007,8.149287719366914,3.0358240961287937,0.0
22.18709,21.90304,47.3225,2487.17132,-0.17038,51.60547,8.132124859464197,3.0294304792330102,0.0
22.20775,21.93121,47.31105,2482.67636,-0.18169,51.62087,8.115814480443966,3.0233544338960727,0.0
22.22837,21.95934,47.29887,2478.19321,-0.19371,51.63627,8.100400346973924,3.017612263608222,0.0
22.24894,21.98743,47.2859,2473.72154,-0.2064,51.65167,8.08592350238796,3.012219258091245,0.0
22.26947,22.01547,47.27212,2469.261,-0.21974,51.66707,8.072422248984466,3.0071896859590868,0.0
22.28996,22.04348,47.25748,2464.81117,-0.23369,51.68247,8.05993213411099,3.002536789534017,0.0
22.3104,22.07145,47.24195,2460.37164,-0.24822,51.69786,8.048485941328229,2.99827278155498,0.0
22.3308,22.09937,47.22549,2455.94196,-0.2633,51.71326,8.038113685918178,2.9944088435042704,0.0
22.35115,22.12726,47.20808,2451.52166,-0.27888,51.72866,8.028842614131856,2.990955125327286,0.0
22.37146,22.1551,47.18969,2447.11023,-0.29493,51.74406,8.020697205502966,2.987920746294425,0.0
22.39173,22.18291,47.17028,2442.70715,-0.31142,51.75946,8.013699177700595,2.985313796808849,0.0
22.41195,22.21067,47.14985,2438.31189,-0.32829,51.77486,8.007867493397532,2.983141340965109,0.0
22.43213,22.2384,47.12837,2433.92387,-0.34551,51.79025,8.003218368684605,2.98140941968371,0.0
22.45227,22.26608,47.10581,2429.54252,-0.36305,51.80565,7.999765282637331,2.980123054274939,0.0
22.47237,22.29373,47.08218,2425.16724,-0.38085,51.82105,7.99751898768787,2.9792862503026876,0.0
22.49242,22.32133,47.05745,2420.79742,-0.39887,51.83645,7.9964875205199775,2.978902001643113,0.0
22.51243,22.3489,47.03162,2416.43242,-0.41708,51.85185,7.996676213271105,2.978972294657713,0.0
22.53239,22.37643,47.00468,2412.07161,-0.43543,51.86724,7.998087704869954,2.979498112416864,0.0
22.55231,22.40391,46.97662,2407.71433,-0.45387,51.88264,8.000721952419667,2.9804794389403564,0.0
22.57219,22.43136,46.94746,2403.35992,-0.47237,51.89804,8.004576242596961,2.9819152634438764,0.0
22.59203,22.45876,46.91718,2399.0077,-0.49087,51.91344,8.00964520307112,2.9838035845928776,0.0
22.61183,22.48613,46.8858,2394.657,-0.50934,51.92883,8.015920814061035,2.986141414807884,0.0
22.63158,22.51345,46.85332,2390.30713,-0.52773,51.94423,8.023392420131453,2.9889247846589013,0.0
22.65129,22.54074,46.81976,2385.9574,-0.546,51.95963,8.032046742478329,2.992148747442038,0.0
22.67095,22.56799,46.78512,2381.60711,-0.5641,51.97502,8.041867891901896,2.995807384012311,0.0
22.69058,22.59519,46.74942,2377.25558,-0.582,51.99042,8.052837382822652,2.9998938080049693,0.0
22.71016,22.62236,46.71268,2372.9021,-0.59965,52.00581,8.064934148674027,3.004400171569671,0.0
22.7297,22.64948,46.67493,2368.546,-0.61701,52.0212,8.078134559062045,3.009317671762909,0.0
22.7492,22.67657,46.63618,2364.18657,-0.63403,52.0366,8.0924124391567,3.014636557771803,0.0
22.76865,22.70362,46.59645,2359.82314,-0.65069,52.05199,8.107739091784268,3.020346139144073,0.0
22.78806,22.73062,46.55579,2355.45503,-0.66693,52.06738,8.124083322734577,3.0264347952156614,0.0
22.80743,22.75758,46.51421,2351.08158,-0.68273,52.08277,8.14141146981252,3.032889985933184,0.0
22.82675,22.78451,46.47176,2346.70211,-0.69804,52.09815,8.159687436225346,3.0396982642915784,0.0
22.84604,22.81139,46.42845,2342.316,-0.71283,52.11354,8.178872728850743,3.0468452905899692,0.0
22.86528,22.83823,46.38435,2337.9226,-0.72707,52.12892,8.19892650199483,3.054315848732669,0.0
22.88448,22.86503,46.33947,2333.5213,-0.74072,52.1443,8.219805607229526,3.0620938647949147,0.0
22.90363,22.89179,46.29386,2329.11149,-0.75375,52.15968,8.241464649868007,3.0701624280614586,0.0
22.92274,22.91851,46.24756,2324.6926,-0.76612,52.17506,8.263856052694992,3.078503814767776,0.0
22.94181,22.94519,46.20062,2320.26405,-0.77782,52.19043,8.286930127452521,3.0870995147304017,0.0
22.96084,22.97183,46.15308,2315.82532,-0.78882,52.2058,8.310635154641474,3.09593026107509,0.0
22.97982,22.99842,46.10499,2311.37586,-0.79908,52.22117,8.334917472089437,3.10497606323068,0.0
22.99877,23.02497,46.0564,2306.9152,-0.80859,52.23654,8.359721572741003,3.1142162433585545,0.0
23.01766,23.05148,46.00734,2302.44287,-0.81733,52.2519,8.384990212022064,3.1236294763486634,0.0
23.03652,23.07795,45.95788,2297.95841,-0.82528,52.26726,8.41066452511004,3.133193833505767,0.0
23.05533,23.10438,45.90807,2293.46142,-0.83241,52.28261,8.436684154330186,3.1428868300079205,0.0
23.0741,23.13076,45.85794,2288.95152,-0.83872,52.29796,8.46298738683515,3.1526854761957193,0.0
23.09282,23.1571,45.80757,2284.42835,-0.84419,52.31331,8.489511302626711,3.162566332714301,0.0
23.1115,23.1834,45.75699,2279.89159,-0.84882,52.32865,8.516191932884405,3.172505569494924,0.0
23.13014,23.20966,45.70626,2275.34097,-0.85259,52.34398,8.542964428440467,3.1824790285163105,0.0
23.14873,23.23587,45.65543,2270.77622,-0.8555,52.35931,8.569763238165374,3.1924622902579594,0.0
23.16729,23.26204,45.60456,2266.19714,-0.85755,52.37464,8.596522296884778,3.202430743704147,0.0
23.18579,23.28816,45.5537,2261.60355,-0.85873,52.38996,8.623175222328424,3.2123596597125785,0.0
23.20425,23.31424,45.5029,2256.9953,-0.85905,52.40527,8.649655520510429,3.222224267523954,0.0
23.22267,23.34028,45.4522,2252.3723,-0.85852,52.42058,8.675896798798469,3.2319998341358342,0.0
23.24105,23.36627,45.40167,2247.73447,-0.85713,52.43588,8.701832985818946,3.2416617462231136,0.0
23.25938,23.39222,45.35135,2243.0818,-0.85491,52.45118,8.727398557227959,3.251185594243639,0.0
23.27766,23.41812,45.30128,2238.4143,-0.85186,52.46647,8.752528766257523,3.2605472583227453,0.0
23.29591,23.44398,45.25152,2233.73201,-0.84799,52.48175,8.777159877848383,3.2697229954738916,0.0
23.3141,23.46979,45.20212,2229.03504,-0.84333,52.49702,8.80122940507088,3.2786895276716477,0.0
23.33226,23.49556,45.15312,2224.32351,-0.83789,52.51229,8.82467634646976,3.2874241302688874,0.0
23.35037,23.52128,45.10455,2219.5976,-0.8317,52.52755,8.847441422866863,3.2959047202120186,0.0
23.36843,23.54695,45.05648,2214.85751,-0.82478,52.5428,8.869467312100129,3.304109943487435,0.0
23.38645,23.57258,45.00892,2210.10349,-0.81715,52.55804,8.890698880156446,3.312019261224589,0.0
23.40442,23.59816,44.96193,2205.33583,-0.80885,52.57328,8.911083407072047,3.319613033849833,0.0
23.42235,23.6237,44.91554,2200.55484,-0.79991,52.5885,8.930570806023344,3.3268726027035163,0.0
23.44024,23.64919,44.86978,2195.76088,-0.79036,52.60372,8.949113833984025,3.3337803685152996,0.0
23.45808,23.67464,44.82468,2190.95435,-0.78024,52.61893,8.966668292372388,3.340319866150564,0.0
23.47587,23.70003,44.78028,2186.13566,-0.76958,52.63413,8.983193216157712,3.34647583505751,0.0
23.49362,23.72538,44.7366,2181.30526,-0.75842,52.64932,8.998651049947446,3.352234284864271,0.0
23.51132,23.75068,44.69367,2176.46365,-0.7468,52.6645,9.013007809660328,3.3575825556064007,0.0
23.52898,23.77594,44.65151,2171.61134,-0.73477,52.67967,9.026233228498114,3.362509372105189,0.0
23.54659,23.80114,44.61013,2166.74886,-0.72236,52.69483,9.038300886009797,3.3670048920474698,0.0
23.56416,23.8263,44.56956,2161.87678,-0.70963,52.70998,9.049188319250646,3.3710607473952954,0.0
23.58168,23.85141,44.52981,2156.9957,-0.69661,52.72512,9.058877115071581,3.374670078766154,0.0
23.59916,23.87648,44.49089,2152.1062,-0.68336,52.74025,9.067352982844374,3.3778275625250234,0.0
23.61659,23.90149,44.45281,2147.20894,-0.66993,52.75537,9.074605807011054,3.3805294303604003,0.0
23.63397,23.92646,44.41558,2142.30453,-0.65635,52.77048,9.080629679065082,3.382773481198138,0.0
23.65131,23.95137,44.37919,2137.39366,-0.64268,52.78558,9.085422908736959,3.3845590853683754,0.0
23.66861,23.97624,44.34365,2132.47698,-0.62897,52.80066,9.088988014342759,3.3858871810101103,0.0
23.68585,24.00106,44.30896,2127.55517,-0.61527,52.81574,9.09133169243766,3.3867602627663422,0.0
23.70306,24.02583,44.27511,2122.62893,-0.60162,52.8308,9.09246476706869,3.3871823628793885,0.0
23.72021,24.05055,44.2421,2117.69894,-0.58807,52.84586,9.092402119160804,3.3871590248853356,0.0
23.73732,24.07522,44.2099,2112.7659,-0.57468,52.8609,9.09116259664709,3.3866972701351767,0.0
23.75439,24.09985,44.17852,2107.83051,-0.56149,52.87593,9.088768906196217,3.3858055574604404,0.0
23.77141,24.12442,44.14793,2102.89346,-0.54855,52.89095,9.085247487479993,3.384493736334544,0.0
23.78838,24.14894,44.11812,2097.95544,-0.5359,52.90596,9.080628371064483,3.3827729939335,0.0
23.80531,24.17342,44.08906,2093.01714,-0.52359,52.92096,9.074945021151983,3.3806557965531576,0.0
23.82219,24.19784,44.06073,2088.07923,-0.51167,52.93594,9.068234164459152,3.3781558258618114,0.0
23.83903,24.22222,44.03311,2083.14238,-0.50017,52.95092,9.060535606629978,3.375287910509197,0.0
23.85582,24.24655,44.00616,2078.20725,-0.48913,52.96588,9.051892037653792,3.37206795363958,0.0
23.87257,24.27082,43.97987,2073.27446,-0.47861,52.98083,9.042348827744831,3.3685128568515275,0.0
23.88927,24.29505,43.9542,2068.34465,-0.46863,52.99577,9.03195381525538,3.3646404411899673,0.0
23.90592,24.31923,43.92911,2063.41841,-0.45924,53.0107,9.020757088138238,3.360469365735211,0.0
23.92253,24.34335,43.90457,2058.49634,-0.45046,53.02561,9.008810760490588,3.3560190443596634,0.0
0.04958,0.04959,50.2916,5232.84347,-0.1908,45.00008,23.708648273509617,8.832095293961997,0.0
0.09905,0.09905,50.28665,5219.62669,0.11826,45.00017,23.605575805911094,8.793698087781706,0.0
0.14838,0.14838,50.32374,5206.42849,0.42489,45.00026,23.364218800422513,8.703786252752195,0.0
0.19759,0.19759,50.40219,5193.32519,0.72684,45.00036,22.991759354944957,8.565035309313993,0.0
0.24667,0.24667,50.521,5180.38882,1.02199,45.00046,22.498314834470158,8.38121424213041,0.0
0.29562,0.29563,50.67893,5167.68554,1.30841,45.00057,21.89639038846626,8.15698154840861,0.0
0.34445,0.34446,50.87447,5155.27452,1.58435,45.00069,21.20025047816776,7.897651115279013,0.0
0.39316,0.39317,51.10594,5143.20699,1.84832,45.00082,20.425259843861113,7.60894671276897,0.0
0.44174,0.44175,51.37149,5131.52581,2.09907,45.00096,19.58724093223861,7.296762618584988,0.0
0.49021,0.49022,51.66912,5120.2653,2.33561,45.00111,18.701886983326315,6.966944977550766,0.0
0.53856,0.53857,51.99678,5109.45135,2.5572,45.00128,17.78425944808903,6.625104576441327,0.0
0.58679,0.58682,52.35231,5099.1019,2.76336,45.00146,16.848386941599355,6.276467443486284,0.0
0.63493,0.63496,52.73355,5089.22748,2.95382,45.00167,15.906972061948714,5.9257656307001705,0.0
0.68296,0.68299,53.13835,5079.83199,3.12852,45.00189,14.971203219802284,5.577167115440561,0.0
0.73089,0.73093,53.56455,5070.91351,3.28757,45.00214,14.050661735113534,5.234241191489824,0.0
0.77873,0.77878,54.01007,5062.46517,3.43126,45.00242,13.153310022758577,4.899954067893059,0.0
0.82648,0.82654,54.47287,5054.47601,3.55997,45.00272,12.28554452150447,4.576688586391425,0.0
0.87415,0.87422,54.95098,5046.93178,3.67421,45.00305,11.452296719278163,4.266281855992968,0.0
0.92174,0.92182,55.44253,5039.81573,3.77457,45.00342,10.657166697318557,3.9700750016830173,0.0
0.96926,0.96935,55.94573,5033.10926,3.86167,45.00382,9.902575562403932,3.6889699494396346,0.0
1.01671,1.01681,56.45889,5026.79257,3.93619,45.00425,9.189925528340208,3.4234890607999917,0.0
1.06409,1.06421,56.98041,5020.84511,3.99883,45.00473,8.51975890703441,3.17383436121854,0.0
1.1114,1.11154,57.50881,5015.24608,4.0503,45.00524,7.891909638065973,2.939943988819306,0.0
1.15866,1.15882,58.04267,5009.97475,4.09128,45.00579,7.305643077373048,2.7215442693596033,0.0
1.20587,1.20605,58.58071,5005.01076,4.12248,45.00639,6.759781508898787,2.518196472620681,0.0
1.25302,1.25322,59.1217,5000.33432,4.14455,45.00703,6.2528142213959255,2.3293378189137273,0.0
1.30013,1.30035,59.66451,4995.9264,4.15814,45.00772,5.782992026039427,2.15431668937749,0.0
1.34719,1.34744,60.20812,4991.76882,4.16386,45.00845,5.348406820474906,1.9924222656797648,0.0
1.39421,1.39448,60.75155,4987.84437,4.16231,45.00923,4.9470572821322785,1.842909002505229,0.0
1.44118,1.44149,61.29392,4984.13679,4.15401,45.01006,4.576902050418571,1.7050164393215708,0.0
1.48812,1.48846,61.83441,4980.63087,4.1395,45.01094,4.235901882308318,1.5779849044460912,0.0
1.53502,1.5354,62.37226,4977.31237,4.11926,45.01187,3.922052281221024,1.4610676701610763,0.0
1.58189,1.5823,62.90679,4974.16805,4.09372,45.01285,3.6334080398200643,1.353540095552148,0.0
1.62873,1.62918,63.43735,4971.18562,4.06332,45.01388,3.3681010311481243,1.254706254174328,0.0
1.67554,1.67603,63.96336,4968.35372,4.02844,45.01497,3.124352450171701,1.1639034943494593,0.0
1.72232,1.72286,64.48428,4965.66185,3.98943,45.0161,2.900480564707823,1.0805053265903481,0.0
1.76907,1.76966,64.99962,4963.10035,3.94663,45.0173,2.694904891329315,1.0039229792353501,0.0
1.81579,1.81644,65.50893,4960.66031,3.90034,45.01855,2.5061475752050457,0.9336059124751678,0.0
1.86249,1.86319,66.01178,4958.33357,3.85084,45.01985,2.3328326270331035,0.8690415340903819,0.0
1.90917,1.90993,66.5078,4956.11262,3.79839,45.02121,2.1736835574963593,0.8097543182239062,0.0
1.95583,1.95665,66.99663,4953.99059,3.74322,45.02262,2.027519850713624,0.7553044916487556,0.0
2.00246,2.00335,67.47796,4951.96118,3.68555,45.02409,1.8932526327831192,0.7052864201865214,0.0
2.04908,2.05003,67.95148,4950.01863,3.62558,45.02562,1.7698798189626033,0.6593268009042819,0.0
2.09567,2.0967,68.41693,4948.15766,3.56349,45.0272,1.6564809621290968,0.6170827430303057,0.0
2.14225,2.14335,68.87405,4946.37344,3.49944,45.02885,1.552211974649312,0.5782398017119112,0.0
2.18881,2.18999,69.32262,4944.66155,3.4336,45.03055,1.4562998543554773,0.5425100133026922,0.0
2.23535,2.23662,69.76242,4943.01795,3.3661,45.0323,1.368037511662043,0.5096299683273846,0.0
2.28187,2.28323,70.19326,4941.43894,3.29708,45.03412,1.2867787678236287,0.4793589482013486,0.0
2.32838,2.32984,70.61496,4939.92115,3.22663,45.03599,1.2119335728141776,0.451477143764727,0.0
2.37488,2.37643,71.02717,4938.46181,3.15214,45.02767,1.1429921004082293,0.42579463133420065,-29.999999488255167
2.42137,2.423,71.42957,4937.0584,3.0766,45.01998,1.0794842493417403,0.4021362858198047,-29.999999488255167
2.46785,2.46955,71.82206,4935.70824,3.00009,45.01288,1.0209509755263912,0.3803311012204634,-29.999999488255167
2.51433,2.51609,72.20451,4934.40891,2.92268,45.00633,0.9669752781399021,0.3602237337579253,-29.999999488255167
2.5608,2.56261,72.57682,4933.15819,2.84444,45.00028,0.917178086891616,0.34167296977498113,-29.999999488255167
2.60727,2.60912,72.93889,4931.95402,2.76542,44.99471,0.8712148006177208,0.3245504362711086,-29.999999488255167
2.65373,2.65561,73.29064,4930.79454,2.6857,44.98959,0.8287721295315482,0.30873942455762343,-29.999999488255167
2.70018,2.7021,73.63199,4929.67803,2.60531,44.98488,0.7895652196413842,0.29413381902765234,-29.999999488255167
2.74663,2.74857,73.96287,4928.60291,2.52432,44.98055,0.7533350381239531,0.2806371231389616,-29.999999488255167
2.79307,2.79503,74.28319,4927.56772,2.44275,44.97659,0.719845999077789,0.26816157494461695,-29.999999488255167
2.8395,2.84148,74.5929,4926.57112,2.36067,44.97297,0.6888838099709805,0.2566273448381055,-29.999999488255167
2.88593,2.88792,74.89194,4925.61189,2.27809,44.96967,0.6602535201500604,0.24596180857155042,-29.999999488255167
2.93236,2.93435,75.18026,4924.68887,2.19506,44.96667,0.6337777539281828,0.23609888903456622,-29.999999488255167
2.97877,2.98077,75.4578,4923.80103,2.1116,44.96395,0.6092951119571197,0.22697846072326577,-29.999999488255167
3.02519,3.02719,75.72451,4922.94738,2.02776,44.9615,0.5866587257947343,0.2185458112786117,-29.999999488255167
3.07159,3.0736,75.98036,4922.12701,1.94356,44.95929,0.5657349517548068,0.21075115491111004,-29.999999488255167
3.11799,3.12,76.2253,4921.33911,1.85902,44.95732,0.5464021912703104,0.2035491929550926,-29.999999488255167
3.16439,3.16639,76.4593,4920.58287,1.77416,44.95558,0.5285498260892586,0.19689871720115298,-29.999999488255167
3.21078,3.21278,76.68231,4919.85758,1.68902,44.95404,0.5120772576558815,0.19076225204035957,-29.999999488255167
3.25717,3.25917,76.89432,4919.16255,1.60361,44.9527,0.4968930409916589,0.18510573181215134,-29.999999488255167
3.30355,3.30555,77.09529,4918.49715,1.51795,44.95155,0.4829141042951934,0.1798982100847573,-29.999999488255167
3.34992,3.35192,77.28519,4917.86079,1.43207,44.95058,0.4700650463138135,0.17511159790763078,-29.999999488255167
3.39629,3.39829,77.464,4917.25291,1.34597,44.94977,0.4582775043099323,0.1707204283622889,-29.999999488255167
3.44266,3.44466,77.63169,4916.67297,1.25968,44.94913,0.4474895861566326,0.16670164500297502,-29.999999488255167
3.48902,3.49102,77.78825,4916.12048,1.1732,44.94863,0.4376453607485295,0.16303441202129743,-29.999999488255167
3.53538,3.53738,77.93366,4915.59497,1.08657,44.94828,0.4286944015109077,0.15969994419137157,-29.999999488255167
3.58173,3.58374,78.06789,4915.09599,0.99978,44.94806,0.42059137833936766,0.15668135485660178,-29.999999488255167
3.62808,3.6301,78.19093,4914.62311,0.91286,44.94797,0.4132956938012601,0.15396352040514347,-29.999999488255167
3.67443,3.67645,78.30278,4914.17592,0.82581,44.948,0.40677115989098794,0.15153295985274806,-29.999999488255167
3.72077,3.72281,78.40341,4913.75403,0.73865,44.94815,0.40098571205038613,0.14937772830782972,-29.999999488255167
3.7671,3.76916,78.49281,4913.35705,0.65139,44.9484,0.3959111575514586,0.1474873232374146,-29.999999488255167
3.81344,3.81551,78.57098,4912.98462,0.56404,44.94875,0.3915229556942381,0.1458526025850602,-29.999999488255167
3.85977,3.86186,78.6379,4912.63638,0.47662,44.94921,0.3878000275987362,0.14446571391335217,-29.999999488255167
3.9061,3.90822,78.69357,4912.31198,0.38913,44.94975,0.38472459367472267,0.1433200338571205,-29.999999488255167
3.95242,3.95457,78.73799,4912.01108,0.30158,44.95038,0.38228203713246073,0.1424101172775974,-29.999999488255167
3.99874,4.00092,78.77114,4911.73333,0.21399,44.95108,0.3804607921647241,0.1417316556072764,-29.999999488255167
4.04506,4.04727,78.79302,4911.47841,0.12636,44.95186,0.3792522556760065,0.14128144396672032,-29.999999488255167
4.09137,4.09363,78.80363,4911.24598,0.03871,44.95271,0.37865072167238817,0.14105735672306027,-29.999999488255167
4.13768,4.13998,78.80297,4911.0357,-0.04895,44.95363,0.3786533376505913,0.14105833124377148,-29.999999488255167
4.18399,4.18634,78.79104,4910.84725,-0.13662,44.9546,0.37926008254394294,0.14128435968096395,-29.999999488255167
4.2303,4.2327,78.76784,4910.68028,-0.22429,44.95562,0.38047376599444677,0.1417364887002101,-29.999999488255167
4.2766,4.27906,78.73338,4910.53445,-0.31194,44.9567,0.38230004893168507,0.14241682714672743,-29.999999488255167
4.3229,4.32542,78.68764,4910.40942,-0.39957,44.95781,0.3847474856482049,0.1433285617195667,-29.999999488255167
4.3692,4.37179,78.63065,4910.30482,-0.48716,44.95896,0.3878275877725681,0.14447598080325635,-29.999999488255167
4.4155,4.41816,78.56239,4910.22028,-0.57471,44.96014,0.3915549107558425,0.1458645066862961,-29.999999488255167
4.4618,4.46453,78.48289,4910.15544,-0.6622,44.96135,0.39594716370950966,0.14750073647866765,-29.999999488255167
4.50809,4.5109,78.39215,4910.1099,-0.74962,44.96258,0.40102534366341336,0.1493924921264529,-29.999999488255167
4.55438,4.55728,78.29018,4910.08325,-0.83696,44.96382,0.4068138955515536,0.1515488800107517,-29.999999488255167
4.60067,4.60366,78.17699,4910.07506,-0.92422,44.96507,0.41334089949054764,0.15398036071383636,-29.999999488255167
4.64696,4.65005,78.05259,4910.0849,-1.01137,44.96632,0.4206382871840782,0.15669882963550247,-29.999999488255167
4.69325,4.69644,77.91699,4910.1123,-1.09841,44.96757,0.4287420895773714,0.1597177092508778,-29.999999488255167
4.73954,4.74283,77.77022,4910.15677,-1.18532,44.9688,0.43769271819451455,0.16305205391597624,-29.999999488255167
4.78583,4.78923,77.61228,4910.21779,-1.27209,44.97,0.44753528292675226,0.16671866825219897,-29.999999488255167
4.83211,4.83563,77.4432,4910.29482,-1.3587,44.97118,0.45831994940083376,0.1707362402754472,-29.999999488255167
4.8784,4.88204,77.26299,4910.38727,-1.44515,44.97233,0.470102339445032,0.175125490580251,-29.999999488255167
4.92468,4.92845,77.07169,4910.49453,-1.5314,44.97342,0.4829439785968502,0.1799093390481646,-29.999999488255167
4.97097,4.97486,76.86931,4910.61594,-1.61746,44.97446,0.49691279505021485,0.18511309071872398,-29.999999488255167
5.01725,5.02128,76.65587,4910.7508,-1.70329,44.97543,0.5120836749384551,0.19076464264696708,-29.999999488255167
5.06354,5.06771,76.43142,4910.89836,-1.78888,44.97633,0.5285390793817041,0.19689471376982598,-29.999999488255167
5.10982,5.11414,76.19598,4911.05783,-1.8742,44.97713,0.5463697293066876,0.20353710001951747,-29.999999488255167
5.15611,5.16057,75.94958,4911.22833,-1.95925,44.97784,0.5656753646645624,0.21072895715216328,-29.999999488255167
5.20239,5.20701,75.69226,4911.40896,-2.04399,44.97843,0.5865655853348818,0.21851111400664364,-29.999999488255167
5.24868,5.25346,75.42407,4911.5987,-2.1284,44.97889,0.6091607817084137,0.2269284191711812,-29.999999488255167
5.29497,5.29991,75.14504,4911.79649,-2.21244,44.9792,0.6335931636859375,0.23603012431246834,-29.999999488255167
5.34126,5.34637,74.85523,4912.00117,-2.29611,44.97936,0.66000789760328,0.2458703077101566,-29.999999488255167
5.38755,5.39283,74.55468,4912.2115,-2.37935,44.97933,0.6885643614026973,0.2565083418412223,-29.999999488255167
5.43384,5.43929,74.24345,4912.42612,-2.46214,44.97911,0.7194375291801547,0.2680094091602583,-29.999999488255167
5.48013,5.48576,73.9216,4912.64358,-2.54444,44.97866,0.7528194970573269,0.2804450705269415,-29.999999488255167
5.52643,5.53224,73.58919,4912.86229,-2.62621,44.97797,0.7889211631124687,0.2938938910244842,-29.999999488255167
5.57273,5.57872,73.2463,4913.08054,-2.70742,44.97701,0.8279740748293519,0.3084421281829723,-29.999999488255167
5.61903,5.6252,72.893,4913.29646,-2.788,44.97576,0.8702324581567846,0.3241844878574241,-29.999999488255167
5.66533,5.67169,72.52937,4913.50804,-2.86792,44.97418,0.9159754427374308,0.34122495318407503,-29.999999488255167
5.71164,5.71818,72.15551,4913.71306,-2.94712,44.97224,0.9655094981132757,0.3596776921310133,-29.999999488255167
5.75794,5.76467,71.7715,4913.90914,-3.02554,44.96991,1.0191710956398017,0.37966804913125046,-29.999999488255167
5.80426,5.81117,71.37746,4914.09366,-3.10311,44.96716,1.0773296103328185,0.40133362609701706,-29.999999488255167
5.85057,5.85767,70.9735,4914.2638,-3.17977,44.96393,1.1403904757920011,0.42482545771179225,-29.999999488255167
5.89689,5.90417,70.55974,4914.41645,-3.25544,44.96018,1.208798603487285,0.4503092852044523,-29.999999488255167
5.94321,5.95068,70.13631,4914.54825,-3.33003,44.95587,1.283042074871277,0.4779669317582888,-29.999999488255167
5.98954,5.99718,69.70337,4914.65549,-3.40346,44.95094,1.3636561106760747,0.5079977811785135,-29.999999488255167
6.03587,6.04369,69.26107,4914.73418,-3.47562,44.94533,1.451227316055563,0.5406203593194591,-29.999999488255167
6.08221,6.09019,68.80958,4914.77991,-3.54641,44.93898,1.546398192521632,0.5760740148995365,-29.999999488255167
6.12855,6.13669,68.34909,4914.7879,-3.61571,44.93182,1.6498718974043556,0.614620692525381,-29.999999488255167
6.1749,6.18319,67.87981,4914.75291,-3.68338,44.92377,1.7624172182645856,0.6565467857914286,-29.999999488255167
6.22126,6.22969,67.40196,4914.66921,-3.7493,44.91474,1.8848737126010457,0.7021650519560406,-29.999999488255167
6.26762,6.27618,66.91577,4914.53057,-3.8133,44.90465,2.018156941562009,0.751816561636813,-29.999999488255167
6.31399,6.32267,66.42152,4914.33016,-3.87522,44.8934,2.163263699247152,0.8058726468631056,-29.999999488255167
6.36037,6.36915,65.91949,4914.06054,-3.93486,44.88087,2.3212771056021766,0.8647367983132939,-29.999999488255167
6.40675,6.41561,65.40998,4913.71359,-3.99204,44.86695,2.493371389766844,0.9288464472377672,-29.999999488255167
6.45314,6.46207,64.89336,4913.28043,-4.04653,44.85151,2.680816140874395,0.9986745489935575,-29.999999488255167
6.49955,6.50852,64.36997,4912.75142,-4.0981,44.8344,2.884979743647046,1.0747308628940604,-29.999999488255167
6.54596,6.55495,63.84024,4912.11605,-4.14647,44.81547,3.1073316456179865,1.1575627968088797,-29.999999488255167
6.59238,6.60136,63.30459,4911.36289,-4.19138,44.79456,3.349443020707343,1.2477556543633364,-29.999999488255167
6.63882,6.64776,62.76352,4910.47953,-4.2325,44.77147,3.6129852999229386,1.3459320875858418,-29.999999488255167
6.68526,6.69413,62.21754,4909.45251,-4.26952,44.74601,3.8997259344887056,1.4527505185617506,-29.999999488255167
6.73172,6.74047,61.66722,4908.26729,-4.30207,44.71797,4.2115206413906785,1.5689022506952135,-29.999999488255167
6.7782,6.78679,61.11318,4906.90816,-4.32975,44.68711,4.550301259174552,1.695106944674233,-29.999999488255167
6.82469,6.83307,60.55609,4905.35821,-4.35215,44.65318,4.918058218213473,1.832106088184181,-29.999999488255167
6.87119,6.87931,59.99668,4903.5993,-4.36882,44.61592,5.316816512604654,1.9806540448070706,-29.999999488255167
6.91771,6.92552,59.43575,4901.61205,-4.37927,44.57504,5.748603962183358,2.1415062307866894,-29.999999488255167
6.96425,6.97167,58.87414,4899.37581,-4.383,44.53023,6.215410488821601,2.3154039443783576,-29.999999488255167
7.0108,7.01778,58.31279,4896.86872,-4.37946,44.48116,6.71913712249947,2.5030553692687665,-29.999999488255167
7.05738,7.06382,57.75269,4894.06775,-4.36807,44.4275,7.261533526099846,2.7051123009181923,-29.999999488255167
7.10398,7.1098,57.19491,4890.94879,-4.34825,44.36889,7.844123015605916,2.9221422146112253,-29.999999488255167
7.1506,7.15571,56.64061,4887.48682,-4.31935,44.30496,8.468114390793849,3.1545954200699273,-29.999999488255167
7.19725,7.20155,56.09102,4883.65611,-4.28075,44.23532,9.134300419359024,3.4027672441197985,-29.999999488255167
7.24392,7.24729,55.54746,4879.43043,-4.2318,44.15958,9.842943572050553,3.666755464020905,-29.999999488255167
7.29062,7.29294,55.01132,4874.78344,-4.17183,44.07735,10.593650617179703,3.9464135906226456,-29.999999488255167
7.33735,7.33849,54.48408,4869.68905,-4.1002,43.98824,11.38523896380654,4.241301077684053,-29.999999488255167
7.38411,7.38393,53.96729,4864.12194,-4.01629,43.89187,12.21559918095024,4.550632106662303,-29.999999488255167
7.4309,7.42924,53.46258,4858.05809,-3.9195,43.78789,13.081559863965678,4.8732252458824075,-29.999999488255167
7.47772,7.47442,52.97165,4851.47543,-3.8093,43.67597,13.978762866084937,5.207456971003573,-29.999999488255167
7.52458,7.51945,52.49624,4844.35455,-3.68521,43.55582,14.901558700053393,5.5512226993765,-29.999999488255167
7.57147,7.56433,52.03814,4836.67948,-3.54685,43.4272,15.8429334145377,5.901909549581345,-29.999999488255167
7.6184,7.60903,51.59919,4828.43847,-3.39396,43.28994,16.79447917859575,6.2563853833688325,-29.999999488255167
7.66537,7.65356,51.18121,4819.62479,-3.22641,43.14394,17.746420846237182,6.611008701657979,-29.999999488255167
7.71237,7.6979,50.78602,4810.23752,-3.04421,42.98921,18.68770960870023,6.9616635324733736,-29.999999488255167
7.75941,7.74202,50.41543,4800.28227,-2.84757,42.82583,19.60619222389144,7.303822473364157,-29.999999488255167
7.80649,7.78594,50.07117,4789.77174,-2.63686,42.65401,20.488860122498462,7.632639489985426,-29.999999488255167
7.85361,7.82962,49.7549,4778.72622,-2.41268,42.47407,21.322177012540028,7.943071957412877,-29.999999488255167
7.90077,7.87306,49.46816,4767.17377,-2.17584,42.28646,22.092476778905333,8.230028888190608,-29.999999488255167
7.94796,7.91625,49.21237,4755.15025,-1.92735,42.09175,22.786416114489764,8.488539549338608,-29.999999488255167
7.99519,7.95917,48.98877,4742.69908,-1.66843,41.89062,23.39145927247191,8.713934045330554,-29.999999488255167
8.04245,8.00182,48.79843,4729.87067,-1.4005,41.68389,23.896366579394165,8.90202530206988,-29.999999488255167
8.08974,8.0442,48.64221,4716.7216,-1.12516,41.47245,24.29165486004632,9.049280587273426,-29.999999488255167
8.13705,8.08628,48.52075,4703.31361,-0.84415,41.2573,24.56999745920843,9.152970529095862,-29.999999488255167
8.1844,8.12808,48.43443,4689.71233,-0.55931,41.03949,24.72653448561358,9.211284690168828,-29.999999488255167
8.23176,8.16958,48.38342,4675.98582,-0.27258,40.82012,24.759070138839917,9.223405077060196,-29.999999488255167
8.27915,8.21077,48.36762,4662.20311,0.01409,40.60031,24.66814287859765,9.18953228017975,-29.999999488255167
8.32655,8.25167,48.38671,4648.43267,0.29876,40.38118,24.45696469143495,9.110862849029129,-29.999999488255167
8.37396,8.29227,48.44011,4634.74097,0.57954,40.16382,24.13123647962313,8.989520519704168,-29.999999488255167
8.42138,8.33257,48.52705,4621.19111,0.85461,39.94926,23.698856297497763,8.828447525255188,-29.999999488255167
8.4688,8.37258,48.64653,4607.84173,1.1223,39.73849,23.169544662496588,8.631265014189946,-29.999999488255167
8.51623,8.4123,48.79739,4594.74601,1.3811,39.53237,22.554415735021042,8.402113303689141,-29.999999488255167
8.56366,8.45174,48.9783,4581.951,1.62965,39.33171,21.865524539774075,8.145483207641414,-29.999999488255167
8.61108,8.4909,49.1878,4569.49719,1.86679,39.13718,21.11541880578157,7.8660490852595215,-29.999999488255167
8.6585,8.5298,49.42432,4557.41827,2.09157,38.94935,20.316720017960947,7.5685127717664615,-29.999999488255167
8.7059,8.56844,49.68623,4545.74119,2.30322,38.76868,19.481752704603952,7.257465478228762,-29.999999488255167
8.7533,8.60683,49.9718,4534.4863,2.50117,38.5955,18.622234695305362,6.937272404485131,-29.999999488255167
8.80069,8.64498,50.27929,4523.66778,2.68504,38.43007,17.74903485595814,6.611982489057771,-29.999999488255167
8.84806,8.68291,50.60695,4513.29408,2.85461,38.27253,16.871999250672467,6.2852636498932615,-29.999999488255167
8.89541,8.72062,50.95302,4503.3685,3.00984,38.12292,15.999842186968012,5.960362195829911,-29.999999488255167
8.94275,8.75813,51.31576,4493.88978,3.15079,37.98123,15.14009534849738,5.640083877198838,-29.999999488255167
8.99007,8.79544,51.69347,4484.85277,3.27768,37.84735,14.299106205198298,5.32679329356383,-29.999999488255167
9.03737,8.83257,52.08448,4476.24899,3.3908,37.72114,13.482075981732114,5.022428037963697,-29.999999488255167
9.08465,8.86953,52.4872,4468.06732,3.49053,37.60239,12.693127451360564,4.728523951915128,-29.999999488255167
9.13192,8.90632,52.90007,4460.29448,3.57733,37.49086,11.9353934658388,4.446248105127211,-29.999999488255167
9.17917,8.94296,53.32162,4452.91556,3.6517,37.38627,11.211118201006508,4.176436512148046,-29.999999488255167
9.22639,8.97945,53.75044,4445.91451,3.71417,37.28835,10.521764390633903,3.9196340797938802,-29.999999488255167
9.2736,9.01581,54.1852,4439.27451,3.7653,37.19677,9.868121178197386,3.676134784773288,-29.999999488255167
9.32079,9.05204,54.62461,4432.97831,3.80567,37.11123,9.250408521255565,3.4460205670642834,-29.999999488255167
9.36796,9.08816,55.06749,4427.00853,3.83586,37.0314,8.668375261403774,3.2291978635527507,-29.999999488255167
9.41511,9.12416,55.51273,4421.34789,3.85643,36.95696,8.121388983105321,3.025431082811421,-29.999999488255167
9.46224,9.16007,55.95925,4415.97941,3.86797,36.8876,7.608516612463903,2.8343726302632675,-29.999999488255167
9.50935,9.19587,56.40608,4410.88656,3.87101,36.82302,7.128595355910473,2.6555893347088806,-29.999999488255167
9.55645,9.23159,56.8523,4406.05336,3.86609,36.76291,6.680294064192825,2.4885853080271683,-29.999999488255167
9.60353,9.26722,57.29703,4401.46449,3.85371,36.70699,6.262165450812659,2.3328213979171153,-29.999999488255167
9.65059,9.30278,57.7395,4397.10532,3.83438,36.65499,5.872689820352127,2.1877314778499795,-29.999999488255167
9.69764,9.33826,58.17893,4392.96197,3.80856,36.60665,5.510311094709176,2.0527358677898673,-29.999999488255167
9.74466,9.37367,58.61465,4389.02131,3.77668,36.56172,5.173465986136925,1.9272522019184894,-29.999999488255167
9.79168,9.40902,59.04601,4385.27097,3.73916,36.51996,4.8606071740785,1.8107040626159563,-29.999999488255167
9.83867,9.44432,59.47241,4381.69935,3.6964,36.48116,4.570221313949855,1.7025276892062187,-29.999999488255167
9.88564,9.47957,59.89397,4378.29416,3.66041,36.48871,4.300436615665013,1.6020257906324882,0.0
9.93257,9.51481,60.31079,4375.04424,3.61921,36.4963,4.049552957855043,1.508565026951953,0.0
9.97945,9.55004,60.72232,4371.94061,3.57315,36.50393,3.816396026057095,1.4217079351291286,0.0
10.0263,9.58525,61.12804,4368.97486,3.52256,36.51161,3.599825738641576,1.3410298047596383,0.0
10.07311,9.62045,61.52747,4366.13914,3.46777,36.51933,3.398747769625566,1.266122970621395,0.0
10.11989,9.65564,61.92018,4363.42609,3.40905,36.5271,3.212118311488388,1.196598586948717,0.0
10.16664,9.69081,62.30574,4360.82887,3.3467,36.53492,3.0389470664952904,1.132087741779109,0.0
10.21335,9.72599,62.68378,4358.34109,3.28096,36.54279,2.8782988082850647,1.0722420386857336,0.0
10.26004,9.76115,63.05394,4355.95684,3.21207,36.5507,2.729293806799526,1.0167337550748257,0.0
10.30669,9.7963,63.41589,4353.67059,3.14025,36.55867,2.5911073651295067,0.9652556696486396,0.0
10.35332,9.83145,63.76933,4351.47723,3.06571,36.56668,2.4629686768446115,0.9175206367307147,0.0
10.39991,9.8666,64.11397,4349.37199,2.98865,36.57474,2.3441591771019703,0.873260972010503,0.0
10.44649,9.90174,64.44955,4347.35047,2.90924,36.58286,2.2340105300205577,0.8322277027873473,0.0
10.49303,9.93688,64.77582,4345.40855,2.82764,36.59103,2.1319023683054574,0.7941897259210454,0.0
10.53956,9.97201,65.09257,4343.54245,2.74402,36.59924,2.0372598784921467,0.75893290827181,0.0
10.58606,10.00715,65.39958,4341.74861,2.65851,36.60752,1.9495513060802516,0.7262591572969488,0.0
10.63253,10.04228,65.69666,4340.02377,2.57125,36.61584,1.8682854388441839,0.695985483517859,0.0
10.67899,10.07741,65.98363,4338.36486,2.48237,36.62422,1.7930091133290162,0.6679430716241317,0.0
10.72542,10.11254,66.26032,4336.76905,2.39198,36.63265,1.7233047786319398,0.6419763729180452,0.0
10.77183,10.14767,66.52658,4335.2337,2.30018,36.64113,1.6587881426298177,0.6179422284723969,0.0
10.81823,10.18281,66.78226,4333.75634,2.20709,36.64967,1.5991059186239516,0.595709029696389,0.0
10.8646,10.21794,67.02723,4332.33468,2.11279,36.65827,1.5439336845833083,0.5751559208474043,0.0
10.91095,10.25308,67.26138,4330.96656,2.01737,36.66691,1.4929738625787978,0.5561720463171103,0.0
10.95729,10.28822,67.48458,4329.64998,1.92092,36.67562,1.4459538224286068,0.5386558441894497,0.0
11.00361,10.32336,67.69673,4328.38306,1.8235,36.68438,1.4026241107920385,0.5225143865315004,0.0
11.04991,10.3585,67.89774,4327.16402,1.7252,36.69319,1.362756804855271,0.5076627660981039,0.0
11.09619,10.39365,68.08752,4325.9912,1.62609,36.70206,1.3261439882043895,0.49402352855446663,0.0
11.14246,10.42881,68.26599,4324.86303,1.52622,36.71099,1.2925963453575269,0.4815261489024029,0.0
11.18871,10.46397,68.43307,4323.77802,1.42566,36.71997,1.2619418706879952,0.47010655052023126,0.0
11.23494,10.49913,68.58869,4322.73477,1.32447,36.729,1.2340246869747007,0.4597066650417176,0.0
11.28116,10.5343,68.7328,4321.73193,1.22269,36.7381,1.2087039685815513,0.4502740312120721,0.0
11.32736,10.56947,68.86533,4320.76823,1.12039,36.74725,1.1858529641758078,0.4417614308248212,0.0
11.37355,10.60465,68.98624,4319.84245,1.01761,36.75646,1.1653581139590015,0.4341265598670973,0.0
11.41972,10.63984,69.09548,4318.9534,0.9144,36.76572,1.1471182565399995,0.4273317330589869,0.0
11.46588,10.67504,69.193,4318.09996,0.81081,36.77504,1.131043920822928,0.4213436200631506,0.0
11.51203,10.71024,69.27878,4317.28103,0.70687,36.78442,1.1170566985675516,0.416133011747056,0.0
11.55816,10.74544,69.35278,4316.49553,0.60264,36.79385,1.1050886936294226,0.41167461501044134,0.0
11.60428,10.78066,69.41497,4315.74244,0.49814,36.80334,1.0950820442445208,0.40794687482377423,0.0
11.65038,10.81588,69.46534,4315.02071,0.39343,36.81289,1.086988515113678,0.40493182226896735,0.0
11.69647,10.85112,69.50386,4314.32935,0.28854,36.8225,1.0807691564394029,0.4026149475216245,0.0
11.74255,10.88636,69.53051,4313.66736,0.18351,36.83216,1.0763940274740262,0.4009850968654504,0.0
11.78862,10.9216,69.5453,4313.03373,0.07838,36.84188,1.0738419825499144,0.4000343929828756,0.0
11.83467,10.95686,69.54821,4312.42748,-0.02682,36.85166,1.0731005179670143,0.399758177916638,0.0
11.88071,10.99213,69.53925,4311.84761,-0.13204,36.8615,1.074165678525681,0.40015497825080243,0.0
11.92674,11.02741,69.51841,4311.29312,-0.23726,36.87139,1.0770420228935373,0.40122649220900397,0.0
11.97276,11.06269,69.48569,4310.76296,-0.34242,36.88134,1.0817426473973313,0.4029775985175415,0.0
12.01877,11.09799,69.44112,4310.25612,-0.44751,36.89135,1.0882892682206398,0.40541638702618465,0.0
12.06476,11.13329,69.3847,4309.77152,-0.55247,36.90142,1.0967123623821613,0.4085542112262971,0.0
12.11074,11.16861,69.31646,4309.30807,-0.65727,36.91154,1.107051368239848,0.41240576294390174,0.0
12.15671,11.20393,69.23641,4308.86464,-0.76186,36.92172,1.1193549466407084,0.41698916962485316,0.0
12.20267,11.23927,69.14459,4308.44006,-0.86622,36.93196,1.1336813041905593,0.4223261147613261,0.0
12.24862,11.27462,69.04102,4308.03311,-0.97029,36.94226,1.1500985804559563,0.4284419821347224,0.0
12.29456,11.30998,68.92575,4307.64255,-1.07404,36.95261,1.1686853012317022,0.4353660246697442,0.0
12.34049,11.34535,68.7988,4307.26703,-1.17741,36.96302,1.1895309002952612,0.4431315588016412,0.0
12.3864,11.38073,68.66024,4306.90518,-1.28036,36.97349,1.2127363123289243,0.4517761853553179,0.0
12.43231,11.41612,68.51011,4306.55553,-1.38285,36.98402,1.2384146398987808,0.46134203801255047,0.0
12.4782,11.45152,68.34847,4306.21655,-1.48482,36.9946,1.2666918975281065,0.47187606049890074,0.0
12.52408,11.48694,68.17539,4305.88661,-1.58621,37.00524,1.2977078359809655,0.4834303136510464,0.0
12.56995,11.52236,67.99092,4305.56399,-1.68698,37.01594,1.3316168498452192,0.496062313515332,0.0
12.61582,11.5578,67.79516,4305.24687,-1.78706,37.0267,1.3685889713622608,0.5098354015754939,0.0
12.66167,11.59325,67.58817,4304.93331,-1.88638,37.03751,1.408810953143842,0.5248191480931667,0.0
12.7075,11.62871,67.37006,4304.62123,-1.98489,37.04838,1.452487441929698,0.5410897893634814,0.0
12.75333,11.66419,67.14092,4304.30843,-2.08251,37.0593,1.4998422447969841,0.5587306994113972,0.0
12.79915,11.69967,66.90086,4303.99257,-2.17916,37.07028,1.5511196882077882,0.5778328962726577,0.0
12.84496,11.73517,66.64999,4303.67113,-2.27477,37.08132,1.6065860688803688,0.5984955824815028,0.0
12.89075,11.77068,66.38844,4303.34142,-2.36925,37.09242,1.6665311936272582,0.6208267187008765,0.0
12.93653,11.8062,66.11635,4303.00055,-2.4625,37.10357,1.731270002933784,0.6449436285481468,0.0
12.9823,11.84173,65.83385,4302.64545,-2.55443,37.11478,1.8011442700128277,0.6709736315377062,0.0
13.02806,11.87728,65.54112,4302.27278,-2.64493,37.12604,1.8765243632727506,0.6990546996466483,0.0
13.07381,11.91283,65.23831,4301.87901,-2.73389,37.13735,1.9578110554151782,0.7293361312512936,0.0
13.11955,11.9484,64.92561,4301.46031,-2.82119,37.14873,2.0454373565557997,0.7619792340129178,0.0
13.16527,11.98398,64.60323,4301.01258,-2.9067,37.16015,2.1398703416842,0.7971580056546244,0.0
13.21098,12.01957,64.27138,4300.53141,-2.99028,37.17163,2.241612934212561,0.8350597983801615,0.0
13.25667,12.05517,63.93028,4300.01208,-3.07178,37.18317,2.3512055971056776,0.8758859488643526,0.0
13.30236,12.09079,63.58019,4299.44949,-3.15103,37.19476,2.4692278709018427,0.9198523512063406,0.0
13.34802,12.12641,63.22138,4298.83818,-3.22788,37.2064,2.5962996836031804,0.9671899448982045,0.0
13.39368,12.16205,62.85412,4298.1723,-3.30212,37.21809,2.7330823406981413,1.0181450836343864,0.0
13.43932,12.19769,62.47875,4297.44554,-3.37356,37.22983,2.8802790843273094,1.0729797436156683,0.0
13.48494,12.23334,62.09558,4296.65115,-3.442,37.24163,3.0386350886421516,1.1319715218201833,0.0
13.53055,12.269,61.70491,4295.78206,-3.50856,37.24046,3.2089715796541918,1.1954263465449815,-11.999999795302069
13.57615,12.30466,61.30704,4294.83068,-3.57171,37.23861,3.392159036054602,1.263668494006197,-11.999999795302069
13.62174,12.34031,60.90237,4293.78869,-3.6312,37.236,3.5890785985565095,1.337026212303677,-11.999999795302069
13.66732,12.37596,60.49136,4292.64722,-3.68676,37.23258,3.8006470948505515,1.4158410438753724,-11.999999795302069
13.71289,12.4116,60.07446,4291.39679,-3.73808,37.22829,4.027812023323715,1.5004659568006185,-11.999999795302069
13.75845,12.44723,59.65219,4290.02732,-3.78486,37.22305,4.271544337747815,1.591262656906748,-11.999999795302069
13.804,12.48286,59.22509,4288.52809,-3.82676,37.21679,4.532828972618141,1.6885980582084423,-11.999999795302069
13.84954,12.51847,58.79375,4286.88776,-3.86345,37.20944,4.81265273824863,1.7928397735121855,-11.999999795302069
13.89507,12.55407,58.35877,4285.09432,-3.89453,37.20091,5.111989195653981,1.904350479911884,-11.999999795302069
13.94058,12.58966,57.92084,4283.13517,-3.91963,37.19111,5.431780114475835,2.0234810113785002,-11.999999795302069
13.98608,12.62523,57.48067,4280.99705,-3.93834,37.17996,5.772913128336647,2.1505620347914456,-11.999999795302069
14.03157,12.66078,57.03901,4278.66615,-3.95022,37.16735,6.1361952375057385,2.285894178984496,-11.999999795302069
14.07704,12.6963,56.59668,4276.12812,-3.95485,37.1532,6.522321876145619,2.4297365114811607,-11.999999795302069
14.12249,12.73181,56.15453,4273.36815,-3.95175,37.13739,6.931841368958173,2.582293297660184,-11.999999795302069
14.16793,12.76728,55.71348,4270.37105,-3.94047,37.11983,7.365114758276285,2.743699035290159,-11.999999795302069
14.21335,12.80273,55.27448,4267.12138,-3.92054,37.1004,7.822271195529357,2.914001836676718,-11.999999795302069
14.25875,12.83814,54.83856,4263.60357,-3.89147,37.07901,8.303159367063657,3.093145333502544,-11.999999795302069
14.30412,12.87351,54.40677,4259.80211,-3.85279,37.05554,8.807295766807057,3.2809494070339573,-11.999999795302069
14.34948,12.90884,53.98025,4255.70175,-3.80405,37.02989,9.333811035912811,3.477090198226339,-11.999999795302069
14.39481,12.94413,53.56014,4251.28774,-3.74481,37.00195,9.881396053654061,3.681080025163894,-11.999999795302069
14.44012,12.97936,53.14767,4246.54606,-3.67463,36.97164,10.448249967096675,3.892248022745366,-11.999999795302069
14.4854,13.01454,52.74408,4241.46375,-3.59316,36.93887,11.03203286059669,4.109722510826493,-11.999999795302069
14.53066,13.04967,52.35065,4236.02926,-3.50005,36.90356,11.629826248781793,4.332416276816117,-11.999999795302069
14.57588,13.08473,51.9687,4230.23271,-3.39504,36.86564,12.238104974968458,4.559016107097169,-11.999999795302069
14.62107,13.11972,51.59955,4224.06633,-3.27793,36.82506,12.852724346172478,4.787977994479598,-11.999999795302069
14.66622,13.15464,51.24455,4217.5248,-3.1486,36.7818,13.468926365654008,5.01752945998738,-11.999999795302069
14.71134,13.18948,50.90504,4210.6056,-3.00704,36.73584,14.081368663536976,5.24568033027547,-11.999999795302069
14.75641,13.22423,50.58234,4203.30934,-2.85333,36.68719,14.684179116288332,5.470243084822937,-11.999999795302069
14.80145,13.2589,50.27775,4195.64009,-2.68769,36.63589,15.2710381488787,5.688863515653312,-11.999999795302069
14.84644,13.29347,49.99253,4187.60562,-2.51046,36.582,15.835289327739282,5.8990619261209085,-11.999999795302069
14.89138,13.32795,49.72787,4179.21759,-2.3221,36.52562,16.370077122220664,6.098284450678953,-11.999999795302069
14.93627,13.36232,49.4849,4170.49164,-2.12323,36.46687,16.868508735113725,6.28396334100664,-11.999999795302069
14.98111,13.39658,49.26466,4161.44738,-1.9146,36.4059,17.323834830455144,6.453584291871913,-11.999999795302069
15.02589,13.43073,49.06809,4152.10834,-1.6971,36.34289,17.729642014744616,6.604758145449371,-11.999999795302069
15.07061,13.46476,48.89601,4142.50174,-1.47173,36.27806,18.08004827693017,6.735293697857132,-11.999999795302069
15.11527,13.49867,48.74912,4132.65815,-1.23964,36.21163,18.3698914813505,6.843267917737392,-11.999999795302069
15.15986,13.53245,48.62796,4122.61109,-1.00205,36.14387,18.594900618854982,6.9270897418045285,-11.999999795302069
15.20439,13.56611,48.53294,4112.3965,-0.7603,36.07504,18.75183997016652,6.985553779490931,-11.999999795302069
15.24885,13.59964,48.46431,4102.05219,-0.51576,36.00545,18.838617643866314,7.017880746202114,-11.999999795302069
15.29324,13.63303,48.42217,4091.61712,-0.26988,35.93538,18.85435203711779,7.02374222168509,-11.999999795302069
15.33756,13.66629,48.40644,4081.13079,-0.02408,35.86515,18.799392447275782,7.0032683283951025,-11.999999795302069
15.3818,13.69942,48.41692,4070.63253,0.22018,35.79506,18.675293076118987,6.957038047388226,-11.999999795302069
15.42596,13.73241,48.45322,4060.16083,0.46151,35.7254,18.484742712603843,6.886053023297027,-11.999999795302069
15.47005,13.76527,48.51483,4049.75277,0.69854,35.65647,18.23145515230865,6.791696742690267,-11.999999795302069
15.51406,13.79799,48.6011,4039.4434,0.93,35.58854,17.92002765319851,6.675681805121078,-11.999999795302069
15.558,13.83059,48.71125,4029.26532,1.15471,35.52185,17.555776254381744,6.539988575030724,-11.999999795302069
15.60185,13.86305,48.84438,4019.24829,1.3716,35.45664,17.144557510339077,6.3867987730584925,-11.999999795302069
15.64563,13.89538,48.99952,4009.41895,1.57969,35.39313,16.692586127242638,6.2184275407722645,-11.999999795302069
15.68933,13.92759,49.1756,3999.80062,1.77816,35.33148,16.20625722682609,6.03725722928361,-11.999999795302069
15.73295,13.95968,49.37147,3990.41326,1.96632,35.27186,15.691980663974032,5.845675678190472,-11.999999795302069
15.7765,13.99164,49.58595,3981.27341,2.14357,35.21439,15.156033177381603,5.646021137807726,-11.999999795302069
15.81997,14.0235,49.8178,3972.39432,2.30948,35.15918,14.604432353047445,5.440535317252081,-11.999999795302069
15.86337,14.05524,50.06576,3963.78605,2.46373,35.1063,14.042834602986824,5.231325378828385,-11.999999795302069
15.90669,14.08688,50.32855,3955.4557,2.60611,35.0558,13.4764577462051,5.02033509740521,-11.999999795302069
15.94995,14.11841,50.60489,3947.40763,2.73651,35.00771,12.910027420858839,4.8093248975349026,-11.999999795302069
15.99314,14.14985,50.89351,3939.64372,2.85493,34.96204,12.347745507233856,4.599860090182053,-11.999999795302069
16.03626,14.1812,51.19314,3932.16361,2.96146,34.91877,11.793278012654548,4.393306359533458,-11.999999795302069
16.07932,14.21245,51.50255,3924.96504,3.05624,34.8779,11.249759442991598,4.190831391499757,-11.999999795302069
16.12232,14.24362,51.82054,3918.04409,3.13951,34.83936,10.719810521434136,3.9934114744242812,-11.999999795302069
16.16525,14.27471,52.14591,3911.39544,3.21154,34.80312,10.205566162497947,3.801841920137141,-11.999999795302069
16.20813,14.30573,52.47754,3905.01262,3.27265,34.76911,9.70871081310724,3.61675022943807,-11.999999795302069
16.25095,14.33667,52.81433,3898.88827,3.32319,34.73726,9.230518580896815,3.438611040944821,-11.999999795302069
16.29372,14.36754,53.15523,3893.01432,3.36355,34.7075,8.771895936616554,3.267762038862405,-11.999999795302069
16.33643,14.39836,53.49923,3887.38216,3.39414,34.67975,8.333425165541664,3.1044201397766864,-11.999999795302069
16.3791,14.42911,53.84537,3881.98287,3.41536,34.65392,7.915407123525229,2.9486974204089305,-11.999999795302069
16.42172,14.4598,54.19273,3876.8073,3.42764,34.62994,7.517902207145375,2.8006163800736195,-11.999999795302069
16.46429,14.49044,54.54045,3871.84623,3.4314,34.60771,7.140768762022539,2.6601242487872168,-11.999999795302069
16.50681,14.52103,54.88769,3867.09043,3.42708,34.58715,6.7836984226121215,2.527106152270771,-11.999999795302069
16.54929,14.55158,55.23369,3862.53082,3.41507,34.56819,6.446248099127293,2.401397027920295,-11.999999795302069
16.59173,14.58208,55.57772,3858.15846,3.3958,34.55072,6.127868504480284,2.2827922518429826,-11.999999795302069
16.63414,14.61254,55.91906,3853.96465,3.36966,34.53469,5.827929250090722,2.171056987706122,-11.999999795302069
16.6765,14.64296,56.25709,3849.94095,3.33703,34.52,5.5457406392539195,2.065934305340205,-11.999999795302069
16.71882,14.67334,56.59117,3846.07924,3.29829,34.50659,5.280572355889664,1.9671521427895797,-11.999999795302069
16.76112,14.70369,56.92075,3842.3717,3.2538,34.49438,5.031669290550665,1.8744292019170057,-11.999999795302069
16.80337,14.73402,57.24527,3838.81088,3.20388,34.48329,4.798264769604541,1.7874798766220232,-11.999999795302069
16.84559,14.76432,57.56434,3835.38936,3.15118,34.49514,4.5795166660756,1.7059904524484926,0.0
16.88776,14.79461,57.87761,3832.10017,3.0936,34.50703,4.374607304771838,1.629656323873063,0.0
16.9299,14.82489,58.18462,3828.93695,3.03144,34.51895,4.182817371591154,1.5582095274664098,0.0
16.97199,14.85516,58.48494,3825.89368,2.96498,34.53092,4.003444061930702,1.491388250022069,0.0
17.01405,14.88543,58.77818,3822.96468,2.8945,34.54292,3.835806340631444,1.428938788024187,0.0
17.05607,14.91568,59.06397,3820.14453,2.82024,34.55496,3.679248436618082,1.3706168494928395,0.0
17.09805,14.94594,59.34195,3817.42816,2.74246,34.56705,3.533142363416922,1.3161884929432568,0.0
17.14,14.97619,59.61182,3814.81073,2.66137,34.57918,3.3968896279591454,1.2654307639600035,0.0
17.18191,15.00644,59.87326,3812.2877,2.57719,34.59135,3.2699222705743085,1.2181320826219209,0.0
17.2238,15.03668,60.12599,3809.8548,2.49013,34.60356,3.1517033606675886,1.1740924281549439,0.0
17.26565,15.06692,60.36976,3807.50796,2.40038,34.61582,3.041727055596839,1.1331233608653513,0.0
17.30747,15.09716,60.60431,3805.24338,2.30811,34.62813,2.939518314791293,1.0950479156414634,0.0
17.34926,15.1274,60.82943,3803.05743,2.21351,34.64048,2.8446323473103003,1.0597003961547333,0.0
17.39103,15.15764,61.04491,3800.94673,2.11673,34.65288,2.75665385875353,1.026926094313985,0.0
17.43276,15.18788,61.25054,3798.90803,2.01792,34.66532,2.67519615265972,0.9965809555128018,0.0
17.47447,15.21812,61.44615,3796.93829,1.91724,34.67782,2.5999001321574324,0.9685312067181661,0.0
17.51616,15.24837,61.63158,3795.03461,1.81481,34.69036,2.5304332395514213,0.9426529614384789,0.0
17.55781,15.27862,61.80666,3793.19424,1.71077,34.70295,2.466488364625496,0.9188318130376532,0.0
17.59944,15.30887,61.97126,3791.41456,1.60524,34.71558,2.4077827465568262,0.8969624256692996,0.0
17.64105,15.33912,62.12524,3789.69308,1.49834,34.72827,2.354056889403635,0.8769481302673573,0.0
17.68264,15.36938,62.2685,3788.02741,1.39018,34.741,2.3050735069672283,0.8587005314794366,0.0
17.7242,15.39964,62.40091,3786.41527,1.28086,34.75379,2.260616509401229,0.8421391301520964,0.0
17.76573,15.42991,62.52238,3784.85445,1.1705,34.76662,2.2204900410891772,0.827190964914934,0.0
17.80725,15.46018,62.63283,3783.34283,1.05919,34.77951,2.1845175770019374,0.8137902755499431,0.0
17.84874,15.49045,62.73217,3781.87837,0.94702,34.79244,2.152541082850343,0.8018781901262771,0.0
17.89021,15.52074,62.82033,3780.45907,0.83408,34.80543,2.124420242855138,0.7914024373242325,0.0
17.93166,15.55103,62.89724,3779.083,0.72047,34.81847,2.100031757749174,0.7823170849225977,0.0
17.97309,15.58132,62.96287,3777.74826,0.60626,34.83156,2.079268714696213,0.774582305076828,0.0
18.0145,15.61163,63.01715,3776.45298,0.49155,34.8447,2.0620400300904307,0.7681641667471998,0.0
18.05589,15.64194,63.06005,3775.19534,0.37641,34.85789,2.0482699656623273,0.7630344554355307,0.0
18.09726,15.67225,63.09154,3773.97351,0.26092,34.87113,2.0378977179064073,0.7591705202361869,0.0
18.13861,15.70258,63.1116,3772.78569,0.14516,34.88442,2.0308770805734313,0.7565551481055678,0.0
18.17994,15.73291,63.12021,3771.63006,0.02921,34.89777,2.0271761797544645,0.7551764651739415,0.0
18.22125,15.76325,63.11737,3770.50483,-0.08685,34.91116,2.0267772809547777,0.7550278648753991,0.0
18.26254,15.7936,63.10307,3769.40815,-0.20295,34.92461,2.029676667461285,0.7561079626365235,0.0
18.30381,15.82396,63.07732,3768.3382,-0.31901,34.93811,2.035884589228573,0.7584205768350902,0.0
18.34507,15.85433,63.04013,3767.29309,-0.43495,34.95166,2.045425281446863,0.7619747357171238,0.0
18.3863,15.8847,62.99153,3766.27091,-0.5507,34.96527,2.0583370518731523,0.7667847099300428,0.0
18.42752,15.91509,62.93155,3765.26971,-0.66617,34.97892,2.074672435891978,0.7728700702868767,0.0
18.46872,15.94548,62.86021,3764.28748,-0.78128,34.99263,2.0944984181179933,0.7802557703190549,0.0
18.5099,15.97589,62.77758,3763.32215,-0.89596,35.00639,2.1178967191172466,0.7889722530876281,0.0
18.55106,16.0063,62.68369,3762.37157,-1.01012,35.0202,2.1449641455043973,0.7990555816036925,0.0
18.5922,16.03672,62.57862,3761.43352,-1.12368,35.03406,2.175813001244485,0.8105475920491201,0.0
18.63333,16.06716,62.46242,3760.50569,-1.23654,35.04798,2.2105715574104283,0.823496068773588,0.0
18.67444,16.0976,62.33519,3759.58568,-1.34861,35.06194,2.249384576905846,0.8379549397676361,0.0
18.71553,16.12805,62.197,3758.67097,-1.4598,35.07596,2.2924138897282678,0.8539844909633473,0.0
18.7566,16.15851,62.04796,3757.75891,-1.57,35.09003,2.339839013152214,0.8716515972688641,0.0
18.79765,16.18898,61.88817,3756.84674,-1.67913,35.10415,2.3918578097663605,0.8910299677045466,0.0
18.83869,16.21946,61.71775,3755.93155,-1.78706,35.11832,2.448687174497246,0.9122004013373789,0.0
18.87971,16.24996,61.53683,3755.01028,-1.89368,35.13254,2.510563739601982,0.9352510499093052,0.0
18.9207,16.28046,61.34555,3754.07968,-1.99889,35.14681,2.57774458398909,0.9602776820779021,0.0
18.96168,16.31097,61.14406,3753.13635,-2.10254,35.16112,2.650507930163739,0.9873839430468204,0.0
19.00264,16.34149,60.93252,3752.17669,-2.20451,35.17549,2.7291538084036526,1.0166816019887834,0.0
19.04359,16.37202,60.71112,3751.19688,-2.30467,35.18991,2.8140046635209455,1.0482907780803379,0.0
19.08451,16.40256,60.48004,3750.19288,-2.40287,35.20438,2.905405874561692,1.0823401341036158,0.0
19.12541,16.4331,60.2395,3749.16042,-2.49894,35.21889,3.003726152071304,1.1189670244381418,0.0
19.16629,16.46366,59.98972,3748.09498,-2.59274,35.23346,3.1093577709944276,1.1583175818221711,0.0
19.20715,16.49423,59.73093,3746.99177,-2.68409,35.24807,3.2227165898572823,1.200546724498617,0.0
19.24799,16.5248,59.4634,3745.8457,-2.77281,35.26272,3.3442417985698256,1.2458180622647206,0.0
19.28881,16.55538,59.1874,3744.65141,-2.85871,35.27743,3.4743953280010675,1.294303676523321,0.0
19.32961,16.58597,58.90323,3743.4032,-2.94158,35.29218,3.613660844450601,1.3461837456970422,0.0
19.37038,16.61657,58.6112,3742.09507,-3.02121,35.30697,3.7625422414033665,1.4016459833672608,0.0
19.41113,16.64718,58.31166,3740.72064,-3.09738,35.32181,3.9215615296549386,1.4608848522902589,0.0
19.45186,16.67779,58.00496,3739.27321,-3.16985,35.33669,4.091256015366261,1.5241005131483634,0.0
19.49256,16.70841,57.69149,3737.7457,-3.23837,35.35161,4.272174644237694,1.5914974626585898,0.0
19.53324,16.73903,57.37167,3736.13065,-3.30267,35.36658,4.464873379325221,1.6632828116875595,0.0
19.57389,16.76966,57.04592,3734.42024,-3.36248,35.38159,4.669909470886379,1.7396641506183432,0.0
19.61452,16.80029,56.71473,3732.60624,-3.41751,35.39663,4.887834469914632,1.8208469467081847,0.0
19.65512,16.83093,56.37857,3730.68008,-3.46746,35.41172,5.1191858339834555,1.9070314170445641,0.0
19.69568,16.86157,56.03799,3728.63278,-3.51202,35.42684,5.364476976147979,1.9984088214992277,0.0
19.73622,16.89221,55.69354,3726.45502,-3.55085,35.442,5.624185616633779,2.0951571234257784,0.0
19.77673,16.92285,55.34581,3724.13713,-3.58362,35.45719,5.898740314985481,2.1974359725306694,0.0
19.8172,16.95349,54.99542,3721.66916,-3.60998,35.47242,6.1885050894148055,2.305380975175662,0.0
19.85764,16.98413,54.64304,3719.04085,-3.62958,35.48768,6.4937620726909655,2.4190972332406484,0.0
19.89804,17.01477,54.28935,3716.24174,-3.64205,35.50297,6.814692212442883,2.5386521544784197,0.0
19.93841,17.04541,53.93509,3713.2612,-3.64702,35.51829,7.151354100343152,2.6640675658286583,0.0
19.97873,17.07604,53.58101,3710.08854,-3.64413,35.53364,7.503661111147156,2.7953111971084956,0.0
20.01902,17.10667,53.22793,3706.71303,-3.633,35.54901,7.871357149818426,2.932287646178583,0.0
20.05926,17.13729,52.87666,3703.12407,-3.61329,35.5644,8.253991442784383,3.0748289880225665,0.0
20.09946,17.1679,52.52809,3699.31127,-3.58464,35.57981,8.650892965668362,3.2226852484044257,0.0
20.13961,17.1985,52.18309,3695.26461,-3.54671,35.59525,9.061145270592643,3.3755150263765135,0.0
20.17972,17.22909,51.84261,3690.97456,-3.49919,35.6107,9.483562654297216,3.532876616276748,0.0
20.21977,17.25966,51.50758,3686.43225,-3.44181,35.62616,9.916668784084687,3.6942200453306953,0.0
20.25977,17.29022,51.17899,3681.62967,-3.3743,35.64164,10.358679058728423,3.8588805026257544,0.0
20.29971,17.32076,50.85783,3676.55982,-3.29647,35.65713,10.807488109741309,4.026073683004894,0.0
20.33959,17.35128,50.5451,3671.21694,-3.20816,35.67262,11.260663925873317,4.194893598287409,0.0
20.37941,17.38178,50.2418,3665.59667,-3.10926,35.68812,11.715450090379981,4.364313410710303,0.0
20.41917,17.41225,49.94896,3659.69626,-2.99975,35.70362,12.168777536374145,4.533189812106095,0.0
20.45886,17.4427,49.66758,3653.51477,-2.87966,35.71912,12.617287033174067,4.70027140065916,0.0
20.49848,17.47312,49.39865,3647.05321,-2.74911,35.73462,13.05736330420379,4.864211390721301,0.0
20.53802,17.50351,49.14313,3640.31473,-2.60831,35.75011,13.485181240807403,5.023584828673527,0.0
20.57749,17.53387,48.90197,3633.30471,-2.45754,35.76559,13.896764124093771,5.176910282095114,0.0
20.61688,17.56419,48.67605,3626.03087,-2.29721,35.78106,14.288053118941464,5.3226757281089565,0.0
20.65619,17.59447,48.46621,3618.50332,-2.1278,35.79652,14.654986595706939,5.459368102804923,0.0
20.69541,17.62471,48.27325,3610.73453,-1.94988,35.81196,14.993587113380201,5.58550570475402,0.0
20.73455,17.65491,48.09787,3602.73935,-1.76413,35.82738,15.300053221456036,5.699672393620874,0.0
20.77359,17.68506,47.94072,3594.53482,-1.57133,35.84279,15.57085266983698,5.800552313305084,0.0
20.81254,17.71516,47.80234,3586.1401,-1.37233,35.85817,15.802813218548868,5.886963720949617,0.0
20.8514,17.74522,47.6832,3577.5762,-1.16805,35.87353,15.993207065086072,5.957890438348325,0.0
20.89016,17.77523,47.58366,3568.86578,-0.95949,35.88886,16.13982499242282,6.012509474031106,0.0
20.92882,17.80518,47.50398,3560.03282,-0.74769,35.90416,16.241036699031344,6.050213497783056,0.0
20.96737,17.83508,47.44432,3551.10232,-0.53375,35.91944,16.295834389560397,6.07062707931914,0.0
21.00583,17.86492,47.40474,3542.09993,-0.31877,35.93469,16.303857541600337,6.073615914555854,0.0
21.04418,17.89471,47.38516,3533.05161,-0.10388,35.94991,16.265397755970564,6.059288632470901,0.0
21.08242,17.92444,47.38545,3523.98328,0.1098,35.96509,16.18138366546356,6.02799117321328,0.0
21.12056,17.95411,47.40532,3514.92043,0.32119,35.98025,16.05334693176936,5.980294121062976,0.0
21.15859,17.98372,47.44442,3505.88783,0.52921,35.99538,15.883371317870656,5.916973732558144,0.0
21.19652,18.01328,47.5023,3496.90918,0.73286,36.01048,15.67402761088158,5.838987693540278,0.0
21.23434,18.04277,47.57841,3488.00692,0.93118,36.02556,15.428297735287112,5.747446849339189,0.0
21.27206,18.07221,47.67214,3479.20193,1.12328,36.0406,15.149491710991125,5.643584269460933,0.0
21.30966,18.10159,47.78279,3470.51339,1.30837,36.05562,14.841161171539481,5.52872303085045,0.0
21.34717,18.13091,47.90961,3461.95864,1.48573,36.07061,14.5070129858869,5.4042440397269615,0.0
21.38457,18.16017,48.05179,3453.55311,1.65471,36.08558,14.150826160801198,5.271555075543135,0.0
21.42187,18.18938,48.20849,3445.31025,1.81477,36.10053,13.77637469131946,5.132062050750065,0.0
21.45908,18.21853,48.37881,3437.24156,1.96547,36.11546,13.387358429056995,4.987143257423414,0.0
21.49618,18.24763,48.56184,3429.3566,2.10643,36.13036,12.987343407150517,4.8381271367345855,0.0
21.53319,18.27668,48.75665,3421.66307,2.23738,36.14526,12.57971244432279,4.686273877665126,0.0
21.57011,18.30568,48.96227,3414.16689,2.35813,36.16014,12.167626287304268,4.532760941536379,0.0
21.60693,18.33463,49.17776,3406.87233,2.46854,36.175,11.753995067648853,4.378672428922348,0.0
21.64367,18.36354,49.40216,3399.78215,2.56858,36.18986,11.341459461635587,4.224992061217345,0.0
21.68032,18.3924,49.63453,3392.89768,2.65825,36.20471,10.932380655463449,4.07259944240704,0.0
21.71688,18.42121,49.87393,3386.21902,2.73763,36.21956,10.52883802951641,3.922269196396254,0.0
21.75337,18.44999,50.11943,3379.74515,2.80684,36.2344,10.1326333754643,3.7746725379899893,0.0
21.78977,18.47872,50.37014,3373.47408,2.86606,36.24924,9.745300435200855,3.630380826398841,0.0
21.8261,18.50742,50.62517,3367.403,2.91548,36.26408,9.368118585988837,3.4898706633156276,0.0
21.86235,18.53608,50.88368,3361.52837,2.95535,36.27893,9.002129576011033,3.3535301273484857,0.0
21.89854,18.56471,51.14484,3355.8461,2.98594,36.29378,8.64815632461465,3.221665777606557,0.0
21.93465,18.5933,51.40785,3350.35158,3.00753,36.30865,8.306822928935286,3.0945101066938396,0.0
21.97069,18.62187,51.67194,3345.03987,3.02043,36.32352,7.978575152983992,2.972229173433203,0.0
22.00668,18.6504,51.93638,3339.90572,3.02494,36.3384,7.663700808330808,2.8549301952072685,0.0
22.04259,18.67891,52.20046,3334.94369,3.02141,36.3533,7.362349561331182,2.7426689266713975,0.0
22.07845,18.7074,52.46351,3330.1482,3.01015,36.36821,7.0745518164400245,2.635456694285034,0.0
22.11425,18.73586,52.72488,3325.5136,2.99149,36.38314,6.800236426153006,2.533266993730812,0.0
22.14999,18.7643,52.98396,3321.03422,2.96578,36.39809,6.539247064540034,2.436041589486589,0.0
22.18568,18.79271,53.24017,3316.70441,2.93332,36.41306,6.291357173287282,2.3436960826193567,0.0
22.22132,18.82111,53.49297,3312.5186,2.89446,36.42805,6.056283447261127,2.2561249345126333,0.0
22.2569,18.84949,53.74181,3308.47128,2.8495,36.44307,5.83369787213619,2.1732059511996398,0.0
22.29243,18.87785,53.98622,3304.55708,2.79875,36.45811,5.62323836100456,2.094804245780099,0.0
22.32792,18.9062,54.22573,3300.77074,2.74252,36.47318,5.424518061635029,2.02077570561919,0.0
22.36336,18.93453,54.45988,3297.10717,2.68109,36.48828,5.237133422849374,1.950969997284957,0.0
22.39875,18.96285,54.68828,3293.56142,2.61476,36.5034,5.060671118629547,1.8852331459604121,0.0
22.43411,18.99116,54.91052,3290.12871,2.5438,36.51856,4.894713933540472,1.823409727918392,0.0
22.46941,19.01946,55.12624,3286.8044,2.46846,36.53374,4.738845713958511,1.7653447149844308,0.0
22.50468,19.04775,55.33509,3283.58406,2.38901,36.54896,4.592655487472432,1.710885009122009,0.0
22.53991,19.07602,55.53675,3280.46339,2.30568,36.56421,4.4557408485017405,1.6598807036644654,0.0
22.5751,19.10429,55.73092,3277.43825,2.21872,36.5795,4.327710702374665,1.6121861055562445,0.0
22.61025,19.13255,55.91731,3274.50469,2.12836,36.59482,4.208187453386306,1.5676605504621302,0.0
22.64536,19.16081,56.09566,3271.65887,2.0348,36.61017,4.096808715117089,1.5261690399058707,0.0
22.68044,19.18906,56.26573,3268.89713,1.93825,36.62556,3.9932286139387245,1.4875827268604445,0.0
22.71548,19.2173,56.42728,3266.21592,1.83892,36.64099,3.8971187493206156,1.451779273487467,0.0
22.75049,19.24554,56.5801,3263.61183,1.737,36.65646,3.808168867558633,1.4186431021188834,0.0
22.78547,19.27378,56.72399,3261.08157,1.63268,36.67197,3.726087298922128,1.3880655581057348,0.0
22.82041,19.30201,56.85878,3258.62196,1.52612,36.68751,3.6506012020337875,1.3599450008560838,0.0
22.85532,19.33024,56.98429,3256.22993,1.41751,36.70309,3.5814566536805184,1.3341868372919308,0.0
22.8902,19.35847,57.10038,3253.9025,1.30701,36.71872,3.518418617089125,1.3107035100310709,0.0
22.92505,19.38669,57.20691,3251.63678,1.19477,36.73438,3.4612708170925104,1.2894144508832182,0.0
22.95986,19.41492,57.30375,3249.42993,1.08096,36.75009,3.4098155464846953,1.270246008712156,0.0
22.99465,19.44314,57.39078,3247.27922,0.96572,36.76583,3.3638734241891854,1.2531313593470896,0.0
23.02941,19.47137,57.4679,3245.18195,0.84919,36.78162,3.323283122644428,1.2380104040265574,0.0
23.06414,19.49959,57.53504,3243.13547,0.73153,36.79745,3.2879010789412026,1.2248296617895074,0.0
23.09884,19.52782,57.5921,3241.13717,0.61286,36.81332,3.2576012017665317,1.213542160304193,0.0
23.13352,19.55604,57.63902,3239.18449,0.49333,36.82923,3.2322745840029503,1.2041073288038397,0.0
23.16816,19.58427,57.67575,3237.27487,0.37306,36.84519,3.211829228921014,1.1964908960861502,0.0
23.20278,19.6125,57.70224,3235.40578,0.25219,36.86119,3.1961897961943313,1.19066479589722,0.0
23.23738,19.64073,57.71846,3233.57468,0.13084,36.87723,3.185297372472248,1.1866070814638277,0.0
23.27194,19.66896,57.72439,3231.77904,0.00915,36.89331,3.179109269894148,1.1843018504347074,0.0
23.30648,19.6972,57.72001,3230.0163,-0.11276,36.90944,3.1775988547007104,1.183739181033736,0.0
23.341,19.72544,57.70532,3228.2839,-0.23477,36.92561,3.1807554069713198,1.1849150798084271,0.0
23.37549,19.75368,57.68033,3226.57924,-0.35674,36.94182,3.188584011425976,1.1878314409507664,0.0
23.40995,19.78192,57.64506,3224.89968,-0.47855,36.95808,3.2011054781967023,1.192496016782481,0.0
23.44438,19.81017,57.59954,3223.24252,-0.60008,36.97438,3.2183562914184627,1.1989223986038,0.0
23.4788,19.83842,57.5438,3221.60503,-0.72119,36.99072,3.2403885824125642,1.2071300067035677,0.0
23.51318,19.86667,57.47791,3219.98439,-0.84176,37.00711,3.2672701231255536,1.2171440879150603,0.0
23.54754,19.89493,57.40191,3218.37772,-0.96164,37.02354,3.2990843342446823,1.2289957186392098,0.0
23.58188,19.92319,57.31589,3216.78204,-1.08071,37.04001,3.3359303011198613,1.2427218107759492,0.0
23.61619,19.95145,57.21993,3215.1943,-1.19884,37.05653,3.37792278915457,1.2583651174577355,0.0
23.65047,19.97972,57.11412,3213.61132,-1.31587,37.07308,3.4251922487128916,1.2759742348775442,0.0
23.68473,20.00799,56.99857,3212.02983,-1.43166,37.08968,3.4778847977895717,1.2956035958330143,0.0
23.71896,20.03626,56.87341,3210.44642,-1.54607,37.10633,3.536162168681272,1.3173134498600858,0.0
23.75317,20.06454,56.73876,3208.85755,-1.65894,37.12301,3.6002016026576387,1.3411698239951992,0.0
23.78736,20.09282,56.59477,3207.25955,-1.77012,37.13974,3.670195674141324,1.3672444572777311,0.0
23.82151,20.1211,56.4416,3205.64858,-1.87944,37.1565,3.746352023156944,1.3956147010801887,0.0
23.85564,20.14939,56.27943,3204.02065,-1.98672,37.17331,3.828892971799921,1.4263633762327632,0.0
23.88975,20.17768,56.10844,3202.3716,-2.09181,37.19015,3.918054997205686,1.459578576690491,0.0
23.92382,20.20597,55.92883,3200.69707,-2.19451,37.20704,4.014088029965458,1.4953534081746698,0.0
23.95788,20.23427,55.74083,3198.99255,-2.29464,37.22397,4.117254543223257,1.5337856488375319,0.0
23.9919,20.26256,55.54466,3197.25328,-2.392,37.24093,4.227828393797708,1.5749773175496218,0.0
24.02589,20.29086,55.34059,3195.47433,-2.48638,37.25793,4.3460933726885616,1.6190341339253367,0.0
24.05986,20.31916,55.12888,3193.65055,-2.57759,37.27497,4.472341418428821,1.6660648527495854,0.0
24.0938,20.34746,54.90981,3191.77657,-2.66538,37.29205,4.606870442973808,1.716180454064261,0.0
24.12771,20.37577,54.6837,3189.84679,-2.74955,37.30916,4.749981716455967,1.7694931689205928,0.0
24.16159,20.40407,54.45087,3187.85538,-2.82985,37.32631,4.901976754413828,1.826115319790035,0.0
24.19544,20.43237,54.21167,3185.7963,-2.90604,37.34349,5.063153649275567,1.886157953945367,0.0
24.22926,20.46067,53.96645,3183.66327,-2.97787,37.3607,5.233802787413911,1.949729247950954,0.0
24.26305,20.48897,53.71562,3181.44977,-3.04508,37.37795,5.414201894319955,2.0169326618596273,0.0
24.2968,20.51727,53.45958,3179.1491,-3.10739,37.39523,5.604610353992166,2.0878648230356194,0.0
24.33052,20.54556,53.19877,3176.75433,-3.16453,37.41254,5.80526275495125,2.1626131218752884,0.0
24.36421,20.57386,52.93364,3174.25834,-3.21623,37.42987,6.016361625164017,2.2412530053751025,0.0
24.39786,20.60214,52.66467,3171.65382,-3.26218,37.44724,6.238069332108752,2.32384495969287,0.0
24.43148,20.63043,52.39236,3168.93335,-3.30211,37.46463,6.470499143003647,2.4104311798476044,0.0
24.46506,20.6587,52.11725,3166.08934,-3.33571,37.48205,6.713705464508169,2.5010319337514844,0.0
24.4986,20.68697,51.83988,3163.11414,-3.36269,37.49948,6.967673311493874,2.595641639049882,0.0
24.5321,20.71524,51.56083,3160.00007,-3.38275,37.51695,7.232307091209161,2.6942246849276286,0.0
24.56556,20.74349,51.28071,3156.73941,-3.39559,37.53443,7.50741883247577,2.796711047175003,0.0
24.59898,20.77173,51.00013,3153.32453,-3.40092,37.55193,7.792716039230912,2.902991763312584,0.0
24.63236,20.79996,50.71974,3149.74793,-3.39847,37.56944,8.087789403108971,3.0129143552046247,0.0
24.66569,20.82818,50.44021,3146.00227,-3.38796,37.58698,8.392100669607853,3.1262783088867683,0.0
24.69897,20.85639,50.16222,3142.08051,-3.36914,37.60452,8.70497101469665,3.2428307445465676,0.0
24.73221,20.88458,49.88648,3137.97595,-3.34176,37.62208,9.025570350821175,3.362262432729168,0.0
24.76539,20.91275,49.61371,3133.68237,-3.30561,37.63964,9.352908039592556,3.484204334569451,0.0
24.79853,20.9409,49.34464,3129.19406,-3.2605,37.65721,9.685825538497276,3.6082248624980435,0.0
24.83161,20.96904,49.08003,3124.50598,-3.20628,37.67479,10.022991545873712,3.733828071617336,0.0
24.86463,20.99715,48.82063,3119.61385,-3.14282,37.69237,10.362900226245776,3.8604529985915694,0.0
24.8976,21.02524,48.56719,3114.51424,-3.07005,37.70995,10.703873091337039,3.9874743623740896,0.0
24.93051,21.0533,48.32047,3109.20471,-2.98793,37.72753,11.044065075028863,4.114204827289093,0.0
24.96336,21.08134,48.08123,3103.68387,-2.89648,37.7451,11.381475268430671,4.239899002127758,0.0
24.99614,21.10935,47.85021,3097.95151,-2.79577,37.76267,11.713962671084206,4.363759307886269,0.0
25.02886,21.13733,47.62815,3092.00867,-2.68595,37.78023,12.039267164715305,4.484943791040214,0.0
25.06152,21.16527,47.41576,3085.85774,-2.5672,37.79778,12.355035729182795,4.602575889675317,0.0
25.0941,21.19318,47.21372,3079.50247,-2.43978,37.81531,12.658853700911516,4.715756078076209,0.0
25.12661,21.22106,47.0227,3072.94807,-2.30403,37.83283,12.948280631467194,4.823575224989063,0.0
25.15905,21.24889,46.8433,3066.20118,-2.16034,37.85033,13.220890049759156,4.925129406088302,0.0
25.19141,21.27669,46.67613,3059.26991,-2.00918,37.86782,13.474312181497847,5.019535818098554,0.0
25.22369,21.30444,46.5217,3052.16379,-1.85107,37.88528,13.706278451016802,5.105949356894243,0.0
25.25589,21.33215,46.38051,3044.8937,-1.68663,37.90271,13.914666402016522,5.18357935165862,0.0
25.28801,21.35981,46.25298,3037.47185,-1.51649,37.92012,14.097543542256432,5.25170589818514,0.0
25.32005,21.38743,46.13947,3029.91162,-1.34139,37.93751,14.253208557705197,5.309695212232863,0.0
25.352,21.415,46.04028,3022.22745,-1.16207,37.95486,14.38022836411739,5.357013432213654,0.0
25.38387,21.44251,45.95566,3014.43471,-0.97934,37.97219,14.477469573049406,5.3932383411110205,0.0
25.41565,21.46998,45.88576,3006.54952,-0.79405,37.98948,14.544123142368974,5.418068549443517,0.0
25.44733,21.49739,45.83068,2998.58856,-0.60704,38.00675,14.579721248940086,5.431329780783811,0.0
25.47893,21.52475,45.79045,2990.56893,-0.41921,38.02398,14.584145747513645,5.432978022918026,0.0
25.51044,21.55205,45.76501,2982.50787,-0.23144,38.04118,14.557627943787962,5.4230994433048,0.0
25.54185,21.5793,45.75425,2974.42268,-0.0446,38.05834,14.50073978707543,5.401907108111895,0.0
25.57317,21.60649,45.75799,2966.33042,0.14044,38.07547,14.41437695349894,5.369734680261742,0.0
25.6044,21.63362,45.77597,2958.24781,0.32283,38.09257,14.299734620858047,5.327027394931696,0.0
25.63554,21.6607,45.80788,2950.19103,0.50176,38.10963,14.158277010901408,5.274330713249126,0.0
25.66658,21.68772,45.85334,2942.17558,0.67646,38.12666,13.99170197886676,5.212277130963351,0.0
25.69753,21.71468,45.91194,2934.21615,0.84619,38.14366,13.801902055695797,5.141571665645633,0.0
25.72839,21.74159,45.98318,2926.32648,1.01029,38.16063,13.590923392901635,5.062976562572094,0.0
25.75915,21.76843,46.06655,2918.51934,1.16813,38.17757,13.360924028260062,4.977295747595612,0.0
25.78983,21.79523,46.16148,2910.80638,1.31915,38.19447,13.114132791735562,4.885359518521999,0.0
25.82041,21.82196,46.26737,2903.19817,1.46285,38.21135,12.852810018265943,4.788009909588581,0.0
25.85091,21.84865,46.38361,2895.70411,1.59879,38.22821,12.579211042821278,4.686087092413145,0.0
25.88132,21.87527,46.50953,2888.33244,1.72661,38.24503,12.295553239400968,4.580417097153088,0.0
25.91164,21.90185,46.64446,2881.0903,1.84599,38.26184,12.003987144445286,4.4718010552164325,0.0
25.94188,21.92837,46.78772,2873.98369,1.95669,38.27862,11.706571989899208,4.361006084684333,0.0
25.97203,21.95485,46.93862,2867.01757,2.05851,38.29538,11.405255772700178,4.248757865670873,0.0
26.0021,21.98127,47.09644,2860.19586,2.15133,38.31213,11.101859813460738,4.135734888026055,0.0
26.03209,22.00765,47.26049,2853.52155,2.23506,38.32886,10.79806761269073,4.0225642999853575,0.0
26.06201,22.03398,47.43006,2846.99673,2.30968,38.34557,10.495417699952679,3.909819244291971,0.0
26.09184,22.06026,47.60446,2840.62268,2.37519,38.36228,10.195300090019286,3.7980175380222168,0.0
26.1216,22.0865,47.78301,2834.39993,2.43166,38.37897,9.898955908213289,3.6876215330147857,0.0
26.15129,22.1127,47.96501,2828.32835,2.47917,38.39565,9.60747972152876,3.5790389842747636,0.0
26.18091,22.13885,48.14981,2822.40718,2.51785,38.41233,9.321824108843375,3.4726247524979406,0.0
26.21045,22.16497,48.33677,2816.63517,2.54785,38.429,9.04280601807119,3.368683172277498,0.0
26.23993,22.19105,48.52524,2811.01057,2.56936,38.44567,8.771114486242338,3.267470928036814,0.0
26.26934,22.2171,48.71461,2805.53126,2.58258,38.46234,8.507319336082695,3.1692002937342156,0.0
26.29869,22.2431,48.90429,2800.19476,2.58772,38.47901,8.25188050610101,3.0740426085659225,0.0
26.32797,22.26908,49.0937,2794.9983,2.58501,38.49568,8.005157717457992,2.982131878129135,0.0
26.3572,22.29502,49.28228,2789.9389,2.57472,38.51236,7.76742022743705,2.8935684078465047,0.0
26.38636,22.32093,49.46951,2785.01336,2.55708,38.52904,7.538856464306466,2.8084223922058142,0.0
26.41547,22.34682,49.65487,2780.21835,2.53237,38.54574,7.319583380453823,2.726737399048641,0.0
26.44452,22.37267,49.83787,2775.5504,2.50085,38.56244,7.109655398852016,2.648533702364342,0.0
26.47351,22.3985,50.01805,2771.00599,2.46279,38.57915,6.909072861793158,2.5738114296657373,0.0
26.50245,22.4243,50.19494,2766.58151,2.41847,38.59587,6.717789920118779,2.5025535009349316,0.0
26.53134,22.45008,50.36814,2762.27334,2.36815,38.61261,6.53572182599579,2.4347283453742494,0.0
26.56018,22.47583,50.53723,2758.07784,2.31211,38.62936,6.362751612782018,2.3702923898319046,0.0
26.58897,22.50156,50.70182,2753.99139,2.25061,38.64613,6.198736162039618,2.3091923189241275,0.0
26.61771,22.52727,50.86156,2750.01036,2.18393,38.66292,6.043511670753408,2.2513671117178435,0.0
26.6464,22.55296,51.0161,2746.13117,2.11231,38.67973,5.896898541585827,2.196749863479323,0.0
26.67505,22.57863,51.16511,2742.35027,2.03603,38.69655,5.758705726161829,2.1452694036620765,0.0
26.70365,22.60428,51.30829,2738.66416,1.95533,38.7134,5.628734556183487,2.096851723097848,0.0
26.73221,22.62992,51.44535,2735.06938,1.87046,38.73027,5.506782100151316,2.051421224463629,0.0
26.76072,22.65553,51.57602,2731.56254,1.78167,38.74716,5.392644084865047,2.0089018106175693,0.0
26.7892,22.68114,51.70005,2728.14028,1.68918,38.76408,5.286117421134018,1.9692178254925492,0.0
26.81763,22.70672,51.8172,2724.79931,1.59325,38.78102,5.187002372352531,1.9322948619475597,0.0
26.84602,22.73229,51.92726,2721.53638,1.49408,38.79798,5.095104403227242,1.8980604504672973,0.0
26.87437,22.75785,52.03002,2718.34831,1.3919,38.81497,5.010235743977011,1.8664446418677687,0.0
26.90269,22.7834,52.12529,2715.23194,1.28694,38.83199,4.93221670308131,1.8373804963296076,0.0
26.93096,22.80893,52.21291,2712.18417,1.1794,38.84904,4.860876759157779,1.8108044901511984,0.0
26.9592,22.83445,52.29272,2709.20195,1.0695,38.86611,4.796055459947898,1.7866568506444886,0.0
26.9874,22.85996,52.36457,2706.28224,0.95742,38.88321,4.7376031537754155,1.7648818286225016,0.0
27.01556,22.88546,52.42834,2703.42204,0.84339,38.90034,4.68538157620982,1.7454279169469162,0.0
27.04369,22.91095,52.48391,2700.61838,0.72758,38.9175,4.639264312151957,1.7282480226671164,0.0
27.07179,22.93643,52.53119,2697.86831,0.6102,38.93469,4.599137151081747,1.7132995993593125,0.0
27.09985,22.9619,52.57008,2695.16887,0.49144,38.95191,4.564898350890447,1.7005447454110019,0.0
27.12787,22.98736,52.60051,2692.51713,0.37148,38.96916,4.536458823479656,1.6899502731614806,0.0
27.15586,23.01281,52.62243,2689.91015,0.25051,38.98644,4.513742253223991,1.6814877530323098,0.0
27.18382,23.03825,52.63578,2687.34498,0.12871,39.00376,4.496685157381253,1.6751335360316877,0.0
27.21174,23.06368,52.64053,2684.81866,0.00626,39.0211,4.485236895674708,1.6708687573241054,0.0
27.23963,23.08911,52.63666,2682.32821,-0.11665,39.03848,4.479359634458726,1.6686793228811025,0.0
27.26749,23.11453,52.62415,2679.87062,-0.23985,39.05588,4.479028269200559,1.6685558806036906,0.0
27.29532,23.13994,52.60301,2677.44284,-0.36315,39.07332,4.484230307332094,1.670493776681548,0.0
27.32311,23.16535,52.57325,2675.04178,-0.48637,39.09079,4.494965711989537,1.6744929973819427,0.0
27.35087,23.19074,52.53489,2672.66431,-0.60934,39.10829,4.511246705557658,1.6805580958647897,0.0
27.3786,23.21613,52.48799,2670.30723,-0.73186,39.12583,4.533097530469601,1.6886981030742936,0.0
27.4063,23.24152,52.43259,2667.96729,-0.85377,39.14339,4.560554163157173,1.6989264211778992,0.0
27.43397,23.26689,52.36875,2665.64117,-0.97487,39.16099,4.593663975590311,1.7112606974808386,0.0
27.4616,23.29226,52.29656,2663.32546,-1.09499,39.17862,4.632485337309,1.7257226761725524,0.0
27.4892,23.31763,52.2161,2661.01669,-1.21392,39.19627,4.677087149347714,1.7423380247012767,0.0
27.51678,23.34298,52.12747,2658.71127,-1.33148,39.21396,4.727548299954992,1.7611361310152673,0.0
27.54432,23.36833,52.0308,2656.40554,-1.44748,39.23168,4.783957030454048,1.782149867329191,0.0
27.57182,23.39367,51.92621,2654.09572,-1.56172,39.24943,4.846410198129307,1.8054153155299637,0.0
27.5993,23.41901,51.81385,2651.77796,-1.674,39.26721,4.915012421498458,1.8309714487681037,0.0
27.62674,23.44434,51.69387,2649.44825,-1.78411,39.28502,4.989875091918578,1.8588597632550048,0.0
27.65415,23.46966,51.56645,2647.1025,-1.89185,39.30286,5.071115234144774,1.8891238537910515,0.0
27.68153,23.49497,51.43177,2644.73647,-1.99701,39.32072,5.158854197236076,1.921808926093619,0.0
27.70888,23.52028,51.29003,2642.34584,-2.09937,39.33862,5.253216156208786,1.95696123862352,0.0
27.73619,23.54557,51.14145,2639.92612,-2.1987,39.35654,5.3543264040743885,1.9946274663241903,0.0
27.76347,23.57086,50.98627,2637.47272,-2.29479,39.37448,5.462309413540425,2.034853978554263,0.0
27.79072,23.59614,50.82472,2634.98092,-2.3874,39.39246,5.577286647690406,2.0776860235082326,0.0
27.81793,23.62141,50.65707,2632.44587,-2.4763,39.41046,5.699374099619483,2.1231668116660045,0.0
27.84511,23.64668,50.4836,2629.8626,-2.56125,39.42848,5.828679542357204,2.1713364913167643,0.0
27.87225,23.67193,50.3046,2627.22603,-2.64202,39.44652,5.965299472635335,2.222231010032077,0.0
27.89936,23.69717,50.1204,2624.53095,-2.71835,39.46459,6.1093157352898,2.2758808571667912,0.0
27.92643,23.7224,49.9313,2621.77207,-2.79,39.48268,6.26079181954323,2.332309684126839,0.0
27.95346,23.74762,49.73767,2618.94398,-2.85672,39.50079,6.419768824213151,2.391532801303123,0.0
27.98046,23.77282,49.53985,2616.04122,-2.91825,39.51892,6.586261096240633,2.4535555533086844,0.0
28.00742,23.79801,49.33824,2613.05825,-2.97434,39.53707,6.760251555972797,2.5183715775234328,0.0
28.03434,23.82319,49.13322,2609.98948,-3.02475,39.55523,6.941686733452216,2.5859609549813447,0.0
28.06122,23.84836,48.92521,2606.82932,-3.06921,39.57342,7.130471552696709,2.656288267377461,0.0
28.08806,23.87351,48.71464,2603.57216,-3.10749,39.59161,7.326463915519653,2.7293005793984357,0.0
28.11486,23.89864,48.50195,2600.21243,-3.13933,39.60982,7.529469152838774,2.804925371689069,0.0
28.14162,23.92376,48.2876,2596.74462,-3.16449,39.62804,7.739234429377334,2.8830684564562796,0.0
28.16833,23.94886,48.07207,2593.16333,-3.18275,39.64627,7.955443206883695,2.963611914872711,0.0
28.195,23.97394,47.85584,2589.46328,-3.19389,39.66451,8.177709890966351,3.0464121028819267,0.0
28.22163,23.999,47.63942,2585.6394,-3.19769,39.68275,8.405574806702445,3.1312977794803873,0.0
28.2482,24.02404,47.42332,2581.68681,-3.19397,39.701,8.638499667389421,3.2180684187082176,0.0
28.27474,24.04906,47.20807,2577.60094,-3.18255,39.71925,8.875863718245528,3.30649277307617,0.0
28.30122,24.07405,46.9942,2573.37752,-3.16327,39.73751,9.116960751155988,3.396307761480039,0.0
28.32765,24.09902,46.78224,2569.01269,-3.136,39.75576,9.360997196386212,3.4872177583136135,0.0
28.35404,24.12396,46.57276,2564.50301,-3.10064,39.77402,9.607091501079955,3.578894361942889,0.0
28.38037,24.14888,46.36629,2559.84553,-3.05709,39.79227,9.854275000789107,3.6709767193738503,0.0
28.40664,24.17377,46.16338,2555.03785,-3.00533,39.81051,10.101494477904915,3.7630724793354133,0.0
28.43287,24.19863,45.9646,2550.0782,-2.94534,39.82875,10.347616578370701,3.854759437621127,0.0
0.04902,0.04902,58.9303,5185.27723,-0.46753,45.0001,6.907262545881357,2.5731370393563133,0.0
0.09801,0.09801,58.8691,5181.51729,-0.4343,45.00025,6.9568725952496635,2.591618088064965,0.0
0.14697,0.14697,58.8125,5177.72234,-0.40036,45.00045,7.002205360979311,2.608505736076112,0.0
0.19588,0.19589,58.76059,5173.89465,-0.36579,45.00069,7.0430955651008995,2.6237384129974246,0.0
0.24476,0.24477,58.71343,5170.03658,-0.33067,45.00098,7.0793949640588565,2.637260894203932,0.0
0.29361,0.29362,58.67109,5166.15063,-0.29507,45.00132,7.11097363857536,2.6490247813462626,0.0
0.34242,0.34243,58.63363,5162.23933,-0.25906,45.0017,7.137721133123693,2.6589889268344544,0.0
0.39119,0.3912,58.60108,5158.30533,-0.22274,45.00213,7.159547427317051,2.667119795705844,0.0
0.43992,0.43994,58.57348,5154.35133,-0.18618,45.00261,7.17638372403436,2.673391759222668,0.0
0.48862,0.48865,58.55084,5150.38008,-0.14947,45.00313,7.188183041954766,2.6777873156067584,0.0
0.53728,0.53731,58.53317,5146.39437,-0.1127,45.0037,7.194920603352391,2.6802972345032834,0.0
0.5859,0.58594,58.52047,5142.39703,-0.07593,45.00431,7.196594011407131,2.68092062303369,0.0
0.63448,0.63454,58.51272,5138.39089,-0.03927,45.00497,7.193223214791265,2.679664912603283,0.0
0.68303,0.68309,58.50989,5134.3788,-0.00279,45.00567,7.18485026089537,2.676545766971386,0.0
0.73153,0.73161,58.51195,5130.36361,0.03342,45.00643,7.171538842533962,2.671586913387266,0.0
0.78,0.7801,58.51885,5126.34811,0.06929,45.00722,7.153373646422968,2.6648198998808454,0.0
0.82843,0.82854,58.53053,5122.33509,0.10472,45.00807,7.130459514807679,2.656283782947061,0.0
0.87682,0.87695,58.54691,5118.3273,0.13964,45.00895,7.102920434531969,2.6460247509475483,0.0
0.92517,0.92532,58.56792,5114.32741,0.17398,45.00989,7.0708983703426584,2.634095689485813,0.0
0.97348,0.97366,58.59347,5110.33804,0.20765,45.01087,7.034551961242175,2.620555695764304,0.0
1.02175,1.02196,58.62345,5106.36175,0.24059,45.01189,6.9940551004251565,2.605469549573428,0.0
1.06999,1.07022,58.65776,5102.40099,0.27274,45.01296,6.949595420377273,2.5889071489510056,0.0
1.11818,1.11845,58.69627,5098.45812,0.30401,45.01408,6.901372705468694,2.5709429188315682,0.0
1.16634,1.16664,58.73887,5094.53543,0.33436,45.01524,6.849597254507108,2.5516552010542743,0.0
1.21446,1.2148,58.78542,5090.63508,0.36371,45.01644,6.794488215451673,2.53112563400004,0.0
1.26254,1.26292,58.83577,5086.75912,0.39203,45.0177,6.736271913825959,2.5094385298813777,0.0
1.31058,1.311,58.88978,5082.9095,0.41924,45.019,6.675180195247804,2.486680257291158,0.0
1.35859,1.35905,58.94729,5079.08805,0.44532,45.02034,6.611448801128078,2.4629386361076597,0.0
1.40655,1.40707,59.00815,5075.29645,0.47021,45.02173,6.545315794891455,2.4383023512203996,0.0
1.45448,1.45505,59.07219,5071.5363,0.49388,45.02317,6.477020054190326,2.4128603908401414,0.0
1.50238,1.503,59.13924,5067.80905,0.51628,45.02465,6.406799842529228,2.3867015143914174,0.0
1.55023,1.55091,59.20913,5064.11603,0.5374,45.02618,6.334891471607309,2.359913754199894,0.0
1.59805,1.59879,59.28167,5060.45845,0.55719,45.02775,6.261528063466775,2.332583954360103,0.0
1.64583,1.64664,59.3567,5056.8374,0.57564,45.02937,6.18693841943269,2.304797349385756,0.0
1.69358,1.69446,59.43403,5053.25383,0.59273,45.03104,6.111346000684735,2.276637184445902,0.0
1.74129,1.74224,59.51346,5049.7086,0.60844,45.03276,6.034968023351797,2.248184378263851,0.0
1.78896,1.79,59.59483,5046.20244,0.62275,45.03452,5.958014669114552,2.2195172290458687,0.0
1.8366,1.83772,59.67794,5042.73596,0.63567,45.03633,5.88068841065909,2.1907111631949,0.0
1.8842,1.88541,59.76261,5039.30966,0.64718,45.03818,5.803183449756967,2.161838525980606,0.0
1.93177,1.93307,59.84864,5035.92396,0.65728,45.04009,5.725685264457903,2.132968412856728,0.0
1.97931,1.9807,59.93585,5032.57916,0.66598,45.04204,5.648370260731861,2.104166539688597,0.0
2.02681,2.02831,60.02406,5029.27545,0.67327,45.04404,5.571405522991662,2.0754951498162466,0.0
2.07428,2.07588,60.11308,5026.01296,0.67917,45.04608,5.494948657157089,2.0470129555916556,0.0
2.12172,2.12343,60.20273,5022.79171,0.68367,45.04818,5.419147719408044,2.0187751118374306,0.0
2.16912,2.17094,60.29282,5019.61164,0.68681,45.05032,5.344141223379854,1.9908332185272433,0.0
2.21649,2.21843,60.38317,5016.47262,0.68858,45.05251,5.27005821831677,1.9632353499000676,0.0
2.26383,2.2659,60.47362,5013.37443,0.68901,45.05475,5.197018430657385,1.936026107204472,0.0
2.31114,2.31334,60.56398,5010.31681,0.68811,45.05704,5.125132461551347,1.9092466922787918,0.0
2.35841,2.36075,60.65408,5007.29941,0.6859,45.05937,5.054502032966673,1.8829349992325783,0.0
2.40563,2.40816,60.74188,5004.32518,0.65391,45.12582,4.986536615878628,1.857616093089532,47.999999181208274
2.45277,2.4556,60.82538,5001.39599,0.62106,45.19151,4.922547887872487,1.833778608262482,47.999999181208274
2.49982,2.50307,60.90448,4998.50986,0.58742,45.25651,4.862469200972447,1.8113977166268276,47.999999181208274
2.54679,2.55056,60.97908,4995.66481,0.55301,45.32085,4.806238449440653,1.790450282161118,47.999999181208274
2.59369,2.59809,61.0491,4992.85889,0.51789,45.38459,4.753795596326161,1.7709139395214595,47.999999181208274
2.6405,2.64564,61.11444,4990.09018,0.4821,45.44777,4.705083011811937,1.7527672200846738,47.999999181208274
2.68724,2.69321,61.17504,4987.35676,0.44569,45.51044,4.660045771938699,1.7359896632307934,47.999999181208274
2.7339,2.74081,61.23081,4984.65676,0.40869,45.57264,4.618631921341267,1.7205619142192599,47.999999181208274
2.78048,2.78844,61.28168,4981.9883,0.37115,45.63443,4.580792703387298,1.7064658099216625,47.999999181208274
2.82699,2.8361,61.3276,4979.34954,0.3331,45.69583,4.546482760855292,1.6936844535795712,47.999999181208274
2.87342,2.88378,61.36851,4976.73862,0.2946,45.75691,4.515660310019879,1.6822022796558895,47.999999181208274
2.91977,2.93149,61.40435,4974.15372,0.25567,45.8177,4.488287290779058,1.6720051097612016,47.999999181208274
2.96605,2.97922,61.43508,4971.59304,0.21636,45.87825,4.46432949516847,1.6630802005287166,47.999999181208274
3.01226,3.02699,61.46066,4969.05475,0.17672,45.93859,4.443756676393484,1.6554162842315945,47.999999181208274
3.05839,3.07477,61.48105,4966.53705,0.13677,45.99878,4.426542640225242,1.6490036028303738,47.999999181208274
3.10445,3.12259,61.49622,4964.03815,0.09656,46.05885,4.412665320392665,1.6438339360584786,47.999999181208274
3.15044,3.17043,61.50614,4961.55625,0.05612,46.11885,4.40210683934272,1.6399006240570175,47.999999181208274
3.19635,3.21829,61.51079,4959.08954,0.0155,46.17882,4.394853555522185,1.6371985849884854,47.999999181208274
3.2422,3.26619,61.51016,4956.63623,-0.02526,46.2388,4.390896098086004,1.6357243279665359,47.999999181208274
3.28796,3.3141,61.50423,4954.19451,-0.06614,46.29884,4.390229389735336,1.6354759615637597,47.999999181208274
3.33366,3.36205,61.493,4951.76256,-0.10708,46.35897,4.392852658146397,1.6364531980692258,47.999999181208274
3.37928,3.41002,61.47647,4949.33855,-0.14806,46.41924,4.398769436230987,1.6386573535855364,47.999999181208274
3.42483,3.45802,61.45463,4946.92065,-0.18903,46.47969,4.407987551268496,1.6420913439802125,47.999999181208274
3.47031,3.50605,61.42751,4944.507,-0.22995,46.54037,4.420519102706103,1.6467596766156836,47.999999181208274
3.51571,3.5541,61.39511,4942.09574,-0.27079,46.60131,4.436380428228931,1.6526684377095286,47.999999181208274
3.56105,3.60219,61.35744,4939.68495,-0.31151,46.66256,4.455592057467234,1.659825275089184,47.999999181208274
3.6063,3.6503,61.31455,4937.27275,-0.35206,46.72417,4.478178652483229,1.6682393760217242,47.999999181208274
3.65149,3.69843,61.26644,4934.85717,-0.39242,46.78617,4.504168933990681,1.6779214397287132,47.999999181208274
3.6966,3.7466,61.21316,4932.43627,-0.43253,46.84862,4.533595591982019,1.6888836440924564,47.999999181208274
3.74163,3.79479,61.15475,4930.00804,-0.47236,46.91156,4.566495179257907,1.7011396059929635,47.999999181208274
3.78659,3.84301,61.09125,4927.57045,-0.51187,46.97503,4.6029079860991935,1.7147043346199522,47.999999181208274
3.83148,3.89126,61.02271,4925.12144,-0.55101,47.03908,4.642877894090469,1.729594177018275,47.999999181208274
3.87629,3.93955,60.94918,4922.65893,-0.58975,47.10376,4.686452206887237,1.7458267550442428,47.999999181208274
3.92102,3.98785,60.87072,4920.18076,-0.62805,47.16911,4.733681455455815,1.7634208928123576,47.999999181208274
3.96567,4.03619,60.7874,4917.68477,-0.66585,47.23519,4.784619175119805,1.7823965336392598,47.999999181208274
4.01025,4.08456,60.6993,4915.16874,-0.70312,47.30203,4.839321651481553,1.8027746453927873,47.999999181208274
4.05474,4.13296,60.60648,4912.63042,-0.73981,47.36971,4.897847632098195,1.824577113083715,47.999999181208274
4.09916,4.1814,60.50903,4910.06749,-0.77588,47.43825,4.960258000565985,1.847826617453591,47.999999181208274
4.14349,4.22986,60.40705,4907.47761,-0.81129,47.50773,5.026615409467459,1.872546498237897,47.999999181208274
4.18774,4.27835,60.30061,4904.85838,-0.84597,47.57818,5.096983868478014,1.898760600724917,47.999999181208274
4.23191,4.32688,60.18983,4902.20735,-0.8799,47.64966,5.171428283775195,1.9264931041735691,47.999999181208274
4.276,4.37543,60.0748,4899.52204,-0.91302,47.72224,5.25001394477684,1.9557683306098663,47.999999181208274
4.32,4.42403,59.95565,4896.7999,-0.94528,47.79596,5.332805954171269,1.9866105324981627,47.999999181208274
4.36391,4.47265,59.83249,4894.03833,-0.97663,47.87088,5.419868597208606,2.0190436577855766,47.999999181208274
4.40773,4.52131,59.70544,4891.23471,-1.00703,47.94705,5.511264646241882,2.053091090825251,47.999999181208274
4.45147,4.57,59.57464,4888.38635,-1.03641,48.02455,5.607054596660357,2.0887753677414156,47.999999181208274
4.49511,4.61873,59.44023,4885.49051,-1.06474,48.10342,5.70729583057621,2.1261178648806713,47.999999181208274
4.53866,4.66749,59.30234,4882.54442,-1.09195,48.18374,5.812041704956334,2.1651384591170917,47.999999181208274
4.58211,4.71629,59.16114,4879.54527,-1.118,48.26555,5.921340561329452,2.205855158942068,47.999999181208274
4.62547,4.76512,59.01678,4876.49019,-1.14283,48.34892,6.035234654817756,2.248283705500417,47.999999181208274
4.66873,4.81399,58.86941,4873.37629,-1.16639,48.43392,6.1537590009619025,2.2924371430023465,47.999999181208274
4.71189,4.8629,58.71923,4870.20065,-1.18862,48.52061,6.2769401397427025,2.3383253582890187,47.999999181208274
4.75494,4.91184,58.56639,4866.96033,-1.20947,48.60905,6.404794817319069,2.3859545897452445,47.999999181208274
4.7979,4.96082,58.4111,4863.65235,-1.22888,48.69931,6.537328587312263,2.435326906241071,47.999999181208274
4.84074,5.00985,58.25354,4860.27373,-1.24679,48.79146,6.674534335001651,2.48643965735586,47.999999181208274
4.88348,5.05891,58.09391,4856.82149,-1.26316,48.88555,6.816390729556912,2.539284896794071,47.999999181208274
4.92611,5.10801,57.93241,4853.29263,-1.27793,48.98165,6.962860611448649,2.5938487816532763,47.999999181208274
4.96862,5.15715,57.76926,4849.68418,-1.29104,49.07983,7.113889324397672,2.6501109510313854,47.999999181208274
5.01102,5.20633,57.60468,4845.9932,-1.30244,49.18015,7.269403003673851,2.7080438883729254,47.999999181208274
5.0533,5.25556,57.43889,4842.21676,-1.31207,49.28267,7.429306835279614,2.7676122729690955,47.999999181208274
5.09545,5.30482,57.27213,4838.35198,-1.31989,49.38746,7.593483303359298,2.8287723270716336,47.999999181208274
5.13749,5.35413,57.10462,4834.39606,-1.32585,49.49458,7.761790446237629,2.8914711662212618,47.999999181208274
5.1794,5.40348,56.93663,4830.34626,-1.32989,49.60408,7.934060144609515,2.955646161553349,47.999999181208274
5.22117,5.45288,56.76839,4826.19992,-1.33196,49.71602,8.110096468574406,3.0212243240247156,47.999999181208274
5.26282,5.50232,56.60016,4821.9545,-1.33204,49.83046,8.289674113324041,3.088121721666156,47.999999181208274
5.30433,5.55181,56.4322,4817.60759,-1.33006,49.94745,8.4725369563487,3.1562429421038125,47.999999181208274
5.3457,5.60134,56.26477,4813.15689,-1.326,50.06703,8.658396771742234,3.2254806136039633,47.999999181208274
5.38693,5.65091,56.09814,4808.6003,-1.31982,50.18925,8.846932139677536,3.2957149988239474,47.999999181208274
5.42802,5.70054,55.93259,4803.93588,-1.31148,50.31415,9.037787590997484,3.366813676149778,47.999999181208274
5.46895,5.75021,55.76838,4799.16189,-1.30097,50.44177,9.230573028206726,3.438631324000357,47.999999181208274
5.50974,5.79992,55.6058,4794.27681,-1.28825,50.57213,9.42486346465645,3.5110096236669297,47.999999181208274
5.55037,5.84969,55.44512,4789.27938,-1.27332,50.70527,9.620199123303044,3.583777296103287,47.999999181208274
5.59084,5.8995,55.28661,4784.16858,-1.25615,50.84119,9.816085934952469,3.656750287534906,47.999999181208274
5.63115,5.94936,55.13057,4778.94368,-1.23675,50.97992,10.011996473208077,3.729732117751614,47.999999181208274
5.6713,5.99927,54.97726,4773.60426,-1.21511,51.12146,10.207371359350761,3.802514403462402,47.999999181208274
5.71128,6.04923,54.82697,4768.15022,-1.19124,51.2658,10.40162116499561,3.8748775670850972,47.999999181208274
5.75109,6.09924,54.67997,4762.5818,-1.16515,51.41294,10.594128833573892,3.9465917388121103,47.999999181208274
5.79072,6.1493,54.53653,4756.89958,-1.13688,51.56285,10.78425263345712,4.0174178567268575,47.999999181208274
5.83018,6.1994,54.39692,4751.10454,-1.10644,51.71552,10.971329645975755,4.087108966182492,47.999999181208274
5.86945,6.24956,54.26139,4745.19802,-1.07387,51.8709,11.154679780791984,4.155411715633927,47.999999181208274
5.90854,6.29977,54.1302,4739.18176,-1.03923,52.02895,11.333610299285755,4.222068041718141,47.999999181208274
5.94745,6.35003,54.00361,4733.05792,-1.00256,52.18961,11.507420814016022,4.286817031685044,47.999999181208274
5.98616,6.40033,53.88184,4726.82904,-0.96392,52.35282,11.675408719335767,4.349396946444454,47.999999181208274
6.02467,6.45069,53.76513,4720.49808,-0.9234,52.51851,11.836874995158052,4.409547382621661,47.999999181208274
6.06299,6.50109,53.65369,4714.06841,-0.88106,52.6866,11.991130313155137,4.467011547277261,47.999999181208274
6.10112,6.55155,53.54773,4707.54381,-0.83701,52.85698,12.137501362917703,4.52153861456792,47.999999181208274
6.13903,6.60205,53.44745,4700.92844,-0.79133,53.02956,12.27533730494992,4.5728861296568235,47.999999181208274
6.17675,6.65261,53.35302,4694.22683,-0.74412,53.20422,12.404016248738055,4.620822421964683,47.999999181208274
6.21426,6.70321,53.26461,4687.44391,-0.69551,53.38085,12.522951647534052,4.6651289873948745,47.999999181208274
6.25155,6.75385,53.18237,4680.58493,-0.64561,53.55932,12.63159849761731,4.705602797721559,47.999999181208274
6.28864,6.80455,53.10643,4673.65547,-0.59455,53.73949,12.729459228739312,4.742058494935308,47.999999181208274
6.32551,6.85529,53.03691,4666.66141,-0.54246,53.92121,12.816089174564251,4.774330429126154,47.999999181208274
6.36217,6.90608,52.97391,4659.60889,-0.48948,54.10434,12.891101517162767,4.802274500437621,47.999999181208274
6.39861,6.95691,52.91751,4652.50428,-0.43575,54.28873,12.95417160801975,4.825769768755811,47.999999181208274
6.43483,7.00779,52.86778,4645.35416,-0.38142,54.4742,13.005040579453116,4.8447197990579305,47.999999181208274
6.47083,7.05871,52.82475,4638.16528,-0.32664,54.66061,13.043518174303363,4.859053715546099,47.999999181208274
6.50661,7.10968,52.78846,4630.9445,-0.27157,54.84777,13.069484738129667,4.868726943792811,47.999999181208274
6.54217,7.16069,52.75891,4623.69877,-0.21635,55.03552,13.082892336142603,4.8737216268277646,47.999999181208274
6.57751,7.21173,52.73608,4616.43509,-0.16114,55.22369,13.08376497627345,4.874046708237048,47.999999181208274
6.61263,7.26282,52.71994,4609.16047,-0.10611,55.4121,13.072197939398944,4.86973768265424,47.999999181208274
6.64753,7.31395,52.71045,4601.88187,-0.0514,55.6006,13.048356237225915,4.8608560212818475,47.999999181208274
6.6822,7.36511,52.70753,4594.60619,0.00284,55.78899,13.012472236989872,4.847488287029051,47.999999181208274
6.71665,7.41631,52.7111,4587.34022,0.05644,55.97713,12.964842509241329,4.829744960229159,47.999999181208274
6.75088,7.46755,52.72105,4580.0906,0.10928,56.16485,12.905823970305892,4.80775900160449,47.999999181208274
6.78489,7.51882,52.73726,4572.86381,0.1612,56.35199,12.835829403763062,4.781684183899401,47.999999181208274
6.81868,7.57013,52.7596,4565.66609,0.21207,56.5384,12.75532245540245,4.751693227369776,47.999999181208274
6.85225,7.62147,52.7879,4558.50345,0.26175,56.72392,12.664812203256929,4.717975776977509,47.999999181208274
6.8856,7.67284,52.82201,4551.38167,0.31013,56.90843,12.56484740844801,4.6807362606791365,47.999999181208274
6.91874,7.72424,52.86175,4544.30619,0.35707,57.09178,12.456010553739064,4.6401916686300595,47.999999181208274
6.95167,7.77567,52.90691,4537.2822,0.40248,57.27385,12.338911775045798,4.59656929251252,47.999999181208274
6.98438,7.82713,52.95729,4530.31452,0.44624,57.45452,12.214182786902674,4.550104462612015,47.999999181208274
7.01688,7.87861,53.01269,4523.40768,0.48827,57.63368,12.082470896398691,4.50103831785087,47.999999181208274
7.04917,7.93012,53.07286,4516.56584,0.52846,57.81122,11.944433191758709,4.4496156408818806,47.999999181208274
7.08125,7.98166,53.13758,4509.79283,0.56674,57.98707,11.800730981911101,4.396082786680947,47.999999181208274
7.11313,8.03322,53.2066,4503.09213,0.60304,58.16113,11.652024552546193,4.34068572904088,47.999999181208274
7.14481,8.0848,53.27968,4496.46684,0.6373,58.33333,11.49896829272814,4.283668245106088,47.999999181208274
7.17629,8.13641,53.35655,4489.91976,0.66945,58.5036,11.342206234403928,4.225270253722326,47.999999181208274
7.20757,8.18804,53.43697,4483.4533,0.69945,58.67189,11.182368035676326,4.165726319100175,47.999999181208274
7.23865,8.23968,53.52066,4477.06958,0.72726,58.83815,11.02006542760543,4.105264327155136,47.999999181208274
7.26954,8.29135,53.60736,4470.77035,0.75286,59.00234,10.855889133960767,4.044104338034233,47.999999181208274
7.30025,8.34304,53.6968,4464.55707,0.7762,59.16442,10.69040626389205,3.982457614817276,47.999999181208274
7.33076,8.39474,53.78871,4458.43089,0.79728,59.32438,10.524158169138019,3.9205258252707664,47.999999181208274
7.3611,8.44646,53.88282,4452.39266,0.81609,59.48219,10.357658750164358,3.8585004108397056,47.999999181208274
7.39125,8.4982,53.97887,4446.44297,0.83262,59.63785,10.191393189603186,3.7965621148204827,47.999999181208274
7.42122,8.54995,54.07657,4440.58213,0.84687,59.79135,10.02581708657002,3.734880659871161,47.999999181208274
7.45101,8.60172,54.17568,4434.81021,0.85886,59.94271,9.861355961755,3.6736145636449407,47.999999181208274
7.48064,8.6535,54.27591,4429.12705,0.86858,60.09192,9.698405100629476,3.6129110803804885,47.999999181208274
7.51009,8.70529,54.37701,4423.53227,0.87607,60.23901,9.537329700551858,3.55290625570273,47.999999181208274
7.53937,8.7571,54.47873,4418.02528,0.88135,60.38399,9.37846528686442,3.4937250816298673,47.999999181208274
7.56849,8.80892,54.5808,4412.60533,0.88444,60.5269,9.22211836322187,3.435481738837875,47.999999181208274
7.59744,8.86076,54.68298,4407.27147,0.88538,60.66777,9.068567262120835,3.3782799135051156,47.999999181208274
7.62623,8.9126,54.78503,4402.02262,0.88419,60.80662,8.918063162929265,3.322213176555077,47.999999181208274
7.65487,8.96446,54.88669,4396.85752,0.88093,60.94349,8.770831246472415,3.2673654137700305,47.999999181208274
7.68335,9.01632,54.98775,4391.77483,0.87563,61.07844,8.627071957263936,3.213811296005324,47.999999181208274
7.71168,9.0682,55.08796,4386.77306,0.86833,61.2115,8.48696234676649,3.161616779589304,47.999999181208274
7.73985,9.12009,55.18711,4381.85062,0.85908,61.34272,8.350657473505706,3.1108396279026023,47.999999181208274
7.76788,9.17198,55.28499,4377.00584,0.84793,61.47215,8.218291838332956,3.0615299460512855,47.999999181208274
7.79576,9.22389,55.38137,4372.23694,0.83493,61.59985,8.089980835620723,3.013730721475312,47.999999181208274
7.8235,9.2758,55.47605,4367.54211,0.82014,61.72586,7.9658222036123965,2.9674783642419915,47.999999181208274
7.85109,9.32772,55.56885,4362.91945,0.8036,61.85024,7.8458974595132345,2.9228032416551306,47.999999181208274
7.87854,9.37965,55.65956,4358.36699,0.78538,61.97306,7.730273307070554,2.8797302026156864,47.999999181208274
7.90586,9.43159,55.74801,4353.88275,0.76552,62.09436,7.619003006528459,2.8382790879659474,47.999999181208274
7.93304,9.48354,55.83401,4349.46468,0.74408,62.21421,7.512127698677365,2.7984652237328245,47.999999181208274
7.96008,9.53549,55.9174,4345.11071,0.72112,62.33267,7.409677676508852,2.760299894852736,47.999999181208274
7.987,9.58745,55.99802,4340.81873,0.69671,62.44979,7.311673599495595,2.7237907975228386,47.999999181208274
8.01378,9.63942,56.0757,4336.58663,0.67088,62.56565,7.218127646906178,2.6889424688411343,47.999999181208274
8.04043,9.6914,56.1503,4332.41224,0.64372,62.68029,7.129044607775957,2.655756692849301,47.999999181208274
8.06695,9.74338,56.22167,4328.29342,0.61526,62.79379,7.044422906202975,2.6242328824823944,47.999999181208274
8.09335,9.79537,56.28969,4324.22799,0.58558,62.90621,6.964255561493353,2.594368437248273,47.999999181208274
8.11962,9.84736,56.35421,4320.21376,0.55472,63.0176,6.888531083452684,2.5661590767471942,47.999999181208274
8.14577,9.89936,56.41513,4316.24855,0.52275,63.12803,6.817234303737004,2.5395991503719273,47.999999181208274
8.17179,9.95137,56.47232,4312.33015,0.48974,63.23757,6.750347144617438,2.5146819236928137,47.999999181208274
8.19769,10.00339,56.52567,4308.45637,0.45572,63.34627,6.687849326951621,2.491399842195747,47.999999181208274
8.22348,10.05541,56.57509,4304.62501,0.42077,63.4542,6.629719019412075,2.469744773136823,47.999999181208274
8.24914,10.10743,56.62047,4300.83385,0.38494,63.56142,6.575933431201728,2.4497082263444705,47.999999181208274
8.27468,10.15947,56.66174,4297.0807,0.34829,63.66798,6.526469350642338,2.43128155485781,47.999999181208274
8.30011,10.2115,56.69881,4293.36334,0.31087,63.77397,6.481303632058869,2.4144561363038908,47.999999181208274
8.32542,10.26355,56.7316,4289.67956,0.27275,63.87943,6.440413633382996,2.399223535916512,47.999999181208274
8.35061,10.3156,56.76005,4286.02716,0.23397,63.98442,6.403777606859649,2.3855756520846927,47.999999181208274
8.37569,10.36765,56.78409,4282.40391,0.19461,64.08902,6.371375045130559,2.3735048452778975,47.999999181208274
8.40065,10.41971,56.80367,4278.80761,0.15471,64.19327,6.3431869848711075,2.363004051158749,47.999999181208274
8.42554,10.47176,56.82109,4275.23109,0.1564,64.2027,6.317088701777678,2.353281754019291,0.0
8.45041,10.52376,56.83866,4271.66881,0.15746,64.21216,6.291006581582782,2.3435654779848076,0.0
8.47524,10.57574,56.85629,4268.1209,0.1579,64.22164,6.265004505771263,2.333879020589227,0.0
8.50004,10.62767,56.87392,4264.58745,0.15771,64.23114,6.239144165909446,2.324245363564207,0.0
8.52482,10.67958,56.89148,4261.06852,0.1569,64.24066,6.213485754347811,2.314686930144059,0.0
8.54956,10.73144,56.9089,4257.56414,0.15548,64.25021,6.18808787550612,2.3052255520171183,0.0
8.57428,10.78327,56.92612,4254.0743,0.15344,64.25978,6.163007468841956,2.295882440629502,0.0
8.59896,10.83507,56.94306,4250.59897,0.15079,64.26937,6.138299743057958,2.2866781626755714,0.0
8.62362,10.88683,56.95966,4247.13808,0.14755,64.27898,6.1140181210389075,2.2776326195855487,0.0
8.64825,10.93856,56.97585,4243.69152,0.14371,64.28862,6.0902141949697,2.26876503080578,0.0
8.67285,10.99025,56.99157,4240.25915,0.1393,64.29827,6.066937691037221,2.260093920649253,0.0
8.69743,11.04191,57.00675,4236.84082,0.13431,64.30795,6.044236443068519,2.2516371084751294,0.0
8.72197,11.09353,57.02134,4233.43633,0.12877,64.31766,6.022156374461598,2.2434117019574815,0.0
8.74649,11.14512,57.03528,4230.04547,0.12268,64.32738,6.000741487722774,2.2354340931876884,0.0
8.77097,11.19668,57.0485,4226.66798,0.11606,64.33713,5.980033860923934,2.2277199573546684,0.0
8.79543,11.2482,57.06094,4223.30359,0.10893,64.3469,5.960073650394375,2.220284253747661,0.0
8.81986,11.29969,57.07257,4219.95201,0.10129,64.35669,5.940899098936883,2.2131412288169323,0.0
8.84427,11.35114,57.08331,4216.6129,0.09317,64.36651,5.922546548917954,2.2063044210502283,0.0
8.86864,11.40257,57.09312,4213.28592,0.08457,64.37635,5.905050459522394,2.1997866674005646,0.0
8.89299,11.45396,57.10195,4209.9707,0.07553,64.38621,5.888443427552869,2.1936001110346073,0.0
8.91731,11.50531,57.10975,4206.66684,0.06605,64.39609,5.872756211122252,2.187756210158697,0.0
8.9416,11.55664,57.11648,4203.37393,0.05615,64.406,5.858017755621044,2.182265747692394,0.0
8.96586,11.60793,57.1221,4200.09154,0.04586,64.41593,5.844255221397384,2.1771388415800113,0.0
8.9901,11.65919,57.12655,4196.8192,0.0352,64.42588,5.831494012574196,2.172384955525762,0.0
9.01431,11.71042,57.12982,4193.55645,0.02418,64.43585,5.819757806477196,2.1680129099564622,0.0
9.03849,11.76161,57.13185,4190.30279,0.01283,64.44585,5.809068583190656,2.1640308930318346,0.0
9.06264,11.81277,57.13262,4187.05771,0.00116,64.45587,5.7994466547609695,2.1604464715236027,0.0
9.08677,11.8639,57.1321,4183.82068,-0.0108,64.46591,5.790910693631682,2.157266601408289,0.0
9.11086,11.915,57.13025,4180.59118,-0.02302,64.47598,5.783477759899575,2.154497638020822,0.0
9.13494,11.96607,57.12705,4177.36863,-0.03549,64.48606,5.777163327036922,2.152145345636756,0.0
9.15898,12.01711,57.12248,4174.15248,-0.04819,64.49617,5.771981305742798,2.150214906357509,0.0
9.18299,12.06811,57.11651,4170.94213,-0.06108,64.50631,5.767944065642757,2.1487109281940633,0.0
9.20698,12.11909,57.10913,4167.737,-0.07415,64.51646,5.765062454550394,2.147637452242407,0.0
9.23094,12.17003,57.10033,4164.53647,-0.08737,64.52664,5.763345815078637,2.1469979588716743,0.0
9.25488,12.22094,57.09008,4161.33993,-0.10072,64.53684,5.76280199841276,2.146795372854958,0.0
9.27878,12.27182,57.07838,4158.14675,-0.11417,64.54706,5.7634373750544565,2.1470320673717556,0.0
9.30266,12.32267,57.06522,4154.95629,-0.1277,64.5573,5.765256842442138,2.147709866846735,0.0
9.32651,12.37348,57.05059,4151.7679,-0.14129,64.56757,5.7682638293268855,2.1488300485798906,0.0
9.35034,12.42427,57.0345,4148.58094,-0.1549,64.57786,5.772460296851789,2.1503933431486226,0.0
9.37414,12.47503,57.01695,4145.39474,-0.16853,64.58817,5.777846736304734,2.1523999335705963,0.0
9.39791,12.52575,56.99793,4142.20864,-0.18213,64.5985,5.784422163541019,2.1548494532260154,0.0
9.42165,12.57644,56.97745,4139.02197,-0.19569,64.60885,5.7921841101160485,2.1577409825543197,0.0
9.44537,12.6271,56.95552,4135.83404,-0.20918,64.61923,5.801128611196576,2.1610730445508035,0.0
9.46905,12.67773,56.93215,4132.64418,-0.22258,64.62963,5.811250190351982,2.1648435991009682,0.0
9.49272,12.72833,56.90736,4129.45171,-0.23586,64.64005,5.8225418413591346,2.169050036202351,0.0
9.51635,12.7789,56.88116,4126.25594,-0.249,64.65049,5.8349950071931715,2.173689168138043,0.0
9.53996,12.82944,56.85357,4123.05619,-0.26197,64.66096,5.848599556402242,2.178757220675654,0.0
9.56353,12.87995,56.82461,4119.85177,-0.27475,64.67144,5.863343757116986,2.184249823385166,0.0
9.58709,12.93042,56.79431,4116.642,-0.28732,64.68195,5.879214248944896,2.1901619991688337,0.0
9.61061,12.98086,56.76269,4113.42619,-0.29966,64.69248,5.896196013084365,2.1964881531278913,0.0
9.63411,13.03128,56.72978,4110.20367,-0.31173,64.70303,5.914272340979357,2.2032220608855875,0.0
9.65758,13.08166,56.69562,4106.97377,-0.32351,64.7136,5.933424801907337,2.2103568565128358,0.0
9.68102,13.13201,56.66023,4103.7358,-0.335,64.72419,5.953633209898717,2.21788502020484,0.0
9.70443,13.18232,56.62365,4100.48911,-0.34615,64.7348,5.974875590451916,2.2257983658815768,0.0
9.72782,13.23261,56.58592,4097.23305,-0.35695,64.74544,5.997128147508146,2.234088028885037,0.0
9.75118,13.28286,56.54709,4093.96696,-0.36739,64.75609,6.020365231220296,2.242744453972282,0.0
9.77451,13.33309,56.50718,4090.6902,-0.37743,64.76677,6.04455930703712,2.2517573837984957,0.0
9.79781,13.38328,56.46626,4087.40214,-0.38706,64.77747,6.069680926697532,2.2611158481115936,0.0
9.82109,13.43343,56.42436,4084.10218,-0.39626,64.78818,6.095698701737846,2.2708081538829723,0.0
9.84434,13.48356,56.38154,4080.7897,-0.40501,64.79892,6.122579280127873,2.280821876603841,0.0
9.86756,13.53365,56.33784,4077.46413,-0.41329,64.80968,6.150287326702212,2.2911438529953645,0.0
9.89075,13.58371,56.29332,4074.12488,-0.42108,64.82046,6.178785508047923,2.301760175378921,0.0
9.91391,13.63374,56.24804,4070.7714,-0.42838,64.83125,6.2080344825447185,2.312656187965813,0.0
9.93704,13.68373,56.20204,4067.40315,-0.43515,64.84207,6.237992896230869,2.323816485317209,0.0
9.96015,13.7337,56.15538,4064.01963,-0.4414,64.85291,6.268617385228021,2.3352249132474485,0.0
9.98323,13.78362,56.10813,4060.62032,-0.44709,64.86376,6.299862585389161,2.346864572418167,0.0
10.00628,13.83352,56.06035,4057.20476,-0.45223,64.87464,6.331681149881087,2.358717824888228,0.0
10.0293,13.88338,56.01209,4053.7725,-0.45679,64.88554,6.36402377536899,2.3707663038681637,0.0
10.05229,13.9332,55.96341,4050.32312,-0.46077,64.89645,6.396839237452836,2.382990926921168,0.0
10.07526,13.983,55.91439,4046.85621,-0.46415,64.90738,6.4300744359832605,2.395371912844454,0.0
10.09819,14.03275,55.86508,4043.3714,-0.46694,64.91834,6.463674450826499,2.407888802443158,0.0
10.1211,14.08248,55.81556,4039.86836,-0.46911,64.92931,6.497582608619872,2.420520483398516,0.0
10.14397,14.13217,55.76588,4036.34678,-0.47067,64.9403,6.5317405609846775,2.433245219404223,0.0
10.16682,14.18182,55.71611,4032.80636,-0.47161,64.9513,6.566088374599087,2.446040683720958,0.0
10.18964,14.23144,55.66632,4029.24688,-0.47192,64.96233,6.600564633471406,2.4588839972758625,0.0
10.21243,14.28102,55.61657,4025.66811,-0.4716,64.97337,6.63510655363373,2.4717517713889463,0.0
10.23519,14.33057,55.56693,4022.06987,-0.47065,64.98444,6.669650110412349,2.4846201551846616,0.0
10.25792,14.38008,55.51748,4018.45203,-0.46908,64.99552,6.704130178323167,2.497464887706629,0.0
10.28061,14.42955,55.46826,4014.81448,-0.46687,65.00661,6.73848068349299,2.5102613546985744,0.0
10.30331,14.47898,55.41875,4011.1585,-0.47554,64.96119,6.7732147700222685,2.52320071583955,-22.999999607662296
10.32602,14.52834,55.36841,4007.48498,-0.48364,64.91544,6.808855747208055,2.536477917611804,-22.999999607662296
10.34875,14.57765,55.31729,4003.79327,-0.49115,64.86934,6.845354189221785,2.550074547593724,-22.999999607662296
10.3715,14.6269,55.26547,4000.08276,-0.49806,64.8229,6.882657298699613,2.563970937378097,-22.999999607662296
10.39426,14.67608,55.213,3996.35286,-0.50434,64.7761,6.9207097242093845,2.5781464671000593,-22.999999607662296
10.41705,14.72521,55.15996,3992.60301,-0.50999,64.72894,6.959453574068967,2.5925795705847956,-22.999999607662296
10.43985,14.77427,55.10641,3988.83269,-0.51499,64.68141,6.998828441751041,2.607247744811489,-22.999999607662296
10.46268,14.82327,55.05242,3985.04138,-0.51932,64.6335,7.038771443796503,2.6221275640370587,-22.999999607662296
10.48552,14.87221,54.99807,3981.22862,-0.52298,64.5852,7.07921727114343,2.637194698917554,-22.999999607662296
10.50838,14.92109,54.94343,3977.39397,-0.52596,64.53653,7.120098254706439,2.652423940938189,-22.999999607662296
10.53126,14.9699,54.88857,3973.53705,-0.52825,64.48746,7.161344445976896,2.6677892324390418,-22.999999607662296
10.55416,15.01865,54.83355,3969.65748,-0.52983,64.43799,7.202883713338761,2.68326370249524,-22.999999607662296
10.57707,15.06734,54.77847,3965.75495,-0.53071,64.38812,7.244641854690704,2.698819708871663,-22.999999607662296
10.60001,15.11596,54.72338,3961.82917,-0.53088,64.33785,7.28654272686973,2.714428886236649,-22.999999607662296
10.62297,15.16452,54.66837,3957.87992,-0.53034,64.28718,7.328508392230806,2.7300622007667603,-22.999999607662296
10.64594,15.21301,54.6135,3953.90699,-0.52909,64.2361,7.370459282611054,2.745690011227759,-22.999999607662296
10.66894,15.26144,54.55886,3949.91024,-0.52712,64.18461,7.4123143807641085,2.761282136563683,-22.999999607662296
10.69195,15.3098,54.50451,3945.88956,-0.52444,64.13272,7.45399141914855,2.776807929950765,-22.999999607662296
10.71499,15.35809,54.45053,3941.8449,-0.52105,64.08042,7.495407095844268,2.7922363592319575,-22.999999607662296
10.73804,15.40632,54.39699,3937.77624,-0.51695,64.02771,7.536477307118227,2.807536093553802,-22.999999607662296
10.76112,15.45448,54.34397,3933.68363,-0.51217,63.9746,7.577117396025558,2.8226755959768774,-22.999999607662296
10.78421,15.50257,54.29153,3929.56715,-0.50669,63.92109,7.617242416200219,2.837623221744759,-22.999999607662296
10.80733,15.55059,54.23974,3925.42695,-0.50054,63.86718,7.656767409803897,2.8523473218273003,-22.999999607662296
10.83047,15.59854,54.18867,3921.26322,-0.49372,63.81287,7.695607698400056,2.8668163512788674,-22.999999607662296
10.85362,15.64643,54.1384,3917.07618,-0.48625,63.75818,7.7336791853276825,2.8809989818805173,-22.999999607662296
10.8768,15.69424,54.08897,3912.86614,-0.47815,63.7031,7.770898667934035,2.8948642184549094,-22.999999607662296
10.9,15.74199,54.04046,3908.63344,-0.46943,63.64765,7.807184157885531,2.9083815181905415,-22.999999607662296
10.92321,15.78966,53.99292,3904.37846,-0.46011,63.59182,7.84245520755734,2.9215209122304606,-22.999999607662296
10.94645,15.83726,53.94641,3900.10164,-0.45021,63.53563,7.876633240374583,2.9342531287330496,-22.999999607662296
10.96971,15.88479,53.901,3895.80348,-0.43975,63.47909,7.909641882843349,2.946549716562319,-22.999999607662296
10.99299,15.93225,53.85673,3891.48451,-0.42876,63.4222,7.941407295869094,2.958383168712727,-22.999999607662296
11.01629,15.97964,53.81366,3887.14531,-0.41726,63.36498,7.971858502895345,2.9697270445494826,-22.999999607662296
11.03961,16.02696,53.77182,3882.78651,-0.40528,63.30743,8.000927712328007,2.9805560899200825,-22.999999607662296
11.06295,16.0742,53.73128,3878.40878,-0.39285,63.24957,8.02855063164776,2.99084635416944,-22.999999607662296
11.08631,16.12137,53.69206,3874.01284,-0.37999,63.19141,8.054666770645504,3.000575303103072,-22.999999607662296
11.1097,16.16846,53.65421,3869.59944,-0.36675,63.13295,8.079219731229943,3.0097219269480484,-22.999999607662296
11.1331,16.21548,53.61776,3865.16938,-0.35314,63.07422,8.10215748130275,3.0182668423786976,-22.999999607662296
11.15652,16.26243,53.58275,3860.72348,-0.3392,63.01522,8.123432610312726,3.026192387717247,-22.999999607662296
11.17997,16.3093,53.5492,3856.2626,-0.32497,62.95598,8.143002564225387,3.0334827104661906,-22.999999607662296
11.20343,16.3561,53.51715,3851.78765,-0.31048,62.89649,8.160829857775838,3.0401238463780573,-22.999999607662296
11.22692,16.40282,53.4866,3847.29953,-0.29576,62.83678,8.176882262091757,3.0461037893499143,-22.999999607662296
11.25042,16.44946,53.45757,3842.79921,-0.28086,62.77687,8.191132965987137,3.051412551509529,-22.999999607662296
11.27395,16.49603,53.43009,3838.28764,-0.26581,62.71676,8.20356070942617,3.0560422129341784,-22.999999607662296
11.2975,16.54253,53.40415,3833.76582,-0.25064,62.65647,8.21414988798258,3.0599869605644985,-22.999999607662296
11.32106,16.58895,53.37978,3829.23476,-0.2354,62.59603,8.222890627339561,3.0632431159576674,-22.999999607662296
11.34465,16.63529,53.35696,3824.69547,-0.22013,62.53543,8.22977882719009,3.065809151641435,-22.999999607662296
11.36826,16.68155,53.33569,3820.14899,-0.20485,62.47471,8.234816174222704,3.0676856959516607,-22.999999607662296
11.39189,16.72774,53.31598,3815.59635,-0.18962,62.41387,8.238010124119093,3.068875526325945,-22.999999607662296
11.41554,16.77385,53.29781,3811.0386,-0.17446,62.35293,8.239373852869218,3.0693835511672294,-22.999999607662296
11.4392,16.81989,53.28116,3806.47677,-0.15942,62.2919,8.238926177937524,3.0692167804761374,-22.999999607662296
11.46289,16.86585,53.26603,3801.91191,-0.14453,62.23081,8.236691450156734,3.0683842855785657,-22.999999607662296
11.4866,16.91173,53.25238,3797.34505,-0.12983,62.16967,8.232699417468185,3.06689714836538,-22.999999607662296
11.51032,16.95753,53.2402,3792.77722,-0.11536,62.10849,8.226985061903166,3.064768400563667,-22.999999607662296
11.53407,17.00326,53.22946,3788.20942,-0.10115,62.04728,8.219588411415954,3.062012953639593,-22.999999607662296
11.55783,17.04891,53.22013,3783.64266,-0.08724,61.98607,8.210554328407566,3.0586475200179386,-22.999999607662296
11.58162,17.09448,53.21217,3779.07792,-0.07366,61.92486,8.199932276950578,3.054690526367217,-22.999999607662296
11.60542,17.13998,53.20554,3774.51616,-0.06045,61.86367,8.187776070887127,3.050162019759549,-22.999999607662296
11.62924,17.1854,53.20021,3769.95832,-0.04763,61.80252,8.174143605080364,3.045083567554767,-22.999999607662296
11.65308,17.23074,53.19613,3765.4053,-0.03524,61.74142,8.159096572222927,3.03947815190411,-22.999999607662296
11.67694,17.27601,53.19325,3760.858,-0.02331,61.68037,8.142700167611839,3.03337005977111,-22.999999607662296
11.70082,17.3212,53.19152,3756.31726,-0.01187,61.61939,8.125022784396704,3.026784769403527,-22.999999607662296
11.72471,17.36631,53.19089,3751.78392,-0.00093,61.5585,8.106135701732654,3.0197488341621157,-22.999999607662296
11.74863,17.41135,53.19132,3747.25875,0.00946,61.4977,8.08611276829877,3.012289764622907,-22.999999607662296
11.77256,17.45631,53.19273,3742.74252,0.01929,61.437,8.065030083538907,3.0044359098310376,-22.999999607662296
11.79651,17.50119,53.19508,3738.23593,0.02853,61.37642,8.042965678931695,2.9962163385654255,-22.999999607662296
11.82047,17.546,53.19829,3733.73967,0.03717,61.31596,8.019999201450316,2.9876607214192212,-22.999999607662296
11.84446,17.59073,53.20232,3729.25436,0.04518,61.25563,7.996211601291706,2.9787992144707105,-22.999999607662296
11.86846,17.63539,53.20709,3724.78062,0.05255,61.19544,7.971684825766751,2.9696623452493616,-22.999999607662296
11.89248,17.67997,53.21255,3720.31899,0.05926,61.13539,7.946501521103003,2.9602809016494906,-22.999999607662296
11.91651,17.72447,53.21862,3715.86998,0.0653,61.0755,7.920744743751445,2.9506858243844363,-22.999999607662296
11.94056,17.7689,53.22523,3711.43406,0.07065,61.01576,7.894497682589711,2.9409081034999485,-22.999999607662296
11.96463,17.81326,53.23232,3707.01167,0.0753,60.95618,7.8678433932386715,2.930978679400125,-22.999999607662296
11.98871,17.85754,53.23982,3702.60317,0.07926,60.89677,7.840864545541346,2.9209283487766657,-22.999999607662296
12.01282,17.90175,53.24766,3698.20892,0.08249,60.83753,7.813643185025473,2.9107876757474016,-22.999999607662296
12.03693,17.94588,53.25577,3693.82919,0.08502,60.77846,7.786260509043407,2.900586908462516,-22.999999607662296
12.06104,17.98996,53.26478,3689.46257,0.1012,60.79027,7.758031209223338,2.8900707515219595,0.0
12.08511,18.03399,53.2753,3685.10816,0.1166,60.80209,7.728288136549082,2.8789906743634583,0.0
12.10914,18.07798,53.28725,3680.76697,0.13117,60.81392,7.697141474157406,2.8673877231045495,0.0
12.13313,18.12193,53.30055,3676.43998,0.1449,60.82576,7.664703830542925,2.8553038473723853,0.0
12.15709,18.16583,53.31511,3672.12809,0.15774,60.83762,7.631089609826023,2.842781665711963,0.0
12.18101,18.20969,53.33085,3667.83215,0.16967,60.84949,7.596414494955108,2.829864273065365,0.0
12.20489,18.25351,53.34766,3663.55296,0.18066,60.86138,7.560794948063517,2.8165950546415632,0.0
12.22873,18.29729,53.36547,3659.29126,0.19069,60.87327,7.5243477311315505,2.8030175073504133,0.0
12.25254,18.34102,53.38417,3655.04771,0.19975,60.88518,7.4871894496783264,2.7891750698158604,0.0
12.27632,18.38471,53.40367,3650.82293,0.20781,60.89711,7.4494361217798355,2.7751109618238314,0.0
12.30005,18.42836,53.42386,3646.61747,0.21486,60.90904,7.411202774292113,2.7608680339047384,0.0
12.32375,18.47197,53.44466,3642.43184,0.22089,60.92099,7.372603067759841,2.746488627602065,0.0
12.34742,18.51554,53.46596,3638.26645,0.22589,60.93295,7.333748951029248,2.73201444680658,0.0
12.37104,18.55907,53.48766,3634.12169,0.22986,60.94493,7.2947503462668575,2.7174864404175425,0.0
12.39464,18.60256,53.50966,3629.99787,0.23278,60.95692,7.255714864652676,2.7029446964309236,0.0
12.41819,18.646,53.53187,3625.89523,0.23466,60.96892,7.216747552729318,2.6884283474477906,0.0
12.44171,18.68941,53.55418,3621.81399,0.23551,60.98094,7.1779506690290615,2.6739754874619988,0.0
12.4652,18.73278,53.5765,3617.75427,0.23531,60.99297,7.139423490350934,2.659623099693316,0.0
12.48865,18.7761,53.59872,3613.71616,0.23409,61.00501,7.1012621467944905,2.645406995133161,0.0
12.51206,18.81939,53.62076,3609.69969,0.23184,61.01707,7.063559484431363,2.631361761386146,0.0
12.53544,18.86264,53.64251,3605.70484,0.22858,61.02914,7.026404954324398,2.617520721326779,0.0
12.55879,18.90585,53.66388,3601.73153,0.22433,61.04123,6.989884526426787,2.6039159010246293,0.0
12.5821,18.94902,53.68478,3597.77962,0.21909,61.05333,6.954080626803193,2.5905780063575445,0.0
12.60538,18.99215,53.70512,3593.84896,0.21288,61.06544,6.9190720964641566,2.5775364076763827,0.0
12.62862,19.03524,53.72481,3589.93931,0.20572,61.07757,6.88493417009449,2.5648191318807805,0.0
12.65183,19.0783,53.74376,3586.0504,0.19763,61.08972,6.851738472872682,2.552452861234296,0.0
12.675,19.12132,53.76189,3582.18192,0.18863,61.10188,6.819553033571395,2.540462938244692,0.0
12.69814,19.1643,53.77912,3578.33351,0.17876,61.11405,6.788442312120494,2.5288733759318847,0.0
12.72125,19.20724,53.79536,3574.50479,0.16802,61.12624,6.758467239858925,2.5177068728228327,0.0
12.74432,19.25015,53.81054,3570.69529,0.15645,61.13844,6.729685270679034,2.506984832004137,0.0
12.76736,19.29302,53.82458,3566.90457,0.14409,61.15066,6.7021504413948465,2.4967273836108155,0.0
12.79036,19.33585,53.83742,3563.13209,0.13094,61.16289,6.675913439637265,2.486953410119053,0.0
12.81333,19.37865,53.84899,3559.37732,0.11706,61.17514,6.651021677717429,2.4776805738622407,0.0
12.83627,19.42141,53.85922,3555.63967,0.10247,61.1874,6.62751937094817,2.4689253462077843,0.0
12.85918,19.46413,53.86805,3551.91853,0.0872,61.19968,6.605447618977609,2.4607030378560037,0.0
12.88205,19.50682,53.87542,3548.21326,0.07128,61.21197,6.584844488820113,2.453027829771356,0.0
12.90489,19.54948,53.88127,3544.52318,0.05476,61.22428,6.565745098320122,2.445912804274901,0.0
12.9277,19.59209,53.88556,3540.8476,0.03767,61.2366,6.548181698875885,2.439369975861071,0.0
12.95048,19.63468,53.88824,3537.18579,0.02005,61.24894,6.532183756389748,2.433410321353785,0.0
12.97322,19.67722,53.88926,3533.53698,0.00193,61.26129,6.517778029425592,2.428043809022148,0.0
12.99593,19.71974,53.88859,3529.90042,-0.01665,61.27366,6.504988643726095,2.4232794263400956,0.0
13.01861,19.76222,53.88617,3526.2753,-0.03565,61.28605,6.4938371622630155,2.419125206081963,0.0
13.04125,19.80466,53.88199,3522.6608,-0.05503,61.29845,6.484342650126068,2.4155882504953006,0.0
13.06387,19.84707,53.87601,3519.05608,-0.07474,61.31086,6.476521733619738,2.4126747533159945,0.0
13.08645,19.88944,53.86821,3515.46028,-0.09476,61.32329,6.470388653031874,2.410390019425953,0.0
13.109,19.93178,53.85857,3511.87252,-0.11503,61.33574,6.465955308607141,2.408738481979427,0.0
13.13152,19.97409,53.84706,3508.29192,-0.13552,61.3482,6.463231299343469,2.407723716855712,0.0
13.154,20.01636,53.83367,3504.71757,-0.15618,61.36068,6.4622239543106925,2.40734845432616,0.0
13.17646,20.0586,53.81839,3501.14853,-0.17697,61.37317,6.462938356254947,2.4076145878474415,0.0
13.19888,20.1008,53.80123,3497.58388,-0.19785,61.38568,6.465377357347694,2.4085231799284705,0.0
13.22127,20.14297,53.78216,3494.02268,-0.21878,61.3982,6.469541586965697,2.4100744650286523,0.0
13.24363,20.18511,53.7612,3490.46396,-0.23971,61.41074,6.475429451521844,2.4122678494948566,0.0
13.26596,20.22721,53.73835,3486.90675,-0.2606,61.42329,6.483037126381907,2.415101908550203,0.0
13.28825,20.26927,53.71363,3483.35009,-0.28142,61.43586,6.4923585400144965,2.4185743803894963,0.0
13.31052,20.31131,53.68703,3479.79299,-0.30211,61.44844,6.5033853505568295,2.422682157449362,0.0
13.33275,20.35331,53.65859,3476.23447,-0.32264,61.46104,6.516106915085088,2.4274212749606465,0.0
13.35495,20.39527,53.62832,3472.67353,-0.34296,61.47365,6.5305102519373746,2.4327868969127238,0.0
13.37712,20.43721,53.59624,3469.10919,-0.36303,61.48627,6.546579996479582,2.4387732995751223,0.0
13.39926,20.4791,53.56238,3465.54044,-0.38281,61.49892,6.564298350858867,2.4453738527793676,0.0
13.42136,20.52097,53.52679,3461.9663,-0.40226,61.51157,6.5836450282672185,2.4525809991556966,0.0
13.44343,20.5628,53.48948,3458.38577,-0.42134,61.52424,6.604597192394466,2.460386231577713,0.0
13.46548,20.60459,53.4505,3454.79786,-0.44,61.53693,6.627129392788756,2.468780069082459,0.0
13.48749,20.64635,53.4099,3451.20159,-0.45822,61.54963,6.651213496927275,2.4777520315649757,0.0
13.50946,20.68808,53.36772,3447.59598,-0.47594,61.56234,6.676818619902266,2.4872906135844928,0.0
13.53141,20.72977,53.324,3443.98007,-0.49314,61.57506,6.703911052671925,2.497383257635998,0.0
13.55333,20.77142,53.27881,3440.35288,-0.50977,61.58781,6.7324541899341845,2.50801632728133,0.0
13.57521,20.81305,53.2322,3436.71348,-0.52579,61.60056,6.762408458761929,2.5191750805639117,0.0
13.59706,20.85463,53.18422,3433.06093,-0.54118,61.61333,6.79373124918091,2.530843644147199,0.0
13.61888,20.89618,53.13494,3429.39432,-0.5559,61.62611,6.8263768479958085,2.5430049886631494,0.0
13.64066,20.9377,53.08442,3425.71274,-0.56991,61.6389,6.860296377197441,2.555640905767284,0.0
13.66241,20.97918,53.03274,3422.01531,-0.58318,61.65171,6.895437738370466,2.568731987429096,0.0
13.68414,21.02062,52.97996,3418.30118,-0.59568,61.66453,6.931745564568023,2.5822576080040873,0.0
13.70582,21.06203,52.92615,3414.56951,-0.60738,61.67736,6.9691611811655045,2.596195909650771,0.0
13.72748,21.1034,52.8714,3410.8195,-0.61825,61.6902,7.007622577268569,2.6105237916793995,0.0
13.7491,21.14474,52.81577,3407.05036,-0.62827,61.70306,7.0470643892208145,2.6252169044081417,0.0
13.77069,21.18604,52.75935,3403.26134,-0.63741,61.71593,7.087417897832289,2.6402496481306286,0.0
13.79225,21.2273,52.70221,3399.45175,-0.64564,61.72881,7.128611040903672,2.6555951777815436,0.0
13.81378,21.26852,52.64446,3395.62088,-0.65295,61.7417,7.17056844259108,2.6712254138757823,0.0
13.83527,21.30971,52.58615,3391.76811,-0.65932,61.7546,7.213211461157229,2.6871110602970183,0.0
13.85672,21.35086,52.5274,3387.89282,-0.66472,61.76751,7.25645825654124,2.7032216294692324,0.0
13.87815,21.39197,52.46827,3383.99447,-0.66915,61.78044,7.30022387912635,2.719525475425021,0.0
13.89954,21.43304,52.40887,3380.07254,-0.67258,61.79337,7.344420380949077,2.7359898352339367,0.0
13.9209,21.47408,52.34927,3376.12655,-0.67501,61.80632,7.388956950482127,2.752580879212667,0.0
13.94222,21.51507,52.28958,3372.15609,-0.67643,61.81927,7.43374007194191,2.7692637702712783,0.0
13.96351,21.55603,52.22987,3368.1608,-0.67682,61.83224,7.4786737098766265,2.7860027326771277,0.0
13.98476,21.59694,52.17025,3364.14035,-0.6762,61.84521,7.5236595196119875,2.802761130451441,0.0
14.00599,21.63782,52.11079,3360.09448,-0.67455,61.8582,7.568597083846858,2.819501555507406,0.0
14.02717,21.67866,52.0516,3356.023,-0.67187,61.87119,7.613384175469852,2.836185925556274,0.0
14.04832,21.71945,51.99276,3351.92576,-0.66817,61.8842,7.657917046353466,2.852775591690772,0.0
14.06944,21.76021,51.93437,3347.80267,-0.66346,61.89721,7.702090741593534,2.8692314554475704,0.0
14.09052,21.80092,51.8765,3343.6537,-0.65774,61.91023,7.745799438346571,2.885514095033103,0.0
14.11157,21.84159,51.81925,3339.47889,-0.65102,61.92326,7.7889368080706465,2.901583900267828,0.0
14.13258,21.88222,51.7627,3335.27834,-0.64332,61.93629,7.831396400650648,2.9174012156829954,0.0
14.15356,21.92281,51.70693,3331.05221,-0.63466,61.94934,7.87307204855013,2.9329264910778443,0.0
14.1745,21.96336,51.65203,3326.80073,-0.62506,61.96239,7.913858288769324,2.9481204387100606,0.0
14.19541,22.00386,51.59808,3322.52419,-0.61453,61.97545,7.953650800098346,2.962944196184108,0.0
14.21628,22.04432,51.54515,3318.22294,-0.6031,61.98851,7.992346852797706,2.9773594939690424,0.0
14.23711,22.08473,51.49332,3313.8974,-0.59081,62.00158,8.029845767581296,2.9913288263817583,0.0
14.25791,22.1251,51.44266,3309.54804,-0.57768,62.01466,8.066049380483237,3.004815624762117,0.0
14.27868,22.16543,51.39324,3305.17542,-0.56374,62.02775,8.10086250997185,3.017784431485191,0.0
14.2994,22.20572,51.34512,3300.78014,-0.54903,62.04084,8.134193422477717,3.0302010733827145,0.0
14.32009,22.24595,51.29837,3296.36285,-0.53359,62.05394,8.165954292356954,3.0420328330915116,0.0
14.34075,22.28615,51.25305,3291.92428,-0.51746,62.06704,8.196061652211919,3.0532486168098,0.0
14.36136,22.3263,51.2092,3287.4652,-0.50068,62.08015,8.224436829426788,3.0638191169181836,0.0
14.38194,22.3664,51.16688,3282.98645,-0.48329,62.09326,8.251006364839329,3.073716967945906,0.0
14.40249,22.40645,51.12614,3278.4889,-0.46535,62.10638,8.275702409482898,3.0829168943676777,0.0
14.42299,22.44647,51.08701,3273.97349,-0.4469,62.1195,8.298463095494775,3.091395848776793,0.0
14.44346,22.48643,51.04954,3269.44119,-0.42799,62.13263,8.31923287747888,3.0991331390517254,0.0
14.4639,22.52635,51.01376,3264.89301,-0.40868,62.14577,8.337962840852862,3.1061105432235303,0.0
14.48429,22.56622,50.97969,3260.33002,-0.38901,62.1589,8.354610974001956,3.1123124108603135,0.0
14.50465,22.60604,50.94736,3255.7533,-0.36904,62.17205,8.369142401441785,3.117725749926517,0.0
14.52497,22.64582,50.91678,3251.16398,-0.34883,62.18519,8.38152957556651,3.122340298214144,0.0
14.54525,22.68555,50.88798,3246.56319,-0.32843,62.19834,8.391752425021187,3.1261485786153687,0.0
14.5655,22.72523,50.86096,3241.95213,-0.3079,62.2115,8.399798458185128,3.1291459376728104,0.0
14.58571,22.76486,50.83571,3237.33198,-0.2873,62.22465,8.405662820760678,3.131330567032869,0.0
14.60588,22.80445,50.81225,3232.70394,-0.26669,62.23782,8.409348306987313,3.13270350762327,0.0
14.62601,22.84398,50.79057,3228.06924,-0.24611,62.25098,8.410865324479968,3.1332686365544156,0.0
14.64611,22.88347,50.77065,3223.4291,-0.22564,62.26415,8.410231813238983,3.133032636948465,0.0
14.66616,22.92291,50.75248,3218.78475,-0.20532,62.27732,8.407473119877935,3.1320049510858836,0.0
14.68618,22.96231,50.73604,3214.13741,-0.18522,62.2905,8.40262182858228,3.130197717433096,0.0
14.70617,23.00165,50.7213,3209.4883,-0.16539,62.30367,8.395717550775602,3.127625692287626,0.0
14.72611,23.04095,50.70824,3204.83863,-0.14588,62.31686,8.386806675900567,3.1243061569374473,0.0
14.74602,23.08019,50.69681,3200.18961,-0.12675,62.33004,8.375942086088095,3.120258811367738,0.0
14.76589,23.11939,50.68698,3195.5424,-0.10805,62.34323,8.363182837818483,3.115505655671281,0.0
14.78572,23.15854,50.67872,3190.89816,-0.08983,62.35642,8.348593813962193,3.110070860424493,0.0
14.80552,23.19764,50.67196,3186.25802,-0.07214,62.36961,8.332245349808169,3.1039806273731383,0.0
14.82528,23.2367,50.66666,3181.62309,-0.05503,62.38281,8.314212836868268,3.097263041839055,0.0
14.845,23.2757,50.66278,3176.99444,-0.03854,62.39601,8.29457630832372,3.089947918288049,0.0
14.86468,23.31466,50.66023,3172.3731,-0.02273,62.40922,8.27342001006782,3.0820666405320183,0.0
14.88432,23.35356,50.65898,3167.76008,-0.00762,62.42242,8.250831961290045,3.0736519980349644,0.0
14.90393,23.39242,50.65895,3163.15632,0.00674,62.43563,8.226903508456855,3.0647380197591154,0.0
14.9235,23.43123,50.66007,3158.56275,0.02032,62.44884,8.201728876485559,3.055359806965376,0.0
14.94304,23.47,50.66228,3153.98025,0.03307,62.46206,8.17540472073661,3.0455533663186696,0.0
14.96254,23.50871,50.66551,3149.40963,0.04498,62.47528,8.148029683250147,3.0353554445743764,0.0
14.982,23.54738,50.66968,3144.85168,0.056,62.4885,8.11970395644548,3.0248033660449107,0.0
15.00142,23.586,50.67471,3140.30712,0.06611,62.50173,8.090528857235137,3.0139348739459972,0.0
15.02081,23.62457,50.68052,3135.77664,0.0753,62.51496,8.060606414239176,3.002787976623143,0.0
15.04016,23.66309,50.68704,3131.26086,0.08353,62.52819,8.030038970472642,2.9914007995422596,0.0
15.05947,23.70157,50.69419,3126.76035,0.09079,62.54143,7.998928803595138,2.979811443822635,0.0
15.07875,23.74,50.70188,3122.27565,0.09706,62.55467,7.967377765476471,2.9680578519656553,0.0
15.09799,23.77838,50.71003,3117.80721,0.10234,62.56791,7.935486942532371,2.9561776813209257,0.0
15.11719,23.81672,50.71856,3113.35546,0.10661,62.58116,7.903356337970859,2.9442081857146767,0.0
15.13636,23.855,50.72738,3108.92076,0.10985,62.59441,7.871084576780058,2.9321861055499623,0.0
15.1555,23.89325,50.73641,3104.50341,0.11208,62.60767,7.838768634012743,2.92014756658551,0.0
15.17459,23.93144,50.74557,3100.10368,0.11328,62.62093,7.80650358663704,2.9081279874935717,0.0
15.19366,23.96959,50.75477,3095.72176,0.11346,62.6342,7.774382388955797,2.896161996197732,0.0
15.21268,24.0077,50.76393,3091.35782,0.11262,62.64746,7.742495671381819,2.884283354911392,0.0
15.23167,24.04575,50.77297,3087.01195,0.11077,62.66074,7.710931562136075,2.872524893715655,0.0
15.25063,24.08377,50.78181,3082.6842,0.1079,62.67401,7.6797755312134806,2.8609184524324784,0.0
15.26955,24.12173,50.79036,3078.37459,0.10405,62.6873,7.649110255826809,2.849494830498988,0.0
15.28844,24.15966,50.79856,3074.08305,0.0992,62.70058,7.619015506381389,2.838283744490055,0.0
15.30729,24.19753,50.80631,3069.8095,0.09339,62.71387,7.589568051889735,2.827313792882755,0.0
15.32611,24.23537,50.81354,3065.5538,0.08663,62.72717,7.560841583656788,2.8166124276271134,0.0
15.34489,24.27315,50.82019,3061.31576,0.07893,62.74047,7.5329066559811775,2.8062059320557657,0.0
15.36364,24.3109,50.82617,3057.09516,0.07033,62.75378,7.505830642540866,2.7961194046364595,0.0
15.38235,24.3486,50.83142,3052.89172,0.06084,62.76709,7.479677707123221,2.786376748068242,0.0
15.40103,24.38625,50.83587,3048.70513,0.05048,62.7804,7.454508787299122,2.7770006631996287,0.0
15.41967,24.42387,50.83946,3044.53505,0.03929,62.79372,7.430381589661211,2.768012647254731,0.0
15.43829,24.46143,50.84212,3040.38108,0.02729,62.80705,7.407350595251771,2.7594329958552812,0.0
15.45686,24.49896,50.84378,3036.2428,0.01451,62.82038,7.385467073802147,2.751280808325193,0.0
15.47541,24.53644,50.8444,3032.11974,0.00099,62.83372,7.364779105477092,2.7435739957909036,0.0
15.49392,24.57388,50.84392,3028.01141,-0.01324,62.84706,7.345331608823405,2.736329291592972,0.0
15.5124,24.61128,50.84229,3023.91728,-0.02815,62.86041,7.327166373707166,2.7295622635560717,0.0
15.53084,24.64863,50.83945,3019.83678,-0.0437,62.87376,7.310322098040378,2.723287327670626,0.0
15.54925,24.68594,50.83536,3015.76934,-0.05986,62.88712,7.294834427215352,2.7175177627831597,0.0
15.56763,24.72321,50.82998,3011.71432,-0.07658,62.90049,7.280735995199356,2.7122657259051293,0.0
15.58597,24.76044,50.82327,3007.67108,-0.09384,62.91386,7.268056466305927,2.707542267773843,0.0
15.60428,24.79762,50.8152,3003.63895,-0.11158,62.92723,7.256822576780467,2.7033573483441864,0.0
15.62256,24.83476,50.80572,2999.61724,-0.12976,62.94061,7.247058175379704,2.699719851905539,0.0
15.64081,24.87186,50.79481,2995.60523,-0.14836,62.954,7.2387842622172185,2.6966376015527564,0.0
15.65902,24.90892,50.78244,2991.60216,-0.16731,62.96739,7.23201902522795,2.694117372770156,0.0
15.6772,24.94594,50.76859,2987.60729,-0.18659,62.98079,7.226777873690019,2.6921649059192796,0.0
15.69535,24.98291,50.75324,2983.61984,-0.20614,62.9942,7.223073468328612,2.6907849174533847,0.0
15.71346,25.01985,50.73638,2979.639,-0.22592,63.00761,7.2209157475912535,2.6899811097056685,0.0
15.73155,25.05674,50.71799,2975.66396,-0.24589,63.02102,7.22031194978988,2.689756179137781,0.0
15.7496,25.09359,50.69807,2971.6939,-0.26601,63.03445,7.221266630877904,2.690111822962241,0.0
15.76761,25.1304,50.6766,2967.72797,-0.28622,63.04787,7.22378167769296,2.691048744075714,0.0
15.7856,25.16716,50.65359,2963.76532,-0.30649,63.06131,7.227856316616984,2.6925666542851157,0.0
15.80355,25.20389,50.62904,2959.8051,-0.32676,63.07474,7.233487117647528,2.6946642758242847,0.0
15.82148,25.24057,50.60296,2955.84642,-0.347,63.08819,7.240667993974749,2.6973393411964013,0.0
15.83936,25.27722,50.57534,2951.8884,-0.36716,63.10164,7.249390197230941,2.700588591404313,0.0
15.85722,25.31382,50.54621,2947.93018,-0.38718,63.11509,7.2596423086531345,2.704407772658366,0.0
15.87505,25.35038,50.51559,2943.97084,-0.40704,63.12855,7.271410226492517,2.708791631686089,0.0
15.89284,25.3869,50.48348,2940.00951,-0.42668,63.14202,7.284677150051481,2.713733909785571,0.0
15.9106,25.42338,50.44991,2936.0453,-0.44605,63.15549,7.299423560841964,2.719227335806445,0.0
15.92833,25.45981,50.41492,2932.0773,-0.46513,63.16896,7.315627201396835,2.725263618256577,0.0
15.94602,25.49621,50.37852,2928.10462,-0.48385,63.18244,7.333263052357664,2.7318334367666517,0.0
15.96369,25.53256,50.34075,2924.1264,-0.50218,63.19593,7.352303308532751,2.7389264331711627,0.0
15.98132,25.56887,50.30164,2920.14173,-0.52009,63.20941,7.372717354671681,2.7465312024837942,0.0
15.99892,25.60514,50.26124,2916.14975,-0.53752,63.22291,7.394471741790228,2.7546352840778274,0.0
16.01648,25.64136,50.21958,2912.14961,-0.55444,63.23641,7.417530164912154,2.763225153394371,0.0
16.03402,25.67755,50.17672,2908.14043,-0.5708,63.24991,7.441853443179202,2.7722862145328144,0.0
16.05152,25.71369,50.13269,2904.12139,-0.58658,63.26342,7.46739950331509,2.781802794090728,0.0
16.06899,25.74979,50.08754,2900.09166,-0.60172,63.27693,7.494123367474349,2.791758136637236,0.0
16.08643,25.78585,50.04133,2896.05043,-0.61621,63.29044,7.521977146558512,2.802134402223121,0.0
16.10383,25.82186,49.99412,2891.99691,-0.63,63.30396,7.550910040101267,2.8129126663380446,0.0
16.12121,25.85783,49.94596,2887.93034,-0.64306,63.31748,7.580868343855842,2.824072922737035,0.0
16.13855,25.89376,49.8969,2883.84996,-0.65536,63.33101,7.611795466221596,2.8355940895598426,0.0
16.15586,25.92964,49.84702,2879.75507,-0.66687,63.34453,7.6436319546431255,2.847454019165287,0.0
16.17313,25.96548,49.79638,2875.64495,-0.67756,63.35806,7.676315533141068,2.859629512112477,0.0
16.19037,26.00128,49.74503,2871.51895,-0.6874,63.3716,7.709781152051852,2.872096335690171,0.0
16.20758,26.03704,49.69305,2867.37644,-0.69638,63.38513,7.743961051068427,2.8848292474011132,0.0
16.22476,26.07275,49.6405,2863.2168,-0.70446,63.39867,7.778784836576631,2.897802023771861,0.0
16.2419,26.10841,49.58746,2859.03948,-0.71163,63.41221,7.814179574264291,2.9109874948521117,0.0
16.25901,26.14403,49.534,2854.84393,-0.71787,63.42576,7.850069897839719,2.9243575847152066,0.0
16.27609,26.17961,49.48018,2850.62968,-0.72317,63.4393,7.886378134631342,2.937883358247291,0.0
16.29314,26.21514,49.42609,2846.39626,-0.72751,63.45285,7.923024448708721,2.9515350744636693,0.0
16.31015,26.25062,49.37179,2842.14326,-0.73087,63.46639,7.959927002020808,2.965282246537036,0.0
16.32712,26.28606,49.31735,2837.87032,-0.73325,63.47994,7.997002133914131,2.979093708672728,0.0
16.34407,26.32146,49.26286,2833.57712,-0.73465,63.49349,8.034164559200383,2.992937689894115,0.0
16.36098,26.3568,49.20838,2829.26338,-0.73506,63.50704,8.071327584776924,3.006781894739429,0.0
16.37786,26.3921,49.15399,2824.92888,-0.73448,63.52059,8.108403344592784,3.0205935907927883,0.0
16.3947,26.42736,49.09977,2820.57343,-0.7329,63.53414,8.145303052560765,3.03433970290061,0.0
16.41151,26.46257,49.04578,2816.19691,-0.73034,63.54769,8.181937272759301,3.04798691382891,0.0
16.42828,26.49773,48.9921,2811.79925,-0.72681,63.56124,8.218216206102955,3.0615017710556067,0.0
16.44502,26.53284,48.9388,2807.38042,-0.7223,63.57479,8.25404999235832,3.0748507992793903,0.0
16.46173,26.5679,48.88596,2802.94046,-0.71683,63.58834,8.289349026200295,3.0880006181590036,0.0
16.4784,26.60292,48.83363,2798.47944,-0.71043,63.60189,8.324024285761322,3.100918064706475,0.0
16.49504,26.63789,48.78188,2793.9975,-0.7031,63.61543,8.357987671886809,3.11357031966869,0.0
16.51164,26.6728,48.73079,2789.49483,-0.69487,63.62898,8.3911523561255,3.1259250371629625,0.0
16.52821,26.70767,48.68042,2784.97168,-0.68576,63.64252,8.423433135235824,3.137950476739974,0.0
16.54475,26.7425,48.63082,2780.42835,-0.67579,63.65607,8.45474678987792,3.149615637005995,0.0
16.56125,26.77727,48.58205,2775.86519,-0.665,63.6696,8.485012444923942,3.1608903898479497,0.0
16.57771,26.81199,48.53418,2771.28259,-0.65342,63.68314,8.514151928749047,3.171745614278764,0.0
16.59414,26.84666,48.48726,2766.68101,-0.64107,63.69668,8.542090128701522,3.182153328859343,0.0
16.61054,26.88128,48.44133,2762.06096,-0.628,63.71021,8.568755339929112,3.1920868216455536,0.0
16.6269,26.91585,48.39646,2757.42299,-0.61425,63.72374,8.59407960466367,3.2015207765806832,0.0
16.64322,26.95037,48.35267,2752.76769,-0.59985,63.73727,8.617999039078253,3.2104313952583117,0.0
16.65951,26.98484,48.31001,2748.09571,-0.58486,63.75079,8.640454144852283,3.21879651298853,0.0
16.67576,27.01925,48.26853,2743.40774,-0.5693,63.76431,8.661390102678201,3.2265957081368875,0.0
16.69198,27.05362,48.22825,2738.7045,-0.55323,63.77783,8.680757045019993,3.233810403734126,0.0
16.70817,27.08793,48.1892,2733.98677,-0.53671,63.79134,8.698510305627998,3.2404239604270084,0.0
16.72431,27.12219,48.15143,2729.25534,-0.51977,63.80485,8.714610643453076,3.2464217598922334,0.0
16.74042,27.1564,48.11494,2724.51104,-0.50247,63.81835,8.729024438874832,3.25179127793662,0.0
16.7565,27.19056,48.07975,2719.75475,-0.48486,63.83185,8.741723860366255,3.2565221465840644,0.0
16.77254,27.22466,48.04589,2714.98736,-0.46699,63.84535,8.752687000031942,3.260606204567098,0.0
16.78855,27.25871,48.01337,2710.20978,-0.44893,63.85884,8.761897976740897,3.264037535746567,0.0
16.80451,27.29271,47.98219,2705.42295,-0.43071,63.87233,8.769347005914822,3.2668124951096074,0.0
16.82045,27.32665,47.95236,2700.62783,-0.41241,63.88581,8.775030435348743,3.2689297221137714,0.0
16.83635,27.36054,47.92387,2695.82538,-0.39408,63.89929,8.77895074681382,3.270390141284116,0.0
16.85221,27.39438,47.89673,2691.0166,-0.37576,63.91276,8.781116523519618,3.271196950092039,0.0
16.86803,27.42817,47.87093,2686.20246,-0.35752,63.92623,8.781542383866817,3.2713555942764314,0.0
16.88382,27.4619,47.84644,2681.38396,-0.33941,63.93969,8.780248882251264,3.270873730890562,0.0
16.89958,27.49557,47.82327,2676.5621,-0.32149,63.95315,8.777262378036124,3.2697611794907675,0.0
16.91529,27.5292,47.80138,2671.73786,-0.30382,63.9666,8.772614874050891,3.268029861973078,0.0
16.93098,27.56277,47.78076,2666.91224,-0.28643,63.98005,8.766343826327866,3.2656937316950563,0.0
16.94662,27.59628,47.76137,2662.0862,-0.2694,63.99349,8.758491926991768,3.2627686925964534,0.0
16.96223,27.62974,47.7432,2657.26072,-0.25276,64.00693,8.749106862475498,3.259272509128235,0.0
16.97781,27.66315,47.7262,2652.43674,-0.23657,64.02036,8.738241049381477,3.2552247078539622,0.0
16.99335,27.6965,47.71033,2647.6152,-0.22088,64.03378,8.725951350532277,3.2506464716711974,0.0
17.00885,27.7298,47.69556,2642.797,-0.20573,64.0472,8.712298773796268,3.2455605276161217,0.0
17.02432,27.76305,47.68185,2637.98303,-0.19116,64.06062,8.69734815640646,3.239991029263998,0.0
17.03975,27.79624,47.66914,2633.17415,-0.17723,64.07403,8.681167837532705,3.233963434753713,0.0
17.05515,27.82938,47.6574,2628.3712,-0.16398,64.08744,8.66382932183104,3.227504381451039,0.0
17.07051,27.86246,47.64656,2623.57497,-0.15143,64.10084,8.645406936743763,3.220641558283903,0.0
17.08584,27.89549,47.63658,2618.78624,-0.13962,64.11423,8.625977486169834,3.213403576725503,0.0
17.10113,27.92847,47.62739,2614.00574,-0.1286,64.12762,8.605619903133617,3.205819841404266,0.0
17.11638,27.96139,47.61895,2609.23416,-0.11839,64.141,8.584414903887527,3.197920421247988,0.0
17.1316,27.99426,47.6112,2604.47217,-0.10903,64.15438,8.562444645772162,3.1897359220277335,0.0
17.14679,28.02708,47.60407,2599.72039,-0.10053,64.16776,8.539792391013608,3.1812973611134785,0.0
17.16194,28.05984,47.59749,2594.9794,-0.09292,64.18112,8.51654217842542,3.1726360451744675,0.0
17.17706,28.09255,47.59142,2590.24973,-0.08622,64.19449,8.492778504806802,3.1637834514916485,0.0
17.19214,28.1252,47.58578,2585.53189,-0.08046,64.20785,8.46858601763597,3.154771113477866,0.0
17.20718,28.1578,47.58051,2580.82633,-0.07564,64.2212,8.444049220434737,3.145630510918417,0.0
17.22219,28.19035,47.57553,2576.13346,-0.07178,64.23455,8.419252191969674,3.136392965366096,0.0
17.23717,28.22285,47.5708,2571.45364,-0.06889,64.24789,8.394278320266045,3.127089541054382,0.0
17.25211,28.25529,47.56624,2566.7872,-0.06698,64.26123,8.369210052167624,3.11775095160189,0.0
17.26702,28.28768,47.56178,2562.13441,-0.06605,64.27457,8.344128659011472,3.108407472720052,0.0
17.2819,28.32002,47.55735,2557.49551,-0.0661,64.2879,8.319114018776904,3.0990888610578797,0.0
17.29674,28.35231,47.5529,2552.87069,-0.06714,64.30123,8.294244414868048,3.0898242792431696,0.0
17.31154,28.38454,47.54836,2548.2601,-0.06915,64.31455,8.269596351547255,3.0806422271265976,0.0
17.32631,28.41673,47.54365,2543.66383,-0.07214,64.32787,8.245244385878767,3.0715704791763065,0.0
17.34105,28.44886,47.53873,2539.08196,-0.0761,64.34118,8.221260975860579,3.0626360279030354,0.0
17.35576,28.48094,47.53352,2534.51448,-0.08101,64.35449,8.197716344336719,3.0538650331638584,0.0
17.37043,28.51296,47.52796,2529.96139,-0.08686,64.3678,8.17467835814544,3.0452827771417086,0.0
17.38507,28.54494,47.52199,2525.42262,-0.09364,64.3811,8.152212421868855,3.0369136247643214,0.0
17.39967,28.57686,47.51556,2520.89805,-0.10132,64.3944,8.13038138545537,3.02878098929116,0.0
17.41424,28.60874,47.5086,2516.38755,-0.10989,64.40769,8.109245464930227,3.0209073027760054,0.0
17.42878,28.64056,47.50106,2511.89094,-0.11933,64.42098,8.088862175355024,3.013313991092616,0.0
17.44329,28.67233,47.49289,2507.40799,-0.12961,64.43427,8.069286275148858,3.0060214531928855,0.0
17.45776,28.70405,47.48403,2502.93845,-0.1407,64.44755,8.050569720854222,2.9990490442559508,0.0
17.4722,28.73573,47.47443,2498.48203,-0.15258,64.46083,8.032761631444039,2.9924150623916264,0.0
17.4866,28.76735,47.46405,2494.0384,-0.16522,64.47411,8.015908261217906,2.9861367385435327,0.0
17.50098,28.79892,47.45284,2489.6072,-0.17858,64.48738,8.000052980391015,2.9802302292579697,0.0
17.51532,28.83044,47.44076,2485.18805,-0.19264,64.50065,7.985236262453757,2.9747106119750297,0.0
17.52963,28.86191,47.42776,2480.78052,-0.20735,64.51392,7.971495677442696,2.9695918825218586,0.0
17.54391,28.89333,47.41381,2476.38417,-0.22269,64.52719,7.958865890265526,2.9648869544886627,0.0
17.55815,28.9247,47.39887,2471.99852,-0.2386,64.54045,7.947378663290371,2.960607660193285,0.0
17.57236,28.95602,47.38292,2467.62306,-0.25507,64.5537,7.937062862437041,2.956764752950364,0.0
17.58655,28.98729,47.36591,2463.25727,-0.27203,64.56696,7.927944466063962,2.953367910381944,0.0
17.60069,29.01852,47.34782,2458.90059,-0.28947,64.58021,7.920046576008173,2.9504257385301687,0.0
17.61481,29.04969,47.32863,2454.55245,-0.30732,64.59346,7.913389430183677,2.947945776550495,0.0
17.6289,29.08081,47.30832,2450.21225,-0.32555,64.6067,7.90799041621438,2.945934501790325,0.0
17.64295,29.11189,47.28686,2445.87938,-0.34412,64.61994,7.903864085640489,2.9443973350812596,0.0
17.65697,29.14291,47.26424,2441.55319,-0.36299,64.63318,7.901022168306082,2.943338646098847,0.0
17.67096,29.17389,47.24045,2437.23305,-0.3821,64.64642,7.899473586590326,2.9427617586640906,0.0
17.68492,29.20482,47.21548,2432.91827,-0.40141,64.65965,7.899224469232343,2.942668955893571,0.0
17.69885,29.2357,47.18932,2428.60818,-0.42087,64.67288,7.90027816457044,2.9430614851314045,0.0
17.71274,29.26653,47.16196,2424.30209,-0.44045,64.68611,7.9026352530556006,2.9439395626108573,0.0
17.72661,29.29731,47.13341,2419.99928,-0.46009,64.69933,7.9062935589971115,2.945302377829892,0.0
17.74044,29.32804,47.10366,2415.69905,-0.47975,64.71255,7.911248161575175,2.94714809765366,0.0
17.75424,29.35872,47.07273,2411.40067,-0.49939,64.72577,7.917491405171143,2.9494738701627843,0.0
17.76801,29.38936,47.04062,2407.10341,-0.51894,64.73898,7.925012909199089,2.9522758283158756,0.0
17.78175,29.41994,47.00733,2402.80653,-0.53838,64.75219,7.933799577640608,2.955549093501502,0.0
17.79546,29.45048,46.97289,2398.5093,-0.55765,64.7654,7.943835608546146,2.9592877790776804,0.0
17.80914,29.48097,46.9373,2394.21097,-0.57671,64.7786,7.9551025038669545,2.9634849940345394,0.0
17.82278,29.51141,46.9006,2389.9108,-0.59552,64.7918,7.967579079982577,2.9681328469160837,0.0
17.8364,29.54179,46.86279,2385.60807,-0.61403,64.805,7.981241479389624,2.973222450174571,0.0
17.84998,29.57214,46.82391,2381.30201,-0.63219,64.81819,7.9960631840375145,2.978743925138431,0.0
17.86353,29.60243,46.78398,2376.99192,-0.64997,64.83138,8.012015030851899,2.9846864077951394,0.0
17.87705,29.63267,46.74303,2372.67706,-0.66732,64.84457,8.029065230031406,2.9910380556072456,0.0
17.89054,29.66286,46.70109,2368.35671,-0.68421,64.85775,8.04717938672961,2.9977860555894735,0.0
17.904,29.693,46.65819,2364.03016,-0.70058,64.87092,8.066320526768289,3.004916633887587,0.0
17.91743,29.7231,46.61438,2359.69672,-0.71641,64.8841,8.086449127065407,3.0124150671136123,0.0
17.93083,29.75314,46.5697,2355.35571,-0.73166,64.89726,8.107523151430954,3.02026569568073,0.0
17.94419,29.78314,46.52417,2351.00646,-0.74629,64.91043,8.12949809246327,3.028451939410765,0.0
17.95752,29.81308,46.47784,2346.64832,-0.76027,64.92359,8.152327020219353,3.0369563156651456,0.0
17.97083,29.84298,46.43077,2342.28065,-0.77356,64.93674,8.175960638349771,3.0457604602566444,0.0
17.9841,29.87282,46.38299,2337.90284,-0.78614,64.94989,8.200347348378804,3.054845151395417,0.0
17.99734,29.90261,46.33456,2333.5143,-0.79797,64.96303,8.225433322762077,3.064190336904897,0.0
18.01055,29.93236,46.28551,2329.11447,-0.80903,64.97617,8.2511625873481,3.0737751649408853,0.0
18.02372,29.96205,46.23592,2324.70279,-0.81929,64.9893,8.27747711378748,3.0835780184164143,0.0
18.03687,29.99169,46.18581,2320.27876,-0.82873,65.00243,8.304316922413705,3.0935765533275505,0.0
18.04999,30.02128,46.13526,2315.84189,-0.83732,65.01555,8.331620196023891,3.1037477411397094,0.0
18.06307,30.05082,46.0843,2311.39173,-0.84506,65.02866,8.359323404935314,3.11406791537451,0.0
18.07612,30.08031,46.033,2306.92783,-0.85192,65.04177,8.387361443577078,3.124512822493763,0.0
18.08914,30.10975,45.98142,2302.44982,-0.85789,65.05488,8.415667778801993,3.135057677149548,0.0
18.10213,30.13913,45.9296,2297.95734,-0.86295,65.06797,8.444174609991304,3.145677221827437,0.0
18.11508,30.16846,45.87761,2293.45005,-0.8671,65.08106,8.472813040904198,3.156345790864957,0.0
18.12801,30.19775,45.8255,2288.92769,-0.87033,65.09414,8.501513263096568,3.167037378779909,0.0
18.1409,30.22697,45.77333,2284.38998,-0.87263,65.10722,8.530204750628506,3.177725712804027,0.0
18.15376,30.25615,45.72115,2279.83674,-0.87401,65.12028,8.558816465604803,3.1883843294522265,0.0
18.16659,30.28527,45.66902,2275.26778,-0.87447,65.13334,8.58727707399603,3.1989866549216335,0.0
18.17939,30.31434,45.61699,2270.68298,-0.874,65.1464,8.615515171012287,3.209506089049239,0.0
18.19216,30.34336,45.56513,2266.08225,-0.87262,65.15944,8.64345951517293,3.219916092509023,0.0
18.20489,30.37232,45.51348,2261.46554,-0.87033,65.17248,8.671039270099248,3.230190276886103,0.0
0.05166,0.05166,58.78523,5463.76279,-0.44708,45.0001,7.827203998379246,2.9158394355281567,0.0
0.10328,0.10328,58.72514,5459.47961,-0.39333,45.00025,7.8812681808111025,2.9359797659982756,0.0
0.15486,0.15486,58.67282,5455.15491,-0.33887,45.00046,7.926897901881708,2.9529780376872936,0.0
0.2064,0.2064,58.62837,5450.79331,-0.28384,45.00071,7.96386740787078,2.9667501513944683,0.0
0.25789,0.2579,58.59183,5446.39956,-0.22838,45.001,7.992000452022263,2.9772304505658367,0.0
0.30935,0.30936,58.56325,5441.97856,-0.17264,45.00135,8.011172393018626,2.9843725030311092,0.0
0.36076,0.36078,58.54264,5437.53527,-0.11674,45.00175,8.021311634003586,2.9881496370774934,0.0
0.41214,0.41215,58.53001,5433.07473,-0.06083,45.00219,8.022400372287478,2.988555220734671,0.0
0.46347,0.46349,58.52533,5428.602,-0.00506,45.00269,8.014474645602078,2.9856026790059396,0.0
0.51475,0.51478,58.52855,5424.12216,0.05044,45.00323,7.997623676796695,2.979325249750261,0.0
0.566,0.56603,58.53963,5419.64024,0.10551,45.00382,7.971988534787065,2.9697754848504934,0.0
0.6172,0.61725,58.55847,5415.16122,0.16003,45.00445,7.93776014485389,2.957024508997245,0.0
0.66836,0.66841,58.58497,5410.68999,0.21386,45.00514,7.895176695361279,2.941161053623259,0.0
0.71947,0.71954,58.61901,5406.23134,0.26687,45.00587,7.844520500333788,2.9222902881308106,0.0
0.77054,0.77063,58.66046,5401.78993,0.31893,45.00666,7.786114387674248,2.900532474407819,0.0
0.82157,0.82167,58.70916,5397.37022,0.36992,45.00749,7.720317690757123,2.876021473590903,0.0
0.87255,0.87268,58.76494,5392.97653,0.41972,45.00836,7.647521926679092,2.8489031361000086,0.0
0.9235,0.92364,58.82761,5388.61297,0.46823,45.00929,7.568146247425705,2.8193336070783066,0.0
0.97439,0.97457,58.89698,5384.28344,0.51534,45.01027,7.482632750660711,2.787477579537832,0.0
1.02525,1.02545,58.97282,5379.9916,0.56096,45.01129,7.391441735014341,2.753506526829533,0.0
1.07606,1.07629,59.05492,5375.74088,0.60499,45.01236,7.295046980644007,2.7175969445279518,0.0
1.12684,1.1271,59.14303,5371.53446,0.64737,45.01348,7.193931130103718,2.6799286296835447,0.0
1.17757,1.17786,59.23691,5367.37528,0.68801,45.01465,7.088581237071365,2.6406830226064812,0.0
1.22826,1.22859,59.33629,5363.26602,0.72685,45.01587,6.979484542043672,2.6000416332018608,0.0
1.2789,1.27928,59.44093,5359.20908,0.76383,45.01714,6.867124524780806,2.5581845704014623,0.0
1.32951,1.32993,59.55053,5355.20665,0.79891,45.01846,6.751977273597699,2.515289189629236,0.0
1.38008,1.38055,59.66484,5351.26063,0.83204,45.01982,6.634508201789438,2.471528869583363,0.0
1.43061,1.43113,59.78356,5347.3727,0.86318,45.02124,6.515169131929077,2.427071926060472,0.0
1.4811,1.48167,59.90641,5343.54428,0.8923,45.02271,6.39439575972392,2.3820806671753787,0.0
1.53155,1.53218,60.03311,5339.77656,0.9194,45.02422,6.272605500685656,2.3367105911890507,0.0
1.58196,1.58266,60.16336,5336.07052,0.94445,45.02579,6.150195715402145,2.291109725375651,0.0
1.63234,1.6331,60.29687,5332.42691,0.96744,45.02741,6.027542302577851,2.245418101893084,0.0
1.68267,1.68351,60.43336,5328.8463,0.98837,45.02908,5.9049986435202735,2.199767364576414,0.0
1.73298,1.73388,60.57254,5325.32905,1.00724,45.0308,5.782894877221197,2.15428049888656,0.0
1.78324,1.78423,60.71411,5321.87534,1.02407,45.03257,5.661537481726248,2.1090716759594414,0.0
1.83347,1.83454,60.85779,5318.48519,1.03887,45.0344,5.541209134991127,2.0642462007712616,0.0
1.88367,1.88483,61.0033,5315.15847,1.05165,45.03627,5.422168826825869,2.0199005538406904,0.0
1.93383,1.93508,61.15035,5311.89489,1.06244,45.0382,5.304652192779673,1.9761225156097486,0.0
1.98396,1.98531,61.29869,5308.69404,1.07126,45.04018,5.188872040727808,1.9329913626112856,0.0
2.03405,2.03551,61.44802,5305.55539,1.07814,45.04221,5.07501904152193,1.8905781247543965,0.0
2.08412,2.08568,61.59809,5302.4783,1.08312,45.0443,4.963262556059329,1.8489458934294742,0.0
2.13415,2.13582,61.74863,5299.46203,1.08623,45.04644,4.853751572645953,1.8081501707006025,0.0
2.18415,2.18594,61.89939,5296.50576,1.0875,45.04863,4.746615730244406,1.768239250492359,0.0
2.23412,2.23603,62.05012,5293.60858,1.08697,45.05088,4.641966405175505,1.7292546234147346,0.0
2.28406,2.2861,62.20057,5290.76953,1.08469,45.05318,4.539897840953164,1.6912313976563584,0.0
2.33396,2.33615,62.35051,5287.98758,1.0807,45.05553,4.440488303088271,1.6541987291793256,0.0
2.38384,2.38617,62.4997,5285.26165,1.07504,45.05794,4.343801242860499,1.6181802552548177,0.0
2.4337,2.43617,62.64791,5282.59063,1.06775,45.0604,4.249886456195213,1.583194526175244,0.0
2.48352,2.48614,62.79494,5279.97334,1.05889,45.06292,4.158781225810964,1.5492554307342314,0.0
2.53333,2.53608,62.9399,5277.40975,1.03892,45.03098,4.070891665598964,1.5165142570417551,-30.999999471197007
2.58314,2.58597,63.08195,5274.89948,1.01767,44.99981,3.9865743232096817,1.4851038284789495,-30.999999471197007
2.63296,2.63581,63.22091,5272.44086,0.99518,44.96937,3.905773043607938,1.4550032258176817,-30.999999471197007
2.68278,2.68561,63.35662,5270.03226,0.97151,44.93963,3.8284293961484894,1.4261906821051953,-30.999999471197007
2.7326,2.73535,63.48892,5267.67204,0.94671,44.91057,3.7544821840184475,1.3986433999185055,-30.999999471197007
2.78242,2.78505,63.61767,5265.3586,0.92081,44.88216,3.6838681776169078,1.3723378245676032,-30.999999471197007
2.83225,2.83471,63.74273,5263.09037,0.89388,44.85437,3.616522778327513,1.3472498913682045,-30.999999471197007
2.88207,2.88432,63.86395,5260.8658,0.86594,44.82718,3.5523806169093595,1.3233552485581033,-30.999999471197007
2.9319,2.93389,63.98121,5258.68336,0.83706,44.80055,3.4913760908412264,1.30062945747204,-30.999999471197007
2.98173,2.98342,64.09438,5256.54155,0.80727,44.77448,3.433443844965408,1.2790481715941706,-30.999999471197007
3.03157,3.03291,64.20335,5254.43889,0.77661,44.74892,3.3785191997498574,1.258587296096987,-30.999999471197007
3.0814,3.08236,64.308,5252.37393,0.74514,44.72386,3.326538531370573,1.2392231294320053,-30.999999471197007
3.13124,3.13176,64.40823,5250.34525,0.71288,44.69927,3.277439607724703,1.2209324885034876,-30.999999471197007
3.18107,3.18114,64.50394,5248.35143,0.67988,44.67513,3.231161884275401,1.203692818878436,-30.999999471197007
3.23091,3.23047,64.59503,5246.39111,0.64618,44.65141,3.1876467634827104,1.1874822914314227,-30.999999471197007
3.28075,3.27976,64.68141,5244.46292,0.61183,44.6281,3.1468378213525887,1.1722798867400626,-30.999999471197007
3.33059,3.32902,64.763,5242.56554,0.57684,44.60517,3.1086810044314754,1.1580654684706715,-30.999999471197007
3.38043,3.37825,64.83973,5240.69764,0.54128,44.58259,3.0731248003568603,1.1448198469128434,-30.999999471197007
3.43028,3.42744,64.91151,5238.85792,0.50516,44.56036,3.040120384850828,1.1325248337384106,-30.999999471197007
3.48012,3.4766,64.97827,5237.04511,0.46854,44.53844,3.0096217478346827,1.1211632889824605,-30.999999471197007
3.52997,3.52572,65.03996,5235.25794,0.43143,44.51681,2.981585801119895,1.1107191611610483,-30.999999471197007
3.57982,3.57481,65.09651,5233.49517,0.39388,44.49547,2.9559724699250722,1.1011775213636732,-30.999999471197007
3.62966,3.62387,65.14788,5231.75555,0.35593,44.47437,2.932744770270981,1.0925245920849644,-30.999999471197007
3.67951,3.67289,65.194,5230.03786,0.3176,44.45352,2.911868874103628,1.0847477714847393,-30.999999471197007
3.72937,3.72189,65.23483,5228.34089,0.27893,44.43288,2.893314163814818,1.0778356536983478,-30.999999471197007
3.77922,3.77085,65.27034,5226.66343,0.23995,44.41244,2.877053277645513,1.0717780457506167,-30.999999471197007
3.82907,3.81978,65.30049,5225.00427,0.20069,44.39217,2.8630621472944977,1.0665659815660689,-30.999999471197007
3.87893,3.86868,65.32524,5223.36223,0.16119,44.37206,2.85132002887987,1.0621917335028903,-30.999999471197007
3.92878,3.91756,65.34456,5221.73609,0.12148,44.3521,2.841809528260717,1.0586488217859245,-30.999999471197007
3.97864,3.9664,65.35844,5220.12468,0.08159,44.33225,2.8345166215608373,1.055932022152295,-30.999999471197007
4.0285,4.01521,65.36686,5218.52679,0.04155,44.31251,2.829430671605604,1.0540373719745737,-30.999999471197007
4.07836,4.06399,65.36979,5216.94123,0.0014,44.29285,2.8265444408380165,1.0529621750723455,-30.999999471197007
4.12823,4.11275,65.36724,5215.3668,-0.03884,44.27326,2.825854101145672,1.0527050053730165,-30.999999471197007
4.17809,4.16148,65.35919,5213.80228,-0.07914,44.25371,2.8273592409046184,1.0532657095358346,-30.999999471197007
4.22796,4.21017,65.34563,5212.24647,-0.11946,44.23419,2.8310628694109816,1.0546454086027854,-30.999999471197007
4.27782,4.25884,65.32659,5210.69812,-0.15977,44.21469,2.836971418745394,1.0568464986931438,-30.999999471197007
4.32769,4.30749,65.30205,5209.156,-0.20004,44.19517,2.8450947429941382,1.0598726507133256,-30.999999471197007
4.37756,4.3561,65.27203,5207.61886,-0.24025,44.17562,2.855446114606823,1.0637288090000294,-30.999999471197007
4.42744,4.40468,65.23654,5206.08543,-0.28035,44.15603,2.8680422175639078,1.0684211887749586,-30.999999471197007
4.47731,4.45324,65.19562,5204.55441,-0.32031,44.13636,2.8829031368688596,1.073957272230373,-30.999999471197007
4.52719,4.50177,65.14927,5203.02449,-0.36011,44.11662,2.9000523437670047,1.0803458030227222,-30.999999471197007
4.57707,4.55027,65.09752,5201.49435,-0.39971,44.09676,2.9195166759298057,1.0875967788907674,-30.999999471197007
4.62695,4.59874,65.04042,5199.96263,-0.43908,44.07678,2.941326311720648,1.0957214420689103,-30.999999471197007
4.67684,4.64719,64.97799,5198.42795,-0.47818,44.05666,2.9655147374792,1.104732267099756,-30.999999471197007
4.72672,4.6956,64.91028,5196.88889,-0.51699,44.03636,2.992118706625411,1.114642945599276,-30.999999471197007
4.77661,4.74399,64.83733,5195.34402,-0.55546,44.01588,3.0211781892017453,1.1254683674599641,-30.999999471197007
4.8265,4.79235,64.7592,5193.79187,-0.59356,43.99519,3.0527363103061536,1.137224597915496,-30.999999471197007
4.8764,4.84068,64.67594,5192.23093,-0.63126,43.97427,3.0868392756804317,1.1499288498204367,-30.999999471197007
4.9263,4.88898,64.5876,5190.65965,-0.66852,43.95309,3.1235362825317035,1.1635994504288971,-30.999999471197007
4.9762,4.93726,64.49427,5189.07646,-0.7053,43.93164,3.1628794134682856,1.1782558018828504,-30.999999471197007
5.0261,4.9855,64.396,5187.47975,-0.74157,43.90989,3.2049235112222334,1.1939183345429862,-30.999999471197007
5.07601,5.03371,64.29288,5185.86785,-0.77729,43.88781,3.2497260316267558,1.2106084522189293,-30.999999471197007
5.12592,5.08189,64.18498,5184.23906,-0.81241,43.86539,3.297346872105666,1.228348468277046,-30.999999471197007
5.17584,5.13004,64.07239,5182.59164,-0.84691,43.84259,3.347848172704994,1.2471615315194853,-30.999999471197007
5.22575,5.17816,63.9552,5180.92379,-0.88072,43.8194,3.401294086504644,1.2670715406564808,-30.999999471197007
5.27568,5.22625,63.83352,5179.23368,-0.91383,43.79578,3.4577505160214193,1.2881030461095409,-30.999999471197007
5.3256,5.27431,63.70743,5177.51942,-0.94618,43.77171,3.517284812025097,1.3102811378125139,-30.999999471197007
5.37553,5.32233,63.57706,5175.77908,-0.97772,43.74717,3.579965431008376,1.333631317610128,-30.999999471197007
5.42547,5.37032,63.44252,5174.01068,-1.00842,43.72211,3.645861547391795,1.3581793547941228,-30.999999471197007
5.47541,5.41828,63.30392,5172.21217,-1.03823,43.69652,3.7150426163955297,1.38395112326149,-30.999999471197007
5.52535,5.4662,63.16141,5170.38148,-1.06711,43.67037,3.7875778834495692,1.4109724187568586,-30.999999471197007
5.5753,5.51408,63.0151,5168.51647,-1.09499,43.64363,3.863535835934067,1.4392687546313465,-30.999999471197007
5.62525,5.56193,62.86514,5166.61495,-1.12184,43.61625,3.942983593082362,1.4688651345653854,-30.999999471197007
5.67521,5.60974,62.71168,5164.6747,-1.14761,43.58823,4.025986229959064,1.4997858007327713,-30.999999471197007
5.72517,5.65751,62.55488,5162.69342,-1.17225,43.55951,4.112606031600158,1.5320539559482256,-30.999999471197007
5.77514,5.70525,62.39488,5160.66879,-1.19569,43.53008,4.20290167369087,1.5656914584483461,-30.999999471197007
5.82512,5.75294,62.23187,5158.59844,-1.21791,43.49989,4.296927326556667,1.6007184881046757,-30.999999471197007
5.8751,5.80059,62.066,5156.47994,-1.23883,43.46891,4.394731679773166,1.6371531830652317,-30.999999471197007
5.92509,5.84821,61.89748,5154.31085,-1.25841,43.43712,4.496356885435498,1.675011246094539,-30.999999471197007
5.97508,5.89577,61.72648,5152.08867,-1.27659,43.40447,4.601837418951248,1.7143055201890256,-30.999999471197007
6.02508,5.9433,61.5532,5149.81089,-1.29331,43.37092,4.71119885734899,1.7550455334648067,-30.999999471197007
6.07509,5.99077,61.37784,5147.47495,-1.30853,43.33646,4.82445657635113,1.7972370137830391,-30.999999471197007
6.1251,6.0382,61.20062,5145.0783,-1.32219,43.30103,4.941614368974031,1.8408813741421177,-30.999999471197007
6.17512,6.08558,61.02176,5142.61835,-1.33423,43.26461,5.062662990207332,1.8859751705324324,-30.999999471197007
6.22515,6.13292,60.84147,5140.09253,-1.3446,43.22715,5.187578634307887,1.932509534688294,-30.999999471197007
6.27519,6.1802,60.65999,5137.49825,-1.35324,43.18863,5.316321353523238,1.980469585020824,-30.999999471197007
6.32523,6.22742,60.47756,5134.83294,-1.3601,43.149,5.448833429581585,2.029833819955118,-30.999999471197007
6.37528,6.2746,60.29443,5132.09408,-1.36513,43.10824,5.585037712026482,2.080573498916198,-30.999999471197007
6.42534,6.32172,60.11085,5129.27914,-1.36827,43.06631,5.724835940464439,2.1326520173221026,-30.999999471197007
6.47541,6.36878,59.92708,5126.38568,-1.36948,43.02317,5.868107070918783,2.186024283106664,-30.999999471197007
6.52548,6.41578,59.74339,5123.4113,-1.3687,42.9788,6.014705629776345,2.240636103521334,-30.999999471197007
6.57557,6.46271,59.56004,5120.35368,-1.36589,42.93316,6.164460122134118,2.2964235922024403,-30.999999471197007
6.62566,6.50959,59.37732,5117.21059,-1.361,42.88623,6.317171524688875,2.3533126077329136,-30.999999471197007
6.67576,6.5564,59.19551,5113.97991,-1.354,42.83797,6.472611896479747,2.4112182361073407,-30.999999471197007
6.72587,6.60315,59.01489,5110.65965,-1.34485,42.78836,6.630523143764121,2.470044330615745,-30.999999471197007
6.77599,6.64982,58.83576,5107.24797,-1.33351,42.73738,6.7906159778934185,2.529683123624888,-30.999999471197007
6.82612,6.69643,58.65842,5103.74316,-1.31995,42.68501,6.952569107100819,2.590014925497934,-30.999999471197007
6.87626,6.74296,58.48316,5100.14374,-1.30415,42.63122,7.11602870450239,2.650907926410871,-30.999999471197007
6.92641,6.78942,58.31029,5096.44839,-1.28609,42.576,7.280608195134385,2.7122181170183057,-30.999999471197007
6.97657,6.8358,58.1401,5092.65603,-1.26575,42.51934,7.445888404391186,2.7737893437504977,-30.999999471197007
7.02674,6.8821,57.9729,5088.76582,-1.24314,42.46124,7.611418108531349,2.8354535138913466,-30.999999471197007
7.07692,6.92832,57.809,5084.77717,-1.21823,42.40168,7.776715025010649,2.8970309645035126,-30.999999471197007
7.12711,6.97446,57.64869,5080.68978,-1.19105,42.34067,7.94126727592055,2.958331007597747,-30.999999471197007
7.17731,7.02051,57.49227,5076.50363,-1.16161,42.27821,8.104535351937646,3.019152661755737,-30.999999471197007
7.22752,7.06647,57.34005,5072.21905,-1.12992,42.21431,8.26595459669568,3.0792855776240486,-30.999999471197007
7.27774,7.11235,57.1923,5067.83665,-1.09602,42.14899,8.424938222472978,3.1385111613370427,-30.999999471197007
7.32797,7.15813,57.04933,5063.3574,-1.05994,42.08226,8.580880857624198,3.1966038960285443,-30.999999471197007
7.37821,7.20382,56.9114,5058.78265,-1.02173,42.01415,8.733162614473068,3.2533328572289157,-30.999999471197007
7.42846,7.24941,56.7788,5054.11407,-0.98145,41.94468,8.881153653557485,3.3084634131664488,-30.999999471197007
7.47872,7.29491,56.65178,5049.35372,-0.93916,41.87391,9.024219206623929,3.361759095964951,-30.999999471197007
7.52899,7.34031,56.5306,5044.50404,-0.89494,41.80186,9.16172500688666,3.412983624558169,-30.999999471197007
7.57927,7.3856,56.41549,5039.56782,-0.84886,41.72858,9.293043061290009,3.4619030550093743,-30.999999471197007
7.62956,7.43079,56.30669,5034.54825,-0.80104,41.65412,9.417557686399984,3.5082880290398015,-30.999999471197007
7.67986,7.47588,56.2044,5029.44885,-0.75155,41.57855,9.534671717459542,3.551916087065098,-30.999999471197007
7.73017,7.52085,56.10884,5024.27352,-0.70052,41.50193,9.643812789837735,3.592574008200419,-30.999999471197007
7.78049,7.56572,56.02018,5019.0265,-0.64807,41.42432,9.744439583914813,3.630060136644429,-30.999999471197007
7.83082,7.61049,55.93859,5013.71233,-0.59431,41.34581,9.836047918893067,3.664186651784187,-30.999999471197007
7.88115,7.65513,55.86421,5008.33587,-0.53939,41.26645,9.918176578604221,3.6947817384616832,-30.999999471197007
7.93149,7.69967,55.79718,5002.90226,-0.48345,41.18635,9.990412753155727,3.7216916141302603,-30.999999471197007
7.98185,7.74409,55.73761,4997.41689,-0.42663,41.10558,10.052396984597465,3.7447823712455923,-30.999999471197007
8.0322,7.7884,55.68558,4991.88538,-0.36908,41.02424,10.103827512612623,3.7639415961498726,-30.999999471197007
8.08257,7.83259,55.64116,4986.31352,-0.31096,40.94241,10.144463927377087,3.779079729858057,-30.999999471197007
8.13294,7.87667,55.6044,4980.70727,-0.25244,40.8602,10.174130050951101,3.7901311414520658,-30.999999471197007
8.18332,7.92063,55.57533,4975.07272,-0.19366,40.77769,10.192715985417912,3.797054891066321,-30.999999471197007
8.2337,7.96447,55.55395,4969.41603,-0.13481,40.69499,10.200179284907753,3.7998351664975143,-30.999999471197007
8.28409,8.0082,55.54025,4963.74341,-0.07603,40.61218,10.196545228959355,3.798481385038969,-30.999999471197007
8.33449,8.0518,55.53417,4958.06108,-0.0175,40.52938,10.181906195676,3.7930279599647725,-30.999999471197007
8.38489,8.09529,55.53568,4952.37523,0.04062,40.44668,10.156420154064985,3.7835337388865575,-30.999999471197007
8.43529,8.13866,55.54468,4946.69199,0.09818,40.36417,10.1203083150976,3.770081128711537,-30.999999471197007
8.4857,8.18192,55.56107,4941.01738,0.15501,40.28194,10.073851999595755,3.7527749288478733,-30.999999471197007
8.53611,8.22505,55.58474,4935.35729,0.21096,40.2001,10.017388797503997,3.731740900432435,-30.999999471197007
8.58652,8.26807,55.61554,4929.71744,0.26589,40.11872,9.951308106966842,3.707124104519736,-30.999999471197007
8.63693,8.31098,55.65331,4924.10338,0.31965,40.0379,9.876046152395134,3.679087046180569,-30.999999471197007
8.68735,8.35376,55.69789,4918.52041,0.37211,39.95772,9.792080588217289,3.647807664257366,-30.999999471197007
8.73777,8.39644,55.74908,4912.97359,0.42314,39.87825,9.699924799211649,3.6134772080880238,-30.999999471197007
8.78818,8.439,55.80667,4907.46774,0.47262,39.79957,9.600122009185506,3.5762980428338387,-30.999999471197007
8.8386,8.48145,55.87044,4902.00738,0.52043,39.72174,9.493239307523712,3.536481424211687,-30.999999471197007
8.88902,8.52379,55.94016,4896.59672,0.56647,39.64484,9.379861698033093,3.4942452815319873,-30.999999471197007
8.93944,8.56602,56.01559,4891.2397,0.61065,39.56892,9.260586267078661,3.4498120451759955,-30.999999471197007
8.98985,8.60814,56.09646,4885.93993,0.65289,39.49404,9.136016558399843,3.403406551066839,-30.999999471197007
9.04027,8.65015,56.18252,4880.7007,0.69309,39.42024,9.006757231108868,3.355254050633363,-30.999999471197007
9.09068,8.69206,56.27349,4875.52497,0.73119,39.34757,8.873409065195947,3.3055783502293923,-30.999999471197007
9.14109,8.73387,56.36908,4870.41542,0.76714,39.27606,8.736564366424274,3.25460009933622,-30.999999471197007
9.1915,8.77557,56.46902,4865.37438,0.80088,39.20575,8.596802809705839,3.202535242110728,-30.999999471197007
9.2419,8.81717,56.573,4860.40389,0.83237,39.13667,8.454687747778301,3.1495936422703963,-30.999999471197007
9.2923,8.85868,56.68074,4855.50568,0.86157,39.06884,8.310763000177053,3.095977886900911,-30.999999471197007
9.3427,8.90009,56.79193,4850.68121,0.88847,39.00228,8.16555012678679,3.041882270782389,-30.999999471197007
9.39309,8.9414,56.90628,4845.93163,0.91303,38.937,8.0195461804753,2.9874919591863294,-30.999999471197007
9.44348,8.98262,57.02349,4841.25785,0.93526,38.87301,7.873221924961692,2.932982323984637,-30.999999471197007
9.49387,9.02375,57.14325,4836.66051,0.95514,38.81032,7.727020496938957,2.878518445255081,-30.999999471197007
9.54425,9.0648,57.26526,4832.14001,0.97268,38.74893,7.5813564857704,2.824254768443995,-30.999999471197007
9.59462,9.10575,57.38924,4827.69655,0.98789,38.68883,7.43661539968567,2.770334905510255,-30.999999471197007
9.64499,9.14662,57.51487,4823.33009,1.00078,38.63002,7.2931534842498404,2.716891567300235,-30.999999471197007
9.69535,9.18741,57.64187,4819.0404,1.01138,38.57249,7.1512978569504035,2.6640466136850067,-30.999999471197007
9.74571,9.22811,57.76996,4814.82709,1.01971,38.51623,7.011346920802236,2.611911207639067,-30.999999471197007
9.79606,9.26874,57.89884,4810.68957,1.02579,38.46122,6.8735710198923545,2.5605860594480094,-30.999999471197007
9.84641,9.30928,58.02824,4806.62713,1.02967,38.40744,6.738213300545606,2.5101617475154048,-30.999999471197007
9.89675,9.34975,58.15787,4802.6389,1.03137,38.35488,6.605490743197859,2.4607191027627144,-30.999999471197007
9.94708,9.39015,58.28749,4798.72391,1.03095,38.30351,6.475595331996502,2.4123296443362445,-30.999999471197007
9.99741,9.43048,58.41681,4794.88105,1.02843,38.25331,6.348695331386872,2.365056055169191,-30.999999471197007
10.04773,9.47073,58.54559,4791.10913,1.02388,38.20426,6.224936641547028,2.3189526869167425,-30.999999471197007
10.09805,9.51091,58.67357,4787.40688,1.01734,38.15632,6.10444420715833,2.274066084760199,-30.999999471197007
10.14835,9.55103,58.80051,4783.77292,1.00885,38.10948,5.98732345683494,2.2304355236323294,-30.999999471197007
10.19865,9.59108,58.92617,4780.20584,0.99848,38.0637,5.873661753250787,2.188093548427824,-30.999999471197007
10.24895,9.63107,59.05033,4776.70414,0.98627,38.01895,5.763529836704053,2.1470665117690424,-30.999999471197007
10.29923,9.67099,59.17276,4773.26631,0.97227,37.9752,5.656983247464476,2.1073751038678163,-30.999999471197007
10.34951,9.71086,59.29324,4769.89076,0.95655,37.93242,5.55406371465067,2.0690348699187884,-30.999999471197007
10.39979,9.75066,59.41158,4766.57588,0.93916,37.89058,5.454800501645265,2.032056711301954,-30.999999471197007
10.45005,9.7904,59.52756,4763.32005,0.92015,37.84965,5.359211700125344,1.996447367643046,-30.999999471197007
10.50031,9.83009,59.641,4760.12161,0.89958,37.8096,5.267305466638023,1.962209877470479,-30.999999471197007
10.55056,9.86972,59.7517,4756.97888,0.87751,37.77038,5.1790811973117,1.9293440158261912,-30.999999471197007
10.60079,9.90932,59.86032,4753.88862,0.86726,37.7798,5.0939359874368755,1.8976251848425163,0.0
10.65098,9.94891,59.9675,4750.84803,0.8554,37.78927,5.011308633691146,1.8668443215157116,0.0
10.70113,9.98849,60.07304,4747.8561,0.84198,37.79878,4.9312556796526295,1.8370224898163763,0.0
10.75124,10.02805,60.17675,4744.91175,0.82705,37.80833,4.853822541232746,1.808176608366479,0.0
10.80131,10.06761,60.27845,4742.01388,0.81065,37.81793,4.779045788659198,1.7803203005380606,0.0
10.85135,10.10716,60.37796,4739.16138,0.79284,37.82758,4.706953954099596,1.7534641953142809,0.0
10.90135,10.14669,60.47512,4736.35308,0.77365,37.83727,4.637568313102038,1.7276162183966015,0.0
10.95131,10.18623,60.56976,4733.5878,0.75314,37.84701,4.570903636089388,1.7027818721561707,0.0
11.00124,10.22575,60.66173,4730.86436,0.73136,37.8568,4.506968907007031,1.6789645033490268,0.0
11.05113,10.26526,60.75087,4728.18152,0.70836,37.86663,4.445768007040162,1.6561655578187768,0.0
11.10098,10.30477,60.83705,4725.53808,0.68419,37.87651,4.387300361969966,1.6343848216538004,0.0
11.1508,10.34427,60.92011,4722.9328,0.65889,37.88644,4.331561552370527,1.6136206485016644,0.0
11.20059,10.38377,60.99994,4720.36441,0.63252,37.89641,4.278543886338641,1.593870172926038,0.0
11.25034,10.42325,61.0764,4717.83168,0.60513,37.90644,4.228236934904794,1.5751295098613745,0.0
11.30006,10.46274,61.14938,4715.33335,0.57676,37.91651,4.180628030619305,1.5573939403493677,0.0
11.34975,10.50221,61.21876,4712.86814,0.54746,37.92662,4.135702730111876,1.540658083854553,0.0
11.3994,10.54169,61.28444,4710.4348,0.51729,37.93679,4.093445241654464,1.5249160575427294,0.0
11.44902,10.58116,61.34631,4708.03204,0.48629,37.94701,4.053838818925078,1.5101616229683326,0.0
11.49861,10.62062,61.40428,4705.6586,0.45451,37.95727,4.01686612231764,1.4963883206718667,0.0
11.54816,10.66008,61.45827,4703.31319,0.422,37.96758,3.9825095492099307,1.4835895932134011,0.0
11.59769,10.69954,61.50818,4700.99455,0.38881,37.97794,3.950751534664999,1.4717588971917617,0.0
11.64718,10.73899,61.55394,4698.70138,0.35497,37.98836,3.9215748240433292,1.460889804799731,0.0
11.69664,10.77844,61.59549,4696.43241,0.32055,37.99882,3.8949627190085927,1.4509760954676667,0.0
11.74607,10.81789,61.63275,4694.18634,0.28559,38.00932,3.8708992983515818,1.4420118381262272,0.0
11.79547,10.85733,61.66566,4691.9619,0.25013,38.01988,3.849369615012871,1.4339914646024958,0.0
11.84484,10.89677,61.69418,4689.75778,0.21422,38.03049,3.83035987062379,1.4269098346410851,0.0
11.89418,10.93621,61.71825,4687.57269,0.17791,38.04115,3.81385756876037,1.4207622929952677,0.0
11.94348,10.97565,61.73783,4685.40533,0.14124,38.05185,3.7998516480450726,1.4155447190108663,0.0
11.99276,11.01509,61.75289,4683.25439,0.10426,38.06261,3.788332596100275,1.4112535690769312,0.0
12.04201,11.05453,61.76339,4681.11855,0.06701,38.07342,3.7792925452410517,1.4078859122738174,0.0
12.09123,11.09396,61.76931,4678.99649,0.02955,38.08427,3.772725350689777,1.4054394595101796,0.0
12.14042,11.13339,61.77062,4676.88689,-0.00809,38.09518,3.7686266519432703,1.4039125863838513,0.0
12.18958,11.17283,61.76732,4674.78839,-0.04586,38.10613,3.766993917812095,1.403304349960168,0.0
12.23871,11.21226,61.75939,4672.69965,-0.08372,38.11714,3.7678264755064093,1.403614499607211,0.0
12.28781,11.25169,61.74684,4670.61931,-0.12161,38.12819,3.771125524023042,1.4048434819828477,0.0
12.33688,11.29112,61.72966,4668.546,-0.15949,38.1393,3.776894131933624,1.4069924402107485,0.0
12.38593,11.33055,61.70786,4666.47831,-0.19732,38.15045,3.7851372195498296,1.4100632072364736,0.0
12.43494,11.36998,61.68145,4664.41486,-0.23505,38.16166,3.7958615253121097,1.4140582933063897,0.0
12.48392,11.40941,61.65046,4662.35421,-0.27263,38.17291,3.809075556095402,1.418980867455241,0.0
12.53288,11.44884,61.6149,4660.29494,-0.31003,38.18421,3.824789521015827,1.4248347328473998,0.0
12.5818,11.48827,61.57482,4658.23559,-0.34718,38.19557,3.8430152481803463,1.4316242957639262,0.0
12.6307,11.5277,61.53024,4656.17469,-0.38406,38.20697,3.863766083697689,1.4393545279814786,0.0
12.67957,11.56713,61.4812,4654.11074,-0.4206,38.21842,3.88705677215064,1.4480309222450982,0.0
12.72841,11.60656,61.42776,4652.04224,-0.45677,38.22992,3.9129033176235937,1.4576594404973136,0.0
12.77722,11.646,61.36996,4649.96764,-0.49251,38.24147,3.9413228242602383,1.4682464544816867,0.0
12.826,11.68543,61.30787,4647.8854,-0.52777,38.25307,3.972333315241505,1.4797986783073327,0.0
12.87475,11.72486,61.24155,4645.79393,-0.56252,38.26472,4.005953528986535,1.492323092528419,0.0
12.92347,11.76429,61.17106,4643.69164,-0.5967,38.27642,4.042202691302421,1.5058268592639492,0.0
12.97216,11.80372,61.09649,4641.5769,-0.63026,38.28817,4.081100262179454,1.5203172278723294,0.0
13.02082,11.84315,61.01792,4639.44807,-0.66315,38.29996,4.1226656558607395,1.5358014306699368,0.0
13.06945,11.88259,60.93543,4637.30347,-0.69532,38.31181,4.166917932837972,1.5522865681914382,0.0
13.11805,11.92202,60.84913,4635.14141,-0.72673,38.3237,4.2138754624267145,1.5697794834902075,0.0
13.16662,11.96145,60.7591,4632.96018,-0.75732,38.33564,4.263555554636374,1.5882866250002021,0.0
13.21516,12.00088,60.66546,4630.75803,-0.78705,38.34763,4.315974060116086,1.6078138975052807,0.0
13.26367,12.04032,60.56831,4628.53322,-0.81585,38.35966,4.371144937118217,1.6283665008217136,0.0
13.31215,12.07975,60.46778,4626.28395,-0.84369,38.37174,4.429079784572668,1.649948755856075,0.0
13.3606,12.11918,60.36399,4624.00844,-0.8705,38.38387,4.489787340590895,1.6725639177847962,0.0
13.40901,12.15861,60.25708,4621.70487,-0.89624,38.39605,4.553272946033733,1.696213976219065,0.0
13.4574,12.19804,60.14717,4619.3714,-0.92086,38.40827,4.619537973079728,1.720899442331493,0.0
13.50575,12.23747,60.03441,4617.0062,-0.9443,38.42054,4.688579219192929,1.7466191230931751,0.0
13.55406,12.2769,59.91895,4614.60742,-0.96651,38.43286,4.7603882673506694,1.7733698829417028,0.0
13.60235,12.31632,59.80094,4612.17319,-0.98745,38.44522,4.834950813976773,1.801146393418601,0.0
13.6506,12.35575,59.68055,4609.70166,-1.00705,38.45763,4.912245966653855,1.829940871548681,0.0
13.69882,12.39517,59.55795,4607.19096,-1.02527,38.47008,4.992245514466933,1.859742808023838,0.0
13.747,12.43459,59.4333,4604.63923,-1.04206,38.48258,5.074913174581445,1.8905386865335387,0.0
13.79515,12.474,59.30678,4602.04464,-1.05738,38.49512,5.16020381963073,1.9223116959463298,0.0
13.84327,12.51342,59.17858,4599.40535,-1.07116,38.5077,5.248062691393815,1.955041437384123,0.0
13.89135,12.55283,59.0489,4596.71956,-1.08336,38.52033,5.338424607365394,1.9887036286486373,0.0
13.93939,12.59224,58.91792,4593.98547,-1.09394,38.533,5.431213167859138,2.0232698088465177,0.0
13.9874,12.63164,58.78585,4591.20135,-1.10285,38.54572,5.526339972497,2.0587070465109885,0.0
14.03536,12.67104,58.65288,4588.36549,-1.11005,38.55848,5.6237038560998,2.0949776549509886,0.0
14.0833,12.71044,58.51925,4585.47624,-1.1155,38.57128,5.7231901551661055,2.1320389189952564,0.0
14.13119,12.74983,58.38515,4582.53199,-1.11915,38.58412,5.82467001733954,2.1698428377507315,0.0
14.17904,12.78921,58.25081,4579.53121,-1.12098,38.597,5.927999767336258,2.208335888393859,0.0
14.22686,12.82859,58.11645,4576.47245,-1.12094,38.60992,6.033020343854906,2.2474588164047278,0.0
14.27464,12.86797,57.9823,4573.35434,-1.11901,38.62289,6.139556822872004,2.2871464579820646,0.0
14.32237,12.90733,57.84858,4570.17559,-1.11516,38.63589,6.24741804343062,2.327327600639664,0.0
14.37007,12.94669,57.71554,4566.93505,-1.10936,38.64893,6.356396352535898,2.3679248881732646,0.0
14.41772,12.98604,57.5834,4563.63165,-1.10159,38.66201,6.466267485974344,2.4088547762625914,0.0
14.46534,13.02538,57.4523,4560.26468,-1.09372,38.65379,6.576894383072304,2.4500662062004266,-9.99999982941839
14.51292,13.06468,57.32235,4556.83349,-1.08388,38.64523,6.688131638619723,2.491505010720182,-9.99999982941839
14.56048,13.10396,57.19378,4553.3373,-1.07207,38.63631,6.79971987579987,2.533074565133011,-9.99999982941839
14.60801,13.14321,57.06685,4549.77551,-1.05829,38.62704,6.911383583542195,2.574672234316002,-9.99999982941839
14.65551,13.18243,56.94177,4546.14765,-1.04253,38.61742,7.0228321022847275,2.616189739934607,-9.99999982941839
14.70298,13.22162,56.81878,4542.45342,-1.0248,38.60745,7.133760451189614,2.657513468602196,-9.99999982941839
14.75042,13.26078,56.69812,4538.69271,-1.00511,38.59713,7.243850373332521,2.6985248612406125,-9.99999982941839
14.79782,13.29991,56.58001,4534.86559,-0.98348,38.58645,7.352771604949329,2.739100885907958,-9.99999982941839
14.8452,13.339,56.46468,4530.97231,-0.95993,38.57543,7.460183371398001,2.7791145950837546,-9.99999982941839
14.89254,13.37806,56.35236,4527.01333,-0.93449,38.56407,7.565736108673949,2.81843576697871,-9.99999982941839
14.93985,13.41708,56.24326,4522.98932,-0.9072,38.55237,7.669073405055619,2.8569316288487885,-9.99999982941839
14.98712,13.45607,56.13759,4518.90116,-0.87809,38.54033,7.769834152895299,2.8944676585939035,-9.99999982941839
15.03437,13.49503,56.03557,4514.74993,-0.84723,38.52797,7.867654895796364,2.930908459143199,-9.99999982941839
15.08157,13.53394,55.93739,4510.53694,-0.81466,38.51529,7.962172351479289,2.96611869828902,-9.99999982941839
15.12874,13.57282,55.84324,4506.26371,-0.78045,38.50231,8.053026085788773,2.9999641048249224,-9.99999982941839
15.17588,13.61166,55.75331,4501.93198,-0.74467,38.48904,8.139861308569667,3.0323125100830244,-9.99999982941839
15.22298,13.65046,55.66777,4497.54371,-0.70739,38.47548,8.222331757716093,3.06303492231818,-9.99999982941839
15.27005,13.68922,55.58678,4493.10106,-0.6687,38.46165,8.300102633805542,3.092006619936403,-9.99999982941839
15.31707,13.72793,55.5105,4488.60641,-0.6287,38.44757,8.372853544433855,3.1191082483371124,-9.99999982941839
15.36406,13.76661,55.43907,4484.06231,-0.58746,38.43325,8.440281414842095,3.1442269041982276,-9.99999982941839
15.41102,13.80524,55.37262,4479.47153,-0.5451,38.41871,8.50210331984786,3.1672571904450932,-9.99999982941839
15.45793,13.84384,55.31126,4474.837,-0.50173,38.40397,8.558059191487919,3.1881022249186053,-9.99999982941839
15.50481,13.88238,55.25509,4470.16183,-0.45744,38.38904,8.607914357288259,3.206674585947592,-9.99999982941839
15.55165,13.92089,55.20422,4465.44925,-0.41237,38.37394,8.65146186570947,3.222897178638399,-9.99999982941839
15.59845,13.95935,55.1587,4460.70268,-0.36663,38.35871,8.688524558072329,3.236704006721691,-9.99999982941839
15.64521,13.99776,55.11861,4455.92561,-0.32033,38.34335,8.718956850126233,3.248040836233564,-9.99999982941839
15.69192,14.03613,55.08398,4451.12167,-0.27362,38.32788,8.742646191278,3.2568657391166767,-9.99999982941839
15.7386,14.07446,55.05484,4446.29455,-0.22661,38.31234,8.759514175267848,3.263149506976265,-9.99999982941839
15.78524,14.11274,55.03122,4441.44801,-0.17945,38.29674,8.769517282551845,3.2668759276371464,-9.99999982941839
15.83184,14.15097,55.01311,4436.58589,-0.13224,38.28111,8.77264724168695,3.2680419197691544,-9.99999982941839
15.8784,14.18915,55.00049,4431.71201,-0.08514,38.26546,8.768931004420821,3.266657523607434,-9.99999982941839
15.92491,14.22729,54.99334,4426.83023,-0.03826,38.24982,8.75843033665423,3.2627457485751816,-9.99999982941839
15.97139,14.26539,54.99161,4421.94439,0.00826,38.23422,8.741241034879062,3.256342281386181,-9.99999982941839
16.01782,14.30343,54.99523,4417.0583,0.05429,38.21867,8.717491784736618,3.2474950608277418,-9.99999982941839
16.06422,14.34144,55.00414,4412.17571,0.09972,38.2032,8.687342684952467,3.2362637278875885,-9.99999982941839
16.11057,14.37939,55.01824,4407.30033,0.14442,38.18783,8.650983465690913,3.2227189620440244,-9.99999982941839
16.15687,14.4173,55.03743,4402.43576,0.18826,38.17258,8.608631435408718,3.206941716414924,-9.99999982941839
16.20314,14.45516,55.06159,4397.58552,0.23115,38.15747,8.560529194291917,3.189022365952779,-9.99999982941839
16.24937,14.49298,55.09061,4392.75299,0.27296,38.14252,8.506942155324749,3.1690597839776578,-9.99999982941839
16.29555,14.53075,55.12433,4387.94146,0.31359,38.12775,8.448155915942786,3.147160363048828,-9.99999982941839
16.34169,14.56848,55.1626,4383.15406,0.35295,38.11318,8.384473523982088,3.1234369964588913,-9.99999982941839
16.38779,14.60616,55.20527,4378.39376,0.39094,38.09881,8.316212681427315,3.098008036556377,-9.99999982941839
16.43385,14.6438,55.25217,4373.66339,0.42747,38.08468,8.243702928185899,3.07099624562752,-9.99999982941839
16.47987,14.68139,55.3031,4368.96561,0.46247,38.07079,8.16728284606285,3.0425277543033094,-9.99999982941839
16.52585,14.71894,55.3579,4364.30291,0.49585,38.05716,8.087297320193576,3.0127310413711594,-9.99999982941839
16.57178,14.75645,55.41634,4359.6776,0.52755,38.0438,8.004094891751151,2.981735947588709,-9.99999982941839
16.61768,14.79391,55.47825,4355.09181,0.5575,38.03072,7.918025231754984,2.949672734611087,-9.99999982941839
16.66353,14.83134,55.5434,4350.54749,0.58566,38.01794,7.82943676153163,2.9166711985499534,-9.99999982941839
16.70934,14.86872,55.61159,4346.04642,0.61198,38.00545,7.738674440895886,2.8828598460127566,-9.99999982941839
16.75512,14.90606,55.68259,4341.59019,0.6364,37.99328,7.646077740565903,2.8483651387740214,-9.99999982941839
16.80085,14.94336,55.75618,4337.18021,0.65891,37.98142,7.551978810900145,2.8133108115816783,-9.99999982941839
16.84654,14.98063,55.83214,4332.81773,0.67946,37.96989,7.456700854723798,2.7778172659920854,-9.99999982941839
16.8922,15.01785,55.91025,4328.50379,0.69805,37.95868,7.360556707986198,2.7420010416275815,-9.99999982941839
16.93781,15.05504,55.99027,4324.23932,0.71464,37.9478,7.263847628324336,2.7059743648845087,-9.99999982941839
16.98339,15.09219,56.07197,4320.02504,0.72923,37.93726,7.166862288278177,2.6698447738794377,-9.99999982941839
17.02893,15.1293,56.15513,4315.86154,0.74182,37.92706,7.069875967037795,2.6337148173537024,-9.99999982941839
17.07443,15.16638,56.23952,4311.74925,0.7524,37.91719,6.973149932167025,2.597681824349193,-9.99999982941839
17.11989,15.20342,56.32492,4307.68847,0.76098,37.90766,6.876931000718731,2.5618377407122503,-9.99999982941839
17.16531,15.24043,56.41108,4303.67934,0.76757,37.89846,6.781451267637646,2.5262690279165727,-9.99999982941839
17.2107,15.27741,56.4978,4299.7219,0.77218,37.8896,6.6869279881594075,2.4910566192537646,-9.99999982941839
17.25605,15.31436,56.58485,4295.81606,0.77484,37.88107,6.593563600167573,2.456275928161913,-9.99999982941839
17.30136,15.35127,56.67201,4291.96159,0.77557,37.87287,6.501545872028205,2.4219969032978566,-9.99999982941839
17.34664,15.38815,56.75906,4288.15819,0.77438,37.865,6.411048161345447,2.3882841249304545,-9.99999982941839
17.39188,15.425,56.8458,4284.40544,0.77132,37.85744,6.322229770230088,2.3551969372874653,-9.99999982941839
17.43709,15.46182,56.93202,4280.70282,0.76642,37.85021,6.235236383037119,2.32278961162431,-9.99999982941839
17.48226,15.49862,57.01751,4277.04975,0.7597,37.84328,6.150200573155926,2.29111153501675,-9.99999982941839
17.5274,15.53538,57.10208,4273.44555,0.75121,37.83666,6.067242366104389,2.2602074201282574,-9.99999982941839
17.5725,15.57212,57.18553,4269.88946,0.741,37.83034,5.986469847055946,2.2301175315298294,-9.99999982941839
17.61757,15.60883,57.26768,4266.38068,0.72909,37.82431,5.9079798018065475,2.2008779244770458,-9.99999982941839
17.66261,15.64551,57.34834,4262.91831,0.71555,37.81856,5.831858381170841,2.1725206924151266,-9.99999982941839
17.70761,15.68217,57.42733,4259.50143,0.70041,37.81309,5.758181779747867,2.145074219837016,-9.99999982941839
17.75258,15.71881,57.50449,4256.12904,0.68372,37.80789,5.687016921007245,2.1185634374960087,-9.99999982941839
17.79751,15.75542,57.57964,4252.80011,0.66553,37.80295,5.618422141566418,2.0930100773170306,-9.99999982941839
17.84242,15.79201,57.65263,4249.51356,0.6459,37.79827,5.55244786849024,2.068432924708557,-9.99999982941839
17.88729,15.82857,57.7233,4246.26827,0.62487,37.79383,5.489137284283107,2.0448480662896746,-9.99999982941839
17.93212,15.86512,57.7916,4243.06289,0.60417,37.80882,5.42845519552266,2.02224239158456,0.0
17.97691,15.90166,57.85748,4239.89609,0.58217,37.82386,5.370364398876169,2.0006020413728933,0.0
18.02166,15.9382,57.9208,4236.76673,0.55892,37.83893,5.31489636113477,1.9799387378623137,0.0
18.06637,15.97473,57.98142,4233.67366,0.53447,37.85403,5.262077315696106,1.9602622536836845,0.0
18.11103,16.01126,58.03923,4230.61568,0.50887,37.86918,5.211928889850064,1.9415806455715379,0.0
18.15566,16.04778,58.09411,4227.59157,0.48217,37.88437,5.164468618323482,1.9239004456729867,0.0
18.20024,16.0843,58.14593,4224.6001,0.45444,37.89959,5.119710430265165,1.90722684296246,0.0
18.24478,16.12082,58.19459,4221.64002,0.42572,37.91486,5.077665108689249,1.8915638543964401,0.0
18.28928,16.15733,58.24,4218.71004,0.39607,37.93017,5.0383407217389635,1.8769144855705662,0.0
18.33374,16.19383,58.28205,4215.80887,0.36554,37.94551,5.001743025409889,1.8632808807446413,0.0
18.37816,16.23034,58.32066,4212.9352,0.3342,37.9609,4.967875837629329,1.8506644621970423,0.0
18.42254,16.26684,58.35574,4210.0877,0.30209,37.97632,4.936741383793084,1.8390660589462582,0.0
18.46688,16.30334,58.38723,4207.26503,0.26928,37.99179,4.908340613990242,1.828486024925472,0.0
18.51119,16.33983,58.41504,4204.46584,0.23581,38.0073,4.88267349230718,1.8189243467559153,0.0
18.55545,16.37633,58.43912,4201.68875,0.20174,38.02285,4.859739258644664,1.8103807412806228,0.0
18.59967,16.41282,58.4594,4198.93238,0.16714,38.03843,4.839536663573936,1.802854743054509,0.0
18.64386,16.44931,58.47585,4196.19534,0.13205,38.05406,4.822064176761489,1.796345781988076,0.0
18.68801,16.4858,58.4884,4193.47621,0.09653,38.06974,4.807320169512967,1.790853251349823,0.0
18.73212,16.52229,58.49703,4190.77357,0.06063,38.08545,4.7953030719563685,1.786376566321124,0.0
18.77619,16.55877,58.5017,4188.08599,0.02442,38.1012,4.786011505375628,1.7829152132939678,0.0
18.82023,16.59526,58.50238,4185.41201,-0.01205,38.117,4.779444390132144,1.780468790074569,0.0
18.86423,16.63174,58.49905,4182.75018,-0.04873,38.13283,4.77560102957665,1.7790370371427446,0.0
18.90819,16.66823,58.4917,4180.09901,-0.08556,38.14871,4.774481170274732,1.7786198600875087,0.0
18.95211,16.70471,58.48032,4177.45702,-0.12248,38.16463,4.776085038787232,1.7792173433087353,0.0
18.99599,16.74119,58.46491,4174.82269,-0.15944,38.18059,4.780413355201151,1.7808297550577792,0.0
19.03984,16.77768,58.44547,4172.19452,-0.19638,38.19659,4.787467323474956,1.7834575438408469,0.0
19.08365,16.81416,58.42202,4169.57095,-0.23324,38.21263,4.797248598630572,1.787101326197153,0.0
19.12743,16.85064,58.39456,4166.95045,-0.26998,38.22872,4.809759230707011,1.791761865820167,0.0
19.17116,16.88712,58.36312,4164.33145,-0.30652,38.24484,4.825001585346114,1.7974400439737204,0.0
19.21486,16.9236,58.32773,4161.71236,-0.34282,38.26101,4.842978240781407,1.8041368211176378,0.0
19.25852,16.96008,58.28843,4159.09159,-0.37882,38.27722,4.863691860966494,1.8118531896447305,0.0
19.30215,16.99656,58.24525,4156.46753,-0.41446,38.29347,4.887145044513302,1.820590117606315,0.0
19.34574,17.03304,58.19825,4153.83854,-0.44969,38.30976,4.913340149079104,1.8303484832917587,0.0
19.38929,17.06953,58.14747,4151.20298,-0.48444,38.32609,4.942279090824275,1.8411290005212178,0.0
19.4328,17.10601,58.09297,4148.5592,-0.51867,38.34246,4.97396311855391,1.8529321345074494,0.0
19.47628,17.14249,58.03483,4145.90552,-0.55231,38.35887,5.008392562173938,1.865758008149092,0.0
19.51971,17.17897,57.9731,4143.24024,-0.5853,38.37532,5.045566555147926,1.8796062986385242,0.0
19.56312,17.21545,57.90788,4140.56167,-0.6176,38.39181,5.085482730693181,1.894476124286919,0.0
19.60648,17.25193,57.83924,4137.86809,-0.64914,38.40834,5.12813689157032,1.9103659215121704,0.0
19.6498,17.2884,57.76727,4135.15778,-0.67986,38.42492,5.173522653443541,1.9272733119812104,0.0
19.69309,17.32488,57.69208,4132.429,-0.70971,38.44153,5.221631061973843,1.9451949599671583,0.0
19.73634,17.36136,57.61375,4129.68,-0.73863,38.45818,5.272450184001826,1.9641264200541562,0.0
19.77955,17.39784,57.5324,4126.90903,-0.76657,38.47487,5.325964673431826,1.9840619754177906,0.0
19.82272,17.43431,57.44815,4124.11435,-0.79347,38.49159,5.38215531274944,2.0049944670283018,0.0
19.86585,17.47079,57.36111,4121.29417,-0.81926,38.50836,5.440998531419156,2.026915114241035,0.0
19.90894,17.50726,57.27141,4118.44676,-0.84391,38.52517,5.5024659028300595,2.049813327395475,0.0
19.95199,17.54373,57.17918,4115.57035,-0.86734,38.54201,5.5665236218808785,2.073676513201931,0.0
19.99501,17.5802,57.08456,4112.6632,-0.88952,38.55889,5.633131965813961,2.09848987388801,0.0
20.03798,17.61667,56.98769,4109.72357,-0.91037,38.57581,5.702244741433808,2.1242362012729723,0.0
20.08091,17.65313,56.88872,4106.74973,-0.92986,38.59276,5.773808722449353,2.150895667162928,0.0
20.1238,17.68959,56.7878,4103.73998,-0.94793,38.60975,5.847763081292527,2.178445611688301,0.0
20.16665,17.72605,56.6851,4100.69264,-0.96453,38.62678,5.9240388204747205,2.206860331469152,0.0
20.20946,17.76251,56.58077,4097.60606,-0.97961,38.64384,6.002558209201774,2.236110869739435,0.0
20.25222,17.79896,56.47499,4094.47862,-0.99313,38.66094,6.083234231700702,2.2661648108341916,0.0
20.29495,17.83541,56.36793,4091.30873,-1.00503,38.67807,6.1659700544547835,2.2969860817205987,0.0
20.33763,17.87185,56.25976,4088.09487,-1.01528,38.69524,6.250658520230277,2.3285347635096127,0.0
20.38026,17.90829,56.15068,4084.83554,-1.02384,38.71244,6.33718167748866,2.36076691614964,0.0
20.42285,17.94473,56.04086,4081.52934,-1.03066,38.72967,6.425410354425621,2.393634419744862,0.0
20.4654,17.98115,55.93049,4078.1749,-1.03571,38.74694,6.515203787433048,2.4270848361475426,0.0
20.50791,18.01758,55.81978,4074.77095,-1.03896,38.76424,6.606409314301405,2.461061294667845,0.0
20.55036,18.05399,55.7089,4071.31627,-1.04037,38.78157,6.698862142805332,2.495502405865879,0.0
20.59278,18.0904,55.59807,4067.80975,-1.03993,38.79894,6.79238520557037,2.5303422074857336,0.0
20.63514,18.12681,55.48749,4064.25038,-1.03761,38.81633,6.886789112137716,2.565510146598345,0.0
20.67746,18.1632,55.37735,4060.63724,-1.03339,38.83376,6.981872208996275,2.6009311019650045,0.0
20.71973,18.19959,55.26786,4056.96952,-1.02725,38.85121,7.077420757972702,2.6365254504923517,0.0
20.76196,18.23597,55.15922,4053.24656,-1.0192,38.8687,7.173209242695973,2.6722091813984874,0.0
20.80413,18.27234,55.05163,4049.46778,-1.00921,38.88621,7.269000811973033,2.70789406138207,0.0
20.84626,18.3087,54.94531,4045.63278,-0.9973,38.90376,7.364547867696467,2.7434878536333884,0.0
20.88833,18.34505,54.84045,4041.74127,-0.98347,38.92133,7.459592803360844,2.7788945929511337,0.0
20.93036,18.38139,54.73726,4037.79313,-0.96773,38.93892,7.553868897519184,2.8140149185784415,0.0
20.97233,18.41772,54.63593,4033.78837,-0.95009,38.95655,7.647101364350892,2.8487464655670927,0.0
21.01425,18.45404,54.53667,4029.72719,-0.93059,38.9742,7.739008561169922,2.8829843146060687,0.0
21.05613,18.49034,54.43966,4025.60993,-0.90924,38.99188,7.829303350052902,2.91662149926386,0.0
21.09794,18.52663,54.34509,4021.43712,-0.88609,39.00958,7.917694607960317,2.949549568548338,0.0
21.13971,18.56291,54.25315,4017.20944,-0.86117,39.0273,8.003888876688972,2.9816592015574646,0.0
21.18142,18.59918,54.16402,4012.92778,-0.83453,39.04505,8.087592140957286,3.0128408698628424,0.0
21.22308,18.63543,54.07786,4008.59316,-0.80623,39.06283,8.16851171978481,3.042985542098353,0.0
21.26468,18.67167,53.99486,4004.20683,-0.77632,39.08063,8.24635825327845,3.071985424090304,0.0
21.30623,18.70789,53.91516,3999.77016,-0.74487,39.09845,8.320847764078456,3.0997347268002917,0.0
21.34772,18.7441,53.83891,3995.28475,-0.71196,39.11629,8.391703769979065,3.1261304533319874,0.0
21.38915,18.78029,53.76627,3990.75233,-0.67767,39.13415,8.458659421985649,3.1510731954136717,0.0
21.43053,18.81646,53.69736,3986.17481,-0.64207,39.15204,8.521459640077742,3.1744679290261604,0.0
21.47185,18.85262,53.6323,3981.55427,-0.60525,39.16994,8.579863217581078,3.1962247983367615,0.0
21.51311,18.88876,53.57122,3976.89292,-0.56732,39.18787,8.633644864160056,3.2162598767677175,0.0
21.55431,18.92488,53.5142,3972.19315,-0.52837,39.20581,8.682597157240393,3.2344958939524924,0.0
21.59545,18.96098,53.46135,3967.45745,-0.48851,39.22378,8.726532372099678,3.2508629174926513,0.0
21.63654,18.99707,53.41275,3962.68846,-0.44784,39.24176,8.76528416199391,3.26529897884921,0.0
21.67757,19.03313,53.36846,3957.88894,-0.40648,39.25976,8.798709061472271,3.277750633366935,0.0
21.71853,19.06918,53.32853,3953.06172,-0.36454,39.27779,8.826687788546726,3.288173445366784,0.0
21.75944,19.10521,53.29301,3948.20974,-0.32214,39.29583,8.849126324388935,3.296532390361417,0.0
21.80028,19.14122,53.26194,3943.33604,-0.27941,39.31388,8.865956752913576,3.3028021678220725,0.0
21.84106,19.1772,53.23533,3938.44366,-0.23646,39.33196,8.87713784661178,3.3069674194169334,0.0
21.88179,19.21317,53.21318,3933.53575,-0.19341,39.35005,8.882655389453983,3.3090228493009444,0.0
21.92245,19.24912,53.19549,3928.61546,-0.15039,39.36817,8.882522232307698,3.3089732447603777,0.0
21.96305,19.28504,53.18224,3923.68594,-0.10752,39.38629,8.876778081048542,3.3068333972786257,0.0
22.00359,19.32094,53.17339,3918.75039,-0.06493,39.40444,8.865489022268285,3.302627925849967,0.0
22.04407,19.35683,53.1689,3913.81195,-0.02273,39.4226,8.848746796047068,3.2963910060680806,0.0
22.08448,19.39269,53.16871,3908.87376,0.01895,39.44078,8.826667829512225,3.288166010101279,0.0
22.12484,19.42853,53.17275,3903.9389,0.06,39.45898,8.79939204882565,3.2780050641265475,0.0
22.16513,19.46435,53.18094,3899.01041,0.1003,39.47719,8.767081490639578,3.265968531060284,0.0
22.20536,19.50015,53.19319,3894.09125,0.13975,39.49543,8.729918736928852,3.25212442749214,0.0
22.24553,19.53593,53.2094,3889.18432,0.17824,39.51368,8.68810519929605,3.2365477845435326,0.0
22.28564,19.57168,53.22945,3884.2924,0.21567,39.53194,8.641859280545068,3.2193199630054377,0.0
22.32569,19.60742,53.25322,3879.41819,0.25193,39.55023,8.59141444211436,3.2005279334064176,0.0
22.36568,19.64313,53.28058,3874.56427,0.28694,39.56853,8.537017206367057,3.1802635318131354,0.0
22.4056,19.67882,53.31139,3869.73311,0.32061,39.58685,8.478925122302151,3.158622702004235,0.0
22.44547,19.7145,53.34549,3864.92704,0.35286,39.60518,8.417404722421017,3.135704734349371,0.0
22.48527,19.75015,53.38274,3860.14829,0.38361,39.62354,8.35272949695966,3.111611511157418,0.0
22.52502,19.78578,53.42297,3855.39892,0.41278,39.64191,8.285177909920556,3.0864467675961267,0.0
22.5647,19.82139,53.46601,3850.68086,0.44033,39.66031,8.215031479036737,3.0603153764282283,0.0
22.60433,19.85698,53.51169,3845.9959,0.46619,39.67872,8.14257293931038,3.0333226638812385,0.0
22.64389,19.89256,53.55983,3841.3457,0.4903,39.69715,8.068084507055229,3.005573762957587,0.0
22.6834,19.92811,53.61024,3836.73176,0.51263,39.7156,7.9918462585404155,2.9771730094367745,0.0
22.72285,19.96364,53.66274,3832.15543,0.53313,39.73407,7.914134634478699,2.9482233847578962,0.0
22.76224,19.99916,53.71715,3827.61792,0.55177,39.75256,7.835221078765441,2.918826008914094,0.0
22.80158,20.03465,53.77326,3823.12032,0.56853,39.77108,7.755370817176698,2.889079685485459,0.0
22.84086,20.07013,53.83089,3818.66354,0.58337,39.78961,7.674841779073838,2.8590804999456303,0.0
22.88008,20.1056,53.88984,3814.24839,0.59629,39.80816,7.593883662906301,2.8289214715369857,0.0
22.91924,20.14104,53.94991,3809.87552,0.60728,39.82674,7.512737144000175,2.798692258151042,0.0
22.95835,20.17647,54.01091,3805.54546,0.61633,39.84534,7.431633221316479,2.768478912978728,0.0
22.9974,20.21188,54.07265,3801.25862,0.62344,39.86396,7.350792698152785,2.7383636910580744,0.0
23.0364,20.24727,54.13493,3797.01528,0.62861,39.8826,7.270425790392755,2.7084249033368555,0.0
23.07535,20.28265,54.19756,3792.81561,0.63186,39.90127,7.190731854807223,2.6787368154576012,0.0
23.11424,20.31802,54.26035,3788.65966,0.63321,39.91996,7.111899228989028,2.6493695881291037,0.0
23.15307,20.35337,54.3231,3784.54738,0.63266,39.93867,7.034105173943212,2.620389255739759,0.0
23.19186,20.3887,54.38565,3780.47862,0.63024,39.95741,6.95751590991133,2.5918577397030638,0.0
23.23059,20.42402,54.4478,3776.45313,0.62598,39.97618,6.882286735799866,2.563832892947844,0.0
23.26927,20.45933,54.50937,3772.47057,0.61992,39.99497,6.808562222595402,2.536368571970493,0.0
23.3079,20.49462,54.57018,3768.53052,0.61207,40.01378,6.7364764712399605,2.509514732900322,0.0
23.34647,20.5299,54.63008,3764.63247,0.60248,40.03262,6.666153425713367,2.4833175481309797,0.0
23.385,20.56517,54.68889,3760.77584,0.59119,40.05149,6.597707232454213,2.4578195402142127,0.0
23.42348,20.60042,54.74644,3756.95998,0.57824,40.07038,6.531242637680267,2.43305972987218,0.0
23.4619,20.63567,54.80258,3753.18415,0.56367,40.0893,6.466855414680154,2.409073795174841,0.0
23.50028,20.6709,54.85716,3749.44759,0.54754,40.10825,6.404632813748105,2.38589423915249,0.0
23.53861,20.70612,54.91002,3745.74945,0.52988,40.12722,6.344654027966285,2.363550563311929,0.0
23.57689,20.74133,54.96103,3742.08883,0.51076,40.14623,6.286990668693424,2.342069444768494,0.0
23.61512,20.77653,55.01005,3738.46478,0.49021,40.16526,6.231707245172304,2.3214749149124603,0.0
23.6533,20.81173,55.05695,3734.87631,0.4683,40.18432,6.17886164330069,2.3017885377638154,0.0
23.69144,20.84691,55.10159,3731.32239,0.44509,40.2034,6.128505599156108,2.283029586372697,0.0
23.72953,20.88208,55.14386,3727.80192,0.42062,40.22252,6.080685163405355,2.265215215824151,0.0
23.76757,20.91724,55.18365,3724.31379,0.39496,40.24167,6.03544115326401,2.248360631604948,0.0
23.80557,20.95239,55.22085,3720.85685,0.36816,40.26084,5.9928095891264626,2.23247925225975,0.0
23.84352,20.98754,55.25534,3717.4299,0.34028,40.28005,5.952822113430924,2.2175828654293546,0.0
23.88142,21.02268,55.28705,3714.03173,0.31139,40.29928,5.915506389726181,2.203681776513556,0.0
23.91928,21.05781,55.31587,3710.66107,0.28155,40.31855,5.880886480249319,2.1907849493287848,0.0
23.9571,21.09293,55.34172,3707.31666,0.25081,40.33785,5.848983200669039,2.1789001382593245,0.0
23.99487,21.12804,55.36453,3703.99719,0.21924,40.35717,5.819814450885129,2.1680340114888215,0.0
24.03259,21.16315,55.38422,3700.70132,0.18691,40.37653,5.79339552106271,2.1581922650060914,0.0
24.07027,21.19825,55.40073,3697.4277,0.15387,40.39592,5.7697393722568595,2.1493797271451767,0.0
24.10791,21.23334,55.41399,3694.17496,0.1202,40.41534,5.748856891162151,2.141600453486252,0.0
24.1455,21.26843,55.42396,3690.94169,0.08595,40.43479,5.7307571186705015,2.1348578119994364,0.0
24.18305,21.30351,55.43059,3687.72648,0.05118,40.45427,5.715447452040105,2.129154558358041,0.0
24.22056,21.33859,55.43383,3684.52788,0.01598,40.47378,5.702933820561181,2.1244929013786815,0.0
24.25802,21.37366,55.43366,3681.34444,-0.01961,40.49332,5.693220834688296,2.120874558576993,0.0
24.29544,21.40872,55.43004,3678.17468,-0.05552,40.5129,5.686311908649805,2.118300801842871,0.0
24.33281,21.44378,55.42296,3675.0171,-0.09167,40.5325,5.682209356601581,2.116772493260266,0.0
24.37014,21.47883,55.4124,3671.87018,-0.12801,40.55214,5.6809144623848695,2.1162901110938237,0.0
24.40743,21.51387,55.39835,3668.7324,-0.16447,40.57181,5.682427523005546,2.116853765986047,0.0
24.44468,21.54891,55.38081,3665.60222,-0.20098,40.59151,5.686747865944716,2.1184632074059513,0.0
24.48189,21.58395,55.35978,3662.47806,-0.23747,40.61124,5.693873840399272,2.1211178203859458,0.0
24.51905,21.61898,55.33527,3659.35835,-0.27389,40.63101,5.703802782587887,2.1248166125973973,0.0
24.55617,21.654,55.30731,3656.24149,-0.31017,40.6508,5.716530955244393,2.129558191810323,0.0
24.59324,21.68902,55.2759,3653.12588,-0.34623,40.67063,5.732053461457871,2.135340733796563,0.0
24.63028,21.72403,55.24109,3650.0099,-0.38201,40.69048,5.750364132996084,2.1421619407273114,0.0
24.66727,21.75904,55.20291,3646.89191,-0.41745,40.71037,5.7714553933374,2.15001899014891,0.0
24.70422,21.79404,55.16139,3643.77026,-0.45249,40.73029,5.795318095633867,2.1589084746198286,0.0
24.74112,21.82904,55.1166,3640.64331,-0.48705,40.75024,5.821941335903998,2.168826332120063,0.0
24.77799,21.86403,55.06857,3637.50938,-0.52106,40.77022,5.851312241856415,2.1797677673823843,0.0
24.81481,21.89902,55.01738,3634.36679,-0.55448,40.79023,5.8834157377864855,2.1917271643101506,0.0
24.85158,21.934,54.96308,3631.21387,-0.58722,40.81027,5.918234286182397,2.204697989718772,0.0
24.88832,21.96897,54.90576,3628.04892,-0.61923,40.83034,5.955747606765658,2.2186726886709054,0.0
24.92501,22.00394,54.84548,3624.87025,-0.65043,40.85044,5.995932373896014,2.2336425717518207,0.0
24.96166,22.0389,54.78234,3621.67617,-0.68078,40.87057,6.038761893467479,2.249597694704673,0.0
24.99826,22.07386,54.71642,3618.46498,-0.7102,40.89073,6.0842057606638535,2.2665267309354307,0.0
25.03482,22.10881,54.64782,3615.23499,-0.73862,40.91092,6.132229500175281,2.284416837484072,0.0
25.07134,22.14375,54.57664,3611.98451,-0.766,40.93114,6.182794190842527,2.3032535151947036,0.0
25.10782,22.17869,54.50299,3608.71186,-0.79227,40.95138,6.2358560769421265,2.323020463909053,0.0
25.14425,22.21362,54.42698,3605.41537,-0.81736,40.97166,6.291366168744838,2.3436994336639807,0.0
25.18063,22.24854,54.34874,3602.09338,-0.84122,40.99196,6.349269835348691,2.3652700730110774,0.0
25.21697,22.28346,54.26837,3598.74425,-0.8638,41.01229,6.4095063931886855,2.3877097757256984,0.0
25.25327,22.31837,54.18602,3595.36637,-0.88502,41.03265,6.472008694091725,2.410993527346593,0.0
25.28952,22.35327,54.10181,3591.95814,-0.90485,41.05303,6.536702717153364,2.435093753139246,0.0
25.32572,22.38816,54.01589,3588.518,-0.92323,41.07344,6.603507169230696,2.4599801692689733,0.0
25.36188,22.42304,53.9284,3585.04442,-0.9401,41.09388,6.6723330992462975,2.485619639118992,0.0
25.39799,22.45791,53.83948,3581.53592,-0.95542,41.11434,6.743083532014007,2.5119760368808857,0.0
25.43406,22.49278,53.74929,3577.99105,-0.96914,41.13482,6.815653127697708,2.539010120694044,0.0
25.47008,22.52763,53.65798,3574.40842,-0.98121,41.15533,6.889927873430188,2.5666794177655707,0.0
25.50605,22.56248,53.56571,3570.78667,-0.9916,41.17587,6.965784813988428,2.5949381240397433,0.0
25.54198,22.59731,53.47265,3567.12455,-1.00027,41.19643,7.0430918287265625,2.623737021099675,0.0
25.57786,22.63214,53.37896,3563.42083,-1.00718,41.21701,7.121707462179579,2.653023413062731,0.0
25.61368,22.66695,53.2848,3559.67438,-1.01229,41.23761,7.201480815909691,2.6827410862904584,0.0
25.64946,22.70175,53.19035,3555.88413,-1.01559,41.25824,7.28225150915937,2.712830294730807,0.0
25.6852,22.73654,53.09578,3552.04912,-1.01704,41.27889,7.363849715817649,2.743227773689047,0.0
25.72088,22.77131,53.00126,3548.16847,-1.01662,41.29956,7.44609628493124,2.773866784721333,0.0
25.75651,22.80608,52.90698,3544.24138,-1.01432,41.32025,7.528802951583435,2.804677194192645,0.0
25.79209,22.84083,52.8131,3540.26718,-1.01013,41.34096,7.611772644432668,2.835585587842989,0.0
25.82762,22.87556,52.7198,3536.2453,-1.00404,41.36169,7.69479989539372,2.8665154234044303,0.0
25.8631,22.91028,52.62726,3532.17528,-0.99605,41.38244,7.777671356051204,2.897387222978704,0.0
25.89853,22.94499,52.53565,3528.0568,-0.98616,41.4032,7.86016642424102,2.9281188064552883,0.0
25.9339,22.97968,52.44515,3523.88964,-0.97438,41.42399,7.9420579829011375,2.958625566752769,0.0
25.96922,23.01435,52.35594,3519.67374,-0.96072,41.44479,8.023113251829008,2.988820787120881,0.0
26.00449,23.04901,52.26817,3515.40915,-0.94521,41.46561,8.103094751285338,3.0186160001082687,0.0
26.03971,23.08365,52.18202,3511.09608,-0.92786,41.48644,8.18176137461433,3.047921387141749,0.0
26.07487,23.11828,52.09765,3506.73486,-0.90872,41.50729,8.258869565068279,3.07664621692444,0.0
26.10997,23.15288,52.01523,3502.32599,-0.88782,41.52816,8.334174590073662,3.104699320133401,0.0
26.14502,23.18747,51.9349,3497.8701,-0.8652,41.54904,8.407431904119907,3.1319895971315663,0.0
26.18002,23.22204,51.85682,3493.36798,-0.84091,41.56993,8.478398589363717,3.158426554630753,0.0
26.21496,23.25659,51.78114,3488.82056,-0.81501,41.59084,8.546834861114613,3.183920866524643,0.0
26.24984,23.29112,51.70799,3484.22891,-0.78756,41.61176,8.61250562344648,3.208384953395013,0.0
26.28467,23.32562,51.63751,3479.59427,-0.75863,41.63269,8.67518205847935,3.2317335745610127,0.0
26.31944,23.36011,51.56982,3474.91799,-0.72829,41.65364,8.734643231374637,3.253884425982126,0.0
26.35415,23.39458,51.50504,3470.2016,-0.69663,41.67459,8.790677691876228,3.2747587368743565,0.0
26.3888,23.42902,51.44328,3465.44674,-0.66371,41.69556,8.843085052291515,3.294281857549693,0.0
26.4234,23.46344,51.38465,3460.65518,-0.62964,41.71653,8.891677521313175,3.312383830805069,0.0
26.45794,23.49784,51.32922,3455.82881,-0.59451,41.73752,8.936281372875301,3.3289999391099285,0.0
26.49241,23.53221,51.2771,3450.96967,-0.55841,41.75852,8.976738329590228,3.3440712199728346,0.0
26.52683,23.56656,51.22835,3446.07987,-0.52145,41.77953,9.012906840930748,3.357544942097986,0.0
26.56119,23.60089,51.18303,3441.16165,-0.48374,41.80054,9.044663237545352,3.369375035398008,0.0
26.59549,23.6352,51.14121,3436.21731,-0.44538,41.82156,9.071902744573798,3.379522468480669,0.0
26.62973,23.66947,51.10291,3431.24926,-0.40649,41.8426,9.094540338860035,3.3879555679832456,0.0
26.6639,23.70373,51.06819,3426.25996,-0.36718,41.86364,9.11251143718533,3.3946502749574723,0.0
26.69802,23.73795,51.03705,3421.25196,-0.32757,41.88468,9.125772405290924,3.3995903344938765,0.0
26.73208,23.77216,51.00951,3416.22782,-0.28777,41.90574,9.134300880282696,3.4027674158259944,0.0
26.76607,23.80633,50.98557,3411.19016,-0.2479,41.9268,9.138095902031688,3.4041811612805257,0.0
26.8,23.84048,50.96523,3406.14161,-0.20809,41.94787,9.137177852273048,3.4038391635900886,0.0
26.83388,23.87461,50.94845,3401.08483,-0.16845,41.96895,9.131588203236214,3.4017568722513505,0.0
26.86769,23.9087,50.93522,3396.02247,-0.1291,41.99003,9.121389080700972,3.397957430751909,0.0
26.90144,23.94278,50.92548,3390.95717,-0.09015,42.01112,9.10666264928984,3.392471447575531,0.0
26.93512,23.97682,50.91919,3385.89155,-0.05172,42.03222,9.087510330514354,3.3853367049038274,0.0
26.96875,24.01084,50.91629,3380.8282,-0.01392,42.05332,9.06405186657205,3.3765978098559857,0.0
27.00231,24.04483,50.9167,3375.76965,0.02314,42.07443,9.036424244957455,3.366305793878075,0.0
27.03582,24.07879,50.92035,3370.7184,0.05935,42.09555,9.004780500755574,3.354517666565855,0.0
27.06926,24.11273,50.92715,3365.67687,0.09462,42.11668,8.96928841483049,3.341295930705778,0.0
27.10264,24.14664,50.93699,3360.64741,0.12884,42.13781,8.930129127066532,3.3267080656708323,0.0
27.13596,24.18052,50.94978,3355.6323,0.16192,42.15894,8.88749568435858,3.3108259865087297,0.0
27.16922,24.21438,50.9654,3350.63371,0.19377,42.18009,8.841591543199419,3.2937254861162977,0.0
27.20242,24.24821,50.98373,3345.65375,0.22431,42.20124,8.792629046417401,3.2754856677841713,0.0
27.23555,24.28201,51.00465,3340.6944,0.25346,42.2224,8.740827893017096,3.256188375172183,0.0
27.26863,24.31579,51.02802,3335.75755,0.28114,42.24357,8.686413619136333,3.235917626425886,0.0
27.30165,24.34954,51.05371,3330.84497,0.30729,42.26475,8.629616106915345,3.2147590586910795,0.0
27.33461,24.38326,51.08157,3325.95832,0.33184,42.28593,8.570668136604464,3.1927993887358324,0.0
27.3675,24.41696,51.11145,3321.09916,0.35474,42.30712,8.509803995626903,3.1701258947897606,0.0
27.40034,24.45063,51.1432,3316.26891,0.37594,42.32832,8.447258156534362,3.1468259240477177,0.0
27.43312,24.48428,51.17667,3311.46888,0.39539,42.34953,8.383264033961096,3.1229864296024745,0.0
27.46584,24.5179,51.2117,3306.70027,0.41306,42.37075,8.318052828786572,3.098693539864891,0.0
27.49851,24.5515,51.24814,3301.96414,0.42891,42.39198,8.251852465884005,3.074032162847307,0.0
27.53111,24.58507,51.2858,3297.26145,0.44291,42.41321,8.184886629985774,3.0490856269980298,0.0
27.56366,24.61862,51.32455,3292.59305,0.45505,42.43446,8.117373902471538,3.0239353596322065,0.0
27.59615,24.65214,51.3642,3287.95963,0.4653,42.45572,8.049527000267918,2.9986606034019245,0.0
27.62858,24.68564,51.4046,3283.36183,0.47366,42.47699,7.981552116562799,2.9733381706949356,0.0
27.66096,24.71912,51.44557,3278.80012,0.48013,42.49827,7.913648361670742,2.9480422353423243,0.0
27.69328,24.75257,51.48697,3274.2749,0.48469,42.51956,7.8460073012664955,2.9228441605983306,0.0
27.72554,24.786,51.52861,3269.78644,0.48737,42.54087,7.778812588090796,2.8978123619410736,0.0
27.75775,24.81941,51.57035,3265.33493,0.48816,42.56218,7.712239682501364,2.8730122029704437,0.0
27.78991,24.8528,51.61202,3260.92044,0.48709,42.58351,7.646455656457635,2.8485059223872584,0.0
27.82201,24.88616,51.65346,3256.54296,0.48416,42.60485,7.581619075052267,2.8243525898606303,0.0
27.85405,24.9195,51.69453,3252.20239,0.47942,42.62621,7.517879949326808,2.800608088450565,0.0
27.88605,24.95283,51.73505,3247.89852,0.47287,42.64757,7.455379753815792,2.7773251211435963,0.0
27.91799,24.98613,51.77489,3243.63108,0.46456,42.66896,7.39425150219154,2.7545532390324627,0.0
27.94987,25.01941,51.8139,3239.39971,0.45451,42.69035,7.334619874346545,2.732338888657645,0.0
27.98171,25.05267,51.85194,3235.20398,0.44277,42.71176,7.276601388327335,2.7107254760572475,0.0
28.01349,25.08591,51.88886,3231.04337,0.42938,42.73319,7.220304610718751,2.6897534451406826,0.0
28.04522,25.11913,51.92453,3226.9173,0.41438,42.75463,7.165830399274723,2.6694603680750175,0.0
28.0769,25.15233,51.95883,3222.82514,0.39782,42.77609,7.1132721719013805,2.6498810454882573,0.0
28.10852,25.18551,51.99162,3218.76617,0.37974,42.79756,7.062716196406681,2.6310476144087085,0.0
28.1401,25.21868,52.02279,3214.73963,0.3602,42.81905,7.014241895792248,2.6129896619942223,0.0
28.17162,25.25182,52.05221,3210.74471,0.33926,42.84056,6.967922164232315,2.5957343432426607,0.0
28.2031,25.28495,52.07978,3206.78051,0.31697,42.86208,6.923823689253411,2.5793065010123106,0.0
28.23453,25.31806,52.1054,3202.84613,0.29338,42.88362,6.882007276051396,2.5637287868385106,0.0
28.2659,25.35115,52.12895,3198.94059,0.26856,42.90518,6.842528170206973,2.5490217811536717,0.0
28.29723,25.38423,52.15035,3195.06287,0.24257,42.92675,6.80543637548374,2.5352041116754123,0.0
28.32851,25.41729,52.1695,3191.21192,0.21547,42.94834,6.7707769637299755,2.522292568853127,0.0
28.35974,25.45033,52.18633,3187.38663,0.18733,42.96995,6.738590374228817,2.5103022173838068,0.0
28.39092,25.48336,52.20074,3183.58587,0.15822,42.99158,6.70891270018761,2.499246502936858,0.0
28.42205,25.51637,52.21268,3179.80847,0.12819,43.01323,6.681775960339047,2.4891373533326706,0.0
28.45314,25.54936,52.22206,3176.05321,0.09731,43.03489,6.657208353912602,2.4799852735261902,0.0
28.48418,25.58234,52.22884,3172.31887,0.06567,43.05657,6.635234497477498,2.471799433837155,0.0
28.51517,25.6153,52.23295,3168.60417,0.03332,43.07827,6.615875642397805,2.4645877509578367,0.0
28.54611,25.64825,52.23435,3164.90782,0.00033,43.1,6.599149871852332,2.458356961348139,0.0
28.57701,25.68118,52.23299,3161.22849,-0.03322,43.12173,6.585072276548956,2.4531126866938067,0.0
28.60786,25.71409,52.22884,3157.56484,-0.06726,43.14349,6.5736551084514945,2.44885949117373,0.0
28.63866,25.74699,52.22187,3153.91548,-0.10172,43.16527,6.564907911972199,2.4456009303326014,0.0
28.66942,25.77988,52.21204,3150.27903,-0.13653,43.18707,6.558837632248174,2.4433395914167306,0.0
28.70013,25.81275,52.19934,3146.65406,-0.17162,43.20888,6.5554487002149,2.442077125066167,0.0
28.73079,25.84561,52.18376,3143.03913,-0.2069,43.23072,6.554743094343072,2.441814268313304,0.0
28.76141,25.87845,52.16529,3139.43279,-0.24232,43.25257,6.556720378971161,2.4425508588627562,0.0
28.79198,25.91127,52.14393,3135.83356,-0.27779,43.27444,6.56137771931258,2.444285840681935,0.0
28.82251,25.94409,52.11968,3132.23996,-0.31324,43.29634,6.568709873284771,2.447017260957157,0.0
28.85299,25.97688,52.09256,3128.65047,-0.3486,43.31825,6.578709160428206,2.450742258515166,0.0
28.88342,26.00967,52.06258,3125.06357,-0.38379,43.34018,6.591365408249161,2.4554570438343934,0.0
28.91381,26.04243,52.02977,3121.47773,-0.41874,43.36212,6.6066658764788615,2.461156870829505,0.0
28.94415,26.07519,51.99415,3117.89142,-0.45339,43.38409,6.624595159807561,2.467836000617282,0.0
28.97445,26.10792,51.95577,3114.30307,-0.48764,43.40608,6.645135069767902,2.4754876575150657,0.0
29.0047,26.14065,51.91465,3110.71113,-0.52144,43.42808,6.668264496617295,2.4841039775883105,0.0
29.0349,26.17336,51.87085,3107.11403,-0.55471,43.45011,6.69395925215246,2.493675950094867,0.0
29.06506,26.20605,51.82443,3103.51021,-0.58738,43.47215,6.722191894568749,2.504193352240464,0.0
29.09517,26.23873,51.77543,3099.89809,-0.61938,43.4942,6.752931536649796,2.5156446777243144,0.0
29.12524,26.27139,51.72392,3096.2761,-0.65063,43.51628,6.786143638737361,2.528017059614931,0.0
29.15526,26.30404,51.66997,3092.64268,-0.68107,43.53837,6.821789788123371,2.5412961881678577,0.0
29.18524,26.33667,51.61366,3088.99626,-0.71063,43.56048,6.859827466747448,2.555466224286885,0.0
29.21516,26.36929,51.55507,3085.3353,-0.73925,43.58261,6.900209809279121,2.570509709403312,0.0
29.24504,26.40189,51.49427,3081.65824,-0.76685,43.60476,6.942885353899719,2.5864074726356425,0.0
29.27488,26.43447,51.43137,3077.96355,-0.79337,43.62692,6.987797788394659,2.60313853620228,0.0
29.30467,26.46704,51.36645,3074.24973,-0.81874,43.64909,7.034885694372356,2.6206800201363434,0.0
29.33441,26.49959,51.29961,3070.51527,-0.84292,43.67129,7.084082292723227,2.6390070474624503,0.0
29.3641,26.53213,51.23097,3066.75872,-0.86583,43.69349,7.135315193706951,2.658092651097642,0.0
29.39375,26.56464,51.16062,3062.97862,-0.88741,43.71572,7.1885061553176755,2.6779076838360663,0.0
29.42335,26.59715,51.08869,3059.17356,-0.90762,43.73795,7.243570853827569,2.698420732870417,0.0
29.4529,26.62963,51.01529,3055.34216,-0.9264,43.7602,7.300418670680917,2.719598040404371,0.0
29.4824,26.66209,50.94054,3051.48309,-0.94369,43.78247,7.3589525001223075,2.7414034319890326,0.0
29.51186,26.69454,50.86456,3047.59506,-0.95944,43.80475,7.419068582158183,2.7637982542967103,0.0
29.54127,26.72697,50.78749,3043.67681,-0.97362,43.82704,7.480656365597523,2.786741324099973,0.0
29.57062,26.75937,50.70945,3039.72715,-0.98618,43.84934,7.543598406060379,2.8101888902771437,0.0
29.59993,26.79176,50.63058,3035.74494,-0.99707,43.87166,7.607770303887914,2.834094610682151,0.0
29.62919,26.82413,50.55102,3031.7291,-1.00627,43.89398,7.673040686920606,2.8584095457289647,0.0
29.6584,26.85648,50.4709,3027.67864,-1.01374,43.91632,7.739271243003864,2.8830821705007867,0.0
29.68756,26.88881,50.39037,3023.59261,-1.01945,43.93867,7.806316806954195,2.908058407147242,0.0
29.71667,26.92111,50.30956,3019.47014,-1.02337,43.96103,7.874025506492275,2.933281679248282,0.0
29.74573,26.9534,50.22863,3015.31046,-1.02549,43.9834,7.942238971278722,2.95869298968551,0.0
29.77474,26.98566,50.14771,3011.11288,-1.02579,44.00577,8.010792608770505,2.984231023405959,0.0
29.8037,27.0179,50.06696,3006.87678,-1.02426,44.02816,8.079515950052256,3.0098322762533463,0.0
29.83261,27.05012,49.98651,3002.60166,-1.02089,44.05055,8.14823306819245,3.035431210816764,0.0
29.86146,27.08232,49.90651,2998.28711,-1.01568,44.07295,8.216763070817315,3.060960439927414,0.0
29.89026,27.11449,49.82711,2993.93282,-1.00864,44.09536,8.284920667822885,3.086350938146297,0.0
29.91901,27.14664,49.74845,2989.53858,-0.99977,44.11777,8.3525168141181,3.111532281202916,0.0
29.94771,27.17876,49.67067,2985.1043,-0.98909,44.14019,8.419359426252802,3.136432912958065,0.0
29.97635,27.21086,49.59391,2980.63,-0.97661,44.16261,8.485254170658619,3.1609804390443035,0.0
30.00494,27.24293,49.51831,2976.11582,-0.96237,44.18504,8.550005320042006,3.1851019458948917,0.0
30.03348,27.27497,49.444,2971.562,-0.9464,44.20747,8.61341667320436,3.208724343400985,0.0
30.06196,27.30699,49.37111,2966.96891,-0.92873,44.22991,8.675292532377384,3.2317747289947736,0.0
30.09039,27.33898,49.29977,2962.33704,-0.9094,44.25235,8.735438730886818,3.254180770481265,0.0
30.11876,27.37095,49.2301,2957.667,-0.88847,44.27479,8.79366370276104,3.2758711044956237,0.0
30.14708,27.40288,49.16222,2952.95952,-0.86598,44.29723,8.849779584800736,3.2967757470531285,0.0
30.17534,27.43479,49.09625,2948.21543,-0.842,44.31968,8.903603340561311,3.316826512262189,0.0
30.20355,27.46667,49.03228,2943.4357,-0.81659,44.34212,8.954957894842787,3.335957434951684,0.0
30.2317,27.49852,48.97043,2938.6214,-0.78983,44.36457,9.003673266476229,3.3541051926637113,0.0
0.04519,0.04519,57.68796,4778.23338,-0.47548,45.0001,6.985246328586351,2.6021880502907377,0.0
0.09034,0.09034,57.63007,4774.43401,-0.4502,45.00024,7.031150861829677,2.619288696744837,0.0
0.13545,0.13545,57.57544,4770.60336,-0.42421,45.00042,7.074021285576148,2.635259057579133,0.0
0.18053,0.18053,57.52414,4766.74299,-0.39756,45.00064,7.1137227894527095,2.650048912382588,0.0
0.22557,0.22557,57.47624,4762.85455,-0.37033,45.00091,7.15013069038888,2.663611813430839,0.0
0.27058,0.27058,57.43181,4758.93977,-0.34256,45.00121,7.183131343495633,2.6759054250125454,0.0
0.31554,0.31555,57.3909,4755.00045,-0.31431,45.00155,7.212622983817571,2.686891837004225,0.0
0.36048,0.36049,57.35357,4751.03846,-0.28566,45.00194,7.238516487919951,2.696537848581458,0.0
0.40537,0.40539,57.31985,4747.05575,-0.25666,45.00237,7.260736045163171,2.704815218286294,0.0
0.45022,0.45025,57.28978,4743.05431,-0.22738,45.00283,7.2792197296259715,2.711700877083696,0.0
0.49504,0.49507,57.26339,4739.03618,-0.1979,45.00334,7.293919964975689,2.717177101537936,0.0
0.53982,0.53986,57.24068,4735.00343,-0.16827,45.00388,7.304803875987672,2.7212316447628333,0.0
0.58456,0.58461,57.22167,4730.95818,-0.13858,45.00447,7.311853522072317,2.723857823416715,0.0
0.62927,0.62932,57.20635,4726.90256,-0.10888,45.00509,7.315066009826742,2.7250545596308786,0.0
0.67393,0.674,57.19472,4722.83873,-0.07925,45.00576,7.314453483392879,2.724826377417724,0.0
0.71856,0.71863,57.18675,4718.76883,-0.04975,45.00646,7.310042993172077,2.723183353763493,0.0
0.76314,0.76323,57.18241,4714.69502,-0.02047,45.00721,7.301876245220201,2.7201410252713485,0.0
0.80769,0.8078,57.18168,4710.61946,0.00855,45.00799,7.290009235324489,2.7157202518453736,0.0
0.8522,0.85232,57.18451,4706.54425,0.03722,45.00882,7.274511773381165,2.709947039508721,0.0
0.89667,0.89681,57.19083,4702.47152,0.06548,45.00968,7.25546690514756,2.7028523249910616,0.0
0.94109,0.94126,57.20061,4698.40331,0.09328,45.01058,7.232970239801652,2.6944717252268213,0.0
0.98548,0.98568,57.21376,4694.34166,0.12054,45.01152,7.207129192810625,2.6848452553037974,0.0
1.02984,1.03005,57.23021,4690.28855,0.1472,45.0125,7.178062154607609,2.6740170187733696,0.0
1.07415,1.07439,57.24988,4686.2459,0.17321,45.01352,7.145897596236944,2.662034874479832,0.0
1.11842,1.11869,57.27268,4682.21558,0.19851,45.01458,7.1107731236532565,2.6489500842619136,0.0
1.16265,1.16296,57.29851,4678.19939,0.22305,45.01568,7.072834492623407,2.6348169459778354,0.0
1.20685,1.20719,57.32728,4674.19905,0.24677,45.01681,7.032234596199077,2.6196924163122057,0.0
1.251,1.25138,57.35887,4670.21623,0.26963,45.01799,6.989132436624918,2.603635727784759,0.0
1.29512,1.29554,57.39317,4666.25249,0.29159,45.01921,6.943692093135912,2.586708004227711,0.0
1.3392,1.33966,57.43007,4662.30933,0.31259,45.02046,6.896081696602085,2.568971878813935,0.0
1.38324,1.38374,57.46944,4658.38817,0.3326,45.02176,6.846472421286045,2.5504911184601173,0.0
1.42724,1.42779,57.51115,4654.49032,0.35159,45.02309,6.795037503166097,2.5313302581262915,0.0
1.4712,1.4718,57.55508,4650.61703,0.36952,45.02447,6.741951293363688,2.5115542481926507,0.0
1.51513,1.51578,57.60109,4646.76943,0.38636,45.02588,6.687388354206013,2.4912281177190847,0.0
1.55902,1.55973,57.64904,4642.94858,0.40208,45.02733,6.631522604440355,2.4704166560150354,0.0
1.60287,1.60364,57.69879,4639.15544,0.41666,45.02883,6.574526519008631,2.4491841145344546,0.0
1.64668,1.64751,57.7502,4635.3909,0.43009,45.03036,6.516570387720593,2.4275939307120704,0.0
1.69045,1.69135,57.80312,4631.65573,0.44234,45.03194,6.457821636133513,2.4057084749731983,0.0
1.73419,1.73516,57.85742,4627.95063,0.4534,45.03355,6.39844421086804,2.383588821747724,0.0
1.77789,1.77894,57.91294,4624.27622,0.46325,45.03521,6.338598030685909,2.3612945449821106,0.0
1.82156,1.82268,57.96954,4620.633,0.4719,45.0369,6.278438503680015,2.3388835382799953,0.0
1.86519,1.86639,58.02706,4617.02142,0.47933,45.03864,6.218116110143816,2.316411859510064,0.0
1.90879,1.91007,58.08536,4613.44185,0.48554,45.04041,6.15777604993208,2.293933599438657,0.0
1.95234,1.95372,58.1443,4609.89455,0.49054,45.04223,6.097557952450308,2.271500773693195,0.0
1.99587,1.99733,58.20371,4606.37973,0.49432,45.04409,6.037595646854841,2.2491632371556705,0.0
2.03936,2.04092,58.26347,4602.89751,0.49689,45.04599,5.978016989577801,2.2269686197111547,0.0
2.08281,2.08447,58.32342,4599.44796,0.49825,45.04793,5.918943745886216,2.2049622821254533,0.0
2.12623,2.12799,58.38341,4596.03106,0.49843,45.04991,5.860491521894701,2.1831872907180396,0.0
2.16962,2.17149,58.44331,4592.64673,0.49742,45.05193,5.802769743235711,2.161684409416164,0.0
2.21299,2.21493,58.50237,4589.29601,0.48511,45.00831,5.74637655236277,2.1406764620218404,-24.999999573545978
2.25636,2.25832,58.55984,4585.97953,0.47176,44.96514,5.691878761712383,2.1203746010814,-24.999999573545978
2.29973,2.30164,58.61561,4582.69645,0.45738,44.9224,5.639326703642005,2.1007975767223184,-24.999999573545978
2.3431,2.34489,58.66955,4579.44594,0.44203,44.88008,5.588766242770262,2.0819624747218044,-24.999999573545978
2.38647,2.38809,58.72156,4576.22712,0.42572,44.83816,5.5402385632785265,2.0638846372710398,-24.999999573545978
2.42985,2.43123,58.77152,4573.03907,0.40849,44.79663,5.493780513040943,2.04657779117267,-24.999999573545978
2.47322,2.4743,58.81933,4569.88086,0.39038,44.75547,5.449424940593312,2.0300541733705773,-24.999999573545978
2.5166,2.51732,58.8649,4566.75152,0.37143,44.71467,5.407201023088305,2.0143246531218293,-24.999999573545978
2.55997,2.56028,58.90812,4563.65006,0.35167,44.67422,5.367134583653437,1.9993988502208724,-24.999999573545978
2.60335,2.60318,58.9489,4560.57546,0.33114,44.63408,5.329248396819907,1.9852852487798132,-24.999999573545978
2.64673,2.64602,58.98716,4557.5267,0.30987,44.59425,5.293562480918202,1.9719913061534708,-24.999999573545978
2.6901,2.68881,59.02282,4554.50272,0.2879,44.55471,5.260094376532769,1.9595235566710725,-24.999999573545978
2.73348,2.73153,59.05579,4551.50245,0.26527,44.51545,5.228859410303271,1.947887709909161,-24.999999573545978
2.77686,2.77421,59.08601,4548.52479,0.24203,44.47644,5.199870943501098,1.937088743292886,-24.999999573545978
2.82024,2.81682,59.11341,4545.56865,0.2182,44.43767,5.173140604960862,1.927130988869112,-24.999999573545978
2.86362,2.85938,59.13793,4542.63289,0.19382,44.39912,5.148678508061588,1.9180182141376263,-24.999999573545978
2.907,2.90189,59.15949,4539.71638,0.16895,44.36077,5.126493451544988,1.9097536968612248,-24.999999573545978
2.95038,2.94434,59.17807,4536.81796,0.1436,44.32261,5.106593104050259,1.9023402938097826,-24.999999573545978
2.99376,2.98673,59.19359,4533.93648,0.11783,44.28461,5.088984172304052,1.895780503415442,-24.999999573545978
3.03715,3.02908,59.20602,4531.07076,0.09167,44.24676,5.073672552953593,1.8900765223344442,-24.999999573545978
3.08053,3.07136,59.21533,4528.21959,0.06516,44.20905,5.06066346806863,1.8852302959251719,-24.999999573545978
3.12391,3.1136,59.22146,4525.38177,0.03835,44.17144,5.049961584369925,1.8812435626638966,-24.999999573545978
3.16729,3.15578,59.2244,4522.55609,0.01127,44.13393,5.041571116252503,1.878117892523655,-24.999999573545978
3.21068,3.19791,59.22412,4519.74132,-0.01605,44.0965,5.035495912671672,1.8758547193415684,-24.999999573545978
3.25406,3.23999,59.2206,4516.93621,-0.04355,44.05912,5.031739527961529,1.8744553672006103,-24.999999573545978
3.29745,3.28201,59.21382,4514.13952,-0.07119,44.02178,5.0303052766665415,1.8739210708558052,-24.999999573545978
3.34083,3.32398,59.20377,4511.34996,-0.09895,43.98446,5.031196272410912,1.8742529902140919,-24.999999573545978
3.38422,3.3659,59.19045,4508.56628,-0.12678,43.94714,5.034415450853029,1.8754522188854625,-24.999999573545978
3.4276,3.40777,59.17384,4505.78717,-0.15463,43.9098,5.039965576736392,1.8775197868096163,-24.999999573545978
3.47099,3.44958,59.15397,4503.01133,-0.18247,43.87243,5.047849235022185,1.8804566569526078,-24.999999573545978
3.51438,3.49135,59.13082,4500.23746,-0.21026,43.835,5.058068806075776,1.8842637160631683,-24.999999573545978
3.55776,3.53306,59.10443,4497.46423,-0.23795,43.79749,5.070626424848788,1.8889417594669506,-24.999999573545978
3.60115,3.57471,59.0748,4494.6903,-0.26552,43.7599,5.085523923999253,1.8944914698772921,-24.999999573545978
3.64454,3.61632,59.04195,4491.91433,-0.2929,43.72218,5.102762760854612,1.9009133901870092,-24.999999573545978
3.68793,3.65787,59.00592,4489.13496,-0.32007,43.68434,5.1223439281231915,1.9082078902060733,-24.999999573545978
3.73132,3.69938,58.96673,4486.35082,-0.34699,43.64634,5.144267848264788,1.9163751273118745,-24.999999573545978
3.77471,3.74083,58.92442,4483.56053,-0.37361,43.60817,5.168534251414103,1.9254150009724877,-24.999999573545978
3.8181,3.78222,58.87904,4480.76271,-0.39989,43.56982,5.195142036788669,1.9353271011174813,-24.999999573545978
3.8615,3.82357,58.83062,4477.95595,-0.4258,43.53125,5.224089117514679,1.9461106503314536,-24.999999573545978
3.90489,3.86486,58.77922,4475.13885,-0.45128,43.49245,5.255372248844466,1.9577644398605223,-24.999999573545978
3.94828,3.90609,58.72489,4472.31,-0.47631,43.4534,5.288986839802169,1.9702867594453846,-24.999999573545978
3.99168,3.94728,58.6677,4469.46797,-0.50084,43.41408,5.324926748331687,1.9836753210085356,-24.999999573545978
4.03508,3.98841,58.60771,4466.61133,-0.52482,43.37448,5.363184060118541,1.9979271762595938,-24.999999573545978
4.07847,4.02948,58.54499,4463.73866,-0.54823,43.33456,5.403748851342455,2.0130386283143946,-24.999999573545978
4.12187,4.07051,58.47961,4460.84851,-0.57101,43.29432,5.446608935735299,2.0290051374674207,-24.999999573545978
4.16527,4.11147,58.41165,4457.93944,-0.59314,43.25373,5.4917495964531815,2.045821221307097,-24.999999573545978
4.20867,4.15238,58.34119,4455.01002,-0.61456,43.21278,5.53915330341972,2.063480349418729,-24.999999573545978
4.25207,4.19324,58.26833,4452.0588,-0.63524,43.17144,5.5887994169867214,2.0819748329903014,-24.999999573545978
4.29547,4.23404,58.19315,4449.08434,-0.65514,43.12969,5.6406638789309005,2.101295709700631,-24.999999573545978
4.33887,4.27478,58.11574,4446.08521,-0.67423,43.08752,5.694718892057232,2.121432624363183,-24.999999573545978
4.38227,4.31547,58.03623,4443.05999,-0.69246,43.04491,5.750932589901144,2.142373705881447,-24.999999573545978
4.42568,4.3561,57.95469,4440.00726,-0.70979,43.00183,5.809268698282311,2.1641054411688216,-24.999999573545978
4.46908,4.39667,57.87126,4436.92561,-0.72619,42.95827,5.869686190767356,2.186612546799402,-24.999999573545978
4.51249,4.43718,57.78603,4433.81365,-0.74163,42.91422,5.932138940384636,2.209877839262577,-24.999999573545978
4.5559,4.47763,57.69913,4430.67001,-0.75606,42.86965,5.996575370254722,2.2338821048136914,-24.999999573545978
4.59931,4.51802,57.61068,4427.49335,-0.76946,42.82454,6.062938106147747,2.258603970042513,-24.999999573545978
4.64272,4.55835,57.5208,4424.28233,-0.78178,42.77889,6.131163634303248,2.284019774402121,-24.999999573545978
4.68613,4.59862,57.42962,4421.03566,-0.793,42.73266,6.201181968212528,2.310103446076569,-24.999999573545978
4.72954,4.63883,57.33728,4417.75208,-0.80308,42.68586,6.272916328390335,2.3368263826874127,-24.999999573545978
4.77295,4.67897,57.24391,4414.43035,-0.812,42.63845,6.346282839519947,2.36415733847228,-24.999999573545978
4.81636,4.71906,57.14965,4411.06931,-0.81973,42.59043,6.421190249662205,2.3920623196828505,-24.999999573545978
4.85978,4.75907,57.05464,4407.6678,-0.82623,42.54178,6.497539676531435,2.4205044900659622,-24.999999573545978
4.90319,4.79902,56.95902,4404.22474,-0.83149,42.49249,6.575224386094243,2.4494440883858335,-24.999999573545978
4.94661,4.83891,56.86295,4400.7391,-0.83548,42.44255,6.654129608964086,2.4788383600262134,-24.999999573545978
4.99003,4.87873,56.76657,4397.20991,-0.83818,42.39194,6.734132400255324,2.508641504782326,-24.999999573545978
5.03344,4.91848,56.67003,4393.63626,-0.83957,42.34066,6.815101548620677,2.5388046429749314,-24.999999573545978
5.07686,4.95816,56.57348,4390.01732,-0.83964,42.28869,6.896897540250036,2.569275802038934,-24.999999573545978
5.12028,4.99778,56.47709,4386.35233,-0.83836,42.23602,6.9793725835258495,2.5999999257081665,-24.999999573545978
5.1637,5.03732,56.38099,4382.64061,-0.83573,42.18266,7.062370699847288,2.630918907849773,-24.999999573545978
5.20712,5.07679,56.28536,4378.88158,-0.83175,42.12859,7.145727885908994,2.661971652917323,-24.999999573545978
5.25054,5.11619,56.19035,4375.07473,-0.8264,42.0738,7.229272352237591,2.6930941648119306,-24.999999573545978
5.29397,5.15552,56.09611,4371.21968,-0.81967,42.0183,7.312824842340285,2.724219665773508,-24.999999573545978
5.33739,5.19477,56.00281,4367.3161,-0.81158,41.96209,7.3961990361252985,2.75527874666549,-24.999999573545978
5.38081,5.23395,55.91059,4363.36383,-0.80213,41.90516,7.47920204046404,2.7861995497221543,-24.999999573545978
5.42423,5.27305,55.8196,4359.36277,-0.79132,41.84751,7.561634968842093,2.8169079844838607,-24.999999573545978
5.46765,5.31207,55.73002,4355.31296,-0.77916,41.78916,7.643293611008279,2.84732797725895,-24.999999573545978
5.51107,5.35102,55.64198,4351.21454,-0.76567,41.73009,7.7239691923251375,2.8773817540017763,-24.999999573545978
5.5545,5.38989,55.55563,4347.0678,-0.75086,41.67033,7.80344922127822,2.9069901560322218,-24.999999573545978
5.59792,5.42868,55.47113,4342.87314,-0.73477,41.60987,7.881518422188933,2.9360729874957636,-24.999999573545978
5.64134,5.46739,55.3886,4338.63107,-0.7174,41.54873,7.957959748766836,2.964549392938383,-24.999999573545978
5.68476,5.50602,55.3082,4334.34225,-0.69881,41.48692,8.032555472627356,2.9923382628080466,-24.999999573545978
5.72818,5.54456,55.23006,4330.00747,-0.679,41.42446,8.10508833939513,3.019358664133626,-24.999999573545978
5.7716,5.58302,55.15431,4325.62764,-0.65804,41.36135,8.175342783537705,3.045530293082411,-24.999999573545978
5.81501,5.6214,55.08107,4321.2038,-0.63595,41.29762,8.243106191618251,3.070773945554987,-24.999999573545978
5.85843,5.6597,55.01046,4316.73712,-0.61278,41.23329,8.308170202326536,3.0950120014809768,-24.999999573545978
5.90184,5.6979,54.9426,4312.22891,-0.58858,41.16838,8.370332030405642,3.1181689180165755,-24.999999573545978
5.94526,5.73603,54.8776,4307.68058,-0.56341,41.10291,8.429395800542878,3.1401717264540188,-24.999999573545978
5.98867,5.77406,54.81556,4303.09368,-0.53732,41.0369,8.485173876423739,3.160950527329142,-24.999999573545978
6.03207,5.81201,54.75657,4298.46987,-0.51036,40.97039,8.537488169517921,3.1804389779786186,-24.999999573545978
6.07548,5.84987,54.70072,4293.81093,-0.48262,40.90339,8.586171411787339,3.1985747666571727,-24.999999573545978
6.11888,5.88764,54.6481,4289.11873,-0.45414,40.83595,8.631068376426729,3.215300067295581,-24.999999573545978
6.16228,5.92532,54.59876,4284.39525,-0.425,40.76808,8.672037030914927,3.2305619690426095,-24.999999573545978
6.20568,5.96291,54.55278,4279.64257,-0.39526,40.69983,8.708949607230714,3.244312874948576,-24.999999573545978
6.24908,6.00041,54.51021,4274.86284,-0.36502,40.63122,8.74169357479371,3.2565108644114287,-24.999999573545978
6.29247,6.03782,54.47109,4270.0583,-0.33433,40.56229,8.770172502921248,3.267120014464635,-24.999999573545978
6.33585,6.07514,54.43547,4265.23125,-0.30328,40.49308,8.794306800892471,3.276110675470512,-24.999999573545978
6.37924,6.11237,54.40337,4260.38407,-0.27195,40.42362,8.814034325373571,3.2834596974021304,-24.999999573545978
6.42261,6.1495,54.37481,4255.51916,-0.24041,40.35394,8.829310846871609,3.289150603609621,-24.999999573545978
6.46599,6.18655,54.3498,4250.63897,-0.20875,40.28409,8.840110368844655,3.2931737096971054,-24.999999573545978
6.50936,6.2235,54.32835,4245.746,-0.17706,40.2141,8.846425295350755,3.2955261859763443,-24.999999573545978
6.55272,6.26035,54.31044,4240.84274,-0.1454,40.14401,8.848266445345839,3.2962120627930855,-24.999999573545978
6.59608,6.29712,54.29605,4235.9317,-0.11387,40.07386,8.845662914051548,3.2952421788829307,-24.999999573545978
6.63943,6.33379,54.28517,4231.01541,-0.08255,40.00368,8.838661784087645,3.2926340737605604,-24.999999573545978
6.68278,6.37037,54.27775,4226.09637,-0.05151,39.93352,8.827327691276482,3.288411825970472,-24.999999573545978
6.72612,6.40686,54.27375,4221.17705,-0.02084,39.8634,8.811742252117497,3.2826058398061657,-24.999999573545978
6.76946,6.44325,54.27313,4216.2599,0.00938,39.79336,8.792003361818843,3.275252583808456,-24.999999573545978
6.81279,6.47955,54.2758,4211.34735,0.03909,39.72345,8.768224373526389,3.2663942850066805,-24.999999573545978
6.85611,6.51576,54.28172,4206.44174,0.0682,39.65369,8.74053317083113,3.256078583403303,-24.999999573545978
6.89943,6.55188,54.2908,4201.5454,0.09665,39.58412,8.709071146830908,3.2443581516475475,-24.999999573545978
6.94273,6.58791,54.30295,4196.66056,0.12436,39.51477,8.673992104002005,3.231290285208616,-24.999999573545978
6.98604,6.62384,54.31809,4191.78938,0.15126,39.44568,8.635461089665313,3.216936468556195,-24.999999573545978
7.02933,6.65969,54.33612,4186.93397,0.1773,39.37686,8.593653182276709,3.2013619230216928,-24.999999573545978
7.07262,6.69544,54.35693,4182.09633,0.20241,39.30836,8.548752243721246,3.184635141994986,-24.999999573545978
7.11589,6.7311,54.3804,4177.27838,0.22654,39.24019,8.500949652655143,3.1668274190609944,-24.999999573545978
7.15916,6.76668,54.40644,4172.48193,0.24963,39.17239,8.45044303336766,3.1480123744672746,-24.999999573545978
7.20243,6.80216,54.4349,4167.70872,0.27164,39.10497,8.397434994025675,3.12826548508693,-24.999999573545978
7.24568,6.83756,54.46567,4162.96036,0.2925,39.03796,8.342131887200228,3.1076636226821353,-24.999999573545978
7.28892,6.87286,54.49861,4158.23837,0.31219,38.97139,8.284742604518392,3.0862846048802464,-24.999999573545978
7.33216,6.90809,54.5336,4153.54416,0.33067,38.90526,8.225477416116735,3.064206762839673,-24.999999573545978
7.37539,6.94322,54.57048,4148.87903,0.34789,38.8396,8.16454686423652,3.0415085290849873,-24.999999573545978
7.4186,6.97827,54.60912,4144.24417,0.36383,38.77442,8.102160718977244,3.0182680484976343,-24.999999573545978
7.46181,7.01323,54.64938,4139.64067,0.37847,38.70973,8.038527002847786,2.9945628149355734,-24.999999573545978
7.50501,7.04811,54.6911,4135.0695,0.39177,38.64556,7.973851089323228,2.9704693354219733,-24.999999573545978
7.5482,7.0829,54.73415,4130.53152,0.40371,38.5819,7.908334879320359,2.9460628233606725,-24.999999573545978
7.59138,7.11762,54.77837,4126.0275,0.41429,38.51876,7.842176058160898,2.921416921735423,-24.999999573545978
7.63455,7.15225,54.8236,4121.55808,0.42349,38.45616,7.775567434381988,2.89660345679941,-24.999999573545978
7.67771,7.18679,54.86971,4117.12382,0.43131,38.39409,7.708696360605625,2.871692222333871,-24.999999573545978
7.72087,7.22126,54.91653,4112.72515,0.43772,38.33256,7.641744235638208,2.846750794167079,-24.999999573545978
7.76401,7.25565,54.96392,4108.36244,0.44275,38.27158,7.574886086052653,2.8218443743026715,-24.999999573545978
7.80714,7.28996,55.01172,4104.03593,0.44637,38.21114,7.508290224690954,2.7970356637028693,-24.999999573545978
7.85026,7.32419,55.05979,4099.74578,0.44861,38.15124,7.442117982815584,2.7723847625078233,-24.999999573545978
7.89337,7.35834,55.10797,4095.49206,0.44947,38.09188,7.3765235121029065,2.7479490962729547,-24.999999573545978
7.93647,7.39241,55.15612,4091.27476,0.44896,38.03306,7.311653652169423,2.723783366618994,-24.999999573545978
7.97957,7.42641,55.2041,4087.09378,0.4471,37.97476,7.2476478589809155,2.6999395245625,-24.999999573545978
8.02265,7.46034,55.25175,4082.94893,0.44389,37.91699,7.184638189289297,2.6764667647181843,-24.999999573545978
8.06572,7.49418,55.29894,4078.83996,0.43936,37.85973,7.122749336005584,2.6534115384762678,-24.999999573545978
8.10878,7.52796,55.34554,4074.76655,0.43353,37.80298,7.062098709432699,2.6308175842638404,-24.999999573545978
8.15183,7.56166,55.39139,4070.72829,0.42642,37.74673,7.00279655923765,2.6087259729827057,-24.999999573545978
8.19487,7.59529,55.43638,4066.72472,0.41806,37.69097,6.944946132125431,2.5871751667470586,-24.999999573545978
8.2379,7.62885,55.48037,4062.75532,0.40848,37.63568,6.888643860318758,2.5662010890971447,-24.999999573545978
8.28092,7.66234,55.52323,4058.81951,0.3977,37.58085,6.833979576116362,2.5458372049278717,-24.999999573545978
8.32393,7.69575,55.56485,4054.91663,0.38576,37.52647,6.781036748005116,2.526114608446788,-24.999999573545978
8.36693,7.7291,55.6051,4051.046,0.37269,37.47252,6.7298927340596375,2.5070621175721017,-24.999999573545978
8.40992,7.76238,55.64386,4047.20687,0.35852,37.41899,6.680619048621211,2.488706373277597,-24.999999573545978
8.4529,7.79559,55.68103,4043.39845,0.34329,37.36587,6.6332816385089215,2.4710719424885483,-24.999999573545978
8.49587,7.82873,55.7165,4039.61991,0.32703,37.31314,6.587941165335245,2.4541814232517063,-24.999999573545978
8.53883,7.86181,55.75017,4035.87037,0.30979,37.26077,6.544653290738692,2.4380555509919613,-24.999999573545978
8.58178,7.89482,55.78194,4032.1489,0.2916,37.20876,6.503468961670702,2.4227133047892204,-24.999999573545978
8.62472,7.92776,55.8117,4028.45456,0.27251,37.15708,6.464434693126387,2.4081720127030453,-24.999999573545978
8.66765,7.96064,55.83939,4024.78636,0.25255,37.10572,6.427592845993678,2.394447455278773,-24.999999573545978
8.71057,7.99345,55.8649,4021.14327,0.23177,37.05465,6.39298189791501,2.3815539664506167,-24.999999573545978
8.75348,8.0262,55.88816,4017.52424,0.2102,37.00386,6.360636705353699,2.3695045311682925,-24.999999573545978
8.79637,8.05888,55.90909,4013.92819,0.18791,36.95333,6.330588755217712,2.3583108791334872,-24.999999573545978
8.83926,8.0915,55.92763,4010.354,0.16491,36.90304,6.302866404647445,2.3479835741271198,-24.999999573545978
8.88214,8.12406,55.9437,4006.80053,0.14128,36.85297,6.277495107737292,2.3385320984690896,-24.999999573545978
8.92501,8.15655,55.95725,4003.26663,0.11704,36.80309,6.254497628157461,2.329964932225497,-24.999999573545978
8.96787,8.18899,55.96821,3999.75111,0.09224,36.75339,6.233894236757399,2.32228962682112,-24.999999573545978
9.01072,8.22136,55.97655,3996.25275,0.06694,36.70384,6.2157028934309295,2.315512872788961,-24.999999573545978
9.05356,8.25366,55.9822,3992.77034,0.04117,36.65443,6.199939412578784,2.309640561409393,-24.999999573545978
9.09639,8.28591,55.98514,3989.30261,0.01499,36.60512,6.186617611681755,2.3046778400575723,-24.999999573545978
9.13921,8.31809,55.98532,3985.84831,-0.01156,36.55591,6.175749442535903,2.3006291610920018,-24.999999573545978
9.182,8.35024,55.98337,3982.40467,-0.02595,36.56303,6.166776318522823,2.297286436300028,0.0
9.22475,8.38236,55.9799,3978.96934,-0.04063,36.57017,6.1591440628682115,2.2944432202519525,0.0
9.26747,8.41447,55.9749,3975.54164,-0.05558,36.57736,6.152868074375339,2.2921052494071623,0.0
9.31014,8.44656,55.96833,3972.12087,-0.07076,36.58457,6.147961977058724,2.290277599069534,0.0
9.35277,8.47863,55.96018,3968.70632,-0.08613,36.59182,6.144437497390445,2.288964637658459,0.0
9.39536,8.51069,55.95042,3965.29726,-0.10169,36.59909,6.142304488761484,2.2881700358213357,0.0
9.43791,8.54272,55.93906,3961.89294,-0.11738,36.60641,6.141570951571262,2.287896773917453,0.0
9.48042,8.57474,55.92607,3958.49262,-0.13318,36.61375,6.142243048703109,2.288147147783006,0.0
9.52289,8.60674,55.91145,3955.09554,-0.14907,36.62112,6.144325116259754,2.288922772730351,0.0
9.56532,8.63872,55.8952,3951.70092,-0.16501,36.62853,6.147819669445101,2.2902245857391206,0.0
9.6077,8.67068,55.87731,3948.30798,-0.18096,36.63597,6.15272740353795,2.2920528458189624,0.0
9.65005,8.70263,55.85779,3944.91593,-0.19691,36.64345,6.159047189951054,2.2944071325414317,0.0
9.69236,8.73456,55.83664,3941.52399,-0.21281,36.65095,6.1667760674145695,2.297286342755597,0.0
9.73463,8.76647,55.81387,3938.13134,-0.22865,36.65849,6.175909228373094,2.3006886855205746,0.0
9.77685,8.79836,55.7895,3934.73719,-0.24437,36.66606,6.186440000744136,2.3046116753100843,0.0
9.81904,8.83023,55.76353,3931.34072,-0.25997,36.67366,6.198359825203898,2.309052123550803,0.0
9.86118,8.86209,55.73599,3927.94112,-0.2754,36.68129,6.211658228261299,2.3140061285917275,0.0
9.90329,8.89393,55.7069,3924.53759,-0.29064,36.68896,6.226322791391167,2.3194690642054816,0.0
9.94535,8.92575,55.67628,3921.1293,-0.30565,36.69665,6.242339116561724,2.3254355667463917,0.0
9.98738,8.95756,55.64416,3917.71546,-0.32041,36.70438,6.259690788555635,2.331899521114091,0.0
10.02936,8.98934,55.61056,3914.29524,-0.33488,36.71214,6.278359334513143,2.3388540456822686,0.0
10.0713,9.02111,55.57553,3910.86785,-0.34905,36.71993,6.298324181194453,2.3462914763777882,0.0
10.1132,9.05286,55.5391,3907.43248,-0.36287,36.72775,6.31956261049369,2.354203350108461,0.0
10.15506,9.0846,55.50131,3903.98834,-0.37632,36.7356,6.342049713817006,2.362580387767694,0.0
10.19688,9.11631,55.46219,3900.53465,-0.38938,36.74349,6.365758345948266,2.3714124770482434,0.0
10.23866,9.14801,55.4218,3897.07062,-0.40201,36.7514,6.390659079116026,2.380688655330954,0.0
10.2804,9.17969,55.38018,3893.59548,-0.4142,36.75935,6.416720157999632,2.390397092923352,0.0
10.32209,9.21135,55.33738,3890.10849,-0.4259,36.76732,6.443907456462953,2.400525076941814,0.0
10.36375,9.24299,55.29345,3886.60889,-0.43711,36.77533,6.472184436866809,2.4110589961543822,0.0
10.40536,9.27461,55.24844,3883.09597,-0.4478,36.78336,6.501512112822342,2.4219843271054144,0.0
10.44693,9.30622,55.20242,3879.56901,-0.45793,36.79143,6.531849016326244,2.433285621872589,0.0
10.48846,9.33781,55.15544,3876.02731,-0.46749,36.79953,6.56315117019993,2.4449464977997732,0.0
10.52994,9.36938,55.10757,3872.47021,-0.47647,36.80765,6.595372066838481,2.456949629580447,0.0
10.57139,9.40093,55.05885,3868.89705,-0.48483,36.81581,6.628462654254814,2.4692767440587864,0.0
10.61279,9.43246,55.00937,3865.3072,-0.49255,36.82399,6.662371330432187,2.4819086181258245,0.0
10.65415,9.46397,54.95919,3861.70007,-0.49963,36.8322,6.6970439470111,2.4948250800929164,0.0
10.69546,9.49547,54.90837,3858.07506,-0.50604,36.84045,6.732423823320413,2.5080050149187065,0.0
10.73674,9.52694,54.85699,3854.43164,-0.51177,36.84872,6.768451771748279,2.5214263736604616,0.0
10.77797,9.5584,54.80512,3850.76927,-0.5168,36.85702,6.8050661354288495,2.535066187513363,0.0
10.81915,9.58983,54.75282,3847.08749,-0.52112,36.86534,6.842202839168982,2.5489005867820453,0.0
10.86029,9.62125,54.70017,3843.38582,-0.52471,36.8737,6.879795454512276,2.562904825118661,0.0
10.90139,9.65265,54.64725,3839.66386,-0.52758,36.88208,6.917775279731468,2.577053309322154,0.0
10.94245,9.68403,54.59413,3835.92121,-0.5297,36.89049,6.95607143549326,2.5913196349759233,0.0
10.98346,9.71538,54.54089,3832.15753,-0.53107,36.89893,6.994610976830528,2.605676628160417,0.0
11.02442,9.74672,54.4876,3828.37252,-0.53169,36.9074,7.033319021946413,2.6200963934360475,0.0
11.06534,9.77804,54.43434,3824.56592,-0.53155,36.91589,7.072118898240881,2.6345503682419236,0.0
11.10622,9.80933,54.38118,3820.7375,-0.53065,36.92441,7.110932305832475,2.649009383812009,0.0
11.14705,9.84061,54.32821,3816.88708,-0.52898,36.93295,7.149679498666505,2.663443732642685,0.0
11.18783,9.87187,54.27549,3813.01454,-0.52656,36.94152,7.188279483143507,2.677823242487085,0.0
11.22857,9.9031,54.22311,3809.11978,-0.52339,36.95012,7.226650234038817,2.6921173567908054,0.0
11.26926,9.93431,54.17113,3805.20276,-0.51946,36.95874,7.264708927263815,2.706295221401603,0.0
11.30991,9.96551,54.11964,3801.26351,-0.51479,36.96739,7.302372188846185,2.7203257773210896,0.0
11.35051,9.99668,54.0687,3797.30206,-0.50938,36.97607,7.339556359286024,2.7341778591843364,0.0
11.39107,10.02782,54.01838,3793.31853,-0.50324,36.98477,7.376177772255285,2.747820299082753,0.0
11.43157,10.05895,53.96877,3789.31308,-0.4964,36.99349,7.412153046385813,2.761222035262806,0.0
11.47203,10.09006,53.91992,3785.2859,-0.48886,37.00224,7.4473993886773036,2.7743522251534647,0.0
11.51244,10.12114,53.8719,3781.23727,-0.48063,37.01101,7.48183490789524,2.7871803621151874,0.0
11.55281,10.1522,53.82478,3777.16747,-0.47175,37.01981,7.5153789360838426,2.7996763952119426,0.0
11.59312,10.18324,53.77862,3773.07687,-0.46222,37.02863,7.547952356191758,2.811810851260405,0.0
11.63339,10.21425,53.73349,3768.96588,-0.45207,37.03748,7.579477933599667,2.8235549583327137,0.0
11.67361,10.24525,53.68943,3764.83494,-0.44132,37.04634,7.609880649247036,2.834880769854952,0.0
11.71378,10.27622,53.64651,3760.68455,-0.43001,37.05524,7.639088031893226,2.8457612883831462,0.0
11.75391,10.30716,53.60478,3756.51526,-0.41815,37.06415,7.667030486960612,2.8561705881059876,0.0
11.79398,10.33809,53.56428,3752.32767,-0.40577,37.07309,7.693641619370812,2.8660839351098213,0.0
11.834,10.36899,53.52507,3748.1224,-0.39291,37.08205,7.718858547711106,2.8754779044138967,0.0
11.87398,10.39986,53.48719,3743.90013,-0.37959,37.09103,7.742622207104958,2.8843304927976163,0.0
11.9139,10.43072,53.45067,3739.66159,-0.36586,37.10004,7.7648776381444975,2.8926212264354776,0.0
11.95378,10.46155,53.41556,3735.40753,-0.35174,37.10907,7.785574259357038,2.9003312623980277,0.0
11.9936,10.49235,53.38189,3731.13873,-0.33727,37.11812,7.804666120753411,2.9074434831052827,0.0
12.03338,10.52313,53.34968,3726.85602,-0.32249,37.12719,7.8221121361355355,2.9139425828674153,0.0
12.0731,10.55389,53.31897,3722.56026,-0.30743,37.13628,7.837876292035819,2.9198151457201758,0.0
12.11278,10.58462,53.28976,3718.25233,-0.29213,37.1454,7.851927831319186,2.9250497138214797,0.0
12.1524,10.61533,53.2621,3713.93315,-0.27664,37.15454,7.864241409747048,2.9296368457756055,0.0
12.19198,10.64601,53.23597,3709.60363,-0.26099,37.16369,7.87479722403474,2.9335691643379604,0.0
12.2315,10.67667,53.2114,3705.26474,-0.24523,37.17287,7.883581110196556,2.9368413930511914,0.0
12.27097,10.7073,53.1884,3700.91744,-0.22939,37.18207,7.890584611299906,2.9394503814853934,0.0
12.31039,10.73791,53.16695,3696.56272,-0.21351,37.1913,7.8958050140110325,2.9413951188523497,0.0
12.34976,10.7685,53.14707,3692.20157,-0.19765,37.20054,7.899245353671406,2.9426767358966237,0.0
12.38908,10.79906,53.12874,3687.83498,-0.18183,37.2098,7.9009143879216195,2.9432984950697625,0.0
12.42835,10.82958,53.11189,3683.46412,-0.16747,37.19663,7.900900925088354,2.943293479810143,-6.999999880592873
12.46759,10.86007,53.09644,3679.0901,-0.15325,37.18345,7.899298828809793,2.942696656792688,-6.999999880592873
12.50678,10.89051,53.08236,3674.71384,-0.13919,37.17027,7.896132705479515,2.9415171925464416,-6.999999880592873
12.54594,10.92092,53.06965,3670.33625,-0.12534,37.1571,7.891431810810799,2.939765985594362,-6.999999880592873
12.58505,10.95128,53.05826,3665.95823,-0.11174,37.14392,7.88522997984723,2.937455640380439,-6.999999880592873
12.62412,10.9816,53.04819,3661.58069,-0.0984,37.13076,7.877565449796237,2.9346004012705214,-6.999999880592873
12.66316,11.01189,53.03939,3657.20449,-0.08538,37.11762,7.868480663317174,2.931216079271952,-6.999999880592873
12.70215,11.04213,53.03183,3652.8305,-0.0727,37.10449,7.858022054087223,2.9273199721512246,-6.999999880592873
12.74111,11.07233,53.02547,3648.45958,-0.06039,37.09138,7.846239816561319,2.9229307786634986,-6.999999880592873
12.78002,11.10249,53.02028,3644.09253,-0.04849,37.0783,7.833187661961699,2.918068507652284,-6.999999880592873
12.8189,11.13261,53.01621,3639.73016,-0.03702,37.06525,7.8189225625477645,2.9127543827832385,-6.999999880592873
12.85774,11.16269,53.01321,3635.37324,-0.02602,37.05223,7.803504486327174,2.907010743717068,-6.999999880592873
12.89653,11.19273,53.01124,3631.02253,-0.01551,37.03925,7.786996124309581,2.9008609445043683,-6.999999880592873
12.93529,11.22272,53.01024,3626.67874,-0.00551,37.02631,7.769462612441002,2.89432924999886,-6.999999880592873
12.974,11.25268,53.01017,3622.34256,0.00395,37.01341,7.750971250293294,2.8874407310618193,-6.999999880592873
13.01268,11.2826,53.01097,3618.01464,0.01284,37.00056,7.731591218533987,2.880221159312153,-6.999999880592873
13.05132,11.31248,53.01259,3613.69561,0.02115,36.98775,7.711393297117302,2.8726969021451407,-6.999999880592873
13.08991,11.34232,53.01495,3609.38605,0.02885,36.975,7.690449586025899,2.8648948187013894,-6.999999880592873
13.12847,11.37212,53.01802,3605.08652,0.03593,36.96229,7.668833230314368,2.8568421574382947,-6.999999880592873
13.16699,11.40187,53.02172,3600.79752,0.04238,36.94964,7.646618151013527,2.8485664558848165,-6.999999880592873
13.20547,11.43159,53.02599,3596.51955,0.04818,36.93705,7.62387878338619,2.840095443134863,-6.999999880592873
13.24391,11.46127,53.03077,3592.25302,0.05331,36.92452,7.6006898238150775,2.8314569455563756,-6.999999880592873
13.28231,11.49092,53.03599,3587.99835,0.05776,36.91205,7.5771259864916685,2.8226787961515316,-6.999999880592873
13.32067,11.52052,53.0416,3583.75589,0.06153,36.89963,7.553261770888131,2.813788747933912,-6.999999880592873
13.35899,11.55008,53.04752,3579.52597,0.06461,36.88728,7.529171240849926,2.804814391634687,-6.999999880592873
13.39727,11.57961,53.05368,3575.30887,0.06699,36.875,7.504927815999546,2.7957830779950217,-6.999999880592873
13.43551,11.60909,53.06003,3571.10482,0.06867,36.86277,7.480604075931392,2.7867218448235165,-6.999999880592873
13.47372,11.63854,53.0665,3566.91404,0.06965,36.85061,7.4562715776315915,2.7776573489802785,-6.999999880592873
13.51188,11.66795,53.07302,3562.73669,0.06992,36.83851,7.432000686282182,2.768615803347038,-6.999999880592873
13.55001,11.69732,53.07952,3558.57288,0.06949,36.82648,7.407860419584981,2.7596229188336867,-6.999999880592873
13.5881,11.72666,53.08595,3554.4227,0.06836,36.81451,7.383918305551478,2.750703851401273,-6.999999880592873
13.62615,11.75595,53.09222,3550.28621,0.06653,36.8026,7.360240253597092,2.7418831540412225,-6.999999880592873
13.66416,11.78521,53.09829,3546.16341,0.06402,36.79076,7.3368904386928175,2.7331847336187747,-6.999999880592873
13.70214,11.81443,53.10409,3542.05427,0.06082,36.77898,7.313931198189189,2.724631812437199,-6.999999880592873
13.74007,11.84362,53.10955,3537.95873,0.05695,36.76726,7.291422940888343,2.716246894364741,-6.999999880592873
13.77797,11.87276,53.11462,3533.87669,0.05242,36.7556,7.269424067835322,2.708051735327305,-6.999999880592873
13.81583,11.90187,53.11923,3529.80802,0.04724,36.74399,7.247990904237046,2.700067317946473,-6.999999880592873
13.85365,11.93095,53.12333,3525.75255,0.04142,36.73245,7.2271776418759,2.6923138300870537,-6.999999880592873
13.89143,11.95999,53.12686,3521.71006,0.03498,36.72095,7.207036291343184,2.6848106470627906,-6.999999880592873
13.92918,11.98899,53.12976,3517.68035,0.02793,36.70952,7.187616643357356,2.6775763172263796,-6.999999880592873
13.96689,12.01795,53.13199,3513.66312,0.0203,36.69813,7.16896623846902,2.6706285506837877,-6.999999880592873
14.00456,12.04688,53.13348,3509.6581,0.01209,36.68679,7.151130344352568,2.663984210834791,-6.999999880592873
14.04219,12.07577,53.13419,3505.66494,0.00333,36.6755,7.1341519399775635,2.657659308476397,-6.999999880592873
14.07979,12.10463,53.13408,3501.68331,-0.00595,36.66426,7.118071705865363,2.651668998173179,-6.999999880592873
14.11735,12.13345,53.13309,3497.71282,-0.01575,36.65305,7.102928019702867,2.6460275766232857,-6.999999880592873
14.15487,12.16224,53.13118,3493.75306,-0.02604,36.64189,7.088756956593252,2.640748482751843,-6.999999880592873
14.19235,12.19099,53.12831,3489.8036,-0.03678,36.63076,7.075592293204643,2.635844299256446,-6.999999880592873
14.2298,12.21971,53.12445,3485.86398,-0.04797,36.61966,7.063465515156701,2.6313267553588537,-6.999999880592873
14.26721,12.24839,53.11954,3481.93372,-0.05957,36.6086,7.052405826980905,2.6272067305154607,-6.999999880592873
14.30459,12.27703,53.11358,3478.01231,-0.07155,36.59756,7.042440164032772,2.6234942588549086,-6.999999880592873
14.34193,12.30564,53.1065,3474.09924,-0.0839,36.58655,7.033593205777776,2.6201985341274407,-6.999999880592873
14.37923,12.33422,53.0983,3470.19397,-0.09658,36.57555,7.0258873898940095,2.6173279149585196,-6.999999880592873
14.41649,12.36276,53.08895,3466.29591,-0.10957,36.56458,7.019342926714045,2.614889930228793,-6.999999880592873
14.45372,12.39127,53.07841,3462.40451,-0.12283,36.55361,7.013977813529381,2.612891284402882,-6.999999880592873
14.49091,12.41974,53.06667,3458.51916,-0.13634,36.54266,7.009807848346591,2.611337862653905,-6.999999880592873
14.52807,12.44818,53.05372,3454.63925,-0.15007,36.53171,7.006846642750494,2.610234735655351,-6.999999880592873
14.56519,12.47658,53.03952,3450.76414,-0.16399,36.52077,7.005105633530763,2.6095861639122915,-6.999999880592873
14.60227,12.50495,53.02408,3446.89321,-0.17807,36.50982,7.0045940928365455,2.60939560154425,-6.999999880592873
14.63931,12.53328,53.00738,3443.02579,-0.19228,36.49887,7.005319136611739,2.609665699427559,-6.999999880592873
14.67632,12.56158,52.98942,3439.16123,-0.20659,36.48792,7.007285731172968,2.610398307645834,-6.999999880592873
14.7133,12.58985,52.97018,3435.29885,-0.22096,36.47695,7.010496697793056,2.6115944771974333,-6.999999880592873
14.75024,12.61808,52.94967,3431.43797,-0.23537,36.46596,7.014952715226024,2.6132544609360884,-6.999999880592873
14.78714,12.64628,52.92789,3427.5779,-0.24979,36.45495,7.0206523201773265,2.6153777137460814,-6.999999880592873
14.824,12.67444,52.90484,3423.71794,-0.26418,36.44392,7.0275919057218115,2.6179628919528866,-6.999999880592873
14.86083,12.70257,52.88053,3419.85739,-0.27852,36.43286,7.035765717788548,2.621007852013685,-6.999999880592873
14.89762,12.73067,52.85497,3415.99554,-0.29277,36.42176,7.045165849814724,2.624509648525794,-6.999999880592873
14.93438,12.75873,52.82817,3412.13169,-0.3069,36.41063,7.055782235768907,2.6284645316276536,-6.999999880592873
14.9711,12.78676,52.80015,3408.26512,-0.32088,36.39946,7.06760264178159,2.6328679438809774,-6.999999880592873
15.00778,12.81475,52.77092,3404.39514,-0.33468,36.38825,7.080612656637547,2.6377145167289147,-6.999999880592873
15.04443,12.8427,52.7405,3400.52102,-0.34828,36.37699,7.094795681477035,2.6429980666594677,-6.999999880592873
15.08104,12.87063,52.70892,3396.64206,-0.36164,36.36567,7.1101329190628135,2.648711591207178,-6.999999880592873
15.11762,12.89852,52.67619,3392.75755,-0.37473,36.3543,7.126603363041199,2.654847264952589,-6.999999880592873
15.15416,12.92637,52.64236,3388.86681,-0.38752,36.34287,7.144183787628286,2.661396435680089,-6.999999880592873
15.19066,12.95419,52.60744,3384.96914,-0.39999,36.33138,7.162848738246773,2.6683496208898823,-6.999999880592873
15.22712,12.98198,52.57148,3381.06384,-0.41211,36.31982,7.182570523621818,2.6756965048534904,-6.999999880592873
15.26355,13.00973,52.53456,3377.1501,-0.42248,36.33048,7.2032573571989795,2.683402894664333,0.0
15.29992,13.03747,52.49678,3373.22713,-0.43245,36.34117,7.224814650910118,2.6914335537782668,0.0
15.33625,13.06519,52.45819,3369.29434,-0.44198,36.35188,7.247206854437351,2.6997752387664944,0.0
15.37254,13.09288,52.41883,3365.35117,-0.45105,36.36261,7.2703964600067765,2.7084139769963493,0.0
15.40877,13.12056,52.37873,3361.39707,-0.45965,36.37335,7.294343934482872,2.71733504133467,0.0
15.44496,13.14821,52.33794,3357.4315,-0.46776,36.38412,7.319007747040562,2.7265229604563745,0.0
15.4811,13.17585,52.29652,3353.45394,-0.47535,36.39491,7.344344403189503,2.7359615315193997,0.0
15.51719,13.20346,52.25449,3349.4639,-0.48241,36.40572,7.370308485685739,2.745633835405373,0.0
15.55323,13.23106,52.21193,3345.4609,-0.48892,36.41655,7.396852702902533,2.755522254739018,0.0
15.58923,13.25863,52.16887,3341.4445,-0.49487,36.4274,7.423927945155784,2.7656084948708517,0.0
15.62518,13.28618,52.12537,3337.41427,-0.50024,36.43827,7.451483349462031,2.7758736080012523,0.0
15.66108,13.31371,52.08147,3333.36981,-0.50502,36.44916,7.479466373197063,2.786298020620217,0.0
15.69693,13.34122,52.03724,3329.31073,-0.5092,36.46007,7.507822877030501,2.796861564402693,0.0
15.73273,13.3687,51.99273,3325.2367,-0.51277,36.47099,7.536497217476938,2.807543510686295,0.0
15.76849,13.39617,51.94798,3321.1474,-0.51572,36.48194,7.565432349327843,2.8183226086298956,0.0
15.80419,13.42361,51.90306,3317.04254,-0.51804,36.4929,7.5945699381911185,2.82917712713757,0.0
15.83985,13.45103,51.85803,3312.92186,-0.51973,36.50388,7.6238504832282326,2.840084900581401,0.0
15.87546,13.47843,51.81293,3308.78514,-0.52078,36.51488,7.6532134501483275,2.8510233783452943,0.0
15.91101,13.50581,51.76783,3304.6322,-0.52119,36.5259,7.682597414377914,2.861969678159445,0.0
15.94652,13.53317,51.72277,3300.46286,-0.52096,36.53694,7.711940214273183,2.872900643175963,0.0
15.98198,13.5605,51.67782,3296.27702,-0.52009,36.54799,7.741179114101632,2.8837929026838154,0.0
16.01739,13.58781,51.63303,3292.07459,-0.51858,36.55906,7.770250976409396,2.894622936320192,0.0
16.05275,13.6151,51.58845,3287.85551,-0.51644,36.57015,7.799092443328226,2.9053671416121216,0.0
16.08805,13.64236,51.54414,3283.61978,-0.51367,36.58125,7.827640126202543,2.916001904617547,0.0
16.12331,13.6696,51.50015,3279.36741,-0.51028,36.59237,7.855830802834404,2.9265036734042598,0.0
16.15852,13.69682,51.45654,3275.09847,-0.50628,36.60351,7.883601621547151,2.936849034068974,0.0
16.19368,13.72401,51.41335,3270.81306,-0.50167,36.61466,7.910890311119784,2.9470147889434153,0.0
16.22878,13.75119,51.37064,3266.51131,-0.49648,36.62583,7.937635395591671,2.956978036614717,0.0
16.26383,13.77833,51.32845,3262.1934,-0.49071,36.63702,7.963776412768438,2.9667162533246207,0.0
16.29884,13.80546,51.28684,3257.85953,-0.48438,36.64822,7.989254135246893,2.976207375307068,0.0
16.33379,13.83256,51.24584,3253.50995,-0.4775,36.65943,8.014010792650765,2.9854298815768705,0.0
16.36869,13.85963,51.20551,3249.14495,-0.47011,36.67066,8.037990293690235,2.9943628766527177,0.0
16.40354,13.88668,51.16588,3244.76485,-0.4622,36.68191,8.061138446636246,3.0029861726896665,0.0
16.43833,13.91371,51.127,3240.37,-0.45382,36.69317,8.083403176728714,3.011280370469417,0.0
16.47308,13.94071,51.0889,3235.96079,-0.44497,36.70444,8.104734739014775,3.0192269386881576,0.0
16.50777,13.96769,51.05162,3231.53763,-0.43569,36.71573,8.12508592510422,3.0268082909784084,0.0
16.54241,13.99464,51.01519,3227.10099,-0.426,36.72704,8.144412262338086,3.034007860104561,0.0
16.577,14.02157,50.97965,3222.65135,-0.41593,36.73836,8.162672203855639,3.0408101687678255,0.0
16.61153,14.04847,50.94502,3218.18921,-0.4055,36.74969,8.179827308136113,3.0472008964902617,0.0
16.64601,14.07535,50.91133,3213.71513,-0.39475,36.76103,8.19584240660036,3.053166942050795,0.0
16.68044,14.1022,50.8786,3209.22967,-0.3837,36.77239,8.210685757944772,3.058696480978667,0.0
16.71482,14.12903,50.84686,3204.73342,-0.37238,36.78377,8.224329187998078,3.0637790176537734,0.0
16.74914,14.15583,50.81612,3200.22699,-0.36083,36.79515,8.236748213931069,3.0684054315780505,0.0
16.78341,14.18261,50.7864,3195.71102,-0.34908,36.80655,8.247922151854771,3.0725680174586314,0.0
16.81762,14.20936,50.75771,3191.18617,-0.33717,36.81796,8.257834206898483,3.076260518764278,0.0
16.85179,14.23608,50.73007,3186.6531,-0.32512,36.82939,8.266471545046437,3.079478154486435,0.0
16.8859,14.26278,50.70347,3182.11251,-0.31297,36.84083,8.27382534617546,3.0822176388971494,0.0
16.91995,14.28945,50.67792,3177.56508,-0.30075,36.85228,8.279890837836108,3.084477194133431,0.0
16.95395,14.3161,50.65343,3173.01152,-0.28851,36.86374,8.284667309563527,3.0862565555284287,0.0
16.9879,14.34272,50.62999,3168.45256,-0.27627,36.87522,8.288158107638594,3.087556969659817,0.0
17.02179,14.36931,50.6076,3163.88891,-0.26407,36.8867,8.290370610350946,3.088381185134618,0.0
17.05564,14.39588,50.58624,3159.32131,-0.25194,36.8982,8.291316184079786,3.088733436228153,0.0
17.08942,14.42242,50.56592,3154.75047,-0.23992,36.90972,8.291010120561342,3.088619419514518,0.0
17.12315,14.44893,50.54661,3150.17712,-0.22804,36.92124,8.28947155596572,3.088046263720577,0.0
17.15683,14.47542,50.5283,3145.60199,-0.21634,36.93278,8.286723372484884,3.0870224930649064,0.0
17.19046,14.50188,50.51097,3141.02578,-0.20484,36.94433,8.28279208330539,3.085557984407101,0.0
17.22403,14.52832,50.4946,3136.44922,-0.19359,36.95589,8.277707701980814,3.083663918585572,0.0
17.25755,14.55473,50.47917,3131.87301,-0.1826,36.96746,8.271503597277963,3.081352726343941,0.0
17.29101,14.58111,50.46465,3127.29782,-0.17192,36.97905,8.264216334734405,3.0786380293070486,0.0
17.32442,14.60746,50.45101,3122.72433,-0.16158,36.99065,8.25588550619324,3.0755345764781734,0.0
17.35777,14.63379,50.43822,3118.15321,-0.15159,37.00226,8.246553548685565,3.072058176767985,0.0
17.39107,14.66009,50.42625,3113.5851,-0.142,37.01388,8.236265554046406,3.068225628071468,0.0
17.42432,14.68637,50.41506,3109.02062,-0.13282,37.02551,8.225069070721645,3.064054643435788,0.0
17.45752,14.71262,50.40461,3104.46036,-0.12408,37.03716,8.2130138991955,3.0595637748516467,0.0
17.49066,14.73884,50.39487,3099.90492,-0.11581,37.04881,8.200151882503619,3.0547723352138942,0.0
17.52374,14.76503,50.3858,3095.35485,-0.10802,37.06048,8.18653669324929,3.049700318979467,0.0
17.55678,14.7912,50.37735,3090.81067,-0.10075,37.07217,8.172223618542935,3.0443683220516897,0.0
17.58975,14.81735,50.36948,3086.2729,-0.094,37.08386,8.157269344212319,3.0387974613928956,0.0
17.62268,14.84346,50.36215,3081.74202,-0.0878,37.09556,8.141731739582532,3.0330092948493186,0.0
17.65555,14.86955,50.3553,3077.21846,-0.08217,37.10728,8.125669644054888,3.0270257416461024,0.0
17.68837,14.89561,50.34889,3072.70267,-0.07711,37.11901,8.10914265664462,3.0208690039845676,0.0
17.72114,14.92165,50.34288,3068.19502,-0.07264,37.13075,8.092210929539812,3.014561490137475,0.0
17.75385,14.94766,50.33721,3063.69587,-0.06878,37.14251,8.074934966668877,3.0081257394101106,0.0
17.78651,14.97364,50.33183,3059.20557,-0.06554,37.15428,8.05737542811865,3.0015843492808862,0.0
17.81912,14.9996,50.32669,3054.72439,-0.06291,37.16606,8.039592941234021,2.994959905030973,0.0
17.85167,15.02553,50.32175,3050.25262,-0.06092,37.17785,8.02164791901239,2.988274912091464,0.0
17.88417,15.05144,50.31695,3045.79048,-0.05956,37.18965,8.003600386417085,2.981551731340551,0.0
17.91662,15.07731,50.31223,3041.33818,-0.05884,37.20147,7.985509815035245,2.9748125175092355,0.0
17.94902,15.10317,50.30756,3036.89588,-0.05876,37.2133,7.967434966476109,2.9680791608430694,0.0
17.98136,15.12899,50.30287,3032.46373,-0.05932,37.22514,7.949433744752035,2.9613732321102026,0.0
18.01365,15.15479,50.29812,3028.04182,-0.06051,37.23699,7.9315630578490985,2.954715931032787,0.0
18.04589,15.18057,50.29326,3023.63023,-0.06235,37.24886,7.913878688534189,2.9481280381592234,0.0
18.07808,15.20632,50.28824,3019.22901,-0.06481,37.26074,7.8964351744368955,2.941629870191503,0.0
18.11022,15.23204,50.283,3014.83815,-0.0679,37.27263,7.879285697308922,2.9352412387314324,0.0
18.1423,15.25774,50.2775,3010.45764,-0.0716,37.28454,7.862481981331892,2.9289814123976123,0.0
18.17433,15.28341,50.2717,3006.08743,-0.07591,37.29646,7.846074200243347,2.9228690822274266,0.0
18.20631,15.30906,50.26554,3001.72744,-0.08082,37.30839,7.830110893035929,2.9169223302727723,0.0
18.23824,15.33468,50.25898,2997.37754,-0.08632,37.32034,7.814638887905758,2.9111586012688284,0.0
18.27012,15.36028,50.25198,2993.0376,-0.09238,37.33229,7.799703234083759,2.9055946772394297,0.0
18.30195,15.38585,50.24449,2988.70746,-0.099,37.34427,7.785347141177771,2.900246654900411,0.0
18.33373,15.41139,50.23647,2984.38691,-0.10616,37.35625,7.771611925580306,2.8951299256950835,0.0
18.36545,15.43691,50.22789,2980.07573,-0.11384,37.36825,7.75853696351863,2.890259158304152,0.0
18.39712,15.46241,50.21869,2975.77367,-0.12203,37.38026,7.746159650279119,2.8856482834557236,0.0
18.42875,15.48788,50.20886,2971.48046,-0.1307,37.39228,7.734515365140795,2.8813104808621164,0.0
18.46032,15.51332,50.19835,2967.1958,-0.13984,37.40432,7.723637441552123,2.877258168109941,0.0
18.49184,15.53874,50.18712,2962.91936,-0.14942,37.41638,7.713557142079898,2.8735029913278956,0.0
18.52331,15.56414,50.17516,2958.65081,-0.15941,37.42844,7.704303637678483,2.8700558174640145,0.0
18.55474,15.58951,50.16242,2954.38977,-0.16981,37.44052,7.695903990818733,2.8669267280007475,0.0
18.58611,15.61485,50.14888,2950.13585,-0.18057,37.45261,7.688383142064284,2.8641250139542747,0.0
18.61743,15.64017,50.13452,2945.88866,-0.19169,37.46472,7.681763899665722,2.8616591719980606,0.0
18.6487,15.66547,50.11931,2941.64776,-0.20312,37.47684,7.676066931804801,2.8595369015736227,0.0
18.67992,15.69074,50.10323,2937.41272,-0.21484,37.48897,7.671310761102377,2.8577651028445867,0.0
18.71109,15.71598,50.08626,2933.18306,-0.22683,37.50112,7.667511761102313,2.856349875386856,0.0
18.74221,15.74121,50.06838,2928.95833,-0.23907,37.51328,7.664684154381414,2.855296517484511,0.0
18.77328,15.7664,50.04959,2924.73803,-0.25151,37.52545,7.662840012060951,2.8546095259478337,0.0
18.8043,15.79157,50.02986,2920.52165,-0.26413,37.53764,7.661989254474328,2.8542925963620376,0.0
18.83528,15.81672,50.0092,2916.30868,-0.2769,37.54984,7.662139652792852,2.854348623692906,0.0
18.8662,15.84185,49.98758,2912.0986,-0.2898,37.56205,7.663296831466028,2.8547797031958675,0.0
18.89707,15.86694,49.96501,2907.89086,-0.3028,37.57428,7.665464271350839,2.8555871315817347,0.0
18.92789,15.89202,49.94148,2903.68493,-0.31585,37.58652,7.668643313462994,2.856771408414145,0.0
18.95867,15.91707,49.91699,2899.48025,-0.32894,37.59877,7.672833163296053,2.858332237718543,0.0
18.98939,15.94209,49.89154,2895.27626,-0.34204,37.61104,7.678030895721691,2.8602685298076644,0.0
19.02006,15.96709,49.86514,2891.0724,-0.3551,37.62332,7.684231460498252,2.862578403333611,0.0
19.05069,15.99206,49.83779,2886.8681,-0.36812,37.63561,7.691427688480782,2.865259187601257,0.0
19.08126,16.01701,49.8095,2882.66279,-0.38104,37.64792,7.699610298630763,2.8683074251795553,0.0
19.11179,16.04194,49.78028,2878.45588,-0.39385,37.66023,7.708767905969444,2.871718874864365,0.0
19.14226,16.06684,49.75014,2874.24682,-0.40652,37.67257,7.718887030691603,2.8754885150735645,0.0
19.17269,16.09171,49.7191,2870.03503,-0.41901,37.68491,7.7299521086162635,2.879610547740223,0.0
19.20307,16.11657,49.68718,2865.81992,-0.4313,37.69727,7.741945503243059,2.884078402803909,0.0
19.23339,16.14139,49.65439,2861.60095,-0.44337,37.70964,7.754847519693025,2.888884743404005,0.0
19.26367,16.16619,49.62076,2857.37754,-0.45517,37.72202,7.768636420823788,2.8940214718830384,0.0
19.2939,16.19097,49.5863,2853.14913,-0.46669,37.73441,7.783288445852781,2.8994797367243184,0.0
19.32408,16.21572,49.55105,2848.91518,-0.47789,37.74682,7.798777831834818,2.905249940552901,0.0
19.3542,16.24044,49.51503,2844.67515,-0.48876,37.75923,7.81507683834173,2.911321749329397,0.0
19.38428,16.26514,49.47826,2840.42849,-0.49927,37.77166,7.832155775745969,2.917684102886364,0.0
19.41431,16.28982,49.44078,2836.17469,-0.50939,37.7841,7.8499830374675446,2.924325226941137,0.0
19.44429,16.31447,49.40263,2831.91325,-0.5191,37.79656,7.868525136575464,2.9312326467308267,0.0
19.47422,16.33909,49.36382,2827.64365,-0.52838,37.80902,7.88774674714612,2.938393202419409,0.0
19.5041,16.36369,49.32441,2823.36543,-0.53721,37.8215,7.907610750751357,2.94579306641575,0.0
19.53392,16.38826,49.28442,2819.07811,-0.54557,37.83398,7.928078288446933,2.95341776274068,0.0
19.5637,16.41281,49.2439,2814.78125,-0.55343,37.84648,7.949108818618263,2.9612521885760517,0.0
19.59343,16.43733,49.20287,2810.47442,-0.56078,37.85899,7.970660181032337,2.9692806381257664,0.0
19.62311,16.46182,49.16139,2806.15721,-0.56761,37.87151,7.992688667388626,2.9774868288978436,0.0
19.65273,16.48629,49.11949,2801.82923,-0.5739,37.88403,8.015149098653918,2.985853930513678,0.0
19.68231,16.51073,49.07721,2797.49012,-0.57963,37.89657,8.03799490941122,2.994364596130231,0.0
19.71183,16.53515,49.0346,2793.13952,-0.58479,37.90912,8.061178239443535,3.003000996557393,0.0
19.74131,16.55954,48.9917,2788.77711,-0.58937,37.92168,8.084650032651346,3.0117448571073506,0.0
19.77073,16.5839,48.94856,2784.40262,-0.59336,37.93425,8.108360143438729,3.020577497226212,0.0
19.8001,16.60824,48.90521,2780.01575,-0.59675,37.94682,8.132257450569611,3.0294798729084587,0.0
19.82942,16.63254,48.86171,2775.61627,-0.59954,37.95941,8.156289978464802,3.0384326218832824,0.0
19.85869,16.65683,48.8181,2771.20398,-0.60173,37.972,8.18040502585063,3.0474161115395875,0.0
19.88791,16.68108,48.77442,2766.77867,-0.60329,37.98461,8.204549301554698,3.056410489513479,0.0
19.91708,16.70531,48.73072,2762.3402,-0.60425,37.99722,8.228669067220164,3.065395736853095,0.0
19.94619,16.72951,48.68704,2757.88843,-0.60459,38.00984,8.252710286585582,3.074351723629266,0.0
19.97525,16.75368,48.64343,2753.42328,-0.60431,38.02247,8.276618780939822,3.0832582668465665,0.0
20.00427,16.77782,48.59993,2748.94467,-0.60343,38.03511,8.300340390243978,3.0920951904654688,0.0
20.03322,16.80194,48.55659,2744.45257,-0.60194,38.04775,8.323821139359667,3.1008423873267548,0.0
20.06213,16.82603,48.51345,2739.94698,-0.59986,38.0604,8.347007408720087,3.1094798827309744,0.0
20.09098,16.85008,48.47055,2735.42793,-0.59718,38.07306,8.369846108742369,3.1179878994116383,0.0
20.11979,16.87412,48.42793,2730.89548,-0.59393,38.08573,8.39228485715537,3.1263469235944847,0.0
20.14854,16.89812,48.38564,2726.34971,-0.5901,38.0984,8.414272158387453,3.1345377718241485,0.0
20.17723,16.92209,48.34371,2721.79077,-0.58572,38.11108,8.43575758410031,3.1425416582177617,0.0
20.20588,16.94604,48.30218,2717.21879,-0.5808,38.12376,8.4566919538748,3.1503402617751783,0.0
20.23447,16.96995,48.26109,2712.63397,-0.57536,38.13645,8.477027515006256,3.157915793357461,0.0
20.263,16.99384,48.22047,2708.03652,-0.56941,38.14915,8.496718120385124,3.1652510619520977,0.0
20.29149,17.0177,48.18036,2703.4267,-0.56298,38.16185,8.515719403312092,3.1723295397962366,0.0
20.31992,17.04153,48.14079,2698.80477,-0.55608,38.17456,8.533988948193832,3.1791354259653413,0.0
20.3483,17.06533,48.10179,2694.17104,-0.54874,38.18728,8.551486455966455,3.18565370799778,0.0
20.37662,17.08909,48.06339,2689.52586,-0.54098,38.2,8.568173903138034,3.191870221142354,0.0
20.40489,17.11283,48.02562,2684.86957,-0.53283,38.21272,8.584015693377806,3.1977717048292567,0.0
20.43311,17.13654,47.9885,2680.20256,-0.52431,38.22545,8.59897880056763,3.2033458559605115,0.0
20.46127,17.16022,47.95205,2675.52524,-0.51545,38.23819,8.613032902302763,3.20858137864252,0.0
20.48938,17.18387,47.9163,2670.83805,-0.50628,38.25093,8.626150502874276,3.213468030000252,0.0
20.51743,17.20749,47.88126,2666.14144,-0.49683,38.26367,8.638307044838273,3.2179966617397096,0.0
20.54543,17.23108,47.84695,2661.43588,-0.48712,38.27642,8.64948100832381,3.2221592571427466,0.0
20.57338,17.25463,47.81338,2656.72187,-0.4772,38.28917,8.65965399737457,3.225948963231605,0.0
20.60127,17.27816,47.78057,2651.99993,-0.46709,38.30193,8.668810812645876,3.2293601178504767,0.0
20.62911,17.30166,47.74852,2647.27058,-0.45682,38.31469,8.676939509942251,3.2323882714722747,0.0
20.65689,17.32512,47.71725,2642.53435,-0.44643,38.32745,8.68403144413411,3.2350302035587615,0.0
20.68462,17.34855,47.68676,2637.79182,-0.43595,38.34022,8.690081298175842,3.237283933370546,0.0
20.71229,17.37196,47.65704,2633.04353,-0.42541,38.35299,8.695087096990969,3.2391487251396747,0.0
20.73991,17.39533,47.62811,2628.29006,-0.41485,38.36576,8.699050206163884,3.2406250875822638,0.0
20.76748,17.41867,47.59995,2623.532,-0.4043,38.37854,8.701975315475714,3.241714767765179,0.0
20.79499,17.44198,47.57257,2618.76993,-0.39379,38.39132,8.70387040745821,3.2424207393915285,0.0
20.82244,17.46526,47.54595,2614.00443,-0.38337,38.40411,8.704746711233993,3.242747185604949,0.0
20.84985,17.4885,47.52009,2609.23609,-0.37305,38.41689,8.704618642041632,3.2426994764610906,0.0
20.87719,17.51172,47.49498,2604.46551,-0.36289,38.42968,8.703503726959967,3.2422841412579895,0.0
20.90448,17.5349,47.4706,2599.69328,-0.35289,38.44248,8.701422517416647,3.241508835943184,0.0
20.93172,17.55805,47.44694,2594.91996,-0.34311,38.45527,8.698398489202487,3.2403823058664383,0.0
20.9589,17.58117,47.42398,2590.14614,-0.33357,38.46807,8.694457930753863,3.2389143441619934,0.0
20.98603,17.60426,47.4017,2585.3724,-0.3243,38.48088,8.68962982057932,3.2371157460867512,0.0
21.0131,17.62731,47.38007,2580.59928,-0.31533,38.49368,8.683945694734193,3.23499825965109,0.0
21.04012,17.65034,47.35908,2575.82734,-0.30669,38.50649,8.677439505343209,3.232574532914803,0.0
21.06708,17.67333,47.3387,2571.05711,-0.2984,38.5193,8.670147471149747,3.229858058312771,0.0
21.09399,17.69629,47.3189,2566.28912,-0.29051,38.53211,8.662107921175501,3.226863114414074,0.0
21.12084,17.71922,47.29965,2561.52387,-0.28302,38.54493,8.653361132539104,3.223604705505156,0.0
21.14764,17.74211,47.28093,2556.76185,-0.27596,38.55775,8.64394916350315,3.220098499395453,0.0
21.17439,17.76498,47.2627,2552.00354,-0.26936,38.57057,8.63391568281321,3.2163607638416853,0.0
21.20108,17.78781,47.24493,2547.24939,-0.26324,38.5834,8.623305796397458,3.212408301988905,0.0
21.22771,17.81061,47.22758,2542.49983,-0.25762,38.59622,8.612165872444605,3.2082583872074273,0.0
21.25429,17.83338,47.21062,2537.75527,-0.25251,38.60905,8.600543365842668,3.203928697691653,0.0
21.28082,17.85611,47.19401,2533.01611,-0.24794,38.62189,8.588486642961238,3.199437251186848,0.0
21.30729,17.87882,47.17772,2528.2827,-0.24391,38.63472,8.576044807644875,3.1948023401671133,0.0
21.33371,17.90149,47.16171,2523.5554,-0.24045,38.64756,8.563267529297564,3.190042467792314,0.0
21.36007,17.92413,47.14594,2518.83451,-0.23757,38.66041,8.550204873827827,3.185176284930686,0.0
21.38639,17.94674,47.13037,2514.12033,-0.23527,38.67325,8.536907138163564,3.180222528511265,0.0
21.41264,17.96932,47.11496,2509.41313,-0.23356,38.6861,8.523424689026774,3.175199961463224,0.0
21.43884,17.99186,47.09967,2504.71315,-0.23246,38.69895,8.509807806505618,3.1701273144423516,0.0
21.46499,18.01437,47.08446,2500.0206,-0.23196,38.7118,8.496106532970568,3.1650232295483427,0.0
21.49109,18.03686,47.06929,2495.33567,-0.23208,38.72466,8.482370527759219,3.159906206191066,0.0
21.51713,18.0593,47.05412,2490.65852,-0.23281,38.73752,8.468648927973693,3.1547945492339386,0.0
21.54312,18.08172,47.03891,2485.98929,-0.23415,38.75039,8.45499021573957,3.14970631954438,0.0
21.56905,18.10411,47.02363,2481.32808,-0.23611,38.76325,8.44144209208325,3.144659287009813,0.0
21.59494,18.12646,47.00823,2476.67497,-0.23868,38.77612,8.428051357666483,3.139670886108141,0.0
21.62077,18.14879,46.99267,2472.03002,-0.24185,38.789,8.41486380040651,3.1347581740432857,0.0
21.64654,18.17108,46.97691,2467.39324,-0.24562,38.80188,8.401924090078394,3.129937791481794,0.0
21.67226,18.19334,46.96092,2462.76465,-0.24998,38.81476,8.38927567984971,3.1252259258719066,0.0
21.69793,18.21556,46.94466,2458.14422,-0.25493,38.82764,8.376960714715647,3.120638277333234,0.0
21.72355,18.23776,46.9281,2453.53189,-0.26045,38.84053,8.365019946702953,3.1161900270679905,0.0
21.74912,18.25992,46.91119,2448.92759,-0.26653,38.85342,8.353492656713966,3.1118958082458392,0.0
21.77463,18.28206,46.89391,2444.33122,-0.27315,38.86632,8.342416582816675,3.107769679290055,0.0
21.80009,18.30416,46.87622,2439.74265,-0.28031,38.87922,8.331827854792158,3.10382509949472,0.0
21.82549,18.32623,46.85809,2435.16173,-0.28798,38.89212,8.321760934670477,3.1000749068727846,0.0
21.85085,18.34827,46.83949,2430.58829,-0.29615,38.90503,8.31224856305261,3.0965312981595683,0.0
21.87615,18.37028,46.82039,2426.02213,-0.3048,38.91794,8.30332171088861,3.093205810848861,0.0
21.9014,18.39226,46.80077,2421.46304,-0.31391,38.93085,8.295009536487164,3.0901093071778516,0.0
21.9266,18.4142,46.78059,2416.91079,-0.32345,38.94377,8.287339347450196,3.0872519599467614,0.0
21.95175,18.43612,46.75983,2412.3651,-0.33341,38.9567,8.2803365672445,3.0846432400659043,0.0
21.97684,18.458,46.73846,2407.82571,-0.34377,38.96962,8.27402470613817,3.0822919057287352,0.0
22.00189,18.47985,46.71648,2403.29232,-0.35449,38.98255,8.26842533622749,3.080205993108717,0.0
22.02688,18.50167,46.69385,2398.76462,-0.36556,38.99549,8.26355807028847,3.078392808480958,0.0
22.05182,18.52346,46.67056,2394.24227,-0.37694,39.00842,8.259440544191591,3.076858921671238,0.0
22.07671,18.54522,46.64659,2389.72493,-0.38862,39.02137,8.256088402664284,3.0756101607521646,0.0
22.10154,18.56695,46.62193,2385.21225,-0.40056,39.03431,8.253515288162985,3.0746516078977137,0.0
22.12633,18.58864,46.59656,2380.70383,-0.41274,39.04726,8.251732832669278,3.0739875963270813,0.0
22.15106,18.61031,46.57048,2376.19931,-0.42513,39.06022,8.250750652233723,3.073621708272115,0.0
22.17575,18.63194,46.54366,2371.69827,-0.4377,39.07317,8.250576344115844,3.073556773911882,0.0
22.20038,18.65354,46.51612,2367.20031,-0.45042,39.08614,8.251215486388544,3.0737948712253083,0.0
22.22496,18.67512,46.48784,2362.705,-0.46327,39.0991,8.252671639914062,3.0743373267272682,0.0
22.24949,18.69666,46.45881,2358.21191,-0.4762,39.11207,8.254946352616182,3.075184717060101,0.0
22.27396,18.71817,46.42904,2353.72062,-0.4892,39.12504,8.258039165987938,3.0763368714178987,0.0
22.29839,18.73964,46.39852,2349.23067,-0.50223,39.13802,8.26194762383667,3.077792874804266,0.0
22.32277,18.76109,46.36726,2344.74161,-0.51527,39.151,8.266667283243711,3.079551072115102,0.0
22.34709,18.78251,46.33526,2340.25299,-0.52827,39.16398,8.272191727789549,3.08160907306531,0.0
22.37137,18.80389,46.30253,2335.76434,-0.54123,39.17697,8.278512583091723,3.0839637579770827,0.0
22.39559,18.82524,46.26907,2331.27523,-0.55409,39.18996,8.285619534727392,3.0866112844565206,0.0
22.41976,18.84656,46.2349,2326.78517,-0.56684,39.20295,8.29350034865626,3.0895470950017176,0.0
22.44388,18.86785,46.20002,2322.2937,-0.57945,39.21595,8.30214089423163,3.0927659255749798,0.0
22.46795,18.88911,46.16445,2317.80038,-0.59188,39.22895,8.311525169989231,3.0962618152098424,0.0
22.49197,18.91034,46.1282,2313.30473,-0.60412,39.24195,8.321635332306535,3.1000281166874184,0.0
22.51594,18.93154,46.09128,2308.80631,-0.61612,39.25496,8.332451727154046,3.1040575083645927,0.0
22.53986,18.9527,46.05372,2304.30467,-0.62787,39.26797,8.343952925081565,3.108342007207324,0.0
22.56372,18.97383,46.01554,2299.79936,-0.63934,39.28098,8.356115759642622,3.1128729831047552,0.0
22.58754,18.99493,45.97674,2295.28994,-0.6505,39.29399,8.368915369444936,3.11764117453412,0.0
22.6113,19.016,45.93737,2290.77599,-0.66133,39.30701,8.382325244014513,3.1226367056463227,0.0
22.63501,19.03704,45.89743,2286.25708,-0.67181,39.32002,8.39631727367037,3.127849104845586,0.0
22.65867,19.05804,45.85696,2281.73281,-0.68191,39.33304,8.41086180359827,3.133267324933343,0.0
22.68228,19.07901,45.81597,2277.20277,-0.69161,39.34607,8.425927692287827,3.1388797648775912,0.0
22.70584,19.09995,45.7745,2272.66659,-0.70089,39.35909,8.441482374511748,3.1446742932743237,0.0
22.72935,19.12086,45.73258,2268.12388,-0.70973,39.37211,8.457491928970873,3.150638273547077,0.0
22.75281,19.14174,45.69023,2263.57429,-0.71811,39.38514,8.47392115076405,3.1567585909438773,0.0
22.77621,19.16258,45.64748,2259.01748,-0.72602,39.39817,8.490733628756466,3.163021681358971,0.0
22.79957,19.18339,45.60437,2254.45312,-0.73343,39.4112,8.507891827925183,3.16941356200871,0.0
22.82287,19.20417,45.56092,2249.88091,-0.74035,39.42423,8.525357176743706,3.175919863984594,0.0
22.84612,19.22491,45.51717,2245.30054,-0.74674,39.43726,8.543090159575664,3.182525866672357,0.0
22.86932,19.24563,45.47314,2240.71176,-0.7526,39.45029,8.561050414083141,3.1892165340391294,0.0
22.89247,19.2663,45.42888,2236.11431,-0.75793,39.46332,8.57919683354477,3.1959765527496176,0.0
22.91556,19.28695,45.38442,2231.50796,-0.76271,39.47635,8.59748767399386,3.2027903720778803,0.0
22.9386,19.30756,45.33978,2226.89251,-0.76693,39.48938,8.615880665991869,3.2096422455458837,0.0
22.9616,19.32814,45.29501,2222.26775,-0.77059,39.50241,8.634333130829345,3.2165162742114144,0.0
22.98454,19.34869,45.25013,2217.63354,-0.77369,39.51544,8.65280210090544,3.2233964515126083,0.0
23.00742,19.3692,45.20518,2212.98974,-0.77622,39.52847,8.671244443960978,3.2302667095480464,0.0
23.03026,19.38968,45.1602,2208.33621,-0.77819,39.5415,8.689616990809855,3.2371109666600533,0.0
23.05304,19.41012,45.11522,2203.67288,-0.77959,39.55453,8.70787666615117,3.2439131761656674,0.0
23.07577,19.43053,45.07026,2198.99968,-0.78043,39.56756,8.725980622019444,3.2506573760703468,0.0
23.09845,19.45091,45.02537,2194.31656,-0.78072,39.58059,8.743886373333721,3.257327739563587,0.0
23.12108,19.47125,44.98058,2189.6235,-0.78045,39.59361,8.76155193502933,3.263908626104102,0.0
23.14365,19.49155,44.93591,2184.92051,-0.77963,39.60663,8.778935960154914,3.270384632864612,0.0
23.16617,19.51183,44.8914,2180.20762,-0.77829,39.61965,8.795997878299225,3.276740646299453,0.0
23.18864,19.53206,44.84707,2175.4849,-0.77642,39.63267,8.812698033712724,3.282961893598516,0.0
23.21105,19.55227,44.80297,2170.75242,-0.77404,39.64569,8.82899782239167,3.289033993754675,0.0
23.23341,19.57244,44.75911,2166.01029,-0.77117,39.6587,8.844859827424838,3.294943007983999,0.0
23.25572,19.59257,44.71552,2161.25863,-0.76782,39.67172,8.860247951882034,3.3006754892302275,0.0
23.27798,19.61267,44.67223,2156.49762,-0.76401,39.68472,8.875127548472406,3.3062185304658898,0.0
23.30018,19.63273,44.62926,2151.72742,-0.75975,39.69773,8.889465545246459,3.3115598115196243,0.0
23.32233,19.65275,44.58664,2146.94823,-0.75507,39.71073,8.903230566580925,3.3166876441462216,0.0
23.34443,19.67275,44.54439,2142.16029,-0.74999,39.72373,8.916393048720176,3.3215910150688415,0.0
23.36647,19.6927,44.50253,2137.36383,-0.74454,39.73673,8.928925349174747,3.3262596267328397,0.0
23.38846,19.71262,44.46108,2132.55913,-0.73873,39.74972,8.940801849244776,3.330683935498448,0.0
23.4104,19.7325,44.42005,2127.74647,-0.73259,39.76271,8.951999049059,3.3348551870453047,0.0
23.43228,19.75235,44.37947,2122.92615,-0.72615,39.77569,8.962495654485028,3.3387654487488114,0.0
23.45411,19.77216,44.33934,2118.09849,-0.71943,39.78867,8.972272655343717,3.3424076388170483,0.0
23.47588,19.79194,44.29969,2113.26385,-0.71247,39.80164,8.98131339442993,3.345775552002824,0.0
23.49761,19.81167,44.26051,2108.42258,-0.70528,39.81462,8.989603626860566,3.3488638817123793,0.0
23.51927,19.83138,44.22183,2103.57504,-0.69792,39.82758,8.997131569365735,3.3516682383676426,0.0
23.54089,19.85104,44.18365,2098.72162,-0.69039,39.84054,9.00388793921081,3.354185163905723,0.0
23.56245,19.87067,44.14597,2093.86272,-0.68274,39.8535,9.009865982477336,3.356412142314289,0.0
23.58395,19.89026,44.1088,2088.99875,-0.67499,39.86645,9.015061491539186,3.3583476061418978,0.0
23.60541,19.90981,44.07214,2084.13012,-0.66717,39.8794,9.019472811629585,3.359990938944389,0.0
23.6268,19.92933,44.036,2079.25727,-0.65933,39.89234,9.023100836484412,3.3613424736618907,0.0
23.64815,19.94881,44.00036,2074.38061,-0.65148,39.90528,9.025948993108377,3.3624034869438293,0.0
23.66944,19.96826,43.96524,2069.5006,-0.64367,39.91821,9.028023215799005,3.3631761894721715,0.0
23.69068,19.98766,43.93061,2064.61767,-0.63592,39.93114,9.029331909630843,3.363663712358338,0.0
23.71186,20.00703,43.89649,2059.73227,-0.62826,39.94406,9.02988590371587,3.3638700897314724,0.0
23.73299,20.02636,43.86286,2054.84484,-0.62074,39.95697,9.029698394522507,3.3638002376232805,0.0
23.75406,20.04565,43.8297,2049.95584,-0.61337,39.96988,9.028784879742654,3.363459929331765,0.0
23.77508,20.06491,43.79702,2045.0657,-0.60618,39.98279,9.027163083125203,3.362855767419728,0.0
23.79605,20.08413,43.76479,2040.17486,-0.59922,39.99569,9.024852870833639,3.3619951525557763,0.0
23.81696,20.10331,43.733,2035.28377,-0.5925,40.00858,9.021876159900687,3.360886249411274,0.0
23.83782,20.12245,43.70164,2030.39286,-0.58606,40.02147,9.018256819381287,3.3595379498372164,0.0
23.85862,20.14156,43.67069,2025.50255,-0.57993,40.03435,9.01402056489828,3.357959833579732,0.0
23.87937,20.16062,43.64013,2020.61326,-0.57412,40.04722,9.009194847203027,3.3561621267659767,0.0
23.90007,20.17965,43.60995,2015.7254,-0.56867,40.06009,9.003808735523505,3.354155658448227,0.0
23.92071,20.19865,43.58011,2010.83936,-0.5636,40.07296,8.997892796347374,3.35195181544739,0.0
23.9413,20.2176,43.5506,2005.95554,-0.55893,40.08582,8.99147896843336,3.3495624957914503,0.0
23.96183,20.23652,43.5214,2001.0743,-0.55469,40.09867,8.984600434708078,3.347000060993669,0.0
23.98231,20.25539,43.49247,1996.19601,-0.55089,40.11152,8.977291491813055,3.344277287455411,0.0
24.00274,20.27423,43.46381,1991.32101,-0.54757,40.12436,8.96958741799609,3.34140731725221,0.0
24.02311,20.29304,43.43537,1986.44964,-0.54472,40.13719,8.961524340021919,3.3384036085544815,0.0
24.04343,20.3118,43.40714,1981.58221,-0.54238,40.15002,8.953139099770638,3.33527988593193,0.0
24.0637,20.33053,43.37909,1976.71902,-0.54056,40.16285,8.944469121171155,3.332050090782756,0.0
24.08391,20.34921,43.35119,1971.86035,-0.53926,40.17567,8.93555227806466,3.3287283321093257,0.0
24.10407,20.36786,43.32341,1967.00646,-0.53851,40.18848,8.926426763544832,3.325328837843951,0.0
24.12418,20.38648,43.29572,1962.15761,-0.5383,40.20129,8.917130961350937,3.321865906939449,0.0
24.14423,20.40505,43.26809,1957.314,-0.53866,40.21409,8.907703319744256,3.318353862384781,0.0
24.16423,20.42359,43.2405,1952.47586,-0.53959,40.22688,8.898182228356745,3.314807005327942,0.0
24.18418,20.44208,43.21292,1947.64336,-0.54109,40.23967,8.888605898394767,3.3112395704486994,0.0
24.20407,20.46054,43.18531,1942.81668,-0.54318,40.25246,8.879012246539109,3.307665682708294,0.0
24.22391,20.47897,43.15766,1937.99596,-0.54584,40.26524,8.86943878288302,3.3040993156034126,0.0
24.2437,20.49735,43.12992,1933.18132,-0.54908,40.27801,8.859922503142759,3.3005542510117754,0.0
24.26343,20.5157,43.10207,1928.37287,-0.5529,40.29078,8.850499785395057,3.297044040724132,0.0
24.28311,20.534,43.07408,1923.57069,-0.5573,40.30354,8.841206291494395,3.2935819697195936,0.0
24.30274,20.55227,43.04593,1918.77486,-0.56227,40.3163,8.83207687332861,3.29018102124339,0.0
24.32232,20.57051,43.01759,1913.9854,-0.5678,40.32905,8.823145484014942,3.286853843725053,0.0
24.34184,20.5887,42.98902,1909.20235,-0.5739,40.3418,8.814445094112143,3.2836127195652245,0.0
24.36131,20.60686,42.96021,1904.42571,-0.58055,40.35455,8.806007612851232,3.2804695357920424,0.0
24.38073,20.62498,42.93112,1899.65546,-0.58774,40.36728,8.797863814439582,3.2774357566074697,0.0
24.4001,20.64306,42.90174,1894.89156,-0.59546,40.38001,8.790043269376913,3.2745223978007014,0.0
24.41941,20.6611,42.87204,1890.13396,-0.60369,40.39274,8.78257428075424,3.2717400030178374,0.0
24.43868,20.6791,42.84199,1885.38259,-0.61243,40.40546,8.775483825469527,3.2690986218631752,0.0
24.45789,20.69707,42.81157,1880.63734,-0.62165,40.41818,8.768797500283172,3.2666077898034542,0.0
24.47705,20.715,42.78077,1875.89811,-0.63134,40.43089,8.762539472574089,3.2642765098232016,0.0
24.49615,20.73289,42.74956,1871.16477,-0.64147,40.4436,8.756732435757497,3.2621132358166873,0.0
24.51521,20.75075,42.71792,1866.43717,-0.65204,40.4563,8.751397569166377,3.2601258576427066,0.0
24.53421,20.76856,42.68583,1861.71515,-0.66302,40.469,8.74655450232551,3.2583216878157266,0.0
24.55316,20.78634,42.65328,1856.99853,-0.67439,40.48169,8.7422212834707,3.25670744977846,0.0
0.0517,0.0517,58.16699,5467.35863,-0.43571,45.0001,8.549507867872148,3.1849166318728654,0.0
0.10336,0.10336,58.10931,5462.6672,-0.37054,45.00025,8.604372175451575,3.205355030013014,0.0
0.15497,0.15497,58.06104,5457.93169,-0.30468,45.00045,8.647975095894392,3.221598265139847,0.0
0.20654,0.20654,58.02226,5453.15833,-0.23831,45.00069,8.680075238702592,3.2335564129414913,0.0
0.25806,0.25806,57.99301,5448.35349,-0.1716,45.00098,8.700508550453868,3.2411683592016303,0.0
0.30954,0.30955,57.97331,5443.52365,-0.10474,45.00132,8.709190465829373,3.2444026011139475,0.0
0.36097,0.36098,57.96315,5438.67536,-0.03791,45.00171,8.70611686775128,3.2432576049586253,0.0
0.41236,0.41237,57.96249,5433.81521,0.0287,45.00214,8.691363837075523,3.2377617128563063,0.0
0.46369,0.46372,57.97129,5428.94977,0.0949,45.00262,8.665086204004309,3.2279726031311413,0.0
0.51499,0.51502,57.98944,5424.08553,0.16052,45.00314,8.627514944480804,3.2139763203993033,0.0
0.56623,0.56627,58.01684,5419.2289,0.22538,45.00372,8.578953493985232,3.19588590236104,0.0
0.61743,0.61748,58.05334,5414.38614,0.28931,45.00433,8.519773077342805,3.17383964003126,0.0
0.66858,0.66864,58.0988,5409.5633,0.35214,45.005,8.450407175391998,3.14799901642786,0.0
0.71969,0.71976,58.15302,5404.76626,0.4137,45.00571,8.37134526694282,3.118546375286533,0.0
0.77075,0.77083,58.2158,5400.00062,0.47386,45.00647,8.283125996837317,3.085682375983537,0.0
0.82176,0.82186,58.28692,5395.27171,0.53247,45.00728,8.186329928058198,3.0496232935054652,0.0
0.87273,0.87285,58.36613,5390.58456,0.58939,45.00813,8.081572037529119,3.010598222937395,0.0
0.92365,0.92379,58.45318,5385.94388,0.6445,45.00903,7.969494112062988,2.968846246753563,0.0
0.97452,0.97469,58.54779,5381.35406,0.69769,45.00997,7.850757193054772,2.924613620266639,0.0
1.02535,1.02554,58.64966,5376.81913,0.74885,45.01097,7.726034206885808,2.87815102625943,0.0
1.07613,1.07636,58.7585,5372.34276,0.79789,45.01201,7.596002903191266,2.8297109443037027,0.0
1.12687,1.12713,58.87399,5367.92828,0.84474,45.0131,7.461339206015443,2.7795451738905905,0.0
1.17757,1.17786,58.99581,5363.57867,0.88931,45.01424,7.322711064324257,2.7279025435846926,0.0
1.22822,1.22855,59.12362,5359.29652,0.93155,45.01542,7.180772869110548,2.6750268312489056,0.0
1.27883,1.2792,59.25709,5355.08411,0.97141,45.01666,7.036160485145933,2.621154913241265,0.0
1.3294,1.32981,59.39587,5350.94337,1.00886,45.01794,6.889486926999342,2.5665151536180817,0.0
1.37992,1.38038,59.53961,5346.8759,1.04385,45.01928,6.741338691776455,2.5113260379828883,0.0
1.43041,1.43091,59.68797,5342.88299,1.07637,45.02066,6.592272745491256,2.4557950508305533,0.0
1.48085,1.48141,59.84059,5338.96564,1.1064,45.02209,6.442814146447642,2.400117790194393,0.0
1.53125,1.53187,59.99713,5335.12454,1.13395,45.02357,6.293454277582237,2.344477309147362,0.0
1.58162,1.5823,60.15722,5331.36014,1.15901,45.02511,6.144649650481005,2.289043670266776,0.0
1.63195,1.63269,60.32053,5327.67265,1.1816,45.02669,5.996821236741394,2.2339736965491133,0.0
1.68224,1.68305,60.4867,5324.06203,1.20173,45.02833,5.850354277368137,2.1794109004049376,0.0
1.73249,1.73338,60.65539,5320.52803,1.21943,45.03001,5.705598517819279,2.1254855712197283,0.0
1.78271,1.78367,60.82627,5317.07022,1.23472,45.03175,5.562868814926554,2.0723150014476865,0.0
1.83289,1.83394,60.999,5313.688,1.24765,45.03354,5.422446062065218,2.0200038312618456,0.0
1.88303,1.88417,61.17326,5310.38059,1.25824,45.03538,5.284578380253081,1.9686444922697974,0.0
1.93315,1.93438,61.34872,5307.14709,1.26655,45.03727,5.149482525252127,1.9183177316960676,0.0
1.98323,1.98455,61.52508,5303.98647,1.27261,45.03922,5.0173454638215755,1.8690931995778564,0.0
2.03327,2.0347,61.70202,5300.89759,1.27647,45.04122,4.888326075971663,1.8210300828993624,0.0
2.08329,2.08482,61.87924,5297.87922,1.27819,45.04327,4.7625569440914575,1.7741777720889658,0.0
2.13327,2.13491,62.05646,5294.93003,1.27783,45.04538,4.640146194052068,1.7285765468786172,0.0
2.18322,2.18498,62.23339,5292.04866,1.27542,45.04754,4.5211793576821995,1.6842582701249875,0.0
2.23315,2.23503,62.40975,5289.23366,1.27104,45.04975,4.40572123019752,1.6412470797507779,0.0
2.28304,2.28505,62.58527,5286.48355,1.26473,45.05202,4.293817700262018,1.599560070490727,0.0
2.3329,2.33504,62.75971,5283.79682,1.25656,45.05435,4.1854975341552265,1.5592079585408478,0.0
2.38274,2.38502,62.9328,5281.17191,1.24658,45.05672,4.080774099098872,1.5201957235429455,0.0
2.43255,2.43497,63.10431,5278.60728,1.23486,45.05916,3.979647014006216,1.4825232235321837,0.0
2.48233,2.4849,63.274,5276.10133,1.22144,45.06165,3.8821037188695535,1.446185779575218,0.0
2.53209,2.53481,63.4416,5273.65257,1.20579,45.05549,3.78814344466996,1.4111831051922654,-7.999999863534712
2.58182,2.58469,63.60686,5271.25947,1.18858,45.0496,3.6977535010355007,1.377510472885876,-7.999999863534712
2.63155,2.63455,63.76956,5268.92043,1.16986,45.04396,3.6108891955478843,1.3451512335543088,-7.999999863534712
2.68125,2.68437,63.92951,5266.63387,1.1497,45.03857,3.5274994468699568,1.314086358055442,-7.999999863534712
2.73093,2.73418,64.08652,5264.39823,1.12815,45.03341,3.447527798622747,1.2842948149026525,-7.999999863534712
2.7806,2.78396,64.2404,5262.21194,1.10527,45.02849,3.3709134237752623,1.2557539444264405,-7.999999863534712
2.83025,2.83371,64.39097,5260.07348,1.08111,45.02378,3.297592040131121,1.228439799817287,-7.999999863534712
2.87989,2.88345,64.53808,5257.98134,1.05572,45.0193,3.2274967409069375,1.2023274565379571,-7.999999863534712
2.92951,2.93316,64.68155,5255.93404,1.02916,45.01503,3.16055874484299,1.1773912917594613,-7.999999863534712
2.97911,2.98285,64.82124,5253.93012,1.00147,45.01095,3.0967080706012275,1.1536052355920556,-7.999999863534712
3.0287,3.03252,64.95699,5251.96816,0.97271,45.00708,3.03587414036468,1.1309429959419042,-7.999999863534712
3.07827,3.08217,65.08867,5250.04675,0.94293,45.00339,2.9779863176494934,1.1093782588602137,-7.999999863534712
3.12782,3.1318,65.21614,5248.16451,0.91217,44.99989,2.922974384315243,1.088884866242126,-7.999999863534712
3.17736,3.18141,65.33928,5246.3201,0.88048,44.99657,2.870768961685183,1.0694369727050896,-7.999999863534712
3.22689,3.23101,65.45796,5244.5122,0.84791,44.99341,2.8213018805527135,1.0510091834260071,-7.999999863534712
3.2764,3.28058,65.57207,5242.73951,0.81449,44.99043,2.774506504671655,1.033576674649871,-7.999999863534712
3.32589,3.33014,65.6815,5241.00076,0.78028,44.9876,2.730318012124689,1.0171152985069127,-7.999999863534712
3.37537,3.37968,65.78615,5239.2947,0.74532,44.98492,2.6886736387227095,1.001601673685266,-7.999999863534712
3.42484,3.42921,65.88592,5237.62012,0.70964,44.9824,2.649512887363516,0.9870132634225858,-7.999999863534712
3.47429,3.47872,65.98073,5235.97582,0.67328,44.98001,2.612777706999211,0.9733284421761149,-7.999999863534712
3.52373,3.52822,66.07048,5234.36063,0.6363,44.97777,2.5784126446330125,0.9605265522454968,-7.999999863534712
3.57316,3.5777,66.15509,5232.77338,0.59872,44.97566,2.5463649734919476,0.9485879515204735,-7.999999863534712
3.62257,3.62716,66.23449,5231.21294,0.56058,44.97367,2.5165848002846394,0.937494053437236,-7.999999863534712
3.67197,3.67662,66.30861,5229.67819,0.52192,44.97181,2.489025154209554,0.9272273601363366,-7.999999863534712
3.72136,3.72606,66.37738,5228.16803,0.48278,44.97006,2.463642060137083,0.9177714897249412,-7.999999863534712
3.77073,3.77548,66.44075,5226.68138,0.44319,44.96843,2.440394598181922,0.9091111984691062,-7.999999863534712
3.82009,3.82489,66.49865,5225.21715,0.40319,44.9669,2.419244951654391,0.9012323986569093,-7.999999863534712
3.86944,3.8743,66.55104,5223.77428,0.3628,44.96548,2.4001584451904376,0.8941221728028775,-7.999999863534712
3.91878,3.92368,66.59787,5222.35172,0.32208,44.96415,2.3831035746577522,0.8877687847888015,-7.999999863534712
3.9681,3.97306,66.63909,5220.94843,0.28104,44.96292,2.368052030276552,0.882161688476837,-7.999999863534712
4.01741,4.02243,66.67468,5219.56336,0.23972,44.96178,2.354978714201077,0.8772915342590746,-7.999999863534712
4.06671,4.07178,66.7046,5218.19549,0.19815,44.96073,2.3438617536712734,0.873150173956887,-7.999999863534712
4.116,4.12113,66.72881,5216.84378,0.15637,44.95975,2.3346825106792974,0.8697306644219572,-7.999999863534712
4.16527,4.17046,66.7473,5215.50721,0.11441,44.95885,2.3274255889705646,0.8670272701443522,-7.999999863534712
4.21453,4.21978,66.76005,5214.18475,0.07229,44.95803,2.3220788390468603,0.8650354651163151,-7.999999863534712
4.26378,4.2691,66.76703,5212.87536,0.03005,44.95727,2.318633361730828,0.863751934160129,-7.999999863534712
4.31302,4.3184,66.76825,5211.57801,-0.01227,44.95657,2.3170835107166976,0.8631745738783309,-7.999999863534712
4.36225,4.36769,66.76369,5210.29167,-0.05465,44.95593,2.3174268944212524,0.8633024933432465,-7.999999863534712
4.41147,4.41698,66.75334,5209.01528,-0.09706,44.95535,2.3196643773309273,0.864136014598819,-7.999999863534712
4.46067,4.46625,66.73721,5207.74778,-0.13947,44.95482,2.3238000809341064,0.8656766730079141,-7.999999863534712
4.50987,4.51552,66.71531,5206.48812,-0.18183,44.95433,2.329841384207314,0.8679272174334397,-7.999999863534712
4.55905,4.56478,66.68765,5205.23521,-0.22414,44.95389,2.3377989235242653,0.8708916102044645,-7.999999863534712
4.60822,4.61403,66.65423,5203.98795,-0.26634,44.95348,2.347686591727733,0.8745750267704642,-7.999999863534712
4.65738,4.66327,66.61508,5202.74524,-0.30841,44.9531,2.359521536010467,0.878983854911908,-7.999999863534712
4.70653,4.7125,66.57022,5201.50593,-0.35032,44.95275,2.3733241541076024,0.8841256933218299,-7.999999863534712
4.75566,4.76172,66.51968,5200.26889,-0.39204,44.95243,2.3891180881960956,0.89000934933321,-7.999999863534712
4.80479,4.81094,66.46349,5199.03294,-0.43352,44.95212,2.406930215762684,0.8966448355170464,-7.999999863534712
4.8539,4.86014,66.40168,5197.79689,-0.47475,44.95183,2.426790636561835,0.9040433648238511,-7.999999863534712
4.90301,4.90934,66.3343,5196.5595,-0.51568,44.95155,2.4487326546470523,0.9122173438898364,-7.999999863534712
4.9521,4.95853,66.26139,5195.31953,-0.55629,44.95127,2.4727927542981543,0.921180364069194,-7.999999863534712
5.00118,5.00771,66.18299,5194.0757,-0.59653,44.95098,2.4990105685173964,0.9309471896980706,-7.999999863534712
5.05025,5.05689,66.09918,5192.82669,-0.63637,44.9507,2.527428838577099,0.9415337430249965,-7.999999863534712
5.0993,5.10605,66.00999,5191.57116,-0.67577,44.9504,2.5580933629485467,0.9529570851855556,-7.999999863534712
5.14835,5.15521,65.91551,5190.30772,-0.7147,44.95008,2.5910529337100483,0.9652353925127145,-7.999999863534712
5.19739,5.20436,65.81579,5189.03496,-0.75312,44.94975,2.62635925837487,0.9783879274156715,-7.999999863534712
5.24641,5.2535,65.71092,5187.75142,-0.79099,44.94938,2.664066864821783,0.9924350029639837,-7.999999863534712
5.29542,5.30264,65.60097,5186.45559,-0.82828,44.94898,2.7042329868262116,1.007397940244908,-7.999999863534712
5.34442,5.35176,65.48603,5185.14594,-0.86493,44.94854,2.7469174274412382,1.0232990174692305,-7.999999863534712
5.39341,5.40088,65.36619,5183.82087,-0.90092,44.94806,2.7921823972393023,1.0401614097120435,-7.999999863534712
5.44239,5.44998,65.24154,5182.47876,-0.93619,44.94752,2.840092324196936,1.0580091180898077,-7.999999863534712
5.49135,5.49908,65.11219,5181.11792,-0.9707,44.94692,2.8907136317587017,1.0768668870833282,-7.999999863534712
5.54031,5.54817,64.97826,5179.73662,-1.00441,44.94626,2.944114481376837,1.0967601086269994,-7.999999863534712
5.58925,5.59725,64.83984,5178.33308,-1.03728,44.94553,3.000364475602227,1.1177147115023793,-7.999999863534712
5.63818,5.64632,64.69707,5176.90548,-1.06925,44.94472,3.0595343175848186,1.1397570344931351,-7.999999863534712
5.6871,5.69539,64.55007,5175.45194,-1.10028,44.94382,3.1216954226439295,1.1629136816847627,-7.999999863534712
5.736,5.74444,64.39897,5173.97051,-1.13032,44.94283,3.186919477426346,1.187211358239379,-7.999999863534712
5.78489,5.79348,64.24392,5172.45921,-1.15932,44.94174,3.255277942038379,1.2126766849268136,-7.999999863534712
5.83377,5.84251,64.08507,5170.91601,-1.18722,44.94054,3.3268414904796564,1.2393359896714726,-7.999999863534712
5.88264,5.89153,63.92256,5169.3388,-1.21398,44.93922,3.4016793847071933,1.267215074374736,-7.999999863534712
5.93149,5.94054,63.75656,5167.72546,-1.23954,44.93778,3.4798587777516357,1.2963389553074223,-7.999999863534712
5.98033,5.98954,63.58725,5166.07378,-1.26384,44.9362,3.561443941489554,1.326731575434648,-7.999999863534712
6.02916,6.03852,63.41479,5164.38152,-1.28683,44.93449,3.6464954149880264,1.358415487151779,-7.999999863534712
6.07797,6.08749,63.23937,5162.64639,-1.30846,44.93263,3.7350690697801463,1.391411504074961,-7.999999863534712
6.12677,6.13645,63.06119,5160.86606,-1.32866,44.9306,3.8272150890468093,1.425738320759477,-7.999999863534712
6.17556,6.1854,62.88044,5159.03816,-1.34738,44.92841,3.922976858474199,1.4614120995149762,-7.999999863534712
6.22432,6.23433,62.69733,5157.16027,-1.36455,44.92604,4.022389767554695,1.4984460238585227,-7.999999863534712
6.27308,6.28325,62.51208,5155.22995,-1.38012,44.92349,4.125479921347994,1.5368498186117205,-7.999999863534712
6.32182,6.33215,62.32491,5153.24473,-1.39403,44.92074,4.232262764186969,1.5766292371949289,-7.999999863534712
6.37054,6.38104,62.13605,5151.20212,-1.40621,44.91779,4.342741618602671,1.6177855173383848,-7.999999863534712
6.41925,6.42991,61.94575,5149.09961,-1.41661,44.91463,4.4569061447563945,1.6603148071801141,-7.999999863534712
6.46794,6.47876,61.75425,5146.9347,-1.42517,44.91124,4.574730728051237,1.7042075646088093,-7.999999863534712
6.51662,6.5276,61.5618,5144.70487,-1.43182,44.90762,4.696172805203767,1.7494479336814848,-7.999999863534712
6.56528,6.57642,61.36868,5142.40763,-1.43651,44.90376,4.821171142033939,1.7960131030549058,-7.999999863534712
6.61392,6.62521,61.17514,5140.04053,-1.43918,44.89966,4.949644079420749,1.8438726525579174,-7.999999863534712
6.66255,6.67399,60.98148,5137.60112,-1.43977,44.89529,5.0814877673438446,1.8929878953254793,-7.999999863534712
6.71115,6.72275,60.78798,5135.08702,-1.43823,44.89065,5.2165744106046725,1.943311224283637,-7.999999863534712
6.75974,6.77148,60.59492,5132.49593,-1.4345,44.88574,5.354750553575602,1.994785473173437,-7.999999863534712
6.80831,6.82019,60.40262,5129.82561,-1.42854,44.88055,5.495835435189699,2.047343303741337,-7.999999863534712
6.85685,6.86888,60.21136,5127.07392,-1.4203,44.87506,5.639619449163269,2.1009066321315877,-7.999999863534712
6.90538,6.91754,60.02147,5124.23883,-1.40974,44.86928,5.785862747972439,2.1553861088307773,-7.999999863534712
6.95389,6.96618,59.83327,5121.31846,-1.39682,44.86319,5.9342940324189675,2.210680667749249,-7.999999863534712
7.00238,7.01479,59.64706,5118.31106,-1.38149,44.85678,6.0846095712829475,2.26667716101594,-7.999999863534712
7.05084,7.06337,59.46318,5115.21507,-1.36374,44.85007,6.236472497636548,2.32325009683673,-7.999999863534712
7.09929,7.11193,59.28195,5112.0291,-1.34355,44.84303,6.389512429488714,2.380261498174613,-7.999999863534712
7.14771,7.16045,59.1037,5108.752,-1.32088,44.83567,6.543325462494351,2.437560900033681,-7.999999863534712
7.1961,7.20894,58.92876,5105.38281,-1.29574,44.82798,6.697474581172896,2.4949855026488525,-7.999999863534712
7.24448,7.25741,58.75747,5101.92087,-1.26812,44.81996,6.851490532337357,2.55236049686118,-7.999999863534712
7.29282,7.30583,58.59014,5098.36574,-1.23802,44.81161,7.004873200027943,2.6094995763167974,-7.999999863534712
7.34115,7.35423,58.42711,5094.71732,-1.20547,44.80294,7.157093515108799,2.666205648841953,-7.999999863534712
7.38944,7.40258,58.2687,5090.97579,-1.17047,44.79394,7.3075959246401165,2.72227175634909,-7.999999863534712
7.43771,7.4509,58.11523,5087.14164,-1.13307,44.78461,7.455801436384757,2.7774822089956714,-7.999999863534712
7.48596,7.49919,57.96702,5083.21573,-1.0933,44.77497,7.601111242161494,2.8316139349786003,-7.999999863534712
7.53417,7.54743,57.82436,5079.19926,-1.05122,44.76502,7.742910910641896,2.8844380424613734,-7.999999863534712
7.58236,7.59564,57.68757,5075.09378,-1.00688,44.75476,7.880575125689537,2.935721584730114,-7.999999863534712
7.63052,7.6438,57.55691,5070.90122,-0.96037,44.7442,8.013472930905577,2.985229513924793,-7.999999863534712
7.67865,7.69192,57.43268,5066.62387,-0.91176,44.73336,8.140973425089799,3.0327268027483205,-7.999999863534712
7.72675,7.74,57.31513,5062.26442,-0.86115,44.72225,8.262451837424143,3.077980707632258,-7.999999863534712
7.77481,7.78803,57.20451,5057.82589,-0.80864,44.71088,8.37729589588797,3.1207631411390713,-7.999999863534712
7.82285,7.83602,57.10106,5053.31171,-0.75435,44.69926,8.484912388424988,3.1608531161694438,-7.999999863534712
7.87085,7.88396,57.00499,5048.72562,-0.69839,44.68741,8.584733804273206,3.198039220032428,-7.999999863534712
7.91883,7.93185,56.91651,5044.07174,-0.64092,44.67536,8.676224933386338,3.232122072903556,-7.999999863534712
7.96676,7.9797,56.83578,5039.3545,-0.58205,44.66311,8.758889295469343,3.2629167228097447,-7.999999863534712
8.01467,8.0275,56.76298,5034.57861,-0.52196,44.65069,8.832275267381382,3.2902549282481095,-7.999999863534712
8.06254,8.07525,56.69823,5029.74909,-0.46079,44.63813,8.895981778849508,3.313987279989185,-7.999999863534712
8.11037,8.12294,56.64166,5024.87119,-0.39871,44.62543,8.949663451744858,3.3339851155925233,-7.999999863534712
8.15817,8.17059,56.59336,5019.95039,-0.3359,44.61264,8.993035067657464,3.3501421836958656,-7.999999863534712
8.20593,8.21819,56.55339,5014.99235,-0.27252,44.59976,9.025875261890091,3.362376020125033,-7.999999863534712
8.25366,8.26573,56.52181,5010.00288,-0.20876,44.58683,9.048029359040862,3.3706290042230727,-7.999999863534712
8.30135,8.31322,56.49863,5004.98791,-0.1448,44.57387,9.059411285308409,3.3748690712342375,-7.999999863534712
8.34901,8.36066,56.48386,4999.95343,-0.08082,44.56091,9.060004515015489,3.375090064908938,-7.999999863534712
8.39662,8.40805,56.47746,4994.90549,-0.01701,44.54797,9.04986203264451,3.3713117233609764,-7.999999863534712
8.4442,8.45538,56.47939,4989.8501,0.04646,44.53507,9.029105316041742,3.363579300284363,-7.999999863534712
8.49174,8.50266,56.48957,4984.79327,0.1094,44.52225,8.997922370521708,3.3519628326054733,-7.999999863534712
8.53924,8.54989,56.50791,4979.74091,0.17164,44.50952,8.956564866371586,3.336556074128127,-7.999999863534712
8.58671,8.59707,56.53428,4974.69881,0.23301,44.49692,8.905344452953425,3.3174751224396757,-7.999999863534712
8.63414,8.64419,56.56855,4969.67264,0.29334,44.48446,8.844628340518788,3.2948567730207095,-7.999999863534712
8.68152,8.69126,56.61055,4964.66786,0.35246,44.47216,8.774834255396984,3.268856639919936,-7.999999863534712
8.72887,8.73827,56.66011,4959.68976,0.41023,44.46006,8.696424884981655,3.2396470863655265,-7.999999863534712
8.77619,8.78524,56.71701,4954.74335,0.46649,44.44816,8.609901935781764,3.2074150112327606,-7.999999863534712
8.82346,8.83215,56.78105,4949.83343,0.52113,44.4365,8.515799930575765,3.1723595383207543,-7.999999863534712
8.87069,8.87902,56.85199,4944.96451,0.57399,44.42508,8.414679869746088,3.134689655032772,-7.999999863534712
8.91789,8.92583,56.92958,4940.14081,0.62498,44.41393,8.307122877204458,3.0946218453162206,-7.999999863534712
8.96505,8.97259,57.01356,4935.36625,0.67397,44.40306,8.193723943723477,3.0523777588890435,-7.999999863534712
9.01217,9.01931,57.10365,4930.64444,0.72087,44.39248,8.07508587009879,3.008181954908262,-7.999999863534712
9.05925,9.06597,57.19956,4925.97868,0.7656,44.38221,7.951813500349678,2.962259753685463,-7.999999863534712
9.1063,9.11259,57.30101,4921.37196,0.80807,44.37226,7.824508321365143,2.9148352249128715,-7.999999863534712
9.15331,9.15916,57.40768,4916.82693,0.84823,44.36264,7.69376349093248,2.8661293354731767,-7.999999863534712
9.20028,9.20569,57.51926,4912.34596,0.886,44.35336,7.560159341245305,2.8163582743779583,-7.999999863534712
9.24722,9.25217,57.63545,4907.93108,0.92135,44.34443,7.424259390521817,2.765731966990552,-7.999999863534712
9.29412,9.29861,57.75591,4903.58406,0.95423,44.33585,7.286606881499584,2.71445278552428,-7.999999863534712
9.34098,9.34501,57.88033,4899.30634,0.98462,44.32763,7.147721852824693,2.662714458057849,-7.999999863534712
9.38781,9.39136,58.00837,4895.09911,1.0125,44.31976,7.008098737881135,2.610701174036121,-7.999999863534712
9.4346,9.43767,58.13972,4890.96329,1.03786,44.31226,6.868204475702038,2.55858688053484,-7.999999863534712
9.48136,9.48394,58.27404,4886.89954,1.06069,44.30513,6.728477110213252,2.506534760442018,-7.999999863534712
9.52808,9.53018,58.411,4882.9083,1.08101,44.29836,6.589324847400466,2.454696881227867,-7.999999863534712
9.57477,9.57637,58.55029,4878.98976,1.09881,44.29196,6.451125534861455,2.4032140010643284,-7.999999863534712
9.62143,9.62253,58.69158,4875.14394,1.11411,44.28592,6.314226524645605,2.3522155177291806,-7.999999863534712
9.66805,9.66866,58.83456,4871.37063,1.12695,44.28024,6.178944878081866,2.301819544909843,-7.999999863534712
9.71465,9.71474,58.97891,4867.66949,1.13735,44.27492,6.045567870369612,2.2521331001767475,-7.999999863534712
9.7612,9.7608,59.12432,4864.03997,1.14534,44.26995,5.914353752861656,2.20325238895382,-7.999999863534712
9.80773,9.80682,59.27048,4860.48141,1.15096,44.26533,5.785532732006819,2.155263169200341,-7.999999863534712
9.85423,9.85281,59.41711,4856.993,1.15426,44.26105,5.659308125731329,2.1082411821934484,-7.999999863534712
9.90069,9.89877,59.56391,4853.57383,1.15528,44.25712,5.5358576603880945,2.0622526356758613,-7.999999863534712
9.94713,9.9447,59.71059,4850.22287,1.15406,44.25351,5.415334874170796,2.0173547266645593,-7.999999863534712
9.99353,9.9906,59.85688,4846.93901,1.15067,44.25024,5.297870595973829,1.9735961923650207,-7.999999863534712
10.03991,10.03647,60.00251,4843.72103,1.14515,44.24728,5.1835744718633405,1.9310178788218457,-7.999999863534712
10.08625,10.08232,60.1472,4840.56769,1.13756,44.24464,5.072536514577925,1.8896533181485393,-7.999999863534712
10.13257,10.12814,60.29072,4837.47765,1.12796,44.2423,4.964828654728104,1.849529306390129,-7.999999863534712
10.17886,10.17394,60.4328,4834.44953,1.1164,44.24026,4.860506275446491,1.8106664752207304,-7.999999863534712
10.22512,10.21971,60.57322,4831.48192,1.10294,44.23851,4.759609715215814,1.7730798517865296,-7.999999863534712
10.27135,10.26546,60.71173,4828.57337,1.08765,44.23704,4.6621657263524465,1.7367794020292715,-7.999999863534712
10.31755,10.31119,60.84816,4825.72229,1.07139,44.24729,4.56815621520012,1.7017583855859242,0.0
10.36371,10.35691,60.98235,4822.92713,1.0534,44.25758,4.477555439764483,1.6680072128862775,0.0
10.40984,10.40261,61.11409,4820.1864,1.03374,44.26792,4.390362602954346,1.6355255869928915,0.0
10.45594,10.44831,61.24317,4817.49861,1.01247,44.2783,4.306568088232986,1.6043099254928108,0.0
10.502,10.49399,61.3694,4814.86228,0.98965,44.28874,4.2261546872914115,1.574353817838158,0.0
10.54803,10.53967,61.49259,4812.27589,0.96535,44.29922,4.14909866216937,1.5456484210141552,0.0
10.59402,10.58533,61.61257,4809.73794,0.93961,44.30975,4.075370734966209,1.5181828282324614,0.0
10.63998,10.63099,61.72916,4807.24694,0.91251,44.32033,4.004937005782233,1.4919444108884812,0.0
10.68591,10.67664,61.84219,4804.8014,0.8841,44.33096,3.9377598003501246,1.4669191343263683,0.0
10.73181,10.72228,61.95152,4802.39982,0.85444,44.34163,3.873798449472678,1.4430918482000927,0.0
10.77767,10.76791,62.05699,4800.04074,0.82358,44.35236,3.8130100028948015,1.4204465524095429,0.0
10.82351,10.81354,62.15846,4797.72267,0.79159,44.36313,3.7553498806032715,1.3989666397268237,0.0
10.86931,10.85916,62.25579,4795.44418,0.75851,44.37396,3.700772464847905,1.3786351163397157,0.0
10.91508,10.90477,62.34886,4793.2038,0.7244,44.38483,3.6492316363286723,1.3594348015954862,0.0
10.96083,10.95038,62.43755,4791.00012,0.68932,44.39576,3.6006812581004852,1.3413485082681535,0.0
11.00654,10.99598,62.52174,4788.83171,0.65332,44.40673,3.5550756107740815,1.3243592046822688,0.0
11.05222,11.04158,62.60133,4786.69715,0.61646,44.41775,3.5123697825553655,1.3084501600128302,0.0
11.09788,11.08718,62.67621,4784.59507,0.57878,44.42883,3.4725200175954365,1.2936050740548368,0.0
11.1435,11.13277,62.74629,4782.52406,0.54033,44.43995,3.435484026006163,1.2798081927122458,0.0
11.1891,11.17835,62.81149,4780.48275,0.50118,44.45113,3.4012212587546076,1.2670444104033785,0.0
11.23467,11.22394,62.87171,4778.46979,0.46135,44.46235,3.369693150489423,1.2552993605201428,0.0
11.28021,11.26952,62.92689,4776.4838,0.42092,44.47363,3.3408633331568023,1.2445594950055943,0.0
11.32572,11.31509,62.97696,4774.52345,0.37992,44.48496,3.3146978230883146,1.2348121540490788,0.0
11.37121,11.36067,63.02185,4772.58738,0.3384,44.49634,3.291165184026789,1.2260456268176616,0.0
11.41667,11.40624,63.0615,4770.67426,0.29641,44.50777,3.270236668355283,1.2182492040676374,0.0
11.4621,11.45181,63.09587,4768.78276,0.254,44.51925,3.251886338584992,1.2114132234019694,0.0
11.50751,11.49738,63.12491,4766.91153,0.21121,44.53079,3.236091170952815,1.2055291078631105,0.0
11.55288,11.54295,63.14858,4765.05925,0.16809,44.54237,3.2228311427519873,1.2005893984659628,0.0
11.59823,11.58852,63.16684,4763.22458,0.12468,44.55401,3.2120893048498904,1.1965877812126662,0.0
11.64356,11.63409,63.17966,4761.40618,0.08104,44.5657,3.2038518405972156,1.1935191090378159,0.0
11.68886,11.67966,63.18703,4759.60272,0.0372,44.57744,3.1981081121695367,1.1913794190719154,0.0
11.73413,11.72522,63.18893,4757.81284,-0.00678,44.58923,3.1948506951589173,1.1901659455276599,0.0
11.77938,11.77079,63.18534,4756.03518,-0.05087,44.60107,3.194075402053845,1.189877128446831,0.0
11.82459,11.81636,63.17626,4754.26839,-0.09502,44.61296,3.195781295038433,1.190512618468336,0.0
11.86979,11.86192,63.16169,4752.51109,-0.13918,44.62491,3.199970688357253,1.1920732777091685,0.0
11.91496,11.90749,63.14163,4750.76187,-0.18331,44.63691,3.2066491403011828,1.1945611767789286,0.0
11.9601,11.95306,63.1161,4749.01934,-0.22736,44.64896,3.2158254346740796,1.1979795878756687,0.0
12.00521,11.99863,63.0851,4747.28208,-0.27129,44.66106,3.227511551416712,1.2023329738425363,0.0
12.0503,12.0442,63.04867,4745.54863,-0.31505,44.67321,3.2417226258656666,1.2076269729906441,0.0
12.09537,12.08977,63.00683,4743.81754,-0.3586,44.68542,3.2584768959386863,1.2138683794242209,0.0
12.14041,12.13534,62.95961,4742.08732,-0.40188,44.69767,3.2777956363453584,1.2210651185323584,0.0
12.18542,12.18091,62.90706,4740.35645,-0.44486,44.70998,3.2997030787215835,1.2292262172370025,0.0
12.23041,12.22649,62.84921,4738.62341,-0.48749,44.72234,3.324226316396844,1.2383617685162536,0.0
12.27537,12.27206,62.78613,4736.88662,-0.52971,44.73475,3.351395192301485,1.2484828896468807,0.0
12.3203,12.31764,62.71786,4735.1445,-0.57148,44.74721,3.3812421683317027,1.2596016735393398,0.0
12.36521,12.36321,62.64446,4733.39541,-0.61276,44.75972,3.413802174274466,1.2717311324583358,0.0
12.41009,12.40879,62.56602,4731.6377,-0.65348,44.77228,3.4491124342259516,1.2848851333591185,0.0
12.45495,12.45437,62.48259,4729.86968,-0.69361,44.78489,3.48721226822422,1.2990783239904389,0.0
12.49978,12.49995,62.39427,4728.08962,-0.73308,44.79756,3.5281428666399894,1.3143260488491724,0.0
12.54458,12.54554,62.30115,4726.29576,-0.77186,44.81027,3.5719470346955187,1.3306442540068841,0.0
12.58936,12.59112,62.2033,4724.4863,-0.80988,44.82304,3.6186689043151414,1.3480493797665687,0.0
12.63411,12.6367,62.10085,4722.65939,-0.84709,44.83585,3.668353610368632,1.3665582400547882,0.0
12.67883,12.68229,61.99388,4720.81316,-0.88344,44.84872,3.7210469282436422,1.3861878874078648,0.0
12.72353,12.72787,61.88252,4718.9457,-0.91887,44.86163,3.776794869598898,1.4069554623793137,0.0
12.76819,12.77346,61.76689,4717.05504,-0.95333,44.8746,3.8356432330912744,1.4288780261738563,0.0
12.81283,12.81904,61.64712,4715.13918,-0.98677,44.88761,3.897637106855117,1.4519723753078762,0.0
12.85745,12.86463,61.52334,4713.19611,-1.01911,44.90067,3.9628203195758522,1.476254837119897,0.0
12.90203,12.91022,61.39568,4711.22373,-1.05031,44.91379,4.031234837091104,1.5017410449886213,0.0
12.94658,12.9558,61.26431,4709.21993,-1.08031,44.92695,4.102920101664537,1.5284456921950524,0.0
12.99111,13.00139,61.12937,4707.18258,-1.10904,44.94016,4.1779123113456675,1.5563822634650633,0.0
13.03561,13.04698,60.99104,4705.10948,-1.13645,44.95341,4.2562436372162855,1.5855627433730928,0.0
13.08008,13.09256,60.84948,4702.99842,-1.16248,44.96672,4.3379413768374055,1.6159973009788615,0.0
13.12451,13.13814,60.70486,4700.84716,-1.18706,44.98007,4.423027042836417,1.647693950302102,0.0
13.16892,13.18373,60.55738,4698.65342,-1.21013,44.99347,4.511515386370478,1.680658186536983,0.0
13.2133,13.22931,60.40723,4696.41493,-1.23162,45.00691,4.603413356134855,1.714892598255322,0.0
13.25764,13.27488,60.25461,4694.12936,-1.25149,45.0204,4.698718994721679,1.750396456271185,0.0
13.30196,13.32046,60.09973,4691.7944,-1.26966,45.03394,4.797420275430636,1.7871652803222648,0.0
13.34624,13.36603,59.9428,4689.40772,-1.28607,45.04753,4.899493884130679,1.8251903852813134,0.0
13.39049,13.4116,59.78406,4686.967,-1.30067,45.06115,5.0049039524767425,1.864458409246041,0.0
13.43471,13.45716,59.62371,4684.46991,-1.31339,45.07483,5.1136007506681835,1.904950826557239,0.0
13.47889,13.50272,59.46202,4681.91417,-1.32416,45.08855,5.2255193500252695,1.94664344957333,0.0
13.52304,13.54828,59.29921,4679.29749,-1.33294,45.10231,5.34057826791577,1.9895059238698718,0.0
13.56716,13.59383,59.13555,4676.61763,-1.33967,45.11611,5.458678109961241,2.0335012224256697,0.0
13.61123,13.63937,58.97129,4673.87241,-1.34428,45.12996,5.579700226995335,2.078585145304413,0.0
13.65528,13.68491,58.8067,4671.05968,-1.34673,45.14385,5.703505406830312,2.124705832303273,0.0
13.69929,13.73044,58.64204,4668.1774,-1.34697,45.15778,5.8299326235082924,2.171803297016094,0.0
13.74326,13.77596,58.47759,4665.22356,-1.34495,45.17175,5.9587978692649495,2.2198089917091277,0.0
13.78719,13.82148,58.31363,4662.19631,-1.34062,45.18577,6.0898930968482645,2.268645413306945,0.0
13.83108,13.86698,58.15045,4659.09385,-1.33395,45.19982,6.222985302027197,2.3182257616027724,0.0
13.87497,13.91244,57.98553,4655.91991,-1.37111,45.12117,6.360349746772891,2.369397631546607,-52.999999095917474
13.91889,13.95782,57.81629,4652.67655,-1.40685,45.04041,6.504493969529487,2.4230951471861975,-52.999999095917474
13.96285,14.0031,57.6429,4649.35956,-1.44109,44.95742,6.655562283061438,2.479372068823401,-52.999999095917474
14.00683,14.0483,57.46557,4645.96465,-1.47374,44.87211,6.813682311987387,2.5382759399866677,-52.999999095917474
14.05085,14.0934,57.28451,4642.48744,-1.50474,44.78436,6.9789724425684145,2.5998508626731796,-52.999999095917474
14.09491,14.13841,57.09992,4638.92348,-1.534,44.69406,7.1515395110699975,2.664136636202858,-52.999999095917474
14.139,14.18332,56.91203,4635.26821,-1.56145,44.60108,7.331476279967448,2.731167817038486,-52.999999095917474
14.18313,14.22813,56.72108,4631.51703,-1.58699,44.50532,7.518858698628344,2.800972698317832,-52.999999095917474
14.2273,14.27283,56.52731,4627.66527,-1.61056,44.40666,7.713742948364086,2.8735722090576132,-52.999999095917474
14.27151,14.31743,56.33097,4623.70823,-1.63205,44.30497,7.91616227574784,2.948978734481104,-52.999999095917474
14.31575,14.36191,56.13233,4619.64115,-1.6514,44.20013,8.12612362289577,3.0271948607092334,-52.999999095917474
14.36004,14.40628,55.93167,4615.45927,-1.66852,44.09202,8.343604068889839,3.1082120490969474,-52.999999095917474
14.40437,14.45054,55.72926,4611.15784,-1.68332,43.98053,8.568547103037078,3.1920092479242275,-52.999999095917474
14.44875,14.49467,55.52541,4606.73211,-1.69572,43.86552,8.80085875780818,3.278551451813975,-52.999999095917474
14.49317,14.53867,55.32041,4602.17739,-1.70564,43.74688,9.040403637382756,3.3677882222606152,-52.999999095917474
14.53763,14.58254,55.11457,4597.48904,-1.713,43.62449,9.287000886532608,3.4596521859330567,-52.999999095917474
14.58215,14.62628,54.90822,4592.66253,-1.71771,43.49823,9.540420153929608,3.554057530900664,-52.999999095917474
14.62671,14.66988,54.70168,4587.69344,-1.71971,43.36799,9.800377613847951,3.6508985246126713,-52.999999095917474
14.67132,14.71333,54.4953,4582.57753,-1.71892,43.23365,10.066532120345617,3.750048081229583,-52.999999095917474
14.71598,14.75663,54.28942,4577.31072,-1.71527,43.09512,10.338481577986265,3.8513564096215975,-52.999999095917474
14.7607,14.79979,54.08439,4571.88917,-1.70869,42.95228,10.615759622803072,3.9546497769402986,-52.999999095917474
14.80546,14.84278,53.88056,4566.3093,-1.69914,42.80506,10.897832715976854,4.059729425937289,-52.999999095917474
14.85029,14.88561,53.67832,4560.56785,-1.68654,42.65336,11.184097760123684,4.166370686968605,-52.999999095917474
14.89516,14.92827,53.47802,4554.66187,-1.67087,42.4971,11.473880353697616,4.274322327713815,-52.999999095917474
14.9401,14.97076,53.28003,4548.58882,-1.65207,42.33622,11.766433802121243,4.383306184796114,-52.999999095917474
14.98509,15.01306,53.08473,4542.34659,-1.63012,42.17067,12.060939004450551,4.493017121562014,-52.999999095917474
15.03014,15.05519,52.8925,4535.93352,-1.60499,42.00039,12.356505330855052,4.60312335496578,-52.999999095917474
15.07525,15.09712,52.70372,4529.34849,-1.57668,41.82536,12.652172598660787,4.713267191697433,-52.999999095917474
15.12042,15.13886,52.51876,4522.59092,-1.54519,41.64556,12.946914242536899,4.82306620916067,-52.999999095917474
15.16565,15.18039,52.33798,4515.66082,-1.51052,41.46098,13.239641757423259,4.932114910580302,-52.999999095917474
15.21094,15.22172,52.16177,4508.55883,-1.4727,41.27165,13.529210470748504,5.039986875305348,-52.999999095917474
15.2563,15.26284,51.99049,4501.28625,-1.43176,41.0776,13.81442667356912,5.146237415345974,-52.999999095917474
15.30172,15.30374,51.82448,4493.84508,-1.38777,40.87888,14.09405610867787,5.250406737417225,-52.999999095917474
15.34721,15.34441,51.66409,4486.23802,-1.34077,40.67555,14.366833778211323,5.352023596530877,-52.999999095917474
15.39275,15.38486,51.50967,4478.46851,-1.29086,40.46771,14.631474994563314,5.450609412751466,-52.999999095917474
15.43837,15.42507,51.36153,4470.54073,-1.23813,40.25547,14.886687557864626,5.545682807627883,-52.999999095917474
15.48405,15.46505,51.21998,4462.4596,-1.18267,40.03895,15.131184902193608,5.636764501502731,-52.999999095917474
15.52979,15.50478,51.08531,4454.23079,-1.12463,39.8183,15.363700012686117,5.723382498001944,-52.999999095917474
15.5756,15.54427,50.95779,4445.86072,-1.06414,39.59371,15.58299987886065,5.8050774682787045,-52.999999095917474
15.62147,15.5835,50.83769,4437.35648,-1.00135,39.36534,15.78790021710131,5.881408235525719,-52.999999095917474
15.66741,15.62248,50.72522,4428.72588,-0.93643,39.13342,15.977280169806242,5.951957250794753,-52.999999095917474
15.71341,15.66119,50.62062,4419.97738,-0.86955,38.89817,16.15009667117892,6.016335944631887,-52.999999095917474
15.75947,15.69964,50.52405,4411.12002,-0.80092,38.65983,16.30539816187526,6.074189836144422,-52.999999095917474
15.8056,15.73782,50.43569,4402.16341,-0.73074,38.41866,16.442337337372077,6.125203282103541,-52.999999095917474
15.85179,15.77573,50.35566,4393.11766,-0.65922,38.17494,16.560182628614168,6.169103753787445,-52.999999095917474
15.89804,15.81337,50.28408,4383.9933,-0.58659,37.92896,16.658328138102632,6.20566553843567,-52.999999095917474
15.94435,15.85073,50.22104,4374.80123,-0.51307,37.681,16.73630178964219,6.2347127752444,-52.999999095917474
15.99071,15.88782,50.16657,4365.55261,-0.43891,37.43138,16.79377149402074,6.25612175224434,-52.999999095917474
16.03714,15.92462,50.12072,4356.25883,-0.36434,37.18042,16.830549184758883,6.26982240972358,-52.999999095917474
16.08362,15.96114,50.08346,4346.9314,-0.28961,36.92842,16.846592635013952,6.275799017072174,-52.999999095917474
16.13016,15.99738,50.05479,4337.58188,-0.21496,36.6757,16.84200502713161,6.274090012428775,-52.999999095917474
16.17675,16.03334,50.03462,4328.22178,-0.14064,36.4226,16.81703230705366,6.2647870171279285,-52.999999095917474
16.22339,16.06901,50.02288,4318.8625,-0.06689,36.16942,16.772058414597765,6.248033058853779,-52.999999095917474
16.27008,16.1044,50.01945,4309.51525,0.00605,35.91648,16.70759853524573,6.224020057753644,-52.999999095917474
16.31682,16.1395,50.02419,4300.191,0.07795,35.66409,16.624290566987572,6.192985647612915,-52.999999095917474
16.3636,16.17433,50.03694,4290.90034,0.14858,35.41255,16.52288503577221,6.155209419095086,-52.999999095917474
16.41043,16.20887,50.05751,4281.65352,0.21773,35.16214,16.404233723607415,6.111008683409787,-52.999999095917474
16.4573,16.24314,50.08568,4272.46032,0.2852,34.91314,16.269277293678,6.060733862343701,-52.999999095917474
16.50422,16.27713,50.12123,4263.33001,0.35077,34.66582,16.119032207101295,6.004763614407731,-52.999999095917474
16.55117,16.31084,50.16389,4254.27134,0.41427,34.42043,15.954577225820529,5.943499806809666,-52.999999095917474
16.59815,16.34428,50.21341,4245.29249,0.47553,34.17719,15.77703978716135,5.877362439617974,-52.999999095917474
16.64518,16.37745,50.2695,4236.40103,0.53439,33.93634,15.58758251810838,5.806784621974981,-52.999999095917474
16.69223,16.41036,50.33185,4227.60392,0.59069,33.69806,15.387390133322308,5.732207691263512,-52.999999095917474
16.73932,16.443,50.40014,4218.90749,0.64432,33.46255,15.177656931536097,5.654076555185491,-52.999999095917474
16.78644,16.47538,50.47406,4210.31743,0.69514,33.22996,14.959575071955808,5.572835324412765,-52.999999095917474
16.83359,16.5075,50.55327,4201.8388,0.74307,33.00043,14.734323777328747,5.488923290445928,-52.999999095917474
16.88076,16.53938,50.63742,4193.47603,0.788,32.77411,14.503059574618872,5.4027712900091105,-52.999999095917474
16.92796,16.571,50.72617,4185.23292,0.82986,32.5511,14.266907649448525,5.31479848435205,-52.999999095917474
16.97517,16.60237,50.81915,4177.11269,0.86859,32.33149,14.026954357419278,5.225409569520066,-52.999999095917474
17.02242,16.63351,50.91601,4169.11798,0.90415,32.11536,13.784240905150776,5.134992422374775,-52.999999095917474
17.06968,16.66441,51.01639,4161.25084,0.93648,31.90276,13.539758187076375,5.043916177164598,-52.999999095917474
17.11696,16.69508,51.11993,4153.51283,0.96558,31.69375,13.294442740896843,4.9525297188248665,-52.999999095917474
17.16425,16.72552,51.22625,4145.90499,0.99142,31.48834,13.049173765661648,4.861160572134626,-52.999999095917474
17.21156,16.75573,51.33501,4138.42787,1.01401,31.28656,12.80477113133598,4.770114160227983,-52.999999095917474
17.25889,16.78572,51.44585,4131.08161,1.03335,31.0884,12.561994297756694,4.679673401876761,-52.999999095917474
17.30618,16.81559,51.56399,4123.85467,1.15257,31.1008,12.311825882714718,4.5864790849464745,0.0
17.35337,16.84543,51.69449,4116.74246,1.26643,31.1132,12.046247680142534,4.487544216705271,0.0
17.40048,16.87522,51.83673,4109.75435,1.3746,31.12561,11.767607465769432,4.383743405386014,0.0
17.4475,16.90499,51.99003,4102.89847,1.47683,31.13802,11.478202808500374,4.275932555858472,0.0
17.49443,16.93472,52.15373,4096.18172,1.57288,31.15044,11.18027017814339,4.1649448119712025,0.0
17.54128,16.96442,52.3271,4089.60988,1.6626,31.16286,10.875957557946197,4.051580354000821,0.0
17.58804,16.99409,52.50945,4083.18754,1.74585,31.17529,10.567301804824323,3.9365979647412885,0.0
17.63472,17.02373,52.70006,4076.91825,1.82253,31.18773,10.256210786596728,3.820708375154195,0.0
17.68131,17.05334,52.89819,4070.80454,1.89259,31.20019,9.944450156644418,3.7045693375811,0.0
17.72784,17.08292,53.10314,4064.84801,1.95603,31.21265,9.633634490377355,3.58878232384425,0.0
17.77428,17.11247,53.31419,4059.04938,2.01286,31.22513,9.32522240569188,3.4738907074885805,0.0
17.82065,17.142,53.53062,4053.40862,2.06312,31.23762,9.020515220191195,3.3603792635610086,0.0
17.86695,17.17151,53.75173,4047.92497,2.1069,31.25013,8.720658658418534,3.2486748045997182,0.0
17.91317,17.20099,53.97684,4042.59707,2.14429,31.26266,8.426647108912741,3.1391477664993634,0.0
17.95933,17.23045,54.20528,4037.42302,2.17541,31.27521,8.139329938796555,3.03211456086136,0.0
18.00542,17.2599,54.4364,4032.40043,2.20041,31.28778,7.859419398362127,2.927840519659967,0.0
18.05145,17.28932,54.66955,4027.52652,2.21942,31.30037,7.587499684925661,2.8265432717666275,0.0
18.09741,17.31872,54.90411,4022.79819,2.23262,31.31299,7.324036780042637,2.7283964075714695,0.0
18.14331,17.34811,55.13949,4018.21206,2.24018,31.32563,7.069388723460623,2.6335333063010546,0.0
18.18915,17.37748,55.37512,4013.76452,2.24228,31.3383,6.823816037709623,2.542051019452572,0.0
18.23493,17.40684,55.61043,4009.4518,2.23912,31.35099,6.587492066995548,2.454014122303681,0.0
18.28066,17.43618,55.84489,4005.27001,2.23087,31.36371,6.360513040990743,2.3694584629392863,0.0
18.32633,17.46551,56.07799,4001.21518,2.21774,31.37647,6.1429077172553,2.288394754307179,0.0
18.37195,17.49483,56.30924,3997.28329,2.19992,31.38925,5.934646494549497,2.2108119691667087,0.0
18.41752,17.52413,56.53816,3993.47028,2.1776,31.40206,5.735649922832942,2.1366805102873707,0.0
18.46304,17.55343,56.76432,3989.77212,2.15099,31.41491,5.545796564364406,2.0659551389153394,0.0
18.50851,17.58272,56.98727,3986.18481,2.12026,31.4278,5.364930183994085,1.9985776533465187,0.0
18.55393,17.612,57.20661,3982.70439,2.0856,31.44071,5.192866266049454,1.9344793166379919,0.0
18.59931,17.64128,57.42197,3979.32696,2.04721,31.45367,5.029397870304592,1.8735830381106802,0.0
18.64464,17.67055,57.63296,3976.0487,2.00526,31.46666,4.874300851129359,1.8158053176197289,0.0
18.68993,17.69981,57.83923,3972.86587,1.95993,31.47969,4.727338472283836,1.7610579646868634,0.0
18.73518,17.72907,58.04047,3969.77482,1.91139,31.49275,4.588265455650769,1.7092496067597507,0.0
18.78039,17.75833,58.23635,3966.77201,1.8598,31.50586,4.456831505754917,1.6602870021881933,0.0
18.82555,17.78758,58.42659,3963.85397,1.80533,31.519,4.332784353747069,1.614076174188267,0.0
18.87068,17.81683,58.61089,3961.01736,1.74813,31.53219,4.215872364938847,1.5705233822176439,0.0
18.91577,17.84608,58.78901,3958.25894,1.68835,31.54541,4.105846753286115,1.5295359469289285,0.0
18.96082,17.87532,58.96068,3955.57553,1.62615,31.55868,4.002463444713012,1.491022944306888,0.0
19.00583,17.90457,59.12568,3952.96411,1.56166,31.57199,3.905484629138409,1.4548957838391405,0.0
19.05081,17.93382,59.2838,3950.4217,1.49501,31.58534,3.814680038557227,1.421068684635079,0.0
19.09576,17.96306,59.43482,3947.94545,1.42635,31.59874,3.729827985866491,1.3894590624159073,0.0
19.14067,17.99231,59.57855,3945.53258,1.35579,31.61218,3.6507161962942845,1.3599878392438,0.0
19.18555,18.02156,59.71482,3943.18041,1.28347,31.62566,3.57714246047686,1.332579686810313,0.0
19.23039,18.05082,59.84347,3940.88631,1.20949,31.63919,3.50891513542438,1.3071632130593016,0.0
19.27521,18.08007,59.96433,3938.64775,1.13399,31.65276,3.4458535169709434,1.2836711009343542,0.0
19.31999,18.10933,60.07726,3936.46227,1.05705,31.66638,3.3877881047236706,1.2620402070793,0.0
19.36474,18.13859,60.18214,3934.32746,0.9788,31.68005,3.3345607781933593,1.2422116274515105,0.0
19.40946,18.16786,60.27885,3932.24098,0.89934,31.69376,3.286024900522474,1.2241307359633058,0.0
19.45415,18.19713,60.36727,3930.20053,0.81878,31.70751,3.2420453642643166,1.2077472015358999,0.0
19.49881,18.2264,60.4473,3928.20388,0.7372,31.72132,3.20249859175242,1.1930149882370094,0.0
19.54345,18.25568,60.51887,3926.24881,0.65471,31.73517,3.1672725009506117,1.1798923425591052,0.0
19.58805,18.28496,60.58187,3924.33316,0.5714,31.74906,3.136266446144486,1.1683417713254218,0.0
19.63263,18.31425,60.63625,3922.45478,0.48737,31.76301,3.109391141450262,1.158330013194999,0.0
19.67718,18.34355,60.68195,3920.61158,0.4027,31.777,3.086568573893372,1.1498280062821646,0.0
19.7217,18.37285,60.7189,3918.80143,0.31748,31.79104,3.0677319116828357,1.1428108539863284,0.0
19.76619,18.40216,60.74708,3917.02227,0.23181,31.80513,3.0528254123082927,1.1372577907557075,0.0
19.81066,18.43148,60.76643,3915.27202,0.14576,31.81926,3.041804334164,1.1331521491649403,0.0
19.8551,18.4608,60.77695,3913.54859,0.05943,31.83345,3.034634854578875,1.13048132937912,0.0
19.89952,18.49013,60.77861,3911.8499,-0.0271,31.84768,3.0312939963532295,1.129236771786797,0.0
19.94391,18.51947,60.7714,3910.17385,-0.11375,31.86196,3.031769564185212,1.1294139333171531,0.0
19.98827,18.54881,60.75532,3908.51833,-0.20043,31.87628,3.0360600916826024,1.131012267700504,0.0
20.03261,18.57816,60.73039,3906.88122,-0.28706,31.89066,3.0441747990077324,1.134035209689914,0.0
20.07692,18.60752,60.69661,3905.26033,-0.37354,31.90508,3.0561335605338797,1.1384901630123572,0.0
20.12121,18.63689,60.65401,3903.65347,-0.45981,31.91956,3.0719668812503707,1.1443884915789908,0.0
20.16547,18.66627,60.60264,3902.05839,-0.54576,31.93408,3.0917158799819036,1.1517455132339167,0.0
20.2097,18.69565,60.54253,3900.47281,-0.63131,31.94864,3.1154322767875025,1.1605804950599583,0.0
20.25392,18.72504,60.47373,3898.89438,-0.71638,31.96326,3.143178381165575,1.1709166489847334,0.0
20.2981,18.75444,60.39631,3897.3207,-0.80087,31.97792,3.1750270769057987,1.1827811261375853,0.0
20.34226,18.78385,60.31033,3895.74928,-0.88469,31.99264,3.211061798563058,1.1962050080855036,0.0
20.3864,18.81327,60.21588,3894.1776,-0.96775,32.0074,3.2513764936179603,1.2112232927369215,0.0
20.43051,18.8427,60.11305,3892.60303,-1.04994,32.0222,3.296075563347197,1.2278748723143698,0.0
20.47459,18.87213,60.00193,3891.02285,-1.13118,32.03706,3.3452737743417154,1.246202500392666,0.0
20.51865,18.90157,59.88264,3889.43426,-1.21137,32.05196,3.3990961313818513,1.2662527445415603,0.0
20.56268,18.93102,59.7553,3887.83438,-1.29039,32.06691,3.45767770106904,1.288075920623903,0.0
20.60669,18.96048,59.62003,3886.22018,-1.36814,32.0819,3.521163374178132,1.3117260042656314,0.0
20.65067,18.98995,59.47698,3884.58856,-1.44451,32.09695,3.589707553146505,1.3372605144372414,0.0
20.69463,19.01942,59.32631,3882.93629,-1.51939,32.11203,3.663473749486338,1.3647403634792663,0.0
20.73855,19.04891,59.16817,3881.26001,-1.59265,32.12717,3.7426340741387856,1.3942296672457986,0.0
20.78246,19.0784,59.00275,3879.55623,-1.66419,32.14235,3.827368601997002,1.4257955083725924,0.0
20.82633,19.1079,58.83023,3877.82134,-1.73387,32.15757,3.9178645899264324,1.4595076449690518,0.0
20.87018,19.13741,58.65082,3876.05158,-1.80156,32.17284,4.014315525756733,1.4954381563426942,0.0
20.914,19.16692,58.46474,3874.24305,-1.86713,32.18815,4.11691998385475,1.5336610166699765,0.0
20.95779,19.19644,58.27221,3872.39172,-1.93044,32.20351,4.225880261169244,1.5742515868870643,0.0
21.00155,19.22597,58.07349,3870.49337,-1.99135,32.2189,4.341400766061185,1.6172860144867278,0.0
21.04528,19.2555,57.86882,3868.54368,-2.04971,32.23434,4.463686131012016,1.662840530452508,0.0
21.08898,19.28504,57.65849,3866.53813,-2.10536,32.24983,4.5929390194407596,1.7109906322403865,0.0
21.13265,19.31459,57.44278,3864.47209,-2.15815,32.26535,4.729357596596249,1.7618101416195957,0.0
21.1763,19.34414,57.22201,3862.34075,-2.20793,32.28092,4.873132634987961,1.815370126369442,0.0
21.2199,19.37369,56.99649,3860.13918,-2.25451,32.29652,5.024444226242737,1.87173767535942,0.0
21.26348,19.40326,56.76657,3857.86228,-2.29774,32.31217,5.183458073889166,1.9309745175138506,0.0
21.30702,19.43282,56.5326,3855.50485,-2.33743,32.32785,5.3503213456273135,1.993135476673225,0.0
21.35053,19.46239,56.29496,3853.06155,-2.37342,32.34357,5.52515806938895,2.0582667565054975,0.0
21.394,19.49196,56.05404,3850.52695,-2.40552,32.35932,5.708064065222258,2.126404052499794,0.0
21.43744,19.52153,55.81026,3847.8955,-2.43355,32.37511,5.8991014150111845,2.1975704917913577,0.0
21.48084,19.55111,55.56403,3845.16162,-2.45733,32.39094,6.098292484541049,2.271774406223698,0.0
21.5242,19.58068,55.31582,3842.31965,-2.47667,32.4068,6.305613527624073,2.349006949717069,0.0
21.56753,19.61026,55.06608,3839.36392,-2.49139,32.42269,6.5209879200505645,2.429239577737256,0.0
21.61081,19.63983,54.8153,3836.28879,-2.5013,32.43861,6.744279092134775,2.5124214144829526,0.0
21.65405,19.66941,54.56398,3833.08865,-2.50624,32.45457,6.975283252365203,2.5984765422540472,0.0
21.69725,19.69898,54.31264,3829.75797,-2.50602,32.47055,7.213722020981345,2.6873012572651396,0.0
21.7404,19.72855,54.0618,3826.29139,-2.50047,32.48656,7.45923512065066,2.7787613467303913,0.0
21.78351,19.75811,53.81203,3822.6837,-2.48945,32.50259,7.711373301015437,2.872689453071067,0.0
21.82657,19.78767,53.56387,3818.92995,-2.47279,32.51866,7.969591703750654,2.9688826022250105,0.0
21.86959,19.81723,53.31792,3815.02547,-2.45037,32.53474,8.233243903478556,3.0670999837305324,0.0
21.91255,19.84677,53.07475,3810.96596,-2.42205,32.55085,8.501576885826427,3.1670610799207957,0.0
21.95546,19.87631,52.83496,3806.74753,-2.38774,32.56697,8.773727245066864,3.268444249444771,0.0
21.99832,19.90584,52.59916,3802.3668,-2.34735,32.58312,9.048718897911746,3.370885875595336,0.0
22.04112,19.93535,52.36796,3797.82091,-2.30081,32.59928,9.32546261491801,3.4739801917455986,0.0
22.08387,19.96486,52.14197,3793.10768,-2.24809,32.61546,9.602757663955002,3.577279893583727,0.0
22.12655,19.99435,51.92179,3788.22557,-2.18918,32.63166,9.879295839435228,3.6802976401074177,0.0
22.16918,20.02383,51.70805,3783.17384,-2.1241,32.64786,10.153668114194575,3.7825085316243015,0.0
22.21174,20.05329,51.50133,3777.95255,-2.05289,32.66408,10.42437409728967,3.883353633030314,0.0
22.25424,20.08274,51.30224,3772.56265,-1.97565,32.68031,10.68983440962623,3.9822445840568665,0.0
22.29668,20.11216,51.11135,3767.006,-1.8925,32.69654,10.948406001344802,4.0785693054000705,0.0
22.33905,20.14157,50.92921,3761.28546,-1.80359,32.71279,11.198400331905734,4.171698771280733,0.0
22.38134,20.17095,50.75638,3755.40485,-1.70912,32.72903,11.438104219252631,4.260994776306308,0.0
22.42357,20.20032,50.59336,3749.36902,-1.60934,32.74528,11.665803043019377,4.3458185792760435,0.0
22.46572,20.22965,50.44064,3743.18384,-1.50452,32.76153,11.87980586426694,4.42554026094387,0.0
22.5078,20.25897,50.29867,3736.85619,-1.39497,32.77779,12.078471907831355,4.499548589389817,0.0
22.5498,20.28826,50.16786,3730.39391,-1.28104,32.79404,12.260237750235211,4.5672611482324,0.0
22.59172,20.31752,50.04859,3723.80581,-1.16314,32.81029,12.423644474160033,4.628134452384063,0.0
22.63356,20.34675,49.94119,3717.10156,-1.04168,32.82653,12.567363996266108,4.68167375585679,0.0
22.67532,20.37595,49.84595,3710.29164,-0.91712,32.84277,12.690223754620606,4.727442248478636,0.0
22.717,20.40512,49.7631,3703.38729,-0.78994,32.85901,12.791228958855175,4.765069344662881,0.0
22.75859,20.43426,49.69283,3696.40032,-0.66064,32.87524,12.869581662095818,4.794257788203717,0.0
22.8001,20.46336,49.63527,3689.34312,-0.52975,32.89146,12.924696007233903,4.81478933191335,0.0
22.84152,20.49244,49.59052,3682.22843,-0.3978,32.90768,12.956209127844915,4.826528798501058,0.0
22.88286,20.52148,49.55858,3675.06929,-0.26535,32.92389,12.963987339087204,4.829426386845866,0.0
22.92411,20.55048,49.53944,3667.87889,-0.13294,32.94009,12.948127428232304,4.823518152753046,0.0
22.96527,20.57945,49.53301,3660.67043,-0.00113,32.95628,12.908953037810939,4.808924661580841,0.0
23.00634,20.60838,49.53917,3653.45703,0.12956,32.97246,12.847006316401382,4.785847877939446,0.0
23.04732,20.63728,49.55773,3646.25156,0.25857,32.98863,12.76303518237324,4.754566421100455,0.0
23.08821,20.66614,49.58845,3639.06656,0.38541,33.0048,12.657976695294849,4.715429370408595,0.0
23.12902,20.69497,49.63106,3631.91414,0.50958,33.02096,12.532937150550456,4.668848850002881,0.0
23.16974,20.72375,49.68524,3624.80584,0.63061,33.0371,12.389169599888248,4.6152916546292895,0.0
23.21036,20.75251,49.75062,3617.7526,0.74806,33.05325,12.228049551356657,4.555270197227655,0.0
23.25091,20.78123,49.82679,3610.76469,0.86152,33.06938,12.051049616249882,4.489333064251802,0.0
23.29136,20.80991,49.91334,3603.85159,0.97063,33.08551,11.85971385041688,4.418055457132022,0.0
23.33173,20.83855,50.00978,3597.02202,1.07504,33.10164,11.655632486895152,4.342029779516332,0.0
23.37201,20.86717,50.11563,3590.2839,1.17444,33.11776,11.440417681796873,4.261856601974901,0.0
23.41221,20.89575,50.23037,3583.64429,1.26859,33.13387,11.215680802235687,4.178136201155178,0.0
23.45232,20.92429,50.35347,3577.10944,1.35724,33.14999,10.983011680694759,4.091460831488153,0.0
23.49235,20.95281,50.48437,3570.68475,1.4402,33.1661,10.743960150967883,4.0024078468405975,0.0
23.5323,20.98129,50.62251,3564.37484,1.51733,33.18222,10.50002007285675,3.9115337492944566,0.0
23.57217,21.00974,50.76732,3558.18352,1.5885,33.19834,10.252615950841834,3.8193692042496767,0.0
23.61197,21.03816,50.91822,3552.11389,1.65362,33.21445,10.00309216005522,3.7264150268155953,0.0
23.65168,21.06655,51.07464,3546.1683,1.71265,33.23058,9.752704713670646,3.633139114947129,0.0
23.69132,21.09492,51.23598,3540.34847,1.76555,33.24671,9.502615440726306,3.539974280530565,0.0
23.73089,21.12326,51.40168,3534.65546,1.81233,33.26284,9.253888393158336,3.447316910909005,0.0
23.77039,21.15157,51.57115,3529.0898,1.85301,33.27899,9.007488264759916,3.3555263799030315,0.0
23.80981,21.17986,51.74383,3523.65148,1.88764,33.29514,8.764280582310553,3.2649251190113895,0.0
23.84917,21.20812,51.91917,3518.34001,1.9163,33.31131,8.525033418343362,3.1757992554618686,0.0
23.88845,21.23636,52.09661,3513.15448,1.93908,33.32748,8.290420374467221,3.0883997235773033,0.0
23.92767,21.26458,52.27562,3508.09363,1.95608,33.34367,8.06102459179349,3.0029437587650394,0.0
23.96683,21.29278,52.45567,3503.15583,1.96742,33.35988,7.837343559047968,2.919616688665153,0.0
24.00593,21.32096,52.63625,3498.33919,1.97323,33.3761,7.61979450744201,2.8385739428818884,0.0
24.04496,21.34912,52.81687,3493.64155,1.97365,33.39234,7.408720202991632,2.759943210774927,0.0
24.08393,21.37727,52.99706,3489.06058,1.96885,33.4086,7.204394970019308,2.6838266853723,0.0
24.12284,21.4054,53.17633,3484.59372,1.95897,33.42488,7.00703080317252,2.6103033402581075,0.0
24.1617,21.43351,53.35426,3480.23832,1.94418,33.44118,6.816783448360252,2.5394311948813684,0.0
24.2005,21.46161,53.5304,3475.99158,1.92465,33.4575,6.63375835497035,2.471249531913595,0.0
24.23925,21.48969,53.70435,3471.85061,1.90055,33.47384,6.458016421984042,2.4057810378276447,0.0
24.27794,21.51776,53.8757,3467.81249,1.87205,33.49021,6.289579479020915,2.343033844731184,0.0
24.31658,21.54582,54.04408,3463.87421,1.83932,33.50661,6.128435459534013,2.283003457517982,0.0
24.35517,21.57387,54.20912,3460.03275,1.80255,33.52303,5.974543237490221,2.225674555658613,0.0
24.39371,21.60191,54.37048,3456.28508,1.7619,33.53947,5.827837110863301,2.171022663419579,0.0
24.4322,21.62993,54.52781,3452.62816,1.71754,33.55595,5.68823092518813,2.1190156859957603,0.0
24.47064,21.65795,54.68082,3449.05897,1.66966,33.57246,5.555621838583773,2.069615312080577,0.0
24.50904,21.68597,54.8292,3445.57449,1.6184,33.58899,5.429893736064016,2.022778285786495,0.0
24.54739,21.71397,54.97267,3442.17175,1.56396,33.60556,5.310920305914914,1.978457552676608,0.0
24.58569,21.74197,55.11095,3438.84779,1.50648,33.62215,5.19856779455593,1.936603286022898,0.0
24.62396,21.76996,55.24381,3435.5997,1.44612,33.63878,5.092697458890014,1.8971638003711635,0.0
24.66218,21.79795,55.37099,3432.4246,1.38306,33.65544,4.993167736748174,1.8600863600887285,0.0
24.70035,21.82593,55.49228,3429.31964,1.31743,33.67214,4.8998361568987185,1.8253178908931467,0.0
24.73849,21.85391,55.60746,3426.28203,1.2494,33.68887,4.812561010353787,1.79280560245785,0.0
24.77659,21.88189,55.71634,3423.30902,1.17911,33.70563,4.731202804446639,1.7624975300942058,0.0
24.81464,21.90986,55.81873,3420.39788,1.10671,33.72243,4.655625520533358,1.73434300327849,0.0
24.85266,21.93783,55.91447,3417.54594,1.03234,33.73927,4.585697695275905,1.7082930484582721,0.0
24.89064,21.9658,56.0034,3414.75055,0.95613,33.75614,4.521293344333615,1.6843007331518094,0.0
24.92858,21.99376,56.08537,3412.0091,0.87824,33.77304,4.46229274607528,1.6623214579014096,0.0
24.96648,22.02173,56.16025,3409.31902,0.79879,33.78999,4.408583101553053,1.6423132021310811,0.0
25.00435,22.04969,56.22792,3406.67776,0.71792,33.80697,4.360059085624534,1.6242367294540094,0.0
25.04218,22.07766,56.28827,3404.08278,0.63575,33.82399,4.316623302717659,1.6080557574569674,0.0
25.07997,22.10562,56.3412,3401.53158,0.55241,33.84105,4.278186659333219,1.5937370964673099,0.0
25.11773,22.13359,56.38663,3399.02166,0.46803,33.85814,4.244668664072701,1.5812507613212345,0.0
25.15545,22.16156,56.42447,3396.55056,0.38273,33.87527,4.215997664608147,1.5705700596412908,0.0
25.19314,22.18952,56.45467,3394.11578,0.29663,33.89245,4.192111029814653,1.5616716596855273,0.0
25.2308,22.21749,56.47717,3391.71486,0.20986,33.90966,4.1729552840245825,1.5545356403607207,0.0
25.26842,22.24546,56.49193,3389.34533,0.12254,33.92691,4.158486199218552,1.5491455255659408,0.0
25.30601,22.27343,56.49891,3387.00469,0.03478,33.9442,4.148668849865708,1.5454883046219987,0.0
25.34356,22.30141,56.49809,3384.69046,-0.05329,33.96153,4.143477634030405,1.5435544401342394,0.0
25.38108,22.32938,56.48946,3382.40011,-0.14157,33.97889,4.142896263343778,1.5433378642566873,0.0
25.41857,22.35736,56.47302,3380.13111,-0.22992,33.9963,4.146917723444545,1.5448359639552067,0.0
25.45602,22.38534,56.44878,3377.8809,-0.31823,34.01375,4.155544205494751,1.548049555495311,0.0
25.49344,22.41332,56.41675,3375.64686,-0.40639,34.03124,4.168787008445452,1.5529828480335635,0.0
25.53083,22.44131,56.37696,3373.42637,-0.49428,34.04876,4.1866664107543965,1.5596433958290326,0.0
25.56819,22.4693,56.32946,3371.21674,-0.58177,34.06633,4.209211509338071,1.5680420382486964,0.0
25.60552,22.49729,56.27429,3369.01523,-0.66874,34.08393,4.236460022584362,1.5781928263844722,0.0
25.64281,22.52529,56.21152,3366.81907,-0.75508,34.10158,4.2684580533116865,1.5901129347492593,0.0
25.68007,22.55329,56.14121,3364.62541,-0.84066,34.11926,4.30525980660372,1.6038225561629482,0.0
25.71729,22.58129,56.06345,3362.43134,-0.92535,34.13698,4.34692725649011,1.6193447775822165,0.0
25.75449,22.60929,55.97833,3360.23389,-1.00904,34.15474,4.3935297544615555,1.636705434262099,0.0
25.79165,22.6373,55.88596,3358.03,-1.09159,34.17254,4.445143571849917,1.6559329392805313,0.0
25.82878,22.66531,55.78646,3355.81656,-1.17286,34.19038,4.501851367119085,1.677058085090189,0.0
25.86588,22.69332,55.67994,3353.59034,-1.25274,34.20825,4.5637415681686875,1.7001138134103615,0.0
25.90294,22.72133,55.56655,3351.34808,-1.33108,34.22616,4.630907658820952,1.7251349494245352,0.0
25.93997,22.74935,55.44644,3349.08637,-1.40775,34.24411,4.703447357783873,1.7521578959225725,0.0
25.97697,22.77737,55.31977,3346.80176,-1.4826,34.2621,4.7814616776156775,1.7812202827402133,0.0
26.01393,22.80539,55.18672,3344.49068,-1.5555,34.28012,4.86505385049599,1.8123605665805693,0.0
26.05086,22.83342,55.04747,3342.14947,-1.62629,34.29818,4.95432810713046,1.8456175761239715,0.0
26.08775,22.86144,54.90223,3339.77439,-1.69483,34.31627,5.049388294755631,1.8810299971984155,0.0
26.12461,22.88947,54.75121,3337.36158,-1.76097,34.3344,5.150336320180009,1.9186357927714002,0.0
26.16144,22.9175,54.59464,3334.9071,-1.82456,34.35257,5.25727040406403,1.9584715526232799,0.0
26.19822,22.94553,54.43275,3332.40692,-1.88543,34.37076,5.370283133337105,2.0005717678213673,0.0
26.23498,22.97356,54.26581,3329.85691,-1.94342,34.38899,5.489459299795981,2.0449680255409586,0.0
26.27169,23.00159,54.09407,3327.25287,-1.99838,34.40725,5.614873514747242,2.0916881204568973,0.0
26.30837,23.02961,53.91783,3324.59049,-2.05015,34.42555,5.7465875919623,2.140755079825452,0.0
26.34501,23.05764,53.73737,3321.86543,-2.09855,34.44387,5.884647694483403,2.1921861005944834,0.0
26.38161,23.08567,53.55301,3319.07326,-2.14342,34.46223,6.029081244948836,2.2459913984182864,0.0
26.41818,23.11369,53.36507,3316.2095,-2.18459,34.48061,6.179893604220167,2.3021729703588467,0.0
26.4547,23.14172,53.17389,3313.26964,-2.22189,34.49902,6.337064529325784,2.3607232753766154,0.0
26.49118,23.16973,52.97983,3310.24914,-2.25516,34.51746,6.500544429014863,2.421623839425835,0.0
26.52762,23.19775,52.78325,3307.14345,-2.28423,34.53593,6.670250443791938,2.4848437951642803,0.0
26.56402,23.22576,52.58452,3303.94806,-2.30893,34.55442,6.84606238693416,2.5503383698753876,0.0
26.60038,23.25377,52.38406,3300.65846,-2.32911,34.57293,7.027818593795641,2.6180473392249097,0.0
26.63669,23.28177,52.18225,3297.27024,-2.34461,34.59147,7.215311738499789,2.687893468868745,0.0
26.67295,23.30976,51.97953,3293.77904,-2.35526,34.61003,7.408284689645768,2.7597809705945475,0.0
26.70917,23.33775,51.77632,3290.18066,-2.36094,34.62861,7.6064264897358616,2.8335940045526335,0.0
26.74534,23.36573,51.57306,3286.47102,-2.3615,34.64721,7.809368556158691,2.909195264022271,0.0
26.78147,23.3937,51.37022,3282.64626,-2.35682,34.66583,8.016681214293413,2.9864246839017787,0.0
26.81754,23.42166,51.16825,3278.70273,-2.34677,34.68447,8.227870685036955,3.0650983184831504,0.0
26.85357,23.4496,50.96761,3274.63703,-2.33126,34.70312,8.442376658987941,3.1450074377717456,0.0
26.88954,23.47754,50.7688,3270.44611,-2.31019,34.72178,8.659570596991562,3.225917894394539,0.0
26.92546,23.50546,50.57228,3266.12722,-2.28349,34.74046,8.878754900713263,3.3075698146169903,0.0
26.96132,23.53337,50.37856,3261.67805,-2.25112,34.75915,9.099163096642963,3.3896776668894635,0.0
26.99713,23.56127,50.1881,3257.09669,-2.21302,34.77785,9.31996117141194,3.471930759287897,0.0
27.03288,23.58914,50.0014,3252.38172,-2.1692,34.79655,9.540250184858111,3.5539942129493767,0.0
27.06858,23.61701,49.81894,3247.53224,-2.11966,34.81527,9.759070269169339,3.635510451858238,0.0
27.10421,23.64485,49.64121,3242.54791,-2.06444,34.83399,9.975406097376773,3.716101240003723,0.0
27.13978,23.67267,49.46868,3237.42899,-2.00361,34.85271,10.188193872244632,3.795370284925315,0.0
27.17529,23.70047,49.3018,3232.17635,-1.93726,34.87144,10.396329847594819,3.872906412130363,0.0
27.21073,23.72825,49.14103,3226.79151,-1.8655,34.89016,10.598680349066044,3.948287298090518,0.0
27.24611,23.75601,48.98681,3221.27669,-1.78849,34.90889,10.794093211203236,4.021083730858469,0.0
27.28143,23.78374,48.83956,3215.63477,-1.70642,34.92761,10.981410494781976,4.090864347605905,0.0
27.31667,23.81145,48.69968,3209.86934,-1.6195,34.94633,11.15948229389305,4.157200778125798,0.0
27.35185,23.83912,48.56753,3203.98468,-1.52797,34.96505,11.327181389609782,4.219673103709048,0.0
27.38695,23.86678,48.44349,3197.98575,-1.4321,34.98376,11.48341845845893,4.277875522700045,0.0
27.42198,23.8944,48.32786,3191.8782,-1.33221,35.00246,11.627157502355274,4.331422098553293,0.0
27.45694,23.92199,48.22095,3185.6683,-1.22863,35.02116,11.757431134916386,4.379952454387875,0.0
27.49182,23.94955,48.12302,3179.36293,-1.12171,35.03984,11.873355339590825,4.423137270778499,0.0
27.52663,23.97708,48.0343,3172.96953,-1.01184,35.05852,11.974143309673442,4.460683441525368,0.0
27.56136,24.00458,47.95499,3166.49606,-0.89943,35.07718,12.05911799047215,4.4923387459413,0.0
27.59601,24.03204,47.88523,3159.95093,-0.7849,35.09583,12.12772296977999,4.517895905839114,0.0
27.63059,24.05947,47.82516,3153.34291,-0.66869,35.11447,12.179531404243107,4.5371959108385775,0.0
27.66508,24.08686,47.77485,3146.68112,-0.55125,35.13309,12.214252724306435,4.55013051613508,0.0
27.6995,24.11422,47.73434,3139.97489,-0.43305,35.1517,12.231736927281654,4.556643841780415,0.0
27.73383,24.14154,47.70365,3133.23373,-0.31456,35.1703,12.231976343316756,4.556733030552907,0.0
27.76808,24.16882,47.68272,3126.46723,-0.19623,35.18888,12.215104839155291,4.5504479513367695,0.0
27.80225,24.19607,47.67149,3119.68499,-0.07854,35.20744,12.18139450565844,4.537889965136936,0.0
27.83634,24.22327,47.66985,3112.89652,0.03804,35.22599,12.13124995320453,4.519209799965274,0.0
27.87035,24.25044,47.67764,3106.11119,0.15309,35.24453,12.065200410388263,4.494604607398151,0.0
27.90428,24.27757,47.69468,3099.33818,0.26615,35.26305,11.983889883071189,4.464314296563809,0.0
27.93812,24.30466,47.72075,3092.58636,0.3768,35.28155,11.888065679886,4.428617259590798,0.0
27.97188,24.33171,47.7556,3085.86427,0.48465,35.30004,11.778565645426292,4.387825615635254,0.0
28.00556,24.35873,47.79896,3079.18007,0.58931,35.31852,11.656304462501874,4.342280108110579,0.0
28.03916,24.3857,47.85051,3072.54145,0.69044,35.33698,11.522259390196398,4.292344791738672,0.0
28.07267,24.41264,47.90991,3065.95568,0.78769,35.35543,11.37745579600462,4.238401642890369,0.0
28.10611,24.43954,47.97683,3059.42947,0.88077,35.37386,11.222952819341716,4.180845218865459,0.0
28.13947,24.4664,48.05087,3052.96905,0.96941,35.39229,11.059829472613039,4.120077480175462,0.0
28.17274,24.49323,48.13165,3046.5801,1.05335,35.4107,10.889171446827456,4.056502875287429,0.0
28.20594,24.52002,48.21875,3040.26772,1.13239,35.4291,10.712058844276596,3.990523770724197,0.0
28.23907,24.54677,48.31176,3034.03651,1.20633,35.4475,10.529555013389874,3.9225362917541005,0.0
28.27211,24.57349,48.41023,3027.89049,1.27502,35.46589,10.342696612884163,3.8529266210253086,0.0
28.30508,24.60017,48.51373,3021.83318,1.33832,35.48427,10.152484985822932,3.7820677851758844,0.0
28.33798,24.62682,48.62182,3015.86753,1.39614,35.50264,9.959878880836822,3.7103169432969363,0.0
28.3708,24.65343,48.73403,3009.99605,1.44841,35.52101,9.765788518781585,3.6380131766065853,0.0
28.40355,24.68002,48.84991,3004.22073,1.49506,35.53938,9.571070969464989,3.5654757661590875,0.0
28.43623,24.70657,48.96902,2998.54313,1.53608,35.55774,9.376526775227116,3.4930029350396605,0.0
28.46884,24.73309,49.0909,2992.96435,1.57145,35.57611,9.18289773619392,3.4208710233131594,0.0
28.50138,24.75958,49.21511,2987.48514,1.6012,35.59447,8.99086575591743,3.349334057994675,0.0
28.53386,24.78604,49.34119,2982.10582,1.62537,35.61284,8.801052635415708,3.278623676324007,0.0
28.56626,24.81248,49.46872,2976.82643,1.644,35.63121,8.61402069779245,3.2089493584528914,0.0
28.5986,24.83889,49.59726,2971.64665,1.65716,35.64958,8.430274124131438,3.1404989251008413,0.0
28.63088,24.86527,49.72639,2966.56588,1.66495,35.66796,8.250260883319468,3.0734392564649595,0.0
28.6631,24.89162,49.8557,2961.58328,1.66746,35.68634,8.074375143369233,3.007917190501156,0.0
28.69525,24.91795,49.98479,2956.69777,1.66479,35.70473,7.902960058882166,2.944060561327408,0.0
28.72734,24.94426,50.11327,2951.90806,1.65708,35.72313,7.7363108378830026,2.88197934170032,0.0
28.75938,24.97054,50.24075,2947.21267,1.64444,35.74154,7.5746780008708186,2.821766857097387,0.0
28.79135,24.99681,50.36687,2942.60998,1.62701,35.75996,7.418270755055361,2.7635010427088154,0.0
28.82327,25.02305,50.49128,2938.09819,1.60494,35.7784,7.267260416947154,2.707245718442381,0.0
28.85513,25.04927,50.61363,2933.67542,1.57838,35.79684,7.121783826472218,2.6530518607710043,0.0
28.88694,25.07547,50.73359,2929.33965,1.54747,35.8153,6.981946705290063,2.6009588537945554,0.0
28.91869,25.10165,50.85085,2925.08878,1.51238,35.83378,6.847826920929223,2.550995705216232,0.0
28.95039,25.12782,50.9651,2920.92066,1.47327,35.85227,6.719477626402934,2.503182215932004,0.0
28.98204,25.15396,51.07605,2916.83303,1.43029,35.87078,6.596930252313016,2.4575300946680385,0.0
29.01363,25.18009,51.18343,2912.82361,1.38362,35.8893,6.48019733483437,2.414044011479333,0.0
29.04518,25.20621,51.28697,2908.89007,1.3334,35.90785,6.369275168547167,2.3727225859995054,0.0
29.07667,25.23231,51.38642,2905.03002,1.27982,35.92641,6.264146277843798,2.33355930810491,0.0
29.10812,25.25839,51.48154,2901.24108,1.22304,35.94499,6.164781704559488,2.296543390117234,0.0
29.13952,25.28447,51.57212,2897.52082,1.16321,35.9636,6.071143112764816,2.261660550894088,0.0
29.17087,25.31052,51.65794,2893.8668,1.10051,35.98222,5.9831847141917125,2.228893733100855,0.0
29.20218,25.33657,51.7388,2890.27657,1.0351,36.00087,5.900855019835689,2.1982237557286055,0.0
29.23344,25.3626,51.81452,2886.74766,0.96714,36.01954,5.824098424714213,2.1696299044582905,0.0
29.26466,25.38862,51.88492,2883.27759,0.89679,36.03824,5.7528566338423355,2.1430904628741843,0.0
29.29583,25.41463,51.94985,2879.86389,0.82422,36.05696,5.687069938160981,2.11858318778074,0.0
29.32696,25.44063,52.00915,2876.50406,0.74959,36.0757,5.626678349488208,2.0960857320018023,0.0
29.35804,25.46662,52.0627,2873.19561,0.67304,36.09447,5.571622603640861,2.075576018069809,0.0
29.38908,25.4926,52.11036,2869.93603,0.59475,36.11326,5.521845040775545,2.057032566175975,0.0
29.42008,25.51857,52.15203,2866.72282,0.51486,36.13208,5.477290371623342,2.0404347796128803,0.0
29.45104,25.54453,52.18761,2863.55345,0.43353,36.15092,5.43790633789231,2.0257631907917766,0.0
29.48196,25.57048,52.21701,2860.42538,0.35092,36.1698,5.403644274507791,2.0129996706919,0.0
29.51283,25.59642,52.24015,2857.33609,0.26717,36.18869,5.374459580727184,2.0021276043631158,0.0
29.54367,25.62236,52.25696,2854.283,0.18245,36.20762,5.350312106462362,1.9931320348411832,0.0
29.57446,25.64829,52.2674,2851.26354,0.09689,36.22657,5.33116645935114,1.9859997775399596,0.0
29.60522,25.67421,52.27141,2848.27513,0.01065,36.24555,5.3169922373818315,1.9807195069101673,0.0
29.63593,25.70012,52.26898,2845.31512,-0.07611,36.26456,5.30776419103677,1.9772818168421196,0.0
29.66661,25.72602,52.26007,2842.3809,-0.16325,36.28359,5.303462318128016,1.9756792559945202,0.0
29.69725,25.75192,52.24468,2839.46977,-0.25062,36.30266,5.304071893694096,1.9759063389317832,0.0
29.72784,25.77781,52.22281,2836.57905,-0.33808,36.32175,5.309583436506746,1.9779595336469145,0.0
29.7584,25.8037,52.19447,2833.70599,-0.42546,36.34086,5.319992612981707,1.9818372257657537,0.0
29.78893,25.82957,52.15969,2830.84783,-0.51262,36.36001,5.335300078485972,1.9875396594297496,0.0
29.81941,25.85544,52.11851,2828.00174,-0.59941,36.37918,5.355511255329083,1.9950688545918767,0.0
29.84985,25.88131,52.07096,2825.16488,-0.68568,36.39839,5.380636045980712,2.0044285001826365,0.0
29.88026,25.90717,52.0171,2822.33435,-0.77128,36.41761,5.410688479405305,2.01562382236041,0.0
29.91063,25.93302,51.95701,2819.50719,-0.85606,36.43687,5.445686287788897,2.028661426831057,0.0
29.94095,25.95886,51.89075,2816.68042,-0.93986,36.45615,5.485650410312182,2.0435491139903292,0.0
29.97125,25.9847,51.81843,2813.85098,-1.02252,36.47546,5.530604420188277,2.0602956654803606,0.0
30.0015,26.01053,51.74015,2811.01577,-1.1039,36.4948,5.580573870703568,2.0789106005726783,0.0
30.03171,26.03635,51.65601,2808.17165,-1.18384,36.51416,5.635585555689891,2.099403900674629,0.0
30.06189,26.06217,51.56614,2805.3154,-1.26218,36.53355,5.695666679660366,2.1217857001831435,0.0
30.09202,26.08798,51.47067,2802.44375,-1.33877,36.55297,5.7608439327123895,2.1460659418617607,0.0
30.12212,26.11378,51.36976,2799.5534,-1.41344,36.57241,5.831142465452288,2.1722539949730897,0.0
30.15218,26.13958,51.26356,2796.64096,-1.48603,36.59187,5.90658475937633,2.2003582344660146,0.0
30.1822,26.16537,51.15224,2793.70302,-1.55638,36.61136,5.987189388703371,2.2303855797257754,0.0
30.21218,26.19115,51.03599,2790.7361,-1.62433,36.63087,6.072969670325135,2.262340991644928,0.0
30.24212,26.21692,50.91499,2787.73668,-1.68972,36.65041,6.163932199570521,2.2962269271570217,0.0
30.27201,26.24268,50.78945,2784.7012,-1.75238,36.66997,6.260075270797589,2.3320427508655555,0.0
0.04616,0.04616,50.33197,4871.68233,-0.23636,45.00008,20.432609897755917,7.611684801236341,0.0
0.09221,0.09221,50.31866,4860.30268,0.02741,45.00017,20.375420205115468,7.590380135976397,0.0
0.13815,0.13815,50.33883,4848.91525,0.28961,45.00026,20.222672062851814,7.533477433937682,0.0
0.18399,0.18399,50.392,4837.57307,0.54858,45.00036,19.978250393429295,7.442423930956619,0.0
0.22971,0.22971,50.47752,4826.32688,0.80271,45.00047,19.64776550526521,7.319309614534754,0.0
0.27533,0.27533,50.59453,4815.22428,1.05051,45.00058,19.23829745288978,7.166771991272039,0.0
0.32084,0.32084,50.742,4804.30895,1.29061,45.0007,18.758093758810354,6.98788348030784,0.0
0.36623,0.36624,50.91874,4793.62,1.5218,45.00083,18.216241374231124,6.7860292100577935,0.0
0.41153,0.41154,51.12346,4783.19163,1.74301,45.00097,17.622333509319652,6.564782903721869,0.0
0.45672,0.45673,51.35472,4773.05285,1.95334,45.00112,16.9861499365889,6.327787783882442,0.0
0.5018,0.50182,51.61102,4763.22743,2.15208,45.00128,16.31736602698976,6.078648180793056,0.0
0.54679,0.54681,51.89079,4753.73397,2.33866,45.00146,15.625301667251069,5.8208359974811765,0.0
0.59168,0.59171,52.19242,4744.58616,2.51271,45.00166,14.918716872418907,5.557614570041339,0.0
0.63648,0.63651,52.51427,4735.79304,2.67397,45.00187,14.20565681168856,5.291980935679927,0.0
0.68119,0.68123,52.85468,4727.35942,2.82236,45.0021,13.49334544603272,5.0266262099331245,0.0
0.72582,0.72586,53.21204,4719.28634,2.95789,45.00236,12.788124230541912,4.763912751675873,0.0
0.77036,0.77041,53.58473,4711.57153,3.0807,45.00264,12.095430431192732,4.505866085547534,0.0
0.81482,0.81488,53.97116,4704.20987,3.19103,45.00294,11.419808508568847,4.2541791426874775,0.0
0.85921,0.85928,54.36981,4697.19388,3.28919,45.00327,10.764947623057974,4.010226232407781,0.0
0.90352,0.9036,54.77919,4690.51415,3.37554,45.00363,10.133738470669291,3.7750842150306525,0.0
0.94777,0.94786,55.19788,4684.15976,3.45052,45.00402,9.528343209081514,3.5495585511812062,0.0
0.99195,0.99206,55.62451,4678.11866,3.51458,45.00444,8.95027303137928,3.3342122000453513,0.0
1.03607,1.03619,56.0578,4672.378,3.56821,45.00489,8.400468864038503,3.129395681492632,0.0
1.08013,1.08027,56.4965,4666.9244,3.61192,45.00538,7.879381606759187,2.935276967525186,0.0
1.12414,1.12429,56.93944,4661.74424,3.64621,45.00591,7.387049224409434,2.7518702010552953,0.0
1.16809,1.16826,57.38554,4656.82383,3.67161,45.00647,6.923168800309127,2.579062537649399,0.0
1.212,1.21219,57.83375,4652.1496,3.68861,45.00707,6.487162341684509,2.41663865979137,0.0
1.25585,1.25606,58.2831,4647.70824,3.69771,45.00771,6.078235684769413,2.2643027205826014,0.0
1.29967,1.2999,58.73268,4643.48682,3.69939,45.0084,5.695430282468402,2.1216976360091526,0.0
1.34344,1.34369,59.18164,4639.47285,3.69412,45.00913,5.337667982783534,1.9884217660839034,0.0
1.38717,1.38745,59.62918,4635.65434,3.68235,45.0099,5.003789136143436,1.8640431108293014,0.0
1.43086,1.43117,60.07457,4632.01987,3.6645,45.01071,4.692584520636732,1.7481112032668153,0.0
1.47451,1.47486,60.51712,4628.55859,3.64098,45.01157,4.402821661906057,1.6401669142699749,0.0
1.51813,1.51851,60.95617,4625.26025,3.61217,45.01248,4.1332661636989005,1.539750398755799,0.0
1.56172,1.56214,61.39113,4622.11517,3.57844,45.01343,3.882698668566041,1.4464074139912282,0.0
1.60528,1.60573,61.82146,4619.11427,3.54011,45.01443,3.649928046520184,1.3596942327154793,0.0
1.64881,1.6493,62.24662,4616.24905,3.49751,45.01548,3.4338013713199356,1.2791813595683168,0.0
1.69231,1.69284,62.66615,4613.51154,3.45095,45.01657,3.233211195937493,1.2044562413932,0.0
1.73578,1.73636,63.0796,4610.89433,3.40069,45.01772,3.04710058592972,1.1351251423004416,0.0
1.77923,1.77986,63.48655,4608.39049,3.347,45.01892,2.8744663153660697,1.07081433423445,0.0
1.82266,1.82333,63.88663,4605.9936,3.29012,45.02016,2.7143605773248796,1.0111707341786054,0.0
1.86606,1.86679,64.27948,4603.69768,3.23028,45.02146,2.5658915113498906,0.9558621006466893,0.0
1.90943,1.91023,64.66477,4601.49716,3.16769,45.02281,2.4282228047025014,0.904576885138861,0.0
1.95279,1.95364,65.04219,4599.3869,3.10254,45.02421,2.300572583211559,0.8570238189540184,0.0
1.99613,1.99704,65.41147,4597.36213,3.03501,45.02566,2.182211771203016,0.8129313022204431,0.0
2.03945,2.04043,65.77235,4595.41841,2.96527,45.02717,2.0724620682616663,0.772046650186313,0.0
2.08274,2.0838,66.12457,4593.55164,2.89348,45.02872,1.9706936631848584,0.73413524160731,0.0
2.12603,2.12715,66.46791,4591.75803,2.81979,45.03034,1.8763227821178163,0.698979605362516,0.0
2.16929,2.17049,66.80217,4590.03404,2.74432,45.032,1.788809148072737,0.6663784740584309,0.0
2.21254,2.21381,67.12687,4588.377,2.66253,45.01684,1.707721208010696,0.6361710828332117,-30.999999471197007
2.25579,2.25711,67.44156,4586.78436,2.57942,45.00248,1.632651440583948,0.608205619262291,-30.999999471197007
2.29904,2.30038,67.7461,4585.25322,2.49508,44.98888,1.5631531852191143,0.5823156905297386,-30.999999471197007
2.34228,2.34364,68.04035,4583.78087,2.40959,44.97596,1.4988174045831704,0.5583489194665826,-30.999999471197007
2.38552,2.38687,68.3242,4582.3648,2.32305,44.9637,1.4392692402747045,0.5361656614551793,-30.999999471197007
2.42876,2.43008,68.59754,4581.00268,2.23552,44.95204,1.3841653564611207,0.5156380148641769,-30.999999471197007
2.47199,2.47327,68.86025,4579.69236,2.14708,44.94095,1.3331914713182442,0.49664890144481805,-30.999999471197007
2.51522,2.51644,69.11224,4578.43183,2.05779,44.93038,1.2860600708731018,0.4790912146772224,-30.999999471197007
2.55845,2.5596,69.35342,4577.21921,1.96771,44.92031,1.242508298231569,0.46286703345214736,-30.999999471197007
2.60167,2.60274,69.5837,4576.05276,1.87691,44.91069,1.2022960101026412,0.4478868980751433,-30.999999471197007
2.64489,2.64587,69.80302,4574.93085,1.78543,44.9015,1.16520399188317,0.43406914533865426,-30.999999471197007
2.68811,2.68897,70.0113,4573.85196,1.69333,44.8927,1.1310323222578453,0.42133929929248076,-30.999999471197007
2.73132,2.73207,70.20847,4572.81464,1.60065,44.88428,1.0995988782017585,0.40962951431789923,-30.999999471197007
2.77454,2.77515,70.39448,4571.81755,1.50744,44.8762,1.0707379714079108,0.3988780671610308,-30.999999471197007
2.81775,2.81822,70.56926,4570.85943,1.41373,44.86845,1.044299107437098,0.389028894683525,-30.999999471197007
2.86095,2.86128,70.73277,4569.93907,1.31957,44.86099,1.0201458592520316,0.3800311742243803,-30.999999471197007
2.90416,2.90432,70.88497,4569.05534,1.225,44.85382,0.9981548472526554,0.37183894363626335,-30.999999471197007
2.94736,2.94735,71.0258,4568.20715,1.13005,44.84689,0.9782148184142254,0.36441075824021363,-30.999999471197007
2.99056,2.99038,71.15524,4567.39349,1.03475,44.84021,0.9602258176508206,0.3577093821367489,-30.999999471197007
3.03376,3.03339,71.27324,4566.61337,0.93914,44.83375,0.9440984450586505,0.3517015115094543,-30.999999471197007
3.07695,3.07639,71.37977,4565.86583,0.84324,44.82749,0.9297531932327944,0.34635752775803114,-30.999999471197007
3.12015,3.11938,71.47481,4565.14998,0.7471,44.82141,0.9171198593791322,0.34165127849452287,-30.999999471197007
3.16334,3.16237,71.55834,4564.46493,0.65072,44.81551,0.906137027468753,0.3375598846322073,-30.999999471197007
3.20653,3.20534,71.63032,4563.80983,0.55415,44.80976,0.8967516161919731,0.3340635719865739,-30.999999471197007
3.24972,3.24831,71.69075,4563.18383,0.45741,44.80415,0.8889184889639438,0.33114552599215147,-30.999999471197007
3.29291,3.29127,71.73961,4562.58613,0.36053,44.79866,0.8826001227145588,0.3287917683180342,-30.999999471197007
3.33609,3.33422,71.77687,4562.01592,0.26352,44.79328,0.8777663326596289,0.32699105433790204,-30.999999471197007
3.37928,3.37717,71.80255,4561.4724,0.16642,44.788,0.8743940507012181,0.32573479057831545,-30.999999471197007
3.42246,3.4201,71.81662,4560.95478,0.06925,44.78279,0.8724671555418989,0.3250169714318062,-30.999999471197007
3.46565,3.46303,71.81909,4560.46227,-0.02797,44.77766,0.8719763530196404,0.32483413457847327,-30.999999471197007
3.50883,3.50596,71.80994,4559.99407,-0.12521,44.77258,0.8729191055892002,0.3251853347159473,-30.999999471197007
3.55201,3.54888,71.78919,4559.54939,-0.22244,44.76753,0.8752996102770437,0.32607213534701707,-30.999999471197007
3.59519,3.59179,71.75684,4559.12742,-0.31965,44.76252,0.8791288248421391,0.3274986185252139,-30.999999471197007
3.63837,3.63469,71.71289,4558.72734,-0.41681,44.75751,0.8844245422650845,0.3294714126039725,-30.999999471197007
3.68155,3.67759,71.65735,4558.3483,-0.51389,44.7525,0.891211514088334,0.331999738184109,-30.999999471197007
3.72473,3.72049,71.59024,4557.98943,-0.61087,44.74747,0.8995216235152911,0.335095472597789,-30.999999471197007
3.76792,3.76338,71.51158,4557.64986,-0.70772,44.74241,0.9093941095768641,0.3387732334164667,-30.999999471197007
3.8111,3.80626,71.42137,4557.32866,-0.80442,44.73731,0.9208758440680929,0.3430504816170656,-30.999999471197007
3.85428,3.84914,71.31964,4557.02487,-0.90094,44.73213,0.9340216633536365,0.347947645188253,-30.999999471197007
3.89746,3.89202,71.20642,4556.73751,-0.99725,44.72688,0.9488947575488945,0.353488264110647,-30.999999471197007
3.94064,3.93489,71.08173,4556.46553,-1.09332,44.72153,0.9655671199843936,0.3596991577941274,-30.999999471197007
3.98383,3.97775,70.9456,4556.20784,-1.18913,44.71607,0.9841200602713506,0.36661061620825713,-30.999999471197007
4.02701,4.02061,70.79808,4555.9633,-1.28463,44.71047,1.0046447846914957,0.3742566160927624,-30.999999471197007
4.0702,4.06347,70.63919,4555.7307,-1.3798,44.70471,1.0272430480370804,0.38267506378508664,-30.999999471197007
4.11339,4.10632,70.46899,4555.50877,-1.47461,44.69878,1.0520278814200417,0.39190806634845377,-30.999999471197007
4.15658,4.14917,70.28752,4555.29615,-1.56901,44.69266,1.0791244009428387,0.40200223282303266,-30.999999471197007
4.19977,4.19201,70.09482,4555.09142,-1.66297,44.68631,1.1086707024749762,0.413009007553735,-30.999999471197007
4.24297,4.23484,69.89097,4554.89305,-1.75644,44.67972,1.1408188480821708,0.4249850376610338,-30.999999471197007
4.28616,4.27767,69.67601,4554.69942,-1.84939,44.67285,1.1757359499108504,0.43799257681645865,-30.999999471197007
4.32936,4.3205,69.45002,4554.50878,-1.94176,44.66569,1.213605357494916,0.4520999275456044,-30.999999471197007
4.37257,4.36332,69.21307,4554.3193,-2.03351,44.6582,1.254627954520996,0.46738192430730785,-30.999999471197007
4.41577,4.40613,68.96523,4554.12899,-2.12459,44.65035,1.2990235710044296,0.48392045956635876,-30.999999471197007
4.45898,4.44894,68.70659,4553.93572,-2.21494,44.6421,1.3470325165671464,0.5018050549798526,-30.999999471197007
4.50219,4.49174,68.43726,4553.73723,-2.30449,44.63342,1.3989172400093197,0.5211334796312973,-30.999999471197007
4.54541,4.53453,68.15731,4553.53105,-2.39319,44.62427,1.4549641195549765,0.542012416944208,-30.999999471197007
4.58863,4.57732,67.86687,4553.31456,-2.48096,44.61461,1.5154853869709723,0.56455818146705,-30.999999471197007
4.63186,4.62009,67.56605,4553.08493,-2.56774,44.60439,1.580821187093116,0.5888974861009115,-30.999999471197007
4.67509,4.66286,67.25497,4552.83911,-2.65343,44.59355,1.6513417720308279,0.6151682594984709,-30.999999471197007
4.71832,4.70563,66.93378,4552.57381,-2.73796,44.58206,1.727449826340572,0.6435205122522797,-30.999999471197007
4.76156,4.74838,66.60262,4552.28549,-2.82124,44.56985,1.8095829155716603,0.6741172490424989,-30.999999471197007
4.80481,4.79112,66.26165,4551.97034,-2.90315,44.55686,1.898216045633021,0.7071354220683618,-30.999999471197007
4.84806,4.83385,65.91103,4551.62422,-2.9836,44.54303,1.9938643141575851,0.7427669187511695,-30.999999471197007
4.89132,4.87656,65.55097,4551.24268,-3.06247,44.52827,2.097085627222073,0.7812195737838931,-30.999999471197007
4.93458,4.91927,65.18166,4550.82093,-3.13964,44.51252,2.20848344510886,0.8227181919997129,-30.999999471197007
4.97785,4.96196,64.80331,4550.35376,-3.21496,44.49569,2.3287095089525884,0.867505564119624,-30.999999471197007
5.02113,5.00463,64.41616,4549.83558,-3.28829,44.4777,2.4584664857603062,0.915843452092034,-30.999999471197007
5.06442,5.04729,64.02046,4549.26033,-3.35948,44.45843,2.5985104520093594,0.9680135142983236,-30.999999471197007
5.10772,5.08992,63.61649,4548.6215,-3.42835,44.43779,2.7496531154906814,1.0243181332479327,-30.999999471197007
5.15102,5.13254,63.20453,4547.91203,-3.49472,44.41567,2.912763650783461,1.0850810993409685,-30.999999471197007
5.19434,5.17514,62.78492,4547.12433,-3.5584,44.39194,3.088769995506997,1.1506480937561285,-30.999999471197007
5.23766,5.21771,62.35799,4546.25023,-3.61916,44.36646,3.2786594218425824,1.2213869013576386,-30.999999471197007
5.281,5.26026,61.92411,4545.28092,-3.67678,44.3391,3.4834781607845624,1.2976872707188862,-30.999999471197007
5.32435,5.30278,61.48369,4544.20694,-3.73101,44.30971,3.704329815036752,1.3799603228845778,-30.999999471197007
5.36771,5.34527,61.03716,4543.01812,-3.78159,44.27811,3.9423722509119505,1.4686373935215267,-30.999999471197007
5.41108,5.38773,60.58497,4541.70358,-3.82823,44.24413,4.198812610673064,1.5641681748844907,-30.999999471197007
5.45447,5.43015,60.12764,4540.25166,-3.87063,44.20758,4.474900035894722,1.667018005076911,-30.999999471197007
5.49787,5.47253,59.66571,4538.64992,-3.90846,44.16826,4.771915641675015,1.7776641331809941,-30.999999471197007
5.54128,5.51487,59.19974,4536.88511,-3.94138,44.12595,5.0911592339565,1.8965907711102947,-30.999999471197007
5.58471,5.55716,58.73038,4534.94317,-3.96901,44.08042,5.433932222072249,2.0242827280835236,-30.999999471197007
5.62816,5.5994,58.25829,4532.80921,-3.99097,44.03144,5.801516151561646,2.161217413533593,-30.999999471197007
5.67163,5.64159,57.78419,4530.46755,-4.00685,43.97874,6.19514627553107,2.307854991744094,-30.999999471197007
5.71512,5.68372,57.30885,4527.90172,-4.01621,43.92206,6.615979605450063,2.464626479930235,-30.999999471197007
5.75862,5.72579,56.83309,4525.09452,-4.01861,43.86112,7.065056944886732,2.6319196048063267,-30.999999471197007
5.80215,5.76778,56.35779,4522.02811,-4.01358,43.79561,7.543258524725434,2.81006227553706,-30.999999471197007
5.8457,5.80971,55.88388,4518.68407,-4.00063,43.72526,8.051253039038365,2.9993035982587277,-30.999999471197007
5.88927,5.85155,55.41236,4515.04358,-3.97929,43.64973,8.589440140623442,3.199792454154052,-30.999999471197007
5.93287,5.8933,54.94426,4511.08754,-3.94904,43.56873,9.157886806262036,3.4115537938363603,-30.999999471197007
5.9765,5.93496,54.48071,4506.79681,-3.90939,43.48194,9.756258432831348,3.6344629688384686,-30.999999471197007
6.02015,5.97652,54.02286,4502.15242,-3.85984,43.38904,10.383746079379723,3.868218627371371,-30.999999471197007
6.06383,6.01797,53.57192,4497.13591,-3.79992,43.28975,11.038991920475594,4.11231494373527,-30.999999471197007
6.10753,6.0593,53.12918,4491.72959,-3.72918,43.18376,11.720015703199701,4.366014221614151,-30.999999471197007
6.15127,6.1005,52.69594,4485.91699,-3.64718,43.07081,12.42414576816306,4.62832119759003,-30.999999471197007
6.19504,6.14158,52.27356,4479.6832,-3.55357,42.95066,13.147958948519124,4.897960651943625,-30.999999471197007
6.23885,6.1825,51.86343,4473.0154,-3.44801,42.8231,13.887234324386544,5.173360180960052,-30.999999471197007
6.28268,6.22328,51.46698,4465.90324,-3.33026,42.68796,14.636926288237582,5.452640163077299,-30.999999471197007
6.32656,6.26389,51.08562,4458.33939,-3.20016,42.54514,15.391162561064723,5.733613019856111,-30.999999471197007
6.37046,6.30433,50.7208,4450.32001,-3.05765,42.39457,16.14327257650835,6.013793789814364,-30.999999471197007
6.4144,6.34458,50.37394,4441.84516,-2.90278,42.23628,16.885850918963712,6.290423760791079,-30.999999471197007
6.45838,6.38465,50.04644,4432.91927,-2.73572,42.07034,17.610859190018175,6.560508417874557,-30.999999471197007
6.50239,6.42451,49.73965,4423.55146,-2.55679,41.89693,18.309767764434394,6.820870251235941,-30.999999471197007
6.54644,6.46416,49.45486,4413.75581,-2.36643,41.71631,18.973736432496487,7.068216050156149,-30.999999471197007
6.59052,6.50359,49.1933,4403.5515,-2.16525,41.52881,19.593830044106088,7.299217236125589,-30.999999471197007
6.63463,6.54278,48.9561,4392.96287,-1.95399,41.33487,20.161262193864182,7.51060064194889,-30.999999471197007
6.67878,6.58174,48.74426,4382.01925,-1.73356,41.13502,20.66765701291517,7.69924603609497,-30.999999471197007
6.72296,6.62046,48.55868,4370.75472,-1.505,40.92987,21.105316605439956,7.8622857498273815,-30.999999471197007
6.76717,6.65891,48.4001,4359.2077,-1.26946,40.72009,21.467479930885933,7.9972011176466005,-30.999999471197007
6.8114,6.69711,48.26912,4347.4204,-1.02823,40.50645,21.74855827965783,8.101910198180587,-30.999999471197007
6.85566,6.73505,48.16617,4335.43807,-0.78269,40.28976,21.944333106992307,8.174841472508405,-30.999999471197007
6.89995,6.77272,48.09151,4323.30831,-0.53427,40.07088,22.052103915574815,8.214988934326023,-30.999999471197007
6.94425,6.81011,48.04523,4311.08011,-0.28447,39.85069,22.07077698254889,8.221945143091826,-30.999999471197007
6.98857,6.84724,48.02724,4298.80303,-0.03479,39.63008,22.000889720901895,8.195910299283797,-30.999999471197007
7.0329,6.88409,48.03729,4286.52625,0.21326,39.40996,21.844569936199775,8.137677066461187,-30.999999471197007
7.07725,6.92066,48.07494,4274.29773,0.45823,39.19121,21.605433712664528,8.048592531141582,-30.999999471197007
7.12161,6.95696,48.13962,4262.16337,0.69871,38.97465,21.28842967102068,7.930500184750924,-30.999999471197007
7.16597,6.993,48.2306,4250.16635,0.93339,38.76109,20.89964049537363,7.785665987163525,-30.999999471197007
7.21034,7.02877,48.34702,4238.34649,1.16103,38.55127,20.4460546664239,7.616693331318318,-30.999999471197007
7.25471,7.06428,48.48789,4226.73983,1.38055,38.34585,19.935322158049757,7.42643203376789,-30.999999471197007
7.29907,7.09953,48.65214,4215.37824,1.59097,38.14543,19.375507501112974,7.217886344448825,-30.999999471197007
7.34343,7.13454,48.8386,4204.28928,1.79145,37.95051,18.774852268775092,6.994126466212641,-30.999999471197007
7.38779,7.1693,49.04602,4193.49608,1.98129,37.76154,18.14155695415384,6.758207298513649,-30.999999471197007
7.43214,7.20383,49.27311,4183.01743,2.15994,37.57886,17.483589695013844,6.513097182323493,-30.999999471197007
7.47648,7.23813,49.51853,4172.86787,2.32697,37.40275,16.808526646374197,6.261618434727427,-30.999999471197007
7.52081,7.27221,49.78093,4163.05794,2.48209,37.23339,16.123426263802163,6.006400516143394,-30.999999471197007
7.56513,7.30608,50.05894,4153.59448,2.62511,37.07091,15.43473752834832,5.7498458416956435,-30.999999471197007
7.60944,7.33976,50.35119,4144.48092,2.75597,36.91537,14.748240338090886,5.494107575496576,-30.999999471197007
7.65373,7.37324,50.65632,4135.71768,2.8747,36.76676,14.069014963120274,5.2410782518248284,-30.999999471197007
7.698,7.40653,50.97299,4127.30248,2.98143,36.62504,13.401436605545992,4.992387748584682,-30.999999471197007
7.74226,7.43965,51.2999,4119.23079,3.07635,36.4901,12.749190678097893,4.7494089789870575,-30.999999471197007
7.78651,7.4726,51.63577,4111.49612,3.15972,36.3618,12.115304342314374,4.513269640354418,-30.999999471197007
7.83074,7.5054,51.97937,4104.0904,3.23184,36.23998,11.502190047600347,4.284868433565457,-30.999999471197007
7.87495,7.53804,52.3295,4097.00428,3.29308,36.12443,10.911697202706373,4.064894312040635,-30.999999471197007
7.91915,7.57054,52.68503,4090.22744,3.34382,36.01494,10.345168616477345,3.8538475074060967,-30.999999471197007
7.96333,7.60291,53.04487,4083.74881,3.38447,35.91128,9.803498902366739,3.6520612867119633,-30.999999471197007
8.00749,7.63515,53.40796,4077.55685,3.41547,35.8132,9.287192602470894,3.459723605164419,-30.999999471197007
8.05164,7.66726,53.77332,4071.6397,3.43723,35.72046,8.796420317013897,3.2768980158357,-30.999999471197007
8.09577,7.69926,54.14,4065.98539,3.45022,35.63279,8.331071602061561,3.103543375454366,-30.999999471197007
8.13989,7.73116,54.50712,4060.58197,3.45486,35.54996,7.890803809361801,2.939532038530898,-30.999999471197007
8.18399,7.76295,54.87383,4055.41761,3.4516,35.47171,7.475086383999432,2.7846663593996483,-30.999999471197007
8.22808,7.79464,55.23933,4050.48071,3.44085,35.3978,7.08324040889632,2.6386934235856314,-30.999999471197007
8.27215,7.82624,55.60289,4045.75999,3.42304,35.32797,6.714473395958235,2.501318008422127,-30.999999471197007
8.3162,7.85776,55.96379,4041.24452,3.39856,35.26201,6.367909478845916,2.3722138306523304,-30.999999471197007
8.36024,7.8892,56.32139,4036.92378,3.36781,35.19969,6.0426152705155305,2.251033179043524,-30.999999471197007
8.40427,7.92055,56.67505,4032.78769,3.33116,35.14078,5.737621718133751,2.137415055917979,-30.999999471197007
8.44828,7.95184,57.0242,4028.82663,3.28897,35.08509,5.451942326717754,2.030991965938347,-30.999999471197007
8.49228,7.98305,57.3683,4025.03142,3.24156,35.03242,5.184588137948031,1.9313954961095534,-30.999999471197007
8.53627,8.01421,57.70683,4021.39338,3.18928,34.98258,4.934579848207589,1.8382608300672367,-30.999999471197007
8.58024,8.04529,58.03933,4017.90426,3.13242,34.93539,4.700957435112696,1.7512303342137505,-30.999999471197007
8.6242,8.07633,58.36535,4014.55629,3.07127,34.89069,4.482787638753564,1.6699563446771508,-30.999999471197007
8.66815,8.1073,58.68447,4011.34213,3.0061,34.84831,4.279169615801899,1.5941032736150347,-30.999999471197007
8.71208,8.13823,58.99632,4008.25485,2.93719,34.80811,4.089239054084602,1.5233491420015002,-30.999999471197007
8.75601,8.1691,59.30052,4005.28797,2.86476,34.76994,3.9121710039665896,1.4573866343917476,-30.999999471197007
8.79992,8.19993,59.59675,4002.43536,2.78905,34.73368,3.7471816522770993,1.3959237597563028,-30.999999471197007
8.84383,8.23071,59.88468,3999.69128,2.71027,34.69919,3.593529235403618,1.3386841916325278,-30.999999471197007
8.88772,8.26145,60.16404,3997.05034,2.62864,34.66636,3.4505142611671604,1.2854073507790051,-30.999999471197007
8.9316,8.29215,60.43454,3994.50747,2.54433,34.63508,3.3174791844481115,1.2358482843376248,-30.999999471197007
8.97547,8.32281,60.69593,3992.05791,2.45752,34.60524,3.1938076594155436,1.189777387269331,-30.999999471197007
9.01933,8.35343,60.94798,3989.69719,2.3684,34.57675,3.078923471593111,1.1469800045205694,-30.999999471197007
9.06318,8.38402,61.19048,3987.42113,2.27711,34.54952,2.972289235797416,1.1072559459710698,-30.999999471197007
9.10703,8.41458,61.42321,3985.22577,2.1838,34.52345,2.8734049310594854,1.0704189406535458,-30.999999471197007
9.15086,8.4451,61.64599,3983.10741,2.08862,34.49847,2.78180633075626,1.03629605193637,-30.999999471197007
9.19468,8.4756,61.85865,3981.06254,1.9917,34.47451,2.6970633752522692,1.0047270712897804,-30.999999471197007
9.23849,8.50607,62.06145,3979.08685,1.90136,34.48105,2.6186200391673804,0.9755048646297688,0.0
9.28227,8.53655,62.25466,3977.17639,1.80929,34.48764,2.5459725217491,0.9484417529202359,0.0
9.32604,8.56701,62.43811,3975.3284,1.71562,34.49428,2.47881579572525,0.923424105476545,0.0
9.36977,8.59747,62.61166,3973.5403,1.62046,34.50096,2.416866661316694,0.9003464229295326,0.0
9.41349,8.62793,62.77517,3971.80959,1.52393,34.5077,2.3598636821735512,0.8791113133600641,0.0
9.45718,8.65839,62.9285,3970.13392,1.42612,34.51448,2.3075662692155294,0.8596291510054509,0.0
9.50086,8.68884,63.07156,3968.51103,1.32714,34.52132,2.259753782027093,0.8418177415055076,0.0
9.54451,8.71929,63.20421,3966.93874,1.2271,34.5282,2.2162246594859005,0.8256019980387691,0.0
9.58815,8.74974,63.32638,3965.41497,1.12607,34.53514,2.1767955887828525,0.810913631760596,0.0
9.63176,8.78018,63.43798,3963.93771,1.02415,34.54212,2.1413007199094753,0.7976908591790555,0.0
9.67536,8.81063,63.53891,3962.50501,0.92143,34.54916,2.1095909309731384,0.7858781284655093,0.0
9.71893,8.84107,63.62912,3961.115,0.81798,34.55624,2.0815331483231025,0.7754258661836788,0.0
9.76249,8.87151,63.70854,3959.76583,0.71389,34.56338,2.0570097243467798,0.7662902455023799,0.0
9.80603,8.90196,63.77711,3958.45571,0.60923,34.57056,2.0359178749224887,0.7584329766318734,0.0
9.84956,8.9324,63.83479,3957.18288,0.50408,34.5778,2.0181691778211297,0.7518211199652907,0.0
9.89306,8.96284,63.88154,3955.9456,0.39851,34.58509,2.0036891327972617,0.7464269222009855,0.0
9.93655,8.99328,63.91733,3954.74217,0.2926,34.59242,1.9924167837358941,0.742227675582272,0.0
9.98002,9.02373,63.94212,3953.57088,0.18641,34.59981,1.9843044028858359,0.7392056002660388,0.0
10.02348,9.05417,63.95591,3952.43003,0.08001,34.60726,1.9793172370181957,0.7373477497601117,0.0
10.06692,9.08462,63.95868,3951.31794,-0.02652,34.61475,1.9774333151714911,0.7366459393032471,0.0
10.11034,9.11507,63.95042,3950.23289,-0.13312,34.62229,1.9786433175414273,0.7370966970231267,0.0
10.15375,9.14552,63.93115,3949.17317,-0.23972,34.62989,1.982950504977944,0.7387012376721512,0.0
10.19714,9.17597,63.90086,3948.13703,-0.34625,34.63753,1.990370708492009,0.7414654587184452,0.0
10.24052,9.20642,63.85958,3947.12269,-0.45264,34.64523,2.0009323780726076,0.7453999585314697,0.0
10.28388,9.23687,63.80732,3946.12836,-0.55882,34.65298,2.014676690050401,0.7505200763778104,0.0
10.32722,9.26733,63.74413,3945.15217,-0.66472,34.66078,2.031657712092951,0.7568459538862402,0.0
10.37055,9.29779,63.67003,3944.19222,-0.77027,34.66863,2.0519426247583743,0.7644026175822846,0.0
10.41387,9.32825,63.58507,3943.24655,-0.8754,34.67653,2.0756119982925054,0.7732200820024476,0.0
10.45717,9.35872,63.48931,3942.31312,-0.98002,34.68448,2.102760123033123,0.78333347277848,0.0
10.50046,9.38918,63.38281,3941.38983,-1.08406,34.69248,2.1334953913727266,0.7947831689285627,0.0
10.54373,9.41966,63.26563,3940.47447,-1.18745,34.70054,2.16794072867709,0.8076149633858081,0.0
10.58698,9.45013,63.13786,3939.56478,-1.29009,34.70864,2.206234069875669,0.8218802405407247,0.0
10.63022,9.4806,62.99957,3938.65835,-1.3919,34.7168,2.248528877562076,0.837636169247277,0.0
10.67345,9.51108,62.85087,3937.7527,-1.4928,34.725,2.2949946963751504,0.8549459093444207,0.0
10.71666,9.54157,62.69186,3936.84518,-1.59268,34.73326,2.3458177371113957,0.8738788292533544,0.0
10.75985,9.57205,62.52265,3935.93306,-1.69145,34.74156,2.40120148242116,0.8945107316152828,0.0
10.80303,9.60254,62.34337,3935.01343,-1.78902,34.74992,2.4613673040196775,0.9169240832187717,0.0
10.84619,9.63303,62.15415,3934.08324,-1.88527,34.75832,2.526555079058578,0.9412082446143509,0.0
10.88934,9.66352,61.95515,3933.13927,-1.98008,34.76678,2.597023790590454,0.9674596938033652,0.0
10.93247,9.69402,61.74651,3932.17811,-2.07335,34.77528,2.673052093880902,0.9957822372041102,0.0
10.97559,9.72452,61.52842,3931.19618,-2.16495,34.78383,2.7549388266132664,1.0262871997165255,0.0
11.01869,9.75502,61.30106,3930.18967,-2.25474,34.79243,2.8430034367582695,1.0590935841148856,0.0
11.06177,9.78552,61.06462,3929.15459,-2.34259,34.80108,2.9375862969480573,1.0943281881604092,0.0
11.10484,9.81603,60.81932,3928.08667,-2.42836,34.80977,3.039048868630422,1.1321256657530208,0.0
11.14789,9.84654,60.5654,3926.98142,-2.51188,34.81852,3.147773672964787,1.172628516089344,0.0
11.19092,9.87705,60.30309,3925.8341,-2.59301,34.8273,3.2641640184219796,1.2159869821864462,0.0
11.23393,9.90756,60.03266,3924.63968,-2.67155,34.83614,3.3886434273180965,1.2623588372506158,0.0
11.27692,9.93807,59.7544,3923.39286,-2.74735,34.84502,3.52165469512335,1.3119090342451571,0.0
11.31989,9.96859,59.4686,3922.08801,-2.8202,34.85394,3.6636585074296057,1.364809190674408,0.0
11.36285,9.9991,59.17559,3920.71922,-2.8899,34.86291,3.8151315300868776,1.4212368771093313,0.0
11.40578,10.02962,58.87571,3919.28025,-2.95625,34.87192,3.9765638784704143,1.4813746744229193,0.0
11.44869,10.06013,58.56932,3917.76452,-3.01901,34.88098,4.148455862464347,1.545408961210956,0.0
11.49158,10.09064,58.25683,3916.16512,-3.07797,34.89007,4.331313894981584,1.613528389608025,0.0
11.53445,10.12115,57.93863,3914.47479,-3.13286,34.89921,4.525645444338651,1.6859220049143282,0.0
11.57729,10.15166,57.61518,3912.68592,-3.18344,34.90839,4.731952905276251,1.7627769623895773,0.0
11.62011,10.18217,57.28694,3910.79057,-3.22944,34.91761,4.950726260906251,1.8442757936351748,0.0
11.6629,10.21268,56.95441,3908.78045,-3.27058,34.92687,5.182434409490093,1.9305931755909647,0.0
11.70566,10.24318,56.61812,3906.64695,-3.30657,34.93616,5.427515037150923,2.0218921578540323,0.0
11.7484,10.27367,56.27862,3904.38116,-3.33711,34.94549,5.686362931921878,2.118319809354221,0.0
11.79111,10.30416,55.93649,3901.97387,-3.3619,34.95485,5.95931665780494,2.2200022540904225,0.0
11.83378,10.33465,55.59236,3899.41563,-3.38061,34.96425,6.246643541530435,2.327039078303474,0.0
11.87643,10.36512,55.24688,3896.69678,-3.39294,34.97368,6.548522971459514,2.439497108877895,0.0
11.91904,10.39559,54.90074,3893.80753,-3.39855,34.98314,6.865028069326412,2.557403585583638,0.0
11.96162,10.42605,54.55464,3890.73795,-3.39712,34.99264,7.196105872686225,2.68073877851645,0.0
12.00415,10.45649,54.20934,3887.47816,-3.38833,35.00215,7.541556259956052,2.809428137121184,0.0
12.04665,10.48693,53.86562,3884.0183,-3.37185,35.0117,7.901009960782498,2.9433340984751126,0.0
12.08911,10.51735,53.52429,3880.34872,-3.34736,35.02127,8.273906120870327,3.082247729596298,0.0
12.13153,10.54775,53.18619,3876.46005,-3.31459,35.03086,8.659470029475258,3.2258804303486253,0.0
12.1739,10.57814,52.8522,3872.34336,-3.27323,35.04048,9.05669176458337,3.373855978209264,0.0
12.21622,10.60851,52.52319,3867.99027,-3.22303,35.05011,9.464306658111338,3.5257032510417554,0.0
12.2585,10.63886,52.20009,3863.39311,-3.16377,35.05976,9.88077862153755,3.680850015454877,0.0
12.30072,10.66919,51.88384,3858.54512,-3.09525,35.06942,10.304287488879714,3.8386182117287757,0.0
12.34289,10.6995,51.57537,3853.44058,-3.01731,35.0791,10.732721614513242,3.998221196307553,0.0
12.385,10.72978,51.27565,3848.07499,-2.92985,35.08879,11.163676992026943,4.158763413549824,0.0
12.42705,10.76003,50.98563,3842.44525,-2.83282,35.09849,11.59446412103787,4.319242953797928,0.0
12.46904,10.79026,50.70627,3836.54986,-2.72622,35.10819,12.022123726621997,4.478557409279453,0.0
12.51096,10.82045,50.4385,3830.38902,-2.61013,35.1179,12.443452219379575,4.635513358651486,0.0
12.55282,10.85061,50.18327,3823.96482,-2.48471,35.12761,12.855037466914354,4.788839692817815,0.0
12.5946,10.88073,49.94146,3817.28137,-2.35018,35.13731,13.25330503163748,4.93720483972748,0.0
12.63628,10.91087,49.71219,3810.34867,-2.24226,35.28941,13.63799301296693,5.080511234522658,27.999999522371493
12.6778,10.94108,49.49446,3803.17643,-2.12681,35.44579,14.009195251311342,5.218793835224656,27.999999522371493
12.71917,10.97136,49.28899,3795.77115,-2.0041,35.60633,14.363851109931183,5.350912474117799,27.999999522371493
12.76037,11.0017,49.09645,3788.14114,-1.87445,35.77085,14.698875191789627,5.475717759624186,27.999999522371493
12.80141,11.03211,48.91747,3780.2965,-1.73825,35.93915,15.011232581574642,5.592079105936661,27.999999522371493
12.84228,11.06259,48.75263,3772.24911,-1.59597,36.111,15.297997393725446,5.698906543699146,27.999999522371493
12.88297,11.09314,48.60245,3764.01257,-1.44812,36.28613,15.556412617205536,5.795173013759221,27.999999522371493
12.92349,11.12375,48.46741,3755.6021,-1.29525,36.46424,15.783949227682083,5.879936388010269,27.999999522371493
12.96382,11.15444,48.34789,3747.03439,-1.13801,36.64502,15.97836241461533,5.952360415461713,27.999999522371493
13.00397,11.18519,48.24425,3738.32747,-0.97704,36.8281,16.13774276300182,6.0117337887850315,27.999999522371493
13.04394,11.21601,48.15673,3729.5005,-0.81307,37.01312,16.260560346965867,6.05748657033676,27.999999522371493
13.08371,11.2469,48.08553,3720.57358,-0.64682,37.1997,16.345699934608646,6.0892033068910685,27.999999522371493
13.12329,11.27785,48.03075,3711.56748,-0.47906,37.38743,16.392485859182983,6.1066322948067695,27.999999522371493
13.16267,11.30886,47.99243,3702.50343,-0.31057,37.5759,16.400695559785717,6.109690624291513,27.999999522371493
13.20186,11.33994,47.97052,3693.40285,-0.14212,37.7647,16.37056130522602,6.098464821588069,27.999999522371493
13.24086,11.37107,47.96489,3684.28712,0.02549,37.95342,16.302760152470164,6.073207108230819,27.999999522371493
13.27966,11.40227,47.97536,3675.17729,0.19152,38.14166,16.198392718370744,6.034327492956323,27.999999522371493
13.31826,11.43352,48.00164,3666.09389,0.3552,38.329,16.058951824322268,5.982382091012532,27.999999522371493
13.35667,11.46483,48.04341,3657.05672,0.51582,38.51509,15.886282477092251,5.918058215965397,27.999999522371493
13.39488,11.4962,48.10027,3648.08462,0.6727,38.69954,15.682534952163838,5.84215690200954,27.999999522371493
13.4329,11.52761,48.17174,3639.19532,0.8252,38.88203,15.45011293456695,5.755573585063368,27.999999522371493
13.47073,11.55908,48.25732,3630.40532,0.97273,39.06223,15.191618742987604,5.659277697308545,27.999999522371493
13.50837,11.5906,48.35644,3621.72975,1.11474,39.23985,14.90979762136491,5.5542919143441045,27.999999522371493
13.54582,11.62216,48.46849,3613.18232,1.25075,39.41463,14.60748294217348,5.441671741967362,27.999999522371493
13.5831,11.65377,48.59283,3604.77528,1.38034,39.58635,14.287543946796625,5.322486048087878,27.999999522371493
13.62019,11.68542,48.72877,3596.51933,1.50312,39.75479,13.952837373364217,5.197799042824338,27.999999522371493
13.6571,11.71711,48.87561,3588.42372,1.61879,39.9198,13.606164015531625,5.068654095506682,27.999999522371493
13.69384,11.74884,49.03264,3580.49621,1.72709,40.08121,13.25023093901105,4.936059659339891,27.999999522371493
13.73042,11.78061,49.1991,3572.74315,1.82782,40.23893,12.887619776274038,4.800977460346452,27.999999522371493
13.76683,11.81241,49.37426,3565.16951,1.92083,40.39287,12.52076123923971,4.66431300267212,27.999999522371493
13.80307,11.84425,49.55735,3557.77901,2.00602,40.54296,12.151915746382192,4.526908351673697,27.999999522371493
13.83916,11.87613,49.74762,3550.57415,2.08334,40.68919,11.783159861111354,4.389537081859028,27.999999522371493
13.8751,11.90803,49.94432,3543.55635,2.15278,40.83152,11.416378085294722,4.252901219757997,27.999999522371493
13.91089,11.93997,50.1467,3536.72602,2.21437,40.96999,11.053259444587828,4.11762997186823,27.999999522371493
13.94653,11.97193,50.35404,3530.08266,2.26818,41.1046,10.69529823745145,3.984280003683723,27.999999522371493
13.98204,12.00393,50.56559,3523.62498,2.31431,41.23541,10.343798292167941,3.8533370255454424,27.999999522371493
14.0174,12.03595,50.78067,3517.35097,2.35287,41.36249,9.999880079563106,3.7252184423173587,27.999999522371493
14.05264,12.068,50.99857,3511.25802,2.38403,41.48589,9.664490057027896,3.600276834280397,27.999999522371493
14.08775,12.10007,51.21862,3505.343,2.40795,41.60572,9.338411665105578,3.4788040536504843,27.999999522371493
14.12273,12.13217,51.44018,3499.60233,2.42482,41.72205,9.02227745582319,3.3610357427011373,27.999999522371493
14.15759,12.16429,51.6626,3494.03206,2.43483,41.835,8.716581896541863,3.247156103534597,27.999999522371493
14.19234,12.19643,51.88529,3488.62795,2.43821,41.94466,8.42169446038289,3.137302774609968,27.999999522371493
14.22697,12.2286,52.10765,3483.38555,2.43516,42.05116,8.137872680763703,3.031571693901356,27.999999522371493
14.2615,12.26079,52.32912,3478.3002,2.42593,42.1546,7.86527491071363,2.9300218520787045,27.999999522371493
14.29591,12.29299,52.54916,3473.36716,2.41074,42.25511,7.603972585755957,2.832679860754019,27.999999522371493
14.33023,12.32522,52.76725,3468.58159,2.38982,42.3528,7.3539618411985765,2.739544280227803,27.999999522371493
14.36444,12.35747,52.9829,3463.93859,2.36341,42.4478,7.11517437998029,2.6505896680477568,27.999999522371493
14.39856,12.38974,53.19563,3459.43331,2.33175,42.54022,6.887487525925087,2.5657703241105128,27.999999522371493
14.43259,12.42203,53.405,3455.06086,2.29506,42.63019,6.670733429356449,2.485023719995176,27.999999522371493
14.46652,12.45434,53.61057,3450.81644,2.25357,42.71782,6.46470741804037,2.4082736099093287,27.999999522371493
14.50037,12.48666,53.81195,3446.6953,2.20752,42.80323,6.269175506972292,2.3354328282822565,27.999999522371493
14.53413,12.51901,54.00874,3442.69277,2.15712,42.88653,6.083881096132617,2.2664057848551074,27.999999522371493
14.5678,12.55137,54.20058,3438.80427,2.10259,42.96783,5.908550896755958,2.201090672372114,27.999999522371493
14.6014,12.58375,54.38712,3435.02533,2.04414,43.04725,5.7429001345442705,2.139381404914392,27.999999522371493
14.63492,12.61615,54.56805,3431.35158,1.98197,43.12488,5.586637083111082,2.081169306727197,27.999999522371493
14.66835,12.64856,54.74304,3427.77878,1.91629,43.20084,5.439466983538986,2.026344572358222,27.999999522371493
14.70172,12.68099,54.91182,3424.30278,1.8473,43.27522,5.301095406492512,1.9747975191331013,27.999999522371493
14.73501,12.71344,55.07411,3420.91956,1.77517,43.34812,5.17123111258025,1.9264196527155661,27.999999522371493
14.76823,12.74591,55.22966,3417.62521,1.70011,43.41963,5.049588464711323,1.8811045657736989,27.999999522371493
14.80138,12.77839,55.37822,3414.41593,1.62227,43.48985,4.935889443553651,1.8387486887911726,27.999999522371493
14.83446,12.81089,55.51957,3411.28804,1.54184,43.55887,4.8298653139878,1.7992519108651508,27.999999522371493
14.86747,12.84341,55.65351,3408.23795,1.45898,43.62677,4.731257986971442,1.7625180870366344,27.999999522371493
14.90042,12.87594,55.77985,3405.26218,1.37385,43.69363,4.639821117544677,1.7284554473263363,27.999999522371493
14.93331,12.9085,55.89839,3402.35734,1.28661,43.75954,4.555320976061052,1.696976921291154,27.999999522371493
14.96613,12.94106,56.00898,3399.52013,1.19742,43.82457,4.477537126063465,1.6680003905507863,27.999999522371493
14.99889,12.97365,56.11146,3396.74732,1.10642,43.88881,4.406262938778787,1.6414488804505105,27.999999522371493
15.03159,13.00625,56.2057,3394.03578,1.01374,43.95232,4.341305970855822,1.617250700778518,27.999999522371493
15.06422,13.03887,56.29157,3391.38241,0.91955,44.01517,4.2824882288873765,1.5953395443073404,27.999999522371493
15.0968,13.07151,56.36894,3388.78422,0.82396,44.07745,4.229646341352828,1.575654550846983,27.999999522371493
15.12932,13.10416,56.43773,3386.23822,0.72711,44.13921,4.182631655958414,1.5581403435067416,27.999999522371493
15.16179,13.13683,56.49783,3383.74151,0.62914,44.20053,4.141310277897302,1.5427470429480867,27.999999522371493
15.19419,13.16952,56.54917,3381.29121,0.53016,44.26146,4.105563062332318,1.5294302645842812,27.999999522371493
15.22654,13.20222,56.59167,3378.88446,0.43032,44.32208,4.0752855723376005,1.5181511029125414,27.999999522371493
15.25883,13.23495,56.62528,3376.51844,0.32971,44.38245,4.050388011709947,1.508876106484494,27.999999522371493
15.29107,13.26769,56.64995,3374.19034,0.22848,44.44263,4.030795140324686,1.5015772463740122,27.999999522371493
15.32327,13.30043,56.66617,3371.89589,0.13873,44.45456,4.016143661372967,1.496119184960884,0.0
15.35544,13.33316,56.67443,3369.63108,0.04854,44.46652,4.006089526625215,1.49237375522714,0.0
15.38758,13.36589,56.67472,3367.39343,-0.04197,44.47851,4.000605896896951,1.4903309588703806,0.0
15.41969,13.3986,56.66703,3365.18046,-0.1327,44.49055,3.999675453691154,1.489984344294787,0.0
15.45177,13.43131,56.65134,3362.98967,-0.22351,44.50261,4.00329059759057,1.4913310805174802,0.0
15.48383,13.464,56.62768,3360.81852,-0.31429,44.51472,4.011453381122908,1.4943719321590367,0.0
15.51586,13.49669,56.59605,3358.66446,-0.40492,44.52686,4.024175417627111,1.499111225493779,0.0
15.54786,13.52937,56.55648,3356.52487,-0.4953,44.53903,4.0414777648581035,1.505556805089478,0.0
15.57984,13.56204,56.50901,3354.39711,-0.58529,44.55124,4.063390781100134,1.5137199802057923,0.0
15.61178,13.5947,56.4537,3352.27847,-0.67478,44.56349,4.089953950640302,1.523615459778559,0.0
15.6437,13.62735,56.3906,3350.16622,-0.76364,44.57577,4.121215674466338,1.5352612744492158,0.0
15.6756,13.65999,56.31978,3348.05752,-0.85176,44.58808,4.157233021109825,1.5486786837473396,0.0
15.70746,13.69263,56.24132,3345.94951,-0.93901,44.60043,4.198071431531332,1.5638920661525981,0.0
15.7393,13.72525,56.15531,3343.83924,-1.02527,44.61282,4.243804370966674,1.5809287893983195,0.0
15.77111,13.75787,56.06185,3341.72368,-1.1104,44.62524,4.294512919596075,1.5998190579849847,0.0
15.8029,13.79047,55.96107,3339.59973,-1.19428,44.63769,4.350285292882897,1.6205957344937847,0.0
15.83465,13.82307,55.85308,3337.4642,-1.27677,44.65018,4.411216281366097,1.6432941308945705,0.0
15.86638,13.85566,55.73802,3335.31382,-1.35775,44.6627,4.477406598664256,1.667951765660198,0.0
15.89808,13.88824,55.61604,3333.14521,-1.43706,44.67526,4.548962125439738,1.6946080821232858,0.0
15.92976,13.92082,55.4873,3330.95492,-1.51458,44.68784,4.625993036131948,1.7233041231613757,0.0
15.9614,13.95338,55.35198,3328.73939,-1.59015,44.70047,4.70861279436909,1.7540821569613818,0.0
15.99302,13.98593,55.21025,3326.49494,-1.66364,44.71312,4.796937002258021,1.786985248349783,0.0
16.0246,14.01847,55.06232,3324.21781,-1.73488,44.7258,4.891082088153748,1.8220567699522339,0.0
16.05616,14.051,54.9084,3321.90414,-1.80373,44.73852,4.99116381718016,1.8593398473233467,0.0
16.08769,14.08352,54.74872,3319.54996,-1.87004,44.75127,5.097295608725118,1.898876732169343,0.0
16.11919,14.11603,54.58351,3317.15119,-1.93363,44.76405,5.209586645472727,1.940708097912821,0.0
16.15066,14.14853,54.41303,3314.70366,-1.99436,44.77685,5.328139759328359,1.9848722521442035,0.0
16.1821,14.18101,54.23753,3312.20309,-2.05205,44.78969,5.453049080967275,2.031404261016751,0.0
16.2135,14.21349,54.05732,3309.64513,-2.10654,44.80255,5.584397441786772,2.0803349814053824,0.0
16.24488,14.24595,53.87267,3307.02533,-2.15765,44.81545,5.722253519860006,2.131689997699376,0.0
16.27622,14.27839,53.6839,3304.33917,-2.20522,44.82837,5.866668725250348,2.18548846150002,0.0
16.30753,14.31082,53.49134,3301.58205,-2.24908,44.84131,6.017673824824629,2.2417418342747317,0.0
16.33881,14.34324,53.29532,3298.74934,-2.28904,44.85429,6.1752753125863356,2.300452535210679,0.0
16.37005,14.37564,53.0962,3295.83634,-2.32493,44.86728,6.339451538742447,2.3616124991903202,0.0
16.40126,14.40803,52.89434,3292.83834,-2.35658,44.8803,6.510148619130627,2.425201652945407,0.0
16.43243,14.4404,52.69014,3289.75065,-2.38382,44.89335,6.687276156452213,2.4911863211036938,0.0
16.46356,14.47275,52.48398,3286.56855,-2.40648,44.90641,6.870702815884101,2.5595175779879447,0.0
16.49466,14.50508,52.27628,3283.2874,-2.42438,44.9195,7.060251809980639,2.6301295656230983,0.0
16.52572,14.53739,52.06747,3279.90262,-2.43737,44.9326,7.2556963612814425,2.7029378034382874,0.0
16.55674,14.56968,51.85797,3276.40973,-2.44529,44.94573,7.456755225304685,2.7778375204640415,0.0
16.58772,14.60195,51.64825,3272.80438,-2.44799,44.95887,7.663088371386651,2.854702046331385,0.0
16.61866,14.6342,51.43876,3269.0824,-2.44533,44.97203,7.8742929336005405,2.933381302882541,0.0
16.64956,14.66643,51.22997,3265.23982,-2.43717,44.9852,8.089899558116537,3.0137004434664627,0.0
16.68042,14.69862,51.02237,3261.27293,-2.42341,44.99839,8.309369286152819,3.0954586917560616,0.0
16.71123,14.7308,50.81644,3257.1783,-2.40393,45.0116,8.53209112225078,3.1784284358667474,0.0
16.742,14.76295,50.61267,3252.95285,-2.37865,45.02481,8.757380444986731,3.262354636304726,0.0
16.77272,14.79507,50.41158,3248.59387,-2.34751,45.03803,8.98447842047612,3.3469546074818775,0.0
16.80339,14.82716,50.21365,3244.09909,-2.31044,45.05127,9.212552577029122,3.431918231790094,0.0
16.83402,14.85921,50.0194,3239.46671,-2.26742,45.06451,9.440698691064568,3.516908662153836,0.0
16.8646,14.89124,49.82933,3234.69545,-2.21845,45.07776,9.667944119201133,3.601563563321773,0.0
16.89512,14.92324,49.64393,3229.7846,-2.16355,45.09101,9.893252688361944,3.6854969335594157,0.0
16.9256,14.95519,49.4637,3224.73403,-2.10277,45.10427,10.115531224728795,3.7683015368563457,0.0
16.95602,14.98712,49.28912,3219.5443,-2.0362,45.11753,10.333637763255583,3.8495519611859836,0.0
16.98638,15.019,49.12067,3214.21658,-1.96393,45.13079,10.546391432836629,3.9288083009908736,0.0
17.01669,15.05085,48.95881,3208.75279,-1.88611,45.14405,10.752583959153004,4.005620442295605,0.0
17.04694,15.08266,48.80399,3203.15555,-1.80291,45.15731,10.950992669264313,4.079532907259419,0.0
17.07714,15.11442,48.65662,3197.42821,-1.71455,45.17057,11.14039482136186,4.150090192386302,0.0
17.10727,15.14615,48.51712,3191.57486,-1.62125,45.18382,11.319583022422384,4.216842512006669,0.0
17.13735,15.17782,48.38585,3185.60031,-1.5233,45.19707,11.487381438731871,4.279351837124001,0.0
17.16736,15.20946,48.26318,3179.51011,-1.42099,45.21031,11.642662452777254,4.337198100545279,0.0
17.19731,15.24104,48.14941,3173.31049,-1.31467,45.22355,11.784363377993293,4.389985423563986,0.0
17.22719,15.27258,48.04485,3167.00833,-1.20469,45.23678,11.911502813313477,4.4373482084606275,0.0
17.25701,15.30407,47.94974,3160.61115,-1.09145,45.24999,12.023196205127322,4.478956935741294,0.0
17.28676,15.33551,47.8643,3154.12702,-0.97536,45.2632,12.118670186771556,4.514523505975416,0.0
17.31645,15.3669,47.78872,3147.56452,-0.85686,45.2764,12.197275286258707,4.543805973759022,0.0
17.34607,15.39823,47.72313,3140.93268,-0.73641,45.28958,12.258496631254264,4.5666125356004,0.0
17.37562,15.42952,47.66764,3134.24087,-0.61447,45.30276,12.301962335579665,4.582804654113122,0.0
17.4051,15.46074,47.62231,3127.49878,-0.49153,45.31592,12.327449320943392,4.592299226764055,0.0
17.43451,15.49192,47.58715,3120.71628,-0.36808,45.32907,12.33488640868053,4.595069737627694,0.0
17.46385,15.52304,47.56215,3113.90337,-0.24461,45.3422,12.324354604502638,4.591146363462983,0.0
17.49312,15.5541,47.54724,3107.0701,-0.12161,45.35532,12.29608459048883,4.580615039414005,0.0
17.52232,15.58511,47.54233,3100.22646,0.00043,45.36843,12.250451528332748,4.5636155230827375,0.0
17.55145,15.61606,47.54726,3093.38231,0.12104,45.38152,12.187967361453557,4.540338526862862,0.0
17.58051,15.64695,47.56187,3086.54732,0.23976,45.3946,12.109270877384123,4.511022015917883,0.0
17.60949,15.67779,47.58593,3079.73089,0.35612,45.40767,12.01511585245489,4.475946791763939,0.0
17.63841,15.70857,47.6192,3072.94206,0.46971,45.42073,11.90635764598455,4.435431498253103,0.0
17.66725,15.73929,47.66141,3066.1895,0.58012,45.43377,11.783938639573504,4.389827197327074,0.0
17.69603,15.76996,47.71223,3059.48141,0.68697,45.4468,11.64887292870421,4.339511666235526,0.0
17.72473,15.80057,47.77134,3052.82551,0.78989,45.45981,11.502230668927309,4.284883566078563,0.0
17.75336,15.83113,47.83836,3046.229,0.88858,45.47282,11.345122459588971,4.226356624334257,0.0
17.78192,15.86163,47.91293,3039.69852,0.98272,45.48581,11.178684116042641,4.164353962106869,0.0
17.81042,15.89207,47.99463,3033.24016,1.07205,45.4988,11.004062139613344,4.099302681306235,0.0
17.83885,15.92246,48.08304,3026.85942,1.15635,45.51178,10.822400145877717,4.03162880882499,0.0
17.86721,15.9528,48.17773,3020.56121,1.23539,45.52475,10.634826459159292,3.9617526751616485,0.0
17.8955,15.98309,48.27826,3014.3499,1.30902,45.53771,10.442443027143213,3.8900847848229154,0.0
17.92373,16.01332,48.38416,3008.22925,1.37708,45.55066,10.246315756677694,3.8170222161554483,0.0
17.95189,16.04351,48.49499,3002.2025,1.43947,45.56362,10.04746632220709,3.7429455697716416,0.0
17.97999,16.07364,48.61026,2996.27235,1.49609,45.57656,9.846865453333402,3.668216467989674,0.0
18.00803,16.10372,48.72952,2990.44098,1.54689,45.58951,9.64542766897175,3.593175593167868,0.0
18.036,16.13376,48.85229,2984.7101,1.59184,45.60245,9.444007393030306,3.5181412406932613,0.0
18.06392,16.16375,48.9781,2979.08097,1.63093,45.61539,9.243396360744041,3.443408352772693,0.0
18.09177,16.1937,49.1065,2973.5544,1.66416,45.62833,9.044322205610582,3.3692479920292158,0.0
18.11957,16.22359,49.23701,2968.13083,1.69159,45.64127,8.847448104024238,3.2959072091189325,0.0
18.1473,16.25345,49.3692,2962.81032,1.71324,45.65422,8.653373347407477,3.2236092558650173,0.0
18.17499,16.28326,49.50261,2957.59261,1.72921,45.66717,8.462634709359437,3.1525540945565127,0.0
18.20261,16.31303,49.6368,2952.47712,1.73958,45.68012,8.275708477228118,3.082919154762424,0.0
18.23018,16.34276,49.77135,2947.46302,1.74443,45.69308,8.09301302263802,3.0148602909208964,0.0
18.2577,16.37246,49.90584,2942.54921,1.7439,45.70605,7.914911793301342,2.9485128968676095,0.0
18.28517,16.40211,50.03986,2937.73439,1.73809,45.71902,7.741716617975146,2.883993137019278,0.0
18.31258,16.43172,50.17302,2933.01705,1.72715,45.732,7.573691227184046,2.8213992579354863,0.0
18.33995,16.4613,50.30494,2928.39552,1.71122,45.745,7.411054903624028,2.760812948190166,0.0
18.36726,16.49085,50.43524,2923.86799,1.69044,45.758,7.2539861876969045,2.7023007187806716,0.0
18.39453,16.52036,50.56358,2919.43251,1.66496,45.77101,7.102626574834096,2.6459152804781767,0.0
18.42175,16.54983,50.6896,2915.08703,1.63495,45.78404,6.957084151984,2.5916968985148987,0.0
18.44892,16.57928,50.81298,2910.82939,1.60057,45.79708,6.817437130650753,2.539674708733996,0.0
18.47605,16.60869,50.93341,2906.65737,1.56198,45.81014,6.683737242981248,2.4898679827213424,0.0
18.50313,16.63807,51.05058,2902.56868,1.51935,45.82321,6.556012975548781,2.442287332475016,0.0
18.53017,16.66742,51.1642,2898.56097,1.47285,45.83629,6.434272622725651,2.3969358478669363,0.0
18.55716,16.69675,51.274,2894.63187,1.42265,45.8494,6.318507147719384,2.3538101624541348,0.0
18.58411,16.72604,51.37971,2890.77896,1.36892,45.86252,6.208692844642465,2.312901445169773,0.0
18.61102,16.75531,51.4811,2886.99978,1.31183,45.87565,6.104793799416349,2.2741963170746367,0.0
18.63789,16.78455,51.57792,2883.29187,1.25155,45.88881,6.006764150867999,2.2376776936750895,0.0
18.66472,16.81377,51.66995,2879.65275,1.18825,45.90199,5.914550156287278,2.203325554397549,0.0
18.69151,16.84296,51.757,2876.07993,1.1221,45.91518,5.828092067869979,2.171117641612889,0.0
18.71826,16.87212,51.83886,2872.57091,1.05326,45.9284,5.747325828171102,2.1410300922373944,0.0
18.74497,16.90126,51.91535,2869.12319,0.9819,45.94163,5.672184593767708,2.1130380053372635,0.0
18.77165,16.93038,51.98631,2865.73425,0.90819,45.95489,5.602600097122337,2.0871159494585663,0.0
18.79829,16.95948,52.05157,2862.40158,0.83229,45.96817,5.538503856949083,2.0632384135204513,0.0
18.82488,16.98855,52.11099,2859.12267,0.75436,45.98148,5.479828247502762,2.0413802051534966,0.0
18.85145,17.0176,52.16445,2855.89501,0.67456,45.9948,5.426507437009009,2.0215168002896147,0.0
18.87798,17.04663,52.21182,2852.71606,0.59305,46.00815,5.3784782051333675,2.003624647690791,0.0
18.90447,17.07564,52.253,2849.5833,0.50999,46.02152,5.335680648846716,1.9876814319025358,0.0
18.93092,17.10463,52.28789,2846.4942,0.42554,46.03492,5.298058785454897,1.9736662978982813,0.0
18.95735,17.1336,52.3164,2843.4462,0.33984,46.04833,5.265561060799547,1.9615600403975668,0.0
18.98373,17.16255,52.33846,2840.43677,0.25305,46.06178,5.238140769914781,1.9513452605717172,0.0
19.01009,17.19149,52.35401,2837.46331,0.16533,46.07525,5.215756396563126,1.9430064925299158,0.0
19.03641,17.2204,52.36301,2834.52325,0.07683,46.08874,5.198371877237881,1.9365303016670297,0.0
19.06269,17.24929,52.36541,2831.61398,-0.01229,46.10225,5.185956794366133,1.9319053566368136,0.0
19.08895,17.27817,52.36118,2828.73288,-0.1019,46.1158,5.178486502542607,1.929122476377343,0.0
19.11517,17.30702,52.35031,2825.87728,-0.19184,46.12936,5.175942190797331,1.9281746533073565,0.0
19.14135,17.33586,52.33279,2823.0445,-0.28195,46.14295,5.178310883002653,1.9290570534778813,0.0
19.16751,17.36468,52.30864,2820.23182,-0.37209,46.15657,5.185585377692556,1.9317669941533455,0.0
19.19363,17.39349,52.27786,2817.43649,-0.46211,46.17021,5.197764127735242,1.9363038989864452,0.0
19.21972,17.42227,52.24048,2814.65572,-0.55185,46.18388,5.214851059489671,1.9426692306492024,0.0
19.24577,17.45104,52.19654,2811.88668,-0.64116,46.19757,5.2368553302896315,1.9508664004893972,0.0
19.2718,17.47979,52.1461,2809.12649,-0.7299,46.21128,5.263791022349842,1.9609006545025374,0.0
19.29779,17.50852,52.08921,2806.37222,-0.8179,46.22502,5.295676770482575,1.9727789346465054,0.0
19.32375,17.53724,52.02595,2803.62089,-0.90502,46.23879,5.332535320326957,1.9865097142703514,0.0
19.34968,17.56594,51.95639,2800.86949,-0.99109,46.25258,5.37439301320445,2.002102806209401,0.0
19.37557,17.59462,51.88064,2798.11491,-1.07597,46.26639,5.4212791931271695,2.019569141880254,0.0
19.40144,17.62329,51.7988,2795.35403,-1.1595,46.28022,5.473225531061212,2.0389205195510947,0.0
19.42727,17.65193,51.71098,2792.58365,-1.24151,46.29408,5.530265261141982,2.0601693198118043,0.0
19.45306,17.68056,51.61732,2789.8005,-1.32186,46.30797,5.592432323285562,2.0833281861741373,0.0
19.47883,17.70917,51.51796,2787.00128,-1.40037,46.32187,5.659760406538039,2.1084096686941716,0.0
19.50456,17.73776,51.41305,2784.1826,-1.47688,46.3358,5.732281887524408,2.1354258285165995,0.0
19.53026,17.76634,51.30274,2781.34104,-1.55124,46.34975,5.810026658618197,2.164387801337076,0.0
19.55592,17.79489,51.18722,2778.47309,-1.62328,46.36372,5.8930208408966065,2.1953053179441433,0.0
19.58155,17.82343,51.06668,2775.57522,-1.69282,46.37771,5.981285377697036,2.228186180282037,0.0
19.60715,17.85195,50.94131,2772.64383,-1.75971,46.39172,6.074834505562223,2.263035691837512,0.0
19.63272,17.88044,50.81133,2769.67526,-1.82378,46.40576,6.173674100789973,2.2998560416861156,0.0
19.65824,17.90892,50.67695,2766.66583,-1.88486,46.41981,6.2777999014545935,2.3386456421483897,0.0
19.68374,17.93738,50.53841,2763.61182,-1.94277,46.43388,6.387195606967157,2.379398420826064,0.0
19.7092,17.96582,50.39596,2760.50946,-1.99737,46.44797,6.501830859804159,2.4221030687428793,0.0
19.73462,17.99423,50.24986,2757.35498,-2.04847,46.46207,6.6216591170735875,2.4667422474469425,0.0
19.76001,18.02262,50.10037,2754.1446,-2.09591,46.4762,6.746615423164989,2.5132917592642756,0.0
19.78536,18.051,49.94778,2750.87452,-2.13952,46.49033,6.876614098727898,2.5617196863824723,0.0
19.81067,18.07934,49.79238,2747.54097,-2.17916,46.50449,7.011546365772381,2.6119855061381583,0.0
19.83595,18.10767,49.63446,2744.14021,-2.21464,46.51865,7.151277933634472,2.664039191725608,0.0
19.86119,18.13597,49.47435,2740.66852,-2.24584,46.53283,7.295646575913528,2.717820309542148,0.0
19.88639,18.16424,49.31237,2737.12227,-2.27258,46.54703,7.4444597341759895,2.773257126504761,0.0
19.91154,18.19249,49.14886,2733.4979,-2.29473,46.56123,7.597492190051768,2.830265742844735,0.0
19.93666,18.22072,48.98414,2729.79192,-2.31216,46.57545,7.754483853274825,2.8887492680945868,0.0
19.96174,18.24891,48.81858,2726.00101,-2.32473,46.58967,7.915137718930438,2.9485970601089093,0.0
19.98678,18.27708,48.65254,2722.12196,-2.33232,46.6039,8.079118052521059,3.0096840489536616,0.0
20.01178,18.30522,48.48637,2718.15175,-2.33482,46.61815,8.246048866172469,3.0718701692528607,0.0
20.03673,18.33333,48.32046,2714.08754,-2.33214,46.63239,8.415512752951436,3.1349999259412407,0.0
20.06164,18.36141,48.15517,2709.92672,-2.32418,46.64664,8.587050148785755,3.1989021193100444,0.0
20.0865,18.38945,47.9909,2705.66693,-2.31089,46.6609,8.760159092161636,3.263389755487985,0.0
20.11132,18.41747,47.82801,2701.30607,-2.2922,46.67516,8.934295550682208,3.328260168092874,0.0
20.1361,18.44545,47.6669,2696.84237,-2.26808,46.68942,9.108874379986737,3.393295375454263,0.0
20.16082,18.4734,47.50795,2692.27437,-2.2385,46.70368,9.283270974504717,3.4582626955627767,0.0
20.1855,18.50131,47.35155,2687.60098,-2.20347,46.71794,9.456823660602495,3.522915637580197,0.0
20.21013,18.52918,47.19808,2682.82147,-2.16301,46.7322,9.628836870845737,3.5869950843357556,0.0
20.23471,18.55702,47.04791,2677.93554,-2.11716,46.74646,9.798585123340256,3.6502307747352907,0.0
20.25924,18.58481,46.90141,2672.94331,-2.06599,46.76071,9.965317812461619,3.7123430884340767,0.0
20.28372,18.61257,46.75894,2667.84533,-2.00959,46.77495,10.12826479716967,3.7730451276310264,0.0
20.30815,18.64029,46.62087,2662.64264,-1.94807,46.78919,10.28664275083701,3.8320450825468697,0.0
20.33252,18.66796,46.48752,2657.33671,-1.88158,46.80343,10.439662212781185,3.8890488583054315,0.0
20.35684,18.69559,46.35922,2651.92953,-1.81028,46.81765,10.586535257314987,3.9437629318566523,0.0
20.3811,18.72318,46.23629,2646.42354,-1.73437,46.83186,10.726483671947278,3.995897398571584,0.0
20.40531,18.75072,46.11903,2640.8217,-1.65406,46.84607,10.858747513458662,4.04516915960569,0.0
20.42947,18.77821,46.0077,2635.12741,-1.56959,46.86026,10.982593890051973,4.0913051934809825,0.0
20.45356,18.80566,45.90257,2629.34454,-1.48124,46.87443,11.097325800701991,4.134045848976365,0.0
20.4776,18.83306,45.80387,2623.47744,-1.38929,46.8886,11.20229085017028,4.173148091699971,0.0
20.50157,18.86041,45.71182,2617.53084,-1.29406,46.90274,11.296889650950058,4.208388634034688,0.0
20.52549,18.88771,45.62659,2611.5099,-1.19587,46.91688,11.38058372212575,4.239566877671179,0.0
20.54935,18.91495,45.54836,2605.42015,-1.09509,46.93099,11.452902700446103,4.266507599922351,0.0
20.57314,18.94215,45.47725,2599.26744,-0.99207,46.94509,11.513450690750414,4.28906331942421,0.0
20.59688,18.96929,45.41338,2593.05791,-0.88721,46.95917,11.561911601089449,4.307116283608793,0.0
20.62055,18.99638,45.35682,2586.79798,-0.78089,46.97324,11.59805333208022,4.320580029349029,0.0
20.64416,19.02341,45.30763,2580.49425,-0.67352,46.98728,11.621730718963713,4.329400478952672,0.0
20.6677,19.05039,45.26582,2574.15348,-0.5655,47.00131,11.632887157962227,4.333556546023195,0.0
20.69118,19.07731,45.2314,2567.78256,-0.45725,47.01531,11.631554883844494,4.3330602388600985,0.0
20.7146,19.10418,45.20433,2561.38842,-0.34919,47.0293,11.617853902179032,4.32795626269519,0.0
20.73795,19.13099,45.18454,2554.97803,-0.24172,47.04326,11.591989615773668,4.31832113547886,0.0
20.76124,19.15774,45.17196,2548.55831,-0.13525,47.05721,11.554249218822644,4.304261844604996,0.0
20.78447,19.18444,45.16645,2542.13609,-0.03017,47.07113,11.504996963058911,4.285914083428164,0.0
20.80763,19.21108,45.16789,2535.71809,0.07312,47.08504,11.444668426479119,4.263440116212861,0.0
20.83072,19.23766,45.1761,2529.31087,0.17425,47.09892,11.373763936140692,4.237026327952376,0.0
20.85375,19.26418,45.1909,2522.92077,0.27287,47.11279,11.292841311647157,4.20688052112614,0.0
20.87672,19.29065,45.21208,2516.55391,0.36862,47.12664,11.202508104677127,4.173229024720082,0.0
20.89962,19.31706,45.23939,2510.21614,0.46119,47.14046,11.103413512753896,4.1363136818930455,0.0
20.92246,19.34342,45.2726,2503.913,0.55027,47.15427,10.996240142268762,4.096388781486241,0.0
20.94523,19.36971,45.31144,2497.64974,0.63558,47.16806,10.881695787559439,4.053717995513661,0.0
20.96795,19.39595,45.35562,2491.43126,0.71686,47.18184,10.760505379922172,4.008571379957244,0.0
20.99059,19.42214,45.40485,2485.26213,0.79388,47.1956,10.633403244203647,3.961222490143631,0.0
21.01318,19.44827,45.45882,2479.14655,0.86642,47.20934,10.50112578148454,3.911945654851253,0.0
21.0357,19.47434,45.51721,2473.08836,0.93429,47.22306,10.364404675759616,3.8610134456199243,0.0
21.05817,19.50036,45.57969,2467.09106,0.99734,47.23678,10.223960701066353,3.8086943697433107,0.0
21.08057,19.52632,45.64592,2461.15777,1.05542,47.25047,10.080498184236873,3.7552508074983337,0.0
21.10291,19.55224,45.71557,2455.29126,1.10841,47.26416,9.934700157931694,3.7009372065227044,0.0
21.1252,19.5781,45.78829,2449.49396,1.15622,47.27783,9.787224219588865,3.645998539164528,0.0
21.14742,19.6039,45.86374,2443.76793,1.19879,47.2915,9.638699094775452,3.5906690222403044,0.0
21.16959,19.62966,45.94156,2438.11495,1.23605,47.30515,9.489721888424436,3.5351710930483393,0.0
21.19169,19.65536,46.0214,2432.53645,1.26799,47.31879,9.340855994930088,3.479714630824302,0.0
21.21375,19.68102,46.10293,2427.03357,1.29458,47.33243,9.1926296278869,3.424496409030275,0.0
21.23574,19.70663,46.18579,2421.60717,1.31585,47.34605,9.045534922549553,3.369699760997486,0.0
21.25769,19.73219,46.26965,2416.25783,1.33181,47.35968,8.90002755863048,3.3154944394084698,0.0
21.27957,19.7577,46.35416,2410.98589,1.34252,47.37329,8.756526847639448,3.2620366488333645,0.0
21.30141,19.78317,46.439,2405.79145,1.34801,47.3869,8.615416227513844,3.2094692299927083,0.0
21.32319,19.80859,46.52384,2400.67438,1.34838,47.40051,8.477044107275185,3.1579219744142066,0.0
21.34492,19.83396,46.60837,2395.63434,1.34369,47.41412,8.34172500592737,3.107512048702305,0.0
21.3666,19.85929,46.69227,2390.67083,1.33405,47.42772,8.20974093223121,3.0583445085405048,0.0
21.38822,19.88458,46.77524,2385.78314,1.31956,47.44133,8.08134295526443,3.010512883766282,0.0
21.4098,19.90983,46.857,2380.97042,1.30034,47.45493,7.956752919600993,2.9640998173205206,0.0
21.43133,19.93503,46.93725,2376.23168,1.27651,47.46854,7.836165263099868,2.9191777424216525,0.0
21.45281,19.9602,47.01572,2371.56577,1.24821,47.48214,7.71974889977946,2.8758095839859323,0.0
21.47425,19.98532,47.09214,2366.97145,1.21557,47.49575,7.607649134730107,2.834049471982715,0.0
21.49563,20.01041,47.16627,2362.44733,1.17874,47.50937,7.499989582374396,2.7939434560369074,0.0
21.51697,20.03545,47.23786,2357.99196,1.13787,47.52298,7.396874063682505,2.7555302121915934,0.0
21.53827,20.06046,47.30667,2353.60377,1.09312,47.53661,7.298388461835234,2.718841734191345,0.0
21.55952,20.08543,47.37249,2349.28112,1.04463,47.55024,7.204602519594417,2.6839040030499866,0.0
21.58073,20.11037,47.4351,2345.02229,0.99259,47.56387,7.115571564919156,2.65073762988805,0.0
21.60189,20.13527,47.49429,2340.82549,0.93714,47.57751,7.031338154389851,2.6193584681514657,0.0
21.62301,20.16013,47.54989,2336.68887,0.87846,47.59116,6.951933626653614,2.5897781923108525,0.0
21.64409,20.18496,47.60171,2332.61052,0.81672,47.60482,6.87737956036864,2.562004840984156,0.0
21.66512,20.20976,47.64959,2328.58848,0.7521,47.61849,6.807689133131143,2.536043323172691,0.0
21.68612,20.23452,47.69336,2324.62074,0.68475,47.63217,6.74286837945888,2.511895886893097,0.0
21.70707,20.25925,47.73288,2320.70524,0.61487,47.64586,6.682917347315533,2.4895625500131104,0.0
21.72798,20.28395,47.76803,2316.83989,0.54261,47.65955,6.627831153691861,2.469041493483306,0.0
21.74886,20.30862,47.79867,2313.02255,0.46817,47.67326,6.577600940666712,2.4503294174949923,0.0
21.76969,20.33325,47.82469,2309.25104,0.3917,47.68698,6.53221473393827,2.433421861305678,0.0
21.79048,20.35786,47.846,2305.52313,0.3134,47.70071,6.49165820630988,2.4183134876576386,0.0
21.81124,20.38243,47.86249,2301.83659,0.23344,47.71446,6.455915348871423,2.4049983328106337,0.0
21.83196,20.40697,47.87411,2298.18913,0.15199,47.72821,6.424969052768806,2.3934700232663535,0.0
21.85264,20.43149,47.88076,2294.57842,0.06924,47.74198,6.398801604467413,2.3837219602670823,0.0
21.87328,20.45597,47.88241,2291.00211,-0.01465,47.75576,6.377395097371664,2.3757474731348163,0.0
21.89388,20.48043,47.87899,2287.4578,-0.09949,47.76956,6.360731762472319,2.3695399424460812,0.0
21.91445,20.50485,47.87048,2283.94307,-0.1851,47.78337,6.348794220533061,2.365092893978076,0.0
21.93498,20.52925,47.85685,2280.45546,-0.27132,47.79719,6.341565658025223,2.36240006424898,0.0
21.95547,20.55362,47.83808,2276.99247,-0.35795,47.81102,6.339029928780397,2.3614554383862307,0.0
21.97592,20.57796,47.81417,2273.55156,-0.44483,47.82487,6.341171583007382,2.3622532609360967,0.0
21.99634,20.60227,47.78513,2270.13017,-0.53177,47.83873,6.347975825013131,2.3647880201136195,0.0
22.01673,20.62656,47.75097,2266.72569,-0.6186,47.85261,6.359428400704015,2.369054405893876,0.0
22.03707,20.65081,47.71173,2263.33548,-0.70513,47.86649,6.375515415625179,2.375047242226847,0.0
22.05739,20.67504,47.66743,2259.95684,-0.7912,47.8804,6.396223084102332,2.382761393586136,0.0
22.07766,20.69924,47.61812,2256.58707,-0.87663,47.89431,6.421537409815013,2.392191645974105,0.0
22.0979,20.72342,47.56387,2253.22341,-0.96123,47.90824,6.451443797994835,2.4033325624555197,0.0
22.1181,20.74757,47.50475,2249.86306,-1.04482,47.92218,6.485926599388272,2.4161783132716845,0.0
22.13827,20.77168,47.44083,2246.5032,-1.12724,47.93613,6.524968586075524,2.43072248056918,0.0
22.1584,20.79577,47.3722,2243.14096,-1.2083,47.9501,6.5685503593590715,2.44695783782277,0.0
22.1785,20.81984,47.29896,2239.77346,-1.28782,47.96408,6.616649690118217,2.464876104100111,0.0
22.19855,20.84387,47.22122,2236.39775,-1.36563,47.97807,6.6692407923020935,2.484467673418784,0.0
22.21858,20.86788,47.1391,2233.01088,-1.44155,47.99207,6.726293530706399,2.50572131962228,0.0
22.23856,20.89186,47.05274,2229.60987,-1.5154,48.00609,6.787772564677535,2.528623877387267,0.0
22.25851,20.91581,46.96226,2226.19172,-1.58701,48.02011,6.8536364301535375,2.553159900259676,0.0
22.27843,20.93973,46.86782,2222.75339,-1.65621,48.03414,6.923836563266785,2.5793112969210283,0.0
22.29831,20.96362,46.76959,2219.29184,-1.72282,48.04819,6.998316269800791,2.607056947283966,0.0
22.31815,20.98749,46.66772,2215.80404,-1.78667,48.06224,7.077009645940519,2.6363723004433544,0.0
22.33795,21.01132,46.56239,2212.28692,-1.84759,48.0763,7.159840457150886,2.6672289570290255,0.0
22.35771,21.03513,46.4538,2208.73743,-1.90542,48.09038,7.246720983522725,2.699594239066763,0.0
22.37744,21.0589,46.34214,2205.15253,-1.95999,48.10445,7.337550841607943,2.7334307510809053,0.0
22.39713,21.08264,46.22761,2201.52922,-2.01114,48.11854,7.4322157945840726,2.7686959368493325,0.0
22.41679,21.10636,46.11043,2197.86448,-2.05872,48.13263,7.530586564518621,2.8053416369406827,0.0
22.4364,21.13004,45.99082,2194.15538,-2.10258,48.14673,7.632517662546866,2.843313652924805,0.0
22.45597,21.15369,45.86901,2190.399,-2.14257,48.16083,7.737846254794284,2.882551324899022,0.0
22.47551,21.1773,45.74523,2186.59249,-2.17854,48.17494,7.846391084004419,2.922987129766139,0.0
22.49501,21.20089,45.61973,2182.7331,-2.21037,48.18905,7.957951468781469,2.9645463084259744,0.0
22.51446,21.22444,45.49276,2178.81811,-2.23794,48.20316,8.072306404220939,3.0071465307366143,0.0
22.53388,21.24796,45.36457,2174.84495,-2.26111,48.21727,8.189213789373058,3.0506976077242087,0.0
22.55325,21.27144,45.23543,2170.81114,-2.27979,48.23138,8.308409808286397,3.095101261005437,0.0
22.57258,21.29488,45.1056,2166.71432,-2.29388,48.2455,8.429608492353045,3.1402509597495643,0.0
22.59188,21.3183,44.97535,2162.55229,-2.30329,48.25961,8.552501492053901,3.1860318356475608,0.0
22.61112,21.34167,44.84496,2158.323,-2.30793,48.27372,8.676758086080476,3.2323206863102136,0.0
22.63033,21.36501,44.7147,2154.02456,-2.30776,48.28783,8.802025454887822,3.2789860771737906,0.0
22.64949,21.38831,44.58484,2149.6553,-2.30272,48.30193,8.927929244086375,3.3258885513783185,0.0
22.66861,21.41157,44.45568,2145.21372,-2.29278,48.31603,9.054074440510666,3.3728809561262407,0.0
22.68768,21.43479,44.32747,2140.69856,-2.27791,48.33012,9.180046580344793,3.4198088927409347,0.0
22.70671,21.45797,44.20051,2136.10879,-2.25812,48.34421,9.305413304225691,3.4665112959835964,0.0
22.7257,21.4811,44.07507,2131.44363,-2.23342,48.35828,9.429726268873896,3.512821146186008,0.0
22.74463,21.5042,43.95141,2126.70255,-2.20384,48.37235,9.552523418463684,3.5585663153956633,0.0
22.76352,21.52726,43.82981,2121.88529,-2.16943,48.38641,9.673331611791,3.6035705460649594,0.0
22.78236,21.55027,43.71053,2116.9919,-2.13027,48.40046,9.791669593424297,3.6476545578830524,0.0
22.80116,21.57323,43.59382,2112.02268,-2.08644,48.41449,9.907051288610788,3.6906372752151326,0.0
22.8199,21.59616,43.47993,2106.97826,-2.03805,48.42851,10.01898939294392,3.732337164348008,0.0
22.8386,21.61903,43.3691,2101.85956,-1.98523,48.44252,10.12699921901338,3.7725736664684426,0.0
22.85724,21.64186,43.26157,2096.66779,-1.92814,48.45652,10.230602753617621,3.8111687090815782,0.0
22.87584,21.66464,43.15754,2091.40449,-1.86693,48.47049,10.32933287106422,3.847948275576171,0.0
22.89438,21.68737,43.05723,2086.07148,-1.80181,48.48445,10.42273764088118,3.8827440099603914,0.0
22.91287,21.71006,42.96083,2080.6709,-1.73297,48.49839,10.510384662181362,3.915394831526631,0.0
22.93131,21.73269,42.86852,2075.20516,-1.66065,48.51232,10.591865352362186,3.945748532504975,0.0
22.9497,21.75527,42.78047,2069.67696,-1.58508,48.52622,10.666799114986624,3.9736633307085345,0.0
22.96803,21.7778,42.69682,2064.08927,-1.50653,48.54011,10.734837310776078,3.9990093488327787,0.0
22.98631,21.80028,42.61771,2058.4453,-1.42528,48.55397,10.795666956857547,4.02166999252244,0.0
23.00454,21.82271,42.54325,2052.74851,-1.34162,48.56781,10.849014082710285,4.0415432005499445,0.0
23.02271,21.84508,42.47355,2047.00257,-1.25584,48.58163,10.894646676790922,4.058542542510792,0.0
23.04082,21.8674,42.40868,2041.21135,-1.16827,48.59543,10.932377165214659,4.072598142197533,0.0
23.05888,21.88966,42.34871,2035.37888,-1.07923,48.6092,10.962064373253302,4.08365740830938,0.0
23.07688,21.91187,42.29369,2029.50937,-0.98905,48.62295,10.983614931201915,4.091685558174546,0.0
23.09483,21.93402,42.24362,2023.60712,-0.89807,48.63668,10.996984098212723,4.0966659246500265,0.0
23.11272,21.95612,42.19853,2017.67655,-0.80662,48.65038,11.002175990490239,4.098600041130307,0.0
23.13055,21.97816,42.1584,2011.72212,-0.71506,48.66406,10.999243213428784,4.097507504508908,0.0
23.14833,22.00014,42.1232,2005.74838,-0.62371,48.67771,10.988285910251685,4.09342562077144,0.0
23.16605,22.02206,42.09288,1999.75986,-0.53294,48.69134,10.969450252327986,4.086408842598876,0.0
23.18371,22.04393,42.06738,1993.76111,-0.44306,48.70494,10.94292640779292,4.076528012625213,0.0
23.20131,22.06574,42.0466,1987.75661,-0.35441,48.71852,10.908946035419818,4.0638694298388245,0.0
23.21886,22.08749,42.03045,1981.75083,-0.26731,48.73207,10.867779359280933,4.048533759816651,0.0
23.23635,22.10918,42.01882,1975.74812,-0.18209,48.7456,10.819731886562751,4.030634812024037,0.0
23.25378,22.13081,42.01157,1969.75275,-0.09902,48.7591,10.765140835732987,4.010298209212956,0.0
23.27115,22.15239,42.00856,1963.76885,-0.01842,48.77258,10.704371345120292,3.9876599750181976,0.0
23.28847,22.1739,42.00962,1957.80044,0.05945,48.78604,10.63781253273861,3.962865066138269,0.0
23.30573,22.19536,42.01459,1951.85136,0.13433,48.79947,10.565873477223196,3.9360658751283073,0.0
23.32293,22.21676,42.02329,1945.9253,0.20597,48.81288,10.488979186912362,3.9074207287769784,0.0
23.34007,22.23811,42.03551,1940.02574,0.27414,48.82626,10.407566619920884,3.8770924054790963,0.0
23.35716,22.25939,42.05107,1934.156,0.33864,48.83962,10.322080812473079,3.8452466929378253,0.0
23.37419,22.28062,42.06974,1928.31918,0.39927,48.85297,10.232971166348097,3.8120510051403707,0.0
23.39117,22.30179,42.0913,1922.51819,0.45585,48.86629,10.140687939102484,3.7776730748735368,0.0
23.40809,22.3229,42.11555,1916.75573,0.50824,48.87958,10.04567897318188,3.7422797352317683,0.0
23.42495,22.34396,42.14223,1911.03427,0.55629,48.89286,9.948386692354088,3.7060358007094405,0.0
23.44176,22.36496,42.17113,1905.35609,0.59989,48.90612,9.84924538623432,3.6691030556150688,0.0
23.45852,22.38591,42.202,1899.72324,0.63893,48.91937,9.748678796452445,3.631639354855092,0.0
23.47522,22.4068,42.2346,1894.13757,0.67334,48.93259,9.647098011102639,3.593797839560969,0.0
23.49187,22.42763,42.2687,1888.60072,0.70306,48.9458,9.544899667946291,3.555726267734986,0.0
23.50846,22.44841,42.30404,1883.11412,0.72803,48.95899,9.442464461293453,3.5175664580243065,0.0
23.525,22.46914,42.3404,1877.67902,0.74823,48.97216,9.340155942703872,3.4794538429505537,0.0
23.54149,22.48982,42.37752,1872.29645,0.76364,48.98532,9.23831960170995,3.4415171264549245,0.0
0.05123,0.05123,58.84551,5418.87076,-0.45097,45.0001,7.634110777945932,2.8439071303283456,0.0
0.10243,0.10243,58.78508,5414.69721,-0.40111,45.00025,7.6874140951721435,2.8637640184897943,0.0
0.15358,0.15359,58.73182,5410.4833,-0.35056,45.00045,7.733171160452524,2.8808097292475816,0.0
0.2047,0.2047,58.6858,5406.23314,-0.29942,45.0007,7.771166748785134,2.894964085625576,0.0
0.25578,0.25578,58.64708,5401.95099,-0.24782,45.001,7.801227249329577,2.9061624130177517,0.0
0.30681,0.30682,58.61571,5397.64123,-0.19589,45.00135,7.82322263570266,2.914356273175171,0.0
0.35781,0.35782,58.59172,5393.30831,-0.14376,45.00174,7.837067914620855,2.9195140038634118,0.0
0.40876,0.40878,58.57512,5388.95678,-0.09155,45.00219,7.842724023998255,2.9216210534276876,0.0
0.45968,0.4597,58.56589,5384.5912,-0.0394,45.00268,7.840198163382615,2.9206801038889694,0.0
0.51055,0.51058,58.564,5380.21616,0.01256,45.00322,7.829543551899856,2.9167109807719416,0.0
0.56138,0.56141,58.56941,5375.83625,0.06421,45.0038,7.810858621270958,2.9097503524825634,0.0
0.61216,0.61221,58.58205,5371.456,0.11541,45.00444,7.784285663518211,2.8998512265430674,0.0
0.66291,0.66297,58.60184,5367.07992,0.16604,45.00512,7.750008964382121,2.887082254240641,0.0
0.71361,0.71368,58.62867,5362.71239,0.21599,45.00585,7.708252463767783,2.871526859082146,0.0
0.76427,0.76436,58.66244,5358.35772,0.26512,45.00663,7.659276993500169,2.853282207785282,0.0
0.81489,0.81499,58.70301,5354.02008,0.31333,45.00745,7.603377149986749,2.832458045263131,0.0
0.86547,0.86559,58.75022,5349.7035,0.3605,45.00833,7.540877864926219,2.809175417122923,0.0
0.916,0.91614,58.80393,5345.41183,0.40654,45.00925,7.472130740852721,2.7835653045598474,0.0
0.96649,0.96666,58.86395,5341.14878,0.45134,45.01022,7.397510220072741,2.7557671971852384,0.0
1.01694,1.01714,58.93009,5336.91784,0.49482,45.01123,7.317409655394794,2.7259276292700036,0.0
1.06735,1.06757,59.00215,5332.7223,0.53688,45.0123,7.232237349273851,2.6941987042217055,0.0
1.11772,1.11797,59.07992,5328.56525,0.57744,45.01341,7.142412624533431,2.6607366308251503,0.0
1.16804,1.16833,59.16318,5324.44955,0.61644,45.01458,7.0483619851316925,2.625700293026747,0.0
1.21833,1.21866,59.25169,5320.37786,0.65381,45.01579,6.950515419588254,2.589249872863732,0.0
1.26857,1.26894,59.34523,5316.35259,0.68949,45.01705,6.8493028930272235,2.5515455436579004,0.0
1.31878,1.31919,59.44353,5312.37593,0.72342,45.01835,6.7451510666371535,2.512746247928119,0.0
1.36894,1.3694,59.54636,5308.44987,0.75557,45.01971,6.638480275782794,2.473008571657445,0.0
1.41907,1.41958,59.65345,5304.57615,0.78588,45.02112,6.529701790522661,2.432485723763843,0.0
1.46916,1.46972,59.76454,5300.75629,0.81434,45.02257,6.419215374916027,2.3913266268778175,0.0
1.5192,1.51983,59.87937,5296.99163,0.84091,45.02408,6.307407154474405,2.3496751229119806,0.0
1.56922,1.5699,59.99767,5293.28327,0.86557,45.02563,6.194647794694198,2.3076692945165393,0.0
1.61919,1.61994,60.11917,5289.63214,0.88832,45.02724,6.081290987700618,2.2654409013143333,0.0
1.66913,1.66994,60.2436,5286.03894,0.90914,45.0289,5.967672238966699,2.2231149279217495,0.0
1.71903,1.71992,60.3707,5282.50423,0.92803,45.0306,5.854107941677389,2.1808092391249865,0.0
1.76889,1.76986,60.50019,5279.02839,0.94499,45.03236,5.740894722758357,2.13863433625858,0.0
1.81872,1.81977,60.6318,5275.61162,0.96003,45.03417,5.628309041768528,2.0966932077823173,0.0
1.86851,1.86965,60.76527,5272.25398,0.97316,45.03602,5.516607021816058,2.0550812662929925,0.0
1.91827,1.9195,60.90035,5268.95539,0.9844,45.03793,5.406024490277061,2.0138863636932,0.0
1.968,1.96933,61.03675,5265.71565,0.99376,45.0399,5.296777206352528,1.973188875962273,0.0
2.01769,2.01912,61.17424,5262.53441,1.00128,45.04191,5.189061252334396,1.9330618489131965,0.0
2.06735,2.06889,61.31255,5259.41124,1.00696,45.04397,5.083053565721773,1.8935711964198927,0.0
2.11698,2.11863,61.45144,5256.3456,1.01085,45.04609,4.978912590052063,1.8547759428689443,0.0
2.16658,2.16834,61.59067,5253.33685,1.01298,45.04826,4.876779023316193,1.8167285019639594,0.0
2.21614,2.21803,61.72998,5250.38427,1.01337,45.05048,4.7767766441083035,1.7794749844880657,0.0
2.26568,2.26769,61.86916,5247.48708,1.01207,45.05276,4.679013197118923,1.7430555281734192,0.0
2.31518,2.31733,62.00797,5244.64442,1.0091,45.05509,4.583581321163391,1.7075046434162064,0.0
2.36466,2.36694,62.14618,5241.85538,1.00452,45.05747,4.49055950458808,1.6728515691906056,0.0
2.4141,2.41653,62.28358,5239.119,0.99836,45.05991,4.40001305456001,1.6391206341346651,0.0
2.46352,2.4661,62.41997,5236.43427,0.99065,45.06239,4.311995068416845,1.6063316184037408,0.0
2.51289,2.51566,62.5541,5233.80191,0.96659,45.1081,4.227155143209005,1.5747265139910411,37.99999935178988
2.5622,2.56524,62.68479,5231.22212,0.94139,45.15304,4.146073549798164,1.5445214870603836,37.99999935178988
2.61144,2.61484,62.81189,5228.69311,0.91509,45.19726,4.068678090350021,1.5156896420188537,37.99999935178988
2.66062,2.66445,62.93526,5226.21311,0.88773,45.24079,3.9948971646895592,1.4882043059173427,37.99999935178988
2.70974,2.71408,63.05476,5223.78038,0.85937,45.28367,3.924658400573846,1.4620385181911297,37.99999935178988
2.7588,2.76372,63.17026,5221.3932,0.83005,45.32593,3.857889244195123,1.4371652506378194,37.99999935178988
2.8078,2.81337,63.28164,5219.04989,0.79981,45.36761,3.794517487863616,1.413557603993072,37.99999935178988
2.85674,2.86304,63.38878,5216.7488,0.7687,45.40873,3.7344717397094027,1.3911889829069093,37.99999935178988
2.90563,2.91273,63.49157,5214.48829,0.73677,45.44934,3.677681840115954,1.370033251076162,37.99999935178988
2.95446,2.96243,63.5899,5212.26679,0.70405,45.48947,3.624079229442922,1.3500648682308891,37.99999935178988
3.00323,3.01215,63.68367,5210.0827,0.67058,45.52914,3.5735972714173205,1.3312590106060966,37.99999935178988
3.05195,3.06188,63.7728,5207.9345,0.63642,45.56839,3.526171536342462,1.3135916764445215,37.99999935178988
3.10061,3.11162,63.85718,5205.82065,0.60159,45.60724,3.4817400480596574,1.297039777996361,37.99999935178988
3.14923,3.16138,63.93675,5203.73968,0.56613,45.64573,3.4402434983417445,1.2815812213865039,37.99999935178988
3.19778,3.21116,64.01141,5201.69009,0.53009,45.68389,3.4016254321709756,1.2671949756354182,37.99999935178988
3.24629,3.26095,64.08109,5199.67045,0.4935,45.72174,3.36583240707863,1.25386113201735,37.99999935178988
3.29474,3.31075,64.14574,5197.67932,0.45639,45.75931,3.3328141295111373,1.2415609548602902,37.99999935178988
3.34315,3.36057,64.20528,5195.71529,0.41882,45.79663,3.3025235709160987,1.2302769247910752,37.99999935178988
3.3915,3.4104,64.25966,5193.77696,0.3808,45.83373,3.2749170660245404,1.2199927753481101,37.99999935178988
3.4398,3.46025,64.30882,5191.86294,0.34237,45.87064,3.249954395575519,1.2106935237984608,37.99999935178988
3.48806,3.51012,64.35272,5189.97188,0.30358,45.90737,3.227598855506067,1.2023654969129296,37.99999935178988
3.53626,3.56,64.3913,5188.10241,0.26445,45.94396,3.20781731442139,1.1949963523752165,37.99999935178988
3.58441,3.60989,64.42454,5186.25318,0.22502,45.98043,3.1905802609644036,1.1885750964283173,37.99999935178988
3.63252,3.65981,64.4524,5184.42284,0.18532,46.01681,3.1758618425023846,1.1830920982863182,37.99999935178988
3.68057,3.70973,64.47484,5182.61007,0.14538,46.05312,3.1636398963726258,1.1785391017742266,37.99999935178988
3.72858,3.75967,64.49184,5180.81352,0.10524,46.08939,3.153895974753331,1.1749092345930314,37.99999935178988
3.77654,3.80963,64.50338,5179.03186,0.06493,46.12565,3.1466153640481958,1.172197015540972,37.99999935178988
3.82445,3.85961,64.50944,5177.26376,0.02448,46.16191,3.141787099527517,1.1703983599677337,37.99999935178988
3.87232,3.9096,64.51001,5175.50788,-0.01607,46.19821,3.1394039757922436,1.169510583672585,37.99999935178988
3.92013,3.9596,64.50508,5173.76288,-0.0567,46.23456,3.139462553493146,1.1695324054074434,37.99999935178988
3.9679,4.00963,64.49465,5172.0274,-0.09737,46.271,3.1419631625733393,1.1704639480848003,37.99999935178988
4.01562,4.05967,64.47872,5170.3001,-0.13805,46.30754,3.146909902172316,1.1723067387419712,37.99999935178988
4.0633,4.10972,64.45728,5168.57959,-0.17871,46.34422,3.1543106371579754,1.175063707249186,37.99999935178988
4.11092,4.1598,64.43036,5166.8645,-0.21931,46.38106,3.1641769911409128,1.1787391837072272,37.99999935178988
4.1585,4.20989,64.39796,5165.15342,-0.25982,46.41808,3.176524335649418,1.1833388944148322,37.99999935178988
4.20603,4.26,64.3601,5163.44495,-0.30022,46.45531,3.1913717750078963,1.1888699562355063,37.99999935178988
4.25351,4.31012,64.3168,5161.73763,-0.34046,46.49278,3.2087421263125178,1.195340869137927,37.99999935178988
4.30094,4.36027,64.26809,5160.03001,-0.38051,46.53051,3.228661893729834,1.2027615066215018,37.99999935178988
4.34833,4.41043,64.21401,5158.32061,-0.42035,46.56852,3.2511612361952027,1.2111431036831806,37.99999935178988
4.39566,4.46061,64.15457,5156.60791,-0.45993,46.60685,3.2762739274082877,1.2204982419147277,37.99999935178988
4.44295,4.51081,64.08984,5154.89039,-0.49922,46.64552,3.3040373068621594,1.2308408312597725,37.99999935178988
4.49019,4.56102,64.01985,5153.16646,-0.53819,46.68456,3.33449222044555,1.2421860878865885,37.99999935178988
4.53737,4.61126,63.94465,5151.43454,-0.5768,46.724,3.367682948990722,1.2545505075702923,37.99999935178988
4.58451,4.66152,63.86429,5149.69297,-0.61501,46.76386,3.4036571229112385,1.2679518338931668,37.99999935178988
4.6316,4.71179,63.77884,5147.94009,-0.6528,46.80418,3.4424656209087576,1.28240902051028,37.99999935178988
4.67863,4.76209,63.68836,5146.1742,-0.69011,46.84498,3.484162450482348,1.297942186636057,37.99999935178988
4.72561,4.8124,63.59291,5144.39352,-0.72692,46.8863,3.5288046077806166,1.3145725648355129,37.99999935178988
4.77254,4.86274,63.49259,5142.59628,-0.76318,46.92816,3.5764519140979774,1.3323224401148106,37.99999935178988
4.81942,4.9131,63.38745,5140.78063,-0.79885,46.9706,3.6271668261020613,1.3512150792259758,37.99999935178988
4.86625,4.96348,63.27759,5138.94469,-0.8339,47.01365,3.6810142166530313,1.3712746490163272,37.99999935178988
4.91301,5.01388,63.16311,5137.08652,-0.86828,47.05735,3.7380611228405423,1.3925261225656125,37.99999935178988
4.95973,5.0643,63.04409,5135.20415,-0.90195,47.10172,3.7983764576603325,1.4149951717779554,37.99999935178988
5.00639,5.11474,62.92064,5133.29555,-0.93487,47.1468,3.8620306815392857,1.4387080450162946,37.99999935178988
5.05299,5.16521,62.79286,5131.35864,-0.96699,47.19263,3.9290954297318494,1.4636914282977496,37.99999935178988
5.09953,5.21569,62.66088,5129.39129,-0.99826,47.23924,3.999643091439883,1.4899722885046867,37.99999935178988
5.14602,5.26621,62.52481,5127.3913,-1.02865,47.28667,4.07374633638546,1.5175776970206338,37.99999935178988
5.19244,5.31674,62.38478,5125.35645,-1.05811,47.33496,4.151477584467532,1.5465346321634335,37.99999935178988
5.23881,5.3673,62.24092,5123.28445,-1.08658,47.38415,4.232908414092599,1.5768697587728473,37.99999935178988
5.28511,5.41788,62.09336,5121.17296,-1.11402,47.43427,4.318108904809768,1.6086091833248215,37.99999935178988
5.33135,5.46849,61.94227,5119.01958,-1.14037,47.48536,4.407146909975134,1.6417781829798317,37.99999935178988
5.37752,5.51912,61.78778,5116.82188,-1.1656,47.53748,4.500087255367328,1.6764009070460861,37.99999935178988
5.42363,5.56978,61.63006,5114.57737,-1.18964,47.59065,4.596990860007049,1.7125000494616704,37.99999935178988
5.46967,5.62046,61.46928,5112.28351,-1.21244,47.64493,4.697913775850236,1.7500964910549894,37.99999935178988
5.51565,5.67117,61.3056,5109.93772,-1.23396,47.70035,4.802906143629976,1.7892089105683981,37.99999935178988
5.56155,5.7219,61.13921,5107.53739,-1.25413,47.75695,4.912011062877843,1.829853363711426,37.99999935178988
5.60738,5.77267,60.9703,5105.07987,-1.2729,47.81479,5.025263375082987,1.872042829855516,37.99999935178988
5.65314,5.82345,60.79906,5102.56246,-1.29023,47.87391,5.142688360128508,1.9157867264222763,37.99999935178988
5.69883,5.87427,60.62569,5099.98246,-1.30604,47.93435,5.264300347490865,1.9610903915187194,37.99999935178988
5.74444,5.92512,60.4504,5097.33715,-1.32029,47.99615,5.390101245334601,2.0079545359863435,37.99999935178988
5.78997,5.97599,60.27341,5094.62379,-1.33293,48.05937,5.520078992479407,2.056374666718136,37.99999935178988
5.83542,6.02689,60.09494,5091.83963,-1.34389,48.12404,5.654205940390276,2.10634048390733,37.99999935178988
5.88078,6.07782,59.91523,5088.98194,-1.35313,48.19022,5.79243717469982,2.1578352557703044,37.99999935178988
5.92607,6.12878,59.73451,5086.04799,-1.36058,48.25794,5.934708788482978,2.210835175295982,37.99999935178988
5.97127,6.17977,59.55302,5083.03511,-1.3662,48.32726,6.080936122359351,2.265308704637642,37.99999935178988
6.01638,6.2308,59.37101,5079.94064,-1.36994,48.39821,6.231011989679711,2.321215913948197,37.99999935178988
6.0614,6.28185,59.18876,5076.76198,-1.37173,48.47084,6.384804908320087,2.378507822676963,37.99999935178988
6.10633,6.33293,59.0065,5073.4966,-1.37155,48.54518,6.5421573640530655,2.4371257526297825,37.99999935178988
6.15116,6.38405,58.82453,5070.14206,-1.36933,48.62128,6.702884133971419,2.4970007034002024,37.99999935178988
6.1959,6.43519,58.64311,5066.69601,-1.36503,48.69917,6.866770701866985,2.558052762056423,37.99999935178988
6.24053,6.48637,58.46253,5063.15622,-1.35861,48.7789,7.033571800817604,2.6201905602165776,37.99999935178988
6.28507,6.53759,58.28307,5059.52061,-1.35004,48.86048,7.2030101212695925,2.6833107927754676,37.99999935178988
6.3295,6.58883,58.10501,5055.78723,-1.33929,48.94395,7.374775225566706,2.747297813538033,37.99999935178988
6.37382,6.64011,57.92866,5051.95432,-1.32631,49.02934,7.548522711979411,2.812023323798269,37.99999935178988
6.41804,6.69142,57.75431,5048.02032,-1.31109,49.11667,7.72387367267058,2.877346170417181,37.99999935178988
6.46214,6.74277,57.58225,5043.98387,-1.2936,49.20596,7.900414490460021,2.943112270112223,37.99999935178988
6.50613,6.79415,57.41279,5039.84386,-1.27384,49.29722,8.077697018743478,3.009154676481863,37.99999935178988
6.55,6.84557,57.24623,5035.59942,-1.25179,49.39047,8.255239187021248,3.0752938055809262,37.99999935178988
6.59375,6.89702,57.08287,5031.24998,-1.22745,49.4857,8.432526071330548,3.141337834684807,37.99999935178988
6.63738,6.94851,56.923,5026.79526,-1.20083,49.58292,8.609011464126635,3.2070832871115056,37.99999935178988
6.68088,7.00003,56.76693,5022.23528,-1.17193,49.68212,8.784119971933043,3.2723158136515247,37.99999935178988
6.72425,7.05159,56.61495,5017.57041,-1.14079,49.78328,8.957249661087967,3.336811178178013,37.99999935178988
6.7675,7.10318,56.46734,5012.80136,-1.10743,49.8864,9.127775262492257,3.4003364514997183,37.99999935178988
6.81061,7.15481,56.32439,5007.92922,-1.07188,49.99143,9.295051935218707,3.462651413404469,37.99999935178988
6.85358,7.20647,56.18638,5002.95542,-1.03419,50.09836,9.458419576558974,3.5235101582650614,37.99999935178988
6.89642,7.25817,56.05359,4997.88181,-0.99442,50.20713,9.61720765268078,3.5826628945861634,37.99999935178988
6.93912,7.30991,55.92626,4992.71062,-0.95263,50.31771,9.770740509936868,3.6398579236066575,37.99999935178988
6.98167,7.36168,55.80464,4987.44446,-0.90889,50.43004,9.918343112403804,3.694843776683796,37.99999935178988
7.02408,7.41349,55.68899,4982.08636,-0.86329,50.54406,10.059347136894303,3.7473714858456773,37.99999935178988
7.06634,7.46533,55.57953,4976.63973,-0.81592,50.65969,10.193097342968374,3.797196956787988,37.99999935178988
7.10845,7.51721,55.47646,4971.10836,-0.76687,50.77687,10.318958123044984,3.8440834089629554,37.99999935178988
7.15041,7.56912,55.37999,4965.49643,-0.71626,50.89551,10.436320126912431,3.887803843383748,37.99999935178988
7.19221,7.62107,55.2903,4959.80845,-0.6642,51.01552,10.544606846513332,3.9281434956301524,37.99999935178988
7.23386,7.67305,55.20756,4954.04932,-0.61083,51.13681,10.643281041201696,3.964902229425886,37.99999935178988
7.27535,7.72507,55.13191,4948.22421,-0.55626,51.25927,10.731850881153736,3.9978968252207627,37.99999935178988
7.31669,7.77712,55.06348,4942.33861,-0.50065,51.3828,10.809875687490088,4.026963118537264,37.99999935178988
7.35786,7.82921,55.00238,4936.39829,-0.44413,51.50729,10.876971152258358,4.051957944551372,37.99999935178988
7.39887,7.88132,54.94871,4930.40922,-0.38685,51.63262,10.932813929563604,4.072760848409477,37.99999935178988
7.43971,7.93347,54.90254,4924.37761,-0.32898,51.75867,10.977145500737876,4.08927552510573,37.99999935178988
7.4804,7.98566,54.8639,4918.30981,-0.27067,51.88532,11.009775231306156,4.101430958282297,37.99999935178988
7.52092,8.03787,54.83284,4912.2123,-0.21208,52.01245,11.030582554953302,4.109182233814493,37.99999935178988
7.56127,8.09012,54.80935,4906.09165,-0.15337,52.13993,11.03951823939926,4.112511011382621,37.99999935178988
7.60146,8.14239,54.79343,4899.95449,-0.09471,52.26763,11.03660471025088,4.1114256451152835,37.99999935178988
7.64149,8.1947,54.78504,4893.80745,-0.03625,52.39542,11.021935430667284,4.105960952498418,37.99999935178988
7.68134,8.24703,54.78412,4887.65713,0.02183,52.52318,10.995673356504264,4.096177638875935,37.99999935178988
7.72103,8.29939,54.7906,4881.51005,0.07938,52.65079,10.95804850754864,4.082161392670608,37.99999935178988
7.76056,8.35178,54.80437,4875.37265,0.13624,52.77812,10.909354714795407,4.064021673659234,37.99999935178988
7.79992,8.4042,54.82534,4869.2512,0.19227,52.90505,10.849945620950214,4.041890223054565,37.99999935178988
7.83912,8.45664,54.85335,4863.15182,0.2473,53.03147,10.780230025783773,4.015919329527357,37.99999935178988
7.87815,8.50911,54.88825,4857.0804,0.30121,53.15726,10.700666679303646,3.9862798895258726,37.99999935178988
7.91702,8.56161,54.92989,4851.0426,0.35385,53.28232,10.6117586336917,3.9531593032239534,37.99999935178988
7.95573,8.61413,54.97807,4845.04385,0.40509,53.40655,10.514047269438663,3.9167592490989733,37.99999935178988
7.99428,8.66667,55.03258,4839.08927,0.45482,53.52985,10.408106112242134,3.8772933805636587,37.99999935178988
8.03267,8.71924,55.09323,4833.18369,0.50292,53.65213,10.294534555052163,3.8349849872628803,37.99999935178988
8.0709,8.77182,55.15978,4827.33162,0.54929,53.7733,10.173951594551346,3.790064661747688,37.99999935178988
8.10897,8.82443,55.23198,4821.53726,0.59382,53.89329,10.046989683813942,3.742768009429083,37.99999935178988
8.14689,8.87706,55.3096,4815.80447,0.63643,54.01203,9.914288793072009,3.6933334360571397,37.99999935178988
8.18466,8.92972,55.39237,4810.13678,0.67704,54.12946,9.77649075926351,3.6420000427789967,37.99999935178988
8.22228,8.98239,55.48003,4804.53737,0.71559,54.24551,9.634233992614238,3.589005654201343,37.99999935178988
8.25974,9.03508,55.57229,4799.00908,0.752,54.36013,9.488148595485246,3.534585000032663,37.99999935178988
8.29706,9.08778,55.66889,4793.55443,0.78623,54.47329,9.338851935603635,3.4789680659952245,37.99999935178988
8.33424,9.14051,55.76952,4788.1756,0.81823,54.58494,9.186944702898947,3.4223786248928842,37.99999935178988
8.37127,9.19325,55.87392,4782.87446,0.84796,54.69506,9.033007466978603,3.365032954180113,37.99999935178988
8.40816,9.24602,55.98177,4777.65256,0.8754,54.80361,8.87759774091163,3.3071387421441747,37.99999935178988
8.44491,9.29879,56.0928,4772.51115,0.90053,54.91059,8.72124754688157,3.2488941810467855,37.99999935178988
8.48152,9.35159,56.2067,4767.45121,0.92333,55.01598,8.564461470321396,3.19048724223817,37.99999935178988
8.518,9.4044,56.32317,4762.47344,0.9438,55.11977,8.407715181711104,3.132095125487769,37.99999935178988
8.55435,9.45722,56.44194,4757.57827,0.96194,55.22195,8.25145439902762,3.0738838724695343,37.99999935178988
8.59056,9.51006,56.56269,4752.7659,0.97775,55.32254,8.096094259192249,3.01600813260956,37.99999935178988
8.62665,9.56291,56.68514,4748.03632,0.99125,55.42154,7.942019063351209,2.9586110681963866,37.99999935178988
8.66261,9.61578,56.80901,4743.38927,1.00246,55.51896,7.78958235872074,2.9018243848704475,37.99999935178988
8.69845,9.66866,56.93401,4738.82434,1.01141,55.61481,7.639107318535473,2.8457684731648456,37.99999935178988
8.73417,9.72156,57.05986,4734.34091,1.01811,55.70912,7.490887381562327,2.7905526467410944,37.99999935178988
8.76976,9.77447,57.18629,4729.93821,1.0226,55.80191,7.345187113264856,2.7362754631955055,37.99999935178988
8.80524,9.82739,57.31302,4725.61532,1.02491,55.8932,7.202243252091854,2.6830251138292174,37.99999935178988
8.84061,9.88032,57.43978,4721.37118,1.0251,55.98303,7.062265906230893,2.63087986947038,37.99999935178988
8.87586,9.93327,57.56633,4717.20461,1.02319,56.07141,6.92543986847301,2.5799085702958457,37.99999935178988
8.911,9.98623,57.69241,4713.11433,1.01923,56.15839,6.7919260193959685,2.530171148553854,37.99999935178988
8.94603,10.0392,57.81776,4709.09896,1.01327,56.24399,6.661862791866396,2.481719174129611,37.99999935178988
8.98095,10.09218,57.94215,4705.15704,1.00536,56.32826,6.535367672674018,2.434596413943555,37.99999935178988
9.01576,10.14517,58.06535,4701.28703,0.99555,56.41123,6.412538719987624,2.388839397243623,37.99999935178988
9.05048,10.19818,58.18713,4697.48733,0.98389,56.49294,6.293456078108599,2.344477979890807,37.99999935178988
9.08508,10.2512,58.30727,4693.75629,0.97044,56.57343,6.178183473686678,2.30153590173888,37.99999935178988
9.11959,10.30423,58.42555,4690.09221,0.95525,56.65274,6.066769680129958,2.2600313321656653,37.99999935178988
9.154,10.35727,58.54177,4686.49336,0.93837,56.73091,5.959249939268204,2.219977399680018,37.99999935178988
9.18831,10.41032,58.65574,4682.95797,0.91986,56.80798,5.855647331528072,2.1813827023481505,37.99999935178988
9.22253,10.46338,58.76725,4679.48425,0.89978,56.88399,5.755974087850949,2.1442517965175445,37.99999935178988
9.25665,10.51645,58.87613,4676.0704,0.87819,56.95899,5.660232838328962,2.1085856619667194,37.99999935178988
9.29068,10.56954,58.9822,4672.7146,0.85513,57.03302,5.56841779409549,2.074382142190544,37.99999935178988
9.32461,10.62263,59.08528,4669.41501,0.83067,57.10612,5.480515860368584,2.041636359038199,37.99999935178988
9.35846,10.67574,59.18523,4666.1698,0.80486,57.17833,5.396507679699823,2.010341101350823,37.99999935178988
9.39222,10.72886,59.28187,4662.97714,0.77776,57.24969,5.316368605474069,1.9804871876157824,37.99999935178988
9.42591,10.78197,59.37633,4659.83274,0.77004,57.26033,5.239137094004353,1.951716417509947,0.0
9.45958,10.83505,59.46969,4656.73309,0.76083,57.27101,5.163915868818652,1.923694531938723,0.0
9.49321,10.88811,59.56177,4653.67741,0.75015,57.28172,5.090778355032486,1.8964488836895725,0.0
9.5268,10.94115,59.65241,4650.66488,0.73806,57.29247,5.0197870240301,1.8700027449968475,0.0
9.56037,10.99417,59.74143,4647.69464,0.72458,57.30325,4.950996117080656,1.844376322160485,0.0
9.59391,11.04716,59.82868,4644.76579,0.70975,57.31407,4.884452249974093,1.8195869807887717,0.0
9.62741,11.10013,59.91399,4641.8774,0.69363,57.32492,4.820195010921191,1.7956494685318518,0.0
9.66088,11.15308,59.99721,4639.0285,0.67625,57.33581,4.758257547373539,1.772576133687605,0.0
9.69433,11.20601,60.0782,4636.21809,0.65766,57.34674,4.698667138072557,1.7503771383049571,0.0
9.72774,11.25891,60.15681,4633.44517,0.63789,57.3577,4.641445747297752,1.7290606646559383,0.0
9.76112,11.3118,60.23291,4630.70869,0.617,57.3687,4.58661055887066,1.7086331141662054,0.0
9.79447,11.36467,60.30636,4628.00759,0.59502,57.37974,4.534174487978967,1.6890992980829895,0.0
9.82779,11.41752,60.37705,4625.3408,0.572,57.39081,4.4841466693983385,1.670462619350578,0.0
9.86109,11.47035,60.44485,4622.70723,0.54799,57.40192,4.436532921065615,1.6527252453035213,0.0
9.89435,11.52316,60.50965,4620.10577,0.52303,57.41307,4.391336182366646,1.6358882709403895,0.0
9.92759,11.57595,60.57134,4617.5353,0.49716,57.42426,4.3485569267905735,1.6199518726483457,0.0
9.96079,11.62873,60.62981,4614.9947,0.47044,57.43548,4.308193548884859,1.604915452354077,0.0
9.99397,11.68148,60.68498,4612.48283,0.4429,57.44674,4.270242725666279,1.5907777721589007,0.0
10.02712,11.73423,60.73675,4609.99854,0.41459,57.45804,4.234699752832795,1.5775370795865291,0.0
10.06024,11.78695,60.78503,4607.54067,0.38555,57.46937,4.201558856268987,1.5651912236270418,0.0
10.09333,11.83966,60.82973,4605.10807,0.35583,57.48074,4.17081347943816,1.5537377617980082,0.0
10.1264,11.89235,60.8708,4602.69955,0.32548,57.49215,4.142456547358284,1.543174058482467,0.0
10.15944,11.94503,60.90815,4600.31395,0.29454,57.5036,4.116480707901058,1.5334973748191802,0.0
10.19245,11.99769,60.94173,4597.95007,0.26305,57.51509,4.092878551191664,1.524704950434813,0.0
10.22543,12.05034,60.97146,4595.60673,0.23106,57.52661,4.071642807882328,1.516794077306051,0.0
10.25839,12.10298,60.99731,4593.28273,0.19861,57.53817,4.052766527094565,1.509762166047771,0.0
10.29131,12.15559,61.01921,4590.97685,0.16575,57.54977,4.03624323476806,1.5036068049021611,0.0
10.32422,12.2082,61.03714,4588.68789,0.13252,57.56141,4.022067073138899,1.4983258116980378,0.0
10.35709,12.26079,61.05104,4586.41461,0.09896,57.57309,4.010232922009884,1.4939172790272233,0.0
10.38994,12.31337,61.06089,4584.1558,0.06512,57.5848,4.0007365024137735,1.490379612861835,0.0
10.42276,12.36593,61.06666,4581.91021,0.03105,57.59656,3.993574463216884,1.4877115648164008,0.0
10.45555,12.41848,61.06834,4579.67659,-0.00322,57.60835,3.9887444511047416,1.4859122582193605,0.0
10.48832,12.47102,61.06589,4577.45368,-0.03764,57.62018,3.986245164359989,1.4849812081467482,0.0
10.52106,12.52354,61.05931,4575.24021,-0.07217,57.63205,3.986076390698959,1.4849183355173121,0.0
10.55378,12.57605,61.0486,4573.0349,-0.10676,57.64395,3.98823902939554,1.4857239753342377,0.0
10.58647,12.62855,61.03375,4570.83646,-0.14136,57.65589,3.9927350978069303,1.4873988791161603,0.0
10.61913,12.68104,61.01477,4568.64358,-0.17594,57.66788,3.999567722326472,1.48994421152686,0.0
10.65176,12.73351,60.99166,4566.45495,-0.21045,57.6799,4.008741113704039,1.4933615411814571,0.0
10.68437,12.78597,60.96445,4564.26922,-0.24485,57.69195,4.020260526585073,1.4976528255736365,0.0
10.71695,12.83842,60.93316,4562.08506,-0.27909,57.70405,4.034132203022738,1.5028203900324404,0.0
10.74951,12.89086,60.8978,4559.9011,-0.31312,57.71618,4.050363299648539,1.508866900591406,0.0
10.78204,12.94328,60.85841,4557.71596,-0.34691,57.72836,4.068961798091922,1.5157953306175116,0.0
10.81454,12.99569,60.81502,4555.52826,-0.3804,57.74057,4.089936398168913,1.5236089210211332,0.0
10.84702,13.04809,60.76769,4553.33658,-0.41356,57.75281,4.113296393299785,1.532311133845846,0.0
10.87947,13.10048,60.71644,4551.13949,-0.44634,57.7651,4.139051527545274,1.5419055990106576,0.0
10.91189,13.15285,60.66135,4548.93556,-0.47868,57.77742,4.167211833605629,1.552396053960385,0.0
10.94429,13.20522,60.60245,4546.72332,-0.51056,57.78978,4.197787451086755,1.563786275965018,0.0
10.97666,13.25757,60.53982,4544.5013,-0.54191,57.80218,4.230788424320558,1.5760800068024736,0.0
11.009,13.3099,60.47353,4542.268,-0.5727,57.81461,4.2662244790013775,1.5892808695497924,0.0
11.04132,13.36223,60.40364,4540.0219,-0.60288,57.82708,4.304104776930111,1.603392277218869,0.0
11.07361,13.41454,60.33025,4537.7615,-0.6324,57.83959,4.344437648162271,1.618417332974559,0.0
11.10587,13.46684,60.25342,4535.48523,-0.66122,57.85213,4.387230299948923,1.6343587217075197,0.0
11.13811,13.51913,60.17325,4533.19153,-0.68928,57.86471,4.432488501884706,1.6512185927435596,0.0
11.17032,13.5714,60.08985,4530.87885,-0.71655,57.87733,4.480216246833809,1.6689984335296488,0.0
11.2025,13.62366,60.0033,4528.54558,-0.74298,57.88998,4.53041538732536,1.6876989341816304,0.0
11.23465,13.67591,59.91372,4526.19013,-0.76851,57.90267,4.583085247285813,1.7073198428443195,0.0
11.26677,13.72814,59.82122,4523.81089,-0.7931,57.9154,4.638222209190255,1.7278598118945034,0.0
11.29887,13.78036,59.72591,4521.40624,-0.81671,57.92816,4.695819276984402,1.7493162351178841,0.0
11.33094,13.83256,59.62792,4518.97456,-0.83929,57.94096,4.755865615415669,1.7716850760977811,0.0
11.36298,13.88475,59.52737,4516.5142,-0.86078,57.95379,4.8183460667662885,1.794960688185502,0.0
11.39499,13.93692,59.42441,4514.02355,-0.88116,57.96665,4.883240646379673,1.8191356265706407,0.0
11.42697,13.98908,59.31916,4511.50097,-0.90036,57.97955,4.950524018816744,1.844200453135524,0.0
11.45892,14.04123,59.21178,4508.94483,-0.91835,57.99249,5.020164956971175,1.870143534961412,0.0
11.49084,14.09335,59.10241,4506.35352,-0.93507,58.00546,5.09212578703053,1.896950837561913,0.0
11.52274,14.14547,58.99121,4503.72542,-0.95049,58.01846,5.166361822754505,1.9246057141367496,0.0
11.5546,14.19756,58.87834,4501.05895,-0.96457,58.0315,5.242820793182382,1.9530886923777213,0.0
11.58643,14.24964,58.76395,4498.35253,-0.97725,58.04457,5.321442268564835,1.982377260613203,0.0
11.61824,14.3017,58.64823,4495.60462,-0.9885,58.05767,5.402157090008396,2.012445655335697,0.0
11.65001,14.35374,58.53134,4492.8137,-0.99829,58.0708,5.4848868090777,2.043264652438927,0.0
11.68175,14.40577,58.41346,4489.9783,-1.00656,58.08397,5.569543144315769,2.074801364757344,0.0
11.71346,14.45777,58.29478,4487.09698,-1.01329,58.09717,5.656027462400647,2.1070190487833216,0.0
11.74514,14.50976,58.17547,4484.16836,-1.01843,58.1104,5.744230292351428,2.1398769236961166,0.0
11.77679,14.56172,58.05573,4481.19111,-1.02197,58.12367,5.834030881903961,2.173330006100149,0.0
11.8084,14.61367,57.93576,4478.16396,-1.02386,58.13696,5.925296805763265,2.2073289640887195,0.0
11.83998,14.66559,57.81574,4475.0857,-1.02409,58.15028,6.017883635973065,2.2418199944479875,0.0
11.87153,14.7175,57.69588,4471.95524,-1.02262,58.16364,6.111634685078591,2.2767447269783565,0.0
11.90304,14.76938,57.57637,4468.77152,-1.01943,58.17702,6.2063808330046015,2.312040160001982,0.0
11.93452,14.82124,57.45743,4465.53361,-1.01451,58.19043,6.301940448693519,2.347638631170915,0.0
11.96597,14.87307,57.33925,4462.24066,-1.00784,58.20388,6.398119417450912,2.3834678276540155,0.0
11.99737,14.92489,57.22198,4458.89206,-1.00034,58.23249,6.494760912498871,2.41946932735015,6.999999880592873
12.02873,14.97669,57.10578,4455.48725,-0.99108,58.26137,6.591699242251824,2.4555814057840863,6.999999880592873
12.06004,15.02847,56.99085,4452.02569,-0.98006,58.29052,6.688709576565785,2.4917203078115526,6.999999880592873
12.09129,15.08023,56.8774,4448.50696,-0.96727,58.31994,6.7855556079887185,2.527798002689041,6.999999880592873
12.1225,15.13198,56.76563,4444.93078,-0.95273,58.34963,6.881990311863312,2.5637224672320946,6.999999880592873
12.15366,15.18371,56.65574,4441.297,-0.93644,58.37958,6.977756727585074,2.599397976854499,6.999999880592873
12.18476,15.23542,56.54794,4437.60563,-0.91842,58.40981,7.072588896046802,2.6347254547910146,6.999999880592873
12.21581,15.28711,56.44242,4433.85683,-0.89868,58.4403,7.166212954849471,2.669602880092254,6.999999880592873
12.24681,15.33879,56.33938,4430.05093,-0.87725,58.47104,7.258348390445869,2.703925754081123,6.999999880592873
12.27776,15.39044,56.23901,4426.1884,-0.85415,58.50205,7.34870944366936,2.737587623949274,6.999999880592873
12.30865,15.44207,56.1415,4422.26992,-0.82943,58.53331,7.437006662197401,2.7704806610906108,6.999999880592873
12.33949,15.49368,56.04702,4418.2963,-0.80313,58.56482,7.522948590502861,2.802496290652621,6.999999880592873
12.37027,15.54526,55.95576,4414.26855,-0.77529,58.59657,7.606243584691545,2.8335258676111037,6.999999880592873
12.401,15.59683,55.86789,4410.18784,-0.74595,58.62856,7.686601736555736,2.8634613935307414,6.999999880592873
12.43167,15.64837,55.78357,4406.05554,-0.71519,58.66077,7.763736888081562,2.892196267022094,6.999999880592873
12.46228,15.69988,55.70295,4401.87315,-0.68307,58.69321,7.8373687148791165,2.9196260598741453,6.999999880592873
12.49284,15.75138,55.62618,4397.64239,-0.64965,58.72586,7.907224854298766,2.945649309833613,6.999999880592873
12.52334,15.80284,55.55341,4393.36511,-0.615,58.75871,7.973043051829089,2.9701683201946607,6.999999880592873
12.55378,15.85429,55.48476,4389.04335,-0.57921,58.79176,8.034573297550754,2.9930899556841815,6.999999880592873
12.58416,15.9057,55.42034,4384.67928,-0.54236,58.82499,8.09157992308919,3.014326423631839,6.999999880592873
12.61449,15.95709,55.36028,4380.27524,-0.50454,58.8584,8.143843628884985,3.033796029181634,6.999999880592873
12.64475,16.00846,55.30466,4375.8337,-0.46584,58.89196,8.191163411467489,3.0514238932520286,6.999999880592873
12.67496,16.05979,55.25357,4371.35726,-0.42635,58.92568,8.233358361095169,3.0671426222042815,6.999999880592873
12.7051,16.1111,55.2071,4366.84866,-0.38619,58.95953,8.270269301400996,3.080892918653492,6.999999880592873
12.73518,16.16238,55.16529,4362.31071,-0.34545,58.99351,8.301760244673542,3.0926241235991,6.999999880592873
12.76521,16.21363,55.12821,4357.74635,-0.30424,59.0276,8.327719639060916,3.102294681041171,6.999999880592873
12.79517,16.26485,55.09589,4353.1586,-0.26266,59.06178,8.348061387213377,3.1098725174515685,6.999999880592873
12.82507,16.31604,55.06835,4348.55052,-0.22083,59.09605,8.362725619631647,3.1153353298665496,6.999999880592873
12.85491,16.36721,55.04561,4343.92525,-0.17886,59.1304,8.371679210208711,3.1186707779396534,6.999999880592873
12.88468,16.41834,55.02766,4339.28596,-0.13685,59.1648,8.37491602591641,3.119876576956518,6.999999880592873
12.9144,16.46944,55.01451,4334.63585,-0.09493,59.19924,8.372456907339409,3.118960490583281,6.999999880592873
12.94406,16.52052,55.00611,4329.97813,-0.0532,59.23371,8.36434938150992,3.1159402238899525,6.999999880592873
12.97365,16.57156,55.00243,4325.31599,-0.01178,59.2682,8.350667113199265,3.1108432189420885,6.999999880592873
13.00318,16.62257,55.00342,4320.65261,0.02923,59.30269,8.331509105384427,3.1037063569535386,6.999999880592873
13.03265,16.67355,55.00902,4315.99114,0.06972,59.33717,8.306998663779524,3.09457557254718,6.999999880592873
13.06205,16.7245,55.01915,4311.33467,0.10959,59.37163,8.2772821441581,3.0835053870995117,6.999999880592873
13.0914,16.77542,55.03373,4306.68624,0.14873,59.40605,8.242527504457469,3.0705583693614207,6.999999880592873
13.12068,16.82631,55.05265,4302.04881,0.18704,59.44042,8.202922686400875,3.05580453256986,6.999999880592873
13.14991,16.87717,55.07582,4297.42525,0.22442,59.47474,8.158673853428988,3.039320678030967,6.999999880592873
13.17907,16.92799,55.10311,4292.81835,0.2608,59.50898,8.11000351319262,3.021189695699197,6.999999880592873
13.20817,16.97879,55.1344,4288.23076,0.29607,59.54314,8.057148553600276,3.001499832553364,6.999999880592873
13.23721,17.02955,55.16954,4283.66506,0.33016,59.5772,8.000358221538358,2.980343939616733,6.999999880592873
13.26619,17.08029,55.2084,4279.12367,0.36299,59.61117,7.939892072888475,2.95781870828453,6.999999880592873
13.29511,17.13099,55.25082,4274.60891,0.39449,59.64502,7.876017921374885,2.9340239062156446,6.999999880592873
13.32397,17.18166,55.29664,4270.12295,0.42458,59.67876,7.809009812264153,2.909061622482436,6.999999880592873
13.35277,17.23231,55.34569,4265.66783,0.45322,59.71236,7.739146044855649,2.8830355308964157,6.999999880592873
13.38151,17.28292,55.39781,4261.24543,0.48033,59.74584,7.666707265470973,2.856050179596628,6.999999880592873
13.41019,17.3335,55.4528,4256.85751,0.50588,59.77917,7.591974649957565,2.8282103139844277,6.999999880592873
13.43882,17.38406,55.5105,4252.50568,0.52981,59.81236,7.515228192004631,2.7996202390761202,6.999999880592873
13.46738,17.43458,55.57071,4248.1914,0.55209,59.84539,7.436745110680211,2.770383226268623,6.999999880592873
13.49589,17.48508,55.63324,4243.91598,0.57268,59.87828,7.356798387710006,2.740600968437341,6.999999880592873
13.52434,17.53554,55.69789,4239.6806,0.59155,59.911,7.275655442204092,2.7103730862369995,6.999999880592873
13.55274,17.58598,55.76448,4235.48629,0.60868,59.94356,7.193576947798407,2.679796687455719,6.999999880592873
13.58108,17.6364,55.83281,4231.33394,0.62404,59.97596,7.110815794644579,2.648965980328923,6.999999880592873
13.60936,17.68678,55.90267,4227.22432,0.63764,60.00819,7.027616196308869,2.6179719408356887,6.999999880592873
13.63759,17.73714,55.97387,4223.15806,0.64945,60.04025,6.944212939553633,2.586902033222606,6.999999880592873
13.66576,17.78747,56.04621,4219.13564,0.65948,60.07215,6.860830773102917,2.555839982302876,6.999999880592873
13.69388,17.83777,56.11949,4215.15746,0.66772,60.10387,6.777683929897155,2.524865595483618,6.999999880592873
13.72194,17.88805,56.19351,4211.22378,0.67417,60.13543,6.694975776035492,2.4940546319876495,6.999999880592873
13.74996,17.9383,56.26808,4207.33474,0.67886,60.16683,6.612898578540169,2.463478716339602,6.999999880592873
13.77792,17.98853,56.34299,4203.49039,0.68179,60.19806,6.531633383280749,2.433205292889495,6.999999880592873
13.80582,18.03873,56.41807,4199.69067,0.68297,60.22913,6.451349993829075,2.4032976179356376,6.999999880592873
13.83368,18.08891,56.49311,4195.93542,0.68243,60.26003,6.372207041675954,2.3738147858822036,6.999999880592873
13.86148,18.13907,56.56793,4192.22439,0.68019,60.29078,6.294352138096343,2.3448117858129987,6.999999880592873
13.88924,18.1892,56.64235,4188.55727,0.67627,60.32138,6.217922097976855,2.3163395848731034,6.999999880592873
13.91694,18.23931,56.71618,4184.93362,0.67071,60.35182,6.143043226114142,2.288445234922551,6.999999880592873
13.94459,18.28939,56.78926,4181.35297,0.66353,60.38212,6.069831656749696,2.261171999021971,6.999999880592873
13.9722,18.33946,56.86139,4177.81475,0.65477,60.41227,5.9983937375921785,2.234559494491018,6.999999880592873
13.99975,18.3895,56.93243,4174.31835,0.64447,60.44228,5.928826449989792,2.2086438494336296,6.999999880592873
14.02726,18.43952,57.0022,4170.86307,0.63266,60.47216,5.86121785749659,2.1834578698407827,6.999999880592873
14.05471,18.48952,57.07054,4167.44817,0.61938,60.50191,5.795647575665621,2.159031214600798,6.999999880592873
14.08212,18.5395,57.1373,4164.07287,0.60468,60.53154,5.732187256497324,2.1353905759691187,6.999999880592873
14.10949,18.58946,57.20232,4160.73631,0.58859,60.56104,5.670901081600919,2.112559863283897,6.999999880592873
14.1368,18.6394,57.26548,4157.43762,0.57116,60.59043,5.611846258733571,2.0905603879399046,6.999999880592873
14.16407,18.68932,57.32661,4154.17586,0.55244,60.61971,5.555073516997444,2.06941104786246,6.999999880592873
14.1913,18.73922,57.38564,4150.94996,0.53332,60.63495,5.5005915125267855,2.0491150676893284,0.0
14.2185,18.78909,57.44248,4147.75885,0.513,60.65021,5.4484052851979605,2.029674324907061,0.0
14.24566,18.83894,57.49701,4144.60153,0.4915,60.66549,5.398552102389347,2.011102702594668,0.0
14.27279,18.88876,57.5491,4141.47698,0.4689,60.6808,5.351064436250036,1.9934122974820803,0.0
14.29988,18.93856,57.59865,4138.38414,0.44522,60.69614,5.305970452164056,1.9766136019159228,0.0
14.32694,18.98834,57.64554,4135.32194,0.42053,60.7115,5.263294422148561,1.960715657861222,0.0
14.35397,19.03809,57.68967,4132.28926,0.39488,60.72688,5.223057119853911,1.945726204049324,0.0
14.38097,19.08782,57.73094,4129.28498,0.3683,60.74229,5.185276195913045,1.931651815805415,0.0
14.40793,19.13752,57.76927,4126.30793,0.34086,60.75773,5.149966532632287,1.9184980371801779,0.0
14.43486,19.18721,57.80456,4123.35696,0.31261,60.77319,5.117140577300705,1.9062695051162974,0.0
14.46176,19.23687,57.83674,4120.43087,0.28359,60.78868,5.086808653604928,1.8949700654586765,0.0
14.48863,19.28651,57.86572,4117.52845,0.25386,60.80419,5.058979250803603,1.884602880679526,0.0
14.51546,19.33613,57.89144,4114.64846,0.22348,60.81973,5.033659290486167,1.8751705292530296,0.0
14.54226,19.38573,57.91385,4111.78967,0.19248,60.8353,5.010854370850363,1.8666750966551449,0.0
14.56903,19.4353,57.93287,4108.95082,0.16093,60.85089,4.990568988546259,1.859118258006335,0.0
14.59577,19.48486,57.94845,4106.13063,0.12888,60.8665,4.972806738185413,1.8525013523939855,0.0
14.62248,19.5344,57.96056,4103.32781,0.09638,60.88215,4.957570489680935,1.8468254489362426,0.0
14.64916,19.58391,57.96915,4100.54105,0.06349,60.89782,4.944862543622416,1.8420914046632595,0.0
14.6758,19.63341,57.97418,4097.76904,0.03025,60.91351,4.934684764886765,1.8382999142907541,0.0
14.70242,19.68288,57.97563,4095.01043,-0.00328,60.92924,4.9270386946960345,1.835451551964493,0.0
14.729,19.73234,57.97347,4092.26389,-0.03705,60.94499,4.921925641345664,1.8335468050589487,0.0
14.75555,19.78178,57.96769,4089.52804,-0.071,60.96076,4.9193467497605665,1.832586100088779,0.0
14.78208,19.83119,57.95826,4086.80152,-0.10507,60.97656,4.919303050061243,1.8325698208009724,0.0
14.80857,19.88059,57.9452,4084.08293,-0.13923,60.99239,4.921795485241102,1.8334983184853861,0.0
14.83503,19.92997,57.92849,4081.37086,-0.17341,61.00825,4.926824918067419,1.8353719145455316,0.0
14.86146,19.97933,57.90815,4078.6639,-0.20756,61.02413,4.934392117225748,1.8381908953370019,0.0
14.88785,20.02867,57.88417,4075.96062,-0.24163,61.04003,4.944497722748234,1.8419554992886118,0.0
14.91422,20.07799,57.85658,4073.25957,-0.27556,61.05597,4.957142190670691,1.846665896285701,0.0
14.94056,20.12729,57.82541,4070.55928,-0.30929,61.07192,4.972325716889059,1.8523221593046617,0.0
14.96687,20.17658,57.79067,4067.85829,-0.34279,61.08791,4.990048140106191,1.8589242282580627,0.0
14.99314,20.22584,57.75241,4065.15511,-0.37598,61.10392,5.01030882378584,1.8664718660194028,0.0
15.01939,20.27509,57.71066,4062.44824,-0.40882,61.11996,5.033106516987312,1.8749646065803602,0.0
15.0456,20.32432,57.66547,4059.73616,-0.44126,61.13602,5.058439193984205,1.88440169530455,0.0
15.07179,20.37352,57.61688,4057.01735,-0.47323,61.15211,5.086303872570274,1.8947820212416793,0.0
15.09794,20.42271,57.56496,4054.29028,-0.50469,61.16822,5.116696410999226,1.9061040414822776,0.0
15.12406,20.47188,57.50977,4051.5534,-0.53559,61.18436,5.149611283553379,1.9183656975511187,0.0
15.15015,20.52103,57.45137,4048.80514,-0.56586,61.20052,5.185041334803467,1.9315643238625295,0.0
15.17621,20.57016,57.38984,4046.04395,-0.59546,61.21671,5.222977512730611,1.9456965483013056,0.0
15.20224,20.61927,57.32525,4043.26825,-0.62432,61.23292,5.263408580983409,1.9607581850309024,0.0
15.22824,20.66836,57.2577,4040.47646,-0.65241,61.24916,5.306320810706617,1.9767441196915148,0.0
15.2542,20.71743,57.18726,4037.66698,-0.67966,61.26542,5.351697652535516,1.9936481872093443,0.0
15.28014,20.76648,57.11404,4034.83825,-0.70602,61.28171,5.399519389577983,2.0114630425232924,0.0
15.30604,20.81551,57.03814,4031.98865,-0.73144,61.29802,5.44976277241797,2.030180024614153,0.0
15.33191,20.86452,56.95967,4029.11661,-0.75588,61.31436,5.502400637455455,2.049789014326199,0.0
15.35775,20.91351,56.87872,4026.22054,-0.77926,61.33071,5.557401510218443,2.0702782865904705,0.0
15.38356,20.96247,56.79543,4023.29886,-0.80156,61.3471,5.614729195581368,2.0916343577703427,0.0
15.40934,21.01142,56.70991,4020.35,-0.82271,61.3635,5.674342357230403,2.1138418290012906,0.0
15.43508,21.06034,56.6223,4017.37239,-0.84267,61.37993,5.736194089086134,2.136883226534561,0.0
15.46079,21.10924,56.53271,4014.3645,-0.86139,61.39638,5.8002314818509015,2.160738840264646,0.0
15.48647,21.15812,56.44129,4011.3248,-0.87882,61.41285,5.866395188273305,2.1853865617788806,0.0
15.51211,21.20698,56.34819,4008.25179,-0.89491,61.42934,5.93461899122327,2.210801723454033,0.0
15.53773,21.25581,56.25353,4005.144,-0.90963,61.44586,6.0048293791252805,2.236956940294019,0.0
15.56331,21.30462,56.15749,4001.99998,-0.92293,61.4624,6.076945133835907,2.263821956403431,0.0
15.58885,21.3534,56.0602,3998.81834,-0.93477,61.47896,6.150876936494565,2.291363498156583,0.0
15.61436,21.40216,55.96183,3995.59771,-0.94511,61.49553,6.226526997381316,2.319545136309795,0.0
15.63984,21.45089,55.86254,3992.33678,-0.95391,61.51213,6.30378871627008,2.3483271594740303,0.0
15.66529,21.4996,55.76249,3989.03428,-0.96114,61.52875,6.382546380157908,2.377666461511099,0.0
15.6907,21.54828,55.66185,3985.68902,-0.96677,61.54539,6.462674905624422,2.4075164455557676,0.0
15.71607,21.59694,55.5608,3982.29986,-0.97077,61.56205,6.544039633339956,2.437826947464635,0.0
15.74141,21.64556,55.4595,3978.86572,-0.9731,61.57873,6.626496182487313,2.4685441815844054,0.0
15.76671,21.69416,55.35814,3975.38562,-0.97375,61.59542,6.7098903728674495,2.499610711734214,0.0
15.79198,21.74274,55.25689,3971.85866,-0.9727,61.61214,6.7940582225287764,2.530965450322466,0.0
15.81722,21.79128,55.15592,3968.28402,-0.96993,61.62887,6.878826028490059,2.5625436884182515,0.0
15.84241,21.83979,55.05543,3964.66096,-0.96542,61.64562,6.964010537860326,2.594277159498011,0.0
15.86757,21.88828,54.95558,3960.98889,-0.95917,61.66239,7.0494192161124305,2.6260941393844925,0.0
15.8927,21.93673,54.85657,3957.26729,-0.95118,61.67917,7.134850618595589,2.657919584644952,0.0
15.91778,21.98515,54.75856,3953.49575,-0.94144,61.69597,7.22009487047247,2.6896753113803453,0.0
15.94283,22.03354,54.66175,3949.67401,-0.92996,61.71278,7.304934259184383,2.721280215934196,0.0
15.96785,22.0819,54.56631,3945.80192,-0.91675,61.72961,7.3891439422680625,2.752650538572978,0.0
15.99282,22.13022,54.47242,3941.87945,-0.90182,61.74646,7.472492771863715,2.783700170637051,0.0
16.01776,22.17851,54.38024,3937.90671,-0.88518,61.76332,7.554744235589321,2.8143410050410993,0.0
16.04265,22.22676,54.28997,3933.88397,-0.86688,61.78019,7.635657511654915,2.8444833293319554,0.0
16.06751,22.27498,54.20175,3929.81162,-0.84692,61.79708,7.714988634118046,2.874036259776928,0.0
16.09233,22.32317,54.11576,3925.6902,-0.82536,61.81398,7.792491762122729,2.9029082141886993,0.0
16.11711,22.37132,54.03216,3921.52039,-0.80223,61.83089,7.867920544850306,2.9310074204054395,0.0
16.14185,22.41943,53.95109,3917.30304,-0.77757,61.84782,7.941029571782295,2.9582424565518752,0.0
16.16656,22.4675,53.87272,3913.03912,-0.75144,61.86476,8.011575895731335,2.9845228184083887,0.0
16.19122,22.51554,53.79719,3908.72977,-0.72389,61.88171,8.079320614131817,3.009759508483386,0.0
16.21584,22.56353,53.72462,3904.37627,-0.69498,61.89867,8.144030492183967,3.033865640677174,0.0
16.24042,22.61149,53.65515,3899.98004,-0.66479,61.91564,8.20547960979154,3.0567570538095863,0.0
16.26495,22.65941,53.58891,3895.54266,-0.63338,61.93263,8.263451012824046,3.0783529267586087,0.0
16.28945,22.70729,53.526,3891.06582,-0.60083,61.94962,8.317738348178562,3.098576387563925,0.0
16.31391,22.75512,53.46654,3886.55136,-0.56722,61.96662,8.368147461358758,3.1173551085671405,0.0
16.33832,22.80292,53.41061,3882.00123,-0.53264,61.98364,8.414497935002503,3.1346218795537952,0.0
16.36269,22.85067,53.3583,3877.41753,-0.49718,62.00066,8.456624546889831,3.150315150899692,0.0
16.38702,22.89838,53.30969,3872.80244,-0.46093,62.01769,8.494378626519866,3.164379538931502,0.0
16.41131,22.94605,53.26486,3868.15825,-0.42399,62.03473,8.527629290387384,3.1767662860997716,0.0
16.43555,22.99367,53.22384,3863.48734,-0.38645,62.05178,8.55626453753668,3.187433669101582,0.0
16.45975,23.04125,53.18669,3858.7922,-0.34843,62.06884,8.580192188862462,3.1963473487948324,0.0
16.48391,23.08879,53.15345,3854.07535,-0.31002,62.0859,8.599340655913869,3.2034806565979723,0.0
16.50803,23.13628,53.12414,3849.33941,-0.27133,62.10297,8.613659527556909,3.2088148130371916,0.0
16.5321,23.18372,53.09877,3844.58701,-0.23247,62.12005,8.623119965733851,3.212339075177212,0.0
16.55613,23.23113,53.07734,3839.82085,-0.19354,62.13714,8.627714904683463,3.214050810836063,0.0
16.58012,23.27848,53.05985,3835.04365,-0.15466,62.15424,8.6274590511605,3.2139554986668473,0.0
16.60406,23.32579,53.04628,3830.25812,-0.11594,62.17134,8.622388686486303,3.2120666544163856,0.0
16.62796,23.37306,53.03659,3825.46699,-0.07748,62.18845,8.612561274519463,3.208405684883967,0.0
16.65182,23.42028,53.03074,3820.67299,-0.03938,62.20556,8.598054882670906,3.2030016722342385,0.0
16.67563,23.46745,53.02869,3815.8788,-0.00176,62.22269,8.578967426104956,3.195891092442214,0.0
16.6994,23.51458,53.03037,3811.08709,0.03529,62.23982,8.55541574784305,3.187117472607704,0.0
16.72313,23.56166,53.03571,3806.30047,0.07167,62.25696,8.527534549893213,3.176730992772921,0.0
16.74681,23.6087,53.04462,3801.5215,0.10727,62.2741,8.495475192408659,3.164788038577461,0.0
16.77045,23.65569,53.05703,3796.75268,0.14201,62.29125,8.459404379529818,3.1513507116998865,0.0
16.79405,23.70263,53.07282,3791.99644,0.17579,62.30841,8.419502751624007,3.136486305429956,0.0
16.8176,23.74953,53.09189,3787.2551,0.20852,62.32557,8.37596340435861,3.1202667529844224,0.0
16.84111,23.79638,53.11413,3782.53093,0.24013,62.34275,8.328990355297112,3.1027680562737103,0.0
16.86458,23.84319,53.13941,3777.82607,0.27054,62.35992,8.278796978558066,3.0840697027711905,0.0
16.888,23.88995,53.1676,3773.14258,0.29967,62.37711,8.225604427522942,3.064254077930356,0.0
16.91139,23.93667,53.19857,3768.4824,0.32746,62.3943,8.16964006469753,3.0434058802668833,0.0
16.93473,23.98334,53.23217,3763.84737,0.35384,62.41151,8.111135916589813,3.0216115457599777,0.0
16.95802,24.02997,53.26825,3759.2392,0.37876,62.42871,8.050327170070934,2.998958687707282,0.0
16.98128,24.07655,53.30667,3754.65949,0.40216,62.44593,7.987450724957485,2.9755355575236826,0.0
17.00449,24.12309,53.34726,3750.10972,0.42399,62.46316,7.922743815757784,2.9514305313055473,0.0
17.02767,24.16959,53.38986,3745.59124,0.44422,62.48039,7.856442713626319,2.9267316262745897,0.0
17.0508,24.21604,53.43432,3741.1053,0.4628,62.49763,7.788781517559163,2.901526050466361,0.0
17.07389,24.26245,53.48046,3736.65301,0.47971,62.51488,7.719991041948354,2.8758997883149893,0.0
17.09694,24.30881,53.52812,3732.23536,0.49492,62.53214,7.650297805667243,2.8499372240608665,0.0
17.11994,24.35514,53.57712,3727.85323,0.5084,62.5494,7.579923126000427,2.8237208042157147,0.0
17.14291,24.40142,53.6273,3723.50738,0.52014,62.56668,7.509082319048163,2.7973307396921863,0.0
17.16584,24.44766,53.67847,3719.19845,0.53014,62.58396,7.437984006575931,2.770844747587091,0.0
17.18873,24.49386,53.73047,3714.92697,0.53838,62.60126,7.366829527905982,2.744337832095526,0.0
17.21157,24.54003,53.78313,3710.69337,0.54486,62.61856,7.295812454125598,2.7178821035406626,0.0
17.23438,24.58615,53.83628,3706.49795,0.54958,62.63588,7.225118200808005,2.6915466341021075,0.0
17.25715,24.63223,53.88973,3702.34093,0.55255,62.6532,7.1549237345241785,2.6653973484838183,0.0
17.27988,24.67827,53.94333,3698.22243,0.55379,62.67054,7.085397367657206,2.6394969474770615,0.0
17.30257,24.72427,53.99691,3694.14246,0.5533,62.68788,7.01669863547444,2.6139048621665504,0.0
17.32523,24.77024,54.0503,3690.10096,0.5511,62.70524,6.948978248966315,2.5886772363616672,0.0
17.34784,24.81617,54.10334,3686.09776,0.54723,62.72261,6.882378116705412,2.563866934739536,0.0
17.37042,24.86206,54.15586,3682.13263,0.54169,62.73999,6.817031428816753,2.5395235741261737,0.0
17.39296,24.90791,54.20772,3678.20523,0.53453,62.75738,6.75306279613514,2.5156935753362504,0.0
17.41546,24.95373,54.25875,3674.31519,0.52576,62.77478,6.6905884377129015,2.492420233024666,0.0
17.43792,24.99951,54.30882,3670.46203,0.51544,62.7922,6.629716409989239,2.4697438010581583,0.0
17.46035,25.04526,54.35776,3666.64522,0.50358,62.80963,6.570546871170074,2.447701591003756,0.0
17.48274,25.09097,54.40545,3662.86416,0.49024,62.82707,6.513172374692361,2.4263280814519503,0.0
17.5051,25.13665,54.45174,3659.1182,0.47544,62.84452,6.457678185954413,2.4056550360070825,0.0
17.52742,25.18229,54.4965,3655.40662,0.45925,62.86199,6.404142616876763,2.3857116279200596,0.0
17.5497,25.2279,54.53959,3651.72866,0.44169,62.87946,6.3526373732867905,2.366524569498275,0.0
17.57195,25.27348,54.58091,3648.08351,0.42283,62.89696,6.3032279104703575,2.348118244557945,0.0
17.59416,25.31903,54.62032,3644.47029,0.4027,62.91446,6.255973792688399,2.330514842353498,0.0
17.61634,25.36454,54.65771,3640.88811,0.38135,62.93198,6.210929052849008,2.31373449156489,0.0
17.63848,25.41002,54.69298,3637.33601,0.35885,62.94951,6.168142548913765,2.297795393068339,0.0
17.66058,25.45546,54.72602,3633.81301,0.33524,62.96706,6.1276583140033685,2.282713950359887,0.0
17.68266,25.50088,54.75674,3630.31808,0.31057,62.98462,6.08951589752521,2.2685048966343957,0.0
17.70469,25.54627,54.78503,3626.85017,0.2849,63.0022,6.053750694989612,2.2551814176507707,0.0
17.7267,25.59162,54.81081,3623.40817,0.25828,63.01979,6.020394264478733,2.2427552696249604,0.0
17.74867,25.63695,54.834,3619.99098,0.23078,63.03739,5.98947462803782,2.2312368915061236,0.0
17.7706,25.68224,54.85453,3616.59743,0.20244,63.05501,5.961016556508815,2.2206355110846427,0.0
17.7925,25.72751,54.87231,3613.22636,0.17334,63.07264,5.935041836570776,2.2109592444717094,0.0
17.81437,25.77274,54.8873,3609.87654,0.14352,63.09029,5.911569518952385,2.202215188565013,0.0
17.8362,25.81795,54.89942,3606.54676,0.11304,63.10796,5.8906161469633,2.1944095061826814,0.0
17.85801,25.86313,54.90863,3603.23576,0.08197,63.12563,5.872195964696163,2.1875475036240077,0.0
17.87977,25.90828,54.91487,3599.94227,0.05036,63.14333,5.856321104308453,2.1816337004368713,0.0
17.90151,25.9534,54.91811,3596.66497,0.01828,63.16103,5.8430017520124,2.1766718912533407,0.0
17.92321,25.99849,54.9183,3593.40257,-0.01421,63.17876,5.832246292420988,2.1726651995623665,0.0
17.94488,26.04355,54.91543,3590.15371,-0.04706,63.1965,5.824061431051652,2.169616123345625,0.0
17.96651,26.08859,54.90945,3586.91705,-0.08019,63.21425,5.81845229479695,2.1675265725054915,0.0
17.98812,26.13359,54.90036,3583.69121,-0.11356,63.23202,5.815422510309661,2.1663978980655485,0.0
18.00969,26.17857,54.88814,3580.47479,-0.1471,63.2498,5.8149742602288255,2.1662309131162676,0.0
18.03123,26.22352,54.87278,3577.26639,-0.18074,63.2676,5.817108317269575,2.1670259055143672,0.0
18.05273,26.26845,54.85429,3574.06459,-0.21442,63.28542,5.821824056215125,2.1687826423501435,0.0
18.0742,26.31334,54.83266,3570.86794,-0.24809,63.30324,5.829119443900124,2.1715003662160086,0.0
18.09564,26.35821,54.80791,3567.675,-0.28167,63.32109,5.838991007304387,2.175177783320562,0.0
18.11705,26.40305,54.78005,3564.48429,-0.31511,63.33895,5.85143377992107,2.1798130435093266,0.0
18.13843,26.44787,54.7491,3561.29434,-0.34835,63.35682,5.866441226606743,2.185403712269427,0.0
18.15977,26.49265,54.7151,3558.10365,-0.38132,63.37471,5.884005147160462,2.19194673481025,0.0
18.18108,26.53741,54.67808,3554.91073,-0.41396,63.39261,5.904115558954546,2.1994383923403267,0.0
18.20236,26.58214,54.63806,3551.71407,-0.4462,63.41053,5.926760558998361,2.2078742506824582,0.0
18.22361,26.62684,54.59511,3548.51215,-0.478,63.42846,5.951926165883275,2.217249101394057,0.0
18.24482,26.67152,54.54927,3545.30343,-0.50928,63.44641,5.979596142190464,2.227556895609377,0.0
18.266,26.71617,54.5006,3542.0864,-0.53999,63.46437,6.009751797995964,2.2387906708399834,0.0
18.28715,26.76078,54.44915,3538.8595,-0.57005,63.48235,6.042371776302053,2.250942471042286,0.0
18.30826,26.80537,54.39499,3535.62121,-0.59943,63.50034,6.077431821295331,2.2640032602875846,0.0
18.32935,26.84994,54.3382,3532.36999,-0.62804,63.51834,6.114904530562947,2.277962830456092,0.0
18.3504,26.89447,54.27886,3529.10429,-0.65584,63.53635,6.154759092544654,2.292809703430914,0.0
18.37142,26.93898,54.21705,3525.82259,-0.68277,63.55438,6.196961010712694,2.3085310283478053,0.0
18.3924,26.98345,54.15285,3522.52335,-0.70877,63.57243,6.24147181620474,2.3251124745433693,0.0
18.41336,27.0279,54.08636,3519.20505,-0.73377,63.59048,6.288248770877033,2.342538120934549,0.0
18.43427,27.07232,54.01768,3515.86619,-0.75774,63.60855,6.337244562999304,2.3607903426569723,0.0
18.45516,27.11671,53.9469,3512.50526,-0.7806,63.62663,6.388406998131773,2.3798496959085034,0.0
18.47601,27.16106,53.87415,3509.12079,-0.80231,63.64472,6.441678687966496,2.3996948020344555,0.0
18.49683,27.20539,53.79953,3505.71132,-0.82282,63.66283,6.496996740286467,2.420302232029199,0.0
18.51762,27.24969,53.72316,3502.27541,-0.84207,63.68094,6.554292453457462,2.4416463927263385,0.0
18.53837,27.29395,53.64516,3498.81166,-0.86002,63.69907,6.613491019245722,2.463699416090474,0.0
18.55909,27.33819,53.56566,3495.31869,-0.87661,63.71721,6.674511238002393,2.486431053115918,0.0
18.57978,27.38239,53.48478,3491.79516,-0.89181,63.73536,6.737265250651127,2.5098085739850173,0.0
18.60043,27.42656,53.40266,3488.23976,-0.90557,63.75352,6.8016582921051905,2.533796676209546,0.0
18.62105,27.4707,53.31944,3484.65125,-0.91784,63.77169,6.867588471119937,2.5583574026199525,0.0
18.64163,27.51481,53.23525,3481.02841,-0.9286,63.78987,6.934946581686273,2.583450071104465,0.0
18.66218,27.55888,53.15024,3477.37008,-0.9378,63.80806,7.0036159513933836,2.6090312181202213,0.0
18.68269,27.60292,53.06456,3473.67518,-0.94541,63.82626,7.073472332190687,2.6350545579992164,0.0
18.70317,27.64692,52.97834,3469.94267,-0.9514,63.84446,7.144383839133205,2.661470960129343,0.0
18.72361,27.69089,52.89176,3466.17158,-0.95575,63.86268,7.216210942631148,2.68822844606716,0.0
18.74402,27.73482,52.80495,3462.36104,-0.95843,63.8809,7.288806519614527,2.7152722085980576,0.0
18.76439,27.77872,52.71806,3458.51022,-0.95942,63.89913,7.362015968852601,2.74254465469578,0.0
18.78473,27.82258,52.63127,3454.61839,-0.95871,63.91737,7.435677395308944,2.7699854741995433,0.0
18.80503,27.8664,52.54471,3450.68493,-0.95628,63.93561,7.509621868016888,2.797531735879424,0.0
18.82529,27.91019,52.45855,3446.70929,-0.95212,63.95387,7.583673755363575,2.825118012338485,0.0
18.84552,27.95394,52.37294,3442.69102,-0.94624,63.97212,7.657651141045055,2.8526765349670002,0.0
18.86571,27.99765,52.28804,3438.62977,-0.93864,63.99039,7.731366323066699,2.8801373798332324,0.0
18.88587,28.04132,52.204,3434.52531,-0.92931,64.00865,7.804626397302896,2.907428685074779,0.0
18.90598,28.08495,52.12098,3430.37753,-0.91828,64.02693,7.877233926001348,2.934476899934009,0.0
18.92607,28.12854,52.03912,3426.1864,-0.90555,64.0452,7.948987690498846,2.961207065164496,0.0
18.94611,28.17209,51.95858,3421.95204,-0.89116,64.06349,8.019683526116625,2.9875431240515042,0.0
18.96611,28.2156,51.87951,3417.67467,-0.87511,64.08177,8.089115235885012,3.0134082627984595,0.0
18.98608,28.25907,51.80204,3413.35465,-0.85745,64.10006,8.157075578291723,3.038725278489186,0.0
19.00601,28.30249,51.72631,3408.99245,-0.83822,64.11835,8.22335732288787,3.0634169723289104,0.0
19.0259,28.34587,51.65247,3404.58867,-0.81744,64.13664,8.287754366070308,3.0874065653025506,0.0
19.04575,28.38921,51.58064,3400.14405,-0.79518,64.15494,8.350062898035459,3.1106181328957137,0.0
19.06557,28.4325,51.51095,3395.65942,-0.77148,64.17324,8.410082610465489,3.1329770549895777,0.0
19.08534,28.47575,51.44352,3391.13578,-0.74639,64.19154,8.467617933364538,3.154410476614928,0.0
19.10508,28.51896,51.37846,3386.57422,-0.72,64.20984,8.52247928829437,3.1748477748154134,0.0
19.12477,28.56211,51.31589,3381.97595,-0.69235,64.22814,8.574484344363713,3.19422102653662,0.0
19.14443,28.60522,51.2559,3377.34233,-0.66352,64.24644,8.623459262584376,3.2124654721814703,0.0
19.16404,28.64829,51.19858,3372.67479,-0.63359,64.26474,8.669239913743144,3.2295199692995387,0.0
19.18362,28.6913,51.14404,3367.97489,-0.60263,64.28304,8.71167305468326,3.245327430782865,0.0
19.20316,28.73427,51.09234,3363.24431,-0.57074,64.30134,8.750617447958708,3.2598352419666257,0.0
19.22265,28.77719,51.04356,3358.48479,-0.53801,64.31964,8.785944910159465,3.272995651157881,0.0
19.24211,28.82006,50.99775,3353.6982,-0.50451,64.33793,8.817541274822865,3.2847661283453857,0.0
19.26153,28.86288,50.95498,3348.88645,-0.47035,64.35623,8.84530725680145,3.2951096871993633,0.0
19.2809,28.90566,50.91529,3344.05157,-0.43563,64.37452,8.869159206110169,3.303995165899418,0.0
19.30023,28.94838,50.87872,3339.19562,-0.40045,64.39281,8.889029740786784,3.3113974628916902,0.0
19.31953,28.99105,50.84529,3334.32074,-0.3649,64.4111,8.904868249918994,3.317297724279695,0.0
19.33878,29.03367,50.81502,3329.42913,-0.3291,64.42939,8.916641259940839,3.3216834802793684,0.0
19.35799,29.07624,50.78792,3324.52299,-0.29314,64.44768,8.924332659241568,3.3245487288917848,0.0
19.37716,29.11876,50.76399,3319.60458,-0.25712,64.46596,8.927943778342222,3.3258939657710407,0.0
19.39629,29.16123,50.74322,3314.67619,-0.22117,64.48424,8.92749332501332,3.3257261600538843,0.0
19.41538,29.20365,50.72559,3309.7401,-0.18537,64.50251,8.923017175931344,3.324058676746278,0.0
19.43443,29.24602,50.71108,3304.7986,-0.14984,64.52079,8.914568028594301,3.320911147052784,0.0
19.45343,29.28833,50.69965,3299.85396,-0.11468,64.53906,8.902214919276517,3.3163092888020413,0.0
19.4724,29.33059,50.69125,3294.90846,-0.07998,64.55732,8.886042614670412,3.310284679817323,0.0
19.49132,29.3728,50.68583,3289.96433,-0.04585,64.57558,8.866150886618874,3.3028744877352616,0.0
19.5102,29.41496,50.68333,3285.02378,-0.01239,64.59384,8.842653680813923,3.2941211603242233,0.0
19.52905,29.45706,50.68368,3280.08896,0.02032,64.6121,8.815678191599599,3.284072080824049,0.0
19.54785,29.49912,50.6868,3275.16198,0.05217,64.63035,8.785363856011621,3.2727791931993537,0.0
19.56661,29.54112,50.6926,3270.2449,0.08309,64.6486,8.751861280884857,3.2602986024588296,0.0
19.58533,29.58307,50.70099,3265.33969,0.11299,64.66685,8.715331117311429,3.2466901553612773,0.0
19.604,29.62497,50.71188,3260.44828,0.14178,64.68509,8.675942896847692,3.2320170068720824,0.0
19.62264,29.66681,50.72516,3255.5725,0.1694,64.70333,8.633873843801709,3.21634517770905,0.0
19.64124,29.70861,50.74072,3250.7141,0.19577,64.72157,8.589307677539818,3.19974310817009,0.0
19.6598,29.75035,50.75844,3245.87474,0.22082,64.73981,8.542433418146057,3.1822812132099223,0.0
19.67831,29.79205,50.77821,3241.05602,0.2445,64.75804,8.493444208038898,3.1640314434613113,0.0
19.69679,29.83369,50.79989,3236.2594,0.26675,64.77627,8.44253616111915,3.1450668565123747,0.0
19.71523,29.87528,50.82336,3231.48628,0.28751,64.79449,8.389907249977844,3.125461202362247,0.0
19.73363,29.91682,50.84849,3226.73794,0.30674,64.81272,8.335756240475257,3.105288526523723,0.0
19.75198,29.95831,50.87514,3222.01558,0.3244,64.83094,8.280281681735636,3.0846227937697273,0.0
19.7703,29.99975,50.90317,3217.32027,0.34044,64.84916,8.223680958288003,3.0635375350308207,0.0
19.78858,30.04114,50.93245,3212.653,0.35485,64.86738,8.166149409775127,3.0421055194636293,0.0
19.80682,30.08248,50.96282,3208.01467,0.36759,64.88559,8.107879522347075,3.020398453223669,0.0
19.82502,30.12377,50.99414,3203.40605,0.37864,64.90381,8.04906019459955,2.99848670600806,0.0
19.84319,30.16502,51.02628,3198.82783,0.38799,64.92202,7.989876079720449,2.9764390659878117,0.0
19.86131,30.20621,51.05908,3194.28059,0.39562,64.94023,7.930507004390949,2.954322523333188,0.0
19.8794,30.24736,51.0924,3189.76482,0.40153,64.95844,7.871127463987558,2.9322020821631867,0.0
19.89745,30.28846,51.12609,3185.28093,0.40572,64.97665,7.8119061926731375,2.910140600393138,0.0
19.91546,30.32951,51.16001,3180.8292,0.40818,64.99486,7.7530058061899885,2.888198656665725,0.0
19.93343,30.37052,51.19402,3176.40985,0.40893,65.01308,7.6945825144654245,2.866434443289004,0.0
19.95137,30.41148,51.22798,3172.02301,0.40798,65.03129,7.6367859005309775,2.8449036838779866,0.0
19.96927,30.4524,51.26174,3167.66871,0.40535,65.0495,7.579758761820825,2.8236595742341306,0.0
19.98713,30.49326,51.29516,3163.34691,0.40104,65.06771,7.523637009501145,2.8027527448428753,0.0
20.00496,30.53409,51.32812,3159.05748,0.39509,65.08592,7.468549621257738,2.7822312432857883,0.0
20.02275,30.57487,51.36047,3154.80023,0.38752,65.10413,7.414618642753107,2.7621405347833665,0.0
20.0405,30.6156,51.39209,3150.57489,0.37837,65.12234,7.36195923289165,2.7425235190575123,0.0
20.05822,30.65629,51.42284,3146.3811,0.36765,65.14056,7.310679748009531,2.7234205616944736,0.0
20.0759,30.69694,51.45261,3142.21846,0.35542,65.15878,7.2608818601454255,2.704869538203807,0.0
20.09355,30.73754,51.48128,3138.0865,0.34171,65.17699,7.212660704659341,2.68690588901028,0.0
20.11116,30.77811,51.50872,3133.98467,0.32655,65.19521,7.166105052596234,2.6695626836638437,0.0
20.12874,30.81862,51.53483,3129.91239,0.31001,65.21344,7.121297503412321,2.6528706926352625,0.0
20.14628,30.8591,51.55949,3125.86899,0.29211,65.23166,7.078314693868644,2.6368584651344587,0.0
20.16379,30.89954,51.5826,3121.85378,0.27292,65.24989,7.037227519151695,2.6215524114837656,0.0
20.18126,30.93993,51.60407,3117.866,0.25247,65.26812,6.998101362530295,2.6069768886711553,0.0
20.1987,30.98028,51.62379,3113.90485,0.23083,65.28635,6.96099633012699,2.5931542878087646,0.0
20.2161,31.02059,51.64167,3109.96947,0.20805,65.30458,6.925967487656515,2.5801051223241975,0.0
20.23347,31.06086,51.65764,3106.05897,0.18419,65.32282,6.893065096233597,2.56784811580514,0.0
20.2508,31.1011,51.6716,3102.17242,0.15929,65.34106,6.862334844650585,2.556400288528886,0.0
20.26811,31.14129,51.68349,3098.30885,0.13343,65.35931,6.833818075741231,2.545777041788804,0.0
20.28538,31.18144,51.69323,3094.46725,0.10666,65.37756,6.807552004735825,2.5359922392373697,0.0
20.30261,31.22155,51.70075,3090.64656,0.07904,65.39581,6.78356992772136,2.5270582845430587,0.0
20.31981,31.26162,51.706,3086.84572,0.05064,65.41406,6.761901418553048,2.5189861947450733,0.0
20.33698,31.30166,51.70892,3083.06361,0.02152,65.43232,6.742572512783216,2.511785668771692,0.0
20.35412,31.34165,51.70946,3079.2991,-0.00825,65.45059,6.725605877350518,2.5054651506539662,0.0
20.37122,31.38161,51.70757,3075.551,-0.03862,65.46885,6.711020964976345,2.5000318870424456,0.0
20.38829,31.42153,51.70323,3071.81814,-0.06951,65.48712,6.698834152372222,2.4954919786930723,0.0
20.40533,31.46141,51.69638,3068.09929,-0.10086,65.5054,6.689058861530215,2.491850425651043,0.0
20.42234,31.50125,51.68701,3064.3932,-0.1326,65.52368,6.681705663490222,2.489111165906861,0.0
20.43931,31.54106,51.6751,3060.69862,-0.16466,65.54196,6.676782364164628,2.487277107368276,0.0
20.45625,31.58082,51.66062,3057.01425,-0.19697,65.56025,6.674294071867738,2.486350153016774,0.0
20.47316,31.62055,51.64357,3053.33879,-0.22948,65.57854,6.6742432463589365,2.486331219177446,0.0
20.49003,31.66024,51.62393,3049.67092,-0.2621,65.59683,6.67662972932411,2.4872202468741187,0.0
20.50688,31.6999,51.60172,3046.00929,-0.29477,65.61513,6.6814507562994905,2.4890162062713017,0.0
20.52369,31.73951,51.57693,3042.35255,-0.32742,65.63343,6.688700950179374,2.491717094255641,0.0
20.54047,31.77909,51.54957,3038.69934,-0.35998,65.65174,6.698372296553547,2.4953199252484577,0.0
20.55722,31.81863,51.51966,3035.04827,-0.39238,65.67005,6.71045410121022,2.4998207153744816,0.0
20.57393,31.85814,51.48722,3031.39794,-0.42456,65.68837,6.724932930275799,2.50521446016233,0.0
20.59062,31.8976,51.45228,3027.74697,-0.45645,65.70668,6.74179253355362,2.511495105986178,0.0
20.60727,31.93703,51.41487,3024.09394,-0.48797,65.72501,6.76101375177514,2.518655515514384,0.0
20.62389,31.97642,51.37503,3020.43743,-0.51907,65.74333,6.7825744085530575,2.5266874274591795,0.0
20.64048,32.01578,51.3328,3016.77604,-0.54966,65.76166,6.80644918801674,2.5355814109926555,0.0
20.65704,32.05509,51.28822,3013.10834,-0.5797,65.77999,6.832609499212878,2.545326815232431,0.0
20.67356,32.09437,51.24136,3009.43291,-0.6091,65.79833,6.861023328507779,2.5559117142576246,0.0
20.69005,32.13361,51.19227,3005.74834,-0.63782,65.81666,6.891655081394723,2.567322848177936,0.0
20.70652,32.17281,51.141,3002.05321,-0.66577,65.835,6.924465415286372,2.5795455608444167,0.0
20.72294,32.21198,51.08764,2998.34612,-0.6929,65.85335,6.959411065009353,2.5925637348416086,0.0
20.73934,32.2511,51.03225,2994.62567,-0.71915,65.87169,6.99644466294001,2.6063597244833843,0.0
20.75571,32.29019,50.97491,2990.89049,-0.74446,65.89004,7.03551455589082,2.6209142875983136,0.0
20.77204,32.32924,50.9157,2987.1392,-0.76876,65.90839,7.076564621045686,2.63620651696072,0.0
20.78834,32.36824,50.8547,2983.37044,-0.792,65.92674,7.119534083432542,2.652213772294423,0.0
20.80461,32.40721,50.79202,2979.5829,-0.81412,65.9451,7.164357337633431,2.6689116138550513,0.0
20.82084,32.44614,50.72773,2975.77527,-0.83507,65.96345,7.210963776593708,2.6862737386569666,0.0
20.83705,32.48503,50.66194,2971.94626,-0.85479,65.98181,7.259277630612687,2.7042719204930434,0.0
20.85322,32.52388,50.59475,2968.09463,-0.87324,66.00016,7.309217819702098,2.7228759549343056,0.0
20.86936,32.56269,50.52627,2964.21917,-0.89036,66.01852,7.360697822722009,2.7420536105796227,0.0
20.88546,32.60145,50.45661,2960.31869,-0.90611,66.03687,7.4136255667870605,2.761770587856613,0.0
20.90154,32.64018,50.38587,2956.39207,-0.92045,66.05523,7.467903340545841,2.781990486715938,0.0
20.91758,32.67887,50.31417,2952.43822,-0.93334,66.07359,7.523427735009942,2.802674784588559,0.0
20.93359,32.71751,50.24163,2948.4561,-0.94473,66.09194,7.5800896156413975,2.823782825987582,0.0
20.94956,32.75611,50.16837,2944.44472,-0.9546,66.1103,7.637774129362742,2.8452718251196845,0.0
20.9655,32.79466,50.0945,2940.40315,-0.96291,66.12865,7.696360750129075,2.86709688286191,0.0
20.98141,32.83318,50.02017,2936.33054,-0.96964,66.147,7.7557233665006775,2.889211019384772,0.0
20.99728,32.87165,49.94547,2932.22607,-0.97476,66.16535,7.81573041456546,2.9115652236693617,0.0
21.01312,32.91007,49.87056,2928.08901,-0.97824,66.1837,7.876245059186096,2.9341085210266757,0.0
21.02893,32.94846,49.79555,2923.91871,-0.98008,66.20205,7.9371254263057445,2.95678805963761,0.0
21.0447,32.98679,49.72056,2919.71459,-0.98027,66.22039,7.998224888590419,2.979549216962258,0.0
21.06044,33.02508,49.64574,2915.47614,-0.97878,66.23873,8.059392406235796,3.0023357266994117,0.0
21.07615,33.06333,49.5712,2911.20294,-0.97563,66.25706,8.120472924185353,3.0250898267607726,0.0
21.09182,33.10153,49.49707,2906.89467,-0.9708,66.27539,8.181307826398486,3.0477524284977755,0.0
21.10746,33.13968,49.42349,2902.55109,-0.96432,66.29372,8.241735447111383,3.07026330715972,0.0
21.12306,33.17778,49.35057,2898.17205,-0.95618,66.31204,8.301591638271065,3.0925613132778755,0.0
21.13862,33.21584,49.27844,2893.75749,-0.9464,66.33035,8.3607103915337,3.114584604376223,0.0
21.15415,33.25385,49.20722,2889.30748,-0.935,66.34866,8.418924512329804,3.1362708960784746,0.0
21.16965,33.29181,49.13703,2884.82214,-0.92201,66.36697,8.476066342689442,3.1575577313794825,0.0
21.18511,33.32972,49.06799,2880.30173,-0.90746,66.38527,8.531968528570667,3.1783827664952717,0.0
21.20054,33.36758,49.00022,2875.74659,-0.89139,66.40356,8.586464826572207,3.1986840713847435,0.0
21.21593,33.40539,48.93381,2871.15718,-0.87382,66.42184,8.639390944080537,3.2184004427265585,0.0
21.23128,33.44314,48.86889,2866.53404,-0.85482,66.44012,8.690585406024017,3.2374717268078674,0.0
21.2466,33.48085,48.80555,2861.87784,-0.83442,66.45839,8.739890440704114,3.2558391495197423,0.0
21.26189,33.51851,48.74389,2857.18932,-0.81269,66.47665,8.787152876473428,3.273445650393339,0.0
21.27713,33.55611,48.68401,2852.46933,-0.78968,66.4949,8.832225040470515,3.290236217402262,0.0
21.29234,33.59366,48.62598,2847.71883,-0.76546,66.51315,8.874965650143038,3.306158219078399,0.0
