date,date1,date2,date3,date4,date5,OT1,OT2,OT3
0.04991,0.04991,50.54718,5271.84052,-0.45325,45.0001,7.688448630297512,2.864149410044251,0.0
0.09978,0.09978,50.48792,5267.63814,-0.40568,45.00025,7.740441737326506,2.8835182104335297,0.0
0.14961,0.14961,50.43532,5263.39654,-0.3574,45.00044,7.7853699253058695,2.9002551425876146,0.0
0.1994,0.1994,50.38945,5259.11956,-0.30853,45.00068,7.8230304882170145,2.914284693181064,0.0
0.24915,0.24915,50.35038,5254.81118,-0.2592,45.00097,7.853258246050299,2.9255453283141373,0.0
0.29886,0.29887,50.31815,5250.47549,-0.20951,45.00131,7.875927352597821,2.9339901669631803,0.0
0.34853,0.34854,50.29279,5246.11666,-0.1596,45.00169,7.890952651493061,2.9395874861410642,0.0
0.39815,0.39817,50.27431,5241.73893,-0.10959,45.00211,7.898290554390197,2.9423210480420927,0.0
0.44774,0.44776,50.26271,5237.34659,-0.0596,45.00258,7.8979394249412955,2.9421902430836044,0.0
0.49728,0.49731,50.25796,5232.94396,-0.00977,45.0031,7.889939462579003,2.939210046611973,0.0
0.54678,0.54682,50.26002,5228.53534,0.03979,45.00366,7.874372090557391,2.9334107909317124,0.0
0.59624,0.59629,50.26883,5224.12502,0.08894,45.00427,7.851358862954151,2.9248377581350455,0.0
0.64566,0.64571,50.28432,5219.71722,0.13757,45.00493,7.821059915101205,2.913550602846525,0.0
0.69503,0.6951,50.30639,5215.31611,0.18556,45.00563,7.783671990851048,2.899622617327849,0.0
0.74436,0.74445,50.33495,5210.92578,0.2328,45.00637,7.739426087905611,2.8831398543009024,0.0
0.79365,0.79375,50.36987,5206.55017,0.27916,45.00716,7.688584769058318,2.864200125314678,0.0
0.8429,0.84302,50.41101,5202.19315,0.32455,45.008,7.631439192254652,2.842911894364694,0.0
0.8921,0.89224,50.45822,5197.85839,0.36886,45.00888,7.568305915988673,2.8193930878191447,0.0
0.94127,0.94142,50.51134,5193.54944,0.412,45.00981,7.499523538517803,2.793769842437974,0.0
0.99039,0.99057,50.57019,5189.26967,0.45387,45.01078,7.425449229815937,2.7661752134341677,0.0
1.03946,1.03967,50.63459,5185.02225,0.49438,45.0118,7.346455214139335,2.7367478641369907,0.0
1.0885,1.08874,50.70434,5180.8102,0.53347,45.01286,7.262925258696509,2.7056307579291374,0.0
1.13749,1.13776,50.77923,5176.63629,0.57105,45.01397,7.1752512203101,2.6729698717874153,0.0
1.18645,1.18675,50.85905,5172.50314,0.60705,45.01513,7.083829697429654,2.638912949069412,0.0
1.23536,1.2357,50.94356,5168.41313,0.64143,45.01633,6.989058829502749,2.6036083071950307,0.0
1.28423,1.28462,51.03255,5164.36844,0.67411,45.01758,6.891335279805328,2.5672037136714003,0.0
1.33306,1.33349,51.12576,5160.37104,0.70507,45.01888,6.791051431632757,2.529845341600269,0.0
1.38185,1.38233,51.22297,5156.4227,0.73425,45.02022,6.6885928213817625,2.49167681343349,0.0
1.43061,1.43113,51.32391,5152.52498,0.76162,45.02161,6.5843358257515945,2.4528383393946025,0.0
1.47932,1.4799,51.42835,5148.67926,0.78715,45.02305,6.4786456142364885,2.4134659547283963,0.0
1.528,1.52863,51.53602,5144.88669,0.81082,45.02453,6.371874372365639,2.3736908578110545,0.0
1.57663,1.57733,51.64668,5141.14827,0.83262,45.02606,6.264359795935103,2.33363884921192,0.0
1.62523,1.626,51.76006,5137.46479,0.85253,45.02764,6.156423851808324,2.293429870059084,0.0
1.6738,1.67463,51.87591,5133.83688,0.87055,45.02927,6.048371796789817,2.2531776365440184,0.0
1.72232,1.72322,51.99398,5130.265,0.88667,45.03094,5.940491442712622,2.212989366147314,0.0
1.77081,1.77179,52.114,5126.74946,0.90091,45.03267,5.833052653080438,2.172965590124637,0.0
1.81927,1.82033,52.23572,5123.29042,0.91326,45.03444,5.72630705448265,2.133200046001226,0.0
1.86769,1.86883,52.35889,5119.8879,0.92375,45.03626,5.62048794450394,2.0937796432658042,0.0
1.91607,1.91731,52.48326,5116.5418,0.93238,45.03813,5.515810376827652,2.0547844950738203,0.0
1.96442,1.96575,52.60858,5113.25188,0.93919,45.04005,5.412471403798128,2.016288008608301,0.0
2.01274,2.01417,52.73461,5110.0178,0.94418,45.04202,5.310650456646818,1.9783570267240809,0.0
2.06102,2.06255,52.86112,5106.83913,0.94739,45.04404,5.210509843968568,1.941052013643337,0.0
2.10928,2.11091,52.98785,5103.71534,0.94885,45.04611,5.112195349654056,1.9044272777011508,0.0
2.1575,2.15925,53.11459,5100.6458,0.94859,45.04823,5.0158369124380915,1.8685312244951333,0.0
2.20569,2.20755,53.24111,5097.62982,0.94664,45.0504,4.921549370301987,1.8334066341948922,0.0
2.25384,2.25583,53.36717,5094.66664,0.94304,45.05262,4.829433254244938,1.7990909572427587,0.0
2.30197,2.30409,53.49258,5091.75542,0.93781,45.05489,4.739575617261077,1.7656166231695485,0.0
2.35007,2.35232,53.61712,5088.8953,0.93102,45.05721,4.65205088576525,1.733011357773068,0.0
2.39813,2.40053,53.74058,5086.08535,0.92268,45.05959,4.5669217221122675,1.701298504429231,0.0
2.44617,2.44871,53.86276,5083.32459,0.91285,45.06201,4.484239888224778,1.6704973458161616,0.0
2.49418,2.49687,53.98347,5080.61201,0.90156,45.06449,4.404047101730131,1.6406234228477046,0.0
2.54216,2.54501,54.10252,5077.94658,0.88885,45.06701,4.326375877239622,1.6116888480720777,0.0
2.59012,2.59313,54.21973,5075.32724,0.87478,45.06959,4.25125034664074,1.5837026112523203,0.0
2.63802,2.64124,54.33335,5072.75572,0.83576,45.12529,4.179613350608353,1.5570159453474504,47.999999181208274
2.68585,2.68938,54.44167,5070.23298,0.79588,45.18019,4.112324316243129,1.5319490095653554,47.999999181208274
2.73362,2.73755,54.54459,5067.75684,0.75518,45.23436,4.049265486593762,1.5084579363433017,47.999999181208274
2.78131,2.78574,54.64202,5065.32518,0.71371,45.28784,3.99032713671694,1.486501850252869,47.999999181208274
2.82894,2.83395,54.73385,5062.9359,0.67151,45.34069,3.935405104362715,1.4660419481152782,47.999999181208274
2.8765,2.88218,54.82,5060.58697,0.62863,45.39295,3.884400963450975,1.4470415636259404,47.999999181208274
2.924,2.93044,54.90039,5058.27638,0.58513,45.44467,3.837222161264613,1.4294662184625253,47.999999181208274
2.97143,2.97871,54.97494,5056.00219,0.54103,45.49589,3.793782124737535,1.4132836618800388,47.999999181208274
3.01879,3.02702,55.04359,5053.76246,0.49638,45.54667,3.754000340625963,1.3984639005767423,47.999999181208274
3.06609,3.07534,55.10627,5051.5553,0.45123,45.59705,3.7178024138885,1.3849792204422642,47.999999181208274
3.11333,3.12369,55.16292,5049.37886,0.40561,45.64708,3.685120108115288,1.3728042016185236,47.999999181208274
3.16051,3.17206,55.21349,5047.23129,0.35956,45.69679,3.6558913714078742,1.3619157281406646,47.999999181208274
3.20762,3.22045,55.25793,5045.11079,0.31314,45.74622,3.6300603507105857,1.3522929932758658,47.999999181208274
3.25468,3.26886,55.29619,5043.01557,0.26636,45.79543,3.6075773972127805,1.343917501535824,47.999999181208274
3.30167,3.3173,55.32825,5040.94384,0.21928,45.84446,3.5883990650987085,1.3367730682110448,47.999999181208274
3.3486,3.36576,55.35406,5038.89385,0.17192,45.89334,3.572488105581137,1.3308458171482085,47.999999181208274
3.39547,3.41424,55.3736,5036.86384,0.12434,45.94211,3.559813457874647,1.3261241773874892,47.999999181208274
3.44228,3.46274,55.38684,5034.85206,0.07656,45.99082,3.5503502384472747,1.3225988791585046,47.999999181208274
3.48904,3.51127,55.39378,5032.85677,0.02861,46.03951,3.5440797296678332,1.3202629496511469,47.999999181208274
3.53573,3.55982,55.39438,5030.87623,-0.01945,46.08821,3.540989368655512,1.3191117088617654,47.999999181208274
3.58236,3.60839,55.38865,5028.90868,-0.0676,46.13697,3.5410727369564876,1.3191427657474306,47.999999181208274
3.62893,3.65699,55.37658,5026.95238,-0.11579,46.18583,3.5443295513770723,1.3203560148110434,47.999999181208274
3.67545,3.70561,55.35817,5025.00554,-0.164,46.23482,3.55076565613115,1.322753633176045,47.999999181208274
3.7219,3.75425,55.33343,5023.0664,-0.21219,46.28399,3.560393016188853,1.326340078108628,47.999999181208274
3.7683,3.80292,55.30237,5021.13315,-0.26032,46.33338,3.5732297115046996,1.331122084867562,47.999999181208274
3.81463,3.85161,55.265,5019.20398,-0.30834,46.38303,3.589299931581801,1.3371086646792203,47.999999181208274
3.86091,3.90033,55.22134,5017.27704,-0.35624,46.43299,3.6086339695689214,1.3443111025385783,47.999999181208274
3.90712,3.94907,55.17143,5015.35045,-0.40395,46.48328,3.6312682148722724,1.3527429544569127,47.999999181208274
3.95328,3.99784,55.11528,5013.42232,-0.45146,46.53396,3.65724514297722,1.3624200436701197,47.999999181208274
3.99937,4.04663,55.05293,5011.49071,-0.49872,46.58507,3.686613300938564,1.373360455233462,47.999999181208274
4.0454,4.09545,54.98443,5009.55363,-0.54569,46.63665,3.719427286684946,1.3855845283119164,47.999999181208274
4.09137,4.14429,54.90981,5007.60908,-0.59234,46.68875,3.755747720001605,1.3991148453704871,47.999999181208274
4.13728,4.19316,54.82914,5005.65497,-0.63861,46.74142,3.7956412027135915,1.4139762173414054,47.999999181208274
4.18313,4.24205,54.74246,5003.68921,-0.68447,46.79469,3.839180265268413,1.430195663724758,47.999999181208274
4.22891,4.29097,54.64984,5001.70962,-0.72988,46.84862,3.88644329651683,1.4478023864299885,47.999999181208274
4.27463,4.33992,54.55134,4999.71398,-0.7748,46.90325,3.9375144531401123,1.4668277360351651,47.999999181208274
4.32028,4.3889,54.44704,4997.70001,-0.81918,46.95864,3.9924835447027323,1.4873051689660857,47.999999181208274
4.36587,4.4379,54.33701,4995.66535,-0.86297,47.01484,4.051445889906211,1.5092701939470534,47.999999181208274
4.41139,4.48693,54.22135,4993.60761,-0.90613,47.07189,4.114502139132259,1.5327603058935253,47.999999181208274
4.45684,4.53599,54.10013,4991.5243,-0.94862,47.12986,4.181758057867294,1.55781490523205,47.999999181208274
4.50222,4.58508,53.97346,4989.41287,-0.99038,47.1888,4.253324265111589,1.5844752004507905,47.999999181208274
4.54754,4.6342,53.84145,4987.27068,-1.03136,47.24876,4.329315920318945,1.6127840914763145,47.999999181208274
4.59278,4.68335,53.70419,4985.09503,-1.07152,47.3098,4.4098523519087065,1.6427860312845488,47.999999181208274
4.63795,4.73253,53.56182,4982.88313,-1.1108,47.37199,4.495056619837341,1.6745268629471788,47.999999181208274
4.68305,4.78175,53.41444,4980.63211,-1.14914,47.43539,4.5850550041961995,1.7080536291208621,47.999999181208274
4.72807,4.83099,53.2622,4978.33901,-1.18649,47.50005,4.67997641129319,1.7434143507970237,47.999999181208274
4.77302,4.88027,53.10524,4976.00079,-1.2228,47.56606,4.77995168822711,1.7806577719627597,47.999999181208274
4.81789,4.92958,52.94369,4973.61431,-1.258,47.63346,4.885112836540147,1.819833066665705,47.999999181208274
4.86267,4.97892,52.77771,4971.17637,-1.29204,47.70233,4.995592115199572,1.860989504851111,47.999999181208274
4.90738,5.02829,52.60746,4968.68364,-1.32485,47.77275,5.111521022980366,1.904176073272598,47.999999181208274
4.95201,5.07771,52.43312,4966.13273,-1.35637,47.84479,5.233029150187557,1.9494410477285162,47.999999181208274
4.99654,5.12715,52.25487,4963.52015,-1.38654,47.91851,5.3602428897935335,1.99683151292668,47.999999181208274
5.041,5.17663,52.07288,4960.84234,-1.41529,47.99401,5.493283998356545,2.046392826388644,47.999999181208274
5.08536,5.22615,51.88735,4958.09563,-1.44255,48.07134,5.63226799766112,2.0981680230187063,47.999999181208274
5.12963,5.27571,51.69849,4955.27629,-1.46825,48.15061,5.7773024088977465,2.152197157289377,47.999999181208274
5.17381,5.3253,51.50651,4952.38051,-1.49233,48.23188,5.928484812436422,2.2085165804559743,47.999999181208274
5.21789,5.37494,51.31164,4949.40441,-1.51471,48.31524,6.085900727906399,2.2671581508305514,47.999999181208274
5.26187,5.42461,51.1141,4946.34405,-1.53532,48.40078,6.2496213114272745,2.3281483759398878,47.999999181208274
5.30575,5.47432,50.91414,4943.19544,-1.55408,48.48858,6.41970086945985,2.3915074863695214,47.999999181208274
5.34953,5.52407,50.712,4939.95453,-1.57093,48.57873,6.596174192035104,2.457248442321373,47.999999181208274
5.39319,5.57387,50.50795,4936.61726,-1.58579,48.67131,6.7790537119089755,2.5253758753241553,47.999999181208274
5.43675,5.62371,50.30225,4933.17953,-1.59858,48.76642,6.968326500787818,2.595884969248321,47.999999181208274
5.4802,5.67359,50.09518,4929.63725,-1.60923,48.86413,7.163951118920816,2.6687602866963447,47.999999181208274
5.52353,5.72351,49.88703,4925.98634,-1.61766,48.96454,7.3658543403125645,2.743974549058248,47.999999181208274
5.56674,5.77348,49.6781,4922.22275,-1.62381,49.06773,7.573927782364284,2.821487380964266,47.999999181208274
5.60983,5.82349,49.46869,4918.34248,-1.6276,49.17379,7.78802447594604,2.901244032546509,47.999999181208274
5.65279,5.87356,49.25912,4914.34163,-1.62896,49.2828,8.007955419707745,2.983174095829144,47.999999181208274
5.69562,5.92366,49.0497,4910.21635,-1.62783,49.39485,8.233486170528801,3.067190234581178,47.999999181208274
5.73831,5.97382,48.84078,4905.96297,-1.62413,49.51001,8.464333530492032,3.153186950127079,47.999999181208274
5.78087,6.02402,48.63267,4901.57794,-1.61781,49.62835,8.700162399107887,3.2410394087174623,47.999999181208274
5.82329,6.07428,48.42574,4897.05792,-1.60881,49.74995,8.940582867779716,3.330602359140965,47.999999181208274
5.86556,6.12458,48.22033,4892.39978,-1.59708,49.87487,9.185147640981661,3.4217091720451505,47.999999181208274
5.90768,6.17494,48.0168,4887.60064,-1.58257,50.00318,9.433349875293649,3.514171034920189,47.999999181208274
5.94965,6.22534,47.8155,4882.65792,-1.56523,50.13492,9.684621532572294,3.6077763386116857,47.999999181208274
5.99146,6.2758,47.61681,4877.56934,-1.54504,50.27014,9.93833234691399,3.702290292487254,47.999999181208274
6.0331,6.32631,47.42109,4872.33303,-1.52196,50.40888,10.193789505974227,3.797454805719574,47.999999181208274
6.07458,6.37688,47.2287,4866.94746,-1.49597,50.55117,10.450238145409148,3.8929886714788826,47.999999181208274
6.11589,6.4275,47.04003,4861.41157,-1.46707,50.69703,10.70686275003279,3.9885880889009115,47.999999181208274
6.15702,6.47817,46.85544,4855.72477,-1.43525,50.84647,10.962789546439954,4.083927554401863,47.999999181208274
6.19798,6.5289,46.67529,4849.88697,-1.40053,50.99947,11.217089959097384,4.178661149163308,47.999999181208274
6.23875,6.57968,46.49994,4843.8986,-1.36292,51.15604,11.468785184954621,4.272424243295092,47.999999181208274
6.27933,6.63052,46.32976,4837.76068,-1.32246,51.31613,11.716851920463316,4.364835629300715,47.999999181208274
6.31971,6.68141,46.1651,4831.47482,-1.27918,51.47971,11.960229249881815,4.45550008815204,47.999999181208274
6.3599,6.73236,46.0063,4825.04323,-1.23316,51.64671,12.19782667507536,4.544011380601138,47.999999181208274
6.39989,6.78337,45.85369,4818.46875,-1.18445,51.81708,12.4285332353986,4.629955644576481,47.999999181208274
6.43967,6.83443,45.7076,4811.75489,-1.13315,51.99073,12.6512276326643,4.71291516700019,47.999999181208274
6.47925,6.88555,45.56832,4804.90578,-1.07934,52.16754,12.864789241527246,4.792472485445751,47.999999181208274
6.5186,6.93673,45.43616,4797.92622,-1.02315,52.34741,13.068109851459115,4.8682147623325855,47.999999181208274
6.55775,6.98796,45.31139,4790.82164,-0.96468,52.53021,13.260105953893204,4.939738362210772,47.999999181208274
6.59667,7.03925,45.19427,4783.5981,-0.90409,52.71579,13.439731359051295,5.006653551861015,47.999999181208274
6.63537,7.09059,45.08503,4776.26228,-0.84152,52.90399,13.6059899025418,5.068589233836785,47.999999181208274
6.67392,7.14192,44.98897,4768.81295,-0.69567,52.9115,13.748052589289584,5.121511322544583,0.0
6.7124,7.19319,44.91141,4761.25676,-0.54757,52.91901,13.85486054546322,5.161300096505725,0.0
6.75082,7.24438,44.85252,4753.61326,-0.39785,52.92655,13.925289645804762,5.187536789484105,0.0
6.78918,7.29551,44.8124,4745.90265,-0.24718,52.93409,13.958695020501686,5.1999811705070185,0.0
6.82746,7.34656,44.79108,4738.14553,-0.09622,52.94165,13.95489409319606,5.198565225077256,0.0
6.86567,7.39753,44.78849,4730.36264,0.05435,52.94923,13.91416835956965,5.183393817742876,0.0
6.90382,7.44843,44.80448,4722.57463,0.20388,52.95681,13.83725251646005,5.154740642406917,0.0
6.94189,7.49926,44.83882,4714.80174,0.35171,52.96441,13.725311559390843,5.1130396905547935,0.0
6.9799,7.55001,44.89119,4707.06365,0.49721,52.97203,13.579907011344915,5.058872670583773,0.0
7.01783,7.60068,44.96122,4699.37921,0.63978,52.97965,13.402953903024445,4.992952981817905,0.0
7.0557,7.65128,45.04845,4691.76625,0.77886,52.9873,13.196670467456268,4.916106974424912,0.0
7.09349,7.7018,45.15237,4684.24145,0.91393,52.99495,12.963522722096664,4.829253304792081,0.0
7.13122,7.75225,45.2724,4676.82015,1.04449,53.00262,12.706166185716256,4.733381223532372,0.0
7.16888,7.80263,45.40791,4669.51632,1.17012,53.01031,12.427386921428315,4.629528612461212,0.0
7.20647,7.85294,45.55824,4662.34244,1.29044,53.01801,12.130043928450824,4.518760524012098,0.0
7.24399,7.90317,45.72266,4655.30946,1.40512,53.02573,11.817014646356482,4.402148880135849,0.0
7.28145,7.95333,45.90045,4648.42683,1.51387,53.03346,11.4911450147317,4.280753868209582,0.0
7.31884,8.00343,46.09082,4641.70248,1.61647,53.04122,11.155205176163339,4.155607439233741,0.0
7.35617,8.05346,46.293,4635.14287,1.71275,53.04899,10.811851548461624,4.027699178737192,0.0
7.39344,8.10343,46.50617,4628.75306,1.80257,53.05678,10.463595645512177,3.8979646917242405,0.0
7.43065,8.15333,46.72953,4622.53679,1.88585,53.0646,10.112779713446129,3.7672765265069335,0.0
7.4678,8.20317,46.96226,4616.49654,1.96254,53.07243,9.761558982229936,3.636437562955291,0.0
7.50489,8.25295,47.20355,4610.63364,2.03264,53.08029,9.411890119237038,3.5061767111489366,0.0
7.54192,8.30268,47.45259,4604.94842,2.09619,53.08818,9.065525313063693,3.377146707442833,0.0
7.5789,8.35235,47.70859,4599.44023,2.15324,53.09608,8.724011310829171,3.249923755836274,0.0
7.61583,8.40197,47.97077,4594.10761,2.2039,53.10402,8.388692675552587,3.1250087414314613,0.0
7.65271,8.45154,48.23835,4588.94838,2.24826,53.11198,8.060718515094136,3.0028297371411665,0.0
7.68953,8.50106,48.51059,4583.95975,2.28648,53.11996,7.741051952770506,2.883745531742155,0.0
7.72631,8.55053,48.78675,4579.13837,2.3187,53.12798,7.430481653948068,2.768049923834434,0.0
7.76304,8.59996,49.06614,4574.48048,2.34508,53.13603,7.1296347851888555,2.655976549464108,0.0
7.79972,8.64934,49.34806,4569.98196,2.36582,53.1441,6.838990855792786,2.5477040384620433,0.0
7.83636,8.69868,49.63187,4565.63842,2.3811,53.15221,6.558895970222058,2.4433613238469665,0.0
7.87296,8.74799,49.91691,4561.44524,2.39111,53.16035,6.2895770990071975,2.3430329581134526,0.0
7.90951,8.79725,50.20258,4557.39768,2.39604,53.16853,6.031156052008802,2.246764318639583,0.0
7.94603,8.84648,50.48831,4553.4909,2.39611,53.17673,5.783662908530778,2.1545666107574992,0.0
7.9825,8.89568,50.77352,4549.72,2.39151,53.18498,5.547048722401203,2.0664216007303073,0.0
8.01894,8.94485,51.05768,4546.08008,2.38245,53.19325,5.321197375708634,1.9822860315807491,0.0
8.05534,8.99398,51.34029,4542.56629,2.36911,53.20157,5.105936502255178,1.902095692364882,0.0
8.0917,9.04309,51.62085,4539.17382,2.3517,53.20992,4.9010474410615,1.8257691261145867,0.0
8.12803,9.09216,51.89891,4535.89794,2.33041,53.21831,4.706274211994937,1.7532109734952042,0.0
8.16433,9.14121,52.17403,4532.73404,2.30543,53.22673,4.5213315304162105,1.684314958472312,0.0
8.20059,9.19024,52.44578,4529.67762,2.27693,53.2352,4.345911896522288,1.6189665292784743,0.0
8.23682,9.23924,52.71378,4526.72431,2.24509,53.2437,4.1796918085824935,1.5570451730071708,0.0
8.27302,9.28822,52.97765,4523.86988,2.21009,53.25224,4.022337158393996,1.4984264255619322,0.0
8.30918,9.33718,53.23704,4521.11026,2.17208,53.26083,3.8735078727805994,1.4429836007367602,0.0
8.34532,9.38612,53.49161,4518.4415,2.13124,53.26945,3.732861867564493,1.390589263174645,0.0
8.38143,9.43504,53.74104,4515.85984,2.0877,53.27812,3.6000583807498105,1.341116470066138,0.0
8.41752,9.48394,53.98504,4513.36163,2.04161,53.28682,3.4747607502758973,1.2944398059355333,0.0
8.45357,9.53283,54.22332,4510.94341,1.99312,53.29557,3.3566386990101744,1.2504362338608321,0.0
8.4896,9.5817,54.45562,4508.60184,1.94236,53.30436,3.2453701861455837,1.2089857851680006,0.0
8.5256,9.63055,54.68168,4506.33374,1.88945,53.3132,3.1406428800499793,1.1699721081061243,0.0
8.56158,9.67939,54.90128,4504.13605,1.83452,53.32207,3.04215530322562,1.1332828943749456,0.0
8.59753,9.72822,55.11418,4502.00587,1.77769,53.331,2.9496176955082767,1.098810200689239,0.0
8.63346,9.77703,55.32019,4499.94042,1.71906,53.33996,2.8627526371473917,1.0664506808925696,0.0
8.66936,9.82583,55.5191,4497.93703,1.65875,53.34897,2.781295469054879,1.0361057425110256,0.0
8.70524,9.87462,55.71073,4495.99316,1.59685,53.35802,2.7049945433721665,1.007681640096035,0.0
8.7411,9.9234,55.89491,4494.1064,1.53346,53.36712,2.6336113336277966,0.9810895162609704,0.0
8.77694,9.97217,56.07147,4492.27441,1.46868,53.37626,2.5669204301790067,0.9562453999830186,0.0
8.81275,10.02094,56.24028,4490.49497,1.4026,53.38545,2.5047094433468833,0.9330701705184756,0.0
8.84854,10.06969,56.40118,4488.76595,1.33529,53.39468,2.4467788336942378,0.9114894941767896,0.0
8.88431,10.11844,56.55404,4487.08531,1.26684,53.40396,2.392941686219803,0.8914337402019594,0.0
8.92006,10.16718,56.69875,4485.45108,1.19732,53.41328,2.343023442885262,0.8728378811318133,0.0
8.95579,10.21591,56.83518,4483.86139,1.12682,53.42265,2.2968616057488846,0.8556413822074788,0.0
8.9915,10.26463,56.96325,4482.31441,1.05541,53.43206,2.254305421171697,0.8397880837318707,0.0
9.02719,10.31335,57.08284,4480.80838,0.98314,53.44152,2.2152155539010265,0.8252260796572378,0.0
9.06286,10.36207,57.19387,4479.34162,0.9101,53.45103,2.1794637584499923,0.8119075951653747,0.0
9.09851,10.41078,57.29625,4477.91247,0.83633,53.46058,2.1469325539602147,0.7997888655454279,0.0
9.13414,10.45949,57.38992,4476.51935,0.76191,53.47018,2.1175149076853046,0.7888300182831663,0.0
9.16975,10.50819,57.47481,4475.16068,0.68689,53.47983,2.0911139313260305,0.778994959937842,0.0
9.20534,10.55689,57.55085,4473.83497,0.61134,53.48952,2.0676425936933445,0.7702512691016052,0.0
9.24091,10.60558,57.618,4472.54071,0.5353,53.49926,2.047023452506112,0.7625700964871054,0.0
9.27647,10.65428,57.67619,4471.27644,0.45884,53.50905,2.029188407585581,0.7559260729859333,0.0
9.31201,10.70297,57.7254,4470.04074,0.38201,53.51889,2.0140784772467923,0.7502972263685401,0.0
9.34753,10.75166,57.76559,4468.83217,0.30485,53.52877,2.001643599289012,0.7456649071479367,0.0
9.38303,10.80034,57.79673,4467.64933,0.22743,53.5387,1.9918424576635656,0.7420137240089012,0.0
9.41852,10.84903,57.81879,4466.49082,0.14979,53.54867,1.9846423356142822,0.7393314890989304,0.0
9.45398,10.89771,57.83175,4465.35523,0.07198,53.55869,1.9800189958594112,0.7376091733928508,0.0
9.48943,10.9464,57.83561,4464.24117,-0.00594,53.56876,1.9779565881751187,0.7368408722652396,0.0
9.52487,10.99508,57.83036,4463.14724,-0.08393,53.57888,1.9784475845640443,0.737023781339007,0.0
9.56028,11.04376,57.816,4462.07201,-0.16193,53.58904,1.9814927420397594,0.738158182621626,0.0
9.59568,11.09244,57.79253,4461.01405,-0.2399,53.59926,1.9871010928983834,0.7402474408810558,0.0
9.63106,11.14113,57.75997,4459.97192,-0.31779,53.60951,1.9952899622092564,0.743298010161475,0.0
9.66643,11.18981,57.71833,4458.94414,-0.39554,53.61982,2.0060850120982376,0.7473194502799775,0.0
9.70178,11.23849,57.66763,4457.9292,-0.47311,53.63017,2.019520312240902,0.752324453087142,0.0
9.73711,11.28717,57.60791,4456.92557,-0.55044,53.64057,2.0356384357915798,0.7583288782031237,0.0
9.77242,11.33586,57.5392,4455.93166,-0.62748,53.65102,2.0544905797713855,0.7653517978653627,0.0
9.80772,11.38454,57.46153,4454.94585,-0.70418,53.66152,2.076136708695456,0.7734155504335084,0.0
9.843,11.43323,57.37496,4453.96647,-0.78048,53.67206,2.1006457199285435,0.78254580198873,0.0
9.87826,11.48191,57.27954,4452.99179,-0.85632,53.68265,2.1280956289235613,0.7927716153399478,0.0
9.91351,11.5306,57.17533,4452.02003,-0.93165,53.69328,2.158573772099833,0.8041255256013193,0.0
9.94874,11.57929,57.0624,4451.04932,-1.00642,53.70396,2.192177024643504,0.8166436213286234,0.0
9.98396,11.62798,56.94082,4450.07775,-1.08054,53.71469,2.2290120299624006,0.830365629997232,0.0
10.01915,11.67667,56.81067,4449.10331,-1.15398,53.72547,2.269195436870079,0.84533500635941,0.0
10.05433,11.72536,56.67204,4448.12391,-1.22665,53.73629,2.3128541398302374,0.8615990219416789,0.0
10.0895,11.77405,56.52503,4447.13737,-1.29848,53.74716,2.360125516696915,0.8792088536092981,0.0
10.12464,11.82274,56.36975,4446.14142,-1.36942,53.75807,2.411157657387537,0.8982196687529875,0.0
10.15977,11.87144,56.2063,4445.13367,-1.43938,53.76903,2.4661095757400595,0.9186907042112928,0.0
10.19488,11.92013,56.03482,4444.11164,-1.50829,53.78004,2.5251513954985474,0.9406853355551023,0.0
10.22998,11.96883,55.85542,4443.07272,-1.57607,53.79109,2.588464499832028,0.9642711327873574,0.0
10.26505,12.01753,55.66826,4442.01416,-1.64263,53.80219,2.656241632109572,0.9895198978844207,0.0
10.30011,12.06622,55.47348,4440.93311,-1.70789,53.81333,2.7286869337335813,1.01650767888997,0.0
10.33515,12.11492,55.27124,4439.82656,-1.77175,53.82452,2.8060159027095217,1.0453147544811352,0.0
10.37018,12.16362,55.06172,4438.69134,-1.83411,53.83576,2.888455254298229,1.0760255820578148,0.0
10.40518,12.21231,54.84511,4437.52417,-1.89489,53.84703,2.976242662528087,1.1087287014491625,0.0
10.44016,12.26101,54.6216,4436.32156,-1.95396,53.85835,3.069626358605874,1.1435165853110587,0.0
10.47513,12.30971,54.3914,4435.07987,-2.01123,53.86972,3.1688645592882847,1.1804854261794644,0.0
10.51008,12.3584,54.15472,4433.7953,-2.06658,53.88113,3.274224695221177,1.219734849006485,0.0
10.545,12.40709,53.91182,4432.46384,-2.11988,53.89258,3.3859824060296058,1.2613675368049688,0.0
10.57991,12.45578,53.66293,4431.08131,-2.17102,53.90408,3.504420265755322,1.3054887558404387,0.0
10.6148,12.50447,53.40833,4429.64334,-2.21985,53.91561,3.629826199095497,1.3522057656383453,0.0
10.64966,12.55316,53.14829,4428.14536,-2.26625,53.92719,3.7624915459620483,1.4016270979814924,0.0
10.6845,12.60184,52.88312,4426.5826,-2.31007,53.93881,3.9027087293624083,1.4538616881342614,0.0
10.71933,12.65052,52.61313,4424.95009,-2.35116,53.95048,4.050768479605582,1.5090178407863308,0.0
10.75412,12.69919,52.33865,4423.24266,-2.38938,53.96218,4.206956566737758,1.5672020127989692,0.0
10.7889,12.74786,52.06003,4421.45494,-2.42455,53.97392,4.371549993137205,1.6285173948464522,0.0
10.82365,12.79652,51.77764,4419.58137,-2.45651,53.9857,4.544812599699386,1.693062274604411,0.0
10.85838,12.84517,51.49188,4417.61622,-2.4851,53.99752,4.726990042506952,1.7609281654272353,0.0
10.89309,12.89382,51.20315,4415.55357,-2.51013,54.00938,4.918304102648411,1.8321976866058043,0.0
10.92776,12.94245,50.91187,4413.38732,-2.53144,54.02128,5.11894630052844,1.9069421845300663,0.0
10.96242,12.99108,50.61851,4411.11127,-2.54883,54.03321,5.329070798043257,1.985219088562606,0.0
10.99704,13.03969,50.32354,4408.71907,-2.56213,54.04518,5.548786587920515,2.0670690013622446,0.0
11.03164,13.0883,50.02744,4406.20428,-2.57113,54.05719,5.7781489898580976,2.1525125309719932,0.0
11.06621,13.13689,49.73073,4403.56041,-2.57567,54.06922,6.017150498206476,2.241546881339918,0.0
11.10074,13.18546,49.43395,4400.78093,-2.57553,54.0813,6.265711056153524,2.3341422291970777,0.0
11.13525,13.23402,49.13765,4397.85933,-2.57055,54.0934,6.523667866745599,2.430237928394798,0.0
11.16973,13.28257,48.84242,4394.78919,-2.56053,54.10554,6.79076489146078,2.5297385978468823,0.0
11.20417,13.33109,48.54884,4391.56419,-2.54531,54.11771,7.066642231886764,2.6325101659252503,0.0
11.23858,13.37959,48.25755,4388.17822,-2.52469,54.1299,7.350825638394487,2.7383759621648176,0.0
11.27295,13.42807,47.96916,4384.6254,-2.49854,54.14213,7.642716440004878,2.8471129658738996,0.0
11.30729,13.47653,47.68434,4380.90022,-2.46669,54.15438,7.9415822398874125,2.9584483399626045,0.0
11.34155,13.52499,47.4022,4377.00062,-2.45616,54.25558,8.248363691562508,3.0727325026173715,33.99999942002253
11.3757,13.57347,47.1218,4372.92381,-2.44066,54.36033,8.564173973535368,3.1903801421208797,33.99999942002253
11.40973,13.62198,46.84374,4368.66363,-2.42006,54.46872,8.888401911970137,3.3111635801383192,33.99999942002253
11.44364,13.67052,46.5686,4364.21428,-2.39421,54.58086,9.220289339564447,3.434800379400976,33.99999942002253
11.47741,13.71909,46.297,4359.57036,-2.36299,54.69683,9.558934505065192,3.5609546138405666,33.99999942002253
11.51106,13.76768,46.02957,4354.72702,-2.3263,54.81672,9.903285477794077,3.6892344116014617,33.99999942002253
11.54457,13.8163,45.76693,4349.68,-2.28403,54.9406,10.252135491899017,3.81919022065184,33.99999942002253
11.57793,13.86495,45.50974,4344.42572,-2.23612,55.06851,10.604120678771276,3.950313964049407,33.99999942002253
11.61115,13.91362,45.25862,4338.96143,-2.18252,55.20051,10.957720636127787,4.082039251939523,33.99999942002253
11.64422,13.96232,45.01423,4333.28522,-2.1232,55.33661,11.311262262009958,4.213742809820657,33.99999942002253
11.67713,14.01105,44.77721,4327.39618,-2.05817,55.47682,11.66292723858373,4.344747266456796,33.99999942002253
11.70988,14.0598,44.5482,4321.29445,-1.98746,55.62113,12.010763481078904,4.4743254189086015,33.99999942002253
11.74247,14.10857,44.32782,4314.9813,-1.91114,55.76949,12.352700770462764,4.601706056115645,33.99999942002253
11.77488,14.15737,44.11669,4308.45923,-1.8293,55.92184,12.686570664812733,4.726081376406625,33.99999942002253
11.80712,14.2062,43.91541,4301.73197,-1.74209,56.07811,13.01013063566064,4.8466159789226735,33.99999942002253
11.83918,14.25504,43.72455,4294.80458,-1.64967,56.23817,13.321092206799571,4.962457346063281,33.99999942002253
11.87105,14.30391,43.54467,4287.68345,-1.55226,56.40189,13.617152690540964,5.072747666077102,33.99999942002253
11.90273,14.3528,43.37628,4280.37629,-1.45012,56.56912,13.896029929056319,5.1766367751258295,33.99999942002253
11.93422,14.4017,43.21986,4272.89218,-1.34352,56.73965,14.155499267116527,5.273295930602422,33.99999942002253
11.96551,14.45063,43.07586,4265.24145,-1.23279,56.91329,14.39343181878977,5.361932066482915,33.99999942002253
11.9966,14.49958,42.94469,4257.43571,-1.1183,57.08978,14.607832956793237,5.441802131622659,33.99999942002253
12.02749,14.54854,42.8267,4249.48771,-1.00044,57.26888,14.796879860421054,5.5122270773474185,33.99999942002253
12.05817,14.59751,42.7222,4241.41127,-0.87963,57.45029,14.958956916069445,5.572605045080434,33.99999942002253
12.08864,14.6465,42.63144,4233.22117,-0.75633,57.63372,15.092687779852843,5.622423310510546,33.99999942002253
12.1189,14.6955,42.55462,4224.93299,-0.63101,57.81885,15.196962987995486,5.661268569189529,33.99999942002253
12.14894,14.74451,42.49189,4216.56299,-0.50417,58.00534,15.270962135945842,5.6888351988358,33.99999942002253
12.17877,14.79354,42.44333,4208.12791,-0.37632,58.19287,15.314169836253146,5.704931204063287,33.99999942002253
12.20838,14.84256,42.40897,4199.64485,-0.24798,58.38109,15.326384897912801,5.709481635929123,33.99999942002253
12.23778,14.8916,42.38878,4191.13104,-0.11966,58.56963,15.307722433119311,5.702529376754547,33.99999942002253
12.26696,14.94064,42.38267,4182.6037,0.00811,58.75816,15.258608875189434,5.684233284170186,33.99999942002253
12.29592,14.98968,42.3905,4174.07986,0.13482,58.94633,15.179770167327918,5.654863791120523,33.99999942002253
12.32466,15.03873,42.41206,4165.57621,0.25997,59.1338,15.072213639330224,5.61479615445881,33.99999942002253
12.35319,15.08777,42.44711,4157.10889,0.38306,59.32024,14.937204313639771,5.564501628329965,33.99999942002253
12.38151,15.13681,42.49533,4148.69343,0.50364,59.50534,14.77623656184994,5.504536905471805,33.99999942002253
12.40962,15.18586,42.55638,4140.34457,0.62126,59.68879,14.591002159448667,5.435532216766877,33.99999942002253
12.43751,15.23489,42.62987,4132.07615,0.73551,59.87033,14.383355856806661,5.358178505529691,33.99999942002253
12.4652,15.28393,42.71536,4123.90106,0.84601,60.04968,14.155279598129928,5.273214098125075,33.99999942002253
12.49268,15.33296,42.81238,4115.83113,0.95241,60.22661,13.908846481553459,5.1814112781548065,33.99999942002253
12.51997,15.38198,42.92043,4107.87712,1.0544,60.4009,13.646185469576759,5.083563140166326,33.99999942002253
12.54705,15.43099,43.03897,4100.04865,1.15169,60.57237,13.369447739180783,4.980471054185912,33.99999942002253
12.57394,15.48,43.16746,4092.35422,1.24405,60.74083,13.080775415417389,4.872933018158086,33.99999942002253
12.60064,15.529,43.30533,4084.80117,1.33126,60.90616,12.782273271835148,4.761733115609614,33.99999942002253
12.62715,15.57798,43.45197,4077.39577,1.41316,61.06822,12.475983816049927,4.6476322343690155,33.99999942002253
12.65348,15.62696,43.60679,4070.14317,1.48961,61.22692,12.163866017808013,4.53136014221038,33.99999942002253
12.67963,15.67593,43.76918,4063.04752,1.5605,61.38219,11.84777778765032,4.413608959694765,33.99999942002253
12.70561,15.72489,43.93853,4056.11195,1.62577,61.53396,11.529462182010182,4.295028021206164,33.99999942002253
12.73142,15.77383,44.11421,4049.33869,1.68538,61.68222,11.210537198865588,4.176220073563465,33.99999942002253
12.75706,15.82276,44.29561,4042.7291,1.7393,61.82693,10.892488938844085,4.057738728352093,33.99999942002253
12.78254,15.87169,44.48212,4036.28374,1.78755,61.96811,10.576667839975583,3.94008705927035,33.99999942002253
12.80786,15.9206,44.67313,4030.00247,1.83017,62.10576,10.26428764923346,3.823717219001424,33.99999942002253
12.83302,15.9695,44.86804,4023.88447,1.86721,62.23993,9.956426768557264,3.7090309406422604,33.99999942002253
12.85804,16.01839,45.06626,4017.92836,1.89874,62.37065,9.65403160465439,3.5963807855928227,33.99999942002253
12.88292,16.06726,45.26723,4012.13222,1.92486,62.49798,9.357921557636045,3.4860720019542506,33.99999942002253
12.90765,16.11613,45.47037,4006.49372,1.94568,62.62199,9.068795300448567,3.378364863782245,33.99999942002253
12.93225,16.16498,45.67513,4001.0101,1.9613,62.74274,8.787238026213917,3.273477370912095,33.99999942002253
12.95671,16.21383,45.88099,3995.6783,1.97186,62.86033,8.51372937135678,3.1715882005319904,33.99999942002253
12.98104,16.26266,46.08742,3990.49498,1.9775,62.97483,8.248651756423117,3.072839814357392,33.99999942002253
13.00525,16.31148,46.29393,3985.45656,1.97836,63.08635,7.992298921880655,2.9773416384413025,33.99999942002253
13.02933,16.3603,46.50002,3980.55931,1.97459,63.19496,7.744884471287761,2.8851732457294634,33.99999942002253
13.0533,16.4091,46.70524,3975.79933,1.96634,63.30078,7.506550267893278,2.796387484014716,33.99999942002253
13.07715,16.45789,46.90913,3971.17264,1.95377,63.40391,7.277374562112717,2.7110135036357286,33.99999942002253
13.10089,16.50668,47.11127,3966.67519,1.93704,63.50444,7.057379755805449,2.6290596498745473,33.99999942002253
13.12452,16.55546,47.31123,3962.30289,1.91631,63.60248,6.846539734600552,2.550516194440892,33.99999942002253
13.14804,16.60422,47.50863,3958.05163,1.89173,63.69813,6.644786721491831,2.475357888616634,33.99999942002253
13.17146,16.65298,47.70309,3953.91731,1.86346,63.79149,6.452017623663628,2.4035463276154068,33.99999942002253
13.19478,16.70174,47.89423,3949.89586,1.83167,63.88267,6.26809986011537,2.335032121526081,33.99999942002253
13.218,16.75048,48.08173,3945.98325,1.7965,63.97176,6.092876670323719,2.269756872929094,33.99999942002253
13.24112,16.79922,48.26524,3942.1755,1.75811,64.05887,5.926171914270575,2.207654965033183,33.99999942002253
13.26416,16.84795,48.44447,3938.4687,1.71665,64.1441,5.7677943819267,2.148655167071417,33.99999942002253
13.2871,16.89668,48.6191,3934.85901,1.67226,64.22752,5.617541635983036,2.0926820658197247,33.99999942002253
13.30995,16.9454,48.78886,3931.34268,1.62509,64.30925,5.47520341564896,2.039657333601306,33.99999942002253
13.33271,16.99411,48.95349,3927.91601,1.57528,64.38937,5.340564631888853,1.9895008440910602,33.99999942002253
13.35539,17.04282,49.11272,3924.57543,1.52296,64.46798,5.213407985855419,1.9421316477508905,33.99999942002253
13.37798,17.09152,49.26632,3921.31742,1.46827,64.54514,5.093516242704824,1.8974688188856783,33.99999942002253
13.4005,17.14022,49.41408,3918.13857,1.41133,64.62096,4.980674192650378,1.8554321861873706,33.99999942002253
13.42293,17.18892,49.55577,3915.03555,1.35228,64.69552,4.874670330242312,1.8159429583108848,33.99999942002253
13.44528,17.23761,49.69119,3912.00512,1.29122,64.76888,4.775298281510835,1.7789242555224478,33.99999942002253
13.46756,17.2863,49.82017,3909.04412,1.22829,64.84114,4.682358007030091,1.7443015578725747,33.99999942002253
13.48976,17.33499,49.94252,3906.14946,1.1636,64.91236,4.595656807134718,1.7120030796656838,33.99999942002253
13.51189,17.38367,50.05809,3903.31813,1.09726,64.98262,4.515010153608533,1.6819600792860185,33.99999942002253
13.53394,17.43235,50.16671,3900.54722,1.02938,65.05199,4.4402423701948806,1.6541071127056535,33.99999942002253
13.55592,17.48103,50.26826,3897.83385,0.96006,65.12054,4.371187182324698,1.6283822382726665,33.99999942002253
13.57783,17.52971,50.3626,3895.17523,0.88941,65.18834,4.3076881545305294,1.604727179659364,33.99999942002253
13.59967,17.57838,50.44961,3892.56862,0.81753,65.25546,4.249599032177171,1.5830874531659422,33.99999942002253
13.62144,17.62705,50.52918,3890.01132,0.74451,65.32195,4.196784002368908,1.5634124649152952,33.99999942002253
13.64314,17.67573,50.60122,3887.50071,0.67046,65.38788,4.149117887236551,1.545655582857522,33.99999942002253
13.66477,17.7244,50.66562,3885.03418,0.59547,65.45332,4.106486281261569,1.5297741879267792,33.99999942002253
13.68634,17.77307,50.72232,3882.60918,0.51963,65.51832,4.0687856428411235,1.515729708151666,33.99999942002253
13.70784,17.82174,50.77124,3880.22318,0.44303,65.58294,4.0359233489490505,1.503487639017878,33.99999942002253
13.72927,17.87041,50.81231,3877.87368,0.36576,65.64724,4.007817720533678,1.4930175529295617,33.99999942002253
13.75064,17.91908,50.84548,3875.5582,0.2879,65.71129,3.98439802511681,1.4842931001775057,33.99999942002253
13.77194,17.96775,50.87072,3873.27428,0.20954,65.77513,3.965604462017421,1.4772920034345776,33.99999942002253
13.79318,18.01642,50.88797,3871.01947,0.13078,65.83882,3.951388134641098,1.4719960474328122,33.99999942002253
13.81435,18.06509,50.89722,3868.7913,0.05169,65.90242,3.9417110133418216,1.468391065128446,33.99999942002253
13.83546,18.11376,50.89844,3866.58732,-0.02765,65.96599,3.9365458915142417,1.4664669213451382,33.99999942002253
13.8565,18.16243,50.89162,3864.40507,-0.10715,66.02958,3.935876336765874,1.4662174945843252,33.99999942002253
13.87748,18.21111,50.87676,3862.24206,-0.18672,66.09324,3.939696638216538,1.4676406573928782,33.99999942002253
13.89839,18.25978,50.85386,3860.0958,-0.26628,66.15703,3.948011750236032,1.4707382554039046,33.99999942002253
13.91924,18.30846,50.82294,3857.96375,-0.34575,66.22102,3.9608372321764826,1.475516084885462,33.99999942002253
13.94003,18.35713,50.78403,3855.84337,-0.42505,66.28524,3.9781991829160535,1.4819838683563695,33.99999942002253
13.96075,18.40581,50.73714,3853.73204,-0.50408,66.34977,4.000134168297539,1.4901552275551728,33.99999942002253
13.98141,18.45449,50.68233,3851.62712,-0.58277,66.41466,4.026689138759766,1.5000476527556763,33.99999942002253
14.002,18.50318,50.61963,3849.52592,-0.66103,66.47996,4.057921333705133,1.511682467141332,33.99999942002253
14.02252,18.55186,50.54911,3847.42569,-0.73877,66.54574,4.093898168284552,1.525084784629654,33.99999942002253
14.04298,18.60055,50.47084,3845.32361,-0.81589,66.61206,4.134697097467058,1.5402834592345709,33.99999942002253
14.06338,18.64923,50.38487,3843.2168,-0.89232,66.67897,4.180405451305667,1.5573110236986236,33.99999942002253
14.0837,18.69792,50.29131,3841.1023,-0.96796,66.74655,4.231120234395448,1.576203614785819,33.99999942002253
14.10396,18.74662,50.19024,3838.97708,-1.04271,66.81485,4.286947881458162,1.597000882230479,33.99999942002253
14.12416,18.79531,50.08177,3836.83801,-1.11647,66.88394,4.348003959950889,1.6197458779511296,33.99999942002253
14.14428,18.844,49.966,3834.68187,-1.18916,66.95388,4.414412809446599,1.6444849217102735,33.99999942002253
14.16433,18.8927,49.84306,3832.50535,-1.26066,67.02476,4.486307106351932,1.6712674389603088,33.99999942002253
14.18432,18.9414,49.71309,3830.30504,-1.33088,67.09663,4.563827341314809,1.700145766164119,33.99999942002253
14.20423,18.9901,49.57622,3828.07742,-1.39971,67.16957,4.6471211954100085,1.731174918407781,33.99999942002253
14.22407,19.0388,49.43261,3825.81885,-1.46704,67.24365,4.736342799931045,1.7644123136535679,33.99999942002253
14.24383,19.08751,49.28243,3823.52559,-1.53275,67.31896,4.831651863370241,1.7999174475170536,33.99999942002253
14.26353,19.13621,49.12586,3821.19376,-1.59674,67.39557,4.933212647962148,1.8377515120026071,33.99999942002253
14.28314,19.18492,48.96307,3818.81937,-1.65888,67.47356,5.041192777073382,1.8779769512247295,33.99999942002253
14.30268,19.23363,48.79427,3816.39832,-1.71906,67.55303,5.15576185374326,1.920656946778091,33.99999942002253
14.32214,19.28234,48.61968,3813.92635,-1.77714,67.63404,5.277089869957021,1.965854825149951,33.99999942002253
14.34152,19.33105,48.43952,3811.39911,-1.83301,67.7167,5.40534538575126,2.0136333793890233,33.99999942002253
14.36082,19.37976,48.25402,3808.8121,-1.88652,67.80109,5.5406934572020745,2.06405409722654,33.99999942002253
14.38003,19.42847,48.06344,3806.1607,-1.93755,67.88731,5.683293292750047,2.117176287995646,33.99999942002253
14.39916,19.47718,47.86805,3803.44016,-1.98596,67.97546,5.833295618335912,2.173056101075102,33.99999942002253
14.4182,19.52589,47.66812,3800.64565,-2.0316,68.06563,5.990839733627958,2.2317454292565393,33.99999942002253
14.43715,19.5746,47.46394,3797.77218,-2.07433,68.15792,6.15605024423712,2.2932906914086044,33.99999942002253
14.45602,19.62331,47.25583,3794.81469,-2.11401,68.25243,6.329033458600543,2.3577314902212745,33.99999942002253
14.47478,19.67202,47.0441,3791.76803,-2.1505,68.34928,6.509873443070782,2.425099142622797,33.99999942002253
14.49346,19.72072,46.82909,3788.62696,-2.18363,68.44856,6.698627735105913,2.495415082830207,33.99999942002253
14.51203,19.76942,46.61116,3785.38618,-2.21326,68.55038,6.895322722257361,2.5686891409007075,33.99999942002253
14.5305,19.81812,46.39065,3782.04036,-2.23924,68.65484,7.099948704116512,2.644917703176858,33.99999942002253
14.54887,19.86682,46.16797,3778.58412,-2.26142,68.76206,7.312454665626327,2.724081765207623,33.99999942002253
14.56714,19.91551,45.94349,3775.01211,-2.27964,68.87214,7.532742803170034,2.8061448925723878,33.99999942002253
14.58529,19.96419,45.71763,3771.31901,-2.29376,68.98519,7.760662859629631,2.891051110541193,33.99999942002253
14.60333,20.01287,45.49082,3767.49954,-2.30363,69.10131,7.996006341064905,2.9787227496355055,33.99999942002253
14.62126,20.06155,45.26347,3763.54854,-2.30912,69.2206,8.238500705565363,3.069058280822655,33.99999942002253
14.63907,20.11021,45.03606,3759.46097,-2.31007,69.34317,8.487803633750062,3.161930181126278,33.99999942002253
14.65676,20.15887,44.80903,3755.23199,-2.30637,69.4691,8.743497510026573,3.2571828777500644,33.99999942002253
14.67433,20.20752,44.58285,3750.85695,-2.29788,69.59848,9.005084263133012,3.35463082604392,33.99999942002253
14.69176,20.25616,44.35802,3746.3315,-2.2845,69.73141,9.27198073308875,3.454056783571198,33.99999942002253
14.70907,20.30479,44.13501,3741.6516,-2.26613,69.86794,9.543514748272047,3.555210348716901,33.99999942002253
14.72624,20.3534,43.91434,3736.81359,-2.24267,70.00817,9.818922109874755,3.657806837317711,33.99999942002253
14.74328,20.402,43.6965,3731.81424,-2.21404,70.15213,10.097344690106981,3.7615265741931947,33.99999942002253
14.76017,20.45059,43.482,3726.65081,-2.18019,70.29988,10.377829853829036,3.8660146776884767,33.99999942002253
14.77691,20.49916,43.27136,3721.3211,-2.14109,70.45145,10.65933140947695,3.9708814139190234,33.99999942002253
14.79351,20.54771,43.06508,3715.82353,-2.0967,70.60687,10.940712282870136,4.075703192834342,33.99999942002253
14.80995,20.59624,42.86368,3710.15715,-2.04703,70.76613,11.220749085576625,4.180024270054238,33.99999942002253
14.82624,20.64475,42.66767,3704.32174,-1.9921,70.92924,11.498138717247326,4.28335920641204,33.99999942002253
14.84237,20.69324,42.47754,3698.31783,-1.93197,71.09616,11.771507098364113,4.385196121133042,33.99999942002253
14.85834,20.7417,42.29379,3692.14675,-1.86671,71.26686,12.039420076126532,4.485000754564239,33.99999942002253
14.87413,20.79014,42.11689,3685.81066,-1.79642,71.44126,12.300396482977236,4.582221332818656,33.99999942002253
14.88976,20.83855,41.94731,3679.31261,-1.72123,71.61929,12.552923255698058,4.676294200036438,33.99999942002253
14.90522,20.88694,41.78549,3672.65652,-1.64132,71.80085,12.795472445724512,4.766650155174569,33.99999942002253
14.92049,20.93529,41.63187,3665.84721,-1.55686,71.98581,13.026519871288377,4.852721400420748,33.99999942002253
14.93559,20.98361,41.48683,3658.8904,-1.46809,72.17403,13.24456508286317,4.933948978847158,33.99999942002253
14.95051,21.03189,41.35076,3651.79269,-1.37525,72.36535,13.448152239405307,5.00979055135958,33.99999942002253
14.96524,21.08013,41.22401,3644.56157,-1.27863,72.55958,13.635891428392346,5.079728338972607,33.99999942002253
14.97978,21.12834,41.10689,3637.20532,-1.17852,72.75653,13.806479911875073,5.143277037523056,33.99999942002253
14.99413,21.17651,40.99967,3629.73302,-1.07527,72.95598,13.958722747767052,5.1999914996429135,33.99999942002253
15.00829,21.22463,40.90262,3622.15448,-0.96922,73.15769,14.09155222339981,5.249473974269962,33.99999942002253
15.02226,21.27271,40.81592,3614.48013,-0.86077,73.36141,14.20404554917702,5.291380697999511,33.99999942002253
15.03603,21.32075,40.73977,3606.72101,-0.7503,73.56688,14.295440294851259,5.325427645503651,33.99999942002253
15.04961,21.36873,40.67427,3598.88862,-0.63824,73.77382,14.365147108835698,5.351395267809513,33.99999942002253
15.06299,21.41667,40.61952,3590.99483,-0.52499,73.98196,14.412759340176084,5.36913207673701,33.99999942002253
15.07618,21.46455,40.57557,3583.05183,-0.41101,74.191,14.438059279588492,5.378556969849601,33.99999942002253
15.08916,21.51238,40.54241,3575.07195,-0.29673,74.40064,14.441020846070732,5.3796602312877395,33.99999942002253
15.10195,21.56016,40.52001,3567.06763,-0.18258,74.61061,14.42180866307545,5.3725031876190394,33.99999942002253
15.11454,21.60788,40.50827,3559.05126,-0.06901,74.82059,14.380773587486619,5.35721654226438,33.99999942002253
15.12693,21.65554,40.5071,3551.03509,0.04354,75.0303,14.318444869373385,5.333997454799928,33.99999942002253
15.13913,21.70315,40.51631,3543.03114,0.15466,75.23946,14.2355192250904,5.303105470399498,33.99999942002253
15.15113,21.7507,40.53572,3535.05111,0.26393,75.44779,14.132847196120675,5.264857438144608,33.99999942002253
15.16294,21.79818,40.56508,3527.10629,0.37095,75.65501,14.011417236900597,5.219621583320612,33.99999942002253
15.17456,21.84561,40.60413,3519.20747,0.47536,75.86089,13.872338024707558,5.167810917384396,33.99999942002253
15.18599,21.89297,40.65256,3511.36489,0.57679,76.06516,13.716819512110238,5.109876179503558,33.99999942002253
15.19723,21.94027,40.71005,3503.58817,0.67491,76.26761,13.546153247845076,5.046298505565114,33.99999942002253
15.20829,21.98751,40.77625,3495.88629,0.76942,76.46803,13.361692476901956,4.977582014933818,33.99999942002253
15.21916,22.03469,40.85076,3488.26753,0.86002,76.66623,13.164832497302722,4.904246492835306,33.99999942002253
15.22985,22.0818,40.93318,3480.73944,0.94648,76.86202,12.956991703140314,4.826820328389389,33.99999942002253
15.24036,22.12885,41.0231,3473.30884,1.02855,77.05525,12.739593684290575,4.745833846281727,33.99999942002253
15.2507,22.17584,41.12008,3465.98182,1.10604,77.24579,12.514050686862369,4.6618131453463025,33.99999942002253
15.26087,22.22276,41.22366,3458.76372,1.17878,77.43351,12.2817486686857,4.5752745313415355,33.99999942002253
15.27087,22.26962,41.33339,3451.65918,1.24663,77.61831,12.044034114247586,4.4867196051669795,33.99999942002253
15.28071,22.31642,41.44879,3444.67211,1.30947,77.80011,11.80220270656716,4.396631042838735,33.99999942002253
15.29038,22.36315,41.56939,3437.80575,1.36721,77.97884,11.557489891884474,4.305469080587768,33.99999942002253
15.2999,22.40983,41.6947,3431.06268,1.41978,78.15445,11.311063318501349,4.213668698129182,33.99999942002253
15.30926,22.45644,41.82426,3424.44487,1.46713,78.3269,11.064017084703911,4.121637475862018,33.99999942002253
15.31846,22.50299,41.95758,3417.95371,1.50926,78.49618,10.817367693175486,4.029754087781609,33.99999942002253
15.32752,22.54949,42.09417,3411.59004,1.54616,78.66228,10.572051580413662,3.938367381122435,33.99999942002253
15.33643,22.59592,42.23358,3405.35419,1.57785,78.82521,10.328924069413926,3.8477959862052167,33.99999942002253
15.3452,22.6423,42.37532,3399.24605,1.60436,78.98499,10.088759581281094,3.758328395267743,33.99999942002253
15.35384,22.68862,42.51894,3393.26505,1.62576,79.14164,9.852252935761472,3.670223446947324,33.99999942002253
15.36233,22.73488,42.66398,3387.41028,1.6421,79.29521,9.620021570962736,3.5837111531848387,33.99999942002253
15.37069,22.78109,42.81,3381.68046,1.65348,79.44575,9.392608517495399,3.498993807170702,33.99999942002253
15.37892,22.82724,42.95657,3376.07402,1.65997,79.59331,9.170485971115754,3.416247314248349,33.99999942002253
15.38703,22.87334,43.10326,3370.58909,1.6617,79.73796,8.954059319483246,3.335622691987314,33.99999942002253
15.39501,22.91939,43.24966,3365.22361,1.65876,79.87976,8.743671492043315,3.2572476906290437,33.99999942002253
15.40287,22.96538,43.39536,3359.97527,1.65128,80.01879,8.539607516566084,3.1812284905174364,33.99999942002253
15.41061,23.01133,43.54,3354.84162,1.63938,80.15513,8.3420991807208,3.107651438657989,33.99999942002253
15.41824,23.05722,43.68317,3349.82003,1.6232,80.28887,8.151329711833117,3.0365847920505105,33.99999942002253
15.42575,23.10307,43.82454,3344.90778,1.60287,80.42009,7.967438402179741,2.968080440733071,33.99999942002253
15.43315,23.14887,43.96375,3340.10203,1.57853,80.54887,7.790525120491606,2.9021755884356497,33.99999942002253
15.44044,23.19462,44.10046,3335.39984,1.55031,80.67531,7.620654662603361,2.838894373311535,33.99999942002253
15.44762,23.24033,44.23436,3330.79824,1.51838,80.79951,7.457860905233674,2.77824941532978,33.99999942002253
15.4547,23.28599,44.36514,3326.2942,1.48286,80.92154,7.302150736673724,2.7202432805600902,33.99999942002253
15.46168,23.3316,44.4925,3321.88464,1.4439,81.04152,7.153507746661284,2.6648698557480075,33.99999942002253
15.46856,23.37718,44.61616,3317.56649,1.40166,81.15952,7.0118956649878905,2.612115629286551,33.99999942002253
15.47534,23.42271,44.73586,3313.33663,1.35627,81.27566,6.877261544500483,2.561960876968083,33.99999942002253
15.48202,23.46819,44.85135,3309.19198,1.30788,81.39,6.749538689175389,2.514380752768908,33.99999942002253
15.48861,23.51364,44.96238,3305.12942,1.25664,81.50267,6.628649331944784,2.469346286410086,33.99999942002253
15.4951,23.55905,45.06873,3301.14586,1.20268,81.61373,6.514507070142202,2.426825290624967,33.99999942002253
15.5015,23.60441,45.17018,3297.23824,1.14615,81.72329,6.407019068784146,2.386783181939564,33.99999942002253
15.50781,23.64974,45.26652,3293.40348,1.08719,81.83144,6.306088043621673,2.349183719411443,33.99999942002253
15.51404,23.69503,45.35758,3289.63857,1.02594,81.93826,6.211614037037756,2.3139896661982164,33.99999942002253
15.52017,23.74028,45.44317,3285.94046,0.96253,82.04385,6.123496000516018,2.2811633790687904,33.99999942002253
15.52622,23.78549,45.52313,3282.30618,0.8971,82.14829,6.041633197649758,2.250667331061132,33.99999942002253
15.53218,23.83067,45.59729,3278.73275,0.82979,82.25168,5.965926441639926,2.2224645724828345,33.99999942002253
15.53806,23.87581,45.66553,3275.21721,0.76071,82.35409,5.896279180855634,2.196519135310965,33.99999942002253
15.54385,23.92092,45.7277,3271.75664,0.69001,82.45561,5.832598445538666,2.172796385864407,33.99999942002253
15.54957,23.96599,45.78369,3268.34812,0.61781,82.55632,5.774795668042959,2.151263330364648,33.99999942002253
15.5552,24.01102,45.83339,3264.98875,0.54424,82.65632,5.722787388200249,2.1318888777030383,33.99999942002253
15.56075,24.05602,45.8767,3261.67565,0.46942,82.75567,5.676495854515386,2.114644063401871,33.99999942002253
15.56621,24.10099,45.91353,3258.40594,0.39348,82.85446,5.635849530986796,2.099502238418334,33.99999942002253
15.5716,24.14592,45.94381,3255.17676,0.31654,82.95278,5.600783518332948,2.086439226062454,33.99999942002253
15.57691,24.19082,45.96746,3251.98524,0.23872,83.0507,5.571239897476235,2.0754334499538807,33.99999942002253
15.58214,24.23569,45.98444,3248.82852,0.16014,83.1483,5.547168002073623,2.0664660355467213,33.99999942002253
15.58732,24.28052,45.99575,3245.7007,0.10597,83.16371,5.527686716382457,2.0592087440432856,0.0
15.59249,24.3253,46.00243,3242.59654,0.05119,83.17911,5.511938120222492,2.0533419776031954,0.0
15.59764,24.37005,46.00443,3239.51408,-0.0041,83.19451,5.499914781846732,2.048862967705152,0.0
15.60277,24.41476,46.00173,3236.45138,-0.05982,83.2099,5.491609612941031,2.0457690737656336,0.0
15.60789,24.45943,45.99429,3233.40643,-0.11585,83.2253,5.487016366446356,2.044057968590778,0.0
15.61299,24.50406,45.98211,3230.37725,-0.17209,83.24068,5.486129713741931,2.043727667129143,0.0
15.61807,24.54865,45.96518,3227.3618,-0.22846,83.25606,5.488945278353248,2.044776539028822,0.0
15.62314,24.5932,45.94351,3224.35803,-0.28485,83.27144,5.49545962668221,2.0472033051841803,0.0
15.62819,24.63772,45.9171,3221.36387,-0.34116,83.28681,5.505670216043364,2.051007018377985,0.0
15.63323,24.68219,45.88597,3218.37722,-0.39729,83.30218,5.519575300122544,2.0561870280622614,0.0
15.63825,24.72662,45.85016,3215.39596,-0.45314,83.31755,5.5371737917870965,2.0627429292514905,0.0
15.64325,24.77102,45.8097,3212.41795,-0.50862,83.33291,5.5584650830079,2.0706744954388276,0.0
15.64824,24.81538,45.76463,3209.44101,-0.56363,83.34826,5.583448821526568,2.079981595398755,0.0
15.65321,24.8597,45.715,3206.46295,-0.61805,83.36362,5.6121246437768235,2.0906640936932677,0.0
15.65816,24.90398,45.66088,3203.48155,-0.67181,83.37896,5.644491863494782,2.1027217346710128,0.0
15.6631,24.94822,45.60234,3200.49455,-0.72478,83.39431,5.680549115410579,2.116154009733043,0.0
15.66803,24.99242,45.53946,3197.4997,-0.77688,83.40964,5.720293953408392,2.130960007636854,0.0
15.67293,25.03658,45.47231,3194.4947,-0.82801,83.42498,5.763722402620967,2.1471382476398073,0.0
15.67782,25.0807,45.401,3191.47723,-0.87806,83.44031,5.810828465005223,2.1646864953130383,0.0
15.6827,25.12479,45.32562,3188.44495,-0.92693,83.45563,5.861603578159603,2.183601560936676,0.0
15.68756,25.16883,45.2463,3185.39551,-0.97453,83.47095,5.916036027384171,2.2038790804767627,0.0
15.6924,25.21284,45.16313,3182.32654,-1.02075,83.48626,5.974110311320481,2.2255132792694114,0.0
15.69723,25.2568,45.07627,3179.23563,-1.06549,83.50157,6.035806461935197,2.2484967186968148,0.0
15.70204,25.30072,44.98582,3176.12039,-1.10866,83.51687,6.101099320145678,2.272820026338712,0.0
15.70683,25.34461,44.89195,3172.97841,-1.15016,83.53217,6.169957768990358,2.2984716103081846,0.0
15.71161,25.38845,44.79481,3169.80727,-1.18988,83.54746,6.242343926969452,2.3254373587498396,0.0
15.71637,25.43225,44.69454,3166.60455,-1.22774,83.56275,6.318212305058583,2.3537003258052094,0.0
15.72112,25.47601,44.59132,3163.36783,-1.26362,83.57803,6.397508931796897,2.3832404056850502,0.0
15.72585,25.51972,44.48531,3160.0947,-1.29745,83.5933,6.480170451944468,2.414033996895513,0.0
15.73057,25.56339,44.37672,3156.78277,-1.32913,83.60857,6.566123205356549,2.446053659094565,0.0
15.73526,25.60702,44.26571,3153.42967,-1.35856,83.62383,6.6552822939769944,2.4792677655224895,0.0
15.73995,25.65061,44.15249,3150.03306,-1.38566,83.63908,6.747550646216766,2.5136401544582627,0.0
15.74461,25.69415,44.03726,3146.59061,-1.41033,83.65433,6.842818089369829,2.549129783670068,0.0
15.74926,25.73764,43.92022,3143.10008,-1.43251,83.66957,6.940960442212155,2.58569039238455,0.0
15.7539,25.78109,43.8016,3139.55925,-1.4521,83.6848,7.041838641362396,2.623270175833179,0.0
15.75851,25.82449,43.68162,3135.96596,-1.46903,83.70002,7.14529791647898,2.6618114779914666,0.0
15.76311,25.86785,43.56049,3132.31813,-1.48323,83.71524,7.251167030729544,2.7012505086338456,0.0
15.7677,25.91115,43.43846,3128.61378,-1.49463,83.73044,7.3592576042437186,2.7415170913020304,0.0
15.77227,25.95441,43.31576,3124.851,-1.50316,83.74564,7.469363539436728,2.782534449222938,0.0
15.77682,25.99762,43.19263,3121.02799,-1.50878,83.76083,7.581260567917797,2.8242190365201494,0.0
15.78135,26.04078,43.06931,3117.14307,-1.51142,83.77601,7.694705939333267,2.8664804222997793,0.0
15.78587,26.08388,42.94605,3113.19469,-1.51105,83.79118,7.809438272786328,2.9092212353004205,0.0
15.79037,26.12694,42.82311,3109.18144,-1.50762,83.80634,7.925177591242932,2.952337176710252,0.0
15.79486,26.16994,42.70073,3105.10205,-1.50112,83.82148,8.041625558760538,2.9957171085409855,0.0
15.79933,26.21289,42.57917,3100.95545,-1.49151,83.83662,8.158465939147593,3.039243224490593,0.0
15.80378,26.25578,42.45867,3096.7407,-1.47878,83.85175,8.275365292886372,3.082791309565401,0.0
15.80821,26.29862,42.3395,3092.45708,-1.46293,83.86686,8.39197392675998,3.126231093841131,0.0
15.81263,26.3414,42.2219,3088.10408,-1.44397,83.88197,8.507927107564106,3.1694267046024716,0.0
15.81703,26.38413,42.10613,3083.68135,-1.42191,83.89706,8.622846547547931,3.212237219708891,0.0
15.82141,26.42679,41.99243,3079.18883,-1.39679,83.91214,8.736342164890946,3.2545173234185816,0.0
15.82578,26.4694,41.88103,3074.62662,-1.36863,83.9272,8.848014117595183,3.296118064066822,0.0
15.83013,26.51194,41.77219,3069.99511,-1.33748,83.94226,8.957455103685374,3.336887710951067,0.0
15.83446,26.55443,41.66614,3065.2949,-1.30342,83.9573,9.064252914800782,3.3766727056110852,0.0
15.83878,26.59685,41.56309,3060.52685,-1.2665,83.97232,9.16799322404357,3.4153187003758365,0.0
15.84307,26.63921,41.46327,3055.69208,-1.22682,83.98734,9.268262582756254,3.45267167474192,0.0
15.84735,26.68151,41.36689,3050.79194,-1.18447,84.00233,9.3646515946614,3.4885791178241266,0.0
15.85162,26.72374,41.27414,3045.82806,-1.13955,84.01731,9.456758229829813,3.5228912628957856,0.0
15.85586,26.7659,41.18523,3040.80229,-1.09218,84.03228,9.544191235515196,3.5554623580144242,0.0
15.86009,26.808,41.10032,3035.71675,-1.04251,84.04723,9.626573596055247,3.5861519549259544,0.0
15.8643,26.85003,41.01958,3030.5738,-0.99065,84.06217,9.70354599015599,3.6148261969940587,0.0
15.86849,26.89199,40.94318,3025.37601,-0.93678,84.07709,9.77477019102492,3.641359085839247,0.0
15.87267,26.93388,40.87124,3020.12619,-0.88104,84.09199,9.839932353263096,3.6656337057926427,0.0
15.87683,26.9757,40.8039,3014.82737,-0.82361,84.10688,9.898746130152043,3.6875433851673787,0.0
15.88097,27.01746,40.74127,3009.48275,-0.76466,84.12175,9.950955566244012,3.7069927738245774,0.0
15.88509,27.05914,40.68344,3004.09572,-0.70439,84.1366,9.996337712859775,3.7238988175150904,0.0
15.88919,27.10074,40.6305,2998.66985,-0.64299,84.15144,10.034704918232023,3.7381916110181828,0.0
15.89328,27.14228,40.58251,2993.20883,-0.58065,84.16626,10.065906749616028,3.7498151141783174,0.0
15.89735,27.18374,40.53951,2987.71648,-0.51758,84.18106,10.089831511426485,3.7587277174510816,0.0
15.9014,27.22513,40.50155,2982.19673,-0.45398,84.19584,10.106407331311253,3.764902646494227,0.0
15.90543,27.26644,40.46863,2976.6536,-0.39008,84.2106,10.1156027946777,3.768328198545432,0.0
15.90945,27.30768,40.44075,2971.09116,-0.32606,84.22535,10.117427117419092,3.7690078067674198,0.0
15.91345,27.34885,40.41789,2965.5135,-0.26216,84.24008,10.111929856020609,3.766959932254833,0.0
15.91743,27.38994,40.40003,2959.92476,-0.19858,84.25479,10.099200163604683,3.7622177868915347,0.0
15.92139,27.43095,40.3871,2954.32904,-0.13552,84.26948,10.07936560964045,3.7548288936613337,0.0
15.92534,27.47189,40.37904,2948.73044,-0.0732,84.28415,10.052590589394372,3.744854494126488,0.0
15.92927,27.51275,40.37577,2943.13299,-0.01182,84.2988,10.0190743569534,3.7323688156770762,0.0
15.93318,27.55354,40.37718,2937.54065,0.04844,84.31344,9.97904872204339,3.717458213535261,0.0
15.93707,27.59425,40.38318,2931.95731,0.10737,84.32806,9.932775456304745,3.700220204524719,0.0
15.94094,27.63489,40.39362,2926.38673,0.1648,84.34265,9.880543458588894,3.680762411068993,0.0
15.9448,27.67544,40.40838,2920.83256,0.22054,84.35723,9.822665731438923,3.6592014348509756,0.0
15.94864,27.71593,40.4273,2915.29831,0.27444,84.3718,9.759476222081092,3.6356616799991293,0.0
15.95247,27.75634,40.45021,2909.78735,0.32634,84.38634,9.691326581079219,3.6102741456009593,0.0
15.95627,27.79667,40.47696,2904.30286,0.37608,84.40086,9.61858289036439,3.58317520680799,0.0
15.96006,27.83693,40.50734,2898.84788,0.42353,84.41537,9.541622409773362,3.5545054028357184,0.0
15.96384,27.87712,40.54118,2893.42525,0.46857,84.42986,9.460830387692136,3.524408248844423,0.0
15.96759,27.91723,40.57826,2888.03764,0.51107,84.44433,9.376596977049436,3.4930290870655964,0.0
15.97133,27.95727,40.61839,2882.68751,0.55094,84.45878,9.289314292985164,3.4605139907060214,0.0
15.97506,27.99724,40.66134,2877.37715,0.58807,84.47322,9.199373643137225,3.4270087321567426,0.0
15.97876,28.03713,40.70691,2872.10862,0.62239,84.48764,9.107162955917076,3.392657824958036,0.0
15.98245,28.07695,40.75487,2866.88383,0.65383,84.50204,9.013064426523842,3.3576036468777395,0.0
15.98613,28.1167,40.80498,2861.70445,0.68232,84.51642,8.917452394910327,3.321985649397748,0.0
15.98978,28.15638,40.85702,2856.57198,0.70781,84.53079,8.820691464613917,3.2859396569290347,0.0
15.99342,28.19599,40.91077,2851.48775,0.73027,84.54514,8.723134866460372,3.2495972572482574,0.0
15.99705,28.23554,40.96598,2846.45285,0.74967,84.55948,8.62512306662179,3.213085282962725,0.0
16.00066,28.27501,41.02242,2841.46825,0.76599,84.5738,8.526982614544803,3.1765253823333444,0.0
16.00425,28.31442,41.07986,2836.5347,0.77922,84.5881,8.429025222786693,3.140033676489352,0.0
16.00783,28.35375,41.13807,2831.65281,0.78936,84.60239,8.331547067925086,3.1037204989987885,0.0
16.01139,28.39303,41.19681,2826.82301,0.79642,84.61666,8.234828299350994,3.0676902128809793,0.0
16.01494,28.43223,41.25587,2822.04558,0.80043,84.63092,8.13913274097551,3.032041099484434,0.0
16.01847,28.47138,41.31501,2817.32066,0.8014,84.64516,8.044707769563617,2.996865313162979,0.0
16.02198,28.51046,41.37401,2812.64822,0.79937,84.65939,7.951784352634223,2.9622488953945334,0.0
16.02548,28.54947,41.43265,2808.02814,0.79438,84.6736,7.860577228402759,2.9282718418144444,0.0
16.02897,28.58842,41.49073,2803.46013,0.78648,84.6878,7.771285210287737,2.8950082156522043,0.0
16.03244,28.62731,41.54803,2798.94382,0.77572,84.70199,7.684091598717848,2.862526301140426,0.0
16.0359,28.66614,41.60434,2794.47869,0.76217,84.71616,7.599164683594921,2.8308887906955134,0.0
16.03934,28.70491,41.65948,2790.06414,0.74588,84.73032,7.516658321477699,2.8001529999338093,0.0
16.04277,28.74362,41.71324,2785.69945,0.72693,84.74447,7.436712572488253,2.7703711049359874,0.0
16.04618,28.78228,41.76544,2781.38384,0.70539,84.7586,7.359454383019119,2.741590396573428,0.0
16.04958,28.82087,41.81591,2777.1164,0.68135,84.77272,7.284998301380701,2.7138535471057055,0.0
16.05296,28.8594,41.86446,2772.89618,0.65487,84.78683,7.21344721472386,2.6871988847036383,0.0
16.05633,28.89788,41.91093,2768.72213,0.62605,84.80092,7.14489309675754,2.6616606719937828,0.0
16.05968,28.93631,41.95516,2764.59312,0.59499,84.81501,7.079417756870579,2.6372693851260136,0.0
16.06302,28.97467,41.99701,2760.50799,0.56176,84.82908,7.017093582474757,2.6140519903158492,0.0
16.06635,29.01298,42.03631,2756.46549,0.52646,84.84314,6.957984267379706,2.5920322151832607,0.0
16.06967,29.05124,42.07294,2752.46431,0.4892,84.85719,6.902145520062638,2.5712308126017884,0.0
16.07296,29.08945,42.10677,2748.5031,0.45007,84.87122,6.849625746593791,2.5516658151062352,0.0
16.07625,29.1276,42.13767,2744.58045,0.40917,84.88525,6.800466703858346,2.5333527782350225,0.0
16.07952,29.16569,42.16554,2740.69493,0.36661,84.89927,6.754704119450197,2.5163050114569234,0.0
16.08278,29.20374,42.19025,2736.84501,0.32248,84.91327,6.712368275350565,2.500533795606713,0.0
16.08603,29.24173,42.21171,2733.02918,0.27689,84.92726,6.673484553055152,2.4860485859593635,0.0
16.08926,29.27968,42.22984,2729.24584,0.22996,84.94125,6.638073938393537,2.4728572002885665,0.0
16.09248,29.31757,42.24455,2725.49338,0.18178,84.95522,6.606153484701614,2.460965991410641,0.0
16.09568,29.35541,42.25576,2721.77015,0.13247,84.96918,6.577736733415989,2.4503800038670205,0.0
16.09887,29.3932,42.26341,2718.07446,0.08213,84.98313,6.552834091475247,2.4411031145161504,0.0
16.10205,29.43094,42.26743,2714.40459,0.03088,84.99707,6.531453165173257,2.433138156902631,0.0
16.10522,29.46863,42.26778,2710.75879,-0.02118,85.011,6.513599050334941,2.426487029355324,0.0
16.10837,29.50628,42.26441,2707.13528,-0.07393,85.02493,6.499274578844192,2.421150786825491,0.0
16.11151,29.54387,42.25729,2703.53225,-0.12726,85.03884,6.488480521680262,2.4171297165231906,0.0
16.11464,29.58142,42.24639,2699.94785,-0.18106,85.05274,6.481215748738044,2.4144233974545344,0.0
16.11775,29.61891,42.23169,2696.38023,-0.23523,85.06663,6.477477345760047,2.4130307439819276,0.0
16.12085,29.65636,42.21318,2692.82749,-0.28963,85.08051,6.477260688772337,2.4129500335534173,0.0
16.12394,29.69376,42.19085,2689.28771,-0.34418,85.09439,6.480559476459381,2.4141789187631693,0.0
16.12701,29.73112,42.16472,2685.75895,-0.39874,85.10825,6.48736572094235,2.416714423916145,0.0
16.13008,29.76842,42.13478,2682.23925,-0.45321,85.1221,6.497669697468277,2.420552926285993,0.0
16.13313,29.80568,42.10108,2678.72661,-0.50748,85.13594,6.511459853536856,2.4256901222623815,0.0
16.13617,29.84289,42.06362,2675.21902,-0.56143,85.14978,6.528722678075183,2.4321209786151585,0.0
16.13919,29.88005,42.02245,2671.71446,-0.61496,85.1636,6.549442531290623,2.439839669110059,0.0
16.1422,29.91717,41.97761,2668.21088,-0.66794,85.17741,6.573601435956141,2.448839496757002,0.0
16.1452,29.95423,41.92915,2664.70621,-0.72026,85.19122,6.60117883096712,2.4591128020035247,0.0
16.14819,29.99125,41.87714,2661.19836,-0.77183,85.20501,6.6321512881645805,2.4706508572439736,0.0
16.15116,30.02823,41.82163,2657.68523,-0.82251,85.2188,6.6664921935917905,2.483443748079212,0.0
16.15413,30.06515,41.76271,2654.16473,-0.87222,85.23257,6.7041713945523735,2.497480241836473,0.0
16.15708,30.10203,41.70045,2650.63472,-0.92082,85.24633,6.7451548141338815,2.512747643969252,0.0
16.16001,30.13886,41.63495,2647.09308,-0.96822,85.26009,6.7894040351093405,2.529231643049685,0.0
16.16294,30.17564,41.5663,2643.53768,-1.01431,85.27383,6.836875855531623,2.5469161452157536,0.0
16.16585,30.21237,41.4946,2639.96639,-1.05897,85.28757,6.887521818708031,2.565783099074457,0.0
16.16875,30.24905,41.41996,2636.37707,-1.10212,85.30129,6.941287720699018,2.5858123122321213,0.0
16.17164,30.28569,41.34251,2632.7676,-1.14363,85.315,6.9981130989926745,2.606981260812197,0.0
16.17451,30.32227,41.26237,2629.13585,-1.18341,85.3287,7.057930706549327,2.6292648935230285,0.0
16.17738,30.35881,41.17966,2625.47974,-1.22136,85.34239,7.120665975991109,2.6526354320543746,0.0
16.18023,30.3953,41.09452,2621.79716,-1.25738,85.35607,7.186236479378215,2.6770621698298496,0.0
16.18307,30.43173,41.00711,2618.08607,-1.29137,85.36974,7.254551389618219,2.7025112713677184,0.0
16.18589,30.46812,40.91757,2614.34443,-1.32325,85.3834,7.3255109502963345,2.7289455747787255,0.0
16.18871,30.50445,40.82604,2610.57024,-1.35292,85.39705,7.3990059613424926,2.756324400163542,0.0
16.19151,30.54074,40.73271,2606.76156,-1.3803,85.41068,7.474917288695222,2.784603366949665,0.0
16.1943,30.57697,40.63772,2602.91646,-1.40529,85.4243,7.553115406722001,2.8137342234309557,0.0
16.19707,30.61315,40.54126,2599.03311,-1.42784,85.43791,7.633459982815678,2.8436646920188764,0.0
16.19984,30.64927,40.44349,2595.10971,-1.44785,85.45151,7.715799514112586,2.874338333910431,0.0
16.20259,30.68535,40.34461,2591.14454,-1.46527,85.4651,7.799971026739043,2.9056944370495716,0.0
16.20533,30.72136,40.24478,2587.13596,-1.48002,85.47867,7.885799848333444,2.937667931385696,0.0
16.20805,30.75733,40.14421,2583.08242,-1.49206,85.49223,7.973099464784323,2.9701893355047995,0.0
16.21077,30.79324,40.04307,2578.98244,-1.50132,85.50578,8.06167147216179,3.0031847387226773,0.0
16.21347,30.82909,39.94156,2574.83466,-1.50776,85.51932,8.151305634617332,3.03657582265412,0.0
16.21616,30.86489,39.83988,2570.63784,-1.51134,85.53284,8.241780058635584,3.0702799261262848,0.0
16.21884,30.90063,39.73823,2566.39083,-1.51203,85.54634,8.332861493366702,3.104210157060405,0.0
16.2215,30.93631,39.63679,2562.09264,-1.50981,85.55984,8.424305765838303,3.1382755545996908,0.0
16.22415,30.97193,39.53578,2557.74238,-1.50466,85.57331,8.515858358618935,3.1723813043041695,0.0
16.22679,31.0075,39.43537,2553.33933,-1.49657,85.58678,8.607255135995935,3.206429008671045,0.0
16.22942,31.043,39.33578,2548.88289,-1.48554,85.60023,8.6982232229414,3.24031701457265,0.0
16.23203,31.07845,39.2372,2544.37266,-1.47159,85.61366,8.78848203900968,3.2739407984104636,0.0
16.23464,31.11383,39.13982,2539.80835,-1.45474,85.62708,8.877744486952574,3.307193408905547,0.0
16.23722,31.14915,39.04383,2535.18987,-1.435,85.64048,8.965718293254106,3.3399659664830224,0.0
16.2398,31.18441,38.94942,2530.5173,-1.41244,85.65387,9.052107494909503,3.3721482171363544,0.0
16.24237,31.2196,38.85676,2525.7909,-1.38708,85.66724,9.136614063886503,3.403629137581936,0.0
16.24492,31.25473,38.76605,2521.0111,-1.359,85.6806,9.218939657588505,3.4342975873526678,0.0
16.24746,31.2898,38.67745,2516.17851,-1.32826,85.69393,9.298787480628704,3.464043002357808,0.0
16.24998,31.3248,38.59113,2511.29394,-1.29494,85.70725,9.375864240187617,3.4927561233051017,0.0
16.2525,31.35973,38.50724,2506.35837,-1.25913,85.72056,9.449882174397,3.5203297513271563,0.0
16.255,31.3946,38.42595,2501.37297,-1.22095,85.73384,9.520561130586636,3.5466595221830555,0.0
16.25748,31.4294,38.34739,2496.33909,-1.18048,85.74711,9.587630667951421,3.571644689557173,0.0
16.25996,31.46413,38.27171,2491.25826,-1.13786,85.76036,9.65083215736945,3.5951889072966576,0.0
16.26242,31.49879,38.19902,2486.13217,-1.09321,85.7736,9.70992084968951,3.6172009999029444,0.0
16.26487,31.53338,38.12945,2480.96269,-1.04668,85.78681,9.764667883084174,3.6375957103236,0.0
16.26731,31.5679,38.06309,2475.75184,-0.9984,85.80001,9.814862199838512,3.656294414006549,0.0
16.26973,31.60235,38.00006,2470.5018,-0.94854,85.81318,9.860312343472373,3.6732257883754134,0.0
16.27215,31.63673,37.94043,2465.21488,-0.89725,85.82634,9.900848108197515,3.688326427295689,0.0
16.27455,31.67103,37.88427,2459.89353,-0.8447,85.83948,9.936322014627649,3.701541390815566,0.0
16.27693,31.70527,37.83165,2454.54032,-0.79107,85.8526,9.966610588008468,3.71282468134025,0.0
16.27931,31.73943,37.78262,2449.15791,-0.73652,85.8657,9.991615418382022,3.7221396385710825,0.0
16.28167,31.77352,37.73721,2443.74908,-0.68126,85.87878,10.011263985652288,3.729459246864175,0.0
16.28402,31.80753,37.69546,2438.31666,-0.62545,85.89184,10.02551023648897,3.734766350142258,0.0
16.28635,31.84147,37.65737,2432.86357,-0.56929,85.90488,10.034334904375887,3.738053771121121,0.0
16.28868,31.87533,37.62294,2427.39278,-0.51297,85.9179,10.037745568627866,3.7393243332949613,0.0
16.29099,31.90912,37.59216,2421.90728,-0.45668,85.93091,10.035776452815538,3.7385907858443126,0.0
16.29329,31.94283,37.56502,2416.41009,-0.40061,85.94389,10.028487967616554,3.735875633336105,0.0
16.29557,31.97647,37.54146,2410.90424,-0.34494,85.95685,10.015966007531413,3.7312108737317904,0.0
16.29785,32.01004,37.52146,2405.39275,-0.28986,85.96979,9.998321014998242,3.724637649745489,0.0
16.30011,32.04352,37.50494,2399.87863,-0.23555,85.98271,9.975686829191604,3.716205819991246,0.0
16.30235,32.07694,37.49183,2394.36483,-0.1822,85.99561,9.948219340075818,3.7059734575824814,0.0
16.30459,32.11027,37.48207,2388.85427,-0.12997,86.00848,9.916094970908434,3.6940062848246082,0.0
16.30681,32.14353,37.47554,2383.34981,-0.07904,86.02134,9.87950901461765,3.680377053471845,0.0
16.30903,32.17672,37.47217,2377.85423,-0.02956,86.03418,9.838673850851922,3.6651648805312886,0.0
0.05049,0.05049,58.86857,5341.76892,-0.53562,45.00011,2.449039734992946,0.9123317393984521,0.0
0.10097,0.10097,58.79121,5340.533,-0.57089,45.00028,2.474687950097745,0.9218863743701439,0.0
0.15144,0.15144,58.70896,5339.29105,-0.60577,45.00051,2.5023178009371505,0.9321792207929511,0.0
0.20189,0.2019,58.62188,5338.04186,-0.64024,45.0008,2.531967608731197,0.9432245543296282,0.0
0.25234,0.25234,58.53004,5336.78417,-0.67427,45.00115,2.56367785309903,0.9550374547033896,0.0
0.30277,0.30278,58.4335,5335.51672,-0.70781,45.00156,2.5974910816723207,0.9676337720265289,0.0
0.35319,0.3532,58.33233,5334.23818,-0.74083,45.00203,2.6334518041997588,0.9810300873515546,0.0
0.4036,0.40362,58.22661,5332.94721,-0.77331,45.00257,2.6716063692025633,0.9952436667221237,0.0
0.45399,0.45402,58.11643,5331.64242,-0.8052,45.00316,2.712002821104955,1.0102924079503837,0.0
0.50438,0.50441,58.00187,5330.32241,-0.83648,45.00381,2.7546907356103527,1.026194779290273,0.0
0.55475,0.55479,57.88301,5328.98571,-0.86709,45.00453,2.7997210309495077,1.0429697491224859,0.0
0.60511,0.60516,57.75997,5327.63083,-0.89701,45.0053,2.8471457524864263,1.0606367057145105,0.0
0.65545,0.65552,57.63283,5326.25624,-0.92619,45.00613,2.8970178280392567,1.079215366071222,0.0
0.70578,0.70586,57.50172,5324.86036,-0.9546,45.00702,2.9493907911559187,1.098725672847773,0.0
0.7561,0.7562,57.36673,5323.44159,-0.9822,45.00798,3.004318469486565,1.1191876782601355,0.0
0.80641,0.80652,57.228,5321.99827,-1.00894,45.00899,3.0618546353167413,1.14062141389951,0.0
0.8567,0.85684,57.08564,5320.52871,-1.03478,45.01006,3.1220526152897645,1.1630467453436402,0.0
0.90697,0.90714,56.93979,5319.03117,-1.05968,45.01119,3.1849648563285027,1.186483210451256,0.0
0.95723,0.95742,56.79058,5317.50389,-1.0836,45.01237,3.250642444817958,1.2109498402449346,0.0
1.00748,1.0077,56.63816,5315.94504,-1.10649,45.01362,3.3191345762022393,1.236464961322016,0.0
1.05771,1.05797,56.48267,5314.35279,-1.1283,45.01492,3.390487972307771,1.2630459787921688,0.0
1.10793,1.10822,56.32427,5312.72523,-1.149,45.01629,3.4647462439502217,1.2907091388316996,0.0
1.15813,1.15846,56.16313,5311.06046,-1.16852,45.01771,3.541949196709612,1.3194692700665134,0.0
1.20831,1.20869,55.9994,5309.3565,-1.18684,45.01919,3.6221320781841375,1.3493395031543587,0.0
1.25848,1.2589,55.83327,5307.61139,-1.20389,45.02072,3.705324765580025,1.3803309681406712,0.0
1.30863,1.3091,55.66492,5305.8231,-1.21963,45.02231,3.7915508931657937,1.4124524694123293,0.0
1.35876,1.35929,55.49453,5303.98959,-1.23402,45.02396,3.8808269199260446,1.445710138374159,0.0
1.40888,1.40946,55.3223,5302.10882,-1.24699,45.02567,3.9731611387212427,1.480107064334882,0.0
1.45897,1.45962,55.14844,5300.17872,-1.25851,45.02743,4.068552629368258,1.51564290450207,0.0
1.50905,1.50976,54.97314,5298.19719,-1.26852,45.02925,4.166990159355572,1.5523134744696383,0.0
1.55911,1.55989,54.79664,5296.16216,-1.27698,45.03112,4.268451037374322,1.5901103211279903,0.0
1.60915,1.61001,54.61913,5294.07156,-1.28384,45.03305,4.372899926475123,1.6290202805337097,0.0
1.65917,1.6601,54.44087,5291.92331,-1.28904,45.03504,4.4802876254848,1.6690250239552287,0.0
1.70916,1.71018,54.26207,5289.71536,-1.29255,45.03708,4.590549829271867,1.7101005960390971,0.0
1.75914,1.76025,54.08298,5287.4457,-1.29431,45.03917,4.7036058805615495,1.7522169498282423,0.0
1.80909,1.8103,53.90385,5285.11235,-1.29429,45.04132,4.819357528239023,1.7953374841972496,0.0
1.85902,1.86033,53.72493,5282.71337,-1.29244,45.04352,4.93768770937298,1.8394185901240943,0.0
1.90893,1.91034,53.54648,5280.24689,-1.28871,45.04578,5.058459374534941,1.8844092130906815,0.0
1.95881,1.96033,53.36876,5277.71112,-1.28308,45.04809,5.181514378304789,1.9302504397669618,0.0
2.00867,2.0103,53.19203,5275.10434,-1.2755,45.05045,5.306672459079972,1.9768751179630153,0.0
2.0585,2.06026,53.01658,5272.42493,-1.26595,45.05286,5.433730334346452,2.0242075195936784,0.0
2.10831,2.11019,52.84267,5269.6714,-1.25439,45.05533,5.562460939368899,2.072163057070608,0.0
2.15808,2.1601,52.67059,5266.84236,-1.2408,45.05785,5.69261283866113,2.120648064059535,0.0
2.20784,2.20999,52.50062,5263.93658,-1.22515,45.06041,5.823909840572591,2.169559651903589,0.0
2.25756,2.25986,52.33304,5260.95298,-1.20744,45.06303,5.956050845660455,2.2187856531379127,0.0
2.30725,2.3097,52.16813,5257.89065,-1.18764,45.0657,6.088709959217725,2.2682046634093447,0.0
2.35691,2.35952,52.00619,5254.74888,-1.16576,45.06842,6.221536897168482,2.317686192683076,0.0
2.40655,2.40932,51.84751,5251.52714,-1.14178,45.07119,6.354157712515448,2.367090935863483,0.0
2.45615,2.45909,51.69235,5248.22513,-1.11573,45.07401,6.486175866507872,2.4162711718323484,0.0
2.50572,2.50884,51.54102,5244.84278,-1.08761,45.07687,6.617173664610801,2.465071298385198,0.0
2.55525,2.55856,51.39379,5241.38025,-1.05743,45.07979,6.746714072267774,2.513328508650678,0.0
2.60475,2.60825,51.25093,5237.83797,-1.02523,45.08275,6.874342919188835,2.5608736122458406,0.0
2.65422,2.65792,51.11272,5234.21664,-0.99105,45.08576,6.999591493765267,2.607532001763895,0.0
2.70367,2.70754,50.97907,5230.51777,-0.95998,45.0549,7.122328869827649,2.653254903761856,-16.999999710011267
2.7531,2.7571,50.8499,5226.74296,-0.9271,45.02348,7.242442474544016,2.698000381897848,-16.999999710011267
2.80254,2.8066,50.72544,5222.89333,-0.89245,44.99151,7.359483261025827,2.7416011543907532,-16.999999710011267
2.85196,2.85604,50.60593,5218.97029,-0.85607,44.959,7.4729962522771585,2.783887730338426,-16.999999710011267
2.90138,2.90542,50.49159,5214.9755,-0.81804,44.92597,7.582525271434045,2.8246901718563047,-16.999999710011267
2.95078,2.95474,50.38264,5210.91091,-0.77841,44.89245,7.687616626768888,2.8638394668385083,-16.999999710011267
3.00018,3.00399,50.27928,5206.77873,-0.73726,44.85844,7.78782298713987,2.901168972664721,-16.999999710011267
3.04957,3.05318,50.18171,5202.58142,-0.69466,44.82397,7.882707397539378,2.936515912097629,-16.999999710011267
3.09895,3.10229,50.09011,5198.32173,-0.6507,44.78908,7.971847377905643,2.9697229001981027,-16.999999710011267
3.14832,3.15135,50.00466,5194.00265,-0.60548,44.75377,8.054839042862646,3.000639479036712,-16.999999710011267
3.19769,3.20033,49.9255,5189.6274,-0.55909,44.7181,8.131301175863507,3.0291236354193334,-16.999999710011267
3.24704,3.24924,49.85278,5185.19947,-0.51164,44.68207,8.200879188573676,3.055043275861565,-16.999999710011267
3.29638,3.29809,49.78663,5180.72253,-0.46324,44.64574,8.263248895304853,3.078277632664677,-16.999999710011267
3.34571,3.34686,49.72716,5176.20046,-0.414,44.60912,8.318120033238978,3.098718575291668,-16.999999710011267
3.39503,3.39557,49.67446,5171.63733,-0.36405,44.57227,8.365239461937094,3.116271802268501,-16.999999710011267
3.44433,3.4442,49.6286,5167.03737,-0.3135,44.53521,8.404393980314365,3.1308578905814164,-16.999999710011267
3.49363,3.49276,49.58966,5162.40494,-0.2625,44.49798,8.435412705830023,3.142413181987786,-16.999999710011267
3.54291,3.54124,49.55766,5157.74453,-0.21116,44.46063,8.458168968761303,3.150890488683001,-16.999999710011267
3.59218,3.58965,49.53264,5153.0607,-0.15961,44.42318,8.472581684119804,3.156259604375407,-16.999999710011267
3.64143,3.63799,49.5146,5148.35811,-0.108,44.38569,8.478616174537034,3.1585076108328236,-16.999999710011267
3.69068,3.68626,49.50352,5143.64142,-0.05645,44.3482,8.476284429050263,3.1576389742870865,-16.999999710011267
3.73991,3.73445,49.49938,5138.91534,-0.0051,44.31073,8.46564479474161,3.1536754305614854,-16.999999710011267
3.78912,3.78257,49.50213,5134.18454,0.04592,44.27334,8.446801110301326,3.146655662300302,-16.999999710011267
3.83832,3.83061,49.5117,5129.45367,0.09648,44.23606,8.41990130223307,3.136634776018329,-16.999999710011267
3.88751,3.87858,49.52801,5124.72731,0.14645,44.19893,8.385135475507902,3.12368359081925,-16.999999710011267
3.93668,3.92648,49.55096,5120.00996,0.19571,44.162,8.342733540301632,3.1078877542928547,-16.999999710011267
3.98584,3.9743,49.58044,5115.30601,0.24414,44.12529,8.292962425088714,3.0893467043191865,-16.999999710011267
4.03498,4.02205,49.6163,5110.61973,0.29161,44.08885,8.236122933264141,3.0681724980774954,-16.999999710011267
4.08411,4.06973,49.65842,5105.95522,0.33802,44.0527,8.172546305770904,3.04448853153452,-16.999999710011267
4.13322,4.11734,49.70661,5101.31644,0.38326,44.01688,8.10259055551207,3.018428173916536,-16.999999710011267
4.18232,4.16487,49.76073,5096.70715,0.42723,43.98143,8.026636640955164,2.990133342276321,-16.999999710011267
4.2314,4.21234,49.82056,5092.13094,0.46983,43.94637,7.945084546040402,2.9597530411558144,-16.999999710011267
4.28046,4.25973,49.88592,5087.59116,0.51098,43.91173,7.858349331629173,2.9274418916467915,-16.999999710011267
4.32951,4.30706,49.95661,5083.09098,0.5506,43.87753,7.766857220325035,2.8933586728836698,-16.999999710011267
4.37854,4.35431,50.03239,5078.63333,0.5886,43.8438,7.6710417718078086,2.857664897254825,-16.999999710011267
4.42756,4.4015,50.11305,5074.22092,0.62493,43.81056,7.571340200124276,2.8205234384964775,-16.999999710011267
4.47655,4.44862,50.19834,5069.85624,0.65951,43.77784,7.468189877846551,2.7820972293997026,-16.999999710011267
4.52554,4.49568,50.28803,5065.54154,0.6923,43.74563,7.362025065040013,2.7425480432649265,-16.999999710011267
4.5745,4.54267,50.38187,5061.27885,0.72326,43.71398,7.253273893602846,2.7020353704890496,-16.999999710011267
4.62345,4.58959,50.47961,5057.06995,0.75233,43.68288,7.142355630299508,2.660715398973405,-16.999999710011267
4.67239,4.63646,50.58099,5052.91644,0.77948,43.65234,7.029678234582515,2.618740104348114,-16.999999710011267
4.72131,4.68326,50.68575,5048.81968,0.8047,43.62238,6.915636220513066,2.576256453481264,-16.999999710011267
4.77021,4.73,50.79362,5044.7808,0.82795,43.59301,6.800608825826251,2.5334057224075215,-16.999999710011267
4.81909,4.77668,50.90435,5040.80076,0.84923,43.56422,6.68495848540925,2.490322927658595,-16.999999710011267
4.86796,4.8233,51.01767,5036.88032,0.86853,43.53603,6.5690296015629155,2.4471363681533234,-16.999999710011267
4.91681,4.86987,51.13331,5033.02004,0.88583,43.50843,6.453147599068308,2.4039672731850925,-16.999999710011267
4.96565,4.91637,51.25101,5029.2203,0.90115,43.48143,6.33761824964551,2.3609295507649715,-16.999999710011267
5.01447,4.96283,51.37051,5025.48134,0.91449,43.45503,6.222727247578232,2.3181296295307114,-16.999999710011267
5.06327,5.00923,51.49155,5021.80323,0.92586,43.42922,6.108740016257501,2.27566638667918,-16.999999710011267
5.11206,5.05557,51.61386,5018.18587,0.93528,43.40399,5.9959017240343515,2.233631153871905,-16.999999710011267
5.16083,5.10187,51.7372,5014.62907,0.94277,43.37935,5.884437486987357,2.1921077927713144,-16.999999710011267
5.20959,5.14811,51.86131,5011.13248,0.94835,43.35529,5.774552735975648,2.151172831777647,-16.999999710011267
5.25833,5.1943,51.98593,5007.69564,0.95204,43.3318,5.666433725642439,2.1108956556461536,-16.999999710011267
5.30706,5.24045,52.11084,5004.31799,0.95388,43.30887,5.560248163610918,2.0713387398791263,-16.999999710011267
5.35577,5.28655,52.23579,5000.99888,0.9539,43.2865,5.456145939113825,2.0325579221595826,-16.999999710011267
5.40446,5.3326,52.36053,4997.73756,0.95214,43.26467,5.354259931486011,1.9946027035360205,-16.999999710011267
5.45314,5.3786,52.48486,4994.53319,0.94863,43.24338,5.254706880335008,1.95751657258385,-16.999999710011267
5.5018,5.42456,52.60853,4991.3849,0.9434,43.22261,5.157588300760051,1.9213373463485586,-16.999999710011267
5.55045,5.47048,52.73133,4988.29172,0.93651,43.20235,5.062991428521075,1.8860975224460335,-16.999999710011267
5.59909,5.51636,52.85305,4985.25263,0.92798,43.1826,4.9709901817148605,1.8518246373122274,-16.999999710011267
5.64771,5.56219,52.97348,4982.26658,0.91788,43.16333,4.881646127124979,1.8185416261939404,-16.999999710011267
5.69631,5.60799,53.09242,4979.33246,0.90623,43.14454,4.795009440945018,1.7862671810434987,-16.999999710011267
5.7449,5.65374,53.20967,4976.44913,0.89308,43.12621,4.711119855096099,1.7550161030469307,-16.999999710011267
5.79348,5.69946,53.32505,4973.61541,0.87848,43.10833,4.630007581775661,1.7247996470427118,-16.999999710011267
5.84204,5.74514,53.43838,4970.83012,0.86248,43.09089,4.551694210162041,1.695625855567819,-16.999999710011267
5.89059,5.79078,53.54947,4968.09202,0.84512,43.07388,4.476193570430462,1.6674998807264163,-16.999999710011267
5.93913,5.83639,53.65815,4965.39989,0.82645,43.05728,4.403512561310776,1.6404242924768895,-16.999999710011267
5.98765,5.88196,53.76427,4962.75248,0.80651,43.04107,4.333651938417183,1.6143993723054106,-16.999999710011267
6.03616,5.9275,53.86766,4960.14851,0.78535,43.02524,4.266607061415114,1.5894233915652582,-16.999999710011267
6.08465,5.973,53.96818,4957.58673,0.76302,43.00979,4.20236859888676,1.5654928740577732,-16.999999710011267
6.13313,6.01847,54.06568,4955.06586,0.73957,42.99469,4.140923190383095,1.5426028426641587,-16.999999710011267
6.1816,6.06391,54.16001,4952.58461,0.71503,42.97994,4.082254065708209,1.5207470500451887,-16.999999710011267
6.23006,6.10932,54.25105,4950.14172,0.68946,42.96552,4.0263416219734,1.4999181936090382,-16.999999710011267
6.2785,6.15469,54.33866,4947.7359,0.66291,42.95141,3.973163959304709,1.4801081150764372,-16.999999710011267
6.32693,6.20004,54.42274,4945.36587,0.63541,42.93761,3.922697376429524,1.461307985099719,-16.999999710011267
6.37535,6.24536,54.50316,4943.03035,0.60702,42.92409,3.8749168275839114,1.4435084734728258,-16.999999710011267
6.42375,6.29065,54.57981,4940.72808,0.57778,42.91086,3.829796342376223,1.4266999055415461,-16.999999710011267
6.47214,6.33591,54.65259,4938.45778,0.54773,42.89788,3.7873094103765377,1.4108724054732027,-16.999999710011267
6.52052,6.38115,54.7214,4936.21819,0.51691,42.88516,3.7474293322558063,1.3960160270652233,-16.999999710011267
6.56889,6.42635,54.78616,4934.00804,0.48537,42.87268,3.710129539379566,1.3821208728022074,-16.999999710011267
6.61724,6.47153,54.84677,4931.82608,0.45316,42.86042,3.6753838837390562,1.3691772018628967,-16.999999710011267
6.66559,6.51669,54.90315,4929.67105,0.42031,42.84837,3.6431669000926665,1.3571755277747595,-16.999999710011267
6.71392,6.56182,54.95523,4927.5417,0.38687,42.83653,3.613454042157625,1.346106706401613,-16.999999710011267
6.76224,6.60692,55.00294,4925.43678,0.35288,42.82487,3.586221894603615,1.3359620149168185,-16.999999710011267
6.81055,6.652,55.04622,4923.35505,0.31838,42.81339,3.5614483625412374,1.326733222392725,-16.999999710011267
6.85884,6.69706,55.08499,4921.29526,0.28341,42.80208,3.5391128400930176,1.318412652597798,-16.999999710011267
6.90713,6.74209,55.11923,4919.25616,0.24801,42.79091,3.5191963595344116,1.3109932395555755,-16.999999710011267
6.9554,6.7871,55.14886,4917.23652,0.21223,42.77988,3.50168172237481,1.3044685763757848,-16.999999710011267
7.00366,6.83208,55.17385,4915.23509,0.1761,42.76898,3.486553613637982,1.2988329578268198,-16.999999710011267
7.05191,6.87704,55.19417,4913.25061,0.13967,42.7582,3.4737987004680932,1.2940814170690726,-16.999999710011267
7.10015,6.92198,55.20977,4911.28184,0.10296,42.74752,3.463405716068732,1.2902097569244337,-16.999999710011267
7.14838,6.96691,55.22081,4909.32721,0.06868,42.75463,3.455282419101485,1.2871836150673273,0.0
7.19657,7.01182,55.22742,4907.38519,0.03421,42.7618,3.4493396113078463,1.284969762799513,0.0
7.24475,7.05673,55.22959,4905.45462,-0.00042,42.76901,3.445573517621251,1.2835667938093676,0.0
7.29289,7.10164,55.22731,4903.53431,-0.03516,42.77628,3.44398203730915,1.2829739255187431,0.0
7.34102,7.14653,55.22056,4901.62307,-0.06998,42.78361,3.4445647817159517,1.2831910131432047,0.0
7.38912,7.19143,55.20935,4899.7197,-0.10484,42.79098,3.4473230874419216,1.2842185546015201,0.0
7.43719,7.23631,55.19367,4897.82299,-0.1397,42.79841,3.4522600179429186,1.2860576911116002,0.0
7.48524,7.28119,55.17353,4895.93172,-0.17452,42.80589,3.459380353523108,1.2887102034625255,0.0
7.53327,7.32606,55.14893,4894.04465,-0.20926,42.81342,3.468690569619634,1.29217850392501,0.0
7.58127,7.37093,55.11991,4892.16053,-0.24389,42.82101,3.480198803139062,1.2964656237108447,0.0
7.62925,7.41579,55.08647,4890.27809,-0.27837,42.82865,3.4939148065254493,1.3015751958620427,0.0
7.6772,7.46065,55.04864,4888.39606,-0.31265,42.83634,3.5098498891226635,1.3075114334067621,0.0
7.72513,7.5055,55.00645,4886.51314,-0.3467,42.84408,3.5280168453048124,1.3142791025859974,0.0
7.77304,7.55034,54.95995,4884.62801,-0.38048,42.85187,3.548429868734895,1.3218834909126749,0.0
7.82092,7.59518,54.90916,4882.73934,-0.41395,42.85972,3.571104452032713,1.3303303697953048,0.0
7.86877,7.64001,54.85414,4880.84578,-0.44706,42.86762,3.5960572710293284,1.3396259514197257,0.0
7.9166,7.68484,54.79493,4878.94596,-0.47979,42.87557,3.6233060527080663,1.3497768395536511,0.0
7.96441,7.72966,54.73159,4877.03849,-0.51208,42.88357,3.6528694258474097,1.3607899739072187,0.0
8.01219,7.77448,54.66418,4875.12195,-0.54391,42.89162,3.684766753313237,1.3726725676574354,0.0
8.05995,7.81929,54.59278,4873.19492,-0.57521,42.89973,3.719017944886636,1.385432037721615,0.0
8.10768,7.8641,54.51744,4871.25592,-0.60597,42.90789,3.755643249463218,1.399075927346153,0.0
8.15539,7.9089,54.43825,4869.3035,-0.63612,42.9161,3.7946630254233207,1.413611820563386,0.0
8.20307,7.9537,54.35529,4867.33614,-0.66564,42.92436,3.8360974879596896,1.4290472480645058,0.0
8.25073,7.99849,54.26864,4865.35233,-0.69447,42.93267,3.879966432142512,1.4453895840339968,0.0
8.29836,8.04327,54.17841,4863.35052,-0.72258,42.94103,3.9262889305361277,1.4626459335039048,0.0
8.34597,8.08805,54.08468,4861.32915,-0.74992,42.94944,3.975083004224791,1.480823009802278,0.0
8.39354,8.13283,53.98757,4859.28664,-0.77645,42.9579,4.0263652661850635,1.4999270016999993,0.0
8.4411,8.17759,53.88717,4857.22137,-0.80212,42.96642,4.080150536072814,1.5199634299088083,0.0
8.48862,8.22235,53.78361,4855.13173,-0.82689,42.97498,4.136451425623781,1.540936992632102,0.0
8.53612,8.26711,53.67701,4853.01608,-0.85071,42.98359,4.195277894088487,1.5628513999527447,0.0
8.5836,8.31186,53.5675,4850.87275,-0.87355,42.99225,4.256636773349307,1.5857091969266779,0.0
8.63104,8.3566,53.45519,4848.70008,-0.89535,43.00097,4.320531262679983,1.6095115753675489,0.0
8.67846,8.40134,53.34024,4846.49638,-0.91608,43.00973,4.38696039344198,1.6342581744320157,0.0
8.72585,8.44607,53.22279,4844.25995,-0.93567,43.01854,4.455918464462089,1.6599468702830522,0.0
8.77321,8.49079,53.10297,4841.98911,-0.9541,43.0274,4.527394449271688,1.6865735552709742,0.0
8.82055,8.5355,52.98096,4839.68214,-0.97132,43.0363,4.601371376970445,1.7141319072888739,0.0
8.86785,8.58021,52.8569,4837.33735,-0.98728,43.04526,4.6778256890698175,1.7426131501799098,0.0
8.91513,8.62491,52.73097,4834.95303,-1.00194,43.05426,4.75672657536743,1.772005806333032,0.0
8.96237,8.6696,52.60332,4832.5275,-1.01526,43.06331,4.838035292648147,1.8022954428812066,0.0
9.00959,8.71428,52.47415,4830.05907,-1.02719,43.07241,4.921704470826091,1.833464413221062,0.0
9.05677,8.75895,52.34362,4827.54609,-1.03769,43.08156,5.00767741202751,1.8654915959028144,0.0
9.10392,8.80362,52.21193,4824.98692,-1.04672,43.09075,5.095887389018127,1.898352133275998,0.0
9.15105,8.84827,52.07926,4822.37996,-1.05425,43.09998,5.18625695037441,1.932017172647476,0.0
9.19814,8.89291,51.94581,4819.72363,-1.06023,43.10927,5.278697240774566,1.9664536130719577,0.0
9.24519,8.93755,51.81178,4817.01643,-1.06463,43.1186,5.373107345792444,2.001623861270483,0.0
9.29222,8.98217,51.67738,4814.25686,-1.06742,43.12797,5.469373671570657,2.03748560054234,0.0
9.33921,9.02678,51.5428,4811.44352,-1.06855,43.13739,5.567369370686734,2.0739915768851027,0.0
9.38617,9.07139,51.40827,4808.57505,-1.06801,43.14685,5.666953826436013,2.1110894068764354,0.0
9.43309,9.11597,51.27399,4805.65019,-1.06576,43.15636,5.767972208499576,2.1487214121487117,0.0
9.47998,9.16055,51.14018,4802.66774,-1.06178,43.16591,5.870255113648394,2.18682448554185,0.0
9.52683,9.20511,51.00707,4799.62661,-1.05605,43.17551,5.97361830557415,2.2253299941834532,0.0
9.57364,9.24966,50.87488,4796.52581,-1.04855,43.18514,6.0778625682127965,2.2641637248479736,0.0
9.62042,9.2942,50.74382,4793.36444,-1.03927,43.19482,6.1827736869204015,2.3032458769442212,0.0
9.66716,9.33872,50.61413,4790.14176,-1.02819,43.20454,6.288122571547398,2.3424911083637565,0.0
9.71387,9.38323,50.48603,4786.85712,-1.01531,43.2143,6.393665534847616,2.3818086391955835,0.0
9.76053,9.42772,50.35974,4783.51003,-1.00062,43.22411,6.499144738636768,2.421102417931924,0.0
9.80716,9.47219,50.2355,4780.10014,-0.98414,43.23395,6.604288818722689,2.4602713542711774,0.0
9.85374,9.51665,50.11352,4776.62728,-0.96586,43.24383,6.708813697830947,2.499209621954091,0.0
9.90029,9.5611,49.99402,4773.0914,-0.94579,43.25376,6.812423593480964,2.5378070342241474,0.0
9.94679,9.60552,49.87723,4769.49266,-0.92397,43.26372,6.914812225134072,2.575949493521965,0.0
9.99325,9.64992,49.76336,4765.83139,-0.9004,43.27372,7.015664221879414,2.613519515885343,0.0
10.03967,9.69431,49.65262,4762.10809,-0.87513,43.28376,7.114656728449167,2.6503968292321827,0.0
10.08605,9.73868,49.54523,4758.32347,-0.84817,43.29384,7.211461203682384,2.686459043335593,0.0
10.13238,9.78303,49.44138,4754.47843,-0.81959,43.30395,7.305745401466119,2.7215823877765812,0.0
10.17867,9.82736,49.34127,4750.57404,-0.78941,43.31411,7.397175520098285,2.7556425126382673,0.0
10.22491,9.87166,49.24509,4746.61162,-0.75771,43.32429,7.485418501731564,2.7885153451092464,0.0
10.27111,9.91595,49.15302,4742.59265,-0.72452,43.33452,7.570144459396625,2.820077993613595,0.0
10.31726,9.96021,49.06523,4738.51881,-0.68993,43.34478,7.651029205093317,2.8502096895913556,0.0
10.36336,10.00445,48.9819,4734.39201,-0.654,43.35508,7.727756848709274,2.8787927556641053,0.0
10.40942,10.04867,48.90317,4730.2143,-0.61681,43.36541,7.800022434281129,2.9057135877116127,0.0
10.45543,10.09286,48.82918,4725.98797,-0.57843,43.37577,7.867534577371639,2.9308636373642214,0.0
10.50139,10.13703,48.76008,4721.71545,-0.53897,43.38617,7.930018065351216,2.954140380676127,0.0
10.5473,10.18118,48.69597,4717.39936,-0.4985,43.39661,7.987216381096525,2.9754482582695183,0.0
10.59316,10.2253,48.63698,4713.04249,-0.45713,43.40707,8.038894110287327,2.99469957211598,0.0
10.63897,10.2694,48.5832,4708.64775,-0.41496,43.41757,8.084839193054016,3.0118153243344548,0.0
10.68474,10.31347,48.5347,4704.21823,-0.3721,43.42811,8.124864982264567,3.0267259839572827,0.0
10.73045,10.35751,48.49157,4699.75709,-0.32864,43.43868,8.15881207322226,3.0393721685407424,0.0
10.77611,10.40153,48.45385,4695.26766,-0.28471,43.44927,8.186549872995387,3.049705228781668,0.0
10.82172,10.44552,48.42158,4690.75331,-0.24042,43.45991,8.207977881866412,3.057687725890971,0.0
10.86728,10.48949,48.3948,4686.21752,-0.19589,43.47057,8.223026664372707,3.0632937933318627,0.0
10.91278,10.53343,48.37352,4681.66382,-0.15122,43.48127,8.231658493118829,3.066509376656877,0.0
10.95823,10.57734,48.35773,4677.09577,-0.10654,43.49199,8.233867654567197,3.0673323474229304,0.0
11.00364,10.62122,48.34742,4672.51698,-0.06197,43.50275,8.22968041243053,3.06577248955405,0.0
11.04898,10.66508,48.34256,4667.93104,-0.01762,43.51355,8.219154630763896,3.061851358933245,0.0
11.09428,10.70891,48.3431,4663.34154,0.0264,43.52437,8.202379065230865,3.0556020193804976,0.0
11.13952,10.75271,48.34898,4658.75205,0.06995,43.53522,8.179472337138511,3.047068660453806,0.0
11.18471,10.79648,48.36014,4654.16608,0.11295,43.54611,8.15058161050613,3.036306104622476,0.0
11.22985,10.84022,48.37647,4649.58708,0.15526,43.55703,8.11588099750465,3.0233792132513475,0.0
11.27494,10.88394,48.3979,4645.01842,0.1968,43.56798,8.075569721928204,3.008362202445627,0.0
11.31997,10.92763,48.4243,4640.46341,0.23745,43.57896,8.029870073898053,2.991337881124288,0.0
11.36495,10.9713,48.45555,4635.92521,0.27712,43.58997,7.979025191623738,2.9723968246677384,0.0
11.40987,11.01493,48.49152,4631.40689,0.31571,43.60101,7.923296707721806,2.951636498109609,0.0
11.45475,11.05854,48.53206,4626.91138,0.35313,43.61209,7.862962298382381,2.929160343136821,0.0
11.49957,11.10212,48.57701,4622.44149,0.3893,43.6232,7.798313173532362,2.9050768431093403,0.0
11.54434,11.14568,48.62622,4617.99987,0.42414,43.63434,7.729651545195763,2.879498579957787,0.0
11.58906,11.1892,48.67951,4613.58902,0.45758,43.64551,7.657288109477637,2.852541296156201,0.0
11.63373,11.23271,48.7367,4609.21129,0.48955,43.65672,7.581539575249126,2.8243229740921945,0.0
11.67834,11.27618,48.79759,4604.86886,0.51999,43.66795,7.50272626964656,2.7949629440523642,0.0
11.72291,11.31963,48.862,4600.56375,0.54883,43.67922,7.421169847122792,2.764581030783636,0.0
11.76742,11.36306,48.92973,4596.29781,0.57604,43.69053,7.337191125136397,2.7332967472305447,0.0
11.81189,11.40646,49.00056,4592.07273,0.60156,43.70187,7.251108065681304,2.7012285426019127,0.0
11.8563,11.44984,49.07429,4587.89002,0.62536,43.71324,7.163233917962955,2.6684931104688485,0.0
11.90067,11.49319,49.15071,4583.75104,0.64741,43.72464,7.07387553360664,2.6352047611355265,0.0
11.94498,11.53652,49.2296,4579.65699,0.66767,43.73608,6.98333186205034,2.6014748611334264,0.0
11.98925,11.57983,49.31074,4575.6089,0.68614,43.74756,6.891892630222648,2.567411341366624,0.0
12.03347,11.62311,49.39391,4571.60765,0.70278,43.75906,6.7998372073286175,2.5331182742146474,0.0
12.07764,11.66637,49.47888,4567.65397,0.7176,43.77061,6.707433652603741,2.498695518795782,0.0
12.12177,11.70961,49.56545,4563.74845,0.73058,43.78219,6.614937941317635,2.464238432633073,0.0
12.16585,11.75283,49.65338,4559.89154,0.74172,43.7938,6.5225933620676635,2.429837647130347,0.0
12.20988,11.79603,49.74246,4556.08354,0.75103,43.80545,6.430630076565915,2.395578903581277,0.0
12.25386,11.8392,49.83247,4552.32466,0.75851,43.81714,6.3392648316393485,2.3615429458818564,0.0
12.2978,11.88236,49.92318,4548.61496,0.76418,43.82886,6.248700812079885,2.3278054657131895,0.0
12.3417,11.9255,50.01439,4544.9544,0.76805,43.84062,6.15912762217208,2.2944370956600633,0.0
12.38555,11.96862,50.10588,4541.34282,0.77014,43.85242,6.07072138329244,2.2615034455692578,0.0
12.42936,12.01172,50.19744,4537.77998,0.77047,43.86426,5.983644934775982,2.2290651773776275,0.0
12.47312,12.05481,50.28887,4534.26553,0.76907,43.87613,5.898048125318142,2.197178113666979,0.0
12.51684,12.09787,50.37995,4530.79904,0.76596,43.88804,5.814068182419428,2.165893375291925,0.0
12.56052,12.14092,50.47051,4527.38,0.76118,43.89999,5.731830147878082,2.1352575436123575,0.0
12.60415,12.18396,50.56033,4524.00783,0.75476,43.91198,5.6514473678477355,2.105312843052822,0.0
12.64775,12.22698,50.64922,4520.68186,0.74674,43.92401,5.573022026726504,2.0760973399902483,0.0
12.6913,12.26998,50.73702,4517.40138,0.73715,43.93607,5.496645714880656,2.04764515424596,0.0
12.73481,12.31297,50.82352,4514.16561,0.72603,43.94818,5.422400021024836,2.0199866797628907,0.0
12.77829,12.35594,50.90856,4510.97373,0.71341,43.96033,5.3503571409559365,1.9931488113749691,0.0
12.82172,12.3989,50.99196,4507.82485,0.69936,43.97251,5.280580495140392,1.9671551748746334,0.0
12.86511,12.44185,51.07357,4504.71806,0.68389,43.98474,5.213125348559558,1.942026357921548,0.0
12.90846,12.48478,51.15321,4501.65239,0.66707,43.99701,5.1480394269901675,1.9177801396232868,0.0
12.95178,12.52771,51.23075,4498.62684,0.64893,44.00932,5.0853635247064535,1.8944317169203644,0.0
12.99506,12.57061,51.30602,4495.64039,0.62953,44.02166,5.025132099333734,1.8719939261848464,0.0
13.03829,12.61351,51.37888,4492.69198,0.6089,44.03405,4.967373850254839,1.8504774586919626,0.0
13.0815,12.6564,51.4492,4489.78051,0.58709,44.04649,4.912112277638533,1.8298910688729038,0.0
13.12464,12.6993,51.51563,4486.90737,0.54332,44.11785,4.860208334035649,1.8105554842058815,38.99999933473172
13.1677,12.74223,51.57682,4484.07324,0.49871,44.1887,4.812474033552714,1.7927732013109534,38.99999933473172
13.21069,12.7852,51.63269,4481.27603,0.45332,44.25909,4.768850079326849,1.7765221305465024,38.99999933473172
13.25359,12.82821,51.68316,4478.51363,0.40722,44.32907,4.729282206738199,1.7617820569138456,38.99999933473172
13.29642,12.87125,51.72815,4475.78397,0.36045,44.39868,4.693720021717304,1.7485342072961598,38.99999933473172
13.33917,12.91432,51.76761,4473.08498,0.31309,44.46799,4.662117253948989,1.7367613447835983,38.99999933473172
13.38185,12.95743,51.80146,4470.4146,0.2652,44.53702,4.63443197289911,1.7264478491489335,38.99999933473172
13.42445,13.00057,51.82967,4467.77079,0.21682,44.60583,4.610626770091211,1.7175797847504084,38.99999933473172
13.46698,13.04375,51.85217,4465.15149,0.16802,44.67446,4.590668910716634,1.710144957010494,38.99999933473172
13.50943,13.08696,51.86894,4462.55467,0.11886,44.74296,4.574530457212198,1.7041329584518246,38.99999933473172
13.5518,13.13021,51.87993,4459.97828,0.06939,44.81138,4.5621883671069865,1.6995352051476982,38.99999933473172
13.5941,13.17349,51.88513,4457.42028,0.01967,44.87976,4.553624567002992,1.6963449642818185,38.99999933473172
13.63633,13.2168,51.88452,4454.87861,-0.03024,44.94814,4.548826004217403,1.6945573733864012,38.99999933473172
13.67848,13.26016,51.87808,4452.35122,-0.08029,45.01658,4.547784677218841,1.694169451680474,38.99999933473172
13.72056,13.30354,51.8658,4449.83603,-0.13042,45.08511,4.5504976456209025,1.695180103792737,38.99999933473172
13.76256,13.34696,51.84769,4447.33097,-0.18057,45.15379,4.556967020155887,1.697590116026507,38.99999933473172
13.80449,13.39042,51.82376,4444.83391,-0.23069,45.22265,4.56719993265384,1.7014021451761268,38.99999933473172
13.84634,13.43391,51.79401,4442.34276,-0.28071,45.29175,4.5812084857376725,1.706620699787069,38.99999933473172
13.88812,13.47744,51.75847,4439.85535,-0.33059,45.36113,4.599009681555126,1.7132521136067214,38.99999933473172
13.92983,13.521,51.71717,4437.36953,-0.38027,45.43084,4.620625328526857,1.721304510845592,38.99999933473172
13.97146,13.5646,51.67013,4434.88309,-0.42968,45.50092,4.646081924750776,1.7307877627423605,38.99999933473172
14.01302,13.60824,51.61741,4432.39381,-0.47877,45.57142,4.675410516323347,1.74171343478483,38.99999933473172
14.0545,13.65191,51.55904,4429.89942,-0.52748,45.6424,4.708646528506219,1.7540947238150608,38.99999933473172
14.0959,13.69562,51.49508,4427.39763,-0.57576,45.71389,4.745829567317971,1.7679463841170706,38.99999933473172
14.13723,13.73936,51.42559,4424.88611,-0.62353,45.78594,4.787003188766758,1.7832846414499244,38.99999933473172
14.17848,13.78314,51.35064,4422.36247,-0.67075,45.85862,4.832214632622601,1.8001270938709077,38.99999933473172
14.21965,13.82696,51.2703,4419.8243,-0.71734,45.93196,4.8815145172783385,1.8184925980632036,38.99999933473172
14.26075,13.87082,51.18466,4417.26913,-0.76325,46.00602,4.934956491938047,1.8384011397669258,38.99999933473172
14.30176,13.91471,51.09381,4414.69445,-0.80842,46.08086,4.9925968420575435,1.8598736867953256,38.99999933473172
14.3427,13.95865,50.99784,4412.09772,-0.85277,46.15651,5.054494043709807,1.882932023024186,38.99999933473172
14.38355,14.00262,50.89685,4409.47631,-0.89626,46.23305,5.120708262272959,1.9075985616399032,38.99999933473172
14.42433,14.04662,50.79096,4406.82757,-0.9388,46.31051,5.19130079064942,1.9338961358613427,38.99999933473172
14.46502,14.09067,50.68028,4404.14879,-0.98033,46.38896,5.26633342208033,1.9618477652967072,38.99999933473172
14.50563,14.13476,50.56495,4401.43721,-1.02079,46.46846,5.34586775251366,1.9914763960573014,38.99999933473172
14.54615,14.17889,50.44509,4398.69002,-1.0601,46.54906,5.429964407500901,2.022804612756212,38.99999933473172
14.58659,14.22305,50.32085,4395.90435,-1.0982,46.63082,5.5186821886738695,2.0558543205484536,38.99999933473172
14.62694,14.26726,50.19238,4393.0773,-1.13502,46.71379,5.612077135066514,2.0906463954486476,38.99999933473172
14.6672,14.31151,50.05985,4390.20589,-1.17047,46.79805,5.71020149488779,2.127200301289364,38.99999933473172
14.70737,14.35579,49.9234,4387.28713,-1.20451,46.88364,5.81310260387016,2.1655336718764224,38.99999933473172
14.74746,14.40012,49.78323,4384.31796,-1.23703,46.97064,5.920821666953675,2.2056618571341584,38.99999933473172
14.78745,14.44449,49.63951,4381.29528,-1.26799,47.0591,6.033392441030154,2.2475974323929733,38.99999933473172
14.82734,14.48891,49.49244,4378.21599,-1.29729,47.14908,6.150839817524463,2.291349670363562,38.99999933473172
14.86714,14.53336,49.34221,4375.07691,-1.32487,47.24066,6.273178304996394,2.3369239758661893,38.99999933473172
14.90684,14.57786,49.18904,4371.87488,-1.35065,47.33389,6.4004104136024855,2.384321284000213,38.99999933473172
14.94644,14.6224,49.03313,4368.60669,-1.37455,47.42883,6.53252494520551,2.4335374231648745,38.99999933473172
14.98594,14.66699,48.87473,4365.26913,-1.39651,47.52555,6.669495195162147,2.484562445177896,38.99999933473172
15.02534,14.71162,48.71405,4361.85901,-1.41644,47.62412,6.811277074456995,2.5373799257209875,38.99999933473172
15.06463,14.75629,48.55135,4358.37314,-1.43427,47.7246,6.957807163713745,2.591966239407812,38.99999933473172
15.10382,14.80101,48.38687,4354.80833,-1.44992,47.82704,7.109000713890812,2.6482898149904965,38.99999933473172
15.14289,14.84577,48.22086,4351.16146,-1.46334,47.93152,7.26474961199105,2.706310377532978,38.99999933473172
15.18186,14.89058,48.0536,4347.42944,-1.47444,48.03809,7.4249203338956695,2.7659781857877794,38.99999933473172
15.22071,14.93544,47.88536,4343.60925,-1.48316,48.14681,7.58935191048297,2.827233274521712,38.99999933473172
15.25944,14.98034,47.71642,4339.69795,-1.48943,48.25774,7.7578539373187105,2.8900047130731816,38.99999933473172
15.29805,15.02529,47.54706,4335.6927,-1.49319,48.37093,7.930204662434145,2.9542098929991827,38.99999933473172
15.33654,15.07028,47.37758,4331.59077,-1.49438,48.48644,8.106149190839316,3.0197538592092665,38.99999933473172
15.37491,15.11533,47.20827,4327.38957,-1.49295,48.60431,8.285397848365905,3.086528700453948,38.99999933473172
15.41315,15.16042,47.03944,4323.08669,-1.48884,48.7246,8.467624751043491,3.1544130163797215,38.99999933473172
15.45126,15.20556,46.8714,4318.67986,-1.48201,48.84733,8.652466629218223,3.2232714794823276,38.99999933473172
15.48924,15.25075,46.70447,4314.16705,-1.47241,48.97256,8.83952195797025,3.292954511164368,38.99999933473172
15.52708,15.29598,46.53894,4309.54643,-1.46002,49.10031,9.028350446715127,3.363298091598391,38.99999933473172
15.56479,15.34127,46.37516,4304.81643,-1.44481,49.23061,9.21847294109281,3.434123723177971,38.99999933473172
15.60235,15.3866,46.21343,4299.97576,-1.42675,49.36347,9.409371789024421,3.505238566883482,38.99999933473172
15.63977,15.43199,46.05407,4295.02341,-1.40583,49.49892,9.600491720083566,3.5764357698710443,38.99999933473172
15.67705,15.47742,45.89741,4289.95869,-1.38206,49.63697,9.791241282798463,3.6474950009053986,38.99999933473172
15.71417,15.5229,45.74377,4284.78126,-1.35543,49.7776,9.980994878065673,3.7181832078600077,38.99999933473172
15.75114,15.56843,45.59345,4279.49115,-1.32597,49.92082,10.169095418528618,3.7882556084055397,38.99999933473172
15.78796,15.61402,45.44678,4274.08873,-1.2937,50.06661,10.354857633379646,3.8574569211355816,38.99999933473172
15.82462,15.65965,45.30406,4268.57482,-1.25865,50.21493,10.53757202581067,3.9255228398211397,38.99999933473172
15.86112,15.70533,45.16559,4262.95062,-1.22088,50.36577,10.716509476301189,3.992181748256534,38.99999933473172
15.89745,15.75106,45.03167,4257.21775,-1.18043,50.51908,10.890926469472667,4.057156667400196,38.99999933473172
15.93362,15.79684,44.90258,4251.3783,-1.1374,50.67479,11.060070905589367,4.1201674203116285,38.99999933473172
15.96961,15.84267,44.77859,4245.43476,-1.09185,50.83286,11.223188440510173,4.180932993950275,38.99999933473172
16.00544,15.88855,44.65997,4239.39009,-1.04389,50.9932,11.37952928052121,4.239174070429459,38.99999933473172
16.04109,15.93447,44.54697,4233.24768,-0.99361,51.15574,11.52835534154892,4.294615694011619,38.99999933473172
16.07657,15.98045,44.43982,4227.01135,-0.94115,51.32038,11.668947666595765,4.3469900342982735,38.99999933473172
16.11186,16.02647,44.33875,4220.68538,-0.88662,51.48703,11.800613981351296,4.3960392008939495,38.99999933473172
16.14697,16.07254,44.24395,4214.27441,-0.83017,51.65556,11.922696256701414,4.441518060639856,38.99999933473172
16.1819,16.11866,44.15563,4207.78352,-0.77195,51.82587,12.034578138676409,4.4831970054650245,38.99999933473172
16.21665,16.16482,44.07394,4201.21813,-0.71213,51.99783,12.135692102023242,4.520864617280214,38.99999933473172
16.25121,16.21103,43.99903,4194.58402,-0.65087,52.1713,12.225526183249444,4.554330176213908,38.99999933473172
16.28557,16.25728,43.93103,4187.88728,-0.58835,52.34614,12.303630153113875,4.583425960027536,38.99999933473172
16.31975,16.30358,43.87005,4181.13427,-0.52476,52.5222,12.369620996954145,4.608009285681636,38.99999933473172
16.35374,16.34992,43.81617,4174.33161,-0.46029,52.69933,12.423187584174402,4.6279642488429165,38.99999933473172
16.38753,16.3963,43.76946,4167.48612,-0.39514,52.87738,12.464094424885701,4.643203123331633,38.99999933473172
16.42113,16.44272,43.72996,4160.60475,-0.32952,53.05617,12.49218443206852,4.653667390099802,38.99999933473172
16.45454,16.48919,43.69768,4153.69461,-0.26362,53.23554,12.507380630552946,4.659328373871297,38.99999933473172
16.48775,16.5357,43.67262,4146.76286,-0.19765,53.41534,12.509686779224511,4.660187474929879,38.99999933473172
16.52076,16.58224,43.65476,4139.8167,-0.13182,53.59539,12.499186898781016,4.656275993196196,38.99999933473172
16.55358,16.62882,43.64403,4132.86328,-0.06633,53.77553,12.47604372363681,4.647654551521393,38.99999933473172
16.58621,16.67544,43.64037,4125.90974,-0.0014,53.95559,12.44049612165338,4.634412134468866,38.99999933473172
16.61864,16.7221,43.64369,4118.96308,0.06279,54.13542,12.39285554900582,4.616664767658743,38.99999933473172
16.65087,16.76878,43.65387,4112.03017,0.12604,54.31485,12.333501628259913,4.594553870485249,38.99999933473172
16.68291,16.81551,43.67078,4105.1177,0.18816,54.49373,12.262876955450361,4.568244321616712,38.99999933473172
16.71476,16.86226,43.69426,4098.23214,0.24896,54.67192,12.181481255769768,4.537922281835939,38.99999933473172
16.74641,16.90905,43.72414,4091.37972,0.30827,54.84927,12.089865017362532,4.503792822460933,38.99999933473172
16.77788,16.95587,43.76024,4084.56637,0.36593,55.02565,11.988622738245091,4.466077409645002,38.99999933473172
16.80915,17.00272,43.80233,4077.79774,0.42178,55.20092,11.878385922935335,4.425011295436943,38.99999933473172
16.84023,17.0496,43.85022,4071.07916,0.47567,55.37497,11.759815962850695,4.3808408655420035,38.99999933473172
16.87113,17.0965,43.90365,4064.41561,0.52747,55.54768,11.633597028575842,4.333820991504588,38.99999933473172
16.90184,17.14344,43.96238,4057.8117,0.57704,55.71895,11.500429093017102,4.284212431649696,38.99999933473172
16.93237,17.1904,44.02616,4051.27172,0.62428,55.88869,11.361021192859479,4.232279320798369,38.99999933473172
16.96271,17.23738,44.09471,4044.79954,0.66908,56.05681,11.2160850222933,4.178286783762308,38.99999933473172
16.99288,17.28439,44.16776,4038.39869,0.71136,56.22322,11.066328938170622,4.122498702106894,38.99999933473172
17.02287,17.33142,44.24503,4032.07233,0.75102,56.38787,10.912452440334247,4.065175657928515,38.99999933473172
17.05268,17.37847,44.32622,4025.82323,0.788,56.5507,10.755141175284278,4.00657307258891,38.99999933473172
17.08232,17.42555,44.41103,4019.65381,0.82224,56.71164,10.595062496176665,3.9469395526977857,38.99999933473172
17.11178,17.47264,44.49917,4013.56614,0.8537,56.87067,10.432861597773098,3.886515450279969,38.99999933473172
17.14108,17.51976,44.59033,4007.56195,0.88234,57.02775,10.269158231723125,3.8255316391315617,38.99999933473172
17.17021,17.5669,44.6842,4001.64261,0.90813,57.18285,10.104543995776611,3.7642085049802647,38.99999933473172
17.19918,17.61405,44.78049,3995.80922,0.93106,57.33595,9.939580180184088,3.7027551432128343,38.99999933473172
17.22798,17.66123,44.87889,3990.06254,0.95111,57.48706,9.774796146054713,3.6413687547707627,38.99999933473172
17.25663,17.70842,44.97909,3984.40306,0.96829,57.63615,9.610688203403164,3.5802342281932176,38.99999933473172
17.28512,17.75562,45.08079,3978.831,0.9826,57.78324,9.44771895141713,3.5195238938493327,38.99999933473172
17.31345,17.80285,45.18368,3973.34633,0.99407,57.92833,9.286317039711584,3.4593974349991328,38.99999933473172
17.34163,17.85009,45.28749,3967.94878,1.00272,58.07145,9.12687730699678,3.4000019394510215,38.99999933473172
17.36966,17.89735,45.3919,3962.63786,1.00858,58.21261,8.96976125259032,3.3414720752124243,38.99999933473172
17.39754,17.94462,45.49665,3957.41288,1.01168,58.35183,8.815297796250476,3.283930373547696,38.99999933473172
17.42528,17.99191,45.60143,3952.27296,1.01207,58.48916,8.663784282786331,3.227487603221836,38.99999933473172
17.45287,18.03921,45.70598,3947.21708,1.00979,58.62462,8.515487689678416,3.17224322037094,38.99999933473172
17.48032,18.08652,45.81003,3942.24402,1.0049,58.75825,8.370645998277594,3.11828587930987,38.99999933473172
17.50763,18.13385,45.91331,3937.35245,0.99746,58.89009,8.229469691941045,3.0656939906273277,38.99999933473172
17.5348,18.18119,46.01557,3932.54092,0.98751,59.0202,8.092143347550516,3.0145363140682733,38.99999933473172
17.56184,18.22855,46.11656,3927.80785,0.97513,59.1486,7.95882729011658,2.9648725749175497,38.99999933473172
17.58875,18.27592,46.21603,3923.15156,0.96038,59.27537,7.829659283487416,2.9167540938333887,38.99999933473172
17.61552,18.3233,46.31375,3918.5703,0.94334,59.40054,7.7047562335179265,2.87022442132272,38.99999933473172
17.64217,18.37069,46.40949,3914.06223,0.92406,59.52417,7.584215883250171,2.825319969240485,38.99999933473172
17.66869,18.4181,46.50304,3909.62545,0.90262,59.64632,7.468118482732709,2.782070632841278,38.99999933473172
17.69508,18.46552,46.59419,3905.25798,0.8791,59.76704,7.3565284189918,2.740500397986505,38.99999933473172
17.72135,18.51295,46.68273,3900.95782,0.85357,59.8864,7.249495794323469,2.7006279290997064,38.99999933473172
17.7475,18.56039,46.76847,3896.72291,0.82611,60.00444,7.1470579435149,2.662467134371445,38.99999933473172
17.77352,18.60784,46.85121,3892.55114,0.79679,60.12123,7.049240882753496,2.6260277055160564,38.99999933473172
17.79943,18.6553,46.9308,3888.4404,0.76569,60.23684,6.956060684963148,2.5913156301205933,38.99999933473172
17.82521,18.70278,47.00705,3884.38853,0.7329,60.35131,6.867524777946594,2.5583336752370127,38.99999933473172
17.85088,18.75027,47.0798,3880.39335,0.69848,60.46471,6.783633163217438,2.5270818414291734,38.99999933473172
17.87644,18.79776,47.14891,3876.45268,0.66251,60.5771,6.70437955460956,2.4975577869347956,38.99999933473172
17.90188,18.84527,47.21422,3872.5643,0.62508,60.68855,6.629752436797937,2.4697572219923205,38.99999933473172
17.92721,18.89279,47.27561,3868.72599,0.58627,60.79911,6.5597360447179165,2.4436742737003643,38.99999933473172
17.95243,18.94032,47.33294,3864.93552,0.54614,60.90885,6.494311265528407,2.419301822022729,38.99999933473172
17.97753,18.98787,47.38609,3861.19065,0.50479,61.01782,6.4334564652831885,2.3966318077452238,38.99999933473172
18.00253,19.03542,47.43496,3857.48915,0.46228,61.1261,6.37714824287712,2.3756555133404658,38.99999933473172
18.02742,19.08298,47.47943,3853.82875,0.4187,61.23373,6.325362114071479,2.3563638177853106,38.99999933473172
18.05219,19.13056,47.51941,3850.2072,0.37413,61.34078,6.278073128561545,2.338747426434767,38.99999933473172
18.07687,19.17814,47.55482,3846.62223,0.32863,61.44732,6.235256423143466,2.3227970770912107,38.99999933473172
18.10143,19.22574,47.58558,3843.07157,0.28229,61.5534,6.196887713981721,2.308503723386965,38.99999933473172
18.12589,19.27334,47.6116,3839.55296,0.23519,61.65908,6.16294373093507,2.295858696582142,38.99999933473172
18.15024,19.32096,47.63284,3836.0641,0.18739,61.76443,6.133402596746154,2.28485384682275,38.99999933473172
18.17449,19.36858,47.64923,3832.6027,0.13899,61.8695,6.108244153732261,2.2754816648415996,38.99999933473172
18.19863,19.41622,47.66071,3829.16648,0.09005,61.97435,6.087450240394327,2.2677353850024318,38.99999933473172
18.22267,19.46387,47.66727,3825.75312,0.04064,62.07905,6.071004920109252,2.2616090704938223,38.99999933473172
18.2466,19.51153,47.66885,3822.36029,-0.00915,62.18366,6.058894663818535,2.25709768138551,38.99999933473172
18.27043,19.55919,47.66543,3818.98568,-0.05924,62.28824,6.051108488323029,2.254197126146827,38.99999933473172
18.29416,19.60687,47.657,3815.62693,-0.10957,62.39284,6.047638051493033,2.2529042971149655,38.99999933473172
18.31779,19.65456,47.64354,3812.28169,-0.16006,62.49753,6.048477705422915,2.2532170902964714,38.99999933473172
18.34131,19.70226,47.62505,3808.94757,-0.21064,62.60237,6.053624508209413,2.2551344097549735,38.99999933473172
18.36472,19.74997,47.60153,3805.62219,-0.26121,62.70742,6.063078194760022,2.2586561567365386,38.99999933473172
18.38804,19.79768,47.573,3802.30312,-0.31172,62.81275,6.076841106689641,2.2637832035543286,38.99999933473172
18.41125,19.84541,47.53948,3798.98794,-0.36209,62.9184,6.0949180811130015,2.270517352160853,38.99999933473172
18.43435,19.89315,47.50099,3795.67418,-0.41223,63.02446,6.117316297795758,2.278861277207729,38.99999933473172
18.45735,19.9409,47.45756,3792.35936,-0.46208,63.13097,6.144045083905456,2.28881845331028,38.99999933473172
18.48025,19.98866,47.40925,3789.04097,-0.51155,63.23799,6.175115675293492,2.3003930661187844,38.99999933473172
18.50304,20.03642,47.3561,3785.71648,-0.56057,63.34561,6.210540933057664,2.313589906730568,38.99999933473172
18.52573,20.0842,47.29816,3782.38333,-0.60906,63.45386,6.250335013882639,2.328414248883153,38.99999933473172
18.54831,20.13199,47.2355,3779.03893,-0.65694,63.56283,6.294512992515181,2.3448717083163504,38.99999933473172
18.57078,20.17978,47.1682,3775.68066,-0.70414,63.67257,6.343090434587612,2.3629680836377562,38.99999933473172
18.59315,20.22759,47.09633,3772.30588,-0.75057,63.78315,6.3960829179007215,2.382709177988041,38.99999933473172
18.61541,20.2754,47.01998,3768.91191,-0.79617,63.89464,6.45350550027245,2.404100600800583,38.99999933473172
18.63756,20.32322,46.93925,3765.49605,-0.84084,64.00709,6.515372132074321,2.427147548955831,38.99999933473172
18.6596,20.37105,46.85424,3762.05558,-0.88451,64.12058,6.581695011662396,2.4518545666623757,38.99999933473172
18.68154,20.41889,46.76506,3758.58773,-0.9271,64.23518,6.652483882126641,2.4782252834775864,38.99999933473172
18.70336,20.46674,46.67184,3755.08972,-0.96853,64.35094,6.7277452680240435,2.5062621299706107,38.99999933473172
18.72506,20.5146,46.57469,3751.55876,-1.00872,64.46793,6.807481651152945,2.535966030676632,38.99999933473172
18.74666,20.56246,46.47375,3747.99201,-1.04759,64.58623,6.891690584902936,2.567336074168899,38.99999933473172
18.76814,20.61034,46.36916,3744.38664,-1.08505,64.7059,6.9803637473463125,2.600369160310378,38.99999933473172
18.7895,20.65822,46.26108,3740.73979,-1.12103,64.82701,7.073485933960651,2.635059625016412,38.99999933473172
18.81075,20.7061,46.14966,3737.04859,-1.15545,64.94963,7.171033991772493,2.671398843195195,38.99999933473172
18.83188,20.754,46.03507,3733.31018,-1.18822,65.07382,7.272975697764665,2.709374810924993,38.99999933473172
18.85288,20.8019,45.91747,3729.52169,-1.21927,65.19965,7.379268585580819,2.7489717083707075,38.99999933473172
18.87377,20.8498,45.79705,3725.68024,-1.24852,65.32719,7.489858725914841,2.7901694454468466,38.99999933473172
18.89453,20.89772,45.674,3721.783,-1.27588,65.45651,7.604679467523848,2.832943192811737,38.99999933473172
18.91517,20.94563,45.5485,3717.82714,-1.30129,65.58767,7.723650147468545,2.87726290139812,38.99999933473172
18.93568,20.99356,45.42077,3713.80985,-1.32467,65.72073,7.846674781011363,2.9230928143657438,38.99999933473172
18.95607,21.04149,45.29101,3709.72838,-1.34594,65.85577,7.973640743568639,2.970390976093859,38.99999933473172
18.97632,21.08942,45.15943,3705.58003,-1.36502,65.99283,8.104417459203292,3.019108743610246,38.99999933473172
18.99644,21.13735,45.02626,3701.36213,-1.38186,66.13199,8.238855112244446,3.0691903066356154,38.99999933473172
19.01643,21.18529,44.89173,3697.07212,-1.39639,66.2733,8.376783400840614,3.120572223249375,38.99999933473172
19.03629,21.23323,44.75606,3692.70749,-1.40853,66.41682,8.518010353399479,3.1731829789823123,38.99999933473172
19.056,21.28118,44.6195,3688.26587,-1.41823,66.5626,8.66232123097085,3.2269425779253593,38.99999933473172
19.07558,21.32912,44.48228,3683.74495,-1.42543,66.7107,8.809477540541401,3.2817621751559227,38.99999933473172
19.09501,21.37707,44.34467,3679.14259,-1.43008,66.86115,8.959216185983227,3.337543760443881,38.99999933473172
19.1143,21.42502,44.20691,3674.45677,-1.43213,67.01401,9.111248784773238,3.394179903711584,38.99999933473172
19.13345,21.47296,44.06925,3669.68562,-1.43154,67.16931,9.265261179583014,3.4515535730882183,38.99999933473172
19.15244,21.52091,43.93196,3664.82747,-1.42827,67.3271,9.420913174409517,3.5095380366115547,38.99999933473172
19.17129,21.56885,43.7953,3659.8808,-1.42228,67.48739,9.577838524735558,3.5679968585624704,38.99999933473172
19.18998,21.61679,43.65952,3654.84434,-1.41356,67.65022,9.735645210452049,3.626784001135658,38.99999933473172
19.20851,21.66473,43.5249,3649.717,-1.40208,67.81561,9.893916018653861,3.685744041546424,38.99999933473172
19.22689,21.71266,43.3917,3644.49795,-1.38785,67.98357,10.052209460987221,3.7447125137667325,38.99999933473172
19.24511,21.76059,43.26018,3639.18659,-1.37084,68.1541,10.2100610467821,3.803516382800512,38.99999933473172
19.26317,21.80851,43.1306,3633.78263,-1.35108,68.32721,10.366984928928362,3.861974657815829,38.99999933473172
19.28106,21.85643,43.00323,3628.286,-1.32857,68.50288,10.522475934051398,3.91989914843873,38.99999933473172
19.29879,21.90433,42.87831,3622.69697,-1.30335,68.68112,10.676011982336304,3.9770953662014183,38.99999933473172
19.31635,21.95223,42.75611,3617.01609,-1.27544,68.86188,10.82705689518158,4.0333635704671265,38.99999933473172
19.33374,22.00011,42.63686,3611.24423,-1.24489,69.04515,10.975063580981674,4.08849995521794,38.99999933473172
19.35095,22.04799,42.52082,3605.38258,-1.21175,69.23088,11.119477580796223,4.14229796990988,38.99999933473172
19.368,22.09585,42.40821,3599.43265,-1.1761,69.41903,11.259740946770444,4.194549764286549,38.99999933473172
19.38486,22.1437,42.29925,3593.39628,-1.138,69.60954,11.395296417037736,4.245047743640195,38.99999933473172
19.40154,22.19153,42.19418,3587.27566,-1.09754,69.80235,11.525591841830067,4.293586217654293,38.99999933473172
19.41805,22.23935,42.09318,3581.07328,-1.05481,69.99739,11.650084806897407,4.3399631227489275,38.99999933473172
19.43437,22.28715,41.99647,3574.79198,-1.00993,70.19457,11.76824739242159,4.383981794901426,38.99999933473172
19.45051,22.33493,41.90422,3568.43489,-0.96301,70.3938,11.879570998720565,4.425452767348162,38.99999933473172
19.46646,22.38269,41.8166,3562.00548,-0.91417,70.59499,11.983571164424744,4.464195565482016,38.99999933473172
19.48222,22.43042,41.73378,3555.5075,-0.86356,70.79804,12.079792298922284,4.500040469812768,38.99999933473172
19.4978,22.47814,41.65589,3548.94498,-0.81131,71.00282,12.16781224867451,4.5328302170397325,38.99999933473172
19.51319,22.52583,41.58306,3542.32221,-0.75757,71.20923,12.247246616943027,4.562421609263772,38.99999933473172
19.52838,22.5735,41.51542,3535.64373,-0.70252,71.41714,12.317752758520074,4.588687002129457,38.99999933473172
19.54339,22.62114,41.45304,3528.9143,-0.64631,71.62641,12.379033375244427,4.611515644249344,38.99999933473172
19.5582,22.66875,41.39602,3522.13888,-0.58911,71.8369,12.430839644431817,4.630814842626627,38.99999933473172
19.57281,22.71633,41.34442,3515.32259,-0.53111,72.04849,12.47297382069715,4.646510931902363,38.99999933473172
19.58724,22.76389,41.29828,3508.47069,-0.47249,72.26102,12.505291261669829,4.658550028987733,38.99999933473172
19.60147,22.81141,41.25763,3501.58856,-0.41343,72.47435,12.527701839754476,4.666898558982062,38.99999933473172
19.6155,22.8589,41.22248,3494.68167,-0.35412,72.68833,12.540170714696151,4.67154354297368,38.99999933473172
19.62934,22.90635,41.19283,3487.75552,-0.29475,72.9028,12.542718455124914,4.67249264331848,38.99999933473172
19.64299,22.95377,41.16864,3480.81565,-0.2355,73.11762,12.53542051094581,4.669773967091296,38.99999933473172
19.65644,23.00116,41.14989,3473.86758,-0.17657,73.33264,12.518406051920946,4.663435633427173,38.99999933473172
19.6697,23.0485,41.1365,3466.91679,-0.11814,73.5477,12.491856200700843,4.653545115279058,38.99999933473172
19.68284,23.09579,41.13154,3459.96099,0.00854,73.56785,12.450471709091223,4.638128303262964,0.0
19.69593,23.14298,41.138,3453.0019,0.13399,73.58797,12.38918655148548,4.6152979695452805,0.0
19.70899,23.19009,41.1557,3446.05083,0.25772,73.60806,12.308682995464633,4.585308276751476,0.0
19.722,23.23712,41.18442,3439.11879,0.37924,73.62814,12.209799526929775,4.548471582941599,0.0
19.73498,23.28406,41.22389,3432.21641,0.49812,73.64819,12.093510262416961,4.505150772155877,0.0
19.74791,23.33091,41.27383,3425.35384,0.61391,73.66821,11.960906604182183,4.455752420451192,0.0
19.76079,23.37767,41.33388,3418.5407,0.72622,73.68822,11.813177615188646,4.400719485067464,0.0
19.77364,23.42435,41.40369,3411.78604,0.83465,73.7082,11.651589687758753,4.340523730465578,0.0
19.78645,23.47094,41.48284,3405.09825,0.93888,73.72816,11.477466060506684,4.275658097845816,0.0
19.79921,23.51745,41.57092,3398.48507,1.03857,73.74809,11.292166698550695,4.206629209997568,0.0
19.81194,23.56388,41.66749,3391.95356,1.13346,73.76801,11.097068995626419,4.133950182328767,0.0
19.82462,23.61022,41.77206,3385.51006,1.22328,73.7879,10.893549688284965,4.058133885428819,0.0
19.83727,23.65648,41.88415,3379.16021,1.30784,73.80778,10.682968296255648,3.979686776168009,0.0
19.84987,23.70267,42.00327,3372.90894,1.38694,73.82763,10.466652323941581,3.899103384865243,0.0
19.86244,23.74877,42.12889,3366.76051,1.46043,73.84746,10.245884379696198,3.8168615168796305,0.0
19.87497,23.79479,42.26051,3360.71849,1.52821,73.86728,10.021891295509418,3.7334181994073075,0.0
19.88746,23.84074,42.3976,3354.78582,1.59018,73.88708,9.795835262668996,3.6492063792820573,0.0
19.89991,23.88662,42.53963,3348.96484,1.64629,73.90686,9.568806940552482,3.5646323558189925,0.0
19.91233,23.93242,42.68606,3343.25729,1.6965,73.92663,9.341820447301345,3.4800739147088646,0.0
19.92471,23.97815,42.83639,3337.66438,1.74082,73.94638,9.11581010297879,3.3958791147586567,0.0
19.93705,24.02381,42.99007,3332.18682,1.77925,73.96612,8.891628767764914,3.312365668825559,0.0
19.94936,24.0694,43.1466,3326.82485,1.81184,73.98584,8.670047599387965,3.229820853453723,0.0
19.96164,24.11493,43.30546,3321.57831,1.83866,74.00556,8.451757044064948,3.148501878025716,0.0
19.97388,24.16039,43.46615,3316.44663,1.85976,74.02526,8.23736887285379,3.0686366433572836,0.0
19.98608,24.20579,43.62818,3311.42892,1.87526,74.04495,8.027419079087112,2.9904248210676583,0.0
19.99825,24.25112,43.79108,3306.52397,1.88526,74.06462,7.822371461160015,2.914039188262285,0.0
20.01039,24.2964,43.95436,3301.7303,1.88986,74.0843,7.622621727272159,2.839627156657249,0.0
20.0225,24.34162,44.11759,3297.04623,1.88922,74.10396,7.428501973463646,2.767312440765459,0.0
20.03458,24.38678,44.2803,3292.46982,1.88346,74.12361,7.240285402636424,2.697196815856292,0.0
20.04662,24.43189,44.44208,3287.999,1.87273,74.14326,7.058191169146272,2.629361922693574,0.0
20.05863,24.47694,44.60251,3283.63154,1.85717,74.1629,6.882389250526679,2.563871082380907,0.0
20.07062,24.52194,44.7612,3279.36509,1.83696,74.18253,6.7130052642109685,2.5007710907173983,0.0
20.08257,24.56689,44.91775,3275.19719,1.81225,74.20217,6.550125162543178,2.440093967212745,0.0
20.09449,24.61179,45.07181,3271.12531,1.7832,74.22179,6.393799753432136,2.38185863914982,0.0
20.10639,24.65665,45.22301,3267.14686,1.74997,74.24142,6.2440490068014185,2.326072545850598,0.0
20.11825,24.70146,45.37101,3263.2592,1.71274,74.26104,6.100866118124215,2.2727331524498027,0.0
20.13009,24.74622,45.5155,3259.45966,1.67167,74.28066,5.964221310143079,2.221829366135549,0.0
20.1419,24.79094,45.65617,3255.74556,1.62692,74.30027,5.834065362029816,2.1733428508542567,0.0
20.15368,24.83561,45.79271,3252.11419,1.57866,74.31989,5.7103328622175935,2.127249239076198,0.0
20.16543,24.88025,45.92486,3248.56285,1.52706,74.33951,5.592945186663432,2.083519241276641,0.0
20.17716,24.92484,46.05234,3245.08885,1.47228,74.35912,5.481813208811299,2.0421196554684022,0.0
20.18886,24.96939,46.17491,3241.6895,1.41448,74.37874,5.37683975092732,2.003014280388713,0.0
20.20054,25.01391,46.29233,3238.36214,1.35381,74.39836,5.277921789049439,1.9661647369009854,0.0
20.21218,25.05839,46.40437,3235.10411,1.29044,74.41798,5.184952425562354,1.9315312028308722,0.0
20.22381,25.10283,46.51083,3231.91278,1.22452,74.4376,5.097822644575862,1.8990730668908928,0.0
20.2354,25.14724,46.61151,3228.78555,1.1562,74.45722,5.016422865850658,1.8687495075586764,0.0
20.24697,25.19161,46.70622,3225.71983,1.08562,74.47685,4.940644313238334,1.8405200028568678,0.0
20.25852,25.23595,46.7948,3222.71306,1.01295,74.49648,4.87038021337884,1.814344776899473,0.0
20.27004,25.28025,46.87709,3219.76271,0.93832,74.51611,4.805526839974185,1.7901851889112865,0.0
20.28154,25.32453,46.95293,3216.86625,0.86187,74.53575,4.745984418285083,1.7680040701766944,0.0
20.29301,25.36877,47.02221,3214.02119,0.78375,74.55539,4.691657903676151,1.7477660140682392,0.0
20.30446,25.41298,47.08478,3211.22504,0.70409,74.57503,4.642457647121212,1.729437623964864,0.0
20.31588,25.45716,47.14055,3208.47534,0.62302,74.59468,4.598299959564969,1.7129877234914785,0.0
20.32728,25.50131,47.18942,3205.76961,0.54069,74.61434,4.5591075860013195,1.6983875331256078,0.0
20.33866,25.54543,47.23128,3203.10543,0.45723,74.634,4.524810099066101,1.6856108168210457,0.0
20.35001,25.58952,47.26607,3200.48032,0.37276,74.65366,4.4953442208563805,1.6746340018940091,0.0
20.36134,25.63359,47.29373,3197.89186,0.28741,74.67333,4.4706540806409905,1.6654362750270897,0.0
20.37265,25.67762,47.31418,3195.33759,0.20132,74.693,4.450691415078216,1.6579996568556132,0.0
20.38394,25.72163,47.3274,3192.81505,0.11461,74.71268,4.4354157165243295,1.652309057216472,0.0
20.3952,25.76561,47.33333,3190.32177,0.02741,74.73237,4.424794334028806,1.648352312771497,0.0
20.40643,25.80957,47.33197,3187.85527,-0.06016,74.75206,4.418802530638543,1.6461202083547883,0.0
20.41765,25.85349,47.32329,3185.41305,-0.14797,74.77176,4.417423499671601,1.645606483035114,0.0
20.42884,25.8974,47.30729,3182.99257,-0.23589,74.79147,4.420648341716741,1.6468078215476294,0.0
20.44001,25.94127,47.28398,3180.59128,-0.32381,74.81117,4.428476003186595,1.6497238314033187,0.0
20.45116,25.98512,47.25337,3178.20658,-0.41159,74.83089,4.440913176391344,1.6543570056638102,0.0
20.46228,26.02895,47.2155,3175.83585,-0.49911,74.85061,4.457974160196156,1.6607126710326026,0.0
20.47338,26.07274,47.17039,3173.47642,-0.58624,74.87034,4.4796806794894035,1.668798920602233,0.0
20.48446,26.11652,47.1181,3171.12556,-0.67286,74.89007,4.50606166082137,1.6786265302737846,0.0
20.49552,26.16026,47.05869,3168.78051,-0.75883,74.90981,4.537152960744888,1.6902088575566305,0.0
20.50656,26.20399,46.99223,3166.43845,-0.84403,74.92956,4.572997042538512,1.703561721139308,0.0
20.51757,26.24768,46.91879,3164.09649,-0.92833,74.94931,4.613642596192993,1.7187032593244826,0.0
20.52856,26.29135,46.83847,3161.7517,-1.01159,74.96906,4.659144095726753,1.7356537651173143,0.0
20.53953,26.335,46.75137,3159.40106,-1.09368,74.98883,4.70956128712251,1.7544354954683774,0.0
20.55047,26.37862,46.6576,3157.0415,-1.17446,75.00859,4.764958599429484,1.7750724518937355,0.0
20.56139,26.42221,46.55729,3154.66988,-1.2538,75.02836,4.82540447088762,1.797590129438488,0.0
20.57229,26.46577,46.45056,3152.28295,-1.33155,75.04814,4.890970581288256,1.822015230710916,0.0
20.58317,26.50931,46.33758,3149.87744,-1.40758,75.06792,4.961730981251944,1.8483753415155646,0.0
20.59403,26.55283,46.21849,3147.44995,-1.48174,75.08771,5.037761108681012,1.876698564455942,0.0
20.60486,26.59631,46.09348,3144.99704,-1.55388,75.1075,5.119136682350822,1.9070131067681508,0.0
20.61567,26.63977,45.96271,3142.51516,-1.62386,75.12729,5.205932462521854,1.9393468186162808,0.0
20.62646,26.6832,45.82639,3140.00071,-1.69152,75.14709,5.29822086859793,1.973726678133726,0.0
20.63722,26.7266,45.68472,3137.44998,-1.75672,75.16689,5.396070444250565,2.0101782196416167,0.0
20.64796,26.76997,45.53792,3134.85921,-1.81929,75.18669,5.499544161206063,2.0487249017648868,0.0
20.65868,26.81332,45.38623,3132.22456,-1.87907,75.20649,5.608697554034323,2.089387412592028,0.0
20.66938,26.85663,45.22988,3129.54212,-1.93592,75.2263,5.723576679897807,2.132182909627893,0.0
20.68005,26.89991,45.06915,3126.80792,-1.98967,75.24611,5.84421589934206,2.1771241930797776,0.0
20.6907,26.94316,44.90429,3124.01792,-2.04016,75.26592,5.970635476992127,2.224218812053706,0.0
20.70132,26.98638,44.7356,3121.16805,-2.08723,75.28573,6.102839004387966,2.2734681044928116,0.0
20.71192,27.02956,44.56337,3118.25419,-2.13072,75.30554,6.240810651351291,2.324866173239166,0.0
20.7225,27.07272,44.3879,3115.27221,-2.17045,75.32535,6.384512257160048,2.378398802419733,0.0
20.73305,27.11583,44.20953,3112.21795,-2.20628,75.34516,6.533880278539659,2.434042320492811,0.0
20.74358,27.15891,44.02858,3109.08726,-2.23805,75.36497,6.688822617976392,2.491762418711302,0.0
20.75408,27.20196,43.8454,3105.876,-2.26559,75.38478,6.849215363198701,2.5515129364937272,0.0
20.76456,27.24496,43.66036,3102.5801,-2.28876,75.40458,7.014899476699979,2.613234628184347,0.0
20.77502,27.28793,43.47382,3099.19551,-2.3074,75.42438,7.185677482860528,2.676853928918927,0.0
20.78544,27.33086,43.28616,3095.71829,-2.32137,75.44418,7.361310209356776,2.7422817407139353,0.0
20.79585,27.37374,43.09778,3092.14461,-2.33053,75.46397,7.541513648924927,2.809412263390926,0.0
20.80623,27.41659,42.90907,3088.47076,-2.33476,75.48375,7.725956016888626,2.878121898428177,0.0
20.81658,27.45939,42.72046,3084.69322,-2.33393,75.50353,7.914255088749565,2.9482682571431367,0.0
20.8269,27.50214,42.53236,3080.80865,-2.32793,75.52331,8.105975910249798,3.0196893076303843,0.0
20.8372,27.54485,42.34519,3076.81396,-2.31666,75.54307,8.300628979010227,3.0922026973741237,0.0
20.84747,27.58751,42.15939,3072.7063,-2.30005,75.56283,8.497669001749477,3.1656052902795135,0.0
20.85772,27.63013,41.97539,3068.48314,-2.27801,75.58257,8.696494333379583,3.239672957721051,0.0
20.86793,27.67269,41.79363,3064.14229,-2.2505,75.60231,8.896447203652844,3.3141606629744915,0.0
20.87812,27.7152,41.61456,3059.68192,-2.21749,75.62204,9.09681483258222,3.3888028767402907,0.0
20.88828,27.75765,41.43862,3055.1006,-2.17896,75.64175,9.296831527379101,3.463314358308104,0.0
20.89842,27.80005,41.26623,3050.39736,-2.13491,75.66145,9.495681840480255,3.537391332004909,0.0
20.90852,27.84239,41.09785,3045.57169,-2.08537,75.68114,9.692504850264783,3.6107130818747093,0.0
20.91859,27.88467,40.9339,3040.62358,-2.03041,75.70081,9.886399603180452,3.6829439790137863,0.0
20.92864,27.9269,40.77481,3035.55357,-1.9701,75.72046,10.076431728333873,3.753735945679572,0.0
20.93865,27.96906,40.62097,3030.36273,-1.90455,75.7401,10.261641203780808,3.82273134843814,0.0
20.94864,28.01115,40.4728,3025.05272,-1.83389,75.75972,10.441051218365837,3.88956629943265,0.0
20.95859,28.05318,40.33067,3019.62576,-1.75827,75.77933,10.613678035215457,3.9538743307940463,0.0
20.96852,28.09515,40.19497,3014.08468,-1.6779,75.79891,10.778541724294008,4.015290392800534,0.0
20.97841,28.13704,40.06602,3008.43292,-1.59299,75.81848,10.934677593225071,4.073455112159315,0.0
20.98827,28.17887,39.94417,3002.67449,-1.50379,75.83802,11.081148110002635,4.128019233530195,0.0
20.9981,28.22062,39.82972,2996.81397,-1.41056,75.85754,11.217055079775568,4.178648155698202,0.0
21.0079,28.2623,39.72295,2990.85654,-1.31361,75.87704,11.341551812849954,4.2250264644746025,0.0
21.01766,28.3039,39.62411,2984.80787,-1.21325,75.89651,11.453855003765526,4.266862357965443,0.0
21.02739,28.34543,39.53342,2978.67416,-1.10984,75.91597,11.55325603354087,4.303891856955258,0.0
21.03709,28.38688,39.45108,2972.46207,-1.00375,75.93539,11.639131409674514,4.335882694082174,0.0
21.04676,28.42825,39.37726,2966.17866,-0.89535,75.9548,11.710952072005153,4.362637780515693,0.0
21.05639,28.46954,39.31207,2959.83138,-0.78506,75.97417,11.768291316803133,4.383998157889271,0.0
21.06599,28.51075,39.25562,2953.42799,-0.67328,75.99352,11.810831125993914,4.399845356102579,0.0
21.07556,28.55188,39.20797,2946.97649,-0.56045,76.01284,11.838366731830948,4.4101030937822685,0.0
21.08509,28.59293,39.16915,2940.48508,-0.44699,76.03214,11.850809297841247,4.414738277004719,0.0
21.09459,28.63389,39.13914,2933.96209,-0.33334,76.05141,11.848186652350819,4.413761272553579,0.0
21.10406,28.67476,39.11792,2927.41591,-0.21994,76.07065,11.830642068663545,4.4072254535042905,0.0
21.11349,28.71555,39.1054,2920.85492,-0.10722,76.08986,11.798431143506955,4.395226036363012,0.0
21.12288,28.75626,39.10148,2914.28746,0.00439,76.10905,11.75191688006439,4.377898249366728,0.0
21.13225,28.79688,39.10602,2907.72172,0.11446,76.1282,11.691563131301729,4.355414889949935,0.0
21.14158,28.83741,39.11885,2901.16573,0.22261,76.14733,11.617926601430531,4.327983345079207,0.0
21.15087,28.87786,39.13976,2894.62728,0.32842,76.16643,11.531647636646804,4.295842160561079,0.0
21.16014,28.91822,39.16854,2888.11387,0.43154,76.1855,11.433440059682981,4.259257254145189,0.0
21.16937,28.9585,39.20493,2881.63269,0.5316,76.20455,11.324080315863805,4.21851787214451,0.0
21.17856,28.99869,39.24865,2875.19056,0.62827,76.22356,11.204396201257985,4.1739323903752625,0.0
21.18772,29.0388,39.29941,2868.79391,0.72124,76.24255,11.075255436965215,4.125824057778197,0.0
21.19685,29.07882,39.35688,2862.44875,0.81023,76.26151,10.937554338454971,4.074526775449175,0.0
21.20595,29.11876,39.42073,2856.16066,0.89498,76.28045,10.792206806730746,4.0203809955581775,0.0
21.21501,29.15861,39.4906,2849.93477,0.97525,76.29936,10.640133840349693,3.963729814300675,0.0
21.22405,29.19839,39.56612,2843.77573,1.05083,76.31824,10.482253735893485,3.904915321315181,0.0
21.23305,29.23808,39.64693,2837.68775,1.12155,76.3371,10.319473110745143,3.8442752554314077,0.0
21.24202,29.27769,39.73262,2831.67459,1.18725,76.35593,10.152678847831314,3.7821400038748223,0.0
21.25095,29.31722,39.82281,2825.73953,1.24779,76.37474,9.98273102853459,3.718829969590548,0.0
21.25986,29.35667,39.91709,2819.88542,1.30309,76.39353,9.810456888477432,3.654653319613829,0.0
21.26874,29.39605,40.01506,2814.1147,1.35305,76.41229,9.636645802300155,3.5899041167678782,0.0
21.27758,29.43535,40.1163,2808.42937,1.39762,76.43103,9.462045278456152,3.5248608276197184,0.0
21.2864,29.47458,40.22042,2802.83104,1.43677,76.44975,9.28735792388032,3.4597851917392974,0.0
21.29518,29.51373,40.327,2797.32096,1.47049,76.46845,9.113239321297009,3.3949214309408564,0.0
21.30394,29.55281,40.43564,2791.90003,1.49877,76.48712,8.940296748887599,3.33049577232541,0.0
21.31267,29.59182,40.54594,2786.56879,1.52166,76.50578,8.76908866287225,3.2667162555288347,0.0
21.32136,29.63076,40.6575,2781.3275,1.53918,76.52442,8.600124857856256,3.2037727924551067,0.0
21.33003,29.66963,40.76993,2776.17613,1.55141,76.54304,8.433867217379886,3.141837446875862,0.0
21.33868,29.70843,40.88286,2771.11438,1.55841,76.56165,8.270730967181256,3.0810649013037965,0.0
21.34729,29.74717,40.9959,2766.14173,1.56026,76.58023,8.111086346184118,3.021593079479581,0.0
21.35588,29.78584,41.10869,2761.25742,1.55707,76.5988,7.955260614332596,2.9635438943431276,0.0
21.36444,29.82446,41.22087,2756.4605,1.54894,76.61736,7.80354032189775,2.9070240934099973,0.0
21.37298,29.86301,41.33211,2751.74984,1.53599,76.6359,7.656173771272576,2.8521261758548135,0.0
21.38149,29.90149,41.44205,2747.12416,1.51835,76.65443,7.513373609255715,2.7989293582051396,0.0
21.38997,29.93992,41.55037,2742.58202,1.49615,76.67294,7.375319495008041,2.747500568225521,0.0
21.39843,29.97829,41.65677,2738.12187,1.46953,76.69144,7.242160796133997,2.6978954492787106,0.0
21.40686,30.01661,41.76093,2733.74204,1.43862,76.70993,7.114019272332587,2.6501593600562767,0.0
21.41526,30.05487,41.86257,2729.44078,1.40359,76.7284,6.990991712759743,2.604328357065481,0.0
21.42365,30.09307,41.96141,2725.21621,1.36458,76.74687,6.873152499462514,2.560430149575958,0.0
21.43201,30.13122,42.05718,2721.06642,1.32175,76.76532,6.760556074932561,2.5184850188483208,0.0
21.44034,30.16932,42.14963,2716.98942,1.27526,76.78376,6.6532392969186285,2.4785066953637607,0.0
21.44865,30.20737,42.23851,2712.98316,1.22526,76.8022,6.551223668167612,2.440503189461269,0.0
21.45694,30.24536,42.32359,2709.04554,1.17192,76.82062,6.454517432686431,2.4044775722503346,0.0
21.4652,30.28331,42.40466,2705.17441,1.11539,76.83904,6.363117533469652,2.370428704916001,0.0
21.47344,30.32121,42.4815,2701.36761,1.05585,76.85745,6.277011429459059,2.3383519155841066,0.0
21.48166,30.35906,42.55393,2697.62293,0.99345,76.87585,6.196178771819774,2.3082396237782485,0.0
21.48986,30.39686,42.62176,2693.93812,0.92836,76.89424,6.120592941489625,2.2800819131973786,0.0
21.49803,30.43462,42.68482,2690.31094,0.86073,76.91263,6.050222451408022,2.2538670540829533,0.0
21.50618,30.47233,42.74295,2686.73908,0.79074,76.93101,5.985032217922399,2.229581976851284,0.0
21.51431,30.51,42.79601,2683.22026,0.71855,76.94938,5.924984706673872,2.2072126989660994,0.0
21.52242,30.54763,42.84385,2679.75214,0.64431,76.96775,5.870040958732742,2.186744707201014,0.0
21.5305,30.58521,42.88637,2676.33237,0.56818,76.98611,5.820161503043096,2.168163297549156,0.0
21.53857,30.62275,42.92344,2672.95861,0.49033,77.00446,5.775307161325809,2.1514538750707075,0.0
21.54661,30.66024,42.95496,2669.62847,0.41092,77.02281,5.735439751461974,2.136602215921744,0.0
21.55463,30.6977,42.98085,2666.33955,0.3301,77.04116,5.70052269518374,2.1235946937350585,0.0
21.56263,30.73511,43.00102,2663.08942,0.24803,77.0595,5.670521535553844,2.112418472394904,0.0
21.57062,30.77249,43.01541,2659.87565,0.16487,77.07784,5.645404369298869,2.1030616670925077,0.0
21.57858,30.80982,43.02397,2656.69577,0.08078,77.09617,5.625142198564698,2.095513475364231,0.0
21.58651,30.84712,43.02664,2653.5473,-0.00408,77.11449,5.60970920614296,2.089764279620664,0.0
21.59443,30.88437,43.02339,2650.42771,-0.08957,77.13282,5.5990829576332795,2.085805722457383,0.0
21.60233,30.92159,43.0142,2647.33447,-0.17552,77.15114,5.59324453340578,2.0836307558144527,0.0
21.61021,30.95876,42.99906,2644.265,-0.26177,77.16945,5.592178592652233,2.083233664837167,0.0
21.61807,30.9959,42.97796,2641.2167,-0.34818,77.18776,5.595873371153368,2.084610067044313,0.0
21.62591,31.033,42.95091,2638.18692,-0.43458,77.20607,5.604320613846529,2.0877568872078474,0.0
21.63372,31.07007,42.91794,2635.173,-0.52083,77.22437,5.617515442644615,2.0926723081119745,0.0
21.64152,31.10709,42.87906,2632.17222,-0.60675,77.24267,5.635456159405676,2.0993556971541376,0.0
21.6493,31.14408,42.83433,2629.18183,-0.69221,77.26097,5.6581439834365845,2.1078075085582286,0.0
21.65706,31.18103,42.78379,2626.19903,-0.77703,77.27926,5.685582722388918,2.1180291607746446,0.0
21.6648,31.21794,42.72751,2623.221,-0.86107,77.29755,5.717778374970364,2.1300228884798362,0.0
21.67251,31.25481,42.66555,2620.24485,-0.94416,77.31583,5.754738663519375,2.1437915684480626,0.0
21.68021,31.29165,42.59801,2617.26765,-1.02614,77.33411,5.796472494151304,2.159338518441627,0.0
21.68789,31.32845,42.52497,2614.28644,-1.10686,77.35239,5.8429893419554695,2.176667268180606,0.0
21.69555,31.36521,42.44654,2611.2982,-1.18615,77.37066,5.894298558601005,2.195781301407808,0.0
21.70319,31.40193,42.36284,2608.29988,-1.26386,77.38892,5.950408599638833,2.216683768038431,0.0
21.71081,31.43862,42.274,2605.28835,-1.33983,77.40719,6.011326168951865,2.2393771654452497,0.0
21.71841,31.47526,42.18014,2602.26048,-1.41388,77.42544,6.077055277982142,2.2638629879959704,0.0
21.72599,31.51187,42.08142,2599.21308,-1.48587,77.44369,6.147596217874778,2.2901413441498106,0.0
0.04756,0.04756,50.73596,5024.33725,-0.47329,45.0001,6.800504136888892,2.5333667230238226,0.0
0.09509,0.09509,50.67552,5020.63995,-0.44582,45.00025,6.8484639245202645,2.5512330058144683,0.0
0.14258,0.14259,50.61879,5016.90974,-0.41765,45.00044,6.8930753110047025,2.5678519210761435,0.0
0.19004,0.19005,50.56584,5013.14835,-0.38883,45.00067,6.934191670013768,2.5831688466435354,0.0
0.23747,0.23747,50.51675,5009.35764,-0.35942,45.00096,6.971677960754084,2.597133476267974,0.0
0.28485,0.28486,50.47159,5005.53951,-0.32949,45.00128,7.005411769195552,2.609700207502339,0.0
0.3322,0.33221,50.43041,5001.69598,-0.29911,45.00165,7.035284264495609,2.6208284979942666,0.0
0.37952,0.37953,50.39327,4997.82912,-0.26833,45.00207,7.061201057428492,2.630483185273627,0.0
0.4268,0.42682,50.36021,4993.94107,-0.23723,45.00253,7.083082948804223,2.6386347655583,0.0
0.47404,0.47406,50.33125,4990.03403,-0.20588,45.00303,7.100866557306675,2.6452596276403644,0.0
0.52124,0.52128,50.30642,4986.11025,-0.17434,45.00358,7.114504817879314,2.650340238547905,0.0
0.56841,0.56845,50.28574,4982.17202,-0.1427,45.00417,7.123967343609075,2.653865278356277,0.0
0.61554,0.61559,50.2692,4978.22165,-0.11101,45.00481,7.129240646145181,2.6558297222999165,0.0
0.66263,0.66269,50.2568,4974.2615,-0.07936,45.00549,7.130328211783399,2.656234869115728,0.0
0.70968,0.70976,50.24852,4970.29391,-0.04782,45.00621,7.127250432546477,2.6550883153687277,0.0
0.7567,0.75679,50.24434,4966.32122,-0.01645,45.00698,7.120044393795613,2.65240387633174,0.0
0.80368,0.80378,50.24423,4962.3458,0.01467,45.00779,7.108763522096603,2.648201454806262,0.0
0.85061,0.85074,50.24814,4958.36997,0.04547,45.00865,7.093477099055148,2.6425068600133224,0.0
0.89751,0.89766,50.25602,4954.39603,0.07588,45.00954,7.074269648836557,2.6353515794284665,0.0
0.94438,0.94454,50.2678,4950.42626,0.10584,45.01048,7.051240208778997,2.62677250706599,0.0
0.9912,0.99139,50.28343,4946.46288,0.13528,45.01147,7.024501494059395,2.6168116322950112,0.0
1.03798,1.0382,50.30281,4942.50807,0.16413,45.0125,6.994178968625549,2.605515693737243,0.0
1.08473,1.08498,50.32587,4938.56396,0.19233,45.01357,6.960409835638211,2.5929358031800955,0.0
1.13144,1.13172,50.35251,4934.6326,0.21983,45.01468,6.9233419613984255,2.579127044711306,0.0
1.17811,1.17842,50.38264,4930.71597,0.24657,45.01584,6.8831327471572585,2.564148054438372,0.0
1.22474,1.22509,50.41613,4926.81598,0.27249,45.01704,6.839947963412597,2.54806058623344,0.0
1.27133,1.27172,50.45289,4922.93447,0.29755,45.01828,6.79396056113338,2.530929068883055,0.0
1.31789,1.31832,50.49279,4919.07317,0.32168,45.01957,6.74534947405598,2.5128201599120445,0.0
1.36441,1.36488,50.5357,4915.23374,0.34486,45.0209,6.694298425539377,2.4938023011056827,0.0
1.41088,1.41141,50.5815,4911.41774,0.36704,45.02228,6.640994752733393,2.4739452804814137,0.0
1.45733,1.45791,50.63004,4907.62663,0.38817,45.0237,6.585628259783187,2.453319805077357,0.0
1.50373,1.50437,50.6812,4903.86177,0.40823,45.02516,6.528390110736423,2.4319970885310966,0.0
1.5501,1.55079,50.73481,4900.12445,0.42718,45.02667,6.469471771563773,2.4100484569544816,0.0
1.59643,1.59718,50.79075,4896.41582,0.445,45.02822,6.409064009424064,2.38754497613356,0.0
1.64272,1.64354,50.84885,4892.73696,0.46165,45.02981,6.347355955996451,2.364557102595172,0.0
1.68898,1.68987,50.90896,4889.08884,0.47712,45.03145,6.284534240316794,2.341154360565679,0.0
1.7352,1.73616,50.97094,4885.47233,0.49139,45.03313,6.220782195274718,2.3174050463702467,0.0
1.78139,1.78242,51.03461,4881.88821,0.50444,45.03486,6.156279140633272,2.293375961338797,0.0
1.82754,1.82865,51.09982,4878.33716,0.51625,45.03663,6.091199744198133,2.269132173824732,0.0
1.87365,1.87485,51.16642,4874.81977,0.52683,45.03845,6.02571346168419,2.2447368105404952,0.0
1.91973,1.92102,51.23424,4871.33653,0.53616,45.04031,5.959984054720116,2.220250877001595,0.0
1.96577,1.96716,51.30312,4867.88785,0.54424,45.04221,5.894169185577517,2.195733106552549,0.0
2.01178,2.01326,51.3729,4864.47405,0.55107,45.04417,5.828420086322852,2.171239837117269,0.0
2.05776,2.05934,51.44342,4861.09537,0.55665,45.04616,5.7628812994609415,2.1468249145819414,0.0
2.1037,2.10539,51.51453,4857.75198,0.56098,45.0482,5.697690486476238,2.122539621471618,0.0
2.1496,2.15141,51.58605,4854.44395,0.56408,45.05029,5.632978300287905,2.0984326294363713,0.0
2.19548,2.19739,51.65785,4851.17129,0.56595,45.05242,5.568868317208392,2.0745499739040767,0.0
2.24132,2.24336,51.72975,4847.93394,0.56659,45.0546,5.505477023770987,2.0509350491733302,0.0
2.28713,2.28929,51.80162,4844.73178,0.56603,45.05682,5.442913853621161,2.0276286221564424,0.0
2.3329,2.3352,51.87329,4841.56463,0.56429,45.05909,5.38128126957778,2.004668862949399,0.0
2.37865,2.38107,51.94461,4838.43222,0.56136,45.0614,5.320674885992283,1.9820913904138768,0.0
2.42436,2.42693,52.01545,4835.33426,0.55729,45.06376,5.261183626580716,1.9599293309738262,0.0
2.47004,2.47275,52.08566,4832.27039,0.55207,45.06617,5.2028899130268975,1.9382133888751143,0.0
2.51571,2.51853,52.15415,4829.24196,0.5309,45.01848,5.146553323059894,1.9172265268075128,-32.99999943708069
2.56139,2.56425,52.21986,4826.24974,0.50879,44.97134,5.092889633140129,1.89723539033574,-32.99999943708069
2.60708,2.6099,52.28268,4823.29247,0.48581,44.92472,5.041902594054376,1.8782413767265582,-32.99999943708069
2.65277,2.65549,52.34251,4820.36886,0.46197,44.87861,4.993594240861046,1.8602452440927721,-32.99999943708069
2.69848,2.70101,52.39925,4817.47762,0.43733,44.83297,4.947964305400043,1.8432468925376897,-32.99999943708069
2.74419,2.74648,52.45279,4814.61747,0.41193,44.78777,4.905010604938708,1.8272455089359643,-32.99999943708069
2.78991,2.79188,52.50306,4811.78709,0.3858,44.743,4.8647294046451925,1.8122397019644634,-32.99999943708069
2.83564,2.83722,52.54997,4808.98518,0.35899,44.69863,4.8271157543641925,1.798227627560089,-32.99999943708069
2.88138,2.8825,52.59343,4806.2104,0.33153,44.65464,4.792163800287859,1.7852071050253957,-32.99999943708069
2.92713,2.92772,52.63337,4803.46143,0.30346,44.61099,4.7598670722051075,1.7731757240365111,-32.99999943708069
2.97288,2.97288,52.66973,4800.73694,0.27484,44.56766,4.730218747059725,1.7621309428254726,-32.99999943708069
3.01865,3.01799,52.70243,4798.03559,0.24568,44.52463,4.703211889607424,1.7520701778313048,-32.99999943708069
3.06442,3.06304,52.73143,4795.35602,0.21604,44.48188,4.678839670968626,1.7429908851166855,-32.99999943708069
3.11019,3.10803,52.75666,4792.6969,0.18596,44.43937,4.65709556586148,1.7348906338424357,-32.99999943708069
3.15598,3.15296,52.77808,4790.05685,0.15547,44.39708,4.637973529297498,1.72776717209129,-32.99999943708069
3.20177,3.19783,52.79564,4787.43451,0.12461,44.35499,4.621468153465761,1.7216184853113927,-32.99999943708069
3.24757,3.24265,52.8093,4784.82851,0.09343,44.31307,4.607574805508062,1.7164428476411642,-32.99999943708069
3.29338,3.28742,52.81904,4782.23747,0.06196,44.2713,4.596289746803088,1.712238866345797,-32.99999943708069
3.3392,3.33213,52.82481,4779.66,0.03024,44.22965,4.5876102343415335,1.7090055195821503,-32.99999943708069
3.38503,3.37678,52.8266,4777.09469,-0.00169,44.18809,4.581534604667603,1.7067421876691735,-32.99999943708069
3.43086,3.42138,52.82438,4774.54015,-0.03379,44.14661,4.578062340808465,1.7054486780208842,-32.99999943708069
3.4767,3.46592,52.81815,4771.99496,-0.06601,44.10516,4.57719412251332,1.7051252438617446,-32.99999943708069
3.52255,3.51041,52.80789,4769.45769,-0.09833,44.06374,4.578931860036119,1.7057725968116126,-32.99999943708069
3.5684,3.55484,52.79359,4766.9269,-0.1307,44.02231,4.5832787116132545,1.7073919133966446,-32.99999943708069
3.61427,3.59922,52.77526,4764.40113,-0.16308,43.98085,4.5902390846816905,1.709984835503074,-32.99999943708069
3.66014,3.64355,52.75291,4761.87893,-0.19543,43.93933,4.599818620800328,1.7135534647600317,-32.99999943708069
3.70602,3.68782,52.72654,4759.35882,-0.22771,43.89773,4.612024164134318,1.7181003507991162,-32.99999943708069
3.7519,3.73204,52.69617,4756.8393,-0.25989,43.85602,4.626863713278596,1.7236284733073963,-32.99999943708069
3.7978,3.7762,52.66182,4754.31887,-0.29192,43.81417,4.644346356101576,1.730141217754974,-32.99999943708069
3.8437,3.8203,52.62351,4751.79602,-0.32376,43.77215,4.664482187193432,1.7376423446422924,-32.99999943708069
3.88961,3.86436,52.58128,4749.26919,-0.35537,43.72995,4.687282207450656,1.746135952092746,-32.99999943708069
3.93553,3.90835,52.53516,4746.73683,-0.38671,43.68753,4.712758205217371,1.75562643157469,-32.99999943708069
3.98146,3.9523,52.48518,4744.19738,-0.41775,43.64487,4.740922618345734,1.7661184165153143,-32.99999943708069
4.02739,3.99618,52.4314,4741.64924,-0.44843,43.60194,4.77178837649473,1.7776167235527895,-32.99999943708069
4.07334,4.04001,52.37387,4739.09081,-0.47873,43.55871,4.805368722909018,1.7901262861442016,-32.99999943708069
4.11929,4.08379,52.31263,4736.52047,-0.50859,43.51516,4.8416770148952955,1.8036520802377478,-32.99999943708069
4.16525,4.12751,52.24776,4733.93657,-0.53797,43.47125,4.880726502185664,1.8181990417072575,-32.99999943708069
4.21122,4.17117,52.17931,4731.33745,-0.56685,43.42696,4.922530082369022,1.8337719752439503,-32.99999943708069
4.2572,4.21478,52.10736,4728.72143,-0.59516,43.38227,4.967100032586916,1.8503754544060842,-32.99999943708069
4.30319,4.25833,52.03198,4726.08682,-0.62287,43.33713,5.014447716713326,1.8680137125357186,-32.99999943708069
4.34918,4.30182,51.95326,4723.43191,-0.64995,43.29153,5.064583267296096,1.8866905242735277,-32.99999943708069
4.39519,4.34525,51.87127,4720.75497,-0.67634,43.24544,5.11751524163817,1.9064090774400155,-32.99999943708069
4.4412,4.38862,51.78612,4718.05425,-0.702,43.19882,5.173250251482332,1.9271718350833333,-32.99999943708069
4.48723,4.43193,51.69789,4715.32801,-0.72689,43.15165,5.231792565942807,1.9489803875608576,-32.99999943708069
4.53326,4.47519,51.60669,4712.57447,-0.75097,43.1039,5.293143687485783,1.9718352945807758,-32.99999943708069
4.5793,4.51838,51.51263,4709.79185,-0.77419,43.05553,5.357301901001104,1.9957359172194273,-32.99999943708069
4.62536,4.56151,51.41582,4706.97836,-0.79652,43.00653,5.42426179628169,2.0206802400323243,-32.99999943708069
4.67142,4.60458,51.31637,4704.13221,-0.8179,42.95686,5.494013764528168,2.0466646834888773,-32.99999943708069
4.71749,4.64758,51.21441,4701.25161,-0.83831,42.90648,5.5665434698714,2.073683907100632,-32.99999943708069
4.76357,4.69052,51.11006,4698.33474,-0.85768,42.85538,5.64183129732514,2.101730603769112,-32.99999943708069
4.80966,4.7334,51.00347,4695.37981,-0.876,42.80353,5.71985177903565,2.1307952860486994,-32.99999943708069
4.85577,4.77621,50.89476,4692.38503,-0.8932,42.75089,5.800573001234959,2.160866065221123,-32.99999943708069
4.90188,4.81895,50.78407,4689.34861,-0.90925,42.69743,5.8839559948668265,2.1919284242875965,-32.99999943708069
4.948,4.86162,50.67156,4686.26878,-0.92411,42.64313,5.969954113483841,2.223964986219117,-32.99999943708069
4.99414,4.90423,50.55738,4683.14379,-0.93774,42.58796,6.058512402685703,2.2569552790556346,-32.99999943708069
5.04028,4.94677,50.44169,4679.97192,-0.9501,42.53189,6.149566966090887,2.2908754997138177,-32.99999943708069
5.08644,4.98923,50.32463,4676.75146,-0.96115,42.47489,6.243044333574211,2.3256982786389195,-32.99999943708069
5.1326,5.03162,50.20639,4673.48074,-0.97086,42.41695,6.33886083827929,2.3613924477255295,-32.99999943708069
5.17878,5.07394,50.08713,4670.15813,-0.97919,42.35802,6.436922009728628,2.397922814235112,-32.99999943708069
5.22497,5.11619,49.96702,4666.78207,-0.98611,42.2981,6.537121991108056,2.43524994371913,-32.99999943708069
5.27117,5.15836,49.84624,4663.35103,-0.99158,42.23715,6.6393429896034455,2.473329955255004,-32.99999943708069
5.31738,5.20045,49.72498,4659.86354,-0.99557,42.17515,6.743454769404496,2.5121143325766875,-32.99999943708069
5.36361,5.24246,49.60341,4656.3182,-0.99806,42.11208,6.849314197650134,2.5515497549273767,-32.99999943708069
5.40984,5.28439,49.48172,4652.71371,-0.99902,42.04793,6.956764854201395,2.591577951689648,-32.99999943708069
5.45609,5.32625,49.36011,4649.04883,-0.99842,41.98267,7.065636716618588,2.6321355850311554,-32.99999943708069
5.50235,5.36801,49.23876,4645.32241,-0.99625,41.91628,7.175745932035236,2.673154164921677,-32.99999943708069
5.54862,5.4097,49.11787,4641.53342,-0.99248,41.84876,7.286894687836273,2.714560000957336,-32.99999943708069
5.59491,5.4513,48.99763,4637.68094,-0.9871,41.78008,7.398871192999751,2.7562741954099024,-32.99999943708069
5.6412,5.49281,48.87825,4633.76414,-0.9801,41.71024,7.511449781724705,2.7982126818308903,-32.99999943708069
5.68751,5.53424,48.75992,4629.78236,-0.97147,41.63924,7.624391150453284,2.840286313348544,-32.99999943708069
5.73383,5.57557,48.64283,4625.73504,-0.9612,41.56705,7.737442738633605,2.88240100451202,-32.99999943708069
5.78016,5.61682,48.52719,4621.62178,-0.9493,41.49369,7.850339262441817,2.9244579301168963,-32.99999943708069
5.82651,5.65797,48.41319,4617.44233,-0.93577,41.41914,7.962803409341281,2.966353783946743,-32.99999943708069
5.87286,5.69902,48.30102,4613.1966,-0.92061,41.34342,8.074546699576203,3.007981099702168,-32.99999943708069
5.91923,5.73998,48.19089,4608.88467,-0.90384,41.26653,8.18527051870153,3.049228635645369,-32.99999943708069
5.96561,5.78085,48.08298,4604.50678,-0.88547,41.18846,8.294667322862443,3.0899818235984613,-32.99999943708069
6.01201,5.82161,47.97748,4600.06336,-0.86553,41.10924,8.402422015928625,3.130123281962222,-32.99999943708069
6.05842,5.86228,47.87458,4595.55502,-0.84405,41.02889,8.508213494663487,3.1695333913322887,-32.99999943708069
6.10483,5.90284,47.77445,4590.98257,-0.82105,40.94741,8.611716355037023,3.208090930145588,-32.99999943708069
6.15126,5.9433,47.67728,4586.34699,-0.79657,40.86482,8.71260274950914,3.2456737665672484,-32.99999943708069
6.19771,5.98365,47.58322,4581.64946,-0.77066,40.78116,8.810544381794385,3.2821596015929413,-32.99999943708069
6.24416,6.0239,47.49246,4576.89137,-0.74335,40.69645,8.90521462227111,3.3174267570944633,-32.99999943708069
6.29063,6.06404,47.40514,4572.0743,-0.71472,40.61073,8.996290723938513,3.3513550013220277,-32.99999943708069
6.33711,6.10408,47.32141,4567.19999,-0.6848,40.52401,9.0834561157675,3.383826403237814,-32.99999943708069
6.3836,6.144,47.24143,4562.27042,-0.65367,40.43635,9.166402747461403,3.414726206001021,-32.99999943708069
6.4301,6.18381,47.16531,4557.28771,-0.62139,40.34779,9.244833457235888,3.44394370902819,-32.99999943708069
6.47661,6.22352,47.0932,4552.2542,-0.58803,40.25837,9.318464332229428,3.4713731473082023,-32.99999943708069
6.52313,6.2631,47.02519,4547.17237,-0.55368,40.16813,9.38702702974766,3.496914556126888,-32.99999943708069
6.56966,6.30258,46.96141,4542.04488,-0.5184,40.07713,9.450271026737733,3.5204746090554004,-32.99999943708069
6.61621,6.34194,46.90194,4536.87456,-0.4823,39.98542,9.507965764735923,3.5419674169996447,-32.99999943708069
6.66276,6.38118,46.84686,4531.66435,-0.44544,39.89305,9.559902658131355,3.561315276331352,-32.99999943708069
6.70929,6.42034,46.798,4526.41409,-0.3786,39.89914,9.603533455504396,3.577568896348179,0.0
6.75576,6.45947,46.75715,4521.12545,-0.31112,39.90526,9.636311790781757,3.5897796886889046,0.0
6.80218,6.49857,46.72437,4515.8044,-0.24318,39.9114,9.6580826404953,3.59788990303273,0.0
6.84854,6.53762,46.69966,4510.45704,-0.17501,39.91756,9.668767229725471,3.6018701936494306,0.0
6.89483,6.57664,46.68303,4505.08954,-0.10682,39.92376,9.668359514810698,3.6017183091160523,0.0
6.94107,6.61562,46.67445,4499.70809,-0.03881,39.92997,9.65692596954809,3.597459012671049,0.0
6.98725,6.65457,46.67386,4494.31889,0.0288,39.93621,9.634604341194319,3.5891436187918804,0.0
7.03337,6.69347,46.68119,4488.92811,0.09581,39.94248,9.601601412597509,3.5768491595302563,0.0
7.07943,6.73234,46.69634,4483.54181,0.16201,39.94878,9.558189830857717,3.560677203104724,0.0
7.12543,6.77117,46.71918,4478.16595,0.22721,39.95509,9.504704084516684,3.540752355298006,0.0
7.17137,6.80996,46.74956,4472.80634,0.29122,39.96144,9.441535729732639,3.517220481081505,0.0
7.21725,6.84872,46.78732,4467.46858,0.35385,39.96781,9.36912798061514,3.490246689372697,0.0
7.26307,6.88744,46.83227,4462.15808,0.41493,39.9742,9.287969789448903,3.460013127762746,0.0
7.30883,6.92612,46.88419,4456.88,0.47428,39.98062,9.198589548868847,3.42671663641101,0.0
7.35453,6.96476,46.94287,4451.63922,0.53177,39.98707,9.101548549955725,3.3905663110135222,0.0
7.40017,7.00336,47.00806,4446.44037,0.58723,39.99354,8.9974343282183,3.351781024006288,0.0
7.44576,7.04193,47.07949,4441.28776,0.64053,40.00004,8.886854023565064,3.310586950980035,0.0
7.49128,7.08047,47.15691,4436.18539,0.69156,40.00657,8.770427871361903,3.2672151459279264,0.0
7.53675,7.11896,47.24003,4431.13695,0.74019,40.01313,8.648782930069906,3.2218992046256223,0.0
7.58217,7.15743,47.32854,4426.14579,0.78634,40.01971,8.522547137219693,3.174873050325309,0.0
7.62752,7.19585,47.42215,4421.21495,0.82991,40.02632,8.392343770621446,3.126368870410705,0.0
7.67282,7.23425,47.52055,4416.34713,0.87083,40.03296,8.258786375965343,3.0766152267947593,0.0
7.71807,7.27261,47.62341,4411.54473,0.90904,40.03962,8.122474206267002,3.025835356993086,0.0
7.76326,7.31093,47.73041,4406.80981,0.94447,40.04632,7.983988203251798,2.9742456770838857,0.0
7.80839,7.34923,47.84122,4402.14414,0.9771,40.05305,7.8438875363746225,2.9220544924017373,0.0
7.85348,7.38749,47.9555,4397.5492,1.00689,40.0598,7.7027067019507225,2.869460916887515,0.0
7.89851,7.42572,48.07294,4393.02615,1.03382,40.06659,7.560953173158965,2.816653997652771,0.0
7.94349,7.46392,48.19318,4388.57591,1.05788,40.07341,7.419105581647558,2.763812037580018,0.0
7.98842,7.50209,48.3159,4384.19914,1.07907,40.08026,7.277612403158995,2.711102105683442,0.0
8.0333,7.54023,48.44076,4379.89624,1.0974,40.08714,7.1368911130457695,2.658679722516285,0.0
8.07813,7.57835,48.56744,4375.6674,1.11287,40.09405,6.997327772675985,2.606688706096051,0.0
8.12291,7.61643,48.69561,4371.5126,1.12552,40.101,6.859277004473203,2.555261162606194,0.0
8.16764,7.65449,48.82494,4367.4316,1.13538,40.10798,6.723062311491958,2.5045176054464067,0.0
8.21233,7.69252,48.95512,4363.424,1.14247,40.115,6.588976696864084,2.454567185992673,0.0
8.25697,7.73053,49.08584,4359.48923,1.14685,40.12205,6.457283539022612,2.4055080196412,0.0
8.30156,7.76851,49.21678,4355.62657,1.14855,40.12913,6.328217679982963,2.3574275912217995,0.0
8.34611,7.80647,49.34766,4351.83515,1.14763,40.13625,6.20198668616635,2.3104032246877715,0.0
8.39061,7.8444,49.47817,4348.11401,1.14414,40.14341,6.078772243927208,2.264502602986601,0.0
8.43508,7.88231,49.60803,4344.46206,1.13815,40.1506,5.958731654984188,2.2197843251473417,0.0
8.4795,7.9202,49.73696,4340.8781,1.12971,40.15782,5.841999400360071,2.176298488889389,0.0
8.52387,7.95807,49.86469,4337.36087,1.11889,40.16509,5.728688744765207,2.1340872882975215,0.0
8.56821,7.99591,49.99096,4333.90901,1.10576,40.17239,5.618893356896857,2.093185617426041,0.0
8.61251,8.03374,50.11552,4330.52113,1.09039,40.17973,5.512688924428128,2.0536216719246423,0.0
8.65676,8.07155,50.23811,4327.19576,1.07283,40.18711,5.410134745757001,2.0154175420068077,0.0
8.70098,8.10933,50.3585,4323.93138,1.05318,40.19453,5.311275283574248,1.978589791194734,0.0
8.74516,8.1471,50.47646,4320.72644,1.0315,40.20199,5.216141668162288,1.9431500163377098,0.0
8.7893,8.18485,50.59177,4317.57937,1.00785,40.20948,5.124753140901746,1.9091053853562887,0.0
8.83341,8.22259,50.70422,4314.48854,0.98233,40.21702,5.037118430765144,1.8764591500224075,0.0
8.87747,8.2603,50.81361,4311.45233,0.95499,40.22459,4.953237058625558,1.8452111318486812,0.0
8.9215,8.298,50.91974,4308.46909,0.92592,40.23221,4.873100566007612,1.8153581798304763,0.0
8.9655,8.33569,51.02242,4305.53715,0.89519,40.23987,4.796693666434352,1.7868945993529155,0.0
9.00946,8.37336,51.12148,4302.65487,0.86287,40.24757,4.723995318848599,1.7598125520685772,0.0
9.05339,8.41101,51.21675,4299.82055,0.82903,40.2553,4.654979723654419,1.734102426949146,0.0
9.09728,8.44866,51.30807,4297.03252,0.79375,40.26309,4.589617242838381,1.7097531830547978,0.0
9.14114,8.48628,51.39528,4294.28911,0.7571,40.27091,4.527875246314501,1.6867526648199527,0.0
9.18496,8.5239,51.47825,4291.58864,0.71916,40.27877,4.469718887199531,1.6650878908637257,0.0
9.22876,8.5615,51.55683,4288.92943,0.67998,40.28668,4.415111809135521,1.6447453174861852,0.0
9.27252,8.59909,51.63091,4286.30982,0.63965,40.29463,4.364016789038627,1.6257110781092028,0.0
9.31625,8.63666,51.70035,4283.72812,0.59824,40.30262,4.31639631885947,1.6079711999974873,0.0
9.35994,8.67423,51.76505,4281.18268,0.55581,40.31065,4.272213129976165,1.5915117996087906,0.0
9.40361,8.71178,51.82491,4278.67184,0.51243,40.31873,4.2314306639075525,1.5763192579469696,0.0
9.44725,8.74932,51.87982,4276.19393,0.46817,40.32685,4.194013492926865,1.5623803772516434,0.0
9.49085,8.78686,51.9297,4273.7473,0.4231,40.33501,4.159927694066968,1.549682520324988,0.0
9.53443,8.82438,51.97447,4271.33029,0.37728,40.34322,4.129141179849254,1.5382137337369486,0.0
9.57797,8.86189,52.01405,4268.94125,0.33079,40.35147,4.10162398889109,1.5279628560841636,0.0
9.62149,8.89939,52.04839,4266.57851,0.28368,40.35976,4.077348539305396,1.5189196123879731,0.0
9.66497,8.93688,52.07741,4264.24043,0.23602,40.3681,4.056289847591701,1.5110746956370955,0.0
9.70843,8.97437,52.10107,4261.92534,0.18788,40.37648,4.038425715456478,1.5044198363831203,0.0
9.75186,9.01184,52.11932,4259.63158,0.13931,40.38491,4.0237368867382735,1.4989478611992446,0.0
9.79526,9.0493,52.13213,4257.35747,0.0904,40.39337,4.012207176328497,1.494652740706664,0.0
9.83863,9.08676,52.13946,4255.10133,0.04119,40.40189,4.003823572719636,1.491529627776477,0.0
9.88197,9.12421,52.1413,4252.86148,-0.00825,40.41044,3.9985763155131857,1.4895748864034277,0.0
9.92529,9.16165,52.13762,4250.63621,-0.05785,40.41904,3.9964589489371236,1.488786111642577,0.0
9.96857,9.19908,52.12842,4248.42381,-0.10755,40.42769,3.9974683521480867,1.4891621408976574,0.0
10.01183,9.23651,52.1137,4246.22255,-0.15729,40.43638,4.001604746797124,1.4907030567395176,0.0
10.05506,9.27392,52.09345,4244.03068,-0.207,40.44511,4.008871682056037,1.4934101813280367,0.0
10.09826,9.31133,52.0677,4241.84644,-0.25662,40.45389,4.019275997023373,1.4972860624073716,0.0
10.14144,9.34874,52.03647,4239.66804,-0.30608,40.46271,4.0328277601438325,1.5023344507380905,0.0
10.18458,9.38613,51.99977,4237.49367,-0.35533,40.47157,4.049540185001768,1.5085602687280342,0.0
10.2277,9.42352,51.95764,4235.3215,-0.4043,40.48048,4.069429521563721,1.5159695699173024,0.0
10.27079,9.4609,51.91013,4233.14967,-0.45291,40.48943,4.092514921710043,1.5245694888852417,0.0
10.31386,9.49827,51.85727,4230.97629,-0.50112,40.49843,4.118818277572604,1.5343681810269911,0.0
10.35689,9.53564,51.79913,4228.79944,-0.54884,40.50746,4.148364031021798,1.5453747515823757,0.0
10.3999,9.57299,51.73577,4226.61718,-0.59603,40.51655,4.181178952317678,1.557599173177634,0.0
10.44288,9.61035,51.66726,4224.42752,-0.64259,40.52567,4.217291885787152,1.571052191083479,0.0
10.48583,9.64769,51.59367,4222.22845,-0.68848,40.53484,4.256733460113295,1.585745215290245,0.0
10.52875,9.68503,51.51508,4220.01793,-0.73363,40.54405,4.299535760677205,1.6016901984466088,0.0
10.57165,9.72236,51.4316,4217.79386,-0.77795,40.5533,4.3457319611969245,1.6188994986353935,0.0
10.61451,9.75968,51.34332,4215.55413,-0.82139,40.5626,4.395355911801802,1.637385725920432,0.0
10.65735,9.79699,51.25034,4213.29658,-0.86387,40.57194,4.44844168055491,1.657161571551604,0.0
10.70016,9.8343,51.15279,4211.01902,-0.90533,40.58132,4.505023045439929,1.6782396187165824,0.0
10.74294,9.8716,51.05078,4208.71921,-0.94568,40.59074,4.56513293379299,1.7006321337144468,0.0
10.78569,9.90889,50.94444,4206.39489,-0.98486,40.6002,4.62880280628769,1.724350836473892,0.0
10.82841,9.94618,50.83392,4204.04375,-1.0228,40.60971,4.696061982706347,1.7494066493852802,0.0
10.8711,9.98345,50.71936,4201.66346,-1.05942,40.61925,4.76693690701824,1.775809423522953,0.0
10.91376,10.02072,50.60092,4199.25165,-1.09464,40.62884,4.841450349633797,1.8035676414639177,0.0
10.95639,10.05798,50.47875,4196.80592,-1.1284,40.63847,4.91962054517764,1.8326880960856295,0.0
10.99899,10.09523,50.35304,4194.32385,-1.16061,40.64813,5.0014602647644395,1.8631755449643312,0.0
11.04156,10.13247,50.22395,4191.80297,-1.1912,40.65784,5.08697582250388,1.8950323402720144,0.0
11.0841,10.1697,50.09167,4189.24082,-1.2201,40.66759,5.176166016920202,1.9282580344273461,0.0
11.1266,10.20692,49.95641,4186.63491,-1.24722,40.67737,5.269021009049504,1.9628489621573932,0.0
11.16907,10.24413,49.81836,4183.98274,-1.2725,40.68719,5.36552114030987,1.9987978001231446,0.0
11.21151,10.28133,49.67773,4181.28181,-1.29586,40.69705,5.46563569469724,2.036093105804901,0.0
11.25392,10.31852,49.53475,4178.5296,-1.31722,40.70695,5.569321611580082,2.074718837984424,0.0
11.29629,10.3557,49.38964,4175.72363,-1.33652,40.71689,5.676522157253839,2.1146538618640114,0.0
11.33863,10.39287,49.24264,4172.86143,-1.35367,40.72686,5.787165565499213,2.1558714426386922,0.0
11.38093,10.43002,49.09399,4169.94053,-1.3686,40.73687,5.901163659659204,2.1983387321836667,0.0
11.4232,10.46716,48.94394,4166.95852,-1.38126,40.74691,6.018410471182546,2.242016254425388,0.0
11.46543,10.50429,48.79274,4163.91305,-1.39157,40.75699,6.138780872119033,2.286857395910089,0.0
11.50762,10.54141,48.64066,4160.80179,-1.39946,40.76711,6.262129241686711,2.33280790906498,0.0
11.54978,10.57851,48.48798,4157.62252,-1.40488,40.77725,6.388288189683501,2.3798054366354835,0.0
11.59189,10.61559,48.33495,4154.37308,-1.40776,40.78743,6.517067362088998,2.427779066740485,0.0
11.63397,10.65267,48.18188,4151.05141,-1.40806,40.79765,6.648252356705924,2.476648928920234,0.0
11.67601,10.68972,48.02904,4147.65559,-1.40573,40.80789,6.781603778872444,2.5263258423643475,0.0
11.71801,10.72676,47.87673,4144.18379,-1.40071,40.81817,6.916856469213084,2.5767110282286962,0.0
11.75997,10.76378,47.72523,4140.63435,-1.39298,40.82848,7.0537189367933655,2.6276958984706007,0.0
11.80189,10.80079,47.57485,4137.00577,-1.38249,40.83882,7.191873031864,2.6791619339374253,0.0
11.84377,10.83777,47.42589,4133.29672,-1.36923,40.84919,7.330973892546849,2.7309806645057035,0.0
11.8856,10.87474,47.27865,4129.50606,-1.35317,40.85959,7.47065019901659,2.7830137637704877,0.0
11.92738,10.91169,47.13344,4125.63288,-1.33431,40.87001,7.610504767058747,2.8351132701613424,0.0
11.96913,10.94861,46.99055,4121.67648,-1.31263,40.88047,7.75011551007691,2.887121945315336,0.0
12.01082,10.98552,46.85028,4117.63641,-1.28815,40.89095,7.88903679468606,2.9388737790712294,0.0
12.05247,11.0224,46.71295,4113.51247,-1.26088,40.90146,8.026801209838284,2.990194648515351,0.0
12.09408,11.05927,46.57883,4109.30474,-1.23085,40.91199,8.16292176301881,3.0409031361224033,0.0
12.13563,11.0961,46.44823,4105.01358,-1.19809,40.92255,8.296894509511137,3.090811509225907,0.0
12.17713,11.13292,46.32143,4100.63966,-1.16265,40.93313,8.428201611914215,3.1397268597688477,0.0
12.21859,11.16971,46.19871,4096.18392,-1.12459,40.94374,8.556314817554979,3.187452399731345,0.0
12.25999,11.20647,46.08034,4091.64766,-1.08397,40.95437,8.680699330878882,3.2337889036980125,0.0
12.30135,11.24321,45.96658,4087.03247,-1.04088,40.96502,8.800818047083988,3.2785362859980496,0.0
12.34265,11.27992,45.85769,4082.34025,-0.9954,40.97569,8.916136102074022,3.3214952956824755,0.0
12.38388,11.31661,45.75368,4077.57372,-0.95176,41.02569,9.026407436504345,3.362574269171199,11.999999795302069
12.42504,11.35331,45.65457,4072.73571,-0.90599,41.07623,9.131410957940663,3.4016908437151536,11.999999795302069
12.46611,11.39001,45.56056,4067.82874,-0.85819,41.12729,9.230667911339715,3.4386666704639217,11.999999795302069
12.50711,11.4267,45.47185,4062.85568,-0.80849,41.17886,9.323716450902367,3.473329699705431,11.999999795302069
12.54802,11.4634,45.38863,4057.81965,-0.75701,41.23089,9.410117050999423,3.5055161965781925,11.999999795302069
12.58885,11.5001,45.31107,4052.72403,-0.7039,41.28336,9.489457097588508,3.5350724514948904,11.999999795302069
12.6296,11.53679,45.23932,4047.5725,-0.64929,41.33625,9.561355321213309,3.561856431551246,11.999999795302069
12.67026,11.57349,45.17351,4042.36894,-0.59335,41.38951,9.6254659891066,3.5857393421946906,11.999999795302069
12.71084,11.61018,45.11377,4037.11748,-0.53623,41.44312,9.68148277571082,3.6066070690951237,11.999999795302069
12.75133,11.64687,45.06019,4031.82243,-0.47811,41.49704,9.729142235203865,3.6243614717521333,11.999999795302069
12.79174,11.68355,45.01286,4026.4883,-0.41915,41.55123,9.768226806124547,3.6389215027970403,11.999999795302069
12.83206,11.72023,44.97184,4021.11974,-0.35954,41.60566,9.79856728689114,3.650224130188689,11.999999795302069
12.87229,11.75691,44.93717,4015.72152,-0.29946,41.66028,9.820044731628792,3.658225043459047,11.999999795302069
12.91243,11.79359,44.90888,4010.29852,-0.2391,41.71506,9.832591727979118,3.6628991297308855,11.999999795302069
12.95249,11.83026,44.88697,4004.8557,-0.17863,41.76996,9.836193031987417,3.6642407102299885,11.999999795302069
12.99246,11.86693,44.87141,3999.39804,-0.11826,41.82493,9.830885549412281,3.6622635333224784,11.999999795302069
13.03233,11.90359,44.86219,3993.93054,-0.05815,41.87995,9.81675766724207,3.6570005254871236,11.999999795302069
13.07212,11.94025,44.85923,3988.45818,0.0015,41.93497,9.793947953567429,3.6485033069836326,11.999999795302069
13.11182,11.9769,44.86247,3982.98591,0.0605,41.98994,9.76264325744304,3.6368414840011716,11.999999795302069
13.15143,12.01354,44.87181,3977.5186,0.11869,42.04484,9.723076252885296,3.622101733732865,11.999999795302069
13.19096,12.05019,44.88715,3972.06101,0.17589,42.09963,9.675522482033509,3.6043867028755594,11.999999795302069
13.23039,12.08682,44.90835,3966.6178,0.23193,42.15427,9.620296961575095,3.583813743433906,11.999999795302069
13.26974,12.12345,44.93527,3961.19347,0.28665,42.20873,9.557750423550045,3.560513512321114,11.999999795302069
13.309,12.16007,44.96775,3955.79236,0.33989,42.26297,9.488265266423875,3.5346284630271,11.999999795302069
13.34817,12.19669,45.00561,3950.41863,0.39152,42.31696,9.412251294894068,3.506311258584284,11.999999795302069
13.38725,12.2333,45.04866,3945.07623,0.44138,42.37068,9.330141327211617,3.475723135179297,11.999999795302069
13.42625,12.2699,45.09671,3939.76892,0.48936,42.42409,9.242386747097509,3.4430322451248263,11.999999795302069
13.46516,12.3065,45.14954,3934.5002,0.53533,42.47717,9.149453073743283,3.4084120065682666,11.999999795302069
13.50399,12.34309,45.20692,3929.27337,0.57918,42.5299,9.051815618142884,3.3720394853610487,11.999999795302069
13.54273,12.37968,45.26861,3924.09146,0.62082,42.58226,8.949955287494634,3.334093832087976,11.999999795302069
13.58139,12.41625,45.33439,3918.95728,0.66015,42.63422,8.84435459182657,3.2947547944300957,11.999999795302069
13.61996,12.45282,45.40399,3913.87338,0.69709,42.68577,8.735493898792903,3.2542013219778365,11.999999795302069
13.65845,12.48939,45.47715,3908.84207,0.73157,42.73689,8.623847973928008,3.212610277384584,11.999999795302069
13.69686,12.52595,45.55362,3903.86539,0.76354,42.78757,8.50988283497039,3.170155264519597,11.999999795302069
13.73519,12.5625,45.63313,3898.94516,0.79294,42.83781,8.394052940327992,3.1270055810973543,11.999999795302069
13.77344,12.59904,45.7154,3894.08296,0.81973,42.88758,8.276798723621782,3.083325300230174,11.999999795302069
13.81161,12.63558,45.80017,3889.28012,0.84389,42.93688,8.158544478743234,3.0392724825564708,11.999999795302069
13.84971,12.67212,45.88716,3884.53778,0.86538,42.98572,8.03969659301908,2.9949985180481495,11.999999795302069
13.88772,12.70865,45.97608,3879.85681,0.8842,43.03408,7.920642120137198,2.9506475943879398,11.999999795302069
13.92566,12.74517,46.06668,3875.23792,0.90034,43.08196,7.801747679359027,2.90635628689706,11.999999795302069
13.96353,12.78169,46.15867,3870.6816,0.9138,43.12937,7.683358663399471,2.8622532634496416,11.999999795302069
14.00132,12.8182,46.25178,3866.18815,0.9246,43.1763,7.565798734046145,2.818459096577626,11.999999795302069
14.03904,12.8547,46.34574,3861.7577,0.93274,43.22276,7.449369582181186,2.775086174072573,11.999999795302069
14.07668,12.89121,46.44029,3857.3902,0.93826,43.26875,7.334350927220446,2.7322386987767486,11.999999795302069
14.11426,12.9277,46.53515,3853.08546,0.94117,43.31428,7.221000730103145,2.690012767927373,11.999999795302069
14.15176,12.9642,46.63007,3848.84312,0.94153,43.35936,7.109555593738188,2.648496522333411,11.999999795302069
14.1892,13.00068,46.7248,3844.66272,0.93936,43.40399,7.000231325044439,2.6077703557503606,11.999999795302069
14.22657,13.03717,46.81908,3840.54364,0.93471,43.44818,6.893223633570089,2.5679071751343514,11.999999795302069
14.26387,13.07365,46.91267,3836.48515,0.92764,43.49195,6.788708942736729,2.5289727028519065,11.999999795302069
14.3011,13.11013,47.00533,3832.48644,0.91819,43.5353,6.686845291245375,2.491025812477402,11.999999795302069
14.33827,13.1466,47.09684,3828.54656,0.90641,43.57824,6.587773303771748,2.4541188904026,11.999999795302069
14.37537,13.18307,47.18695,3824.66452,0.89238,43.6208,6.491617211871378,2.4182982161506676,11.999999795302069
14.41241,13.21954,47.27547,3820.8392,0.87615,43.66297,6.398485907874245,2.3836043549796497,11.999999795302069
14.44938,13.25601,47.36216,3817.06944,0.85779,43.70478,6.3084740164113855,2.350072557054333,11.999999795302069
14.4863,13.29247,47.44683,3813.35401,0.83736,43.74623,6.221662970078204,2.317733158159125,11.999999795302069
14.52315,13.32893,47.52928,3809.69162,0.81494,43.78735,6.138122077550738,2.2866119775994713,11.999999795302069
14.55994,13.36539,47.60932,3806.0809,0.79059,43.82815,6.057909574149728,2.2567307095646107,11.999999795302069
14.59667,13.40185,47.68677,3802.52048,0.76439,43.86864,5.981073646492549,2.228107304837382,11.999999795302069
14.63335,13.43831,47.76145,3799.0089,0.7364,43.90883,5.90765342433163,2.200756340280131,11.999999795302069
14.66996,13.47476,47.8332,3795.5447,0.70672,43.94875,5.837679934044049,2.1746893740346716,11.999999795302069
14.70652,13.51122,47.90184,3792.12636,0.67539,43.9884,5.771177009456035,2.1499152848283805,11.999999795302069
14.74302,13.54767,47.96725,3788.75234,0.64252,44.02781,5.708162156756822,2.1264405941773625,11.999999795302069
14.77946,13.58412,48.02926,3785.42107,0.60816,44.06699,5.648647371221128,2.104269770637065,11.999999795302069
14.81585,13.62058,48.08774,3782.13096,0.57241,44.10596,5.5926399042639305,2.0834055155503637,11.999999795302069
14.85218,13.65703,48.14257,3778.8804,0.53532,44.14472,5.54014298007668,2.0638490300134062,11.999999795302069
14.88846,13.69349,48.19362,3775.66774,0.49699,44.18331,5.491156461623897,2.0456002629768717,11.999999795302069
14.92468,13.72994,48.24078,3772.49133,0.45749,44.22173,5.44567746631622,2.0286581406003776,11.999999795302069
14.96085,13.7664,48.28395,3769.3495,0.4169,44.26,5.403700932016327,2.013020777104579,11.999999795302069
14.99696,13.80285,48.32303,3766.24056,0.37529,44.29814,5.36522013433843,1.9986856674788396,11.999999795302069
15.03302,13.83931,48.35793,3763.16281,0.33274,44.33616,5.330227156413304,1.9856498624810683,11.999999795302069
15.06903,13.87577,48.38857,3760.11452,0.28933,44.37408,5.29871331243852,1.9739101264213226,11.999999795302069
15.10499,13.91223,48.41487,3757.09397,0.24513,44.41191,5.270669526412063,1.9634630782500488,11.999999795302069
15.14089,13.94869,48.43677,3754.0994,0.20023,44.44968,5.246086667477342,1.9543053164829185,11.999999795302069
15.17675,13.98515,48.45421,3751.12906,0.1547,44.48739,5.22495584329703,1.946433528490307,11.999999795302069
15.21255,14.02161,48.46714,3748.18116,0.10862,44.52507,5.207268652797966,1.9398445846514147,11.999999795302069
15.2483,14.05808,48.47551,3745.25392,0.06206,44.56273,5.193017399579549,1.9345356178545148,11.999999795302069
15.284,14.09455,48.4793,3742.34552,0.01511,44.60038,5.182195267114436,1.9305040887638183,11.999999795302069
15.31964,14.13102,48.47846,3739.45415,-0.03217,44.63805,5.174796456775183,1.9277478372380301,11.999999795302069
15.35524,14.16749,48.47299,3736.57796,-0.07969,44.67575,5.170816289542872,1.9262651202194914,11.999999795302069
15.39079,14.20397,48.46287,3733.71509,-0.12738,44.71349,5.170251272093687,1.926054636353166,11.999999795302069
15.42629,14.24045,48.44809,3730.86368,-0.17516,44.7513,5.1730991277984195,1.9271155375347724,11.999999795302069
15.46173,14.27693,48.42866,3728.02182,-0.22295,44.78918,5.1793587929621,1.9294474275099462,11.999999795302069
15.49713,14.31341,48.40458,3725.18761,-0.27067,44.82715,5.189030378483032,1.9330503475912237,11.999999795302069
15.53248,14.3499,48.37587,3722.35911,-0.31826,44.86524,5.2021150969194085,1.9379247494884362,11.999999795302069
15.56777,14.38639,48.34256,3719.53436,-0.36562,44.90345,5.2186151547813475,1.9440714551846594,11.999999795302069
15.60302,14.42288,48.30467,3716.71141,-0.41269,44.94181,5.238533609711907,1.9514916037323835,11.999999795302069
15.63821,14.45938,48.26226,3713.88824,-0.45939,44.98033,5.261874192079398,1.960186584791957,11.999999795302069
15.67336,14.49587,48.21536,3711.06284,-0.50563,45.01902,5.288641090365818,1.9701579586831286,11.999999795302069
15.70845,14.53238,48.16403,3708.23317,-0.55134,45.05791,5.318838699646611,1.9814073626871433,11.999999795302069
15.7435,14.56888,48.10833,3705.39717,-0.59645,45.09701,5.352471332366627,1.9939364033031746,11.999999795302069
15.77849,14.60539,48.04834,3702.55276,-0.64086,45.13633,5.389542890584759,2.0077465341508303,11.999999795302069
15.81343,14.6419,47.98412,3699.69782,-0.68451,45.1759,5.4300564988421876,2.02283891920391,11.999999795302069
15.84832,14.67842,47.91577,3696.83024,-0.72732,45.21573,5.4740140968503965,2.03921428105598,11.999999795302069
15.88316,14.71493,47.84337,3693.94786,-0.7692,45.25583,5.521415991269178,2.056872733945881,11.999999795302069
15.91795,14.75146,47.76703,3691.04851,-0.81008,45.29623,5.572260365996465,2.0758136013278086,11.999999795302069
15.95269,14.78798,47.68686,3688.13002,-0.84987,45.33694,5.6265427505819865,2.0960352178414126,11.999999795302069
15.98737,14.82451,47.60296,3685.19017,-0.88851,45.37798,5.6842554466359205,2.1175347156339264,11.999999795302069
16.022,14.86104,47.51546,3682.22676,-0.9259,45.41937,5.7453869124618295,2.140307795119748,11.999999795302069
16.05658,14.89757,47.4245,3679.23754,-0.96198,45.46112,5.809921106545949,2.164348480412921,11.999999795302069
16.0911,14.93411,47.3302,3676.22028,-0.99665,45.50324,5.877836791056407,2.189648859862273,11.999999795302069
16.12557,14.97065,47.23272,3673.17274,-1.02986,45.54577,5.949106797085723,2.2161988123349112,11.999999795302069
16.15998,15.00719,47.13219,3670.09267,-1.06151,45.5887,6.023697254087492,2.2439857201611106,11.999999795302069
16.19434,15.04374,47.0288,3666.97782,-1.09152,45.63207,6.101566786719029,2.2729941699370713,11.999999795302069
16.22864,15.08029,46.92269,3663.82595,-1.11984,45.67588,6.182665683221258,2.3032056427245418,11.999999795302069
16.26289,15.11684,46.81404,3660.63483,-1.14637,45.72016,6.266935040435186,2.334598195546962,11.999999795302069
16.29708,15.15339,46.70304,3657.40225,-1.17104,45.76491,6.354305891645784,2.3671461364883606,11.999999795302069
16.33121,15.18994,46.58987,3654.12601,-1.19379,45.81016,6.444698324598796,2.400819696131408,11.999999795302069
16.36528,15.2265,46.47471,3650.80396,-1.21455,45.85591,6.538020598294219,2.435584698539754,11.999999795302069
16.3993,15.26306,46.35778,3647.43398,-1.23323,45.9022,6.634168268452477,2.4714022354711607,11.999999795302069
16.43325,15.29962,46.23928,3644.01399,-1.24979,45.94902,6.733023332865579,2.508228347998327,11.999999795302069
16.46714,15.33618,46.11941,3640.54196,-1.26415,45.99639,6.83445340924419,2.5460137202352877,11.999999795302069
16.50098,15.37274,45.9984,3637.01594,-1.27626,46.04433,6.938310959440217,2.5847033903399157,11.999999795302069
16.53475,15.40931,45.87646,3633.43402,-1.28606,46.09285,7.044432575251696,2.624236484457451,11.999999795302069
16.56846,15.44587,45.75383,3629.79442,-1.29349,46.14196,7.152638342145746,2.66454597969056,11.999999795302069
16.6021,15.48244,45.63073,3626.0954,-1.29851,46.19167,7.2627312982870444,2.7055585025732065,11.999999795302069
16.63568,15.519,45.50739,3622.33536,-1.30107,46.24199,7.374497007072557,2.747194169828593,11.999999795302069
16.66919,15.55557,45.38406,3618.51279,-1.30113,46.29294,7.487703261923389,2.7893664783963605,11.999999795302069
16.70264,15.59213,45.26098,3614.62633,-1.29866,46.34451,7.602099942377487,2.831982251823326,11.999999795302069
16.73602,15.62869,45.13838,3610.67475,-1.29364,46.39672,7.717419040333268,2.874941650039934,11.999999795302069
16.76934,15.66525,45.01651,3606.65694,-1.28603,46.44957,7.833374874813564,2.9181382493654704,11.999999795302069
16.80258,15.70181,44.89562,3602.57198,-1.27583,46.50306,7.949664512510824,2.961459199172217,11.999999795302069
16.83575,15.73837,44.77595,3598.41912,-1.26302,46.5572,8.065968409840892,3.004785461067378,11.999999795302069
16.86885,15.77493,44.65775,3594.19778,-1.2476,46.61199,8.181951290077272,3.0479921356486717,11.999999795302069
16.90188,15.81148,44.54126,3589.90757,-1.22959,46.66742,8.297263266422842,3.0909488808780954,11.999999795302069
16.93484,15.84803,44.42673,3585.54832,-1.20899,46.7235,8.411541218535858,3.133520424874078,11.999999795302069
16.96773,15.88458,44.31439,3581.12005,-1.18583,46.78022,8.524410426153585,3.175567174479267,11.999999795302069
17.00053,15.92112,44.20447,3576.62301,-1.16015,46.83757,8.635486459027673,3.2169459193111822,11.999999795302069
17.03327,15.95766,44.09721,3572.05768,-1.13198,46.89554,8.744377317441364,3.2575106291611995,11.999999795302069
17.06592,15.99419,43.99284,3567.42477,-1.10137,46.95414,8.850685812312978,3.29711334064572,11.999999795302069
17.0985,16.03072,43.89157,3562.72521,-1.0684,47.01333,8.954012168308951,3.3356051269342677,11.999999795302069
17.131,16.06724,43.79362,3557.96019,-1.03311,47.07312,9.053956827642375,3.372837142238222,11.999999795302069
17.16342,16.10375,43.69919,3553.13114,-0.99561,47.13347,9.150123426577164,3.408661730636931,11.999999795302069
17.19576,16.14026,43.60847,3548.23973,-0.95596,47.19439,9.242121911113749,3.442933586752621,11.999999795302069
17.22802,16.17676,43.52165,3543.28785,-0.91428,47.25583,9.329571753227336,3.47551095388376,11.999999795302069
17.2602,16.21326,43.43891,3538.27766,-0.87067,47.31779,9.41210522446004,3.506256843504264,11.999999795302069
17.29229,16.24974,43.36041,3533.21151,-0.82524,47.38024,9.489370679825365,3.5350402586043312,11.999999795302069
17.3243,16.28622,43.28629,3528.09201,-0.77813,47.44315,9.561035802196859,3.561737402310567,11.999999795302069
17.35623,16.32269,43.21671,3522.92196,-0.72945,47.50649,9.626790755418561,3.586232852502596,11.999999795302069
17.38807,16.35914,43.15178,3517.70436,-0.67936,47.57024,9.686351193938506,3.6084206829807295,11.999999795302069
17.41982,16.39559,43.09162,3512.4424,-0.628,47.63437,9.739461077297562,3.62820551193711,11.999999795302069
17.45149,16.43203,43.03632,3507.13945,-0.57552,47.69883,9.785895240015673,3.6455034593059574,11.999999795302069
17.48307,16.46846,42.98596,3501.79904,-0.52209,47.76361,9.825461670645778,3.6602429957711173,11.999999795302069
17.51457,16.50487,42.94061,3496.42482,-0.46786,47.82866,9.858003458482923,3.6723656679664223,11.999999795302069
17.54598,16.54128,42.90032,3491.02056,-0.413,47.89395,9.883400372217215,3.6818266865654645,11.999999795302069
17.5773,16.57767,42.86513,3485.59016,-0.35769,47.95944,9.901570041639113,3.688595366497896,11.999999795302069
17.60853,16.61405,42.83505,3480.13757,-0.3021,48.02511,9.912468721200412,3.692655411395997,11.999999795302069
17.63967,16.65041,42.81008,3474.66681,-0.2464,48.0909,9.916091622456499,3.694005037438158,11.999999795302069
17.67073,16.68676,42.79021,3469.18192,-0.19077,48.15678,9.912472811051442,3.692656934973117,11.999999795302069
17.7017,16.7231,42.77541,3463.68698,-0.13538,48.22273,9.90168467258806,3.6886380695425003,11.999999795302069
17.73257,16.75943,42.76564,3458.18605,-0.08041,48.28869,9.883836960229289,3.681989327087283,11.999999795302069
17.76336,16.79574,42.76083,3452.68315,-0.02602,48.35464,9.85907544493195,3.672765011124346,11.999999795302069
17.79406,16.83204,42.76091,3447.18228,0.02761,48.42053,9.827580196624975,3.661032202440141,11.999999795302069
17.82467,16.86832,42.76578,3441.68735,0.08033,48.48634,9.789563531092487,3.646869994250619,11.999999795302069
17.8552,16.90458,42.77534,3436.20219,0.13197,48.55203,9.745267662823604,3.6303686178260217,11.999999795302069
17.88563,16.94084,42.78948,3430.73053,0.18238,48.61757,9.694962108327585,3.6116284751574543,11.999999795302069
17.91598,16.97707,42.80806,3425.27597,0.23141,48.68292,9.638940887430355,3.590759096366203,11.999999795302069
17.94624,17.01329,42.83094,3419.842,0.27893,48.74807,9.577519571847514,3.5678780402195183,11.999999795302069
17.97641,17.0495,42.85795,3414.43192,0.32481,48.81297,9.511032230765574,3.543109756279266,11.999999795302069
18.00649,17.08569,42.88895,3409.04893,0.3689,48.8776,9.439828322489396,3.516584426958809,11.999999795302069
18.03649,17.12186,42.92374,3403.69601,0.41111,48.94194,9.364269579357714,3.488436807072076,11.999999795302069
18.0664,17.15802,42.96215,3398.37598,0.45132,49.00596,9.28472693039961,3.458805077442128,11.999999795302069
18.09623,17.19417,43.00398,3393.0915,0.48944,49.06964,9.20157750254235,3.4278297277721816,11.999999795302069
18.12597,17.23029,43.04904,3387.84501,0.52536,49.13297,9.115201736961607,3.3956524824101835,11.999999795302069
18.15563,17.26641,43.0971,3382.63877,0.55902,49.19593,9.02598065243472,3.362415280875899,11.999999795302069
18.18521,17.3025,43.14797,3377.47485,0.59034,49.25849,8.934293282456421,3.3282593231190885,11.999999795302069
18.2147,17.33858,43.20143,3372.35514,0.61926,49.32065,8.840514307783856,3.2933241875802306,11.999999795302069
18.24411,17.37465,43.25724,3367.2813,0.64571,49.3824,8.745011900788468,3.257747028154888,11.999999795302069
18.27344,17.4107,43.31519,3362.25484,0.66967,49.44372,8.648145793045556,3.2216618543199678,11.999999795302069
18.30269,17.44673,43.37506,3357.27705,0.69109,49.5046,8.550265572749492,3.185198896876091,11.999999795302069
18.33186,17.48275,43.4366,3352.34906,0.70995,49.56505,8.45170921414998,3.14848406012391,11.999999795302069
18.36095,17.51876,43.49959,3347.4718,0.72622,49.62505,8.352801837189263,3.1116384597963314,11.999999795302069
18.38996,17.55475,43.56381,3342.64604,0.7399,49.68461,8.25385469197838,3.0747780447492006,11.999999795302069
18.4189,17.59073,43.62901,3337.87238,0.75097,49.74372,8.155164359744619,3.038013299293203,11.999999795302069
18.44776,17.62669,43.69497,3333.15125,0.75946,49.80238,8.05701215933529,3.0014490221009074,11.999999795302069
18.47654,17.66264,43.76147,3328.48294,0.76536,49.8606,7.959663746366733,2.9651841768792195,11.999999795302069
18.50525,17.69857,43.82828,3323.86757,0.7687,49.91837,7.863368890600649,2.9293118094362116,11.999999795302069
18.53388,17.73449,43.89518,3319.30514,0.76949,49.97571,7.768361416028749,2.893919025361075,11.999999795302069
18.56244,17.7704,43.96194,3314.79551,0.76778,50.03261,7.67485928752731,2.859087022305223,11.999999795302069
18.59093,17.80629,44.02836,3310.33841,0.76358,50.08909,7.583064827672853,2.8248911707518394,11.999999795302069
18.61935,17.84217,44.09422,3305.93347,0.75696,50.14516,7.493165047343675,2.7914011371736396,11.999999795302069
18.64769,17.87804,44.15932,3301.58018,0.74794,50.20082,7.405332074099779,2.7586810436156752,11.999999795302069
18.67597,17.9139,44.22345,3297.27793,0.73658,50.25608,7.319723662873282,2.7267896579409414,11.999999795302069
18.70417,17.94974,44.28642,3293.02605,0.72294,50.31095,7.236483774265684,2.695780609261328,11.999999795302069
18.73231,17.98557,44.34803,3288.82373,0.70707,50.36545,7.155743206643817,2.6657026234099925,11.999999795302069
18.76038,18.02139,44.40811,3284.67011,0.68904,50.4196,7.0776202691999845,2.6365997736739706,11.999999795302069
18.78838,18.0572,44.46648,3280.56422,0.6689,50.47339,7.002221484209815,2.608511742403703,11.999999795302069
18.81631,18.093,44.52295,3276.50505,0.64673,50.52684,6.929642307812052,2.5814740895224726,11.999999795302069
18.84418,18.12879,44.57737,3272.49151,0.62259,50.57998,6.859967859713398,2.5555185243606626,11.999999795302069
18.87198,18.16457,44.62958,3268.52243,0.59656,50.63282,6.793273653311392,2.5306731776457316,11.999999795302069
18.89972,18.20033,44.67941,3264.5966,0.56872,50.68536,6.729626318750495,2.5069628708596374,11.999999795302069
18.9274,18.23609,44.72674,3260.71276,0.53913,50.73763,6.669084312452813,2.4844093805576946,11.999999795302069
18.95501,18.27183,44.77141,3256.86958,0.50788,50.78965,6.611698607532103,2.4630316955659612,11.999999795302069
18.98256,18.30757,44.8133,3253.06571,0.47504,50.84142,6.557513360431327,2.442846265321266,11.999999795302069
19.01004,18.3433,44.85229,3249.29972,0.44071,50.89297,6.5065665498509695,2.42386723788882,11.999999795302069
19.03746,18.37901,44.88824,3245.57018,0.40495,50.94431,6.458890584781197,2.4061066864701925,11.999999795302069
19.06483,18.41472,44.92107,3241.8756,0.36786,50.99547,6.414512879072221,2.3895748234458867,11.999999795302069
19.09213,18.45042,44.95065,3238.21445,0.32951,51.04645,6.373456390530777,2.374280201202972,11.999999795302069
19.11937,18.48611,44.97691,3234.58518,0.29,51.09728,6.335740123021335,2.360229899180981,11.999999795302069
19.14655,18.52179,44.99974,3230.9862,0.2494,51.14797,6.30137959047577,2.3474296967277364,11.999999795302069
19.17367,18.55747,45.01907,3227.41591,0.20781,51.19854,6.270387242043733,2.335884231479037,11.999999795302069
19.20073,18.59313,45.03483,3223.87265,0.1653,51.24902,6.242772847920235,2.325597143089596,11.999999795302069
19.22773,18.62879,45.04695,3220.35475,0.12198,51.29941,6.218543845630123,2.3165712022331113,11.999999795302069
19.25467,18.66444,45.05538,3216.86053,0.07792,51.34974,6.197705646710872,2.308808424849679,11.999999795302069
19.28155,18.70009,45.06006,3213.38825,0.03321,51.40003,6.180261903905775,2.3023101716822842,11.999999795302069
19.30838,18.73572,45.06096,3209.93618,-0.01205,51.45028,6.166214739054035,2.2970772331718594,11.999999795302069
19.33514,18.77135,45.05803,3206.50254,-0.05778,51.50054,6.1555649319629815,2.293109899817153,11.999999795302069
19.36185,18.80697,45.05125,3203.08555,-0.1039,51.5508,6.148312070570195,2.2904080181140714,11.999999795302069
19.3885,18.84258,45.0406,3199.68338,-0.1503,51.6011,6.144454662730233,2.2889710321991767,11.999999795302069
19.41509,18.87818,45.02606,3196.29422,-0.19691,51.65144,6.143990209976943,2.288798011328089,11.999999795302069
19.44163,18.91378,45.00764,3192.9162,-0.24363,51.70185,6.1469152435864745,2.2898876633099055,11.999999795302069
19.46811,18.94937,44.98534,3189.54745,-0.29037,51.75235,6.153225323268642,2.2922383340197023,11.999999795302069
19.49453,18.98496,44.95915,3186.18607,-0.33705,51.80295,6.162914998787472,2.2958479931011726,11.999999795302069
19.52089,19.02054,44.92911,3182.83015,-0.38358,51.85368,6.175977734803021,2.3007142059682346,11.999999795302069
19.5472,19.05611,44.89524,3179.47775,-0.42985,51.90455,6.192405799232225,2.306834092216503,11.999999795302069
19.57344,19.09167,44.85757,3176.12693,-0.4758,51.95559,6.212190115408606,2.3142042705488923,11.999999795302069
19.59963,19.12723,44.81613,3172.77572,-0.52132,52.00681,6.235320078367613,2.322820790337075,11.999999795302069
19.62577,19.16278,44.77098,3169.42212,-0.56633,52.05822,6.261783335619795,2.3326790499537178,11.999999795302069
19.65184,19.19832,44.72217,3166.06415,-0.61073,52.10986,6.2915655328406626,2.3437737020352607,11.999999795302069
19.67786,19.23385,44.66976,3162.69979,-0.65445,52.16174,6.324650025014381,2.3560985458753505,11.999999795302069
19.70382,19.26938,44.61382,3159.327,-0.69738,52.21388,6.361017553695287,2.369646407196257,11.999999795302069
19.72972,19.3049,44.55443,3155.94377,-0.73945,52.26629,6.4006458912169535,2.384409005607391,11.999999795302069
19.75556,19.34042,44.49166,3152.54803,-0.78056,52.319,6.443509452908737,2.4003768101457643,11.999999795302069
19.78134,19.37593,44.42562,3149.13774,-0.82063,52.37202,6.489578878632165,2.417538883387285,11.999999795302069
19.80707,19.41143,44.35639,3145.71084,-0.85957,52.42538,6.538820585225616,2.4358827147206226,11.999999795302069
19.83274,19.44691,44.28424,3142.2648,-0.89337,52.44177,6.59104489102672,2.4553376427357185,0.0
19.85838,19.48237,44.20945,3138.79721,-0.92585,52.45818,6.646052053838764,2.475829258208764,0.0
19.88398,19.5178,44.13212,3135.30618,-0.95693,52.4746,6.703784275975484,2.497336029980878,0.0
19.90954,19.55321,44.0524,3131.78984,-0.98653,52.49104,6.764177523517998,2.5198341037324425,0.0
19.93507,19.58859,43.97041,3128.24635,-1.01458,52.50749,6.8271608294008965,2.5432970423643364,0.0
19.96055,19.62394,43.88627,3124.67387,-1.04101,52.52395,6.8926558192577225,2.5676956493629017,0.0
19.986,19.65927,43.80015,3121.0706,-1.06574,52.54043,6.960576242811856,2.5929977942307145,0.0
20.01141,19.69457,43.71217,3117.43478,-1.08871,52.55693,7.030827516814089,2.6191682422188105,0.0
20.03678,19.72984,43.6225,3113.76467,-1.10985,52.57344,7.1033062860886185,2.6461684908047656,0.0
20.06211,19.76508,43.53129,3110.0586,-1.1291,52.58995,7.1779000097742065,2.67395661555664,0.0
20.0874,19.8003,43.4387,3106.31493,-1.14639,52.60649,7.254486580430044,2.7024871282398912,0.0
20.11265,19.83548,43.3449,3102.53207,-1.16168,52.62303,7.33293398408694,2.7317108501774996,0.0
20.13786,19.87064,43.25006,3098.70852,-1.17491,52.63959,7.413100009827946,2.7615748040611074,0.0
20.16303,19.90577,43.15435,3094.84282,-1.18603,52.65615,7.494832017727665,2.792022127502307,0.0
20.18816,19.94086,43.05794,3090.93361,-1.19499,52.67273,7.577966774280382,2.8229920117252862,0.0
20.21324,19.97593,42.96102,3086.9796,-1.20176,52.68931,7.662330364509103,2.8544196688251366,0.0
20.23829,20.01097,42.86377,3082.97959,-1.2063,52.70591,7.747738189912776,2.8862363310031376,0.0
20.26329,20.04597,42.76637,3078.93248,-1.20857,52.72251,7.833995061196479,2.918369285111192,0.0
20.28825,20.08094,42.66901,3074.83727,-1.20856,52.73913,7.9208953943133995,2.950741945682619,0.0
20.31317,20.11588,42.57187,3070.69309,-1.20624,52.75575,8.00822351772066,2.9832739693930383,0.0
20.33805,20.15078,42.47515,3066.49918,-1.2016,52.77237,8.09575409793851,3.015881413592361,0.0
20.36288,20.18565,42.37902,3062.25488,-1.19463,52.78901,8.183252689387196,3.0484769411334947,0.0
20.38767,20.22049,42.28368,3057.95971,-1.18533,52.80565,8.270476413185083,3.0809700732425034,0.0
20.41242,20.25529,42.18931,3053.61328,-1.17371,52.82229,8.357174768023336,3.1132674915907583,0.0
20.43712,20.29005,42.09609,3049.21538,-1.15978,52.83894,8.443090574460314,3.1452733900694514,0.0
20.46178,20.32478,42.00421,3044.76594,-1.14356,52.8556,8.527961051946816,3.176889876009832,0.0
20.48639,20.35947,41.91385,3040.26504,-1.12508,52.87226,8.61151902574418,3.208017419791958,0.0
20.51095,20.39412,41.82518,3035.71291,-1.10438,52.88892,8.693494258524021,3.2385553509006346,0.0
20.53547,20.42874,41.73838,3031.10995,-1.08149,52.90558,8.77361489896583,3.2684023975661325,0.0
20.55995,20.46331,41.65361,3026.45673,-1.05647,52.92225,8.85160903719914,3.2974572662073234,0.0
20.58437,20.49785,41.57103,3021.75399,-1.02937,52.93892,8.927206354337391,3.3256192559264486,0.0
20.60875,20.53234,41.4908,3017.0026,-1.00027,52.95559,9.000139850944086,3.352788902408231,0.0
20.63308,20.5668,41.41307,3012.20365,-0.96923,52.97226,9.070147636912653,3.378868644697231,0.0
20.65737,20.60121,41.33799,3007.35834,-0.93634,52.98893,9.136974763056328,3.403763507513262,0.0
20.6816,20.63558,41.26568,3002.46807,-0.90169,53.0056,9.200375072947084,3.4273817911101183,0.0
20.70579,20.66991,41.19628,2997.53439,-0.86538,53.02227,9.260113051868535,3.4496357600591816,0.0
20.72993,20.7042,41.1299,2992.55899,-0.82749,53.03894,9.315965648750241,3.470442321967887,0.0
20.75402,20.73844,41.06666,2987.54372,-0.78816,53.0556,9.367724046188934,3.4897236868591976,0.0
20.77806,20.77264,41.00665,2982.49056,-0.74749,53.07227,9.415195353547562,3.5074079978955557,0.0
20.80205,20.8068,40.94996,2977.40165,-0.7056,53.08893,9.458204198441747,3.5234299242494553,0.0
20.82599,20.84091,40.89668,2972.27921,-0.66262,53.10559,9.496594192861243,3.537731207272262,0.0
20.84988,20.87497,40.84686,2967.12562,-0.61869,53.12224,9.530229251584641,3.550261151638386,0.0
20.87373,20.90899,40.80058,2961.94333,-0.57393,53.13889,9.558994742561595,3.5609770538929197,0.0
20.89751,20.94296,40.75787,2956.73491,-0.5285,53.15554,9.582798451327454,3.569844561721474,0.0
20.92125,20.97688,40.71877,2951.50298,-0.48252,53.17218,9.601571344488498,3.5768379583685097,0.0
20.94494,21.01076,40.6833,2946.25026,-0.43616,53.18882,9.615268120501305,3.581940367817147,0.0
20.96858,21.04459,40.65149,2940.97951,-0.38954,53.20545,9.623867539525568,3.585143877668017,0.0
20.99216,21.07837,40.62332,2935.69353,-0.34283,53.22208,9.627372527919231,3.5864495780664516,0.0
21.0157,21.11211,40.59879,2930.39516,-0.29616,53.23871,9.62581005666268,3.585867516412293,0.0
21.03918,21.1458,40.57787,2925.08724,-0.24969,53.25532,9.61923079693223,3.583416569051958,0.0
21.06261,21.17943,40.56053,2919.77263,-0.20357,53.27194,9.607708559695581,3.5791242325129997,0.0
21.08599,21.21302,40.54673,2914.45417,-0.15793,53.28854,9.591339529719615,3.573026338151852,0.0
21.10932,21.24656,40.53641,2909.13468,-0.11293,53.30515,9.570241307660602,3.5651666953072376,0.0
21.13259,21.28006,40.5295,2903.81693,-0.06869,53.32174,9.544551776694508,3.5555966690901273,0.0
21.15582,21.3135,40.52594,2898.50367,-0.02537,53.33833,9.51442781267606,3.544374699884059,0.0
21.17899,21.3469,40.52562,2893.19758,0.01693,53.35492,9.480043858698016,3.531565772330961,0.0
21.20211,21.38024,40.52847,2887.90125,0.05805,53.3715,9.441590386431887,3.5172408421400796,0.0
21.22518,21.41354,40.53437,2882.61722,0.09789,53.38807,9.399272267571659,3.501476229407925,0.0
21.2482,21.44679,40.5432,2877.34793,0.13633,53.40464,9.353307079098617,3.4843529872848205,0.0
21.27117,21.47999,40.55486,2872.09572,0.17326,53.42121,9.303923366041953,3.4659562548075207,0.0
21.29409,21.51314,40.56922,2866.86284,0.20857,53.43777,9.251358884854815,3.446374602510575,0.0
21.31695,21.54624,40.58613,2861.65142,0.24217,53.45432,9.195858849548634,3.4256993790652066,0.0
21.33977,21.5793,40.60545,2856.46347,0.27396,53.47087,9.13767420139056,3.4040240666960937,0.0
21.36253,21.61231,40.62705,2851.30088,0.30387,53.48742,9.077059921320748,3.3814436525123948,0.0
21.38525,21.64527,40.65077,2846.16545,0.33183,53.50396,9.014273402305044,3.358054022166304,0.0
21.40792,21.67818,40.67645,2841.05881,0.35775,53.5205,8.949572896789999,3.333951381489193,0.0
21.43053,21.71105,40.70393,2835.98248,0.38158,53.53703,8.883216052136476,3.3092317109020963,0.0
21.4531,21.74387,40.73305,2830.93785,0.40328,53.55356,8.815458544698382,3.283990256574089,0.0
21.47562,21.77664,40.76365,2825.92619,0.42279,53.57009,8.746552820862176,3.2583210614263924,0.0
21.49809,21.80937,40.79556,2820.94863,0.44007,53.58662,8.676746951171925,3.2323165382638015,0.0
21.52051,21.84205,40.8286,2816.00617,0.4551,53.60314,8.60628360147613,3.206067086499807,0.0
21.54288,21.87468,40.8626,2811.09968,0.46785,53.61966,8.535399123041074,3.1796607531998724,0.0
21.5652,21.90727,40.8974,2806.22993,0.47831,53.63619,8.464322761722032,3.1531829384769106,0.0
21.58748,21.93982,40.93282,2801.39753,0.48647,53.65271,8.393275984563754,3.126716144632239,0.0
21.60971,21.97232,40.9687,2796.603,0.49232,53.66922,8.3224719207703,3.100339767902138,0.0
21.63189,22.00478,41.00486,2791.84673,0.49586,53.68574,8.252114912693505,3.074129931189237,0.0
21.65403,22.03719,41.04113,2787.12899,0.49712,53.70226,8.182400171405234,3.0481593557541165,0.0
21.67612,22.06956,41.07735,2782.44996,0.4961,53.71878,8.113513530569053,3.022497269526033,0.0
21.69817,22.10189,41.11335,2777.8097,0.49283,53.7353,8.045631291656266,2.99720934944182,0.0
21.72017,22.13418,41.14897,2773.20816,0.48733,53.75182,7.978920153075304,2.9723576950447166,0.0
21.74212,22.16643,41.18406,2768.64521,0.47964,53.76834,7.913537215444009,2.9480008304484335,0.0
21.76403,22.19863,41.21845,2764.12062,0.46979,53.78486,7.849630055106407,2.9241937317240887,0.0
21.7859,22.23079,41.252,2759.63406,0.45783,53.80139,7.7873368579423925,2.900987876747832,0.0
21.80772,22.26291,41.28455,2755.18513,0.44381,53.81792,7.726786605637948,2.8784313145914044,0.0
21.8295,22.295,41.31597,2750.77334,0.42777,53.83445,7.668099306761008,2.8565687516039775,0.0
21.85123,22.32704,41.34612,2746.39811,0.40976,53.85098,7.611386265267427,2.8354416514376894,0.0
21.87292,22.35904,41.37486,2742.05881,0.38986,53.86752,7.556750379433901,2.815088346408027,0.0
21.89457,22.39101,41.40205,2737.75473,0.36812,53.88406,7.504286464542918,2.7955441577024556,0.0
21.91618,22.42293,41.42758,2733.48508,0.3446,53.9006,7.45408159315667,2.7768415221414107,0.0
21.93774,22.45482,41.45133,2729.24902,0.31938,53.91715,7.406215447199173,2.759010123338145,0.0
21.95926,22.48667,41.47319,2725.04565,0.29252,53.9337,7.360760676587947,2.742077025298469,0.0
21.98075,22.51849,41.49304,2720.874,0.2641,53.95026,7.3177832595672845,2.726066806654374,0.0
22.00218,22.55026,41.51078,2716.73307,0.23419,53.96682,7.277342860417664,2.7110016939202,0.0
22.02358,22.582,41.52632,2712.62178,0.20288,53.98339,7.239493180612766,2.696901692307863,0.0
22.04494,22.6137,41.53956,2708.53902,0.17023,53.99997,7.204282299971443,2.683784712814943,0.0
22.06626,22.64537,41.55043,2704.48364,0.13634,54.01655,7.171753004723965,2.6716666944379877,0.0
22.08753,22.677,41.55885,2700.45442,0.10129,54.03313,7.141943099823679,2.6605617205168284,0.0
22.10877,22.7086,41.56473,2696.45013,0.06516,54.04972,7.114885703199218,2.6504821283512645,0.0
22.12997,22.74015,41.56802,2692.46948,0.02803,54.06632,7.090609519949875,2.641438611346061,0.0
22.15112,22.77168,41.56866,2688.51115,-0.01,54.08292,7.069139094827873,2.6334403130672315,0.0
22.17224,22.80317,41.5666,2684.57378,-0.04885,54.09953,7.050495041605403,2.6264949126872974,0.0
22.19332,22.83462,41.56178,2680.65599,-0.08842,54.11615,7.034694248195491,2.620608701398209,0.0
22.21436,22.86604,41.55418,2676.75636,-0.12863,54.13277,7.021750056627922,2.6157866494571116,0.0
22.23536,22.89743,41.54375,2672.87344,-0.16939,54.1494,7.011672417185391,2.612032463606117,0.0
22.25632,22.92878,41.53046,2669.00574,-0.2106,54.16604,7.004468016210483,2.6093486346837658,0.0
22.27724,22.9601,41.51431,2665.15178,-0.25218,54.18268,7.000140377269938,2.607736475311379,0.0
22.29812,22.99138,41.49527,2661.31002,-0.29402,54.19934,6.998689935519387,2.6071961475958796,0.0
22.31897,23.02263,41.47334,2657.4789,-0.33605,54.21599,7.00011408526831,2.6077266808489883,0.0
22.33978,23.05385,41.44851,2653.65687,-0.37816,54.23266,7.0044072009191245,2.6093259793875885,0.0
22.36055,23.08503,41.4208,2649.84233,-0.42025,54.24933,7.011560631533049,2.6119908205093623,0.0
22.38128,23.11618,41.39021,2646.03367,-0.46225,54.26601,7.021562669499018,2.6157168428211426,0.0
22.40197,23.14729,41.35676,2642.22926,-0.50406,54.28269,7.034398493863348,2.6204985251277213,0.0
22.42262,23.17838,41.32048,2638.42746,-0.54557,54.29938,7.050050089043444,2.6263291561505606,0.0
22.44324,23.20942,41.2814,2634.62663,-0.58671,54.31608,7.068496139805845,2.633200795404361,0.0
22.46382,23.24044,41.23956,2630.8251,-0.62737,54.33278,7.089711903547773,2.6411042256185695,0.0
22.48436,23.27142,41.195,2627.0212,-0.66748,54.34949,7.113669061098182,2.650028897156849,0.0
22.50486,23.30236,41.14777,2623.21326,-0.70693,54.36621,7.140335547413126,2.6599628649466474,0.0
22.52532,23.33328,41.09793,2619.39958,-0.74563,54.38293,7.169675363779746,2.670892718520243,0.0
22.54575,23.36415,41.04553,2615.5785,-0.7835,54.39966,7.2016483733190615,2.682803505834149,0.0
22.56613,23.395,40.99065,2611.74832,-0.82046,54.41639,7.2362100818225255,2.6956786516249704,0.0
22.58648,23.42581,40.93336,2607.90737,-0.8564,54.43313,7.273311406195273,2.709499871148415,0.0
22.60679,23.45658,40.87374,2604.05399,-0.89126,54.44988,7.3128984330307025,2.7242470802419763,0.0
22.62706,23.48732,40.81187,2600.1865,-0.92493,54.46663,7.354912170107087,2.7398983027508823,0.0
22.6473,23.51803,40.74785,2596.30327,-0.95735,54.48338,7.3992882938949425,2.7564295764679465,0.0
22.66749,23.5487,40.68177,2592.40266,-0.98844,54.50014,7.4459568964009115,2.7738148588262534,0.0
22.68765,23.57934,40.61372,2588.48307,-1.0181,54.5169,7.494842235033023,2.7920259337173863,0.0
22.70777,23.60994,40.54383,2584.54291,-1.04627,54.53366,7.545862489372042,2.8110323208823553,0.0
22.72785,23.6405,40.47218,2580.58062,-1.07288,54.55043,7.598929529109286,2.8308011894623286,0.0
22.74789,23.67103,40.39891,2576.59468,-1.09785,54.5672,7.653948697579719,2.851297277359012,0.0
22.76789,23.70152,40.32412,2572.5836,-1.12112,54.58398,7.710818615647454,2.872482818176843,0.0
22.78785,23.73198,40.24794,2568.54595,-1.14263,54.60075,7.769431010864943,2.894317477580291,0.0
22.80777,23.7624,40.1705,2564.48031,-1.1623,54.61753,7.829670577015706,2.916758300969828,0.0
22.82765,23.79278,40.09193,2560.38535,-1.18009,54.63431,7.891414869305897,2.9397596744380285,0.0
22.84749,23.82312,40.01235,2556.25978,-1.19594,54.65109,7.954534240505256,2.9632733009803975,0.0
22.86729,23.85342,39.93191,2552.10236,-1.2098,54.66787,8.018891823360127,2.9872481939437545,0.0
22.88706,23.88369,39.85075,2547.91194,-1.22164,54.68465,8.084343564556155,3.011630689678231,0.0
22.90678,23.91392,39.769,2543.68742,-1.23139,54.70143,8.150738315284823,3.0363644812756903,0.0
22.92646,23.9441,39.6868,2539.42779,-1.23905,54.71821,8.217917983281746,3.0613906752079916,0.0
22.94609,23.97425,39.60431,2535.13212,-1.24456,54.73499,8.285717750786713,3.086647872522838,0.0
22.96569,24.00436,39.52166,2530.79957,-1.24792,54.75177,8.35396636244595,3.112072276094951,0.0
22.98525,24.03443,39.43901,2526.42938,-1.2491,54.76854,8.422486486572303,3.1375978252049883,0.0
23.00476,24.06445,39.35649,2522.0209,-1.24808,54.78531,8.491095152462345,3.163156358451672,0.0
23.02423,24.09443,39.27426,2517.57357,-1.24487,54.80208,8.559604265672926,3.1886778057058693,0.0
23.04366,24.12438,39.19245,2513.08694,-1.23946,54.81884,8.627821202210697,3.214090409461814,0.0
23.06305,24.15427,39.11122,2508.56068,-1.23186,54.8356,8.695549481549985,3.239320975553978,0.0
23.0824,24.18413,39.03071,2503.99456,-1.22208,54.85236,8.762589517257373,3.26429515278448,0.0
23.1017,24.21394,38.95105,2499.38847,-1.21015,54.86911,8.828739442788633,3.288937740554166,0.0
23.12096,24.24371,38.8724,2494.74241,-1.19608,54.88585,8.893796008732881,3.3131730231096683,0.0
23.14017,24.27343,38.79487,2490.05652,-1.17992,54.90259,8.957555546486127,3.336925128537156,0.0
23.15934,24.30311,38.71862,2485.33106,-1.1617,54.91932,9.01981499196059,3.360118410120995,0.0
23.17847,24.33274,38.64375,2480.56639,-1.14148,54.93604,9.080372961663791,3.382677847211516,0.0
23.19755,24.36233,38.57041,2475.76304,-1.11931,54.95275,9.1390308721567,3.4045294622526363,0.0
23.21659,24.39187,38.4987,2470.92161,-1.09524,54.96946,9.195594092746704,3.425600750190317,0.0
23.23558,24.42136,38.42875,2466.04287,-1.06936,54.98616,9.249873120139496,3.4458211160612957,0.0
23.25452,24.4508,38.36067,2461.12769,-1.04173,55.00285,9.301684762865339,3.4651223162230385,0.0
23.27343,24.4802,38.29455,2456.17706,-1.01245,55.01953,9.350853322489542,3.483438898385717,0.0
23.29228,24.50954,38.2305,2451.19211,-0.98159,55.0362,9.39721175805228,3.500708635396688,0.0
23.31109,24.53884,38.16861,2446.17405,-0.94925,55.05286,9.440602819857341,3.51687294760662,0.0
23.32986,24.56809,38.10895,2441.12422,-0.91555,55.0695,9.480880138597081,3.5318773085972115,0.0
23.34857,24.59729,38.05161,2436.04406,-0.88057,55.08614,9.517909255957765,3.5456716291087793,0.0
23.36724,24.62643,37.99666,2430.93512,-0.84443,55.10277,9.551568583349681,3.5582106141924728,0.0
23.38587,24.65553,37.94416,2425.79903,-0.80726,55.11938,9.581750275973278,3.5694540888228903,0.0
23.40445,24.68458,37.89415,2420.6375,-0.76916,55.13598,9.60836101051367,3.5793672876097515,0.0
23.42298,24.71357,37.84669,2415.45235,-0.73027,55.15257,9.631322655872996,3.58792110466335,0.0
23.44146,24.74251,37.8018,2410.24543,-0.6907,55.16914,9.650572827810947,3.595092300212744,0.0
23.4599,24.7714,37.75953,2405.01868,-0.6506,55.1857,9.666065319994035,3.600863661182946,0.0
23.47828,24.80024,37.71988,2399.7741,-0.6101,55.20225,9.677770405671517,3.6052241135771483,0.0
23.49663,24.82902,37.68287,2394.51371,-0.56932,55.21879,9.68567500620221,3.6081687852573894,0.0
23.51492,24.85775,37.6485,2389.23958,-0.5284,55.23531,9.689782724505756,3.6096990184060322,0.0
23.53316,24.88643,37.61677,2383.95382,-0.48748,55.25182,9.690113743630244,3.609822331739542,0.0
23.55136,24.91506,37.58765,2378.65854,-0.44669,55.26831,9.686704592543846,3.608552333259695,0.0
23.56951,24.94363,37.56112,2373.35587,-0.40617,55.28479,9.67960778323775,3.605908585064884,0.0
23.58761,24.97214,37.53716,2368.04793,-0.36605,55.30125,9.66889132501449,3.6019164224097335,0.0
23.60567,25.0006,37.51572,2362.73684,-0.32646,55.3177,9.654638123546746,3.596606729838698,0.0
23.62367,25.02901,37.49676,2357.42471,-0.28752,55.33414,9.636945273798311,3.5900156777805106,0.0
23.64163,25.05737,37.48021,2352.1136,-0.24938,55.35056,9.615923257163372,3.5821844234614493,0.0
23.65954,25.08567,37.46602,2346.80557,-0.21214,55.36697,9.591695054280239,3.5731587804050986,0.0
23.6774,25.11391,37.45412,2341.5026,-0.17593,55.38336,9.564395185789332,3.5629888610894653,0.0
23.69522,25.1421,37.44443,2336.20666,-0.14086,55.39974,9.534168693847421,3.5517286975342364,0.0
23.71299,25.17024,37.43686,2330.91963,-0.10703,55.4161,9.50117007757689,3.5394358447276137,0.0
23.73071,25.19832,37.43133,2325.64335,-0.07457,55.43245,9.465562195646061,3.5261709718086207,0.0
23.74838,25.22635,37.42775,2320.3796,-0.04355,55.44879,9.427515149014011,3.511997445860136,0.0
23.766,25.25432,37.42601,2315.13006,-0.01408,55.46511,9.387205156504722,3.49698091303069,0.0
23.78358,25.28224,37.42601,2309.89635,0.01376,55.48142,9.344813435260376,3.4811888814738556,0.0
23.80111,25.31011,37.42764,2304.68001,0.03988,55.49771,9.30052509737894,3.4646903103167195,0.0
23.8186,25.33792,37.43078,2299.48249,0.06422,55.514,9.254528073135988,3.447555208531674,0.0
23.83603,25.36568,37.43533,2294.30516,0.0867,55.53027,9.207012070132517,3.429854247191598,0.0
23.85343,25.39339,37.44116,2289.14929,0.10727,55.54652,9.158167576680103,3.411658388204603,0.0
23.87077,25.42104,37.44815,2284.01607,0.12587,55.56277,9.108184916473794,3.393038532154814,0.0
23.88807,25.44864,37.45617,2278.90657,0.14245,55.579,9.057253360501335,3.3740651874651837,0.0
23.90532,25.47618,37.4651,2273.82181,0.15697,55.59522,9.005560300872386,3.3548081626271427,0.0
23.92253,25.50368,37.47482,2268.76268,0.16941,55.61142,8.953290490135382,3.3353362828261175,0.0
23.93969,25.53112,37.48518,2263.72998,0.17973,55.62762,8.900625348464027,3.315717131850264,0.0
23.95681,25.55851,37.49607,2258.72443,0.1879,55.64381,8.8477423400894,3.296016819795022,0.0
23.97388,25.58585,37.50736,2253.74664,0.19393,55.65998,8.79481441927978,3.2762997766760282,0.0
23.99091,25.61314,37.51892,2248.79715,0.1978,55.67614,8.74200954532511,3.256628571748062,0.0
24.00789,25.64037,37.53061,2243.87638,0.19952,55.6923,8.689490265144865,3.2370637580154926,0.0
24.02483,25.66756,37.54232,2238.98468,0.19908,55.70844,8.637413361397769,3.2176637411438946,0.0
24.04173,25.69469,37.55391,2234.12231,0.1965,55.72457,8.585929563376856,3.198484671760852,0.0
24.05858,25.72178,37.56526,2229.28943,0.19179,55.7407,8.535183317443453,3.1795803599365713,0.0
24.07539,25.74881,37.57625,2224.48613,0.18499,55.75681,8.485312613356976,3.161002210487161,0.0
24.09215,25.7758,37.58677,2219.71242,0.17611,55.77292,8.43644886247514,3.142799177601015,0.0
0.04513,0.04513,57.67678,4773.84713,-0.55947,45.0001,2.3129161601388133,0.8616221261384761,0.0
0.09025,0.09025,57.60317,4772.69715,-0.6186,45.00026,2.33586041813812,0.8701694659429788,0.0
0.13536,0.13536,57.52222,4771.54849,-0.67734,45.00048,2.361471712825363,0.8797103470876968,0.0
0.18046,0.18046,57.43397,4770.39954,-0.73565,45.00075,2.3898124154762495,0.8902680045139173,0.0
0.22555,0.22555,57.3385,4769.24864,-0.79347,45.00107,2.42095123335013,0.9018680334835456,0.0
0.27062,0.27063,57.23586,4768.09408,-0.85075,45.00144,2.454963254000909,0.9145384060860835,0.0
0.31569,0.3157,57.12614,4766.93409,-0.90744,45.00188,2.491929981486529,0.9283094847276155,0.0
0.36074,0.36075,57.0094,4765.76685,-0.96349,45.00236,2.5319393607155343,0.9432140312005438,0.0
0.40578,0.4058,56.88575,4764.59045,-1.01884,45.0029,2.575085785627305,0.9592872097309422,0.0
0.45081,0.45084,56.75528,4763.40293,-1.07343,45.00349,2.621470086308905,0.9765665821792402,0.0
0.49583,0.49587,56.61808,4762.20226,-1.12721,45.00414,2.671199489499292,0.9950920933270058,0.0
0.54084,0.54088,56.47426,4760.98633,-1.18011,45.00484,2.724387546214321,1.0149060439153519,0.0
0.58584,0.58589,56.32396,4759.75293,-1.23207,45.00559,2.781154019456347,1.0360530488138093,0.0
0.63082,0.63088,56.16727,4758.4998,-1.28303,45.00639,2.841624724133653,1.0585799773861038,0.0
0.67579,0.67587,56.00435,4757.22457,-1.33292,45.00725,2.9059313104201503,1.082535872785941,0.0
0.72075,0.72084,55.83534,4755.92477,-1.38166,45.00816,2.9742109808463253,1.107971846565944,0.0
0.76569,0.7658,55.66038,4754.59785,-1.42919,45.00913,3.0466061304202543,1.1349409446132583,0.0
0.81063,0.81076,55.47963,4753.24116,-1.47543,45.01014,3.123263898062482,1.1634979800472454,0.0
0.85555,0.8557,55.29327,4751.85194,-1.5203,45.01121,3.2043356165998857,1.193699328327723,0.0
0.90045,0.90062,55.10148,4750.42732,-1.56372,45.01233,3.2899761475457114,1.225602679443028,0.0
0.94534,0.94554,54.90444,4748.96433,-1.60562,45.0135,3.38034308590543,1.259266741679271,0.0
0.99022,0.99045,54.70236,4747.45989,-1.64589,45.01472,3.475595819336614,1.2947508911326397,0.0
1.03508,1.03534,54.49544,4745.91082,-1.68446,45.01599,3.5758944252037845,1.3321147608333082,0.0
1.07993,1.08022,54.28391,4744.31379,-1.72123,45.01732,3.6813983884597157,1.3714177631224858,0.0
1.12476,1.12509,54.06801,4742.66541,-1.7561,45.01869,3.7922651229145075,1.4127185387862409,0.0
1.16957,1.16994,53.84798,4740.96212,-1.78899,45.02011,3.908648278398971,1.4560743264293217,0.0
1.21437,1.21478,53.62408,4739.20031,-1.81978,45.02158,4.030695816707915,1.5015402457134033,0.0
1.25915,1.25961,53.39658,4737.37622,-1.84838,45.02311,4.158547840060989,1.5491684884016168,0.0
1.30391,1.30442,53.16577,4735.48601,-1.87468,45.02468,4.2923341573330775,1.5990074117153332,0.0
1.34866,1.34921,52.93194,4733.52573,-1.89856,45.02629,4.432171575553008,1.6511005293461687,0.0
1.39338,1.39399,52.69541,4731.49135,-1.91993,45.02796,4.578160907283724,1.705485396626358,0.0
1.43809,1.43876,52.45649,4729.37876,-1.93867,45.02968,4.730383688651053,1.7621923879081172,0.0
1.48277,1.48351,52.21554,4727.18379,-1.95466,45.03144,4.888898608068233,1.821243366169561,0.0
1.52743,1.52823,51.9729,4724.90219,-1.9678,45.03324,5.053737652269919,1.8826502473109707,0.0
1.57208,1.57295,51.72894,4722.52969,-1.97796,45.0351,5.224901984218061,1.9464134645662732,0.0
1.61669,1.61764,51.48403,4720.06202,-1.98503,45.037,5.40235757684351,2.012520341956903,0.0
1.66129,1.66231,51.23858,4717.49486,-1.9889,45.03894,5.586030637507054,2.0809433897831524,0.0
1.70586,1.70696,50.993,4714.82395,-1.98946,45.04093,5.775802870462491,2.151638539767014,0.0
1.7504,1.75159,50.74769,4712.04509,-1.98659,45.04296,5.971506638406928,2.2245433426023555,0.0
1.79492,1.7962,50.50311,4709.15412,-1.98019,45.04503,6.172920099194836,2.2995751562529514,0.0
1.83941,1.84078,50.25968,4706.14704,-1.97015,45.04715,6.379762409766014,2.376629359289449,0.0
1.88388,1.88534,50.01789,4703.01997,-1.95638,45.04931,6.591689105729481,2.455577629662806,0.0
1.92831,1.92988,49.77818,4699.76921,-1.93879,45.05151,6.808287781524091,2.536266335450451,0.0
1.97271,1.97439,49.54104,4696.39133,-1.91728,45.05375,7.02907421167526,2.618515089922363,0.0
2.01708,2.01887,49.30697,4692.88312,-1.8918,45.05602,7.253489067778992,2.702115528531237,0.0
2.06141,2.06332,49.07644,4689.24172,-1.86228,45.05834,7.480895397386748,2.7868303697307653,0.0
2.10572,2.10775,48.84997,4685.46461,-1.82865,45.0607,7.710577038789982,2.8723928244411647,0.0
2.14998,2.15214,48.62806,4681.54972,-1.7909,45.06309,7.941738148840537,2.9585064201498548,0.0
2.19421,2.1965,48.41122,4677.49539,-1.74898,45.06552,8.173504018014553,3.0448453045442045,0.0
2.2384,2.24082,48.19995,4673.30049,-1.7029,45.06799,8.404923336951624,3.1310550898570066,0.0
2.28255,2.28512,47.99476,4668.96445,-1.65267,45.07049,8.634972060738589,3.216754292413865,0.0
2.32666,2.32937,47.79615,4664.48728,-1.59831,45.07302,8.862558990395266,3.3015364118834887,0.0
2.37073,2.37359,47.60462,4659.86964,-1.53987,45.07559,9.086533155203941,3.384972681389669,0.0
2.41476,2.41776,47.42057,4655.11299,-1.4787,45.0575,9.305794608623192,3.466653341904388,-6.999999880592873
2.45876,2.46188,47.24439,4650.21943,-1.41365,45.03894,9.519214537115658,3.54615788068411,-6.999999880592873
2.50273,2.50594,47.07655,4645.1916,-1.34484,45.01991,9.725542862013286,3.6230206105334326,-6.999999880592873
2.54667,2.54994,46.91747,4640.03288,-1.27239,45.00043,9.923514865379698,3.696770390744327,-6.999999880592873
2.59058,2.59388,46.76758,4634.74739,-1.19647,44.98052,10.11186704229014,3.766936532487505,-6.999999880592873
2.63446,2.63775,46.62727,4629.33999,-1.11726,44.96019,10.289353572409246,3.833054934908536,-6.999999880592873
2.6783,2.68156,46.4969,4623.81628,-1.03496,44.93948,10.454763611303429,3.894674526596675,-6.999999880592873
2.72211,2.72531,46.37682,4618.18259,-0.9498,44.91841,10.606939024191096,3.9513638718734208,-6.999999880592873
2.76588,2.76899,46.26734,4612.44591,-0.86203,44.89701,10.744792139826247,4.002717784581283,-6.999999880592873
2.80961,2.81261,46.16873,4606.61391,-0.77192,44.87531,10.867323071116475,4.048363780469727,-6.999999880592873
2.85331,2.85615,46.08123,4600.69483,-0.67975,44.85334,10.973636134443124,4.087968193823952,-6.999999880592873
2.89697,2.89962,46.00505,4594.69749,-0.58582,44.83114,11.062954903889288,4.121241785560912,-6.999999880592873
2.94059,2.94303,45.94035,4588.63115,-0.49046,44.80875,11.134635460264453,4.1479446788396075,-6.999999880592873
2.98417,2.98636,45.88725,4582.5055,-0.39399,44.78621,11.188177438275845,4.1678904744230785,-6.999999880592873
3.02771,3.02961,45.84583,4576.33054,-0.29675,44.76356,11.223232536705016,4.1809494209430955,-6.999999880592873
3.07121,3.0728,45.81615,4570.1165,-0.19909,44.74083,11.239610233812002,4.187050544038593,-6.999999880592873
3.11466,3.11591,45.79819,4563.87377,-0.10134,44.71808,11.23728053953124,4.186182671621063,-6.999999880592873
3.15808,3.15894,45.79191,4557.6128,-0.00386,44.69534,11.2163737133351,4.178394328771297,-6.999999880592873
3.20145,3.20191,45.79723,4551.34401,0.09301,44.67266,11.177176976543146,4.16379251298808,-6.999999880592873
3.24478,3.24479,45.81402,4545.0777,0.18892,44.65008,11.120128345849217,4.14254039701478,-6.999999880592873
3.28806,3.28761,45.84213,4538.82397,0.28354,44.62763,11.045807805495237,4.1148540402418154,-6.999999880592873
3.3313,3.33034,45.88133,4532.59266,0.37657,44.60537,10.954926115060045,4.080998219313517,-6.999999880592873
3.3745,3.37301,45.93141,4526.39323,0.46768,44.58332,10.848311614277357,4.041281512575621,-6.999999880592873
3.41765,3.4156,45.99208,4520.23475,0.55658,44.56152,10.726895433582678,3.9960507906148726,-6.999999880592873
3.46077,3.45811,46.06303,4514.1258,0.64301,44.54001,10.591695547595371,3.9456852757615053,-6.999999880592873
3.50383,3.50056,46.14394,4508.07444,0.7267,44.51882,10.44380011851888,3.890590337067574,-6.999999880592873
3.54686,3.54293,46.23443,4502.08818,0.80742,44.49798,10.28435056829189,3.8311911842378605,-6.999999880592873
3.58984,3.58523,46.33413,4496.17393,0.88496,44.47751,10.114524794125058,3.767926614975671,-6.999999880592873
3.63278,3.62746,46.44262,4490.33798,0.95911,44.45744,9.935520904389604,3.7012429561734153,-6.999999880592873
3.67567,3.66962,46.55947,4484.58601,1.02973,44.4378,9.748541803684983,3.631588321444716,-6.999999880592873
3.71853,3.71172,46.68425,4478.92306,1.09665,44.41859,9.55478090062512,3.5594072868987285,-6.999999880592873
3.76134,3.75375,46.81649,4473.35354,1.15975,44.39985,9.355409152576037,3.4851360649640406,-6.999999880592873
3.80411,3.79571,46.95571,4467.88125,1.21892,44.38157,9.15156360149223,3.409198233686076,-6.999999880592873
3.84684,3.83761,47.10145,4462.5094,1.27409,44.36378,8.944337496577928,3.3320010571585286,-6.999999880592873
3.88953,3.87944,47.25323,4457.2406,1.32519,44.34648,8.734772045186611,3.2539324125163813,-6.999999880592873
3.93218,3.92122,47.41054,4452.07692,1.37218,44.32968,8.523849784667188,3.175358320774218,-6.999999880592873
3.97479,3.96293,47.5729,4447.0199,1.41504,44.31338,8.312489526060718,3.0966210632202067,-6.999999880592873
4.01737,4.00459,47.73983,4442.0706,1.45375,44.29758,8.101542786154102,3.0180378522622227,-6.999999880592873
4.0599,4.04618,47.91083,4437.22962,1.48833,44.2823,7.891791597729465,2.9399000156881288,-6.999999880592873
4.1024,4.08773,48.08542,4432.49713,1.5188,44.26751,7.683947568532263,2.862472646106633,-6.999999880592873
4.14487,4.12922,48.26312,4427.87292,1.5452,44.25323,7.478652047198417,2.7859946627595154,-6.999999880592873
4.1873,4.17065,48.44346,4423.35643,1.56757,44.23944,7.276477248273057,2.7106792306207077,-6.999999880592873
4.22969,4.21204,48.62598,4418.94678,1.58598,44.22614,7.07792818767666,2.636714481408355,-6.999999880592873
4.27205,4.25337,48.81022,4414.64282,1.60049,44.21332,6.883445283716856,2.5642644825301537,-6.999999880592873
4.31438,4.29466,48.99574,4410.44314,1.61119,44.20098,6.693407485893743,2.4934704026456505,-6.999999880592873
4.35667,4.3359,49.1821,4406.34613,1.61815,44.18911,6.5081358035915455,2.4244518261967354,-6.999999880592873
4.39893,4.37709,49.36888,4402.34997,1.62147,44.17769,6.327897118342796,2.357308173576352,-6.999999880592873
4.44116,4.41825,49.55567,4398.45271,1.62124,44.16671,6.15290817602285,2.292120188325998,-6.999999880592873
4.48337,4.45935,49.74207,4394.65224,1.61756,44.15617,5.98333966850176,2.2289514576584404,-6.999999880592873
4.52554,4.50042,49.9277,4390.94635,1.61054,44.14605,5.819320327362045,2.1678499374753004,-6.999999880592873
4.56768,4.54145,50.11218,4387.33275,1.60029,44.13635,5.660940964976848,2.1088494577749906,-6.999999880592873
4.60979,4.58243,50.29516,4383.80908,1.5869,44.12704,5.508258410147907,2.051971188781413,-6.999999880592873
4.65188,4.62338,50.47627,4380.37293,1.5705,44.11812,5.361299296552727,1.9972250522402142,-6.999999880592873
4.69394,4.6643,50.6552,4377.02183,1.55118,44.10957,5.220063672138921,1.9446110660131413,-6.999999880592873
4.73597,4.70517,50.83163,4373.75332,1.52906,44.10138,5.084528406437181,1.8941206133917772,-6.999999880592873
4.77798,4.74602,51.00523,4370.56493,1.50425,44.09354,4.954650380439822,1.8457376314112293,-6.999999880592873
4.81996,4.78683,51.17572,4367.45417,1.47685,44.08604,4.830369450206068,1.7994397148710775,-6.999999880592873
4.86191,4.82761,51.34283,4364.41857,1.44698,44.07886,4.711611180917788,1.7551991348430702,-6.999999880592873
4.90384,4.86835,51.50626,4361.45569,1.41473,44.07199,4.59828935254509,1.712983772097486,-6.999999880592873
4.94575,4.90907,51.66578,4358.56309,1.38022,44.06543,4.490308241994283,1.6727579672632995,-6.999999880592873
4.98763,4.94976,51.82114,4355.73838,1.34355,44.05915,4.387564689367349,1.634483290564199,-6.999999880592873
5.0295,4.99042,51.9721,4352.9792,1.30481,44.05315,4.289949958150083,1.5981192347876116,-6.999999880592873
5.07133,5.03105,52.11844,4350.28322,1.26412,44.04741,4.197351400652649,1.5636238357051362,-6.999999880592873
5.11315,5.07166,52.25995,4347.64815,1.22155,44.04193,4.109653941050094,1.5309542245441499,-6.999999880592873
5.15495,5.11224,52.39643,4345.07175,1.17722,44.03669,4.0267413889791195,1.5000671173371716,-6.999999880592873
5.19672,5.15279,52.52769,4342.5518,1.1312,44.03168,3.94849759686594,1.4709192460569394,-6.999999880592873
5.23848,5.19332,52.65356,4340.08615,1.0836,44.02689,3.87480747414245,1.4434677364386195,-6.999999880592873
5.28021,5.23383,52.77387,4337.67266,1.0345,44.02232,3.8055578712286238,1.417670437286507,-6.999999880592873
5.32192,5.27431,52.88846,4335.30926,0.98399,44.01795,3.740638345729676,1.3934862059026305,-6.999999880592873
5.36362,5.31477,52.99717,4332.9939,0.93215,44.01376,3.679941822735318,1.3708751540655966,-6.999999880592873
5.40529,5.35521,53.09988,4330.72458,0.87907,44.00976,3.6233651604438206,1.3497988587404375,-6.999999880592873
5.44695,5.39563,53.19646,4328.49932,0.82481,44.00594,3.5708096316441855,1.3302205414433872,-6.999999880592873
5.48858,5.43603,53.28677,4326.31618,0.76948,44.00227,3.522181330818452,1.3121052198982017,-6.999999880592873
5.5302,5.47641,53.37072,4324.17327,0.71313,43.99876,3.4773915158727213,1.2954198353399597,-6.999999880592873
5.5718,5.51677,53.4482,4322.0687,0.65585,43.99539,3.436356892755124,1.28013335854274,-6.999999880592873
5.61339,5.55711,53.51911,4320.00063,0.59771,43.99216,3.398999850462393,1.2662168773657585,-6.999999880592873
5.65495,5.59743,53.58337,4317.96722,0.53878,43.98906,3.3652486532048975,1.2536436683398955,-6.999999880592873
5.6965,5.63773,53.64089,4315.96668,0.47913,43.98608,3.335037595817374,1.2423892545622826,-6.999999880592873
5.73803,5.67802,53.69162,4313.9972,0.41884,43.98321,3.3083071278131855,1.2324314519097805,-6.999999880592873
5.77955,5.71828,53.73548,4312.05702,0.35797,43.98044,3.285003950877855,1.223750405357883,-6.999999880592873
5.82104,5.75853,53.77242,4310.14437,0.29659,43.97777,3.265081093951714,1.2163286169509813,-6.999999880592873
5.86253,5.79877,53.8024,4308.25749,0.23476,43.97518,3.248497969525664,1.2101509667740142,-6.999999880592873
5.90399,5.83899,53.82537,4306.39464,0.17256,43.97268,3.2352204142099206,1.2052047280653937,-6.999999880592873
5.94544,5.87919,53.8413,4304.55405,0.11005,43.97024,3.2252207161269175,1.2014795774215834,-6.999999880592873
5.98687,5.91937,53.85017,4302.73397,0.04729,43.96787,3.218477631213004,1.1989676008699088,-6.999999880592873
6.02829,5.95954,53.85195,4300.93265,-0.01564,43.96555,3.2149763900228105,1.1976632964033616,-6.999999880592873
6.06969,5.9997,53.84664,4299.1483,-0.0787,43.96328,3.2147086962086595,1.197563573414142,-6.999999880592873
6.11108,6.03984,53.83423,4297.37915,-0.14181,43.96105,3.2176727173995947,1.1986677492958568,-6.999999880592873
6.15245,6.07996,53.81473,4295.62339,-0.2049,43.95885,3.2238730687908324,1.2009775433301564,-6.999999880592873
6.1938,6.12007,53.78815,4293.8792,-0.26791,43.95667,3.2333207893369487,1.2044970678180733,-6.999999880592873
6.23514,6.16017,53.75451,4292.14474,-0.33079,43.95452,3.246033310018312,1.2092328162584307,-6.999999880592873
6.27647,6.20025,53.71385,4290.41807,-0.39297,43.96031,3.2620217933778126,1.2151889469921604,0.0
6.31777,6.24033,53.66624,4288.69723,-0.45487,43.96614,3.2813033517526273,1.2223718348151131,0.0
6.35905,6.28039,53.61172,4286.98029,-0.51642,43.97203,3.303913581180446,1.230794740187916,0.0
6.40031,6.32045,53.55034,4285.2653,-0.57757,43.97795,3.329894092137173,1.2404731641076812,0.0
6.44155,6.3605,53.48215,4283.55024,-0.63823,43.98393,3.359292396276007,1.2514248059153321,0.0
6.48277,6.40054,53.40722,4281.83305,-0.69835,43.98995,3.392161787056991,1.2636695188269702,0.0
6.52396,6.44057,53.32561,4280.11164,-0.75785,43.99602,3.428561196012935,1.2772292563891487,0.0
6.56514,6.4806,53.23742,4278.38386,-0.81665,44.00213,3.4685550204951965,1.2921280083096451,0.0
6.6063,6.52061,53.14271,4276.64748,-0.87469,44.00829,3.5122129181916133,1.3083917239099827,0.0
6.64743,6.56062,53.04159,4274.90024,-0.93189,44.0145,3.5596095631790035,1.3260482212485698,0.0
6.68855,6.60062,52.93417,4273.13981,-0.98818,44.02075,3.610824357686998,1.3451270797451416,0.0
6.72964,6.64061,52.82054,4271.36379,-1.04348,44.02704,3.665941093186518,1.3656595139273036,0.0
6.77071,6.68059,52.70085,4269.56972,-1.0977,44.03338,3.725047553842378,1.3876782257061888,0.0
6.81176,6.72056,52.57521,4267.75506,-1.15078,44.03977,3.7882350547682933,1.4112172323643015,0.0
6.85279,6.76052,52.44376,4265.9172,-1.20261,44.0462,3.855597907003225,1.4363116672451273,0.0
6.89379,6.80048,52.30666,4264.05347,-1.25313,44.05267,3.927232800584591,1.4629975499316734,0.0
6.93478,6.84042,52.16406,4262.16111,-1.30224,44.05919,4.003238096617219,1.491311522523523,0.0
6.97574,6.88036,52.01613,4260.23728,-1.34985,44.06575,4.0837130188702675,1.5212905484854233,0.0
7.01667,6.92028,51.86304,4258.27906,-1.39587,44.07235,4.168756735121106,1.5529715704237053,0.0
7.05759,6.9602,51.70499,4256.28347,-1.44022,44.079,4.258467318310421,1.5863911230892294,0.0
7.09848,7.0001,51.54218,4254.24743,-1.48279,44.08569,4.352940577614123,1.6215848979209126,0.0
7.13934,7.04,51.37481,4252.1678,-1.52349,44.09242,4.452268749751403,1.6585872555235481,0.0
7.18018,7.07988,51.2031,4250.04135,-1.56221,44.09919,4.556539041364524,1.697430682665925,0.0
7.221,7.11975,51.02729,4247.8648,-1.59887,44.10601,4.665832014132073,1.73814519069302,0.0
7.26179,7.15961,50.84761,4245.63477,-1.63335,44.11286,4.780219805465393,1.780757652688609,0.0
7.30256,7.19946,50.66433,4243.34784,-1.66555,44.11976,4.899764179296785,1.8252910773425814,0.0
7.34329,7.2393,50.4777,4241.00053,-1.69536,44.1267,5.02451440359402,1.87176381826925,0.0
7.38401,7.27912,50.28801,4238.5893,-1.72269,44.13367,5.154504953968854,1.9201887185411008,0.0
7.42469,7.31893,50.09554,4236.11058,-1.74743,44.14069,5.289753046062285,1.9705721914373777,0.0
7.46535,7.35872,49.90059,4233.56076,-1.76946,44.14774,5.430256003422535,2.022913239909371,0.0
7.50597,7.3985,49.70347,4230.93621,-1.78868,44.15484,5.575988472347352,2.077202419035896,0.0
7.54657,7.43826,49.50451,4228.2333,-1.80498,44.16197,5.726899500627409,2.133420747778345,0.0
7.58714,7.47801,49.30405,4225.44841,-1.81826,44.16913,5.882909503421481,2.1915385786893586,0.0
7.62767,7.51774,49.10242,4222.57794,-1.82842,44.17634,6.043907146449167,2.2515144368201057,0.0
7.66818,7.55746,48.89998,4219.61833,-1.83535,44.18357,6.209746184367079,2.3132938419322286,0.0
7.70865,7.59715,48.69711,4216.56611,-1.83896,44.19085,6.3802423004159134,2.3768081311832194,0.0
7.74908,7.63683,48.49418,4213.41788,-1.83914,44.19816,6.555170002082852,2.4419733026789894,0.0
7.78949,7.67649,48.29157,4210.17036,-1.83582,44.2055,6.734259636365949,2.5086889035813176,0.0
7.82985,7.71612,48.08969,4206.8204,-1.8289,44.21287,6.917194596994946,2.5768369897241175,0.0
7.87019,7.75574,47.88893,4203.36505,-1.81831,44.22028,7.103608804382681,2.6462811868290395,0.0
7.91048,7.79533,47.68971,4199.80153,-1.80397,44.22771,7.293084546561392,2.716865886197428,0.0
7.95074,7.8349,47.49244,4196.1273,-1.78584,44.23518,7.485150775711914,2.788415610122631,0.0
7.99095,7.87444,47.29755,4192.3401,-1.76385,44.24268,7.679281959327381,2.8607345839182483,0.0
8.03113,7.91396,47.10546,4188.43794,-1.73796,44.2502,7.874897587247802,2.933606552275541,0.0
8.07127,7.95346,46.9166,4184.41918,-1.70815,44.25776,8.071362435029354,3.0067948773754236,0.0
8.11136,7.99292,46.73141,4180.28253,-1.67441,44.26534,8.267987679979871,3.08004295464105,0.0
8.15141,8.03236,46.5503,4176.02712,-1.63672,44.27295,8.464032958063715,3.1530749789889945,0.0
8.19141,8.07177,46.37372,4171.65248,-1.5951,44.28058,8.658709437544696,3.2255970898421116,0.0
8.23137,8.11114,46.20208,4167.15862,-1.54959,44.28824,8.85118396828303,3.2972989168518367,0.0
8.27129,8.15049,46.03579,4162.54603,-1.50023,44.29592,9.040584344042319,3.367855540245981,0.0
8.31115,8.1898,45.87527,4157.81571,-1.44709,44.30363,9.226005689245493,3.436929870063378,0.0
8.35096,8.22908,45.72092,4152.96919,-1.39025,44.31135,9.406517951489608,3.5041754373127785,0.0
8.39073,8.26832,45.57312,4148.00855,-1.32982,44.3191,9.581174447936144,3.5692395777281103,0.0
8.43044,8.30753,45.43225,4142.93643,-1.26592,44.32687,9.749021377905017,3.631766975460035,0.0
8.4701,8.3467,45.29865,4137.75604,-1.19869,44.33466,9.909108177361889,3.691403520394918,0.0
8.50971,8.38583,45.17268,4132.47116,-1.1283,44.34247,10.060498554691659,3.7478004192708174,0.0
8.54926,8.42492,45.05463,4127.08611,-1.05494,44.35029,10.202282012986778,3.8006184880330567,0.0
8.58876,8.46398,44.94482,4121.60579,-0.97879,44.35814,10.33358563383039,3.84953254160349,0.0
8.6282,8.50299,44.8435,4116.03559,-0.90009,44.366,10.453585872953855,3.8942357880732983,0.0
8.66758,8.54196,44.75092,4110.38144,-0.81907,44.37388,10.56152010085756,3.9344441278878826,0.0
8.70691,8.58088,44.66729,4104.64971,-0.73598,44.38177,10.656697612806719,3.969900255360001,0.0
8.74617,8.61976,44.5928,4098.84722,-0.6511,44.38968,10.738509833741487,4.000377460267289,0.0
8.78538,8.6586,44.5276,4092.98115,-0.5647,44.3976,10.806439454989944,4.025683031518242,0.0
8.82452,8.69739,44.47182,4087.05904,-0.47707,44.40554,10.860068261304702,4.045661172929307,0.0
8.8636,8.73614,44.42554,4081.0887,-0.38851,44.41349,10.899083438291617,4.060195352908022,0.0
8.90262,8.77484,44.38881,4075.07816,-0.29934,44.42145,10.923282190370092,4.0692100247647405,0.0
8.94158,8.81349,44.36167,4069.03561,-0.20986,44.42943,10.932574546820176,4.072671672039011,0.0
8.98048,8.85209,44.34409,4062.96933,-0.12038,44.43742,10.9269842857055,4.070589152685171,0.0
9.01931,8.89065,44.33604,4056.88766,-0.03122,44.44542,10.906647960676723,4.063013336531036,0.0
9.05808,8.92916,44.33743,4050.79888,0.05731,44.45344,10.871812071006731,4.050036051041544,0.0
9.09678,8.96762,44.34815,4044.71121,0.14491,44.46147,10.822828468422266,4.031788370242679,0.0
9.13542,9.00603,44.36807,4038.6327,0.23128,44.46951,10.760148142930044,4.008438299778206,0.0
9.174,9.0444,44.397,4032.57121,0.31613,44.47757,10.684313571977915,3.980187926770889,0.0
9.21251,9.08271,44.43474,4026.53434,0.39918,44.48564,10.59594985122245,3.9472701158000576,0.0
9.25096,9.12098,44.48107,4020.52939,0.48017,44.49372,10.49575484994125,3.909944841533664,0.0
9.28935,9.1592,44.53574,4014.56331,0.55885,44.50182,10.384488649041053,3.8684952541084003,0.0
9.32768,9.19737,44.59845,4008.64269,0.63499,44.50993,10.262962524663436,3.823223575232964,0.0
9.36594,9.23549,44.66891,4002.77369,0.70836,44.51805,10.132027736162412,3.7744469214147065,0.0
9.40414,9.27357,44.74679,3996.96206,0.77877,44.52619,9.992564364490496,3.722493145964763,0.0
9.44227,9.3116,44.83177,3991.21309,0.84604,44.53434,9.845470427105068,3.6676967840142707,0.0
9.48035,9.34959,44.92347,3985.5316,0.91,44.54251,9.691651469814449,3.610395175203169,0.0
9.51837,9.38752,45.02154,3979.92196,0.97051,44.5507,9.532010806230366,3.5509248276194416,0.0
9.55632,9.42542,45.12558,3974.38807,1.02746,44.5589,9.367440543099335,3.4896180744989063,0.0
9.59422,9.46327,45.2352,3968.93335,1.08072,44.56712,9.198813496530807,3.4268000628075073,0.0
9.63206,9.50108,45.35002,3963.56078,1.13022,44.57535,9.026976071204787,3.3627861005587922,0.0
9.66984,9.53884,45.46961,3958.27289,1.17588,44.58361,8.852742143355997,3.2978793780645708,0.0
9.70756,9.57657,45.59357,3953.07178,1.21766,44.59188,8.676887959570996,3.2323690676026104,0.0
9.74523,9.61425,45.72148,3947.95913,1.25551,44.60018,8.50014803799119,3.1665287965069204,0.0
9.78285,9.65189,45.85294,3942.93626,1.28943,44.60849,8.32321203669787,3.1006154805587793,0.0
9.82041,9.6895,45.98753,3938.00407,1.3194,44.61683,8.146722536303333,3.0348684979435814,0.0
9.85791,9.72706,46.12483,3933.16317,1.34543,44.62518,7.97127366989803,2.969509178870101,0.0
9.89537,9.76459,46.26445,3928.4138,1.36754,44.63356,7.797410523513207,2.9047405822270536,0.0
9.93277,9.80209,46.40596,3923.75592,1.38577,44.64197,7.625629223858351,2.8407475282676034,0.0
9.97012,9.83954,46.54899,3919.18924,1.40015,44.65039,7.456377626816318,2.777696855091911,0.0
10.00743,9.87697,46.69313,3914.71318,1.41075,44.65884,7.2900565197896885,2.7157378665527894,0.0
10.04468,9.91436,46.838,3910.32697,1.41763,44.66732,7.127021252793358,2.6550029398806085,0.0
10.08189,9.95171,46.98323,3906.0296,1.42085,44.67582,6.967583716987339,2.5956082627388244,0.0
10.11905,9.98904,47.12844,3901.81991,1.42049,44.68434,6.8120145944554205,2.5376546713257206,0.0
10.15616,10.02633,47.27328,3897.69656,1.41663,44.6929,6.660545809250148,2.481228563453161,0.0
10.19323,10.0636,47.41741,3893.65809,1.40937,44.70148,6.513373116526581,2.426402863067033,0.0
10.23025,10.10083,47.56047,3889.7029,1.39879,44.71009,6.370658773771371,2.373238015350366,0.0
10.26724,10.13804,47.70215,3885.82928,1.38499,44.71872,6.232534245360469,2.3217829942422363,0.0
10.30417,10.17522,47.84213,3882.03544,1.36806,44.72739,6.099102898793967,2.272076306856192,0.0
10.34107,10.21238,47.9801,3878.31951,1.34812,44.73608,5.970442657716387,2.2241469818001125,0.0
10.37793,10.24951,48.11577,3874.67957,1.32526,44.74481,5.846608583219584,2.1780155307794575,0.0
10.41474,10.28661,48.24885,3871.11363,1.29958,44.75357,5.727635360727016,2.1336948750270928,0.0
10.45152,10.32369,48.37907,3867.61966,1.2712,44.76236,5.613539675093342,2.0911912300903857,0.0
10.48826,10.36075,48.50617,3864.19562,1.24021,44.77118,5.504322461181008,2.0505049442301932,0.0
10.52496,10.39778,48.6299,3860.83942,1.20673,44.78003,5.399971021311563,2.0116312872271975,0.0
10.56162,10.43479,48.75002,3857.54897,1.17086,44.78891,5.3004610045011145,1.974561187699185,0.0
10.59824,10.47178,48.8663,3854.32216,1.1327,44.79783,5.205758245390282,1.9392819181508416,0.0
10.63483,10.50875,48.97853,3851.15688,1.09237,44.80678,5.115820463214224,1.9057777278847912,0.0
10.67139,10.5457,49.08649,3848.05103,1.04996,44.81576,5.030598823212772,1.87403042466795,0.0
10.7079,10.58263,49.19,3845.00248,1.00558,44.82478,4.950039364442713,1.8440199066291738,0.0
10.74439,10.61955,49.28887,3842.00914,0.95934,44.83384,4.874084299201389,1.815724646328736,0.0
10.78084,10.65644,49.38292,3839.06891,0.91132,44.84292,4.802673190146882,1.7891221292665707,0.0
10.81725,10.69332,49.472,3836.1797,0.86164,44.85205,4.735744011839436,1.7641892493343807,0.0
10.85364,10.73018,49.55594,3833.33944,0.81039,44.8612,4.673234103815201,1.7409026638606862,0.0
10.88999,10.76702,49.6346,3830.54604,0.75768,44.8704,4.615081022444934,1.7192391109506027,0.0
10.92631,10.80384,49.70786,3827.79747,0.70359,44.87963,4.561223298911428,1.6991756918523802,0.0
10.96259,10.84065,49.77557,3825.09166,0.64822,44.88889,4.511601110450762,1.6806901210124252,0.0
10.99885,10.87745,49.83764,3822.42658,0.59167,44.89819,4.466156871828996,1.6637609464159364,0.0
11.03508,10.91423,49.89396,3819.80019,0.53403,44.90753,4.4248357536708385,1.6483677426779704,0.0
11.07127,10.951,49.94442,3817.21047,0.47539,44.91691,4.387586133908671,1.6344912792200803,0.0
11.10743,10.98775,49.98894,3814.6554,0.41585,44.92632,4.354359988159586,1.6221136656960364,0.0
11.14357,11.02448,50.02745,3812.13295,0.35549,44.93577,4.325113224392952,1.6112184766642976,0.0
11.17967,11.06121,50.05988,3809.64112,0.29441,44.94525,4.299805966749472,1.6017908573180775,0.0
11.21575,11.09792,50.08616,3807.17788,0.23269,44.95478,4.2784027928648865,1.5938176118946716,0.0
11.25179,11.13462,50.10625,3804.74121,0.17041,44.96434,4.260872928534156,1.587287276192985,0.0
11.28781,11.1713,50.1201,3802.32908,0.10768,44.97394,4.24719040303377,1.5821901754351784,0.0
11.32381,11.20797,50.12742,3799.94009,0.03935,44.95234,4.237490544507066,1.5785767229153436,-18.99999967589494
11.3598,11.2446,50.12792,3797.57269,-0.02927,44.93082,4.231912118824768,1.5764986125714742,-18.99999967589494
11.39578,11.2812,50.12159,3795.22466,-0.09807,44.90934,4.230442807041017,1.5759512552721069,-18.99999967589494
11.43175,11.31777,50.10843,3792.89373,-0.16698,44.88787,4.233077027862184,1.5769325718385128,-18.99999967589494
11.46771,11.3543,50.08843,3790.57762,-0.2359,44.86639,4.239815879746086,1.5794429714751306,-18.99999967589494
11.50367,11.39081,50.06162,3788.27404,-0.30475,44.84485,4.25066708839849,1.5834853322106341,-18.99999967589494
11.53961,11.42728,50.02799,3785.98065,-0.37343,44.82323,4.265644926438665,1.5890649709712363,-18.99999967589494
11.57555,11.46372,49.9876,3783.69509,-0.44187,44.8015,4.284770104070326,1.5961896028527387,-18.99999967589494
11.61148,11.50013,49.94047,3781.41495,-0.50995,44.77963,4.308069629001083,1.6048692889368423,-18.99999967589494
11.6474,11.53651,49.88665,3779.1378,-0.57761,44.75758,4.335576633214751,1.615116371759273,-18.99999967589494
11.68331,11.57286,49.8262,3776.86116,-0.64474,44.73533,4.367330163626011,1.6269453973231358,-18.99999967589494
11.71922,11.60917,49.75917,3774.5825,-0.71126,44.71285,4.403374933027109,1.640373022320006,-18.99999967589494
11.75512,11.64546,49.68566,3772.29923,-0.77706,44.69009,4.443761027131224,1.655417904995877,-18.99999967589494
11.79101,11.68171,49.60573,3770.00873,-0.84206,44.66703,4.488543562923264,1.672100577877844,-18.99999967589494
11.82689,11.71793,49.51947,3767.70832,-0.90616,44.64363,4.537782292948542,1.6904433003612185,-18.99999967589494
11.86276,11.75412,49.427,3765.39523,-0.96926,44.61986,4.591541149585016,1.7104698889389522,-18.99999967589494
11.89863,11.79027,49.32843,3763.06667,-1.03127,44.59569,4.649887722823961,1.7322055226611954,-18.99999967589494
11.93449,11.82639,49.22386,3760.71976,-1.09208,44.57108,4.712892664541289,1.755676521210688,-18.99999967589494
11.97035,11.86248,49.11344,3758.35156,-1.15159,44.54598,4.780629011834384,1.7809100928279262,-18.99999967589494
12.00619,11.89853,48.99731,3755.95908,-1.2097,44.52038,4.853171421569495,1.807934049159929,-18.99999967589494
12.04203,11.93455,48.87561,3753.53923,-1.26631,44.49422,4.930595308031855,1.8367764840122143,-18.99999967589494
12.07786,11.97053,48.74851,3751.08887,-1.3213,44.46748,5.012975875367684,1.8674654129079902,-18.99999967589494
12.11369,12.00648,48.61618,3748.60479,-1.37456,44.4401,5.100387036497152,1.9000283703547856,-18.99999967589494
12.1495,12.04239,48.4788,3746.08372,-1.426,44.41206,5.192900210321177,1.9344919617723364,-18.99999967589494
12.18531,12.07826,48.33657,3743.5223,-1.47549,44.38331,5.290582989433162,1.9708813671801542,-18.99999967589494
12.22112,12.11409,48.1897,3740.91712,-1.52292,44.35381,5.393497671164888,2.0092197939734677,-18.99999967589494
12.25691,12.14989,48.03838,3738.26472,-1.56818,44.32352,5.501699645752372,2.0495278764725993,-18.99999967589494
12.2927,12.18564,47.88286,3735.56155,-1.61115,44.2924,5.615235636704316,2.091823020413909,-18.99999967589494
12.32849,12.22135,47.72337,3732.80404,-1.65172,44.2604,5.734141790167097,2.1361186911879853,-18.99999967589494
12.36426,12.25702,47.56017,3729.98855,-1.68976,44.22748,5.85844161224722,2.182423645437983,-18.99999967589494
12.40003,12.29265,47.3935,3727.11142,-1.72515,44.1936,5.988143755915844,2.2307411066233342,-18.99999967589494
12.4358,12.32823,47.22364,3724.16894,-1.75779,44.15872,6.123239662381376,2.2810678863689744,-18.99999967589494
12.47155,12.36376,47.05089,3721.15739,-1.78754,44.12279,6.263701065586471,2.333393454824816,-18.99999967589494
12.5073,12.39925,46.87552,3718.07305,-1.8143,44.08576,6.409477372975361,2.3876989649326683,-18.99999967589494
12.54304,12.43469,46.69784,3714.91219,-1.83794,44.0476,6.560492940686873,2.443956237363931,-18.99999967589494
12.57878,12.47008,46.51818,3711.6711,-1.85835,44.00826,6.716644267043803,2.502126715020556,-18.99999967589494
12.61451,12.50542,46.33686,3708.34613,-1.87541,43.9677,6.877797134432383,2.5621603983099357,-18.99999967589494
12.65023,12.54071,46.15422,3704.93367,-1.88902,43.92587,7.0437837364369065,2.6239947749269654,-18.99999967589494
12.68595,12.57594,45.9706,3701.43017,-1.89906,43.88275,7.2143998342539835,2.6875537605435373,-18.99999967589494
12.72165,12.61112,45.78635,3697.8322,-1.90544,43.83828,7.389401993783854,2.752746669552354,-18.99999967589494
12.75735,12.64624,45.60186,3694.13645,-1.90806,43.79243,7.568504962296391,2.8194672378059935,-18.99999967589494
12.79305,12.68129,45.41748,3690.33976,-1.90682,43.74517,7.75137925073966,2.8875927219632285,-18.99999967589494
12.82873,12.71629,45.23361,3686.43913,-1.90165,43.69647,7.937648994568316,2.956983102591329,-18.99999967589494
12.86441,12.75123,45.05062,3682.43177,-1.89247,43.64628,8.126890171810437,3.0274804203490624,-18.99999967589494
12.90008,12.7861,44.86892,3678.31512,-1.87921,43.5946,8.31862926170355,3.098908276293329,-18.99999967589494
12.93574,12.8209,44.68889,3674.08691,-1.86182,43.54138,8.51234243026269,3.1710715284818254,-18.99999967589494
12.9714,12.85564,44.51095,3669.74512,-1.84025,43.48662,8.7074553298442,3.2437562173052945,-18.99999967589494
13.00704,12.8903,44.33549,3665.28808,-1.81448,43.4303,8.90334359817221,3.316729751388016,-18.99999967589494
13.04268,12.92489,44.16291,3660.71448,-1.78447,43.37241,9.099334137425465,3.3897413840813004,-18.99999967589494
13.0783,12.95941,43.99364,3656.02338,-1.75025,43.31294,9.294707246011574,3.462523007605494,-18.99999967589494
13.11392,12.99385,43.82805,3651.21427,-1.71181,43.25189,9.488699663881786,3.534790287509855,-18.99999967589494
13.14953,13.02821,43.66656,3646.28708,-1.66918,43.18927,9.68050857679591,3.6062441543666033,-18.99999967589494
13.18513,13.06249,43.50955,3641.24221,-1.62243,43.1251,9.869296605679185,3.676572662437617,-18.99999967589494
13.22072,13.09669,43.3574,3636.08054,-1.5716,43.05938,10.054197784386723,3.7454532165489844,-18.99999967589494
13.25629,13.1308,43.2105,3630.80346,-1.5168,42.99215,10.234324503220247,3.812555158733683,-18.99999967589494
13.29186,13.16483,43.0692,3625.4129,-1.45813,42.92344,10.408775366940125,3.877542695547812,-18.99999967589494
13.32741,13.19876,42.93385,3619.91132,-1.39571,42.85329,10.5766438858631,3.9400781357331787,-18.99999967589494
13.36296,13.23261,42.80479,3614.30172,-1.32969,42.78175,10.737027887682295,3.9998253963678914,-18.99999967589494
13.39849,13.26636,42.68234,3608.58762,-1.26025,42.70886,10.889039507481511,4.056453724409534,-18.99999967589494
13.434,13.30002,42.56679,3602.77311,-1.18756,42.63469,11.031815585122008,4.109641569995312,-18.99999967589494
13.46951,13.33359,42.45842,3596.86278,-1.11184,42.5593,11.164528274304713,4.1590805385968785,-18.99999967589494
13.505,13.36706,42.35749,3590.86172,-1.03331,42.48278,11.286395647596123,4.204479341671501,-18.99999967589494
13.54047,13.40042,42.26423,3584.77553,-0.95222,42.4052,11.396692067765446,4.245567660258047,-18.99999967589494
13.57593,13.43369,42.17883,3578.61023,-0.86883,42.32664,11.494758089000689,4.282099833440485,-18.99999967589494
13.61137,13.46686,42.10149,3572.37228,-0.78342,42.24721,11.580009652896251,4.313858284095229,-18.99999967589494
13.6468,13.49992,42.03234,3566.0685,-0.69627,42.16699,11.651946353661188,4.340656597898679,-18.99999967589494
13.68221,13.53288,41.97152,3559.70605,-0.60768,42.08609,11.710158565211724,4.362342178356721,-18.99999967589494
13.7176,13.56573,41.91911,3553.29236,-0.51798,42.00461,11.754333248878902,4.378798410328624,-18.99999967589494
13.75298,13.59848,41.87517,3546.83509,-0.42747,41.92266,11.784258293775572,4.389946276927953,-18.99999967589494
13.78834,13.63112,41.83973,3540.34207,-0.33648,41.84035,11.799825280987472,4.3957453892564695,-18.99999967589494
13.82368,13.66366,41.81279,3533.82127,-0.24533,41.7578,11.801030606221097,4.396194404620011,-18.99999967589494
13.85899,13.69608,41.79432,3527.28067,-0.15437,41.6751,11.787974941433735,4.391330825971504,-18.99999967589494
13.89429,13.7284,41.78425,3520.72828,-0.0639,41.59238,11.760861062240691,4.381230192562998,-18.99999967589494
13.92957,13.76062,41.7825,3514.17205,0.02574,41.50974,11.719990112783652,4.366004688510849,-18.99999967589494
13.96483,13.79272,41.78894,3507.6198,0.11424,41.42729,11.665756421104174,4.345801211385934,-18.99999967589494
14.00007,13.82472,41.80343,3501.07921,0.2013,41.34514,11.598641014413385,4.320798956480985,-18.99999967589494
14.03528,13.85661,41.82578,3494.55771,0.28661,41.26339,11.519204013661787,4.2912065835877335,-18.99999967589494
14.07047,13.8884,41.8558,3488.06251,0.36989,41.18213,11.428076109366774,4.257259041518376,-18.99999967589494
14.10564,13.92008,41.89326,3481.60049,0.45088,41.10147,11.32594933537243,4.219214131088336,-18.99999967589494
14.14079,13.95165,41.93791,3475.17821,0.52931,41.02149,11.213567363917226,4.177348889773643,-18.99999967589494
14.17591,13.98312,41.98948,3468.80187,0.60495,40.94227,11.091715544265215,4.131955880838936,-18.99999967589494
14.21102,14.01449,42.04768,3462.47726,0.67757,40.8639,10.961210898949606,4.083339466674994,-18.99999967589494
14.24609,14.04575,42.11221,3456.20978,0.74698,40.78644,10.822892277248876,4.031812140709502,-18.99999967589494
14.28115,14.07691,42.18274,3450.0044,0.81298,40.70996,10.677610845971838,3.97769098497429,-18.99999967589494
14.31618,14.10798,42.25895,3443.86566,0.87543,40.63452,10.526221074169374,3.9212943116732437,-18.99999967589494
14.35119,14.13894,42.34048,3437.79765,0.93415,40.56017,10.369572342438502,3.8629385374273024,-18.99999967589494
14.38617,14.16981,42.42697,3431.80405,0.98905,40.48695,10.208501280083173,3.80293532866523,-18.99999967589494
14.42113,14.20059,42.51807,3425.88808,1.04,40.41491,10.043824905910961,3.7415890463899046,-18.99999967589494
14.45606,14.23127,42.61339,3420.05254,1.08692,40.34408,9.876334621753834,3.679194508606772,-18.99999967589494
14.49098,14.26185,42.71257,3414.29983,1.12973,40.27449,9.706791082801624,3.6160350793880838,-18.99999967589494
14.52586,14.29235,42.81522,3408.63193,1.1684,40.20616,9.535919946199352,3.5523810851135527,-18.99999967589494
14.56073,14.32276,42.92095,3403.05047,1.20287,40.13909,9.36440847952975,3.488488551040842,-18.99999967589494
14.59557,14.35308,43.0294,3397.55666,1.23314,40.07331,9.192902994055194,3.424598245120661,-18.99999967589494
14.63038,14.38331,43.14018,3392.15142,1.2592,40.00882,9.022007054060655,3.360935010929894,-18.99999967589494
14.66518,14.41347,43.25291,3386.83531,1.28106,39.94562,8.852280403289466,3.2977073677406756,-18.99999967589494
14.69995,14.44353,43.36721,3381.60859,1.29873,39.88369,8.684238542099322,3.235107352999878,-18.99999967589494
14.7347,14.47352,43.48272,3376.47124,1.31227,39.82304,8.51835288443268,3.1733105808047144,-18.99999967589494
14.76942,14.50343,43.59907,3371.42299,1.32171,39.76365,8.355051421610465,3.112476489183358,-18.99999967589494
14.80412,14.53327,43.7159,3366.4633,1.32712,39.70551,8.194719820002296,3.0527487490059846,-18.99999967589494
14.8388,14.56303,43.83286,3361.59144,1.32855,39.64859,8.037702881470215,2.99425580803849,-18.99999967589494
14.87346,14.59271,43.94961,3356.80646,1.32609,39.59287,7.88430629874865,2.937111544867706,-18.99999967589494
14.90809,14.62232,44.06581,3352.10725,1.31982,39.53833,7.73479864225212,2.8814160090395537,-18.99999967589494
14.94271,14.65186,44.18113,3347.49251,1.30982,39.48494,7.589413519902627,2.827256225651576,-18.99999967589494
14.9773,14.68134,44.29526,3342.96083,1.29619,39.43267,7.448351857201678,2.77470704473975,-18.99999967589494
15.01187,14.71074,44.40789,3338.51063,1.27903,39.38148,7.311784250577415,2.7238320179622213,-18.99999967589494
15.04642,14.74008,44.51873,3334.14025,1.25845,39.33135,7.179853352964658,2.674684287290636,-18.99999967589494
15.08095,14.76935,44.62747,3329.84792,1.23455,39.28225,7.052676256337683,2.627307472566285,-18.99999967589494
15.11546,14.79857,44.73386,3325.63178,1.20745,39.23412,6.930346841446944,2.5817365468388656,-18.99999967589494
15.14995,14.82772,44.83763,3321.4899,1.17726,39.18695,6.812938070191721,2.5379986903356015,-18.99999967589494
15.18442,14.85681,44.93851,3317.42028,1.14409,39.14069,6.700504200853492,2.496114115693965,-18.99999967589494
15.21887,14.88584,45.03626,3313.42086,1.10807,39.0953,6.593082910748709,2.4560968587056857,-18.99999967589494
15.2533,14.91481,45.13066,3309.48955,1.06931,39.05075,6.490697314692823,2.4179555302477036,-18.99999967589494
15.28771,14.94372,45.22147,3305.62421,1.02794,39.00699,6.3933578711204735,2.3816940263621027,-18.99999967589494
15.3221,14.97258,45.3085,3301.82266,0.98406,38.96399,6.30106417056636,2.3473121945122832,-18.99999967589494
15.35647,15.00139,45.39153,3298.08271,0.93781,38.92171,6.2138066037801964,2.3148064549996787,-18.99999967589494
15.39083,15.03014,45.47038,3294.40212,0.88931,38.8801,6.13156790878787,2.284170377284744,-18.99999967589494
15.42516,15.05883,45.54487,3290.77866,0.83867,38.83913,6.0543245979137765,2.2553952115903173,-18.99999967589494
15.45948,15.08748,45.61483,3287.21008,0.78603,38.79876,5.982048267175365,2.2284703766855447,-18.99999967589494
15.49379,15.11608,45.6801,3283.69408,0.73148,38.75895,5.914706791482052,2.203383905128922,-18.99999967589494
15.52807,15.14462,45.74054,3280.2284,0.67517,38.71966,5.852265409858366,2.18012284754247,-18.99999967589494
15.56234,15.17312,45.79602,3276.81073,0.61721,38.68085,5.794687705455771,2.158673637691924,-18.99999967589494
15.59659,15.20156,45.8464,3273.43878,0.55771,38.64248,5.741936485462957,2.139022420276469,-18.99999967589494
15.63082,15.22996,45.89157,3270.11023,0.49679,38.60452,5.6939745661583965,2.121155343381474,-18.99999967589494
15.66504,15.25832,45.93142,3266.82275,0.43458,38.56691,5.6507654683999196,2.1050588175666562,-18.99999967589494
15.69924,15.28662,45.96587,3263.57401,0.37119,38.52963,5.612274028686511,2.09071974350268,-18.99999967589494
15.73342,15.31488,45.99483,3260.36168,0.30673,38.49263,5.578466930757702,2.0781257100059167,-18.99999967589494
15.76759,15.34309,46.01821,3257.18339,0.24133,38.45587,5.549313162380255,2.0672651642035063,-18.99999967589494
15.80175,15.37126,46.03596,3254.03678,0.17509,38.41932,5.524784401597476,2.0581275554213825,-18.99999967589494
15.83588,15.39938,46.04803,3250.91947,0.10814,38.38294,5.5048553363257255,2.0507034542423894,-18.99999967589494
15.87001,15.42746,46.05436,3247.82906,0.04058,38.34669,5.489503920715626,2.0449846480075733,-18.99999967589494
15.90411,15.4555,46.05492,3244.76314,-0.02746,38.31053,5.47871157120545,2.0409642138512263,-18.99999967589494
15.9382,15.48349,46.04969,3241.71928,-0.09588,38.27442,5.472463304715178,2.038636570181814,-18.99999967589494
15.97228,15.51143,46.03864,3238.69501,-0.16455,38.23832,5.470747820883692,2.0379975073174896,-18.99999967589494
16.00634,15.53934,46.02178,3235.68786,-0.23338,38.2022,5.473557529757067,2.039044197800712,-18.99999967589494
16.04039,15.5672,45.99911,3232.69532,-0.30223,38.16601,5.480888525795916,2.0417751867152982,-18.99999967589494
16.07442,15.59501,45.97063,3229.71486,-0.371,38.12972,5.492740508573676,2.046190362144449,-18.99999967589494
16.10844,15.62279,45.93638,3226.74393,-0.43957,38.09328,5.509116650015823,2.0522909057138614,-18.99999967589494
16.14244,15.65052,45.89638,3223.77992,-0.50783,38.05666,5.530023407558528,2.060079222988417,-18.99999967589494
16.17643,15.6782,45.85067,3220.8202,-0.57567,38.01981,5.555470282127564,2.069558853312949,-18.99999967589494
16.21041,15.70584,45.79932,3217.86212,-0.64296,37.9827,5.585469519425002,2.080734358533683,-18.99999967589494
16.24437,15.73344,45.74237,3214.90298,-0.70959,37.94529,5.620035752581444,2.093611189876789,-18.99999967589494
16.27832,15.761,45.6799,3211.94004,-0.77545,37.90753,5.6591855838926515,2.108195532134271,-18.99999967589494
16.31225,15.78851,45.61199,3208.97051,-0.84041,37.86939,5.702937103061466,2.124494124196406,-18.99999967589494
16.34617,15.81597,45.53873,3205.99159,-0.90436,37.83081,5.751309339103839,2.14251405487232,-18.99999967589494
16.38007,15.84339,45.46022,3203.00042,-0.96719,37.79177,5.804321642921474,2.162262532882049,-18.99999967589494
16.41396,15.87077,45.37657,3199.9941,-1.02876,37.75222,5.86199299745241,2.183746629869485,-18.99999967589494
16.44784,15.8981,45.2879,3196.96968,-1.08897,37.71211,5.9243412523597385,2.206972995303783,-18.99999967589494
16.4817,15.92538,45.19434,3193.92419,-1.14768,37.67141,5.991382280298172,2.2319475421664565,-18.99999967589494
16.51555,15.95262,45.09603,3190.85461,-1.20479,37.63006,6.063129052143647,2.2586751024500766,-18.99999967589494
16.54939,15.97981,44.99312,3187.75789,-1.26016,37.58803,6.1395906289265465,2.287159051626872,-18.99999967589494
16.58321,16.00695,44.88576,3184.63094,-1.31368,37.54527,6.2207710688738,2.3174009014931514,-18.99999967589494
16.61702,16.03404,44.77414,3181.47064,-1.36523,37.50175,6.306668248705955,2.3493998610714524,-18.99999967589494
16.65081,16.06109,44.65843,3178.27383,-1.41467,37.4574,6.397272599381969,2.38315236564221,-18.99999967589494
16.68459,16.08808,44.53881,3175.03734,-1.4619,37.41219,6.492565757712554,2.4186515744342483,-18.99999967589494
16.71836,16.11502,44.41549,3171.758,-1.50678,37.36608,6.592519136758787,2.4558868380606533,-18.99999967589494
16.75211,16.14191,44.28867,3168.43258,-1.54919,37.31902,6.6970924196952195,2.4948431374431435,-18.99999967589494
16.78585,16.16875,44.15858,3165.0579,-1.58902,37.27097,6.806231983850637,2.535500496725797,-18.99999967589494
16.81957,16.19553,44.02545,3161.63074,-1.62615,37.22188,6.919869263976335,2.577833373549409,-18.99999967589494
16.85328,16.22226,43.8895,3158.14791,-1.66045,37.1717,7.037919066362825,2.621810031015614,-18.99999967589494
16.88697,16.24893,43.751,3154.60626,-1.69182,37.1204,7.1602778483038465,2.667391896741957,-18.99999967589494
16.92065,16.27555,43.61019,3151.00264,-1.72013,37.06794,7.286821980518897,2.71453291556857,-18.99999967589494
16.95431,16.30211,43.46733,3147.33397,-1.74529,37.01427,7.41740601343544,2.763178903702673,-18.99999967589494
16.98796,16.3286,43.32271,3143.59722,-1.76717,36.95935,7.5518609716948575,2.8132669133771726,-18.99999967589494
17.02159,16.35504,43.1766,3139.78945,-1.78568,36.90314,7.689992704787902,2.8647246184189665,-18.99999967589494
17.05521,16.38142,43.02929,3135.90779,-1.80073,36.8456,7.831580325230173,2.917469732428215,-18.99999967589494
17.08881,16.40773,42.88108,3131.94949,-1.81222,36.78671,7.976374769112592,2.9714094725455236,-18.99999967589494
17.1224,16.43397,42.73226,3127.91192,-1.82006,36.72642,8.124097516988416,3.026440082948689,-18.99999967589494
17.15596,16.46015,42.58315,3123.7926,-1.82417,36.6647,8.274439515814208,3.0824464332473585,-18.99999967589494
17.18952,16.48627,42.43405,3119.5892,-1.82449,36.60153,8.427060344872771,3.1393017077673666,-18.99999967589494
17.22305,16.51231,42.28529,3115.29958,-1.82096,36.53688,8.581587670007323,3.1968672022386113,-18.99999967589494
17.25657,16.53828,42.13718,3110.9218,-1.81352,36.47073,8.737617031070814,3.2549922446143302,-18.99999967589494
17.29007,16.56418,41.99005,3106.45415,-1.80212,36.40305,8.894712006872771,3.3135142565181392,-18.99999967589494
17.32355,16.59001,41.84421,3101.89515,-1.78675,36.33384,9.052404800050335,3.372258971123883,-18.99999967589494
17.35701,16.61576,41.70001,3097.2436,-1.76737,36.26308,9.210197280988927,3.431040822043553,-18.99999967589494
17.39046,16.64143,41.55775,3092.49857,-1.744,36.19076,9.36756252502,3.4896635159738922,-18.99999967589494
17.42388,16.66702,41.41776,3087.65943,-1.71662,36.11689,9.523946870584748,3.547920799416533,-18.99999967589494
17.45729,16.69254,41.28037,3082.72589,-1.68528,36.04146,9.678772517873686,3.6055974267396156,-18.99999967589494
17.49067,16.71797,41.14589,3077.69797,-1.64999,35.96449,9.831440677496053,3.662470333139983,-18.99999967589494
17.52404,16.74332,41.01462,3072.57606,-1.61083,35.88599,9.981335267415322,3.718310011848936,-18.99999967589494
17.55738,16.76858,40.88687,3067.36091,-1.56786,35.80597,10.127827143557445,3.7728820901451137,-18.99999967589494
17.5907,16.79375,40.76294,3062.05364,-1.52117,35.72446,10.270278835689052,3.8259490935937337,-18.99999967589494
17.624,16.81884,40.6431,3056.65574,-1.47085,35.6415,10.408049745666345,3.8772723825310833,-18.99999967589494
17.65727,16.84384,40.52765,3051.16913,-1.41704,35.55711,10.540501750338176,3.9266142392933268,-18.99999967589494
17.69052,16.86874,40.41683,3045.59606,-1.35987,35.47135,10.667005136923901,3.973740079300933,-18.99999967589494
17.72375,16.89356,40.31089,3039.93919,-1.2995,35.38426,10.786944784950109,4.018420753992764,-18.99999967589494
17.75695,16.91828,40.21008,3034.20158,-1.23609,35.2959,10.899726496610262,4.0604349090516,-18.99999967589494
17.79013,16.9429,40.1146,3028.38664,-1.16984,35.20632,11.004783367092958,4.099571357519029,-18.99999967589494
17.82328,16.96743,40.02466,3022.49812,-1.10095,35.1156,11.101582078751015,4.135631424539043,-18.99999967589494
17.8564,16.99186,39.94043,3016.54015,-1.02964,35.0238,11.189628998264434,4.168431218711669,-18.99999967589494
17.8895,17.01618,39.86209,3010.51715,-0.95614,34.931,11.26847595465417,4.197803784555126,-18.99999967589494
17.92257,17.04041,39.78977,3004.43385,-0.88069,34.83727,11.337725578484894,4.223601091499334,-18.99999967589494
17.95561,17.06454,39.72359,2998.29525,-0.80356,34.74272,11.39703608864385,4.245695817086987,-18.99999967589494
17.98862,17.08857,39.66365,2992.10659,-0.725,34.64741,11.446125423067459,4.263982885777905,-18.99999967589494
18.0216,17.11249,39.61003,2985.87331,-0.64529,34.55145,11.484774623061336,4.278380729697278,-18.99999967589494
18.05456,17.13631,39.56278,2979.60104,-0.56471,34.45493,11.512830397335305,4.288832243806181,-18.99999967589494
18.08748,17.16003,39.52194,2973.29554,-0.48356,34.35795,11.530206810818022,4.295305415029448,-18.99999967589494
18.12037,17.18364,39.4875,2966.96266,-0.4021,34.26059,11.53688606410441,4.2977936126203575,-18.99999967589494
18.15323,17.20715,39.45946,2960.60835,-0.32065,34.16296,11.532918351336049,4.296315535217338,-18.99999967589494
18.18605,17.23056,39.43778,2954.23855,-0.23948,34.06516,11.518420806413864,4.290914818280459,-18.99999967589494
18.21885,17.25386,39.42239,2947.85921,-0.15888,33.96729,11.493575569138168,4.281659313677726,-18.99999967589494
18.25161,17.27705,39.41322,2941.47623,-0.07915,33.86943,11.458627023129694,4.268640060737982,-18.99999967589494
18.28433,17.30014,39.41017,2935.09542,-0.00054,33.77169,11.413878275618758,4.251969974879751,-18.99999967589494
18.31703,17.32313,39.4131,2928.72249,0.07666,33.67416,11.359686964854022,4.231782285760686,-18.99999967589494
18.34969,17.34601,39.42187,2922.36298,0.15219,33.57693,11.296460493339149,4.208228761532808,-18.99999967589494
18.38231,17.36878,39.43633,2916.02229,0.22581,33.48009,11.224650794250024,4.181477759195213,-18.99999967589494
18.4149,17.39146,39.45629,2909.70558,0.29727,33.38371,11.144748743938283,4.151712143104618,-18.99999967589494
18.44746,17.41403,39.48155,2903.41781,0.36634,33.28788,11.057278335463447,4.119127114462781,-18.99999967589494
18.47998,17.4365,39.5119,2897.1637,0.43282,33.19267,10.962790726697673,4.083927994078918,-18.99999967589494
18.51246,17.45887,39.54713,2890.94768,0.4965,33.09815,10.861858272199541,4.046327999085656,-18.99999967589494
18.54491,17.48114,39.58698,2884.77394,0.5572,33.00438,10.75506864087455,4.006546051612791,-18.99999967589494
18.57733,17.50331,39.6312,2878.64635,0.61476,32.91143,10.643019112091002,3.964804653940382,-18.99999967589494
18.60971,17.52538,39.67955,2872.56851,0.66901,32.81935,10.526311131905326,3.921327860549447,-18.99999967589494
18.64205,17.54735,39.73173,2866.54371,0.71983,32.72819,10.405545198746928,3.8763393729050053,-18.99999967589494
18.67436,17.56923,39.78749,2860.57493,0.76709,32.63799,10.281316135015558,3.8300607780016818,-18.99999967589494
18.70663,17.59101,39.84653,2854.66487,0.8107,32.54879,10.154208787944489,3.782709946822127,-18.99999967589494
18.73887,17.6127,39.90856,2848.81592,0.85055,32.46063,10.024794190174545,3.734499604049823,-18.99999967589494
18.77107,17.6343,39.9733,2843.03016,0.88659,32.37352,9.893626198286807,3.685636075834064,-18.99999967589494
18.80324,17.65581,40.04044,2837.30941,0.91876,32.28749,9.761238616175218,3.636318218170571,-18.99999967589494
18.83537,17.67722,40.10968,2831.6552,0.94701,32.20257,9.628142799950524,3.5867365246651857,-18.99999967589494
18.86747,17.69855,40.18074,2826.06877,0.97132,32.11875,9.49482573220501,3.5370724091468158,-18.99999967589494
18.89954,17.71979,40.25331,2820.55113,0.99167,32.03606,9.36174854594484,3.4874976557933985,-18.99999967589494
18.93157,17.74094,40.32709,2815.10303,1.00806,31.95449,9.229345472381281,3.4381740271564425,-18.99999967589494
18.96356,17.76201,40.40179,2809.72497,1.02051,31.87404,9.098023182108458,3.389253018732404,-18.99999967589494
18.99553,17.78299,40.47712,2804.41725,1.02904,31.79471,8.96816048576654,3.3408757474518556,-18.99999967589494
19.02744,17.80392,40.55334,2799.17818,1.04857,31.80543,8.83941891132951,3.2929161235793716,0.0
19.05929,17.82482,40.63069,2794.0064,1.06404,31.81615,8.711486960798709,3.245258105914445,0.0
19.09108,17.8457,40.70889,2788.90238,1.07548,31.82688,8.584749321316636,3.198045000539383,0.0
19.1228,17.86654,40.78763,2783.86638,1.08292,31.83762,8.459562315263367,3.1514095469161725,0.0
19.15447,17.88736,40.86663,2778.89845,1.08639,31.84836,8.336255086196404,3.1054743596802705,0.0
19.18607,17.90814,40.9456,2773.99844,1.08595,31.85911,8.215130008148273,3.060352081114732,0.0
19.21762,17.92891,41.02426,2769.16605,1.08165,31.86987,8.096463326746541,3.016145619984285,0.0
19.2491,17.94965,41.10233,2764.40081,1.07357,31.88064,7.980505996204704,2.972948463336462,0.0
19.28053,17.97036,41.17956,2759.70207,1.06178,31.89143,7.867484677753811,2.930845048443642,0.0
19.3119,17.99104,41.25567,2755.06909,1.04637,31.90222,7.7576028671491715,2.8899111828289747,0.0
19.34322,18.01171,41.33041,2750.50095,1.02743,31.91302,7.651042121192678,2.8502145011782107,0.0
19.37448,18.03234,41.40354,2745.99664,1.00505,31.92384,7.547963355828071,2.8118149489143485,0.0
19.40569,18.05296,41.47483,2741.55503,0.97933,31.93467,7.448508191045453,2.774765283209947,0.0
19.43684,18.07355,41.54404,2737.1749,0.95039,31.94552,7.352800320596774,2.7391115832421855,0.0
19.46793,18.09412,41.61096,2732.85492,0.91834,31.95638,7.2609468872267815,2.7048937625025773,0.0
19.49898,18.11467,41.67538,2728.59369,0.88328,31.96726,7.1730398467462235,2.672146076950131,0.0
19.52997,18.13519,41.73708,2724.38972,0.84534,31.97815,7.089157306747822,2.6408976237182675,0.0
19.56092,18.1557,41.7959,2720.24147,0.80465,31.98906,7.009364828121036,2.611172825963322,0.0
19.59181,18.17618,41.85163,2716.14732,0.76131,31.99998,6.933716679596324,2.5829919002152875,0.0
19.62265,18.19664,41.90411,2712.10559,0.71547,32.01093,6.862257037535272,2.5563713033312037,0.0
19.65345,18.21709,41.95317,2708.11456,0.66724,32.02189,6.795021124870153,2.531324156780114,0.0
19.68419,18.23751,41.99867,2704.17243,0.61677,32.03287,6.732036284604054,2.5078606465501063,0.0
19.71489,18.25792,42.04045,2700.27739,0.56417,32.04387,6.67332298463523,2.4859883974718215,0.0
19.74553,18.2783,42.07839,2696.42755,0.50958,32.05489,6.61889575171472,2.465712821142246,0.0
19.77614,18.29867,42.11236,2692.62103,0.45314,32.06593,6.568764033390376,2.4470374370215335,0.0
19.80669,18.31901,42.14224,2688.85585,0.39498,32.07699,6.522932987430585,2.4299641665141167,0.0
19.8372,18.33934,42.16793,2685.13004,0.33523,32.08807,6.4814041989431805,2.414493600114371,0.0
19.86766,18.35966,42.18934,2681.44159,0.27403,32.09917,6.44417632582676,2.4006252378542103,0.0
19.89808,18.37995,42.20638,2677.78843,0.21152,32.11029,6.411245673565073,2.388357703429124,0.0
19.92846,18.40023,42.21898,2674.16849,0.14783,32.12144,6.382606700590813,2.3776889324594825,0.0
19.95878,18.42049,42.22706,2670.57965,0.0831,32.1326,6.358252455648631,2.3686163354197696,0.0
19.98907,18.44073,42.23058,2667.01976,0.01746,32.14379,6.338174948620264,2.3611369357806993,0.0
20.01931,18.46096,42.22948,2663.48665,-0.04895,32.155,6.322365456274299,2.3552474839090487,0.0
20.0495,18.48117,42.22374,2659.97812,-0.11599,32.16623,6.310814764389096,2.350944547264816,0.0
20.07966,18.50136,42.21332,2656.49193,-0.18353,32.17749,6.303513347578731,2.348224577391117,0.0
20.10977,18.52154,42.19821,2653.02582,-0.25142,32.18876,6.300451488046193,2.347083954152873,0.0
20.13983,18.5417,42.1784,2649.57749,-0.31953,32.20006,6.301619334327132,2.347519007620408,0.0
20.16986,18.56184,42.15388,2646.14463,-0.38772,32.21138,6.307006900952175,2.3495260179436466,0.0
20.19984,18.58197,42.12468,2642.72487,-0.45586,32.22273,6.316604009796437,2.3531011935032646,0.0
20.22978,18.60209,42.09081,2639.31585,-0.5238,32.23409,6.330400173724404,2.358240627565352,0.0
20.25968,18.62218,42.05231,2635.91514,-0.59141,32.24548,6.348384423037684,2.364940233628627,0.0
20.28953,18.64226,42.00921,2632.52032,-0.65855,32.25689,6.370545075079264,2.3731956595959627,0.0
20.31934,18.66233,41.96155,2629.12892,-0.72509,32.26832,6.396869447345943,2.3830021809012214,0.0
20.34911,18.68238,41.90941,2625.73843,-0.79088,32.27978,6.4273435143625415,2.3943545726858644,0.0
20.37884,18.70241,41.85285,2622.34635,-0.85579,32.29125,6.461951508632606,2.407246961142596,0.0
20.40852,18.72243,41.79194,2618.95013,-0.91968,32.30275,6.500675466077694,2.4216726541795324,0.0
20.43816,18.74243,41.72677,2615.54719,-0.98242,32.31427,6.543494716486838,2.4376239515992233,0.0
20.46776,18.76242,41.65744,2612.13495,-1.04386,32.32581,6.590385319767888,2.455091935087439,0.0
20.49732,18.78239,41.58405,2608.71079,-1.10387,32.33737,6.641319449086035,2.4740662384160474,0.0
20.52683,18.80234,41.50671,2605.27209,-1.16231,32.34895,6.696264722404412,2.494534798424292,0.0
20.5563,18.82228,41.42555,2601.81619,-1.21906,32.36055,6.7551834844227585,2.5164835875220555,0.0
20.58573,18.8422,41.34069,2598.34044,-1.27397,32.37217,6.81803204157434,2.5398963287060807,0.0
20.61511,18.86211,41.25229,2594.84218,-1.32691,32.38381,6.88475985342084,2.5647541943332977,0.0
20.64445,18.882,41.16048,2591.31875,-1.37775,32.39547,6.955308684684619,2.5910354902305235,0.0
20.67375,18.90187,41.06542,2587.76747,-1.42637,32.40714,7.029611723068917,2.6187153270592756,0.0
20.703,18.92172,40.96729,2584.18568,-1.47263,32.41883,7.107592669145293,2.647765281274903,0.0
20.73221,18.94156,40.86625,2580.57075,-1.5164,32.43054,7.189164805738206,2.6781530484478497,0.0
20.76137,18.96137,40.76248,2576.92005,-1.55757,32.44227,7.27423005552918,2.7098420921964133,0.0
20.79049,18.98117,40.65618,2573.23098,-1.59601,32.45401,7.362678036997568,2.7427912924998417,0.0
20.81956,19.00096,40.54754,2569.50098,-1.63162,32.46577,7.454385130217864,2.7769545976832464,0.0
20.84858,19.02072,40.43676,2565.72753,-1.66426,32.47754,7.5492135655514225,2.812280684931295,0.0
20.87756,19.04046,40.32406,2561.90817,-1.69384,32.48932,7.647010549707555,2.8487126347229728,0.0
20.90649,19.06019,40.20965,2558.04049,-1.72025,32.50112,7.747607445154323,2.8861876251405123,0.0
20.93538,19.07989,40.09376,2554.12216,-1.7434,32.51293,7.850819020211624,2.9246366525093364,0.0
20.96421,19.09958,39.97662,2550.15094,-1.76319,32.52475,7.956442788403451,2.9639842852893925,0.0
20.993,19.11924,39.85845,2546.12468,-1.77953,32.53659,8.064258456760147,3.004148458553227,0.0
21.02174,19.13888,39.7395,2542.04133,-1.79235,32.54843,8.17402750351251,3.0450403166659266,0.0
21.05042,19.15851,39.62001,2537.89897,-1.80158,32.56028,8.285492906209965,3.0865641120019824,0.0
21.07906,19.17811,39.50022,2533.69582,-1.80715,32.57214,8.398379041326937,3.1286171675460293,0.0
21.10765,19.19768,39.38038,2529.43021,-1.80901,32.58401,8.51239177616456,3.17108991112864,0.0
21.13618,19.21724,39.26076,2525.10067,-1.80712,32.59588,8.627218772985712,3.21386598872464,0.0
21.16466,19.23677,39.14158,2520.70587,-1.80145,32.60776,8.742530023884102,3.256822463705901,0.0
21.19309,19.25628,39.02312,2516.24468,-1.79197,32.61965,8.857978632875959,3.2998301081910877,0.0
21.22147,19.27576,38.90561,2511.71615,-1.77867,32.63154,8.973201858980108,3.3427537916204235,0.0
21.24979,19.29522,38.78932,2507.11953,-1.76156,32.64343,9.087822430693924,3.385452970432567,0.0
21.27805,19.31465,38.67449,2502.45432,-1.74065,32.65533,9.201450138239155,3.4277822812180845,0.0
21.30626,19.33406,38.56136,2497.72021,-1.71597,32.66722,9.3136837052365,3.46959223796747,0.0
21.33441,19.35344,38.45019,2492.91714,-1.68756,32.67912,9.424112936273277,3.5107300320966077,0.0
21.36251,19.3728,38.3412,2488.04531,-1.65548,32.69101,9.532321131009509,3.5510404317648097,0.0
21.39054,19.39212,38.23463,2483.10513,-1.61979,32.70291,9.63788774940904,3.5903667747435337,0.0
21.41852,19.41142,38.1307,2478.09731,-1.5806,32.7148,9.74039130629527,3.6285520467145553,0.0
21.44644,19.43069,38.02964,2473.02278,-1.53798,32.72669,9.839412467027001,3.665440034490667,0.0
21.4743,19.44993,37.93165,2467.88276,-1.49207,32.73857,9.934537309854306,3.700876541329087,0.0
21.5021,19.46915,37.83692,2462.67872,-1.44298,32.75045,10.025360714571473,3.734710649293832,0.0
21.52983,19.48833,37.74566,2457.41237,-1.39087,32.76233,10.111489831748868,3.7667960116358743,0.0
21.5575,19.50748,37.65803,2452.0857,-1.33589,32.77419,10.19254758228464,3.796992156468223,0.0
21.58511,19.5266,37.57421,2446.70093,-1.27821,32.78606,10.268176133418462,3.825165781672514,0.0
21.61266,19.54568,37.49435,2441.26054,-1.21801,32.79791,10.338040295012323,3.8511920201029506,0.0
21.64014,19.56474,37.41858,2435.7672,-1.1555,32.80975,10.40183077877835,3.874955653734439,0.0
21.66756,19.58376,37.34703,2430.22384,-1.09089,32.82159,10.459267263602667,3.896352255576365,0.0
21.69491,19.60275,37.27981,2424.63356,-1.02438,32.83342,10.510101211929678,3.9152892388498555,0.0
21.7222,19.6217,37.21702,2418.99967,-0.95622,32.84523,10.55411838559544,3.9316867942018945,0.0
21.74941,19.64062,37.15873,2413.32563,-0.88663,32.85704,10.591141014391816,3.9454786975525344,0.0
21.77657,19.65951,37.105,2407.61506,-0.81586,32.86883,10.62102957678309,3.9566129734586903,0.0
21.80365,19.67836,37.05589,2401.8717,-0.74417,32.88062,10.643684159646128,3.965052401653121,0.0
21.83067,19.69718,37.01142,2396.09941,-0.6718,32.89239,10.659045372227583,3.970774857517541,0.0
21.85762,19.71596,36.97161,2390.30214,-0.59901,32.90415,10.667094798603612,3.9737734806357667,0.0
21.8845,19.73471,36.93645,2384.48389,-0.52607,32.9159,10.66785498241357,3.9740566691066155,0.0
21.91131,19.75342,36.90592,2378.64871,-0.45323,32.92764,10.661388947247021,3.9716479008754515,0.0
21.93805,19.77209,36.87999,2372.80067,-0.38076,32.93936,10.647799265529018,3.96658538686945,0.0
21.96472,19.79073,36.8586,2366.94384,-0.3089,32.95107,10.627226697695082,3.9589215640544713,0.0
21.99133,19.80933,36.84168,2361.08226,-0.23791,32.96277,10.599848431648084,3.94872243958643,0.0
22.01786,19.82789,36.82916,2355.21993,-0.16804,32.97445,10.565875959748027,3.9360667999341263,0.0
22.04433,19.84642,36.82092,2349.36078,-0.09953,32.98613,10.525552636612495,3.9210453010956563,0.0
22.07072,19.86491,36.81687,2343.50866,-0.03261,32.99779,10.479150965796586,3.9037594578152923,0.0
22.09705,19.88336,36.81688,2337.66732,0.0325,33.00944,10.426969666695637,3.884320550927578,0.0
22.12331,19.90178,36.8208,2331.84039,0.09557,33.02108,10.36933057500468,3.8628484726969194,0.0
22.1495,19.92016,36.8285,2326.03136,0.15641,33.03271,10.30657543052273,3.8394705301901673,0.0
22.17562,19.9385,36.8398,2320.24359,0.21482,33.04432,10.239062605331823,3.814320226437214,0.0
22.20167,19.9568,36.85453,2314.48027,0.27062,33.05593,10.167163823274478,3.787536038350043,0.0
22.22765,19.97507,36.87253,2308.74443,0.32364,33.06752,10.091260918613788,3.759260209238318,0.0
22.25357,19.99331,36.89359,2303.03893,0.37374,33.07911,10.01174267774046,3.729637572262166,0.0
22.27942,20.0115,36.91753,2297.36644,0.42076,33.09069,9.92900180306309,3.6988144194014096,0.0
22.3052,20.02967,36.94414,2291.72945,0.46458,33.10226,9.843432033063404,3.666937428600375,0.0
22.33091,20.04779,36.97321,2286.13026,0.50509,33.11382,9.755425446893135,3.6341526596593057,0.0
22.35656,20.06588,37.00453,2280.57097,0.54219,33.12537,9.66536997628605,3.600604627356128,0.0
22.38214,20.08394,37.03788,2275.05351,0.57579,33.13692,9.57364714187806,3.566435458166132,0.0
22.40766,20.10196,37.07304,2269.57959,0.60582,33.14846,9.480630025616485,3.53178413493107,0.0
22.43311,20.11994,37.10979,2264.15076,0.63222,33.15999,9.386681485727035,3.496785831887394,0.0
22.4585,20.13789,37.14791,2258.76836,0.65495,33.17152,9.292152616040783,3.461571340725014,0.0
22.48382,20.15581,37.18718,2253.43357,0.67397,33.18305,9.19738144713654,3.4262665867286555,0.0
22.50908,20.17369,37.22736,2248.14736,0.68927,33.19457,9.102691883062931,3.390992232678861,0.0
22.53428,20.19155,37.26823,2242.91056,0.70083,33.2061,9.00839286421369,3.3558633670010063,0.0
22.55941,20.20936,37.30959,2237.72382,0.70867,33.21761,8.914777744276744,3.3209892716624445,0.0
22.58449,20.22715,37.35119,2232.58761,0.7128,33.22913,8.822123867125507,3.2864732645533805,0.0
22.6095,20.2449,37.39284,2227.50227,0.71324,33.24065,8.730692328003244,3.2524126105217572,0.0
22.63445,20.26262,37.43431,2222.46797,0.71004,33.25217,8.64072790221611,3.2188984948095447,0.0
22.65935,20.28031,37.47539,2217.48475,0.70323,33.26369,8.552459124026768,3.1860160524426844,0.0
22.68418,20.29797,37.51589,2212.55252,0.69288,33.27521,8.4660984981709,3.1538444470265516,0.0
22.70896,20.3156,37.55559,2207.67104,0.67905,33.28673,8.381842826559922,3.1224569924513195,0.0
22.73368,20.3332,37.59432,2202.83997,0.6618,33.29825,8.299873633136741,3.091921311161904,0.0
22.75834,20.35077,37.63186,2198.05883,0.64122,33.30978,8.220357670544185,3.062299522905285,0.0
22.78294,20.36831,37.66805,2193.32704,0.6174,33.32132,8.14344749301679,3.03364845814777,0.0
22.80749,20.38581,37.70271,2188.64392,0.59043,33.33285,8.069282080969371,3.0060198907506703,0.0
22.83199,20.4033,37.73566,2184.0087,0.56041,33.3444,7.997987503767998,2.9794607848699353,0.0
22.85643,20.42075,37.76674,2179.42049,0.52744,33.35595,7.929677608315102,2.9540135514722112,0.0
22.88081,20.43817,37.79579,2174.87833,0.49162,33.36751,7.864454722220417,2.9297163102845247,0.0
22.90514,20.45557,37.82267,2170.38118,0.45309,33.37907,7.8024103615050695,2.9066031534326773,0.0
22.92942,20.47294,37.84724,2165.92792,0.41195,33.39064,7.743625933888912,2.8847044074342807,0.0
22.95364,20.49028,37.86935,2161.51735,0.36832,33.40222,7.688173429803322,2.8640468906192043,0.0
22.97781,20.5076,37.88888,2157.14821,0.32234,33.41381,7.636116094297521,2.844654163432362,0.0
23.00193,20.52489,37.90572,2152.81916,0.27413,33.42541,7.587509073973475,2.8265467694339783,0.0
23.026,20.54215,37.91974,2148.52882,0.22382,33.43702,7.542400033970818,2.8097424651427145,0.0
23.05002,20.55939,37.93086,2144.27572,0.17155,33.44863,7.500829740813411,2.7942564371613394,0.0
23.07399,20.5766,37.93898,2140.05838,0.11746,33.46026,7.462832607707964,2.780101505314818,0.0
23.0979,20.59379,37.944,2135.87522,0.06168,33.4719,7.4284371994901095,2.7672883107560104,0.0
23.12177,20.61095,37.94585,2131.72464,0.00435,33.48355,7.397666695033208,2.7558254882251165,0.0
23.14559,20.62808,37.94446,2127.60498,-0.05437,33.49521,7.370539305437832,2.7457198218362615,0.0
23.16936,20.64519,37.93977,2123.51454,-0.11436,33.50688,7.347068646751558,2.7369763839254277,0.0
23.19308,20.66228,37.93173,2119.45157,-0.17545,33.51857,7.327264066378733,2.7295986566466794,0.0
23.21675,20.67934,37.92029,2115.4143,-0.23752,33.53026,7.3111309226638035,2.7235886361243096,0.0
23.24037,20.69638,37.90541,2111.40089,-0.3004,33.54197,7.2986708174264585,2.7189469190782978,0.0
23.26394,20.71339,37.88707,2107.40947,-0.36395,33.55369,7.289881781474784,2.7156727719328457,0.0
23.28747,20.73039,37.86525,2103.43816,-0.42803,33.56543,7.284758413346737,2.71376418250122,0.0
23.31095,20.74735,37.83993,2099.48503,-0.49248,33.57717,7.283291971712825,2.7132178944081864,0.0
23.33438,20.76429,37.81111,2095.54809,-0.55715,33.58893,7.285470422086142,2.714029424490726,0.0
23.35777,20.78121,37.7788,2091.62537,-0.62189,33.6007,7.29127843860565,2.716193063462354,0.0
23.38111,20.79811,37.74301,2087.71484,-0.68656,33.61248,7.300697361870073,2.719701860205139,0.0
23.4044,20.81498,37.70376,2083.81444,-0.751,33.62428,7.3137051139363605,2.724547590104385,0.0
23.42764,20.83183,37.66108,2079.92211,-0.81507,33.63609,7.330276071794323,2.7307207079146187,0.0
23.45084,20.84865,37.61501,2076.03575,-0.87861,33.64791,7.350380900804278,2.7382102857107142,0.0
23.47399,20.86546,37.5656,2072.15323,-0.94148,33.65974,7.373986349815317,2.7470039365640706,0.0
23.49709,20.88223,37.51289,2068.27244,-1.00354,33.67158,7.401055009906816,2.7570877246674654,0.0
23.52015,20.89899,37.45695,2064.3912,-1.06462,33.68344,7.431545038952074,2.76844606272777,0.0
23.54316,20.91572,37.39784,2060.50737,-1.1246,33.6953,7.465409854528759,2.7810615975670094,0.0
23.56612,20.93243,37.33565,2056.61877,-1.18332,33.70718,7.502597797997778,2.7949150849829003,0.0
23.58904,20.94911,37.27045,2052.72323,-1.24064,33.71907,7.5430517729637865,2.80998525506588,0.0
23.61191,20.96577,37.20235,2048.81856,-1.29643,33.73097,7.586708861718043,2.8262486693139786,0.0
23.63473,20.98241,37.13142,2044.90258,-1.35054,33.74288,7.633499923714198,2.843679571054483,0.0
23.65751,20.99902,37.05779,2040.97313,-1.40283,33.7548,7.683349180570706,2.8622497308464183,0.0
23.68023,21.01561,36.98156,2037.02803,-1.45319,33.76673,7.736173792635943,2.8819282887399127,0.0
23.70291,21.03217,36.90286,2033.06515,-1.50146,33.77867,7.791883432624216,2.902681595444391,0.0
23.72555,21.04871,36.82179,2029.08235,-1.54754,33.79061,7.850379862394018,2.9244730546673403,0.0
23.74813,21.06522,36.73851,2025.07753,-1.59129,33.80257,7.911556519482423,2.9472629690874954,0.0
23.77067,21.08171,36.65313,2021.04862,-1.63259,33.81453,7.975298120535969,2.971008392622402,0.0
23.79316,21.09818,36.56581,2016.99358,-1.67133,33.8265,8.04148028929038,2.9956629918410824,0.0
23.8156,21.11462,36.4767,2012.91044,-1.70741,33.83847,8.109969217238723,3.0211769195539895,0.0
23.83799,21.13103,36.38594,2008.79723,-1.74071,33.85046,8.180621365579958,3.0474967037810026,0.0
23.86033,21.14742,36.29369,2004.65209,-1.77114,33.86244,8.253283217343869,3.074565155411442,0.0
23.88263,21.16378,36.20012,2000.47319,-1.7986,33.87443,8.327791088889718,3.1023212979823573,0.0
23.90487,21.18012,36.10538,1996.25878,-1.82301,33.88643,8.403971010143952,3.130700323063922,0.0
23.92706,21.19643,36.00966,1992.0072,-1.84429,33.89842,8.481638682891509,3.1596335747218465,0.0
23.9492,21.21271,35.91311,1987.71686,-1.86236,33.91042,8.560599526358457,3.1890485664981147,0.0
23.97129,21.22896,35.81592,1983.38629,-1.87718,33.92242,8.640648818951696,3.2188690342127453,0.0
23.99333,21.24519,35.71826,1979.01408,-1.88867,33.93443,8.72157194452279,3.2490150277035568,0.0
24.01532,21.26139,35.62031,1974.59897,-1.89679,33.94643,8.803144750761298,3.2794030443371063,0.0
24.03726,21.27756,35.52225,1970.1398,-1.90151,33.95843,8.885134026380642,3.3099462067729872,0.0
24.05914,21.2937,35.42426,1965.63553,-1.90281,33.97043,8.96729810252574,3.3405544870039896,0.0
24.08097,21.30981,35.32651,1961.08526,-1.90066,33.98243,9.04938758240434,3.3711349781629747,0.0
24.10275,21.3259,35.22919,1956.48824,-1.89505,33.99443,9.131146201451761,3.401592214956876,0.0
24.12447,21.34195,35.13247,1951.84383,-1.88601,34.00642,9.212311818463865,3.431828542889796,0.0
24.14614,21.35797,35.03653,1947.15158,-1.87353,34.01841,9.292617535997756,3.4617445356417664,0.0
24.16775,21.37396,34.94155,1942.41117,-1.85766,34.03039,9.371792946101857,3.4912394591359615,0.0
24.18931,21.38993,34.84769,1937.62244,-1.83843,34.04237,9.44956549500065,3.520211779919679,0.0
24.21081,21.40586,34.75512,1932.78542,-1.8159,34.05434,9.525661957919024,3.548559714575215,0.0
24.23226,21.42175,34.66401,1927.90028,-1.79013,34.0663,9.599810012662058,3.5761818159197314,0.0
24.25365,21.43762,34.5745,1922.96738,-1.7612,34.07826,9.67173989810913,3.6029775908379564,0.0
24.27498,21.45345,34.48675,1917.98722,-1.72919,34.0902,9.741186141413914,3.6288481437096203,0.0
24.29625,21.46925,34.40092,1912.96052,-1.69421,34.10214,9.807889335427673,3.6536968385464066,0.0
24.31746,21.48501,34.31713,1907.88811,-1.65638,34.11406,9.871597945968569,3.677429972247319,0.0
24.33862,21.50075,34.23552,1902.77105,-1.61582,34.12598,9.932070126829421,3.6999574507368242,0.0
24.35972,21.51644,34.15621,1897.61052,-1.57266,34.13788,9.98907551915123,3.721193459278842,0.0
0.05159,0.05159,59.60512,5458.84841,-0.53379,45.00011,2.3058867348070144,0.8590034802470691,0.0
0.10317,0.10317,59.52645,5457.69203,-0.56725,45.00028,2.3305547520878673,0.8681929657387842,0.0
0.15474,0.15474,59.44304,5456.52975,-0.60035,45.00052,2.3570514903413082,0.8780636979093331,0.0
0.2063,0.2063,59.35495,5455.36046,-0.63306,45.00081,2.385413474284434,0.8886292831768575,0.0
0.25785,0.25785,59.26224,5454.18299,-0.66535,45.00117,2.4156792240823233,0.8999040713163755,0.0
0.30938,0.30939,59.16496,5452.99617,-0.69719,45.0016,2.4478891813607575,0.911903127897574,0.0
0.36091,0.36092,59.0632,5451.79878,-0.72855,45.00208,2.4820856219863754,0.9246422017931207,0.0
0.41242,0.41244,58.95703,5450.58958,-0.7594,45.00263,2.5183125539410423,0.9381376871341808,0.0
0.46392,0.46395,58.84651,5449.36727,-0.78971,45.00324,2.5566155984860583,0.9524065790409556,0.0
0.51542,0.51545,58.73173,5448.13056,-0.81944,45.00391,2.5970418526768144,0.9674664224057766,0.0
0.56689,0.56694,58.61279,5446.87808,-0.84857,45.00464,2.6396397311672004,0.9833352529610838,0.0
0.61836,0.61842,58.48977,5445.60847,-0.87705,45.00544,2.684458785109156,1.0000315298147444,0.0
0.66982,0.66988,58.36276,5444.32029,-0.90485,45.0063,2.7315494958368505,1.0175740585919797,0.0
0.72126,0.72134,58.23187,5443.01208,-0.93194,45.00721,2.7809630409068338,1.0359819042791678,0.0
0.77269,0.77279,58.09721,5441.68236,-0.95827,45.00819,2.8327510299810412,1.055274292833311,0.0
0.8241,0.82423,57.95889,5440.32958,-0.98382,45.00924,2.8869652079427666,1.075470500584926,0.0
0.87551,0.87565,57.81702,5438.95218,-1.00854,45.01034,2.9436571225942867,1.0965897304466656,0.0
0.9269,0.92707,57.67173,5437.54853,-1.0324,45.0115,3.002877754242537,1.1186509739242356,0.0
0.97827,0.97848,57.52314,5436.117,-1.05535,45.01273,3.0646771045007175,1.141672857934175,0.0
1.02964,1.02987,57.3714,5434.65589,-1.07735,45.01401,3.1291037416713063,1.1656734754470655,0.0
1.08099,1.08125,57.21664,5433.16347,-1.09837,45.01536,3.196204300188075,1.190670199016513,0.0
1.13232,1.13263,57.05901,5431.638,-1.11836,45.01676,3.266022931754858,1.2166794763138968,0.0
1.18364,1.18399,56.89865,5430.07767,-1.13727,45.01823,3.3386007060487204,1.2437166068745313,0.0
1.23494,1.23533,56.73573,5428.48066,-1.15507,45.01975,3.4139749591808592,1.2717954993822114,0.0
1.28623,1.28667,56.57042,5426.8451,-1.17172,45.02134,3.4921785885038594,1.3009284089663549,0.0
1.3375,1.338,56.40287,5425.16911,-1.18715,45.02298,3.5732392928724668,1.331125654179156,0.0
1.38876,1.38931,56.23328,5423.45078,-1.20134,45.02469,3.6571787580814608,1.3623953135497575,0.0
1.43999,1.44061,56.06181,5421.68818,-1.21424,45.02645,3.744011787971365,1.3947429018982669,0.0
1.49122,1.4919,55.88867,5419.87935,-1.22579,45.02827,3.833745382550322,1.4281710269118986,0.0
1.54242,1.54317,55.71404,5418.02232,-1.23597,45.03015,3.9263777655348338,1.4626790268783125,0.0
1.5936,1.59443,55.53814,5416.11514,-1.24471,45.03209,4.021897364867416,1.4982625909016172,0.0
1.64477,1.64567,55.36116,5414.15581,-1.25198,45.03408,4.120281751111554,1.5349133634265557,0.0
1.69592,1.69691,55.18332,5412.14239,-1.25772,45.03613,4.221496540107722,1.5726185354490048,0.0
1.74704,1.74812,55.00485,5410.07289,-1.26191,45.03824,4.325494267890491,1.611360425392989,0.0
1.79815,1.79932,54.82597,5407.94539,-1.26449,45.04041,4.432213247658125,1.6511160533017837,0.0
1.84924,1.85051,54.64691,5405.75798,-1.26542,45.04263,4.541576420456648,1.691856712687491,0.0
1.9003,1.90168,54.46791,5403.50878,-1.26466,45.04491,4.653490213247316,1.7335475451311229,0.0
1.95134,1.95283,54.28921,5401.19596,-1.26217,45.04725,4.767843420067765,1.7761471234856945,0.0
2.00236,2.00397,54.11107,5398.81776,-1.25791,45.04964,4.884506124091711,1.8196070503150976,0.0
2.05336,2.05509,53.93374,5396.37247,-1.25185,45.05209,5.003328680432921,1.8638715789618157,0.0
2.10433,2.10619,53.75747,5393.85848,-1.24396,45.05459,5.124140781522127,1.908877265375235,0.0
2.15528,2.15727,53.58253,5391.27425,-1.2342,45.05714,5.2467506286896235,1.954552659504364,0.0
2.2062,2.20833,53.40919,5388.61837,-1.22255,45.05975,5.370944235163283,2.000818045646254,0.0
2.25709,2.25937,53.23771,5385.88953,-1.20899,45.06242,5.496484886948362,2.0475852416095432,0.0
2.30796,2.3104,53.06836,5383.08657,-1.19349,45.06513,5.623112788882008,2.0947574668604467,0.0
2.3588,2.3614,52.90143,5380.20846,-1.17604,45.0679,5.750544923489343,2.1422292899429345,0.0
2.40961,2.41238,52.73718,5377.25434,-1.15663,45.07073,5.878475149958554,2.1898866653495563,0.0
2.4604,2.46333,52.57589,5374.22354,-1.13526,45.0736,6.006574569572075,2.2376070696541737,0.0
2.51115,2.51427,52.41784,5371.11555,-1.11192,45.07653,6.134492182117025,2.2852597460421165,0.0
2.56187,2.56518,52.2633,5367.93008,-1.08661,45.0795,6.261855855180195,2.332706065398071,0.0
2.61257,2.61607,52.11254,5364.66705,-1.05936,45.08253,6.3882736246261835,2.3798000107684025,0.0
2.66322,2.66693,51.96584,5361.32662,-1.03017,45.08561,6.513335340077889,2.4263887903459374,0.0
2.71385,2.71776,51.82346,5357.90917,-0.99908,45.08874,6.636614663763421,2.472313582093022,0.0
2.76441,2.7686,51.68398,5354.41806,-0.99004,45.15957,6.75927363438394,2.5180072760009176,38.99999933473172
2.81488,2.81948,51.54597,5350.85577,-0.97956,45.23174,6.882592619402904,2.563946842638258,38.99999933473172
2.86525,2.87038,51.40962,5347.22161,-0.96763,45.30526,7.006329158475062,2.6100419591469217,38.99999933473172
2.91552,2.92132,51.27514,5343.51505,-0.95424,45.38014,7.130219766504072,2.656194470395811,38.99999933473172
2.96569,2.9723,51.14272,5339.73573,-0.93939,45.45637,7.25398588097359,2.7023006045181663,38.99999933473172
3.01575,3.0233,51.01257,5335.88343,-0.92309,45.53397,7.377334518691807,2.748251217566188,38.99999933473172
3.06571,3.07435,50.8849,5331.95808,-0.90534,45.61292,7.499959120445889,2.7939321081670374,38.99999933473172
3.11557,3.12543,50.75989,5327.95983,-0.88615,45.69322,7.621540590080017,2.839224404606745,38.99999933473172
3.16531,3.17654,50.63776,5323.88898,-0.86554,45.77486,7.741748532042185,2.884005025848959,38.99999933473172
3.21495,3.22769,50.51869,5319.74604,-0.84353,45.85783,7.860242688519932,2.9281472169058174,38.99999933473172
3.26447,3.27887,50.40288,5315.5317,-0.82013,45.9421,7.976674574090201,2.9715211577880263,38.99999933473172
3.31388,3.3301,50.2905,5311.24688,-0.79538,46.02767,8.09068930227887,3.0139946439463507,38.99999933473172
3.36318,3.38135,50.18175,5306.89269,-0.76931,46.11451,8.20192759470695,3.055433834731435,38.99999933473172
3.41235,3.43265,50.0768,5302.47043,-0.74195,46.20258,8.310027959612647,3.095704064950589,38.99999933473172
3.46141,3.48398,49.97582,5297.98166,-0.71334,46.29186,8.41462902255643,3.1346707131167544,38.99999933473172
3.51034,3.53535,49.87897,5293.42812,-0.68354,46.38232,8.515371988226141,3.1722001185356787,38.99999933473172
3.55915,3.58676,49.78642,5288.81175,-0.65259,46.47391,8.61190320845197,3.208160537959065,38.99999933473172
3.60784,3.6382,49.69831,5284.13473,-0.62054,46.56659,8.703876828042967,3.242423131228287,38.99999933473172
3.6564,3.68968,49.61478,5279.39943,-0.58745,46.66032,8.790957476875029,3.2748629641479963,38.99999933473172
3.70484,3.7412,49.53597,5274.60842,-0.55339,46.75505,8.872822974008303,3.3053600158410075,38.99999933473172
3.75314,3.79275,49.46199,5269.76446,-0.51843,46.85072,8.949167007544766,3.333800177065756,38.99999933473172
3.80132,3.84434,49.39296,5264.87049,-0.48263,46.94728,9.019701752549032,3.360076225460682,38.99999933473172
3.84936,3.89597,49.32898,5259.92964,-0.44606,47.04468,9.08416038874106,3.3840887634510026,38.99999933473172
3.89728,3.94764,49.27014,5254.94518,-0.40882,47.14284,9.142299479891122,3.4057471046359544,38.99999933473172
3.94505,3.99934,49.21652,5249.92055,-0.37097,47.2417,9.193901177942598,3.424970094882518,38.99999933473172
3.9927,4.05108,49.16818,5244.8593,-0.33261,47.34121,9.238775216805974,3.4416868550661484,38.99999933473172
4.0402,4.10285,49.12519,5239.76513,-0.29381,47.44128,9.276760663628131,3.4558374334646595,38.99999933473172
4.08758,4.15467,49.08759,5234.64183,-0.25466,47.54185,9.307727398904378,3.467373357138903,38.99999933473172
4.13481,4.20651,49.0554,5229.49326,-0.21527,47.64285,9.331577301155162,3.4762580732560164,38.99999933473172
4.18191,4.2584,49.02865,5224.32338,-0.17571,47.7442,9.348245116846256,3.4824672731575728,38.99999933473172
4.22887,4.31032,49.00734,5219.13617,-0.13607,47.84584,9.357699001659913,3.4859890939973406,38.99999933473172
4.27569,4.36227,48.99146,5213.93566,-0.09646,47.94768,9.359940725045556,3.486824194941785,38.99999933473172
4.32237,4.41426,48.981,5208.72589,-0.05696,48.04965,9.355005535942917,3.484985707148411,38.99999933473172
4.36891,4.46629,48.97591,5203.51089,-0.01767,48.15168,9.342961693611882,3.480499058987537,38.99999933473172
4.41532,4.51834,48.97616,5198.29467,0.02133,48.25369,9.32390967333526,3.473401680145672,38.99999933473172
4.46158,4.57044,48.9817,5193.0812,0.05994,48.35562,9.297981062404244,3.463742590351056,38.99999933473172
4.50771,4.62256,48.99244,5187.87439,0.09809,48.45738,9.265337166882462,3.4515818803566076,38.99999933473172
4.5537,4.67472,49.00831,5182.67806,0.13567,48.55892,9.226167354274173,3.4369900945402234,38.99999933473172
4.59955,4.72691,49.02922,5177.49596,0.17261,48.66017,9.18068716104962,3.420047525908174,38.99999933473172
4.64526,4.77913,49.05507,5172.33172,0.20883,48.76105,9.129136197215349,3.4008434354924173,38.99999933473172
4.69083,4.83138,49.08574,5167.18885,0.24425,48.8615,9.071775882371892,3.3794752089725133,38.99999933473172
4.73627,4.88367,49.12111,5162.07073,0.27879,48.96147,9.008887049237183,3.356047463925048,38.99999933473172
4.78157,4.93598,49.16105,5156.98061,0.31239,49.06089,8.940767451299347,3.330671121358712,38.99999933473172
4.82674,4.98833,49.20541,5151.92156,0.34498,49.15972,8.8677292110743,3.3034624551231224,38.99999933473172
4.87177,5.0407,49.25405,5146.89651,0.37649,49.25789,8.790096244587005,3.2745421324603226,38.99999933473172
4.91667,5.09311,49.30682,5141.90821,0.40687,49.35537,8.708201696101693,3.24403425837429,38.99999933473172
4.96144,5.14554,49.36354,5136.95925,0.43607,49.4521,8.62238541495299,3.2120654356841483,38.99999933473172
5.00608,5.198,49.42405,5132.05202,0.46402,49.54804,8.532991503651164,3.1787638516288523,38.99999933473172
5.05058,5.25049,49.48817,5127.18875,0.4907,49.64316,8.44036596335561,3.1442584007441168,38.99999933473172
5.09496,5.303,49.55572,5122.37148,0.51605,49.73742,8.344854459440525,3.1086778524768333,38.99999933473172
5.13921,5.35554,49.62651,5117.60207,0.54003,49.83079,8.24680022636811,3.072150070695214,38.99999933473172
5.18333,5.40811,49.70036,5112.88218,0.56263,49.92325,8.14654212739864,3.0348012908797397,38.99999933473172
5.22732,5.4607,49.77706,5108.21332,0.5838,50.01476,8.044412881100897,2.996755459451634,38.99999933473172
5.2712,5.51332,49.85644,5103.5968,0.60353,50.1053,7.940737463075282,2.9581336383726704,38.99999933473172
5.31495,5.56596,49.93827,5099.03377,0.6218,50.19487,7.83583168798651,2.9190534769150376,38.99999933473172
5.35858,5.61863,50.02238,5094.5252,0.63859,50.28344,7.730000973818822,2.8796287513138967,38.99999933473172
5.40209,5.67132,50.10854,5090.0719,0.65388,50.37101,7.623539287492088,2.8399689719816346,38.99999933473172
5.44548,5.72403,50.19658,5085.67452,0.66768,50.45757,7.5167282683547025,2.8001790569859057,38.99999933473172
5.48875,5.77677,50.28627,5081.33357,0.67997,50.5431,7.409836523937507,2.760359069699437,38.99999933473172
5.53191,5.82953,50.37742,5077.04939,0.69076,50.62762,7.303119090392017,2.7206040177990745,38.99999933473172
5.57496,5.88231,50.46982,5072.8222,0.70005,50.71111,7.196817048581292,2.6810037102495263,38.99999933473172
5.61789,5.93512,50.56329,5068.65209,0.70785,50.79359,7.091157285510916,2.6416426684301286,38.99999933473172
5.66071,5.98794,50.65761,5064.53901,0.71416,50.87506,6.986352389960747,2.6026000872549258,38.99999933473172
5.70343,6.04079,50.7526,5060.4828,0.719,50.95553,6.8826006705276015,2.563949841894046,38.99999933473172
5.74603,6.09366,50.84805,5056.4832,0.72238,51.035,6.780086283999971,2.5257605355966586,38.99999933473172
5.78853,6.14654,50.94378,5052.53983,0.72431,51.11349,6.678979461838792,2.488095584061021,38.99999933473172
5.83092,6.19945,51.0396,5048.65223,0.72482,51.19101,6.579436822734963,2.45101333187038,38.99999933473172
5.87321,6.25238,51.13532,5044.81982,0.72393,51.26758,6.4816017594065665,2.4145671965851108,38.99999933473172
5.9154,6.30533,51.23076,5041.04199,0.72166,51.34321,6.38560488833273,2.378805836280413,38.99999933473172
5.95748,6.3583,51.32574,5037.31801,0.71803,51.41792,6.29156455162128,2.343773336505223,38.99999933473172
5.99947,6.41128,51.42008,5033.6471,0.71308,51.49174,6.1995873608811385,2.309509412888983,38.99999933473172
6.04136,6.46429,51.51361,5030.02841,0.70682,51.56467,6.109768773690415,2.2760496258911775,38.99999933473172
6.08315,6.51731,51.60618,5026.46103,0.69929,51.63675,6.022193693998256,2.2434256044668235,38.99999933473172
6.12484,6.57035,51.6976,5022.94402,0.69051,51.708,5.936937088599023,2.2116652757193136,38.99999933473172
6.16644,6.62342,51.78772,5019.47636,0.68052,51.77843,5.85406461259478,2.180793097901658,38.99999933473172
6.20795,6.6765,51.8764,5016.05701,0.66935,51.84808,5.773633237551317,2.1508302944211235,38.99999933473172
6.24936,6.72959,51.96347,5012.68488,0.65704,51.91697,5.695691876815103,2.12179508678626,38.99999933473172
6.29068,6.78271,52.04879,5009.35887,0.64361,51.98513,5.6202820031766905,2.093702924702761,38.99999933473172
6.33192,6.83584,52.13223,5006.07781,0.6291,52.05257,5.547438254782257,2.066566711791464,38.99999933473172
6.37306,6.88899,52.21364,5002.84055,0.61354,52.11933,5.4771890258102784,2.040397025630945,38.99999933473172
6.41412,6.94216,52.2929,4999.64587,0.59697,52.18543,5.409557039070046,2.0152023310655394,38.99999933473172
6.45508,6.99535,52.36987,4996.49257,0.57942,52.25091,5.3445598981888045,1.9909891859095745,38.99999933473172
6.49597,7.04855,52.44444,4993.37941,0.56093,52.31578,5.282210617585548,1.9677624383765564,38.99999933473172
6.53676,7.10177,52.51649,4990.30514,0.54154,52.38008,5.222518128864002,1.9455254157238764,38.99999933473172
6.57748,7.15501,52.5859,4987.26851,0.52127,52.44383,5.165487762652672,1.9242801037509119,38.99999933473172
6.6181,7.20826,52.65257,4984.26823,0.50017,52.50706,5.111121705282271,1.9040273169233766,38.99999933473172
6.65865,7.26153,52.7164,4981.30303,0.47827,52.5698,5.059419429980842,1.8847668590048592,38.99999933473172
6.69912,7.31482,52.77728,4978.37161,0.4556,52.63208,5.010378102542147,1.8664976741789614,38.99999933473172
6.7395,7.36813,52.83513,4975.47268,0.43221,52.69392,4.96399296161904,1.8492179887185929,38.99999933473172
6.7798,7.42145,52.88985,4972.60493,0.40813,52.75536,4.920257674012075,1.8329254433403255,38.99999933473172
6.82002,7.47479,52.94136,4969.76706,0.38339,52.81641,4.879164665438394,1.817617216424501,38.99999933473172
6.86019,7.52813,52.99081,4966.95554,0.37675,52.82421,4.839872071735661,1.8029796914198712,0.0
6.90033,7.58145,53.03931,4964.16747,0.36936,52.83205,4.801571791055871,1.788711829125615,0.0
6.94044,7.63474,53.08678,4961.40248,0.36123,52.83993,4.764309543191297,1.7748306613673133,0.0
6.98052,7.68802,53.13312,4958.66016,0.35239,52.84786,4.728127011567386,1.7613517163177028,0.0
7.02056,7.74128,53.17824,4955.94007,0.34285,52.85583,4.693062942764644,1.7482894280975065,0.0
7.06058,7.79452,53.22206,4953.24176,0.33263,52.86385,4.659153279976724,1.7356571864920805,0.0
7.10057,7.84774,53.26448,4950.56473,0.32174,52.87191,4.626431299276038,1.7234673877139464,0.0
7.14053,7.90094,53.30543,4947.90848,0.31022,52.88002,4.594927747481343,1.7117314857620878,0.0
7.18046,7.95412,53.34483,4945.27249,0.29809,52.88817,4.564670980512419,1.7004600439627122,0.0
7.22037,8.00729,53.38259,4942.65618,0.28535,52.89637,4.535687101237559,1.6896627863210656,0.0
7.26024,8.06043,53.41865,4940.05901,0.27205,52.90461,4.508000095888776,1.67934864833969,0.0
7.30008,8.11356,53.45294,4937.48038,0.25819,52.9129,4.48163196822486,1.6695258269976871,0.0
7.3399,8.16668,53.48538,4934.91967,0.24381,52.92123,4.456602870712289,1.6602018296190644,0.0
7.37969,8.21977,53.51591,4932.37628,0.22892,52.9296,4.432931232066178,1.6513835213850898,0.0
7.41945,8.27285,53.54448,4929.84956,0.21356,52.93802,4.410633880579039,1.6430771712775047,0.0
7.45918,8.32591,53.57102,4927.33885,0.19774,52.94649,4.389726162725479,1.6352884962618885,0.0
7.49888,8.37896,53.59548,4924.84348,0.18148,52.955,4.370222056606574,1.6280227035486783,0.0
7.53856,8.43198,53.6178,4922.36279,0.16482,52.96356,4.352134279854423,1.6212845307904538,0.0
7.57821,8.485,53.63794,4919.89606,0.14778,52.97216,4.335474391663299,1.6150782840912201,0.0
7.61782,8.53799,53.65585,4917.44259,0.13038,52.98081,4.320252888672154,1.6094078737251711,0.0
7.65742,8.59098,53.6715,4915.00167,0.11265,52.9895,4.3064792944659525,1.6042768474782865,0.0
7.69698,8.64394,53.68483,4912.57256,0.09461,52.99823,4.294162242488171,1.599688421535421,0.0
7.73652,8.69689,53.69582,4910.15452,0.0763,53.00702,4.283309552199326,1.5956455088513588,0.0
7.77603,8.74983,53.70444,4907.7468,0.05772,53.01584,4.2739282983562665,1.5921507449591747,0.0
7.81551,8.80275,53.71065,4905.34863,0.03892,53.02472,4.26602487327839,1.5892065111660367,0.0
7.85496,8.85566,53.71443,4902.95924,0.01992,53.03363,4.2596050420240035,1.5868149551078512,0.0
7.89439,8.90855,53.71575,4900.57785,0.00073,53.0426,4.254673990387293,1.5849780086293994,0.0
7.93379,8.96143,53.71461,4898.20367,-0.0186,53.0516,4.251236365660862,1.5836974029694542,0.0
7.97316,9.01429,53.71098,4895.8359,-0.03806,53.06066,4.249296310104811,1.5829746812288914,0.0
8.01251,9.06714,53.70485,4893.47372,-0.05761,53.06975,4.248857487082159,1.5828112081068249,0.0
8.05182,9.11998,53.69621,4891.11632,-0.07724,53.0789,4.249923099818298,1.5832081768889952,0.0
8.09111,9.1728,53.68507,4888.76287,-0.09691,53.08808,4.252495902762189,1.5841666136801138,0.0
8.13038,9.22561,53.67141,4886.41254,-0.11661,53.09732,4.2565782055068615,1.5856873788643537,0.0
8.16961,9.2784,53.65523,4884.06449,-0.13629,53.1066,4.262171869263418,1.5877711657918223,0.0
8.20882,9.33118,53.63656,4881.71786,-0.15594,53.11592,4.269278295850282,1.5904184966767665,0.0
8.248,9.38395,53.61538,4879.37179,-0.17553,53.12529,4.277898409199021,1.593629715708004,0.0
8.28716,9.4367,53.59171,4877.02543,-0.19503,53.1347,4.288032629348585,1.5974049793610967,0.0
8.32628,9.48944,53.56558,4874.6779,-0.21442,53.14415,4.299680838938287,1.6017442439161005,0.0
8.36538,9.54217,53.53699,4872.32833,-0.23367,53.15366,4.312842342191264,1.6066472501778264,0.0
8.40446,9.59488,53.50598,4869.97582,-0.25275,53.1632,4.327515816404387,1.6121135054045577,0.0
8.4435,9.64758,53.47256,4867.61949,-0.27163,53.17279,4.3436992559675085,1.6181422624537423,0.0
8.48252,9.70027,53.43676,4865.25844,-0.29029,53.18243,4.3613899089491985,1.6247324961585154,0.0
8.52151,9.75294,53.39862,4862.89178,-0.30871,53.19211,4.380584206310818,1.6318828769580773,0.0
8.56047,9.8056,53.35817,4860.5186,-0.32685,53.20183,4.401277683822792,1.63959174180945,0.0
8.5994,9.85825,53.31545,4858.13798,-0.34469,53.2116,4.423464896787212,1.647857062419404,0.0
8.63831,9.91088,53.2705,4855.74902,-0.36221,53.22141,4.447139327713914,1.6566764108513674,0.0
8.67719,9.9635,53.22337,4853.35081,-0.37937,53.23127,4.472293287103417,1.6660469225644612,0.0
8.71604,10.01611,53.17411,4850.94242,-0.39615,53.24116,4.498917807569741,1.6759652569714614,0.0
8.75486,10.0687,53.12277,4848.52294,-0.41253,53.25111,4.527002531541489,1.6864275556044983,0.0
8.79365,10.12128,53.06941,4846.09145,-0.42847,53.2611,4.556535592872766,1.6974293980120099,0.0
8.83242,10.17384,53.01407,4843.64703,-0.44396,53.27113,4.58750349271886,1.708965755519164,0.0
8.87116,10.22639,52.95683,4841.18877,-0.45897,53.2812,4.619890970122173,1.7210309430177146,0.0
8.90987,10.27893,52.89775,4838.71575,-0.47347,53.29132,4.653680867803006,1.7336185689695407,0.0
8.94855,10.33145,52.8369,4836.22706,-0.48744,53.30148,4.688853993751769,1.7467214838460965,0.0
8.9872,10.38396,52.77435,4833.72181,-0.50085,53.31168,4.725388979272033,1.7603317272457188,0.0
9.02582,10.43645,52.71017,4831.19908,-0.51369,53.32192,4.763262134247954,1.7744404739769304,0.0
9.06441,10.48893,52.64443,4828.658,-0.52592,53.33221,4.802447300464123,1.7890379794162277,0.0
9.10297,10.5414,52.57723,4826.09767,-0.53752,53.34254,4.842915703943671,1.8041135245001383,0.0
9.14151,10.59385,52.50864,4823.51724,-0.54847,53.35292,4.884635807342326,1.819655360738123,0.0
9.18001,10.64629,52.43874,4820.91584,-0.55876,53.36333,4.927573163563323,1.8356506556802796,0.0
9.21849,10.69871,52.36763,4818.29263,-0.56834,53.37379,4.971690271852369,1.8520854393089294,0.0
9.25693,10.75111,52.29539,4815.64679,-0.57722,53.38429,5.0169464377493815,1.8689445518669563,0.0
9.29534,10.8035,52.22212,4812.97751,-0.58536,53.39483,5.063297638371916,1.8862115936723378,0.0
9.33373,10.85588,52.14791,4810.284,-0.59275,53.40541,5.110696394617189,1.9038688775100365,0.0
9.37208,10.90823,52.07286,4807.56549,-0.59937,53.41603,5.1590916519793275,1.9218973842332903,0.0
9.4104,10.96057,51.99707,4804.82126,-0.6052,53.42669,5.2084286717355655,1.9402767222276058,0.0
9.44869,11.0129,51.92064,4802.05059,-0.61023,53.4374,5.258648934381487,1.9589850914378475,0.0
9.48695,11.06521,51.84367,4799.25279,-0.61443,53.44814,5.309690057243413,1.9779992526766832,0.0
9.52518,11.1175,51.76628,4796.42722,-0.6178,53.45893,5.361485728252205,1.9972945029535831,0.0
9.56337,11.16977,51.68855,4793.57326,-0.62033,53.46975,5.413965657909831,2.0168446575811023,0.0
9.60154,11.22203,51.61062,4790.69034,-0.62199,53.48062,5.467055551496857,2.0366220398214394,0.0
9.63967,11.27427,51.53257,4787.77791,-0.62278,53.49152,5.5206771035498345,2.0565974788291195,0.0
9.67777,11.32649,51.45453,4784.83548,-0.6227,53.50247,5.57474801663456,2.076740316644527,0.0
9.71583,11.3787,51.37661,4781.8626,-0.62173,53.51345,5.6291820463365045,2.097018424954021,0.0
9.75386,11.43088,51.29891,4778.85887,-0.61986,53.52447,5.683889074360912,2.1173982323216514,0.0
9.79186,11.48305,51.22155,4775.82394,-0.6171,53.53554,5.738775211422609,2.1378447625183137,0.0
9.82983,11.53519,51.14464,4772.7575,-0.61344,53.54664,5.793742931524396,2.158321684543988,0.0
9.86776,11.58732,51.06829,4769.6593,-0.60888,53.55777,5.8486912389641645,2.178791374842284,0.0
9.90565,11.63942,50.99262,4766.52917,-0.60342,53.56895,5.903515869214107,2.1992149921332262,0.0
9.94352,11.69151,50.91773,4763.36697,-0.59706,53.58017,5.958109524489603,2.2195525651688706,0.0
9.98134,11.74358,50.84374,4760.17264,-0.58981,53.59142,6.012362144569582,2.239763093621008,0.0
10.01914,11.79562,50.77076,4756.94617,-0.58168,53.60271,6.06616121302205,2.2598046621582366,0.0
10.05689,11.84765,50.6989,4753.68762,-0.57267,53.61403,6.119392098650773,2.27963456764383,0.0
10.09461,11.89965,50.62826,4750.39713,-0.56279,53.6254,6.171938431526313,2.299209459217196,0.0
10.1323,11.95163,50.55895,4747.0749,-0.55207,53.6368,6.223682512560254,2.3184854908710495,0.0
10.16995,12.00359,50.49108,4743.72118,-0.5405,53.64823,6.274505755085643,2.3374184859517486,0.0
10.20756,12.05552,50.42474,4740.33632,-0.52812,53.65971,6.32428915646986,2.355964112847493,0.0
10.24514,12.10744,50.36003,4736.92072,-0.51493,53.67121,6.372913797261636,2.374078070933728,0.0
10.28267,12.15933,50.29706,4733.47488,-0.50097,53.68276,6.420261364950202,2.391716285687202,0.0
10.32018,12.21119,50.2359,4729.99933,-0.48625,53.69434,6.466214698891801,2.4088351116854327,0.0
10.35764,12.26304,50.17666,4726.49471,-0.4708,53.70595,6.510658352549953,2.425391542056,0.0
10.39506,12.31486,50.11942,4722.9617,-0.45465,53.7176,6.55347916876606,2.4413434227799833,0.0
10.43245,12.36665,50.06426,4719.40107,-0.43783,53.72929,6.594566863375059,2.4566496701041443,0.0
10.4698,12.41842,50.01126,4715.81366,-0.42037,53.74101,6.633814612204485,2.471270489213528,0.0
10.50711,12.47016,49.96049,4712.20036,-0.40231,53.75276,6.671119636155767,2.4851675921896352,0.0
10.54439,12.52188,49.91202,4708.56213,-0.38367,53.76455,6.706383778913565,2.4983044132223524,0.0
10.58162,12.57358,49.86592,4704.90001,-0.36451,53.77637,6.739514071675879,2.5106463189867796,0.0
10.61881,12.62525,49.82224,4701.21509,-0.34485,53.78822,6.770423279223168,2.522160812068341,0.0
10.65597,12.67689,49.78105,4697.50849,-0.32474,53.80011,6.799030421728947,2.5328177253509643,0.0
10.69308,12.7285,49.74238,4693.78144,-0.30423,53.81203,6.825261266771579,2.5425894053044145,0.0
10.73016,12.78009,49.70629,4690.03516,-0.28334,53.82399,6.8490487862480816,2.551450882196719,0.0
10.76719,12.83166,49.67281,4686.27096,-0.26214,53.83598,6.870333573190965,2.5593800253693924,0.0
10.80419,12.88319,49.64198,4682.49018,-0.24067,53.848,6.889064213838906,2.5663576818435665,0.0
10.84114,12.9347,49.61382,4678.69419,-0.21897,53.86006,6.905197610778855,2.5723677966989187,0.0
10.87806,12.98618,49.58834,4674.88441,-0.19708,53.87214,6.918699253531986,2.577397513874061,0.0
10.91493,13.03763,49.56558,4671.06226,-0.17507,53.88426,6.929543433523905,2.581437256248599,0.0
10.95177,13.08906,49.54553,4667.22922,-0.15298,53.89641,6.937713401018688,2.584480784105188,0.0
10.98856,13.14046,49.52819,4663.38676,-0.13085,53.9086,6.943201462334926,2.58652523134507,0.0
11.02531,13.19183,49.51357,4659.53639,-0.10874,53.92081,6.946009016318915,2.587571119075297,0.0
11.06202,13.24317,49.50166,4655.67961,-0.0867,53.93306,6.94614652984722,2.5876223464827897,0.0
11.09869,13.29449,49.49243,4651.81793,-0.06478,53.94534,6.943633452822416,2.5866861591680137,0.0
11.13532,13.34577,49.48587,4647.95285,-0.04301,53.95766,6.938498073881078,2.5847730953924133,0.0
11.1719,13.39703,49.48195,4644.08589,-0.02146,53.97,6.930777318736207,2.581896910955655,0.0
11.20845,13.44826,49.48064,4640.21852,-0.00017,53.98238,6.920516493700059,2.578074483651135,0.0
11.24495,13.49947,49.4819,4636.35224,0.02081,53.99478,6.907768977637078,2.5733256985103408,0.0
11.28141,13.55064,49.48568,4632.4885,0.04144,54.00722,6.892595866035957,2.567673315210329,0.0
11.31784,13.60179,49.49193,4628.62872,0.06167,54.01969,6.8750655714862265,2.561142819240746,0.0
11.35422,13.6529,49.5006,4624.77431,0.08146,54.0322,6.855253385180511,2.5537622585518713,0.0
11.39055,13.70399,49.51164,4620.92665,0.10077,54.04473,6.833241004436924,2.54556206754429,0.0
11.42685,13.75506,49.52496,4617.08705,0.11955,54.0573,6.809116031459227,2.5365748803438564,0.0
11.46311,13.80609,49.54051,4613.25682,0.13777,54.06989,6.782971448716554,2.5268353353668376,0.0
11.49932,13.8571,49.55822,4609.43721,0.1554,54.08252,6.754905076430365,2.5163798732195337,0.0
11.5355,13.90807,49.57799,4605.62941,0.17238,54.09518,6.725019017589265,2.5052465299516897,0.0
11.57163,13.95903,49.59976,4601.83458,0.1887,54.10788,6.69341909589718,2.4934747276774085,0.0
11.60772,14.00995,49.62343,4598.05382,0.20432,54.1206,6.660214291837196,2.4811050644940886,0.0
11.64377,14.06084,49.64892,4594.28817,0.21921,54.13336,6.625516181872312,2.4681791055699507,0.0
11.67978,14.11171,49.67613,4590.53863,0.23334,54.14614,6.589438385450659,2.45473917713893,0.0
11.71575,14.16256,49.70497,4586.80613,0.24668,54.15896,6.552096024235784,2.4408281650497323,0.0
11.75168,14.21337,49.73534,4583.09155,0.25923,54.17181,6.513605197514606,2.426489319341491,0.0
11.78757,14.26416,49.76714,4579.3957,0.27094,54.1847,6.474082477402401,2.4117660661943425,0.0
11.82339,14.31495,49.79832,4575.72313,0.24927,54.28027,6.435419598030505,2.3973631263467303,42.999999266499074
11.85909,14.36577,49.82684,4572.07698,0.22697,54.37547,6.399446040691451,2.383962029716674,42.999999266499074
11.89468,14.41661,49.85263,4568.4559,0.20409,54.47035,6.366175447209401,2.371567858242611,42.999999266499074
11.93016,14.46748,49.87564,4564.85851,0.18066,54.56492,6.335620699704266,2.360185410853156,42.999999266499074
11.96553,14.51837,49.8958,4561.28343,0.15671,54.65923,6.307792984170327,2.349818854625502,42.999999266499074
12.00079,14.56929,49.91305,4557.72926,0.13229,54.75331,6.282702013347242,2.340471807810728,42.999999266499074
12.03594,14.62024,49.92735,4554.19458,0.10743,54.8472,6.260356230475985,2.332147415738252,42.999999266499074
12.07098,14.67121,49.93865,4550.67796,0.08217,54.94092,6.240762993920054,2.324848419592087,42.999999266499074
12.10591,14.72221,49.94692,4547.17796,0.05655,55.03452,6.223928742660918,2.3185772180622504,42.999999266499074
12.14074,14.77324,49.9521,4543.69312,0.0306,55.12803,6.209859142726265,2.313335921893138,42.999999266499074
12.17546,14.82429,49.95419,4540.22197,0.00437,55.22148,6.198559214621072,2.3091264013549515,42.999999266499074
12.21007,14.87536,49.95313,4536.76303,-0.02211,55.31491,6.190033441853274,2.305950326672364,42.999999266499074
12.24457,14.92647,49.94893,4533.31481,-0.0488,55.40836,6.184285860651921,2.303809201446898,42.999999266499074
12.27896,14.97759,49.94154,4529.87581,-0.07566,55.50185,6.181320130954775,2.302704389101666,42.999999266499074
12.31325,15.02874,49.93098,4526.4445,-0.10266,55.59543,6.181139588747124,2.302637132378965,42.999999266499074
12.34743,15.07992,49.91721,4523.01935,-0.12974,55.68914,6.183747279813699,2.303608565913745,42.999999266499074
12.3815,15.13112,49.90025,4519.59883,-0.15688,55.783,6.1891459749416216,2.305619721897114,42.999999266499074
12.41547,15.18235,49.88009,4516.18139,-0.18404,55.87706,6.19733816659937,2.308671528839161,42.999999266499074
12.44932,15.2336,49.85673,4512.76546,-0.21117,55.97134,6.208326047084023,2.312764803428229,42.999999266499074
12.48307,15.28488,49.83019,4509.34947,-0.23825,56.0659,6.222111468119616,2.3179002354802445,42.999999266499074
12.51671,15.33618,49.80049,4505.93184,-0.26522,56.16076,6.2386958818689875,2.3240783659640734,42.999999266499074
12.55024,15.38751,49.76763,4502.51097,-0.29205,56.25596,6.258080263300724,2.3312995580811666,42.999999266499074
12.58366,15.43886,49.73165,4499.08525,-0.3187,56.35154,6.280265013844414,2.3395639613746084,42.999999266499074
12.61698,15.49024,49.69256,4495.65308,-0.34513,56.44753,6.305249846268765,2.3488714688431847,42.999999266499074
12.65018,15.54164,49.65042,4492.21282,-0.37131,56.54397,6.333033650724791,2.3592216670389465,42.999999266499074
12.68328,15.59307,49.60524,4488.76284,-0.39719,56.64091,6.363614341900411,2.3706137791282753,42.999999266499074
12.71626,15.64452,49.55708,4485.30151,-0.42273,56.73836,6.39698868726316,2.3830466009077758,42.999999266499074
12.74913,15.696,49.50598,4481.82717,-0.4479,56.83639,6.43315211641456,2.396518429783759,42.999999266499074
12.78189,15.7475,49.45199,4478.33816,-0.47266,56.93501,6.472098511614239,2.4110269867369705,42.999999266499074
12.81454,15.79902,49.39517,4474.83283,-0.49696,57.03427,6.513819979614448,2.4265693313249392,42.999999266499074
12.84708,15.85057,49.33557,4471.3095,-0.52077,57.13421,6.558306605028456,2.443141769805218,42.999999266499074
12.8795,15.90215,49.27327,4467.76651,-0.54405,57.23486,6.605546185550641,2.4607397564979014,42.999999266499074
12.91181,15.95375,49.20833,4464.20218,-0.56675,57.33626,6.655523949473034,2.479357788553103,42.999999266499074
12.944,16.00537,49.14082,4460.61483,-0.58885,57.43845,6.70822225610146,2.4989892943480894,42.999999266499074
12.97608,16.05702,49.07083,4457.0028,-0.6103,57.54146,6.763620279817892,2.519626515792189,42.999999266499074
13.00804,16.10869,48.99843,4453.36442,-0.63107,57.64533,6.821693678736335,2.541260384892397,42.999999266499074
13.03989,16.16039,48.92371,4449.69801,-0.65112,57.7501,6.882414249116621,2.5638803950134132,42.999999266499074
13.07161,16.21211,48.84676,4446.00192,-0.6704,57.85581,6.9457495669268825,2.587474467350241,42.999999266499074
13.10322,16.26385,48.76768,4442.27451,-0.68889,57.96249,7.011662618218445,2.6120288132331035,42.999999266499074
13.1347,16.31562,48.68657,4438.51413,-0.70654,58.07017,7.080111420249658,2.637527792986103,42.999999266499074
13.16606,16.36742,48.60352,4434.71917,-0.72332,58.1789,7.151048635598173,2.663953772173892,42.999999266499074
13.1973,16.41923,48.51865,4430.88803,-0.7392,58.2887,7.224421181843552,2.691286976198177,42.999999266499074
13.22842,16.47107,48.43207,4427.01914,-0.75414,58.39962,7.3001698397266495,2.7195053443267705,42.999999266499074
13.25941,16.52294,48.34389,4423.11092,-0.76811,58.51167,7.378228863059992,2.748584384374954,42.999999266499074
13.29027,16.57483,48.25422,4419.16188,-0.78106,58.62491,7.458525594024146,2.7784970293932454,42.999999266499074
13.32101,16.62674,48.16321,4415.17052,-0.79299,58.73935,7.540980087870356,2.809213497859262,42.999999266499074
13.35162,16.67867,48.07095,4411.13539,-0.80384,58.85504,7.625504751407177,2.8407011590044733,42.999999266499074
13.3821,16.73063,47.97759,4407.05508,-0.81359,58.97199,7.712004000013141,2.872924405042401,42.999999266499074
13.41244,16.78261,47.88326,4402.92825,-0.82222,59.09024,7.800373938280809,2.9058445322001205,42.999999266499074
13.44266,16.83461,47.78809,4398.75359,-0.8297,59.20982,7.890502069701087,2.939419632568034,42.999999266499074
13.47273,16.88664,47.69222,4394.52985,-0.83599,59.33075,7.982267041103357,2.9736044988970898,42.999999266499074
13.50268,16.93869,47.59579,4390.25586,-0.84109,59.45305,8.075538427794434,3.0083505445573993,42.999999266499074
13.53248,16.99076,47.49893,4385.9305,-0.84496,59.57675,8.170176565530554,3.04360574094337,42.999999266499074
13.56215,17.04285,47.4018,4381.55274,-0.84759,59.70187,8.266032435568556,3.079314574652259,42.999999266499074
13.59167,17.09496,47.30454,4377.12163,-0.84897,59.82843,8.362947609103488,3.1154180267857057,42.999999266499074
13.62106,17.1471,47.20729,4372.6363,-0.84906,59.95645,8.460754257307643,3.1518535766895477,42.999999266499074
13.65029,17.19926,47.1102,4368.09597,-0.84787,60.08594,8.559275233036503,3.1885552323914323,42.999999266499074
13.67939,17.25144,47.01342,4363.49998,-0.84538,60.2169,8.65832423001234,3.22545358990089,42.999999266499074
13.70834,17.30363,46.91711,4358.84774,-0.84159,60.34936,8.757706024866872,3.2624759233766003,42.999999266499074
13.73713,17.35585,46.82141,4354.13881,-0.83648,60.48332,8.857216806902139,3.299546307970993,42.999999266499074
13.76578,17.40809,46.72646,4349.37283,-0.83007,60.61879,8.956644599756032,3.336585776911746,42.999999266499074
13.79428,17.46035,46.63243,4344.54958,-0.82234,60.75576,9.055769778340307,3.373512514074805,42.999999266499074
13.82262,17.51263,46.53945,4339.66896,-0.81331,60.89423,9.154365683478256,3.4102420829530855,42.999999266499074
13.85081,17.56492,46.44768,4334.731,-0.80297,61.03421,9.252199335550799,3.4466876925084176,42.999999266499074
13.87884,17.61724,46.35726,4329.73587,-0.79135,61.17568,9.349032247247704,3.48276049994276,42.999999266499074
13.90672,17.66957,46.26833,4324.68386,-0.77846,61.31863,9.444621334198184,3.5183699499320604,42.999999266499074
13.93443,17.72192,46.18104,4319.57542,-0.76432,61.46305,9.538719920772046,3.553424149313646,42.999999266499074
13.96199,17.77429,46.09551,4314.41115,-0.74894,61.60892,9.63107883685752,3.587830275664822,42.999999266499074
13.98938,17.82667,46.0119,4309.19176,-0.73235,61.75623,9.72144759979134,3.6214950176029235,42.999999266499074
14.01661,17.87907,45.93032,4303.91814,-0.71459,61.90494,9.809575674086505,3.6543250440670616,42.999999266499074
14.04367,17.93149,45.85091,4298.59131,-0.69568,62.05502,9.895213799891401,3.686227499204087,42.999999266499074
14.07056,17.98392,45.77379,4293.21246,-0.67566,62.20646,9.978115379659798,3.7171105189396565,42.999999266499074
14.09729,18.03636,45.69907,4287.7829,-0.65457,62.35921,10.05803791095606,3.7468837647358733,42.999999266499074
14.12384,18.08882,45.62687,4282.30409,-0.63246,62.51324,10.134744451977943,3.775458969537087,42.999999266499074
14.15023,18.14129,45.5573,4276.77765,-0.60937,62.6685,10.20800510517562,3.802750490457018,42.999999266499074
14.17644,18.19378,45.49045,4271.20532,-0.58535,62.82494,10.277598503339027,3.8286758623853974,42.999999266499074
14.20248,18.24627,45.42642,4265.58898,-0.56045,62.98254,10.343313281691021,3.8531563463813954,42.999999266499074
14.22835,18.29878,45.3653,4259.93063,-0.53474,63.14122,10.404949519069326,3.8761174665518228,42.999999266499074
14.25404,18.3513,45.30718,4254.23242,-0.50828,63.30094,10.462320130989676,3.8974895290038014,42.999999266499074
14.27955,18.40383,45.25211,4248.49659,-0.48111,63.46164,10.51525219745298,3.9172081164878714,42.999999266499074
14.30489,18.45636,45.20017,4242.72549,-0.45333,63.62326,10.563588208766642,3.9352145524992097,42.999999266499074
14.33004,18.50891,45.15142,4236.92159,-0.42498,63.78574,10.60718721334894,3.9514563288649676,42.999999266499074
14.35502,18.56146,45.10591,4231.08743,-0.39614,63.94902,10.645925852450853,3.9658874912053683,42.999999266499074
14.37982,18.61402,45.06368,4225.22564,-0.36688,64.11303,10.679699268160439,3.978468977189238,42.999999266499074
14.40444,18.66659,45.02476,4219.33893,-0.33728,64.27771,10.708421872573801,3.989168903070421,42.999999266499074
14.42888,18.71916,44.98917,4213.43006,-0.3074,64.44298,10.732027967882335,3.997962794686598,42.999999266499074
14.45314,18.77174,44.95694,4207.50183,-0.27734,64.60878,10.750472209273418,4.004833759901976,42.999999266499074
14.47722,18.82432,44.92808,4201.55712,-0.24715,64.77504,10.763729904674845,4.009772600269967,42.999999266499074
14.50111,18.87691,44.90257,4195.59879,-0.21693,64.94168,10.771797147808376,4.012777860599149,42.999999266499074
14.52482,18.92949,44.88042,4189.62974,-0.18675,65.10864,10.774690783434947,4.013855816006182,42.999999266499074
14.54835,18.98208,44.8616,4183.65287,-0.15668,65.27584,10.772448206084027,4.013020396937203,42.999999266499074
14.5717,19.03468,44.84608,4177.67108,-0.1268,65.44321,10.765126995977136,4.010293053539755,42.999999266499074
14.59487,19.08727,44.83384,4171.68724,-0.0972,65.61068,10.752804398163036,4.005702561626942,42.999999266499074
14.61785,19.13986,44.82484,4165.7042,-0.06793,65.77818,10.735576653049065,3.999284773282733,42.999999266499074
14.64066,19.19245,44.81901,4159.72477,-0.03909,65.94565,10.713558188419192,3.9910823158674322,42.999999266499074
14.66328,19.24504,44.8163,4153.75169,-0.01073,66.11301,10.686880684866525,3.9811442438667006,42.999999266499074
14.68572,19.29763,44.81665,4147.78767,0.01706,66.28021,10.655692027961221,3.969525648546524,42.999999266499074
14.70798,19.35021,44.81998,4141.83533,0.04423,66.44716,10.62015516170322,3.9562872308341928,42.999999266499074
14.73006,19.40279,44.82622,4135.89723,0.0707,66.61383,10.580446858711248,3.941494843181352,42.999999266499074
14.75196,19.45537,44.83526,4129.97582,0.09641,66.78013,10.536756423188269,3.9252190063844985,42.999999266499074
14.77368,19.50794,44.84703,4124.07347,0.12131,66.94603,10.489284342949224,3.9075344074298486,42.999999266499074
14.79523,19.56051,44.86142,4118.19246,0.14533,67.11146,10.43824090684502,3.8885193844473993,42.999999266499074
14.8166,19.61307,44.87833,4112.33495,0.16841,67.27637,10.383844803590302,3.8682554047374023,42.999999266499074
14.83779,19.66563,44.89765,4106.50299,0.19052,67.44071,10.32632171743491,3.846826541621032,42.999999266499074
14.8588,19.71818,44.91926,4100.69852,0.21159,67.60444,10.265902935398673,3.8243189555987023,42.999999266499074
14.87964,19.77072,44.94304,4094.92335,0.23159,67.76751,10.202823979748777,3.800820384911905,42.999999266499074
14.90031,19.82325,44.96887,4089.1792,0.25047,67.92989,10.137323278290694,3.7764196501915914,42.999999266499074
14.92081,19.87577,44.99663,4083.46762,0.2682,68.09154,10.069640883764652,3.751206177399663,42.999999266499074
14.94113,19.92829,45.02617,4077.79008,0.28474,68.25242,10.000017252238798,3.7252695427482854,42.999999266499074
14.96128,19.98079,45.05738,4072.14789,0.30007,68.4125,9.928692089018298,3.698699042770658,42.999999266499074
14.98127,20.03328,45.09011,4066.54225,0.31414,68.57177,9.855903269068527,3.671583292150251,42.999999266499074
15.00108,20.08577,45.12422,4060.97423,0.32695,68.73019,9.781885837520353,3.644009851382722,42.999999266499074
15.02073,20.13824,45.15958,4055.44477,0.33847,68.88774,9.706871094442217,3.616064885829438,42.999999266499074
15.04022,20.1907,45.19604,4049.95471,0.34869,69.04442,9.631085766597728,3.587832857175381,42.999999266499074
15.05954,20.24315,45.23347,4044.50473,0.35759,69.20019,9.554751267727962,3.5593962478648487,42.999999266499074
15.07869,20.29559,45.27172,4039.09542,0.36517,69.35507,9.478083047607505,3.530835318607701,42.999999266499074
15.09769,20.34802,45.31065,4033.72726,0.37141,69.50903,9.401290029068836,3.5022278986561237,42.999999266499074
15.11652,20.40043,45.35012,4028.40057,0.37632,69.66207,9.324574131226141,3.4736492081929655,42.999999266499074
15.13519,20.45283,45.38998,4023.11562,0.37989,69.81419,9.248129876198922,3.4451717118259233,42.999999266499074
15.15371,20.50522,45.43009,4017.87252,0.38213,69.9654,9.172144075997783,3.4168650019442697,42.999999266499074
15.17207,20.55759,45.47032,4012.67132,0.38305,70.11569,9.096795595524538,3.388795710430147,42.999999266499074
15.19027,20.60995,45.51053,4007.51193,0.38266,70.26508,9.022255187188819,3.3610274470489108,42.999999266499074
15.20832,20.6623,45.55057,4002.39421,0.38096,70.41357,8.94868539227041,3.333620762703998,42.999999266499074
15.22621,20.71463,45.59032,3997.31788,0.37797,70.56117,8.876240503825716,3.306633135618615,42.999999266499074
15.24395,20.76694,45.62964,3992.2826,0.37371,70.7079,8.805066585822557,3.280118978463949,42.999999266499074
15.26154,20.81925,45.66839,3987.28795,0.36819,70.85378,8.735301543037611,3.2541296643978055,42.999999266499074
15.27898,20.87153,45.70646,3982.33341,0.36145,70.99881,8.667075236283662,3.22871356998979,42.999999266499074
15.29628,20.9238,45.74372,3977.4184,0.35349,71.14303,8.600509637577455,3.2039161330254164,42.999999266499074
15.31342,20.97606,45.78004,3972.54227,0.34436,71.28645,8.535719019973376,3.1797799232241495,42.999999266499074
15.33042,21.0283,45.81531,3967.70428,0.33406,71.42909,8.472810176967275,3.156344723973099,42.999999266499074
15.34727,21.08052,45.8494,3962.90365,0.32264,71.57099,8.41188266657822,3.133647623253896,42.999999266499074
15.36397,21.13273,45.88222,3958.13952,0.31013,71.71217,8.353029075471422,3.1117231120354343,42.999999266499074
15.38054,21.18492,45.91364,3953.41099,0.29655,71.85266,8.296335298729145,3.0906031884958938,42.999999266499074
15.39696,21.2371,45.94357,3948.71708,0.28194,71.99248,8.241880831183703,3.070317466551945,42.999999266499074
15.41324,21.28926,45.9719,3944.0568,0.26633,72.13167,8.189739066511356,3.050893287279098,42.999999266499074
15.42937,21.3414,45.99854,3939.42906,0.24977,72.27026,8.139977600565174,3.032355831911177,42.999999266499074
15.44537,21.39352,46.02339,3934.83277,0.23228,72.40828,8.092658535765672,3.0147282352338363,42.999999266499074
15.46123,21.44563,46.04636,3930.26677,0.21391,72.54578,8.04783878359851,2.9980316982729143,42.999999266499074
15.47695,21.49772,46.06738,3925.72987,0.19469,72.68277,8.005570362611314,2.982285599306095,42.999999266499074
15.49253,21.5498,46.08636,3921.22083,0.17467,72.81931,7.965900689533111,2.967507602312547,42.999999266499074
15.50797,21.60185,46.10322,3916.73839,0.15389,72.95542,7.928872861400473,2.953713762072346,42.999999266499074
15.52328,21.65389,46.11789,3912.28126,0.13238,73.09114,7.894525926845747,2.940918625228472,42.999999266499074
15.53845,21.70591,46.13032,3907.8481,0.1102,73.22652,7.862895144894789,2.9291353266957785,42.999999266499074
15.55349,21.75791,46.14042,3903.43755,0.08738,73.3616,7.834012229837485,2.9183756808817005,42.999999266499074
15.56839,21.8099,46.14816,3899.04823,0.06397,73.4964,7.807905580949526,2.908650267263663,42.999999266499074
15.58316,21.86186,46.15347,3894.67871,0.04001,73.63098,7.7846004959889115,2.899968509922144,42.999999266499074
15.59779,21.91381,46.1563,3890.32757,0.01555,73.76537,7.7641193675597755,2.892338750691369,42.999999266499074
15.61229,21.96574,46.15662,3885.99333,-0.00937,73.89962,7.7464818615890385,2.8857683156465574,42.999999266499074
15.62666,22.01765,46.15438,3881.67452,-0.03471,74.03376,7.731705077270782,2.880263574687413,42.999999266499074
15.64089,22.06954,46.14955,3877.36963,-0.0604,74.16784,7.719803687973043,2.875829994029606,42.999999266499074
15.65499,22.12141,46.14211,3873.07714,-0.08642,74.30191,7.710790062658481,2.8724721814371765,42.999999266499074
15.66896,22.17326,46.13202,3868.7955,-0.11271,74.436,7.704674367528317,2.8701939240875665,42.999999266499074
15.6828,22.22509,46.11927,3864.52316,-0.13923,74.57017,7.701464647616212,2.868998218967494,42.999999266499074
15.6965,22.2769,46.10385,3860.25854,-0.16592,74.70444,7.701166888179754,2.8688872957428915,42.999999266499074
15.71007,22.32869,46.08573,3856.00006,-0.19275,74.83888,7.703785055765818,2.869862632056835,42.999999266499074
15.72351,22.38046,46.06493,3851.74611,-0.21966,74.97351,7.709321118945001,2.871924961253669,42.999999266499074
15.73682,22.43221,46.04143,3847.49508,-0.24661,75.1084,7.717775048695733,2.8750742725220966,42.999999266499074
15.75,22.48393,46.01525,3843.24533,-0.27355,75.24357,7.729144798561202,2.879309803503107,42.999999266499074
15.76304,22.53564,45.98639,3838.99524,-0.30043,75.37908,7.7434262646964545,2.8846300254064774,42.999999266499074
15.77595,22.58732,45.95487,3834.74316,-0.3272,75.51497,7.760613226024043,2.891032620717173,42.999999266499074
15.78873,22.63898,45.9207,3830.48743,-0.35382,75.65128,7.780697264773143,2.8985144535940766,42.999999266499074
15.80138,22.69062,45.88391,3826.22639,-0.38023,75.78807,7.803667667740579,2.9070715330871226,42.999999266499074
15.8139,22.74224,45.84454,3821.95838,-0.4064,75.92537,7.82951130871251,2.9166989693362853,42.999999266499074
15.82628,22.79383,45.8026,3817.68173,-0.43227,76.06324,7.858212512547116,2.927390922938798,42.999999266499074
15.83853,22.8454,45.75814,3813.39475,-0.4578,76.20171,7.8897529015335826,2.939140547713837,42.999999266499074
15.85064,22.89694,45.71121,3809.09579,-0.48294,76.34083,7.924111224763408,2.951939927138839,42.999999266499074
15.86262,22.94847,45.66184,3804.78317,-0.50764,76.48064,7.961263171311741,2.9657800047546385,42.999999266499074
15.87447,22.99996,45.61009,3800.45521,-0.53186,76.6212,8.00118116825436,2.9806505089214754,42.999999266499074
15.88618,23.05143,45.55603,3796.11025,-0.55555,76.76254,8.043834164590656,2.9965398723246217,42.999999266499074
15.89775,23.10288,45.49969,3791.74664,-0.57866,76.90471,8.089187402375233,3.013435146714881,42.999999266499074
15.90919,23.15429,45.44117,3787.36272,-0.60115,77.04776,8.13720217650382,3.0313219134225204,42.999999266499074
15.92049,23.20568,45.38051,3782.95686,-0.62298,77.19172,8.187835584787837,3.0501841902534688,42.999999266499074
15.93165,23.25705,45.3178,3778.52743,-0.64409,77.33663,8.241040270148755,3.0700043354499345,42.999999266499074
15.94268,23.30838,45.25311,3774.07282,-0.66446,77.48255,8.29676415700687,3.090762949488286,42.999999266499074
15.95356,23.35969,45.18652,3769.59145,-0.68403,77.62951,8.354950184101325,3.1124387755474845,42.999999266499074
15.96431,23.41097,45.11813,3765.08175,-0.70277,77.77755,8.415536036257311,3.135008599585299,42.999999266499074
15.97492,23.46222,45.04801,3760.54219,-0.72063,77.92672,8.478453877857156,3.158447151049287,42.999999266499074
15.98538,23.51343,44.97627,3755.97125,-0.73758,78.07705,8.543630090974194,3.18272700532476,42.999999266499074
15.9957,23.56462,44.903,3751.36745,-0.75357,78.22858,8.610985021381847,3.2078184891164883,42.999999266499074
16.00588,23.61578,44.82829,3746.72937,-0.76857,78.38134,8.680432735922594,3.23368959006226,42.999999266499074
16.01592,23.6669,44.75226,3742.05559,-0.78254,78.53538,8.751880794875305,3.260305871933716,42.999999266499074
16.02581,23.71799,44.67501,3737.34476,-0.79546,78.69073,8.825230043243636,3.287630396885795,42.999999266499074
16.03555,23.76905,44.59664,3732.59558,-0.80728,78.84742,8.900374425017363,3.3156236562641874,42.999999266499074
16.04515,23.82007,44.51728,3727.80679,-0.81797,79.00549,8.977200824662084,3.344243511556079,42.999999266499074
16.0546,23.87105,44.43703,3722.97721,-0.82752,79.16495,9.055588940189583,3.3734451471055222,42.999999266499074
16.0639,23.922,44.35601,3718.10569,-0.83588,79.32585,9.135411192259905,3.4031810362515706,42.999999266499074
16.07305,23.97292,44.27435,3713.19117,-0.84304,79.48821,9.216532673807754,3.433400922562782,42.999999266499074
16.08204,24.02379,44.19215,3708.23265,-0.84897,79.65205,9.298811144655987,3.464051817830608,42.999999266499074
16.09089,24.07463,44.10955,3703.22922,-0.85365,79.81739,9.382097075484387,3.4950780184489147,42.999999266499074
16.09958,24.12542,44.02668,3698.18004,-0.85707,79.98426,9.466233745394256,3.5264211417593603,42.999999266499074
16.10812,24.17618,43.94364,3693.08436,-0.85921,80.15267,9.551057397045993,3.5580201838442282,42.999999266499074
16.11651,24.22689,43.86058,3687.94151,-0.86005,80.32264,9.636397453065099,3.589811600143359,42.999999266499074
16.12473,24.27756,43.77761,3682.75092,-0.8596,80.49418,9.722076796960703,3.6217294101036854,42.999999266499074
16.1328,24.32819,43.69487,3677.51213,-0.85783,80.6673,9.807912121376127,3.6537053269117403,42.999999266499074
16.14071,24.37878,43.61248,3672.22476,-0.85475,80.84201,9.893714345842367,3.6856689131178113,42.999999266499074
16.14846,24.42932,43.53057,3666.88856,-0.85036,81.01831,9.979289105563732,3.717547762721459,42.999999266499074
16.15605,24.47981,43.44927,3661.50338,-0.84465,81.1962,10.064437312030506,3.749267710014481,42.999999266499074
16.16347,24.53025,43.36869,3656.06918,-0.83765,81.37568,10.148955785332465,3.780753065134331,42.999999266499074
16.17074,24.58065,43.28896,3650.58604,-0.82935,81.55675,10.23263795723308,3.8119268759777682,42.999999266499074
16.17784,24.63099,43.21021,3645.05416,-0.81977,81.73939,10.315274642990541,3.842711215724482,42.999999266499074
16.18477,24.68129,43.13255,3639.47386,-0.80893,81.9236,10.396654878966022,3.873027494868225,42.999999266499074
16.19154,24.73153,43.0561,3633.84558,-0.79684,82.10936,10.476566821896618,3.9027967962196346,42.999999266499074
16.19814,24.78172,42.98098,3628.16989,-0.78354,82.29664,10.554798704747423,3.9319402309862825,42.999999266499074
16.20457,24.83186,42.90729,3622.44749,-0.76905,82.48543,10.631139842878222,3.960379313596237,42.999999266499074
16.21083,24.88194,42.83515,3616.67918,-0.7534,82.6757,10.705381683263644,3.988036352560193,42.999999266499074
16.21692,24.93196,42.76466,3610.86592,-0.73663,82.86743,10.77731888849746,4.014834854291574,42.999999266499074
16.22285,24.98193,42.69592,3605.00876,-0.71878,83.06057,10.846750446352594,4.040699936446845,42.999999266499074
16.2286,25.03184,42.62902,3599.10889,-0.69989,83.2551,10.913480794892116,4.065558747058958,42.999999266499074
16.23417,25.08169,42.56405,3593.16762,-0.68001,83.45097,10.97732095236031,4.089340885451498,42.999999266499074
16.23958,25.13148,42.50111,3587.18637,-0.65918,83.64814,11.03808964053091,4.1119788207154615,42.999999266499074
16.24481,25.1812,42.44027,3581.16666,-0.63746,83.84657,11.0956143898114,4.1334083033896905,42.999999266499074
16.24987,25.23086,42.38161,3575.11013,-0.6149,84.0462,11.149732614132992,4.153568765885662,42.999999266499074
16.25475,25.28046,42.32519,3569.01854,-0.59157,84.24698,11.200292643639909,4.172403707191429,42.999999266499074
16.25945,25.32999,42.27108,3562.89371,-0.56753,84.44887,11.247154703348484,4.189861057447873,42.999999266499074
16.26398,25.37946,42.21934,3556.73758,-0.54284,84.6518,11.290191826347328,4.2058935181398,42.999999266499074
16.26834,25.42886,42.17001,3550.55216,-0.51756,84.85571,11.329290690638688,4.220458873841365,42.999999266499074
16.27252,25.47819,42.12313,3544.33954,-0.49177,85.06055,11.364352369537789,4.233520271759574,42.999999266499074
16.27652,25.52745,42.07876,3538.10187,-0.46554,85.26624,11.395292986514143,4.245046465679894,42.999999266499074
16.28034,25.57664,42.0369,3531.84138,-0.43894,85.47273,11.4220442664618,4.255012021328933,42.999999266499074
16.28399,25.62576,41.99759,3525.56034,-0.41204,85.67995,11.444553976728926,4.2633974806695605,42.999999266499074
16.28746,25.6748,41.96084,3519.26106,-0.38492,85.88782,11.462786252630341,4.270189483162887,42.999999266499074
16.29075,25.72377,41.92667,3512.94589,-0.35765,86.09629,11.476721803668612,4.275380842591059,42.999999266499074
16.29387,25.77267,41.89506,3506.61721,-0.33031,86.30528,11.486357998337624,4.278970578648806,42.999999266499074
16.29681,25.82149,41.86602,3500.27741,-0.30299,86.51472,11.491708826954012,4.280963903097184,42.999999266499074
16.29965,25.87023,41.84299,3493.92032,-0.19992,86.53192,11.487138573068245,4.27926136327412,0.0
16.30247,25.91888,41.82942,3487.54399,-0.09716,86.5491,11.467122177103528,4.271804729114189,0.0
16.30528,25.96744,41.82522,3481.1571,0.00492,86.56625,11.431918915457675,4.258690587897549,0.0
16.30806,26.01592,41.83027,3474.76828,0.10593,86.58338,11.381906834963646,4.240059772016489,0.0
16.31083,26.06431,41.84444,3468.38597,0.20552,86.60049,11.317569968760385,4.216092596550944,0.0
16.31358,26.11262,41.86753,3462.01843,0.30333,86.61757,11.239489895323917,4.187005714785485,0.0
16.3163,26.16083,41.89935,3455.67365,0.39903,86.63463,11.148335988612711,4.1530484861319295,0.0
16.31901,26.20896,41.93965,3449.35931,0.4923,86.65167,11.044854632661929,4.1144989582819225,0.0
16.3217,26.257,41.98817,3443.08274,0.58282,86.66869,10.929857688986942,4.071659571011298,0.0
16.32438,26.30495,42.04462,3436.85085,0.67032,86.68568,10.804210509060226,4.024852690512325,0.0
16.32703,26.35282,42.10868,3430.67015,0.75453,86.70265,10.668819777575864,3.9744160806898594,0.0
16.32966,26.4006,42.18004,3424.5467,0.8352,86.7196,10.524621456109484,3.9206984118574506,0.0
16.33228,26.44829,42.25832,3418.48608,0.91212,86.73652,10.372569073011713,3.8640548984145506,0.0
16.33488,26.49591,42.34316,3412.49338,0.98509,86.75342,10.213622575300795,3.8048431458831797,0.0
16.33746,26.54343,42.43419,3406.57323,1.05393,86.77031,10.048737924087064,3.7434192749297908,0.0
16.34002,26.59088,42.53101,3400.72973,1.11849,86.78717,9.878857578294127,3.6801343763010124,0.0
16.34257,26.63825,42.6332,3394.96653,1.17864,86.80401,9.704901974132087,3.6153313367032416,0.0
16.34509,26.68553,42.74037,3389.28679,1.23429,86.82083,9.527762071139097,3.5493420620069966,0.0
16.3476,26.73274,42.85209,3383.6932,1.28534,86.83762,9.348293001331037,3.4824851113880713,0.0
16.3501,26.77986,42.96793,3378.18801,1.33174,86.8544,9.167308826685284,3.4150637443522975,0.0
16.35257,26.82692,43.08748,3372.77304,1.37344,86.87116,8.9855783829108,3.347364372430549,0.0
16.35503,26.87389,43.21032,3367.44969,1.41042,86.8879,8.803822164423465,3.2796553987500894,0.0
16.35747,26.9208,43.336,3362.21899,1.44267,86.90463,8.6227101869552,3.2121864218002356,0.0
16.35989,26.96763,43.46412,3357.08161,1.47021,86.92133,8.442860750155678,3.1451877744689325,0.0
16.3623,27.01439,43.59426,3352.03786,1.49306,86.93801,8.264840012818231,3.0788703658032324,0.0
16.36469,27.06107,43.72601,3347.08777,1.51126,86.95468,8.089162287395514,3.0134257907241206,0.0
16.36706,27.1077,43.85895,3342.23107,1.52488,86.97133,7.916290958100063,2.949026672043144,0.0
16.36942,27.15425,43.9927,3337.46722,1.53397,86.98797,7.746639927304089,2.8858271992843734,0.0
16.37176,27.20074,44.12685,3332.79546,1.53861,87.00459,7.58057549791499,2.823963829918827,0.0
16.37408,27.24716,44.26103,3328.21482,1.5389,87.02119,7.418418604217535,2.76355612041187,0.0
16.37639,27.29352,44.39487,3323.72411,1.53492,87.03778,7.260447309861731,2.7047076567894246,0.0
16.37868,27.33982,44.528,3319.322,1.52677,87.05435,7.106899498937602,2.6475070571341326,0.0
16.38096,27.38606,44.66008,3315.00701,1.51458,87.07091,6.957975693791859,2.5920290212962027,0.0
16.38322,27.43224,44.79075,3310.7775,1.49844,87.08745,6.813841941296407,2.5383354061043777,0.0
16.38546,27.47837,44.9197,3306.63176,1.47849,87.10398,6.674632717256983,2.4864763073345637,0.0
16.38769,27.52443,45.0466,3302.56795,1.45483,87.1205,6.540453806386751,2.4364911325757803,0.0
16.38991,27.57044,45.17114,3298.58416,1.42761,87.137,6.411385122561375,2.3884096518493707,0.0
16.39211,27.6164,45.29304,3294.67839,1.39694,87.15349,6.287483440926074,2.342253015390774,0.0
16.39429,27.6623,45.41201,3290.84862,1.36296,87.16997,6.168785019523227,2.2980347302747828,0.0
16.39646,27.70816,45.52778,3287.09275,1.32579,87.18644,6.055308093707995,2.2557615896509953,0.0
16.39861,27.75396,45.64009,3283.40864,1.28557,87.20289,5.9470552314441925,2.2154345501534998,0.0
16.40075,27.79971,45.7487,3279.79414,1.24244,87.21934,5.844015541803957,2.1770495546251105,0.0
16.40287,27.84541,45.85336,3276.24706,1.19652,87.23577,5.7461667325820365,2.140598298632827,0.0
16.40498,27.89107,45.95387,3272.7652,1.14795,87.25219,5.653477015917198,2.106068940361951,0.0
16.40707,27.93668,46.05,3269.34633,1.09685,87.2686,5.565906863293692,2.073446754400309,0.0
16.40915,27.98224,46.14155,3265.98824,1.04337,87.285,5.483410613234549,2.0427147306463027,0.0
16.41122,28.02775,46.22835,3262.68869,0.98763,87.30139,5.405937936532655,2.0138541201460423,0.0
16.41327,28.07323,46.31021,3259.44543,0.92976,87.31777,5.3334351650075105,1.986844930090196,0.0
16.4153,28.11866,46.38696,3256.25624,0.86989,87.33414,5.265846490568821,1.9616663704967305,0.0
16.41732,28.16404,46.45846,3253.11888,0.80814,87.3505,5.203115041885373,1.938297255298394,0.0
16.41933,28.20939,46.52457,3250.03109,0.74465,87.36685,5.14518384622316,1.916716360652725,0.0
16.42132,28.25469,46.58514,3246.99064,0.67954,87.3832,5.091996684096833,1.8969027433222088,0.0
16.4233,28.29995,46.64005,3243.9953,0.61293,87.39953,5.043498844263445,1.8788360219293077,0.0
16.42526,28.34517,46.68921,3241.04281,0.54494,87.41585,4.999637786358,1.8624966238056395,0.0
16.42721,28.39035,46.7325,3238.13093,0.4757,87.43217,4.960363718126122,1.8478660000263383,0.0
16.42915,28.4355,46.76983,3235.25742,0.40534,87.44848,4.92563009376821,1.8349268110563568,0.0
16.43107,28.4806,46.80114,3232.42001,0.33395,87.46478,4.895394039438053,1.823663085259904,0.0
16.43298,28.52567,46.82633,3229.61646,0.26168,87.48107,4.869616711366489,1.814060352310925,0.0
16.43487,28.57069,46.84537,3226.84448,0.18863,87.49735,4.8482635915113,1.8061057533304703,0.0
16.43675,28.61568,46.85819,3224.1018,0.11493,87.51363,4.831304725045647,1.7997881293573827,0.0
16.43862,28.66064,46.86476,3221.38612,0.04069,87.52989,4.818714903353192,1.7950980895187987,0.0
16.44047,28.70556,46.86504,3218.69512,-0.03398,87.54615,4.810473795585075,1.792028060038579,0.0
16.44231,28.75044,46.85903,3216.02647,-0.10895,87.5624,4.806566031202126,1.7905723149864616,0.0
16.44413,28.79528,46.8467,3213.37782,-0.18412,87.57865,4.806981235293532,1.7907269894351874,0.0
16.44594,28.84009,46.82805,3210.74679,-0.25935,87.59488,4.811714017839633,1.7924900754606132,0.0
16.44774,28.88486,46.8031,3208.13096,-0.33455,87.61111,4.820763917466562,1.7958614011888343,0.0
16.44953,28.9296,46.77186,3205.5279,-0.40958,87.62733,4.834135299637789,1.8008425928698562,0.0
16.4513,28.9743,46.73437,3202.93514,-0.48434,87.64354,4.851837208636444,1.8074370197371121,0.0
16.45305,29.01897,46.69065,3200.35017,-0.5587,87.65975,4.873883172102129,1.8156497211922895,0.0
16.4548,29.0636,46.64076,3197.77045,-0.63256,87.67594,4.900290956346029,1.8254873156537632,0.0
16.45653,29.10819,46.58476,3195.19337,-0.70578,87.69213,4.931082270105002,1.8369578901972055,0.0
16.45824,29.15275,46.52271,3192.61633,-0.77826,87.70831,4.966282413921245,1.8500708699402801,0.0
16.45995,29.19728,46.4547,3190.03663,-0.84986,87.72449,5.005919871823678,1.8648368659332215,0.0
16.46163,29.24177,46.3808,3187.45157,-0.92048,87.74065,5.050025841596757,1.8812675001716017,0.0
16.46331,29.28622,46.30111,3184.85835,-0.98998,87.75681,5.098633699501018,1.899375206190653,0.0
16.46497,29.33064,46.21576,3182.25418,-1.05825,87.77296,5.151778395033817,1.9191730035977166,0.0
16.46662,29.37502,46.12484,3179.63616,-1.12515,87.7891,5.209495771047786,1.9406742447984808,0.0
16.46826,29.41937,46.02849,3177.00138,-1.19058,87.80523,5.271821804429031,1.9638923321296282,0.0
16.46988,29.46368,45.92685,3174.34686,-1.25439,87.82136,5.33879176247726,1.9888404035882399,0.0
16.47149,29.50795,45.82007,3171.66957,-1.31646,87.83748,5.410439270261278,2.0155309853971723,0.0
16.47309,29.55219,45.7083,3168.96643,-1.37666,87.85358,5.486795284434134,2.043975609724207,0.0
16.47467,29.59638,45.59172,3166.23432,-1.43486,87.86968,5.5678869694801865,2.0741843960545077,0.0
16.47624,29.64054,45.47051,3163.47006,-1.49094,87.88577,5.653736472973768,2.1061655949422495,0.0
16.47779,29.68467,45.34486,3160.67044,-1.54475,87.90185,5.744359597324467,2.1399250932007923,0.0
16.47934,29.72875,45.21497,3157.83219,-1.59618,87.91793,5.839764366645454,2.1754658800234177,0.0
16.48087,29.7728,45.08105,3154.95203,-1.64508,87.93399,5.939949488798217,2.212787474054533,0.0
16.48238,29.8168,44.94333,3152.02662,-1.69132,87.95004,6.044902714480836,2.2518853121068734,0.0
16.48389,29.86076,44.80203,3149.05262,-1.73477,87.96608,6.154599097305134,2.2927501009944655,0.0
16.48537,29.90469,44.65742,3146.02667,-1.7753,87.98212,6.268999161326212,2.3353671348891583,0.0
16.48685,29.94857,44.50973,3142.94541,-1.81279,87.99814,6.388046985365924,2.3797155816807187,0.0
16.48831,29.99241,44.35924,3139.80545,-1.84709,88.01415,6.511668216694811,2.425767743021084,0.0
16.48977,30.0362,44.20622,3136.60346,-1.87808,88.03015,6.639768030329661,2.4734882941090133,0.0
16.4912,30.07995,44.05095,3133.33611,-1.90564,88.04615,6.772229054179613,2.522833510752416,0.0
16.49263,30.12366,43.89373,3130.00012,-1.92965,88.06212,6.908909284543324,2.573750492836197,0.0
16.49404,30.16732,43.73487,3126.59225,-1.94998,88.07809,7.04964002108261,2.626176395045613,0.0
16.49543,30.21094,43.57467,3123.10936,-1.96652,88.09405,7.194223855055831,2.6800376774302634,0.0
16.49682,30.2545,43.41346,3119.54838,-1.97918,88.10999,7.342432749386228,2.735249390179041,0.0
16.49819,30.29802,43.25157,3115.90635,-1.98783,88.12592,7.494006253771242,2.791714508701382,0.0
16.49955,30.34149,43.08933,3112.18046,-1.99239,88.14184,7.648649902442913,2.84932333675086,0.0
16.50089,30.3849,42.92708,3108.36802,-1.99278,88.15775,7.806033846069956,2.9079529967727145,0.0
16.50222,30.42827,42.76518,3104.46655,-1.98891,88.17364,7.965791772506774,2.9674670278544566,0.0
16.50354,30.47158,42.60397,3100.47373,-1.98071,88.18951,8.127520173311636,3.027715112484596,0.0
16.50485,30.51484,42.44381,3096.38748,-1.96813,88.20538,8.290778014004847,3.088532953715131,0.0
16.50614,30.55804,42.28507,3092.20596,-1.95113,88.22122,8.455086865554936,3.1497423241436135,0.0
16.50742,30.60118,42.12809,3087.9276,-1.92967,88.23706,8.619931552396773,3.211151307316947,0.0
16.50868,30.64427,41.97325,3083.55112,-1.90373,88.25287,8.784761368088917,3.2725547505957358,0.0
16.50994,30.6873,41.8209,3079.07555,-1.87332,88.26867,8.948991903408489,3.3337349461677266,0.0
16.51118,30.73026,41.67141,3074.50027,-1.83845,88.28446,9.112007523052046,3.3944625536840465,0.0
16.5124,30.77317,41.52512,3069.82499,-1.79915,88.30023,9.273164516138989,3.4544977739046185,0.0
16.51362,30.81601,41.38238,3065.04983,-1.75546,88.31598,9.431794932467271,3.5135917778043555,0.0
16.51482,30.85879,41.24355,3060.17529,-1.70747,88.33171,9.587211101107695,3.571488389868417,0.0
16.516,30.9015,41.10894,3055.20227,-1.65525,88.34742,9.738710810662603,3.627926017874885,0.0
16.51718,30.94414,40.9789,3050.13209,-1.59891,88.36312,9.885583111895786,3.682639814527069,0.0
16.51834,30.98671,40.85373,3044.96652,-1.53859,88.3788,10.027114683897256,3.735364049017397,0.0
16.51949,31.02922,40.73372,3039.70774,-1.47442,88.39446,10.162596685153822,3.7858346592314627,0.0
16.52062,31.07165,40.61918,3034.35837,-1.40659,88.41009,10.291331991719328,3.833791948156885,0.0
16.52174,31.11401,40.51036,3028.92145,-1.33526,88.42571,10.4126427067217,3.8789833813722816,0.0
16.52285,31.15629,40.40751,3023.40047,-1.26066,88.44131,10.525877809783742,3.9211664366577654,0.0
16.52395,31.1985,40.31088,3017.7993,-1.18301,88.45689,10.630420802299007,3.960111452061384,0.0
16.52503,31.24064,40.22066,3012.12221,-1.10256,88.47244,10.725697195545289,3.995604415418404,0.0
16.5261,31.28269,40.13706,3006.37386,-1.01955,88.48798,10.81118168425648,4.0274496366955885,0.0
16.52716,31.32467,40.06023,3000.55922,-0.93428,88.50349,10.88640484865941,4.0554722446762534,0.0
16.5282,31.36657,39.99032,2994.68362,-0.84703,88.51898,10.950959233713139,4.0795204516368635,0.0
16.52923,31.40838,39.92746,2988.75265,-0.75811,88.53444,11.004504665039997,4.099467533671208,0.0
16.53025,31.45012,39.87172,2982.77214,-0.66782,88.54989,11.046772677029354,4.115213480275572,0.0
16.53125,31.49177,39.82318,2976.74816,-0.57648,88.56531,11.077569948859256,4.126686274357201,0.0
16.53225,31.53334,39.78188,2970.68691,-0.48444,88.58071,11.09678066852184,4.133842772895968,0.0
16.53323,31.57483,39.74783,2964.59476,-0.39201,88.59608,11.104367771987338,4.136669168565573,0.0
16.53419,31.61623,39.72102,2958.47813,-0.29953,88.61143,11.100373033709527,4.135181023449199,0.0
16.53515,31.65755,39.70141,2952.34349,-0.20734,88.62676,11.084916014340685,4.12942287703565,0.0
16.53609,31.69878,39.68894,2946.19731,-0.11576,88.64206,11.058191900786015,4.119467441582788,0.0
16.53702,31.73993,39.68352,2940.04601,-0.02513,88.65734,11.020468301325959,4.105414408216278,0.0
16.53794,31.78099,39.68503,2933.89593,0.06424,88.6726,10.972081083471432,4.087388896421142,0.0
16.53884,31.82197,39.69334,2927.75328,0.15204,88.68783,10.913429363611233,4.065539587553591,0.0
16.53974,31.86286,39.70828,2921.62411,0.23797,88.70304,10.844969774653089,4.040036589386489,0.0
16.54062,31.90366,39.72968,2915.51426,0.32173,88.71822,10.767210150283786,4.01106908333007,0.0
16.54148,31.94438,39.75732,2909.42937,0.40307,88.73338,10.680702772017634,3.978842808779819,0.0
16.54234,31.98502,39.791,2903.37482,0.4817,88.74852,10.586037327765231,3.9435774399980543,0.0
16.54319,32.02557,39.83047,2897.35571,0.55741,88.76363,10.483833728628573,3.9055039101811118,0.0
16.54402,32.06603,39.87547,2891.37684,0.62995,88.77872,10.374734924310811,3.864861735010442,0.0
16.54484,32.10642,39.92574,2885.44272,0.69912,88.79378,10.259399847513949,3.821896384255102,0.0
16.54565,32.14672,39.981,2879.55752,0.76474,88.80883,10.138496604768566,3.7768567451766755,0.0
16.54644,32.18693,40.04094,2873.72509,0.82663,88.82385,10.01269601588906,3.7299927158063566,0.0
16.54723,32.22707,40.10527,2867.94896,0.88464,88.83884,9.882665587521819,3.6815529599330796,0.0
16.548,32.26712,40.17367,2862.2323,0.93864,88.85382,9.74906398880545,3.631782849141606,0.0
16.54876,32.30709,40.24583,2856.57796,0.98853,88.86877,9.612536079594497,3.5809226106950387,0.0
16.54951,32.34699,40.32141,2850.98845,1.0342,88.8837,9.473708524654333,3.529205693707018,0.0
16.55025,32.3868,40.40009,2845.46599,1.07558,88.8986,9.33318601125718,3.4768573600967274,0.0
16.55098,32.42654,40.48154,2840.01243,1.11261,88.91349,9.191548072984693,3.4240935013717815,0.0
16.55169,32.46621,40.56542,2834.62937,1.14526,88.92836,9.049346509654223,3.3711196774828682,0.0
16.5524,32.50579,40.6514,2829.31808,1.17349,88.9432,8.907103382290357,3.3181303698978986,0.0
16.55309,32.5453,40.73914,2824.07958,1.1973,88.95802,8.765309552948715,3.2653084376479518,0.0
16.55378,32.58474,40.82832,2818.91461,1.2167,88.97283,8.624423732122464,3.212824762461129,0.0
16.55445,32.62411,40.9186,2813.82365,1.23171,88.98761,8.484871991246536,3.160838067157557,0.0
16.55511,32.66341,41.00967,2808.80696,1.24235,89.00237,8.347047694273996,3.109494890159783,0.0
16.55576,32.70263,41.10119,2803.86457,1.24867,89.01712,8.211311800456887,3.0589296982866,0.0
16.5564,32.74179,41.19286,2798.99632,1.25074,89.03184,8.07799348992881,3.0092651197990263,0.0
16.55703,32.78088,41.28438,2794.20183,1.24861,89.04655,7.947391064346265,2.9606122799128975,0.0
16.55764,32.8199,41.37543,2789.48058,1.24236,89.06124,7.819773076475866,2.9130712215998247,0.0
16.55825,32.85886,41.46572,2784.83185,1.23207,89.07591,7.695379645051431,2.866731395406059,0.0
16.55885,32.89775,41.55497,2780.25481,1.21784,89.09056,7.5744239141145355,2.8216722030952472,0.0
16.55943,32.93658,41.6429,2775.74845,1.19977,89.10519,7.457093619497119,2.7779635812044106,0.0
16.56001,32.97535,41.72924,2771.31168,1.17796,89.11981,7.343552728639954,2.7356666119194815,0.0
16.56057,33.01405,41.81373,2766.94326,1.15251,89.13441,7.233943123686311,2.6948341500719724,0.0
16.56113,33.0527,41.89612,2762.64188,1.12356,89.149,7.128386301462668,2.6555114564265194,0.0
16.56167,33.09128,41.97617,2758.40611,1.0912,89.16356,7.026985067596849,2.617736828784466,0.0
16.56221,33.12981,42.05364,2754.23445,1.05558,89.17812,6.9298252054333265,2.5815422236987233,0.0
16.56273,33.16828,42.12831,2750.12533,1.01681,89.19265,6.8369771036388585,2.5469538627996973,0.0
16.56325,33.20669,42.19998,2746.0771,0.97502,89.20717,6.748497329376882,2.5139928188441383,0.0
16.56375,33.24505,42.26843,2742.08805,0.93034,89.22168,6.66443013659961,2.4826755775936395,0.0
16.56424,33.28335,42.33348,2738.15643,0.88292,89.23617,6.5848089014169995,2.4530145725273362,0.0
16.56473,33.3216,42.39495,2734.28042,0.83287,89.25064,6.509657478650988,2.4250186901940585,0.0
16.5652,33.35979,42.45266,2730.45817,0.78035,89.2651,6.4389914754754844,2.3986937446767373,0.0
16.56567,33.39793,42.50646,2726.68778,0.72547,89.27955,6.37281943965332,2.3740429202419326,0.0
16.56612,33.43602,42.55619,2722.96731,0.66839,89.29398,6.311143961163826,2.3510671817250914,0.0
16.56657,33.47406,42.60171,2719.2948,0.60925,89.3084,6.253962687120364,2.329765652614033,0.0
16.567,33.51204,42.64289,2715.66824,0.54817,89.3228,6.2012692507284335,2.3101359611102854,0.0
16.56743,33.54998,42.67961,2712.0856,0.4853,89.33719,6.1530541157002965,2.2921745546957504,0.0
16.56784,33.58787,42.71177,2708.54482,0.42078,89.35157,6.109305338061604,2.2758769839257202,0.0
16.56825,33.62571,42.73926,2705.04379,0.35475,89.36593,6.070009247608869,2.2612381562897097,0.0
16.56864,33.6635,42.76199,2701.58042,0.28734,89.38028,6.035151051499204,2.248252561064521,0.0
16.56903,33.70124,42.77988,2698.15254,0.21871,89.39462,6.0047153625654355,2.23691446612552,0.0
16.56941,33.73894,42.79286,2694.75799,0.14898,89.40894,5.978686654924431,2.2272180876727306,0.0
16.56978,33.77658,42.80088,2691.39457,0.07829,89.42325,5.95704964939908,2.2191577338106585,0.0
16.57013,33.81419,42.80388,2688.06005,0.0068,89.43755,5.939789631112511,2.2127279228604984,0.0
16.57048,33.85174,42.80182,2684.75219,-0.06538,89.45184,5.926892701423372,2.2079234772126513,0.0
16.57082,33.88925,42.79468,2681.46869,-0.13808,89.46611,5.918345966125781,2.204739593436159,0.0
16.57115,33.92671,42.78243,2678.20725,-0.21119,89.48037,5.914137661587895,2.20317188926864,0.0
16.57147,33.96413,42.76507,2674.96554,-0.28454,89.49462,5.914257220201854,2.2032164279981163,0.0
16.57179,34.0015,42.74258,2671.74117,-0.35802,89.50885,5.918695276234965,2.204869720642732,0.0
16.57209,34.03883,42.71499,2668.53177,-0.43147,89.52307,5.927443612861247,2.2081287062186123,0.0
16.57238,34.07612,42.6823,2665.33488,-0.50476,89.53728,5.940495050890972,2.2129907102886865,0.0
16.57266,34.11335,42.64455,2662.14806,-0.57775,89.55148,5.957843279413972,2.2194533818728686,0.0
16.57294,34.15055,42.60178,2658.96881,-0.6503,89.56567,5.979482628357015,2.227514608719689,0.0
16.5732,34.1877,42.55404,2655.79461,-0.72226,89.57984,6.0054077827167704,2.237172410850563,0.0
16.57346,34.2248,42.50137,2652.62289,-0.7935,89.594,6.035613438085856,2.248424812234172,0.0
16.57371,34.26186,42.44386,2649.45106,-0.86387,89.60815,6.070093896945114,2.261269690394719,0.0
16.57395,34.29888,42.38156,2646.27651,-0.93324,89.62228,6.108842605155633,2.275704603743011,0.0
16.57418,34.33585,42.31458,2643.09657,-1.00147,89.63641,6.151851628088388,2.2917265964209617,0.0
16.5744,34.37278,42.24301,2639.90857,-1.06841,89.65052,6.199111065920239,2.309331980483973,0.0
16.57461,34.40966,42.16695,2636.70978,-1.13392,89.66461,6.2506084078151245,2.328516095316431,0.0
16.57481,34.44649,42.08651,2633.49746,-1.19787,89.6787,6.306327824984775,2.3492730442782257,0.0
0.0519,0.0519,52.67313,5484.68934,-0.47279,45.0001,6.171074739525577,2.2988877112218167,0.0
0.10377,0.10377,52.60726,5481.34298,-0.44486,45.00026,6.22091432587286,2.3174542684946196,0.0
0.15561,0.15561,52.54549,5477.96253,-0.41625,45.00048,6.267461651687122,2.3347943720942848,0.0
0.20742,0.20742,52.4879,5474.54972,-0.38702,45.00074,6.310562341562287,2.3508505131201853,0.0
0.25919,0.2592,52.43457,5471.10636,-0.35722,45.00106,6.3500729102763565,2.365569239551806,0.0
0.31094,0.31095,52.38559,5467.63435,-0.32691,45.00143,6.3858618764285975,2.378901571107888,0.0
0.36265,0.36266,52.341,5464.13568,-0.29615,45.00186,6.41781079887697,2.390803385346649,0.0
0.41433,0.41434,52.30088,5460.61244,-0.265,45.00234,6.445815221682414,2.401235769682387,0.0
0.46597,0.46599,52.26525,5457.06675,-0.23353,45.00287,6.469785514299647,2.4101653343786635,0.0
0.51758,0.51761,52.23416,5453.50081,-0.20179,45.00345,6.489647595084313,2.4175644820737485,0.0
0.56916,0.5692,52.20764,5449.91689,-0.16985,45.00409,6.505343527741828,2.423411629973517,0.0
0.6207,0.62075,52.1857,5446.31727,-0.13778,45.00478,6.51683198216968,2.4276913815273193,0.0
0.6722,0.67227,52.16835,5442.70429,-0.10564,45.00552,6.524088553146294,2.430394645147982,0.0
0.72368,0.72375,52.15559,5439.08031,-0.0735,45.00632,6.527105932438266,2.431518698326269,0.0
0.77511,0.77521,52.14741,5435.44771,-0.04143,45.00716,6.5258939321961735,2.431067196346444,0.0
0.82652,0.82663,52.14379,5431.80886,-0.0095,45.00806,6.520479359709782,2.4290501256292862,0.0
0.87788,0.87802,52.1447,5428.16615,0.02224,45.00901,6.510905745967363,2.4254837026132976,0.0
0.92922,0.92937,52.1501,5424.52195,0.05371,45.01001,6.49723293258634,2.420390219875495,0.0
0.98051,0.98069,52.15994,5420.8786,0.08484,45.01106,6.479536523836174,2.413797841995521,0.0
1.03177,1.03198,52.17416,5417.23841,0.11559,45.01217,6.457907212374772,2.4057403543747133,0.0
1.083,1.08324,52.1927,5413.60366,0.14587,45.01333,6.432449989068029,2.3962568688730945,0.0
1.13419,1.13446,52.21548,5409.97658,0.17564,45.01453,6.403283248742029,2.3853914906785336,0.0
1.18534,1.18566,52.24242,5406.35936,0.20484,45.01579,6.370537804936121,2.373192951276353,0.0
1.23646,1.23681,52.27343,5402.75409,0.23341,45.01711,6.334355827689813,2.359714212746987,0.0
1.28754,1.28794,52.30842,5399.16282,0.26129,45.01847,6.294889718999215,2.3450120488439237,0.0
1.33859,1.33904,52.34726,5395.58753,0.28844,45.01989,6.252300940955961,2.3291466084446197,0.0
1.3896,1.3901,52.38987,5392.0301,0.3148,45.02135,6.20675881165054,2.312180966992811,0.0
1.44058,1.44113,52.4361,5388.49234,0.34034,45.02287,6.158439283640568,2.2941806714457984,0.0
1.49152,1.49213,52.48585,5384.97597,0.365,45.02444,6.107523719374855,2.2752132840876977,0.0
1.54242,1.5431,52.53897,5381.48262,0.38875,45.02607,6.054197677231516,2.2553479302966912,0.0
1.59329,1.59404,52.59534,5378.0138,0.41154,45.02774,5.998649720881736,2.234654855001704,0.0
1.64413,1.64494,52.65481,5374.57097,0.43335,45.02947,5.941070263690514,2.2132049921912755,0.0
1.69493,1.69582,52.71724,5371.15544,0.45415,45.03125,5.881650458595392,2.191069551364177,0.0
1.7457,1.74667,52.78248,5367.76847,0.47389,45.03308,5.820581142611674,2.168319624329833,0.0
1.79643,1.79749,52.85038,5364.41118,0.49257,45.03496,5.758051843779477,2.1450258152699697,0.0
1.84713,1.84827,52.92078,5361.08461,0.51015,45.0369,5.694249856937765,2.121257896440125,0.0
1.8978,1.89903,52.99352,5357.78971,0.52663,45.03889,5.6293593933243455,2.0970844913732716,0.0
1.94843,1.94976,53.06846,5354.5273,0.54197,45.04093,5.563560807676904,2.072572786954617,0.0
1.99903,2.00047,53.14542,5351.29815,0.55617,45.04302,5.497029905150876,2.047788275230272,0.0
2.04959,2.05114,53.22424,5348.10289,0.56922,45.04516,5.429937329200896,2.022794525376987,0.0
2.10012,2.10179,53.30475,5344.9421,0.5811,45.04736,5.362448030399022,1.9976529858229655,0.0
2.15063,2.15241,53.38681,5341.81624,0.59182,45.04961,5.294720815155331,1.9724228161344086,0.0
2.20109,2.203,53.47023,5338.72569,0.60137,45.05192,5.226907972401618,1.9471607479453739,0.0
2.25153,2.25357,53.55485,5335.67077,0.60975,45.05428,5.159154975482438,1.9219209739043406,0.0
2.30193,2.30411,53.64052,5332.65169,0.61696,45.05669,5.091600255868792,1.8967550633766084,0.0
2.35231,2.35463,53.72706,5329.6686,0.62301,45.05915,5.024375044719189,1.871711903421623,0.0
2.40265,2.40512,53.81432,5326.72157,0.6279,45.06167,4.9576032779163075,1.8468376634166292,0.0
2.45296,2.45559,53.90213,5323.81062,0.63163,45.06424,4.891401559879673,1.8221757815759478,0.0
2.50325,2.50604,53.99033,5320.93568,0.63423,45.06687,4.82587918121953,1.7977669715275044,0.0
2.5535,2.55646,54.07877,5318.09663,0.6357,45.06955,4.761138185219889,1.773649247079514,0.0
2.60372,2.60685,54.16729,5315.29329,0.63605,45.07228,4.697273478054481,1.7498579632788216,0.0
2.65391,2.65723,54.25574,5312.52543,0.63531,45.07507,4.634372977729126,1.7264258718958576,0.0
2.70407,2.70758,54.34396,5309.79275,0.63347,45.07791,4.572517796814765,1.7033831894974982,0.0
2.75418,2.75794,54.42976,5307.0984,0.6013,45.13954,4.51307911985859,1.6812407184056095,52.999999095917474
2.80421,2.80833,54.51101,5304.44444,0.56849,45.20053,4.457337139995794,1.6604753642469574,52.999999095917474
2.85416,2.85874,54.58763,5301.82899,0.53507,45.2609,4.4052182541903315,1.641059707954005,52.999999095917474
2.90404,2.90919,54.65952,5299.25019,0.50108,45.32071,4.356654945047876,1.622968597520875,52.999999095917474
2.95383,2.95966,54.72664,5296.7062,0.46655,45.38001,4.311583206381817,1.6061781889589506,52.999999095917474
3.00356,3.01017,54.78889,5294.19524,0.43153,45.43883,4.269942712112588,1.5906660092163192,52.999999095917474
3.0532,3.0607,54.84624,5291.71551,0.39603,45.49722,4.231676961016893,1.576411010100666,52.999999095917474
3.10277,3.11126,54.8986,5289.26525,0.36011,45.55522,4.196733400199549,1.563393614275786,52.999999095917474
3.15227,3.16186,54.94595,5286.84274,0.32378,45.61288,4.165063529857895,1.5515957542890808,52.999999095917474
3.20169,3.21248,54.98822,5284.44625,0.28708,45.67023,4.136622991704677,1.5410009055114118,52.999999095917474
3.25104,3.26313,55.02537,5282.07408,0.25004,45.72732,4.111371643154375,1.531594113773457,52.999999095917474
3.30032,3.31381,55.05736,5279.72453,0.2127,45.78418,4.089273619148219,1.5233620183971592,52.999999095917474
3.34953,3.36451,55.08415,5277.39594,0.17508,45.84087,4.070297383298242,1.5162928712482278,52.999999095917474
3.39866,3.41525,55.10573,5275.08661,0.13722,45.89741,4.0544157697935965,1.510376552347347,52.999999095917474
3.44772,3.46601,55.12205,5272.7949,0.09914,45.95385,4.041606017332988,1.5056045825108986,52.999999095917474
3.49672,3.51681,55.13309,5270.51914,0.06088,46.01023,4.0318497961441535,1.5019701334164288,52.999999095917474
3.54564,3.56763,55.13884,5268.25767,0.02247,46.06659,4.025133228973717,1.4994680354219225,52.999999095917474
3.59449,3.61848,55.13929,5266.00883,-0.01607,46.12296,4.021446906743463,1.4980947833981777,52.999999095917474
3.64327,3.66936,55.13441,5263.77095,-0.0547,46.17939,4.020785899402426,1.4978485407714919,52.999999095917474
3.69197,3.72027,55.12421,5261.54237,-0.09339,46.23591,4.023149762326053,1.4987291419075195,52.999999095917474
3.74061,3.77121,55.10868,5259.3214,-0.13212,46.29257,4.028542538458159,1.5007380929092087,52.999999095917474
3.78918,3.82218,55.08783,5257.10637,-0.17085,46.3494,4.036972756211976,1.5038785708348843,52.999999095917474
3.83767,3.87318,55.06165,5254.89555,-0.20956,46.40644,4.048453422981739,1.5081554212811439,52.999999095917474
3.8861,3.92421,55.03017,5252.68724,-0.24821,46.46374,4.063002013969838,1.513575154220678,52.999999095917474
3.93445,3.97527,54.99339,5250.47969,-0.28677,46.52133,4.080640455832944,1.520145937910021,52.999999095917474
3.98274,4.02636,54.95134,5248.27115,-0.32522,46.57926,4.101395104502257,1.5278775906270128,52.999999095917474
4.03095,4.07748,54.90403,5246.05983,-0.36352,46.63756,4.125296716351679,1.5367815699301792,52.999999095917474
4.07908,4.12864,54.8515,5243.84393,-0.40164,46.69629,4.152380411703743,1.546870959063736,52.999999095917474
4.12715,4.17982,54.79377,5241.62161,-0.43955,46.75547,4.182685629474195,1.5581604500614985,52.999999095917474
4.17514,4.23103,54.73088,5239.39099,-0.47722,46.81515,4.216256071561966,1.5706663230306845,52.999999095917474
4.22306,4.28228,54.66287,5237.15018,-0.51461,46.87538,4.253139635394865,1.5844064210234103,52.999999095917474
4.2709,4.33356,54.58978,5234.89724,-0.5517,46.9362,4.293388332828698,1.5994001198244783,52.999999095917474
4.31867,4.38487,54.51167,5232.63018,-0.58844,46.99766,4.337058193365901,1.61566829189777,52.999999095917474
4.36637,4.43621,54.42858,5230.347,-0.62481,47.0598,4.384209149466106,1.6332332636614166,52.999999095917474
4.41398,4.48759,54.34058,5228.04563,-0.66078,47.12266,4.434904901452227,1.6521187651617604,52.999999095917474
4.46152,4.539,54.24772,5225.72396,-0.6963,47.18631,4.489212759287678,1.6723498711312046,52.999999095917474
4.50899,4.59044,54.15009,5223.37985,-0.73134,47.25077,4.5472034582825485,1.6939529323339149,52.999999095917474
4.55637,4.64192,54.04774,5221.01108,-0.76586,47.31612,4.6089509454799185,1.716955495989103,52.999999095917474
4.60367,4.69344,53.94075,5218.6154,-0.79983,47.38238,4.674532133283817,1.7413862139909566,52.999999095917474
4.65089,4.74499,53.82922,5216.19051,-0.83321,47.44963,4.744026616600696,1.7672747375363969,52.999999095917474
4.69803,4.79657,53.71323,5213.73404,-0.86597,47.51791,4.817516349549413,1.7946515966910424,52.999999095917474
4.74509,4.84819,53.59286,5211.24357,-0.89805,47.58727,4.895085277544291,1.8235480633304633,52.999999095917474
4.79206,4.89985,53.46823,5208.71663,-0.92942,47.65777,4.9768189203637805,1.8539959958222942,52.999999095917474
4.83894,4.95155,53.33943,5206.15068,-0.96004,47.72947,5.062803901615687,1.8860276637396467,52.999999095917474
4.88574,5.00328,53.20658,5203.54312,-0.98987,47.80242,5.1531274198573485,1.9196755508394618,52.999999095917474
4.93244,5.05505,53.06979,5200.89131,-1.01887,47.87669,5.247876656514364,1.9549721344966557,52.999999095917474
4.97906,5.10686,52.92918,5198.19252,-1.04698,47.95234,5.347138115695163,1.9919496397676786,52.999999095917474
5.02558,5.15871,52.78488,5195.444,-1.07417,48.02943,5.45099689098149,2.0306397662506774,52.999999095917474
5.07201,5.2106,52.63703,5192.6429,-1.10039,48.10801,5.559535854396085,2.0710733859546173,52.999999095917474
5.11834,5.26253,52.48577,5189.78633,-1.1256,48.18817,5.672834762913456,2.1132802104510344,52.999999095917474
5.16458,5.31451,52.33123,5186.87137,-1.14974,48.26995,5.790969278175256,2.1572884256922222,52.999999095917474
5.21071,5.36652,52.17359,5183.895,-1.17277,48.35343,5.914009895532494,2.2031242930512756,52.999999095917474
5.25674,5.41858,52.01299,5180.85418,-1.19465,48.43868,6.042020779100027,2.250811715349239,52.999999095917474
5.30267,5.47068,51.8496,5177.74583,-1.21531,48.52577,6.17505850026275,2.3003717669154677,52.999999095917474
5.34849,5.52282,51.68359,5174.56681,-1.23471,48.61476,6.313170678061909,2.351822187095758,52.999999095917474
5.3942,5.57501,51.51515,5171.31394,-1.25281,48.70573,6.456394521016271,2.405176837042367,52.999999095917474
5.4398,5.62724,51.34446,5167.98402,-1.26955,48.79875,6.604755271375759,2.4604451201575532,52.999999095917474
5.48529,5.67952,51.17171,5164.57384,-1.28487,48.89389,6.758264554424782,2.5176313671656394,52.999999095917474
5.53066,5.73185,50.99711,5161.08015,-1.29874,48.99122,6.916918637425467,2.5767341875235537,52.999999095917474
5.57591,5.78422,50.82085,5157.49971,-1.31109,49.09081,7.080696604948079,2.637745789683401,52.999999095917474
5.62104,5.83665,50.64316,5153.82928,-1.32188,49.19275,7.249558459864767,2.7006512736626695,52.999999095917474
5.66604,5.88912,50.46424,5150.06562,-1.33105,49.29709,7.423443162038078,2.7654279004040956,52.999999095917474
5.71091,5.94164,50.28434,5146.20554,-1.33856,49.40392,7.602266619779943,2.8320443435412876,52.999999095917474
5.75565,5.99421,50.10367,5142.24589,-1.34436,49.51329,7.785919652455304,2.900459930414971,52.999999095917474
5.80026,6.04684,49.92249,5138.18356,-1.3484,49.62529,7.974265946134768,2.970623880499812,52.999999095917474
5.84473,6.09951,49.74102,5134.01553,-1.35063,49.73998,8.167140027836243,3.042474550756125,52.999999095917474
5.88906,6.15224,49.55953,5129.73884,-1.35101,49.85742,8.364345287723605,3.1159386988468367,52.999999095917474
5.93324,6.20502,49.37827,5125.35068,-1.3495,49.97767,8.565652082379758,3.1909307765567996,52.999999095917474
5.97727,6.25785,49.1975,5120.84834,-1.34605,50.10081,8.77079595604769,3.2673522671582735,52.999999095917474
6.02115,6.31074,49.01748,5116.22926,-1.34062,50.22687,8.979476020177907,3.3450910817497195,52.999999095917474
6.06488,6.36369,48.83849,5111.49105,-1.33319,50.35593,9.191353534837354,3.4240210307932903,52.999999095917474
6.10845,6.41669,48.66079,5106.63153,-1.32373,50.48801,9.406050738212748,3.504001388074027,52.999999095917474
6.15185,6.46975,48.48467,5101.6487,-1.31219,50.62318,9.623149972431008,3.5848765650449668,52.999999095917474
6.19508,6.52287,48.3104,5096.54082,-1.29857,50.76146,9.842193155102157,3.6664759139629703,52.999999095917474
6.23815,6.57604,48.13827,5091.30642,-1.28283,50.90289,10.062681646173441,3.748613678288374,52.999999095917474
6.28104,6.62928,47.96855,5085.9443,-1.26498,51.04749,10.284076558571444,3.831089108407364,52.999999095917474
6.32375,6.68257,47.80153,5080.45357,-1.24499,51.19528,10.505799558744785,3.9136867598551754,52.999999095917474
6.36627,6.73592,47.63748,5074.83368,-1.22287,51.34628,10.727234199273814,3.9961769897482813,52.999999095917474
6.40861,6.78933,47.4767,5069.08444,-1.19863,51.50048,10.947727820106946,4.078316665044948,52.999999095917474
6.45076,6.8428,47.31946,5063.20601,-1.17227,51.65787,11.166594047821848,4.159850093585782,52.999999095917474
6.49271,6.89634,47.16604,5057.19897,-1.1438,51.81844,11.383115913212027,4.240510185476774,52.999999095917474
6.53446,6.94993,47.0167,5051.06431,-1.11327,51.98217,11.596549596914745,4.320019848434235,52.999999095917474
6.57601,7.00359,46.87172,5044.80345,-1.08069,52.14901,11.806128800618296,4.398093616174536,52.999999095917474
6.61735,7.05731,46.73135,5038.41824,-1.04611,52.31892,12.011069727740987,4.474439503848061,52.999999095917474
6.65848,7.11109,46.59584,5031.911,-1.00958,52.49185,12.210576642945803,4.548761079104723,52.999999095917474
6.6994,7.16493,46.46544,5025.28449,-0.97115,52.66772,12.403847964439384,4.620759731635603,52.999999095917474
6.7401,7.21883,46.3404,5018.54196,-0.9309,52.84645,12.590082827433404,4.69013711823503,52.999999095917474
6.78057,7.27279,46.22092,5011.6871,-0.88889,53.02796,12.768488041711901,4.75659775467747,52.999999095917474
6.82082,7.32682,46.10722,5004.72406,-0.8452,53.21215,12.938285351675525,4.819851720275025,52.999999095917474
6.86084,7.38091,45.99951,4997.65747,-0.79993,53.39889,13.098718893881198,4.879617436007187,52.999999095917474
6.90063,7.43506,45.89796,4990.49235,-0.75317,53.58806,13.249062735773341,4.935624472896565,52.999999095917474
6.94027,7.4892,45.80871,4983.22472,-0.6137,53.59619,13.377352489680845,4.983415781733688,0.0
6.97984,7.54328,45.73791,4975.85934,-0.47232,53.60433,13.471342720424477,5.0184296157175,0.0
7.01935,7.59729,45.6857,4968.41526,-0.32963,53.61249,13.530063328369986,5.040304587209384,0.0
7.0588,7.65123,45.65217,4960.91209,-0.18623,53.62067,13.553007202741098,5.0488517841022915,0.0
7.09818,7.7051,45.63731,4953.36976,-0.04275,53.62887,13.54010741904978,5.044046275263537,0.0
7.13749,7.75889,45.64104,4945.80827,0.1002,53.63708,13.491736125636717,5.026026695741844,0.0
7.17673,7.81262,45.66319,4938.24746,0.242,53.64531,13.408691706222266,4.995090464479782,0.0
7.2159,7.86627,45.70352,4930.70674,0.38207,53.65357,13.292174904527227,4.95168489010682,0.0
7.25501,7.91985,45.76171,4923.20492,0.51982,53.66183,13.143755082687102,4.89639460131083,0.0
7.29404,7.97336,45.83737,4915.75996,0.65472,53.67012,12.965328185689204,4.829925887484908,0.0
7.33301,8.02679,45.93006,4908.38882,0.78624,53.67843,12.759068275967818,4.753088644088846,0.0
7.37191,8.08015,46.03925,4901.10733,0.91392,53.68675,12.52737467262694,4.666776680618771,0.0
7.41075,8.13344,46.16438,4893.93001,1.03731,53.69509,12.27281677613805,4.571947166355298,0.0
7.44951,8.18666,46.30483,4886.87004,1.15603,53.70346,11.99807858970415,4.469599963111927,0.0
7.48822,8.23982,46.45994,4879.93915,1.26974,53.71184,11.7059047787,4.360757530957245,0.0
7.52685,8.2929,46.629,4873.14764,1.37814,53.72024,11.399049861770989,4.246446000562406,0.0
7.56543,8.34592,46.8113,4866.50432,1.48098,53.72867,11.080231826206301,4.127677893707183,0.0
7.60394,8.39887,47.00607,4860.01658,1.57806,53.73711,10.75209113178424,4.0054368511336715,0.0
7.64239,8.45176,47.21256,4853.6904,1.66924,53.74558,10.41715573496289,3.880664603137045,0.0
7.68078,8.50459,47.42997,4847.53042,1.75438,53.75408,10.077812449609905,3.7542503006838563,0.0
7.71911,8.55736,47.65751,4841.54002,1.83343,53.7626,9.736284676876501,3.6270222192041404,0.0
7.75738,8.61007,47.8944,4835.72138,1.90635,53.77114,9.394616296226888,3.499741757576019,0.0
7.7956,8.66272,48.13984,4830.07562,1.97314,53.77972,9.0546613177644,3.3730995833449264,0.0
7.83376,8.71532,48.39305,4824.60286,2.03384,53.78832,8.718078754627594,3.2477137225562385,0.0
7.87187,8.76787,48.65326,4819.30233,2.08851,53.79694,8.38633208107187,3.124129357876416,0.0
7.90992,8.82036,48.9197,4814.17248,2.13724,53.8056,8.060692592633258,3.0028200803424294,0.0
7.94793,8.87281,49.19162,4809.21109,2.18013,53.81429,7.742245972994982,2.8841903356923355,0.0
7.98589,8.92522,49.4683,4804.41534,2.21732,53.82301,7.431901390792375,2.7685788131644635,0.0
8.0238,8.97758,49.74903,4799.78191,2.24895,53.83176,7.130402491385895,2.6562625402220705,0.0
8.06166,9.02989,50.03313,4795.30708,2.27517,53.84054,6.838339706452536,2.54746146820003,0.0
8.09948,9.08217,50.31992,4790.98679,2.29616,53.84936,6.556163372200706,2.4423433591850316,0.0
8.13725,9.13441,50.60877,4786.81672,2.31209,53.85821,6.284197219527017,2.3410288114539357,0.0
8.17499,9.18661,50.89906,4782.79236,2.32313,53.8671,6.022651872528367,2.243596288024692,0.0
8.21268,9.23878,51.19019,4778.90907,2.32948,53.87602,5.77163806204728,2.150087039049643,0.0
8.25033,9.29091,51.4816,4775.16212,2.33131,53.88499,5.531179326175386,2.060509833087246,0.0
8.28794,9.34301,51.77274,4771.54673,2.32881,53.89398,5.30122402839227,1.9748454341750075,0.0
8.32552,9.39508,52.06309,4768.05814,2.32218,53.90302,5.0816565754218885,1.8930507807761585,0.0
8.36306,9.44713,52.35216,4764.69161,2.31159,53.9121,4.8723077607862395,1.8150628390255539,0.0
8.40056,9.49914,52.63948,4761.44247,2.29722,53.92121,4.672964196496777,1.7408021162828848,0.0
8.43803,9.55113,52.92458,4758.30611,2.27924,53.93037,4.48337682485545,1.6701758320025228,0.0
8.47546,9.6031,53.20705,4755.27807,2.25784,53.93957,4.303268525511197,1.6030807515622243,0.0
8.51286,9.65504,53.48647,4752.35395,2.23318,53.9488,4.132340850506221,1.539405695245071,0.0
8.55023,9.70697,53.76247,4749.52953,2.20542,53.95808,3.970279932761058,1.4790337393056214,0.0
8.58757,9.75887,54.03467,4746.8007,2.17472,53.9674,3.816761622111602,1.4218441292788435,0.0
8.62488,9.81075,54.30274,4744.1635,2.14123,53.97677,3.6714559082707976,1.3677139276497154,0.0
8.66216,9.86261,54.56633,4741.61412,2.10509,53.98618,3.5340306926613843,1.316519418960168,0.0
8.69941,9.91446,54.82515,4739.1489,2.06645,53.99563,3.404154971486211,1.2681372955865287,0.0
8.73663,9.96629,55.0789,4736.76432,2.02544,54.00513,3.281501491226041,1.222445646982323,0.0
8.77383,10.01811,55.3273,4734.45701,1.98219,54.01467,3.1657489353523243,1.1793247742863195,0.0
8.811,10.06991,55.57009,4732.22377,1.93681,54.02425,3.056583697838729,1.138657851002239,0.0
8.84814,10.1217,55.80703,4730.0615,1.88944,54.03388,2.953701295286111,1.1003314490524592,0.0
8.88525,10.17348,56.03788,4727.96727,1.84017,54.04356,2.8568074654086932,1.0642359479930217,0.0
8.92235,10.22525,56.26243,4725.93828,1.78912,54.05328,2.765618995441255,1.0302658436171053,0.0
8.95941,10.277,56.48046,4723.97185,1.73639,54.06305,2.6798643198367498,0.9983199706131162,0.0
8.99645,10.32875,56.69179,4722.06542,1.68208,54.07286,2.5992839225754016,0.96830165243541,0.0
9.03347,10.38049,56.89623,4720.21657,1.62627,54.08272,2.523630575515405,0.9401187900961997,0.0
9.07047,10.43221,57.09361,4718.42296,1.56907,54.09263,2.452669440586906,0.913683900235504,0.0
9.10744,10.48394,57.28378,4716.68237,1.51054,54.10259,2.386178060267856,0.8889141115731501,0.0
9.14439,10.53565,57.46657,4714.9927,1.45078,54.11259,2.3239462576751,0.8657311276900759,0.0
9.18132,10.58736,57.64186,4713.35191,1.38985,54.12264,2.2657759648157185,0.8440611630474358,0.0
9.21823,10.63906,57.8095,4711.75807,1.32784,54.13274,2.2114809950092775,0.8238348582079028,0.0
9.25511,10.69075,57.96938,4710.20933,1.26481,54.14288,2.1608867732430057,0.804987179385874,0.0
9.29198,10.74245,58.12137,4708.70392,1.20083,54.15308,2.113830036218128,0.7874573067068397,0.0
9.32882,10.79413,58.26538,4707.24012,1.13596,54.16332,2.070158512078461,0.7711885148978581,0.0
9.36564,10.84582,58.4013,4705.8163,1.07027,54.17361,2.0297305882743775,0.7561280495581423,0.0
9.40245,10.8975,58.52904,4704.43089,1.00381,54.18395,1.9924149746530007,0.7422270016512944,0.0
9.43923,10.94918,58.64852,4703.08236,0.93664,54.19434,1.9580903677105919,0.7294401824304841,0.0
9.47599,11.00085,58.75966,4701.76925,0.86881,54.20477,1.9266451209270494,0.7177260006293769,0.0
9.51274,11.05253,58.86238,4700.49013,0.80039,54.21526,1.8979769252436296,0.7070463434316772,0.0
9.54946,11.1042,58.95662,4699.24362,0.73141,54.22579,1.8719925029995388,0.6973664624544569,0.0
9.58617,11.15587,59.04232,4698.02838,0.66193,54.23638,1.8486073180295168,0.6886548657518757,0.0
9.62286,11.20754,59.11943,4696.8431,0.59199,54.24701,1.8277453040881688,0.680883216646101,0.0
9.65953,11.25921,59.18789,4695.68649,0.52165,54.25769,1.8093386133265723,0.6740262400282246,0.0
9.69618,11.31088,59.24767,4694.5573,0.45094,54.26843,1.793327386182701,0.6680616366363918,0.0
9.73281,11.36255,59.29872,4693.45428,0.37992,54.27921,1.7796595437346763,0.6629700057019243,0.0
9.76942,11.41422,59.34102,4692.37622,0.30862,54.29004,1.768290603318276,0.6587347762619897,0.0
9.80602,11.4659,59.37454,4691.32191,0.23708,54.30092,1.7591835180074338,0.6553421473618651,0.0
9.8426,11.51757,59.39925,4690.29014,0.16536,54.31185,1.7523085403755754,0.6527810373024495,0.0
9.87916,11.56925,59.41514,4689.27971,0.09348,54.32283,1.7476431108337958,0.6510430420432974,0.0
9.9157,11.62092,59.4222,4688.28943,0.02149,54.33386,1.7451717707160976,0.650122402824583,0.0
9.95223,11.6726,59.42042,4687.31809,-0.05056,54.34494,1.7448861001897067,0.6500159830370584,0.0
9.98874,11.72429,59.40979,4686.36449,-0.12264,54.35607,1.7467846809930088,0.6507232543409558,0.0
10.02523,11.77597,59.39032,4685.42741,-0.19471,54.36725,1.7508730839200668,0.6522462920036403,0.0
10.0617,11.82766,59.36203,4684.50561,-0.26672,54.37848,1.7571638809098407,0.6545897794031614,0.0
10.09816,11.87935,59.32491,4683.59785,-0.33864,54.38976,1.7656766815171754,0.6577610216146579,0.0
10.1346,11.93104,59.27899,4682.70283,-0.41043,54.40108,1.7764381934721007,0.6617699679702884,0.0
10.17102,11.98274,59.22429,4681.81926,-0.48203,54.41246,1.789482306939838,0.6666292434483017,0.0
10.20743,12.03444,59.16083,4680.9458,-0.55342,54.42389,1.8048502019866892,0.6723541887069082,0.0
10.24381,12.08614,59.08866,4680.08107,-0.62454,54.43537,1.8225904786337295,0.6789629085327018,0.0
10.28019,12.13785,59.00781,4679.22368,-0.69535,54.44689,1.8427593087185719,0.6864763284131631,0.0
10.31654,12.18956,58.91832,4678.37215,-0.76581,54.45847,1.8654206086014764,0.6949182588742302,0.0
10.35288,12.24128,58.82024,4677.52498,-0.83587,54.4701,1.8906462315177832,0.7043154671366393,0.0
10.3892,12.293,58.71363,4676.68062,-0.90548,54.48177,1.9185161781060374,0.7146977555431918,0.0
10.4255,12.34472,58.59855,4675.83744,-0.97459,54.4935,1.9491188232976304,0.7260980460811158,0.0
10.46179,12.39645,58.47506,4674.99375,-1.04315,54.50527,1.9825511573722925,0.7385524701815782,0.0
10.49806,12.44818,58.34324,4674.14781,-1.11111,54.5171,2.0189190384868865,0.7521004627933066,0.0
10.53431,12.49992,58.20317,4673.29779,-1.17842,54.52897,2.0583374534520233,0.7667848595287385,0.0
10.57055,12.55166,58.05494,4672.44177,-1.24501,54.54089,2.1009307828524495,0.7826519954283419,0.0
10.60676,12.6034,57.89864,4671.57776,-1.31083,54.55286,2.146833065861073,0.7997518036108082,0.0
10.64297,12.65515,57.73437,4670.70366,-1.37581,54.56488,2.1961882591987876,0.8181379117423996,0.0
10.67915,12.7069,57.56225,4669.8173,-1.43989,54.57695,2.249150483680852,0.8378677338819623,0.0
10.71531,12.75866,57.38238,4668.91637,-1.50301,54.58907,2.305884250604292,0.8590025548161916,0.0
10.75146,12.81042,57.1949,4667.99847,-1.56509,54.60124,2.366564658917887,0.8816076035106384,0.0
10.78759,12.86219,56.99994,4667.06108,-1.62606,54.61345,2.431377552590036,0.9057521117333803,0.0
10.8237,12.91395,56.79765,4666.10153,-1.68584,54.62571,2.5005196258905555,0.9315093532752615,0.0
10.85979,12.96573,56.58817,4665.11706,-1.74435,54.63802,2.5741984624151084,0.9589566584875198,0.0
10.89587,13.0175,56.37169,4664.10472,-1.80151,54.65038,2.652632491567166,0.9881753980701719,0.0
10.93192,13.06928,56.14836,4663.06146,-1.85723,54.66278,2.736050843903431,1.0192509291843768,0.0
10.96796,13.12106,55.91837,4661.98405,-1.91141,54.67523,2.824693084225806,1.0522724960221728,0.0
11.00398,13.17284,55.68193,4660.86909,-1.96395,54.68773,2.91880879861157,1.0873330759643514,0.0
11.03998,13.22463,55.43925,4659.71305,-2.01477,54.70027,3.0186570086721716,1.1245291613764457,0.0
11.07595,13.27641,55.19055,4658.51218,-2.06373,54.71286,3.1245053833443346,1.1639604659801792,0.0
11.11191,13.3282,54.93606,4657.2626,-2.11075,54.7255,3.236629215413811,1.2057295435816338,0.0
11.14785,13.37999,54.67603,4655.96019,-2.15569,54.73818,3.355310126910905,1.2499413057970186,0.0
11.18376,13.43178,54.41075,4654.60069,-2.19844,54.7509,3.4808344645126823,1.2967024242977756,0.0
11.21966,13.48357,54.14047,4653.17962,-2.23887,54.76368,3.6134913433630924,1.3461206020821035,0.0
11.25553,13.53536,53.86551,4651.69231,-2.27684,54.77649,3.753570295366664,1.3983036974024818,0.0
11.29138,13.58714,53.58617,4650.13391,-2.31222,54.78935,3.901358476295198,1.4533586833394294,0.0
11.3272,13.63893,53.3028,4648.49935,-2.34486,54.80225,4.057137385187797,1.5113904256916977,0.0
11.36301,13.69071,53.01573,4646.78338,-2.37461,54.81519,4.221179049827417,1.572500261965919,0.0
11.39878,13.74249,52.72533,4644.98056,-2.40132,54.82818,4.3937416339200475,1.6367843649352711,0.0
11.43454,13.79426,52.432,4643.08529,-2.42484,54.84121,4.575064425327094,1.7043318756241697,0.0
11.47027,13.84603,52.13614,4641.09177,-2.44499,54.85428,4.765362170845311,1.7752227928647337,0.0
11.50597,13.89779,51.83818,4638.99407,-2.46161,54.86738,4.964818731943557,1.8495256098918005,0.0
11.54164,13.94955,51.53856,4636.78612,-2.47454,54.88053,5.173580048179364,1.9272946930304509,0.0
11.57729,14.00129,51.23775,4634.46172,-2.48359,54.89372,5.391746411101874,2.0085674035215697,0.0
11.61291,14.05303,50.93625,4632.01462,-2.48859,54.90694,5.619364071879265,2.0933609711422445,0.0
11.6485,14.10476,50.63455,4629.43847,-2.48936,54.92021,5.856416230910293,2.1816691375989876,0.0
11.68406,14.15647,50.3332,4626.72695,-2.48574,54.9335,6.102813487627217,2.273458598828046,0.0
11.71959,14.20817,50.03275,4623.87374,-2.47755,54.94684,6.358383863637272,2.3686652883530903,0.0
11.75504,14.25989,49.73067,4620.87854,-2.51605,55.05917,6.625776604577088,2.4682761198796133,54.99999906180115
11.79037,14.31165,49.42431,4617.73921,-2.55174,55.17581,6.90811669938943,2.573455234012201,54.99999906180115
11.82557,14.36346,49.11403,4614.44652,-2.58444,55.29701,7.2059706922983064,2.684413683380975,54.99999906180115
11.86063,14.41532,48.80022,4610.99087,-2.61399,55.42301,7.519860741832042,2.8013459857765524,54.99999906180115
11.89555,14.46722,48.48329,4607.36235,-2.64022,55.55408,7.850273358615268,2.924433379207473,54.99999906180115
11.93033,14.51917,48.16366,4603.55074,-2.66295,55.69048,8.197647917206188,3.0538395422573097,54.99999906180115
11.96496,14.57118,47.84179,4599.54554,-2.682,55.83249,8.56236373614607,3.1897057810631533,54.99999906180115
11.99943,14.62323,47.51815,4595.33602,-2.69717,55.98039,8.944725698766623,3.332145672688031,54.99999906180115
12.03373,14.67534,47.19323,4590.91126,-2.70828,56.13447,9.344948424047532,3.48123916834884,54.99999906180115
12.06786,14.7275,46.86755,4586.26019,-2.71513,56.29503,9.76313904344491,3.6370261773317827,54.99999906180115
12.10181,14.77972,46.54166,4581.37165,-2.71754,56.46235,10.199278696993066,3.7994996738033997,54.99999906180115
12.13558,14.83199,46.21611,4576.23452,-2.71529,56.63675,10.653202930544103,3.968598394266552,54.99999906180115
12.16915,14.88432,45.89149,4570.83773,-2.7082,56.8185,11.12458125570536,4.144199223099302,54.99999906180115
12.20251,14.9367,45.5684,4565.17042,-2.69609,57.00791,11.6128962241398,4.326109397181217,54.99999906180115
12.23566,14.98914,45.24749,4559.22202,-2.67875,57.20525,12.11742246661691,4.514058697388316,54.99999906180115
12.26859,15.04164,44.92938,4552.98237,-2.65603,57.4108,12.637206251863713,4.707691833727239,54.99999906180115
12.30128,15.09421,44.61476,4546.44189,-2.62774,57.62483,13.17104622676208,4.906561270551976,54.99999906180115
12.33374,15.14683,44.3043,4539.59169,-2.59373,57.84757,13.717476102341372,5.110120776640583,54.99999906180115
12.36594,15.19951,43.99869,4532.42375,-2.55388,58.07924,14.27475014239134,5.317720019321657,54.99999906180115
12.39789,15.25225,43.69866,4524.93104,-2.50805,58.32005,14.84083238542445,5.528600549371718,54.99999906180115
12.42956,15.30505,43.4049,4517.10777,-2.45614,58.57014,15.413390576653555,5.74189354051724,54.99999906180115
12.46094,15.35792,43.11816,4508.94948,-2.39809,58.82966,15.989795795255649,5.95661965058058,54.99999906180115
12.49204,15.41084,42.83915,4500.45325,-2.33386,59.09869,16.5671287234514,6.171691356877068,54.99999906180115
12.52283,15.46383,42.5686,4491.61787,-2.26342,59.37727,17.142193409618894,6.385918083336993,54.99999906180115
12.55331,15.51687,42.30721,4482.44399,-2.1868,59.66539,17.711539220927193,6.598014378439212,54.99999906180115
12.58346,15.56998,42.05571,4472.93426,-2.10406,59.96299,18.271491458679595,6.8066113202320615,54.99999906180115
12.61327,15.62314,41.81478,4463.09344,-2.01531,60.26996,18.81819082269296,7.0102712178530275,54.99999906180115
12.64274,15.67636,41.58508,4452.92855,-1.92068,60.58611,19.34764156569709,7.207505550309519,54.99999906180115
12.67185,15.72964,41.36725,4442.44888,-1.82036,60.91119,19.855767787496013,7.3967959375351535,54.99999906180115
12.7006,15.78297,41.16192,4431.66607,-1.7146,61.2449,20.33847689930957,7.576617782526824,54.99999906180115
12.72898,15.83635,40.96964,4420.59411,-1.60366,61.58686,20.791728865164682,7.745466065584818,54.99999906180115
12.75697,15.88978,40.79095,4409.24929,-1.48787,61.93663,21.211609427391164,7.901882622736672,54.99999906180115
12.78456,15.94326,40.62633,4397.6501,-1.3676,62.29371,21.594405177004763,8.044484111430082,54.99999906180115
12.81176,15.99678,40.47621,4385.81715,-1.24326,62.65753,21.936678066882134,8.17198976865114,54.99999906180115
12.83855,16.05034,40.34096,4373.77299,-1.1153,63.02747,22.235336812598575,8.283248009615052,54.99999906180115
12.86493,16.10394,40.2209,4361.54189,-0.98421,63.40284,22.487702602524656,8.37726090650608,54.99999906180115
12.8909,16.15758,40.11628,4349.14963,-0.8505,63.78294,22.69156665676397,8.453205630696319,54.99999906180115
12.91644,16.21124,40.02728,4336.62321,-0.71472,64.16699,22.845237434015697,8.510452038544079,54.99999906180115
12.94156,16.26494,39.95403,4323.99056,-0.57742,64.5542,22.947575675734008,8.548575726265346,54.99999906180115
12.96625,16.31865,39.89656,4311.28023,-0.4392,64.94377,22.99801597576789,8.567366065192136,54.99999906180115
12.99051,16.37239,39.85487,4298.5211,-0.30064,65.33485,22.99657413974372,8.566828943336144,54.99999906180115
13.01434,16.42614,39.82886,4285.74198,-0.16232,65.72662,22.943840213580593,8.547184168327275,54.99999906180115
13.03775,16.4799,39.81838,4272.9714,-0.02483,66.11825,22.840957674187404,8.508857715400783,54.99999906180115
13.06073,16.53366,39.82322,4260.23721,0.11126,66.50892,22.689589847005283,8.452469217048211,54.99999906180115
13.08328,16.58744,39.84309,4247.56635,0.24539,66.89784,22.49187510947464,8.378815275130215,54.99999906180115
13.10541,16.64121,39.87767,4234.98459,0.37702,67.28423,22.25037282863275,8.288849321209174,54.99999906180115
13.12713,16.69497,39.92656,4222.5163,0.50565,67.66739,21.96800224690569,8.183658849898693,54.99999906180115
13.14843,16.74873,39.98931,4210.18426,0.6308,68.04661,21.647976664690518,8.064440900143698,54.99999906180115
13.16933,16.80248,40.06544,4198.00949,0.75204,68.42126,21.293735274870183,7.932476661783704,54.99999906180115
13.18983,16.85621,40.15442,4186.01117,0.86895,68.79075,20.90887489421819,7.789106043704779,54.99999906180115
13.20993,16.90993,40.2557,4174.20651,0.98118,69.15457,20.497083629026562,7.635702962540622,54.99999906180115
13.22965,16.96362,40.36866,4162.61078,1.08841,69.51222,20.062078230301278,7.473652005834566,54.99999906180115
13.24898,17.0173,40.49269,4151.2372,1.19035,69.86331,19.60754656348944,7.304327000499234,54.99999906180115
13.26795,17.07095,40.62716,4140.09707,1.28677,70.20747,19.137096263515193,7.129071885466458,54.99999906180115
13.28656,17.12457,40.77139,4129.19971,1.37747,70.54441,18.65421029129981,6.949184155321628,54.99999906180115
13.30482,17.17816,40.92472,4118.55263,1.4623,70.87388,18.16220977210786,6.765901016609867,54.99999906180115
13.32273,17.23172,41.08647,4108.16154,1.54113,71.19569,17.6642241935124,6.580388285793902,54.99999906180115
13.3403,17.28525,41.25595,4098.0305,1.61388,71.50971,17.16316878213277,6.393731961493678,54.99999906180115
13.35756,17.33875,41.43249,4088.162,1.68051,71.81586,16.661728668601178,6.206932325519721,54.99999906180115
13.37449,17.39221,41.6154,4078.55714,1.741,72.11408,16.162349291546295,6.02090036810458,54.99999906180115
13.39112,17.44564,41.804,4069.21568,1.79537,72.40438,15.667232381531742,5.836456291814219,54.99999906180115
13.40745,17.49903,41.99764,4060.13625,1.84365,72.68679,15.178336801102216,5.654329824487314,54.99999906180115
13.42349,17.55239,42.19566,4051.31641,1.8859,72.96138,14.697383491376675,5.4751620619713615,54.99999906180115
13.43925,17.60571,42.39741,4042.75282,1.92222,73.22825,14.225863782297141,5.29950856390902,54.99999906180115
13.45474,17.65899,42.60227,4034.44133,1.9527,73.48753,13.765050355874912,5.127843437835774,54.99999906180115
13.46997,17.71224,42.80962,4026.37712,1.97747,73.73936,13.316010202780634,4.960564165850654,54.99999906180115
13.48494,17.76545,43.01888,4018.5548,1.99664,73.98392,12.879618976301149,4.797996951842833,54.99999906180115
13.49967,17.81862,43.22946,4010.96849,2.01038,74.22139,12.456576218681837,4.6404023937047825,54.99999906180115
13.51415,17.87176,43.44082,4003.61193,2.01882,74.45197,12.047421008766184,4.487981312489715,54.99999906180115
13.52841,17.92486,43.6524,3996.47858,2.02214,74.67587,11.652547653095178,4.34088059775898,54.99999906180115
13.54244,17.97792,43.8637,3989.56164,2.02049,74.8933,11.272221112569545,4.1991989544196375,54.99999906180115
13.55625,18.03095,44.07422,3982.85419,2.01405,75.1045,10.906591921656402,4.0629924605214915,54.99999906180115
13.56986,18.08394,44.28347,3976.34917,2.00298,75.30969,10.555710415532749,3.9322798672423698,54.99999906180115
13.58326,18.1369,44.49101,3970.03952,1.98746,75.50911,10.219540132135524,3.807047591504408,54.99999906180115
13.59646,18.18983,44.69638,3963.91813,1.96767,75.70298,9.897970300476773,3.6872543682000334,54.99999906180115
13.60947,18.24272,44.89918,3957.97797,1.94378,75.89154,9.590827363960527,3.572835542930699,54.99999906180115
13.62229,18.29557,45.099,3952.21203,1.91595,76.07502,9.297885518282,3.4637069976516033,54.99999906180115
13.63494,18.3484,45.29547,3946.61344,1.88436,76.25364,9.018876268256276,3.3597687108418315,54.99999906180115
13.6474,18.40119,45.48821,3941.17542,1.84918,76.42764,8.753497027251635,3.2609079610195324,54.99999906180115
13.6597,18.45396,45.67688,3935.89134,1.81057,76.59724,8.501418797504382,3.1670021878612795,54.99999906180115
13.67183,18.50669,45.86117,3930.75471,1.76869,76.76265,8.26229298018019,3.0779215291291,54.99999906180115
13.6838,18.55939,46.04075,3925.75919,1.7237,76.92408,8.0357573711277,2.993531054246445,54.99999906180115
13.69561,18.61206,46.21533,3920.89862,1.67575,77.08175,7.82144140256953,2.9136927169660156,54.99999906180115
13.70727,18.66471,46.38463,3916.16701,1.62499,77.23585,7.618970693005883,2.838267050328568,54.99999906180115
13.71878,18.71732,46.5484,3911.55854,1.57156,77.38659,7.4279709678113734,2.7671146271883877,54.99999906180115
13.73014,18.76991,46.70638,3907.06755,1.51561,77.53414,7.248071411820994,2.700097309139775,54.99999906180115
13.74136,18.82247,46.85834,3902.68856,1.45727,77.67871,7.0789075129956,2.6370793058572604,54.99999906180115
13.75244,18.875,47.00407,3898.41626,1.39668,77.82046,6.920123453308742,2.5779280657638544,54.99999906180115
13.76338,18.9275,47.14334,3894.2455,1.33396,77.95958,6.771374099535666,2.522515017652335,54.99999906180115
13.77419,18.97999,47.27597,3890.17129,1.26923,78.09624,6.63232664289208,2.470716181493828,54.99999906180115
13.78487,19.03244,47.40179,3886.18879,1.20263,78.23059,6.502661932573401,2.422412665216262,54.99999906180115
13.79542,19.08487,47.52061,3882.2933,1.13426,78.3628,6.382075544331452,2.3774910627773083,54.99999906180115
13.80584,19.13727,47.63229,3878.48026,1.06424,78.49303,6.270278621373878,2.3358437674215344,54.99999906180115
13.81613,19.18965,47.73668,3874.74523,0.99268,78.62142,6.1669985211684955,2.297369212632044,54.99999906180115
13.82631,19.24201,47.83363,3871.08391,0.91968,78.74812,6.0719792981990794,2.261972051969714,54.99999906180115
13.83636,19.29435,47.92304,3867.49209,0.84536,78.87328,5.984982049382744,2.2295632877502487,54.99999906180115
13.84629,19.34666,48.00478,3863.96569,0.76981,78.99704,5.905785145787868,2.2000603573652127,54.99999906180115
13.8561,19.39894,48.07875,3860.50069,0.69313,79.11952,5.834184371391683,2.173387184972877,54.99999906180115
13.8658,19.45121,48.14485,3857.09317,0.61542,79.24087,5.76999298702119,2.1494742053178957,54.99999906180115
13.87538,19.50345,48.20301,3853.73929,0.53677,79.36121,5.713041735169139,2.128258365525386,54.99999906180115
13.88485,19.55567,48.25314,3850.43528,0.45728,79.48068,5.663178799211612,2.1096831099084024,54.99999906180115
13.89421,19.60787,48.29518,3847.17742,0.37703,79.59939,5.620269728525165,2.093698352072103,54.99999906180115
13.90345,19.66004,48.32907,3843.96202,0.29611,79.71747,5.584197339180067,2.0802604379193674,54.99999906180115
13.91258,19.7122,48.35476,3840.78546,0.21462,79.83505,5.554861598227197,2.0693321025446254,54.99999906180115
13.9216,19.76433,48.37222,3837.64413,0.13264,79.95224,5.532179498071532,2.0608824234346663,54.99999906180115
13.93051,19.81644,48.3814,3834.53445,0.05025,80.06916,5.516084925998879,2.0548867718639254,54.99999906180115
13.93931,19.86853,48.3823,3831.45284,-0.03246,80.18594,5.506528532658875,2.0513267639009323,54.99999906180115
13.94799,19.9206,48.37489,3828.39572,-0.11541,80.30269,5.503477602046253,2.050190211972915,54.99999906180115
13.95657,19.97265,48.35916,3825.35952,-0.1985,80.41954,5.506915924404623,2.0514710775191145,54.99999906180115
13.96504,20.02467,48.33513,3822.34064,-0.28166,80.53659,5.516843672321927,2.0551694248330783,54.99999906180115
13.9734,20.07667,48.3028,3819.33545,-0.36481,80.65397,5.5332772792442135,2.061291375805851,54.99999906180115
13.98165,20.12866,48.26218,3816.34031,-0.44785,80.77181,5.556249318528079,2.069849064869822,54.99999906180115
13.98979,20.18062,48.21332,3813.35149,-0.53071,80.89022,5.585808380073466,2.080860593041196,54.99999906180115
13.99782,20.23256,48.15623,3810.36526,-0.61329,81.00932,5.622018940492567,2.0943499795544964,54.99999906180115
14.00573,20.28447,48.09098,3807.37778,-0.69551,81.12924,5.664961221580744,2.1103471091392585,54.99999906180115
14.01354,20.33637,48.0176,3804.38518,-0.77728,81.25011,5.7147310307046295,2.128887672560397,54.99999906180115
14.02123,20.38824,47.93617,3801.38348,-0.85852,81.37206,5.771439575426881,2.1500130975610476,54.99999906180115
14.0288,20.44009,47.84676,3798.36862,-0.93913,81.49521,5.835213243342532,2.173770466845818,54.99999906180115
14.03627,20.49191,47.74943,3795.33645,-1.01901,81.61971,5.906193336706872,2.2002124192226913,54.99999906180115
14.04361,20.54372,47.6443,3792.2827,-1.09808,81.74568,5.984535749864898,2.2293970294370045,54.99999906180115
14.05084,20.59549,47.53144,3789.203,-1.17623,81.87328,6.070410575916833,2.26138766164401,54.99999906180115
14.05796,20.64725,47.41098,3786.09285,-1.25338,82.00264,6.164001627305434,2.2962527908150303,54.99999906180115
14.06495,20.69898,47.28304,3782.9476,-1.32941,82.13392,6.265505853214936,2.33406578570324,54.99999906180115
14.07182,20.75068,47.14773,3779.76249,-1.40422,82.26726,6.375132634787299,2.374904646293167,54.99999906180115
14.07856,20.80236,47.00521,3776.5326,-1.4777,82.40284,6.493102937174174,2.418851687917744,54.99999906180115
14.08518,20.854,46.85562,3773.25285,-1.54975,82.5408,6.619648295491585,2.4659931634997463,54.99999906180115
14.09168,20.90563,46.69912,3769.91801,-1.62025,82.68132,6.755009609703779,2.516418814614316,54.99999906180115
14.09804,20.95722,46.53589,3766.52268,-1.68909,82.82457,6.899435721554095,2.5702213413582666,54.99999906180115
14.10427,21.00878,46.36612,3763.06128,-1.75614,82.97073,7.05318174479711,2.6274957803176235,54.99999906180115
14.11037,21.06031,46.19,3759.52807,-1.82128,83.11999,7.216507118364871,2.688338779320825,54.99999906180115
14.11633,21.11181,46.00774,3755.91713,-1.88438,83.27253,7.38967335073004,2.7528477571546404,54.99999906180115
14.12215,21.16328,45.81956,3752.22235,-1.94532,83.42855,7.5729414228139245,2.8211199360790755,54.99999906180115
14.12782,21.21472,45.6257,3748.43746,-2.00396,83.58826,7.766568816368177,2.8932512348213755,54.99999906180115
14.13335,21.26612,45.42641,3744.55599,-2.06015,83.75185,7.970806135120465,2.969335009863877,54.99999906180115
14.13873,21.31748,45.22195,3740.57132,-2.11377,83.91955,8.18589328720352,3.049460633298386,54.99999906180115
14.14396,21.3688,45.01261,3736.47665,-2.16465,84.09157,8.41205519972156,3.1337118963894106,54.99999906180115
14.14903,21.42009,44.79866,3732.26503,-2.21267,84.26814,8.649497040082975,3.222165229394856,54.99999906180115
14.15394,21.47133,44.58042,3727.92935,-2.25766,84.44948,8.898398923966655,3.3148877301442377,54.99999906180115
14.15868,21.52253,44.3582,3723.46238,-2.29946,84.63584,9.158910097048084,3.4119349965785637,54.99999906180115
14.16325,21.57369,44.13235,3718.85678,-2.33793,84.82744,9.431142586882357,3.5133487619097292,54.99999906180115
14.16765,21.62479,43.90321,3714.10513,-2.37291,85.02454,9.715164333042365,3.619154335416233,54.99999906180115
14.17188,21.67585,43.67114,3709.1999,-2.40424,85.22738,10.010991817899884,3.72935785721524,54.99999906180115
14.17591,21.72686,43.43654,3704.13358,-2.43175,85.43619,10.318582237477992,3.8439433816991064,54.99999906180115
14.17976,21.77781,43.19979,3698.89864,-2.45529,85.65124,10.637825271728657,3.9628698117472445,54.99999906180115
14.18342,21.82871,42.9613,3693.48758,-2.47469,85.87275,10.96853453631959,4.086067714291809,54.99999906180115
14.18688,21.87954,42.7215,3687.89301,-2.48981,86.10099,11.310438823414751,4.213436057277969,54.99999906180115
14.19013,21.93032,42.48082,3682.10765,-2.50049,86.33619,11.66317326677024,4.344838918429663,54.99999906180115
14.19318,21.98103,42.23972,3676.12444,-2.50657,86.57858,12.026270596012592,4.4801022272381505,54.99999906180115
14.19601,22.03167,41.99866,3669.93657,-2.50792,86.8284,12.399152675556083,4.619010612986086,54.99999906180115
14.19861,22.08224,41.75812,3663.53753,-2.5044,87.08585,12.781122554266922,4.761304443038249,54.99999906180115
14.20099,22.13273,41.51858,3656.92122,-2.49588,87.35115,13.171357281127756,4.9066771464875245,54.99999906180115
14.20314,22.18315,41.28054,3650.082,-2.48225,87.62448,13.568901768446029,5.05477292803857,54.99999906180115
14.20504,22.23348,41.0445,3643.01478,-2.4634,87.90603,13.972664005563004,5.205184984988477,54.99999906180115
14.2067,22.28372,40.81097,3635.71507,-2.43923,88.19595,14.381411940462902,5.357454345544125,54.99999906180115
14.20811,22.33388,40.58046,3628.17912,-2.40969,88.49436,14.793772352059008,5.511069448719092,54.99999906180115
14.20925,22.38393,40.3535,3620.40394,-2.37471,88.80138,15.208232030026666,5.665466583852485,54.99999906180115
14.21013,22.43389,40.1306,3612.38744,-2.33425,89.11708,15.62314155965404,5.820031300565432,54.99999906180115
14.21074,22.48375,39.91229,3604.12846,-2.2883,89.44152,16.036721974762234,5.974100887148877,54.99999906180115
14.21107,22.53349,39.69906,3595.62687,-2.23688,89.7747,16.44707449088137,6.126967996427763,54.99999906180115
14.21112,22.58312,39.49143,3586.88364,-2.18001,90.11661,16.85219346321266,6.277885472942854,54.99999906180115
14.21087,22.63263,39.2899,3577.9009,-2.11776,90.46718,17.24998262976,6.426072403944624,54.99999906180115
14.21033,22.68201,39.09494,3568.682,-2.05023,90.8263,17.638274600821305,6.570721379741594,54.99999906180115
14.20949,22.73127,38.90704,3559.23153,-1.97754,91.19384,18.014853444777525,6.711006907501,54.99999906180115
14.20834,22.78039,38.72663,3549.55536,-1.89983,91.56961,18.377480100180012,6.8460948779199615,54.99999906180115
14.20688,22.82937,38.55415,3539.66066,-1.81729,91.95336,18.72392022106901,6.9751529383392965,54.99999906180115
14.20511,22.8782,38.39001,3529.55589,-1.73014,92.34482,19.051973941871015,7.097361580950924,54.99999906180115
14.20301,22.92688,38.23458,3519.25077,-1.63861,92.74367,19.359506936935823,7.211925713292656,54.99999906180115
14.20059,22.9754,38.08822,3508.75628,-1.543,93.14954,19.64448205461322,7.318086442774102,54.99999906180115
14.19784,23.02377,37.95123,3498.08455,-1.44361,93.56201,19.904990733384363,7.415132780012216,54.99999906180115
14.19476,23.07196,37.82392,3487.24883,-1.34076,93.98063,20.139283363630053,7.502412949388849,54.99999906180115
14.19135,23.11998,37.70652,3476.26337,-1.23482,94.40491,20.345797748090998,7.57934499132103,54.99999906180115
14.1876,23.16782,37.59924,3465.14335,-1.12618,94.83433,20.523184839156162,7.645426350078071,54.99999906180115
14.18352,23.21548,37.50226,3453.90472,-1.01523,95.26833,20.670330993026727,7.700242164043175,54.99999906180115
14.1791,23.26295,37.41569,3442.5641,-0.9024,95.70633,20.786376077493493,7.74347201133698,54.99999906180115
14.17434,23.31024,37.33962,3431.13863,-0.78813,96.14772,20.870726897828764,7.774894911315524,54.99999906180115
14.16924,23.35732,37.27411,3419.64579,-0.67286,96.59187,20.92306555808373,7.7943924393735315,54.99999906180115
14.16381,23.4042,37.21914,3408.10331,-0.55705,97.03816,20.94335254495444,7.8019498757656205,54.99999906180115
14.15804,23.45089,37.17469,3396.52896,-0.44115,97.48595,20.931824500099417,7.797655375736009,54.99999906180115
14.15194,23.49736,37.14066,3384.94042,-0.32562,97.93459,20.888986824134065,7.781697214311825,54.99999906180115
14.14551,23.54362,37.11693,3373.35513,-0.21091,98.38345,20.815601423430408,7.754359221663613,54.99999906180115
14.13875,23.58967,37.10334,3361.79017,-0.09747,98.83189,20.71267006014727,7.716014580553482,54.99999906180115
14.13167,23.63551,37.0997,3350.26208,0.01427,99.27932,20.581413890548834,7.66711820382039,54.99999906180115
14.12426,23.68113,37.10576,3338.7868,0.1239,99.72513,20.423249871192777,7.608197945064451,54.99999906180115
14.11654,23.72653,37.12126,3327.3795,0.23101,100.16875,20.23976477439931,7.539844918725432,54.99999906180115
14.10851,23.77172,37.1459,3316.05456,0.33522,100.60965,20.0326875827578,7.46270321631014,54.99999906180115
14.10017,23.81668,37.17935,3304.82542,0.43619,101.04731,19.803861028428265,7.3774593040333905,54.99999906180115
14.09152,23.86142,37.22126,3293.70457,0.53358,101.48126,19.555213009888355,7.284831374804161,54.99999906180115
14.08258,23.90594,37.27124,3282.70348,0.62708,101.91104,19.288728560737628,7.185558905867671,54.99999906180115
14.07335,23.95024,37.32891,3271.83259,0.71642,102.33627,19.00642296749358,7.080392644477063,54.99999906180115
14.06384,23.99432,37.39383,3261.10126,0.80135,102.75657,18.71031654179477,6.9700852098752994,54.99999906180115
14.05404,24.03818,37.46559,3250.51778,0.88165,103.17162,18.402411452710375,6.855382462720888,54.99999906180115
14.04398,24.08182,37.54373,3240.08942,0.95712,103.58113,18.08467092234179,6.737015754902081,54.99999906180115
14.03364,24.12524,37.6278,3229.82237,1.02761,103.98485,17.75900098759882,6.615695135318631,54.99999906180115
14.02305,24.16845,37.71735,3219.72184,1.09297,104.38257,17.427234936524165,6.492103552003153,54.99999906180115
14.0122,24.21145,37.81189,3209.79205,1.15309,104.77412,17.091120442236413,6.36689205917637,54.99999906180115
14.0011,24.25423,37.91097,3200.03632,1.2079,105.15937,16.752309343418723,6.240676010210249,54.99999906180115
13.98976,24.2968,38.01411,3190.45708,1.25734,105.53821,16.412349958545754,6.114032194475311,54.99999906180115
13.97818,24.33917,38.12084,3181.05592,1.30136,105.91057,16.07268177208498,5.987496857810811,54.99999906180115
13.96638,24.38133,38.23069,3171.8337,1.33995,106.27642,15.734632294677459,5.861564532859443,54.99999906180115
13.95435,24.42329,38.3432,3162.79053,1.37313,106.63575,15.399415874693302,5.736687596340506,54.99999906180115
13.94211,24.46505,38.45791,3153.92589,1.40092,106.98858,15.068134224789933,5.613276465206696,54.99999906180115
13.92965,24.50661,38.57437,3145.23868,1.42336,107.33495,14.741778422471496,5.491700341905121,54.99999906180115
13.91698,24.54798,38.69215,3136.72723,1.44051,107.67492,14.421232146773981,5.372288420127686,54.99999906180115
13.90412,24.58916,38.81079,3128.38941,1.45245,108.00859,14.107275922601643,5.255331465938069,54.99999906180115
13.89106,24.63014,38.9299,3120.22266,1.45925,108.33606,13.800592158174362,5.141083694353419,54.99999906180115
13.87781,24.67095,39.04904,3112.22403,1.46103,108.65744,13.501770778566542,5.029764867985813,54.99999906180115
13.86437,24.71157,39.16782,3104.39026,1.45788,108.97288,13.211315277704214,4.921562551570421,54.99999906180115
13.85075,24.752,39.28586,3096.71778,1.44993,109.28253,12.92964903188763,4.816634463918786,54.99999906180115
13.83696,24.79227,39.40277,3089.20277,1.4373,109.58653,12.657121738687405,4.71511087657706,54.99999906180115
13.823,24.83235,39.5182,3081.84123,1.42011,109.88507,12.394015865443016,4.6170970160613605,54.99999906180115
13.80886,24.87227,39.63179,3074.62896,1.39852,110.17833,12.140553011020652,4.522675433779963,54.99999906180115
13.79457,24.91201,39.74321,3067.56163,1.37265,110.46648,11.89690010255049,4.43190831448097,54.99999906180115
13.78011,24.95159,39.85213,3060.63478,1.34265,110.74971,11.66317536532573,4.3448397001967995,54.99999906180115
13.7655,24.991,39.95825,3053.84388,1.30868,111.02823,11.43945401882356,4.261497612161842,54.99999906180115
13.75074,25.03026,40.06127,3047.18431,1.27087,111.30223,11.225773664800874,4.181896058019906,54.99999906180115
13.73583,25.06935,40.16091,3040.65141,1.22939,111.57191,11.022139344631189,4.106036915815272,54.99999906180115
13.72078,25.10828,40.2569,3034.24048,1.18438,111.83748,10.828528252614673,4.0339116898246985,54.99999906180115
13.70558,25.14706,40.34898,3027.94681,1.13599,112.09914,10.644894099974273,3.9655031362608004,54.99999906180115
13.69024,25.18569,40.43691,3021.76569,1.08439,112.3571,10.471171130734218,3.9007867592924623,54.99999906180115
13.67477,25.22416,40.52047,3015.69238,1.02972,112.61157,10.30727779590011,3.839732179773586,54.99999906180115
13.65917,25.26249,40.59943,3009.72218,0.97214,112.86274,10.1531200964394,3.782304380591284,54.99999906180115
13.64343,25.30066,40.67359,3003.85041,0.9118,113.11084,10.008594608488693,3.7284648336351958,54.99999906180115
13.62756,25.33869,40.74277,2998.07238,0.84885,113.35605,9.873591206455055,3.678172514224375,54.99999906180115
13.61157,25.37658,40.80678,2992.38345,0.78345,113.59859,9.74799550099994,3.631384809320448,54.99999906180115
13.59552,25.41435,40.87012,2986.7651,0.83446,113.6105,9.625311877198964,3.5856819314541686,0.0
13.5795,25.45205,40.93718,2981.20373,0.88182,113.62237,9.499481707471677,3.538806882439731,0.0
13.5635,25.48967,41.00766,2975.70188,0.92544,113.63422,9.371093313221692,3.4909788274796516,0.0
13.54753,25.52722,41.08126,2970.26176,0.96524,113.64604,9.240709109340104,3.442407280918886,0.0
13.53157,25.56469,41.15767,2964.88534,1.00116,113.65783,9.108871858193147,3.3932944360197985,0.0
13.51564,25.60208,41.23657,2959.57426,1.03315,113.66959,8.976101997455709,3.3438341695098197,0.0
13.49973,25.63941,41.31765,2954.3299,1.06117,113.68132,8.842895467590525,3.2942112322603,0.0
13.48384,25.67666,41.4006,2949.15339,1.08522,113.69303,8.709722021015624,3.244600619406885,0.0
13.46797,25.71384,41.48511,2944.04559,1.10527,113.70471,8.57702398781135,3.195167110542907,0.0
13.45212,25.75094,41.57087,2939.00714,1.12136,113.71636,8.445215467175368,3.1460649685151014,0.0
13.43629,25.78798,41.65756,2934.03843,1.13348,113.72798,8.314681909610528,3.0974377837775933,0.0
13.42048,25.82495,41.74489,2929.13965,1.14168,113.73958,8.185780052107637,3.049418450245775,0.0
13.40469,25.86186,41.83255,2924.31079,1.14599,113.75114,8.05883816693856,3.0021292579782775,0.0
13.38891,25.89869,41.92025,2919.55165,1.14647,113.76268,7.9341565842718635,2.9556820878650547,0.0
13.37316,25.93546,42.0077,2914.86185,1.14317,113.77419,7.8120084492645,2.9101786936639527,0.0
13.35742,25.97217,42.09462,2910.24085,1.13617,113.78567,7.692640675532783,2.8657110571937383,0.0
13.34171,26.00881,42.18073,2905.68797,1.12554,113.79712,7.5762750587847805,2.8223618031914603,0.0
13.32601,26.04539,42.26576,2901.20238,1.11137,113.80854,7.46310951669308,2.7802046611976876,0.0
13.31032,26.0819,42.34946,2896.78314,1.09373,113.81993,7.353319423787424,2.7393049628391295,0.0
13.29466,26.11836,42.43156,2892.42917,1.07273,113.8313,7.247059012970922,2.6997201639303063,0.0
13.27901,26.15476,42.51183,2888.13932,1.04847,113.84264,7.1444628182395755,2.6615003819245313,0.0
13.26337,26.19109,42.59003,2883.9123,1.02104,113.85394,7.045647136220947,2.62468894037552,0.0
13.24776,26.22737,42.66592,2879.74678,0.99056,113.86522,6.950711486950753,2.5893229131151054,0.0
13.23215,26.26359,42.73931,2875.64131,0.95714,113.87647,6.859740057249227,2.555433661948915,0.0
13.21657,26.29975,42.80996,2871.5944,0.92089,113.88769,6.772803112582827,2.5230473626119982,0.0
13.20099,26.33586,42.8777,2867.60446,0.88193,113.89889,6.689958365819159,2.4921855146660565,0.0
13.18544,26.37191,42.94232,2863.66989,0.84036,113.91005,6.611252293476847,2.462865431837148,0.0
13.16989,26.40791,43.00364,2859.789,0.79633,113.92119,6.536721392110292,2.435100710052069,0.0
13.15436,26.44385,43.0615,2855.96005,0.74994,113.93229,6.466393369225128,2.4089016710856965,0.0
13.13885,26.47974,43.11573,2852.18127,0.70131,113.94337,6.400288264718969,2.384275780327172,0.0
13.12335,26.51558,43.16618,2848.45086,0.65059,113.95442,6.338419500135929,2.3612280376548225,0.0
13.10786,26.55137,43.21271,2844.76695,0.59787,113.96543,6.280794854200262,2.3397613408481,0.0
13.09238,26.5871,43.25519,2841.12766,0.54331,113.97642,6.227417364011939,2.3198768213066576,0.0
13.07692,26.62279,43.29349,2837.53108,0.48701,113.98738,6.178286152077908,2.301574152141244,0.0
13.06147,26.65842,43.32751,2833.97526,0.4291,113.99832,6.133397179917413,2.2848518289115187,0.0
13.04603,26.69401,43.35713,2830.45821,0.36972,114.00922,6.092743929493082,2.269707423477061,0.0
13.03061,26.72954,43.38227,2826.97793,0.30898,114.02009,6.056318014001982,2.256137811533107,0.0
13.0152,26.76503,43.40284,2823.53239,0.24702,114.03094,6.024109719820284,2.244139374499202,0.0
12.9998,26.80047,43.41877,2820.11953,0.18397,114.04176,5.996108481465705,2.2337081764551994,0.0
12.98441,26.83586,43.42999,2816.73725,0.11994,114.05254,5.972303291553368,2.224840116860611,0.0
12.96903,26.8712,43.43644,2813.38346,0.05507,114.0633,5.952683047603532,2.2175310597496094,0.0
12.95367,26.9065,43.43809,2810.05602,-0.01052,114.07403,5.937236837536066,2.2117769400852314,0.0
12.93832,26.94175,43.43488,2806.75275,-0.07669,114.08473,5.925954165513633,2.207573847891908,0.0
12.92298,26.97695,43.42681,2803.47147,-0.14333,114.09541,5.918825119619152,2.204918090719727,0.0
12.90765,27.01211,43.41384,2800.20995,-0.2103,114.10605,5.915840482694049,2.203806234934602,0.0
12.89233,27.04722,43.39597,2796.96597,-0.27748,114.11667,5.916991787374425,2.204235126220691,0.0
12.87702,27.08229,43.37321,2793.73724,-0.34473,114.12725,5.922271316219644,2.2062018896282996,0.0
12.86173,27.11731,43.34555,2790.52146,-0.41194,114.13781,5.931672047531131,2.209703909389956,0.0
12.84645,27.15228,43.31303,2787.3163,-0.47897,114.14834,5.94518754727026,2.214738788656982,0.0
12.83117,27.18721,43.27566,2784.11941,-0.5457,114.15884,5.962811807290138,2.2213042892365764,0.0
12.81591,27.2221,43.23349,2780.9284,-0.61199,114.16932,5.98453902988416,2.229398251330482,0.0
12.80066,27.25694,43.18657,2777.74085,-0.67773,114.17976,6.0103633585170915,2.2390184932252293,0.0
12.78542,27.29173,43.13494,2774.55432,-0.74278,114.19018,6.04027855450408,2.2501626908465604,0.0
12.7702,27.32648,43.07869,2771.36632,-0.80701,114.20057,6.074277619299775,2.262828237052191,0.0
12.75498,27.36118,43.01787,2768.17437,-0.87029,114.21093,6.112352362082927,2.27701208054569,0.0
12.73978,27.39584,42.95258,2764.97593,-0.93251,114.22127,6.154492912340167,2.292710544301121,0.0
12.72459,27.43045,42.88291,2761.76844,-0.99352,114.23157,6.200687177300543,2.3099191234431222,0.0
12.70941,27.46502,42.80895,2758.54932,-1.0532,114.24185,6.250920244253228,2.3286322625945353,0.0
12.69424,27.49954,42.73083,2755.31597,-1.11143,114.25211,6.305173728082338,2.348843112815951,0.0
12.67908,27.53402,42.64866,2752.06576,-1.16807,114.26233,6.363425064753153,2.370543268410741,0.0
12.66394,27.56845,42.56257,2748.79605,-1.22299,114.27253,6.42564675196558,2.3937224840484905,0.0
12.6488,27.60284,42.4727,2745.50417,-1.27608,114.2827,6.491805538810875,2.4183683728908103,0.0
12.63368,27.63717,42.3792,2742.18747,-1.32721,114.29284,6.561861567034012,2.444466086688968,0.0
12.61858,27.67147,42.28221,2738.84325,-1.37624,114.30296,6.635767467309917,2.4719979791230107,0.0
12.60348,27.70571,42.18191,2735.46884,-1.42307,114.31305,6.713467415017217,2.5009432540526455,0.0
12.5884,27.73991,42.07847,2732.06157,-1.46755,114.32311,6.7948961510490244,2.531277600743484,0.0
12.57333,27.77406,41.97206,2728.61875,-1.50959,114.33315,6.879977974517297,2.562972818622922,0.0
12.55828,27.80816,41.86288,2725.13774,-1.54905,114.34316,6.968625715559603,2.595996434623625,0.0
12.54323,27.84221,41.75112,2721.61591,-1.58582,114.35315,7.060739697956782,2.6303113167313175,0.0
12.52821,27.87622,41.63699,2718.05065,-1.61979,114.36311,7.156206702864196,2.665875287947404,0.0
12.51319,27.91017,41.5207,2714.4394,-1.65085,114.37304,7.254898946622641,2.7026407454966406,0.0
12.49819,27.94408,41.40247,2710.77965,-1.6789,114.38295,7.3566730872934665,2.740554290735328,0.0
12.48321,27.97793,41.28252,2707.06894,-1.70383,114.39283,7.461369276283333,2.779556375856576,0.0
12.46824,28.01174,41.16108,2703.30489,-1.72554,114.40269,7.568810273080324,2.8195809741062177,0.0
12.45328,28.04549,41.03839,2699.48519,-1.74396,114.41253,7.678800642665988,2.8605552807976755,0.0
12.43834,28.07919,40.9147,2695.60762,-1.75898,114.42234,7.791126056577283,2.9023994529391453,0.0
12.42342,28.11284,40.79025,2691.67008,-1.77054,114.43212,7.905552719786053,2.9450263957311202,0.0
12.40851,28.14643,40.66529,2687.67057,-1.77857,114.44188,8.021826946370544,2.9883416044928692,0.0
12.39362,28.17997,40.54008,2683.60724,-1.78299,114.45162,8.139674907529125,3.0322430707909156,0.0
12.37875,28.21345,40.41489,2679.47835,-1.78376,114.46133,8.258802575434215,3.0766212615231483,0.0
12.36389,28.24688,40.28996,2675.28236,-1.78083,114.47102,8.37889588598383,3.121359179548052,0.0
12.34905,28.28025,40.16556,2671.01788,-1.77417,114.48069,8.499621142326244,3.16633251400827,0.0
12.33423,28.31356,40.04196,2666.68368,-1.76375,114.49033,8.620625679291253,3.2114098878487183,0.0
12.31943,28.34682,39.91942,2662.27878,-1.74957,114.49995,8.741538806290052,3.256453209071613,0.0
12.30464,28.38002,39.7982,2657.80236,-1.7316,114.50955,8.861973042988243,3.3013181310571693,0.0
12.28988,28.41315,39.67857,2653.25385,-1.70988,114.51912,8.9815256579685,3.3458546257559316,0.0
12.27513,28.44623,39.56078,2648.63291,-1.68442,114.52867,9.099780515799344,3.3899076717704917,0.0
12.26041,28.47924,39.44509,2643.93943,-1.65526,114.5382,9.216310232359932,3.433318057270683,0.0
12.2457,28.5122,39.33174,2639.17357,-1.62246,114.54771,9.330678632147508,3.4759232954052592,0.0
12.23102,28.54509,39.22099,2634.33574,-1.58607,114.5572,9.442443494539521,3.5175586473567986,0.0
12.21636,28.57791,39.11308,2629.42662,-1.54618,114.56666,9.551159568997976,3.558058245584648,0.0
12.20172,28.61067,39.00822,2624.44716,-1.50289,114.57611,9.656381831895468,3.597256307078324,0.0
12.1871,28.64337,38.90665,2619.39858,-1.45629,114.58553,9.757668950447924,3.6349884237635948,0.0
12.1725,28.676,38.80858,2614.28237,-1.40653,114.59493,9.85458691227588,3.6710929146095586,0.0
12.15793,28.70856,38.71421,2609.10032,-1.35373,114.60431,9.94671277264831,3.70541222157556,0.0
12.14338,28.74106,38.62372,2603.85446,-1.29805,114.61367,10.03363846580577,3.7377943294293523,0.0
12.12885,28.77348,38.53731,2598.54708,-1.23966,114.62301,10.114974622007672,3.7680941876976286,0.0
12.11435,28.80584,38.45512,2593.18077,-1.17873,114.63233,10.190354328599861,3.796175111762665,0.0
12.09987,28.83812,38.37732,2587.7583,-1.11546,114.64163,10.259436771339832,3.8219101393517687,0.0
12.08542,28.87034,38.30404,2582.28273,-1.05005,114.6509,10.321910691839692,3.845183318525745,0.0
12.07099,28.90248,38.23539,2576.75731,-0.98272,114.66016,10.37749759828085,3.865890903754609,0.0
12.05659,28.93455,38.17149,2571.18549,-0.91369,114.6694,10.425954669566996,3.883942437790978,0.0
12.04222,28.96655,38.11241,2565.57092,-0.8432,114.67862,10.46707729789614,3.8992616988450535,0.0
12.02787,28.99847,38.05824,2559.91739,-0.77148,114.68782,10.500701220992058,3.911787494896945,0.0
12.01354,29.03032,38.00903,2554.22886,-0.6988,114.69699,10.526704203162913,3.9214742899352255,0.0
11.99925,29.0621,37.9648,2548.50938,-0.62539,114.70615,10.545007233310274,3.9282926502468243,0.0
11.98498,29.0938,37.92558,2542.76313,-0.55151,114.71529,10.55557521805136,3.9322295026232923,0.0
11.97073,29.12542,37.89137,2536.99434,-0.47743,114.72441,10.558417158719143,3.9332882002980014,0.0
11.95652,29.15697,37.86215,2531.20729,-0.4034,114.73351,10.553585811909132,3.9314883964908875,0.0
11.94233,29.18845,37.83789,2525.4063,-0.32969,114.74259,10.541176844081985,3.92686572947568,0.0
11.92817,29.21985,37.81854,2519.59566,-0.25653,114.75165,10.52132750111386,3.919471326952409,0.0
11.91404,29.25117,37.80402,2513.77967,-0.1842,114.76069,10.494214823393062,3.9093711411239265,0.0
11.89993,29.28242,37.79426,2507.96256,-0.11294,114.76971,10.46005344560242,3.8966451290569672,0.0
11.88586,29.31359,37.78916,2502.1485,-0.04298,114.77871,10.419093027775691,3.881386295683055,0.0
11.87181,29.34468,37.78859,2496.34159,0.02544,114.78769,10.371615369965891,3.8636996189365447,0.0
11.85779,29.3757,37.79244,2490.5458,0.09209,114.79665,10.317931267284024,3.843700878173797,0.0
11.84379,29.40665,37.80055,2484.76497,0.15676,114.80558,10.258377164585568,3.8215154079558733,0.0
11.82983,29.43751,37.81278,2479.00283,0.21924,114.8145,10.19331167124319,3.7972767997096746,0.0
11.81589,29.4683,37.82895,2473.26292,0.27934,114.8234,10.123111995788808,3.771125573538292,0.0
11.80198,29.49902,37.84889,2467.54864,0.33687,114.83228,10.048170358328898,3.7432078417513206,0.0
11.7881,29.52966,37.87241,2461.86319,0.39167,114.84114,9.968890435322036,3.713673984450947,0.0
11.77424,29.56023,37.89931,2456.20959,0.44359,114.84998,9.885683887023923,3.682677355913853,0.0
11.76041,29.59072,37.92939,2450.59069,0.49247,114.8588,9.79896701270134,3.6503730385704083,0.0
11.74661,29.62114,37.96243,2445.00911,0.5382,114.86759,9.709157572894592,3.6169166592138167,0.0
11.73284,29.65149,37.99821,2439.46728,0.58065,114.87637,9.61667181175322,3.5824632797418245,0.0
11.71909,29.68176,38.03652,2433.96743,0.61973,114.88512,9.521921706082356,3.547166372354107,0.0
11.70537,29.71196,38.07711,2428.51157,0.65534,114.89385,9.42531246126051,3.5111768867157536,0.0
11.69168,29.74209,38.11977,2423.10153,0.68742,114.90256,9.32724026801031,3.4746424142953485,0.0
11.67801,29.77215,38.16425,2417.73892,0.71591,114.91125,9.228090328018606,3.4377064528565096,0.0
11.66437,29.80214,38.21032,2412.42515,0.74076,114.91992,9.128235151004747,3.4005077720710153,0.0
11.65075,29.83206,38.25773,2407.16145,0.76193,114.92857,9.028033120892788,3.3631798793802243,0.0
11.63716,29.86191,38.30627,2401.94885,0.7794,114.93719,8.927827324419724,3.325850583620823,0.0
11.62359,29.89169,38.35567,2396.78821,0.79318,114.94579,8.827944631852398,3.2886416525676845,0.0
11.61005,29.9214,38.40572,2391.68019,0.80325,114.95437,8.728695016442598,3.2516685594129866,0.0
11.59653,29.95105,38.45618,2386.6253,0.80963,114.96293,8.63037109688314,3.2150403123190645,0.0
11.58304,29.98063,38.50682,2381.62387,0.81235,114.97146,8.533247885204288,3.178859360503195,0.0
11.56957,30.01014,38.55741,2376.6761,0.81144,114.97998,8.4375827213835,3.1432215698780013,0.0
11.55613,30.0396,38.60772,2371.78201,0.80695,114.98847,8.343615375214933,3.1082162610005315,0.0
11.54271,30.06898,38.65754,2366.94149,0.79892,114.99693,8.25156829572766,3.0739263019871013,0.0
11.52931,30.09831,38.70666,2362.15431,0.78743,115.00537,8.16164698865122,3.0404282491291443,0.0
11.51593,30.12757,38.75486,2357.42009,0.77253,115.01379,8.07404050285015,3.0077925281028755,0.0
11.50258,30.15677,38.80195,2352.73835,0.7543,115.02219,7.988922007436281,2.9760836489588067,0.0
11.48925,30.1859,38.84771,2348.10849,0.73283,115.03056,7.906449442236622,2.945360448438145,0.0
11.47594,30.21498,38.89198,2343.52979,0.7082,115.03891,7.826766225425358,2.9156763535843333,0.0
11.46265,30.244,38.93455,2339.00146,0.68051,115.04724,7.750002003303771,2.8870796610557985,0.0
11.44939,30.27296,38.97526,2334.52259,0.64986,115.05554,7.676273428613677,2.8596138270681863,0.0
11.43614,30.30186,39.01393,2330.0922,0.61636,115.06382,7.60568495497884,2.8333177633446884,0.0
11.42292,30.3307,39.0504,2325.70922,0.5801,115.07207,7.538329636459985,2.808226134971325,0.0
11.40972,30.35949,39.08452,2321.37249,0.54121,115.0803,7.4742899224687225,2.784369656523295,0.0
11.39654,30.38821,39.11614,2317.08081,0.49981,115.0885,7.41363843951556,2.7617753832866816,0.0
11.38337,30.41689,39.14511,2312.83288,0.456,115.09669,7.356438752416295,2.74046699482786,0.0
11.37023,30.4455,39.17132,2308.62735,0.40992,115.10484,7.302746098712167,2.720465068584329,0.0
11.35711,30.47406,39.19462,2304.46281,0.36169,115.11297,7.252608090978868,2.7017873414932962,0.0
11.34401,30.50257,39.21492,2300.33779,0.31144,115.12108,7.206065382686626,2.6844489580420783,0.0
11.33092,30.53102,39.2321,2296.25078,0.25929,115.12917,7.163152294016817,2.6684627034012576,0.0
11.31786,30.55942,39.24607,2292.20019,0.20539,115.13723,7.123897394787824,2.6538392205798966,0.0
11.30481,30.58777,39.25672,2288.1844,0.14985,115.14526,7.088324042298253,2.6405872107862955,0.0
11.29179,30.61606,39.26399,2284.20176,0.09283,115.15327,7.056450872379575,2.628713616358015,0.0
11.27878,30.64431,39.2678,2280.25055,0.03445,115.16126,7.028292242492041,2.618223785826766,0.0
11.26579,30.6725,39.26809,2276.32901,-0.02515,115.16922,7.00385862604058,2.6091216208114565,0.0
11.25282,30.70063,39.26479,2272.43536,-0.08582,115.17715,6.983156957439156,2.601409704563743,0.0
11.23987,30.72872,39.25786,2268.56776,-0.14744,115.18506,6.966190927746805,2.5950894121002346,0.0
11.22694,30.75676,39.24726,2264.72435,-0.20986,115.19295,6.952961230891466,2.590161001927347,0.0
11.21402,30.78474,39.23297,2260.90323,-0.27293,115.20081,6.943465760702597,2.5866236894411365,0.0
11.20112,30.81268,39.21495,2257.10246,-0.33653,115.20865,6.937699759135488,2.5844757021447564,0.0
11.18824,30.84057,39.19319,2253.32007,-0.4005,115.21647,6.9356559161734985,2.5837143168646706,0.0
11.17538,30.8684,39.16769,2249.55406,-0.4647,115.22426,6.9373244220249655,2.5843358791953728,0.0
11.16254,30.89619,39.13846,2245.80241,-0.529,115.23202,6.942692972313539,2.5863358054329257,0.0
11.14971,30.92393,39.1055,2242.06305,-0.59325,115.23976,6.951746727070979,2.589708567298697,0.0
11.1369,30.95161,39.06882,2238.33391,-0.6573,115.24748,6.964468224429943,2.594447659787652,0.0
11.12411,30.97925,39.02847,2234.61286,-0.72102,115.25517,6.9808372500224145,2.6005455525158316,0.0
11.11134,31.00684,38.98448,2230.89778,-0.78427,115.26284,7.000830663229098,2.607993624993683,0.0
11.09858,31.03438,38.93688,2227.18652,-0.8469,115.27048,7.024422181547115,2.6167820862973494,0.0
11.08585,31.06187,38.88574,2223.47688,-0.90877,115.2781,7.051582124544619,2.6268998796850282,0.0
11.07313,31.08932,38.83111,2219.76668,-0.96974,115.2857,7.082277119063871,2.6383345727773624,0.0
11.06042,31.11671,38.77306,2216.05372,-1.02968,115.29327,7.116469767586359,2.651072234014717,0.0
11.04774,31.14405,38.71166,2212.33575,-1.08845,115.30082,7.154118281961128,2.66509729621135,0.0
11.03507,31.17135,38.64701,2208.61056,-1.1459,115.30834,7.195176085016705,2.680392408145367,0.0
11.02243,31.19859,38.57919,2204.8759,-1.2019,115.31585,7.239591382980157,2.6969382752735767,0.0
11.0098,31.22579,38.5083,2201.12953,-1.25632,115.32332,7.28730671204017,2.714713490814298,0.0
10.99718,31.25294,38.43445,2197.3692,-1.30903,115.33078,7.338258462842768,2.733694358609513,0.0
10.98459,31.28004,38.35774,2193.59267,-1.35989,115.33821,7.392376387280367,2.753854709390809,0.0
10.97201,31.30708,38.27831,2189.79771,-1.40878,115.34562,7.449583092438705,2.775165712261291,0.0
10.95946,31.33408,38.19628,2185.9821,-1.45557,115.35301,7.509793527221269,2.7975956834496807,0.0
10.94692,31.36103,38.11177,2182.14364,-1.50014,115.36038,7.572914467755657,2.821109894610641,0.0
10.9344,31.38793,38.02494,2178.28015,-1.54237,115.36772,7.638844008375453,2.8456703832021306,0.0
10.9219,31.41477,37.93593,2174.38949,-1.58215,115.37504,7.707471065614294,2.8712357677101483,0.0
10.90942,31.44157,37.84489,2170.46955,-1.61936,115.38234,7.77867490330606,2.897761070736055,0.0
10.89696,31.46831,37.75197,2166.51825,-1.6539,115.38962,7.852324687546379,2.9251975532080245,0.0
10.88451,31.49501,37.65735,2162.53358,-1.68566,115.39688,7.92827908082423,2.9534925631843882,0.0
10.87209,31.52165,37.56119,2158.51358,-1.71455,115.40412,8.006385885205079,2.9825894029299627,0.0
10.85969,31.54823,37.46366,2154.45634,-1.74048,115.41133,8.086481744874101,3.012427218105576,0.0
10.84731,31.57477,37.36494,2150.36004,-1.76336,115.41853,8.168391918684526,3.042940913036341,0.0
10.83494,31.60125,37.26521,2146.22294,-1.78311,115.4257,8.251930133562137,3.0740610961009707,0.0
10.8226,31.62768,37.16466,2142.04338,-1.79967,115.43286,8.336898529621166,3.1057140592860097,0.0
10.81028,31.65405,37.06346,2137.81979,-1.81296,115.43999,8.423087707708877,3.137821795897441,0.0
10.79798,31.68037,36.96182,2133.55072,-1.82293,115.44711,8.510276889696902,3.1703020602734266,0.0
10.7857,31.70664,36.85992,2129.23482,-1.82954,115.4542,8.598234201189152,3.2030684731004393,0.0
10.77345,31.73284,36.75795,2124.87088,-1.83275,115.46128,8.68671708544787,3.2360306756116137,0.0
10.76121,31.75899,36.65611,2120.4578,-1.83253,115.46834,8.77547285615671,3.269094535505531,0.0
10.749,31.78509,36.55459,2115.99464,-1.82887,115.47538,8.864239395137648,3.3021624068641366,0.0
10.73681,31.81113,36.45358,2111.48057,-1.82174,115.4824,8.952745999426748,3.3351334457107384,0.0
0.04567,0.04567,58.5129,4831.96209,-0.56072,45.00011,2.106677870910656,0.7847929369450113,0.0
0.09134,0.09134,58.43815,4830.92822,-0.62114,45.00027,2.1280310085672602,0.7927475425569619,0.0
0.13699,0.13699,58.3558,4829.89694,-0.68119,45.00048,2.1519019645643187,0.8016401017485189,0.0
0.18264,0.18264,58.26591,4828.86671,-0.74084,45.00076,2.1783532686763603,0.8114939085059524,0.0
0.22827,0.22828,58.16852,4827.83597,-0.80004,45.00108,2.207454017245021,0.8223347030345556,0.0
0.2739,0.2739,58.0637,4826.8031,-0.85874,45.00147,2.239279968670824,0.8341907073318467,0.0
0.31951,0.31952,57.95152,4825.76643,-0.9169,45.0019,2.273913637620143,0.8470926602821421,0.0
0.36511,0.36513,57.83205,4824.72421,-0.97446,45.0024,2.3114443847389476,0.8610738510772846,0.0
0.41071,0.41073,57.70539,4823.67465,-1.03137,45.00295,2.351968498139155,0.8761701495724573,0.0
0.45629,0.45632,57.57161,4822.61587,-1.08758,45.00355,2.3955892623692576,0.8924200319795523,0.0
0.50187,0.5019,57.43081,4821.54594,-1.14303,45.00421,2.4424170099197027,0.909864600054285,0.0
0.54743,0.54747,57.2831,4820.46283,-1.19766,45.00492,2.492569149625464,0.9285475916768946,0.0
0.59298,0.59303,57.12858,4819.36443,-1.25142,45.00569,2.546170165514037,0.9485153804229954,0.0
0.63852,0.63859,56.96738,4818.24856,-1.30423,45.00651,2.6033515787994257,0.9698169614053351,0.0
0.68405,0.68413,56.79962,4817.11293,-1.35604,45.00739,2.664251864751683,0.9925039203055124,0.0
0.72957,0.72967,56.62543,4815.95516,-1.40679,45.00832,2.7290163151598255,1.0166303821377929,0.0
0.77508,0.77519,56.44496,4814.77278,-1.45639,45.0093,2.7977968359771292,1.0422529358666581,0.0
0.82057,0.82071,56.25837,4813.5632,-1.50477,45.01034,2.870751668557412,1.0694305305599854,0.0
0.86606,0.86621,56.0658,4812.32372,-1.55187,45.01143,2.948045021656533,1.0982243382999253,0.0
0.91153,0.91171,55.86744,4811.05156,-1.59761,45.01257,3.029846600050198,1.128697578580629,0.0
0.95699,0.95719,55.66347,4809.74378,-1.64189,45.01377,3.11633101431403,1.160915298435797,0.0
1.00243,1.00267,55.45408,4808.39734,-1.68465,45.01502,3.2076770549809788,1.1949441020432154,0.0
1.04786,1.04813,55.23946,4807.00908,-1.72578,45.01632,3.304066812992429,1.2308518230696512,0.0
1.09328,1.09359,55.01985,4805.57571,-1.76521,45.01767,3.405684627162034,1.2687071325734356,0.0
1.13869,1.13903,54.79545,4804.09381,-1.80282,45.01908,3.5127158382946777,1.3085790748809984,0.0
1.18408,1.18446,54.56652,4802.55985,-1.83854,45.02054,3.625345328761673,1.3505365235402016,0.0
1.22945,1.22988,54.33329,4800.97015,-1.87225,45.02204,3.7437558257576344,1.394647549238881,0.0
1.27481,1.27528,54.09605,4799.32092,-1.90386,45.0236,3.8681259463270354,1.4409786915258,0.0
1.32015,1.32067,53.85505,4797.60822,-1.93325,45.02521,3.9986279625912062,1.4895941262989068,0.0
1.36548,1.36605,53.6106,4795.82802,-1.96032,45.02687,4.1354252666289355,1.5405547214066542,0.0
1.41078,1.41142,53.363,4793.97616,-1.98495,45.02858,4.27866951627882,1.5939169733842773,0.0
1.45607,1.45677,53.11256,4792.04836,-2.00702,45.03033,4.4284974458970305,1.6497318193771477,0.0
1.50134,1.5021,52.85963,4790.04025,-2.02642,45.03214,4.585027330054726,1.7080433197750127,0.0
1.54659,1.54742,52.60455,4787.94738,-2.04303,45.03399,4.748355093378171,1.7688872090250847,0.0
1.59183,1.59273,52.34768,4785.76519,-2.05672,45.03589,4.918550066526983,1.8322893146222718,0.0
1.63704,1.63801,52.08941,4783.48909,-2.06738,45.03784,5.0956503967020375,1.898263847402612,0.0
1.68222,1.68328,51.83013,4781.11444,-2.07487,45.03983,5.279658131357453,1.9668115700966362,0.0
1.72739,1.72853,51.57025,4778.63656,-2.07907,45.04187,5.470534005969723,2.037917855636228,0.0
1.77253,1.77376,51.31019,4776.0508,-2.07987,45.04396,5.668191980862048,2.1115506519779372,0.0
1.81765,1.81897,51.05039,4773.35253,-2.07713,45.04609,5.872493588243247,2.187658376226244,0.0
1.86274,1.86416,50.79131,4770.53718,-2.07075,45.04826,6.083242168479796,2.266167767493233,0.0
1.9078,1.90932,50.53342,4767.60027,-2.0606,45.05048,6.300177094162641,2.346981735211513,0.0
1.95284,1.95447,50.2772,4764.53747,-2.04658,45.05274,6.522968101084447,2.429977247274076,0.0
1.99784,1.99959,50.02313,4761.34463,-2.02858,45.05504,6.751209866427126,2.5150033102664993,0.0
2.04282,2.04468,49.77174,4758.01782,-2.00651,45.05739,6.984416995324579,2.601879101829655,0.0
2.08777,2.08974,49.52353,4754.55336,-1.98028,45.05977,7.222019596641187,2.6903923225207858,0.0
2.13268,2.13478,49.27903,4750.94792,-1.94981,45.06219,7.46335964603285,2.780297840958051,0.0
2.17756,2.17979,49.03877,4747.19854,-1.91504,45.06466,7.707688347796351,2.871316711040003,0.0
2.2224,2.22477,48.80329,4743.30267,-1.87592,45.06716,7.954164715162502,2.963135643067425,0.0
2.2672,2.26972,48.57313,4739.25827,-1.83241,45.0697,8.201855589998088,3.055407011082826,0.0
2.31197,2.31463,48.34884,4735.06382,-1.78449,45.07227,8.449737315748468,3.1477494760855778,0.0
2.3567,2.35951,48.13096,4730.7184,-1.73218,45.07488,8.69669926045868,3.2397492984499716,0.0
2.40139,2.40436,47.92003,4726.22175,-1.67548,45.07752,8.94154935879624,3.330962402474529,0.0
2.44601,2.44919,47.7159,4721.5755,-1.62539,45.13932,9.183900354177402,3.4212445248924714,20.999999641778622
2.49054,2.49403,47.51841,4716.78141,-1.57129,45.20278,9.423403792017407,3.5104658572025866,20.999999641778622
2.53498,2.53887,47.32805,4711.84038,-1.51323,45.26789,9.658848762632536,3.5981753036867357,20.999999641778622
2.57932,2.58373,47.14528,4706.75404,-1.45128,45.33463,9.888969883011498,3.683901475878983,20.999999641778622
2.62356,2.62859,46.97057,4701.52476,-1.38555,45.40296,10.112463546179145,3.76715874588112,20.999999641778622
2.6677,2.67346,46.80438,4696.15565,-1.31615,45.47283,10.328001562937578,3.8474523282701707,20.999999641778622
2.71173,2.71833,46.64712,4690.65062,-1.24321,45.54419,10.53424641850624,3.9242839635982447,20.999999641778622
2.75566,2.76321,46.4992,4685.01436,-1.16691,45.61699,10.729867914267189,3.997158117880525,20.999999641778622
2.79949,2.8081,46.36101,4679.25234,-1.08742,45.69115,10.913560896448965,4.065588586996484,20.999999641778622
2.8432,2.85299,46.23291,4673.3708,-1.00496,45.7666,11.084063710250282,4.129105371336504,20.999999641778622
2.88679,2.89788,46.11522,4667.37671,-0.91975,45.84325,11.240176963133184,4.1872616656222785,20.999999641778622
2.93027,2.94278,46.00824,4661.27778,-0.83206,45.921,11.38078213871891,4.239640793072786,20.999999641778622
2.97364,2.98769,45.91223,4655.08234,-0.74213,45.99975,11.504859576136212,4.28586290318459,20.999999641778622
3.01689,3.03259,45.82742,4648.79937,-0.65027,46.0794,11.611505321379916,4.325591249306306,20.999999641778622
3.06001,3.0775,45.75401,4642.43838,-0.55678,46.15982,11.699946369198704,4.3585378666428225,20.999999641778622
3.10302,3.12241,45.69213,4636.00934,-0.46196,46.24091,11.769553846706444,4.384468483497415,20.999999641778622
3.1459,3.16732,45.6419,4629.52262,-0.36616,46.32253,11.81985374277534,4.403206518252996,20.999999641778622
3.18866,3.21224,45.60339,4622.9889,-0.26969,46.40455,11.850534858478895,4.414636041121308,20.999999641778622
3.2313,3.25715,45.57662,4616.41906,-0.1729,46.48686,11.861453740226201,4.41870361186525,20.999999641778622
3.27381,3.30206,45.56158,4609.82411,-0.07614,46.56931,11.852636454811886,4.415418941051676,20.999999641778622
3.31619,3.34697,45.55822,4603.21507,0.02026,46.65178,11.824277169422384,4.404854361066381,20.999999641778622
3.35845,3.39188,45.56643,4596.60292,0.11595,46.73414,11.776733604518565,4.387143132193227,20.999999641778622
3.40059,3.43679,45.58607,4589.99845,0.21061,46.81626,11.710519528231972,4.362476646579272,20.999999641778622
3.44259,3.4817,45.61698,4583.41222,0.30392,46.89801,11.626294552359077,4.33110062697413,20.999999641778622
3.48448,3.5266,45.65893,4576.85447,0.39555,46.97928,11.524851568238478,4.293310446263655,20.999999641778622
3.52624,3.5715,45.71168,4570.33502,0.48522,47.05995,11.407102222201475,4.249445716693117,20.999999641778622
3.56788,3.61639,45.77494,4563.86325,0.57264,47.13991,11.274060872947407,4.199884313567401,20.999999641778622
3.60939,3.66128,45.84841,4557.44801,0.65755,47.21907,11.126827496057825,4.145036006732735,20.999999641778622
3.65079,3.70616,45.93173,4551.09757,0.7397,47.29732,10.966570004205495,4.085335874389358,20.999999641778622
3.69207,3.75104,46.02454,4544.81959,0.81887,47.37458,10.794506436852748,4.021237668285534,20.999999641778622
3.73322,3.79592,46.12645,4538.62112,0.89484,47.45076,10.611887442484361,3.953207287888383,20.999999641778622
3.77426,3.84078,46.23704,4532.50853,0.96745,47.52581,10.419979432631873,3.881716504814698,20.999999641778622
3.81519,3.88564,46.35589,4526.48754,1.03653,47.59965,10.220048733487268,3.8072370588900393,20.999999641778622
3.85601,3.9305,46.48254,4520.56318,1.10193,47.67223,10.013347000961042,3.730235224874118,20.999999641778622
3.89671,3.97534,46.61654,4514.73986,1.16355,47.7435,9.80109810237568,3.651166925546444,20.999999641778622
3.9373,4.02019,46.75742,4509.0213,1.22128,47.81342,9.584486605140006,3.5704734434346492,20.999999641778622
3.97779,4.06502,46.9047,4503.41063,1.27506,47.88197,9.36464795291251,3.488577761176844,20.999999641778622
4.01817,4.10984,47.05789,4497.91035,1.32482,47.94913,9.142660354609083,3.40588153996358,20.999999641778622
4.05845,4.15466,47.21651,4492.5224,1.37053,48.01486,8.91953836296085,3.3227627273816913,20.999999641778622
4.09863,4.19948,47.38008,4487.24819,1.41217,48.07918,8.696228078132483,3.2395737706359093,20.999999641778622
4.13872,4.24428,47.54811,4482.08859,1.44973,48.14206,8.473603878612943,3.1566403987196567,20.999999641778622
4.1787,4.28908,47.72011,4477.04403,1.48324,48.20352,8.252466556296325,3.074260927683587,20.999999641778622
4.2186,4.33387,47.89561,4472.11451,1.5127,48.26357,8.033542715006185,2.99270603657007,20.999999641778622
4.2584,4.37865,48.07413,4467.29961,1.53818,48.32221,7.817485281049136,2.9122189576078474,20.999999641778622
4.29811,4.42343,48.2552,4462.59857,1.55971,48.37947,7.604874969991863,2.8330160226250523,20.999999641778622
4.33774,4.4682,48.43837,4458.01033,1.57735,48.43537,7.396222554709845,2.755287507957045,20.999999641778622
4.37728,4.51297,48.62319,4453.5335,1.59119,48.48993,7.191971784874654,2.6791987220322424,20.999999641778622
4.41674,4.55772,48.80923,4449.16648,1.60128,48.54318,6.992502816668201,2.6048912830309185,20.999999641778622
4.45611,4.60248,48.99604,4444.90744,1.60773,48.59515,6.79813602234699,2.5324845380481205,20.999999641778622
4.49541,4.64722,49.18321,4440.75437,1.61061,48.64588,6.609136061974318,2.4620770799210545,20.999999641778622
4.53464,4.69196,49.37035,4436.70509,1.61003,48.69539,6.425716113041336,2.3937483228742096,20.999999641778622
4.57379,4.7367,49.55705,4432.7573,1.60608,48.74373,6.248042167531526,2.3275601032889446,20.999999641778622
4.61286,4.78142,49.74295,4428.9086,1.59887,48.79093,6.076237319559213,2.263558276961648,20.999999641778622
4.65187,4.82615,49.92766,4425.1565,1.58849,48.83704,5.910385979731739,2.2017742890645313,20.999999641778622
4.6908,4.87087,50.11084,4421.49842,1.57506,48.88208,5.750537964632832,2.142226697585785,20.999999641778622
4.72967,4.91558,50.29214,4417.93178,1.55868,48.92611,5.596712420929919,2.0849226351628065,20.999999641778622
4.76848,4.96029,50.47124,4414.45395,1.53946,48.96915,5.448901553683181,2.0298591979754153,20.999999641778622
4.80722,5.005,50.64783,4411.06226,1.51751,49.01126,5.307074137254069,1.9770247536516554,20.999999641778622
4.84589,5.0497,50.82159,4407.75408,1.49292,49.05246,5.171178794875625,1.9264001629940313,20.999999641778622
4.88451,5.0944,50.99225,4404.52675,1.46582,49.09281,5.041147039462325,1.8779599127611815,20.999999641778622
4.92307,5.13909,51.15951,4401.37764,1.4363,49.13233,4.916896073665882,1.83167315876234,20.999999641778622
4.96157,5.18378,51.32313,4398.30415,1.40447,49.17107,4.798331351611707,1.7875046801715706,20.999999641778622
5.00001,5.22847,51.48284,4395.3037,1.37042,49.20906,4.685348908299246,1.7454157472906828,20.999999641778622
5.03839,5.27316,51.63841,4392.37375,1.33426,49.24634,4.577837465379951,1.7053649060069336,20.999999641778622
5.07673,5.31784,51.7896,4389.51178,1.2961,49.28296,4.475680324071527,1.667308682953388,20.999999641778622
5.11501,5.36252,51.9362,4386.71535,1.25601,49.31894,4.3787570573978165,1.631202215912803,20.999999641778622
5.15323,5.4072,52.078,4383.98202,1.2141,49.35432,4.286945014890973,1.5969998143587776,20.999999641778622
5.19141,5.45188,52.2148,4381.30943,1.17047,49.38913,4.200120653387941,1.5646554552124572,20.999999641778622
5.22953,5.49656,52.34643,4378.69524,1.12519,49.42341,4.118160707731235,1.5341232189593772,20.999999641778622
5.26761,5.54123,52.4727,4376.13718,1.07836,49.4572,4.0409432150691975,1.5053576712282595,20.999999641778622
5.30564,5.58591,52.59345,4373.63302,1.03007,49.49051,3.968348406113985,1.478314194808062,20.999999641778622
5.34362,5.63058,52.70853,4371.18054,0.9804,49.5234,3.9002594762365304,1.4529492769011436,20.999999641778622
5.38155,5.67525,52.81778,4368.77762,0.92942,49.55587,3.8365632486573373,1.4292207561792813,20.999999641778622
5.41944,5.71993,52.92108,4366.42215,0.87723,49.58798,3.7771507412891174,1.4070880339474683,20.999999641778622
5.45729,5.7646,53.01829,4364.11205,0.82389,49.61973,3.7219176480345184,1.3865122534399827,20.999999641778622
5.49509,5.80927,53.10929,4361.84529,0.76949,49.65117,3.670764744575748,1.3674564509876983,20.999999641778622
5.53284,5.85395,53.19399,4359.61989,0.71409,49.68233,3.623598227874897,1.349885682490887,20.999999641778622
5.57055,5.89862,53.27226,4357.43388,0.65778,49.71322,3.580329997832791,1.3337671283445531,20.999999641778622
5.60822,5.9433,53.34403,4355.28532,0.60063,49.74387,3.5408778887838013,1.3190701796763409,20.999999641778622
5.64585,5.98798,53.4092,4353.17232,0.54269,49.77432,3.5051658577493865,1.3057665084759336,20.999999641778622
5.68344,6.03265,53.4677,4351.09298,0.48405,49.80459,3.473124135661489,1.2938301239297445,20.999999641778622
5.72098,6.07733,53.51946,4349.04545,0.42477,49.8347,3.444689347084429,1.2832374170204746,20.999999641778622
5.75849,6.12202,53.56441,4347.02787,0.36492,49.86467,3.419804603318112,1.273967195210507,20.999999641778622
5.79595,6.1667,53.6025,4345.03842,0.30456,49.89454,3.398419573153867,1.2660007088003182,20.999999641778622
5.83337,6.21139,53.63368,4343.07527,0.24375,49.92433,3.380490534968737,1.2593216703349712,20.999999641778622
5.87076,6.25607,53.65791,4341.13661,0.18257,49.95406,3.365980413320829,1.2539162682368477,20.999999641778622
5.9081,6.30077,53.67517,4339.22061,0.12107,49.98376,3.354858802659515,1.2497731756383197,20.999999641778622
5.9454,6.34546,53.68541,4337.32547,0.05931,50.01344,3.3471019803165394,1.2468835552212827,20.999999641778622
5.98267,6.39016,53.68863,4335.44936,-0.00263,50.04314,3.3426929104388425,1.2452410606822302,20.999999641778622
6.01989,6.43486,53.68481,4333.59046,-0.0647,50.07288,3.341621240114793,1.2448418352891781,20.999999641778622
6.05708,6.47956,53.67395,4331.74694,-0.12684,50.10267,3.3438832884790517,1.245684507822939,20.999999641778622
6.09424,6.52426,53.6563,4329.91639,-0.18457,50.10875,3.3493634871710323,1.2477260260284073,0.0
6.13137,6.56895,53.63211,4328.0965,-0.24224,50.11487,3.3579518291955788,1.2509254094054298,0.0
6.16849,6.61363,53.60141,4326.28551,-0.29979,50.12104,3.36966184616288,1.2552876988348394,0.0
6.20559,6.65829,53.56421,4324.48162,-0.35715,50.12725,3.384512279308146,1.2608198759198632,0.0
6.24266,6.70294,53.52055,4322.68302,-0.41426,50.1335,3.4025270081552086,1.267530836411437,0.0
6.27972,6.74759,53.47046,4320.88787,-0.47105,50.1398,3.423734974201826,1.275431361778972,0.0
6.31675,6.79222,53.414,4319.09429,-0.52747,50.14614,3.4481700873772865,1.2845340843633526,0.0
6.35377,6.83684,53.3512,4317.30035,-0.58345,50.15253,3.4758711130749065,1.294853445293568,0.0
6.39076,6.88144,53.28213,4315.5041,-0.63892,50.15895,3.5068815371817883,1.306405644206746,0.0
6.42774,6.92604,53.20685,4313.70355,-0.69382,50.16542,3.541249406115064,1.3192085796574455,0.0
6.46469,6.97063,53.12545,4311.89664,-0.74808,50.17194,3.5790271384879846,1.3332817789583202,0.0
6.50163,7.0152,53.03799,4310.0813,-0.80162,50.17849,3.62027130460127,1.348646316034841,0.0
6.53854,7.05977,52.94458,4308.25537,-0.85439,50.18509,3.665042369553206,1.365324715727053,0.0
6.57543,7.10432,52.8453,4306.41667,-0.9063,50.19173,3.7134043953277067,1.3833408428095355,0.0
6.6123,7.14886,52.74027,4304.56294,-0.9573,50.19842,3.7654246968247356,1.4027197738536872,0.0
6.64915,7.19339,52.62959,4302.69188,-1.00729,50.20514,3.8211734463823213,1.4234876499017695,0.0
6.68598,7.23791,52.51339,4300.80113,-1.05622,50.21191,3.8807232209636244,1.4456715077821738,0.0
6.72279,7.28241,52.3918,4298.88826,-1.10399,50.21872,3.94414848581777,1.4692990877594976,0.0
6.75957,7.32691,52.26496,4296.95079,-1.15054,50.22557,4.011525008139376,1.4943986151072919,0.0
6.79634,7.37139,52.13301,4294.98617,-1.19579,50.23246,4.082929193966811,1.5209985530852115,0.0
6.83308,7.41586,51.99612,4292.99178,-1.23964,50.2394,4.158437341412443,1.5491273247476394,0.0
6.8698,7.46032,51.85444,4290.96495,-1.28203,50.24637,4.2381248032336325,1.5788130009793409,0.0
6.9065,7.50476,51.70816,4288.90295,-1.32286,50.25339,4.322065051801454,1.610082952171717,0.0
6.94317,7.54919,51.55746,4286.80298,-1.36205,50.26044,4.410328639727445,1.6429634610289157,0.0
6.97982,7.59361,51.40253,4284.66217,-1.39951,50.26753,4.502982049811575,1.6774792941431937,0.0
7.01645,7.63801,51.24359,4282.47762,-1.43516,50.27467,4.60008642853551,1.7136532301878322,0.0
7.05305,7.6824,51.08084,4280.24634,-1.4689,50.28184,4.7016961982417405,1.7515055429173472,0.0
7.08963,7.72677,50.9145,4277.96531,-1.50064,50.28905,4.807857544244334,1.7910534375764378,0.0
7.12618,7.77113,50.74482,4275.63147,-1.5303,50.2963,4.918606774635154,1.8323104398846455,0.0
7.16271,7.81547,50.57203,4273.2417,-1.55777,50.30359,5.033968552402475,1.8752857374540253,0.0
7.19922,7.8598,50.3964,4270.79287,-1.58297,50.31092,5.153954001740751,1.9199834743397075,0.0
7.23569,7.90411,50.21819,4268.28179,-1.6058,50.31828,5.278558693182218,1.9664020004484022,0.0
7.27214,7.9484,50.03767,4265.70529,-1.62617,50.32568,5.407760515352402,2.0145330787113327,0.0
7.30856,7.99268,49.85512,4263.06017,-1.64399,50.33311,5.541517444848014,2.064361054305073,0.0
7.34496,8.03693,49.67086,4260.34325,-1.65916,50.34059,5.679765229924159,2.115861991764083,0.0
7.38132,8.08117,49.48517,4257.55136,-1.67159,50.34809,5.822415008358335,2.1690027875723756,0.0
7.41766,8.12539,49.29838,4254.68138,-1.6812,50.35563,5.9693508849663335,2.223740267724448,0.0
7.45397,8.16959,49.1108,4251.73021,-1.6879,50.36321,6.120427499785699,2.2800202818096333,0.0
7.49025,8.21376,48.92278,4248.69484,-1.6916,50.37082,6.275467623768055,2.3377768073442344,0.0
7.52649,8.25791,48.73466,4245.57236,-1.69223,50.37846,6.434259824812878,2.3969310803076946,0.0
7.56271,8.30204,48.54678,4242.35994,-1.68971,50.38613,6.596556253061291,2.457390770106258,0.0
7.59889,8.34615,48.3595,4239.0549,-1.68397,50.39384,6.762070600178992,2.5190492193521736,0.0
7.63504,8.39023,48.17318,4235.6547,-1.67495,50.40157,6.930476292860502,2.5817847708964874,0.0
7.67115,8.43428,47.98821,4232.15699,-1.66258,50.40934,7.101404985537518,2.6454602063232526,0.0
7.70723,8.47831,47.80494,4228.55963,-1.64682,50.41714,7.274445421036997,2.709922321514683,0.0
7.74327,8.52231,47.62377,4224.86068,-1.62763,50.42496,7.4491427304188225,2.775001665822263,0.0
7.77928,8.56629,47.44507,4221.0585,-1.60497,50.43282,7.624998243919359,2.8405124716382475,0.0
7.81525,8.61023,47.26922,4217.15169,-1.57883,50.4407,7.801469883736226,2.906252800718324,0.0
7.85118,8.65414,47.09662,4213.1392,-1.54919,50.44861,7.977973205675906,2.9720049322227546,0.0
7.88707,8.69802,46.92764,4209.02028,-1.51605,50.45654,8.153883150461525,3.0375360151246054,0.0
7.92292,8.74187,46.76267,4204.79457,-1.47942,50.4645,8.328536556285215,3.102599004201608,0.0
7.95873,8.78568,46.60209,4200.46208,-1.43935,50.47249,8.501235472024751,3.1669338942965335,0.0
7.9945,8.82946,46.44626,4196.02324,-1.39585,50.4805,8.671251295346854,3.2302692618695557,0.0
8.03023,8.87321,46.29557,4191.47889,-1.34901,50.48853,8.83782974176459,3.2923241161028716,0.0
8.06591,8.91691,46.15035,4186.83034,-1.29888,50.49659,9.000196630031795,3.35281005411235,0.0
8.10155,8.96058,46.01096,4182.07932,-1.24556,50.50467,9.15756444634265,3.411433706284589,0.0
8.13714,9.00421,45.87774,4177.22806,-1.18914,50.51277,9.309139625386695,3.4678994486614814,0.0
8.17269,9.04779,45.751,4172.27924,-1.12976,50.52089,9.454130461210587,3.5219123499443703,0.0
8.20819,9.09134,45.63104,4167.23603,-1.06755,50.52903,9.591755535894933,3.57318131139794,0.0
8.24364,9.13484,45.51817,4162.10206,-1.00267,50.53719,9.721252530461172,3.621422349144854,0.0
8.27904,9.1783,45.41263,4156.88141,-0.93527,50.54537,9.841887261220812,3.6663619604436155,0.0
8.31439,9.22172,45.31469,4151.57862,-0.86556,50.55357,9.952962767059423,3.70774050894095,0.0
8.3497,9.26509,45.22456,4146.19865,-0.79372,50.56178,10.053828260103238,3.7453155590306175,0.0
8.38495,9.30841,45.14244,4140.74687,-0.71997,50.57001,10.14388774459684,3.7788650866121345,0.0
8.42015,9.35169,45.06852,4135.22899,-0.64453,50.57826,10.222608107499479,3.8081904930507715,0.0
8.45529,9.39492,45.00294,4129.65111,-0.56765,50.58653,10.289526489647496,3.8331193511295107,0.0
8.49039,9.4381,44.94582,4124.01958,-0.48956,50.59481,10.344256758536243,3.853507816330611,0.0
8.52542,9.48123,44.89725,4118.34102,-0.41053,50.60311,10.38649492258252,3.8692426437908303,0.0
8.56041,9.52431,44.85731,4112.62228,-0.3308,50.61142,10.416023351711921,3.880242760581263,0.0
8.59534,9.56734,44.82603,4106.87036,-0.25065,50.61975,10.432713699254174,3.886460354190225,0.0
8.63022,9.61032,44.80341,4101.09237,-0.17034,50.62809,10.4365284544178,3.8878814508609247,0.0
8.66504,9.65325,44.78944,4095.29548,-0.09015,50.63645,10.42752109150365,3.884525971177423,0.0
8.69981,9.69613,44.78406,4089.48689,-0.01033,50.64482,10.405834820169632,3.876447264505361,0.0
8.73452,9.73896,44.7872,4083.67376,0.06885,50.65321,10.37169997866648,3.863731137903703,0.0
8.76917,9.78173,44.79874,4077.86314,0.14712,50.66161,10.325430147643107,3.8464944084149724,0.0
8.80377,9.82445,44.81856,4072.06198,0.22423,50.67002,10.267417094391481,3.824883019663444,0.0
8.83831,9.86712,44.84649,4066.27704,0.29994,50.67845,10.198124685013878,3.799069773977269,0.0
8.8728,9.90974,44.88235,4060.51485,0.37402,50.6869,10.118081924048141,3.7692517394657403,0.0
8.90723,9.9523,44.92594,4054.78172,0.44623,50.69535,10.027875296968052,3.735647397399203,0.0
8.94161,9.99482,44.97701,4049.08365,0.51636,50.70383,9.928140600261584,3.698493598698238,0.0
8.97593,10.03728,45.03532,4043.42632,0.58422,50.71232,9.81955444675111,3.6580423994419395,0.0
9.0102,10.0797,45.1006,4037.81509,0.64962,50.72082,9.702825630451912,3.6145578440504855,0.0
9.04441,10.12206,45.17256,4032.25495,0.71238,50.72934,9.57868652646983,3.568312761520755,0.0
9.07857,10.16437,45.2509,4026.75051,0.77235,50.73788,9.447884687816948,3.5195856350190513,0.0
9.11268,10.20663,45.33529,4021.30603,0.8294,50.74643,9.311174783609548,3.46865759864773,0.0
9.14673,10.24885,45.42541,4015.92535,0.88339,50.755,9.169311002803784,3.415809607636863,0.0
9.18073,10.29101,45.52092,4010.61193,0.93422,50.76359,9.02304002564401,3.361319820023811,0.0
9.21468,10.33313,45.62147,4005.36884,0.98179,50.77219,8.873094642105444,3.305461219355211,0.0
9.24857,10.3752,45.72669,4000.19877,1.02603,50.78082,8.720188073908707,3.2484994994879828,0.0
9.28242,10.41723,45.83624,3995.10404,1.06687,50.78946,8.56500903483531,3.1906912244268923,0.0
9.31621,10.45921,45.94973,3990.0866,1.10426,50.79812,8.40821754379244,3.1322822685810086,0.0
9.34996,10.50114,46.0668,3985.14806,1.13817,50.8068,8.250441486784283,3.073506536007565,0.0
9.38366,10.54303,46.18708,3980.28967,1.16858,50.8155,8.092273908119157,3.0145849513153467,0.0
9.41731,10.58488,46.3102,3975.5124,1.19548,50.82422,7.934270997823075,2.955724709923283,0.0
9.45091,10.62669,46.43579,3970.81689,1.21887,50.83296,7.776950731605308,2.8971187714118374,0.0
9.48447,10.66846,46.56348,3966.20351,1.23877,50.84173,7.620792111606506,2.838945576681708,0.0
9.51797,10.71018,46.6929,3961.67238,1.25519,50.85052,7.466234950578436,2.781368967555098,0.0
9.55144,10.75187,46.82371,3957.22337,1.26817,50.85933,7.31368013877023,2.7245382861978658,0.0
9.58486,10.79352,46.95553,3952.8561,1.27776,50.86816,7.163490331405441,2.668588631222818,0.0
9.61824,10.83513,47.08803,3948.57004,1.28401,50.87702,7.015990995002324,2.6136412474715454,0.0
9.65157,10.87671,47.22086,3944.36442,1.28696,50.8859,6.8714717525609785,2.559804027132024,0.0
9.68486,10.91825,47.35369,3940.23834,1.28669,50.8948,6.730187970539127,2.507172100928851,0.0
9.71811,10.95976,47.48619,3936.19074,1.28326,50.90374,6.592362534321017,2.4558284995321262,0.0
9.75132,11.00123,47.61804,3932.22041,1.27675,50.91269,6.458187763231745,2.4058448669506736,0.0
9.78449,11.04267,47.74893,3928.32604,1.26723,50.92168,6.32782742094902,2.357282209463322,0.0
9.81762,11.08408,47.87857,3924.50622,1.25478,50.93069,6.201418782073509,2.3101916654707324,0.0
9.85071,11.12546,48.00666,3920.75943,1.23949,50.93973,6.079074720605423,2.2646152835078763,0.0
9.88376,11.1668,48.13292,3917.08407,1.22145,50.94879,5.960885790938942,2.220586797469216,0.0
9.91677,11.20812,48.25707,3913.4785,1.20075,50.95789,5.8469222766227205,2.1781323898258957,0.0
9.94975,11.24941,48.37886,3909.941,1.17747,50.96701,5.737236186507018,2.1372714352430733,0.0
9.98269,11.29067,48.49803,3906.46981,1.15171,50.97616,5.631863181912979,2.0980172185011803,0.0
10.0156,11.3319,48.61433,3903.06312,1.12356,50.98534,5.530824422112333,2.0603776219856704,0.0
10.04847,11.37311,48.72755,3899.71911,1.09311,50.99456,5.434128318641101,2.0243557792150324,0.0
10.08131,11.41429,48.83745,3896.43592,1.06046,51.0038,5.34177219185673,1.989950691951909,0.0
10.11411,11.45545,48.94382,3893.21167,1.02571,51.01307,5.253743825631851,1.9571578093674296,0.0
10.14687,11.49658,49.04646,3890.04446,0.98894,51.02237,5.170022918160157,1.9259695685045726,0.0
10.17961,11.53769,49.14518,3886.9324,0.95025,51.03171,5.0905824286719685,1.8963758959651467,0.0
10.21231,11.57877,49.23979,3883.87358,0.90973,51.04107,5.0153898212751225,1.868364671273251,0.0
10.24498,11.61983,49.33011,3880.86608,0.86748,51.05047,4.944408208326702,1.841922152811325,0.0
10.27762,11.66087,49.416,3877.90799,0.82358,51.0599,4.877597396656576,1.8170333675659505,0.0
10.31023,11.70189,49.49728,3874.99739,0.77814,51.06936,4.81491484064867,1.7936824661756963,0.0
10.3428,11.74289,49.57383,3872.13236,0.73123,51.07885,4.756316506674389,1.7718530449553171,0.0
10.37535,11.78387,49.64549,3869.311,0.68296,51.08838,4.701757653696543,1.7515284366912516,0.0
10.40786,11.82483,49.71215,3866.5314,0.6334,51.09794,4.651193535029217,1.7326919720656402,0.0
10.44035,11.86576,49.77368,3863.79164,0.58265,51.10753,4.604580026291917,1.7153272135857671,0.0
10.4728,11.90668,49.82998,3861.08983,0.53079,51.11716,4.561874184549685,1.699418163878463,0.0
10.50523,11.94758,49.88096,3858.42406,0.47791,51.12682,4.523034743478412,1.6849494501522153,0.0
10.53762,11.98847,49.9265,3855.79243,0.42409,51.13651,4.48802254921427,1.671906486562548,0.0
10.56999,12.02933,49.96655,3853.19303,0.36943,51.14624,4.4568009412486616,1.6602756161054124,0.0
10.60233,12.07018,50.00101,3850.62396,0.314,51.156,4.429336082481564,1.6500442335707428,0.0
10.63467,12.11099,50.02844,3848.08666,0.23021,51.09728,4.406468998416451,1.641525643087296,-43.99999924944092
10.66702,12.15174,50.04739,3845.58188,0.14596,51.03886,4.389022857065138,1.6350264963983259,-43.99999924944092
10.6994,12.19244,50.05782,3843.10673,0.06134,50.98065,4.376945837992348,1.6305274890282155,-43.99999924944092
10.73179,12.23309,50.05972,3840.65828,-0.02357,50.92258,4.370201067397427,1.6280148845160125,-43.99999924944092
10.76421,12.27368,50.05308,3838.23364,-0.10868,50.86456,4.3687657819881744,1.6274802029364335,-43.99999924944092
10.79664,12.31421,50.03788,3835.82988,-0.19391,50.80651,4.37263124574024,1.6289201898905508,-43.99999924944092
10.8291,12.35469,50.01414,3833.44406,-0.27916,50.74834,4.381802672871564,1.63233678781174,-43.99999924944092
10.86157,12.39512,49.98185,3831.07319,-0.36435,50.68998,4.396299156424015,1.6377371093604658,-43.99999924944092
10.89406,12.43549,49.94106,3828.71427,-0.4494,50.63134,4.416153600925267,1.6451334123390577,-43.99999924944092
10.92658,12.4758,49.89177,3826.36425,-0.53421,50.57234,4.441412656661888,1.6545430752067043,-43.99999924944092
10.95912,12.51607,49.83404,3824.02003,-0.61871,50.51288,4.472136652179595,1.6659885719340246,-43.99999924944092
10.99167,12.55627,49.76791,3821.67843,-0.70279,50.45289,4.50839952059334,1.6794974445516357,-43.99999924944092
11.02425,12.59642,49.69344,3819.33622,-0.78637,50.39228,4.550288714275136,1.6951022713691244,-43.99999924944092
11.05685,12.63652,49.61068,3816.99009,-0.86935,50.33095,4.597905101351389,1.712840628417575,-43.99999924944092
11.08948,12.67656,49.51972,3814.63666,-0.95165,50.26881,4.651362836256943,1.7327550412275516,-43.99999924944092
11.12212,12.71654,49.42065,3812.27243,-1.03316,50.20578,4.7107891953095775,1.7548929235762687,-43.99999924944092
11.15479,12.75647,49.31354,3809.89383,-1.1138,50.14174,4.776324366878284,1.7793064993197536,-43.99999924944092
11.18748,12.79633,49.19851,3807.49716,-1.19345,50.07662,4.848121184248342,1.8060527028780577,-43.99999924944092
11.22019,12.83614,49.07567,3805.07862,-1.27201,50.01029,4.926344787676275,1.8351930533418395,-43.99999924944092
11.25293,12.87589,48.94515,3802.63428,-1.34939,49.94266,5.011172200451945,1.8667934965443345,-43.99999924944092
11.2857,12.91557,48.80707,3800.16009,-1.42547,49.87362,5.102791801947264,1.9009242087581393,-43.99999924944092
11.31849,12.95519,48.66159,3797.65186,-1.50013,49.80306,5.201402678792937,1.9376593549914767,-43.99999924944092
11.3513,12.99475,48.50887,3795.10524,-1.57327,49.73087,5.3072138333297385,1.9770767941154672,-43.99999924944092
11.38415,13.03425,48.34906,3792.51577,-1.64476,49.65691,5.420443226510982,2.0192577223201185,-43.99999924944092
11.41702,13.07367,48.18236,3789.8788,-1.71449,49.58108,5.541316630431881,2.064286245651318,-43.99999924944092
11.44991,13.11303,48.00896,3787.18953,-1.78232,49.50324,5.670066263722742,2.112248871658896,-43.99999924944092
11.48284,13.15232,47.82906,3784.443,-1.84813,49.42327,5.806929181246525,2.163233909516593,-43.99999924944092
11.5158,13.19153,47.64289,3781.63408,-1.91178,49.34102,5.95214538793207,2.217330767375312,-43.99999924944092
11.54879,13.23068,47.45067,3778.75749,-1.97314,49.25636,6.105955645301783,2.2746291352369665,-43.99999924944092
11.58181,13.26974,47.25265,3775.80775,-2.03206,49.16915,6.268598938440323,2.335218041333667,-43.99999924944092
11.61486,13.30873,47.0491,3772.77922,-2.08839,49.07923,6.440309570905191,2.399184769905481,-43.99999924944092
11.64795,13.34763,46.84029,3769.66611,-2.14199,48.98645,6.6213138556739635,2.4666136284912077,-43.99999924944092
11.68107,13.38645,46.62652,3766.46245,-2.1927,48.89065,6.811826371775639,2.537584553425065,-43.99999924944092
11.71423,13.42519,46.40808,3763.16213,-2.24036,48.79168,7.012045759006715,2.6121715432577743,-43.99999924944092
11.74742,13.46384,46.1853,3759.75887,-2.28482,48.68937,7.222150027425203,2.6904409114196715,-43.99999924944092
11.78066,13.50239,45.95852,3756.24628,-2.3259,48.58355,7.442291364275181,2.7724493516634636,-43.99999924944092
11.81393,13.54085,45.7281,3752.61785,-2.36344,48.47405,7.672590429011197,2.8582418128107108,-43.99999924944092
11.84724,13.57921,45.4944,3748.86695,-2.39727,48.36068,7.913130137401055,2.947849183166565,-43.99999924944092
11.8806,13.61747,45.25781,3744.9869,-2.42723,48.24329,8.163948948510658,3.0412857897449945,-43.99999924944092
11.914,13.65562,45.01873,3740.97094,-2.45313,48.12168,8.425033683984742,3.1385467232619186,-43.99999924944092
11.94744,13.69366,44.77758,3736.81231,-2.47481,47.99568,8.696311927520096,3.239605006739006,-43.99999924944092
11.98093,13.73159,44.53481,3732.50425,-2.4921,47.86511,8.977644073880061,3.3444086335523635,-43.99999924944092
12.01447,13.7694,44.29085,3728.04009,-2.50482,47.72979,9.268815121164945,3.4528775098373186,-43.99999924944092
12.04805,13.80708,44.04618,3723.41321,-2.51281,47.58956,9.569526326963512,3.5649003461852966,-43.99999924944092
12.08169,13.84464,43.80128,3718.61717,-2.51592,47.44423,9.87938687819755,3.680331554441756,-43.99999924944092
12.11538,13.88207,43.55664,3713.64575,-2.51398,47.29364,10.197905755070693,3.798988216813039,-43.99999924944092
12.14912,13.91936,43.31277,3708.49295,-2.50685,47.13764,10.524484000699601,3.9206472061005995,-43.99999924944092
12.18291,13.95651,43.0702,3703.15315,-2.4944,46.97608,10.858407638391947,4.045042547200688,-43.99999924944092
12.21677,13.99351,42.82945,3697.6211,-2.47649,46.80882,11.198841506560315,4.171863120447567,-43.99999924944092
12.25068,14.03036,42.59106,3691.89202,-2.45302,46.63573,11.544824305168753,4.300750816284519,-43.99999924944092
12.28464,14.06705,42.35559,3685.96169,-2.4239,46.4567,11.895265165116294,4.4312992572689405,-43.99999924944092
12.31867,14.10358,42.12359,3679.8265,-2.38903,46.27165,12.248942060894798,4.563053206745622,-43.99999924944092
12.35276,14.13994,41.8956,3673.48357,-2.34837,46.08048,12.604502384897177,4.695508782791677,-43.99999924944092
12.38691,14.17612,41.6722,3666.93076,-2.30189,45.88317,12.960465986440568,4.828114590332628,-43.99999924944092
12.42113,14.21212,41.45395,3660.16681,-2.24956,45.67966,13.315230948210049,4.960273873019689,-43.99999924944092
12.45541,14.24794,41.24138,3653.19138,-2.19142,45.46997,13.667082325596,5.091347768862866,-43.99999924944092
12.48975,14.28356,41.03505,3646.00513,-2.1275,45.25412,14.014204009817057,5.220659729556402,-43.99999924944092
12.52416,14.31899,40.8355,3638.60978,-2.05788,45.03215,14.354693793664888,5.347501132865111,-43.99999924944092
12.55864,14.35421,40.64325,3631.00813,-1.98267,44.80416,14.68658162063367,5.471138080905268,-43.99999924944092
12.59319,14.38922,40.4588,3623.20415,-1.90201,44.57027,15.007850886574056,5.590819335571191,-43.99999924944092
12.6278,14.42402,40.28264,3615.20299,-1.81608,44.33062,15.316462541686294,5.705785297161844,-43.99999924944092
12.66249,14.45859,40.11524,3607.01096,-1.7251,44.08541,15.610381614838227,5.815277885387188,-43.99999924944092
12.69724,14.49294,39.95702,3598.63558,-1.6293,43.83485,15.887605658060407,5.918551135691023,-43.99999924944092
12.73206,14.52706,39.80841,3590.08554,-1.52897,43.57919,16.14619449354166,6.014882280789537,-43.99999924944092
12.76694,14.56095,39.66977,3581.37065,-1.42443,43.31873,16.38430054607622,6.103583050305952,-43.99999924944092
12.8019,14.59459,39.54143,3572.50183,-1.31602,43.05379,16.600198967627442,6.184010892963136,-43.99999924944092
12.83692,14.62799,39.42371,3563.49098,-1.20413,42.7847,16.792316714004308,6.255579808410652,-43.99999924944092
12.87201,14.66114,39.31686,3554.35095,-1.08915,42.51186,16.95925972155124,6.317770471256775,-43.99999924944092
12.90716,14.69404,39.22109,3545.09543,-0.97152,42.23566,17.099837357369875,6.370139339419425,-43.99999924944092
12.94238,14.72668,39.13658,3535.73881,-0.85169,41.95652,17.213083380597194,6.412326462753803,-43.99999924944092
12.97766,14.75907,39.06346,3526.29607,-0.73014,41.6749,17.298272753274112,6.44406174554325,-43.99999924944092
13.013,14.7912,39.0018,3516.78265,-0.60734,41.39125,17.35493377265359,6.46516946610325,-43.99999924944092
13.0484,14.82306,38.95163,3507.21432,-0.4838,41.10603,17.38285515639017,6.475570916200947,-43.99999924944092
13.08386,14.85467,38.91294,3497.607,-0.36002,40.81973,17.382087889090503,6.475285088943803,-43.99999924944092
13.11938,14.88601,38.88567,3487.97665,-0.2365,40.53282,17.352941824004006,6.464427412819957,-43.99999924944092
13.15495,14.91708,38.86971,3478.3391,-0.11373,40.24578,17.295977216710877,6.443206597774243,-43.99999924944092
13.19057,14.94789,38.8649,3468.70996,0.0078,39.95907,17.21199153915596,6.411919723088865,-43.99999924944092
13.22625,14.97844,38.87105,3459.1044,0.1276,39.67316,17.10200207314187,6.3709457530015925,-43.99999924944092
13.26197,15.00872,38.88792,3449.53714,0.24522,39.3885,16.967224905650006,6.320737711910172,-43.99999924944092
13.29774,15.03875,38.91524,3440.02226,0.36021,39.1055,16.809051038919083,6.2618137847479955,-43.99999924944092
13.33355,15.06851,38.95269,3430.57312,0.47215,38.82458,16.629020383500805,6.194747628713057,-43.99999924944092
13.3694,15.09802,38.99993,3421.2023,0.58065,38.54612,16.428794422192855,6.120158189863737,-43.99999924944092
13.4053,15.12727,39.05657,3411.92154,0.68534,38.27047,16.21012831873832,6.038699312875474,-43.99999924944092
13.44123,15.15627,39.12222,3402.74163,0.78588,37.99798,15.974843201177478,5.951049415860035,-43.99999924944092
13.47719,15.18502,39.19644,3393.67244,0.88198,37.72895,15.724799280785655,5.857901476462581,-43.99999924944092
13.51319,15.21353,39.27878,3384.72285,0.97335,37.46363,15.461870379724411,5.759953542741521,-43.99999924944092
13.54922,15.24179,39.36877,3375.90079,1.05976,37.20229,15.187920340050827,5.6578999449037575,-43.99999924944092
13.58528,15.26982,39.46593,3367.21318,1.141,36.94513,14.90478167992028,5.552423344178619,-43.99999924944092
13.62136,15.29761,39.56976,3358.666,1.21689,36.69233,14.614236755315448,5.4441877150662625,-43.99999924944092
13.65747,15.32517,39.67975,3350.26428,1.28728,36.44404,14.318001582343403,5.3338323187176755,-43.99999924944092
13.69361,15.35251,39.79538,3342.01215,1.35206,36.20039,14.017712380149655,5.221966689816075,-43.99999924944092
13.72976,15.37963,39.91615,3333.91287,1.41115,35.96147,13.714914810539005,5.109166628052558,-43.99999924944092
13.76594,15.40653,40.04152,3325.96891,1.46448,35.72735,13.411055819290127,4.995971158801119,-43.99999924944092
13.80213,15.43323,40.17098,3318.18193,1.51204,35.49808,13.107477927102245,4.882880406346063,-43.99999924944092
13.83834,15.45971,40.30402,3310.5529,1.5538,35.27367,12.805415774642103,4.7703543068211,-43.99999924944092
13.87456,15.48599,40.44011,3303.08211,1.58979,35.05413,12.505994696156318,4.658812076842426,-43.99999924944092
13.9108,15.51208,40.57877,3295.76928,1.62004,34.83943,12.210231078048437,4.548632347088094,-43.99999924944092
13.94705,15.53798,40.71948,3288.61355,1.64461,34.62953,11.919034251482154,4.4401538673425245,-43.99999924944092
13.98331,15.56368,40.86175,3281.61356,1.66358,34.42438,11.633209669612839,4.333676690098841,-43.99999924944092
14.01959,15.58921,41.00512,3274.76752,1.67702,34.2239,11.353463128805581,4.2294637430736595,-43.99999924944092
14.05587,15.61455,41.14911,3268.07326,1.68505,34.02801,11.080405807559398,4.127742706338936,-43.99999924944092
14.09216,15.63972,41.29327,3261.52824,1.68778,33.83662,10.814559915078618,4.028708116563437,-43.99999924944092
14.12846,15.66473,41.43715,3255.12964,1.68533,33.64961,10.556364762254022,3.932523628612943,-43.99999924944092
14.16476,15.68956,41.58033,3248.87438,1.67784,33.46688,10.306183090005998,3.839324373024584,-43.99999924944092
14.20107,15.71424,41.72239,3242.75915,1.66544,33.28829,10.064307512371032,3.749219356226092,-43.99999924944092
14.23739,15.73875,41.86294,3236.78047,1.64829,33.11373,9.830966953816532,3.662293858604941,-43.99999924944092
14.27371,15.76311,42.00158,3230.9347,1.62653,32.94304,9.606332981205433,3.578611793331771,-43.99999924944092
14.31003,15.78733,42.13794,3225.2181,1.60033,32.7761,9.390525950329025,3.498217996105587,-43.99999924944092
14.34636,15.81139,42.27168,3219.62682,1.56984,32.61276,9.183620904676157,3.4211404226005,-43.99999924944092
14.38269,15.83531,42.40244,3214.15693,1.53522,32.45288,8.985653179846274,3.347392236257039,-43.99999924944092
14.41903,15.8591,42.52991,3208.80446,1.49664,32.29632,8.796623680912758,3.276973774238851,-43.99999924944092
14.45536,15.88274,42.65376,3203.56541,1.45426,32.14291,8.616503811860696,3.209874383777977,-43.99999924944092
14.4917,15.90625,42.77372,3198.43576,1.40825,31.99252,8.4452400462615,3.1460741248714,-43.99999924944092
14.52804,15.92963,42.88949,3193.41148,1.35876,31.84499,8.282758136617952,3.0855453383728393,-43.99999924944092
14.56438,15.95289,43.0008,3188.48853,1.30597,31.70018,8.128966966508546,3.028254081017865,-43.99999924944092
14.60072,15.97601,43.10742,3183.66293,1.25004,31.55795,7.983762054888801,2.9741614308683477,-43.99999924944092
14.63706,15.99902,43.20909,3178.93066,1.19112,31.41813,7.847028725959695,2.923224668171849,-43.99999924944092
14.6734,16.0219,43.30559,3174.28777,1.12937,31.28059,7.718644960916986,2.8753983377132815,-43.99999924944092
14.70974,16.04467,43.39671,3169.73033,1.06496,31.14519,7.598483949884332,2.8306351994771375,-43.99999924944092
14.74608,16.06731,43.48226,3165.25442,0.99803,31.01178,7.486416363546679,2.7888870748907015,-43.99999924944092
14.78243,16.08985,43.56205,3160.85619,0.92875,30.88021,7.382312364589576,2.7501055961381153,-43.99999924944092
14.81877,16.11227,43.63591,3156.53179,0.85726,30.75035,7.286043379087439,2.714242866049115,-43.99999924944092
14.85511,16.13458,43.70368,3152.27741,0.78372,30.62206,7.197483647574126,2.681252035913632,-43.99999924944092
14.89145,16.15678,43.76522,3148.0893,0.70827,30.49521,7.1165115748721695,2.6510878083286977,-43.99999924944092
14.92779,16.17887,43.82038,3143.9637,0.63106,30.36964,7.043010896771995,2.623706871817151,-43.99999924944092
14.96413,16.20086,43.86906,3139.8969,0.55224,30.24524,6.976871680507782,2.599068273531217,-43.99999924944092
15.00047,16.22274,43.91114,3135.8852,0.47194,30.12187,6.917991174718883,2.5771337358855053,-43.99999924944092
15.03681,16.24451,43.94652,3131.92493,0.39032,29.99939,6.86627452318363,2.557867922441627,-43.99999924944092
15.07314,16.26618,43.97512,3128.01243,0.3075,29.87768,6.82163535522985,2.541238657851647,-43.99999924944092
15.10948,16.28775,43.99686,3124.14406,0.22363,29.7566,6.783996264250646,2.527217106117807,-43.99999924944092
15.14581,16.30922,44.01168,3120.31616,0.13885,29.63603,6.753289184297607,2.5157779108833997,-43.99999924944092
15.18215,16.33058,44.01953,3116.5251,0.05329,29.51582,6.7294556732768624,2.5068993009307565,-43.99999924944092
15.21848,16.35184,44.02036,3112.76723,-0.03291,29.39587,6.712447109842104,2.5005631635290717,-43.99999924944092
15.25482,16.37301,44.01416,3109.03888,-0.11961,29.27603,6.702224809660808,2.496755087746634,-43.99999924944092
15.29115,16.39407,44.00089,3105.3364,-0.20669,29.15617,6.698760065347664,2.495464379327078,-43.99999924944092
15.32748,16.41503,43.98055,3101.65608,-0.29399,29.03618,6.702034113029866,2.496684048234077,-43.99999924944092
15.36381,16.43589,43.95315,3097.9942,-0.3814,28.91591,6.712038027152841,2.5004107694637074,-43.99999924944092
15.40014,16.45666,43.91869,3094.34702,-0.46877,28.79525,6.728772543888561,2.5066448172593985,-43.99999924944092
15.43647,16.47732,43.87721,3090.71074,-0.55597,28.67405,6.752247812238373,2.5153899723911874,-43.99999924944092
15.47279,16.49788,43.82873,3087.08154,-0.64287,28.55218,6.7824830707073005,2.526653401708392,-43.99999924944092
15.50912,16.51834,43.77331,3083.45553,-0.72932,28.42952,6.819506246251948,2.54044550873715,-43.99999924944092
15.54545,16.5387,43.71101,3079.82877,-0.81519,28.30593,6.863353471064913,2.5567797536698973,-43.99999924944092
15.58177,16.55895,43.64189,3076.19729,-0.90034,28.18126,6.9140685116605285,2.5756724406847913,-43.99999924944092
15.6181,16.5791,43.56603,3072.55703,-0.98462,28.0554,6.971702103701654,2.5971424701511827,-43.99999924944092
15.65442,16.59915,43.48352,3068.90388,-1.06791,27.92819,7.036311185041826,2.6212110529176376,-43.99999924944092
15.69074,16.6191,43.39447,3065.23364,-1.15006,27.79949,7.107958018571979,2.6479013835492657,-43.99999924944092
15.72707,16.63894,43.29899,3061.54206,-1.23091,27.66917,7.186709195682699,2.677238269091184,-43.99999924944092
15.76339,16.65867,43.19721,3057.82481,-1.31034,27.53707,7.272634510521064,2.7092477096995746,-43.99999924944092
15.79971,16.67829,43.08927,3054.07748,-1.38818,27.40305,7.365805694742958,2.743956427303627,-43.99999924944092
15.83603,16.6978,42.9753,3050.29558,-1.46429,27.26696,7.466295002168456,2.781391338352433,-43.99999924944092
15.87234,16.7172,42.85548,3046.47454,-1.53852,27.12864,7.574173632726177,2.821578966692784,-43.99999924944092
15.90866,16.73649,42.72998,3042.60972,-1.61072,26.98795,7.689509985322,2.864544792716804,-43.99999924944092
15.94498,16.75567,42.59897,3038.6964,-1.68073,26.84473,7.81236772989007,2.910312535150221,-43.99999924944092
15.98129,16.77472,42.46267,3034.7298,-1.74839,26.69881,7.942803689868464,2.9589033622188294,-43.99999924944092
16.01761,16.79366,42.32127,3030.70504,-1.81356,26.55003,8.080865527868553,3.010335029499447,-43.99999924944092
16.05392,16.81248,42.175,3026.61721,-1.87606,26.39824,8.226589229300899,3.06462094250434,-43.99999924944092
16.09023,16.83117,42.0241,3022.46131,-1.93574,26.24327,8.379996381415298,3.121769143052051,-43.99999924944092
16.12654,16.84974,41.86881,3018.23233,-1.99244,26.08495,8.541091248516429,3.181781219708277,-43.99999924944092
16.16284,16.86817,41.70938,3013.9252,-2.046,25.92311,8.709857648183426,3.244651144095457,-43.99999924944092
16.19915,16.88648,41.54609,3009.53481,-2.09625,25.75759,8.886255638261893,3.3103640367101383,-43.99999924944092
16.23545,16.90465,41.37922,3005.05608,-2.14304,25.58822,9.070218030064744,3.37889486799854,-43.99999924944092
16.27175,16.92269,41.20907,3000.48389,-2.1862,25.41483,9.261646749871904,3.4502071029194603,-43.99999924944092
16.30804,16.94059,41.03595,2995.81318,-2.22558,25.23725,9.460409078227775,3.5242512999836295,-43.99999924944092
16.34434,16.95834,40.86016,2991.03891,-2.26102,25.05533,9.6663338048551,3.6009636788579558,-43.99999924944092
16.38062,16.97594,40.68205,2986.15612,-2.29237,24.86888,9.87920734600266,3.6802646739753824,-43.99999924944092
16.41691,16.9934,40.50195,2981.15995,-2.31947,24.67776,10.098769880634704,3.7620574951637913,-43.99999924944092
16.45319,17.0107,40.32022,2976.04565,-2.3422,24.48181,10.324711571939034,3.84622672005834,-43.99999924944092
16.48946,17.02785,40.1372,2970.80862,-2.36039,24.28087,10.556668950731307,3.9326369468244122,-43.99999924944092
16.52573,17.04483,39.95328,2965.44445,-2.37393,24.07481,10.794221547355919,4.02113153945207,-43.99999924944092
16.56199,17.06165,39.76883,2959.94895,-2.3827,23.86348,11.036888868069692,4.1115315013794325,-43.99999924944092
16.59824,17.0783,39.58424,2954.31818,-2.38657,23.64676,11.284127820180254,4.203634516288959,-43.99999924944092
16.63449,17.09477,39.3999,2948.54851,-2.38545,23.42452,11.535330697016438,4.297214197455918,-43.99999924944092
16.67073,17.11107,39.2162,2942.63662,-2.37924,23.19667,11.789823838269445,4.392019588690209,-43.99999924944092
16.70695,17.12719,39.03355,2936.57958,-2.36788,22.96309,12.046867083120691,4.487774960612108,-43.99999924944092
16.74317,17.14312,38.85236,2930.37487,-2.35129,22.72372,12.305654131807337,4.584179945344935,-43.99999924944092
16.77937,17.15886,38.67302,2924.02042,-2.32943,22.47849,12.565313925745308,4.680910050647189,-43.99999924944092
16.81557,17.1744,38.49595,2917.51466,-2.30228,22.22735,12.824913146098885,4.7776175906954705,-43.99999924944092
16.85174,17.18975,38.32156,2910.85655,-2.26982,21.97026,13.083459915727815,4.873933065157175,-43.99999924944092
16.8879,17.20489,38.15023,2904.04563,-2.23208,21.70723,13.339908769239187,4.9694670106655945,-43.99999924944092
16.92405,17.21983,37.98237,2897.08202,-2.18908,21.43826,13.593166930566243,5.06381233938319,-43.99999924944092
16.96017,17.23455,37.81838,2889.96651,-2.14089,21.16338,13.842101907366601,5.156547168114761,-43.99999924944092
16.99628,17.24906,37.65862,2882.70051,-2.08758,20.88265,14.085550376887063,5.247238128525878,-43.99999924944092
17.03236,17.26335,37.50347,2875.28613,-2.02926,20.59615,14.322328299987284,5.335444134882813,-43.99999924944092
17.06842,17.27742,37.3533,2867.72618,-1.96607,20.30399,14.55124215945071,5.420720570619077,-43.99999924944092
17.10446,17.29126,37.20843,2860.02416,-1.89816,20.00629,14.771101177477524,5.502623839672984,-43.99999924944092
17.14047,17.30486,37.0692,2852.18429,-1.82571,19.70321,14.980730326566505,5.580716213383499,-43.99999924944092
17.17645,17.31823,36.93592,2844.21147,-1.74895,19.39494,15.17898391004491,5.654570889594928,-43.99999924944092
17.2124,17.33137,36.80888,2836.1113,-1.66809,19.08168,15.364759455075356,5.723777168167542,-43.99999924944092
17.24832,17.34426,36.68833,2827.89004,-1.58341,18.76365,15.537011634005802,5.787945637046728,-43.99999924944092
17.2842,17.35691,36.57453,2819.55458,-1.49519,18.44112,15.694765911158433,5.8467132560509265,-43.99999924944092
17.32004,17.36931,36.46769,2811.1124,-1.40372,18.11436,15.837131603006677,5.899748222131191,-43.99999924944092
17.35585,17.38146,36.368,2802.57156,-1.30935,17.78366,15.963314041288074,5.946754500450777,-43.99999924944092
17.39161,17.39336,36.27562,2793.9406,-1.21241,17.44935,16.07262554151457,5.987475910443817,-43.99999924944092
17.42734,17.405,36.19069,2785.22848,-1.11327,17.11175,16.164494903318314,6.021699664944101,-43.99999924944092
17.46301,17.4164,36.11331,2776.44459,-1.01231,16.77121,16.23847520390723,6.049259273452331,-43.99999924944092
17.49864,17.42753,36.04355,2767.59858,-0.9099,16.4281,16.294249689943108,6.0700367370157435,-43.99999924944092
17.53422,17.43841,35.98147,2758.70039,-0.80646,16.08279,16.331635625023956,6.083963981516513,-43.99999924944092
17.56975,17.44903,35.92706,2749.76007,-0.70239,15.73564,16.350586007182798,6.091023497485245,-43.99999924944092
17.60522,17.45939,35.88033,2740.78782,-0.59808,15.38705,16.351189131141144,6.091248177028876,-43.99999924944092
17.64064,17.4695,35.84122,2731.79381,-0.49396,15.0374,16.333666030706432,6.0847203610564256,-43.99999924944092
17.676,17.47935,35.80965,2722.78818,-0.39043,14.68707,16.298365895062656,6.07157013172665,-43.99999924944092
17.7113,17.48894,35.78552,2713.78093,-0.28788,14.33645,16.245759606405986,6.051972905047283,-43.99999924944092
17.74654,17.49827,35.76869,2704.78188,-0.18671,13.98589,16.176431593191673,6.026146395995139,-43.99999924944092
17.78171,17.50735,35.75902,2695.80059,-0.08731,13.63578,16.091070231565666,5.9943470427968535,-43.99999924944092
17.81682,17.51618,35.7563,2686.84628,0.00997,13.28646,15.990457056065464,5.956865987631056,-43.99999924944092
17.85187,17.52475,35.76035,2677.92784,0.10477,12.93827,15.875455058933976,5.914024717814923,-43.99999924944092
17.88685,17.53308,35.77091,2669.05373,0.19674,12.59154,15.746996365073892,5.866170474400387,-43.99999924944092
17.92175,17.54116,35.78775,2660.23193,0.28558,12.24657,15.60606956758742,5.81367153432947,-43.99999924944092
17.95659,17.54899,35.8106,2651.46998,0.37099,11.90365,15.453706997402309,5.756912468035023,-43.99999924944092
17.99136,17.55658,35.83916,2642.77486,0.45268,11.56305,15.290972181374368,5.696289467253909,-43.99999924944092
18.02605,17.56394,35.87313,2634.15306,0.53042,11.22502,15.118947717729045,5.632205828309979,-43.99999924944092
18.06067,17.57105,35.91221,2625.6105,0.60397,10.88979,14.93872376733038,5.565067664808948,-43.99999924944092
18.09522,17.57793,35.95605,2617.15254,0.67312,10.55756,14.751387325960454,5.495279911280225,-43.99999924944092
18.12969,17.58459,36.00433,2608.784,0.7377,10.22851,14.558012407866816,5.423242666290033,-43.99999924944092
18.16409,17.59101,36.0567,2600.50915,0.79754,9.90281,14.35965123592279,5.349347910544337,-43.99999924944092
18.19841,17.59721,36.11281,2592.3317,0.85252,9.58059,14.157326500088754,5.2739766229619685,-43.99999924944092
18.23266,17.60319,36.17229,2584.25485,0.90252,9.26197,13.952024714425756,5.197496305987418,-43.99999924944092
18.26683,17.60896,36.2348,2576.28127,0.94744,8.94705,13.744690674628146,5.120258920875899,-43.99999924944092
18.30092,17.61451,36.29997,2568.41314,0.98724,8.6359,13.536222993289071,5.042599224462281,-43.99999924944092
18.33494,17.61986,36.36744,2560.65216,1.02186,8.32858,13.327470669333565,4.964833491184644,-43.99999924944092
18.36888,17.625,36.43685,2552.9996,1.05127,8.02512,13.119230631304497,4.887258597893659,-43.99999924944092
18.40275,17.62993,36.50784,2545.45627,1.07547,7.72554,12.912246181439116,4.810151444230161,-43.99999924944092
18.43653,17.63467,36.58006,2538.0226,1.09447,7.42984,12.70720625836726,4.73376867796083,-43.99999924944092
18.47025,17.63921,36.65316,2530.69866,1.1083,7.13802,12.504745430752758,4.658346692609448,-43.99999924944092
18.50387,17.64365,36.73072,2523.47035,1.23537,7.14316,12.298539786878704,4.581529664669338,0.0
18.5374,17.64809,36.81621,2516.3286,1.35542,7.14828,12.082871319889119,4.501187486136831,0.0
18.57083,17.65251,36.90911,2509.28007,1.46813,7.15339,11.85930075706504,4.417901568989321,0.0
18.60416,17.65692,37.0089,2502.33067,1.5732,7.15848,11.629340370537298,4.332235274385817,0.0
18.6374,17.66133,37.11503,2495.48553,1.6704,7.16355,11.394449859617506,4.2447323787268925,0.0
18.67055,17.66573,37.22694,2488.74904,1.75954,7.16861,11.156023585775069,4.155912318347762,0.0
18.7036,17.67012,37.34409,2482.12487,1.84047,7.17367,10.915380289062918,4.066266358616281,0.0
18.73657,17.6745,37.46591,2475.61602,1.9131,7.17871,10.673755216620219,3.976254661593097,0.0
18.76945,17.67888,37.59184,2469.22482,1.97737,7.18375,10.432294534219498,3.886304204185912,0.0
18.80224,17.68325,37.72132,2462.95302,2.03326,7.18878,10.192051845941634,3.796807481636845,0.0
18.83495,17.68761,37.85381,2456.80179,2.08078,7.1938,9.953986614743487,3.7081219191423167,0.0
18.86757,17.69196,37.98875,2450.77179,2.11999,7.19883,9.718964256727654,3.6205699069710127,0.0
18.90011,17.6963,38.12561,2444.86319,2.15097,7.20385,9.487757672990965,3.534439371117753,0.0
18.93258,17.70064,38.26387,2439.07576,2.17382,7.20888,9.261049983172475,3.4499847916220454,0.0
18.96496,17.70498,38.40299,2433.40885,2.18868,7.21391,9.039438232602738,3.36742858357873,0.0
18.99727,17.7093,38.5425,2427.86148,2.19569,7.21894,8.823437858436117,3.2869627608897756,0.0
19.02951,17.71362,38.68189,2422.43236,2.19504,7.22398,8.613487717731312,3.2087508093565686,0.0
19.06167,17.71794,38.82069,2417.11991,2.18691,7.22903,8.409955500597848,3.132929703219419,0.0
19.09377,17.72225,38.95845,2411.92235,2.17151,7.23409,8.213143373090851,3.059612007284328,0.0
19.12579,17.72655,39.09472,2406.83766,2.14905,7.23916,8.023293716385924,2.98888801491664,0.0
19.15775,17.73085,39.22907,2401.86366,2.11975,7.24424,7.840594850160884,2.920827880151331,0.0
19.18964,17.73514,39.3611,2396.99802,2.08385,7.24933,7.665186648346537,2.8554837097079315,0.0
19.22146,17.73943,39.49042,2392.23828,2.04159,7.25444,7.497165974183551,2.7928915876922145,0.0
19.25323,17.74371,39.61665,2387.58188,1.99321,7.25957,7.33659187841067,2.733073512058082,0.0
19.28493,17.74799,39.73943,2383.02615,1.93897,7.26472,7.183490519440197,2.6760392275023834,0.0
19.31657,17.75227,39.85843,2378.5684,1.87911,7.26988,7.037859777354831,2.621787944300148,0.0
19.34816,17.75654,39.97331,2374.20582,1.81389,7.27507,6.899673544608646,2.5703099367035875,0.0
19.37969,17.76081,40.08378,2369.93562,1.74356,7.28027,6.768885685587164,2.521588017982406,0.0
19.41116,17.76507,40.18954,2365.75493,1.66837,7.2855,6.645433664630797,2.4755988919579974,0.0
19.44257,17.76933,40.29033,2361.66087,1.58859,7.29076,6.529241848171973,2.4323143831364,0.0
19.47394,17.77359,40.38587,2357.65055,1.50445,7.29603,6.420224491187861,2.3917025492405224,0.0
19.50525,17.77784,40.47595,2353.72105,1.41621,7.30134,6.3182884216270665,2.353728681229717,0.0
19.53651,17.78209,40.56032,2349.86946,1.32412,7.30666,6.223335438822497,2.3183561967716755,0.0
19.56772,17.78634,40.63878,2346.09283,1.22842,7.31202,6.135264443457184,2.2855474337107444,0.0
19.59888,17.79059,40.71115,2342.38825,1.12936,7.3174,6.053973317440849,2.255264350371406,0.0
19.62999,17.79483,40.77723,2338.75276,1.02717,7.32281,5.979360572279107,2.22746913961918,0.0
19.66106,17.79907,40.83687,2335.18344,0.92211,7.32825,5.9113267842495905,2.2021247635014873,0.0
19.69207,17.80331,40.88992,2331.67732,0.8144,7.33372,5.849775834103032,2.1791954150689277,0.0
19.72304,17.80755,40.93625,2328.23146,0.70428,7.33922,5.794615968077936,2.158646913631157,0.0
19.75397,17.81178,40.97574,2324.84289,0.59198,7.34475,5.745760695894756,2.140447039283347,0.0
19.78485,17.81601,41.00828,2321.50863,0.47773,7.35032,5.7031295401320605,2.1245658120685267,0.0
19.81569,17.82024,41.03378,2318.22569,0.36176,7.35591,5.666648649983258,2.1109757206181086,0.0
19.84648,17.82447,41.05217,2314.99106,0.2443,7.36153,5.636251290979637,2.0996519045866093,0.0
19.87724,17.82869,41.06338,2311.80171,0.12557,7.36719,5.61187822072922,2.0905722946242546,0.0
19.90795,17.83292,41.06735,2308.65458,0.00579,7.37288,5.593477959269934,2.0837177130906537,0.0
19.93861,17.83714,41.06407,2305.54659,-0.1148,7.3786,5.581006961112689,2.0790719381453706,0.0
19.96924,17.84136,41.05349,2302.4746,-0.236,7.38435,5.574429694581815,2.076621733304322,0.0
19.99982,17.84558,41.03561,2299.43546,-0.35758,7.39014,5.57371863261856,2.0763568440138434,0.0
20.03037,17.8498,41.01044,2296.42597,-0.47932,7.39596,5.578854157805107,2.078269962269632,0.0
20.06087,17.85401,40.97799,2293.44288,-0.60099,7.40181,5.58982438298046,2.0823566597914476,0.0
20.09133,17.85823,40.93828,2290.48287,-0.72237,7.40769,5.606624887528365,2.0886152897834207,0.0
20.12175,17.86244,40.89137,2287.54259,-0.84325,7.41361,5.629258368130136,2.0970468568302962,0.0
20.15214,17.86666,40.83731,2284.61863,-0.9634,7.41956,5.657734201596885,2.107654854040931,0.0
20.18248,17.87087,40.77616,2281.70751,-1.08259,7.42554,5.692067916245752,2.120445066122035,0.0
20.21278,17.87508,40.70801,2278.80566,-1.2006,7.43156,5.732280567237723,2.13542533667507,0.0
20.24304,17.87928,40.63295,2275.90948,-1.3172,7.4376,5.778398010379266,2.152605297668253,0.0
20.27326,17.88349,40.5511,2273.01527,-1.43217,7.44368,5.830450067992181,2.171996058701126,0.0
20.30345,17.8877,40.46256,2270.11926,-1.54528,7.44979,5.888469579840143,2.1936098534497246,0.0
20.33359,17.8919,40.36749,2267.2176,-1.65629,7.45592,5.952491331488293,2.2174596404523275,0.0
20.36369,17.89611,40.26602,2264.30638,-1.76497,7.46209,6.02255085221522,2.24355865530004,0.0
20.39375,17.90031,40.15833,2261.38159,-1.87108,7.46829,6.098683074445216,2.271919911240039,0.0
20.42377,17.90451,40.04457,2258.43914,-1.9744,7.47452,6.180920846898989,2.3025556452850897,0.0
20.45375,17.90871,39.92496,2255.47487,-2.07467,7.48077,6.269293294136925,2.3354767071002493,0.0
20.48369,17.91291,39.79969,2252.48456,-2.17166,7.48705,6.363824016118979,2.3706918882915526,0.0
20.51359,17.9171,39.66897,2249.46389,-2.26513,7.49336,6.46452912270515,2.4082071902057263,0.0
20.54344,17.9213,39.53305,2246.40848,-2.35483,7.4997,6.571415099879038,2.448025029042318,0.0
20.57326,17.92549,39.39215,2243.3139,-2.44052,7.50606,6.684476506924105,2.4901433779912607,0.0
20.60303,17.92968,39.24656,2240.17566,-2.52196,7.51245,6.8036935067555415,2.5345548472165214,0.0
20.63275,17.93387,39.09653,2236.98921,-2.5989,7.51886,6.929029235391913,2.581245703915065,0.0
20.66243,17.93806,38.94235,2233.74998,-2.6711,7.52529,7.060427020946512,2.630194836317964,0.0
20.69207,17.94225,38.78434,2230.45338,-2.73832,7.53174,7.197807467736905,2.681372667444488,0.0
20.72166,17.94643,38.62279,2227.09479,-2.80031,7.53822,7.341065427050923,2.7347400266327244,0.0
20.75121,17.95062,38.45803,2223.66961,-2.85685,7.54471,7.490066882831796,2.7902469893753516,0.0
20.78071,17.9548,38.29041,2220.17327,-2.9077,7.55122,7.644645787926754,2.8478316987389976,0.0
20.81016,17.95897,38.12028,2216.60124,-2.95264,7.55775,7.804600894531682,2.9074191846214834,0.0
20.83956,17.96315,37.948,2212.94904,-2.99145,7.56429,7.969692630927641,2.9689202002539923,0.0
20.86891,17.96732,37.77395,2209.21231,-3.02392,7.57085,8.13964008529169,3.032230098591243,0.0
20.89821,17.97149,37.5985,2205.38678,-3.04985,7.57742,8.31411816604157,3.097227774465171,0.0
20.92746,17.97566,37.42207,2201.46835,-3.06906,7.584,8.49275501652915,3.163774701490209,0.0
20.95666,17.97982,37.24504,2197.45308,-3.08137,7.59059,8.675129769502657,3.231714095541389,0.0
20.9858,17.98398,37.06784,2193.33724,-3.08663,7.59719,8.86077073317205,3.300870239015962,0.0
21.01489,17.98814,36.89088,2189.11734,-3.0847,7.6038,9.049154105443185,3.371048001851797,0.0
21.04392,17.9923,36.71458,2184.79017,-3.07545,7.61041,9.239703315377765,3.4420325962038834,0.0
21.0729,17.99645,36.53937,2180.35281,-3.05879,7.61703,9.431789090615126,3.5135896015607226,0.0
21.10182,18.00059,36.36569,2175.80271,-3.03464,7.62365,9.624730345900577,3.58546529574451,0.0
21.13067,18.00473,36.19396,2171.13769,-3.00297,7.63027,9.81779598037886,3.657387324450241,0.0
21.15947,18.00887,36.02461,2166.35597,-2.96375,7.63689,10.010207659675803,3.7290657376443264,0.0
21.1882,18.01301,35.85807,2161.45623,-2.91699,7.6435,10.201143642680169,3.8001944151415197,0.0
21.21686,18.01713,35.69477,2156.43762,-2.86273,7.65011,10.389743692219485,3.8704528959608737,0.0
21.24547,18.02126,35.53511,2151.2998,-2.80106,7.65672,10.575115083773149,3.9395086167294684,0.0
21.274,18.02538,35.37951,2146.04295,-2.73209,7.66332,10.75633969732062,4.0070195535824595,0.0
21.30247,18.02949,35.22836,2140.66782,-2.65596,7.6699,10.932482144975689,4.0726372499206995,0.0
21.33086,18.03359,35.08205,2135.17571,-2.57286,7.67648,11.102598852374387,4.136010199466672,0.0
21.35919,18.0377,34.94094,2129.5685,-2.48303,7.68305,11.265747975932296,4.196787540703788,0.0
21.38744,18.04179,34.80538,2123.84867,-2.38671,7.6896,11.421000002662442,4.2546230055874386,0.0
21.41561,18.04588,34.67571,2118.01926,-2.28422,7.69614,11.56744884578013,4.309179052949746,0.0
21.44371,18.04996,34.55223,2112.08391,-2.17589,7.70266,11.704223219747474,4.3601311060029495,0.0
21.47174,18.05403,34.43523,2106.04681,-2.06209,7.70916,11.830498054181444,4.407171804320458,0.0
21.49968,18.0581,34.32497,2099.91272,-1.94324,7.71565,11.945505689131133,4.450015174372212,0.0
21.52754,18.06216,34.22168,2093.68688,-1.81978,7.72211,12.048546585514849,4.4884006194443,0.0
21.55533,18.06621,34.12557,2087.37505,-1.69218,7.72856,12.138999285476965,4.52209663013396,0.0
21.58303,18.07026,34.03682,2080.98341,-1.56094,7.73498,12.216329368285107,4.550904120656926,0.0
21.61064,18.07429,33.95556,2074.51857,-1.42658,7.74138,12.280097168163342,4.5746593039433625,0.0
21.63818,18.07832,33.88191,2067.98748,-1.28965,7.74776,12.32996405085496,4.5932360298226405,0.0
21.66562,18.08234,33.81595,2061.39737,-1.15072,7.75411,12.36569708439374,4.606547525008533,0.0
21.69298,18.08635,33.75772,2054.75576,-1.01035,7.76044,12.387171984981627,4.614547490516162,0.0
21.72025,18.09035,33.70725,2048.07033,-0.86914,7.76674,12.394374269227969,4.617230530901427,0.0
21.74744,18.09434,33.66451,2041.34888,-0.72766,7.77302,12.38739859671699,4.614631909350098,0.0
21.77453,18.09833,33.62945,2034.59928,-0.58651,7.77928,12.366446339895122,4.6068266423968955,0.0
21.80153,18.1023,33.602,2027.82943,-0.44626,7.78551,12.331821468862616,4.5939279669021005,0.0
21.82845,18.10627,33.58203,2021.04716,-0.30749,7.79172,12.283924884927199,4.576085229151188,0.0
21.85527,18.11022,33.56941,2014.2602,-0.17077,7.7979,12.223247376574896,4.553481260768627,0.0
21.88201,18.11417,33.56396,2007.47612,-0.03663,7.80406,12.150361403570717,4.526329318079202,0.0
21.90865,18.11811,33.56549,2000.70229,0.0944,7.8102,12.065911938012185,4.494869670159481,0.0
21.93521,18.12204,33.57377,1993.94584,0.22182,7.81631,11.970606605033101,4.459365925990541,0.0
21.96167,18.12595,33.58856,1987.2136,0.34515,7.82241,11.865205370431479,4.420101192828048,0.0
21.98804,18.12986,33.60959,1980.51208,0.46395,7.82848,11.7505100182136,4.377374156310546,0.0
22.01432,18.13376,33.63657,1973.84745,0.57781,7.83453,11.627353649019401,4.331495168346611,0.0
22.04052,18.13765,33.6692,1967.22552,0.68633,7.84056,11.496590411577213,4.282782421811549,0.0
22.06662,18.14153,33.70715,1960.65169,0.78919,7.84658,11.359085655300948,4.231558282130759,0.0
22.09264,18.1454,33.7501,1954.13098,0.88604,7.85257,11.215706664363946,4.1781458354784275,0.0
22.11857,18.14926,33.79769,1947.66798,0.97663,7.85856,11.067314103509414,4.1228657021168535,0.0
22.14441,18.15311,33.84957,1941.2669,1.06071,7.86453,10.91475427501506,4.066033151912034,0.0
22.17017,18.15696,33.90538,1934.9315,1.13806,7.87048,10.758852255790101,4.007955547721733,0.0
22.19584,18.16079,33.96474,1928.66518,1.20851,7.87643,10.600405954705515,3.948930131594638,0.0
22.22143,18.16462,34.02729,1922.47091,1.27192,7.88236,10.440181103799073,3.8892421588624386,0.0
22.24693,18.16843,34.09264,1916.35129,1.32818,7.88829,10.278907173521414,3.829163376461521,0.0
22.27236,18.17224,34.16042,1910.30853,1.37722,7.89421,10.117274182115972,3.7689508343430376,0.0
22.2977,18.17604,34.23025,1904.3445,1.41898,7.90012,9.955930352870796,3.7088460127375678,0.0
22.32296,18.17983,34.30177,1898.46072,1.45346,7.90603,9.795480560091084,3.649074243238998,0.0
22.34814,18.18361,34.37459,1892.65839,1.48065,7.91193,9.636485495408122,3.5898443982326684,0.0
22.37325,18.18739,34.44836,1886.93839,1.50058,7.91784,9.47946147983243,3.531348820880219,0.0
22.39828,18.19115,34.52271,1881.30133,1.51333,7.92375,9.324880843877718,3.4737634667257726,0.0
22.42323,18.19491,34.5973,1875.74753,1.51897,7.92965,9.173172797286561,3.4172482276916254,0.0
22.44811,18.19866,34.67177,1870.27708,1.51759,7.93556,9.024724711338386,3.361947409771715,0.0
22.47292,18.2024,34.74578,1864.88983,1.50932,7.94148,8.879883739804088,3.307990336879867,0.0
22.49766,18.20614,34.81902,1859.58541,1.49429,7.9474,8.738958708948282,3.2554920549253565,0.0
22.52232,18.20987,34.89116,1854.36325,1.47265,7.95333,8.602222212333006,3.204554112182412,0.0
22.54692,18.21359,34.96189,1849.2226,1.44457,7.95927,8.46991285205524,3.1552653942101583,0.0
22.57145,18.21731,35.03092,1844.16254,1.41023,7.96522,8.34223757429744,3.107702993906642,0.0
22.59591,18.22101,35.09795,1839.182,1.36981,7.97118,8.219374053377557,3.061933099630191,0.0
22.62031,18.22472,35.16273,1834.27977,1.32351,7.97715,8.10147308472343,3.018011886645343,0.0
22.64464,18.22841,35.22497,1829.45451,1.27155,7.98313,7.988660953145457,2.9759863993667235,0.0
22.66891,18.2321,35.28444,1824.70475,1.21413,7.98913,7.881041748385872,2.935895413962081,0.0
22.69311,18.23578,35.34088,1820.02892,1.15148,7.99515,7.778699605108275,2.897770272807324,0.0
22.71726,18.23946,35.39409,1815.42537,1.08382,8.00119,7.681700849141681,2.8616356840188963,0.0
22.74134,18.24313,35.44383,1810.89233,1.0114,8.00724,7.590096035997942,2.82751048085516,0.0
22.76536,18.2468,35.48992,1806.42795,0.93445,8.01331,7.503921871307358,2.7954083371291847,0.0
22.78933,18.25046,35.53215,1802.03032,0.85321,8.0194,7.423203005993345,2.765338435958547,0.0
22.81323,18.25412,35.57036,1797.69744,0.76792,8.02551,7.347953701660122,2.7373060901660637,0.0
22.83708,18.25776,35.60438,1793.42725,0.67883,8.03165,7.278179363940959,2.7113133134923597,0.0
22.86087,18.26141,35.63405,1789.21763,0.5862,8.0378,7.213877943294133,2.687359342429216,0.0
22.88461,18.26505,35.65925,1785.06638,0.49027,8.04398,7.1550412042519955,2.665441109048245,0.0
22.90829,18.26868,35.67984,1780.97127,0.3913,8.05018,7.101655865184017,2.645553665592615,0.0
22.93192,18.27231,35.6957,1776.93,0.28954,8.05641,7.053704611475541,2.6276905619127895,0.0
22.9555,18.27594,35.70674,1772.9402,0.18525,8.06266,7.011166985563692,2.611844177028328,0.0
22.97902,18.27956,35.71287,1768.99947,0.07868,8.06894,6.974020157647247,2.598006006237586,0.0
23.00249,18.28317,35.71401,1765.10535,-0.02991,8.07524,6.942239581017868,2.586166905245846,0.0
23.02591,18.28679,35.71009,1761.25534,-0.14027,8.08157,6.9157995360114555,2.5763172928015043,0.0
23.04927,18.29039,35.70106,1757.44687,-0.25213,8.08793,6.894673566427425,2.568447313273739,0.0
23.07259,18.29399,35.68687,1753.67733,-0.36524,8.09431,6.878834812124746,2.562546960553284,0.0
23.09585,18.29759,35.66751,1749.94405,-0.47934,8.10072,6.868256241197813,2.5586061645440488,0.0
23.11907,18.30119,35.64295,1746.24433,-0.59417,8.10716,6.862910784845809,2.556614841405506,0.0
23.14223,18.30478,35.61319,1742.5754,-0.70947,8.11362,6.862771377742205,2.5565629085913915,0.0
23.16535,18.30836,35.57822,1738.93445,-0.82499,8.12011,6.86781090634737,2.5584402655947938,0.0
23.18842,18.31194,35.53808,1735.3186,-0.94047,8.12663,6.8780020673208995,2.5622367412030167,0.0
23.21143,18.31552,35.49279,1731.72496,-1.05564,8.13317,6.893317137914478,2.567942007962884,0.0
23.2344,18.31909,35.44238,1728.15055,-1.17025,8.13975,6.913727659968028,2.575545464460988,0.0
23.25732,18.32266,35.38692,1724.59235,-1.28405,8.14635,6.939204039011956,2.5850360859787265,0.0
23.2802,18.32623,35.32647,1721.04732,-1.39677,8.15297,6.969715059853517,2.596402244035482,0.0
23.30302,18.32979,35.26109,1717.51233,-1.50815,8.15963,7.005227320087563,2.6096314953564654,0.0
23.3258,18.33335,35.19089,1713.98423,-1.61794,8.16631,7.045704583058303,2.6247103408339525,0.0
23.34853,18.3369,35.11595,1710.45981,-1.72589,8.17301,7.091107052091428,2.641623955159648,0.0
23.37121,18.34045,35.03638,1706.93585,-1.83174,8.17974,7.141390568179698,2.660355887941463,0.0
23.39384,18.344,34.95231,1703.40906,-1.93522,8.1865,7.196505733895216,2.68088773733778,0.0
23.41642,18.34754,34.86385,1699.87612,-2.03611,8.19328,7.256396966973886,2.7031987974927674,0.0
23.43896,18.35108,34.77117,1696.33369,-2.13413,8.20009,7.321001487954003,2.727265681405112,0.0
23.46144,18.35461,34.6744,1692.77839,-2.22904,8.20691,7.390248247299996,2.7530619212533876,0.0
23.48388,18.35814,34.5737,1689.20684,-2.32061,8.21376,7.464056798712046,2.7805575486742424,0.0
23.50627,18.36167,34.46926,1685.61562,-2.40857,8.22064,7.542336126786027,2.809718658034881,0.0
23.52861,18.36519,34.36125,1682.00133,-2.49271,8.22753,7.624983438816573,2.8405069563479137,0.0
23.5509,18.3687,34.24987,1678.36055,-2.57277,8.23444,7.711882932331174,2.8728793041453855,0.0
23.57314,18.37222,34.1353,1674.68987,-2.64854,8.24138,7.802904551922986,2.9067872523662834,0.0
23.59533,18.37572,34.01778,1670.98593,-2.71979,8.24833,7.897902751005502,2.9421765810775726,0.0
23.61747,18.37923,33.89751,1667.24535,-2.78629,8.2553,7.996715276313295,2.9789868466687395,0.0
23.63955,18.38273,33.77472,1663.46484,-2.84785,8.26228,8.099161995131096,3.0171509449637703,0.0
23.66159,18.38622,33.64964,1659.64113,-2.90426,8.26928,8.205043787461408,3.0565946985244365,0.0
23.68358,18.38971,33.52253,1655.77103,-2.95534,8.2763,8.31414152741305,3.0972364771907217,0.0
23.70551,18.3932,33.39363,1651.85143,-3.00088,8.28333,8.426215179981035,3.138986861607569,0.0
23.72739,18.39668,33.26319,1647.87932,-3.04074,8.29037,8.541003041086734,3.181748360119838,0.0
23.74921,18.40016,33.13147,1643.85179,-3.07475,8.29742,8.658221149962174,3.2254151898700036,0.0
23.77098,18.40363,32.99875,1639.76607,-3.10277,8.30448,8.777562903802579,3.26987313324608,0.0
23.7927,18.40709,32.8653,1635.61952,-3.12467,8.31155,8.898698904755381,3.314999480881008,0.0
23.81436,18.41055,32.73138,1631.40967,-3.14034,8.31863,9.021277068861176,3.360663072236022,0.0
23.83596,18.41401,32.59728,1627.13422,-3.14969,8.32571,9.144923025176507,3.4067244442843907,0.0
23.85751,18.41745,32.46327,1622.79107,-3.15264,8.3328,9.26924083115389,3.453036098009304,0.0
23.879,18.4209,32.32963,1618.37832,-3.14914,8.33989,9.393814027061538,3.4994428912029543,0.0
23.90043,18.42434,32.19664,1613.89432,-3.13915,8.34698,9.518207048032096,3.54578256449185,0.0
23.9218,18.42777,32.06458,1609.33762,-3.12267,8.35407,9.64196700702397,3.591886405536823,0.0
23.94311,18.43119,31.93373,1604.70708,-3.09971,8.36116,9.764625855622661,3.637580053988377,0.0
23.96436,18.43461,31.80436,1600.0018,-3.07031,8.36825,9.885702922347276,3.6826844470726514,0.0
23.98554,18.43802,31.67672,1595.22116,-3.03452,8.37533,10.00470781995255,3.7270169026379216,0.0
0.04857,0.04857,54.15304,5134.68405,-0.51083,45.0001,4.392262269119452,1.6362332626226186,0.0
0.09713,0.09713,54.08369,5132.34928,-0.52108,45.00026,4.431279039567325,1.6507680362074668,0.0
0.14566,0.14566,54.01304,5129.99492,-0.53075,45.00047,4.471428118521193,1.6657246245036275,0.0
0.19417,0.19417,53.94116,5127.62018,-0.53981,45.00074,4.512680584624054,1.681092253544651,0.0
0.24265,0.24266,53.86814,5125.2243,-0.54825,45.00105,4.555004838963153,1.6968591519041194,0.0
0.29112,0.29112,53.79406,5122.80654,-0.55604,45.00142,4.598366477544817,1.713012503189165,0.0
0.33956,0.33957,53.71903,5120.36615,-0.56317,45.00184,4.642728167759877,1.7295384000205931,0.0
0.38798,0.38799,53.64311,5117.90243,-0.56962,45.00232,4.688049530124122,1.7464217999780862,0.0
0.43637,0.43639,53.56642,5115.41467,-0.57538,45.00285,4.734287026663798,1.7636464840208683,0.0
0.48474,0.48477,53.48903,5112.90219,-0.58044,45.00343,4.7813938574225086,1.7811950179338012,0.0
0.53309,0.53312,53.41106,5110.36436,-0.58477,45.00406,4.829319866602786,1.7990487173626484,0.0
0.58141,0.58146,53.3326,5107.80053,-0.58837,45.00474,4.878011459967235,1.8171876170438321,0.0
0.62971,0.62977,53.25374,5105.21012,-0.59122,45.00547,4.927411535149766,1.8355904448435296,0.0
0.67798,0.67805,53.1746,5102.59254,-0.59331,45.00626,4.9774594265695775,1.8542346012366862,0.0
0.72623,0.72632,53.09527,5099.94727,-0.59463,45.0071,5.028090866709136,1.873096144882039,0.0
0.77446,0.77456,53.01585,5097.2738,-0.59518,45.00798,5.079237965469173,1.8921497849313145,0.0
0.82266,0.82278,52.93646,5094.57166,-0.59493,45.00892,5.130829209353338,1.911368880725489,0.0
0.87083,0.87097,52.85719,5091.84043,-0.5939,45.00991,5.182789482179879,1.9307254495104347,0.0
0.91897,0.91914,52.77816,5089.07972,-0.59206,45.01095,5.235040108963332,1.9501901827840027,0.0
0.96709,0.96728,52.69946,5086.28919,-0.58943,45.01204,5.287498924536899,1.9697324718596647,0.0
1.01519,1.0154,52.62122,5083.46854,-0.58598,45.01318,5.3400803683500175,1.9893204431811027,0.0
1.06325,1.0635,52.54353,5080.61753,-0.58173,45.01437,5.392695606770865,2.00892100388311,0.0
1.11129,1.11157,52.46651,5077.73596,-0.57667,45.01561,5.44525268401498,2.0284998980164706,0.0
1.1593,1.15962,52.39025,5074.82367,-0.57081,45.0169,5.497656702629086,2.0480217737829394,0.0
1.20728,1.20764,52.31487,5071.88059,-0.56414,45.01824,5.549810034244188,2.0674502620463064,0.0
1.25523,1.25564,52.24047,5068.90668,-0.55668,45.01963,5.601612561001863,2.086748066270051,0.0
1.30316,1.30361,52.16716,5065.90195,-0.54842,45.02106,5.652961947806109,2.1058770639383124,0.0
1.35105,1.35155,52.09504,5062.8665,-0.53938,45.02255,5.7037539451915755,2.1247984193822815,0.0
1.39892,1.39947,52.02421,5059.80047,-0.52957,45.02408,5.753882722280219,2.1434727078153073,0.0
1.44676,1.44736,51.95477,5056.70406,-0.519,45.02566,5.803241228903379,2.161860050232905,0.0
1.49456,1.49523,51.88683,5053.57754,-0.50769,45.02729,5.851721585599633,2.1799202586972144,0.0
1.54234,1.54307,51.82047,5050.42125,-0.49564,45.02897,5.899215499783592,2.19761299137083,0.0
1.59008,1.59088,51.7558,5047.23559,-0.48287,45.03069,5.94561470599321,2.2148979165205027,0.0
1.6378,1.63867,51.69289,5044.02101,-0.46942,45.03247,5.990811427713459,2.2317348845586156,0.0
1.68548,1.68642,51.63185,5040.77806,-0.45529,45.03429,6.034698857869535,2.2480841070395385,0.0
1.73313,1.73415,51.57276,5037.50732,-0.44051,45.03615,6.077171654728343,2.2639063413959875,0.0
1.78075,1.78186,51.51569,5034.20944,-0.4251,45.03807,6.118126449575022,2.2791630800618807,0.0
1.82833,1.82953,51.46073,5030.88516,-0.4091,45.04003,6.157462362209708,2.293816742508453,0.0
1.87588,1.87718,51.40795,5027.53525,-0.39252,45.04203,6.1950815200329625,2.3078308686172297,0.0
1.9234,1.92479,51.35743,5024.16056,-0.3754,45.04409,6.230889576243547,2.3211703117223337,0.0
1.97089,1.97238,51.30922,5020.76199,-0.35778,45.04619,6.264796222496583,2.3338014295891454,0.0
2.01834,2.01994,51.26339,5017.34052,-0.33968,45.04833,6.296715691243126,2.345692271549001,0.0
2.06576,2.06747,51.22,5013.89714,-0.32113,45.05052,6.326567242902336,2.356812759983652,0.0
2.11315,2.11498,51.1791,5010.43294,-0.30218,45.05276,6.354275633053067,2.3671348643664216,0.0
2.1605,2.16245,51.14074,5006.94902,-0.28287,45.05504,6.3797715548782135,2.3766327660843656,0.0
2.20782,2.20989,51.10496,5003.44657,-0.26322,45.05737,6.402992052296262,2.385283012340646,0.0
2.2551,2.25731,51.07179,4999.92678,-0.24328,45.05974,6.4238808993790615,2.3930646574976344,0.0
2.30234,2.30469,51.04128,4996.3909,-0.22309,45.06216,6.442388942015179,2.3999593903554985,0.0
2.34955,2.35205,51.01344,4992.84022,-0.20269,45.06463,6.458474398112462,2.4059516459855583,0.0
2.39673,2.39937,50.9883,4989.27605,-0.18212,45.06713,6.472103113046126,2.4110287008914195,0.0
2.44387,2.44667,50.96587,4985.69975,-0.16142,45.06969,6.48324876758273,2.4151807504661247,0.0
2.49097,2.49393,50.94616,4982.11266,-0.14065,45.07229,6.491893035996264,2.418400967894557,0.0
2.53804,2.54117,50.92918,4978.51618,-0.11983,45.07493,6.49802569270644,2.4206855438790065,0.0
2.58509,2.58835,50.91444,4974.91257,-0.10648,45.03739,6.502091174018572,2.422200042637027,-20.999999641778622
2.63214,2.63548,50.90144,4971.30377,-0.09317,44.99984,6.504540396980032,2.4231124426331054,-20.999999641778622
2.67918,2.68254,50.89018,4967.69069,-0.07994,44.9623,6.505383768218506,2.42342662060987,-20.999999641778622
2.72622,2.72954,50.88064,4964.07425,-0.06681,44.92477,6.50463560761966,2.4231479111015095,-20.999999641778622
2.77326,2.77648,50.87281,4960.45536,-0.0538,44.88727,6.502314449185038,2.4222832185112586,-20.999999641778622
2.82029,2.82335,50.86666,4956.83493,-0.04094,44.8498,6.4984429467413705,2.420840981985633,-20.999999641778622
2.86732,2.87016,50.86218,4953.21386,-0.02826,44.81237,6.493047760399318,2.418831133117322,-20.999999641778622
2.91434,2.9169,50.85932,4949.59304,-0.01577,44.77499,6.486159424807521,2.4162650468663602,-20.999999641778622
2.96136,2.96359,50.85808,4945.97334,-0.00352,44.73768,6.4778122004191045,2.4131554861529834,-20.999999641778622
3.00838,3.01021,50.8584,4942.35564,0.0085,44.70044,6.468043909083902,2.4095165406114067,-20.999999641778622
3.05539,3.05677,50.86026,4938.74077,0.02024,44.66327,6.456895755439156,2.405363560053163,-20.999999641778622
3.1024,3.10326,50.86362,4935.12958,0.03168,44.62619,6.444412135611577,2.400713083203584,-20.999999641778622
3.1494,3.1497,50.86844,4931.52287,0.04282,44.58921,6.4306404348497805,2.3955827623145596,-20.999999641778622
3.1964,3.19607,50.87466,4927.92143,0.05362,44.55233,6.41563081574723,2.3899912842720124,-20.999999641778622
3.24339,3.24238,50.88226,4924.32602,0.06406,44.51557,6.399435998739771,2.383958288825454,-20.999999641778622
3.29038,3.28862,50.89116,4920.73738,0.07413,44.47892,6.3821110365948215,2.377504284579271,-20.999999641778622
3.33737,3.33481,50.90134,4917.15623,0.08381,44.4424,6.363713084574407,2.3706505633724153,-20.999999641778622
3.38435,3.38093,50.91272,4913.58324,0.09307,44.40601,6.344301167946344,2.3634191136701954,-20.999999641778622
3.43132,3.427,50.92526,4910.01909,0.10192,44.36976,6.32393594847792,2.355832533577034,-20.999999641778622
3.47829,3.473,50.9389,4906.46438,0.11032,44.33365,6.302679491470867,2.3479139440508625,-20.999999641778622
3.52526,3.51894,50.95358,4902.91971,0.11826,44.2977,6.280595034835823,2.339686902877283,-20.999999641778622
3.57222,3.56482,50.96924,4899.38566,0.12574,44.2619,6.25774676161763,2.3311753199292573,-20.999999641778622
3.61917,3.61064,50.98582,4895.86273,0.13274,44.22626,6.234199577287611,2.322403374202617,-20.999999641778622
3.66612,3.6564,51.00325,4892.35144,0.13924,44.19078,6.210018892994512,2.3133954330713427,-20.999999641778622
3.71306,3.70211,51.02147,4888.85224,0.14524,44.15548,6.185270415898377,2.3041759741814096,-20.999999641778622
3.76,3.74775,51.04041,4885.36555,0.15074,44.12034,6.160019947533129,2.294769510335547,-20.999999641778622
3.80693,3.79333,51.06,4881.89178,0.15571,44.08539,6.134333191079463,2.285200517697318,-20.999999641778622
3.85385,3.83886,51.08018,4878.43127,0.16015,44.05061,6.108275568271458,2.275493367584017,-20.999999641778622
3.90077,3.88432,51.10089,4874.98436,0.16407,44.01601,6.081912046543341,2.2656722620742893,-20.999999641778622
3.94769,3.92973,51.12204,4871.55133,0.16745,43.98159,6.05530697692102,2.255761173618463,-20.999999641778622
3.99459,3.97508,51.14358,4868.13243,0.17028,43.94736,6.028523943021505,2.2457837887868597,-20.999999641778622
4.0415,4.02037,51.16542,4864.72788,0.17258,43.91332,6.001625621415285,2.235763456251106,-20.999999641778622
4.08839,4.06561,51.18751,4861.33787,0.17433,43.87946,5.97467365350207,2.2257231390544785,-20.999999641778622
4.13528,4.11079,51.20977,4857.96255,0.17553,43.84579,5.947728528955906,2.215685371192137,-20.999999641778622
4.18216,4.15591,51.23214,4854.60203,0.17619,43.81231,5.920849480671457,2.2056722184758555,-20.999999641778622
4.22904,4.20098,51.25453,4851.25641,0.17631,43.77901,5.894094391077376,2.195705243633285,-20.999999641778622
4.27591,4.24599,51.2769,4847.92572,0.17588,43.7459,5.867519709613408,2.1858054755660055,-20.999999641778622
4.32277,4.29095,51.29916,4844.61,0.17492,43.71298,5.841180381033645,2.1759933826405993,-20.999999641778622
4.36963,4.33585,51.32124,4841.30923,0.17342,43.68024,5.815129784231042,2.166288849899176,-20.999999641778622
4.41648,4.3807,51.34309,4838.02337,0.1714,43.64768,5.789419681118419,2.156711160016198,-20.999999641778622
4.46332,4.42549,51.36464,4834.75234,0.16885,43.61531,5.764100175128918,2.1472789778388117,-20.999999641778622
4.51016,4.47023,51.38582,4831.49606,0.16578,43.58311,5.739219678813726,2.1380103383161457,-20.999999641778622
4.55699,4.51491,51.40656,4828.25439,0.16221,43.55108,5.7148248900121,2.1289226376220163,-20.999999641778622
4.60381,4.55954,51.4268,4825.02717,0.15813,43.51923,5.6909607760119325,2.120032627254325,-20.999999641778622
4.65063,4.60412,51.44649,4821.81422,0.15356,43.48755,5.6676705651188115,2.1113564108943073,-20.999999641778622
4.69744,4.64865,51.46555,4818.61533,0.14852,43.45604,5.644995745044158,2.1029094438060767,-20.999999641778622
4.74425,4.69312,51.48394,4815.43026,0.14299,43.42468,5.622976067494939,2.094706534546407,-20.999999641778622
4.79104,4.73754,51.50159,4812.25877,0.13701,43.39348,5.601649558358796,2.086761848758967,-20.999999641778622
4.83783,4.78191,51.51844,4809.10056,0.13058,43.36244,5.581052532885056,2.0790889148296423,-20.999999641778622
4.88462,4.82623,51.53445,4805.95533,0.12372,43.33155,5.561219615258759,2.071700631178378,-20.999999641778622
4.93139,4.8705,51.54956,4802.82275,0.11643,43.3008,5.542183761982995,2.0646092749697127,-20.999999641778622
4.97816,4.91471,51.56371,4799.70248,0.10873,43.27019,5.523976288495369,2.0578265120281123,-20.999999641778622
5.02492,4.95888,51.57687,4796.59414,0.10063,43.23971,5.506626898465245,2.051363407751966,-20.999999641778622
5.07168,5.00299,51.58897,4793.49734,0.09216,43.20937,5.490163715236042,2.0452304388266667,-20.999999641778622
5.11843,5.04706,51.59998,4790.41168,0.08331,43.17914,5.474613314897809,2.039437505545017,-20.999999641778622
5.16517,5.09107,51.60985,4787.33674,0.07412,43.14904,5.4600007604934735,2.033993944549956,-20.999999641778622
5.2119,5.13504,51.61855,4784.27205,0.06458,43.11904,5.446349636905819,2.028908541830877,-20.999999641778622
5.25863,5.17895,51.62602,4781.21718,0.05473,43.08915,5.43368208597067,2.0241895458042083,-20.999999641778622
5.30535,5.22282,51.63224,4778.17163,0.04458,43.05936,5.42201884140109,2.0198446803236063,-20.999999641778622
5.35206,5.26664,51.63716,4775.13493,0.03414,43.02966,5.41137926314084,2.015881157477511,-20.999999641778622
5.39877,5.31041,51.64076,4772.10655,0.02343,43.00005,5.401781370772684,2.0123056900346263,-20.999999641778622
5.44547,5.35413,51.64301,4769.08598,0.01248,42.97051,5.3932418756474565,2.0091245034128393,-20.999999641778622
5.49216,5.3978,51.64387,4766.07268,0.00128,42.94105,5.385776211433535,2.0063433470597056,-20.999999641778622
5.53884,5.44142,51.64332,4763.06612,-0.01012,42.91166,5.379398562771939,2.003967505127226,-20.999999641778622
5.58552,5.485,51.64134,4760.06572,-0.02173,42.88232,5.374121891805512,2.0020018063546625,-20.999999641778622
5.63219,5.52853,51.6379,4757.07091,-0.03351,42.85303,5.369957962328574,2.000450633064925,-20.999999641778622
5.67885,5.57201,51.63299,4754.08112,-0.04545,42.82379,5.36691736134712,1.999317929196307,-20.999999641778622
5.72551,5.61544,51.62658,4751.09575,-0.05753,42.79459,5.365009517863921,1.9986072073004322,-20.999999641778622
5.77216,5.65882,51.61867,4748.11421,-0.06973,42.76541,5.364242718719498,1.998321554443435,-20.999999641778622
5.8188,5.70216,51.60924,4745.13586,-0.08203,42.73626,5.364624121350057,1.998463636958625,-20.999999641778622
5.86543,5.74545,51.59829,4742.16011,-0.09442,42.70712,5.366159763340168,1.9990357040051134,-20.999999641778622
5.91206,5.78869,51.5858,4739.18632,-0.10686,42.67799,5.3688545686715266,2.000039589895641,-20.999999641778622
5.95868,5.83189,51.57177,4736.21385,-0.11936,42.64885,5.372712350592666,2.0014767151656163,-20.999999641778622
6.00529,5.87504,51.5562,4733.24206,-0.13187,42.61971,5.377735811061863,2.003348086365592,-20.999999641778622
6.05189,5.91814,51.53909,4730.27031,-0.14439,42.59055,5.383926536718164,2.0056542945603595,-20.999999641778622
6.09849,5.96119,51.52044,4727.29794,-0.15689,42.56137,5.391284991389737,2.0083955125381157,-20.999999641778622
6.14508,6.0042,51.50025,4724.32429,-0.16936,42.53215,5.39981050512829,2.0115714907254927,-20.999999641778622
6.19166,6.04716,51.47855,4721.34869,-0.18177,42.5029,5.40950125982871,2.015181551830502,-20.999999641778622
6.23823,6.09007,51.45532,4718.37049,-0.19411,42.4736,5.420354271478494,2.0192245842299683,-20.999999641778622
6.2848,6.13293,51.4306,4715.38901,-0.20635,42.44424,5.4323653691153755,2.0236990341307055,-20.999999641778622
6.33136,6.17575,51.40438,4712.40357,-0.21847,42.41482,5.44552917061657,2.0286028965503635,-20.999999641778622
6.37791,6.21852,51.3767,4709.41352,-0.23046,42.38533,5.459839055422289,2.0339337051562234,-20.999999641778622
6.42446,6.26125,51.34756,4706.41816,-0.2423,42.35576,5.47528713438088,2.039688521031719,-20.999999641778622
6.471,6.30392,51.317,4703.41683,-0.25396,42.3261,5.491864216869768,2.04586392042812,-20.999999641778622
6.51753,6.34655,51.28503,4700.40885,-0.26544,42.29635,5.509559775423421,2.0524559815875234,-20.999999641778622
6.56405,6.38913,51.25168,4697.39355,-0.2767,42.2665,5.528361908083469,2.0594602707172753,-20.999999641778622
6.61056,6.43167,51.21698,4694.37025,-0.28773,42.23654,5.548257298762889,2.066871827224593,-20.999999641778622
6.65707,6.47415,51.18097,4691.3383,-0.29851,42.20646,5.569231175890086,2.074685148310394,-20.999999641778622
6.70357,6.51659,51.14367,4688.29703,-0.30902,42.17625,5.5912672696859085,2.0828941730538615,-20.999999641778622
6.75006,6.55898,51.10512,4685.24577,-0.31925,42.14592,5.614347768407711,2.0914922661122026,-20.999999641778622
6.79654,6.60133,51.06536,4682.18388,-0.32918,42.11544,5.638453273955691,2.1004722011828485,-20.999999641778622
6.84301,6.64363,51.02486,4679.10991,-0.33189,42.12201,5.663224404155801,2.109700098950051,0.0
6.88943,6.68592,50.98407,4676.02265,-0.33424,42.12862,5.6882941946867565,2.11903925554872,0.0
6.93583,6.7282,50.94304,4672.92185,-0.33622,42.13527,5.713627788018072,2.128476685631592,0.0
6.98218,6.77045,50.90182,4669.80728,-0.33781,42.14196,5.739189745503373,2.137999187370446,0.0
7.0285,6.81269,50.86045,4666.67873,-0.33903,42.1487,5.76494366352754,2.147593199460814,0.0
7.07479,6.85491,50.81899,4663.53601,-0.33987,42.15547,5.790852222341997,2.157244819314409,0.0
7.12104,6.8971,50.77748,4660.37894,-0.34031,42.16229,5.816877240535714,2.166939823351009,0.0
7.16725,6.93928,50.73597,4657.20737,-0.34037,42.16915,5.842979735252209,2.1766636894308737,0.0
7.21343,6.98145,50.6945,4654.02117,-0.34004,42.17605,5.869119988212372,2.186401621449984,0.0
7.25957,7.02359,50.65312,4650.82022,-0.33932,42.18299,5.895257617580161,2.1961385761119043,0.0
7.30567,7.06571,50.61188,4647.60445,-0.33821,42.18998,5.921351655645063,2.2058592918665427,0.0
7.35174,7.10782,50.57083,4644.3738,-0.33671,42.197,5.947360632266736,2.215548319995477,0.0
7.39777,7.14991,50.53002,4641.12821,-0.33482,42.20406,5.9732426639821705,2.225190057806716,0.0
7.44376,7.19197,50.48948,4637.86768,-0.33255,42.21117,5.998955548600735,2.2347687838738426,0.0
7.48972,7.23402,50.44928,4634.59222,-0.3299,42.21832,6.024456865095676,2.2442686952482274,0.0
7.53564,7.27605,50.40944,4631.30186,-0.32687,42.2255,6.049704078518358,2.253673946542342,0.0
7.58152,7.31806,50.37003,4627.99666,-0.32347,42.23273,6.074654649637403,2.262968690773222,0.0
7.62736,7.36005,50.33108,4624.67671,-0.3197,42.24,6.099266148910316,2.272137121819902,0.0
7.67316,7.40202,50.29263,4621.34211,-0.31557,42.2473,6.123496374409157,2.281163518353822,0.0
7.71893,7.44397,50.25473,4617.99299,-0.31108,42.25465,6.147303473184912,2.290032289050259,0.0
7.76466,7.4859,50.21742,4614.62952,-0.30626,42.26204,6.17064606558909,2.298728018901386,0.0
7.81035,7.52781,50.18075,4611.25189,-0.3011,42.26946,6.193483371959855,2.30723551641019,0.0
7.856,7.56971,50.14474,4607.8603,-0.29561,42.27693,6.215775341083459,2.3155398614457403,0.0
7.90161,7.61158,50.10944,4604.45498,-0.2898,42.28443,6.237482779760346,2.323626453509967,0.0
7.94719,7.65343,50.07488,4601.0362,-0.28369,42.29198,6.258567482814943,2.33148106016973,0.0
7.99272,7.69526,50.04111,4597.60423,-0.27729,42.29956,6.278992362799316,2.339089865374845,0.0
8.03822,7.73707,50.00814,4594.15939,-0.2706,42.30718,6.2987215786915085,2.346439517401599,0.0
8.08367,7.77886,49.97603,4590.70201,-0.26365,42.31484,6.317720662794575,2.35351717612598,0.0
8.12909,7.82063,49.94478,4587.23243,-0.25645,42.32254,6.335956645077462,2.3603105593439264,0.0
8.17446,7.86238,49.91444,4583.75102,-0.249,42.33028,6.353398174195187,2.3668079878545294,0.0
8.2198,7.90411,49.88503,4580.25818,-0.24133,42.33806,6.370015634385026,2.3729984290069366,0.0
8.2651,7.94582,49.85657,4576.75433,-0.23346,42.34587,6.385781257503809,2.378871538437193,0.0
8.31035,7.9875,49.82909,4573.2399,-0.22539,42.35372,6.400669229444619,2.3844176997112623,0.0
8.35557,8.02917,49.80261,4569.71533,-0.21714,42.36161,6.4146557902253685,2.389628061610654,0.0
8.40075,8.07082,49.77714,4566.1811,-0.20874,42.36954,6.427719327038954,2.394494572796055,0.0
8.44588,8.11244,49.75271,4562.63768,-0.20019,42.37751,6.439840459652769,2.399010013620894,0.0
8.49098,8.15405,49.72932,4559.08558,-0.19152,42.38551,6.451002117525944,2.403168024859545,0.0
8.53603,8.19563,49.70699,4555.52531,-0.18275,42.39355,6.461189608121341,2.4069631331553403,0.0
8.58104,8.23719,49.68573,4551.95738,-0.17389,42.40163,6.470390675922006,2.410390773005752,0.0
8.62601,8.27873,49.66555,4548.38235,-0.16496,42.40975,6.478595551723931,2.4134473051252443,0.0
8.67095,8.32025,49.64645,4544.80074,-0.15598,42.4179,6.485796991877802,2.416130031063856,0.0
8.71584,8.36175,49.62843,4541.21311,-0.14697,42.42609,6.491990307178589,2.4184372039693316,0.0
8.76068,8.40323,49.6115,4537.62001,-0.13794,42.43432,6.497173381236582,2.4203680354308195,0.0
8.80549,8.44468,49.59566,4534.02203,-0.12893,42.44259,6.501346678180264,2.4219226983483932,0.0
8.85026,8.48612,49.58089,4530.41971,-0.11994,42.45089,6.504513239688512,2.4231023258274633,0.0
8.89498,8.52753,49.5672,4526.81363,-0.111,42.45923,6.506678671365758,2.423909006103173,0.0
8.93967,8.56892,49.55458,4523.20437,-0.10212,42.4676,6.5078511186078165,2.424345773549784,0.0
8.98431,8.6103,49.54301,4519.59249,-0.09333,42.47602,6.5080412321459145,2.4244165958449138,0.0
9.02891,8.65165,49.53249,4515.97856,-0.08464,42.48447,6.507262123563044,2.4241263573982144,0.0
9.07347,8.69297,49.523,4512.36315,-0.07607,42.49295,6.505529311115043,2.4234808391682936,0.0
9.11798,8.73428,49.51451,4508.74682,-0.06764,42.50148,6.502860656290792,2.4224866950297264,0.0
9.16246,8.77557,49.50702,4505.13012,-0.05936,42.51004,6.499276291589519,2.4211514248681905,0.0
9.20689,8.81683,49.5005,4501.5136,-0.05126,42.51863,6.494798540055353,2.4194833446049797,0.0
9.25128,8.85808,49.49493,4497.8978,-0.04335,42.52726,6.489451827146833,2.417491553366073,0.0
9.29563,8.8993,49.49028,4494.28325,-0.03565,42.53593,6.483262585601437,2.4151858980416674,0.0
9.33994,8.9405,49.48653,4490.67047,-0.02817,42.54464,6.476259153951348,2.412576935480632,0.0
9.38421,8.98168,49.48365,4487.05995,-0.02093,42.55338,6.468471669378679,2.409675892576262,0.0
9.42843,9.02284,49.4816,4483.4522,-0.01394,42.56216,6.459931955668402,2.4064946245257928,0.0
9.47261,9.06398,49.48037,4479.84769,-0.00723,42.57097,6.450673406965712,2.403045571526963,0.0
9.51675,9.1051,49.4799,4476.24687,-0.00079,42.57982,6.440730868100355,2.3993417141956765,0.0
9.56085,9.1462,49.48017,4472.65021,0.00535,42.58871,6.430140512223987,2.395396527982696,0.0
9.60491,9.18727,49.48114,4469.05812,0.01119,42.59764,6.4189397164917965,2.3912239368617816,0.0
9.64893,9.22833,49.48277,4465.47101,0.0167,42.6066,6.407166936527475,2.3868382665645886,0.0
9.6929,9.26936,49.48503,4461.88928,0.02189,42.61559,6.3948615803613515,2.382254197619301,0.0
9.73683,9.31038,49.48787,4458.31329,0.02673,42.62462,6.382063882537092,2.3774867184520687,0.0
9.78072,9.35137,49.49126,4454.7434,0.03123,42.63369,6.368814779034175,2.372551078792339,0.0
9.82457,9.39235,49.49514,4451.17993,0.03537,42.6428,6.3551557836098524,2.3674627436069793,0.0
9.86838,9.4333,49.49949,4447.62321,0.03914,42.65194,6.341128866162918,2.362237347787586,0.0
9.91215,9.47423,49.50424,4444.0735,0.04254,42.66111,6.32677633361939,2.3568906517772628,0.0
9.95587,9.51515,49.50937,4440.53108,0.04556,42.67033,6.312140713852638,2.351438498327815,0.0
9.99956,9.55604,49.51482,4436.9962,0.0482,42.67958,6.297264643073646,2.3458967705496616,0.0
10.0432,9.59691,49.52055,4433.46906,0.05045,42.68886,6.282190757077067,2.3402813513981258,0.0
10.0868,9.63777,49.52652,4429.94988,0.05231,42.69819,6.266961586689285,2.3346080847250876,0.0
10.13036,9.6786,49.53267,4426.43881,0.05377,42.70754,6.2516194577124775,2.3288927380055187,0.0
10.17388,9.71941,49.53897,4422.93603,0.05483,42.71694,6.236206395601519,2.3231509668271153,0.0
10.21736,9.76021,49.54535,4419.44164,0.0555,42.72637,6.220764035080369,2.3173982812200284,0.0
10.26079,9.80098,49.55179,4415.95577,0.05576,42.73584,6.205333534819526,2.311650013871968,0.0
10.30419,9.84174,49.55823,4412.47849,0.05563,42.74534,6.189955497304356,2.3059212902770483,0.0
10.34754,9.88248,49.56463,4409.00986,0.0551,42.75488,6.174669893918529,2.3002270008273964,0.0
10.39086,9.92319,49.57094,4405.54993,0.05417,42.76446,6.15951599528342,2.2945817748627486,0.0
10.43413,9.96389,49.57711,4402.0987,0.05285,42.77407,6.144532306808445,2.28899995666125,0.0
10.47736,10.00457,49.5831,4398.65617,0.05114,42.78372,6.129756509396608,2.283495583350713,0.0
10.52056,10.04523,49.58887,4395.22231,0.04904,42.7934,6.115225405211245,2.278082364705303,0.0
10.56371,10.08588,49.59437,4391.79708,0.04656,42.80313,6.100974868366631,2.2727736647764933,0.0
10.60682,10.1265,49.59957,4388.3804,0.04371,42.81288,6.087039800407282,2.267582485307931,0.0
10.64989,10.16711,49.6044,4384.97217,0.04049,42.82268,6.0734540903669165,2.26252145085635,0.0
10.69292,10.20769,49.60885,4381.5723,0.0369,42.83251,6.060250579236153,2.2576027955548548,0.0
10.73591,10.24826,49.61286,4378.18064,0.03296,42.84238,6.047461028606857,2.2528383514321124,0.0
10.77886,10.28881,49.61639,4374.79704,0.02868,42.85228,6.03511609325157,2.24823953819747,0.0
10.82177,10.32935,49.61941,4371.42134,0.02406,42.86222,6.023245297408473,2.24381735440648,0.0
10.86464,10.36986,49.62189,4368.05335,0.0191,42.8722,6.0118770145013976,2.239582369906069,0.0
10.90747,10.41036,49.62377,4364.69285,0.01383,42.88221,6.0010384500428895,2.235544719465481,0.0
10.95026,10.45084,49.62504,4361.33963,0.00826,42.89226,5.990755627443506,2.2317140974898644,0.0
10.99301,10.4913,49.62565,4357.99345,0.00238,42.90234,5.981053376473399,2.228099753721913,0.0
11.03572,10.53175,49.62557,4354.65404,-0.00378,42.91246,5.971955324088995,2.224710489824557,0.0
11.07839,10.57217,49.62477,4351.32114,-0.01021,42.92262,5.9634838873798754,2.2215546567534954,0.0
11.12103,10.61258,49.62323,4347.99446,-0.01691,42.93282,5.95566026836248,2.2186401528177093,0.0
11.16362,10.65298,49.62091,4344.67368,-0.02385,42.94305,5.948504450362438,2.215974422331791,0.0
11.20617,10.69335,49.6178,4341.3585,-0.03103,42.95332,5.942035195761668,2.2135644547766713,0.0
11.24868,10.73371,49.61385,4338.04859,-0.03843,42.96362,5.9362700448409385,2.2114167843684496,0.0
11.29116,10.77405,49.60906,4334.7436,-0.04604,42.97396,5.931225315523313,2.209537489962817,0.0
11.33359,10.81438,49.6034,4331.44317,-0.05384,42.98434,5.926916103780106,2.207932195206288,0.0
11.37598,10.85468,49.59684,4328.14694,-0.06182,42.99475,5.923356284514984,2.2066060688655478,0.0
11.41834,10.89497,49.58938,4324.85452,-0.06997,43.0052,5.920558512727803,2.205563825261017,0.0
11.46065,10.93525,49.58099,4321.56554,-0.07826,43.01568,5.918534224794336,2.20480972474358,0.0
11.50293,10.97551,49.57167,4318.27958,-0.08669,43.02621,5.917293639701091,2.2043475741545877,0.0
11.54517,11.01575,49.56139,4314.99625,-0.09523,43.03676,5.916845760092226,2.2041807272158636,0.0
11.58736,11.05597,49.55015,4311.71511,-0.10388,43.04736,5.917198373009981,2.2043120848055313,0.0
11.62952,11.09618,49.53793,4308.43576,-0.11261,43.05799,5.918358050219101,2.2047440950788726,0.0
11.67164,11.13637,49.52474,4305.15775,-0.12141,43.06865,5.92033014803066,2.205478753402694,0.0
11.71372,11.17655,49.51057,4301.88064,-0.13026,43.07935,5.923118806543079,2.2065176020725916,0.0
11.75576,11.2167,49.4954,4298.60399,-0.13915,43.09009,5.926726948259831,2.207861729798004,0.0
11.79776,11.25685,49.47925,4295.32736,-0.14807,43.10087,5.93115627604345,2.20951177094003,0.0
11.83972,11.29697,49.4621,4292.05027,-0.15698,43.11168,5.936407270388155,2.2114679044954095,0.0
11.88164,11.33708,49.44397,4288.77228,-0.16589,43.12252,5.942479186017759,2.213729852829152,0.0
11.92353,11.37718,49.42485,4285.49292,-0.17477,43.1334,5.949370047831458,2.2162968801642413,0.0
11.96537,11.41725,49.40475,4282.21172,-0.1836,43.14432,5.957076646225758,2.2191677908389256,0.0
12.00717,11.45731,49.38369,4278.92821,-0.19237,43.15527,5.965594531875176,2.2223409273623935,0.0
12.04894,11.49736,49.36166,4275.64194,-0.20106,43.16626,5.974918010013263,2.2258141682843045,0.0
12.09066,11.53739,49.33868,4272.35241,-0.20966,43.17728,5.985040134354188,2.2295849259304195,0.0
12.13235,11.5774,49.31476,4269.05918,-0.21815,43.18834,5.995952700730076,2.2336501440323397,0.0
12.174,11.6174,49.28992,4265.76176,-0.22652,43.19943,6.0076462405902555,2.2380062953058073,0.0
12.2156,11.65738,49.26417,4262.4597,-0.23474,43.21056,6.020110014526261,2.2426493790385984,0.0
12.25717,11.69734,49.23754,4259.15251,-0.24281,43.22173,6.033332005960996,2.2475749187395695,0.0
12.29869,11.73729,49.21003,4255.83976,-0.2507,43.23293,6.0472989152083345,2.252777959925703,0.0
12.34018,11.77722,49.18168,4252.52096,-0.25841,43.24416,6.061996154087431,2.2582530681157946,0.0
12.38163,11.81713,49.1525,4249.19569,-0.26591,43.25543,6.077407841309476,2.2639943271119023,0.0
12.42304,11.85703,49.12252,4245.86348,-0.2732,43.26673,6.093516798871614,2.2699953376559816,0.0
12.4644,11.89691,49.09177,4242.52389,-0.28026,43.27807,6.110304549678578,2.276249216543883,0.0
12.50573,11.93678,49.06028,4239.17649,-0.28708,43.28944,6.1277513166683875,2.2827485962996543,0.0
12.54703,11.97661,49.02747,4235.82213,-0.30439,43.25022,6.146355682590244,2.2896792121158738,-23.999999590604137
12.58833,12.01638,48.99278,4232.46126,-0.32147,43.21082,6.166620196098838,2.2972282765892653,-23.999999590604137
12.62962,12.0561,48.95624,4229.09289,-0.33828,43.17124,6.18853105690669,2.305390648749635,-23.999999590604137
12.67091,12.09577,48.91788,4225.71605,-0.35478,43.13145,6.212071909418085,2.3141602357072366,-23.999999590604137
12.71219,12.13538,48.87775,4222.32973,-0.37095,43.09146,6.237224289523434,2.32353015909543,-23.999999590604137
12.75346,12.17494,48.83589,4218.93297,-0.38676,43.05123,6.263967538923593,2.3334927231542295,-23.999999590604137
12.79473,12.21444,48.79233,4215.52478,-0.40217,43.01075,6.292278715242045,2.344039381244734,-23.999999590604137
12.83599,12.25389,48.74714,4212.10418,-0.41717,42.97003,6.32213249862219,2.355160701054153,-23.999999590604137
12.87725,12.29328,48.70035,4208.67023,-0.43171,42.92903,6.353501095589713,2.366846328782015,-23.999999590604137
12.9185,12.33262,48.65202,4205.22195,-0.44577,42.88774,6.3863541410351266,2.3790849526260813,-23.999999590604137
12.95975,12.3719,48.60222,4201.7584,-0.45933,42.84616,6.420658599246297,2.3918642659143603,-23.999999590604137
13.00098,12.41112,48.55099,4198.27866,-0.47236,42.80427,6.45637866499937,2.4051709302588744,-23.999999590604137
13.04222,12.45029,48.4984,4194.7818,-0.48483,42.76206,6.493475665790354,2.4189905391343514,-23.999999590604137
13.08344,12.4894,48.44453,4191.26692,-0.49671,42.71951,6.531907966381526,2.4333075823192507,-23.999999590604137
13.12466,12.52845,48.38942,4187.73313,-0.50798,42.67662,6.571630876896677,2.4481054116588226,-23.999999590604137
13.16588,12.56744,48.33317,4184.17958,-0.51861,42.63337,6.612596565780283,2.4633662086401116,-23.999999590604137
13.20709,12.60638,48.27583,4180.60541,-0.52859,42.58975,6.654753979009336,2.4790709542962333,-23.999999590604137
13.24829,12.64526,48.21749,4177.00981,-0.53789,42.54574,6.6980487670036055,2.49519940197853,-23.999999590604137
13.28949,12.68407,48.15822,4173.39198,-0.54649,42.50135,6.742423220726869,2.5117300535525917,-23.999999590604137
13.33068,12.72283,48.0981,4169.75115,-0.55436,42.45655,6.787816218552559,2.528640139604316,-23.999999590604137
13.37186,12.76153,48.03722,4166.0866,-0.5615,42.41134,6.83416318545226,2.5459056042365455,-23.999999590604137
13.41304,12.80016,47.97565,4162.3976,-0.56787,42.36571,6.881396066146123,2.563501095066896,-23.999999590604137
13.45421,12.83874,47.91348,4158.68351,-0.57347,42.31966,6.929443313806945,2.5813999590197225,-23.999999590604137
13.49538,12.87725,47.85081,4154.94367,-0.57828,42.27316,6.978229895940292,2.599574244516626,-23.999999590604137
13.53653,12.9157,47.78771,4151.17751,-0.58229,42.22622,7.027677319021773,2.617994710654481,-23.999999590604137
13.57769,12.95409,47.72428,4147.38446,-0.58548,42.17883,7.077703673427857,2.636630843943351,-23.999999590604137
13.61883,12.99241,47.6606,4143.56402,-0.58784,42.13098,7.128223700102002,2.6554508831413717,-23.999999590604137
13.65997,13.03068,47.59677,4139.71574,-0.58936,42.08267,7.17914888037101,2.6744218527137127,-23.999999590604137
13.70111,13.06887,47.53289,4135.83918,-0.59004,42.03389,7.230387550105791,2.6935096053604575,-23.999999590604137
13.74223,13.107,47.46903,4131.934,-0.58987,41.98464,7.2818450393695295,2.7126788740392276,-23.999999590604137
13.78335,13.14507,47.4053,4127.99987,-0.58885,41.93492,7.33342383847755,2.7318933338268465,-23.999999590604137
13.82447,13.18307,47.34179,4124.03655,-0.58697,41.88472,7.385023791187463,2.751115673887756,-23.999999590604137
13.86557,13.221,47.27859,4120.04383,-0.58423,41.83404,7.436542315547033,2.770307679745653,-23.999999590604137
13.90667,13.25887,47.21579,4116.02157,-0.58064,41.78288,7.487874652642211,2.789430325948682,-23.999999590604137
13.94777,13.29666,47.15348,4111.96969,-0.5762,41.73124,7.53891414323447,2.8084438791241193,-23.999999590604137
13.98885,13.33439,47.09176,4107.88816,-0.57091,41.67912,7.58955253195833,2.827308011299953,-23.999999590604137
14.02993,13.37205,47.03072,4103.77703,-0.56478,41.62653,7.639680298474283,2.845981923268061,-23.999999590604137
14.071,13.40964,46.97044,4099.63641,-0.55782,41.57346,7.68918701458483,2.8644244776193366,-23.999999590604137
14.11207,13.44716,46.91101,4095.46646,-0.55005,41.51993,7.737961726011535,2.882594340965679,-23.999999590604137
14.15312,13.48461,46.85252,4091.26741,-0.54148,41.46593,7.785893357185823,2.9004501347352187,-23.999999590604137
14.19417,13.52199,46.79504,4087.03958,-0.53212,41.41148,7.832871137033252,2.9179505937881656,-23.999999590604137
14.23522,13.55929,46.73867,4082.78332,-0.522,41.35657,7.87878504337683,2.9350547319687306,-23.999999590604137
14.27625,13.59652,46.68348,4078.49906,-0.51113,41.30122,7.9235262632770205,2.9517220135938964,-23.999999590604137
14.31728,13.63368,46.62955,4074.18732,-0.49953,41.24543,7.966987666270257,2.967912529747213,-23.999999590604137
14.35829,13.67077,46.57695,4069.84865,-0.48723,41.18922,8.009064287181406,2.9835871781391416,-23.999999590604137
14.3993,13.70778,46.52574,4065.48367,-0.47427,41.1326,8.049653814908133,2.9987078451920977,-23.999999590604137
14.44031,13.74472,46.47601,4061.09309,-0.46066,41.07557,8.088657083352938,3.0132375889255427,-23.999999590604137
14.4813,13.78158,46.42781,4056.67766,-0.44643,41.01815,8.125978560454374,3.027140821132991,-23.999999590604137
14.52228,13.81837,46.38121,4052.23818,-0.43163,40.96035,8.161526831156854,3.040383487300959,-23.999999590604137
14.56326,13.85508,46.33625,4047.77554,-0.41628,40.90219,8.195215070028848,3.052933242671688,-23.999999590604137
14.60423,13.89171,46.293,4043.29066,-0.40042,40.84369,8.226961499229777,3.0647596228478577,-23.999999590604137
14.64519,13.92827,46.2515,4038.78452,-0.38409,40.78485,8.256689827506682,3.0758342073303977,-23.999999590604137
14.68614,13.96475,46.21179,4034.25816,-0.36733,40.72569,8.284329666028222,3.0861307744275916,-23.999999590604137
14.72708,14.00115,46.17392,4029.71265,-0.35017,40.66623,8.309816916972796,3.0956254460143784,-23.999999590604137
14.76801,14.03747,46.13792,4025.14913,-0.33266,40.6065,8.333094130984414,3.104296820694067,-23.999999590604137
14.80893,14.07372,46.10382,4020.56875,-0.31485,40.54649,8.354110829909938,3.112126094026455,-23.999999590604137
14.84984,14.10988,46.07164,4015.97273,-0.29677,40.48625,8.372823791502366,3.1190971645872856,-23.999999590604137
14.89074,14.14597,46.04142,4011.36229,-0.27847,40.42578,8.389197293199143,3.1251967247820924,-23.999999590604137
14.93164,14.18198,46.01316,4006.7387,-0.26,40.3651,8.403203312452964,3.1304143354746876,-23.999999590604137
14.97252,14.21791,45.98688,4002.10325,-0.24141,40.30423,8.41482168158183,3.1347424836728797,-23.999999590604137
15.01339,14.25376,45.96257,3997.45727,-0.22273,40.2432,8.42404019559108,3.1381766226950267,-23.999999590604137
15.05425,14.28953,45.94026,3992.80206,-0.20403,40.18203,8.430854671927145,3.1407151944298737,-23.999999590604137
15.0951,14.32522,45.91992,3988.13898,-0.18533,40.12073,8.43526896167318,3.1423596335072266,-23.999999590604137
15.13594,14.36083,45.90155,3983.46937,-0.1667,40.05932,8.43729491220955,3.1431143533879893,-23.999999590604137
15.17677,14.39636,45.88514,3978.79458,-0.14818,39.99783,8.436952281925473,3.1429867145920265,-23.999999590604137
15.21759,14.43181,45.87067,3974.11597,-0.12981,39.93627,8.434268608061423,3.141986975465959,-23.999999590604137
15.25839,14.46718,45.85812,3969.43487,-0.11165,39.87467,8.429279029310413,3.14012822609749,-23.999999590604137
15.29919,14.50247,45.84746,3964.75262,-0.09373,39.81304,8.422026065214498,3.13742630613479,-23.999999590604137
15.33997,14.53768,45.83865,3960.07053,-0.0761,39.75141,8.412559354912533,3.133899707463169,-23.999999590604137
15.38074,14.57281,45.83167,3955.38992,-0.0588,39.68979,8.400935358102691,3.1295694628057404,-23.999999590604137
15.4215,14.60786,45.82646,3950.71206,-0.04189,39.62821,8.387217021499838,3.124459021470017,-23.999999590604137
15.46225,14.64282,45.82299,3946.03819,-0.02539,39.56667,8.371473414321823,3.1185941135569717,-23.999999590604137
15.50299,14.67771,45.8212,3941.36955,-0.00936,39.50521,8.353779336573515,3.1120026040365225,-23.999999590604137
15.54371,14.71252,45.82104,3936.70732,0.00618,39.44383,8.334214904106089,3.104714338171207,-23.999999590604137
15.58442,14.74725,45.82245,3932.05266,0.02119,39.38256,8.312865114486948,3.0967609797913034,-23.999999590604137
15.62512,14.7819,45.82538,3927.40667,0.03562,39.3214,8.289819397836869,3.08817584396985,-23.999999590604137
15.66581,14.81648,45.82975,3922.77043,0.04945,39.26038,8.265171156754061,3.07899372563225,-23.999999590604137
15.70648,14.85097,45.83551,3918.14497,0.06264,39.1995,8.239017299394273,3.069250725616326,-23.999999590604137
15.74714,14.88538,45.84258,3913.53126,0.07516,39.13879,8.211457769661596,3.0589840756560345,-23.999999590604137
15.78779,14.91972,45.85089,3908.93023,0.08699,39.07825,8.182595078349962,3.0482319637193376,-23.999999590604137
15.82843,14.95398,45.86036,3904.34277,0.0981,39.0179,8.152533838816705,3.0370333610343843,-23.999999590604137
15.86905,14.98816,45.87092,3899.76969,0.10846,38.95774,8.12138031060224,3.0254278520758353,-23.999999590604137
15.90966,15.02226,45.88248,3895.21177,0.11805,38.8978,8.089241954098616,3.013455468667184,-23.999999590604137
15.95025,15.05628,45.89497,3890.66972,0.12686,38.83807,8.056226999104593,3.001156529256164,-23.999999590604137
15.99083,15.09023,45.90829,3886.14422,0.13486,38.77856,8.022444029798498,2.9885714843062243,-23.999999590604137
16.0314,15.12411,45.92238,3881.63585,0.14204,38.71929,7.98800158832748,2.975740768623094,-23.999999590604137
16.07196,15.1579,45.93713,3877.14518,0.14839,38.66025,7.95300779890675,2.9627046613218586,-23.999999590604137
16.1125,15.19162,45.95247,3872.67269,0.15389,38.60146,7.917570013975327,2.9495031540106647,-23.999999590604137
16.15303,15.22527,45.96831,3868.21882,0.15854,38.54292,7.881794483647075,2.9361758276525354,-23.999999590604137
16.19354,15.25884,45.98455,3863.78394,0.16232,38.48463,7.845786049353515,2.9227617384392577,-23.999999590604137
16.23404,15.29234,46.00112,3859.36837,0.16524,38.4266,7.809647862313998,2.90929931291411,-23.999999590604137
16.27453,15.32576,46.01791,3854.97238,0.16729,38.36882,7.773481127139217,2.895826252457431,-23.999999590604137
16.315,15.35911,46.03485,3850.59617,0.16847,38.3113,7.737384870616353,2.8823794471529944,-23.999999590604137
16.35546,15.39238,46.05185,3846.23991,0.16878,38.25404,7.701455735488679,2.868994898965496,-23.999999590604137
16.3959,15.42558,46.06882,3841.90368,0.16822,38.19704,7.665787798779809,2.8557076540615456,-23.999999590604137
16.43633,15.45872,46.08566,3837.58754,0.1668,38.14029,7.6304724140551,2.8425517440478956,-23.999999590604137
16.47675,15.49177,46.1023,3833.29148,0.16453,38.08379,7.595598076780659,2.829560135814128,-23.999999590604137
16.51715,15.52476,46.11866,3829.01545,0.16142,38.02754,7.561250311821,2.816764689622568,-23.999999590604137
16.55754,15.55768,46.13464,3824.75934,0.15747,37.97154,7.527511581964584,2.8041961250316434,-23.999999590604137
16.59791,15.59052,46.15017,3820.523,0.1527,37.91578,7.494461216253868,2.791883994196944,-23.999999590604137
16.63827,15.62329,46.16516,3816.30623,0.14712,37.86025,7.462175356820788,2.7798566620660337,-23.999999590604137
16.67862,15.656,46.17954,3812.10879,0.14074,37.80495,7.430726922852164,2.7681412929546236,-23.999999590604137
16.71895,15.68863,46.19322,3807.93039,0.13359,37.74987,7.400185590262913,2.7567638429743035,-23.999999590604137
16.75927,15.7212,46.20615,3803.77068,0.12568,37.695,7.370617785619301,2.745749057768797,-23.999999590604137
16.79957,15.7537,46.21823,3799.62932,0.11704,37.64034,7.342086692877472,2.735120475024235,-23.999999590604137
16.83986,15.78612,46.22941,3795.50587,0.10768,37.58588,7.314652271435824,2.7249004311941496,-23.999999590604137
16.88013,15.81848,46.23961,3791.3999,0.09762,37.5316,7.288371284092682,2.715110071914435,-23.999999590604137
16.92039,15.85078,46.24877,3787.3109,0.08689,37.4775,7.263297333479389,2.705769365575637,-23.999999590604137
16.96064,15.883,46.25682,3783.23838,0.07552,37.42356,7.239480905595885,2.6968971195410996,-23.999999590604137
17.00087,15.91516,46.26371,3779.18176,0.06353,37.36978,7.216969419114559,2.688510998513949,-23.999999590604137
17.04108,15.94725,46.26937,3775.14045,0.05094,37.31614,7.195807279182208,2.6806275445797354,-23.999999590604137
17.08129,15.97927,46.27376,3771.11385,0.03779,37.26263,7.176035934502817,2.673262198471275,-23.999999590604137
17.12147,16.01123,46.27682,3767.1013,0.0241,37.20924,7.15769393655084,2.6664293216271524,-23.999999590604137
17.16165,16.04312,46.2785,3763.10212,0.0099,37.15596,7.1408169998343425,2.6601422186413264,-23.999999590604137
17.20181,16.07494,46.27875,3759.11562,-0.00477,37.10277,7.125438062200472,2.654413159728507,-23.999999590604137
17.24195,16.1067,46.27754,3755.14106,-0.01989,37.04965,7.111587344236537,2.649253402852619,-23.999999590604137
17.28208,16.1384,46.27483,3751.17769,-0.03542,36.9966,7.099292406921788,2.6446732152036048,-23.999999590604137
17.3222,16.17003,46.27058,3747.22473,-0.05134,36.9436,7.088578206717735,2.6406818937200214,-23.999999590604137
17.3623,16.20159,46.26475,3743.28139,-0.0676,36.89064,7.079467147407288,2.637287784400482,-23.999999590604137
17.40239,16.23309,46.25732,3739.34686,-0.08418,36.8377,7.07197912802768,2.6344983001599296,-23.999999590604137
17.44246,16.26452,46.24826,3735.42028,-0.10104,36.78476,7.066131586341668,2.632319937023809,-23.999999590604137
17.48252,16.29589,46.23755,3731.50082,-0.11814,36.73181,7.06193953733648,2.630758288469929,-23.999999590604137
17.52256,16.32719,46.22517,3727.58759,-0.13546,36.67884,7.05941560635934,2.6298180577723236,-23.999999590604137
17.56259,16.35843,46.21111,3723.67972,-0.15296,36.62583,7.058570056508766,2.629503068205229,-23.999999590604137
17.60261,16.3896,46.19534,3719.7763,-0.17059,36.57276,7.059410810022386,2.629816271010609,-23.999999590604137
17.64261,16.42071,46.17788,3715.87642,-0.18834,36.51962,7.061943463441738,2.6307597510474396,-23.999999590604137
17.6826,16.45176,46.1587,3711.97916,-0.20615,36.46638,7.066171296411524,2.632334730069666,-23.999999590604137
17.72257,16.48274,46.13781,3708.08359,-0.224,36.41305,7.072095274038055,2.6345415676047805,-23.999999590604137
17.76253,16.51365,46.11521,3704.18875,-0.24185,36.35959,7.079714042818808,2.6373797594374824,-23.999999590604137
17.80247,16.5445,46.09091,3700.2937,-0.25966,36.30599,7.089023920165433,2.6408479337067154,-23.999999590604137
17.8424,16.57529,46.06491,3696.39749,-0.2774,36.25224,7.1000188776963675,2.644943844681732,-23.999999590604137
17.88232,16.60601,46.03722,3692.49914,-0.29503,36.19831,7.112690518455257,2.6496643642753526,-23.999999590604137
17.92222,16.63667,46.00787,3688.5977,-0.31251,36.1442,7.127028048345228,2.6550054714024824,-23.999999590604137
17.9621,16.66726,45.97687,3684.69219,-0.32981,36.08989,7.143018242103057,2.660962239304593,-23.999999590604137
18.00197,16.69778,45.94425,3680.78165,-0.3469,36.03535,7.160645404222624,2.66752882099268,-23.999999590604137
18.04183,16.72824,45.91003,3676.86511,-0.36374,35.98058,7.1798913252907015,2.6746984329811987,-23.999999590604137
18.08167,16.75864,45.87423,3672.9416,-0.38029,35.92556,7.200735234295819,2.682463337521858,-23.999999590604137
18.1215,16.78897,45.8369,3669.01015,-0.39653,35.87027,7.223153747502649,2.690814823557985,-23.999999590604137
18.16131,16.81923,45.79807,3665.06982,-0.41241,35.81469,7.2471208146072135,2.699743186665924,-23.999999590604137
18.20111,16.84943,45.75777,3661.11964,-0.4279,35.75881,7.272607662900806,2.709237708254625,-23.999999590604137
18.24089,16.87956,45.71606,3657.15868,-0.44298,35.70262,7.299582740297521,2.719286634341904,-23.999999590604137
18.28066,16.90962,45.67296,3653.186,-0.4576,35.6461,7.328011658107978,2.729877154236145,-23.999999590604137
18.32042,16.93962,45.62854,3649.20069,-0.47174,35.58923,7.357857134522592,2.740995379482335,-23.999999590604137
18.36015,16.96955,45.58285,3645.20184,-0.48537,35.532,7.3890789398623715,2.7526263234665422,-23.999999590604137
18.39988,16.99941,45.53593,3641.18855,-0.49845,35.47439,7.421633844666699,2.764753882077252,-23.999999590604137
18.43959,17.0292,45.48784,3637.15995,-0.51096,35.4164,7.455475571770091,2.777360815852695,-23.999999590604137
18.47928,17.05893,45.43864,3633.11519,-0.52287,35.358,7.490554753619278,2.790428734080341,-23.999999590604137
18.51896,17.08858,45.38839,3629.05344,-0.53415,35.29919,7.5268188960278914,2.803938081294562,-23.999999590604137
18.55862,17.11817,45.33716,3624.97388,-0.54478,35.23995,7.564212349712942,2.8178681266732233,-23.999999590604137
18.59827,17.14768,45.28502,3620.87574,-0.55473,35.18027,7.602676290901856,2.832196956813296,-23.999999590604137
18.6379,17.17713,45.23202,3616.75826,-0.56398,35.12013,7.642148712400939,2.84690147240362,-23.999999590604137
18.67752,17.20651,45.17824,3612.62071,-0.57251,35.05953,7.682564426435231,2.86195738928283,-23.999999590604137
18.71712,17.23581,45.12375,3608.4624,-0.58029,34.99846,7.723855080650021,2.8773392444003374,-23.999999590604137
18.7567,17.26505,45.06862,3604.28266,-0.58731,34.9369,7.765949188593455,2.8930204071719032,-23.999999590604137
18.79627,17.29421,45.01294,3600.08088,-0.59355,34.87485,7.808772175978018,2.908973096713264,-23.999999590604137
18.83582,17.3233,44.95677,3595.85647,-0.59898,34.81229,7.85224644397473,2.9251684054188734,-23.999999590604137
18.87536,17.35231,44.90019,3591.60887,-0.60361,34.74923,7.896291450711548,2.941576329322212,-23.999999590604137
18.91488,17.38126,44.84329,3587.3376,-0.60741,34.68564,7.940823812086531,2.9581658056513405,-23.999999590604137
18.95438,17.41012,44.78613,3583.04219,-0.61037,34.62153,7.985757422831568,2.974904757928319,-23.999999590604137
18.99387,17.43892,44.7288,3578.72222,-0.61249,34.55689,8.031003598735474,2.991760148951061,-23.999999590604137
19.03334,17.46764,44.67139,3574.37734,-0.61376,34.49172,8.076471240656279,3.008698041892219,-23.999999590604137
19.07279,17.49628,44.61397,3570.00722,-0.61416,34.426,8.122067020907162,3.025683669732855,-23.999999590604137
19.11223,17.52485,44.55662,3565.61161,-0.61371,34.35974,8.16769559231938,3.0426815131438745,-23.999999590604137
19.15165,17.55334,44.49942,3561.1903,-0.6124,34.29294,8.213259820108146,3.0596553868621754,-23.999999590604137
19.19105,17.58175,44.44246,3556.74312,-0.61022,34.22559,8.258661036434004,3.0765685345214546,-23.999999590604137
19.23044,17.61009,44.38581,3552.26999,-0.60718,34.1577,8.303799317313832,3.0933837318088377,-23.999999590604137
19.26981,17.63835,44.32955,3547.77085,-0.6033,34.08926,8.348573781264136,3.110063397717375,-23.999999590604137
19.30916,17.66652,44.27377,3543.24573,-0.59856,34.02028,8.392882908781116,3.1265697135607606,-23.999999590604137
19.34849,17.69462,44.21853,3538.6947,-0.593,33.95075,8.436624881533811,3.1428647493317095,-23.999999590604137
19.3878,17.72264,44.16392,3534.1179,-0.58661,33.88069,8.479697939787597,3.158910596851615,-23.999999590604137
19.4271,17.75058,44.11001,3529.51552,-0.57941,33.8101,8.522000756355425,3.1746695090772232,-23.999999590604137
19.46638,17.77844,44.05687,3524.88781,-0.57142,33.73898,8.56343282507815,3.190104044819776,-23.999999590604137
19.50564,17.80622,44.00457,3520.2351,-0.56266,33.66733,8.603894861563273,3.2051772180307365,-23.999999590604137
19.54488,17.83391,43.95318,3515.55776,-0.55314,33.59518,8.643289213656425,3.219852650713223,-23.999999590604137
19.5841,17.86152,43.90277,3510.85622,-0.5429,33.52252,8.681520278889872,3.2340947284325483,-23.999999590604137
19.6233,17.88905,43.8534,3506.13098,-0.53195,33.44937,8.718494925954882,3.2478687573257794,-23.999999590604137
19.66248,17.9165,43.80514,3501.3826,-0.52034,33.37573,8.754122917030823,3.261141121430432,-23.999999590604137
19.70164,17.94386,43.75803,3496.61167,-0.50807,33.30163,8.78831732769243,3.273879439110974,-23.999999590604137
19.74079,17.97114,43.71214,3491.81887,-0.49519,33.22706,8.820994960979816,3.286052717310802,-23.999999590604137
19.77991,17.99833,43.66751,3487.00491,-0.48174,33.15205,8.852076752147171,3.2976315023317864,-23.999999590604137
19.81901,18.02543,43.6242,3482.17057,-0.46773,33.0766,8.88148816060009,3.30858802584123,-23.999999590604137
19.85809,18.05246,43.58225,3477.31666,-0.45323,33.00074,8.9091595455245,3.3188963448035285,-23.999999590604137
19.89715,18.07939,43.54169,3472.44406,-0.43825,32.92448,8.935026521798083,3.3285324740665447,-23.999999590604137
19.9362,18.10624,43.50258,3467.55366,-0.42285,32.84784,8.959030292872406,3.3374745103689576,-23.999999590604137
19.97521,18.133,43.46493,3462.64643,-0.40706,32.77082,8.981117957489696,3.3457027466003315,-23.999999590604137
20.01421,18.15968,43.42879,3457.72336,-0.39092,32.69346,9.001242787314837,3.353199775226338,-23.999999590604137
20.05319,18.18627,43.39417,3452.78547,-0.37449,32.61577,9.019364472772844,3.3599505798696865,-23.999999590604137
20.09215,18.21277,43.36109,3447.83383,-0.35781,32.53777,9.03544933474527,3.3659426141726034,-23.999999590604137
20.13108,18.23918,43.32958,3442.86951,-0.34092,32.45947,9.049470500021508,3.3711658671570643,-23.999999590604137
20.16999,18.2655,43.29964,3437.89363,-0.32386,32.3809,9.061408038871168,3.3756129144741136,-23.999999590604137
20.20888,18.29174,43.27128,3432.90733,-0.3067,32.30208,9.071249063366226,3.3792789550314604,-23.999999590604137
20.24775,18.31789,43.24451,3427.91176,-0.28947,32.22303,9.078987785595505,3.3821618326799037,-23.999999590604137
20.28659,18.34395,43.21932,3422.90808,-0.27222,32.14376,9.084625535275611,3.3842620427738646,-23.999999590604137
20.32541,18.36992,43.19572,3417.89746,-0.255,32.06431,9.088170736691511,3.3855827235811504,-23.999999590604137
20.36421,18.3958,43.17369,3412.88108,-0.23786,31.98468,9.089638845362552,3.3861296326893777,-23.999999590604137
20.40298,18.42159,43.15321,3407.86013,-0.22084,31.9049,9.089052245199934,3.385911108694423,-23.999999590604137
20.44174,18.44729,43.13427,3402.83577,-0.204,31.82499,9.086440107355818,3.3849380186180067,-23.999999590604137
20.48046,18.47291,43.11685,3397.80919,-0.18738,31.74497,9.08183821232552,3.3832236916360756,-23.999999590604137
20.51917,18.49843,43.10093,3392.78155,-0.17102,31.66486,9.075288737246943,3.3807838398422443,-23.999999590604137
20.55785,18.52387,43.08646,3387.75398,-0.15497,31.58467,9.06684001063334,3.3776364668793013,-23.999999590604137
20.59651,18.54922,43.07343,3382.72763,-0.13928,31.50444,9.056546237077333,3.373801765384206,-23.999999590604137
20.63514,18.57448,43.06178,3377.70361,-0.12398,31.42417,9.044467194710908,3.36930200428398,-23.999999590604137
20.67375,18.59965,43.05148,3372.68299,-0.10913,31.34389,9.030667908412315,3.3641614070566805,-23.999999590604137
20.71233,18.62473,43.04249,3367.66683,-0.09475,31.26361,9.015218301885016,3.358406022121648,-23.999999590604137
20.75089,18.64972,43.03476,3362.65618,-0.08089,31.18335,8.998192831876631,3.352063586576448,-23.999999590604137
20.78943,18.67462,43.02823,3357.65201,-0.06758,31.10312,8.97967010786475,3.3451633845198234,-23.999999590604137
20.82794,18.69944,43.02286,3352.65529,-0.05486,31.02295,8.959732500529773,3.3377361011975224,-23.999999590604137
20.86642,18.72417,43.01858,3347.66694,-0.04277,30.94284,8.93846574235251,3.329813674214408,-23.999999590604137
20.90488,18.74881,43.01534,3342.68784,-0.03133,30.86281,8.91595852358221,3.321429143021904,-23.999999590604137
20.94332,18.77336,43.01308,3337.71882,-0.02057,30.78287,8.89230208673176,3.3126164978567973,-23.999999590604137
20.98173,18.79782,43.01173,3332.76069,-0.01053,30.70304,8.867589822610386,3.303410529252784,-23.999999590604137
21.02011,18.8222,43.01122,3327.81418,-0.00122,30.62332,8.841916870750275,3.293846679188874,-23.999999590604137
21.05847,18.84649,43.01149,3322.88,0.00733,30.54374,8.815379726882055,3.2839608948636845,-23.999999590604137
21.0968,18.87069,43.01247,3317.9588,0.0151,30.46428,8.788075859882703,3.273789485998449,-23.999999590604137
21.13511,18.89481,43.01409,3313.05117,0.02207,30.38497,8.760103340435048,3.2633689865029143,-23.999999590604137
21.17339,18.91884,43.01628,3308.15768,0.02822,30.30582,8.731560483311846,3.2527360212167533,-23.999999590604137
21.21165,18.94278,43.01896,3303.27881,0.03355,30.22682,8.702545505044123,3.2419271783820016,-23.999999590604137
21.24988,18.96664,43.02206,3298.41502,0.03803,30.14799,8.67315619837577,3.2309788883688424,-23.999999590604137
21.28809,18.99042,43.0255,3293.56671,0.04166,30.06932,8.643489624718317,3.2199273091069096,-23.999999590604137
21.32627,19.01411,43.02922,3288.73422,0.04443,29.99083,8.613641825541277,3.208808218570601,-23.999999590604137
21.36442,19.03771,43.03313,3283.91784,0.04634,29.91251,8.583707553359584,3.1976569145648166,-23.999999590604137
21.40255,19.06123,43.03716,3279.11782,0.04739,29.83437,8.553780022794228,3.1865081219885014,-23.999999590604137
21.44065,19.08467,43.04124,3274.33434,0.04757,29.75641,8.523950681905804,3.175395907650368,-23.999999590604137
21.47872,19.10802,43.04529,3269.56755,0.04688,29.67862,8.494309003819383,3.164353602643687,-23.999999590604137
21.51676,19.13132,43.05006,3264.81527,0.06461,29.69174,8.463948803786286,3.153043629306419,0.0
21.55473,19.1546,43.05631,3260.07603,0.08142,29.70488,8.431987409278378,3.1411371688973224,0.0
21.59264,19.17787,43.06393,3255.35092,0.09725,29.71802,8.39855031288251,3.128680970706906,0.0
21.63049,19.20111,43.07285,3250.64099,0.11207,29.73118,8.363765751873808,3.115722806494282,0.0
21.66829,19.22434,43.08298,3245.94722,0.12584,29.74436,8.327763845133765,3.1023111489664386,0.0
21.70602,19.24755,43.09421,3241.27052,0.13853,29.75754,8.29067598433601,3.088494944978927,0.0
21.74369,19.27074,43.10645,3236.61174,0.15012,29.77074,8.252634247405023,3.0743233970337953,0.0
21.78131,19.29392,43.11962,3231.97166,0.16056,29.78395,8.21377083799545,3.0598457544708864,0.0
21.81886,19.31707,43.13359,3227.35099,0.16985,29.79718,8.174217554089244,3.045111115506291,0.0
21.85636,19.34021,43.14828,3222.75038,0.17795,29.81042,8.134105288343449,3.030168241098751,0.0
21.8938,19.36333,43.16359,3218.1704,0.18486,29.82367,8.093563562246285,3.015065381410544,0.0
21.93118,19.38644,43.1794,3213.61157,0.19057,29.83694,8.052720095621623,2.999850115436574,0.0
21.9685,19.40952,43.19562,3209.07433,0.19506,29.85022,8.011700412527626,2.9845692041912413,0.0
22.00577,19.43259,43.21214,3204.55904,0.19833,29.86351,7.970627484080835,2.969268457651023,0.0
22.04297,19.45564,43.22886,3200.06601,0.20037,29.87682,7.929621408338952,2.9539926155023846,0.0
22.08012,19.47868,43.24568,3195.59549,0.2012,29.89015,7.888799126902799,2.9387852415685494,0.0
22.11722,19.50169,43.26249,3191.14765,0.2008,29.90349,7.848274177575876,2.9236886316686803,0.0
22.15425,19.52469,43.2792,3186.72261,0.19919,29.91684,7.808156482039222,2.9087437345211797,0.0
22.19123,19.54768,43.29569,3182.3204,0.19637,29.93021,7.768552167267848,2.8939900852166063,0.0
22.22816,19.57065,43.31188,3177.94102,0.19237,29.9436,7.729563419072452,2.879465750658116,0.0
22.26503,19.5936,43.32767,3173.58439,0.1872,29.957,7.691288366059249,2.8652072863334435,0.0
22.30184,19.61654,43.34296,3169.2504,0.18086,29.97041,7.653820992017846,2.851249703677078,0.0
22.3386,19.63946,43.35765,3164.93884,0.17339,29.98385,7.617251074700308,2.837626447263861,0.0
22.3753,19.66236,43.37166,3160.64948,0.16481,29.9973,7.581664148808231,2.8243693810206887,0.0
22.41195,19.68525,43.3849,3156.38203,0.15515,30.01077,7.547141491001347,2.8115087826418295,0.0
22.44854,19.70812,43.39728,3152.13614,0.14442,30.02425,7.513760124619757,2.7990733453480767,0.0
22.48508,19.73098,43.40871,3147.91142,0.13267,30.03775,7.48159284192596,2.7870901861724917,0.0
22.52157,19.75382,43.41912,3143.70743,0.11992,30.05127,7.450708241590866,2.7755848599249267,0.0
22.558,19.77665,43.42842,3139.52368,0.1062,30.0648,7.421170779256442,2.7645813780279465,0.0
22.59438,19.79946,43.43655,3135.35964,0.09156,30.07835,7.393040829044941,2.754102231430627,0.0
22.6307,19.82226,43.44343,3131.21474,0.07604,30.09192,7.366374753966426,2.7441684168372182,0.0
22.66698,19.84504,43.44899,3127.08836,0.05966,30.10551,7.341224983262043,2.734799465519543,0.0
22.7032,19.86781,43.45318,3122.97986,0.04247,30.11912,7.317640094833564,2.726013474024172,0.0
22.73936,19.89056,43.45592,3118.88855,0.02452,30.13274,7.295664901003783,2.7178271361204307,0.0
22.77548,19.9133,43.45716,3114.8137,0.00584,30.14638,7.275340535976944,2.7102557753817047,0.0
22.81154,19.93602,43.45686,3110.75456,-0.01351,30.16004,7.256704543485094,2.7033133778360177,0.0
22.84755,19.95873,43.45495,3106.71035,-0.03349,30.17372,7.239790963223127,2.6970126241653545,0.0
22.88351,19.98143,43.45139,3102.68024,-0.05407,30.18742,7.2246304148013785,2.691364920980217,0.0
22.91942,20.00411,43.44615,3098.6634,-0.07517,30.20114,7.211250178075564,2.6863804307446353,0.0
22.95528,20.02678,43.43918,3094.65894,-0.09677,30.21487,7.199674268816082,2.682068099964974,0.0
22.99108,20.04943,43.43046,3090.66598,-0.1188,30.22862,7.189923508818823,2.678435685308059,0.0
23.02683,20.07207,43.41995,3086.68359,-0.14123,30.24239,7.182015589671192,2.675489777355691,0.0
23.06254,20.0947,43.40763,3082.71083,-0.16399,30.25618,7.17596512950795,2.6732358217476953,0.0
23.09819,20.11731,43.39347,3078.74675,-0.18703,30.26999,7.171783722192142,2.6716781375031093,0.0
23.13379,20.13991,43.37747,3074.79035,-0.21031,30.28382,7.169479978489357,2.670819932358677,0.0
23.16934,20.16249,43.35961,3070.84064,-0.23378,30.29767,7.169059558902259,2.6706633150005783,0.0
23.20484,20.18507,43.33988,3066.8966,-0.25737,30.31153,7.170525197939124,2.671209304105094,0.0
23.24029,20.20762,43.31828,3062.95722,-0.28103,30.32541,7.173876719718137,2.672457834151621,0.0
23.27569,20.23017,43.29481,3059.02144,-0.30472,30.33932,7.1791110448623225,2.674407757991214,0.0
23.31104,20.2527,43.26948,3055.08822,-0.32839,30.35324,7.186222188817142,2.6770568462198425,0.0
23.34633,20.27521,43.24229,3051.15649,-0.35196,30.36718,7.195201251764166,2.6804017834209737,0.0
23.38158,20.29772,43.21325,3047.2252,-0.37541,30.38114,7.2060364004412545,2.6844381613931088,0.0
23.41678,20.32021,43.1824,3043.29325,-0.39866,30.39511,7.218712842267789,2.6891604695107514,0.0
23.45192,20.34268,43.14974,3039.35959,-0.42168,30.40911,7.233212792280993,2.694562082407315,0.0
23.48702,20.36515,43.1153,3035.42312,-0.4444,30.42312,7.249515433491603,2.7006352452065743,0.0
23.52207,20.38759,43.07912,3031.48276,-0.46678,30.43715,7.2675968713656145,2.7073710565659064,0.0
23.55706,20.41003,43.04122,3027.53744,-0.48877,30.4512,7.287430083245749,2.714759449834468,0.0
23.59201,20.43245,43.00165,3023.58608,-0.51031,30.46526,7.308984863632958,2.7227891726691076,0.0
23.6269,20.45486,42.96045,3019.6276,-0.53136,30.47935,7.332227766322473,2.7314477654785283,0.0
23.66174,20.47725,42.91766,3015.66094,-0.55187,30.49345,7.357122044538967,2.740721539122053,0.0
23.69653,20.49963,42.87333,3011.68505,-0.57178,30.50757,7.383627590251743,2.7505955523029426,0.0
23.73128,20.52199,42.82751,3007.69888,-0.59106,30.5217,7.411700874000956,2.761053589152074,0.0
23.76597,20.54434,42.78027,3003.70141,-0.60966,30.53586,7.441294886630307,2.7720781375218433,0.0
23.80061,20.56668,42.73165,2999.69161,-0.62753,30.55003,7.47235908439371,2.7836503685369456,0.0
23.83519,20.589,42.68173,2995.6685,-0.64463,30.56421,7.504839339033454,2.7957501179971844,0.0
23.86973,20.61131,42.63056,2991.63109,-0.66092,30.57841,7.538677894426366,2.808355870227021,0.0
23.90422,20.6336,42.57823,2987.57844,-0.67636,30.59263,7.573813331542281,2.8214447450216875,0.0
23.93865,20.65588,42.52479,2983.50961,-0.69091,30.60686,7.610180543422604,2.8349924883260416,0.0
23.97303,20.67814,42.47032,2979.42371,-0.70453,30.62111,7.647710721987414,2.8489734673198623,0.0
24.00736,20.70039,42.41491,2975.31987,-0.7172,30.63538,7.686331358476408,2.8633606705821157,0.0
24.04164,20.72262,42.35862,2971.19725,-0.72887,30.64965,7.72596625933188,2.8781257140077834,0.0
24.07586,20.74484,42.30155,2967.05506,-0.73952,30.66395,7.766535579302063,2.893238853139728,0.0
24.11004,20.76704,42.24376,2962.89252,-0.74912,30.67825,7.807955873547253,2.908669002579594,0.0
24.14416,20.78922,42.18536,2958.70893,-0.75765,30.69258,7.850140170412251,2.924383763097457,0.0
24.17822,20.81139,42.12642,2954.5036,-0.76507,30.70691,7.892998066474357,2.9403494570397037,0.0
24.21223,20.83354,42.06704,2950.27589,-0.77137,30.72126,7.936435845373601,2.9565311725964207,0.0
24.24619,20.85568,42.0073,2946.02524,-0.77654,30.73562,7.980356621720145,2.9728928174106843,0.0
24.2801,20.8778,41.94729,2941.7511,-0.78055,30.74999,8.024660511295492,2.9893971819829925,0.0
24.31395,20.8999,41.8871,2937.45299,-0.78339,30.76438,8.069244828473218,3.0060060132156816,0.0
24.34775,20.92199,41.82683,2933.13049,-0.78506,30.77878,8.114004311599283,3.0226800983730198,0.0
24.38149,20.94405,41.76657,2928.78323,-0.78554,30.79319,8.158831376802468,3.039379359632278,0.0
24.41518,20.96611,41.70641,2924.41091,-0.78484,30.80761,8.20361640039423,3.0560629592850987,0.0
24.44881,20.98814,41.64643,2920.01327,-0.78296,30.82204,8.248248029727964,3.0726894155407583,0.0
24.48238,21.01015,41.58673,2915.59014,-0.77989,30.83648,8.292613522029342,3.089216728749378,0.0
24.5159,21.03215,41.5274,2911.14139,-0.77564,30.85093,8.336599110364777,3.1056025177348103,0.0
24.54937,21.05413,41.46854,2906.66698,-0.77023,30.8654,8.38009039551633,3.1218041657783457,0.0
24.58278,21.07609,41.41021,2902.16691,-0.76367,30.87987,8.422972762188566,3.137778975666727,0.0
24.61613,21.09803,41.35252,2897.64127,-0.75597,30.89435,8.46513181756323,3.1534843330652973,0.0
24.64942,21.11996,41.29555,2893.09021,-0.74715,30.90884,8.506453849792992,3.1688778773189865,0.0
24.68266,21.14186,41.23937,2888.51395,-0.73724,30.92334,8.546826303751473,3.1839176786817163,0.0
24.71584,21.16374,41.18408,2883.91277,-0.72627,30.93784,8.586138270871825,3.198562420794153,0.0
24.74896,21.18561,41.12973,2879.28703,-0.71426,30.95236,8.624280989668495,3.212771587141245,0.0
24.78203,21.20745,41.07642,2874.63715,-0.70125,30.96688,8.661148353167908,3.226505650083492,0.0
24.81504,21.22928,41.02421,2869.96363,-0.68727,30.98141,8.696637419231045,3.2397262609655364,0.0
24.84798,21.25108,40.97317,2865.26703,-0.67237,30.99595,8.730648919517412,3.252396439718639,0.0
24.88087,21.27287,40.92336,2860.54797,-0.65659,31.01049,8.763087762677717,3.264480762313183,0.0
24.9137,21.29463,40.87485,2855.80712,-0.63997,31.02504,8.793863527206833,3.27594554435938,0.0
24.94647,21.31637,40.82769,2851.04525,-0.62256,31.03959,8.822890939398743,3.286759019158047,0.0
24.97919,21.33809,40.78193,2846.26316,-0.60442,31.05415,8.850090331781935,3.2968915084798702,0.0
25.01184,21.35979,40.73763,2841.46171,-0.58559,31.06872,8.875388077532822,3.306315584395827,0.0
25.04443,21.38147,40.69482,2836.64181,-0.56614,31.08329,8.898716996503424,3.315006220533177,0.0
25.07696,21.40312,40.65356,2831.80443,-0.54613,31.09787,8.920016728708227,3.322940931209149,0.0
25.10943,21.42476,40.61386,2826.95058,-0.5256,31.11245,8.939234071372075,3.330099896990149,0.0
25.14184,21.44637,40.57577,2822.08132,-0.50464,31.12704,8.956323276038516,3.336466075372435,0.0
25.17419,21.46796,40.5393,2817.19775,-0.48329,31.14163,8.971246302580788,3.342025295407891,0.0
25.20648,21.48953,40.50449,2812.30099,-0.46163,31.15622,8.98397302742629,3.3467663352731245,0.0
25.23871,21.51107,40.47133,2807.39221,-0.43972,31.17082,8.994481403837609,3.350680981978364,0.0
25.27088,21.53259,40.43985,2802.4726,-0.41763,31.18542,9.002757572572465,3.353764072591202,0.0
25.30299,21.55409,40.41005,2797.54336,-0.39542,31.20003,9.008795921833505,3.356013516569471,0.0
25.33503,21.57557,40.38193,2792.60573,-0.37317,31.21464,9.012599096016974,3.3574302990203484,0.0
25.36702,21.59702,40.35548,2787.66095,-0.35094,31.22925,9.014177953284523,3.3580184648947458,0.0
25.39894,21.61845,40.3307,2782.71028,-0.3288,31.24387,9.013551472652333,3.3577850843755566,0.0
25.4308,21.63985,40.30757,2777.75496,-0.30683,31.25849,9.010746611788237,3.3567401999033506,0.0
25.4626,21.66124,40.28607,2772.79626,-0.28507,31.27311,9.005798117265481,3.3548967554908975,0.0
25.49434,21.6826,40.26618,2767.83543,-0.26362,31.28774,8.998748289564347,3.352270509180094,0.0
25.52601,21.70393,40.24786,2762.87372,-0.24251,31.30237,8.989646705525912,3.3488799296486893,0.0
25.55763,21.72524,40.23108,2757.91234,-0.22183,31.317,8.978549901421967,3.344746078145482,0.0
25.58918,21.74653,40.21581,2752.95252,-0.20164,31.33163,8.965521020145783,3.3398924770596046,0.0
25.62067,21.7678,40.202,2747.99544,-0.18198,31.34627,8.950629426351588,3.334344966549852,0.0
25.6521,21.78904,40.18961,2743.04228,-0.16293,31.36092,8.93395029357178,3.3281315507349793,0.0
25.68347,21.81026,40.17858,2738.09416,-0.14454,31.37556,8.915564167568029,3.3212822350304902,0.0
25.71477,21.83145,40.16887,2733.15219,-0.12687,31.39021,8.895556510235815,3.3138288562410936,0.0
25.74602,21.85262,40.16041,2728.21745,-0.10996,31.40486,8.874017228456838,3.3058049070458124,0.0
25.7772,21.87376,40.15314,2723.29095,-0.09386,31.41952,8.851040192253496,3.297245356497861,0.0
25.80833,21.89489,40.147,2718.3737,-0.07862,31.43418,8.826722746537786,3.288186468138254,0.0
25.83939,21.91598,40.14193,2713.46663,-0.06429,31.44884,8.80116522061137,3.278665617271686,0.0
25.87039,21.93706,40.13784,2708.57065,-0.0509,31.4635,8.774470439374138,3.26872110887885,0.0
25.90133,21.95811,40.13468,2703.6866,-0.0385,31.47817,8.746743240004118,3.258391997566995,0.0
25.93221,21.97914,40.13237,2698.81528,-0.02711,31.49285,8.718089997587876,3.2477179108547634,0.0
25.96303,22.00014,40.13083,2693.95746,-0.01676,31.50753,8.688618162867671,3.2367388769708456,0.0
25.99379,22.02112,40.12998,2689.11381,-0.00749,31.52221,8.658435814995604,3.225495158243133,0.0
26.02449,22.04208,40.12974,2684.28499,0.00068,31.5369,8.627651231817406,3.214027091018123,0.0
26.05513,22.06301,40.13005,2679.47158,0.00773,31.55159,8.596372479861818,3.202374932921171,0.0
26.08571,22.08392,40.1308,2674.67412,0.01365,31.56628,8.564707025870216,3.190578718141061,0.0
26.11623,22.10481,40.13193,2669.89308,0.01841,31.58098,8.532761371343407,3.178678121289066,0.0
26.14669,22.12567,40.13335,2665.12888,0.02201,31.59569,8.500640711232885,3.1667123302524653,0.0
26.17709,22.14651,40.13497,2660.38188,0.02445,31.6104,8.468448617594026,3.154719928347029,0.0
26.20743,22.16733,40.13673,2655.6524,0.02571,31.62512,8.436286748649277,3.1427387859354092,0.0
26.23772,22.18812,40.13852,2650.94069,0.0258,31.63984,8.40425458346599,3.1308059615876447,0.0
26.26794,22.20889,40.14028,2646.24695,0.02472,31.65457,8.372449182143585,3.1189576127445746,0.0
26.29811,22.22964,40.14192,2641.57132,0.02247,31.6693,8.340964971137785,3.107228915745466,0.0
26.32822,22.25037,40.14336,2636.91389,0.01906,31.68404,8.309893553171547,3.0956539950148327,0.0
26.35827,22.27107,40.14453,2632.27469,0.01451,31.69879,8.279323540907992,3.084265861101227,0.0
26.38826,22.29176,40.14534,2627.65372,0.00883,31.71354,8.249340413438285,3.073096357215198,0.0
26.4182,22.31242,40.14572,2623.0509,0.00203,31.7283,8.220026394466657,3.0621761138500085,0.0
26.44808,22.33305,40.14559,2618.46612,-0.00586,31.74307,8.19146035093216,3.0515345110155665,0.0
26.4779,22.35367,40.14489,2613.89922,-0.01482,31.75784,8.163717710766807,3.0411996476011782,0.0
26.50767,22.37426,40.14354,2609.34998,-0.02483,31.77262,8.136870398317111,3.0311983173183625,0.0
26.53738,22.39483,40.14147,2604.81814,-0.03586,31.78741,8.110986786005823,3.02155599069358,0.0
26.56703,22.41538,40.13863,2600.30342,-0.04787,31.80221,8.086131660705059,3.0122968025413392,0.0
26.59663,22.43591,40.13493,2595.80545,-0.06084,31.81701,8.062366203318545,3.003443544358045,0.0
26.62617,22.45641,40.13034,2591.32385,-0.07473,31.83182,8.039747980065117,2.9950176610748738,0.0
26.65565,22.4769,40.12478,2586.8582,-0.08951,31.84664,8.018330943964243,2.9870392516111623,0.0
26.68508,22.49736,40.1182,2582.40803,-0.10513,31.86147,7.998165445086804,2.9795270726931085,0.0
26.71446,22.5178,40.11054,2577.97283,-0.12156,31.8763,7.979298248168391,2.9724985454151716,0.0
26.74378,22.53822,40.10177,2573.55208,-0.13875,31.89115,7.9617725562230515,2.9659697640368248,0.0
26.77304,22.55862,40.09183,2569.14519,-0.15666,31.906,7.9456280389161975,2.9599555065522063,0.0
26.80225,22.579,40.08068,2564.75156,-0.17525,31.92086,7.930900864460805,2.954469246572291,0.0
26.83141,22.59936,40.06829,2560.37055,-0.19447,31.93573,7.9176237339493,2.949523166114427,0.0
26.86051,22.61969,40.0546,2556.00151,-0.21427,31.95061,7.905825917089379,2.9451281689148625,0.0
26.88955,22.64001,40.0396,2551.64374,-0.2346,31.96549,7.895533288395393,2.9412938939109936,0.0
26.91855,22.6603,40.02325,2547.29652,-0.25541,31.98039,7.886768363006038,2.9380287285843916,0.0
26.94748,22.68057,40.00553,2542.9591,-0.27666,31.99529,7.879550331393991,2.935339821891063,0.0
26.97637,22.70083,39.9864,2538.63073,-0.29829,32.0102,7.87389509231001,2.9332330965339843,0.0
27.0052,22.72106,39.96587,2534.31061,-0.32025,32.02513,7.869815283430391,2.9317132603800937,0.0
27.03397,22.74127,39.94391,2529.99794,-0.34248,32.04006,7.86732030926394,2.9307838168563696,0.0
27.0627,22.76146,39.9205,2525.69189,-0.36493,32.055,7.8664163659824125,2.930447074199822,0.0
27.09137,22.78163,39.89564,2521.39163,-0.38755,32.06994,7.867106462927772,2.9307041534695117,0.0
27.11998,22.80177,39.86933,2517.09629,-0.41029,32.0849,7.869390440669853,2.9315549952735074,0.0
27.14855,22.8219,39.84157,2512.80502,-0.43308,32.09987,7.873264985555104,2.932998365188675,0.0
27.17705,22.84201,39.81235,2508.51693,-0.45589,32.11484,7.878723640827814,2.935031857903624,0.0
27.20551,22.86209,39.78169,2504.23113,-0.47864,32.12982,7.885756814452121,2.937651900132613,0.0
27.23391,22.88216,39.7496,2499.94673,-0.50129,32.14481,7.89435178389945,2.940853752399,0.0
27.26226,22.9022,39.71608,2495.66283,-0.52378,32.15982,7.904492698233917,2.9446315098121043,0.0
27.29056,22.92222,39.68116,2491.37852,-0.54606,32.17482,7.916160577917512,2.948978101994634,0.0
27.3188,22.94223,39.64486,2487.0929,-0.56808,32.18984,7.929333312874611,2.9538852923616696,0.0
27.34699,22.96221,39.6072,2482.80505,-0.58978,32.20487,7.943985659382603,2.959343676962336,0.0
27.37513,22.98217,39.5682,2478.51408,-0.61111,32.2199,7.960089236491951,2.9653426831461824,0.0
27.40321,23.00211,39.5279,2474.21907,-0.63202,32.23494,7.977612522726144,2.9718705683338285,0.0
27.43124,23.02202,39.48634,2469.91914,-0.65246,32.24999,7.996520853877055,2.9789144191956782,0.0
27.45922,23.04192,39.44354,2465.61339,-0.67239,32.26504,8.01677642280644,2.9864601515779685,0.0
27.48714,23.06179,39.39955,2461.30095,-0.69175,32.28011,8.038338282198685,2.994492511528244,0.0
27.51501,23.08165,39.35441,2456.98094,-0.71049,32.29518,8.061162351256998,3.002995077789865,0.0
27.54283,23.10148,39.30816,2452.65252,-0.72858,32.31025,8.085201427419637,3.011950266166609,0.0
27.57059,23.12129,39.26086,2448.31485,-0.74596,32.32534,8.110405204156347,3.02133933615231,0.0
27.5983,23.14108,39.21255,2443.9671,-0.7626,32.34043,8.136720295973182,3.0311424002458183,0.0
27.62595,23.16084,39.1633,2439.60848,-0.77845,32.35553,8.164090271746987,3.0413384363689646,0.0
27.65355,23.18059,39.11314,2435.2382,-0.79349,32.37063,8.192455697527162,3.05190530381135,0.0
27.6811,23.20031,39.06214,2430.85553,-0.80766,32.38574,8.221754189910998,3.0628197631140583,0.0
27.70859,23.22001,39.01036,2426.45973,-0.82093,32.40085,8.251920481118153,3.074057500311616,0.0
27.73603,23.23969,38.95787,2422.0501,-0.83328,32.41597,8.282886496796776,3.0855931559168113,0.0
27.76342,23.25934,38.90471,2417.62598,-0.84467,32.4311,8.31458144757767,3.0974003590270387,0.0
27.79075,23.27897,38.85097,2413.18673,-0.85507,32.44623,8.346931935325655,3.1094517669057242,0.0
27.81802,23.29858,38.7967,2408.73176,-0.86447,32.46136,8.379862074925589,3.121719110350819,0.0
27.84524,23.31817,38.74197,2404.2605,-0.87283,32.4765,8.413293632337455,3.134173245123955,0.0
27.87241,23.33773,38.68685,2399.77243,-0.88014,32.49164,8.447146179579574,3.146784209685769,0.0
27.89951,23.35727,38.63141,2395.26708,-0.88637,32.50679,8.48133726708171,3.159521289401969,0.0
27.92657,23.37679,38.57571,2390.74399,-0.89153,32.52193,8.515782613778395,3.172353087358102,0.0
27.95357,23.39628,38.51983,2386.20278,-0.89559,32.53708,8.550396315072346,3.185247601831392,0.0
27.98051,23.41575,38.46384,2381.64309,-0.89854,32.55224,8.585091068657942,3.198172310415934,0.0
28.0074,23.43519,38.40781,2377.06463,-0.90039,32.56739,8.619778417968153,3.211094260713076,0.0
28.03423,23.45461,38.35181,2372.46714,-0.90112,32.58255,8.65436901282375,3.2239801674301125,0.0
0.04525,0.04525,51.7081,4781.13722,-0.50462,45.0001,5.3711267051203135,2.000886020506322,0.0
0.09047,0.09047,51.6447,4778.25247,-0.5086,45.00025,5.412697114768923,2.016372091883735,0.0
0.13567,0.13567,51.58089,4775.34525,-0.5119,45.00044,5.454853602149779,2.032076492637043,0.0
0.18084,0.18084,51.51674,4772.41508,-0.51453,45.00068,5.497538177455103,2.047977620037045,0.0
0.22598,0.22598,51.45234,4769.4615,-0.51648,45.00096,5.540690144256844,2.0640528630672734,0.0
0.27109,0.2711,51.38779,4766.4841,-0.51773,45.00129,5.584246124827083,2.080278611856509,0.0
0.31618,0.31619,51.32316,4763.4825,-0.51828,45.00167,5.628140101538112,2.096630273101402,0.0
0.36124,0.36125,51.25855,4760.45634,-0.51813,45.00209,5.6723034753350285,2.1130822918490533,0.0
0.40627,0.40628,51.19405,4757.40532,-0.51727,45.00256,5.7166651422405,2.129608179997046,0.0
0.45127,0.45129,51.12973,4754.32917,-0.51569,45.00307,5.76115158869362,2.1461805518096853,0.0
0.49624,0.49627,51.0657,4751.22766,-0.5134,45.00362,5.805687006470518,2.162771166728945,0.0
0.54118,0.54121,51.00204,4748.1006,-0.5104,45.00422,5.850193427765416,2.179350979695716,0.0
0.58609,0.58613,50.93884,4744.94785,-0.50668,45.00486,5.894590880880015,2.195890199148201,0.0
0.63097,0.63103,50.87619,4741.7693,-0.50225,45.00555,5.938797566792945,2.212358352798677,0.0
0.67582,0.67589,50.81418,4738.56493,-0.49711,45.00628,5.98273005669646,2.2287243612211145,0.0
0.72064,0.72072,50.75288,4735.33471,-0.49127,45.00706,6.0263035103951115,2.2449566192104293,0.0
0.76543,0.76553,50.6924,4732.0787,-0.48473,45.00788,6.069431915231589,2.261023084788644,0.0
0.81019,0.8103,50.63281,4728.79699,-0.47751,45.00874,6.112028344985826,2.2768913756516174,0.0
0.85492,0.85505,50.5742,4725.48975,-0.46961,45.00965,6.154005237958702,2.29252887276254,0.0
0.89961,0.89977,50.51665,4722.15715,-0.46105,45.0106,6.195274693183829,2.3079028306986187,0.0
0.94427,0.94445,50.46023,4718.79947,-0.45183,45.01159,6.235748783496763,2.3229804942775947,0.0
0.9889,0.98911,50.40504,4715.417,-0.44198,45.01262,6.275339883911596,2.3377292208866667,0.0
1.0335,1.03374,50.35113,4712.01011,-0.4315,45.0137,6.31396101351451,2.3521166078468294,0.0
1.07807,1.07833,50.2986,4708.5792,-0.42042,45.01482,6.351526188855336,2.366110624060536,0.0
1.1226,1.1229,50.24751,4705.12473,-0.40876,45.01598,6.387950786583461,2.3796797451031084,0.0
1.1671,1.16743,50.19792,4701.64723,-0.39654,45.01718,6.423151912861204,2.392793090838943,0.0
1.21157,1.21193,50.14991,4698.14727,-0.38378,45.01842,6.457048776904891,2.4054205645753863,0.0
1.256,1.25641,50.10353,4694.62545,-0.37051,45.01971,6.489563065836927,2.4175329927049996,0.0
1.3004,1.30085,50.05885,4691.08244,-0.35675,45.02104,6.520619317881869,2.4291022637309108,0.0
1.34476,1.34526,50.01593,4687.51896,-0.34252,45.0224,6.550145290875326,2.440101465546078,0.0
1.38909,1.38963,49.9748,4683.93578,-0.32787,45.02381,6.578072322939001,2.4505050197942335,0.0
1.43339,1.43398,49.93553,4680.33369,-0.31281,45.02526,6.604335682180674,2.460288812142328,0.0
1.47765,1.47829,49.89816,4676.71355,-0.29737,45.02675,6.628874902282491,2.469430317295995,0.0
1.52187,1.52258,49.86273,4673.07623,-0.2816,45.02829,6.651634100888922,2.4779087176074452,0.0
1.56606,1.56683,49.82927,4669.42268,-0.26551,45.02986,6.672562277820456,2.485705014167918,0.0
1.61021,1.61104,49.79782,4665.75386,-0.24916,45.03147,6.691613590251502,2.492802129318681,0.0
1.65433,1.65523,49.76841,4662.07074,-0.23256,45.03312,6.708747602214492,2.499184999597882,0.0
1.69841,1.69938,49.74106,4658.37438,-0.21576,45.03482,6.723929505975839,2.5048406582089124,0.0
1.74246,1.7435,49.71579,4654.6658,-0.19879,45.03655,6.7371303131148395,2.5097583062023303,0.0
1.78647,1.78759,49.69262,4650.9461,-0.18169,45.03832,6.748327013412565,2.5139293716661477,0.0
1.83044,1.83164,49.67155,4647.21636,-0.1645,45.04014,6.757502699992688,2.517347556344088,0.0
1.87438,1.87567,49.65259,4643.47771,-0.14725,45.04199,6.764646659504938,2.5200088692312885,0.0
1.91828,1.91966,49.63575,4639.73126,-0.12998,45.04388,6.769754426483544,2.521911646824257,0.0
1.96214,1.96361,49.62101,4635.97816,-0.11273,45.04581,6.772827801412338,2.523056559850594,0.0
2.00596,2.00754,49.60838,4632.21954,-0.09553,45.04778,6.773874832419909,2.5234466064499577,0.0
2.04975,2.05143,49.59784,4628.45656,-0.07843,45.04979,6.772909760879159,2.5230870919084682,0.0
2.0935,2.09529,49.58937,4624.69037,-0.06146,45.05184,6.7699529316108835,2.521985595207175,0.0
2.13722,2.13911,49.58295,4620.9221,-0.04466,45.05393,6.7650306686972765,2.5201519227593248,0.0
2.1809,2.1829,49.57855,4617.1529,-0.02806,45.05606,6.758175118335077,2.517598049869019,0.0
2.22454,2.22666,49.57615,4613.38389,-0.0117,45.05822,6.7494240604055955,2.5143380505360957,0.0
2.26814,2.27039,49.57572,4609.61618,0.00438,45.06043,6.738820690807955,2.5103880163695296,0.0
2.31171,2.31409,49.5772,4605.85087,0.02015,45.06267,6.726413376798251,2.505765965444836,0.0
2.35523,2.35775,49.58056,4602.08904,0.03558,45.06496,6.712255387868309,2.500491742049324,0.0
2.39876,2.40134,49.58306,4598.33692,0.0059,44.97132,6.698957587718226,2.495537961607239,-49.999999147091955
2.44233,2.44483,49.58197,4594.59883,-0.02407,44.87781,6.689096202024862,2.491864335967787,-49.999999147091955
2.48592,2.48821,49.57726,4590.8729,-0.05429,44.78438,6.682675497708666,2.4894724546711053,-49.999999147091955
2.52956,2.53149,49.56892,4587.15727,-0.08471,44.69099,6.679699951309359,2.488363985346026,-49.999999147091955
2.57323,2.57466,49.55691,4583.45007,-0.11529,44.59757,6.680174556954015,2.4885407884362865,-49.999999147091955
2.61693,2.61773,49.54124,4579.74939,-0.14599,44.5041,6.684104873502347,2.490004934763393,-49.999999147091955
2.66067,2.66069,49.5219,4576.05333,-0.17677,44.4105,6.691497047588469,2.4927587141102787,-49.999999147091955
2.70444,2.70355,49.49889,4572.35996,-0.20758,44.31674,6.702357812605777,2.496804634843152,-49.999999147091955
2.74825,2.7463,49.47221,4568.66736,-0.23839,44.22276,6.716694463533235,2.502145414533619,-49.999999147091955
2.79209,2.78895,49.44187,4564.97357,-0.26915,44.12851,6.7345148074624985,2.5087839615287373,-49.999999147091955
2.83597,2.8315,49.40788,4561.27662,-0.29982,44.03394,6.755827089618026,2.516723347391564,-49.999999147091955
2.87989,2.87394,49.37027,4557.57454,-0.33036,43.939,6.780639894553314,2.5259667700941484,-49.999999147091955
2.92383,2.91627,49.32906,4553.86532,-0.36073,43.84364,6.80896202218544,2.536517507837143,-49.999999147091955
2.96781,2.9585,49.28427,4550.14695,-0.39088,43.74781,6.840802338261716,2.5483788633446918,-49.999999147091955
3.01183,3.00062,49.23594,4546.41741,-0.42077,43.65145,6.876169598787941,2.561554098459341,-49.999999147091955
3.05588,3.04263,49.18412,4542.67465,-0.45036,43.55451,6.915072247948198,2.57604635886184,-49.999999147091955
3.09997,3.08454,49.12884,4538.9166,-0.4796,43.45694,6.957518189018172,2.591858588730329,-49.999999147091955
3.14409,3.12633,49.07016,4535.14121,-0.50845,43.35868,7.0035145277604,2.6089934351483186,-49.999999147091955
3.18825,3.16802,49.00813,4531.34638,-0.53688,43.25969,7.053067287845255,2.6274531420915133,-49.999999147091955
3.23244,3.2096,48.9428,4527.53,-0.56482,43.1599,7.106181097849338,2.6472394338264835,-49.999999147091955
3.27667,3.25107,48.87425,4523.68995,-0.59226,43.05927,7.162858849504081,2.6683533875992733,-49.999999147091955
3.32093,3.29242,48.80255,4519.82412,-0.61913,42.95773,7.223101326893742,2.690795295501898,-49.999999147091955
3.36523,3.33367,48.72776,4515.93037,-0.64539,42.85524,7.286906806521833,2.71456451548657,-49.999999147091955
3.40956,3.3748,48.64997,4512.00653,-0.67101,42.75175,7.354270628266548,2.739659311535299,-49.999999147091955
3.45393,3.41582,48.56927,4508.05047,-0.69594,42.64718,7.425184737473468,2.7660766830773857,-49.999999147091955
3.49834,3.45672,48.48574,4504.06001,-0.72013,42.5415,7.499637198690352,2.793812183842828,-49.999999147091955
3.54278,3.4975,48.39948,4500.033,-0.74354,42.43465,7.577611681811552,2.8228597304376013,-49.999999147091955
3.58726,3.53817,48.31058,4495.96727,-0.76613,42.32656,7.659086921765306,2.8532114010629575,-49.999999147091955
3.63178,3.57872,48.21916,4491.86065,-0.78786,42.21719,7.744036153226734,2.8848572249311393,-49.999999147091955
3.67633,3.61914,48.12533,4487.711,-0.80869,42.10649,7.832426522295921,2.917784963099992,-49.999999147091955
3.72092,3.65945,48.02919,4483.51616,-0.82856,41.99439,7.924218477538201,2.9519798816194394,-49.999999147091955
3.76555,3.69963,47.93086,4479.27401,-0.84745,41.88084,8.019365143326151,2.9874245180848966,-49.999999147091955
3.81022,3.73969,47.83048,4474.98242,-0.8653,41.7658,8.117811678987351,3.0240984429029414,-49.999999147091955
3.85492,3.77962,47.72817,4470.63931,-0.88208,41.6492,8.21949462788341,3.0619780168061275,-49.999999147091955
3.89967,3.81942,47.62405,4466.24261,-0.89775,41.531,8.324341261202663,3.1010361463985014,-49.999999147091955
3.94445,3.85909,47.51828,4461.79029,-0.91228,41.41114,8.432268921947168,3.1412420397734904,-49.999999147091955
3.98927,3.89863,47.41099,4457.28035,-0.92561,41.28957,8.543184375289236,3.1825609645046273,-49.999999147091955
4.03413,3.93804,47.30232,4452.71086,-0.93772,41.16625,8.656983172240468,3.224954010595514,-49.999999147091955
4.07902,3.97731,47.19242,4448.07991,-0.94857,41.04113,8.773549034294637,3.2683778612431094,-49.999999147091955
4.12396,4.01644,47.08146,4443.38568,-0.95813,40.91416,8.892753267410495,3.3127845745309035,-49.999999147091955
4.16894,4.05544,46.96957,4438.62639,-0.96635,40.78529,9.014454214462118,3.3581213794522693,-49.999999147091955
4.21396,4.09429,46.85693,4433.80036,-0.97323,40.65449,9.138496755868227,3.404330489881735,-49.999999147091955
4.25902,4.133,46.7437,4428.90598,-0.97871,40.52171,9.264711868749009,3.451348940349313,-49.999999147091955
4.30412,4.17156,46.63004,4423.94172,-0.98279,40.38692,9.392916255442756,3.499108447653165,-49.999999147091955
4.34925,4.20998,46.51612,4418.90617,-0.98543,40.25007,9.522912052585038,3.5475353024839413,-49.999999147091955
4.39444,4.24825,46.40211,4413.79803,-0.9866,40.11115,9.654486632227007,3.596550295336118,-49.999999147091955
4.43966,4.28636,46.28818,4408.61609,-0.9863,39.97011,9.787412506516754,3.6460686809992953,-49.999999147091955
4.48492,4.32432,46.1745,4403.35929,-0.98451,39.82693,9.92144734737104,3.6960001858864286,-49.999999147091955
4.53022,4.36212,46.06126,4398.02672,-0.9812,39.68159,10.056334132243027,3.7462490623361533,-49.999999147091955
4.57557,4.39976,45.94862,4392.61757,-0.97638,39.53407,10.191801426494534,3.7967141938038687,-49.999999147091955
4.62096,4.43724,45.83676,4387.13122,-0.97003,39.38435,10.327563812079548,3.8472892545576363,-49.999999147091955
4.66639,4.47456,45.72586,4381.5672,-0.96216,39.23243,10.463322471103503,3.897862927069357,-49.999999147091955
4.71186,4.51171,45.6161,4375.92522,-0.95275,39.07829,10.598765931482536,3.94831917979247,-49.999999147091955
4.75737,4.5487,45.50764,4370.20514,-0.94182,38.92193,10.733570980183885,3.9985376073680237,-49.999999147091955
4.80293,4.58551,45.40065,4364.40704,-0.92937,38.76337,10.867403747580694,4.048393834575374,-49.999999147091955
4.84853,4.62215,45.29532,4358.53116,-0.91543,38.60259,10.99992096422707,4.097759984513965,-49.999999147091955
4.89416,4.65861,45.19181,4352.57797,-0.89999,38.43962,11.130771388819683,4.146505210556592,-49.999999147091955
4.93985,4.69489,45.09028,4346.54812,-0.88309,38.27448,11.25959740340876,4.194496290607468,-49.999999147091955
4.98557,4.731,44.99089,4340.44248,-0.86475,38.10719,11.386036769013492,4.241598281115161,-49.999999147091955
5.03133,4.76692,44.89381,4334.26211,-0.845,37.93778,11.509724531765956,4.2876752271613565,-49.999999147091955
5.07714,4.80265,44.79918,4328.00831,-0.82388,37.76628,11.630295066590032,4.332590923785024,-49.999999147091955
5.12299,4.8382,44.70716,4321.68257,-0.80142,37.59273,11.747384242312373,4.376209722543225,-49.999999147091955
5.16887,4.87356,44.61789,4315.2866,-0.77768,37.41718,11.860631689135984,4.418397376204679,-49.999999147091955
5.2148,4.90873,44.5315,4308.82234,-0.75269,37.23969,11.96968314643884,4.459021913366521,-49.999999147091955
5.26077,4.94371,44.44812,4302.29192,-0.72652,37.06031,12.074192866332515,4.49795453384314,-49.999999147091955
5.30678,4.97849,44.36788,4295.69767,-0.69922,36.87909,12.173826046044905,4.5350705147927375,-49.999999147091955
5.35283,5.01307,44.29089,4289.04213,-0.67086,36.69612,12.268261260340694,4.570250116857949,-49.999999147091955
5.39892,5.04746,44.21726,4282.32804,-0.6415,36.51146,12.357192863746096,4.603379479057773,-49.999999147091955
5.44504,5.08164,44.14709,4275.55829,-0.61121,36.3252,12.440333331493768,4.634351490851144,-49.999999147091955
5.49121,5.11562,44.08046,4268.73598,-0.58007,36.13741,12.517415507810663,4.663066629683309,-49.999999147091955
5.53741,5.1494,44.01746,4261.86436,-0.54816,35.94818,12.588194730524286,4.689433752457566,-49.999999147091955
5.58365,5.18297,43.95816,4254.94682,-0.51555,35.75761,12.652450801982535,4.713370829754755,-49.999999147091955
5.62993,5.21633,43.90262,4247.9869,-0.48233,35.56579,12.709989777907921,4.734805612228533,-49.999999147091955
5.67624,5.24949,43.8509,4240.98825,-0.44859,35.37282,12.760645548137559,4.753676219472601,-49.999999147091955
5.72258,5.28244,43.80302,4233.95465,-0.41442,35.1788,12.804281186018132,4.769931642705847,-49.999999147091955
5.76896,5.31518,43.75903,4226.88994,-0.37991,34.98384,12.840790046677725,4.783532153907483,-49.999999147091955
5.81538,5.34771,43.71895,4219.79805,-0.34515,34.78804,12.870096598267782,4.794449615476561,-49.999999147091955
5.86182,5.38002,43.68277,4212.68298,-0.31024,34.59151,12.892156974442337,4.802667686045012,-49.999999147091955
5.9083,5.41213,43.65051,4205.54875,-0.27526,34.39436,12.906959240919395,4.8081819197787885,-49.999999147091955
5.95481,5.44402,43.62215,4198.3994,-0.24032,34.1967,12.914523373529878,4.8109997582005,-49.999999147091955
6.00135,5.4757,43.59767,4191.239,-0.20552,33.99864,12.914900949898882,4.811140415332586,-49.999999147091955
6.04792,5.50717,43.57704,4184.07157,-0.17093,33.80029,12.908174561447805,4.808634658652629,-49.999999147091955
6.09452,5.53842,43.56021,4176.90113,-0.13667,33.60176,12.894456956828831,4.80352449000016,-49.999999147091955
6.14115,5.56946,43.54713,4169.73163,-0.10281,33.40316,12.873889932028876,4.795862732111185,-49.999999147091955
6.1878,5.60029,43.53774,4162.56698,-0.06945,33.2046,12.846642985943065,4.785712527783923,-49.999999147091955
6.23448,5.6309,43.53197,4155.41099,-0.03669,33.00617,12.81291176365577,4.7731467599600315,-49.999999147091955
6.28118,5.66131,43.52973,4148.26738,-0.00459,32.80799,12.772916312138882,4.758247401926328,-49.999999147091955
6.3279,5.6915,43.53094,4141.13978,0.02674,32.61014,12.72689917529791,4.741104807669327,-49.999999147091955
6.37465,5.72148,43.5355,4134.03166,0.05724,32.41273,12.675123356774906,4.721816952965733,-49.999999147091955
6.42142,5.75124,43.54329,4126.94641,0.08682,32.21585,12.617870179726877,4.70048863809359,-49.999999147091955
6.46821,5.7808,43.55422,4119.88723,0.11541,32.01959,12.555437073155046,4.677230663181684,-49.999999147091955
6.51497,5.81024,43.57318,4112.84701,0.23629,32.0243,12.479240768798213,4.648845534963337,0.0
6.56165,5.83962,43.60502,4105.82511,0.35536,32.02902,12.381100552832057,4.612285722291453,0.0
6.60825,5.86897,43.64948,4098.83402,0.47215,32.03374,12.262068903353477,4.5679433009494925,0.0
6.65476,5.89827,43.70624,4091.88573,0.58625,32.03848,12.123363869158482,4.516272026162762,0.0
6.70119,5.92753,43.77496,4084.99159,0.69724,32.04322,11.966341845306047,4.457777190779631,0.0
6.74753,5.95674,43.85523,4078.16226,0.80474,32.04797,11.792471653549772,4.393005969550343,0.0
6.7938,5.98591,43.94664,4071.40767,0.90841,32.05273,11.60330792092698,4.322537501951,0.0
6.83998,6.01504,44.04872,4064.73692,1.00792,32.0575,11.40046451934596,4.246972997730965,0.0
6.88609,6.04412,44.16098,4058.15829,1.10299,32.06228,11.185588762162453,4.166926124458673,0.0
6.93212,6.07317,44.2829,4051.67921,1.19338,32.06707,10.960336964090626,4.083013902945414,0.0
6.97807,6.10217,44.41394,4045.30623,1.27886,32.07187,10.726351865512854,3.9958482972067255,0.0
7.02394,6.13113,44.55356,4039.04505,1.35925,32.07668,10.485242308298965,3.906028643170295,0.0
7.06973,6.16006,44.70119,4032.90053,1.43441,32.08151,10.23856543464903,3.814135017276525,0.0
7.11546,6.18894,44.85623,4026.8767,1.50421,32.08636,9.9878115687829,3.7207226045101027,0.0
7.16111,6.21779,45.01811,4020.97681,1.56858,32.09122,9.734391838539135,3.6263170871198973,0.0
7.20669,6.2466,45.18624,4015.20337,1.62745,32.09609,9.479628503267287,3.5314110415043554,0.0
7.2522,6.27538,45.36001,4009.55818,1.68079,32.10099,9.224747878445937,3.436461302445549,0.0
7.29764,6.30412,45.53885,4004.0424,1.72861,32.1059,8.970875686839896,3.341887231292921,0.0
7.34301,6.33282,45.72217,3998.65655,1.77092,32.11083,8.71903462113995,3.2480698079824526,0.0
7.38832,6.3615,45.90938,3993.40066,1.80776,32.11579,8.4701438729641,3.155351455577235,0.0
7.43357,6.39014,46.09991,3988.2742,1.83919,32.12076,8.225020366441612,3.0640364998099887,0.0
7.47875,6.41875,46.2932,3983.27623,1.8653,32.12576,7.984381429625088,2.9743921642543447,0.0
7.52388,6.44733,46.48869,3978.40541,1.88617,32.13078,7.748848641790489,2.886650003545333,0.0
7.56894,6.47589,46.68586,3973.66005,1.90191,32.13583,7.518952606955042,2.801007681640403,0.0
7.61395,6.50441,46.88416,3969.03815,1.91264,32.14091,7.295138422067313,2.717631008864101,0.0
7.6589,6.53291,47.0831,3964.53746,1.91848,32.14601,7.077771630188079,2.636656159624583,0.0
7.7038,6.56138,47.28217,3960.15552,1.91958,32.15114,6.867144473167285,2.5581920017002995,0.0
7.74865,6.58983,47.48089,3955.88967,1.91606,32.15629,6.663482283425216,2.4823224773466595,0.0
7.79344,6.61825,47.67882,3951.73713,1.90809,32.16148,6.466949879390536,2.4091089857649743,0.0
7.83818,6.64666,47.87548,3947.69499,1.8958,32.1667,6.277657853126264,2.338592725408571,0.0
7.88288,6.67503,48.07047,3943.76025,1.87935,32.17195,6.095668661012075,2.2707969629222036,0.0
7.92752,6.70339,48.26335,3939.92986,1.8589,32.17723,5.921002448772111,2.2057292031181817,0.0
7.97212,6.73173,48.45375,3936.20072,1.83459,32.18254,5.753642560274404,2.1433832411490985,0.0
8.01668,6.76005,48.64127,3932.56972,1.80659,32.18789,5.593540695362543,2.083741083935837,0.0
8.06119,6.78835,48.82556,3929.03373,1.77506,32.19327,5.440621695539848,2.0267747329608445,0.0
8.10566,6.81663,49.00627,3925.58965,1.74013,32.19869,5.294787947648798,1.9724478247545878,0.0
8.15009,6.84489,49.18307,3922.23438,1.70197,32.20414,5.155923404959718,1.9207171288568894,0.0
8.19448,6.87314,49.35565,3918.96486,1.66071,32.20963,5.023897232499496,1.8715339057977907,0.0
8.23883,6.90137,49.5237,3915.77808,1.61652,32.21515,4.898567089196833,1.8248451297830133,0.0
8.28314,6.92958,49.68695,3912.67105,1.56953,32.22072,4.779782063685258,1.7805945823578295,0.0
8.32741,6.95778,49.84512,3909.64086,1.51988,32.22632,4.667385283669193,1.738723824464578,0.0
8.37164,6.98597,49.99796,3906.68463,1.4677,32.23196,4.561216220733853,1.6991730550449955,0.0
8.41584,7.01414,50.14523,3903.79954,1.41315,32.23764,4.46111271360912,1.661881864759242,0.0
8.46001,7.0423,50.28671,3900.98284,1.35633,32.24336,4.366912733308462,1.626789893546596,0.0
8.50414,7.07045,50.42217,3898.23183,1.29739,32.24911,4.278455913434207,1.5938374007044303,0.0
8.54824,7.09859,50.55143,3895.54386,1.23645,32.25491,4.1955848683630945,1.5629657559470151,0.0
8.5923,7.12671,50.67429,3892.91634,1.17362,32.26075,4.118146321134472,1.5341178595735485,0.0
8.63633,7.15483,50.79058,3890.34675,1.10903,32.26663,4.045992061746245,1.5072384994586105,0.0
8.68033,7.18293,50.90013,3887.83259,1.0428,32.27255,3.9789797552649966,1.4822746520944454,0.0
8.7243,7.21102,51.0028,3885.37143,0.97502,32.27851,3.9169736177974217,1.459175734408108,0.0
8.76824,7.23911,51.09844,3882.96089,0.90582,32.28452,3.8598449769347556,1.4378938125417577,0.0
8.81215,7.26718,51.18691,3880.59862,0.8353,32.29056,3.8074727318529864,1.4183837732520974,0.0
8.85603,7.29525,51.26811,3878.28232,0.76356,32.29665,3.7597437268356084,1.4006034630574213,0.0
8.89989,7.32331,51.34193,3876.00971,0.69071,32.30278,3.716553050610736,1.3845137997485704,0.0
8.94371,7.35136,51.40826,3873.77855,0.61685,32.30896,3.677804272583288,1.370078860391636,0.0
8.98751,7.3794,51.46701,3871.58663,0.54207,32.31518,3.6434096257776063,1.357265949478897,0.0
9.03128,7.40744,51.51812,3869.43176,0.46647,32.32144,3.61329014512967,1.3460456504463094,0.0
9.07502,7.43546,51.5615,3867.31176,0.39015,32.32774,3.587375768646213,1.3363918633579401,0.0
9.11873,7.46348,51.5971,3865.22447,0.3132,32.33409,3.565605407908611,1.328281831170518,0.0
9.16242,7.4915,51.62487,3863.16773,0.23572,32.34048,3.5479269934060302,1.3216961566212264,0.0
9.20608,7.51951,51.64477,3861.1394,0.15778,32.34692,3.5342974992789564,1.316618811445318,0.0
9.24972,7.54751,51.65676,3859.13733,0.07949,32.35339,3.524682951172304,1.3130371393016047,0.0
9.29333,7.5755,51.66082,3857.15936,0.00093,32.35992,3.5190584200905013,1.3109418534833135,0.0
9.33692,7.60349,51.65695,3855.20331,-0.0778,32.36648,3.5174080043525207,1.3103270301958643,0.0
9.38048,7.63148,51.64512,3853.26701,-0.15662,32.37309,3.5197248010087003,1.31119009790888,0.0
9.42401,7.65946,51.62535,3851.34824,-0.23544,32.37975,3.5260108673609523,1.3135318230214539,0.0
9.46752,7.68743,51.59765,3849.44478,-0.31417,32.38645,3.536277172483446,1.3173562918023274,0.0
9.51101,7.7154,51.56204,3847.55437,-0.39272,32.39319,3.550543537981951,1.322670888321188,0.0
9.55447,7.74337,51.51854,3845.6747,-0.47099,32.39997,3.568838566488841,1.3294862678111758,0.0
9.59791,7.77132,51.46721,3843.80343,-0.54891,32.4068,3.5911995556882172,1.3378163246409787,0.0
9.64132,7.79928,51.40809,3841.93817,-0.62637,32.41368,3.6176723949313585,1.3476781538013702,0.0
9.68471,7.82723,51.34123,3840.07649,-0.70328,32.42059,3.6483114407467285,1.3590920045294088,0.0
9.72807,7.85517,51.26671,3838.2159,-0.77955,32.42755,3.683179366762748,1.3720812244007246,0.0
9.77141,7.88311,51.1846,3836.35383,-0.85508,32.43455,3.722346982750609,1.3866721919182026,0.0
9.81472,7.91105,51.09499,3834.48767,-0.92978,32.4416,3.7658930166258378,1.4028942353018334,0.0
9.85801,7.93898,50.99797,3832.61472,-1.00354,32.44869,3.8139038523699984,1.420779534857649,0.0
9.90127,7.9669,50.89365,3830.73221,-1.07627,32.45582,3.8664732158943442,1.440363005953668,0.0
9.94451,7.99482,50.78215,3828.8373,-1.14786,32.46299,3.9237017999086827,1.4616821592736784,0.0
9.98772,8.02274,50.66359,3826.92704,-1.2182,32.47021,3.9856968178621233,1.4847769346484285,0.0
10.03091,8.05065,50.53811,3824.99843,-1.28719,32.47747,4.052571476014906,1.509689504388495,0.0
10.07407,8.07856,50.40587,3823.04834,-1.35471,32.48477,4.124444351683709,1.5364640416642967,0.0
10.11721,8.10646,50.26702,3821.07356,-1.42065,32.49211,4.201438664719229,1.5651464491123273,0.0
10.16032,8.13435,50.12173,3819.07078,-1.48489,32.49949,4.283681428302043,1.5957840424842702,0.0
10.2034,8.16224,49.97018,3817.03659,-1.54732,32.50691,4.371302464283323,1.6284251838355048,0.0
10.24646,8.19013,49.81259,3814.96748,-1.60781,32.51437,4.46443326753719,1.6631188584664802,0.0
10.28949,8.218,49.64914,3812.85983,-1.66623,32.52187,4.563205703196094,1.699914189608614,0.0
10.33249,8.24588,49.48006,3810.7099,-1.72246,32.52941,4.667750520287498,1.7388598847148506,0.0
10.37547,8.27374,49.30559,3808.51387,-1.77636,32.53699,4.778195665240117,1.7800036071963594,0.0
10.41841,8.3016,49.12597,3806.26781,-1.8278,32.54461,4.894664379043405,1.823391267564377,0.0
10.46133,8.32945,48.94147,3803.96767,-1.87665,32.55226,5.017273062656708,1.869066228238954,0.0
10.50421,8.3573,48.75235,3801.60932,-1.92275,32.55995,5.146128896659318,1.9170684168059675,0.0
10.54707,8.38514,48.55891,3799.18853,-1.96598,32.56768,5.2813272032063105,1.9674333432762592,0.0
10.58989,8.41296,48.36145,3796.701,-2.00617,32.57544,5.42294854126867,2.0201910179861557,0.0
10.63268,8.44078,48.16028,3794.14232,-2.04319,32.58324,5.571055529975863,2.0753647682089906,0.0
10.67544,8.4686,47.95575,3791.50804,-2.07689,32.59107,5.725689399807555,2.1329699533832804,0.0
10.71817,8.4964,47.74818,3788.79366,-2.10712,32.59894,5.8868662774659635,2.1930125811299193,0.0
10.76086,8.52419,47.53795,3785.99461,-2.13373,32.60684,6.054573217679866,2.2554878289947653,0.0
10.80352,8.55197,47.32543,3783.10633,-2.15656,32.61477,6.2287640039144545,2.3203784801025735,0.0
10.84614,8.57974,47.111,3780.12424,-2.17548,32.62273,6.409354750160508,2.3876532847077345,0.0
10.88872,8.6075,46.89508,3777.0438,-2.19032,32.63072,6.596219347528039,2.457265263930604,0.0
10.93127,8.63525,46.67808,3773.86049,-2.20096,32.63874,6.789184812226946,2.5291499767578918,0.0
10.97377,8.66298,46.46043,3770.56988,-2.20725,32.64679,6.988026605592239,2.603223776628921,0.0
11.01624,8.69071,46.24257,3767.16764,-2.20905,32.65487,7.192464011696564,2.679382089474671,0.0
11.05867,8.71841,46.02496,3763.64959,-2.20623,32.66297,7.402155673597228,2.757497750852348,0.0
11.10105,8.7461,45.80806,3760.01172,-2.19869,32.6711,7.616695404682871,2.837419445561807,0.0
11.14339,8.77378,45.59236,3756.25024,-2.18629,32.67925,7.8356084064632014,2.9189702986727153,0.0
11.18568,8.80143,45.37834,3752.36161,-2.16895,32.68743,8.058348037624848,3.001946671912841,0.0
11.22793,8.82908,45.16649,3748.34259,-2.14658,32.69563,8.284293290289252,3.0861172235077223,0.0
11.27013,8.8567,44.95731,3744.19031,-2.11911,32.70385,8.51274713735675,3.171222292522847,0.0
11.31228,8.8843,44.75131,3739.90226,-2.08647,32.71209,8.742935918298162,3.256973670054863,0.0
11.35438,8.91188,44.549,3735.47641,-2.04862,32.72034,8.97400992886745,3.343054818915056,0.0
11.39642,8.93944,44.35088,3730.91118,-2.00556,32.72862,9.205045371711229,3.429121600282719,0.0
11.43842,8.96698,44.15746,3726.20554,-1.95727,32.73691,9.435047809106905,3.5148035599409546,0.0
11.48035,8.9945,43.96925,3721.35905,-1.90379,32.74521,9.662957235035833,3.5997058177573793,0.0
11.52224,9.02199,43.78674,3716.37188,-1.84517,32.75353,9.887654851402978,3.683411592004245,0.0
11.56406,9.04945,43.61042,3711.24483,-1.78147,32.76186,10.10797159229389,3.7654853748684434,0.0
11.60582,9.07689,43.44078,3705.97942,-1.7128,32.7702,10.32269839137681,3.8454767573289432,0.0
11.64753,9.1043,43.27826,3700.57788,-1.6393,32.77856,10.530598131849064,3.9229248808262467,0.0
11.68916,9.13168,43.12333,3695.04315,-1.56113,32.78692,10.730419157593362,3.99736347052361,0.0
11.73074,9.15904,42.97641,3689.37894,-1.47846,32.79529,10.920910160494305,4.068326381224148,0.0
11.77225,9.18636,42.83789,3683.58968,-1.39153,32.80366,11.100836195189737,4.135353563287089,0.0
11.81369,9.21365,42.70817,3677.68058,-1.30057,32.81205,11.268995511862878,4.197997333285743,0.0
11.85506,9.24091,42.58758,3671.65753,-1.20587,32.82043,11.424236843714736,4.255828814045831,0.0
11.89637,9.26814,42.47646,3665.52714,-1.10772,32.82882,11.565476741693152,4.308444392288166,0.0
11.9376,9.29533,42.37509,3659.29669,-1.00646,32.83722,11.691716518247462,4.355472030623074,0.0
11.97876,9.32248,42.28371,3652.97407,-0.90243,32.84561,11.802058347092014,4.396577265135917,0.0
12.01984,9.3496,42.20255,3646.56772,-0.79601,32.85401,11.895720069029618,4.4314687209458965,0.0
12.06085,9.37669,42.13178,3640.0866,-0.68758,32.86241,11.972048275965758,4.4599029863456,0.0
12.10179,9.40374,42.07154,3633.54008,-0.57757,32.8708,12.030529286127527,4.481688701358845,0.0
12.14264,9.43074,42.02193,3626.9379,-0.46638,32.8792,12.070797682164809,4.496689738407999,0.0
12.18337,9.45779,41.97832,3620.30104,-0.45295,33.10397,12.10066557475926,4.507816314270983,48.99999916415011
12.22393,9.48496,41.93607,3613.64474,-0.43921,33.3297,12.12805295606205,4.5180188344116425,48.99999916415011
12.2643,9.51225,41.89522,3606.97031,-0.42519,33.55634,12.152921109762165,4.527282875985439,48.99999916415011
12.30449,9.53965,41.85578,3600.27912,-0.41093,33.78387,12.175228546632136,4.535592983163491,48.99999916415011
12.3445,9.56717,41.81776,3593.57254,-0.39646,34.01223,12.194942092309294,4.542936797622837,48.99999916415011
12.38433,9.5948,41.78119,3586.85198,-0.38184,34.24138,12.21203704270305,4.549305116439728,48.99999916415011
12.42398,9.62255,41.74605,3580.11889,-0.3671,34.47128,12.226497273372786,4.5546919328357705,48.99999916415011
12.46344,9.65041,41.71237,3573.3747,-0.35228,34.70189,12.238315301942185,4.559094459428918,48.99999916415011
12.50272,9.67839,41.68014,3566.62088,-0.33743,34.93315,12.247492303107599,4.562513133824467,48.99999916415011
12.54181,9.70649,41.64936,3559.8589,-0.32257,35.16503,12.254038076268769,4.564951606556661,48.99999916415011
12.58072,9.73469,41.62001,3553.09023,-0.30777,35.39748,12.257970966268049,4.566416711561956,48.99999916415011
12.61945,9.76301,41.5921,3546.31634,-0.29305,35.63045,12.259317738219922,4.566918419549732,48.99999916415011
12.65798,9.79144,41.56559,3539.5387,-0.27846,35.86389,12.258113407842266,4.566469774796216,48.99999916415011
12.69633,9.81998,41.54048,3532.75875,-0.26405,36.09777,12.254401029100281,4.5650868160362625,48.99999916415011
12.7345,9.84863,41.51674,3525.97793,-0.24984,36.33204,12.248231441413314,4.5627884822912455,48.99999916415011
12.77247,9.87738,41.49435,3519.19766,-0.23588,36.56666,12.2396629789965,4.559596504591167,48.99999916415011
12.81026,9.90625,41.47327,3512.41932,-0.22221,36.80157,12.228761145228244,4.555535284667982,48.99999916415011
12.84786,9.93522,41.45347,3505.64429,-0.20886,37.03675,12.21559825522639,4.550631761805811,48.99999916415011
12.88527,9.9643,41.43492,3498.87388,-0.19587,37.27215,12.200253050003253,4.544915269103544,48.99999916415011
12.92249,9.99349,41.41757,3492.10939,-0.18329,37.50773,12.182810285792646,4.5384173804883465,48.99999916415011
12.95953,10.02278,41.40139,3485.35207,-0.17113,37.74345,12.163360302208261,4.531171749843294,48.99999916415011
12.99637,10.05217,41.38633,3478.60314,-0.15944,37.97928,12.141998573037172,4.523213943666141,48.99999916415011
13.03303,10.08167,41.37233,3471.86375,-0.14825,38.21518,12.118825243422064,4.5145812686575155,48.99999916415011
13.06949,10.11126,41.35936,3465.13501,-0.13759,38.45112,12.093944657222572,4.505312595650583,48.99999916415011
13.10577,10.14096,41.34735,3458.418,-0.12748,38.68706,12.067464878269705,4.495448181265724,48.99999916415011
13.14185,10.17076,41.33626,3451.71371,-0.11795,38.92298,12.039497209056481,4.485029488610134,48.99999916415011
13.17775,10.20066,41.32602,3445.02309,-0.10903,39.15884,12.010155710379609,4.474099008331705,48.99999916415011
13.21346,10.23065,41.31657,3438.34705,-0.10074,39.39462,11.979556725141283,4.462700081222672,48.99999916415011
13.24898,10.26074,41.30786,3431.6864,-0.0931,39.6303,11.947818409388272,4.450876723519329,48.99999916415011
13.28431,10.29093,41.29982,3425.04193,-0.08614,39.86586,11.915060273431818,4.438673455957119,48.99999916415011
13.31945,10.32121,41.29239,3418.41434,-0.07986,40.10127,11.881402735553316,4.426135137514257,48.99999916415011
13.3544,10.35159,41.2855,3411.80428,-0.0743,40.33652,11.846966690681926,4.413306804732794,48.99999916415011
13.38916,10.38205,41.2791,3405.21232,-0.06945,40.57158,11.81187309596702,4.400233517333442,48.99999916415011
13.42373,10.41261,41.2731,3398.639,-0.06533,40.80646,11.776242575062126,4.386960210800941,48.99999916415011
13.45812,10.44326,41.26745,3392.08476,-0.06196,41.04113,11.740195042512873,4.373531556458681,48.99999916415011
13.49232,10.474,41.26207,3385.54998,-0.05934,41.27558,11.703849349434535,4.35999182947426,48.99999916415011
13.52632,10.50483,41.2569,3379.03501,-0.05748,41.50982,11.667322951371961,4.346384785128578,48.99999916415011
13.56014,10.53574,41.25188,3372.54009,-0.05637,41.74382,11.630731598944848,4.332753543573052,48.99999916415011
13.59378,10.56675,41.24693,3366.06543,-0.05603,41.9776,11.594189051661417,4.319140483217687,48.99999916415011
13.62722,10.59783,41.24198,3359.61116,-0.05646,42.21116,11.55780681500078,4.305587142787341,48.99999916415011
13.66048,10.629,41.23697,3353.17735,-0.05765,42.44448,11.52169390069995,4.29213413202232,48.99999916415011
13.69355,10.66026,41.23184,3346.76402,-0.0596,42.67758,11.485956609903969,4.278821050896106,48.99999916415011
13.72644,10.6916,41.22651,3340.37112,-0.0623,42.91046,11.450698338702544,4.265686417172626,48.99999916415011
13.75914,10.72302,41.22092,3333.99855,-0.06575,43.14314,11.416019405415803,4.252767602065665,48.99999916415011
13.79165,10.75452,41.21501,3327.64614,-0.06995,43.37561,11.382016898779838,4.240100773683975,48.99999916415011
13.82397,10.7861,41.20871,3321.31368,-0.07487,43.60789,11.348784546145538,4.227720847931875,48.99999916415011
13.85611,10.81776,41.20197,3315.0009,-0.08051,43.84,11.316412600635589,4.21566144647227,48.99999916415011
13.88807,10.84949,41.19472,3308.70746,-0.08686,44.07195,11.28498774612731,4.203954861330252,48.99999916415011
13.91984,10.88131,41.1869,3302.433,-0.09389,44.30376,11.2545930188938,4.192632025702364,48.99999916415011
13.95142,10.9132,41.17846,3296.17708,-0.1016,44.53544,11.225307744648596,4.181722490504085,48.99999916415011
13.98282,10.94516,41.16935,3289.93925,-0.10997,44.76702,11.197207489711335,4.171254406177751,48.99999916415011
14.01404,10.9772,41.1595,3283.71897,-0.11898,44.99852,11.170364025025657,4.161254509288272,48.99999916415011
14.04507,11.00931,41.14887,3277.51569,-0.1286,45.22996,11.144845301717277,4.151748113417881,48.99999916415011
14.07591,11.04149,41.13742,3271.3288,-0.13882,45.46137,11.120715436914479,4.1427591038838845,48.99999916415011
14.10657,11.07375,41.12508,3265.15766,-0.14961,45.69278,11.098034708567036,4.1343099358085835,48.99999916415011
14.13705,11.10608,41.11183,3259.00159,-0.16095,45.9242,11.07685955803283,4.126421635082849,48.99999916415011
14.16734,11.13847,41.0976,3252.85986,-0.17281,46.15568,11.057242599245896,4.1191138017814675,48.99999916415011
14.19745,11.17094,41.08238,3246.73172,-0.18517,46.38724,11.039232633320601,4.112404615603571,48.99999916415011
14.22738,11.20347,41.06611,3240.61638,-0.198,46.61892,11.022874667540682,4.106310842946569,48.99999916415011
14.25712,11.23607,41.04877,3234.51302,-0.21128,46.85074,11.00820993766747,4.100847845216532,48.99999916415011
14.28668,11.26874,41.03032,3228.4208,-0.22497,47.08274,10.995275932687866,4.096029588047476,48.99999916415011
14.31605,11.30147,41.01073,3222.33884,-0.23905,47.31496,10.984106421062915,4.091868651079644,48.99999916415011
14.34524,11.33427,40.98998,3216.26624,-0.25348,47.54743,10.974731477725381,4.088376238016807,48.99999916415011
14.37424,11.36714,40.96804,3210.20208,-0.26823,47.78018,10.967177511106758,4.085562186694547,48.99999916415011
14.40307,11.40006,40.94489,3204.14541,-0.28328,48.01326,10.96146728953723,4.0834349789149265,48.99999916415011
14.4317,11.43305,40.92051,3198.09526,-0.2986,48.24671,10.957619966514448,4.082001749859778,48.99999916415011
14.46016,11.4661,40.89488,3192.05065,-0.31414,48.48055,10.955651104324165,4.081268296890016,48.99999916415011
14.48843,11.49922,40.868,3186.01059,-0.32987,48.71483,10.955572695675702,4.081239087605408,48.99999916415011
14.51651,11.53239,40.83985,3179.97406,-0.34578,48.9496,10.957393183061336,4.081917267056463,48.99999916415011
14.54441,11.56562,40.81043,3173.94003,-0.36181,49.18488,10.961117475603439,4.083304664020431,48.99999916415011
14.57212,11.59892,40.77972,3167.90747,-0.37794,49.42072,10.966746963302883,4.08540179630921,48.99999916415011
14.59965,11.63227,40.74774,3161.87534,-0.39413,49.65717,10.974279528649268,4.08820787509446,48.99999916415011
14.62699,11.66568,40.71447,3155.84259,-0.41035,49.89425,10.983709555622093,4.0917208082607806,48.99999916415011
14.65415,11.69914,40.67993,3149.80815,-0.42657,50.13202,10.995027936252827,4.095937202850245,48.99999916415011
14.68112,11.73266,40.64413,3143.77099,-0.44275,50.37052,11.008222074943124,4.100852366671064,48.99999916415011
14.70791,11.76624,40.60706,3137.73002,-0.45886,50.60977,11.023275890833329,4.106460309179899,48.99999916415011
14.7345,11.79987,40.56874,3131.68421,-0.47487,50.84984,11.040169818604076,4.112753741780495,48.99999916415011
14.76091,11.83356,40.5292,3125.6325,-0.49073,51.09075,11.058880808165942,4.119724077708054,48.99999916415011
14.78713,11.8673,40.48844,3119.57383,-0.50643,51.33255,11.07938232374778,4.127361431689629,48.99999916415011
14.81316,11.9011,40.44649,3113.50718,-0.52192,51.57528,11.101644342990502,4.135654619606522,48.99999916415011
14.839,11.93494,40.40336,3107.43151,-0.53718,51.81897,11.125633356690367,4.14459115839866,48.99999916415011
14.86466,11.96884,40.35909,3101.34581,-0.55217,52.06368,11.151312369933514,4.154157266487235,48.99999916415011
14.89012,12.00279,40.31371,3095.24905,-0.56686,52.30943,11.178640905388184,4.1643378650011424,48.99999916415011
14.91539,12.03678,40.26724,3089.14027,-0.58122,52.55627,11.207575009582369,4.175116580115576,48.99999916415011
14.94047,12.07083,40.21971,3083.01849,-0.59522,52.80424,11.238067263073011,4.1864757468403155,48.99999916415011
14.96536,12.10492,40.17117,3076.88275,-0.60884,53.05336,11.270066795387747,4.198396414585922,48.99999916415011
14.99005,12.13907,40.12164,3070.73213,-0.62203,53.30368,11.30351930571364,4.2108583548708385,48.99999916415011
15.01455,12.17326,40.07117,3064.56572,-0.63479,53.55524,11.33836709031989,4.223840071537062,48.99999916415011
15.03886,12.2075,40.0198,3058.38264,-0.64707,53.80807,11.374549077676177,4.237318813832662,48.99999916415011
15.06297,12.24178,39.96757,3052.18205,-0.65886,54.06219,11.41200087228983,4.25127059274227,48.99999916415011
15.08688,12.2761,39.91452,3045.96311,-0.67013,54.31765,11.450654808262904,4.265670200938506,48.99999916415011
15.1106,12.31048,39.86071,3039.72506,-0.68085,54.57448,11.490440013512778,4.280491236705835,48.99999916415011
15.13412,12.34489,39.80618,3033.46713,-0.69101,54.8327,11.531282485663548,4.295706132212115,48.99999916415011
15.15744,12.37935,39.75097,3027.1886,-0.70059,55.09235,11.57310518047487,4.31128618645066,48.99999916415011
15.18056,12.41385,39.69515,3020.88881,-0.70956,55.35345,11.615828113704957,4.327201603186895,48.99999916415011
15.20349,12.44839,39.63876,3014.56712,-0.7179,55.61603,11.6593684771856,4.343421534199345,48.99999916415011
15.22621,12.48297,39.58186,3008.22292,-0.72561,55.8801,11.70364076984137,4.359914128087746,48.99999916415011
15.24873,12.51759,39.52449,3001.85568,-0.73266,56.14571,11.748556944260987,4.376646584874729,48.99999916415011
15.27104,12.55224,39.46672,2995.4649,-0.73904,56.41285,11.794026569370025,4.393585216605685,48.99999916415011
15.29315,12.58694,39.4086,2989.05011,-0.74474,56.68156,11.839957009564863,4.410695514080876,48.99999916415011
15.31506,12.62167,39.35019,2982.61091,-0.74975,56.95185,11.886253620614653,4.4279422198340725,48.99999916415011
15.33676,12.65644,39.29153,2976.14694,-0.75406,57.22374,11.932819962411772,4.445289407387691,48.99999916415011
15.35826,12.69124,39.2327,2969.65792,-0.75767,57.49724,11.97955802855654,4.462700566779149,48.99999916415011
15.37955,12.72607,39.17375,2963.14358,-0.76057,57.77235,12.026368492561787,4.480138696278539,48.99999916415011
15.40063,12.76094,39.11472,2956.60373,-0.76275,58.0491,12.073150970300727,4.497566400157366,48.99999916415011
15.4215,12.79584,39.05569,2950.03825,-0.76422,58.32748,12.119804298112658,4.514945992290242,48.99999916415011
15.44216,12.83077,38.9967,2943.44704,-0.76498,58.60751,12.166226825817649,4.532239605310566,48.99999916415011
15.46261,12.86574,38.93781,2936.83008,-0.76503,58.88918,12.212316723706394,4.549409304972324,48.99999916415011
15.48285,12.90073,38.87908,2930.18741,-0.76437,59.1725,12.257972302334066,4.566417209281702,48.99999916415011
15.50287,12.93574,38.82056,2923.51912,-0.76301,59.45746,12.303092343793127,4.583225611904941,48.99999916415011
15.52268,12.97079,38.76231,2916.82537,-0.76097,59.74406,12.347576442932604,4.599797109281488,48.99999916415011
15.54228,13.00586,38.70436,2910.10635,-0.75824,60.0323,12.391325356854267,4.616094730820511,48.99999916415011
15.56166,13.04096,38.64679,2903.36235,-0.75485,60.32216,12.434241360764105,4.632082071464946,48.99999916415011
15.58083,13.07607,38.58963,2896.59367,-0.75081,60.61363,12.476228608191148,4.647723425882489,48.99999916415011
15.59978,13.11121,38.53294,2889.80071,-0.74613,60.90671,12.5171934933738,4.662983923464028,48.99999916415011
15.61851,13.14638,38.47675,2882.98391,-0.74083,61.20138,12.557045013559076,4.677829663289644,48.99999916415011
15.63702,13.18156,38.42112,2876.14374,-0.73494,61.49762,12.595695128790753,4.692227848159179,48.99999916415011
15.65531,13.21676,38.36609,2869.28077,-0.72847,61.79541,12.633059116753588,4.706146916781026,48.99999916415011
15.67338,13.25198,38.3117,2862.39559,-0.72145,62.09473,12.669055920145473,4.719556673177402,48.99999916415011
15.69123,13.28721,38.25798,2855.48885,-0.71391,62.39556,12.703608484033468,4.732428412358352,48.99999916415011
15.70886,13.32246,38.20498,2848.56124,-0.70586,62.69788,12.736644080705904,4.744735041337696,48.99999916415011
15.72627,13.35772,38.15272,2841.61352,-0.69735,63.00165,12.768094619473588,4.756451194542136,48.99999916415011
15.74346,13.393,38.10123,2834.64646,-0.6884,63.30685,12.79789693906663,4.7675533427367665,48.99999916415011
15.76042,13.42829,38.05055,2827.66089,-0.67904,63.61344,12.825993080247152,4.778019894580476,48.99999916415011
15.77716,13.46358,38.00071,2820.6577,-0.6693,63.9214,12.852330536467559,4.7878312900027575,48.99999916415011
15.79367,13.49889,37.95171,2813.63777,-0.65922,64.2307,12.876862480549688,4.796970084647648,48.99999916415011
15.80996,13.5342,37.9036,2806.60206,-0.64884,64.54129,12.89954796549774,4.805421024681828,48.99999916415011
15.82603,13.56952,37.85637,2799.55152,-0.63819,64.85315,12.92035209781458,4.813171111359517,48.99999916415011
15.84187,13.60484,37.81005,2792.48715,-0.62731,65.16624,12.939246181901042,4.820209654814996,48.99999916415011
15.85748,13.64017,37.76466,2785.40998,-0.61623,65.48051,12.956207834359514,4.826528316643713,48.99999916415011
15.87287,13.6755,37.72019,2778.32104,-0.60499,65.79593,12.971221067301276,4.832121140936451,48.99999916415011
15.88803,13.71083,37.67665,2771.22139,-0.59364,66.11247,12.984276339998704,4.836984573521142,48.99999916415011
15.90296,13.74615,37.63405,2764.1121,-0.58221,66.43007,12.99537057857077,4.841117469296221,48.99999916415011
15.91767,13.78148,37.59239,2756.99425,-0.57074,66.74871,13.00450716359066,4.84452108761415,48.99999916415011
15.93215,13.8168,37.55166,2749.86893,-0.55927,67.06833,13.01169588586372,4.8471990758075325,48.99999916415011
15.94641,13.85211,37.51186,2742.73722,-0.54784,67.38891,13.016952870854105,4.8491574410360485,48.99999916415011
15.96044,13.88742,37.47298,2735.60022,-0.5365,67.7104,13.02030047255001,4.850404510748477,48.99999916415011
15.97424,13.92272,37.43501,2728.45901,-0.52527,68.03276,13.02176713778304,4.850950882138065,48.99999916415011
15.98781,13.95801,37.39794,2721.31467,-0.51421,68.35594,13.0213872422776,4.850809361066635,48.99999916415011
16.00116,13.99329,37.36174,2714.16826,-0.50334,68.67992,13.019200899941103,4.849994891020161,48.99999916415011
16.01428,14.02856,37.3264,2707.02083,-0.49271,69.00465,13.015253747081449,4.848524472724098,48.99999916415011
16.02717,14.06382,37.2919,2699.87343,-0.48236,69.33009,13.009596703443698,4.84641707512326,48.99999916415011
16.03984,14.09906,37.2582,2692.72706,-0.47231,69.65621,13.00228571210495,4.843693538485817,48.99999916415011
16.05228,14.13428,37.2253,2685.58271,-0.46261,69.98296,12.993381460376147,4.840376470431875,48.99999916415011
16.0645,14.16948,37.19314,2678.44136,-0.45329,70.31032,12.982949083983595,4.836490135733307,48.99999916415011
16.07649,14.20467,37.16172,2671.30393,-0.44438,70.63825,12.97105785684193,4.832060340746021,48.99999916415011
16.08825,14.23983,37.13098,2664.17133,-0.43592,70.96672,12.957780868803543,4.827114313363141,48.99999916415011
16.09979,14.27497,37.1009,2657.04443,-0.42793,71.2957,12.943194693772414,4.8216805793786826,48.99999916415011
16.11111,14.31009,37.07143,2649.92406,-0.42045,71.62515,12.927379050510597,4.815788836129037,48.99999916415011
16.1222,14.34519,37.04255,2642.81102,-0.4135,71.95505,12.910416458526209,4.809469824302195,48.99999916415011
16.13307,14.38025,37.0142,2635.70607,-0.40711,72.28538,12.892391891262754,4.802755198741651,48.99999916415011
16.14371,14.41529,36.98635,2628.60991,-0.40131,72.6161,12.873392428785015,4.795677399062749,48.99999916415011
16.15413,14.4503,36.95895,2621.52323,-0.39611,72.9472,12.853506912046427,4.78826952085819,48.99999916415011
16.16433,14.48528,36.93196,2614.44664,-0.39154,73.27865,12.832825600685679,4.78056518821826,48.99999916415011
16.17431,14.52023,36.90534,2607.38073,-0.38761,73.61045,12.811439836175321,4.772598428244823,48.99999916415011
16.18407,14.55514,36.87903,2600.32604,-0.38435,73.94256,12.789441712000125,4.76440354818408,48.99999916415011
16.1936,14.59002,36.85299,2593.28304,-0.38176,74.27498,12.766923752371309,4.756015015739171,48.99999916415011
16.20292,14.62487,36.82718,2586.25219,-0.37987,74.6077,12.74397860084554,4.747467343072551,48.99999916415011
16.21202,14.65967,36.80154,2579.23386,-0.37869,74.9407,12.72069872001847,4.7387949749339375,48.99999916415011
16.2209,14.69444,36.77602,2572.2284,-0.37822,75.27397,12.697176103330433,4.730032181300349,48.99999916415011
16.22956,14.72917,36.75058,2565.2361,-0.37847,75.60752,12.67350199979996,4.721212954832096,48.99999916415011
16.238,14.76386,36.72517,2558.25722,-0.37944,75.94134,12.649766652426855,4.712370913421039,48.99999916415011
16.24623,14.79851,36.69974,2551.29193,-0.38115,76.27542,12.626059050731179,4.703539208004856,48.99999916415011
16.25424,14.83311,36.67424,2544.34039,-0.38359,76.60977,12.602466697816729,4.694750435792059,48.99999916415011
16.26203,14.86767,36.64862,2537.4027,-0.38677,76.94439,12.57907539220836,4.686036558990649,48.99999916415011
16.26961,14.90218,36.62284,2530.4789,-0.39067,77.27929,12.555969024505872,4.67742882905635,48.99999916415011
16.27698,14.93664,36.59684,2523.569,-0.39531,77.61448,12.533229388842845,4.668957716456049,48.99999916415011
16.28413,14.97106,36.57059,2516.67296,-0.40066,77.94995,12.510936008968104,4.660652845878579,48.99999916415011
16.29107,15.00542,36.54403,2509.79068,-0.40673,78.28574,12.489165978718672,4.6525429368066975,48.99999916415011
16.2978,15.03974,36.51713,2502.92204,-0.41351,78.62184,12.467993816472124,4.644655749296742,48.99999916415011
16.30432,15.074,36.48983,2496.06686,-0.42098,78.95828,12.447491333196865,4.637018034823907,48.99999916415011
16.31063,15.10821,36.46209,2489.22492,-0.42913,79.29508,12.427727513552943,4.629655491989154,48.99999916415011
16.31672,15.14236,36.43388,2482.39595,-0.43795,79.63225,12.408768409474257,4.622592726875793,48.99999916415011
16.32261,15.17646,36.40516,2475.57967,-0.44742,79.96981,12.390677045637323,4.615853217834105,48.99999916415011
16.32829,15.2105,36.37588,2468.77573,-0.45752,80.3078,12.373513336153128,4.609459284446865,48.99999916415011
16.33376,15.24449,36.346,2461.98375,-0.46824,80.64623,12.357334011809556,4.6034320604252414,48.99999916415011
16.33902,15.27841,36.3155,2455.20333,-0.47956,80.98513,12.342192557175816,4.597791470178524,48.99999916415011
16.34408,15.31227,36.28434,2448.43402,-0.49145,81.32454,12.328139156881148,4.592556208801545,48.99999916415011
16.34893,15.34607,36.25249,2441.67535,-0.50389,81.66447,12.315220650361411,4.587743725216579,48.99999916415011
16.35358,15.37981,36.21991,2434.92679,-0.51686,82.00497,12.3034804944259,4.583370208228509,48.99999916415011
16.35802,15.41348,36.18659,2428.18782,-0.53032,82.34607,12.292958732961893,4.57945057523896,48.99999916415011
16.36225,15.44709,36.15248,2421.45786,-0.54427,82.6878,12.2836919731529,4.575998463386985,48.99999916415011
16.36628,15.48063,36.11757,2414.73633,-0.55866,83.0302,12.275713367638023,4.573026222902947,48.99999916415011
16.37011,15.51411,36.08184,2408.0226,-0.57347,83.3733,12.269052602028543,4.570544912458125,48.99999916415011
16.37374,15.54751,36.04526,2401.31603,-0.58867,83.71714,12.263735887270634,4.568564296319619,48.99999916415011
16.37716,15.58085,36.00782,2394.61597,-0.60423,84.06177,12.259785956403846,4.567092843142806,48.99999916415011
16.38038,15.61411,35.9695,2387.92172,-0.62012,84.40722,12.257222065294606,4.566137726244578,48.99999916415011
16.38341,15.6473,35.93029,2381.2326,-0.6363,84.75354,12.256059996962616,4.565704825215055,48.99999916415011
16.38623,15.68041,35.89016,2374.54788,-0.65276,85.10076,12.256312069224833,4.5657987287651505,48.99999916415011
16.38885,15.71345,35.84913,2367.86684,-0.66945,85.44893,12.257987145385115,4.566422738708763,48.99999916415011
16.39127,15.74642,35.80716,2361.18874,-0.68634,85.7981,12.26109064778474,4.5675788750106845,48.99999916415011
16.39349,15.7793,35.76427,2354.51282,-0.70339,86.14831,12.265624574075993,4.569267881848957,48.99999916415011
16.39551,15.81211,35.72045,2347.83832,-0.72058,86.49959,12.27158751614803,4.571489234665239,48.99999916415011
16.39733,15.84483,35.67569,2341.16448,-0.73788,86.85201,12.278974681674201,4.57424114819176,48.99999916415011
16.39896,15.87748,35.63,2334.49052,-0.75524,87.2056,12.287777918336564,4.577520585475587,48.99999916415011
16.40039,15.91004,35.58338,2327.81567,-0.77263,87.5604,12.297985740798099,4.581323267926483,48.99999916415011
16.40162,15.94252,35.53584,2321.13916,-0.79002,87.91647,12.309583360559465,4.585643686439332,48.99999916415011
16.40265,15.97491,35.48737,2314.4602,-0.80738,88.27386,12.322552718924971,4.59047511367484,48.99999916415011
16.40349,16.00721,35.438,2307.77802,-0.82468,88.63259,12.336872523270085,4.595809617570123,48.99999916415011
16.40413,16.03943,35.38773,2301.09186,-0.84187,88.99273,12.352518286903807,4.601638076188502,48.99999916415011
16.40457,16.07155,35.33658,2294.40094,-0.85893,89.35432,12.369462372867366,4.607950194035661,48.99999916415011
16.40482,16.10359,35.28455,2287.70453,-0.87582,89.7174,12.38767404196175,4.6147345199511705,48.99999916415011
16.40488,16.13553,35.23168,2281.00187,-0.89252,90.08201,12.407119505423355,4.621978466731556,48.99999916415011
16.40473,16.16738,35.17797,2274.29222,-0.909,90.44821,12.427761982629502,4.629668332627109,48.99999916415011
16.4044,16.19913,35.12344,2267.57488,-0.92521,90.81603,12.449561764248955,4.63778932486713,48.99999916415011
16.40387,16.23079,35.06813,2260.84913,-0.94114,91.18552,12.472476281251904,4.646325585367958,48.99999916415011
16.40314,16.26235,35.01205,2254.11429,-0.95675,91.55672,12.496460180229862,4.655260218791608,48.99999916415011
16.40223,16.29381,34.95522,2247.36969,-0.97202,91.92968,12.521465405410375,4.66457532309842,48.99999916415011
16.40111,16.32516,34.89768,2240.61468,-0.98692,92.30442,12.547441287829416,4.6742520227661135,48.99999916415011
16.39981,16.35642,34.83945,2233.84865,-1.00143,92.681,12.574334642003652,4.684270504802752,48.99999916415011
16.39831,16.38757,34.78057,2227.07098,-1.01551,93.05945,12.602089870526871,4.694610057711666,48.99999916415011
16.39662,16.41861,34.72105,2220.28111,-1.02916,93.4398,12.63064907686533,4.705249113510684,48.99999916415011
16.39474,16.44955,34.66094,2213.47848,-1.04233,93.8221,12.659952186701007,4.716165292935696,48.99999916415011
16.39266,16.48038,34.60026,2206.66258,-1.05503,94.20637,12.689937078040838,4.727335453909757,48.99999916415011
16.39039,16.51109,34.53906,2199.83292,-1.06721,94.59266,12.72053972027986,4.738735743347769,48.99999916415011
16.38794,16.5417,34.47736,2192.98903,-1.07888,94.98099,12.751694322367282,4.75034165235225,48.99999916415011
16.38529,16.57219,34.4152,2186.13051,-1.09001,95.3714,12.783333490106717,4.762128074811795,48.99999916415011
16.38245,16.60257,34.35261,2179.25695,-1.10058,95.7639,12.815388392577134,4.77406936939727,48.99999916415011
16.37941,16.63283,34.28963,2172.368,-1.11059,96.15854,12.847788937584909,4.786139424922312,48.99999916415011
16.37619,16.66297,34.22631,2165.46334,-1.12003,96.55532,12.880463955942695,4.798311728992063,48.99999916415011
16.37278,16.69299,34.16266,2158.5427,-1.12888,96.95429,12.913341394289484,4.810559439833708,48.99999916415011
16.36918,16.72288,34.09874,2151.60583,-1.13714,97.35545,12.946348516090499,4.822855461174228,48.99999916415011
16.36539,16.75266,34.03458,2144.65252,-1.14479,97.75883,12.979412110319881,4.835172519980194,48.99999916415011
16.36141,16.78231,33.97021,2137.68261,-1.15185,98.16445,13.012458707264804,4.847483246850475,48.99999916415011
16.35734,16.81184,33.9107,2130.67484,-0.97798,98.17627,13.035921314654914,4.8562236854416465,0.0
16.35328,16.84129,33.8611,2123.61493,-0.80322,98.18806,13.040335871762837,4.857868224118334,0.0
16.34923,16.87063,33.82137,2116.51338,-0.62834,98.19983,13.025853993960435,4.852473343595802,0.0
16.34518,16.89987,33.79144,2109.3807,-0.45408,98.21157,12.992803408239538,4.840161130801521,0.0
16.34114,16.92902,33.77118,2102.22741,-0.2812,98.22329,12.941666859839119,4.821111421038799,0.0
16.33711,16.95806,33.76043,2095.06388,-0.11042,98.23498,12.87307178173993,4.795557949601723,0.0
16.33309,16.987,33.75899,2087.90029,0.05754,98.24665,12.787777634344383,4.763783635472798,0.0
16.32907,17.01585,33.76663,2080.74653,0.222,98.25829,12.686661337322725,4.7261151543023345,0.0
16.32507,17.04459,33.78308,2073.61215,0.3823,98.2699,12.570701254152162,4.682916972227884,0.0
16.32107,17.07323,33.80803,2066.50629,0.53783,98.28148,12.44096020758297,4.634585018688474,0.0
16.31708,17.10177,33.84116,2059.43763,0.688,98.29304,12.298568001460309,4.581540175343356,0.0
16.3131,17.13021,33.8821,2052.41434,0.83227,98.30458,12.144703903145208,4.524221750312904,0.0
16.30912,17.15855,33.93046,2045.44406,0.97015,98.31609,11.980579503948379,4.4630810932392455,0.0
16.30516,17.1868,33.98585,2038.53387,1.1012,98.32757,11.807422325708089,4.398575488305176,0.0
16.3012,17.21494,34.04785,2031.69027,1.225,98.33902,11.62646048378267,4.331162440795337,0.0
16.29725,17.24299,34.11601,2024.91917,1.34121,98.35045,11.438908653798231,4.2612944493404905,0.0
16.29331,17.27094,34.18989,2018.22588,1.44952,98.36185,11.245955524951292,4.189414331942637,0.0
16.28938,17.2988,34.26902,2011.61516,1.54967,98.37323,11.048752859672096,4.1159511504117345,0.0
16.28546,17.32656,34.35293,2005.09117,1.64145,98.38458,10.84840622034539,4.041316755825198,0.0
16.28154,17.35423,34.44116,1998.65753,1.72469,98.39591,10.645967370703458,3.9659029578468754,0.0
16.27763,17.38181,34.53323,1992.3173,1.79927,98.4072,10.442428313492847,3.890079303601015,0.0
16.27372,17.4093,34.62867,1986.07306,1.86511,98.41848,10.238716888152222,3.8141914376914463,0.0
16.26983,17.43671,34.727,1979.9269,1.92216,98.42973,10.035693822378416,3.738560003832348,0.0
16.26594,17.46402,34.82774,1973.88044,1.97041,98.44095,9.834151109759942,3.6634800404740466,0.0
16.26206,17.49125,34.93045,1967.93488,2.00989,98.45215,9.63481157124392,3.5892208174379077,0.0
16.25818,17.51839,35.03465,1962.09103,2.04066,98.46332,9.438329450640543,3.5160260577574194,0.0
16.25432,17.54546,35.1399,1956.34934,2.0628,98.47447,9.245291892421555,3.444114488197007,0.0
16.25045,17.57244,35.24576,1950.70989,2.07643,98.48559,9.056221153022774,3.3736806630204073,0.0
16.2466,17.59934,35.3518,1945.17251,2.08169,98.49669,8.871577403482029,3.3048960080470375,0.0
16.24275,17.62617,35.4576,1939.73669,2.07873,98.50777,8.691761990766102,3.2379100355821016,0.0
16.2389,17.65292,35.56274,1934.40171,2.06774,98.51882,8.517121036626296,3.1728516850849697,0.0
16.23506,17.6796,35.66685,1929.16662,2.0489,98.52985,8.347949265425374,3.109830749135436,0.0
16.23123,17.7062,35.76954,1924.03025,2.02242,98.54085,8.18449396564881,3.0489393492008903,0.0
16.2274,17.73273,35.87043,1918.99126,1.98854,98.55183,8.02695900298425,2.990253430614012,0.0
16.22358,17.75919,35.96919,1914.04815,1.94747,98.56279,7.875508815727211,2.93383425096651,0.0
16.21976,17.78558,36.06546,1909.19927,1.89947,98.57372,7.730272335344935,2.8797298406223253,0.0
16.21595,17.81191,36.15893,1904.44284,1.84479,98.58463,7.591346786286586,2.8279764182469007,0.0
16.21214,17.83817,36.24928,1899.777,1.78368,98.59552,7.45880132918482,2.7785997479956257,0.0
16.20833,17.86436,36.33623,1895.19975,1.71641,98.60639,7.332680520668873,2.731616428385246,0.0
16.20453,17.8905,36.41949,1890.70903,1.64325,98.61723,7.213007570807957,2.6870351057772366,0.0
16.20074,17.91657,36.4988,1886.30271,1.56446,98.62806,7.099787385965296,2.644857607920994,0.0
16.19695,17.94258,36.57391,1881.97856,1.48032,98.63886,6.993009390485663,2.605079995106682,0.0
16.19316,17.96852,36.64458,1877.73431,1.3911,98.64964,6.892650125291431,2.567693528210641,0.0
16.18937,17.99442,36.71059,1873.56766,1.29709,98.66039,6.79867562524134,2.5326855543240727,0.0
16.18559,18.02025,36.77174,1869.47621,1.19855,98.67113,6.711043580002785,2.5000403117348324,0.0
16.18181,18.04603,36.82784,1865.45756,1.09577,98.68184,6.629705285445644,2.469739656872965,0.0
16.17804,18.07175,36.87871,1861.50925,0.98902,98.69254,6.55460739412632,2.4417637164120753,0.0
16.17427,18.09741,36.92418,1857.62877,0.87859,98.70321,6.4856934745089685,2.416091468120259,0.0
16.1705,18.12303,36.96412,1853.81359,0.76474,98.71386,6.422905389146319,2.3927012542687187,0.0
16.16673,18.14859,36.99837,1850.06113,0.64775,98.72449,6.366184502315221,2.3715712315077826,0.0
16.16297,18.17409,37.02682,1846.36879,0.5279,98.7351,6.3154727274595714,2.3526797610669528,0.0
16.15921,18.19955,37.04937,1842.73391,0.40546,98.74569,6.270713424513769,2.3360057430315027,0.0
16.15546,18.22496,37.06591,1839.1538,0.2807,98.75626,6.231852156615053,2.3215288982377347,0.0
16.1517,18.25031,37.07638,1835.62574,0.15391,98.76681,6.198837315041007,2.3092300010786397,0.0
16.14795,18.27562,37.08069,1832.14697,0.02534,98.77734,6.171620620435629,2.2990910662238027,0.0
16.1442,18.30088,37.07879,1828.71466,-0.10473,98.78784,6.150157507466582,2.2910954919143425,0.0
16.14046,18.32609,37.07065,1825.32596,-0.23604,98.79833,6.13440739918155,2.2852281621678787,0.0
16.13672,18.35125,37.05622,1821.97797,-0.3683,98.8088,6.124333876336783,2.2814755098578647,0.0
16.13297,18.37636,37.03551,1818.66773,-0.50125,98.81925,6.119904746029225,2.2798255422808675,0.0
16.12924,18.40143,37.00849,1815.39224,-0.63463,98.82968,6.121092013004899,2.2802678304681807,0.0
16.1255,18.42645,36.97519,1812.14845,-0.76816,98.84009,6.127871756095044,2.282793463155036,0.0
16.12177,18.45142,36.93562,1808.93323,-0.90157,98.85048,6.140223911335056,2.2873949659867048,0.0
16.11804,18.47635,36.88981,1805.74342,-1.03459,98.86085,6.158131962493021,2.294066186232231,0.0
16.11431,18.50123,36.83782,1802.57578,-1.16696,98.8712,6.181582539004338,2.302802143004499,0.0
16.11058,18.52607,36.7797,1799.42702,-1.2984,98.88153,6.210564920566892,2.3135988427089043,0.0
16.10686,18.55086,36.71553,1796.29378,-1.42865,98.89184,6.245070447145548,2.326453059254499,0.0
16.10313,18.57561,36.64538,1793.17263,-1.55743,98.90213,6.285091832617072,2.341362078368669,0.0
16.09942,18.60031,36.56935,1790.06009,-1.68447,98.91241,6.330622380003005,2.3583234052507303,0.0
16.0957,18.62496,36.48756,1786.9526,-1.80949,98.92266,6.3816550960359875,2.3773344347245873,0.0
16.09198,18.64957,36.40012,1783.84656,-1.93223,98.9329,6.438181702834116,2.398392083061427,0.0
16.08827,18.67413,36.30716,1780.73827,-2.05242,98.94311,6.5001915446718845,2.4214923807231292,0.0
16.08456,18.69865,36.20884,1777.62399,-2.16976,98.95331,6.567670388264863,2.4466300254367446,0.0
16.08086,18.72313,36.10531,1774.49991,-2.28401,98.96349,6.640599115687578,2.47379789527201,0.0
16.07715,18.74755,35.99674,1771.36218,-2.39487,98.97365,6.718952310046451,2.5029865217673093,0.0
16.07345,18.77193,35.88332,1768.20688,-2.50208,98.98379,6.802696735287994,2.534183523618225,0.0
16.06975,18.79627,35.76523,1765.03005,-2.60536,98.99391,6.891789713200044,2.5673730020677943,0.0
16.06605,18.82056,35.6427,1761.82767,-2.70445,99.00402,6.986177402619638,2.6025348998661686,0.0
16.06236,18.8448,35.51592,1758.59572,-2.79907,99.0141,7.0857929882523,2.639644326558139,0.0
16.05867,18.86899,35.38514,1755.33013,-2.88896,99.02417,7.1905547892668356,2.6786708538849315,0.0
16.05498,18.89314,35.25059,1752.02681,-2.97386,99.03422,7.300364300985534,2.719577786262288,0.0
16.0513,18.91724,35.11254,1748.68167,-3.0535,99.04425,7.415104186493472,2.762321412602078,0.0
16.04762,18.94129,34.97123,1745.29063,-3.12764,99.05426,7.534636238898395,2.806850247200494,0.0
16.04394,18.96529,34.82696,1741.84963,-3.19601,99.06426,7.658799339128215,2.8531042689638864,0.0
16.04027,18.98924,34.68,1738.35463,-3.25839,99.07423,7.787407438573833,2.9010141698901313,0.0
16.0366,19.01314,34.53064,1734.80167,-3.31454,99.08419,7.920247600430567,2.9505006254167814,0.0
16.03293,19.03699,34.37919,1731.18684,-3.36423,99.09413,8.05707813816568,3.0014736009512357,0.0
16.02927,19.06079,34.22597,1727.5063,-3.40726,99.10405,8.197626893959873,3.0538317105449018,0.0
16.02561,19.08453,34.07129,1723.75636,-3.44342,99.11395,8.341589704120066,3.1074616452190797,0.0
16.02195,19.10822,33.91548,1719.93344,-3.47254,99.12383,8.488629102039166,3.162237689783346,0.0
16.0183,19.13186,33.75887,1716.03409,-3.49444,99.1337,8.638373312165381,3.2180213480626554,0.0
16.01465,19.15544,33.60181,1712.05508,-3.50896,99.14355,8.79041559028705,3.27466109713608,0.0
16.01101,19.17897,33.44463,1707.99335,-3.51598,99.15338,8.944313966068023,3.3319922914244633,0.0
16.00738,19.20243,33.28769,1703.84608,-3.5154,99.16319,9.099591442839813,3.389837237118257,0.0
16.00374,19.22584,33.13132,1699.61069,-3.50711,99.17298,9.255736707015652,3.4480054564529197,0.0
16.00012,19.2492,32.97589,1695.28488,-3.49105,99.18276,9.412205394844586,3.5062941596081485,0.0
15.9965,19.27249,32.82175,1690.86666,-3.4672,99.19251,9.568421957406004,3.564488939467414,0.0
15.99288,19.29572,32.66923,1686.35435,-3.43555,99.20225,9.723782155792728,3.6223647011393063,0.0
15.98927,19.31888,32.5187,1681.74662,-3.3961,99.21197,9.877656207048407,3.6796868339020006,0.0
15.98567,19.34199,32.37047,1677.04252,-3.34893,99.22167,10.029392588033133,3.7362126282432766,0.0
15.98207,19.36503,32.2249,1672.24145,-3.29412,99.23136,10.178322488884003,3.791692934891753,0.0
15.97848,19.388,32.08231,1667.34326,-3.23178,99.24102,10.323764890679914,3.845874056380635,0.0
15.97489,19.41091,31.94302,1662.34819,-3.16207,99.25067,10.46503222356816,3.8984998548487373,0.0
15.97132,19.43375,31.80733,1657.25691,-3.08519,99.2603,10.601436542735993,3.9493140527523938,0.0
15.96774,19.45651,31.67553,1652.07053,-3.00136,99.26991,10.732296140657809,3.9980626961015124,0.0
15.96418,19.47921,31.54791,1646.7906,-2.91084,99.2795,10.856942496016531,4.044496743115629,0.0
15.96062,19.50184,31.42473,1641.4191,-2.81393,99.28907,10.974727443245268,4.088374735066813,0.0
15.95708,19.52439,31.30625,1635.95845,-2.71096,99.29862,11.08503043259662,4.129465500846509,0.0
15.95354,19.54687,31.19268,1630.4115,-2.60229,99.30816,11.187265739917216,4.167550842796261,0.0
15.95,19.56927,31.08424,1624.78152,-2.48833,99.31767,11.280889478373423,4.202428148760014,0.0
15.94648,19.5916,30.98111,1619.07214,-2.36951,99.32717,11.365406262050982,4.233912874450319,0.0
15.94296,19.61385,30.88347,1613.28742,-2.24628,99.33664,11.440375373768575,4.261840841121168,0.0
15.93946,19.63601,30.79146,1607.43171,-2.11912,99.3461,11.50541629691633,4.28607029632339,0.0
15.93596,19.6581,30.70519,1601.50972,-1.98855,99.35554,11.560213483586056,4.306483690158617,0.0
15.93247,19.68011,30.62477,1595.52644,-1.85508,99.36496,11.604520248167459,4.322989125746328,0.0
15.92899,19.70204,30.55026,1589.48711,-1.71926,99.37435,11.638161696736416,4.3355214504980495,0.0
15.92552,19.72388,30.48172,1583.39718,-1.58164,99.38373,11.661036626801755,4.344042963823021,0.0
15.92206,19.74564,30.41915,1577.2623,-1.4428,99.39309,11.673118358641739,4.3485437268229115,0.0
15.91861,19.76732,30.36257,1571.08825,-1.30331,99.40242,11.674454487314204,4.349041469909066,0.0
15.91517,19.78891,30.31194,1564.88089,-1.16373,99.41174,11.665165572420092,4.34558110470495,0.0
15.91174,19.81042,30.2672,1558.64617,-1.02464,99.42104,11.64544280971811,4.3382338566613425,0.0
15.90832,19.83184,30.22829,1552.39004,-0.88662,99.43031,11.615544753588903,4.327096044088012,0.0
15.90491,19.85317,30.1951,1546.11844,-0.75021,99.43956,11.575793181373086,4.312287537510806,0.0
15.90151,19.87442,30.16752,1539.83724,-0.61596,99.4488,11.526568208830206,4.293949940051606,0.0
15.89813,19.89558,30.14539,1533.55225,-0.48441,99.45801,11.468302779988967,4.272244534752546,0.0
15.89475,19.91665,30.12856,1527.26913,-0.35607,99.4672,11.401476664108493,4.247350048286139,0.0
15.89138,19.93764,30.11685,1520.9934,-0.23142,99.47637,11.326610097257339,4.219460282276156,0.0
15.88802,19.95854,30.11006,1514.7304,-0.11093,99.48552,11.24425720630717,4.1887816635622475,0.0
15.88468,19.97935,30.10798,1508.48527,0.00495,99.49464,11.154999349248717,4.155530763292412,0.0
15.88134,20.00008,30.11038,1502.26292,0.11581,99.50375,11.059438498137693,4.119931831896238,0.0
15.87802,20.02072,30.11701,1496.06803,0.22128,99.51283,10.958190780258168,4.082214392998327,0.0
15.8747,20.04127,30.12762,1489.90503,0.32099,99.52189,10.851880280065771,4.042610934479053,0.0
15.8714,20.06174,30.14196,1483.77808,0.41463,99.53093,10.741133189480339,4.001354729304654,0.0
15.86811,20.08212,30.15974,1477.69106,0.50192,99.53995,10.626572378468188,3.958677812926278,0.0
15.86482,20.10242,30.1807,1471.64759,0.58258,99.54894,10.508812441447429,3.9148091379356247,0.0
15.86155,20.12263,30.20454,1465.651,0.65641,99.55792,10.38845525922602,3.8699729207700964,0.0
15.85829,20.14276,30.23098,1459.70435,0.72321,99.56687,10.266086100898601,3.8243871895668007,0.0
15.85504,20.16281,30.25971,1453.81041,0.78282,99.5758,10.142270276040843,3.7782625370168668,0.0
15.85179,20.18277,30.29046,1447.97168,0.83512,99.5847,10.017550334914201,3.7318010773680417,0.0
15.84856,20.20266,30.32293,1442.19041,0.88,99.59359,9.892443803396352,3.685195602626688,0.0
15.84534,20.22246,30.35682,1436.46856,0.9174,99.60245,9.767441430151568,3.6386289295826186,0.0
15.84213,20.24219,30.39183,1430.80786,0.94728,99.61129,9.643005916051496,3.5922734264849185,0.0
15.83893,20.26183,30.42768,1425.20979,0.96963,99.62011,9.519571090256434,3.546290706110527,0.0
15.83574,20.2814,30.46409,1419.67559,0.98446,99.6289,9.397541493226477,3.500831470424931,0.0
15.83255,20.30089,30.50077,1414.20627,0.99182,99.63767,9.277292324470752,3.4560354911173743,0.0
15.82938,20.32031,30.53744,1408.80264,0.99176,99.64643,9.159169711605438,3.4120317098320485,0.0
15.82621,20.33965,30.57383,1403.4653,0.98437,99.65515,9.043491257268803,3.368938441908337,0.0
15.82306,20.35892,30.60968,1398.19466,0.96976,99.66386,8.9305468213713,3.326863667789556,0.0
15.81991,20.37811,30.64474,1392.99094,0.94804,99.67255,8.820599497844992,3.2859053968878187,0.0
15.81678,20.39723,30.67874,1387.85417,0.91936,99.68121,8.713886747392996,3.2461520895630027,0.0
15.81365,20.41629,30.71146,1382.78426,0.88389,99.68985,8.610621650472122,3.2076831238917523,0.0
15.81053,20.43527,30.74266,1377.78092,0.84179,99.69847,8.510994247728581,3.1705692950150524,0.0
15.80742,20.45418,30.77211,1372.84374,0.79325,99.70706,8.415172938370825,3.1348733360689023,0.0
15.80431,20.47303,30.79961,1367.97217,0.73847,99.71564,8.323305910134296,3.100650450883808,0.0
15.80122,20.4918,30.82494,1363.16551,0.67767,99.72419,8.235522577733756,3.0679488498461223,0.0
15.79813,20.51052,30.84791,1358.42296,0.61108,99.73272,8.151935009767287,3.036810281457336,0.0
15.79505,20.52916,30.86834,1353.7436,0.53891,99.74123,8.072639327008803,3.0072705532348185,0.0
15.79198,20.54774,30.88606,1349.12638,0.46143,99.74971,7.997717057680898,2.979360036586626,0.0
15.78892,20.56626,30.90089,1344.57016,0.37888,99.75818,7.927236437892851,2.9531041512588625,0.0
15.78586,20.58472,30.91268,1340.07372,0.29151,99.76662,7.8612536476106625,2.9285238257670496,0.0
15.78282,20.60311,30.92129,1335.6357,0.19959,99.77504,7.799813974612416,2.905635931000113,0.0
15.77977,20.62144,30.9266,1331.2547,0.1034,99.78344,7.74295290059792,2.8844536848248143,0.0
15.77674,20.63971,30.92846,1326.92919,0.00321,99.79182,7.690697105219226,2.8649870261135253,0.0
15.77372,20.65792,30.92678,1322.65757,-0.1007,99.80018,7.643065385063323,2.8472429570894677,0.0
15.7707,20.67608,30.92146,1318.43818,-0.20804,99.80851,7.600069485781679,2.8312258533168593,0.0
15.76769,20.69417,30.91239,1314.26925,-0.31853,99.81683,7.56171484646157,2.816937740998822,0.0
15.76468,20.71221,30.89951,1310.14896,-0.43188,99.82512,7.528001256121882,2.804378541539339,0.0
15.76168,20.73018,30.88275,1306.0754,-0.54778,99.83339,7.498923422796701,2.793546283541869,0.0
15.75869,20.74811,30.86204,1302.0466,-0.66594,99.84164,7.474471456202258,2.784437282615477,0.0
15.75571,20.76597,30.83733,1298.06052,-0.78607,99.84987,7.454631265349243,2.7770462894958903,0.0
15.75273,20.78378,30.8086,1294.11505,-0.90786,99.85808,7.439384872766002,2.7713666071019003,0.0
15.74976,20.80154,30.77581,1290.208,-1.031,99.86627,7.428710647220367,2.7673901772303746,0.0
15.7468,20.81924,30.73895,1286.33713,-1.1552,99.87444,7.422583457059274,2.765107637679291,0.0
15.74384,20.83688,30.69801,1282.50016,-1.28015,99.88258,7.4209747463772056,2.7645083506224957,0.0
15.74089,20.85448,30.653,1278.6947,-1.40555,99.89071,7.423852536413165,2.765580403130103,0.0
15.73794,20.87201,30.60392,1274.91833,-1.53108,99.89881,7.431181354709597,2.7683105807783392,0.0
15.735,20.8895,30.55081,1271.16859,-1.65646,99.90689,7.442922094679247,2.7726843153344944,0.0
15.73207,20.90693,30.4937,1267.44293,-1.78136,99.91496,7.459031808470781,2.778685607593921,0.0
15.72915,20.92431,30.43263,1263.73876,-1.90549,99.923,7.479463436183265,2.7862969265053006,0.0
15.72623,20.94164,30.36766,1260.05345,-2.02856,99.93102,7.504165474777194,2.7954990858312914,0.0
15.72332,20.95891,30.29885,1256.38432,-2.15024,99.93903,7.533081590341815,2.806271099707903,0.0
15.72041,20.97614,30.22627,1252.72864,-2.27026,99.94701,7.5661501777763025,2.8185900186141506,0.0
15.71751,20.99331,30.15,1249.08365,-2.38831,99.95497,7.603303872369031,2.832430747422481,0.0
15.71462,21.01043,30.07014,1245.44655,-2.50409,99.96292,7.64446901834429,2.8477658474184424,0.0
15.71173,21.02749,29.98679,1241.81449,-2.61733,99.97084,7.689565100001765,2.864565324385172,0.0
15.70885,21.04451,29.90006,1238.18463,-2.72773,99.97874,7.738504141788898,2.8827964051145645,0.0
15.70597,21.06147,29.81006,1234.55409,-2.83501,99.98663,7.791190084389757,2.9024233049839654,0.0
15.70311,21.07838,29.71692,1230.91997,-2.9389,99.99449,7.847518144735712,2.9234069895432984,0.0
15.70024,21.09524,29.62077,1227.27938,-3.03912,100.00234,7.907374168726559,2.945704933386665,0.0
15.69739,21.11205,29.52176,1223.6294,-3.13542,100.01016,7.970633986343041,2.9692708799147804,0.0
15.69454,21.12881,29.42004,1219.96714,-3.22754,100.01797,8.037162779802113,2.994054605956191,0.0
15.6917,21.14551,29.31576,1216.28972,-3.31522,100.02576,8.106814476305402,3.0200016955500972,0.0
15.68886,21.16216,29.20908,1212.59429,-3.39824,100.03353,8.179431177882755,3.0470533275480713,0.0
15.68603,21.17876,29.10019,1208.87801,-3.47636,100.04128,8.254842641630589,3.0751460819891676,0.0
15.68321,21.19531,28.98924,1205.1381,-3.54936,100.04901,8.33286582445876,3.1042117705061547,0.0
15.6804,21.2118,28.87642,1201.37183,-3.61704,100.05673,8.413304507037203,3.1341772962357415,0.0
15.67759,21.22824,28.76193,1197.57653,-3.6792,100.06442,8.495949012086152,3.164964548874273,0.0
15.67479,21.24463,28.64594,1193.74961,-3.73567,100.0721,8.580576032392452,3.196490340609285,0.0
15.67199,21.26096,28.52866,1189.88854,-3.78628,100.07976,8.666948583882794,3.2286663886380413,0.0
15.66921,21.27724,28.41029,1185.99093,-3.83088,100.0874,8.754816098727535,3.261399349851164,0.0
15.66643,21.29346,28.29101,1182.05445,-3.86934,100.09502,8.843914672729358,3.294590912991417,0.0
15.66365,21.30963,28.17105,1178.07693,-3.90154,100.10263,8.933967480199115,3.3281379532058675,0.0
15.66089,21.32574,28.05061,1174.05631,-3.9274,100.11022,9.024685367933582,3.3619327533182384,0.0
0.04547,0.04547,51.15139,4803.86143,-0.49519,45.0001,5.863930406989492,2.184468365898361,0.0
0.09091,0.09091,51.08948,4800.69716,-0.48968,45.00025,5.907428873868275,2.2006726893242528,0.0
0.13632,0.13632,51.02834,4797.50722,-0.48349,45.00044,5.950531773331211,2.2167296534797365,0.0
0.18171,0.18171,50.96806,4794.29166,-0.47662,45.00067,5.993154209573325,2.232607632443716,0.0
0.22706,0.22706,50.90872,4791.05063,-0.46908,45.00095,6.035210492667961,2.248274704463874,0.0
0.27238,0.27238,50.85041,4787.78428,-0.46088,45.00127,6.076614417654255,2.2636987559240995,0.0
0.31767,0.31768,50.79321,4784.49285,-0.45204,45.00164,6.117279560881618,2.2788475917406057,0.0
0.36293,0.36294,50.7372,4781.1766,-0.44256,45.00205,6.157119592220245,2.2936890516685566,0.0
0.40815,0.40817,50.68244,4777.83587,-0.43247,45.00251,6.196048601573792,2.3081911319366344,0.0
0.45335,0.45337,50.62903,4774.47103,-0.42178,45.00301,6.233981437854399,2.322322111524152,0.0
0.49851,0.49854,50.57703,4771.08251,-0.41051,45.00356,6.270834058359909,2.336050682313257,0.0
0.54364,0.54368,50.5265,4767.6708,-0.39867,45.00414,6.306523886294278,2.3493460822746988,0.0
0.58874,0.58879,50.47753,4764.23643,-0.38629,45.00477,6.340970173945586,2.3621782307611867,0.0
0.63381,0.63387,50.43016,4760.77998,-0.3734,45.00545,6.374094368899317,2.374517864931473,0.0
0.67884,0.67891,50.38447,4757.30208,-0.36001,45.00616,6.4058204804739445,2.3863366762572578,0.0
0.72384,0.72393,50.34051,4753.80342,-0.34615,45.00692,6.436075443472196,2.397607446030093,0.0
0.76881,0.76891,50.29833,4750.28471,-0.33186,45.00772,6.464789476259822,2.408304178755156,0.0
0.81374,0.81386,50.25798,4746.74674,-0.31715,45.00857,6.491896430094249,2.4184022322853598,0.0
0.85864,0.85878,50.21952,4743.19031,-0.30205,45.00945,6.517334126658482,2.4278784435616156,0.0
0.90351,0.90366,50.18298,4739.61628,-0.28661,45.01038,6.54104468075911,2.436711248826324,0.0
0.94834,0.94852,50.14841,4736.02555,-0.27084,45.01135,6.562974805209853,2.4448807972005278,0.0
0.99313,0.99334,50.11583,4732.41904,-0.25478,45.01236,6.5830760950499485,2.45236905656273,0.0
1.0379,1.03813,50.08529,4728.79773,-0.23847,45.01342,6.601305288386186,2.4591599107194217,0.0
1.08262,1.08288,50.0568,4725.16261,-0.22194,45.01451,6.617624501338154,2.4652392469283653,0.0
1.12731,1.12761,50.03038,4721.5147,-0.20522,45.01565,6.632001434804024,2.4705950329242867,0.0
1.17197,1.1723,50.00607,4717.85506,-0.18834,45.01683,6.644409551019559,2.4752173826917607,0.0
1.21659,1.21695,49.98386,4714.18475,-0.17136,45.01805,6.654828218167446,2.479098610335979,0.0
1.26118,1.26158,49.96377,4710.50487,-0.15429,45.01931,6.663242821643733,2.4822332715324382,0.0
1.30573,1.30617,49.94581,4706.81653,-0.13719,45.02061,6.669644840900137,2.4846181921527135,0.0
1.35024,1.35073,49.92996,4703.12084,-0.12008,45.02196,6.674031891158894,2.4862524838043405,0.0
1.39472,1.39525,49.91624,4699.41893,-0.103,45.02334,6.676407729657484,2.4871375461571374,0.0
1.43916,1.43975,49.90462,4695.71194,-0.08598,45.02476,6.676782226451008,2.487277056066329,0.0
1.48357,1.48421,49.89509,4692.00101,-0.06908,45.02623,6.675171300187898,2.4866769436473,0.0
1.52793,1.52863,49.88764,4688.28726,-0.05231,45.02774,6.67159681962519,2.485345355587447,0.0
1.57227,1.57303,49.88224,4684.57183,-0.03572,45.02928,6.666086471989775,2.483292606107283,0.0
1.61656,1.61739,49.87887,4680.85584,-0.01934,45.03087,6.658673599661091,2.4805311161204378,0.0
1.66083,1.66172,49.87749,4677.1404,-0.00321,45.0325,6.649397006916977,2.477075341241411,0.0
1.70505,1.70601,49.87807,4673.4266,0.01264,45.03417,6.638300738789155,2.472941689403412,0.0
1.74924,1.75027,49.88057,4669.71554,0.02817,45.03588,6.625433834310489,2.468148428936477,0.0
1.79339,1.7945,49.88494,4666.00825,0.04336,45.03762,6.610850056648246,2.4627155880350067,0.0
1.8375,1.8387,49.89114,4662.30578,0.05817,45.03941,6.594607602803784,2.4566648466132635,0.0
1.88158,1.88286,49.89912,4658.60914,0.07257,45.04124,6.576768795666364,2.45001942158731,0.0
1.92562,1.92699,49.90883,4654.91931,0.08654,45.04311,6.557399761323774,2.44280394666473,0.0
1.96963,1.97109,49.92019,4651.23724,0.10004,45.04502,6.5365700945914265,2.4350443477454147,0.0
2.0136,2.01516,49.93317,4647.56384,0.11304,45.04697,6.5143525156947595,2.4267677150267226,0.0
2.05753,2.05919,49.94768,4643.90001,0.12553,45.04897,6.4908225210753585,2.4180021729195764,0.0
2.10143,2.10319,49.96367,4640.24657,0.13748,45.051,6.466058031169433,2.408776748836674,0.0
2.14529,2.14716,49.98106,4636.60435,0.14887,45.05307,6.440139037966707,2.399121241898904,0.0
2.18911,2.1911,49.99978,4632.97411,0.15966,45.05518,6.413147254999953,2.389066092547236,0.0
2.2329,2.23501,50.01977,4629.35657,0.16986,45.05733,6.385165772271214,2.3786422539936605,0.0
2.27665,2.27889,50.04093,4625.75242,0.17943,45.05952,6.356278718469895,2.3678810663885392,0.0
2.32037,2.32273,50.0632,4622.16231,0.18836,45.06176,6.326570932608209,2.356814134496172,0.0
2.36405,2.36654,50.08649,4618.58683,0.19664,45.06403,6.296127647028791,2.345473209606787,0.0
2.40772,2.4103,50.10907,4615.02973,0.1769,44.99119,6.266499574354979,2.3344359729742834,-39.99999931767356
2.45142,2.45396,50.12922,4611.4936,0.15662,44.91867,6.239196446720578,2.3242648395419443,-39.99999931767356
2.49514,2.49754,50.14687,4607.97726,0.13585,44.84645,6.214236771372166,2.3149667037460784,-39.99999931767356
2.53887,2.54103,50.16198,4604.47954,0.1146,44.7745,6.191637704234063,2.3065479566198914,-39.99999931767356
2.58263,2.58444,50.17448,4600.99921,0.09293,44.70279,6.1714147460409166,2.2990143725948915,-39.99999931767356
2.62641,2.62776,50.18435,4597.53505,0.07085,44.6313,6.153581902669539,2.292371169228704,-39.99999931767356
2.67022,2.67099,50.19152,4594.08582,0.04841,44.55999,6.138151831121347,2.286623061587387,-39.99999931767356
2.71404,2.71414,50.19598,4590.65026,0.02564,44.48884,6.125135970912411,2.281774311191665,-39.99999931767356
2.75788,2.7572,50.19768,4587.2271,0.00257,44.41782,6.114544660706751,2.277828769465913,-39.99999931767356
2.80174,2.80018,50.19659,4583.81505,-0.02076,44.3469,6.106387240040747,2.2747899156331717,-39.99999931767356
2.84563,2.84308,50.19269,4580.4128,-0.04432,44.27606,6.100672136022762,2.2726608890130353,-39.99999931767356
2.88953,2.88588,50.18595,4577.01906,-0.06806,44.20525,6.097406934927211,2.271444515692331,-39.99999931767356
2.93346,2.92861,50.17637,4573.63248,-0.09197,44.13445,6.0965984386039125,2.271143329539084,-39.99999931767356
2.9774,2.97125,50.16392,4570.25173,-0.11599,44.06364,6.098252705635684,2.271759587534804,-39.99999931767356
3.02137,3.01381,50.14861,4566.87546,-0.1401,43.99278,6.102375077205132,2.273295279410547,-39.99999931767356
3.06535,3.05628,50.13042,4563.50231,-0.16426,43.92184,6.1089701876150535,2.2757521315660414,-39.99999931767356
3.10936,3.09867,50.10936,4560.13089,-0.18843,43.8508,6.118041959408934,2.2791316052519432,-39.99999931767356
3.15338,3.14097,50.08543,4556.75983,-0.21258,43.77961,6.129593583071459,2.2834348890077445,-39.99999931767356
3.19743,3.18319,50.05865,4553.38773,-0.23667,43.70826,6.143627481261717,2.288662885337701,-39.99999931767356
3.24149,3.22533,50.02901,4550.01317,-0.26067,43.6367,6.16014525754947,2.294816191613739,-39.99999931767356
3.28558,3.26738,49.99655,4546.63475,-0.28454,43.56492,6.179147629638945,2.3018950751995693,-39.99999931767356
3.32968,3.30934,49.96129,4543.25105,-0.30824,43.49288,6.200634347071076,2.3098994427925987,-39.99999931767356
3.37381,3.35123,49.92324,4539.86061,-0.33174,43.42054,6.224604093422887,2.3188288039906317,-39.99999931767356
3.41795,3.39302,49.88244,4536.46201,-0.35501,43.34788,6.251054373022667,2.3286822290902913,-39.99999931767356
3.46212,3.43473,49.83893,4533.05379,-0.378,43.27486,6.279981382276435,2.33945830115274,-39.99999931767356
3.5063,3.47636,49.79273,4529.6345,-0.40068,43.20147,6.311379865699112,2.3511550623715074,-39.99999931767356
3.55051,3.5179,49.74391,4526.20268,-0.42302,43.12765,6.345242956810631,2.3637699548020987,-39.99999931767356
3.59473,3.55935,49.6925,4522.75685,-0.44498,43.05339,6.3815620041334995,2.377299755541515,-39.99999931767356
3.63898,3.60072,49.63855,4519.29555,-0.46652,42.97864,6.420326382577702,2.391740506464162,-39.99999931767356
3.68325,3.64199,49.58213,4515.81731,-0.4876,42.90339,6.461523290604937,2.407087438660195,-39.99999931767356
3.72753,3.68318,49.52328,4512.32065,-0.5082,42.8276,6.505137533638281,2.423334891749914,-39.99999931767356
3.77184,3.72428,49.46208,4508.80411,-0.52828,42.75124,6.551151294347219,2.4404762283089028,-39.99999931767356
3.81616,3.7653,49.39859,4505.26619,-0.5478,42.67427,6.599543890502521,2.458503743662589,-39.99999931767356
3.86051,3.80622,49.33288,4501.70545,-0.56673,42.59667,6.650291521291776,2.4774085713821137,-39.99999931767356
3.90488,3.84705,49.26504,4498.12042,-0.58503,42.51841,6.703367003136359,2.497180584869195,-39.99999931767356
3.94927,3.88779,49.19513,4494.50963,-0.60268,42.43945,6.7587394961956,2.5178082954717396,-39.99999931767356
3.99368,3.92844,49.12324,4490.87166,-0.61963,42.35976,6.8163742229976805,2.5392787476664433,-39.99999931767356
4.03811,3.969,49.04946,4487.20505,-0.63585,42.27933,6.876232180772522,2.5615774118952284,-39.99999931767356
4.08256,4.00946,48.97388,4483.50841,-0.65131,42.19811,6.938269849347196,2.5846880757485944,-39.99999931767356
4.12703,4.04983,48.8966,4479.78031,-0.66598,42.11608,7.002438896648361,2.6085927342575266,-39.99999931767356
4.17153,4.0901,48.8177,4476.0194,-0.67983,42.03321,7.068685884139108,2.633271480160975,-39.99999931767356
4.21604,4.13028,48.73731,4472.2243,-0.69283,41.94947,7.13695197473659,2.658702395097483,-39.99999931767356
4.26058,4.17035,48.65551,4468.39369,-0.70494,41.86483,7.207172646035258,2.684861442773296,-39.99999931767356
4.30513,4.21034,48.57241,4464.52627,-0.71615,41.77928,7.279277411911133,2.7117223652526308,-39.99999931767356
4.34971,4.25022,48.48814,4460.62077,-0.72642,41.69277,7.353189555842697,2.7392565836126876,-39.99999931767356
4.39431,4.29,48.4028,4456.67597,-0.73572,41.6053,7.428825879502411,2.7674331042873797,-39.99999931767356
4.43894,4.32968,48.3165,4452.69067,-0.74403,41.51683,7.50609647046487,2.7962184325325055,-39.99999931767356
4.48358,4.36926,48.22938,4448.66375,-0.75133,41.42734,7.58490449301908,2.825576494497817,-39.99999931767356
4.52824,4.40874,48.14154,4444.59411,-0.7576,41.33681,7.665146006327617,2.855468569486528,-39.99999931767356
4.57293,4.44811,48.05312,4440.48071,-0.76281,41.24522,7.746709814261874,2.885853234014985,-39.99999931767356
4.61764,4.48737,47.96423,4436.32259,-0.76694,41.15256,7.82947735143194,2.9166863193558035,-39.99999931767356
4.66237,4.52653,47.87501,4432.11882,-0.76998,41.05879,7.91332260990238,2.9479208842375644,-39.99999931767356
4.70713,4.56558,47.78559,4427.86856,-0.77191,40.96391,7.998112111195374,2.9795072044152513,-39.99999931767356
4.7519,4.60452,47.6961,4423.57104,-0.77272,40.8679,8.083704928023216,3.011392780766174,-39.99999931767356
4.7967,4.64335,47.60667,4419.22558,-0.77239,40.77076,8.169952760131501,3.0435223675435497,-39.99999931767356
4.84152,4.68207,47.51743,4414.83154,-0.77092,40.67246,8.256700068407175,3.075838022335286,-39.99999931767356
4.88636,4.72067,47.42851,4410.38843,-0.7683,40.573,8.34378427109549,3.108279179159957,-39.99999931767356
4.93123,4.75916,47.34006,4405.89579,-0.76453,40.47237,8.431036005600768,3.140782745994476,-39.99999931767356
4.97611,4.79754,47.25219,4401.35329,-0.75959,40.37057,8.518279458873465,3.1732832278519636,-39.99999931767356
5.02102,4.83579,47.16505,4396.76069,-0.7535,40.26759,8.605332768786797,3.2057128763051157,-39.99999931767356
5.06595,4.87393,47.07877,4392.11786,-0.74626,40.16343,8.692008498269592,3.2380018661131547,-39.99999931767356
5.11091,4.91195,46.99348,4387.42478,-0.73787,40.0581,8.778114183181591,3.270078499319796,-39.99999931767356
5.15588,4.94985,46.90932,4382.68151,-0.72834,39.9516,8.863452954039026,3.3018694368623898,-39.99999931767356
5.20088,4.98762,46.82639,4377.88828,-0.71768,39.84394,8.947824230857265,3.333299957419081,-39.99999931767356
5.2459,5.02527,46.74485,4373.04537,-0.70592,39.73512,9.031024489244244,3.36429424279878,-39.99999931767356
5.29094,5.0628,46.6648,4368.15324,-0.69306,39.62515,9.112848094940803,3.394775688829385,-39.99999931767356
5.33601,5.1002,46.58638,4363.21242,-0.67912,39.51406,9.193088202839942,3.4246672402661176,-39.99999931767356
5.38109,5.13748,46.5097,4358.2236,-0.66414,39.40185,9.271537715385897,3.4538917478203874,-39.99999931767356
5.4262,5.17462,46.43487,4353.18757,-0.64814,39.28856,9.347990294197222,3.4823723450160218,-39.99999931767356
5.47133,5.21164,46.36201,4348.10525,-0.63114,39.17419,9.422241417551579,3.5100328421301543,-39.99999931767356
5.51648,5.24852,46.29122,4342.97767,-0.61319,39.05878,9.494089475425396,3.536798134124327,-39.99999931767356
5.56165,5.28527,46.2226,4337.806,-0.59432,38.94235,9.56333689269829,3.562594619067685,-39.99999931767356
5.60684,5.32189,46.15626,4332.59152,-0.57457,38.82493,9.629791270311367,3.5873506232484647,-39.99999931767356
5.65206,5.35838,46.09229,4327.33562,-0.55398,38.70656,9.693266533339646,3.6109968288611847,-39.99999931767356
5.69729,5.39472,46.03077,4322.03981,-0.5326,38.58727,9.753584074385655,3.6334666999508425,-39.99999931767356
5.74255,5.43094,45.97179,4316.70571,-0.51048,38.4671,9.810573880168166,3.654696902096864,-39.99999931767356
5.78782,5.46701,45.91542,4311.33503,-0.48766,38.34609,9.864075628954,3.6746277112353196,-39.99999931767356
5.83312,5.50295,45.86173,4305.92961,-0.46421,38.22427,9.91393974642587,3.6932034069974833,-39.99999931767356
5.87843,5.53875,45.81078,4300.49135,-0.44016,38.1017,9.960028407638314,3.7103726459647786,-39.99999931767356
5.92377,5.57441,45.76263,4295.02227,-0.4156,37.97843,10.002216473182166,3.726088810414675,-39.99999931767356
5.96912,5.60992,45.71733,4289.52444,-0.39056,37.85449,10.040392348145392,3.7403103283062,-39.99999931767356
6.01449,5.6453,45.67493,4284.00003,-0.36512,37.72994,10.07445875332763,3.753000960577649,-39.99999931767356
6.05988,5.68054,45.63544,4278.45126,-0.33934,37.60482,10.104333399100684,3.7641300521773493,-39.99999931767356
6.10529,5.71563,45.59891,4272.88042,-0.31329,37.4792,10.129949553503005,3.773672743693801,-39.99999931767356
6.15071,5.75058,45.56536,4267.28983,-0.28702,37.35312,10.151256497494991,3.781610140950253,-39.99999931767356
6.19615,5.78539,45.53479,4261.68187,-0.2606,37.22664,10.168219861766914,3.787929440474521,-39.99999931767356
6.24161,5.82005,45.50721,4256.05895,-0.23411,37.09982,10.180821841110044,3.7926240093578674,-39.99999931767356
6.28709,5.85457,45.48262,4250.42348,-0.20761,36.97269,10.189061283962417,3.795693418613166,-39.99999931767356
6.33258,5.88894,45.461,4244.77792,-0.18116,36.84534,10.192953656524272,3.7971434298069426,-39.99999931767356
6.37808,5.92317,45.44235,4239.1247,-0.15483,36.7178,10.192530882460254,3.796985935344241,-39.99999931767356
6.42361,5.95726,45.42662,4233.46627,-0.1287,36.59013,10.18784106096401,3.7952388534402597,-39.99999931767356
6.4691,5.99126,45.41648,4227.79962,-0.05443,36.59537,10.175085975037447,3.790487248326106,0.0
6.51454,6.02521,45.41455,4222.12463,0.01939,36.60063,10.150552077621581,3.7813477260130055,0.0
6.5599,6.05913,45.42074,4216.44797,0.09253,36.60591,10.114472488918633,3.767907129910044,0.0
6.60521,6.09301,45.43494,4210.77619,0.16476,36.6112,10.067157551321937,3.7502810707243417,0.0
6.65045,6.12685,45.45701,4205.11573,0.23584,36.61652,10.008986665339012,3.7286108851275768,0.0
6.69563,6.16066,45.48681,4199.47287,0.30557,36.62186,9.940402670926463,3.7030615426554037,0.0
6.74074,6.19442,45.52414,4193.85365,0.37372,36.62722,9.86190550833724,3.6738192842062665,0.0
6.78579,6.22815,45.5688,4188.26388,0.44011,36.63259,9.774045310880874,3.641089048912846,0.0
6.83077,6.26184,45.62057,4182.70912,0.50453,36.63799,9.67741508857171,3.605091748608515,0.0
6.87569,6.29549,45.67921,4177.19459,0.56681,36.64341,9.572643162873344,3.566061449570598,0.0
6.92055,6.3291,45.74445,4171.72525,0.62678,36.64885,9.460385509011518,3.5242425198304304,0.0
6.96534,6.36268,45.81602,4166.30567,0.6843,36.65431,9.341318154115845,3.479886797281137,0.0
7.01007,6.39622,45.89363,4160.94014,0.73922,36.65979,9.216129767431028,3.4332508293363477,0.0
7.05475,6.42972,45.97697,4155.63253,0.79142,36.66529,9.085514563772,3.384593229280518,0.0
7.09936,6.46319,46.06572,4150.3864,0.84079,36.67082,8.950165624154735,3.334172188028155,0.0
7.1439,6.49662,46.15957,4145.20492,0.88724,36.67636,8.810768718862212,3.282243173053371,0.0
7.18839,6.53002,46.25817,4140.09094,0.93067,36.68194,8.667996699030226,3.2290568391080288,0.0
7.23283,6.56338,46.36119,4135.04692,0.97102,36.68753,8.522504503730428,3.174857168228803,0.0
7.2772,6.59671,46.46828,4130.07499,1.00824,36.69315,8.374924811258557,3.1198798497276243,0.0
7.32151,6.63001,46.57909,4125.17694,1.04228,36.6988,8.225864346328866,3.0643509045244386,0.0
7.36577,6.66327,46.69327,4120.35426,1.07311,36.70446,8.075900839627218,3.0084855525007406,0.0
7.40997,6.6965,46.81047,4115.60812,1.10071,36.71016,7.925580622745686,2.952487316549425,0.0
7.45412,6.7297,46.93034,4110.93937,1.12508,36.71588,7.775416830431612,2.8965473528652668,0.0
7.49822,6.76287,47.05251,4106.34863,1.14621,36.72163,7.625888172967951,2.840843993624291,0.0
7.54226,6.79602,47.17665,4101.83623,1.16413,36.72741,7.477438234672207,2.7855424856561726,0.0
7.58624,6.82913,47.3024,4097.40226,1.17885,36.73321,7.33047524964024,2.7307949069029074,0.0
7.63018,6.86221,47.42943,4093.04659,1.1904,36.73905,7.185372302903346,2.676740241355109,0.0
7.67406,6.89527,47.55739,4088.76889,1.19882,36.74491,7.042467903861163,2.6235045926708622,0.0
7.7179,6.92829,47.68595,4084.56863,1.20416,36.7508,6.90206687899228,2.5712015167339084,0.0
7.76169,6.9613,47.81479,4080.4451,1.20647,36.75673,6.764441532229206,2.5199324539238552,0.0
7.80543,6.99427,47.94359,4076.39745,1.20579,36.76268,6.6298330236571585,2.4697872427177487,0.0
7.84912,7.02722,48.07204,4072.42468,1.20221,36.76867,6.498452920326905,2.4208446974086653,0.0
7.89276,7.06015,48.19982,4068.52566,1.19578,36.77468,6.370484876521733,2.373173234049364,0.0
7.93636,7.09306,48.32665,4064.69915,1.18657,36.78073,6.246086404818539,2.3268315302191427,0.0
7.97992,7.12594,48.45224,4060.94381,1.17466,36.78682,6.125390703396947,2.2818692057445693,0.0
8.02343,7.15879,48.57631,4057.25821,1.16012,36.79293,6.00850850925746,2.238327513071995,0.0
8.06689,7.19163,48.69859,4053.64085,1.14303,36.79908,5.895529951118791,2.1962400275205702,0.0
8.11032,7.22444,48.81882,4050.09016,1.12348,36.80527,5.786526379759308,2.1556333291325886,0.0
8.1537,7.25724,48.93674,4046.60453,1.10155,36.81149,5.681552157260835,2.1165276692138826,0.0
8.19704,7.29001,49.05212,4043.18227,1.07731,36.81774,5.580646390156475,2.078937615976988,0.0
8.24035,7.32277,49.16472,4039.82168,1.05087,36.82403,5.483834594579892,2.0428726748530637,0.0
8.28361,7.3555,49.27432,4036.52102,1.02229,36.83036,5.3911302844202345,2.0083378801213905,0.0
8.32683,7.38822,49.3807,4033.27851,0.99167,36.83672,5.302536475975544,1.975334355432351,0.0
8.37002,7.42092,49.48366,4030.09237,0.95909,36.84312,5.218047104819145,1.9438598416274449,0.0
8.41316,7.45361,49.58301,4026.96078,0.92465,36.84955,5.137648352481335,1.913909190963122,0.0
8.45627,7.48627,49.67856,4023.88194,0.88842,36.85602,5.061319882145807,1.8854748274402144,0.0
8.49935,7.51892,49.77013,4020.85401,0.85049,36.86254,4.989035983902395,1.8585471734407155,0.0
8.54239,7.55155,49.85755,4017.87515,0.81095,36.86908,4.9207666311905385,1.8331150432807721,0.0
8.58539,7.58417,49.94067,4014.94355,0.76988,36.87567,4.856478450881506,1.8091660045918307,0.0
8.62835,7.61678,50.01934,4012.05734,0.72736,36.8823,4.796135610185108,1.7866867087167286,0.0
8.67129,7.64936,50.09342,4009.2147,0.68349,36.88896,4.739700623967646,1.7656631914568697,0.0
8.71419,7.68194,50.16278,4006.41377,0.63834,36.89566,4.687135086467499,1.7460811456555339,0.0
8.75705,7.7145,50.22729,4003.65274,0.59199,36.90241,4.638400331548928,1.7279261671597905,0.0
8.79988,7.74705,50.28684,4000.92975,0.54453,36.90919,4.593458025757788,1.7111839757493574,0.0
8.84268,7.77958,50.34132,3998.24296,0.49603,36.91601,4.552270698394367,1.6958406126026788,0.0
8.88545,7.8121,50.39065,3995.59055,0.44659,36.92287,4.514802212783823,1.6818826158575617,0.0
8.92818,7.84461,50.43473,3992.97067,0.39627,36.92977,4.48101818272229,1.669297175748311,0.0
8.97089,7.87711,50.47347,3990.38148,0.34516,36.93671,4.450886337922679,1.6580722707439046,0.0
9.01356,7.90959,50.50682,3987.82115,0.29333,36.94369,4.424376841995678,1.64819678600428,0.0
9.0562,7.94206,50.5347,3985.28782,0.24087,36.95072,4.401462566256282,1.6396606153804743,0.0
9.09881,7.97453,50.55706,3982.77964,0.18784,36.95778,4.382119322330461,1.6324547480667277,0.0
9.14138,8.00698,50.57386,3980.29477,0.13434,36.96488,4.366326056209063,1.6265713408906664,0.0
9.18393,8.03942,50.58505,3977.83132,0.08042,36.97202,4.354065006077756,1.62200377710911,0.0
9.22645,8.07184,50.5906,3975.38743,0.02618,36.97921,4.345321825879407,1.6187467124383081,0.0
9.26894,8.10426,50.59049,3972.9612,-0.02832,36.98643,4.34008567624801,1.616796108929224,0.0
9.3114,8.13667,50.5847,3970.55074,-0.08299,36.9937,4.338349284055419,1.6161492571502563,0.0
9.35382,8.16907,50.57323,3968.15411,-0.13777,37.001,4.340108971496436,1.616804787022198,0.0
9.39622,8.20146,50.55608,3965.7694,-0.19257,37.00835,4.345364655250796,1.6187626675060596,0.0
9.43859,8.23383,50.53325,3963.39464,-0.24732,37.01573,4.354119815916477,1.6220241952161667,0.0
9.48093,8.2662,50.50476,3961.02784,-0.30195,37.02316,4.366381437562775,1.6265919719020951,0.0
9.52324,8.29856,50.47064,3958.66701,-0.35637,37.03063,4.382159916881553,1.6324698706051162,0.0
9.56552,8.33091,50.43091,3956.31012,-0.41051,37.03814,4.401468941111587,1.6396629901818085,0.0
9.60777,8.36325,50.38561,3953.95511,-0.4643,37.04569,4.424325333532987,1.6481775977466584,0.0
9.65,8.39558,50.3348,3951.59988,-0.51764,37.05327,4.450748865041773,1.6580210584786381,0.0
9.69219,8.4279,50.27853,3949.24233,-0.57048,37.0609,4.480762029986175,1.6692017521143245,0.0
9.73435,8.46021,50.21686,3946.88031,-0.62272,37.06857,4.514389784153986,1.681728975341297,0.0
9.77648,8.49251,50.14987,3944.51161,-0.6743,37.07628,4.551659242531524,1.6956128292053974,0.0
9.81859,8.5248,50.07763,3942.13403,-0.72512,37.08403,4.592599334203788,1.710864090551958,0.0
9.86066,8.55708,50.00023,3939.7453,-0.77511,37.09182,4.637240411534051,1.727494066434916,0.0
9.90271,8.58935,49.91777,3937.34312,-0.82418,37.09964,4.685613810615469,1.7455144303734758,0.0
9.94472,8.62161,49.83036,3934.92517,-0.87227,37.10751,4.737751359804153,1.7649370392677413,0.0
9.98671,8.65386,49.73811,3932.48906,-0.91927,37.11541,4.793684833109368,1.7857737297721894,0.0
10.02866,8.68611,49.64113,3930.03239,-0.96511,37.12336,4.853445345175235,1.8080360929104307,0.0
10.07058,8.71834,49.53956,3927.5527,-1.0097,37.13134,4.91706268466058,1.8317352257416641,0.0
10.11247,8.75056,49.43355,3925.04751,-1.05296,37.13936,4.98456458298726,1.8568814589501896,0.0
10.15434,8.78277,49.32323,3922.51429,-1.09481,37.14741,5.055975915676624,1.8834840593222237,0.0
10.19617,8.81497,49.20876,3919.95047,-1.13515,37.15551,5.131317833886223,1.911550906220474,0.0
10.23796,8.84716,49.09031,3917.35348,-1.17389,37.16364,5.21060682428344,1.9410881413623322,0.0
10.27973,8.87934,48.96806,3914.72068,-1.21096,37.17181,5.29385369605196,1.9720997914531266,0.0
10.32146,8.91151,48.84218,3912.04943,-1.24627,37.18001,5.381062494705827,2.004587363553283,0.0
10.36316,8.94367,48.71286,3909.33707,-1.27972,37.18825,5.4722293433818034,2.0385494134292395,0.0
10.40483,8.97581,48.58032,3906.58089,-1.31123,37.19653,5.56734121357439,2.0739810876198965,0.0
10.44646,9.00794,48.44475,3903.7782,-1.34071,37.20484,5.666374628687337,2.110873640475444,0.0
10.48806,9.04006,48.30637,3900.9263,-1.36807,37.21318,5.769294305488674,2.1492139280636158,0.0
10.52962,9.07217,48.16542,3898.02247,-1.39324,37.22156,5.876051740482765,2.188983881556084,0.0
10.57115,9.10426,48.02212,3895.06403,-1.41611,37.22997,5.986583750333356,2.2301599634976403,0.0
10.61264,9.13634,47.87672,3892.04831,-1.43662,37.23842,6.100810977886219,2.272712611260322,0.0
10.6541,9.16841,47.72947,3888.97264,-1.45467,37.24689,6.218636377891008,2.3166056729349616,0.0
10.69552,9.20046,47.58063,3885.83441,-1.47019,37.2554,6.339943699321897,2.3617958419556895,0.0
10.7369,9.2325,47.43047,3882.63109,-1.4831,37.26394,6.464595984071519,2.4082320978239276,0.0
10.77824,9.26452,47.27926,3879.36015,-1.49332,37.27251,6.592434104827536,2.455855161428938,0.0
10.81954,9.29652,47.12727,3876.01919,-1.50079,37.28112,6.7232753679247335,2.504596974573468,0.0
10.86081,9.32851,46.97481,3872.60588,-1.50543,37.28975,6.856912209944036,2.5543802144225904,0.0
10.90203,9.36048,46.82215,3869.118,-1.50719,37.2984,6.9931110196077375,2.605117854628678,0.0
10.94321,9.39244,46.66961,3865.55345,-1.50601,37.30709,7.131611119049101,2.656712785827523,0.0
10.98435,9.42437,46.51747,3861.91027,-1.50184,37.31581,7.272123940607023,2.709057508972691,0.0
11.02545,9.45629,46.36606,3858.18665,-1.49463,37.32455,7.414332436876625,2.7620339155638476,0.0
11.0665,9.48819,46.21567,3854.38099,-1.48434,37.33332,7.557890762569512,2.815513169131328,0.0
11.10751,9.52007,46.06663,3850.49183,-1.47095,37.34211,7.702424266747226,2.869355702342895,0.0
11.14847,9.55192,45.91925,3846.51796,-1.45443,37.35093,7.847529832956045,2.923411343712908,0.0
11.18939,9.58376,45.77384,3842.45838,-1.43478,37.35977,7.992776602629646,2.9775195870888385,0.0
11.23026,9.61557,45.63072,3838.31234,-1.41198,37.36863,8.137707113706556,3.031510015816237,0.0
11.27108,9.64736,45.4902,3834.07936,-1.38605,37.37752,8.281838881600798,3.0852028916918943,0.0
11.31185,9.67913,45.3526,3829.75923,-1.35701,37.38643,8.424666443438722,3.1384099164958457,0.0
11.35257,9.71087,45.21822,3825.35203,-1.32488,37.39535,8.565663878909104,3.190935171074366,0.0
11.39325,9.74259,45.08736,3820.85818,-1.2897,37.4043,8.704287812008348,3.2425762335690305,0.0
11.43387,9.77428,44.96032,3816.27837,-1.25154,37.41327,8.839980887782012,3.2931254745944187,0.0
11.47443,9.80595,44.83739,3811.61366,-1.21045,37.42226,8.972175706861481,3.3423715229565474,0.0
11.51495,9.83759,44.71885,3806.86542,-1.16652,37.43126,9.100299188479564,3.390100890990974,0.0
11.55541,9.8692,44.60498,3802.03539,-1.11984,37.44029,9.223777320170493,3.4360997439510217,0.0
11.59581,9.90079,44.49602,3797.12563,-1.07051,37.44933,9.342040239633901,3.480155793135826,0.0
11.63616,9.93234,44.39223,3792.13855,-1.01866,37.45838,9.454527582102099,3.5220602879253384,0.0
11.67645,9.96387,44.29385,3787.07692,-0.9644,37.46745,9.560694015090125,3.5616100776203488,0.0
11.71668,9.99536,44.20108,3781.94381,-0.9079,37.47654,9.66001487237369,3.5986097102475103,0.0
11.75686,10.02682,44.11413,3776.74265,-0.8493,37.48564,9.751991790824302,3.6328735324287376,0.0
11.79697,10.05826,44.0332,3771.47715,-0.78877,37.49475,9.836158247829506,3.6642277522159397,0.0
11.83703,10.08966,43.95843,3766.15134,-0.72649,37.50387,9.912084893702147,3.6925124255537844,0.0
11.87702,10.12102,43.88999,3760.76951,-0.66264,37.51301,9.979384573199736,3.717583326927776,0.0
11.91695,10.15236,43.82799,3755.33619,-0.59743,37.52216,10.03771693315764,3.739313665828858,0.0
11.95682,10.18366,43.77255,3749.85617,-0.53105,37.53133,10.086792519217122,3.7575956128923975,0.0
11.99659,10.21498,43.72042,3744.34213,-0.53158,37.70447,10.131159720986858,3.774123562922959,44.999999232382756
12.0362,10.24639,43.66835,3738.80337,-0.53153,37.87863,10.175459899597328,3.7906265450632097,44.999999232382756
12.07566,10.27787,43.61639,3733.23981,-0.53089,38.0538,10.219613405651867,3.807074887817188,44.999999232382756
12.11497,10.30944,43.5646,3727.65141,-0.52967,38.22998,10.263533005221195,3.823436094250976,44.999999232382756
12.15412,10.34109,43.51303,3722.03816,-0.52787,38.40717,10.307131038690292,3.8396775088515143,44.999999232382756
12.19312,10.37282,43.46174,3716.40014,-0.52549,38.58537,10.350319674637309,3.8557664121031805,44.999999232382756
12.23196,10.40463,43.41079,3710.73745,-0.52255,38.76458,10.393011175089374,3.8716701193025553,44.999999232382756
12.27065,10.43652,43.36024,3705.05024,-0.51904,38.94478,10.435118171041037,3.887356083196292,44.999999232382756
12.30918,10.4685,43.31012,3699.33874,-0.51498,39.12598,10.476553947062108,3.902792000005024,44.999999232382756
12.34755,10.50055,43.2605,3693.60319,-0.51038,39.30817,10.517232733537607,3.9179459182904353,44.999999232382756
12.38576,10.53268,43.21143,3687.8439,-0.50525,39.49133,10.55707000511458,3.9327863501345566,44.999999232382756
12.42381,10.56489,43.16296,3682.06125,-0.4996,39.67546,10.595982783617913,3.9472823839838704,44.999999232382756
12.4617,10.59719,43.11513,3676.25563,-0.49346,39.86054,10.633889943741295,3.961403798527241,44.999999232382756
12.49943,10.62956,43.06799,3670.42752,-0.48682,40.04656,10.670712519594142,3.9751211768927064,44.999999232382756
12.537,10.66201,43.02159,3664.5774,-0.47972,40.23351,10.70637401016516,3.9884060204406993,44.999999232382756
12.5744,10.69454,42.97596,3658.70585,-0.47217,40.42137,10.740800681687006,4.001230861402831,44.999999232382756
12.61164,10.72714,42.93115,3652.81345,-0.46419,40.61012,10.773921864783375,4.013569373577004,44.999999232382756
12.64872,10.75983,42.88719,3646.90085,-0.4558,40.79975,10.805670244346546,4.025396480314426,44.999999232382756
12.68562,10.79259,42.84413,3640.96873,-0.44702,40.99022,10.835982139993954,4.036688458997061,44.999999232382756
12.72236,10.82543,42.80198,3635.01781,-0.43788,41.18153,10.86479777504449,4.047423041238375,44.999999232382756
12.75894,10.85835,42.76079,3629.04887,-0.42841,41.37365,10.892061531935278,4.05757950803281,44.999999232382756
12.79535,10.89134,42.72059,3623.06269,-0.41862,41.56656,10.917722192149633,4.067138779135262,44.999999232382756
12.83158,10.92441,42.68139,3617.06012,-0.40854,41.76022,10.94173315871246,4.076083495946468,44.999999232382756
12.86765,10.95755,42.64322,3611.04201,-0.39821,41.95463,10.964052659536573,4.08439809726486,44.999999232382756
12.90355,10.99077,42.60611,3605.00926,-0.38765,42.14975,10.984643929948346,4.092068887282177,44.999999232382756
12.93928,11.02407,42.57006,3598.96279,-0.37688,42.34555,11.003475372939668,4.09908409528153,44.999999232382756
12.97484,11.05743,42.53509,3592.90355,-0.36594,42.54201,11.020520695841643,4.105433926551953,44.999999232382756
13.01023,11.09088,42.50122,3586.83249,-0.35486,42.7391,11.035759022323832,4.111110604111069,44.999999232382756
13.04544,11.12439,42.46845,3580.7506,-0.34367,42.93679,11.04917497881793,4.116108400900181,44.999999232382756
13.08048,11.15798,42.43679,3574.65887,-0.3324,43.13506,11.060758754707413,4.1204236622065,44.999999232382756
13.11535,11.19164,42.40623,3568.55832,-0.32107,43.33386,11.070506135817716,4.12405481813912,44.999999232382756
13.15005,11.22537,42.37679,3562.44996,-0.30973,43.53319,11.078418511009856,4.127002386085312,44.999999232382756
13.18457,11.25917,42.34846,3556.33482,-0.2984,43.73299,11.084502851890067,4.129268963151835,44.999999232382756
13.21892,11.29304,42.32123,3550.21391,-0.28711,43.93326,11.088771665905401,4.130859208691804,44.999999232382756
13.25309,11.32699,42.29509,3544.08827,-0.2759,44.13394,11.091242923302381,4.131779817094873,44.999999232382756
13.28709,11.361,42.27002,3537.95891,-0.26479,44.33503,11.091939958655958,4.132039481104186,44.999999232382756
13.32092,11.39508,42.24603,3531.82685,-0.25381,44.53648,11.09089134788892,4.131648846002855,44.999999232382756
13.35457,11.42922,42.22308,3525.69309,-0.243,44.73827,11.088130761914403,4.130620455091958,44.999999232382756
13.38804,11.46344,42.20116,3519.55863,-0.23239,44.94037,11.083696798164034,4.128968686930338,44.999999232382756
13.42134,11.49772,42.18025,3513.42443,-0.222,45.14276,11.077632791509233,4.126709684897807,44.999999232382756
13.45446,11.53206,42.16031,3507.29147,-0.21186,45.3454,11.06998660613326,4.123861279662011,44.999999232382756
13.48741,11.56647,42.14133,3501.16067,-0.20201,45.54827,11.060810410131309,4.120442905211037,44.999999232382756
13.52018,11.60095,42.12327,3495.03295,-0.19246,45.75134,11.050160434623557,4.116475509116679,44.999999232382756
13.55277,11.63549,42.1061,3488.9092,-0.18324,45.95459,11.038096719306587,4.111981457745655,44.999999232382756
13.58519,11.67009,42.08979,3482.79028,-0.17438,46.158,11.024682846426703,4.106984437157661,44.999999232382756
13.61743,11.70475,42.07429,3476.67702,-0.1659,46.36154,11.00998566510597,4.101509350409574,44.999999232382756
13.64949,11.73947,42.05957,3470.57021,-0.15783,46.56518,10.994075008074383,4.095582212030726,44.999999232382756
13.68138,11.77426,42.04559,3464.47062,-0.15019,46.76892,10.977023402766974,4.089230040398978,44.999999232382756
13.7131,11.80911,42.03231,3458.37898,-0.14299,46.97272,10.958905778739329,4.082480748745303,44.999999232382756
13.74463,11.84401,42.01969,3452.29597,-0.13626,47.17658,10.939799173299495,4.075363035493919,44.999999232382756
13.77599,11.87897,42.00767,3446.22225,-0.13001,47.38047,10.9197824371693,4.067906274613397,44.999999232382756
13.80718,11.91399,41.99621,3440.15843,-0.12426,47.58437,10.898935941935571,4.060140406634533,44.999999232382756
13.83819,11.94907,41.98527,3434.10508,-0.11903,47.78827,10.877341290907841,4.052095830937239,44.999999232382756
13.86902,11.98421,41.97479,3428.06272,-0.11433,47.99217,10.85508103488908,4.043803299867664,44.999999232382756
13.89968,12.0194,41.96473,3422.03185,-0.11017,48.19604,10.832238394296478,4.035293815220872,44.999999232382756
13.93016,12.05464,41.95504,3416.0129,-0.10657,48.39987,10.808896988865456,4.026598527548478,44.999999232382756
13.96047,12.08994,41.94565,3410.00627,-0.10353,48.60367,10.785140576093452,4.017748638722067,44.999999232382756
13.9906,12.12529,41.93653,3404.01231,-0.10106,48.80741,10.761052799378794,4.008775308108309,44.999999232382756
14.02055,12.16069,41.92762,3398.03133,-0.09917,49.01109,10.73671694673801,3.999709562684797,44.999999232382756
14.05034,12.19615,41.91887,3392.06359,-0.09786,49.21471,10.7122157207978,3.9905822113560157,44.999999232382756
14.07994,12.23166,41.91023,3386.10932,-0.09714,49.41827,10.687631020612239,3.981423763674501,44.999999232382756
14.10938,12.26721,41.90163,3380.16868,-0.09702,49.62175,10.663043735765894,3.9722643531388386,44.999999232382756
14.13864,12.30282,41.89304,3374.2418,-0.09748,49.82517,10.638533553032705,3.9631336651690043,44.999999232382756
14.16772,12.33848,41.88439,3368.32878,-0.09853,50.02852,10.614178775790108,3.954060869833381,44.999999232382756
14.19664,12.37418,41.87564,3362.42964,-0.10017,50.2318,10.590056156236297,3.945074559345267,44.999999232382756
14.22538,12.40993,41.86674,3356.54439,-0.1024,50.43502,10.566240740348137,3.9362026903056226,44.999999232382756
14.25394,12.44573,41.85763,3350.67298,-0.1052,50.63819,10.542805725439699,3.9274725306398772,44.999999232382756
14.28233,12.48157,41.84827,3344.81533,-0.10859,50.8413,10.519822330075955,3.9189106111373553,44.999999232382756
14.31055,12.51746,41.8386,3338.97131,-0.11253,51.04436,10.497359675980775,3.9105426814589013,44.999999232382756
14.3386,12.5534,41.82858,3333.14076,-0.11704,51.2474,10.47548468158576,3.902393670481015,44.999999232382756
14.36648,12.58938,41.81816,3327.32346,-0.1221,51.4504,10.454261966710094,3.894487650786595,44.999999232382756
14.39418,12.6254,41.80729,3321.51918,-0.12769,51.6534,10.433753767859983,3.8868478071117405,44.999999232382756
14.42171,12.66146,41.79593,3315.72763,-0.13381,51.85639,10.414019863617225,3.879496408551044,44.999999232382756
14.44907,12.69757,41.78404,3309.9485,-0.14045,52.0594,10.395117509447235,3.8724547842718513,44.999999232382756
14.47626,12.73371,41.77158,3304.18143,-0.14758,52.26243,10.377101381377468,3.865743302533005,44.999999232382756
14.50328,12.7699,41.7585,3298.42603,-0.15519,52.46551,10.360023527829785,3.859381352741122,44.999999232382756
14.53012,12.80613,41.74476,3292.6819,-0.16327,52.66865,10.343933329009339,3.8533873303218953,44.999999232382756
14.5568,12.8424,41.73034,3286.94858,-0.17179,52.87186,10.328877463149286,3.8477786241453535,44.999999232382756
14.5833,12.8787,41.71519,3281.2256,-0.18075,53.07517,10.314899878990474,3.8425716062738235,44.999999232382756
14.60964,12.91505,41.69927,3275.51244,-0.19012,53.2786,10.302041773826142,3.837781623783,44.999999232382756
14.6358,12.95143,41.68257,3269.80856,-0.19988,53.48217,10.290341576507293,3.8334229924310104,44.999999232382756
14.66179,12.98785,41.66504,3264.11342,-0.21001,53.6859,10.27983493479666,3.829508991947418,44.999999232382756
14.68761,13.0243,41.64667,3258.42643,-0.22049,53.8898,10.270554706493725,3.826051862727073,44.999999232382756
14.71326,13.06079,41.62742,3252.74697,-0.23129,54.09391,10.262530953790169,3.8230628037273586,44.999999232382756
14.73874,13.09731,41.60727,3247.07442,-0.2424,54.29825,10.255790940346964,3.820551971379339,44.999999232382756
14.76406,13.13387,41.5862,3241.40813,-0.25379,54.50285,10.250359130616884,3.8185284793353684,44.999999232382756
14.7892,13.17047,41.56419,3235.74742,-0.26543,54.70772,10.246257190983767,3.817000398893504,44.999999232382756
14.81416,13.20709,41.54122,3230.09161,-0.27731,54.91289,10.243503992351437,3.8159747599619456,44.999999232382756
14.83896,13.24375,41.51728,3224.44001,-0.28939,55.11839,10.242115613805499,3.8154575524231458,44.999999232382756
14.86359,13.28044,41.49236,3218.79188,-0.30166,55.32424,10.242105347089296,3.815453727801226,44.999999232382756
14.88805,13.31716,41.46644,3213.14651,-0.31407,55.53048,10.243483701646424,3.8159672011404484,44.999999232382756
14.91234,13.35391,41.43952,3207.50314,-0.32662,55.73713,10.246258410008927,3.817000853012452,44.999999232382756
14.93645,13.39069,41.41159,3201.86104,-0.33927,55.94421,10.25043443343462,3.81855653161631,44.999999232382756
14.9604,13.4275,41.38264,3196.21942,-0.352,56.15176,10.256013967656957,3.8206350549205124,44.999999232382756
14.98417,13.46434,41.35268,3190.57754,-0.36478,56.3598,10.262996448736923,3.8232362128429336,44.999999232382756
15.00778,13.50121,41.3217,3184.93461,-0.37759,56.56836,10.271378559017762,3.826358769469141,44.999999232382756
15.03121,13.53811,41.28971,3179.28986,-0.39039,56.77748,10.281154233224472,3.830000465324609,44.999999232382756
15.05447,13.57503,41.25672,3173.6425,-0.40316,56.98716,10.292314664855768,3.8341580197558964,44.999999232382756
15.07756,13.61198,41.22272,3167.99176,-0.41588,57.19746,10.30484831298709,3.8388271334649438,44.999999232382756
15.10048,13.64895,41.18774,3162.33686,-0.42851,57.40838,10.318740909707385,3.844002491279473,44.999999232382756
15.12322,13.68595,41.15177,3156.67701,-0.44104,57.61997,10.333975468446031,3.8496777652549836,44.999999232382756
15.14579,13.72297,41.11485,3151.01144,-0.45343,57.83225,10.350532293454583,3.8558456182069523,44.999999232382756
15.16819,13.76002,41.07697,3145.33938,-0.46566,58.04524,10.368388990805007,3.8624977078079707,44.999999232382756
15.19041,13.79709,41.03816,3139.66006,-0.47771,58.25899,10.387520481264398,3.8696246913839025,44.999999232382756
15.21246,13.83419,40.99845,3133.97274,-0.48955,58.4735,10.407899015435438,3.877216231554119,44.999999232382756
15.23434,13.8713,40.95784,3128.27667,-0.50115,58.68881,10.429494191634056,3.8852610028913883,44.999999232382756
15.25604,13.90844,40.91637,3122.57112,-0.51249,58.90495,10.452272976936104,3.8937466997623136,44.999999232382756
15.27757,13.9456,40.87406,3116.85535,-0.52356,59.12194,10.476199731904423,3.9026600455388234,44.999999232382756
15.29892,13.98278,40.83094,3111.12868,-0.53432,59.3398,10.501236239491238,3.911986803365073,44.999999232382756
15.3201,14.01998,40.78703,3105.39041,-0.54475,59.55857,10.527341738654222,3.9217117886803066,44.999999232382756
15.3411,14.05719,40.74237,3099.63987,-0.55483,59.77826,10.554472963194167,3.9318188836869177,44.999999232382756
15.36192,14.09443,40.697,3093.8764,-0.56455,59.9989,10.582584186382629,3.942291053975417,44.999999232382756
15.38257,14.13168,40.65093,3088.09939,-0.57387,60.22052,10.611627271880502,3.9531103674929446,44.999999232382756
15.40304,14.16895,40.60422,3082.30821,-0.58279,60.44313,10.641551731492338,3.964258016058273,44.999999232382756
15.42333,14.20623,40.55689,3076.50229,-0.59128,60.66675,10.672304790272012,3.9757143396153762,44.999999232382756
15.44344,14.24353,40.50899,3070.68107,-0.59933,60.89141,10.703831459430388,3.9874588533934605,44.999999232382756
15.46337,14.28085,40.46054,3064.84402,-0.60693,61.11712,10.736074617551246,3.9994702781620286,44.999999232382756
15.48313,14.31818,40.4116,3058.99063,-0.61404,61.34391,10.76897510050073,4.011726573724518,44.999999232382756
15.5027,14.35552,40.36221,3053.12044,-0.62068,61.57179,10.802471800414038,4.024204975793443,44.999999232382756
15.52209,14.39287,40.3124,3047.233,-0.62681,61.80077,10.83650177410848,4.0368820363771185,44.999999232382756
15.5413,14.43024,40.26222,3041.32791,-0.63243,62.03087,10.871000361129079,4.0497336677547455,44.999999232382756
15.56033,14.46761,40.21171,3035.40478,-0.63752,62.26211,10.905901311704811,4.062735190143482,44.999999232382756
15.57918,14.505,40.16091,3029.46329,-0.64209,62.4945,10.941136924680878,4.0758613830818415,44.999999232382756
15.59784,14.5424,40.10987,3023.50312,-0.64612,62.72805,10.97663819548495,4.089086540551012,44.999999232382756
15.61632,14.5798,40.05864,3017.52402,-0.6496,62.96276,11.01233497411417,4.102384529829169,44.999999232382756
15.63461,14.61722,40.00725,3011.52574,-0.65254,63.19866,11.048156132969995,4.115728854014377,44.999999232382756
15.65272,14.65464,39.95576,3005.50811,-0.65492,63.43574,11.084029744351627,4.129092718145559,44.999999232382756
15.67065,14.69206,39.90421,2999.47097,-0.65674,63.67401,11.119883267246935,4.142449098787023,44.999999232382756
15.68838,14.72949,39.85264,2993.41421,-0.65801,63.91348,11.155643743012796,4.1557708169245515,44.999999232382756
15.70594,14.76693,39.80109,2987.33777,-0.65873,64.15414,11.191237999393078,4.169030613967457,44.999999232382756
15.7233,14.80437,39.74962,2981.24162,-0.65889,64.39601,11.226592862240322,4.182201230620483,44.999999232382756
15.74048,14.84181,39.69826,2975.12577,-0.6585,64.63908,11.261635374190451,4.195255488345888,44.999999232382756
15.75747,14.87926,39.64706,2968.99028,-0.65757,64.88334,11.296293019439815,4.208166373098803,44.999999232382756
15.77426,14.9167,39.59605,2962.83524,-0.6561,65.12881,11.330493953668686,4.2209071209797955,44.999999232382756
15.79087,14.95415,39.54529,2956.6608,-0.65411,65.37547,11.36416723807447,4.233451305418385,44.999999232382756
15.80729,14.99159,39.4948,2950.46714,-0.65159,65.62331,11.397243076379413,4.24577292546466,44.999999232382756
15.82352,15.02903,39.44464,2944.25448,-0.64857,65.87234,11.429653053584492,4.257846494731374,44.999999232382756
15.83956,15.06647,39.39484,2938.02308,-0.64506,66.12254,11.461330375192677,4.269647130510917,44.999999232382756
15.85541,15.10391,39.34542,2931.77324,-0.64106,66.3739,11.492210105551692,4.281150642564255,44.999999232382756
15.87107,15.14134,39.29644,2925.50532,-0.6366,66.62641,11.52222940391418,4.292333621059559,44.999999232382756
15.88653,15.17876,39.24792,2919.21969,-0.63169,66.88006,11.551327756763913,4.303173523119825,44.999999232382756
15.9018,15.21618,39.1999,2912.91678,-0.62635,67.13483,11.579447204980653,4.313648757447773,44.999999232382756
15.91688,15.25359,39.1524,2906.59703,-0.6206,67.39071,11.606532564347452,4.3237387664706,44.999999232382756
15.93176,15.291,39.10546,2900.26093,-0.61446,67.64769,11.63253163793009,4.333424105456929,44.999999232382756
15.94645,15.32839,39.05911,2893.90903,-0.60795,67.90573,11.657395418925871,4.342686518083308,44.999999232382756
15.96095,15.36577,39.01335,2887.54186,-0.60109,68.16484,11.6810782825309,4.351509007909827,44.999999232382756
15.97525,15.40314,38.96823,2881.16001,-0.59392,68.42498,11.703538165520518,4.359875905278547,44.999999232382756
15.98936,15.4405,38.92377,2874.76411,-0.58645,68.68613,11.724736732212044,4.367772929138999,44.999999232382756
16.00327,15.47784,38.87997,2868.3548,-0.57871,68.94828,11.744639525662482,4.375187243373299,44.999999232382756
16.01699,15.51517,38.83686,2861.93274,-0.57073,69.2114,11.76321610297431,4.3821075072011215,44.999999232382756
16.03051,15.55249,38.79445,2855.49862,-0.56253,69.47547,11.780440153711575,4.388523919292802,44.999999232382756
16.04383,15.58979,38.75276,2849.05315,-0.55415,69.74045,11.796289600586547,4.3944282552777745,44.999999232382756
16.05696,15.62706,38.71179,2842.59707,-0.5456,70.00634,11.810746681657372,4.399813898365353,44.999999232382756
16.06989,15.66432,38.67155,2836.13112,-0.53693,70.2731,11.823798013472633,4.404675862867745,44.999999232382756
16.08263,15.70156,38.63206,2829.65606,-0.52816,70.5407,11.835434634677258,4.4090108104444,44.999999232382756
16.09517,15.73878,38.5933,2823.17265,-0.51931,70.80913,11.845652029836629,4.412817058977112,44.999999232382756
16.10752,15.77598,38.55529,2816.68168,-0.51043,71.07834,11.854450133313286,4.416094584014202,44.999999232382756
16.11967,15.81315,38.51802,2810.18393,-0.50154,71.34833,11.861833313233188,4.418845012797519,44.999999232382756
16.13162,15.8503,38.4815,2803.6802,-0.49268,71.61905,11.86781033571565,4.421071610937163,44.999999232382756
16.14337,15.88743,38.4457,2797.17127,-0.48386,71.89049,11.872394309714036,4.422779261863177,44.999999232382756
16.15493,15.92453,38.41063,2790.65794,-0.47513,72.16261,11.875602612922862,4.423974439224002,44.999999232382756
16.1663,15.9616,38.37627,2784.14099,-0.46651,72.43539,11.87745679941099,4.424665172477411,44.999999232382756
16.17747,15.99864,38.34262,2777.62121,-0.45803,72.70881,11.877982489713006,4.424861005946658,44.999999232382756
16.18844,16.03565,38.30965,2771.09937,-0.44972,72.98283,11.87720924426824,4.42457295167317,44.999999232382756
16.19922,16.07263,38.27736,2764.57623,-0.44162,73.25743,11.875170421203853,4.423813436437023,44.999999232382756
16.2098,16.10958,38.24572,2758.05255,-0.43374,73.53259,11.871903019554432,4.422596243352102,44.999999232382756
16.22018,16.1465,38.21472,2751.52905,-0.42612,73.80828,11.86744750908483,4.4209364484706395,44.999999232382756
16.23037,16.18338,38.18432,2745.00647,-0.41878,74.08448,11.861847647990936,4.418850352871951,44.999999232382756
16.24037,16.22023,38.15452,2738.48551,-0.41175,74.36117,11.855150289761696,4.416355410713458,44.999999232382756
16.25017,16.25704,38.12528,2731.96684,-0.40506,74.63832,11.84740518056388,4.4134701537511845,44.999999232382756
16.25978,16.29382,38.09657,2725.45112,-0.39872,74.91591,11.838664748536027,4.4102141128462025,44.999999232382756
16.26919,16.33056,38.06837,2718.93899,-0.39277,75.19392,11.828983886350409,4.406607736963245,44.999999232382756
16.27841,16.36726,38.04064,2712.43106,-0.38722,75.47234,11.818419728478714,4.4026723101963166,44.999999232382756
16.28744,16.40392,38.01336,2705.92791,-0.38209,75.75113,11.807031424488176,4.39842986731553,44.999999232382756
16.29628,16.44054,37.9865,2699.4301,-0.37741,76.0303,11.794879909742406,4.393903108347134,44.999999232382756
16.30492,16.47711,37.96001,2692.93814,-0.37318,76.30982,11.782027674796495,4.389115312667129,44.999999232382756
16.31337,16.51365,37.93387,2686.45253,-0.36944,76.58968,11.768538534757738,4.384090253082056,44.999999232382756
16.32163,16.55014,37.90803,2679.97374,-0.3662,76.86986,11.754477399787017,4.378852110334735,44.999999232382756
16.3297,16.58658,37.88247,2673.50219,-0.36346,77.15035,11.739910047867072,4.373425388454459,44.999999232382756
16.33757,16.62298,37.85714,2667.03828,-0.36124,77.43115,11.724902900908738,4.367834831350679,44.999999232382756
16.34526,16.65934,37.83201,2660.58236,-0.35956,77.71224,11.709522805128362,4.362105340997814,44.999999232382756
16.35276,16.69564,37.80704,2654.13477,-0.35842,77.99362,11.693836816595505,4.356261897546127,44.999999232382756
16.36007,16.7319,37.78219,2647.6958,-0.35783,78.27527,11.677911992750118,4.350329481656387,44.999999232382756
16.36719,16.7681,37.75742,2641.2657,-0.3578,78.5572,11.661815190545974,4.3443329993029876,44.999999232382756
16.37412,16.80426,37.73269,2634.84469,-0.35834,78.83941,11.645612871888302,4.338297209294344,44.999999232382756
16.38087,16.84037,37.70797,2628.43296,-0.35944,79.12188,11.629370916814278,4.3322466536777124,44.999999232382756
16.38743,16.87642,37.68321,2622.03065,-0.36111,79.40462,11.613154444884835,4.326205591202939,44.999999232382756
16.3938,16.91242,37.65838,2615.63788,-0.36336,79.68764,11.597027645101623,4.320197933962052,44.999999232382756
16.39999,16.94836,37.63344,2609.25472,-0.36618,79.97093,11.581053614588512,4.314247187293881,44.999999232382756
16.40599,16.98425,37.60834,2602.88123,-0.36956,80.2545,11.565294206245085,4.308376393030964,44.999999232382756
16.4118,17.02009,37.58306,2596.5174,-0.37352,80.53836,11.549809885401263,4.302608076099641,44.999999232382756
16.41744,17.05586,37.55755,2590.16321,-0.37803,80.8225,11.534659595552373,4.296964194502811,44.999999232382756
16.42288,17.09158,37.53178,2583.81859,-0.3831,81.10695,11.519900633102019,4.29146609265838,44.999999232382756
16.42815,17.12724,37.50571,2577.48346,-0.38872,81.39171,11.505588530986522,4.286134458046288,44.999999232382756
16.43323,17.16284,37.47931,2571.15769,-0.39488,81.67679,11.491776951070038,4.280989281122859,44.999999232382756
16.43813,17.19838,37.45254,2564.84111,-0.40156,81.9622,11.47851758506802,4.276049818412191,44.999999232382756
16.44285,17.23386,37.42537,2558.53354,-0.40876,82.24796,11.465860063752343,4.271334558682671,44.999999232382756
16.44739,17.26928,37.39777,2552.23477,-0.41647,82.53409,11.453851874191978,4.266861192116953,44.999999232382756
16.45175,17.30463,37.3697,2545.94453,-0.42467,82.8206,11.442538284676676,4.262646582344047,44.999999232382756
16.45592,17.33992,37.34115,2539.66255,-0.43334,83.1075,11.431962277029644,4.258706741224019,44.999999232382756
16.45992,17.37515,37.31207,2533.38853,-0.44247,83.39483,11.422164485936861,4.255056806246558,44.999999232382756
16.46374,17.4103,37.28245,2527.12214,-0.45204,83.68259,11.413183144966668,4.251711020421859,44.999999232382756
16.46738,17.4454,37.25225,2520.86301,-0.46204,83.9708,11.405054038885776,4.248682714517073,44.999999232382756
16.47084,17.48042,37.22145,2514.61078,-0.47244,84.2595,11.397810461954707,4.24598429152027,44.999999232382756
16.47413,17.51538,37.19004,2508.36503,-0.48323,84.54871,11.391483181813257,4.2436272131868185,44.999999232382756
16.47723,17.55026,37.15798,2502.12535,-0.49438,84.83844,11.386100408632181,4.241621988547582,44.999999232382756
16.48016,17.58508,37.12526,2495.89128,-0.50587,85.12873,11.381687769200472,4.2399781642557395,44.999999232382756
16.48292,17.61982,37.09187,2489.66236,-0.51768,85.41959,11.378268285652762,4.238704316662191,44.999999232382756
16.4855,17.6545,37.05778,2483.43811,-0.52979,85.71106,11.37586235850132,4.237808045494525,44.999999232382756
16.4879,17.6891,37.02297,2477.21804,-0.54216,86.00316,11.374487753775378,4.237295969066086,44.999999232382756
16.49013,17.72362,36.98745,2471.00161,-0.55479,86.29592,11.37415959396681,4.237173720902989,44.999999232382756
16.49218,17.75807,36.95119,2464.78832,-0.56764,86.58937,11.374890352606942,4.237445947723855,44.999999232382756
16.49406,17.79245,36.91419,2458.57761,-0.58069,86.88354,11.37668985228694,4.238116308702341,44.999999232382756
16.49577,17.82675,36.87644,2452.36893,-0.59391,87.17846,11.379565265977224,4.2391874759586585,44.999999232382756
16.4973,17.86097,36.83793,2446.16173,-0.60727,87.47416,11.383521121506977,4.240661136228315,44.999999232382756
16.49866,17.89511,36.79866,2439.95542,-0.62076,87.77066,11.388559309146956,4.242537993686903,44.999999232382756
16.49985,17.92917,36.75863,2433.74944,-0.63434,88.068,11.39467909222661,4.2448177739052575,44.999999232382756
16.50086,17.96316,36.71783,2427.54321,-0.64798,88.36622,11.401877120777927,4.247499228932153,44.999999232382756
16.5017,17.99706,36.67626,2421.33612,-0.66167,88.66533,11.41014744820694,4.2505801435048705,44.999999232382756
16.50237,18.03088,36.63394,2415.1276,-0.67537,88.96538,11.419481551034668,4.254057342403226,44.999999232382756
16.50287,18.06461,36.59086,2408.91705,-0.68906,89.26639,11.429868351806501,4.25792669898391,44.999999232382756
16.5032,18.09826,36.54704,2402.70388,-0.7027,89.56839,11.441294245217309,4.262183144912785,44.999999232382756
16.50336,18.13183,36.50247,2396.48751,-0.71628,89.87143,11.453743127639529,4.266820681164872,44.999999232382756
16.50334,18.16531,36.45716,2390.26733,-0.72977,90.17552,11.467196430147808,4.271832390326899,44.999999232382756
16.50324,18.1987,36.41491,2384.02859,-0.62223,90.18856,11.47539854811282,4.274887895079577,0.0
16.50313,18.23201,36.37949,2377.76109,-0.51452,90.20158,11.472167231908768,4.273684144772522,0.0
16.50302,18.26522,36.35084,2371.47122,-0.40706,90.21458,11.457624350443613,4.268266538780511,0.0
16.5029,18.29836,36.32892,2365.16535,-0.30025,90.22755,11.431973295137285,4.258710845759018,0.0
16.50277,18.3314,36.31362,2358.84984,-0.1945,90.2405,11.395488939547137,4.245119463340519,0.0
16.50263,18.36435,36.30485,2352.53096,-0.09019,90.25342,11.34851333074156,4.227619813057786,0.0
16.50249,18.39722,36.30247,2346.21488,0.0123,90.26632,11.291450563528556,4.206362430859175,0.0
16.50234,18.43,36.30631,2339.90762,0.11258,90.27919,11.224760966613765,4.181518801299515,0.0
16.50218,18.46269,36.3162,2333.61503,0.21031,90.29203,11.148954740976617,4.153278987667839,0.0
16.50202,18.49529,36.33194,2327.34273,0.30516,90.30486,11.064585196904321,4.121849112604601,0.0
16.50185,18.5278,36.35331,2321.09613,0.39679,90.31765,10.972241737441587,4.087448744252085,0.0
16.50167,18.56023,36.38008,2314.88037,0.48492,90.33042,10.872542732863135,4.050308241807923,0.0
16.50149,18.59257,36.412,2308.7003,0.56925,90.34317,10.76612842333197,4.01066611157857,0.0
16.5013,18.62482,36.4488,2302.56049,0.64955,90.35589,10.6536539762213,3.9687664206490343,0.0
16.50111,18.65698,36.49021,2296.46521,0.72556,90.36859,10.535782810948733,3.9248563102079914,0.0
16.50091,18.68906,36.53594,2290.4184,0.79708,90.38126,10.413180288571223,3.879183644755859,0.0
16.5007,18.72106,36.5857,2284.42368,0.86392,90.39391,10.286507846539678,3.831994827146567,0.0
16.50048,18.75297,36.63917,2278.48436,0.92591,90.40653,10.156417641591844,3.7835328029242046,0.0
16.50026,18.7848,36.69605,2272.60342,0.98292,90.41913,10.023547746453382,3.734035270967781,0.0
16.50004,18.81654,36.75602,2266.78352,1.03483,90.43171,9.888517929372536,3.6837331112568545,0.0
16.49981,18.8482,36.81876,2261.02701,1.08154,90.44427,9.751926030004629,3.632849034793137,0.0
16.49957,18.87978,36.88394,2255.33594,1.12298,90.4568,9.614344931186258,3.581596455506719,0.0
16.49932,18.91128,36.95125,2249.71205,1.15909,90.46931,9.476320113845507,3.530178579395777,0.0
16.49907,18.94271,37.02036,2244.15679,1.18984,90.48179,9.338367771945396,3.4787877022934177,0.0
16.49882,18.97405,37.09095,2238.67137,1.21522,90.49425,9.200973455904817,3.4276047045062774,0.0
16.49856,19.00532,37.16269,2233.25669,1.23523,90.5067,9.06459120644104,3.37679872814807,0.0
16.49829,19.03651,37.23527,2227.91345,1.24991,90.51912,8.929643136075972,3.3265270212396563,0.0
16.49802,19.06763,37.30838,2222.64207,1.25927,90.53151,8.796519412529568,3.2769349315226455,0.0
16.49774,19.09867,37.38171,2217.44278,1.26339,90.54389,8.665578596716749,3.2281560323721576,0.0
16.49745,19.12964,37.45495,2212.3156,1.26233,90.55625,8.537148287883788,3.1803123631270798,0.0
16.49716,19.16054,37.52782,2207.26034,1.25616,90.56859,8.411526029268304,3.1335147664722593,0.0
16.49686,19.19137,37.60002,2202.27663,1.24499,90.5809,8.288980429528669,3.087863306200461,0.0
16.49656,19.22212,37.67128,2197.36396,1.22892,90.5932,8.16975245761545,3.043447749586044,0.0
16.49625,19.25281,37.74131,2192.52163,1.20806,90.60547,8.05405687177686,3.000348099727097,0.0
16.49594,19.28344,37.80987,2187.74882,1.18253,90.61773,7.942083746751973,2.958635164465093,0.0
16.49562,19.31399,37.87668,2183.04456,1.15248,90.62997,7.834000066697914,2.918371149792179,0.0
16.4953,19.34448,37.94151,2178.40779,1.11803,90.64219,7.729951355045386,2.8796102670152437,0.0
16.49497,19.37491,38.00412,2173.83729,1.07933,90.65439,7.6300633160450655,2.8423993442751416,0.0
16.49463,19.40527,38.06428,2169.33178,1.03654,90.66657,7.53444346621333,2.806778434303153,0.0
16.49429,19.43557,38.12178,2164.88987,0.98981,90.67874,7.443182737214638,2.772781411536845,0.0
16.49394,19.46581,38.17641,2160.51007,0.93931,90.69088,7.3563570347675284,2.7404365528535735,0.0
16.49359,19.49599,38.22797,2156.19082,0.8852,90.70301,7.274028740963991,2.709767097223976,0.0
16.49323,19.52611,38.27628,2151.9305,0.82765,90.71512,7.196248149948163,2.6807917805400616,0.0
16.49287,19.55617,38.32116,2147.72741,0.76682,90.72722,7.123054829185935,2.6535253427239582,0.0
16.4925,19.58617,38.36246,2143.57977,0.70291,90.73929,7.054478900499298,2.6279790049469094,0.0
16.49213,19.61611,38.40001,2139.48576,0.63608,90.75135,6.990542236780094,2.604160915436637,0.0
16.49175,19.646,38.43367,2135.44352,0.56651,90.7634,6.931259571767508,2.582076562898656,0.0
16.49137,19.67583,38.4633,2131.45109,0.49439,90.77543,6.876639521459036,2.5617291570187337,0.0
16.49098,19.7056,38.4888,2127.50651,0.41989,90.78744,6.826685516738205,2.5431199758912553,0.0
16.49058,19.73532,38.51004,2123.60775,0.3432,90.79943,6.78139664759942,2.526248680515194,0.0
16.49018,19.76499,38.52693,2119.75273,0.2645,90.81141,6.740768419935133,2.511113596717241,0.0
16.48978,19.7946,38.53937,2115.93933,0.18398,90.82338,6.704793426344724,2.4977119650457653,0.0
16.48937,19.82416,38.54729,2112.16541,0.10183,90.83532,6.673461932685913,2.486040159276645,0.0
16.48895,19.85367,38.55061,2108.42875,0.01822,90.84726,6.646762382326539,2.476093874260328,0.0
16.48853,19.88312,38.54928,2104.72712,-0.06665,90.85918,6.624681820136802,2.467868283870094,0.0
16.4881,19.91253,38.54325,2101.05824,-0.15259,90.87108,6.607206238239074,2.4613581698029576,0.0
16.48767,19.94188,38.53248,2097.41979,-0.23943,90.88296,6.594320845537904,2.456558021986685,0.0
16.48724,19.97118,38.51695,2093.80941,-0.32696,90.89484,6.586010262892055,2.4534621112865165,0.0
16.4868,20.00043,38.49664,2090.22471,-0.41501,90.90669,6.582258645691089,2.452064535168168,0.0
16.48635,20.02963,38.47153,2086.66324,-0.50339,90.91854,6.5830497354101025,2.4523592369033236,0.0
16.4859,20.05878,38.44164,2083.12253,-0.59191,90.93036,6.5883668415520935,2.4543399988426975,0.0
16.48544,20.08788,38.40698,2079.60008,-0.68037,90.94218,6.598192755238313,2.458000410226163,0.0
16.48498,20.11693,38.36757,2076.09333,-0.7686,90.95397,6.612509595525635,2.46333380993193,0.0
16.48452,20.14593,38.32344,2072.59968,-0.85641,90.96576,6.631298589438915,2.4703332045328095,0.0
16.48405,20.17488,38.27465,2069.11653,-0.9436,90.97752,6.654539786581666,2.4789911619811846,0.0
16.48357,20.20378,38.22124,2065.6412,-1.02999,90.98928,6.682211709177346,2.4892996812401784,0.0
16.48309,20.23263,38.16328,2062.171,-1.11539,91.00102,6.714290938411366,2.5012500381851703,0.0
16.4826,20.26144,38.10084,2058.7032,-1.19961,91.01274,6.750751638024725,2.51483260812989,0.0
16.48211,20.29019,38.03401,2055.23504,-1.28247,91.02445,6.791565016272218,2.530036665391693,0.0
16.48162,20.3189,37.96287,2051.76372,-1.36379,91.03615,6.836698727652817,2.546850160420384,0.0
16.48112,20.34755,37.88754,2048.28643,-1.44336,91.04783,6.886116216125895,2.5652594751289817,0.0
16.48062,20.37616,37.80813,2044.80031,-1.52102,91.05949,6.939776002048696,2.5852491572591645,0.0
16.48011,20.40471,37.72476,2041.30251,-1.59658,91.07114,6.997630915612701,2.606801634816148,0.0
16.47959,20.43322,37.63755,2037.79013,-1.66985,91.08278,7.059627280260843,2.6298969118701088,0.0
16.47907,20.46168,37.54666,2034.26028,-1.74066,91.0944,7.125704050446593,2.6545122473487597,0.0
16.47855,20.49008,37.45223,2030.71004,-1.80883,91.10601,7.195791908977861,2.680621818774202,0.0
16.47802,20.51844,37.35442,2027.13651,-1.87417,91.1176,7.26981233034218,2.7081963733269108,0.0
16.47749,20.54674,37.2534,2023.53677,-1.93653,91.12917,7.347676617586554,2.737202869058139,0.0
16.47695,20.575,37.14934,2019.90793,-1.99572,91.14073,7.4292849216538235,2.767604109566907,0.0
16.47641,20.6032,37.04243,2016.24709,-2.05159,91.15228,7.514525253523097,2.799358375996324,0.0
16.47587,20.63135,36.93286,2012.5514,-2.10397,91.16381,7.603272500967754,2.832419060750074,0.0
16.47532,20.65944,36.82084,2008.81804,-2.1527,91.17532,7.6953874633736685,2.8667343079368055,0.0
16.47476,20.68749,36.70656,2005.04421,-2.19764,91.18682,7.790715919577872,2.9022466661155106,0.0
16.4742,20.71548,36.59025,2001.22719,-2.23863,91.1983,7.889087745323732,2.938892759524354,0.0
16.47364,20.74342,36.47212,1997.3643,-2.27554,91.20977,7.990316098380675,2.976602984516334,0.0
16.47307,20.7713,36.35241,1993.45297,-2.30824,91.22122,8.094196690820645,3.0153012384631084,0.0
16.4725,20.79912,36.23134,1989.49068,-2.3366,91.23266,8.200507169099026,3.0549046888188363,0.0
16.47193,20.82689,36.10915,1985.47502,-2.36051,91.24407,8.309006623601931,3.095323590413629,0.0
16.47135,20.85461,35.98609,1981.4037,-2.37987,91.25547,8.419435249906869,3.1364611592642446,0.0
16.47076,20.88227,35.86241,1977.27455,-2.39459,91.26686,8.531514184298137,3.178213511299238,0.0
16.47017,20.90986,35.73834,1973.08554,-2.40457,91.27823,8.644945535820245,3.2204696742997054,0.0
16.46958,20.9374,35.61414,1968.8348,-2.40977,91.28958,8.7594126363918,3.2631116810732883,0.0
16.46899,20.96488,35.49008,1964.5206,-2.41011,91.30091,8.874580529109172,3.306014751360139,0.0
16.46839,20.9923,35.36639,1960.14143,-2.40555,91.31222,8.990096712862842,3.349047569222101,0.0
16.46778,21.01966,35.24335,1955.69594,-2.39608,91.32352,9.105592158562647,3.3920726616133465,0.0
16.46718,21.04696,35.12119,1951.183,-2.38168,91.3348,9.220682608866012,3.4349468825633473,0.0
16.46657,21.07419,35.00018,1946.60169,-2.36236,91.34606,9.334970169034492,3.4775220058127925,0.0
16.46595,21.10136,34.88056,1941.95133,-2.33814,91.3573,9.448045191658325,3.519645426923075,0.0
16.46533,21.12847,34.76258,1937.23147,-2.30906,91.36853,9.559488452436934,3.561160973811772,0.0
16.46471,21.15551,34.64649,1932.44191,-2.27519,91.37973,9.66887360810758,3.6019098223957497,0.0
16.46408,21.18248,34.53251,1927.58272,-2.2366,91.39092,9.775769921088692,3.6417315115924827,0.0
16.46346,21.20939,34.42089,1922.65422,-2.1934,91.40209,9.87974522862573,3.6804650494050195,0.0
16.46282,21.23623,34.31183,1917.65699,-2.14569,91.41323,9.980369127322946,3.7179500992438497,0.0
16.46219,21.26299,34.20556,1912.59191,-2.09362,91.42436,10.07721633729559,3.754028233162115,0.0
16.46155,21.28969,34.10228,1907.46011,-2.03734,91.43547,10.169870203687744,3.7885442362631383,0.0
16.46091,21.31632,34.00219,1902.26299,-1.97703,91.44655,10.257926287616774,3.8213474444217104,0.0
16.46026,21.34288,33.90546,1897.00224,-1.91288,91.45762,10.340995993638199,3.8522930956102,0.0
16.45961,21.36936,33.81228,1891.67979,-1.84511,91.46866,10.418710176922987,3.88124367366701,0.0
16.45896,21.39577,33.72279,1886.29783,-1.77395,91.47969,10.490722670804457,3.9080702224006063,0.0
16.4583,21.4221,33.63715,1880.85882,-1.69964,91.49069,10.556713674092187,3.932653607453082,0.0
16.45765,21.44836,33.55547,1875.36543,-1.62245,91.50167,10.6163929380223,3.9548857035229874,0.0
16.45699,21.47454,33.47789,1869.82056,-1.54266,91.51263,10.669502694659121,3.974670485272002,0.0
16.45632,21.50065,33.40449,1864.22732,-1.46055,91.52357,10.71582027223427,3.9919250016075556,0.0
16.45566,21.52668,33.33536,1858.589,-1.37642,91.53449,10.75516034812407,4.006580214976201,0.0
16.45499,21.55263,33.27058,1852.90907,-1.29059,91.54538,10.787376796788665,4.018581689769542,0.0
16.45432,21.5785,33.21018,1847.19115,-1.20339,91.55625,10.81236409796306,4.027890116912467,0.0
16.45364,21.6043,33.1542,1841.43898,-1.11513,91.5671,10.830058279317605,4.034481665028966,0.0
16.45296,21.63001,33.10267,1835.65643,-1.02615,91.57793,10.840437377500292,4.038348152192525,0.0
16.45228,21.65564,33.05558,1829.84742,-0.93679,91.58873,10.843521411616436,4.039497036046611,0.0
16.4516,21.68119,33.01291,1824.01598,-0.84738,91.59951,10.839371873391464,4.037951223876886,0.0
16.45092,21.70666,32.97464,1818.16614,-0.75826,91.61027,10.82809074830891,4.03374870795937,0.0
16.45023,21.73205,32.94071,1812.30197,-0.66977,91.62101,10.809819091439435,4.026942035019265,0.0
16.44954,21.75736,32.91106,1806.42751,-0.58222,91.63172,10.784735190253992,4.017597621830525,0.0
16.44885,21.78258,32.88561,1800.54682,-0.49596,91.64241,10.753052354329443,4.005794931823046,0.0
16.44816,21.80773,32.86427,1794.66386,-0.41128,91.65307,10.715016378004462,3.9916255298552232,0.0
16.44746,21.83279,32.84693,1788.78255,-0.3285,91.66372,10.670902726882206,3.975192034112166,0.0
16.44676,21.85777,32.83346,1782.90674,-0.24792,91.67433,10.62101350245059,3.956606985346892,0.0
16.44606,21.88266,32.82374,1777.04015,-0.16982,91.68493,10.565674240745215,3.935991654298033,0.0
16.44536,21.90748,32.81761,1771.18639,-0.09446,91.6955,10.505230601387058,3.913474808269253,0.0
16.44466,21.93221,32.81492,1765.34895,-0.02211,91.70605,10.44004500212723,3.8891914574086264,0.0
16.44395,21.95686,32.81551,1759.53117,0.047,91.71658,10.370493251708668,3.86328160036102,0.0
16.44324,21.98143,32.81919,1753.73624,0.11264,91.72708,10.296961230311789,3.8358889876467592,0.0
16.44253,22.00592,32.82579,1747.96718,0.1746,91.73756,10.219841662531717,3.8071599195107315,0.0
16.44182,22.03033,32.83511,1742.22685,0.2327,91.74802,10.139531022652376,3.777242093055568,0.0
16.4411,22.05465,32.84695,1736.51792,0.28676,91.75846,10.056426606469515,3.746283511418662,0.0
16.44039,22.0789,32.86111,1730.84289,0.33663,91.76887,9.97092379798604,3.71443146554428,0.0
16.43967,22.10307,32.87739,1725.20407,0.38217,91.77926,9.883413553347353,3.681831596883257,0.0
16.43895,22.12716,32.89556,1719.60361,0.42327,91.78962,9.794280118526144,3.64862704717054,0.0
16.43823,22.15117,32.91542,1714.04343,0.45982,91.79997,9.703898991528785,3.6149576992934502,0.0
16.43751,22.1751,32.93676,1708.52531,0.49174,91.81029,9.612635134658834,3.5809595113127988,0.0
16.43678,22.19895,32.95934,1703.05083,0.51897,91.82059,9.520841437521835,3.546763943891736,0.0
16.43605,22.22273,32.98296,1697.62138,0.54146,91.83087,9.42885742705545,3.512497479748032,0.0
16.43533,22.24643,33.0074,1692.2382,0.55919,91.84113,9.337008217211954,3.4782812323831718,0.0
16.43459,22.27006,33.03243,1686.90233,0.57213,91.85136,9.245603687682655,3.4442306401355935,0.0
16.43386,22.29361,33.05786,1681.61465,0.58029,91.86157,9.15493787852534,3.410455240663483,0.0
16.43313,22.31709,33.08346,1676.3759,0.58368,91.87177,9.065288585525401,3.377058520206143,0.0
16.43239,22.3405,33.10902,1671.18664,0.58234,91.88194,8.976917139710872,3.344137831447551,0.0
16.43166,22.36383,33.13435,1666.04729,0.57631,91.89209,8.890068353430786,3.311784373429124,0.0
16.43092,22.38709,33.15923,1660.95812,0.56564,91.90222,8.80497061496201,3.2800832267932503,0.0
16.43018,22.41028,33.18347,1655.91925,0.55042,91.91232,8.721836113469742,3.249113437586999,0.0
16.42943,22.4334,33.20689,1650.93069,0.53071,91.92241,8.640861176401122,3.218948142950117,0.0
16.42869,22.45645,33.22929,1645.99231,0.50662,91.93248,8.562226701884272,3.1896547321950455,0.0
16.42794,22.47943,33.25049,1641.10385,0.47824,91.94253,8.48609866947653,3.1612950370740767,0.0
16.4272,22.50234,33.27032,1636.26495,0.44568,91.95256,8.412628713507718,3.1339255453648107,0.0
16.42645,22.52519,33.28862,1631.47513,0.40908,91.96256,8.34195474432317,3.1075976322995214,0.0
16.4257,22.54797,33.30522,1626.7338,0.36855,91.97255,8.274201603860845,3.0823578047848907,0.0
16.42494,22.57068,33.31996,1622.04029,0.32424,91.98252,8.209481743171862,3.058247953796223,0.0
16.42419,22.59332,33.3327,1617.39381,0.27629,91.99247,8.147895910717313,3.035305610786128,0.0
16.42344,22.61591,33.34331,1612.7935,0.22485,92.0024,8.08953384142658,3.013564204376868,0.0
16.42268,22.63842,33.35165,1608.23839,0.17008,92.01231,8.034474937698004,2.993053314051029,0.0
16.42192,22.66088,33.35759,1603.72745,0.11214,92.02221,7.982788934588142,2.9737989179520166,0.0
16.42116,22.68327,33.36103,1599.25956,0.05121,92.03208,7.934536542535375,2.9558236323155156,0.0
16.4204,22.7056,33.36185,1594.83353,-0.01255,92.04194,7.889770061876253,2.9391469403929973,0.0
16.41963,22.72786,33.35995,1590.44809,-0.07896,92.05177,7.848533964378752,2.923785409088154,0.0
16.41887,22.75007,33.35524,1586.10191,-0.14784,92.06159,7.8108654377977365,2.9097528918181417,0.0
16.4181,22.77222,33.34764,1581.79359,-0.219,92.07139,7.776794890217744,2.897060716394536,0.0
16.41734,22.7943,33.33708,1577.52167,-0.29225,92.08117,7.746346411621289,2.885717856969669,0.0
16.41657,22.81632,33.32348,1573.28464,-0.36741,92.09094,7.71953819073117,2.8757310893213557,0.0
16.41579,22.83829,33.3068,1569.08091,-0.44429,92.10069,7.696382885692785,2.867105128941814,0.0
16.41502,22.8602,33.28697,1564.90885,-0.52268,92.11042,7.676887947635102,2.8598427515726357,0.0
16.41425,22.88204,33.26396,1560.76678,-0.60239,92.12013,7.661055896599236,2.853944895995442,0.0
16.41347,22.90383,33.23773,1556.65296,-0.68322,92.12982,7.6488845496474065,2.849410749008474,0.0
16.4127,22.92557,33.20827,1552.56561,-0.76497,92.1395,7.640367201356726,2.846237812665274,0.0
16.41192,22.94724,33.17554,1548.50289,-0.84745,92.14916,7.635492757156765,2.844421953946443,0.0
16.41114,22.96886,33.13956,1544.46294,-0.93045,92.1588,7.63424582027575,2.843957437149381,0.0
16.41036,22.99042,33.1003,1540.44384,-1.01377,92.16842,7.636606733312896,2.844836939375078,0.0
16.40957,23.01192,33.0578,1536.44364,-1.0972,92.17803,7.642551575714914,2.847051549588048,0.0
16.40879,23.03337,33.01205,1532.46034,-1.18055,92.18762,7.6520521186560355,2.8505907518079447,0.0
16.408,23.05476,32.96309,1528.49192,-1.26362,92.1972,7.665075739120659,2.855442393103095,0.0
16.40722,23.0761,32.91094,1524.53633,-1.34619,92.20675,7.681585295193991,2.8615926371329747,0.0
16.40643,23.09737,32.85565,1520.59148,-1.42808,92.21629,7.701538964875253,2.8690259041018913,0.0
16.40564,23.1186,32.79727,1516.65525,-1.50909,92.22581,7.72489005099193,2.8777247980844067,0.0
16.40485,23.13977,32.73585,1512.72552,-1.58901,92.23532,7.751586755122669,2.8876700228056684,0.0
16.40406,23.16088,32.67145,1508.80013,-1.66766,92.24481,7.781571923762679,2.8988402870813412,0.0
16.40326,23.18193,32.60414,1504.87691,-1.74483,92.25428,7.814782770296102,2.9112122012450046,0.0
16.40247,23.20293,32.53401,1500.95368,-1.82035,92.26374,7.851150576747859,2.9247601660428617,0.0
16.40167,23.22388,32.46114,1497.02824,-1.89401,92.27317,7.890600379696124,2.9394562556278765,0.0
16.40087,23.24477,32.38561,1493.09842,-1.96564,92.28259,7.933050645086677,2.9552700964195617,0.0
16.40008,23.2656,32.30753,1489.16201,-2.03505,92.292,7.978412937197004,2.9721687437843967,0.0
16.39928,23.28638,32.227,1485.21682,-2.10208,92.30139,8.026591587377066,2.9901165586330483,0.0
16.39848,23.3071,32.14413,1481.26069,-2.16654,92.31076,8.07748336870078,3.0090750862194877,0.0
16.39767,23.32776,32.05905,1477.29145,-2.22827,92.32011,8.130977183023129,3.0290029395615274,0.0
16.39687,23.34837,31.97186,1473.30698,-2.28711,92.32945,8.186953767420732,3.049855690082211,0.0
16.39607,23.36892,31.8827,1469.30515,-2.34291,92.33877,8.245285427325497,3.071585768195079,0.0
16.39526,23.38942,31.79171,1465.28391,-2.3955,92.34807,8.305835804035755,3.0941423766959444,0.0
16.39446,23.40986,31.69902,1461.24122,-2.44477,92.35736,8.368459684508766,3.117471419905604,0.0
16.39365,23.43024,31.60476,1457.1751,-2.49056,92.36663,8.433002861599041,3.1415154516049273,0.0
16.39284,23.45056,31.5091,1453.08363,-2.53276,92.37588,8.499302052920724,3.1662136448089653,0.0
16.39204,23.47083,31.41218,1448.96494,-2.57125,92.38511,8.56718488655323,3.191501786441921,0.0
16.39123,23.49103,31.31414,1444.81724,-2.60592,92.39433,8.636469961603627,3.2173122998982353,0.0
16.39042,23.51118,31.21516,1440.63882,-2.63667,92.40353,8.706966991350946,3.243574298367599,0.0
16.38961,23.53127,31.11538,1436.42805,-2.66342,92.41271,8.778477036215236,3.270213671622067,0.0
