0.05175,0.05175,52.51907,5461.34666,-0.07134,45.00007,31.68717508742385,11.804306459819838,0.0
0.10334,0.10334,52.53939,5443.67392,0.3557,45.00014,31.39279491561008,11.694642100210727,0.0
0.15475,0.15475,52.62004,5426.13171,0.7769,45.00019,30.839203167373565,11.488414608117093,0.0
0.20599,0.206,52.75952,5408.86115,1.18826,45.00024,30.048145990929434,11.19372499592467,0.0
0.25707,0.25707,52.95579,5391.9902,1.58616,45.00029,29.048131986843998,10.82119346745084,0.0
0.30797,0.30798,53.20638,5375.63034,1.96742,45.00032,27.87240724499015,10.383205065930515,0.0
0.35871,0.35872,53.50844,5359.87438,2.3294,45.00036,26.55682208696322,9.893114979436692,0.0
0.40929,0.4093,53.85884,5344.79544,2.67002,45.00039,25.13779830099179,9.364491282399445,0.0
0.45972,0.45972,54.25424,5330.44703,2.98774,45.00043,23.650559665107618,8.810455758928981,0.0
0.50999,0.51,54.69118,5316.86395,3.28161,45.00048,22.12772918971932,8.243161338765571,0.0
0.56012,0.56014,55.16614,5304.06391,3.55113,45.00053,20.598336392399467,7.673422281017571,0.0
0.61012,0.61014,55.67561,5292.04964,3.79629,45.0006,19.087226591338858,7.110494120430728,0.0
0.65999,0.66001,56.21615,5280.81114,4.01742,45.00069,17.614826981763816,6.561986524698692,0.0
0.70974,0.70976,56.78443,5270.32812,4.21518,45.0008,16.197202441163753,6.0338840833786405,0.0
0.75937,0.75941,57.37726,5260.57227,4.39047,45.00093,14.846325939623737,5.530647042855063,0.0
0.80891,0.80895,57.99159,5251.50935,4.54437,45.00108,13.570490832718455,5.055364896290847,0.0
0.85835,0.85839,58.62459,5243.10116,4.67808,45.00127,12.37480145572259,4.6099391428789565,0.0
0.90769,0.90775,59.27357,5235.30707,4.79286,45.00149,11.261690943873864,4.195276189515084,0.0
0.95695,0.95702,59.93608,5228.08537,4.89003,45.00174,10.231428469877303,3.8114763101142124,0.0
1.00614,1.00621,60.60983,5221.39441,4.97088,44.99923,9.282592588369146,3.458009978877863,-0.999999982941839
1.05526,1.05534,61.2927,5215.19334,5.0367,44.99701,8.412487983021256,3.1338731195557616,-0.999999982941839
1.10431,1.10439,61.9828,5209.44277,5.08875,44.99507,7.617505526512062,2.8377212372587692,-0.999999982941839
1.15331,1.15338,62.67836,5204.1052,5.1282,44.99339,6.893427507301332,2.5679831234634802,-0.999999982941839
1.20225,1.20232,63.37779,5199.14531,5.15616,44.99196,6.2356733054386195,2.322952376714989,-0.999999982941839
1.25113,1.25121,64.07965,5194.53012,5.17369,44.99076,5.63949377774425,2.100859816221389,-0.999999982941839
1.29997,1.30004,64.78263,5190.22906,5.18174,44.98976,5.100120732360488,1.8999291650569947,-0.999999982941839
1.34877,1.34883,65.48555,5186.21397,5.18121,44.98897,4.612878259210228,1.7184185236874863,-0.999999982941839
1.39753,1.39758,66.18733,5182.45904,5.17293,44.98836,4.173262483523028,1.5546500802567969,-0.999999982941839
1.44625,1.4463,66.88703,5178.9407,5.15764,44.98792,3.776995777242966,1.4070303057629274,-0.999999982941839
1.49493,1.49497,67.58376,5175.63753,5.13601,44.98765,3.42006075975164,1.2740626202218772,-0.999999982941839
1.54358,1.54362,68.27675,5172.53014,5.10868,44.98753,3.0987186565968092,1.1543542317771112,-0.999999982941839
1.59219,1.59223,68.96531,5169.60095,5.07621,44.98755,2.80951583507058,1.0466185713743923,-0.999999982941839
1.64078,1.64082,69.64878,5166.83412,5.03909,44.98771,2.5492816413510453,0.9496744870401373,-0.999999982941839
1.68934,1.68938,70.32662,5164.21541,4.99779,44.988,2.315120047531067,0.8624431321798579,-0.999999982941839
1.73788,1.73792,70.9983,5161.73196,4.95272,44.98841,2.1043970861721735,0.7839432846188685,-0.999999982941839
1.78639,1.78643,71.66337,5159.37226,4.90424,44.98894,1.9147256042163008,0.7132856670332633,-0.999999982941839
1.83487,1.83492,72.3214,5157.12595,4.8527,44.98958,1.7439485010034046,0.6496667026704415,-0.999999982941839
1.88334,1.8834,72.97204,5154.98376,4.7984,44.99032,1.5901213181854308,0.5923620296339749,-0.999999982941839
1.93178,1.93185,73.61494,5152.93736,4.74159,44.99117,1.4514948127816507,0.5407200088881892,-0.999999982941839
1.9802,1.98029,74.2498,5150.97929,4.68252,44.99212,1.326497958976807,0.49415539198072356,-0.999999982941839
2.0286,2.02871,74.87635,5149.10287,4.62142,44.99316,1.213721680654063,0.45214326098303315,-0.999999982941839
2.07699,2.07711,75.49433,5147.30211,4.55846,44.99429,1.1119035071870302,0.41421331236918635,-0.999999982941839
2.12535,2.1255,76.10354,5145.57163,4.49383,44.99551,1.0199132629114012,0.3799445259675173,-0.999999982941839
2.1737,2.17388,76.70377,5143.90663,4.42769,44.99682,0.936739840237443,0.34896023759700906,-0.999999982941839
2.22204,2.22224,77.29483,5142.30279,4.36018,44.99821,0.8614790628010259,0.32092361777171097,-0.999999982941839
2.27035,2.27059,77.87656,5140.75624,4.29141,44.99968,0.7933226145530333,0.29553354749525174,-0.999999982941839
2.31865,2.31893,78.44882,5139.2635,4.22151,45.00124,0.7315479901480114,0.27252087451619045,-0.999999982941839
2.36694,2.36726,79.01146,5137.82145,4.15058,45.00287,0.6755094089524197,0.251645028557022,-0.999999982941839
2.41521,2.41558,79.56437,5136.42729,4.07871,45.00458,0.6246296275174785,0.2326909712448867,-0.999999982941839
2.46347,2.46389,80.10744,5135.07851,4.00598,45.00637,0.5783925819534471,0.21546645520239796,-0.999999982941839
2.51171,2.51219,80.64056,5133.77283,3.93247,45.00823,0.5363367911314676,0.19979956656675701,-0.999999982941839
2.55994,2.56049,81.16364,5132.50822,3.85825,45.01017,0.4980494531429753,0.18553652576555166,-0.999999982941839
2.60816,2.60877,81.67661,5131.28284,3.78337,45.01218,0.46316117029919474,0.17253972244027477,-0.999999982941839
2.65636,2.65705,82.17937,5130.09503,3.7079,45.01426,0.43134124165794946,0.16068596178870023,-0.999999982941839
2.70456,2.70532,82.67187,5128.94331,3.63187,45.01642,0.40229346624107065,0.14986490115294337,-0.999999982941839
2.75274,2.75359,83.15404,5127.82631,3.55535,45.01864,0.37575240450991193,0.1399776573207238,-0.999999982941839
2.8009,2.80184,83.62582,5126.74282,3.47836,45.02094,0.3514800500863794,0.13093556665387673,-0.999999982941839
2.84906,2.8501,84.08717,5125.69174,3.40094,45.0233,0.32926286803258525,0.1226590817695968,-0.999999982941839
2.89721,2.89834,84.53802,5124.67207,3.32314,45.02574,0.30890916013351344,0.11507679003890683,-0.999999982941839
2.94534,2.94659,84.97834,5123.6829,3.24497,45.02824,0.29024672151880404,0.1081245406166149,-0.999999982941839
2.99347,2.99482,85.40809,5122.72342,3.16648,45.03081,0.27312075657890617,0.10174466806524574,-0.999999982941839
3.04158,3.04306,85.82722,5121.79287,3.08767,45.03345,0.25739202546385387,0.09588530187706605,-0.999999982941839
3.08968,3.09129,86.23572,5120.89058,3.00858,45.03615,0.24293519550159315,0.09049975233403466,-0.999999982941839
3.13777,3.13952,86.63353,5120.01594,2.92923,45.03892,0.2296373746414198,0.08554596417689563,-0.999999982941839
3.18586,3.18774,87.02064,5119.16838,2.84964,45.04176,0.21739680653273888,0.08098603048768162,-0.999999982941839
3.23393,3.23596,87.39702,5118.34738,2.76982,45.04467,0.20612170910355634,0.0767857600296432,-0.999999982941839
3.28199,3.28418,87.76265,5117.55249,2.68979,45.04764,0.1957292405260732,0.07291429204222556,-0.999999982941839
3.33005,3.3324,88.11749,5116.78327,2.60957,45.05068,0.18614457826643785,0.06934375316286966,-0.999999982941839
3.37809,3.38061,88.46154,5116.03934,2.52917,45.05378,0.17730009853209383,0.06604895174955909,-0.999999982941839
3.42613,3.42882,88.79477,5115.32034,2.4486,45.05695,0.16913464486917026,0.06300710541410388,-0.999999982941839
3.47415,3.47704,89.11716,5114.62593,2.36787,45.06019,0.1615928759427617,0.06019759805313353,-0.999999982941839
3.52217,3.52525,89.4287,5113.95582,2.287,45.06349,0.15462468367040993,0.05760176308750941,-0.999999982941839
3.57018,3.57346,89.72937,5113.30973,2.20599,45.06686,0.14818467388861134,0.05520268999693407,-0.999999982941839
3.61818,3.62167,90.01917,5112.6874,2.12486,45.07029,0.14223170262648496,0.052985051569691334,-0.999999982941839
3.66618,3.66988,90.29806,5112.08859,2.04362,45.07378,0.1367284618538926,0.050934949582921336,-0.999999982941839
3.71416,3.71809,90.56606,5111.5131,1.96226,45.07734,0.13164110927376738,0.049039776890522274,-0.999999982941839
3.76214,3.76631,90.82313,5110.96072,1.8808,45.08097,0.12693893734944142,0.04728809412712146,-0.999999982941839
3.81011,3.81452,91.06928,5110.43126,1.79925,45.08466,0.12259407730860823,0.045669519441763166,-0.999999982941839
3.85807,3.86273,91.3045,5109.92455,1.71761,45.08842,0.11858123435216486,0.04417462985623533,-0.999999982941839
3.90602,3.91095,91.52877,5109.44042,1.63589,45.09224,0.11487745072777171,0.04279487300373664,-0.999999982941839
3.95397,3.95917,91.74208,5108.97873,1.55409,45.09612,0.11146189370926657,0.04152248814562964,-0.999999982941839
4.00191,4.00739,91.94444,5108.53934,1.47222,45.10007,0.1083156658617253,0.04035043549018366,-0.999999982941839
4.04984,4.05561,92.13583,5108.12211,1.39029,45.10409,0.1054216352709092,0.039272332948577016,-0.999999982941839
4.09777,4.10384,92.31625,5107.72692,1.3083,45.10816,0.10276428368216775,0.038282399562642504,-0.999999982941839
4.14569,4.15206,92.48569,5107.35365,1.22625,45.11231,0.10032957072929552,0.03737540492654434,-0.999999982941839
4.1936,4.2003,92.64415,5107.0022,1.14414,45.11651,0.0981048126430171,0.03654662400249739,-0.999999982941839
4.2415,4.24853,92.79161,5106.67245,1.06199,45.12078,0.09607857401582183,0.035791796800320234,-0.999999982941839
4.2894,4.29677,92.92809,5106.36432,0.9798,45.12512,0.09424057136442146,0.0351070924519133,-0.999999982941839
4.3373,4.34501,93.05357,5106.07771,0.89757,45.12952,0.09258158738072358,0.034489077267490155,-0.999999982941839
4.38518,4.39326,93.16805,5105.81252,0.8153,45.13398,0.09109339489283927,0.033934686409052284,-0.999999982941839
4.43306,4.44151,93.27152,5105.56867,0.733,45.13851,0.08976868967726098,0.03344119886115743,-0.999999982941839
4.48094,4.48977,93.36399,5105.34607,0.65067,45.1431,0.08860103136964713,0.03300621541863216,-0.999999982941839
4.52881,4.53803,93.44545,5105.14466,0.56832,45.14776,0.08758479181746376,0.03262763944657198,-0.999999982941839
4.57667,4.5863,93.5159,5104.96434,0.48594,45.15247,0.08671511030507083,0.032303660200507844,-0.999999982941839
4.62453,4.63457,93.57534,5104.80504,0.40354,45.15726,0.08598785516090175,0.03203273852407038,-0.999999982941839
4.67238,4.68285,93.62376,5104.66668,0.32113,45.16211,0.08539959132924907,0.03181359476862681,-0.999999982941839
4.72023,4.73114,93.66117,5104.5492,0.2387,45.16702,0.08494755355540826,0.03164519880404146,-0.999999982941839
4.76807,4.77943,93.68756,5104.45252,0.15626,45.17199,0.08462962489576817,0.03152676201311904,-0.999999982941839
4.81591,4.82773,93.70294,5104.37656,0.07382,45.17703,0.0844443203220602,0.03145773118375605,-0.999999982941839
4.86374,4.87603,93.70729,5104.32125,-0.00863,45.18214,0.08439077524468652,0.031437784233578576,-0.999999982941839
4.91157,4.92435,93.70063,5104.28653,-0.09108,45.1873,0.08446873883219592,0.031466827721271275,-0.999999982941839
4.95939,4.97267,93.68295,5104.27231,-0.17353,45.19253,0.0846785720557209,0.03154499611807871,-0.999999982941839
5.00721,5.02099,93.65425,5104.27853,-0.25598,45.19783,0.08502125043683408,0.03167265283145422,-0.999999982941839
5.05503,5.06933,93.61454,5104.3051,-0.33842,45.20319,0.08549837152756036,0.031850392991561206,-0.999999982941839
5.10284,5.11768,93.56381,5104.35196,-0.42084,45.20861,0.08611216720134292,0.03207904802998136,-0.999999982941839
5.15064,5.16603,93.50206,5104.41901,-0.50326,45.2141,0.08686552088482069,0.0323596920990052,-0.999999982941839
5.19845,5.21439,93.4293,5104.50619,-0.58566,45.21965,0.08776198991376798,0.032693650399807817,-0.999999982941839
5.24624,5.26276,93.34554,5104.61339,-0.66804,45.22526,0.08880583325146173,0.033082509508269915,-0.999999982941839
5.29404,5.31114,93.25076,5104.74055,-0.7504,45.23094,0.09000204486640742,0.033528129809059025,-0.999999982941839
5.34183,5.35953,93.14497,5104.88756,-0.83273,45.23668,0.0913563931291674,0.03403266017198457,-0.999999982941839
5.38962,5.40793,93.02819,5105.05433,-0.91503,45.24248,0.09287546665505333,0.034598555029607056,-0.999999982941839
5.4374,5.45635,92.9004,5105.24077,-0.99731,45.24835,0.09456672709240516,0.0352285940422609,-0.999999982941839
5.48518,5.50477,92.76161,5105.44675,-1.07954,45.25429,0.0964385694365891,0.03592590456660564,-0.999999982941839
5.53296,5.5532,92.61183,5105.67219,-1.16174,45.26028,0.09850039053680408,0.03669398717621383,-0.999999982941839
5.58073,5.60164,92.45106,5105.91695,-1.24389,45.26634,0.10076266655997568,0.03753674451890983,-0.999999982941839
5.6285,5.65009,92.27931,5106.18091,-1.32599,45.27247,0.10323704028334854,0.03845851383555715,-0.999999982941839
5.67627,5.69856,92.09658,5106.46394,-1.40805,45.27865,0.10593641920629664,0.03946410350928936,-0.999999982941839
5.72403,5.74704,91.90288,5106.76591,-1.49004,45.2849,0.10887508560519286,0.04055883406384465,-0.999999982941839
5.7718,5.79553,91.69821,5107.08666,-1.57198,45.29122,0.11206881980388073,0.04174858408506006,-0.999999982941839
5.81956,5.84403,91.48257,5107.42603,-1.65384,45.29759,0.1155350380983725,0.04303984160145046,-0.999999982941839
5.86731,5.89254,91.25599,5107.78384,-1.73564,45.30403,0.11929294696152666,0.04443976152950837,-0.999999982941839
5.91507,5.94107,91.01846,5108.15993,-1.81736,45.31054,0.12336371536317729,0.045956229867486105,-0.999999982941839
5.96282,5.98961,90.77,5108.55408,-1.899,45.3171,0.12777066727655897,0.04759793540910422,-0.999999982941839
6.01057,6.03816,90.51061,5108.96608,-1.98054,45.32373,0.13253949670760334,0.0493744498476222,-0.999999982941839
6.05832,6.08673,90.2403,5109.39572,-2.06199,45.33043,0.13769850788212493,0.05129631725188499,-0.999999982941839
6.10607,6.13531,89.95909,5109.84273,-2.14334,45.33718,0.14327888356207769,0.05337515402118828,-0.999999982941839
6.15381,6.1839,89.66699,5110.30685,-2.22457,45.344,0.1493149848416575,0.05562376056721483,-0.999999982941839
6.20156,6.23251,89.36401,5110.78779,-2.30569,45.35088,0.15584468620023612,0.058056246130068156,-0.999999982941839
6.2493,6.28113,89.05016,5111.28524,-2.38667,45.35783,0.162909750070998,0.0606881683149452,-0.999999982941839
6.29704,6.32977,88.72546,5111.79886,-2.46752,45.36483,0.1705562457257833,0.06353668913776193,-0.999999982941839
6.34478,6.37842,88.38993,5112.32827,-2.54822,45.3719,0.1788350178865987,0.06662074959527098,-0.999999982941839
6.39251,6.42708,88.04358,5112.87308,-2.62875,45.37903,0.18780221116223006,0.06996126503149867,-0.999999982941839
6.44025,6.47577,87.68644,5113.43285,-2.70911,45.38622,0.19751985717978762,0.07358134385969385,-0.999999982941839
6.48798,6.52446,87.31853,5114.00709,-2.78929,45.39348,0.20805653214987516,0.07750653252265517,-0.999999982941839
6.53571,6.57318,86.93986,5114.59529,-2.86926,45.40079,0.2194880935776594,0.0817650899369883,-0.999999982941839
6.58345,6.62191,86.55047,5115.19687,-2.94901,45.40817,0.23189850592426492,0.08638829507370009,-0.999999982941839
6.63118,6.67065,86.15038,5115.81122,-3.02853,45.41561,0.2453807662432948,0.09141079178215741,-0.999999982941839
6.67891,6.71941,85.73963,5116.43765,-3.10779,45.4231,0.2600379421815154,0.09687097547265372,-0.999999982941839
6.72664,6.76819,85.31824,5117.07541,-3.18678,45.43066,0.27598433624836655,0.10281142683743544,-0.999999982941839
6.77436,6.81699,84.88625,5117.72369,-3.26547,45.43828,0.2933467919445674,0.10927939841797375,-0.999999982941839
6.82209,6.8658,84.4437,5118.38157,-3.34384,45.44596,0.31226615920045075,0.11632736051930237,-0.999999982941839
6.86982,6.91463,83.99063,5119.04808,-3.42186,45.45369,0.33289893862455927,0.12401361373588228,-0.999999982941839
6.91754,6.96348,83.52709,5119.72211,-3.49949,45.46149,0.35541912630425465,0.1324029761883683,-0.999999982941839
6.96527,7.01234,83.05313,5120.40248,-3.57671,45.46934,0.38002028333752313,0.14156755447865924,-0.999999982941839
7.01299,7.06122,82.5688,5121.08785,-3.65348,45.47725,0.4069178569011488,0.15158760834886364,-0.999999982941839
7.06071,7.11012,82.07417,5121.77677,-3.72976,45.48521,0.4363517824597137,0.1625525200726203,-0.999999982941839
7.10843,7.15904,81.5693,5122.46763,-3.80551,45.49323,0.4685893996645523,0.17456188070418088,-0.999999982941839
7.15615,7.20798,81.05426,5123.15864,-3.88067,45.50131,0.5039287175299244,0.18772670644244627,-0.999999982941839
7.20388,7.25693,80.52914,5123.84784,-3.95519,45.50944,0.5427020675354522,0.20217079950774314,-0.999999982941839
7.25159,7.3059,79.99402,5124.53304,-4.02901,45.51762,0.5852801862765601,0.21803226903653408,-0.999999982941839
7.29931,7.35489,79.449,5125.21183,-4.10206,45.52585,0.6320767720183949,0.23546522851764268,-0.999999982941839
7.34703,7.4039,78.89419,5125.88154,-4.17428,45.53413,0.6835535617863555,0.2546416871420623,-0.999999982941839
7.39475,7.45293,78.3297,5126.53919,-4.24558,45.54246,0.7402259771661709,0.27575365301203525,-0.999999982941839
7.44246,7.50197,77.75566,5127.18148,-4.31586,45.55084,0.8026693873905307,0.2990154663056139,-0.999999982941839
7.49018,7.55104,77.17221,5127.80477,-4.38504,45.55926,0.8715260370573644,0.32466638003399945,-0.999999982941839
7.53789,7.60012,76.57952,5128.40499,-4.45299,45.56772,0.9475126822739649,0.35297340470614663,-0.999999982941839
7.5856,7.64922,75.97775,5128.97761,-4.51959,45.57623,1.031428972293824,0.38423443070901936,-0.999999982941839
7.63331,7.69834,75.36709,5129.51763,-4.5847,45.58477,1.124166602689576,0.4187816381053464,-0.999999982941839
7.68102,7.74747,74.74777,5130.01944,-4.64818,45.59334,1.2267192493730688,0.45698519731747794,-0.999999982941839
7.72872,7.79663,74.12001,5130.47685,-4.70984,45.60195,1.3401932685675089,0.4992572551485425,-0.999999982941839
7.77642,7.8458,73.48408,5130.88293,-4.7695,45.61058,1.4658191139460477,0.5460561879669735,-0.999999982941839
7.82412,7.89499,72.84025,5131.23001,-4.82695,45.61924,1.6049633758937498,0.597891086648365,-0.999999982941839
7.87182,7.94419,72.18886,5131.50954,-4.88195,45.62791,1.7591412859595679,0.6553264148128428,-0.999999982941839
7.91951,7.99341,71.53025,5131.71202,-4.93424,45.6366,1.930029448218368,0.7189867515924033,-0.999999982941839
7.96719,8.04265,70.86483,5131.8269,-4.98353,45.6453,2.1194784539633016,0.789561490935732,-0.999999982941839
8.01487,8.0919,70.19301,5131.84245,-5.02949,45.65399,2.3295249019198603,0.867809319454213,-0.999999982941839
8.06255,8.14117,69.51529,5131.74569,-5.07177,45.66268,2.5624021775607337,0.9545622320003307,-0.999999982941839
8.11021,8.19045,68.83221,5131.52222,-5.10996,45.67215,2.820548952216717,1.0507286978101116,0.0
8.15787,8.23974,68.14435,5131.15611,-5.14363,45.68168,3.1066147517855414,1.1572957349936819,0.0
8.20552,8.28905,67.45237,5130.62979,-5.17229,45.69126,3.4234610011828783,1.2753292996207501,0.0
8.25316,8.33837,66.75701,5129.92388,-5.19541,45.7009,3.7741553730556237,1.4059721804676106,0.0
8.30079,8.3877,66.05906,5129.01712,-5.2124,45.7106,4.161957720099036,1.5504387584351322,0.0
8.3484,8.43704,65.35943,5127.8862,-5.22261,45.72034,4.590294872072458,1.7100056177739895,0.0
8.396,8.48638,64.6591,5126.5057,-5.22534,45.73015,5.06272124625508,1.8859968724430272,0.0
8.44358,8.53573,63.95916,5124.848,-5.21982,45.74,5.582861789945175,2.079762910688955,0.0
8.49114,8.58508,63.26079,5122.88325,-5.20523,45.7499,6.15433341324681,2.2926511266921716,0.0
8.53868,8.63444,62.56532,5120.57938,-5.18068,45.75985,6.780640860306724,2.5259671298627047,0.0
8.5862,8.68379,61.87417,5117.90221,-5.14523,45.76985,7.465043013598455,2.780924939668306,0.0
8.63369,8.73313,61.18893,5114.81558,-5.09786,45.77988,8.210386065420158,3.0585848376278633,0.0
8.68114,8.78247,60.5113,5111.28164,-5.03753,45.78996,9.018900988561379,3.359777919805912,0.0
8.72857,8.8318,59.84314,5107.26127,-4.96316,45.80008,9.891964477885775,3.6850170412621845,0.0
8.77596,8.88111,59.18643,5102.71457,-4.87364,45.81024,10.829825198663688,4.034394836352661,0.0
8.8233,8.93041,58.54332,5097.60164,-4.76787,45.82042,11.831300911084828,4.407470889641406,0.0
8.8706,8.97967,57.91609,5091.8834,-4.64477,45.83064,12.89345689975861,4.803151942428418,0.0
8.91785,9.02891,57.30716,5085.52272,-4.50331,45.84088,14.011282020541305,5.21957121166902,0.0
8.96504,9.07812,56.71906,5078.48569,-4.34258,45.85114,15.177385247007456,5.653975345550121,0.0
9.01217,9.12728,56.15442,5070.743,-4.16178,45.86142,16.381742208717178,6.1026300023258,0.0
9.05923,9.17639,55.61598,5062.27157,-3.9603,45.87172,17.611526865709376,6.560757144637133,0.0
9.10621,9.22545,55.10647,5053.05612,-3.73775,45.88202,18.851066834770798,7.02251839737196,0.0
9.15311,9.27445,54.62867,5043.09085,-3.49405,45.89233,20.08196044874838,7.481058655338763,0.0
9.19993,9.32338,54.18532,5032.38097,-3.2294,45.90264,21.283387921170217,7.928622000275204,0.0
9.24665,9.37224,53.77905,5020.94395,-2.94441,45.91294,22.432636968335146,8.356747508906453,0.0
9.29326,9.42101,53.4124,5008.81052,-2.64004,45.92324,23.50584475416806,8.756545646925526,0.0
9.33977,9.46969,53.08766,4996.02515,-2.31769,45.93352,24.478934201462526,9.119047069567001,0.0
9.38616,9.51827,52.80692,4982.646,-1.97918,45.94379,25.32869618060241,9.43560576537991,0.0
9.43242,9.56674,52.57195,4968.74417,-1.6267,45.95403,26.03394381071575,9.698329063779067,0.0
9.47855,9.6151,52.38418,4954.40238,-1.26282,45.96425,26.57664580211198,9.900499834922945,0.0
9.52455,9.66335,52.24467,4939.71302,-0.8904,45.97445,26.94293690272947,10.036952907601853,0.0
9.57041,9.71147,52.15404,4924.7756,-0.51252,45.98461,27.123908144198598,10.104369456689039,0.0
9.61612,9.75946,52.11251,4909.69392,-0.13242,45.99475,27.11609836996323,10.10146011029884,0.0
9.66169,9.80732,52.11985,4894.57298,0.24664,46.00485,26.92163925988679,10.029018975268245,0.0
9.7071,9.85504,52.17543,4879.51589,0.62142,46.01492,26.54804397207141,9.889844900673392,0.0
9.75236,9.90263,52.27821,4864.62098,0.98886,46.02496,26.00766830208776,9.688540745464898,0.0
9.79747,9.95008,52.42677,4849.97928,1.34609,46.03497,25.316906551145728,9.431213818203476,0.0
9.84244,9.9974,52.61938,4835.67242,1.69054,46.04495,24.495207127795897,9.125109162792642,0.0
9.88725,10.04458,52.85403,4821.7712,2.01999,46.0549,23.56400270377206,8.778211013380766,0.0
9.93192,10.09164,53.12847,4808.33462,2.33258,46.06483,22.54564660730479,8.398846572885201,0.0
9.97644,10.13856,53.44029,4795.40961,2.62685,46.07474,21.462433448737286,7.995321170265295,0.0
10.02083,10.18537,53.78694,4783.03118,2.90171,46.08463,20.33576151211152,7.575606229349415,0.0
10.06509,10.23205,54.1658,4771.22301,3.15646,46.0945,19.185471363214837,7.1470928829300515,0.0
10.10921,10.27863,54.57421,4759.99839,3.39071,46.10437,18.029373067838655,6.716415849125545,0.0
10.15322,10.32509,55.0095,4749.36132,3.6044,46.11422,16.882955984624008,6.289345321579231,0.0
10.19711,10.37146,55.46908,4739.30785,3.79773,46.12407,15.759261672499077,5.870739624135928,0.0
10.24089,10.41773,55.95038,4729.82732,3.97111,46.13393,14.668892306425061,5.464548345928692,0.0
10.28456,10.46392,56.45095,4720.90366,4.12515,46.14378,13.620123589545859,5.073854404125482,0.0
10.32813,10.51002,56.96841,4712.51664,4.26059,46.15365,12.61909148084006,4.7009436048926165,0.0
10.37161,10.55604,57.50054,4704.64292,4.37827,46.16352,11.670024963852638,4.347391355871856,0.0
10.41501,10.602,58.0452,4697.25705,4.47911,46.17341,10.775501466899804,4.014157816927208,0.0
10.45831,10.64788,58.6004,4690.3323,4.56407,46.18332,9.936706507876181,3.7016846246672706,0.0
10.50155,10.69371,59.16428,4683.84135,4.63413,46.19325,9.153684020984686,3.4099881457386108,0.0
10.5447,10.73948,59.7351,4677.75688,4.69027,46.2032,8.42556821155322,3.138745848845443,0.0
10.58779,10.7852,60.31125,4672.05201,4.73345,46.21318,7.750791461602763,2.887373755044071,0.0
10.63082,10.83088,60.89124,4666.70065,4.76462,46.22319,7.12726570594736,2.655094005112424,0.0
10.67378,10.87651,61.47369,4661.67774,4.78467,46.23323,6.552536848901119,2.440992383836365,0.0
10.71668,10.9221,62.05734,4656.95945,4.79446,46.2433,6.023913284845026,2.244066197302403,0.0
10.75954,10.96766,62.64103,4652.52328,4.79479,46.25341,5.538570537426675,2.0632632537528233,0.0
10.80234,11.01319,63.22368,4648.34812,4.78645,46.26356,5.09363456098752,1.897512895559124,0.0
10.84509,11.05868,63.80432,4644.41429,4.77012,46.27375,4.6862464638465955,1.7457501103481787,0.0
10.88779,11.10415,64.38206,4640.70352,4.74648,46.28397,4.313611410253401,1.606933748266371,0.0
10.93045,11.1496,64.95607,4637.19888,4.71614,46.29424,3.9730343118395473,1.4800598179844342,0.0
10.97308,11.19503,65.52562,4633.88481,4.67966,46.30455,3.661944688783158,1.3641707481353236,0.0
11.01566,11.24044,66.09002,4630.74698,4.63757,46.31491,3.3779128081723244,1.2583613992792337,0.0
11.0582,11.28583,66.64864,4627.77226,4.59034,46.32532,3.118658922376791,1.161782505440123,0.0
11.10071,11.33121,67.20093,4624.94863,4.53841,46.33577,2.8820571531471404,1.0736421210348615,0.0
11.14319,11.37657,67.74636,4622.26512,4.48219,46.34626,2.6661353098860663,0.9932055531744943,0.0
11.18563,11.42192,68.28446,4619.71171,4.42204,46.35681,2.4690716994470607,0.9197941732303161,0.0
11.22805,11.46727,68.8148,4617.27927,4.3583,46.36741,2.2891897825690783,0.8527834262151843,0.0
11.27043,11.5126,69.33698,4614.9595,4.29127,46.37806,2.1249513586480115,0.7916002919315754,0.0
11.31278,11.55793,69.85065,4612.74484,4.22123,46.38876,1.9749488144028302,0.7357203973957713,0.0
11.35511,11.60325,70.35548,4610.62841,4.14843,46.39951,1.837896850667636,0.6846649348502184,0.0
11.39741,11.64857,70.85116,4608.60396,4.07312,46.41031,1.7126240021254693,0.6379975026412416,0.0
11.43968,11.69388,71.33743,4606.66582,3.99549,46.42116,1.5980641843576386,0.5953209562725092,0.0
11.48193,11.73919,71.81403,4604.80882,3.91574,46.43207,1.4932484382308564,0.5562743329720222,0.0
11.52415,11.7845,72.28074,4603.02826,3.83404,46.44303,1.397296990791633,0.5205298941663865,0.0
11.56636,11.82981,72.73733,4601.31988,3.75056,46.45405,1.309411712105322,0.4877903154548835,0.0
11.60853,11.87511,73.18363,4599.67981,3.66544,46.46512,1.2288690168628624,0.45778604227121295,0.0
11.65069,11.92042,73.61945,4598.10451,3.57881,46.47624,1.155013236311915,0.43027282075344525,0.0
11.69282,11.96573,74.04464,4596.59077,3.49079,46.48742,1.0872504686991598,0.4050294068719729,0.0
11.73494,12.01104,74.45904,4595.13566,3.4015,46.49866,1.0250429037146611,0.3818554521357043,0.0
11.77703,12.05636,74.86252,4593.73653,3.31103,46.50995,0.9679036073954397,0.3605695608314258,0.0
11.8191,12.10167,75.25495,4592.39094,3.21948,46.5213,0.9153917477758108,0.3410075114529328,0.0
11.86116,12.147,75.63622,4591.09667,3.12692,46.5327,0.8671082375870215,0.3230206334919969,0.0
11.90319,12.19232,76.00622,4589.8517,3.03345,46.54416,0.8226917679875769,0.3064743298985534,0.0
11.94521,12.23765,76.36486,4588.65417,2.93912,46.55567,0.7818152062434164,0.29124673512178434,0.0
11.9872,12.28299,76.71204,4587.50239,2.84401,46.56725,0.7441823301133134,0.27722749858275686,0.0
12.02918,12.32833,77.04769,4586.39482,2.74817,46.57888,0.7095248722063566,0.2643166836198165,0.0
12.07114,12.37368,77.37172,4585.33001,2.65167,46.59056,0.6775998485320148,0.2524237723031968,0.0
12.11309,12.41903,77.68407,4584.30668,2.55454,46.60231,0.6481871467329304,0.24146676698827735,0.0
12.15501,12.46439,77.98467,4583.3236,2.45683,46.61411,0.6210873509432916,0.23137138001809607,0.0
12.19692,12.50976,78.27347,4582.37968,2.3586,46.62597,0.5961197817696959,0.22207030356464952,0.0
12.23882,12.55514,78.5504,4581.4739,2.25987,46.63788,0.5731207314813589,0.21350255219081096,0.0
12.28069,12.60053,78.81542,4580.6053,2.16069,46.64986,0.5519418760790756,0.2056128713042373,0.0
12.32256,12.64592,79.06848,4579.77302,2.0611,46.66189,0.5324488474498486,0.198351205247399,0.0
12.3644,12.69133,79.30954,4578.97625,1.96111,46.67398,0.5145199502873516,0.19167221931669343,0.0
12.40623,12.73674,79.53856,4578.21422,1.86077,46.68613,0.4980450098550961,0.1855348705239067,0.0
12.44804,12.78217,79.7555,4577.48627,1.75992,46.7001,0.4829250297322717,0.1799022800975345,10.99999981236023
12.48984,12.82761,79.9603,4576.79175,1.65878,46.71407,0.46907047657112616,0.17474109450977487,10.99999981236023
12.53162,12.87306,80.15294,4576.13006,1.55736,46.72805,0.45639980440212236,0.17002093574137167,10.99999981236023
12.57339,12.91852,80.3334,4575.5006,1.45569,46.74205,0.44483948244643085,0.16571441164249973,10.99999981236023
12.61514,12.96399,80.50164,4574.90284,1.35379,46.75607,0.43432332322839495,0.16179686563697956,10.99999981236023
12.65687,13.00948,80.65765,4574.33627,1.25168,46.77011,0.4247918872415406,0.15824615494470207,10.99999981236023
12.69859,13.05498,80.8014,4573.80039,1.14938,46.78418,0.41619195310076934,0.1550424531993792,10.99999981236023
12.74029,13.10049,80.93288,4573.29475,1.0469,46.79828,0.4084760472423447,0.15216807524941445,10.99999981236023
12.78198,13.14602,81.05207,4572.81889,0.94426,46.81241,0.40160202790759014,0.1496073221808844,10.99999981236023
12.82366,13.19156,81.15895,4572.3724,0.84149,46.82658,0.3955327187672708,0.14734634483298095,10.99999981236023
12.86532,13.23711,81.25352,4571.95487,0.73858,46.84079,0.3902355881013319,0.14537302428402268,10.99999981236023
12.90696,13.28268,81.33575,4571.5659,0.63557,46.85503,0.3856824699700568,0.14367686798037463,10.99999981236023
12.94859,13.32827,81.40565,4571.2051,0.53247,46.86933,0.38184932428324386,0.14224892035590386,10.99999981236023
12.99021,13.37387,81.46319,4570.87211,0.42928,46.88367,0.37871603311228536,0.1410816869528694,10.99999981236023
13.03181,13.41948,81.50838,4570.56654,0.32603,46.89806,0.37626623099465795,0.14016907120588015,10.99999981236023
13.0734,13.46512,81.54121,4570.28805,0.22273,46.9125,0.374487167358803,0.13950632319154269,10.99999981236023
13.11498,13.51076,81.56168,4570.03626,0.11938,46.927,0.3733695995514231,0.13908999977831496,10.99999981236023
13.15654,13.55643,81.56978,4569.81082,0.01601,46.94156,0.37290771528527195,0.13891793573626718,10.99999981236023
13.19809,13.60211,81.56551,4569.61136,-0.08737,46.95617,0.37309908364752725,0.13898922548641196,10.99999981236023
13.23963,13.6478,81.54888,4569.43752,-0.19075,46.97085,0.37394463411877965,0.13930421528472534,10.99999981236023
13.28115,13.69352,81.51987,4569.28894,-0.29412,46.98559,0.3754486633548348,0.13986450574854672,10.99999981236023
13.32266,13.73925,81.47851,4569.16524,-0.39747,47.00039,0.3776188697859924,0.14067296474572075,10.99999981236023
13.36416,13.78499,81.42479,4569.06604,-0.50077,47.01527,0.3804664163839277,0.14173375077691186,10.99999981236023
13.40565,13.83076,81.35871,4568.99093,-0.60401,47.03022,0.3840060222542346,0.1430523470962367,10.99999981236023
13.44712,13.87654,81.28029,4568.93953,-0.70719,47.04524,0.3882560840188751,0.1446356069294205,10.99999981236023
13.48858,13.92235,81.18954,4568.9114,-0.81029,47.06034,0.3932388282765926,0.14649181026931207,10.99999981236023
13.53003,13.96817,81.08646,4568.90611,-0.91329,47.07552,0.3989804967631313,0.1486307328529378,10.99999981236023
13.57146,14.01401,80.97107,4568.9232,-1.01618,47.09078,0.4055115661883461,0.15106372805660906,10.99999981236023
13.61289,14.05987,80.84338,4568.9622,-1.11893,47.10613,0.412867005100024,0.15380382258445446,10.99999981236023
13.6543,14.10575,80.70341,4569.0226,-1.22155,47.12156,0.4210865705289821,0.15686582697652382,10.99999981236023
13.6957,14.15164,80.55117,4569.10386,-1.324,47.13709,0.43021514759775303,0.16026646212195914,10.99999981236023
13.73709,14.19756,80.38669,4569.20543,-1.42627,47.15271,0.4403031357428658,0.1640245031369565,10.99999981236023
13.77846,14.2435,80.20999,4569.32672,-1.52834,47.16843,0.4514068857034688,0.16816094215452582,10.99999981236023
13.81983,14.28946,80.02109,4569.46707,-1.63019,47.18425,0.4635891919740652,0.17269917177609206,10.99999981236023
13.86118,14.33544,79.82002,4569.62583,-1.7318,47.20018,0.4769198460132192,0.17766519115629434,10.99999981236023
13.90252,14.38143,79.6068,4569.80227,-1.83315,47.21621,0.49147625614195517,0.18308783693144964,10.99999981236023
13.94385,14.42746,79.38148,4569.9956,-1.93421,47.23237,0.5073441407641832,0.18899904146240143,10.99999981236023
13.98516,14.4735,79.14408,4570.20502,-2.03496,47.24864,0.5246183022958856,0.19543412114350472,10.99999981236023
14.02647,14.51956,78.89464,4570.42961,-2.13537,47.26504,0.5434034900046053,0.20243209783303856,10.99999981236023
14.06776,14.56564,78.6332,4570.66842,-2.2354,47.28157,0.5638153608375626,0.21003605678695975,10.99999981236023
14.10904,14.61175,78.35981,4570.92041,-2.33504,47.29824,0.5859815482510485,0.21829354482597524,10.99999981236023
14.15031,14.65788,78.07452,4571.18447,-2.43424,47.31505,0.6100428500498078,0.22725701283696537,10.99999981236023
14.19157,14.70403,77.77738,4571.45939,-2.53297,47.33201,0.6361545472888319,0.2369843070986051,10.99999981236023
14.23281,14.7502,77.46844,4571.74384,-2.63118,47.34913,0.664487867376523,0.2475392143257885,10.99999981236023
14.27404,14.7964,77.14778,4572.03642,-2.72884,47.36642,0.6952316056303415,0.2589920657417733,10.99999981236023
14.31526,14.84262,76.81545,4572.33557,-2.8259,47.38388,0.7285939206500209,0.2714204059019426,10.99999981236023
14.35647,14.88886,76.47154,4572.63963,-2.92231,47.40152,0.7648043199546365,0.2849097323958582,10.99999981236023
14.39767,14.93513,76.11612,4572.94675,-3.01801,47.41937,0.8041158533396662,0.2995543129304765,10.99999981236023
14.43885,14.98142,75.74927,4573.25497,-3.11295,47.43742,0.8468075322802848,0.31545808662153385,10.99999981236023
14.48002,15.02773,75.3711,4573.5621,-3.20705,47.45569,0.8931869943647094,0.33273565656507315,10.99999981236023
14.52118,15.07407,74.98171,4573.86578,-3.30026,47.47419,0.9435934320734443,0.35151338088477363,10.99999981236023
14.56233,15.12043,74.58121,4574.16344,-3.39248,47.49294,0.9984008051040942,0.3719305694074649,10.99999981236023
14.60346,15.16681,74.16972,4574.45225,-3.48365,47.51196,1.0580213546881752,0.39414079283860604,10.99999981236023
14.64458,15.21322,73.74738,4574.72912,-3.57366,47.53126,1.1229094367426957,0.4183133107121067,10.99999981236023
14.68568,15.25966,73.31432,4574.99068,-3.66241,47.55087,1.1935656879737904,0.44463462337354637,10.99999981236023
14.72677,15.30611,72.87071,4575.23323,-3.7498,47.5708,1.270541534835888,0.4733101516861028,10.99999981236023
14.76784,15.3526,72.41672,4575.45272,-3.83571,47.59108,1.3544440491333236,0.5045660458699119,10.99999981236023
14.8089,15.39911,71.95254,4575.64473,-3.91999,47.61173,1.4459411454926652,0.5386511216972611,10.99999981236023
14.84994,15.44564,71.47837,4575.80437,-4.00252,47.63278,1.5457671042854761,0.5758389179266374,10.99999981236023
14.89097,15.49219,70.99444,4575.92634,-4.08312,47.65427,1.6547283880717758,0.6164298630809549,10.99999981236023
14.93198,15.53878,70.50099,4576.00477,-4.16163,47.67623,1.7737096993208952,0.6607535321079626,10.99999981236023
14.97297,15.58538,69.99829,4576.03326,-4.23785,47.69869,1.9036802009770621,0.709170963704597,10.99999981236023
15.01394,15.63202,69.48663,4576.0048,-4.31158,47.7217,2.0456997880985472,0.7620769966675809,10.99999981236023
15.0549,15.67867,68.96633,4575.91167,-4.38258,47.7453,2.2009252568707396,0.8199025680131116,10.99999981236023
15.09583,15.72535,68.43773,4575.74545,-4.45061,47.76954,2.370616165248156,0.883116896220211,10.99999981236023
15.13674,15.77206,67.90123,4575.4969,-4.51538,47.79447,2.556140115572157,0.9522294491448189,10.99999981236023
15.17763,15.81879,67.35724,4575.15592,-4.57661,47.82017,2.7589771121070594,1.0277915673166493,10.99999981236023
15.21849,15.86555,66.80621,4574.71146,-4.63395,47.84668,2.9807225539407045,1.1103975788733995,10.99999981236023
15.25933,15.91233,66.24864,4574.15149,-4.68705,47.87408,3.22308831483349,1.200685201832927,10.99999981236023
15.30014,15.95913,65.68509,4573.46285,-4.73551,47.90245,3.487901235814592,1.2993349825456806,10.99999981236023
15.34093,16.00596,65.11615,4572.63127,-4.77891,47.93187,3.7770982139997358,1.4070684661500974,10.99999981236023
15.38168,16.05281,64.54247,4571.64123,-4.81679,47.96244,4.092716914382773,1.5246447364705809,10.99999981236023
15.4224,16.09968,63.96476,4570.47592,-4.84864,47.99425,4.436880964632402,1.6528549006897266,10.99999981236023
15.46309,16.14658,63.38379,4569.11722,-4.87392,48.0274,4.811778324037079,1.7925140312111605,10.99999981236023
15.50374,16.1935,62.80043,4567.54561,-4.89205,48.06203,5.219631358856959,1.944450017940763,10.99999981236023
15.54434,16.24044,62.21557,4565.74017,-4.90239,48.09823,5.662657025322469,2.109488735405999,10.99999981236023
15.58491,16.2874,61.63023,4563.67862,-4.90429,48.13616,6.143015483136235,2.2884348999333186,10.99999981236023
15.62543,16.33437,61.04548,4561.33729,-4.89703,48.17595,6.662745469388798,2.4820479947313503,10.99999981236023
15.6659,16.38137,60.46249,4558.69128,-4.87987,48.21774,7.223684896569788,2.6910126905608673,10.99999981236023
15.70631,16.42839,59.88253,4555.71451,-4.85203,48.26169,7.8273754484618605,2.915903305195053,10.99999981236023
15.74667,16.47542,59.30696,4552.37998,-4.8127,48.30796,8.474950489968988,3.1571420468812614,10.99999981236023
15.78696,16.52247,58.73722,4548.65995,-4.76106,48.35671,9.167006439139792,3.4149510970353063,10.99999981236023
15.82719,16.56953,58.17487,4544.52634,-4.69625,48.4081,9.903458924363855,3.6892990250123585,10.99999981236023
15.86734,16.6166,57.62156,4539.95115,-4.61746,48.4623,10.683386602869312,3.9798426063879098,10.99999981236023
15.90742,16.66368,57.07903,4534.90693,-4.52387,48.51947,11.5048674524789,4.285865837329482,10.99999981236023
15.94741,16.71077,56.54912,4529.36741,-4.4147,48.57976,12.36481462095305,4.606218784157864,10.99999981236023
15.98731,16.75786,56.03374,4523.30825,-4.28923,48.64332,13.258821409255988,4.939259835535005,10.99999981236023
16.02712,16.80496,55.53488,4516.70776,-4.14685,48.71025,14.181027471075057,5.282805858264445,10.99999981236023
16.06682,16.85206,55.05458,4509.54783,-3.98705,48.78067,15.124020525673616,5.634095582742941,10.99999981236023
16.10641,16.89915,54.59492,4501.81483,-3.80945,48.85465,16.07878940521955,5.989772111854938,10.99999981236023
16.14588,16.94624,54.158,4493.50052,-3.61386,48.93222,17.034744624232005,6.345890583632682,10.99999981236023
16.18522,16.99332,53.74591,4484.60297,-3.4003,49.01338,17.979821392015236,6.697956546098262,10.99999981236023
16.22443,17.04038,53.36071,4475.12739,-3.16902,49.09809,18.900676689899814,7.040999373721368,10.99999981236023
16.2635,17.08742,53.00438,4465.08685,-2.92051,49.18625,19.78298649448441,7.36968299089726,10.99999981236023
16.30241,17.13444,52.67882,4454.50274,-2.65555,49.27771,20.61184153942277,7.678453303625556,10.99999981236023
16.34117,17.18144,52.38579,4443.40508,-2.37519,49.37226,21.37223066033789,7.961718258208318,10.99999981236023
16.37977,17.2284,52.12688,4431.83246,-2.08079,49.46964,22.049590674226774,8.214052685796519,10.99999981236023
16.41819,17.27533,51.90348,4419.83176,-1.77396,49.56955,22.63039218500171,8.430416530367655,10.99999981236023
16.45644,17.32222,51.71676,4407.45742,-1.45657,49.67161,23.102723158312628,8.60637224570183,10.99999981236023
16.4945,17.36906,51.56764,4394.77044,-1.13072,49.77543,23.45682799028202,8.738285612669301,10.99999981236023
16.53238,17.41586,51.45675,4381.83716,-0.79868,49.88056,23.685560162993703,8.823494365310072,10.99999981236023
16.57006,17.4626,51.38447,4368.72767,-0.46288,49.98654,23.784711858271397,8.860430980639126,10.99999981236023
16.60755,17.50928,51.35085,4355.51418,-0.12578,50.09289,23.753193716000112,8.848689643350838,10.99999981236023
16.64485,17.55591,51.35566,4342.26927,0.2101,50.19911,23.593051108501577,8.789032308452038,10.99999981236023
16.68194,17.60247,51.3984,4329.06416,0.54231,50.30475,23.309318089846574,8.683334293538026,10.99999981236023
16.71884,17.64897,51.47828,4315.96711,0.86848,50.40933,22.90972453248131,8.534475179480198,10.99999981236023
16.75555,17.69541,51.59427,4303.04195,1.18642,50.51244,22.40428397174814,8.346185271665556,10.99999981236023
16.79206,17.74177,51.74511,4290.34698,1.49409,50.61367,21.804797910207522,8.122860940314087,10.99999981236023
16.82838,17.78807,51.92935,4277.93399,1.78972,50.71269,21.124316062431685,7.869363547462601,10.99999981236023
16.86452,17.8343,52.14536,4265.84767,2.07175,50.80918,20.376591282350127,7.590816393059205,10.99999981236023
16.90048,17.88046,52.39139,4254.12532,2.33892,50.9029,19.57556340061145,7.29241243079952,10.99999981236023
16.93625,17.92656,52.66557,4242.79681,2.59021,50.99366,18.734899033051764,6.9792428346728,10.99999981236023
16.97186,17.97259,52.96596,4231.88474,2.82486,51.08129,17.867605896956345,6.656153321621455,10.99999981236023
17.0073,18.01856,53.29058,4221.40487,3.04237,51.1657,16.985731510318722,6.327631909087344,10.99999981236023
17.04259,18.06447,53.63744,4211.36665,3.24247,51.24684,16.100148324207556,5.997728871164951,10.99999981236023
17.07772,18.11031,54.00452,4201.77383,3.42508,51.32468,15.220420990422184,5.670007292310665,10.99999981236023
17.11271,18.15611,54.38987,4192.62523,3.59034,51.39924,14.354746894562812,5.347520914346758,10.99999981236023
17.14756,18.20185,54.79154,4183.91538,3.7385,51.47058,13.509958298580933,5.03281493461779,10.99999981236023
17.18228,18.24754,55.20766,4175.6353,3.86998,51.53877,12.691573238663125,4.727944966791536,10.99999981236023
17.21687,18.29318,55.63642,4167.77313,3.98528,51.60391,11.903882396130287,4.434509402554645,10.99999981236023
17.25135,18.33878,56.07608,4160.31481,4.08501,51.6661,11.150060141530545,4.1536907784590165,10.99999981236023
17.28571,18.38434,56.52498,4153.24463,4.1698,51.72548,10.432289500438921,3.8863023289702006,10.99999981236023
17.31998,18.42985,56.98176,4146.54528,4.24421,51.7422,9.751605719701384,3.632729710777307,0.0
17.35418,18.47529,57.44512,4140.19898,4.30485,51.75892,9.108405663714857,3.3931207663103193,0.0
17.38831,18.52069,57.91363,4134.18811,4.35246,51.77566,8.502810944032614,3.1675207990726264,0.0
17.42238,18.56603,58.38594,4128.49495,4.3878,51.7924,7.934422461800227,2.9557811342400284,0.0
17.45638,18.61132,58.86079,4123.1019,4.4116,51.80916,7.402429436449903,2.757599734718104,0.0
17.49033,18.65657,59.33702,4117.99176,4.42458,51.82594,6.905703142254361,2.572556120474879,0.0
17.52421,18.70178,59.81351,4113.14782,4.42745,51.84274,6.44287843462354,2.4001417392314384,0.0
17.55805,18.74695,60.28925,4108.55403,4.42087,51.85956,6.0124233434901,2.239785891829142,0.0
17.59183,18.7921,60.7633,4104.19504,4.40549,51.87641,5.612697427974769,2.0908774708778615,0.0
17.62556,18.83721,61.23476,4100.05629,4.38193,51.89328,5.2419998455991585,1.9527828678025403,0.0
17.65925,18.88229,61.70282,4096.12402,4.35077,51.91018,4.898608226083874,1.8248604543558125,0.0
17.69289,18.92735,62.16674,4092.38529,4.31255,51.92711,4.580809485465873,1.7064720616874947,0.0
17.72649,18.97239,62.62581,4088.82799,4.26778,51.94407,4.28692369771425,1.5969918731495596,0.0
17.76004,19.01741,63.07938,4085.44078,4.21695,51.96107,4.015322079615074,1.4958131241389523,0.0
17.79356,19.06241,63.52686,4082.21312,4.1605,51.97809,3.7644400572466505,1.4023529697034245,0.0
17.82704,19.10739,63.96771,4079.1352,4.09886,51.99516,3.5327862815031663,1.3160558430613036,0.0
17.86048,19.15236,64.4014,4076.19794,4.03239,52.01225,3.318948354886273,1.2363955889820406,0.0
17.89388,19.19732,64.82748,4073.3929,3.96148,52.02939,3.1215959283528987,1.1628766174435012,0.0
17.92725,19.24227,65.2455,4070.71231,3.88645,52.04656,2.9394817295331737,1.0950342866701976,0.0
17.96059,19.28721,65.65508,4068.14897,3.80761,52.06378,2.771440994350346,1.0324346913967524,0.0
17.99389,19.33214,66.05584,4065.69622,3.72524,52.08103,2.616389694248507,0.974674002463582,0.0
18.02717,19.37707,66.44744,4063.34796,3.63961,52.09833,2.4733218811298783,0.921377477736176,0.0
18.06041,19.42199,66.82957,4061.09852,3.55097,52.11566,2.3413064115286386,0.8721982417736572,0.0
18.09362,19.46691,67.20194,4058.94271,3.45953,52.13304,2.219483259819556,0.8268159124019905,0.0
18.12681,19.51183,67.56428,4056.8757,3.36552,52.15047,2.107059586728737,0.7849351361307944,0.0
18.15996,19.55674,67.91634,4054.89309,3.26911,52.16793,2.0033056930187993,0.7462840807946005,0.0
18.19309,19.60166,68.2579,4052.99078,3.17049,52.18544,1.9075509582316508,0.7106129226276839,0.0
18.22619,19.64657,68.58875,4051.16502,3.06983,52.203,1.8191798397968693,0.6776923558266627,0.0
18.25927,19.69149,68.9087,4049.41232,2.96727,52.2206,1.7376279879205654,0.647312145244376,0.0
18.29232,19.73641,69.21756,4047.72947,2.86296,52.23824,1.6623785157033304,0.6192797369106814,0.0
18.32534,19.78133,69.51516,4046.11351,2.75703,52.25593,1.5929584512421684,0.5934189363470731,0.0
18.35834,19.82625,69.80137,4044.56168,2.6496,52.27367,1.52893538851542,0.5695686609331959,0.0
18.39132,19.87118,70.07603,4043.07145,2.54077,52.29146,1.4699143461126833,0.5475817697010887,0.0
18.42427,19.91612,70.33902,4041.64044,2.43067,52.30929,1.4155348369724587,0.5273239717353574,0.0
18.4572,19.96106,70.59022,4040.26647,2.31937,52.32717,1.3654681478566362,0.5086728127058403,0.0
18.4901,20.00601,70.82951,4038.94749,2.20698,52.34509,1.3194148240506816,0.49151673785224564,0.0
18.52299,20.05096,71.0568,4037.6816,2.09358,52.36307,1.2771023524750105,0.4757542288821775,0.0
18.55585,20.09592,71.27199,4036.46702,1.97925,52.38109,1.2382830348437195,0.46129301166680275,0.0
18.58869,20.14089,71.475,4035.30207,1.86406,52.39916,1.2027320415373712,0.44804933125725777,0.0
18.62151,20.18587,71.66575,4034.1852,1.74808,52.41728,1.1702456363414708,0.4359472905530205,0.0
18.6543,20.23085,71.84417,4033.11494,1.63138,52.43545,1.140639562034233,0.42491824889087704,0.0
18.68708,20.27585,72.01019,4032.08988,1.51401,52.45367,1.113747576900422,0.41490027685781905,0.0
18.71983,20.32086,72.16375,4031.10872,1.39605,52.47194,1.0894201325366915,0.40583766373874486,0.0
18.75257,20.36587,72.3048,4030.17019,1.27753,52.49026,1.0675231837429788,0.39768047416968944,0.0
18.78528,20.4109,72.4333,4029.27311,1.15853,52.50862,1.0479371218198772,0.3903841507630297,0.0
18.81797,20.45594,72.54919,4028.41632,1.03907,52.52704,1.0305558231917475,0.38390915969456035,0.0
18.85065,20.50099,72.65244,4027.59874,0.91922,52.54551,1.0152858059096461,0.37822067647864216,0.0
18.8833,20.54605,72.74302,4026.81928,0.79902,52.56402,1.0020454872495446,0.37328830940400387,0.0
18.91594,20.59112,72.82089,4026.07692,0.67852,52.58259,0.9907645362967291,0.3690858583543967,0.0
18.94855,20.63621,72.88604,4025.37065,0.55775,52.60121,0.9813833160776,0.3655911069880116,0.0
18.98115,20.6813,72.93844,4024.69949,0.43676,52.61987,0.9738524104668096,0.36278564649794,0.0
19.01373,20.72642,72.97808,4024.06246,0.31559,52.63859,0.9681322317576656,0.3606547294218239,0.0
19.04628,20.77154,73.00493,4023.45859,0.19428,52.65736,0.9641927054270008,0.3591871522084752,0.0
19.07882,20.81668,73.019,4022.88693,0.07288,52.67618,0.9620130292545721,0.3583751654835138,0.0
19.11135,20.86183,73.02028,4022.34652,-0.04859,52.69505,0.961581504581334,0.35821441118863506,0.0
19.14385,20.907,73.00877,4021.83638,-0.17008,52.71397,0.9628954380894744,0.35870388599208863,0.0
19.17633,20.95218,72.98447,4021.35556,-0.29155,52.73294,0.9659611130865584,0.35984593059126624,0.0
19.2088,20.99738,72.94739,4020.90305,-0.41296,52.75197,0.9707938298583233,0.36164624474517976,0.0
19.24125,21.04259,72.89753,4020.47784,-0.53428,52.77104,0.9774180152302737,0.364113928089038,0.0
19.27368,21.08782,72.83492,4020.07889,-0.65546,52.79016,0.9858674020503714,0.3672615469962716,0.0
19.30609,21.13306,72.75957,4019.70513,-0.77646,52.80934,0.9961852798626245,0.3711052279610399,0.0
19.33849,21.17832,72.67151,4019.35546,-0.89724,52.82857,1.008424818606218,0.37566477818467464,0.0
19.37087,21.22359,72.57076,4019.02873,-1.01776,52.84784,1.0226494677192184,0.38096383425231073,0.0
19.40323,21.26888,72.45736,4018.72373,-1.13797,52.86717,1.0389334335726033,0.3870300399896245,0.0
19.43557,21.31419,72.33134,4018.43922,-1.25783,52.88655,1.0573622386926504,0.39389525478788756,0.0
19.4679,21.35951,72.19274,4018.17386,-1.37728,52.90598,1.0780333667470399,0.40159579387826033,0.0
19.5002,21.40485,72.04162,4017.92629,-1.49628,52.92547,1.101056997761456,0.4101727022193212,0.0
19.53249,21.45021,71.87801,4017.69502,-1.61478,52.945,1.1265568384975522,0.4196720638347067,0.0
19.56477,21.49558,71.70199,4017.4785,-1.73272,52.96458,1.1546710533332067,0.4301453485905003,0.0
19.59702,21.54097,71.51361,4017.2751,-1.85004,52.98422,1.185553301341566,0.44164979853446246,0.0
19.62926,21.58637,71.31294,4017.08305,-1.96668,53.0039,1.2193738855171665,0.45424885601299964,0.0
19.66148,21.6318,71.10005,4016.90049,-2.08257,53.02364,1.2563210202498514,0.4680126358385468,0.0
19.69368,21.67724,70.87505,4016.72542,-2.19765,53.04343,1.2966022231208585,0.4830184437702314,0.0
19.72587,21.7227,70.638,4016.5557,-2.31184,53.06326,1.340445836890899,0.49935134349447785,0.0
19.75804,21.76817,70.38902,4016.38905,-2.42506,53.08315,1.3881026870488753,0.5171047741055184,0.0
19.79019,21.81366,70.12821,4016.223,-2.53723,53.10309,1.439847879481865,0.5363812197847604,0.0
19.82232,21.85917,69.85568,4016.05493,-2.64825,53.12308,1.495982741567348,0.557292932908716,0.0
19.85444,21.9047,69.57157,4015.88198,-2.75804,53.14312,1.5568369082013351,0.5799627111493654,0.0
19.88653,21.95024,69.27602,4015.70112,-2.86648,53.1632,1.622770551810893,0.6045247282124977,0.0
19.91861,21.9958,68.96917,4015.50903,-2.97347,53.18334,1.6941767521099065,0.6311254166340845,0.0
19.95067,22.04138,68.65118,4015.30218,-3.07887,53.20353,1.7714839970341052,0.6599243994443816,0.0
19.98271,22.08697,68.32223,4015.07672,-3.18257,53.22376,1.8551588007304383,0.6910954654378535,0.0
20.01474,22.13258,67.98252,4014.82853,-3.28442,53.24405,1.9457084174148802,0.7248275801566119,0.0
20.04674,22.17821,67.63224,4014.55312,-3.38427,53.26438,2.0436836210152074,0.761325921380488,0.0
20.07873,22.22385,67.27163,4014.24566,-3.48196,53.28476,2.1496815094968746,0.8008129238122069,0.0
20.1107,22.26951,66.90092,4013.90094,-3.57731,53.30518,2.2643482791935394,0.8435293125885047,0.0
20.14264,22.31518,66.52038,4013.51332,-3.67013,53.32566,2.388381897921915,0.8897350990857456,0.0
20.17457,22.36087,66.13028,4013.07669,-3.76021,53.34618,2.5225345857209462,0.939710505060537,0.0
20.20648,22.40658,65.73094,4012.58447,-3.84734,53.36675,2.6676149882228075,0.9937567722876104,0.0
20.23836,22.45229,65.32268,4012.02954,-3.93126,53.38736,2.8244898994953065,1.0521968043639496,0.0
20.27023,22.49802,64.90587,4011.40423,-4.01173,53.40802,2.994085358306622,1.115375575096247,0.0
20.30207,22.54377,64.4809,4010.70026,-4.08845,53.42872,3.177386903800625,1.1836602237466907,0.0
20.33389,22.58952,64.04817,4009.90872,-4.16114,53.44946,3.3754387334705176,1.2574397413559872,0.0
20.36569,22.63529,63.60815,4009.01999,-4.22947,53.47025,3.5893414581794483,1.3371241344294744,0.0
20.39746,22.68106,63.16133,4008.02378,-4.29308,53.49108,3.8202480963569663,1.4231429326699,0.0
20.42921,22.72685,62.70824,4006.90901,-4.35161,53.51195,4.069357893597486,1.515942886615235,0.0
20.46094,22.77264,62.24943,4005.66386,-4.40465,53.53286,4.337907496496536,1.6159846796604416,0.0
20.49264,22.81844,61.78554,4004.27568,-4.45178,53.5538,4.62715895368932,1.7237384581286337,0.0
20.52431,22.86425,61.31723,4002.73101,-4.49254,53.57479,4.938383966883429,1.8396779643663739,0.0
20.55595,22.91006,60.8452,4001.01556,-4.52645,53.59581,5.2728437759513485,1.9642730434113809,0.0
20.58757,22.95587,60.37022,3999.11421,-4.553,53.61686,5.631764042524459,2.097980286470442,0.0
20.61915,23.00168,59.89312,3997.01106,-4.57166,53.63795,6.016304105636229,2.2412315778375724,0.0
20.65071,23.0475,59.41477,3994.68943,-4.58186,53.65907,6.427520032688979,2.3944203304069385,0.0
20.68223,23.09331,58.93611,3992.13195,-4.58301,53.68022,6.8663209931207305,2.5578852337158935,0.0
20.71371,23.13911,58.45816,3989.32066,-4.57452,53.70139,7.333418656142877,2.7318914032708252,0.0
20.74516,23.18491,57.98197,3986.23709,-4.55576,53.7226,7.829269573867651,2.916608916746149,0.0
20.77657,23.23069,57.50867,3982.86244,-4.5261,53.74382,8.354010872211735,3.1120888571538283,0.0
20.80795,23.27647,57.03948,3979.17782,-4.48491,53.76506,8.907390046259382,3.3182371597689433,0.0
20.83928,23.32223,56.57563,3975.16439,-4.43157,53.78633,9.488690250013741,3.5347867805963165,0.0
20.87056,23.36797,56.11846,3970.80374,-4.36546,53.8076,10.096653178312689,3.761268967855051,0.0
20.9018,23.41368,55.66935,3966.07816,-4.28601,53.82889,10.7294024420497,3.9969847172322,0.0
20.93299,23.45937,55.22973,3960.97105,-4.19269,53.85019,11.384371198427838,4.2409778122482065,0.0
20.96413,23.50503,54.80108,3955.46731,-4.085,53.8715,12.058238654645828,4.4920111702092775,0.0
20.99522,23.55066,54.38493,3949.5538,-3.96254,53.89281,12.746880829395597,4.748548499569675,0.0
21.02624,23.59624,53.98281,3943.21984,-3.82501,53.91411,13.445341521855875,5.0087434851179875,0.0
21.05721,23.64178,53.5963,3936.45767,-3.6722,53.93542,14.147829673853193,5.270438805312685,0.0
21.08812,23.68728,53.22696,3929.26295,-3.50403,53.95671,14.847749083226184,5.531177201292136,0.0
21.11895,23.73272,52.87636,3921.63526,-3.32058,53.978,15.53776561256211,5.788226513897323,0.0
21.14972,23.7781,52.54601,3913.57846,-3.12208,53.99927,16.209915550861577,6.038620051243128,0.0
21.18042,23.82342,52.2374,3905.10112,-2.90895,54.02052,16.85575660164924,6.279212835762294,0.0
21.21104,23.86868,51.95193,3896.21671,-2.68179,54.04175,17.466560152620264,6.506753229707658,0.0
21.24157,23.91386,51.69092,3886.94379,-2.44139,54.06295,18.033540195977885,6.717968214001148,0.0
21.27203,23.95896,51.45559,3877.30603,-2.18874,54.08412,18.548110789036762,6.909659299082726,0.0
21.3024,24.00397,51.24702,3867.33203,-1.92501,54.10526,19.002160634728796,7.078804813373455,0.0
21.33268,24.0489,51.06615,3857.05506,-1.65156,54.12637,19.38833063548337,7.222663299398769,0.0
21.36287,24.09374,50.91376,3846.51257,-1.36991,54.14743,19.70027853683928,7.338872100497113,0.0
21.39296,24.13848,50.79044,3835.74565,-1.08172,54.16846,19.932914358777484,7.425535065185957,0.0
21.42296,24.18312,50.69663,3824.79825,-0.78875,54.18944,20.08259139917066,7.481293700972366,0.0
21.45286,24.22766,50.63253,3813.71641,-0.49287,54.21037,20.147240180498997,7.505377073028983,0.0
21.48266,24.27209,50.59819,3802.54733,-0.19597,54.23126,20.12643658601854,7.497627186709498,0.0
21.51235,24.31641,50.59343,3791.33846,0.10005,54.2521,20.0214001961283,7.458498367801638,0.0
21.54194,24.36062,50.6179,3780.13663,0.3933,54.27289,19.834923961504007,7.389031063919064,0.0
21.57143,24.40471,50.67106,3768.98717,0.68196,54.29364,19.5712412629621,7.290802320802852,0.0
21.60082,24.4487,50.75221,3757.93311,0.96432,54.31433,19.23584057770574,7.165856740621708,0.0
21.6301,24.49257,50.86048,3747.01457,1.23875,54.33498,18.83524099200308,7.016622854538001,0.0
21.65928,24.53633,50.99487,3736.26817,1.50381,54.35558,18.376743441063038,6.84582045301622,0.0
21.68836,24.57998,51.15425,3725.72665,1.75818,54.37614,17.868172782321793,6.656364501335735,0.0
21.71734,24.62352,51.33737,3715.41859,2.00075,54.39665,17.317624760129977,6.451270877279004,0.0
21.74621,24.66696,51.54294,3705.36831,2.23056,54.41713,16.733229871782758,6.23356840501474,0.0
21.775,24.71029,51.76955,3695.59583,2.44685,54.43756,16.122943445300088,6.0062206535476514,0.0
21.80368,24.75352,52.01578,3686.11697,2.64902,54.45796,15.494368250900214,5.772059854824961,0.0
21.83228,24.79665,52.28015,3676.9436,2.83666,54.47832,14.854613016662455,5.533734197098103,0.0
21.86078,24.83968,52.56118,3668.08382,3.0095,54.49866,14.210187561311182,5.293668759125552,0.0
21.8892,24.88263,52.85739,3659.54237,3.16743,54.51896,13.566933063270264,5.0540395335608475,0.0
21.91753,24.92549,53.16731,3651.3209,3.31046,54.53924,12.929984339682076,4.816759374894697,0.0
21.94578,24.96826,53.48946,3643.41838,3.43873,54.5595,12.30375992203669,4.583474302365709,0.0
21.97396,25.01096,53.82245,3635.83146,3.55246,54.57974,11.691975140862548,4.3555683743519635,0.0
22.00205,25.05358,54.16486,3628.55483,3.65198,54.59997,11.097673289285932,4.134175297616859,0.0
22.03008,25.09613,54.51538,3621.58156,3.73766,54.62019,10.523270125948597,3.9201950058168835,0.0
22.05803,25.13861,54.8727,3614.90345,3.80996,54.64039,9.970607402021951,3.714313599722778,0.0
22.08591,25.18103,55.23558,3608.51128,3.86936,54.66059,9.441011663129787,3.5170252524829215,0.0
22.11373,25.22339,55.60284,3602.39508,3.91637,54.68078,8.93535520847585,3.3286549185022802,0.0
22.14149,25.26569,55.97334,3596.54439,3.95154,54.70098,8.454116727059226,3.1493809220280813,0.0
22.16918,25.30794,56.34603,3590.94843,3.97541,54.72117,7.997439732274833,2.9792567255759956,0.0
22.19682,25.35014,56.71988,3585.59628,3.98854,54.74137,7.565187454898056,2.81823137901124,0.0
22.2244,25.3923,57.09393,3580.47702,3.99148,54.76158,7.156993316179659,2.666168322104456,0.0
22.25193,25.43441,57.46728,3575.57985,3.98478,54.78179,6.772306483092711,2.5228623550598224,0.0
22.2794,25.47648,57.83907,3570.89419,3.96898,54.80202,6.410432309099921,2.388054703764948,0.0
22.30683,25.51852,58.20851,3566.40974,3.9446,54.82226,6.070567692817996,2.261446191823688,0.0
22.3342,25.56053,58.57485,3562.11653,3.91214,54.84251,5.75183155274532,2.1427085931940386,0.0
22.36153,25.6025,58.93738,3558.005,3.87208,54.86278,5.453290729080711,2.0314942812971504,0.0
22.38882,25.64444,59.29544,3554.06596,3.8249,54.88307,5.173981693395035,1.92744431644121,0.0
22.41606,25.68636,59.64843,3550.2907,3.77102,54.90338,4.912928483004009,1.830195126847199,0.0
22.44326,25.72825,59.99576,3546.67089,3.71089,54.92371,4.669157287535829,1.739383942529128,0.0
22.47042,25.77012,60.3369,3543.19869,3.64488,54.94407,4.441708107293612,1.6546531383407956,0.0
22.49755,25.81197,60.67135,3539.86665,3.5734,54.96445,4.229643882502757,1.5756536348606354,0.0
22.52463,25.8538,60.99864,3536.66777,3.49678,54.98485,4.032057463778174,1.5020474950741656,0.0
22.55168,25.89561,61.31834,3533.59544,3.41537,55.00528,3.848076760896523,1.4335098424271169,0.0
22.57869,25.93741,61.63004,3530.64346,3.32949,55.02574,3.6768683716867967,1.3697302126826585,0.0
22.60566,25.97919,61.93337,3527.806,3.23944,55.04622,3.5176399575860002,1.3104134388783921,0.0
22.63261,26.02096,62.22798,3525.07758,3.1455,55.06674,3.369641598409215,1.2552801560138485,0.0
22.65952,26.06272,62.51355,3522.45308,3.04793,55.08729,3.2321663270426613,1.20406700023772,0.0
22.68639,26.10447,62.78977,3519.92767,2.94697,55.10787,3.1045500155778565,1.15652656642984,0.0
22.71324,26.14622,63.05636,3517.49685,2.84288,55.12848,2.9861707580767534,1.1124271782649562,0.0
22.74005,26.18795,63.31306,3515.15636,2.73585,55.14912,2.876447871819106,1.0715525161510944,0.0
22.76684,26.22968,63.55963,3512.90225,2.62611,55.1698,2.7748406183722305,1.033701140794396,0.0
22.79359,26.2714,63.79585,3510.73076,2.51384,55.19051,2.6808467280475496,0.9986859435203549,0.0
22.82032,26.31312,64.02151,3508.63839,2.39922,55.21126,2.594000796022276,0.9663335487869447,0.0
22.84702,26.35483,64.23643,3506.62182,2.28244,55.23204,2.5138726053784337,0.9364836894725316,0.0
22.87369,26.39654,64.44042,3504.67795,2.16364,55.25286,2.440065421316326,0.9089885714255072,0.0
22.90033,26.43825,64.63332,3502.80383,2.04298,55.27371,2.372214291571372,0.8837122403248432,0.0
22.92695,26.47996,64.81498,3500.99666,1.9206,55.2946,2.309984380400257,0.8605299610460964,0.0
22.95354,26.52167,64.98528,3499.25381,1.79665,55.31553,2.2530693571694527,0.8393276173682334,0.0
22.98011,26.56338,65.14407,3497.57276,1.67125,55.3365,2.201189855403028,0.8200011379283952,0.0
23.00665,26.60509,65.29126,3495.95112,1.54453,55.3575,2.15409201395553,0.8024559527704126,0.0
23.03316,26.6468,65.42673,3494.38659,1.4166,55.37854,2.111546108590515,0.7866064835718014,0.0
23.05965,26.68851,65.55039,3492.87699,1.28757,55.39963,2.0733452795876093,0.7723756696439152,0.0
23.08611,26.73022,65.66216,3491.4202,1.15755,55.42075,2.0393043588951856,0.7596945310154589,0.0
23.11255,26.77194,65.76197,3490.01416,1.02665,55.44191,2.0092587987326556,0.7485017693086502,0.0
23.13897,26.81366,65.84974,3488.65691,0.89496,55.4631,1.9830637023421758,0.7387434066687294,0.0
23.16536,26.85538,65.92542,3487.34651,0.76259,55.48434,1.9605929566850906,0.7303724626705635,0.0
23.19173,26.89711,65.98896,3486.08106,0.62961,55.50562,1.941738466265798,0.7233486688978774,0.0
23.21808,26.93885,66.04033,3484.85872,0.49613,55.52694,1.9264094868443835,0.7176382207336779,0.0
23.2444,26.98058,66.07948,3483.67765,0.36224,55.5483,1.9145320575580826,0.713213565810558,0.0
23.2707,27.02233,66.1064,3482.53602,0.22801,55.5697,1.9060485298624341,0.7100532285288812,0.0
23.29698,27.06408,66.12105,3481.43204,0.09354,55.59114,1.9009171916838152,0.7081416700437124,0.0
23.32323,27.10583,66.12344,3480.36388,-0.04109,55.61262,1.8991119852423646,0.7074691831464321,0.0
23.34947,27.14759,66.11357,3479.32972,-0.1758,55.63414,1.9006223171082428,0.7080318215056947,0.0
23.37568,27.18936,66.09142,3478.32771,-0.31049,55.6557,1.905452959189343,0.7098313627827473,0.0
23.40187,27.23114,66.05702,3477.35598,-0.44509,55.6773,1.9136240394959545,0.712875305191022,0.0
23.42803,27.27292,66.01039,3476.41262,-0.57951,55.69894,1.9251711216549412,0.7171768971172616,0.0
23.45418,27.31471,65.95155,3475.49568,-0.71367,55.72063,1.9401453722420423,0.7227551994572019,0.0
23.4803,27.35651,65.88054,3474.60315,-0.84747,55.74235,1.9586138150581758,0.7296351803401877,0.0
23.5064,27.39831,65.79739,3473.73294,-0.98082,55.76412,1.9806596714431206,0.7378478419049715,0.0
23.53248,27.44012,65.70217,3472.88292,-1.11365,55.78592,2.006382785613581,0.7474303787493355,0.0
23.55854,27.48194,65.59492,3472.05084,-1.24584,55.80777,2.0359001337619533,0.7584263675827759,0.0
23.58458,27.52377,65.47572,3471.2344,-1.37731,55.82966,2.069346415275027,0.7708859874710262,0.0
23.61059,27.56561,65.34464,3470.43115,-1.50795,55.85158,2.106874723854964,0.7848662698462788,0.0
23.63658,27.60745,65.20177,3469.63854,-1.63766,55.87355,2.14865729553056,0.8004313771610635,0.0
23.66255,27.6493,65.0472,3468.85391,-1.76633,55.89556,2.194886329483947,0.8176529086677891,0.0
23.6885,27.69116,64.88104,3468.07443,-1.89385,55.91761,2.2457748762373417,0.8366102312916776,0.0
23.71443,27.73303,64.7034,3467.29714,-2.02009,55.93969,2.3015577859740577,0.8573908329052939,0.0
23.74034,27.77491,64.51442,3466.51889,-2.14493,55.96182,2.362492707559009,0.8800906944899682,0.0
23.76622,27.81679,64.31422,3465.73637,-2.26825,55.98399,2.4288611260892172,0.9048146766506592,0.0
23.79208,27.85868,64.10297,3464.94605,-2.3899,56.00619,2.5009694234359965,0.931676914695824,0.0
23.81792,27.90058,63.88082,3464.14419,-2.50973,56.02844,2.5791499421963344,0.9608012149873005,0.0
23.84374,27.94248,63.64796,3463.32685,-2.62759,56.05072,2.6637620285738177,0.9923214434408921,0.0
23.86953,27.98439,63.40457,3462.48979,-2.74332,56.07304,2.7551930239111795,1.0263818948983314,0.0
23.8953,28.02631,63.15087,3461.62854,-2.85674,56.0954,2.853859167748688,1.0631376295402895,0.0
23.92105,28.06824,62.88708,3460.73834,-2.96767,56.1178,2.960206367247244,1.1027547595167255,0.0
23.94678,28.11017,62.61344,3459.8141,-3.07591,56.14023,3.0747107785456698,1.1454106655177725,0.0
23.97248,28.1521,62.33022,3458.85045,-3.18125,56.1627,3.197879134938381,1.191294119028556,0.0
23.99816,28.19405,62.03769,3457.84163,-3.28348,56.1852,3.330248744643926,1.2406052814979158,0.0
24.02381,28.23599,61.73617,3456.78153,-3.38236,56.20774,3.472387067346022,1.2935555465887985,0.0
24.04944,28.27794,61.42596,3455.66367,-3.47764,56.23032,3.624890763623431,1.3503671860658777,0.0
24.07505,28.3199,61.10743,3454.48114,-3.56906,56.25292,3.788384095022827,1.4112727537806002,0.0
24.10063,28.36185,60.78095,3453.22662,-3.65634,56.27556,3.963516535014832,1.4765141956894474,0.0
24.12618,28.40381,60.44692,3451.89234,-3.73918,56.29824,4.1509594329195405,1.5463416070784188,0.0
24.15171,28.44577,60.10576,3450.47008,-3.81727,56.32094,4.35140155456217,1.6210115713399267,0.0
24.17721,28.48773,59.75793,3448.95115,-3.89028,56.34368,4.565543305915015,1.7007850081274416,0.0
24.20268,28.52969,59.40393,3447.32638,-3.95786,56.36644,4.794089430341007,1.7859244528865688,0.0
24.22812,28.57165,59.04428,3445.58611,-4.01965,56.38923,5.037739957914714,1.8766906852389857,0.0
24.25354,28.6136,58.67953,3443.72022,-4.07525,56.41205,5.297179178609709,1.9733386212046,0.0
24.27892,28.65555,58.31028,3441.71808,-4.12428,56.43489,5.5730624122930825,2.0761123846764074,0.0
24.30428,28.69749,57.93716,3439.56863,-4.1663,56.45776,5.866000360512306,2.1852394780493647,0.0
24.3296,28.73943,57.56084,3437.26037,-4.2009,56.48066,6.176540851323998,2.3009239816887863,0.0
24.3549,28.78135,57.18203,3434.78141,-4.22761,56.50357,6.505147832790842,2.42333872845523,0.0
24.38015,28.82327,56.80147,3432.1195,-4.24598,56.5265,6.852177537368147,2.5526164243113394,0.0
24.40538,28.86517,56.41997,3429.26213,-4.25554,56.54945,7.21785183235895,2.6888397206651744,0.0
24.43056,28.90706,56.03835,3426.19656,-4.25582,56.57242,7.602228894703501,2.832030289957706,0.0
24.45572,28.94894,55.6575,3422.90999,-4.24634,56.5954,8.005171504525725,2.9821370141746244,0.0
24.48083,28.99079,55.27832,3419.3896,-4.22662,56.61839,8.426313442510184,3.139023466985119,0.0
24.5059,29.03262,54.90178,3415.62275,-4.19621,56.64139,8.865024700316583,3.3024549537059134,0.0
24.53093,29.07443,54.52887,3411.59711,-4.15466,56.6644,9.32037646663817,3.472085467686743,0.0
24.55592,29.11621,54.16063,3407.30086,-4.10154,56.68741,9.791107125726281,3.647445023866126,0.0
24.58087,29.15797,53.79812,3402.72285,-4.03646,56.71043,10.275590786609353,3.827927935077387,0.0
24.60576,29.19969,53.44243,3397.85289,-3.95907,56.73345,10.771810130548191,4.012782697011326,0.0
24.63061,29.24137,53.09469,3392.68193,-3.86908,56.75646,11.277335596331518,4.201104234191141,0.0
24.65541,29.28302,52.75603,3387.20232,-3.76624,56.77947,11.789313087451706,4.391829320571939,0.0
24.68016,29.32462,52.4276,3381.40807,-3.6504,56.80247,12.304462447934947,4.58373601174738,0.0
24.70485,29.36617,52.11055,3375.29513,-3.52147,56.82545,12.819088879673924,4.775447898206499,0.0
24.72949,29.40768,51.80602,3368.86159,-3.37947,56.84843,13.32910923144619,4.96544389868476,0.0
24.75407,29.44913,51.51515,3362.10795,-3.22451,56.87138,13.830094654407324,5.152074150457591,0.0
24.77859,29.49052,51.23904,3355.03729,-3.05685,56.89431,14.31733047997636,5.333582315428186,0.0
24.80305,29.53186,50.97876,3347.65549,-2.87681,56.91722,14.785893341980737,5.508134310155703,0.0
24.82744,29.57312,50.73533,3339.9713,-2.6849,56.9401,15.230744567188852,5.673853096285902,0.0
24.85176,29.61432,50.50971,3331.99644,-2.48171,56.96295,15.646837753418371,5.828858756227027,0.0
24.87601,29.65544,50.30278,3323.74558,-2.268,56.98577,16.029237323099412,5.971312657471439,0.0
24.9002,29.69649,50.11536,3315.23632,-2.04463,57.00855,16.373243781843655,6.099464114708346,0.0
24.92431,29.73746,49.94816,3306.48899,-1.81259,57.0313,16.674520535159576,6.211697632386989,0.0
24.94834,29.77834,49.80179,3297.52651,-1.57298,57.054,16.929216527638644,6.306578591040325,0.0
24.9723,29.81913,49.67676,3288.37406,-1.32702,57.07666,17.134078755646357,6.382895161222827,0.0
24.99617,29.85983,49.57344,3279.05879,-1.07598,57.09928,17.28654892273819,6.439694310196073,0.0
25.01997,29.90043,49.4921,3269.60938,-0.82124,57.12184,17.384839170351473,6.476310013604083,0.0
25.04369,29.94094,49.43287,3260.05564,-0.56419,57.14436,17.42798288916296,6.492382184040922,0.0
25.06732,29.98135,49.39578,3250.42806,-0.30628,57.16683,17.415858017439692,6.487865350299429,0.0
25.09087,30.02166,49.38069,3240.75731,-0.04894,57.18925,17.34918184050864,6.4630267200368126,0.0
25.11433,30.06187,49.38737,3231.07382,0.2064,57.21161,17.229477976370454,6.418433881047116,0.0
25.13771,30.10198,49.41547,3221.40729,0.45836,57.23393,17.059017816375636,6.354932986372307,0.0
25.16101,30.14198,49.46451,3211.78633,0.70559,57.25619,16.840740050698695,6.273618775423981,0.0
25.18422,30.18187,49.53391,3202.23807,0.94684,57.27841,16.578152939672496,6.175798167484013,0.0
25.20734,30.22167,49.62302,3192.78783,1.18093,57.30057,16.275224628269225,6.062949400962723,0.0
25.23038,30.26136,49.73105,3183.45894,1.40679,57.32268,15.936267022396033,5.936678774263595,0.0
25.25334,30.30094,49.85719,3174.27247,1.62347,57.34475,15.565818574919765,5.798676980493413,0.0
25.27622,30.34043,50.00054,3165.24717,1.83012,57.36676,15.168530825788373,5.650676840672168,0.0
25.29901,30.37981,50.16013,3156.39938,2.026,57.38874,14.749062786035557,5.4944139589958745,0.0
25.32172,30.4191,50.33496,3147.74303,2.21052,57.41067,14.31198634478954,5.331591484458436,0.0
25.34436,30.4583,50.52401,3139.28966,2.38318,57.43255,13.861704903702316,5.163849800035692,0.0
25.36692,30.4974,50.72622,3131.04853,2.54362,57.4544,13.402386488035585,4.992741604804968,0.0
25.3894,30.5364,50.94052,3123.02674,2.69158,57.47622,12.937911712920735,4.81971253000784,0.0
25.41181,30.57533,51.16583,3115.22933,2.82689,57.49799,12.471836243065074,4.646087154302944,0.0
25.43415,30.61416,51.40108,3107.65952,2.94949,57.51974,12.007366799501984,4.473060065649127,0.0
25.45642,30.65292,51.6452,3100.31881,3.0594,57.54146,11.547349345384378,4.301691460202647,0.0
25.47862,30.69159,51.89714,3093.2072,3.15672,57.56315,11.094267817051481,4.132906669606158,0.0
25.50075,30.73019,52.15586,3086.32339,3.24161,57.58481,10.650251639575231,3.967498960727509,0.0
25.52282,30.76872,52.42037,3079.6649,3.31429,57.60646,10.217090253963134,3.806134947425019,0.0
25.54483,30.80717,52.68968,3073.2283,3.37503,57.62808,9.796252960588772,3.6493619827474677,0.0
25.56677,30.84556,52.96283,3067.00934,3.42416,57.64969,9.38891252423996,3.4976169524356147,0.0
25.58866,30.88389,53.23893,3061.00312,3.462,57.67129,8.99597116741654,3.3512359581095548,0.0
25.61049,30.92216,53.51708,3055.20419,3.48894,57.69287,8.61808777998849,3.210464453582289,0.0
25.63227,30.96036,53.79643,3049.60671,3.50537,57.71444,8.255705379508852,3.0754674745488204,0.0
25.65399,30.99852,54.07619,3044.20454,3.51168,57.73601,7.909078055240633,2.9463396759451097,0.0
25.67566,31.03662,54.35557,3038.99135,3.5083,57.75757,7.578296812302194,2.8231149595722345,0.0
25.69728,31.07467,54.63385,3033.96069,3.49565,57.77913,7.263313895286144,2.7057755352844204,0.0
25.71886,31.11267,54.91031,3029.10605,3.47413,57.80068,6.963965310724543,2.594260311199934,0.0
25.74038,31.15063,55.1843,3024.42094,3.44418,57.82224,6.679991384514117,2.4884725518828676,0.0
25.76186,31.18855,55.45519,3019.89894,3.40619,57.8438,6.411055284753748,2.388286778587475,0.0
25.78329,31.22643,55.72239,3015.53374,3.36058,57.86536,6.156759514122334,2.29355491310286,0.0
25.80469,31.26427,55.98532,3011.31913,3.30774,57.88693,5.916660431495742,2.204111687437384,0.0
25.82604,31.30207,56.24346,3007.2491,3.24805,57.90851,5.690280902302641,2.11977935640906,0.0
25.84734,31.33984,56.49632,3003.31779,3.18188,57.9301,5.47712120394251,2.0403717602007005,0.0
25.86861,31.37758,56.74342,2999.51955,3.1096,57.95169,5.276668328750371,1.9656977899590573,0.0
25.88985,31.41529,56.98431,2995.84891,3.03154,57.9733,5.08840383481291,1.8955643124303931,0.0
25.91104,31.45297,57.2186,2992.30062,2.94805,57.99492,4.911810396303352,1.8297786101325733,0.0
25.9322,31.49063,57.44588,2988.86963,2.85945,58.01656,4.746377201607008,1.7681503922988624,0.0
25.95332,31.52826,57.66579,2985.55108,2.76604,58.03821,4.591604340789279,1.710493429325201,0.0
25.9744,31.56586,57.87799,2982.34034,2.66812,58.05988,4.44700631492601,1.6566268600880958,0.0
25.99546,31.60344,58.08217,2979.23294,2.56597,58.08157,4.312114789498793,1.6063762176568177,0.0
26.01647,31.641,58.27803,2976.22461,2.45986,58.10327,4.186480703027664,1.5595742148145604,0.0
26.03746,31.67855,58.4653,2973.31128,2.35005,58.12499,4.069675830971035,1.5160613266523175,0.0
26.05842,31.71607,58.64371,2970.48901,2.23679,58.14674,3.9612938940157107,1.4756862034360705,0.0
26.07934,31.75357,58.81303,2967.75405,2.12032,58.1685,3.8609512894399454,1.438305943058775,0.0
26.10023,31.79106,58.97305,2965.10278,2.00087,58.19029,3.76828751449192,1.40378624875998,0.0
26.12109,31.82854,59.12354,2962.53174,1.87864,58.21209,3.6829653417411614,1.3720014944488461,0.0
26.14193,31.866,59.26434,2960.03757,1.75386,58.23392,3.604670798160976,1.3428347169118031,0.0
26.16273,31.90344,59.39527,2957.61706,1.62672,58.25578,3.533112992381585,1.3161775514597953,0.0
26.1835,31.94087,59.51618,2955.26708,1.49742,58.27766,3.4680238279627584,1.291930125114795,0.0
26.20425,31.97829,59.62691,2952.9846,1.36613,58.29956,3.409157634776206,1.2700009192900448,0.0
26.22497,32.0157,59.72734,2950.7667,1.23306,58.32148,3.356290745463809,1.2503066120096022,0.0
26.24566,32.0531,59.81737,2948.6105,1.09835,58.34344,3.3092210395306765,1.2327719080710104,0.0
26.26632,32.09048,59.89687,2946.5132,0.96219,58.36542,3.2677674737426887,1.2173293641060259,0.0
26.28696,32.12786,59.96578,2944.47205,0.82475,58.38742,3.2317696141877263,1.2039192142611133,0.0
26.30757,32.16523,60.024,2942.48436,0.68617,58.40945,3.2010871824555385,1.1924892011375074,0.0
26.32816,32.20259,60.07147,2940.54745,0.54662,58.43151,3.1755996259209014,1.1829944157103824,0.0
26.34872,32.23994,60.10814,2938.65867,0.40625,58.45359,3.155205719958324,1.175397149143362,0.0
26.36925,32.27728,60.13397,2936.81538,0.2652,58.4757,3.1398232080527944,1.1696667587203047,0.0
26.38976,32.31462,60.14891,2935.01497,0.12364,58.49784,3.1293884841515984,1.165779549513,0.0
26.41024,32.35194,60.15296,2933.25477,-0.01829,58.52,3.1238563201430756,1.1637186728598297,0.0
26.4307,32.38927,60.1461,2931.53215,-0.16045,58.5422,3.1231996400747555,1.1634740422560879,0.0
26.45113,32.42658,60.12834,2929.84442,-0.3027,58.56442,3.1274093415013025,1.1650422668013876,0.0
26.47154,32.46389,60.09967,2928.18886,-0.44487,58.58667,3.136494163226026,1.1684266019298928,0.0
26.49192,32.50119,60.06014,2926.5627,-0.58684,58.60894,3.1504805976013266,1.1736369167399288,0.0
26.51228,32.53849,60.00977,2924.96312,-0.72844,58.63125,3.169412844414201,1.180689676815118,0.0
26.53261,32.57578,59.9486,2923.38724,-0.86953,58.65358,3.1933528022239064,1.189607940997433,0.0
26.55292,32.61307,59.87669,2921.83208,-1.00997,58.67594,3.2223800917666963,1.200421370106076,0.0
26.5732,32.65035,59.79412,2920.2946,-1.14959,58.69832,3.256592104674868,1.2131662450866056,0.0
26.59347,32.68763,59.70095,2918.77164,-1.28824,58.72074,3.296104069237563,1.227885491508566,0.0
26.6137,32.7249,59.59729,2917.25993,-1.42576,58.74318,3.3410491232307247,1.2446287066965616,0.0
26.63391,32.76216,59.48323,2915.75611,-1.56198,58.76565,3.3915783819127077,1.2634521850604112,0.0
26.6541,32.79942,59.3589,2914.25664,-1.69674,58.78814,3.447860987107994,1.2844189363801242,0.0
26.67426,32.83668,59.22441,2912.75788,-1.82985,58.81066,3.510084120827574,1.3075986908798485,0.0
26.6944,32.87392,59.07992,2911.25602,-1.96115,58.83321,3.5784529641017957,1.3330678838920273,0.0
26.71452,32.91117,58.92558,2909.74707,-2.09044,58.85578,3.653190578553294,1.3609096117401966,0.0
26.7346,32.9484,58.76156,2908.2269,-2.21753,58.87838,3.734537684771387,1.3912135491776172,0.0
26.75467,32.98563,58.58806,2906.69114,-2.34222,58.90101,3.8227523076437713,1.4240758172639993,0.0
26.77471,33.02286,58.40526,2905.13527,-2.4643,58.92366,3.9181092545804783,1.4595987889901987,0.0
26.79472,33.06007,58.2134,2903.55452,-2.58355,58.94633,4.020899387934144,1.4978908182356196,0.0
26.81471,33.09728,58.0127,2901.94393,-2.69976,58.96903,4.131428647994515,1.5390658758079674,0.0
26.83467,33.13448,57.80342,2900.29827,-2.81267,58.99175,4.250016777730121,1.5832430743759631,0.0
26.85461,33.17168,57.58583,2898.6121,-2.92206,59.0145,4.37699569510377,1.6305460621140397,0.0
26.87452,33.20886,57.36023,2896.87972,-3.02767,59.03726,4.5127074534168035,1.6811022628769106,0.0
26.89441,33.24604,57.12692,2895.09516,-3.12922,59.06005,4.657501724958142,1.735041938792631,0.0
26.91426,33.2832,56.88623,2893.2522,-3.22645,59.08286,4.811732738510621,1.7924970494031272,0.0
26.93409,33.32036,56.63852,2891.34434,-3.31906,59.10569,4.975755597313825,1.8535998800084725,0.0
26.9539,33.3575,56.38417,2889.36481,-3.40677,59.12853,5.149921901383604,1.9184814108657247,0.0
26.97367,33.39463,56.12356,2887.30658,-3.48926,59.1514,5.334574597082099,1.987269398518243,0.0
26.99342,33.43175,55.85713,2885.16234,-3.56622,59.17428,5.53004197822129,2.0600861410489197,0.0
27.01314,33.46885,55.58533,2882.92453,-3.63731,59.19718,5.736630767448961,2.137045900714413,0.0
27.03283,33.50594,55.30861,2880.58533,-3.7022,59.22009,5.954618215033337,2.218251960534531,0.0
27.05248,33.54301,55.02749,2878.13671,-3.76054,59.24301,6.18424316538171,2.3037932963353636,0.0
27.07211,33.58006,54.74249,2875.57041,-3.81197,59.26595,6.42569606062346,2.39374085282094,0.0
27.09171,33.6171,54.45416,2872.878,-3.85615,59.2889,6.679107876360795,2.488143421849257,0.0
27.11127,33.65411,54.16307,2870.05089,-3.8927,59.31186,6.944538018165775,2.587023133558962,0.0
27.1308,33.6911,53.86984,2867.08042,-3.92125,59.33483,7.221961249375252,2.690370586629016,0.0
27.1503,33.72807,53.57509,2863.95785,-3.94144,59.3578,7.511253771723671,2.798139662948171,0.0
27.16976,33.76502,53.27948,2860.67444,-3.95291,59.38078,7.812178640516936,2.910242094383487,0.0
27.18919,33.80193,52.98371,2857.22156,-3.9553,59.40376,8.124370764945755,3.026541875002385,0.0
27.20858,33.83882,52.68847,2853.59071,-3.94826,59.42674,8.447321820662738,3.1468496406106428,0.0
27.22794,33.87568,52.3945,2849.77363,-3.93147,59.44972,8.780365483834359,3.270917168048237,0.0
27.24725,33.9125,52.10255,2845.76241,-3.90461,59.4727,9.122663480319073,3.3984321781411224,0.0
27.26653,33.94929,51.81341,2841.54957,-3.86739,59.49567,9.473193026261743,3.529013656992199,0.0
27.28577,33.98605,51.52785,2837.12819,-3.81957,59.51864,9.830736311476846,3.662207938264843,0.0
27.30496,34.02276,51.24669,2832.49203,-3.76092,59.5416,10.193872737988553,3.7974858118348758,0.0
27.32411,34.05943,50.97075,2827.63566,-3.69126,59.56454,10.560974665025542,3.9342409386891752,0.0
27.34322,34.09605,50.70084,2822.55455,-3.61046,59.58748,10.930207420797167,4.071789855312605,0.0
27.36228,34.13263,50.43779,2817.24525,-3.51846,59.61039,11.29953431171913,4.20937383975638,0.0
27.3813,34.16916,50.18243,2811.70547,-3.41525,59.63329,11.666727284558588,4.346162883567658,0.0
27.40026,34.20563,49.93556,2805.93424,-3.30087,59.65617,12.02938377008835,4.48126196649391,0.0
27.41918,34.24205,49.698,2799.93199,-3.17547,59.67902,12.384950055737798,4.613719763410358,0.0
27.43804,34.27841,49.47052,2793.70064,-3.03924,59.70185,12.730751300238712,4.742539825565282,0.0
27.45686,34.31471,49.25388,2787.2437,-2.89249,59.72465,13.064028021119654,4.866694173131716,0.0
27.47562,34.35095,49.04881,2780.56634,-2.73558,59.74742,13.381978567085017,4.985139117286165,0.0
27.49432,34.38711,48.85598,2773.67537,-2.56898,59.77015,13.681806748006302,5.096833003633574,0.0
27.51297,34.42321,48.67605,2766.57929,-2.39323,59.79285,13.96077345658498,5.200755442634989,0.0
27.53156,34.45923,48.50959,2759.28826,-2.20898,59.81551,14.216250802024211,5.295927475824619,0.0
27.55009,34.49517,48.35715,2751.81402,-2.01693,59.83814,14.445777013629167,5.381432028845556,0.0
27.56856,34.53104,48.21919,2744.16982,-1.81789,59.86072,14.647110185802678,5.456433932874769,0.0
27.58696,34.56682,48.09611,2736.37031,-1.61271,59.88325,14.818278847521878,5.520198763083714,0.0
27.60531,34.60252,47.98826,2728.43137,-1.40233,59.90574,14.957627363585495,5.572109751797533,0.0
27.62359,34.63813,47.89587,2720.36997,-1.18774,59.92818,15.063854318761546,5.611682087600017,0.0
27.6418,34.67366,47.81914,2712.20393,-0.96995,59.95058,15.136042295801747,5.638574008427479,0.0
27.65995,34.70909,47.75815,2703.95177,-0.75003,59.97292,15.17367782040116,5.652594231591011,0.0
27.67803,34.74443,47.71294,2695.63242,-0.52906,59.99522,15.176660687558513,5.653705428091082,0.0
27.69605,34.77967,47.68345,2687.26505,-0.30813,60.01746,15.145302373747215,5.642023631109481,0.0
27.71399,34.81483,47.66953,2678.8688,-0.08832,60.03965,15.080313743160083,5.617813656261991,0.0
27.73187,34.84988,47.67098,2670.46261,0.12931,60.06178,14.982782738415569,5.581480790799482,0.0
27.74968,34.88484,47.6875,2662.06496,0.34373,60.08387,14.854143173194656,5.5335591680440235,0.0
27.76743,34.9197,47.71876,2653.69369,0.55394,60.1059,14.696136089915782,5.474697372106072,0.0
27.7851,34.95446,47.76432,2645.36585,0.75899,60.12787,14.510765390264853,5.405641909089451,0.0
27.80271,34.98913,47.82372,2637.09756,0.95801,60.1498,14.30024958116763,5.3272192311964375,0.0
27.82024,35.02369,47.89641,2628.90384,1.15017,60.17167,14.066971503756447,5.2403170094451506,0.0
27.83771,35.05816,47.98182,2620.79856,1.33472,60.1935,13.813427836651243,5.1458653223130835,0.0
27.85512,35.09254,48.07934,2612.79433,1.51101,60.21527,13.542180003216595,5.044818367398648,0.0
27.87246,35.12682,48.18829,2604.90252,1.67842,60.237,13.255807885398143,4.938137218607373,0.0
27.88973,35.16101,48.30799,2597.13317,1.83647,60.25868,12.95686747682044,4.826774050816645,0.0
27.90694,35.1951,48.43774,2589.49505,1.9847,60.28031,12.647853317023866,4.711658145640541,0.0
27.92408,35.22911,48.57679,2581.99564,2.12277,60.30191,12.331166257545618,4.5936838834468725,0.0
27.94117,35.26302,48.72441,2574.6412,2.25039,60.32345,12.009086835872258,4.473700824453936,0.0
27.95819,35.29685,48.87983,2567.43682,2.36737,60.34496,11.683754287980916,4.352505890349898,0.0
27.97515,35.3306,49.04231,2560.38648,2.47356,60.36644,11.357151022878869,4.230837580650292,0.0
27.99205,35.36426,49.21109,2553.49311,2.5689,60.38787,11.031092217665373,4.109372096584773,0.0
28.0089,35.39784,49.38541,2546.7587,2.65336,60.40927,10.707220070054037,3.9887212000104815,0.0
28.02568,35.43134,49.56453,2540.18435,2.72699,60.43064,10.387002164925587,3.8694316049099724,0.0
28.04242,35.46477,49.74773,2533.77039,2.78988,60.45198,10.071733368330527,3.751985682957034,0.0
28.0591,35.49812,49.93428,2527.51644,2.84215,60.47329,9.762540650962903,3.6368032603875804,0.0
28.07572,35.5314,50.12348,2521.42148,2.88399,60.49457,9.460390257315478,3.5242442886985903,0.0
28.0923,35.56461,50.31464,2515.48396,2.9156,60.51583,9.166096670636517,3.414612184330387,0.0
28.10882,35.59776,50.50711,2509.70185,2.9372,60.53707,8.880332871320952,3.30815765018726,0.0
28.1253,35.63084,50.70023,2504.07274,2.94906,60.55829,8.603641442622733,3.2050828128075333,0.0
28.14172,35.66386,50.89339,2498.59385,2.95145,60.57949,8.336446138011786,3.1055455315083766,0.0
28.1581,35.69682,51.08599,2493.26214,2.94467,60.60067,8.079063585663762,3.0096637586162096,0.0
28.17444,35.72971,51.27745,2488.07434,2.92902,60.62184,7.8317148647573065,2.9175198519420205,0.0
28.19073,35.76256,51.46722,2483.027,2.90482,60.64299,7.594536743551771,2.829164761261009,0.0
28.20698,35.79535,51.65478,2478.11654,2.87239,60.66413,7.367592419321536,2.7446220292207006,0.0
28.22318,35.82808,51.83961,2473.33928,2.83205,60.68527,7.150881644478295,2.663891563587937,0.0
28.23934,35.86077,52.02123,2468.69145,2.78415,60.70639,6.944350161353754,2.586953151953674,0.0
28.25547,35.89341,52.1992,2464.16927,2.72899,60.72751,6.747898400136927,2.513769701943479,0.0
28.27155,35.926,52.37306,2459.76894,2.66692,60.74863,6.561389420838711,2.4442901998083038,0.0
28.2876,35.95854,52.54242,2455.48664,2.59826,60.76974,6.384656101124517,2.3784523880812602,0.0
28.3036,35.99105,52.70688,2451.31858,2.52333,60.79084,6.2175075882852155,2.316185169106562,0.0
28.31958,36.02351,52.86607,2447.26102,2.44244,60.81195,6.059735045703963,2.257410745749611,0.0
28.33551,36.05593,53.01964,2443.31024,2.35592,60.83306,5.911116733010845,2.202046513888274,0.0
28.35141,36.08831,53.16727,2439.46257,2.26405,60.85416,5.771422464761349,2.150006723387928,0.0
28.36728,36.12066,53.30865,2435.71439,2.16716,60.87527,5.640417495921068,2.1012039255467414,0.0
28.38311,36.15296,53.4435,2432.06216,2.06551,60.89639,5.517865883816297,2.0555502255107343,0.0
28.3989,36.18524,53.57154,2428.50237,1.95942,60.9175,5.403533376151281,2.0129583581361894,0.0
28.41467,36.21748,53.69252,2425.03158,1.84915,60.93862,5.297189873500125,1.9733426053326797,0.0
28.4304,36.24968,53.80622,2421.64642,1.73497,60.95975,5.198611512573883,1.9366195721348756,0.0
28.44611,36.28186,53.91241,2418.34356,1.61716,60.98089,5.107582413949009,1.9027088377773773,0.0
28.46178,36.314,54.0109,2415.11971,1.49598,61.00203,5.023896134912177,1.8715334969176352,0.0
28.47742,36.34612,54.1015,2411.97165,1.37169,61.02318,4.947356864787476,1.8430206049267843,0.0
28.49303,36.3782,54.18406,2408.8962,1.24452,61.04434,4.877780396792554,1.8171015399316257,0.0
28.50861,36.41026,54.25841,2405.8902,1.11473,61.06551,4.814994907102144,1.7937122930362908,0.0
28.52416,36.44229,54.32443,2402.95053,0.98256,61.08668,4.758841568490311,1.7727936969201232,0.0
28.53968,36.4743,54.38199,2400.07411,0.84824,61.10787,4.7091750227660985,1.754291601832387,0.0
28.55518,36.50627,54.43099,2397.25785,0.712,61.12907,4.665863733181481,1.738157006873503,0.0
28.57065,36.53823,54.47133,2394.49871,0.57408,61.15028,4.628790235104324,1.7243461533773197,0.0
28.58608,36.57016,54.50294,2391.79361,0.43468,61.17151,4.597851300561197,1.7128205862076442,0.0
28.6015,36.60206,54.52575,2389.1395,0.29405,61.19274,4.572958029706605,1.703547187832933,0.0
28.61688,36.63394,54.53971,2386.53331,0.15238,61.21399,4.554035879895586,1.696498189156603,0.0
28.63224,36.6658,54.54478,2383.97195,0.00991,61.23525,4.54102464079679,1.6916511602459974,0.0
28.64757,36.69763,54.54094,2381.4523,-0.13315,61.25652,4.533878361882697,1.6889889833205827,0.0
28.66287,36.72944,54.52818,2378.97123,-0.27659,61.2778,4.532565236599532,1.6884998096021981,0.0
28.67815,36.76123,54.50649,2376.52555,-0.4202,61.2991,4.537067445672486,1.6901770009421238,0.0
28.6934,36.793,54.4759,2374.11203,-0.56376,61.32041,4.547380960088258,1.694019056426895,0.0
28.70863,36.82475,54.43643,2371.72737,-0.70705,61.34173,4.563515302578294,1.7000295235245337,0.0
28.72383,36.85648,54.38811,2369.36822,-0.84986,61.36307,4.5854932646490525,1.708216892670876,0.0
28.739,36.88818,54.33102,2367.03117,-0.99198,61.38442,4.6133505744690435,1.7185944735487575,0.0
28.75415,36.91986,54.2652,2364.7127,-1.13318,61.40579,4.647135509248236,1.7311802506891405,0.0
28.76927,36.95152,54.19075,2362.40924,-1.27324,61.42716,4.6869084439740005,1.7459967153633826,0.0
28.78437,36.98316,54.10775,2360.1171,-1.41194,61.44855,4.732741326690208,1.7630706701108922,0.0
28.79944,37.01478,54.01632,2357.8325,-1.54906,61.46995,4.784717068735324,1.7824330015867766,0.0
28.81449,37.04638,53.91658,2355.55155,-1.68436,61.49137,4.842928836651931,1.8041184167795077,0.0
28.82951,37.07796,53.80866,2353.27026,-1.81761,61.51279,4.907479230736376,1.8281651369990501,0.0
28.8445,37.10951,53.69271,2350.9845,-1.94857,61.53423,4.978479333520753,1.854614543411366,0.0
28.85947,37.14105,53.5689,2348.69003,-2.077,61.55568,5.056047609831436,1.8835107672812776,0.0
28.87441,37.17256,53.4374,2346.38247,-2.20265,61.57714,5.140308638575391,1.9149002175294976,0.0
28.88933,37.20405,53.29842,2344.05732,-2.32527,61.59861,5.231391655016363,1.948831037692156,0.0
28.90422,37.23552,53.15217,2341.70994,-2.4446,61.62009,5.329428881180243,1.985352483952867,0.0
28.91908,37.26696,52.99886,2339.33552,-2.56038,61.64158,5.434553621248792,2.024514215626782,0.0
28.93392,37.29838,52.83874,2336.92916,-2.67235,61.66308,5.546898098373773,2.066365489316933,0.0
28.94873,37.32978,52.67207,2334.48578,-2.78023,61.68458,5.666591009549235,2.1109542480398242,0.0
28.96351,37.36116,52.49913,2332.00018,-2.88373,61.7061,5.79375477602286,2.158326096931314,0.0
28.97827,37.3925,52.32021,2329.467,-2.98259,61.72762,5.928502468464985,2.2085231577911717,0.0
28.993,37.42383,52.13561,2326.88078,-3.07651,61.74915,6.070934388852198,2.261582795744781,0.0
29.0077,37.45512,51.94567,2324.23592,-3.1652,61.77068,6.221134295045949,2.317536212799333,0.0
29.02238,37.48639,51.75073,2321.5267,-3.24837,61.79222,6.379165259456275,2.376406905087101,0.0
29.03702,37.51764,51.55115,2318.7473,-3.32572,61.81376,6.545065160261227,2.438208983226045,0.0
29.05164,37.54885,51.34731,2315.89181,-3.39694,61.8353,6.7188418125660725,2.502945358548504,0.0
29.06623,37.58003,51.13962,2312.95426,-3.46174,61.85685,6.90046775778444,2.570605802008577,0.0
29.08078,37.61119,50.92847,2309.92862,-3.51982,61.87839,7.089874742573198,2.641164887440092,0.0
29.09531,37.64231,50.71432,2306.80884,-3.57088,61.89993,7.286947933875776,2.71457983650804,0.0
29.10981,37.6734,50.4976,2303.58887,-3.61462,61.92148,7.4915199340419925,2.790788289183227,0.0
29.12428,37.70445,50.27878,2300.2627,-3.65077,61.94301,7.703364679374259,2.8697060307902107,0.0
29.13871,37.73548,50.05836,2296.82438,-3.67903,61.96455,7.922191326623209,2.9512247145660546,0.0
29.15312,37.76646,49.83681,2293.2681,-3.69913,61.98607,8.147638254337759,3.035209627005396,0.0
29.16749,37.79741,49.61466,2289.58817,-3.71082,62.00759,8.3792673289741,3.1214975518351817,0.0
29.18183,37.82831,49.39244,2285.77913,-3.71386,62.0291,8.616558608358064,3.2098947969150284,0.0
29.19613,37.85918,49.17067,2281.83577,-3.70802,62.0506,8.858905676367188,3.3001754562835526,0.0
29.2104,37.89,48.94991,2277.75317,-3.6931,62.07209,9.105611821239284,3.3920799864777496,0.0
29.22463,37.92078,48.73071,2273.52682,-3.66893,62.09356,9.355887284047819,3.4853141815176762,0.0
29.23883,37.95152,48.51364,2269.15258,-3.63535,62.11501,9.60884781220359,3.5795486340477694,0.0
29.25299,37.9822,48.29927,2264.62684,-3.59226,62.13645,9.863514753168422,3.674418770247662,0.0
29.26711,38.01284,48.08816,2259.94653,-3.53957,62.15787,10.118816914651584,3.7695255428042893,0.0
29.2812,38.04343,47.88088,2255.10917,-3.47725,62.17927,10.373594397395836,3.864436858725544,0.0
29.29525,38.07396,47.67801,2250.11295,-3.4053,62.20065,10.6266045744147,3.9586898067634797,0.0
29.30925,38.10443,47.48011,2244.95681,-3.32377,62.222,10.876530345154626,4.051793732306898,0.0
29.32322,38.13485,47.28772,2239.64042,-3.23277,62.24332,11.121990734780294,4.1432341858940065,0.0
29.33714,38.16522,47.10139,2234.16431,-3.13245,62.26461,11.361553838104603,4.232477745166919,0.0
29.35102,38.19551,46.92164,2228.52983,-3.02301,62.28588,11.593752026552021,4.318977679865614,0.0
29.36486,38.22575,46.74897,2222.73923,-2.90473,62.30711,11.817099247556781,4.402180396308951,0.0
29.37865,38.25592,46.58388,2216.79567,-2.77792,62.32831,12.03011015260571,4.481532563093901,0.0
29.3924,38.28602,46.42681,2210.70322,-2.64296,62.34947,12.2313206974585,4.556488785219625,0.0
29.4061,38.31605,46.2782,2204.46685,-2.5003,62.37059,12.419309770895575,4.626519661365146,0.0
29.41976,38.34601,46.13843,2198.09243,-2.35041,62.39167,12.592721332324897,4.691120030730354,0.0
29.43336,38.3759,46.00787,2191.5867,-2.19386,62.41272,12.750286479066823,4.749817193680242,0.0
29.44692,38.40571,45.88685,2184.95723,-2.03124,62.43372,12.890844826153725,4.802178876282806,0.0
29.46043,38.43544,45.77563,2178.21234,-1.86319,62.45467,13.013364568852355,4.847820704126491,0.0
29.47389,38.4651,45.67446,2171.36108,-1.6904,62.47558,13.11696061350236,4.886412956534601,0.0
29.4873,38.49467,45.58353,2164.41311,-1.51361,62.49644,13.200910206461439,4.917686388758585,0.0
29.50066,38.52415,45.50298,2157.37864,-1.33356,62.51726,13.264665562962746,4.94143693655971,0.0
29.51396,38.55356,45.43293,2150.26833,-1.15104,62.53802,13.307863094514204,4.95752915365809,0.0
29.52722,38.58288,45.37341,2143.09321,-0.96685,62.55874,13.330328950230507,4.965898276024651,0.0
29.54042,38.61211,45.32443,2135.86452,-0.78181,62.5794,13.332080718368873,4.966550855747987,0.0
29.55356,38.64125,45.28596,2128.59369,-0.59673,62.60001,13.31332527163147,4.959563958352801,0.0
29.56666,38.6703,45.25789,2121.29216,-0.41243,62.62057,13.274452876434873,4.945082968347794,0.0
29.5797,38.69926,45.2401,2113.97131,-0.22971,62.64108,13.216027814533973,4.923318095533811,0.0
29.59268,38.72814,45.2324,2106.64238,-0.04936,62.66154,13.138775878632545,4.894539716789766,0.0
29.60561,38.75692,45.23457,2099.31635,0.12787,62.68194,13.043569196555792,4.859072722677606,0.0
29.61849,38.78561,45.24636,2092.00386,0.30122,62.70229,12.9314089070525,4.817290063722802,0.0
29.63132,38.8142,45.26746,2084.71515,0.47002,62.72259,12.803406252634261,4.769605706999473,0.0
29.64409,38.84271,45.29755,2077.45998,0.6336,62.74284,12.66076267046295,4.716467219462131,0.0
29.6568,38.87112,45.33625,2070.24759,0.79134,62.76303,12.504749452601025,4.658348190853749,0.0
29.66947,38.89945,45.38319,2063.08662,0.94268,62.78318,12.336687514860637,4.595740697069739,0.0
29.68208,38.92768,45.43794,2055.98514,1.08711,62.80327,12.157927762647256,4.529147985918102,0.0
29.69464,38.95582,45.50006,2048.95055,1.22414,62.82332,11.969832477202976,4.45907754300529,0.0
29.70714,38.98388,45.5691,2041.98963,1.35338,62.84332,11.773758071286176,4.386034667773171,0.0
29.7196,39.01184,45.64459,2035.10847,1.47445,62.86327,11.571039484160718,4.310516660221897,0.0
29.732,39.03972,45.72604,2028.31255,1.58705,62.88318,11.362976406192232,4.233007689209579,0.0
29.74435,39.06752,45.81295,2021.60667,1.69093,62.90304,11.150821447019274,4.153974384784722,0.0
29.75665,39.09522,45.90483,2014.99503,1.78586,62.92286,10.935770291055235,4.073862170851661,0.0
29.76891,39.12285,46.00117,2008.48122,1.8717,62.94263,10.71895382223653,3.993092331432061,0.0
29.78111,39.15039,46.10146,2002.06825,1.94834,62.96237,10.501432147781138,3.9120597843577176,0.0
29.79327,39.17785,46.2052,1995.75857,2.01569,62.98207,10.284190408740201,3.8311315205908043,0.0
29.80538,39.20523,46.31188,1989.55413,2.07374,63.00173,10.068136233602695,3.7506456556246053,0.0
29.81745,39.23254,46.42101,1983.45638,2.1225,63.02135,9.854098669363646,3.6709110312783073,0.0
29.82947,39.25976,46.5321,1977.46634,2.16201,63.04094,9.6428284115428,3.5922073013850033,0.0
29.84144,39.28692,46.64466,1971.5846,2.19235,63.0605,9.434999149591452,3.5147854329911388,0.0
29.85337,39.314,46.75821,1965.81138,2.21363,63.08003,9.23120984552784,3.4388685552081446,0.0
29.86526,39.34101,46.8723,1960.14654,2.22599,63.09952,9.031987770341324,3.3646530903528937,0.0
29.87711,39.36794,46.98646,1954.58965,2.22958,63.11899,8.837792133401242,3.2923101059979887,0.0
29.88891,39.39481,47.10027,1949.13997,2.22459,63.13843,8.649018153615003,3.2219868315852755,0.0
29.90068,39.42162,47.2133,1943.79653,2.21122,63.15785,8.466001436390536,3.1538082889595174,0.0
29.9124,39.44835,47.32513,1938.55812,2.18968,63.17724,8.289022536749153,3.0878789922479983,0.0
29.92409,39.47503,47.43537,1933.42335,2.16021,63.19661,8.118311605279764,3.024284678600717,0.0
29.93573,39.50164,47.54364,1928.39062,2.12305,63.21596,7.954053029744703,2.9630940373106744,0.0
29.94734,39.52819,47.64957,1923.45822,2.07846,63.23529,7.796390000325373,2.904360410488004,0.0
29.95891,39.55468,47.75281,1918.62426,2.0267,63.2546,7.645428940643742,2.8481234437320637,0.0
29.97045,39.58112,47.85302,1913.88676,1.96804,63.27389,7.501243759419544,2.7944106699856084,0.0
29.98195,39.60749,47.94989,1909.24364,1.90275,63.29317,7.363879889095967,2.743239014029127,0.0
29.99342,39.63382,48.0431,1904.69271,1.83112,63.31243,7.233358087569742,2.6946162087253236,0.0
30.00485,39.66008,48.13238,1900.23172,1.75343,63.33168,7.109677987760969,2.6485421173272776,0.0
30.01624,39.6863,48.21744,1895.85835,1.66997,63.35091,6.992821386810306,2.605009958790937,0.0
30.02761,39.71246,48.29804,1891.57021,1.58102,63.37013,6.882755272623353,2.5640074352425386,0.0
30.03894,39.73857,48.37393,1887.36488,1.48688,63.38935,6.77943459015252,2.525517762491386,0.0
30.05023,39.76464,48.44489,1883.23988,1.38783,63.40855,6.682804753514249,2.48952060585961,0.0
30.0615,39.79065,48.5107,1879.19269,1.28416,63.42774,6.592803912825443,2.4559929246383914,0.0
30.07274,39.81662,48.57117,1875.22076,1.17617,63.44693,6.509364986613479,2.4249097292141575,0.0
30.08394,39.84254,48.62612,1871.3215,1.06414,63.46611,6.432417471988438,2.396244755405371,0.0
30.09512,39.86842,48.67538,1867.49229,0.94835,63.48528,6.36188904552295,2.369971060832391,0.0
30.10626,39.89425,48.7188,1863.73047,0.8291,63.50445,6.297706968065292,2.346061548247321,0.0
30.11738,39.92004,48.75624,1860.03337,0.70666,63.52361,6.239799306629289,2.3244894207201385,0.0
30.12846,39.94578,48.78758,1856.39826,0.58133,63.54276,6.188095986099665,2.3052285734266156,0.0
30.13952,39.97148,48.81271,1852.82239,0.45337,63.56192,6.142529682854642,2.2882539265462505,0.0
30.15055,39.99715,48.83153,1849.30299,0.32308,63.58106,6.103036571593112,2.2735417034750345,0.0
30.16155,40.02277,48.84397,1845.83722,0.19074,63.60021,6.069556935681637,2.261069658195773,0.0
30.17252,40.04834,48.84995,1842.42224,0.05661,63.61935,6.042035650295228,2.2508172552607357,0.0
30.18347,40.07388,48.84941,1839.05514,-0.07902,63.63849,6.020422546509892,2.2427658054257127,0.0
30.19439,40.09938,48.84233,1835.73298,-0.21588,63.65763,6.004672663336129,2.2368985595391186,0.0
30.20528,40.12484,48.82866,1832.45276,-0.35369,63.67677,5.994746393531727,2.233200762861102,0.0
30.21614,40.15027,48.80839,1829.21146,-0.49217,63.6959,5.9906095278581715,2.231659671550216,0.0
30.22698,40.17565,48.78152,1826.00598,-0.63105,63.71503,5.992233201324398,2.232264532637805,0.0
30.23779,40.201,48.74806,1822.83317,-0.77006,63.73416,5.999593743827133,2.2350065283876033,0.0
30.24858,40.22631,48.70803,1819.68983,-0.90892,63.7533,6.012672436582015,2.2398786855599138,0.0
30.25934,40.25158,48.66148,1816.5727,-1.04735,63.77242,6.031455174715943,2.2468757497183853,0.0
30.27007,40.27681,48.60844,1813.47846,-1.18509,63.79155,6.055932035489492,2.2559940243814993,0.0
30.28078,40.30201,48.54898,1810.4037,-1.32185,63.81068,6.086096750792704,2.2672311745133724,0.0
30.29146,40.32717,48.48318,1807.34497,-1.45735,63.82981,6.121946081827733,2.280585993576589,0.0
30.30211,40.35229,48.41111,1804.29874,-1.59132,63.84893,6.163479093288597,2.2960581331450616,0.0
30.31274,40.37738,48.33289,1801.26141,-1.72349,63.86805,6.210696323907882,2.313647793910853,0.0
30.32335,40.40243,48.24863,1798.22932,-1.85356,63.88717,6.263598849913998,2.3333553767973636,0.0
30.33393,40.42744,48.15845,1795.19872,-1.98126,63.90629,6.322187237870925,2.3551810928645835,0.0
30.34448,40.45242,48.06248,1792.16579,-2.10631,63.92541,6.386460383448993,2.379124530720653,0.0
30.355,40.47735,47.96089,1789.12667,-2.22843,63.94452,6.456414233052559,2.405184180294539,0.0
30.36551,40.50226,47.85384,1786.07739,-2.34734,63.96364,6.532040385865677,2.433356912061263,0.0
30.37598,40.52712,47.74149,1783.01394,-2.46274,63.98274,6.6133245748290745,2.4636374111658568,0.0
30.38643,40.55195,47.62405,1779.93225,-2.57437,64.00185,6.7002450263475914,2.496017566371226,0.0
30.39685,40.57673,47.50172,1776.82818,-2.68193,64.02095,6.792770700223232,2.5304858143869002,0.0
30.40725,40.60148,47.37471,1773.69755,-2.78514,64.04004,6.890859413430337,2.5670264409259183,0.0
30.41762,40.62619,47.24324,1770.53613,-2.88373,64.05913,6.994455853839868,2.6056188407648646,0.0
30.42797,40.65087,47.10757,1767.33966,-2.97741,64.07821,7.103489493072572,2.646236740226754,0.0
30.43828,40.6755,46.96793,1764.10384,-3.06591,64.09729,7.217872411090278,2.6888473867840528,0.0
30.44858,40.70009,46.8246,1760.82437,-3.14896,64.11635,7.337497049128891,2.7334107119670934,0.0
30.45884,40.72464,46.67785,1757.49695,-3.22628,64.13541,7.462233911960689,2.7798784753963255,0.0
30.46908,40.74915,46.52796,1754.11728,-3.29763,64.15446,7.591929245319746,2.828193399562173,0.0
30.47929,40.77362,46.37524,1750.6811,-3.36273,64.1735,7.726402719450857,2.878288306886059,0.0
30.48947,40.79804,46.22,1747.18418,-3.42134,64.19253,7.8654451552031315,2.930085272630446,0.0
30.49963,40.82242,46.06255,1743.62237,-3.47323,64.21154,8.008816334566006,2.983494809265879,0.0
30.50975,40.84676,45.90321,1739.99159,-3.51817,64.23055,8.156242943100597,3.038415099972541,0.0
30.51985,40.87105,45.74234,1736.28787,-3.55594,64.24953,8.307416696877866,3.094731300875426,0.0
30.52992,40.89529,45.58026,1732.50738,-3.58634,64.26851,8.461992711369668,3.1523149334133405,0.0
30.53996,40.91949,45.41734,1728.64644,-3.60919,64.28746,8.619588173674856,3.211023389708195,0.0
30.54997,40.94364,45.25392,1724.70154,-3.62432,64.3064,8.779781382448427,3.270699574913345,0.0
30.55995,40.96774,45.09038,1720.66939,-3.63158,64.32532,8.942111221451487,3.331171711097105,0.0
30.5699,40.99179,44.92708,1716.54693,-3.63085,64.34422,9.106077132497704,3.3922533271645867,0.0
30.57982,41.01579,44.76439,1712.33135,-3.62204,64.3631,9.271139651460018,3.4537434585343063,0.0
30.58971,41.03973,44.60268,1708.02015,-3.60506,64.38196,9.43672156650143,3.5154270786096213,0.0
30.59957,41.06363,44.44232,1703.61113,-3.57987,64.40079,9.602209750710108,3.5770757814835377,0.0
30.6094,41.08746,44.28368,1699.10244,-3.54645,64.4196,9.766957711589772,3.638448731690949,0.0
30.61919,41.11124,44.12713,1694.49261,-3.50482,64.43838,9.930288887360911,3.699293892167574,0.0
30.62895,41.13497,43.97303,1689.78053,-3.45503,64.45713,10.091500704789594,3.7593495358979605,0.0
30.63868,41.15863,43.82175,1684.96555,-3.39716,64.47586,10.249869395477841,3.8183460401103675,0.0
30.64837,41.18224,43.67361,1680.04742,-3.33133,64.49455,10.404655547596294,3.8760079544432635,0.0
30.65803,41.20578,43.52897,1675.02636,-3.25771,64.51321,10.555110348418483,3.9320563264535893,0.0
30.66765,41.22926,43.38816,1669.90303,-3.17648,64.53184,10.700482450332714,3.986211259386844,0.0
30.67724,41.25268,43.25148,1664.67859,-3.08787,64.55043,10.840025370189382,4.0381946686286465,0.0
30.68679,41.27603,43.11924,1659.35467,-2.99218,64.56899,10.973005309740236,4.0877331950241285,0.0
30.69631,41.29931,42.99172,1653.93336,-2.88969,64.58751,11.098709264495385,4.134561225640528,0.0
30.70579,41.32253,42.86918,1648.41724,-2.78077,64.60599,11.21645327077053,4.178423966009276,0.0
30.71523,41.34567,42.75188,1642.80937,-2.66581,64.62443,11.325590626794735,4.219080502704954,0.0
30.72464,41.36875,42.64003,1637.11322,-2.54521,64.64283,11.425519914530689,4.256306791684399,0.0
30.734,41.39175,42.53384,1631.33274,-2.41944,64.66119,11.515692645056827,4.289898506392718,0.0
30.74333,41.41468,42.43349,1625.47224,-2.28899,64.6795,11.59562035239366,4.319673680400236,0.0
30.75262,41.43753,42.33913,1619.53645,-2.15436,64.69778,11.664880968856568,4.345475082389166,0.0
30.76187,41.46031,42.25088,1613.53044,-2.01609,64.716,11.723124329275365,4.36717226662021,0.0
30.77108,41.48301,42.16886,1607.45958,-1.87476,64.73418,11.77007667140505,4.384663249453991,0.0
30.78025,41.50563,42.09314,1601.32953,-1.73093,64.75231,11.805544024819742,4.397875771803196,0.0
30.78938,41.52817,42.02377,1595.14618,-1.58521,64.7704,11.829414409658632,4.406768118223308,0.0
30.79846,41.55063,41.96076,1588.91561,-1.43819,64.78844,11.841658798516058,4.411329475241959,0.0
30.80751,41.57301,41.90412,1582.64406,-1.29049,64.80643,11.842330828335676,4.411579824031937,0.0
30.81652,41.59531,41.85382,1576.33785,-1.14273,64.82437,11.831565282751686,4.407569375043347,0.0
30.82548,41.61753,41.80979,1570.00338,-0.99551,64.84226,11.809575397871036,4.399377564336612,0.0
30.8344,41.63966,41.77195,1563.64706,-0.84944,64.8601,11.776649074212497,4.38711164243009,0.0
30.84329,41.66171,41.74021,1557.27526,-0.70512,64.87789,11.733144103881136,4.370904896296997,0.0
30.85212,41.68368,41.71441,1550.89429,-0.56312,64.89563,11.679482543478214,4.35091455312628,0.0
30.86092,41.70556,41.69442,1544.51037,-0.42402,64.91332,11.616144379697246,4.327319420590482,0.0
30.86968,41.72735,41.68006,1538.12954,-0.28835,64.93096,11.543660645174315,4.300317322318853,0.0
30.87839,41.74906,41.67113,1531.75772,-0.15664,64.94855,11.462606147233053,4.27012238916354,0.0
30.88706,41.77069,41.66742,1525.40057,-0.02939,64.96609,11.37359197168388,4.236962266667556,0.0
30.89569,41.79223,41.66871,1519.06355,0.09295,64.98358,11.27725791835228,4.201075297100043,0.0
30.90428,41.81369,41.67473,1512.75189,0.20994,65.00103,11.174265015071189,4.162707730721459,0.0
30.91283,41.83506,41.68525,1506.47052,0.32118,65.01842,11.065288243399353,4.122111015922268,0.0
30.92133,41.85635,41.69998,1500.22409,0.42629,65.03577,10.951009592920093,4.079539211766484,0.0
30.9298,41.87756,41.71864,1494.01699,0.52495,65.05307,10.832111542870704,4.03524655972711,0.0
30.93822,41.89868,41.74094,1487.85328,0.61685,65.07033,10.709271050552399,3.9894852442106665,0.0
30.94661,41.91972,41.76659,1481.73673,0.70173,65.08754,10.58315410653023,3.9425033642258995,0.0
30.95495,41.94067,41.79528,1475.67079,0.77937,65.1047,10.454410897675128,3.8945431314896792,0.0
30.96326,41.96155,41.8267,1469.65862,0.84955,65.12183,10.323671601195844,3.845839303593225,0.0
30.97152,41.98235,41.86055,1463.70308,0.91214,65.13891,10.191542816406152,3.796617854741505,0.0
30.97975,42.00306,41.8965,1457.80673,0.967,65.15595,10.058604626569117,3.7470948812129232,0.0
30.98794,42.0237,41.93425,1451.97183,1.01403,65.17294,9.925408270631156,3.697475734018986,0.0
30.99609,42.04426,41.97349,1446.20038,1.05318,65.1899,9.792474394588586,3.6479543674923427,0.0
31.0042,42.06474,42.0139,1440.4941,1.0844,65.20682,9.660291844042412,3.5987128894816727,0.0
31.01228,42.08514,42.05517,1434.85446,1.10771,65.22371,9.529316953631911,3.54992129664699,0.0
31.02031,42.10547,42.09701,1429.28266,1.12312,65.24055,9.399973285007007,3.5017373768474704,0.0
31.02832,42.12573,42.13912,1423.77967,1.13067,65.25736,9.272651762769373,3.454306759783083,0.0
31.03628,42.14591,42.1812,1418.34626,1.13045,65.27414,9.147711157049114,3.407763096767102,0.0
31.04421,42.16602,42.22297,1412.98296,1.12255,65.29088,9.025478862051669,3.362228350755313,0.0
31.05211,42.18606,42.26415,1407.69011,1.10709,65.3076,8.906251921470368,3.3178131783391716,0.0
31.05997,42.20602,42.30448,1402.46784,1.0842,65.32428,8.790298254200117,3.2746173863563994,0.0
31.0678,42.22592,42.34368,1397.31613,1.05404,65.34093,8.677858036865212,3.2327304469189753,0.0
31.07559,42.24575,42.38151,1392.23477,1.01679,65.35755,8.56914520319994,3.192232055971857,0.0
31.08336,42.26551,42.41772,1387.22341,0.97262,65.37415,8.464349024087069,3.1531927218988907,0.0
31.09108,42.28521,42.45207,1382.28154,0.92176,65.39071,8.363635735985739,3.1156743721550515,0.0
31.09878,42.30484,42.48435,1377.4085,0.86439,65.40726,8.267150189334094,3.079730967339793,0.0
31.10645,42.32441,42.51434,1372.60352,0.80077,65.42377,8.175017492274957,3.045409113528109,0.0
31.11408,42.34391,42.54184,1367.86569,0.73112,65.44027,8.087344628699373,3.0127486650343296,0.0
31.12168,42.36335,42.56664,1363.19399,0.65569,65.45674,8.004222032901003,2.9817833110123133,0.0
31.12925,42.38273,42.58858,1358.58729,0.57473,65.47319,7.925725106291813,2.952541140471948,0.0
31.1368,42.40205,42.60747,1354.04435,0.48852,65.48961,7.851915664368138,2.925045181312082,0.0
31.14431,42.4213,42.62316,1349.56385,0.39732,65.50602,7.782843304662373,2.8993139099185217,0.0
31.15179,42.4405,42.6355,1345.14435,0.30141,65.52241,7.718546688589462,2.875361728685578,0.0
31.15925,42.45964,42.64434,1340.78434,0.20107,65.53877,7.6590547320139475,2.8531994095336137,0.0
31.16667,42.47873,42.64957,1336.4822,0.09659,65.55512,7.604387700990061,2.8328345021010617,0.0
31.17407,42.49775,42.65107,1332.23626,-0.01173,65.57145,7.554558210499599,2.8142717058005635,0.0
31.18144,42.51672,42.64872,1328.04475,-0.1236,65.58777,7.509572125158021,2.7975132053556826,0.0
31.18878,42.53563,42.64244,1323.90582,-0.23873,65.60407,7.469429361765921,2.782558969772453,0.0
31.19609,42.55449,42.63215,1319.81755,-0.3568,65.62035,7.434124594350283,2.7694070149857906,0.0
31.20338,42.5733,42.61776,1315.77796,-0.47751,65.63661,7.403647862865815,2.7580536306167596,0.0
31.21064,42.59205,42.59923,1311.78497,-0.60056,65.65287,7.377985087219083,2.7484935714600867,0.0
31.21787,42.61074,42.5765,1307.83647,-0.72563,65.6691,7.357118488561984,2.7407202144270633,0.0
31.22508,42.62939,42.54953,1303.93024,-0.85241,65.68532,7.341026920035996,2.7347256817564833,0.0
31.23226,42.64798,42.5183,1300.06402,-0.9806,65.70153,7.329686109322619,2.7305009313710618,0.0
31.23941,42.66652,42.48278,1296.23547,-1.10988,65.71773,7.323068815433683,2.7280358152859523,0.0
31.24654,42.68501,42.44297,1292.44222,-1.23993,65.73391,7.321144902303031,2.727319107023584,0.0
31.25365,42.70345,42.39888,1288.68178,-1.37044,65.75008,7.323881331735648,2.728338498987025,0.0
31.26072,42.72184,42.35052,1284.95166,-1.50109,65.76623,7.331242078404098,2.7310805707939236,0.0
31.26778,42.74018,42.29791,1281.24927,-1.63158,65.78237,7.343187969623124,2.735530729588326,0.0
31.2748,42.75846,42.24109,1277.57198,-1.76159,65.7985,7.35967645276008,2.741673123394943,0.0
31.28181,42.7767,42.18011,1273.91709,-1.89079,65.81462,7.380661293330735,2.7494905286518976,0.0
31.28879,42.79489,42.11501,1270.28188,-2.0189,65.83072,7.406092207004434,2.7589642131229604,0.0
31.29574,42.81303,42.04588,1266.66354,-2.14558,65.84681,7.435914429067936,2.770073775511502,0.0
31.30267,42.83112,41.97277,1263.05925,-2.27054,65.86289,7.470068225252622,2.7827969632307585,0.0
31.30957,42.84916,41.89579,1259.46613,-2.39346,65.87896,7.508488348277405,2.7971094699517676,0.0
31.31645,42.86715,41.81501,1255.88124,-2.51405,65.89501,7.551103445005956,2.8129847147538305,0.0
31.32331,42.88509,41.73056,1252.30165,-2.632,65.91105,7.597835419748734,2.8303936049377727,0.0
31.33014,42.90298,41.64253,1248.72437,-2.74702,65.92707,7.648598759962212,2.8493042848311596,0.0
31.33694,42.92082,41.55106,1245.14638,-2.85882,65.94308,7.703299831440873,2.8696818732287723,0.0
31.34373,42.93862,41.45627,1241.56467,-2.9671,65.95908,7.761836150971684,2.891488192437261,0.0
31.35048,42.95636,41.35831,1237.9762,-3.07159,65.97506,7.824095645423766,2.9146814922665514,0.0
31.35722,42.97406,41.25732,1234.37791,-3.172,65.99103,7.88995590730552,2.939216172705287,0.0
31.36393,42.9917,41.15345,1230.76678,-3.26809,66.00698,7.959283457870672,2.9650425094084447,0.0
31.37061,43.0093,41.04688,1227.13977,-3.35957,66.02291,8.031933030026607,2.9921063865618174,0.0
31.37727,43.02685,40.93777,1223.49387,-3.44621,66.03883,8.107746884336807,3.0203490420749275,0.0
31.38391,43.04434,40.82631,1219.8261,-3.52776,66.05474,8.186554172541392,3.0497068304756825,0.0
31.39052,43.06179,40.71266,1216.13352,-3.60398,66.07062,8.2681703639428,3.0801110092239457,0.0
31.3971,43.07918,40.59703,1212.41324,-3.67467,66.08649,8.352396750929756,3.111487554506204,0.0
31.40367,43.09653,40.47961,1208.66244,-3.73961,66.10234,8.439020050499883,3.1437570127922596,0.0
31.4102,43.11382,40.3606,1204.87835,-3.79862,66.11816,8.527812119232719,3.1768343946551756,0.0
31.41672,43.13106,40.24021,1201.05831,-3.85152,66.13397,8.6185297991964,3.210629117367461,0.0
31.4232,43.14825,40.11865,1197.19974,-3.89814,66.14976,8.710914912247098,3.245045002777467,0.0
31.42966,43.16538,39.99612,1193.30019,-3.93834,66.16552,8.80469441954556,3.2799803367334843,0.0
31.4361,43.18246,39.87284,1189.3573,-3.972,66.18127,8.899580762176338,3.3153279959733792,0.0
31.44251,43.19949,39.74903,1185.36887,-3.99901,66.19699,8.99527239731139,3.350975647859639,0.0
31.4489,43.21646,39.62491,1181.33285,-4.0193,66.21268,9.09145454231382,3.3868060275775864,0.0
31.45526,43.23338,39.5007,1177.24735,-4.03279,66.22836,9.187800136793514,3.422697296526431,0.0
31.46159,43.25024,39.37661,1173.11063,-4.03944,66.244,9.283971029503656,3.458523484469436,0.0
31.4679,43.26705,39.25286,1168.92116,-4.03925,66.25962,9.379619393435593,3.494155016694001,0.0
31.47418,43.2838,39.12966,1164.67759,-4.03223,66.27521,9.474389368477297,3.5294593259451505,0.0
31.48043,43.30049,39.00724,1160.3788,-4.0184,66.29077,9.567918926502728,3.5643015472204036,0.0
31.48666,43.31712,38.88578,1156.02385,-3.99783,66.30631,9.65984194895978,3.5985452917259404,0.0
31.49286,43.3337,38.76551,1151.61206,-3.9706,66.32181,9.74979050203544,3.6320534944354916,0.0
31.49903,43.35021,38.64662,1147.14295,-3.93685,66.33728,9.837397289302057,3.664689327765609,0.0
31.50517,43.36667,38.5293,1142.61629,-3.89669,66.35272,9.922298256639666,3.6963171719777623,0.0
31.51129,43.38306,38.41373,1138.0321,-3.85032,66.36813,10.004135319375772,3.726803631109675,0.0
31.51738,43.39939,38.3001,1133.39063,-3.79792,66.38351,10.082559176967926,3.7560185815186333,0.0
31.52344,43.41565,38.18857,1128.69238,-3.73973,66.39885,10.157232176647064,3.783836238663981,0.0
31.52947,43.43186,38.0793,1123.93811,-3.67598,66.41415,10.227831184090348,3.8101362265082868,0.0
31.53548,43.448,37.97243,1119.12879,-3.60697,66.42942,10.294050416804675,3.8348046330272463,0.0
31.54145,43.46407,37.86812,1114.26565,-3.533,66.44465,10.355604194435683,3.85773503477216,0.0
31.5474,43.48008,37.76648,1109.35017,-3.45439,66.45984,10.41222955994872,3.8788294733288007,0.0
31.55331,43.49602,37.66763,1104.38401,-3.3715,66.475,10.463688726392528,3.897999366801276,0.0
31.5592,43.5119,37.57167,1099.36909,-3.28469,66.49011,10.509771306073297,3.9151663402380077,0.0
31.56506,43.5277,37.47868,1094.30752,-3.19435,66.50518,10.550296282106098,3.930262960086518,0.0
31.57088,43.54344,37.38875,1089.20158,-3.1009,66.52022,10.58511368670512,3.9432333594007036,0.0
31.57668,43.55911,37.30194,1084.05378,-3.00475,66.53521,10.614105955869839,3.954033742497074,0.0
31.58245,43.5747,37.21829,1078.86675,-2.90635,66.55016,10.63718893635451,3.962632760077383,0.0
31.58818,43.59023,37.13784,1073.64329,-2.80614,66.56507,10.654312527676057,3.9690117483934624,0.0
31.59389,43.60568,37.06061,1068.38634,-2.70458,66.57994,10.665460949252875,3.973164828763453,0.0
31.59956,43.62107,36.9866,1063.09894,-2.60213,66.59476,10.67065263034701,3.97509886657237,0.0
31.6052,43.63638,36.91581,1057.78423,-2.49926,66.60954,10.669939728052132,3.9748332917099387,0.0
31.61081,43.65162,36.84822,1052.44544,-2.39644,66.62428,10.663407285915582,3.9723997851351776,0.0
31.61639,43.66678,36.78378,1047.08587,-2.29412,66.63897,10.651172052621932,3.9678418388049304,0.0
31.62194,43.68187,36.72246,1041.70883,-2.19279,66.65362,10.633380986399898,3.961214198526097,0.0
31.62746,43.69689,36.66418,1036.3177,-2.09289,66.66823,10.610209476195935,3.952582201295994,0.0
31.63294,43.71183,36.60889,1030.91584,-1.99487,66.68279,10.581859315031792,3.942021020324717,0.0
31.6384,43.7267,36.55649,1025.50661,-1.89917,66.6973,10.548556464400718,3.9296148322139053,0.0
31.64382,43.74149,36.5069,1020.09335,-1.80622,66.71177,10.510548650711442,3.9154559215688853,0.0
31.64921,43.75621,36.46,1014.67937,-1.71642,66.7262,10.468102836047352,3.899643738789913,0.0
31.65457,43.77085,36.41568,1009.26793,-1.63017,66.74059,10.421502605494354,3.8822839267830624,0.0
31.6599,43.78542,36.37382,1003.86219,-1.54785,66.75493,10.371045512439691,3.863487332014181,0.0
31.6652,43.79991,36.33429,998.46528,-1.46981,66.76923,10.31704042133655,3.843369014618795,0.0
