0.05129,0.05129,52.33342,5416.41663,-0.29701,45.00009,17.362992583598775,6.468171585220409,0.0
0.10249,0.10249,52.30577,5406.75884,-0.09328,45.00021,17.36858293228131,6.470254137195578,0.0
0.1536,0.1536,52.30696,5397.06623,0.11006,45.00035,17.303493108107414,6.446006465074457,0.0
0.20461,0.20461,52.33677,5387.37815,0.31191,45.00051,17.16933662473615,6.396029645149142,0.0
0.25553,0.25554,52.39479,5377.73298,0.51116,45.0007,16.968898799476438,6.321361281403314,0.0
0.30636,0.30637,52.48049,5368.16753,0.7068,45.00092,16.706023301703567,6.223433241812302,0.0
0.3571,0.35711,52.5932,5358.71643,0.89783,45.00116,16.38546453735712,6.104016667684541,0.0
0.40774,0.40775,52.73211,5349.4117,1.08337,45.00143,16.012715190474825,5.965157728345308,0.0
0.45829,0.45831,52.89631,5340.28233,1.26261,45.00173,15.593819093226433,5.8091079103006225,0.0
0.50875,0.50878,53.08478,5331.35403,1.43482,45.00205,15.135179584714885,5.638252625848328,0.0
0.55913,0.55915,53.29642,5322.64904,1.59941,45.0024,14.643372741723665,5.455041636617263,0.0
0.60941,0.60945,53.53006,5314.18605,1.75587,45.00278,14.12497348808388,5.261924274731175,0.0
0.65961,0.65965,53.7845,5305.98023,1.90378,45.00319,13.586400819692539,5.061291785055644,0.0
0.70973,0.70978,54.05845,5298.04334,2.04286,45.00364,13.033786433869151,4.855428386176855,0.0
0.75977,0.75983,54.35064,5290.38388,2.17289,45.00411,12.472869118990358,4.646471927761715,0.0
0.80972,0.8098,54.65977,5283.00728,2.29376,45.00462,11.908915499820866,4.436384366108315,0.0
0.85961,0.8597,54.98454,5275.91624,2.40544,45.00517,11.3466662537786,4.226931728289564,0.0
0.90942,0.90952,55.32364,5269.11094,2.50797,45.00575,10.790305772195586,4.0196728101746,0.0
0.95916,0.95928,55.67582,5262.58934,2.60145,45.00637,10.243452453091809,3.8159555602316555,0.0
1.00883,1.00897,56.03981,5256.34754,2.68604,45.00703,9.709166357918743,3.6169199318664607,0.0
1.05844,1.0586,56.4144,5250.38001,2.76196,45.00773,9.189970800018608,3.423505925691365,0.0
1.10799,1.10817,56.79842,5244.67989,2.82945,45.00847,8.687884499990059,3.236465568245103,0.0
1.15748,1.15769,57.19071,5239.23926,2.88879,45.00926,8.204461181683932,3.0563776625430457,0.0
1.20691,1.20715,57.59019,5234.0494,2.94029,45.01008,7.740833833516296,2.8836642765808986,0.0
1.25629,1.25656,57.99582,5229.10094,2.98427,45.01096,7.297761272251552,2.718608089569072,0.0
1.30562,1.30592,58.40658,5224.38414,3.02105,45.01188,6.875675078754987,2.56136987673546,0.0
1.3549,1.35523,58.82153,5219.88898,3.05099,45.01284,6.474725396267952,2.412005570387973,0.0
1.40413,1.4045,59.23977,5215.60535,3.07441,45.01386,6.094824470026242,2.2704824795679786,0.0
1.45331,1.45372,59.66043,5211.52317,3.09166,45.01492,5.735687149485592,2.136694378194975,0.0
1.50246,1.50291,60.08273,5207.63246,3.10307,45.01603,5.396867864828889,2.01047527978844,0.0
1.55156,1.55206,60.50589,5203.92347,3.10897,45.01719,5.077793826788341,1.8916118052751285,0.0
1.60063,1.60118,60.9292,5200.38668,3.10967,45.01841,4.777794385629916,1.7798541199832574,0.0
1.64966,1.65026,61.352,5197.01291,3.10548,45.01967,4.496126626204395,1.6749254684724684,0.0
1.69865,1.69931,61.77364,5193.79334,3.0967,45.02099,4.231997377366071,1.5765303736213963,0.0
1.74761,1.74833,62.19353,5190.71952,3.08361,45.02237,3.984581882118726,1.4843615917482882,0.0
1.79654,1.79732,62.61113,5187.78338,3.06648,45.02379,3.7530394159383857,1.3981059308471697,0.0
1.84544,1.84628,63.02592,5184.97728,3.04556,45.02527,3.5365261606715626,1.3174490464536746,0.0
1.89431,1.89522,63.43741,5182.29398,3.02109,45.02681,3.33420564527108,1.2420793310938518,0.0
1.94315,1.94414,63.84515,5179.72663,2.9933,45.0284,3.1452570569028713,1.1716910103901266,0.0
1.99196,1.99303,64.24872,5177.2688,2.96242,45.03005,2.9688817101244647,1.1059865530004989,0.0
2.04075,2.0419,64.64772,5174.91443,2.92863,45.03176,2.8043079409061025,1.0446784937701818,0.0
2.08951,2.09075,65.04179,5172.65783,2.89214,45.03352,2.650794668384993,0.9874907605787739,0.0
2.13825,2.13958,65.43058,5170.49368,2.85311,45.03534,2.5076338422006055,0.934159586037052,0.0
2.18697,2.1884,65.81378,5168.41699,2.81173,45.03722,2.374151968235855,0.8844340758657045,0.0
2.23566,2.23719,66.19109,5166.42311,2.76813,45.03915,2.249710881473142,0.8380764968045437,0.0
2.28434,2.28597,66.56222,5164.5077,2.72248,45.04114,2.1337079120336413,0.7948623384665086,0.0
2.33299,2.33474,66.92692,5162.66668,2.6749,45.0432,2.0255755696462856,0.7545801957940586,0.0
2.38163,2.38349,67.28495,5160.89628,2.62553,45.04531,1.9247808529405657,0.7170315117525689,0.0
2.43024,2.43222,67.63608,5159.19298,2.57447,45.04748,1.8308242731599416,0.6820302136378884,0.0
2.47884,2.48095,67.9801,5157.55348,2.52186,45.04971,1.743238667055503,0.649402270847993,0.0
2.52742,2.52966,68.31682,5155.97474,2.46778,45.052,1.6615878607974914,0.6189851971548739,0.0
2.57598,2.57836,68.64605,5154.45388,2.41233,45.05435,1.5854652355485157,0.5906275163428168,0.0
2.62452,2.62705,68.96763,5152.98828,2.35561,45.05676,1.5144922357671604,0.5641882065122492,0.0
2.67305,2.67573,69.28139,5151.57544,2.2977,45.05922,1.4483168531501962,0.539536135308322,0.0
2.72157,2.7244,69.58719,5150.21307,2.23868,45.06175,1.3866121122434008,0.5165494957710954,0.0
2.77007,2.77306,69.88489,5148.89903,2.17861,45.06435,1.329074577985726,0.49511525035647225,0.0
2.81855,2.82171,70.17435,5147.63131,2.11758,45.067,1.2754229006512041,0.47512858888877263,0.0
2.86702,2.87036,70.45547,5146.40806,2.05564,45.06971,1.2253964096981556,0.45649240473256614,0.0
2.91548,2.919,70.72812,5145.22752,1.99284,45.07248,1.1787537647847717,0.43911679226048245,0.0
2.96392,2.96763,70.9922,5144.08807,1.92926,45.07532,1.1352716695829628,0.4229185677150283,0.0
3.01235,3.01626,71.24762,5142.9882,1.86493,45.07821,1.0947436518927423,0.407820814769098,0.0
3.06077,3.06488,71.49429,5141.92649,1.79992,45.08117,1.0569789118792832,0.3937524554639728,0.0
3.10917,3.11349,71.73211,5140.9016,1.73426,45.08419,1.0218012389197149,0.38064784670625273,0.0
3.15756,3.1621,71.96101,5139.91229,1.66799,45.08727,0.9890479965268757,0.3684464021252468,0.0
3.20594,3.21071,72.18092,5138.95739,1.60116,45.09041,0.9585691740256104,0.357092238797441,0.0
3.25431,3.25931,72.39177,5138.03581,1.53381,45.09361,0.9302265030905563,0.3465338481335793,0.0
3.30267,3.30791,72.59349,5137.14651,1.46596,45.09688,0.9038926368316256,0.33672379006640557,0.0
3.35102,3.3565,72.78602,5136.28852,1.39767,45.1002,0.8794503888396549,0.32761840957514654,0.0
3.39935,3.40509,72.96931,5135.46091,1.32894,45.10359,0.8567920294287882,0.3191775745172822,0.0
3.44768,3.45368,73.14331,5134.66283,1.25983,45.10704,0.8358186362281177,0.31136443370684513,0.0
3.49599,3.50227,73.30793,5133.89351,1.18974,45.1146,0.8164441777919119,0.30414693816667676,16.999999710011267
3.54429,3.55086,73.46309,5133.15226,1.11933,45.12213,0.798589783766893,0.2974957066149773,16.999999710011267
3.59258,3.59946,73.60874,5132.43832,1.04861,45.12963,0.782178793774116,0.2913821810435337,16.999999710011267
3.64085,3.64805,73.74486,5131.75098,0.97762,45.13713,0.7671413873497591,0.2857803514924854,16.999999710011267
3.68911,3.69665,73.87141,5131.08954,0.90638,45.14461,0.7534141301397503,0.28066658699588226,16.999999710011267
3.73736,3.74525,73.98835,5130.45336,0.8349,45.1521,0.7409395821187096,0.2760194896329322,16.999999710011267
3.7856,3.79386,74.09567,5129.8418,0.76321,45.15958,0.7296659434136789,0.27181976258802165,16.999999710011267
3.83382,3.84247,74.19333,5129.25425,0.69132,45.16708,0.7195467354854517,0.2680500913823723,16.999999710011267
3.88203,3.89108,74.28132,5128.69013,0.61926,45.1746,0.7105405156036294,0.2646950375084867,16.999999710011267
3.93023,3.93969,74.35962,5128.14887,0.54704,45.18214,0.7026106227394464,0.26174094376854,16.999999710011267
3.97842,3.98831,74.4282,5127.6299,0.47469,45.1897,0.6957249531837971,0.25917585068619087,16.999999710011267
4.0266,4.03694,74.48706,5127.13269,0.40221,45.1973,0.6898557643756594,0.25698942342750797,16.999999710011267
4.07477,4.08556,74.53617,5126.6567,0.32963,45.20493,0.6849795056051873,0.2551728887334171,16.999999710011267
4.12293,4.1342,74.57554,5126.20141,0.25696,45.21261,0.6810766744238027,0.25371898142868266,16.999999710011267
4.17107,4.18284,74.60514,5125.76629,0.18422,45.22033,0.6781316977661052,0.25262190013669095,16.999999710011267
4.21921,4.23148,74.62497,5125.35083,0.11142,45.2281,0.676132836949463,0.25187727188929837,16.999999710011267
4.26734,4.28013,74.63504,5124.95451,0.03858,45.23593,0.6750721158778368,0.2514821253808665,16.999999710011267
4.31545,4.32879,74.63533,5124.57683,-0.03429,45.24381,0.6749452719356877,0.251434872674951,16.999999710011267
4.36356,4.37745,74.62584,5124.21726,-0.10716,45.25177,0.6757517292101205,0.2517352992288452,16.999999710011267
4.41165,4.42612,74.60657,5123.87528,-0.18003,45.25979,0.6774945938352885,0.2523845621592485,16.999999710011267
4.45973,4.47479,74.57754,5123.55037,-0.25288,45.26788,0.680180671400391,0.25338519672720333,16.999999710011267
4.50781,4.52348,74.53874,5123.24198,-0.32569,45.27606,0.6838205065174584,0.25474113107813673,16.999999710011267
4.55588,4.57217,74.49017,5122.94958,-0.39845,45.28432,0.6884284447902599,0.2564577093269081,16.999999710011267
4.60393,4.62086,74.43186,5122.67259,-0.47114,45.29266,0.6940227175807799,0.2585417231355527,16.999999710011267
4.65198,4.66957,74.36381,5122.41044,-0.54374,45.3011,0.7006255501166802,0.2610014519861554,16.999999710011267
4.70001,4.71828,74.28603,5122.16255,-0.61624,45.30964,0.7082632936356168,0.26384671240808594,16.999999710011267
4.74804,4.767,74.19855,5121.92829,-0.68862,45.31828,0.716966582417717,0.2670889164767282,16.999999710011267
4.79606,4.81573,74.10137,5121.70703,-0.76087,45.32703,0.726770516709376,0.2707411399574073,16.999999710011267
4.84406,4.86447,73.99452,5121.49811,-0.83296,45.33589,0.7377148726969873,0.2748182005261294,16.999999710011267
4.89206,4.91322,73.87802,5121.30084,-0.90487,45.34488,0.7498443408480031,0.27933674655789725,16.999999710011267
4.94005,4.96198,73.75189,5121.1145,-0.97659,45.35398,0.7632087940924575,0.28431535703138455,16.999999710011267
4.98803,5.01074,73.61617,5120.93834,-1.04809,45.36322,0.77786358747413,0.28977465315687784,16.999999710011267
5.036,5.05952,73.47089,5120.77155,-1.11936,45.3726,0.7938698910561482,0.2957374223923735,16.999999710011267
5.08396,5.1083,73.31608,5120.61332,-1.19037,45.38213,0.8112950580145557,0.3022287555681164,16.999999710011267
5.13191,5.1571,73.15177,5120.46275,-1.2611,45.3918,0.8302130300011064,0.30927619789490696,16.999999710011267
5.17985,5.20591,72.97801,5120.31892,-1.33153,45.40164,0.8507047819852523,0.3169099146794455,16.999999710011267
5.22778,5.25472,72.79484,5120.18086,-1.40162,45.41164,0.8728588089121484,0.3251628726172444,16.999999710011267
5.2757,5.30355,72.6023,5120.04751,-1.47134,45.42182,0.8967716566057682,0.3340710375680076,16.999999710011267
5.32361,5.35239,72.40045,5119.91778,-1.54068,45.43218,0.9225484994293355,0.34367358974933976,16.999999710011267
5.37151,5.40124,72.18935,5119.79049,-1.6096,45.44274,0.9503037672444431,0.3540131572955152,16.999999710011267
5.4194,5.4501,71.96904,5119.6644,-1.67807,45.45351,0.9801618242104687,0.3651360691281199,16.999999710011267
5.46728,5.49898,71.7396,5119.53817,-1.74605,45.46448,1.0122577018968055,0.37709262805964744,16.999999710011267
5.51515,5.54786,71.50109,5119.41041,-1.81351,45.47569,1.0467378890404087,0.389937404998964,16.999999710011267
5.56301,5.59676,71.25359,5119.27959,-1.8804,45.48713,1.0837611800494342,0.4037295550412403,16.999999710011267
5.61086,5.64567,70.99718,5119.1441,-1.94669,45.49882,1.1234995840068003,0.41853315609569475,16.999999710011267
5.6587,5.69459,70.73193,5119.00223,-2.01233,45.51078,1.1661392954283702,0.43441757051855867,16.999999710011267
5.70652,5.74353,70.45795,5118.85212,-2.07727,45.52302,1.2118817273741807,0.4514578299741925,16.999999710011267
5.75433,5.79248,70.17534,5118.69181,-2.14146,45.53555,1.2609446066198955,0.4697350434152673,16.999999710011267
5.80213,5.84144,69.88418,5118.51918,-2.20485,45.5484,1.31356312946271,0.4893368276508752,16.999999710011267
5.84992,5.89042,69.58461,5118.33198,-2.26738,45.56157,1.3699911752831087,0.5103577594302153,16.999999710011267
5.8977,5.93941,69.27674,5118.12777,-2.32899,45.5751,1.430502573166352,0.5328998472924241,16.999999710011267
5.94546,5.98841,68.96069,5117.90397,-2.3896,45.58899,1.4953924146141762,0.5570730205862227,16.999999710011267
5.99321,6.03743,68.63662,5117.65777,-2.44915,45.60328,1.564978402607471,0.5829956320312611,16.999999710011267
6.04094,6.08646,68.30467,5117.38619,-2.50756,45.61798,1.6396022238682102,0.6107949689217936,16.999999710011267
6.08866,6.13551,67.965,5117.08602,-2.56475,45.63313,1.7196309270776189,0.6406077665492086,16.999999710011267
6.13636,6.18457,67.61779,5116.75381,-2.62063,45.64874,1.8054582848597385,0.6725807155767424,16.999999710011267
6.18405,6.23365,67.26321,5116.38587,-2.6751,45.66486,1.8975061114796206,0.7068709529167282,16.999999710011267
6.23172,6.28274,66.90147,5115.97824,-2.72806,45.6815,1.996225501254723,0.743646523071425,16.999999710011267
6.27937,6.33184,66.53279,5115.52667,-2.77941,45.69871,2.102097944544824,0.7830867938686238,16.999999710011267
6.327,6.38096,66.15738,5115.0266,-2.82902,45.71652,2.21563626870062,0.8253828069897586,16.999999710011267
6.37462,6.4301,65.77551,5114.47315,-2.87677,45.73497,2.337385340463357,0.8707375396322508,16.999999710011267
6.42221,6.47925,65.38742,5113.86109,-2.92253,45.7541,2.4679224538228803,0.9193660489968365,16.999999710011267
6.46978,6.52842,64.9934,5113.18483,-2.96614,45.77396,2.607857313301809,0.9714954660604828,16.999999710011267
6.51733,6.57761,64.59377,5112.43837,-3.00747,45.79459,2.75783150694938,1.027364799252728,16.999999710011267
6.56486,6.62681,64.18883,5111.61534,-3.04633,45.81605,2.918517346114003,1.087224502240431,16.999999710011267
6.61236,6.67602,63.77894,5110.70891,-3.08256,45.83838,3.0906159305034113,1.1513357531117658,16.999999710011267
6.65983,6.72525,63.36447,5109.71182,-3.11598,45.86166,3.2748542774374014,1.2199693849473336,16.999999710011267
6.70727,6.7745,62.94583,5108.61635,-3.14637,45.88594,3.4719813341149464,1.293404400284739,16.999999710011267
6.75469,6.82377,62.52343,5107.4143,-3.17353,45.91128,3.682762671923399,1.3719259946091658,16.999999710011267
6.80207,6.87305,62.09774,5106.09698,-3.19724,45.93775,3.907973643369041,1.455823007129957,16.999999710011267
6.84942,6.92235,61.66924,5104.65522,-3.21727,45.96544,4.1483907666285615,1.545384711299351,16.999999710011267
6.89673,6.97166,61.23846,5103.07935,-3.23335,45.99441,4.4047810918239465,1.640896853470092,16.999999710011267
6.94401,7.02099,60.80595,5101.35921,-3.24523,46.02474,4.6778892993834456,1.7426368466954247,16.999999710011267
6.99124,7.07034,60.37231,5099.48416,-3.25264,46.05653,4.968422287108221,1.850868029005881,16.999999710011267
7.03843,7.1197,59.93815,5097.44313,-3.25529,46.08986,5.277031022340105,1.9658329028642758,16.999999710011267
7.08558,7.16908,59.50416,5095.22461,-3.2529,46.12483,5.604289472823995,2.087745286357584,16.999999710011267
7.13267,7.21847,59.07104,5092.81673,-3.24514,46.16152,5.950670488902065,2.216781328679706,16.999999710011267
7.17972,7.26788,58.63953,5090.20732,-3.23172,46.20003,6.316518595012898,2.3530693742489985,16.999999710011267
7.22671,7.31731,58.21044,5087.38396,-3.21231,46.24047,6.702019764556258,2.4966787030501267,16.999999710011267
7.27364,7.36675,57.78459,5084.33412,-3.18661,46.28293,7.10716840279607,2.6476072308966985,16.999999710011267
7.32051,7.4162,57.36285,5081.04525,-3.15428,46.32751,7.531731950101222,2.8057683232071104,16.999999710011267
7.36731,7.46567,56.94615,5077.50489,-3.11502,46.37432,7.9752137429135,2.970976959737924,16.999999710011267
7.41405,7.51516,56.53543,5073.7009,-3.06851,46.42343,8.436815029931417,3.142935584612923,16.999999710011267
7.46071,7.56466,56.1317,5069.62159,-3.01448,46.47496,8.91539732932317,3.3212200833945023,16.999999710011267
7.50729,7.61417,55.73597,5065.25593,-2.95265,46.52898,9.40944661782833,3.5052664425818025,16.999999710011267
7.55379,7.66369,55.34931,5060.59379,-2.88277,46.58556,9.91704114662099,3.6943587601729164,16.999999710011267
7.6002,7.71322,54.97281,5055.62617,-2.80464,46.64478,10.435824957837083,3.887619379874499,16.999999710011267
7.64651,7.76277,54.60756,5050.34548,-2.71808,46.70669,10.962989399526515,4.084002004935059,16.999999710011267
7.69273,7.81233,54.2547,5044.74575,-2.62296,46.77134,11.495265070159176,4.2822886972614995,16.999999710011267
7.73885,7.86189,53.91535,5038.82299,-2.51921,46.83874,12.028926628379933,4.481091669179402,16.999999710011267
7.78486,7.91147,53.59064,5032.57537,-2.40683,46.9089,12.559812742313976,4.67886071507417,16.999999710011267
7.83075,7.96105,53.28169,5026.0035,-2.28589,46.9818,13.083363093035835,4.873896996156853,16.999999710011267
7.87652,8.01063,52.9896,5019.11069,-2.15651,47.05741,13.594673768563435,5.064373676184438,16.999999710011267
7.92217,8.06022,52.71544,5011.9031,-2.01891,47.13566,14.088571584349738,5.248363607798477,16.999999710011267
7.9677,8.10981,52.46024,5004.38989,-1.87341,47.21645,14.55970686384047,5.423873895724039,16.999999710011267
8.01308,8.15941,52.22496,4996.58333,-1.72039,47.29968,15.00266305444772,5.588886731604053,16.999999710011267
8.05833,8.209,52.01051,4988.49882,-1.56033,47.38519,15.412080314928874,5.741405433549735,16.999999710011267
8.10343,8.2586,51.81772,4980.15485,-1.39382,47.47282,15.782788988105168,5.8795041682401274,16.999999710011267
8.14839,8.30818,51.64732,4971.57285,-1.22149,47.56236,16.109947783960955,6.001379427762396,16.999999710011267
8.1932,8.35777,51.49997,4962.77702,-1.0441,47.65359,16.38918066294515,6.105401022243232,16.999999710011267
8.23784,8.40734,51.37619,4953.79403,-0.86243,47.74628,16.616705937928877,6.19016017372495,16.999999710011267
8.28233,8.45691,51.2764,4944.6527,-0.67736,47.84014,16.78945108968051,6.254512287950925,16.999999710011267
8.32666,8.50647,51.2009,4935.38355,-0.4898,47.93492,16.90514725795892,6.297612154784029,16.999999710011267
8.37083,8.55602,51.14986,4926.01839,-0.30071,48.03032,16.96239832020286,6.318939681836003,16.999999710011267
8.41483,8.60555,51.12333,4916.58979,-0.11105,48.12603,16.96072084057339,6.31831477653688,16.999999710011267
8.45867,8.65507,51.12123,4907.13056,0.0782,48.22178,16.900552852303363,6.295900617791247,16.999999710011267
8.50233,8.70457,51.14333,4897.67329,0.26606,48.31725,16.783231278089822,6.2521952444802995,16.999999710011267
8.54584,8.75405,51.18932,4888.24982,0.45159,48.41216,16.61093963020396,6.188012072376731,16.999999710011267
8.58917,8.80352,51.25875,4878.89078,0.63388,48.50624,16.386629300863103,6.104450572737291,16.999999710011267
8.63235,8.85297,51.35105,4869.62518,0.81208,48.59921,16.113919113953354,6.002858852676546,16.999999710011267
8.67539,8.90236,51.46635,4860.47884,0.99769,48.6084,15.795229197099813,5.8841384734122295,0.0
8.71835,8.95167,51.60466,4851.47661,1.17737,48.6176,15.433621976554258,5.7494302693004204,0.0
8.76121,9.0009,51.7651,4842.64262,1.35038,48.6268,15.034375700172975,5.600700526546637,0.0
8.80398,9.05005,51.9467,4833.99814,1.51609,48.63601,14.602975072156035,5.439992441776665,0.0
8.84667,9.09911,52.14844,4825.56153,1.67393,48.64524,14.144972070141545,5.269374272742017,0.0
8.88927,9.1481,52.36922,4817.34817,1.82347,48.65447,13.665857056427594,5.0908913238588624,0.0
8.93178,9.19702,52.60792,4809.3705,1.96434,48.66372,13.170946061808452,4.906523956471253,0.0
8.97422,9.24586,52.86339,4801.63817,2.09629,48.67298,12.665286675371725,4.7181525303243825,0.0
9.01657,9.29463,53.13444,4794.15814,2.21912,48.68226,12.15358366188935,4.527529694085612,0.0
9.05885,9.34334,53.4199,4786.9349,2.33275,48.69155,11.64014427158741,4.336260011794728,0.0
9.10105,9.39197,53.71858,4779.97064,2.43716,48.70086,11.12884226064005,4.1457865595512615,0.0
9.14317,9.44055,54.0293,4773.26553,2.53239,48.7102,10.623098931386643,3.9573838624965094,0.0
9.18523,9.48907,54.3509,4766.81793,2.61854,48.71955,10.125879028426803,3.7721563660009556,0.0
9.22722,9.53752,54.68226,4760.62463,2.69578,48.72893,9.639699071805222,3.5910415399948716,0.0
9.26914,9.58593,55.02225,4754.68109,2.76429,48.73834,9.166645638566218,3.4148166893284153,0.0
9.31099,9.63428,55.36982,4748.98168,2.82432,48.74777,8.70840118115711,3.244108571806199,0.0
9.35279,9.68258,55.72391,4743.51985,2.87613,48.75723,8.266275155060491,3.0794049940493387,0.0
9.39453,9.73084,56.08354,4738.28834,2.92,48.76672,7.8412384815835345,2.921067649791231,0.0
9.43621,9.77905,56.44773,4733.27938,2.95624,48.77623,7.433959662530987,2.769345573543485,0.0
9.47784,9.82722,56.81557,4728.48482,2.98516,48.78579,7.044841165168393,2.624388694952069,0.0
9.51941,9.87536,57.18618,4723.89624,3.00708,48.79537,6.674054988936784,2.4862610883343432,0.0
9.56093,9.92345,57.55874,4719.50514,3.02234,48.80499,6.321576595993389,2.354953612698247,0.0
9.60241,9.97152,57.93244,4715.30297,3.03125,48.81465,5.987216627501065,2.2303957268946126,0.0
9.64383,10.01955,58.30654,4711.28126,3.03413,48.82434,5.670650032611094,2.11246634092969,0.0
9.68522,10.06755,58.68032,4707.43165,3.0313,48.83407,5.371442406329295,2.001003627513266,0.0
9.72655,10.11552,59.05313,4703.746,3.02306,48.84384,5.089073467466848,1.8958137682130807,0.0
9.76785,10.16347,59.42432,4700.21637,3.00972,48.85365,4.822957711701438,1.7966786472635263,0.0
9.80911,10.21139,59.79329,4696.8351,2.99157,48.86351,4.572462350985799,1.7033625344673409,0.0
9.85033,10.25929,60.1595,4693.59484,2.96887,48.8734,4.336922703552747,1.615617818377419,0.0
9.89151,10.30717,60.52242,4690.48853,2.9419,48.88334,4.115655232521058,1.5331898635205659,0.0
9.93265,10.35503,60.88154,4687.50941,2.91091,48.89332,3.9079684495352356,1.4558210722902063,0.0
9.97376,10.40287,61.2364,4684.65109,2.87613,48.90335,3.7131719064414748,1.3832542345822634,0.0
10.01484,10.4507,61.58658,4681.90746,2.83781,48.91342,3.530583495725294,1.3152352474002642,0.0
10.05588,10.49851,61.93166,4679.27276,2.79615,48.92353,3.359535271791666,1.2515152834353542,0.0
10.09689,10.54631,62.27126,4676.74153,2.75137,48.93369,3.199377992264715,1.1918524828199253,0.0
10.13788,10.59409,62.60502,4674.30862,2.70366,48.9439,3.0494845629535305,1.1360132364680218,0.0
10.17883,10.64187,62.93262,4671.96918,2.65319,48.95416,2.9092525531903908,1.0837731231050123,0.0
10.21975,10.68963,63.25373,4669.71864,2.60015,48.96447,2.7781059309287235,1.0349175556372336,0.0
10.26064,10.73738,63.56806,4667.5527,2.5447,48.97482,2.655496149919181,0.9892421861536833,0.0
10.30151,10.78513,63.87534,4665.46732,2.48698,48.98522,2.540902704966019,0.9465531127736303,0.0
10.34235,10.83287,64.17531,4663.4587,2.42715,48.99568,2.4338332560136213,0.9066669258721118,0.0
10.38317,10.8806,64.46774,4661.5233,2.36534,49.00618,2.3338234078125115,0.8694106259997223,0.0
10.42396,10.92832,64.7524,4659.65776,2.30167,49.01673,2.2404362192295393,0.8346214410877513,0.0
10.46472,10.97605,65.02908,4657.85895,2.23627,49.02733,2.1532615049394637,0.8021465663099205,0.0
10.50546,11.02376,65.29759,4656.12392,2.16925,49.03799,2.071914982220903,0.7718428462414285,0.0
10.54618,11.07148,65.55775,4654.44991,2.10071,49.04869,1.9960373067872763,0.7435764156806066,0.0
10.58687,11.11919,65.80938,4652.83433,2.03075,49.05945,1.9252930339756074,0.7172223126644158,0.0
10.62754,11.1669,66.05233,4651.27473,1.95947,49.07026,1.8593695350317008,0.692664074756161,0.0
10.66819,11.21461,66.28645,4649.76883,1.88695,49.08112,1.7979758926243499,0.6697933275954717,0.0
10.70882,11.26232,66.5116,4648.31446,1.81327,49.09203,1.74084179492931,0.6485093729154849,0.0
10.74943,11.31002,66.72766,4646.9096,1.73852,49.103,1.687716443608452,0.6287187817363458,0.0
10.79001,11.35773,66.9345,4645.55234,1.66276,49.11401,1.6383674876320857,0.6103349971859716,0.0
10.83058,11.40544,67.13202,4644.24085,1.58607,49.12508,1.5925799920770902,0.5932779503502215,0.0
10.87113,11.45315,67.32011,4642.97343,1.50851,49.13621,1.5501554487270535,0.5774736916954163,0.0
10.91165,11.50087,67.49867,4641.74847,1.43014,49.14738,1.5109108333874355,0.5628540398934336,0.0
10.95216,11.54858,67.66762,4640.56443,1.35103,49.15861,1.474677713300424,0.5493562493102558,0.0
10.99265,11.5963,67.82689,4639.41984,1.27122,49.1699,1.441301406796788,0.5369226969541746,0.0
11.03312,11.64402,67.97638,4638.31332,1.19076,49.18124,1.4106401963422057,0.5255005893148423,0.0
11.07357,11.69175,68.11603,4637.24353,1.10972,49.19263,1.3825645953680348,0.5150416892384432,0.0
11.114,11.73948,68.24579,4636.20922,1.02813,49.20407,1.3569566686870458,0.5055020627646728,0.0
11.15441,11.78721,68.36558,4635.20915,0.94605,49.21557,1.333709405855058,0.49684184568745915,0.0
11.19481,11.83495,68.47537,4634.24216,0.86352,49.22713,1.3127261465225517,0.48902502948331966,0.0
11.23519,11.8827,68.57509,4633.3071,0.78057,49.23874,1.293920056606315,0.4820192661715157,0.0
11.27555,11.93045,68.66471,4632.4029,0.69726,49.2504,1.2772136539799215,0.47579569162127583,0.0
11.31589,11.97821,68.7442,4631.52846,0.61361,49.26212,1.262538382313447,0.47032876679587754,0.0
11.35622,12.02597,68.8135,4630.68276,0.52967,49.27389,1.2498342316891757,0.465596136422016,0.0
11.39653,12.07374,68.87261,4629.86478,0.44548,49.28572,1.239049404649004,0.4615785045836744,0.0
11.43682,12.12152,68.92149,4629.07351,0.36107,49.2976,1.2301400264014368,0.45825952676660553,0.0
11.4771,12.1693,68.96012,4628.30797,0.27647,49.30954,1.223069898008523,0.45562571791397133,0.0
11.51736,12.2171,68.98848,4627.56718,0.19173,49.32153,1.2178102914981528,0.4536663761002824,0.0
11.55761,12.2649,69.00657,4626.85017,0.10687,49.33357,1.2143397859670002,0.4523735214754317,0.0
11.59784,12.31271,69.01437,4626.15596,0.02193,49.34568,1.2126441439019826,0.451741850191185,0.0
11.63805,12.36052,69.01188,4625.48358,-0.06306,49.35783,1.2127162270847658,0.45176870307339434,0.0
11.67825,12.40835,68.9991,4624.83205,-0.14806,49.37005,1.2145559516115088,0.4524540488656717,0.0
11.71843,12.45619,68.97603,4624.20039,-0.23304,49.38231,1.2181702817175428,0.453800481928918,0.0
11.7586,12.50403,68.94268,4623.58759,-0.31796,49.39463,1.2235732622516409,0.45581323433884313,0.0
11.79875,12.55189,68.89906,4622.99261,-0.4028,49.40701,1.2307860898053071,0.45850020238349853,0.0
11.83889,12.59975,68.84519,4622.41443,-0.48751,49.41944,1.2398372226482566,0.46187198751713515,0.0
11.87901,12.64762,68.78108,4621.85197,-0.57207,49.43193,1.2507625297638685,0.4659419518798315,0.0
11.91911,12.69551,68.70676,4621.30413,-0.65643,49.44448,1.2636054794023657,0.47072628853851395,0.0
11.9592,12.7434,68.62225,4620.76976,-0.74056,49.45707,1.2784173676868336,0.4762441066487142,0.0
11.99928,12.79131,68.5276,4620.2477,-0.82442,49.46973,1.2952575878973924,0.4825175317700082,0.0
12.03934,12.83922,68.42283,4619.73671,-0.90798,49.48244,1.3141939411229717,0.4895718215919764,0.0
12.07938,12.88715,68.30799,4619.23553,-0.99119,49.4952,1.3353029890091253,0.49743549734204556,0.0
12.11941,12.93508,68.18313,4618.74283,-1.07401,49.50802,1.3586704493273425,0.5061404911454657,0.0
12.15943,12.98303,68.04829,4618.25721,-1.1564,49.52089,1.3843916350364986,0.5157223095872528,0.0
12.19943,13.03099,67.90354,4617.77723,-1.23832,49.53382,1.4125719374047938,0.5262202136878227,0.0
12.23941,13.07896,67.74893,4617.30135,-1.31971,49.5468,1.443327353578033,0.5376774154360564,0.0
12.27938,13.12694,67.58454,4616.82796,-1.40053,49.55984,1.4767850587238225,0.5501412909280667,0.0
12.31934,13.17493,67.41043,4616.35536,-1.48072,49.57293,1.5130840225093565,0.5636636100213963,0.0
12.35928,13.22294,67.2267,4615.88178,-1.56024,49.58608,1.5523756691948059,0.5783007822371704,0.0
12.3992,13.27095,67.03342,4615.4053,-1.63902,49.59928,1.5948245799879928,0.5941141184056952,0.0
12.43911,13.31898,66.8307,4614.92394,-1.717,49.61254,1.6406092355092297,0.6111701072541444,0.0
12.479,13.36702,66.61863,4614.43556,-1.79413,49.62585,1.6899227952072227,0.6295407057594924,0.0
12.51888,13.41506,66.39732,4613.93791,-1.87033,49.63922,1.7429739093256518,0.6493036416274283,0.0
12.55874,13.46313,66.1669,4613.42862,-1.94554,49.65264,1.799987557499735,0.6705427256916412,0.0
12.59859,13.5112,65.92749,4612.90513,-2.01967,49.66611,1.861205906207936,0.6933481713371422,0.0
12.63842,13.55928,65.67924,4612.36476,-2.09265,49.67964,1.9268891750897386,0.7178169172264299,0.0
12.67824,13.60737,65.42228,4611.80462,-2.16439,49.69322,1.9973164994762684,0.7440529486148415,0.0
12.71803,13.65548,65.15677,4611.22168,-2.23481,49.70685,2.072786773340184,0.7721676113715656,0.0
12.75782,13.7036,64.88289,4610.61267,-2.3038,49.72054,2.153619453158307,0.8022799114396241,0.0
12.79758,13.75172,64.60082,4609.97415,-2.37126,49.73427,2.2401552988582356,0.834516790857981,0.0
12.83733,13.79986,64.31075,4609.30243,-2.4371,49.74807,2.3327570229914882,0.869013369595618,0.0
12.87706,13.84801,64.0129,4608.59359,-2.50118,49.76191,2.431809813494643,0.9059131402938154,0.0
12.91677,13.89616,63.70748,4607.84346,-2.56339,49.7758,2.5377216888117835,0.9453681005586054,0.0
12.95647,13.94433,63.39473,4607.04761,-2.6236,49.78975,2.6509236366788684,0.9875388046616027,0.0
12.99614,13.9925,63.07491,4606.20132,-2.68166,49.80375,2.7718694795320657,1.0325943134010669,0.0
13.0358,14.04069,62.74829,4605.29958,-2.73744,49.8178,2.90103540027265,1.0807120174368485,0.0
13.07544,14.08888,62.41517,4604.33706,-2.79078,49.83189,3.038919052047146,1.1320773056600706,0.0
13.11506,14.13708,62.07586,4603.30811,-2.84151,49.84604,3.1860381648992013,1.1868830461342894,0.0
13.15465,14.18529,61.73068,4602.20676,-2.88945,49.86024,3.34292855082014,1.245328842924335,0.0
13.19423,14.2335,61.38,4601.02666,-2.93442,49.87449,3.5101413970819144,1.307620027791619,0.0
13.23379,14.28172,61.02419,4599.76112,-2.97623,49.88878,3.688239726273974,1.373966341464728,0.0
13.27332,14.32995,60.66366,4598.40309,-3.01466,49.90312,3.8777938906769043,1.444580255175052,0.0
13.31285,14.37816,60.29725,4596.94826,-3.07606,49.86046,4.080297358624042,1.5200181251722746,-49.999999147091955
13.35241,14.42633,59.92372,4595.39149,-3.13502,49.81482,4.2974736856183515,1.6009220212307254,-49.999999147091955
13.39199,14.47445,59.5434,4593.72364,-3.19136,49.76595,4.5303170269246085,1.6876622923443325,-49.999999147091955
13.4316,14.52253,59.15663,4591.93501,-3.2449,49.71364,4.7798607792243,1.7806239059672533,-49.999999147091955
13.47123,14.57057,58.76376,4590.01523,-3.29542,49.65763,5.047181052300643,1.880207741307888,-49.999999147091955
13.5109,14.61854,58.3652,4587.95329,-3.34271,49.59764,5.333391629257373,1.9868287118777754,-49.999999147091955
13.5506,14.66646,57.96136,4585.73745,-3.38654,49.53338,5.639637077810212,2.1009131992664116,-49.999999147091955
13.59033,14.71432,57.55269,4583.35532,-3.42667,49.46456,5.96708368678919,2.222895676749887,-49.999999147091955
13.63011,14.76211,57.13967,4580.79374,-3.46283,49.39085,6.316907874888879,2.353214391245371,-49.999999147091955
13.66992,14.80983,56.72282,4578.03885,-3.49476,49.31191,6.690281697446074,2.4923059642044496,-49.999999147091955
13.70977,14.85747,56.30267,4575.07608,-3.52216,49.22738,7.0883550650413305,2.6405987675743496,-49.999999147091955
13.74967,14.90502,55.87981,4571.89013,-3.54473,49.13687,7.512234289376809,2.7985049315729373,-49.999999147091955
13.78962,14.95249,55.45487,4568.46503,-3.56217,49.04,7.962956592138955,2.9664108485693594,-49.999999147091955
13.82962,14.99985,55.0285,4564.78418,-3.57413,48.93635,8.441460257478115,3.1446660540973603,-49.999999147091955
13.86967,15.04711,54.60141,4560.83041,-3.58028,48.82549,8.948550185039986,3.3335703944531483,-49.999999147091955
13.90978,15.09426,54.17433,4556.58603,-3.58028,48.70698,9.484858715104574,3.5333594330289007,-49.999999147091955
13.94996,15.14128,53.74804,4552.033,-3.57375,48.58038,10.050801757711318,3.7441881072575574,-49.999999147091955
13.9902,15.18817,53.32338,4547.15302,-3.56034,48.44522,10.646530469831784,3.9661127270882073,-49.999999147091955
14.03051,15.23492,52.90121,4541.92768,-3.53968,48.30103,11.27187899363175,4.19907150611362,-49.999999147091955
14.07089,15.28152,52.48244,4536.33868,-3.51141,48.14737,11.926309096668028,4.442863938586959,-49.999999147091955
14.11135,15.32796,52.06802,4530.36805,-3.47516,47.98376,12.60885293891487,4.697129478633233,-49.999999147091955
14.15189,15.37422,51.65894,4523.99841,-3.43061,47.80977,13.318055623838617,4.96132613901302,-49.999999147091955
14.19252,15.4203,51.25622,4517.21325,-3.37741,47.62498,14.051919655180118,5.234709799812497,-49.999999147091955
14.23323,15.46618,50.86093,4509.99724,-3.31526,47.42899,14.807853892965364,5.516315193214349,-49.999999147091955
14.27405,15.51186,50.47415,4502.33663,-3.2439,47.22144,15.582630046451133,5.8049396959752855,-49.999999147091955
14.31495,15.55731,50.09699,4494.21958,-3.16308,47.00202,16.372350113604572,6.099131199775461,-49.999999147091955
14.35597,15.60252,49.73058,4485.63657,-3.07264,46.77048,17.17242842272469,6.397181421249973,-49.999999147091955
14.39709,15.64749,49.37605,4476.58079,-2.97243,46.52662,17.977591993425968,6.697126036464753,-49.999999147091955
14.43831,15.69219,49.03455,4467.04854,-2.8624,46.27034,18.781902752413046,6.9967529568771685,-49.999999147091955
14.47966,15.73661,48.70721,4457.0396,-2.74256,46.00161,19.578804662842227,7.293619886263226,-49.999999147091955
14.52112,15.78075,48.39513,4446.5576,-2.613,45.72052,20.361198018793086,7.585081997363067,-49.999999147091955
14.5627,15.82457,48.09941,4435.61028,-2.47391,45.42723,21.12154200876295,7.868330139481254,-49.999999147091955
14.6044,15.86808,47.82109,4424.20975,-2.32555,45.12204,21.85198518863051,8.140439443098666,-49.999999147091955
14.64622,15.91125,47.56117,4412.37265,-2.16832,44.80535,22.54452179103732,8.398427549229872,-49.999999147091955
14.68817,15.95408,47.32056,4400.12019,-2.00267,44.47771,23.19116994284195,8.639321000113965,-49.999999147091955
14.73025,15.99655,47.10014,4387.47814,-1.82919,44.13975,23.78416601221468,8.860227638620925,-49.999999147091955
14.77246,16.03864,46.90066,4374.47662,-1.64854,43.79226,24.31616763616775,9.058412241348616,-49.999999147091955
14.81479,16.08036,46.7228,4361.14991,-1.4615,43.4361,24.780456670681225,9.2313721228846,-49.999999147091955
14.85725,16.12168,46.56713,4347.53602,-1.26891,43.07226,25.171132528263026,9.37690915913429,-49.999999147091955
14.89983,16.16261,46.43411,4333.67619,-1.07171,42.70183,25.483286251343742,9.493194634240615,-49.999999147091955
14.94253,16.20313,46.32406,4319.61437,-0.87089,42.32596,25.71314628351359,9.578823544205326,-49.999999147091955
14.98536,16.24323,46.23719,4305.39652,-0.66748,41.94587,25.858188235941025,9.63285548776799,-49.999999147091955
15.0283,16.28292,46.1736,4291.06989,-0.46257,41.56283,25.917202914076437,9.654840008143065,-49.999999147091955
15.07135,16.32218,46.13323,4276.68235,-0.25724,41.17812,25.8903193064025,9.644825156934237,-49.999999147091955
15.11452,16.36102,46.11592,4262.28158,-0.05261,40.79303,25.778981923683943,9.603349052408728,-49.999999147091955
15.15779,16.39944,46.12137,4247.91439,0.15027,40.40886,25.585884568252894,9.531415206813461,-49.999999147091955
15.20116,16.43744,46.14918,4233.62601,0.35033,40.02684,25.31486506681862,9.43045331157694,-49.999999147091955
15.24462,16.47502,46.19884,4219.45953,0.54657,39.64817,24.97076751105169,9.302267918302176,-49.999999147091955
15.28817,16.51219,46.26971,4205.45531,0.73804,39.274,24.55927997023094,9.14897798245764,-49.999999147091955
15.33181,16.54894,46.36109,4191.6506,0.92388,38.90536,24.08675639423103,8.97295051755413,-49.999999147091955
15.37553,16.58529,46.47219,4178.07913,1.10327,38.54322,23.56003151281948,8.776731640262607,-49.999999147091955
15.41932,16.62125,46.60214,4164.77093,1.27552,38.18845,22.98623702407451,8.562978095763478,-49.999999147091955
15.46318,16.65682,46.75,4151.7522,1.44,37.84181,22.372626367090195,8.33439198096876,-49.999999147091955
15.5071,16.69201,46.91481,4139.04518,1.59618,37.50395,21.72641403693946,8.093660885117902,-49.999999147091955
15.55108,16.72683,47.09553,4126.6683,1.74362,37.17543,21.054633878044573,7.843405100329787,-49.999999147091955
15.59512,16.7613,47.29114,4114.63621,1.88198,36.85668,20.364019230105804,7.586132972807591,-49.999999147091955
15.63921,16.79542,47.50056,4102.95998,2.01098,36.54805,19.660906320982225,7.324204914145012,-49.999999147091955
15.68334,16.82921,47.72271,4091.64733,2.13046,36.24978,18.951160994299,7.059806105432055,-49.999999147091955
15.72751,16.86267,47.95652,4080.70289,2.24031,35.96204,18.240127784440723,6.794927526350146,-49.999999147091955
15.77171,16.89583,48.20091,4070.12846,2.3405,35.68488,17.532599534146293,6.531354636926807,-49.999999147091955
15.81595,16.92868,48.45482,4059.92332,2.43105,35.41831,16.832805190506416,6.27066283122362,-49.999999147091955
15.86022,16.96125,48.7172,4050.08453,2.51207,35.16226,16.144413093564054,6.014218662426424,-49.999999147091955
15.90452,16.99355,48.98702,4040.60723,2.58367,34.9166,15.470546954740858,5.763185795229576,-49.999999147091955
15.94884,17.02558,49.2633,4031.48492,2.64604,34.68114,14.81381176998617,5.518534659165778,-49.999999147091955
15.99318,17.05736,49.54506,4022.70971,2.69941,34.45567,14.176327083052637,5.281054840051441,-49.999999147091955
16.03754,17.08889,49.83135,4014.27262,2.744,34.23993,13.559765268370867,5.051369341364788,-49.999999147091955
16.08192,17.1202,50.12129,4006.16377,2.78009,34.03362,12.965392805708728,4.829949960142436,-49.999999147091955
16.12631,17.15129,50.414,3998.37261,2.80796,33.83644,12.394112841694799,4.6171331422667485,-49.999999147091955
16.17071,17.18217,50.70864,3990.8881,2.82791,33.64805,11.846507654186464,4.413135801560257,-49.999999147091955
16.21512,17.21284,51.00443,3983.69888,2.84026,33.46813,11.322879938450129,4.218070699974085,-49.999999147091955
16.25955,17.24333,51.30059,3976.79341,2.84532,33.29631,10.823292108675043,4.031961088435947,-49.999999147091955
16.30398,17.27364,51.59641,3970.16009,2.8434,33.13225,10.347603048731786,3.854754397474644,-49.999999147091955
16.34841,17.30377,51.8912,3963.78737,2.83482,32.97559,9.895501949892346,3.6863348426611227,-49.999999147091955
16.39286,17.33373,52.18431,3957.66382,2.81988,32.82598,9.466539040870293,3.526534872356992,-49.999999147091955
16.4373,17.36354,52.47511,3951.77824,2.79891,32.68309,9.060153149248944,3.3751454350717016,-49.999999147091955
16.48175,17.3932,52.76303,3946.11967,2.77221,32.54656,8.67569613630002,3.231925082075415,-49.999999147091955
16.52621,17.42272,53.0475,3940.67747,2.74005,32.41607,8.312454323427874,3.096607949313235,-49.999999147091955
16.57066,17.45209,53.32801,3935.44133,2.70274,32.2913,7.969667081952686,2.968910682588587,-49.999999147091955
16.61509,17.48139,53.60721,3930.39421,2.72148,32.30276,7.643147358931643,2.8472734945122795,0.0
16.65944,17.51067,53.88762,3925.52224,2.7331,32.31425,7.32937079442177,2.7303834682740615,0.0
16.70374,17.53993,54.16853,3920.81996,2.7379,32.32576,7.028569775947575,2.6183271743412972,0.0
16.74798,17.56916,54.44926,3916.28181,2.73613,32.3373,6.740828141754247,2.511135844666237,0.0
16.79216,17.59838,54.72917,3911.9021,2.72807,32.34886,6.466122471636463,2.4088007546061743,0.0
16.83628,17.62758,55.00763,3907.67514,2.71401,32.36045,6.204338422876361,2.311279308490168,0.0
16.88035,17.65677,55.28407,3903.59522,2.6942,32.37207,5.955285773351056,2.2185006435723977,0.0
16.92437,17.68594,55.55792,3899.65673,2.66893,32.38372,5.7187121045279286,2.130370727307932,0.0
16.96834,17.7151,55.82865,3895.85411,2.63845,32.39541,5.494315107351089,2.0467769416192225,0.0
17.01226,17.74424,56.09577,3892.18193,2.60302,32.40712,5.281753533109324,1.9675921623825463,0.0
17.05613,17.77338,56.3588,3888.6349,2.56291,32.41887,5.080656840621448,1.892678353258389,0.0
17.09996,17.8025,56.61728,3885.20787,2.51835,32.43066,4.890633611908572,1.8218897007507855,0.0
17.14374,17.83162,56.8708,3881.89585,2.46957,32.44248,4.71127882232222,1.7550753225213402,0.0
17.18748,17.86072,57.11895,3878.69403,2.41682,32.45434,4.542180059187673,1.6920815839974888,0.0
17.23118,17.88982,57.36136,3875.59777,2.3603,32.46623,4.382922786543335,1.6327540596264392,0.0
17.27484,17.91892,57.59767,3872.6026,2.30023,32.47817,4.233094753639936,1.5769391751571187,0.0
17.31846,17.94801,57.82754,3869.70423,2.23681,32.49014,4.092289642276694,1.5244855663688603,0.0
17.36204,17.97709,58.05067,3866.89856,2.17024,32.50216,3.9601100436728056,1.475245188034361,0.0
17.40559,18.00617,58.26675,3864.18164,2.1007,32.51422,3.836169849877032,1.4290742047826723,0.0
17.4491,18.03524,58.47551,3861.5497,2.02838,32.52632,3.7200961383225017,1.3858336931454514,0.0
17.49258,18.06432,58.6767,3858.99911,1.95344,32.53846,3.6115306213297926,1.3453901815349976,0.0
17.53602,18.09339,58.87006,3856.52642,1.87605,32.55064,3.510130725463737,1.3076160523330607,0.0
17.57943,18.12246,59.05538,3854.12831,1.79636,32.56287,3.4155703589056188,1.2723898277571775,0.0
17.62281,18.15153,59.23245,3851.8016,1.71452,32.57514,3.327540418510489,1.239596358752861,0.0
17.66616,18.1806,59.40105,3849.54325,1.63067,32.58746,3.245749082137541,1.2091269338943582,0.0
17.70948,18.20967,59.56102,3847.35033,1.54496,32.59982,3.1699219261719027,1.180879323164609,0.0
17.75276,18.23874,59.71219,3845.22004,1.45751,32.61223,3.0998019030004724,1.1547577695644038,0.0
17.79602,18.26781,59.85439,3843.14968,1.36846,32.62468,3.0351492085125846,1.1306729397528934,0.0
17.83925,18.29689,59.98749,3841.13664,1.27791,32.63718,2.9757410654897583,1.1085418433545726,0.0
17.88246,18.32597,60.11134,3839.17841,1.18599,32.64973,2.9213714450116597,1.0882877291756696,0.0
17.92563,18.35505,60.22584,3837.27255,1.0928,32.66232,2.871850744693588,1.0698399653391442,0.0
17.96878,18.38413,60.33086,3835.41672,0.99847,32.67496,2.8270054396692337,1.0531339092665832,0.0
18.01191,18.41322,60.42631,3833.60862,0.90308,32.68765,2.78667771969436,1.0381107724897698,0.0
18.055,18.44231,60.51209,3831.84601,0.80674,32.70038,2.7507251235420154,1.024717484453284,0.0
18.09808,18.4714,60.58814,3830.12671,0.70956,32.71317,2.719020179950327,1.012906558758108,0.0
18.14112,18.5005,60.65437,3828.44859,0.61162,32.726,2.691450062748175,1.0026359646868648,0.0
18.18415,18.52961,60.71072,3826.80954,0.51301,32.73888,2.667916266357353,0.9938690063198335,0.0
18.22714,18.55872,60.75714,3825.20747,0.41384,32.75181,2.6483343066645673,0.9865742111019025,0.0
18.27012,18.58783,60.79359,3823.64035,0.31419,32.76479,2.6326334511987546,0.9807252293265173,0.0
18.31307,18.61695,60.82003,3822.10611,0.21414,32.77782,2.6207564816600715,0.9763007456714815,0.0
18.356,18.64608,60.83644,3820.60273,0.11378,32.7909,2.6126594910492638,0.9732844036243107,0.0
18.3989,18.67521,60.84279,3819.12817,0.01321,32.80402,2.60831171696261,0.9716647433802111,0.0
18.44179,18.70435,60.83908,3817.68039,-0.0875,32.8172,2.607695411990837,0.9714351535622658,0.0
18.48465,18.7335,60.8253,3816.25732,-0.18826,32.83042,2.6108057516077205,0.9725938369075157,0.0
18.52748,18.76265,60.80147,3814.85689,-0.28899,32.84369,2.617650779384236,0.9751437898577879,0.0
18.5703,18.79181,60.76758,3813.47698,-0.38959,32.85702,2.6282513888545735,0.9790927958043104,0.0
18.61309,18.82098,60.72368,3812.11544,-0.48999,32.87039,2.642641340828678,0.9844534315370876,0.0
18.65586,18.85016,60.6698,3810.77008,-0.59009,32.88381,2.660867314405869,0.9912430862488176,0.0
18.69861,18.87934,60.60596,3809.43867,-0.68981,32.89728,2.682988989336983,0.9994839922169557,0.0
18.74134,18.90853,60.53223,3808.11888,-0.78906,32.9108,2.709079156761729,1.0092032660562933,0.0
18.78405,18.93773,60.44865,3806.80836,-0.88775,32.92437,2.739223854583861,1.0204329591497723,0.0
18.82673,18.96693,60.35531,3805.50466,-0.98578,32.93799,2.773522522954517,1.0332101155701199,0.0
18.86939,18.99615,60.25227,3804.20526,-1.08306,32.95165,2.8120881743650674,1.047576835443909,0.0
18.91203,19.02537,60.13962,3802.90752,-1.17949,32.96537,2.855047571777953,1.0635803413099825,0.0
18.95465,19.0546,60.01746,3801.60873,-1.27496,32.97913,2.9025414069799855,1.0812730445607521,0.0
18.99725,19.08383,59.88589,3800.30607,-1.36939,32.99295,2.954724469900832,1.1007126085177872,0.0
19.03982,19.11308,59.74504,3798.99659,-1.46264,33.00681,3.0117657980231196,1.1219620040910092,0.0
19.08238,19.14233,59.59503,3797.67722,-1.55462,33.02071,3.073848793133718,1.1450895532716192,0.0
19.12491,19.17159,59.436,3796.34474,-1.64521,33.03467,3.1411712905637024,1.1701689549258036,0.0
19.16741,19.20086,59.2681,3794.99582,-1.73428,33.04867,3.2139455636862952,1.1972792864703363,0.0
19.2099,19.23013,59.0915,3793.62695,-1.82171,33.06272,3.2923982437740187,1.2265049740172596,0.0
19.25236,19.25942,58.90637,3792.23446,-1.90737,33.07682,3.376770132381302,1.257935722481468,0.0
19.2948,19.28871,58.7129,3790.81451,-1.99113,33.09096,3.467315880157442,1.291666395930087,0.0
19.33721,19.318,58.5113,3789.36308,-2.07283,33.10515,3.5643035024750547,1.3277968371413245,0.0
19.3796,19.34731,58.3018,3787.87595,-2.15233,33.11938,3.668013698460041,1.3664316139252175,0.0
19.42197,19.37662,58.08461,3786.34873,-2.22948,33.13366,3.778738935987605,1.4076796782605723,0.0
19.46431,19.40593,57.85999,3784.77679,-2.30411,33.14798,3.8967822610626843,1.4516539227578482,0.0
19.50662,19.43526,57.62822,3783.15531,-2.37606,33.16235,4.022455785720377,1.4984706173622817,0.0
19.54891,19.46458,57.38956,3781.47923,-2.44514,33.17676,4.156078804459656,1.5482487076758837,0.0
19.59118,19.49392,57.14433,3779.74329,-2.51118,33.19121,4.2979754852508005,1.6011089547969555,0.0
19.63341,19.52326,56.89285,3777.94197,-2.57398,33.20571,4.4484720777026965,1.6571728952889513,0.0
19.67562,19.5526,56.63546,3776.06954,-2.63334,33.22024,4.607893578241542,1.7165615988718013,0.0
19.7178,19.58195,56.37251,3774.12004,-2.68906,33.23482,4.77655979049546,1.7793942008115191,0.0
19.75995,19.6113,56.10439,3772.08727,-2.74093,33.24943,4.954780718960309,1.8457861859395235,0.0
19.80207,19.64065,55.8315,3769.9648,-2.78872,33.26408,5.142851235857633,1.9158474019168938,0.0
19.84416,19.67001,55.55427,3767.74601,-2.8322,33.27877,5.341044965538698,1.989679781013966,0.0
19.88621,19.69937,55.27315,3765.42405,-2.87114,33.2935,5.549607338408916,2.0673747525144193,0.0
19.92824,19.72873,54.98861,3762.99189,-2.9053,33.30826,5.768747777871284,2.149010332146131,0.0
19.97023,19.75808,54.70113,3760.44234,-2.93444,33.32306,5.998630999936682,2.2346478809570938,0.0
20.01218,19.78744,54.41126,3757.76806,-2.95831,33.33788,6.239367426653928,2.3243285340658706,0.0
20.0541,19.8168,54.11951,3754.96162,-2.97665,33.35275,6.491002742043309,2.418069309972038,0.0
20.09597,19.84616,53.82647,3752.0155,-2.98922,33.36764,6.75350665333745,2.5158589238226963,0.0
20.13781,19.87551,53.53273,3748.92217,-2.99576,33.38256,7.026760961422867,2.617653343338069,0.0
20.17961,19.90486,53.2389,3745.67412,-2.99602,33.39751,7.3105470924949465,2.723371144024914,0.0
20.22137,19.9342,52.94563,3742.26394,-2.98977,33.41248,7.604533297726379,2.8328887407162204,0.0
20.26308,19.96354,52.65357,3738.68438,-2.97676,33.42748,7.908261788326258,2.9460355950422294,0.0
20.30475,19.99287,52.3634,3734.92842,-2.95676,33.4425,8.221136138237394,3.0625895226037234,0.0
20.34637,20.02219,52.07583,3730.98934,-2.92958,33.45754,8.542409353417826,3.182272248465474,0.0
20.38794,20.0515,51.79159,3726.86088,-2.89501,33.4726,8.871173072142087,3.304745383984312,0.0
20.42946,20.0808,51.5114,3722.53723,-2.85288,33.48769,9.206348420807315,3.429607020356296,0.0
20.47093,20.11009,51.23601,3718.01323,-2.80304,33.50278,9.546679099425985,3.556389152780832,0.0
20.51234,20.13936,50.96619,3713.28443,-2.74538,33.51789,9.890727304622752,3.68455616166972,0.0
20.55369,20.16862,50.70269,3708.3472,-2.67982,33.53301,10.2368731093955,3.813504581591829,0.0
20.59499,20.19786,50.4463,3703.19884,-2.60629,33.54814,10.583317901851316,3.9425643822927188,0.0
20.63622,20.22708,50.19776,3697.83772,-2.52481,33.56328,10.928092433882194,4.071001967038122,0.0
20.67739,20.25628,49.95786,3692.26335,-2.43541,33.57843,11.269069940662217,4.198025059971836,0.0
20.71849,20.28545,49.72732,3686.47647,-2.33818,33.59358,11.60398466000885,4.322789605065074,0.0
20.75953,20.31461,49.5069,3680.47917,-2.23327,33.60873,11.930455907058473,4.444408734566549,0.0
20.80049,20.34374,49.29729,3674.27492,-2.12088,33.62388,12.246017647219663,4.5619637857056805,0.0
20.84138,20.37284,49.09919,3667.86865,-2.00126,33.63903,12.548153265928443,4.674517253341273,0.0
20.8822,20.40191,48.91324,3661.26677,-1.87474,33.65418,12.834334968078101,4.781127467285783,0.0
20.92293,20.43095,48.74006,3654.4772,-1.74169,33.66932,13.10206696753612,4.880864681536766,0.0
20.96359,20.45996,48.58021,3647.50932,-1.60255,33.68445,13.348931365508301,4.972828165174633,0.0
21.00417,20.48893,48.4342,3640.37394,-1.45781,33.69958,13.57263538489395,5.056163798402783,0.0
21.04466,20.51787,48.30251,3633.08325,-1.30802,33.71469,13.77105844596816,5.130081609477873,0.0
21.08507,20.54677,48.18553,3625.65071,-1.15377,33.7298,13.94229745463541,5.1938726457759055,0.0
21.12538,20.57563,48.08359,3618.09094,-0.9957,33.74488,14.084708642556107,5.246924560340234,0.0
21.16561,20.60446,47.99699,3610.41954,-0.83451,33.75996,14.196944357640415,5.288735317308531,0.0
21.20575,20.63324,47.9259,3602.65297,-0.6709,33.77502,14.27798335577794,5.318924476379129,0.0
21.2458,20.66198,47.87046,3594.80835,-0.50561,33.79006,14.327153384874993,5.337241605959109,0.0
21.28575,20.69068,47.83074,3586.90324,-0.3394,33.80509,14.344145167194764,5.343571491953924,0.0
21.32561,20.71933,47.8067,3578.95551,-0.17304,33.8201,14.329017256191213,5.337935947065807,0.0
21.36537,20.74794,47.79827,3570.98304,-0.00727,33.83509,14.28219164487688,5.320492174795233,0.0
21.40504,20.77651,47.80528,3563.00361,0.15713,33.85006,14.204440407403066,5.291527793078058,0.0
21.44461,20.80503,47.8275,3555.03463,0.31943,33.86502,14.096864036666203,5.25145276447391,0.0
21.48409,20.8335,47.86463,3547.09301,0.47893,33.87996,13.960862474153517,5.2007886040214615,0.0
21.52347,20.86193,47.91631,3539.195,0.63493,33.89488,13.798100093829877,5.140155334814939,0.0
21.56275,20.89031,47.98214,3531.35598,0.7868,33.90978,13.61046608651948,5.070256730143958,0.0
21.60194,20.91865,48.06163,3523.59042,0.93395,33.92467,13.40003178845479,4.991864417255248,0.0
21.64103,20.94694,48.15426,3515.91171,1.07581,33.93954,13.169006508279141,4.905801421748858,0.0
21.68003,20.97519,48.25947,3508.33213,1.2119,33.9544,12.919693338123103,4.812925706041431,0.0
21.71894,21.00339,48.37665,3500.86275,1.34177,33.96925,12.654446298550752,4.71411420473109,0.0
21.75775,21.03155,48.50518,3493.51347,1.46503,33.98409,12.375629979982682,4.610247789965625,0.0
21.79648,21.05967,48.64438,3486.29291,1.58135,33.99891,12.085582621836824,4.502197517450999,0.0
21.83511,21.08775,48.79357,3479.20852,1.69045,34.01373,11.786583332538074,4.390812415042436,0.0
21.87366,21.11578,48.95205,3472.26655,1.79211,34.02854,11.480823914491683,4.276908986805684,0.0
21.91212,21.14378,49.1191,3465.47208,1.88616,34.04334,11.170385531492958,4.16126252101321,0.0
21.9505,21.17174,49.294,3458.82914,1.97248,34.05814,10.8572202524732,4.044600214703951,0.0
21.98879,21.19966,49.47601,3452.3407,2.05099,34.07294,10.543137331644042,3.927596062676079,0.0
22.02701,21.22755,49.66442,3446.0088,2.12167,34.08773,10.229793945334098,3.8108674067149395,0.0
22.06515,21.2554,49.8585,3439.83457,2.18452,34.10253,9.918690000904332,3.694973001777429,0.0
22.1032,21.28322,50.05754,3433.81836,2.23959,34.11733,9.611166561959175,3.5804124293417035,0.0
22.14119,21.311,50.26083,3427.95979,2.28696,34.13213,9.308407393694019,3.467626673089785,0.0
22.1791,21.33876,50.46768,3422.25784,2.32674,34.14694,9.011443118521438,3.3569996669876634,0.0
22.21694,21.36649,50.67742,3416.71093,2.35907,34.16176,8.721157480323916,3.2488606288842665,0.0
22.25471,21.39419,50.88938,3411.31698,2.38409,34.17659,8.438295240981201,3.143487002175665,0.0
22.29241,21.42186,51.10292,3406.07348,2.40198,34.19143,8.163471270511108,3.0411078421216975,0.0
22.33005,21.44951,51.31742,3400.97758,2.41294,34.20628,7.897180437920766,2.941907500448307,0.0
22.36763,21.47713,51.53228,3396.02613,2.41717,34.22114,7.639807960013089,2.846029480550244,0.0
22.40514,21.50473,51.74692,3391.21574,2.41488,34.23602,7.391639917009536,2.7535803548372253,0.0
22.44259,21.53231,51.96077,3386.54282,2.40628,34.25092,7.152873694290386,2.6646336545569262,0.0
22.47998,21.55987,52.1733,3382.00365,2.39162,34.26584,6.923628157417838,2.579233660258807,0.0
22.51732,21.58741,52.38399,3377.59439,2.37111,34.28078,6.703953411321805,2.497399037347602,0.0
22.5546,21.61493,52.59235,3373.31114,2.34499,34.29574,6.493840033658668,2.4191262757523946,0.0
22.59183,21.64244,52.7979,3369.14996,2.3135,34.31072,6.293227706430004,2.3443929054317096,0.0
22.62901,21.66993,53.00021,3365.1069,2.27686,34.32572,6.10201319886316,2.273160470206571,0.0
22.66613,21.6974,53.19883,3361.17802,2.2353,34.34075,5.920057678674775,2.2053772513985264,0.0
22.70321,21.72486,53.39337,3357.35939,2.18905,34.35581,5.747193348345083,2.140980740016448,0.0
22.74024,21.75231,53.58343,3353.64715,2.13834,34.37089,5.583229418360263,2.0798998619464615,0.0
22.77722,21.77975,53.76865,3350.03747,2.08338,34.386,5.427957441152179,2.0220569649848503,0.0
22.81415,21.80718,53.94868,3346.52661,2.02439,34.40114,5.281156037974328,1.9673695797237172,0.0
22.85104,21.83459,54.12319,3343.11088,1.96158,34.41631,5.142595056875686,1.9157519685056437,0.0
22.88789,21.862,54.29187,3339.78668,1.89515,34.43151,5.012039203580862,1.867116478022081,0.0
22.92469,21.8894,54.45444,3336.5505,1.82531,34.44675,4.889251188967902,1.821374711831649,0.0
22.96146,21.91679,54.61062,3333.39889,1.75225,34.46201,4.773994437280883,1.7784385392405841,0.0
22.99818,21.94417,54.76014,3330.3285,1.67616,34.47731,4.66603539857926,1.738220956750964,0.0
23.03486,21.97155,54.90278,3327.33606,1.59721,34.49265,4.56514550741121,1.700636817718066,0.0
23.07151,21.99892,55.0383,3324.41837,1.5156,34.50801,4.471102827681417,1.6656034451068935,0.0
23.10812,22.02629,55.16649,3321.57231,1.43149,34.52342,4.383693421176264,1.6330411413038226,0.0
23.14469,22.05365,55.28717,3318.79486,1.34505,34.53886,4.302712474531429,1.6028736079416785,0.0
23.18122,22.08101,55.40015,3316.08303,1.25644,34.55433,4.227965216568376,1.5750282876317194,0.0
23.21772,22.10836,55.50526,3313.43392,1.16583,34.56985,4.159267655066548,1.5494366384306606,0.0
23.25418,22.13571,55.60235,3310.84469,1.07337,34.5854,4.096447159231929,1.5260343508255403,0.0
23.29061,22.16306,55.69127,3308.31253,0.9792,34.60098,4.0393429113563615,1.5047615159887033,0.0
23.327,22.19041,55.77192,3305.83472,0.88349,34.61661,3.987806248599022,1.485562753100386,0.0
23.36336,22.21775,55.84416,3303.40855,0.78636,34.63228,3.941700913319691,1.468387302604455,0.0
23.39969,22.2451,55.90789,3301.03136,0.68796,34.64798,3.900903228127814,1.4531890914187786,0.0
23.43599,22.27244,55.96304,3298.70051,0.58843,34.66372,3.865302209663097,1.4399267753215,0.0
23.47225,22.29978,56.0095,3296.4134,0.48791,34.67951,3.8347996331421426,1.4285637629963541,0.0
23.50848,22.32713,56.04723,3294.16744,0.38652,34.69533,3.809310057887912,1.4190682255430647,0.0
23.54469,22.35447,56.07615,3291.96005,0.2844,34.71119,3.7887608223794365,1.4114130946332306,0.0
23.58086,22.38181,56.09623,3289.78866,0.18167,34.72709,3.773092015784461,1.4055760519054887,0.0
23.617,22.40916,56.10744,3287.65068,0.07848,34.74304,3.7622564315176104,1.401539511664706,0.0
23.65311,22.4365,56.10974,3285.54353,-0.02507,34.75902,3.7562195069903175,1.3992905984372457,0.0
23.68919,22.46385,56.10312,3283.4646,-0.12884,34.77504,3.7549592524676325,1.3988211204682532,0.0
23.72524,22.4912,56.08759,3281.41128,-0.2327,34.79111,3.75846617072163,1.4001275397904398,0.0
23.76126,22.51854,56.06314,3279.3809,-0.33653,34.80721,3.7667431680125745,1.403210939062222,0.0
23.79725,22.54589,56.02981,3277.37077,-0.4402,34.82336,3.779805455783306,1.4080769849462957,0.0
23.83321,22.57325,55.98762,3275.37816,-0.54358,34.83955,3.7976804413138185,1.4147358873755866,0.0
23.86914,22.6006,55.9366,3273.40028,-0.64655,34.85577,3.8204076044681714,1.423202353638235,0.0
23.90504,22.62796,55.87682,3271.43428,-0.74898,34.87204,3.848038356473925,1.4334955357692178,0.0
23.94092,22.65531,55.80834,3269.47725,-0.85073,34.88835,3.8806358755140513,1.4456389693040106,0.0
23.97676,22.68267,55.73122,3267.52621,-0.95168,34.9047,3.918274912654201,1.4596605009813863,0.0
24.01258,22.71004,55.64555,3265.57809,-1.05168,34.92108,3.9610415603246003,1.4755922024968329,0.0
24.04837,22.7374,55.55144,3263.62977,-1.15061,34.93751,4.009032974230114,1.4934702669067328,0.0
24.08412,22.76477,55.44899,3261.67799,-1.24831,34.95398,4.062357038116472,1.513334883744963,0.0
24.11985,22.79213,55.33831,3259.71941,-1.34465,34.97049,4.121131959306156,1.5352300883493695,0.0
24.15555,22.8195,55.21955,3257.75061,-1.43948,34.98703,4.185485781352432,1.559203580312572,0.0
24.19122,22.84688,55.09285,3255.76801,-1.53265,35.00362,4.255555798510894,1.5853065053572093,0.0
24.22686,22.87425,54.95836,3253.76795,-1.62401,35.02024,4.331487855034081,1.613593194304745,0.0
24.26247,22.90162,54.81627,3251.74665,-1.71339,35.0369,4.413435510604045,1.6441208521771418,0.0
24.29805,22.929,54.66675,3249.70016,-1.80064,35.0536,4.501559051486246,1.676949189825669,0.0
24.33359,22.95638,54.51,3247.62444,-1.8856,35.07033,4.596024325368624,1.7121399898778011,0.0
24.36911,22.98375,54.34624,3245.5153,-1.96808,35.08711,4.697001376304232,1.7497565982174264,0.0
24.4046,23.01113,54.1757,3243.36841,-2.04791,35.10391,4.804662854830174,1.7898633317123256,0.0
24.44005,23.03851,53.99862,3241.17929,-2.12492,35.12075,4.919182177283473,1.832524792510899,0.0
24.47547,23.06589,53.81526,3238.94333,-2.19891,35.13763,5.0407314076524745,1.8778050789760812,0.0
24.51086,23.09327,53.62589,3236.65576,-2.2697,35.15454,5.1694788351741785,1.9257668832766106,0.0
24.54622,23.12064,53.43081,3234.3117,-2.3371,35.17149,5.305586221418329,1.9764704658534205,0.0
24.58154,23.14802,53.23032,3231.9061,-2.4009,35.18846,5.449205692018585,2.029972497507714,0.0
24.61682,23.17539,53.02475,3229.4338,-2.4609,35.20547,5.600476250651276,2.086324760766332,0.0
24.65208,23.20277,52.81445,3226.88949,-2.51689,35.22251,5.75951989664378,2.1455727035887175,0.0
24.68729,23.23014,52.59976,3224.26778,-2.56866,35.23958,5.9264373328264375,2.207753840428824,0.0
24.72247,23.2575,52.38107,3221.56314,-2.61601,35.25667,6.101303257276704,2.272895998285928,0.0
24.75761,23.28486,52.15878,3218.76999,-2.6587,35.2738,6.284161241592774,2.3410154087267943,0.0
24.79272,23.31222,51.93329,3215.88264,-2.69654,35.29095,6.475018209555001,2.4121146510417804,0.0
24.82778,23.33957,51.70504,3212.89538,-2.72929,35.30813,6.673838543621367,2.4861804567593313,0.0
24.86281,23.36691,51.47448,3209.80248,-2.75674,35.32533,6.880537862780258,2.5631813917324218,0.0
24.89779,23.39425,51.24207,3206.59821,-2.77869,35.34255,7.094976533924949,2.643065438954829,0.0
24.93273,23.42158,51.00829,3203.27686,-2.79491,35.3598,7.316952999941446,2.7257575130983036,0.0
24.96763,23.4489,50.77365,3199.83284,-2.8052,35.37706,7.546197030987217,2.811156946436327,0.0
25.00248,23.47621,50.53866,3196.26065,-2.80936,35.39435,7.782363030407123,2.8991349951216656,0.0
25.03729,23.50351,50.30386,3192.55496,-2.80721,35.41165,8.025023552862645,2.989532424518955,0.0
25.07205,23.5308,50.06978,3188.71066,-2.79856,35.42896,8.273663218562909,3.082157242095639,0.0
25.10676,23.55808,49.83698,3184.72293,-2.78326,35.4463,8.52767323279293,3.176782655802031,0.0
25.14142,23.58534,49.60604,3180.58724,-2.76115,35.46364,8.786346742871705,3.273145344416045,0.0
25.17603,23.61259,49.37752,3176.29947,-2.7321,35.481,9.048875283460314,3.3709441333269297,0.0
25.21058,23.63982,49.15203,3171.85596,-2.69601,35.49836,9.314346573919979,3.4698391739931913,0.0
25.24509,23.66703,48.93014,3167.25353,-2.65279,35.51573,9.581743936164768,3.56945172707741,0.0
25.27953,23.69422,48.71245,3162.48961,-2.6024,35.53311,9.849947596087526,3.6693646472616415,0.0
25.31392,23.72139,48.49956,3157.56226,-2.5448,35.55049,10.117738114242664,3.76912366126702,0.0
25.34825,23.74855,48.29206,3152.47025,-2.48,35.56788,10.383802160393245,3.868239519024488,0.0
25.38252,23.77567,48.09053,3147.21311,-2.40806,35.58526,10.646740800751331,3.9661910808898764,0.0
25.41673,23.80278,47.89555,3141.7912,-2.32904,35.60264,10.905080405594171,4.062429381017929,0.0
25.45087,23.82986,47.70768,3136.20573,-2.24308,35.62002,11.157286209211446,4.156382678799435,0.0
25.48495,23.85691,47.52748,3130.45882,-2.15034,35.6374,11.401778465098774,4.2474624770958815,0.0
25.51895,23.88393,47.35547,3124.55354,-2.05103,35.65476,11.63695103979845,4.3350704489343554,0.0
25.55289,23.91092,47.19217,3118.49391,-1.94539,35.67212,11.861192182657838,4.418606174789041,0.0
25.58676,23.93788,47.03804,3112.28491,-1.83374,35.68947,12.07290710096064,4.497475552411594,0.0
25.62056,23.96481,46.89354,3105.9325,-1.7164,35.70681,12.27054186628598,4.5710997025789215,0.0
25.65428,23.9917,46.75908,3099.44356,-1.59377,35.72413,12.452608084827327,4.638924159436092,0.0
25.68792,24.01855,46.63504,3092.8259,-1.46627,35.74144,12.61770768848195,4.700428105829453,0.0
25.72149,24.04537,46.52176,3086.08818,-1.33437,35.75874,12.764557150594236,4.755133394308171,0.0
25.75498,24.07216,46.41954,3079.23987,-1.19857,35.77601,12.892010405646204,4.802613085311997,0.0
25.78839,24.0989,46.32861,3072.29116,-1.05941,35.79327,12.999079759506158,4.842499236789077,0.0
25.82172,24.1256,46.24918,3065.2529,-0.91744,35.81051,13.08495411778036,4.874489694736569,0.0
25.85496,24.15226,46.18141,3058.13647,-0.77326,35.82772,13.149013933935972,4.898353661769739,0.0
25.88812,24.17887,46.1254,3050.9537,-0.62747,35.84492,13.190842383428036,4.9139358597782765,0.0
25.9212,24.20545,46.08119,3043.71674,-0.48069,35.86209,13.210232399917723,4.921159151102723,0.0
25.95419,24.23198,46.04878,3036.43798,-0.33354,35.87924,13.207189358303976,4.920025538034358,0.0
25.9871,24.25846,46.02813,3029.12987,-0.18666,35.89637,13.181929348062361,4.910615519588488,0.0
26.01992,24.2849,46.01913,3021.80488,-0.04067,35.91348,13.134873140793074,4.8930858442573495,0.0
26.05266,24.31129,46.02164,3014.47532,0.10382,35.93056,13.06663610859917,4.867665754340746,0.0
26.08531,24.33764,46.03545,3007.15326,0.24621,35.94762,12.978014487034185,4.834651868532592,0.0
26.11787,24.36394,46.06032,2999.85045,0.38592,35.96465,12.869968490732314,4.794401892048886,0.0
26.15034,24.3902,46.09596,2992.57819,0.5224,35.98167,12.743602876494373,4.747327375865838,0.0
26.18273,24.41641,46.14206,2985.34725,0.65513,35.99866,12.600145604369986,4.693885767411503,0.0
26.21503,24.44257,46.19824,2978.16785,0.78362,36.01563,12.44092527153309,4.634572004090671,0.0
26.24725,24.46869,46.26411,2971.04953,0.90741,36.03258,12.267347987336233,4.569909898634129,0.0
26.27938,24.49476,46.33924,2964.00116,1.02609,36.04951,12.080874324243668,4.500443552714783,0.0
26.31142,24.52078,46.42319,2957.03087,1.13928,36.06642,11.882996922350756,4.426729014041883,0.0
26.34339,24.54676,46.51546,2950.14606,1.24664,36.08331,11.675219250505755,4.349326364320049,0.0
26.37527,24.5727,46.61557,2943.35335,1.34789,36.10019,11.459035940129874,4.268792393079803,0.0
26.40707,24.5986,46.723,2936.65861,1.44277,36.11705,11.235915014427622,4.185673977590837,0.0
26.43878,24.62445,46.83722,2930.06697,1.53107,36.13389,11.007282241207497,4.100502253876027,0.0
26.47042,24.65026,46.95768,2923.58281,1.61261,36.15073,10.774507746291292,4.013787629854173,0.0
26.50199,24.67603,47.08386,2917.20981,1.68728,36.16755,10.538894940477078,3.926015660342356,0.0
26.53347,24.70176,47.21518,2910.95096,1.75497,36.18436,10.301671738708608,3.837643775965509,0.0
26.56488,24.72745,47.35112,2904.80861,1.81562,36.20116,10.063983987432467,3.749098834674023,0.0
26.59621,24.7531,47.4911,2898.78453,1.86921,36.21796,9.826890965805417,3.660775445825101,0.0
26.62747,24.77872,47.63459,2892.87988,1.91574,36.23475,9.591362788576376,3.573035002687973,0.0
26.65867,24.8043,47.78105,2887.09533,1.95524,36.25153,9.3582795125319,3.4862053495713154,0.0
26.68979,24.82984,47.92993,2881.43106,1.98778,36.26832,9.128431733254937,3.4005810041316016,0.0
26.72084,24.85536,48.08071,2875.88682,2.01343,36.2851,8.902522453354697,3.316423853337871,0.0
26.75182,24.88084,48.23288,2870.46196,2.03229,36.30188,8.68117000560043,3.2339642424159862,0.0
26.78274,24.90628,48.38593,2865.15548,2.04449,36.31867,8.464911823038648,3.1534023793164856,0.0
26.8136,24.9317,48.53937,2859.96608,2.05017,36.33546,8.254208861658341,3.0749099822737516,0.0
26.84439,24.95709,48.69272,2854.89217,2.04947,36.35225,8.0494504979274,2.9986321042671826,0.0
26.87512,24.98245,48.84551,2849.93192,2.04256,36.36905,7.850959742485455,2.9246890752589647,0.0
26.9058,25.00779,48.9973,2845.08332,2.02962,36.38586,7.658998631158768,2.8531785104889567,0.0
26.93641,25.03309,49.14765,2840.34415,2.01083,36.40267,7.473773674498474,2.784177340571076,0.0
26.96696,25.05838,49.29615,2835.71206,1.98637,36.4195,7.295441266557893,2.7177438264051603,0.0
26.99746,25.08363,49.44239,2831.18458,1.95645,36.43634,7.124112971921739,2.653919528734456,0.0
27.02791,25.10887,49.58599,2826.75912,1.92125,36.45319,6.95986062698911,2.592731208507756,0.0
27.0583,25.13408,49.72658,2822.43302,1.881,36.47005,6.802721206714409,2.5341926398684467,0.0
27.08864,25.15927,49.86381,2818.20356,1.83589,36.48693,6.652701421518103,2.478306322624711,0.0
27.11893,25.18445,49.99733,2814.06798,1.78612,36.50383,6.5097820206917385,2.4250650853811364,0.0
27.14916,25.2096,50.12684,2810.02345,1.73191,36.52074,6.373921788579682,2.374453574221548,0.0
27.17935,25.23473,50.25201,2806.06716,1.67345,36.53767,6.24506122799813,2.3264496248795155,0.0
27.20949,25.25985,50.37258,2802.19625,1.61096,36.55462,6.123125932126769,2.2810255188567092,0.0
27.23958,25.28495,50.48826,2798.40787,1.54464,36.57159,6.008029651374443,2.238149125911062,0.0
27.26962,25.31003,50.5988,2794.69917,1.47469,36.58858,5.899677065844748,2.197784936873145,0.0
27.29962,25.33509,50.70395,2791.06731,1.40131,36.60559,5.79796627705053,2.1598949918753823,0.0
27.32958,25.36015,50.80349,2787.50943,1.3247,36.62263,5.702791034629492,2.1244397098622034,0.0
27.35949,25.38518,50.89721,2784.02271,1.24506,36.63968,5.614042715157051,2.0913786257498983,0.0
27.38936,25.4102,50.98491,2780.60434,1.16257,36.65676,5.531612070834581,2.0606710418589933,0.0
27.41918,25.43521,51.0664,2777.2515,1.07744,36.67387,5.455390766040499,2.0322766003199693,0.0
27.44897,25.46021,51.14152,2773.9614,0.98983,36.691,5.385272719443151,2.006155783045616,0.0
27.47871,25.4852,51.21011,2770.73126,0.89995,36.70816,5.321155268844108,1.9822703456658148,0.0
27.50841,25.51017,51.27203,2767.5583,0.80798,36.72534,5.262940175085009,1.9605836915092476,0.0
27.53807,25.53513,51.32715,2764.43976,0.71409,36.74255,5.210534480335842,1.9410611913383677,0.0
27.56769,25.56008,51.37535,2761.37289,0.61846,36.75978,5.163851234968876,1.9236704541290623,0.0
27.59728,25.58502,51.41654,2758.35491,0.52127,36.77705,5.122810105968748,1.9083815537194204,0.0
27.62682,25.60995,51.45061,2755.38307,0.4227,36.79434,5.087337878560428,1.8951672156793464,0.0
27.65633,25.63487,51.4775,2752.45461,0.32292,36.81166,5.057368861439767,1.8840029682696031,0.0
27.6858,25.65978,51.49713,2749.56676,0.22209,36.829,5.03284520463335,1.8748672608529677,0.0
27.71523,25.68469,51.50945,2746.71671,0.1204,36.84638,5.013717137740838,1.8677415526457775,0.0
27.74463,25.70958,51.51443,2743.90168,0.018,36.86378,4.999943134997455,1.8626103742080429,0.0
27.77398,25.73446,51.51203,2741.11883,-0.08493,36.88122,4.991490012315333,1.859461363593909,0.0
27.80331,25.75934,51.50224,2738.36532,-0.18823,36.89868,4.988332960235371,1.8582852786270834,0.0
27.83259,25.78421,51.48504,2735.63825,-0.29173,36.91617,4.990455515473352,1.8590759863010209,0.0
27.86184,25.80907,51.46046,2732.93471,-0.39525,36.93369,4.997849472596866,1.8618304298762505,0.0
27.89106,25.83392,51.42849,2730.25175,-0.49864,36.95124,5.010514736162393,1.8665485737975498,0.0
27.92023,25.85877,51.38919,2727.58636,-0.60173,36.96882,5.028459112550037,1.8732333261469052,0.0
27.94938,25.8836,51.34257,2724.93549,-0.70434,36.98643,5.0516980396246804,1.8818904379351813,0.0
27.97849,25.90843,51.28871,2722.29603,-0.80631,37.00406,5.080254251262702,1.8925283781294924,0.0
28.00756,25.93325,51.22767,2719.66482,-0.90747,37.02173,5.114157372789109,1.9051581829428932,0.0
28.03659,25.95807,51.15952,2717.03864,-1.00764,37.03942,5.153443442334195,1.919793277527139,0.0
28.0656,25.98287,51.08436,2714.41419,-1.10665,37.05715,5.1981543522075215,1.9364492678697933,0.0
28.09456,26.00767,51.00229,2711.78813,-1.20433,37.0749,5.24833720347926,1.9551437003587993,0.0
28.12349,26.03246,50.91341,2709.15701,-1.3005,37.09268,5.304043566140629,1.9758957861727737,0.0
28.15239,26.05725,50.81787,2706.51733,-1.39498,37.11048,5.365328636512327,1.99872608739348,0.0
28.18125,26.08202,50.71579,2703.86552,-1.48759,37.12832,5.432250282944894,2.023656161504102,0.0
28.21007,26.10679,50.60734,2701.1979,-1.57815,37.14618,5.50486797040809,2.050708160770493,0.0
28.23886,26.13155,50.49267,2698.51075,-1.66648,37.16406,5.583241554273947,2.079904382893624,0.0
28.26761,26.1563,50.37197,2695.80023,-1.75237,37.18198,5.6674299335462255,2.1112667693021216,0.0
28.29632,26.18104,50.24543,2693.06245,-1.83566,37.19991,5.757489553999951,2.1448163475323616,0.0
28.325,26.20577,50.11324,2690.29342,-1.91613,37.21787,5.853472752227036,2.1805726143418895,0.0
28.35364,26.2305,49.97564,2687.4891,-1.99361,37.23586,5.95542593250116,2.2185528565436203,0.0
28.38224,26.25521,49.83285,2684.64535,-2.06789,37.25387,6.063387569714999,2.258771407047412,0.0
28.41081,26.27991,49.68511,2681.75797,-2.13878,37.2719,6.177386033549126,2.3012388343057295,0.0
28.43933,26.30461,49.53268,2678.82271,-2.20608,37.28995,6.297437231456479,2.3459610642633413,0.0
28.46782,26.32929,49.37585,2675.83525,-2.26959,37.30803,6.423542071164202,2.3929384350724923,0.0
28.49627,26.35396,49.21488,2672.79122,-2.32912,37.32612,6.555683747217307,2.442164686259022,0.0
28.52468,26.37862,49.05009,2669.68624,-2.38445,37.34424,6.6938248606591895,2.4936258857275706,0.0
28.55304,26.40327,48.88177,2666.51589,-2.4354,37.36237,6.837904386366423,2.547299300013992,0.0
28.58137,26.4279,48.71027,2663.27572,-2.48177,37.38052,6.987834508772009,2.6031522155090134,0.0
28.60965,26.45252,48.53592,2659.96134,-2.52337,37.39868,7.143497353744783,2.6611407209973215,0.0
28.6379,26.47713,48.35906,2656.56833,-2.55999,37.41686,7.304741652273644,2.721208464792153,0.0
28.66609,26.50172,48.18007,2653.09237,-2.59147,37.43506,7.471379380067593,2.7832854028978953,0.0
28.69425,26.52629,47.99932,2649.52916,-2.61761,37.45326,7.643182426319145,2.847286558036802,0.0
28.72236,26.55085,47.81719,2645.87452,-2.63825,37.47148,7.819879354285346,2.9131108128801935,0.0
28.75042,26.57539,47.63408,2642.1244,-2.65322,37.48971,8.0011523258608,2.980639764370985,0.0
28.77844,26.59991,47.45041,2638.27488,-2.66237,37.50795,8.18663427159151,3.0497366694793846,0.0
28.80641,26.62442,47.26657,2634.32224,-2.66555,37.52619,8.375906396213217,3.1202455159502898,0.0
28.83433,26.6489,47.08301,2630.26295,-2.66263,37.54444,8.568496117222251,3.191990254366688,0.0
28.8622,26.67337,46.90015,2626.09376,-2.6535,37.5627,8.763875539818658,3.2647742300258487,0.0
28.89002,26.69781,46.71843,2621.81168,-2.63806,37.58096,8.961460575035298,3.3383798544192076,0.0
28.91779,26.72223,46.53828,2617.41404,-2.61623,37.59922,9.160610808552011,3.41256855636219,0.0
28.94551,26.74662,46.36015,2612.89854,-2.58795,37.61748,9.36063022477838,3.4870810517340907,0.0
28.97317,26.77099,46.18449,2608.26326,-2.5532,37.63573,9.560768883970908,3.5616379682483594,0.0
29.00078,26.79534,46.01173,2603.50671,-2.51195,37.65399,9.760225638681478,3.6359408574011103,0.0
29.02833,26.81966,45.84232,2598.62787,-2.46422,37.67224,9.958151959616961,3.709673619704506,0.0
29.05582,26.84395,45.67669,2593.62619,-2.41006,37.69049,10.153656919720936,3.782504361388327,0.0
29.08326,26.86821,45.51527,2588.50166,-2.34954,37.70873,10.34581335913796,3.8540876910113764,0.0
29.11063,26.89244,45.35847,2583.25482,-2.28276,37.72695,10.533665223048843,3.9240674529981914,0.0
29.13795,26.91664,45.20672,2577.88678,-2.20985,37.74517,10.716236029777303,3.9920798822315757,0.0
29.1652,26.9408,45.0604,2572.39923,-2.13098,37.76338,10.892538389147813,4.057757149891347,0.0
29.19239,26.96493,44.91989,2566.79446,-2.04636,37.78157,11.061584452096659,4.1207312562094005,0.0
29.21952,26.98903,44.78555,2561.07535,-1.95622,37.79975,11.22239713350517,4.180638211270373,0.0
29.24658,27.01309,44.65772,2555.24543,-1.86081,37.8179,11.374021913058753,4.237122431142136,0.0
29.27357,27.03711,44.53673,2549.30876,-1.76045,37.83605,11.515538985399445,4.289841264127314,0.0
29.30049,27.0611,44.42287,2543.27004,-1.65547,37.85417,11.646075503036773,4.338469551569708,0.0
29.32735,27.08504,44.31639,2537.1345,-1.54622,37.87227,11.764817635022258,4.382704120027826,0.0
29.35413,27.10895,44.21756,2530.9079,-1.43309,37.89035,11.871022153062816,4.422268097406984,0.0
29.38085,27.13281,44.12657,2524.59649,-1.3165,37.9084,11.964027255546922,4.4569149451938355,0.0
29.40749,27.15663,44.0436,2518.20701,-1.19689,37.92644,12.043262349778633,4.486432102595949,0.0
29.43406,27.18041,43.96881,2511.74656,-1.07472,37.94444,12.10825653348333,4.510644146125842,0.0
29.46055,27.20414,43.9023,2505.22262,-0.95046,37.96243,12.158645548165289,4.529415379909642,0.0
29.48698,27.22782,43.84416,2498.64295,-0.82461,37.98038,12.1941770177763,4.542651787228976,0.0
29.51332,27.25146,43.79443,2492.01556,-0.69767,37.99831,12.214713834935269,4.550302291976871,0.0
29.53959,27.27506,43.75313,2485.34863,-0.57015,38.01621,12.220235611433962,4.552359299009318,0.0
29.56579,27.29861,43.72023,2478.65043,-0.44257,38.03408,12.210838167468106,4.548858503870405,0.0
29.5919,27.32211,43.69567,2471.9293,-0.31542,38.05192,12.186731092304498,4.539877984076639,0.0
29.61794,27.34556,43.67937,2465.19354,-0.18923,38.06974,12.14823346528616,4.525536605078777,0.0
29.64391,27.36896,43.6712,2458.4514,-0.06447,38.08753,12.095767877717671,4.505991793256826,0.0
29.66979,27.39231,43.67101,2451.71096,0.05835,38.10528,12.029852940933434,4.481436744978332,0.0
29.6956,27.41562,43.67862,2444.98011,0.17876,38.12301,11.95109450228105,4.4520971543210806,0.0
29.72133,27.43887,43.69382,2438.26653,0.29633,38.14071,11.860175817366938,4.418227551976001,0.0
29.74699,27.46208,43.71637,2431.57756,0.41062,38.15839,11.757846943291899,4.380107353948329,0.0
29.77256,27.48524,43.74601,2424.92026,0.52122,38.17603,11.644913623658914,4.338036720930568,0.0
29.79806,27.50835,43.78245,2418.3013,0.62775,38.19365,11.52222593234465,4.292332327808565,0.0
29.82349,27.53141,43.82539,2411.72695,0.72986,38.21125,11.390666930356819,4.243323138042428,0.0
29.84884,27.55442,43.8745,2405.20309,0.82723,38.22882,11.251141569915633,4.191346270144909,0.0
29.87411,27.57738,43.92945,2398.73516,0.91956,38.24636,11.104566053674684,4.136743033711215,0.0
29.89931,27.6003,43.98987,2392.32816,1.00659,38.26388,10.951857826448474,4.0798552010741735,0.0
29.92443,27.62317,44.0554,2385.98662,1.08809,38.28138,10.793926343697038,4.021021568321863,0.0
29.94948,27.64599,44.12567,2379.71464,1.16386,38.29886,10.631664726807294,3.9605748466703443,0.0
29.97446,27.66877,44.20028,2373.51589,1.23372,38.31631,10.4659423814866,3.8988389126210525,0.0
29.99937,27.6915,44.27885,2367.39358,1.29754,38.33375,10.297598623521608,3.8361264333882428,0.0
30.02421,27.71418,44.36097,2361.35048,1.35521,38.35117,10.127437326656045,3.7727368730926414,0.0
30.04897,27.73682,44.44626,2355.38898,1.40665,38.36857,9.956222581336078,3.70895487552988,0.0
30.07367,27.75942,44.5343,2349.51104,1.45179,38.38596,9.784675330757482,3.645049011009538,0.0
30.0983,27.78198,44.62471,2343.71827,1.4906,38.40333,9.613470932438693,3.5812708679769596,0.0
30.12286,27.80449,44.71707,2338.01189,1.52309,38.42069,9.443237579405086,3.517854464862851,0.0
30.14736,27.82697,44.81101,2332.39282,1.54926,38.43804,9.274555504776977,3.4550159537713823,0.0
30.17179,27.8494,44.90612,2326.86161,1.56916,38.45538,9.107956886957258,3.3929535851600874,0.0
30.19616,27.87179,45.00203,2321.41856,1.58285,38.4727,8.94392636917524,3.331847901383614,0.0
30.22046,27.89415,45.09837,2316.06367,1.59039,38.49002,8.782902106569583,3.271862126759669,0.0
30.2447,27.91647,45.19475,2310.7967,1.59188,38.50734,8.625277255730737,3.2131427224627687,0.0
30.26889,27.93875,45.29083,2305.61716,1.58743,38.52464,8.471401825230828,3.1558200758953077,0.0
30.29301,27.961,45.38625,2300.52436,1.57717,38.54195,8.321584810719935,3.100009296067107,0.0
30.31707,27.98321,45.48067,2295.51742,1.56121,38.55925,8.176096544213584,3.045811088766813,0.0
30.34108,28.00538,45.57377,2290.59527,1.53972,38.57655,8.035171193935899,2.9933126878192478,0.0
30.36502,28.02752,45.66521,2285.75668,1.51283,38.59384,7.8990093581063485,2.9425888213392226,0.0
30.38892,28.04963,45.7547,2281.0003,1.48072,38.61114,7.767780703201025,2.8937026945532733,0.0
30.41275,28.07171,45.84194,2276.32462,1.44356,38.62844,7.6416266041952685,2.846706973359515,0.0
30.43654,28.09376,45.92665,2271.72804,1.40151,38.64574,7.52066275098479,2.801644755288082,0.0
30.46027,28.11577,46.00854,2267.20884,1.35477,38.66305,7.404981691421679,2.75855051684896,0.0
30.48394,28.13776,46.08737,2262.76521,1.30352,38.68036,7.294655287179702,2.7174510284064217,0.0
30.50757,28.15972,46.16289,2258.39527,1.24794,38.69768,7.189737063808796,2.6783662296361603,0.0
30.53114,28.18165,46.23485,2254.09705,1.18824,38.715,7.090264440996268,2.641310060356269,0.0
30.55467,28.20355,46.30305,2249.86851,1.12461,38.73233,6.99626083303845,2.606291243008198,0.0
30.57814,28.22543,46.36726,2245.70758,1.05725,38.74967,6.907737613011925,2.573314014362218,0.0
30.60157,28.24727,46.42729,2241.6121,0.98635,38.76701,6.824695937017581,2.5423788050963294,0.0
30.62495,28.2691,46.48296,2237.57989,0.91212,38.78437,6.747128427347768,2.5134828668203144,0.0
30.64828,28.29089,46.5341,2233.6087,0.83477,38.80174,6.675020715294021,2.4866208468122037,0.0
30.67157,28.31267,46.58054,2229.69627,0.75448,38.81912,6.608352845937887,2.4617853113398294,0.0
30.69481,28.33442,46.62213,2225.84026,0.67147,38.83651,6.547100548370786,2.4389672188511393,0.0
30.718,28.35614,46.65875,2222.03833,0.58594,38.85391,6.491236375664191,2.4181563446430863,0.0
30.74115,28.37784,46.69026,2218.28809,0.4981,38.87132,6.44073071944665,2.3993416588182597,0.0
30.76426,28.39952,46.71657,2214.58711,0.40814,38.88875,6.395552704292889,2.382511659468364,0.0
30.78732,28.42118,46.73756,2210.93293,0.31627,38.90619,6.355670967197157,2.3676546630485458,0.0
30.81034,28.44281,46.75315,2207.32306,0.22269,38.92365,6.321054327404928,2.3547590539073315,0.0
30.83331,28.46442,46.76327,2203.75497,0.1276,38.94112,6.291672351608335,2.3438134948367897,0.0
30.85625,28.48602,46.76786,2200.22611,0.03121,38.9586,6.267495819271714,2.334807100418548,0.0
30.87914,28.50759,46.76685,2196.73387,-0.06628,38.9761,6.2484970924288445,2.3277295747829907,0.0
30.90198,28.52914,46.76022,2193.27563,-0.16467,38.99362,6.2346503938183195,2.3225713152220027,0.0
30.92479,28.55066,46.74793,2189.84871,-0.26376,39.01115,6.225931996761129,2.3193234829233673,0.0
30.94756,28.57217,46.72997,2186.4504,-0.36335,39.02869,6.222320329623082,2.3179780418857625,0.0
30.97028,28.59366,46.70634,2183.07797,-0.46323,39.04626,6.22379599717139,2.3185277668746576,0.0
30.99297,28.61513,46.67703,2179.72862,-0.56321,39.06383,6.2303417206026594,2.3209662210811546,0.0
31.01561,28.63658,46.64207,2176.39951,-0.66307,39.08143,6.241942197487012,2.325287703947492,0.0
31.03821,28.658,46.60148,2173.08779,-0.76263,39.09904,6.258583882384399,2.331487169440851,0.0
31.06077,28.67941,46.55531,2169.79052,-0.86168,39.11666,6.280254688439276,2.3395601148895167,0.0
31.0833,28.7008,46.50361,2166.50475,-0.96001,39.1343,6.306943609859697,2.3495024403464098,0.0
31.10578,28.72217,46.44644,2163.22747,-1.05742,39.15196,6.338640264871291,2.3613102783274136,0.0
31.12822,28.74352,46.38387,2159.95563,-1.15371,39.16963,6.3753343584758735,2.3749797936748305,0.0
31.15062,28.76485,46.316,2156.68612,-1.24869,39.18732,6.417015064201167,2.390506953242873,0.0
31.17298,28.78616,46.24291,2153.41582,-1.34213,39.20502,6.463670323999503,2.4078872650915195,0.0
31.19531,28.80745,46.16472,2150.14152,-1.43385,39.22273,6.515286065544583,2.427115486908957,0.0
31.21759,28.82872,46.08154,2146.86,-1.52364,39.24046,6.571845336392824,2.448185303463907,0.0
31.23983,28.84997,45.99351,2143.56799,-1.61129,39.2582,6.6333273549067115,2.4710889730495955,0.0
31.26203,28.8712,45.90077,2140.26217,-1.69661,39.27596,6.699706478381484,2.4958169430838013,0.0
31.28419,28.89241,45.80347,2136.93921,-1.77938,39.29373,6.770951089622658,2.5223574353296794,0.0
31.30631,28.9136,45.70176,2133.59573,-1.85942,39.31151,6.847022404196628,2.5506960015652314,0.0
31.32838,28.93477,45.59584,2130.22833,-1.93651,39.3293,6.92787320179514,2.5808150509831917,0.0
31.35042,28.95591,45.48587,2126.83357,-2.01046,39.34711,7.013446486614226,2.612693351146934,0.0
31.37242,28.97704,45.37206,2123.40802,-2.08108,39.36492,7.103674083364332,2.646305504967298,0.0
31.39437,28.99814,45.25462,2119.94823,-2.14816,39.38274,7.198475177465093,2.6816214068867383,0.0
31.41628,29.01922,45.13375,2116.45076,-2.21152,39.40057,7.297754810228299,2.7186056822953844,0.0
31.43815,29.04028,45.00968,2112.91216,-2.27096,39.41841,7.401402342221765,2.757217115093647,0.0
31.45998,29.06132,44.88265,2109.32902,-2.3263,39.43626,7.509289900710318,2.7974080693231405,0.0
31.48176,29.08233,44.75291,2105.69794,-2.37736,39.45411,7.621270829889595,2.839123911837995,0.0
31.5035,29.10332,44.6207,2102.01558,-2.42396,39.47197,7.737178165608756,2.882302444098929,0.0
31.52519,29.12428,44.48629,2098.27865,-2.46594,39.48983,7.8568231592997195,2.9268733522980592,0.0
31.54684,29.14522,44.34995,2094.48392,-2.50314,39.5077,7.979993878893792,2.972757686163529,0.0
31.56845,29.16613,44.21196,2090.62826,-2.5354,39.52556,8.10645391741941,3.0198673778781897,0.0
31.59001,29.18702,44.0726,2086.70864,-2.56257,39.54343,8.235941242664419,3.068104813548531,0.0
31.61152,29.20788,43.93217,2082.72213,-2.58453,39.5613,8.368167223704006,3.117362470560724,0.0
31.63299,29.22871,43.79095,2078.66596,-2.60115,39.57917,8.502815871915859,3.1675226348387953,0.0
31.65441,29.24952,43.64926,2074.5375,-2.61232,39.59703,8.639543335388826,3.2184572124985524,0.0
31.67578,29.2703,43.5074,2070.33431,-2.61794,39.6149,8.777977686008654,3.2700276505314205,0.0
31.6971,29.29104,43.36567,2066.05412,-2.61794,39.63275,8.917719038047025,3.3220849809819715,0.0
31.71837,29.31176,43.22439,2061.69488,-2.61224,39.6506,9.05834003536221,3.3744700024429966,0.0
31.73959,29.33244,43.08388,2057.25478,-2.60081,39.66845,9.199386741493855,3.4270136116392247,0.0
31.76077,29.3531,42.94444,2052.73226,-2.5836,39.68628,9.340379962678675,3.4795372962854887,0.0
31.78189,29.37372,42.80639,2048.12603,-2.56062,39.70411,9.480817028054005,3.5318537982593767,0.0
31.80295,29.3943,42.67004,2043.43506,-2.53187,39.72192,9.620174044294469,3.5837679535127243,0.0
31.82397,29.41486,42.53569,2038.65867,-2.49738,39.73972,9.757908633284517,3.6350777119266615,0.0
31.84493,29.43537,42.40364,2033.79646,-2.45722,39.75751,9.893463151511046,3.6855753366200736,0.0
31.86583,29.45586,42.2742,2028.84838,-2.41145,39.77529,10.026268378852638,3.7350487781206514,0.0
31.88668,29.4763,42.14764,2023.81471,-2.36019,39.79304,10.155747652407705,3.783283214324636,0.0
31.90747,29.49671,42.02426,2018.6961,-2.30356,39.81078,10.281321408407841,3.830062742479058,0.0
31.92821,29.51708,41.90431,2013.49355,-2.2417,39.8285,10.402412082460156,3.8751722046509314,0.0
31.94889,29.5374,41.78807,2008.20841,-2.17481,39.8462,10.518449305747199,3.918399123448449,0.0
31.96951,29.55769,41.67577,2002.84242,-2.10308,39.86388,10.628875322930634,3.959535720332655,0.0
31.99007,29.57794,41.56764,1997.39765,-2.02673,39.88153,10.73315054680482,3.9983809848720533,0.0
32.01057,29.59814,41.46392,1991.87655,-1.94602,39.89917,10.830759155807772,4.034742759962723,0.0
32.031,29.6183,41.36479,1986.2819,-1.86122,39.91677,10.921214633676827,4.068439805495809,0.0
32.05138,29.63842,41.27044,1980.61683,-1.77262,39.93435,11.004065146392422,4.099303801410555,0.0
32.07169,29.65849,41.18104,1974.88478,-1.68054,39.95191,11.078898650304083,4.127181250605638,0.0
32.09194,29.67852,41.09674,1969.08948,-1.58532,39.96943,11.145347627228768,4.151935242887889,0.0
32.11213,29.6985,41.01765,1963.23497,-1.4873,39.98693,11.20309334749587,4.173447043068728,0.0
32.13225,29.71844,40.9439,1957.3255,-1.38686,40.0044,11.251869570237767,4.191617469419746,0.0
32.15231,29.73832,40.87556,1951.36559,-1.28438,40.02184,11.291465601595075,4.206368032934629,0.0
32.1723,29.75816,40.8127,1945.35994,-1.18025,40.03925,11.321728645530088,4.21764181306903,0.0
32.19223,29.77795,40.75536,1939.31343,-1.07486,40.05662,11.342565398096681,4.2254040516480424,0.0
32.21209,29.79769,40.70356,1933.23106,-0.96864,40.07396,11.353942853930375,4.229642453304973,0.0
32.23188,29.81738,40.65731,1927.11795,-0.86199,40.09128,11.355888312410801,4.230367187777025,0.0
32.25161,29.83702,40.61658,1920.9793,-0.75532,40.10855,11.34848859010137,4.227610596518351,0.0
32.27127,29.8566,40.58132,1914.82033,-0.64905,40.1258,11.33188846467976,4.221426613023214,0.0
32.29086,29.87614,40.55148,1908.64628,-0.54359,40.14301,11.30628839313079,4.211889912792802,0.0
32.31038,29.89563,40.52697,1902.46237,-0.43934,40.16019,11.271941562773025,4.199094814765037,0.0
32.32984,29.91506,40.50768,1896.27377,-0.33669,40.17734,11.22915034738029,4.183153961126605,0.0
32.34922,29.93444,40.4935,1890.08554,-0.23602,40.19445,11.178262251569036,4.164196806490529,0.0
32.36854,29.95377,40.48427,1883.90266,-0.13772,40.21153,11.119665434815955,4.142367950474966,0.0
32.38779,29.97305,40.47986,1877.72996,-0.04212,40.22858,11.053783911515048,4.117825349598174,0.0
32.40698,29.99227,40.48007,1871.57213,0.05042,40.24559,10.981072525553015,4.090738445175612,0.0
32.42609,30.01144,40.48473,1865.43364,0.13958,40.26258,10.902011797140945,4.061286243629155,0.0
32.44514,30.03056,40.49364,1859.31882,0.22508,40.27953,10.817102736113185,4.029655384304462,0.0
32.46412,30.04963,40.50657,1853.23176,0.30661,40.29645,10.726861710185537,3.996038227762121,0.0
32.48303,30.06865,40.52331,1847.17632,0.38393,40.31334,10.63181544891941,3.960630994622845,0.0
32.50188,30.08761,40.54362,1841.15615,0.45679,40.3302,10.53249625496516,3.9236319816296183,0.0
32.52066,30.10652,40.56726,1835.17464,0.52498,40.34704,10.429437483833967,3.8852398777437824,0.0
32.53937,30.12538,40.59398,1829.23494,0.58831,40.36384,10.323169342626844,3.845652199061054,0.0
32.55802,30.14419,40.62352,1823.33997,0.6466,40.38062,10.214215046937285,3.8050638571566404,0.0
32.57661,30.16296,40.65562,1817.49236,0.69972,40.39737,10.103087364286996,3.7636658714241014,0.0
32.59513,30.18167,40.69002,1811.69453,0.74753,40.41409,9.990285561925539,3.7216442320504135,0.0
32.61358,30.20033,40.72644,1805.94865,0.78994,40.43079,9.876292767071408,3.6791789166363054,0.0
32.63198,30.21894,40.76462,1800.25661,0.82687,40.44747,9.761573738883012,3.6364430601968323,0.0
32.65031,30.2375,40.80429,1794.62011,0.85826,40.46413,9.646573043690474,3.593602275387213,0.0
32.66858,30.25602,40.84518,1789.0406,0.88406,40.48076,9.531713618425622,3.5508141173426933,0.0
32.68678,30.27448,40.88701,1783.51929,0.90428,40.49737,9.417395701752515,3.5082276854965464,0.0
32.70493,30.2929,40.92953,1778.05721,0.9189,40.51397,9.303996108191917,3.4659833531723447,0.0
32.72302,30.31128,40.97247,1772.65516,0.92794,40.53054,9.191867817332835,3.4242126145544445,0.0
32.74104,30.3296,41.01557,1767.31374,0.93145,40.5471,9.08133984815363,3.383038037869296,0.0
32.75901,30.34789,41.05858,1762.03337,0.92948,40.56364,8.972717387298434,3.342573313171782,0.0
32.77692,30.36613,41.10124,1756.8143,0.92209,40.58017,8.866282139766286,3.30292338298615,0.0
32.79477,30.38432,41.14331,1751.65658,0.90937,40.59668,8.762292870838273,3.2641846441881284,0.0
32.81257,30.40247,41.18456,1746.56013,0.89141,40.61318,8.660986108983488,3.226445209855894,0.0
32.83031,30.42058,41.22475,1741.5247,0.86834,40.62966,8.56257698084623,3.189785220324769,0.0
32.848,30.43864,41.26366,1736.54991,0.84025,40.64614,8.467260151185503,3.154277193339422,0.0
32.86563,30.45667,41.30108,1731.63521,0.80729,40.6626,8.37521084257722,3.119986403919762,0.0
32.8832,30.47465,41.33679,1726.77998,0.76961,40.67905,8.286585911878808,3.0869712853723366,0.0
32.90073,30.49259,41.3706,1721.98342,0.72734,40.6955,8.201524962652586,3.0552838436972976,0.0
32.9182,30.51049,41.4023,1717.24467,0.68064,40.71194,8.120151474998268,3.0249700784807456,0.0
32.93562,30.52836,41.43173,1712.56272,0.6297,40.72837,8.042573936466605,2.9960704041898145,0.0
32.95298,30.54618,41.45871,1707.9365,0.57466,40.74479,7.968886959809983,2.968620066564181,0.0
32.9703,30.56396,41.48307,1703.3648,0.51573,40.76122,7.8991723754234675,2.942649549579094,0.0
32.98757,30.58171,41.50466,1698.84637,0.45308,40.77763,7.833500288085455,2.9181849691090713,0.0
33.00478,30.59942,41.52333,1694.37984,0.3869,40.79404,7.771930089476041,2.8952484501176405,0.0
33.02195,30.61709,41.53894,1689.96378,0.31738,40.81045,7.7145114193675335,2.8738584847260857,0.0
33.03907,30.63473,41.55137,1685.59668,0.24474,40.82686,7.661285069916223,2.854030269085933,0.0
33.05614,30.65233,41.5605,1681.27695,0.16916,40.84326,7.612283828604305,2.835776017396989,0.0
33.07316,30.6699,41.56623,1677.00295,0.09085,40.85967,7.56753325656616,2.819105251854366,0.0
33.09014,30.68743,41.56845,1672.77295,0.01003,40.87607,7.527052399875352,2.804025067621597,0.0
33.10707,30.70492,41.56708,1668.58519,-0.07309,40.89247,7.490854432212411,2.7905403722413014,0.0
33.12395,30.72238,41.56204,1664.43782,-0.15831,40.90887,7.458947228012522,2.778654099147774,0.0
33.14078,30.73981,41.55326,1660.32894,-0.2454,40.92528,7.4313338656887185,2.7683673951308676,0.0
33.15757,30.7572,41.54069,1656.25661,-0.33415,40.94168,7.408013061044418,2.759679781793565,0.0
33.17432,30.77456,41.52427,1652.21883,-0.42435,40.95809,7.388979531336276,2.752589291174976,0.0
33.19102,30.79188,41.50396,1648.21353,-0.51576,40.97449,7.3742242907294315,2.7470925758151803,0.0
33.20767,30.80917,41.47975,1644.23862,-0.60817,40.9909,7.363734878154253,2.743184993637871,0.0
33.22428,30.82643,41.4516,1640.29193,-0.70136,41.00731,7.357495518769166,2.7408606680995007,0.0
33.24085,30.84366,41.41951,1636.37127,-0.79511,41.02373,7.3554872203868245,2.740112524110568,0.0
33.25737,30.86085,41.38348,1632.47439,-0.88919,41.04014,7.357687806357641,2.7409323002855985,0.0
33.27385,30.87801,41.34352,1628.59901,-0.98338,41.05656,7.364071886597388,2.743310538150165,0.0
33.29029,30.89514,41.29964,1624.74279,-1.07746,41.07298,7.374610768497068,2.747236548952467,0.0
33.30668,30.91224,41.25187,1620.90337,-1.1712,41.0894,7.389272309697528,2.7526983588180047,0.0
33.32303,30.9293,41.20026,1617.07834,-1.26439,41.10583,7.408020714823702,2.7596826330277318,0.0
33.33933,30.94634,41.14484,1613.26525,-1.3568,41.12226,7.43081627851507,2.7681745802901445,0.0
33.3556,30.96334,41.08568,1609.46164,-1.44822,41.13869,7.457615077335889,2.7781578379697343,0.0
33.37182,30.98031,41.02283,1605.665,-1.53842,41.15512,7.4883686134096,2.789614339331425,0.0
33.38799,30.99725,40.95638,1601.8728,-1.62719,41.17155,7.52302341303275,2.802524164013703,0.0
33.40413,31.01415,40.8864,1598.08248,-1.71431,41.18798,7.561520583858936,2.8168653730679845,0.0
33.42022,31.03103,40.81299,1594.29147,-1.79956,41.20442,7.60379533475393,2.8326138300920096,0.0
33.43627,31.04787,40.73624,1590.49718,-1.88275,41.22085,7.649776462940841,2.84974301017793,0.0
33.45227,31.06468,40.65626,1586.69701,-1.96365,41.23729,7.6993858136121975,2.8682237986035832,0.0
33.46824,31.08145,40.57317,1582.88835,-2.04207,41.25373,7.752537717890892,2.888024281458167,0.0
33.48416,31.0982,40.48709,1579.06859,-2.1178,41.27016,7.80913841565292,2.90910953062851,0.0
33.50003,31.11491,40.39816,1575.23513,-2.19064,41.2866,7.869085470534085,2.9314413858736867,0.0
33.51587,31.13159,40.3065,1571.38537,-2.26041,41.30303,7.932267185180686,2.9549782369905095,0.0
33.53166,31.14824,40.21228,1567.51673,-2.32691,41.31946,7.998562025637967,2.979674809383079,0.0
33.5474,31.16485,40.11563,1563.62667,-2.38997,41.33589,8.067838064566871,3.0054819566463813,0.0
33.56311,31.18143,40.01672,1559.71265,-2.44942,41.35231,8.13995245376363,3.0323464640659497,0.0
33.57877,31.19798,39.91571,1555.77219,-2.50507,41.36873,8.214750937238188,3.060210867226769,0.0
33.59438,31.21449,39.81278,1551.80287,-2.55677,41.38515,8.292067416760796,3.0890132901679506,0.0
33.60995,31.23097,39.70809,1547.8023,-2.60438,41.40156,8.371723582393683,3.1186873077460566,0.0
33.62548,31.24741,39.60184,1543.76817,-2.64774,41.41796,8.453528620974305,3.149161837037446,0.0
33.64096,31.26382,39.49421,1539.69825,-2.68673,41.43435,8.537279015789027,3.1803610627114396,0.0
33.6564,31.28019,39.38539,1535.59038,-2.72122,41.45074,8.622758450798205,3.212204401351654,0.0
33.67179,31.29653,39.27556,1531.4425,-2.7511,41.46712,8.709737832541604,3.244606509616339,0.0
33.68713,31.31283,39.16494,1527.25266,-2.77628,41.48348,8.79797544251178,3.277477341001475,0.0
33.70243,31.32909,39.05371,1523.01903,-2.79666,41.49984,8.887217231960658,3.310722255663981,0.0
33.71768,31.34532,38.94207,1518.73989,-2.81217,41.51618,8.9771972700583,3.344242187372641,0.0
33.73289,31.3615,38.83024,1514.41367,-2.82277,41.53252,9.067638354886771,3.3779338711194065,0.0
33.74805,31.37765,38.7184,1510.03893,-2.8284,41.54883,9.158252794930128,3.4116901342449655,0.0
33.76316,31.39377,38.60677,1505.6144,-2.82903,41.56514,9.248743366538102,3.4454002531191703,0.0
33.77822,31.40984,38.49554,1501.13896,-2.82467,41.58142,9.338804450304693,3.4789503764719543,0.0
33.79323,31.42587,38.38491,1496.61167,-2.81531,41.59769,9.428123346382298,3.5122240153824587,0.0
33.8082,31.44186,38.27508,1492.03177,-2.80098,41.61394,9.516381765598066,3.5451025987591023,0.0
33.82311,31.45781,38.16624,1487.39869,-2.78172,41.63017,9.603257489751497,3.577466091844129,0.0
33.83798,31.47372,38.05858,1482.71204,-2.7576,41.64639,9.688426190843698,3.6091936739243673,0.0
33.85279,31.48959,37.9523,1477.97164,-2.72869,41.66258,9.77156339526368,3.6401644700423104,0.0
33.86756,31.50542,37.84756,1473.17753,-2.6951,41.67875,9.852346575217503,3.6702583301084974,0.0
33.88227,31.5212,37.74454,1468.32991,-2.65693,41.69489,9.930457345983081,3.6993566474367454,0.0
33.89693,31.53694,37.64342,1463.42924,-2.61433,41.71102,10.005583744210318,3.727343207470894,0.0
33.91154,31.55263,37.54434,1458.47616,-2.56746,41.72711,10.077422559321143,3.7541050562926617,0.0
33.9261,31.56828,37.44747,1453.47152,-2.51649,41.74318,10.145681687379962,3.7795333775003224,0.0
33.9406,31.58388,37.35293,1448.41638,-2.4616,41.75923,10.210082474747145,3.803524365281295,0.0
33.95505,31.59944,37.26088,1443.31201,-2.40302,41.77524,10.270362017299561,3.8259800809322893,0.0
33.96945,31.61495,37.17143,1438.15986,-2.34096,41.79123,10.326275380288237,3.8468092798146922,0.0
33.98379,31.63041,37.08469,1432.96158,-2.27568,41.80719,10.37759770395045,3.865928195750473,0.0
33.99807,31.64582,37.00076,1427.71901,-2.20742,41.82312,10.424126160887287,3.8832612701968263,0.0
34.0123,31.66119,36.91974,1422.43415,-2.13646,41.83902,10.465681732973605,3.898741814191886,0.0
34.02648,31.67651,36.8417,1417.10918,-2.06308,41.85488,10.50211077805058,3.912312591988923,0.0
34.0406,31.69177,36.76671,1411.74642,-1.98758,41.87071,10.533286360056207,3.9239263165649496,0.0
34.05466,31.70699,36.69483,1406.34833,-1.91026,41.88652,10.559109320214107,3.93354604866674,0.0
34.06867,31.72216,36.62609,1400.91749,-1.83144,41.90228,10.579509071527838,3.941145492780865,0.0
34.08262,31.73727,36.56052,1395.45661,-1.75143,41.91802,10.594444103919278,3.94670918531103,0.0
34.09651,31.75234,36.49814,1389.96848,-1.67057,41.93372,10.603902192685688,3.9502325722338094,0.0
34.11035,31.76735,36.43895,1384.45598,-1.58918,41.94938,10.607900308566204,3.951721975596062,0.0
34.12412,31.78231,36.38295,1378.92207,-1.5076,41.96501,10.60648423321741,3.9511944502694516,0.0
34.13784,31.79722,36.33011,1373.36973,-1.42615,41.98061,10.599727889301395,3.948677534390629,0.0
34.1515,31.81208,36.28039,1367.80199,-1.34516,41.99617,10.587732399466391,3.944208898806757,0.0
34.1651,31.82688,36.23376,1362.22191,-1.26497,42.01169,10.570624893139911,3.9378359025745606,0.0
34.17865,31.84163,36.19015,1356.63255,-1.18589,42.02718,10.548557084091035,3.929615063064854,0.0
34.19213,31.85633,36.14951,1351.03695,-1.10825,42.04264,10.521703645154425,3.919611450504464,0.0
34.20556,31.87097,36.11173,1345.43812,-1.03234,42.05805,10.490260409147321,3.907898017770487,0.0
34.21893,31.88556,36.07675,1339.83907,-0.95847,42.07344,10.454442426897606,3.894554876954636,0.0
34.23224,31.90009,36.04446,1334.24271,-0.88692,42.08879,10.414481914463815,3.8796685346486885,0.0
34.24549,31.91457,36.01476,1328.65193,-0.81798,42.1041,10.370626121888915,3.8633310979991875,0.0
34.25868,31.929,35.98752,1323.06952,-0.7519,42.11938,10.323135155522362,3.8456394634651176,0.0
34.27182,31.94337,35.96263,1317.49819,-0.68894,42.13463,10.27227978478573,3.826694499780387,0.0
34.28489,31.95769,35.93995,1311.94058,-0.62932,42.14984,10.218339262663113,3.806600236029157,0.0
34.29791,31.97196,35.91935,1306.3992,-0.57328,42.16502,10.16159918699923,3.7854630649231207,0.0
34.31087,31.98617,35.90069,1300.87647,-0.52102,42.18017,10.102349427062899,3.763390970391829,0.0
34.32377,32.00033,35.88381,1295.37469,-0.47271,42.19528,10.040882137015606,3.740492787547475,0.0
34.33661,32.01443,35.86858,1289.89606,-0.42854,42.21037,9.977489874735571,3.7168775018973577,0.0
34.3494,32.02849,35.85482,1284.44264,-0.38865,42.22542,9.912463841301424,3.6926535935052267,0.0
34.36213,32.04248,35.84239,1279.01635,-0.35318,42.24044,9.846092253150273,3.6679284305773368,0.0
34.37481,32.05643,35.83111,1273.61903,-0.32224,42.25544,9.778658855771061,3.642807715774112,0.0
34.38742,32.07032,35.82084,1268.25233,-0.29594,42.2704,9.710441584761563,3.617394987418648,0.0
34.39998,32.08416,35.81141,1262.91783,-0.27435,42.28534,9.641711377193317,3.5917911766988797,0.0
34.41249,32.09795,35.80265,1257.61693,-0.25754,42.30025,9.572731133629674,3.5660942209919804,0.0
34.42494,32.11169,35.79439,1252.35092,-0.24556,42.31513,9.50375482877191,3.5403987325566555,0.0
34.43733,32.12537,35.78649,1247.12097,-0.23844,42.32999,9.43502676665061,3.5147957210723235,0.0
34.44967,32.13901,35.77877,1241.92812,-0.23619,42.34482,9.366780974540516,3.4893723678564537,0.0
34.46196,32.15259,35.77108,1236.77325,-0.2388,42.35963,9.299240728288478,3.464211849036737,0.0
34.47419,32.16612,35.76325,1231.65716,-0.24627,42.37441,9.232618200593562,3.4393932045261786,0.0
34.48637,32.1796,35.75515,1226.58051,-0.25856,42.38917,9.167114222902383,3.414991249322833,0.0
34.4985,32.19304,35.7466,1221.54384,-0.27561,42.40391,9.102918150963054,3.3910765234251232,0.0
34.51057,32.20642,35.73747,1216.54756,-0.29738,42.41863,9.040207823704721,3.36771527651338,0.0
34.52259,32.21976,35.72761,1211.592,-0.32377,42.43333,8.979149604952076,3.3449694834895953,0.0
34.53456,32.23304,35.71688,1206.67735,-0.35471,42.44801,8.919898497504342,3.3228968869748514,0.0
34.54648,32.24628,35.70515,1201.8037,-0.3901,42.46267,8.862598319323496,3.3015510629440605,0.0
34.55835,32.25947,35.69229,1196.97105,-0.42982,42.47732,8.80738193185446,3.280981505781254,0.0
34.57017,32.27261,35.67818,1192.17927,-0.47374,42.49195,8.754371510982118,3.2612337292181897,0.0
34.58193,32.28571,35.66268,1187.42816,-0.52175,42.50656,8.703678851622596,3.2423493798026257,0.0
34.59365,32.29876,35.6457,1182.71741,-0.57368,42.52115,8.655405697543474,3.224366359765026,0.0
34.60532,32.31176,35.62712,1178.04663,-0.6294,42.53573,8.609644088615513,3.207318956378965,0.0
34.61694,32.32471,35.60685,1173.41533,-0.68874,42.5503,8.566476718380125,3.191237975164414,0.0
34.62851,32.33763,35.58478,1168.82293,-0.75152,42.56485,8.525977295464653,3.176150874524452,0.0
34.64003,32.35049,35.56083,1164.26878,-0.81758,42.57939,8.488210903055142,3.16208189965832,0.0
34.65151,32.36331,35.53491,1159.75216,-0.88673,42.59392,8.453234351293924,3.1490522138388024,0.0
34.66294,32.37609,35.50696,1155.27224,-0.95878,42.60843,8.421096518104909,3.1370800253786117,0.0
34.67432,32.38882,35.4769,1150.82814,-1.03353,42.62294,8.391838674588197,3.126180708848442,0.0
34.68565,32.40151,35.44466,1146.4189,-1.11079,42.63743,8.365494791687611,3.1163669193186987,0.0
34.69694,32.41415,35.41021,1142.04351,-1.19034,42.65191,8.342091825439466,3.1076486986221634,0.0
34.70819,32.42675,35.37347,1137.70086,-1.27199,42.66639,8.321649978603446,3.1000335728183854,0.0
34.71938,32.43931,35.33443,1133.3898,-1.3555,42.68085,8.304182937007267,3.0935266402382844,0.0
34.73054,32.45183,35.29303,1129.10912,-1.44067,42.6953,8.289698079402863,3.088130649661103,0.0
34.74164,32.4643,35.24926,1124.85754,-1.52727,42.70975,8.278196660077896,3.0838460683419964,0.0
34.7527,32.47673,35.20308,1120.63373,-1.61509,42.72419,8.269673963894382,3.0806711397680058,0.0
34.76372,32.48912,35.1545,1116.43631,-1.7039,42.73861,8.264119433804462,3.078601931161028,0.0
34.7747,32.50147,35.10349,1112.26384,-1.79347,42.75303,8.26151677131378,3.077632370903077,0.0
34.78563,32.51377,35.05007,1108.11486,-1.88358,42.76745,8.26184401065334,3.0777542761672483,0.0
34.79651,32.52604,34.99423,1103.98784,-1.974,42.78185,8.265073567848567,3.0789573711972347,0.0
34.80735,32.53826,34.93599,1099.88121,-2.06449,42.79625,8.271172266142697,3.081229296778208,0.0
34.81815,32.55044,34.87537,1095.79337,-2.15485,42.81063,8.280101339558225,3.0845556115635526,0.0
34.82891,32.56258,34.81239,1091.72269,-2.24483,42.82501,8.291816416736026,3.0889197860545163,0.0
34.83962,32.57468,34.74709,1087.66751,-2.33423,42.83939,8.306267487435894,3.094303190120771,0.0
34.85029,32.58674,34.67951,1083.62612,-2.4228,42.85375,8.323398854409175,3.100685075071711,0.0
34.86092,32.59876,34.60968,1079.59682,-2.51034,42.86811,8.343149073621525,3.1080425513878542,0.0
34.87151,32.61074,34.53767,1075.57788,-2.59663,42.88246,8.36545088610247,3.116350563333008,0.0
34.88205,32.62267,34.46352,1071.56752,-2.68146,42.8968,8.390231144911679,3.125581861747289,0.0
34.89255,32.63457,34.3873,1067.56401,-2.76462,42.91113,8.41741074101829,3.135706976435215,0.0
34.903,32.64643,34.30907,1063.56557,-2.84589,42.92545,8.44690453206499,3.146694189628457,0.0
34.91342,32.65824,34.2289,1059.57042,-2.9251,42.93977,8.478621278227683,3.158509512091877,0.0
34.92379,32.67002,34.14688,1055.57681,-3.00204,42.95407,8.512463589545249,3.1711166635024712,0.0
34.93412,32.68175,34.06308,1051.58297,-3.07652,42.96837,8.548327889241943,3.184477058786007,0.0
34.94441,32.69345,33.9776,1047.58716,-3.14837,42.98265,8.586104397670082,3.1985498021352465,0.0
34.95466,32.7051,33.89051,1043.58766,-3.21742,42.99692,8.625677141538631,3.213291690447838,0.0
34.96487,32.71671,33.80191,1039.58275,-3.2835,43.01119,8.666923993142035,3.2286572279400874,0.0
34.97503,32.72828,33.71191,1035.57077,-3.34647,43.02544,8.709716744179612,3.2445986536466283,0.0
34.98515,32.73982,33.6206,1031.55008,-3.40616,43.03968,8.75392121869525,3.2610659834934275,0.0
34.99523,32.75131,33.52808,1027.51908,-3.46245,43.0539,8.79939742942032,3.2780070685396345,0.0
35.00526,32.76275,33.43446,1023.47622,-3.51522,43.06812,8.845999781528445,3.2953676708815913,0.0
35.01526,32.77416,33.33986,1019.42,-3.56435,43.08232,8.893577327460461,3.313091558581841,0.0
35.02521,32.78553,33.24437,1015.349,-3.60974,43.0965,8.941974075982332,3.3311206208013293,0.0
35.03512,32.79685,33.14812,1011.26183,-3.6513,43.11068,8.99102935814088,3.3493950041275444,0.0
35.04498,32.80814,33.05121,1007.15718,-3.68895,43.12483,9.040578252075239,3.367853270827954,0.0
35.0548,32.81938,32.95375,1003.03384,-3.72264,43.13897,9.090452067965774,3.386432579506253,0.0
35.06458,32.83058,32.85587,998.89065,-3.75231,43.15309,9.140478893559584,3.4050688883249474,0.0
