0.04968,0.04968,58.60836,5254.35961,-0.46843,45.0001,6.760112036985896,2.518319603029846,0.0
0.09932,0.09932,58.54616,5250.68218,-0.4361,45.00025,6.809968087612344,2.5368922936798395,0.0
0.14893,0.14893,58.4885,5246.96979,-0.40307,45.00045,6.855719159210782,2.5539357716334,0.0
0.19851,0.19851,58.43545,5243.22461,-0.36941,45.0007,6.897200637299092,2.569388713664672,0.0
0.24805,0.24805,58.38711,5239.4489,-0.33519,45.001,6.934263797172008,2.5831957159077596,0.0
0.29755,0.29756,58.34352,5235.64505,-0.30048,45.00134,6.966777076470843,2.59530776792244,0.0
0.34702,0.34703,58.30475,5231.81552,-0.26536,45.00173,6.994627211671591,2.605682676065878,0.0
0.39645,0.39647,58.27084,5227.96284,-0.22991,45.00217,7.017720221154103,2.614285429711762,0.0
0.44585,0.44587,58.24182,5224.08962,-0.19421,45.00266,7.035982219707057,2.621088504674837,0.0
0.49521,0.49523,58.21772,5220.19852,-0.15833,45.0032,7.04936005189427,2.626072099156523,0.0
0.54453,0.54456,58.19855,5216.29225,-0.12235,45.00378,7.057821734559525,2.6292242985896013,0.0
0.59381,0.59386,58.18431,5212.37354,-0.08636,45.00441,7.061356701868027,2.630541166922606,0.0
0.64306,0.64312,58.17498,5208.44515,-0.05044,45.00509,7.059975849516333,2.630026763089188,0.0
0.69227,0.69234,58.17054,5204.50985,-0.01467,45.00581,7.05371137806563,2.6276930826456373,0.0
0.74144,0.74152,58.17097,5200.5704,0.02088,45.00659,7.042616438710038,2.6235599258102553,0.0
0.79057,0.79067,58.17621,5196.62955,0.05611,45.0074,7.026764587952696,2.61765469431585,0.0
0.83967,0.83979,58.18621,5192.69001,0.09097,45.00827,7.006249060750342,2.6100121206369655,0.0
0.88873,0.88886,58.20092,5188.75447,0.12535,45.00918,6.9811818744620755,2.6006739341872205,0.0
0.93775,0.93791,58.22024,5184.82557,0.15921,45.01014,6.951692778425629,2.5896884700088303,0.0
0.98673,0.98691,58.24411,5180.90588,0.19245,45.01115,6.917928066096095,2.5771102262630285,0.0
1.03567,1.03588,58.27242,5176.9979,0.22501,45.0122,6.880049268373983,2.562999377460392,0.0
1.08457,1.08482,58.30506,5173.10407,0.25682,45.0133,6.83823174804561,2.547421250852893,0.0
1.13344,1.13372,58.34194,5169.22674,0.28783,45.01445,6.792663216055862,2.530445773706476,0.0
1.18227,1.18258,58.38293,5165.36816,0.31796,45.01564,6.743542190700969,2.512146899309816,0.0
1.23106,1.23141,58.42789,5161.53048,0.34716,45.01688,6.691076420827763,2.49260201957456,0.0
1.27981,1.2802,58.4767,5157.71576,0.37537,45.01817,6.635481293549143,2.4718913718674376,0.0
1.32853,1.32896,58.52921,5153.92593,0.40255,45.01951,6.5769782462796575,2.450097447451739,0.0
1.37721,1.37769,58.58528,5150.16284,0.42864,45.02089,6.5157932015928255,2.427304408430479,0.0
1.42585,1.42638,58.64475,5146.42818,0.45361,45.02232,6.45215504205939,2.403597519583524,0.0
1.47445,1.47504,58.70746,5142.72357,0.47741,45.02379,6.386294140494971,2.379062600846164,0.0
1.52302,1.52367,58.77325,5139.05047,0.50001,45.02532,6.318440959198675,2.3537855054886463,0.0
1.57155,1.57226,58.84194,5135.41024,0.52137,45.02689,6.248824729855778,2.327851628345183,0.0
1.62004,1.62082,58.91338,5131.80413,0.54147,45.02851,6.177672223697273,2.30134544766603,0.0
1.6685,1.66935,58.98737,5128.23324,0.56028,45.03017,6.105206619532344,2.2743501034297964,0.0
1.71692,1.71784,59.06376,5124.69858,0.57778,45.03189,6.031646475244912,2.2469470141988457,0.0
1.76531,1.76631,59.14234,5121.20104,0.59395,45.03365,5.957204806449399,2.21921553389433,0.0
1.81366,1.81474,59.22296,5117.74139,0.60878,45.03546,5.882088274179253,2.1912326491887866,0.0
1.86198,1.86314,59.30541,5114.32028,0.62227,45.03732,5.806496481823563,2.163072717596533,0.0
1.91026,1.91152,59.38953,5110.93827,0.63439,45.03923,5.730621380016155,2.1348072457791933,0.0
1.95851,1.95986,59.47512,5107.59581,0.64516,45.04119,5.654646776825322,2.1065047070784892,0.0
2.00672,2.00818,59.562,5104.29325,0.65456,45.04319,5.578747949462814,2.0782303968676183,0.0
2.05491,2.05646,59.64999,5101.03085,0.6626,45.04524,5.503091352731817,2.0500463239404563,0.0
2.10305,2.10472,59.73891,5097.80876,0.66929,45.04735,5.427834418656874,2.0220111358684325,0.0
2.15117,2.15295,59.82857,5094.62707,0.67462,45.0495,5.353125441129171,1.9941800760278594,0.0
2.19925,2.20115,59.9188,5091.48577,0.67862,45.0517,5.279103538925206,1.9666049698234194,0.0
2.2473,2.24933,60.00942,5088.38477,0.6813,45.05395,5.20589869020406,1.9393342375392995,0.0
2.29532,2.29748,60.10026,5085.32392,0.68266,45.05625,5.133631831412397,1.9124129311839129,0.0
2.34331,2.3456,60.19113,5082.30298,0.68273,45.0586,5.062415013500576,1.8858827926845056,0.0
2.39127,2.3937,60.28188,5079.32167,0.68152,45.061,4.992351608453569,1.8597823308253605,0.0
2.4392,2.44177,60.37232,5076.37964,0.67905,45.06345,4.923536559312162,1.8341469143872724,0.0
2.48709,2.48982,60.46231,5073.47647,0.67535,45.06595,4.8560566671143786,1.8090088790407775,0.0
2.53496,2.53785,60.55167,5070.61171,0.67044,45.0685,4.789990908510605,1.7843976456661446,0.0
2.58279,2.58585,60.64025,5067.78484,0.66434,45.07109,4.72541077817925,1.7603398479122205,0.0
2.6306,2.63383,60.7279,5064.99533,0.65708,45.07374,4.662380650573723,1.7368594669566941,0.0
2.67838,2.68178,60.81446,5062.24257,0.64868,45.07645,4.600958155952514,1.7139779715871954,0.0
2.72613,2.72972,60.89978,5059.52593,0.63917,45.0792,4.541194566094775,1.6917144618905002,0.0
2.77385,2.77763,60.98373,5056.84476,0.62858,45.082,4.483135185542377,1.6700858150004905,0.0
2.82154,2.82552,61.06617,5054.19834,0.61695,45.08485,4.426819744662057,1.6491068315241437,0.0
2.86921,2.87338,61.14695,5051.58597,0.60429,45.08776,4.372282791227932,1.628790381416326,0.0
2.91685,2.92123,61.22596,5049.0069,0.59064,45.09071,4.319554077673573,1.6091475482413753,0.0
2.96446,2.96906,61.30305,5046.46034,0.57603,45.09372,4.268658941516561,1.590187770891262,0.0
3.01204,3.01687,61.37812,5043.94551,0.5605,45.09678,4.21961867686407,1.5719189819811887,0.0
3.0596,3.06466,61.45104,5041.46159,0.54407,45.09989,4.172450895224561,1.5543477422614442,0.0
3.10713,3.11242,61.5217,5039.00776,0.52677,45.10305,4.1271698741912095,1.5374793705111534,0.0
3.15464,3.16018,61.58999,5036.58317,0.50865,45.10626,4.083786892829489,1.5213180684789747,0.0
3.20212,3.20791,61.6558,5034.18697,0.48972,45.10952,4.042310552885892,1.505867040541801,0.0
3.24957,3.25562,61.71904,5031.81829,0.47003,45.11284,4.002747085136865,1.4911286078278014,0.0
3.297,3.30332,61.77961,5029.47623,0.44961,45.11621,3.965100640439369,1.47710431664041,0.0
3.3444,3.351,61.83741,5027.15992,0.42848,45.11963,3.9293735651984973,1.4637950410772602,0.0
3.39178,3.39866,61.89236,5024.86845,0.40669,45.1231,3.8955666611282727,1.451201079797921,0.0
3.43912,3.44632,61.94364,5022.60226,0.37292,45.16374,3.864086798657706,1.4394740027426036,33.99999942002253
3.48641,3.494,61.99041,5020.36149,0.33865,45.20417,3.8353233615838898,1.4287588656210295,33.99999942002253
3.53363,3.54169,62.03264,5018.14474,0.30392,45.2444,3.809248250858368,1.4190452007983185,33.99999942002253
3.58081,3.58939,62.07025,5015.95062,0.26877,45.28447,3.7858360171937746,1.4103235277453159,33.99999942002253
3.62793,3.63711,62.10321,5013.77777,0.23323,45.3244,3.7650634401343988,1.4025851962313014,33.99999942002253
3.675,3.68484,62.13147,5011.62479,0.19735,45.36421,3.746909642376624,1.3958224289113639,33.99999942002253
3.72201,3.73259,62.15498,5009.49032,0.16116,45.40394,3.731356188318261,1.3900283580386181,33.99999942002253
3.76897,3.78035,62.17373,5007.37298,0.12469,45.44359,3.7183871680305542,1.3851970567459866,33.99999942002253
3.81588,3.82813,62.18767,5005.27139,0.08799,45.48321,3.707989267709021,1.3813235652909925,33.99999942002253
3.86274,3.87592,62.19678,5003.18418,0.05109,45.52281,3.700151827487451,1.3784039125929946,33.99999942002253
3.90954,3.92373,62.20104,5001.10995,0.01403,45.56242,3.694866887364356,1.3764351333419977,33.99999942002253
3.95629,3.97156,62.20045,4999.04734,-0.02316,45.60206,3.6921292218491915,1.3754152809052846,33.99999942002253
4.00299,4.01939,62.19498,4996.99492,-0.06044,45.64175,3.691936363774709,1.3753434361981387,33.99999942002253
4.04964,4.06725,62.18463,4994.95131,-0.09777,45.68153,3.6942886175866207,1.376219712634598,33.99999942002253
4.09623,4.11512,62.16941,4992.91509,-0.13512,45.72141,3.699189062274152,1.3780452572191633,33.99999942002253
4.14277,4.16301,62.14931,4990.88484,-0.17244,45.76142,3.706643543958037,1.3808222477856278,33.99999942002253
4.18926,4.21091,62.12435,4988.85911,-0.20971,45.80159,3.7166606580035935,1.3845538863337306,33.99999942002253
4.2357,4.25883,62.09454,4986.83645,-0.24689,45.84193,3.7292517203975097,1.389244388366255,33.99999942002253
4.28208,4.30676,62.05989,4984.81539,-0.28394,45.88248,3.7444307279636337,1.3948989680683614,33.99999942002253
4.32842,4.35471,62.02044,4982.79444,-0.32082,45.92326,3.7622143068567966,1.4015238191201864,33.99999942002253
4.3747,4.40268,61.9762,4980.77211,-0.35749,45.96429,3.7826216486291186,1.4091260908798544,33.99999942002253
4.42092,4.45067,61.92722,4978.74684,-0.39392,46.00561,3.805674433026759,1.4177138596232377,33.99999942002253
4.4671,4.49867,61.87353,4976.71711,-0.43008,46.04723,3.8313967364983452,1.4272960944609405,33.99999942002253
4.51322,4.54669,61.81517,4974.68133,-0.46591,46.08918,3.859814925302011,1.4378826175178543,33.99999942002253
4.55928,4.59473,61.75219,4972.6379,-0.50139,46.13149,3.8909575319085983,1.4494840578901038,33.99999942002253
4.60529,4.64278,61.68464,4970.5852,-0.53646,46.17418,3.9248551132877094,1.462111798852867,33.99999942002253
4.65125,4.69085,61.61259,4968.52158,-0.57111,46.21729,3.961540089508971,1.4757779177351034,33.99999942002253
4.69715,4.73894,61.53609,4966.44535,-0.60527,46.26083,4.001046560980074,1.4904951178359134,33.99999942002253
4.743,4.78705,61.45522,4964.35481,-0.63892,46.30485,4.043410102489088,1.5062766516998831,33.99999942002253
4.78879,4.83518,61.37004,4962.24821,-0.67202,46.34936,4.088667532130819,1.5231362350360684,33.99999942002253
4.83452,4.88333,61.28065,4960.12377,-0.70451,46.39439,4.136856653074842,1.5410879505197985,33.99999942002253
4.8802,4.9315,61.18711,4957.9797,-0.73636,46.43998,4.188015966056001,1.5601461406878177,33.99999942002253
4.92582,4.97968,61.08952,4955.81416,-0.76752,46.48615,4.242184350384218,1.5803252891060477,33.99999942002253
4.97138,5.02789,60.98799,4953.62527,-0.79796,46.53294,4.299400711245703,1.6016398889800094,33.99999942002253
5.01688,5.07611,60.8826,4951.41114,-0.82763,46.58036,4.359703591030025,1.6241042983639287,33.99999942002253
5.06232,5.12436,60.77346,4949.16982,-0.85648,46.62846,4.423130742442562,1.6477325811338919,33.99999942002253
5.1077,5.17262,60.6607,4946.89936,-0.88446,46.67727,4.489718661216476,1.6725383329107628,33.99999942002253
5.15301,5.22091,60.54442,4944.59775,-0.91155,46.72681,4.559502076348029,1.698534491159423,33.99999942002253
5.19827,5.26922,60.42475,4942.26297,-0.93767,46.77712,4.6325133959250335,1.725733128745291,33.99999942002253
5.24346,5.31755,60.30183,4939.89296,-0.9628,46.82824,4.708782106841225,1.7541452303121314,33.99999942002253
5.28859,5.3659,60.17578,4937.48563,-0.98689,46.88018,4.788334126993971,1.7837804509586535,33.99999942002253
5.33365,5.41427,60.04675,4935.03887,-1.00988,46.93299,4.871191108908101,1.8146468568200682,33.99999942002253
5.37864,5.46266,59.91489,4932.55055,-1.03173,46.98671,4.95736969420535,1.8467506473383397,33.99999942002253
5.42357,5.51108,59.78036,4930.01852,-1.05239,47.04135,5.046880718881965,1.8800958592071824,33.99999942002253
5.46843,5.55952,59.64331,4927.44061,-1.07181,47.09697,5.139728370022968,1.9146840522259356,33.99999942002253
5.51321,5.60798,59.5039,4924.81463,-1.08995,47.15358,5.235909295343047,1.9505139775801166,33.99999942002253
5.55793,5.65647,59.36232,4922.1384,-1.10675,47.21123,5.335411667837649,1.9875812293993422,33.99999942002253
5.60257,5.70497,59.21875,4919.40973,-1.12218,47.26995,5.43821420884479,2.025877880822148,33.99999942002253
5.64714,5.75351,59.07335,4916.62642,-1.13618,47.32977,5.544285173940643,2.0653921062154126,33.99999942002253
5.69163,5.80206,58.92634,4913.7863,-1.1487,47.39073,5.653581307360732,2.1061077916687405,33.99999942002253
5.73605,5.85064,58.7779,4910.8872,-1.1597,47.45285,5.7660467720299495,2.1480041364024935,33.99999942002253
5.78039,5.89925,58.62823,4907.92697,-1.16913,47.51618,5.8816120637585145,2.1910552482772117,33.99999942002253
5.82465,5.94788,58.47755,4904.90352,-1.17695,47.58074,6.000192919775614,2.2352297371936802,33.99999942002253
5.86882,5.99653,58.32606,4901.81476,-1.18312,47.64656,6.1216892334328135,2.280490310791394,33.99999942002253
5.91292,6.04521,58.17398,4898.65868,-1.18759,47.71368,6.245983988652878,2.3267933775027028,33.99999942002253
5.95692,6.09392,58.02155,4895.43332,-1.19032,47.78211,6.3729422294468945,2.3740886626708333,33.99999942002253
6.00084,6.14265,57.86897,4892.13678,-1.19128,47.8519,6.502410081561496,2.422318844087729,33.99999942002253
6.04468,6.19141,57.7165,4888.76727,-1.19043,47.92307,6.634213845020801,2.471419213942053,33.99999942002253
6.08842,6.24019,57.56435,4885.32307,-1.18774,47.99563,6.768159177847778,2.521317374733916,33.99999942002253
6.13207,6.28901,57.41278,4881.80257,-1.18317,48.06962,6.904030392702166,2.571932977253996,33.99999942002253
6.17563,6.33784,57.26203,4878.20428,-1.1767,48.14505,7.041589889247907,2.62317750912547,33.99999942002253
6.21909,6.38671,57.11233,4874.52686,-1.1683,48.22195,7.180577745939841,2.6749541427338177,33.99999942002253
6.26245,6.4356,56.96394,4870.76908,-1.15796,48.30032,7.320711495349127,2.7271576515296307,33.99999942002253
6.30571,6.48452,56.81712,4866.9299,-1.14566,48.38019,7.461686107096343,2.7796744036707426,33.99999942002253
6.34887,6.53347,56.6721,4863.00844,-1.13139,48.46155,7.603174201893616,2.832382441758553,33.99999942002253
6.39193,6.58244,56.52914,4859.00402,-1.11514,48.54442,7.74482651903096,2.885151656988989,33.99999942002253
6.43488,6.63144,56.38849,4854.91615,-1.09691,48.62881,7.886272657716453,2.93784406532123,33.99999942002253
6.47773,6.68048,56.2504,4850.74454,-1.0767,48.7147,8.027122110150097,2.990314192324897,33.99999942002253
6.52046,6.72953,56.11512,4846.48915,-1.05454,48.80209,8.16696560083075,3.0424095721071276,33.99999942002253
6.56308,6.77862,55.9829,4842.15016,-1.03042,48.89099,8.305376742456716,3.093971364179115,33.99999942002253
6.60559,6.82774,55.85397,4837.728,-1.00438,48.98136,8.441914013980625,3.144835090333598,33.99999942002253
6.64799,6.87688,55.72858,4833.22337,-0.97644,49.07321,8.576123060722557,3.194831491497513,33.99999942002253
6.69026,6.92605,55.60695,4828.63722,-0.94663,49.1665,8.70753931031332,3.2437875022397016,33.99999942002253
6.73242,6.97525,55.48933,4823.97077,-0.91501,49.2612,8.835690891447342,3.2915273380831582,33.99999942002253
6.77445,7.02448,55.37592,4819.22554,-0.88163,49.3573,8.960101835389773,3.3378736881506583,33.99999942002253
6.81637,7.07373,55.26694,4814.40329,-0.84652,49.45474,9.08029553280751,3.382649002925276,33.99999942002253
6.85815,7.12302,55.1626,4809.5061,-0.80977,49.5535,9.195798411216142,3.4256768641961255,33.99999942002253
6.89981,7.17233,55.06309,4804.53631,-0.77144,49.65352,9.306143791260048,3.4667834216241653,33.99999942002253
6.94135,7.22167,54.9686,4799.49653,-0.73162,49.75475,9.410875873378972,3.5057988778803924,33.99999942002253
6.98275,7.27104,54.8793,4794.38966,-0.69037,49.85715,9.509553800526279,3.5425590021152877,33.99999942002253
7.02402,7.32043,54.79535,4789.21886,-0.6478,49.96064,9.601755737670576,3.5769066496805104,33.99999942002253
7.06516,7.36985,54.7169,4783.98753,-0.604,50.06517,9.687082904985738,3.6086932645983,33.99999942002253
7.10616,7.4193,54.6441,4778.69931,-0.55908,50.17067,9.7651634993115,3.637780340408726,33.99999942002253
7.14703,7.46878,54.57705,4773.35809,-0.51314,50.27707,9.835656437582166,3.6640408146953836,33.99999942002253
7.18776,7.51828,54.51588,4767.96795,-0.4663,50.38429,9.898254856798182,3.687360372916886,33.99999942002253
7.22835,7.56781,54.46067,4762.53317,-0.41868,50.49225,9.95268930762489,3.707638638106436,33.99999942002253
7.26881,7.61736,54.4115,4757.05818,-0.3704,50.60087,9.998730583036673,3.7247902246161884,33.99999942002253
7.30913,7.66694,54.36843,4751.54758,-0.32158,50.71007,10.036192129292349,3.7387456362690323,33.99999942002253
7.3493,7.71654,54.33151,4746.00609,-0.27235,50.81976,10.064931994055266,3.749451992084572,33.99999942002253
7.38933,7.76617,54.30076,4740.43852,-0.22285,50.92985,10.08485427514132,3.75687356597589,33.99999942002253
7.42923,7.81582,54.27619,4734.84976,-0.17321,51.04027,10.095910043291841,3.760992130506726,33.99999942002253
7.46898,7.8655,54.25781,4729.24475,-0.12356,51.15091,10.098097722921171,3.7618070987299665,33.99999942002253
7.50859,7.91519,54.24559,4723.62845,-0.07403,51.26168,10.09146292585176,3.7593354622495934,33.99999942002253
7.54805,7.96491,54.23949,4718.00582,-0.02475,51.37251,10.076097744165304,3.7536115277891273,33.99999942002253
7.58738,8.01466,54.23945,4712.38177,0.02414,51.48329,10.052139519197409,3.7446864586097486,33.99999942002253
7.62656,8.06442,54.24542,4706.76117,0.07251,51.59395,10.019769113986381,3.732627630952019,33.99999942002253
7.6656,8.11421,54.25729,4701.14882,0.12024,51.7044,9.97920872586907,3.71751781917028,33.99999942002253
7.7045,8.16401,54.27498,4695.54939,0.1672,51.81456,9.930719284165788,3.699454226301812,33.99999942002253
7.74325,8.21384,54.29836,4689.96744,0.21328,51.92433,9.874597484751897,3.678547379366724,33.99999942002253
7.78187,8.26369,54.32731,4684.40738,0.25836,52.03366,9.811172518603607,3.6549199106651904,33.99999942002253
7.82035,8.31355,54.36168,4678.87347,0.30233,52.14245,9.740802555173545,3.6287052477423214,33.99999942002253
7.85868,8.36344,54.40132,4673.36977,0.34509,52.25064,9.663871043387969,3.6000462354122953,33.99999942002253
7.89688,8.41334,54.44607,4667.90016,0.38653,52.35817,9.580782893554941,3.5690937134186966,33.99999942002253
7.93495,8.46326,54.49573,4662.4683,0.42657,52.46496,9.491960602326994,3.5360050728811507,33.99999942002253
7.97287,8.5132,54.55014,4657.07765,0.46511,52.57097,9.397840380282464,3.500942813717478,33.99999942002253
8.01066,8.56315,54.60908,4651.73143,0.50208,52.67613,9.298868338002979,3.4640731238572107,33.99999942002253
8.04832,8.61312,54.67235,4646.43262,0.5374,52.78039,9.195496781641456,3.425564499243203,33.99999942002253
8.08584,8.66311,54.73975,4641.184,0.57101,52.88371,9.088180663457402,3.3855864215626346,33.99999942002253
8.12323,8.71311,54.81104,4635.98807,0.60285,52.98604,8.97737422652457,3.344308108312332,33.99999942002253
8.16049,8.76313,54.886,4630.84711,0.63287,53.08735,8.863527876327606,3.301897347386209,33.99999942002253
8.19766,8.81313,54.96611,4625.76003,0.68894,53.09616,8.744991358779053,3.257739375715889,0.0
8.23478,8.86308,55.05277,4620.72707,0.74268,53.105,8.620262626105504,3.2112746409845223,0.0
8.27186,8.913,55.14568,4615.75212,0.79396,53.11386,8.490033421438774,3.162760835709568,0.0
8.30888,8.96286,55.24454,4610.83868,0.84269,53.12275,8.35499189313163,3.112454313258703,0.0
8.34586,9.01269,55.34901,4605.98992,0.88877,53.13167,8.215819358731016,3.0606088823447095,0.0
8.38279,9.06247,55.45876,4601.20862,0.93214,53.14062,8.07318460938805,3.0074736852683315,0.0
8.41967,9.1122,55.57345,4596.49725,0.97273,53.14959,7.927738826239154,2.9532913041364934,0.0
8.45651,9.1619,55.69274,4591.8579,1.0105,53.1586,7.780111140336261,2.898296106819476,0.0
8.4933,9.21156,55.81628,4587.29234,1.04539,53.16763,7.630904850386356,2.842712837959373,0.0
8.53005,9.26117,55.9437,4582.80203,1.07739,53.17669,7.4806942968605465,2.786755454493482,0.0
8.56675,9.31075,56.07467,4578.3881,1.10647,53.18578,7.330022377263729,2.730626200026867,0.0
8.6034,9.36029,56.20882,4574.0514,1.13264,53.1949,7.17939867576871,2.6745149080718678,0.0
8.64002,9.40979,56.3458,4569.79252,1.15588,53.20405,7.029298170931293,2.6185985206379576,0.0
8.67659,9.45925,56.48526,4565.61178,1.17622,53.21323,6.880160477993201,2.5630408059696514,0.0
8.71312,9.50868,56.62684,4561.50925,1.19366,53.22245,6.73238957705708,2.507992257284542,0.0
8.74961,9.55808,56.77021,4557.4848,1.20824,53.23169,6.586353975174131,2.453590153155205,0.0
8.78605,9.60744,56.91503,4553.53807,1.22,53.24097,6.442387248859176,2.3999587596103376,0.0
8.82246,9.65677,57.06096,4549.66854,1.22895,53.25028,6.3007889134647,2.3472096539994647,0.0
8.85883,9.70606,57.20766,4545.87551,1.23517,53.25963,6.161825567102441,2.2954421511338263,0.0
8.89516,9.75533,57.35482,4542.15813,1.23868,53.269,6.025732258994203,2.244743813033062,0.0
8.93145,9.80456,57.50213,4538.51541,1.23955,53.27841,5.892714035169028,2.195191024738076,0.0
8.9677,9.85377,57.64926,4534.94624,1.23783,53.28786,5.762947618023013,2.1468496199912592,0.0
9.00392,9.90295,57.79593,4531.4494,1.23359,53.29734,5.636583180201413,2.0997755420542514,0.0
9.04009,9.9521,57.94183,4528.02359,1.22689,53.30685,5.5137461774723135,2.0540155265016034,0.0
9.07624,10.00122,58.08669,4524.66741,1.2178,53.3164,5.39453920949182,2.0096077944047726,0.0
9.11235,10.05032,58.23023,4521.37942,1.20638,53.32598,5.279043881556442,1.9665827458838747,0.0
9.14842,10.09939,58.37218,4518.1581,1.1927,53.3356,5.167322644496112,1.92496364551624,0.0
9.18446,10.14844,58.51228,4515.00188,1.17684,53.34526,5.059420593685074,1.8847672925153043,0.0
9.22046,10.19746,58.65029,4511.90917,1.15886,53.35496,4.955367211695642,1.8460046699149881,0.0
9.25644,10.24646,58.78596,4508.87832,1.13884,53.36469,4.855178042406425,1.8086815682190571,0.0
9.29238,10.29544,58.91906,4505.9077,1.11686,53.37446,4.758856287268881,1.7727991800524148,0.0
9.32828,10.3444,59.04937,4502.99562,1.09298,53.38426,4.666394317070313,1.738354663332595,0.0
9.36416,10.39334,59.17667,4500.1404,1.06728,53.39411,4.57777509479718,1.7053416713237828,0.0
9.4,10.44226,59.30076,4497.34035,1.03983,53.40399,4.492973507166981,1.6737508486674768,0.0
9.43582,10.49115,59.42145,4494.59377,1.0107,53.41391,4.411957604050286,1.6435702930998046,0.0
9.4716,10.54003,59.53855,4491.89898,0.97997,53.42387,4.334689746421388,1.6147859830933493,0.0
9.50735,10.58889,59.65187,4489.25429,0.9477,53.43387,4.261127664586102,1.5873821720748438,0.0
9.54308,10.63774,59.76124,4486.65801,0.91397,53.4439,4.191225429357521,1.5613417502136955,0.0
9.57877,10.68657,59.86652,4484.10848,0.87885,53.45398,4.124934339540536,1.536646575033321,0.0
9.61444,10.73538,59.96753,4481.60403,0.84239,53.4641,4.062203729637231,1.5132777723026567,0.0
9.65008,10.78417,60.06413,4479.14301,0.80469,53.47425,4.00298170202298,1.4912160087910218,0.0
9.68569,10.83295,60.1562,4476.72379,0.76579,53.48445,3.947215788107375,1.4704417385679556,0.0
9.72127,10.88172,60.24359,4474.34474,0.72576,53.49468,3.8948535431037983,1.4509354245705397,0.0
9.75682,10.93047,60.32618,4472.00425,0.68468,53.50496,3.845843079061741,1.4326777371719546,0.0
9.79235,10.9792,60.40387,4469.70071,0.6426,53.51528,3.800133540777233,1.4156497314706402,0.0
9.82785,11.02793,60.47653,4467.43255,0.59959,53.52564,3.757675529069582,1.3998330049720182,0.0
9.86332,11.07664,60.54408,4465.19817,0.5557,53.53603,3.7184214757665814,1.3852098372803476,0.0
9.89877,11.12534,60.60642,4462.99603,0.51101,53.54647,3.6823259745342165,1.3717633133414957,0.0
9.93419,11.17402,60.66347,4460.82455,0.46557,53.55695,3.6493460714372232,1.3594774316843903,0.0
9.96958,11.2227,60.71514,4458.68219,0.41944,53.56748,3.6194415189048996,1.348337199029967,0.0
10.00495,11.27136,60.76137,4456.56741,0.37268,53.57804,3.5925749964645273,1.3383287125201788,0.0
10.04029,11.32001,60.80208,4454.47867,0.32536,53.58864,3.5687123013522672,1.3294392307255662,0.0
10.07561,11.36865,60.83723,4452.41444,0.27752,53.59929,3.5478225118165603,1.3216572344800728,0.0
10.1109,11.41728,60.86676,4450.37318,0.22922,53.60997,3.5298781256490286,1.3149724784874517,0.0
10.14617,11.4659,60.89063,4448.35337,0.18053,53.6207,3.514855176181681,1.3093760345332748,0.0
10.18141,11.51451,60.9088,4446.35347,0.13149,53.63147,3.502733327702148,1.30486032702962,0.0
10.21663,11.56311,60.92124,4444.37194,0.08217,53.64228,3.4934959519761817,1.3014191615217143,0.0
10.25183,11.6117,60.92792,4442.40724,0.03263,53.65314,3.4871301872470757,1.2990477466667718,0.0
10.28699,11.66029,60.92882,4440.45782,-0.0171,53.66403,3.483626980851786,1.2977427101096188,0.0
10.32214,11.70886,60.92394,4438.52212,-0.06694,53.67497,3.4829811162740203,1.297502108560681,0.0
10.35726,11.75742,60.91326,4436.59856,-0.11684,53.68595,3.4851912252244603,1.2983254322961864,0.0
10.39235,11.80598,60.8968,4434.68556,-0.16675,53.69696,3.4902597850438344,1.3002136041907382,0.0
10.42742,11.85452,60.87455,4432.78151,-0.21661,53.70803,3.498193101464684,1.3031689732956224,0.0
10.46247,11.90306,60.84653,4430.88479,-0.26637,53.71913,3.5090012765151006,1.3071953028821037,0.0
10.49749,11.95159,60.81276,4428.99375,-0.31596,53.73027,3.5226981610630683,1.3122977527629434,0.0
10.53249,12.00011,60.77327,4427.10674,-0.36534,53.74146,3.5393012912624195,1.3184828556168489,0.0
10.56747,12.04863,60.72808,4425.22205,-0.41445,53.75269,3.5588318078656545,1.3257584869303733,0.0
10.60242,12.09713,60.67725,4423.33798,-0.46322,53.76395,3.5813143571344295,1.3341338280844652,0.0
10.63734,12.14563,60.62082,4421.45277,-0.5116,53.77526,3.6067769717959046,1.3436193220075774,0.0
10.67224,12.19412,60.55883,4419.56464,-0.55954,53.78661,3.635250930229914,1.354226620719182,0.0
10.70712,12.2426,60.49136,4417.67178,-0.60697,53.79801,3.6667705918153968,1.3659685239919832,0.0
10.74197,12.29108,60.41846,4415.77236,-0.65383,53.80944,3.701373206098161,1.3788589082618894,0.0
10.7768,12.33954,60.34022,4413.86447,-0.70007,53.82091,3.7390986931787373,1.392912644816709,0.0
10.8116,12.388,60.2567,4411.9462,-0.74562,53.83243,3.779989392486288,1.4081455062078225,0.0
10.84638,12.43645,60.16801,4410.0156,-0.79042,53.84398,3.8240897768434814,1.424574059731824,0.0
10.88114,12.48489,60.07423,4408.07064,-0.83441,53.85558,3.8714461285201387,1.4422155467519822,0.0
10.91587,12.53332,59.97546,4406.1093,-0.87752,53.86721,3.9221061737664087,1.4610877465522305,0.0
10.95057,12.58174,59.87182,4404.12949,-0.91969,53.87889,3.976118672126797,1.4812088233458378,0.0
10.98525,12.63016,59.76343,4402.12906,-0.96085,53.8906,4.0335329567216425,1.5025971550181636,0.0
11.01991,12.67856,59.65041,4400.10585,-1.00094,53.90236,4.094398421562081,1.5252711421379899,0.0
11.05453,12.72696,59.53288,4398.05764,-1.03989,53.91415,4.158763951933354,1.549248995760318,0.0
11.08914,12.77535,59.411,4395.98215,-1.07763,53.92598,4.226677293914982,1.5745485025560455,0.0
11.12371,12.82373,59.28491,4393.87708,-1.11408,53.93786,4.298184359204009,1.6011867658403305,0.0
11.15826,12.87209,59.15476,4391.74009,-1.14919,53.94977,4.373328461618608,1.6291799211500968,0.0
11.19279,12.92045,59.02072,4389.56877,-1.18287,53.96172,4.452149481968704,1.658542825136369,0.0
11.22728,12.9688,58.88297,4387.36069,-1.21506,53.9737,4.534682958447975,1.6892887167113593,0.0
11.26175,13.01713,58.74168,4385.11339,-1.24568,53.98573,4.620959100272243,1.7214288496028114,0.0
11.29619,13.06546,58.59704,4382.82437,-1.27466,53.99779,4.711001723083232,1.7549720957638972,0.0
11.33061,13.11377,58.44926,4380.49108,-1.30192,54.00989,4.804827105571115,1.7899245194350233,0.0
11.365,13.16207,58.29853,4378.11098,-1.32739,54.02203,4.902442767949094,1.8262889220934755,0.0
11.39935,13.21036,58.14507,4375.68149,-1.351,54.0342,5.003846174282448,1.8640643590368473,0.0
11.43368,13.25864,57.98911,4373.2,-1.37267,54.04641,5.109023362320023,1.9032456289592137,0.0
11.46798,13.3069,57.83086,4370.66393,-1.39233,54.05865,5.217947506337086,1.9438227385722842,0.0
11.50225,13.35515,57.67059,4368.07068,-1.4099,54.07093,5.330577420640198,1.9857803451215932,0.0
11.53649,13.40338,57.50852,4365.41765,-1.42531,54.08324,5.446856013776692,2.029097180538854,0.0
11.5707,13.4516,57.34492,4362.70226,-1.43849,54.09559,5.566708706114013,2.0737454619486333,0.0
11.60488,13.4998,57.18005,4359.92199,-1.44937,54.10797,5.69004182634665,2.119690294324986,0.0
11.63903,13.54798,57.01418,4357.07432,-1.45788,54.12039,5.816741005513796,2.166889072220785,0.0
11.67314,13.59615,56.84758,4354.1568,-1.46396,54.13283,5.946669590360412,2.215290888702964,0.0
11.70723,13.6443,56.68055,4351.16705,-1.46753,54.14531,6.07966710114573,2.264835960845611,0.0
11.74128,13.69243,56.51337,4348.10277,-1.46855,54.15782,6.215547762349639,2.3154550823794353,0.0
11.77529,13.74054,56.34635,4344.96175,-1.46696,54.17037,6.354099137921843,2.3670691152861743,0.0
11.80927,13.78863,56.17978,4341.7419,-1.46269,54.18294,6.495080905791043,2.419588533271015,0.0
11.84322,13.8367,56.01397,4338.44126,-1.45572,54.19554,6.638223809024791,2.472913031042042,0.0
11.87713,13.88475,55.84924,4335.058,-1.44598,54.20818,6.783228823270869,2.526931214160252,0.0
11.91101,13.93277,55.6859,4331.59048,-1.43346,54.22084,6.929766581689282,2.581520384811583,0.0
11.94484,13.98078,55.52427,4328.03722,-1.41812,54.23353,7.077477099379684,2.6365464391488844,0.0
11.97864,14.02875,55.36467,4324.39698,-1.39993,54.24625,7.225969839076367,2.6918638917650237,0.0
12.01241,14.0767,55.20743,4320.6687,-1.37889,54.25899,7.374824158589194,2.7473160423764154,0.0
12.04613,14.12463,55.05286,4316.85158,-1.35498,54.27176,7.523590177744946,2.8027352987814735,0.0
12.07981,14.17252,54.9013,4312.94509,-1.32822,54.28456,7.671790098607666,2.8579436686774353,0.0
12.11346,14.22039,54.75305,4308.94895,-1.29861,54.29738,7.8189200070593365,2.9127534307965606,0.0
12.14706,14.26823,54.60844,4304.86319,-1.26618,54.31023,7.964452176724961,2.9669679931788457,0.0
12.18062,14.31604,54.46778,4300.68815,-1.23095,54.3231,8.107837887461482,3.020382943133306,0.0
12.21417,14.3638,54.33064,4296.42597,-1.20599,54.27208,8.24936490191328,3.0731054798164648,-22.999999607662296
12.24772,14.41148,54.19659,4292.0785,-1.17854,54.21991,8.389370530278615,3.1252612601523384,-22.999999607662296
12.28129,14.4591,54.0659,4287.64609,-1.14865,54.16661,8.527370362806161,3.176669828762971,-22.999999607662296
12.31486,14.50664,53.93882,4283.1294,-1.11634,54.11218,8.662862792189038,3.2271443237284676,-22.999999607662296
12.34845,14.5541,53.81564,4278.52937,-1.08168,54.05664,8.79533524344553,3.276493797381479,-22.999999607662296
12.38204,14.60148,53.6966,4273.84723,-1.04471,54.00002,8.924267696202794,3.3245245284505613,-22.999999607662296
12.41565,14.64879,53.58195,4269.08453,-1.0055,53.94233,9.049136547905718,3.3710414612071236,-22.999999607662296
12.44926,14.69602,53.47193,4264.24314,-0.96412,53.88361,9.169418780663172,3.415849757725291,-22.999999607662296
12.48288,14.74316,53.36677,4259.32523,-0.92068,53.82389,9.284596384748166,3.4587564457521025,-22.999999607662296
12.51652,14.79022,53.26669,4254.33327,-0.87525,53.76321,9.394160982539221,3.499572141247339,-22.999999607662296
12.55016,14.8372,53.17188,4249.27005,-0.82795,53.70162,9.497618588160279,3.538112821474616,-22.999999607662296
12.58382,14.88409,53.08254,4244.13867,-0.77888,53.63915,9.5944944306815,3.5742016217705936,-22.999999607662296
12.61748,14.93089,52.99886,4238.94249,-0.72819,53.57586,9.684337762822521,3.6076706269134635,-22.999999607662296
12.65116,14.9776,52.92098,4233.68516,-0.67599,53.51181,9.766726572858973,3.6383626264321,-22.999999607662296
12.68484,15.02422,52.84906,4228.37059,-0.62242,53.44704,9.841272115334036,3.666132802415329,-22.999999607662296
12.71854,15.07076,52.78322,4223.00295,-0.56764,53.38162,9.907623176233407,3.6908503184018273,-22.999999607662296
12.75224,15.1172,52.72358,4217.58661,-0.51179,53.31562,9.965469990710842,3.7123997788359633,-22.999999607662296
12.78595,15.16354,52.67023,4212.12615,-0.45504,53.24909,10.014547736296944,3.730682530379989,-22.999999607662296
12.81968,15.2098,52.62324,4206.62631,-0.39755,53.18211,10.054639531643007,3.7456177790250207,-22.999999607662296
12.85341,15.25596,52.58268,4201.09202,-0.3395,53.11475,10.085578880203052,3.757143500426891,-22.999999607662296
12.88715,15.30202,52.54857,4195.52828,-0.28104,53.04708,10.107251509401937,3.7652171250446695,-22.999999607662296
12.9209,15.34799,52.52094,4189.94023,-0.22236,52.97917,10.119596568674897,3.7698159844419057,-22.999999607662296
12.95466,15.39386,52.49979,4184.33304,-0.16363,52.91109,10.122607163652157,3.770937510284456,-22.999999607662296
12.98842,15.43964,52.48508,4178.71192,-0.10503,52.84292,10.116330218328638,3.7685991829950742,-22.999999607662296
13.02219,15.48532,52.47679,4173.0821,-0.04672,52.77474,10.100865671897154,3.7628382325526406,-22.999999607662296
13.05597,15.5309,52.47485,4167.44877,0.0111,52.70661,10.076365031344988,3.7537110992963085,-22.999999607662296
13.08976,15.57639,52.47919,4161.81706,0.06828,52.63861,10.043029314619874,3.7412926677007077,-22.999999607662296
13.12356,15.62178,52.4897,4156.19203,0.12465,52.5708,10.001106431576941,3.7256752907097757,-22.999999607662296
13.15736,15.66708,52.50627,4150.57863,0.18004,52.50327,9.950888060769804,3.706967626259259,-22.999999607662296
13.19116,15.71228,52.52878,4144.98166,0.2343,52.43607,9.892706089018576,3.685293310922116,-22.999999607662296
13.22498,15.75738,52.55707,4139.40577,0.28728,52.36926,9.82692868750077,3.6607894981491382,-22.999999607662296
13.25879,15.80239,52.59099,4133.85546,0.33884,52.30292,9.753956102572257,3.633605290239003,-22.999999607662296
13.29262,15.8473,52.63035,4128.33499,0.38883,52.23709,9.674216241811644,3.6039000940236656,-22.999999607662296
13.32644,15.89212,52.67497,4122.84843,0.43713,52.17184,9.588160135767232,3.5718419302496995,-22.999999607662296
13.36027,15.93685,52.72464,4117.39964,0.48362,52.10722,9.496257353827836,3.5376057258695504,-22.999999607662296
13.39411,15.98148,52.77915,4111.9922,0.52819,52.04327,9.39899144872098,3.501371616997258,-22.999999607662296
13.42794,16.02602,52.83828,4106.62949,0.57073,51.98004,9.296855498600815,3.463323288218913,-22.999999607662296
13.46178,16.07048,52.90179,4101.3146,0.61116,51.91757,9.190347808890017,3.4236463714156655,-22.999999607662296
13.49563,16.11484,52.96944,4096.05039,0.64938,51.85589,9.079967828171606,3.382526924325973,-22.999999607662296
13.52947,16.15911,53.04098,4090.83946,0.68533,51.79505,8.966212324009865,3.3401500059382747,-22.999999607662296
13.56332,16.2033,53.11615,4085.68412,0.71895,51.73507,8.849571855756388,3.296698362518429,-22.999999607662296
13.59717,16.2474,53.19469,4080.58647,0.75016,51.67597,8.730527572482579,3.2523512347553316,-22.999999607662296
13.63102,16.29142,53.27633,4075.54831,0.77894,51.61778,8.60954835563661,3.207283293325437,-22.999999607662296
13.66487,16.33535,53.36081,4070.57124,0.80523,51.56051,8.487088317693336,3.1616637070740485,-22.999999607662296
13.69872,16.3792,53.44786,4065.65658,0.82902,51.50419,8.36358466053778,3.1156553452068114,-22.999999607662296
13.73257,16.42297,53.5372,4060.80544,0.85028,51.44881,8.239455890466987,3.0694141123309375,-22.999999607662296
13.76642,16.46666,53.62855,4056.01869,0.869,51.39439,8.115100380689286,3.02308841294836,-22.999999607662296
13.80027,16.51027,53.72165,4051.297,0.88518,51.34093,7.990895267100056,2.9768187401031496,-22.999999607662296
13.83412,16.5538,53.81622,4046.64083,0.89881,51.28843,7.867195658979196,2.9307373813455566,-22.999999607662296
13.86797,16.59726,53.91199,4042.05045,0.90991,51.2369,7.744334142959443,2.8849682339471556,-22.999999607662296
13.90182,16.64064,54.0087,4037.52593,0.91849,51.18632,7.62262055621687,2.8396267204083423,-22.999999607662296
13.93567,16.68395,54.10607,4033.06719,0.92458,51.13669,7.502342003291752,2.794819794724542,-22.999999607662296
13.96951,16.72719,54.20385,4028.67397,0.92819,51.088,7.383763090035172,2.7506460295374837,-22.999999607662296
14.00335,16.77036,54.30177,4024.34589,0.92937,51.04024,7.2671263480110575,2.7071957742361192,-22.999999607662296
14.03719,16.81346,54.39959,4020.0824,0.92815,50.99339,7.152652822992286,2.6645513741869102,-22.999999607662296
14.07103,16.85649,54.49705,4015.88284,0.92458,50.94744,7.040542802042745,2.622787441591025,-22.999999607662296
14.10487,16.89945,54.59391,4011.74643,0.91869,50.90238,6.930976654811571,2.581971168888576,-22.999999607662296
14.1387,16.94235,54.68994,4007.67227,0.91054,50.85818,6.824115766167806,2.542162676189575,-22.999999607662296
14.17253,16.98519,54.7849,4003.65939,0.90017,50.81482,6.720103538970536,2.503415384832187,-22.999999607662296
14.20636,17.02796,54.87856,3999.70669,0.88765,50.77228,6.619066447590736,2.4657764098473414,-22.999999607662296
14.24018,17.07067,54.97071,3995.81304,0.87304,50.73055,6.521115124687444,2.429286964811449,-22.999999607662296
14.27401,17.11332,55.06114,3991.97719,0.85638,50.68958,6.426345465656043,2.3939827732824517,-22.999999607662296
14.30782,17.15591,55.14964,3988.19786,0.83775,50.64938,6.334839737065467,2.35989448172184,-22.999999607662296
14.34164,17.19844,55.23601,3984.47368,0.81721,50.60989,6.246667677223784,2.3270480694842943,-22.999999607662296
14.37545,17.24092,55.32006,3980.80326,0.79482,50.57111,6.161887578754386,2.2954652521058003,-22.999999607662296
14.40926,17.28334,55.40161,3977.18514,0.77065,50.533,6.0805473447192195,2.265163874737338,-22.999999607662296
14.44306,17.3257,55.48048,3973.61784,0.74476,50.49554,6.0026855113105695,2.2361582931244817,-22.999999607662296
14.47686,17.36801,55.55651,3970.09982,0.71723,50.4587,5.928332231542778,2.2084597400584474,-22.999999607662296
14.51066,17.41027,55.62952,3966.62951,0.68813,50.42245,5.857510215589291,2.182076675676384,-22.999999607662296
14.54445,17.45247,55.69937,3963.20535,0.65751,50.38676,5.7902356245443976,2.157015120411139,-22.999999607662296
14.57824,17.49462,55.76591,3959.8257,0.62547,50.35161,5.726518915338241,2.133278969744328,-22.999999607662296
14.61202,17.53672,55.82901,3956.48893,0.59205,50.31697,5.6663656353825775,2.1108702902327927,-22.999999607662296
14.6458,17.57878,55.88852,3953.19339,0.55734,50.2828,5.60977716623292,2.0897895965423117,-22.999999607662296
14.67958,17.62078,55.94433,3949.9374,0.5214,50.24909,5.556751416177256,2.0700361094551254,-22.999999607662296
14.71335,17.66273,55.99632,3946.71928,0.48431,50.21579,5.507283462102613,2.051607994982114,-22.999999607662296
14.74712,17.70464,56.04437,3943.53731,0.44614,50.18289,5.461366141447888,2.0345025848808103,-22.999999607662296
14.78088,17.7465,56.0884,3940.38979,0.40695,50.15035,5.418990595301709,2.0187165789736365,-22.999999607662296
14.81464,17.78831,56.12831,3937.27498,0.36682,50.11815,5.380146763971674,2.004246229760485,-22.999999607662296
14.84838,17.83009,56.16448,3934.19003,0.33513,50.132,5.344460360515236,1.9909521055071764,0.0
14.88209,17.87186,56.19731,3931.13236,0.30258,50.14589,5.311569064730092,1.9786992324051338,0.0
14.91576,17.9136,56.22673,3928.10061,0.26922,50.15981,5.28148040828551,1.9674904161993287,0.0
14.94939,17.95533,56.25266,3925.09341,0.23513,50.17376,5.254199953288743,1.9573277289210627,0.0
14.98299,17.99704,56.27503,3922.10937,0.20036,50.18774,5.2297318597195,1.948212720272232,0.0
15.01655,18.03874,56.29379,3919.14708,0.16497,50.20175,5.208079147820344,1.940146515372658,0.0
15.05007,18.08041,56.30887,3916.20512,0.12902,50.21579,5.189243932375851,1.9331299020352397,0.0
15.08357,18.12208,56.32023,3913.28203,0.09258,50.22986,5.1732276291826995,1.9271634076814912,0.0
15.11702,18.16372,56.32783,3910.37637,0.05571,50.24397,5.160031134076419,1.9222473660337187,0.0
15.15044,18.20535,56.33162,3907.48665,0.01847,50.2581,5.1496549748408205,1.9183819737052776,0.0
15.18383,18.24697,56.3316,3904.61139,-0.01908,50.27227,5.142099436364914,1.9155673368248207,0.0
15.21718,18.28857,56.32772,3901.74908,-0.05688,50.28647,5.137364659340363,1.913803507803694,0.0
15.2505,18.33015,56.31997,3898.89821,-0.09485,50.3007,5.135450712799531,1.9130905123582698,0.0
15.28379,18.37172,56.30835,3896.05722,-0.13296,50.31496,5.136357640706143,1.9134283668661922,0.0
15.31704,18.41328,56.29285,3893.22457,-0.17112,50.32925,5.1400854827985105,1.9148170861310279,0.0
15.35025,18.45482,56.27347,3890.3987,-0.20928,50.34358,5.146634269793603,1.917256681595656,0.0
15.38343,18.49634,56.25022,3887.578,-0.24737,50.35793,5.156003993035536,1.9207471500355315,0.0
15.41658,18.53785,56.22312,3884.76089,-0.28533,50.37232,5.16819454858841,1.9252884527317982,0.0
15.4497,18.57934,56.19219,3881.94575,-0.32311,50.38674,5.18320565575063,1.930880485115725,0.0
15.48278,18.62082,56.15746,3879.13095,-0.36063,50.40119,5.201036749895028,1.937523036848837,0.0
15.51582,18.66229,56.11896,3876.31483,-0.39783,50.41567,5.22168684953727,1.9452157423023935,0.0
15.54883,18.70374,56.07673,3873.49574,-0.43465,50.43018,5.245154397484995,1.953958021381269,0.0
15.58181,18.74518,56.03082,3870.672,-0.47104,50.44473,5.271437075934013,1.9637490106424182,0.0
15.61475,18.7866,55.98129,3867.84192,-0.50692,50.4593,5.300531595373542,1.9745874846565215,0.0
15.64766,18.828,55.92819,3865.00379,-0.54223,50.4739,5.332433457207878,1.9864717675783146,0.0
15.68054,18.86939,55.87158,3862.1559,-0.57691,50.48854,5.367136690046931,1.9993996349078715,0.0
15.71338,18.91077,55.81155,3859.29651,-0.6109,50.5032,5.404633559708311,2.0133682054587543,0.0
15.74618,18.95213,55.74817,3856.42388,-0.64413,50.5179,5.444914253084645,2.0283738235902677,0.0
15.77896,18.99348,55.68152,3853.53627,-0.67655,50.53262,5.487966536164535,2.0444119318112697,0.0
15.81169,19.03481,55.61169,3850.63192,-0.70808,50.54738,5.533775386687142,2.0614769339343377,0.0
15.84439,19.07612,55.53879,3847.70905,-0.73868,50.56216,5.582322602121375,2.0795620490377043,0.0
15.87706,19.11742,55.46291,3844.7659,-0.76827,50.57698,5.633586383929316,2.09865915659244,0.0
15.90969,19.1587,55.38417,3841.8007,-0.79679,50.59182,5.687540899349983,2.118758633215379,0.0
15.94229,19.19997,55.30268,3838.81168,-0.82419,50.60669,5.744155822314632,2.1398491816479854,0.0
15.97485,19.24122,55.21856,3835.79707,-0.85041,50.62159,5.803395855475242,2.1619176526993935,0.0
16.00737,19.28245,55.13193,3832.7551,-0.87538,50.63652,5.865220235757112,2.184948861051737,0.0
16.03986,19.32367,55.04294,3829.68403,-0.89905,50.65147,5.92958222635277,2.208925396014512,0.0
16.07232,19.36487,54.95171,3826.58211,-0.92135,50.66645,5.996428598557087,2.233827428494527,0.0
16.10473,19.40605,54.85839,3823.44763,-0.94225,50.68146,6.065699107436285,2.2596325156688093,0.0
16.13711,19.44721,54.76313,3820.27887,-0.96167,50.6965,6.1373259658942345,2.2863154050604653,0.0
16.16945,19.48835,54.66609,3817.07418,-0.97956,50.71156,6.2112333223339675,2.313847839953849,0.0
16.20176,19.52948,54.56742,3813.8319,-0.99588,50.72665,6.28733674774538,2.342198368321235,0.0
16.23403,19.57059,54.46729,3810.55042,-1.01058,50.74177,6.365542738681964,2.371332157668577,0.0
16.26626,19.61167,54.36586,3807.2282,-1.0236,50.75691,6.445748243276588,2.4012108184639085,0.0
16.29845,19.65274,54.2633,3803.86371,-1.0349,50.77207,6.527840218012949,2.4317922390230544,0.0
16.3306,19.69379,54.15981,3800.45549,-1.04445,50.78726,6.61169522358932,2.4630304349582373,0.0
16.36271,19.73481,54.05554,3797.00214,-1.05218,50.80247,6.697179068734911,2.4948754164903026,0.0
16.39479,19.77582,53.95069,3793.50234,-1.05809,50.81771,6.784146511288581,2.527273077092674,0.0
16.42682,19.8168,53.84545,3789.95482,-1.06211,50.83297,6.872441026199545,2.560165107065514,0.0
16.45881,19.85776,53.74,3786.35843,-1.06424,50.84826,6.961894650330587,2.5934889357208317,0.0
16.49077,19.8987,53.63454,3782.71206,-1.06444,50.86356,7.052327914041319,2.627177705895452,0.0
16.52268,19.93961,53.52925,3779.01475,-1.06268,50.87889,7.143549869399898,2.661160284460622,0.0
16.55455,19.9805,53.42434,3775.26561,-1.05896,50.89424,7.235358224618078,2.6953613124026017,0.0
16.58638,20.02137,53.32001,3771.46386,-1.05325,50.9096,7.327539593737432,2.7297012978373556,0.0
16.61817,20.06221,53.21643,3767.60887,-1.04555,50.92499,7.419869869886488,2.764096755058653,0.0
16.64991,20.10302,53.11383,3763.70011,-1.03585,50.9404,7.512114729387354,2.7984603923310525,0.0
16.68161,20.14381,53.01238,3759.73719,-1.02417,50.95583,7.604030272726187,2.832701350668265,0.0
16.71327,20.18458,52.91228,3755.71986,-1.01049,50.97128,7.695363806856562,2.866725495261744,0.0
16.74488,20.22531,52.81374,3751.64801,-0.99485,50.98674,7.785854771494031,2.9004357605497755,0.0
16.77645,20.26602,52.71693,3747.52171,-0.97725,51.00223,7.875235810000125,2.9337325491499575,0.0
16.80798,20.30669,52.62205,3743.34114,-0.95773,51.01773,7.963233983172111,2.9665141840278064,0.0
16.83946,20.34734,52.52929,3739.10668,-0.93631,51.03325,8.049572121750888,2.9986774123415474,0.0
16.87089,20.38796,52.43881,3734.81887,-0.91303,51.04878,8.133970310814055,3.030117958417579,0.0
16.90228,20.42855,52.35081,3730.47838,-0.88794,51.06433,8.216147496497213,3.060731122296441,0.0
16.93362,20.46911,52.26544,3726.08611,-0.86108,51.07989,8.295823202648906,3.0904124192319458,0.0
16.96491,20.50963,52.18287,3721.64307,-0.83253,51.09547,8.372719342288189,3.1190582545067813,0.0
16.99616,20.55013,52.10326,3717.15048,-0.80233,51.11107,8.446562106045066,3.1465666269262647,0.0
17.02736,20.59059,52.02677,3712.60971,-0.77057,51.12668,8.517083907249553,3.1728378534152,0.0
17.05851,20.63102,51.95352,3708.0223,-0.73731,51.1423,8.584025361161835,3.1977753063331824,0.0
17.08961,20.67141,51.88366,3703.38996,-0.70264,51.15793,8.647137273839897,3.221286154380123,0.0
17.12066,20.71177,51.81732,3698.71454,-0.66666,51.17358,8.706182614759323,3.2432820974490295,0.0
17.15167,20.7521,51.7546,3693.99806,-0.62944,51.18924,8.760938446199052,3.263680085372962,0.0
17.18262,20.79238,51.69561,3689.24268,-0.5911,51.20491,8.811197781993227,3.2824030103590043,0.0
17.21352,20.83264,51.64045,3684.45068,-0.55174,51.22059,8.856771348330339,3.299380362932276,0.0
17.24437,20.87285,51.5892,3679.6245,-0.51146,51.23629,8.897489219982583,3.3145488414744193,0.0
17.27518,20.91303,51.54193,3674.76666,-0.47038,51.25199,8.933202306697742,3.3278529059436806,0.0
17.30593,20.95318,51.49871,3669.87982,-0.42862,51.26771,8.963783666337381,3.3392452670534447,0.0
17.33663,20.99328,51.45959,3664.96671,-0.38629,51.28343,8.989129623922494,3.3486873031461797,0.0
17.36728,21.03335,51.42459,3660.03016,-0.34352,51.29917,9.00916067864075,3.356149398077499,0.0
17.39787,21.07338,51.39376,3655.07305,-0.30043,51.31491,9.023822184409875,3.361611194743932,0.0
17.42842,21.11337,51.3671,3650.09833,-0.25715,51.33067,9.033084793316487,3.365061760275553,0.0
17.45891,21.15332,51.34461,3645.10898,-0.21381,51.34643,9.036944655385556,3.366499660455365,0.0
17.48935,21.19324,51.32629,3640.10802,-0.17052,51.36221,9.035423372291222,3.365932942475358,0.0
17.51974,21.23311,51.3121,3635.09847,-0.12742,51.37799,9.0285677069349,3.3633790267467174,0.0
17.55008,21.27294,51.30202,3630.08337,-0.08464,51.39378,9.016449054979544,3.3588645100324235,0.0
17.58037,21.31274,51.296,3625.06571,-0.04229,51.40958,8.999162688428024,3.3524248836603037,0.0
17.6106,21.35249,51.29397,3620.04848,-0.0005,51.42539,8.976826785088413,3.3441041719733127,0.0
17.64078,21.39221,51.29588,3615.03463,0.04061,51.44121,8.949581261083361,3.33395449740855,0.0
17.67091,21.43188,51.30163,3610.02703,0.08093,51.45704,8.917586426436575,3.322035579667858,0.0
17.70098,21.47152,51.31114,3605.02851,0.12033,51.47287,8.88102148621129,3.3084141773524594,0.0
17.73101,21.51112,51.32431,3600.04181,0.15873,51.48872,8.840082911391976,3.293163481073533,0.0
17.76098,21.55067,51.34102,3595.06958,0.196,51.50457,8.794982705020647,3.2763624675423664,0.0
17.7909,21.59019,51.36116,3590.11439,0.23206,51.52044,8.745946589716588,3.2580952243737595,0.0
17.82076,21.62967,51.3846,3585.17869,0.2668,51.53631,8.693212142768704,3.2384502553588668,0.0
17.85058,21.66911,51.4112,3580.26482,0.30014,51.55219,8.637026904569618,3.217519775807118,0.0
17.88035,21.70851,51.44082,3575.375,0.332,51.56808,8.577646485184168,3.1953990071931724,0.0
17.91006,21.74787,51.4733,3570.51133,0.3623,51.58398,8.515332692431809,3.172185479818355,0.0
17.93972,21.78719,51.5085,3565.67578,0.39096,51.5999,8.450351703126922,3.1479783515495563,0.0
17.96933,21.82648,51.54624,3560.87019,0.41793,51.61582,8.382972297032262,3.1228777499204234,0.0
17.99889,21.86572,51.58636,3556.09626,0.44314,51.63175,8.313464170771141,3.096984144019285,0.0
18.02841,21.90493,51.62869,3551.35554,0.46655,51.64769,8.242096346476853,3.0703977516691916,0.0
18.05787,21.9441,51.67305,3546.64948,0.48811,51.66364,8.169135687452929,3.0432179864723046,0.0
18.08728,21.98324,51.71927,3541.97936,0.50777,51.67961,8.094845530503466,3.0155429483169596,0.0
18.11664,22.02234,51.76716,3537.34634,0.52551,51.69558,8.01948444210723,2.9874689600197883,0.0
18.14595,22.0614,51.81654,3532.75142,0.5413,51.71157,7.9433051031715385,2.959090151867202,0.0
18.17522,22.10042,51.86723,3528.19551,0.55512,51.72757,7.866553324830215,2.930498094974232,0.0
18.20444,22.13942,51.91903,3523.67934,0.56695,51.74358,7.789467195613758,2.9017814835829734,0.0
18.23361,22.17837,51.97176,3519.20355,0.57678,51.75961,7.7122763584501195,2.873025865726358,0.0
18.26273,22.21729,52.02525,3514.76864,0.58462,51.77565,7.635201414233612,2.8443134210418752,0.0
18.2918,22.25618,52.07929,3510.37499,0.59045,51.7917,7.558453447298613,2.815722783998044,0.0
18.32083,22.29503,52.13371,3506.02286,0.5943,51.80776,7.482233666865043,2.7873289103234193,0.0
18.34981,22.33385,52.18833,3501.71242,0.59617,51.82384,7.406733157569908,2.7592029840730237,0.0
18.37874,22.37264,52.24295,3497.4437,0.59607,51.83993,7.332132731435654,2.731412362482669,0.0
18.40763,22.41139,52.29742,3493.21664,0.59403,51.85604,7.258602873085574,2.704020555560254,0.0
18.43648,22.45012,52.35154,3489.0311,0.59007,51.87216,7.186303769641698,2.67708723722351,0.0
18.46528,22.48881,52.40516,3484.88682,0.58422,51.8883,7.11538541659241,2.65066828473848,0.0
18.49403,22.52747,52.45809,3480.78347,0.57652,51.90445,7.0459877908688116,2.624815843195013,0.0
18.52274,22.5661,52.51017,3476.72062,0.567,51.92062,6.978241082511229,2.5995784118086362,0.0
18.55141,22.6047,52.56125,3472.69778,0.5557,51.93681,6.912265976515706,2.575000948915791,0.0
18.58003,22.64327,52.61116,3468.71436,0.54266,51.95301,6.8481739767876375,2.5511249926550805,0.0
18.60861,22.68181,52.65976,3464.76972,0.52792,51.96922,6.786067764534722,2.5279887944780772,0.0
18.63714,22.72032,52.70689,3460.86315,0.51154,51.98546,6.726041583842635,2.5056274627864075,0.0
18.66564,22.7588,52.75241,3456.99386,0.49357,52.00171,6.668181647747739,2.4840731142045165,0.0
18.69409,22.79726,52.79618,3453.16102,0.47405,52.01798,6.612566558573065,2.4633550301658858,0.0
18.7225,22.83569,52.83807,3449.36374,0.45305,52.03427,6.559267736850586,2.4434998166978614,0.0
18.75087,22.87409,52.87796,3445.60108,0.43062,52.05057,6.508349853703958,2.4245315654956068,0.0
18.7792,22.91246,52.91572,3441.87203,0.40681,52.06689,6.45987126205041,2.406472014556146,0.0
18.80748,22.95081,52.95124,3438.17557,0.38169,52.08324,6.41388442252326,2.389340706845713,0.0
18.83573,22.98913,52.9844,3434.51062,0.35532,52.0996,6.370436320484985,2.3731551456480884,0.0
18.86393,23.02742,53.0151,3430.87604,0.32776,52.11598,6.329568870950303,2.3579309454091075,0.0
18.8921,23.06569,53.04325,3427.27068,0.29907,52.13237,6.291319308674463,2.3436819770548043,0.0
18.92022,23.10394,53.06874,3423.69335,0.26933,52.14879,6.2557205610699365,2.330420506912696,0.0
18.94831,23.14216,53.0915,3420.14281,0.23859,52.16523,6.222801601920801,2.3181573284796992,0.0
18.97636,23.18035,53.11144,3416.6178,0.20692,52.18168,6.1925877842558785,2.306901886426128,0.0
19.00436,23.21852,53.12849,3413.11703,0.17439,52.19816,6.165101150974517,2.2966623923119727,0.0
19.03233,23.25667,53.14258,3409.63918,0.14106,52.21465,6.140360722103531,2.28744593159767,0.0
19.06026,23.29479,53.15365,3406.18291,0.10701,52.23117,6.118382757779437,2.2792585616119005,0.0
19.08815,23.33289,53.16165,3402.74683,0.07231,52.2477,6.099180996238476,2.27210540020914,0.0
19.116,23.37097,53.16652,3399.32956,0.03702,52.26426,6.082766866283361,2.2659907049191075,0.0
19.14382,23.40902,53.16823,3395.92967,0.00122,52.28083,6.069149673805376,2.260917942431161,0.0
19.17159,23.44705,53.16673,3392.54571,-0.03503,52.29743,6.058336762088608,2.2568898483118347,0.0
19.19933,23.48505,53.162,3389.17622,-0.07165,52.31405,6.050333645712434,2.2539084768870445,0.0
19.22703,23.52304,53.15401,3385.81972,-0.10858,52.33068,6.045144117938981,2.25197524124674,0.0
19.25469,23.561,53.14274,3382.4747,-0.14573,52.34734,6.042770331566252,2.2510909433648196,0.0
19.28231,23.59894,53.12819,3379.13964,-0.18305,52.36401,6.0432128532602425,2.2512557943392784,0.0
19.3099,23.63685,53.11036,3375.81299,-0.22045,52.38071,6.04647069145432,2.252469424785453,0.0
19.33745,23.67475,53.08923,3372.49319,-0.25787,52.39743,6.052541297930853,2.2547308854252317,0.0
19.36496,23.71262,53.06482,3369.17868,-0.29524,52.41417,6.061420543253274,2.2580386379348383,0.0
19.39243,23.75047,53.03715,3365.86785,-0.33248,52.43092,6.07310266626298,2.2623905361311096,0.0
19.41987,23.78829,53.00624,3362.55911,-0.36952,52.4477,6.087580197897755,2.267783797591847,0.0
19.44727,23.8261,52.9721,3359.25084,-0.40629,52.4645,6.104843859655749,2.2742149658309776,0.0
19.47463,23.86388,52.93479,3355.94139,-0.44271,52.48131,6.124882437080549,2.2816798631684194,0.0
19.50195,23.90164,52.89433,3352.62914,-0.47872,52.49815,6.147682628724328,2.2901735344648744,0.0
19.52924,23.93938,52.85077,3349.31243,-0.51425,52.51501,6.173228871149414,2.299690181930311,0.0
19.55649,23.97709,52.80416,3345.9896,-0.54922,52.53188,6.201503140607025,2.3102230912440733,0.0
19.5837,24.01478,52.75457,3342.65898,-0.58357,52.54878,6.232484732210588,2.3217645492911365,0.0
19.61088,24.05245,52.70205,3339.31889,-0.61722,52.56569,6.266150017497294,2.3343057538474006,0.0
19.63801,24.0901,52.64668,3335.96767,-0.6501,52.58262,6.3024721815148,2.347836715637575,0.0
19.66511,24.12773,52.58853,3332.60362,-0.68214,52.59958,6.341420940720872,2.362346153245368,0.0
19.69217,24.16533,52.52768,3329.22508,-0.71329,52.61655,6.382962243209601,2.37782138143987,0.0
19.7192,24.2029,52.46422,3325.83037,-0.74346,52.63353,6.427057953038886,2.394248193579232,0.0
19.74618,24.24046,52.39825,3322.41782,-0.77259,52.65054,6.473665520709779,2.4116107388555497,0.0
19.77313,24.27799,52.32986,3318.98577,-0.80062,52.66756,6.522737642103601,2.42989139523997,0.0
19.80004,24.3155,52.25916,3315.53256,-0.82748,52.68461,6.574221908565568,2.449070639129631,0.0
19.82691,24.35298,52.18625,3312.05657,-0.8531,52.70166,6.628060451116771,2.469126912807264,0.0
19.85374,24.39044,52.11126,3308.55618,-0.87744,52.71874,6.684189582175791,2.49003649097307,0.0
19.88053,24.42787,52.03429,3305.02978,-0.90041,52.73583,6.742539438513886,2.51177334773613,0.0
19.90729,24.46528,51.95549,3301.47582,-0.92198,52.75294,6.803033629591793,2.534309025610612,0.0
19.934,24.50266,51.87497,3297.89275,-0.94208,52.77006,6.8655888957864715,2.557612508196242,0.0
19.96068,24.54002,51.79287,3294.27906,-0.96065,52.7872,6.930114781420147,2.581650098373017,0.0
19.98731,24.57735,51.70932,3290.6333,-0.97764,52.80436,6.996513327883932,2.606385303981679,0.0
20.01391,24.61465,51.62448,3286.95403,-0.99301,52.82152,7.064678792479155,2.6317787330847153,0.0
20.04046,24.65193,51.53848,3283.23989,-1.0067,52.83871,7.134497398944471,2.6577880010311428,0.0
20.06698,24.68918,51.45147,3279.48956,-1.01868,52.8559,7.20584712588104,2.6843676516393153,0.0
20.09345,24.7264,51.36362,3275.70177,-1.0289,52.87312,7.278597539549149,2.711469094909273,0.0
20.11989,24.7636,51.27506,3271.87534,-1.03732,52.89034,7.35260967759744,2.739040563708815,0.0
20.14628,24.80077,51.18597,3268.00914,-1.04391,52.90757,7.427735990376708,2.767027091911346,0.0
20.17263,24.8379,51.0965,3264.10212,-1.04864,52.92482,7.503820346443588,2.79537051644615,0.0
20.19894,24.87501,51.00682,3260.15332,-1.05148,52.94208,7.580698108698112,2.8240095056616243,0.0
20.2252,24.91209,50.91708,3256.16187,-1.05241,52.95935,7.658196287290479,2.8528796162870806,0.0
20.25143,24.94914,50.82745,3252.12698,-1.05141,52.97663,7.736133775050243,2.8819133811363136,0.0
20.27761,24.98615,50.73811,3248.04797,-1.04848,52.99393,7.81432167058494,2.9110404294703334,0.0
20.30375,25.02314,50.64921,3243.92426,-1.0436,53.01123,7.8925636934630115,2.940187641663936,0.0
20.32984,25.06009,50.56092,3239.7554,-1.03677,53.02854,7.970656695043296,2.9692793395031267,0.0
20.35589,25.09701,50.4734,3235.54101,-1.02799,53.04586,8.048391267410121,2.9982375130294643,0.0
20.3819,25.1339,50.38683,3231.28088,-1.01727,53.06319,8.125552451723843,3.0269820844192723,0.0
20.40786,25.17075,50.30135,3226.9749,-1.00463,53.08052,8.201920545904658,3.055431208867116,0.0
20.43378,25.20757,50.21714,3222.62308,-0.99008,53.09787,8.277272010114654,3.0835016119016854,0.0
20.45965,25.24436,50.13435,3218.22558,-0.97366,53.11521,8.351380466885423,3.1111089619596477,0.0
20.48548,25.2811,50.05313,3213.78269,-0.95539,53.13257,8.424017791078011,3.1381682764244103,0.0
20.51126,25.31782,49.97364,3209.29482,-0.93532,53.14993,8.494955283129261,3.1645943586912497,0.0
20.537,25.3545,49.89602,3204.76254,-0.91348,53.1673,8.563964917249475,3.1903022631537827,0.0
20.56268,25.39114,49.82041,3200.18656,-0.88992,53.18467,8.630820654544882,3.215207784376638,0.0
20.58833,25.42774,49.74695,3195.5677,-0.86472,53.20205,8.695299809333312,3.239227966083996,0.0
20.61392,25.4643,49.67578,3190.90695,-0.83791,53.21943,8.757184455364843,3.2622816250137747,0.0
20.63947,25.50083,49.607,3186.20542,-0.80959,53.23681,8.81626285722618,3.2842898841534285,0.0
20.66497,25.53732,49.54075,3181.46436,-0.77981,53.2542,8.872330911032657,3.305176709435623,0.0
20.69042,25.57376,49.47714,3176.68515,-0.74866,53.27159,8.925193577494044,3.324869443592954,0.0
20.71582,25.61017,49.41627,3171.8693,-0.71623,53.28898,8.974666289749852,3.3432993306136454,0.0
20.74118,25.64654,49.35822,3167.01843,-0.68261,53.30637,9.02057631805499,3.360402024122854,0.0
20.76648,25.68286,49.3031,3162.13428,-0.64788,53.32377,9.062764073214021,3.3761180729462374,0.0
20.79174,25.71915,49.25098,3157.21873,-0.61216,53.34117,9.101084331138665,3.3903933772898345,0.0
20.81695,25.75539,49.20193,3152.27371,-0.57555,53.35856,9.135407361479432,3.403179609185051,0.0
20.8421,25.79159,49.15601,3147.30129,-0.53815,53.37596,9.16561994433659,3.41443459124024,0.0
20.86721,25.82775,49.11326,3142.30361,-0.50007,53.39336,9.191626260490459,3.4241226282749153,0.0
20.89227,25.86386,49.07374,3137.28288,-0.46143,53.41076,9.21334864225032,3.4322147870307274,0.0
20.91728,25.89994,49.03747,3132.24138,-0.42235,53.42815,9.23072817407921,3.438689119919992,0.0
20.94224,25.93596,49.00448,3127.18145,-0.38294,53.44555,9.243725134345448,3.4435308295897706,0.0
20.96714,25.97195,48.97477,3122.10549,-0.34333,53.46294,9.252319272053644,3.4467323720114464,0.0
20.992,26.00789,48.94836,3117.01592,-0.30363,53.48034,9.25650991493918,3.4482934967487595,0.0
21.01681,26.04378,48.92522,3111.91518,-0.26396,53.49773,9.25631590800504,3.4482212240611623,0.0
21.04156,26.07963,48.90534,3106.80574,-0.22444,53.51513,9.25177538421153,3.4465297594797084,0.0
21.06627,26.11544,48.8887,3101.69007,-0.18521,53.53252,9.242945371654757,3.443240347470697,0.0
21.09092,26.1512,48.87525,3096.57062,-0.14636,53.54991,9.229901244050524,3.438381066726467,0.0
21.11552,26.18692,48.86495,3091.44985,-0.10802,53.56729,9.212736023668006,3.4319865704898493,0.0
21.14008,26.22259,48.85774,3086.33017,-0.07031,53.58468,9.191559547908621,3.424097776082868,0.0
21.16458,26.25821,48.85356,3081.21395,-0.03333,53.60206,9.166497512574303,3.414761508498998,0.0
21.18903,26.2938,48.85234,3076.10354,0.00281,53.61945,9.137690406393062,3.404030103485905,0.0
21.21343,26.32933,48.85399,3071.0012,0.038,53.63683,9.105292352450409,3.3919609759481637,0.0
21.23778,26.36482,48.85842,3065.90915,0.07214,53.65421,9.0694698731601,3.3786161598663673,0.0
21.26208,26.40027,48.86553,3060.82953,0.10513,53.67159,9.030400595741915,3.364061826053536,0.0
21.28633,26.43567,48.87523,3055.76441,0.13689,53.68897,8.988271915423825,3.3483677841627566,0.0
21.31053,26.47102,48.8874,3050.71577,0.16732,53.70634,8.943279633335418,3.331606975266636,0.0
21.33468,26.50633,48.90192,3045.68549,0.19635,53.72372,8.895626585603306,3.313854961159278,0.0
21.35878,26.5416,48.91867,3040.67537,0.2239,53.74109,8.845521279376008,3.2951894162396598,0.0
21.38283,26.57682,48.93752,3035.68711,0.24989,53.75847,8.793176550498258,3.2756896274599905,0.0
21.40683,26.612,48.95834,3030.72229,0.27428,53.77584,8.738808256376505,3.2554360073837243,0.0
21.43078,26.64713,48.981,3025.78241,0.29698,53.79321,8.682634016156017,3.234509624868378,0.0
21.45468,26.68222,49.00535,3020.86884,0.31796,53.81058,8.624872008916036,3.2129917573616065,0.0
21.47853,26.71726,49.03124,3015.98285,0.33716,53.82796,8.565739838976299,3.1909634681980243,0.0
21.50234,26.75226,49.05854,3011.12561,0.35455,53.84533,8.505453475834775,3.1685052116981276,0.0
21.5261,26.78722,49.08709,3006.29815,0.37009,53.8627,8.444226274660645,3.145696468276145,0.0
21.5498,26.82214,49.11675,3001.50143,0.38376,53.88008,8.382268081706203,3.1226154111824456,0.0
21.57347,26.85701,49.14735,2996.73627,0.39551,53.89745,8.31978442749109,3.0993386059434282,0.0
21.59708,26.89185,49.17875,2992.00339,0.40536,53.91483,8.25697580920663,3.07594074303826,0.0
21.62064,26.92664,49.2108,2987.3034,0.41327,53.93221,8.194037062488583,3.052494403867695,0.0
21.64416,26.96139,49.24334,2982.63682,0.41924,53.94959,8.13115682150376,3.0290698596221355,0.0
21.66764,26.99609,49.27622,2978.00406,0.42328,53.96698,8.068517065257229,3.0057349022691238,0.0
21.69106,27.03076,49.30929,2973.40541,0.42538,53.98436,8.006292747102176,2.9825547065360203,0.0
21.71444,27.06539,49.3424,2968.84109,0.42557,54.00175,7.944651503651026,2.9595917214717407,0.0
21.73778,27.09998,49.3754,2964.3112,0.42384,54.01914,7.883753438658678,2.9369055899375662,0.0
21.76107,27.13452,49.40814,2959.81578,0.42023,54.03654,7.82375097694572,2.914553094189706,0.0
21.78431,27.16903,49.44047,2955.35476,0.41475,54.05394,7.764788783007098,2.8925881255588775,0.0
21.80751,27.2035,49.47227,2950.92799,0.40743,54.07134,7.707003738766177,2.8710616761631154,0.0
21.83067,27.23793,49.50338,2946.53522,0.39831,54.08875,7.650524974694172,2.8500218505005743,0.0
21.85378,27.27232,49.53367,2942.17616,0.38741,54.10616,7.59547394853082,2.8295138947750518,0.0
21.87685,27.30668,49.56302,2937.85042,0.37479,54.12358,7.541964565818848,2.8095802417982485,0.0
21.89987,27.341,49.59128,2933.55753,0.36048,54.141,7.4901033365914715,2.7902605693599862,0.0
21.92285,27.37528,49.61834,2929.29696,0.34452,54.15843,7.439989562709811,2.7715918700163193,0.0
21.94579,27.40952,49.64408,2925.06813,0.32698,54.17586,7.391715550566662,2.7536085303272935,0.0
21.96868,27.44373,49.66838,2920.87038,0.30789,54.1933,7.345366844098583,2.7363424176600715,0.0
21.99154,27.4779,49.69114,2916.703,0.28731,54.21075,7.301022473389091,2.7198229728001713,0.0
22.01435,27.51204,49.71223,2912.56521,0.26531,54.2282,7.25875521438236,2.7040773067016475,0.0
22.03711,27.54614,49.73156,2908.45618,0.24194,54.24566,7.218631855612117,2.689130299850626,0.0
22.05984,27.5802,49.74904,2904.37504,0.21726,54.26313,7.180713468115883,2.6750047028154587,0.0
22.08253,27.61424,49.76457,2900.32087,0.19133,54.2806,7.145055675101388,2.6617212367045595,0.0
22.10517,27.64823,49.77807,2896.2927,0.16423,54.29808,7.1117089181673325,2.649298692340643,0.0
22.12777,27.68219,49.78945,2892.2895,0.13601,54.31557,7.08071871728604,2.6377540271111024,0.0
22.15034,27.71612,49.79864,2888.31023,0.10675,54.33306,7.052125921990217,2.627102458541686,0.0
22.17286,27.75002,49.80557,2884.35379,0.07651,54.35057,7.025966951522686,2.6173575537585934,0.0
22.19534,27.78388,49.81018,2880.41905,0.04538,54.36808,7.00227402199447,2.608531314110839,0.0
22.21778,27.81771,49.8124,2876.50484,0.01341,54.3856,6.981075358815973,2.6006342543064522,0.0
22.24018,27.8515,49.81218,2872.60996,-0.01931,54.40312,6.962395392940775,2.5936754755184572,0.0
22.26254,27.88526,49.80948,2868.73318,-0.05272,54.42066,6.946254939672126,2.5876627319950014,0.0
22.28486,27.91899,49.80425,2864.87324,-0.08673,54.4382,6.932671358989769,2.582602490785305,0.0
22.30715,27.95269,49.79646,2861.02885,-0.12127,54.45575,6.921658696529838,2.578499984258393,0.0
22.32939,27.98635,49.78607,2857.19869,-0.15627,54.47331,6.91322780457939,2.575359255176733,0.0
22.35159,28.01998,49.77307,2853.38143,-0.19164,54.49088,6.90738644252776,2.573183194117015,0.0
22.37376,28.05358,49.75743,2849.5757,-0.22732,54.50846,6.904139356475991,2.571973569126755,0.0
22.39588,28.08715,49.73915,2845.78013,-0.26321,54.52605,6.903488337746955,2.5717310475208555,0.0
22.41797,28.12069,49.71821,2841.99329,-0.29925,54.54364,6.905432260257112,2.572455209803569,0.0
22.44001,28.15419,49.69462,2838.21378,-0.33535,54.56124,6.909967096792132,2.574144555731594,0.0
22.46202,28.18766,49.66838,2834.44015,-0.37143,54.57885,6.917085914396323,2.5767965025965194,0.0
22.48399,28.2211,49.6395,2830.67094,-0.40743,54.59647,6.926778849177294,2.5804073758388943,0.0
22.50592,28.25451,49.608,2826.9047,-0.44325,54.6141,6.939033060972236,2.584972392160227,0.0
22.52782,28.28788,49.5739,2823.13993,-0.47882,54.63173,6.953832668488329,2.5904856353610817,0.0
22.54967,28.32123,49.53723,2819.37516,-0.51407,54.64938,6.971158665581305,2.596940025152635,0.0
22.57148,28.35454,49.49803,2815.60887,-0.54891,54.66703,6.9909888195748815,2.604327279277996,0.0
22.59326,28.38782,49.45633,2811.83957,-0.58327,54.68469,7.013297552591673,2.6126378693048435,0.0
22.615,28.42107,49.41217,2808.06575,-0.61707,54.70236,7.038055807083277,2.6218609705318467,0.0
22.6367,28.45428,49.36562,2804.2859,-0.65024,54.72003,7.065230896859576,2.6319844064931632,0.0
22.65836,28.48747,49.31672,2800.4985,-0.68269,54.73771,7.0947863451389255,2.6429945886278676,0.0
22.67998,28.52062,49.26554,2796.70206,-0.71437,54.7554,7.12668171129529,2.654876451738704,0.0
22.70156,28.55374,49.21214,2792.89506,-0.74518,54.7731,7.160872408179768,2.6676133859395494,0.0
22.72311,28.58682,49.15659,2789.07602,-0.77507,54.7908,7.197309512095412,2.6811871658660302,0.0
22.74461,28.61988,49.09898,2785.24344,-0.80396,54.80851,7.235939567723068,2.6955778780052686,0.0
22.76608,28.6529,49.03938,2781.39586,-0.83179,54.82622,7.2767043904954125,2.710763847075006,0.0
22.78751,28.68588,48.97787,2777.53183,-0.85847,54.84394,7.319540869151927,2.726721562470144,0.0
22.80889,28.71884,48.91456,2773.64991,-0.88396,54.86167,7.364380771395432,2.7434256058646835,0.0
22.83024,28.75176,48.84954,2769.74868,-0.90819,54.8794,7.411150555839196,2.760848581157077,0.0
22.85155,28.78464,48.78289,2765.82677,-0.93109,54.89714,7.459771193577967,2.778961048000741,0.0
22.87282,28.81749,48.71474,2761.88283,-0.9526,54.91488,7.510158002966878,2.797731460254855,0.0
22.89405,28.85031,48.64518,2757.91552,-0.97267,54.93263,7.562220501335589,2.8171261107439745,0.0
22.91524,28.88309,48.57433,2753.92358,-0.99125,54.95038,7.615862277536886,2.837109083779033,0.0
22.93639,28.91584,48.50229,2749.90576,-1.00828,54.96813,7.670980889346035,2.857642216935901,0.0
22.9575,28.94855,48.4292,2745.86087,-1.02372,54.98589,7.727467789826752,2.878685073624769,0.0
22.97857,28.98122,48.35516,2741.78776,-1.03752,55.00365,7.785208286802582,2.9001949279921755,0.0
22.9996,29.01386,48.2803,2737.68536,-1.04964,55.02142,7.844081539602887,2.922126763708798,0.0
23.02059,29.04646,48.20475,2733.55263,-1.06004,55.03918,7.903960597144226,2.9444332881557718,0.0
23.04153,29.07903,48.12863,2729.38861,-1.06869,55.05695,7.964712481311277,2.967064963486274,0.0
23.06244,29.11155,48.05207,2725.1924,-1.07555,55.07472,8.02619831940136,2.989970055964595,0.0
23.0833,29.14404,47.97521,2720.96317,-1.08062,55.09249,8.088273529095027,3.0130947048725516,0.0
23.10413,29.1765,47.89817,2716.70019,-1.08385,55.11026,8.150788059087613,3.0363830121510684,0.0
23.12491,29.20891,47.82109,2712.40278,-1.08524,55.12802,8.213586688048958,3.0597771537705416,0.0
23.14565,29.24128,47.7441,2708.07037,-1.08478,55.14579,8.276509384071447,3.0832175136346907,0.0
23.16635,29.27362,47.66733,2703.70245,-1.08245,55.16356,8.339391726147255,3.106642840591927,0.0
23.187,29.30591,47.59091,2699.29862,-1.07827,55.18133,8.402065388492026,3.129990428858657,0.0
23.20761,29.33816,47.51498,2694.85858,-1.07222,55.19909,8.464358687824543,3.1531963218953685,0.0
23.22818,29.37038,47.43967,2690.38212,-1.06433,55.21686,8.526097192773317,3.1761955394266175,0.0
23.24871,29.40255,47.36511,2685.86913,-1.05461,55.23462,8.587104393756272,3.198922326988833,0.0
23.26919,29.43468,47.29141,2681.31962,-1.04307,55.25238,8.647202430669568,3.2213104270135546,0.0
23.28963,29.46676,47.21871,2676.73367,-1.02975,55.27013,8.706212874766141,3.243293370097758,0.0
23.31002,29.49881,47.14714,2672.1115,-1.01468,55.28788,8.763957560070367,3.2648047847276938,0.0
23.33037,29.53081,47.0768,2667.45343,-0.99789,55.30562,8.82025945869185,3.2857787233563056,0.0
23.35068,29.56276,47.00781,2662.75989,-0.97943,55.32336,8.87494359341461,3.3061500023667114,0.0
23.37094,29.59468,46.94029,2658.0314,-0.95935,55.3411,8.9278379800174,3.3258545531113235,0.0
23.39116,29.62654,46.87433,2653.26862,-0.93771,55.35883,8.97877459090154,3.3448297808885585,0.0
23.41133,29.65837,46.81005,2648.47228,-0.91456,55.37655,9.027590330869302,3.363014928445969,0.0
23.43146,29.69014,46.74754,2643.64326,-0.88997,55.39427,9.074128015212064,3.380351440343817,0.0
23.45154,29.72188,46.6869,2638.78251,-0.86402,55.41198,9.118237339780157,3.3967833243316097,0.0
23.47157,29.75356,46.6282,2633.89108,-0.83678,55.42968,9.159775832347261,3.412257505756373,0.0
23.49156,29.7852,46.57153,2628.97014,-0.80833,55.44737,9.198609774420204,3.4267241709610565,0.0
23.5115,29.81679,46.51696,2624.02094,-0.77877,55.46506,9.234615082591713,3.4401370956116173,0.0
23.5314,29.84833,46.46455,2619.04482,-0.74816,55.48274,9.267678138806657,3.45245395399305,0.0
23.55125,29.87982,46.41438,2614.04319,-0.71663,55.5004,9.29769655927905,3.4636366054511942,0.0
23.57105,29.91127,46.36649,2609.01757,-0.68425,55.51806,9.324579892351995,3.4736513543639296,0.0
23.59081,29.94267,46.32092,2603.96953,-0.65114,55.53571,9.348250236446587,3.482469180343401,0.0
23.61052,29.97402,46.27772,2598.9007,-0.61739,55.55335,9.368642770120923,3.490065935696945,0.0
23.63018,30.00531,46.23692,2593.81279,-0.58312,55.57099,9.385706187443331,3.4964225076150717,0.0
23.6498,30.03656,46.19853,2588.70754,-0.54843,55.58861,9.39940303310418,3.5015249430094375,0.0
23.66937,30.06776,46.16259,2583.58676,-0.51344,55.60622,9.40970993304571,3.505364534428516,0.0
23.68889,30.09891,46.12908,2578.45228,-0.47824,55.62382,9.416617717869897,3.5079378660302836,0.0
23.70836,30.13001,46.09802,2573.30595,-0.44297,55.6414,9.420131437754954,3.509246819139001,0.0
23.72779,30.16105,46.06939,2568.14967,-0.40772,55.65898,9.42027026914034,3.5092985374829317,0.0
23.74717,30.19205,46.04319,2562.98534,-0.37262,55.67655,9.417067314953242,3.5081053527734403,0.0
23.7665,30.223,46.01938,2557.81485,-0.33777,55.69411,9.41056930159283,3.505684671823665,0.0
23.78578,30.25389,45.99794,2552.64011,-0.30328,55.71165,9.400836177286491,3.5020588269256416,0.0
23.80502,30.28473,45.97883,2547.46302,-0.26926,55.72918,9.387940617681469,3.4972548916701767,0.0
23.82421,30.31552,45.96201,2542.28545,-0.23583,55.74671,9.371967445715468,3.491304464833393,0.0
23.84335,30.34626,45.94742,2537.10925,-0.20307,55.76422,9.353012973774822,3.4842434253133305,0.0
23.86244,30.37695,45.93501,2531.93625,-0.1711,55.78172,9.331184276985466,3.476111661411716,0.0
23.88149,30.40758,45.92472,2526.76823,-0.14001,55.7992,9.306598407147654,3.466952778003962,0.0
23.90049,30.43817,45.91646,2521.60694,-0.1099,55.81668,9.279381557226795,3.4568137852900223,0.0
23.91944,30.4687,45.91018,2516.45406,-0.08086,55.83415,9.249668186683088,3.44574477295666,0.0
23.93834,30.49918,45.90578,2511.31123,-0.05297,55.8516,9.217600117893065,3.4337985735707055,0.0
23.9572,30.52961,45.90319,2506.18004,-0.02632,55.86904,9.183325613946444,3.421030419034116,0.0
23.97601,30.55999,45.9023,2501.06199,-0.00098,55.88648,9.146998447748263,3.4074975938000254,0.0
23.99477,30.59032,45.90302,2495.95852,0.02297,55.9039,9.108776972029593,3.393259088427269,0.0
24.01349,30.62059,45.90527,2490.87102,0.04546,55.92131,9.06882319927607,3.3783752568295515,0.0
24.03216,30.65082,45.90892,2485.80079,0.06644,55.93871,9.027301899960507,3.362907480343369,0.0
24.05078,30.68099,45.91388,2480.74903,0.08585,55.9561,8.984379726732381,3.346917841465546,0.0
24.06936,30.71111,45.92003,2475.7169,0.10363,55.97348,8.940224371350022,3.3304688097882944,0.0
24.08789,30.74119,45.92727,2470.70545,0.11975,55.99085,8.895003760343576,3.3136229423625094,0.0
24.10638,30.77121,45.93549,2465.71566,0.13415,56.00821,8.84888529442852,3.2964426003592826,0.0
24.12482,30.80118,45.94455,2460.74842,0.14681,56.02557,8.802035135847852,3.2789896835861225,0.0
24.14321,30.8311,45.95436,2455.80455,0.1577,56.04291,8.754617546849012,3.261325384052201,0.0
24.16156,30.86097,45.96479,2450.88476,0.16678,56.06024,8.70679428168653,3.24350995947334,0.0
24.17986,30.8908,45.97573,2445.9897,0.17406,56.07756,8.658724033659086,3.22560252727877,0.0
24.19812,30.92057,45.98705,2441.11992,0.17951,56.09488,8.610561937903157,3.20766087938868,0.0
24.21634,30.95029,45.99863,2436.27589,0.18313,56.11219,8.562459129941736,3.1897413177620004,0.0
24.23451,30.97997,46.01037,2431.45801,0.18491,56.12949,8.514562359313558,3.1718985104631234,0.0
24.25264,31.0096,46.02213,2426.66658,0.18486,56.14678,8.46701365699124,3.1541853677664062,0.0
24.27072,31.03918,46.03382,2421.90184,0.18298,56.16406,8.41995005479736,3.1366529376312844,0.0
24.28876,31.06871,46.0453,2417.16393,0.1793,56.18134,8.373503354544308,3.1193503197007892,0.0
24.30675,31.09819,46.05647,2412.45293,0.17383,56.19861,8.32779994428283,3.1023245968492916,0.0
24.32471,31.12763,46.06722,2407.76885,0.16659,56.21587,8.282960658713657,3.0856207831821663,0.0
24.34262,31.15702,46.07744,2403.11162,0.15761,56.23313,8.239100680568308,3.0692817872975455,0.0
24.36049,31.18636,46.08702,2398.48108,0.14691,56.25038,8.196329479637537,3.053348389572806,0.0
24.37831,31.21566,46.09585,2393.87704,0.13455,56.26762,8.154750785962866,3.0378592321777194,0.0
24.39609,31.24491,46.10385,2389.29922,0.12055,56.28486,8.114462593683454,3.0228508205075006,0.0
24.41383,31.27411,46.1109,2384.74728,0.10495,56.3021,8.075557192016252,3.008357534723743,0.0
24.43153,31.30327,46.11692,2380.22082,0.08781,56.31932,8.038121219867664,2.9944116500986846,0.0
24.44919,31.33238,46.12182,2375.71939,0.06918,56.33655,8.002235740668551,2.981043364893232,0.0
24.46681,31.36145,46.1255,2371.24246,0.0491,56.35376,7.967976334114988,2.9682808345327913,0.0
24.48438,31.39047,46.12789,2366.78947,0.02764,56.37098,7.935413201629738,2.9561502108944557,0.0
24.50192,31.41945,46.1289,2362.3598,0.00485,56.38819,7.904611282532825,2.944675685583588,0.0
24.51941,31.44839,46.12846,2357.95277,-0.01921,56.40539,7.875630378039812,2.9338795361264505,0.0
24.53686,31.47728,46.1265,2353.56766,-0.04448,56.42259,7.8485252804340835,2.9237821740902774,0.0
24.55428,31.50612,46.12296,2349.20371,-0.07088,56.43979,7.82334590492511,2.914402194203942,0.0
24.57165,31.53493,46.11776,2344.8601,-0.09835,56.45698,7.800137421895585,2.905756423623504,0.0
24.58898,31.56369,46.11086,2340.536,-0.12681,56.47417,7.778940387474626,2.8978599705741552,0.0
24.60628,31.5924,46.10221,2336.2305,-0.15621,56.49136,7.759790870543939,2.8907262716633593,0.0
24.62353,31.62107,46.09174,2331.94268,-0.18646,56.50854,7.742720574498265,2.8843671372398254,0.0
24.64074,31.6497,46.07943,2327.67158,-0.21749,56.52572,7.727756952277329,2.878792794245931,0.0
24.65792,31.67829,46.06522,2323.4162,-0.24922,56.54289,7.714923313383919,2.8740119260847736,0.0
24.67505,31.70684,46.0491,2319.17551,-0.28157,56.56007,7.7042389217814105,2.870031709089577,0.0
24.69215,31.73534,46.03102,2314.94846,-0.31447,56.57724,7.695719083769095,2.8668578452595606,0.0
24.70921,31.7638,46.01097,2310.73396,-0.34784,56.5944,7.689375225097131,2.864494590987286,0.0
24.72623,31.79221,45.98893,2306.5309,-0.3816,56.61157,7.685214956754063,2.862944781566244,0.0
24.74321,31.82059,45.96489,2302.33815,-0.41566,56.62873,7.683242129051325,2.862209851338754,0.0
24.76015,31.84892,45.93882,2298.15455,-0.44994,56.64588,7.6834568737742766,2.862289849398327,0.0
24.77705,31.87721,45.91074,2293.97894,-0.48437,56.66304,7.685855634333758,2.8631834508219236,0.0
24.79392,31.90546,45.88065,2289.81011,-0.51887,56.68019,7.690431184028119,2.86488796347303,0.0
24.81074,31.93367,45.84854,2285.64686,-0.55334,56.69734,7.697172632648998,2.8673993304624963,0.0
24.82753,31.96183,45.81443,2281.48797,-0.58771,56.71449,7.706065421852767,2.870712128424266,0.0
24.84428,31.98996,45.77834,2277.3322,-0.6219,56.73163,7.717091309827525,2.8748195618034367,0.0
24.861,32.01804,45.74028,2273.17831,-0.65582,56.74877,7.730228345984196,2.8797134534280207,0.0
24.87767,32.04608,45.70029,2269.02506,-0.6894,56.7659,7.74545083649245,2.8853842316701757,0.0
24.8943,32.07407,45.65839,2264.87118,-0.72256,56.78304,7.76272930168644,2.8918209145787173,0.0
24.9109,32.10203,45.61462,2260.71542,-0.75521,56.80017,7.782030426444252,2.8990110913941587,0.0
24.92746,32.12994,45.56901,2256.55653,-0.78728,56.81729,7.803317004852087,2.906940901934664,0.0
24.94398,32.15781,45.52162,2252.39325,-0.81869,56.83441,7.826547880552042,2.9155950143740226,0.0
24.96047,32.18564,45.47248,2248.22432,-0.84937,56.85153,7.851677884343206,2.9249566019964264,0.0
24.97691,32.21343,45.42165,2244.04851,-0.87924,56.86865,7.8786577707183865,2.9350073195547153,0.0
24.99332,32.24117,45.36919,2239.86458,-0.90823,56.88575,7.907434155153064,2.945727279908876,0.0
25.00969,32.26887,45.31516,2235.67132,-0.93627,56.90286,7.937949454094236,2.9570950316702995,0.0
25.02602,32.29653,45.25962,2231.46751,-0.96328,56.91996,7.97014182968493,2.9690875386102125,0.0
25.04231,32.32414,45.20264,2227.25198,-0.98921,56.93705,8.003945141375784,2.9816801616337156,0.0
25.05857,32.35171,45.14429,2223.02355,-1.01399,56.95414,8.039288906675909,2.9948466441584447,0.0
25.07478,32.37924,45.08465,2218.7811,-1.03755,56.97123,8.076098273322312,3.0085591017469557,0.0
25.09096,32.40672,45.02379,2214.5235,-1.05984,56.98831,8.114294005255733,3.0227880168823464,0.0
25.1071,32.43416,44.96179,2210.24967,-1.0808,57.00538,8.153792484783471,3.0375022397739735,0.0
25.1232,32.46156,44.89874,2205.95858,-1.10038,57.02244,8.194505733318122,3.0526689960831703,0.0
25.13926,32.48891,44.83473,2201.6492,-1.11852,57.0395,8.236341453083849,3.068253902459939,0.0
25.15529,32.51622,44.76984,2197.32057,-1.13518,57.05655,8.279203092104101,3.084220990752579,0.0
25.17127,32.54348,44.70417,2192.97177,-1.15032,57.0736,8.322989934726273,3.1005327417305053,0.0
25.18721,32.5707,44.6378,2188.60191,-1.1639,57.09064,8.367597219768772,3.1171501290971433,0.0
25.20312,32.59787,44.57083,2184.21016,-1.17588,57.10766,8.412916288297112,3.134032674540408,0.0
25.21899,32.62499,44.50336,2179.79575,-1.18622,57.12468,8.458834762739201,3.151138514457862,0.0
25.23482,32.65207,44.43548,2175.35797,-1.19491,57.1417,8.50523675889236,3.168424478934912,0.0
25.2506,32.67911,44.3673,2170.89614,-1.20192,57.1587,8.552003132047936,3.1858461834326985,0.0
25.26635,32.70609,44.29891,2166.40968,-1.20724,57.17569,8.59901175814648,3.203358133525799,0.0
25.28206,32.73303,44.2304,2161.89805,-1.21084,57.19267,8.646137850521495,3.220913842897608,0.0
25.29773,32.75992,44.16189,2157.36078,-1.21272,57.20965,8.693254312369644,3.238465964644765,0.0
25.31336,32.78677,44.09346,2152.79748,-1.21288,57.22661,8.740232124667315,3.2559664357862808,0.0
25.32895,32.81356,44.02521,2148.20783,-1.21131,57.24356,8.786940768800536,3.2733666347042973,0.0
25.3445,32.84031,43.95725,2143.59157,-1.20803,57.2605,8.833248682631536,3.290617551040889,0.0
25.36,32.86701,43.88967,2138.94854,-1.20305,57.27743,8.879023748289283,3.3076699674128633,0.0
25.37547,32.89366,43.82256,2134.27864,-1.19638,57.29434,8.924133809393371,3.3244746520912773,0.0
25.3909,32.92026,43.75601,2129.58186,-1.18805,57.31124,8.968447214933319,3.340982561610779,0.0
25.40628,32.94681,43.69012,2124.85825,-1.17809,57.32813,9.011833386501232,3.357145052078705,0.0
25.42163,32.97331,43.62498,2120.10797,-1.16652,57.34501,9.05416340507346,3.37291409776668,0.0
25.43693,32.99976,43.56067,2115.33123,-1.1534,57.36187,9.09531061308989,3.388242515401001,0.0
25.45219,33.02615,43.49727,2110.52834,-1.13875,57.37872,9.135151227111859,3.403084192393829,0.0
25.46741,33.0525,43.43486,2105.69968,-1.12263,57.39556,9.173564956003432,3.417394317131977,0.0
25.48259,33.07879,43.37352,2100.84573,-1.1051,57.41238,9.210435619221727,3.431129609306327,0.0
25.49773,33.10503,43.31333,2095.96701,-1.08622,57.42918,9.245651759557035,3.4442485481736473,0.0
25.51282,33.13122,43.25435,2091.06416,-1.06604,57.44597,9.279107244494055,3.4567115965794737,0.0
25.52787,33.15736,43.19664,2086.13786,-1.04464,57.46274,9.31070185025041,3.468481418527825,0.0
25.54288,33.18344,43.14027,2081.18887,-1.02209,57.4795,9.340341822581223,3.479523088095661,0.0
25.55785,33.20947,43.08529,2076.21804,-0.99846,57.49624,9.367940408452824,3.48980428749533,0.0
25.57278,33.23545,43.03175,2071.22626,-0.97385,57.51296,9.39341835295448,3.499295492187263,0.0
25.58766,33.26137,42.97969,2066.2145,-0.94832,57.52967,9.416704356033238,3.507970141025715,0.0
25.6025,33.28724,42.92917,2061.18377,-0.92198,57.54635,9.437735484008252,3.515804789558689,0.0
25.6173,33.31305,42.8802,2056.13517,-0.89492,57.56303,9.456457531324679,3.5227792447907693,0.0
25.63205,33.33881,42.83283,2051.06982,-0.86721,57.57968,9.472825328461482,3.5288766798868902,0.0
25.64676,33.36451,42.78708,2045.9889,-0.83897,57.59631,9.486802992579873,3.5340837275454686,0.0
25.66143,33.39015,42.74297,2040.89362,-0.8103,57.61293,9.498364118131175,3.538390551004848,0.0
25.67606,33.41574,42.7005,2035.78524,-0.78128,57.62953,9.507491905371916,3.5417908919185614,0.0
25.69064,33.44128,42.65969,2030.66505,-0.75202,57.64611,9.514179225459966,3.5442820946053417,0.0
25.70518,33.46676,42.62054,2025.53437,-0.72262,57.66267,9.51842862161349,3.5458651064808713,0.0
25.71968,33.49218,42.58305,2020.39454,-0.6932,57.67921,9.52025224654903,3.546544454751819,0.0
25.73413,33.51754,42.54721,2015.2469,-0.66383,57.69573,9.519671737209999,3.5463281997489102,0.0
25.74854,33.54285,42.513,2010.09282,-0.63464,57.71224,9.516718028544839,3.545227865554385,0.0
25.7629,33.5681,42.48041,2004.93368,-0.60572,57.72872,9.511431108755051,3.543258348825458,0.0
25.77723,33.5933,42.44941,1999.77084,-0.57717,57.74519,9.503859719168805,3.5404378069893316,0.0
25.79151,33.61843,42.41997,1994.60568,-0.54908,57.76163,9.494061002393222,3.536787527170672,0.0
25.80574,33.64351,42.39205,1989.43954,-0.52156,57.77806,9.482100103043166,3.5323317774525744,0.0
25.81993,33.66854,42.36562,1984.27377,-0.4947,57.79447,9.46804972565306,3.5270976421870808,0.0
25.83408,33.6935,42.34064,1979.10971,-0.4686,57.81085,9.45198965487121,3.5211148432549484,0.0
25.84819,33.71841,42.31705,1973.94864,-0.44333,57.82722,9.434006243223454,3.51441554924412,0.0
25.86225,33.74326,42.2948,1968.79184,-0.41898,57.84357,9.414191871946814,3.5070341745960874,0.0
25.87627,33.76805,42.27384,1963.64055,-0.39565,57.8599,9.392644390498019,3.499007170808052,0.0
25.89025,33.79279,42.2541,1958.49598,-0.3734,57.87621,9.369466540347819,3.490372811781163,0.0
25.90419,33.81747,42.23552,1953.35929,-0.35231,57.8925,9.344765368565316,3.481170975365236,0.0
25.91808,33.84209,42.21804,1948.23162,-0.33245,57.90877,9.318651636613053,3.4714429231193775,0.0
25.93193,33.86665,42.20159,1943.11402,-0.31388,57.92502,9.291239229482867,3.4612310801995436,0.0
25.94573,33.89116,42.18608,1938.00754,-0.29667,57.94126,9.262644570048558,3.450578817189492,0.0
25.9595,33.91561,42.17146,1932.91316,-0.28088,57.95747,9.232986043212328,3.439530235580191,0.0
25.97322,33.94,42.15763,1927.83179,-0.26654,57.97367,9.20238343396696,3.428129958433181,0.0
25.9869,33.96433,42.14453,1922.76431,-0.25372,57.98985,9.170957383130187,3.416422927627322,0.0
26.00053,33.98861,42.13206,1917.71154,-0.24245,58.00601,9.138828864090268,3.4044542089327394,0.0
26.01413,34.01283,42.12015,1912.67423,-0.23277,58.02215,9.106118683359561,3.3922688059538983,0.0
26.02768,34.037,42.10872,1907.65309,-0.2247,58.03827,9.072947007379698,3.3799114838520743,0.0
26.0412,34.06111,42.09768,1902.64874,-0.21828,58.05438,9.039432917467693,3.3674266035510763,0.0
26.05467,34.08516,42.08695,1897.66177,-0.21352,58.07047,9.005693994399632,3.3548579669837313,0.0
26.0681,34.10916,42.07644,1892.69269,-0.21045,58.08654,8.971845933666156,3.342248673764433,0.0
26.08148,34.1331,42.06607,1887.74197,-0.20906,58.10259,8.93800219200714,3.3296409895140138,0.0
26.09483,34.15698,42.05575,1882.80999,-0.20937,58.11863,8.904273665483316,3.3170762259329463,0.0
26.10814,34.18081,42.0454,1877.8971,-0.21138,58.13465,8.870768398925872,3.304594632563678,0.0
26.1214,34.20459,42.03494,1873.00357,-0.21507,58.15066,8.837591326320567,3.292235300076885,0.0
26.13463,34.22831,42.02428,1868.12961,-0.22045,58.16664,8.804844041370728,3.2800360748001465,0.0
26.14781,34.25197,42.01335,1863.27538,-0.22749,58.18261,8.772624597210894,3.268033484106011,0.0
26.16096,34.27558,42.00206,1858.44099,-0.23619,58.19857,8.741027334052685,3.2562626722055494,0.0
26.17406,34.29914,41.99034,1853.62646,-0.2465,58.21451,8.710142733327906,3.2447573458128174,0.0
26.18713,34.32264,41.97811,1848.8318,-0.25842,58.23044,8.680057296759344,3.23354972909555,0.0
26.20015,34.34609,41.9653,1844.05693,-0.27189,58.24635,8.650853448647931,3.2226705272745604,0.0
26.21314,34.36948,41.95183,1839.30173,-0.2869,58.26224,8.622609459615445,3.2121488982158817,0.0
26.22608,34.39282,41.93764,1834.56602,-0.3034,58.27812,8.595399389948833,3.2020124313250475,0.0
26.23899,34.4161,41.92267,1829.84959,-0.32134,58.29399,8.569293050684465,3.192287133049944,0.0
26.25186,34.43934,41.90684,1825.15214,-0.34068,58.30984,8.544355980561752,3.1829974182954293,0.0
26.26469,34.46252,41.89009,1820.47338,-0.36137,58.32567,8.520649436988426,3.174166107057664,0.0
26.27748,34.48564,41.87237,1815.81291,-0.38335,58.3415,8.498230399223889,3.165814425609989,0.0
26.29024,34.50872,41.85363,1811.17034,-0.40657,58.3573,8.477151581986252,3.1579620115719083,0.0
26.30295,34.53174,41.8338,1806.5452,-0.43097,58.3731,8.457461457854428,3.1506269222544585,0.0
26.31563,34.55471,41.81284,1801.93701,-0.45648,58.38888,8.439204286841868,3.1438256456771985,0.0
26.32826,34.57763,41.79072,1797.34521,-0.48304,58.40465,8.422420151635055,3.1375731136954856,0.0
26.34087,34.60049,41.76737,1792.76924,-0.51059,58.4204,8.40714499714379,3.1318827167339855,0.0
26.35343,34.6233,41.74278,1788.20848,-0.53905,58.43615,8.393410673063828,3.1267663196423845,0.0
26.36595,34.64607,41.71689,1783.6623,-0.56836,58.45187,8.381244978301742,3.122234278244814,0.0
26.37844,34.66878,41.68969,1779.13,-0.59844,58.46759,8.370671706243783,3.118295456203693,0.0
26.39089,34.69143,41.66114,1774.61089,-0.62921,58.48329,8.361710689966975,3.114957241862053,0.0
26.40331,34.71404,41.63122,1770.10422,-0.6606,58.49898,8.354377846613435,3.112225564774139,0.0
26.41568,34.7366,41.59991,1765.60922,-0.69253,58.51466,8.348685220305722,3.110104911692504,0.0
26.42802,34.7591,41.56719,1761.12511,-0.72493,58.53032,8.344641023074063,3.1085983418144774,0.0
26.44032,34.78156,41.53306,1756.65108,-0.75772,58.54597,8.342249673443952,3.1077075011570656,0.0
26.45259,34.80396,41.4975,1752.18628,-0.79081,58.56161,8.341511832405175,3.107432635956355,0.0
26.46482,34.82631,41.46051,1747.72986,-0.82412,58.57724,8.342424436675286,3.1077726050590346,0.0
26.47701,34.84861,41.42208,1743.28094,-0.85758,58.59285,8.344980729223408,3.108724891293315,0.0
26.48917,34.87086,41.38223,1738.83864,-0.8911,58.60845,8.34917028720097,3.110285611873861,0.0
26.50129,34.89306,41.34096,1734.40206,-0.92461,58.62404,8.354979047520402,3.112449527930532,0.0
26.51337,34.91521,41.29827,1729.97028,-0.95802,58.63961,8.36238933041379,3.1152100532845974,0.0
26.52542,34.93731,41.25419,1725.54237,-0.99125,58.65518,8.371379861466885,3.1185592626569836,0.0
26.53743,34.95935,41.20873,1721.11741,-1.02422,58.67073,8.381925792667083,3.122487899509207,0.0
26.5494,34.98135,41.1619,1716.69446,-1.05686,58.68626,8.393998723143545,3.126985383769608,0.0
26.56134,35.0033,41.11374,1712.27258,-1.08908,58.70179,8.407566720357831,3.132039819727422,0.0
26.57324,35.02519,41.06428,1707.85082,-1.12082,58.7173,8.422594342581931,3.137638004406436,0.0
26.58511,35.04704,41.01354,1703.42826,-1.15198,58.7328,8.439042663579594,3.1437654367594376,0.0
26.59694,35.06883,40.96155,1699.00396,-1.18251,58.74828,8.456869300483362,3.1504063280531374,0.0
26.60873,35.09057,40.90836,1694.57698,-1.21233,58.76375,8.47602844591305,3.157543613833152,0.0
26.62049,35.11226,40.854,1690.1464,-1.24137,58.77921,8.496470905426008,3.16515896787521,0.0
26.63221,35.1339,40.79853,1685.71133,-1.26955,58.79465,8.51814414142572,3.1732328185422625,0.0
26.6439,35.15549,40.74197,1681.27086,-1.29682,58.81008,8.540992324694876,3.1817443679819055,0.0
26.65555,35.17703,40.68439,1676.82411,-1.32312,58.8255,8.564956394715676,3.1906716145972838,0.0
26.66716,35.19852,40.62583,1672.37022,-1.34837,58.8409,8.589974129923368,3.1999913792183796,0.0
26.67874,35.21995,40.56635,1667.90834,-1.37253,58.85628,8.61598022906532,3.2096793354104065,0.0
26.69028,35.24133,40.506,1663.43767,-1.39553,58.87165,8.642906404748123,3.2197100443225715,0.0
26.70179,35.26266,40.44484,1658.9574,-1.41733,58.88701,8.670681490240806,3.2300569944750777,0.0
26.71326,35.28394,40.38292,1654.46678,-1.43788,58.90235,8.699231560514137,3.2406926468494532,0.0
26.72469,35.30517,40.32031,1649.96506,-1.45714,58.91768,8.728480068413198,3.2515884856164123,0.0
26.73609,35.32635,40.25707,1645.45154,-1.47505,58.93299,8.758347996743469,3.2627150747919296,0.0
26.74745,35.34747,40.19326,1640.92556,-1.4916,58.94828,8.788754026951977,3.2740421210754027,0.0
26.75877,35.36854,40.12895,1636.38649,-1.50673,58.96356,8.819614724895308,3.285538543053125,0.0
26.77006,35.38955,40.0642,1631.83374,-1.52043,58.97882,8.850844744060682,3.2971725469034863,0.0
26.78131,35.41052,39.99908,1627.26675,-1.53267,58.99406,8.88235704642728,3.30891170867362,0.0
26.79253,35.43143,39.93365,1622.68502,-1.54343,59.00929,8.914063140913052,3.3207230631071236,0.0
26.80371,35.45228,39.86798,1618.08808,-1.55269,59.0245,8.945873339232302,3.3325731989577347,0.0
26.81485,35.47309,39.80214,1613.47553,-1.56044,59.03969,8.977697028643284,3.344428360594988,0.0
26.82595,35.49383,39.73619,1608.847,-1.56668,59.05487,9.0094429609771,3.356254555675085,0.0
26.83702,35.51453,39.6702,1604.20218,-1.57141,59.07002,9.041019556986216,3.3680176685187253,0.0
26.84805,35.53517,39.60423,1599.54079,-1.57462,59.08516,9.072335224860677,3.3796835787667723,0.0
26.85905,35.55575,39.53836,1594.86263,-1.57633,59.10028,9.103298691538628,3.391218284802149,0.0
26.87,35.57628,39.47264,1590.16754,-1.57654,59.11538,9.133819345142784,3.402588031316425,0.0
26.88092,35.59676,39.40713,1585.45542,-1.57529,59.13046,9.163807586724065,3.413759440343576,0.0
26.89181,35.61718,39.3419,1580.72621,-1.57258,59.14552,9.193175189197035,3.4246996449728826,0.0
26.90265,35.63754,39.27701,1575.97993,-1.56846,59.16056,9.22183566120871,3.4353764248996344,0.0
26.91346,35.65785,39.21251,1571.21663,-1.56294,59.17558,9.24970461349793,3.4457583429036354,0.0
26.92424,35.6781,39.14846,1566.43644,-1.55607,59.19058,9.276700125100524,3.455814881270261,0.0
26.93497,35.6983,39.08492,1561.63952,-1.5479,59.20555,9.302743106705515,3.4655165771502063,0.0
26.94567,35.71844,39.02193,1556.8261,-1.53846,59.22051,9.327757658297012,3.4748351557905024,0.0
26.95632,35.73852,38.95954,1551.99647,-1.52781,59.23545,9.351671418203265,3.4837436605644734,0.0
26.96695,35.75854,38.89781,1547.15095,-1.51601,59.25036,9.37441590065002,3.4922165787192396,0.0
26.97753,35.77851,38.83676,1542.28994,-1.50311,59.26525,9.395926818877587,3.500229961745331,0.0
26.98808,35.79842,38.77645,1537.41387,-1.48918,59.28012,9.416144391037765,3.507761539331336,0.0
26.99858,35.81827,38.71691,1532.52321,-1.47428,59.29497,9.435013626046189,3.514790825851426,0.0
27.00905,35.83806,38.65817,1527.61852,-1.45849,59.30979,9.452484586854426,3.5212992184411407,0.0
27.01949,35.8578,38.60027,1522.70035,-1.44189,59.32459,9.468512628630355,3.5272700857258332,0.0
27.02988,35.87747,38.54323,1517.76933,-1.42454,59.33937,9.483058609664488,3.5326888463888433,0.0
27.04024,35.89709,38.48708,1512.82613,-1.40653,59.35413,9.496089072993318,3.537543036830957,0.0
27.05055,35.91665,38.43184,1507.87143,-1.38793,59.36886,9.507576397042733,3.5418223672890505,0.0
27.06083,35.93615,38.37752,1502.90596,-1.36885,59.38356,9.517498913859622,3.545518765880471,0.0
27.07107,35.95559,38.32414,1497.9305,-1.34936,59.39825,9.525840993864538,3.5486264101756375,0.0
27.08128,35.97497,38.2717,1492.94583,-1.32954,59.41291,9.532593096371627,3.5511417460180383,0.0
27.09144,35.99429,38.22022,1487.95278,-1.3095,59.42754,9.537751785451324,3.5530634934335033,0.0
27.10157,36.01355,38.16969,1482.95219,-1.28931,59.44215,9.541319711128395,3.5543926396259873,0.0
27.11166,36.03275,38.12011,1477.94491,-1.26908,59.45674,9.54330555618944,3.5551324191619544,0.0
27.12171,36.05189,38.07148,1472.93184,-1.24888,59.4713,9.543723949247138,3.5552882815845304,0.0
27.13172,36.07097,38.0238,1467.91385,-1.22882,59.48584,9.542595345082857,3.5548678468379733,0.0
27.14169,36.08999,37.97704,1462.89186,-1.20898,59.50035,9.539945873520647,3.5538808489692584,0.0
27.15163,36.10895,37.9312,1457.86676,-1.18945,59.51484,9.535807158464127,3.552339068714558,0.0
27.16152,36.12785,37.88625,1452.83948,-1.17032,59.52931,9.53021610893426,3.5502562556553148,0.0
27.17138,36.14669,37.84217,1447.81093,-1.15168,59.54374,9.523214684216024,3.5476480407292006,0.0
27.1812,36.16547,37.79894,1442.78201,-1.1336,59.55816,9.51484963541889,3.544531839954588,0.0
27.19098,36.18419,37.75653,1437.75363,-1.11619,59.57255,9.505172225897017,3.5409267502797204,0.0
27.20073,36.20284,37.7149,1432.72668,-1.0995,59.58691,9.494237933151693,3.53685343853353,0.0
27.21043,36.22144,37.67404,1427.70204,-1.08363,59.60125,9.482106134900738,3.532334024478227,0.0
27.2201,36.23998,37.63389,1422.68059,-1.06865,59.61557,9.46883978204422,3.527391958980423,0.0
27.22973,36.25845,37.59442,1417.66317,-1.05463,59.62986,9.454505061311977,3.5220518983384603,0.0
27.23932,36.27686,37.5556,1412.65062,-1.04164,59.64412,9.439171050327621,3.516339575784677,0.0
27.24888,36.29522,37.51737,1407.64374,-1.02975,59.65837,9.42290936778028,3.5102816711651736,0.0
27.25839,36.31351,37.47969,1402.64331,-1.01901,59.67258,9.40579382132482,3.5039056797733834,0.0
27.26787,36.33174,37.44252,1397.6501,-1.00948,59.68678,9.38790005571118,3.4972397812689944,0.0
27.27731,36.34991,37.4058,1392.66482,-1.00122,59.70094,9.36930520349613,3.4903127095588804,0.0
27.28671,36.36802,37.3695,1387.68819,-0.99428,59.71509,9.350087540567632,3.4831536244708716,0.0
27.29608,36.38607,37.33355,1382.72086,-0.98869,59.72921,9.330326148493558,3.4757919859697606,0.0
27.30541,36.40406,37.2979,1377.76346,-0.98451,59.74331,9.310100585569177,3.46825743161384,0.0
27.3147,36.42199,37.26251,1372.81661,-0.98176,59.75738,9.28949056818777,3.460579657857072,0.0
27.32395,36.43986,37.22732,1367.88084,-0.98048,59.77143,9.26857566398574,3.452788305737566,0.0
27.33316,36.45767,37.19227,1362.9567,-0.98069,59.78545,9.247434998014292,3.4449128514188025,0.0
27.34234,36.47542,37.15732,1358.04466,-0.98241,59.79946,9.226146972934714,3.43698250195501,0.0
27.35149,36.49311,37.1224,1353.14518,-0.98567,59.81344,9.204789004089665,3.4290260965982484,0.0
27.36059,36.51074,37.08747,1348.25866,-0.99046,59.82739,9.183437270057045,3.421072013873163,0.0
27.36966,36.5283,37.05246,1343.38547,-0.99681,59.84133,9.162166479143233,3.4131480845895767,0.0
27.37869,36.54581,37.01734,1338.52593,-1.00471,59.85524,9.141049652044103,3.4052815108779897,0.0
27.38769,36.56326,36.98203,1333.68035,-1.01416,59.86913,9.120157920774194,3.3974987912854164,0.0
27.39665,36.58066,36.9465,1328.84896,-1.02515,59.883,9.099560343813371,3.389825651912643,0.0
27.40557,36.59799,36.91069,1324.03197,-1.03768,59.89684,9.079323737233869,3.3822869835046143,0.0
27.41446,36.61526,36.87455,1319.22956,-1.05172,59.91067,9.059512521507582,3.374906784382114,0.0
27.42331,36.63247,36.83803,1314.44184,-1.06726,59.92447,9.040188583526648,3.367708109040808,0.0
27.43212,36.64963,36.80109,1309.66891,-1.08427,59.93825,9.021411153335704,3.3607130222307577,0.0
27.4409,36.66673,36.76367,1304.91082,-1.10272,59.95201,9.00323669492711,3.3539425582747766,0.0
27.44965,36.68376,36.72574,1300.16757,-1.12258,59.96575,8.985718810471692,3.347416685391853,0.0
27.45836,36.70074,36.68724,1295.43914,-1.14382,59.97946,8.968908157222769,3.3411542747417213,0.0
27.46703,36.71767,36.64814,1290.72547,-1.16639,59.99316,8.952852376377995,3.3351730739240244,0.0
27.47567,36.73453,36.6084,1286.02645,-1.19025,60.00683,8.93759603309755,3.329489684633508,0.0
27.48427,36.75134,36.56799,1281.34195,-1.21536,60.02049,8.923180566929474,3.3241195441921576,0.0
27.49284,36.76808,36.52686,1276.67179,-1.24166,60.03413,8.909644251834404,3.3190769106573583,0.0
27.50138,36.78477,36.48498,1272.01578,-1.2691,60.04774,8.897022165092917,3.3143748512390654,0.0
27.50987,36.80141,36.44233,1267.37368,-1.29762,60.06134,8.885346164315342,3.3100252337353484,0.0
27.51834,36.81798,36.39887,1262.74521,-1.32717,60.07491,8.87464487189833,3.306038720742061,0.0
27.52677,36.8345,36.35458,1258.13008,-1.35769,60.08847,8.864943666241627,3.302424766380857,0.0
27.53517,36.85096,36.30944,1253.52797,-1.3891,60.102,8.856264679119686,3.2991916153200394,0.0
27.54353,36.86737,36.26341,1248.9385,-1.42135,60.11552,8.848626798661611,3.2963463038846763,0.0
27.55185,36.88372,36.21649,1244.36131,-1.45436,60.12901,8.842045677416335,3.293894663061089,0.0
27.56015,36.90001,36.16866,1239.79599,-1.48808,60.14249,8.836533745088632,3.2918413232413513,0.0
27.56841,36.91625,36.1199,1235.24209,-1.52242,60.15595,8.832100225536884,3.290189720555406,0.0
27.57663,36.93242,36.0702,1230.69918,-1.55731,60.16939,8.828751157761065,3.288942104689637,0.0
27.58482,36.94855,36.01956,1226.16677,-1.59269,60.18281,8.826489420586817,3.288099548082343,0.0
27.59298,36.96461,35.96796,1221.64437,-1.62847,60.19621,8.825314760904295,3.2876619564434466,0.0
27.60111,36.98062,35.9154,1217.13146,-1.66459,60.20959,8.825223825320462,3.2876280805458102,0.0
27.6092,36.99658,35.86189,1212.62753,-1.70096,60.22295,8.826210195183748,3.287995529272837,0.0
27.61726,37.01247,35.80742,1208.13202,-1.73752,60.2363,8.82826442497428,3.288760783919849,0.0
27.62528,37.02832,35.752,1203.64437,-1.77418,60.24962,8.831374084146496,3.2899192137815567,0.0
27.63327,37.0441,35.69563,1199.16403,-1.81088,60.26293,8.835523802521458,3.291465093061891,0.0
27.64123,37.05983,35.63832,1194.69041,-1.84753,60.27622,8.840695319406237,3.29339161917227,0.0
27.64916,37.07551,35.58008,1190.22293,-1.88406,60.28948,8.84686753666269,3.2956909325011092,0.0
27.65705,37.09113,35.52093,1185.761,-1.92041,60.30273,8.85401657596786,3.29835413774483,0.0
27.66491,37.10669,35.46088,1181.30402,-1.95649,60.31596,8.862115840557548,3.301371326908965,0.0
27.67274,37.1222,35.39995,1176.85138,-1.99223,60.32918,8.87113608176925,3.3047316040971557,0.0
27.68053,37.13765,35.33815,1172.4025,-2.02757,60.34237,8.881045470734762,3.308423112218523,0.0
27.68829,37.15305,35.27551,1167.95678,-2.06245,60.35554,8.891809675535718,3.312433061730153,0.0
27.69602,37.16839,35.21206,1163.51361,-2.09678,60.36869,8.903391944223914,3.3167477615643373,0.0
27.70372,37.18368,35.14781,1159.07242,-2.13052,60.38183,8.915753194016018,3.3213526523559516,0.0
27.71138,37.19891,35.0828,1154.63261,-2.16359,60.39494,8.928852107032181,3.3262323421076165,0.0
27.71901,37.21408,35.01705,1150.1936,-2.19594,60.40804,8.942645232894339,3.3313706444102538,0.0
27.72661,37.2292,34.95059,1145.75484,-2.22752,60.42111,8.957087098468723,3.3367506193250636,0.0
27.73418,37.24426,34.88346,1141.31577,-2.25826,60.43417,8.972130325026137,3.3423546170288136,0.0
27.74171,37.25927,34.81569,1136.87586,-2.28813,60.44721,8.987725753017997,3.3481643242961874,0.0
27.74921,37.27422,34.7473,1132.43457,-2.31707,60.46022,9.003822574650009,3.354160813886979,0.0
27.75668,37.28912,34.67835,1127.9914,-2.34504,60.47322,9.020368474318218,3.360324596862209,0.0
27.76412,37.30396,34.60885,1123.54587,-2.372,60.48619,9.037309776978164,3.3666356778555384,0.0
27.77152,37.31874,34.53886,1119.0975,-2.39791,60.49915,9.054591604362182,3.37307361326833,0.0
27.77889,37.33347,34.4684,1114.64586,-2.42275,60.51208,9.072158038940481,3.3796175723494577,0.0
27.78623,37.34814,34.39751,1110.19051,-2.44648,60.525,9.089952295410209,3.3862464010794966,0.0
27.79354,37.36276,34.32624,1105.73108,-2.46908,60.53789,9.107916899389899,3.3929386887391093,0.0
27.80081,37.37732,34.25462,1101.26718,-2.49053,60.55076,9.12599387292041,3.399672837013025,0.0
27.80805,37.39183,34.18269,1096.79849,-2.51082,60.56361,9.14412492626643,3.406427131441142,0.0
27.81526,37.40627,34.11049,1092.32468,-2.52993,60.57644,9.162251655435083,3.4131798149994137,0.0
27.82244,37.42067,34.03805,1087.84547,-2.54785,60.58925,9.1803157446736,3.419909163535553,0.0
27.82958,37.435,33.96542,1083.36063,-2.5646,60.60203,9.198259173194012,3.426593562779426,0.0
27.8367,37.44928,33.89264,1078.86992,-2.58016,60.6148,9.21602442518309,3.433211586577269,0.0
27.84378,37.4635,33.81973,1074.37316,-2.59454,60.62754,9.233554702167117,3.4397420760031667,0.0
27.85082,37.47767,33.74675,1069.87022,-2.60776,60.64026,9.250794136624698,3.4461642189354365,0.0
27.85784,37.49178,33.67371,1065.36096,-2.61983,60.65295,9.267688005745825,3.4524576296875034,0.0
27.86482,37.50583,33.60067,1060.84531,-2.63078,60.66562,9.284182944116141,3.458602428238396,0.0
27.87177,37.51982,33.52765,1056.32322,-2.64063,60.67828,9.300227154082537,3.464579318599449,0.0
27.87869,37.53376,33.45468,1051.79469,-2.6494,60.6909,9.315770612491471,3.470369665829781,0.0
27.88558,37.54764,33.3818,1047.25973,-2.65714,60.70351,9.330765272509009,3.475955571219565,0.0
27.89243,37.56146,33.30904,1042.71842,-2.66388,60.71609,9.345165259138492,3.4813199451254975,0.0
27.89925,37.57523,33.23643,1038.17084,-2.66966,60.72864,9.358927057147515,3.4864465769785564,0.0
27.90604,37.58894,33.16398,1033.61713,-2.67453,60.74118,9.372009690056956,3.4913202019621123,0.0
27.91279,37.60259,33.09174,1029.05744,-2.67855,60.75369,9.384374888921872,3.4959265638872568,0.0
27.91952,37.61618,33.01972,1024.49199,-2.68175,60.76617,9.395987249658425,3.5002524738012224,0.0
27.92621,37.62971,32.94795,1019.92101,-2.68422,60.77863,9.406814377766977,3.504285863900544,0.0
27.93287,37.64319,32.87644,1015.34475,-2.68599,60.79107,9.416827019319602,3.5080158363273513,0.0
27.93949,37.65661,32.80521,1010.76352,-2.68714,60.80348,9.425999177265084,3.5114327064960436,0.0
27.94609,37.66997,32.73428,1006.17764,-2.68774,60.81587,9.434308212120921,3.514528040603707,0.0
27.95265,37.68327,32.66366,1001.58746,-2.68785,60.82823,9.441734926286266,3.517294687038908,0.0
27.95918,37.69651,32.59338,996.99337,-2.68755,60.84057,9.448263631354894,3.5197268014575407,0.0
