0.05196,0.05196,59.77972,5497.33366,-0.51811,45.00011,3.2276326966521944,1.2023781036302765,0.0
0.1039,0.1039,59.70389,5495.65403,-0.53577,45.00028,3.2602472144484027,1.2145278696489736,0.0
0.15582,0.15582,59.62558,5493.96016,-0.55297,45.00051,3.2943246420384,1.2272226080573303,0.0
0.20773,0.20773,59.54485,5492.25112,-0.56969,45.0008,3.3298697318350885,1.2404640892541965,0.0
0.25962,0.25963,59.46178,5490.52597,-0.58589,45.00115,3.3668861454875745,1.2542536773002075,0.0
0.3115,0.31151,59.37644,5488.78374,-0.60155,45.00156,3.4053762852105898,1.2685922670835577,0.0
0.36336,0.36337,59.28893,5487.02348,-0.61666,45.00204,3.4453411155818685,1.2834802179348317,0.0
0.4152,0.41522,59.19931,5485.24422,-0.63119,45.00257,3.486779975899881,1.2989172837253269,0.0
0.46703,0.46705,59.10768,5483.445,-0.64512,45.00317,3.5296903832423405,1.3149025395011602,0.0
0.51884,0.51887,59.01412,5481.62482,-0.65842,45.00382,3.5740678264976955,1.3314343047545856,0.0
0.57063,0.57067,58.91874,5479.78272,-0.67107,45.00453,3.6199055517333414,1.3485100634680005,0.0
0.62241,0.62246,58.82162,5477.91771,-0.68306,45.00531,3.6671943394139377,1.3661263811219102,0.0
0.67416,0.67423,58.72286,5476.02882,-0.69435,45.00614,3.715922274107014,1.3842788189042055,0.0
0.7259,0.72598,58.62257,5474.11507,-0.70492,45.00704,3.7660745074825654,1.4029618454212767,0.0
0.77762,0.77772,58.52085,5472.17548,-0.71476,45.00799,3.8176330155710962,1.422168746270247,0.0
0.82932,0.82945,58.41782,5470.20909,-0.72384,45.009,3.8705763514379465,1.4418915319036534,0.0
0.88101,0.88115,58.31357,5468.21493,-0.73214,45.01007,3.9248793946194316,1.4621208442878137,0.0
0.93267,0.93284,58.20824,5466.19205,-0.73964,45.0112,3.9805130988772053,1.4828458629346917,0.0
0.98432,0.98451,58.10193,5464.13952,-0.74632,45.01239,4.037444240034016,1.50405421096408,0.0
1.03594,1.03617,57.99476,5462.05641,-0.75216,45.01364,4.095635165892232,1.5257318619416727,0.0
1.08754,1.08781,57.88686,5459.94181,-0.75714,45.01495,4.155043550453295,1.547863048319342,0.0
1.13912,1.13944,57.77808,5457.79531,-0.76521,45.03885,4.215791129371729,1.5704931198314558,19.99999965883678
1.19065,1.19108,57.66824,5455.61639,-0.77243,45.06315,4.2780058137447865,1.5936697267272855,19.99999965883678
1.24214,1.24271,57.55747,5453.40403,-0.77879,45.08786,4.341649398353023,1.6173786365573464,19.99999965883678
1.29359,1.29435,57.44591,5451.15721,-0.78427,45.11298,4.4066780603656595,1.6416035241641267,19.99999965883678
1.34499,1.346,57.33368,5448.87495,-0.78883,45.13853,4.473042489850579,1.6663260203004895,19.99999965883678
1.39635,1.39764,57.22091,5446.5563,-0.79247,45.16451,4.540687613219448,1.6915256086057078,19.99999965883678
1.44767,1.4493,57.10773,5444.20031,-0.79517,45.19092,4.609552328982494,1.7171795271671646,19.99999965883678
1.49894,1.50095,56.99429,5441.80607,-0.7969,45.21778,4.67956925940219,1.7432626760048153,19.99999965883678
1.55016,1.55261,56.88072,5439.37273,-0.79766,45.24509,4.750664521882201,1.769747531907557,19.99999965883678
1.60134,1.60427,56.76717,5436.89946,-0.79742,45.27285,4.822757524163891,1.796604072138539,19.99999965883678
1.65247,1.65593,56.65377,5434.38546,-0.79617,45.30108,4.8957607876181015,1.8237997086066977,19.99999965883678
1.70355,1.7076,56.54068,5431.83,-0.79391,45.32977,4.969579803073082,1.8512992341588694,19.99999965883678
1.75458,1.75927,56.42803,5429.23238,-0.79061,45.35893,5.044112923741189,1.87906478269217,19.99999965883678
1.80556,1.81095,56.31599,5426.59199,-0.78627,45.38857,5.119251299880571,1.9070558048137514,19.99999965883678
1.85649,1.86262,56.20468,5423.90825,-0.78089,45.41868,5.194878859828044,1.9352290607750462,19.99999965883678
1.90737,1.91431,56.09427,5421.18066,-0.77445,45.44928,5.270872341958907,1.963538632377646,19.99999965883678
1.95819,1.96599,55.98491,5418.40877,-0.76695,45.48036,5.347101382008051,1.991935955502708,19.99999965883678
2.00896,2.01768,55.87674,5415.59223,-0.75838,45.51193,5.423428659906575,2.0203698748114567,19.99999965883678
2.05968,2.06938,55.76992,5412.73076,-0.74875,45.54398,5.4997101100051,2.048786722058904,19.99999965883678
2.11034,2.12107,55.66459,5409.82414,-0.73807,45.57651,5.5757951980700735,2.0771304192822573,19.99999965883678
2.16095,2.17277,55.56091,5406.87228,-0.72632,45.60953,5.651527267956743,2.1053426079457256,19.99999965883678
2.2115,2.22448,55.45902,5403.87514,-0.71353,45.64303,5.726743960170904,2.133362804865781,19.99999965883678
2.26199,2.27619,55.35908,5400.83279,-0.69969,45.67701,5.801277703832557,2.16112858548057,19.99999965883678
2.31242,2.3279,55.26121,5397.7454,-0.68482,45.71147,5.874956282677397,2.188575794700355,19.99999965883678
2.3628,2.37961,55.16558,5394.61325,-0.66894,45.74639,5.947603474799036,2.21563878522833,19.99999965883678
2.41311,2.43133,55.07232,5391.43669,-0.65205,45.78179,6.019039764831653,2.242250682867393,19.99999965883678
2.46336,2.48305,54.98156,5388.21621,-0.63419,45.81764,6.0890831261504275,2.2683436779103894,19.99999965883678
2.51355,2.53478,54.89344,5384.95239,-0.61536,45.85394,6.157549869537904,2.2938493412906626,19.99999965883678
2.56368,2.58651,54.8081,5381.64592,-0.59561,45.89069,6.224255553578543,2.318698963727979,19.99999965883678
2.61375,2.63824,54.72566,5378.29761,-0.57494,45.92786,6.289015950825926,2.342823915651231,19.99999965883678
2.66375,2.68997,54.64623,5374.90837,-0.5534,45.96547,6.351648062643712,2.3661560252533986,19.99999965883678
2.71368,2.74171,54.56995,5371.47922,-0.53102,46.00348,6.41197117441849,2.388627971586098,19.99999965883678
2.76355,2.79345,54.49692,5368.01129,-0.50783,46.04189,6.4698079418077645,2.41017368921554,19.99999965883678
2.81335,2.8452,54.42726,5364.50582,-0.48387,46.08068,6.524985497682226,2.4307287805876476,19.99999965883678
2.86309,2.89694,54.36105,5360.96416,-0.45918,46.11985,6.577336568552708,2.4502309319264772,19.99999965883678
2.91276,2.94869,54.2984,5357.38774,-0.43381,46.15937,6.6267005885751225,2.468620328230363,19.99999965883678
2.96236,3.00045,54.23939,5353.77812,-0.4078,46.19923,6.672924798688119,2.48584006272962,19.99999965883678
3.01189,3.0522,54.18411,5350.13693,-0.38119,46.23941,6.715865318096764,2.501836536042404,19.99999965883678
3.06135,3.10396,54.13263,5346.46591,-0.35405,46.27989,6.755388175199231,2.5165598402220297,19.99999965883678
3.11074,3.15572,54.08502,5342.76686,-0.32642,46.32066,6.791370285176378,2.529964122934809,19.99999965883678
3.16006,3.20748,54.04133,5339.04168,-0.29835,46.36169,6.823700361797944,2.5420079271318543,19.99999965883678
3.20931,3.25925,54.00163,5335.29233,-0.26991,46.40297,6.852279751586088,2.5526545017969404,19.99999965883678
3.25848,3.31101,53.96595,5331.52086,-0.24115,46.44447,6.877023179336656,2.561872079672793,19.99999965883678
3.30759,3.36278,53.93432,5327.72934,-0.21212,46.48618,6.89785939497833,2.569634118233145,19.99999965883678
3.35662,3.41455,53.90678,5323.91992,-0.18289,46.52806,6.91473171309476,2.5759195006689226,19.99999965883678
3.40558,3.46632,53.88334,5320.09478,-0.15352,46.57011,6.927598437776777,2.580712694156876,19.99999965883678
3.45447,3.5181,53.86402,5316.25614,-0.12407,46.61229,6.93643316715136,2.584003863304628,19.99999965883678
3.50328,3.56987,53.84881,5312.40625,-0.09459,46.65459,6.941224973555962,2.585788937270357,19.99999965883678
3.55202,3.62165,53.8377,5308.54736,-0.06516,46.69699,6.94197845721708,2.586069629759471,19.99999965883678
3.60069,3.67342,53.83069,5304.68174,-0.03583,46.73945,6.938713673028437,2.58485341174756,19.99999965883678
3.64928,3.7252,53.82774,5300.81167,-0.00666,46.78197,6.931465931934888,2.582153437490667,19.99999965883678
3.6978,3.77698,53.82883,5296.9394,0.02229,46.82451,6.920285480185357,2.5779884250385763,19.99999965883678
3.74625,3.82876,53.83391,5293.06718,0.05095,46.86706,6.905237061462963,2.5723824931167587,19.99999965883678
3.79462,3.88055,53.84293,5289.19723,0.07927,46.90959,6.886399368464281,2.5653649568252166,19.99999965883678
3.84292,3.93233,53.85584,5285.33173,0.10719,46.95208,6.863864392013718,2.5569700851664665,19.99999965883678
3.89114,3.98411,53.87257,5281.47284,0.13465,46.99452,6.837736677000379,2.547236823862441,19.99999965883678
3.93929,4.0359,53.89305,5277.62264,0.16161,47.03687,6.8081324955785405,2.536208487349914,19.99999965883678
3.98737,4.08768,53.9172,5273.78318,0.188,47.07914,6.775178948867339,2.523932424139994,19.99999965883678
4.03537,4.13947,53.94494,5269.95645,0.21378,47.12128,6.7390130090607805,2.5104596599789044,19.99999965883678
4.0833,4.19125,53.97616,5266.14435,0.2389,47.1633,6.699780514238116,2.495844523388397,19.99999965883678
4.13116,4.24304,54.01077,5262.34874,0.26331,47.20516,6.657635128329363,2.480144258225545,19.99999965883678
4.17894,4.29482,54.04867,5258.57138,0.28697,47.24686,6.6127372786584795,2.463418627889618,19.99999965883678
4.22666,4.34661,54.08975,5254.81396,0.30984,47.28837,6.565253083197965,2.4457295156962013,19.99999965883678
4.2743,4.3984,54.13388,5251.07808,0.33187,47.32969,6.515353279230978,2.4271405257756373,19.99999965883678
4.32187,4.45019,54.18096,5247.36526,0.35304,47.3708,6.463212164473576,2.407716588613208,19.99999965883678
4.36937,4.50198,54.23084,5243.67692,0.3733,47.41169,6.409006560941228,2.387523575062143,19.99999965883678
4.4168,4.55376,54.2834,5240.01441,0.39263,47.45235,6.352914810951615,2.366627922328247,19.99999965883678
4.46416,4.60555,54.33852,5236.37896,0.411,47.49276,6.295115813643726,2.345096275047912,19.99999965883678
4.51145,4.65734,54.39604,5232.77173,0.42839,47.53291,6.235788109355663,2.3229951441947603,19.99999965883678
4.55867,4.70913,54.45584,5229.19377,0.44476,47.57281,6.175109018071792,2.3003905861285388,19.99999965883678
4.60582,4.76092,54.51777,5225.64604,0.46011,47.61243,6.113253837063263,2.2773479036950994,19.99999965883678
4.6529,4.81271,54.58169,5222.12943,0.47441,47.65178,6.050395101692127,2.2539313708564843,19.99999965883678
4.69992,4.8645,54.64744,5218.6447,0.48764,47.69084,5.986701912315256,2.230203981944927,19.99999965883678
4.74687,4.91629,54.71488,5215.19255,0.4998,47.72962,5.922339329118219,2.206227226222546,19.99999965883678
4.79375,4.96808,54.78387,5211.77359,0.51088,47.7681,5.857467835792253,2.182060888086908,19.99999965883678
4.84057,5.01988,54.85424,5208.38831,0.52087,47.80629,5.79224287203134,2.157762872913885,19.99999965883678
4.88732,5.07167,54.92586,5205.03717,0.52977,47.84419,5.726814433989373,2.1333890582174386,19.99999965883678
4.93401,5.12346,54.99857,5201.7205,0.53756,47.88178,5.661326741149266,2.108993169549598,19.99999965883678
4.98063,5.17526,55.07222,5198.43859,0.54426,47.91908,5.595917967368903,2.084626680307997,19.99999965883678
5.02719,5.22705,55.14666,5195.19162,0.54986,47.95608,5.530720033357077,2.060338734427704,19.99999965883678
5.07369,5.27885,55.22174,5191.97971,0.55437,47.99278,5.465858457364176,2.0361760907595734,19.99999965883678
5.12013,5.33065,55.29732,5188.80294,0.55779,48.02919,5.401452260531556,2.012183087810394,19.99999965883678
5.1665,5.38244,55.37324,5185.66127,0.56014,48.06531,5.3376139230510935,1.9884016274111722,19.99999965883678
5.21281,5.43424,55.44935,5182.55464,0.56141,48.10113,5.2744493871159,1.9648711758163484,19.99999965883678
5.25907,5.48604,55.52553,5179.48291,0.56163,48.13667,5.212058102530043,1.9416287806946204,19.99999965883678
5.30526,5.53785,55.60162,5176.44588,0.5608,48.17192,5.150533110775173,1.918709102445971,19.99999965883678
5.35139,5.58965,55.67748,5173.44332,0.55893,48.2069,5.08996116338853,1.8961444583005929,19.99999965883678
5.39747,5.64145,55.75297,5170.47492,0.55605,48.24161,5.030422870544747,1.8739648776695177,19.99999965883678
5.44349,5.69326,55.82797,5167.54034,0.55217,48.27604,4.971992875847602,1.8521981672591439,19.99999965883678
5.48945,5.74507,55.90233,5164.63919,0.54731,48.31022,4.914740053525835,1.8308699845318686,19.99999965883678
5.53535,5.79688,55.97593,5161.77104,0.54148,48.34415,4.8587277243533915,1.810003918142055,19.99999965883678
5.5812,5.84869,56.04863,5158.93543,0.53471,48.37782,4.804013886877541,1.789621574074595,19.99999965883678
5.62699,5.90051,56.12032,5156.13185,0.52702,48.41126,4.750651460713663,1.7697426662786169,19.99999965883678
5.67273,5.95232,56.19087,5153.35976,0.51842,48.44446,4.698688538944038,1.7503851106926744,19.99999965883678
5.71841,6.00414,56.26017,5150.61858,0.50895,48.47744,4.64816864685241,1.7315651216301817,19.99999965883678
5.76404,6.05596,56.32809,5147.90774,0.49861,48.5102,4.599131004524212,1.7132973096049056,19.99999965883678
5.80961,6.10779,56.39452,5145.22659,0.48744,48.54275,4.551610791027692,1.6955947797453845,19.99999965883678
5.85513,6.15961,56.45937,5142.57448,0.47547,48.5751,4.50563940817566,1.678469230053122,19.99999965883678
5.9006,6.21144,56.52251,5139.95076,0.46271,48.60725,4.4612447420669685,1.6619310488336685,19.99999965883678
5.94602,6.26328,56.58386,5137.35471,0.44918,48.63923,4.418451420841914,1.645989410717289,19.99999965883678
5.99138,6.31511,56.64331,5134.78564,0.43493,48.67103,4.377281067275797,1.6306523707567135,19.99999965883678
6.0367,6.36695,56.70076,5132.24281,0.41996,48.70266,4.337752545053385,1.6159269561708502,19.99999965883678
6.08196,6.4188,56.75613,5129.72547,0.40431,48.73414,4.299882197730319,1.601819255364201,19.99999965883678
6.12717,6.47065,56.80933,5127.23286,0.38801,48.76547,4.263684079545894,1.5883345039106922,19.99999965883678
6.17233,6.5225,56.86027,5124.76422,0.37107,48.79666,4.229170177432726,1.575477167258118,19.99999965883678
6.21744,6.57435,56.90887,5122.31873,0.35353,48.82773,4.196350623675235,1.5632510199490226,19.99999965883678
6.2625,6.62621,56.95506,5119.89562,0.33542,48.85867,4.165233898805496,1.551659221204739,19.99999965883678
6.30751,6.67807,56.99876,5117.49407,0.31675,48.88951,4.13582702443858,1.540704386761631,19.99999965883678
6.35248,6.72994,57.03991,5115.11325,0.29756,48.92025,4.108135745823205,1.530388656876013,19.99999965883678
6.39739,6.78181,57.07844,5112.75233,0.27788,48.9509,4.08216470399522,1.5207137604558523,19.99999965883678
6.44226,6.83369,57.11428,5110.41047,0.25773,48.98147,4.057917597463032,1.5116810752928427,19.99999965883678
6.48708,6.88557,57.14738,5108.08683,0.23713,49.01196,4.035397333433463,1.5032916843980202,19.99999965883678
6.53185,6.93746,57.17768,5105.78054,0.21613,49.0424,4.014606168620886,1.4955464284568654,19.99999965883678
6.57657,6.98935,57.20514,5103.49074,0.19474,49.07279,3.9955458397289427,1.4884459544371802,19.99999965883678
6.62124,7.04124,57.22971,5101.21656,0.17299,49.10313,3.9782176837166605,1.481990760391381,19.99999965883678
6.66587,7.09314,57.25133,5098.95711,0.1509,49.13345,3.962622747989052,1.4761812365053926,19.99999965883678
6.71045,7.14505,57.26998,5096.7115,0.12852,49.16374,3.948761890659005,1.4710177024488444,19.99999965883678
6.75499,7.19696,57.28562,5094.47884,0.10586,49.19402,3.936635871035024,1.466500441084133,19.99999965883678
6.79947,7.24888,57.29821,5092.25823,0.08295,49.2243,3.9262454304984726,1.4626297285953234,19.99999965883678
6.84391,7.30081,57.30773,5090.04876,0.05982,49.25459,3.9175913639106086,1.459405861089148,19.99999965883678
6.88831,7.35274,57.31415,5087.8495,0.0365,49.2849,3.9106745817078363,1.4568291777271227,19.99999965883678
6.93266,7.40467,57.31744,5085.65953,0.01301,49.31524,3.9054961628006155,1.4549000804317813,19.99999965883678
6.97696,7.45662,57.31761,5083.47791,-0.01061,49.34561,3.9020573984015443,1.4536190502137905,19.99999965883678
7.02121,7.50856,57.31462,5081.30371,-0.03435,49.37603,3.9003598268668562,1.4529866601513242,19.99999965883678
7.06542,7.56052,57.30847,5079.13598,-0.05816,49.40652,3.9004052596298213,1.4530035850509366,19.99999965883678
7.10958,7.61248,57.29915,5076.97376,-0.08203,49.43707,3.9021957982732745,1.4536706078075299,19.99999965883678
7.1537,7.66445,57.28666,5074.81608,-0.10593,49.46769,3.905733842761861,1.4549886224710815,19.99999965883678
7.19777,7.71643,57.271,5072.66197,-0.12983,49.49841,3.911022090839517,1.4569586340221894,19.99999965883678
7.24179,7.76841,57.25218,5070.51044,-0.15369,49.52923,3.918063528550698,1.459581754840981,19.99999965883678
7.28577,7.8204,57.2302,5068.36051,-0.1775,49.56015,3.9268614118484355,1.4628591978556296,19.99999965883678
7.3297,7.87239,57.20508,5066.21118,-0.20123,49.59119,3.9374192391970664,1.4667922663361508,19.99999965883678
7.37358,7.9244,57.17683,5064.06143,-0.22484,49.62237,3.9497407150675645,1.4713823402954531,19.99999965883678
7.41742,7.97641,57.14547,5061.91025,-0.24831,49.65368,3.963829704206342,1.4766308594532627,19.99999965883678
7.46121,8.02843,57.11102,5059.75661,-0.27161,49.68514,3.9796901765242922,1.4825393027058411,19.99999965883678
7.50496,8.08045,57.07352,5057.59947,-0.29471,49.71677,3.9973261424430064,1.489109164040753,19.99999965883678
7.54865,8.13249,57.03299,5055.43779,-0.31758,49.74856,4.016741578522019,1.4963419248310534,19.99999965883678
7.5923,8.18453,56.98947,5053.2705,-0.34021,49.78054,4.037940343175526,1.504239022437552,19.99999965883678
7.63591,8.23658,56.94299,5051.09655,-0.36254,49.8127,4.060926082281994,1.5128018150459062,19.99999965883678
7.67946,8.28863,56.8936,5048.91486,-0.38457,49.84507,4.085702124496008,1.5220315426675306,19.99999965883678
7.72297,8.3407,56.84134,5046.72435,-0.40625,49.87765,4.112271366065941,1.5319292842311496,19.99999965883678
7.76643,8.39277,56.78627,5044.52392,-0.42757,49.91045,4.140636144984169,1.5424959107004397,19.99999965883678
7.80984,8.44485,56.72843,5042.31247,-0.44849,49.94349,4.170798104303629,1.5537320341558511,19.99999965883678
7.8532,8.49694,56.66788,5040.0889,-0.46898,49.97677,4.2027580445006265,1.565637952795869,19.99999965883678
7.89651,8.54904,56.60469,5037.85209,-0.48902,50.01031,4.236515764776016,1.5782135918175286,19.99999965883678
7.93977,8.60114,56.53891,5035.60091,-0.50857,50.04411,4.272069893262994,1.5914584401643501,19.99999965883678
7.98299,8.65326,56.47062,5033.33425,-0.52761,50.07819,4.309417706137628,1.6053714831402497,19.99999965883678
8.02615,8.70538,56.39989,5031.05096,-0.54611,50.11256,4.3485549357292275,1.6199511309256065,19.99999965883678
8.06926,8.75751,56.32679,5028.7499,-0.56404,50.14722,4.389475567774948,1.6351951430492655,19.99999965883678
8.11233,8.80965,56.2514,5026.42994,-0.58137,50.18219,4.432171628102174,1.6511005489221158,19.99999965883678
8.15534,8.8618,56.17381,5024.08994,-0.59808,50.21748,4.476632959079448,1.6676635645591749,19.99999965883678
8.1983,8.91396,56.0941,5021.72873,-0.61413,50.2531,4.5228469863588465,1.68487950568499,19.99999965883678
8.24121,8.96612,56.01237,5019.34519,-0.62949,50.28906,4.570798476515685,1.702742697448051,19.99999965883678
8.28406,9.01829,55.9287,5016.93817,-0.64415,50.32536,4.620469286393222,1.7212463810450975,19.99999965883678
8.32686,9.07048,55.8432,5014.50654,-0.65807,50.36203,4.671838105093843,1.7403826176060433,19.99999965883678
8.36961,9.12267,55.75596,5012.04915,-0.67122,50.39907,4.724880189770194,1.7601421897692258,19.99999965883678
8.41231,9.17487,55.66709,5009.5649,-0.68359,50.43649,4.779567096546858,1.7805145014426498,19.99999965883678
8.45494,9.22708,55.57669,5007.05265,-0.69513,50.4743,4.835866408134062,1.8014874763329234,19.99999965883678
8.49753,9.27929,55.48489,5004.51133,-0.70583,50.51251,4.893741459904313,1.8230474559016012,19.99999965883678
8.54006,9.33152,55.39178,5001.93983,-0.71566,50.55112,4.953151066444601,1.8451790974986846,19.99999965883678
8.58253,9.38375,55.2975,4999.33709,-0.7246,50.59016,5.014049250846196,1.8678652735159447,19.99999965883678
8.62494,9.436,55.20215,4996.70207,-0.73263,50.62963,5.076384979225105,1.8910869724888126,19.99999965883678
8.6673,9.48825,55.10587,4994.03374,-0.73971,50.66953,5.1401019032311615,1.9148232031742376,19.99999965883678
8.7096,9.54051,55.00878,4991.3311,-0.74583,50.70987,5.205138113546554,1.9390509027224025,19.99999965883678
8.75184,9.59277,54.911,4988.59321,-0.75097,50.75067,5.271425907606187,1.963744850146447,19.99999965883678
8.79402,9.64505,54.81267,4985.81912,-0.75511,50.79193,5.338891575014137,1.9888775863844523,19.99999965883678
8.83614,9.69734,54.71392,4983.00794,-0.75823,50.83365,5.407455204330713,2.014419342322537,19.99999965883678
8.8782,9.74963,54.61489,4980.15882,-0.76031,50.87586,5.477030515078066,2.0403379762125273,19.99999965883678
8.92019,9.80193,54.51571,4977.27097,-0.76134,50.91854,5.547524719002033,2.0665989219883407,19.99999965883678
8.96213,9.85424,54.41653,4974.34362,-0.7613,50.9617,5.61883841468798,2.093165150007618,19.99999965883678
9.004,9.90656,54.31748,4971.37607,-0.76018,51.00536,5.690865519741821,2.119997141787365,19.99999965883678
9.04581,9.95888,54.21871,4968.36769,-0.75797,51.04951,5.763493244736017,2.147052880298157,19.99999965883678
9.08755,10.01121,54.12036,4965.31789,-0.75465,51.09417,5.8366021130748384,2.1742878573644644,19.99999965883678
9.12922,10.06355,54.02257,4962.22617,-0.75024,51.13932,5.910066030809274,2.20165509967255,19.99999965883678
9.17083,10.1159,53.92548,4959.09207,-0.7447,51.18498,5.983752410250664,2.2291052148197963,19.99999965883678
9.21238,10.16826,53.82925,4955.91524,-0.73806,51.23115,6.057522350939592,2.256586458730379,19.99999965883678
9.25385,10.22062,53.73402,4952.69538,-0.7303,51.27782,6.131230881168689,2.2840448256288686,19.99999965883678
9.29526,10.27299,53.63992,4949.43228,-0.72142,51.325,6.204727262794954,2.3114241615908373,19.99999965883678
9.33659,10.32537,53.54711,4946.12583,-0.71143,51.37269,6.277855361543548,2.3386663024907675,19.99999965883678
9.37786,10.37775,53.45573,4942.776,-0.70035,51.42088,6.350454084346356,2.365711236922174,19.99999965883678
9.41905,10.43014,53.36591,4939.38286,-0.68816,51.46957,6.422357884540574,2.3924972943973657,19.99999965883678
9.46018,10.48254,53.2778,4935.94655,-0.6749,51.51876,6.493397334937125,2.4189613588305146,19.99999965883678
9.50124,10.53493,53.19198,4932.46656,-0.65372,51.52954,6.562989060010003,2.44488610748865,0.0
9.54227,10.5873,53.10902,4928.94275,-0.63143,51.54037,6.630529160610645,2.470046572049388,0.0
9.58326,10.63964,53.02907,4925.37606,-0.60808,51.55123,6.695811504230526,2.4943659627296317,0.0
9.62422,10.69196,52.95225,4921.76753,-0.58369,51.56213,6.758633466783608,2.5177687967259708,0.0
9.66513,10.74426,52.87869,4918.11835,-0.55832,51.57307,6.818796319337188,2.5401810422821,0.0
9.706,10.79654,52.80851,4914.4298,-0.53201,51.58404,6.876106545763392,2.5615306095486714,0.0
9.74683,10.84879,52.74183,4910.70331,-0.50482,51.59506,6.930377172099637,2.581747845805041,0.0
9.78763,10.90101,52.67875,4906.9404,-0.47679,51.60611,6.981429092429888,2.6007660293849266,0.0
9.82838,10.95321,52.61936,4903.14272,-0.44799,51.6172,7.029092375443124,2.61852185640381,0.0
9.86909,11.00539,52.56377,4899.31202,-0.41848,51.62833,7.07320753539587,2.634955914225924,0.0
9.90976,11.05753,52.51204,4895.45014,-0.38831,51.63949,7.113626751085992,2.650013135564065,0.0
9.95038,11.10966,52.46426,4891.55904,-0.35755,51.65069,7.15021501659845,2.6636432271626593,0.0
9.99097,11.16175,52.42048,4887.64075,-0.32628,51.66192,7.1828512081646885,2.6758010672309642,0.0
10.03151,11.21382,52.38078,4883.69739,-0.29455,51.6732,7.2114290522311135,2.686447066074039,0.0
10.07201,11.26586,52.34518,4879.73114,-0.26245,51.6845,7.235857981062532,2.6955474848275447,0.0
10.11247,11.31788,52.31373,4875.74426,-0.23005,51.69585,7.2560638636123205,2.7030747077261075,0.0
10.15288,11.36987,52.28646,4871.73906,-0.19741,51.70723,7.27198960112017,2.7090074639791544,0.0
10.19326,11.42183,52.26338,4867.71789,-0.16463,51.71864,7.283595578895847,2.713330996072247,0.0
10.23358,11.47376,52.2445,4863.68315,-0.13176,51.73009,7.290859967836287,2.7160371720901377,0.0
10.27387,11.52566,52.22982,4859.63724,-0.0989,51.74158,7.2937788715877305,2.7171245405385305,0.0
10.31411,11.57754,52.21933,4855.58261,-0.06611,51.7531,7.292366317600408,2.716598327011721,0.0
10.35431,11.62938,52.213,4851.5217,-0.03348,51.76466,7.286654092767182,2.7144703729636626,0.0
10.39446,11.6812,52.21081,4847.45695,-0.00107,51.77625,7.276691426705653,2.710759017722223,0.0
10.43457,11.73299,52.21272,4843.39078,0.03103,51.78787,7.262544528101193,2.7054889257647576,0.0
10.47463,11.78475,52.21866,4839.32558,0.06276,51.79953,7.244295981626537,2.6986908620547934,0.0
10.51465,11.83648,52.2286,4835.26374,0.09404,51.81123,7.2220440150431875,2.6904014190180177,0.0
10.55463,11.88819,52.24245,4831.20758,0.1248,51.82296,7.195901647742693,2.6806626993515024,0.0
10.59456,11.93986,52.26014,4827.15938,0.15496,51.83472,7.165995733593303,2.6695219594588964,0.0
10.63445,11.99151,52.28159,4823.12137,0.18448,51.84652,7.132465912096728,2.657031218728722,0.0
10.6743,12.04313,52.30669,4819.09569,0.21327,51.85836,7.095463482794836,2.6432468402212574,0.0
10.7141,12.09472,52.33536,4815.08443,0.24129,51.87023,7.055150218470678,2.6282290885546873,0.0
10.75385,12.14628,52.36749,4811.08961,0.26846,51.88213,7.011697132938625,2.612041670874507,0.0
10.79357,12.19782,52.40295,4807.11315,0.29474,51.89407,6.965283219223608,2.594751266792095,0.0
10.83324,12.24933,52.44163,4803.15688,0.32008,51.90604,6.916094173588871,2.576427053051472,0.0
10.87286,12.3008,52.48341,4799.22254,0.34442,51.91805,6.864321120329303,2.5571402284812677,0.0
10.91244,12.35226,52.52814,4795.31178,0.36773,51.9301,6.810159351385135,2.5369635444676564,0.0
10.95198,12.40368,52.57569,4791.42616,0.38995,51.94218,6.753807093877499,2.5159708458289307,0.0
10.99148,12.45508,52.62592,4787.56711,0.41105,51.95429,6.695464317426552,2.4942366265101166,0.0
11.03093,12.50645,52.67868,4783.73599,0.431,51.96644,6.635331591868357,2.471835604052457,0.0
11.07035,12.5578,52.73382,4779.93402,0.44976,51.97863,6.573609004531084,2.4488423162503095,0.0
11.10971,12.60912,52.79119,4776.16236,0.4673,51.99085,6.51049514482001,2.425330742882343,0.0
11.14904,12.66041,52.85063,4772.42203,0.48361,52.00311,6.446186162366134,2.40137395484711,0.0
11.18833,12.71168,52.91198,4768.71396,0.49866,52.0154,6.380874903559662,2.3770437924990566,0.0
11.22757,12.76293,52.97508,4765.03897,0.51243,52.02773,6.314750129863158,2.3524105744496016,0.0
11.26677,12.81415,53.03978,4761.39781,0.52491,52.0401,6.247995819936619,2.3275428375903635,0.0
11.30593,12.86535,53.10589,4757.79109,0.53609,52.0525,6.180790556393645,2.3025071086436992,0.0
11.34505,12.91652,53.17327,4754.21936,0.54596,52.06494,6.1133069967929705,2.277367707093133,0.0
11.38413,12.96767,53.24174,4750.68304,0.55452,52.07742,6.045711427482807,2.2521865789786277,0.0
11.42317,13.0188,53.31115,4747.18249,0.56176,52.08993,5.978163397968791,2.227023160689035,0.0
11.46217,13.0699,53.38132,4743.71798,0.56769,52.10248,5.910815432691441,2.201934271591608,0.0
11.50112,13.12098,53.45209,4740.28969,0.57232,52.11507,5.843812816449002,2.176974034096365,0.0
11.54004,13.17204,53.52331,4736.8977,0.57563,52.1277,5.777293449169509,2.1521938195548644,0.0
11.57892,13.22308,53.59481,4733.54204,0.57766,52.14036,5.711387765303249,2.127642218231776,0.0
11.61776,13.2741,53.66643,4730.22267,0.5784,52.15306,5.646218712839038,2.103365031487889,0.0
11.65657,13.3251,53.73801,4726.93945,0.57788,52.1658,5.581901786733653,2.079405284233459,0.0
11.69533,13.37608,53.8094,4723.69221,0.5761,52.17858,5.518545111457566,2.0558032556786623,0.0
11.73406,13.42704,53.88045,4720.48068,0.57309,52.19139,5.45624956735823,2.0325965264072465,0.0
11.77275,13.47798,53.951,4717.30456,0.56887,52.20425,5.395108955595275,2.009820039819232,0.0
11.8114,13.52891,54.0209,4714.16349,0.56345,52.21714,5.335210196545244,1.9875061760418926,0.0
11.85001,13.57981,54.09002,4711.05705,0.55686,52.23008,5.276633556746449,1.9656848364726902,0.0
11.88859,13.6307,54.15822,4707.98476,0.54912,52.24305,5.219452899708938,1.9443835372125824,0.0
11.92713,13.68157,54.22534,4704.94612,0.54027,52.25606,5.163735956123251,1.923627509725898,0.0
11.96563,13.73242,54.29127,4701.94057,0.53032,52.26911,5.109544609364004,1.9034398071979313,0.0
12.0041,13.78325,54.35586,4698.96751,0.5193,52.2822,5.056935192416555,1.8838414151479377,0.0
12.04253,13.83407,54.41899,4696.02632,0.50725,52.29533,5.005958792714415,1.8648513649890914,0.0
12.08093,13.88488,54.48054,4693.11632,0.49419,52.3085,4.956661561673789,1.846486849338245,0.0
12.11929,13.93566,54.54039,4690.23682,0.48015,52.32171,4.909085026026411,1.8287633379956048,0.0
12.15761,13.98644,54.59842,4687.38708,0.46517,52.33496,4.863266398364638,1.8116946936309446,0.0
12.1959,14.0372,54.65452,4684.56635,0.44928,52.34825,4.819238884605243,1.7952932863219637,0.0
12.23416,14.08794,54.70858,4681.77385,0.43251,52.36158,4.777031986358599,1.77957010619476,0.0
12.27238,14.13867,54.76051,4679.00876,0.41489,52.37495,4.736671796471477,1.764534873521299,0.0
12.31057,14.18939,54.81019,4676.27026,0.39646,52.38837,4.69818128623464,1.750196145711802,0.0
12.34872,14.24009,54.85755,4673.5575,0.37726,52.40182,4.661580583007958,1.7365614207374018,0.0
12.38684,14.29078,54.90248,4670.86961,0.35731,52.41531,4.626887237191844,1.7236372365840327,0.0
12.42492,14.34146,54.9449,4668.2057,0.33665,52.42885,4.594116477701208,1.711429266423195,0.0
12.46298,14.39212,54.98474,4665.56487,0.31532,52.44242,4.563281455237264,1.699942409237106,0.0
12.501,14.44278,55.02191,4662.9462,0.29336,52.45604,4.53439347282327,1.6891808756993305,0.0
12.53898,14.49342,55.05634,4660.34875,0.27079,52.4697,4.5074622031918485,1.6791482691572759,0.0
12.57693,14.54405,55.08796,4657.77157,0.24766,52.4834,4.482495892736736,1.669847661609583,0.0
12.61485,14.59467,55.11672,4655.21371,0.22401,52.49714,4.459501551832573,1.6612816646052602,0.0
12.65274,14.64528,55.14255,4652.67419,0.19986,52.51092,4.438485131402973,1.653452495019933,0.0
12.69059,14.69587,55.16539,4650.15202,0.17526,52.52475,4.419451685700161,1.6463620356955389,0.0
12.72842,14.74646,55.1852,4647.6462,0.15024,52.53861,4.402405521297815,1.6400118909440855,0.0
12.76621,14.79704,55.20194,4645.15572,0.12483,52.55252,4.3873503323414305,1.6344034369319709,0.0
12.80394,14.84762,55.21386,4642.68289,0.07121,52.62767,4.375338131648336,1.629928576113771,48.99999916415011
12.84158,14.89824,55.21924,4640.22921,0.01738,52.70276,4.367405525938789,1.626973471767547,48.99999916415011
12.87914,14.94889,55.21807,4637.79244,-0.03662,52.77786,4.363535502636567,1.625531786261028,48.99999916415011
12.91662,14.99957,55.21034,4635.37037,-0.09073,52.85302,4.3637191427637525,1.625600197040267,48.99999916415011
12.95402,15.05028,55.19605,4632.96075,-0.1449,52.92829,4.367955119781814,1.6271782099347583,48.99999916415011
12.99132,15.10103,55.1752,4630.56132,-0.19909,53.00374,4.37624967779244,1.6302681510366719,48.99999916415011
13.02855,15.1518,55.14779,4628.1698,-0.25324,53.07942,4.3886166033417515,1.634875156197186,48.99999916415011
13.06569,15.20261,55.11383,4625.78391,-0.3073,53.15539,4.405077190238018,1.6410071579201522,48.99999916415011
13.10274,15.25345,55.07336,4623.40131,-0.36123,53.2317,4.425660196372527,1.648674869276742,48.99999916415011
13.13971,15.30432,55.0264,4621.01966,-0.41497,53.30842,4.4504017911622835,1.6578917643264643,48.99999916415011
13.1766,15.35523,54.97297,4618.63656,-0.46847,53.3856,4.479345491776806,1.6686740543599712,48.99999916415011
13.21339,15.40617,54.91312,4616.2496,-0.52169,53.46331,4.512542085907321,1.6810406591285478,48.99999916415011
13.2501,15.45714,54.84689,4613.85628,-0.57456,53.54159,4.550049538382361,1.6950131720559687,48.99999916415011
13.28673,15.50814,54.77434,4611.45411,-0.62704,53.62053,4.591932878477464,1.7106158182583973,48.99999916415011
13.32327,15.55918,54.69552,4609.0405,-0.67906,53.70017,4.638264064258653,1.727875404008755,48.99999916415011
13.35971,15.61024,54.61049,4606.61283,-0.73059,53.78058,4.689121819820882,1.7468212561037695,48.99999916415011
13.39607,15.66135,54.51933,4604.16842,-0.78156,53.86184,4.744591440742681,1.767485149390704,48.99999916415011
13.43234,15.71248,54.42211,4601.70451,-0.83191,53.94399,4.804764562523248,1.7899012205040863,48.99999916415011
13.46852,15.76366,54.31892,4599.21828,-0.88158,54.02712,4.869738886199457,1.8141058656508193,48.99999916415011
13.5046,15.81486,54.20985,4596.70686,-0.93052,54.11129,4.93961785477252,1.8401376200706043,48.99999916415011
13.5406,15.8661,54.095,4594.16727,-0.97867,54.19657,5.014510273442793,1.868037016563412,48.99999916415011
13.57649,15.91738,53.97448,4591.59647,-1.02597,54.28305,5.094529866084491,1.8978464202646403,48.99999916415011
13.61229,15.96869,53.8484,4588.99135,-1.07234,54.37078,5.179794759759291,1.9296098366128767,48.99999916415011
13.648,16.02003,53.71688,4586.3487,-1.11773,54.45985,5.270426888508562,1.9633726892468073,48.99999916415011
13.68361,16.07141,53.58004,4583.66523,-1.16207,54.55034,5.366551307108642,1.9991815643610067,48.99999916415011
13.71911,16.12283,53.43804,4580.93757,-1.2053,54.64232,5.468295404953643,2.0370839178566,48.99999916415011
13.75451,16.17428,53.29102,4578.16224,-1.24733,54.73589,5.575788009806117,2.077127741464799,48.99999916415011
13.78981,16.22577,53.13912,4575.33569,-1.28811,54.83113,5.689158370833519,2.1193611839012316,48.99999916415011
13.82501,16.2773,52.98251,4572.45427,-1.32756,54.92811,5.808535010115474,2.1638321230221766,48.99999916415011
13.86009,16.32886,52.82137,4569.51426,-1.3656,55.02694,5.93404443178627,2.2105876849461814,48.99999916415011
13.89507,16.38047,52.65587,4566.51181,-1.40216,55.12771,6.06580967810704,2.2596737061529546,48.99999916415011
13.92994,16.43211,52.48621,4563.44303,-1.43715,55.2305,6.203948722201509,2.3111341347351435,48.99999916415011
13.96469,16.48378,52.31258,4560.30391,-1.47052,55.33541,6.348572687893039,2.3650103672407936,48.99999916415011
13.99932,16.5355,52.1352,4557.09038,-1.50216,55.44254,6.499783888118349,2.4213405179308487,48.99999916415011
14.03384,16.58726,51.95427,4553.79829,-1.532,55.55199,6.657673674917685,2.480158617843917,48.99999916415011
14.06823,16.63905,51.77003,4550.42342,-1.55995,55.66386,6.822320095922645,2.541493741776325,48.99999916415011
14.1025,16.69089,51.58272,4546.96149,-1.58594,55.77825,6.993785354769707,2.605369062219337,48.99999916415011
14.13664,16.74276,51.39259,4543.40816,-1.60988,55.89526,7.172113075962905,2.6718008304485377,48.99999916415011
14.17065,16.79467,51.19988,4539.75907,-1.63168,56.015,7.357325378460837,2.740797286357987,48.99999916415011
14.20453,16.84663,51.00488,4536.00983,-1.65125,56.13757,7.54941976669313,2.8123575002820593,48.99999916415011
14.23827,16.89863,50.80785,4532.15601,-1.66852,56.26308,7.7483658529260575,2.886470151990393,48.99999916415011
14.27187,16.95066,50.60909,4528.19321,-1.68338,56.39163,7.954101930853878,2.963112254260508,48.99999916415011
14.30533,17.00274,50.40889,4524.11705,-1.69577,56.52333,8.16653142698477,3.042247830925699,48.99999916415011
14.33864,17.05486,50.20755,4519.92318,-1.7056,56.65827,8.385519263842735,3.123826562072055,48.99999916415011
14.3718,17.10702,50.0054,4515.60733,-1.71278,56.79657,8.610888177081891,3.2077824120666283,48.99999916415011
14.40481,17.15923,49.80276,4511.16531,-1.71723,56.93832,8.842415037273843,3.294032259326454,48.99999916415011
14.43765,17.21147,49.59996,4506.59306,-1.71888,57.08361,9.079827236149129,3.3824745500984017,48.99999916415011
14.47034,17.26376,49.39734,4501.88666,-1.71765,57.23254,9.322799206268881,3.4729880019452994,48.99999916415011
14.50285,17.31609,49.19525,4497.04237,-1.71348,57.3852,9.570949152196208,3.565430386021261,48.99999916415011
14.5352,17.36847,48.99406,4492.05666,-1.7063,57.54168,9.82383607995539,3.659637420467082,48.99999916415011
14.56737,17.42088,48.79411,4486.92625,-1.69605,57.70204,10.080957219369742,3.755421810163268,48.99999916415011
14.59936,17.47334,48.59578,4481.64815,-1.68267,57.86635,10.3417459404507,3.8525724705301463,48.99999916415011
14.63117,17.52584,48.39944,4476.21968,-1.66612,58.03469,10.605570269866966,3.950853974873588,48.99999916415011
14.66279,17.57839,48.20546,4470.63854,-1.64637,58.2071,10.871732115982368,4.050006265691225,48.99999916415011
14.69421,17.63097,48.01423,4464.9028,-1.62337,58.38362,11.139467310727674,4.149744670270795,48.99999916415011
14.72544,17.6836,47.82612,4459.011,-1.59712,58.5643,11.40794657284069,4.249760259522427,48.99999916415011
14.75646,17.73627,47.64152,4452.96214,-1.56761,58.74914,11.676277489644216,4.349720586243073,48.99999916415011
14.78728,17.78898,47.4608,4446.75573,-1.53483,58.93815,11.943507602818014,4.44927083464776,48.99999916415011
14.81788,17.84174,47.28433,4440.39185,-1.49879,59.13134,12.208628667473173,4.548035406986848,48.99999916415011
14.84827,17.89453,47.11249,4433.87114,-1.45954,59.32867,12.470582133211769,4.645619965384973,48.99999916415011
14.87843,17.94737,46.94565,4427.19487,-1.4171,59.53011,12.728265870532384,4.741613937604083,48.99999916415011
14.90837,18.00024,46.78415,4420.36494,-1.37153,59.73561,12.980542136747884,4.8355934845574104,48.99999916415011
14.93808,18.05315,46.62835,4413.38391,-1.32291,59.9451,13.226246742508563,4.927124915080524,48.99999916415011
14.96756,18.1061,46.47858,4406.25501,-1.2713,60.15848,13.464199344432314,5.015768520206885,48.99999916415011
14.99679,18.15909,46.33518,4398.98216,-1.21682,60.37566,13.693214752111095,5.101082785325263,48.99999916415011
15.02578,18.21211,46.19843,4391.56997,-1.15958,60.59651,13.912115100036475,5.182628924542259,48.99999916415011
15.05453,18.26517,46.06865,4384.02374,-1.0997,60.8209,14.119742698801609,5.259975668093181,48.99999916415011
15.08303,18.31827,45.94611,4376.34942,-1.03734,61.04866,14.314973346368495,5.3327042211393385,48.99999916415011
15.11127,18.37139,45.83105,4368.55363,-0.97264,61.27961,14.496729851311732,5.400413301532158,48.99999916415011
15.13925,18.42455,45.72371,4360.64362,-0.90579,61.51358,14.663995497318233,5.462724155693596,48.99999916415011
15.16697,18.47774,45.62431,4352.62723,-0.83697,61.75034,14.815827163113868,5.519285446134031,48.99999916415011
15.19443,18.53096,45.53303,4344.51286,-0.76638,61.98968,14.951367805893211,5.569777901858282,48.99999916415011
15.22162,18.5842,45.45003,4336.30938,-0.69423,62.23137,15.069858019843567,5.613918624219951,48.99999916415011
15.24854,18.63747,45.37545,4328.02617,-0.62074,62.47515,15.170646395065873,5.651464945892015,48.99999916415011
15.2752,18.69076,45.30939,4319.67294,-0.54614,62.72076,15.253198425879269,5.68221774944466,48.99999916415011
15.30158,18.74408,45.25195,4311.25975,-0.47066,62.96795,15.31710375054757,5.706024164333892,48.99999916415011
15.32769,18.79742,45.20316,4302.79692,-0.39456,63.21643,15.362081545966706,5.722779576564541,48.99999916415011
15.35352,18.85078,45.16306,4294.29494,-0.31806,63.46592,15.387983948903294,5.732428903191657,48.99999916415011
15.37908,18.90415,45.13164,4285.76442,-0.24144,63.71615,15.394797428439373,5.734967103592284,48.99999916415011
15.40436,18.95754,45.10887,4277.21599,-0.16492,63.96682,15.382642089706595,5.730438920088114,48.99999916415011
15.42937,19.01095,45.09468,4268.66024,-0.08877,64.21766,15.351768945009404,5.718937861367084,48.99999916415011
15.4541,19.06437,45.08899,4260.10765,-0.01322,64.46838,15.30255524220033,5.700604462180252,48.99999916415011
15.47856,19.11779,45.09169,4251.56854,0.06147,64.7187,15.235497989819368,5.675623871285846,48.99999916415011
15.50275,19.17123,45.10262,4243.05294,0.13509,64.96835,15.151205862085734,5.644222835845706,48.99999916415011
15.52666,19.22468,45.12164,4234.5706,0.20739,65.21708,15.050389702788282,5.606666163874607,48.99999916415011
15.5503,19.27813,45.14854,4226.13089,0.27816,65.46463,14.933851874195561,5.563252756429007,48.99999916415011
15.57367,19.33158,45.18312,4217.74277,0.34719,65.71075,14.802474715071176,5.514311307914076,48.99999916415011
15.59678,19.38504,45.22513,4209.41473,0.41428,65.95521,14.657208380054541,5.4601957759330695,48.99999916415011
15.61962,19.4385,45.27434,4201.15478,0.47924,66.19781,14.4990583320085,5.401280721857718,48.99999916415011
15.6422,19.49196,45.33046,4192.97038,0.54191,66.43833,14.329072749392884,5.337956619743543,48.99999916415011
15.66452,19.54541,45.39321,4184.86845,0.60213,66.67658,14.148330094217222,5.270625225065138,48.99999916415011
15.68658,19.59887,45.46229,4176.85534,0.65974,66.91241,13.9579270630798,5.1996950861611895,48.99999916415011
15.70839,19.65232,45.53738,4168.93682,0.71462,67.14564,13.758967116381728,5.125577271064898,48.99999916415011
15.72996,19.70576,45.61817,4161.11805,0.76665,67.37615,13.55254974989446,5.048681370880609,48.99999916415011
15.75127,19.7592,45.7043,4153.40366,0.81572,67.6038,13.339760640398326,4.969411828774867,48.99999916415011
15.77234,19.81263,45.79544,4145.79766,0.86176,67.82848,13.121662764145853,4.888164631370331,48.99999916415011
15.79318,19.86605,45.89124,4138.3035,0.90468,68.05012,12.899288554716422,4.805324387340279,48.99999916415011
15.81377,19.91947,45.99134,4130.92409,0.94443,68.26863,12.673633136570762,4.721261806729634,48.99999916415011
15.83414,19.97287,46.09539,4123.66182,0.98095,68.48394,12.445648642838407,4.636331584181281,48.99999916415011
15.85428,20.02626,46.20301,4116.51855,1.01422,68.69602,12.216239601372052,4.550870680119903,48.99999916415011
15.8742,20.07964,46.31386,4109.49566,1.04421,68.90483,11.986259352172377,4.465196986148485,48.99999916415011
15.89389,20.13301,46.42756,4102.59408,1.07091,69.11035,11.756507442036666,4.379608354486356,48.99999916415011
15.91337,20.18637,46.54377,4095.81431,1.09432,69.31257,11.527727928829544,4.29438196626543,48.99999916415011
15.93264,20.23971,46.66211,4089.15644,1.11444,69.51149,11.300608517874842,4.209774009813448,48.99999916415011
15.9517,20.29304,46.78225,4082.62019,1.13131,69.70714,11.075780446469158,4.126019637632249,48.99999916415011
15.97056,20.34636,46.90382,4076.20495,1.14494,69.89954,10.853819029016408,4.04333316947472,48.99999916415011
15.98921,20.39966,47.02648,4069.90978,1.15538,70.08871,10.63524477437142,3.961908508584701,48.99999916415011
16.00767,20.45294,47.1499,4063.73345,1.16267,70.27471,10.420524988420986,3.8819197387005797,48.99999916415011
16.02594,20.50621,47.27374,4057.6745,1.16685,70.45758,10.21007577810581,3.8035218706061977,48.99999916415011
16.04402,20.55947,47.39769,4051.73119,1.16798,70.63738,10.00426437767129,3.7268517087204844,48.99999916415011
16.06191,20.61271,47.52141,4045.90163,1.16613,70.81417,9.803411723691262,3.652028810361539,48.99999916415011
16.07962,20.66594,47.6446,4040.1837,1.16136,70.98803,9.607795211707671,3.579156512667454,48.99999916415011
16.09715,20.71915,47.76697,4034.57514,1.15374,71.15902,9.417651574235018,3.508323004728689,48.99999916415011
16.1145,20.77234,47.88822,4029.07354,1.14334,71.32722,9.23317982678977,3.4396024250615413,48.99999916415011
16.13169,20.82552,48.00806,4023.67639,1.13023,71.49272,9.054544235590122,3.3730559671543907,48.99999916415011
16.1487,20.87868,48.12623,4018.38106,1.11451,71.65559,8.881877267261382,3.308732978310573,48.99999916415011
16.16555,20.93183,48.24246,4013.18484,1.09624,71.81592,8.715282487333862,3.2466720394151034,48.99999916415011
16.18223,20.98496,48.35649,4008.08494,1.07551,71.97381,8.55483738021796,3.186902015449589,48.99999916415011
16.19875,21.03807,48.46807,4003.07853,1.05241,72.12934,8.400596068851263,3.1294430686323453,48.99999916415011
16.21512,21.09117,48.57698,3998.16271,1.02701,72.28261,8.252591917168841,3.074307627907042,48.99999916415011
16.23133,21.14425,48.68299,3993.33456,0.99941,72.4337,8.110840002904334,3.0215013101261796,48.99999916415011
16.24738,21.19732,48.78587,3988.59115,0.96969,72.58271,7.975339452119166,2.9710237897246423,48.99999916415011
16.26329,21.25037,48.88542,3983.9295,0.93793,72.72974,7.8460756302027415,2.9228696149249256,48.99999916415011
16.27905,21.30341,48.98145,3979.34664,0.90423,72.87488,7.723022186895269,2.877028969561939,48.99999916415011
16.29466,21.35643,49.07375,3974.83958,0.86866,73.01822,7.606142955285927,2.833488380509792,48.99999916415011
16.31012,21.40944,49.16217,3970.40536,0.83131,73.15985,7.495393706682346,2.7922313714168516,48.99999916415011
16.32545,21.46243,49.24652,3966.041,0.79228,73.29988,7.390723764813919,2.753239064038943,48.99999916415011
16.34063,21.5154,49.32664,3961.74354,0.75164,73.43839,7.292077484044509,2.71649072891248,48.99999916415011
16.35568,21.56836,49.40238,3957.51001,0.70947,73.57547,7.199395597203734,2.681964287457083,48.99999916415011
16.37059,21.62131,49.4736,3953.33748,0.66587,73.71122,7.11261643926765,2.6496367678288277,48.99999916415011
16.38536,21.67424,49.54017,3949.22302,0.62091,73.84574,7.03167705359618,2.6194847170227984,48.99999916415011
16.40001,21.72715,49.60195,3945.16372,0.57468,73.9791,6.9565141875851175,2.5914845717796493,48.99999916415011
16.41451,21.78005,49.65884,3941.15667,0.52726,74.11141,6.8870651847302895,2.565612990902985,48.99999916415011
16.42889,21.83294,49.71072,3937.199,0.47872,74.24275,6.823268779981059,2.5418471515494643,48.99999916415011
16.44314,21.88581,49.75749,3933.28783,0.42916,74.37321,6.76506580508808,2.5201650119893926,48.99999916415011
16.45725,21.93866,49.79907,3929.42031,0.37864,74.50288,6.712399810365747,2.500545543229604,48.99999916415011
16.47124,21.9915,49.83537,3925.59358,0.32725,74.63185,6.665217608959137,2.4829689317672083,48.99999916415011
16.4851,22.04433,49.86631,3921.8048,0.27506,74.7602,6.623469749274389,2.467416755582342,48.99999916415011
16.49884,22.09714,49.89183,3918.05115,0.22216,74.88803,6.587110920796623,2.4538721353160207,48.99999916415011
16.51245,22.14994,49.91187,3914.32978,0.16862,75.01542,6.556100298023411,2.442319862394408,48.99999916415011
16.52593,22.20272,49.92637,3910.63789,0.11452,75.14245,6.530401826753138,2.432746505678758,48.99999916415011
16.53929,22.25548,49.9353,3906.97264,0.05992,75.26922,6.509984456425954,2.425140498018536,48.99999916415011
16.55253,22.30823,49.93862,3903.33119,0.00492,75.3958,6.494822321694922,2.419492203891452,48.99999916415011
16.56564,22.36097,49.9363,3899.71072,-0.05041,75.52229,6.48489487586103,2.4157939691115065,48.99999916415011
16.57863,22.41369,49.92832,3896.10838,-0.10601,75.64877,6.480186978269377,2.4140401533863756,48.99999916415011
16.59149,22.4664,49.91467,3892.52131,-0.16179,75.77533,6.480688937217807,2.4142271463020006,48.99999916415011
16.60423,22.51909,49.89535,3888.94664,-0.21767,75.90205,6.486396509410439,2.4163533671190187,48.99999916415011
16.61685,22.57176,49.87035,3885.38148,-0.27359,76.02902,6.497310856436631,2.420419248560029,48.99999916415011
16.62934,22.62442,49.8397,3881.82291,-0.32946,76.15633,6.513438458260021,2.426427204581984,48.99999916415011
16.64171,22.67706,49.8034,3878.268,-0.38522,76.28407,6.534790983165032,2.4343815819278434,48.99999916415011
16.65396,22.72969,49.76148,3874.71378,-0.44078,76.41232,6.5613851131261995,2.4442885950720505,48.99999916415011
16.66608,22.7823,49.71399,3871.15727,-0.49606,76.54117,6.593242323068042,2.4561562439890277,48.99999916415011
16.67808,22.83489,49.66095,3867.59543,-0.551,76.67071,6.630388612011128,2.469994213998011,48.99999916415011
16.68995,22.88747,49.60242,3864.0252,-0.60551,76.80103,6.672854183656162,2.4858137567722225,48.99999916415011
16.7017,22.94003,49.53847,3860.44349,-0.65951,76.93223,6.72067307352137,2.503627551437728,48.99999916415011
16.71332,22.99257,49.46914,3856.84715,-0.71293,77.06439,6.773882719355412,2.5234495445409504,48.99999916415011
16.72481,23.04509,49.39452,3853.23301,-0.76568,77.19761,6.832523471191767,2.5452947675310336,48.99999916415011
16.73617,23.0976,49.3147,3849.59784,-0.81769,77.33198,6.896638037069851,2.5691791302763765,48.99999916415011
16.74741,23.15008,49.22974,3845.93837,-0.86888,77.46759,6.966270860227078,2.5951191890522862,48.99999916415011
16.75851,23.20255,49.13977,3842.25128,-0.91916,77.60456,7.041467423323856,2.623131887346488,48.99999916415011
16.76949,23.255,49.04487,3838.53323,-0.96845,77.74296,7.122273475150903,2.653234267787247,48.99999916415011
16.78033,23.30742,48.94517,3834.78079,-1.01667,77.8829,7.208734175282933,2.6854431535043615,48.99999916415011
16.79103,23.35983,48.84079,3830.99052,-1.06374,78.02448,7.300893152139591,2.7197747972320854,48.99999916415011
16.80161,23.41221,48.73185,3827.15892,-1.10956,78.16781,7.39879147020741,2.7562444965721227,48.99999916415011
16.81204,23.46458,48.6185,3823.28245,-1.15406,78.31297,7.502466502462465,2.7948661739414025,48.99999916415011
16.82234,23.51691,48.50089,3819.35752,-1.19715,78.46009,7.61195070460225,2.835651919941203,48.99999916415011
16.83249,23.56923,48.37917,3815.38051,-1.23874,78.60925,7.727270288368162,2.878611499134868,48.99999916415011
16.84251,23.62152,48.2535,3811.34777,-1.27874,78.76057,7.848443792194271,2.9237518175768624,48.99999916415011
16.85238,23.67379,48.12406,3807.25561,-1.31707,78.91415,7.975480548575888,2.9710763518672425,48.99999916415011
16.86211,23.72603,47.99103,3803.10033,-1.35363,79.0701,8.108379048969562,3.020584540033881,48.99999916415011
16.87168,23.77824,47.8546,3798.87818,-1.38835,79.22852,8.247125208735278,3.0722711351777843,48.99999916415011
16.88111,23.83043,47.71497,3794.58544,-1.42113,79.38953,8.391690536664642,3.1261255235741756,48.99999916415011
16.89039,23.88259,47.57235,3790.21837,-1.45189,79.55322,8.542030215922196,3.1821310097726445,48.99999916415011
16.89951,23.93471,47.42694,3785.77322,-1.48053,79.71971,8.698081105894705,3.240264072233432,48.99999916415011
16.90854,23.9868,47.28236,3781.23843,-1.43843,79.73855,8.85549472653612,3.298904787723989,0.0
16.91754,24.03883,47.14229,3776.60549,-1.39288,79.75739,9.009561407150436,3.3562986799911587,0.0
16.92652,24.0908,47.00707,3771.87561,-1.34397,79.77622,9.159572999327363,3.4121819451196043,0.0
16.93547,24.14272,46.877,3767.05041,-1.29178,79.79503,9.304827450352343,3.466293050001032,0.0
16.94439,24.19457,46.75239,3762.13193,-1.23642,79.81384,9.444620345093155,3.5183695814644125,0.0
16.95328,24.24637,46.63356,3757.12263,-1.17802,79.83264,9.578251710509315,3.5681507811347664,0.0
16.96215,24.2981,46.52076,3752.02538,-1.11673,79.85143,9.705033202885197,3.6153802228666105,0.0
16.97099,24.34977,46.41427,3746.8435,-1.05269,79.8702,9.824295563593061,3.6598085902118567,0.0
16.9798,24.40137,46.31433,3741.58068,-0.98609,79.88897,9.935396213630092,3.701196505584685,0.0
16.98858,24.45291,46.22116,3736.24102,-0.91711,79.90772,10.037726844615108,3.73931735810755,0.0
16.99733,24.50438,46.13499,3730.82902,-0.84594,79.92645,10.130720855023464,3.7739600738043357,0.0
17.00606,24.55578,46.05598,3725.34951,-0.77282,79.94518,10.213860475839402,3.8049317700933525,0.0
17.01475,24.60712,45.9843,3719.80766,-0.69796,79.96389,10.286683430206683,3.832060236682411,0.0
17.02342,24.65838,45.92008,3714.20892,-0.62159,79.98259,10.348788976862599,3.8551961869070195,0.0
17.03206,24.70958,45.86345,3708.55905,-0.54398,80.00127,10.399843197792958,3.874215227520977,0.0
17.04067,24.7607,45.81448,3702.864,-0.46537,80.01994,10.439583405931373,3.889019500680343,0.0
17.04925,24.81175,45.77324,3697.12994,-0.38603,80.03859,10.467821568745924,3.899538959319543,0.0
17.0578,24.86272,45.73976,3691.36317,-0.30621,80.05723,10.484446667345003,3.9057322459803703,0.0
17.06632,24.91362,45.71405,3685.5701,-0.2262,80.07585,10.489425937486493,3.907587155120557,0.0
17.07481,24.96445,45.6961,3679.75723,-0.14626,80.09446,10.482804967539511,3.9051206696071037,0.0
17.08328,25.0152,45.68585,3673.93105,-0.06665,80.11305,10.464706657935094,3.898378573084273,0.0
17.09171,25.06588,45.68325,3668.09804,0.01235,80.13162,10.435329075653906,3.88743465071382,0.0
17.10012,25.11648,45.68819,3662.26462,0.09048,80.15018,10.394942264886678,3.8723895010620817,0.0
17.10849,25.167,45.70055,3656.4371,0.16749,80.16872,10.343884099988747,3.8533689912164313,0.0
17.11684,25.21746,45.7202,3650.62166,0.24312,80.18725,10.282555288323636,3.8305223952130265,0.0
17.12516,25.26783,45.74697,3644.82428,0.31714,80.20576,10.211413648016892,3.8040202623495523,0.0
17.13345,25.31813,45.78066,3639.05075,0.38932,80.22425,10.130967798295648,3.774052066670693,0.0
17.14171,25.36835,45.82107,3633.30661,0.45944,80.24273,10.041770408005645,3.74082369186308,0.0
17.14994,25.4185,45.86798,3627.59715,0.52729,80.26119,9.944411150779347,3.704554806870055,0.0
17.15815,25.46858,45.92114,3621.92733,0.59268,80.27964,9.839509513652583,3.665476186912148,0.0
17.16632,25.51858,45.98029,3616.30186,0.65544,80.29807,9.727707599934764,3.6238270323668664,0.0
17.17447,25.5685,46.04515,3610.72508,0.7154,80.31648,9.609663057384216,3.5798523343279443,0.0
17.18259,25.61836,46.11544,3605.20104,0.77241,80.33488,9.486042250047747,3.5338003309359096,0.0
17.19068,25.66814,46.19085,3599.73343,0.82634,80.35327,9.357513776974443,3.4859200929284486,0.0
17.19874,25.71785,46.27108,3594.3256,0.87707,80.37164,9.224742424443491,3.436459270686135,0.0
17.20678,25.76749,46.3558,3588.98056,0.9245,80.39,9.088383620834213,3.385662028525626,0.0
17.21479,25.81706,46.44469,3583.70098,0.96855,80.40834,8.949078445701634,3.333767185448987,0.0
17.22277,25.86656,46.53742,3578.48921,1.00914,80.42667,8.807449227430807,3.2810065751540956,0.0
17.23073,25.91599,46.63365,3573.34725,1.04621,80.44499,8.664095747779525,3.227603632126938,0.0
17.23866,25.96536,46.73304,3568.27682,1.07973,80.46329,8.519592056738334,3.1737722050931554,0.0
17.24656,26.01466,46.83526,3563.2793,1.10966,80.48158,8.37448388815165,3.119715594268916,0.0
17.25444,26.06389,46.93995,3558.35579,1.13599,80.49986,8.229286655259521,3.065625804647475,0.0
17.26229,26.11306,47.04678,3553.50713,1.15871,80.51812,8.08448399607873,3.0116830041153655,0.0
17.27011,26.16217,47.15541,3548.73387,1.17783,80.53638,7.940526831290411,2.95805517249075,0.0
17.27791,26.21121,47.26551,3544.03635,1.19337,80.55463,7.797832891866621,2.9048979255518805,0.0
17.28568,26.2602,47.37674,3539.41464,1.20535,80.57286,7.65678667008477,2.852354496788694,0.0
17.29343,26.30912,47.48876,3534.86863,1.21381,80.59108,7.5177397455848505,2.8005558588677038,0.0
17.30116,26.35799,47.60127,3530.39799,1.2188,80.6093,7.381011437541787,2.749620966583363,0.0
17.30885,26.4068,47.71394,3526.00222,1.22037,80.6275,7.246889734639061,2.6996571032977075,0.0
17.31653,26.45555,47.82646,3521.68064,1.21859,80.6457,7.115632456167038,2.650760313480031,0.0
17.32418,26.50424,47.93852,3517.43244,1.21351,80.66389,6.987468599981668,2.603015904856972,0.0
17.33181,26.55289,48.04984,3513.25664,1.20521,80.68207,6.862599836046166,2.5564990047960836,0.0
17.33941,26.60147,48.16011,3509.15217,1.19377,80.70024,6.741202107705112,2.5112751568225704,0.0
17.34699,26.65001,48.26907,3505.11782,1.17927,80.7184,6.623427306501667,2.467400944532766,0.0
17.35454,26.69849,48.37644,3501.1523,1.1618,80.73656,6.509404990140002,2.424924631580343,0.0
17.36208,26.74693,48.48195,3497.25423,1.14144,80.75471,6.3992441169626275,2.3838868078147537,0.0
17.36958,26.79531,48.58536,3493.42212,1.11828,80.77286,6.293034774025149,2.344321033034544,0.0
17.37707,26.84365,48.68641,3489.65446,1.09243,80.791,6.190849879365163,2.306254471127307,0.0
17.38454,26.89194,48.78488,3485.94965,1.06398,80.80913,6.092746842390009,2.269708508607809,0.0
17.39198,26.94018,48.88053,3482.30603,1.03302,80.82726,5.998769169326911,2.2346993526904093,0.0
17.3994,26.98838,48.97315,3478.72192,0.99965,80.84538,5.90894800351765,2.2012386050893524,0.0
17.40679,27.03653,49.06253,3475.19558,0.96398,80.8635,5.823303592741568,2.1693338086351925,0.0
17.41417,27.08463,49.14848,3471.72524,0.9261,80.88161,5.741846678016195,2.1389889646395743,0.0
17.42152,27.1327,49.23081,3468.30912,0.88612,80.89972,5.6645798001933585,2.110205019636657,0.0
17.42885,27.18072,49.30934,3464.94538,0.84413,80.91783,5.5914985223064315,2.0829803207396282,0.0
17.43616,27.2287,49.38389,3461.63219,0.80025,80.93593,5.52259256698758,2.0573110393585567,0.0
17.44345,27.27664,49.45433,3458.36768,0.75457,80.95403,5.457846869440677,2.033191563460505,0.0
17.45072,27.32453,49.52048,3455.14997,0.70719,80.97212,5.397242547317662,2.0106148588739976,0.0
17.45796,27.37239,49.58222,3451.97718,0.65822,80.99021,5.3407577896169816,1.9895728004270736,0.0
17.46519,27.42021,49.63941,3448.84739,0.60776,81.0083,5.288368667224093,1.9700564738949522,0.0
17.47239,27.46799,49.69193,3445.7587,0.5559,81.02639,5.240049868109884,1.95205644988079,0.0
17.47958,27.51573,49.73966,3442.70916,0.50275,81.04447,5.195775360469331,1.9355630308522769,0.0
17.48674,27.56343,49.78252,3439.69685,0.44841,81.06255,5.155518987197705,1.920566472599668,0.0
17.49388,27.6111,49.82039,3436.71982,0.39297,81.08063,5.119254995131373,1.9070571813919026,0.0
17.501,27.65872,49.8532,3433.77609,0.33655,81.09871,5.086958502447189,1.8950258880951787,0.0
17.50811,27.70632,49.88088,3430.86371,0.27922,81.11678,5.058605907478729,1.8844638004677559,0.0
17.51519,27.75387,49.90334,3427.98069,0.2211,81.13486,5.034175242027812,1.8753627347777948,0.0
17.52225,27.8014,49.92054,3425.12504,0.16228,81.15293,5.013646472034766,1.8677152278109383,0.0
17.52929,27.84888,49.93243,3422.29473,0.10287,81.171,4.997001748175946,1.8615146302244858,0.0
17.53631,27.89633,49.93896,3419.48774,0.04294,81.18907,4.984225608700688,1.856755182109491,0.0
17.54331,27.94375,49.94011,3416.70204,-0.01738,81.20713,4.975305136468292,1.8534320714911734,0.0
17.55029,27.99113,49.93585,3413.93556,-0.07802,81.2252,4.970230071823277,1.8515414763779177,0.0
17.55725,28.03848,49.92616,3411.18622,-0.13887,81.24326,4.968992882618929,1.851080590846891,0.0
17.56419,28.08579,49.91104,3408.45192,-0.19984,81.26133,4.971588792303182,1.8520476355067694,0.0
17.57111,28.13307,49.8905,3405.73053,-0.26082,81.27939,4.978015766679979,1.854441852566,0.0
17.57802,28.18032,49.86454,3403.0199,-0.32172,81.29745,4.98827445956901,1.8582634855896192,0.0
17.5849,28.22753,49.83318,3400.31787,-0.38245,81.31551,5.0023681172646555,1.8635137439076985,0.0
17.59176,28.27471,49.79646,3397.62223,-0.4429,81.33356,5.0203024413456125,1.8701947515083215,0.0
17.5986,28.32186,49.75441,3394.93075,-0.50298,81.35162,5.04208540907223,1.878309480130861,0.0
17.60543,28.36897,49.70707,3392.24117,-0.56259,81.36967,5.06772705031576,1.8878616661662624,0.0
17.61223,28.41605,49.6545,3389.5512,-0.62163,81.38772,5.097239179664739,1.8988557108596138,0.0
17.61901,28.4631,49.59677,3386.85852,-0.68,81.40578,5.130635082128027,1.9112965632262657,0.0
17.62578,28.51011,49.53394,3384.16077,-0.7376,81.42383,5.1679291506184075,1.9251895850049314,0.0
17.63252,28.55709,49.4661,3381.45557,-0.79434,81.44187,5.209136473245451,1.9405403969134167,0.0
17.63925,28.60403,49.39334,3378.74049,-0.85011,81.45992,5.254272368313646,1.9573547054231932,0.0
17.64595,28.65094,49.31575,3376.01307,-0.90481,81.47796,5.3033518648555775,1.975638109244336,0.0
17.65264,28.69782,49.23344,3373.27083,-0.95834,81.496,5.356389126544327,1.995395884717737,0.0
17.65931,28.74466,49.14653,3370.51125,-1.0106,81.51404,5.413396816899215,2.0166327493375396,0.0
17.66595,28.79147,49.05515,3367.73175,-1.06148,81.53208,5.474385403873096,2.0393526026916113,0.0
17.67258,28.83824,48.95941,3364.92977,-1.11088,81.55011,5.5393624021879235,2.0635582442116043,0.0
17.67919,28.88498,48.85948,3362.10268,-1.1587,81.56815,5.608331552177409,2.089251067270239,0.0
17.68578,28.93168,48.7555,3359.24783,-1.20484,81.58617,5.6812919343965245,2.1164307293500517,0.0
17.69235,28.97835,48.64764,3356.36257,-1.24919,81.6042,5.75823701993374,2.145094798259711,0.0
17.6989,29.02498,48.53605,3353.44421,-1.29164,81.62222,5.839153657187859,2.1752383746817308,0.0
17.70543,29.07157,48.42092,3350.49003,-1.33211,81.64024,5.924020996804152,2.2068536916828956,0.0
17.71194,29.11813,48.30244,3347.49732,-1.37047,81.65825,6.0128093577093855,2.2399296922824705,0.0
17.71843,29.16464,48.1808,3344.46336,-1.40664,81.67627,6.10547903843246,2.274451586637862,0.0
17.7249,29.21112,48.05621,3341.38543,-1.4405,81.69427,6.201979079521861,2.3104003910125566,0.0
17.73135,29.25756,47.92888,3338.2608,-1.47197,81.71227,6.302245984552098,2.3477524513173678,0.0
17.73778,29.30396,47.79903,3335.08678,-1.50093,81.73027,6.406202409135773,2.3864789547329366,0.0
17.74419,29.35032,47.66689,3331.86068,-1.5273,81.74826,6.51375582946046,2.426545433704687,0.0
17.75058,29.39664,47.53269,3328.57985,-1.55098,81.76625,6.624797204102054,2.467911267433086,0.0
17.75695,29.44292,47.39669,3325.2417,-1.57188,81.78423,6.73919964523712,2.510529186865285,0.0
17.7633,29.48915,47.25913,3321.84365,-1.58991,81.8022,6.8568171178511745,2.5543447901159757,0.0
17.76963,29.53534,47.12028,3318.38324,-1.60499,81.82017,6.977483187988353,2.59929607615746,0.0
17.77594,29.58149,46.98039,3314.85804,-1.61703,81.83813,7.10100984360833,2.6453130055578207,0.0
17.78223,29.62759,46.83974,3311.26574,-1.62597,81.85608,7.227186413922918,2.6923170979053754,0.0
17.7885,29.67365,46.69862,3307.60412,-1.63172,81.87402,7.35577861525206,2.740221076364928,0.0
17.79475,29.71966,46.55729,3303.8711,-1.63423,81.89196,7.486527753352724,2.788928570524295,0.0
17.80097,29.76562,46.41604,3300.06472,-1.63344,81.90989,7.619150113561023,2.8383338892061967,0.0
17.80718,29.81153,46.27518,3296.18317,-1.6293,81.9278,7.75333657109939,2.8883218752974256,0.0
17.81337,29.85739,46.13498,3292.22482,-1.62176,81.94571,7.888752454134944,2.938767854734489,0.0
17.81953,29.90321,45.99576,3288.18821,-1.6108,81.96361,8.025037691751296,2.9895376916269942,0.0
17.82568,29.94896,45.85779,3284.0721,-1.59639,81.9815,8.161807277582211,3.040487960973394,0.0
17.8318,29.99467,45.72139,3279.87546,-1.57851,81.99938,8.298652077571633,3.0914662495728398,0.0
17.8379,30.04032,45.58684,3275.59747,-1.55717,82.01725,8.435140006843975,3.142311594440341,0.0
17.84398,30.08592,45.45445,3271.23759,-1.53237,82.0351,8.570817596153997,3.19285506635055,0.0
17.85004,30.13146,45.3245,3266.79553,-1.50413,82.05294,8.70521196267315,3.2429205040075364,0.0
17.85607,30.17695,45.19729,3262.27126,-1.47248,82.07077,8.837833193005572,3.292325401780945,0.0
17.86209,30.22237,45.07311,3257.66507,-1.43748,82.08859,8.968177138450637,3.34088195101484,0.0
17.86808,30.26774,44.95222,3252.97753,-1.39917,82.10639,9.095728613629664,3.3883982316003225,0.0
17.87405,30.31304,44.8349,3248.20951,-1.35763,82.12418,9.219964979990788,3.434679546925374,0.0
17.88,30.35829,44.72143,3243.36219,-1.31295,82.14196,9.340360085495623,3.4795298915118007,0.0
17.88593,30.40347,44.61204,3238.4371,-1.26522,82.15972,9.456388521382626,3.522753536771594,0.0
17.89184,30.44858,44.50699,3233.43606,-1.21457,82.17746,9.56753014653176,3.5641567164518007,0.0
17.89772,30.49363,44.4065,3228.36121,-1.16112,82.19519,9.673274820009969,3.6035493896322435,0.0
17.90358,30.53862,44.3108,3223.21501,-1.10501,82.2129,9.773127273323075,3.640747055767543,0.0
17.90942,30.58354,44.22009,3218.00024,-1.0464,82.23059,9.866612045954886,3.6755725933052976,0.0
17.91524,30.62838,44.13456,3212.71996,-0.98546,82.24827,9.953278401594984,3.70785809111029,0.0
17.92103,30.67316,44.05438,3207.37754,-0.92236,82.26593,10.032705138009163,3.737446640267782,0.0
17.9268,30.71787,43.97971,3201.9766,-0.8573,82.28357,10.104505201495042,3.7641940530896414,0.0
17.93255,30.76251,43.9107,3196.52104,-0.79049,82.3012,10.168330017163703,3.7879704762581867,0.0
17.93827,30.80708,43.84745,3191.01498,-0.72212,82.3188,10.223873449234478,3.808661866140203,0.0
17.94397,30.85157,43.79008,3185.46276,-0.65244,82.33639,10.270875311005152,3.826171296343193,0.0
17.94965,30.89599,43.73866,3179.8689,-0.58165,82.35395,10.309124352220751,3.840420070588846,0.0
17.95531,30.94033,43.69325,3174.23808,-0.51001,82.3715,10.338460661851594,3.8513486178110963,0.0
17.96094,30.9846,43.6539,3168.57514,-0.43774,82.38903,10.35877743662542,3.8589171509808637,0.0
17.96656,31.0288,43.62063,3162.88501,-0.36509,82.40653,10.370022079613898,3.863106076358435,0.0
17.97214,31.07292,43.59344,3157.17268,-0.29231,82.42402,10.372196608185446,3.8639161454666264,0.0
17.97771,31.11696,43.5723,3151.44321,-0.21964,82.44149,10.36535736637342,3.8613683479403647,0.0
17.98325,31.16093,43.55718,3145.70167,-0.14732,82.45893,10.349614052418831,3.8555035492607597,0.0
17.98877,31.20482,43.54801,3139.95311,-0.0756,82.47636,10.325128087506936,3.8463818830665675,0.0
17.99427,31.24863,43.54472,3134.20254,-0.00471,82.49377,10.2921103659616,3.8340819130423918,0.0
17.99974,31.29237,43.5472,3128.4549,0.06511,82.51115,10.25081843996819,3.818699584153886,0.0
18.0052,31.33602,43.55534,3122.71502,0.13364,82.52851,10.201553202787705,3.8003469870577518,0.0
18.01062,31.37961,43.56901,3116.98763,0.20066,82.54586,10.144655143183819,3.7791509627772553,0.0
18.01603,31.42311,43.58804,3111.2773,0.26596,82.56318,10.080500250181538,3.755251577117079,0.0
18.02142,31.46654,43.61227,3105.58843,0.32934,82.58048,10.00949565122098,3.7288004957608347,0.0
18.02678,31.50989,43.64153,3099.92525,0.3906,82.59776,9.93207506819436,3.69995929152528,0.0
18.03212,31.55316,43.67561,3094.29176,0.44958,82.61503,9.848694175085617,3.6688977149589395,0.0
18.03743,31.59636,43.7143,3088.69178,0.5061,82.63227,9.75982593781717,3.635791958312394,0.0
18.04273,31.63948,43.75738,3083.12888,0.56001,82.64949,9.665956012066061,3.600822941103712,0.0
18.048,31.68253,43.80462,3077.60638,0.61117,82.66669,9.567578268273063,3.564174643066596,0.0
18.05326,31.7255,43.85578,3072.1274,0.65946,82.68387,9.465190505349971,3.526032507393567,0.0
18.05849,31.7684,43.91061,3066.69477,0.70475,82.70104,9.359290405886457,3.486581933944093,0.0
18.06369,31.81122,43.96885,3061.31109,0.74694,82.71818,9.250371776574898,3.446006878703924,0.0
18.06888,31.85397,44.03025,3055.97871,0.78596,82.7353,9.138921108072916,3.40448857224336,0.0
18.07405,31.89665,44.09452,3050.69972,0.82172,82.75241,9.025414479300414,3.3622043664864583,0.0
18.07919,31.93926,44.16141,3045.47599,0.85417,82.7695,8.91031482220994,3.319326715766014,0.0
18.08432,31.9818,44.23063,3040.30911,0.88325,82.78657,8.79406955467027,3.2760222950104185,0.0
18.08942,32.02427,44.30191,3035.20048,0.90893,82.80362,8.677108581560422,3.2324512550985856,0.0
18.0945,32.06667,44.37498,3030.15123,0.93118,82.82066,8.559842657366195,3.188766612884074,0.0
18.09957,32.109,44.44955,3025.1623,0.95,82.83768,8.442662097792603,3.1451137712368293,0.0
18.10461,32.15126,44.52536,3020.23442,0.96537,82.85468,8.325935823112548,3.1016301626653813,0.0
18.10963,32.19346,44.60212,3015.36809,0.97731,82.87166,8.210010712098976,3.0584450086395827,0.0
18.11463,32.23559,44.67956,3010.56365,0.98584,82.88863,8.095211242552292,3.0156791856776106,0.0
18.11961,32.27766,44.75742,3005.82126,0.99099,82.90559,7.9818393923539155,2.973445188485807,0.0
18.12458,32.31966,44.83543,3001.14087,0.99278,82.92252,7.870174773876429,2.9318471800300063,0.0
18.12952,32.3616,44.91333,2996.52232,0.99126,82.93945,7.760474974045585,2.8909811182175686,0.0
18.13444,32.40348,44.99087,2991.96526,0.9865,82.95636,7.652976072519467,2.8509349489327622,0.0
18.13935,32.4453,45.06779,2987.46923,0.97853,82.97325,7.547893311152906,2.8117888554298642,0.0
18.14423,32.48706,45.14385,2983.03362,0.96743,82.99013,7.4454218889816115,2.773615554485672,0.0
18.1491,32.52876,45.21881,2978.6577,0.95327,83.007,7.345737858436777,2.7364806302630234,0.0
18.15395,32.5704,45.29244,2974.34065,0.93613,83.02385,7.248999100145219,2.700442897449498,0.0
18.15877,32.61198,45.36452,2970.08151,0.91608,83.04069,7.155346355556851,2.665554785938318,0.0
18.16358,32.65351,45.43482,2965.87927,0.89321,83.05752,7.064904298547571,2.6318627400286223,0.0
18.16838,32.69498,45.50315,2961.73278,0.86761,83.07433,6.977782629165601,2.5994076258747567,0.0
18.17315,32.73639,45.5693,2957.64086,0.83937,83.09113,6.894077174630151,2.5682251416372415,0.0
18.17791,32.77775,45.63307,2953.60222,0.80859,83.10792,6.813870984604608,2.5383462255008578,0.0
18.18264,32.81906,45.69428,2949.61552,0.77536,83.1247,6.737235409619836,2.5097974574156963,0.0
18.18736,32.86031,45.75276,2945.67935,0.73978,83.14147,6.664231153198898,2.482601451041306,0.0
18.19207,32.90151,45.80833,2941.79226,0.70197,83.15823,6.594909289849662,2.456777232975717,0.0
18.19675,32.94266,45.86083,2937.95273,0.66201,83.17497,6.529312242527806,2.4323406068861346,0.0
18.20142,32.98376,45.91011,2934.15918,0.62002,83.19171,6.467474714474906,2.4093045006431444,0.0
18.20607,33.02481,45.95603,2930.41003,0.57611,83.20843,6.409424571498488,2.387679294993242,0.0
18.2107,33.06581,45.99846,2926.70361,0.53038,83.22515,6.355183671763196,2.3674731326778815,0.0
18.21532,33.10676,46.03727,2923.03823,0.48294,83.24185,6.304768641044863,2.34869220723601,0.0
18.21991,33.14766,46.07234,2919.41219,0.43391,83.25855,6.2581915921371385,2.331341031001969,0.0
18.22449,33.18851,46.10356,2915.82371,0.38339,83.27523,6.2154607877079675,2.315422682036972,0.0
18.22906,33.22932,46.13084,2912.27102,0.33149,83.2919,6.17658124642905,2.3009390299282777,0.0
18.23361,33.27008,46.15408,2908.75229,0.27834,83.30857,6.141555292579236,2.2878909405309105,0.0
18.23814,33.31079,46.1732,2905.26567,0.22403,83.32523,6.11038304963508,2.2762784598431383,0.0
18.24265,33.35146,46.18814,2901.80929,0.16869,83.34187,6.083062878598954,2.2661009772952188,0.0
18.24715,33.39208,46.19881,2898.38124,0.11242,83.35851,6.059591761937321,2.2573573687765145,0.0
18.25163,33.43266,46.20518,2894.9796,0.05534,83.37514,6.039965634112729,2.2500461197673514,0.0
18.2561,33.47319,46.20719,2891.60241,-0.00244,83.39176,6.024179659724475,2.244165428953743,0.0
18.26054,33.51367,46.2048,2888.24768,-0.0608,83.40837,6.012228460236893,2.239713292689635,0.0
18.26498,33.55411,46.19799,2884.91341,-0.11963,83.42498,6.004106290267599,2.236687570668919,0.0
18.26939,33.59451,46.18672,2881.59757,-0.17881,83.44157,5.9998071642874855,2.235086033124514,0.0
18.27379,33.63486,46.171,2878.29809,-0.23824,83.45816,5.999324934530207,2.2349063898517,0.0
18.27818,33.67517,46.15082,2875.01289,-0.2978,83.47474,6.002653320768968,2.2361463013007508,0.0
18.28254,33.71544,46.12618,2871.73987,-0.35736,83.49131,6.009785892518098,2.2388033719465588,0.0
18.28689,33.75566,46.09709,2868.47689,-0.41683,83.50787,6.020716004108754,2.242875126102623,0.0
18.29123,33.79584,46.06358,2865.22178,-0.47608,83.52442,6.03543668296337,2.248358966300339,0.0
18.29555,33.83597,46.02568,2861.97237,-0.535,83.54096,6.053940471318299,2.2552521143265225,0.0
18.29985,33.87606,45.98343,2858.72644,-0.59348,83.5575,6.076219221568766,2.2635515349840203,0.0
18.30414,33.91611,45.93687,2855.48176,-0.6514,83.57402,6.10226384535107,2.2732538426182227,0.0
18.30841,33.95612,45.88606,2852.23607,-0.70864,83.59054,6.132064016488806,2.2843551904567216,0.0
18.31267,33.99608,45.83106,2848.9871,-0.7651,83.60705,6.165607827944656,2.296851142814823,0.0
18.31691,34.036,45.77195,2845.73253,-0.82065,83.62355,6.202881402986297,2.3107365302446183,0.0
18.32114,34.07587,45.70881,2842.47006,-0.87519,83.64005,6.243868460919903,2.326005287759285,0.0
18.32534,34.1157,45.64173,2839.19734,-0.9286,83.65653,6.288549837924183,2.342650276331163,0.0
18.32954,34.15549,45.57081,2835.912,-0.98076,83.673,6.336902963766484,2.3606630879547303,0.0
18.33371,34.19523,45.49614,2832.61168,-1.03157,83.68947,6.388901295518621,2.380033834690851,0.0
18.33788,34.23493,45.41786,2829.29399,-1.08091,83.70592,6.444513709775424,2.4007509222521937,0.0
18.34202,34.27458,45.33607,2825.95653,-1.12867,83.72237,6.503703855389841,2.4228008088800257,0.0
18.34615,34.31419,45.25091,2822.59691,-1.17473,83.73881,6.566429469286506,2.446167750466763,0.0
18.35027,34.35376,45.16251,2819.21272,-1.21899,83.75523,6.632641658586232,2.470833533128461,0.0
18.35437,34.39328,45.07103,2815.80155,-1.26135,83.77165,6.702284153034778,2.4967771947148556,0.0
18.35845,34.43275,44.97661,2812.36101,-1.30168,83.78806,6.775292532552308,2.523974737051212,0.0
18.36252,34.47217,44.87942,2808.88872,-1.3399,83.80445,6.851593435661109,2.552398831056827,0.0
18.36657,34.51155,44.77963,2805.38231,-1.37589,83.82084,6.931103755558571,2.5820185172610555,0.0
18.37061,34.55088,44.6774,2801.83943,-1.40955,83.83722,7.013729831664063,2.6127989046332556,0.0
18.37463,34.59017,44.57292,2798.25777,-1.44079,83.85358,7.099366645627713,2.644700871074899,0.0
18.37863,34.6294,44.46638,2794.63506,-1.46951,83.86993,7.187897031941512,2.6776807693514453,0.0
18.38262,34.66859,44.35798,2790.96906,-1.49562,83.88628,7.279190914498743,2.711690142690631,0.0
18.38659,34.70773,44.24792,2787.2576,-1.51903,83.90261,7.373104581626568,2.746675454713044,0.0
18.39055,34.74682,44.13639,2783.49856,-1.53966,83.91893,7.469480013255058,2.782577838784877,0.0
18.39449,34.78585,44.02362,2779.6899,-1.55743,83.93523,7.568144274949488,2.8193328722790163,0.0
18.39841,34.82484,43.90982,2775.82966,-1.57226,83.95152,7.668908994459631,2.8568703815758805,0.0
18.40232,34.86377,43.7952,2771.91596,-1.5841,83.96781,7.77156993723654,2.8951142839322506,0.0
18.40622,34.90265,43.68001,2767.94705,-1.59287,83.98407,7.875906697897122,2.9339824725437116,0.0
18.41009,34.94148,43.56446,2763.92127,-1.59851,84.00033,7.981682524920186,2.9733867512393117,0.0
18.41395,34.98025,43.44878,2759.83709,-1.601,84.01657,8.08864429579766,3.0132328252247413,0.0
18.4178,35.01897,43.33321,2755.6931,-1.60027,84.03279,8.196522659520337,3.053420354162018,0.0
18.42163,35.05763,43.21799,2751.48806,-1.59631,84.049,8.30503236235004,3.093843073528193,0.0
18.42544,35.09624,43.10335,2747.22088,-1.58909,84.0652,8.41387277164221,3.1343889897530484,0.0
18.42924,35.13479,42.98952,2742.89063,-1.57859,84.08138,8.522728610629349,3.1749406539452587,0.0
18.43302,35.17328,42.87674,2738.49655,-1.56481,84.09755,8.631270914796335,3.2153755181673644,0.0
18.43678,35.21171,42.76525,2734.0381,-1.54776,84.1137,8.739158217629436,3.2555663771584764,0.0
18.44053,35.25008,42.65528,2729.5149,-1.52745,84.12983,8.84603797020266,3.295381897167541,0.0
18.44426,35.28838,42.54705,2724.9268,-1.50392,84.14595,8.951548195157795,3.3346872321044265,0.0
18.44798,35.32663,42.4408,2720.27385,-1.4772,84.16204,9.055319371411823,3.373344725643025,0.0
18.45167,35.36482,42.33675,2715.55632,-1.44734,84.17813,9.156976541231142,3.4112146961618377,0.0
18.45536,35.40294,42.2351,2710.77472,-1.41441,84.19419,9.256141626368633,3.4481562995659747,0.0
18.45902,35.44099,42.13608,2705.92976,-1.37849,84.21024,9.352435934872908,3.4840284631395595,0.0
18.46267,35.47898,42.03988,2701.02241,-1.33965,84.22626,9.445482835040947,3.5186908816634417,0.0
18.4663,35.51691,41.9467,2696.05387,-1.298,84.24227,9.534910567948911,3.5520050651569233,0.0
18.46992,35.55477,41.85672,2691.02554,-1.25365,84.25826,9.620355165310196,3.5838354258566634,0.0
18.47352,35.59255,41.77013,2685.9391,-1.20673,84.27423,9.701463435060452,3.6140503904256485,0.0
18.4771,35.63027,41.68708,2680.79642,-1.15737,84.29018,9.777895973470356,3.642523522044458,0.0
18.48066,35.66793,41.60773,2675.59959,-1.10571,84.30611,9.849330159618706,3.669134635931275,0.0
18.48421,35.70551,41.53223,2670.35095,-1.05191,84.32202,9.91546308614927,3.693770891125931,0.0
18.48774,35.74301,41.46071,2665.053,-0.99614,84.33791,9.976014379222086,3.71632784099596,0.0
18.49126,35.78045,41.39327,2659.70846,-0.93858,84.35378,10.030728860818382,3.7367104250152336,0.0
18.49476,35.81781,41.33004,2654.32022,-0.87941,84.36962,10.0793790078369,3.7548338848420397,0.0
18.49824,35.85511,41.27109,2648.89134,-0.81882,84.38545,10.121767165046071,3.7706245887019953,0.0
18.5017,35.89232,41.2165,2643.42504,-0.75701,84.40125,10.157727472576935,3.784020749429878,0.0
18.50515,35.92946,41.16633,2637.92465,-0.69419,84.41703,10.187127473494234,3.7949730233321524,0.0
18.50858,35.96653,41.12063,2632.39365,-0.63057,84.43279,10.209869372657325,3.803444979145783,0.0
18.512,36.00352,41.07943,2626.83559,-0.56636,84.44852,10.225890924673939,3.8094134288243757,0.0
18.5154,36.04044,41.04273,2621.25412,-0.50179,84.46423,10.235165935927103,3.812868614556414,0.0
18.51878,36.07728,41.01055,2615.65294,-0.43706,84.47992,10.237704373141376,3.8138142492090323,0.0
18.52214,36.11404,40.98287,2610.03579,-0.3724,84.49559,10.233552078798017,3.8122674103126926,0.0
18.52549,36.15073,40.95965,2604.40644,-0.30803,84.51123,10.222790101292706,3.8082582905272933,0.0
18.52882,36.18733,40.94085,2598.76864,-0.24417,84.52685,10.205533655185903,3.8018298103080856,0.0
18.53213,36.22387,40.9264,2593.12614,-0.18102,84.54245,10.181930733690296,3.793037101020732,0.0
18.53543,36.26032,40.91624,2587.48266,-0.1188,84.55803,10.152160401799252,3.7819468690867435,0.0
18.53871,36.29669,40.91028,2581.84183,-0.05771,84.57358,10.116430803680403,3.7686366536851663,0.0
18.54197,36.33299,40.9084,2576.20723,0.00204,84.58911,10.074976922345487,3.753193992170649,0.0
18.54522,36.36921,40.91051,2570.58237,0.06028,84.60461,10.028058132789852,3.7357155085535236,0.0
18.54845,36.40536,40.91647,2564.97061,0.1168,84.62009,9.975955591967523,3.7163059411968495,0.0
18.55167,36.44142,40.92615,2559.37524,0.17145,84.63555,9.918969509926239,3.695077126242413,0.0
18.55487,36.47741,40.9394,2553.79939,0.22405,84.65099,9.85741634637549,3.672146953258555,0.0
18.55805,36.51332,40.95605,2548.24606,0.27444,84.6664,9.791625975834632,3.647638309183255,0.0
18.56122,36.54916,40.97596,2542.7181,0.32248,84.68179,9.721938862503398,3.621678025889066,0.0
18.56437,36.58491,40.99893,2537.21821,0.36804,84.69715,9.64870328321529,3.594395845660184,0.0
18.5675,36.6206,41.02479,2531.74892,0.41099,84.7125,9.572272633342523,3.5659234175711485,0.0
18.57062,36.6562,41.05335,2526.31259,0.45122,84.72782,9.493002846585426,3.5363933362905136,0.0
18.57373,36.69173,41.08441,2520.91142,0.48863,84.74312,9.411249955246571,3.5059382332187594,0.0
18.57681,36.72719,41.11778,2515.54741,0.52312,84.7584,9.327367813112243,3.474689928201732,0.0
18.57989,36.76257,41.15324,2510.22242,0.55462,84.77365,9.241705998396563,3.4427786483221476,0.0
18.58294,36.79788,41.1906,2504.9381,0.58307,84.78889,9.154607909757061,3.4103323186152976,0.0
18.58599,36.83312,41.22964,2499.69595,0.6084,84.8041,9.066409063981958,3.377475927912773,0.0
18.58901,36.86828,41.27016,2494.49729,0.63058,84.8193,8.977435599838545,3.3443309714866167,0.0
18.59202,36.90337,41.31193,2489.34327,0.64957,84.83447,8.888002988829307,3.3110149707720598,0.0
18.59502,36.9384,41.35475,2484.23487,0.66534,84.84962,8.798414950192662,3.2776410691767466,0.0
18.598,36.97335,41.3984,2479.17292,0.67789,84.86475,8.70896256455406,3.2443177018924496,0.0
18.60097,37.00823,41.44268,2474.15807,0.68722,84.87986,8.619923578040734,3.2111483366595044,0.0
18.60392,37.04304,41.48736,2469.19084,0.69332,84.89495,8.531561886702297,3.178231281699913,0.0
18.60686,37.07778,41.53224,2464.27161,0.69623,84.91002,8.444127189342732,3.145659556388131,0.0
18.60978,37.11246,41.57712,2459.40058,0.69595,84.92507,8.357854795687826,3.113520819788387,0.0
18.61269,37.14706,41.62179,2454.57786,0.69254,84.9401,8.272965575972789,3.0818973518747383,0.0
18.61558,37.1816,41.66606,2449.8034,0.68602,84.95512,8.189666037542393,3.0508660820666518,0.0
18.61846,37.21608,41.70972,2445.07705,0.67644,84.97011,8.108148513863808,3.0204986596412446,0.0
18.62133,37.25049,41.7526,2440.39851,0.66387,84.98509,8.028591451483193,2.9908615606321725,0.0
18.62418,37.28484,41.79449,2435.76742,0.64837,85.00005,7.951159780772279,2.962016225942484,0.0
18.62702,37.31912,41.83522,2431.18326,0.63,85.01499,7.876005356817714,2.9340192255875053,0.0
18.62984,37.35334,41.87463,2426.64545,0.60883,85.02991,7.803267457479351,2.9069224442346497,0.0
18.63265,37.3875,41.91253,2422.15329,0.58495,85.04482,7.733073326441755,2.8807732835044018,0.0
18.63545,37.42159,41.94876,2417.70602,0.55844,85.05971,7.665538749913942,2.85561487680614,0.0
18.63823,37.45563,41.98317,2413.30277,0.52939,85.07458,7.60076865657607,2.8314863128340613,0.0
18.641,37.4896,42.0156,2408.9426,0.4979,85.08944,7.538857731273139,2.8084228641842355,0.0
18.64376,37.52352,42.04592,2404.6245,0.46405,85.10427,7.479891033914963,2.7864562179111316,0.0
18.6465,37.55737,42.07398,2400.34739,0.42795,85.1191,7.423944615961501,2.765614705184617,0.0
18.64923,37.59117,42.09966,2396.11011,0.3897,85.1339,7.371086127743943,2.745923527533048,0.0
18.65195,37.62491,42.12283,2391.91146,0.34941,85.1487,7.321375410737214,2.727404977480359,0.0
18.65465,37.65859,42.14339,2387.75017,0.30719,85.16347,7.2748650696826465,2.710078651676808,0.0
18.65735,37.69221,42.16121,2383.62491,0.26315,85.17823,7.231601020201797,2.6939616548995393,0.0
18.66002,37.72578,42.1762,2379.53429,0.2174,85.19298,7.191623008209077,2.679068793547448,0.0
18.66269,37.75929,42.18826,2375.47691,0.17005,85.20771,7.154965098062278,2.665412757490101,0.0
18.66534,37.79275,42.19732,2371.45127,0.12124,85.22242,7.121656126911184,2.6530042893245414,0.0
18.66798,37.82615,42.20329,2367.45587,0.07106,85.23712,7.09172012324175,2.6418523402940157,0.0
18.67061,37.85949,42.20611,2363.48914,0.01965,85.25181,7.065176687993861,2.6319642122643634,0.0
18.67323,37.89278,42.2057,2359.54947,-0.03288,85.26648,7.0420413370429955,2.6233456853074464,0.0
18.67583,37.92602,42.20203,2355.63524,-0.0864,85.28114,7.022325804168733,2.6160011305648934,0.0
18.67842,37.9592,42.19503,2351.74476,-0.1408,85.29578,7.006038303878861,2.6099336081569917,0.0
18.681,37.99233,42.18468,2347.87631,-0.19593,85.31041,6.993183753760816,2.605144950014451,0.0
18.68357,38.02541,42.17094,2344.02816,-0.2517,85.32502,6.983763956193123,2.601635827570694,0.0
18.68612,38.05843,42.15378,2340.19853,-0.30795,85.33962,6.977777739451931,2.599405804327758,0.0
18.68866,38.0914,42.1332,2336.38561,-0.36458,85.3542,6.975221058416643,2.598453373371787,0.0
18.69119,38.12432,42.10918,2332.58756,-0.42145,85.36878,6.976087055217008,2.59877597996567,0.0
18.69371,38.15718,42.08173,2328.80253,-0.47845,85.38333,6.980366080273426,2.6003700293871104,0.0
18.69622,38.18999,42.05084,2325.02861,-0.53543,85.39788,6.988045674357771,2.603230880245811,0.0
18.69871,38.22276,42.01655,2321.2639,-0.59228,85.41241,6.999110512381776,2.6073528235431627,0.0
18.70119,38.25546,41.97887,2317.50646,-0.64887,85.42692,7.013542309779198,2.612729047797145,0.0
18.70366,38.28812,41.93783,2313.75433,-0.70508,85.44142,7.03131969248247,2.6193515906052047,0.0
18.70612,38.32073,41.89347,2310.00555,-0.76077,85.45591,7.052418031643973,2.6272112770735774,0.0
18.70857,38.35328,41.84583,2306.2581,-0.81583,85.47039,7.076809244455304,2.6362976456172316,0.0
18.711,38.38578,41.79497,2302.51,-0.87013,85.48485,7.104461562555375,2.646598861685786,0.0
18.71343,38.41823,41.74095,2298.7592,-0.92354,85.49929,7.135339269831826,2.658101620087639,0.0
18.71584,38.45063,41.68384,2295.0037,-0.97595,85.51372,7.169402411569666,2.6707910366401837,0.0
18.71824,38.48297,41.62371,2291.24144,-1.02722,85.52814,7.206606477279567,2.6846505300150048,0.0
18.72062,38.51526,41.56064,2287.47038,-1.07725,85.54254,7.246902059790547,2.6996616947409304,0.0
18.723,38.5475,41.49472,2283.68848,-1.12591,85.55693,7.290234493552121,2.7158041664620676,0.0
18.72537,38.57969,41.42605,2279.8937,-1.17309,85.57131,7.336543475515752,2.733055480706167,0.0
18.72772,38.61183,41.35473,2276.08401,-1.21867,85.58567,7.385762672310374,2.7513909265471725,0.0
18.73006,38.64391,41.28087,2272.25737,-1.26253,85.60001,7.437819317914355,2.7707833967274342,0.0
18.73239,38.67594,41.20457,2268.41177,-1.30457,85.61434,7.492633806489708,2.7912032359777497,0.0
18.73471,38.70791,41.12597,2264.54523,-1.34468,85.62866,7.550119285498336,2.8126180894424464,0.0
18.73702,38.73983,41.04519,2260.65577,-1.38276,85.64296,7.610181254736326,2.8349927533091184,0.0
18.73931,38.7717,40.96236,2256.74145,-1.41869,85.65725,7.672717177427847,2.858289029930865,0.0
18.7416,38.80351,40.87762,2252.80037,-1.45239,85.67152,7.737616109977262,2.8824655898992075,0.0
18.74387,38.83527,40.79111,2248.83065,-1.48376,85.68577,7.804758357472004,2.9074778437098527,0.0
18.74613,38.86698,40.70298,2244.83049,-1.5127,85.70001,7.874015162436563,2.93327782581536,0.0
18.74838,38.89862,40.61338,2240.7981,-1.53914,85.71424,7.94524843472804,2.95981409400413,0.0
18.75062,38.93021,40.52247,2236.73179,-1.563,85.72844,8.018310530774198,2.9870316471607676,0.0
18.75284,38.96175,40.4304,2232.6299,-1.58419,85.74263,8.093044090561506,3.014871864539841,0.0
18.75506,38.99323,40.33735,2228.49087,-1.60266,85.75681,8.169281940890976,3.0432724697261366,0.0
18.75726,39.02465,40.24348,2224.3132,-1.61832,85.77097,8.2468470734366,3.072167522460847,0.0
18.75946,39.05601,40.14896,2220.09549,-1.63114,85.78511,8.325552705919696,3.101487441430624,0.0
18.76164,39.08731,40.05395,2215.83643,-1.64106,85.79923,8.405202434445036,3.1311590610167994,0.0
18.76381,39.11856,39.95864,2211.5348,-1.64804,85.81334,8.485590484499234,3.1611057247988823,0.0
18.76596,39.14974,39.8632,2207.1895,-1.65205,85.82743,8.566502067395463,3.1912474183396005,0.0
18.76811,39.18087,39.7678,2202.79954,-1.65305,85.8415,8.647713848097446,3.2215009434616415,0.0
18.77024,39.21193,39.67263,2198.36405,-1.65103,85.85555,8.728994529122561,3.251780135766926,0.0
18.77237,39.24293,39.57785,2193.8823,-1.64599,85.86958,8.81010555400956,3.28199612669684,0.0
18.77448,39.27387,39.48363,2189.35368,-1.63792,85.8836,8.890801932173149,3.312057650812273,0.0
18.77658,39.30475,39.39017,2184.77771,-1.62683,85.8976,8.970833185310095,3.341871398354788,0.0
18.77867,39.33557,39.29762,2180.15409,-1.61274,85.91157,9.049944413531476,3.3713424124089424,0.0
18.78075,39.36632,39.20615,2175.48264,-1.59569,85.92553,9.127877477369312,3.4003745292308563,0.0
18.78281,39.397,39.11593,2170.76334,-1.57572,85.93947,9.204372289599682,3.4288708594863113,0.0
18.78487,39.42762,39.02713,2165.99633,-1.55286,85.95339,9.279168208574246,3.4567343073034076,0.0
18.78691,39.45818,38.93989,2161.18192,-1.5272,85.96729,9.35200552243539,3.4838681231817508,0.0
18.78894,39.48866,38.85438,2156.32055,-1.49879,85.98117,9.42262701140659,3.5101764859867304,0.0
18.79096,39.51908,38.77074,2151.41286,-1.46772,85.99502,9.490779573115672,3.5355651084251845,0.0
18.79297,39.54944,38.68911,2146.45962,-1.43407,86.00886,9.556215893973734,3.559941859678035,0.0
18.79497,39.57972,38.60963,2141.46179,-1.39797,86.02267,9.618696147779572,3.5832173981751274,0.0
18.79695,39.60993,38.53242,2136.42046,-1.3595,86.03647,9.677989701286405,3.6053058069637096,0.0
18.79892,39.64008,38.4576,2131.33689,-1.31881,86.05024,9.73387680521869,3.6261252236566888,0.0
18.80089,39.67015,38.38529,2126.2125,-1.27601,86.06399,9.786150248527079,3.6455984566861344,0.0
18.80284,39.70016,38.31559,2121.04884,-1.23126,86.07772,9.834616953235347,3.6636535794257146,0.0
18.80478,39.73009,38.24859,2115.84762,-1.18469,86.09142,9.8790994874326,3.6802244938201047,0.0
18.8067,39.75995,38.18438,2110.61065,-1.13646,86.1051,9.919437474471502,3.695251455348412,0.0
18.80862,39.78973,38.12303,2105.33989,-1.08674,86.11876,9.95548887756042,3.7086815515685387,0.0
18.81053,39.81945,38.06461,2100.03742,-1.03569,86.1324,9.987131140513752,3.7204691270766994,0.0
18.81242,39.84909,38.00917,2094.70542,-0.9835,86.14601,10.014262167335524,3.7305761484280886,0.0
18.8143,39.87866,37.95676,2089.34616,-0.93034,86.1596,10.036801125805773,3.7389725034939447,0.0
18.81617,39.90815,37.90741,2083.96199,-0.87639,86.17317,10.054689062980756,3.7456362307515794,0.0
18.81803,39.93756,37.86114,2078.55536,-0.82185,86.18671,10.067889323528702,3.7505536751254467,0.0
18.81988,39.96691,37.81797,2073.12876,-0.76691,86.20023,10.07638776511244,3.753719568222846,0.0
18.82172,39.99617,37.7779,2067.68474,-0.71175,86.21373,10.080192768412436,3.7551370320677564,0.0
18.82354,40.02536,37.74091,2062.22588,-0.65658,86.2272,10.07933504278906,3.7548175067049288,0.0
18.82536,40.05448,37.70699,2056.75479,-0.60157,86.24065,10.073867231959122,3.7527806033040156,0.0
18.82716,40.08352,37.67612,2051.2741,-0.54693,86.25407,10.063863327303922,3.7490538856013806,0.0
18.82895,40.11248,37.64824,2045.78643,-0.49285,86.26747,10.049417899432111,3.743672583637049,0.0
18.83073,40.14136,37.62331,2040.2944,-0.4395,86.28084,10.030645161355565,3.73667924476307,0.0
18.8325,40.17017,37.60126,2034.8006,-0.38707,86.29419,10.007677879020639,3.728123327787742,0.0
18.83426,40.1989,37.58204,2029.30758,-0.33575,86.30752,9.980666146929797,3.7180607468624585,0.0
18.836,40.22756,37.56556,2023.81787,-0.2857,86.32082,9.949776048104356,3.706553372282565,0.0
18.83774,40.25614,37.55174,2018.33393,-0.23708,86.3341,9.915188218792414,3.693668495803306,0.0
18.83947,40.28464,37.54047,2012.85815,-0.19007,86.34735,9.877096338923737,3.6794782682945453,0.0
18.84118,40.31307,37.53167,2007.39286,-0.14481,86.36058,9.835705569527663,3.6640591176378194,0.0
18.84288,40.34142,37.52522,2001.94031,-0.10145,86.37379,9.791230958098314,3.647491154682934,0.0
18.84458,40.36969,37.521,1996.50266,-0.06013,86.38697,9.743895832225725,3.6298575748332755,0.0
18.84626,40.39789,37.51889,1991.08198,-0.02097,86.40013,9.693930200883269,3.611244062483328,0.0
18.84793,40.42601,37.51877,1985.68024,0.01591,86.41326,9.64156918138137,3.5917382050175313,0.0
18.84959,40.45405,37.5205,1980.2993,0.05039,86.42637,9.58705146853318,3.571428922534224,0.0
18.85124,40.48202,37.52395,1974.94093,0.08238,86.43946,9.530617860755072,3.550405918779293,0.0
18.85288,40.50992,37.52897,1969.60677,0.11178,86.45252,9.472509855975147,3.5287591580851503,0.0
18.85451,40.53774,37.53542,1964.29836,0.13852,86.46556,9.412968328211214,3.5065783723612025,0.0
18.85613,40.56549,37.54317,1959.01712,0.16252,86.47857,9.35223229368479,3.483952601438863,0.0
18.85774,40.59316,37.55205,1953.76434,0.18373,86.49157,9.290537773308545,3.460969769318185,0.0
18.85933,40.62076,37.56191,1948.54124,0.20208,86.50454,9.228116756460189,3.4377162981463734,0.0
18.86092,40.64828,37.57261,1943.34886,0.21755,86.51748,9.165196269057734,3.414276761051298,0.0
18.8625,40.67574,37.584,1938.18817,0.2301,86.53041,9.101997547252747,3.3907335743204925,0.0
18.86407,40.70312,37.59591,1933.06001,0.2397,86.54331,9.038735316437723,3.367166728812425,0.0
18.86563,40.73043,37.60821,1927.9651,0.24635,86.55619,8.97561717382365,3.343653559950401,0.0
18.86717,40.75766,37.62073,1922.90406,0.25004,86.56905,8.9128430716293,3.320268555196971,0.0
18.86871,40.78483,37.63333,1917.8774,0.25078,86.58188,8.850604896780343,3.297083197480798,0.0
18.87024,40.81193,37.64587,1912.88551,0.24858,86.5947,8.789086142183393,3.2741658427375837,0.0
18.87176,40.83895,37.65818,1907.92868,0.24346,86.60749,8.728461663843529,3.251581629429957,0.0
18.87327,40.86591,37.67014,1903.00711,0.23546,86.62026,8.66889751760652,3.2293924177296613,0.0
18.87477,40.8928,37.6816,1898.12089,0.2246,86.63301,8.610550868855475,3.2076567558771742,0.0
18.87626,40.91962,37.69242,1893.27001,0.21095,86.64574,8.553569968252354,3.186429871144785,0.0
18.87774,40.94637,37.70246,1888.45437,0.19454,86.65845,8.498094186495845,3.16576368278482,0.0
18.87921,40.97306,37.71161,1883.6738,0.17545,86.67114,8.444254101066951,3.145706834344651,0.0
18.88067,40.99968,37.71973,1878.92801,0.15372,86.6838,8.392171627979172,3.1263047427471116,0.0
18.88213,41.02623,37.72669,1874.21665,0.12945,86.69645,8.341960191791802,3.107599661624919,0.0
18.88357,41.05272,37.73239,1869.53929,0.1027,86.70908,8.293724927344389,3.0896307564720673,0.0
18.88501,41.07914,37.73671,1864.8954,0.07355,86.72169,8.24756290699659,3.0724341892966582,0.0
18.88643,41.10549,37.73954,1860.28442,0.0421,86.73427,8.20356338750113,3.056043210587566,0.0
18.88785,41.13179,37.74078,1855.70566,0.00843,86.74684,8.16180807100855,3.0404882565455815,0.0
18.88926,41.15801,37.74033,1851.15842,-0.02735,86.75939,8.122371375124025,3.0257970496866777,0.0
18.89065,41.18418,37.7381,1846.64191,-0.06515,86.77192,8.085320707321653,3.011994701068553,0.0
18.89204,41.21028,37.734,1842.15526,-0.10486,86.78443,8.050716739492886,2.999103812567147,0.0
18.89343,41.23632,37.72796,1837.69758,-0.14638,86.79692,8.018613678739056,2.987144577753981,0.0
18.8948,41.26229,37.71989,1833.26789,-0.18958,86.80939,7.989059531011593,2.9761348801090732,0.0
18.89616,41.28821,37.70974,1828.86517,-0.23437,86.82185,7.962096354566027,2.9660903874392304,0.0
18.89752,41.31406,37.69743,1824.48835,-0.28061,86.83428,7.937760500556557,2.957024641505847,0.0
18.89887,41.33985,37.68291,1820.13632,-0.3282,86.8467,7.916082838517732,2.9489491420227694,0.0
18.9002,41.36558,37.66613,1815.80789,-0.37701,86.8591,7.897088964787828,2.941873424299485,0.0
18.90153,41.39125,37.64705,1811.50187,-0.42691,86.87148,7.880799392285797,2.9358051299380303,0.0
18.90286,41.41686,37.62563,1807.217,-0.47779,86.88384,7.8672297203387735,2.930750070098207,0.0
18.90417,41.44241,37.60183,1802.95198,-0.5295,86.89618,7.85639078361491,2.926712280978979,0.0
18.90547,41.46789,37.57564,1798.70549,-0.58194,86.90851,7.848288779426616,2.923694071242279,0.0
18.90677,41.49332,37.54702,1794.47616,-0.63496,86.92081,7.842925372960135,2.9216960612137974,0.0
18.90806,41.51869,37.51597,1790.2626,-0.68844,86.9331,7.840297780298804,2.9207172138113284,0.0
18.90934,41.544,37.48249,1786.06338,-0.74225,86.94538,7.8403988292489135,2.9207548572040016,0.0
18.91061,41.56926,37.44656,1781.87704,-0.79625,86.95763,7.843216998300832,2.921804699326332,0.0
18.91188,41.59445,37.40821,1777.7021,-0.85031,86.96987,7.848736434233772,2.923860834436452,0.0
18.91313,41.61958,37.36742,1773.53706,-0.90432,86.98208,7.856936949122149,2.926915742000905,0.0
18.91438,41.64466,37.32424,1769.3804,-0.95812,86.99429,7.8677939976971185,2.930960278261221,0.0
18.91562,41.66967,37.27867,1765.23057,-1.0116,87.00647,7.881278636261079,2.935983660928491,0.0
18.91685,41.69463,37.23076,1761.08602,-1.06462,87.01863,7.89735746453515,2.9419734475200157,0.0
18.91808,41.71953,37.18052,1756.94516,-1.11705,87.03078,7.915992552074393,2.9489155079470457,0.0
18.91929,41.74437,37.12802,1752.80643,-1.16878,87.04291,7.937141351057181,2.956793992026526,0.0
18.9205,41.76916,37.07328,1748.66823,-1.21966,87.05503,7.9607565975149175,2.965591292686563,0.0
18.9217,41.79388,37.01637,1744.52897,-1.26958,87.06712,7.986786203238649,2.9752880056987987,0.0
18.92289,41.81855,36.95734,1740.38706,-1.31842,87.0792,8.015173140882776,2.9858628868765176,0.0
18.92408,41.84316,36.89626,1736.2409,-1.36605,87.09126,8.045855324894685,2.997292807717801,0.0
18.92526,41.86771,36.83319,1732.08892,-1.41237,87.1033,8.078765491227735,3.009552710595452,0.0
18.92643,41.8922,36.76821,1727.92954,-1.45724,87.11532,8.113831078902884,3.0226155646355855,0.0
18.92759,41.91663,36.70139,1723.76119,-1.50056,87.12733,8.150974116706534,3.036452323509587,0.0
18.92874,41.941,36.63282,1719.58233,-1.54223,87.13932,8.190111118527005,3.051031886444205,0.0
18.92989,41.96532,36.56258,1715.39144,-1.58214,87.15129,8.231152990906754,3.066321063782315,0.0
18.93103,41.98957,36.49076,1711.18702,-1.62018,87.16324,8.274004956588833,3.0822845485019643,0.0
18.93216,42.01377,36.41746,1706.96759,-1.65626,87.17517,8.3185664979386,3.0988848951394705,0.0
18.93329,42.0379,36.34278,1702.73174,-1.69029,87.18709,8.364731324132366,3.11608250756633,0.0
18.9344,42.06198,36.26682,1698.47804,-1.72218,87.19898,8.412387366099637,3.1338356371050677,0.0
18.93551,42.08599,36.18969,1694.20517,-1.75185,87.21086,8.461416803143939,3.152100392446199,0.0
18.93661,42.10995,36.11148,1689.91179,-1.77922,87.22272,8.511696125126045,3.1708307628131136,0.0
18.93771,42.13384,36.03232,1685.59667,-1.80422,87.23456,8.563096233915362,3.189978655755391,0.0
18.93879,42.15768,35.95231,1681.2586,-1.82679,87.24638,8.615482587682115,3.2094939509014293,0.0
18.93987,42.18145,35.87157,1676.89645,-1.84686,87.25818,8.668715391270098,3.2293245708773117,0.0
18.94094,42.20516,35.79022,1672.50914,-1.8644,87.26997,8.72264983559939,3.2494165704906104,0.0
18.94201,42.22881,35.70837,1668.09566,-1.87934,87.28173,8.777136388623031,3.269714245119409,0.0
18.94307,42.2524,35.62614,1663.6551,-1.89167,87.29348,8.832021139832902,3.2901602590498022,0.0
18.94412,42.27593,35.54366,1659.18661,-1.90134,87.3052,8.887146199813875,3.3106957943203357,0.0
18.94516,42.29939,35.46103,1654.68941,-1.90834,87.31691,8.942350155616593,3.331260720360343,0.0
18.94619,42.32279,35.37839,1650.16283,-1.91265,87.32859,8.997468582091972,3.3517937844755057,0.0
18.94722,42.34612,35.29585,1645.60628,-1.91428,87.34025,9.052334608493968,3.3722328229222853,0.0
18.94824,42.36939,35.21352,1641.01927,-1.91321,87.3519,9.106779538848947,3.3925149920118476,0.0
18.94925,42.3926,35.13152,1636.40139,-1.90948,87.36352,9.160633523749206,3.4125770183708175,0.0
18.95026,42.41574,35.04998,1631.75235,-1.90309,87.37513,9.213726280290487,3.432355467136943,0.0
18.95126,42.43882,34.969,1627.07195,-1.89408,87.38671,9.265887855980088,3.4517870265349764,0.0
18.95225,42.46183,34.88868,1622.36009,-1.88249,87.39827,9.316949431543984,3.4708088069434386,0.0
18.95323,42.48477,34.80915,1617.61679,-1.86837,87.40981,9.36674415668893,3.4893586522380016,0.0
18.95421,42.50765,34.7305,1612.84217,-1.85177,87.42133,9.415108011996228,3.5073754608695893,0.0
18.95518,42.53046,34.65283,1608.03644,-1.83277,87.43283,9.461880689435299,3.524799513878853,0.0
18.95614,42.5532,34.57624,1603.19994,-1.81143,87.44431,9.506906483201307,3.541572806756625,0.0
18.9571,42.57588,34.50083,1598.33311,-1.78785,87.45576,9.55003518210972,3.5576393818843726,0.0
18.95804,42.59849,34.42667,1593.43647,-1.76211,87.46719,9.591122954222438,3.572945658080709,0.0
18.95898,42.62103,34.35386,1588.51069,-1.73432,87.4786,9.630033214173835,3.5874407537031594,0.0
18.95992,42.6435,34.28247,1583.5565,-1.70459,87.48999,9.666637463413451,3.601076799660678,0.0
18.96084,42.6659,34.21257,1578.57474,-1.67303,87.50136,9.700816093661636,3.6138092387220127,0.0
18.96176,42.68823,34.14423,1573.56635,-1.63976,87.5127,9.732459144020854,3.6255971075595843,0.0
18.96268,42.71049,34.0775,1568.53236,-1.60492,87.52402,9.761467002564867,3.6364032981099226,0.0
18.96358,42.73268,34.01245,1563.47388,-1.56865,87.53532,9.787751043721425,3.646194795015485,0.0
18.96448,42.75479,33.94912,1558.39211,-1.53108,87.54659,9.811234193519246,3.6549428861940316,0.0
18.96537,42.77684,33.88755,1553.28833,-1.49236,87.55785,9.831851415571915,3.6626233438804108,0.0
18.96626,42.79882,33.82777,1548.16386,-1.45265,87.56908,9.849550111701578,3.669216573869431,0.0
18.96713,42.82072,33.76981,1543.02014,-1.41211,87.58028,9.864290432168435,3.6747077310845095,0.0
18.968,42.84255,33.7137,1537.85861,-1.37088,87.59146,9.87604549178505,3.679086800085932,0.0
18.96887,42.86431,33.65944,1532.68081,-1.32914,87.60262,9.884801489350902,3.682348639563373,0.0
18.96972,42.886,33.60704,1527.48829,-1.28705,87.61376,9.890557729273386,3.6844929903902854,0.0
18.97057,42.90761,33.55651,1522.28267,-1.24477,87.62487,9.893326545550602,3.68552444730549,0.0
18.97142,42.92915,33.50783,1517.06557,-1.20247,87.63596,9.893133129621646,3.6854523947828737,0.0
18.97225,42.95062,33.461,1511.83867,-1.16032,87.64702,9.890015264879377,3.6842909081304196,0.0
18.97308,42.97202,33.41598,1506.60362,-1.11847,87.65806,9.88402297189235,3.6820586213260347,0.0
18.9739,42.99334,33.37276,1501.36214,-1.07711,87.66908,9.875218069467962,3.678778563502025,0.0
18.97472,43.01458,33.3313,1496.1159,-1.03638,87.68007,9.863673657745277,3.6744779663835714,0.0
18.97553,43.03576,33.29156,1490.8666,-0.99644,87.69104,9.849473530365467,3.6691880453067545,0.0
18.97633,43.05686,33.25351,1485.61592,-0.95745,87.70198,9.832711523499686,3.6629437567143066,0.0
18.97713,43.07788,33.21707,1480.36551,-0.91957,87.7129,9.813490810119331,3.655783535252719,0.0
18.97792,43.09883,33.18221,1475.11703,-0.88293,87.7238,9.791923148248685,3.647749013726566,0.0
18.9787,43.11971,33.14886,1469.87208,-0.84768,87.73467,9.768128092262863,3.6388847292862443,0.0
18.97948,43.14051,33.11695,1464.63225,-0.81395,87.74552,9.742232176332138,3.6292378192394934,0.0
18.98025,43.16125,33.08642,1459.39908,-0.78188,87.75635,9.714368079057252,3.6188577098560746,0.0
18.98101,43.1819,33.05718,1454.17405,-0.75158,87.76715,9.684673778125953,3.607795801455087,0.0
18.98177,43.20249,33.02917,1448.95863,-0.72317,87.77793,9.653291703491352,3.5961051529416204,0.0
18.98252,43.22299,33.00229,1443.75421,-0.69677,87.78868,9.620367897091164,3.583840168780067,0.0
18.98326,43.24343,32.97647,1438.56214,-0.67246,87.79941,9.586051186577041,3.5710562911865615,0.0
18.984,43.26379,32.95161,1433.38368,-0.65035,87.81012,9.550492379862183,3.557809700076762,0.0
18.98473,43.28409,32.92763,1428.22008,-0.63052,87.8208,9.51384348661442,3.5441570230515542,0.0
18.98546,43.3043,32.90443,1423.07247,-0.61304,87.83146,9.47625697204109,3.530155057412271,0.0
18.98618,43.32445,32.88192,1417.94195,-0.59798,87.8421,9.437885047537721,3.5158605059086687,0.0
18.98689,43.34452,32.86,1412.82955,-0.5854,87.85271,9.398879001978427,3.5013297276270055,0.0
18.9876,43.36452,32.83858,1407.7362,-0.57536,87.8633,9.359388576665825,3.4866185051424368,0.0
18.9883,43.38445,32.81756,1402.6628,-0.56789,87.87387,9.319561386114017,3.471781828745436,0.0
18.989,43.40431,32.79684,1397.61014,-0.56303,87.88441,9.279542386195503,3.45687369831253,0.0
18.98969,43.42409,32.77633,1392.57896,-0.5608,87.89493,9.23947339041672,3.4419469431062044,0.0
18.99037,43.44381,32.75592,1387.56992,-0.56122,87.90543,9.199492634453001,3.427053059552718,0.0
18.99105,43.46346,32.73552,1382.58362,-0.5643,87.91591,9.159734388521281,3.4122420668407445,0.0
18.99172,43.48303,32.71504,1377.62056,-0.57003,87.92636,9.12032861656268,3.397562379957904,0.0
18.99238,43.50253,32.69437,1372.68119,-0.57841,87.93679,9.081400680835337,3.3830606996438353,0.0
18.99304,43.52197,32.67344,1367.76588,-0.58942,87.9472,9.04307109003051,3.3687819185568073,0.0
18.9937,43.54133,32.65213,1362.87493,-0.60304,87.95759,9.005455288716957,3.3547690428362102,0.0
18.99435,43.56063,32.63037,1358.00856,-0.61924,87.96795,8.96866348570694,3.341063128164381,0.0
18.99499,43.57986,32.60807,1353.16695,-0.63797,87.9783,8.932800518596409,3.3277032293042526,0.0
18.99563,43.59902,32.58515,1348.35018,-0.65919,87.98862,8.897965751691878,3.3147263620744343,0.0
18.99626,43.61811,32.56151,1343.55828,-0.68286,87.99891,8.864253004393245,3.302167476669927,0.0
18.99689,43.63713,32.53708,1338.79121,-0.7089,88.00919,8.831750507030065,3.290059441209969,0.0
18.99751,43.65609,32.51179,1334.04887,-0.73725,88.01945,8.800540881166052,3.2784330344009454,0.0
18.99813,43.67498,32.48556,1329.33109,-0.76784,88.02968,8.770701141440153,3.2673169462222433,0.0
18.99874,43.6938,32.45833,1324.63765,-0.8006,88.0399,8.742302716002166,3.25673778553905,0.0
18.99934,43.71256,32.43002,1319.96826,-0.83544,88.05009,8.715411482813685,3.246720093625412,0.0
18.99994,43.73125,32.40057,1315.32259,-0.87227,88.06026,8.690087819108161,3.2372863625894115,0.0
19.00054,43.74988,32.36993,1310.70024,-0.911,88.07041,8.666386661499972,3.228457057765372,0.0
19.00113,43.76844,32.33803,1306.10075,-0.95154,88.08054,8.644357574394014,3.220250643198237,0.0
19.00171,43.78693,32.30484,1301.52363,-0.99378,88.09065,8.624044824522956,3.2126836094106532,0.0
19.00229,43.80536,32.2703,1296.96833,-1.03761,88.10074,8.605487459613311,3.2057705027081527,0.0
19.00287,43.82373,32.23437,1292.43426,-1.08294,88.11081,8.588719389385965,3.1995239553539854,0.0
19.00343,43.84203,32.19701,1287.92075,-1.12964,88.12086,8.573769467322789,3.1939547160293302,0.0
19.004,43.86027,32.15818,1283.42714,-1.1776,88.13089,8.560661571793922,3.189071680055339,0.0
19.00456,43.87844,32.11787,1278.95269,-1.2267,88.14089,8.54941468538243,3.184881918943667,0.0
19.00511,43.89655,32.07604,1274.49663,-1.27683,88.15088,8.54004297141762,3.1813907089071396,0.0
19.00566,43.9146,32.03266,1270.05816,-1.32786,88.16085,8.53255584697436,3.1786015580539253,0.0
19.00621,43.93258,31.98774,1265.63644,-1.37967,88.1708,8.52695805172429,3.1765162320364158,0.0
19.00675,43.95051,31.94124,1261.23059,-1.43213,88.18073,8.523249712324295,3.1751347780376373,0.0
19.00728,43.96836,31.89317,1256.83971,-1.48512,88.19063,8.521426402109805,3.1744555470085603,0.0
19.00781,43.98616,31.84352,1252.46287,-1.53851,88.20052,8.5214791961126,3.1744752141636945,0.0
19.00834,44.0039,31.79229,1248.0991,-1.59217,88.21039,8.523394721614801,3.1751887978137745,0.0
19.00886,44.02157,31.73948,1243.74743,-1.64597,88.22024,8.527155204543154,3.1765896766488466,0.0
19.00937,44.03918,31.68512,1239.40684,-1.69979,88.23007,8.53273851227041,3.178669605682917,0.0
19.00988,44.05673,31.6292,1235.07633,-1.7535,88.23988,8.540118193468269,3.181418731100218,0.0
19.01039,44.07422,31.57174,1230.75483,-1.80697,88.24967,8.5492635158687,3.184825604322293,0.0
19.01089,44.09164,31.51278,1226.44132,-1.86008,88.25944,8.560139502863803,3.1888771956424087,0.0
19.01139,44.10901,31.45233,1222.13471,-1.9127,88.26919,8.572706970066555,3.1935589078453974,0.0
19.01188,44.12631,31.39042,1217.83394,-1.96471,88.27892,8.586922563019431,3.198854590255105,0.0
19.01237,44.14355,31.32708,1213.53794,-2.016,88.28864,8.602738797379368,3.204746553704354,0.0
19.01286,44.16074,31.26236,1209.24561,-2.06644,88.29833,8.620104102968453,3.2112155869449763,0.0
19.01334,44.17786,31.19629,1204.95588,-2.11592,88.308,8.63896287317445,3.218240975050817,0.0
19.01381,44.19492,31.12891,1200.66768,-2.16433,88.31766,8.659255521251378,3.2258005203911786,0.0
19.01428,44.21191,31.06027,1196.37993,-2.21156,88.32729,8.680918545069263,3.233870566751801,0.0
19.01475,44.22885,30.99042,1192.09158,-2.2575,88.33691,8.703884601942956,3.242426027210577,0.0
19.01521,44.24573,30.91942,1187.80157,-2.30205,88.34651,8.728082595118913,3.251440416356139,0.0
19.01567,44.26254,30.84731,1183.50887,-2.34513,88.35608,8.753437773529697,3.260885887449051,0.0
19.01612,44.2793,30.77415,1179.21248,-2.38662,88.36564,8.779871846305575,3.27073327508038,0.0
19.01657,44.29599,30.70001,1174.91139,-2.42646,88.37518,8.807303113564677,3.2809521438944755,0.0
19.01701,44.31262,30.62495,1170.60464,-2.46456,88.38469,8.83564661480858,3.2915108438702294,0.0
19.01745,44.32919,30.54902,1166.2913,-2.50083,88.39419,8.86481429620029,3.302376572636528,0.0
19.01789,44.3457,30.4723,1161.97045,-2.53522,88.40367,8.89471519780621,3.3135154452248035,0.0
19.01832,44.36215,30.39485,1157.64123,-2.56766,88.41313,8.925255661747634,3.324892571610952,0.0
19.01875,44.37853,30.31674,1153.3028,-2.59808,88.42257,8.956339561967694,3.3364721423095616,0.0
19.01917,44.39486,30.23804,1148.95437,-2.62644,88.43199,8.987868556111263,3.348217522205805,0.0
19.01959,44.41112,30.15881,1144.59519,-2.6527,88.44139,9.019742359759535,3.360091352715033,0.0
19.02001,44.42732,30.07914,1140.22454,-2.67682,88.45077,9.051859042993105,3.372055662260332,0.0
19.02042,44.44346,29.99908,1135.84179,-2.69877,88.46013,9.08411534894664,3.3840719849425125,0.0
19.02083,44.45954,29.91872,1131.44631,-2.71853,88.46947,9.116407033699717,3.396101487158395,0.0
19.02123,44.47555,29.83811,1127.03757,-2.73607,88.47879,9.148629226584404,3.408105101824861,0.0
19.02163,44.4915,29.75734,1122.61507,-2.75141,88.48808,9.18067680955422,3.420043669703774,0.0
19.02203,44.50739,29.67647,1118.17837,-2.76453,88.49736,9.21244481403091,3.4318780872378443,0.0
19.02242,44.52322,29.59557,1113.7271,-2.77545,88.50662,9.243828833223906,3.4435694601504787,0.0
19.0228,44.53898,29.51471,1109.26094,-2.78419,88.51586,9.274725447662922,3.455079261967864,0.0
19.02319,44.55468,29.43395,1104.77964,-2.79076,88.52508,9.305032661321317,3.4663694964863994,0.0
19.02357,44.57031,29.35336,1100.28302,-2.79522,88.53427,9.334650345439199,3.4774028631084803,0.0
19.02394,44.58589,29.273,1095.77094,-2.79758,88.54345,9.363480686884126,3.488142923868654,0.0
19.02431,44.6014,29.19293,1091.24336,-2.79792,88.55261,9.391428637678759,3.498554270894496,0.0
19.02468,44.61684,29.11322,1086.70027,-2.79628,88.56174,9.418402362090346,3.508602692959216,0.0
19.02505,44.63222,29.03391,1082.14177,-2.79273,88.57086,9.44431367756409,3.5182553397409273,0.0
19.02541,44.64754,28.95506,1077.56798,-2.78734,88.57995,9.469078485663577,3.527480882359303,0.0
19.02576,44.66279,28.87672,1072.97911,-2.78019,88.58902,9.492617189155347,3.5362496687505507,0.0
19.02611,44.67797,28.79894,1068.37543,-2.77138,88.59807,9.514855091346067,3.544533872431016,0.0
19.02646,44.6931,28.72176,1063.75728,-2.76098,88.6071,9.535722773896955,3.5523076332429935,0.0
19.02681,44.70815,28.64523,1059.12505,-2.74912,88.61611,9.55515644940698,3.559547188701254,0.0
19.02715,44.72314,28.56938,1054.47919,-2.73588,88.6251,9.57309828530467,3.566230994651259,0.0
19.02749,44.73807,28.49425,1049.82022,-2.72139,88.63406,9.589496695757177,3.5723398340129635,0.0
19.02782,44.75293,28.41986,1045.14871,-2.70576,88.64301,9.604306598657212,3.5778569125152244,0.0
19.02815,44.76772,28.34624,1040.46529,-2.68911,88.65193,9.617489635039552,3.5827679404342097,0.0
19.02848,44.78245,28.27342,1035.77062,-2.67158,88.66083,9.629014348708964,3.5870611995095323,0.0
19.0288,44.79711,28.20141,1031.06543,-2.65328,88.66971,9.638856324229742,3.590727594348982,0.0
19.02912,44.81171,28.13023,1026.3505,-2.63436,88.67857,9.646998281934446,3.5937606878217845,0.0
19.02944,44.82624,28.05989,1021.62662,-2.61496,88.68741,9.65343012902288,3.5961567200943088,0.0
19.02975,44.8407,27.9904,1016.89466,-2.59521,88.69622,9.658148966361376,3.5979146111629814,0.0
19.03006,44.85509,27.92176,1012.1555,-2.57525,88.70501,9.661159051038608,3.599035946905345,0.0
19.03036,44.86942,27.85397,1007.41005,-2.55522,88.71378,9.662471715259315,3.5995249488658323,0.0
19.03066,44.88368,27.78702,1002.65926,-2.53528,88.72253,9.662105242587009,3.5993884281529223,0.0
19.03096,44.89788,27.72091,997.9041,-2.51556,88.73126,9.660084703047994,3.598635724011043,0.0
