0.05113,0.05113,55.7506,5403.90487,-0.39563,45.0001,11.145315389970822,4.151923233661092,0.0
0.1022,0.1022,55.70209,5397.74837,-0.29032,45.00024,11.196060360332831,4.170827070301468,0.0
0.15321,0.15321,55.66856,5391.54343,-0.18445,45.00041,11.223146366211662,4.180917320167038,0.0
0.20416,0.20416,55.65002,5385.30323,-0.07839,45.00063,11.226425133860058,4.182138747385635,0.0
0.25505,0.25506,55.64644,5379.04106,0.02748,45.00089,11.205985519290055,4.174524453159683,0.0
0.30589,0.3059,55.65772,5372.77018,0.13277,45.00119,11.162150331400355,4.1581946922975614,0.0
0.35666,0.35667,55.68373,5366.50373,0.23713,45.00153,11.095468135963868,4.133353819983314,0.0
0.40738,0.40739,55.72428,5360.25454,0.34019,45.0019,11.006700377632827,4.100285494384712,0.0
0.45803,0.45805,55.77912,5354.03508,0.44157,45.00539,10.896807183530864,4.059347388117774,0.999999982941839
0.50862,0.50866,55.84796,5347.8573,0.54096,45.00888,10.766923665493566,4.010962360207846,0.999999982941839
0.55915,0.5592,55.93048,5341.73257,0.63806,45.01238,10.618333653101178,3.955608670953157,0.999999982941839
0.60961,0.6097,56.02629,5335.67157,0.73258,45.01588,10.452447317043816,3.8938116460396,0.999999982941839
0.66001,0.66013,56.13499,5329.68423,0.82423,45.01937,10.270774570813225,3.8261337679710654,0.999999982941839
0.71036,0.71052,56.25614,5323.77971,0.91277,45.02285,10.07489809637975,3.7531646274243755,0.999999982941839
0.76064,0.76084,56.38926,5317.96628,0.99798,45.02632,9.866446737539205,3.67551101157093,0.999999982941839
0.81086,0.81112,56.53384,5312.25141,1.07967,45.02978,9.647069936177102,3.5937873809125116,0.999999982941839
0.86102,0.86134,56.68937,5306.64163,1.15767,45.03321,9.41841378819392,3.508606949483436,0.999999982941839
0.91112,0.91151,56.8553,5301.14263,1.23183,45.03663,9.182099184110166,3.4205735416507914,0.999999982941839
0.96117,0.96163,57.03107,5295.75925,1.30204,45.04002,8.939702381250235,3.330274354741738,0.999999982941839
1.01116,1.0117,57.21611,5290.49546,1.3682,45.04339,8.692738236935368,3.238273712966736,0.999999982941839
1.0611,1.06173,57.40984,5285.35444,1.43025,45.04674,8.442646220583127,3.145107856558545,0.999999982941839
1.11098,1.1117,57.61168,5280.33862,1.48814,45.05006,8.190779221638284,3.051280772432007,0.999999982941839
1.16081,1.16163,57.82104,5275.44967,1.54184,45.05336,7.938395083002631,2.957261040163879,0.999999982941839
1.21059,1.21152,58.03733,5270.68862,1.59136,45.05663,7.68665071768091,2.863479640288639,0.999999982941839
1.26032,1.26136,58.25996,5266.05588,1.63671,45.05988,7.436598610816509,2.7703286512147507,0.999999982941839
1.31,1.31116,58.48836,5261.55127,1.67792,45.0631,7.189185469437228,2.67816074621943,0.999999982941839
1.35963,1.36092,58.72196,5257.17413,1.71503,45.06631,6.945252757381358,2.5872893927226865,0.999999982941839
1.40922,1.41064,58.96019,5252.92333,1.7481,45.06949,6.7055388411285355,2.497989651665778,0.999999982941839
1.45876,1.46032,59.20251,5248.79734,1.77721,45.07266,6.470682471877495,2.4104994746767856,0.999999982941839
1.50826,1.50996,59.44836,5244.79427,1.80243,45.07581,6.241227337953398,2.3250213999621345,0.999999982941839
1.55771,1.55956,59.69723,5240.91196,1.82386,45.07895,6.017627437436582,2.2417245537521584,0.999999982941839
1.60712,1.60914,59.9486,5237.14797,1.84159,45.08207,5.800253041814127,2.1607468719182243,0.999999982941839
1.6565,1.65867,60.20197,5233.49966,1.85572,45.08519,5.589397045558474,2.082197465357833,0.999999982941839
1.70583,1.70818,60.45687,5229.96421,1.86636,45.08829,5.385281522419322,2.0061590623858603,0.999999982941839
1.75513,1.75765,60.71282,5226.53868,1.87363,45.09139,5.188064335462346,1.9326904711478965,0.999999982941839
1.80439,1.8071,60.96937,5223.22002,1.87762,45.09449,4.997845673561367,1.8618290146355683,0.999999982941839
1.85362,1.85652,61.22609,5220.00511,1.87847,45.09759,4.814674411342807,1.7935928999331867,0.999999982941839
1.90281,1.9059,61.48256,5216.8908,1.87627,45.10069,4.638554211979779,1.7279834916691206,0.999999982941839
1.95196,1.95526,61.73838,5213.87389,1.87116,45.10379,4.4694493124003944,1.6649874671581075,0.999999982941839
2.00109,2.0046,61.99316,5210.95122,1.86323,45.1069,4.3072899482143985,1.604578837329166,0.999999982941839
2.05018,2.05391,62.24654,5208.11962,1.85261,45.11002,4.151977390969081,1.5467208232359606,0.999999982941839
2.09925,2.1032,62.49816,5205.37596,1.83941,45.11315,4.003388583277265,1.4913675827639323,0.999999982941839
2.14828,2.15246,62.74768,5202.71717,1.82374,45.11629,3.8613803679925502,1.4384657861093566,0.999999982941839
2.19728,2.2017,62.99478,5200.1402,1.8057,45.11944,3.7257933162100207,1.3879560418103245,0.999999982941839
2.24626,2.25092,63.23915,5197.64212,1.78539,45.12262,3.5964551656095294,1.3397741776200869,0.999999982941839
2.29521,2.30012,63.4805,5195.22002,1.76293,45.12581,3.4731838857061827,1.293852382393511,0.999999982941839
2.34413,2.3493,63.71854,5192.87111,1.73841,45.12902,3.355790390284212,1.250120216540065,0.999999982941839
2.39303,2.39847,63.95301,5190.59266,1.71192,45.13226,3.244080919727552,1.2085054995046425,0.999999982941839
2.4419,2.44761,64.18365,5188.38203,1.68356,45.13552,3.1378591174506556,1.1689350832926744,0.999999982941839
2.49075,2.49674,64.41023,5186.23667,1.65342,45.13881,3.036927825285933,1.1313355212991896,0.999999982941839
2.53957,2.54585,64.6325,5184.15411,1.62159,45.14213,2.9410906227047726,1.0956336417091455,0.999999982941839
2.58837,2.59495,64.85026,5182.13198,1.58814,45.14548,2.850153134246306,1.061757034549042,0.999999982941839
2.63715,2.64403,65.0633,5180.16797,1.55316,45.14886,2.763924128663627,1.02963446114781,0.999999982941839
2.68591,2.69309,65.27142,5178.2599,1.51673,45.15227,2.6822164321616815,0.9991961943419533,0.999999982941839
2.73464,2.74215,65.47443,5176.40564,1.47892,45.15572,2.6048476767521485,0.9703742972574307,0.999999982941839
2.78336,2.79119,65.67216,5174.60316,1.4398,45.1592,2.531640903321316,0.9431028479683108,0.999999982941839
2.83205,2.84021,65.86444,5172.85048,1.39944,45.16272,2.462425037495597,0.9173181167691945,0.999999982941839
2.88073,2.88923,66.05111,5171.14574,1.3579,45.16628,2.3970352548751706,0.8929587022343578,0.999999982941839
2.92938,2.93823,66.23202,5169.48712,1.31526,45.16988,2.3353132507181913,0.8699656316822144,0.999999982941839
2.97802,2.98723,66.40704,5167.8729,1.27156,45.17352,2.2771074277068837,0.8482824311231275,0.999999982941839
3.02664,3.03621,66.57602,5166.30139,1.22687,45.1772,2.2222730140577625,0.8278551692585744,0.999999982941839
3.07523,3.08518,66.73885,5164.771,1.18124,45.18093,2.170672122944255,0.8086324796176353,0.999999982941839
3.12382,3.13415,66.8954,5163.28018,1.13473,45.1847,2.1221737629789024,0.7905655644618917,0.999999982941839
3.17238,3.1831,67.04556,5161.82746,1.08738,45.18852,2.0766538084048576,0.7736081836809726,0.999999982941839
3.22093,3.23205,67.18924,5160.41139,1.03925,45.19238,2.0339949366102137,0.7577166315149989,0.999999982941839
3.26946,3.28099,67.32632,5159.03061,0.99039,45.19629,1.994086539656054,0.742849703596454,0.999999982941839
3.31797,3.32992,67.45672,5157.68379,0.94083,45.20024,1.9568246156586502,0.7289686564871949,0.999999982941839
3.36647,3.37884,67.58036,5156.36963,0.89063,45.20425,1.9221116451202078,0.7160371616084008,0.999999982941839
3.41495,3.42776,67.69715,5155.0869,0.83983,45.20831,1.8898564566176648,0.7040212552061167,0.999999982941839
3.46341,3.47667,67.80701,5153.8344,0.78846,45.21241,1.859974085655349,0.6928892857701542,0.999999982941839
3.51187,3.52558,67.90988,5152.61094,0.73657,45.21657,1.8323856299580534,0.6826118601269547,0.999999982941839
3.5603,3.57448,68.0057,5151.41541,0.68419,45.22078,1.807018104006707,0.6731617892503,0.999999982941839
3.60872,3.62337,68.09441,5150.2467,0.63137,45.22504,1.7838042952073667,0.6645140346804762,0.999999982941839
3.65713,3.67226,68.17594,5149.10371,0.57813,45.22936,1.7626826237170068,0.6566456563056932,0.999999982941839
3.70552,3.72115,68.25026,5147.98541,0.52452,45.23373,1.7435970076417804,0.6495357621448895,0.999999982941839
3.7539,3.77003,68.31731,5146.89076,0.47056,45.23815,1.7264967350395706,0.6431654606653152,0.999999982941839
3.80226,3.8189,68.37705,5145.81874,0.41629,45.24263,1.7113363439343656,0.6375178160847293,0.999999982941839
3.85061,3.86778,68.42946,5144.76835,0.36175,45.24717,1.698075511330943,0.6325778070264495,0.999999982941839
3.89894,3.91665,68.47449,5143.7386,0.30696,45.25176,1.686678952053394,0.6283322888340412,0.999999982941839
3.94726,3.96551,68.51212,5142.72853,0.25196,45.25641,1.6771163280759473,0.6247699597946627,0.999999982941839
3.99557,4.01438,68.54233,5141.73716,0.19678,45.26111,1.6693621688791038,0.6218813314696309,0.999999982941839
4.04387,4.06324,68.56509,5140.76353,0.14144,45.26588,1.6633958032628031,0.6196587032930315,0.999999982941839
4.09215,4.1121,68.5804,5139.80667,0.08599,45.2707,1.6592013029407247,0.6180961415591117,0.999999982941839
4.14042,4.16096,68.58823,5138.86564,0.03044,45.27558,1.6567674381587607,0.6171894628889936,0.999999982941839
4.18868,4.20981,68.58859,5137.93947,-0.02518,45.28052,1.6560876455077074,0.6169362222400551,0.999999982941839
4.23692,4.25867,68.58146,5137.02718,-0.08082,45.28552,1.6571600080283886,0.6173357054945647,0.999999982941839
4.28515,4.30752,68.56685,5136.12781,-0.13647,45.29058,1.6599872476445379,0.6183889266407318,0.999999982941839
4.33337,4.35637,68.54476,5135.24037,-0.19209,45.29571,1.6645767298977376,0.6200986295365944,0.999999982941839
4.38157,4.40522,68.5152,5134.36386,-0.24765,45.30089,1.6709404809018433,0.62246929422599,0.999999982941839
4.42976,4.45407,68.47819,5133.49726,-0.30313,45.30614,1.6790952163636248,0.625507147749507,0.999999982941839
4.47794,4.50292,68.43373,5132.63955,-0.35849,45.31145,1.6890623824553197,0.6292201793705866,0.999999982941839
4.52611,4.55177,68.38185,5131.78968,-0.41371,45.31682,1.7008682082508961,0.6336181601094104,0.999999982941839
4.57427,4.60062,68.32258,5130.94656,-0.46874,45.32226,1.7145437693482983,0.638712666443861,0.999999982941839
4.62241,4.64947,68.25593,5130.1091,-0.52357,45.32776,1.7301250622161302,0.6445171080056175,0.999999982941839
4.67054,4.69832,68.18195,5129.27616,-0.57815,45.33332,1.7476530886869195,0.6510467590561192,0.999999982941839
4.71866,4.74717,68.10068,5128.44657,-0.63245,45.33896,1.7671739498918297,0.6583187934797187,0.999999982941839
4.76676,4.79602,68.01214,5127.61914,-0.68645,45.34465,1.7887389487984617,0.6663523229817094,0.999999982941839
4.81485,4.84487,67.9164,5126.79263,-0.7401,45.35041,1.8124047003278252,0.6751684381097955,0.999999982941839
4.86293,4.89372,67.8135,5125.96576,-0.79337,45.35624,1.8382332478447292,0.684790251649828,0.999999982941839
4.911,4.94257,67.70349,5125.13719,-0.84622,45.36214,1.8662921845812954,0.6952429438592569,0.999999982941839
4.95906,4.99142,67.58644,5124.30556,-0.89862,45.36811,1.8966547782990268,0.7065538089070329,0.999999982941839
5.0071,5.04027,67.46241,5123.46943,-0.95053,45.37414,1.9294000971916037,0.7187523017757115,0.999999982941839
5.05513,5.08913,67.33148,5122.62733,-1.0019,45.38024,1.964613134690993,0.7318700847550117,0.999999982941839
5.10315,5.13798,67.19372,5121.77772,-1.0527,45.38642,2.0023849304503227,0.7459410725111217,0.999999982941839
5.15115,5.18684,67.04922,5120.91898,-1.10287,45.39266,2.042812684333925,0.7610014745509873,0.999999982941839
5.19914,5.2357,66.89806,5120.04944,-1.15239,45.39897,2.08599985974763,0.7770898337155662,0.999999982941839
5.24712,5.28456,66.74033,5119.16736,-1.20119,45.40536,2.132056272082017,0.7942470591272657,0.999999982941839
5.29508,5.33342,66.57615,5118.27093,-1.24923,45.41182,2.1810981574148482,0.8125164517834085,0.999999982941839
5.34303,5.38228,66.40562,5117.35823,-1.29646,45.41835,2.2332482159225275,0.83194372072814,0.999999982941839
5.39097,5.43114,66.22884,5116.4273,-1.34283,45.42496,2.2886356236794465,0.8525769874479986,0.999999982941839
5.43889,5.48,66.04595,5115.47606,-1.38828,45.43164,2.347396005679456,0.874466775821702,0.999999982941839
5.4868,5.52886,65.85708,5114.50235,-1.43275,45.4384,2.4096713619927006,0.8976659846116257,0.999999982941839
5.53469,5.57773,65.66236,5113.50392,-1.47619,45.44524,2.4756099379631893,0.9222298391089827,0.999999982941839
5.58257,5.62659,65.46193,5112.4784,-1.51853,45.45215,2.5453660283001525,0.9482158181527,0.999999982941839
5.63043,5.67546,65.25596,5111.42335,-1.55971,45.45914,2.619099703755436,0.9756835523095545,0.999999982941839
5.67828,5.72432,65.04461,5110.33618,-1.59966,45.46621,2.6969764479066476,1.0046946885663406,0.999999982941839
5.72612,5.77319,64.82805,5109.21422,-1.63831,45.47336,2.7791666903235432,1.0353127164220635,0.999999982941839
5.77393,5.82205,64.60645,5108.05469,-1.67559,45.4806,2.865845221142479,1.067602749801522,0.999999982941839
5.82173,5.87092,64.38003,5106.85465,-1.71143,45.48791,2.957190470837645,1.1016312587511394,0.999999982941839
5.86952,5.91978,64.14897,5105.6111,-1.74573,45.49531,3.053383637781297,1.137465744432198,0.999999982941839
5.91728,5.96865,63.91349,5104.32086,-1.77842,45.5028,3.1546076450703318,1.1751743505112873,0.999999982941839
5.96503,6.01751,63.67382,5102.98068,-1.80942,45.51037,3.2610459071632794,1.214825403700135,0.999999982941839
6.01276,6.06637,63.43019,5101.58713,-1.83864,45.51803,3.372880886123198,1.2564868759180963,0.999999982941839
6.06047,6.11523,63.18285,5100.13671,-1.86598,45.52578,3.490292416838844,1.3002257603929737,0.999999982941839
6.10816,6.16409,62.93207,5098.62575,-1.89136,45.53362,3.6134557805694474,1.346107354005757,0.999999982941839
6.15584,6.21294,62.67811,5097.0505,-1.91466,45.54155,3.7425395066421343,1.3941944383650753,0.999999982941839
6.20349,6.26179,62.42127,5095.40707,-1.93581,45.54957,3.8777028832731446,1.444546352522602,0.999999982941839
6.25112,6.31064,62.16185,5093.69145,-1.95468,45.55769,4.019093160390089,1.4972179509507522,0.999999982941839
6.29873,6.35949,61.90016,5091.89956,-1.97118,45.5659,4.166842430207105,1.5522584414748468,0.999999982941839
6.34631,6.40832,61.63653,5090.02719,-1.9852,45.57421,4.321064175265753,1.6097100993275215,0.999999982941839
6.39387,6.45716,61.3713,5088.07006,-1.99662,45.58262,4.4818494789089804,1.6696068554505723,0.999999982941839
6.44141,6.50599,61.10484,5086.02383,-2.00535,45.59113,4.649262899836386,1.731972759658241,0.999999982941839
6.48893,6.55481,60.83751,5083.88407,-2.01127,45.59975,4.823338020685798,1.7968203223667318,0.999999982941839
6.53641,6.60362,60.5697,5081.64634,-2.01426,45.60846,5.004072690582511,1.8641487423186227,0.999999982941839
6.58387,6.65243,60.30181,5079.30619,-2.01421,45.61728,5.1914239934282795,1.933942032138128,0.999999982941839
6.63131,6.70123,60.03426,5076.85915,-2.01102,45.62621,5.38530298737716,2.006167058647432,0.999999982941839
6.67871,6.75001,59.76749,5074.3008,-2.00457,45.63524,5.585569276383987,2.0807715206256683,0.999999982941839
6.72608,6.79879,59.50193,5071.62681,-1.99475,45.64438,5.792025491870771,2.1576818930844563,0.999999982941839
6.77343,6.84756,59.23805,5068.83291,-1.98147,45.65364,6.004411781009109,2.2368013740080768,0.999999982941839
6.82074,6.89631,58.9763,5065.91499,-1.96463,45.663,6.2224004176066945,2.3180078767668997,0.999999982941839
6.86801,6.94505,58.71719,5062.86911,-1.94413,45.67248,6.44559067143355,2.4011521188064124,0.999999982941839
6.91526,6.99378,58.4612,5059.69157,-1.91988,45.68206,6.673504091278431,2.486055864461617,0.999999982941839
6.96246,7.04248,58.20883,5056.37893,-1.89182,45.69177,6.905580375194776,2.5725103865149874,0.999999982941839
7.00963,7.09118,57.9606,5052.92805,-1.85986,45.70158,7.1411740170905675,2.6602752169629595,0.999999982941839
7.05677,7.13985,57.71703,5049.33619,-1.82397,45.71152,7.379551930782982,2.7490772619137744,0.999999982941839
7.10386,7.18851,57.47863,5045.60101,-1.78409,45.72156,7.619892259482352,2.8386103580889266,0.999999982941839
7.15091,7.23714,57.24595,5041.72065,-1.74019,45.73172,7.861284578922411,2.928535348494527,0.999999982941839
7.19791,7.28575,57.0195,5037.69377,-1.69226,45.74199,8.102731694569956,3.0184807519291907,0.999999982941839
7.24488,7.33434,56.79981,5033.51964,-1.64031,45.75238,8.34315321624753,3.1080440946250394,0.999999982941839
7.2918,7.38291,56.58742,5029.19812,-1.58436,45.76288,8.581391066053689,3.1967939620929218,0.999999982941839
7.33867,7.43145,56.38283,5024.72977,-1.52445,45.77349,8.816217036980284,3.2842728149062297,0.999999982941839
7.38549,7.47996,56.18656,5020.11586,-1.46064,45.7842,9.04634247001197,3.3700005936750888,0.999999982941839
7.43226,7.52845,55.9991,5015.3584,-1.39303,45.79503,9.270430057264877,3.453479116026069,0.999999982941839
7.47898,7.5769,55.82094,5010.46021,-1.32172,45.80595,9.487107709158574,3.5341972424886094,0.999999982941839
7.52565,7.62533,55.65254,5005.42488,-1.24685,45.81698,9.694984346849703,3.611636759592074,0.999999982941839
7.57226,7.67372,55.49433,5000.25685,-1.16857,45.8281,9.892667399984743,3.6852788982390434,0.999999982941839
7.61882,7.72207,55.34675,4994.96136,-1.08706,45.83932,10.078781708087243,3.7546113749693903,0.999999982941839
7.66532,7.7704,55.21017,4989.54444,-1.00254,45.85063,10.25198944557492,3.8191358145534045,0.999999982941839
7.71177,7.81868,55.08496,4984.01295,-0.91522,45.86202,10.41101062025112,3.878375386219211,0.999999982941839
7.75815,7.86693,54.97145,4978.37446,-0.82535,45.87349,10.554643637798446,3.9318824644677313,0.999999982941839
7.80447,7.91514,54.86992,4972.63727,-0.73321,45.88503,10.681785384508574,3.9792461104179435,0.999999982941839
7.85073,7.96331,54.78062,4966.81035,-0.63909,45.89664,10.791450261125346,4.020099162414254,0.999999982941839
7.89693,8.01144,54.70378,4960.90324,-0.54329,45.90832,10.882787604894219,4.054124726198309,0.999999982941839
7.94307,8.05953,54.63956,4954.92599,-0.44613,45.92005,10.955096965950444,4.081061865765547,0.999999982941839
7.98914,8.10758,54.58807,4948.88909,-0.34793,45.93183,11.007840758209039,4.10071031615457,0.999999982941839
8.03514,8.15558,54.54942,4942.80337,-0.24905,45.94366,11.040653881900543,4.1129340680949005,0.999999982941839
8.08108,8.20354,54.52362,4936.67989,-0.14983,45.95552,11.053350011779276,4.11766371053001,0.999999982941839
8.12695,8.25146,54.51068,4930.52986,-0.05061,45.96742,11.045924356888731,4.1148974587025435,0.999999982941839
8.17275,8.29933,54.51053,4924.36452,0.04825,45.97934,11.018552819094399,4.104700840685652,0.999999982941839
8.21849,8.34716,54.52308,4918.19508,0.14641,45.99128,10.971587601813239,4.087205061519181,0.999999982941839
8.26416,8.39494,54.54818,4912.03256,0.24353,46.00324,10.905549440970297,4.0626041090366,0.999999982941839
8.30976,8.44268,54.58564,4905.88773,0.33928,46.0152,10.821116741041287,4.031150706755006,0.999999982941839
8.3553,8.49037,54.63524,4899.77105,0.43334,46.02717,10.719111994472874,3.9931512547518615,0.999999982941839
8.40076,8.53801,54.69672,4893.69253,0.52541,46.03913,10.60048593864209,3.9489599277155163,0.999999982941839
8.44616,8.58561,54.76976,4887.66172,0.61521,46.05108,10.466299957843898,3.8989721192225453,0.999999982941839
8.4915,8.63317,54.85404,4881.6876,0.70246,46.06303,10.317707267211064,3.843617432252823,0.999999982941839
8.53676,8.68068,54.94918,4875.77855,0.78692,46.07495,10.15593342116371,3.783352418074118,0.999999982941839
8.58196,8.72815,55.05479,4869.94234,0.86836,46.08686,9.982256672466148,3.718653259473994,0.999999982941839
8.6271,8.77557,55.17045,4864.18603,0.94657,46.09874,9.797988672001186,3.650008580917908,0.999999982941839
8.67217,8.82296,55.29571,4858.51601,1.02139,46.1106,9.60445594741068,3.5779125488554935,0.999999982941839
8.71718,8.8703,55.43011,4852.93797,1.09264,46.12243,9.402982535018088,3.5028584016547315,0.999999982941839
8.76212,8.9176,55.57317,4847.4569,1.16019,46.13423,9.19487406813607,3.425332522077868,0.999999982941839
8.80701,8.96485,55.7244,4842.07711,1.22393,46.14599,8.98140355011396,3.345809137367264,0.999999982941839
8.85183,9.01207,55.88328,4836.80221,1.28377,46.15773,8.763798966176665,3.2647457043294326,0.999999982941839
8.89659,9.05926,56.04932,4831.6352,1.33964,46.16943,8.543232817359979,3.182579010450567,0.999999982941839
8.94129,9.1064,56.22199,4826.57841,1.39149,46.1811,8.320813595420953,3.0997219980763404,0.999999982941839
8.98593,9.15351,56.40077,4821.63363,1.43929,46.19273,8.097579161114616,3.0165612976457634,0.999999982941839
9.03052,9.20058,56.58514,4816.80204,1.48303,46.20433,7.874491941100498,2.9334554384124774,0.999999982941839
9.07505,9.24762,56.77458,4812.08436,1.52271,46.2159,7.652435821211695,2.850733691105749,0.999999982941839
9.11953,9.29463,56.96858,4807.48079,1.55836,46.22744,7.432214586098511,2.7686954866566635,0.999999982941839
9.16396,9.34161,57.16663,4802.99113,1.59001,46.23894,7.2145517365692635,2.68761034815277,0.999999982941839
9.20833,9.38855,57.36823,4798.61477,1.6177,46.25042,7.000091505718614,2.6077182693726226,0.999999982941839
9.25265,9.43547,57.57287,4794.35074,1.64149,46.26187,6.789400891823924,2.5292304720931624,0.999999982941839
9.29692,9.48235,57.78008,4790.19778,1.66146,46.27329,6.582972529092993,2.45233047551878,0.999999982941839
9.34114,9.52921,57.98937,4786.15434,1.67767,46.28469,6.381228225143619,2.377175414085531,0.999999982941839
9.38531,9.57605,58.20029,4782.21864,1.69021,46.29607,6.184523005699134,2.3038975442166456,0.999999982941839
9.42944,9.62285,58.41239,4778.38869,1.69918,46.30743,5.9931495210057575,2.2326058858289333,0.999999982941839
9.47352,9.66964,58.62522,4774.66234,1.70466,46.31877,5.807342684227113,2.16338795025678,0.999999982941839
9.51756,9.7164,58.83835,4771.0373,1.70676,46.3301,5.6272844283943835,2.096311512341248,0.999999982941839
9.56155,9.76314,59.05138,4767.51115,1.70557,46.34141,5.45310848504496,2.0314263905987033,0.999999982941839
9.6055,9.80986,59.26391,4764.08138,1.70122,46.35102,5.284904422510411,1.9687659515893408,0.0
9.64941,9.85656,59.47556,4760.74544,1.6938,46.36067,5.122723034192528,1.9083491171917824,0.0
9.69329,9.90324,59.68595,4757.50071,1.68342,46.37037,4.9665813976715745,1.8501822492540136,0.0
9.73712,9.94989,59.89473,4754.34456,1.67018,46.38011,4.816466297503837,1.7942604246755327,0.0
9.78091,9.99654,60.10155,4751.27433,1.65419,46.38989,4.672338187961451,1.7405689116321994,0.0
9.82467,10.04316,60.30608,4748.28737,1.63555,46.39972,4.53413488690576,1.6890845456412533,0.0
9.8684,10.08977,60.50802,4745.38105,1.61438,46.40959,4.401774996010164,1.6397770036843171,0.0
9.91208,10.13636,60.70705,4742.55275,1.59078,46.41951,4.275161043721676,1.5926099750432725,0.0
9.95574,10.18294,60.9029,4739.79989,1.56485,46.42947,4.154182352945811,1.5475422295883339,0.0
9.99936,10.2295,61.09527,4737.11994,1.53669,46.43948,4.038717639914405,1.5045285859246926,0.0
10.04294,10.27605,61.28392,4734.51039,1.5064,46.44954,3.9286373541308848,1.4635207830836956,0.0
10.0865,10.32259,61.46858,4731.96879,1.47407,46.45964,3.8238057718704335,1.4244682604067433,0.0
10.13002,10.36912,61.64902,4729.49276,1.43981,46.46979,3.724082857508287,1.3873188509390517,0.0
10.17351,10.41564,61.82502,4727.07994,1.40369,46.47999,3.6293259081378193,1.352019394093163,0.0
10.21697,10.46215,61.99635,4724.72808,1.36582,46.49023,3.539390997565661,1.3185162735751215,0.0
10.2604,10.50865,62.1628,4722.43493,1.32627,46.50052,3.454134235996768,1.2867558866503042,0.0
10.3038,10.55514,62.3242,4720.19833,1.28514,46.51087,3.373412861570308,1.2566850507692613,0.0
10.34717,10.60162,62.48034,4718.01618,1.2425,46.52126,3.2970861795258557,1.228251353431832,0.0
10.39052,10.6481,62.63106,4715.88643,1.19843,46.5317,3.225016364166549,1.2014034509395226,0.0
10.43383,10.69457,62.77618,4713.80709,1.15301,46.54219,3.157069138046044,1.1760913214105184,0.0
10.47712,10.74103,62.91557,4711.77622,1.10631,46.55273,3.093114341948512,1.1522664771122273,0.0
10.52038,10.78749,63.04906,4709.79193,1.05841,46.56332,3.0330264083565974,1.1298821408405546,0.0
10.56362,10.83394,63.17652,4707.8524,1.00938,46.57395,2.976684750122012,1.108893390709924,0.0
10.60683,10.88039,63.29782,4705.95583,0.95928,46.58464,2.923974075164038,1.089257277386751,0.0
10.65001,10.92683,63.41284,4704.10049,0.90818,46.59538,2.874784637050669,1.0709329174375113,0.0
10.69316,10.97328,63.52146,4702.28468,0.85615,46.60617,2.829012430459989,1.0538815661432452,0.0
10.7363,11.01971,63.62359,4700.50675,0.80324,46.61702,2.786559339625227,1.0380666727992505,0.0
10.7794,11.06615,63.71911,4698.76508,0.74951,46.62791,2.7473332470865732,1.0234539212279912,0.0
10.82248,11.11258,63.80795,4697.05808,0.69503,46.63885,2.711248109277529,1.0100112579370042,0.0
10.86554,11.15902,63.89002,4695.38422,0.63986,46.64985,2.6782240047909984,0.9977089100992875,0.0
10.90858,11.20545,63.96523,4693.74196,0.58404,46.66089,2.6481871604915757,0.9865193952808144,0.0
10.95159,11.25188,64.03353,4692.12981,0.52764,46.67199,2.621069960041696,0.9764175246167492,0.0
10.99457,11.29831,64.09484,4690.54629,0.4707,46.68314,2.596810938847137,0.967380400928513,0.0
11.03753,11.34473,64.14911,4688.98996,0.41328,46.69434,2.575354768925913,0.9593874130870499,0.0
11.08047,11.39116,64.19629,4687.45937,0.35543,46.7056,2.5566522367234144,0.952420227748381,0.0
11.12339,11.43759,64.23633,4685.9531,0.29721,46.7169,2.5406602164873577,0.9464627794350733,0.0
11.16629,11.48402,64.2692,4684.46973,0.23865,46.72826,2.527341641407415,0.9415012597849935,0.0
11.20916,11.53045,64.29486,4683.00785,0.17982,46.73967,2.516665474389336,0.937524106663899,0.0
11.25201,11.57688,64.31328,4681.56607,0.12076,46.75113,2.5086066799808897,0.9345219937071105,0.0
11.29483,11.62332,64.32445,4680.14296,0.06151,46.76265,2.503146198681839,0.9324878207493041,0.0
11.33764,11.66975,64.32835,4678.73714,0.00213,46.77421,2.500270924576681,0.9314167054921179,0.0
11.38042,11.71619,64.32497,4677.34717,-0.05734,46.78583,2.4999736869625675,0.9313059766600683,0.0
11.42318,11.76263,64.31431,4675.97164,-0.11685,46.7975,2.5022532363818946,0.9321551687973227,0.0
11.46592,11.80907,64.29637,4674.60911,-0.17635,46.80923,2.507114235238561,0.9339660187720085,0.0
11.50864,11.85552,64.27115,4673.25813,-0.23579,46.821,2.5145672529114047,0.93674246395584,0.0
11.55134,11.90196,64.23868,4671.91722,-0.29512,46.83283,2.524628765046922,0.9404906419606373,0.0
11.59401,11.94841,64.19896,4670.58488,-0.35431,46.84471,2.5373211564632,0.9452188917201177,0.0
11.63666,11.99486,64.15204,4669.25961,-0.41329,46.85664,2.5526727268388347,0.9509377556091682,0.0
11.67929,12.04132,64.09794,4667.93984,-0.47202,46.86863,2.57071769809391,0.9576599821934523,0.0
11.7219,12.08778,64.03669,4666.62398,-0.53044,46.88067,2.5914962220886024,0.9654005290973451,0.0
11.76449,12.13424,63.96834,4665.31043,-0.58852,46.89276,2.615054386961309,0.9741765653650514,0.0
11.80706,12.1807,63.89295,4663.99751,-0.64619,46.9049,2.6414442201045754,0.9840074725692176,0.0
11.8496,12.22717,63.81056,4662.68352,-0.7034,46.91709,2.67072368542297,0.9949148437894171,0.0
11.89213,12.27365,63.72125,4661.3667,-0.7601,46.92934,2.7029566721433254,1.0069224794436724,0.0
11.93463,12.32012,63.62508,4660.04525,-0.81624,46.94163,2.738212972019706,1.0200563787967039,0.0
11.97711,12.3666,63.52212,4658.71732,-0.87175,46.95398,2.776568241343943,1.034344725807855,0.0
12.01957,12.41308,63.41247,4657.38099,-0.92658,46.96638,2.8181039436644952,1.0498178677923622,0.0
12.062,12.45957,63.29621,4656.03427,-0.98068,46.97883,2.8629072686052983,1.0665082851792385,0.0
12.10442,12.50606,63.17344,4654.67512,-1.03397,46.99133,2.911071021595724,1.0844505504327826,0.0
12.14681,12.55255,63.04426,4653.30143,-1.0864,47.00389,2.962693478711214,1.1036812739768953,0.0
12.18918,12.59905,62.90879,4651.91102,-1.1379,47.01649,3.0178782001926767,1.1242390347261497,0.0
12.23152,12.64555,62.76716,4650.50161,-1.18841,47.02915,3.0767337954930505,1.1461642925594515,0.0
12.27385,12.69205,62.61948,4649.07088,-1.23786,47.04185,3.139373632015381,1.169499279817311,0.0
12.31615,12.73855,62.4659,4647.6164,-1.28617,47.05461,3.205915478938868,1.1942878686176743,0.0
12.35842,12.78506,62.30657,4646.13566,-1.33328,47.06742,3.2764810767907795,1.2205754105101343,0.0
12.40068,12.83157,62.14164,4644.62607,-1.37911,47.08027,3.3511956226485946,1.248408544700185,0.0
12.44291,12.87809,61.97127,4643.08493,-1.42357,47.09318,3.430187160139059,1.2778349708078207,0.0
12.48511,12.9246,61.79565,4641.50949,-1.4666,47.10613,3.51358586268779,1.3089031818591523,0.0
12.5273,12.97112,61.61495,4639.89685,-1.50811,47.11913,3.6015231978555216,1.3416621529796728,0.0
12.56945,13.01764,61.42937,4638.24407,-1.54802,47.13219,3.694130960072892,1.3761609810625155,0.0
12.61159,13.06415,61.23911,4636.54807,-1.58623,47.14529,3.791540158712002,1.4124484705458515,0.0
12.65369,13.11067,61.0444,4634.8057,-1.62266,47.15843,3.893879748242306,1.450572660362549,0.0
12.69577,13.1572,60.84546,4633.01372,-1.65722,47.17163,4.001275187304952,1.4905802871574512,0.0
12.73783,13.20372,60.64253,4631.16878,-1.68981,47.18487,4.11384681390964,1.532516180005455,0.0
12.77985,13.25024,60.43585,4629.26744,-1.72033,47.19816,4.231708024731598,1.5764225821517293,0.0
12.82185,13.29676,60.22569,4627.3062,-1.74869,47.2115,4.3549632477527505,1.6223383957672057,0.0
12.86382,13.34327,60.01233,4625.28146,-1.77479,47.22488,4.48370569926076,1.6702983463717072,0.0
12.90577,13.38979,59.79604,4623.18954,-1.79852,47.23831,4.61801491867622,1.720332064492213,0.0
12.94768,13.4363,59.57713,4621.0267,-1.81978,47.25178,4.757954077873681,1.7724630833141446,0.0
12.98957,13.48281,59.35591,4618.78915,-1.83847,47.26529,4.903567065656607,1.8267077525715776,0.0
13.03142,13.52932,59.1327,4616.47306,-1.85448,47.27885,5.054875353003392,1.8830740707688978,0.0
13.07325,13.57582,58.90784,4614.07454,-1.8677,47.29245,5.2118746506129074,1.9415604400285769,0.0
13.11504,13.62232,58.68168,4611.58972,-1.87803,47.3061,5.374531377250441,2.0021543504571095,0.0
13.1568,13.66881,58.45457,4609.0147,-1.88537,47.31978,5.542778965432244,2.0648310039153026,0.0
13.19852,13.7153,58.2269,4606.34563,-1.8896,47.33351,5.716514040092065,2.129551890471017,0.0
13.24021,13.76177,57.99904,4603.57867,-1.89063,47.34728,5.895592515974018,2.1962633345753226,0.0
13.28187,13.80824,57.77139,4600.71007,-1.88836,47.36109,6.079825670437015,2.2648950320788233,0.0
13.32349,13.8547,57.54436,4597.73617,-1.88269,47.37493,6.268976260050472,2.3353586035613767,0.0
13.36508,13.90115,57.31838,4594.65343,-1.87354,47.38882,6.4627547613737555,2.407546193923525,0.0
13.40662,13.94758,57.09386,4591.45847,-1.86081,47.40274,6.660815828438565,2.481329152705479,0.0
13.44813,13.99401,56.87125,4588.1481,-1.84443,47.4167,6.862755071097167,2.556556833937061,0.0
13.4896,14.04042,56.65098,4584.71935,-1.82452,47.43752,7.068116971074004,2.63305954507522,2.999999948825517
13.53102,14.08683,56.43349,4581.16954,-1.80082,47.4586,7.276383364343291,2.710644256386635,2.999999948825517
13.57239,14.13322,56.21924,4577.49624,-1.77329,47.47992,7.48696077778774,2.7890898835198974,2.999999948825517
13.61372,14.1796,56.0087,4573.69737,-1.74189,47.50148,7.699189394550477,2.868150627334997,2.999999948825517
13.65499,14.22597,55.80232,4569.77121,-1.70659,47.5233,7.912343306648991,2.9475560680086583,2.999999948825517
13.69621,14.27233,55.60057,4565.7165,-1.66738,47.54536,8.125631801496443,3.0270116442973842,2.999999948825517
13.73738,14.31867,55.40393,4561.53238,-1.62425,47.56768,8.338201846958064,3.106199579286347,2.999999948825517
13.7785,14.36499,55.21284,4557.21854,-1.57723,47.59024,8.549141876355334,3.1847802904030353,2.999999948825517
13.81956,14.4113,55.02778,4552.77516,-1.52635,47.61304,8.757486951890618,3.2623943129287887,2.999999948825517
13.86057,14.45759,54.84918,4548.20301,-1.47165,47.63609,8.962225355553931,3.3386647552849857,2.999999948825517
13.90151,14.50386,54.67749,4543.50342,-1.41323,47.65937,9.162306620880074,3.4132002910739008,2.999999948825517
13.9424,14.5501,54.51315,4538.67839,-1.35116,47.68289,9.356650977604383,3.4855986774614833,2.999999948825517
13.98323,14.59633,54.35656,4533.73049,-1.28555,47.70663,9.544160135381201,3.555450772396217,2.999999948825517
14.024,14.64254,54.20813,4528.663,-1.21655,47.73059,9.723729283719624,3.6223450049009283,2.999999948825517
14.0647,14.68872,54.06824,4523.4798,-1.14431,47.75476,9.894260135123243,3.6858722339855188,2.999999948825517
14.10534,14.73487,53.93724,4518.18544,-1.069,47.77912,10.054674789219009,3.745630913399763,2.999999948825517
14.14591,14.781,53.81547,4512.78513,-0.99081,47.80368,10.203930150020657,3.8012324624432723,2.999999948825517
14.18642,14.8271,53.70323,4507.28468,-0.90997,47.82841,10.341032588865124,3.8523067282951087,2.999999948825517
14.22686,14.87317,53.60081,4501.69049,-0.82671,47.85331,10.465052514644894,3.898507413808711,2.999999948825517
14.26723,14.91921,53.50845,4496.00953,-0.74127,47.87836,10.575138492848689,3.9395173372260364,2.999999948825517
14.30753,14.96522,53.42638,4490.2493,-0.65393,47.90354,10.670530547709077,3.975053387577552,2.999999948825517
14.34776,15.0112,53.35477,4484.41773,-0.56497,47.92885,10.75057228846795,4.004871042035181,2.999999948825517
14.38792,15.05715,53.29377,4478.52319,-0.47469,47.95426,10.814721522253036,4.02876831948805,2.999999948825517
14.42801,15.10307,53.24349,4472.5744,-0.38338,47.97975,10.862559051639861,4.046589057865792,2.999999948825517
14.46803,15.14895,53.20401,4466.58032,-0.29136,48.00533,10.893795404003582,4.058225420999172,2.999999948825517
14.50797,15.19479,53.17535,4460.55014,-0.19896,48.03095,10.908275299852908,4.063619563192037,2.999999948825517
14.54784,15.2406,53.15753,4454.49319,-0.10649,48.05662,10.905979736118345,4.062764405300995,2.999999948825517
14.58763,15.28638,53.1505,4448.41882,-0.01427,48.0823,10.887025634494723,4.055703503733767,2.999999948825517
14.62735,15.33212,53.15418,4442.3364,0.07738,48.108,10.851663080974992,4.042530022102886,2.999999948825517
14.667,15.37782,53.16845,4436.25517,0.16814,48.13368,10.800270256861586,4.023384842894057,2.999999948825517
14.70657,15.42349,53.19318,4430.18422,0.25771,48.15933,10.733346230478345,3.9984538821891884,2.999999948825517
14.74607,15.46912,53.22816,4424.13241,0.34579,48.18494,10.651501839380137,3.9679646930495727,2.999999948825517
14.78549,15.51472,53.2732,4418.10829,0.43209,48.21048,10.555448942429244,3.9321824616315433,2.999999948825517
14.82484,15.56028,53.32803,4412.12006,0.51634,48.23596,10.445988358059882,3.891405513872645,2.999999948825517
14.86412,15.6058,53.39238,4406.17553,0.59828,48.26135,10.323996828154714,3.84596045919264,2.999999948825517
14.90332,15.65128,53.46595,4400.28206,0.67768,48.28665,10.190413356250366,3.7961971011155904,2.999999948825517
14.94245,15.69674,53.5484,4394.44652,0.75431,48.31183,10.046225264589392,3.742483243154859,2.999999948825517
14.98151,15.74215,53.63938,4388.67528,0.82798,48.33689,9.892454298292384,3.6851995122515966,2.999999948825517
15.02049,15.78753,53.73853,4382.97418,0.89848,48.36182,9.730143078270132,3.624734312128083,2.999999948825517
15.05941,15.83288,53.84544,4377.34852,0.96567,48.38662,9.560342169574367,3.561479005908116,2.999999948825517
15.09825,15.87819,53.95971,4371.80306,1.0294,48.41127,9.38409799108343,3.495823412156815,2.999999948825517
15.13703,15.92347,54.08092,4366.34199,1.08954,48.43577,9.202441748038437,3.4281516819591413,2.999999948825517
15.17574,15.96871,54.20864,4360.96898,1.14599,48.46011,9.016379523224778,3.358838607624282,2.999999948825517
15.21438,16.01393,54.34243,4355.68717,1.19867,48.48429,8.82688361759801,3.2882463968409597,2.999999948825517
15.25296,16.05911,54.48184,4350.49917,1.24751,48.50831,8.634885188583103,3.216721930250203,2.999999948825517
15.29147,16.10426,54.62643,4345.40711,1.29247,48.53216,8.441268195425273,3.14459450592922,2.999999948825517
15.32991,16.14939,54.77574,4340.41265,1.3335,48.55585,8.246864626985625,3.0721740616197195,2.999999948825517
15.36829,16.19448,54.92931,4335.517,1.37061,48.57936,8.052450958602439,2.999749854815507,2.999999948825517
15.40661,16.23955,55.08669,4330.72096,1.40378,48.60272,7.858745761633058,2.9275895722539405,2.999999948825517
15.44487,16.28459,55.24744,4326.02494,1.43304,48.6259,7.666408371815071,2.85593883384544,2.999999948825517
15.48307,16.3296,55.41111,4321.42899,1.4584,48.64892,7.476038510483156,2.7850210515667913,2.999999948825517
15.52121,16.3746,55.57725,4316.93284,1.47992,48.67178,7.288176745491508,2.715037601166878,2.999999948825517
15.5593,16.41956,55.74544,4312.53592,1.49763,48.69448,7.10330567580753,2.6461682634590034,2.999999948825517
15.59732,16.46451,55.91524,4308.23738,1.51159,48.71703,6.921851724573023,2.5785718922833527,2.999999948825517
15.63529,16.50943,56.08625,4304.03616,1.52188,48.73943,6.744187429259723,2.5123872676502,2.999999948825517
15.67321,16.55433,56.25804,4299.93095,1.52857,48.76167,6.570634123766087,2.4477340948915245,2.999999948825517
15.71107,16.59921,56.43022,4295.92029,1.53173,48.78378,6.40146491518023,2.3847141135835286,2.999999948825517
15.74888,16.64407,56.60241,4292.00254,1.53146,48.80575,6.236907867081562,2.323412283410257,2.999999948825517
15.78664,16.68891,56.77422,4288.17592,1.52784,48.82759,6.077149310947292,2.263898017749646,2.999999948825517
15.82434,16.73374,56.94529,4284.43854,1.52096,48.8493,5.922337217276145,2.2062264395058078,2.999999948825517
15.862,16.77855,57.11527,4280.78842,1.51094,48.87088,5.772584567891962,2.1504396373808548,2.999999948825517
15.89961,16.82334,57.2838,4277.22348,1.49786,48.89236,5.62797268048147,2.09656790435269,2.999999948825517
15.93717,16.86812,57.45057,4273.7416,1.48182,48.91372,5.4885544452962085,2.0446309434316383,2.999999948825517
15.97468,16.91288,57.61525,4270.34059,1.46293,48.93498,5.3543574423042,1.99463902888146,2.999999948825517
16.01215,16.95764,57.77754,4267.01824,1.44129,48.95613,5.2253869144388885,1.9465941138328136,2.999999948825517
16.04958,17.00238,57.93714,4263.77232,1.41701,48.9772,5.101628579304366,1.90049087771743,2.999999948825517
16.08695,17.0471,58.09376,4260.60058,1.39018,48.99818,4.98305126741337,1.8563177090811862,2.999999948825517
16.12429,17.09182,58.24715,4257.50075,1.36091,49.01907,4.869609380049342,1.81405762120239,2.999999948825517
16.16158,17.13653,58.39703,4254.4706,1.32931,49.03989,4.761245163985444,1.7736890994844638,2.999999948825517
16.19883,17.18122,58.54316,4251.50786,1.29547,49.06064,4.657890803783397,1.7351868808923188,2.999999948825517
16.23604,17.22591,58.68531,4248.61033,1.25948,49.08133,4.559470335163027,1.698522666732849,2.999999948825517
16.27321,17.27059,58.82324,4245.77579,1.22146,49.10195,4.465901385160017,1.663665770909483,2.999999948825517
16.31033,17.31527,58.95676,4243.00205,1.1815,49.12252,4.377096746451382,1.6305837063998463,2.999999948825517
16.34742,17.35993,59.08564,4240.28696,1.13968,49.14304,4.292965794459491,1.5992427131642948,2.999999948825517
16.38447,17.40459,59.20971,4237.62838,1.09611,49.16352,4.2134157566875805,1.5696082310067938,2.999999948825517
16.42148,17.44925,59.32878,4235.02421,1.05088,49.18395,4.138352844238415,1.5416453210953887,2.999999948825517
16.45845,17.4939,59.44267,4232.47237,1.00407,49.20435,4.067683255708849,1.5153190399393428,2.999999948825517
16.49539,17.53854,59.55123,4229.97083,0.95578,49.22473,4.00131406367129,1.4905947696268111,2.999999948825517
16.53228,17.58318,59.6543,4227.51757,0.90608,49.24507,3.9391539937811477,1.4674385080628611,2.999999948825517
16.56915,17.62782,59.75174,4225.11059,0.85508,49.2654,3.881114106254918,1.4458171228379915,2.999999948825517
16.60597,17.67245,59.84341,4222.74795,0.80284,49.28571,3.827108389060851,1.4256985722072617,2.999999948825517
16.64276,17.71708,59.9292,4220.42772,0.74945,49.30601,3.777054271658805,1.4070520964719082,2.999999948825517
16.67952,17.76171,60.00899,4218.14796,0.69509,49.3223,3.730870017724253,1.389847246700432,0.0
16.71624,17.80634,60.08268,4215.9068,0.63974,49.33863,3.6884783449645213,1.3740552332053926,0.0
16.75293,17.85095,60.15018,4213.70236,0.58348,49.35501,3.649809721456971,1.359650153516112,0.0
16.7896,17.89557,60.21138,4211.53282,0.52637,49.37142,3.6147994256637794,1.346607897156826,0.0
16.82623,17.94018,60.26622,4209.39634,0.46849,49.38788,3.5833877870624002,1.3349062352878591,0.0
16.86283,17.98479,60.31461,4207.2911,0.40992,49.40438,3.5555203791194936,1.3245248925934943,0.0
16.89939,18.0294,60.3565,4205.21532,0.35073,49.42092,3.5311481785156356,1.3154456065973648,0.0
16.93593,18.07401,60.39182,4203.1672,0.29099,49.4375,3.5102276948396476,1.3076521759770054,0.0
16.97244,18.11861,60.42053,4201.14495,0.23077,49.45413,3.4927210744468384,1.301130499253779,0.0
17.00892,18.16321,60.44257,4199.14678,0.17015,49.4708,3.478596181651038,1.2958686050390464,0.0
17.04537,18.20781,60.45793,4197.1709,0.10918,49.48751,3.4678266599222494,1.2918566748319025,0.0
17.08179,18.25241,60.46656,4195.21552,0.04794,49.50426,3.460391975295699,1.2890870591901864,0.0
17.11818,18.29701,60.46845,4193.27885,-0.0135,49.52106,3.4562774437082586,1.2875542879140236,0.0
17.15454,18.34161,60.46359,4191.35907,-0.07508,49.5379,3.4554742435599897,1.2872550747253255,0.0
17.19088,18.3862,60.45197,4189.45435,-0.13672,49.55478,3.457979414327817,1.2881883167513508,0.0
17.22718,18.4308,60.4336,4187.56287,-0.19836,49.57171,3.463795841649395,1.2903550889680524,0.0
17.26345,18.4754,60.40849,4185.68275,-0.25992,49.58868,3.4729322288667213,1.2937586335993219,0.0
17.2997,18.52,60.37664,4183.81211,-0.32135,49.60569,3.4854030545894137,1.2984043443081974,0.0
17.33591,18.56459,60.3381,4181.94904,-0.38257,49.62274,3.5012285154133433,1.304299744858046,0.0
17.3721,18.60919,60.29289,4180.09159,-0.44351,49.63984,3.520434452521958,1.3114544617696235,0.0
17.40826,18.65379,60.24105,4178.2378,-0.5041,49.65698,3.543052260446634,1.3198801903319077,0.0
17.44439,18.69839,60.18262,4176.38564,-0.56428,49.67416,3.5691187758368685,1.329590653166068,0.0
17.48049,18.74299,60.11767,4174.53307,-0.62396,49.69139,3.5986761436447914,1.340601550375671,0.0
17.51657,18.78758,60.04626,4172.67798,-0.68308,49.70865,3.631771657662035,1.3529305001424765,0.0
17.55261,18.83218,59.96846,4170.81824,-0.74156,49.72596,3.668457571903021,1.3665969684617407,0.0
17.58862,18.87678,59.88435,4168.95166,-0.79933,49.74331,3.7087908788243733,1.381622186523119,0.0
17.62461,18.92138,59.79402,4167.07599,-0.85631,49.76071,3.752833049919464,1.3980290540753046,0.0
17.66057,18.96598,59.69756,4165.18893,-0.91243,49.77814,3.8006497337283514,1.4158420269267855,0.0
17.69649,19.01058,59.59507,4163.28813,-0.9676,49.79562,3.8523104058076107,1.435086986550399,0.0
17.73239,19.05519,59.48668,4161.37117,-1.02175,49.81314,3.9078879647576077,1.4557910895928579,0.0
17.76826,19.09979,59.3725,4159.43558,-1.07479,49.8307,3.96745826791862,1.4779825949093433,0.0
17.8041,19.14439,59.25266,4157.47882,-1.12665,49.8483,4.031099599932853,1.5016906655888687,0.0
17.8399,19.18899,59.12731,4155.49827,-1.17723,49.86594,4.098892066963674,1.5269451432850094,0.0
17.87568,19.23358,58.99659,4153.49126,-1.22645,49.88362,4.170916909050057,1.5537762920498366,0.0
17.91143,19.27818,58.86066,4151.45507,-1.27423,49.90134,4.2472557228064725,1.582214508769177,0.0
17.94715,19.32278,58.71969,4149.38686,-1.32046,49.9191,4.32798958652508,1.6122899972401574,0.0
17.98283,19.36737,58.57386,4147.28378,-1.36506,49.9369,4.413198079735968,1.6440324029316007,0.0
18.01849,19.41197,58.42336,4145.14286,-1.40794,49.95474,4.502958189392262,1.6774704055091947,0.0
18.05411,19.45656,58.26838,4142.96112,-1.449,49.97262,4.597343095213142,1.7126312663438064,0.0
18.0897,19.50114,58.10914,4140.73546,-1.48814,49.99054,4.696420827265695,1.7495403284254063,0.0
18.12526,19.54573,57.94585,4138.46276,-1.52527,50.00849,4.80025278973453,1.7882204664284016,0.0
18.16079,19.59031,57.77874,4136.13982,-1.56029,50.02648,4.908892146004309,1.828691485112393,0.0
18.19628,19.63489,57.60806,4133.7634,-1.59309,50.04451,5.022382061720822,1.870969464816192,0.0
18.23174,19.67946,57.43406,4131.33022,-1.62357,50.06258,5.140753804471586,1.9150660535388502,0.0
18.26717,19.72403,57.257,4128.83693,-1.65164,50.08068,5.264024701156065,1.9609877060063143,0.0
18.30256,19.76859,57.07714,4126.28019,-1.67719,50.09881,5.392195957073262,2.0087348712241773,0.0
18.33791,19.81314,56.89478,4123.6566,-1.70011,50.11698,5.525250344220659,2.0583011313082062,0.0
18.37323,19.85769,56.71022,4120.96277,-1.72031,50.13518,5.663149770389499,2.109672295908371,0.0
18.40852,19.90223,56.52375,4118.19532,-1.73768,50.15342,5.805832745263023,2.162825458263772,0.0
18.44376,19.94677,56.33569,4115.35086,-1.75213,50.17169,5.953211764953456,2.2177280208738464,0.0
18.47897,19.99129,56.14637,4112.42606,-1.76355,50.18999,6.105170642196103,2.2743367009254256,0.0
18.51415,20.0358,55.95612,4109.41762,-1.77185,50.20833,6.2615618156632555,2.332596527941366,0.0
18.54928,20.0803,55.7653,4106.32231,-1.77694,50.22669,6.422203678494127,2.392439848587659,0.0
18.58437,20.12479,55.57425,4103.13699,-1.77872,50.24508,6.586877973094592,2.453785356167791,0.0
18.61943,20.16927,55.38334,4099.85863,-1.77712,50.2635,6.755327306198039,2.5165371649175254,0.0
18.65444,20.21374,55.19295,4096.48435,-1.77206,50.28195,6.927252845050318,2.5805839517731775,0.0
18.68941,20.25818,55.00344,4093.0114,-1.76346,50.30043,7.10231226200908,2.6457981906807904,0.0
18.72434,20.30262,54.81521,4089.43725,-1.75125,50.31894,7.280118000563796,2.7120355066429656,0.0
18.75923,20.34704,54.62865,4085.75955,-1.73539,50.33747,7.46023594033396,2.779134178395571,0.0
18.79407,20.39143,54.44415,4081.97623,-1.71582,50.35602,7.642184541777227,2.8469148197890153,0.0
18.82886,20.43582,54.26211,4078.08545,-1.69251,50.3746,7.825434552492671,2.9151802703784835,0.0
18.86361,20.48018,54.08294,4074.0857,-1.66543,50.3932,8.009409355922074,2.983715725324346,0.0
18.89832,20.52451,53.90703,4069.97579,-1.63457,50.41182,8.193486039401945,3.0522891332696336,0.0
18.93297,20.56883,53.73479,4065.75489,-1.59992,50.43046,8.376997251592144,3.120651888281072,0.0
18.96758,20.61313,53.56661,4061.42255,-1.5615,50.44913,8.559233909071128,3.1885398381270313,0.0
19.00214,20.65739,53.4029,4056.97875,-1.51934,50.46781,8.73944879808593,3.255674626024152,0.0
19.03665,20.70164,53.24403,4052.42389,-1.47349,50.48651,8.916861100090301,3.321765376519386,0.0
19.07111,20.74585,53.09041,4047.75884,-1.424,50.50522,9.090661848987848,3.386510728456646,0.0
19.10551,20.79004,52.94239,4042.98492,-1.37095,50.52396,9.260020304130858,3.449601209086557,0.0
19.13986,20.8342,52.80034,4038.10397,-1.31445,50.54271,9.424091196796628,3.510721933569555,0.0
19.17416,20.87832,52.66461,4033.11831,-1.25459,50.56147,9.582022779609098,3.569555603597236,0.0
19.2084,20.92242,52.53553,4028.03079,-1.19153,50.58024,9.732965579513236,3.6257857681056165,0.0
19.24259,20.96648,52.41342,4022.84476,-1.1254,50.59903,9.876081726057452,3.6791002983057823,0.0
19.27672,21.01051,52.29859,4017.56404,-1.05638,50.61783,10.010554699686658,3.7291950191795413,0.0
19.31079,21.0545,52.19131,4012.193,-0.98466,50.63664,10.1355993204207,3.7757774305249567,0.0
19.3448,21.09845,52.09183,4006.73643,-0.91043,50.65546,10.250471777272326,3.818570443178432,0.0
19.37876,21.14237,52.00039,4001.19963,-0.83392,50.67429,10.35447948413398,3.8573160505918667,0.0
19.41265,21.18625,51.91719,3995.58828,-0.75535,50.69313,10.446990539870951,3.891778852966259,0.0
19.44649,21.23008,51.84242,3989.90848,-0.67499,50.71198,10.527442569599092,3.921749350860292,0.0
19.48026,21.27388,51.77623,3984.16669,-0.59308,50.73083,10.595350731426194,3.9470469279121616,0.0
19.51397,21.31764,51.71874,3978.36968,-0.5099,50.74969,10.650314688055829,3.967522447945437,0.0
19.54762,21.36135,51.67004,3972.52447,-0.42572,50.76855,10.692024365552497,3.983060400260609,0.0
19.58121,21.40502,51.6302,3966.63832,-0.34084,50.78742,10.720264351482394,3.993580538058245,0.0
19.61474,21.44865,51.59926,3960.71866,-0.25554,50.8063,10.73491682041345,3.999038968264724,0.0
19.6482,21.49224,51.5772,3954.77301,-0.17012,50.82518,10.735962914964682,3.9994286660094622,0.0
19.68159,21.53577,51.56402,3948.80898,-0.08486,50.84407,10.723482553611902,3.994779403027481,0.0
19.71493,21.57927,51.55963,3942.83414,-7e-05,50.86296,10.697652680425788,3.985157095640788,0.0
19.7482,21.62272,51.56397,3936.85605,0.08396,50.88186,10.658744014787876,3.970662593942059,0.0
19.7814,21.66612,51.5769,3930.88214,0.16697,50.90076,10.607116399415501,3.951429948811534,0.0
19.81454,21.70948,51.59828,3924.91969,0.24866,50.91966,10.543212880762137,3.9276242067103873,0.0
19.84762,21.75279,51.62794,3918.9758,0.32878,50.93857,10.467552685934614,3.8994387933975974,0.0
19.88064,21.79606,51.66567,3913.05729,0.40706,50.95748,10.380723283494412,3.8670925563695455,0.0
19.91359,21.83928,51.71126,3907.17073,0.48327,50.9764,10.283371731406781,3.8308265417434084,0.0
19.94647,21.88246,51.76445,3901.32236,0.55718,50.99532,10.176195523611758,3.790900584364018,0.0
19.9793,21.92559,51.82498,3895.51808,0.62856,51.01425,10.059933147528211,3.747589790225675,0.0
20.01206,21.96868,51.89256,3889.76341,0.69724,51.03318,9.935354558489946,3.7011809879489688,0.0
20.04475,22.01172,51.96688,3884.06349,0.76301,51.05212,9.803251764904122,3.65196922150456,0.0
20.07739,22.05472,52.04761,3878.42305,0.82572,51.07107,9.664429700270663,3.6002543498002466,0.0
20.10996,22.09768,52.13444,3872.84643,0.88522,51.09002,9.519697536775297,3.5463378107658117,0.0
20.14248,22.14059,52.227,3867.33752,0.94138,51.10899,9.369860570846598,3.4905195985095236,0.0
20.17493,22.18347,52.32493,3861.89982,0.99409,51.12796,9.215712785163642,3.433095492470283,0.0
20.20733,22.2263,52.42788,3856.5364,1.04325,51.14693,9.058030165299343,3.374354567691406,0.0
20.23966,22.26909,52.53546,3851.24995,1.08878,51.16592,8.897564823428848,3.314577005747399,0.0
20.27194,22.31184,52.64729,3846.04273,1.13063,51.18492,8.735039957198188,3.254032216789883,0.0
20.30416,22.35456,52.763,3840.91664,1.16873,51.20393,8.571145649581013,3.1929772748837184,0.0
20.33632,22.39723,52.88219,3835.87321,1.20308,51.22295,8.406535495965786,3.1316556615082387,0.0
20.36842,22.43987,53.00448,3830.91363,1.23363,51.24198,8.241824027932145,3.070296305846156,0.0
20.40047,22.48248,53.12949,3826.03875,1.2604,51.26103,8.077584889542504,3.009112905404204,0.0
20.43247,22.52505,53.25683,3821.24911,1.28339,51.28009,7.914349711317157,2.9483035065392342,0.0
20.46441,22.56758,53.38612,3816.54497,1.30262,51.29916,7.752607619428665,2.888050321620208,0.0
20.4963,22.61008,53.51699,3811.9263,1.31813,51.31825,7.59280531269811,2.8285197577113332,0.0
20.52814,22.65255,53.64907,3807.39286,1.32995,51.33735,7.435347637472852,2.7698626307291496,0.0
20.55992,22.69499,53.78198,3802.94414,1.33814,51.35647,7.280598590144712,2.7122145389069297,0.0
20.59166,22.7374,53.91538,3798.57947,1.34275,51.37561,7.128882678493058,2.655696369930805,0.0
20.62334,22.77978,54.0489,3794.29794,1.34385,51.39477,6.980486575909819,2.6004149171820985,0.0
20.65497,22.82214,54.18222,3790.09853,1.34152,51.41394,6.835661006597849,2.5464635820233243,0.0
20.68656,22.86446,54.31499,3785.98002,1.33582,51.43314,6.694622804610225,2.4939231408445006,0.0
20.7181,22.90676,54.4469,3781.94108,1.32685,51.45235,6.557557094955349,2.4428625575821887,0.0
20.74959,22.94903,54.57761,3777.98028,1.3147,51.47159,6.424619550617209,2.393339824518928,0.0
20.78103,22.99128,54.70684,3774.09605,1.29944,51.49084,6.295938685029359,2.3454028162901093,0.0
20.81243,23.03351,54.83428,3770.28677,1.28118,51.51012,6.171618145195908,2.299090144131879,0.0
20.84379,23.07571,54.95964,3766.55071,1.26002,51.52942,6.051738976019814,2.25443199940301,0.0
20.8751,23.11789,55.08266,3762.88609,1.23605,51.54875,5.936361831548373,2.2114509773320226,0.0
20.90636,23.16005,55.20307,3759.2911,1.20937,51.5681,5.825529113492029,2.170162873671714,0.0
20.93759,23.2022,55.32061,3755.76384,1.18008,51.58747,5.719267021709872,2.1305774485589555,0.0
20.96877,23.24432,55.43504,3752.3024,1.14829,51.60687,5.617587505160245,2.092699153295126,0.0
20.9999,23.28642,55.54612,3748.90485,1.1141,51.62629,5.520490105195787,2.0565278170220145,0.0
21.031,23.3285,55.65364,3745.56921,1.07762,51.64574,5.427963686023659,2.0220592913637896,0.0
21.06206,23.37057,55.75738,3742.29352,1.03893,51.66521,5.339988049632904,1.9892860520299265,0.0
21.09307,23.41262,55.85714,3739.07576,0.99816,51.68471,5.256535434609884,1.9581977571633995,0.0
21.12405,23.45465,55.95273,3735.91394,0.95539,51.70424,5.177571899979655,1.9287817628580013,0.0
21.15498,23.49667,56.04396,3732.80605,0.91073,51.7238,5.103058596590303,1.9010235967824611,0.0
21.18588,23.53868,56.13067,3729.75007,0.86429,51.74338,5.032952929666919,1.8749073912623886,0.0
21.21674,23.58067,56.21269,3726.74401,0.81615,51.76299,4.967209616958238,1.8504162774677402,0.0
21.24756,23.62265,56.28987,3723.78583,0.76643,51.78264,4.905781647492619,1.8275327425746468,0.0
21.27834,23.66461,56.36207,3720.87354,0.71522,51.80231,4.848621146349387,1.8062389519154918,0.0
21.30909,23.70656,56.42916,3718.00513,0.66261,51.82201,4.79568015104621,1.786517038203638,0.0
21.3398,23.7485,56.49102,3715.17859,0.60871,51.84173,4.746911305230139,1.7683493599515905,0.0
21.37047,23.79043,56.54754,3712.39192,0.5536,51.86149,4.702268475289199,1.7517187311750413,0.0
21.4011,23.83235,56.5986,3709.64311,0.49739,51.88128,4.661707295359726,1.736608624422438,0.0
21.4317,23.87425,56.64412,3706.93017,0.44017,51.9011,4.625185645965647,1.723003349080715,0.0
21.46227,23.91615,56.684,3704.25109,0.38202,51.92095,4.592664071233892,1.7108882067990052,0.0
21.4928,23.95804,56.71819,3701.60386,0.32306,51.94083,4.564106139296666,1.7002496257479771,0.0
21.52329,23.99991,56.7466,3698.98648,0.26335,51.96075,4.539478750073429,1.6910752752767122,0.0
21.55375,24.04178,56.76917,3696.39693,0.203,51.98069,4.518752394261344,1.6833541623934682,0.0
21.58417,24.08364,56.78587,3693.8332,0.1421,52.00066,4.501901366889384,1.6770767113201988,0.0
21.61456,24.12549,56.79665,3691.29325,0.08074,52.02067,4.4889039383817835,1.672234827218192,0.0
21.64492,24.16733,56.80147,3688.77503,0.019,52.04071,4.4797424855828885,1.6688219449982729,0.0
21.67524,24.20916,56.80031,3686.2765,-0.04302,52.06077,4.474403584778361,1.6668330639736515,0.0
21.70552,24.25099,56.79316,3683.79557,-0.10523,52.08087,4.472878068254842,1.6662647689298855,0.0
21.73577,24.29281,56.78001,3681.33016,-0.16755,52.10101,4.475161045489717,1.6671152380186225,0.0
21.76599,24.33461,56.76086,3678.87815,-0.22989,52.12117,4.481251889618793,1.6693842377164572,0.0
21.79618,24.37642,56.73573,3676.43742,-0.29215,52.14136,4.491154189345694,1.6730731049099141,0.0
21.82633,24.41821,56.70463,3674.00579,-0.35425,52.16159,4.504875666045197,1.6781847160142593,0.0
21.85645,24.46,56.6676,3671.58108,-0.41609,52.18185,4.522428055335787,1.6847234428561622,0.0
21.88653,24.50178,56.62466,3669.16107,-0.4776,52.20214,4.543826952004539,1.6926950949041293,0.0
21.91658,24.54355,56.57586,3666.7435,-0.53866,52.22246,4.569091616700245,1.7021068472566154,0.0
21.9466,24.58532,56.52126,3664.32609,-0.5992,52.24281,4.598244742457978,1.7129671536662745,0.0
21.97658,24.62707,56.46092,3661.90651,-0.65912,52.26319,4.631312178682101,1.7252856437163715,0.0
22.00653,24.66882,56.39491,3659.48241,-0.71834,52.2836,4.668322609873666,1.7390730031382813,0.0
22.03644,24.71057,56.32331,3657.05138,-0.77674,52.30405,4.709307186040284,1.7543408361294461,0.0
22.06633,24.7523,56.24621,3654.61097,-0.83425,52.32452,4.7542991014272316,1.7711015084196244,0.0
22.09617,24.79403,56.16371,3652.1587,-0.89077,52.34503,4.803333117932069,1.7893679697302978,0.0
22.12599,24.83575,56.07592,3649.69204,-0.94619,52.36556,4.856445029355831,1.8091535541941437,0.0
22.15577,24.87746,55.98295,3647.20841,-1.00043,52.38613,4.913671062502735,1.8304717572489173,0.0
22.18551,24.91916,55.88492,3644.7052,-1.05338,52.40672,4.975047211043404,1.8533359874839763,0.0
22.21522,24.96086,55.78198,3642.17973,-1.10495,52.42735,5.040608498091677,1.8777592919307384,0.0
22.2449,25.00255,55.67427,3639.6293,-1.15503,52.448,5.110388163550583,1.9037540533276784,0.0
22.27454,25.04422,55.56193,3637.05115,-1.20353,52.46868,5.184416772523596,1.9313316579800548,0.0
22.30415,25.08589,55.44515,3634.44249,-1.25034,52.48939,5.262721241500638,1.9605021329885803,0.0
22.33372,25.12755,55.32407,3631.80049,-1.29537,52.51013,5.345323779546042,1.9912737518140742,0.0
22.36325,25.1692,55.1989,3629.12228,-1.3385,52.53089,5.432240742488027,2.0236526074328944,0.0
22.39275,25.21084,55.06982,3626.40495,-1.37964,52.55168,5.52348139905022,2.0576421526884685,0.0
22.42222,25.25246,54.93703,3623.64557,-1.41867,52.5725,5.619046609041759,2.0932427078823235,0.0
22.45165,25.29408,54.80075,3620.84119,-1.45551,52.59335,5.7189274151943845,2.1304509361963513,0.0
22.48104,25.33568,54.66119,3617.98883,-1.49004,52.61421,5.823103551901301,2.1692592881588015,0.0
22.51039,25.37728,54.51859,3615.08549,-1.52216,52.63511,5.931541876177695,2.2096554171357865,0.0
22.5397,25.41885,54.37318,3612.12821,-1.55177,52.65603,6.0441947283994555,2.2516215686633245,0.0
22.56898,25.46042,54.22522,3609.11398,-1.57877,52.67697,6.160998233042846,2.295133947428158,0.0
22.59822,25.50197,54.07496,3606.03984,-1.60306,52.69793,6.281870552511356,2.3401620667723093,0.0
22.62742,25.54351,53.92268,3602.90284,-1.62453,52.71892,6.4067101103362445,2.3866680867885353,0.0
22.65658,25.58503,53.76863,3599.70009,-1.6431,52.73993,6.535393803469613,2.4346061483524566,0.0
22.6857,25.62653,53.61312,3596.42872,-1.65867,52.76096,6.667775227008411,2.4839217117855434,0.0
22.71479,25.66802,53.45644,3593.08595,-1.67115,52.78201,6.803682938474896,2.534550910253913,0.0
22.74383,25.70949,53.29887,3589.66908,-1.68046,52.80308,6.942918792583416,2.5864199294251438,0.0
22.77283,25.75094,53.14073,3586.17548,-1.68651,52.82417,7.085256381219957,2.6394444263196104,0.0
22.80178,25.79237,52.98234,3582.60268,-1.68924,52.84528,7.230439616884719,2.693529001605567,0.0
22.8307,25.83378,52.82401,3578.94829,-1.68857,52.8664,7.378181501169649,2.748566740824635,0.0
22.85957,25.87517,52.66607,3575.21013,-1.68443,52.88754,7.528163122544574,2.8044388410407546,0.0
22.88839,25.91654,52.50885,3571.38614,-1.67679,52.9087,7.6800329297884,2.8610143401742,0.0
22.91718,25.95788,52.35267,3567.47449,-1.66558,52.92987,7.833406328568522,2.91814996671679,0.0
22.94592,25.9992,52.19789,3563.47355,-1.65078,52.95106,7.987865648784339,2.9756901275664895,0.0
22.97461,26.04049,52.04482,3559.38192,-1.63235,52.97225,8.142960529000886,3.033467051239051,0.0
23.00325,26.08176,51.89382,3555.19845,-1.61029,52.99346,8.298208761663965,3.0913011027328907,0.0
23.03185,26.123,51.74522,3550.92229,-1.58458,53.01468,8.453097638447938,3.149001284706541,0.0
23.0604,26.16421,51.59935,3546.55287,-1.55524,53.03591,8.60708582892716,3.2063659373331896,0.0
23.08891,26.2054,51.45656,3542.08991,-1.52229,53.05715,8.759605817916675,3.2631836462742156,0.0
23.11736,26.24655,51.31717,3537.53351,-1.48576,53.0784,8.910066917002611,3.319234364553505,0.0
23.14576,26.28767,51.1815,3532.88408,-1.4457,53.09965,9.057858854317358,3.374290749843153,0.0
23.17411,26.32876,51.04987,3528.1424,-1.40218,53.12092,9.20235593349499,3.4281197137837913,0.0
23.20242,26.36981,50.9226,3523.30962,-1.35527,53.14218,9.342921738315948,3.480484174588514,0.0
23.23066,26.41083,50.79997,3518.38728,-1.30508,53.16345,9.478914344208606,3.5311449984643404,0.0
23.25886,26.45181,50.68229,3513.37728,-1.25172,53.18473,9.60969198185274,3.5798631094535187,0.0
23.287,26.49275,50.56982,3508.28193,-1.1953,53.20601,9.734619082298876,3.6264017413995435,0.0
23.31509,26.53366,50.46282,3503.10392,-1.13598,53.22729,9.853072617780716,3.6705288000666236,0.0
23.34313,26.57453,50.36154,3497.84632,-1.07392,53.24857,9.964448638443752,3.7120192982430766,0.0
23.37111,26.61535,50.26622,3492.51257,-1.00928,53.26985,10.068168893188053,3.750657822179477,0.0
23.39903,26.65614,50.17706,3487.10648,-0.94225,53.29113,10.16368741336845,3.7862409841901976,0.0
23.4269,26.69688,50.09425,3481.63218,-0.87304,53.31241,10.250496931711991,3.8185798138690603,0.0
23.45471,26.73758,50.01796,3476.09416,-0.80186,53.33368,10.328135006077964,3.8475020393510646,0.0
23.48246,26.77824,49.94836,3470.49718,-0.72893,53.35496,10.39618971887905,3.872854210496731,0.0
23.51015,26.81885,49.88555,3464.84629,-0.65449,53.37623,10.454304828247633,3.894503617837083,0.0
23.53779,26.85941,49.82965,3459.14677,-0.57878,53.3975,10.5021842564494,3.9123399646258163,0.0
23.56536,26.89993,49.78075,3453.40411,-0.50207,53.41876,10.539595814368495,3.9262767543080104,0.0
23.59288,26.9404,49.73889,3447.62401,-0.4246,53.44002,10.566374077746621,3.9362523619948764,0.0
23.62034,26.98082,49.70411,3441.81226,-0.34664,53.46127,10.582422350661895,3.9422307659112894,0.0
23.64774,27.0212,49.67642,3435.97478,-0.26846,53.48252,10.587713673868208,3.9442019230287344,0.0
23.67507,27.06153,49.6558,3430.11756,-0.19032,53.50376,10.582290859118842,3.9421817818517524,0.0
23.70235,27.1018,49.64222,3424.24659,-0.11249,53.52499,10.566265554715438,3.9362119343103483,0.0
23.72957,27.14203,49.6356,3418.36787,-0.03524,53.54622,10.539816371194867,3.926358917529034,0.0
23.75673,27.18221,49.63588,3412.48733,0.04118,53.56745,10.503186118557442,3.9127131846216407,0.0
23.78382,27.22234,49.64292,3406.61082,0.11651,53.58867,10.456678226814919,3.8953877712512717,0.0
23.81086,27.26241,49.65661,3400.74408,0.1905,53.60988,10.400652439226972,3.8745166912475715,0.0
23.83784,27.30244,49.67679,3394.89268,0.26292,53.63108,10.335519881894037,3.8502530999003284,0.0
23.86475,27.34242,49.70329,3389.062,0.33353,53.65228,10.261737623965526,3.8227672674939157,0.0
23.89161,27.38235,49.73591,3383.25723,0.40212,53.67347,10.179802849353317,3.7922444081172,0.0
23.91841,27.42223,49.77445,3377.48332,0.46848,53.69466,10.090246763684494,3.7588824098431357,0.0
23.94514,27.46205,49.81868,3371.74497,0.53242,53.71584,9.993628359145546,3.7228895119691536,0.0
23.97182,27.50183,49.86836,3366.04659,0.59375,53.73702,9.89052815545478,3.684481973364721,0.0
23.99844,27.54156,49.92323,3360.39232,0.65231,53.75819,9.781542027696261,3.6438817731770676,0.0
24.025,27.58125,49.98304,3354.786,0.70795,53.77936,9.667275221707023,3.601314381405465,0.0
24.0515,27.62088,50.04749,3349.23117,0.76054,53.80052,9.548336645725044,3.5570066323898994,0.0
24.07794,27.66047,50.11631,3343.73106,0.80995,53.82168,9.42533351368603,3.5111847292981837,0.0
24.10433,27.70001,50.18919,3338.28859,0.85608,53.84284,9.298866401370889,3.4640724024108014,0.0
24.13066,27.7395,50.26584,3332.90638,0.89883,53.864,9.16952476228111,3.4158892386665167,0.0
24.15694,27.77895,50.34594,3327.58674,0.93814,53.88515,9.037882935964547,3.366849194658687,0.0
24.18316,27.81836,50.42918,3322.33167,0.97393,53.9063,8.904496668112916,3.317159300280024,0.0
24.20932,27.85772,50.51525,3317.1429,1.00616,53.92746,8.769900149274541,3.2670185555651807,0.0
24.23543,27.89703,50.60382,3312.02186,1.0348,53.94861,8.634603567939166,3.216617019150451,0.0
24.26149,27.93631,50.69458,3306.96973,1.05983,53.96976,8.499091164011206,3.166135083141349,0.0
24.28749,27.97554,50.78722,3301.98741,1.08123,53.99092,8.363819760545951,3.115742926145708,0.0
24.31344,28.01473,50.8814,3297.07556,1.09901,54.01208,8.229217745076454,3.065600133791146,0.0
24.33933,28.05388,50.97683,3292.23461,1.11318,54.03324,8.095684466783746,3.015855474155105,0.0
24.36518,28.09299,51.07318,3287.46476,1.12377,54.0544,7.963590012232418,2.96664681422046,0.0
24.39098,28.13206,51.17015,3282.76603,1.1308,54.07557,7.833275320154278,2.918101162635446,0.0
24.41672,28.1711,51.26743,3278.13822,1.13433,54.09675,7.705052594752056,2.870334823680166,0.0
24.44242,28.2101,51.36474,3273.58096,1.13441,54.11793,7.579205977014916,2.823453647349286,0.0
24.46806,28.24906,51.46177,3269.09372,1.13108,54.13911,7.455992434441059,2.7775533607971057,0.0
24.49366,28.28798,51.55824,3264.67581,1.12443,54.16031,7.335642831201678,2.7327199670017963,0.0
24.51921,28.32688,51.65387,3260.32641,1.11451,54.18151,7.218363142919404,2.6890301973023343,0.0
24.54472,28.36574,51.74839,3256.04456,1.1014,54.20272,7.104335782849803,2.6465520054359977,0.0
24.57017,28.40456,51.84154,3251.8292,1.08519,54.22394,6.993721009083828,2.6053450917583105,0.0
24.59558,28.44336,51.93307,3247.67915,1.06597,54.24516,6.886658385417283,2.5654614474553563,0.0
24.62095,28.48212,52.02272,3243.59315,1.04381,54.2664,6.783268271604915,2.5269459097026328,0.0
24.64627,28.52085,52.11026,3239.56985,1.01883,54.28765,6.683653321733758,2.4898367198485514,0.0
24.67154,28.55955,52.19545,3235.6078,0.9911,54.30891,6.587899972442619,2.4541660778153527,0.0
24.69678,28.59823,52.27808,3231.70552,0.96074,54.33018,6.496079905475253,2.4199606869386456,0.0
24.72197,28.63687,52.35794,3227.86144,0.92784,54.35147,6.408251471710881,2.3872422844562458,0.0
24.74711,28.67549,52.43483,3224.07394,0.89251,54.37276,6.324461066188512,2.3560281537409087,0.0
24.77222,28.71408,52.50854,3220.34137,0.85485,54.39408,6.244744445867855,2.326331615200949,0.0
24.79728,28.75264,52.5789,3216.66201,0.81496,54.4154,6.1691279837818,2.2981624934850333,0.0
24.8223,28.79118,52.64574,3213.03411,0.77296,54.43674,6.097629854980332,2.2715275592774984,0.0
24.84728,28.8297,52.70888,3209.4559,0.72895,54.45809,6.030261151147714,2.246430944522569,0.0
24.87221,28.86818,52.76818,3205.92554,0.68304,54.47946,5.967026922039612,2.222874530387099,0.0
24.89711,28.90665,52.82349,3202.44121,0.63533,54.50084,5.90792714297859,2.200858307678095,0.0
24.92197,28.94509,52.87467,3199.00103,0.58595,54.52224,5.852957608494957,2.180380709747442,0.0
24.94679,28.98351,52.92159,3195.6031,0.53499,54.54366,5.80211075293897,2.16143891819155,0.0
24.97157,29.0219,52.96415,3192.24552,0.48256,54.56509,5.755376399404365,2.144029141845062,0.0
24.99631,29.06028,53.00222,3188.92633,0.42878,54.58654,5.7127424387372745,2.1281468697295534,0.0
25.02101,29.09863,53.03571,3185.64358,0.37375,54.60801,5.674195440684178,2.113787098722216,0.0
25.04568,29.13696,53.06453,3182.3953,0.31758,54.62949,5.639721199386602,2.100944536766989,0.0
25.0703,29.17527,53.0886,3179.17948,0.26039,54.65099,5.609305215542959,2.0896137824925316,0.0
25.09489,29.21356,53.10785,3175.9941,0.20228,54.67251,5.582933117542363,2.07978948209565,0.0
25.11944,29.25182,53.12222,3172.83713,0.14335,54.69405,5.560591023795154,2.071466464318948,0.0
25.14395,29.29007,53.13165,3169.70652,0.08373,54.7156,5.542265848398202,2.0646398543192004,0.0
25.16843,29.3283,53.1361,3166.60018,0.02351,54.73717,5.527945552065756,2.059305167145691,0.0
25.19287,29.36651,53.13554,3163.51602,-0.03719,54.75876,5.5176193400713265,2.055458381478777,0.0
25.21727,29.4047,53.12993,3160.45191,-0.09827,54.78037,5.511277808714264,2.053095994192539,0.0
25.24164,29.44287,53.11927,3157.40571,-0.15962,54.802,5.508913041554241,2.0522150562046617,0.0
25.26597,29.48102,53.10355,3154.37526,-0.22112,54.82365,5.510518656413846,2.052813189986134,0.0
25.29026,29.51915,53.08275,3151.35836,-0.28268,54.84531,5.516089803840677,2.054888588988339,0.0
25.31452,29.55727,53.05691,3148.35281,-0.34418,54.86699,5.525623117492773,2.0584399991603237,0.0
25.33874,29.59536,53.02602,3145.35635,-0.40551,54.88869,5.539116616603358,2.063466682614345,0.0
25.36292,29.63344,52.99013,3142.36673,-0.46657,54.91041,5.556569560440184,2.069968363408153,0.0
25.38707,29.6715,52.94927,3139.38164,-0.52724,54.93215,5.577982254441198,2.077945155325418,0.0
25.41118,29.70954,52.90348,3136.39876,-0.58742,54.95391,5.603355807495173,2.0873974714563843,0.0
25.43526,29.74756,52.85283,3133.41574,-0.647,54.97568,5.632691839631935,2.098325915304789,0.0
25.4593,29.78556,52.79736,3130.4302,-0.70586,54.99747,5.66599213927536,2.1107311531055806,0.0
25.4833,29.82355,52.73716,3127.43972,-0.7639,55.01928,5.703258269082362,2.124613766989576,0.0
25.50727,29.86151,52.6723,3124.44188,-0.82101,55.04111,5.7444911193615695,2.1399740886201655,0.0
25.5312,29.89946,52.60288,3121.43421,-0.87707,55.06295,5.789690408060071,2.156812012925218,0.0
25.5551,29.93739,52.52899,3118.41421,-0.93198,55.08481,5.838854126422971,2.175126791590681,0.0
25.57896,29.9753,52.45075,3115.37936,-0.98562,55.10669,5.891977929543615,2.194916806024505,0.0
25.60278,30.01318,52.36827,3112.32712,-1.03789,55.12858,5.949054471331211,2.2161793196145823,0.0
25.62657,30.05105,52.28167,3109.25493,-1.08867,55.15049,6.010072683723678,2.2389102092165687,0.0
25.65032,30.0889,52.19109,3106.16019,-1.13785,55.17242,6.07501700045487,2.263103675986753,0.0
25.67403,30.12673,52.09667,3103.04029,-1.18532,55.19436,6.1438665262740555,2.2887519358944495,0.0
25.6977,30.16454,51.99857,3099.89263,-1.23098,55.21632,6.216594153194411,2.315844890501314,0.0
25.72134,30.20232,51.89694,3096.71457,-1.27471,55.23829,6.293165626214724,2.344369778918089,0.0
25.74494,30.24009,51.79196,3093.50347,-1.31641,55.26027,6.373538561915092,2.374310812205688,0.0
25.76851,30.27783,51.6838,3090.25669,-1.35596,55.28227,6.457661424488524,2.405648791920018,0.0
25.79203,30.31555,51.57264,3086.9716,-1.39326,55.30428,6.545472465007332,2.438360714960802,0.0
25.81552,30.35325,51.45869,3083.64559,-1.42821,55.3263,6.636898631183781,2.472419367428738,0.0
25.83897,30.39093,51.34214,3080.27604,-1.46071,55.34834,6.731854456405512,2.507792910761961,0.0
25.86238,30.42858,51.2232,3076.86037,-1.49064,55.37039,6.830240938524316,2.544444464055359,0.0
25.88575,30.4662,51.10209,3073.39605,-1.51792,55.39245,6.931944420668562,2.582331687133757,0.0
25.90908,30.50381,50.97903,3069.88057,-1.54246,55.41451,7.0368354881922155,2.6214063696364045,0.0
25.93237,30.54138,50.85426,3066.31148,-1.56415,55.43659,7.144767897804517,2.6616140320895987,0.0
25.95563,30.57893,50.72802,3062.6864,-1.58291,55.45868,7.255577556810143,2.702893545646794,0.0
25.97884,30.61645,50.60054,3059.00302,-1.59867,55.48077,7.369081572260666,2.7451767778724987,0.0
26.00201,30.65395,50.47208,3055.25912,-1.61133,55.50288,7.485077391568746,2.7883882725984486,0.0
26.02514,30.69142,50.34289,3051.45259,-1.62083,55.52499,7.603342057669657,2.8324449724516807,0.0
26.04823,30.72885,50.21323,3047.5814,-1.62711,55.5471,7.72363160315223,2.8772559931523634,0.0
26.07127,30.76626,50.08337,3043.64368,-1.6301,55.56922,7.845680608699689,2.9227224590213963,0.0
26.09427,30.80364,49.95358,3039.63768,-1.62975,55.59135,7.969201951746632,2.9687374093485195,0.0
26.11723,30.84098,49.82412,3035.56183,-1.62602,55.61348,8.093886771213604,3.015185785255011,0.0
26.14015,30.8783,49.69526,3031.41469,-1.61887,55.63561,8.219404673597523,3.0619445064677944,0.0
26.16302,30.91557,49.56729,3027.19504,-1.60827,55.65774,8.34540420437729,3.1088826469304376,0.0
26.18585,30.95282,49.44047,3022.90183,-1.59422,55.67988,8.471513606611163,3.1558617174006276,0.0
26.20863,30.99003,49.31508,3018.53423,-1.57671,55.70201,8.597341885694535,3.2027360621004606,0.0
26.23137,31.0272,49.19139,3014.09164,-1.55573,55.72415,8.72248019550187,3.2493533750907853,0.0
26.25406,31.06434,49.06968,3009.57369,-1.53132,55.74628,8.846503556473062,3.2955553403035776,0.0
26.27671,31.10144,48.95021,3004.98025,-1.50349,55.76841,8.96897291073879,3.3411783971302067,0.0
26.29931,31.1385,48.83323,3000.31145,-1.47229,55.79054,9.089437513084333,3.38605463111837,0.0
26.32186,31.17552,48.71902,2995.5677,-1.43777,55.81267,9.207437649581092,3.430012786733862,0.0
26.34436,31.21249,48.60783,2990.74968,-1.40001,55.83479,9.322507668189944,3.472879396340067,0.0
26.36681,31.24943,48.49989,2985.85834,-1.35909,55.8569,9.434179297689898,3.514480016586208,0.0
26.38922,31.28633,48.39545,2980.89491,-1.31509,55.87901,9.541985223224986,3.554640560392644,0.0
26.41158,31.32318,48.29473,2975.86093,-1.26813,55.90111,9.645462878726132,3.593188709727798,0.0
26.43388,31.35998,48.19794,2970.75819,-1.21833,55.9232,9.744158408788959,3.629955391511885,0.0
26.45614,31.39674,48.1053,2965.58881,-1.16583,55.94528,9.83763074558603,3.6647762963739923,0.0
26.47834,31.43345,48.01699,2960.35513,-1.11077,55.96736,9.925455740211031,3.6974934176864886,0.0
26.50049,31.47012,47.93319,2955.05982,-1.05331,55.98942,10.007230282995621,3.727956586491463,0.0
26.52259,31.50674,47.85407,2949.70576,-0.99364,56.01147,10.082576343862252,3.7560249766384577,0.0
26.54464,31.5433,47.77978,2944.29611,-0.93193,56.03351,10.151144861961585,3.781568553776751,0.0
26.56664,31.57982,47.71045,2938.83426,-0.86838,56.05554,10.212619413929875,3.804469441877749,0.0
26.58858,31.61629,47.6462,2933.3238,-0.80319,56.07756,10.26671959204592,3.8246231816873304,0.0
26.61047,31.65271,47.58713,2927.76854,-0.73657,56.09956,10.313204027541845,3.8419398569886716,0.0
26.63231,31.68907,47.53331,2922.17245,-0.66875,56.12155,10.351873000138019,3.8563450667226493,0.0
26.65409,31.72538,47.48483,2916.53967,-0.59996,56.14352,10.382570582539177,3.8677807238690844,0.0
26.67582,31.76164,47.44171,2910.87448,-0.53042,56.16548,10.405186277765027,3.876205665395468,0.0
26.69749,31.79784,47.40399,2905.18124,-0.46037,56.18742,10.419656117764884,3.8815960615198186,0.0
26.71911,31.83399,47.37168,2899.46441,-0.39006,56.20935,10.425963203124011,3.883945616765497,0.0
26.74068,31.87009,47.34477,2893.72852,-0.31971,56.23126,10.424137675754038,3.883265559787665,0.0
26.76219,31.90613,47.32323,2887.97811,-0.24958,56.25315,10.414256128671303,3.879584423500195,0.0
26.78364,31.94211,47.30701,2882.21773,-0.17989,56.27503,10.396440468937916,3.8729476214912903,0.0
26.80504,31.97804,47.29605,2876.45192,-0.11089,56.2969,10.370856261224839,3.8634168309571493,0.0
26.82639,32.01391,47.29028,2870.68515,-0.0428,56.31874,10.337710589872295,3.8510691962632264,0.0
26.84768,32.04973,47.28958,2864.92186,0.02415,56.34057,10.297249486408706,3.8359963706273357,0.0
26.86891,32.08549,47.29386,2859.16637,0.08974,56.36238,10.249754977114835,3.8183034162596194,0.0
26.89009,32.1212,47.30297,2853.42289,0.15376,56.38418,10.195541811025713,3.7981075854571738,0.0
26.91122,32.15684,47.31678,2847.6955,0.216,56.40596,10.134953932813486,3.775537006660099,0.0
26.93229,32.19244,47.33513,2841.98814,0.27629,56.42772,10.068360767171754,3.7507293002869133,0.0
26.95331,32.22797,47.35784,2836.30459,0.33442,56.44947,9.996153381683342,3.7238301493018247,0.0
26.97427,32.26345,47.38473,2830.64842,0.39023,56.4712,9.918740593746408,3.694991848942279,0.0
26.99518,32.29888,47.4156,2825.02304,0.44356,56.49292,9.836545084284205,3.6643718589735954,0.0
27.01603,32.33425,47.45027,2819.43164,0.49426,56.51462,9.749999576653423,3.6321313802317743,0.0
27.03684,32.36956,47.4885,2813.87723,0.5422,56.53631,9.659543133837166,3.5984339752304675,0.0
27.05758,32.40482,47.53007,2808.36258,0.58726,56.55798,9.5656176207615,3.5634442502807975,0.0
27.07828,32.44003,47.57477,2802.89025,0.62931,56.57964,9.468664371771277,3.5273266140384294,0.0
27.09892,32.47518,47.62235,2797.46257,0.66828,56.60128,9.369121096157315,3.4902441247310163,0.0
27.11951,32.51028,47.67257,2792.08168,0.70407,56.62292,9.26741904735419,3.4523574356099,0.0
27.14005,32.54532,47.7252,2786.74947,0.73661,56.64454,9.163980474299343,3.4138238455143126,0.0
27.16054,32.58032,47.77997,2781.46763,0.76585,56.66614,9.059216366636804,3.374796458900446,0.0
27.18098,32.61526,47.83665,2776.23763,0.79174,56.68774,8.953524499021638,3.335423457293392,0.0
27.20137,32.65015,47.89497,2771.06073,0.81424,56.70933,8.847287774035852,3.2958474819797225,0.0
27.22171,32.68499,47.9547,2765.93801,0.83333,56.7309,8.740872858050427,3.2562051258301996,0.0
27.242,32.71979,48.01557,2760.87031,0.849,56.75247,8.634629099964625,3.2166265305017228,0.0
27.26224,32.75453,48.07734,2755.85833,0.86125,56.77403,8.528887719078076,3.177235083898306,0.0
27.28243,32.78922,48.13976,2750.90255,0.8701,56.79557,8.423961245348098,3.13814721165221,0.0
27.30257,32.82387,48.20258,2746.0033,0.87555,56.81712,8.32014319313206,3.0994722555843817,0.0
27.32267,32.85847,48.26556,2741.16074,0.87764,56.83865,8.217707947847488,3.061312431482366,0.0
27.34272,32.89302,48.32846,2736.37487,0.8764,56.86018,8.116910844065588,3.0237628581921907,0.0
27.36272,32.92753,48.39105,2731.64555,0.87189,56.8817,8.017988413148053,2.9869116498696044,0.0
27.38267,32.96199,48.45309,2726.97248,0.86415,56.90321,7.921158778535656,2.9508400632354657,0.0
27.40258,32.99641,48.51435,2722.35526,0.85324,56.92473,7.826622177319119,2.9156226918746255,0.0
27.42245,33.03079,48.57463,2717.79334,0.83923,56.94623,7.734561587457693,2.8813276998913433,0.0
27.44227,33.06512,48.63371,2713.28606,0.8222,56.96774,7.645143441086096,2.848017087634895,0.0
27.46205,33.09941,48.69137,2708.83267,0.80221,56.98924,7.55851840559517,2.8157469826726675,0.0
27.48178,33.13366,48.74742,2704.43229,0.77936,57.01073,7.4748222155225115,2.7845679496913047,0.0
27.50147,33.16786,48.80166,2700.08399,0.75373,57.03223,7.394176539806283,2.7545253135715764,0.0
27.52112,33.20203,48.85391,2695.7867,0.72541,57.05372,7.316689870401216,2.7256594904212132,0.0
27.54072,33.23616,48.90399,2691.53931,0.6945,57.07522,7.242458419806042,2.6980063219274975,0.0
27.56028,33.27024,48.95173,2687.34061,0.6611,57.09671,7.17156701650882,2.671597408934202,0.0
27.5798,33.30429,48.99696,2683.18934,0.62531,57.1182,7.104089988752076,2.646460440667362,0.0
27.59928,33.33831,49.03953,2679.08416,0.58724,57.1397,7.040092028405248,2.6226195165504893,0.0
27.61872,33.37228,49.07929,2675.02367,0.54698,57.16119,6.979629027928899,2.600095457995761,0.0
27.63812,33.40622,49.11609,2671.00643,0.50466,57.18268,6.922748884598253,2.578906107998452,0.0
27.65748,33.44012,49.14982,2667.03092,0.46039,57.20418,6.869492267180866,2.559066616744537,0.0
27.67679,33.47398,49.18035,2663.0956,0.41427,57.22568,6.8198933411967575,2.5405897117891714,0.0
27.69607,33.50781,49.20755,2659.19887,0.36642,57.24718,6.773980449709087,2.5234859516691346,0.0
27.71531,33.5416,49.23133,2655.33907,0.31697,57.26868,6.731776747331082,2.5077639620870875,0.0
27.73451,33.57536,49.25159,2651.51453,0.26602,57.29019,6.693300785723766,2.4934306540248836,0.0
27.75367,33.60908,49.26823,2647.72352,0.21369,57.3117,6.658567049427829,2.4804914233550432,0.0
27.77279,33.64278,49.28119,2643.96427,0.16011,57.33321,6.6275864412487815,2.4689503316594874,0.0
27.79188,33.67643,49.29038,2640.235,0.1054,57.35473,6.600366716848929,2.45881026812649,0.0
27.81092,33.71006,49.29574,2636.53387,0.04967,57.37625,6.5769128684132845,2.4500730924763197,0.0
27.82993,33.74365,49.29722,2632.85901,-0.00696,57.39777,6.557227457530612,2.442739758968192,0.0
27.8489,33.7772,49.29476,2629.20854,-0.06435,57.4193,6.541310897577651,2.4368104215958164,0.0
27.86784,33.81073,49.28835,2625.58052,-0.12239,57.44083,6.529161686016229,2.4322845206241923,0.0
27.88673,33.84422,49.27793,2621.973,-0.18096,57.46237,6.520776587108756,2.429160850655928,0.0
27.90559,33.87768,49.2635,2618.384,-0.23993,57.48391,6.516150765589988,2.427437610427498,0.0
27.92442,33.91111,49.24503,2614.8115,-0.29918,57.50546,6.515277871894802,2.4271124345588255,0.0
27.9432,33.94451,49.22254,2611.25346,-0.35858,57.52701,6.518150079514898,2.428182407469642,0.0
27.96195,33.97787,49.19601,2607.70782,-0.41802,57.54856,6.524758075110306,2.430644059695759,0.0
27.98066,34.01121,49.16547,2604.17248,-0.47736,57.57012,6.5350910019625905,2.434493346823904,0.0
27.99934,34.04451,49.13093,2600.64533,-0.53649,57.59169,6.549136357416616,2.439725611286072,0.0
28.01798,34.07778,49.09243,2597.12423,-0.59529,57.61326,6.566879844933529,2.4463355272453753,0.0
28.03658,34.11102,49.04999,2593.60702,-0.65362,57.63483,6.588305181461163,2.454317028836451,0.0
28.05515,34.14423,49.00368,2590.09151,-0.71136,57.65641,6.613393860878959,2.4636632220424644,0.0
28.07368,34.1774,48.95354,2586.57549,-0.7684,57.67799,6.642124874369655,2.4743662805262105,0.0
28.09217,34.21055,48.89964,2583.05675,-0.82461,57.69957,6.674474388734994,2.4864173257942497,0.0
28.11063,34.24366,48.84204,2579.53304,-0.87987,57.72116,6.7104153838123075,2.4998062921250424,0.0
28.12905,34.27674,48.78083,2576.00211,-0.93405,57.74275,6.749917250418202,2.5145217767924017,0.0
28.14744,34.30979,48.7161,2572.46169,-0.98703,57.76435,6.792945350501699,2.5305508762109548,0.0
28.16578,34.3428,48.64793,2568.90951,-1.0387,57.78595,6.83946054153424,2.547879008758911,0.0
28.1841,34.37579,48.57643,2565.34328,-1.08894,57.80755,6.8894186675621825,2.5664897251817256,0.0
28.20237,34.40874,48.50171,2561.76071,-1.13763,57.82915,6.942770019804836,2.586364507650676,0.0
28.22061,34.44166,48.42388,2558.15952,-1.18465,57.85076,6.999458770213984,2.6074825587488752,0.0
28.23881,34.47454,48.34308,2554.53743,-1.22988,57.87237,7.0594223819751045,2.629820581867473,0.0
28.25698,34.5074,48.25944,2550.89215,-1.27322,57.89398,7.122591001610838,2.6533525547481958,0.0
28.27511,34.54021,48.17309,2547.22142,-1.31456,57.91559,7.188886838007317,2.6780494981543224,0.0
28.2932,34.573,48.08418,2543.523,-1.35377,57.9372,7.2582235345014166,2.7038792419566566,0.0
28.31125,34.60575,47.99286,2539.79467,-1.39077,57.95881,7.330505540883527,2.730806191188042,0.0
28.32927,34.63846,47.8993,2536.03424,-1.42545,57.98042,7.405627493099862,2.7587910949661487,0.0
28.34725,34.67114,47.80366,2532.23954,-1.4577,58.00203,7.483473609168151,2.7877908214561726,0.0
28.36519,34.70378,47.70611,2528.40848,-1.48743,58.02363,7.563917110769257,2.817758142398497,0.0
28.38309,34.73639,47.60682,2524.53898,-1.51455,58.04524,7.646819680730302,2.8486415310068813,0.0
28.40096,34.76896,47.50599,2520.62904,-1.53898,58.06684,7.73203096741547,2.880384977340994,0.0
28.41878,34.80149,47.4038,2516.67673,-1.56062,58.08844,7.819388147718205,2.9129278255095103,0.0
28.43657,34.83398,47.30043,2512.68017,-1.5794,58.11004,7.908715560971483,2.9462046372920527,0.0
28.45432,34.86644,47.1961,2508.63759,-1.59526,58.13163,7.999824426512352,2.980145086924553,0.0
28.47203,34.89886,47.09099,2504.54731,-1.60812,58.15321,8.092512657944393,3.014673891907133,0.0
28.4897,34.93123,46.98531,2500.40772,-1.61793,58.17479,8.186564787178439,3.049710784707271,0.0
28.50733,34.96357,46.87926,2496.21735,-1.62463,58.19637,8.28175201119761,3.0851705301810086,0.0
28.52492,34.99586,46.77306,2491.97485,-1.62819,58.21793,8.377832373997327,3.1209629933503953,0.0
28.54247,35.02812,46.66692,2487.67898,-1.62857,58.23949,8.47455109540987,3.1569932618992858,0.0
28.55998,35.06033,46.56103,2483.32865,-1.62574,58.26104,8.571641057424857,3.193161827340515,0.0
28.57744,35.09249,46.45563,2478.92291,-1.61968,58.28258,8.668823457122658,3.229364828250774,0.0
28.59487,35.12462,46.3509,2474.46098,-1.61039,58.30411,8.765808633558258,3.2654943583066074,0.0
28.61225,35.15669,46.24708,2469.94224,-1.59786,58.32563,8.862297073682784,3.301438841016646,0.0
28.62959,35.18873,46.14436,2465.36621,-1.58212,58.34714,8.957980599877718,3.3370834721093523,0.0
28.64689,35.22071,46.04294,2460.73264,-1.56318,58.36864,9.052543738743388,3.372310729442743,0.0
28.66415,35.25265,45.94304,2456.04143,-1.54107,58.39012,9.14566526759424,3.4070009491145696,0.0
28.68136,35.28454,45.84485,2451.29268,-1.51585,58.41159,9.237019931680626,3.441032965172625,0.0
28.69853,35.31638,45.74857,2446.48668,-1.48757,58.43304,9.326280321516869,3.474284808968829,0.0
28.71566,35.34818,45.65438,2441.62394,-1.4563,58.45448,9.41311889596538,3.506634462811306,0.0
28.73274,35.37992,45.56247,2436.70514,-1.42212,58.47591,9.497210133011842,3.537960661184721,0.0
28.74978,35.41161,45.47302,2431.73118,-1.38511,58.49731,9.578232786495946,3.568143731441866,0.0
28.76677,35.44325,45.38618,2426.70316,-1.34539,58.5187,9.655872223666053,3.5970664646042683,0.0
28.78371,35.47484,45.30214,2421.62239,-1.30307,58.54007,9.729822815308795,3.6246150057483595,0.0
28.80062,35.50637,45.22102,2416.49036,-1.25827,58.56143,9.799790347519291,3.650679752453338,0.0
28.81747,35.53785,45.14299,2411.30877,-1.21113,58.58276,9.865494422062197,3.6751562489988157,0.0
28.83428,35.56928,45.06817,2406.0795,-1.16179,58.60408,9.926670810792771,3.6979460634486174,0.0
28.85105,35.60065,44.99667,2400.80461,-1.11042,58.62537,9.98307372884018,3.7189576344713675,0.0
28.86776,35.63196,44.92862,2395.48633,-1.05718,58.64664,10.034477991275935,3.7381070747562317,0.0
28.88443,35.66322,44.86411,2390.12707,-1.00224,58.66789,10.08068101885574,3.7553189182045306,0.0
28.90105,35.69442,44.80323,2384.72937,-0.94579,58.68912,10.121504660109423,3.770526798706174,0.0
28.91763,35.72556,44.74604,2379.29592,-0.88801,58.71032,10.156796799535261,3.7836740492343726,0.0
28.93416,35.75665,44.69262,2373.82953,-0.82911,58.73151,10.1864327249957,3.794714211236515,0.0
28.95064,35.78767,44.64301,2368.33314,-0.76928,58.75266,10.2103162313776,3.8036114457766463,0.0
28.96707,35.81863,44.59724,2362.80977,-0.70872,58.7738,10.228380442133204,3.810340839581099,0.0
28.98345,35.84954,44.55534,2357.26252,-0.64765,58.79491,10.240588335472935,3.814888601059155,0.0
28.99979,35.88038,44.51731,2351.69456,-0.58627,58.816,10.246932967287043,3.817252143347219,0.0
29.01608,35.91117,44.48314,2346.10912,-0.52481,58.83706,10.247437388576605,3.8174400535497046,0.0
29.03231,35.94189,44.45283,2340.50944,-0.46346,58.85809,10.242154260700133,3.8154719494082583,0.0
29.0485,35.97255,44.42633,2334.89881,-0.40244,58.8791,10.23116517726326,3.811378226687836,0.0
29.06465,36.00315,44.40361,2329.28047,-0.34196,58.90009,10.214579706692403,3.8051997025101976,0.0
29.08074,36.03369,44.38461,2323.6577,-0.28223,58.92105,10.192534174263637,3.7969871616276136,0.0
29.09678,36.06416,44.36925,2318.0337,-0.22344,58.94198,10.165190206588758,3.7868008142056317,0.0
29.11278,36.09457,44.35746,2312.41166,-0.1658,58.96289,10.132733065142487,3.7747096750181073,0.0
29.12873,36.12492,44.34914,2306.79469,-0.10949,58.98378,10.095369798245358,3.760790875012208,0.0
29.14463,36.15521,44.3442,2301.18583,-0.05471,59.00463,10.053327242972625,3.7451289169669093,0.0
29.16048,36.18544,44.34251,2295.58803,-0.00161,59.02547,10.006849909774722,3.7278148874584556,0.0
29.17628,36.2156,44.34396,2290.00415,0.04962,59.04627,9.956197783071266,3.708945637523755,0.0
29.19204,36.2457,44.34842,2284.43694,0.09882,59.06706,9.901644070815609,3.6886229443139658,0.0
29.20775,36.27574,44.35573,2278.88904,0.14585,59.08781,9.843472935110928,3.6669526656892746,0.0
29.22341,36.30572,44.36577,2273.36296,0.19057,59.10855,9.781977234332068,3.644043899099881,0.0
29.23902,36.33563,44.37837,2267.86106,0.23284,59.12926,9.717456305143564,3.620008155329345,0.0
29.25458,36.36549,44.39336,2262.3856,0.27254,59.14994,9.650213810189936,3.5949585567025957,0.0
29.2701,36.39528,44.41059,2256.93868,0.30958,59.1706,9.580555674392398,3.5690090683021536,0.0
29.28557,36.42501,44.42989,2251.52224,0.34383,59.19124,9.508788129582317,3.542273769542647,0.0
29.301,36.45468,44.45107,2246.1381,0.37523,59.21185,9.435215883974958,3.5148661722516206,0.0
29.31638,36.48429,44.47396,2240.78792,0.4037,59.23245,9.360140429625757,3.4868985901524536,0.0
29.33171,36.51384,44.49837,2235.4732,0.42916,59.25302,9.283858497732627,3.458481563423839,0.0
29.347,36.54334,44.52413,2230.19531,0.45157,59.27357,9.206660668483885,3.4297233408315484,0.0
29.36224,36.57277,44.55104,2224.95545,0.47088,59.29409,9.128830139152193,3.4007294208110195,0.0
29.37743,36.60214,44.57892,2219.7547,0.48707,59.3146,9.050641651341468,3.371602151838596,0.0
29.39259,36.63146,44.60759,2214.59398,0.5001,59.33509,8.972360575843592,3.3424403915165795,0.0
29.40769,36.66072,44.63685,2209.47407,0.50996,59.35556,8.894242151304676,3.3133392229563796,0.0
29.42276,36.68992,44.66652,2204.3956,0.51666,59.376,8.816530871016864,3.2843897263423263,0.0
29.43778,36.71906,44.69642,2199.35909,0.5202,59.39643,8.739460010573156,3.2556788029706616,0.0
29.45276,36.74815,44.72637,2194.36493,0.5206,59.41684,8.663251287814532,3.2272890485708996,0.0
29.46769,36.77718,44.75618,2189.41335,0.51788,59.43724,8.588114645537312,3.1992986723585943,0.0
29.48258,36.80616,44.78568,2184.50449,0.51208,59.45761,8.514248146693983,3.1717814579948995,0.0
29.49743,36.83509,44.81469,2179.63837,0.50323,59.47797,8.441837971390102,3.144806762467827,0.0
29.51224,36.86396,44.84305,2174.81489,0.49139,59.49832,8.371058504741665,3.1184395488214345,0.0
29.527,36.89277,44.87059,2170.03384,0.47662,59.51864,8.302072504633955,3.0927404486504075,0.0
29.54173,36.92153,44.89715,2165.29492,0.45896,59.53896,8.235031338596244,3.06776585034212,0.0
29.55641,36.95025,44.92257,2160.59771,0.4385,59.55925,8.170075279278894,3.0435680091496247,0.0
29.57105,36.9789,44.94671,2155.94172,0.41532,59.57954,8.107333848463737,3.0201951753445813,0.0
29.58565,37.00751,44.96941,2151.32637,0.38948,59.5998,8.046926200030528,2.997691736882323,0.0
29.60022,37.03607,44.99053,2146.75096,0.36107,59.62006,7.9889615329087835,2.9760983732372916,0.0
29.61474,37.06457,45.00995,2142.21476,0.3302,59.6403,7.933539525655056,2.955452217294504,0.0
29.62922,37.09303,45.02753,2137.71692,0.29694,59.66053,7.880750784959612,2.935787022430091,0.0
29.64367,37.12143,45.04315,2133.25655,0.26141,59.68075,7.830677301078692,2.917133332171794,0.0
29.65807,37.14979,45.05669,2128.83267,0.22371,59.70096,7.783392903838835,2.8995186500725794,0.0
29.67244,37.1781,45.06805,2124.44423,0.18393,59.72115,7.7389637135293725,2.882967607679952,0.0
29.68677,37.20636,45.07712,2120.09015,0.1422,59.74133,7.6974485816436795,2.86750212872367,0.0
29.70106,37.23457,45.0838,2115.76925,0.09862,59.76151,7.65889951702475,2.853141587866185,0.0
29.71532,37.26273,45.08801,2111.48032,0.05331,59.78167,7.623362093559003,2.8399029625793077,0.0
29.72953,37.29085,45.08967,2107.22209,0.0064,59.80182,7.590875836111894,2.8278009769153827,0.0
29.74371,37.31892,45.0887,2102.99323,-0.04201,59.82196,7.5614745818591995,2.816848236112697,0.0
29.75785,37.34694,45.08502,2098.79238,-0.09178,59.8421,7.5351868146655665,2.807055351160286,0.0
29.77196,37.37492,45.07859,2094.61813,-0.1428,59.86222,7.512035970576398,2.798431052601702,0.0
29.78603,37.40285,45.06935,2090.469,-0.19494,59.88233,7.4920407128474515,2.7909822929907757,0.0
29.80006,37.43074,45.05724,2086.34351,-0.24806,59.90244,7.475215175326208,2.7847143375575767,0.0
29.81406,37.45858,45.04223,2082.24011,-0.30205,59.92253,7.46156917328124,2.7796308427479026,0.0
29.82802,37.48637,45.0243,2078.15723,-0.35677,59.94262,7.451108381068966,2.775733922408823,0.0
29.84194,37.51412,45.00341,2074.09325,-0.41209,59.9627,7.443834476318175,2.7730242015012005,0.0
29.85583,37.54183,44.97954,2070.04653,-0.46788,59.98277,7.439745250509107,2.7715008572933164,0.0
29.86968,37.56949,44.95269,2066.0154,-0.52401,60.00283,7.438834686099712,2.771161648092425,0.0
29.8835,37.59711,44.92286,2061.99815,-0.58035,60.02288,7.441093000515035,2.772002929631961,0.0
29.89728,37.62468,44.89004,2057.99305,-0.63676,60.04292,7.446506657555086,2.774019659321269,0.0
29.91103,37.65221,44.85425,2053.99834,-0.69311,60.06296,7.455058346968583,2.777205388636288,0.0
29.92474,37.67969,44.81551,2050.01225,-0.74928,60.08299,7.466726933131632,2.781552244001003,0.0
29.93842,37.70713,44.77383,2046.03298,-0.80512,60.10301,7.481487373966496,2.787050896582562,0.0
29.95206,37.73452,44.72927,2042.0587,-0.86052,60.12302,7.499310611475319,2.7936905215122017,0.0
29.96567,37.76187,44.68184,2038.08759,-0.91533,60.14302,7.520163435435039,2.8014587471080166,0.0
29.97924,37.78918,44.63161,2034.1178,-0.96942,60.16301,7.544008322073417,2.8103415947775394,0.0
29.99278,37.81644,44.57862,2030.14747,-1.02268,60.18299,7.570803249756175,2.820323410356345,0.0
30.00629,37.84366,44.52293,2026.17474,-1.07497,60.20297,7.600501493988071,2.8313867877405605,0.0
30.01975,37.87083,44.4646,2022.19774,-1.12616,60.22293,7.63305140430466,2.8435124857731737,0.0
30.03319,37.89796,44.40372,2018.21459,-1.17614,60.24289,7.668396165896083,2.8566793394426266,0.0
30.04659,37.92504,44.34035,2014.22344,-1.22478,60.26283,7.706473549146881,2.8708641665797994,0.0
30.05995,37.95208,44.27459,2010.22241,-1.27195,60.28277,7.747215650555887,2.886041671343859,0.0
30.07328,37.97908,44.20652,2006.20966,-1.31755,60.30269,7.790548628835734,2.9021843459123793,0.0
30.08657,38.00602,44.13623,2002.18334,-1.36145,60.32261,7.8363924403172875,2.9192623719125343,0.0
30.09983,38.03293,44.06384,1998.14164,-1.40355,60.34251,7.884660578147922,2.9372435232655856,0.0
30.11306,38.05979,43.98944,1994.08274,-1.44374,60.36241,7.935259820030186,2.95609307221291,0.0
30.12625,38.0866,43.91315,1990.00489,-1.4819,60.38229,7.988089989631686,2.975773700434889,0.0
30.1394,38.11336,43.83509,1985.90633,-1.51795,60.40216,8.043043737043979,2.9962454172660835,0.0
30.15252,38.14008,43.75537,1981.78537,-1.55178,60.42201,8.100006343971884,3.0174654871231206,0.0
30.1656,38.16675,43.67413,1977.64033,-1.5833,60.44186,8.158855559482843,3.0393883683170024,0.0
30.17865,38.19338,43.59149,1973.46962,-1.61242,60.46169,8.219461472421623,3.061965665524239,0.0
30.19166,38.21995,43.50758,1969.27166,-1.63906,60.4815,8.28168642661106,3.085146098196884,0.0
30.20464,38.24648,43.42255,1965.04495,-1.66315,60.5013,8.345384985030371,3.1088754872180195,0.0
30.21758,38.27296,43.33653,1960.78806,-1.68461,60.52109,8.410403949112043,3.133096762090347,0.0
30.23049,38.29939,43.24967,1956.49962,-1.70338,60.54086,8.476582439119309,3.157749990878922,0.0
30.24336,38.32577,43.16211,1952.17833,-1.7194,60.56062,8.54375204132288,3.182772435038352,0.0
30.25619,38.35211,43.074,1947.82299,-1.73262,60.58036,8.611737027273108,3.2080986310974486,0.0
30.26898,38.37839,42.98548,1943.43249,-1.743,60.60008,8.680354649992344,3.2336605009986767,0.0
30.28174,38.40462,42.89671,1939.00579,-1.75051,60.61979,8.749415521195509,3.259387492622738,0.0
30.29447,38.4308,42.80784,1934.54197,-1.75511,60.63948,8.818724072922798,3.285206751758902,0.0
30.30715,38.45693,42.71901,1930.0402,-1.75679,60.65914,8.888079105978635,3.3110433264129475,0.0
30.3198,38.483,42.63038,1925.49979,-1.75554,60.67879,8.957274426529722,3.336820403956684,0.0
30.33241,38.50902,42.5421,1920.92012,-1.75136,60.69842,9.026099571015655,3.362459581176233,0.0
30.34498,38.53499,42.45431,1916.30073,-1.74425,60.71803,9.094340618215911,3.387881166788343,0.0
30.35752,38.56091,42.36716,1911.64126,-1.73424,60.73762,9.161781085893498,3.413004515463743,0.0
30.37002,38.58677,42.28079,1906.94149,-1.72136,60.75719,9.22820290798543,3.4377483918563096,0.0
30.38247,38.61257,42.19536,1902.20132,-1.70564,60.77674,9.293387486719514,3.4620313625442436,0.0
30.39489,38.63832,42.11099,1897.4208,-1.68712,60.79626,9.357116812551892,3.485772213236286,0.0
30.40728,38.66401,42.02781,1892.60009,-1.66588,60.81576,9.41917464321037,3.5088903879963644,0.0
30.41962,38.68965,41.94597,1887.7395,-1.64196,60.83523,9.47934773169983,3.531306446707933,0.0
30.43192,38.71523,41.86558,1882.83948,-1.61547,60.85468,9.537427091675589,3.552942536458835,0.0
30.44419,38.74075,41.78677,1877.9006,-1.58647,60.87411,9.593209287392334,3.573722872081225,0.0
30.45641,38.76621,41.70965,1872.92359,-1.55507,60.89351,9.646497734254142,3.5935742206406696,0.0
30.4686,38.79161,41.63432,1867.9093,-1.52137,60.91288,9.697103995177773,3.6124263843655853,0.0
30.48075,38.81696,41.5609,1862.8587,-1.4855,60.93223,9.74484905729912,3.630212676253978,0.0
30.49285,38.84224,41.48948,1857.77291,-1.44756,60.95155,9.789564573165729,3.6468703824503197,0.0
30.50492,38.86746,41.42014,1852.65315,-1.40771,60.97085,9.831094050498418,3.6623412054630586,0.0
30.51694,38.89262,41.35296,1847.50077,-1.36607,60.99011,9.869293974820218,3.6765716823734294,0.0
30.52893,38.91772,41.28802,1842.31725,-1.32279,61.00935,9.904034849780697,3.689513572383641,0.0
30.54087,38.94276,41.22539,1837.10413,-1.27804,61.02855,9.935202140886647,3.701124208381391,0.0
30.55277,38.96773,41.16512,1831.86311,-1.23197,61.04773,9.962697109474787,3.711366807616636,0.0
30.56464,38.99264,41.10725,1826.59593,-1.18474,61.06688,9.98643752525287,3.7202107371419046,0.0
30.57646,39.01749,41.05183,1821.30445,-1.13653,61.086,10.00635824740817,3.7276317302904998,0.0
30.58824,39.04227,40.99888,1815.99058,-1.08752,61.10508,10.022411666202244,3.733612051182161,0.0
30.59998,39.06699,40.94843,1810.65631,-1.03788,61.12414,10.034567999124807,3.7381406050481862,0.0
30.61167,39.09164,40.90049,1805.30368,-0.98779,61.14317,10.042815437791404,3.7412129929546643,0.0
30.62333,39.11623,40.85507,1799.93479,-0.93743,61.16216,10.047160144216459,3.742831510414104,0.0
30.63494,39.14076,40.81215,1794.55177,-0.887,61.18112,10.047626097286846,3.7430050901927867,0.0
30.64652,39.16521,40.77172,1789.15678,-0.83667,61.20005,10.044254792599208,3.741749190492276,0.0
30.65805,39.18961,40.73376,1783.75199,-0.78662,61.21895,10.037104801013594,3.739085630499034,0.0
30.66954,39.21393,40.69824,1778.33959,-0.73704,61.23782,10.026251193305736,3.7350423760522506,0.0
30.68099,39.23819,40.66512,1772.92176,-0.68811,61.25666,10.01178484016319,3.729653278873993,0.0
30.69239,39.26238,40.63435,1767.50069,-0.63999,61.27546,9.993811598428817,3.722957773423488,0.0
30.70376,39.28651,40.60587,1762.07852,-0.59287,61.29423,9.972451395847832,3.7150005359413165,0.0
30.71508,39.31057,40.57963,1756.65739,-0.54691,61.31297,9.947837227671465,3.705831110657878,0.0
30.72636,39.33456,40.55554,1751.23939,-0.50227,61.33168,9.920114079329904,3.6955035084607126,0.0
30.7376,39.35849,40.53354,1745.82657,-0.45912,61.35035,9.889437789817755,3.6840757834756825,0.0
30.7488,39.38235,40.51355,1740.42092,-0.41758,61.369,9.855973870710283,3.671609593119446,0.0
30.75996,39.40614,40.49546,1735.02439,-0.37782,61.38761,9.819896295633912,3.6581697471453682,0.0
30.77108,39.42987,40.47919,1729.63886,-0.33997,61.40619,9.781386274664738,3.6438237510747165,0.0
30.78215,39.45353,40.46464,1724.26613,-0.30414,61.42474,9.740631027597026,3.6286413492069056,0.0
30.79319,39.47712,40.4517,1718.90793,-0.27047,61.44326,9.697822569130102,3.612694072069645,0.0
30.80418,39.50064,40.44026,1713.56592,-0.23906,61.46174,9.653156518201893,3.596054792864357,0.0
30.81514,39.5241,40.43021,1708.24166,-0.21001,61.4802,9.606830942403025,3.5787972969800212,0.0
30.82605,39.5475,40.42144,1702.93665,-0.18342,61.49862,9.559045247288179,3.5609958682324323,0.0
30.83692,39.57083,40.41382,1697.65227,-0.15937,61.51702,9.509999119053115,3.542724894983571,0.0
30.84775,39.59409,40.40723,1692.38982,-0.13793,61.53538,9.45989152767357,3.524058498784613,0.0
30.85855,39.61729,40.40155,1687.15052,-0.11916,61.55372,9.408919796267485,3.505070187688877,0.0
30.8693,39.64042,40.39666,1681.93548,-0.10312,61.57203,9.357278741060757,3.4858325358664324,0.0
30.88001,39.66349,40.39243,1676.74572,-0.08986,61.59031,9.30515988505205,3.466416890673555,0.0
30.89069,39.68649,40.38873,1671.58217,-0.07942,61.60855,9.252750747226274,3.4468931078660456,0.0
30.90132,39.70943,40.38543,1666.44564,-0.0718,61.62678,9.200234207996592,3.4273293152096804,0.0
30.91192,39.7323,40.38242,1661.33688,-0.06705,61.64497,9.147787950513141,3.4077917043530097,0.0
30.92247,39.75511,40.37956,1656.25652,-0.06515,61.66314,9.095583976497686,3.3883443504630297,0.0
30.93299,39.77786,40.37673,1651.20511,-0.06612,61.68127,9.043788194432333,3.3690490588146385,0.0
30.94347,39.80054,40.3738,1646.1831,-0.06994,61.69939,8.992560077232818,3.349965237264934,0.0
30.95392,39.82317,40.37066,1641.19085,-0.0766,61.71747,8.942052385863438,3.3311497932924996,0.0
30.96432,39.84573,40.36718,1636.22863,-0.08607,61.73553,8.89241095492839,3.3126570541245366,0.0
30.97469,39.86822,40.36325,1631.29664,-0.09831,61.75357,8.843774535837733,3.2945387083120634,0.0
30.98502,39.89066,40.35875,1626.39497,-0.11328,61.77158,8.796274692897155,3.2768437670206114,0.0
30.99531,39.91304,40.35356,1621.52363,-0.13095,61.78957,8.750035747469457,3.2596185432289193,0.0
31.00557,39.93535,40.34759,1616.68258,-0.15124,61.80753,8.705174765271105,3.242906646996552,0.0
31.01579,39.95761,40.34073,1611.87165,-0.1741,61.82546,8.661801581824218,3.226748994945447,0.0
31.02597,39.9798,40.33287,1607.09065,-0.19945,61.84338,8.620018861174456,3.2111838321338655,0.0
31.03612,40.00194,40.32391,1602.33928,-0.22724,61.86127,8.579922183042894,3.196246764522763,0.0
31.04623,40.02401,40.31377,1597.61717,-0.25736,61.87914,8.541600153790387,3.18197080031293,0.0
31.05631,40.04603,40.30235,1592.92389,-0.28975,61.89698,8.505134536736877,3.168386398492367,0.0
31.06635,40.06798,40.28958,1588.25896,-0.3243,61.91481,8.470600397635309,3.1555215230291473,0.0
31.07636,40.08988,40.27536,1583.6218,-0.36092,61.93261,8.43806626133321,3.14340170123197,0.0
31.08633,40.11173,40.25963,1579.0118,-0.39951,61.95039,8.407594275962818,3.132050084915311,0.0
31.09626,40.13351,40.24231,1574.42828,-0.43997,61.96815,8.379240381294018,3.121487513115315,0.0
31.10616,40.15524,40.22334,1569.87049,-0.48219,61.98588,8.353054478141155,3.111732575198295,0.0
31.11603,40.17691,40.20265,1565.33765,-0.52606,62.0036,8.329080596081061,3.10280167334011,0.0
31.12586,40.19852,40.1802,1560.82891,-0.57146,62.0213,8.307357056985811,3.094709083446415,0.0
31.13566,40.22007,40.15594,1556.34338,-0.61826,62.03898,8.28791663223882,3.0874670137198015,0.0
31.14543,40.24157,40.12981,1551.88012,-0.66637,62.05663,8.270786691712502,3.0810856601578864,0.0
31.15516,40.26302,40.10178,1547.43815,-0.71564,62.07427,8.25598934298028,3.0755732584134567,0.0
31.16486,40.28441,40.07181,1543.01643,-0.76595,62.09189,8.243541559421796,3.0709361315170236,0.0
31.17452,40.30574,40.03989,1538.6139,-0.81718,62.10948,8.233455296217095,3.067178733087716,0.0
31.18415,40.32702,40.00598,1534.22946,-0.8692,62.12706,8.22573759346297,3.0643036857468235,0.0
31.19375,40.34824,39.97006,1529.86196,-0.92188,62.14462,8.220390665897549,3.062311814542573,0.0
31.20331,40.3694,39.93213,1525.51024,-0.97508,62.16216,8.21741197897762,3.06120217529093,0.0
31.21285,40.39052,39.89218,1521.17308,-1.02868,62.17968,8.216794311293606,3.0609720778268197,0.0
31.22235,40.41157,39.8502,1516.84925,-1.08254,62.19719,8.218525803506381,3.0616171042343803,0.0
31.23181,40.43258,39.80621,1512.5375,-1.13653,62.21467,8.22258999426731,3.063131122228121,0.0
31.24125,40.45353,39.7602,1508.23654,-1.19051,62.23213,8.228965843734887,3.0655062939134896,0.0
31.25065,40.47442,39.71221,1503.94507,-1.24436,62.24958,8.23762774556658,3.068733080254149,0.0
31.26002,40.49526,39.66223,1499.66178,-1.29794,62.26701,8.248545528418774,3.0728002416307465,0.0
31.26936,40.51604,39.61031,1495.38532,-1.35112,62.28441,8.26168444823465,3.077694834967947,0.0
31.27866,40.53678,39.55646,1491.11434,-1.40378,62.3018,8.277005172716505,3.0834022079499595,0.0
31.28793,40.55745,39.50073,1486.8475,-1.45577,62.31917,8.294463759658035,3.0899059909487487,0.0
31.29717,40.57807,39.44315,1482.58343,-1.50699,62.33652,8.314011630879689,3.0971880873142617,0.0
31.30638,40.59864,39.38378,1478.32076,-1.55729,62.35385,8.335595543767553,3.1052286627719177,0.0
31.31556,40.61916,39.32264,1474.05812,-1.60657,62.37117,8.359157562505303,3.114006134705754,0.0
31.32471,40.63962,39.25981,1469.79414,-1.65469,62.38846,8.38463503126839,3.123497162172552,0.0
31.33382,40.66002,39.19534,1465.52748,-1.70155,62.40573,8.411960551764372,3.1336766375350202,0.0
31.3429,40.68037,39.12929,1461.25678,-1.74702,62.42298,8.441061967613049,3.1445176806429864,0.0
31.35195,40.70067,39.06172,1456.9807,-1.79101,62.44022,8.471862358163957,3.1559916365302487,0.0
31.36097,40.72091,38.9927,1452.69794,-1.8334,62.45743,8.50428004439999,3.1680680776138312,0.0
31.36995,40.7411,38.92231,1448.40718,-1.87409,62.47462,8.538228609660656,3.18071481141394,0.0
31.37891,40.76123,38.85062,1444.10716,-1.91298,62.49179,8.573616937864704,3.1938978947929018,0.0
31.38783,40.78131,38.77772,1439.79663,-1.94998,62.50894,8.61034927199281,3.207581655741499,0.0
31.39672,40.80133,38.70367,1435.47437,-1.98501,62.52607,8.648325295443081,3.2217287236860384,0.0
31.40558,40.82129,38.62858,1431.13922,-2.01797,62.54317,8.687440238869579,3.2363000692885104,0.0
31.41441,40.84121,38.55252,1426.79003,-2.0488,62.56026,8.727585014911854,3.251255054636887,0.0
31.4232,40.86106,38.47558,1422.4257,-2.07742,62.57732,8.768646383113765,3.266551494681718,0.0
31.43196,40.88086,38.39786,1418.04518,-2.10377,62.59436,8.810507147053512,3.2821457306722612,0.0
31.44069,40.9006,38.31945,1413.64749,-2.12779,62.61137,8.853046385516592,3.2979927162744858,0.0
31.44939,40.92029,38.24043,1409.23168,-2.14943,62.62836,8.896139719115512,3.31404611689393,0.0
31.45806,40.93991,38.16092,1404.79686,-2.16865,62.64533,8.939659613538776,3.3302584226439333,0.0
31.46669,40.95949,38.08099,1400.34222,-2.18541,62.66228,8.983475720086112,3.346581075203964,0.0
31.47529,40.979,38.00075,1395.86699,-2.19968,62.6792,9.027455253778612,3.362964608675595,0.0
31.48386,40.99846,37.92029,1391.37049,-2.21144,62.69609,9.071463408789652,3.3793588043414546,0.0
31.4924,41.01785,37.83971,1386.85211,-2.22068,62.71296,9.115363810470027,3.395712859056481,0.0
31.5009,41.03719,37.75911,1382.31129,-2.2274,62.7298,9.159019002629718,3.411975566773201,0.0
31.50937,41.05647,37.67857,1377.74759,-2.2316,62.74662,9.20229096824764,3.428095512519814,0.0
31.51781,41.0757,37.59819,1373.1606,-2.2333,62.76341,9.24504168110058,3.4440212778964883,0.0
31.52621,41.09486,37.51807,1368.55003,-2.23251,62.78017,9.287133685322237,3.4597016569763404,0.0
31.53459,41.11396,37.43829,1363.91566,-2.22926,62.7969,9.328430699237614,3.47508588124965,0.0
31.54292,41.133,37.35894,1359.25735,-2.2236,62.81361,9.36879823933652,3.4901238520703965,0.0
31.55123,41.15198,37.2801,1354.57504,-2.21557,62.83029,9.40810425968159,3.5047663788525725,0.0
31.5595,41.17091,37.20187,1349.86878,-2.20522,62.84694,9.446219801590589,3.51896542109394,0.0
31.56774,41.18977,37.1243,1345.13868,-2.19263,62.86356,9.483019648018914,3.5326743321507244,0.0
31.57595,41.20856,37.0475,1340.38496,-2.17787,62.88015,9.518382976705633,3.5458481025517044,0.0
31.58412,41.2273,36.97152,1335.60789,-2.16102,62.89671,9.55219400588956,3.5584436005444355,0.0
31.59226,41.24598,36.89643,1330.80788,-2.14216,62.91324,9.584342626202702,3.5704198074921902,0.0
31.60036,41.26459,36.8223,1325.98536,-2.12139,62.92974,9.6147250123017,3.5817380457227572,0.0
31.60843,41.28314,36.7492,1321.14089,-2.09883,62.94621,9.643244207734277,3.5923621964065853,0.0
31.61647,41.30162,36.67717,1316.27509,-2.07457,62.96264,9.669810676782538,3.6022589051329326,0.0
31.62447,41.32004,36.60627,1311.38866,-2.04874,62.97905,9.694342817128486,3.611397772891258,0.0
31.63244,41.3384,36.53654,1306.48237,-2.02146,62.99542,9.716767427608543,3.6197515303220915,0.0
31.64038,41.3567,36.46803,1301.55707,-1.99287,63.01176,9.73702012573529,3.6272961932548626,0.0
31.64828,41.37492,36.40077,1296.61366,-1.96309,63.02807,9.755045710180799,3.6340111977424865,0.0
31.65614,41.39309,36.33479,1291.65313,-1.93227,63.04434,9.77079846407803,3.639879513049105,0.0
31.66398,41.41119,36.27012,1286.6765,-1.90055,63.06058,9.784242395643933,3.644887731288532,0.0
31.67177,41.42922,36.20678,1281.68486,-1.86808,63.07679,9.795351413440379,3.6490261327135585,0.0
31.67954,41.44719,36.14478,1276.67935,-1.83502,63.09296,9.804109434343149,3.6522887259372387,0.0
31.68727,41.46509,36.08413,1271.66116,-1.8015,63.1091,9.81051042318574,3.6546732627012575,0.0
31.69496,41.48293,36.02485,1266.6315,-1.7677,63.12521,9.814558363850074,3.6561812271064498,0.0
31.70262,41.5007,35.96692,1261.59163,-1.73376,63.14128,9.816267162462644,3.6568177995508293,0.0
31.71024,41.51841,35.91033,1256.54284,-1.69985,63.15732,9.815660484176437,3.6565917959265506,0.0
31.71783,41.53604,35.85509,1251.48644,-1.66612,63.17332,9.812771525838134,3.655515582932464,0.0
31.72539,41.55361,35.80117,1246.42375,-1.63272,63.18929,9.807642727544497,3.65360497062128,0.0
31.73291,41.57112,35.74854,1241.35613,-1.59981,63.20522,9.80032542686744,3.6508790835893086,0.0
31.7404,41.58855,35.69719,1236.28491,-1.56755,63.22112,9.7908794600352,3.647360212405953,0.0
31.74785,41.60592,35.64707,1231.21146,-1.53608,63.23698,9.779372714962454,3.6430736471056715,0.0
31.75527,41.62322,35.59816,1226.13712,-1.50555,63.25281,9.765880641434247,3.6380474947185935,0.0
31.76265,41.64046,35.55041,1221.06323,-1.4761,63.2686,9.750485724074197,3.6323124829373215,0.0
31.77,41.65763,35.50378,1215.99113,-1.44787,63.28436,9.733276923977765,3.62590175211062,0.0
31.77731,41.67473,35.45822,1210.92214,-1.421,63.30008,9.71434909502985,3.6188506378063674,0.0
31.78459,41.69176,35.41368,1205.85753,-1.39562,63.31577,9.693802380970808,3.611196446202792,0.0
31.79184,41.70872,35.37009,1200.7986,-1.37184,63.33143,9.671741599196691,3.602978224537831,0.0
31.79905,41.72562,35.32741,1195.74656,-1.34978,63.34705,9.648275617170397,3.5942365288058893,0.0
31.80623,41.74245,35.28557,1190.70263,-1.32957,63.36264,9.623516727067653,3.5850131907970115,0.0
31.81337,41.75922,35.24451,1185.66799,-1.31128,63.37819,9.597580024034816,3.5753510864815516,0.0
31.82048,41.77591,35.20415,1180.64375,-1.29504,63.39371,9.570582792998641,3.5652939075806773,0.0
31.82755,41.79254,35.16443,1175.63101,-1.28091,63.40919,9.54264390865761,3.554885938047353,0.0
31.83459,41.8091,35.12528,1170.6308,-1.26899,63.42465,9.513883252772827,3.5441718369918718,0.0
31.8416,41.8256,35.08663,1165.64414,-1.25935,63.44006,9.484421152431148,3.5331964294200815,0.0
31.84857,41.84203,35.0484,1160.67195,-1.25205,63.45545,9.45437784244292,3.5220045059624066,0.0
31.85552,41.85839,35.01052,1155.71513,-1.24716,63.4708,9.423872954540853,3.5106406325869806,0.0
31.86242,41.87468,34.97291,1150.77454,-1.2447,63.48612,9.393025035555212,3.4991489711072314,0.0
31.8693,41.89091,34.9355,1145.85094,-1.24474,63.50141,9.36195109622876,3.487573111103577,0.0
31.87614,41.90708,34.89822,1140.94508,-1.2473,63.51667,9.330766191863821,3.4759559137034213,0.0
31.88295,41.92318,34.86097,1136.05763,-1.25241,63.53189,9.299583035553313,3.4643393674995355,0.0
31.88972,41.93921,34.8237,1131.1892,-1.26007,63.54709,9.268511644305928,3.4527644567223774,0.0
31.89646,41.95517,34.78632,1126.34036,-1.27031,63.56225,9.23765901799199,3.4412710416389807,0.0
31.90317,41.97107,34.74876,1121.5116,-1.28311,63.57738,9.207128850691511,3.429897751022505,0.0
31.90985,41.98691,34.71096,1116.70338,-1.29847,63.59248,9.17702127368704,3.4186818864103117,0.0
31.9165,42.00268,34.67282,1111.91607,-1.31637,63.60755,9.1474326290846,3.4076593377718094,0.0
31.92311,42.01839,34.6343,1107.15,-1.33679,63.6226,9.118455272803093,3.3968645101168162,0.0
31.92969,42.03403,34.59531,1102.40545,-1.3597,63.63761,9.090177405484928,3.386330260505333,0.0
31.93624,42.04961,34.5558,1097.68263,-1.38505,63.65259,9.062682929714125,3.376087844857512,0.0
31.94276,42.06513,34.5157,1092.98168,-1.41281,63.66755,9.036051331806718,3.3661668739174893,0.0
31.94925,42.08058,34.47494,1088.30273,-1.44291,63.68247,9.01035758635971,3.3565952776953494,0.0
31.95571,42.09597,34.43346,1083.6458,-1.47531,63.69737,8.98567208170789,3.347399277697828,0.0
31.96213,42.11129,34.39122,1079.01089,-1.50992,63.71224,8.962060564396914,3.33860336624308,0.0
31.96852,42.12656,34.34815,1074.39794,-1.54669,63.72708,8.93958410078791,3.330230292157376,0.0
31.97489,42.14176,34.3042,1069.80684,-1.58552,63.74189,8.918299053983242,3.3223010521793506,0.0
31.98122,42.1569,34.25933,1065.23743,-1.62635,63.75668,8.898257074251337,3.314834887392992,0.0
31.98752,42.17197,34.21349,1060.68948,-1.66908,63.77144,8.879505101285236,3.3078492840690155,0.0
31.9938,42.18699,34.16663,1056.16275,-1.71362,63.78618,8.86208537664887,3.30135997830143,0.0
32.00004,42.20194,34.11873,1051.65692,-1.75987,63.80088,8.846035464928804,3.2953809638871117,0.0
32.00625,42.21683,34.06973,1047.17163,-1.80773,63.81556,8.831388282189799,3.2899245029262594,0.0
32.01243,42.23167,34.01962,1042.7065,-1.85709,63.83022,8.818172130492975,3.2850011386813134,0.0
32.01858,42.24644,33.96835,1038.26109,-1.90784,63.84485,8.80641073733507,3.2806197102691157,0.0
32.02471,42.26115,33.91591,1033.83491,-1.95988,63.85945,8.796123299068311,3.2767873688359557,0.0
32.0308,42.2758,33.86227,1029.42746,-2.01308,63.87403,8.78732452742961,3.2735095948909247,0.0
32.03686,42.29039,33.80742,1025.03817,-2.06732,63.88859,8.7800246985152,3.270790216550249,0.0
32.0429,42.30492,33.75134,1020.66646,-2.1225,63.90312,8.774229703667771,3.268631428494091,0.0
32.04891,42.31939,33.69401,1016.31171,-2.17848,63.91762,8.769941101859565,3.26703381148063,0.0
32.05488,42.3338,33.63544,1011.97326,-2.23514,63.9321,8.767156173374755,3.265996352344159,0.0
32.06083,42.34815,33.57561,1007.65044,-2.29235,63.94655,8.765867974618732,3.265516464412991,0.0
32.06675,42.36244,33.51453,1003.34253,-2.35,63.96098,8.76606539415312,3.2655900083839717,0.0
32.07264,42.37668,33.45219,999.04881,-2.40795,63.97539,8.767733210056528,3.266211313690868,0.0
