0.04993,0.04993,58.75871,5281.03531,-0.45842,45.0001,7.3397432702363234,2.734247488431246,0.0
0.09982,0.09983,58.69828,5277.02967,-0.41604,45.00025,7.391173843158035,2.7534067300644005,0.0
0.14968,0.14968,58.64379,5272.98617,-0.37296,45.00045,7.436625246521259,2.7703385737155974,0.0
0.1995,0.1995,58.59533,5268.90803,-0.32927,45.00069,7.475905872421232,2.7849716403988074,0.0
0.24928,0.24928,58.55297,5264.79862,-0.28507,45.00098,7.508853024245845,2.797245321345213,0.0
0.29902,0.29903,58.51676,5260.66138,-0.24047,45.00132,7.535334574028303,2.807110395410688,0.0
0.34872,0.34873,58.48674,5256.49988,-0.19558,45.00171,7.555250303091576,2.8145295285011263,0.0
0.39839,0.3984,58.46294,5252.31775,-0.1505,45.00214,7.568532901738237,2.819477645983211,0.0
0.44801,0.44803,58.44535,5248.11867,-0.10535,45.00262,7.575148610127016,2.821942171427795,0.0
0.49759,0.49762,58.43399,5243.90636,-0.06022,45.00314,7.5750974893552545,2.8219231275952468,0.0
0.54713,0.54717,58.42881,5239.68455,-0.01523,45.00372,7.568413318902098,2.8194330982303364,0.0
0.59664,0.59668,58.42979,5235.45699,0.02951,45.00433,7.555163123861378,2.8144970519440538,0.0
0.6461,0.64615,58.43688,5231.2274,0.0739,45.005,7.53544634249437,2.8071520321051042,0.0
0.69552,0.69559,58.45001,5226.99945,0.11782,45.00571,7.509393651416043,2.797446719190869,0.0
0.7449,0.74498,58.4691,5222.77678,0.16118,45.00647,7.477165471958685,2.785440874368567,0.0
0.79424,0.79434,58.49405,5218.56293,0.20388,45.00727,7.438950186788858,2.7712046751381383,0.0
0.84354,0.84365,58.52477,5214.36138,0.24582,45.00812,7.394962100528736,2.754817955610036,0.0
0.8928,0.89293,58.56112,5210.17549,0.2869,45.00901,7.345439181898806,2.7363693653939767,0.0
0.94201,0.94217,58.60299,5206.0085,0.32703,45.00996,7.290640627526247,2.715955462053457,0.0
0.99119,0.99137,58.65022,5201.86355,0.36614,45.01094,7.2308442893072895,2.693679752730547,0.0
1.04033,1.04054,58.70266,5197.7436,0.40413,45.01198,7.1663440077168765,2.6696517007335703,0.0
1.08942,1.08966,58.76015,5193.6515,0.44094,45.01306,7.097446893135411,2.6439857127597888,0.0
1.13848,1.13875,58.82251,5189.58993,0.47648,45.01418,7.024470595847626,2.6168001218981467,0.0
1.18749,1.1878,58.88956,5185.56139,0.5107,45.01536,6.947740603255346,2.5882161807699124,0.0
1.23647,1.23682,58.9611,5181.56825,0.54354,45.01658,6.86758759991905,2.5583570780746987,0.0
1.2854,1.28579,59.03695,5177.61266,0.57494,45.01785,6.784344922570728,2.5273469905157895,0.0
1.3343,1.33474,59.1169,5173.69664,0.60484,45.01916,6.698346138358565,2.495310180632564,0.0
1.38316,1.38364,59.20073,5169.82203,0.63321,45.02052,6.609922770324607,2.4623701494810795,0.0
1.43198,1.43251,59.28823,5165.99046,0.66001,45.02193,6.519402189780555,2.4286488514886035,0.0
1.48076,1.48135,59.37917,5162.20343,0.6852,45.02339,6.427105690810667,2.394265977155277,0.0
1.52951,1.53015,59.47335,5158.46225,0.70876,45.02489,6.333346757819849,2.359338307670199,0.0
1.57821,1.57892,59.57053,5154.76808,0.73066,45.02644,6.238429532904918,2.3239791439668944,0.0
1.62688,1.62765,59.67048,5151.12188,0.75088,45.02804,6.142647485951598,2.288297811299453,0.0
1.67551,1.67636,59.77297,5147.5245,0.76942,45.02969,6.046282286822225,2.2523992391027736,0.0
1.72411,1.72503,59.87777,5143.97661,0.78626,45.03138,5.949602875871851,2.216383614735362,0.0
1.77267,1.77366,59.98465,5140.47874,0.8014,45.03312,5.8528647262671045,2.1803461086736893,0.0
1.8212,1.82227,60.09339,5137.03129,0.81484,45.03492,5.756309289301982,2.144376667877735,0.0
1.86969,1.87085,60.20374,5133.63453,0.82658,45.03676,5.660163612024277,2.10855987334677,0.0
1.91815,1.9194,60.31548,5130.28858,0.83663,45.03865,5.564640115037735,2.0729748573448123,0.0
1.96657,1.96791,60.42839,5126.99347,0.84501,45.04059,5.469936517308982,2.037695275389229,0.0
2.01496,2.0164,60.54224,5123.74911,0.85172,45.04258,5.376235894103683,2.00278932783348,0.0
2.06331,2.06486,60.65681,5120.55532,0.85678,45.04461,5.283706853857596,1.9683198257562395,0.0
2.11164,2.1133,60.77187,5117.4118,0.86023,45.0467,5.192503819740247,1.9343442958512758,0.0
2.15993,2.1617,60.88722,5114.31818,0.86207,45.04884,5.1027674018597695,1.9009151190835427,0.0
2.20819,2.21008,61.00264,5111.27401,0.86233,45.05103,5.014624846520926,1.8680796980496153,0.0
2.25642,2.25843,61.11793,5108.27875,0.86104,45.05327,4.928190549522328,1.8358806481944112,0.0
2.30462,2.30676,61.23287,5105.33182,0.85824,45.05556,4.843566621236737,1.80435600831847,0.0
2.35278,2.35506,61.34727,5102.43255,0.85394,45.0579,4.760843492054941,1.7735394661217267,0.0
2.40092,2.40334,61.46094,5099.58024,0.84819,45.06029,4.680100547700439,1.7434605948749493,0.0
2.44902,2.45161,61.57323,5096.7749,0.83426,45.09455,4.6017001319886495,1.71425437718322,23.999999590604137
2.49706,2.49988,61.68351,5094.01632,0.81905,45.12836,4.5259701569188024,1.6860429688941363,23.999999590604137
2.54504,2.54816,61.79163,5091.30329,0.80263,45.16173,4.452920898279465,1.658830198009312,23.999999590604137
2.59297,2.59644,61.89742,5088.63464,0.78502,45.19467,4.382557318370497,1.6326179131160103,23.999999590604137
2.64085,2.64472,62.00073,5086.00914,0.76627,45.22721,4.314878951065721,1.6074059405699663,23.999999590604137
2.68867,2.693,62.10143,5083.42558,0.74643,45.25936,4.249880556624037,1.5831923284297538,23.999999590604137
2.73645,2.74129,62.19936,5080.88274,0.72552,45.29115,4.187552739733358,1.5599735766944147,23.999999590604137
2.78417,2.78959,62.29439,5078.3794,0.7036,45.32258,4.127882530447297,1.537744853717661,23.999999590604137
2.83184,2.83788,62.3864,5075.91431,0.6807,45.35368,4.0708539281377085,1.5165001988445055,23.999999590604137
2.87947,2.88618,62.47526,5073.48625,0.65686,45.38446,4.0164484089414545,1.4962327114485374,23.999999590604137
2.92704,2.93449,62.56085,5071.09399,0.63213,45.41495,3.9646453975009828,1.476934726667698,23.999999590604137
2.97457,2.9828,62.64306,5068.73631,0.60655,45.44515,3.915422704046432,1.4585979782288672,23.999999590604137
3.02205,3.03111,62.72179,5066.41197,0.58015,45.47509,3.8687569280461465,1.4412137488182974,23.999999590604137
3.06948,3.07943,62.79693,5064.11975,0.55298,45.50478,3.82462382983282,1.4247730085221326,23.999999590604137
3.11686,3.12775,62.86838,5061.85844,0.52507,45.53425,3.7829986716723645,1.4092665418835364,23.999999590604137
3.1642,3.17608,62.93606,5059.62682,0.49647,45.5635,3.7438565298539817,1.3946850641644548,23.999999590604137
3.2115,3.22441,62.99988,5057.42368,0.4672,45.59255,3.7071725793827373,1.381019327401089,23.999999590604137
3.25874,3.27275,63.05975,5055.24782,0.43732,45.62143,3.6729223528823063,1.3682602168519826,23.999999590604137
3.30595,3.32109,63.11561,5053.09803,0.40686,45.65014,3.6410819752939987,1.3563988384295829,23.999999590604137
3.35311,3.36944,63.16737,5050.97311,0.37585,45.67871,3.611628375923409,1.3454265976931978,23.999999590604137
3.40022,3.41779,63.21499,5048.87187,0.34434,45.70715,3.584539479337024,1.335335270963004,23.999999590604137
3.4473,3.46615,63.25838,5046.79312,0.31235,45.73547,3.5597943765453897,1.3261170690902808,23.999999590604137
3.49432,3.51452,63.29751,5044.73567,0.27993,45.76369,3.5373734778272143,1.3177646943884105,23.999999590604137
3.54131,3.56289,63.33231,5042.69832,0.24712,45.79184,3.517258648477308,1.310271391202558,23.999999590604137
3.58825,3.61126,63.36274,5040.67988,0.21394,45.81991,3.499433328657295,1.3036309905572114,23.999999590604137
3.63515,3.65964,63.38876,5038.67918,0.18044,45.84794,3.483882638438354,1.2978379492873715,23.999999590604137
3.68201,3.70803,63.41033,5036.69502,0.14664,45.87593,3.4705934690197657,1.292887384019856,23.999999590604137
3.72883,3.75643,63.42742,5034.7262,0.11259,45.9039,3.4595545610034066,1.2887751003326116,23.999999590604137
3.7756,3.80483,63.44,5032.77154,0.07833,45.93186,3.4507565705052525,1.2854976173829873,23.999999590604137
3.82234,3.85324,63.44805,5030.82982,0.04387,45.95984,3.4441921237605984,1.2830521882496144,23.999999590604137
3.86903,3.90165,63.45155,5028.89986,0.00927,45.98785,3.4398558607890255,1.281436816198758,23.999999590604137
3.91568,3.95007,63.45049,5026.98044,-0.02545,46.01589,3.4377444685644845,1.2806502670410438,23.999999590604137
3.96228,3.9985,63.44485,5025.07033,-0.06024,46.04399,3.437856704021697,1.280692077701948,23.999999590604137
4.00885,4.04694,63.43464,5023.16832,-0.09508,46.07217,3.4401934071388283,1.2815625610954386,23.999999590604137
4.05538,4.09538,63.41985,5021.27316,-0.12994,46.10043,3.4447575041966276,1.28326280733809,23.999999590604137
4.10186,4.14384,63.40048,5019.38361,-0.16476,46.1288,3.4515540012345465,1.2857946813113144,23.999999590604137
4.1483,4.1923,63.37655,5017.49841,-0.19953,46.15729,3.460589967590433,1.289160816529466,23.999999590604137
4.19471,4.24076,63.34807,5015.61629,-0.2342,46.18591,3.4718745093092678,1.2933646052338938,23.999999590604137
4.24107,4.28924,63.31505,5013.73595,-0.26874,46.21469,3.485418732100368,1.298410184593528,23.999999590604137
4.28738,4.33772,63.27753,5011.8561,-0.30312,46.24363,3.501235693403926,1.3043024188484023,23.999999590604137
4.33366,4.38621,63.23552,5009.97541,-0.33729,46.27275,3.5193403430240244,1.3110468771938895,23.999999590604137
4.3799,4.43471,63.18906,5008.09254,-0.37123,46.30207,3.5397494516773085,1.3186498071632053,23.999999590604137
4.42609,4.48322,63.13819,5006.20615,-0.40489,46.3316,3.5624815266968843,1.3271181032248882,23.999999590604137
4.47224,4.53174,63.08294,5004.31484,-0.43824,46.36137,3.5875567140264955,1.3364592702730547,23.999999590604137
4.51835,4.58027,63.02338,5002.41723,-0.47124,46.39138,3.6149966855461337,1.3466813816532228,23.999999590604137
4.56441,4.62881,62.95953,5000.5119,-0.50386,46.42166,3.644824510650393,1.3577930313218713,23.999999590604137
4.61043,4.67735,62.89147,4998.5974,-0.53606,46.45222,3.67706451093902,1.3698032797148458,23.999999590604137
4.65641,4.72591,62.81926,4996.67226,-0.56779,46.48308,3.7117420967514207,1.3827215928521615,23.999999590604137
4.70235,4.77447,62.74295,4994.735,-0.59903,46.51426,3.7488835842400916,1.396557774193042,23.999999590604137
4.74824,4.82305,62.66262,4992.78411,-0.62973,46.54576,3.7885159915648727,1.411321888712919,23.999999590604137
4.79408,4.87163,62.57835,4990.81803,-0.65986,46.57762,3.8306668127669683,1.4270241786655533,23.999999590604137
4.83989,4.92023,62.49022,4988.83522,-0.68937,46.60985,3.875363767807736,1.4436749704659055,23.999999590604137
4.88564,4.96883,62.39831,4986.83407,-0.71822,46.64246,3.9226345272526677,1.4612845721276788,23.999999590604137
4.93135,5.01745,62.30272,4984.81298,-0.74637,46.67548,3.9725064100624605,1.4798631606825372,23.999999590604137
4.97702,5.06607,62.20355,4982.77029,-0.77379,46.70893,4.025006052967959,1.499420659013576,23.999999590604137
5.02264,5.11471,62.10088,4980.70435,-0.80043,46.74281,4.080159049970325,1.5199666015596451,23.999999590604137
5.06821,5.16336,61.99485,4978.61347,-0.82625,46.77716,4.137989560562412,1.5415099883675079,23.999999590604137
5.11373,5.21202,61.88554,4976.49592,-0.8512,46.81199,4.19851988540591,1.5640591270204098,23.999999590604137
5.1592,5.26069,61.7731,4974.34998,-0.87525,46.84732,4.261770008343928,1.5876214620257154,23.999999590604137
5.20462,5.30937,61.65763,4972.17389,-0.89835,46.88317,4.327757103853819,1.612203391328126,23.999999590604137
5.25,5.35806,61.53927,4969.96586,-0.92046,46.91956,4.396495009284802,1.637810069704308,23.999999590604137
5.29532,5.40676,61.41816,4967.7241,-0.94153,46.95651,4.467993661572378,1.6644451989241928,23.999999590604137
5.34059,5.45548,61.29443,4965.44681,-0.96152,46.99404,4.542258498486984,1.6921108047003437,23.999999590604137
5.38581,5.50421,61.16824,4963.13215,-0.9804,47.03217,4.619289824950859,1.7208070006243188,23.999999590604137
5.43098,5.55295,61.03972,4960.7783,-0.9981,47.07092,4.699082145465654,1.7505317394783877,23.999999590604137
5.47609,5.6017,60.90905,4958.38342,-1.0146,47.11031,4.781623464328802,1.7812805525477164,23.999999590604137
5.52115,5.65046,60.77638,4955.94567,-1.02985,47.15036,4.866894555990901,1.8130462778093002,23.999999590604137
5.56615,5.69924,60.64188,4953.46321,-1.0438,47.19108,4.954868208687456,1.845818778164879,23.999999590604137
5.61109,5.74802,60.50573,4950.9342,-1.05641,47.23251,5.045508445336791,1.8795846512049155,23.999999590604137
5.65598,5.79682,60.36811,4948.35683,-1.06765,47.27466,5.138769726635224,1.9143269323405752,23.999999590604137
5.70081,5.84564,60.22919,4945.72929,-1.07746,47.31754,5.234596142284504,1.950024793514673,23.999999590604137
5.74558,5.89446,60.08917,4943.04981,-1.08581,47.36118,5.332920597384605,1.9866532401115753,23.999999590604137
5.79028,5.9433,59.94824,4940.31664,-1.09267,47.40559,5.433664002136884,2.0241828091003087,23.999999590604137
5.83493,5.99215,59.80661,4937.52806,-1.09798,47.4508,5.536734474203841,2.0625792718925866,23.999999590604137
5.87951,6.04101,59.66447,4934.68242,-1.10173,47.49682,5.642026564244909,2.1018033458345076,23.999999590604137
5.92403,6.08989,59.52203,4931.7781,-1.10386,47.54366,5.749420516361538,2.1418104187028955,23.999999590604137
5.96848,6.13878,59.37951,4928.81357,-1.10435,47.59134,5.858781576328992,2.1825502910034373,23.999999590604137
6.01287,6.18768,59.23712,4925.78733,-1.10317,47.63988,5.9699593615934825,2.2239669412780443,23.999999590604137
6.05718,6.23659,59.09508,4922.698,-1.10029,47.68929,6.082787308004917,2.265998319998241,23.999999590604137
6.10143,6.28552,58.95361,4919.54427,-1.09569,47.73958,6.197082209109709,2.308576177939615,23.999999590604137
6.14561,6.33446,58.81293,4916.32494,-1.08934,47.79077,6.3126438644402745,2.3516259351603983,23.999999590604137
6.18971,6.38341,58.67329,4913.03892,-1.08122,47.84285,6.429254853718131,2.3950665968861866,23.999999590604137
6.23374,6.43238,58.53489,4909.68524,-1.07132,47.89585,6.546680453942595,2.4388107226232894,23.999999590604137
6.2777,6.48136,58.39797,4906.26305,-1.05963,47.94977,6.664668716164422,2.4827644547589376,23.999999590604137
6.32158,6.53035,58.26277,4902.77168,-1.04613,48.0046,6.782950718128621,2.526827612677378,23.999999590604137
6.36538,6.57935,58.12951,4899.21057,-1.03083,48.06036,6.901241007929875,2.570893858033187,23.999999590604137
6.40911,6.62837,57.99843,4895.57935,-1.01373,48.11705,7.019238252336483,2.614850936269002,23.999999590604137
6.45275,6.6774,57.86975,4891.87781,-0.99482,48.17465,7.136626101454823,2.6585809987257827,23.999999590604137
6.49632,6.72644,57.74371,4888.10594,-0.97413,48.23318,7.253074278882366,2.701961008753491,23.999999590604137
6.5398,6.77549,57.62052,4884.2639,-0.95167,48.29262,7.368239903528918,2.7448632341242853,23.999999590604137
6.58319,6.82456,57.50041,4880.35207,-0.92747,48.35297,7.481769045747229,2.787155826732116,23.999999590604137
6.6265,6.87364,57.3836,4876.37102,-0.90154,48.4142,7.593298516476336,2.828703489095694,23.999999590604137
6.66973,6.92273,57.2703,4872.32154,-0.87392,48.47632,7.702457883764556,2.869368225566368,23.999999590604137
6.71286,6.97183,57.16073,4868.20464,-0.84466,48.5393,7.808871706287608,2.909010174372386,23.999999590604137
6.7559,7.02095,57.05508,4864.02154,-0.8138,48.60313,7.912161968662203,2.9474885148372896,23.999999590604137
6.79886,7.07007,56.95354,4859.77371,-0.78139,48.66777,8.011950698218987,2.9846624421966865,23.999999590604137
6.84172,7.11921,56.85631,4855.46281,-0.74749,48.73321,8.107862737993504,3.0203922006103396,23.999999590604137
6.88449,7.16836,56.76357,4851.09075,-0.71216,48.79942,8.199528645796253,3.0545401631420552,23.999999590604137
6.92716,7.21752,56.67548,4846.65965,-0.67547,48.86637,8.28658768472834,3.086971945805434,23.999999590604137
6.96974,7.26669,56.59221,4842.17184,-0.6375,48.93403,8.368690866527398,3.11755754129031,23.999999590604137
7.01222,7.31587,56.51391,4837.62988,-0.59833,49.00236,8.445504005676558,3.1461724566986997,23.999999590604137
7.05461,7.36506,56.4407,4833.03652,-0.55805,49.07132,8.51671073970265,3.1726988386853496,23.999999590604137
7.09689,7.41426,56.37273,4828.3947,-0.51675,49.14087,8.582015469384734,3.1970265687627766,23.999999590604137
7.13908,7.46347,56.3101,4823.70756,-0.47452,49.21097,8.641146171992254,3.2190543113064995,23.999999590604137
7.18116,7.51269,56.25291,4818.97838,-0.43147,49.28158,8.693857041121984,3.2386904969637595,23.999999590604137
7.22315,7.56191,56.20126,4814.21064,-0.3877,49.35265,8.739930908387544,3.2558542247965887,23.999999590604137
7.26503,7.61115,56.15521,4809.40791,-0.34333,49.42414,8.779181404945884,3.27047606750729,23.999999590604137
7.30681,7.6604,56.11482,4804.57392,-0.29845,49.49598,8.811454824790449,3.2824987655641724,23.999999590604137
7.34848,7.70965,56.08014,4799.71249,-0.2532,49.56814,8.836631656664615,3.2918777978796143,23.999999590604137
7.39006,7.75891,56.05119,4794.82752,-0.20768,49.64056,8.854627757283064,3.2985818188658915,23.999999590604137
7.43152,7.80818,56.028,4789.923,-0.162,49.71319,8.865395145180026,3.3025929541645356,23.999999590604137
7.47289,7.85746,56.01056,4785.00294,-0.1163,49.78597,8.868922401684365,3.3039069500201066,23.999999590604137
7.51415,7.90674,55.99886,4780.07139,-0.07068,49.85886,8.86523467303097,3.3025331740667365,23.999999590604137
7.5553,7.95604,55.99286,4775.13241,-0.02527,49.93181,8.854393275345116,3.298494468174414,23.999999590604137
7.59636,8.00533,55.99252,4770.19003,0.01981,50.00475,8.83649491180639,3.291826856821953,23.999999590604137
7.6373,8.05464,55.99778,4765.24825,0.06446,50.07764,8.811670518564073,3.282579117170092,23.999999590604137
7.67814,8.10395,56.00858,4760.31103,0.10856,50.15043,8.780083762783601,3.2708122195443026,23.999999590604137
7.71888,8.15326,56.02481,4755.38225,0.152,50.22307,8.741929222221437,3.2565986492785153,23.999999590604137
7.75951,8.20258,56.04639,4750.46569,0.19467,50.29551,8.697430280937615,3.24002162281268,23.999999590604137
7.80004,8.25191,56.07319,4745.56505,0.23646,50.36771,8.646836779977711,3.2211742125099896,23.999999590604137
7.84047,8.30124,56.1051,4740.68388,0.27728,50.43961,8.590422464989434,3.200158395826894,23.999999590604137
7.88079,8.35058,56.14197,4735.82561,0.31703,50.51118,8.528482274781506,3.177084045229952,23.999999590604137
7.92101,8.39992,56.18366,4730.99353,0.35563,50.58238,8.461329515786232,3.1520678756087848,23.999999590604137
7.96113,8.44926,56.23001,4726.19076,0.39298,50.65317,8.389292967216532,3.1252323658709056,23.999999590604137
8.00114,8.49861,56.28085,4721.42027,0.429,50.72351,8.312713960580115,3.09670467098391,23.999999590604137
8.04106,8.54796,56.336,4716.68483,0.46363,50.79336,8.23194347515587,3.066615539964003,23.999999590604137
8.08088,8.59732,56.39528,4711.98705,0.49679,50.86271,8.147339288176658,3.0350982542441134,23.999999590604137
8.12059,8.64668,56.4585,4707.32935,0.52842,50.93151,8.059263215015568,3.0022875995706504,23.999999590604137
8.16021,8.69604,56.52546,4702.71397,0.55846,50.99974,7.968078470597582,2.96831888305993,23.999999590604137
8.19973,8.74541,56.59594,4698.14294,0.58687,51.06738,7.874147178961602,2.9333270054445006,23.999999590604137
8.23916,8.79478,56.66975,4693.61813,0.61359,51.13441,7.777828053313433,2.897445596831838,23.999999590604137
8.27849,8.84415,56.74666,4689.1412,0.63859,51.20081,7.679474264240289,2.8608062225581534,23.999999590604137
8.31773,8.89353,56.82646,4684.71362,0.66184,51.26657,7.57943150919046,2.8235376640187857,23.999999590604137
8.35687,8.94291,56.90893,4680.3367,0.6833,51.33166,7.47803629188951,2.785765277705451,23.999999590604137
8.39592,8.99229,56.99383,4676.01155,0.70297,51.39609,7.3756144161680925,2.747610434117483,23.999999590604137
8.43488,9.04167,57.08096,4671.73911,0.72081,51.45983,7.272479694882291,2.709190036800687,23.999999590604137
8.47375,9.09106,57.17007,4667.52016,0.73681,51.5229,7.168932871095068,2.6706161204590417,23.999999590604137
8.51253,9.14045,57.26095,4663.35532,0.75098,51.58527,7.065260745708254,2.6319955259746664,23.999999590604137
8.55122,9.18984,57.35336,4659.24504,0.76331,51.64696,6.961735503130076,2.5934296492012265,23.999999590604137
8.58983,9.23924,57.44708,4655.18963,0.77381,51.70796,6.858614224427487,2.555014259600372,23.999999590604137
8.62835,9.28863,57.54189,4651.18926,0.78247,51.76827,6.7561385757720736,2.5168393841796406,23.999999590604137
8.66678,9.33804,57.63756,4647.24397,0.78931,51.82789,6.65453465865979,2.478989251695362,23.999999590604137
8.70514,9.38744,57.73387,4643.35367,0.79435,51.88684,6.554013007604655,2.441542291793505,23.999999590604137
8.7434,9.43685,57.83061,4639.51815,0.7976,51.94512,6.454768720455817,2.4045711835562105,23.999999590604137
8.78159,9.48625,57.92755,4635.73709,0.79909,52.00274,6.3569817063383995,2.368142947866281,23.999999590604137
8.8197,9.53567,58.02449,4632.01008,0.79884,52.05971,6.260817036353709,2.3323190780522367,23.999999590604137
8.85773,9.58508,58.12122,4628.33661,0.79688,52.11604,6.166425382481417,2.297155703390921,23.999999590604137
8.89568,9.6345,58.21754,4624.71606,0.79323,52.17174,6.073943530746861,2.262703780275831,23.999999590604137
8.93355,9.68392,58.31323,4621.14777,0.78794,52.22682,5.98349495537749,2.2290093061054943,23.999999590604137
8.97135,9.73335,58.40812,4617.63096,0.78103,52.28131,5.895190441543312,2.1961135512706695,23.999999590604137
9.00907,9.78277,58.502,4614.16483,0.77255,52.33521,5.809128745178645,2.1640533049553183,23.999999590604137
9.04672,9.83221,58.5947,4610.74849,0.76252,52.38854,5.725397279378861,2.132861130837441,23.999999590604137
9.08429,9.88164,58.68602,4607.38099,0.75099,52.44132,5.644072817860384,2.1025656291464454,23.999999590604137
9.12179,9.93108,58.7758,4604.06135,0.738,52.49357,5.565222206982254,2.073191701909906,23.999999590604137
9.15922,9.98052,58.86387,4600.78852,0.72359,52.5453,5.488903078835498,2.044760818598124,23.999999590604137
9.19658,10.02997,58.95005,4597.56144,0.70781,52.59653,5.415164558841544,2.0172912797231466,23.999999590604137
9.23387,10.07942,59.0342,4594.37899,0.69069,52.64728,5.344047962263465,1.9907984763075408,23.999999590604137
9.27109,10.12887,59.11615,4591.24003,0.67229,52.69758,5.2755874748543,1.965295143443793,23.999999590604137
9.30824,10.17833,59.19576,4588.14338,0.65264,52.74743,5.209810813698339,1.9407916064750828,23.999999590604137
9.34533,10.22779,59.27289,4585.08784,0.6318,52.79686,5.146739865022983,1.9172960185969774,23.999999590604137
9.38235,10.27726,59.3474,4582.07219,0.60981,52.84589,5.086391296453689,1.8948145889385122,23.999999590604137
9.41932,10.32671,59.41964,4579.09423,0.59492,52.85593,5.028427350444121,1.8732214939267398,0.0
9.45625,10.37615,59.48999,4576.15198,0.57886,52.86602,4.97252652757721,1.852396966569645,0.0
9.49315,10.42557,59.55829,4573.24459,0.56168,52.87614,4.918725934856525,1.8323548302023998,0.0
9.53003,10.47497,59.62444,4570.37114,0.54342,52.8863,4.867057117584631,1.8131068362802174,0.0
9.56687,10.52435,59.68829,4567.53071,0.52412,52.8965,4.817547105857615,1.7946630542250948,0.0
9.60367,10.57371,59.74974,4564.72233,0.50381,52.90674,4.770218830519119,1.7770320263796349,0.0
9.64045,10.62305,59.80867,4561.94503,0.48254,52.91702,4.725091523932738,1.7602209173053103,0.0
9.67719,10.67237,59.86497,4559.19782,0.46036,52.92734,4.682181104176758,1.7442356569051134,0.0
9.71391,10.72168,59.91853,4556.47967,0.43729,52.9377,4.64150054157525,1.7290810769660307,0.0
9.75059,10.77097,59.96926,4553.78956,0.41339,52.94809,4.603060206744371,1.7147610408154468,0.0
9.78724,10.82024,60.01707,4551.12643,0.3887,52.95853,4.566868199589262,1.7012785658811491,0.0
9.82386,10.86949,60.06186,4548.48922,0.36325,52.969,4.532930658874823,1.6886359390145826,0.0
9.86046,10.91873,60.10355,4545.87686,0.3371,52.97951,4.501252052191158,1.6768348245106115,0.0
9.89702,10.96795,60.14207,4543.28825,0.31028,52.99007,4.471835446275762,1.6658763648096426,0.0
9.93355,11.01716,60.17734,4540.7223,0.28283,53.00066,4.444682757767211,1.6557612739099752,0.0
9.97005,11.06635,60.20929,4538.17788,0.25481,53.01129,4.419794984578752,1.646489923560551,0.0
10.00653,11.11553,60.23787,4535.65388,0.22625,53.02196,4.397172418134386,1.6380624223244777,0.0
10.04297,11.16469,60.263,4533.14915,0.19719,53.03268,4.3768148367903095,1.6304786876336068,0.0
10.07938,11.21384,60.28465,4530.66256,0.16769,53.04343,4.3587216807652425,1.6237385109546831,0.0
10.11577,11.26297,60.30277,4528.19294,0.13777,53.05422,4.342892208957139,1.6178416162076945,0.0
10.15213,11.31208,60.31731,4525.73913,0.10749,53.06505,4.329325637997114,1.6127877115671203,0.0
10.18845,11.36119,60.32823,4523.29994,0.07689,53.07592,4.318021263910318,1.6085765347838055,0.0
10.22475,11.41028,60.33551,4520.87421,0.046,53.08684,4.308978566710142,1.6052078921490573,0.0
10.26102,11.45935,60.33911,4518.46071,0.01488,53.09779,4.302197298245565,1.6026816912200907,0.0
10.29727,11.50842,60.33902,4516.05825,-0.01643,53.10878,4.297677553559952,1.60099796740306,0.0
10.33348,11.55747,60.33522,4513.6656,-0.04789,53.11981,4.295419826005331,1.600156904484576,0.0
10.36966,11.6065,60.3277,4511.28153,-0.07947,53.13088,4.29542504627862,1.6001588491737306,0.0
10.40582,11.65553,60.31645,4508.9048,-0.1111,53.14199,4.297694605527662,1.601004319709696,0.0
10.44195,11.70454,60.30147,4506.53416,-0.14275,53.15315,4.302230362579724,1.6026940085545403,0.0
10.47805,11.75353,60.28277,4504.16833,-0.17439,53.16434,4.309034635332373,1.6052287791860926,0.0
10.51412,11.80252,60.26035,4501.80604,-0.20595,53.17557,4.3181101762583705,1.6086096569728796,0.0
10.55016,11.85149,60.23423,4499.44599,-0.23741,53.18684,4.329460131943461,1.612837814100883,0.0
10.58618,11.90045,60.20442,4497.08688,-0.26871,53.19815,4.3430879865041,1.617914548495155,0.0
10.62216,11.9494,60.17096,4494.7274,-0.29982,53.2095,4.358997488705369,1.6238412566693239,0.0
10.65812,11.99833,60.13387,4492.3662,-0.33069,53.22089,4.377192562533869,1.6306194004116452,0.0
10.69405,12.04725,60.09319,4490.00196,-0.36127,53.23232,4.397677200963846,1.638250467210087,0.0
10.72995,12.09616,60.04895,4487.6333,-0.39152,53.24379,4.420455342597441,1.6467359242975776,0.0
10.76583,12.14506,60.00121,4485.25886,-0.4214,53.2553,4.445530730873215,1.6560771662034774,0.0
10.80167,12.19394,59.95001,4482.87726,-0.45087,53.26685,4.472906755491776,1.6662754556804498,0.0
10.83749,12.24281,59.8954,4480.48709,-0.47987,53.27843,4.502586275741679,1.677331857888715,0.0
10.87327,12.29167,59.83745,4478.08695,-0.50837,53.29006,4.534571425384803,1.6892471677107157,0.0
10.90903,12.34052,59.77623,4475.67542,-0.53632,53.30172,4.568863398838989,1.7020218300985241,0.0
10.94476,12.38935,59.71179,4473.25107,-0.56368,53.31343,4.605462218400567,1.7156558533581103,0.0
10.98046,12.43817,59.64423,4470.81244,-0.5904,53.32517,4.6443664823487945,1.7301487153116157,0.0
11.01613,12.48698,59.57362,4468.35809,-0.61644,53.33695,4.685573093846239,1.745499262305615,0.0
11.05177,12.53577,59.50004,4465.88656,-0.64175,53.34877,4.729076970671479,1.7617056010789063,0.0
11.08739,12.58455,59.42359,4463.39637,-0.66628,53.36062,4.774870735960934,1.7787649835557091,0.0
11.12297,12.63332,59.34436,4460.88605,-0.69001,53.37252,4.822944390293547,1.7966736846885796,0.0
11.15852,12.68207,59.26246,4458.35412,-0.71287,53.38445,4.873284965660827,1.8154268735531456,0.0
11.19405,12.73081,59.17799,4455.79909,-0.73483,53.39642,4.925876162083495,1.8350184779782475,0.0
11.22954,12.77954,59.09106,4453.21947,-0.75585,53.40842,4.980697967894846,1.855441043091499,0.0
11.265,12.82825,59.00179,4450.61379,-0.77588,53.42047,5.037726265011568,1.876685584272282,0.0
11.30043,12.87695,58.9103,4447.98056,-0.79487,53.43255,5.096932420817308,1.8987414351176346,0.0
11.33583,12.92563,58.81672,4445.31831,-0.8128,53.44466,5.158282868668845,1.921596091169766,0.0
11.3712,12.97429,58.72117,4442.62558,-0.8296,53.45682,5.221738679401824,1.9452350502906657,0.0
11.40654,13.02295,58.62379,4439.90092,-0.84525,53.46901,5.287255126638781,1.9696416507279073,0.0
11.44185,13.07158,58.52473,4437.14289,-0.85971,53.48123,5.354781249156389,1.9947969080849293,0.0
11.47713,13.1202,58.42412,4434.35007,-0.87293,53.49349,5.424259414019623,2.0206793525770235,0.0
11.51237,13.1688,58.32211,4431.52109,-0.88489,53.50579,5.4956248846990965,2.047264868143671,0.0
11.54758,13.21739,58.21885,4428.65458,-0.89553,53.51812,5.5688053988623105,2.0745265351646793,0.0
11.58276,13.26596,58.11451,4425.74921,-0.90483,53.53048,5.643720761049578,2.102434478721248,0.0
11.6179,13.31451,58.00924,4422.8037,-0.91276,53.54288,5.720282455919663,2.1309557245197848,0.0
11.65302,13.36304,57.9032,4419.8168,-0.91927,53.55531,5.798393288232301,2.1600540647759323,0.0
11.68809,13.41156,57.79656,4416.78732,-0.92435,53.56778,5.877947056187596,2.189689936524891,0.0
11.72314,13.46005,57.6895,4413.71411,-0.92797,53.58028,5.9588282651151,2.219820314963072,0.0
11.75815,13.50853,57.58218,4410.5961,-0.93009,53.59281,6.040911888859486,2.2503986245579792,0.0
11.79312,13.55699,57.47477,4407.43227,-0.9307,53.60538,6.1240631864673984,2.2813746707592397,0.0
11.82806,13.60542,57.36746,4404.22168,-0.92978,53.61798,6.20813758192018,2.3126945951958806,0.0
11.86297,13.65384,57.26043,4400.96346,-0.92731,53.63061,6.292980614732917,2.3443008572731707,0.0
11.89784,13.70224,57.15385,4397.65685,-0.92327,53.64327,6.378427969145068,2.3761322450469007,0.0
11.93267,13.75061,57.04791,4394.30115,-0.91766,53.65596,6.464305589372963,2.4081239181579708,0.0
11.96746,13.79896,56.94278,4390.89577,-0.91046,53.66868,6.550429888042636,2.440207485479103,0.0
12.00222,13.84729,56.83865,4387.44023,-0.90167,53.68143,6.63660805429405,2.472311119891775,0.0
12.03694,13.89559,56.73571,4383.93416,-0.8913,53.69422,6.7226384673248525,2.504359712342149,0.0
12.07163,13.94388,56.63413,4380.37729,-0.87934,53.70703,6.80831122014663,2.5362750669540532,0.0
12.10627,13.99213,56.5341,4376.76948,-0.8658,53.71987,6.893408757182801,2.5679761385509825,0.0
12.14088,14.04036,56.43579,4373.11073,-0.8507,53.73274,6.977706627948728,2.599379313421759,0.0
12.17544,14.08857,56.33938,4369.40114,-0.83404,53.74564,7.060974357564678,2.630398733609524,0.0
12.20997,14.13675,56.24504,4365.64098,-0.81587,53.75857,7.142976433022463,2.660946664322008,0.0
12.24443,14.18493,56.152,4361.83253,-0.81274,53.83796,7.224440256072369,2.691294081850284,27.999999522371493
12.2788,14.23311,56.05948,4357.97754,-0.80829,53.9182,7.30613556717444,2.7217277347688076,27.999999522371493
12.31307,14.28131,55.96762,4354.07559,-0.80253,53.99929,7.387893391370798,2.752184675459773,27.999999522371493
12.34724,14.32953,55.87657,4350.12636,-0.79544,54.08125,7.469535765605283,2.7825986080022687,27.999999522371493
12.38131,14.37776,55.7865,4346.12964,-0.78704,54.16405,7.550878424487904,2.81290088869021,27.999999522371493
12.41529,14.426,55.69753,4342.0853,-0.77732,54.24771,7.631731321731373,2.8430207202811624,27.999999522371493
12.44916,14.47425,55.60982,4337.99336,-0.7663,54.33223,7.711899234262957,2.8728853770439047,27.999999522371493
12.48293,14.52252,55.52353,4333.85391,-0.754,54.41759,7.7911824490411545,2.902420460615712,27.999999522371493
12.5166,14.5708,55.43878,4329.66719,-0.74041,54.50378,7.869377531464221,2.931550186254748,27.999999522371493
12.55017,14.61909,55.35573,4325.43354,-0.72557,54.59081,7.946278173049301,2.9601976986228458,27.999999522371493
12.58363,14.66739,55.2745,4321.15342,-0.7095,54.67866,8.02167611481623,2.9882854157702705,27.999999522371493
12.61699,14.71571,55.19525,4316.82744,-0.69222,54.76731,8.095362141409591,3.0157353994723417,27.999999522371493
12.65024,14.76403,55.11809,4312.45629,-0.67376,54.85675,8.16712713973637,3.0424697495998165,27.999999522371493
12.68338,14.81237,55.04316,4308.04083,-0.65417,54.94696,8.236763214496799,3.0684110196834737,27.999999522371493
12.71642,14.86072,54.97057,4303.58201,-0.63347,55.03793,8.304064851702476,3.0934826503552384,27.999999522371493
12.74934,14.90908,54.90046,4299.08092,-0.61171,55.12963,8.368830120010161,3.117609416876618,27.999999522371493
12.78216,14.95745,54.83292,4294.53876,-0.58893,55.22205,8.430861898612093,3.1407178865601635,27.999999522371493
12.81486,15.00583,54.76807,4289.95688,-0.56518,55.31515,8.489969119354702,3.162736881491362,27.999999522371493
12.84746,15.05422,54.706,4285.33671,-0.54052,55.40891,8.545968009962426,3.183597941662226,27.999999522371493
12.87994,15.10261,54.64682,4280.67983,-0.51499,55.5033,8.59868332454041,3.203235783365929,27.999999522371493
12.91231,15.15102,54.5906,4275.98788,-0.48866,55.59829,8.647949547157118,3.221588747562985,27.999999522371493
12.94456,15.19944,54.53744,4271.26267,-0.46159,55.69385,8.693612054054144,3.238599232834992,27.999999522371493
12.9767,15.24786,54.48739,4266.50605,-0.43385,55.78995,8.735528220125646,3.2542141075773316,27.999999522371493
13.00873,15.29629,54.44054,4261.71999,-0.40549,55.88655,8.773568455644037,3.2683850962067678,27.999999522371493
13.04064,15.34473,54.39693,4256.90656,-0.37659,55.98362,8.807617159772915,3.2810691343700973,27.999999522371493
13.07243,15.39318,54.35662,4252.06787,-0.34722,56.08111,8.837573578331101,3.2922286884838305,27.999999522371493
13.10411,15.44164,54.31964,4247.20614,-0.31745,56.179,8.86335255431493,3.3018320353234873,27.999999522371493
13.13567,15.4901,54.28603,4242.32361,-0.28735,56.27724,8.884885161138044,3.3098534979220804,27.999999522371493
13.16712,15.53856,54.25582,4237.42262,-0.25701,56.37579,8.902119210026457,3.3162736345881316,27.999999522371493
13.19844,15.58704,54.22901,4232.50551,-0.22651,56.47461,8.915019624822156,3.321079378529871,27.999999522371493
13.22965,15.63551,54.20562,4227.57469,-0.1959,56.57366,8.923568679298853,3.3242641262616015,27.999999522371493
13.26074,15.684,54.18565,4222.63257,-0.16528,56.6729,8.92776609410576,3.3258277737178044,27.999999522371493
13.29172,15.73249,54.16907,4217.68158,-0.13473,56.77229,8.927628992487888,3.3257766997577876,27.999999522371493
13.32257,15.78098,54.15589,4212.72416,-0.10431,56.87179,8.923191716011662,3.324123697518622,27.999999522371493
13.35331,15.82948,54.14605,4207.76275,-0.07412,56.97136,8.91450550349634,3.3208878548086584,27.999999522371493
13.38393,15.87798,54.13954,4202.79978,-0.04422,57.07095,8.90163803836705,3.316094385484614,27.999999522371493
13.41443,15.92648,54.13631,4197.83762,-0.01468,57.17053,8.884672871373116,3.309774414398965,27.999999522371493
13.44481,15.97499,54.1363,4192.87866,0.01441,57.27005,8.863708727353949,3.3019647191519987,27.999999522371493
13.47508,16.0235,54.13945,4187.92522,0.04298,57.36949,8.838858706123487,3.2927074324002423,27.999999522371493
13.50522,16.07201,54.1457,4182.97957,0.07097,57.4688,8.81024938884585,3.282049708957881,27.999999522371493
13.53525,16.12053,54.15497,4178.04393,0.09831,57.56794,8.778019862228636,3.2700433622830856,27.999999522371493
13.56517,16.16905,54.16718,4173.12045,0.12493,57.66688,8.742320673634742,3.256744475229678,27.999999522371493
13.59496,16.21757,54.18223,4168.21123,0.15076,57.76559,8.703312730692844,3.242212990123071,27.999999522371493
13.62464,16.26609,54.20005,4163.31826,0.17576,57.86404,8.661166159209914,3.226512283302644,27.999999522371493
13.65421,16.31461,54.22051,4158.44347,0.19985,57.96218,8.616059133180729,3.2097087292694884,27.999999522371493
13.68366,16.36313,54.24353,4153.58871,0.223,58.06001,8.568176690410517,3.191871259474692,27.999999522371493
13.71299,16.41166,54.26897,4148.7557,0.24514,58.15748,8.51770954682736,3.173070920619501,27.999999522371493
13.74221,16.46018,54.29674,4143.94611,0.26623,58.25457,8.46485292183875,3.1533804370697402,27.999999522371493
13.77132,16.50871,54.3267,4139.16149,0.28623,58.35126,8.409805386311563,3.132873781698033,27.999999522371493
13.80031,16.55723,54.35873,4134.40327,0.30509,58.44753,8.352767743703946,3.111625759075998,27.999999522371493
13.82919,16.60576,54.3927,4129.67282,0.32279,58.54335,8.293941953860875,3.0897116045597692,27.999999522371493
13.85796,16.65428,54.42848,4124.97138,0.33928,58.63871,8.23353010776841,3.067206602358991,27.999999522371493
13.88662,16.70281,54.46593,4120.30007,0.35454,58.73359,8.171733460342308,3.044185725225117,27.999999522371493
13.91517,16.75133,54.50492,4115.65994,0.36854,58.82798,8.108751527143621,3.020723297954209,27.999999522371493
13.94361,16.79985,54.5453,4111.05191,0.38127,58.92187,8.04478124959354,2.996892686407502,27.999999522371493
13.97194,16.84838,54.58694,4106.47681,0.39269,59.01523,7.9800162321203505,2.9727660133285716,27.999999522371493
14.00016,16.8969,54.62969,4101.93535,0.4028,59.10808,7.914646053475121,2.9484139017903073,27.999999522371493
14.02827,16.94542,54.6734,4097.42816,0.41159,59.20039,7.848855653375268,2.9239052467035034,27.999999522371493
14.05628,16.99394,54.71794,4092.95576,0.41904,59.29217,7.782824794591462,2.8993070144300783,27.999999522371493
14.08418,17.04246,54.76316,4088.51857,0.42516,59.38341,7.716727599723568,2.8746840702199234,27.999999522371493
14.11198,17.09097,54.80891,4084.11692,0.42994,59.4741,7.65073216101809,2.850099032857634,27.999999522371493
14.13967,17.13949,54.85505,4079.75104,0.43338,59.56426,7.5850002209042096,2.8256121556537805,27.999999522371493
14.16726,17.188,54.90144,4075.42108,0.43549,59.65387,7.519686920300831,2.801281232682657,27.999999522371493
14.19475,17.23651,54.94793,4071.1271,0.43628,59.74295,7.4549406111864025,2.7771615289596108,27.999999522371493
14.22213,17.28502,54.99439,4066.86908,0.43575,59.83149,7.390902729594285,2.753305733128476,27.999999522371493
14.24941,17.33353,55.04067,4062.64692,0.43392,59.91951,7.327707724777848,2.7297639310737045,27.999999522371493
14.2766,17.38204,55.08665,4058.46042,0.4308,60.007,7.2654830401595705,2.706583598823408,27.999999522371493
14.30368,17.43055,55.13217,4054.30935,0.42641,60.09399,7.204349141465857,2.683809613030318,27.999999522371493
14.33066,17.47905,55.17712,4050.19338,0.42077,60.18048,7.144419587399977,2.661484277299309,27.999999522371493
14.35755,17.52755,55.22136,4046.11212,0.41391,60.26647,7.085801138240602,2.63964736264322,27.999999522371493
14.38434,17.57605,55.26477,4042.06511,0.40584,60.35199,7.028593897763038,2.61833616035224,27.999999522371493
14.41103,17.62455,55.30721,4038.05184,0.39659,60.43704,6.972891484013646,2.597585545611879,27.999999522371493
14.43763,17.67305,55.34858,4034.07174,0.3862,60.52164,6.918781224627898,2.5774280502640776,27.999999522371493
14.46413,17.72155,55.38875,4030.12418,0.37469,60.6058,6.866344372555962,2.557893943170668,27.999999522371493
14.49053,17.77004,55.42761,4026.20848,0.36208,60.68954,6.815656338265409,2.5390113167149884,27.999999522371493
14.51687,17.81851,55.46594,4022.32194,0.36539,60.70478,6.765929709735985,2.520486839201437,0.0
14.54317,17.86696,55.50452,4018.46244,0.36753,60.72004,6.7164071347716625,2.502038377009858,0.0
14.56944,17.91536,55.54323,4014.63014,0.36851,60.73532,6.667206214041779,2.483709739483841,0.0
14.59566,17.96374,55.58194,4010.82512,0.36832,60.75062,6.6184393455517565,2.4655427978377733,0.0
14.62185,18.01208,55.62054,4007.0474,0.36699,60.76593,6.5702142922284485,2.4475776965973215,0.0
14.648,18.06039,55.6589,4003.29693,0.36452,60.78127,6.522634099997037,2.4298528230809184,0.0
14.67412,18.10867,55.69691,3999.57361,0.36092,60.79662,6.475797050399332,2.41240478974883,0.0
14.70019,18.15691,55.73444,3995.87728,0.35622,60.812,6.429796645048882,2.395268428412279,0.0
14.72623,18.20513,55.7714,3992.20773,0.35043,60.82739,6.384721619171446,2.378476795277625,0.0
14.75224,18.25331,55.80766,3988.56469,0.34356,60.8428,6.340655981416226,2.362061185777097,0.0
14.77821,18.30146,55.84311,3984.94785,0.33565,60.85823,6.297679077135581,2.3460511581421497,0.0
14.80414,18.34958,55.87765,3981.35682,0.32671,60.87368,6.255865672351998,2.3304745646833718,0.0
14.83003,18.39767,55.91118,3977.7912,0.31677,60.88915,6.215286055676873,2.3153575897579133,0.0
14.85589,18.44573,55.9436,3974.25054,0.30586,60.90464,6.176006155553167,2.300724793445459,0.0
14.88172,18.49376,55.9748,3970.73432,0.294,60.92015,6.138087670267151,2.286599159981025,0.0
14.90751,18.54176,56.00469,3967.24201,0.28122,60.93568,6.101588208314,2.273002150044834,0.0
14.93326,18.58973,56.03318,3963.77303,0.26755,60.95123,6.0665614368046885,2.25995375604779,0.0
14.95898,18.63767,56.06019,3960.32676,0.25303,60.9668,6.033057235761985,2.247472559610799,0.0
14.98466,18.68558,56.08563,3956.90255,0.23769,60.98239,6.001121856278478,2.235575790482787,0.0
15.01031,18.73346,56.10941,3953.49972,0.22156,60.99801,5.97079808066437,2.224279386199977,0.0
15.03593,18.78132,56.13147,3950.11754,0.20467,61.01364,5.9421253828391105,2.2135980518359832,0.0
15.06151,18.82915,56.15172,3946.75526,0.18707,61.02929,5.915140087405416,2.203545319261077,0.0
15.08705,18.87695,56.1701,3943.41213,0.16878,61.04496,5.889875525926727,2.194133605359646,0.0
15.11256,18.92472,56.18655,3940.08732,0.14985,61.06066,5.866362189113646,2.1853742687236473,0.0
15.13804,18.97247,56.201,3936.78002,0.13032,61.07637,5.844627873736627,2.177277664381452,0.0
15.16348,19.02019,56.21339,3933.48936,0.11022,61.09211,5.824697823192488,2.169853196162571,0.0
15.18889,19.06788,56.22368,3930.21448,0.08958,61.10786,5.806594860790265,2.163109366350136,0.0
15.21427,19.11554,56.23181,3926.95448,0.06846,61.12364,5.790339514927221,2.157053822312261,0.0
15.23961,19.16318,56.23774,3923.70842,0.0469,61.13944,5.7759501354099445,2.151693399834714,0.0
15.26492,19.21079,56.24143,3920.47539,0.02492,61.15526,5.763443000291837,2.1470341629206886,0.0
15.29019,19.25838,56.24285,3917.25441,0.00258,61.1711,5.752832412674686,2.1430814398519376,0.0
15.31543,19.30594,56.24195,3914.04452,-0.02009,61.18696,5.744130787002666,2.139839855335559,0.0
15.34064,19.35347,56.23872,3910.84471,-0.04304,61.20284,5.737348724451141,2.137313358588311,0.0
15.36581,19.40098,56.23313,3907.65398,-0.06623,61.21874,5.73249507709103,2.1355052472395215,0.0
15.39096,19.44846,56.22516,3904.47131,-0.08962,61.23467,5.729577000556737,2.1344181869512826,0.0
15.41606,19.49592,56.21481,3901.29566,-0.11316,61.25061,5.72859999501743,2.1340542266813283,0.0
15.44114,19.54335,56.20205,3898.12597,-0.13682,61.26658,5.7295679343059875,2.134414809534331,0.0
15.46618,19.59075,56.18688,3894.96118,-0.16054,61.28256,5.7324830831053495,2.135500779164275,0.0
15.49119,19.63813,56.16931,3891.80022,-0.1843,61.29857,5.737346102146207,2.1373123817107254,0.0
15.51617,19.68549,56.14933,3888.642,-0.20804,61.3146,5.744156041435525,2.139849263276283,0.0
15.54111,19.73282,56.12695,3885.48541,-0.23172,61.33065,5.752910321556188,2.143110462960203,0.0
15.56602,19.78012,56.10219,3882.32937,-0.25529,61.34672,5.763604703152007,2.1470944014907603,0.0
15.59089,19.8274,56.07506,3879.17274,-0.27872,61.36281,5.776233244761064,2.1517988655170615,0.0
15.61574,19.87465,56.04559,3876.01442,-0.30197,61.37892,5.790788249195268,2.157220987634018,0.0
15.64055,19.92188,56.01379,3872.85327,-0.32498,61.39505,5.807260198764425,2.163357222251605,0.0
15.66533,19.96908,55.9797,3869.68817,-0.34772,61.4112,5.825637679643358,2.170203317419632,0.0
15.69007,20.01626,55.94335,3866.51797,-0.37014,61.42737,5.845907295814357,2.177754282769028,0.0
15.71478,20.06341,55.90478,3863.34155,-0.39221,61.44356,5.868053573033175,2.186004353736661,0.0
15.73946,20.11054,55.86403,3860.15775,-0.41387,61.45978,5.892058853371858,2.194946952279759,0.0
15.76411,20.15764,55.82114,3856.96544,-0.4351,61.47601,5.917903180965458,2.20457464431356,0.0
15.78872,20.20471,55.77618,3853.76349,-0.45584,61.49226,5.945564179692936,2.2148790941442247,0.0
15.8133,20.25176,55.72918,3850.55076,-0.47605,61.50853,5.975016923594731,2.2258510161959744,0.0
15.83785,20.29878,55.68022,3847.32611,-0.49571,61.52482,6.006233800944786,2.237480124374346,0.0
15.86236,20.34578,55.62935,3844.08842,-0.51476,61.54113,6.039184373009342,2.2497550794501224,0.0
15.88684,20.39275,55.57663,3840.83658,-0.53317,61.55746,6.073835228627584,2.2626634348868007,0.0
15.91128,20.43969,55.52215,3837.56948,-0.55089,61.57381,6.110149835871274,2.2761915815798974,0.0
15.9357,20.4866,55.46597,3834.28603,-0.56791,61.59017,6.148088392170084,2.2903246920246976,0.0
15.96007,20.53349,55.40816,3830.98513,-0.58416,61.60656,6.18760767441428,2.3050466644755563,0.0
15.98442,20.58035,55.34882,3827.66573,-0.59963,61.62296,6.228660890666399,2.3203400677045996,0.0
16.00873,20.62719,55.28802,3824.32679,-0.61427,61.63938,6.271197535260273,2.3361860870222957,0.0
16.03301,20.67399,55.22585,3820.96726,-0.62806,61.65582,6.315163249176758,2.3525644722637415,0.0
16.05725,20.72077,55.1624,3817.58616,-0.64095,61.67228,6.360499687716282,2.3694534884932033,0.0
16.08146,20.76752,55.09777,3814.1825,-0.65292,61.68875,6.407144397609406,2.3868298702245734,0.0
16.10563,20.81424,55.03204,3810.75533,-0.66394,61.70524,6.455030705813205,2.404668779995087,0.0
16.12977,20.86094,54.96532,3807.30375,-0.67399,61.72175,6.504087622320102,2.422943772159063,0.0
16.15388,20.9076,54.89772,3803.82685,-0.68302,61.73828,6.554239759410674,2.441626762807446,0.0
16.17795,20.95423,54.82933,3800.3238,-0.69103,61.75482,6.605407269827319,2.4606880067358716,0.0
16.20198,21.00084,54.76025,3796.79379,-0.69799,61.77138,6.657505806380319,2.4800960823968605,0.0
16.22598,21.04741,54.69061,3793.23605,-0.70386,61.78795,6.71044650551665,2.499817885778772,0.0
16.24994,21.09395,54.6205,3789.64987,-0.70865,61.80454,6.764135997354628,2.519818634143968,0.0
16.27387,21.14047,54.55003,3786.03457,-0.71232,61.82115,6.818476444637882,2.540061880540198,0.0
16.29777,21.18695,54.47933,3782.38954,-0.71487,61.83777,6.8733656129563805,2.560509539959777,0.0
16.32163,21.2334,54.4085,3778.71421,-0.71628,61.8544,6.928696974473341,2.5811219279805853,0.0
16.34545,21.27981,54.33765,3775.00809,-0.71654,61.87105,6.984359847188859,2.6018578126454415,0.0
16.36923,21.3262,54.26691,3771.27071,-0.71565,61.88772,7.040239571577257,2.6226744802641564,0.0
16.39298,21.37255,54.19638,3767.50171,-0.71359,61.90439,7.096217726141312,2.6435278157131568,0.0
16.41669,21.41887,54.12618,3763.70077,-0.71037,61.92109,7.1521723831148645,2.664372397691437,0.0
16.44037,21.46516,54.05643,3759.86764,-0.70598,61.93779,7.20797840520102,2.6851616092633415,0.0
16.46401,21.51141,53.98724,3756.00214,-0.70044,61.95451,7.263507783785284,2.705847763851864,0.0
16.48761,21.55763,53.91872,3752.10418,-0.69374,61.97124,7.31863001862144,2.7263822466816183,0.0
16.51118,21.60381,53.85099,3748.17373,-0.6859,61.98799,7.3732125385195095,2.7467156714961813,0.0
16.5347,21.64996,53.78415,3744.21084,-0.67693,62.00474,7.4271211619996444,2.7667980521637823,0.0
16.55819,21.69607,53.71832,3740.21564,-0.66684,62.02151,7.480220596316169,2.7865789885768892,0.0
16.58165,21.74214,53.6536,3736.18834,-0.65565,62.03829,7.532374972724774,2.806007866053327,0.0
16.60506,21.78818,53.59009,3732.12923,-0.64338,62.05508,7.5834484152230175,2.825034067207071,0.0
16.62844,21.83419,53.52791,3728.03868,-0.63006,62.07188,7.63330563943738,2.8436071950494415,0.0
16.65177,21.88015,53.46714,3723.91715,-0.61572,62.0887,7.681812577726846,2.8616773058566265,0.0
16.67507,21.92608,53.40789,3719.76517,-0.60039,62.10552,7.728837026036131,2.879195150139535,0.0
16.69833,21.97197,53.35024,3715.58337,-0.5841,62.12235,7.7742493074924015,2.896112419851033,0.0
16.72155,22.01782,53.29428,3711.37243,-0.56688,62.1392,7.817922947252602,2.9123819997843294,0.0
16.74474,22.06363,53.24011,3707.13315,-0.54879,62.15605,7.8597353527086105,2.9279582209672914,0.0
16.76788,22.1094,53.18779,3702.86636,-0.52985,62.17291,7.899568492772539,2.9427971137140965,0.0
16.79098,22.15513,53.1374,3698.57302,-0.51013,62.18978,7.937309569733024,2.9568566579093774,0.0
16.81405,22.20083,53.08902,3694.25411,-0.48966,62.20666,7.97285167696799,2.9700970280235257,0.0
16.83707,22.24648,53.04271,3689.91072,-0.46849,62.22355,8.006094435693695,2.9824808303184738,0.0
16.86005,22.29209,52.99853,3685.54398,-0.44669,62.24045,8.03694460401681,2.993973329735616,0.0
16.883,22.33766,52.95653,3681.15511,-0.4243,62.25736,8.065316651621774,3.004542663981965,0.0
16.9059,22.38319,52.91676,3676.74536,-0.40138,62.27427,8.091133293689712,3.0141600424290074,0.0
16.92877,22.42868,52.87927,3672.31607,-0.378,62.29119,8.114325978020766,3.0227999275785753,0.0
16.95159,22.47412,52.84409,3667.8686,-0.35421,62.30812,8.134835319732796,3.0304401969995642,0.0
16.97438,22.51952,52.81125,3663.40437,-0.33008,62.32506,8.152611478519017,3.037062283866318,0.0
16.99712,22.56488,52.78078,3658.92484,-0.30567,62.342,8.167614474055267,3.042651294456142,0.0
17.01982,22.6102,52.7527,3654.43152,-0.28105,62.35895,8.17981443589577,3.047196101242045,0.0
17.04249,22.65548,52.72701,3649.92591,-0.25627,62.37591,8.189191784972456,3.0506894105060147,0.0
17.06511,22.70071,52.70372,3645.40958,-0.23141,62.39288,8.19573734467698,3.05312780371999,0.0
17.08769,22.74589,52.68284,3640.8841,-0.20654,62.40985,8.199452380376005,3.054511752266349,0.0
17.11023,22.79104,52.66435,3636.35104,-0.18172,62.42682,8.200348567091233,3.0548456053978637,0.0
17.13273,22.83614,52.64823,3631.81201,-0.15701,62.44381,8.19844788603082,3.054137551692931,0.0
17.15519,22.8812,52.63448,3627.26858,-0.13249,62.4608,8.19378245146936,3.0523995545638165,0.0
17.1776,22.92621,52.62306,3622.72235,-0.10821,62.4778,8.18639427039678,3.0496472627195366,0.0
17.19998,22.97118,52.61394,3618.17489,-0.08425,62.4948,8.176334938106738,3.045899896764534,0.0
17.22232,23.0161,52.60709,3613.62778,-0.06066,62.51181,8.16366527367062,3.0411801134031458,0.0
17.24461,23.06098,52.60245,3609.08255,-0.03751,62.52882,8.148454899859232,3.0355138489493823,0.0
17.26687,23.10582,52.59998,3604.54072,-0.01486,62.54584,8.130781772724252,3.028930144083641,0.0
17.28908,23.15061,52.59963,3600.00377,0.00724,62.56287,8.110731666427844,3.0214609519381828,0.0
17.31125,23.19536,52.60133,3595.47315,0.02873,62.5799,8.08839761939479,3.0131409317742257,0.0
17.33339,23.24007,52.60501,3590.95029,0.04954,62.59694,8.063879348034304,3.0040072305778995,0.0
17.35548,23.28473,52.61062,3586.43653,0.06964,62.61399,8.03728263451864,2.9940992549916645,0.0
17.37753,23.32935,52.61806,3581.9332,0.08897,62.63104,8.008718695129296,2.983458436006657,0.0
17.39954,23.37392,52.62727,3577.44158,0.10748,62.64809,7.978303535641952,2.972127988826611,0.0
17.42151,23.41845,52.63817,3572.96286,0.12512,62.66516,7.946157300102738,2.960152670269892,0.0
17.44344,23.46293,52.65065,3568.49821,0.14187,62.68223,7.912403619114655,2.947578535989034,0.0
17.46533,23.50738,52.66464,3564.04873,0.15767,62.6993,7.877168963443438,2.9344526996719202,0.0
17.48718,23.55177,52.68005,3559.61545,0.1725,62.71638,7.840582008416383,2.9208230962636184,0.0
17.509,23.59613,52.69676,3555.19934,0.18632,62.73347,7.80277301410741,2.906738251069013,0.0
17.53077,23.64044,52.7147,3550.8013,0.19909,62.75057,7.763873225879084,2.8922470564389338,0.0
17.5525,23.68471,52.73374,3546.42218,0.2108,62.76767,7.724014299308968,2.8773985575400904,0.0
17.57419,23.72894,52.7538,3542.06274,0.22142,62.78478,7.683327753013458,2.86224174851755,0.0
17.59584,23.77312,52.77477,3537.7237,0.23092,62.80189,7.641944452336769,2.846825380155311,0.0
17.61746,23.81727,52.79654,3533.40568,0.2393,62.81901,7.599994126304414,2.8311977799287504,0.0
17.63903,23.86137,52.81901,3529.10926,0.24654,62.83614,7.5576049197483135,2.8154066851594544,0.0
17.66057,23.90543,52.84206,3524.83494,0.25262,62.85327,7.514902981918023,2.799499089762066,0.0
17.68207,23.94944,52.8656,3520.58315,0.25754,62.87042,7.472012092454566,2.783521104909707,0.0
17.70353,23.99342,52.8895,3516.35425,0.26129,62.88757,7.429053325092108,2.767517833753995,0.0
17.72495,24.03736,52.91367,3512.14854,0.26387,62.90472,7.3861447490318115,2.7515332601789515,0.0
17.74633,24.08125,52.93799,3507.96627,0.26529,62.92189,7.343401167499739,2.7356101514069375,0.0
17.76767,24.12511,52.96236,3503.8076,0.26553,62.93906,7.300933892694686,2.719789974160808,0.0
17.78898,24.16892,52.98667,3499.67265,0.26462,62.95624,7.258850555951346,2.704112823944683,0.0
17.81025,24.2127,53.01081,3495.56145,0.26256,62.97343,7.217254951708302,2.6886173669179327,0.0
17.83148,24.25643,53.03469,3491.47401,0.25936,62.99063,7.176246913614824,2.6733407937416915,0.0
17.85267,24.30013,53.05819,3487.41024,0.25504,63.00783,7.13592222093082,2.658318784710381,0.0
17.87383,24.34378,53.08123,3483.37003,0.2496,63.02504,7.09637253321152,2.6435854854200285,0.0
17.89495,24.3874,53.10369,3479.35319,0.24308,63.04226,7.057685351143438,2.6291734921786456,0.0
17.91603,24.43098,53.12548,3475.3595,0.23548,63.05949,7.0199440013637915,2.6151138463510493,0.0
17.93708,24.47452,53.14651,3471.38867,0.22684,63.07673,6.983227642968493,2.6014360367832694,0.0
17.95809,24.51803,53.16668,3467.44037,0.21718,63.09398,6.947611293483076,2.5881680094773967,0.0
17.97906,24.56149,53.18591,3463.51421,0.20652,63.11123,6.913165872011531,2.5753361836656614,0.0
18.0,24.60492,53.2041,3459.60978,0.19489,63.1285,6.879958257346888,2.5629654734581546,0.0
18.0209,24.64831,53.22118,3455.7266,0.18233,63.14577,6.848051358858804,2.551079314250318,0.0
18.04177,24.69167,53.23707,3451.86417,0.16886,63.16306,6.81750419805027,2.539699693104966,0.0
18.0626,24.73498,53.25168,3448.02193,0.15452,63.18035,6.7883719987655065,2.5288471823570964,0.0
18.08339,24.77827,53.26494,3444.19929,0.13934,63.19765,6.760706284092028,2.518540975712462,0.0
18.10415,24.82151,53.27678,3440.39564,0.12335,63.21496,6.734554978152746,2.508798926167809,0.0
18.12487,24.86472,53.28714,3436.6103,0.10661,63.23228,6.709962511024767,2.4996375850958836,0.0
18.14556,24.90789,53.29594,3432.84258,0.08914,63.24961,6.686969925207633,2.4910722419076587,0.0
18.16622,24.95103,53.30314,3429.09176,0.07098,63.26695,6.665614982124675,2.4831169637268875,0.0
18.18683,24.99413,53.30867,3425.35709,0.05218,63.2843,6.645932267267134,2.4757846345590577,0.0
18.20742,25.0372,53.31248,3421.63776,0.03277,63.30166,6.627953292739144,2.4690869934920916,0.0
18.22797,25.08023,53.31453,3417.93298,0.0128,63.31903,6.611706596010286,2.463034671484274,0.0
18.24848,25.12323,53.31476,3414.2419,-0.00768,63.33641,6.597217833884383,2.4576372263700996,0.0
18.26896,25.16619,53.31314,3410.56367,-0.02864,63.3538,6.58450987070948,2.452903175720814,0.0
18.2894,25.20912,53.30963,3406.89738,-0.05004,63.3712,6.5736028600292284,2.4488400272616975,0.0
18.30982,25.25201,53.3042,3403.24215,-0.07181,63.38861,6.564514318942101,2.445454306572834,0.0
18.33019,25.29487,53.29683,3399.59703,-0.09393,63.40603,6.5572591945500704,2.4427515818429915,0.0
18.35053,25.33769,53.28748,3395.96107,-0.11633,63.42346,6.551849921971301,2.4407364854808717,0.0
18.37084,25.38049,53.27614,3392.33332,-0.13899,63.44089,6.5482964734692235,2.4394127324169914,0.0
18.39112,25.42324,53.26279,3388.71279,-0.16184,63.45834,6.546606398379299,2.4387831349774425,0.0
18.41136,25.46596,53.24742,3385.09848,-0.18484,63.4758,6.546784853541562,2.438849614220823,0.0
18.43156,25.50865,53.23002,3381.48938,-0.20795,63.49327,6.548834624097722,2.439613207685702,0.0
18.45174,25.55131,53.2106,3377.88446,-0.23112,63.51075,6.552756134542316,2.4410740735074636,0.0
18.47188,25.59393,53.18915,3374.28269,-0.2543,63.52824,6.558547450026179,2.4432314909038833,0.0
18.49198,25.63651,53.16567,3370.68302,-0.27744,63.54574,6.566204267994161,2.446083857059962,0.0
18.51205,25.67906,53.14019,3367.08439,-0.30049,63.56324,6.575719900292561,2.44962868046247,0.0
18.53209,25.72158,53.1127,3363.48574,-0.32341,63.58076,6.58708524600207,2.4538625707795054,0.0
18.55209,25.76407,53.08324,3359.88599,-0.34615,63.59829,6.600288755299134,2.4587812253978996,0.0
18.57206,25.80652,53.05181,3356.28409,-0.36866,63.61582,6.615316384757925,2.4643794127720264,0.0
18.592,25.84893,53.01846,3352.67894,-0.3909,63.63337,6.6321515445702,2.4706509527618135,0.0
18.6119,25.89132,52.9832,3349.06946,-0.41281,63.65092,6.650775038264221,2.4775886941764464,0.0
18.63177,25.93366,52.94608,3345.45458,-0.43436,63.66849,6.671164995577523,2.4851844897677164,0.0
18.65161,25.97598,52.90713,3341.83322,-0.4555,63.68606,6.693296799248534,2.4934291689579693,0.0
18.67141,26.01826,52.8664,3338.2043,-0.47617,63.70364,6.717143006546827,2.502312508608059,0.0
18.69118,26.0605,52.82392,3334.56675,-0.49635,63.72123,6.742673266524664,2.511823202191371,0.0
18.71091,26.10271,52.77975,3330.9195,-0.51597,63.73883,6.769854233983913,2.5219488277442377,0.0
18.73061,26.14489,52.73395,3327.26151,-0.53501,63.75644,6.798649481323241,2.532675815026694,0.0
18.75028,26.18703,52.68657,3323.59172,-0.55342,63.77406,6.8290194094815035,2.543989412346548,0.0
18.76991,26.22913,52.63767,3319.9091,-0.57115,63.79168,6.860921159306966,2.555873653542088,0.0
18.78951,26.27121,52.58731,3316.21263,-0.58817,63.80931,6.894308524787172,2.5683113256579206,0.0
18.80907,26.31324,52.53556,3312.50132,-0.60444,63.82695,6.929131869642302,2.5812839378738044,0.0
18.82861,26.35524,52.4825,3308.77418,-0.61992,63.8446,6.965338048888023,2.5947716922847452,0.0
18.8481,26.3972,52.42819,3305.03024,-0.63457,63.86225,7.002870337046598,2.6087534571577495,0.0
18.86756,26.43913,52.37271,3301.26858,-0.64837,63.87992,7.041668364785229,2.623206743327938,0.0
18.88699,26.48102,52.31615,3297.48828,-0.66126,63.89758,7.081668065760869,2.6381076843968376,0.0
18.90638,26.52287,52.25857,3293.68845,-0.67324,63.91526,7.1228016355771455,2.653431021442759,0.0
18.92574,26.56469,52.20007,3289.86825,-0.68425,63.93294,7.16499750473561,2.6691500929444234,0.0
18.94507,26.60647,52.14074,3286.02686,-0.69428,63.95063,7.2081803275095435,2.6852368306361623,0.0
18.96436,26.64821,52.08065,3282.16349,-0.7033,63.96832,7.252270988666676,2.701661762012309,0.0
18.98361,26.68992,52.01991,3278.2774,-0.71128,63.98602,7.297186629923199,2.718394020182011,0.0
19.00283,26.73158,51.95859,3274.36789,-0.71821,64.00373,7.342840698003871,2.735401361772887,0.0
19.02202,26.77321,51.89681,3270.43431,-0.72406,64.02143,7.389143016048596,2.752650193531857,0.0
19.04117,26.8148,51.83464,3266.47604,-0.72881,64.03915,7.435999880062152,2.7701056082551982,0.0
19.06028,26.85635,51.77219,3262.49251,-0.73245,64.05687,7.4833141819408375,2.7877314306192154,0.0
19.07936,26.89786,51.70956,3258.48323,-0.73497,64.07459,7.5309855604429865,2.805490273420723,0.0
19.0984,26.93933,51.64683,3254.44773,-0.73635,64.09232,7.578910581283476,2.8233436046669955,0.0
19.11741,26.98076,51.58412,3250.38561,-0.7366,64.11005,7.626982947282298,2.84125182586163,0.0
19.13638,27.02215,51.52151,3246.29654,-0.73569,64.12779,7.675093739275685,2.859174361750289,0.0
19.15532,27.0635,51.4591,3242.18023,-0.73364,64.14553,7.723131688155645,2.8770697616625798,0.0
19.17422,27.10481,51.397,3238.03646,-0.73045,64.16327,7.770983478093362,2.894895812470748,0.0
19.19309,27.14607,51.33529,3233.86508,-0.72611,64.18101,7.818534080676879,2.9126096630647607,0.0
19.21191,27.1873,51.27409,3229.666,-0.72064,64.19876,7.865667119286988,2.9301679600919086,0.0
19.23071,27.22848,51.21347,3225.43921,-0.71404,64.21651,7.9122652626290995,2.947526994557786,0.0
19.24946,27.26962,51.15353,3221.18475,-0.70633,64.23426,7.958210645987808,2.9646428587546985,0.0
19.26818,27.31071,51.09437,3216.90274,-0.69753,64.25201,8.003385318260989,2.9814716127936216,0.0
19.28686,27.35176,51.03607,3212.59337,-0.68766,64.26976,8.047671712505869,2.9979694598950015,0.0
19.30551,27.39277,50.97873,3208.25689,-0.67673,64.28752,8.0909531372142,3.014092929401676,0.0
19.32411,27.43373,50.92242,3203.89365,-0.66478,64.30527,8.13311428520994,3.029799066356657,0.0
19.34268,27.47465,50.86724,3199.50405,-0.65183,64.32303,8.174041756637607,3.0450456263300474,0.0
19.36122,27.51553,50.81325,3195.08854,-0.63792,64.34078,8.21362459213175,3.0597912740386977,0.0
19.37971,27.55636,50.76055,3190.64769,-0.62308,64.35854,8.251754812009196,3.073995784209512,0.0
19.39817,27.59714,50.70919,3186.18209,-0.60735,64.37629,8.288327956954193,3.0876202429988817,0.0
19.41659,27.63787,50.65925,3181.69243,-0.59078,64.39405,8.323243625528825,3.100627248229463,0.0
19.43498,27.67856,50.61079,3177.17945,-0.5734,64.4118,8.356406003627844,3.1129811066260293,0.0
19.45332,27.71921,50.56388,3172.64396,-0.55526,64.42955,8.387724380898476,3.1246480261954397,0.0
19.47163,27.7598,50.51857,3168.08682,-0.53641,64.4473,8.417113649141903,3.135596301894303,0.0
19.4899,27.80035,50.47492,3163.50897,-0.51691,64.46505,8.444494777719862,3.1457964927304447,0.0
19.50813,27.84085,50.43297,3158.91139,-0.4968,64.4828,8.469795261147963,3.1552215885031956,0.0
19.52632,27.88131,50.39276,3154.2951,-0.47615,64.50055,8.492949534205541,3.163847164442733,0.0
19.54448,27.92171,50.35434,3149.66121,-0.45501,64.51829,8.513899350192704,3.171651522120785,0.0
19.56259,27.96206,50.31773,3145.01083,-0.43344,64.53603,8.532594118302255,3.1786158151305455,0.0
19.58067,28.00237,50.28297,3140.34514,-0.4115,64.55377,8.548991196459312,3.184724158177141,0.0
19.59871,28.04263,50.25008,3135.66535,-0.38926,64.5715,8.563056136472355,3.1899637184028435,0.0
19.61671,28.08284,50.21907,3130.9727,-0.36677,64.58924,8.574762878845714,3.1943247879598493,0.0
19.63467,28.12299,50.18995,3126.26845,-0.3441,64.60697,8.584093895189902,3.197800837061875,0.0
19.6526,28.1631,50.16274,3121.5539,-0.32132,64.62469,8.59104027674297,3.2003885469606916,0.0
19.67048,28.20316,50.13743,3116.83037,-0.2985,64.64242,8.595601768155708,3.2020878225319986,0.0
19.68833,28.24317,50.11403,3112.09918,-0.27569,64.66014,8.597786746334204,3.2029017843937257,0.0
19.70614,28.28313,50.09251,3107.36166,-0.25296,64.67785,8.597612144770686,3.202836740717271,0.0
19.72391,28.32304,50.07286,3102.61916,-0.23038,64.69556,8.595103324416716,3.2019021391243805,0.0
19.74164,28.36289,50.05507,3097.87302,-0.20801,64.71327,8.590293892756998,3.200110499287373,0.0
19.75933,28.4027,50.03911,3093.12457,-0.18592,64.73098,8.583225473341358,3.1974773270737393,0.0
19.77698,28.44246,50.02495,3088.37514,-0.16416,64.74868,8.573947428535535,3.194021011263519,0.0
19.7946,28.48216,50.01256,3083.62605,-0.14281,64.76637,8.562516538743665,3.1897627040512364,0.0
19.81217,28.52181,50.00188,3078.87858,-0.12191,64.78407,8.548996641795103,3.1847261867079983,0.0
19.82971,28.56142,49.99289,3074.134,-0.10153,64.80176,8.53345823650431,3.17893772189713,0.0
19.84721,28.60097,49.98552,3069.39358,-0.08173,64.81944,8.515978054762124,3.1724258942669024,0.0
19.86467,28.64047,49.97973,3064.6585,-0.06256,64.83712,8.496638606675994,3.1652214410033155,0.0
19.88209,28.67992,49.97546,3059.92997,-0.04406,64.8548,8.475527703469519,3.15735707409761,0.0
19.89948,28.71932,49.97265,3055.20912,-0.0263,64.87247,8.452737962888662,3.1488672960970767,0.0
19.91682,28.75867,49.97123,3050.49705,-0.00932,64.89014,8.42836630189924,3.1397882111215236,0.0
19.93413,28.79797,49.97114,3045.79483,0.00684,64.9078,8.402513421367322,3.130157332893159,0.0
19.9514,28.83722,49.9723,3041.10346,0.02213,64.92546,8.375283287309344,3.120013391488614,0.0
19.96863,28.87642,49.97464,3036.42391,0.03651,64.94312,8.346782613086008,3.1093961404425503,0.0
19.98582,28.91556,49.97808,3031.75709,0.04995,64.96077,8.317120346732228,3.0983461657645694,0.0
20.00298,28.95466,49.98254,3027.10387,0.06242,64.97842,8.286407167274161,3.086904698304052,0.0
20.0201,28.99371,49.98794,3022.46505,0.07387,64.99607,8.254754993610076,3.0751134307953683,0.0
20.03718,29.0327,49.9942,3017.84138,0.0843,65.01371,8.222276509185614,3.0630143407869004,0.0
20.05422,29.07165,50.00124,3013.23357,0.09366,65.03135,8.189084705296406,3.05064952050925,0.0
20.07123,29.11055,50.00895,3008.64223,0.10194,65.04898,8.155292445513869,3.038061014612388,0.0
20.0882,29.14939,50.01727,3004.06797,0.10913,65.06661,8.121012053319784,3.0252906665486887,0.0
20.10513,29.18819,50.02609,2999.51129,0.1152,65.08424,8.086354924635426,3.0123799742298285,0.0
20.12203,29.22694,50.03533,2994.97267,0.12014,65.10187,8.05143116658677,2.999369955457327,0.0
20.13888,29.26564,50.0449,2990.4525,0.12396,65.11949,8.016349263431122,2.986301023471423,0.0
20.15571,29.30429,50.05471,2985.95114,0.12663,65.13711,7.981215770261882,2.97321287284804,0.0
20.17249,29.3429,50.06466,2981.46886,0.12815,65.15473,7.946135034729011,2.960144375832342,0.0
20.18924,29.38145,50.07468,2977.00591,0.12854,65.17234,7.911208946729675,2.947133489091907,0.0
20.20595,29.41996,50.08467,2972.56245,0.12779,65.18995,7.876536715742325,2.9342171707678175,0.0
20.22263,29.45842,50.09454,2968.13861,0.1259,65.20756,7.842214675170237,2.9214313075874765,0.0
20.23927,29.49683,50.10421,2963.73445,0.12289,65.22517,7.808336112916295,2.908810651749263,0.0
20.25588,29.53519,50.11358,2959.34998,0.11877,65.24277,7.774991127105494,2.8963887671753588,0.0
20.27245,29.57351,50.12258,2954.98515,0.11355,65.26037,7.742266505799535,2.884197984702282,0.0
20.28898,29.61178,50.13113,2950.63988,0.10724,65.27797,7.710245629321686,2.872269365694316,0.0
20.30548,29.65,50.13913,2946.31401,0.09988,65.29557,7.679008393767007,2.860632673549066,0.0
20.32194,29.68818,50.14651,2942.00736,0.09147,65.31317,7.64863115411526,2.8493163525055114,0.0
20.33837,29.7263,50.15319,2937.71968,0.08205,65.33076,7.619186685361475,2.8383475131641274,0.0
20.35476,29.76439,50.1591,2933.45068,0.07164,65.34836,7.590744159998414,2.827751924098505,0.0
20.37112,29.80243,50.16417,2929.20005,0.06026,65.36595,7.563369140181597,2.81755400893662,0.0
20.38745,29.84042,50.16832,2924.96739,0.04796,65.38354,7.537123582907441,2.8077768482898233,0.0
20.40374,29.87837,50.17149,2920.7523,0.03475,65.40113,7.512065856549099,2.798442185912881,0.0
20.41999,29.91627,50.17362,2916.55433,0.02068,65.41871,7.488250767128786,2.7895704384910998,0.0
20.43622,29.95412,50.17463,2912.37296,0.00577,65.4363,7.465729592751051,2.7811807084676325,0.0
20.4524,29.99193,50.17448,2908.20769,-0.00993,65.45389,7.444550124693617,2.7732907993508946,0.0
20.46856,30.0297,50.1731,2904.05793,-0.02638,65.47147,7.4247567136832195,2.765917232953534,0.0
20.48468,30.06742,50.17045,2899.92309,-0.04355,65.48906,7.406390319995603,2.759075268055996,0.0
20.50076,30.1051,50.16647,2895.80253,-0.06139,65.50664,7.38948856609825,2.7527789200173225,0.0
20.51681,30.14273,50.16113,2891.6956,-0.07986,65.52422,7.374085790612019,2.747040980877286,0.0
20.53283,30.18032,50.15437,2887.6016,-0.09892,65.5418,7.360213102486124,2.741873039537998,0.0
20.54882,30.21787,50.14616,2883.51981,-0.11851,65.55938,7.34789843437353,2.7372855016476385,0.0
20.56477,30.25537,50.13646,2879.44949,-0.13861,65.57696,7.337166594266897,2.73328760883621,0.0
20.58069,30.29283,50.12525,2875.38986,-0.15915,65.59454,7.328039314594502,2.729887457005061,0.0
20.59657,30.33024,50.11249,2871.34012,-0.1801,65.61212,7.320535298001681,2.7270920133816756,0.0
20.61242,30.36761,50.09817,2867.29947,-0.2014,65.6297,7.314670259245148,2.72490713212641,0.0
20.62824,30.40494,50.08225,2863.26707,-0.22301,65.64728,7.310456962615633,2.7233375682734096,0.0
20.64403,30.44222,50.06473,2859.24206,-0.24487,65.66486,7.307905254472378,2.7223869898505653,0.0
20.65978,30.47946,50.04559,2855.22357,-0.26693,65.68243,7.30702209055242,2.72205798805294,0.0
20.6755,30.51666,50.02482,2851.21071,-0.28915,65.70001,7.307811557791513,2.722352085371634,0.0
20.69119,30.55381,50.00242,2847.20258,-0.31148,65.71758,7.310274890518892,2.723269741626769,0.0
20.70685,30.59093,49.97839,2843.19827,-0.33387,65.73516,7.3144104809542645,2.724810357877878,0.0
20.72247,30.62799,49.95272,2839.19685,-0.35625,65.75273,7.320213884055203,2.726972278229703,0.0
20.73806,30.66502,49.92543,2835.19738,-0.3786,65.7703,7.327677816812859,2.72975278956982,0.0
20.75362,30.702,49.89652,2831.19892,-0.40084,65.78788,7.3367921522345565,2.733148119327,0.0
20.76914,30.73894,49.86601,2827.20053,-0.42294,65.80545,7.347543908308492,2.7371534313602695,0.0
20.78463,30.77583,49.83392,2823.20125,-0.44484,65.82302,7.359917232326247,2.7417628201186317,0.0
20.80009,30.81268,49.80026,2819.20011,-0.4665,65.84059,7.373893381067393,2.746969303259314,0.0
20.81552,30.84949,49.76507,2815.19618,-0.48786,65.85815,7.389450697385801,2.752764812925548,0.0
20.83092,30.88625,49.72836,2811.18847,-0.50887,65.87572,7.406564583869609,2.7591401859342213,0.0
20.84628,30.92297,49.69018,2807.17605,-0.5295,65.89329,7.42520747427417,2.766085153133888,0.0
20.86161,30.95965,49.65055,2803.15796,-0.54968,65.91085,7.445348803581514,2.7735883282511424,0.0
20.87691,30.99629,49.60951,2799.13325,-0.56938,65.92841,7.466954977534407,2.781637196541246,0.0
20.89217,31.03287,49.56711,2795.10099,-0.58855,65.94597,7.489989342636768,2.790218103612497,0.0
20.90741,31.06942,49.5234,2791.06025,-0.60713,65.96353,7.514412157644566,2.7993162448058397,0.0
20.92261,31.10592,49.47841,2787.01011,-0.6251,65.98109,7.5401805676446,2.8089156555385246,0.0
20.93777,31.14238,49.4322,2782.94968,-0.64241,65.99864,7.567248581892841,2.818999203048312,0.0
20.95291,31.17879,49.38482,2778.87806,-0.65901,66.01619,7.595567056609376,2.829548579984135,0.0
20.96801,31.21516,49.33633,2774.79439,-0.67488,66.03374,7.62508368400819,2.840544300319401,0.0
20.98308,31.25148,49.28679,2770.69783,-0.68996,66.05129,7.65574298883039,2.851965698060531,0.0
20.99812,31.28776,49.23626,2766.58755,-0.70422,66.06883,7.687486333736513,2.8637909292557326,0.0
21.01313,31.324,49.1848,2762.46275,-0.71763,66.08637,7.720251934846875,2.8759969777841934,0.0
21.0281,31.36018,49.13248,2758.32266,-0.73015,66.10391,7.753974888815103,2.888559665441679,0.0
21.04304,31.39633,49.07937,2754.16652,-0.74176,66.12144,7.788587212705484,2.9014536667958977,0.0
21.05795,31.43242,49.02554,2749.99364,-0.75243,66.13897,7.824017898008737,2.9146525293087953,0.0
21.07282,31.46847,48.97106,2745.80333,-0.76212,66.1565,7.860192980005288,2.928128699176203,0.0
21.08766,31.50448,48.916,2741.59494,-0.77082,66.17402,7.897035623681305,2.941853553333816,0.0
21.10247,31.54043,48.86044,2737.36788,-0.7785,66.19153,7.934466227276793,2.955797438031589,0.0
21.11724,31.57634,48.80445,2733.12157,-0.78514,66.20905,7.9724025444608495,2.9699297143472285,0.0
21.13199,31.61221,48.74811,2728.8555,-0.79072,66.22655,8.010759826007972,2.984218810964349,0.0
21.1467,31.64802,48.6915,2724.56917,-0.79524,66.24405,8.049450981691606,2.9986322844820785,0.0
21.16137,31.68379,48.63469,2720.26216,-0.79867,66.26155,8.088386762945856,3.0131368874613473,0.0
21.17601,31.71951,48.57777,2715.93408,-0.80101,66.27904,8.12747596667274,3.027698644348461,0.0
21.19062,31.75518,48.52081,2711.5846,-0.80225,66.29653,8.166625660376658,3.0422829353436067,0.0
21.2052,31.7908,48.4639,2707.21342,-0.8024,66.31401,8.205741428531885,3.056854588179231,0.0
21.21974,31.82638,48.4071,2702.82032,-0.80144,66.33148,8.244727639934865,3.0713779777157986,0.0
21.23425,31.8619,48.35051,2698.40511,-0.79938,66.34894,8.283487735459776,3.085817133138319,0.0
21.24872,31.89737,48.29419,2693.96768,-0.79623,66.3664,8.32192453543025,3.100135852460395,0.0
21.26316,31.9328,48.23822,2689.50795,-0.792,66.38385,8.35994056551776,3.114297823929944,0.0
21.27757,31.96817,48.18269,2685.02591,-0.7867,66.4013,8.397438399824878,3.128266753836745,0.0
21.29194,32.0035,48.12765,2680.52161,-0.78033,66.41873,8.434321019507067,3.142006500108489,0.0
21.30628,32.03877,48.07319,2675.99516,-0.77293,66.43616,8.470492185060515,3.1554812109977926,0.0
21.32059,32.07399,48.01938,2671.44671,-0.76451,66.45358,8.505856820093248,3.168655468047035,0.0
21.33486,32.10916,47.96628,2666.8765,-0.7551,66.47099,8.54032140419165,3.1814944324414736,0.0
21.34909,32.14428,47.91397,2662.28479,-0.74472,66.4884,8.573794372227137,3.1939639937614865,0.0
21.3633,32.17934,47.86249,2657.67194,-0.73341,66.50579,8.606186517293112,3.2060309200871937,0.0
21.37746,32.21436,47.81193,2653.03833,-0.72119,66.52318,8.637411394224765,3.2176630083201925,0.0
21.3916,32.24932,47.76233,2648.38441,-0.70811,66.54055,8.667385720548069,3.2288292335476143,0.0
21.40569,32.28422,47.71376,2643.7107,-0.6942,66.55792,8.696029771592167,3.2394998962318824,0.0
21.41976,32.31908,47.66626,2639.01776,-0.67951,66.57527,8.723267766428469,3.249646765983181,0.0
21.43379,32.35388,47.61988,2634.30619,-0.66408,66.59262,8.749028241256665,3.25924322065557,0.0
21.44778,32.38862,47.57468,2629.57665,-0.64795,66.60996,8.77324440689972,3.268264379523273,0.0
21.46174,32.42331,47.53069,2624.82987,-0.63118,66.62728,8.79585448713808,3.2766872293190765,0.0
21.47567,32.45795,47.48795,2620.0666,-0.61382,66.6446,8.816802034705896,3.2844907419512372,0.0
21.48956,32.49253,47.44649,2615.28763,-0.59592,66.6619,8.836036221938702,3.2916559827773813,0.0
21.50341,32.52706,47.40635,2610.4938,-0.57753,66.67919,8.853512103281632,3.2981662083957355,0.0
21.51723,32.56153,47.36756,2605.68601,-0.55872,66.69647,8.869190847091746,3.304006952997579,0.0
21.53101,32.59594,47.33013,2600.86514,-0.53953,66.71374,8.883039934472839,3.309166102438456,0.0
21.54476,32.6303,47.29409,2596.03216,-0.52004,66.731,8.895033323185524,3.313633955298981,0.0
21.55848,32.66461,47.25945,2591.18804,-0.5003,66.74825,8.905151575040305,3.317403270342115,0.0
21.57216,32.69885,47.22622,2586.33376,-0.48037,66.76548,8.913381945565982,3.320469299917012,0.0
21.5858,32.73305,47.1944,2581.47034,-0.46031,66.7827,8.919718435091845,3.322829808988469,0.0
21.59941,32.76718,47.164,2576.59883,-0.44019,66.79991,8.924161800869822,3.324485079652755,0.0
21.61299,32.80126,47.13501,2571.72026,-0.42007,66.81711,8.9267195302018,3.325437901126826,0.0
21.62652,32.83528,47.10743,2566.8357,-0.40001,66.8343,8.927405774978327,3.325693545362269,0.0
21.64003,32.86924,47.08125,2561.94621,-0.38008,66.85147,8.926241248451824,3.3252597285906096,0.0
21.6535,32.90315,47.05644,2557.05285,-0.36033,66.86863,8.923253085412378,3.3241465592351154,0.0
21.66693,32.937,47.033,2552.1567,-0.34083,66.88578,8.918474667343057,3.322366472776547,0.0
21.68033,32.97079,47.01089,2547.2588,-0.32164,66.90292,8.911945414440995,3.319934154275545,0.0
21.69369,33.00453,46.99009,2542.36021,-0.30281,66.92004,8.903710546717784,3.316866449376239,0.0
21.70702,33.03821,46.97057,2537.46198,-0.28441,66.93715,8.893820816636158,3.313182264706374,0.0
21.72031,33.07183,46.95229,2532.56512,-0.26649,66.95425,8.882332215995284,3.3089024586843734,0.0
21.73357,33.10539,46.93522,2527.67063,-0.24911,66.97133,8.869305659962604,3.304049723812883,0.0
21.7468,33.1389,46.91931,2522.77952,-0.23231,66.98841,8.854806651273737,3.298648461584402,0.0
21.75999,33.17235,46.90452,2517.89272,-0.21615,67.00547,8.838904927739712,3.2927246511684496,0.0
21.77314,33.20574,46.89079,2513.01118,-0.20068,67.02251,8.821674096262099,3.286305713072577,0.0
21.78626,33.23907,46.87809,2508.13579,-0.18595,67.03955,8.803191256531699,3.2794203689602215,0.0
21.79934,33.27235,46.86636,2503.26742,-0.17199,67.05657,8.783536617617855,3.272098498820142,0.0
21.81239,33.30556,46.85553,2498.40692,-0.15885,67.07358,8.762793110506438,3.2643709966266177,0.0
21.82541,33.33873,46.84556,2493.55507,-0.14657,67.09057,8.741045999615556,3.2562696256188395,0.0
21.83839,33.37183,46.83637,2488.71263,-0.13519,67.10756,8.71838249612315,3.247826874255253,0.0
21.85134,33.40488,46.82792,2483.88033,-0.12473,67.12453,8.694891375804017,3.239075813847801,0.0
21.86425,33.43787,46.82013,2479.05883,-0.11523,67.14149,8.670662603865042,3.2300499588031752,0.0
21.87713,33.4708,46.81294,2474.24878,-0.10671,67.15843,8.645786969073946,3.220783130326149,0.0
21.88998,33.50368,46.80628,2469.45075,-0.0992,67.17537,8.620355729223098,3.2113093243455166,0.0
21.90279,33.5365,46.80009,2464.6653,-0.09272,67.19229,8.594460269745566,3.201662584339591,0.0
21.91556,33.56926,46.79429,2459.89291,-0.08729,67.2092,8.5681917770712,3.1918768796527504,0.0
21.92831,33.60197,46.78882,2455.13405,-0.08292,67.22609,8.541640928022673,3.181985989787291,0.0
21.94102,33.63462,46.78361,2450.38911,-0.07963,67.24298,8.51489759634226,3.1720233950769314,0.0
21.95369,33.66721,46.77858,2445.65845,-0.07741,67.25985,8.488050577166659,3.162022174046432,0.0
21.96634,33.69975,46.77367,2440.94237,-0.07629,67.27671,8.461187330060987,3.152014907684999,0.0
21.97895,33.73224,46.76881,2436.24114,-0.07625,67.29356,8.434393740953947,3.1420335907608683,0.0
21.99153,33.76466,46.76392,2431.55498,-0.07731,67.3104,8.40775390317439,3.1321095502516654,0.0
22.00407,33.79704,46.75895,2426.88404,-0.07945,67.32723,8.381349917504286,3.1222733708588772,0.0
22.01658,33.82935,46.75381,2422.22846,-0.08267,67.34404,8.355261711051986,3.112554827533372,0.0
22.02906,33.86161,46.74844,2417.5883,-0.08697,67.36085,8.32956687454876,3.1029828248640836,0.0
22.0415,33.89382,46.74278,2412.96359,-0.09232,67.37764,8.304340517537307,3.093585343131917,0.0
22.05392,33.92597,46.73675,2408.35432,-0.09872,67.39442,8.279655140783145,3.0843893907796396,0.0
22.0663,33.95807,46.73031,2403.76042,-0.10614,67.41119,8.255580525138352,3.0754209630106937,0.0
22.07865,33.99011,46.72337,2399.1818,-0.11458,67.42795,8.2321836359995,3.066705006197268,0.0
22.09096,34.0221,46.71589,2394.61832,-0.12399,67.4447,8.209528542394706,3.0582653877380936,0.0
22.10325,34.05403,46.70781,2390.06978,-0.13437,67.46144,8.1876763497326,3.0501248710056665,0.0
22.1155,34.08591,46.69906,2385.53596,-0.14568,67.47817,8.166685145150842,3.042305094987129,0.0
22.12772,34.11774,46.68959,2381.0166,-0.1579,67.49488,8.146609954405974,3.034826558224607,0.0
22.13991,34.14951,46.67936,2376.51139,-0.17099,67.51159,8.127502709229905,3.0277086066546444,0.0
22.15207,34.18123,46.6683,2372.02,-0.18492,67.52828,8.109412224064322,3.020969424941152,0.0
22.16419,34.2129,46.65637,2367.54206,-0.19965,67.54497,8.092384181134179,3.0146260309149002,0.0
22.17629,34.24451,46.64354,2363.07716,-0.21515,67.56165,8.076461122793647,3.0086942727221726,0.0
22.18835,34.27607,46.62974,2358.62486,-0.23138,67.57831,8.061682450151242,3.003188828312596,0.0
22.20038,34.30758,46.61495,2354.18468,-0.2483,67.59497,8.04808442702254,2.9981232069116333,0.0
22.21238,34.33903,46.59912,2349.75614,-0.26586,67.61161,8.035700188270798,2.993509752127678,0.0
22.22435,34.37043,46.58223,2345.3387,-0.28403,67.62825,8.0245597517051,2.989359646384427,0.0
22.23629,34.40178,46.56423,2340.93181,-0.30275,67.64487,8.01469003272078,2.9856829163748326,0.0
22.2482,34.43308,46.54511,2336.53488,-0.32199,67.66149,8.006114860976783,2.9824884392738458,0.0
22.26008,34.46432,46.52483,2332.14731,-0.3417,67.67809,7.998854998406804,2.979783949448048,0.0
22.27192,34.49551,46.50338,2327.76848,-0.36183,67.69469,7.992928158038201,2.977576045466188,0.0
22.28374,34.52665,46.48073,2323.39773,-0.38232,67.71127,7.988349023064801,2.9758701972043045,0.0
22.29553,34.55774,46.45686,2319.03439,-0.40314,67.72785,7.985129265743876,2.9746707528853458,0.0
22.30728,34.58878,46.43177,2314.67778,-0.42423,67.74441,7.983277565790349,2.973980945931499,0.0
22.31901,34.61976,46.40544,2310.3272,-0.44554,67.76097,7.982799627965787,2.973802901516549,0.0
22.3307,34.65069,46.37787,2305.98192,-0.46702,67.77751,7.983698198666386,2.97413764274534,0.0
22.34237,34.68157,46.34906,2301.64122,-0.48863,67.79405,7.985973081407669,2.974985096422235,0.0
22.354,34.7124,46.31899,2297.30434,-0.5103,67.81057,7.989621151168937,2.9763440983947995,0.0
22.3656,34.74317,46.28768,2292.97054,-0.53198,67.82709,7.994636367599165,2.9782123984733455,0.0
22.37718,34.7739,46.25512,2288.63905,-0.55364,67.8436,8.00100978724696,2.9805866649869133,0.0
22.38872,34.80457,46.22134,2284.3091,-0.5752,67.86009,8.008729574969939,2.983462489033563,0.0
22.40024,34.83519,46.18633,2279.97992,-0.59663,67.87658,8.017781014787454,2.9868343885233015,0.0
22.41172,34.86576,46.15012,2275.65071,-0.61788,67.89305,8.028146520519917,2.990695812141514,0.0
22.42317,34.89627,46.11272,2271.32071,-0.63888,67.90952,8.039805646583474,2.9950391433702586,0.0
22.4346,34.92674,46.07415,2266.98913,-0.6596,67.92597,8.052735099431853,2.999855704750658,0.0
22.44599,34.95715,46.03443,2262.65518,-0.67999,67.94242,8.06690875013194,3.005135762567635,0.0
22.45736,34.98751,45.9936,2258.31809,-0.69999,67.95885,8.082297648658985,3.010868532175248,0.0
22.46869,35.01782,45.95167,2253.97709,-0.71956,67.97527,8.098870040535623,3.0170421841951693,0.0
22.48,35.04807,45.90869,2249.63141,-0.73865,67.99169,8.116591386471015,3.0236438518327766,0.0
22.49127,35.07827,45.86468,2245.28029,-0.75723,68.00809,8.135424385714234,3.0306596395769096,0.0
22.50252,35.10842,45.81968,2240.92298,-0.77523,68.02448,8.155329003845438,3.0380746335528053,0.0
22.51373,35.13852,45.77373,2236.55875,-0.79263,68.04086,8.176262505785472,3.045872913819053,0.0
22.52492,35.16857,45.72688,2232.18687,-0.80938,68.05723,8.198179494777605,3.054037568889309,0.0
22.53607,35.19856,45.67915,2227.80665,-0.82544,68.07358,8.221031958147227,3.0625507127789926,0.0
22.5472,35.2285,45.63061,2223.41738,-0.84078,68.08993,8.244769320605224,3.0713935048621916,0.0
22.5583,35.25838,45.58129,2219.01842,-0.85535,68.10626,8.269338505885996,3.0805461728334507,0.0
22.56936,35.28822,45.53125,2214.6091,-0.86913,68.12258,8.294684007452124,3.0899880390471153,0.0
22.5804,35.318,45.48053,2210.1888,-0.88208,68.13889,8.320747969004554,3.099697550509497,0.0
22.59141,35.34772,45.42919,2205.75693,-0.89418,68.15519,8.34747027545254,3.109652312767571,0.0
22.60238,35.37739,45.37728,2201.31292,-0.90539,68.17147,8.374788654979492,3.119829127931185,0.0
22.61333,35.40701,45.32486,2196.85622,-0.91569,68.18775,8.402638792750794,3.1302040370322213,0.0
22.62425,35.43657,45.27198,2192.38632,-0.92505,68.20401,8.430954456735517,3.140752366896489,0.0
22.63514,35.46608,45.21869,2187.90275,-0.93347,68.22025,8.459667636019573,3.151448781669015,0.0
22.64599,35.49554,45.16506,2183.40504,-0.94091,68.23649,8.488708691897482,3.1622673390997043,0.0
22.65682,35.52494,45.11115,2178.8928,-0.94737,68.25271,8.518006521915344,3.17318155165366,0.0
22.66762,35.55428,45.05701,2174.36565,-0.95282,68.26891,8.547488736869294,3.1841644524477686,0.0
22.67839,35.58357,45.0027,2169.82324,-0.95727,68.28511,8.577081850725024,3.195188666000715,0.0
22.68912,35.6128,44.94827,2165.2653,-0.96071,68.30129,8.606711483157063,3.206226483684199,0.0
22.69983,35.64198,44.8938,2160.69154,-0.96312,68.31745,8.636302574383505,3.2172499437545166,0.0
22.71051,35.6711,44.83934,2156.10177,-0.96452,68.3336,8.665779611715728,3.2282309157483007,0.0
22.72115,35.70017,44.78494,2151.4958,-0.9649,68.34974,8.695066867142902,3.2391411889889903,0.0
22.73177,35.72918,44.73066,2146.87352,-0.96426,68.36586,8.724088645091868,3.249952564883915,0.0
22.74236,35.75813,44.67657,2142.23482,-0.96263,68.38197,8.752769539344465,3.260636952632752,0.0
22.75291,35.78702,44.62271,2137.57967,-0.95999,68.39806,8.78103469794246,3.2711664679115873,0.0
22.76344,35.81586,44.56915,2132.90807,-0.95638,68.41413,8.808810094746226,3.281513534035664,0.0
22.77393,35.84464,44.51593,2128.22007,-0.95181,68.43019,8.836022806188538,3.291650985057456,0.0
22.7844,35.87336,44.46311,2123.51577,-0.9463,68.44624,8.862601291622587,3.3015521702036783,0.0
22.79483,35.90203,44.41073,2118.7953,-0.93987,68.46226,8.888475675538848,3.3111910590084994,0.0
22.80524,35.93063,44.35886,2114.05884,-0.93254,68.47828,8.913578029825555,3.3205423464629904,0.0
22.81561,35.95918,44.30753,2109.30662,-0.92435,68.49427,8.937842654173537,3.329581557473304,0.0
22.82595,35.98767,44.25679,2104.53891,-0.91533,68.51025,8.961206352622623,3.338285149881492,0.0
22.83626,36.0161,44.20668,2099.75603,-0.90552,68.52621,8.983608704256515,3.3466306153064633,0.0
22.84654,36.04447,44.15725,2094.95833,-0.89494,68.54216,9.00499232597306,3.3545965770328254,0.0
22.85679,36.07278,44.10853,2090.14621,-0.88364,68.55808,9.02530312529796,3.362162884190644,0.0
22.86701,36.10103,44.06056,2085.3201,-0.87167,68.574,9.044490541234708,3.36931070147838,0.0
22.8772,36.12923,44.01337,2080.48048,-0.85906,68.58989,9.062507771171035,3.3760225936915123,0.0
22.88736,36.15736,43.96699,2075.62786,-0.84586,68.60576,9.079311981982144,3.3822826043640473,0.0
22.89749,36.18543,43.92146,2070.76279,-0.83212,68.62162,9.094864503524478,3.3880763278500363,0.0
22.90758,36.21344,43.87678,2065.88584,-0.81789,68.63746,9.10913100290187,3.3933909742423047,0.0
22.91765,36.24139,43.83299,2060.99762,-0.80323,68.65328,9.12208163797464,3.3982154265586284,0.0
22.92769,36.26928,43.79011,2056.09878,-0.78818,68.66908,9.13369118882423,3.4025402897157675,0.0
22.93769,36.29711,43.74815,2051.18997,-0.7728,68.68487,9.143939165994041,3.4063579308520295,0.0
22.94766,36.32487,43.70712,2046.27188,-0.75714,68.70063,9.152809894621365,3.4096625106686256,0.0
22.9576,36.35258,43.66703,2041.34524,-0.74127,68.71638,9.16029257371964,3.412450005513869,0.0
22.96752,36.38022,43.62789,2036.41075,-0.72524,68.73211,9.16638131014727,3.414718220037458,0.0
22.9774,36.4078,43.5897,2031.46918,-0.70911,68.74782,9.171075127029532,3.4164667903278563,0.0
22.98725,36.43532,43.55247,2026.52127,-0.69293,68.76351,9.174377946588255,3.417697177515893,0.0
22.99706,36.46278,43.51618,2021.56781,-0.67677,68.77918,9.176298547665336,3.418412651951161,0.0
23.00685,36.49018,43.48083,2016.60956,-0.66067,68.79483,9.176850498357688,3.41861826810676,0.0
23.01661,36.51751,43.44642,2011.64733,-0.64471,68.81046,9.176052064485779,3.418320830481414,0.0
23.02634,36.54478,43.41292,2006.68189,-0.62894,68.82608,9.173926094767928,3.4175288508238846,0.0
23.03603,36.57199,43.38033,2001.71403,-0.61341,68.84167,9.170499883830107,3.4162524971005106,0.0
23.0457,36.59914,43.34862,1996.74454,-0.59819,68.85725,9.165805014314067,3.4145035346763346,0.0
23.05533,36.62622,43.31778,1991.77421,-0.58332,68.8728,9.159877179556778,3.412295260258525,0.0
23.06493,36.65324,43.28778,1986.80381,-0.56885,68.88834,9.152755988393432,3.4096424291803626,0.0
23.07451,36.6802,43.2586,1981.8341,-0.55485,68.90385,9.144484753832657,3.4065611766771933,0.0
23.08405,36.7071,43.2302,1976.86584,-0.54137,68.91935,9.13511026738868,3.4030689338192293,0.0
23.09356,36.73393,43.20255,1971.89976,-0.52844,68.93483,9.124682560949072,3.3991843388010063,0.0
23.10304,36.7607,43.17563,1966.93659,-0.51613,68.95028,9.113254658112892,3.394927144308309,0.0
23.11249,36.78741,43.14938,1961.97703,-0.50446,68.96572,9.10088231693202,3.390318121682546,0.0
23.12191,36.81406,43.12379,1957.02177,-0.4935,68.98114,9.08762376602928,3.3853789626178057,0.0
23.1313,36.84064,43.0988,1952.07146,-0.48327,68.99654,9.073539435972327,3.380132179090564,0.0
23.14066,36.86716,43.07438,1947.12675,-0.47382,69.01192,9.058691687849022,3.3746010022468664,0.0
23.14999,36.89362,43.05048,1942.18823,-0.46518,69.02728,9.04314454080299,3.368809280902162,0.0
23.15929,36.92002,43.02706,1937.2565,-0.45738,69.04262,9.026963400290951,3.362781380309997,0.0
23.16856,36.94635,43.00407,1932.3321,-0.45045,69.05794,9.010214788714212,3.356542081815169,0.0
23.1778,36.97262,42.98147,1927.41557,-0.44443,69.07325,8.992966079936888,3.3501164839547743,0.0
23.18701,36.99883,42.95921,1922.50738,-0.43934,69.08853,8.975285239094916,3.3435299055302186,0.0
23.19619,37.02498,42.93723,1917.60802,-0.43519,69.10379,8.957240569012258,3.336807791140585,0.0
23.20534,37.05106,42.91549,1912.71789,-0.43202,69.11904,8.938900464328777,3.329975619588791,0.0
23.21446,37.07708,42.89395,1907.83739,-0.42982,69.13426,8.920333174371562,3.3230588155449277,0.0
23.22355,37.10304,42.87254,1902.96689,-0.42862,69.14947,8.901606575632199,3.3160826647880484,0.0
23.23261,37.12894,42.85122,1898.10671,-0.42843,69.16466,8.882787954564519,3.3090722332926163,0.0
23.24164,37.15478,42.82995,1893.25713,-0.42926,69.17983,8.863943801289716,3.302052290378239,0.0
23.25064,37.18055,42.80866,1888.41841,-0.4311,69.19498,8.845139614669579,3.2950472360943115,0.0
23.25961,37.20627,42.7873,1883.59077,-0.43396,69.21011,8.826439719051011,3.2880810329525296,0.0
23.26856,37.23192,42.76584,1878.77439,-0.43783,69.22523,8.807907092881736,3.2811771420817326,0.0
23.27747,37.25751,42.74422,1873.96942,-0.44272,69.24032,8.789603209279047,3.274358463835568,0.0
23.28636,37.28304,42.72238,1869.17597,-0.44862,69.2554,8.771587888519754,3.2676472828411143,0.0
23.29522,37.30851,42.7003,1864.39411,-0.45551,69.27046,8.753919162323484,3.2610652174408385,0.0
23.30404,37.33392,42.6779,1859.6239,-0.46338,69.2855,8.736653149718727,3.254633173449433,0.0
23.31284,37.35927,42.65516,1854.86532,-0.47222,69.30052,8.719843944185092,3.2483713021113387,0.0
23.32161,37.38455,42.63203,1850.11836,-0.48201,69.31552,8.703543511729722,3.242298962131523,0.0
23.33036,37.40978,42.60846,1845.38296,-0.49272,69.33051,8.687801599448324,3.2364346856120623,0.0
23.33907,37.43494,42.5844,1840.65902,-0.50434,69.34548,8.672665654148696,3.230796147737262,0.0
23.34776,37.46005,42.55984,1835.94642,-0.51684,69.36043,8.65818075048431,3.2254001400015246,0.0
23.35641,37.4851,42.53471,1831.245,-0.53019,69.37536,8.644389528086414,3.220262546789409,0.0
23.36504,37.51008,42.50899,1826.55457,-0.54436,69.39028,8.631332137166357,3.2153983251110554,0.0
23.37364,37.53501,42.48264,1821.87493,-0.55932,69.40517,8.61904619197773,3.210821487265619,0.0
23.38222,37.55987,42.45562,1817.20582,-0.57503,69.42005,8.60756673163644,3.2065450862457086,0.0
23.39076,37.58468,42.42791,1812.54697,-0.59147,69.43492,8.596926187686302,3.2025812036547205,0.0
23.39928,37.60942,42.39948,1807.89808,-0.60858,69.44976,8.587154357905233,3.1989409399489563,0.0
23.40777,37.63411,42.3703,1803.25883,-0.62634,69.46459,8.578278385813544,3.1956344068039217,0.0
23.41623,37.65874,42.34034,1798.62887,-0.6447,69.4794,8.570322745398924,3.1926707214239776,0.0
23.42467,37.68331,42.30958,1794.00782,-0.66362,69.49419,8.563309230566423,3.19005800261219,0.0
23.43308,37.70782,42.278,1789.39529,-0.68305,69.50897,8.557256948909894,3.1878033684500187,0.0
23.44146,37.73227,42.24558,1784.79087,-0.70296,69.52373,8.552182319380261,3.185912935428692,0.0
23.44981,37.75666,42.2123,1780.19411,-0.72329,69.53847,8.548099073525496,3.1843918189111275,0.0
23.45813,37.78099,42.17815,1775.60456,-0.74401,69.5532,8.54501825996473,3.1832441347986578,0.0
23.46643,37.80526,42.14313,1771.02175,-0.76505,69.5679,8.542948251858435,3.182473002313872,0.0
23.4747,37.82948,42.10721,1766.44519,-0.78638,69.58259,8.541894757130848,3.182080547808732,0.0
23.48295,37.85363,42.07039,1761.87438,-0.80794,69.59727,8.541860831303406,3.1820679095453683,0.0
23.49116,37.87773,42.03268,1757.3088,-0.82969,69.61192,8.54284689280023,3.182435243397774,0.0
23.49935,37.90177,41.99406,1752.74792,-0.85157,69.62656,8.54485074065326,3.1831817294474374,0.0
23.50752,37.92575,41.95453,1748.19121,-0.87354,69.64118,8.547867574588873,3.1843055794661312,0.0
23.51565,37.94967,41.9141,1743.63811,-0.89555,69.65579,8.551890017515888,3.185804045293288,0.0
23.52376,37.97353,41.87277,1739.08807,-0.91755,69.67038,8.556908140478537,3.187673428131636,0.0
23.53185,37.99733,41.83056,1734.54053,-0.93948,69.68495,8.562909490169195,3.18990908879642,0.0
23.5399,38.02108,41.78746,1729.99492,-0.96131,69.6995,8.569879119180543,3.192505458985124,0.0
23.54793,38.04477,41.74349,1725.45067,-0.98297,69.71404,8.577799619152492,3.1954560536255703,0.0
23.55594,38.06839,41.69866,1720.90721,-1.00443,69.72855,8.586651157026846,3.198753484381746,0.0
23.56391,38.09196,41.65299,1716.36396,-1.02563,69.74306,8.596411514689965,3.2023894744217243,0.0
23.57186,38.11547,41.6065,1711.82035,-1.04653,69.75754,8.607056132247985,3.2063548745388295,0.0
23.57978,38.13892,41.5592,1707.27582,-1.06708,69.77201,8.618558155236562,3.210639680738513,0.0
23.58768,38.16232,41.51112,1702.7298,-1.08724,69.78646,8.630888486079403,3.215233053408003,0.0
23.59555,38.18565,41.46228,1698.18173,-1.10697,69.80089,8.644015840100447,3.220123338182313,0.0
23.6034,38.20893,41.41271,1693.63106,-1.12621,69.8153,8.657906806440836,3.2252980886374294,0.0
23.61121,38.23214,41.36243,1689.07725,-1.14495,69.82969,8.672525914188068,3.2307440909251475,0.0
23.61901,38.2553,41.31147,1684.51976,-1.16312,69.84407,8.687835704023714,3.23644739046374,0.0
23.62677,38.2784,41.25986,1679.95807,-1.1807,69.85843,8.703796805737682,3.2423933208140547,0.0
23.63451,38.30144,41.20763,1675.39168,-1.19765,69.87277,8.720368021844836,3.2485665348289063,0.0
23.64222,38.32442,41.15481,1670.82009,-1.21394,69.8871,8.73750641759466,3.2549510381840476,0.0
23.64991,38.34734,41.10145,1666.24283,-1.22954,69.9014,8.755167417601097,3.261530225375322,0.0
23.65757,38.3702,41.04756,1661.65943,-1.24441,69.91569,8.77330490926212,3.26828691824518,0.0
23.6652,38.393,40.9932,1657.06946,-1.25853,69.92995,8.791871353138033,3.2752034071014973,0.0
23.67281,38.41574,40.93839,1652.4725,-1.27187,69.9442,8.8108179003587,3.2822614944548554,0.0
23.68039,38.43842,40.88317,1647.86814,-1.28441,69.95843,8.830094517109165,3.289442541392715,0.0
23.68794,38.46105,40.82759,1643.25602,-1.29614,69.97264,8.849650116160223,3.2967275165780134,0.0
23.69547,38.48361,40.77168,1638.63578,-1.30702,69.98683,8.869432695354325,3.304097047838801,0.0
23.70297,38.50611,40.71547,1634.0071,-1.31706,70.00101,8.889389482871378,3.311531476283586,0.0
23.71045,38.52855,40.65902,1629.36967,-1.32623,70.01516,8.90946708904774,3.3190109128578915,0.0
23.7179,38.55093,40.60235,1624.72322,-1.33452,70.02929,8.92961166441038,3.3265152972161536,0.0
23.72532,38.57326,40.54551,1620.06751,-1.34194,70.04341,8.949769063538753,3.3340244587645627,0.0
23.73272,38.59552,40.48854,1615.40232,-1.34847,70.0575,8.969885014267513,3.3415181796935443,0.0
23.74009,38.61771,40.43148,1610.72747,-1.35411,70.07157,8.989905291673596,3.348976259792512,0.0
23.74743,38.63985,40.37436,1606.04279,-1.35887,70.08563,9.009775896200434,3.35637858280583,0.0
23.75475,38.66193,40.31723,1601.34817,-1.36275,70.09966,9.029443235198476,3.363705184061433,0.0
23.76204,38.68395,40.26012,1596.6435,-1.36575,70.11367,9.048854307091771,3.3709363190777264,0.0
23.76931,38.7059,40.20308,1591.92873,-1.36789,70.12766,9.067956887298493,3.3780525328238653,0.0
23.77654,38.72779,40.14613,1587.20383,-1.36918,70.14164,9.086699715010829,3.385034729300187,0.0
23.78376,38.74962,40.08931,1582.46879,-1.36964,70.15559,9.105032679791616,3.391864241050365,0.0
23.79094,38.77139,40.03267,1577.72365,-1.36928,70.16951,9.122907007015844,3.398522898243243,0.0
23.7981,38.7931,39.97622,1572.96848,-1.36813,70.18342,9.14027544105673,3.404993096914476,0.0
23.80524,38.81474,39.92001,1568.20337,-1.36621,70.19731,9.157092425115385,3.4112578659578072,0.0
23.81234,38.83632,39.86406,1563.42845,-1.36355,70.21117,9.173314276585689,3.417300932453095,0.0
23.81942,38.85784,39.80841,1558.64388,-1.36017,70.22502,9.188899356829204,3.423106784911945,0.0
23.82648,38.8793,39.75307,1553.84985,-1.35612,70.23884,9.20380823423352,3.4286607340212254,0.0
23.83351,38.90069,39.69809,1549.04659,-1.35141,70.25264,9.218003839454873,3.4339489704750332,0.0
23.84051,38.92202,39.64348,1544.23433,-1.3461,70.26641,9.231451611789831,3.43895861950199,0.0
23.84748,38.94329,39.58927,1539.41335,-1.34021,70.28017,9.244119635618091,3.443677791693784,0.0
23.85443,38.96449,39.53547,1534.58397,-1.33379,70.2939,9.25597876596391,3.4480956297801,0.0
23.86135,38.98563,39.48211,1529.7465,-1.32689,70.30761,9.267002742277754,3.4522023510152806,0.0
23.86825,39.00671,39.42921,1524.90131,-1.31954,70.3213,9.27716828957819,3.4559892848563405,0.0
23.87512,39.02772,39.37677,1520.04877,-1.31179,70.33496,9.286455206243929,3.4594489056678115,0.0
23.88196,39.04867,39.32482,1515.18928,-1.30369,70.3486,9.294846437801162,3.462574860209471,0.0
23.88878,39.06956,39.27336,1510.32327,-1.29529,70.36222,9.302328136171798,3.465361989707865,0.0
23.89557,39.09038,39.2224,1505.45117,-1.28664,70.37582,9.308889703935655,3.4678063463451405,0.0
23.90233,39.11113,39.17195,1500.57345,-1.27779,70.38939,9.314523823353099,3.4699052040707423,0.0
23.90907,39.13183,39.12201,1495.69058,-1.26879,70.40294,9.319226469876922,3.471657063634943,0.0
23.91578,39.15245,39.07259,1490.80304,-1.25969,70.41647,9.322996910180693,3.4730616518543522,0.0
23.92247,39.17302,39.02369,1485.91135,-1.25055,70.42997,9.325837684687118,3.474119915103271,0.0
23.92912,39.19352,38.9753,1481.01601,-1.24141,70.44345,9.327754574819,3.474834007113812,0.0
23.93576,39.21395,38.92743,1476.11755,-1.23234,70.45691,9.32875655526418,3.475207271193334,0.0
23.94236,39.23432,38.88006,1471.2165,-1.22339,70.47034,9.328855731665953,3.475244217012482,0.0
23.94894,39.25462,38.83319,1466.3134,-1.2146,70.48375,9.328067264260339,3.4749504921580647,0.0
23.9555,39.27486,38.78681,1461.40877,-1.20603,70.49714,9.326409278106755,3.4743328486916147,0.0
23.96202,39.29504,38.74091,1456.50318,-1.19773,70.5105,9.323902760607817,3.473399104972815,0.0
23.96852,39.31515,38.69547,1451.59715,-1.18976,70.52384,9.320571447141251,3.472158103054387,0.0
23.975,39.33519,38.65048,1446.69123,-1.18216,70.53716,9.316441695685475,3.4706196619768095,0.0
23.98145,39.35517,38.60593,1441.78597,-1.17498,70.55045,9.31154235135737,3.4687945273050826,0.0
23.98787,39.37509,38.56178,1436.88189,-1.16826,70.56372,9.305904601902565,3.4666943172950524,0.0
23.99427,39.39494,38.51803,1431.97952,-1.16206,70.57696,9.299561825130343,3.464331466058899,0.0
24.00064,39.41472,38.47465,1427.07939,-1.15642,70.59018,9.292549429388707,3.461719164137903,0.0
24.00698,39.43444,38.43162,1422.18199,-1.15138,70.60338,9.284904688136166,3.458871296876083,0.0
24.0133,39.4541,38.38891,1417.28784,-1.14697,70.61655,9.276666569722718,3.455802381009134,0.0
24.0196,39.47368,38.3465,1412.39742,-1.14325,70.6297,9.267875563443154,3.4525274998646998,0.0
24.02586,39.49321,38.30436,1407.51121,-1.14024,70.64283,9.258573502941028,3.4490622375757156,0.0
24.0321,39.51267,38.26246,1402.62966,-1.13798,70.65593,9.248803387982262,3.4454226126863796,0.0
24.03832,39.53206,38.22078,1397.75323,-1.13651,70.66901,9.238609205635035,3.4416250115369564,0.0
24.04451,39.55139,38.17928,1392.88232,-1.13584,70.68207,9.228035751785603,3.437686121773729,0.0
24.05068,39.57066,38.13794,1388.01736,-1.13601,70.6951,9.217128453921045,3.4336228663309023,0.0
24.05682,39.58986,38.09672,1383.15874,-1.13705,70.70811,9.20593319603128,3.4294523382020015,0.0
24.06293,39.60899,38.05559,1378.30682,-1.13897,70.7211,9.194496146420457,3.425191736295083,0.0
24.06902,39.62806,38.01451,1373.46195,-1.14179,70.73406,9.18286358916139,3.4208583026450783,0.0
24.07508,39.64707,37.97347,1368.62446,-1.14553,70.747,9.171081759855575,3.416469261230076,0.0
24.08112,39.66601,37.93242,1363.79466,-1.1502,70.75992,9.159196686293791,3.412041758613206,0.0
24.08713,39.68489,37.89133,1358.97283,-1.15581,70.77281,9.147254034520893,3.4075928065977226,0.0
24.09312,39.7037,37.85017,1354.15923,-1.16238,70.78568,9.13529896079274,3.4031392270770633,0.0
24.09908,39.72245,37.80891,1349.35409,-1.1699,70.79853,9.12337596976267,3.398697599205588,0.0
24.10502,39.74113,37.76751,1344.55763,-1.17838,70.81136,9.111528779258613,3.3942842090244842,0.0
24.11093,39.75975,37.72594,1339.77005,-1.18782,70.82416,9.099800191848933,3.3899150016166715,0.0
24.11682,39.77831,37.68418,1334.99149,-1.19822,70.83694,9.088231973436825,3.385605535880016,0.0
24.12268,39.7968,37.64219,1330.22212,-1.20956,70.8497,9.076864738965382,3.381370941949464,0.0
24.12852,39.81523,37.59993,1325.46203,-1.22184,70.86243,9.065737845342987,3.377225881308931,0.0
24.13434,39.83359,37.55738,1320.71133,-1.23506,70.87515,9.05488929158447,3.3731845095912547,0.0
24.14012,39.85189,37.51452,1315.97008,-1.24919,70.88784,9.044355626173274,3.369260442068167,0.0
24.14589,39.87013,37.47131,1311.23833,-1.26422,70.9005,9.03417186155502,3.3654667217968943,0.0
24.15163,39.88831,37.42772,1306.5161,-1.28013,70.91315,9.02437139568707,3.361815790395305,0.0
24.15735,39.90642,37.38373,1301.80339,-1.2969,70.92577,9.014985940510197,3.358319461395733,0.0
24.16304,39.92446,37.33932,1297.10017,-1.31451,70.93838,9.006045457189419,3.3549888961204686,0.0
24.1687,39.94245,37.29446,1292.40639,-1.33293,70.95096,8.997578097940448,3.3518345820105973,0.0
24.17435,39.96037,37.24912,1287.722,-1.35213,70.96351,8.989610154267186,3.3488663133430916,0.0
24.17997,39.97823,37.20329,1283.04689,-1.37209,70.97605,8.98216601140799,3.3460931742608544,0.0
24.18556,39.99602,37.15695,1278.38095,-1.39276,70.98856,8.975268108772674,3.343523524034458,0.0
24.19113,40.01376,37.11007,1273.72406,-1.41413,71.00106,8.968936906178415,3.3411649844841302,0.0
24.19668,40.03143,37.06264,1269.07607,-1.43615,71.01353,8.963190855650192,3.3390244294746787,0.0
24.20221,40.04904,37.01464,1264.43679,-1.45879,71.02598,8.9580463786083,3.3371079764172364,0.0
24.20771,40.06658,36.96607,1259.80605,-1.48201,71.03841,8.95351784823422,3.335420979700086,0.0
24.21318,40.08407,36.91689,1255.18364,-1.50577,71.05081,8.949617576822071,3.333968025976743,0.0
24.21864,40.10149,36.86711,1250.56934,-1.53003,71.0632,8.946355807943068,3.3327529312470108,0.0
24.22407,40.11885,36.81672,1245.9629,-1.55475,71.07556,8.943740713275538,3.3317787396760745,0.0
24.22947,40.13614,36.76569,1241.36409,-1.57989,71.08791,8.941778393935785,3.3310477240902867,0.0
24.23485,40.15338,36.71404,1236.77263,-1.60539,71.10023,8.940472886193989,3.330561388106492,0.0
24.24021,40.17055,36.66174,1232.18825,-1.63123,71.11253,8.939826171461005,3.3303204698523667,0.0
24.24555,40.18766,36.60881,1227.61064,-1.65735,71.12481,8.939838190456564,3.330324947244451,0.0
24.25086,40.20471,36.55523,1223.03953,-1.6837,71.13706,8.940506861461223,3.33057404478748,0.0
24.25615,40.2217,36.501,1218.47458,-1.71025,71.1493,8.941828102639342,3.3310662418902766,0.0
24.26142,40.23862,36.44613,1213.91549,-1.73695,71.16151,8.943795858338087,3.3317992826628275,0.0
24.26666,40.25549,36.39062,1209.36193,-1.76376,71.17371,8.946402129381918,3.3327701872017728,0.0
24.27188,40.27229,36.33447,1204.81355,-1.79062,71.18588,8.949637007312363,3.333975264345624,0.0
24.27708,40.28903,36.27768,1200.27004,-1.81749,71.19803,8.953488712606315,3.335410125912087,0.0
24.28226,40.30571,36.22027,1195.73103,-1.84433,71.21016,8.957943636859653,3.337069702412567,0.0
24.28741,40.32233,36.16223,1191.19619,-1.8711,71.22227,8.962986388962625,3.3389482602537175,0.0
24.29254,40.33889,36.10359,1186.66516,-1.89775,71.23436,8.968599845301934,3.341039420439036,0.0
24.29764,40.35539,36.04434,1182.13761,-1.92423,71.24643,8.974765203998892,3.3433361787740026,0.0
24.30273,40.37182,35.98451,1177.61317,-1.95052,71.25847,8.98146204322555,3.3458309275903777,0.0
24.30779,40.38819,35.9241,1173.0915,-1.97656,71.2705,8.9886683836182,3.3485154789968674,0.0
24.31283,40.40451,35.86313,1168.57226,-2.00233,71.2825,8.9963607548133,3.35138108966551,0.0
24.31784,40.42076,35.80162,1164.05511,-2.02777,71.29448,9.004514266108878,3.354418487154906,0.0
24.32284,40.43695,35.73957,1159.53971,-2.05286,71.30644,9.013102681263346,3.3576178977747477,0.0
24.32781,40.45307,35.67701,1155.02573,-2.07756,71.31838,9.022098497405306,3.360969075981796,0.0
24.33276,40.46914,35.61396,1150.51285,-2.10184,71.3303,9.031473028026728,3.364461335297021,0.0
24.33768,40.48515,35.55043,1146.00076,-2.12566,71.34219,9.041196490005362,3.368083580723744,0.0
24.34259,40.50109,35.48645,1141.48914,-2.149,71.35406,9.051238094579627,3.371824342638176,0.0
24.34747,40.51698,35.42203,1136.97771,-2.17184,71.36592,9.06156614217025,3.37567181211297,0.0
24.35233,40.5328,35.35719,1132.46618,-2.19414,71.37775,9.072148120918419,3.3796138776252804,0.0
24.35716,40.54856,35.29196,1127.95429,-2.21588,71.38956,9.082950808780927,3.3836381630898886,0.0
24.36198,40.56426,35.22636,1123.44176,-2.23705,71.40134,9.093940378970688,3.3877320671385687,0.0
24.36677,40.5799,35.16041,1118.92837,-2.25763,71.41311,9.105082508550602,3.39188280357416,0.0
24.37154,40.59547,35.09414,1114.41387,-2.27759,71.42485,9.116342489864701,3.3960774428816007,0.0
24.37629,40.61099,35.02756,1109.89807,-2.29694,71.43657,9.127685344562082,3.4003029547048444,0.0
24.38101,40.62644,34.9607,1105.38076,-2.31565,71.44827,9.13907593983536,3.40454625114874,0.0
24.38572,40.64183,34.89358,1100.86177,-2.33372,71.45995,9.150479106532952,3.408794230778966,0.0
24.3904,40.65717,34.82622,1096.34093,-2.35114,71.4716,9.161859758720697,3.4130338231618813,0.0
24.39506,40.67244,34.75866,1091.8181,-2.36792,71.48324,9.173183014280404,3.417252033790658,0.0
24.39969,40.68764,34.6909,1087.29316,-2.38405,71.49484,9.184414316049807,3.4214359892130948,0.0
24.40431,40.70279,34.62298,1082.76601,-2.39954,71.50643,9.195519553029637,3.4255729821844514,0.0
24.4089,40.71787,34.55491,1078.23657,-2.41439,71.518,9.206465181126275,3.4296505166472575,0.0
24.41347,40.7329,34.48672,1073.70477,-2.42861,71.52954,9.217218342890046,3.4336563523369765,0.0
24.41802,40.74786,34.41842,1069.17057,-2.44221,71.54106,9.22774698568969,3.4375785488051083,0.0
24.42255,40.76276,34.35005,1064.63394,-2.45521,71.55255,9.238019977739697,3.4414055086424242,0.0
24.42705,40.7776,34.28161,1060.0949,-2.46762,71.56403,9.248007221408857,3.4451260196893827,0.0
24.43154,40.79237,34.21313,1055.55346,-2.47947,71.57548,9.257679763204765,3.448729296008249,0.0
24.436,40.80709,34.14462,1051.00966,-2.49077,71.58691,9.26700989986216,3.4522050174037995,0.0
24.44044,40.82174,34.07611,1046.46357,-2.50154,71.59831,9.275971279950287,3.4555433672747276,0.0
24.44486,40.83633,34.0076,1041.91527,-2.51182,71.60969,9.284539000418391,3.4587350685793896,0.0
24.44925,40.85086,33.93913,1037.36486,-2.52164,71.62105,9.292689697552904,3.4617714177197443,0.0
24.45362,40.86532,33.87069,1032.81247,-2.53102,71.63238,9.300401631796811,3.4646443161388016,0.0
24.45798,40.87973,33.8023,1028.25824,-2.54,71.64369,9.307654765932114,3.4673462994456465,0.0
24.46231,40.89407,33.73398,1023.70235,-2.54861,71.65498,9.314430836184812,3.4698705639039154,0.0
24.46661,40.90835,33.66574,1019.14496,-2.5569,71.66625,9.320713415793326,3.4722109901127043,0.0
24.4709,40.92256,33.59759,1014.58629,-2.5649,71.67749,9.326487970694721,3.474362163751158,0.0
24.47517,40.93672,33.52953,1010.02655,-2.57264,71.6887,9.331741906956509,3.4763193932480565,0.0
24.47941,40.95081,33.46158,1005.46598,-2.58018,71.6999,9.336464609693255,3.4780787242792823,0.0
24.48363,40.96484,33.39375,1000.90482,-2.58756,71.71107,9.340647473247266,3.4796369510109155,0.0
24.48783,40.97881,33.32602,996.34336,-2.59482,71.72221,9.344283922434283,3.480991624013816,0.0
