0.05121,0.05121,54.20741,5409.9625,-0.34063,45.00009,14.609463237226437,5.442409453979287,0.0
0.10234,0.10234,54.17053,5401.85359,-0.18038,45.00022,14.641462767024594,5.454330120787401,0.0
0.15339,0.15339,54.15637,5393.69943,-0.01999,45.00038,14.626406585734273,5.448721297104784,0.0
0.20437,0.20437,54.16484,5385.52625,0.13981,45.00057,14.564786324206183,5.425766128358912,0.0
0.25526,0.25527,54.19571,5377.36004,0.29826,45.00079,14.457746511974191,5.3858909819155345,0.0
0.30608,0.30609,54.24869,5369.22614,0.45467,45.00104,14.307045021693137,5.3297507115909895,0.0
0.35683,0.35683,54.32338,5361.14893,0.60833,45.00132,14.114996119336453,5.258207442352386,0.0
0.40749,0.4075,54.41928,5353.15153,0.75861,45.00164,13.88439917331785,5.172304012589649,0.0
0.45807,0.45809,54.5358,5345.25554,0.9049,45.00199,13.618456646469566,5.073233423969651,0.0
0.50858,0.5086,54.67229,5337.48084,1.04665,45.00237,13.32068529545203,4.962305760879841,0.0
0.55901,0.55904,54.82804,5329.84537,1.18336,45.00278,12.994824531650144,4.8409140524509295,0.0
0.60937,0.6094,55.00224,5322.3651,1.3146,45.00323,12.64474568047031,4.710500469257503,0.0
0.65965,0.65969,55.19407,5315.0539,1.44,45.00371,12.27436545487113,4.5725240899315605,0.0
0.70986,0.70991,55.40264,5307.92355,1.55925,45.00423,11.887566390178199,4.42843126103754,0.0
0.75999,0.76006,55.62706,5300.98375,1.67209,45.00478,11.488126331067326,4.279629329118255,0.0
0.81006,0.81014,55.86637,5294.24221,1.77834,45.00537,11.07965837680623,4.127464268717294,0.0
0.86006,0.86016,56.11962,5287.70468,1.87786,45.006,10.665562028968768,3.973202483617191,0.0
0.90999,0.91011,56.38586,5281.37515,1.97058,45.00667,10.248985687208966,3.8180168355284474,0.0
0.95986,0.95999,56.66412,5275.25591,2.05646,45.00738,9.832800131582214,3.662976765556468,0.0
1.00967,1.00982,56.95344,5269.34774,2.13552,45.00812,9.419582229592711,3.509042224648029,0.0
1.05941,1.05959,57.25287,5263.65006,2.20782,45.00891,9.011607817236081,3.357061021592352,0.0
1.1091,1.1093,57.56147,5258.16106,2.27344,45.00974,8.610852520764887,3.207769129150369,0.0
1.15873,1.15896,57.87832,5252.87792,2.33251,45.01062,8.21899919869492,3.061793456397888,0.0
1.20831,1.20857,58.20253,5247.79688,2.38517,45.01154,7.837450676230687,2.9196565926341385,0.0
1.25784,1.25813,58.53322,5242.91346,2.43159,45.0125,7.46734649965483,2.7817830488326707,0.0
1.30731,1.30764,58.86957,5238.22256,2.47197,45.01351,7.109582539201379,2.648506560227428,0.0
1.35674,1.3571,59.21074,5233.71859,2.50651,45.01457,6.764832399555624,2.520078062287284,0.0
1.40612,1.40652,59.55597,5229.39558,2.53541,45.01567,6.433569743722732,2.396674006944489,0.0
1.45545,1.4559,59.90449,5225.2473,2.55889,45.01682,6.1160907872108545,2.278404742269728,0.0
1.50475,1.50524,60.2556,5221.26734,2.57719,45.01802,5.812536366891882,2.165322733703422,0.0
1.554,1.55454,60.6086,5217.4492,2.59051,45.01927,5.5229131261908515,2.0574304560961956,0.0
1.60321,1.60381,60.96283,5213.78635,2.5991,45.02057,5.247113481655817,1.9546878317815077,0.0
1.65239,1.65304,61.31769,5210.27227,2.60317,45.02193,4.984934143258667,1.8570191298750045,0.0
1.70152,1.70224,61.67257,5206.90054,2.60294,45.02333,4.736093051297667,1.7643192757163528,0.0
1.75063,1.7514,62.02691,5203.66486,2.59863,45.02479,4.500244666892763,1.676459546981057,0.0
1.7997,1.80054,62.38018,5200.55908,2.59046,45.0263,4.2769936118729,1.5932926548973734,0.0
1.84873,1.84965,62.73189,5197.57723,2.57861,45.02786,4.065906698832831,1.5146572257590012,0.0
1.89774,1.89873,63.08155,5194.71353,2.56329,45.02947,3.8665234251290537,1.4403817102146814,0.0
1.94672,1.94779,63.42871,5191.96243,2.54469,45.03115,3.678365027387151,1.3702877563104219,0.0
1.99566,1.99682,63.77296,5189.31859,2.52299,45.03287,3.5009422074365295,1.3041930876034666,0.0
2.04458,2.04583,64.11389,5186.77692,2.49836,45.03465,3.3337616482381875,1.2419139305168347,0.0
2.09348,2.09481,64.45112,5184.33253,2.47098,45.03649,3.1763314407078864,1.1832670359737403,0.0
2.14234,2.14378,64.78431,5181.98079,2.44099,45.03838,3.0281655406798045,1.1280713397338233,0.0
2.19119,2.19272,65.11313,5179.71729,2.40855,45.04033,2.8887873707287577,1.076149304166696,0.0
2.24001,2.24165,65.43724,5177.53784,2.3738,45.04234,2.757732675004099,1.027327981752686,0.0
2.2888,2.29055,65.75637,5175.43849,2.33687,45.0444,2.634551727426175,0.9814398376941164,0.0
2.33757,2.33945,66.07023,5173.41548,2.2979,45.04652,2.5188109850518052,0.9383233658374517,0.0
2.38633,2.38832,66.37857,5171.46527,2.257,45.0487,2.410094269652167,0.8978235288421473,0.0
2.43506,2.43718,66.68114,5169.58452,2.21429,45.05094,2.3080035518056548,0.85979205027587,0.0
2.48378,2.48601,66.97702,5167.77131,2.15978,45.02759,2.2123727577471124,0.8241670632914361,-42.999999266499074
2.5325,2.53481,67.26535,5166.02367,2.10408,45.00534,2.12301287249911,0.7908781548364695,-42.999999266499074
2.58123,2.58358,67.54598,5164.33852,2.04726,44.98413,2.0395183639747425,0.7597742535384063,-42.999999266499074
2.62996,2.63231,67.81878,5162.71294,1.9894,44.96389,1.9615131070671423,0.7307152428984917,-42.999999266499074
2.67869,2.68101,68.08361,5161.14421,1.93057,44.94455,1.8886471537496123,0.7035707580690937,-42.999999266499074
2.72742,2.72969,68.34035,5159.6298,1.87082,44.92607,1.8205952118465756,0.6782196191558582,-42.999999266499074
2.77615,2.77833,68.5889,5158.16731,1.81021,44.90839,1.7570551706477977,0.6545492819702113,-42.999999266499074
2.82488,2.82695,68.82914,5156.75452,1.7488,44.89147,1.6977466822469096,0.6324553095406332,-42.999999266499074
2.87361,2.87555,69.06098,5155.38932,1.68664,44.87525,1.6424098048896185,0.611840866724171,-42.999999266499074
2.92235,2.92412,69.28433,5154.06974,1.62377,44.8597,1.590803712472661,0.5926162394608425,-42.999999266499074
2.97108,2.97267,69.4991,5152.79393,1.56025,44.84477,1.5427054726589202,0.5746983795893689,-42.999999266499074
3.01981,3.02119,69.7052,5151.56014,1.49611,44.83042,1.4979088946813492,0.5580104756238201,-42.999999266499074
3.06855,3.0697,69.90258,5150.36673,1.4314,44.81663,1.4562234468665276,0.5424815495026564,-42.999999266499074
3.11728,3.11818,70.09115,5149.21215,1.36615,44.80335,1.4174732430588934,0.528046079005088,-42.999999266499074
3.16602,3.16664,70.27086,5148.09493,1.3004,44.79055,1.381496096519724,0.5146436453035509,-42.999999266499074
3.21475,3.21509,70.44163,5147.01368,1.23419,44.7782,1.3481426394034326,0.502218604945459,-42.999999266499074
3.26349,3.26352,70.60342,5145.9671,1.16754,44.76628,1.3172755055946022,0.49071978543849964,-42.999999266499074
3.31223,3.31193,70.75618,5144.95391,1.10049,44.75476,1.2887685744745145,0.48010020353376753,-42.999999266499074
3.36096,3.36032,70.89985,5143.97295,1.03306,44.7436,1.262506273065388,0.47031680525613045,-42.999999266499074
3.4097,3.4087,71.03439,5143.02306,0.96529,44.7328,1.2383829339442436,0.4613302267102516,-42.999999266499074
3.45843,3.45706,71.15976,5142.10317,0.8972,44.72231,1.2163022063287083,0.45310457469455545,-42.999999266499074
3.50717,3.5054,71.27593,5141.21224,0.82881,44.71212,1.1961765177838772,0.44560722617287035,-42.999999266499074
3.55591,3.55374,71.38286,5140.34925,0.76015,44.70222,1.177926584088469,0.4388086456866757,-42.999999266499074
3.60464,3.60205,71.48051,5139.51326,0.69125,44.69257,1.161480964909823,0.4326822198323472,-42.999999266499074
3.65338,3.65036,71.56886,5138.70332,0.62212,44.68315,1.1467756630713277,0.42720410797773,-42.999999266499074
3.70212,3.69865,71.64789,5137.91854,0.55279,44.67396,1.1337537653426515,0.42235310844704815,-42.999999266499074
3.75085,3.74693,71.71756,5137.15803,0.48327,44.66496,1.122365122847294,0.41811053946430904,-42.999999266499074
3.79959,3.7952,71.77787,5136.42094,0.4136,44.65614,1.1125660693433443,0.41446013420547284,-42.999999266499074
3.84833,3.84346,71.82879,5135.70642,0.34378,44.64749,1.1043191758093296,0.4113879493752242,-42.999999266499074
3.89707,3.8917,71.87031,5135.01365,0.27385,44.63898,1.097593039940502,0.4088822867888001,-42.999999266499074
3.94581,3.93994,71.90241,5134.34182,0.2038,44.6306,1.0923621093412241,0.40693362750650175,-42.999999266499074
3.99455,3.98816,71.9251,5133.69012,0.13368,44.62234,1.088606537366468,0.4055345781308592,-42.999999266499074
4.04329,4.03637,71.93835,5133.05774,0.06349,44.61416,1.0863120707575387,0.4046798289479833,-42.999999266499074
4.09203,4.08458,71.94216,5132.44389,-0.00675,44.60607,1.0854699683786102,0.40436612365478536,-42.999999266499074
4.14077,4.13277,71.93653,5131.84777,-0.07701,44.59803,1.0860769505453942,0.4045922404825743,-42.999999266499074
4.18951,4.18096,71.92147,5131.26856,-0.14729,44.59005,1.0881351786064344,0.4053589845905514,-42.999999266499074
4.23826,4.22913,71.89696,5130.70547,-0.21756,44.58209,1.0916522646106706,0.40666919166723164,-42.999999266499074
4.28701,4.2773,71.86302,5130.15766,-0.2878,44.57414,1.0966413110666609,0.40852774274180065,-42.999999266499074
4.33575,4.32546,71.81966,5129.6243,-0.358,44.56619,1.1031209809674463,0.410941590270219,-42.999999266499074
4.3845,4.37361,71.76687,5129.10454,-0.42813,44.55821,1.1111155984220145,0.4139197956230907,-42.999999266499074
4.43325,4.42175,71.70468,5128.59751,-0.49818,44.5502,1.1206552804001553,0.4174735781640875,-42.999999266499074
4.48201,4.46988,71.6331,5128.10231,-0.56813,44.54212,1.1317761002615907,0.42161637616885295,-42.999999266499074
4.53076,4.51801,71.55214,5127.61801,-0.63796,44.53397,1.14452028389836,0.4263639198932018,-42.999999266499074
4.57952,4.56612,71.46183,5127.14367,-0.70764,44.52573,1.1589364394784565,0.4317343171586697,-42.999999266499074
4.62828,4.61423,71.36219,5126.6783,-0.77716,44.51737,1.175079821929383,0.4377481518795959,-42.999999266499074
4.67704,4.66233,71.25323,5126.22087,-0.8465,44.50888,1.193012633440947,0.4444285960083216,-42.999999266499074
4.72581,4.71042,71.135,5125.77032,-0.91563,44.50023,1.2128043614124517,0.45180153542941104,-42.999999266499074
4.77458,4.75851,71.00751,5125.32553,-0.98453,44.4914,1.2345321553818585,0.4598957103756812,-42.999999266499074
4.82335,4.80658,70.87081,5124.88534,-1.05317,44.48238,1.2582812445972624,0.4687428709845642,-42.999999266499074
4.87213,4.85465,70.72493,5124.44853,-1.12154,44.47313,1.2841453979718396,0.4783779486434263,-42.999999266499074
4.92091,4.9027,70.56992,5124.01382,-1.18959,44.46363,1.312227428237019,0.488839243799891,-42.999999266499074
4.96969,4.95075,70.40581,5123.57985,-1.25731,44.45386,1.342639742140806,0.5001686309251896,-42.999999266499074
5.01848,4.99879,70.23266,5123.14521,-1.32467,44.44378,1.3755049385391729,0.5124117813189418,-42.999999266499074
5.06727,5.04682,70.05052,5122.7084,-1.39164,44.43337,1.410956456171985,0.5256184044227321,-42.999999266499074
5.11606,5.09484,69.85945,5122.26782,-1.45818,44.4226,1.449139272813516,0.5398425082720723,-42.999999266499074
5.16486,5.14286,69.6595,5121.82181,-1.52425,44.41144,1.490210657290677,0.5551426796429785,-42.999999266499074
5.21367,5.19086,69.45075,5121.36858,-1.58983,44.39985,1.5343409755960056,0.5715823843502701,-42.999999266499074
5.26248,5.23885,69.23326,5120.90625,-1.65488,44.38779,1.5817145519373015,0.5892302880112144,-42.999999266499074
5.3113,5.28683,69.00711,5120.43281,-1.71935,44.37523,1.6325305850427203,0.608160597393283,-42.999999266499074
5.36013,5.3348,68.77239,5119.94613,-1.78321,44.36212,1.6870041193632257,0.6284534222126203,-42.999999266499074
5.40896,5.38275,68.52918,5119.44394,-1.8464,44.34843,1.7453670699524304,0.6501951569287491,-42.999999266499074
5.45779,5.43069,68.27758,5118.92384,-1.90888,44.3341,1.8078692986892988,0.6734788816658455,-42.999999266499074
5.50664,5.47862,68.01768,5118.38326,-1.97059,44.31908,1.87477973815869,0.6984047808878113,-42.999999266499074
5.55549,5.52654,67.7496,5117.81945,-2.03149,44.30333,1.9463875578033358,0.7250805778205706,-42.999999266499074
5.60435,5.57444,67.47346,5117.22949,-2.09151,44.28679,2.0230033648974795,0.7536219818463481,-42.999999266499074
5.65322,5.62232,67.18937,5116.61028,-2.1506,44.26939,2.1049604304098435,0.7841531451698794,-42.999999266499074
5.7021,5.67019,66.89748,5115.95848,-2.20868,44.25108,2.192615926798854,0.816807123929702,-42.999999266499074
5.75099,5.71804,66.59793,5115.27055,-2.26568,44.23178,2.286352161218407,0.8517263375997481,-42.999999266499074
5.79989,5.76587,66.29087,5114.5427,-2.32153,44.21142,2.386577783351803,0.8890630189392676,-42.999999266499074
5.8488,5.81368,65.97646,5113.77089,-2.37615,44.18993,2.4937289421067814,0.9289796448921621,-42.999999266499074
5.89772,5.86147,65.65488,5112.9508,-2.42946,44.16722,2.60827035955477,0.9716493366576117,-42.999999266499074
5.94665,5.90924,65.32632,5112.07782,-2.48135,44.1432,2.7306962837362088,1.0172562146351294,-42.999999266499074
5.9956,5.95698,64.99098,5111.14705,-2.53173,44.11777,2.861531274157847,1.06599569104297,-42.999999266499074
6.04455,6.00469,64.64907,5110.15323,-2.58051,44.09085,3.0013307649131087,1.1180746796952845,-42.999999266499074
6.09352,6.05238,64.30083,5109.09079,-2.62756,44.06231,3.1506813403007734,1.1737116986773308,-42.999999266499074
6.14251,6.10003,63.9465,5107.95377,-2.67276,44.03204,3.310200646574977,1.233136837470025,-42.999999266499074
6.19151,6.14765,63.58635,5106.73582,-2.716,43.99993,3.480536851006062,1.296591555435877,-42.999999266499074
6.24053,6.19524,63.22064,5105.43022,-2.75714,43.96583,3.6623675458594276,1.3643282735222733,-42.999999266499074
6.28957,6.24279,62.8497,5104.02979,-2.79603,43.92962,3.8563979803660198,1.4366097156239659,-42.999999266499074
6.33862,6.2903,62.47382,5102.52693,-2.83252,43.89114,4.063358488433735,1.5137079503378872,-42.999999266499074
6.38769,6.33777,62.09336,5100.9136,-2.86645,43.85024,4.2840009642249655,1.5959030780230548,-42.999999266499074
6.43678,6.38519,61.70869,5099.18126,-2.89765,43.80676,4.519094222239322,1.6834815023093004,-42.999999266499074
6.4859,6.43257,61.32018,5097.32091,-2.92595,43.76051,4.769418064030517,1.7767337197931954,-42.999999266499074
6.53503,6.47989,60.92825,5095.32308,-2.95114,43.71131,5.035755861096553,1.8759515569694918,-42.999999266499074
6.58419,6.52715,60.53334,5093.1778,-2.97304,43.65897,5.318885454141422,1.9814247799666453,-42.999999266499074
6.63338,6.57435,60.13592,5090.8746,-2.99143,43.6033,5.619568164379567,2.0934370009686036,-42.999999266499074
6.68259,6.62149,59.73648,5088.40257,-3.0061,43.54406,5.938535714858981,2.212260806063536,-42.999999266499074
6.73183,6.66856,59.33556,5085.75033,-3.01682,43.48105,6.2764748711852345,2.3381520335094086,-42.999999266499074
6.7811,6.71555,58.9337,5082.90608,-3.02334,43.41402,6.634009634268861,2.4713431400638473,-42.999999266499074
6.83039,6.76247,58.5315,5079.85762,-3.02544,43.34276,7.011680855674614,2.612035607165383,-42.999999266499074
6.87973,6.8093,58.12958,5076.59242,-3.02285,43.26699,7.40992320208362,2.760391359589504,-42.999999266499074
6.92909,6.85604,57.72859,5073.0977,-3.01533,43.18649,7.829039472369675,2.916523197883818,-42.999999266499074
6.97849,6.90268,57.32923,5069.36045,-3.00261,43.10099,8.269172371776968,3.0804842835065855,-42.999999266499074
7.02793,6.94922,56.93222,5065.36759,-2.98443,43.01024,8.730273975078005,3.2522567630495782,-42.999999266499074
7.0774,6.99565,56.53831,5061.10607,-2.96053,42.91398,9.212073265549629,3.431739675652538,-42.999999266499074
7.12692,7.04196,56.1483,5056.56296,-2.93066,42.81195,9.714042318917581,3.618736355632783,-42.999999266499074
7.17648,7.08814,55.763,5051.72567,-2.89457,42.70392,10.235361908537346,3.8129416195100783,-42.999999266499074
7.22608,7.13419,55.38327,5046.5821,-2.85202,42.58964,10.774887534498143,4.013929110954054,-42.999999266499074
7.27573,7.1801,55.01,5041.12079,-2.80278,42.46888,11.331117116226931,4.2211392654291355,-42.999999266499074
7.32543,7.22586,54.64407,5035.33122,-2.74665,42.34144,11.90216182250459,4.433868443608057,-42.999999266499074
7.37518,7.27147,54.28643,5029.20396,-2.68346,42.20713,12.48572172729233,4.6512598625266754,-42.999999266499074
7.42498,7.3169,53.93802,5022.73094,-2.61304,42.0658,13.07906815328798,4.872297018094112,-42.999999266499074
7.47483,7.36216,53.59979,5015.90571,-2.53529,41.91732,13.679034672816382,5.095800332687641,-42.999999266499074
7.52474,7.40723,53.27271,5008.7237,-2.45013,41.7616,14.282018751062074,5.320427767300108,-42.999999266499074
7.5747,7.4521,52.95774,5001.18244,-2.35753,41.5986,14.883995913453665,5.544680099263373,-42.999999266499074
7.62472,7.49677,52.65586,4993.28182,-2.25751,41.42831,15.480548074316724,5.7669114754168795,-42.999999266499074
7.67481,7.54123,52.36799,4985.02432,-2.15014,41.25079,16.06690726142619,5.985345700653894,-42.999999266499074
7.72495,7.58546,52.09507,4976.41518,-2.03558,41.06615,16.638015405636306,6.198098511131807,-42.999999266499074
7.77515,7.62946,51.83799,4967.46258,-1.91402,40.87457,17.188600145021432,6.403205813309132,-42.999999266499074
7.82541,7.67321,51.59761,4958.17777,-1.78573,40.67627,17.713265745331466,6.598657554207394,-42.999999266499074
7.87574,7.71671,51.37474,4948.57506,-1.65105,40.47155,18.206597307077107,6.7824365412922445,-42.999999266499074
7.92612,7.75996,51.17012,4938.67188,-1.51038,40.26078,18.66327547610168,6.952561175179693,-42.999999266499074
7.97657,7.80293,50.98443,4928.4887,-1.36421,40.04439,19.078197974515202,7.1071307231067085,-42.999999266499074
8.02708,7.84563,50.8183,4918.04886,-1.21308,39.82286,19.44660350477441,7.244371476461149,-42.999999266499074
8.07765,7.88805,50.67224,4907.37839,-1.05757,39.59673,19.7641930333233,7.362681932129023,-42.999999266499074
8.12828,7.93017,50.5467,4896.50573,-0.89836,39.36661,20.02724320168908,7.460675041111755,-42.999999266499074
8.17896,7.97201,50.44203,4885.46138,-0.73614,39.13314,20.232706691470028,7.537215597124936,-42.999999266499074
8.22971,8.01355,50.35847,4874.27752,-0.57164,38.89699,20.378294805646693,7.591451000309571,-42.999999266499074
8.2805,8.05479,50.29617,4862.98759,-0.40565,38.65888,20.46253830729481,7.622833921253426,-42.999999266499074
8.33135,8.09572,50.25518,4851.62578,-0.23896,38.41954,20.48482362936933,7.631135790088298,-42.999999266499074
8.38225,8.13635,50.23543,4840.22661,-0.07235,38.1797,20.445402854825943,7.616450514347886,-42.999999266499074
8.4332,8.17667,50.23677,4828.82442,0.09338,37.94009,20.345377262648434,7.579188349430037,-42.999999266499074
8.48419,8.21669,50.25894,4817.45289,0.25745,37.70145,20.186655627992703,7.520060364303228,-42.999999266499074
8.53523,8.25641,50.30158,4806.14463,0.4191,37.46447,19.97188974250545,7.440054421128688,-42.999999266499074
8.5863,8.29582,50.36424,4794.93077,0.57761,37.22984,19.704390686824755,7.3404039845638795,-42.999999266499074
8.63742,8.33494,50.4464,4783.8406,0.7323,36.99819,19.38803016952212,7.2225513679224695,-42.999999266499074
8.68856,8.37376,50.54745,4772.90128,0.88254,36.77011,19.027131704403164,7.088107193855543,-42.999999266499074
8.73974,8.4123,50.66671,4762.13762,1.02776,36.54615,18.626356523580714,6.938807893969529,-42.999999266499074
8.79095,8.45055,50.80344,4751.57187,1.16744,36.3268,18.190588939610805,6.776473003205549,-42.999999266499074
8.84219,8.48852,50.95687,4741.22368,1.30114,36.11249,17.724825424098444,6.602963838701546,-42.999999266499074
8.89344,8.52622,51.12614,4731.10996,1.42845,35.90359,17.23407102636309,6.420144913019794,-42.999999266499074
8.94472,8.56366,51.31039,4721.24496,1.54906,35.70042,16.72324598604966,6.229849144887316,-42.999999266499074
8.99602,8.60084,51.50872,4711.6403,1.66271,35.50324,16.197104569479382,6.033847623601053,-42.999999266499074
9.04733,8.63777,51.72021,4702.30505,1.76919,35.31225,15.660167344913118,5.833824379781481,-42.999999266499074
9.09866,8.67447,51.94394,4693.24589,1.86837,35.12759,15.116667359194182,5.631356334755899,-42.999999266499074
9.15,8.71093,52.17895,4684.46723,1.96017,34.94937,14.570510024730648,5.427898357403901,-42.999999266499074
9.20135,8.74717,52.42432,4675.97144,2.04454,34.77762,14.025245994844918,5.2247731595113915,-42.999999266499074
9.25271,8.78319,52.67911,4667.75898,2.1215,34.61236,13.484055905662625,5.023165611722747,-42.999999266499074
9.30408,8.819,52.9424,4659.82866,2.19111,34.45356,12.949745592238848,4.824120961421941,-42.999999266499074
9.35545,8.85462,53.21328,4652.17777,2.25344,34.30115,12.42475023433087,4.628546377142001,-42.999999266499074
9.40682,8.89004,53.49087,4644.80236,2.30863,34.15502,11.911145836907453,4.43721522535677,-42.999999266499074
9.4582,8.92528,53.77431,4637.69734,2.35682,34.01507,11.410666482537001,4.250773497449434,-42.999999266499074
9.50958,8.96035,54.06274,4630.85672,2.39819,33.88113,10.92472588712978,4.0697478397936715,-42.999999266499074
9.56096,8.99525,54.35536,4624.27376,2.43293,33.75306,10.454441928082824,3.894554691133006,-42.999999266499074
9.61234,9.02999,54.65138,4617.9411,2.46124,33.63067,10.000662977403245,3.725510092362092,-42.999999266499074
9.66372,9.06458,54.95005,4611.85095,2.48335,33.51377,9.563995047822184,3.562839799168439,-42.999999266499074
9.7151,9.09902,55.25063,4605.99515,2.49947,33.40217,9.14482893567437,3.406689393469201,-42.999999266499074
9.76647,9.13332,55.55242,4600.36536,2.50984,33.29567,8.743366712238895,3.257134152132657,-42.999999266499074
9.81784,9.1675,55.85477,4594.95308,2.51469,33.19406,8.3596470694201,3.114188488911218,-42.999999266499074
9.86921,9.20154,56.15704,4589.74979,2.51427,33.09712,7.993569162562748,2.977814836517426,-42.999999266499074
9.92058,9.23547,56.45861,4584.74698,2.5088,33.00467,7.644914711392397,2.847931879805752,-42.999999266499074
9.97194,9.26928,56.75891,4579.93625,2.49852,32.91648,7.313368218987302,2.7244220878716217,-42.999999266499074
10.02329,9.30298,57.0574,4575.30933,2.48365,32.83236,6.9985352493763235,2.607138522937551,-42.999999266499074
10.07464,9.33658,57.35355,4570.85812,2.46443,32.75211,6.69995876802214,2.4959109276130853,-42.999999266499074
10.12599,9.37008,57.64686,4566.57477,2.44106,32.67553,6.417133598072589,2.3905511102287913,-42.999999266499074
10.17732,9.40348,57.93689,4562.45163,2.41375,32.60245,6.149519080747075,2.2908576611633085,-42.999999266499074
10.22866,9.4368,58.22317,4558.48133,2.38272,32.53267,5.896550052727665,2.1966200422103643,-42.999999266499074
10.27998,9.47002,58.5053,4554.65676,2.34816,32.46603,5.657646268754467,2.1076220967434782,-42.999999266499074
10.33131,9.50317,58.78288,4550.97108,2.31025,32.40235,5.432220405713664,2.0236450314493517,-42.999999266499074
10.38262,9.53624,59.05554,4547.41775,2.26919,32.34147,5.2196847868879725,1.9444699212880918,-42.999999266499074
10.43393,9.56923,59.32292,4543.9905,2.22514,32.28323,5.019456963050042,1.8698797885973486,-42.999999266499074
10.48521,9.60218,59.5862,4540.68036,2.2033,32.29109,4.8299478351445755,1.799282652167312,0.0
10.53645,9.63512,59.84649,4537.47951,2.17787,32.29898,4.649765912378579,1.7321601450652653,0.0
10.58765,9.66805,60.10337,4534.38369,2.14901,32.30692,4.478652040972767,1.6684157256896777,0.0
10.63881,9.70097,60.35646,4531.38874,2.11689,32.31491,4.316323147238346,1.6079439416433574,0.0
10.68993,9.73388,60.6054,4528.49065,2.08169,32.32293,4.162484156031845,1.550634869671467,0.0
10.74102,9.76678,60.84983,4525.68551,2.04354,32.33101,4.016832425859112,1.496375767854458,0.0
10.79207,9.79968,61.08943,4522.96955,2.00262,32.33913,3.879061562378506,1.4450524962383484,0.0
10.84308,9.83256,61.3239,4520.33914,1.95905,32.34729,3.748864666573393,1.3965507268644433,0.0
10.89406,9.86544,61.55293,4517.79076,1.913,32.3555,3.6259370734382133,1.3507569640019528,0.0
10.945,9.89832,61.77624,4515.32106,1.86457,32.36376,3.5099786354453766,1.3075593947994923,0.0
10.99591,9.93119,61.99359,4512.92679,1.81392,32.37207,3.400695602538432,1.2668485896320056,0.0
11.04679,9.96406,62.20472,4510.60486,1.76117,32.38042,3.297802147291301,1.228518070262706,0.0
11.09764,9.99692,62.40939,4508.35227,1.70642,32.38883,3.201021580392853,1.1924647626430631,0.0
11.14846,10.02978,62.6074,4506.16619,1.6498,32.39728,3.110087297924436,1.1585893497986077,0.0
11.19926,10.06264,62.79853,4504.04386,1.59143,32.40578,3.024743498185107,1.1267965388651917,0.0
11.25002,10.09549,62.9826,4501.98266,1.53139,32.41434,2.944745702124862,1.0969952549640563,0.0
11.30075,10.12835,63.15941,4499.98007,1.46979,32.42294,2.869861107910467,1.0690987732869375,0.0
11.35146,10.1612,63.32881,4498.03368,1.40674,32.43159,2.799868806776931,1.043024799506417,0.0
11.40214,10.19406,63.49064,4496.14116,1.34232,32.4403,2.7345598841912224,1.018695507462068,0.0
11.4528,10.22691,63.64474,4494.30028,1.27661,32.44905,2.673737427437852,0.9960375419862855,0.0
11.50343,10.25976,63.79098,4492.50891,1.20971,32.45786,2.6172164580978614,0.9749819937509325,0.0
11.55403,10.29262,63.92924,4490.76496,1.1417,32.46672,2.5648238054747736,0.9554643521151759,0.0
11.60462,10.32548,64.05938,4489.06646,1.07265,32.47563,2.5163979348811383,0.9374244411577071,0.0
11.65517,10.35833,64.18131,4487.41148,1.00265,32.48459,2.4717887427421728,0.9208063433474569,0.0
11.70571,10.3912,64.29492,4485.79815,0.93175,32.49361,2.4308573287880813,0.9055583146792402,0.0
11.75622,10.42406,64.40012,4484.22467,0.86004,32.50268,2.3934757540743603,0.8916326945299532,0.0
11.80671,10.45693,64.49682,4482.68928,0.78758,32.5118,2.3595267922567236,0.8789858130019386,0.0
11.85717,10.48979,64.58494,4481.19028,0.71443,32.52097,2.3289036803778203,0.8675778980844806,0.0
11.90762,10.52267,64.66442,4479.72599,0.64067,32.5302,2.30150987442524,0.8573729845927306,0.0
11.95804,10.55555,64.73519,4478.29479,0.56635,32.53948,2.2772588140399668,0.8483388265154151,0.0
12.00845,10.58843,64.7972,4476.89507,0.49153,32.54881,2.256073699999923,0.8404468141216008,0.0
12.05883,10.62131,64.85039,4475.52526,0.41627,32.5582,2.2378872874574367,0.8336718969362119,0.0
12.10919,10.6542,64.89473,4474.1838,0.34063,32.56764,2.2226416973422305,0.8279925134826795,0.0
12.15953,10.6871,64.93018,4472.86914,0.26467,32.57714,2.21028824786714,0.8233905285143905,0.0
12.20985,10.72,64.95671,4471.57976,0.18844,32.58669,2.2007873076504305,0.8198511782988841,0.0
12.26016,10.75291,64.9743,4470.31413,0.112,32.59629,2.194108171606219,0.8173630243837694,0.0
12.31044,10.78582,64.98292,4469.07073,0.0354,32.60595,2.190228960443942,0.8159179161576325,0.0
12.3607,10.81874,64.98258,4467.84803,-0.0413,32.61566,2.189136544322465,0.8155109624091843,0.0
12.41094,10.85166,64.97326,4466.6445,-0.11805,32.62542,2.1908264909581496,0.816140511996149,0.0
12.46117,10.88459,64.95497,4465.45858,-0.1948,32.63524,2.1953030382353296,0.8178081436419461,0.0
12.51138,10.91753,64.92772,4464.2887,-0.27149,32.64511,2.2025790911412924,0.8205186647938909,0.0
12.56156,10.95047,64.89151,4463.13328,-0.34806,32.65504,2.2126762426094024,0.8242801193878065,0.0
12.61173,10.98342,64.84639,4461.99069,-0.42446,32.66502,2.225624817621044,0.8291038042771561,0.0
12.66188,11.01638,64.79236,4460.85928,-0.50064,32.67506,2.2414639396505627,0.8350042939855342,0.0
12.71201,11.04934,64.72947,4459.73736,-0.57653,32.68515,2.26024161826152,0.8419994733385754,0.0
12.76213,11.08231,64.65775,4458.6232,-0.65209,32.69529,2.2820148563507425,0.8501105774151837,0.0
12.81222,11.11529,64.57725,4457.51501,-0.72725,32.70549,2.306849775172106,0.8593622381221829,0.0
12.8623,11.14828,64.48804,4456.41096,-0.80195,32.71574,2.334821754873379,0.8697825365479877,0.0
12.91236,11.18127,64.39016,4455.30914,-0.87613,32.72604,2.3660155878043403,0.8814030600739118,0.0
12.9624,11.21427,64.28369,4454.20759,-0.94973,32.7364,2.4005256413146356,0.8942589630206527,0.0
13.01242,11.24728,64.1687,4453.10428,-1.02269,32.74681,2.4384560261475756,0.908389029379412,0.0
13.06242,11.2803,64.04527,4451.99709,-1.09492,32.75728,2.4799207657971105,0.9238357359018253,0.0
13.11241,11.31333,63.91351,4450.88383,-1.16638,32.7678,2.5250439614005384,0.9406453135268327,0.0
13.16238,11.34636,63.77351,4449.76222,-1.23698,32.77837,2.5739599457799214,0.9588678047651622,0.0
13.21232,11.3794,63.62537,4448.62986,-1.30665,32.78899,2.6268134191827373,0.9785571142662921,0.0
13.26225,11.41244,63.46922,4447.48428,-1.37531,32.79967,2.683759558060244,0.9997710493412538,0.0
13.31216,11.4455,63.30518,4446.32287,-1.44288,32.8104,2.744964086857966,1.0225713467064776,0.0
13.36205,11.47856,63.13338,4445.14294,-1.50928,32.82118,2.810603301261914,1.0470236811436215,0.0
13.41192,11.51163,62.95398,4443.94164,-1.57443,32.83202,2.880864029648387,1.0731976511386074,0.0
13.46177,11.54471,62.76714,4442.71602,-1.63823,32.84291,2.955943517607463,1.1011667358635826,0.0
13.5116,11.5778,62.57301,4441.46296,-1.70058,32.85384,3.0360492183641052,1.1310082171032694,0.0
13.56141,11.61089,62.37178,4440.17924,-1.76139,32.86483,3.1213984696914476,1.1628030588966607,0.0
13.6112,11.64399,62.16364,4438.86146,-1.82055,32.87587,3.2122180355404453,1.1966357367820062,0.0
13.66097,11.6771,61.94879,4437.50606,-1.87797,32.88696,3.3087434880825333,1.2325940075914426,0.0
13.71071,11.71021,61.72745,4436.10935,-1.93352,32.8981,3.411218403261742,1.270768609772989,0.0
13.76044,11.74333,61.49985,4434.66744,-1.98708,32.90929,3.5198933402771435,1.3112528832209098,0.0
13.81014,11.77646,61.26623,4433.17629,-2.03855,32.92053,3.6350245727760315,1.3541422966117875,0.0
13.85982,11.80959,61.02685,4431.63167,-2.08778,32.93182,3.7568725370177294,1.3995338693047106,0.0
13.90947,11.84272,60.78198,4430.02918,-2.13465,32.94316,3.885699959942203,1.4475254739975774,0.0
13.9591,11.87587,60.53192,4428.36424,-2.17903,32.95454,4.0217696281931525,1.4982150056294994,0.0
14.00871,11.90902,60.27696,4426.63207,-2.22076,32.96597,4.165341757754823,1.5516994015013026,0.0
14.05829,11.94217,60.01743,4424.82774,-2.25971,32.97745,4.316670923309706,1.6080734973804784,0.0
14.10784,11.97532,59.75368,4422.94613,-2.29571,32.98897,4.476002506879167,1.6674287045263738,0.0
14.15737,12.00849,59.48604,4420.98192,-2.32862,33.00054,4.643568627133921,1.7298514932512414,0.0
14.20687,12.04165,59.21492,4418.92968,-2.35827,33.01215,4.819583514255042,1.7954216699342656,0.0
14.25634,12.07481,58.94069,4416.78376,-2.3845,33.02381,5.004238300809261,1.8642104364855547,0.0
14.30578,12.10798,58.66377,4414.53843,-2.40713,33.03551,5.197695207114261,1.9362782242417187,0.0
14.35519,12.14115,58.38461,4412.18779,-2.42599,33.04725,5.400081110514177,2.0116722983517916,0.0
14.40457,12.17432,58.10364,4409.72587,-2.44092,33.05904,5.611480502213168,2.090424134012421,0.0
14.45392,12.20748,57.82113,4407.14703,-2.45553,33.04196,5.8321088228891735,2.172613988544724,-14.999999744127583
14.50325,12.24061,57.53734,4404.4455,-2.46599,33.02377,6.06215728424631,2.2583130933395665,-14.999999744127583
14.55257,12.27371,57.25278,4401.61494,-2.47213,33.0044,6.301596735845965,2.3475105890915717,-14.999999744127583
14.60186,12.30678,56.96795,4398.64902,-2.47376,32.98381,6.550326188235333,2.4401688545723768,-14.999999744127583
14.65114,12.33982,56.6834,4395.54144,-2.47073,32.96194,6.808164494166109,2.536220407665717,-14.999999744127583
14.70039,12.37282,56.39968,4392.28597,-2.46284,32.93874,7.074840634445676,2.635564286591398,-14.999999744127583
14.74963,12.40579,56.11736,4388.87654,-2.44994,32.91417,7.349983951001239,2.7380624114647043,-14.999999744127583
14.79884,12.43872,55.83705,4385.30725,-2.43187,32.88818,7.633114554959463,2.8435360110536814,-14.999999744127583
14.84803,12.4716,55.55935,4381.57248,-2.40847,32.86073,7.923634181620001,2.9517622160161596,-14.999999744127583
14.89719,12.50444,55.28488,4377.66692,-2.37961,32.83177,8.220817807879644,3.062470936169685,-14.999999744127583
14.94633,12.53724,55.01428,4373.5857,-2.34517,32.80127,8.523806388253957,3.175342154468461,-14.999999744127583
14.99544,12.56998,54.7482,4369.32441,-2.30504,32.76919,8.831601100466411,3.2900037833338835,-14.999999744127583
15.04453,12.60267,54.4873,4364.87923,-2.25912,32.7355,9.143059517088647,3.4060302384898145,-14.999999744127583
15.09359,12.63531,54.23225,4360.247,-2.20736,32.70019,9.456894132421574,3.522941890187029,-14.999999744127583
15.14261,12.66789,53.9837,4355.42529,-2.14971,32.66323,9.77167366981545,3.640205550214343,-14.999999744127583
15.19161,12.70041,53.74234,4350.41251,-2.08616,32.62462,10.085827570274116,3.7572361440217925,-14.999999744127583
15.24058,12.73287,53.50883,4345.208,-2.01673,32.58436,10.397654015458249,3.873399699500444,-14.999999744127583
15.28951,12.76526,53.28382,4339.81207,-1.94146,32.54246,10.70533176464818,3.988017756562494,-14.999999744127583
15.3384,12.79758,53.06797,4334.22609,-1.86045,32.49893,11.00693598498843,4.100373264323878,-14.999999744127583
15.38726,12.82984,52.86189,4328.45259,-1.77381,32.45381,11.300458128099995,4.209717985665325,-14.999999744127583
15.43609,12.86201,52.66622,4322.49525,-1.68171,32.40712,11.583829756526786,4.315281373210579,-14.999999744127583
15.48487,12.89412,52.48153,4316.35896,-1.58434,32.35893,11.854950055632376,4.41628081823181,-14.999999744127583
15.53362,12.92614,52.30838,4310.04985,-1.48195,32.30929,12.111716587645006,4.511933107340572,-14.999999744127583
15.58232,12.95808,52.14729,4303.57528,-1.37482,32.25827,12.352058663686293,4.601466854446563,-14.999999744127583
15.63098,12.98993,51.99877,4296.94384,-1.26328,32.20595,12.573972538154473,4.684135611591406,-14.999999744127583
15.67959,13.0217,51.86324,4290.16527,-1.14767,32.15244,12.775557479239447,4.759231306164577,-14.999999744127583
15.72816,13.05338,51.7411,4283.25046,-1.02841,32.09782,12.95505165174021,4.826097608197026,-14.999999744127583
15.77668,13.08497,51.63271,4276.21133,-0.90591,32.04221,13.110866674545113,4.884142803931841,-14.999999744127583
15.82516,13.11647,51.53836,4269.06073,-0.78065,31.98573,13.241619693640137,4.932851743863723,-14.999999744127583
15.87358,13.14787,51.45829,4261.81238,-0.65311,31.92852,13.346161848160774,4.971796447092293,-14.999999744127583
15.92196,13.17917,51.39268,4254.48066,-0.52381,31.87069,13.423602103032838,5.0006449796078725,-14.999999744127583
15.97028,13.21039,51.34164,4247.08051,-0.39326,31.81241,13.473325574552799,5.019168281052332,-14.999999744127583
16.01855,13.2415,51.30524,4239.62728,-0.26201,31.75379,13.495005677540922,5.02724468985325,-14.999999744127583
16.06676,13.27251,51.28346,4232.13656,-0.13061,31.695,13.488609663170758,5.024862006211095,-14.999999744127583
16.11492,13.30343,51.27626,4224.62399,0.0004,31.63617,13.454397380976914,5.012117030914569,-14.999999744127583
16.16303,13.33425,51.2835,4217.10517,0.13048,31.57746,13.392913370586175,4.989212619302343,-14.999999744127583
16.21108,13.36496,51.305,4209.59541,0.25909,31.519,13.304972651690477,4.9564523876541235,-14.999999744127583
16.25907,13.39558,51.34052,4202.10964,0.38572,31.46092,13.19164081893624,4.914233298013184,-14.999999744127583
16.30701,13.42611,51.38976,4194.66227,0.50988,31.40337,13.054209248211519,4.863036421875973,-14.999999744127583
16.35489,13.45653,51.45238,4187.26705,0.63109,31.34648,12.8941663722806,4.803416239610204,-14.999999744127583
16.40271,13.48686,51.52798,4179.93696,0.74891,31.29035,12.71316608052035,4.735988868525214,-14.999999744127583
16.45048,13.51709,51.61613,4172.68412,0.86294,31.23511,12.51299433800481,4.66141962760265,-14.999999744127583
16.49818,13.54723,51.71634,4165.51975,0.9728,31.18085,12.295535105320628,4.5804103417310245,-14.999999744127583
16.54584,13.57728,51.82811,4158.45405,1.07815,31.12766,12.062736577980365,4.493686764998877,-14.999999744127583
16.59343,13.60724,51.9509,4151.49624,1.17869,31.07564,11.816578661645558,4.401986464359581,-14.999999744127583
16.64097,13.63711,52.08412,4144.65446,1.27416,31.02485,11.559042466214041,4.306047455376221,-14.999999744127583
16.68846,13.66689,52.22718,4137.93586,1.36434,30.97536,11.292082449390033,4.206597824968494,-14.999999744127583
16.73589,13.69659,52.37948,4131.34652,1.44904,30.92722,11.017601678744755,4.1043465158794,-14.999999744127583
16.78326,13.7262,52.54039,4124.89154,1.52811,30.88047,10.737430520520626,3.9999753876940773,-14.999999744127583
16.83058,13.75574,52.70927,4118.57506,1.60145,30.83515,10.453308911289849,3.894132612566156,-14.999999744127583
16.87785,13.7852,52.88548,4112.40028,1.66896,30.79129,10.16687223161675,3.787427412785301,-14.999999744127583
16.92507,13.81458,53.06837,4106.36954,1.73061,30.74889,9.879640683258051,3.680426103504805,-14.999999744127583
16.97224,13.84389,53.2573,4100.48438,1.78639,30.70797,9.59301197578106,3.573649368314445,-14.999999744127583
17.01935,13.87313,53.45164,4094.74559,1.83629,30.66853,9.30825705538768,3.467570668115034,-14.999999744127583
17.06642,13.9023,53.65073,4089.15328,1.88036,30.63056,9.02651855785894,3.362615664799564,-14.999999744127583
17.11344,13.93141,53.85395,4083.70695,1.91865,30.59405,8.748811636769753,3.259162529784988,-14.999999744127583
17.16041,13.96045,54.0607,4078.40554,1.95125,30.55899,8.476026805526232,3.1575430027459004,-14.999999744127583
17.20734,13.98943,54.27035,4073.2475,1.97826,30.52534,8.208934433946517,3.0580440667092095,-14.999999744127583
17.25422,14.01835,54.48233,4068.23086,1.99977,30.4931,7.948190554503558,2.9609101110323404,-14.999999744127583
17.30106,14.04722,54.69605,4063.35331,2.01592,30.46222,7.694343656555967,2.8663454624330016,-14.999999744127583
17.34785,14.07604,54.91096,4058.61218,2.02685,30.43268,7.447842176483471,2.774517175261711,-14.999999744127583
17.39461,14.1048,55.12651,4054.00457,2.0327,30.40443,7.209042424936021,2.685557984610674,-14.999999744127583
17.44132,14.13351,55.34217,4049.52737,2.03362,30.37745,6.97821672742391,2.5995693388977896,-14.999999744127583
17.48799,14.16218,55.55745,4045.17728,2.02977,30.35169,6.7555615895089325,2.5166244416151984,-14.999999744127583
17.53463,14.1908,55.77184,4040.95088,2.02132,30.32711,6.541205731669086,2.4367712445277943,-14.999999744127583
17.58122,14.21937,55.98488,4036.84466,2.00842,30.30367,6.3352178704114115,2.360035346342491,-14.999999744127583
17.62778,14.24791,56.19612,4032.85503,1.99125,30.28134,6.137614150975106,2.2864227615856967,-14.999999744127583
17.67431,14.2764,56.40513,4028.97837,1.96997,30.26006,5.948365162482073,2.21592253393147,-14.999999744127583
17.72079,14.30486,56.61148,4025.21105,1.94475,30.23979,5.767402488568448,2.1485091764841324,-14.999999744127583
17.76725,14.33328,56.81479,4021.54943,1.91576,30.22051,5.59462476543189,2.084144928560269,-14.999999744127583
17.81367,14.36167,57.01468,4017.9899,1.88316,30.20215,5.429903234899671,2.022781824352706,-14.999999744127583
17.86005,14.39002,57.21079,4014.5289,1.84712,30.18469,5.273086792882075,1.964363573612237,-14.999999744127583
17.90641,14.41834,57.40277,4011.1629,1.80778,30.16808,5.124006543653445,1.9088272582371404,-14.999999744127583
17.95273,14.44664,57.5903,4007.88844,1.76532,30.15228,4.982479878118008,1.8561048515345073,-14.999999744127583
17.99903,14.4749,57.77307,4004.70212,1.71987,30.13726,4.848314099892145,1.8061245690312908,-14.999999744127583
18.04529,14.50315,57.95097,4001.60019,1.6751,30.14957,4.721186876835882,1.7587663335242831,0.0
18.09151,14.53139,58.1239,3998.57908,1.62755,30.16192,4.600787247557983,1.7139143037133617,0.0
18.13768,14.55963,58.29159,3995.63577,1.57738,30.17431,4.486933853998604,1.6715009189494172,0.0
18.18382,14.58787,58.45378,3992.76729,1.52471,30.18674,4.379442645788073,1.63145761562709,0.0
18.22992,14.61611,58.61023,3989.97076,1.46968,30.19921,4.278129400635321,1.5937157660957766,0.0
18.27598,14.64434,58.7607,3987.24334,1.41242,30.21172,4.182811447748083,1.5582073206789997,0.0
18.322,14.67258,58.905,3984.58228,1.35306,30.22427,4.093309144906821,1.5248653579233113,0.0
18.36799,14.70081,59.0429,3981.9849,1.29172,30.23686,4.009447134951868,1.493624552672811,0.0
18.41394,14.72904,59.17423,3979.44857,1.22852,30.2495,3.9310554060808385,1.4644215710578292,0.0
18.45986,14.75728,59.29881,3976.97073,1.16358,30.26218,3.857970178858112,1.4371954009293018,0.0
18.50575,14.78551,59.41646,3974.54889,1.09701,30.2749,3.790034641180245,1.4118876256527217,0.0
18.5516,14.81375,59.52704,3972.18061,1.02892,30.28767,3.727099550774887,1.3884426485548371,0.0
18.59742,14.84199,59.6304,3969.8635,0.95942,30.30048,3.6690237230865175,1.3668078746739276,0.0
18.6432,14.87023,59.72642,3967.59523,0.88861,30.31333,3.615674420773802,1.3469338558578163,0.0
18.68896,14.89847,59.81496,3965.37351,0.8166,30.32623,3.5669276593972064,1.3287744046405503,0.0
18.73468,14.92672,59.89592,3963.19608,0.74348,30.33917,3.522668442359609,1.312286681763959,0.0
18.78037,14.95497,59.9692,3961.06073,0.66934,30.35216,3.482790936713017,1.2974312616702819,0.0
18.82603,14.98322,60.03471,3958.96529,0.5943,30.36519,3.447198600059959,1.2841721797762784,0.0
18.87166,15.01148,60.09237,3956.90761,0.51842,30.37827,3.415804267541349,1.272476964878494,0.0
18.91727,15.03974,60.1421,3954.88556,0.44182,30.3914,3.3885302066949685,1.2623166595894866,0.0
18.96284,15.06801,60.18384,3952.89702,0.36457,30.40457,3.365308146902653,1.2536658313076827,0.0
19.00839,15.09628,60.21754,3950.9399,0.28677,30.41779,3.3460792891124016,1.246502575839116,0.0
19.0539,15.12455,60.24315,3949.01211,0.20851,30.43105,3.3307943006175362,1.240808515452527,0.0
19.09939,15.15283,60.26064,3947.11157,0.12986,30.44436,3.319413298770874,1.2365687928124647,0.0
19.14485,15.18112,60.26998,3945.23619,0.05091,30.45772,3.3119058267325743,1.23377206194472,0.0
19.19028,15.20941,60.27115,3943.38387,-0.02824,30.47112,3.3082508235770023,1.2324104771003488,0.0
19.23569,15.23771,60.26415,3941.5525,-0.10752,30.48457,3.308436590355653,1.232479680113214,0.0
19.28107,15.26602,60.24896,3939.73997,-0.18685,30.49806,3.3124607530333923,1.2339787865927645,0.0
19.32642,15.29433,60.22561,3937.94413,-0.26613,30.51161,3.3203302225260316,1.2369103710369767,0.0
19.37174,15.32264,60.1941,3936.1628,-0.34528,30.5252,3.3320611514186647,1.241280450708798,0.0
19.41704,15.35097,60.15446,3934.39377,-0.42422,30.53883,3.3476788862705007,1.2470984678684423,0.0
19.46231,15.37929,60.10672,3932.63481,-0.50286,30.55251,3.367217913745778,1.2543772697057367,0.0
19.50755,15.40763,60.05093,3930.88362,-0.58112,30.56624,3.3907217981311994,1.2631330850637237,0.0
19.55277,15.43597,59.98713,3929.13787,-0.6589,30.58002,3.4182431070640473,1.2733854967704286,0.0
19.59796,15.46432,59.9154,3927.39515,-0.73612,30.59384,3.449843321579027,1.2851574081289427,0.0
19.64312,15.49268,59.83579,3925.65304,-0.81269,30.60771,3.485592725771477,1.2984750018140654,0.0
19.68825,15.52104,59.74839,3923.90899,-0.88851,30.62162,3.525570270559684,1.3133676891201815,0.0
19.73336,15.54941,59.65328,3922.16045,-0.9635,30.63558,3.5698634051336677,1.3298680471715012,0.0
19.77845,15.57779,59.55056,3920.40473,-1.03755,30.64959,3.6185678687473937,1.3480117413591772,0.0
19.8235,15.60617,59.44035,3918.63911,-1.11056,30.66364,3.6717874345201884,1.3678374299005942,0.0
19.86853,15.63457,59.32275,3916.86075,-1.18245,30.67774,3.729633595857485,1.3893866470228438,0.0
19.91353,15.66296,59.19791,3915.06675,-1.2531,30.69188,3.7922251850092423,1.4127036608657002,0.0
19.9585,15.69137,59.06595,3913.25408,-1.3224,30.70606,3.8596879121360375,1.4378353017716121,0.0
20.00345,15.71978,58.92702,3911.41965,-1.39026,30.7203,3.9321538120911,1.4648307561974532,0.0
20.04836,15.74819,58.7813,3909.56023,-1.45655,30.73457,4.009760584929559,1.493741321036866,0.0
20.09325,15.77662,58.62895,3907.67252,-1.52117,30.74889,4.092650814989057,1.5246201127072418,0.0
20.13811,15.80505,58.47016,3905.75308,-1.584,30.76325,4.180971052252506,1.5575217249331776,0.0
20.18294,15.83348,58.30513,3903.79837,-1.64491,30.77766,4.274870738656822,1.5925018287682284,0.0
20.22774,15.86192,58.13406,3901.80473,-1.70377,30.7921,4.374500961105615,1.6296167080593247,0.0
20.27251,15.89037,57.95718,3899.76839,-1.76048,30.80659,4.480013012219161,1.6689227232882682,0.0
20.31726,15.91882,57.77472,3897.68545,-1.81488,30.82112,4.591556739414569,1.7104756965606542,0.0
20.36197,15.94728,57.58694,3895.55192,-1.86685,30.8357,4.709278662841743,1.754330210487499,0.0
20.40664,15.97574,57.3941,3893.36367,-1.91624,30.85031,4.833319843048254,1.8005388138342997,0.0
20.45129,16.0042,57.19647,3891.11647,-1.96292,30.86496,4.9638134802324805,1.8491511271796601,0.0
20.4959,16.03267,56.99435,3888.80597,-2.00675,30.87965,5.100882228606654,1.9002128424448637,0.0
20.54048,16.06115,56.78805,3886.42774,-2.04757,30.89438,5.2446352118831205,1.953764611083976,0.0
20.58503,16.08962,56.57789,3883.97722,-2.08524,30.90915,5.3951647294403235,2.0098408170440107,0.0
20.62954,16.1181,56.3642,3881.44981,-2.1196,30.92396,5.552542647400247,2.0684682323463175,0.0
20.67401,16.14658,56.14733,3878.84081,-2.15051,30.9388,5.716816474805843,2.1296645553594353,0.0
20.71845,16.17506,55.92766,3876.14547,-2.1778,30.95367,5.8880051325690195,2.1934368346208886,0.0
20.76285,16.20355,55.70558,3873.359,-2.20132,30.96858,6.066094431852267,2.259779784415374,0.0
20.80721,16.23203,55.48146,3870.47658,-2.22092,30.98353,6.251032289274484,2.3286740023130346,0.0
20.85154,16.26052,55.25574,3867.4934,-2.23645,30.9985,6.442723718726846,2.4000841034890996,0.0
20.89582,16.289,55.02884,3864.40468,-2.24775,31.01351,6.641025653695616,2.473956791902894,0.0
20.94006,16.31748,54.8012,3861.20569,-2.25467,31.02855,6.845741669691807,2.5502188942640327,0.0
20.98425,16.34596,54.57328,3857.89179,-2.25708,31.04362,7.056616693388716,2.6287753890469334,0.0
21.02841,16.37444,54.34555,3854.45847,-2.25484,31.05871,7.273331803154942,2.7095074695525683,0.0
21.07252,16.40291,54.11849,3850.90139,-2.2478,31.07384,7.495499244210944,2.7922706869231138,0.0
21.11658,16.43138,53.8926,3847.21638,-2.23586,31.08898,7.722657799993116,2.8768932258532898,0.0
21.16059,16.45984,53.66838,3843.39956,-2.2189,31.10416,7.954268678792626,2.963174372255094,0.0
21.20455,16.48829,53.44635,3839.44732,-2.19682,31.11936,8.189712090032126,3.050883237830791,0.0
21.24847,16.51674,53.22703,3835.35642,-2.16954,31.13457,8.428284696940068,3.1397578111270765,0.0
21.29233,16.54518,53.01095,3831.12399,-2.13698,31.14981,8.669198140086865,3.2295044075134434,0.0
21.33614,16.57361,52.79864,3826.74762,-2.0991,31.16507,8.91157882841925,3.319797591336987,0.0
21.37989,16.60203,52.59063,3822.22541,-2.05586,31.18035,9.154469189338746,3.4102806416095213,0.0
21.42358,16.63044,52.38746,3817.55599,-2.00726,31.19565,9.396830556007675,3.500566627605043,0.0
21.46722,16.65884,52.18966,3812.73863,-1.9533,31.21096,9.637547847287017,3.5902401522597174,0.0
21.51079,16.68722,51.99777,3807.7732,-1.89403,31.22628,9.875436162743934,3.6788598089857034,0.0
21.55431,16.71559,51.81228,3802.6603,-1.82951,31.24162,10.10924937198396,3.765961381423401,0.0
21.59776,16.74394,51.63373,3797.40125,-1.75984,31.25696,10.337690724100979,3.8510617957407107,0.0
21.64114,16.77228,51.46259,3791.99812,-1.68513,31.27232,10.559425440604816,3.933663811829907,0.0
21.68446,16.80059,51.29935,3786.4538,-1.60555,31.28769,10.773095185316917,4.013261413724503,0.0
21.72771,16.82889,51.14447,3780.77194,-1.52128,31.30306,10.97733422990029,4.0893458316844935,0.0
21.77089,16.85717,50.99837,3774.95704,-1.43253,31.31844,11.170787057092102,4.161412099863668,0.0
21.814,16.88543,50.86148,3769.0144,-1.33955,31.33383,11.352127069128425,4.228966025690073,0.0
21.85704,16.91366,50.73416,3762.95009,-1.24262,31.34921,11.520076000363995,4.291531421577658,0.0
21.9,16.94187,50.61678,3756.77099,-1.14204,31.3646,11.673423575023412,4.348657427955811,0.0
21.94288,16.97006,50.50963,3750.48468,-1.03816,31.37999,11.81104690763439,4.399925740441214,0.0
21.98569,16.99822,50.41301,3744.09944,-0.93132,31.39539,11.931929118372379,4.4449575445435014,0.0
22.02842,17.02635,50.32714,3737.62419,-0.82191,31.41078,12.035176631431579,4.4834199597636175,0.0
22.07107,17.05446,50.25222,3731.06839,-0.71034,31.42617,12.120034643169014,4.5150318018844775,0.0
22.11364,17.08254,50.18841,3724.442,-0.59704,31.44156,12.185900288427263,4.539568487772603,0.0
22.15612,17.11059,50.13582,3717.75537,-0.48242,31.45694,12.232333097417671,4.556865930842262,0.0
22.19853,17.13862,50.09452,3711.01917,-0.36695,31.47232,12.259062418769672,4.566823306336655,0.0
22.24085,17.16661,50.06452,3704.24429,-0.25108,31.4877,12.26599158353745,4.56940460252995,0.0
22.28308,17.19457,50.04581,3697.44172,-0.13525,31.50308,12.25319869454925,4.564638914780678,0.0
22.32524,17.2225,50.03831,3690.62251,-0.01994,31.51845,12.220934040339149,4.55261948215327,0.0
22.3673,17.2504,50.04191,3683.7976,0.09443,31.53382,12.16961424664293,4.53350150869639,0.0
22.40929,17.27827,50.05646,3676.97778,0.20739,31.54918,12.09981338539016,4.50749885130854,0.0
22.45119,17.30611,50.08177,3670.1736,0.31854,31.56454,12.01225135591628,4.474879691433867,0.0
22.493,17.33392,50.11759,3663.39527,0.42744,31.57989,11.907779931337931,4.435961336969817,0.0
22.53473,17.3617,50.16366,3656.65258,0.53372,31.59525,11.787366921626708,4.391104322595422,0.0
22.57637,17.38944,50.21967,3649.95486,0.63701,31.6106,11.652078941930895,4.340705990517752,0.0
22.61793,17.41715,50.28528,3643.31092,0.73694,31.62594,11.503063289692586,4.285193739221199,0.0
22.65941,17.44484,50.36012,3636.72897,0.83321,31.64129,11.3415294282443,4.225018125620022,0.0
22.7008,17.47249,50.4438,3630.21663,0.92552,31.65663,11.168730549481953,4.160645996668914,0.0
22.74211,17.50011,50.53589,3623.78088,1.01361,31.67198,10.98594564716155,4.092553811194337,0.0
22.78334,17.5277,50.63596,3617.42804,1.09724,31.68732,10.794462478773424,4.021221292744379,0.0
22.82449,17.55527,50.74355,3611.16376,1.1762,31.70267,10.595561731571989,3.9471255310182176,0.0
22.86556,17.5828,50.85818,3604.99305,1.25032,31.71801,10.390502641061754,3.8707356243737654,0.0
22.90655,17.61031,50.97937,3598.92025,1.31945,31.73337,10.18051024177239,3.7925079304059204,0.0
22.94746,17.63779,51.10663,3592.94907,1.38348,31.74872,9.966764363449023,3.7128819667379327,0.0
22.9883,17.66524,51.23945,3587.08258,1.4423,31.76408,9.750390423652876,3.6322769810228746,0.0
23.02906,17.69267,51.37732,3581.32329,1.49586,31.77945,9.532452012162926,3.5510891884381475,0.0
23.06975,17.72008,51.51974,3575.67312,1.54411,31.79483,9.313945214693277,3.4696896571208473,0.0
23.11037,17.74745,51.66621,3570.13348,1.58704,31.81021,9.095794584315117,3.3884228074164477,0.0
23.15092,17.77481,51.81621,3564.70528,1.62465,31.82561,8.87885063854359,3.3076054794778016,0.0
23.19139,17.80215,51.96924,3559.38897,1.65697,31.84102,8.663888738198075,3.227526515611098,0.0
23.2318,17.82946,52.12481,3554.18456,1.68403,31.85644,8.451609190267241,3.1484467985958027,0.0
23.27215,17.85675,52.28242,3549.09171,1.70591,31.87187,8.242638410193415,3.070599684666165,0.0
23.31242,17.88403,52.44161,3544.10972,1.72266,31.88732,8.037530978314752,2.9941917695900355,0.0
23.35264,17.91128,52.60189,3539.23757,1.73439,31.90278,7.8367724295185015,2.919403927888103,0.0
23.39279,17.93852,52.76282,3534.47396,1.74118,31.91826,7.640782623384308,2.8463925683009603,0.0
23.43287,17.96574,52.92393,3529.81738,1.74316,31.93376,7.449919553317426,2.7752910527914336,0.0
23.4729,17.99294,53.08479,3525.26605,1.74043,31.94928,7.264483466276324,2.7062112312515274,0.0
23.51287,18.02013,53.24499,3520.81807,1.73313,31.96482,7.084721179006409,2.6392450494130455,0.0
23.55279,18.0473,53.40411,3516.47133,1.72139,31.98038,6.910830491453475,2.5744661929602253,0.0
23.59264,18.07446,53.56176,3512.22362,1.70534,31.99596,6.742964612706211,2.5119317363097773,0.0
23.63245,18.10161,53.71755,3508.0726,1.68512,32.01157,6.581236528868291,2.4516837697581635,0.0
23.67219,18.12874,53.87112,3504.01586,1.66089,32.0272,6.4257232555934465,2.3937509836628026,0.0
23.71189,18.15587,54.02212,3500.05091,1.63278,32.04286,6.276469930106157,2.3381501928274453,0.0
23.75153,18.18298,54.1702,3496.17521,1.60094,32.05854,6.1334937085040995,2.28488778834988,0.0
23.79113,18.21009,54.31504,3492.38615,1.56553,32.07425,5.996787443787756,2.2339611077847374,0.0
23.83067,18.23718,54.45634,3488.68115,1.5267,32.08998,5.866323128435661,2.1853597175933492,0.0
23.87016,18.26427,54.59379,3485.05755,1.48458,32.10575,5.742055092443813,2.139066604497576,0.0
23.90961,18.29135,54.72712,3481.51274,1.43934,32.12154,5.623922953709285,2.0950592745753274,0.0
23.94901,18.31842,54.85606,3478.04406,1.39111,32.13737,5.511854322463504,2.0533107607331202,0.0
23.98837,18.34548,54.98035,3474.64889,1.34005,32.15322,5.405767265337687,2.0137905406352874,0.0
24.02768,18.37254,55.09975,3471.3246,1.28629,32.16911,5.305572537628243,1.9764653682815712,0.0
24.06695,18.3996,55.21405,3468.06859,1.22999,32.18503,5.2111755945536435,1.941300023253229,0.0
24.10617,18.42664,55.32302,3464.87828,1.17127,32.20098,5.1224783938480005,1.9082579822265708,0.0
24.14535,18.45369,55.42646,3461.7511,1.11029,32.21697,5.039381003068986,1.8773020177374484,0.0
24.18449,18.48073,55.52419,3458.68449,1.04717,32.23298,4.96178302550799,1.8483947293703085,0.0
24.22359,18.50777,55.61603,3455.67594,0.98205,32.24904,4.889584858797591,1.82149901262259,0.0
24.26265,18.5348,55.70182,3452.72295,0.91506,32.26512,4.822688800118692,1.7965784706234638,0.0
24.30167,18.56183,55.78141,3449.82302,0.84633,32.28125,4.761000011564231,1.7735977737572133,0.0
24.34065,18.58887,55.85465,3446.97371,0.77599,32.2974,4.704427358621069,1.7525229720198017,0.0
24.37959,18.61589,55.92141,3444.17256,0.70417,32.3136,4.6528841340362845,1.73332176467811,0.0
24.41849,18.64292,55.98159,3441.41715,0.63099,32.32983,4.6062886785167825,1.7159637314968752,0.0
24.45735,18.66995,56.03508,3438.70507,0.55657,32.3461,4.564564908827113,1.7004205294690213,0.0
24.49618,18.69697,56.08177,3436.03389,0.48103,32.3624,4.5276427629341915,1.686666058643782,0.0
24.53497,18.724,56.12159,3433.40124,0.4045,32.37874,4.49545857090372,1.6746766002953741,0.0
24.57373,18.75103,56.15447,3430.8047,0.32709,32.39512,4.467955359298089,1.6644309303192266,0.0
24.61245,18.77805,56.18033,3428.24189,0.24891,32.41153,4.44508309587227,1.655910410387639,0.0
24.65113,18.80508,56.19913,3425.71041,0.1701,32.42799,4.42679888043441,1.6490990590503742,0.0
24.68978,18.83211,56.21083,3423.20786,0.09075,32.44448,4.413067086803462,1.6439836046176108,0.0
24.72839,18.85914,56.21539,3420.73181,0.01098,32.46101,4.403859459910415,1.640553521332707,0.0
24.76696,18.88617,56.21279,3418.27984,-0.06908,32.47757,4.399155171192625,1.6388010500080443,0.0
24.80551,18.9132,56.20302,3415.84949,-0.14934,32.49418,4.398940834569977,1.6387212039765722,0.0
24.84402,18.94023,56.18608,3413.43829,-0.22966,32.51082,4.403210484445657,1.6403117608965125,0.0
24.88249,18.96726,56.16198,3411.04375,-0.30995,32.52751,4.4119655163537645,1.643573240641036,0.0
24.92093,18.9943,56.13073,3408.66332,-0.39009,32.54423,4.425214590042782,1.648508869194304,0.0
24.95933,19.02134,56.09237,3406.29445,-0.46995,32.56098,4.442973494000015,1.6551245281832585,0.0
24.99771,19.04838,56.04693,3403.93451,-0.54944,32.57778,4.465264969601767,1.6634286893689334,0.0
25.03604,19.07542,55.99446,3401.58087,-0.62843,32.59461,4.492118492321246,1.6734323331406458,0.0
25.07435,19.10246,55.93503,3399.23082,-0.7068,32.61149,4.523570006620657,1.6851488497563223,0.0
25.11262,19.12951,55.86869,3396.88161,-0.78443,32.6284,4.559661610397331,1.6985939217903812,0.0
25.15085,19.15656,55.79554,3394.53044,-0.86122,32.64534,4.60044118410853,1.7137853859729635,0.0
25.18905,19.18361,55.71566,3392.17444,-0.93704,32.66233,4.645961958943527,1.7307430723226698,0.0
25.22722,19.21066,55.62915,3389.81069,-1.01176,32.67935,4.696282017716569,1.7494886182160576,0.0
25.26535,19.23771,55.53613,3387.4362,-1.08526,32.69641,4.751463721461048,1.7700452547788839,0.0
25.30345,19.26477,55.43672,3385.04791,-1.15742,32.71351,4.811573054096157,1.7924375627571894,0.0
25.34152,19.29182,55.33105,3382.6427,-1.22812,32.73064,4.876678876947847,1.816691194806741,0.0
25.37955,19.31888,55.21927,3380.21736,-1.29721,32.74781,4.946852084441796,1.842832560966448,0.0
25.41754,19.34594,55.10153,3377.76862,-1.36457,32.76501,5.022164651921019,1.8708884739453695,0.0
25.4555,19.37301,54.97801,3375.29315,-1.43008,32.78225,5.1026885663076325,1.9008857507660837,0.0
25.49342,19.40007,54.84888,3372.78753,-1.49358,32.79952,5.188494630272683,1.9328507672864852,0.0
25.53131,19.42713,54.71434,3370.24825,-1.55496,32.81683,5.2796511307820735,1.9668089621981113,0.0
25.56916,19.45419,54.57459,3367.67177,-1.61406,32.83417,5.376222363268529,2.0027842872413673,0.0
25.60697,19.48126,54.42984,3365.05445,-1.67075,32.85155,5.478267003484499,2.0407986006778915,0.0
25.64475,19.50832,54.28033,3362.39258,-1.72488,32.86896,5.585836320175959,2.0808710014645233,0.0
25.68249,19.53539,54.1263,3359.68241,-1.77632,32.8864,5.698972223281142,2.1230171021559694,0.0
25.72019,19.56245,53.96799,3356.92012,-1.82492,32.90387,5.817705144420592,2.1672482393315886,0.0
25.75785,19.58951,53.80568,3354.10184,-1.87052,32.92137,5.942051749006936,2.2135706212960753,0.0
25.79548,19.61657,53.63964,3351.22367,-1.913,32.9389,6.072012482560566,2.261984414017501,0.0
25.83306,19.64363,53.47017,3348.28165,-1.95219,32.95646,6.207568957644989,2.312482767691967,0.0
25.8706,19.67068,53.29756,3345.27183,-1.98796,32.97405,6.34868119246149,2.3650507880474687,0.0
25.9081,19.69773,53.12214,3342.19024,-2.02015,32.99166,6.495284717421871,2.419664458466105,0.0
25.94556,19.72478,52.94423,3339.03291,-2.04863,33.0093,6.6472875721208675,2.4762895212772906,0.0
25.98297,19.75183,52.76417,3335.7959,-2.07326,33.02697,6.804567221846805,2.5348803290768447,0.0
26.02035,19.77887,52.58231,3332.47532,-2.09389,33.04466,6.966967430261324,2.595378679717904,0.0
26.05767,19.8059,52.39901,3329.06733,-2.1104,33.06238,7.134295132843039,2.657712651586418,0.0
26.09495,19.83293,52.21466,3325.56818,-2.12264,33.08012,7.306317364107134,2.7217954589096016,0.0
26.13219,19.85995,52.02962,3321.97423,-2.13051,33.09788,7.48275830025383,2.787524350064677,0.0
26.16938,19.88696,51.8443,3318.28198,-2.13388,33.11566,7.663296487434034,2.8547795750348977,0.0
26.20652,19.91397,51.65909,3314.48809,-2.13264,33.13346,7.847562334045757,2.923423451223981,0.0
26.24361,19.94097,51.47441,3310.58941,-2.1267,33.15128,8.035135952840927,2.993299559584122,0.0
26.28065,19.96795,51.29067,3306.58303,-2.11597,33.16912,8.225545444865475,3.064232105338523,0.0
26.31763,19.99493,51.10829,3302.46628,-2.10038,33.18697,8.418265721676171,3.13602547922617,0.0
26.35457,20.02189,50.9277,3298.23679,-2.07985,33.20484,8.612717964570548,3.2084640560507593,0.0
26.39145,20.04885,50.74933,3293.89252,-2.05435,33.22271,8.808269818897182,3.2813122670663817,0.0
26.42828,20.07578,50.57361,3289.43178,-2.02385,33.24061,9.004236417769818,3.354314981337976,0.0
26.46504,20.10271,50.40097,3284.85326,-1.98832,33.25851,9.199882321697533,3.4271982283045954,0.0
26.50176,20.12962,50.23184,3280.15609,-1.94779,33.27642,9.394424448938251,3.4996702894131957,0.0
26.53841,20.15651,50.06665,3275.33986,-1.90227,33.29434,9.587036055035428,3.5714231806007586,0.0
26.575,20.18339,49.90581,3270.40462,-1.85182,33.31227,9.776851799330851,3.6421345397036173,0.0
26.61153,20.21024,49.74974,3265.35095,-1.7965,33.3302,9.962973911133258,3.7114699235175066,0.0
26.648,20.23708,49.59884,3260.17994,-1.73642,33.34814,10.144479439264318,3.779085508444193,0.0
26.68441,20.2639,49.4535,3254.89325,-1.67169,33.36607,10.320428536398254,3.844631176625952,0.0
26.72075,20.2907,49.3141,3249.49308,-1.60246,33.38402,10.489873695042458,3.9077539565913657,0.0
26.75702,20.31747,49.181,3243.9822,-1.5289,33.40196,10.651869816395234,3.968101774169754,0.0
26.79323,20.34422,49.05455,3238.36398,-1.45119,33.4199,10.805484957920795,4.025327456245655,0.0
26.82937,20.37095,48.93507,3232.64232,-1.36958,33.43784,10.949811572229956,4.079092917537587,0.0
26.86543,20.39765,48.82286,3226.82169,-1.28429,33.45577,11.083978020213104,4.1290734495430135,0.0
26.90143,20.42433,48.71819,3220.90711,-1.19559,33.47371,11.207160117086142,4.174962021744253,0.0
26.93735,20.45098,48.62132,3214.90411,-1.10378,33.49163,11.318592452875723,4.216473498787084,0.0
26.9732,20.4776,48.53247,3208.81868,-1.00917,33.50955,11.417579219881192,4.253348673995211,0.0
27.00898,20.50419,48.45183,3202.65731,-0.91209,33.52747,11.50350428015889,4.285358019773055,0.0
27.04468,20.53076,48.37958,3196.42684,-0.81288,33.54537,11.575840216476259,4.312305059324306,0.0
27.08031,20.55729,48.31583,3190.13451,-0.7119,33.56327,11.634156130489961,4.334029271678453,0.0
27.11585,20.58379,48.26069,3183.78784,-0.60954,33.58116,11.67812398183682,4.350408453168952,0.0
27.15132,20.61026,48.21424,3177.39461,-0.50616,33.59904,11.70752330013512,4.361360472777689,0.0
27.18672,20.6367,48.17649,3170.96279,-0.40218,33.61691,11.722244147167794,4.3668443756261555,0.0
27.22203,20.66311,48.14746,3164.50048,-0.29797,33.63477,11.72228825686825,4.366860807650172,0.0
27.25727,20.68948,48.1271,3158.01585,-0.19393,33.65262,11.707768333799168,4.36145175426477,0.0
27.29242,20.71582,48.11536,3151.51708,-0.09046,33.67046,11.67890554427618,4.3506996057417595,0.0
27.3275,20.74213,48.11214,3145.01228,0.01205,33.68828,11.63602528589276,4.334725581246435,0.0
27.3625,20.7684,48.1173,3138.50945,0.11323,33.7061,11.579551368341901,4.31368756104054,0.0
27.39741,20.79464,48.13069,3132.01646,0.21271,33.7239,11.509998779709479,4.287777391736216,0.0
27.43225,20.82085,48.15212,3125.5409,0.31013,33.7417,11.427965245623666,4.257217741857066,0.0
27.46701,20.84702,48.18137,3119.09015,0.40515,33.75948,11.334121813353054,4.222258594166955,0.0
27.50168,20.87316,48.2182,3112.67125,0.49744,33.77726,11.229202708022184,4.183173466843402,0.0
27.53628,20.89926,48.26234,3106.29089,0.5867,33.79502,11.113994713938297,4.140255457742394,0.0
27.5708,20.92533,48.31352,3099.95541,0.67264,33.81278,10.989326330748343,4.093813204781556,0.0
27.60524,20.95137,48.37141,3093.67073,0.755,33.83052,10.856056942720317,4.04416685121248,0.0
27.63961,20.97737,48.4357,3087.44234,0.83355,33.84826,10.715066221041313,3.9916440976979,0.0
27.6739,21.00334,48.50604,3081.27532,0.90806,33.866,10.56724395502078,3.9365764141673503,0.0
27.70811,21.02928,48.58208,3075.17426,0.97834,33.88372,10.413480479963,3.8792954739478076,0.0
27.74224,21.05518,48.66344,3069.14335,1.04422,33.90144,10.2546578388307,3.8201298612508343,0.0
27.7763,21.08106,48.74975,3063.1863,1.10555,33.91916,10.09164178309961,3.7594020912804345,0.0
27.81029,21.1069,48.84061,3057.30639,1.16222,33.93687,9.925274686669532,3.6974259704784744,0.0
27.8442,21.13271,48.93565,3051.50645,1.21413,33.95458,9.756369416745283,3.6345043132665724,0.0
27.87804,21.1585,49.03445,3045.7889,1.26119,33.97229,9.585704177723605,3.5709270212583037,0.0
27.91181,21.18425,49.13663,3040.15576,1.30335,33.99,9.414018319519727,3.5069695217505585,0.0
27.94551,21.20998,49.24177,3034.60863,1.34057,34.00771,9.242009080476667,3.4428915543715557,0.0
27.97914,21.23568,49.34948,3029.14878,1.37285,34.02542,9.070329217494342,3.3789362882415825,0.0
28.01271,21.26135,49.45936,3023.77709,1.40017,34.04313,8.899585462263698,3.315329746879588,0.0
28.0462,21.28699,49.57101,3018.49414,1.42257,34.06084,8.730337732415112,3.2522805143352067,0.0
28.07963,21.31261,49.68404,3013.30019,1.44007,34.07856,8.56309901964429,3.189979693512713,0.0
28.113,21.33821,49.79807,3008.19522,1.45272,34.09629,8.398335873309922,3.1286010863238722,0.0
28.1463,21.36378,49.91271,3003.17895,1.46059,34.11402,8.236469397047511,3.068301564952812,0.0
28.17954,21.38933,50.02759,2998.25084,1.46375,34.13176,8.077876677266534,3.009221604008803,0.0
28.21271,21.41485,50.14235,2993.41016,1.46228,34.14951,7.922892565523993,2.951485944507302,0.0
28.24583,21.44036,50.25664,2988.65597,1.45629,34.16727,7.7718117413949015,2.895204362343491,0.0
28.27889,21.46584,50.3701,2983.98714,1.44587,34.18504,7.624890987984814,2.8404725159805557,0.0
28.31188,21.4913,50.48241,2979.40238,1.43114,34.20282,7.482351618562797,2.7873728504343283,0.0
28.34482,21.51675,50.59323,2974.90028,1.41221,34.22062,7.344381999377276,2.7359755370885606,0.0
28.37771,21.54217,50.70226,2970.47928,1.38921,34.23843,7.211140120545719,2.6863394314189795,0.0
28.41054,21.56758,50.80918,2966.13771,1.36227,34.25625,7.082756173541078,2.638513033174805,0.0
28.44331,21.59296,50.91371,2961.87381,1.33153,34.27409,6.959335100232312,2.5925354359634083,0.0
28.47603,21.61834,51.01557,2957.68572,1.29711,34.29194,6.840959084490165,2.5484372554390307,0.0
28.5087,21.64369,51.11449,2953.57152,1.25916,34.30982,6.727689962938658,2.5062415273711407,0.0
28.54131,21.66903,51.2102,2949.52922,1.21783,34.32771,6.619571536520158,2.46596456876324,0.0
28.57387,21.69436,51.30247,2945.55676,1.17325,34.34561,6.516631769026232,2.4276167968634605,0.0
28.60639,21.71967,51.39106,2941.65205,1.12557,34.36354,6.418884862767742,2.3912035024062837,0.0
28.63885,21.74496,51.47575,2937.81296,1.07494,34.38149,6.32633320494422,2.3567255746863442,0.0
28.67127,21.77025,51.55633,2934.0373,1.02151,34.39946,6.23896918122597,2.324180177165488,0.0
28.70363,21.79552,51.63261,2930.32288,0.96541,34.41745,6.1567768554475215,2.2935613732027704,0.0
28.73595,21.82078,51.70439,2926.66746,0.90681,34.43546,6.0797335163462245,2.264860702255284,0.0
28.76822,21.84602,51.77151,2923.06878,0.84584,34.4535,6.007811093825898,2.238067707473634,0.0
28.80045,21.87126,51.83379,2919.52459,0.78266,34.47155,5.940977448437408,2.2131704160673773,0.0
28.83263,21.89648,51.8911,2916.03257,0.7174,34.48964,5.879197538700667,2.1901557741631854,0.0
28.86477,21.9217,51.94328,2912.59043,0.65022,34.50774,5.822434471472177,2.1690100380943873,0.0
28.89686,21.9469,51.99021,2909.19583,0.58127,34.52587,5.770650440962882,2.14971912420983,0.0
28.9289,21.9721,52.03178,2905.84644,0.51068,34.54403,5.723807562185852,2.1322689193550683,0.0
28.96091,21.99728,52.06788,2902.5399,0.4386,34.56221,5.681868604593569,2.1166455541715563,0.0
28.99287,22.02246,52.09841,2899.27384,0.36517,34.58041,5.644797631568234,2.102835641323616,0.0
29.02479,22.04763,52.12329,2896.04587,0.29055,34.59864,5.612560551118699,2.090826480647529,0.0
29.05666,22.07279,52.14244,2892.85358,0.21486,34.6169,5.585125582828077,2.0806062331018116,0.0
29.0885,22.09794,52.15581,2889.69455,0.13825,34.63519,5.5624636456581085,2.0721640652345457,0.0
29.12029,22.12308,52.16335,2886.56634,0.06087,34.6535,5.54454867072092,2.0654902656990837,0.0
29.15204,22.14821,52.165,2883.46647,-0.01715,34.67183,5.531357842643085,2.060576335168515,0.0
29.18375,22.17334,52.16075,2880.39245,-0.09566,34.6902,5.522871772541322,2.0574150507736655,0.0
29.21542,22.19846,52.15057,2877.34177,-0.17453,34.70859,5.519074605105506,2.0560005059943354,0.0
29.24705,22.22358,52.13445,2874.31189,-0.25361,34.72701,5.519954061671091,2.056328126704911,0.0
29.27864,22.24868,52.1124,2871.30022,-0.33277,34.74545,5.525501420599109,2.0583946638653954,0.0
29.31018,22.27378,52.08443,2868.30417,-0.41185,34.76392,5.535711435700118,2.062198163132187,0.0
29.34169,22.29887,52.05056,2865.32109,-0.49073,34.78242,5.550582192882061,2.0677379114556307,0.0
29.37316,22.32396,52.01082,2862.34831,-0.56927,34.80095,5.570114904650494,2.0750143605259495,0.0
29.40459,22.34904,51.96526,2859.38311,-0.64731,34.8195,5.594313641611961,2.084029026751185,0.0
29.43598,22.37411,51.91393,2856.42276,-0.72472,34.83808,5.623184999623022,2.0947843672614535,0.0
29.46732,22.39918,51.8569,2853.46445,-0.80135,34.85669,5.656737700832602,2.1072836312867227,0.0
29.49863,22.42423,51.79423,2850.50536,-0.87707,34.87532,5.694982126475565,2.1215306861101264,0.0
29.5299,22.44929,51.72603,2847.5426,-0.95173,34.89398,5.737929778995387,2.1375298166945074,0.0
29.56113,22.47433,51.65238,2844.57327,-1.02518,34.91267,5.78559267083419,2.155285497990622,0.0
29.59232,22.49937,51.57338,2841.59441,-1.09728,34.93138,5.837982637108909,2.174802138890929,0.0
29.62347,22.5244,51.48917,2838.603,-1.16789,34.95011,5.8951105693732275,2.19608379678575,0.0
29.65457,22.54942,51.39986,2835.59601,-1.23686,34.96887,5.956985567772249,2.219133861718575,0.0
29.68564,22.57444,51.30559,2832.57034,-1.30404,34.98766,6.02361400915274,2.2439547092326095,0.0
29.71667,22.59945,51.20652,2829.52287,-1.36928,35.00647,6.0949985290884925,2.2705473211484373,0.0
29.74765,22.62445,51.1028,2826.45044,-1.43244,35.0253,6.171136916410859,2.2989108737475568,0.0
29.7786,22.64944,50.99461,2823.34985,-1.49338,35.04416,6.2520209196271965,2.3290422931318506,0.0
29.8095,22.67442,50.88212,2820.21786,-1.55194,35.06304,6.337634965639488,2.360935777912553,0.0
29.84036,22.6994,50.76553,2817.05123,-1.60797,35.08194,6.4279547924748845,2.3945822898664075,0.0
29.87118,22.72436,50.64505,2813.84668,-1.66133,35.10086,6.5229459992726655,2.429969013767654,0.0
29.90196,22.74932,50.52087,2810.60091,-1.71188,35.1198,6.6225625186405335,2.467078788300556,0.0
29.93269,22.77427,50.39323,2807.31062,-1.75947,35.13877,6.726745018562052,2.505889510727872,0.0
29.96338,22.79921,50.26237,2803.97253,-1.80395,35.15775,6.835419243514437,2.546373518913583,0.0
29.99402,22.82413,50.12851,2800.58334,-1.84519,35.17675,6.948494307142399,2.5884969552989823,0.0
30.02462,22.84905,49.99192,2797.13979,-1.88304,35.19577,7.065860951812291,2.632219118540793,0.0
30.05518,22.87395,49.85287,2793.63863,-1.91737,35.21481,7.1873897936483315,2.6774918097409928,0.0
30.08569,22.89884,49.71161,2790.07669,-1.94805,35.23386,7.312929575066878,2.724258681469848,0.0
30.11615,22.92372,49.56843,2786.45082,-1.97496,35.25292,7.442305450431648,2.7724545991273772,0.0
30.14657,22.94859,49.42362,2782.75797,-1.99796,35.27201,7.5753173341212685,2.82200502555505,0.0
30.17694,22.97344,49.27747,2778.99516,-2.01694,35.2911,7.711738343919617,2.872825441157731,0.0
30.20726,22.99828,49.1303,2775.15954,-2.0318,35.31021,7.851313376146789,2.924820813102473,0.0
30.23753,23.0231,48.98241,2771.24836,-2.04244,35.32933,7.993757852122404,2.977885128343119,0.0
30.26776,23.04791,48.83411,2767.25902,-2.04875,35.34846,8.138756678302741,3.0319010062440226,0.0
30.29793,23.0727,48.68573,2763.18909,-2.05065,35.36759,8.285963464554904,3.0867394073666077,0.0
30.32805,23.09748,48.53759,2759.03632,-2.04808,35.38674,8.435000046330266,3.142259455466402,0.0
30.35812,23.12224,48.39003,2754.79864,-2.04097,35.40589,8.58545635678323,3.1983083898539117,0.0
30.38813,23.14697,48.24337,2750.47424,-2.02928,35.42505,8.73689069395862,3.254721664928959,0.0
30.41809,23.17169,48.09796,2746.06154,-2.01296,35.44422,8.888830425875803,3.311323212843059,0.0
30.448,23.19639,47.95411,2741.55922,-1.992,35.46339,9.04077317246822,3.367925883803004,0.0
30.47785,23.22107,47.81218,2736.96624,-1.96639,35.48256,9.19218849781991,3.4243320764734904,0.0
30.50765,23.24573,47.67248,2732.28188,-1.93614,35.50173,9.342520138831755,3.4803345682139346,0.0
30.53738,23.27036,47.53535,2727.50573,-1.90129,35.5209,9.49118878746348,3.5357175515368207,0.0
30.56706,23.29497,47.40111,2722.63773,-1.86188,35.54007,9.637595432862433,3.5902578791386115,0.0
30.59668,23.31956,47.27008,2717.67817,-1.81798,35.55924,9.781125257489824,3.6437265153092855,0.0
30.62624,23.34412,47.14256,2712.6277,-1.76967,35.5784,9.921152067641327,3.695890186417834,0.0
30.65574,23.36865,47.01887,2707.48734,-1.71706,35.59756,10.057043224163106,3.746513217733713,0.0
30.68517,23.39316,46.89928,2702.25852,-1.66027,35.61671,10.188165023979057,3.7953595381873444,0.0
30.71455,23.41764,46.78408,2696.94303,-1.59945,35.63586,10.31388846772152,3.8421948289643058,0.0
30.74386,23.44209,46.67353,2691.54306,-1.53477,35.655,10.43359533400033,3.886788786330374,0.0
30.7731,23.46651,46.56789,2686.06117,-1.46641,35.67413,10.546684467136647,3.928917463977826,0.0
30.80228,23.49091,46.46739,2680.50034,-1.39458,35.69325,10.652578173192383,3.9683656557146816,0.0
30.83139,23.51527,46.37225,2674.86387,-1.31951,35.71236,10.750728609491766,4.004929275729606,0.0
30.86044,23.5396,46.28267,2669.15545,-1.24143,35.73145,10.840624046098586,4.038417691156936,0.0
30.88941,23.56389,46.19882,2663.37908,-1.1606,35.75054,10.921794874247336,4.068655960375372,0.0
30.91832,23.58816,46.12088,2657.53911,-1.07731,35.76961,10.993819237071262,4.095486930602323,0.0
30.94716,23.61239,46.04897,2651.64016,-0.99185,35.78866,11.056328162192315,4.118773149918722,0.0
30.97593,23.63658,45.98321,2645.68712,-0.9045,35.8077,11.109010083846323,4.1383985518796225,0.0
31.00463,23.66074,45.9237,2639.68511,-0.8156,35.82672,11.151614654180936,4.154269875322977,0.0
31.03325,23.68486,45.87051,2633.63947,-0.72545,35.84573,11.183955758794903,4.166317787737356,0.0
31.06181,23.70895,45.82368,2627.5557,-0.6344,35.86472,11.205913669872006,4.174497687360987,0.0
31.09029,23.733,45.78323,2621.43942,-0.54278,35.88369,11.217436291046294,4.178790166926818,0.0
31.1187,23.75701,45.74917,2615.29636,-0.45092,35.90265,11.218539470228016,4.179201130198402,0.0
31.14703,23.78098,45.72148,2609.13231,-0.35916,35.92159,11.209306379650775,4.175761561021146,0.0
31.1753,23.80492,45.70009,2602.95306,-0.26784,35.94051,11.189885985061991,4.168526953055489,0.0
31.20349,23.82882,45.68494,2596.76442,-0.1773,35.95941,11.160490647823964,4.157576416496452,0.0
31.2316,23.85267,45.67595,2590.57211,-0.08786,35.97829,11.121392923495135,4.143011485460924,0.0
31.25964,23.87649,45.67299,2584.3818,0.00016,35.99715,11.072921638023647,4.124954656266518,0.0
31.28761,23.90027,45.67592,2578.199,0.08645,36.016,11.015457336958889,4.103547692143136,0.0
31.31551,23.92401,45.6846,2572.02912,0.1707,36.03482,10.949427214123421,4.078949734029832,0.0
31.34333,23.94772,45.69885,2565.87736,0.25263,36.05363,10.875299633387653,4.051335259791725,0.0
31.37107,23.97138,45.71847,2559.74872,0.33196,36.07242,10.793578360819849,4.020891935544128,0.0
31.39875,23.995,45.74327,2553.648,0.40845,36.0912,10.704796624376232,3.987818402730806,0.0
31.42635,24.01859,45.77301,2547.57973,0.48184,36.10996,10.609511114940105,3.9523220433532065,0.0
31.45388,24.04213,45.80746,2541.54822,0.55191,36.1287,10.508296036158763,3.914616763378155,0.0
31.48134,24.06564,45.84637,2535.55746,0.61847,36.14742,10.401737301600873,3.8749208310262957,0.0
31.50872,24.08911,45.88948,2529.61121,0.68132,36.16613,10.290426966954584,3.8334548026193844,0.0
31.53603,24.11254,45.93652,2523.71291,0.74029,36.18483,10.174957972666203,3.7904395640748727,0.0
31.56328,24.13593,45.9872,2517.86573,0.79523,36.20351,10.055919259238808,3.7460945112261155,0.0
31.59045,24.15929,46.04126,2512.07253,0.84603,36.22218,9.933891303928858,3.700635887124419,0.0
31.61756,24.18261,46.09838,2506.33589,0.89255,36.24084,9.809442114130315,3.654275289469208,0.0
31.64459,24.20589,46.15828,2500.6581,0.93472,36.25949,9.68312369986771,3.6072183565188776,0.0
31.67156,24.22913,46.22066,2495.04118,0.97246,36.27812,9.55546903583961,3.559663635372054,0.0
31.69846,24.25234,46.28522,2489.48686,1.00572,36.29675,9.426989512554304,3.511801632448567,0.0
31.72529,24.27552,46.35165,2483.99659,1.03444,36.31537,9.298172866557783,3.4638140424449206,0.0
31.75206,24.29866,46.41965,2478.5716,1.05862,36.33398,9.169481571599889,3.4158731490013468,0.0
31.77877,24.32177,46.48893,2473.21284,1.07825,36.35258,9.0413516659274,3.368141387837628,0.0
31.8054,24.34484,46.55918,2467.92103,1.09333,36.37118,8.91419198571096,3.320771061184455,0.0
31.83198,24.36789,46.6301,2462.69667,1.10389,36.38977,8.788383770714102,3.2739041908847666,0.0
31.85849,24.3909,46.70141,2457.54006,1.10995,36.40836,8.664280605851099,3.227672496622508,0.0
31.88494,24.41387,46.77282,2452.45127,1.11158,36.42695,8.542208660872108,3.1821974852116557,0.0
31.91133,24.43682,46.84405,2447.43021,1.10883,36.44553,8.422467190090197,3.1375906367576825,0.0
31.93766,24.45974,46.91482,2442.47659,1.10178,36.46411,8.30532925453906,3.0939536736803075,0.0
31.96393,24.48263,46.98486,2437.58997,1.09049,36.48269,8.191042630263235,3.0513788990755,0.0
31.99014,24.50548,47.0539,2432.76976,1.07507,36.50127,8.07983086816865,3.009949591537698,0.0
32.0163,24.52831,47.1217,2428.01521,1.0556,36.51985,7.971894473125428,2.969740444406623,0.0
32.04239,24.55111,47.18801,2423.32545,1.0322,36.53844,7.86741217256569,2.9308180383533404,0.0
32.06843,24.57389,47.25259,2418.69949,1.00498,36.55703,7.766542247485056,2.893241337213344,0.0
32.09442,24.59664,47.31521,2414.13622,0.97405,36.57562,7.669423901596473,2.8570621980323754,0.0
32.12035,24.61936,47.37564,2409.63444,0.93955,36.59422,7.576178647170573,2.822325887328426,0.0
32.14622,24.64205,47.43367,2405.19284,0.90159,36.61282,7.48691168887551,2.7890715966084847,0.0
32.17204,24.66472,47.48911,2400.81003,0.86032,36.63142,7.401713289499624,2.7573329511361644,0.0
32.19781,24.68737,47.54175,2396.48453,0.81588,36.65004,7.32066010399229,2.7271385068970204,0.0
32.22353,24.70999,47.59142,2392.2148,0.76839,36.66866,7.243816470486054,2.698512231538266,0.0
32.24919,24.73259,47.63794,2387.99922,0.71801,36.68729,7.171235649087077,2.6714739658508013,0.0
32.2748,24.75516,47.68114,2383.8361,0.66488,36.70593,7.102961001105273,2.6460398630634754,0.0
32.30037,24.77771,47.72088,2379.72372,0.60916,36.72457,7.039027103035134,2.6222228038302484,0.0
32.32588,24.80024,47.757,2375.66027,0.55098,36.74323,6.979460791079303,2.600032785342708,0.0
32.35134,24.82275,47.78937,2371.64391,0.49052,36.7619,6.92428213323887,2.5794772834592816,0.0
32.37676,24.84523,47.81787,2367.67274,0.42791,36.78058,6.8735053270814115,2.560561587147451,0.0
32.40212,24.8677,47.84238,2363.74482,0.36332,36.79927,6.827139522139285,2.5432891048487587,0.0
32.42744,24.89014,47.8628,2359.85817,0.29691,36.81797,6.785189566646828,2.5276616426580594,0.0
32.45271,24.91256,47.87904,2356.01077,0.22882,36.83668,6.747656678855741,2.5136796544061677,0.0
32.47794,24.93497,47.891,2352.20054,0.15922,36.8554,6.7145390436323575,2.5013424639080317,0.0
32.50311,24.95735,47.89862,2348.42539,0.08827,36.87414,6.68583233534208,2.490648459750949,0.0
32.52824,24.97971,47.90184,2344.68317,0.01612,36.89289,6.661530168230621,2.4815952630734306,0.0
32.55333,25.00205,47.90059,2340.97171,-0.05706,36.91165,6.641624475692716,2.4741798688527683,0.0
32.57836,25.02438,47.89483,2337.2888,-0.13112,36.93043,6.626105819793813,2.468398761210017,0.0
32.60336,25.04668,47.88453,2333.63219,-0.20589,36.94922,6.614963632504495,2.464248003276154,0.0
32.6283,25.06897,47.86966,2329.99959,-0.28122,36.96802,6.608186389983863,2.4617233021172353,0.0
32.65321,25.09123,47.85022,2326.38869,-0.35693,36.98684,6.605761721247578,2.4608200492160965,0.0
32.67807,25.11348,47.82619,2322.79714,-0.43288,37.00567,6.607676452399476,2.461533336949786,0.0
32.70288,25.13571,47.79757,2319.22257,-0.5089,37.02452,6.6139165875250105,2.463857951471885,0.0
32.72765,25.15792,47.7644,2315.66254,-0.58483,37.04338,6.624467227276399,2.467788342383316,0.0
32.75237,25.18012,47.72668,2312.11463,-0.66051,37.06225,6.639312426020915,2.4733185695163353,0.0
32.77705,25.20229,47.68445,2308.57634,-0.73577,37.08114,6.658434988432861,2.480442227159683,0.0
32.80169,25.22445,47.63776,2305.04517,-0.81046,37.10004,6.681816206312939,2.48915234601688,0.0
32.82628,25.24658,47.58665,2301.51858,-0.88442,37.11895,6.709435536467438,2.4994412732077436,0.0
32.85083,25.2687,47.5312,2297.994,-0.95747,37.13788,6.741270220525901,2.51130053064047,0.0
32.87533,25.2908,47.47148,2294.46884,-1.02948,37.15682,6.777294847663097,2.524720652114062,0.0
32.89979,25.31289,47.40756,2290.94047,-1.10027,37.17577,6.817480861441117,2.539690999604033,0.0
32.92421,25.33495,47.33954,2287.40625,-1.16968,37.19473,6.861796012197338,2.556199559262517,0.0
32.94858,25.35699,47.26751,2283.86353,-1.23756,37.21371,6.910203756769445,2.5742327178000415,0.0
32.97291,25.37902,47.1916,2280.3096,-1.30376,37.2327,6.96266260780839,2.5937750200874903,0.0
32.99719,25.40103,47.1119,2276.74178,-1.3681,37.2517,7.019125435437166,2.6148089090056157,0.0
33.02143,25.42302,47.02856,2273.15736,-1.43044,37.27071,7.079538724697533,2.6373144488244096,0.0
33.04562,25.44498,46.94171,2269.55362,-1.49063,37.28973,7.143841792945576,2.6612690336623577,0.0
33.06977,25.46693,46.8515,2265.92784,-1.54851,37.30876,7.211965972234525,2.6866470829025255,0.0
33.09387,25.48886,46.75807,2262.27731,-1.60393,37.32781,7.283833762685413,2.713419725800854,0.0
33.11793,25.51077,46.66159,2258.59931,-1.65675,37.34686,7.359357963911745,2.7415544779189926,0.0
33.14194,25.53266,46.56223,2254.89115,-1.70683,37.36591,7.4384407927450695,2.7710149124538628,0.0
33.16591,25.55453,46.46016,2251.15017,-1.75401,37.38498,7.520972996714308,2.801760329985384,0.0
33.18983,25.57637,46.35558,2247.37372,-1.79817,37.40405,7.606832974084606,2.8337454306677867,0.0
33.2137,25.5982,46.24867,2243.55919,-1.83917,37.42313,7.6958859125983246,2.866919993387979,0.0
33.23753,25.62,46.13963,2239.70403,-1.87688,37.44222,7.787982960373016,2.901228566903218,0.0
33.26131,25.64178,46.02867,2235.80573,-1.91119,37.46131,7.882960443844115,2.9366101785041923,0.0
33.28504,25.66354,45.91601,2231.86186,-1.94197,37.4804,7.980639148844222,2.9729980661981394,0.0
33.30872,25.68527,45.80185,2227.87005,-1.96912,37.4995,8.08082368209239,3.0103194408467973,0.0
33.33236,25.70698,45.68643,2223.82803,-1.99252,37.51859,8.183301931412293,3.048495285083479,0.0
33.35594,25.72867,45.56997,2219.73362,-2.0121,37.53769,8.287844643722053,3.087440196103173,0.0
33.37948,25.75033,45.4527,2215.58475,-2.02775,37.55679,8.39420514042206,3.12706227963702,0.0
33.40297,25.77197,45.33486,2211.37948,-2.0394,37.57589,8.502119189889958,3.16726310245334,0.0
33.4264,25.79358,45.21669,2207.116,-2.04699,37.59499,8.611305056645094,3.2079377106726827,0.0
33.44979,25.81516,45.09843,2202.79265,-2.05046,37.61409,8.721463745951173,3.2489747208887536,0.0
33.47312,25.83672,44.98033,2198.4079,-2.04976,37.63318,8.832279461486664,3.29025649066268,0.0
33.4964,25.85824,44.86262,2193.96044,-2.04485,37.65227,8.943420291848836,3.3316593742638334,0.0
33.51962,25.87974,44.74555,2189.44911,-2.03573,37.67136,9.054539139330247,3.373054068663496,0.0
33.5428,25.90122,44.62938,2184.87294,-2.02237,37.69043,9.165274901368536,3.4143060536560124,0.0
33.56592,25.92266,44.51432,2180.23119,-2.0048,37.7095,9.275253911456959,3.4552761286358615,0.0
33.58898,25.94407,44.40064,2175.52332,-1.98302,37.72857,9.3840916420862,3.495821046988296,0.0
33.61199,25.96545,44.28856,2170.74901,-1.95708,37.74762,9.491394667541234,3.535794247282814,0.0
33.63494,25.9868,44.17832,2165.90818,-1.92702,37.76666,9.596762879106,3.575046678495191,0.0
33.65784,26.00811,44.07014,2161.00099,-1.89292,37.78569,9.699791939689266,3.613427714420192,0.0
33.68068,26.0294,43.96425,2156.02785,-1.85486,37.80471,9.800075958975269,3.6507861502355787,0.0
33.70346,26.05065,43.86085,2150.98942,-1.81294,37.82371,9.897210364335061,3.686971271992123,0.0
33.72618,26.07186,43.76017,2145.88659,-1.76727,37.8427,9.99079493683671,3.721833987607285,0.0
33.74885,26.09304,43.66238,2140.72052,-1.71799,37.86168,10.080436976169242,3.7552280058826595,0.0
33.77145,26.11418,43.56769,2135.49264,-1.66525,37.88064,10.165754553169707,3.787011048155887,0.0
33.79399,26.13529,43.47627,2130.2046,-1.60921,37.89958,10.246379804240304,3.8170460755577142,0.0
33.81648,26.15636,43.38828,2124.8583,-1.55005,37.9185,10.321962218388466,3.845202513520908,0.0
33.8389,26.17739,43.30388,2119.45589,-1.48797,37.9374,10.392171865081083,3.871357454240892,0.0
33.86125,26.19838,43.22322,2113.99975,-1.42318,37.95629,10.456702509833972,3.8953968173147935,0.0
33.88355,26.21934,43.14641,2108.49246,-1.35589,37.97515,10.51527456437361,3.9172164487543144,0.0
33.90578,26.24025,43.07358,2102.93682,-1.28635,37.99399,10.56763781957395,3.936723139076605,0.0
33.92795,26.26113,43.00481,2097.33581,-1.21479,38.01281,10.613573912140945,3.953835542209147,0.0
33.95006,26.28196,42.94021,2091.69261,-1.14148,38.03161,10.652898480021271,3.968484978436222,0.0
33.9721,26.30275,42.87983,2086.01054,-1.06667,38.05039,10.685462966986274,3.9806161066539056,0.0
33.99407,26.3235,42.82372,2080.29306,-0.99065,38.06914,10.711156043247225,3.990187453586631,0.0
34.01598,26.34421,42.77194,2074.54376,-0.91368,38.08786,10.729904616457008,3.997171790411925,0.0
34.03782,26.36487,42.72449,2068.76632,-0.83604,38.10657,10.741674415665715,4.001556350299224,0.0
34.0596,26.38549,42.68138,2062.96451,-0.75804,38.12524,10.74647013934318,4.003342883552165,0.0
34.08131,26.40607,42.6426,2057.14216,-0.67994,38.14389,10.744335167594025,4.0025475504011165,0.0
34.10296,26.4266,42.60813,2051.30313,-0.60203,38.16252,10.73535084735612,3.999200654720805,0.0
34.12454,26.44709,42.57792,2045.45131,-0.52461,38.18112,10.719635367863768,3.993346225110752,0.0
34.14605,26.46754,42.55192,2039.59056,-0.44795,38.1997,10.69734225148092,3.9850414526909477,0.0
34.16749,26.48793,42.53006,2033.72475,-0.37232,38.21825,10.668658492029701,3.974355997580235,0.0
34.18887,26.50829,42.51225,2027.85767,-0.298,38.23677,10.63380237871076,3.961371178249392,0.0
34.21018,26.5286,42.49838,2021.99308,-0.22526,38.25527,10.593021048537233,3.9461790597383772,0.0
34.23142,26.54886,42.48836,2016.13465,-0.15434,38.27374,10.546587813784674,3.9288814580611136,0.0
34.2526,26.56908,42.48205,2010.28594,-0.08548,38.29218,10.494799313256093,3.909588878976759,0.0
34.27371,26.58925,42.47931,2004.45041,-0.01893,38.31061,10.437972537047234,3.88841940963649,0.0
34.29475,26.60938,42.48001,1998.63139,0.0451,38.329,10.376441774346416,3.865497581558632,0.0
34.31573,26.62946,42.48398,1992.83209,0.1064,38.34737,10.310555532249738,3.8409532228062564,0.0
34.33664,26.6495,42.49106,1987.05556,0.16477,38.36572,10.240673471203033,3.8149203163586716,0.0
34.35748,26.66949,42.50106,1981.30469,0.22003,38.38405,10.167163399288738,3.7875358804041985,0.0
34.37826,26.68944,42.51382,1975.58221,0.27202,38.40235,10.09039836351098,3.758938884767332,0.0
34.39898,26.70934,42.52914,1969.8907,0.32058,38.42063,10.010753871667188,3.7292692159828182,0.0
34.41962,26.7292,42.54682,1964.23254,0.36559,38.43888,9.928605273378182,3.6986667016604575,0.0
34.44021,26.74902,42.56667,1958.60994,0.40691,38.45712,9.844325323719687,3.6672702028737323,0.0
34.46073,26.76879,42.58848,1953.02495,0.44444,38.47533,9.758281947697327,3.635216781367927,0.0
34.48119,26.78851,42.61205,1947.47941,0.47809,38.49353,9.67083621869176,3.6026409464777487,0.0
34.50158,26.8082,42.63716,1941.97501,0.50779,38.5117,9.582340559165782,3.5696739848433836,0.0
34.52191,26.82783,42.66361,1936.51325,0.53347,38.52986,9.493137167372725,3.5364433743179746,0.0
34.54218,26.84743,42.69118,1931.09546,0.5551,38.54799,9.403556669674543,3.503072281920653,0.0
34.56238,26.86699,42.71966,1925.72278,0.57263,38.56611,9.313916994417236,3.4696791443255015,0.0
34.58253,26.8865,42.74885,1920.39622,0.58606,38.58422,9.224522460119006,3.436377328187654,0.0
34.60261,26.90597,42.77852,1915.11659,0.59537,38.6023,9.135663068088204,3.4032748666248636,0.0
34.62263,26.9254,42.80848,1909.88456,0.60058,38.62038,9.04761398740113,3.370474267358187,0.0
34.6426,26.94479,42.83851,1904.70065,0.6017,38.63844,8.960635218500737,3.338072387393647,0.0
34.6625,26.96414,42.86842,1899.56521,0.59878,38.65648,8.874971420518525,3.306160368695095,0.0
34.68235,26.98345,42.898,1894.47846,0.59185,38.67451,8.790851886561043,3.2748236289777886,0.0
34.70214,27.00272,42.92706,1889.4405,0.58098,38.69253,8.70849065088393,3.24414190163353,0.0
34.72187,27.02195,42.95541,1884.45128,0.56622,38.71054,8.628086711772687,3.2141893187596313,0.0
34.74154,27.04114,42.98287,1879.51063,0.54765,38.72854,8.549824354177233,3.185034531348766,0.0
34.76116,27.0603,43.00925,1874.61826,0.52535,38.74652,8.473873556641207,3.156740860880842,0.0
34.78072,27.07941,43.03438,1869.77376,0.49942,38.7645,8.400390467702211,3.1293664767946323,0.0
34.80023,27.09849,43.05809,1864.97663,0.46996,38.78247,8.329517937759004,3.1029645946222946,0.0
34.81968,27.11754,43.08022,1860.22626,0.43708,38.80044,8.26138609333125,3.0775836899162403,0.0
34.83908,27.13654,43.10061,1855.52192,0.40088,38.81839,8.196112941614507,3.053267723461769,0.0
34.85842,27.15551,43.11911,1850.86282,0.36149,38.83634,8.133804994286473,3.0300563736613153,0.0
34.87772,27.17445,43.13559,1846.24807,0.31904,38.85428,8.074557900555948,3.0079852723618385,0.0
34.89695,27.19335,43.14991,1841.6767,0.27366,38.87222,8.018457080490727,2.9870862407861303,0.0
34.91614,27.21221,43.16194,1837.14764,0.22548,38.89015,7.965578350698666,2.9673875226154705,0.0
34.93527,27.23104,43.17156,1832.65978,0.17465,38.90808,7.915988535358197,2.948914011614577,0.0
34.95436,27.24984,43.17866,1828.21191,0.12131,38.92601,7.86974605657677,2.9316874715556516,0.0
34.97339,27.2686,43.18314,1823.80276,0.06561,38.94393,7.826901498863215,2.9157267464991934,0.0
34.99237,27.28733,43.1849,1819.431,0.0077,38.96185,7.787498143332779,2.9010479597994245,0.0
35.0113,27.30602,43.18385,1815.09524,-0.05226,38.97976,7.751572467977783,2.8876647004682803,0.0
35.03018,27.32469,43.17991,1810.79404,-0.11411,38.99768,7.719154611006912,2.875588195781479,0.0
35.04901,27.34332,43.173,1806.52587,-0.1777,39.01559,7.690268794839474,2.864827469227543,0.0
35.06779,27.36191,43.16308,1802.28918,-0.24285,39.0335,7.664933708886232,2.85538948310373,0.0
35.08653,27.38048,43.15007,1798.08235,-0.30941,39.05141,7.643162849749776,2.8472792652496213,0.0
35.10521,27.39901,43.13393,1793.90374,-0.3772,39.06932,7.624964817846013,2.840500019546434,0.0
35.12385,27.41751,43.11463,1789.75164,-0.44607,39.08723,7.610343569889118,2.835053219974303,0.0
35.14244,27.43598,43.09212,1785.62428,-0.51583,39.10514,7.599298626969018,2.830938688126627,0.0
35.16098,27.45442,43.06639,1781.5199,-0.58633,39.12305,7.591825238294202,2.8281546542085674,0.0
35.17948,27.47283,43.03743,1777.43665,-0.65738,39.14096,7.5879145009105216,2.8266978016354534,0.0
35.19792,27.49121,43.00522,1773.37267,-0.72882,39.15887,7.587553436000426,2.8265632954562534,0.0
35.21632,27.50955,42.96976,1769.32605,-0.80048,39.17678,7.590725022574829,2.8277447949046834,0.0
35.23468,27.52787,42.93106,1765.29487,-0.87217,39.19469,7.59740818961156,2.830234450470573,0.0
35.25298,27.54615,42.88915,1761.27715,-0.94375,39.2126,7.607577767930239,2.8340228859719914,0.0
35.27124,27.5644,42.84405,1757.2709,-1.01502,39.2305,7.621204403309669,2.8390991661891833,0.0
35.28946,27.58262,42.79578,1753.2741,-1.08582,39.24841,7.638254432621443,2.84545075072109,0.0
35.30762,27.60082,42.74439,1749.28471,-1.15598,39.26632,7.658689724961375,2.8530634348026167,0.0
35.32575,27.61898,42.68992,1745.30067,-1.22533,39.28423,7.682467490071765,2.861921277936889,0.0
35.34382,27.63711,42.63244,1741.31989,-1.2937,39.30214,7.70954005661873,2.8720065212977297,0.0
35.36185,27.65521,42.572,1737.34028,-1.36092,39.32005,7.739854623178453,2.8832994949654775,0.0
35.37983,27.67328,42.50868,1733.35973,-1.42684,39.33796,7.773352985164217,2.8957785162001244,0.0
35.39777,27.69131,42.44254,1729.37612,-1.49129,39.35586,7.809971241231321,2.909419780069425,0.0
35.41566,27.70932,42.37369,1725.38735,-1.5541,39.37377,7.849639483116496,2.9241972439059123,0.0
35.4335,27.7273,42.30219,1721.39129,-1.61512,39.39167,7.892281473236818,2.9400825072040173,0.0
35.4513,27.74524,42.22816,1717.38584,-1.6742,39.40957,7.937814314824135,2.9570446887364583,0.0
35.46905,27.76315,42.1517,1713.36889,-1.73119,39.42747,7.986148119738944,2.9750503028061703,0.0
35.48675,27.78103,42.07292,1709.33834,-1.78593,39.44536,8.037185679621262,2.994063136741355,0.0
35.50441,27.79888,41.99193,1705.29215,-1.83829,39.46326,8.090822146383971,3.01404413187084,0.0
35.52202,27.8167,41.90885,1701.22825,-1.88813,39.48114,8.14694472853368,3.0349512703956147,0.0
35.53959,27.83449,41.82381,1697.14464,-1.93531,39.49903,8.205432410156025,3.056739470703459,0.0
35.5571,27.85224,41.73695,1693.03935,-1.97971,39.5169,8.266155699777752,3.0793604938134607,0.0
35.57457,27.86996,41.6484,1688.91044,-2.02119,39.53478,8.328976416606146,3.102762863744577,0.0
35.592,27.88765,41.5583,1684.75603,-2.05966,39.55264,8.393747521904109,3.1268918046984155,0.0
35.60937,27.9053,41.4668,1680.5743,-2.095,39.5705,8.460313003375187,3.1516891979896187,0.0
35.6267,27.92292,41.37404,1676.36347,-2.12711,39.58835,8.52850782050725,3.177093561684941,0.0
35.64398,27.94051,41.28018,1672.12186,-2.15589,39.60619,8.598157918749497,3.2030400558845553,0.0
35.66121,27.95806,41.18538,1667.84785,-2.18127,39.62403,8.669080320176885,3.2294605164969474,0.0
35.67839,27.97557,41.0898,1663.53991,-2.20316,39.64185,8.741083297940465,3.256283520226246,0.0
35.69552,27.99306,40.99358,1659.19661,-2.22149,39.65966,8.81396664129002,3.283434483300133,0.0
35.7126,28.0105,40.89691,1654.81658,-2.23622,39.67746,8.887522017241151,3.310835796200348,0.0
35.72964,28.02791,40.79993,1650.39861,-2.2473,39.69525,8.961533434042522,3.3384069963164342,0.0
35.74662,28.04529,40.70281,1645.94157,-2.25469,39.71303,9.035777810590536,3.366064980067685,0.0
35.76355,28.06262,40.60572,1641.44444,-2.25836,39.73079,9.110025654568407,3.3937242555277916,0.0
35.78044,28.07992,40.50882,1636.90636,-2.25831,39.74854,9.184041850713095,3.421297236075017,0.0
35.79727,28.09718,40.41227,1632.32657,-2.25453,39.76627,9.257586558966379,3.448694574977099,0.0
35.81405,28.11441,40.31623,1627.70446,-2.24704,39.78399,9.330416220452083,3.4758255401442466,0.0
35.83078,28.13159,40.22086,1623.03956,-2.23586,39.80169,9.402284667397097,3.5025984276039104,0.0
35.84745,28.14874,40.12632,1618.33155,-2.22104,39.81937,9.472944331024262,3.528921011472672,0.0
35.86408,28.16584,40.03276,1613.58024,-2.20261,39.83703,9.542147539487704,3.5547010274713045,0.0
35.88065,28.18291,39.94033,1608.78562,-2.18065,39.85468,9.609647895821562,3.5798466862469316,0.0
35.89717,28.19994,39.84916,1603.94782,-2.15524,39.8723,9.675201723837569,3.604267212007916,0.0
35.91363,28.21692,39.75941,1599.06712,-2.12645,39.8899,9.738569568080225,3.627873401296633,0.0
35.93004,28.23386,39.67121,1594.14398,-2.09441,39.90748,9.799517732061853,3.6505781960224963,0.0
35.9464,28.25076,39.58467,1589.17899,-2.05923,39.92504,9.857819837560506,3.672297264341465,0.0
35.9627,28.26762,39.49994,1584.17292,-2.02103,39.94257,9.913258386396857,3.6929495824590153,0.0
35.97894,28.28443,39.41711,1579.12666,-1.97996,39.96008,9.965626305140034,3.7124580100737172,0.0
35.99513,28.3012,39.33629,1574.04129,-1.93617,39.97757,10.014728452582021,3.730749851951112,0.0
36.01127,28.31793,39.2576,1568.91801,-1.88984,39.99503,10.060383069587239,3.7477573980308247,0.0
36.02734,28.33461,39.1811,1563.75817,-1.84113,40.01246,10.102423151053639,3.7634184345181736,0.0
36.04337,28.35125,39.1069,1558.56324,-1.79023,40.02987,10.140697720425226,3.777676718673621,0.0
36.05933,28.36784,39.03506,1553.33485,-1.73735,40.04725,10.175072988131731,3.7904824103620216,0.0
36.07524,28.38439,38.96564,1548.07472,-1.68268,40.0646,10.205433376883219,3.801792454001855,0.0
36.09109,28.40089,38.8987,1542.7847,-1.62643,40.08193,10.23168239854791,3.8115709052252793,0.0
36.10688,28.41734,38.83429,1537.46672,-1.56884,40.09922,10.253743369583493,3.819789197395116,0.0
36.12261,28.43374,38.77243,1532.12285,-1.51011,40.11648,10.271559954480708,3.82642634405189,0.0
36.13829,28.4501,38.71316,1526.75519,-1.45049,40.13372,10.285096529448118,3.8314690743959745,0.0
36.1539,28.46641,38.65649,1521.36594,-1.39021,40.15093,10.294338361504417,3.834911900004182,0.0
36.16946,28.48267,38.60243,1515.95737,-1.32951,40.1681,10.29929160116368,3.8367571121048356,0.0
36.18496,28.49888,38.55097,1510.53179,-1.26861,40.18524,10.299983089962495,3.8370147098765606,0.0
36.2004,28.51505,38.5021,1505.09155,-1.20777,40.20236,10.29645998706818,3.835702261350012,0.0
36.21578,28.53116,38.45579,1499.63902,-1.14721,40.21944,10.288789222071111,3.832844699558629,0.0
36.2311,28.54723,38.41201,1494.1766,-1.08718,40.23649,10.277056783748758,3.828474057584522,0.0
36.24637,28.56325,38.37072,1488.7067,-1.02791,40.25351,10.261366856956307,3.822629147027514,0.0
36.26157,28.57921,38.33187,1483.23172,-0.96963,40.2705,10.241840821931001,3.8153551852196856,0.0
36.27671,28.59513,38.2954,1477.75403,-0.91256,40.28746,10.218616131992743,3.8067033771393155,0.0
36.2918,28.611,38.26124,1472.27601,-0.85692,40.30439,10.191845086978454,3.796730458482905,0.0
36.30682,28.62681,38.22932,1466.79997,-0.80292,40.32128,10.161693520712742,3.785498206713473,0.0
36.32178,28.64258,38.19955,1461.3282,-0.75077,40.33815,10.128339421330574,3.7730729270944434,0.0
36.33669,28.6583,38.17184,1455.86294,-0.70066,40.35498,10.091971503421174,3.7595249207756813,0.0
36.35154,28.67396,38.14611,1450.40634,-0.65277,40.37178,10.052787750753966,3.7449279419205648,0.0
36.36632,28.68958,38.12224,1444.96051,-0.60729,40.38856,10.010993947715047,3.7293586506274274,0.0
36.38105,28.70514,38.10013,1439.52749,-0.56439,40.4053,9.966802216741268,3.712896068085273,0.0
36.39572,28.72066,38.07966,1434.10923,-0.5242,40.42201,9.920429577842771,3.69562103995802,0.0
36.41033,28.73613,38.06072,1428.70759,-0.48689,40.4387,9.872096544944228,3.67761571348468,0.0
36.42488,28.75154,38.0432,1423.32436,-0.45257,40.45535,9.822025772201199,3.6589630331965814,0.0
36.43938,28.76691,38.02695,1417.96121,-0.42138,40.47198,9.770440761764133,3.639746259525465,0.0
36.45381,28.78222,38.01187,1412.61975,-0.39341,40.48858,9.717564642728558,3.6200485139302883,0.0
36.46819,28.79749,37.99781,1407.30146,-0.36877,40.50515,9.663619029192011,3.599952353493409,0.0
36.48251,28.81271,37.98465,1402.00773,-0.34753,40.5217,9.608822963577893,3.579539377280891,0.0
36.49677,28.82787,37.97226,1396.73985,-0.32976,40.53822,9.553391949662128,3.5588898661195154,0.0
36.51098,28.84299,37.96049,1391.49901,-0.31553,40.55471,9.497537078076954,3.5380824568239175,0.0
36.52513,28.85806,37.94922,1386.28629,-0.30487,40.57118,9.441464245522628,3.5171938513324137,0.0
36.53922,28.87309,37.93832,1381.10266,-0.29783,40.58762,9.385373467525291,3.4962985606912143,0.0
36.55326,28.88806,37.92764,1375.94901,-0.29441,40.60404,9.329458283280783,3.475468683343094,0.0
36.56724,28.90298,37.91706,1370.82611,-0.29464,40.62044,9.27390525002143,3.4547737167657093,0.0
36.58116,28.91786,37.90645,1365.73463,-0.2985,40.63681,9.218893523358583,3.434280401138157,0.0
36.59503,28.93269,37.89568,1360.67514,-0.30599,40.65316,9.16459451927876,3.4140525934256405,0.0
36.60885,28.94747,37.88461,1355.64811,-0.31707,40.66949,9.111171652777465,3.3941511700136933,0.0
36.62261,28.96221,37.87313,1350.65392,-0.33171,40.6858,9.05878014766157,3.3746339558545593,0.0
36.63632,28.9769,37.86111,1345.69285,-0.34987,40.70208,9.007566911627643,3.3555556779305835,0.0
36.64997,28.99154,37.84844,1340.76509,-0.37149,40.71835,8.957670470541053,3.3369679407714496,0.0
36.66357,29.00613,37.83499,1335.87074,-0.3965,40.7346,8.909220955686491,3.318919221704669,0.0
36.67712,29.02068,37.82067,1331.00981,-0.42483,40.75083,8.862340137748081,3.3014548835140536,0.0
36.69061,29.03519,37.80535,1326.18222,-0.45639,40.76704,8.817141501385608,3.2846172022213356,0.0
36.70406,29.04965,37.78894,1321.38781,-0.4911,40.78324,8.773730354357102,3.268445407737196,0.0
36.71745,29.06406,37.77134,1316.62635,-0.52886,40.79941,8.732203965443494,3.252975735241826,0.0
36.73079,29.07843,37.75245,1311.89751,-0.56955,40.81557,8.692651725633203,3.2382414852304295,0.0
36.74408,29.09276,37.73219,1307.20091,-0.61307,40.83172,8.655155327352286,3.2242730902811725,0.0
36.75731,29.10704,37.71047,1302.53606,-0.65929,40.84785,8.619788956900031,3.2110981867424964,0.0
36.7705,29.12127,37.6872,1297.90244,-0.70808,40.86396,8.58661949559478,3.1987416896652388,0.0
36.78364,29.13547,37.66232,1293.29944,-0.75932,40.88006,8.555706725505761,3.1872258694431466,0.0
36.79673,29.14962,37.63576,1288.72638,-0.81287,40.89614,8.527103536069651,3.1765704287829877,0.0
36.80976,29.16373,37.60746,1284.18254,-0.86858,40.91221,8.500856128257062,3.166792578761935,0.0
36.82275,29.17779,37.57734,1279.66711,-0.9263,40.92827,8.477004213370055,3.1579071128848732,0.0
36.83569,29.19181,37.54538,1275.17923,-0.98589,40.94432,8.455581203903721,3.149926478185361,0.0
36.84858,29.20579,37.51151,1270.71801,-1.04719,40.96035,8.43661439431674,3.142860842567415,0.0
36.86143,29.21973,37.47569,1266.28246,-1.11005,40.97637,8.420125129918455,3.1367181577203964,0.0
36.87422,29.23362,37.4379,1261.87159,-1.17429,40.99238,8.406128962391366,3.131504217055224,0.0
36.88697,29.24747,37.3981,1257.48432,-1.23976,41.00837,8.39463579087549,3.1272227082620185,0.0
36.89967,29.26129,37.35627,1253.11955,-1.3063,41.02436,8.385649987813649,3.123875260190774,0.0
36.91232,29.27506,37.31239,1248.77612,-1.37372,41.04033,8.379170509113695,3.1214614838896972,0.0
36.92492,29.28878,37.26646,1244.45285,-1.44187,41.05629,8.375190988448322,3.1199790077343543,0.0
36.93748,29.30247,37.21845,1240.14849,-1.51057,41.07224,8.37369981583376,3.119423506700317,0.0
36.94999,29.31612,37.16838,1235.86178,-1.57966,41.08818,8.374680200895929,3.1197887259314596,0.0
36.96246,29.32972,37.11625,1231.59143,-1.64895,41.10411,8.378110221499437,3.12106649885554,0.0
36.97487,29.34329,37.06207,1227.33609,-1.71829,41.12002,8.383962858672936,3.12324676019482,0.0
36.98725,29.35681,37.00585,1223.09443,-1.78749,41.13593,8.392206019013692,3.1263175543123527,0.0
36.99957,29.37029,36.94762,1218.86505,-1.8564,41.15182,8.4028025459959,3.1302650394246307,0.0
37.01185,29.38374,36.8874,1214.64656,-1.92483,41.16771,8.41571022181786,3.1350734882897022,0.0
37.02409,29.39714,36.82524,1210.43753,-1.99263,41.18358,8.430881761664166,3.140725286069688,0.0
37.03627,29.4105,36.76115,1206.23654,-2.05963,41.19944,8.448264802453103,3.147200926138898,0.0
37.04842,29.42382,36.6952,1202.04213,-2.12566,41.21529,8.46780188831738,3.1544790046750073,0.0
37.06051,29.4371,36.62741,1197.85287,-2.19057,41.23113,8.489430455281253,3.162536214950897,0.0
37.07256,29.45034,36.55786,1193.66728,-2.2542,41.24696,8.513082817726941,3.171347342293026,0.0
37.08457,29.46354,36.48658,1189.48393,-2.31639,41.26277,8.538686159413839,3.1808852607358586,0.0
37.09653,29.4767,36.41365,1185.30135,-2.37701,41.27858,8.566162531913296,3.1911209324387766,0.0
37.10845,29.48982,36.33912,1181.11811,-2.43589,41.29437,8.595428863452668,3.2020234109807206,0.0
37.12032,29.5029,36.26307,1176.93276,-2.49292,41.31015,8.626396981196457,3.213559849660499,0.0
37.13214,29.51593,36.18557,1172.74391,-2.54794,41.32591,8.658973650083446,3.2256955159646474,0.0
37.14392,29.52893,36.1067,1168.55014,-2.60083,41.34166,8.693060631288203,3.238393813345873,0.0
37.15565,29.54188,36.02652,1164.35009,-2.65148,41.3574,8.728554763399027,3.2516163114639776,0.0
37.16734,29.5548,35.94513,1160.14242,-2.69976,41.37312,8.765348069267583,3.265322785990155,0.0
37.17898,29.56767,35.86262,1155.92582,-2.74556,41.38883,8.803327891435309,3.279471269056897,0.0
37.19058,29.5805,35.77905,1151.69902,-2.7888,41.40452,8.842377058810932,3.294018111349746,0.0
37.20213,29.59329,35.69454,1147.46078,-2.82936,41.4202,8.882374087078029,3.30891805676439,0.0
37.21364,29.60604,35.60916,1143.20994,-2.86718,41.43586,8.923193415027962,3.3241243304468973,0.0
37.2251,29.61875,35.52302,1138.94535,-2.90217,41.45151,8.964705678690608,3.3395887409146265,0.0
37.23651,29.63141,35.4362,1134.66594,-2.93427,41.46713,9.006778024735102,3.355261796806248,0.0
37.24788,29.64404,35.3488,1130.37069,-2.96342,41.48274,9.04927446417503,3.371092838646238,0.0
37.2592,29.65662,35.26092,1126.05865,-2.98958,41.49833,9.09205626693622,3.387030185831758,0.0
37.27048,29.66916,35.17264,1121.72894,-3.0127,41.51391,9.134982397265635,3.4030212988339295,0.0
37.28171,29.68165,35.08408,1117.38073,-3.03276,41.52946,9.177909989433374,3.419012956409339,0.0
37.29289,29.6941,34.99532,1113.0133,-3.04974,41.54499,9.220694862500578,3.4349514473646354,0.0
37.30403,29.70651,34.90647,1108.62598,-3.06365,41.56051,9.26319207232878,3.4507827761945267,0.0
37.31512,29.71888,34.8176,1104.21819,-3.07448,41.576,9.30525649831645,3.466452881656592,0.0
37.32616,29.7312,34.72883,1099.78942,-3.08225,41.59147,9.346743461699088,3.481907867104328,0.0
37.33716,29.74348,34.64023,1095.33929,-3.087,41.60692,9.387509371557767,3.4970942411423294,0.0
37.34811,29.75571,34.5519,1090.86745,-3.08876,41.62234,9.42741239409071,3.511959166947561,0.0
37.35901,29.7679,34.46392,1086.37368,-3.08758,41.63775,9.466313140036949,3.526450718352762,0.0
37.36986,29.78004,34.37638,1081.85785,-3.08352,41.65313,9.504075364630749,3.54051814059788,0.0
37.38067,29.79214,34.28936,1077.31989,-3.07667,41.66848,9.54056667395416,3.5541121134649845,0.0
37.39143,29.8042,34.20294,1072.75987,-3.06709,41.68381,9.575659231126275,3.5671850143523463,0.0
37.40214,29.8162,34.11719,1068.17791,-3.0549,41.69911,9.609230455450584,3.579691178725225,0.0
37.4128,29.82817,34.03218,1063.57424,-3.0402,41.71439,9.641163707437608,3.591587155304819,0.0
37.42341,29.84008,33.94799,1058.94919,-3.0231,41.72964,9.67134895244109,3.6028319532902118,0.0
37.43398,29.85195,33.86466,1054.30318,-3.00373,41.74486,9.69968339573435,3.613387278941022,0.0
37.44449,29.86377,33.78227,1049.6367,-2.98223,41.76006,9.726072081884563,3.623217758860096,0.0
37.45496,29.87555,33.70085,1044.95033,-2.95874,41.77522,9.750428451623241,3.632291147442411,0.0
37.46538,29.88728,33.62047,1040.24476,-2.93342,41.79036,9.772674849696038,3.6405785160624893,0.0
37.47575,29.89896,33.54116,1035.52073,-2.90642,41.80547,9.792742977730665,3.648054421779616,0.0
37.48607,29.91059,33.46296,1030.77908,-2.87792,41.82055,9.810574286751644,3.654697053559907,0.0
37.49634,29.92218,33.38591,1026.0207,-2.84808,41.8356,9.826120304622748,3.6604883542572413,0.0
37.50656,29.93371,33.31003,1021.24656,-2.8171,41.85062,9.839342894590803,3.6654141169276224,0.0
37.51673,29.9452,33.23534,1016.45772,-2.78516,41.86561,9.850214441857112,3.669464054331946,0.0
37.52685,29.95664,33.16186,1011.65525,-2.75245,41.88057,9.858717966102008,3.6726318408543586,0.0
37.53693,29.96803,33.0896,1006.84033,-2.71915,41.8955,9.864847158837794,3.674915126417206,0.0
37.54695,29.97937,33.01857,1002.01414,-2.68548,41.9104,9.868606345380046,3.6763155223143453,0.0
37.55692,29.99067,32.94876,997.17794,-2.65163,41.92526,9.870010372292978,3.6768385592815838,0.0
