0.05093,0.05093,54.00022,5381.21664,-0.34784,45.00009,14.156118951497584,5.273526779339242,0.0
0.10179,0.1018,53.96201,5373.3632,-0.19479,45.00022,14.190892576194214,5.286480869487868,0.0
0.15258,0.15258,53.9454,5365.46372,-0.04152,45.00038,14.182308772226094,5.283283176656268,0.0
0.20329,0.2033,53.9503,5357.54239,0.11126,45.00057,14.130736031529137,5.264070973786176,0.0
0.25393,0.25393,53.97654,5349.6232,0.26287,45.00079,14.037121595786482,5.229197133327992,0.0
0.30449,0.3045,54.02383,5341.72963,0.41265,45.00105,13.902959733648297,5.179218309670474,0.0
0.35498,0.35498,54.09182,5333.88436,0.55996,45.00134,13.730244990156423,5.114877523321348,0.0
0.40538,0.4054,54.18005,5326.10896,0.70419,45.00166,13.521412829729625,5.037082048857532,0.0
0.45572,0.45573,54.288,5318.4237,0.84477,45.00201,13.279270593254518,4.946877694624871,0.0
0.50598,0.506,54.41508,5310.84735,0.98118,45.00239,13.006921977725558,4.845420669416983,0.0
0.55616,0.55619,54.5606,5303.39696,1.11294,45.00281,12.707688318459885,4.7339482580290975,0.0
0.60627,0.60631,54.72385,5296.08785,1.23964,45.00327,12.385029824252761,4.613749479281019,0.0
0.65631,0.65635,54.90406,5288.93345,1.36091,45.00376,12.042469614787926,4.486136787953798,0.0
0.70627,0.70633,55.10042,5281.94531,1.47644,45.00428,11.683522978861282,4.352419721616726,0.0
0.75617,0.75624,55.31206,5275.13311,1.58599,45.00484,11.311633757683959,4.213881201733861,0.0
0.806,0.80608,55.53812,5268.50469,1.68935,45.00544,10.930119206322379,4.071756993099684,0.0
0.85576,0.85585,55.77771,5262.06613,1.78639,45.00607,10.542124140248829,3.927218622222693,0.0
0.90545,0.90557,56.02993,5255.82184,1.877,45.00674,10.150584667665841,3.781359866661987,0.0
0.95509,0.95522,56.29386,5249.77467,1.96114,45.00746,9.75820136709958,3.635186762975063,0.0
1.00466,1.00481,56.56859,5243.92603,2.0388,45.00821,9.36742140939972,3.489610946692362,0.0
1.05417,1.05435,56.85324,5238.27604,2.11002,45.009,8.9804288507123,3.345446036194261,0.0
1.10362,1.10383,57.1469,5232.82367,2.17487,45.00984,8.599142137068341,3.203406703104668,0.0
1.15302,1.15325,57.4487,5227.56685,2.23343,45.01072,8.225217755503472,3.0641100324291504,0.0
1.20237,1.20263,57.75778,5222.50264,2.28585,45.01164,7.860058930258077,2.9280787621183055,0.0
1.25166,1.25195,58.07332,5217.62734,2.33225,45.01261,7.504828282988468,2.7957459993295246,0.0
1.30091,1.30123,58.3945,5212.93663,2.37281,45.01362,7.160463439416566,2.6674610343146417,0.0
1.3501,1.35047,58.72053,5208.42568,2.40771,45.01468,6.827694658590865,2.543495907783491,0.0
1.39925,1.39966,59.05067,5204.08927,2.43713,45.01579,6.507063673300181,2.424052429453757,0.0
1.44836,1.4488,59.38418,5199.92184,2.46127,45.01694,6.198943051179781,2.309269390572418,0.0
1.49742,1.49791,59.72036,5195.91766,2.48035,45.01814,5.903555507968749,2.1992297586122893,0.0
1.54644,1.54698,60.05855,5192.07083,2.49456,45.01939,5.6209927211050825,2.0939676858312013,0.0
1.59542,1.59601,60.3981,5188.37539,2.50411,45.02069,5.351233299458111,1.9934752034701464,0.0
1.64436,1.64501,60.7384,5184.82536,2.50921,45.02205,5.094159660790521,1.8977085090519492,0.0
1.69327,1.69398,61.07888,5181.41479,2.51008,45.02345,4.849573651393707,1.8065937851064169,0.0
1.74214,1.74291,61.41899,5178.13783,2.50691,45.0249,4.617210811843968,1.7200325135398753,0.0
1.79097,1.79181,61.75819,5174.98871,2.4999,45.02641,4.396753249583235,1.6379062710101857,0.0
1.83978,1.84069,62.09599,5171.96184,2.48924,45.02797,4.1878411238738575,1.5600810073745943,0.0
1.88855,1.88954,62.43192,5169.05176,2.47512,45.02958,3.990082782907636,1.486410822029568,0.0
1.93729,1.93836,62.76553,5166.2532,2.45773,45.03125,3.8030636178650883,1.4167412622808342,0.0
1.986,1.98715,63.0964,5163.56108,2.43724,45.03297,3.626353715892711,1.3509121742787753,0.0
2.03469,2.03593,63.42414,5160.97052,2.41382,45.03475,3.4595144047411566,1.2887601410683487,0.0
2.08335,2.08468,63.74837,5158.47685,2.38762,45.03658,3.3021037873350148,1.2301205443619507,0.0
2.13198,2.1334,64.06873,5156.07559,2.35881,45.03846,3.1536813661013445,1.1748292872234731,0.0
2.18058,2.18211,64.38489,5153.76249,2.32752,45.04041,3.0138118552924777,1.1227242142588518,0.0
2.22917,2.2308,64.69654,5151.53349,2.2939,45.0424,2.8820682757749965,1.0736462645063918,0.0
2.27773,2.27947,65.00337,5149.38472,2.25808,45.04446,2.758034421390786,1.027440390221152,0.0
2.32626,2.32812,65.30512,5147.31254,2.22018,45.04657,2.6413067796753027,0.9839562723930381,0.0
2.37478,2.37676,65.60151,5145.31348,2.18033,45.04874,2.531495982827672,0.9430488612713409,0.0
2.42327,2.42538,65.89229,5143.38424,2.13864,45.05096,2.4282278577310272,0.9045787675249403,0.0
2.47174,2.47398,66.17725,5141.52173,2.09522,45.05325,2.331144136764514,0.8684125270384793,0.0
2.52019,2.52257,66.45615,5139.723,2.05016,45.05559,2.2399028843321434,0.8344227598055857,0.0
2.56862,2.57115,66.72879,5137.98528,2.00357,45.05799,2.1541786875572497,0.8024882409675731,0.0
2.61704,2.61971,66.99499,5136.30594,1.95553,45.06045,2.073662653575412,0.7724938998049841,0.0
2.66542,2.66828,67.25381,5134.68383,1.8953,45.08789,1.9982677105496902,0.7444072997675607,46.99999919826643
2.71377,2.71685,67.50441,5133.11775,1.83418,45.11452,1.9278876499019555,0.7181888753654343,46.99999919826643
2.76208,2.76543,67.74667,5131.60518,1.77224,45.14037,1.8622077003050823,0.6937213659971184,46.99999919826643
2.81036,2.81402,67.98048,5130.14379,1.70952,45.16552,1.8009373892924148,0.670896563025993,46.99999919826643
2.85859,2.86262,68.20577,5128.73136,1.64607,45.19001,1.7438076550027666,0.6496142338293226,46.99999919826643
2.9068,2.91123,68.42243,5127.36584,1.58195,45.21389,1.6905694725172276,0.6297816100725734,46.99999919826643
2.95497,2.95984,68.63039,5126.04527,1.51719,45.2372,1.6409925582774065,0.6113129050711192,46.99999919826643
3.00312,3.00847,68.82957,5124.76782,1.45184,45.26,1.594864152705373,0.59412886028414,46.99999919826643
3.05123,3.05711,69.0199,5123.53176,1.38594,45.28231,1.5519878801946978,0.5781563206312876,46.99999919826643
3.09931,3.10575,69.20132,5122.33545,1.31952,45.30419,1.5121826849082312,0.5633278380493576,46.99999919826643
3.14736,3.15441,69.37375,5121.17735,1.25263,45.32565,1.4752818402860781,0.5495813025079497,46.99999919826643
3.19538,3.20307,69.53716,5120.056,1.18528,45.34675,1.4411320297811705,0.5368595995592796,46.99999919826643
3.24337,3.25174,69.69147,5118.97,1.11753,45.36752,1.4095924961002235,0.5251102934080515,46.99999919826643
3.29134,3.30043,69.83665,5117.91803,1.04938,45.38797,1.3805342560674267,0.5142853344275246,46.99999919826643
3.33928,3.34912,69.97265,5116.89882,0.98088,45.40815,1.3538393781735358,0.5043407900275405,46.99999919826643
3.38719,3.39782,70.09942,5115.91118,0.91205,45.42808,1.3294003198695228,0.4952365977789714,46.99999919826643
3.43508,3.44653,70.21694,5114.95394,0.84292,45.44778,1.307119321720525,0.48693633972012557,46.99999919826643
3.48294,3.49525,70.32515,5114.026,0.77352,45.4673,1.2869078556268154,0.4794070368045401,46.99999919826643
3.53078,3.54398,70.42404,5113.12629,0.70385,45.48664,1.268686124445363,0.47261896249684704,46.99999919826643
3.57859,3.59273,70.51358,5112.25377,0.63396,45.50583,1.2523826104969606,0.4665454745797978,46.99999919826643
3.62638,3.64148,70.59373,5111.40745,0.56386,45.5249,1.2379336706053092,0.4611628642956687,46.99999919826643
3.67414,3.69024,70.66448,5110.58636,0.49357,45.54386,1.2252831754946718,0.4564502220123973,46.99999919826643
3.72188,3.73901,70.7258,5109.78954,0.42312,45.56275,1.214382191561799,0.45238931867525267,46.99999919826643
3.7696,3.7878,70.77767,5109.01607,0.35253,45.58158,1.2051887032296609,0.44896450237629487,46.99999919826643
3.8173,3.83659,70.8201,5108.26505,0.28181,45.60037,1.1976673742838029,0.44616260944588804,46.99999919826643
3.86497,3.8854,70.85305,5107.53556,0.21098,45.61914,1.191789346794554,0.4439728895459314,46.99999919826643
3.91262,3.93422,70.87651,5106.82672,0.14007,45.63791,1.1875320764232817,0.4423869443171075,46.99999919826643
3.96024,3.98305,70.8905,5106.13766,0.06909,45.65671,1.1848792031083029,0.4413986792059801,46.99999919826643
4.00784,4.03189,70.89499,5105.46748,-0.00193,45.67555,1.1838204563252528,0.4410042681719895,46.99999919826643
4.05543,4.08074,70.88998,5104.81532,-0.07298,45.69445,1.1843515943069407,0.4412021310452496,46.99999919826643
4.10299,4.12961,70.87548,5104.18029,-0.14405,45.71343,1.1864743768058572,0.44199292337986495,46.99999919826643
4.15052,4.17849,70.85148,5103.56149,-0.2151,45.73251,1.1901965711680738,0.4433795387166187,46.99999919826643
4.19804,4.22738,70.818,5102.95803,-0.28613,45.75171,1.1955319916802525,0.4453671232407677,46.99999919826643
4.24553,4.27628,70.77504,5102.36899,-0.35711,45.77105,1.2025005723363449,0.44796310288955427,46.99999919826643
4.293,4.3252,70.7226,5101.79343,-0.42802,45.79055,1.2111284733535614,0.45117722303220575,46.99999919826643
4.34045,4.37414,70.6607,5101.23041,-0.49885,45.81023,1.221448221952041,0.4550216009140668,46.99999919826643
4.38788,4.42308,70.58936,5100.67894,-0.56957,45.83011,1.233498888083596,0.4595107911201796,46.99999919826643
4.43529,4.47204,70.5086,5100.13801,-0.64017,45.85022,1.2473262959801696,0.4646618643826514,46.99999919826643
4.48267,4.52102,70.41842,5099.60659,-0.71062,45.87057,1.262983272550165,0.47049450011482163,46.99999919826643
4.53003,4.57001,70.31886,5099.0836,-0.7809,45.8912,1.2805299338181197,0.4770310931175784,46.99999919826643
4.57737,4.61902,70.20995,5098.56792,-0.85099,45.91211,1.3000340107620032,0.48429687496232493,46.99999919826643
4.62468,4.66804,70.0917,5098.05838,-0.92086,45.93334,1.3215712160368378,0.49232005060517664,46.99999919826643
4.67197,4.71708,69.96416,5097.55377,-0.9905,45.95492,1.345225653210624,0.5011319508381118,46.99999919826643
4.71924,4.76613,69.82736,5097.05282,-1.05987,45.97686,1.371090270245955,0.5107672012228046,46.99999919826643
4.76649,4.81521,69.68133,5096.5542,-1.12896,45.99921,1.3992673590540523,0.5212639081876468,46.99999919826643
4.81371,4.86429,69.52612,5096.05652,-1.19773,46.02198,1.4298691030022825,0.5326638629887049,46.99999919826643
4.86091,4.9134,69.36178,5095.5583,-1.26616,46.0452,1.4630181742888653,0.5450127642475154,46.99999919826643
4.90808,4.96253,69.18835,5095.05799,-1.33421,46.06892,1.4988483830656794,0.5583604597664102,46.99999919826643
4.95523,5.01167,69.0059,5094.55396,-1.40185,46.09316,1.537505380127815,0.5727612082988632,46.99999919826643
5.00235,5.06083,68.81447,5094.04449,-1.46906,46.11796,1.5791474148263203,0.5882739618919313,46.99999919826643
5.04945,5.11001,68.61413,5093.52774,-1.53579,46.14336,1.6239461496374343,0.6049626693347246,46.99999919826643
5.09652,5.15921,68.40495,5093.00179,-1.60201,46.1694,1.6720875324858409,0.6228966011217727,46.99999919826643
5.14356,5.20843,68.187,5092.46457,-1.66768,46.19612,1.7237727274498582,0.642150696165194,46.99999919826643
5.19057,5.25768,67.96037,5091.9139,-1.73276,46.22357,1.7792191038732261,0.6628059302648639,46.99999919826643
5.23756,5.30694,67.72513,5091.34747,-1.7972,46.25178,1.8386612830951397,0.6849497060428913,46.99999919826643
5.28451,5.35622,67.48138,5090.76281,-1.86097,46.28083,1.902352241016002,0.7086762636783724,46.99999919826643
5.33143,5.40553,67.22921,5090.1573,-1.92399,46.31075,1.9705644634174129,0.7340871112944862,46.99999919826643
5.37833,5.45486,66.96872,5089.52814,-1.98624,46.34162,2.043591149396365,0.7612914732693947,46.99999919826643
5.42519,5.50422,66.70004,5088.87236,-2.04764,46.37348,2.121747456316676,0.7904067540134092,46.99999919826643
5.47202,5.55358,66.42405,5088.18537,-2.09653,46.37967,2.2051308011694064,0.8214692439188952,0.0
5.51885,5.60295,66.14168,5087.46248,-2.144,46.38592,2.2938161434226774,0.8545068673600302,0.0
5.56567,5.65233,65.85314,5086.7003,-2.18996,46.39222,2.388105067033806,0.8896319722960658,0.0
5.61247,5.7017,65.55862,5085.8952,-2.23432,46.39858,2.488314634526576,0.9269626728595293,0.0
5.65926,5.75108,65.25837,5085.04338,-2.27697,46.405,2.594775601344167,0.9666221841557042,0.0
5.70604,5.80046,64.95262,5084.14081,-2.3178,46.41148,2.70783174341643,1.0087385717637487,0.0
5.7528,5.84984,64.64162,5083.18324,-2.35672,46.41801,2.8278388902489677,1.0534443915369387,0.0
5.79955,5.89922,64.32564,5082.16617,-2.39358,46.4246,2.9551636123028193,1.1008762006170594,0.0
5.84629,5.9486,64.00496,5081.0849,-2.42828,46.43124,3.0901815061536273,1.1511739186110788,0.0
5.89301,5.99798,63.6799,5079.93445,-2.46067,46.43794,3.2332750157431107,1.2044800159499929,0.0
5.93972,6.04736,63.35077,5078.70961,-2.49062,46.44469,3.3848307232286845,1.2609385046590273,0.0
5.98641,6.09674,63.01792,5077.40491,-2.51799,46.4515,3.545236038839034,1.3206937052417447,0.0
6.03308,6.14612,62.6817,5076.01463,-2.54262,46.45836,3.7148752160614227,1.3838887622324676,0.0
6.07974,6.19549,62.3425,5074.5328,-2.56436,46.46528,3.8941246170044432,1.4506638804193301,0.0
6.12638,6.24487,62.00071,5072.9532,-2.58304,46.47224,4.083347153339256,1.52115425394862,0.0
6.173,6.29424,61.65677,5071.26937,-2.59849,46.47926,4.282885831618741,1.5954876617863314,0.0
6.2196,6.3436,61.31112,5069.47461,-2.61053,46.48633,4.493056338672335,1.6737817055826494,0.0
6.26617,6.39296,60.96424,5067.56204,-2.61899,46.49346,4.7141386140773225,1.7561406701957651,0.0
6.31273,6.44231,60.61662,5065.52455,-2.62368,46.50063,4.946367373303163,1.84265199331379,0.0
6.35926,6.49165,60.26878,5063.35489,-2.62441,46.50785,5.189921567979109,1.9333823391271194,0.0
6.40577,6.54099,59.92128,5061.04569,-2.62098,46.51512,5.44491279970361,2.0283732821675913,0.0
6.45226,6.59031,59.57467,5058.58945,-2.6132,46.52244,5.711372741783142,2.127636621575243,0.0
6.49871,6.63963,59.22957,5055.97866,-2.60089,46.52981,5.989239669796386,2.231149363379066,0.0
6.54514,6.68893,58.88659,5053.20583,-2.58383,46.53722,6.2783442572474675,2.338848429004098,0.0
6.59154,6.73822,58.54637,5050.26352,-2.56185,46.54467,6.578394856612164,2.4506251720738583,0.0
6.63791,6.78749,58.2096,5047.14446,-2.53476,46.55217,6.888962558004729,2.5663198123706095,0.0
6.68424,6.83675,57.87697,5043.84163,-2.50239,46.55972,7.209466395814429,2.685715924918226,0.0
6.73055,6.88598,57.54919,5040.34831,-2.46456,46.5673,7.539159155587206,2.8085351526721767,0.0
6.77681,6.9352,57.22699,5036.65821,-2.42113,46.57493,7.877114315223459,2.9344323417720966,0.0
6.82304,6.9844,56.91113,5032.7656,-2.37196,46.5826,8.222214731734399,3.0629913270608595,0.0
6.86923,7.03357,56.60238,5028.66536,-2.31693,46.5903,8.573143751073715,3.193721620262964,0.0
6.91538,7.08271,56.30151,5024.35317,-2.25596,46.59805,8.928379467049325,3.326056271278096,0.0
6.96148,7.13183,56.00931,5019.82556,-2.18896,46.60583,9.286192878339174,3.459351181621028,0.0
7.00754,7.18092,55.72657,5015.08012,-2.11592,46.61364,9.644650681961336,3.592886145062729,0.0
7.05356,7.22998,55.45408,5010.11552,-2.03683,46.62149,10.001623389714375,3.725867871217958,0.0
7.09952,7.279,55.19263,5004.9317,-1.95171,46.62937,10.3547993546514,3.857435210775905,0.0
7.14543,7.32799,54.94298,4999.52996,-1.86066,46.63728,10.701705143166263,3.9866667446383266,0.0
7.19129,7.37693,54.70589,4993.91302,-1.76378,46.64523,11.039732483858753,4.112590823080892,0.0
7.2371,7.42584,54.4821,4988.08515,-1.66125,46.6532,11.366171769841081,4.234198046243853,0.0
7.28285,7.47471,54.2723,4982.05218,-1.55327,46.6612,11.678251794361179,4.350456066697225,0.0
7.32854,7.52353,54.07718,4975.82156,-1.4401,46.66922,11.973185073623915,4.460326473384211,0.0
7.37416,7.5723,53.89735,4969.40237,-1.32205,46.67727,12.248217773107791,4.5627833904878035,0.0
7.41973,7.62103,53.7334,4962.80529,-1.19947,46.68535,12.50068292693861,4.65683330304777,0.0
7.46523,7.6697,53.58585,4956.04254,-1.07278,46.69344,12.728055348395484,4.741535512568917,0.0
7.51066,7.71833,53.45518,4949.1278,-0.9424,46.70156,12.92800639900006,4.816022539947893,0.0
7.55602,7.76689,53.34178,4942.07613,-0.80882,46.7097,13.098456637336538,4.879519738543918,0.0
7.60132,7.81541,53.24599,4934.90377,-0.67257,46.71787,13.237624325714403,4.9313633641869306,0.0
7.64654,7.86386,53.16807,4927.628,-0.53419,46.72605,13.344067845094465,4.971016375853555,0.0
7.69169,7.91226,53.10821,4920.26697,-0.39426,46.73425,13.416720259341528,4.998081311760655,0.0
7.73677,7.96059,53.06653,4912.83944,-0.25335,46.74247,13.45491457193542,5.012309698154724,0.0
7.78177,8.00887,53.04304,4905.36459,-0.11209,46.7507,13.458398614935337,5.013607595842883,0.0
7.8267,8.05708,53.03771,4897.86176,0.02893,46.75896,13.427338975620328,5.002037062969747,0.0
7.87155,8.10523,53.0504,4890.35025,0.16911,46.76723,13.362313868869808,4.977813499791649,0.0
7.91633,8.15332,53.08093,4882.84908,0.30785,46.77552,13.26429536770628,4.941299029086254,0.0
7.96103,8.20135,53.12901,4875.37676,0.44459,46.78383,13.134621875479544,4.892992241316871,0.0
8.00565,8.24931,53.19429,4867.95111,0.57878,46.79216,12.97496212944077,4.833514785016683,0.0
8.0502,8.29721,53.27638,4860.58907,0.70989,46.8005,12.787272341994283,4.763595400777343,0.0
8.09467,8.34505,53.37479,4853.30653,0.83744,46.80886,12.57374829664004,4.684052075727131,0.0
8.13906,8.39283,53.489,4846.11823,0.96099,46.81725,12.336774313624298,4.5957730318930174,0.0
8.18338,8.44054,53.61842,4839.03765,1.08013,46.82565,12.078870988404208,4.499697257403646,0.0
8.22763,8.4882,53.76244,4832.07692,1.1945,46.83407,11.802643495108027,4.396795248168052,0.0
8.2718,8.5358,53.92039,4825.2468,1.30379,46.84251,11.510732054685349,4.288050555958353,0.0
8.31591,8.58333,54.09158,4818.55662,1.40772,46.85098,11.205765914606555,4.174442644636932,0.0
8.35994,8.63082,54.27528,4812.01436,1.50609,46.85946,10.890321896925473,4.056931448219106,0.0
8.4039,8.67824,54.47075,4805.62661,1.5987,46.86798,10.566888266760245,3.9364439109315787,0.0
8.44779,8.72561,54.67724,4799.39863,1.68542,46.87651,10.237834373682583,3.8138626778311524,0.0
8.49162,8.77293,54.89397,4793.33445,1.76616,46.88507,9.905386240907303,3.690017001135543,0.0
8.53539,8.8202,55.12018,4787.43689,1.84087,46.89366,9.5716080333418,3.5656758365842003,0.0
8.57909,8.86742,55.35508,4781.7077,1.90952,46.90227,9.238389133746988,3.44154302896822,0.0
8.62272,8.9146,55.59792,4776.14761,1.97213,46.91091,8.907436399433703,3.318254427546004,0.0
8.6663,8.96173,55.84792,4770.75644,2.02875,46.91959,8.580271060669334,3.1963767306181348,0.0
8.70982,9.00881,56.10434,4765.53322,2.07944,46.92829,8.258229652996132,3.076407832840465,0.0
8.75328,9.05585,56.36643,4760.47622,2.1243,46.93702,7.942468344505169,2.9587784372475343,0.0
8.79669,9.10286,56.63348,4755.58312,2.16343,46.94579,7.633970019465424,2.8438546940907785,0.0
8.84004,9.14982,56.90477,4750.85106,2.19698,46.95459,7.333553505268726,2.731941638118298,0.0
8.88334,9.19675,57.17962,4746.27672,2.22508,46.96342,7.0418843737422225,2.6232872123479556,0.0
8.92659,9.24364,57.45738,4741.85642,2.2479,46.97229,6.759486804696632,2.5180866875512438,0.0
8.96979,9.2905,57.73738,4737.58617,2.26559,46.98119,6.486756063548601,2.4164873104959224,0.0
9.01294,9.33733,58.01903,4733.46177,2.27833,46.99014,6.223971211815308,2.3185930389396914,0.0
9.05605,9.38412,58.30171,4729.47882,2.2863,46.99912,5.971307735582069,2.224469246066648,0.0
9.09911,9.43089,58.58486,4725.63284,2.28967,47.00814,5.728849840076853,2.134147300539782,0.0
9.14213,9.47763,58.86792,4721.91924,2.28864,47.01719,5.496602216506799,2.0476289499571876,0.0
9.1851,9.52435,59.15038,4718.33343,2.28337,47.02629,5.274501139120596,1.964890454799775,0.0
9.22803,9.57104,59.43172,4714.87081,2.27406,47.03543,5.062424795562968,1.8858864367601282,0.0
9.27093,9.61771,59.71147,4711.52681,2.26088,47.04462,4.860202791822503,1.81055341958566,0.0
9.31378,9.66436,59.98917,4708.29696,2.244,47.05384,4.6676248047194715,1.7388130523579852,0.0
9.3566,9.71099,60.26439,4705.17683,2.22361,47.06311,4.484448380334961,1.6705750146129625,0.0
9.39938,9.7576,60.53671,4702.1621,2.19986,47.07242,4.3104058966456495,1.605739610105345,0.0
9.44213,9.80419,60.80575,4699.24858,2.17292,47.08178,4.145210723608879,1.544200061602552,0.0
9.48484,9.85076,61.07112,4696.43219,2.14295,47.09118,3.9885626246637282,1.4858445230859416,0.0
9.52752,9.89732,61.33247,4693.70897,2.1101,47.10062,3.840152450786428,1.4305578284099592,0.0
9.57016,9.94387,61.58947,4691.07513,2.07452,47.11012,3.699666182519448,1.3782229970643254,0.0
9.61277,9.9904,61.84181,4688.52699,2.03635,47.11966,3.5667883772969664,1.3287225183934783,0.0
9.65536,10.03692,62.08918,4686.06101,1.99573,47.12924,3.4412050794568776,1.2819394356526128,0.0
9.69791,10.08342,62.33129,4683.67382,1.95278,47.13888,3.3226062490535004,1.237758250804321,0.0
9.74043,10.12992,62.56789,4681.36215,1.90764,47.14856,3.2106877632266086,1.196065670081214,0.0
9.78292,10.17641,62.79872,4679.1229,1.86043,47.15829,3.105153040858421,1.1567512092134002,0.0
9.82539,10.22288,63.02353,4676.95308,1.81125,47.16807,3.0057143377716655,1.1197076759238407,0.0
9.86783,10.26935,63.24212,4674.84984,1.76023,47.1779,2.912093755961766,1.0848315458938937,0.0
9.91024,10.31582,63.45426,4672.81046,1.70746,47.18778,2.8240240065484206,1.0520232469828534,0.0
9.95262,10.36227,63.65975,4670.83234,1.65304,47.19771,2.7412489623052876,1.0211873650597947,0.0
9.99498,10.40872,63.85841,4668.91297,1.59708,47.20768,2.6635240319440756,0.9922327834342453,0.0
10.03731,10.45517,64.05007,4667.05,1.53966,47.21771,2.5906163848230435,0.9650727665660129,0.0
10.07962,10.5016,64.23456,4665.24112,1.48086,47.22779,2.5223050514318377,0.9396249974984333,0.0
10.1219,10.54804,64.41171,4663.48418,1.42079,47.23792,2.458380921979836,0.9158115773324905,0.0
10.16417,10.59447,64.5814,4661.77709,1.3595,47.2481,2.398646662595493,0.8935589940088666,0.0
10.2064,10.6409,64.74348,4660.11784,1.29709,47.25833,2.342916566114729,0.8727980667226928,0.0
10.24862,10.68733,64.89783,4658.50453,1.23362,47.26862,2.291016352151613,0.8534638714446169,0.0
10.29081,10.73375,65.04432,4656.93532,1.16917,47.27895,2.242782929089283,0.8354956522561586,0.0
10.33298,10.78017,65.18286,4655.40843,1.10379,47.28934,2.1980641288266582,0.8188367225358818,0.0
10.37512,10.82659,65.31333,4653.92217,1.03756,47.29978,2.156718423501282,0.8034343594311997,0.0
10.41725,10.87302,65.43564,4652.4749,0.97054,47.31027,2.1186146320128234,0.7892396945306558,0.0
10.45935,10.91944,65.54972,4651.06502,0.90278,47.32082,2.083631622935345,0.7762076031909292,0.0
10.50144,10.96586,65.65546,4649.691,0.83435,47.33142,2.0516580193480625,0.7642965945785247,0.0
10.5435,11.01228,65.75281,4648.35135,0.7653,47.34207,2.022591910188937,0.753468704141391,0.0
10.58554,11.05871,65.8417,4647.04462,0.69568,47.35277,1.9963405719480467,0.7436893899323801,0.0
10.62757,11.10513,65.92206,4645.7694,0.62555,47.36352,1.9728202038339064,0.7349274339517324,0.0
10.66957,11.15156,65.99385,4644.5243,0.55495,47.37433,1.9519556789820185,0.7271548494657155,0.0
10.71155,11.19799,66.057,4643.30796,0.48395,47.3852,1.93368031377093,0.7203467950707866,0.0
10.75351,11.24442,66.11149,4642.11906,0.41257,47.39611,1.9179356569120127,0.7144814961239856,0.0
10.79546,11.29085,66.15727,4640.95628,0.34088,47.40708,1.9046712996257498,0.7095401740286079,0.0
10.83738,11.33729,66.19431,4639.81832,0.26891,47.4181,1.8938447079266507,0.7055069837559215,0.0
10.87929,11.38373,66.22259,4638.70389,0.19672,47.42918,1.8854210777945313,0.7023689598926592,0.0
10.92118,11.43018,66.24209,4637.61171,0.12434,47.44031,1.8793732138076988,0.7001159714286854,0.0
10.96304,11.47663,66.25278,4636.54049,0.05183,47.45149,1.8756814316339456,0.6987406854323271,0.0
11.00489,11.52308,66.25467,4635.48896,-0.02077,47.46273,1.8743334846325095,0.6982385397076724,0.0
11.04673,11.56954,66.24774,4634.45581,-0.09343,47.47402,1.8753245146781303,0.6986077244752359,0.0
11.08854,11.616,66.232,4633.43975,-0.16609,47.48536,1.8786570272158318,0.6998491730792117,0.0
11.13033,11.66247,66.20745,4632.43947,-0.23871,47.49676,1.8843408904212817,0.7019665616746834,0.0
11.17211,11.70894,66.1741,4631.45364,-0.31125,47.50821,1.892393358247741,0.7049663178132193,0.0
11.21387,11.75542,66.13198,4630.48088,-0.38366,47.51972,1.9028391170151198,0.7088576377985224,0.0
11.25561,11.80191,66.08109,4629.51983,-0.4559,47.53128,1.915710355068499,0.7136525126360614,0.0
11.29734,11.8484,66.02148,4628.56907,-0.52792,47.54289,1.9310468548945632,0.7193657623488667,0.0
11.33904,11.89489,65.95316,4627.62715,-0.59967,47.55456,1.9488961069167963,0.7260150783692342,0.0
11.38073,11.94139,65.87619,4626.69257,-0.67111,47.56628,1.9693134439982947,0.7336210736445625,0.0
11.4224,11.9879,65.79061,4625.76381,-0.74219,47.57805,1.9923621954500412,0.7422073400094875,0.0
11.46405,12.03441,65.69645,4624.83927,-0.81286,47.58988,2.0181138590745333,0.7518005122766598,0.0
11.50568,12.08093,65.59379,4623.91731,-0.88307,47.60176,2.04664828945028,0.7624303383776738,0.0
11.5473,12.12746,65.48269,4622.99623,-0.95277,47.6137,2.0780539002893628,0.7741297547465853,0.0
11.5889,12.17399,65.3632,4622.07428,-1.02189,47.62568,2.1124278782459784,0.7869349659692173,0.0
11.63048,12.22053,65.23542,4621.1496,-1.09039,47.63772,2.1498764050378054,0.8008855275292139,0.0
11.67204,12.26708,65.09941,4620.22029,-1.15821,47.64982,2.190514884120605,0.8160244302502943,0.0
11.71359,12.31363,64.95528,4619.28436,-1.22529,47.66196,2.2344681674559506,0.8323981847731967,0.0
11.75511,12.36019,64.80311,4618.33971,-1.29156,47.67416,2.281870777078907,0.8500569040954712,0.0
11.79662,12.40675,64.64302,4617.38418,-1.35696,47.68642,2.3328671152365317,0.8690543818535978,0.0
11.83811,12.45332,64.47512,4616.41549,-1.42142,47.69872,2.3876116557804172,0.8894481636217474,0.0
11.87958,12.4999,64.29952,4615.43125,-1.48487,47.71108,2.4462691082661685,0.9112996080431508,0.0
11.92103,12.54649,64.11636,4614.42897,-1.54724,47.72349,2.509014544829614,0.9346739340948302,0.0
11.96246,12.59307,63.92579,4613.40603,-1.60844,47.73595,2.5760334783421617,0.9596402502025222,0.0
12.00388,12.63967,63.72794,4612.35969,-1.66841,47.74846,2.647521878605003,0.9862715602734462,0.0
12.04527,12.68627,63.52297,4611.28707,-1.72705,47.76102,2.7236861114242337,1.0146447410001842,0.0
12.08665,12.73288,63.31107,4610.18516,-1.78427,47.77364,2.804742783288928,1.044840483999176,0.0
12.128,12.77949,63.0924,4609.0508,-1.83999,47.78631,2.8909184720686962,1.076943195488474,0.0
12.16933,12.82611,62.86717,4607.88067,-1.8941,47.79902,2.9824493216926755,1.111040845295003,0.0
12.21065,12.87273,62.63557,4606.67129,-1.94651,47.81179,3.0795804761365324,1.1472247559998239,0.0
12.25194,12.91936,62.39781,4605.41906,-1.99733,47.8297,3.1825713463753593,1.185591565016673,4.999999914709195
12.2932,12.966,62.15411,4604.12018,-2.04624,47.84784,3.2916895875530345,1.2262409809290757,4.999999914709195
12.33444,13.01264,61.90471,4602.77066,-2.09312,47.86621,3.4072036755307655,1.269273018059356,4.999999914709195
12.37566,13.05929,61.64987,4601.36633,-2.13785,47.88482,3.5293868131789403,1.3147894516651346,4.999999914709195
12.41684,13.10595,61.38986,4599.90283,-2.1803,47.90369,3.658515139613849,1.3628931508328865,4.999999914709195
12.458,13.15262,61.12497,4598.37561,-2.22034,47.92283,3.7948655466528836,1.4136872650500523,4.999999914709195
12.49913,13.19929,60.8555,4596.77994,-2.25784,47.94225,3.938713087508604,1.4672742588753962,4.999999914709195
12.54023,13.24597,60.58179,4595.1109,-2.29266,47.96196,4.090327934490016,1.5237547786026848,4.999999914709195
12.58129,13.29265,60.30415,4593.36337,-2.32465,47.98197,4.249971842572909,1.5832263348475861,4.999999914709195
12.62233,13.33934,60.02296,4591.53208,-2.35366,48.0023,4.417894077146528,1.6457817855261627,4.999999914709195
12.66334,13.38604,59.73859,4589.61156,-2.37954,48.02296,4.594326767403413,1.7115076048703215,4.999999914709195
12.70431,13.43274,59.45143,4587.59619,-2.40212,48.04396,4.7794796520512834,1.7804819260672449,4.999999914709195
12.74525,13.47944,59.1619,4585.48019,-2.42124,48.06532,4.973534191789193,1.8527723480018499,4.999999914709195
12.78615,13.52614,58.87043,4583.25765,-2.43673,48.08706,5.176637033693643,1.9284335005686497,4.999999914709195
12.82702,13.57285,58.57747,4580.92256,-2.44842,48.10918,5.388892826820132,2.0075043682942995,4.999999914709195
12.86785,13.61955,58.2835,4578.46879,-2.45615,48.13171,5.6103564062633255,2.090005378694361,4.999999914709195
12.90864,13.66626,57.98901,4575.89019,-2.45974,48.15465,5.841024385140798,2.1759352700660157,4.999999914709195
12.94939,13.71297,57.69452,4573.18055,-2.45901,48.17802,6.080826220544355,2.2652677633198652,4.999999914709195
12.9901,13.75968,57.40056,4570.33371,-2.4538,48.20184,6.329614850690912,2.3579480740722834,4.999999914709195
13.03077,13.80638,57.10769,4567.34354,-2.44394,48.22612,6.587157036062086,2.4538893144657714,4.999999914709195
13.07139,13.85308,56.81647,4564.20405,-2.42926,48.25088,6.853123576824647,2.552968848900681,4.999999914709195
13.11196,13.89978,56.52751,4560.90941,-2.40961,48.27612,7.127079621505081,2.655024683761499,4.999999914709195
13.15249,13.94647,56.24141,4557.45404,-2.38484,48.30187,7.408475326426982,2.7598519878115044,4.999999914709195
13.19297,13.99315,55.9588,4553.83263,-2.35482,48.32813,7.696637170185432,2.8671998566059522,4.999999914709195
13.2334,14.03983,55.68031,4550.0403,-2.31941,48.35491,7.990760269968788,2.9767684501197635,4.999999914709195
13.27377,14.08649,55.40659,4546.07257,-2.27851,48.38223,8.289902084265274,3.088206646840041,4.999999914709195
13.31409,14.13315,55.13831,4541.92556,-2.23203,48.41008,8.592977915886173,3.20111036852389,4.999999914709195
13.35435,14.1798,54.87614,4537.59597,-2.17991,48.43848,8.898758646854612,3.315021736384881,4.999999914709195
13.39456,14.22643,54.62074,4533.08124,-2.12208,48.46743,9.205871138451736,3.4294292201207877,4.999999914709195
13.4347,14.27304,54.3728,4528.37958,-2.05854,48.49693,9.512801711991209,3.5437689345936683,4.999999914709195
13.47478,14.31964,54.13298,4523.49011,-1.98929,48.52699,9.817903085132082,3.6574272237889107,4.999999914709195
13.51479,14.36622,53.90195,4518.4129,-1.91437,48.55758,10.11940507205507,3.7697446469124403,4.999999914709195
13.55474,14.41279,53.68037,4513.14905,-1.83387,48.58872,10.415429262334179,3.880021446656621,4.999999914709195
13.59462,14.45933,53.46888,4507.70077,-1.74788,48.62038,10.704007772745367,3.9875245347423727,4.999999914709195
13.63443,14.50585,53.2681,4502.0714,-1.65656,48.65256,10.983106020818196,4.091495975666373,4.999999914709195
13.67416,14.55234,53.07863,4496.2655,-1.5601,48.68524,11.25064930314678,4.191162887821193,4.999999914709195
13.71382,14.59881,52.90105,4490.28883,-1.45872,48.71839,11.504552781792073,4.2857486142191545,4.999999914709195
13.75341,14.64525,52.73588,4484.14837,-1.3527,48.752,11.742754297820913,4.374484946398985,4.999999914709195
13.79291,14.69166,52.58364,4477.85233,-1.24233,48.78604,11.963249252695674,4.456625118661259,4.999999914709195
13.83233,14.73804,52.44477,4471.41006,-1.12796,48.82047,12.164126637907192,4.531457230054651,4.999999914709195
13.87168,14.78439,52.3197,4464.83207,-1.00998,48.85527,12.343605163439278,4.598317703179572,4.999999914709195
13.91093,14.8307,52.20879,4458.12992,-0.88879,48.89039,12.50006834749622,4.65660435603492,4.999999914709195
13.95011,14.87698,52.11234,4451.3161,-0.76484,48.9258,12.632097393411927,4.705788649531794,4.999999914709195
13.98919,14.92322,52.03061,4444.40398,-0.63861,48.96146,12.73850070133937,4.745426681374291,4.999999914709195
14.02819,14.96942,51.96379,4437.40763,-0.51059,48.99732,12.818338944744593,4.7751685277133475,4.999999914709195
14.0671,15.01559,51.91201,4430.34171,-0.38129,49.03333,12.870944783477471,4.794765586784266,4.999999914709195
14.10592,15.06172,51.87535,4423.22129,-0.25124,49.06945,12.895936479764293,4.804075651222211,4.999999914709195
14.14465,15.1078,51.85382,4416.06172,-0.12097,49.10564,12.893224920362275,4.803065523999538,4.999999914709195
14.18329,15.15384,51.84735,4408.87844,0.00899,49.14185,12.863013813299789,4.791811091716694,4.999999914709195
14.22184,15.19985,51.85584,4401.68685,0.1381,49.17803,12.805793104566268,4.770494872146,4.999999914709195
14.2603,15.2458,51.87911,4394.50211,0.26585,49.21413,12.722325931982917,4.739401154205217,4.999999914709195
14.29866,15.29172,51.91693,4387.33903,0.39174,49.25012,12.613629683136592,4.698908941539529,4.999999914709195
14.33694,15.33759,51.96899,4380.21191,0.51527,49.28594,12.480951937687797,4.649482990398269,4.999999914709195
14.37512,15.38342,52.03498,4373.13439,0.63598,49.32157,12.325742240021908,4.591663294204801,4.999999914709195
14.41321,15.42921,52.11448,4366.11941,0.75345,49.35695,12.149620758851828,4.52605340843388,4.999999914709195
14.45122,15.47495,52.20706,4359.17903,0.86727,49.39206,11.954344943266209,4.453308029112302,4.999999914709195
14.48913,15.52065,52.31226,4352.32441,0.97707,49.42687,11.741775281075512,4.374120236901842,4.999999914709195
14.52696,15.56631,52.42954,4345.56574,1.08252,49.46133,11.513841210347021,4.2892087982491365,4.999999914709195
14.5647,15.61193,52.55836,4338.91221,1.18332,49.49544,11.272508136943328,4.1993058785509385,4.999999914709195
14.60235,15.6575,52.69816,4332.37196,1.27922,49.52917,11.019746379512,4.105145473345673,4.999999914709195
14.63992,15.70304,52.84832,4325.9521,1.36999,49.56249,10.757502710155014,4.007452806463981,4.999999914709195
14.67741,15.74853,53.00823,4319.65872,1.45546,49.59539,10.48767499446539,3.9069348827751136,4.999999914709195
14.71482,15.79399,53.17726,4313.49691,1.53548,49.62787,10.212090269351215,3.804272321599566,4.999999914709195
14.75214,15.83941,53.35477,4307.47079,1.60993,49.6599,9.932486439445274,3.700112538140074,4.999999914709195
14.78939,15.8848,53.5401,4301.58357,1.67874,49.69149,9.650497629929136,3.595064287023194,4.999999914709195
14.82656,15.93014,53.7326,4295.83759,1.74186,49.72262,9.367643110063252,3.489693536022823,4.999999914709195
14.86366,15.97546,53.93161,4290.23436,1.79929,49.75331,9.085319600420656,3.384520600302347,4.999999914709195
14.90068,16.02074,54.1365,4284.77469,1.85102,49.78354,8.804796698945893,3.2800184385012408,4.999999914709195
14.93764,16.06599,54.34661,4279.45867,1.8971,49.81333,8.527215105869843,3.1766119914691364,4.999999914709195
14.97452,16.11121,54.5613,4274.2858,1.93758,49.84268,8.253587293753046,3.074678431874593,4.999999914709195
15.01133,16.15639,54.77995,4269.25502,1.97255,49.87159,7.984800253928863,2.9745481873274318,4.999999914709195
15.04808,16.20156,55.00195,4264.3648,2.00208,49.90007,7.721619951519581,2.8765065999894612,4.999999914709195
15.08476,16.24669,55.22669,4259.61316,2.02631,49.92814,7.464697134770052,2.7807960907041056,4.999999914709195
15.12138,16.2918,55.45359,4254.99778,2.04534,49.9558,7.214574167725946,2.6876187043488335,4.999999914709195
15.15793,16.33688,55.68209,4250.51604,2.05931,49.98307,6.971692585151056,2.5971389242406366,4.999999914709195
15.19443,16.38194,55.91163,4246.16504,2.06836,50.00996,6.736401102648706,2.5094866561170135,4.999999914709195
15.23087,16.42698,56.14167,4241.94169,2.07265,50.03648,6.508963850954403,2.4247602956266374,4.999999914709195
15.26725,16.472,56.37171,4237.84273,2.07232,50.06265,6.289568639427718,2.3430298066975106,4.999999914709195
15.30357,16.517,56.60124,4233.86478,2.06754,50.08848,6.078335088686116,2.2643397511570478,4.999999914709195
15.33985,16.56198,56.8298,4230.00435,2.05846,50.11398,5.875322504949303,2.188712222132528,4.999999914709195
15.37606,16.60695,57.05691,4226.25791,2.04525,50.13917,5.680537398372888,2.116149644828209,4.999999914709195
15.41223,16.65189,57.28214,4222.62191,2.02807,50.16407,5.493940574093377,2.0466374181261613,4.999999914709195
15.44835,16.69683,57.50508,4219.09275,2.00708,50.18868,5.31545374767906,1.980146379015784,4.999999914709195
15.48442,16.74174,57.72531,4215.66689,1.98244,50.21303,5.144965656178873,1.9166350791203026,4.999999914709195
15.52044,16.78665,57.94245,4212.34078,1.95431,50.23712,4.982337652204223,1.856051868639433,4.999999914709195
15.55641,16.83154,58.15614,4209.11095,1.92285,50.26097,4.827408781636533,1.7983367879290475,4.999999914709195
15.59234,16.87642,58.36603,4205.97395,1.8882,50.28459,4.680000355930714,1.7434232708045225,4.999999914709195
15.62822,16.92129,58.57179,4202.92642,1.85053,50.30801,4.5399200379315285,1.6912396666148368,4.999999914709195
15.66406,16.96616,58.77309,4199.96507,1.80996,50.33122,4.406965465916774,1.6417105902940123,4.999999914709195
15.69986,17.01101,58.96965,4197.08668,1.76666,50.35424,4.2809274445988645,1.5947581110931637,4.999999914709195
15.73561,17.05585,59.16118,4194.28811,1.72074,50.37709,4.161592734302893,1.5503027916227148,4.999999914709195
15.77133,17.10069,59.34741,4191.56634,1.67235,50.39977,4.048746470840046,1.5082645893189164,4.999999914709195
15.807,17.14552,59.52808,4188.91838,1.62163,50.42231,3.9421742488539846,1.468563632545187,4.999999914709195
15.84264,17.19035,59.70295,4186.34137,1.56868,50.4447,3.8416639010027285,1.4311208833841795,4.999999914709195
15.87824,17.23517,59.87181,4183.83253,1.51364,50.46696,3.7470070042526946,1.3958586987719457,4.999999914709195
15.91379,17.27999,60.03443,4181.38914,1.45662,50.4891,3.658000143146115,1.362701301098283,4.999999914709195
15.94932,17.3248,60.19062,4179.00859,1.39774,50.51113,3.574445958134552,1.3315751687385566,4.999999914709195
15.9848,17.36961,60.34018,4176.68835,1.33711,50.53306,3.4961540051572912,1.3024093562692658,4.999999914709195
16.02025,17.41442,60.48295,4174.42595,1.27483,50.5549,3.4229414506462614,1.2751357533756633,4.999999914709195
16.05567,17.45922,60.61875,4172.21899,1.211,50.57666,3.354633624071805,1.2496892906895927,4.999999914709195
16.09105,17.50403,60.74743,4170.06517,1.14573,50.59835,3.291064448152378,1.2260081000539236,4.999999914709195
16.12639,17.54883,60.86885,4167.96223,1.07911,50.61997,3.232076764880338,1.2040336359757324,4.999999914709195
16.1617,17.59364,60.98287,4165.90798,1.01124,50.64153,3.1775225736672232,1.1837107643416873,4.999999914709195
16.19698,17.63844,61.08938,4163.90028,0.9422,50.66305,3.127263196139938,1.1649878238089633,4.999999914709195
16.23223,17.68324,61.18824,4161.93705,0.87208,50.68453,3.0811693805017115,1.1478166646824433,4.999999914709195
16.26744,17.72805,61.27938,4160.01626,0.80097,50.70597,3.039121356835838,1.1321526695168178,4.999999914709195
16.30262,17.77285,61.36267,4158.13591,0.72895,50.72739,3.0010088533548265,1.1179547591698218,4.999999914709195
16.33777,17.81766,61.43805,4156.29406,0.65611,50.74878,2.9667310823246065,1.1051853875586286,4.999999914709195
16.37289,17.86247,61.50543,4154.48879,0.58251,50.77017,2.936196703231893,1.0938105279387265,4.999999914709195
16.40798,17.90729,61.56474,4152.7182,0.50824,50.79155,2.9093237697277097,1.0837996531389833,4.999999914709195
16.44304,17.9521,61.61592,4150.98042,0.43338,50.81293,2.8860396659385126,1.0751257118358657,4.999999914709195
16.47806,17.99692,61.65892,4149.27362,0.35799,50.83432,2.866281036867128,1.0677651026259554,4.999999914709195
16.51306,18.04175,61.69368,4147.59596,0.28216,50.85572,2.8499937168562504,1.0616976473767226,4.999999914709195
16.54802,18.08657,61.72018,4145.94561,0.20594,50.87715,2.837132659375488,1.05690656507035,4.999999914709195
16.58296,18.1314,61.73838,4144.32076,0.12942,50.8986,2.8276618707620322,1.053378447120392,4.999999914709195
16.61787,18.17624,61.74826,4142.7196,0.05266,50.92008,2.8215543499606355,1.0511032349233278,4.999999914709195
16.65274,18.22108,61.7498,4141.14029,-0.02426,50.94161,2.818792035772067,1.0500742002072254,4.999999914709195
16.68759,18.26592,61.74299,4139.581,-0.10128,50.96317,2.8193657626093476,1.0502879285497742,4.999999914709195
16.72241,18.31077,61.72785,4138.03988,-0.17832,50.98479,2.823275225280766,1.0517443062590315,4.999999914709195
16.7572,18.35563,61.70436,4136.51508,-0.25533,51.00647,2.8305289528473816,1.0544465106346546,4.999999914709195
16.79196,18.40049,61.67255,4135.00469,-0.33221,51.02821,2.8411442911537477,1.0584010034601365,4.999999914709195
16.82669,18.44536,61.63244,4133.50679,-0.40892,51.05002,2.8551473931507383,1.0636175273978035,4.999999914709195
16.86139,18.49023,61.58406,4132.01942,-0.48537,51.0719,2.8725732156662986,1.0701091047858347,4.999999914709195
16.89606,18.53511,61.52745,4130.5406,-0.56149,51.09386,2.893465520783618,1.0778920381516677,4.999999914709195
16.93071,18.57999,61.46264,4129.06827,-0.63722,51.11592,2.917876879459025,1.08698591155976,4.999999914709195
16.96532,18.62488,61.3897,4127.60034,-0.71247,51.13807,2.945868674456439,1.097413591704749,4.999999914709195
16.99991,18.66977,61.30869,4126.13468,-0.78717,51.16031,2.977511099065315,1.1092012274338536,4.999999914709195
17.03447,18.71468,61.21967,4124.66905,-0.86125,51.18267,3.012883147419427,1.1223782461403655,4.999999914709195
17.06899,18.75958,61.12272,4123.20121,-0.93462,51.20514,3.0520725915088494,1.1369773452000076,4.999999914709195
17.10349,18.8045,61.01793,4121.72878,-1.00721,51.22773,3.0951759391992333,1.153034476332009,4.999999914709195
17.13796,18.84942,60.9054,4120.24937,-1.07893,51.25045,3.1422983667044124,1.1705888204433765,4.999999914709195
17.1724,18.89435,60.78522,4118.76045,-1.1497,51.27331,3.1935536180337434,1.1896827501703793,4.999999914709195
17.20681,18.93928,60.65751,4117.25944,-1.21944,51.2963,3.249063862906458,1.2103617769479107,4.999999914709195
17.24119,18.98422,60.5224,4115.74365,-1.28804,51.31945,3.308959503525642,1.2326744790277087,4.999999914709195
17.27554,19.02917,60.38001,4114.21029,-1.35542,51.34276,3.3733789194223354,1.25667240642607,4.999999914709195
17.30986,19.07412,60.2305,4112.65646,-1.42121,51.36003,3.442461035314549,1.2824073122557829,0.0
17.34415,19.11907,60.07405,4111.07912,-1.48559,51.37734,3.5163513084886513,1.3099333831832314,0.0
17.37842,19.16402,59.91081,4109.47518,-1.54844,51.39469,3.5952084473393335,1.3393097422613072,0.0
17.41266,19.20897,59.74097,4107.84142,-1.60967,51.41209,3.6791971035936064,1.370597726590569,0.0
17.44687,19.25393,59.56471,4106.1745,-1.66916,51.42952,3.7684870706512568,1.4038605886799715,0.0
17.48106,19.29889,59.38222,4104.47097,-1.7268,51.44699,3.8632523457485237,1.439163147078156,0.0
17.51522,19.34384,59.19373,4102.72723,-1.78248,51.46451,3.963670016604673,1.476571371620007,0.0
17.54935,19.3888,58.99945,4100.93957,-1.83607,51.48206,4.069918951157734,1.5161518953187398,0.0
17.58346,19.43376,58.79963,4099.10414,-1.88746,51.49966,4.182178268011151,1.5579714445670307,0.0
17.61753,19.47871,58.59451,4097.21696,-1.93651,51.51729,4.300625564574865,1.602096179072953,0.0
17.65158,19.52367,58.38436,4095.27392,-1.98309,51.53496,4.42543487963828,1.6485909328647952,0.0
17.6856,19.56862,58.16946,4093.27078,-2.02708,51.55267,4.556774367397221,1.6975183478049047,0.0
17.71958,19.61357,57.9501,4091.20318,-2.06832,51.57041,4.694803660919623,1.748937891411287,0.0
17.75354,19.65852,57.7266,4089.06662,-2.10668,51.58819,4.839670904831584,1.8029047514550829,0.0
17.78747,19.70346,57.49927,4086.85651,-2.14201,51.60601,4.991509439813333,1.8594686008480819,0.0
17.82136,19.7484,57.26846,4084.56813,-2.17417,51.62386,5.1504341255158055,1.9186722278323978,0.0
17.85522,19.79334,57.03452,4082.19669,-2.203,51.64175,5.3165372938797,1.9805500284853392,0.0
17.88905,19.83826,56.79782,4079.73729,-2.22836,51.65967,5.489884331884241,2.0451263611771027,0.0
17.92285,19.88318,56.55876,4077.18497,-2.25009,51.67763,5.670508901488488,2.1124137658731366,0.0
17.95661,19.9281,56.31773,4074.53474,-2.26802,51.69561,5.85840781528811,2.1824110551814635,0.0
17.99033,19.973,56.07516,4071.78157,-2.28202,51.71363,6.0535355991435615,2.2551012887886057,0.0
18.02403,20.01789,55.83149,4068.92043,-2.29193,51.73168,6.255798788002193,2.3304496485032358,0.0
18.05768,20.06278,55.58715,4065.94631,-2.29759,51.74975,6.465050018107301,2.4084012374486106,0.0
18.0913,20.10765,55.34263,4062.85428,-2.29886,51.76786,6.681081997750097,2.488878834009031,0.0
18.12488,20.15251,55.09841,4059.6395,-2.2956,51.78599,6.903621459432822,2.5717806388514832,0.0
18.15842,20.19735,54.85498,4056.29726,-2.28766,51.80416,7.13232321816423,2.656978061484363,0.0
18.19192,20.24218,54.61284,4052.82302,-2.27492,51.82234,7.366764483188414,2.7443136012268017,0.0
18.22537,20.28699,54.37253,4049.21251,-2.25725,51.84055,7.606439592739262,2.8335988857661603,0.0
18.25879,20.33178,54.13457,4045.46168,-2.23455,51.85878,7.850755362431911,2.924612938311456,0.0
18.29216,20.37655,53.89951,4041.56685,-2.20672,51.87704,8.099027256407446,3.0171007512440218,0.0
18.32549,20.4213,53.66789,4037.52472,-2.17368,51.89532,8.35047660477064,3.1107722495398473,0.0
18.35877,20.46602,53.44028,4033.33242,-2.13535,51.91361,8.604229099644172,3.2053017305102056,0.0
18.39201,20.51073,53.21723,4028.98758,-2.0917,51.93192,8.85931480363801,3.300327866956721,0.0
18.4252,20.5554,52.9993,4024.48841,-2.0427,51.95026,9.114669896950696,3.3954543580125662,0.0
18.45834,20.60005,52.78707,4019.83371,-1.98834,51.9686,9.369140371145313,3.4902513051712005,0.0
18.49143,20.64467,52.58107,4015.02297,-1.92865,51.98696,9.621487847665483,3.584257379836674,0.0
18.52446,20.68925,52.38187,4010.05639,-1.86367,52.00534,9.870397656604762,3.6769828328777874,0.0
18.55745,20.7338,52.19001,4004.93495,-1.79349,52.02372,10.11448925569345,3.7679133759748242,0.0
18.59038,20.77832,52.00602,3999.66043,-1.7182,52.04212,10.352329001871224,3.856514939366396,0.0
18.62326,20.8228,51.83041,3994.23545,-1.63795,52.06053,10.582445209276298,3.942239281346602,0.0
18.65607,20.86725,51.66367,3988.66351,-1.55291,52.07894,10.803345340574321,4.024530392487373,0.0
18.68883,20.91165,51.50628,3982.94899,-1.46328,52.09736,11.01353508673121,4.102831603355879,0.0
18.72154,20.95601,51.35868,3977.09714,-1.36929,52.11579,11.211538997586738,4.1765932699460055,0.0
18.75418,21.00033,51.2213,3971.11412,-1.27121,52.13422,11.395922237127312,4.245280878089879,0.0
18.78676,21.0446,51.09451,3965.00691,-1.16933,52.15265,11.565312958348361,4.308383378682832,0.0
18.81928,21.08882,50.97866,3958.78333,-1.06399,52.17109,11.718424728513504,4.36542154168248,0.0
18.85173,21.133,50.87407,3952.45199,-0.95554,52.18953,11.854078391388326,4.415956100366034,0.0
18.88412,21.17713,50.78101,3946.02218,-0.84435,52.20797,11.971222733086838,4.4595954499018635,0.0
18.91645,21.2212,50.69969,3939.50388,-0.73084,52.2264,12.068953325340434,4.49600266696297,0.0
18.94871,21.26523,50.63031,3932.9076,-0.61543,52.24484,12.146528955693352,4.524901630407111,0.0
18.9809,21.3092,50.573,3926.24434,-0.49854,52.26327,12.203385118284324,4.5460820469479195,0.0
19.01303,21.35311,50.52785,3919.52549,-0.38065,52.2817,12.239144128761172,4.559403219226737,0.0
19.04509,21.39698,50.49489,3912.76269,-0.2622,52.30013,12.25362153878575,4.564796435384476,0.0
19.07707,21.44078,50.47412,3905.96775,-0.14366,52.31856,12.246828653772353,4.562265906985424,0.0
19.109,21.48453,50.46548,3899.15255,-0.02549,52.33698,12.218971094976952,4.551888233357652,0.0
19.14085,21.52822,50.46887,3892.32892,0.09183,52.35539,12.170443486598424,4.533810422398428,0.0
19.17263,21.57186,50.48414,3885.50851,0.20787,52.37381,12.10182048254303,4.50824654780789,0.0
19.20434,21.61543,50.51109,3878.70274,0.32219,52.39222,12.013844468741025,4.475473167878406,0.0
19.23599,21.65895,50.54949,3871.92267,0.43435,52.41062,11.907410379678195,4.435823669253076,0.0
19.26756,21.70241,50.59905,3865.17894,0.54395,52.42902,11.783548147183573,4.389681728637351,0.0
19.29907,21.74581,50.65946,3858.48165,0.65062,52.44742,11.643403352964091,4.337474105359134,0.0
19.33051,21.78916,50.73036,3851.84037,0.75399,52.46581,11.488216682416123,4.279662987372969,0.0
19.36187,21.83245,50.81138,3845.264,0.85373,52.48421,11.319302776908085,4.216738113178889,0.0
19.39318,21.87568,50.9021,3838.7608,0.94953,52.5026,11.13802905688693,4.149208882872381,0.0
19.42441,21.91886,51.00208,3832.33832,1.04114,52.52098,10.945795042542766,4.077596654547853,0.0
19.45558,21.96198,51.11085,3826.00339,1.1283,52.53937,10.74401263637455,4.002427399035555,0.0
19.48668,22.00505,51.22793,3819.76209,1.2108,52.55776,10.534087757973035,3.9242248583750157,0.0
19.51772,22.04806,51.35282,3813.61981,1.28846,52.57615,10.317403640199975,3.8435043232022843,0.0
19.54869,22.09103,51.48502,3807.58118,1.36112,52.59454,10.095306012539337,3.7607671131584124,0.0
19.5796,22.13394,51.62398,3801.65014,1.42868,52.61293,9.869090315850046,3.6764958140484505,0.0
19.61045,22.1768,51.76919,3795.82996,1.49103,52.63132,9.639991016283206,3.591150296994443,0.0
19.64124,22.21961,51.92011,3790.12325,1.5481,52.64972,9.409173017621058,3.505164519305738,0.0
19.67197,22.26238,52.0762,3784.532,1.59986,52.66813,9.177725112341419,3.418944084828178,0.0
19.70263,22.3051,52.23691,3779.05762,1.6463,52.68654,8.946655363419943,3.3328645235439254,0.0
19.73324,22.34778,52.40173,3773.701,1.68741,52.70496,8.716888271508504,3.247270236270881,0.0
19.7638,22.39041,52.5701,3768.4625,1.72322,52.72339,8.48926355540999,3.1624740403574507,0.0
19.79429,22.433,52.74152,3763.34206,1.75378,52.74183,8.264536356927579,3.078757245994296,0.0
19.82473,22.47555,52.91546,3758.33918,1.77915,52.76027,8.04337867311163,2.9963701897639825,0.0
19.85512,22.51807,53.09141,3753.45299,1.79941,52.77873,7.82638181845179,2.915533151872323,0.0
19.88545,22.56054,53.26888,3748.68233,1.81465,52.7972,7.6140597252199935,2.8364375856129853,0.0
19.91573,22.60298,53.44737,3744.02569,1.82497,52.81569,7.406852900601065,2.759247591502758,0.0
19.94596,22.64538,53.62642,3739.48134,1.83048,52.83419,7.205132873256461,2.684101573743542,0.0
19.97614,22.68775,53.80557,3735.04734,1.83131,52.85271,7.009206978233849,2.611114022727065,0.0
20.00627,22.73009,53.98436,3730.72153,1.82758,52.87124,6.819323346742991,2.5403773738576874,0.0
20.03636,22.77239,54.16236,3726.50162,1.81943,52.88979,6.6356759853714005,2.471963899693879,0.0
20.06639,22.81467,54.33917,3722.38518,1.80699,52.90835,6.458409847141107,2.40592759905029,0.0
20.09638,22.85692,54.51436,3718.36968,1.79041,52.92694,6.28762581383307,2.342306053044686,0.0
20.12633,22.89914,54.68756,3714.45251,1.76983,52.94555,6.123385524921489,2.2811222240030404,0.0
20.15623,22.94133,54.8584,3710.63099,1.7454,52.96417,5.965716002933713,2.2223861785277945,0.0
20.18608,22.9835,55.0265,3706.90241,1.71726,52.98282,5.8146140380139775,2.16609672086322,0.0
20.2159,23.02564,55.19154,3703.26401,1.68557,53.00149,5.670050305785549,2.1122429269074128,0.0
20.24567,23.06777,55.35318,3699.71303,1.65047,53.02019,5.531973202351729,2.0608055728510726,0.0
20.2754,23.10987,55.51112,3696.24672,1.6121,53.03891,5.400312388472321,2.0117584554764902,0.0
20.30509,23.15195,55.66504,3692.86231,1.57062,53.05765,5.27498204173001,1.9650696036750912,0.0
20.33474,23.19401,55.81468,3689.55706,1.52616,53.07642,5.155883820943719,1.9207023827694119,0.0
20.36435,23.23605,55.95975,3686.32825,1.47887,53.09521,5.04290955140015,1.8786164948325015,0.0
20.39392,23.27807,56.10001,3683.17319,1.42889,53.11403,4.935943642675085,1.8387688793899708,0.0
20.42346,23.32008,56.23521,3680.08921,1.37634,53.13288,4.834865253239384,1.8011145197926852,0.0
20.45295,23.36207,56.36512,3677.07369,1.32138,53.15175,4.739550217574154,1.7656071611178632,0.0
20.48241,23.40404,56.48952,3674.12403,1.26413,53.17065,4.649872752547323,1.732199945839256,0.0
20.51184,23.446,56.60822,3671.23768,1.20472,53.18958,4.565706960183364,1.7008459736484047,0.0
20.54122,23.48794,56.72102,3668.41213,1.14327,53.20854,4.486928144034181,1.6714987918374316,0.0
20.57058,23.52988,56.82774,3665.64489,1.07991,53.22753,4.413413955999915,1.6441128225199677,0.0
20.59989,23.5718,56.92822,3662.93353,1.01477,53.24654,4.345045389919981,1.6186437327699539,0.0
20.62918,23.6137,57.02231,3660.27562,0.94795,53.26559,4.281707637470652,1.5950487534660147,0.0
20.65843,23.6556,57.10985,3657.66881,0.87959,53.28467,4.223290821026258,1.5732869523015316,0.0
20.68764,23.69748,57.19071,3655.11074,0.80978,53.30378,4.169690617158242,1.5533194660544538,0.0
20.71683,23.73936,57.26478,3652.5991,0.73866,53.32292,4.120808783402064,1.5351096968218254,0.0
20.74598,23.78122,57.33194,3650.1316,0.66631,53.34209,4.0765535998631295,1.5186234765296132,0.0
20.77509,23.82308,57.39209,3647.70597,0.59286,53.36129,4.036840236159742,1.5038292036286147,0.0
20.80418,23.86492,57.44514,3645.31995,0.51841,53.38052,4.001591053163207,1.4906979555005822,0.0
20.83323,23.90676,57.49101,3642.97132,0.44306,53.39979,3.9707358479338852,1.4792035797033498,0.0
20.86225,23.94859,57.52963,3640.65785,0.36692,53.41909,3.944212049281819,1.4693227668223112,0.0
20.89124,23.99041,57.56094,3638.37732,0.29009,53.43842,3.9219648704008523,1.4610351073306453,0.0
20.9202,24.03223,57.58488,3636.12751,0.21267,53.45778,3.9039474241115277,1.454323134520329,0.0
20.94913,24.07404,57.60142,3633.90621,0.13477,53.47718,3.8901208053456235,1.4491723552297948,0.0
20.97803,24.11584,57.61051,3631.71119,0.05647,53.49661,3.88045414467801,1.445571269785959,0.0
21.0069,24.15763,57.61215,3629.54023,-0.02212,53.51607,3.874924635867508,1.4435113822639138,0.0
21.03573,24.19942,57.60631,3627.39108,-0.10089,53.53556,3.873517539599532,1.442987201881162,0.0
21.06454,24.2412,57.59298,3625.26146,-0.17977,53.55509,3.8762261648528678,1.4439962360562493,0.0
21.09331,24.28298,57.57219,3623.1491,-0.25863,53.57465,3.8830518285525493,1.4465389753784013,0.0
21.12206,24.32475,57.54393,3621.05168,-0.3374,53.59424,3.8940037934623786,1.4506188704708525,0.0
21.15078,24.36651,57.50823,3618.96685,-0.41596,53.61386,3.9090991835131015,1.4562423004483631,0.0
21.17946,24.40827,57.46512,3616.89222,-0.49422,53.63352,3.9283628750820476,1.4634185324160254,0.0
21.20812,24.45003,57.41465,3614.82537,-0.57207,53.65321,3.951827361955971,1.4721596711643685,0.0
21.23674,24.49178,57.35686,3612.76382,-0.64943,53.67294,3.9795325910426587,1.4824805979676092,0.0
21.26534,24.53352,57.29183,3610.70506,-0.72618,53.69269,4.0115257651073675,1.4943988970977855,0.0
21.29391,24.57526,57.2196,3608.64651,-0.80222,53.71248,4.047861108078392,1.507934768394904,0.0
21.32244,24.61699,57.14028,3606.58553,-0.87744,53.7323,4.088599587709731,1.523110923951488,0.0
21.35095,24.65872,57.05395,3604.51943,-0.95175,53.75215,4.133808589593616,1.539952466673665,0.0
21.37943,24.70044,56.9607,3602.44545,-1.02503,53.77204,4.183561535764023,1.5584867482009408,0.0
21.40787,24.74215,56.86065,3600.36074,-1.09718,53.79196,4.237937440315226,1.578743203362419,0.0
21.43629,24.78386,56.75392,3598.26241,-1.16807,53.8119,4.297020393717338,1.60075315807077,0.0
21.46467,24.82557,56.64064,3596.14747,-1.2376,53.83188,4.360898966734972,1.624549607266249,0.0
21.49303,24.86726,56.52095,3594.01286,-1.30565,53.85189,4.429665524128045,1.6501669592521884,0.0
21.52135,24.90895,56.39501,3591.85544,-1.37211,53.87193,4.503415437679691,1.677640742527188,0.0
21.54965,24.95064,56.26298,3589.67197,-1.43684,53.89201,4.582246187478113,1.7070072709889588,0.0
21.57791,24.99232,56.12504,3587.45914,-1.49973,53.91211,4.66625633993367,1.7383032632187987,0.0
21.60614,25.03399,55.98137,3585.21354,-1.56065,53.93224,4.755544390689743,1.7715654114354427,0.0
21.63434,25.07565,55.83218,3582.9317,-1.61948,53.9524,4.850207460470421,1.8068298956640139,0.0
21.66251,25.1173,55.67767,3580.61003,-1.67608,53.97258,4.950339832022666,1.8441318387084837,0.0
21.69064,25.15895,55.51807,3578.24488,-1.73031,53.9928,5.056031316778521,1.8835046976903702,0.0
21.71875,25.20058,55.35361,3575.83251,-1.78205,54.01304,5.1673654406338505,1.9249795882035816,0.0
21.74682,25.24221,55.18455,3573.36909,-1.83116,54.03331,5.2844174395375925,1.9685845376186732,0.0
21.77485,25.28383,55.01115,3570.85073,-1.8775,54.05361,5.407252057342142,2.014343664724176,0.0
21.80286,25.32543,54.83368,3568.27346,-1.92092,54.07393,5.535921140756175,2.0622762837832402,0.0
21.83082,25.36703,54.65242,3565.63327,-1.96129,54.09428,5.670461029329509,2.1123959322343246,0.0
21.85876,25.40861,54.46769,3562.92608,-1.99845,54.11465,5.810889742240247,2.164709322695386,0.0
21.88666,25.45018,54.27978,3560.14777,-2.03228,54.13505,5.957203968326371,2.21921522167145,0.0
21.91452,25.49174,54.08904,3557.2942,-2.06261,54.15547,6.10937587141406,2.2759032594553545,0.0
21.94235,25.53328,53.8958,3554.36121,-2.08932,54.17591,6.267349729520623,2.3347526781424137,0.0
21.97014,25.5748,53.70041,3551.34465,-2.11226,54.19637,6.43103843400109,2.395731027470411,0.0
21.9979,25.61631,53.50324,3548.24039,-2.13128,54.21686,6.600319883154456,2.4587928213430303,0.0
22.02561,25.65781,53.30467,3545.04434,-2.14625,54.23736,6.775033314102151,2.52387817135808,0.0
22.05329,25.69928,53.10508,3541.75248,-2.15705,54.25788,6.954975626823914,2.590911417414131,0.0
22.08093,25.74073,52.90489,3538.36088,-2.16353,54.27842,7.139897764844445,2.6597997794210615,0.0
22.10853,25.78217,52.70449,3534.86574,-2.16558,54.29897,7.329501228014184,2.7304320582191495,0.0
22.13609,25.82358,52.50431,3531.26341,-2.16309,54.31955,7.523434803699106,2.8026774178612617,0.0
22.1636,25.86497,52.30478,3527.55041,-2.15594,54.34013,7.72129161309656,2.876384285287782,0.0
22.19108,25.90634,52.10634,3523.72349,-2.14405,54.36073,7.922606578847298,2.9513794069454717,0.0
22.21851,25.94768,51.90944,3519.77964,-2.12731,54.38135,8.126854427933958,3.0274671048145962,0.0
22.2459,25.989,51.71453,3515.71617,-2.10568,54.40197,8.3334483494582,3.104428776395602,0.0
22.27324,26.03028,51.52206,3511.53068,-2.07907,54.4226,8.541739429565112,3.1820226842035813,0.0
22.30054,26.07154,51.3325,3507.22116,-2.04747,54.44325,8.751016984723487,3.2599840799239512,0.0
22.32779,26.11277,51.1463,3502.786,-2.01083,54.4639,8.960509909232023,3.3380257063939642,0.0
22.355,26.15396,50.96393,3498.22405,-1.96915,54.48456,9.169389142461958,3.41583871671551,0.0
22.38215,26.19512,50.78584,3493.5346,-1.92246,54.50522,9.376771345505622,3.4930940439034357,0.0
22.40926,26.23625,50.61249,3488.71748,-1.87078,54.52589,9.581723855371198,3.569444246453448,0.0
22.43632,26.27734,50.44432,3483.77308,-1.81417,54.54656,9.783270957448,3.64452584500047,0.0
22.46332,26.31839,50.28177,3478.70233,-1.75273,54.56723,9.980401484067173,3.717962152982431,0.0
22.49028,26.3594,50.12526,3473.50678,-1.68655,54.5879,10.172077709140693,3.789366590127326,0.0
22.51718,26.40038,49.97521,3468.18859,-1.61578,54.60858,10.357245467041896,3.858346452002454,0.0
22.54402,26.4413,49.83201,3462.75054,-1.54057,54.62925,10.534845379537332,3.924507092341939,0.0
22.57082,26.48219,49.69604,3457.19606,-1.46112,54.64991,10.703825029314634,3.9874564580061564,0.0
22.59755,26.52303,49.56766,3451.5292,-1.37763,54.67058,10.863151874552408,4.046809899998825,0.0
22.62424,26.56382,49.44721,3445.75464,-1.29034,54.69123,11.011826658223306,4.102195168785227,0.0
22.65086,26.60456,49.33498,3439.87767,-1.19953,54.71189,11.148897030661473,4.1532574890569975,0.0
22.67742,26.64525,49.23126,3433.90417,-1.10548,54.73253,11.273471076725944,4.199664598956433,0.0
22.70393,26.6859,49.13631,3427.84057,-1.00849,54.75317,11.384730421397304,4.241111632256057,0.0
22.73038,26.72649,49.05033,3421.69381,-0.90891,54.77379,11.481942581828111,4.277325719822413,0.0
22.75677,26.76702,48.97353,3415.47131,-0.80708,54.79441,11.564472240323548,4.3080701890979665,0.0
22.78309,26.8075,48.90605,3409.18091,-0.70337,54.81502,11.631791132584361,4.333148247731777,0.0
22.80936,26.84793,48.84801,3402.83079,-0.59816,54.83561,11.683486277640162,4.3524060494461905,0.0
22.83556,26.8883,48.7995,3396.42944,-0.49184,54.8562,11.719266320120509,4.365735056699696,0.0
22.8617,26.92861,48.76056,3389.98557,-0.38481,54.87677,11.738965809366123,4.373073634768446,0.0
22.88778,26.96887,48.7312,3383.50805,-0.27748,54.89733,11.742547301531337,4.3744078348347175,0.0
22.9138,27.00906,48.71138,3377.00586,-0.17025,54.91787,11.730101237060758,4.369771348343763,0.0
22.93975,27.0492,48.70106,3370.48795,-0.06353,54.9384,11.70184361403589,4.3592446402641905,0.0
22.96564,27.08927,48.70013,3363.96326,0.04228,54.95892,11.658111544191787,4.342953293587253,0.0
22.99146,27.12929,48.70846,3357.4406,0.1468,54.97942,11.599356840356185,4.321065620479193,0.0
23.01723,27.16924,48.72588,3350.92858,0.24964,54.99991,11.52613783848445,4.293789615774087,0.0
23.04293,27.20914,48.75219,3344.43558,0.35043,55.02039,11.439109702473255,4.261369345261846,0.0
23.06856,27.24898,48.78716,3337.96968,0.44881,55.04085,11.339013493675404,4.224080873794886,0.0
23.09413,27.28875,48.83054,3331.53861,0.54447,55.0613,11.226664308781348,4.182227846336886,0.0
23.11964,27.32847,48.88204,3325.1497,0.63707,55.08174,11.102938799113895,4.1361368385716775,0.0
23.14509,27.36812,48.94135,3318.80986,0.72634,55.10217,10.968762381984568,4.086152592796994,0.0
23.17048,27.40772,49.00814,3312.52556,0.81199,55.12258,10.825096441509178,4.032633249891517,0.0
23.1958,27.44725,49.08206,3306.30277,0.89379,55.14298,10.672925793803861,3.9759456797705757,0.0
23.22106,27.48673,49.16274,3300.14696,0.9715,55.16337,10.513246661448093,3.9164610015572228,0.0
23.24626,27.52616,49.24979,3294.06312,1.04495,55.18375,10.347055366698019,3.8545503715066842,0.0
23.27141,27.56552,49.34282,3288.05571,1.11394,55.20412,10.175337914008619,3.790581102221781,0.0
23.29649,27.60483,49.44142,3282.1287,1.17834,55.22448,9.999060592153093,3.7249131616951177,0.0
23.32151,27.64409,49.54517,3276.28555,1.23803,55.24484,9.819161686222648,3.6578960858109344,0.0
23.34648,27.68329,49.65364,3270.52924,1.2929,55.26518,9.636544351685801,3.5898663237447064,0.0
23.37139,27.72244,49.76641,3264.86227,1.34288,55.28552,9.452070667652364,3.5211450226475023,0.0
23.39624,27.76153,49.88304,3259.2867,1.38791,55.30586,9.266556855440124,3.452036246436275,0.0
23.42104,27.80058,50.00309,3253.80415,1.42797,55.32619,9.080769622095714,3.382825613659171,0.0
23.44578,27.83958,50.12615,3248.41583,1.46305,55.34652,8.895423566905087,3.313779331352448,0.0
23.47047,27.87852,50.25177,3243.12258,1.49314,55.36684,8.711179572229382,3.2451435955844903,0.0
23.4951,27.91742,50.37953,3237.92486,1.51827,55.38717,8.528644088013936,3.1771443249165943,0.0
23.51968,27.95628,50.509,3232.82281,1.53848,55.40749,8.34836921171133,3.109987190176406,0.0
23.54421,27.99509,50.63978,3227.81626,1.55382,55.42781,8.170853461610514,3.043857902543364,0.0
23.56869,28.03385,50.77144,3222.90478,1.56436,55.44814,7.996543141227802,2.978922721820247,0.0
23.59312,28.07257,50.9036,3218.08766,1.57018,55.46846,7.825834194852448,2.915329147672724,0.0
23.6175,28.11125,51.03585,3213.36397,1.57137,55.48879,7.6590744590146285,2.853206758360415,0.0
23.64183,28.14989,51.16782,3208.73258,1.56802,55.50913,7.496566220939507,2.792668163828351,0.0
23.66611,28.18849,51.29914,3204.19218,1.56024,55.52947,7.338569002634109,2.733810042852581,0.0
23.69035,28.22706,51.42944,3199.74128,1.54816,55.54981,7.185302497444713,2.6767142369850765,0.0
23.71454,28.26558,51.55837,3195.37826,1.53188,55.57016,7.03694959455765,2.621448877259848,0.0
23.73868,28.30407,51.68559,3191.10138,1.51153,55.59052,6.893659435534658,2.5680695228327934,0.0
23.76278,28.34253,51.81079,3186.90879,1.48725,55.61089,6.755550455375933,2.516620293857699,0.0
23.78684,28.38095,51.93363,3182.79854,1.45916,55.63126,6.622713368632001,2.4671349838914796,0.0
23.81085,28.41934,52.05383,3178.76861,1.4274,55.65165,6.495214068491204,2.4196381398805458,0.0
23.83482,28.45769,52.17109,3174.81692,1.39212,55.67204,6.373096413604661,2.3741461003264304,0.0
23.85875,28.49602,52.28513,3170.94132,1.35344,55.69245,6.256384883482118,2.3306679844906077,0.0
23.88263,28.53431,52.3957,3167.13963,1.31152,55.71287,6.145087088703887,2.2892066275144924,0.0
23.90648,28.57258,52.50252,3163.40962,1.2665,55.7333,6.03919612683517,2.2497594580595055,0.0
23.93028,28.61081,52.60538,3159.74905,1.21851,55.75374,5.938692778945068,2.212319316568209,0.0
23.95405,28.64902,52.70403,3156.15565,1.16769,55.7742,5.8435475449313,2.176875213476307,0.0
23.97778,28.68721,52.79826,3152.62712,1.1142,55.79468,5.753722518625231,2.143413027738612,0.0
24.00146,28.72537,52.88787,3149.16116,1.05818,55.81516,5.669173105829238,2.1119161468431664,0.0
24.02511,28.7635,52.97267,3145.75547,0.99975,55.83567,5.5898495901416885,2.082366050122245,0.0
24.04872,28.80161,53.05248,3142.40772,0.93907,55.85619,5.5156985527275015,2.0547428376542456,0.0
24.0723,28.83969,53.12712,3139.11559,0.87626,55.87672,5.446664153085141,2.029025707383093,0.0
24.09584,28.87775,53.19645,3135.87675,0.81148,55.89727,5.3826892784382006,2.0051933832968487,0.0
24.11934,28.91579,53.26031,3132.68889,0.74485,55.91784,5.323716569749491,1.9832244976449533,0.0
24.1428,28.95381,53.31858,3129.54966,0.67651,55.93843,5.269689332375111,1.963097930180827,0.0
24.16623,28.9918,53.37112,3126.45673,0.60659,55.95903,5.220552339340198,1.9447931074032248,0.0
24.18963,29.02978,53.41784,3123.40777,0.53523,55.97966,5.176252534942684,1.9282902646671465,0.0
24.21299,29.06773,53.45862,3120.40044,0.46255,56.0003,5.136739646046093,1.9135706739064886,0.0
24.23631,29.10566,53.49338,3117.43239,0.3887,56.02096,5.101966707925438,1.9006168395254788,0.0
24.2596,29.14358,53.52204,3114.50126,0.31379,56.04164,5.0718905110348045,1.889412664831351,0.0
24.28286,29.18147,53.54453,3111.6047,0.23797,56.06234,5.0464719744450575,1.8799435911497209,0.0
24.30608,29.21935,53.5608,3108.74032,0.16135,56.08306,5.025676451088051,1.8721967115360865,0.0
24.32927,29.25721,53.57078,3105.90573,0.08406,56.10379,5.009473969274579,1.866160860747614,0.0
24.35242,29.29505,53.57446,3103.09853,0.00624,56.12455,4.99783941429158,1.8618266828928811,0.0
24.37554,29.33287,53.57179,3100.31628,-0.072,56.14533,4.9907526531830655,1.8591866779160526,0.0
24.39863,29.37067,53.56276,3097.55656,-0.15053,56.16612,4.9881986051585105,1.8582352278258583,0.0
24.42168,29.40846,53.54738,3094.81686,-0.22921,56.18694,4.990167259357973,1.8589686033135675,0.0
24.44471,29.44623,53.52563,3092.09471,-0.30792,56.20778,4.996653641057174,1.8613849511634937,0.0
24.4677,29.48398,53.49753,3089.38756,-0.38655,56.22864,5.007657726706346,1.865484262602729,0.0
24.49065,29.52172,53.46311,3086.69286,-0.46495,56.24951,5.023184307548703,1.8712683224954358,0.0
24.51358,29.55943,53.4224,3084.00799,-0.543,56.27041,5.043242800939764,1.8787406390543309,0.0
24.53647,29.59713,53.37544,3081.33032,-0.62058,56.29132,5.067847007864683,1.8879063535095086,0.0
24.55933,29.63482,53.3223,3078.65718,-0.69756,56.31226,5.0970148145664185,1.8987721289570882,0.0
24.58215,29.67249,53.26302,3075.98583,-0.77381,56.33322,5.130767835636892,1.9113460174012735,0.0
24.60495,29.71014,53.1977,3073.3135,-0.84919,56.35419,5.169130995421077,1.925637303816366,0.0
24.62771,29.74777,53.12641,3070.63739,-0.92358,56.37519,5.212132044100693,1.941656325875207,0.0
24.65044,29.78538,53.04925,3067.95461,-0.99685,56.3962,5.259801004415114,1.9594142678381608,0.0
24.67313,29.82298,52.96632,3065.26227,-1.06886,56.41723,5.312169544640609,1.9789229269713782,0.0
24.6958,29.86056,52.87775,3062.55737,-1.13948,56.43828,5.369270273191355,2.000194450767121,0.0
24.71843,29.89813,52.78366,3059.83692,-1.20857,56.45935,5.431135950038671,2.0232410431766708,0.0
24.74103,29.93567,52.68418,3057.09783,-1.27601,56.48044,5.497798610124807,2.0480746380589063,0.0
24.76359,29.9732,52.57948,3054.33697,-1.34164,56.50154,5.569288594048365,2.0747065380851155,0.0
24.78612,30.01071,52.4697,3051.55117,-1.40534,56.52266,5.64563348155535,2.1031470174363536,0.0
24.80862,30.0482,52.35501,3048.73721,-1.46696,56.5438,5.726856923878254,2.1334048868190227,0.0
24.83108,30.08567,52.23561,3045.89181,-1.52637,56.56496,5.81297737160767,2.1654870195635856,0.0
24.85351,30.12312,52.11168,3043.01166,-1.58342,56.58613,5.904006695757374,2.199397837935017,0.0
24.87591,30.16055,51.98342,3040.09339,-1.63797,56.60731,5.999948700893335,2.2351387592342458,0.0
24.89827,30.19796,51.85106,3037.13362,-1.68988,56.62851,6.100797530745176,2.272707601846468,0.0
24.9206,30.23535,51.71481,3034.12892,-1.73902,56.64973,6.206535968593489,2.312097952090705,0.0
24.94289,30.27272,51.57491,3031.07586,-1.78523,56.67095,6.317133636974978,2.353298493562601,0.0
24.96515,30.31007,51.43161,3027.97096,-1.82838,56.69219,6.432545103895379,2.396292301648903,0.0
24.98737,30.34739,51.28517,3024.81078,-1.86832,56.71345,6.552707905763662,2.4410561070184382,0.0
25.00956,30.38469,51.13585,3021.59184,-1.90493,56.73471,6.67754050070497,2.487559533177327,0.0
25.03171,30.42197,50.98394,3018.31071,-1.93807,56.75599,6.806940169744254,2.535764314604662,0.0
25.05382,30.45922,50.82972,3014.96397,-1.96759,56.77727,6.940780887538845,2.5856235035443738,0.0
25.07589,30.49644,50.67349,3011.54826,-1.99338,56.79857,7.078911188823559,2.637080675199892,0.0
25.09793,30.53364,50.51556,3008.06026,-2.01531,56.81987,7.221152061520812,2.6900691428622228,0.0
25.11993,30.57081,50.35625,3004.49676,-2.03326,56.84119,7.367294902308762,2.744511196305299,0.0
25.14189,30.60795,50.19588,3000.8546,-2.0471,56.8625,7.517099575378929,2.8003173786221054,0.0
25.16382,30.64507,50.03478,2997.13077,-2.05675,56.88383,7.6702926198585,2.857385818442334,0.0
25.1857,30.68215,49.8733,2993.32238,-2.06209,56.90516,7.8265656558265775,2.9156016361314836,0.0
25.20754,30.7192,49.71177,2989.42671,-2.06303,56.92649,7.985574042738534,2.9748364440186434,0.0
25.22934,30.75622,49.55057,2985.44121,-2.0595,56.94783,8.146935847165377,3.0349479618522395,0.0
25.2511,30.79321,49.39003,2981.36354,-2.05142,56.96916,8.310231178840938,3.0957797694601465,0.0
25.27282,30.83016,49.23052,2977.19159,-2.03873,56.9905,8.475001954690377,3.1571612188440965,0.0
25.2945,30.86708,49.07241,2972.9235,-2.02139,57.01184,8.64075214969535,3.218907527633551,0.0
25.31613,30.90396,48.91606,2968.55768,-1.99936,57.03318,8.806948590656463,3.2808200747831067,0.0
25.33772,30.9408,48.76183,2964.09285,-1.97264,57.05452,8.973022344136744,3.3426869176179497,0.0
25.35927,30.9776,48.61008,2959.52807,-1.94121,57.07585,9.13837074271076,3.4042835466649737,0.0
25.38077,31.01437,48.46119,2954.86271,-1.90511,57.09718,9.302360084180274,3.4653738911816245,0.0
25.40222,31.05109,48.31551,2950.09655,-1.86436,57.1185,9.464329026446002,3.5257115838349633,0.0
25.42363,31.08777,48.17338,2945.22973,-1.81902,57.13982,9.623592686503935,3.5850414876856402,0.0
25.44499,31.1244,48.03515,2940.26281,-1.76916,57.16113,9.779447435565059,3.6431014824961596,0.0
25.4663,31.16099,47.90117,2935.19675,-1.71489,57.18243,9.931176364134464,3.699624500616642,0.0
25.48757,31.19753,47.77174,2930.03296,-1.65631,57.20372,10.07805537126368,3.754340795391541,0.0
25.50879,31.23402,47.6472,2924.77328,-1.59358,57.225,10.219359811931678,3.806980417483966,0.0
25.52995,31.27047,47.52783,2919.41998,-1.52684,57.24627,10.354371616132768,3.857275866923237,0.0
25.55107,31.30686,47.41392,2913.9758,-1.45628,57.26752,10.482386773714483,3.904964881403938,0.0
25.57214,31.34321,47.30575,2908.44387,-1.3821,57.28876,10.602723061067838,3.9497933146813407,0.0
25.59315,31.3795,47.20355,2902.8278,-1.30453,57.30999,10.714727870424257,3.9915180531905046,0.0
25.61411,31.41573,47.10756,2897.13156,-1.2238,57.3312,10.817785990442802,4.029909914519747,0.0
25.63502,31.45191,47.01799,2891.35957,-1.14018,57.35239,10.911327178915224,4.0647564684425195,0.0
25.65588,31.48804,46.93502,2885.51658,-1.05394,57.37357,10.994833365295314,4.095864720049103,0.0
25.67668,31.52411,46.85881,2879.6077,-0.96539,57.39473,11.06784532281982,4.123063595287201,0.0
25.69743,31.56012,46.78951,2873.63836,-0.87482,57.41587,11.129968657447415,4.146206171999288,0.0
25.71812,31.59607,46.72722,2867.61428,-0.78256,57.43699,11.180878973707486,4.165171604337204,0.0
25.73876,31.63196,46.67204,2861.54138,-0.68895,57.45808,11.220326095407469,4.179866695086686,0.0
25.75935,31.66779,46.62402,2855.42585,-0.59431,57.47916,11.248137241539316,4.190227078776094,0.0
25.77988,31.70355,46.58319,2849.27398,-0.49901,57.50022,11.264219083799505,4.196217988156749,0.0
25.80035,31.73926,46.54957,2843.09221,-0.40338,57.52126,11.268558640804699,4.197834587321801,0.0
25.82077,31.7749,46.52313,2836.88706,-0.30778,57.54227,11.261222994475913,4.195101866051859,0.0
25.84113,31.81048,46.50383,2830.66506,-0.21256,57.56326,11.24235784458585,4.188074101345842,0.0
25.86143,31.846,46.4916,2824.43273,-0.11806,57.58423,11.21218494716638,4.176833903160379,0.0
25.88168,31.88145,46.48634,2818.19654,-0.02464,57.60518,11.170998510240041,4.161490871724941,0.0
25.90187,31.91684,46.48792,2811.96286,0.06738,57.6261,11.119160644725708,4.142179902884523,0.0
25.92201,31.95217,46.4962,2805.73792,0.15768,57.64701,11.057095989123448,4.1190591856533105,0.0
25.94209,31.98743,46.51102,2799.52778,0.24594,57.66789,10.985285642518981,4.092307942099213,0.0
25.96211,32.02262,46.53219,2793.3383,0.33186,57.68874,10.904260551558982,4.062123963818164,0.0
25.98208,32.05776,46.55949,2787.1751,0.41515,57.70958,10.814594502918842,4.028721001443981,0.0
26.00199,32.09282,46.59269,2781.04353,0.49556,57.73039,10.716896873813806,3.9923260640230263,0.0
26.02185,32.12783,46.63156,2774.94867,0.57283,57.75118,10.611805289235612,3.953176683641642,0.0
26.04165,32.16277,46.67583,2768.8953,0.64673,57.77196,10.499978326724396,3.9115181977617475,0.0
26.06139,32.19765,46.72523,2762.88787,0.71704,57.79271,10.382088397978817,3.8676010974333117,0.0
26.08108,32.23246,46.77946,2756.93052,0.78358,57.81344,10.258814922271954,3.82167848421215,0.0
26.10072,32.26722,46.83824,2751.02704,0.84617,57.83415,10.13083789033288,3.774003672536478,0.0
26.1203,32.30191,46.90124,2745.1809,0.90465,57.85484,9.998831899772306,3.7248279677660157,0.0
26.13984,32.33654,46.96816,2739.39522,0.95891,57.87552,9.863460725001731,3.674398643334004,0.0
26.15931,32.37111,47.03866,2733.67277,1.00881,57.89618,9.725372466713942,3.622957133801058,0.0
26.17874,32.40563,47.11243,2728.01603,1.05428,57.91682,9.585195308802131,3.5707374541959074,0.0
26.19811,32.44008,47.18914,2722.42712,1.09524,57.93744,9.443533894634093,3.5179648500821803,0.0
26.21744,32.47448,47.26844,2716.90786,1.13164,57.95805,9.300966320250144,3.4648546774455156,0.0
26.23671,32.50882,47.35,2711.45976,1.16343,57.97865,9.158041729553501,3.4116115068387076,0.0
26.25593,32.5431,47.43349,2706.08404,1.19059,57.99923,9.015278485969919,3.358428442276814,0.0
26.2751,32.57733,47.51857,2700.78165,1.21313,58.0198,8.873162886573482,3.3054866422151754,0.0
26.29423,32.6115,47.60492,2695.55327,1.23106,58.04036,8.732148378145588,3.2529550275107657,0.0
26.3133,32.64563,47.6922,2690.39934,1.24439,58.0609,8.592655229984752,3.2009901595352335,0.0
26.33233,32.67969,47.78009,2685.32004,1.25318,58.08144,8.455070615398238,3.1497362705326766,0.0
26.35132,32.71371,47.86828,2680.31537,1.25746,58.10196,8.31974905246248,3.099325427814498,0.0
26.37025,32.74768,47.95645,2675.38508,1.25731,58.12248,8.187013154604024,3.0498778133705584,0.0
26.38914,32.7816,48.04429,2670.52878,1.25279,58.14299,8.057154642720954,3.0015021009110305,0.0
26.40799,32.81547,48.13151,2665.74588,1.244,58.16349,7.93043557252978,2.954295913085417,0.0
26.42679,32.84929,48.21782,2661.03561,1.23101,58.18399,7.8070897335840925,2.908346342653803,0.0
26.44554,32.88307,48.30292,2656.3971,1.21394,58.20448,7.6873241796449925,2.86373052259011,0.0
26.46425,32.9168,48.38656,2651.8293,1.19289,58.22497,7.571320853621326,2.8205162314150907,0.0
26.48292,32.95048,48.46846,2647.33106,1.16797,58.24545,7.459238274071863,2.77876252146276,0.0
26.50155,32.98412,48.54836,2642.90111,1.13931,58.26593,7.351213254080255,2.7385203592065492,0.0
26.52014,33.01772,48.62603,2638.5381,1.10701,58.2864,7.247362627031191,2.6998332681563237,0.0
26.53868,33.05128,48.70121,2634.24055,1.07123,58.30688,7.147784957506904,2.6627379662123554,0.0
26.55719,33.08479,48.7737,2630.00693,1.03207,58.32735,7.052562218908026,2.627264990623232,0.0
26.57565,33.11827,48.84326,2625.83561,0.98969,58.34782,6.961761422603522,2.593439304887067,0.0
26.59408,33.1517,48.90969,2621.72491,0.94422,58.3683,6.875436186362808,2.561280883033736,0.0
26.61246,33.18509,48.97281,2617.67308,0.8958,58.38877,6.793628232398058,2.5308052676850523,0.0
26.63081,33.21845,49.03241,2613.67831,0.84457,58.40924,6.716368807745127,2.5020240991840295,0.0
26.64911,33.25177,49.08833,2609.73875,0.79068,58.42972,6.643680021686444,2.4749456138201027,0.0
26.66738,33.28505,49.14039,2605.8525,0.73427,58.4502,6.575576096718657,2.449575109847491,0.0
26.68562,33.3183,49.18846,2602.01761,0.67548,58.47068,6.512064531024205,2.425915380536441,0.0
26.70381,33.3515,49.23237,2598.23208,0.61448,58.49116,6.453147171670838,2.403967113968289,0.0
26.72197,33.38468,49.27201,2594.49391,0.55139,58.51165,6.398821198718753,2.3837292596412625,0.0
26.74009,33.41782,49.30724,2590.80104,0.48638,58.53214,6.349080021251232,2.3651993622654635,0.0
26.75818,33.45092,49.33795,2587.15136,0.41959,58.55264,6.30391408690742,2.3483738633351394,0.0
26.77623,33.48399,49.36405,2583.54277,0.35118,58.57314,6.2633116069569805,2.333248371238058,0.0
26.79424,33.51703,49.38543,2579.9731,0.28128,58.59364,6.227259199219759,2.3198179007600044,0.0
26.81222,33.55003,49.40202,2576.44018,0.21005,58.61415,6.1957424513262715,2.3080770829141355,0.0
26.83016,33.58301,49.41374,2572.94179,0.13764,58.63466,6.1687464068195474,2.298020346026701,0.0
26.84807,33.61595,49.42054,2569.47568,0.0642,58.65519,6.146255976627247,2.2896420690212356,0.0
26.86595,33.64886,49.42236,2566.0396,-0.01012,58.67571,6.128256278261986,2.282936707779609,0.0
26.88379,33.68173,49.41917,2562.63123,-0.08517,58.69624,6.114732904967956,2.2778988954062163,0.0
26.90159,33.71458,49.41093,2559.24824,-0.1608,58.71678,6.105672126827983,2.274523517145656,0.0
26.91937,33.74739,49.39762,2555.88828,-0.23686,58.73733,6.101061025559301,2.2728057605976955,0.0
26.9371,33.78018,49.37923,2552.54895,-0.31321,58.75788,6.100887564503532,2.272741141790386,0.0
26.95481,33.81293,49.35576,2549.22782,-0.38969,58.77844,6.1051405949880495,2.274325507549836,0.0
26.97248,33.84565,49.32722,2545.92245,-0.46614,58.799,6.113809800001565,2.2775550145178824,0.0
26.99012,33.87834,49.29363,2542.63034,-0.54244,58.81957,6.126885575810703,2.2824260850511537,0.0
27.00772,33.91101,49.25502,2539.34897,-0.61841,58.84015,6.1443588519378896,2.2889353401580954,0.0
27.02529,33.94364,49.21142,2536.07578,-0.69391,58.86073,6.166220849641369,2.2970795095264207,0.0
27.04283,33.97624,49.16289,2532.8082,-0.7688,58.88132,6.192462778901852,2.306855318642664,0.0
27.06033,34.00881,49.10949,2529.5436,-0.84291,58.90191,6.223075473747738,2.318259352941235,0.0
27.07781,34.04135,49.05128,2526.27932,-0.91611,58.92251,6.258048965666886,2.3312878988890713,0.0
27.09524,34.07386,48.98834,2523.01269,-0.98823,58.94312,6.297371994863898,2.3459367619161267,0.0
27.11265,34.10634,48.92077,2519.74098,-1.05913,58.96373,6.341031459137679,2.362201061107751,0.0
27.13002,34.13879,48.84865,2516.46145,-1.12867,58.98435,6.389011800339661,2.380075000644246,0.0
27.14736,34.17121,48.7721,2513.17133,-1.19667,59.00497,6.441294328594173,2.399551618055161,0.0
27.16467,34.2036,48.69123,2509.86781,-1.26301,59.0256,6.497856484835492,2.420622509494952,0.0
27.18194,34.23596,48.60618,2506.54806,-1.32752,59.04623,6.558671042675721,2.443277532417756,0.0
27.19918,34.26829,48.51707,2503.20925,-1.39007,59.06686,6.623705251238986,2.467504486260584,0.0
27.21638,34.30058,48.42405,2499.8485,-1.45049,59.0875,6.692919921334391,2.4932887720186963,0.0
27.23355,34.33284,48.32728,2496.46294,-1.50864,59.10814,6.7662684582297485,2.5206130319283737,0.0
27.25069,34.36507,48.22693,2493.04968,-1.56439,59.12879,6.843695845352207,2.549456770868653,0.0
27.26779,34.39727,48.12316,2489.60584,-1.61757,59.14944,6.925137584420531,2.579795961532725,0.0
27.28486,34.42943,48.01616,2486.12852,-1.66806,59.17008,7.010518598890252,2.6116026359323916,0.0
27.3019,34.46157,47.90612,2482.61485,-1.71571,59.19073,7.099752109101382,2.6448444663609956,0.0
27.3189,34.49366,47.79324,2479.06197,-1.76038,59.21138,7.192738489147594,2.679484339547116,0.0
27.33586,34.52572,47.67772,2475.46703,-1.80194,59.23203,7.289364117292172,2.715479928404259,0.0
27.35279,34.55775,47.55979,2471.82725,-1.84025,59.25268,7.389500233596537,2.752783266467424,0.0
27.36969,34.58974,47.43967,2468.13985,-1.8752,59.27333,7.493001820401825,2.7913403308430422,0.0
27.38654,34.6217,47.31758,2464.40214,-1.90665,59.29398,7.599706523253856,2.831090640225126,0.0
27.40337,34.65361,47.19377,2460.61148,-1.9345,59.31462,7.709433631802223,2.871966875253376,0.0
27.42015,34.68549,47.06847,2456.76531,-1.95863,59.33526,7.821983142123068,2.9138945292037346,0.0
27.43691,34.71734,46.94195,2452.86116,-1.97894,59.3559,7.937134923564144,2.9567915976162515,0.0
27.45362,34.74914,46.81445,2448.89665,-1.99533,59.37653,8.054648014756024,3.0005683160407433,0.0
27.4703,34.7809,46.68624,2444.86955,-2.00771,59.39716,8.17426007458088,3.0451269555082066,0.0
27.48693,34.81262,46.55758,2440.77773,-2.01601,59.41778,8.295687014679025,3.0903616856298446,0.0
27.50353,34.8443,46.42874,2436.61921,-2.02015,59.43839,8.418622840332546,3.1361585153220273,0.0
27.5201,34.87594,46.29999,2432.39219,-2.02008,59.45899,8.542739726251368,3.182395321038601,0.0
27.53662,34.90754,46.17161,2428.09503,-2.01575,59.47959,8.667688352771856,3.228941972013708,0.0
27.55311,34.93909,46.04386,2423.72629,-2.00712,59.50017,8.793098526213695,3.2756605613610486,0.0
27.56955,34.97059,45.91703,2419.28471,-1.99418,59.52075,8.91858010451929,3.322405750898912,0.0
27.58596,35.00205,45.7914,2414.76929,-1.9769,59.54131,9.04372424581413,3.369025236271768,0.0
27.60232,35.03346,45.66722,2410.17922,-1.9553,59.56186,9.16810499309912,3.4153603372898504,0.0
27.61865,35.06483,45.54478,2405.51397,-1.9294,59.58239,9.291281203026394,3.461246716448897,0.0
27.63493,35.09614,45.42434,2400.77325,-1.89924,59.60291,9.412798820503168,3.5065152262799395,0.0
27.65117,35.12741,45.30617,2395.95704,-1.86486,59.62342,9.532193493968917,3.550992883608856,0.0
27.66737,35.15862,45.19052,2391.0656,-1.82634,59.64391,9.648993518579225,3.5945039659698015,0.0
27.68352,35.18979,45.07764,2386.09946,-1.78375,59.66438,9.76272308649812,3.6368712224246162,0.0
27.69964,35.2209,44.96778,2381.05947,-1.73722,59.68484,9.872905815149053,3.6779171879291592,0.0
27.71571,35.25195,44.86117,2375.94675,-1.68685,59.70527,9.979068515888665,3.717465587263433,0.0
27.73173,35.28295,44.75803,2370.76271,-1.63278,59.72569,10.08074515750837,3.755342811540223,0.0
27.74772,35.3139,44.65858,2365.50908,-1.57518,59.74608,10.177480971340398,3.7913794474651006,0.0
27.76365,35.34479,44.56302,2360.18785,-1.5142,59.76646,10.268836638059257,3.8254118370301327,0.0
27.77954,35.37562,44.47154,2354.80134,-1.45004,59.78681,10.354392490651161,3.8572836432305797,0.0
27.79539,35.40639,44.38431,2349.35209,-1.38291,59.80713,10.433752663908496,3.8868473958607654,0.0
27.81119,35.4371,44.30149,2343.84296,-1.31302,59.82744,10.506549118245927,3.913965990491448,0.0
27.82695,35.46776,44.22323,2338.27703,-1.24061,59.84771,10.572445465064439,3.9385141135185777,0.0
27.84265,35.49835,44.14966,2332.65764,-1.16592,59.86797,10.631140522154734,3.9603795666446104,0.0
27.85831,35.52888,44.08087,2326.98833,-1.08921,59.88819,10.68237153102713,3.9794644654185487,0.0
27.87393,35.55934,44.01698,2321.27286,-1.01075,59.90839,10.725916973477592,3.995686288480892,0.0
27.88949,35.58974,43.95805,2315.51518,-0.93082,59.92857,10.76159893186835,4.008978756830278,0.0
27.90501,35.62008,43.90415,2309.71936,-0.84971,59.94871,10.78928494668024,4.0192925258106,0.0
27.92048,35.65035,43.85531,2303.88965,-0.7677,59.96883,10.808889335239403,4.026595676371395,0.0
27.93591,35.68056,43.81155,2298.03038,-0.68509,59.98892,10.820373947053886,4.030873996450612,0.0
27.95128,35.7107,43.77287,2292.14597,-0.60219,60.00898,10.823748343410108,4.032131047879018,0.0
27.96661,35.74078,43.73927,2286.2409,-0.51929,60.02901,10.819069401466013,4.030388018894469,0.0
27.98188,35.77079,43.7107,2280.31969,-0.43669,60.04901,10.806440355452274,4.025683366964153,0.0
27.99711,35.80073,43.68711,2274.38685,-0.35469,60.06899,10.786009299560986,4.0180722610712145,0.0
28.01229,35.8306,43.66843,2268.44687,-0.27358,60.08893,10.757967188046893,4.007625836699855,0.0
28.02742,35.86041,43.65458,2262.50422,-0.19366,60.10884,10.72254537786611,3.994430280403595,0.0
28.0425,35.89015,43.64545,2256.56327,-0.11519,60.12872,10.68001276735598,3.978585763888237,0.0
28.05754,35.91982,43.64093,2250.62832,-0.03846,60.14858,10.630672591023187,3.9602052499861005,0.0
28.07252,35.94942,43.64088,2244.70355,0.03628,60.1684,10.57485893504087,3.9394131945870154,0.0
28.08746,35.97895,43.64514,2238.79302,0.10878,60.1882,10.51293304089614,3.9163441696497663,0.0
28.10235,36.00842,43.65357,2232.90064,0.17879,60.20796,10.445279465342352,3.8911414326832756,0.0
28.11719,36.03782,43.66599,2227.03015,0.2461,60.2277,10.372302163938238,3.8639554677618815,0.0
28.13198,36.06715,43.6822,2221.18513,0.31049,60.24741,10.294420562825465,3.834942522159119,0.0
28.14672,36.09641,43.70203,2215.36896,0.37177,60.26709,10.212065679356673,3.8042631611795974,0.0
28.16142,36.12561,43.72526,2209.58483,0.42975,60.28674,10.125676346970213,3.7720808618255046,0.0
28.17607,36.15474,43.75168,2203.83574,0.48427,60.30636,10.035695593556182,3.7385606636426685,0.0
28.19067,36.1838,43.78107,2198.12445,0.53519,60.32596,9.942567215721759,3.7038678925442516,0.0
28.20523,36.2128,43.8132,2192.45354,0.58237,60.34553,9.846732584126515,3.6681669707141094,0.0
28.21974,36.24173,43.84784,2186.82536,0.62569,60.36508,9.748627707705952,3.6316203229527964,0.0
28.2342,36.2706,43.88476,2181.24205,0.66506,60.3846,9.648680577269003,3.594387387097762,0.0
28.24862,36.2994,43.92371,2175.70554,0.70039,60.40409,9.547308801947207,3.5566237335384576,0.0
28.26299,36.32814,43.96447,2170.21754,0.73162,60.42356,9.444917545369737,3.5184802963872497,0.0
28.27732,36.35681,44.00677,2164.77956,0.75869,60.44301,9.34189776240149,3.480102716617951,0.0
28.2916,36.38543,44.05038,2159.3929,0.78156,60.46243,9.238624731954493,3.4416307954994774,0.0
28.30584,36.41398,44.09505,2154.05868,0.80021,60.48184,9.135456876669299,3.403198054896099,0.0
28.32003,36.44247,44.14055,2148.7778,0.81464,60.50122,9.032734856436933,3.364931399580526,0.0
28.33419,36.4709,44.18662,2143.55101,0.82485,60.52058,8.93078091953855,3.3269508755163506,0.0
28.3483,36.49926,44.23304,2138.37885,0.83085,60.53992,8.82989849274178,3.289369517158153,0.0
28.36236,36.52757,44.27957,2133.2617,0.83268,60.55923,8.730371990022308,3.252293276195259,0.0
28.37639,36.55582,44.32597,2128.1998,0.83038,60.57854,8.632466818383014,3.2158210237195197,0.0
28.39037,36.58402,44.37202,2123.19319,0.824,60.59782,8.536429558764492,3.1800446176192407,0.0
28.40431,36.61215,44.4175,2118.2418,0.8136,60.61708,8.442488299978496,3.1450490269781795,0.0
28.41821,36.64023,44.46218,2113.34542,0.79926,60.63633,8.350853103943649,3.1109125053880824,0.0
28.43207,36.66826,44.50587,2108.50367,0.78105,60.65556,8.261716581245382,3.077706805359915,0.0
28.44589,36.69623,44.54834,2103.7161,0.75908,60.67478,8.175254557028179,3.0454974263862336,0.0
28.45968,36.72414,44.58941,2098.98209,0.73343,60.69398,8.09162680844057,3.0143438896588557,0.0
28.47342,36.752,44.62888,2094.30095,0.70421,60.71317,8.010977856187758,2.984300032943039,0.0
28.48712,36.77981,44.66657,2089.67186,0.67153,60.73234,7.93343779420441,2.955414319652424,0.0
28.50079,36.80757,44.7023,2085.09391,0.63552,60.7515,7.859123142979143,2.927730156734857,0.0
28.51442,36.83527,44.7359,2080.56611,0.59628,60.77064,7.788137713507347,2.901286216517556,0.0
28.52801,36.86292,44.7672,2076.08736,0.55395,60.78978,7.720573470401917,2.876116758238556,0.0
28.54156,36.89052,44.79606,2071.6565,0.50867,60.8089,7.656511384057379,2.8522519455002793,0.0
28.55507,36.91808,44.82233,2067.27229,0.46057,60.82801,7.596022263135717,2.829718156392402,0.0
28.56855,36.94558,44.84587,2062.9334,0.40978,60.84711,7.539167559927776,2.808538283510171,0.0
28.582,36.97303,44.86655,2058.63845,0.35647,60.86621,7.4860001422788995,2.7887320215170126,0.0
28.5954,37.00044,44.88425,2054.38599,0.30076,60.88529,7.436565026858352,2.77031614030669,0.0
28.60878,37.0278,44.89887,2050.17451,0.24281,60.90436,7.390900069508109,2.753304742176384,0.0
28.62211,37.05511,44.91029,2046.00245,0.18278,60.92342,7.349036609235791,2.7377095017310134,0.0
28.63542,37.08237,44.91842,2041.86817,0.12081,60.94248,7.311000063207847,2.7235398875338466,0.0
28.64868,37.10959,44.92318,2037.77002,0.05707,60.96152,7.276810470718675,2.71080336474931,0.0
28.66191,37.13676,44.92448,2033.70625,-0.00829,60.98056,7.246482984700674,2.6995055782434236,0.0
28.67511,37.16389,44.92227,2029.67511,-0.07511,60.99959,7.220028309797841,2.6896505157777293,0.0
28.68828,37.19097,44.91648,2025.67478,-0.14322,61.01862,7.197453086449294,2.6812406510905205,0.0
28.70141,37.218,44.90707,2021.70338,-0.21247,61.03763,7.178760220753526,2.6742770667799496,0.0
28.7145,37.245,44.89398,2017.75903,-0.2827,61.05664,7.163949160176361,2.668759557012498,0.0
28.72757,37.27194,44.87719,2013.83979,-0.35373,61.07564,7.153016115398151,2.6646867101668934,0.0
28.7406,37.29885,44.85667,2009.94366,-0.4254,61.09464,7.145954228767747,2.6620559715876477,0.0
28.7536,37.3257,44.83242,2006.06863,-0.49756,61.11363,7.142753690035852,2.660863686698775,0.0
28.76656,37.35252,44.80441,2002.21265,-0.57003,61.13261,7.143401800132361,2.6611051247625275,0.0
28.77949,37.37929,44.77266,1998.37363,-0.64265,61.15158,7.147882983933587,2.662774483635526,0.0
28.79239,37.40602,44.73718,1994.54945,-0.71525,61.17055,7.1561787530446495,2.665864875904219,0.0
28.80526,37.43271,44.69797,1990.73797,-0.78767,61.18952,7.168267619775283,2.6703682968386064,0.0
28.81809,37.45935,44.65509,1986.93699,-0.85975,61.20847,7.18412496362321,2.6762755746537867,0.0
28.83089,37.48595,44.60855,1983.14432,-0.93131,61.22742,7.20372285172861,2.6835763036245184,0.0
28.84366,37.5125,44.5584,1979.35772,-1.0022,61.24637,7.227029814942692,2.692258760664874,0.0
28.8564,37.53902,44.5047,1975.57494,-1.07224,61.2653,7.25401058137119,2.702309806066179,0.0
28.86911,37.56549,44.44752,1971.7937,-1.14129,61.28423,7.284625769493294,2.7137147691757426,0.0
28.88178,37.59191,44.38691,1968.01172,-1.20916,61.30315,7.31883154324619,2.72645731990677,0.0
28.89442,37.6183,44.32295,1964.22667,-1.27572,61.32207,7.356579231781059,2.7405193270874695,0.0
28.90703,37.64464,44.25574,1960.43625,-1.34079,61.34098,7.397814917000723,2.75588070480797,0.0
28.9196,37.67093,44.18537,1956.63812,-1.40422,61.35988,7.442478992374663,2.7725192480673133,0.0
28.93215,37.69719,44.11193,1952.82995,-1.46585,61.37877,7.490505697036541,2.7904104592125147,0.0
28.94466,37.7234,44.03554,1949.00941,-1.52554,61.39766,7.541822629672638,2.809527366849221,0.0
28.95714,37.74956,43.95631,1945.17417,-1.58313,61.41653,7.596350247255501,2.8298403391068025,0.0
28.96959,37.77568,43.87436,1941.32191,-1.63847,61.4354,7.654001354331873,2.8513168933846718,0.0
28.982,37.80176,43.78983,1937.45032,-1.69142,61.45426,7.71468058915215,2.8739215049219804,0.0
28.99438,37.82779,43.70285,1933.55712,-1.74184,61.4731,7.778283913630278,2.897615416794269,0.0
29.00673,37.85378,43.61356,1929.64004,-1.78959,61.49194,7.844698114777962,2.9223564541845835,0.0
29.01905,37.87972,43.52212,1925.69686,-1.83454,61.51077,7.913800325914462,2.94809884602153,0.0
29.03133,37.90562,43.42867,1921.72539,-1.87658,61.52958,7.985457576648466,2.9747930573356856,0.0
29.04359,37.93147,43.33338,1917.72348,-1.91556,61.54839,8.059526381148066,3.0023856358793237,0.0
29.0558,37.95727,43.23642,1913.68904,-1.95138,61.56718,8.135852374872275,3.0308190767993524,0.0
29.06799,37.98303,43.13795,1909.62004,-1.98394,61.58596,8.214270010301412,3.060031709288871,0.0
29.08014,38.00874,43.03815,1905.51452,-2.01312,61.60472,8.294602322599136,3.089957609290119,0.0
29.09226,38.0344,42.9372,1901.3706,-2.03883,61.62347,8.376660776330759,3.120526542393009,0.0
29.10434,38.06001,42.83527,1897.18647,-2.06099,61.64221,8.460245204395752,3.1516639410858804,0.0
29.11639,38.08557,42.73257,1892.96043,-2.07952,61.66093,8.545143850166536,3.1832909204533077,0.0
29.12841,38.11109,42.62927,1888.69089,-2.09436,61.67964,8.63113352343572,3.2153243362705513,0.0
29.14039,38.13655,42.52557,1884.37635,-2.10543,61.69833,8.717979880130875,3.2476768892046657,0.0
29.15233,38.16196,42.42165,1880.01544,-2.1127,61.717,8.80543783485576,3.2802572784969666,0.0
29.16425,38.18732,42.31771,1875.60692,-2.11613,61.73566,8.893252114091913,3.312970408045179,0.0
29.17612,38.21263,42.21394,1871.14969,-2.11569,61.75429,8.981157956414327,3.345717647252192,0.0
29.18796,38.23788,42.11054,1866.64279,-2.11136,61.77291,9.068881964257283,3.3783971483312536,0.0
29.19977,38.26309,42.00769,1862.08541,-2.10315,61.79151,9.156143109707301,3.4109042209903033,0.0
29.21154,38.28824,41.90559,1857.47692,-2.09107,61.81008,9.242653894392467,3.4431317645212656,0.0
29.22327,38.31333,41.80443,1852.81682,-2.07514,61.82864,9.328121660954833,3.4749707563580277,0.0
29.23497,38.33837,41.70438,1848.10482,-2.05539,61.84717,9.412250050747279,3.5063107951068697,0.0
29.24663,38.36335,41.60564,1843.34078,-2.03189,61.86568,9.494740599459348,3.537040694959079,0.0
29.25825,38.38827,41.50837,1838.52476,-2.00469,61.88417,9.575294459271616,3.567049127238761,0.0
29.26984,38.41314,41.41275,1833.657,-1.97387,61.90263,9.653614233088808,3.5962253037029366,0.0
29.28139,38.43795,41.31895,1828.73791,-1.93953,61.92106,9.729405903349805,3.6244596950740218,0.0
29.2929,38.4627,41.22712,1823.76812,-1.90178,61.93948,9.802380835079063,3.651644777229182,0.0
29.30437,38.48739,41.13743,1818.74841,-1.86074,61.95786,9.87225783019655,3.6776757964848406,0.0
29.31581,38.51202,41.05001,1813.67979,-1.81653,61.97622,9.93876520780356,3.702451544557874,0.0
29.32721,38.53658,40.965,1808.56342,-1.76932,61.99455,10.001642883318073,3.725875133098243,0.0
29.33856,38.56109,40.88253,1803.40066,-1.71927,62.01285,10.060644417899336,3.74785475715357,0.0
29.34988,38.58553,40.80272,1798.19303,-1.66653,62.03112,10.115539008881013,3.76830443665786,0.0
29.36116,38.60992,40.72567,1792.94224,-1.61132,62.04937,10.166113391666478,3.787144724937544,0.0
29.3724,38.63423,40.6515,1787.65015,-1.55381,62.06758,10.212173624086791,3.804303373431763,0.0
29.3836,38.65848,40.58028,1782.31876,-1.49421,62.08576,10.253546725305172,3.8197159422274196,0.0
29.39476,38.68267,40.5121,1776.95025,-1.43275,62.10391,10.290082143274047,3.833326346725527,0.0
29.40588,38.70679,40.44701,1771.54691,-1.36965,62.12203,10.321653027103435,3.845087331631922,0.0
29.41697,38.73085,40.38508,1766.11114,-1.30514,62.14012,10.348157283849579,3.854960864638825,0.0
29.42801,38.75484,40.32634,1760.64548,-1.23946,62.15818,10.369518402772059,3.862918443482314,0.0
29.43901,38.77876,40.27083,1755.15254,-1.17286,62.1762,10.385686034084893,3.868941311542327,0.0
29.44996,38.80261,40.21857,1749.63504,-1.10557,62.19419,10.396636313610411,3.8730205787847773,0.0
29.46088,38.8264,40.16956,1744.09574,-1.03786,62.21214,10.40237192920807,3.875157246508034,0.0
29.47176,38.85012,40.12379,1738.53747,-0.96998,62.23006,10.402921929493028,3.8753621360855592,0.0
29.4826,38.87377,40.08126,1732.96312,-0.90217,62.24795,10.398341279862336,3.8736557235739815,0.0
29.49339,38.89734,40.04192,1727.37556,-0.83469,62.26581,10.388710175306047,3.870067883717151,0.0
29.50415,38.92086,40.00575,1721.77771,-0.76779,62.28362,10.374133123446043,3.8646375483539823,0.0
29.51486,38.9443,39.97269,1716.17249,-0.70172,62.30141,10.354737815030099,3.857412285647765,0.0
29.52553,38.96767,39.94267,1710.56276,-0.63672,62.31916,10.33067380228706,3.8484478077387023,0.0
29.53616,38.99097,39.91564,1704.95142,-0.57301,62.33688,10.302111008165221,3.837807415395974,0.0
29.54676,39.0142,39.89149,1699.34126,-0.51085,62.35456,10.269238091578542,3.8255613890289446,0.0
29.5573,39.03736,39.87015,1693.73506,-0.45043,62.37221,10.232260695183767,3.811786335938036,0.0
29.56781,39.06045,39.85151,1688.13553,-0.39198,62.38982,10.19139960301168,3.796564503983894,0.0
29.57828,39.08347,39.83547,1682.5453,-0.33571,62.4074,10.146888835424553,3.779983071908909,0.0
29.58871,39.10642,39.8219,1676.96691,-0.2818,62.42495,10.098973708488748,3.762133426402457,0.0
29.59909,39.1293,39.81068,1671.40282,-0.23044,62.44246,10.047908883861892,3.7431104356325533,0.0
29.60944,39.15212,39.80168,1665.85538,-0.18179,62.45994,9.993956433896175,3.7230117284459303,0.0
29.61975,39.17486,39.79478,1660.32685,-0.13603,62.47738,9.93738394478834,3.7019369877414876,0.0
29.63001,39.19753,39.78981,1654.81936,-0.09328,62.4948,9.878462678451609,3.6799872657192343,0.0
29.64024,39.22013,39.78664,1649.33493,-0.0537,62.51218,9.817465811396488,3.6572643278170376,0.0
29.65042,39.24266,39.78512,1643.87547,-0.0174,62.52953,9.754666766262417,3.633870031162275,0.0
29.66057,39.26513,39.78509,1638.44275,0.01552,62.54684,9.690337649048226,3.6099057423990466,0.0
29.67068,39.28753,39.7864,1633.03842,0.04495,62.56413,9.624747802304,3.585471798714091,0.0
29.68074,39.30985,39.78888,1627.66401,0.07082,62.58138,9.558162481988264,3.5606670149312616,0.0
29.69077,39.33212,39.79238,1622.32092,0.09306,62.59861,9.490841663083515,3.53558823857189,0.0
29.70076,39.35431,39.79674,1617.01041,0.11161,62.6158,9.423038976693643,3.5103299538956168,0.0
29.71071,39.37643,39.80178,1611.73363,0.12644,62.63297,9.355000779127382,3.4849839351094642,0.0
29.72063,39.39849,39.80735,1606.49159,0.1375,62.65011,9.286965351495052,3.4596389481965852,0.0
29.7305,39.42049,39.81329,1601.28518,0.1448,62.66721,9.219162226553758,3.4343805001483667,0.0
29.74034,39.44242,39.81944,1596.11517,0.14831,62.68429,9.151811638051806,3.409290633830753,0.0
29.75014,39.46428,39.82563,1590.98221,0.14805,62.70135,9.08512408653704,3.3844477662364203,0.0
29.75991,39.48608,39.83172,1585.88683,0.14404,62.71837,9.019300014568852,3.3599265674927024,0.0
29.76963,39.50781,39.83754,1580.82943,0.1363,62.73537,8.954529583468307,3.33579787769514,0.0
29.77932,39.52948,39.84295,1575.81032,0.12488,62.75235,8.890992543211505,3.3121286584393386,0.0
29.78898,39.55109,39.8478,1570.82969,0.10982,62.7693,8.828858186634006,3.288981975760907,0.0
29.79859,39.57263,39.85194,1565.88763,0.0912,62.78622,8.76828537899977,3.266417011150666,0.0
29.80818,39.59412,39.85523,1560.98412,0.06907,62.80312,8.709422653862639,3.2444890972655736,0.0
29.81772,39.61554,39.85754,1556.11905,0.04351,62.82,8.652408366387093,3.2232497750447453,0.0
29.82723,39.63689,39.85873,1551.29221,0.01461,62.83685,8.597370895406828,3.2027468689815812,0.0
29.83671,39.65819,39.85868,1546.50329,-0.01753,62.85368,8.544428885882994,3.1830245774458468,0.0
29.84615,39.67943,39.85727,1541.75191,-0.05281,62.87049,8.493691523854801,3.164123575110005,0.0
29.85556,39.70061,39.85438,1537.03758,-0.09112,62.88727,8.445258836351332,3.1460811246742595,0.0
29.86493,39.72173,39.8499,1532.35975,-0.13236,62.90404,8.399222009350986,3.1289311953148107,0.0
29.87427,39.74278,39.84373,1527.71779,-0.17639,62.92078,8.355663717318203,3.11270458544496,0.0
29.88358,39.76379,39.83576,1523.11097,-0.22309,62.93751,8.314658458436007,3.0974290475980473,0.0
29.89285,39.78473,39.82591,1518.53853,-0.27232,62.95421,8.27627289023018,3.083129413456292,0.0
29.90209,39.80561,39.81408,1513.99959,-0.32396,62.97089,8.240566160764038,3.0698277172295585,0.0
29.9113,39.82644,39.8002,1509.49325,-0.37785,62.98756,8.207590231198754,3.057543315817565,0.0
29.92048,39.84721,39.78419,1505.01851,-0.43384,63.0042,8.177390185997965,3.0462930043692587,0.0
29.92962,39.86792,39.76599,1500.57433,-0.4918,63.02083,8.150004527526757,3.0360911260286936,0.0
29.93873,39.88858,39.74553,1496.15962,-0.55157,63.03743,8.125465452347637,3.026949674862544,0.0
29.94781,39.90918,39.72277,1491.7732,-0.61298,63.05402,8.103799106887253,3.018878391102693,0.0
29.95685,39.92973,39.69764,1487.41386,-0.67589,63.0706,8.085025820650337,3.0118848480245526,0.0
29.96587,39.95022,39.67012,1483.08035,-0.74012,63.08715,8.069160315486627,3.005974529904506,0.0
29.97485,39.97066,39.64016,1478.77135,-0.80552,63.10369,8.056211889845274,3.0011509006595194,0.0
29.9838,39.99104,39.60774,1474.48551,-0.87191,63.12021,8.046184577289543,2.997415462898037,0.0
29.99272,40.01136,39.57284,1470.22142,-0.93914,63.13671,8.03907727887936,2.9947678072359674,0.0
30.00161,40.03164,39.53544,1465.97765,-1.00703,63.15319,8.034883869331802,2.993205651844257,0.0
30.01047,40.05185,39.49554,1461.75272,-1.07541,63.16966,8.033593277211603,2.9927248723219604,0.0
30.0193,40.07202,39.45314,1457.54511,-1.14412,63.18611,8.03518953962568,2.9933195220713964,0.0
30.0281,40.09213,39.40824,1453.35327,-1.21298,63.20255,8.039651832260999,2.994981843488038,0.0
30.03687,40.11219,39.36085,1449.17564,-1.28183,63.21897,8.046954475768914,2.9977022703388507,0.0
30.0456,40.13219,39.31099,1445.0106,-1.35049,63.23537,8.057066919873183,3.0014694218421085,0.0
30.05431,40.15214,39.25869,1440.85653,-1.41879,63.25175,8.069953706737715,3.0062700890209166,0.0
30.06299,40.17204,39.20397,1436.71178,-1.48657,63.26812,8.085574415465622,3.0120892140276445,0.0
30.07163,40.19188,39.14689,1432.57467,-1.55366,63.28447,8.103883589789522,3.0189098632066664,0.0
30.08025,40.21168,39.08746,1428.44353,-1.6199,63.30081,8.124830651325658,3.0267131947792367,0.0
30.08884,40.23141,39.02576,1424.31665,-1.68512,63.31713,8.148359800958879,3.0354784221067983,0.0
30.09739,40.2511,38.96183,1420.19234,-1.74916,63.33343,8.174409911216959,3.0451827735975856,0.0
30.10592,40.27073,38.89573,1416.06888,-1.81186,63.34971,8.202914412702984,3.0558014503997017,0.0
30.11442,40.29031,38.82754,1411.94457,-1.87307,63.36598,8.233801177933186,3.067307583127656,0.0
30.12288,40.30984,38.75731,1407.81769,-1.93264,63.38223,8.266992406081835,3.079672188926799,0.0
30.13132,40.32931,38.68513,1403.68655,-1.99042,63.39846,8.302404512445653,3.092864130295917,0.0
30.13973,40.34873,38.61108,1399.54946,-2.04627,63.41467,8.339948026553815,3.106850077130515,0.0
30.14811,40.3681,38.53524,1395.40474,-2.10004,63.43087,8.379527503076684,3.121594473533986,0.0
30.15646,40.38741,38.45771,1391.25075,-2.1516,63.44704,8.421041449782917,3.137059510979735,0.0
30.16477,40.40667,38.37857,1387.08585,-2.20083,63.4632,8.464382276973248,3.153205109473929,0.0
30.17306,40.42587,38.29794,1382.90844,-2.2476,63.47934,8.509436272808134,3.169988908364399,0.0
30.18132,40.44502,38.2159,1378.71698,-2.29179,63.49546,8.55608360904108,3.187366268476456,0.0
30.18955,40.46412,38.13257,1374.50992,-2.3333,63.51156,8.604198381570034,3.205290287219348,0.0
30.19775,40.48316,38.04806,1370.2858,-2.37203,63.52764,8.653648690171982,3.2237118282894994,0.0
30.20592,40.50215,37.96247,1366.04319,-2.40787,63.5437,8.704296761574758,3.2425795675179954,0.0
30.21406,40.52108,37.87592,1361.78071,-2.44074,63.55973,8.755999119818188,3.261840056334591,0.0
30.22217,40.53996,37.78853,1357.49706,-2.47057,63.57575,8.808606807487562,3.281437804183002,0.0
30.23025,40.55878,37.70041,1353.19099,-2.49728,63.59174,8.861965661028567,3.3013153810829583,0.0
30.23829,40.57755,37.61169,1348.86132,-2.52081,63.60771,8.915916642817848,3.321413541335231,0.0
30.24631,40.59626,37.52248,1344.50696,-2.54111,63.62366,8.97029623213717,3.341671369169785,0.0
30.2543,40.61491,37.4329,1340.12689,-2.55815,63.63959,9.024936876427441,3.362026446849787,0.0
30.26226,40.6335,37.34307,1335.72018,-2.57189,63.65549,9.07966750355705,3.3824150455050357,0.0
30.27018,40.65204,37.25313,1331.28599,-2.58231,63.67137,9.1343140949055,3.402772338620686,0.0
30.27808,40.67052,37.16317,1326.82357,-2.5894,63.68722,9.188700318225777,3.423032637795147,0.0
30.28594,40.68895,37.07333,1322.33227,-2.59316,63.70305,9.242648218246305,3.443129650007473,0.0
30.29377,40.70731,36.98373,1317.81154,-2.59362,63.71885,9.295978962019133,3.4629967552791703,0.0
30.30158,40.72562,36.89447,1313.26094,-2.59079,63.73462,9.348513634925842,3.482567303207355,0.0
30.30935,40.74386,36.80568,1308.68013,-2.58472,63.75037,9.40007408231557,3.5017749264970477,0.0
30.31709,40.76205,36.71746,1304.0689,-2.57545,63.76609,9.450483790635948,3.52055386920564,0.0
30.3248,40.78017,36.62992,1299.42713,-2.56304,63.78179,9.499568801018771,3.5388393270775933,0.0
30.33247,40.79824,36.54317,1294.75481,-2.54756,63.79745,9.547158647330326,3.556567796992864,0.0
30.34012,40.81625,36.4573,1290.05206,-2.5291,63.81309,9.593087309875488,3.5736774322467784,0.0
30.34773,40.83419,36.37242,1285.31911,-2.50776,63.8287,9.637194175251505,3.5901084001208177,0.0
30.35531,40.85207,36.28862,1280.55631,-2.48364,63.84427,9.679324992242977,3.6058032379786513,0.0
30.36286,40.86989,36.20597,1275.7641,-2.45687,63.85982,9.71933281324194,3.6207072039698893,0.0
30.37037,40.88765,36.12458,1270.94305,-2.42756,63.87533,9.757078910423152,3.6347686183294816,0.0
30.37786,40.90534,36.0445,1266.09384,-2.39586,63.89082,9.79243365583655,3.647939191235309,0.0
30.38531,40.92297,35.96582,1261.21724,-2.36192,63.90627,9.82527735469666,3.6601743332304264,0.0
30.39273,40.94053,35.88859,1256.31414,-2.32589,63.92169,9.855501021515298,3.671433444352903,0.0
30.40011,40.95804,35.81288,1251.38553,-2.28794,63.93708,9.883007089220342,3.6816801783012303,0.0
30.40747,40.97547,35.73874,1246.43247,-2.24825,63.95244,9.90771004215195,3.690882678242063,0.0
30.41479,40.99285,35.6662,1241.45614,-2.207,63.96776,9.929536964719416,3.699013781199342,0.0
30.42207,41.01015,35.59532,1236.45779,-2.16438,63.98305,9.948427998614493,3.7060511883782743,0.0
30.42933,41.02739,35.52612,1231.43874,-2.12058,63.99831,9.964336702657542,3.7119775992175055,0.0
30.43655,41.04457,35.45863,1226.4004,-2.0758,64.01353,9.977230310723131,3.716780807473184,0.0
30.44374,41.06168,35.39286,1221.34423,-2.03025,64.02872,9.987089884625352,3.720453758172763,0.0
30.45089,41.07872,35.32883,1216.27176,-1.98412,64.04387,9.993910360326112,3.722994564828812,0.0
30.45801,41.09569,35.26653,1211.18457,-1.93764,64.05899,9.997700487339554,3.7244064868655626,0.0
30.4651,41.1126,35.20597,1206.08427,-1.89101,64.07407,9.998482662749181,3.7246978677859217,0.0
30.47215,41.12944,35.14713,1200.97253,-1.84444,64.08912,9.996292662681746,3.723882035138434,0.0
30.47917,41.14621,35.09,1195.85104,-1.79814,64.10414,9.991179275493746,3.7219771638695898,0.0
30.48616,41.16292,35.03455,1190.72151,-1.75232,64.11911,9.983203842217895,3.7190061051280567,0.0
30.49311,41.17955,34.98075,1185.58566,-1.70719,64.13406,9.972439710978906,3.7149961830201943,0.0
30.50003,41.19612,34.92857,1180.44523,-1.66296,64.14897,9.958971613075658,3.709978962184251,0.0
30.50692,41.21262,34.87797,1175.30196,-1.61981,64.16384,9.94289496929826,3.7039899893752146,0.0
30.51377,41.22905,34.82889,1170.15757,-1.57796,64.17867,9.924315135704378,3.69706851249665,0.0
30.52059,41.24542,34.78128,1165.01379,-1.53758,64.19348,9.903346598514986,3.689257180678183,0.0
30.52737,41.26171,34.73509,1159.87231,-1.49886,64.20824,9.880112128158519,3.6806017291346915,0.0
30.53412,41.27794,34.69024,1154.73482,-1.46198,64.22297,9.854741902503926,3.671150652547544,0.0
30.54084,41.29409,34.64668,1149.60294,-1.4271,64.23767,9.827372609301534,3.660954870700208,0.0
30.54753,41.31018,34.60432,1144.47829,-1.39439,64.25233,9.79814653760932,3.6500673900106317,0.0
30.55418,41.3262,34.5631,1139.36244,-1.364,64.26696,9.767210667559336,3.6385429644452834,0.0
30.5608,41.34216,34.52293,1134.25691,-1.33606,64.28155,9.734715767313396,3.626437759111388,0.0
30.56738,41.35804,34.48373,1129.16316,-1.31073,64.29611,9.700815505431013,3.613809019590628,0.0
30.57394,41.37386,34.44542,1124.08262,-1.2881,64.31064,9.665665586119085,3.600714749796897,0.0
30.58046,41.38961,34.4079,1119.01664,-1.26831,64.32513,9.629422914013213,3.587213400835365,0.0
30.58694,41.40529,34.37108,1113.96652,-1.25145,64.33959,9.59224479437451,3.5733635730547473,0.0
30.5934,41.4209,34.33488,1108.9335,-1.23761,64.35401,9.5542881735851,3.559223733111893,0.0
30.59982,41.43644,34.2992,1103.91875,-1.22687,64.36841,9.515708924021862,3.5448519475684392,0.0
30.60621,41.45192,34.26394,1098.92337,-1.2193,64.38277,9.476661176499904,3.530305634208439,0.0
30.61257,41.46733,34.22901,1093.94839,-1.21495,64.39709,9.437296702561666,3.5156413319248,0.0
30.61889,41.48268,34.19432,1088.99477,-1.21389,64.41139,9.397764348142156,3.5009144897446873,0.0
30.62519,41.49795,34.15977,1084.06341,-1.21613,64.42566,9.358209519316752,3.486179275257041,0.0
30.63145,41.51316,34.12526,1079.15512,-1.2217,64.43989,9.318773720173409,3.4714884024578225,0.0
30.63768,41.52831,34.09071,1074.27065,-1.23062,64.45409,9.279594142143871,3.4568929787650795,0.0
30.64388,41.54339,34.05602,1069.41067,-1.24288,64.46827,9.240803303638701,3.442442370773515,0.0
30.65005,41.5584,34.02109,1064.57577,-1.25848,64.48241,9.202528738244366,3.428184088099701,0.0
30.65618,41.57335,33.98585,1059.76648,-1.27741,64.49653,9.164892729382368,3.4141636845356147,0.0
30.66229,41.58823,33.95019,1054.98325,-1.29962,64.51061,9.128012088934472,3.400424675580722,0.0
30.66836,41.60305,33.91403,1050.22646,-1.32508,64.52467,9.091997977079055,3.387008471326266,0.0
30.67441,41.61781,33.8773,1045.49641,-1.35375,64.5387,9.056955760368336,3.373954323585311,0.0
30.68042,41.6325,33.83991,1040.79335,-1.38556,64.5527,9.022984904909302,3.36129928609982,0.0
30.68641,41.64713,33.80178,1036.11743,-1.42044,64.56667,8.990178901469477,3.349078186640584,0.0
30.69236,41.66169,33.76283,1031.46875,-1.45832,64.58062,8.958625219228626,3.337323609778521,0.0
30.69828,41.67619,33.723,1026.84735,-1.49912,64.59454,8.928405284984034,3.326065889138086,0.0
30.70418,41.69063,33.68222,1022.25319,-1.54274,64.60843,8.89959448461471,3.315333107942732,0.0
30.71004,41.70501,33.64041,1017.68616,-1.58908,64.6223,8.872262183759295,3.305151106717973,0.0
30.71588,41.71932,33.59753,1013.14609,-1.63803,64.63614,8.846471764747003,3.2955434970491293,0.0
30.72169,41.73357,33.55351,1008.63277,-1.68949,64.64996,8.822280677012948,3.2865316803623683,0.0
30.72747,41.74777,33.5083,1004.14591,-1.74332,64.66375,8.799740498399995,3.2781348707612508,0.0
30.73322,41.7619,33.46185,999.68515,-1.7994,64.67752,8.778897004932436,3.270370121019265,0.0
