0.05119,0.05119,51.54277,5404.80468,-0.25128,45.00009,20.230361529928533,7.536341962745813,0.0
0.10228,0.10228,51.52486,5393.53683,-0.00209,45.00019,20.19696095581533,7.523899370066649,0.0
0.15326,0.15326,51.54208,5382.25268,0.24596,45.00031,20.063950805701456,7.474349589441556,0.0
0.20413,0.20414,51.594,5371.0075,0.49132,45.00045,19.83486672819396,7.389009743005169,0.0
0.2549,0.2549,51.68,5359.85441,0.73247,45.00061,19.515140983311923,7.269903490545965,0.0
0.30556,0.30556,51.79925,5348.8434,0.968,45.00079,19.111846165690746,7.1196655596567915,0.0
0.3561,0.35611,51.95073,5338.02048,1.19661,45.00099,18.633382044853793,6.941425085496342,0.0
0.40654,0.40655,52.13326,5327.42698,1.41713,45.0012,18.089128071506185,6.73867616024047,0.0
0.45688,0.45689,52.34553,5317.09907,1.62855,45.00144,17.48908446969875,6.515144130469845,0.0
0.50711,0.50713,52.5861,5307.06748,1.83001,45.0017,16.843523098927474,6.274655534115607,0.0
0.55724,0.55727,52.85344,5297.35741,2.02082,45.00199,16.16266590071383,6.021018313349975,0.0
0.60728,0.60731,53.14595,5287.98857,2.20045,45.0023,15.45640434571432,5.7579173012527525,0.0
0.65721,0.65725,53.46199,5278.97542,2.36852,45.00263,14.734068495306932,5.488828191175929,0.0
0.70706,0.7071,53.79988,5270.32745,2.5248,45.003,14.004249638723309,5.216951464408715,0.0
0.75682,0.75687,54.15793,5262.04966,2.66919,45.00339,13.274676383381927,4.945166230566394,0.0
0.80649,0.80655,54.53447,5254.14299,2.80173,45.00381,12.55214082444319,4.676002723806994,0.0
0.85608,0.85615,54.92785,5246.60481,2.92253,45.00427,11.842469108515349,4.411631337037234,0.0
0.90559,0.90568,55.33644,5239.4295,3.03183,45.00477,11.150529318269962,4.1538655591392315,0.0
0.95502,0.95513,55.75868,5232.60887,3.12992,45.0053,10.48026903112702,3.904175966568948,0.0
1.00439,1.00452,56.19305,5226.13271,3.21715,45.00586,9.834774986351984,3.663712450919764,0.0
1.05369,1.05383,56.63808,5219.9892,3.29392,45.00647,9.216347852252875,3.4333320716706432,0.0
1.10292,1.10309,57.09239,5214.16533,3.36069,45.00712,8.626585947023335,3.2136302444030007,0.0
1.1521,1.15228,57.55464,5208.64725,3.41791,45.00781,8.066472784483597,3.004973353892681,0.0
1.20122,1.20143,58.02358,5203.42061,3.46606,45.00854,7.536464371704871,2.8075312747719754,0.0
1.25028,1.25051,58.49801,5198.47078,3.50563,45.00932,7.036573194384354,2.6213086582916105,0.0
1.29929,1.29955,58.97682,5193.78313,3.5371,45.01014,6.566446732872896,2.446174181606926,0.0
1.34827,1.34853,59.45834,5189.34424,3.55187,44.96822,6.125972103397417,2.2820857925422993,-23.999999590604137
1.39724,1.39742,59.941,5185.14052,3.56009,44.92918,5.71463388424656,2.1288514829486886,-23.999999590604137
1.4462,1.44625,60.42398,5181.15765,3.5622,44.89285,5.331127445692073,1.9859852439254462,-23.999999590604137
1.49515,1.495,60.9065,5177.38195,3.55861,44.85904,4.974076472786994,1.852974361941802,-23.999999590604137
1.54408,1.54369,61.38782,5173.80042,3.54969,44.82759,4.6420611536314,1.7292899197075378,-23.999999590604137
1.59301,1.59232,61.86728,5170.40075,3.53583,44.79834,4.333646690180307,1.6143974171990851,-23.999999590604137
1.64193,1.64089,62.34424,5167.17138,3.51735,44.77113,4.047406159994986,1.5077652882634307,-23.999999590604137
1.69084,1.6894,62.81812,5164.1014,3.4946,44.74583,3.7819384671950282,1.4088715878200702,-23.999999590604137
1.73974,1.73787,63.28839,5161.18064,3.46788,44.72231,3.535882085554129,1.3172091115257945,-23.999999590604137
1.78862,1.78629,63.75455,5158.39957,3.43747,44.70043,3.307925244614744,1.2322891903704094,-23.999999590604137
1.8375,1.83467,64.21612,5155.74933,3.40363,44.68009,3.0968131481664023,1.1536443797498401,-23.999999590604137
1.88637,1.883,64.67269,5153.22167,3.36662,44.66118,2.901352749081017,1.0808302382179151,-23.999999590604137
1.93523,1.9313,65.12386,5150.80892,3.32667,44.64359,2.7204155391236116,1.013426366764266,-23.999999590604137
1.98408,1.97956,65.56926,5148.50398,3.28399,44.62723,2.552938749754906,0.9510368561448886,-23.999999590604137
2.03292,2.02779,66.00855,5146.30026,3.23878,44.61202,2.397925301655322,0.8932902680785043,-23.999999590604137
2.08175,2.07598,66.44142,5144.19168,3.19122,44.59788,2.2544427877766906,0.8398392564065638,-23.999999590604137
2.13057,2.12414,66.86757,5142.17259,3.14149,44.58473,2.1216217274988076,0.7903599167206289,-23.999999590604137
2.17939,2.17228,67.28673,5140.2378,3.08973,44.5725,1.9986532879888546,0.7445509375088024,-23.999999590604137
2.22819,2.22038,67.69866,5138.3825,3.03611,44.56113,1.8847866329118417,0.7021326124806077,-23.999999590604137
2.27699,2.26846,68.10312,5136.60223,2.98075,44.55057,1.7793260278338339,0.6628457622535291,-23.999999590604137
2.32577,2.31652,68.49991,5134.89291,2.92378,44.54075,1.6816278055280447,0.6264506038496848,-23.999999590604137
2.37455,2.36456,68.88882,5133.25076,2.86532,44.53163,1.5910972724530286,0.5927255982775573,-23.999999590604137
2.42332,2.41257,69.26966,5131.67227,2.80546,44.52316,1.5071856193938298,0.5614662996645363,-23.999999590604137
2.47208,2.46057,69.64227,5130.15422,2.74432,44.5153,1.429386884181556,0.5324842237900436,-23.999999590604137
2.52084,2.50854,70.00649,5128.69365,2.68198,44.50801,1.3572350020623178,0.5056057492703534,-23.999999590604137
2.56958,2.5565,70.36217,5127.2878,2.61852,44.50125,1.290300969283097,0.4806710609196985,-23.999999590604137
2.61832,2.60444,70.70918,5125.93413,2.55403,44.495,1.2281901374172493,0.45753314181532884,-23.999999590604137
2.66705,2.65236,71.04739,5124.6303,2.48857,44.4892,1.170539649557547,0.43605681821196224,-23.999999590604137
2.71577,2.70027,71.37668,5123.37414,2.42221,44.48385,1.1170160244744687,0.4161178595771828,-23.999999590604137
2.76449,2.74817,71.69694,5122.16365,2.35502,44.47891,1.0673128909369882,0.3976021345663211,-23.999999590604137
2.8132,2.79605,72.00808,5120.99696,2.28706,44.47436,1.021148871407245,0.3804048226430355,-23.999999590604137
2.8619,2.84392,72.30999,5119.87235,2.21837,44.47017,0.9782656120953273,0.3644296802228863,-23.999999590604137
2.91059,2.89178,72.60259,5118.78824,2.14901,44.46632,0.9384259547334455,0.34958835961111234,-23.999999590604137
2.95928,2.93963,72.8858,5117.74314,2.07902,44.4628,0.9014122442862778,0.33579977858020776,-23.999999590604137
3.00796,2.98747,73.15955,5116.73567,2.00844,44.45958,0.8670247660596334,0.3229895381517767,-23.999999590604137
3.05663,3.03529,73.42375,5115.76457,1.93732,44.45665,0.8350803052159876,0.3110893859781686,-23.999999590604137
3.1053,3.08311,73.67836,5114.82863,1.86569,44.45399,0.8054108214859965,0.30003672263764714,-23.999999590604137
3.15396,3.13092,73.9233,5113.92676,1.79359,44.45158,0.7778622318247392,0.28977414814181046,-23.999999590604137
3.20261,3.17872,74.15852,5113.05792,1.72105,44.44942,0.7522932938616512,0.280249045991313,-23.999999590604137
3.25126,3.22652,74.38397,5112.22114,1.6481,44.44749,0.7285745831873695,0.27141320218830567,-23.999999590604137
3.2999,3.27431,74.5996,5111.41552,1.57477,44.44578,0.7065875577913041,0.26322245671481587,-23.999999590604137
3.34853,3.32209,74.80537,5110.64021,1.50108,44.44427,0.6862237032825721,0.25563638510505404,-23.999999590604137
3.39716,3.36987,75.00122,5109.89441,1.42707,44.44296,0.6673837528765992,0.24861800786990015,-23.999999590604137
3.44578,3.41764,75.18713,5109.17738,1.35275,44.44184,0.6499769764981672,0.24213352566908342,-23.999999590604137
3.4944,3.4654,75.36306,5108.48841,1.27814,44.44089,0.6339205337288251,0.23615207826706816,-23.999999590604137
3.54301,3.51316,75.52897,5107.82684,1.20327,44.44011,0.6191388857019359,0.23064552544848507,-23.999999590604137
3.59162,3.56092,75.68483,5107.19202,1.12816,44.43949,0.605563261418429,0.22558824820670625,-23.999999590604137
3.64022,3.60868,75.83062,5106.58337,1.05283,44.43902,0.5931311743168393,0.22095696865346573,-23.999999590604137
3.68881,3.65643,75.96632,5106.0003,0.97729,44.43869,0.5817859852783895,0.21673058722675406,-23.999999590604137
3.7374,3.70417,76.09188,5105.44228,0.90156,44.4385,0.571476508578566,0.21289003589741243,-23.999999590604137
3.78599,3.75192,76.20731,5104.90879,0.82566,44.43844,0.562156657615124,0.20941814619349305,-23.999999590604137
3.83457,3.79966,76.31256,5104.39931,0.74961,44.4385,0.5537851275413888,0.20629953097281375,-23.999999590604137
3.88315,3.8474,76.40764,5103.91337,0.67341,44.43868,0.5463251122178838,0.20352047897999176,-23.999999590604137
3.93172,3.89514,76.49252,5103.45051,0.59709,44.43897,0.5397440531648798,0.20106886132466273,-23.999999590604137
3.98028,3.94288,76.56718,5103.01025,0.52065,44.43936,0.5340134184520389,0.19893404911205545,-23.999999590604137
4.02885,3.99062,76.63162,5102.59217,0.44411,44.43986,0.5291085097011251,0.19710684154642374,-23.999999590604137
4.07741,4.03836,76.68583,5102.19583,0.36749,44.44044,0.5250082956043299,0.19557940391224182,-23.999999590604137
4.12596,4.0861,76.72979,5101.8208,0.29079,44.44112,0.5216952705789628,0.19434521491935783,-23.999999590604137
4.17451,4.13383,76.76351,5101.46667,0.21404,44.44187,0.519155337382242,0.1933990229739148,-23.999999590604137
4.22306,4.18157,76.78696,5101.13302,0.13723,44.44271,0.5173777127068819,0.19273681101022308,-23.999999590604137
4.2716,4.22931,76.80016,5100.81943,0.06039,44.44362,0.516354854966828,0.1923557695890461,-23.999999590604137
4.32014,4.27705,76.80309,5100.5255,-0.01647,44.44459,0.5160824136668619,0.19225427803644674,-23.999999590604137
4.36867,4.32479,76.79576,5100.2508,-0.09334,44.44563,0.5165591999221469,0.1924318934615418,-23.999999590604137
4.4172,4.37253,76.77817,5099.99492,-0.17022,44.44672,0.5177871778743837,0.1928893475587944,-23.999999590604137
4.46573,4.42028,76.75031,5099.75744,-0.24708,44.44787,0.5197714769145905,0.1936285511613214,-23.999999590604137
4.51426,4.46802,76.71219,5099.53793,-0.32391,44.44906,0.5225204247993426,0.19465260657756348,-23.999999590604137
4.56278,4.51577,76.66382,5099.33595,-0.40071,44.45029,0.5260456019133375,0.19596582780551874,-23.999999590604137
4.6113,4.56352,76.60521,5099.15105,-0.47746,44.45156,0.5303619171046589,0.19757376878337365,-23.999999590604137
4.65981,4.61128,76.53635,5098.98277,-0.55414,44.45286,0.5354877056933259,0.19948325990026683,-23.999999590604137
4.70833,4.65903,76.45727,5098.83064,-0.63075,44.45418,0.5414448504315156,0.20170245305715387,-23.999999590604137
4.75684,4.70679,76.36796,5098.69417,-0.70727,44.45553,0.5482589263775024,0.2042408756361625,-23.999999590604137
4.80535,4.75456,76.26846,5098.57284,-0.78368,44.45688,0.5559593708363564,0.20710949380797328,-23.999999590604137
4.85385,4.80232,76.15876,5098.46613,-0.85998,44.45825,0.5645796797138722,0.21032078567882506,-23.999999590604137
4.90236,4.85009,76.0389,5098.37347,-0.93614,44.45961,0.574157631840479,0.2138888248570736,-23.999999590604137
4.95086,4.89787,75.90888,5098.2943,-1.01216,44.46097,0.5847355430310452,0.21782937509715358,-23.999999590604137
4.99936,4.94564,75.76873,5098.22801,-1.08801,44.46231,0.5963605518740076,0.22215999676354833,-23.999999590604137
5.04786,4.99342,75.61847,5098.17394,-1.16368,44.46364,0.6090849394769768,0.22690016594444176,-23.999999590604137
5.09636,5.04121,75.45813,5098.13143,-1.23915,44.46493,0.6229664856394833,0.23207140713543692,-23.999999590604137
5.14485,5.089,75.28773,5098.09976,-1.31441,44.46619,0.6380688641820143,0.2376974405100244,-23.999999590604137
5.19334,5.13679,75.10731,5098.07817,-1.38942,44.4674,0.6544620804224096,0.2438043448910503,-23.999999590604137
5.24184,5.18459,74.91689,5098.06587,-1.46418,44.46856,0.6722229540675096,0.2504207376405607,-23.999999590604137
5.29033,5.23239,74.71652,5098.062,-1.53867,44.46966,0.6914356510685359,0.25757797278992517,-23.999999590604137
5.33882,5.2802,74.50623,5098.06566,-1.61285,44.47068,0.7121922682739084,0.265310358838394,-23.999999590604137
5.38731,5.32801,74.28607,5098.07587,-1.6867,44.47162,0.7345934749992025,0.27365539775478814,-23.999999590604137
5.4358,5.37583,74.05607,5098.09161,-1.7602,44.47245,0.7587492159164503,0.2826540468222581,-23.999999590604137
5.48428,5.42365,73.8163,5098.11178,-1.83332,44.47318,0.7847794799323086,0.2923510050656316,-23.999999590604137
5.53277,5.47147,73.5668,5098.13519,-1.90603,44.47379,0.8128151399755983,0.30279502609436826,-23.999999590604137
5.58126,5.5193,73.30762,5098.16059,-1.97829,44.47426,0.8429988688284115,0.31403925927374443,-23.999999590604137
5.62975,5.56714,73.03884,5098.18661,-2.05008,44.47457,0.8754861363040269,0.3261416211998634,-23.999999590604137
5.67823,5.61498,72.76051,5098.2118,-2.12136,44.47472,0.9104462931762686,0.3391651994918616,-23.999999590604137
5.72672,5.66282,72.47271,5098.23461,-2.19208,44.47468,0.9480637472755471,0.3531786909186288,-23.999999590604137
5.77521,5.71067,72.17552,5098.25334,-2.26221,44.47443,0.9885392370540153,0.36825687583533895,-23.999999590604137
5.82369,5.75852,71.86902,5098.2662,-2.3317,44.47396,1.0320912076623128,0.38448113080824264,-23.999999590604137
5.87218,5.80637,71.55329,5098.27123,-2.40051,44.47324,1.0789572941067436,0.40193998112974183,-23.999999590604137
5.92067,5.85423,71.22843,5098.26635,-2.46857,44.47225,1.1293959153337314,0.4207296946567908,-23.999999590604137
5.96916,5.90209,70.89456,5098.24927,-2.53584,44.47096,1.1836879820434119,0.44095491801639547,-23.999999590604137
6.01765,5.94995,70.55177,5098.21757,-2.60225,44.46934,1.2421387195885625,0.4627293556834281,-23.999999590604137
6.06614,5.99782,70.20019,5098.16861,-2.66774,44.46737,1.3050796053634985,0.4861764917089659,-23.999999590604137
6.11464,6.04569,69.83995,5098.09955,-2.73223,44.46501,1.3728704175450015,0.5114303529301937,-23.999999590604137
6.16313,6.09356,69.47118,5098.00731,-2.79565,44.46222,1.445901388740264,0.5386363112609286,-23.999999590604137
6.21163,6.14143,69.09405,5097.88857,-2.85793,44.45898,1.5245954539074449,0.5679519211011731,-23.999999590604137
6.26013,6.1893,68.7087,5097.73975,-2.91896,44.45524,1.6094105766361053,0.5995477859377863,-23.999999590604137
6.30863,6.23717,68.31533,5097.55698,-2.97865,44.45094,1.7008421313155189,0.633608445764857,-23.999999590604137
6.35713,6.28504,67.9141,5097.33605,-3.0369,44.44606,1.799425310630481,0.6703332739392385,-23.999999590604137
6.40563,6.33292,67.50542,5097.07213,-3.09089,44.45325,1.9056890613518112,0.7099193170504884,0.0
6.45412,6.3808,67.08968,5096.75999,-3.14305,44.4605,2.0201926379750943,0.7525749121130831,0.0
6.50261,6.42869,66.66716,5096.39439,-3.19322,44.46781,2.1435775703499487,0.7985390458756724,0.0
6.55108,6.47659,66.23812,5095.96966,-3.24127,44.47518,2.2765292844884835,0.84806705756241,0.0
6.59955,6.52449,65.80287,5095.47969,-3.28701,44.48261,2.4197774701068244,0.9014307757918448,0.0
6.648,6.57241,65.36174,5094.91794,-3.33028,44.49009,2.5740962761348527,0.958918591409442,0.0
6.69644,6.62033,64.91508,5094.27733,-3.37088,44.49764,2.740303767055975,1.020835254959842,0.0
6.74488,6.66826,64.46326,5093.5503,-3.40861,44.50524,2.919260445935572,1.0875013264760984,0.0
6.7933,6.71619,64.00669,5092.72872,-3.44325,44.5129,3.1118666182805352,1.1592521934479911,0.0
6.84171,6.76412,63.5458,5091.80392,-3.47456,44.52061,3.3190583371475064,1.2364365602681575,0.0
6.8901,6.81207,63.08108,5090.76659,-3.5023,44.52838,3.541801635220449,1.3194142995292242,0.0
6.93848,6.86001,62.61301,5089.60684,-3.52618,44.53621,3.781084715357539,1.4085535427970428,0.0
6.98684,6.90796,62.14216,5088.31416,-3.54594,44.54409,4.0379077395309935,1.5042268767221103,0.0
7.03519,6.95591,61.6691,5086.87739,-3.56126,44.55202,4.313269829999624,1.606806500634322,0.0
7.08352,7.00386,61.19445,5085.28473,-3.57183,44.56001,4.608152879826532,1.7166581955348452,0.0
7.13183,7.0518,60.71889,5083.52378,-3.57732,44.56804,4.923501767299473,1.8341339534471122,0.0
7.18012,7.09975,60.24313,5081.58152,-3.57736,44.57613,5.260200586339615,1.9595631226186705,0.0
7.22838,7.14769,59.76794,5079.44438,-3.5716,44.58427,5.6190445497233945,2.093241940732048,0.0
7.27663,7.19563,59.29413,5077.09829,-3.55966,44.59246,6.000707301800878,2.2354213580322964,0.0
7.32484,7.24356,58.82256,5074.52873,-3.54113,44.60069,6.405703501087191,2.3862930983577786,0.0
7.37303,7.29148,58.35415,5071.72085,-3.51564,44.60897,6.83434670936825,2.5459739717240573,0.0
7.42119,7.33939,57.88988,5068.6596,-3.48277,44.61729,7.286702860693339,2.714488540299318,0.0
7.46932,7.38729,57.43076,5065.32986,-3.44212,44.62566,7.76253988685022,2.8917503525684216,0.0
7.51741,7.43518,56.97788,5061.71665,-3.39329,44.63407,8.261274447766962,3.077542099005971,0.0
7.56546,7.48304,56.53235,5057.8053,-3.33589,44.64251,8.781917152518487,3.271495205459935,0.0
7.61348,7.53089,56.09535,5053.58174,-3.26956,44.651,9.32301814786476,3.473069563450464,0.0
7.66146,7.57872,55.66809,5049.03276,-3.19395,44.65952,9.882615475256614,3.6815342917957588,0.0
7.70938,7.62652,55.25183,5044.14631,-3.10876,44.66807,10.458189120505862,3.895950618905154,0.0
7.75727,7.67429,54.84787,5038.91184,-3.01373,44.67666,11.046624156465588,4.115158152457758,0.0
7.8051,7.72203,54.45751,5033.32067,-2.90865,44.68528,11.644186748882442,4.3377659409511065,0.0
7.85287,7.76973,54.08208,5027.3663,-2.79338,44.69392,12.246516989901854,4.562149803993293,0.0
7.90059,7.8174,53.72294,5021.04485,-2.66786,44.7026,12.848642468374912,4.786457387599336,0.0
7.94825,7.86503,53.3814,5014.35535,-2.53211,44.71129,13.4450161105249,5.0086222608351125,0.0
7.99584,7.91261,53.05878,5007.3001,-2.38627,44.72001,14.029581072502166,5.226388090001476,0.0
8.04336,7.96014,52.75636,4999.88495,-2.23054,44.72874,14.595864308976457,5.437343495396831,0.0
8.09082,8.00762,52.47539,4992.11954,-2.06529,44.7375,15.137098891118312,5.638967617983596,0.0
8.13819,8.05505,52.21702,4984.01742,-1.89095,44.74626,15.646373265814933,5.828685722373341,0.0
8.18549,8.10242,51.98236,4975.59614,-1.70812,44.75504,16.11680355549432,6.00393338304478,0.0
8.2327,8.14972,51.7724,4966.8772,-1.51749,44.76384,16.54172286790964,6.162227007219473,0.0
8.27983,8.19696,51.58803,4957.88594,-1.31987,44.77264,16.914879632246254,6.301237720280241,0.0
8.32687,8.24413,51.43003,4948.65121,-1.11618,44.78145,17.230635434621608,6.418865064700232,0.0
8.37382,8.29123,51.29903,4939.20506,-0.90743,44.79026,17.484151911706437,6.513306622834295,0.0
8.42068,8.33825,51.1955,4929.58226,-0.69472,44.79908,17.67155614693013,6.583119631357311,0.0
8.46744,8.3852,51.1198,4919.81971,-0.47919,44.80791,17.790074790160485,6.627270944373803,0.0
8.5141,8.43207,51.0721,4909.95584,-0.26207,44.81674,17.838128776540035,6.645172318676662,0.0
8.56066,8.47886,51.0524,4900.02993,-0.04458,44.82557,17.81538293029855,6.636698892472474,0.0
8.60711,8.52557,51.06058,4890.08139,0.17206,44.8344,17.722747682586593,6.602189825319711,0.0
8.65347,8.57219,51.09633,4880.14912,0.38663,44.84323,17.562333315981665,6.542431253003368,0.0
8.69972,8.61873,51.1592,4870.27081,0.59795,44.85207,17.33736024909602,6.458622866190821,0.0
8.74588,8.66519,51.24859,4860.48239,0.8049,44.86091,17.052031586692152,6.352330431996444,0.0
8.79192,8.71157,51.36377,4850.81743,1.00646,44.86975,16.71137623627146,6.225427350783026,0.0
8.83787,8.75786,51.5039,4841.3068,1.20167,44.8786,16.321072172805284,6.080028817623902,0.0
8.88372,8.80407,51.66803,4831.97827,1.38966,44.88745,15.887259864792936,5.918422318600521,0.0
8.92946,8.8502,51.85509,4822.85628,1.56971,44.8963,15.41635550326085,5.742998053690371,0.0
8.97511,8.89625,52.06398,4813.96186,1.74117,44.90517,14.914872628975143,5.556182488210405,0.0
9.02067,8.94223,52.2935,4805.31252,1.90352,44.91404,14.389259215839155,5.3603776620960195,0.0
9.06613,8.98813,52.54241,4796.92236,2.05636,44.92292,13.84575544664336,5.157908207625758,0.0
9.1115,9.03396,52.80945,4788.80216,2.19939,44.93181,13.290275512292387,4.950977316523324,0.0
9.15678,9.07972,53.09332,4780.95958,2.33241,44.94072,12.728314950183437,4.741632221065465,0.0
9.20197,9.12541,53.39273,4773.39937,2.45532,44.94964,12.164883441532133,4.531739159317644,0.0
9.24708,9.17104,53.70637,4766.12365,2.5681,44.95858,11.604461693738118,4.322967312680738,0.0
9.29211,9.21661,54.03296,4759.13216,2.67081,44.96754,11.050980078618156,4.116780848070799,0.0
9.33706,9.26212,54.37124,4752.4226,2.76358,44.97652,10.507816078303057,3.9144379664484545,0.0
9.38194,9.30757,54.71997,4745.99088,2.8466,44.98552,9.977807276833927,3.7169957425303473,0.0
9.42675,9.35297,55.07794,4739.83142,2.92011,44.99455,9.463276577809337,3.525319519026215,0.0
9.47148,9.39832,55.44398,4733.9374,2.98439,45.0036,8.966066469265348,3.3400956712082723,0.0
9.51615,9.44362,55.81697,4728.30104,3.03973,45.01268,8.487579437873922,3.1618466622634664,0.0
9.56076,9.48888,56.19583,4722.91379,3.08649,45.02179,8.02882200229052,2.9909474468740584,0.0
9.60531,9.5341,56.57952,4717.76656,3.12499,45.03093,7.5904502444578785,2.827642432826272,0.0
9.64979,9.57928,56.96707,4712.84988,3.15562,45.0401,7.172815132539924,2.672062364995697,0.0
9.69422,9.62442,57.35752,4708.15408,3.17873,45.04931,6.77600632376353,2.524240643058369,0.0
9.7386,9.66952,57.74999,4703.66939,3.1947,45.05855,6.399893492837715,2.3841287174143324,0.0
9.78292,9.7146,58.14364,4699.38609,3.20388,45.06783,6.044164542082622,2.2516103234660543,0.0
9.8272,9.75964,58.53767,4695.29456,3.20665,45.07715,5.708360309215404,2.126514411181889,0.0
9.87142,9.80466,58.93132,4691.38542,3.20335,45.0865,5.391905598358482,2.008626704963125,0.0
9.9156,9.84965,59.3239,4687.64951,3.19434,45.0959,5.094136522673903,1.8976998894947086,0.0
9.95974,9.89462,59.71474,4684.07799,3.17993,45.10534,4.814324268189278,1.7934624623956763,0.0
10.00384,9.93956,60.1032,4680.66236,3.16045,45.11482,4.551695473823666,1.695626326315023,0.0
10.04789,9.98449,60.48871,4677.39448,3.1362,45.12434,4.305449478477346,1.603893213926441,0.0
10.09191,10.02939,60.87072,4674.26658,3.10748,45.13391,4.074772718135995,1.5179600512284375,0.0
10.13588,10.07428,61.24871,4671.27128,3.07456,45.14352,3.8588505696190016,1.4375233696522083,0.0
10.17983,10.11916,61.6222,4668.40158,3.0377,45.15318,3.6568769374658037,1.362282877429047,0.0
10.22373,10.16401,61.99075,4665.65086,2.99716,45.16289,3.468061870429495,1.2919442969346122,0.0
10.26761,10.20886,62.35392,4663.01289,2.95317,45.17264,3.291637477298462,1.226221568488144,0.0
10.31145,10.2537,62.71133,4660.48179,2.90595,45.18245,3.1268623908620796,1.1648385132971395,0.0
10.35526,10.29852,63.06261,4658.05202,2.85571,45.1923,2.9730250056913547,1.107530039615833,0.0
10.39903,10.34333,63.40742,4655.71841,2.80263,45.2022,2.829445691522655,1.054042967288873,0.0
10.44278,10.38814,63.74544,4653.47609,2.74692,45.21215,2.6954781604429274,1.004136537063789,0.0
10.48651,10.43294,64.07637,4651.32049,2.68874,45.22215,2.570510143498646,0.9575826626456263,0.0
10.5302,10.47773,64.39994,4649.24735,2.62825,45.2322,2.453963511311057,0.9141659756293004,0.0
10.57387,10.52252,64.71587,4647.25268,2.5656,45.24231,2.3452939539643363,0.8736837062495104,0.0
10.61751,10.5673,65.02394,4645.33274,2.50094,45.25246,2.2439903180403133,0.8359454364087323,0.0
10.66112,10.61208,65.32391,4643.48403,2.43439,45.26267,2.1495736831866976,0.8007727556745852,0.0
10.70471,10.65686,65.61557,4641.70329,2.36609,45.27293,2.061596246979016,0.7679988458615614,0.0
10.74828,10.70163,65.89873,4639.98746,2.29615,45.28324,1.9796400749529852,0.737468015385198,0.0
10.79182,10.7464,66.17321,4638.33368,2.22468,45.29361,1.903315762430685,0.7090352007571161,0.0
10.83534,10.79117,66.43883,4636.73927,2.15177,45.30403,1.8322610459852027,0.6825654493190663,0.0
10.87884,10.83594,66.69544,4635.20174,2.07753,45.3145,1.76613939490918,0.6579333945279018,0.0
10.92231,10.88071,66.94289,4633.71873,2.00205,45.32503,1.7046386067649433,0.6350227327610486,0.0
10.96577,10.92549,67.18104,4632.28804,1.92541,45.33562,1.6474694258113554,0.6137257086441564,0.0
11.0092,10.97026,67.40976,4630.9076,1.84769,45.34625,1.5943641987173571,0.593942614269023,0.0
11.05261,11.01504,67.62894,4629.57548,1.76896,45.35695,1.5450755783457886,0.5755813063189612,0.0
11.09601,11.05982,67.83846,4628.28984,1.6893,45.36769,1.4993752834389205,0.5585567440190257,0.0
11.13938,11.1046,68.03823,4627.04897,1.60877,45.3785,1.4570529196157278,0.5427905499264751,0.0
11.18273,11.14938,68.22814,4625.85123,1.52743,45.38936,1.4179148651701283,0.5282105948613002,0.0
11.22607,11.19417,68.40811,4624.6951,1.44534,45.40027,1.3817832236161105,0.5147506077017233,0.0
11.26938,11.23897,68.57806,4623.57912,1.36255,45.41124,1.3484948437224298,0.5023498103213389,0.0
11.31268,11.28377,68.73792,4622.50191,1.27913,45.42227,1.3179004068563256,0.49095257760063354,0.0
11.35596,11.32857,68.88761,4621.46215,1.19511,45.43335,1.2898635807467596,0.4805081221815277,0.0
11.39922,11.37338,69.02707,4620.45859,1.11056,45.44449,1.2642602382789037,0.4709702034477672,0.0
11.44247,11.4182,69.15624,4619.49002,1.0255,45.45569,1.2409777395649855,0.46229686007742277,0.0
11.4857,11.46302,69.27508,4618.55531,0.93999,45.46694,1.219914275306746,0.4544501654281291,0.0
11.52891,11.50785,69.38353,4617.65335,0.85407,45.47825,1.2009782693408564,0.4473960049695323,0.0
11.5721,11.55269,69.48156,4616.78305,0.76777,45.48961,1.184087838198507,0.4411038749550171,0.0
11.61528,11.59754,69.56911,4615.9434,0.68115,45.50104,1.1691703055368956,0.43554670153466,0.0
11.65844,11.64239,69.64617,4615.13338,0.59422,45.51252,1.1561617693591695,0.4307006795332706,0.0
11.70158,11.68725,69.71269,4614.35201,0.50703,45.52405,1.1450067200518241,0.4265451301592728,0.0
11.74471,11.73212,69.76866,4613.59833,0.41962,45.53565,1.1356577074062917,0.4230623769614847,0.0
11.78783,11.777,69.81405,4612.8714,0.33202,45.5473,1.1280750549498941,0.4202376394098831,0.0
11.83092,11.82189,69.84885,4612.17027,0.24426,45.55901,1.1222266200955946,0.4180589435450742,0.0
11.87401,11.86679,69.87304,4611.49403,0.15637,45.57077,1.1180875988130379,0.41651704921311766,0.0
11.91707,11.91169,69.8866,4610.84175,0.06839,45.5826,1.1156403737217746,0.41560539347625464,0.0
11.96013,11.95661,69.88954,4610.2125,-0.01965,45.59448,1.1148744047192167,0.41532004986894444,0.0
12.00316,12.00154,69.88186,4609.60536,-0.10772,45.60642,1.1157861614678661,0.41565970324758017,0.0
12.04619,12.04648,69.86355,4609.0194,-0.19578,45.61841,1.1183790972745353,0.41662564005981156,0.0
12.08919,12.09143,69.83461,4608.45366,-0.2838,45.63047,1.1226636641146446,0.41822175394149064,0.0
12.13219,12.13639,69.79507,4607.90719,-0.37176,45.64258,1.1286573687542303,0.42045456662359665,0.0
12.17517,12.18136,69.74493,4607.379,-0.45961,45.65475,1.1363848701374897,0.42333326421165896,0.0
12.21813,12.22634,69.6842,4606.86808,-0.54733,45.66697,1.1458781183955855,0.42686974897019425,0.0
12.26108,12.27133,69.61291,4606.37341,-0.63489,45.67926,1.1571765360343633,0.43107870681989857,0.0
12.30402,12.31634,69.53108,4605.89391,-0.72223,45.6916,1.1703272420261646,0.43597769081774373,0.0
12.34694,12.36136,69.43875,4605.42848,-0.80934,45.704,1.185385319701001,0.441587220953489,0.0
12.38985,12.40639,69.33594,4604.97597,-0.89617,45.71646,1.2024141294757507,0.4479309006495343,0.0
12.43274,12.45143,69.22269,4604.53519,-0.98269,45.72897,1.2214856675826742,0.4550355503967315,0.0
12.47562,12.49649,69.09905,4604.1049,-1.06885,45.74154,1.242680972049381,0.46293135899260385,0.0
12.51849,12.54155,68.96505,4603.68378,-1.15462,45.75417,1.2660905772389242,0.47165205286949136,0.0
12.56134,12.58663,68.82076,4603.27048,-1.23996,45.76686,1.2918150182695645,0.4812350840041841,0.0
12.60418,12.63173,68.66623,4602.86355,-1.32481,45.77961,1.3199653865832175,0.4917218368817873,0.0
12.647,12.67683,68.50153,4602.46149,-1.40914,45.79241,1.3506639378226462,0.50315785494597,0.0
12.68981,12.72195,68.32671,4602.06269,-1.49289,45.80527,1.3840447529648794,0.5155930868885581,0.0
12.7326,12.76708,68.14186,4601.66546,-1.57601,45.81819,1.4202544533664456,0.5290821530226986,0.0
12.77539,12.81223,67.94706,4601.26803,-1.65845,45.83116,1.4594529699269863,0.5436846318165431,0.0
12.81815,12.85739,67.74239,4600.86849,-1.74016,45.84419,1.501814366007371,0.5594653664518983,0.0
12.86091,12.90256,67.52795,4600.46484,-1.82106,45.85728,1.5475277129607776,0.5764947909825895,0.0
12.90365,12.94774,67.30384,4600.05494,-1.9011,45.87042,1.596798016141209,0.5948492752969984,0.0
12.94637,12.99294,67.07018,4599.63653,-1.9802,45.88363,1.6498471880135672,0.6146114876271692,0.0
12.98908,13.03815,66.82707,4599.20717,-2.05831,45.89688,1.7069150634086223,0.6358707727579981,0.0
13.03178,13.08338,66.57466,4598.7643,-2.13533,45.9102,1.7682604500445305,0.6587235433741393,0.0
13.07446,13.12862,66.31307,4598.30517,-2.21119,45.92357,1.834162205074887,0.6832736811024799,0.0
13.11712,13.17387,66.04246,4597.82685,-2.2858,45.93699,1.9049203255487703,0.7096329427371993,0.0
13.15977,13.21913,65.76299,4597.32621,-2.35906,45.95048,1.9808570372390157,0.7379213658569492,0.0
13.20241,13.26441,65.47482,4596.79993,-2.43089,45.96401,2.062317862174873,0.7682676665088566,0.0
13.24503,13.3097,65.17814,4596.24444,-2.50117,45.97761,2.1496726403572137,0.8008096198243223,0.0
13.28764,13.35499,64.87282,4595.65661,-2.57529,45.9707,2.243421455306655,0.8357335200727654,-29.999999488255167
13.33025,13.40028,64.55872,4595.033,-2.64787,45.96293,2.3441133036243786,0.8732438829330964,-29.999999488255167
13.37286,13.44556,64.23605,4594.3692,-2.71881,45.95423,2.452238948591707,0.9135235306403666,-29.999999488255167
13.41547,13.49084,63.905,4593.66048,-2.78797,45.94453,2.568322769040236,0.9567678081065828,-29.999999488255167
13.45808,13.53611,63.56582,4592.90179,-2.85522,45.93375,2.6929246166341922,1.0031852748072536,-29.999999488255167
13.50069,13.58138,63.21874,4592.08771,-2.92043,45.9218,2.8266407833100393,1.0529980651780968,-29.999999488255167
13.54331,13.62663,62.86402,4591.21243,-2.98344,45.9086,2.9701046602543113,1.1064421341016213,-29.999999488255167
13.58592,13.67187,62.50196,4590.26977,-3.04409,45.89404,3.123986993106129,1.1637673519767795,-29.999999488255167
13.62854,13.7171,62.13284,4589.25308,-3.10222,45.87803,3.28899562065165,1.2252374073757746,-29.999999488255167
13.67117,13.76231,61.75699,4588.1553,-3.15763,45.86045,3.465874564992439,1.2911294681078391,-29.999999488255167
13.71379,13.80751,61.37477,4586.96886,-3.21013,45.8412,3.6554023200587373,1.3617335436453955,-29.999999488255167
13.75642,13.85268,60.98654,4585.68572,-3.25951,45.82013,3.8583891627809717,1.437351483464698,-29.999999488255167
13.79906,13.89784,60.5927,4584.29732,-3.30556,45.79713,4.075673287630223,1.5182955370604465,-29.999999488255167
13.8417,13.94297,60.19368,4582.79456,-3.34802,45.77204,4.30811554143407,1.604886392526159,-29.999999488255167
13.88435,13.98808,59.78994,4581.1678,-3.38666,45.74473,4.556592512382721,1.6974506020271105,-29.999999488255167
13.927,14.03316,59.38196,4579.40684,-3.42121,45.71502,4.821987706506877,1.7963172948061796,-29.999999488255167
13.96967,14.0782,58.97028,4577.50092,-3.45139,45.68275,5.105180528622111,1.9018140722957015,-29.999999488255167
14.01234,14.12321,58.55544,4575.4387,-3.47691,45.64775,5.407032775303935,2.014261976395286,-29.999999488255167
14.05502,14.16818,58.13803,4573.20833,-3.49745,45.60983,5.728372348137863,2.1339694222289394,-29.999999488255167
14.09771,14.21311,57.7187,4570.7974,-3.5127,45.56879,6.069973910035676,2.261224992113908,-29.999999488255167
14.14041,14.25799,57.29811,4568.19301,-3.52232,45.52444,6.43253624037138,2.396288999753001,-29.999999488255167
14.18313,14.30282,56.87697,4565.38183,-3.52597,45.47656,6.816656101051118,2.539383754658007,-29.999999488255167
14.22586,14.3476,56.45604,4562.3501,-3.52329,45.42494,7.222798510835958,2.690682488552804,-29.999999488255167
14.2686,14.39231,56.03611,4559.08381,-3.51392,45.36937,7.651263444684497,2.8502969500022854,-29.999999488255167
14.31135,14.43696,55.61803,4555.56869,-3.49749,45.30961,8.102149133600943,3.0182637326401314,-29.999999488255167
14.35413,14.48154,55.20268,4551.79042,-3.47363,45.24545,8.575312342226786,3.194529477526551,-29.999999488255167
14.39692,14.52604,54.79098,4547.73473,-3.44197,45.17666,9.070326248110385,3.3789351820679294,-29.999999488255167
14.43973,14.57046,54.3839,4543.3876,-3.40216,45.10303,9.586436836720067,3.571199956011904,-29.999999488255167
14.48256,14.61479,53.98246,4538.73542,-3.35386,45.02433,10.122519054294576,3.770904687230461,-29.999999488255167
14.5254,14.65902,53.58768,4533.76525,-3.29673,44.94038,10.677034314974508,3.9774762120083413,-29.999999488255167
14.56827,14.70315,53.20065,4528.46506,-3.23048,44.85098,11.247991321296135,4.190172719646116,-29.999999488255167
14.61117,14.74717,52.82248,4522.82398,-3.15484,44.75596,11.832912502147707,4.408071249715841,-29.999999488255167
14.65408,14.79107,52.4543,4516.83261,-3.06958,44.65519,12.428808666253751,4.630058249817045,-29.999999488255167
14.69702,14.83485,52.09725,4510.48332,-2.97453,44.54855,13.032164671824047,4.854824237143926,-29.999999488255167
14.73999,14.87849,51.75251,4503.77054,-2.86959,44.43595,13.638938979274997,5.080863631862284,-29.999999488255167
14.78298,14.92199,51.42123,4496.6911,-2.75469,44.31736,14.244579838096858,5.30648078714348,-29.999999488255167
14.826,14.96534,51.10456,4489.24448,-2.62988,44.19278,14.844060519930798,5.529803114412664,-29.999999488255167
14.86904,15.00854,50.80365,4481.43313,-2.49526,44.06227,15.431935417547807,5.748801981694479,-29.999999488255167
14.91211,15.05157,50.5196,4473.26267,-2.35104,43.92591,16.002417972757105,5.961321743809351,-29.999999488255167
14.95521,15.09442,50.25349,4464.74209,-2.19753,43.78389,16.5494802893638,6.16511685082119,-29.999999488255167
14.99833,15.1371,50.00634,4455.88388,-2.03512,43.6364,17.066972976373684,6.357896492784437,-29.999999488255167
15.04148,15.17958,49.77909,4446.70409,-1.86433,43.48374,17.5487623302922,6.537375703759918,-29.999999488255167
15.08466,15.22187,49.57262,4437.22228,-1.68577,43.32625,17.988880514324396,6.701331307518279,-29.999999488255167
15.12786,15.26396,49.38773,4427.46144,-1.50015,43.16431,18.381683059354565,6.847660590798993,-29.999999488255167
15.17108,15.30584,49.22511,4417.44779,-1.30826,42.99838,18.72200694071467,6.974440191065869,-29.999999488255167
15.21433,15.34751,49.08534,4407.21046,-1.111,42.82897,19.005321811330248,7.079982434833059,-29.999999488255167
15.2576,15.38895,48.96888,4396.78116,-0.90934,42.65662,19.22786680481273,7.16288630041647,-29.999999488255167
15.30089,15.43018,48.8761,4386.19369,-0.7043,42.48191,19.38676572494403,7.222080329047592,-29.999999488255167
15.3442,15.47117,48.80719,4375.48348,-0.49697,42.30546,19.480114415603225,7.256855172470012,-29.999999488255167
15.38753,15.51194,48.76225,4364.687,-0.28844,42.1279,19.507035597613253,7.266884021107678,-29.999999488255167
15.43087,15.55248,48.74123,4353.84121,-0.07985,41.94988,19.467698346298466,7.252229859967546,-29.999999488255167
15.47423,15.59278,48.74397,4342.98296,0.12768,41.77203,19.363301497993834,7.213339287127675,-29.999999488255167
15.5176,15.63285,48.77015,4332.14846,0.33307,41.595,19.1960224218241,7.151023429877063,-29.999999488255167
15.56097,15.6727,48.81936,4321.37271,0.53523,41.41939,18.968934579932135,7.066427233731582,-29.999999488255167
15.60436,15.71231,48.89105,4310.68902,0.73316,41.24579,18.685898954190183,6.9609890160271926,-29.999999488255167
15.64774,15.75169,48.9846,4300.12863,0.92591,41.07475,18.35143561283936,6.836392621113864,-29.999999488255167
15.69113,15.79086,49.09926,4289.72031,1.11261,40.90678,17.9705823568255,6.694514762396439,-29.999999488255167
15.73453,15.8298,49.2342,4279.49013,1.29247,40.74234,17.548747512627713,6.537370183790021,-29.999999488255167
15.77792,15.86853,49.38853,4269.46124,1.46479,40.58184,17.091563571696334,6.367057136559628,-29.999999488255167
15.82131,15.90704,49.56128,4259.6538,1.62897,40.42564,16.604747604835705,6.185705380005064,-29.999999488255167
15.86469,15.94536,49.75145,4250.08491,1.78452,40.27404,16.0939733182126,5.9954285189576435,-29.999999488255167
15.90807,15.98347,49.95798,4240.76866,1.93101,40.12729,15.564758391978817,5.798282034452818,-29.999999488255167
15.95145,16.02139,50.17978,4231.7162,2.06813,39.98558,15.022369472203682,5.596227890725206,-29.999999488255167
15.99481,16.05913,50.41575,4222.93591,2.19565,39.84905,14.471745974765025,5.391106150153154,-29.999999488255167
16.03817,16.09669,50.66477,4214.43355,2.31344,39.71781,13.917442783983235,5.184613626992227,-29.999999488255167
16.08151,16.13408,50.92574,4206.21248,2.42142,39.5919,13.363591039922191,4.978289279613055,-29.999999488255167
16.12484,16.1713,51.19753,4198.2739,2.5196,39.47134,12.813875530707566,4.773505788545064,-29.999999488255167
16.16817,16.20836,51.47906,4190.61703,2.60806,39.3561,12.271526742025486,4.5714665947055275,-29.999999488255167
16.21148,16.24527,51.76924,4183.23943,2.68691,39.24612,11.739325349483131,4.373207572922101,-29.999999488255167
16.25477,16.28204,52.06702,4176.13715,2.75632,39.14131,11.219616844153101,4.17960248033291,-29.999999488255167
16.29805,16.31867,52.37137,4169.30502,2.81651,39.04158,10.714334023741413,3.991371334938416,-29.999999488255167
16.34132,16.35517,52.6813,4162.73683,2.86773,38.94678,10.225025226920884,3.8090909336334846,-29.999999488255167
16.38457,16.39155,52.99585,4156.42556,2.91025,38.85678,9.752886403052146,3.6332067990222736,-29.999999488255167
16.42781,16.42781,53.31408,4150.36349,2.94435,38.77141,9.29879536450763,3.464045939310145,-29.999999488255167
16.47104,16.46396,53.63512,4144.54247,2.97037,38.69052,8.863346839938789,3.301829906568021,-29.999999488255167
16.51425,16.5,53.95811,4138.95397,2.9886,38.61391,8.446887215447434,3.1466877387327905,-29.999999488255167
16.55744,16.53594,54.28224,4133.58925,2.99939,38.54143,8.049548103153407,2.998668464782019,-29.999999488255167
16.60062,16.57178,54.60673,4128.43949,3.00305,38.47288,7.671278104633287,2.8577529374506065,-29.999999488255167
16.64378,16.60753,54.93086,4123.49583,2.99993,38.40808,7.311872335088662,2.723864831760304,-29.999999488255167
16.68693,16.6432,55.25391,4118.74948,2.99035,38.34687,6.970999441285664,2.5968807099130657,-29.999999488255167
16.73007,16.67879,55.57524,4114.19181,2.97464,38.28904,6.648225982689207,2.4766391039050646,-29.999999488255167
16.77318,16.71431,55.89421,4109.81433,2.95309,38.23445,6.343038152910672,2.362948607337482,-29.999999488255167
16.81629,16.74975,56.21024,4105.60882,2.92604,38.18291,6.054860900444002,2.255594998393795,-29.999999488255167
16.85938,16.78512,56.52277,4101.5673,2.89376,38.13426,5.783074567212449,2.1543474381362295,-29.999999488255167
16.90245,16.82043,56.83126,4097.68205,2.85655,38.08834,5.527029204153849,2.058963803437941,-29.999999488255167
16.94551,16.85568,57.13524,4093.94568,2.81469,38.045,5.286056748393746,1.9691952233004026,-29.999999488255167
16.98856,16.89088,57.43422,4090.35109,2.76844,38.0041,5.059481259704082,1.8847898922036037,-29.999999488255167
17.03159,16.92602,57.72778,4086.8915,2.71805,37.96549,4.846627417564112,1.8054962354848154,-29.999999488255167
17.07461,16.96111,58.01551,4083.56045,2.66376,37.92904,4.646827476878002,1.7310655005264084,-29.999999488255167
17.11762,16.99615,58.29701,4080.35175,2.60581,37.89461,4.459426871994823,1.6612538444007539,-29.999999488255167
17.16061,17.03114,58.57192,4077.25957,2.54442,37.8621,4.283788647008969,1.5958239842736939,-29.999999488255167
17.20359,17.0661,58.83991,4074.27834,2.47978,37.83139,4.119296876515248,1.5345464717258217,-29.999999488255167
17.24654,17.10103,59.10127,4071.40141,2.42354,37.84504,3.9650171943663177,1.4770732307825998,0.0
17.28946,17.13595,59.35629,4068.62269,2.36403,37.85873,3.8201014760062506,1.423088312731445,0.0
17.33234,17.17087,59.60464,4065.93788,2.30144,37.87246,3.6841023267961397,1.372425051297703,0.0
17.37518,17.20579,59.84602,4063.34287,2.23596,37.88624,3.5565844539132483,1.3249212884516608,0.0
17.41799,17.2407,60.08014,4060.83374,2.16775,37.90007,3.4371287679233746,1.2804209023521715,0.0
17.46076,17.27561,60.30674,4058.40677,2.097,37.91394,3.325333693306493,1.2387742955519383,0.0
17.5035,17.31053,60.52557,4056.05839,2.02385,37.92785,3.2208160829743666,1.1998387356793851,0.0
17.54621,17.34544,60.73639,4053.78523,1.94846,37.94181,3.123211802654243,1.1634785731369635,0.0
17.58889,17.38035,60.93899,4051.58407,1.87096,37.95582,3.0321760430965585,1.1295653574067335,0.0
17.63154,17.41526,61.13316,4049.45183,1.79151,37.96987,2.9473834107560792,1.0979778708314756,0.0
17.67416,17.45018,61.31872,4047.3856,1.71022,37.98397,2.868527840868931,1.0686020962335983,0.0
17.71675,17.48509,61.49548,4045.38257,1.62722,37.99812,2.795322370794711,1.0413311324791097,0.0
17.75931,17.52001,61.66329,4043.44008,1.54263,38.01232,2.727498806049622,1.0160650700661744,0.0
17.80185,17.55493,61.82199,4041.55557,1.45657,38.02656,2.664807306638698,0.9927108370229812,0.0
17.84435,17.58986,61.97145,4039.72661,1.36913,38.04086,2.6070159170323626,0.9711820238116459,0.0
17.88683,17.62479,62.11152,4037.95084,1.28042,38.0552,2.5539100594395383,0.9513986945591102,0.0
17.92929,17.65973,62.2421,4036.22601,1.19055,38.06959,2.5052920067756377,0.9332871907238529,0.0
17.97171,17.69467,62.36308,4034.54994,1.09961,38.08404,2.4609803489632256,0.9167799322788432,0.0
18.01412,17.72961,62.47435,4032.92052,1.00768,38.09853,2.4208094637923643,0.9018152205930962,0.0
18.0565,17.76457,62.57582,4031.33573,0.91486,38.11308,2.3846290015478666,0.8883370464417663,0.0
18.09885,17.79953,62.66742,4029.79358,0.82123,38.12767,2.3523033908672932,0.8762949059252466,0.0
18.14118,17.83449,62.74907,4028.29215,0.72688,38.14232,2.3237113718456164,0.8656436265383748,0.0
18.18348,17.86947,62.82071,4026.82955,0.63187,38.15702,2.298745561166454,0.8563432051703734,0.0
18.22577,17.90445,62.88228,4025.40393,0.5363,38.17177,2.277312053036167,0.848358659442302,0.0
18.26803,17.93944,62.93373,4024.01348,0.44024,38.18657,2.2593300588211385,0.8416598934624608,0.0
18.31026,17.97444,62.97502,4022.6564,0.34376,38.20142,2.2447315876040377,0.8362215788251957,0.0
18.35248,18.00944,63.00612,4021.33091,0.24693,38.21632,2.2334611692782906,0.8320230514563016,0.0
18.39467,18.04446,63.02701,4020.03525,0.14983,38.23128,2.22547562131509,0.8290482247275972,0.0
18.43684,18.07948,63.03765,4018.76764,0.05252,38.24629,2.220743859928854,0.8272855191110893,0.0
18.47899,18.11451,63.03806,4017.52632,-0.04491,38.26135,2.2192467560256675,0.8267278085159778,0.0
18.52111,18.14956,63.02821,4016.30951,-0.14241,38.27646,2.2209770360024135,0.8273723833337219,0.0
18.56322,18.18461,63.00811,4015.1154,-0.2399,38.29162,2.2259392272035883,0.8292209301192679,0.0
18.6053,18.21967,62.97778,4013.94219,-0.33731,38.30684,2.2341496475706273,0.8322795277351512,0.0
18.64737,18.25475,62.93722,4012.788,-0.43458,38.32211,2.2456364387568857,0.8365586596876984,0.0
18.68941,18.28983,62.88648,4011.65097,-0.53162,38.33743,2.2604396417011894,0.8420732422801626,0.0
18.73143,18.32492,62.82557,4010.52916,-0.62836,38.3528,2.2786113133490407,0.8488426680944438,0.0
18.77343,18.36003,62.75455,4009.42059,-0.72474,38.36822,2.3002156828443407,0.8568908641766156,0.0
18.8154,18.39514,62.67345,4008.32321,-0.82068,38.3837,2.325329345106207,0.8662463641493834,0.0
18.85736,18.43027,62.58233,4007.23492,-0.9161,38.39923,2.354041489213982,0.8769423932915078,0.0
18.8993,18.46541,62.48126,4006.15355,-1.01092,38.41481,2.386454158430481,0.8890169654033079,0.0
18.94121,18.50056,62.37031,4005.07683,-1.10506,38.43044,2.422682537991593,0.9025129900158573,0.0
18.98311,18.53571,62.24957,4004.00242,-1.19844,38.44613,2.4628552659620215,0.9174783881929299,0.0
19.02498,18.57088,62.11911,4002.92787,-1.29097,38.46186,2.507114761451405,0.9339662148001382,0.0
19.06684,18.60607,61.97905,4001.85063,-1.38256,38.47765,2.5556175633255527,0.9520347846837819,0.0
19.10867,18.64126,61.82948,4000.76805,-1.47312,38.49349,2.6085346711550397,0.971747799683169,0.0
19.15048,18.67646,61.67053,3999.67732,-1.56255,38.50938,2.666051878536641,0.9931744728016226,0.0
19.19227,18.71167,61.50233,3998.57553,-1.65075,38.52532,2.728370087054512,1.0163896451652787,0.0
19.23403,18.7469,61.32502,3997.45963,-1.73762,38.54131,2.7957055869710192,1.0414738905878091,0.0
19.27578,18.78214,61.13875,3996.32638,-1.82304,38.55735,2.868290288262855,1.0685136016374495,0.0
19.3175,18.81738,60.94368,3995.17242,-1.9069,38.57344,2.9463718827993857,1.097601050052705,0.0
19.3592,18.85264,60.73998,3993.99419,-1.98908,38.58958,3.030213915244436,1.1288344131551271,0.0
19.40088,18.88791,60.52786,3992.78796,-2.06945,38.60577,3.120095736704545,1.1623177565820717,0.0
19.44254,18.92318,60.3075,3991.54981,-2.14789,38.62201,3.21631231115214,1.1981609621742373,0.0
19.48417,18.95847,60.07914,3990.2756,-2.22424,38.6383,3.31917384028875,1.2364795882273414,0.0
19.52578,18.99377,59.84299,3988.961,-2.29837,38.65463,3.429005167764281,1.277394647548125,0.0
19.56737,19.02908,59.59931,3987.60144,-2.37013,38.67101,3.5461449185847336,1.3210322868610829,0.0
19.60893,19.06439,59.34836,3986.19212,-2.43935,38.68744,3.6709443241858897,1.3675233491174998,0.0
19.65046,19.09971,59.09043,3984.728,-2.50586,38.70392,3.8037656781467493,1.4170027982080708,0.0
19.69197,19.13505,58.82581,3983.20379,-2.56949,38.72044,3.9449803619819717,1.4696089835186417,0.0
19.73346,19.17039,58.55482,3981.61396,-2.63005,38.737,4.094966375122985,1.5254827197831835,0.0
19.77492,19.20574,58.27781,3979.9527,-2.68736,38.75362,4.2541052983156815,1.5847661558695356,0.0
19.81635,19.24109,57.99513,3978.21395,-2.74121,38.77027,4.422778615623857,1.6476014046289102,0.0
19.85775,19.27645,57.70717,3976.39137,-2.79139,38.78697,4.601363317374172,1.7141289048772017,0.0
19.89912,19.31182,57.41433,3974.47838,-2.83769,38.80371,4.790226705378693,1.7844854862036965,0.0
19.94046,19.34719,57.11703,3972.46813,-2.87987,38.82049,4.9897203230965514,1.8588021077965873,0.0
19.98178,19.38256,56.81572,3970.35353,-2.91772,38.83731,5.200172937959564,1.9372012441746165,0.0
20.02306,19.41794,56.5109,3968.12723,-2.95097,38.85417,5.421882511595365,2.019793893883921,0.0
20.0643,19.45332,56.20304,3965.78169,-2.9794,38.87106,5.6551071071166295,2.1066761922240205,0.0
20.10552,19.48871,55.89269,3963.30916,-3.00275,38.888,5.900054702042411,2.1979256162929808,0.0
20.1467,19.52409,55.58039,3960.70175,-3.02075,38.90497,6.156871901661131,2.2935967804181563,0.0
20.18784,19.55947,55.26673,3957.9514,-3.03315,38.92197,6.425631581837087,2.393716832776477,0.0
20.22894,19.59486,54.95231,3955.05001,-3.03969,38.93901,6.706319533045355,2.498280479946034,0.0
20.27001,19.63023,54.63776,3951.98942,-3.04011,38.95608,6.9988202295243145,2.6072446855409566,0.0
20.31104,19.66561,54.32375,3948.76151,-3.03414,38.97318,7.302901908873724,2.7205231119691207,0.0
20.35202,19.70098,54.01096,3945.35827,-3.02154,38.99031,7.618201217846189,2.837980400585472,0.0
20.39296,19.73634,53.70009,3941.77184,-3.00206,39.00746,7.94420775844602,2.959426414707237,0.0
20.43386,19.7717,53.39189,3937.99467,-2.97546,39.02464,8.28024895247252,3.084610601258058,0.0
20.4747,19.80704,53.08711,3934.01954,-2.94153,39.04184,8.625475729435712,3.213216659140028,0.0
20.5155,19.84238,52.78651,3929.83972,-2.90006,39.05907,8.978849627722177,3.3448577340785826,0.0
20.55625,19.8777,52.49089,3925.44908,-2.85088,39.07631,9.339131976587211,3.479072388629928,0.0
20.59694,19.91301,52.20106,3920.84216,-2.79385,39.09358,9.704875889943617,3.6153216196567195,0.0
20.63759,19.9483,51.91783,3916.01437,-2.72884,39.11086,10.074421844280737,3.752987210986546,0.0
20.67817,19.98357,51.64202,3910.96206,-2.65577,39.12815,10.445897623961704,3.8913717130337164,0.0
20.71869,20.01882,51.37446,3905.68269,-2.5746,39.14546,10.817223388934444,4.029700330654947,0.0
20.75915,20.05405,51.11596,3900.1749,-2.48535,39.16277,11.186122545054774,4.1671249726307344,0.0
20.79955,20.08925,50.86735,3894.4387,-2.38807,39.18009,11.550138969617361,4.302730668628863,0.0
20.83988,20.12443,50.62941,3888.4755,-2.28288,39.19742,11.906660961203608,4.435544491152905,0.0
20.88015,20.15958,50.40293,3882.28827,-2.16994,39.21476,12.252952044195771,4.564547031034245,0.0
20.92034,20.1947,50.18866,3875.88157,-2.0495,39.23209,12.586188469776149,4.688686367540987,0.0
20.96046,20.22979,49.98733,3869.26163,-1.92183,39.24942,12.903502927694518,4.8068943521614464,0.0
21.00051,20.26484,49.79961,3862.43635,-1.78731,39.26675,13.20203363294278,4.918104894682014,0.0
21.04047,20.29985,49.62613,3855.41534,-1.64636,39.28408,13.478977599840627,5.021273809185783,0.0
21.08036,20.33483,49.46749,3848.20982,-1.49946,39.3014,13.731646588262624,5.115399655494174,0.0
21.12017,20.36976,49.3242,3840.83264,-1.34715,39.31872,13.957523929368612,5.1995449082466845,0.0
21.15989,20.40466,49.19674,3833.29812,-1.19004,39.33602,14.154320237833558,5.272856711172388,0.0
21.19953,20.4395,49.08548,3825.62194,-1.02879,39.35332,14.320025916792757,5.334586436563504,0.0
21.23908,20.47431,48.99077,3817.821,-0.86408,39.3706,14.452958377056369,5.384107275675232,0.0
21.27854,20.50906,48.91283,3809.9132,-0.69666,39.38787,14.551802031698353,5.420929137762448,0.0
21.31791,20.54377,48.85184,3801.91728,-0.52729,39.40512,14.6156393882192,5.444710232728404,0.0
21.35719,20.57842,48.80788,3793.85256,-0.35676,39.42236,14.643971930275349,5.455264850118366,0.0
21.39638,20.61303,48.78096,3785.73872,-0.18586,39.43959,14.636729936210658,5.452567016780937,0.0
21.43547,20.64758,48.771,3777.59557,-0.01539,39.4568,14.594270891310233,5.436749905390822,0.0
21.47447,20.68208,48.77785,3769.4428,0.15384,39.47399,14.517366678724695,5.408101062731094,0.0
21.51337,20.71653,48.80127,3761.29975,0.32108,39.49117,14.40718024306099,5.367053716266758,0.0
21.55219,20.75092,48.84097,3753.18523,0.48556,39.50833,14.265232875431012,5.314174586964569,0.0
21.5909,20.78526,48.89656,3745.11727,0.64656,39.52547,14.093363640348002,5.250148774744411,0.0
21.62953,20.81955,48.9676,3737.11298,0.80342,39.5426,13.893682731899716,5.1757623824265195,0.0
21.66805,20.85378,49.05358,3729.18839,0.95551,39.55972,13.668520698448821,5.091883600596408,0.0
21.70649,20.88796,49.15396,3721.35834,1.10223,39.57682,13.420375510242629,4.999442988896752,0.0
21.74483,20.92209,49.26813,3713.63638,1.24308,39.59391,13.151859371319148,4.899413662062935,0.0
21.78309,20.95617,49.39543,3706.03468,1.37758,39.61098,12.865647011606658,4.792792027369619,0.0
21.82125,20.99019,49.53519,3698.56406,1.50534,39.62805,12.564426958035297,4.680579631837685,0.0
21.85932,21.02417,49.68668,3691.23391,1.626,39.64511,12.250856998433527,4.563766571363837,0.0
21.89731,21.0581,49.84916,3684.05225,1.73929,39.66216,11.927524742800484,4.443316798756875,0.0
21.93521,21.09198,50.02187,3677.02572,1.84497,39.67921,11.596913875006505,4.320155551608151,0.0
21.97303,21.12582,50.20405,3670.15969,1.94288,39.69625,11.26137639291951,4.195159011008254,0.0
22.01076,21.15961,50.3949,3663.45828,2.03289,39.71328,10.923110870288752,4.0691462035267385,0.0
22.04842,21.19336,50.59365,3656.92444,2.11494,39.73032,10.584146549561092,3.9428730753676446,0.0
22.08599,21.22706,50.79951,3650.56006,2.18902,39.74736,10.246332895916106,3.8170286009727175,0.0
22.12349,21.26073,51.0117,3644.36605,2.25513,39.7644,9.911334110760984,3.692232739153914,0.0
22.16091,21.29436,51.22946,3638.34242,2.31334,39.78144,9.580628015641684,3.5690360173209257,0.0
22.19826,21.32796,51.45203,3632.48839,2.36374,39.79849,9.255508670681365,3.4479205069184005,0.0
22.23554,21.36152,51.67867,3626.80248,2.40645,39.81555,8.937092079600385,3.3293019486959987,0.0
22.27275,21.39504,51.90864,3621.2826,2.44163,39.83261,8.626324349319695,3.213532792375346,0.0
22.3099,21.42854,52.14125,3615.92614,2.46944,39.84969,8.32399170963561,3.100905929242518,0.0
22.34697,21.462,52.37581,3610.73004,2.49008,39.86678,8.030731850974597,2.99165891576002,0.0
22.38399,21.49544,52.61165,3605.69087,2.50374,39.88389,7.7470461001844075,2.8859785093693437,0.0
22.42094,21.52885,52.84814,3600.8049,2.51065,39.90101,7.4733120208201225,2.784005362429051,0.0
22.45783,21.56223,53.08465,3596.06818,2.51103,39.91814,7.209796091615593,2.6858387452789785,0.0
22.49466,21.59559,53.32059,3591.47656,2.50511,39.9353,6.956666181714903,2.591541193592201,0.0
22.53144,21.62893,53.5554,3587.02577,2.49313,39.95248,6.714003601740062,2.501142997714827,0.0
22.56816,21.66225,53.78852,3582.71146,2.47534,39.96968,6.481814564432753,2.414646472056602,0.0
22.60483,21.69555,54.01943,3578.52923,2.45197,39.9869,6.260040936745852,2.3320299605279002,0.0
22.64145,21.72883,54.24765,3574.47467,2.42325,40.00414,6.048570206494029,2.2532515493793106,0.0
22.67802,21.7621,54.47268,3570.54337,2.38944,40.02142,5.847244621247533,2.1782524716800364,0.0
22.71453,21.79534,54.69408,3566.73098,2.35076,40.03871,5.655869485274117,2.106960198147061,0.0
22.751,21.82858,54.91143,3563.03319,2.30744,40.05604,5.474220622717008,2.039291217375316,0.0
22.78742,21.8618,55.12431,3559.44579,2.25972,40.0734,5.302051032311954,1.9751535148948722,0.0
22.8238,21.89501,55.33234,3555.96462,2.20781,40.09078,5.139096771596999,1.9144487651939075,0.0
22.86013,21.92821,55.53516,3552.58565,2.15192,40.1082,4.9850821174110065,1.8570742541401852,0.0
22.89642,21.96139,55.73242,3549.30494,2.09227,40.12565,4.839724055071423,1.8029245513178902,0.0
22.93267,21.99457,55.9238,3546.11864,2.02906,40.14313,4.702736151729139,1.7518929529542266,0.0
22.96888,22.02774,56.10899,3543.02303,1.96249,40.16064,4.573831870366241,1.703872716470779,0.0
23.00504,22.06091,56.2877,3540.0145,1.89274,40.17819,4.452727380376896,1.6587581074988424,0.0
23.04117,22.09406,56.45967,3537.08955,1.82,40.19578,4.339143918879151,1.6164452795301971,0.0
23.07726,22.12722,56.62463,3534.24477,1.74445,40.2134,4.232809754344961,1.576833005420958,0.0
23.11331,22.16036,56.78236,3531.47688,1.66627,40.23105,4.133461800958947,1.5398232787826924,0.0
23.14933,22.19351,56.93262,3528.78268,1.58561,40.24875,4.040846928585448,1.5053218019796124,0.0
23.18531,22.22664,57.07522,3526.15909,1.50264,40.26648,3.9547230095692227,1.4732383760893788,0.0
23.22125,22.25978,57.20996,3523.6031,1.41751,40.28425,3.874859739823128,1.4434872067798648,0.0
23.25716,22.29292,57.33666,3521.1118,1.33038,40.30206,3.8010392680302174,1.415987138703495,0.0
23.29303,22.32605,57.45516,3518.68236,1.24139,40.31991,3.7330566632156104,1.3906618296800681,0.0
23.32888,22.35918,57.56531,3516.31202,1.15068,40.33779,3.6707202476325658,1.3674398747055778,0.0
23.36469,22.39231,57.66696,3513.99809,1.05838,40.35572,3.6138518187278446,1.3462548886401513,0.0
23.40046,22.42544,57.75999,3511.73794,0.96464,40.37369,3.5622867810834546,1.3270455553598202,0.0
23.43621,22.45857,57.84429,3509.529,0.86957,40.3917,3.515874206548031,1.3097556501570427,0.0
23.47192,22.49171,57.91974,3507.36875,0.7733,40.40975,3.474476838342771,1.2943340412702713,0.0
23.5076,22.52484,57.98627,3505.25471,0.67597,40.42784,3.437971052724052,1.2807346756022708,0.0
23.54326,22.55798,58.04378,3503.18442,0.57768,40.44598,3.406246789783409,1.2689165529412867,0.0
23.57888,22.59112,58.0922,3501.15547,0.47855,40.46415,3.379207463187093,1.2588436923366584,0.0
23.61447,22.62426,58.13148,3499.16546,0.3787,40.48237,3.3567698570043056,1.2504850936646206,0.0
23.65003,22.6574,58.16157,3497.21201,0.27824,40.50063,3.338864016349959,1.2438146968898542,0.0
23.68557,22.69055,58.18242,3495.29274,0.17729,40.51893,3.325433137209629,1.2388113410223827,0.0
23.72107,22.7237,58.19401,3493.40527,0.07595,40.53728,3.3164334596208658,1.2354587243247994,0.0
23.75655,22.75685,58.19631,3491.54722,-0.02566,40.55567,3.3118341672705456,1.2337453669096405,0.0
23.792,22.79001,58.18931,3489.71619,-0.12744,40.5741,3.311617295525824,1.2336645764784921,0.0
23.82742,22.82317,58.17302,3487.90976,-0.22928,40.59258,3.315777648936347,1.2352144175893986,0.0
23.86281,22.85634,58.14745,3486.12549,-0.33106,40.61109,3.3243227283103223,1.2383976844907747,0.0
23.89817,22.88951,58.1126,3484.36089,-0.43268,40.62965,3.3372726665181975,1.2432218772065888,0.0
23.9335,22.92269,58.06852,3482.61345,-0.53402,40.64826,3.3546601712846997,1.2496991802248953,0.0
23.96881,22.95587,58.01524,3480.88057,-0.63498,40.66691,3.376530472249728,1.2578464427766192,0.0
24.00409,22.98905,57.95281,3479.15964,-0.73545,40.6856,3.402941268631987,1.267685159338886,0.0
24.03934,23.02225,57.88129,3477.44797,-0.8353,40.70433,3.4339626727731396,1.279241448603732,0.0
24.07457,23.05544,57.80075,3475.74277,-0.93443,40.7231,3.469677143758892,1.2925460287502115,0.0
24.10976,23.08864,57.71127,3474.04121,-1.03271,40.74192,3.510179404117408,1.3076341864123655,0.0
24.14493,23.12185,57.61294,3472.34036,-1.13003,40.76078,3.5555763313253417,1.3245457362623636,0.0
24.18007,23.15506,57.50587,3470.63718,-1.22625,40.77968,3.6059868144692553,1.3433249676131103,0.0
24.21519,23.18827,57.39016,3468.92856,-1.32127,40.79863,3.6615415648800678,1.364020573874594,0.0
24.25027,23.22149,57.26595,3467.21126,-1.41493,40.81762,3.7223828679532884,1.3866855601003973,0.0
24.28533,23.25472,57.13337,3465.48193,-1.50712,40.83664,3.7886642615850827,1.4113771231966665,0.0
24.32036,23.28795,56.99256,3463.73708,-1.59769,40.85571,3.860550124754835,1.4381564986582933,0.0
24.35536,23.32118,56.8437,3461.97313,-1.6865,40.87482,3.9382151577995486,1.4670887669574542,0.0
24.39033,23.35442,56.68696,3460.18632,-1.77341,40.89397,4.021843733759507,1.4982426119028014,0.0
24.42527,23.38766,56.52252,3458.37278,-1.85826,40.91316,4.11162909801511,1.5316900224831258,0.0
24.46018,23.42091,56.35059,3456.52847,-1.9409,40.93239,4.207772391162884,1.5675059288629611,0.0
24.49506,23.45416,56.17139,3454.6492,-2.02117,40.95166,4.310481467850773,1.6057677623676507,0.0
24.52992,23.48741,55.98515,3452.73064,-2.0989,40.97096,4.419969482128343,1.6465549284890804,0.0
24.56474,23.52067,55.79211,3450.76826,-2.17391,40.99031,4.536453207899041,1.6899481812099468,0.0
24.59953,23.55392,55.59255,3448.7574,-2.24604,41.00969,4.6601510613213915,1.7360288862961768,0.0
24.63429,23.58718,55.38673,3446.69322,-2.3151,41.02911,4.791280790763197,1.7848781607440798,0.0
24.66902,23.62045,55.17496,3444.5707,-2.3809,41.04856,4.930056799202796,1.8365758753043697,0.0
24.70371,23.65371,54.95755,3442.38467,-2.44325,41.06805,5.076687064087854,1.8911995070485184,0.0
24.73838,23.68697,54.73483,3440.12979,-2.50195,41.08757,5.231369620829424,1.9488228293777672,0.0
24.77301,23.72023,54.50715,3437.80056,-2.55678,41.10713,5.3942885785280925,2.009514427776286,0.0
24.8076,23.7535,54.27488,3435.39134,-2.60756,41.12672,5.565609640615163,2.073336031132158,0.0
24.84216,23.78676,54.03841,3432.89633,-2.65405,41.14634,5.745475109049415,2.1403406506692146,0.0
24.87668,23.82002,53.79813,3430.30963,-2.69604,41.16599,5.9339983589619525,2.2105705216068747,0.0
24.91117,23.85327,53.55449,3427.62521,-2.73332,41.18567,6.131257781513099,2.2840548467149526,0.0
24.94562,23.88652,53.30792,3424.83696,-2.76566,41.20538,6.33729020648758,2.360807346057308,0.0
24.98003,23.91977,53.05889,3421.93871,-2.79284,41.22512,6.552083833186446,2.4408236235630882,0.0
25.0144,23.95301,52.80789,3418.92424,-2.81463,41.24488,6.775570718578409,2.5240783686654495,0.0
25.04873,23.98624,52.55541,3415.78734,-2.83082,41.26466,7.0076188956360586,2.61052242017442,0.0
25.08302,24.01947,52.30198,3412.52184,-2.84118,41.28447,7.248024222169103,2.700079729752811,0.0
25.11727,24.05269,52.04814,3409.12165,-2.8455,41.30431,7.496502091020636,2.792644273746211,0.0
25.15147,24.08589,51.79445,3405.5808,-2.84358,41.32416,7.752679165717337,2.8880769744952346,0.0
25.18563,24.11909,51.54149,3401.89352,-2.83521,41.34403,8.016085340584997,2.986202705267013,0.0
25.21974,24.15227,51.28984,3398.05427,-2.82022,41.36392,8.28614615992619,3.086807466199416,0.0
25.25381,24.18544,51.04011,3394.05783,-2.79844,41.38382,8.56217596531863,3.189635831489385,0.0
25.28782,24.2186,50.79293,3389.89932,-2.7697,41.40374,8.84337207151918,3.2943887797639286,0.0
25.32178,24.25173,50.54891,3385.57436,-2.73389,41.42367,9.128810297497722,3.400722029272664,0.0
25.35569,24.28485,50.30869,3381.07904,-2.69088,41.44361,9.417442197023671,3.508245006208416,0.0
25.38955,24.31795,50.07292,3376.41007,-2.64061,41.46356,9.70809434004723,3.6165205770028344,0.0
25.42335,24.35103,49.84224,3371.56484,-2.583,41.48351,9.999469989144401,3.725065672846263,0.0
25.4571,24.38408,49.6173,3366.54146,-2.51806,41.50347,10.29015349135307,3.8333529257622443,0.0
25.49078,24.41711,49.39874,3361.33889,-2.44579,41.52344,10.57861766307785,3.9408134196788773,0.0
25.52441,24.45011,49.18719,3355.95697,-2.36624,41.5434,10.86323438218382,4.046840636262434,0.0
25.55797,24.48308,48.98327,3350.39648,-2.27953,41.56337,11.142288516945426,4.150795643817311,0.0
25.59147,24.51602,48.7876,3344.65924,-2.18578,41.58333,11.41399521673308,4.252013538521741,0.0
25.62491,24.54893,48.60077,3338.74809,-2.08519,41.60328,11.676520466617067,4.349811101558569,0.0
25.65828,24.58181,48.42334,3332.66698,-1.978,41.62324,11.928004671813586,4.443495584941946,0.0
25.69157,24.61465,48.25586,3326.42096,-1.86448,41.64318,12.166588893679851,4.532374485115815,0.0
25.7248,24.64746,48.09883,3320.01617,-1.74497,41.66311,12.390443214448082,4.615766109563642,0.0
25.75796,24.68022,47.95272,3313.45988,-1.61984,41.68303,12.597796571472557,4.693010690850436,0.0
25.79104,24.71294,47.81797,3306.7604,-1.48953,41.70294,12.786967282904982,4.763481758239991,0.0
25.82405,24.74562,47.69497,3299.92708,-1.35451,41.72283,12.956393394334793,4.8265974426168805,0.0
25.85698,24.77826,47.58406,3292.97022,-1.21527,41.74271,13.104661918538028,4.881831369062247,0.0
25.88983,24.81085,47.48554,3285.90099,-1.07238,41.76257,13.230536024535214,4.928722785493254,0.0
25.9226,24.8434,47.39964,3278.73134,-0.92641,41.78241,13.332979261937602,4.966885586869442,0.0
25.9553,24.87589,47.32656,3271.47391,-0.77797,41.80224,13.411175983051303,4.996015922963855,0.0
25.98791,24.90834,47.26642,3264.14186,-0.6277,41.82204,13.464547246341027,5.015898122821731,0.0
26.02044,24.94074,47.2193,3256.74878,-0.47623,41.84182,13.492761644878433,5.026408728642419,0.0
26.05288,24.97308,47.18521,3249.30855,-0.32422,41.86158,13.495740693936233,5.027518502799948,0.0
26.08525,25.00538,47.16411,3241.83517,-0.17235,41.88131,13.473658621722839,5.019292349886171,0.0
26.11752,25.03762,47.15591,3234.34265,-0.02125,41.90103,13.426936624073107,5.001887176431902,0.0
26.14972,25.0698,47.16045,3226.84488,0.12841,41.92072,13.356231854749188,4.975547789504296,0.0
26.18183,25.10194,47.17753,3219.35545,0.27601,41.94038,13.26242161569518,4.940601007160736,0.0
26.21385,25.13402,47.20688,3211.8876,0.42093,41.96003,13.146583375427646,4.897448214773544,0.0
26.24579,25.16604,47.24821,3204.45403,0.5626,41.97965,13.009971370778246,4.846556648563471,0.0
26.27764,25.19801,47.30115,3197.06688,0.70045,41.99925,12.85399063209932,4.7884497193053335,0.0
26.30941,25.22993,47.36532,3189.73756,0.83398,42.01883,12.680169313019377,4.723696704433897,0.0
26.3411,25.26179,47.44028,3182.47677,0.9627,42.03839,12.49013020394686,4.65290213607449,0.0
26.3727,25.2936,47.52557,3175.29438,1.08619,42.05793,12.285562267640456,4.5766951972940095,0.0
26.40422,25.32536,47.62069,3168.19939,1.20403,42.07744,12.068192961303849,4.49571941135296,0.0
26.43566,25.35707,47.72511,3161.19996,1.3159,42.09695,11.839762010272203,4.41062287171362,0.0
26.46702,25.38872,47.83829,3154.30334,1.42148,42.11643,11.601997181566212,4.322049217051486,0.0
26.4983,25.42033,47.95967,3147.5159,1.52051,42.1359,11.356592479525654,4.23062950855506,0.0
26.5295,25.45189,48.08865,3140.84313,1.61278,42.15535,11.105189058053359,4.136975119234504,0.0
26.56062,25.48339,48.22466,3134.28968,1.69813,42.1748,10.849359021086222,4.0416716991708554,0.0
26.59167,25.51485,48.36709,3127.85938,1.77642,42.19423,10.590592170296176,3.9452742386859514,0.0
26.62264,25.54627,48.51535,3121.55527,1.84756,42.21365,10.330285660122948,3.8483032145699347,0.0
26.65354,25.57764,48.66881,3115.37968,1.91151,42.23306,10.069736437871185,3.7512417738185255,0.0
26.68437,25.60897,48.82689,3109.33421,1.96823,42.25247,9.810136281393293,3.6545338850393065,0.0
26.71513,25.64025,48.98899,3103.41987,2.01776,42.27187,9.552569199102795,3.5585833698882934,0.0
26.74582,25.6715,49.1545,3097.63706,2.06013,42.29127,9.298010925461131,3.463753715125491,0.0
26.77644,25.70271,49.32286,3091.98565,2.09541,42.31066,9.047330228344066,3.3703685596432797,0.0
26.80699,25.73387,49.49348,3086.46505,2.1237,42.33005,8.801291740379366,3.278712749214199,0.0
26.83748,25.76501,49.6658,3081.07421,2.14511,42.34945,8.560560032635545,3.1890338540471874,0.0
26.86791,25.7961,49.83927,3075.81175,2.15978,42.36885,8.325704663284615,3.1015440495472952,0.0
26.89828,25.82717,50.01337,3070.67592,2.16786,42.38825,8.097205954184124,3.0164222682444897,0.0
26.92858,25.8582,50.18757,3065.6647,2.16951,42.40765,7.87546127245825,2.933816539847883,0.0
26.95883,25.8892,50.36137,3060.77583,2.16492,42.42707,7.660791620676893,2.8538464462608517,0.0
26.98901,25.92017,50.53428,3056.00684,2.15425,42.44649,7.45344836642876,2.776605628524067,0.0
27.01915,25.95111,50.70584,3051.35509,2.13772,42.46592,7.253619969051354,2.702164292699411,0.0
27.04922,25.98202,50.8756,3046.81779,2.11551,42.48536,7.061438586902129,2.630571671252334,0.0
27.07924,26.01291,51.04311,3042.39207,2.08784,42.50482,6.876986472500057,2.561858405410345,0.0
27.10921,26.04378,51.20798,3038.07495,2.0549,42.52429,6.700302084435385,2.496038822010218,0.0
27.13913,26.07462,51.36979,3033.86338,2.01691,42.54377,6.531385864141764,2.4331130854976024,0.0
27.169,26.10543,51.52818,3029.75428,1.97407,42.56327,6.370205642308217,2.373069211957734,0.0
27.19882,26.13623,51.68278,3025.74454,1.9266,42.58278,6.216701653799936,2.3158849373053823,0.0
27.22859,26.167,51.83324,3021.83105,1.8747,42.60232,6.070791151825523,2.2615294361835514,0.0
27.25831,26.19776,51.97924,3018.01066,1.81858,42.62187,5.932372621623393,2.2099648916725374,0.0
27.28799,26.2285,52.12046,3014.28028,1.75844,42.64144,5.801329601592482,2.1611479187616536,0.0
27.31762,26.25921,52.25663,3010.6368,1.69449,42.66104,5.677534125635388,2.1150308467126293,0.0
27.34721,26.28992,52.38745,3007.07715,1.62694,42.68065,5.560849804794903,2.0715628670502926,0.0
27.37676,26.3206,52.51267,3003.59828,1.55596,42.70029,5.451134569320865,2.03069105505463,0.0
27.40626,26.35128,52.63204,3000.19717,1.48176,42.71995,5.348243094204166,1.9923612733360165,0.0
27.43572,26.38193,52.74534,2996.87084,1.40453,42.73963,5.252028932244121,1.9565189664589397,0.0
27.46514,26.41258,52.85235,2993.61634,1.32445,42.75934,5.162346379043566,1.923109855701742,0.0
27.49451,26.44321,52.95286,2990.43076,1.24171,42.77908,5.079052094015734,1.8920805429243355,0.0
27.52385,26.47383,53.0467,2987.31122,1.15649,42.79884,5.002006500792645,1.8633790322571728,0.0
27.55315,26.50443,53.13369,2984.25486,1.06896,42.81863,4.931074989355687,1.8369551779265174,0.0
27.58241,26.53503,53.21367,2981.25887,0.9793,42.83844,4.86612894093963,1.8127610660581575,0.0
27.61163,26.56562,53.2865,2978.32045,0.88767,42.85829,4.807046595274567,1.7907513377478477,0.0
27.64082,26.59619,53.35205,2975.43683,0.79424,42.87816,4.753713778208403,1.7708834601198298,0.0
27.66997,26.62676,53.41019,2972.60527,0.69918,42.89806,4.706024506120278,1.7531179514867372,0.0
27.69908,26.65732,53.46084,2969.82303,0.60266,42.91798,4.663881481905981,1.7374185661172092,0.0
27.72815,26.68787,53.50388,2967.08738,0.50482,42.93794,4.627196495725614,1.723752443524944,0.0
27.75719,26.71841,53.53924,2964.39561,0.40582,42.95793,4.595890742080463,1.7120902265881728,0.0
27.7862,26.74894,53.56685,2961.74501,0.30583,42.97794,4.569895063277567,1.7024061522466194,0.0
27.81516,26.77947,53.58665,2959.13285,0.205,42.99799,4.549150127823557,1.694678117957899,0.0
27.8441,26.80999,53.59859,2956.55641,0.10347,43.01807,4.533606550862642,1.688887726563834,0.0
27.873,26.8405,53.60265,2954.01295,0.0014,43.03818,4.523224962373658,1.6850203116956546,0.0
27.90186,26.871,53.59881,2951.49972,-0.10105,43.05832,4.51797602751848,1.683064945354313,0.0
27.9307,26.9015,53.58704,2949.01392,-0.20374,43.07848,4.517840422235055,1.6830144288182474,0.0
27.95949,26.932,53.56735,2946.55275,-0.30652,43.09868,4.522808765910694,1.6848652675624127,0.0
27.98826,26.96248,53.53975,2944.11336,-0.40923,43.11892,4.53288151176154,1.6886176304217468,0.0
28.01699,26.99297,53.50427,2941.69286,-0.51173,43.13918,4.548068794348974,1.6942752927870206,0.0
28.04569,27.02344,53.46095,2939.2883,-0.61387,43.15947,4.5683902324879115,1.7018455631829916,0.0
28.07435,27.05391,53.40982,2936.89672,-0.71548,43.17979,4.593874684648955,1.7113391921492722,0.0
28.10298,27.08438,53.35095,2934.51505,-0.81643,43.20015,4.624559952808875,1.7227702619168392,0.0
28.13158,27.11484,53.2844,2932.1402,-0.91655,43.22053,4.660492429568979,1.7361560549503423,0.0
28.16014,27.14529,53.21027,2929.76898,-1.01569,43.24094,4.701726682227821,1.7515168990042438,0.0
28.18868,27.17574,53.12864,2927.39816,-1.11369,43.26139,4.748324966384759,1.7688759859273504,0.0
28.21717,27.20618,53.03961,2925.0244,-1.21038,43.28186,4.800356660545586,1.788259161038526,0.0
28.24564,27.23662,52.94332,2922.64431,-1.30561,43.30236,4.857897612135992,1.8096946794995066,0.0
28.27407,27.26705,52.83988,2920.25438,-1.39922,43.3229,4.921029384305032,1.8332129257293712,0.0
28.30247,27.29748,52.72944,2917.85105,-1.49102,43.34346,4.989838391931995,1.8588460915443676,0.0
28.33083,27.3279,52.61216,2915.43064,-1.58086,43.36405,5.064414914392819,1.886627808387426,0.0
28.35916,27.35831,52.48821,2912.98938,-1.66856,43.38467,5.144851971892642,1.9165927287324673,0.0
28.38746,27.38871,52.35777,2910.52341,-1.75394,43.40531,5.231244051598282,1.9487760515352412,0.0
28.41572,27.41911,52.22103,2908.02878,-1.83683,43.42598,5.323685669463117,1.983212986475243,0.0
28.44395,27.44951,52.0782,2905.50141,-1.91703,43.44668,5.422269753562803,2.01993815170574,0.0
28.47214,27.47989,51.92952,2902.93716,-1.99437,43.46741,5.527085835038569,2.0589848999325477,0.0
28.50029,27.51027,51.77521,2900.33177,-2.06866,43.48816,5.638218033455086,2.1003845679068225,0.0
28.52842,27.54063,51.61552,2897.68089,-2.13971,43.50893,5.7557428246319775,2.144165644883576,0.0
28.5565,27.57099,51.45073,2894.9801,-2.20731,43.52973,5.879726580835584,2.1903528562783783,0.0
28.58455,27.60134,51.28112,2892.22488,-2.27129,43.55055,6.010222875786884,2.2389661597119037,0.0
28.61256,27.63168,51.10697,2889.41063,-2.33143,43.57139,6.147269550352992,2.290019651902806,0.0
28.64053,27.66201,50.9286,2886.53269,-2.38754,43.59226,6.290885539088884,2.343520386471011,0.0
28.66847,27.69233,50.74633,2883.58636,-2.43943,43.61314,6.441067463148856,2.399467104707591,0.0
28.69636,27.72263,50.56051,2880.56687,-2.48688,43.63404,6.59778600156473,2.4578488837804198,0.0
28.72422,27.75293,50.37148,2877.46946,-2.52971,43.65497,6.760982060500407,2.5186437096806977,0.0
28.75204,27.78321,50.17962,2874.28931,-2.56771,43.67591,6.930562768963442,2.581816985520156,0.0
28.77981,27.81347,49.98531,2871.02167,-2.60068,43.69686,7.106397339474234,2.6473199895214172,0.0
28.80755,27.84372,49.78894,2867.66179,-2.62845,43.71783,7.2883128433757705,2.715088301209718,0.0
28.83524,27.87396,49.59093,2864.20499,-2.65081,43.73881,7.4760899626277055,2.785040218844424,0.0
28.86289,27.90417,49.39169,2860.64668,-2.6676,43.75981,7.669458792847943,2.857075195941592,0.0
28.89049,27.93437,49.19166,2856.98239,-2.67863,43.78082,7.868094785739724,2.9310723297213013,0.0
28.91805,27.96455,48.99128,2853.2078,-2.68374,43.80184,8.071614932480902,3.006888939319733,0.0
28.94556,27.99471,48.79102,2849.3188,-2.68279,43.82286,8.279574302490415,3.0843592763886143,0.0
28.97303,28.02485,48.59134,2845.31149,-2.67563,43.84389,8.491463063776372,3.1632934150964767,0.0
29.00045,28.05497,48.39271,2841.18224,-2.66214,43.86493,8.706704120867252,3.2434763721958846,0.0
29.02782,28.08506,48.19561,2836.92775,-2.64222,43.88597,8.924651513394135,3.324667510453174,0.0
29.05514,28.11513,48.00053,2832.54505,-2.61578,43.90702,9.144589721810538,3.406600280010829,0.0
29.08241,28.14517,47.80796,2828.0316,-2.58274,43.92806,9.365734025548287,3.4889823518099625,0.0
29.10963,28.17519,47.61839,2823.38528,-2.54308,43.9491,9.587232052269744,3.5714961947275383,0.0
29.13679,28.20517,47.4323,2818.60446,-2.49677,43.97014,9.808166643967906,3.6538001432740708,0.0
29.1639,28.23513,47.25019,2813.68804,-2.44383,43.99118,10.027560145895619,3.7355299953325964,0.0
29.19095,28.26505,47.07253,2808.6355,-2.38429,44.01221,10.24438019731498,3.8163011693652056,0.0
29.21795,28.29494,46.89981,2803.44691,-2.31824,44.03324,10.457547068788497,3.8957114377470377,0.0
29.24489,28.3248,46.73249,2798.12298,-2.24577,44.05425,10.665942549667529,3.9733442375895813,0.0
29.27177,28.35462,46.57102,2792.66508,-2.16703,44.07525,10.868420342283633,4.048772542850436,0.0
29.29859,28.3844,46.41584,2787.07528,-2.0822,44.09624,11.063817867619893,4.121563262256505,0.0
29.32535,28.41415,46.26736,2781.35634,-1.99147,44.11722,11.250969332593977,4.191282107210755,0.0
29.35204,28.44385,46.126,2775.51172,-1.89511,44.13818,11.42871985398574,4.257498853326879,0.0
29.37867,28.47351,45.99213,2769.54559,-1.7934,44.15913,11.59594038099646,4.319792899475239,0.0
29.40523,28.50313,45.86609,2763.46284,-1.68665,44.18005,11.751543110304034,4.377759010296522,0.0
29.43173,28.5327,45.74822,2757.26899,-1.57522,44.20096,11.894497047305222,4.43101311317392,0.0
29.45816,28.56223,45.6388,2750.97026,-1.45949,44.22184,12.023843337668994,4.479198009640151,0.0
29.48453,28.59171,45.5381,2744.57345,-1.33989,44.2427,12.138709976747622,4.521988855020108,0.0
29.51082,28.62114,45.44634,2738.08595,-1.21685,44.26354,12.238325502769165,4.559098259505368,0.0
29.53704,28.65052,45.36371,2731.51564,-1.09085,44.28436,12.322031293977913,4.590280869162545,0.0
29.56319,28.67986,45.29038,2724.87089,-0.96238,44.30514,12.389292120281965,4.615337296699654,0.0
29.58927,28.70913,45.22644,2718.16043,-0.83194,44.3259,12.439704645718855,4.634117288858271,0.0
29.61528,28.73836,45.17199,2711.39333,-0.70008,44.34664,12.473003637352237,4.646522039390906,0.0
29.64121,28.76753,45.12706,2704.57889,-0.56731,44.36734,12.489065706594484,4.652505582802119,0.0
29.66707,28.79665,45.09165,2697.72659,-0.43417,44.38802,12.487910486904495,4.652075233071939,0.0
29.69286,28.82571,45.06572,2690.84598,-0.30122,44.40866,12.469699233764137,4.645291062110247,0.0
29.71857,28.85472,45.04918,2683.94662,-0.16899,44.42928,12.434730914499102,4.632264443112168,0.0
29.74421,28.88367,45.04192,2677.03802,-0.03801,44.44987,12.383435933143659,4.613155712905078,0.0
29.76977,28.91256,45.04379,2670.12953,0.09119,44.47043,12.316367705321877,4.588171033370185,0.0
29.79525,28.9414,45.0546,2663.2303,0.21813,44.49095,12.234192357104108,4.557558553995527,0.0
29.82067,28.97018,45.07413,2656.3492,0.3423,44.51145,12.137676867580593,4.521603994672652,0.0
29.846,28.9989,45.10212,2649.49476,0.46325,44.53192,12.027676006058188,4.480625779458699,0.0
29.87126,29.02757,45.1383,2642.67515,0.58054,44.55236,11.905118430834154,4.434969858003869,0.0
29.89645,29.05618,45.18234,2635.89808,0.69375,44.57278,11.770992317726492,4.385004351800832,0.0
29.92156,29.08473,45.23393,2629.17082,0.80252,44.59316,11.626330874064042,4.331114157764911,0.0
29.9466,29.11323,45.29269,2622.50013,0.90648,44.61352,11.4721980694846,4.273695632580905,0.0
29.97157,29.14167,45.35827,2615.89225,1.00533,44.63386,11.30967488081976,4.213151468560795,0.0
29.99646,29.17005,45.43025,2609.35293,1.09877,44.65416,11.13984630696869,4.149885856342564,0.0
30.02128,29.19838,45.50824,2602.88732,1.18656,44.67445,10.96378936385204,4.084300012694645,0.0
30.04603,29.22666,45.59181,2596.50009,1.26849,44.69471,10.78256222126765,4.016788133708859,0.0
30.07072,29.25489,45.68053,2590.19535,1.34437,44.71495,10.597194595600678,3.9477338158321427,0.0
30.09533,29.28306,45.77397,2583.97667,1.41406,44.73517,10.408679466318661,3.8775069700430187,0.0
30.11987,29.31118,45.87168,2577.84715,1.47742,44.75536,10.217966141852818,3.806461238709923,0.0
30.14435,29.33925,45.97322,2571.80936,1.53439,44.77554,10.025954662948125,3.7349319106918575,0.0
30.16876,29.36727,46.07813,2565.86544,1.58489,44.79571,9.833491499507597,3.663234318299657,0.0
30.1931,29.39524,46.18597,2560.01704,1.6289,44.81586,9.641366470845998,3.591662690009471,0.0
30.21738,29.42316,46.29629,2554.26542,1.66641,44.83599,9.450310799072948,3.52048942529674,0.0
30.2416,29.45104,46.40866,2548.61144,1.69745,44.85611,9.260996190926027,3.4499647525948847,0.0
30.26575,29.47887,46.52263,2543.05558,1.72205,44.87622,9.074034834137763,3.3803167279418984,0.0
30.28984,29.50666,46.63778,2537.598,1.74028,44.89632,8.889980190059855,3.3117515302537344,0.0
30.31387,29.5344,46.75369,2532.23854,1.75221,44.9164,8.709328463801636,3.2444540089895613,0.0
30.33785,29.5621,46.86993,2526.97675,1.75796,44.93649,8.532520636119822,3.1785884410841563,0.0
30.36176,29.58976,46.98612,2521.81192,1.75762,44.95656,8.359944946880583,3.114299456102876,0.0
30.38562,29.61738,47.10185,2516.74313,1.75133,44.97663,8.191939727454963,3.0517130913834656,0.0
30.40942,29.64496,47.21674,2511.76921,1.73923,44.99669,8.028796488338815,2.990937942255736,0.0
30.43316,29.67251,47.33043,2506.88884,1.72147,45.01676,7.870763178026574,2.9320663760577803,0.0
30.45686,29.70001,47.44255,2502.1005,1.6982,45.03682,7.718047539316908,2.875175782448144,0.0
30.48049,29.72748,47.55276,2497.40257,1.6696,45.05688,7.570820499267383,2.8203298362531317,0.0
30.50408,29.75492,47.66073,2492.79324,1.63584,45.07694,7.42921953891854,2.7675797527776904,0.0
30.52762,29.78232,47.76614,2488.27064,1.5971,45.097,7.293351998079272,2.7169655189249116,0.0
30.5511,29.80969,47.86868,2483.83277,1.55357,45.11707,7.163298279165087,2.6685170867100876,0.0
30.57453,29.83703,47.96807,2479.47756,1.50543,45.13714,7.039114921797318,2.622255518629813,0.0
30.59792,29.86433,48.06401,2475.20285,1.45287,45.15722,6.920837526915982,2.5781940769709584,0.0
30.62126,29.89161,48.15626,2471.00643,1.39609,45.1773,6.808483515204033,2.5363392513962926,0.0
30.64455,29.91885,48.24454,2466.88604,1.33529,45.19738,6.702054709930625,2.4966917211215467,0.0
30.66779,29.94607,48.32864,2462.83936,1.27066,45.21748,6.601539738746744,2.4592472496474898,0.0
30.69099,29.97326,48.40831,2458.86403,1.2024,45.23758,6.5069162527091695,2.423997511404736,0.0
30.71414,30.00042,48.48336,2454.95766,1.1307,45.2577,6.4181529637510755,2.3909308507651534,0.0
30.73725,30.02756,48.55358,2451.11784,1.05577,45.27782,6.335211504262929,2.360032974784678,0.0
30.76032,30.05466,48.61879,2447.34211,0.97779,45.29796,6.258048114220227,2.331287581702788,0.0
30.78334,30.08175,48.67882,2443.628,0.89698,45.3181,6.186615162648381,2.304676927728203,0.0
30.80632,30.10881,48.7335,2439.97303,0.81352,45.33826,6.120862511122446,2.280182334978409,0.0
30.82926,30.13584,48.7827,2436.37467,0.72761,45.35843,6.060738727536552,2.2577846436407083,0.0
30.85215,30.16286,48.82628,2432.83039,0.63944,45.37861,6.006192158633402,2.2374646115176806,0.0
30.87501,30.18985,48.86411,2429.33763,0.5492,45.39881,5.957171869765293,2.2192032641128843,0.0
30.89782,30.21681,48.8961,2425.89382,0.4571,45.41902,5.913628460163878,2.2029821983402975,0.0
30.9206,30.24376,48.92214,2422.49636,0.36331,45.43925,5.875514761569348,2.1887838427820707,0.0
30.94333,30.27068,48.94216,2419.14262,0.26804,45.45949,5.842786427621757,2.1765916772523,0.0
30.96603,30.29758,48.95607,2415.82998,0.17147,45.47974,5.815402420736287,2.1663904141708783,0.0
30.98868,30.32446,48.96383,2412.55574,0.07378,45.50001,5.793325402536774,2.1581661440102513,0.0
31.0113,30.35132,48.96538,2409.31722,-0.02482,45.5203,5.776522033169081,2.1519064467975277,0.0
31.03388,30.37817,48.96069,2406.11168,-0.12416,45.5406,5.764963184019443,2.147600471357663,0.0
31.05642,30.40499,48.94973,2402.93637,-0.22405,45.56092,5.758624067573831,2.145238983689481,0.0
31.07893,30.43179,48.9325,2399.78848,-0.32429,45.58126,5.757484287363656,2.144814385571768,0.0
31.10139,30.45857,48.90898,2396.66519,-0.42471,45.60161,5.7615278100954805,2.146320704180859,0.0
31.12382,30.48533,48.87921,2393.56362,-0.52511,45.62197,5.770742861331535,2.1497535532288796,0.0
31.14621,30.51207,48.84319,2390.48085,-0.6253,45.64236,5.78512174527728,2.155110065829876,0.0
31.16856,30.5388,48.80096,2387.41393,-0.7251,45.66276,5.80466058854178,2.162388799043809,0.0
31.19088,30.5655,48.75256,2384.35985,-0.82433,45.68317,5.829359007029971,2.171589609785161,0.0
31.21316,30.59219,48.69807,2381.31556,-0.92278,45.70361,5.859219694516522,2.182713501555875,0.0
31.2354,30.61885,48.63754,2378.27795,-1.02027,45.72405,5.894247930879484,2.1957624412494456,0.0
31.25761,30.6455,48.57105,2375.24387,-1.11662,45.74452,5.934451007505626,2.2107391450992924,0.0
31.27978,30.67213,48.49871,2372.21011,-1.21163,45.765,5.979837566991641,2.227646832700085,0.0
31.30191,30.69874,48.42061,2369.17341,-1.30511,45.78549,6.030416853972244,2.2464889479214945,0.0
31.324,30.72533,48.33686,2366.13045,-1.39686,45.806,6.086197873810216,2.267268845498102,0.0
31.34606,30.7519,48.24761,2363.07786,-1.4867,45.82653,6.147188455845342,2.2899894420649813,0.0
31.36808,30.77845,48.15298,2360.01223,-1.57442,45.84706,6.213394218099727,2.3146528304831837,0.0
31.39006,30.80498,48.05314,2356.93007,-1.65984,45.86762,6.284817430729171,2.3412598564454776,0.0
31.41201,30.83149,47.94823,2353.82788,-1.74277,45.88818,6.361455776098312,2.369809656571709,0.0
31.43392,30.85798,47.83844,2350.70207,-1.82299,45.90876,6.443301004229638,2.4002991575281856,0.0
31.45579,30.88445,47.72395,2347.54904,-1.90033,45.92935,6.53033748350303,2.4327225361251195,0.0
31.47762,30.9109,47.60497,2344.36513,-1.97458,45.94995,6.622540647949314,2.467070640892624,0.0
31.49941,30.93733,47.48169,2341.14667,-2.04554,45.97056,6.719875344240478,2.5033303762910757,0.0
31.52117,30.96374,47.35435,2337.88995,-2.11303,45.99118,6.8222940836453105,2.5414840515185935,0.0
31.54288,30.99012,47.22317,2334.59123,-2.17686,46.01181,6.929735206682976,2.581508696796208,0.0
31.56456,31.01648,47.0884,2331.24679,-2.23682,46.03245,7.042120971160246,2.6233753511114224,0.0
31.58619,31.04282,46.95029,2327.85288,-2.29274,46.0531,7.159355577487277,2.6670483265963796,0.0
31.60779,31.06913,46.80911,2324.40578,-2.34443,46.07375,7.281323148814278,2.712484456075629,0.0
31.62935,31.09542,46.66514,2320.90179,-2.3917,46.09441,7.407885687533458,2.759632331809334,0.0
31.65086,31.12169,46.51865,2317.33725,-2.43438,46.11508,7.538881033880045,2.8084315450184367,0.0
31.67233,31.14793,46.36995,2313.70855,-2.4723,46.13575,7.674120856855843,2.8588119374508216,0.0
31.69376,31.17414,46.21934,2310.01215,-2.50529,46.15642,7.81338871226826,2.910692877949759,0.0
31.71515,31.20032,46.06713,2306.2446,-2.5332,46.17709,7.956438207221079,2.9639825786784213,0.0
31.7365,31.22648,45.91365,2302.40256,-2.55587,46.19777,8.1029913147782,3.0185774672877805,0.0
31.7578,31.25261,45.75922,2298.48281,-2.57318,46.21844,8.252736886573746,3.0743616328247443,0.0
31.77905,31.27871,45.60419,2294.48229,-2.58499,46.23911,8.405329414656395,3.1312063644865806,0.0
31.80027,31.30477,45.44889,2290.39812,-2.59119,46.25978,8.560388096482678,3.1889698033063314,0.0
31.82143,31.33081,45.29366,2286.22758,-2.59167,46.28045,8.717496258739612,3.2474967275115754,0.0
31.84255,31.35682,45.13887,2281.96821,-2.58636,46.3011,8.87620119598363,3.3066184924131865,0.0
31.86362,31.38279,44.98486,2277.61776,-2.57517,46.32176,9.036014478969005,3.3661531452657854,0.0
31.88465,31.40872,44.83199,2273.17427,-2.55807,46.3424,9.196412784560033,3.42590573443186,0.0
31.90562,31.43462,44.68061,2268.63607,-2.53502,46.36304,9.356839294214057,3.485668830353495,0.0
31.92655,31.46049,44.53108,2264.00179,-2.50601,46.38366,9.51670570092312,3.5452232731909366,0.0
31.94743,31.48632,44.38375,2259.2704,-2.47105,46.40427,9.675394855185184,3.6043391585164946,0.0
31.96825,31.51211,44.23897,2254.44123,-2.43018,46.42487,9.832264069029165,3.662777068150802,0.0
31.98903,31.53785,44.09709,2249.51401,-2.38344,46.44545,9.98664908334711,3.7202895480984375,0.0
32.00975,31.56356,43.95843,2244.48882,-2.33094,46.46602,10.137868688221454,3.7766228297413975,0.0
32.03042,31.58923,43.82334,2239.36617,-2.27277,46.48657,10.28522996856677,3.831518783978665,0.0
32.05103,31.61485,43.69212,2234.14701,-2.20908,46.5071,10.42803412908717,3.8847170911761157,0.0
32.07159,31.64043,43.56508,2228.83268,-2.14002,46.52761,10.565582833514492,3.9359576026995193,0.0
32.09209,31.66596,43.44253,2223.42498,-2.06579,46.54809,10.697184974243223,3.984982862781692,0.0
32.11254,31.69145,43.32473,2217.92614,-1.9866,46.56856,10.822163770463154,4.031540752763654,0.0
32.13293,31.71689,43.21195,2212.33881,-1.90271,46.589,10.93986407657325,4.0753872136711005,0.0
32.15326,31.74228,43.10444,2206.66607,-1.81437,46.60941,11.04965976878706,4.116288997919273,0.0
32.17353,31.76762,43.00243,2200.91141,-1.72189,46.6298,11.15096106729272,4.1540263970102105,0.0
32.19374,31.79291,42.90611,2195.07872,-1.62558,46.65016,11.243221644653934,4.188395889599151,0.0
32.2139,31.81815,42.81568,2189.17226,-1.52579,46.67049,11.325945369010373,4.219212653514109,0.0
32.23399,31.84334,42.73129,2183.19665,-1.42287,46.69079,11.398692533267477,4.246312886292968,0.0
32.25402,31.86847,42.65308,2177.15683,-1.31722,46.71106,11.461085429280368,4.269555881713668,0.0
32.27398,31.89354,42.58118,2171.05801,-1.20922,46.7313,11.512813138529918,4.288825814447067,0.0
32.29389,31.91857,42.51566,2164.90569,-1.09928,46.7515,11.553635428147983,4.304033191428881,0.0
32.31373,31.94353,42.45659,2158.70556,-0.98784,46.77167,11.583385662301028,4.315115936426661,0.0
32.33351,31.96844,42.40402,2152.46352,-0.87532,46.79181,11.60197266354321,4.322040083442809,0.0
32.35322,31.99329,42.35795,2146.18559,-0.76216,46.81192,11.609381485571674,4.3248000645862525,0.0
32.37287,32.01808,42.31837,2139.87789,-0.64879,46.83198,11.60567308693365,4.323418588519748,0.0
32.39246,32.04281,42.28524,2133.54661,-0.53567,46.85202,11.590982923450937,4.317946116100973,0.0
32.41198,32.06748,42.2585,2127.19793,-0.42323,46.87202,11.56551850443998,4.308459950010204,0.0
32.43143,32.0921,42.23807,2120.83804,-0.31189,46.89198,11.529555982981059,4.295062964535869,0.0
32.45082,32.11665,42.22383,2114.47304,-0.20208,46.91191,11.483435872807151,4.277882010002956,0.0
32.47015,32.14114,42.21565,2108.10893,-0.09422,46.9318,11.42755800290913,4.257066033230702,0.0
32.4894,32.16558,42.21337,2101.7516,0.0113,46.95166,11.362375835272363,4.232783960739956,0.0
32.5086,32.18995,42.21683,2095.40674,0.1141,46.97148,11.288390280857366,4.205222395043274,0.0
32.52773,32.21426,42.22582,2089.07986,0.2138,46.99126,11.206143153982486,4.174583176230232,0.0
32.54679,32.23851,42.24014,2082.77625,0.31007,47.01101,11.116210405704527,4.1410808612236725,0.0
32.56579,32.2627,42.25956,2076.50094,0.40258,47.03073,11.01919527305842,4.10494017169123,0.0
32.58472,32.28683,42.28383,2070.25872,0.49103,47.05042,10.91572147339384,4.066393458756651,0.0
32.60359,32.3109,42.3127,2064.05409,0.57514,47.07007,10.806426562386553,4.025678228684255,0.0
32.6224,32.33491,42.34589,2057.89124,0.65465,47.08968,10.69195556102277,3.9830347687629297,0.0
32.64114,32.35886,42.38314,2051.7741,0.72933,47.10927,10.572954941832988,3.9387039070200034,0.0
32.65982,32.38275,42.42415,2045.70626,0.79899,47.12883,10.450067048576527,3.892924933406902,0.0
32.67844,32.40658,42.46862,2039.69101,0.86345,47.14835,10.323925006991013,3.845933703919433,0.0
32.697,32.43036,42.51626,2033.73134,0.92253,47.16785,10.195148167933276,3.7979609430478667,0.0
32.71549,32.45407,42.56675,2027.82994,0.97613,47.18732,10.064338108598573,3.7492307541258865,0.0
32.73393,32.47773,42.61979,2021.98919,1.02413,47.20676,9.932075202970136,3.6999593417328027,0.0
32.7523,32.50134,42.67507,2016.21116,1.06646,47.22618,9.798915759638888,3.650353945456096,0.0
32.77062,32.52489,42.73226,2010.49766,1.10305,47.24557,9.665389713715564,3.6006119800679457,0.0
32.78887,32.54838,42.79107,2004.85022,1.13386,47.26493,9.531998849978129,3.550920373600895,0.0
32.80707,32.57182,42.85118,1999.27009,1.15889,47.28428,9.399215526623449,3.5014550919117724,0.0
32.82521,32.59521,42.91228,1993.75828,1.17813,47.3036,9.267481863013629,3.45238083609582,0.0
32.8433,32.61854,42.97406,1988.31555,1.19161,47.3229,9.137209350553519,3.403850897528334,0.0
32.86132,32.64183,43.03622,1982.94242,1.19937,47.34218,9.008778843085416,3.356007154286439,0.0
32.8793,32.66506,43.09848,1977.63922,1.20147,47.36144,8.882540881942726,3.3089801922401265,0.0
32.89722,32.68824,43.16053,1972.40606,1.19798,47.38069,8.758816310627664,3.262889534035872,0.0
32.91508,32.71137,43.2221,1967.24285,1.189,47.39992,8.637897135033606,3.2178439595520953,0.0
32.93289,32.73446,43.2829,1962.14933,1.17462,47.41913,8.520047586878302,3.1739419020560136,0.0
32.95065,32.75749,43.34268,1957.12508,1.15495,47.43833,8.40550535032767,3.1312719051532776,0.0
32.96836,32.78048,43.40116,1952.16951,1.13012,47.45751,8.29448291467901,3.089913126698061,0.0
32.98601,32.80342,43.4581,1947.28188,1.10028,47.47668,8.187169019111193,3.049935877000521,0.0
33.00362,32.82632,43.51326,1942.46135,1.06555,47.49584,8.08373015879886,3.011402179893962,0.0
33.02118,32.84917,43.56639,1937.7069,1.0261,47.51499,7.984312125117645,2.9743663465018115,0.0
33.03868,32.87198,43.61729,1933.01745,0.98209,47.53413,7.889041555995004,2.938875552784088,0.0
33.05614,32.89475,43.66572,1928.39177,0.93369,47.55326,7.798027475707847,2.9049704131525456,0.0
33.07355,32.91747,43.71149,1923.82855,0.88106,47.57239,7.711362806510193,2.8726855435917362,0.0
33.09092,32.94015,43.7544,1919.32639,0.82439,47.5915,7.629125837356008,2.842050108796918,0.0
33.10824,32.96279,43.79428,1914.88379,0.76387,47.61061,7.551381637578008,2.8130883488066063,0.0
33.12551,32.98539,43.83093,1910.49919,0.69968,47.62972,7.478183405806403,2.785820081510294,0.0
33.14273,33.00795,43.86421,1906.17093,0.63202,47.64882,7.409573746505703,2.760261178192001,0.0
33.15991,33.03047,43.89396,1901.8973,0.56107,47.66791,7.345585868349159,2.736424009956286,0.0
33.17705,33.05295,43.92004,1897.67651,0.48705,47.68701,7.286244700315379,2.714317863503603,0.0
33.19414,33.07539,43.94231,1893.50672,0.41015,47.70609,7.231567922694824,2.693949325207344,0.0
33.21119,33.09779,43.96067,1889.38602,0.33057,47.72518,7.181566911385843,2.6753226328889625,0.0
33.2282,33.12016,43.97498,1885.31245,0.24852,47.74427,7.136247594769946,2.658439995026556,0.0
33.24516,33.14249,43.98517,1881.28399,0.16421,47.76335,7.095611223249641,2.6433018774279584,0.0
33.26208,33.16479,43.99113,1877.29857,0.07785,47.78243,7.059655052065275,2.6299072575979796,0.0
33.27896,33.18705,43.99279,1873.35408,-0.01036,47.80152,7.0283729385178875,2.618253847219634,0.0
33.2958,33.20927,43.99009,1869.44835,-0.10021,47.8206,7.0017558549742285,2.6083382832620035,0.0
33.31259,33.23145,43.98297,1865.57915,-0.19148,47.83968,6.979792319303562,2.6001562883292775,0.0
33.32935,33.25361,43.97138,1861.74423,-0.28396,47.85877,6.962468744489578,2.5937028009003824,0.0
33.34606,33.27573,43.95528,1857.94128,-0.37744,47.87785,6.949769709211655,2.5889720761276283,0.0
33.36274,33.29781,43.93465,1854.16795,-0.47171,47.89694,6.941678151221861,2.5859577578747257,0.0
33.37937,33.31986,43.90948,1850.42184,-0.56655,47.91602,6.93817548527073,2.584652922647242,0.0
33.39597,33.34187,43.87976,1846.70051,-0.66175,47.93511,6.939241647321452,2.585050096063548,0.0
33.41252,33.36386,43.8455,1843.00148,-0.7571,47.9542,6.944855066684751,2.5871412424743285,0.0
33.42904,33.3858,43.80671,1839.32221,-0.85238,47.97329,6.9549925676819075,2.5909177283294738,0.0
33.44552,33.40772,43.76342,1835.66016,-0.94738,47.99238,6.969629202376202,2.5963702598661356,0.0
33.46195,33.4296,43.71567,1832.01271,-1.04188,48.01148,6.9887380159219505,2.6034887956950707,0.0
33.47835,33.45145,43.6635,1828.37722,-1.13568,48.03057,7.012289746091071,2.612262434866383,0.0
33.49471,33.47326,43.60698,1824.75101,-1.22855,48.04967,7.0402524586366875,2.622679281032873,0.0
33.51103,33.49505,43.54616,1821.13136,-1.3203,48.06876,7.072591120284715,2.634726283378161,0.0
33.52731,33.51679,43.48112,1817.51554,-1.4107,48.08786,7.10926711137943,2.648389055064346,0.0
33.54355,33.53851,43.41195,1813.90075,-1.49955,48.10696,7.150237680481172,2.663651670055297,0.0
33.55976,33.56019,43.33875,1810.28419,-1.58663,48.12606,7.195455343636002,2.6804964393287922,0.0
33.57592,33.58184,43.26162,1806.66304,-1.67174,48.14516,7.2448672315117015,2.698903667667506,0.0
33.59205,33.60346,43.18067,1803.03443,-1.75468,48.16426,7.298414388180734,2.718851392437206,0.0
33.60813,33.62504,43.09603,1799.3955,-1.83524,48.18335,7.356031026031503,2.7403151060215984,0.0
33.62418,33.64658,43.00784,1795.74337,-1.91321,48.20245,7.417643742106025,2.763267463887483,0.0
33.64019,33.6681,42.91622,1792.07514,-1.98841,48.22154,7.483170702055761,2.787677980586841,0.0
33.65616,33.68958,42.82135,1788.38793,-2.06062,48.24064,7.5525207989671355,2.813512716397196,0.0
33.67209,33.71102,42.72336,1784.67884,-2.12967,48.25973,7.625592795353746,2.840733957691146,0.0
33.68798,33.73243,42.62244,1780.94501,-2.19537,48.27881,7.70227445788792,2.869299894601096,0.0
33.70383,33.7538,42.51876,1777.18358,-2.25752,48.29789,7.782441695650369,2.899164299994581,0.0
33.71964,33.77514,42.41249,1773.39171,-2.31596,48.31697,7.865957714031743,2.9302762142803376,0.0
33.73541,33.79645,42.30383,1769.56662,-2.37051,48.33604,7.952672197699865,2.962579641042095,0.0
33.75114,33.81771,42.19298,1765.70556,-2.421,48.35511,8.042420537401677,2.9960132590019577,0.0
33.76683,33.83894,42.08014,1761.80583,-2.46728,48.37416,8.13502311659352,3.0305101562714163,0.0
33.78248,33.86013,41.96552,1757.8648,-2.5092,48.39321,8.230284675043947,3.0659975932766543,0.0
33.79809,33.88129,41.84934,1753.87994,-2.54662,48.41226,8.327993767565392,3.102396801121843,0.0
33.81365,33.9024,41.73181,1749.84876,-2.5794,48.43129,8.427922336769196,3.139622822429157,0.0
33.82918,33.92348,41.61316,1745.76892,-2.60743,48.45031,8.529825419311264,3.177584401907546,0.0
33.84466,33.94452,41.49363,1741.63816,-2.63059,48.46932,8.633441005182629,3.2161839339347735,0.0
33.8601,33.96551,41.37344,1737.45435,-2.64879,48.48831,8.738490069457196,3.2553174743842805,0.0
33.87549,33.98647,41.25282,1733.21551,-2.66195,48.5073,8.844676795157767,3.294874823648647,0.0
33.89085,34.00738,41.13203,1728.91981,-2.66999,48.52627,8.951689004756348,3.334739687384811,0.0
33.90615,34.02826,41.01129,1724.56556,-2.67286,48.54522,9.059198816029788,3.3747899208375474,0.0
33.92142,34.04909,40.89084,1720.15127,-2.67052,48.56416,9.16686353564979,3.414897861725264,0.0
33.93664,34.06987,40.77093,1715.67563,-2.66295,48.58308,9.274326800962553,3.454930755582952,0.0
33.95181,34.09061,40.65179,1711.13752,-2.65015,48.60198,9.381219976794739,3.4947512761091657,0.0
33.96694,34.11131,40.53365,1706.53605,-2.63213,48.62086,9.487163809971532,3.5342181415175378,0.0
33.98202,34.13196,40.41676,1701.87052,-2.60891,48.63972,9.59177033956452,3.5731868261543682,0.0
33.99706,34.15257,40.30133,1697.14049,-2.58056,48.65855,9.69464505569483,3.6115103647095954,0.0
34.01205,34.17312,40.18759,1692.34575,-2.54714,48.67737,9.795389294151853,3.649040244275284,0.0
34.02699,34.19363,40.07577,1687.4863,-2.50874,48.69616,9.893602848400452,3.6856273773870236,0.0
34.04188,34.21409,39.96607,1682.56244,-2.46548,48.71492,9.988886774599308,3.7211231469670825,0.0
34.05673,34.2345,39.8587,1677.5747,-2.41749,48.73366,10.08084635954942,3.7553805119633004,0.0
34.07152,34.25487,39.75385,1672.52385,-2.36492,48.75237,10.169094215947545,3.788255160412448,0.0
34.08627,34.27517,39.65171,1667.41093,-2.30795,48.77105,10.253253464345939,3.819606694803945,0.0
34.10096,34.29543,39.55247,1662.23724,-2.24677,48.78971,10.33296095681682,3.8492998329796944,0.0
34.11561,34.31564,39.45627,1657.00431,-2.18159,48.80833,10.407870493861148,3.8772056065172493,0.0
34.1302,34.33579,39.36328,1651.71394,-2.11264,48.82692,10.477655983639693,3.903202537626501,0.0
34.14474,34.35588,39.27365,1646.36815,-2.04018,48.84548,10.542014491306704,3.927177775106713,0.0
34.15924,34.37592,39.18749,1640.96918,-1.96447,48.864,10.60066912624973,3.9490281699193184,0.0
34.17367,34.39591,39.10493,1635.5195,-1.88579,48.8825,10.653371716383642,3.9686612714328033,0.0
34.18806,34.41584,39.02606,1630.02178,-1.80445,48.90095,10.699905221417875,3.9859962264282602,0.0
34.20239,34.43571,38.95097,1624.47889,-1.72074,48.91938,10.74008584103596,4.000964564451726,0.0
34.21667,34.45552,38.87974,1618.89384,-1.635,48.93776,10.77376477929348,4.0135108550988505,0.0
34.2309,34.47527,38.81242,1613.26984,-1.54756,48.95611,10.800829632956049,4.023593225207315,0.0
34.24507,34.49497,38.74905,1607.61022,-1.45875,48.97442,10.821205378868058,4.03118372667768,0.0
34.25919,34.51461,38.68965,1601.9184,-1.36893,48.9927,10.834854943490722,4.0362685486412815,0.0
34.27325,34.53418,38.63424,1596.19795,-1.27844,49.01093,10.841779346315995,4.0388480708857,0.0
34.28726,34.5537,38.5828,1590.45248,-1.18764,49.02913,10.84201741749583,4.038936758664217,0.0
34.30121,34.57315,38.53533,1584.68567,-1.09688,49.04729,10.835645098712,4.036562902251443,0.0
34.3151,34.59254,38.49178,1578.90124,-1.00653,49.06541,10.822774344495837,4.031768207655997,0.0
34.32895,34.61187,38.45211,1573.10293,-0.91692,49.08349,10.803551648878091,4.0246072477588255,0.0
34.34273,34.63114,38.41624,1567.29447,-0.8284,49.10153,10.778156229051165,4.015146785679585,0.0
34.35646,34.65035,38.3841,1561.47958,-0.74132,49.11953,10.746797903515597,4.0034649843303844,0.0
34.37014,34.66949,38.3556,1555.66192,-0.656,49.13749,10.709714706814843,3.9896505178417256,0.0
34.38376,34.68857,38.33063,1549.8451,-0.57276,49.15542,10.667170286400507,3.973801601826314,0.0
34.39732,34.70759,38.30908,1544.03268,-0.49192,49.1733,10.619451129227489,3.9560249602127744,0.0
34.41083,34.72654,38.29082,1538.2281,-0.41376,49.19115,10.566863666624574,3.9364347467337715,0.0
34.42428,34.74543,38.27571,1532.43471,-0.33857,49.20895,10.509731305533293,3.915151438984379,0.0
34.43767,34.76426,38.2636,1526.65574,-0.26662,49.22672,10.448391432791732,3.8923007224389616,0.0
34.45102,34.78303,38.25434,1520.8943,-0.19816,49.24445,10.383192436633694,3.868012380881258,0.0
34.4643,34.80173,38.24776,1515.15336,-0.13341,49.26215,10.314490786218832,3.842419208452507,0.0
34.47753,34.82037,38.2437,1509.43576,-0.0726,49.2798,10.242648206069216,3.8156559570547266,0.0
34.49071,34.83895,38.24197,1503.74417,-0.01593,49.29742,10.168028977661779,3.7878583311228944,0.0
34.50383,34.85746,38.24238,1498.08112,0.03644,49.31501,10.090997395675645,3.759162040010154,0.0
34.5169,34.87592,38.24476,1492.44896,0.08434,49.33256,10.011915401249567,3.729701916313938,0.0
34.52992,34.89431,38.24891,1486.84989,0.12762,49.35007,9.931140409654393,3.699611106626796,0.0
34.54288,34.91264,38.25463,1481.28596,0.16617,49.36755,9.84902334475605,3.66902033932215,0.0
34.55579,34.93091,38.26173,1475.75903,0.19989,49.385,9.76590688800275,3.6380572722559505,0.0
34.56864,34.94912,38.27001,1470.2708,0.22869,49.40242,9.68212394528048,3.606845921630008,0.0
34.58145,34.96727,38.27927,1464.82281,0.25251,49.4198,9.597996330994537,3.5755061717777425,0.0
34.5942,34.98536,38.28931,1459.41645,0.27129,49.43715,9.513833665227253,3.544153364326418,0.0
34.6069,35.00339,38.29993,1454.05293,0.28501,49.45448,9.429932476765854,3.5128979640514184,0.0
34.61955,35.02136,38.31094,1448.73331,0.29367,49.47177,9.346575502305397,3.4818452978109002,0.0
34.63214,35.03927,38.32215,1443.45849,0.29725,49.48904,9.26403116998836,3.451095362150709,0.0
34.64469,35.05713,38.33335,1438.22925,0.29579,49.50628,9.18255325397338,3.420742694622135,0.0
34.65719,35.07493,38.34436,1433.04619,0.28932,49.52349,9.102380685482263,3.3908763033919604,0.0
34.66964,35.09267,38.35499,1427.90979,0.27789,49.54068,9.023737505146018,3.3615796494901,0.0
34.68204,35.11035,38.36507,1422.82039,0.26156,49.55784,8.94683294105551,3.3329306758855233,0.0
34.69439,35.12798,38.37442,1417.77819,0.24042,49.57497,8.871861596901226,3.305001877573268,0.0
34.7067,35.14556,38.38287,1412.78327,0.21455,49.59209,8.79900373480857,3.2778604069380286,0.0
34.71895,35.16308,38.39024,1407.83559,0.18406,49.60918,8.72842563798516,3.251568208849817,0.0
34.73116,35.18054,38.39638,1402.935,0.14906,49.62625,8.66028003888255,3.2261821801654715,0.0
34.74332,35.19795,38.40114,1398.08123,0.10968,49.6433,8.594706599408802,3.20175434862047,0.0
34.75544,35.21531,38.40436,1393.2739,0.06605,49.66033,8.53183243061335,3.1783320664252197,0.0
34.76751,35.23262,38.40591,1388.51252,0.01831,49.67733,8.471772640203856,3.1559582142294897,0.0
34.77954,35.24987,38.40565,1383.79653,-0.03337,49.69432,8.414630897292952,3.1346714115054364,0.0
34.79152,35.26708,38.40345,1379.12524,-0.08884,49.7113,8.360500004774499,3.1145062297728114,0.0
34.80345,35.28423,38.39919,1374.49789,-0.14794,49.72825,8.309462470703291,3.0954934054529453,0.0
34.81534,35.30133,38.39277,1369.91363,-0.21047,49.74519,8.261591071103025,3.0776600495295163,0.0
34.82719,35.31838,38.38406,1365.37153,-0.27627,49.76211,8.21694939751435,3.061029851524611,0.0
34.839,35.33538,38.37298,1360.87056,-0.34515,49.77902,8.175592383520291,3.0456232756432953,0.0
34.85076,35.35233,38.35944,1356.40964,-0.4169,49.79591,8.137566805336942,3.0314577472568205,0.0
34.86248,35.36923,38.34335,1351.98761,-0.49134,49.81278,8.102911752314313,3.0185478281765685,0.0
34.87415,35.38609,38.32464,1347.60321,-0.56826,49.82965,8.071659063965445,3.006905379458895,0.0
34.88579,35.40289,38.30323,1343.25516,-0.64746,49.84649,8.043833730753036,2.9965397107086935,0.0
34.89738,35.41965,38.27908,1338.94208,-0.72872,49.86333,8.019454256531557,2.98745771509862,0.0
34.90893,35.43636,38.25213,1334.66253,-0.81183,49.88015,7.9985329810492685,2.9796639895095796,0.0
34.92045,35.45302,38.22234,1330.41503,-0.89657,49.89696,7.981076361454356,2.9731609393991696,0.0
34.93192,35.46964,38.18967,1326.19803,-0.98273,49.91376,7.967085212205873,2.967948868174817,0.0
34.94335,35.48621,38.15409,1322.00992,-1.07009,49.93055,7.956554903185832,2.9640260509957477,0.0
34.95473,35.50273,38.11559,1317.84906,-1.15842,49.94732,7.949475516245476,2.9613887930905833,0.0
34.96608,35.51921,38.07416,1313.71373,-1.24751,49.96408,7.945831960736587,2.9600314727958073,0.0
34.97739,35.53564,38.02979,1309.60218,-1.33712,49.98084,7.945604048958211,2.9599465696616427,0.0
34.98866,35.55203,37.98249,1305.51261,-1.42704,49.99758,7.948766532721497,2.9611246780734226,0.0
34.99989,35.56837,37.93226,1301.4432,-1.51704,50.01431,7.955289102627457,2.9635545069825353,0.0
35.01109,35.58467,37.87913,1297.39206,-1.60689,50.03102,7.965136351881022,2.96722286642621,0.0
35.02224,35.60092,37.82312,1293.35729,-1.69638,50.04773,7.978267706821232,2.9721146416481803,0.0
35.03335,35.61713,37.76428,1289.33693,-1.78528,50.06443,7.994637326647391,2.9782127557440434,0.0
35.04442,35.63329,37.70264,1285.32902,-1.87337,50.08111,8.014193975133674,2.985498121871575,0.0
35.05546,35.6494,37.63824,1281.33155,-1.96044,50.09779,8.036880867434776,2.993949586181797,0.0
35.06646,35.66547,37.57115,1277.34252,-2.04625,50.11445,8.062635495442828,3.003543862759843,0.0
35.07742,35.6815,37.50144,1273.35987,-2.13061,50.1311,8.091389435467368,3.01425546198068,0.0
35.08834,35.69748,37.42916,1269.38156,-2.21331,50.14774,8.12306814237152,3.02605661381942,0.0
35.09922,35.71342,37.35439,1265.40552,-2.29412,50.16437,8.157590734644545,3.0389171877851915,0.0
35.11006,35.72931,37.27723,1261.42969,-2.37286,50.18098,8.194869775230112,3.052804611273906,0.0
35.12087,35.74516,37.19774,1257.45201,-2.44932,50.19759,8.234811053300152,3.0676837882732704,0.0
35.13163,35.76096,37.11604,1253.4704,-2.52331,50.21418,8.277313372451314,3.0835170204603997,0.0
35.14236,35.77672,37.03222,1249.48282,-2.59465,50.23075,8.322268351185317,3.1002639328754937,0.0
35.15305,35.79243,36.94639,1245.48723,-2.66315,50.24731,8.369560241744715,3.1178814064333986,0.0
35.1637,35.8081,36.85865,1241.48162,-2.72864,50.26386,8.419065773696621,3.1363235196544235,0.0
35.17431,35.82373,36.76912,1237.464,-2.79095,50.2804,8.470654028790106,3.1555415020454305,0.0
35.18489,35.8393,36.67793,1233.43242,-2.84992,50.29691,8.524186353794581,3.1754837016298385,0.0
35.19542,35.85483,36.58519,1229.38497,-2.9054,50.31342,8.579516318071818,3.196095569142087,0.0
35.20592,35.87032,36.49103,1225.31978,-2.95726,50.3299,8.636489722595446,3.217319661387631,0.0
35.21638,35.88576,36.39558,1221.23505,-3.00536,50.34637,8.694944667018705,3.239095666227448,0.0
35.2268,35.90115,36.29899,1217.12902,-3.04959,50.36283,8.754711681133239,3.2613604515498973,0.0
35.23718,35.9165,36.20138,1213.00001,-3.08982,50.37926,8.815613926686957,3.2840481404531787,0.0
35.24752,35.93179,36.10289,1208.84641,-3.12597,50.39567,8.877467475043414,3.3070902146807635,0.0
35.25782,35.94705,36.00366,1204.6667,-3.15794,50.41207,8.94008166547847,3.330415648096324,0.0
35.26809,35.96225,35.90384,1200.45945,-3.18567,50.42845,9.00325954813522,3.3539510716961014,0.0
35.27831,35.97741,35.80358,1196.22329,-3.2091,50.4448,9.066798414691876,3.377620971296651,0.0
35.28849,35.99251,35.703,1191.957,-3.22819,50.46113,9.13049041870224,3.4013479186279967,0.0
35.29863,36.00757,35.60226,1187.65944,-3.24289,50.47744,9.194123286335344,3.42505283610284,0.0
35.30874,36.02258,35.50149,1183.32959,-3.2532,50.49373,9.257481116839076,3.4486552950103304,0.0
35.3188,36.03754,35.40085,1178.96655,-3.25911,50.50999,9.320345270623449,3.4720738463504426,0.0
35.32882,36.05245,35.30046,1174.56955,-3.26065,50.52623,9.382495341220785,3.495226382914725,0.0
35.3388,36.06731,35.20047,1170.13793,-3.25784,50.54244,9.443710205827138,3.5180305306406154,0.0
35.34874,36.08212,35.10101,1165.67118,-3.25073,50.55863,9.503769147384624,3.5404040666166368,0.0
35.35864,36.09688,35.00221,1161.16892,-3.23938,50.57479,9.562453039571276,3.562265360522296,0.0
35.3685,36.11158,34.90421,1156.63092,-3.22388,50.59092,9.619545584445163,3.5835338356830837,0.0
35.37831,36.12624,34.80711,1152.05709,-3.20431,50.60703,9.674834590937383,3.6041304453427485,0.0
35.38808,36.14084,34.71106,1147.44746,-3.1808,50.6231,9.72811328106117,3.6239781592605658,0.0
35.39781,36.15538,34.61615,1142.80224,-3.15347,50.63915,9.77918160945547,3.6430024552760307,0.0
35.4075,36.16988,34.52249,1138.12176,-3.12247,50.65516,9.827847580927394,3.6611318101280967,0.0
35.41715,36.18432,34.4302,1133.4065,-3.08796,50.67114,9.873928549888639,3.6782981835294257,0.0
35.42675,36.1987,34.33936,1128.65709,-3.05011,50.68709,9.917252485188744,3.694437489350057,0.0
35.43631,36.21304,34.25006,1123.87428,-3.00911,50.70301,9.957659183674808,3.709490047700339,0.0
35.44582,36.22731,34.16239,1119.05897,-2.96517,50.71889,9.995001416048016,3.723401011792624,0.0
35.4553,36.24153,34.07642,1114.21218,-2.9185,50.73474,10.029145989127514,3.7361207636625253,0.0
35.46472,36.25569,33.99222,1109.33508,-2.86933,50.75055,10.059974709498244,3.747605273153074,0.0
35.47411,36.2698,33.90985,1104.42894,-2.81789,50.76633,10.087385234784136,3.7578164150363946,0.0
35.48345,36.28385,33.82935,1099.49515,-2.76445,50.78208,10.11129180028706,3.766722239705829,0.0
35.49274,36.29784,33.75077,1094.53521,-2.70925,50.79779,10.131625810506078,3.7742971935324214,0.0
35.50199,36.31178,33.67415,1089.5507,-2.65256,50.81346,10.148336287179259,3.780522285772285,0.0
35.5112,36.32565,33.59951,1084.54334,-2.59466,50.82909,10.161390167613499,3.7853851997023047,0.0
35.52036,36.33947,33.52686,1079.51487,-2.53582,50.84469,10.170772449512395,3.788880346572337,0.0
35.52948,36.35323,33.45622,1074.46717,-2.47633,50.86025,10.176486180875177,3.7910088618422932,0.0
35.53855,36.36693,33.38759,1069.40213,-2.41647,50.87577,10.178552296055747,3.7917785441098184,0.0
35.54757,36.38057,33.32095,1064.32173,-2.35653,50.89125,10.177009301432303,3.7912037380139525,0.0
35.55655,36.39415,33.2563,1059.22798,-2.29679,50.9067,10.171912816437521,3.7893051632568064,0.0
35.56548,36.40767,33.19359,1054.12294,-2.23755,50.92211,10.163334977845762,3.78610969268486,0.0
35.57437,36.42113,33.13282,1049.00868,-2.17908,50.93747,10.151363717155574,3.7816500830949384,0.0
35.58321,36.43453,33.07392,1043.88731,-2.12166,50.9528,10.136101922580318,3.775964663053673,0.0
35.59201,36.44786,33.01686,1038.76094,-2.06557,50.96809,10.117666498531065,3.769096982530126,0.0
35.60076,36.46114,32.96158,1033.63167,-2.01108,50.98335,10.09618733663022,3.761095429571298,0.0
35.60946,36.47436,32.90802,1028.5016,-1.95844,50.99856,10.07180621305623,3.752012819534017,0.0
35.61812,36.48751,32.85611,1023.37282,-1.90792,51.01374,10.044675627442391,3.741905962544193,0.0
35.62674,36.50061,32.80578,1018.24738,-1.85974,51.02888,10.01495759877511,3.7308352149372372,0.0
35.6353,36.51364,32.75695,1013.12731,-1.81416,51.04398,9.982822433531767,3.7188640203570063,0.0
35.64383,36.52661,32.70953,1008.01459,-1.77138,51.05904,9.94844748089155,3.7060584460390875,0.0
35.6523,36.53953,32.66344,1002.91118,-1.73162,51.07406,9.912015889177088,3.692486719552582,0.0
35.66073,36.55238,32.61858,997.81895,-1.69508,51.08905,9.873715376781824,3.6782187709382144,0.0
