0.05112,0.05112,53.77168,5400.8753,-0.33817,45.00009,14.764734083725271,5.500251929721951,0.0
0.10217,0.10217,53.73539,5392.67905,-0.17546,45.00022,14.795303616677014,5.511639885079294,0.0
0.15314,0.15314,53.72212,5384.43804,-0.01263,45.00037,14.77768530831278,5.5050766016480255,0.0
0.20403,0.20403,53.73177,5376.17914,0.14955,45.00056,14.71241929187694,5.480763293273432,0.0
0.25484,0.25485,53.76413,5367.92892,0.31032,45.00078,14.600721171513422,5.439152804483597,0.0
0.30558,0.30558,53.81887,5359.7133,0.46897,45.00103,14.444439657178835,5.380933828379844,0.0
0.35623,0.35624,53.89558,5351.55716,0.62477,45.00131,14.24599610514461,5.307008383882997,0.0
0.40681,0.40682,53.99375,5343.48408,0.77708,45.00162,14.008309235524356,5.218463771031526,0.0
0.4573,0.45732,54.11278,5335.51603,0.92528,45.00196,13.734708886502773,5.116540442162546,0.0
0.50772,0.50775,54.25199,5327.6732,1.0688,45.00234,13.428842963131583,5.002597337889983,0.0
0.55806,0.55809,54.41065,5319.97379,1.20715,45.00275,13.0945817482684,4.878076240411567,0.0
0.60833,0.60837,54.58795,5312.43393,1.33988,45.00319,12.73592349178344,4.744466603004244,0.0
0.65852,0.65856,54.78302,5305.06759,1.46663,45.00367,12.356904730001057,4.603272141656491,0.0
0.70863,0.70869,54.99498,5297.88659,1.58707,45.00418,11.961518170937875,4.455980245158976,0.0
0.75868,0.75875,55.2229,5290.90063,1.70096,45.00473,11.553640277625673,4.304034997986918,0.0
0.80865,0.80873,55.46581,5284.11731,1.80811,45.00531,11.136969954369826,4.148814339318095,0.0
0.85856,0.85865,55.72275,5277.54232,1.90839,45.00593,10.714979043100332,3.991611621621095,0.0
0.9084,0.90851,55.99273,5271.17945,2.00172,45.00659,10.290874711447428,3.833621599223834,0.0
0.95817,0.9583,56.27478,5265.03082,2.08809,45.00729,9.86757328906589,3.6759306816559745,0.0
1.00788,1.00804,56.56792,5259.09701,2.16752,45.00803,9.447684699182808,3.5195111339908167,0.0
1.05753,1.05771,56.87118,5253.3772,2.24006,45.00881,9.03350634155156,3.3652187980847192,0.0
1.10713,1.10733,57.18361,5247.86938,2.30581,45.00963,8.627025104737795,3.2137938422065724,0.0
1.15666,1.15689,57.50429,5242.57044,2.36491,45.01049,8.22992610694633,3.0658640172257976,0.0
1.20614,1.2064,57.8323,5237.47641,2.41751,45.0114,7.843606768497313,2.9219498989799924,0.0
1.25557,1.25586,58.16677,5232.58257,2.46379,45.01236,7.469194887115869,2.7824716217959087,0.0
1.30495,1.30528,58.50683,5227.88357,2.50394,45.01336,7.107569500899799,2.6477566504938634,0.0
1.35431,1.35462,58.85077,5223.37514,2.52483,44.96083,6.760254482727621,2.5183726678166125,-27.999999522371493
1.40366,1.40388,59.19691,5219.05191,2.54068,44.91092,6.428361077751649,2.3947336418220107,-27.999999522371493
1.45301,1.45305,59.54461,5214.90651,2.55172,44.86353,6.11183687884474,2.2768200494762856,-27.999999522371493
1.50236,1.50215,59.89323,5210.9316,2.55816,44.81855,5.81052037912203,2.164571725215321,-27.999999522371493
1.55171,1.55116,60.24216,5207.11988,2.56021,44.77586,5.524153112625431,2.057892383669083,-27.999999522371493
1.60106,1.60011,60.59084,5203.46415,2.55811,44.73536,5.252397357153929,1.9566562144316857,-27.999999522371493
1.6504,1.64898,60.93872,5199.95738,2.55205,44.69693,4.994852041573577,1.8607138079529182,-27.999999522371493
1.69974,1.69779,61.28528,5196.59274,2.54223,44.66047,4.751066876546332,1.7698974196065347,-27.999999522371493
1.74908,1.74654,61.63006,5193.36358,2.52886,44.62589,4.520554769913127,1.6840255947471146,-27.999999522371493
1.79841,1.79523,61.97257,5190.2635,2.51212,44.59308,4.302802618232843,1.6029071888422788,-27.999999522371493
1.84774,1.84386,62.31239,5187.28635,2.4922,44.56196,4.097280586258575,1.5263448243217506,-27.999999522371493
1.89706,1.89244,62.64912,5184.42621,2.46927,44.53242,3.903449998222486,1.454137830288598,-27.999999522371493
1.94639,1.94096,62.98236,5181.67744,2.4435,44.50439,3.7207699703685,1.386084713312174,-27.999999522371493
1.9957,1.98944,63.31175,5179.03466,2.41504,44.47778,3.548702914755937,1.3219852077397862,-27.999999522371493
2.04502,2.03787,63.63695,5176.49273,2.38406,44.45252,3.386719041175498,1.261641952778851,-27.999999522371493
2.09433,2.08626,63.95764,5174.04679,2.3507,44.42852,3.234299978176881,1.2048618414249566,-27.999999522371493
2.14363,2.1346,64.27351,5171.6922,2.31509,44.40572,3.0909416265746463,1.1514570834678803,-27.999999522371493
2.19293,2.18291,64.58428,5169.4246,2.27736,44.38406,2.9561563500600028,1.1012460215521125,-27.999999522371493
2.24223,2.23117,64.88967,5167.23983,2.23764,44.36346,2.829474598260348,1.0540537358092459,-27.999999522371493
2.29152,2.2794,65.18945,5165.13398,2.19605,44.34387,2.710446048190594,1.0097124690786234,-27.999999522371493
2.3408,2.3276,65.48336,5163.10336,2.15269,44.32524,2.598640340791414,0.9680619012872185,-27.999999522371493
2.39009,2.37576,65.77119,5161.14446,2.10767,44.3075,2.493647480395768,0.9289492982614229,-27.999999522371493
2.43936,2.42389,66.05274,5159.25399,2.06108,44.29061,2.3950779566720204,0.8922295571540692,-27.999999522371493
2.48864,2.47199,66.32779,5157.42885,2.01303,44.27452,2.3025626408779636,0.8577651677963228,-27.999999522371493
2.5379,2.52005,66.59617,5155.66611,1.9636,44.25918,2.2157525012617496,0.8254261066770423,-27.999999522371493
2.58717,2.5681,66.8577,5153.963,1.91286,44.24455,2.1343181760906558,0.7950896778847601,-27.999999522371493
2.63643,2.61611,67.11223,5152.31693,1.86091,44.2306,2.057949437119668,0.766640313235612,-27.999999522371493
2.68568,2.6641,67.35959,5150.72545,1.80781,44.21728,1.986354571291491,0.7399693419403227,-27.999999522371493
2.73493,2.71207,67.59965,5149.18623,1.75363,44.20455,1.9192597040162405,0.7149747385080865,-27.999999522371493
2.78418,2.76001,67.83227,5147.6971,1.69844,44.1924,1.8564080835273804,0.691560856150323,-27.999999522371493
2.83342,2.80793,68.05733,5146.256,1.6423,44.18077,1.797559342442122,0.6696381516924969,-27.999999522371493
2.88266,2.85583,68.2747,5144.86098,1.58527,44.16965,1.742488749758633,0.6491229069233974,-27.999999522371493
2.93189,2.90371,68.48429,5143.51021,1.5274,44.159,1.6909864640377954,0.6299369503856922,-27.999999522371493
2.98112,2.95157,68.68597,5142.20194,1.46875,44.1488,1.6428567964004213,0.6120073828229995,-27.999999522371493
3.03034,2.99941,68.87966,5140.93455,1.40936,44.13902,1.5979174901711108,0.5952663088282711,-27.999999522371493
3.07956,3.04723,69.06528,5139.70645,1.34929,44.12964,1.5559990224907776,0.5796505766760829,-27.999999522371493
3.12878,3.09504,69.24272,5138.51619,1.28857,44.12064,1.5169439319576445,0.5651015278512137,-27.999999522371493
3.17799,3.14283,69.41191,5137.36235,1.22726,44.11199,1.4806061752948667,0.5515647573904088,-27.999999522371493
3.2272,3.1906,69.57279,5136.2436,1.16538,44.10367,1.4468505151916446,0.5389898858370877,-27.999999522371493
3.2764,3.23836,69.72528,5135.15867,1.10298,44.09567,1.4155519407398534,0.5273303433387392,-27.999999522371493
3.3256,3.2861,69.86932,5134.10633,1.04009,44.08796,1.3865951213304597,0.5165431662089671,-27.999999522371493
3.3748,3.33383,70.00484,5133.08543,0.97675,44.08053,1.3598738944042013,0.5065888061011413,-27.999999522371493
3.42399,3.38155,70.1318,5132.09485,0.91299,44.07337,1.335290787099374,0.4974309518096116,-27.999999522371493
3.47318,3.42925,70.25015,5131.13352,0.84885,44.06644,1.3127565715566951,0.48903636360906894,-27.999999522371493
3.52237,3.47694,70.35984,5130.20042,0.78435,44.05974,1.2921898534366978,0.481374719966448,-27.999999522371493
3.57155,3.52462,70.46082,5129.29455,0.71952,44.05326,1.2735166930519621,0.4744184764027145,-27.999999522371493
3.62073,3.57229,70.55306,5128.41494,0.6544,44.04698,1.2566702584138858,0.46814273624365876,-27.999999522371493
3.66991,3.61995,70.63653,5127.56067,0.589,44.04088,1.2415905094371362,0.46252513297774467,-27.999999522371493
3.71908,3.6676,70.71119,5126.73082,0.52337,44.03495,1.2282239125055334,0.4575457239243907,-27.999999522371493
3.76825,3.71524,70.77701,5125.92451,0.45751,44.02918,1.2165231846138922,0.453186894920075,-27.999999522371493
3.81742,3.76286,70.83397,5125.14087,0.39145,44.02356,1.2064470663080054,0.4494332757325036,-27.999999522371493
3.86658,3.81048,70.88205,5124.37905,0.32523,44.01807,1.1979601226933043,0.4462716659311015,-27.999999522371493
3.91574,3.85809,70.92123,5123.63821,0.25887,44.0127,1.191032571826746,0.44369097095847515,-27.999999522371493
3.9649,3.90569,70.95149,5122.91751,0.19238,44.00744,1.1856401398760819,0.4416821481734291,-27.999999522371493
4.01406,3.95329,70.97282,5122.21614,0.12579,44.00228,1.1817639425020336,0.44023816266270505,-27.999999522371493
4.06321,4.00087,70.98522,5121.53326,0.05913,43.9972,1.17939039199356,0.4393539526464261,-27.999999522371493
4.11236,4.04845,70.98868,5120.86807,-0.00759,43.99219,1.1785111297772843,0.43902640433608225,-27.999999522371493
4.16151,4.09602,70.98319,5120.21972,-0.07434,43.98725,1.1791229840063173,0.43925433613525067,-27.999999522371493
4.21066,4.14358,70.96875,5119.58741,-0.14109,43.98235,1.1812279520220688,0.4400384921061598,-27.999999522371493
4.2598,4.19114,70.94537,5118.97029,-0.20783,43.97749,1.1848332075753336,0.44138154465973367,-27.999999522371493
4.30895,4.23869,70.91305,5118.3675,-0.27454,43.97266,1.1899511327813057,0.44328810645967487,-27.999999522371493
4.35809,4.28623,70.8718,5117.7782,-0.34118,43.96784,1.1965993748703778,0.44576475156363143,-27.999999522371493
4.40723,4.33377,70.82163,5117.2015,-0.40774,43.96302,1.204800927882566,0.4488200458565187,-27.999999522371493
4.45637,4.3813,70.76256,5116.63651,-0.47419,43.9582,1.2145842395323727,0.4524645868604935,-27.999999522371493
4.50551,4.42882,70.6946,5116.08229,-0.54051,43.95335,1.2259833435477403,0.45671105303469556,-27.999999522371493
4.55464,4.47634,70.61777,5115.5379,-0.60668,43.94846,1.239038017849619,0.46157426270129875,-27.999999522371493
4.60378,4.52385,70.53211,5115.00237,-0.67266,43.94352,1.2537939689998565,0.46707124275720363,-27.999999522371493
4.65291,4.57135,70.43764,5114.47468,-0.73844,43.93852,1.2703030433891187,0.4732213073470937,-27.999999522371493
4.70205,4.61885,70.33438,5113.95378,-0.80399,43.93345,1.2886234656636044,0.48004614668366086,-27.999999522371493
4.75118,4.66635,70.22237,5113.43858,-0.86927,43.92828,1.3088201049077612,0.48756992620767,-27.999999522371493
4.80031,4.71384,70.10166,5112.92794,-0.93427,43.923,1.330964769085136,0.4958193962749236,-27.999999522371493
4.84944,4.76132,69.97228,5112.42069,-0.99895,43.9176,1.3551365282047916,0.5048240125442547,-27.999999522371493
4.89857,4.80879,69.83429,5111.91557,-1.06328,43.91206,1.381422066617538,0.5146160672171425,-27.999999522371493
4.9477,4.85626,69.68772,5111.4113,-1.12723,43.90637,1.4099160647276,0.5252308312353523,-27.999999522371493
4.99684,4.90373,69.53264,5110.90651,-1.19077,43.9005,1.44072161026848,0.536706707492015,-27.999999522371493
5.04597,4.95119,69.36911,5110.39977,-1.25386,43.89443,1.4739506390719768,0.5490853950296849,-27.999999522371493
5.0951,4.99864,69.19718,5109.88959,-1.31646,43.88816,1.5097244049946617,0.5624120641003157,-27.999999522371493
5.14423,5.04608,69.01694,5109.37437,-1.37854,43.88164,1.548173978317976,0.5767355418324108,-27.999999522371493
5.19336,5.09352,68.82845,5108.85246,-1.44005,43.87488,1.5894407714971093,0.5921085080863142,-27.999999522371493
5.2425,5.14095,68.6318,5108.32208,-1.50096,43.86783,1.633677090595467,0.6085877008780577,-27.999999522371493
5.29163,5.18838,68.42706,5107.78138,-1.56121,43.86048,1.681046710076006,0.6262341305042588,-27.999999522371493
5.34077,5.23579,68.21434,5107.22839,-1.62077,43.8528,1.7317254678084684,0.6451133011979688,-27.999999522371493
5.3899,5.2832,67.99374,5106.66103,-1.67958,43.84477,1.7859018761904237,0.6652954387873423,-27.999999522371493
5.43904,5.3306,67.76535,5106.0771,-1.73759,43.83635,1.8437777441050605,0.6868557223912779,-27.999999522371493
5.48818,5.378,67.5293,5105.47426,-1.79474,43.82751,1.905568803077456,0.7098745176791055,-27.999999522371493
5.53732,5.42538,67.2857,5104.85005,-1.85097,43.81823,1.97150532935361,0.7344376086113923,-27.999999522371493
5.58647,5.47275,67.03468,5104.20184,-1.90623,43.80846,2.0418327517375148,0.7606364238752459,-27.999999522371493
5.63561,5.52011,66.77639,5103.52685,-1.96044,43.79818,2.116812232799466,0.7885682533997025,-27.999999522371493
5.68476,5.56746,66.51097,5102.82215,-2.01353,43.78734,2.1967212085199352,0.8183364493872677,-27.999999522371493
5.73391,5.6148,66.23857,5102.08461,-2.06544,43.7759,2.28185386848833,0.8500506052005894,-27.999999522371493
5.78307,5.66213,65.95937,5101.31091,-2.11608,43.76382,2.3725215554187047,0.883826704192573,-27.999999522371493
5.83222,5.70944,65.67355,5100.49756,-2.16537,43.75106,2.469053058951112,0.9197872291551141,-27.999999522371493
5.88139,5.75674,65.38129,5099.64081,-2.21322,43.73756,2.5717947744300416,0.9580612214682455,-27.999999522371493
5.93055,5.80402,65.0828,5098.73674,-2.25954,43.72327,2.6811106925954804,0.9987842772597842,-27.999999522371493
5.97972,5.85129,64.77829,5097.78117,-2.30423,43.70814,2.7973821808661383,1.0420984659275812,-27.999999522371493
6.02889,5.89854,64.468,5096.76969,-2.34718,43.69212,2.9210075111810716,1.0881521542481,-27.999999522371493
6.07807,5.94577,64.15217,5095.69761,-2.38828,43.67513,3.0524010831920583,1.1370997169951393,-27.999999522371493
6.12725,5.99298,63.83106,5094.56,-2.42742,43.65712,3.1919922850911604,1.1891011125681248,-27.999999522371493
6.17643,6.04017,63.50494,5093.35165,-2.46448,43.63802,3.340223927572439,1.2443212996016457,-27.999999522371493
6.22563,6.08734,63.17412,5092.06707,-2.49931,43.61775,3.497550179587269,1.3029294679799928,-27.999999522371493
6.27482,6.13448,62.83889,5090.70047,-2.5318,43.59624,3.664433927853793,1.3650980551849567,-27.999999522371493
6.32403,6.18159,62.4996,5089.24578,-2.56178,43.57342,3.8413434758346856,1.4310015165781904,-27.999999522371493
6.37324,6.22868,62.1566,5087.69661,-2.58912,43.54919,4.028748492538336,1.5008148162230528,-27.999999522371493
6.42245,6.27574,61.81025,5086.04628,-2.61365,43.52347,4.2271151174898804,1.5747116033575268,-27.999999522371493
6.47166,6.32278,61.46151,5084.28682,-2.62664,43.53058,4.436542826750412,1.6527289354317432,0.0
6.52085,6.36981,61.11141,5082.41014,-2.63606,43.53773,4.657029033231307,1.7348658486871174,0.0
6.57001,6.41684,60.76043,5080.40909,-2.64174,43.54494,4.888831642057089,1.821218419568428,0.0
6.61916,6.46387,60.40911,5078.27631,-2.64347,43.55219,5.132157650829303,1.911863760128685,0.0
6.66827,6.51089,60.05798,5076.00429,-2.64105,43.5595,5.387148801206687,2.006854672865215,0.0
6.71737,6.5579,59.70761,5073.58543,-2.6343,43.56685,5.653868838974072,2.1062149047601215,0.0
6.76643,6.6049,59.35862,5071.01206,-2.62301,43.57426,5.932289796687087,2.209934037204508,0.0
6.81547,6.65189,59.01161,5068.2765,-2.60699,43.58171,6.222277442085637,2.3179620651496253,0.0
6.86447,6.69886,58.66725,5065.37114,-2.58604,43.58921,6.523576100131246,2.4302037429164267,0.0
6.91345,6.74583,58.3262,5062.28848,-2.55997,43.59675,6.835793130117149,2.546512801510642,0.0
6.96239,6.79278,57.98916,5059.02126,-2.5286,43.60433,7.158383420114505,2.6666861723960213,0.0
7.0113,6.83972,57.65686,5055.5625,-2.49176,43.61196,7.490634346875372,2.7904583846624607,0.0
7.06017,6.88663,57.33003,5051.90565,-2.44927,43.61963,7.831651736580302,2.9174963350350844,0.0
7.109,6.93353,57.00944,5048.04466,-2.40101,43.62734,8.18034744577808,3.0473946614475396,0.0
7.15779,6.98041,56.69585,5043.97411,-2.34685,43.63509,8.535429256416583,3.1796719786751058,0.0
7.20654,7.02726,56.39007,5039.68933,-2.28668,43.64288,8.89539383689122,3.3137682561400386,0.0
7.25524,7.07409,56.09288,5035.18654,-2.22042,43.65071,9.258523554383782,3.449043630423915,0.0
7.3039,7.12089,55.80509,5030.46294,-2.14804,43.65857,9.622887923774046,3.5847789450253327,0.0
7.35251,7.16767,55.5275,5025.51688,-2.06952,43.66647,9.986350436892055,3.720178294436069,0.0
7.40107,7.21441,55.26091,5020.34796,-1.98488,43.6744,10.346581425163116,3.854373815814781,0.0
7.44957,7.26112,55.00611,5014.95713,-1.8942,43.68236,10.70107746378202,3.9864329175524573,0.0
7.49802,7.30779,54.76387,5009.3468,-1.79757,43.69035,11.047187623903133,4.115368058903964,0.0
7.54642,7.35443,54.53495,5003.52095,-1.69517,43.69837,11.382146623123507,4.240149099415244,0.0
7.59475,7.40103,54.32006,4997.48515,-1.58719,43.70642,11.703114620568115,4.359718123639638,0.0
7.64302,7.44759,54.11991,4991.24664,-1.47387,43.71449,12.007223063630693,4.473006520255154,0.0
7.69123,7.4941,53.93513,4984.81432,-1.35554,43.72259,12.291625636827748,4.57895396185312,0.0
7.73937,7.54057,53.76633,4978.19874,-1.23253,43.73072,12.553553011873621,4.6765288007817185,0.0
7.78745,7.58699,53.61406,4971.41208,-1.10525,43.73886,12.790369778119917,4.764749277232592,0.0
7.83545,7.63337,53.4788,4964.46803,-0.97413,43.74703,12.999631671015289,4.842704838347894,0.0
7.88338,7.67969,53.36099,4957.3817,-0.83967,43.75522,13.179141039420347,4.909576801254522,0.0
7.93124,7.72596,53.26097,4950.16947,-0.70238,43.76343,13.326998421781138,4.964657566545784,0.0
7.97903,7.77218,53.17902,4942.84884,-0.56282,43.77166,13.44164815145873,5.007367607466628,0.0
8.02674,7.81834,53.11536,4935.4382,-0.42157,43.77991,13.521916087759186,5.037269525715059,0.0
8.07437,7.86445,53.07011,4927.95664,-0.27924,43.78818,13.567037866967745,5.05407857569571,0.0
8.12193,7.9105,53.04332,4920.42372,-0.13642,43.79646,13.576676470171096,5.057669208995873,0.0
8.1694,7.95649,53.03494,4912.85922,0.00626,43.80477,13.550928386662358,5.048077370416015,0.0
8.21679,8.00242,53.04487,4905.28289,0.14818,43.81309,13.4903181798277,5.025498473619587,0.0
8.26411,8.0483,53.07292,4897.71423,0.28875,43.82142,13.395781799121867,4.990281184404785,0.0
8.31134,8.09411,53.11882,4890.17228,0.42737,43.82978,13.26863948928167,4.942917328673804,0.0
8.3585,8.13987,53.18223,4882.67537,0.56349,43.83815,13.11055959167341,4.884028407482296,0.0
8.40557,8.18556,53.26273,4875.24095,0.69656,43.84654,12.923514884502756,4.814349332618789,0.0
8.45257,8.2312,53.35986,4867.88543,0.82609,43.85495,12.709733349788552,4.734710086007037,0.0
8.49948,8.27678,53.47309,4860.62404,0.95162,43.86338,12.47164537644535,4.646016051465095,0.0
8.54632,8.3223,53.60184,4853.47071,1.07273,43.87182,12.211829412150426,4.549227768595785,0.0
8.59307,8.36777,53.74547,4846.43802,1.18905,43.88029,11.932957972563136,4.44534081980034,0.0
8.63975,8.41318,53.90332,4839.5371,1.30025,43.88878,11.637745722480314,4.33536648914271,0.0
8.68636,8.45854,54.07468,4832.77767,1.40605,43.89729,11.328901082364975,4.2203137345081965,0.0
8.73289,8.50384,54.25883,4826.16799,1.50623,43.90582,11.009082509845697,4.101172901311677,0.0
8.77935,8.54909,54.455,4819.71494,1.60058,43.91437,10.680860283544272,3.9789014859678695,0.0
8.82573,8.59429,54.66244,4813.424,1.68899,43.92295,10.346684297802035,3.854412138579521,0.0
8.87205,8.63944,54.88036,4807.29938,1.77133,43.93155,10.008858079749185,3.7285629836120755,0.0
8.9183,8.68454,55.10797,4801.34405,1.84757,43.94018,9.669518978136193,3.602150239712116,0.0
8.96448,8.7296,55.34449,4795.55985,1.91766,43.94884,9.330624255205096,3.475903038563469,0.0
9.0106,8.77461,55.58913,4789.94759,1.98163,43.95753,8.993942642873028,3.3504802793434028,0.0
9.05665,8.81959,55.84113,4784.50713,2.03953,43.96625,8.661050802863173,3.2264693100282744,0.0
9.10264,8.86452,56.09971,4779.23748,2.09141,43.97499,8.333334054331113,3.1043861984534757,0.0
9.14857,8.90941,56.36412,4774.13692,2.13737,43.98377,8.011990697014188,2.9846773428003304,0.0
9.19444,8.95426,56.63363,4769.20307,2.17753,43.99258,7.698039256502748,2.867722170650264,0.0
9.24026,8.99908,56.90751,4764.43302,2.21202,44.00143,7.3923280040235655,2.75383668535461,0.0
9.28602,9.04386,57.18508,4759.82337,2.24099,44.01031,7.095546149045637,2.6432776355747607,0.0
9.33173,9.08862,57.46566,4755.37035,2.26459,44.01923,6.808236162680682,2.5362471060731075,0.0
9.37738,9.13334,57.74858,4751.06988,2.28301,44.02818,6.530806757497992,2.4328973530355844,0.0
9.42299,9.17803,58.03323,4746.91765,2.2964,44.03717,6.26354612022894,2.333335733602279,0.0
9.46855,9.22269,58.319,4742.90916,2.30495,44.0462,6.006635064131421,2.2376296054692375,0.0
9.51406,9.26733,58.60529,4739.0398,2.30885,44.05527,5.760159834653274,2.145811097335037,0.0
9.55952,9.31194,58.89157,4735.30488,2.30828,44.06438,5.524124363584249,2.0578816738948102,0.0
9.60495,9.35654,59.17728,4731.69969,2.30342,44.07353,5.298461821844707,1.9738164395580116,0.0
9.65032,9.4011,59.46192,4728.21953,2.29447,44.08272,5.083045368812798,1.8935681428556257,0.0
9.69566,9.44565,59.74501,4724.85972,2.2816,44.09196,4.87769803663803,1.8170708586070397,0.0
9.74096,9.49018,60.02607,4721.61566,2.26499,44.10124,4.682201721393565,1.744243337360846,0.0
9.78621,9.53469,60.30468,4718.48283,2.24482,44.11057,4.496305279829139,1.6749920216483452,0.0
9.83143,9.57919,60.5804,4715.45683,2.22126,44.11994,4.319731751406278,1.6092137363816852,0.0
9.87662,9.62367,60.85284,4712.53336,2.19447,44.12935,4.152184741027049,1.5467980665882621,0.0
9.92176,9.66813,61.12162,4709.70825,2.16462,44.13881,3.993354009115253,1.4876294398630465,0.0
9.96688,9.71258,61.38639,4706.97747,2.13185,44.14832,3.8429203231575393,1.4315889336953032,0.0
10.01195,9.75702,61.6468,4704.33713,2.09633,44.15788,3.700559629236001,1.378555829474239,0.0
10.057,9.80145,61.90254,4701.78348,2.0582,44.16748,3.5659466039835768,1.3284089356858517,0.0
10.10201,9.84587,62.15329,4699.31293,2.01759,44.17713,3.4387576473840964,1.2810277028096886,0.0
10.14699,9.89027,62.39878,4696.92203,1.97463,44.18683,3.3186733753889754,1.2362931518841513,0.0
10.19195,9.93467,62.63873,4694.60746,1.92946,44.19659,3.2053806687809017,1.1940886377621296,0.0
10.23687,9.97906,62.87289,4692.36605,1.8822,44.20639,3.0985743314588223,1.154300466865788,0.0
10.28176,10.02344,63.10101,4690.19477,1.83296,44.21624,2.9979584075944112,1.1168183878620084,0.0
10.32663,10.06782,63.32287,4688.09073,1.78185,44.22614,2.9032472031374543,1.0815359722000237,0.0
10.37146,10.11219,63.53826,4686.05115,1.72898,44.23609,2.814166053075763,1.0483508999359221,0.0
10.41627,10.15656,63.74697,4684.0734,1.67446,44.24609,2.7304518718352697,1.0171651647711655,0.0
10.46106,10.20092,63.94881,4682.15495,1.61838,44.25615,2.6518535203053855,0.9878852107791911,0.0
10.50581,10.24528,64.14361,4680.29339,1.56082,44.26625,2.5781320192841934,0.9604220119193642,0.0
10.55055,10.28963,64.33121,4678.4864,1.50189,44.27641,2.5090606356558456,0.9346911041403241,0.0
10.59525,10.33399,64.51143,4676.7318,1.44166,44.28662,2.444424864425166,0.9106125786874013,0.0
10.63994,10.37834,64.68415,4675.02747,1.38022,44.29689,2.384022326795648,0.8881110441339913,0.0
10.6846,10.42269,64.84921,4673.37139,1.31763,44.30721,2.3276626018215683,0.8671155636675346,0.0
10.72923,10.46704,65.0065,4671.76163,1.25399,44.31758,2.275167006776346,0.8475595732709548,0.0
10.77384,10.51139,65.15589,4670.19633,1.18935,44.328,2.2263683392512834,0.8293807856476517,0.0
10.81843,10.55574,65.29727,4668.67372,1.12378,44.33848,2.181110592102844,0.8125210840318631,0.0
10.863,10.60009,65.43055,4667.19208,1.05735,44.34901,2.139248650704755,0.7969264094071067,0.0
10.90755,10.64444,65.55562,4665.74976,0.99012,44.35959,2.100647980505392,0.7825466441130854,0.0
10.95207,10.68879,65.67239,4664.34516,0.92215,44.37023,2.0651843116072883,0.769335494343255,0.0
10.99658,10.73314,65.78079,4662.97673,0.8535,44.38093,2.0327433260031444,0.7572503736320084,0.0
11.04106,10.7775,65.88075,4661.643,0.78422,44.39167,2.003220352134107,0.7462522890695988,0.0
11.08552,10.82186,65.97218,4660.34249,0.71437,44.40248,1.9765200706334964,0.7363057316839341,0.0
11.12996,10.86622,66.05504,4659.07379,0.644,44.41333,1.952556234419993,0.7273785721679257,0.0
11.17438,10.91059,66.12926,4657.83553,0.57316,44.42425,1.9312514057131576,0.719441962910849,0.0
11.21878,10.95496,66.19481,4656.62634,0.5019,44.43521,1.9125367120471053,0.7124702471070188,0.0
11.26316,10.99934,66.25162,4655.44489,0.43027,44.44624,1.8963516229359314,0.7064408755577823,0.0
11.30753,11.04371,66.29968,4654.28988,0.35831,44.45731,1.8826437484970102,0.7013343316534006,0.0
11.35187,11.0881,66.33893,4653.16,0.28607,44.46844,1.8713686610395976,0.6971340649101089,0.0
11.39619,11.13249,66.36937,4652.05397,0.2136,44.47963,1.862489740387524,0.693826433348749,0.0
11.4405,11.17688,66.39096,4650.97052,0.14094,44.49088,1.855978043493084,0.6914006549225132,0.0
11.48478,11.22128,66.40368,4649.90836,0.06813,44.50217,1.851812198736075,0.6898487681405551,0.0
11.52905,11.26569,66.40754,4648.86623,-0.00478,44.51353,1.8499783251513322,0.6891656019781204,0.0
11.5733,11.3101,66.40252,4647.84284,-0.07774,44.52494,1.8504699767042248,0.6893487551177039,0.0
11.61753,11.35452,66.38862,4646.83691,-0.15072,44.5364,1.8532881116184534,0.6903985845228463,0.0
11.66174,11.39894,66.36585,4645.84712,-0.22367,44.54792,1.8584410866616266,0.6923182033093616,0.0
11.70593,11.44337,66.33422,4644.87216,-0.29655,44.5595,1.8659446761836342,0.6951134878376318,0.0
11.75011,11.48781,66.29373,4643.91068,-0.36931,44.57113,1.8758221156006663,0.6987930939115486,0.0
11.79427,11.53226,66.24443,4642.96132,-0.44191,44.58282,1.888104168899811,0.7033684819257515,0.0
11.83841,11.57671,66.18632,4642.02267,-0.5143,44.59456,1.9028292196131,0.7088539507558537,0.0
11.88253,11.62117,66.11944,4641.0933,-0.58644,44.60636,1.9200433845463287,0.71526668012542,0.0
11.92663,11.66564,66.04382,4640.17174,-0.65827,44.61821,1.9398006493849207,0.72262678112272,0.0
11.97072,11.71011,65.95952,4639.25647,-0.72976,44.63012,1.9621630250760587,0.730957354457185,0.0
12.01479,11.7546,65.86658,4638.34591,-0.80086,44.64208,1.9872007236327631,0.7402845559510546,0.0
12.05884,11.79909,65.76505,4637.43845,-0.8715,44.6541,2.01499235171127,0.7506376686520423,0.0
12.10287,11.84359,65.65499,4636.53241,-0.94165,44.66618,2.0456251199460267,0.7620491808161296,0.0
12.14689,11.88809,65.53648,4635.62604,-1.01124,44.67831,2.0791950656016263,0.77455486885127,0.0
12.19088,11.93261,65.40958,4634.71753,-1.08022,44.69049,2.115807285607406,0.7881938841289081,0.0
12.23486,11.97713,65.27438,4633.80499,-1.14854,44.70273,2.15557617644063,0.8030088423467776,0.0
12.27882,12.02166,65.13097,4632.88644,-1.21614,44.71503,2.19862567664087,0.819045913871888,0.0
12.32277,12.0662,64.97943,4631.95983,-1.28294,44.72737,2.2450895069453547,0.8363549131972609,0.0
12.36669,12.11075,64.81988,4631.023,-1.3489,44.73978,2.295111402106047,0.8549893852998922,0.0
12.4106,12.15531,64.65242,4630.07371,-1.41393,44.75224,2.3488453273942724,0.8750066862944204,0.0
12.45448,12.19987,64.47717,4629.1096,-1.47798,44.76475,2.4064556715899785,0.8964680553267049,0.0
12.49835,12.24444,64.29427,4628.12819,-1.54097,44.77731,2.4681174068780756,0.9194386741394204,0.0
12.5422,12.28902,64.10385,4627.12689,-1.60282,44.78993,2.5340162045345713,0.9439877101681847,0.0
12.58603,12.33361,63.90605,4626.103,-1.66345,44.80261,2.6043484935398116,0.9701883383765344,0.0
12.62984,12.3782,63.70103,4625.05365,-1.72278,44.81533,2.6793214473374265,0.9981177363232832,0.0
12.67364,12.42281,63.48897,4623.97587,-1.78073,44.82811,2.759152881826276,1.027857046161837,0.0
12.71741,12.46742,63.27003,4622.8665,-1.83719,44.84095,2.8440710453480116,1.0594912964050374,0.0
12.76116,12.51203,63.04441,4621.72227,-1.89208,44.85383,2.934314278909633,1.09310927534912,0.0
12.80489,12.55666,62.81231,4620.53973,-1.94529,44.86677,3.030130522207982,1.1288033470548449,0.0
12.8486,12.60129,62.57395,4619.31524,-1.99671,44.87976,3.1317766381601313,1.1666691997172918,0.0
12.89229,12.64592,62.32955,4618.04502,-2.04625,44.8928,3.2395175257306144,1.206805515170661,0.0
12.93595,12.69057,62.07935,4616.72511,-2.09378,44.90589,3.3536249878655506,1.249313547163947,0.0
12.9796,12.73521,61.82362,4615.35134,-2.13919,44.91903,3.4743763184022205,1.2942965949475775,0.0
13.02322,12.77987,61.56261,4613.91938,-2.18234,44.93222,3.60205256906596,1.3418593576841562,0.0
13.06682,12.82452,61.29662,4612.42469,-2.22312,44.94546,3.736936455188388,1.3921071542733983,0.0
13.11039,12.86919,61.02595,4610.86257,-2.26137,44.95875,3.8793098567975455,1.44514499244246,0.0
13.15394,12.91385,60.75092,4609.22809,-2.29697,44.97209,4.029450870430631,1.5010764704686073,0.0
13.19746,12.95852,60.47187,4607.51614,-2.32976,44.98548,4.187630366707084,1.5600024947846165,0.0
13.24096,13.00319,60.18915,4605.72145,-2.3596,44.99892,4.3541080096371605,1.6220197970664791,0.0
13.28443,13.04786,59.90313,4603.83855,-2.38633,45.0124,4.529127696239398,1.687219235370918,0.0
13.32788,13.09253,59.61421,4601.86178,-2.40978,45.02592,4.712912379626027,1.7556838655984874,0.0
13.3713,13.13721,59.3228,4599.78537,-2.4298,45.0395,4.905658245842186,1.8274867722129677,0.0
13.41468,13.18188,59.02933,4597.60335,-2.44621,45.05312,5.107528224744267,1.9026886508728071,0.0
13.45807,13.22652,58.73225,4595.3136,-2.49236,44.99314,5.320161312823432,1.9819000708955559,-48.99999916415011
13.50148,13.2711,58.42994,4592.91289,-2.53594,44.93007,5.545451720778335,2.0658266756061474,-48.99999916415011
13.54491,13.31562,58.12271,4590.39333,-2.57678,44.86371,5.78397187443304,2.1546817086854735,-48.99999916415011
13.58838,13.36006,57.81093,4587.74667,-2.61473,44.79387,6.036281107901826,2.2486735368080706,-48.99999916415011
13.63187,13.40444,57.49496,4584.96429,-2.64961,44.72033,6.302928599352594,2.3480067432912284,-48.99999916415011
13.67539,13.44873,57.1752,4582.03724,-2.68125,44.64288,6.58444548656461,2.4528791909328005,-48.99999916415011
13.71895,13.49294,56.85207,4578.95622,-2.70947,44.56129,6.88133571156245,2.563478611396453,-48.99999916415011
13.76254,13.53707,56.52599,4575.71163,-2.73406,44.47534,7.194065502004321,2.6799786867520567,-48.99999916415011
13.80617,13.58111,56.19744,4572.29357,-2.75484,44.38479,7.5230514126493215,2.802534594607591,-48.99999916415011
13.84983,13.62504,55.86689,4568.69186,-2.77161,44.28938,7.868646873314747,2.9312779968692957,-48.99999916415011
13.89353,13.66888,55.53485,4564.8961,-2.78416,44.18887,8.23112722158087,3.0663114640303917,-48.99999916415011
13.93727,13.71261,55.20187,4560.8957,-2.79227,44.083,8.610673240279633,3.2077023424524587,-48.99999916415011
13.98106,13.75622,54.86849,4556.67997,-2.79574,43.97151,9.007353272846343,3.3554760918633746,-48.99999916415011
14.02489,13.79971,54.5353,4552.23815,-2.79436,43.85413,9.421104054498125,3.5096091444669186,-48.99999916415011
14.06877,13.84307,54.20291,4547.55948,-2.78791,43.73061,9.85171047458071,3.670021365884477,-48.99999916415011
14.1127,13.8863,53.87195,4542.63336,-2.77618,43.60068,10.298784574879697,3.836568231473388,-48.99999916415011
14.15667,13.92939,53.54307,4537.44936,-2.75898,43.46408,10.761744189178351,4.009032869000204,-48.99999916415011
14.20071,13.97233,53.21696,4531.99742,-2.73609,43.32058,11.239791738552702,4.187118159330181,-48.99999916415011
14.24479,14.0151,52.8943,4526.26791,-2.70734,43.16993,11.731893811363927,4.370439129437161,-48.99999916415011
14.28894,14.05772,52.57581,4520.25184,-2.67254,43.01191,12.236762271402878,4.558515914690333,-48.99999916415011
14.33314,14.10015,52.26224,4513.94093,-2.63155,42.84631,12.752837745713437,4.750767607633972,-48.99999916415011
14.37741,14.14241,51.95432,4507.32784,-2.58422,42.67295,13.278276436661162,4.946507345136012,-48.99999916415011
14.42174,14.18447,51.65281,4500.4063,-2.53043,42.49167,13.810941271495965,5.144939011367276,-48.99999916415011
14.46614,14.22633,51.35849,4493.1713,-2.47011,42.30235,14.348398435996288,5.34515594649273,-48.99999916415011
14.5106,14.26797,51.07213,4485.61922,-2.40317,42.1049,14.887920325989796,5.5461420461905915,-48.99999916415011
14.55513,14.3094,50.79449,4477.74808,-2.32961,41.89925,15.42649588097175,5.7467756111970765,-48.99999916415011
14.59973,14.3506,50.52635,4469.55762,-2.24944,41.68541,15.960849129041426,5.945836255783158,-48.99999916415011
14.64441,14.39155,50.26845,4461.0495,-2.16272,41.4634,16.48746656604966,6.142015107207413,-48.99999916415011
14.68916,14.43226,50.02154,4452.22743,-2.06953,41.23332,17.00263371281208,6.333928424239833,-48.99999916415011
14.73398,14.47271,49.78635,4443.09725,-1.97003,40.99532,17.50248084670528,6.520134633384671,-48.99999916415011
14.77888,14.51289,49.56355,4433.66705,-1.86442,40.74959,17.98303749824905,6.699154630291207,-48.99999916415011
14.82385,14.55279,49.35382,4423.94721,-1.75294,40.49639,18.44029485762603,6.8694950278243425,-48.99999916415011
14.8689,14.59241,49.15777,4413.9504,-1.63588,40.23604,18.870274773971403,7.0296738601154845,-48.99999916415011
14.91403,14.63174,48.97598,4403.69159,-1.51361,39.96892,19.269103582383188,7.178248085066385,-48.99999916415011
14.95923,14.67076,48.80897,4393.18795,-1.38651,39.69546,19.63308859251302,7.313842078361747,-48.99999916415011
15.00451,14.70947,48.65722,4382.45875,-1.25504,39.41617,19.958794753168483,7.4351761930507605,-48.99999916415011
15.04986,14.74787,48.52113,4371.5252,-1.11968,39.13157,20.243118800581932,7.541094381728198,-48.99999916415011
15.09529,14.78595,48.40105,4360.41029,-0.98096,38.84227,20.483358129752894,7.630589852921561,-48.99999916415011
15.14079,14.8237,48.29726,4349.13852,-0.83946,38.54891,20.67727171442634,7.7028277653859005,-48.99999916415011
15.18635,14.86113,48.20996,4337.73565,-0.69576,38.25214,20.82313064608766,7.75716405520921,-48.99999916415011
15.23199,14.89821,48.13927,4326.22839,-0.55049,37.95267,20.919756256979753,7.793159637639346,-48.99999916415011
15.2777,14.93496,48.08527,4314.64415,-0.40428,37.65123,20.966544314313627,7.810589420064094,-48.99999916415011
15.32346,14.97137,48.04792,4303.01064,-0.25779,37.34853,20.963474389051854,7.809445792129489,-48.99999916415011
15.36929,15.00744,48.02714,4291.35559,-0.11165,37.04533,20.911104171029486,7.78993650797279,-48.99999916415011
15.41518,15.04317,48.02277,4279.70646,0.0335,36.74236,20.810549176303255,7.7524771266761245,-48.99999916415011
15.46113,15.07855,48.03456,4268.09004,0.17702,36.44032,20.663448926531697,7.697678413195708,-48.99999916415011
15.50712,15.1136,48.06222,4256.53228,0.31831,36.13994,20.47192123212157,7.626329307631004,-48.99999916415011
15.55317,15.14831,48.10537,4245.05794,0.45678,35.84186,20.238506648254237,7.539376233633101,-48.99999916415011
15.59927,15.18269,48.16359,4233.69043,0.59188,35.54675,19.966105473206184,7.437899628621428,-48.99999916415011
15.6454,15.21674,48.2364,4222.45156,0.7231,35.25518,19.657909812249613,7.323088635799225,-48.99999916415011
15.69158,15.25046,48.32327,4211.36144,0.84997,34.96772,19.31733324025792,7.196214901623394,-48.99999916415011
15.7378,15.28386,48.42362,4200.43834,0.97205,34.68488,18.947940474773702,7.058606377171914,-48.99999916415011
15.78405,15.31695,48.53684,4189.6986,1.08896,34.4071,18.553379240761963,6.911621935971669,-48.99999916415011
15.83034,15.34973,48.66227,4179.15663,1.20037,34.13479,18.137316194728108,6.756627504046466,-48.99999916415011
15.87665,15.3822,48.79925,4168.82484,1.30597,33.86831,17.703378409403022,6.594974261422582,-48.99999916415011
15.92299,15.41438,48.94708,4158.71375,1.40553,33.60794,17.25510152874267,6.4279793285020075,-48.99999916415011
15.96936,15.44628,49.10503,4148.83197,1.49885,33.35394,16.795885313307853,6.256909205546722,-48.99999916415011
16.01574,15.47789,49.2724,4139.18629,1.58578,33.10649,16.328956929691294,6.082966097024381,-48.99999916415011
16.06215,15.50923,49.44843,4129.78182,1.66621,32.86575,15.85734201066289,5.90727713075096,-48.99999916415011
16.10857,15.5403,49.63239,4120.62204,1.74006,32.63181,15.383843236683058,5.730886378940924,-48.99999916415011
16.155,15.57112,49.82355,4111.70894,1.80731,32.40474,14.911025969344571,5.554749506286309,-48.99999916415011
16.20145,15.60168,50.02118,4103.04315,1.86795,32.18455,14.441210304567527,5.37973080956275,-48.99999916415011
16.24791,15.63201,50.22454,4094.62409,1.92203,31.97123,13.976468805359088,5.206602373022824,-48.99999916415011
16.29438,15.6621,50.43293,4086.45004,1.96959,31.76472,13.518629115106508,5.036045041916481,-48.99999916415011
16.34086,15.69197,50.64565,4078.51834,2.01074,31.56495,13.069280635851332,4.868650910323877,-48.99999916415011
16.38734,15.72162,50.86201,4070.82546,2.04556,31.37181,12.62978447387945,4.704927026149369,-48.99999916415011
16.43383,15.75106,51.08135,4063.36716,2.0742,31.18518,12.201285899189736,4.545300032601406,-48.99999916415011
16.48032,15.7803,51.30301,4056.13856,2.0968,31.00492,11.784728628365567,4.390121488937974,-48.99999916415011
16.52682,15.80934,51.52636,4049.13427,2.1135,30.83086,11.380870315445964,4.239673641223682,-48.99999916415011
16.57331,15.83819,51.75079,4042.34851,2.12449,30.66284,10.99029871641397,4.094175444027008,-48.99999916415011
16.61981,15.86687,51.97573,4035.77514,2.12993,30.50066,10.613448075471565,3.9537886647388416,-48.99999916415011
16.6663,15.89536,52.20059,4029.40779,2.13,30.34413,10.250615361604192,3.8186239321199835,-48.99999916415011
16.7128,15.92369,52.42483,4023.23989,2.12491,30.19307,9.901976059232528,3.6887466187344082,-48.99999916415011
16.75929,15.95186,52.64794,4017.26479,2.11482,30.04725,9.56759928553634,3.5641824725501636,-48.99999916415011
16.80579,15.97987,52.86941,4011.47575,2.09994,29.90649,9.247462068001706,3.4449229357013698,-48.99999916415011
16.85228,16.00773,53.08876,4005.86601,2.08046,29.77058,8.941462668627768,3.330930108105818,-48.99999916415011
16.89876,16.03544,53.30553,4000.42887,2.05657,29.6393,8.649432885996307,3.2221413303095767,-48.99999916415011
16.94525,16.06301,53.51929,3995.15767,2.02846,29.51246,8.371149303414807,3.1184733737162373,-48.99999916415011
16.99172,16.09045,53.72963,3990.04584,1.99632,29.38985,8.106343481153013,3.0198262374632043,-48.99999916415011
17.0382,16.11776,53.93615,3985.08693,1.96033,29.27127,7.854711114194963,2.926086559925286,-48.99999916415011
17.08467,16.14494,54.13847,3980.27461,1.92067,29.15654,7.615920194604745,2.8371306594107004,-48.99999916415011
17.13114,16.172,54.33624,3975.60272,1.87752,29.04545,7.389618230416942,2.7528272233877082,-48.99999916415011
17.1776,16.19895,54.52912,3971.06522,1.83105,28.93783,7.175438581694481,2.6730396688328715,-48.99999916415011
17.22406,16.22578,54.71679,3966.65627,1.78143,28.83348,6.97300597968444,2.597628198261812,-48.99999916415011
17.27051,16.2525,54.89895,3962.37019,1.72882,28.73224,6.7819412976157984,2.5264515769768994,-48.99999916415011
17.31695,16.27911,55.07532,3958.20146,1.67338,28.63393,6.601865642086228,2.45936865721648,-48.99999916415011
17.36339,16.30562,55.24563,3954.14473,1.61526,28.53839,6.432403832786955,2.3962396744439487,-48.99999916415011
17.40983,16.33203,55.40962,3950.19485,1.55461,28.44545,6.2731873358224055,2.336927340086494,-48.99999916415011
17.45626,16.35835,55.56705,3946.34679,1.49158,28.35496,6.1238567126099,2.2812977538146675,-48.99999916415011
17.50268,16.38457,55.71772,3942.59573,1.4263,28.26676,5.984063642379909,2.229221156976951,-48.99999916415011
17.5491,16.41069,55.86139,3938.93696,1.3589,28.18071,5.853472572100442,2.180572547239994,-48.99999916415011
17.59552,16.43673,55.99789,3935.36596,1.28953,28.09667,5.731762043214718,2.1352321728333123,-48.99999916415011
17.64191,16.46272,56.12923,3931.87327,1.26093,28.10809,5.61687737337663,2.092434610521037,0.0
17.68825,16.48871,56.25737,3928.45095,1.22976,28.11955,5.506949003562481,2.051483400375781,0.0
17.73455,16.51468,56.38208,3925.09687,1.19612,28.13105,5.401966118307845,2.0123745133524737,0.0
17.7808,16.54066,56.5031,3921.80888,1.16011,28.14257,5.301900607414164,1.975097477662528,0.0
17.82701,16.56662,56.62021,3918.58484,1.12186,28.15414,5.206714661831575,1.939638208440055,0.0
17.87317,16.59258,56.73319,3915.42258,1.08145,28.16573,5.116362497267019,1.9059796498312316,0.0
17.9193,16.61854,56.84184,3912.31994,1.03899,28.17737,5.03079193558398,1.8741023641073176,0.0
17.96538,16.6445,56.94595,3909.27477,0.99459,28.18904,4.9499458485213506,1.8439850694879139,0.0
18.01142,16.67045,57.04535,3906.28492,0.94835,28.20074,4.873763469393942,1.8156051287839219,0.0
18.05742,16.69639,57.13986,3903.34827,0.90036,28.21249,4.802181579376197,1.788938991319433,0.0
18.10338,16.72234,57.22931,3900.46267,0.85074,28.22427,4.735135575506892,1.7639625907915844,0.0
18.14931,16.74828,57.31355,3897.62602,0.79957,28.23609,4.672560427925622,1.7406517018663386,0.0
18.19519,16.77422,57.39243,3894.83621,0.74696,28.24795,4.61439153398523,1.7189822583578303,0.0
18.24104,16.80016,57.46583,3892.09114,0.69301,28.25984,4.560565476864687,1.6989306358316294,0.0
18.28685,16.8261,57.53361,3889.38875,0.63779,28.27178,4.511020696155393,1.6804739014157806,0.0
18.33262,16.85204,57.59567,3886.72694,0.58142,28.28375,4.465698077617599,1.6635900335005889,0.0
18.37836,16.87797,57.6519,3884.10367,0.52399,28.29577,4.4245414689650024,1.6482581138819499,0.0
18.42406,16.90391,57.70221,3881.51688,0.46557,28.30782,4.387498128123685,1.6344584947496017,0.0
18.46973,16.92984,57.7465,3878.96451,0.40628,28.31991,4.354519109931801,1.622172942742933,0.0
18.51536,16.95578,57.7847,3876.44452,0.34619,28.33205,4.325559596783757,1.6113847621246367,0.0
18.56096,16.98172,57.81674,3873.95486,0.28539,28.34422,4.300579178167869,1.6020788989158472,0.0
18.60652,17.00765,57.84257,3871.49349,0.22398,28.35643,4.27954208353903,1.5942420276473321,0.0
18.65205,17.03359,57.86213,3869.05835,0.16203,28.36869,4.2624173724170555,1.5878626221761294,0.0
18.69754,17.05953,57.87538,3866.6474,0.09964,28.38098,4.249179085060085,1.5829310118153541,0.0
18.743,17.08547,57.88229,3864.25856,0.0369,28.39332,4.239806356514631,1.5794394238208422,0.0
18.78843,17.11141,57.88284,3861.88975,-0.02612,28.4057,4.234283496314163,1.5773820130809704,0.0
18.83383,17.13735,57.87701,3859.5389,-0.08932,28.41811,4.232600035556425,1.576754879654195,0.0
18.87919,17.1633,57.86479,3857.20389,-0.15262,28.43057,4.234750742558903,1.5775560746011248,0.0
18.92452,17.18924,57.84619,3854.88259,-0.21593,28.44307,4.240735607774499,1.579785594365215,0.0
18.96981,17.21519,57.82121,3852.57285,-0.27917,28.45561,4.250559798126935,1.583445363761503,0.0
19.01508,17.24114,57.78988,3850.27249,-0.34225,28.46819,4.264233580422795,1.5885392074455755,0.0
19.06031,17.26709,57.75223,3847.97932,-0.40508,28.48081,4.281772212975411,1.5950728095406206,0.0
19.10551,17.29305,57.70828,3845.69108,-0.46758,28.49348,4.303195804088764,1.6030536609189523,0.0
19.15068,17.319,57.65809,3843.40551,-0.52966,28.50618,4.328529135554955,1.6124909934501759,0.0
19.19581,17.34496,57.60171,3841.1203,-0.59123,28.51892,4.357801448822893,1.6233957003433988,0.0
19.24091,17.37092,57.53921,3838.83311,-0.65221,28.53171,4.391046191040768,1.635780241541369,0.0
19.28598,17.39689,57.47065,3836.54153,-0.71249,28.54453,4.428300717676073,1.6496585329386102,0.0
19.33102,17.42285,57.39611,3834.24313,-0.772,28.5574,4.469605948019962,1.6650458180477274,0.0
19.37602,17.44882,57.3157,3831.93543,-0.83064,28.5703,4.515005969407455,1.6819585205610244,0.0
19.421,17.47479,57.22949,3829.61591,-0.88832,28.58325,4.564547585629024,1.7004140761219326,0.0
19.46593,17.50076,57.13762,3827.28196,-0.94494,28.59623,4.618279804643454,1.7204307414845768,0.0
19.51084,17.52674,57.04018,3824.93097,-1.00041,28.60925,4.6762532603786395,1.7420273791193572,0.0
19.55571,17.55271,56.93732,3822.56025,-1.05463,28.62231,4.738519563197265,1.7652232152443235,0.0
19.60055,17.57869,56.82916,3820.16705,-1.1075,28.63542,4.805130573415153,1.7900375691916466,0.0
19.64536,17.60467,56.71585,3817.74859,-1.15893,28.64855,4.87613759220193,1.8164895519968283,0.0
19.69013,17.63065,56.59756,3815.30202,-1.20882,28.66173,4.951590464253406,1.8445977321205496,0.0
19.73486,17.65664,56.47445,3812.82443,-1.25706,28.67495,5.031536586809849,1.874379766281906,0.0
19.77956,17.68262,56.34668,3810.31288,-1.30355,28.6882,5.116019819957444,1.9058519935170322,0.0
19.82423,17.70861,56.21446,3807.76437,-1.3482,28.70149,5.20507929371808,1.939028990788653,0.0
19.86886,17.73459,56.07798,3805.17585,-1.39088,28.71481,5.29874810820416,1.9739230887595558,0.0
19.91346,17.76058,55.93744,3802.54423,-1.43151,28.72817,5.397051924167163,2.01054384673484,0.0
19.95801,17.78657,55.79307,3799.86638,-1.46996,28.74157,5.500007442615662,2.0488974862796305,0.0
20.00253,17.81255,55.64509,3797.13915,-1.50615,28.755,5.607620773821644,2.0889862836310127,0.0
20.04702,17.83854,55.49374,3794.35934,-1.53995,28.76847,5.719885698055651,2.130807921776113,0.0
20.09146,17.86453,55.33927,3791.52374,-1.57127,28.78196,5.836781822792499,2.1743548039627405,0.0
20.13587,17.89051,55.18193,3788.62915,-1.59999,28.7955,5.958272643920116,2.2196133314486666,0.0
20.18023,17.9165,55.022,3785.67233,-1.62602,28.80906,6.084303521689125,2.266563149489592,0.0
20.22456,17.94248,54.85976,3782.65008,-1.64925,28.82266,6.214799585786692,2.3151763669240277,0.0
20.26885,17.96846,54.6955,3779.55921,-1.66957,28.83628,6.349663587908897,2.3654167562000072,0.0
20.31309,17.99444,54.52951,3776.39657,-1.68689,28.84994,6.488773724646532,2.417238942342761,0.0
20.35729,18.02042,54.3621,3773.15904,-1.70111,28.86363,6.631981458180534,2.4705875911064203,0.0
20.40145,18.04639,54.19359,3769.8436,-1.71213,28.87734,6.779109367265543,2.5253966084088573,0.0
20.44556,18.07236,54.0243,3766.44729,-1.71987,28.89109,6.929949066054997,2.581588365039265,0.0
20.48963,18.09832,53.85458,3762.96727,-1.72424,28.90486,7.084259233454002,2.639072962540255,0.0
20.53365,18.12428,53.68475,3759.4008,-1.72515,28.91866,7.241763800582299,2.697747557990121,0.0
20.57763,18.15023,53.51516,3755.74531,-1.72255,28.93248,7.402150348546567,2.757495767130867,0.0
20.62155,18.17618,53.34618,3751.99839,-1.71635,28.94633,7.565068772668624,2.8181871667580594,0.0
20.66543,18.20212,53.17815,3748.15781,-1.7065,28.9602,7.73013027249883,2.8796769184742526,0.0
20.70926,18.22806,53.01144,3744.22156,-1.69296,28.97409,7.8969067289249155,2.941805536645636,0.0
20.75304,18.25398,52.84642,3740.18787,-1.67568,28.98801,8.064930530311607,3.0043988236344656,0.0
20.79677,18.2799,52.68345,3736.05524,-1.65464,29.00195,8.233694908542082,3.0672679949833532,0.0
20.84044,18.30581,52.52291,3731.82245,-1.62981,29.0159,8.402654842732481,3.130210016072701,0.0
20.88406,18.33171,52.36516,3727.48859,-1.6012,29.02988,8.571228583180869,3.1930081698317796,0.0
20.92762,18.35759,52.21056,3723.05309,-1.56881,29.04387,8.738799840416448,3.2554328722171655,0.0
20.97112,18.38347,52.05949,3718.51574,-1.53267,29.05788,8.904720674096422,3.3172427484028333,0.0
21.01457,18.40934,51.9123,3713.87671,-1.49281,29.07191,9.068315103750987,3.3781859778776604,0.0
21.05796,18.43519,51.76935,3709.13654,-1.4493,29.08595,9.228883448345808,3.438001911046644,0.0
21.10129,18.46103,51.63098,3704.29622,-1.40219,29.10001,9.38570738419775,3.4964229534375812,0.0
21.14456,18.48685,51.49753,3699.35713,-1.35158,29.11408,9.53805569172228,3.5531767065156896,0.0
21.18776,18.51266,51.36931,3694.32113,-1.29757,29.12816,9.685190640841295,3.607988346416029,0.0
21.23091,18.53846,51.24666,3689.19046,-1.24028,29.14225,9.826374943753606,3.660583214033445,0.0
21.27398,18.56423,51.12985,3683.96786,-1.17986,29.15635,9.96087918253744,3.710689581999937,0.0
21.31699,18.59,51.01918,3678.65648,-1.11645,29.17047,10.087989598793365,3.758041556531607,0.0
21.35994,18.61574,50.9149,3673.25991,-1.05023,29.18459,10.20701611409976,3.80238206525934,0.0
21.40282,18.64147,50.81727,3667.78216,-0.98139,29.19872,10.317300434297389,3.84346587628806,0.0
21.44562,18.66717,50.72651,3662.22766,-0.91014,29.21285,10.418224078611573,3.8810625892559925,0.0
21.48836,18.69286,50.64282,3656.60121,-0.83669,29.22699,10.50921616687026,3.9149595362782845,0.0
21.53103,18.71853,50.56638,3650.90797,-0.76128,29.24114,10.58976079549451,3.9449645296975424,0.0
21.57363,18.74417,50.49735,3645.15346,-0.68414,29.2553,10.659403835807824,3.9709083946329256,0.0
21.61615,18.7698,50.43585,3639.34346,-0.60555,29.26946,10.717758996753435,3.9926472275018576,0.0
21.6586,18.7954,50.38199,3633.48404,-0.52575,29.28362,10.764513008266546,4.0100643269625715,0.0
21.70098,18.82098,50.33585,3627.58149,-0.44504,29.29779,10.799429800949074,4.023071750952921,0.0
21.74328,18.84654,50.29747,3621.64225,-0.36367,29.31196,10.822353581765206,4.031611462467904,0.0
21.78551,18.87208,50.26689,3615.67294,-0.28194,29.32613,10.833210733239843,4.035656037061055,0.0
21.82766,18.89759,50.24409,3609.68023,-0.20014,29.34031,10.832010494111191,4.0352089164054386,0.0
21.86974,18.92308,50.22905,3603.67086,-0.11854,29.35448,10.818844411379391,4.030304204167358,0.0
21.91174,18.94855,50.2217,3597.65156,-0.03743,29.36867,10.79388458572657,4.021006012379144,0.0
21.95367,18.97399,50.22196,3591.62901,0.04291,29.38285,10.757380763355872,4.0074073780726875,0.0
21.99552,18.99941,50.22973,3585.60981,0.1222,29.39704,10.70965635593385,3.9896287806032515,0.0
22.03729,19.0248,50.24486,3579.60041,0.20018,29.41123,10.651103495577994,3.967816299502218,0.0
22.07899,19.05017,50.26719,3573.60711,0.2766,29.42542,10.58217725285673,3.9421394605299547,0.0
22.12061,19.07551,50.29655,3567.636,0.35119,29.43962,10.50338916177541,3.9127888235627224,0.0
22.16215,19.10084,50.33272,3561.69292,0.42374,29.45381,10.415300206540698,3.879973369977887,0.0
22.20362,19.12613,50.37549,3555.78344,0.49401,29.46802,10.318513430192459,3.843917749174817,0.0
22.24502,19.15141,50.42461,3549.91287,0.56179,29.48223,10.213666325353598,3.804859443928983,0.0
22.28634,19.17666,50.47982,3544.08616,0.62689,29.49644,10.101423162403092,3.763045912434561,0.0
22.32758,19.20189,50.54084,3538.30797,0.68913,29.51065,9.982467401368336,3.7187317615346696,0.0
22.36876,19.22709,50.60739,3532.5826,0.74836,29.52488,9.85749432088215,3.6721760008139186,0.0
22.40986,19.25227,50.67916,3526.91399,0.80441,29.53911,9.727203982030403,3.6236394214465073,0.0
22.45088,19.27743,50.75583,3521.30575,0.85717,29.55334,9.59229462715522,3.5733821370767402,0.0
22.49184,19.30257,50.83708,3515.76111,0.90652,29.56759,9.45345659492017,3.5216613170207003,0.0
22.53272,19.32768,50.92259,3510.28296,0.95236,29.58184,9.311366813627385,3.4687291348819884,0.0
22.57353,19.35278,51.012,3504.87382,0.99461,29.5961,9.166683915924954,3.4148309486516824,0.0
22.61428,19.37785,51.10499,3499.53588,1.03321,29.61037,9.02004399996569,3.3602037216284573,0.0
22.65495,19.4029,51.2012,3494.271,1.0681,29.62465,8.872057045482824,3.3050746873124743,0.0
22.69556,19.42793,51.30028,3489.08071,1.09925,29.63894,8.723303978419292,3.2496602559025582,0.0
22.7361,19.45295,51.40189,3483.96623,1.12664,29.65325,8.574334364856773,3.1941651552240877,0.0
22.77658,19.47794,51.50567,3478.92848,1.15026,29.66756,8.425664704337098,3.138781794946316,0.0
22.81699,19.50292,51.61129,3473.96813,1.17011,29.68189,8.277777284109314,3.083689839759255,0.0
22.85734,19.52788,51.71838,3469.08555,1.18622,29.69624,8.13111954943951,3.029055974797515,0.0
22.89762,19.55282,51.82662,3464.28089,1.1986,29.7106,7.986103940698688,2.9750338449512546,0.0
22.93784,19.57775,51.93567,3459.55407,1.2073,29.72498,7.84310814535541,2.9217641487400687,0.0
22.978,19.60266,52.04519,3454.90477,1.21236,29.73937,7.702475711988684,2.8693748670489447,0.0
23.0181,19.62756,52.15486,3450.33251,1.21383,29.75378,7.564516973889338,2.817981607194076,0.0
23.05815,19.65244,52.26436,3445.83661,1.21179,29.76821,7.4295102312865815,2.767688043333362,0.0
23.09813,19.6773,52.37338,3441.41623,1.20629,29.78266,7.297703143785254,2.718586435185924,0.0
23.13806,19.70215,52.48161,3437.07039,1.19742,29.79713,7.169314287640826,2.6707582081580106,0.0
23.17793,19.72699,52.58876,3432.79796,1.18525,29.81162,7.044534836272532,2.624274579378363,0.0
23.21774,19.75182,52.69454,3428.5977,1.16988,29.82613,6.923530326222487,2.5791972155644456,0.0
23.2575,19.77664,52.79867,3424.46826,1.15139,29.84067,6.806442475010566,2.5355789102212265,0.0
23.29721,19.80144,52.90088,3420.40819,1.12987,29.85522,6.6933910213492265,2.4934642691696096,0.0
23.33686,19.82623,53.00092,3416.41596,1.10544,29.8698,6.584475562304555,2.4528903949372705,0.0
23.37646,19.85101,53.09853,3412.48997,1.07818,29.88441,6.479777365810117,2.4138875619677487,0.0
23.41601,19.87578,53.19348,3408.62853,1.0482,29.89903,6.379361140605218,2.376479875969026,0.0
23.45551,19.90055,53.28553,3404.82991,1.0156,29.91369,6.283276749018306,2.340685911970405,0.0
23.49496,19.9253,53.37445,3401.09233,0.98049,29.92837,6.191560851098225,2.3065193268046644,0.0
23.53436,19.95004,53.46006,3397.41397,0.94299,29.94307,6.104238471294125,2.2739894427375464,0.0
23.57372,19.97478,53.54213,3393.79294,0.90318,29.95781,6.021324481347772,2.2431017998841565,0.0
23.61302,19.99951,53.62048,3390.22736,0.86119,29.97257,5.94282499513705,2.2138586758248735,0.0
23.65228,20.02423,53.69494,3386.7153,0.81713,29.98736,5.868738673005675,2.186259571502482,0.0
23.69149,20.04894,53.76532,3383.25479,0.7711,30.00217,5.799057934653877,2.1603016630558693,0.0
23.73066,20.07365,53.83148,3379.84387,0.72321,30.01702,5.7337700808797,2.13598021969817,0.0
23.76978,20.09835,53.89326,3376.48054,0.67358,30.0319,5.672858325489133,2.113288988130443,0.0
23.80886,20.12305,53.95051,3373.16279,0.62231,30.0468,5.616302739464352,2.092220544269186,0.0
23.84789,20.14774,54.00312,3369.88859,0.56951,30.06174,5.564081110076664,2.0727666132885076,0.0
23.88688,20.17242,54.05096,3366.65589,0.5153,30.0767,5.516169718060203,2.054918359137782,0.0
23.92583,20.1971,54.09392,3363.46264,0.45977,30.0917,5.472544036201798,2.038666644784754,0.0
23.96474,20.22178,54.1319,3360.30676,0.40305,30.10673,5.4331793528789465,2.024002264499838,0.0
24.0036,20.24645,54.16481,3357.18618,0.34523,30.12178,5.398051324070862,2.0109161494947623,0.0
24.04242,20.27111,54.19256,3354.09879,0.28642,30.13687,5.367136457329335,1.999399548214444,0.0
24.0812,20.29578,54.21509,3351.04248,0.22674,30.152,5.340412531043208,1.9894441825240428,0.0
24.11994,20.32044,54.23232,3348.01512,0.16628,30.16715,5.3178589521142925,1.981042380952646,0.0
24.15863,20.34509,54.24422,3345.01458,0.10516,30.18233,5.299457054930541,1.9741871900686427,0.0
24.19729,20.36974,54.25073,3342.03868,0.04348,30.19755,5.285190344185016,1.9688724649361835,0.0
24.23591,20.39439,54.25182,3339.08525,-0.01865,30.2128,5.275044683797775,1.9650929394935455,0.0
24.27448,20.41904,54.24746,3336.1521,-0.08113,30.22808,5.269008433816469,1.9628442775522132,0.0
24.31302,20.44368,54.23764,3333.237,-0.14385,30.2434,5.267072536804848,1.9621231049788683,0.0
24.35152,20.46832,54.22235,3330.3377,-0.2067,30.25875,5.269230554870288,1.9629270234891172,0.0
24.38997,20.49296,54.2016,3327.45195,-0.26958,30.27413,5.2754786580665565,1.9652546063272163,0.0
24.42839,20.5176,54.17539,3324.57745,-0.33238,30.28954,5.2858155645536264,1.969105375974029,0.0
24.46677,20.54223,54.14375,3321.71189,-0.395,30.30498,5.300242432500318,1.9744797638779124,0.0
24.50511,20.56686,54.1067,3318.85292,-0.45732,30.32046,5.318762703393592,1.9813790520833117,0.0
24.54341,20.59149,54.06429,3315.99816,-0.51925,30.33597,5.341381896021517,1.9898052964839903,0.0
24.58167,20.61611,54.01657,3313.14521,-0.58068,30.35151,5.36810735013488,1.9997612313302369,0.0
24.61989,20.64074,53.96358,3310.29163,-0.64149,30.36708,5.398947918468622,2.0112501544987462,0.0
24.65808,20.66536,53.90541,3307.43495,-0.70158,30.38269,5.433913605571996,2.02427579294735,0.0
24.69622,20.68998,53.84211,3304.57266,-0.76084,30.39833,5.473015151685465,2.038842147698214,0.0
24.73433,20.71459,53.77379,3301.70224,-0.81917,30.41399,5.516263559765125,2.05495331764199,0.0
24.77239,20.73921,53.70054,3298.82111,-0.87645,30.42969,5.563669563647748,2.072613301415298,0.0
24.81042,20.76382,53.62245,3295.92666,-0.93257,30.44542,5.615243035355545,2.091825776606162,0.0
24.8484,20.78843,53.53965,3293.01626,-0.98743,30.46119,5.670992329592045,2.112593855561471,0.0
24.88635,20.81303,53.45225,3290.08724,-1.04091,30.47698,5.730923563674521,2.134919817142865,0.0
24.92425,20.83763,53.36039,3287.13691,-1.0929,30.4928,5.795039831406416,2.1588048138735307,0.0
24.96212,20.86223,53.2642,3284.16253,-1.1433,30.50865,5.863340349791431,2.1842485540667447,0.0
24.99994,20.88683,53.16385,3281.16135,-1.19198,30.52453,5.935819538060958,2.2112489587393602,0.0
25.03773,20.91142,53.05949,3278.1306,-1.23885,30.54044,6.012466029153163,2.23980179336176,0.0
25.07547,20.93601,52.95129,3275.06747,-1.28378,30.55638,6.093261614649795,2.269900274819053,0.0
25.11317,20.9606,52.83942,3271.96916,-1.32667,30.57234,6.178180125219764,2.3015346543468507,0.0
25.15083,20.98518,52.72409,3268.83283,-1.36741,30.58834,6.267186249851196,2.3346917776641436,0.0
25.18845,21.00975,52.60547,3265.65567,-1.40589,30.60435,6.3602342985541815,2.369354624047512,0.0
25.22602,21.03433,52.48379,3262.43484,-1.442,30.6204,6.457266914886852,2.4055018267132224,0.0
25.26355,21.05889,52.35925,3259.16752,-1.47564,30.63647,6.5582137464504,2.4431071775416355,0.0
25.30104,21.08345,52.23207,3255.85092,-1.50669,30.65257,6.662990083553073,2.482139119943728,0.0
25.33848,21.10801,52.1025,3252.48225,-1.53506,30.66869,6.771495478434837,2.5225602344859475,0.0
25.37587,21.13256,51.97077,3249.05877,-1.56064,30.68483,6.883612359823577,2.564326722775944,0.0
25.41322,21.1571,51.83712,3245.57779,-1.58335,30.701,6.999204660086495,2.6073878960403456,0.0
25.45053,21.18164,51.70182,3242.03666,-1.60307,30.71719,7.118116474826823,2.651685675789265,0.0
25.48779,21.20616,51.56512,3238.43282,-1.61973,30.7334,7.240170777366808,2.697154114927388,0.0
25.525,21.23068,51.4273,3234.76378,-1.63325,30.74963,7.365168213156606,2.743718948639561,0.0
25.56216,21.25519,51.28862,3231.02714,-1.64353,30.76589,7.492886001531242,2.7912971852663717,0.0
25.59927,21.2797,51.14938,3227.22064,-1.6505,30.78216,7.623076974516753,2.8397967482341366,0.0
25.63633,21.30419,51.00986,3223.34212,-1.65411,30.79845,7.755468784234985,2.889116180792339,0.0
25.67335,21.32867,50.87035,3219.38956,-1.65428,30.81475,7.889763311906676,2.9391444258517274,0.0
25.71031,21.35315,50.73114,3215.36113,-1.65096,30.83108,8.025636312297221,2.9897606935310064,0.0
25.74722,21.37761,50.59254,3211.25515,-1.64412,30.84742,8.162737327659158,3.0408344290981475,0.0
25.78407,21.40206,50.45484,3207.07014,-1.63371,30.86377,8.300689904468124,3.0922253937102355,0.0
25.82088,21.4265,50.31834,3202.80483,-1.61971,30.88014,8.439092144695206,3.14378386977693,0.0
25.85762,21.45092,50.18335,3198.45817,-1.60211,30.89652,8.577517620603293,3.195351001746166,0.0
25.89432,21.47533,50.05017,3194.02937,-1.58091,30.91291,8.71551667826957,3.2467592817005873,0.0
25.93095,21.49973,49.91909,3189.51788,-1.55611,30.92932,8.852618149929693,3.297833187250809,0.0
25.96753,21.52411,49.79042,3184.92343,-1.52774,30.94573,8.98833148905092,3.348389976906326,0.0
26.00405,21.54848,49.66445,3180.24604,-1.49582,30.96215,9.122149334543915,3.3982406453118865,0.0
26.04051,21.57283,49.54147,3175.48602,-1.46043,30.97859,9.253550501989626,3.447191037558209,0.0
26.07691,21.59717,49.42175,3170.644,-1.4216,30.99503,9.382003390280115,3.495043118245318,0.0
26.11325,21.62148,49.30557,3165.72091,-1.37943,31.01147,9.506969781739484,3.5415963871275804,0.0
26.14953,21.64578,49.19321,3160.71801,-1.33401,31.02792,9.627909003085534,3.5866494291814113,0.0
26.18575,21.67006,49.08491,3155.63691,-1.28543,31.04438,9.744282403579243,3.630001582833766,0.0
26.2219,21.69432,48.98092,3150.4795,-1.23384,31.06084,9.8555580959668,3.6714547060878058,0.0
26.25799,21.71856,48.88147,3145.24804,-1.17935,31.0773,9.961215895549588,3.710815016456416,0.0
26.29401,21.74278,48.78678,3139.9451,-1.12213,31.09376,10.060752383550728,3.7478949771994596,0.0
26.32996,21.76698,48.69706,3134.57355,-1.06234,31.11023,10.153686013041241,3.782515199415632,0.0
26.36585,21.79116,48.61249,3129.13659,-1.00016,31.12669,10.239562169682452,3.8145063273021522,0.0
26.40167,21.81531,48.53325,3123.6377,-0.93577,31.14316,10.317958095642789,3.843710872443333,0.0
26.43743,21.83944,48.4595,3118.08062,-0.86939,31.15963,10.388487583530297,3.8699849624239433,0.0
26.47311,21.86355,48.39136,3112.46938,-0.80122,31.17609,10.450805348356035,3.8931999695006048,0.0
26.50872,21.88764,48.32897,3106.80823,-0.73149,31.19255,10.50461098942546,3.913243986510586,0.0
26.54427,21.91169,48.2724,3101.10162,-0.66044,31.20901,10.54965246063651,3.930023119649135,0.0
26.57974,21.93573,48.22175,3095.35422,-0.5883,31.22547,10.58572897683552,3.9434625711635354,0.0
26.61514,21.95974,48.17707,3089.57081,-0.51532,31.24192,10.61269329541465,3.9535074893081816,0.0
26.65047,21.98372,48.1384,3083.75635,-0.44175,31.25837,10.630453325817246,3.9601235679276727,0.0
26.68573,22.00768,48.10575,3077.91588,-0.36785,31.27482,10.638973034713086,3.9632973836584053,0.0
26.72091,22.03161,48.07911,3072.05449,-0.29387,31.29126,10.638272630588455,3.9630364646932392,0.0
26.75602,22.05551,48.05847,3066.17733,-0.22007,31.3077,10.628428028087267,3.9593690912344655,0.0
26.79106,22.07939,48.04376,3060.28956,-0.1467,31.32413,10.609569608769556,3.9523438338437424,0.0
26.82602,22.10324,48.03493,3054.39631,-0.07401,31.34056,10.58188031069971,3.9420288417634457,0.0
26.86091,22.12706,48.03189,3048.50265,-0.00225,31.35698,10.545593093666234,3.9285108986443333,0.0
26.89573,22.15085,48.03454,3042.61358,0.06834,31.3734,10.500987839599778,3.9118942678697097,0.0
26.93048,22.17462,48.04274,3036.73398,0.13752,31.38981,10.44838775845334,3.892299353651232,0.0
26.96515,22.19836,48.05635,3030.8686,0.20507,31.40622,10.388155378021237,3.869861207130964,0.0
26.99975,22.22207,48.07522,3025.02205,0.27077,31.42263,10.320688202042245,3.844727908910553,0.0
27.03427,22.24575,48.09918,3019.19873,0.33441,31.43903,10.246414123946046,3.8170588605511075,0.0
27.06872,22.26941,48.12802,3013.40288,0.39581,31.45543,10.165786684374131,3.787023017874959,0.0
27.1031,22.29304,48.16156,3007.63851,0.45478,31.47182,10.079280258689117,3.7547970981862435,0.0
27.13741,22.31664,48.19957,3001.9094,0.51115,31.48822,9.98738525679548,3.7205637920778445,0.0
27.17165,22.34022,48.24182,2996.2191,0.56477,31.50461,9.890603411742296,3.6845100083119333,0.0
27.20581,22.36377,48.28809,2990.57091,0.61549,31.521,9.789443226227018,3.6468251775228193,0.0
27.2399,22.38729,48.33812,2984.9679,0.66318,31.53738,9.684415637563554,3.607699637303506,0.0
27.27393,22.41078,48.39165,2979.41286,0.70773,31.55377,9.576029952385873,3.5673231177758096,0.0
27.30788,22.43425,48.44843,2973.90834,0.74904,31.57016,9.464790092614457,3.5258833431140943,0.0
27.34177,22.4577,48.50819,2968.45662,0.78702,31.58655,9.351191184367428,3.483564760824912,0.0
27.37558,22.48112,48.57066,2963.05974,0.82161,31.60294,9.235716511921273,3.440547407017229,0.0
27.40933,22.50451,48.63556,2957.71949,0.85274,31.61933,9.118834849678612,3.397005912490216,0.0
27.44301,22.52788,48.70262,2952.4374,0.88036,31.63572,9.00099817667102,3.353108651325423,0.0
27.47663,22.55123,48.77156,2947.21478,0.90445,31.65212,8.882639770558615,3.309017030851462,0.0
27.51018,22.57455,48.8421,2942.0527,0.92498,31.66852,8.76417267139461,3.264884919355893,0.0
27.54366,22.59785,48.91395,2936.95202,0.94195,31.68493,8.64598849989051,3.2208582058579145,0.0
27.57708,22.62113,48.98685,2931.91337,0.95536,31.70134,8.528456610251945,3.177074484517416,0.0
27.61044,22.64438,49.06051,2926.9372,0.96522,31.71776,8.411923554144215,3.133662854948045,0.0
27.64373,22.66761,49.13468,2922.02374,0.97156,31.73419,8.296712829737775,3.090743828730047,0.0
27.67697,22.69083,49.20906,2917.17307,0.9744,31.75062,8.183124888060078,3.0484293317764886,0.0
27.71014,22.71402,49.28341,2912.38507,0.9738,31.76706,8.071437368023016,3.006822791887169,0.0
27.74325,22.73719,49.35747,2907.65948,0.96979,31.78351,7.961905531287783,2.9660193007472224,0.0
27.7763,22.76034,49.43097,2902.99588,0.96245,31.79998,7.854762868583385,2.9261058397967137,0.0
27.80929,22.78347,49.50367,2898.39372,0.95183,31.81645,7.750221849978422,2.88716155972662,0.0
27.84222,22.80658,49.57533,2893.8523,0.93801,31.83293,7.648474792996593,2.849258103874699,0.0
27.8751,22.82967,49.64572,2889.37081,0.92107,31.84943,7.549694824028947,2.8124599663768453,0.0
27.90792,22.85275,49.7146,2884.94833,0.90108,31.86594,7.454036910390405,2.7768248766353025,0.0
27.94069,22.87581,49.78175,2880.58384,0.87813,31.88246,7.361638942340196,2.742404202399744,0.0
27.97339,22.89885,49.84697,2876.27622,0.85232,31.89899,7.272622846426861,2.709243364517583,0.0
28.00605,22.92187,49.91004,2872.02426,0.82374,31.91554,7.187095713596741,2.6773822571840626,0.0
28.03865,22.94488,49.97077,2867.82667,0.7925,31.93211,7.105150927529685,2.646855668277001,0.0
28.0712,22.96787,50.02898,2863.68208,0.75869,31.94869,7.026869280606449,2.617693695084003,0.0
28.10369,22.99085,50.08447,2859.58907,0.72243,31.96529,6.9523200667624705,2.5899221514192523,0.0
28.13613,23.01381,50.13709,2855.54614,0.68381,31.9819,6.881562142216911,2.5635629627729895,0.0
28.16852,23.03676,50.18666,2851.55174,0.64295,31.99854,6.814644946614846,2.5386345467138383,0.0
28.20086,23.05969,50.23303,2847.60427,0.59996,32.01519,6.751609478579755,2.515152176307782,0.0
28.23315,23.08261,50.27606,2843.70206,0.55496,32.03186,6.692489220918258,2.4931283247812766,0.0
28.26539,23.10552,50.31562,2839.84342,0.50806,32.04854,6.637311011868399,2.472572990084148,0.0
28.29758,23.12841,50.35157,2836.02661,0.45938,32.06525,6.586095859749973,2.45349399836828,0.0
28.32973,23.15129,50.38379,2832.24984,0.40903,32.08197,6.538859699184666,2.4358972856995185,0.0
28.36182,23.17415,50.41219,2828.51129,0.35714,32.09872,6.4956140878035775,2.4197871575995467,0.0
28.39386,23.19701,50.43665,2824.8091,0.30381,32.11548,6.4563668428822325,2.4051665262091824,0.0
28.42586,23.21985,50.4571,2821.14139,0.24918,32.13227,6.421122617840239,2.392037125049668,0.0
28.45781,23.24268,50.47344,2817.50623,0.19336,32.14908,6.389883418898892,2.380399701491224,0.0
28.48971,23.26549,50.4856,2813.90167,0.13648,32.1659,6.362649062449428,2.370254187134753,0.0
28.52157,23.2883,50.49352,2810.32573,0.07864,32.18275,6.339417573884114,2.3615998463869214,0.0
28.55338,23.3111,50.49716,2806.7764,0.01999,32.19962,6.320185528770451,2.3544354035565203,0.0
28.58515,23.33388,50.49645,2803.25163,-0.03937,32.21651,6.304948337295607,2.348759148817505,0.0
28.61686,23.35665,50.49137,2799.74936,-0.09932,32.23343,6.293700472940128,2.344569023395966,0.0
28.64854,23.37941,50.48188,2796.26749,-0.15972,32.25036,6.286435646313888,2.3418626843285986,0.0
28.68017,23.40216,50.46798,2792.8039,-0.22046,32.26732,6.2831469250198895,2.3406375491151197,0.0
28.71175,23.4249,50.44964,2789.35644,-0.28141,32.2843,6.283826800369506,2.340890820571449,0.0
28.74329,23.44763,50.42688,2785.92293,-0.34245,32.3013,6.288467201647762,2.342619492143905,0.0
28.77478,23.47035,50.39969,2782.50117,-0.40347,32.31832,6.297059458574457,2.345820333924985,0.0
28.80623,23.49306,50.3681,2779.08893,-0.46433,32.33536,6.30959421249966,2.3504898595713475,0.0
28.83763,23.51576,50.33214,2775.68396,-0.52491,32.35243,6.32606127679909,2.3566242742974235,0.0
28.86899,23.53845,50.29183,2772.28398,-0.5851,32.36951,6.346449446889469,2.3642194041011306,0.0
28.90031,23.56113,50.24723,2768.88668,-0.64476,32.38662,6.370746260239783,2.3732706063617566,0.0
28.93158,23.58379,50.19838,2765.48974,-0.70378,32.40375,6.398937706774255,2.383772661957448,0.0
28.96281,23.60645,50.14534,2762.0908,-0.76204,32.4209,6.431007890089266,2.3957196490595978,0.0
28.99399,23.6291,50.0882,2758.6875,-0.81941,32.43807,6.466938640005426,2.409104798798295,0.0
29.02513,23.65173,50.02702,2755.27745,-0.87576,32.45527,6.506709077148391,2.4239203330572288,0.0
29.05622,23.67436,49.96189,2751.85823,-0.93099,32.47248,6.550295130391498,2.440157284708367,0.0
29.08727,23.69697,49.89291,2748.42742,-0.98496,32.48971,6.597669008358915,2.457805300732977,0.0
29.11827,23.71958,49.82019,2744.98258,-1.03756,32.50697,6.648798626471796,2.476852428781245,0.0
29.14923,23.74217,49.74383,2741.52126,-1.08866,32.52424,6.703646991484484,2.497284887895809,0.0
29.18014,23.76475,49.66397,2738.041,-1.13816,32.54153,6.762171545964681,2.5190868243133857,0.0
29.21101,23.78732,49.58072,2734.53933,-1.18592,32.55884,6.824323475774126,2.542240053483097,0.0
29.24183,23.80988,49.49423,2731.0138,-1.23184,32.57617,6.890046984314367,2.5667237897039232,0.0
29.2726,23.83242,49.40463,2727.46195,-1.2758,32.59352,6.9592785380808815,2.59251436507376,0.0
29.30333,23.85496,49.3121,2723.88132,-1.31769,32.61088,7.031946088930008,2.6195849397633943,0.0
29.33401,23.87748,49.21677,2720.26948,-1.35739,32.62826,7.107968279467964,2.647905206003,0.0
29.36465,23.89999,49.11884,2716.62402,-1.39479,32.64566,7.187253638950625,2.677441088533651,0.0
29.39524,23.92249,49.01846,2712.94253,-1.4298,32.66307,7.269699778239444,2.708154444707218,0.0
29.42578,23.94497,48.91582,2709.22268,-1.4623,32.6805,7.355192593459642,2.7400027678280914,0.0
29.45627,23.96744,48.81111,2705.46214,-1.4922,32.69794,7.44360548923002,2.7729388977858496,0.0
29.48672,23.9899,48.70453,2701.65866,-1.5194,32.7154,7.53479863351599,2.8069107434684084,0.0
29.51711,24.01234,48.59627,2697.81002,-1.54381,32.73287,7.628618257267349,2.841861021858657,0.0
29.54746,24.03476,48.48655,2693.91409,-1.56534,32.75035,7.7248960131810875,2.8777270191567426,0.0
29.57776,24.05718,48.37557,2689.96881,-1.58391,32.76784,7.823448408882419,2.9144403796250815,0.0
29.608,24.07957,48.26356,2685.9722,-1.59945,32.78535,7.924076330676983,2.951926928173527,0.0
29.6382,24.10195,48.15074,2681.92239,-1.61188,32.80286,8.02656467471128,2.9901065329569283,0.0
29.66834,24.12432,48.03732,2677.8176,-1.62114,32.82039,8.130682102803162,3.0288930144155617,0.0
29.69843,24.14666,47.92354,2673.65619,-1.62718,32.83792,8.236180940308403,3.0681941072277406,0.0
29.72847,24.16899,47.80963,2669.43663,-1.62995,32.85546,8.342797233189131,3.1079114815693085,0.0
29.75846,24.1913,47.69583,2665.15754,-1.6294,32.87301,8.450250980845905,3.147940829849714,0.0
29.78839,24.2136,47.58236,2660.81769,-1.62551,32.89056,8.558246560156165,3.1881720246774936,0.0
29.81827,24.23587,47.46947,2656.41603,-1.61825,32.90812,8.666473354718281,3.2284893532702283,0.0
29.84809,24.25813,47.35739,2651.95164,-1.60762,32.92569,8.774606601118661,3.268771832711315,0.0
29.87786,24.28036,47.24635,2647.42384,-1.59361,32.94325,8.882308461574588,3.3088936095376478,0.0
29.90757,24.30258,47.13659,2642.83209,-1.57623,32.96082,8.989229329122535,3.3487244459565964,0.0
29.93722,24.32477,47.02834,2638.17608,-1.55551,32.9784,9.09500936793263,3.3881302936536843,0.0
29.96682,24.34694,46.92182,2633.45571,-1.53147,32.99597,9.199280287224001,3.426973954622724,0.0
29.99635,24.36909,46.81727,2628.6711,-1.50416,33.01354,9.301667342772996,3.46511582678029,0.0
30.02583,24.39121,46.71489,2623.82257,-1.47363,33.03111,9.401791555178637,3.5024147303279705,0.0
30.05525,24.41332,46.61491,2618.9107,-1.43997,33.04869,9.499272128949183,3.538728808925759,0.0
30.08461,24.4354,46.51752,2613.93628,-1.40324,33.06625,9.59372905139907,3.573916497849548,0.0
30.11391,24.45745,46.42294,2608.90035,-1.36355,33.08382,9.684785845153032,3.6078375493713346,0.0
30.14314,24.47948,46.33134,2603.80415,-1.321,33.10138,9.772072443225277,3.6403541038018625,0.0
30.17231,24.50148,46.24291,2598.64921,-1.27571,33.11894,9.855228151044484,3.671331792922871,0.0
30.20142,24.52346,46.15783,2593.43723,-1.22782,33.13649,9.933904655798397,3.7006408610471313,0.0
30.23047,24.54541,46.07625,2588.17018,-1.17746,33.15403,10.007769040230714,3.728157287737091,0.0
30.25945,24.56733,45.99833,2582.85022,-1.12479,33.17157,10.076506755461232,3.7537638952585946,0.0
30.28837,24.58923,45.92419,2577.47975,-1.06998,33.1891,10.139824506045603,3.777351423341557,0.0
30.31722,24.61109,45.85397,2572.06133,-1.0132,33.20662,10.197453000030182,3.7988195536477467,0.0
30.34601,24.63293,45.78778,2566.59775,-0.95465,33.22414,10.249149517570517,3.818077866648762,0.0
30.37472,24.65474,45.72572,2561.09196,-0.89451,33.24164,10.294700253656465,3.8350467143527753,0.0
30.40338,24.67651,45.66786,2555.54706,-0.83298,33.25913,10.333922393619472,3.849657993485608,0.0
30.43196,24.69826,45.61428,2549.9663,-0.77028,33.27662,10.366665884392681,3.86185580533172,0.0
30.46048,24.71998,45.56503,2544.35307,-0.70662,33.29409,10.39281486978286,3.8715969904107763,0.0
30.48893,24.74166,45.52016,2538.71086,-0.64222,33.31155,10.412288764216633,3.878851528476357,0.0
30.51731,24.76332,45.47967,2533.04326,-0.5773,33.329,10.42504294633682,3.8836027968988542,0.0
30.54562,24.78494,45.44359,2527.35392,-0.51209,33.34644,10.431069061198208,3.885847683241347,0.0
30.57386,24.80653,45.4119,2521.64655,-0.44681,33.36386,10.430394927582917,3.885596550732128,0.0
30.60204,24.82809,45.38459,2515.92488,-0.38169,33.38128,10.423084054628509,3.882873058195966,0.0
30.63014,24.84961,45.36161,2510.19268,-0.31696,33.39868,10.409234779590276,3.8777138388478667,0.0
30.65818,24.8711,45.34291,2504.45367,-0.25283,33.41607,10.388979045676615,3.870168045004594,0.0
30.68614,24.89256,45.32843,2498.71158,-0.18953,33.43344,10.362480845476409,3.8602967682204086,0.0
30.71404,24.91399,45.31808,2492.97008,-0.12727,33.4508,10.329934361213452,3.848172346482917,0.0
30.74187,24.93538,45.31178,2487.23279,-0.06626,33.46816,10.291561837895363,3.8338775719050764,0.0
30.76962,24.95674,45.30942,2481.50322,-0.0067,33.48549,10.247611229204301,3.817504813757543,0.0
30.79731,24.97807,45.31087,2475.78481,0.05121,33.50282,10.198353658632028,3.7991550726746888,0.0
30.82493,24.99936,45.31601,2470.08089,0.10729,33.52013,10.144080739900431,3.778936982440734,0.0
30.85248,25.02062,45.3247,2464.39467,0.16137,33.53744,10.085101801142669,3.7569657759241926,0.0
30.87996,25.04185,45.33678,2458.72921,0.21327,33.55473,10.021741056712518,3.733362231502441,0.0
30.90737,25.06304,45.3521,2453.08744,0.26283,33.57201,9.95433476884951,3.7082516157072964,0.0
30.93471,25.0842,45.37048,2447.47213,0.30992,33.58928,9.883228439063696,3.6817626369419445,0.0
30.96198,25.10533,45.39175,2441.88591,0.3544,33.60654,9.808774065853335,3.6540264239086246,0.0
30.98919,25.12642,45.41573,2436.33121,0.39615,33.62379,9.731327501685769,3.625175541014463,0.0
31.01633,25.14749,45.44222,2430.81032,0.43505,33.64102,9.651245937988879,3.5953430514646185,0.0
31.0434,25.16852,45.47104,2425.32534,0.471,33.65826,9.568885542433911,3.5646616370879647,0.0
31.07041,25.18951,45.50197,2419.87821,0.50393,33.67548,9.484599268247736,3.53326278224827,0.0
31.09734,25.21048,45.53482,2414.47068,0.53375,33.69269,9.398734850714202,3.5012760274882346,0.0
31.12422,25.23141,45.56938,2409.10434,0.5604,33.7099,9.311633001513037,3.4688282968732187,0.0
31.15103,25.25232,45.60544,2403.7806,0.58384,33.7271,9.223625807374995,3.4360433014481573,0.0
31.17777,25.27319,45.64279,2398.50068,0.60401,33.7443,9.135035335544922,3.403041019735854,0.0
31.20445,25.29403,45.68122,2393.26566,0.6209,33.76149,9.046172444969192,3.3699372548730264,0.0
31.23106,25.31484,45.72052,2388.07645,0.63448,33.77867,8.957335798966172,3.336843266804068,0.0
31.25762,25.33562,45.76048,2382.93378,0.64475,33.79585,8.868811072393747,3.303865476930101,0.0
31.28411,25.35637,45.80089,2377.83824,0.65171,33.81303,8.780870344041336,3.2711052417590083,0.0
31.31054,25.37709,45.84155,2372.79028,0.65538,33.8302,8.69377166311079,3.2386586914081597,0.0
31.3369,25.39779,45.88225,2367.79018,0.65577,33.84738,8.607758777238784,3.2066166282856052,0.0
31.36321,25.41845,45.92278,2362.83811,0.65292,33.86455,8.523061008478642,3.175064480890034,0.0
31.38945,25.43909,45.96296,2357.93407,0.64687,33.88172,8.439893263031422,3.1440823074358626,0.0
31.41564,25.4597,46.00258,2353.07797,0.63766,33.89889,8.358456160148371,3.1137448438727904,0.0
31.44177,25.48028,46.04146,2348.26958,0.62536,33.91606,8.27893626564281,3.084121590875122,0.0
31.46784,25.50083,46.07941,2343.50855,0.61001,33.93323,8.201506415645873,3.0552769344492954,0.0
31.49385,25.52136,46.11625,2338.79443,0.5917,33.9504,8.126326116667126,3.0272702949669954,0.0
31.5198,25.54186,46.15181,2334.12667,0.5705,33.96757,8.053542008634524,3.000156299659712,0.0
31.5457,25.56234,46.18592,2329.50461,0.54649,33.98475,7.983288378301714,2.973984973876477,0.0
31.57154,25.58278,46.21841,2324.92751,0.51975,34.00193,7.915687711230952,2.9488019467120186,0.0
31.59732,25.60321,46.24914,2320.39452,0.49037,34.01911,7.85085127146899,2.924648666951287,0.0
31.62305,25.62361,46.27794,2315.90474,0.45846,34.0363,7.788879698919701,2.9015626256064686,0.0
31.64872,25.64398,46.30468,2311.45716,0.42411,34.0535,7.729863615400688,2.8795775816890243,0.0
31.67434,25.66433,46.32923,2307.05072,0.38743,34.07069,7.673884231247184,2.858723788185602,0.0
31.69991,25.68466,46.35144,2302.68427,0.34852,34.0879,7.621013945277895,2.8390282155610955,0.0
31.72542,25.70496,46.37121,2298.35661,0.3075,34.10511,7.5713169317677735,2.8205147704214526,0.0
31.75088,25.72524,46.38841,2294.06647,0.26447,34.12232,7.524849708915363,2.803204507282714,0.0
31.77629,25.7455,46.40294,2289.81253,0.21956,34.13955,7.4816616840560854,2.787115831677309,0.0
31.80164,25.76573,46.4147,2285.5934,0.17288,34.15678,7.441795671555003,2.772264693082737,0.0
31.82695,25.78594,46.4236,2281.40765,0.12456,34.17402,7.405288380018597,2.758664766420775,0.0
31.8522,25.80613,46.42955,2277.25379,0.07471,34.19127,7.372170865971,2.7463276210638075,0.0
31.8774,25.82629,46.43248,2273.1303,0.02346,34.20852,7.34246895173196,2.735262876505368,0.0
31.90255,25.84644,46.43232,2269.03559,-0.02905,34.22578,7.316203605689413,2.725478344021672,0.0
31.92765,25.86656,46.42901,2264.96804,-0.08271,34.24306,7.293391283530449,2.716980153789138,0.0
31.9527,25.88666,46.4225,2260.92601,-0.13739,34.26034,7.274044229424749,2.7097728670831343,0.0
31.9777,25.90674,46.41274,2256.90778,-0.19295,34.27763,7.2581707364336,2.703859573287194,0.0
32.00265,25.92679,46.39969,2252.91163,-0.24926,34.29493,7.245775365695655,2.699241971545477,0.0
32.02755,25.94683,46.38332,2248.93579,-0.3062,34.31224,7.236859124220935,2.6959204369957113,0.0
32.05241,25.96684,46.36362,2244.97844,-0.36363,34.32956,7.231419601297518,2.693894071584277,0.0
32.07721,25.98684,46.34058,2241.03777,-0.42142,34.34689,7.22945106375491,2.6931607395543153,0.0
32.10196,26.00681,46.31418,2237.1119,-0.47943,34.36423,7.230944510480917,2.693717087754702,0.0
32.12667,26.02676,46.28442,2233.19895,-0.53754,34.38157,7.235887686753228,2.695558550978932,0.0
32.15133,26.0467,46.25133,2229.297,-0.5956,34.39893,7.2442650591524895,2.698679342619591,0.0
32.17594,26.06661,46.21491,2225.40411,-0.6535,34.4163,7.256057751921176,2.7030724309603475,0.0
32.2005,26.0865,46.17519,2221.51832,-0.71108,34.43367,7.271243445878549,2.7087295015191244,0.0
32.22501,26.10637,46.13221,2217.63763,-0.76823,34.45106,7.289796241107506,2.715640905895332,0.0
32.24948,26.12622,46.08601,2213.76006,-0.82481,34.46846,7.31168648489264,2.723795597672273,0.0
32.27389,26.14604,46.03663,2209.88359,-0.88068,34.48586,7.336880566556289,2.7331810559881666,0.0
32.29826,26.16585,45.98413,2206.00618,-0.93572,34.50327,7.3653406810869875,2.7437831974815325,0.0
32.32258,26.18564,45.92857,2202.1258,-0.98981,34.5207,7.397024563740712,2.7555862774231707,0.0
32.34686,26.2054,45.87003,2198.24039,-1.0428,34.53813,7.431885198048596,2.768572780941349,0.0
32.37108,26.22515,45.80858,2194.34791,-1.09457,34.55557,7.469870500016479,2.7827233053778313,0.0
32.39526,26.24487,45.74431,2190.4463,-1.145,34.57301,7.510922981613384,2.7980164349284777,0.0
32.41939,26.26457,45.6773,2186.53351,-1.19397,34.59047,7.554979397079134,2.8144286088835258,0.0
32.44347,26.28425,45.60766,2182.6075,-1.24135,34.60793,7.60197037591366,2.8319339849064518,0.0
32.4675,26.30391,45.53548,2178.66622,-1.28702,34.6254,7.6518200469050095,2.8505042989745117,0.0
32.49148,26.32355,45.46089,2174.70766,-1.33087,34.64287,7.704445657971171,2.8701087237598184,0.0
32.51541,26.34316,45.38399,2170.72981,-1.37279,34.66035,7.759757197037636,2.890713727396258,0.0
32.5393,26.36276,45.30492,2166.7307,-1.41265,34.67784,7.817657019684732,2.912282934768322,0.0
32.56313,26.38233,45.22379,2162.70838,-1.45037,34.69533,7.878039489741726,2.9347769936229575,0.0
32.58692,26.40187,45.14074,2158.66093,-1.48583,34.71283,7.940790639434999,2.958153447965819,0.0
32.61065,26.4214,45.05591,2154.58649,-1.51893,34.73032,8.005787856186117,2.982366621385309,0.0
32.63434,26.4409,44.96945,2150.48321,-1.54958,34.74783,8.072899603474475,3.0073675130665674,0.0
32.65797,26.46038,44.8815,2146.34933,-1.57769,34.76533,8.141985183571713,3.0331037094038016,0.0
32.68156,26.47983,44.79222,2142.18314,-1.60318,34.78284,8.212894550156022,3.059519314194178,0.0
32.70509,26.49926,44.70176,2137.98298,-1.62596,34.80035,8.285468179037494,3.086554900479626,0.0
32.72858,26.51866,44.61028,2133.74727,-1.64597,34.81786,8.359537005244691,3.1141474871099155,0.0
32.75201,26.53804,44.51795,2129.47452,-1.66314,34.83537,8.434922434665925,3.142230543079349,0.0
32.77539,26.5574,44.42493,2125.16332,-1.67741,34.85288,8.511436438221622,3.1707340226084426,0.0
32.79871,26.57673,44.33138,2120.81236,-1.68872,34.87039,8.5888817361709,3.199584433802975,0.0
32.82199,26.59603,44.23748,2116.4204,-1.69704,34.88789,8.667052079582957,3.2287049435094874,0.0
32.84521,26.61531,44.14341,2111.98635,-1.70233,34.9054,8.745732635271924,3.258015520713642,0.0
32.86837,26.63456,44.04932,2107.5092,-1.70456,34.9229,8.824700479524074,3.287433120466599,0.0
32.89149,26.65378,43.9554,2102.9881,-1.70371,34.9404,8.903725204822834,3.3168719099060477,0.0
32.91454,26.67297,43.86181,2098.42228,-1.69978,34.95789,8.982569642386931,3.3462435374206803,0.0
32.93755,26.69214,43.76872,2093.81113,-1.69275,34.97537,9.06099070183834,3.3754574454485873,0.0
32.9605,26.71128,43.67631,2089.15418,-1.68266,34.99285,9.13874032749997,3.4044212267233145,0.0
32.98339,26.73038,43.58474,2084.45109,-1.6695,35.01033,9.215566569049285,3.433041023120507,0.0
33.00623,26.74946,43.49418,2079.70169,-1.65333,35.02779,9.291214762105103,3.4612219654575505,0.0
33.029,26.76851,43.40478,2074.90593,-1.63417,35.04525,9.365428812301431,3.488868651844865,0.0
33.05173,26.78753,43.31671,2070.06395,-1.61208,35.06269,9.437952574166571,3.5158856613546483,0.0
33.07439,26.80652,43.23013,2065.17602,-1.58712,35.08013,9.508531313975825,3.542178098972004,0.0
33.097,26.82547,43.14517,2060.24258,-1.55936,35.09756,9.576913243583784,3.5676521669878225,0.0
33.11955,26.84439,43.06198,2055.26422,-1.5289,35.11497,9.642851110266054,3.592215757256655,0.0
33.14204,26.86328,42.9807,2050.24171,-1.49581,35.13237,9.706103825670176,3.6157790580237967,0.0
33.16447,26.88214,42.90146,2045.17597,-1.46022,35.14976,9.76643811539624,3.6382551684374587,0.0
33.18684,26.90097,42.82439,2040.06805,-1.42223,35.16714,9.823630169342769,3.659560713346046,0.0
33.20915,26.91976,42.7496,2034.91919,-1.38197,35.1845,9.877467271961903,3.6796164506110975,0.0
33.2314,26.93851,42.67719,2029.73075,-1.33958,35.20185,9.927749390900935,3.6983478629180593,0.0
33.25358,26.95724,42.60728,2024.50425,-1.29519,35.21918,9.97429070231443,3.7156857259951903,0.0
33.27571,26.97592,42.53994,2019.24135,-1.24897,35.23649,10.016921031372794,3.731566645240894,0.0
33.29777,26.99457,42.47526,2013.94382,-1.20106,35.25379,10.055487187150842,3.7459335530048476,0.0
33.31978,27.01319,42.41332,2008.61356,-1.15164,35.27107,10.089854172279672,3.758736159215137,0.0
33.34172,27.03177,42.35417,2003.2526,-1.10088,35.28833,10.11990624928644,3.7699313486178934,0.0
33.36359,27.05031,42.29787,1997.86305,-1.04896,35.30558,10.145547847642572,3.779483518676609,0.0
33.38541,27.06881,42.24446,1992.44714,-0.99607,35.32281,10.166704297859765,3.78736485304222,0.0
33.40716,27.08728,42.19397,1987.00715,-0.94239,35.34002,10.183322381722567,3.7935555265292153,0.0
33.42884,27.10571,42.14642,1981.54545,-0.88812,35.35721,10.195370690732977,3.798043838645683,0.0
33.45047,27.1241,42.10183,1976.06449,-0.83344,35.37438,10.202839787960484,3.8008262738867047,0.0
33.47202,27.14245,42.06019,1970.56673,-0.77857,35.39153,10.205742171749005,3.801907488214243,0.0
33.49352,27.16077,42.0215,1965.05469,-0.72368,35.40866,10.204112043019302,3.8013002223711596,0.0
33.51495,27.17904,41.98572,1959.53092,-0.66899,35.42577,10.19800488106226,3.7990251438530604,0.0
33.53631,27.19728,41.95285,1953.99796,-0.61468,35.44286,10.187496835821847,3.7951106205176957,0.0
33.55761,27.21548,41.92282,1948.45837,-0.56095,35.45993,10.17268394744569,3.7895924298470267,0.0
33.57885,27.23364,41.8956,1942.9147,-0.50798,35.47698,10.153681206444281,3.782513408831795,0.0
33.60002,27.25175,41.87112,1937.36946,-0.45596,35.49401,10.130621470001817,3.7739230502687953,0.0
33.62113,27.26983,41.84932,1931.82516,-0.40508,35.51102,10.103654251791182,3.763877051935119,0.0
33.64217,27.28787,41.83012,1926.28423,-0.35551,35.52801,10.072944404000589,3.752436825608397,0.0
33.66315,27.30587,41.81344,1920.74907,-0.30742,35.54498,10.038670711321451,3.73966897329029,0.0
33.68406,27.32383,41.79917,1915.22201,-0.26097,35.56193,10.001024417091676,3.7256447381560838,0.0
33.70491,27.34175,41.78723,1909.70533,-0.21632,35.57886,9.960207701919995,3.710439437802221,0.0
33.72569,27.35963,41.77751,1904.20121,-0.17361,35.59577,9.91643213486519,3.694131887269817,0.0
33.74641,27.37747,41.76988,1898.71174,-0.13299,35.61266,9.869917116466217,3.676803819032407,0.0
33.76706,27.39527,41.76425,1893.23896,-0.09458,35.62953,9.82088833203989,3.658539306808643,0.0
33.78766,27.41303,41.76047,1887.78477,-0.05851,35.64638,9.769576232257949,3.6394241995372694,0.0
33.80818,27.43075,41.75842,1882.35099,-0.02488,35.66322,9.716214556595292,3.6195455713227433,0.0
33.82865,27.44843,41.75797,1876.93933,0.0062,35.68004,9.661038913474552,3.598991192501725,0.0
33.84905,27.46607,41.75898,1871.5514,0.03464,35.69684,9.604285429133595,3.577849026310673,0.0
33.86939,27.48368,41.76132,1866.1887,0.06036,35.71362,9.546189475339004,3.556206754925647,0.0
33.88966,27.50124,41.76483,1860.85261,0.08329,35.73039,9.486984484131787,3.5341513379238862,0.0
33.90988,27.51877,41.76938,1855.5444,0.10336,35.74714,9.426900855884451,3.511768605506349,0.0
33.93003,27.53625,41.77483,1850.26523,0.12054,35.76388,9.366164965096083,3.489142888130218,0.0
33.95012,27.5537,41.78101,1845.01614,0.13477,35.7806,9.304998266599931,3.4663566835477035,0.0
33.97015,27.57111,41.7878,1839.79807,0.14602,35.7973,9.243616503189013,3.443490361625742,0.0
33.99012,27.58848,41.79503,1834.61184,0.15428,35.814,9.182229014193993,3.420621906773052,0.0
34.01003,27.60581,41.80257,1829.45814,0.15954,35.83068,9.121038143184672,3.397826697293365,0.0
34.02987,27.62311,41.81026,1824.33759,0.16178,35.84734,9.060238741784964,3.375177320543445,0.0
34.04966,27.64037,41.81797,1819.25067,0.16103,35.86399,9.000017765594652,3.3527434224033077,0.0
34.06939,27.65759,41.82555,1814.19777,0.15729,35.88064,8.940553957349485,3.330591589245025,0.0
34.08906,27.67477,41.83287,1809.17917,0.15059,35.89727,8.882017611795824,3.30878526034234,0.0
34.10867,27.69192,41.83977,1804.19505,0.14096,35.91388,8.824570416232064,3.2873846684681545,0.0
34.12823,27.70903,41.84614,1799.24551,0.12845,35.93049,8.768365360318242,3.266446806296231,0.0
34.14772,27.72611,41.85183,1794.33052,0.1131,35.94709,8.713546708476235,3.2460254161195454,0.0
34.16716,27.74315,41.85672,1789.45,0.09496,35.96368,8.66025002816706,3.226171000384322,0.0
34.18655,27.76015,41.86069,1784.60375,0.07411,35.98026,8.608602267272698,3.206930850516796,0.0
34.20587,27.77712,41.86361,1779.79151,0.05061,35.99683,8.558721873926586,3.188349091563234,0.0
34.22514,27.79405,41.86537,1775.0129,0.02454,36.0134,8.510718952339603,3.170466740239201,0.0
34.24435,27.81095,41.86585,1770.26751,-0.00403,36.02996,8.464695448355888,3.153321774053998,0.0
34.26351,27.82782,41.86496,1765.55482,-0.03501,36.04651,8.420745358821295,3.136949209305909,0.0
34.28262,27.84465,41.86258,1760.87423,-0.06829,36.06305,8.378954959149421,3.121381185856544,0.0
34.30167,27.86144,41.85863,1756.22511,-0.1038,36.07959,8.339403043871199,3.106647056741883,0.0
34.32066,27.87821,41.85301,1751.60673,-0.14142,36.09612,8.30216117529447,3.092773480804515,0.0
34.3396,27.89493,41.84563,1747.0183,-0.18105,36.11265,8.267293935857946,3.079784516702127,0.0
34.35849,27.91163,41.83642,1742.45898,-0.22258,36.12917,8.234859180125149,3.0677017167818743,0.0
34.37733,27.92829,41.8253,1737.92785,-0.26589,36.14568,8.204908282793015,3.056544219470118,0.0
34.39611,27.94492,41.8122,1733.42396,-0.31088,36.1622,8.177486379475312,3.046328838970573,0.0
34.41484,27.96152,41.79707,1728.94629,-0.35741,36.17871,8.152632597421531,3.0370701512131775,0.0
34.43351,27.97808,41.77983,1724.49378,-0.40537,36.19521,8.130380273697353,3.028780575132046,0.0
34.45214,27.99461,41.76045,1720.06531,-0.45463,36.21171,8.110757158722707,3.0214704484887616,0.0
34.47071,28.01111,41.73887,1715.65971,-0.50507,36.22821,8.09378560341754,3.015148097589091,0.0
34.48923,28.02758,41.71507,1711.27579,-0.55656,36.24471,8.079482728506003,3.009819900353256,0.0
34.5077,28.04401,41.689,1706.91229,-0.60896,36.2612,8.06786057489418,3.0054903423355865,0.0
34.52612,28.06041,41.66063,1702.56794,-0.66214,36.27769,8.05892623428662,3.002162065382621,0.0
34.54449,28.07678,41.62996,1698.24141,-0.71597,36.29417,8.052681959525843,2.999835908737475,0.0
34.56281,28.09312,41.59697,1693.93135,-0.77032,36.31066,8.04912525439818,2.9985109424948764,0.0
34.58108,28.10943,41.56164,1689.63637,-0.82505,36.32714,8.048248942928572,2.998184493415304,0.0
34.59929,28.12571,41.52398,1685.35505,-0.88002,36.34362,8.050041218397052,2.9988521631849183,0.0
34.61746,28.14195,41.48399,1681.08596,-0.9351,36.3601,8.054485672614987,3.000507839321728,0.0
34.63558,28.15817,41.44168,1676.82763,-0.99015,36.37657,8.061561306180277,3.003143698995922,0.0
34.65364,28.17435,41.39707,1672.57857,-1.04504,36.39304,8.071242520695467,3.0067502061309153,0.0
34.67166,28.1905,41.35017,1668.33727,-1.09963,36.40951,8.083499094149877,3.0113161022325388,0.0
34.68963,28.20662,41.30103,1664.10222,-1.15379,36.42598,8.098296140876608,3.016828391471978,0.0
34.70755,28.2227,41.24966,1659.87187,-1.20738,36.44244,8.11559405775217,3.0232723206437093,0.0
34.72541,28.23876,41.19611,1655.64469,-1.26028,36.4589,8.135348458490082,3.030631354688147,0.0
34.74323,28.25479,41.14043,1651.41912,-1.31234,36.47536,8.157510098099017,3.038887148550307,0.0
34.761,28.27078,41.08267,1647.19361,-1.36346,36.49182,8.182024789814397,3.0480195162346453,0.0
34.77872,28.28674,41.02287,1642.96659,-1.41348,36.50827,8.20883331699744,3.0580063979851317,0.0
34.79639,28.30267,40.9611,1638.73652,-1.46231,36.52472,8.23787134269195,3.068823826592775,0.0
34.81401,28.31857,40.89743,1634.50184,-1.5098,36.54116,8.269069319730171,3.0804458939076915,0.0
34.83158,28.33444,40.83193,1630.26102,-1.55585,36.5576,8.302352404484502,3.0928447187093453,0.0
34.8491,28.35027,40.76467,1626.01254,-1.60034,36.57403,8.337640377469404,3.10599041712867,0.0
34.86658,28.36607,40.69573,1621.75488,-1.64315,36.59046,8.37484757421103,3.1198510768951913,0.0
34.884,28.38184,40.62519,1617.48656,-1.68418,36.60689,8.413882829869463,3.1343927367073476,0.0
34.90137,28.39758,40.55314,1613.20613,-1.72333,36.62331,8.454649441240177,3.1495793720770386,0.0
34.91869,28.41329,40.47967,1608.91215,-1.7605,36.63972,8.497045149807557,3.165372889016616,0.0
34.93596,28.42896,40.40489,1604.60323,-1.79559,36.65612,8.540962149531678,3.1817331269396583,0.0
34.95319,28.4446,40.32887,1600.27802,-1.82851,36.67252,8.586287123070575,3.1986178721547245,0.0
34.97036,28.46021,40.25174,1595.93519,-1.85919,36.68891,8.632901310044788,3.215982883295694,0.0
34.98748,28.47578,40.17358,1591.57348,-1.88754,36.7053,8.680680610840987,3.233781929991342,0.0
35.00455,28.49132,40.0945,1587.19168,-1.91349,36.72167,8.729495729275547,3.2519668460112827,0.0
35.02157,28.50683,40.01462,1582.78864,-1.93699,36.73804,8.779212357184482,3.2704875980305697,0.0
35.03854,28.5223,39.93404,1578.36324,-1.95796,36.75439,8.829691403719456,3.289292371048498,0.0
35.05546,28.53774,39.85288,1573.91448,-1.97637,36.77074,8.880789271737974,3.3083276713512184,0.0
35.07232,28.55314,39.77124,1569.44137,-1.99217,36.78707,8.93235818321708,3.3275384477369077,0.0
35.08914,28.56851,39.68924,1564.94303,-2.00531,36.80339,8.984246555146488,3.346868231545845,0.0
35.1059,28.58384,39.607,1560.41866,-2.01579,36.81971,9.036299426718157,3.3662592957997712,0.0
35.12261,28.59914,39.52462,1555.86753,-2.02357,36.836,9.08835893802908,3.3856528335312706,0.0
35.13927,28.6144,39.44222,1551.28898,-2.02865,36.85229,9.14026485978702,3.4049891551130997,0.0
35.15587,28.62963,39.35991,1546.68247,-2.03103,36.86856,9.191855172765028,3.424207904120238,0.0
35.17242,28.64482,39.27781,1542.04753,-2.03071,36.88482,9.242966694942574,3.443248290956458,0.0
35.18892,28.65997,39.19602,1537.38379,-2.02771,36.90106,9.293435753493341,3.46204934318747,0.0
35.20537,28.67508,39.11465,1532.69098,-2.02205,36.91729,9.343098897880466,3.4805501711876454,0.0
35.22176,28.69016,39.03381,1527.96893,-2.01377,36.9335,9.391793649566207,3.4986902474266115,0.0
35.2381,28.7052,38.95361,1523.21756,-2.00292,36.94969,9.439359282971273,3.5164096973971346,0.0
35.25438,28.72021,38.87414,1518.43691,-1.98955,36.96587,9.485637631583497,3.5336495999118247,0.0
35.27061,28.73517,38.79549,1513.62709,-1.97371,36.98203,9.530473912383629,3.5503522942234222,0.0
35.28679,28.7501,38.71777,1508.78834,-1.95549,36.99817,9.573717561120285,3.566461691186702,0.0
35.30291,28.76498,38.64107,1503.921,-1.93495,37.01429,9.615223070409284,3.5819235854725293,0.0
35.31897,28.77983,38.56546,1499.0255,-1.9122,37.03039,9.6548508222123,3.5966859656880557,0.0
35.33498,28.79464,38.49104,1494.10238,-1.88732,37.04647,9.69246790591337,3.6106993191317436,0.0
35.35094,28.8094,38.41787,1489.15226,-1.86043,37.06253,9.727948913063207,3.6239169278565426,0.0
35.36683,28.82413,38.34602,1484.17588,-1.83164,37.07857,9.761176699800876,3.63629515269201,0.0
35.38268,28.83882,38.27557,1479.17406,-1.80106,37.09458,9.792043108133239,3.6477937019398974,0.0
35.39846,28.85346,38.20657,1474.14772,-1.76884,37.11058,9.820449637499449,3.658375881549581,0.0
35.41419,28.86807,38.13908,1469.09783,-1.73509,37.12655,9.846308058530436,3.668008823759628,0.0
35.42986,28.88263,38.07314,1464.02549,-1.69997,37.1425,9.86954096147706,3.676663691401713,0.0
35.44547,28.89715,38.0088,1458.93185,-1.66361,37.15843,9.890082232552405,3.6843158553506488,0.0
35.46103,28.91163,37.94609,1453.81813,-1.62618,37.17433,9.907877452298829,3.690945042926603,0.0
35.47653,28.92606,37.88504,1448.68563,-1.58782,37.19021,9.922884211064574,3.6965354554184295,0.0
35.49197,28.94045,37.82567,1443.53569,-1.54869,37.20606,9.935072337784332,3.7010758533104546,0.0
35.50735,28.9548,37.768,1438.36972,-1.50897,37.22189,9.944424039395352,3.704559608218637,0.0
35.52268,28.96911,37.71204,1433.18918,-1.46881,37.23769,9.950933949433706,3.7069847209939666,0.0
35.53795,28.98337,37.65779,1427.99557,-1.42837,37.25347,9.954609085585234,3.7083538059090624,0.0
35.55316,28.99759,37.60525,1422.79041,-1.38784,37.26922,9.955468717181132,3.7086740412968027,0.0
35.56831,29.01177,37.55441,1417.57526,-1.34737,37.28495,9.953544144839134,3.707957087460862,0.0
35.5834,29.0259,37.50525,1412.35171,-1.30713,37.30065,9.948878395555438,3.7062189730894333,0.0
35.59843,29.03999,37.45775,1407.12134,-1.26728,37.31633,9.941525837686598,3.7034799518258494,0.0
35.61341,29.05403,37.41187,1401.88578,-1.228,37.33198,9.931551721130564,3.6997643309739257,0.0
35.62832,29.06803,37.3676,1396.64661,-1.18945,37.3476,9.919031648951933,3.695100274664461,0.0
35.64318,29.08199,37.32488,1391.40546,-1.15177,37.3632,9.904050987373358,3.689519584061513,0.0
35.65798,29.0959,37.28368,1386.1639,-1.11514,37.37877,9.886704221634933,3.6830574574030734,0.0
35.67272,29.10976,37.24394,1380.92351,-1.07969,37.39432,9.867094265697753,3.67575223284748,0.0
35.6874,29.12358,37.2056,1375.68585,-1.04557,37.40984,9.845331733986585,3.6676451171784,0.0
35.70203,29.13736,37.16861,1370.45245,-1.01293,37.42534,9.82153418358712,3.6587799035033637,0.0
35.71659,29.15109,37.1329,1365.2248,-0.98189,37.44081,9.795825335238733,3.649202681053079,0.0
35.7311,29.16477,37.0984,1360.00435,-0.95259,37.45625,9.768334281346814,3.6389615401451767,0.0
35.74555,29.17841,37.06504,1354.79251,-0.92514,37.47168,9.739194689021513,3.6281062752951847,0.0
35.75994,29.19201,37.03275,1349.59067,-0.89966,37.48707,9.708544005663759,3.6166880892764053,0.0
35.77427,29.20556,37.00144,1344.40013,-0.87626,37.50244,9.67652267426764,3.6047593007994143,0.0
35.78854,29.21907,36.97104,1339.22217,-0.85503,37.51779,9.64327336495944,3.5923730582401316,0.0
35.80276,29.23253,36.94146,1334.05799,-0.83606,37.53311,9.608940228725306,3.579583061633734,0.0
35.81692,29.24594,36.91262,1328.90874,-0.81943,37.54841,9.573668178572168,3.5664432948881957,0.0
35.83102,29.25932,36.88442,1323.77551,-0.80522,37.56369,9.53760220268834,3.5530077699185325,0.0
35.84506,29.27264,36.85677,1318.65932,-0.79349,37.57894,9.500886713452722,3.5393302841356027,0.0
35.85905,29.28593,36.8296,1313.56115,-0.7843,37.59418,9.463664935373714,3.525464192437249,0.0
35.87298,29.29916,36.8028,1308.48187,-0.77769,37.60939,9.426078334400067,3.511462194611574,0.0
35.88685,29.31236,36.77629,1303.42232,-0.77371,37.62457,9.388266090284747,3.497376138778597,0.0
35.90067,29.32551,36.74997,1298.38326,-0.77237,37.63974,9.350364613076271,3.4832568412705562,0.0
35.91443,29.33861,36.72375,1293.36537,-0.7737,37.65489,9.312507104177278,3.469153923114673,0.0
35.92813,29.35167,36.69755,1288.36928,-0.77772,37.67001,9.274823161844749,3.4551156630716093,0.0
35.94178,29.36469,36.67126,1283.39552,-0.78443,37.68512,9.237438430494128,3.4411888669920203,0.0
35.95538,29.37767,36.64481,1278.4446,-0.79381,37.7002,9.200474292718702,3.4274187530856763,0.0
35.96891,29.3906,36.6181,1273.5169,-0.80587,37.71527,9.164047602530722,3.4138488525467507,0.0
35.9824,29.40349,36.59104,1268.61279,-0.82057,37.73032,9.128270457995152,3.4005209248539243,0.0
35.99583,29.41633,36.56357,1263.73254,-0.83788,37.74535,9.093250011144722,3.387474886958726,0.0
36.0092,29.42913,36.53558,1258.87635,-0.85778,37.76036,9.059088312834742,3.374748755489879,0.0
36.02252,29.44189,36.507,1254.04437,-0.88022,37.77535,9.025882190065019,3.3623786010524843,0.0
36.03579,29.45461,36.47776,1249.23667,-0.90514,37.79033,8.993723153101644,3.3503985136284395,0.0
36.049,29.46729,36.44777,1244.45328,-0.93248,37.80529,8.962697329745101,3.3388405780895845,0.0
36.06216,29.47992,36.41698,1239.69414,-0.96219,37.82024,8.932885424010282,3.327734858804915,0.0
36.07527,29.49251,36.3853,1234.95916,-0.99419,37.83516,8.904362696520323,3.317109392336778,0.0
36.08832,29.50506,36.35267,1230.24815,-1.02841,37.85008,8.877198963936765,3.306990187228584,0.0
36.10132,29.51756,36.31904,1225.56089,-1.06475,37.86498,8.851458614873106,3.2974012299330266,0.0
36.11427,29.53003,36.28433,1220.89711,-1.10314,37.87986,8.827200639799747,3.2883644959524623,0.0
36.12717,29.54245,36.2485,1216.25646,-1.14348,37.89473,8.804478672595113,3.279899965317798,0.0
36.14002,29.55484,36.2115,1211.63857,-1.18567,37.90958,8.783341041531296,3.272025641581981,0.0
36.15281,29.56718,36.17327,1207.04298,-1.22961,37.92443,8.763830827676383,3.2647575735764045,0.0
36.16556,29.57948,36.13378,1202.46921,-1.27519,37.93925,8.745985928825837,3.258109879227029,0.0
36.17825,29.59174,36.09298,1197.91673,-1.32231,37.95407,8.72983912726186,3.2520947707965293,0.0
36.19089,29.60396,36.05084,1193.38495,-1.37084,37.96887,8.715418159885532,3.2467225810103595,0.0
36.20348,29.61614,36.00732,1188.87324,-1.42067,37.98366,8.702745789389473,3.242001789570442,0.0
36.21602,29.62828,35.9624,1184.38094,-1.47169,37.99844,8.691839875349771,3.2379390496387854,0.0
36.22851,29.64038,35.91606,1179.90735,-1.52376,38.0132,8.682713444345723,3.2345392139589255,0.0
36.24095,29.65244,35.86827,1175.45172,-1.57677,38.02795,8.675374758383649,3.2318053603456045,0.0
36.25334,29.66446,35.81902,1171.01327,-1.63058,38.0427,8.669827381075445,3.229738816338017,0.0
36.26568,29.67644,35.7683,1166.59119,-1.68508,38.05742,8.666070241251841,3.2283391828974257,0.0
36.27798,29.68837,35.71611,1162.18464,-1.74012,38.07214,8.664097693840768,3.227604357085955,0.0
36.29022,29.70028,35.66243,1157.79275,-1.79559,38.08685,8.66389957803108,3.2275305537341055,0.0
36.30241,29.71214,35.60727,1153.41462,-1.85134,38.10154,8.665461272914891,3.228112326168991,0.0
36.31456,29.72396,35.55064,1149.04932,-1.90726,38.11622,8.668763750946088,3.229342586129038,0.0
36.32666,29.73574,35.49255,1144.69593,-1.96321,38.13089,8.673783629756572,3.231212623066904,0.0
36.3387,29.74748,35.433,1140.35347,-2.01905,38.14555,8.680493222928135,3.233712123063332,0.0
36.3507,29.75918,35.37203,1136.02097,-2.07467,38.1602,8.688860590580411,3.2368291876724986,0.0
36.36265,29.77085,35.30963,1131.69744,-2.12994,38.17484,8.69884959061879,3.2405503530132034,0.0
36.37456,29.78247,35.24585,1127.38187,-2.18472,38.18946,8.710419931731016,3.2448606095115045,0.0
36.38641,29.79406,35.18071,1123.07327,-2.23889,38.20408,8.723527229223532,3.2497434227012194,0.0
36.39822,29.80561,35.11424,1118.77061,-2.29234,38.21868,8.738123064927638,3.25518075554055,0.0
36.40998,29.81711,35.04648,1114.47288,-2.34494,38.23327,8.754155052474568,3.261153092728761,0.0
36.42169,29.82858,34.97746,1110.17906,-2.39658,38.24784,8.771566909259755,3.2676394675147677,0.0
36.43335,29.84001,34.90722,1105.88813,-2.44714,38.26241,8.790298536503034,3.2746174915216635,0.0
36.44497,29.8514,34.83582,1101.5991,-2.49652,38.27696,8.810286108788466,3.2820633881026646,0.0
36.45653,29.86275,34.76329,1097.31096,-2.54461,38.2915,8.831462174494051,3.2899520297538167,0.0
36.46805,29.87406,34.68968,1093.02273,-2.59132,38.30602,8.853755768488435,3.2982569800964856,0.0
36.47952,29.88534,34.61505,1088.73344,-2.63653,38.32054,8.877092538421433,3.3069505409238995,0.0
36.49095,29.89657,34.53945,1084.44214,-2.68017,38.33504,8.901394885894993,3.316003804791047,0.0
36.50233,29.90776,34.46294,1080.14791,-2.72215,38.34952,8.926582123659054,3.3253867135742694,0.0
36.51365,29.91892,34.38558,1075.84983,-2.76238,38.36399,8.952570649919517,3.335068123405572,0.0
36.52494,29.93003,34.30741,1071.54704,-2.80081,38.37845,8.979274140668167,3.3450158763205717,0.0
36.53617,29.94111,34.22852,1067.23868,-2.83734,38.39289,9.006603760782578,3.355196878898773,0.0
36.54736,29.95214,34.14895,1062.92396,-2.87194,38.40732,9.034468394471434,3.3655771881105077,0.0
36.55849,29.96314,34.06877,1058.60209,-2.90453,38.42173,9.062774895411856,3.3761221044996796,0.0
36.56958,29.97409,33.98804,1054.27234,-2.93508,38.43613,9.091428356701517,3.3867962727480183,0.0
36.58063,29.98501,33.90684,1049.93402,-2.96355,38.45051,9.120332400515274,3.397563789579807,0.0
36.59162,29.99588,33.82522,1045.58648,-2.98989,38.46487,9.149389487032593,3.408388318845468,0.0
36.60257,30.00672,33.74325,1041.22913,-3.0141,38.47921,9.1785012419767,3.4192332135385195,0.0
36.61347,30.01751,33.66099,1036.86142,-3.03614,38.49354,9.207568801804708,3.430061644387981,0.0
36.62432,30.02826,33.57852,1032.48284,-3.05602,38.50785,9.236493175245984,3.4408367345409254,0.0
36.63512,30.03898,33.49588,1028.09295,-3.07373,38.52214,9.265175619659635,3.4515216997655425,0.0
36.64587,30.04965,33.41315,1023.69138,-3.08928,38.53642,9.293518030301087,3.462079993463188,0.0
36.65658,30.06028,33.3304,1019.27778,-3.10268,38.55067,9.321423340399981,3.472475455707924,0.0
36.66724,30.07087,33.24767,1014.85188,-3.11396,38.5649,9.348795929573825,3.4826724653913472,0.0
36.67785,30.08142,33.16503,1010.41349,-3.12315,38.57912,9.37554203793522,3.4926360944884327,0.0
36.68841,30.09193,33.08254,1005.96243,-3.13029,38.59331,9.401570182987,3.502332263361933,0.0
36.69892,30.10239,33.00025,1001.49864,-3.13544,38.60748,9.426791576195662,3.511727895946953,0.0
36.70938,30.11281,32.91822,997.02207,-3.13863,38.62164,9.451120535986018,3.5207910736023185,0.0
